UniqueCount	AmbigCount
0	0
0	0
0	0
0	0
0	0
0	0
0	0
0	0
0	0
0	0
0	0
0	0
0	0
0	0
0	0
0	0
0	0
0	0
0	0
0	0
0	0
2	0
0	0
0	1
1	0
0	0
0	0
1	6
0	0
0	0
0	0
1	0
1	0
1	1
0	1
0	0
0	0
1	0
2	0
1	0
0	0
1	0
0	0
0	0
0	1
0	1
1	1
0	0
1	4
3	0
0	0
0	0
5	0
0	1
0	0
0	0
0	0
0	1
3	0
0	5
0	5
3	1
1	1
0	0
1	1
4	0
0	1
0	1
0	0
6	0
0	0
0	2
0	0
2	3
4	0
0	1
0	0
0	0
2	0
0	0
1	0
0	0
0	0
0	5
0	0
2	0
3	1
1	0
0	0
0	0
0	1
0	1
5	2
0	0
0	0
5	0
0	0
0	0
2	0
2	1
0	1
4	0
0	0
0	0
0	0
1	3
0	3
0	1
0	0
0	2
0	1
0	1
0	0
0	0
0	1
0	6
0	0
0	0
0	0
0	8
0	1
1	0
0	0
0	0
0	0
0	0
6	0
1	0
0	0
3	0
6	0
10	0
2	0
1	0
0	0
0	0
6	0
6	0
17	0
5	0
3	0
12	0
6	0
9	0
0	0
0	0
0	0
0	0
0	0
0	0
11	0
0	0
0	0
2	0
0	0
7	0
0	0
0	0
0	0
2	0
1	0
0	0
3	0
0	0
0	0
0	0
0	0
0	0
1	3
1	0
0	0
0	1
6	0
1	3
1	0
0	0
0	1
1	1
0	1
0	0
0	0
0	0
0	0
0	0
1	0
0	0
0	0
7	0
3	0
24	0
12	0
0	0
0	0
0	0
0	0
0	0
0	0
0	0
0	0
0	0
0	0
0	0
0	0
0	0
0	0
5	6
0	1
6	6
0	0
0	0
0	0
0	0
0	0
0	0
0	1
0	1
7	3
0	0
0	0
0	0
0	52
0	52
20	51
0	12
0	0
0	0
0	0
0	0
0	0
90	1508
0	1507
6	109
33	5
1	70
7	38
0	105
0	0
0	0
0	0
0	0
0	0
0	0
0	0
0	0
0	0
0	0
0	0
0	0
0	0
0	0
0	0
0	0
0	0
0	0
401	1007
116	1000
0	3
0	2
0	2
0	0
17	37
8	37
0	0
0	0
0	5530
3897	5532
0	0
0	0
0	0
0	0
0	0
0	0
0	0
0	0
107	194
0	21
0	159
0	116
0	35
0	104
0	0
0	0
0	0
1090	762
0	751
1	14
0	13
0	13
14	3
102	18
0	3
0	0
6	0
0	13
1	1
0	0
1	0
0	0
0	1
0	0
0	0
18	388
21	64
0	21
0	393
0	0
0	0
0	0
0	0
0	0
27	4
0	0
0	0
0	0
0	0
0	0
0	0
0	0
0	0
0	0
0	0
0	0
0	0
0	0
15	5
45	312
0	312
0	0
16	275
0	275
0	0
0	0
0	0
0	0
0	0
94	8605
0	0
3	45
0	1159
0	44
0	1159
0	44
0	1159
0	44
0	0
0	0
0	0
0	1159
0	0
4	189
0	226
0	211
0	93
0	45
0	11
0	21
0	0
1	9
0	44
0	226
0	92
349	341
1	681
39	563
4	198
0	314
10	3
2	42
0	312
0	0
38	180
0	0
0	0
178	68
0	68
30	0
97	128
0	128
384	52
14	0
2	0
0	0
27	0
14	0
0	0
0	0
0	0
0	0
0	0
0	0
0	0
0	0
0	0
0	0
0	0
0	0
0	0
0	0
0	0
0	0
0	0
0	0
44	0
273	0
0	0
1	71
113	71
0	12
2	12
5	13995
0	13995
22	3137
529	3137
36	11292
2725	11292
14	5413
821	5413
19	5
0	5
103	1463
153	1463
26986	63
38	10344
1993	10346
16	3
260	22
20	12
0	12
110	153
0	116
470	191
0	186
0	22
0	11
96	41
1010	0
0	0
0	40
0	36
184	96
32	3
0	0
38	22
0	0
0	0
0	0
14	1
128	12
442	47
80	46
111	50
15	82
0	27
107	17
0	0
0	0
151	0
89	10
0	3
0	3
0	0
0	0
27	54
0	0
0	54
165	23
0	0
11	28
0	10
112	91
0	18
4	14
0	8
93	41
19	23
0	0
0	0
11	11
4	1
0	1
155	87
0	71
0	71
20	55
0	49
20	0
20	11
0	3
8	17
0	17
5	1
0	1
0	1
0	1
12	41
0	41
167	29
1325	36
602	35
51	33
0	19
25	3
652	51
37	30
0	28
0	0
3	5
111	11
114	17
170	37
29	43
0	12
0	0
1	3
0	3
0	0
0	0
75	0
0	5
0	5
4	22
0	6
6	18
460	5
8	0
0	0
0	0
1157	247
46	9
3	46
0	3
28	89
35	3
10	7
0	4
1277	49
5	19
0	12
0	0
0	0
0	1
0	1
43	12
0	1
186	8
13	2
4	6
181	62
0	55
67	7
44	7
175	11
12	0
172	1
103	0
34	439
0	321
0	0
0	0
0	0
0	0
0	0
1	0
0	0
139	72
0	72
2	1
0	0
75	0
0	3
0	3
0	0
100	2
0	0
0	0
9	1
34	1
0	0
88	25
0	25
1	0
0	0
22	10
0	10
220	1
0	0
0	0
166	53
0	53
0	0
6	0
38	9
0	9
50	0
1633	27
53	19
1	19
362	1
325	26
29	1
152	0
492	0
0	0
13	4
0	4
3	1
0	1
94	30
0	30
1152	10
0	2
0	0
69	4
189	65
0	65
3	0
12	0
1	0
0	0
0	0
173	1
0	0
0	0
0	0
19	2
5	0
1	0
23	0
157	13
29	3
0	3
202	81
743	81
1	0
0	0
29	0
21	0
143	55
0	55
0	0
3	0
313	14
53	2
395	2
15	22
0	22
140	119
0	119
0	0
0	0
49	36
112	0
277	6
82	60
0	32
46	14
0	12
110	78
0	13
207	67
0	0
18	3
0	3
24	0
275	25
57	0
609	55
4	7
0	7
40	20
0	20
192	36
0	36
2	0
61	0
219	0
57	0
3	35
457	62
575	38
445	63
262	77
0	77
3	0
0	0
0	0
0	1
3	1
0	0
0	0
0	0
1	0
0	0
348	1
1274	1
0	31
0	1
46	15
0	15
43	11
0	11
0	0
450	0
755	2
1	2
1921	1
822	0
61	31
393	106
0	106
1	0
476	1
16	6
0	6
209	0
57	0
11	5
0	5
62	0
104	146
0	131
3	0
22	15
0	15
145	15
259	1
3	0
458	2
119	0
0	0
0	0
0	0
0	0
0	0
0	0
0	0
0	0
0	0
0	0
0	0
0	0
0	0
0	0
0	0
0	0
0	0
0	0
0	0
0	0
0	0
0	0
0	0
0	0
0	0
0	0
0	0
0	0
0	0
0	0
0	0
0	0
0	0
0	0
0	0
0	0
0	0
0	0
0	0
0	0
0	0
0	0
0	0
0	0
0	0
0	0
0	0
0	0
0	0
0	0
0	0
0	0
0	0
0	0
0	0
0	0
0	0
0	0
0	0
0	0
0	0
0	0
0	0
0	0
0	0
0	0
0	0
0	0
0	0
0	0
0	0
0	0
0	0
0	0
0	0
0	0
0	0
0	0
0	0
0	0
136103	103
15499	21
78013	72
56710	47254
167	7592
159	11393
88	123935
104	92882
1635	9
136	154008
351232	67050
57678	66
101533	47
43	0
0	0
0	13
0	48
12	1
0	0
0	0
2	0
19	123
0	2
0	1
0	0
17	12
0	0
0	0
0	2
0	0
0	8
0	17
0	7
3	16
0	0
0	0
0	0
0	0
0	0
0	0
1	2
0	0
1	15306
0	0
423	1
0	0
0	0
0	0
0	0
342	861
36	1081
1	60
0	5
0	0
0	0
1	0
4	7
3	0
0	0
0	0
2	0
0	0
0	0
0	235
0	0
0	0
0	124
0	0
0	0
0	0
0	0
212	0
0	0
0	0
0	0
0	0
292	0
0	0
0	0
0	0
0	0
0	0
0	0
0	0
0	0
0	0
0	0
0	0
0	0
0	0
0	0
0	0
229	0
0	17
0	0
0	0
0	0
0	88
0	14
0	0
0	0
0	0
0	0
0	0
0	0
0	0
1878	1
0	0
0	0
0	0
2	200
0	0
0	0
0	0
8	99
0	0
0	34
0	0
0	0
0	0
0	0
0	0
0	0
0	1
0	206
0	0
0	7
0	1
0	51
0	11
0	0
16	3042
0	0
0	0
0	0
0	0
0	0
0	0
0	0
0	0
0	10
0	0
0	0
0	0
0	0
0	0
21	26
0	0
0	0
0	0
0	0
1	1
0	0
0	0
0	0
0	0
0	0
0	0
0	0
0	0
0	0
0	0
0	0
0	0
0	0
0	1
0	0
0	0
0	0
0	216
114	0
2285	1
0	76
0	0
5	0
0	4
0	0
0	0
0	0
9	20
0	0
27	326
0	326
0	11
0	0
0	1
2	0
5	0
0	8
0	159
20	225
0	0
13	0
0	0
3	2
0	0
0	1
0	0
0	0
0	0
908	1
0	2
0	0
1	9
0	8
0	0
0	36
0	0
65	0
0	7
0	7
0	1
0	0
0	0
0	0
0	0
0	0
0	0
1	0
0	0
0	0
0	14
5	1
485	139
14	41
89	619
0	197
0	613
6	230
0	123
6	7
6	304
0	0
0	0
0	0
0	0
0	0
0	0
26	78
0	18
0	14
0	23
0	72
0	76
0	96
15	96
0	96
0	5
1	5
0	3
0	2
0	1
0	0
0	0
10	856
0	2347
0	2249
26	922
5	1299
32	1960
7	457
0	410
18	0
20	96
0	74
3	172
1	30
0	28
1	2281
0	134
1	691
0	63
0	161
0	674
82	361
10	207
0	0
82	5091
0	2447
0	5125
0	74
0	194
0	406
9	511
7	507
0	266
0	248
2	289
0	144
0	156
0	0
0	0
0	126
0	0
0	4
0	0
2486	180
12	172
787	593
3	0
0	0
517	592
3	0
0	437
393	2
0	0
0	0
0	2
250	26
24	0
2	0
0	0
0	0
0	0
0	0
0	0
0	0
0	0
0	0
0	0
5	34
1	4
2	35
1	33
0	1
0	11
0	0
0	4
0	0
6	8
63	826
1	827
0	772
0	269
0	65
1	151
0	189
0	97
0	66
1	1
0	5
0	0
0	1
3	0
0	826
5416	1578
4	1372
29	16
113	148
15	148
1633	1
2	1
2	52
0	53
0	40
1	3
0	4
5	0
13	17
0	3
0	0
0	79
749	214
0	8
0	0
5	230
8	82
3	227
2	124
9	231
0	243
1790	135
0	7
0	133
8	487
419	1121
37	891
7	31
1	447
136	106
3	105
24	16
0	16
0	0
0	0
0	0
38	3244
73	7980
176	8054
44	7983
58	3241
4	5
10	379
0	2577
13	1381
33	65
83	587
9	0
0	0
255	204
0	0
21	2
0	2
35	202
19	91
0	0
0	0
0	0
0	0
35	3680
87	2464
46	21
6	55
4	7
1	654
0	639
0	21
0	3679
0	494
1541	492
37	496
2	136
4	138
2	8
25	0
65	6235
0	5844
0	6397
4	5867
4	5727
174	5866
1	706
77	4
0	10
5	6080
0	75
2	83
1	1
1	313
1	47
1	156
0	272
0	8
12	303
34	171
0	223
0	56
4	16
1	28
0	13
15	136
0	0
0	45
0	354
0	313
138	275
3	272
6	12
584	533
1	521
2	31
0	2469
14	1656
43	41
0	2560
0	2613
46	2238
1	2560
0	2510
1	2626
0	52
5	2620
1	1497
0	1561
221	11
2	11
0	0
746	62
1	46
40	19
4	14
812	283
0	282
0	0
0	0
0	0
0	0
15	0
10	145
1124	145
0	19
0	19
1	0
19	0
9	37
290	223
0	5
0	187
0	4
0	28
0	38
51	12
3	39
17	1412
0	1569
2	1518
0	1587
0	1536
2	1494
1	1495
7	6
0	216
0	58
0	23
0	99
8	761
4	1160
18	3479
686	3479
0	3433
10	2389
57	1638
0	2563
0	0
0	0
1	533
0	47
22	226
0	554
0	567
417	18
1	18
1	16
0	0
7	5076
42	4192
16	3030
132	3348
0	5073
168	43
0	42
0	38
0	16
2	0
2	1
0	0
0	0
0	0
0	0
0	0
0	0
8	651
29	441
0	729
0	755
0	771
1	760
1	32
13	453
6	105
0	644
0	37
5	0
0	41
62	258
12	220
0	16
0	19
0	216
34	255
39	89
1	52
42	76
0	38
5	21
9	26
380	286
41	286
4	0
1	0
0	0
624	1548
0	524
0	123
5	1125
0	229
10	320
5	159
2	1
8	18
5	24
0	3
0	0
0	0
0	0
0	0
36	174
0	174
0	57
0	31
0	0
0	0
0	0
0	0
0	0
0	0
80	461
3	264
0	242
1	192
0	95
1	10
0	0
0	2
52	2
14	27
0	27
98	895
0	895
10	126
7	22
16	2
4	180
1	1
0	0
0	1
0	2
944	97
0	59
0	10
1	26
0	26
3	9
1	594
3	1
6	594
1	47
0	439
0	104
171	0
0	0
0	2
0	0
0	2
0	0
0	0
0	55
2	55
1	44
0	1
0	1
0	6
4	9
0	0
2	16
0	0
0	3
0	0
0	0
0	16
0	0
0	24
0	0
0	18
1	25
8	2153
0	1416
49	2642
1	14
5	738
1	23
10	3
15	518
1	333
4	441
13	65
46	116
0	45
274	21
0	21
970	2
0	544
95	1020
0	475
16	357
3	561
1	543
0	544
12	143
28	323
0	22
3	18
9	291
0	133
0	28
0	42
11	44
0	14
483	0
0	0
0	0
724	770
0	698
1	19
8	262
3	27
0	301
11	77
14	175
0	301
0	12
0	0
0	0
0	1
0	1
0	1
1	35
0	26
5	34
0	35
0	14
0	0
0	0
0	0
0	0
19	850
0	872
1	832
13	14
0	240
188	4467
23	4367
101	4331
0	1654
0	1699
45	398
0	672
0	474
27	222
3	1
8	0
0	0
0	0
2	119
618	437
23	403
6	68
7	123
2	101
16	355
38	331
9	90
742	410
0	410
3	18
1	0
0	62
2	35
0	25
4380	1
0	0
0	0
0	0
0	0
0	0
0	0
0	0
1894	633
2	633
4	2
0	36
0	79
0	82
7	82
0	0
0	5
28	73
3	73
3	5
0	8
0	0
21	8
4224	2045
4	46
23	2035
3	539
61	7536
4	4342
25	3277
1	2573
0	5610
0	2825
7	4999
3	2477
21	152
0	134
1	135
38	149
20	88
17	0
5	0
0	14
0	3
106	0
0	0
0	413
20	423
1	175
5	124
0	40
8	96
0	23
0	0
0	1030
1	1048
41	1062
17	1059
0	1002
0	392
1	156
4	69
0	105
8	38
1	123
0	121
0	116
0	118
0	10
1	2
1	9
3	0
0	0
1	0
0	13
1	9
0	9
0	11
1	1
0	12
590	772
1	64
0	726
2	119
28	13
0	0
0	176
1	424
10	488
12	473
4	435
0	364
10	265
3	35
0	12
0	37
1	0
15	38
0	42
0	248
0	2
12	486
1	0
5	51
0	497
1	487
0	5
0	489
2077	1317
1	1012
0	270
7	0
0	162
7	0
2	12
0	0
0	0
0	0
0	0
0	0
0	0
14	65
56	64
6	1
0	5
0	2
1	2
0	1
0	889
3	906
0	444
0	452
5	15
0	1
12	31
0	0
1778	697
5	21
0	672
2	0
1	773
10	838
6	854
0	840
0	2
9	5
0	5
0	0
0	4
2474	3
29	1
92	44
0	36
0	18
7	1
48	0
1	0
1	0
0	0
0	55
1780	144
1	3
5	9
7	0
6	59
1	16
1	28
39	1141
43	1159
320	1136
0	157
0	99
1	2
0	13
0	1
0	0
0	3646
40	193
0	112
4	234
0	110
0	99
10	234
1	65
0	65
1	462
58	91
0	232
1	269
0	462
0	0
0	0
0	0
0	0
0	0
0	0
0	0
0	0
0	0
0	0
0	22
102	1467
0	91
0	1376
0	0
1	2
0	250
0	57
0	3
6	161
3	888
0	226
15	339
0	1048
0	61
110	146
5	0
4	1387
0	1925
1	1863
0	2035
0	1991
9	1962
0	1859
0	550
11	599
0	255
1	310
0	126
0	265
0	1
0	102
0	130
0	14
0	1965
0	1133
189	492
95	313
18	391
41	4457
1836	5398
1	879
44	146
10	132
0	818
2	2022
10	52
0	58
0	0
11	0
0	0
0	0
0	0
2303	3828
4	3827
103	531
14	0
1	524
63	0
26	16
44	17
241	250
1	64
36	94
20	92
25	93
26	61
0	3
0	0
0	0
0	294
0	299
2	4
1518	3357
2	2314
51	1387
3	673
1	673
0	395
1	379
0	63
0	40
30	78
0	0
112	4
0	0
0	0
177	0
0	4
0	4
0	3
0	0
0	1
0	3
1462	2687
19	2304
0	0
0	0
0	10
22	23
1704	208
12	106
8	4
0	97
0	0
0	0
0	0
0	0
0	0
0	0
0	0
0	0
0	0
0	103
41	103
0	49
42	1640
5	1588
0	49
0	38
0	0
181	1553
2	0
0	18
4	9402
3	14645
127	16625
0	1936
0	325
1	1295
91	390
33	6930
18	188
0	16
3	33
21	153
0	154
1	56
1	25
0	0
1	1
3	5
0	1
2	190
6	564
0	46
237	536
24	82
0	2
67	80
84	6727
4	3088
1	38
0	52
1	47
1	23
0	298
52	7
6	16
0	6445
1019	1
0	0
1	25
0	0
0	140
0	0
0	2
0	112
0	3
0	152
7	197
159	244
0	32
0	10
0	7
0	310
20	2161
14	2167
71	1739
89	2156
0	2144
1	231
4	171
0	55
12	1
1	383
0	395
0	305
7	114
1	4
9	4198
43	4217
0	4741
6	4976
3	5217
0	5019
0	0
0	0
0	0
0	0
0	0
0	0
0	0
0	0
0	0
66	144
40	166
0	97
90	168
3	20
14	13
5	1
2	160
0	18
0	0
0	89
619	1132
10	1131
200	126
0	198
0	0
0	0
0	0
0	0
0	125
0	127
0	17
1	4
0	110
0	941
0	951
0	974
4	930
0	1332
0	1330
1	784
1	1242
13	514
28	1364
0	2
3	154
0	94
1	3
0	77
0	9
0	0
8	0
2	0
435	82
1	82
2	0
3	982
12	829
24	822
0	839
0	1
10	8
6	301
5	8
4	148
0	36
1596	105
0	105
64	0
0	12
0	10
12	1076
0	0
9	6663
0	4273
0	4299
0	0
2	46
0	26
4	3224
26	2
0	0
0	3
0	578
14	30
0	205
1	232
0	6755
0	6694
1486	237
0	57
2	101
0	96
0	41
1714	389
50	387
1	1
1	788
0	707
0	596
0	181
1	587
0	79
3	164
0	64
5	57
0	0
0	4
0	64
1	18
0	18
0	17
1	20
0	0
0	20
1	302
7	63
1	195
4	254
7	2
1	0
0	0
0	0
19	109
0	100
0	30
0	32
0	29
0	31
0	29
0	26
0	27
0	28
0	26
0	0
3	0
0	29
17	152
0	102
7	117
0	107
11	14
0	0
7	34
0	47
167	97
31	97
0	4
0	0
0	0
0	32
0	0
0	4
6	10
0	10
0	32
0	0
0	0
0	0
0	0
0	0
0	0
0	0
0	0
0	1
0	1
0	0
0	0
4	0
0	0
0	0
0	4546
11	3838
258	4542
7	0
30	16
3	3
0	3
0	3
0	15
1	139
4	140
0	101
2	11
3	9
1	14
4	21
6	21
1	7
0	5
0	2
2	785
3	787
14	3
0	784
2	1
0	1
1057	467
7	82
39	255
2	254
0	20
1	19
4	29
0	17
0	16
3	1
1483	142
9	141
18	640
20	272
31	474
1	31
0	0
37	7
0	7
0	603
1221	486
3	19
137	107
1	48
0	4
0	0
0	36
1	0
2	8
1	23
3	0
0	70
7	1
18	82
13	81
0	1
0	1
0	1
6768	3
63	1286
63	1324
31	1286
0	1094
6	11
0	10
1	36
0	43
0	57
0	0
0	3
3	21
0	0
0	9
1	2
3	11
0	10
0	11
0	11
0	0
0	0
72	8
110	142
12	9
0	4
0	146
273	109
11	109
0	0
0	0
0	0
0	0
581	314
12	243
21	11
0	147
27	169
0	432
0	420
2	239
122	225
0	49
32	56
0	21
0	435
0	444
0	31
1	15
0	21
0	30
0	22
0	0
0	35
3	1033
7	1
0	1032
0	1176
0	2603
3	2029
0	1154
0	292
18	8
2	0
0	0
0	0
0	0
0	0
39	1371
4	1195
23	105
0	1259
5	116
13	143
1	51
2	1038
18	617
98	65
0	58
0	7
2072	22
7	21
0	0
0	0
42	0
43	572
9	96
12	72
7	634
22	630
10	324
0	323
2	8
15	390
0	80
0	390
1116	3
179	155
0	59
4	127
0	145
2	11
202	3358
47	1738
0	217
21	22
19	133
39	1432
1	20
99	658
0	2
11	21
0	0
12	16
5	7
70	25
0	6
2	0
0	1
0	3
0	6
0	6
40	6
15	30
15	20
0	5
2	20
0	5
13	0
1775	2479
69	2476
0	102
17	22
0	66
12	973
0	67
0	77
76	0
2929	237
3	235
7436	1525
16	2
0	852
0	852
16	1519
0	0
0	0
390	1140
10	1140
0	0
0	0
0	0
0	0
0	0
2	0
0	0
0	0
0	0
29	1252
23	120
9	1143
51	0
9	19
58	269
2	269
0	2
14	2
0	2
0	2
381	1127
29	1085
14	210
31	52
78	14
31	550
35	20
2	0
22	5
5	332
6	233
3	17
343	2457
58	342
0	1641
167	1326
7	1553
23	60
0	1657
5	2160
9	2161
0	1
0	165
3	62
0	222
0	227
0	69
236	931
5	10
124	25
20	79
0	0
0	4
8	187
0	183
0	2
0	0
361	1217
14	443
0	292
2	862
0	18
39	475
3	75
40	267
1	58
0	208
10	48
0	47
2	19
33	3
0	3
0	34
8	1604
0	1776
1	27
0	1420
0	26
72	4
3	14
32	55
0	311
103	137
4	347
62	21
1	26
12	146
0	172
47	164
9	112
657	1572
1189	1543
23	1347
0	24
1	1366
0	30
858	2298
9	135
2	44
10	176
0	2
0	208
77	2
2	127
23	2090
681	767
0	56
4	0
13	4
0	5
0	41
63	159
18	415
0	394
0	387
0	408
3	218
14	123
0	109
0	2
0	80
0	74
0	68
0	22
0	2
0	2
0	0
685	4254
0	132
1	4069
0	1776
0	20
0	37
0	14
7	217
3	8
3	37
18	29
2	0
4	27
0	7
0	7
0	2
268	0
16	6018
0	1293
0	135
0	40
0	41
0	378
1	51
0	28
0	1759
11	733
9	379
0	333
0	282
2	1202
2	37
0	1959
0	165
0	664
0	260
0	836
0	796
0	838
0	500
0	1554
0	671
1	289
0	322
0	4511
1	4533
0	4433
1	43
0	22
0	11
0	21
0	0
0	9
0	4
0	46
3	46
0	11
1	12
0	12
0	12
0	8
0	5
0	3
0	4
0	3
0	2
0	1
0	0
0	46
3	0
2	2
0	2
162	19
1	19
508	276
0	221
2	17
0	43
11	678
21	646
32	432
1	36
0	0
713	1643
169	23
0	241
100	1512
5	19
51	0
0	135
9	630
69	615
0	575
0	446
1	1
1	2
11	2
3	23
0	195
0	50
2	7
0	19
25	149
293	41
9	41
0	16
676	665
35	358
0	77
0	118
0	17
0	124
0	212
3	730
3	729
44	730
24	172
1	172
0	2
0	0
0	0
1	0
803	817
12	620
0	31
6	58
0	0
1	94
0	444
92	2212
39	2035
1	1148
0	87
2	106
2	128
4	2087
328	2666
1	5
0	2
3	1654
2	436
21	229
161	481
1	128
85	511
5	258
39	21
12	71
6	43
13	37
0	0
0	0
0	0
0	0
0	135
5	127
0	58
2	6
0	0
0	0
0	0
0	0
14	2280
0	2203
118	2239
0	344
22	2
11	119
5	197
1	0
0	2154
3	119
13	2103
0	2298
0	116
0	73
4	15
3	108
2	30
0	0
0	117
1	1120
128	870
4	899
14	432
0	768
0	208
80	110
0	110
15	87
0	3
4	11
21	5
3	6
0	5
0	0
237	423
0	355
1	420
0	219
0	220
2	23
0	24
7	292
1431	64
0	42
0	21
494	0
1	449
0	51
1	385
2	31
2	249
0	77
0	4
0	16
13	8
1172	2
0	7
76	4053
169	4220
24	1241
19	0
0	53
1	256
8	13
6	5
0	50
0	7
0	20
4	0
14	19
9	126
0	57
6	84
0	20
0	16
2	10
0	0
0	125
684	303
0	291
0	183
1	12
0	0
0	0
0	0
18	1666
0	1650
24	1046
4	12
3	74
3	54
2	2
4	87
0	52
0	0
0	0
0	0
14	87
5	53
7	58
0	49
0	810
15	760
3	0
1	735
0	111
14	114
7	3
0	0
0	0
0	0
16	210
156	204
8	34
0	4
1	7
3	6
5	42
0	22
0	29
0	13
0	19
2	9
0	0
0	8
152	398
31	43
5	399
1947	914
53	77
85	835
0	301
3	35
14	24
1	16
0	146
1	324
0	101
0	270
395	58
1	58
0	0
0	0
2	16
0	0
0	0
0	16
89	2371
12	2371
211	2264
11	0
2	31
1	6
0	512
13	531
0	525
0	34
0	3
3	12
0	13
30	0
0	1233
11	1067
0	842
0	0
0	0
8	0
1	169
0	5
0	5
0	1
0	0
0	0
0	0
0	0
0	2
0	2
731	1
344	0
0	0
0	0
0	0
0	0
0	0
562	462
171	905
0	916
0	963
0	426
2	63
89	118
0	105
0	52
0	15
0	5
0	2
0	0
0	0
0	0
0	0
2	30
1122	93
12	71
6	312
22	357
9	206
0	0
1	6
0	0
0	6
0	0
0	33
3	33
24	1084
22	1341
1	1049
54	818
1	866
3	697
2	0
5	220
0	1
1	13
2	20
0	86
0	57
8	59
0	59
0	47
62	66
0	8
2	64
0	0
0	0
0	0
8	153
2	151
0	81
3	87
1	41
0	0
0	151
0	61
0	63
2	58
4	55
0	11
1	0
0	0
0	0
17	0
28	0
719	993
5	917
25	998
2	101
56	0
4	16
0	71
23	79
0	55
1	0
0	0
0	0
541	2201
71	1796
0	995
51	371
21	12
10	1246
3	106
0	741
0	399
0	0
0	0
0	0
0	0
273	2124
12	1904
0	820
0	0
6	384
1	384
4	16
1	4
78	201
0	208
0	17
41	121
1	38
0	1
0	10
0	68
5	35
6	18
0	41
0	2
0	0
0	2
0	0
0	0
1	29
0	18
9	2
0	3
2	5
0	25
22	21
0	0
0	0
3	21
0	0
0	0
0	0
0	0
3	7
0	7
0	0
1	1
0	2709
9245	15264
2155	12549
2	1742
1	0
1	0
0	291
6	0
0	26
285	211
3	83
231	115
0	17
48	229
0	770
95	835
3	32
0	0
41	513
0	28
5	49
147	49
0	0
1	0
238	213
0	10
3	17
1	3
0	180
0	67
0	19
197	844
1	0
0	77
3	844
1	0
0	844
0	427
0	415
2	0
8	117
0	117
24	8263
75	7843
3	1982
0	0
1	106
0	563
0	10
3	8039
3	0
4	1101
5	299
10	278
4	113
1	2
21	2
0	220
23	52
317	1579
0	11
0	1205
0	180
0	274
0	1258
8	167
9	251
1	1
0	0
0	0
0	1
0	0
0	1
0	1
10	1421
5	222
0	3208
0	0
4	8
0	1540
28	525
45	521
27	1495
4	168
5890	3229
2	8
1136	8
5	37
13	37
1	50
42	282
0	97
0	161
3	117
24	141
2	50
1	163
9	163
14	25
0	2
0	339
2	302
0	339
892	156
3	63
8	95
0	3865
18	102
64	3865
49	339
0	337
21	339
0	339
0	38
0	12
0	0
1	0
83	399
0	386
0	0
0	0
0	0
0	0
0	0
42	676
1	666
0	591
0	245
0	9
0	106
0	0
0	62
11	10
1	0
0	0
0	1
0	0
7	25
3	37
13	37
1	2
0	0
0	0
0	0
0	0
0	0
4	258
0	256
0	254
0	258
26	58
9	3
13	44
0	13
0	254
0	255
553	455
0	250
0	366
0	273
92	10
2	12
1	13
0	64
31	48
19	34
10	9
15	15
2	15
533	839
7	818
0	29
2059	86
0	86
119	1153
10	1108
2	346
1	225
0	214
8	148
212	588
0	362
0	181
2	27
0	0
15	231
1	37
0	327
1	486
0	0
0	0
0	282
7	287
2	283
0	287
0	7
0	486
0	14
0	30
0	2
0	2
1016	812
1	6
16	357
8	457
1	283
0	455
7	324
20	33
1	74
10	334
0	3336
703	3441
7	1411
0	1593
1	412
8	179
0	136
1	134
0	133
0	131
0	135
0	128
0	1
0	1
0	10
0	129
0	23
0	20
47	420
1	4
4	7
3	15
892	619
0	186
1	0
74	16
2	17
5	19
0	8
3	0
0	0
0	0
0	0
72	160
31	33
2	15
8	23
0	1
14	4
0	2
9	6
1	6
0	2
0	6
0	0
1	403
22	314
0	319
53	140
2	166
7	182
0	45
0	37
2	19
49	53
4	24
0	23
0	26
0	0
4	0
0	0
102	534
0	369
0	12
2	22
5	0
0	1
0	168
1	0
223	0
0	0
4	493
4	529
1	576
4	410
0	156
0	11
5	79
2	59
1	19
0	1
0	1
0	1
1425	28
0	28
0	0
1	20
68	21
21	215
2	215
0	0
1	0
42	0
0	0
2684	789
9	472
3	579
2	570
5	216
0	788
3229	617
4	612
5583	1002
15	918
1	0
14	84
0	0
45	556
0	535
0	74
0	20
0	21
0	0
0	0
0	1
0	1
0	1
126	12
0	118
0	221
3	101
3	212
0	100
91	7291
24	7180
1523	6573
0	5674
38	4
0	7262
1325	260
0	147
6	260
59	624
48	632
7	722
0	358
1	1
3476	65
0	0
6	65
77	385
204	341
0	199
0	59
11	117
350	342
3	86
0	258
1	90
4	9
0	2
2	63
212	63
0	0
0	0
0	0
0	0
0	0
0	0
10	1102
2	1060
0	1038
0	1026
2	522
5	660
4	0
8	0
33	598
0	917
15	960
4	708
2	825
0	563
3	571
0	617
0	496
0	73
0	274
2	7
84	2267
6	764
0	231
0	115
8	53
11	27
213	34
64	468
0	185
0	0
0	0
1	5
59	2252
0	819
1	751
0	740
8	697
1	256
3	89
3	7
0	740
18	281
1	324
0	269
791	229
0	18
0	211
464	279
13	225
0	135
4	83
0	2
1	179
9	179
0	13
0	4
0	91
0	105
0	94
0	128
4	7
1	2
0	39
0	8
0	0
677	119
1	9
0	101
1	117
4	78
211	817
32	9
0	8
41	16
0	35
0	0
0	36
0	817
19	130
0	130
0	38
0	14
0	14
0	14
4	3
0	191
9	182
3	1
12	13
0	144
0	56
0	54
23	40
6	145
11	6
7	1
2	63
63	56
117	429
34	434
0	170
0	214
1	1410
3	102
0	25
1	25
0	25
2	25
71	1219
1	1334
49	4
0	67
38	1129
0	0
0	0
0	0
20	33
0	33
93	928
5	782
5132	2277
5	75
0	212
3	158
15	791
113	184
0	184
39	5895
783	7318
0	430
11	2468
10	11
49	105
37	919
84	1051
1	0
3	517
64	517
1	109
8	49
2	66
2	7
0	18
0	517
0	0
0	0
0	0
2	2737
908	3060
4	2190
1	2654
6	2573
13	286
14	0
12	262
53	0
0	869
7	8
6	0
1	56
9	182
0	210
0	359
0	36
1	350
1	707
7	280
4	213
21	298
1	104
10	27
0	0
0	0
1171	2
0	776
12	46
40	694
7	704
1	35
0	45
0	0
3	0
11	37
0	18
0	16
0	10
0	0
76	1384
2	1384
0	494
8	167
0	103
3	19
9	48
1359	1758
0	36
0	0
0	27
3	27
0	909
0	39
0	0
0	1512
5	0
0	0
0	0
11	224
0	6
0	11
0	24
0	23
0	21
1	19
0	4
0	0
0	221
0	222
1097	55
4	55
608	1
924	285
0	283
141	507
2	56
4	392
59	132
0	515
7	64
46	152
171	814
482	1318
20	1274
0	55
0	21
7	7
0	326
3	663
0	0
0	0
0	11
20	767
292	1077
17	907
0	80
0	94
0	21
0	309
0	122
3	114
0	211
2	198
0	39
0	181
0	38
0	0
3349	2
3	9
8	11
0	10
71	5978
15	475
4	472
3	48
1	2889
71	2623
3	22
321	322
1	169
27	153
8	25
17	1917
59	449
2	1635
0	1296
0	317
0	572
70	120
1709	145
0	36
8	9
0	109
2	104
46	231
17	344
3	324
1	63
0	0
34	106
1	1
42	106
0	29
0	12
1	12
0	2
0	7
2	0
0	3
0	7
0	7
1	1231
1	1046
10	784
121	1102
3	751
0	1001
0	261
2	313
0	149
1	249
0	82
779	264
0	4
3	17
0	94
0	117
0	121
17	818
2	206
18	1132
19	1024
0	62
11	277
0	1
0	165
1	5
1	58
15	1
0	0
973	0
0	1663
111	1875
29	1027
117	1621
6	1527
0	1695
0	275
1	1613
0	749
188	657
14	5
42	15
1	25
0	57
2	1972
10	2304
1	355
2	214
2	0
9	21
0	212
0	121
0	27
3	5
2	9
12	852
0	693
0	770
0	834
0	934
0	375
0	125
0	215
0	194
0	122
4	209
0	97
0	175
0	153
0	0
0	29
0	97
8	20
0	51
2207	2
0	1
0	1
0	1
0	0
0	0
0	0
0	0
101	240
13	577
70	539
0	33
3	46
0	45
0	5
0	5
1	5
0	578
0	578
0	22
37	2452
40	1502
0	2567
7	232
2	53
16	519
0	2445
497	24
1	24
19	1222
0	1442
11	1218
0	28
0	886
0	0
3	1442
12	1901
44	955
0	1771
161	1862
6	34
6	186
6	715
1	132
1	263
0	360
6	282
3	219
10	3
729	319
119	319
11	879
1	47
4	0
5	52
2	35
0	32
0	30
2	15
8	39
0	15
0	0
0	865
29	764
9	79
7	358
6	475
0	991
0	1033
1	174
0	103
0	28
2	26
0	208
5	1009
1	1054
8	818
1	207
0	17
0	30
0	91
0	87
0	1059
203	19
4	19
3	0
0	0
14	4225
0	422
5	166
265	4226
2	132
4	231
148	2575
1	166
54	1004
3	1004
2	34
0	0
3	174
0	139
0	127
0	5
1258	1877
0	1741
16	313
2	936
13	0
7	157
3	0
2	1
0	1
0	1
0	1
0	0
0	0
0	0
97	8
0	7
0	4
1	8
0	93
4	83
2	1
1	121
0	84
3	1
0	11
0	5
9	17
0	121
1	0
0	105
4	292
1	275
0	155
0	232
15	218
1	0
0	238
3	26
0	9
0	6
0	19
7	22
5	24
1	24
0	0
0	0
0	0
0	0
0	0
0	0
348	84
0	0
0	0
1	3
3	81
47	19
0	18
0	7
0	1
17	72
0	56
0	26
8	23
0	23
0	16
4	20
0	11
0	17
0	7
0	16
8	0
1	127
0	107
2	43
1	0
0	113
1	40
0	14
4	8
0	70
0	1
0	1
0	1
0	0
0	0
0	0
0	0
0	0
0	0
0	0
0	0
2	570
9	863
3	11
0	153
0	155
0	139
2	17
0	310
0	3
56	166
2	80
71	163
0	54
4	2
0	0
0	0
0	0
0	0
0	0
1353	2712
0	2273
0	2271
0	1850
0	857
1	302
3	386
25	755
5	24
0	407
0	99
0	0
1	0
0	809
116	3168
2	0
5	3150
278	209
0	107
357	456
2	0
0	454
0	0
0	0
0	99
0	0
0	31
0	136
29	1237
1	507
2	1205
0	0
25	115
3	0
0	89
2	65
0	84
17	0
13	259
22	142
1	189
0	48
0	59
0	56
2	1
0	18
1	42
0	74
7936	13027
3	13006
0	5642
0	878
9	18
63	184
19	184
10	184
0	0
0	55
0	17
9	4
47	55
0	0
0	0
0	4
0	4
0	4
383	20
0	18
215	26
1	24
1	2
2114	944
2	883
0	3
77	646
0	60
0	12
0	62
0	12
0	9
725	857
19	132
25	847
0	0
0	0
0	0
682	690
31	702
10	12
0	0
0	0
0	0
0	0
0	0
0	0
191	1255
41	1257
2	449
3	41
3	2
254	0
31	283
1	284
0	91
10	227
3	69
3	205
8	88
1	86
14	118
7	54
0	39
5	5035
62	5034
10	5037
1199	5067
54	5056
1	5018
0	4998
3	3598
1	3395
0	3371
15	328
0	1024
23	5038
11	457
121	37
74	483
51	478
0	21
4	25
0	0
24	27
3	27
0	0
0	0
0	0
5	238
0	332
4	48
0	107
0	0
1094	47
1	0
3	172
15	179
0	76
2	7
883	280
13	279
0	0
0	0
0	0
693	347
4	57
0	1
2	5
5	0
5	347
6	0
528	4354
358	4353
0	643
0	423
0	1681
0	174
25	184
8	364
1	6
154	9
1	65
1101	1162
0	443
120	1100
0	935
0	90
0	733
1	12
0	54
0	718
0	782
1	19
16	3
1	0
3	457
6	0
3	265
197	1334
0	9
2101	1952
13	1266
22	1765
17	1395
0	203
0	1624
0	0
0	9
1	9
0	9
11	185
13	181
18	4
142	221
0	221
0	2
254	0
45	1086
53	1086
1	134
12	35
0	7
8	28
0	2
17	1950
0	2
13	1962
3	10
39	257
2	24
261	361
7	1916
0	1403
2666	21
0	19
411	443
5	24
1	317
2	195
10	20
17	5
36	1506
11	1502
0	171
0	123
0	86
0	74
0	104
0	62
0	42
7	27
0	1
4	2
0	1
0	1500
0	1465
0	1469
0	1503
114	9
0	9
0	0
0	0
352	12384
0	113
27	3861
1	4145
13	3580
15	8888
2	2097
2	3347
1	650
2	2209
4	3748
1	85
1044	7693
0	1908
1	5705
0	2
5	3637
2	33
5	0
25	46
0	46
0	0
1565	298
0	1
0	293
6	17
36	0
0	0
14	0
1	0
89	4773
0	1684
0	3297
1	3865
644	3447
302	541
26	3377
6	2552
0	2441
2	564
1	558
1	1616
9	2032
3	539
0	41
30	2419
116	3410
1	302
108	95
14	1462
0	15
2	104
0	976
1	758
0	754
8	1518
2	68
1	455
1	51
2	496
0	14
1	44
3	36
612	544
0	8
0	16
1	18
1	154
0	81
0	96
0	35
0	42
0	115
195	0
41	1223
5	0
79	1223
91	8
0	5774
341	5774
280	136
31	107
193	154
1	0
0	1
3	21
3	146
0	1
0	0
0	1
0	1
0	1
0	70
2298	2276
0	301
1	638
326	1070
0	1476
0	4
7	86
99	553
0	185
0	184
19	379
0	182
33	101
0	47
1	111
0	7
1	191
6	1
594	6
0	8
8	2
0	0
144	4669
531	4669
4	2260
8	130
96	1903
0	1884
0	1768
3	1807
24	555
4	1
0	2
3	2
661	611
21	47
1	3
3	548
0	8
4	47
0	111
4	69
2	36
1	0
0	0
0	0
0	0
2	131
0	0
1	16
0	115
0	0
0	13
1	63
5	10
0	49
0	0
0	0
0	1
0	1
0	1
0	1
0	1
0	0
0	0
100	3
0	32
59	32
2153	346
48	345
9	293
5	211
13	4
580	67
0	58
0	67
571	320
0	319
27	108
4	30
0	103
0	23
178	25
0	25
2	0
0	0
352	0
3	1180
0	1147
1	1081
0	13
9	196
7	21
3	31
1	14
2	3
0	17
6	286
0	1180
2	0
119	781
23	803
0	30
0	0
7	426
1	7
1	7
102	267
0	31
0	72
4	3
0	2
15	189
0	474
0	0
0	0
0	0
0	0
5	2
6	472
0	196
0	202
0	36
1	36
0	202
1	47
0	25
0	3
0	19
1306	80
0	80
181	338
0	249
0	230
99	297
1	233
32	262
0	75
3	71
30	0
5	139
1332	641
0	167
4	26
1	433
0	0
210	1934
0	2056
0	2004
1	151
77	1299
0	1337
85	826
0	0
0	68
9	39
0	101
10	175
2	52
2	4
0	1
3	3
3154	0
68	151
0	45
1	150
0	0
0	5
0	821
2	931
116	829
19	939
29	705
5	383
1	24
0	78
23	1
36	103
0	103
575	119
0	119
28	1107
24	66
267	1050
0	0
1	1048
1	9
0	24
0	16
0	0
0	0
0	0
0	0
36	0
3	0
0	1
0	1
0	0
0	0
0	0
7	0
0	12
0	12
11	16
0	12
0	0
7	22
1	275
30	295
0	44
0	30
1	0
0	0
0	0
0	0
0	321
0	4
0	0
0	0
0	0
4	1288
2	0
25	1407
0	2
0	113
0	1001
0	88
3	335
13	290
2	64
0	42
3	153
9	28
4	73
15	72
628	147
4	5
752	122
1	120
0	1
0	0
0	1
65	454
48	0
25	454
0	0
0	0
0	0
0	0
0	197
3	57
0	192
1	0
11	7
2	43
405	3674
7	139
0	3677
0	538
17	3142
25	272
0	0
0	0
0	0
0	0
0	0
0	0
0	0
2	0
11	541
0	4
0	5
1	0
0	7
1	536
851	935
12	238
23	732
7	17
16	0
0	16150
4	20893
105	3529
0	0
0	20892
0	137
31	137
0	137
524	0
0	0
10	2289
0	2083
0	30
0	10
1	1832
71	138
22	62
0	35
0	62
0	1598
0	0
2	0
7	1740
0	1005
12	1282
137	38
0	31
8	6
464	214
5	200
0	6
0	129
2	0
0	0
0	0
0	0
1	4
0	4
864	962
1	957
2	5
233	101
2	3
0	63
0	36
0	2378
1	2
1	0
0	64
0	123
528	2501
5	0
0	87
0	96
0	108
0	79
0	48
0	27
0	46
0	42
0	42
0	22
0	14
0	19
0	0
0	3
0	0
0	0
0	0
40	32
0	1047
0	15
0	1864
0	361
0	1699
2	127
1	2041
124	1494
113	147
10	16
1106	0
33	1493
0	21
0	0
0	0
0	21
0	21
0	0
0	0
188	91
34	91
287	1748
8	86
14	939
0	258
0	1351
0	60
1	64
14	1
3	62
151	0
0	0
145	261
20	261
25	0
7940	2
0	52
7	1525
0	116
3	5
0	1
21	1569
1	1575
2	1565
6	11
0	4
5	57
0	4
2	1601
0	1568
2	25
2	29
1	0
0	26
2	1
0	1
0	12
28	10231
0	3118
0	3591
0	2426
0	2184
9	1260
0	10184
0	4505
246	6265
0	936
22	1148
36	15
0	492
30	2130
201	2246
26	41
2	3
56	44
41	2112
133	2182
0	381
2	2027
11	218
0	73
0	0
1317	3128
153	1324
0	1279
27	2003
1	60
9	364
505	958
535	958
0	11
1	0
14	5
5	152
70	149
0	149
2	0
0	0
0	0
4	0
0	261
7	338
152	274
0	105
817	802
17	623
0	38
4	36
18	801
5	38
0	39
4	10
49	126
7	126
4	0
0	25
46	836
1	185
11	834
3	140
0	116
6	160
5	759
10	21
5	78
4	1531
0	1600
131	849
0	419
126	1588
15	1010
3078	2052
1	40
81	21
4	1
0	1474
0	1
0	1
0	1
0	0
0	0
228	11
2	184
0	226
0	301
0	17
0	679
0	0
0	733
14	7
2	0
552	0
10	15
23	66
235	202
74	137
76	2649
68	2649
1	1
3	64
0	924
5	929
0	745
1	81
0	5
5	4
5	130
1	699
43	85
1	34
0	14
2	52
0	55
0	54
1	2
0	0
635	698
19	698
0	0
0	0
0	0
167	12
1	12
0	0
0	0
1014	256
8	249
0	21
9	27
0	243
0	238
71	4
5	0
0	0
550	477
14	473
1	0
0	8
21	74
10	141
8	0
458	66
0	65
5	271
4	326
0	71
0	9
0	13
1	88
0	123
356	123
53	200
6	192
22	0
2	40
2	8
0	5
0	8
414	147
0	2
17	1
1	1
19	129
1	96
83	185
2	119
10	108
3	14
4	111
0	0
0	152
32	15
371	2522
445	2157
6	873
0	169
6	187
7	162
335	100
0	100
148	27
2	59
1497	393
1	392
33	7
56	1
990	654
0	60
3	267
2	168
2	26
1	10
3	254
0	265
646	921
0	150
7	771
1	2
72	648
0	648
66	190
0	75
1	20
2	42
9	716
2	716
54	737
3	21
12	682
7	0
2	0
229	0
0	156
0	175
0	60
0	15
0	49
0	0
0	0
0	13
1	0
0	0
0	0
0	0
0	0
0	0
0	0
0	0
0	0
463	6983
8	1702
4	622
0	1808
15	4683
49	1112
9	0
1675	556
76	556
0	14
0	0
0	12
0	4
0	4
0	14
9	4746
0	4398
15	4417
0	4331
0	230
14	4245
0	25
0	16
0	0
0	647
0	6
0	248
6	714
0	160
1	102
0	113
1	141
0	0
20	1717
0	282
2	63
0	433
0	0
0	0
0	0
0	15
0	14
0	15
41	14
0	5
64	1450
18	1301
12	880
17	110
0	12
0	0
0	0
0	0
0	0
636	0
0	0
0	0
0	0
103	1243
348	1240
0	1130
6	446
1	496
4	788
0	19
5	435
0	372
5	297
0	1243
0	0
0	0
16	56
0	30
4	0
3	3
0	44
0	4
2	1
1	5
1	16
20	98
141	8
72	106
321	0
0	0
0	0
4	71
184	262
2	10
0	12
0	55
1	16
1	21
0	25
9	4
0	27
1	37
2	5
1	9
4	395
3	655
0	682
5	483
13	282
0	71
0	2
1	71
20	7
0	30
1	55
0	0
0	0
43	526
367	730
6	526
0	204
1	0
0	2
123	240
4	70
0	24
64	151
1	1
0	1
0	0
0	1
577	207
225	207
382	288
3	274
23	24
0	13
6	2
49	52
2	51
17	3184
77	655
0	587
8	506
14	2430
0	443
4	7
0	54
5	0
0	2666
2239	291
8	5
0	269
0	201
4	25
52	95
5	128
0	78
0	0
2	32
1	0
2	0
241	66
0	66
0	41
2	36
0	0
0	27
0	25
0	3
0	23
0	26
0	25
0	24
0	23
1255	203
2	8
0	195
15	185
13	107
0	10
0	107
0	0
0	0
0	0
0	0
0	0
0	0
0	0
0	0
0	0
2	167
1	77
0	90
36	148
9	490
16	490
2	0
9	9
0	217
7	630
5	630
0	816
266	816
0	626
0	0
0	0
0	0
0	0
1724	2
55	245
0	25
0	11
0	8813
73	5562
35	11547
1	12021
0	12135
0	0
36	1354
0	1801
0	0
19	445
503	147
0	147
3	97
19	103
1	81
304	1454
100	578
0	191
13	36
15	740
0	0
10	40
1513	2889
47	2789
10	97
16	394
0	80
0	0
0	0
0	0
0	0
0	0
0	0
0	0
221	217
3	98
4	174
0	57
5	36
252	0
1	232
0	165
3	230
3	105
28	232
0	183
17	25
13	0
0	0
0	0
0	0
0	0
0	0
0	0
10	38
0	0
0	0
0	0
0	0
0	0
0	0
0	0
0	0
0	0
1	145
1018	282
103	282
6	219
0	238
1	8
2	787
8	96
2	10
0	10
23	9
0	0
13	52
3	53
0	4
0	0
0	0
9	35
0	35
0	26
2	26
121	168
1	123
0	0
0	30
4	42
0	9
9	149
0	149
0	1
1	2
0	6
2	5
0	12
0	143
0	0
4	52
0	1938
4	276
545	1931
0	160
9	0
3	22
6	1
0	0
4	160
165	0
3	0
0	18
61	268
3	38
0	51
5	136
0	206
2	129
0	18
3	39
498	320
5	59
0	195
8	59
0	37
2	71
0	17
13	10
0	10
7	0
1	32
0	59
3	8
2	0
0	64
1	1021
76	3692
11	3398
20	1800
1	749
42	94
20	51
363	691
0	10
2	8
0	0
0	1
0	10
0	25
0	24
4	23
1	0
22	2
2	2
8	2
11	6
0	94
0	28
0	90
0	64
0	35
0	94
2	33
88	1
0	1
5	286
56	597
5	21
0	359
89	38
5	282
0	44
0	3750
46	3560
57	3280
41	2434
77	137
36	0
33	1
1	590
3	10
2	120
5	1
0	4
4	0
0	2
0	17
0	35
3	59
0	51
7	57
2	28
0	0
0	0
1	5
0	5
15	4
5	35
2	35
0	0
0	0
0	0
0	0
0	0
0	0
0	1
0	1
0	6
18	845
2	845
0	0
0	0
0	0
0	0
0	0
191	0
1	149
85	2490
0	122
3	139
1	0
65	1049
3126	2528
1	0
74	129
1	23
0	880
19	795
4	731
16	34
52	7
2	69
2	6
2	50
86	632
0	73
0	0
0	0
0	0
0	0
0	285
13	285
0	0
0	4
0	15
0	1
0	125
1	12
0	82
53	210
15	211
3	41
0	4
544	617
12	615
0	645
7	422
0	472
0	8
23	136
1	50
235	125
0	125
305	0
1	105
423	105
0	0
0	0
0	0
0	0
1259	646
10	179
2	16
0	17
2	388
11	366
17	139
0	17
0	0
0	0
15	0
0	0
0	0
0	0
45	3111
10	476
0	3111
0	52
2	9
1	95
0	782
8	3
0	169
0	134
286	0
0	0
52	433
81	433
11	129
0	49
0	59
5	193
0	218
0	7
0	105
0	33
0	11
0	3
0	218
2	306
34	969
0	413
1	269
0	290
2	10
10	1008
12	265
4	204
0	1038
5	32
0	126
0	6
2	3
330	43
0	3
1	35
26	1017
23	6741
2	7079
6	6680
51	0
47	2
12	85
0	85
0	394
0	66
4	182
0	184
0	22
0	13
0	8
172	7708
0	10
74	0
10	1097
158	5838
7	2
3	0
150	28
51	45
13	7304
0	14
1	13
0	14
0	1
0	0
0	0
0	27
2	28
0	28
0	87
2	21
13	2241
1	635
0	2412
3	268
2	121
19	379
0	303
2	42
3	2412
230	51
1	17
4	48
0	20
131	278
0	276
3	275
0	2
331	103
4	104
0	1
0	0
2	8
0	0
0	8
22	1091
8	791
23	979
10	106
38	139
0	6
1	0
0	3
3	56
0	221
0	348
0	65
0	0
0	0
0	0
0	0
0	0
0	0
0	0
0	0
0	0
29	3480
16	2906
108	2866
1	8
3	10
0	11
20	4
10	3
378	11212
0	12640
0	923
2	3238
16	554
0	9499
1	2013
12	2885
52	11459
5	63
0	0
2	17
0	0
0	47
3	2
2	1
1	214
459	896
9	393
0	158
39	761
1	21
0	0
0	0
1	7
0	7
0	4
1	4
1	544
48	544
0	12
0	0
0	12
84	54
7	21
11	0
3	33
13	189
23	86
0	7
0	105
5	152
2	101
0	67
24	45
13	1
0	631
1	425
0	631
1051	2776
0	2740
0	1184
3	77
14	128
8	36
0	0
5159	268
19	17
12	264
19	17
481	822
1	151
21	439
1	179
7	333
0	0
0	0
5	363
144	317
0	210
2	31
6	25
0	0
8	89
7	29
3	52
0	2
1	15
0	0
0	0
0	0
0	0
0	0
0	0
4144	107
5	104
93	7
0	0
0	0
1328	905
6	184
33	514
0	0
74	11
15	428
667	7405
0	6671
1	5728
2	4617
0	4229
0	751
28	514
0	73
1104	1164
9	1053
1	175
0	0
0	0
3713	1
0	0
0	0
0	0
0	0
1	0
0	0
0	0
56	791
11	766
0	5
1	514
1	568
0	506
0	95
1	43
0	0
24	2
97	4341
9	114
1	2395
4	310
40	208
28	939
0	4151
0	939
335	701
0	662
0	411
0	0
0	0
0	6
1	766
0	646
0	206
7	246
26	158
3	29
0	19
367	0
42	2
7141	2493
7	8
0	201
20	440
1	669
0	773
2	398
5	182
0	1165
2	4540
43	3784
18	3836
0	1338
1	1110
0	691
6	395
7	33
11	4
1	251
0	8
4	349
10	5
41	0
6	13
6	1451
27	1948
2	78
7	834
1	784
0	235
10	105
0	0
793	279
1	215
2	114
3	91
123	2992
3	2992
136	232
0	129
18	19
2	77
11	77
107	2954
0	0
2536	552
33	199
0	60
0	166
0	176
7	188
0	0
0	0
6	382
0	399
9	370
0	85
3	159
0	39
1	134
0	118
55	0
12	0
0	1
55	27
2	22
0	18
156	2
0	0
0	0
61	410
74	401
2	5
6	6
13	111
15	354
9	133
24	125
0	360
24	3979
177	4173
528	3318
7	684
9	4002
9	4125
21	3690
88	132
68	38
0	0
0	0
0	0
0	0
0	0
55	151
32	151
985	8
5	8
19	215
0	234
0	0
47	235
7520	1937
0	344
2	753
11	422
17	693
269	4
14	4
1	9
0	9
0	0
86	448
0	448
1	448
0	448
3	221
102	26
12	278
0	0
0	0
30	5137
0	800
155	4907
0	297
0	232
0	5039
0	0
134	5121
0	17
173	17
39	31
4	28
3	3
31	5
1	6
52	553
84	3690
81	3622
3	3
49	23
0	0
0	0
4	576
0	576
14	565
3	529
6	57
1	1
5	1
623	126
2	64
9	47
0	0
0	2
17	57
2	17
0	62
0	50
0	31
0	4
0	5
0	5
9	103
70	1533
190	2594
0	40
47	69
0	1573
7	15
1	1650
0	10
3	66
38	2
62	893
0	2525
0	0
0	0
26	4214
68	6226
56	6284
190	5932
21	23
3	155
286	218
0	218
0	2
337	64
0	64
33	54
0	51
0	3
4	1
0	0
0	0
0	0
0	0
0	0
2594	721
6	0
31	720
0	416
4	0
10	0
0	2090
2	248
0	360
0	917
1	76
18	23
0	44
5	21
0	178
0	41
0	426
11	45
0	2020
0	2169
0	2044
43	1092
16	2
34	1087
0	66
11	24
17	4
40	928
6	89
22	9
5	35
0	0
3	23
438	514
64	514
3447	0
0	0
0	3
0	0
0	5
0	3
0	5
3	0
0	0
0	1765
0	3987
59	1395
8	3008
11	301
0	1281
0	1866
2	2890
3	3148
0	971
0	1962
5	3801
0	1305
15	1446
0	1345
49	1562
0	1006
0	908
0	1067
4	919
1	1045
3	877
15	477
5	167
0	917
3	249
9	523
0	2135
16	14
90	1
57	320
0	0
5	3
0	3
480	162
55	0
0	0
0	0
1	0
0	2281
43	242
25	671
0	2264
66	2205
207	1279
14	328
0	0
23	951
3	382
3	378
0	378
0	49
0	72
0	38
0	0
3	12
0	0
1	6
0	6
1	339
362	425
0	262
0	121
0	802
0	798
0	769
0	752
8	445
0	16
2	38
15	312
0	28
5	1
0	19
0	14
192	0
0	0
0	0
1777	115
6	115
0	57
3	57
0	56
53	341
46	344
1	54
6	30
1	3
16	32
379	1721
0	16
0	52
0	1707
3	3
736	930
84	780
0	23
4	55
7	132
0	0
177	2777
16	146
2	36
0	1604
0	2611
18	2143
0	1603
3	210
0	0
0	0
0	0
0	0
0	0
306	106
0	24
7	3
0	57
2	59
0	16
15	7
0	7
0	0
0	0
0	0
0	0
0	0
0	0
35	593
1	447
1	392
2	338
0	287
2	44
0	46
2	18
2	27
0	32
0	6
11	2
178	2
517	231
5	229
0	8
0	92
2	645
1	868
1	298
0	0
3	22
42	868
0	0
0	0
3	5
1	5
0	0
0	0
0	0
0	0
0	0
0	468
208	1304
0	559
43	1172
0	90
1	42
63	1544
0	453
1	117
0	1232
9	241
10	1
36	737
0	190
1	76
0	5
12	76
182	31
0	307
3	294
0	9
12	46
39	25
0	1
1	19
0	169
3	430
24	438
0	31
0	9
34	47
0	0
1795	0
0	0
0	0
0	0
0	19
0	7
0	0
0	0
0	19
0	0
0	0
0	0
3	17
676	0
34	301
1064	301
0	0
466	1432
1	826
25	606
0	161
4	30
1	114
53	1135
4	1135
0	351
0	41
0	0
0	0
0	0
25	200
5	593
44	482
16	52
0	262
1	0
1	0
166	16
0	9
3	0
0	2
0	2
2	7
0	0
0	0
0	11
0	11
163	469
0	469
42	0
220	554
1	570
20	572
0	2
0	2
6	3
0	3
323	1027
0	1027
3208	679
6	349
15	330
6	62
29	57
0	0
0	1
0	9
0	58
0	2
1	10
4	41
0	36
0	1
0	2
0	4
0	3
0	3
0	5
0	17
0	14
0	0
0	0
1793	2164
0	72
0	149
28	2093
36	0
0	1915
0	1836
8	1258
2	905
27	49
396	1863
0	0
0	0
0	0
0	0
0	0
34	499
1	398
51	107
2	296
3	93
2	87
0	0
0	0
0	0
0	0
1	13
0	2
0	0
149	16
1	13
0	0
0	0
0	0
0	0
346	89
7	76
11	50
2	62
2	131
0	19
0	129
0	56
2	119
0	4
0	2
0	0
1	5
0	133
30	0
0	0
0	4
0	4
0	0
0	3
1228	0
9	0
0	13
0	24
1	4
0	23
3	8
1	606
0	0
0	4
0	606
0	0
7	378
25	513
56	489
33	193
9	144
0	0
165	0
2	0
2	0
373	503
63	591
1	486
7	540
2	386
0	2
0	0
0	2
0	0
0	0
0	0
16	16498
0	21959
44	21173
14	3193
0	3330
13	656
28	423
1568	537
3	304
26	412
0	514
2	38
0	344
3	88
0	444
9	1109
45	374
0	836
4	997
13	1025
29	418
7	13
4	160
29	156
1	113
0	89
1	221
43	0
40	181
0	20
2	137
2	85
5	154
7	82
5	19
3	39
2	9
3	14
9	2
0	799
0	1030
0	0
7	569
33	613
0	612
7	510
0	0
6	76
1	14
0	3
1	429
9	294
78	154
0	118
5	256
0	1569
0	1287
36	80
0	0
0	1569
0	0
17	934
6	914
45	939
2	48
10	147
95	24
0	198
0	7
0	251
6	243
2	390
0	580
0	583
466	579
0	358
0	72
2	26
0	279
0	12
0	0
0	268
0	268
0	268
0	196
0	197
0	0
17	88
2	1
0	261
0	0
23	11
6	52
0	61
0	12
13	4
58	61
0	16
3	16
0	16
1	95
0	95
0	0
0	0
0	0
28	6462
16	3252
0	3330
0	2321
0	217
0	207
0	354
0	311
4	190
6	6241
14	0
0	0
4	0
0	0
153	457
11	405
0	0
1	52
1689	2
7	13
0	13
3	13
0	0
0	0
0	6
1	0
0	6
0	5
0	4
0	4
0	2
2	0
439	195
7	163
64	160
3	26
2	0
91	693
0	182
1	200
0	567
0	714
8	685
0	705
0	186
0	163
0	29
0	13
0	10
0	0
0	17
0	30
0	61
0	132
0	16
2	0
5	35
1	2
0	0
0	49
238	104
0	104
0	175
8	175
0	0
0	0
0	0
0	0
1126	1146
2	570
2	661
0	0
6	818
33	38
13	440
0	0
0	0
1410	2
0	7
0	0
4	28
0	23
0	11
42	1
0	1
3971	9
0	6
1	0
1	372
108	417
16	103
5	2
0	0
0	0
8	1182
0	316
1	91
2	114
16	786
0	1005
0	97
0	380
9	136
18	9
0	9
7	243
0	182
0	196
0	13
3	22
1	2
0	3
0	240
0	243
646	115
2	106
23	78
0	71
224	0
0	96
2	110
13	110
3	4
0	14
516	236
0	232
0	158
1	213
0	101
5	141
1	117
3	53
0	35
0	39
4	9
1	0
0	0
0	0
0	986
4	1043
14	1098
0	1084
3	236
0	105
8	4
0	1051
0	11
0	168
0	0
1	0
5	10082
15	10630
249	10850
43	611
0	0
0	760
2	3705
0	414
32	397
181	108
163	383
10	92
5	64
11	550
27	65
2	59
23	936
86	878
0	0
0	18
9	3
194	1884
6	1221
17	1069
120	507
2	87
10	2
12	50
8	75
35	168
551	290
2	255
6	96
0	92
3	39
0	3
57	54
0	54
0	0
1	5
1286	168
8	168
590	488
15	0
0	7
2	31
2	52
26	167
0	10
0	25
0	3
0	0
0	0
0	25
0	25
37	96
0	96
3	63
2	93
981	377
19	1
0	184
5	14
7	131
7	48
11	15
4	36
0	21
1	0
113	1633
0	522
18	1396
7	32
0	1617
48	1
0	95
0	1
105	95
0	0
0	0
0	0
365	80
1	47
0	38
0	0
0	3
0	3
0	3
22	217
135	246
3	8
0	146
4	26
12	5
0	5
6	1092
0	2001
8	336
18	411
2	39
2	178
2	75
16	4
22	988
2	912
0	1
0	1
3	29
0	0
0	0
0	29
1013	3230
2	2033
1	2014
3	731
11	847
1	21
0	19
61	32
0	111
55	255
0	9
0	11
1	10
0	10
0	10
0	10
0	10
0	10
0	0
0	0
0	1
0	0
0	2
0	5
0	1
1	0
0	0
5	0
3	70
5	113
2	180
0	98
19	40
1	46
23	1120
0	1074
0	1010
59	1108
11	32
0	29
20	0
0	80
0	127
0	0
2	177
4	20
1	132
0	0
1	11
3	1
36	1
39	738
26	584
55	618
155	1005
12	1009
0	836
0	1
0	0
0	1
0	3
0	3
69	0
0	4991
4	5022
29	5021
3	287
0	236
68	4868
0	4808
6	1
204	135
0	0
16	0
0	1
106	212
22	21
0	127
0	150
1730	1996
0	833
0	127
2	985
161	542
5	0
484	2463
3	961
24	2021
894	77
31	83
5	16
11	7
0	0
1	7
4	7
0	0
0	0
684	0
0	667
53	3962
0	5
0	47
227	364
8	359
71	134
16	353
2	203
9	207
4	4081
0	2
0	2
0	2
2	1
4	2
1	0
0	0
92	3305
40	3833
35	3041
1	1423
17	1243
3	492
22	503
0	142
654	282
8	23
0	36
0	2
0	2
9	241
0	128
0	137
0	154
2	27
0	112
0	0
0	0
0	0
0	58
0	58
0	0
0	58
2	0
0	2
10	437
12	177
1	311
8	192
3	322
1	66
24	10
0	212
6	733
16	139
0	74
2	2
29	731
0	7
12	116
1	336
4	310
3252	31
0	9
2	22
0	8
6	64
3	69
0	69
11	59
14	38
0	36
0	69
16	128
0	131
0	125
1	2
0	67
0	2
0	4
653	552
1	518
58	255
110	133
0	2
3	111
2	190
771	189
3	48
487	0
1816	2
17	863
0	863
3	862
0	862
29	847
1	2
2	2
0	3
0	0
10	20
5	3
48	2
69	576
14	596
0	171
0	146
0	117
0	75
0	17
2	11
0	1
0	0
17	63
1	60
0	29
1	9
0	15
572	304
12	221
29	64
45	21
5	64
0	37
2	686
0	45
3	3
0	654
0	77
0	517
0	513
0	0
0	0
0	61
0	10
11	145
0	113
4	47
10	391
51	2265
0	2070
0	538
63	432
3	12
18	313
2	311
0	69
24	475
1	29
5	1
0	1
0	0
0	0
2	509
230	541
56	304
3	18
2	113
2363	2799
1	2264
5	2
0	0
0	301
0	1017
8	144
0	402
13	312
2	1635
9	1705
0	1673
1	39
5	1050
11	107
2	103
0	128
0	126
5	204
4	22
21	107
0	64
0	1
4	35
3	82
13	25
208	342
80	460
5	447
0	443
5	178
8	367
0	212
4	11
0	0
0	0
0	0
0	0
0	0
0	0
0	0
3	289
0	69
1	293
0	460
430	543
1	14
0	41
3	16
0	316
0	290
301	1
89	94
18	94
0	0
0	0
0	0
541	24
0	22
8517	4298
50	815
55	12
3	2291
33	733
0	2013
1	2875
33	2338
91	2908
28	449
36	142
17	0
8	683
86	152
2	175
1	722
47	374
0	2
6	81
1	51
0	0
455	132
0	132
3	92
3	121
0	80
0	96
1	0
0	25
0	1
3	9
0	0
24	23
0	2
5	25
30	6424
2	6528
0	1285
11	4043
11	0
0	0
0	6312
0	6039
1	680
0	6103
12	272
7	3801
0	1600
5	4
3	314
2	2576
0	275
0	132
2	207
190	99
14	50
4	28
1	49
45	695
15	715
2	597
4	591
0	78
6	62
6	63
0	27
111	2282
39	2207
25	684
1	272
8	40
96	219
0	140
488	107
1	32
1	5
26	75
18	0
63	2
7	1
576	1712
4	1509
13	164
0	816
4	1365
36	6
5	6
20	1364
19	12
96	99
5	84
39	6
24	30
0	266
0	283
0	1
0	0
0	113
0	274
1	265
0	5
0	0
7	81
24	951
115	706
422	1789
1	483
0	119
0	0
0	134
2	1008
5	214
21	111
3	460
1	636
9	150
0	20
76	818
252	1815
30	1308
45	1191
3	9
3	2
10	6
0	1133
33	1226
0	835
1	1091
0	1001
6	119
35	102
0	76
9	300
9	707
18	401
0	271
0	174
154	2
1	2
0	2
9	38
9	9
3	38
83	1443
2	7
24	45
10	1389
29	167
1	18
11	93
0	161
317	57
10	57
1405	186
0	31
2	155
0	0
5	3221
0	3053
8	2989
26	1051
4	3178
7	505
2	899
6	1273
43	1143
0	1540
0	1863
0	3252
0	1439
0	107
3	1484
2	2025
17	6
0	312
1	258
0	274
0	999
0	226
4	235
0	513
130	1
0	271
68	3
4	10
0	10
0	0
0	0
0	0
0	1
0	1
0	1
0	0
2440	0
11	1811
1	67
22	188
13	1201
2	1510
0	1709
12	36
0	40
0	0
8	98
0	0
0	0
0	0
0	0
0	0
15	1056
34	1286
8	307
0	342
1	77
1	64
0	392
31	334
5	4
11	40
7	50
55	182
41	144
1	50
15	54
15	1
13	50
2	17
0	0
0	0
0	0
0	0
0	0
0	0
536	2615
8	2084
5	1236
0	995
5	125
1	14
1	15
254	237
0	116
1	76
0	0
5	3
24	65
35	626
1	591
0	21
1	2
0	0
15	147
308	16103
0	16132
231	16085
71	152
3	15830
511	0
0	690
0	690
1912	951
29	454
0	59
3	25
49	241
0	146
584	39
3	17
0	26
0	19
3	36
0	36
0	36
80	1107
0	25
0	142
0	992
0	51
236	1127
0	116
2	229
3	1
0	340
2	441
4	74
3	52
0	21
0	0
4	630
0	48
23	36
0	24
37	630
1	0
0	0
25	13
0	37
0	37
0	4
28	8
0	0
20	65
4	65
1	33
0	3
0	12
0	0
0	6
1	4
0	34
12	0
98	434
0	627
0	118
0	175
442	228
275	228
7	1726
1498	1727
27	227
594	212
139	160
295	0
0	1
0	2
0	3
0	1
0	1311
2	1364
55	1268
0	1129
3	693
0	120
6	28
9	1
2	82
0	0
0	31
0	1908
11	1845
3	1844
54	1911
0	0
6	114
75	161
1	75
0	101
3	20
2	43
3	8
0	8
22	365
8	365
53	1772
3	1973
3	526
5	292
64	246
14	2002
2	141
0	149
0	62
3	3
0	13
0	48
22	1792
27	1776
0	59
0	1605
0	59
0	238
1	304
57	38
0	269
77	358
0	18
4	340
317	251
8	135
3	120
28	130
28	114
1	30
0	4
5	24
0	0
1	1615
22	556
3	108
3	17
9	1492
0	1
0	1
0	0
0	0
0	0
0	1
0	1
0	0
0	0
0	0
0	0
10	864
1	0
1	63
29	864
14	100
0	3
113	0
78	323
1	211
0	198
2	112
5	62
1	5
0	323
0	26
0	216
12	475
101	324
0	222
0	144
0	215
0	137
0	250
2	63
2	0
0	8
0	8
69	142
2	142
33	6
15	49
0	25
0	32
0	13
0	1
0	312
0	298
19	281
0	230
8	55
3	290
3	55
0	127
8	211
24	8
1	55
7	36
15	150
0	2
2	81
0	0
3691	3462
0	2782
2	2782
3	2689
34	1
0	0
2197	2702
377	2695
2	1029
183	1356
8	32
3	160
1	48
303	4310
243	4310
0	511
0	94
8	123
3	123
0	1
0	7
1	792
10	0
2	24
0	75
101	106
4	43
0	1
0	3
2	15
0	18
4	102
0	104
827	86
33	86
4	9
0	15
0	9
0	0
0	0
1	0
0	0
0	0
24	687
2	683
4	533
0	474
14	91
1	2
0	0
31	1527
126	1478
2	4
4	11
1	53
0	588
0	514
0	247
6	49
2	89
5	21
2	61
0	93
0	57
6	1
0	587
0	0
0	0
16	539
0	376
9	380
1	5
0	0
7	56
0	544
24	28
0	28
0	23
18	649
1	569
1	48
0	250
2	164
1	144
2	107
6	169
0	96
2	68
3	4
0	16
1	1
1	17
0	35
0	583
0	577
1	24
0	22
10	13
0	2
35	0
1	4
0	15
31	15
87	669
6	129
36	169
0	351
0	1
0	0
0	42
0	0
0	240
0	23
0	121
842	1
19	78
0	26
0	61
0	26
0	63
0	34
0	36
0	36
0	56
0	36
8	11
254	72
0	71
60	215
6	206
0	25
7	8
0	14
18	7
0	3
4	3
0	3
0	0
0	3
0	18
0	0
0	0
0	0
0	0
2	24
4	4
0	5
0	5
42	574
209	646
12	636
2	521
54	508
27	507
0	16
25	7
52	0
32	9
0	165
151	150
0	247
3	28
5	0
0	245
2	0
0	0
0	0
0	0
0	0
0	0
2	224
0	0
17	225
13	165
5	6
11	4
320	538
2	483
59	3
0	441
10	82
1	406
0	71
9	413
8	1098
0	171
1	104
45	830
5	0
0	53
0	61
15	1107
0	1089
2	0
0	5
0	6
7	6
0	3
0	2
0	0
0	0
0	0
23	0
0	0
0	0
0	0
0	0
32	6633
3703	6648
0	2499
11	586
0	15
31	9531
0	6893
0	99
1	695
1	1593
0	4327
0	793
0	7084
0	3536
0	3413
38	3019
37	3812
29	84
0	61
1	2688
0	8765
0	3803
0	876
0	3440
0	2454
44	337
8	76
309	642
0	652
0	18
1	0
13	319
1	0
0	0
0	17
0	26
6	116
4	68
0	0
0	11
0	0
0	17
0	5
0	28
0	0
0	4
6	23
0	0
150	78
0	42
0	61
0	73
1681	9
2	9
173	0
0	79
5	79
90	117
2	117
280	528
0	536
0	526
0	470
67	21
1	8
0	1
0	0
0	4
0	8
0	0
0	1842
336	3732
0	2752
0	0
11	9
11	0
2761	54
1	19
1	30
43	341
151	395
3	134
0	10
2	8
0	2
430	3520
530	3432
14	1
0	36
0	152
0	1065
1107	116
1	25
2	91
0	0
859	414
0	98
39	292
3	150
9	107
0	20
8	22
0	0
0	0
3	577
0	610
37	550
4	2
1	505
0	74
4	133
0	114
2	123
25	271
0	271
0	271
3	22
0	7
2487	106
21	104
400	1272
1	91
3	304
10	690
0	559
1	24
0	24
0	0
0	0
52	427
467	983
74	469
0	12
7	406
308	620
18	314
0	328
0	73
3155	5448
47	5311
0	81
132	254
12	353
11	353
12	212
29	268
0	14
0	2
0	13
0	13
0	12
0	13
0	15
0	16
0	12
0	13
1613	14
1	1482
11	1475
6	294
11	754
55	14
24	247
0	253
0	86
2	0
3	268
2	258
0	161
5	0
252	3252
195	3619
81	1660
5	155
21	222
4260	162
9	159
1000	248
1	0
1	73
0	174
41	2902
9	552
33	335
0	584
3	666
0	343
5	1075
7	587
12	1
0	1421
0	0
0	0
0	0
1015	521
18	521
7466	13848
0	328
12	13732
0	0
1	0
2	2
0	2
0	0
158	356
0	119
0	45
0	276
0	154
0	53
6	0
1	53
1	53
32	10
0	1
0	1
24	21
0	9
0	2
0	7
0	0
14	20
123	984
16	952
0	32
21	28
2	28
12	25
15	0
20	6
3	0
0	0
0	0
353	33
0	33
32	570
1	206
1	213
2	1
35	571
42	309
8	18
254	1033
0	22
6	34
0	68
0	31
1	65
1	77
0	660
19	184
0	189
18	75
2	341
3	68
1	85
0	20
14	151
3	148
1	148
52	148
11	1
0	41
108	765
1	765
4	357
3	0
10	4
22	7
0	7
0	4
0	0
9	117
3	117
0	2016
11	2016
97	1258
3	2
1	137
14	2071
27	223
1	165
22	2147
5	140
0	324
5	733
49	135
4	577
0	364
12	312
0	178
0	104
0	58
9	3
6	27
4	176
14	124
54	86
0	5
0	3
0	5
0	0
0	0
723	108
3	104
0	3
0	251
103	875
0	766
54	700
0	8
17	127
1	8
57	85
1232	773
37	680
6	16
0	398
1	80
73	372
0	148
1	6
4	2060
0	1600
50	554
0	163
0	0
1	1957
0	1886
0	9
12	1
0	8
2	2
1	1
0	5
0	5
14	708
162	921
1	129
16	117
1	804
160	804
26	0
421	1
0	118
4	118
0	47
0	0
16	36
5	47
33	354
2	109
0	33
0	280
0	0
0	4
15	272
0	210
0	153
4	13
0	259
0	267
3	82
94	122
0	40
810	89
2	27
0	61
39	205
0	18
3	32
0	205
34	0
61	0
0	0
0	0
0	0
0	0
94	115
0	114
0	23
2	27
0	0
0	9
0	4
0	1
4022	1612
12	1612
7059	13440
0	12565
8	3057
0	0
0	0
0	0
0	0
0	0
6	0
0	1291
0	953
2	679
157	795
0	268
1	98
2	331
0	3
0	1301
0	966
1	5
0	5
0	0
3838	0
48	25
8	25
9	1
46	731
4	126
706	1495
1	1607
0	695
5	101
4	188
12	220
0	29
10	144
0	207
0	28
0	8
1	43
1	30
1	17
0	0
0	0
0	0
0	0
31	10563
0	9805
0	4651
0	2389
24	1679
24	783
0	509
0	320
2070	757
5	757
401	541
6	541
0	0
0	0
60	925
584	818
5	105
1	7
0	92
15	10
1	6
1	1
1	59
124	99
1	68
1	47
0	67
155	2810
3	1431
3	215
0	482
0	165
97	364
11	86
4	186
14	345
112	42
0	261
79	0
0	0
101	602
4	599
0	3
108	0
74	10
4	6
0	0
6	0
18	6
1	4
0	4
868	654
30	653
153	869
1	841
1	72
20	793
0	42
0	181
0	259
0	13
8	47
0	132
1	95
2551	1
12	165
1	165
0	6384
303	12
11	12
253	97
0	69
0	28
3	8
0	0
56	558
4	253
41	367
3	402
4	83
0	0
3	79
0	79
1	47
1	28
3	23
0	25
0	23
0	24
0	17
1	1
0	1
18	0
1	0
0	383
0	454
0	399
0	453
10	411
0	377
92	0
0	48
63	168
1	10
0	0
823	3373
5	2356
1	22
4	301
66	301
79	448
7	22
0	94
1	321
2	0
1	0
0	0
9	207
0	2
3	0
1	0
4	0
7	0
6	0
2	0
0	0
118	1191
4	1132
0	1017
79	340
0	253
1	221
0	167
6	142
0	54
0	10
1	3
5	563
343	563
0	396
462	1049
7	17
13	495
149	1033
2	80
0	78
0	11
0	8
0	2
3	25
0	80
0	0
0	0
55	2984
0	3002
38	3013
0	59
1	58
1	42
0	101
3	0
12	675
0	2463
2	163
0	0
5	0
0	2560
0	2601
39	1612
5	564
375	1065
1	137
0	111
3	78
307	263
15	2
0	80
2	13
3	1
8	172
22	219
3	53
0	28
0	182
0	199
0	96
0	109
0	117
1	23
15	62
0	0
39	552
3	292
0	143
0	148
0	79
0	31
3	74
0	6
0	4
0	8
3	0
0	0
0	556
0	557
0	560
0	152
1	1005
4	1105
0	614
5	188
37	536
162	535
1	55
2	22
0	10
12	0
7334	3051
117	3050
0	5
7	10
95	10
0	6
0	71
0	103
1	71
0	4
15	64
84	46
66	3
243	51
0	51
0	31
0	0
0	0
124	27
2	27
0	13
53	43
0	28
0	38
16	21
0	11
5	130
49	140
393	910
0	114
2	53
2	828
21	223
0	292
0	73
0	0
5	21
1	4
563	170
0	56
1	16
0	15
1	88
3	57
0	42
0	8
0	0
878	59
21	57
125	2
2	22
3	22
0	0
0	0
0	0
624	411
0	410
0	0
0	0
0	32
50	752
2	753
0	254
2	1
7	2
0	0
0	0
0	0
0	0
2	713
19	444
70	766
0	273
0	406
3	427
0	208
0	730
203	112
115	112
7	0
4	20
0	0
0	0
0	0
38	221
3	87
0	3
1	110
2	29
2	210
228	0
0	0
3	12
0	12
0	3
2932	176
1	176
0	0
0	0
1	0
0	0
0	0
0	0
210	67
0	53
1	40
0	0
0	0
0	0
0	0
0	133
2	134
15	68
1581	1655
4	21
0	1634
10	1390
14	0
0	0
732	654
0	234
10	71
34	528
0	0
0	117
0	45
9	104
0	14
0	16
0	39
1	70
0	117
10	288
1	0
0	459
0	244
0	162
5	41
0	151
0	115
0	136
24	113
6	93
0	0
58	1837
80	2194
0	2060
4	2
108	1157
32	2097
3	0
0	0
0	1
0	2
0	2
0	2
0	1
0	0
0	0
1	5
0	0
0	5
0	0
0	0
1	1
0	0
272	112
4	45
15	77
0	1
1636	33
3	0
13	0
0	0
0	0
0	0
519	0
550	3279
514	2236
0	59
0	3278
12	0
1	144
2	143
0	61
0	40
1380	2493
1	778
107	934
13	1566
12	861
45	0
27	526
0	0
0	0
0	0
0	0
15	645
0	629
17	18
1	8
2	0
0	70
5	179
1	134
0	185
0	181
25	1147
0	726
0	801
53	39
2	823
15	85
0	51
0	85
405	299
2	92
0	207
14	0
8	669
0	767
9	254
3	724
0	643
0	754
0	723
11	0
0	53
1	735
10	240
3	5
0	4
0	6
0	72
28	2
23	109
1	42
0	5
0	44
24	15
0	14
0	5
7	8
2	4
0	0
0	0
0	33
0	0
0	33
2	0
3	0
35	212
580	369
4	157
45	0
0	0
3	839
3	159
2	74
1	784
0	152
0	644
32	663
5	1
3	6
0	60
69	325
0	1
0	1
0	1
0	0
0	0
0	0
2	3
0	2
0	1
0	4
0	5
0	0
0	1
0	0
0	0
0	0
0	0
0	0
0	0
6	2247
1	1727
0	565
63	907
0	589
0	0
0	0
2	65
12	323
0	9
0	15
0	157
0	318
0	0
27	0
0	0
2729	4697
1	4686
335	4063
0	2767
2	250
66	381
2	0
1	2
36	25
0	2
0	23
0	0
18	541
7	529
17	366
5	509
0	128
0	18
0	351
0	0
0	0
0	0
0	0
0	2722
1	527
1	1622
56	1
13	2722
2	1
3	216
0	70
1	111
4	105
16	138
0	13
0	28
3	3
1	0
0	0
0	0
0	0
0	0
36	41
0	40
15	30
0	154
148	155
19	17
1	22
1	0
0	0
0	0
0	0
0	0
0	0
0	0
0	0
7	0
0	0
0	42
53	293
1	0
1	8
0	251
0	10
0	10
0	10
0	8
0	1
0	0
0	10
54	188
0	16
35	174
0	0
2	2
12	1000
6	344
9	746
3	548
0	637
613	1
18	1
5	1686
0	1922
286	1864
0	1916
17	1918
23	13
4	659
82	684
19	346
5	529
4	132
0	90
4	5
0	130
6	19
53	0
0	25
4	459
8	113
1	0
4	1
3	431
2	15
1	4153
0	3834
0	3830
0	4027
0	4021
30	4059
1	4147
14	1826
4	105
0	490
0	232
21	52
27	889
0	33
0	393
0	277
0	67
0	0
0	0
0	0
236	31
0	9
1	7
0	23
0	0
1	218
2	173
0	103
0	0
0	13
0	6
1	10
0	12
0	230
0	105
0	122
2	115
0	54
0	5
2	16
0	11
0	1
0	3
0	2
0	0
0	120
60	9
0	5
0	0
0	4
5	1
3	6
0	5
5	22
0	3
2	7
7	3
25	24
0	7
1	0
0	8
0	0
0	8
6	188
0	795
43	269
78	1442
2	222
5	510
3	60
0	448
7	106
12	353
0	1517
1	10
24	705
1	166
0	140
6	93
0	96
68	244
0	18
77	16
23	1
682	1387
30	737
4	649
394	1
0	195
43	157
0	167
0	92
1	22
0	1
3	142
2	0
0	103
1	35
0	66
0	14
0	180
1	0
0	0
0	0
0	0
2454	0
4	0
3	79
0	0
0	99
0	90
40	91
0	38
0	0
2	14
2	21
4	25
1	0
1	13
0	4
0	0
3	417
0	1341
0	243
4	370
2	0
5	8
11	1293
0	33
0	94
67	150
5	41
0	56
9	64
0	14
0	9
0	854
41	751
25	951
618	761
36	785
0	0
0	263
19	228
0	5
108	1918
14	1683
1	402
411	566
193	1327
4	1323
33	80
692	5757
3	750
0	132
49	708
0	3077
2	404
381	387
0	16
0	37
1	20
0	43
0	85
0	58
13	292
21	109
0	7
0	7
0	7
2	36
9	36
0	0
4	8
0	6
446	4654
18	4129
0	2337
0	13
2	1218
6	1148
1	442
0	1
63	36
1	0
1	0
0	33
0	13
0	4
2	3
72	0
27	627
72	655
0	454
31	132
4	494
70	243
0	620
0	618
3	520
10	537
8	40
1	14
1	31
5	0
2	13
1	15
37	32
0	18
34	15
376	5541
0	4902
0	633
0	43
9	6
10	69
388	869
0	127
11	96
4	69
5	13
0	151
0	590
0	56
2	180
0	191
0	11
8	16
0	31
0	13
0	188
1275	322
0	87
5	116
0	34
2	107
19	11
12	19
2038	20
54	1428
341	1428
1	115
0	3
11	878
99	1603
415	1854
3	633
0	187
95	448
43	26
23	193
0	26
0	5
0	5
0	4
0	0
0	2
0	0
43	250
71	250
20	10
9	4
4	129
8	3429
5	1
0	861
4	2
0	0
0	68
1	20
43	1506
0	0
19	3349
1	269
2	153
0	8
0	2650
0	3139
0	91
0	280
0	5
775	604
3	909
912	958
0	96
6	18
2	81
3	73
458	604
0	337
3	1
515	350
1	31
0	2
1214	1063
1408	1061
0	1
518	0
7	195
5	149
4	167
0	77
24	62
3	11
0	0
1	0
5	1
0	0
0	3
7	0
0	0
280	443
0	424
0	8
1	11
32	9
0	9
1	6
0	3
0	1
43	625
5	37
2	22
6	545
0	3
1	146
0	0
0	0
0	0
735	670
2	189
27	51
6	1
10	1246
1	1304
0	732
18	0
14	77
0	155
3	83
0	4
3	0
26	440
0	1
0	1
1	1
6	9
25	1
8	1
0	2
0	2
0	0
0	1
0	0
0	1
2	4689
0	3959
3	4206
0	4512
35	3494
28	3380
0	849
37	1195
3	423
1	99
17	26
0	638
1	1
12	427
14	59
7	456
4	331
96	101
1	40
2	460
0	509
41	523
15	386
179	523
34	389
62	53
0	53
0	5
0	0
38	1
9	3
48	6
0	0
1	4
43	118
3	118
0	21
0	25
2	15
1	7
0	0
0	1
0	6
1	0
35	916
50	311
0	779
0	538
2	28
3	89
0	1
88	389
3	389
5	110
13	0
4191	9
208	50
5	16
19	27
99	9
7	8
0	0
0	0
0	0
0	40
93	61
0	22
818	1145
69	1141
12	74
2	57
8	61
1115	223
6	221
11	1
0	33
0	28
2	0
0	5
0	5
0	5
0	2
0	4
3	0
13	450
51	452
0	498
2	280
115	254
0	68
6	0
2	150
5	25
3	26
0	0
0	0
0	0
0	0
0	0
0	0
5	13
3	16
2	1
0	2
1	25
19	127
2	100
15	87
0	0
0	0
0	0
0	0
0	0
0	1354
0	1344
2	46
7	84
2	1261
8	673
0	342
236	768
0	302
26	278
1	14
8	337
76	0
8	2
16	53
2	9
0	9
0	0
0	0
0	13
6	13
170	225
0	150
8	75
0	2084
172	2080
3	1877
1	4
1746	1648
0	4
0	1528
14	250
0	323
65	100
2	249
0	1
0	1466
7	38
6	299
1	16
1	90
40	58
1	58
89	1382
212	721
341	1361
0	1893
1	1770
6	1552
1	123
34	14
0	320
10	1
1	92
3	102
12	102
0	0
3	2082
0	1782
65	702
0	1185
0	145
7868	5273
1	20
4	0
0	1240
0	131
18	422
13	951
5	325
4	2280
22	566
0	464
0	44
4	480
5	403
19	13
0	309
5	9
0	375
13	39
0	37
0	20
0	566
503	547
10	526
1	36
0	682
108	192
0	584
6	14
0	594
0	682
0	0
0	2
0	73
0	0
805	435
17	424
1	21
0	0
0	371
10	460
0	211
2	21
0	0
0	3
0	0
0	904
10	140
36	203
5	61
304	905
1	0
0	0
0	24
9	45
5	38
0	21
66	92
0	90
1	2
102	7
0	7
0	0
4	18
0	13
0	14
0	13
0	0
2	0
10	182
0	41
0	191
1146	359
3	284
1	118
1109	110
309	111
0	0
0	0
0	0
0	0
195	911
0	917
0	856
1	180
0	165
4	138
0	74
0	1
0	0
30	3695
61	3504
1	1225
3	1202
105	748
0	3320
422	61
69	5
0	3
66	187
0	186
1	25
0	2
5	1
14	54
6	47
2	46
2	33
0	0
0	5
30	0
0	44
1	25
3	31
0	28
0	4
7	32
488	1687
1	823
0	794
4	683
497	844
0	844
0	24
1	2
14	39
0	39
4009	96
0	93
21	1076
0	25
44	1240
0	731
0	1114
5	497
4	1048
5	35
1	29
1	99
0	8
8	145
22	790
0	789
26	785
2146	2122
0	1477
0	210
5	899
14	527
51	312
92	312
493	1176
41	493
3	90
6	92
45	413
9	604
0	531
1478	536
0	531
86	0
998	54
0	75
0	75
0	178
17	186
9	27
0	117
0	5
4008	593
0	203
21	591
6	169
6	346
3	229
1146	1136
0	875
13	34
66	535
3	19
259	1084
45	729
0	568
23	64
383	1323
4	506
7	56
0	56
0	2
1	0
17	934
23	942
37	838
4	273
7	265
3	509
18	322
4	500
0	462
658	84
20	339
22	339
3	1
0	0
0	26
0	63
0	339
0	0
8	230
8	630
0	437
0	625
1	255
3	26
2	84
0	3
0	13
6	192
42	12
0	8
0	0
1	0
0	0
0	0
94	1
0	1849
0	1576
0	1406
0	1274
25	618
0	884
0	1012
76	945
40	92
11	95
33	365
1	29
0	1721
283	212
22	32
10	197
7	14
0	2
0	19
0	2
0	15
0	0
0	0
10	0
0	0
4	6
0	2
0	16
3	16
0	0
0	0
0	0
0	0
0	0
20	516
0	485
1	441
3	9
0	1090
4	877
0	1041
0	1047
3	951
0	1003
0	952
6	0
0	29
16	175
3	426
58	366
3	393
12	422
8	385
3	19
7	1220
0	1230
4	1094
0	1065
0	1188
0	46
0	0
0	0
0	0
628	1023
0	739
17	311
81	0
0	3
2	13
0	13
47	0
0	0
0	0
0	0
0	0
0	0
1	0
475	615
24	554
36	168
1	106
1	68
0	4
6	1079
4	1062
6	1087
0	1083
7	203
2	168
7	130
4	114
2	74
0	68
0	0
0	3
0	3
336	443
0	0
0	166
68	1459
4	1322
126	1009
0	760
0	445
10	134
9	2621
139	2666
0	745
8	5
0	37
3	62
55	252
62	251
0	0
24	1655
11	842
0	1607
0	44
0	107
5	17
0	0
0	110
0	0
2	447
37	116
0	1681
4	624
344	624
174	86
6	86
0	22
0	18
4	0
0	0
0	51
9	566
87	332
0	616
3	225
0	5
116	369
9	13
0	585
5	65
43	477
68	394
0	9
62	65
0	8
83	62
0	89
6	89
2	2362
2	2150
2	2331
0	3290
1	3071
6	2362
0	1484
15	2391
23	379
18	146
1	301
72	520
20	105
204	473
1	138
3	50
3	16
7	11
6	8
34	77
3	20
0	111
0	274
6	126
1	82
0	2371
0	7
0	33
22	33
14	382
15	287
13	194
0	146
0	323
19	133
0	9
4	15
0	92
1	4
1	17
5	18
0	4
0	18
5	581
19	592
1	93
7	21
11	151
1	26
48	14
0	673
4	725
38	720
14	724
8	29
1	99
0	27
0	5
398	30
1441	336
33	335
23	364
8	80
0	266
0	23
13	12
3	3
0	7
15	29
4	136
5	8
112	115
1	5
37	110
47	2936
34	3150
1	2251
2	313
0	18
11	258
0	12
27	58
18	134
1	98
4	229
0	74
0	44
16	19
0	11
0	7
0	3
6	448
3	25
43	118
4	114
73	0
71	430
0	345
1087	189
0	188
0	97
0	1
0	0
0	0
0	0
0	1
0	0
0	0
0	0
0	0
0	0
35	1260
0	522
0	1274
3	29
0	698
0	542
0	12
21	1
0	1
1613	126
2	2
6	123
40	18
18	1328
2	18
10	1251
3	15
38	1230
2	1366
0	0
0	0
2475	729
24	117
0	613
0	131
0	502
85	1280
6	7
0	7
0	0
2	4
2	1
0	2
0	0
763	1
4	189
415	584
2	377
10	319
1	218
0	0
8	1
1	0
0	0
5	296
3	296
1	67
0	28
0	0
0	67
823	201
1	13
2	174
0	6
4	0
0	25
1	174
0	35
2	35
0	0
29	5
0	6
0	4
0	71
5	470
3	470
44	115
0	0
2	0
0	16
0	22
0	5
140	1
0	0
0	3
7	5
1	2
0	0
0	0
0	0
0	0
0	0
0	0
0	0
231	662
0	1
3	0
3	663
3	0
234	863
0	71
14	767
2	0
1	105
4	257
0	0
18	2
0	5
0	3
0	3
1	4
0	5
0	3
0	4
0	2
0	3
1	42
0	39
2	4
3	22
807	11510
5	11505
93	814
5	33
0	29
0	6
1	0
13	1
1	0
1738	325
7	35
6	23
0	127
517	232
0	177
0	3
4	116
10	19
0	59
0	177
0	0
122	218
0	181
0	167
1	6
1	4
65	72
8	58
0	27
12	24
0	4
0	23
0	16
3	265
22	306
0	290
0	270
0	35
18	0
0	0
0	0
0	0
0	0
2040	493
14	421
0	63
1	68
2	71
21	125
0	169
7	166
3	171
2	0
0	92
0	3
0	0
1060	1079
0	865
0	615
0	496
2	31
0	203
3	112
118	35
73	333
0	62
0	132
97	11770
247	11081
2	391
6	3
6	9836
0	97
56	128
0	116
0	16
0	0
3	955
0	1265
4	1267
1	19
1	327
0	1265
21	49
2	8
0	72
1	57
0	67
12	54
2	798
0	23
9	878
0	883
0	120
0	0
0	7
0	777
1	176
1	9
0	3
0	173
0	0
0	1
1	0
1	15
8	33
0	31
4	38
0	40
0	38
0	2
0	9
0	9
0	10
0	0
0	0
0	0
0	0
0	153
147	1242
1	989
0	888
0	652
2	180
0	68
0	204
9	431
0	143
0	0
9	1
46	33
0	33
0	5995
0	0
6	558
58	2175
54	5847
0	735
0	312
0	8
0	2596
571	4243
0	5996
0	0
0	0
415	7808
526	7319
0	1566
17	1189
2	220
0	0
0	0
0	0
4	219
17	227
1	211
0	154
0	138
0	18
0	10
0	110
0	58
0	7
3	13
0	25
0	24
0	19
1	0
0	2
41	1085
37	1595
32	1587
6	1587
1	1012
0	0
0	0
0	0
0	0
0	0
0	0
0	0
353	680
0	650
9	595
7	0
0	0
0	0
3	567
48	555
25	563
0	532
0	64
0	0
0	0
0	22
0	70
6	90
0	567
0	55
20	221
68	128
22	138
10	167
0	0
0	0
0	11
1	10
0	9
0	1
0	0
0	0
4020	2
0	0
0	0
6	0
10	0
0	11
2	2
1	9
85	46
14	46
1	52
0	1644
0	1785
0	1606
91	360
17	22
33	1541
96	1359
3	1404
9	1
0	99
245	36
14	65
8	102
3	8
526	1413
1	1413
863	7
0	6
1	1
0	0
1469	3
2	33
13	31
3	4
0	2
0	0
0	4
0	1
0	1
0	2
0	2
1	1
0	0
0	4
7	373
0	351
0	379
0	0
0	260
4	299
0	377
0	2
0	22
2	315
20	11
47	29
3	90
11	879
6	54
2	28
4	0
1	234
2	86
0	572
0	6
5	0
0	692
28	0
2	61
6	163
0	850
0	2
0	2
1	0
0	0
0	0
0	0
23	0
0	0
519	3240
125	2346
4	3159
40	2573
2493	97
3	0
3	97
18	355
93	479
5	39
2	91
14	366
0	0
0	18
69	366
328	2201
3	2137
0	135
57	135
17	59
2	127
39	870
0	873
20	877
3	281
0	912
2	86
0	857
53	8
0	8
0	74
15	388
18	425
3	368
0	277
4	200
0	70
13	204
8	3
39	203
6	1
2	6
13	392
0	397
0	121
0	148
17	411
4	55
0	67
2	0
0	42
0	265
0	53
6	0
12	38
5	234
6	222
11	102
62	543
2	447
11	2
6	159
0	82
3	120
34	16
0	2
1	3
0	3
1	3
0	0
0	0
0	0
0	0
2	1656
80	1693
64	211
18	124
1	54
3	1556
2	0
1	0
0	46
0	1
5	45
0	103
9	65
0	18
20	22
0	64
467	761
8	402
0	37
0	352
51	126
1	67
0	0
0	0
0	0
58	989
18	926
12	872
0	62
2	131
10	131
0	0
0	5
0	25
2	10
11	0
31	26
118	376
15	236
0	129
1	4
2	62
0	41
0	11
0	0
0	0
92	1580
0	1548
0	12
0	1
1	39
0	13
0	13
7	17
0	5
0	1
0	1
1	0
2	0
0	418
121	432
108	278
3	2
1	638
29	607
0	620
3	619
52	451
0	0
2	138
274	896
100	684
0	808
0	175
0	214
429	348
0	219
0	45
0	14
4	205
0	125
36	32
5	1
306	86
1	7
0	57
0	79
514	977
22	731
11	841
3	131
0	0
0	0
0	0
115	37
3	41
1	6
18	10
0	6
0	5
0	4
0	3
31	15
0	15
23	5
0	5
4	2
3	2
3	567
12	565
2	8
1	0
0	9
21	1646
34	1391
259	1
7	11
0	0
0	0
566	0
343	1693
0	122
0	14
0	29
26	1548
453	0
6	89
4	6
1	474
23	439
851	1926
737	1927
0	8
446	57
0	19
0	38
736	23
0	23
94	1284
0	1284
120	0
2	252
39	96
0	192
13	237
0	237
0	29
1	33
1	76
10	9
0	9
4	0
0	10
0	10
0	10
0	0
0	0
0	0
0	0
719	6
0	5
1744	168
1	167
1	6
635	950
24	262
0	84
2	46
0	561
0	103
8	191
8	4
1	0
0	17
0	33
0	12
0	13
0	17
0	12
0	19
0	0
1	7
0	2
0	4
0	0
0	1
0	0
0	9
20	9
0	0
53	0
0	0
0	0
0	0
0	0
0	0
3	74
0	74
0	429
15	236
2	4
6	10
0	0
0	422
0	11
1	7
36	1620
3	1160
2	1740
0	0
0	0
0	0
0	0
0	0
0	0
0	0
1	0
0	0
2	1
4924	907
10	849
30	612
4	295
49	597
0	183
39	63
21	41
6	28
10	50
40	23
13	32
1	18
3	58
0	2
3	2
3	0
249	406
10	406
38	12
0	0
0	0
3	4
0	11
2885	3332
274	2628
3	1128
18	1173
36	53
1856	1758
0	1629
0	1866
2	1194
8	3
0	117
1	947
24	260
5224	7639
0	546
0	6815
0	2460
6	7618
0	260
1	2952
0	197
1	55
0	2067
0	152
6	0
5	305
0	3
0	3
0	0
0	0
0	0
0	0
0	0
0	0
0	0
0	0
0	0
0	0
0	0
0	0
0	0
18	0
0	72
7	910
23	927
9	290
32	785
0	506
0	507
15	19
0	120
0	1
3	290
0	35
0	72
0	0
0	6
0	700
0	690
312	151
0	62
2	89
0	0
0	0
1	2905
0	9209
772	9209
0	1003
45	871
0	100
29	35
4	1
0	28
0	102
2	0
17	1
0	11
0	68
0	68
12	48
1	72
3	0
0	68
0	68
0	101
0	68
0	96
0	72
0	155
24	86
1	107
2	1
0	4
22	0
1057	4091
9	3353
2	95
22	51
0	4
0	37
9	39
0	39
0	13
0	12
1	8
0	0
0	10
56	1161
7	656
0	898
1	10
45	732
0	58
0	35
38	1904
36	1904
0	1385
1	0
4	44
358	2020
11	1177
0	1239
14	1633
90	615
128	747
5	408
6	399
18	636
1	43
13	336
102	3352
0	3204
0	3332
7	1629
0	552
2	203
14	357
0	1
0	1
0	0
0	0
6	91
2	9
0	25
4	59
2	0
0	59
5	11
0	1
0	12
0	12
0	12
0	0
0	0
0	0
0	0
2	28
0	2
10	28
0	26
0	0
9	2
1	7
2	7
3	5
0	7
312	0
0	0
0	1
0	0
0	1
35	0
5	0
0	0
1649	1166
0	28
1	93
7	35
9	102
0	453
18	216
0	1128
0	25
0	233
0	44
0	127
2	112
20	0
0	12
10	1
2	7
0	191
106	188
7	26
2	215
0	184
0	8
0	2
15	58
0	0
150	0
1842	1246
0	370
6	848
8	15
22	38
643	2829
118	2722
0	530
3	11
4	7
8	504
0	2603
342	355
4	175
0	248
0	0
0	0
0	0
0	0
34	659
3	664
18	960
11	684
2	545
1	871
1	13
5	64
4	16
55	491
2	20
37	8
6	8
1	19
0	0
42	14
0	0
0	0
22	33
0	13
0	113
0	61
0	96
0	4
0	2
0	1
0	114
13	16
6	15
0	23
18	640
0	649
2	532
0	533
0	638
6	503
0	524
0	541
0	604
0	649
0	426
0	500
3	14
0	22
0	124
0	416
12	24
0	43
0	31
2	0
36	109
315	109
0	0
277	279
0	142
50	145
2	1
2	275
3	325
94	227
0	180
5	277
0	173
9	146
0	61
14	97
6	0
75	0
3	0
0	0
0	713
0	369
19	1325
244	4250
1	1
59	747
14	98
0	252
50	0
4	27
87	614
4	98
62	460
39	39
528	3029
6	2098
215	0
2	56
3	25
0	160
0	505
0	0
5	68
0	524
0	133
0	423
94	568
0	26
1	3
0	1
0	525
0	23
219	419
12	5
0	418
0	69
0	330
10	297
1	72
1516	294
1	64
3	0
6	231
9	43
42	12
0	12
2	3
2	10
30	217
0	45
0	9
2	0
94	267
0	12
4	103
0	182
0	1133
1342	1835
10	1788
1	1297
33	77
125	0
4209	395
6	392
1	76
34	2244
142	2249
31	135
4	2249
172	982
0	262
0	156
0	1
0	2198
1	1
10	3394
5	3863
4	90
0	2170
6	1921
0	8
57	43
7	1903
21	2071
0	3598
70	1799
0	1387
106	3486
18	2989
0	1754
11	279
0	86
37	0
0	165
14	265
4492	3
0	0
0	0
11	112
102	113
9	3
0	6
1	0
1	7
1	12
390	42
0	42
0	26
343	388
0	252
0	255
0	0
7	0
4	14
0	3
0	3
1000	700
4	708
26	13
1	94
3	66
0	6
0	72
0	57
0	31
0	30
13	30
0	30
0	4
1	0
0	1
0	1
176	983
2	273
18	272
0	266
1	97
1	178
0	552
1	318
0	269
44	215
0	662
4	626
0	638
0	644
0	640
0	273
0	642
52	147
0	45
0	32
0	74
1	37
0	205
7	377
4	25
4	617
0	1950
8	22
23	190
0	1831
0	22
0	87
12	528
0	0
7	2
0	2
23	45
0	45
0	0
0	0
115	3340
0	1194
0	10
185	3292
9	4
0	11
0	2440
2	944
30	2138
31	1153
31	72
0	93
0	323
0	119
8	23
3	2386
62	58
0	62
12	50
166	216
32	324
0	0
3	262
0	183
4	78
30	437
0	387
0	367
1	9
0	363
0	14
0	0
0	0
0	0
0	0
790	75
9	6
12	69
0	0
0	0
0	0
0	0
0	0
4	1933
0	1775
52	2585
26	661
2	624
0	1084
4	29
0	881
0	837
38	665
5	5
6	89
0	77
0	42
0	6
0	0
0	2
0	6
1	2
4	29
1	3
0	8
0	8
0	0
0	0
0	91
0	0
3	1180
25	1096
4	119
16	1090
0	1076
0	851
3	81
0	1075
1	335
1	244
0	257
35	2
0	0
0	2
0	0
114	1572
4	194
17	518
0	702
6	247
2	83
7	2
1	1015
0	0
0	0
0	0
0	0
0	13
5	4
0	1
36	161
0	0
0	93
0	161
400	399
0	111
3	377
21	11
0	6
0	0
1	0
1052	1
25	0
0	0
0	0
0	0
0	0
2	885
0	366
4	20
3	5
85	117
0	674
5	1140
227	1827
0	138
0	608
0	446
26	10
0	178
4	784
164	145
1	31
6	372
52	197
0	120
0	115
3246	1950
3	1766
0	1829
0	621
1	89
0	97
0	0
0	0
303	2545
33	1063
6	2115
0	2889
0	2697
1	2817
0	2751
11	2791
4	251
21	76
4	148
3	305
59	200
1	1687
1	619
1	1111
2	90
57	320
3	657
2	524
0	63
0	0
0	34
0	0
0	34
0	4
0	2
2	10
17	10
0	1
0	9
0	0
0	8
0	0
9	32
1	32
3	1809
0	1790
14	1506
1	20
8	286
0	1632
1	4
6	1432
2	103
0	130
0	182
12	116
0	44
0	0
0	40
0	1
0	1843
0	1687
4	24
0	1
0	23
0	0
200	912
0	912
0	74
11	0
0	4
0	4
0	4
0	4
1	0
0	4
0	0
0	0
0	0
0	2
18	3
0	200
2	192
1	193
0	39
0	113
1	56
0	30
0	28
0	0
1	1
2	8
2	1
21	262
1294	925
2	443
0	19
1	0
0	1
0	0
3	96
17	95
0	151
101	438
2	440
10	224
302	356
2	213
225	34
0	2
1551	30
0	24
0	11
0	1
67	818
27	817
20	11
11	154
15	70
0	32
7	5
0	5
1	0
0	32
51	433
5	102
0	5
4	82
5	352
0	4
2021	31
2	29
0	102
309	230
0	18
0	212
3	127
42	107
2	69
5	90
0	88
3	52
0	45
555	568
12	448
3	74
58	120
2	94
7	507
9	61
1	59
5	447
0	494
26	900
0	119
0	1
1	127
0	888
97	40
3	21
0	19
0	0
0	1
1	2
0	25
0	79
0	56
5	43
0	34
0	4
0	7
4	0
2	0
354	2527
5	63
11	4
0	4
47	2527
13	1897
0	0
0	0
0	0
0	0
0	0
0	0
0	0
413	918
0	21
33	29
0	9
3	108
0	728
3	90
0	0
0	0
0	0
0	0
1286	6
12	437
337	437
144	1134
7	70
6	109
0	167
213	920
23	310
0	0
0	0
0	0
0	0
0	0
0	0
766	0
9	13
378	13
17	388
40	130
135	599
10	83
0	296
14	0
36	205
4	90
0	205
0	0
0	0
0	0
0	0
0	0
0	0
0	0
0	0
0	0
0	0
0	0
16	24
0	13
0	5
4	11
0	0
199	52
1	1
0	42
1	6
2	27
0	3
0	2
0	2
0	342
3	338
0	337
1	332
0	1
0	8
0	5
3	24
0	6
0	0
0	7
1	26
0	348
20	8093
240	7915
124	178
484	979
84	441
1	968
38	5
2	5
16	4
2	0
0	1
3	4
0	1
39	281
0	3
2	1
0	281
51	31
0	72
0	63
1	56
188	334
0	48
0	70
0	90
0	141
3	141
3	38
0	0
0	0
3568	177
0	176
39	1636
3	1639
146	1623
10	1
10	0
21	3
233	46
4	46
0	46
0	3
2	1119
12	1403
4	301
0	1449
4	1351
9	981
0	9
1	154
9	45
0	1331
725	138
0	46
2	2
0	0
1	90
49	1
1454	2
0	14
141	1842
3	1828
10	44
6	37
0	447
2	8
1	113
4	28
0	96
12	109
0	87
1	69
4	21
0	0
0	0
0	0
1	2121
2	2187
43	1145
0	569
4	48
6	48
2	25
0	10
0	5
111	172
3	172
1	0
0	101
0	186
4	170
0	27
0	30
0	31
0	4
19	1021
51	999
0	893
0	863
0	823
3	79
0	113
2	7
0	0
692	909
25	390
1	597
0	715
0	359
0	193
5	238
350	244
0	31
0	6
148	10
0	10
110	1499
9	1471
0	221
0	0
12	0
54	872
1105	874
1	384
2	145
28	0
1496	80
1	79
17	21
96	150
0	0
16	150
0	727
1	602
18	73
0	584
3	642
10	28
15	36
1	20
2	131
4	248
74	302
0	29
0	0
0	0
0	0
7	507
337	1468
1	0
0	390
1	961
14	3429
0	3551
10	3526
0	3426
0	941
2	210
11	205
3	112
10	82
0	90
0	21
4	0
3	24
1	23
0	0
4	48
0	1
8	3494
0	0
0	0
656	440
5	438
0	258
1	1
3	40
2	432
0	15
0	443
0	24
0	398
1	0
1	95
0	393
0	343
0	74
0	2
2	5
0	2478
69	6322
0	4958
0	5059
5	120
24	387
4	4
3	6
121	0
0	457
0	221
4	94
38	624
3	177
0	96
0	107
0	453
0	503
0	1516
0	35
2	76
0	35
0	35
0	28
9	6259
9	6336
0	0
1	0
0	0
4	0
0	11
4035	225
0	31
0	0
0	202
0	2
0	8
10	36
0	29
1	2
4	3
2	41
0	2
0	1
1	203
0	211
0	208
223	0
3	12
0	14
0	0
55	3452
0	1617
71	3397
1	144
0	128
1	110
442	0
59	3585
18	1443
64	1164
61	1753
36	3638
1	148
3	1130
16	1065
1	0
1	1017
31	1148
680	90
2	74
2	16
21	1
4	1
0	0
13	1
259	1380
3	1340
6	898
0	43
1	0
56	1063
11	178
0	1062
914	2772
18	981
0	2794
3	10
1	584
1	0
0	0
1722	3
0	136
0	26
5	162
4	0
2	18
1	5
55	5
9	0
36	771
2	905
1	40
5	953
6	104
13	647
108	894
28	910
3	3
4118	266
0	262
8	105
0	0
13	36
3	1
2	69
0	38
8	33
228	452
0	468
0	159
5	208
2	8
0	6
0	0
616	365
12	364
2	0
15	213
4	177
0	147
0	83
0	17
17	35
0	34
0	0
0	0
0	1
0	1
0	0
0	0
0	0
0	0
73	3125
94	3153
0	857
592	109
0	185
0	63
6	37
0	28
1	102
20	145
14	2
23	426
3	7
1	17
1	60
0	120
2	1952
493	1534
10	1425
8	26
3	407
0	43
0	80
5	19
91	521
5	514
1	285
1	292
0	6
23	168
5	111
1	102
0	0
0	510
1623	4
4	4111
0	4172
121	4088
9	3594
3	2990
4	2669
0	12
0	155
21	71
0	77
0	105
4	1
0	22
0	8
0	0
0	0
214	88
1	52
6	87
1	14
1	0
1	87
914	149
8	91
29	15
6	58
0	0
0	0
0	0
10	204
0	0
4	542
1	518
85	578
5	179
1	227
3	626
1	19
55	619
3	554
0	215
4	90
2	26
1	1
0	0
0	0
0	0
0	0
0	0
0	0
0	0
395	465
32	651
0	280
0	2630
634	2690
8	831
1	19
2	717
8	324
1	84
0	1891
0	97
72	507
12	507
1	48
0	14
0	72
0	1373
124	889
0	661
0	55
0	52
0	388
1	2
0	45
0	197
0	1045
1	0
0	0
48	1383
3	484
0	23
0	410
15	1255
0	952
0	947
0	949
2	700
4	312
0	21
33	448
0	261
0	31
0	233
0	179
0	264
0	287
0	4
0	0
0	1
0	1
0	1
0	0
0	0
0	0
0	0
0	0
0	0
0	0
0	18
0	18
0	4
0	4
0	11
0	0
303	0
10	55
0	55
0	55
0	20
0	19
0	0
0	0
0	0
27	5218
571	5218
1	1147
154	9
0	9
6	524
0	201
0	489
0	11
0	12
0	50
10	62
0	15
4	21
0	21
0	0
0	0
15	49
13	245
0	10
0	249
1	30
2	30
1276	0
35	13
0	12
0	1
1	1
0	0
14	0
61	36
730	367
0	344
0	135
1	87
1	192
1	209
0	183
12	88
2	66
0	20
0	3
0	40
0	757
0	625
14	45
0	10
364	19
0	1
0	18
12	9
0	0
2855	859
0	863
0	57
0	56
92	49
0	804
125	736
11	672
2	1
0	0
386	163
0	61
0	0
1	10
28	92
385	541
0	61
13	78
0	410
8	141
242	141
43	81
0	625
0	666
0	757
53	128
0	129
12	6
0	1
2	3
0	2
3865	2
0	0
12	1656
7	28
28	452
8	52
1	13
1	1583
5	0
149	18
9	17
56	439
0	452
3	336
9	2
0	1
0	1
0	624
2	739
0	24
4	661
0	29
0	145
73	152
0	130
2	98
5	1367
126	1065
10	942
122	1339
1	228
1	119
17	197
197	54
17	2
41	1032
14	494
1	481
0	32
20	234
0	154
3	2
3	7
11	17
0	0
0	0
0	0
0	653
6	289
0	486
0	441
3	0
0	414
0	401
0	18
4	10
0	654
0	682
0	176
3	101
0	19
0	142
0	133
1	17
2	5
2	0
2	6
0	5
0	0
3	1
0	18
0	45
0	108
144	2418
0	2270
0	0
1	124
0	1
0	120
0	47
4	4
0	20
0	357
6	6
1	17
0	13
21	461
190	475
0	77
2	98
3	103
7	79
0	31
31	1616
18	1629
11	1629
2	1724
0	167
0	141
7	232
13	75
0	240
0	151
3	29
61	210
0	2
2	79
12	2
45	9
2	106
23	10
78	75
143	1010
15168	2337
22	1318
45	812
2	791
14	799
0	742
0	44
0	613
9	62
2	5
0	67
1	316
0	93
0	93
0	30
1	1
21	144
8	144
0	0
560	174
6	0
0	72
2	108
1	136
2	16
0	95
0	0
0	0
87	1326
3	0
0	1326
438	31248
0	3
136	31414
1	198
0	0
0	2
0	13
0	0
0	0
0	11
829	271
19	3
40	0
0	110
117	189
18	102
0	0
0	0
0	0
0	0
4471	10548
278	10726
35	9175
576	7499
874	4784
0	6359
0	4961
12	929
1	254
0	530
0	484
15	430
0	411
0	435
0	462
25	85
6	3
100	136
221	13
4	225
1	65
0	94
1	93
0	99
6	1
0	13
3	9
1	2
0	93
27	352
46	970
6605	1980
17	1
91	1000
22	14
1	13
0	2
0	1
695	0
119	1308
59	2267
602	2706
0	2627
2	2619
2	1549
8	389
6	3
1	152
0	574
6	331
0	1
998	238
2	7953
14	308
0	31
4230	8090
17	242
4	282
43	1258
276	19
0	1441
1	1487
51	1765
0	1888
1318	2275
0	1588
0	847
0	936
0	1206
0	706
0	1317
0	663
8	1034
1	571
4	1282
0	1033
0	546
58	1038
79	2
44	408
0	305
0	2489
34	2505
4	2216
0	2532
1	1140
0	78
10	2094
1	547
0	1625
11	325
4	177
10	1
0	702
1	793
28	0
6	217
34	254
14	1
0	17
0	101
0	0
0	0
0	0
4478	6453
5	6446
6	1430
4	7625
80	5160
0	7953
0	0
246	1253
5	1329
23	1227
48	907
51	23
0	155
13	241
19	125
3	738
0	6
8	260
0	18
1	25
83	141
9	0
160	408
23	388
2442	4453
1	538
0	1770
43	2112
103	864
1	651
32	5
478	319
2	193
4	13
0	113
0	0
311	1525
0	1135
0	1104
0	13
0	13
0	0
0	0
0	0
0	533
2	41
22	1141
0	14
0	1101
0	1
5	82
0	1109
0	9
6	1064
0	1122
0	75
0	14
0	16
0	579
26	42
0	1118
1	2825
0	2416
0	2293
281	3046
57	1762
11	622
0	237
34	494
3	286
32	655
6	185
4	893
73	430
15	2838
0	1
0	1
0	1
992	376
0	3
0	3
0	1
0	0
0	0
0	0
0	0
0	0
0	0
0	0
0	0
0	0
0	0
0	0
455	487
0	199
1	46
1	104
0	105
116	101
2	47
36	15
0	5
0	3
0	8
0	8
0	4
0	4
7	608
24	608
316	5954
3	5487
1753	5998
3	4912
9	3246
2	4900
46	33
38	5357
39	1147
0	5368
0	0
31	26
4	27
0	2
1545	1851
6	1593
8	1201
13	32
3	39
0	1
0	201
139	488
0	297
0	4794
2	4796
160	4800
0	96
4	114
1	1630
0	2415
0	2
0	1150
11	89
15	180
0	4795
0	5380
0	4747
0	4798
358	552
9	158
0	2
0	393
0	0
0	1017
121	482
0	13
25	428
28	611
12	896
7	101
12	529
0	60
14	977
10	10
0	10
14808	9356
1	2399
22	9349
49	1347
15	498
21	563
19	1072
2	142
193	0
0	262
0	276
0	8
1	234
0	33
6	4
0	9
0	29
0	13
0	0
8	4
1	13
4	35
98	32
1	7
65	222
1	122
20	171
4	1
3	28
5	57
496	0
1249	1
5	1
0	0
0	0
0	46
0	47
0	46
2	1
0	10
0	17
6	60
0	59
1	426
2	449
1	28
5	1
1	66
4	40
2	7
0	0
0	0
52	493
0	493
37	0
7	1256
5	288
1	198
0	0
0	27
0	1
0	1
0	1247
2168	2705
85	8367
0	992
952	8128
3	1805
6	1406
15	2373
3	487
0	1830
63	5037
25	585
0	1588
0	3350
1187	763
2	165
18	598
13	320
27	232
24	6
6	164
9	0
57	164
0	0
9	797
2	133
12	543
0	614
0	3
4286	2106
16	567
1	601
163	1926
59	821
2	483
2	495
0	0
46	973
0	0
1538	205
22	203
17	604
36	6
8	10
0	96
0	528
0	162
0	234
14	1
0	79
0	19
0	17
0	2182
811	2505
0	0
0	177
1	48
0	566
3	115
0	0
5	4
2	4
17	786
38	875
20	981
15	937
1	123
0	23
7	13
9	10
119	3683
1	49
1	3688
242	179
3	179
1	37
0	0
0	172
3	175
0	1
0	4
0	0
0	0
0	60
0	65
0	62
1	42
0	5
1	13
28	9
5	4
14	32
0	13
0	61
93	63
0	307
0	0
0	12
0	1
0	3
2	11
0	1
0	9
1629	76
2	110
0	71
0	722
1	787
1	446
0	4535
0	86
27	1767
0	8
0	469
1	45
0	78
5	2015
0	2117
0	1980
6	110
21	36
0	36
40	443
37	76
0	29
18	8
0	4612
1000	0
548	0
1330	294
0	32
0	20
0	20
1	150
0	92
36	229
0	156
1	0
0	6
0	98
0	8
0	10
8	0
3	0
0	0
0	2
1	16
0	16
0	48
212	108
0	103
1	97
15	61
1	9
3	3
3	4
0	9
19	46
0	103
357	181
7	148
2	17
0	171
1	0
0	0
30	148
0	6
44	148
0	0
43	42
0	17
2	0
0	0
0	0
1	1
0	10
3	0
0	8
1	10
0	5
0	4
0	11
0	1
0	1553
1154	3323
76	2847
16	1568
244	83
194	333
3	1553
62	2673
2	69
0	158
168	171
6	125
0	15
0	49
0	9
1	4
3	4
0	23
0	15
0	5
0	3
0	48
19	874
0	167
88	875
9	133
1	216
3	875
36	2
2	105
1	29
0	0
0	0
2217	2121
0	2120
2	1
0	1
35	385
26	104
0	99
18	368
0	44
15	41
6	70
0	0
13	0
2	0
44	10757
3	10593
4	1706
0	1384
0	1385
59	859
0	373
1	277
0	2
74	3337
3	0
20	1986
4	962
0	2396
1	2879
0	2694
0	1138
0	354
0	80
0	9
341	115
31	110
23	760
28	2953
2	63
2	3022
7	154
87	99
418	2361
0	563
7	311
1	14
45	80
3	221
3	1182
13	249
14	444
2	1089
0	45
0	845
1	269
0	7
7	10
0	7
4	4
80	432
0	24
2	0
0	432
0	0
0	0
0	0
632	0
12	6
0	6
154	2
0	2
1	414
0	379
0	402
0	460
0	274
0	39
0	22
128	10
0	10
0	2
0	5
3	9
0	4
0	4
0	5
0	1
77	354
360	354
10	0
0	0
18	2337
16	2111
16	600
281	395
0	564
0	566
0	74
0	642
17	47
4	57
0	0
4	5
0	5
0	1
0	0
5	2181
1	1946
0	225
2	1693
0	1
0	35
0	0
2214	4
0	4
0	198
0	224
0	915
0	80
0	92
1	318
0	908
16	288
0	225
21	21
6	1074
0	966
2	1029
3	341
0	240
0	0
0	0
0	0
16	495
8	42
1	22
2	42
4	30
0	495
679	1605
13	1600
1	805
173	757
35	710
0	270
20	223
25	49
0	9
0	9
0	0
323	270
0	108
1	14
28	22
2	58
0	60
0	17
0	132
0	59
0	89
0	72
2	10
1	23
0	538
1041	725
0	297
1	30
0	32
0	33
10	694
448	174
7	154
19	89
11	0
15	0
0	0
0	6
0	6
0	6
1	0
0	5
0	5
0	5
28	355
41	89
0	272
37	168
0	2
0	31
4	397
20	26
5	154
2	24
15	109
0	32
0	142
10	31
6	757
18	600
45	365
0	0
5	0
12	69
2	1
0	1
18	16
0	16
156	0
0	0
1	0
5	182
0	182
0	98
1	93
13	29
0	4
0	2
3	1
1	0
0	1
38	45
0	45
0	0
21	0
992	0
4322	2
1	0
154	1979
216	2243
129	2496
6	629
22	117
6	10
0	52
1	6
0	107
0	5
0	0
0	27
535	361
3	86
0	299
18	261
0	0
276	488
20	203
1	27
44	8
0	119
0	39
0	121
2	118
8	82
0	0
0	0
3	464
0	458
19	200
0	112
0	38
11	30
0	0
0	0
0	0
130	9146
16	1921
0	9000
1	1482
18	1815
0	2002
0	1727
0	4085
0	2400
8	2500
0	2099
0	272
2	153
278	354
0	1222
20	901
11	1010
0	754
0	758
2	706
30	367
1432	0
5	83
0	0
1	0
0	0
0	0
0	63
4	70
0	17
0	48
0	11
4	0
1012	0
0	72
0	193
183	47
2	117
3	142
1	16
24	10
0	0
0	13
0	9
0	26
5	24
120	299
0	144
0	8
4	102
0	6
1	1
17	64
20	0
2	1
1	49
18	50
2	0
2	0
706	231
0	28
11	214
1	2
0	6
232	0
194	702
0	447
0	578
0	104
0	0
6	5
0	38
0	13
14	166
2	8
1	0
0	0
0	0
7	2
1	24
2	8
12	8
23	368
1	320
10	63
0	0
0	0
0	0
0	0
0	0
0	0
532	761
0	638
10	601
1	9
2	121
256	217
2	15
11	182
4	52
0	0
2	17
3	374
41	159
2	159
0	10
0	7
0	9
0	4
5	5
0	6
0	3
0	6
0	7
0	5
0	3
0	6
0	7
0	8
0	0
2	0
21	0
2417	315
0	0
0	0
0	0
0	0
29	2621
3	2620
31	1075
0	1
0	125
31	1949
0	43
2	4
3	32
1	23
3	213
0	3
0	2
0	0
0	3
7	43
4	49
2	2
9	20
33	54
2	32
1	25
0	10
6	7
3	498
32	497
0	54
0	28
0	111
0	59
0	143
0	80
12	25
0	20
1	10
0	0
2	40
1	0
6	247
32	2221
0	317
0	2085
2	198
665	358
10	349
7	211
0	202
6	81
1	40
0	101
0	30
0	30
3	0
1	26
0	27
2	1359
30	1632
0	1127
7	0
3	49
0	5
30	92
0	104
1	40
3	24
0	40
26	19
2	49
0	75
0	2
0	0
0	5
0	5
2	14
15	43
0	14
0	15
0	104
8	1514
45	99
1	250
16	489
0	1450
0	1432
3	1351
2	1261
0	1274
10	485
0	30
0	1
39	12
195	0
259	626
4	172
42	613
0	0
0	0
0	0
0	0
1	5
0	5
0	0
0	0
0	2596
12	2062
270	2386
131	154
0	218
8	82
27	895
8	110
0	0
0	0
0	0
0	0
0	0
0	0
0	0
3	0
215	336
1	357
6	103
1064	976
8	789
2	187
579	419
3	1
1	0
0	28
0	8
0	418
13	926
9	872
0	761
5	1
3	2
0	523
0	21
2	20
2	373
1	12
15	139
8	62
2	64
2	64
1	0
255	1409
57	1345
27	1362
0	172
0	225
0	0
49	0
0	998
6	62
2	177
462	270
2	242
0	1550
67	2761
44	467
7	1318
2	194
0	33
358	2623
37	891
37	49
0	3
0	46
385	1844
8	1844
0	1235
0	343
0	59
0	44
4	43
5	145
60	84
4	90
298	353
0	298
0	100
0	17
0	0
0	0
0	0
8	30
3	37
0	121
0	117
0	7
6	168
2	21
0	46
1	7
0	162
42	0
6	823
1	742
2	658
3	742
1	61
16	948
0	933
1	22
1	48
15	114
1	83
0	63
252	145
0	77
0	126
1	1
0	19
0	37
14	152
19	172
1	135
0	18
1	47
86	14
3	22
0	8
154	1006
1	888
0	1074
1702	587
2	260
90	456
1	343
12	134
237	4115
177	4111
0	1113
0	111
15	340
8	395
2	240
3	0
1	361
0	393
32	393
0	288
2	1
0	49
0	24
0	44
0	4
0	4
0	4
0	0
0	4
13	5
0	0
0	0
0	0
0	0
0	0
0	44
113	1
2	0
65	419
14	417
8	222
0	94
0	120
3	1
0	0
0	2656
0	2631
18	3
0	2630
0	2631
30	53
0	78
21	197
18	2657
0	2630
0	0
0	0
0	0
107	546
0	204
35	400
0	30
12	914
0	910
9	914
155	911
0	914
4	913
31	911
0	153
0	0
0	0
0	0
9	7
0	7
0	0
2	0
6	133
0	195
0	146
0	124
0	1326
0	1210
1	109
20	429
0	1
0	0
0	0
0	0
0	0
0	0
0	0
0	0
0	0
350	121
1	121
0	21
0	0
0	0
6	336
1	346
0	264
0	789
0	1
0	741
142	107
0	12
0	1
8	18
7	6
2	1
13	1
0	7
0	202
0	0
1	0
1	4
31	4
0	0
59	0
0	0
0	3
0	2
0	1
0	1
0	1
0	0
0	0
0	0
0	0
2	857
0	936
7	656
0	561
0	319
0	170
0	96
0	0
0	0
0	13
149	65
0	25
19	1
5	33
234	48
290	15
193	1643
382	1643
0	35
0	35
0	0
0	2
1	81
28	127
0	104
1	78
0	77
0	27
1	27
0	0
0	0
0	0
0	0
0	16
0	17
6	17
0	2
36	0
12	2
56	3167
14	347
4	0
0	847
1413	2
21	660
0	22
0	660
0	26
17	84
2	28
183	512
0	405
0	534
95	63
0	0
0	0
0	0
5	50
117	3837
3284	1298
0	4
0	1
0	4
0	0
5	2
0	2
3	62
0	61
0	62
0	62
4	67
2	0
1	6
3	117
1	33
58	122
1	3
0	3
5172	2542
142	2000
1	380
0	1199
162	1580
9	128
20	943
7	349
0	326
3	0
77	1
0	1
0	0
17	110
0	123
1	2581
27	1672
25	1848
0	1697
0	630
0	101
0	1
0	12
0	0
0	0
18	362
0	117
30	342
27	813
0	2457
0	0
0	0
0	0
0	0
0	0
0	0
5	0
1	0
0	0
0	0
20	152
0	113
8	140
0	140
0	73
0	27
11	42
0	9
0	3
40	11
0	9
0	140
0	0
0	0
0	0
3	350
1	297
0	98
1	36
3	1
0	14
0	88
631	1914
1	1735
0	191
0	151
74	326
0	318
0	65
0	140
0	103
4	81
0	30
2	209
0	0
0	9
0	85
20	72
0	93
0	1
2	30
0	206
44	1104
0	1073
0	637
0	646
45	892
1	693
11	167
0	115
0	113
3	38
0	32
0	5
0	5
0	3
0	0
241	67
8	60
2	7
13	172
1	0
0	0
0	0
1	74
0	172
0	29
0	77
0	40
12	46
12	46
8	32
0	17
0	13
0	17
4	0
475	41
7	41
0	73
1583	320
7	232
5	15
1143	192
1	189
0	39
86	669
20	307
11	630
1	104
3	96
1	113
1	0
35	0
21	44
0	3498
29	2144
0	2275
0	2351
89	3268
46	3546
10	1860
1	3001
0	3399
0	347
7	2
0	275
0	335
54	101
18	279
5	190
0	87
0	0
18	33
5	3
0	32
0	0
1	0
7	9
0	9
129	1243
317	1243
45	13
3	13
0	31
42	83
22	83
0	0
0	0
0	0
4	38
0	38
0	0
4	4
0	0
32	0
9	4455
0	3
3	4665
54	4375
2	4375
1	4355
0	8
1	3992
0	2
0	0
8	77
1	199
5	3174
0	168
0	0
3	307
33	265
0	86
0	3075
0	0
0	2940
0	723
0	19
0	32
0	21
0	1
2	64
10	423
2	8
3	52
22	14
0	726
165	367
3	80
60	365
0	44
0	0
0	0
486	54
8	54
102	460
0	219
1	146
0	93
0	35
0	0
0	460
0	0
0	0
0	1
0	1
0	0
1	0
0	0
0	0
4	809
1	814
20	864
2	480
45	0
11	20
16	73
4	11
2	0
1	531
18	782
0	115
30	345
18	3
2	83
46	167
146	18
0	0
5	154
8	111
3	101
3	28
0	18
4	55
0	0
0	3912
0	18
40	107
0	2
2	64
155	796
2	31
11	4074
0	0
1	0
8	275
1	16
0	0
1	67
0	28
0	81
1	292
1	65
2	74
5	36
0	159
15	34
0	46
1	2
0	82
1	104
0	124
0	227
1	47
0	33
0	23
2	223
4	82
756	2411
38	2416
3	2379
50	2412
10	18
3	2
0	3
0	32
286	268
7	236
3	14
1672	59
1	6
2	16
0	2
0	24
46	1386
7	1439
0	334
0	256
0	247
2	12
0	1421
0	3
2	4
0	7
2	2
1	0
0	5
30	2162
4	2123
204	840
0	2365
313	20
3760	1763
0	1765
1	11
1	19
12	35
4	291
971	305
1	11
5	10
196	281
4	279
2	0
0	3
9	89
450	187
0	187
12	9
7	1
4	492
3	108
0	11
0	95
0	13
1	19
10	476
1	34
11	15
2	0
5	5
6	13
0	40
2	46
0	20
0	63
0	6
1913	186
1	1
0	29
1	92
0	0
0	0
0	0
0	0
69	1472
89	1120
1	1258
0	1463
2	1326
4	208
2	397
12	5
0	168
3	101
0	5
0	4
0	4
0	0
8	221
68	231
3	91
20	10
20	348
0	254
0	198
0	231
1	55
119	389
1	198
0	60
0	46
0	5
0	6
0	25
0	1
2	21
20	293
42	290
0	8
4	3
0	2
0	0
6	452
1	626
7	832
0	948
35	948
0	524
6	168
2	22
238	444
0	429
0	85
0	29
40	37
0	20
5	1014
0	80
0	1001
1	2
3	12
11	1
113	910
9	894
145	848
20	829
42	612
6	2
0	57
4	705
3	32
1	40
0	24
0	7
0	7
0	12
0	0
0	2
0	414
5	375
0	403
1	596
0	509
5	15
0	416
24	340
3	6
8	25
0	6
29	19
4	19
0	0
0	0
1	0
0	5
0	4
0	5
0	5
0	0
0	5
51	374
118	708
4	579
0	17
1	512
0	0
27	91
0	0
0	0
0	0
0	0
40	1597
60	1596
5	69
11	156
4	6
0	1436
62	1436
146	1435
9	0
0	0
0	0
0	0
2418	25102
2	22849
3	1091
0	792
31	3842
28	977
53	1026
1	972
1	42
7	64
10	2
1	79
5	94
5	0
1065	1094
0	56
0	770
17	77
3	289
0	33
547	548
62	519
2	521
1521	317
0	310
0	29
2	6
0	1
0	1
0	1
0	3
0	3
0	404
1	386
0	404
38	31
4	31
53	152
14	130
45	121
0	0
0	211
156	231
7	14
16	36
374	154
0	154
25	652
1	1109
0	936
0	1046
14	944
5	122
8	62
0	14
0	0
1	141
5	141
2	141
0	0
0	0
16	852
3	0
0	47
21	347
0	63
6	0
1	635
2	21
4	10
0	10
0	7
0	0
1	11515
0	17653
6	9987
147	16643
133	1323
17	10113
1	63
4	1939
5	14134
94	165
0	8508
13	2037
5151	6
977	1679
4	1638
0	1754
13	703
0	1440
0	104
7	26
1	0
25	3
9	41
0	529
1	760
19	269
14	719
0	790
0	248
0	792
4	1
0	5
0	227
6	234
1	0
9	60
2	7
1390	1195
5	560
0	800
0	87
1	724
2	59
150	225
0	224
0	142
2	14
0	15
5	14
77	1053
2	500
0	872
0	1003
0	115
1	146
1	109
3	0
0	0
5	245
4	465
116	513
803	427
9	223
0	0
0	0
0	0
2787	891
3	0
7	828
0	71
0	343
65	12
0	12
349	38
2	58
10	0
9	2
7	2
1	19
2	7088
79	1336
4	375
3	7
8	764
3	778
2	329
5	622
0	447
16	176
26	355
3	0
1	309
4	286
1	166
0	34
9	43
1	11
47	82
35	25
0	101
49	70
1	234
21	815
77	225
3	652
3	791
1	592
4	33
0	29
1	40
0	34
0	105
3	36
0	1
5	7
455	313
206	363
0	166
163	6991
0	6915
38	7124
1	7191
0	21
111	20
4	1012
1	78
0	109
0	0
12	10
0	6918
20	32
1	31
352	1392
7780	8303
8	3451
8	172
13	0
158	843
27	874
816	3110
0	2177
105	3020
14	4
0	0
0	0
25184	13342
10	1660
105	3473
280	10576
435	1354
4	1637
48	2800
0	662
1	117
0	9
0	18
14	669
0	709
0	0
2	709
0	1
15	619
0	344
0	30
10	49
0	13
10	70
0	0
2	3
1	6
13	3715
166	3928
0	1599
3	927
4	2
2	16
0	137
6	22127
1	8353
0	400
1	13
0	17449
2	17445
0	20148
7	4808
70	17524
78	366
19	138
26	459
493	27012
1	5217
69	22835
0	20147
38	22189
316	810
0	1647
0	14217
0	14222
26	1499
0	21567
0	25671
7	554
5	145
27	145
1	26
0	28
28	33
757	185
0	112
0	0
0	9
2	73
0	0
16	32
0	9
30	593
15	3
8	120
0	36
10	588
390	0
135	0
494	0
521	405
0	53
4	47
0	17
0	0
2	290
1	285
1	173
1	135
0	114
3	104
0	57
0	53
1	42
2	9
0	0
7	237
72	238
0	29
0	4
2	716
33	1305
0	364
96	1305
97	3
0	3
11	506
0	7
2161	2545
54	15
199	2371
6	81
0	1795
596	648
97	440
0	1
7	1
1	0
25	17
0	0
11	17
8	505
18	505
0	0
0	64
1	5642
0	5367
9	114
7	835
2	594
0	472
0	24
2	9
0	0
0	5481
0	5641
1447	177
0	167
0	0
0	69
0	46
5	0
5	574
465	1984
2	1380
0	1385
447	0
0	0
25	0
17	1734
1	2
1	4
8	128
4	1673
142	607
0	22
0	1597
4	7
2	348
0	1689
26	1833
1	1879
12	1691
0	1225
0	1419
0	1
0	252
44	0
303	1739
0	1738
0	9
8	175
14	149
3	523
0	537
0	84
8	94
0	17
5	2340
121	1422
3	207
3	2113
2	0
1	43
3	0
5	705
0	214
24	356
648	7365
116	4858
3	4264
4	1545
8	550
0	584
0	572
1	537
0	30
0	1
3	166
0	66
2	82
1	66
0	14
0	0
0	0
0	0
0	1
0	1
799	300
18	74
0	243
0	132
1	0
0	0
15	456
33	1134
0	1349
15	446
0	33
2	25
33	194
0	22
4	105
4	98
15	4
0	1240
2	13
9	0
0	142
1	108
1	1724
17	2751
0	99
0	0
0	0
0	2695
0	0
0	0
0	0
76	388
1	388
0	0
0	0
18	0
686	178
16	799
1	981
0	1030
106	897
3	0
1	39
2	38
0	0
0	9
0	5
4	0
0	2
0	2
17	152
4	152
0	20
0	0
7	91
17	1951
2	1906
121	163
3	54
8	634
0	132
0	4
0	0
0	0
0	0
0	0
0	0
0	0
0	0
1	336
13	5
0	270
3	1
0	336
363	355
85	354
140	2607
49	2607
11646	8228
6	1912
19	11
63	7747
2	6621
5	6296
42	5047
9	1443
7	5314
16	301
2	0
18	301
1	32
0	0
33	729
3	724
5	603
25	264
10	298
0	0
3	0
0	595
20	176
0	193
0	174
2	709
1	602
0	76
315	817
30	744
4	593
0	97
3	12
235	483
0	76
14	306
0	213
4	0
27	695
1	621
3	132
23	8
0	2819
18	589
2	9
0	17
0	9
0	11
0	81
0	7
0	81
0	81
0	6
0	81
15	10
3025	516
0	45
3	92
0	80
0	59
0	9
0	0
10	130
0	9
0	344
0	0
1	1
0	3
1	170
7	26
761	3771
0	3445
21	764
6	380
4	663
0	441
1	33
7	121
0	570
2	13
13	0
0	0
54	994
0	717
0	717
0	717
0	725
5	623
0	364
1	124
0	104
4	10
1981	437
0	1
0	38
5	23
1	256
0	293
8	263
4	165
2	116
5	38
0	7
23	143
1	147
0	48
1571	954
0	952
1	63
2	52
0	24
1	1
0	345
10	346
65	208
0	35
0	1
0	337
0	123
7	123
1	10
2	10
42	169
8	169
0	1
0	0
198	1152
75	285
0	391
27	700
47	0
166	5
0	0
0	0
0	0
0	0
0	0
0	0
0	0
123	429
11	390
19	108
1	221
0	65
0	444
0	0
0	1108
6	184
58	136
5	915
16	243
1	1033
2	1
0	0
0	151
3	72
8	82
37	150
0	5
0	23
0	32
0	0
28	257
6	246
0	4
0	11
2851	2172
22	2171
28	821
11	29
25	795
2	496
0	287
5	223
47	637
0	45
6	108
11	5
854	224
9	146
2	143
1	15
19	6
1	17
11	0
665	80
0	19
0	20
0	58
3	2
0	0
1	47
0	43
3	20
0	5
1	2
0	7
0	40
788	76
2	76
302	519
0	425
1	420
0	41
1	0
1	94
7	4
0	0
0	0
0	0
0	1
0	0
0	1
0	0
0	0
0	0
4	0
251	0
3	1
4	1
2	219
0	289
0	259
0	124
3	170
0	195
2	260
0	8
0	8
0	22
0	14
0	14
1	0
0	2
0	2
0	0
0	0
0	0
0	0
0	0
0	0
2	154
9	147
0	66
0	34
0	6
0	0
0	0
4	377
0	183
15	273
0	164
49	359
0	17
17	234
1	72
2	51
0	133
0	177
0	69
1	14
0	100
12	169
96	0
19	227
634	227
0	0
0	0
0	0
0	0
0	0
3	0
1259	0
0	0
0	0
30	562
0	429
24	573
5	545
34	0
0	599
1	755
4	1344
74	1172
32	396
5	0
0	0
0	0
0	0
0	0
0	0
0	0
0	0
88	1942
0	2042
0	322
13	533
0	1883
0	378
0	1744
0	0
16	83
0	1898
4	0
0	0
0	5354
151	3677
203	5909
733	5287
0	3712
1078	3
1	2
0	0
0	59
0	59
0	0
0	5
0	10
8	257
9	257
7	274
0	6
0	3
0	14
0	271
0	0
7	66
1	3
1	0
0	66
6	3
0	3
2	383
0	112
0	350
4	348
5	166
1	108
0	0
2	0
70	291
0	292
19	57
0	26
3	73
6	128
0	0
0	0
59	720
13	774
0	65
2	142
1	0
7	316
15	349
12	56
1	16
0	344
0	6070
65	6060
0	562
0	1087
0	1109
0	55
365	1525
0	1571
0	1436
29	2015
0	2127
0	2101
36	796
1	703
2	775
0	744
8	0
0	0
8	0
3	5
0	24
0	8
0	0
5	20
0	0
3	2073
0	28
1	16
1	8
9	23
0	27
0	13
0	11
0	42
19	1513
0	0
0	52
0	1545
109	394
35	394
2	1223
0	0
77	1322
1	510
196	400
15	400
33	400
89	559
0	559
8	359
2	470
19	59
0	48
0	146
12	41
7	58
0	534
1	417
16	2481
1	140
2	202
231	2415
0	0
2	114
344	260
0	216
0	0
0	0
0	0
122	6430
0	618
76	35
20	647
0	5835
0	4752
2	851
0	465
4	3258
12	153
18	439
0	734
2	1994
0	325
0	6
1	1188
9	130
1	45
2	45
0	3
3	6
3	7
0	7
1	6
4	1738
0	56
18	590
44	89
13	168
31	1683
0	27
0	121
3	23
1	0
5	6
3	31
52	460
8	189
193	40
1	69
6	106
3	1
37	246
32	11
0	1
0	0
0	2
29	454
0	62
0	393
0	362
0	362
3	300
0	31
1250	412
2	96
15	267
1	265
2	141
480	534
2	233
4	534
50	695
8	695
0	146
38	4218
0	2410
0	278
0	2983
0	4397
0	134
3	2375
0	2838
0	2927
1	915
2	1129
0	2716
0	859
191	1799
1	278
0	294
1	924
0	42
0	782
165	1121
18	557
38	1119
1	882
9	541
0	0
0	0
0	0
0	776
2	0
0	0
0	0
0	0
0	0
1757	280
0	280
2	0
0	51
0	517
9	496
17	23
2	7
1	11
0	2
1	0
0	0
0	0
0	0
115	0
489	578
2	526
0	69
3	66
0	179
0	0
50	3981
60	3649
18	2369
1	1578
1	108
443	0
14	0
7	1117
121	1417
180	1727
0	1206
7	758
1	746
1	47
1	0
108	86
1	85
0	0
0	0
0	0
0	137
0	101
1	0
0	136
0	0
1	124
1	136
0	5
0	38
0	0
0	15
2144	2807
75	2626
436	1407
2	232
37	2029
1	244
1	119
0	105
54	1042
7	972
3	61
452	523
1	523
36	0
1799	1700
8	2138
386	158
1	81
0	116
0	513
0	402
0	513
0	516
103	637
0	14
0	96
7	16
5	190
276	339
0	13
12	159
0	64
7	42
26	739
33	2056
4	18
222	2056
4	1146
64	4
292	1068
13	0
8	404
3	1239
7	900
38	1115
2	104
28	1037
19	67
1	0
5	16
313	42
1	42
109	2926
0	2671
1	278
1	136
0	413
0	211
0	289
1	1780
0	787
2	96
427	785
0	214
36	250
1	301
8	7
5	92
35	97
0	104
0	38
0	54
0	39
1	53
0	5
0	87
32	0
2	42
0	1
0	1
0	1
102	0
0	0
0	0
1	240
55	1551
0	1088
0	1209
13	701
0	968
11	168
15	460
0	100
5	430
46	450
0	8
3	32
0	1
0	23
668	0
0	22
11	22
257	1063
197	1062
2	155
329	798
0	517
0	217
0	110
4	87
2	184
0	58
4	345
13	15
0	1
6	139
2	12
4	34
8	136
0	113
4	112
5	54
39	724
6	720
11	734
44	253
1117	86
5	82
1	1
1	0
240	2471
0	1672
3	629
133	568
2	765
0	1553
31	1588
64	1673
0	1687
55	1465
3	41
0	136
6	222
0	135
0	34
9	6
0	239
0	0
0	0
0	0
0	0
0	0
5	34
2	26
0	9
0	15
0	14
0	25
0	7
2	6
0	0
0	1
0	1
0	1
0	1
381	748
5	99
9	552
4	124
1	186
3	556
1	208
2	193
1	109
2	14
2	1
0	0
6	8
0	1
0	0
0	1
0	1
14	44
0	44
0	0
0	0
0	0
0	0
0	0
0	0
0	0
0	0
0	0
0	1
0	1
24	348
0	28
0	253
0	50
0	346
0	253
0	312
1	939
14	937
0	922
0	949
1	801
0	1069
0	599
2	14
21	542
2	114
0	239
0	165
3	85
10	113
0	73
1	34
114	2
32	88
5	32
8	1
3	16
0	16
0	0
0	0
0	0
0	1
2	24
18	23
14	17
4	24
2	2
0	1
0	11
0	8
0	0
0	0
0	0
921	1562
61	1561
0	38
0	710
0	448
0	269
0	0
0	0
0	0
0	0
23	164
5	123
1	149
3	142
0	3715
0	146
68	544
0	543
5	2706
5	1
0	3161
1	123
2	0
55	3656
11	6
0	6
1	0
0	0
0	0
3	1445
4052	550
4	249
10	299
69	1927
11	1660
24	75
0	71
0	71
0	73
0	1852
9	101
0	344
6	230
0	69
0	109
0	138
1528	196
2	0
2	96
55	140
0	43
0	129
0	16
0	10
13	1154
0	9
2	0
5	12
1	1086
12	985
7	19
0	0
0	3
5	5
0	4
0	39
0	189
8	767
1	5
0	3
0	0
0	72
15	0
17	185
1	389
0	3
0	59
33	57
1	318
10	364
0	29
0	111
35	210
25	75
37	46
0	105
0	94
0	4
0	21
6	19
18	9
0	214
0	5
0	0
0	0
0	4
0	2
0	0
0	1
0	1
0	0
0	0
0	0
126	0
3	0
1	698
7	777
20	745
3	90
4	36
0	41
0	0
0	0
24	57
0	15
0	34
0	41
0	6
0	0
0	17
1	3
0	10
0	1
0	1
0	3
0	0
3	709
6	387
72	531
1	442
0	644
0	177
0	0
9	94
3	1
0	0
2	0
0	7
0	0
7	0
0	601
3	67
0	157
0	158
0	205
0	33
1	73
2	4
2	3
39	93
2	102
0	9
0	9
1	10
0	7
0	115
103	229
1	23
0	32
0	221
1111	329
118	0
1	100
1	43
1	79
0	1459
37	1430
6	197
0	1422
81	1209
5	519
6	577
225	531
0	56
0	89
0	89
0	25
0	25
0	0
0	0
249	2
14	2
12	219
1	123
2	182
0	39
484	219
3	195
22	0
1	59
0	36
6	25
0	25
70	695
0	76
0	695
262	170
3	0
60	391
0	1
0	1
6	461
14	0
18	127
4	1285
2	106
12	30
4	1358
0	0
3	39
44	109
76	98
19	100
0	16
0	99
2	3
0	3
0	3
0	3
0	3
0	1
0	1
0	1
0	0
0	0
3884	3851
17	3397
41	1579
97	453
0	0
72	3
0	200
1	104
0	214
14	73
6	196
0	19
0	2
0	3
1	35
1	50
1	84
0	23
0	6
28	79
0	1
0	18
0	229
1562	839
521	270
1	641
2	269
5	401
66	4584
2	0
3	17
0	4576
0	496
0	176
0	229
8	430
0	196
5	472
0	29
0	18
2	0
14	96
1	12
0	101
1	92
1	68
0	44
3	337
27	0
0	0
6	1760
45	1760
501	80
0	78
131	2104
12	2028
3	407
1	167
0	151
0	368
0	269
0	103
4	304
0	0
0	261
193	280
1	8
0	56
0	197
0	25
0	0
0	35
0	22
16	56
0	60
0	11
10	4
0	3
0	1
0	1
0	0
0	0
0	0
151	2029
18	1874
141	2577
3	10
17	62
61	660
4	62
1	0
8	10
2	10
0	8
1398	1
3	0
1250	998
0	563
0	0
0	767
0	404
0	0
1	0
1	11
0	1
0	9
0	4
80	142
0	130
9	47
0	3
7	4
2	44
0	39
0	7
0	27
0	6
0	35
0	159
0	101
1	12
0	0
14	101
0	7
0	5
0	162
2	1015
95	1016
0	83
512	2121
1	2120
10	851
14	532
2	101
13	10
314	1434
41	1434
6	169
5	185
0	26
0	34
0	30
262	1
0	0
0	0
0	0
0	1380
0	1332
1	791
0	759
2	866
0	853
4	921
0	175
2	27
0	560
0	604
0	183
0	304
49	23
0	24
1	21
0	21
12	50
15	179
19	17
0	13
3	74
0	0
118	1
0	0
0	0
2345	218
1	8
1	210
0	3
0	3
0	3
26	215
656	427
16	290
0	146
0	0
0	0
0	0
0	0
0	0
0	0
0	0
0	0
17	44
0	291
0	113
0	102
4	103
37	294
0	113
3	35
5	274
0	47
0	23
0	57
7	32
5	1
0	0
4	2547
142	2547
8	1947
4	1563
202	7
14	14
0	0
0	0
0	0
0	0
2	0
5	0
0	13
1061	134
6	44
0	26
0	0
0	64
11	11
3388	1295
1	1295
9	1284
4	11
0	38
10748	1187
150	7
3	633
12	642
11	440
0	531
84	1
7	1
0	0
0	0
0	0
1	0
4	56
7	424
0	387
0	0
0	82
3	337
0	335
4	289
1	5
6	35
1673	1
0	0
0	0
628	64
1	24
17	40
1723	308
3	33
171	133
230	62
0	0
0	0
821	1506
4	1599
12	1343
0	1260
0	1442
0	407
0	1430
0	337
4	939
9	83
0	161
156	178
3	60
1	46
3	99
2	137
0	149
0	88
0	20
0	2
0	1385
333	0
21	44
0	17
0	17
4	21
1	18
0	0
12	345
0	376
8	341
0	353
5	31
0	0
0	0
0	0
0	0
0	0
0	0
14	1583
55	1583
36	1469
0	0
0	0
0	1
0	1
0	0
16	10
0	10
0	0
0	0
0	2
0	2
0	1
39	128
38	339
31	462
0	512
1	32
2	33
38	10
18	14
69	0
0	0
0	0
0	0
0	5
6	7
0	7
967	18
0	18
253	9
0	9
722	0
0	0
1	0
0	0
18	558
0	642
25	483
1	93
1	6
5	87
200	486
0	342
12	219
24	447
0	32
0	5
15	181
0	0
0	0
0	0
0	0
0	0
0	0
0	0
3	0
1	0
0	0
0	0
0	511
0	668
25	645
1	257
2	21
0	681
1685	855
20	855
403	42
6	42
0	275
37	279
0	6
0	0
2668	517
0	11
0	0
0	0
0	0
0	0
4	641
504	645
92	644
0	65
691	15
0	0
49	260
191	73
0	56
1	12
0	10
0	506
36	536
4	172
2	127
13	44
3	32
0	5
7	65
2	47
0	37
1	35
17	3
15	3
1	5
0	4
1	1
673	1365
1	1348
0	194
1	17
15	167
2	120
0	676
1	16
0	0
0	0
0	0
272	227
3	104
0	122
257	44
4	44
38	2275
0	1781
20	803
0	118
0	69
108	0
0	604
65	629
6	17
0	76
12	4
4	343
4	64
0	1927
0	1960
0	0
8	0
1	0
784	491
7	485
0	310
21	96
39	106
6	97
488	395
0	0
0	0
0	0
96	72
212	439
3	20
24	368
13	349
4	1
280	137
0	49
0	100
91	1368
21	1368
1	504
0	71
272	83
1	83
0	0
0	0
0	0
0	2
0	2
0	0
0	0
10	3
0	0
0	3
550	421
10	120
47	72
4	88
31	2
0	1
0	0
0	0
0	0
0	0
59	2400
13	1073
6	380
2	4
8	2
0	2400
11	2
0	2
0	7
3	7
2554	206
0	205
0	74
183	913
16	913
1	1
21	2
1	0
0	288
45	1502
9	10
1116	1491
5	388
2861	149
104	149
0	0
4	7
0	7
1	7
314	1617
1	1738
0	426
15	1381
46	932
12	1254
1	50
12	15
61	3166
4	3060
0	3286
0	3375
0	3461
75	580
1	4
17	137
9	36
0	2239
9	46
17	218
3	155
7	382
2	364
175	95
0	4562
47	3640
503	3367
0	14
0	267
1	1
1	39
9	40
0	1
0	6
0	0
0	0
0	0
0	0
1	639
816	61
0	59
0	54
1528	343
3	72
0	35
16	2
0	0
0	0
1678	1057
0	1055
7	143
0	0
293	142
66	142
0	0
0	0
0	0
2	67
5	116
0	99
4	0
68	1
18	282
174	282
20	84
3	6
980	40
0	39
0	0
8	8
1	73
3	62
0	72
1	0
0	69
1	9
0	54
28	28
21	0
212	680
0	286
1	494
2	126
6	457
20	323
0	7
8	64
0	409
5	377
39	257
2	369
0	11
2	7
1	7
0	0
0	0
0	0
0	0
6	0
0	286
312	6074
14	3244
12	250
0	4660
9	2178
0	381
542	1206
10	404
7	337
0	776
105	0
1318	515
2	26
1	159
2	27
0	57
0	65
0	107
0	98
9	99
3	19
0	4
186	2753
0	12
0	53
4	317
2	2757
359	6864
7	6864
6	29
0	268
0	2372
338	2929
33	2108
2	47
49	39
14	33
169	70
0	0
171	1183
53	1159
19	487
227	566
7	536
20	84
7	157
2	71
15	14
3	3
0	27
100	2016
0	144
70	2019
802	746
28	329
4	387
9349	406
1	399
2	272
8	277
2	7
0	0
0	0
1	3
5	2
0	3
4171	0
1269	0
3042	1
7	412
12	449
99	428
0	472
0	430
78	20
0	0
156	0
244	592
2	4
28	587
4	0
1	6
25	132
5	83
26	27
1720	346
0	246
0	258
14	35
1	240
7	184
0	159
0	16
0	19
0	1
29	2262
78	3580
111	2056
51	113
2	1694
0	0
0	0
0	0
0	0
0	0
0	0
0	0
1750	1229
17	1229
48	124
1	1
0	0
0	0
0	34
0	12
0	368
1	19
0	18
1	26
0	30
1	1
0	172
0	379
1	0
1467	0
0	0
0	0
0	0
0	0
27	0
667	284
4	280
10	4
0	175
5	30
14	159
15	159
9	40
46	49
0	159
0	0
11	1987
0	38
2	0
9	1210
114	495
4	1182
0	883
10	2044
0	2035
11	2001
0	2044
5	757
7214	1451
1	738
85	718
37	874
11	3
0	3
0	0
0	283
0	283
61	283
0	27
108	715
3	623
0	93
1	79
0	0
0	0
729	317
7	141
143	1347
0	808
27	241
0	212
2	8
0	143
6	33
1061	210
0	98
0	112
11	0
947	237
1	16
0	45
0	174
0	89
23	374
10	71
0	386
73	443
5	82
0	29
0	363
0	0
0	82
0	0
23	442
0	335
1	314
2	116
0	9
0	27
0	195
0	1
0	434
277	1229
2	1133
2	88
1	110
4	87
328	1393
0	423
5	735
11	525
37	194
15	985
15	985
0	22
0	0
1	30
3	84
0	618
1	0
1117	460
0	202
7	259
22	183
717	426
0	143
9	0
9	291
0	12
2	108
0	4
0	50
0	63
6	109
0	215
27	227
5	233
8	18
41	713
171	713
0	24
0	0
670	364
0	201
1	364
10	0
0	677
1	998
64	1006
0	616
3	791
0	444
0	294
0	3
0	50
0	0
0	0
0	0
0	0
0	215
2	283
2	74
0	328
0	19
0	71
0	219
45	180
0	17
21	10
0	158
12	32
0	48
0	28
1	63
0	43
21	6424
0	5996
0	5917
34	5890
0	8135
0	5330
19	6741
0	3064
0	3670
0	1532
5	508
22	997
2	1551
7	1316
7	917
0	494
11	601
0	519
4	341
3	450
0	6172
105	218
22	249
2	89
7	91
1903	0
694	0
7	577
80	2946
0	270
30	2417
17	1968
0	2550
0	1598
0	157
72	1455
4	120
4	37
15	125
3	0
50	37
1	37
0	4
0	0
0	0
3	1841
139	2447
0	1
11	562
34	575
16	26
93	0
82	4600
23	3576
0	1082
12	4299
1194	1366
28	0
24	419
0	3574
0	385
1021	385
41	186
47	83
11	78
0	5
0	6
0	0
439	133
0	136
0	108
4	33
6	27
0	0
0	3
0	27
583	550
4	550
0	143
0	29
14	0
8	321
1	270
0	172
2	0
4	94
0	4
0	28
6	17
0	0
0	0
0	0
0	0
0	0
6	3
126	144
0	11
0	20
0	129
1	4
0	5
0	9
10	134
0	858
4	432
3	85
0	876
0	607
3	352
1	0
118	164
0	111
0	53
1900	0
1026	0
0	115
0	4
213	120
1	102
0	102
1	87
0	68
0	43
8	1367
0	910
1	1190
8	313
0	404
0	631
0	884
0	142
0	131
0	297
5	73
0	70
2	34
3	60
3	32
48	7
91	0
11	1129
31	445
25	1344
0	1728
64	2451
12	1
0	1
0	0
0	0
0	1
0	7
0	1
0	2
0	15
0	3
0	0
0	13
1366	55
23	55
588	538
6	0
19	2
1	57
0	0
359	319
1	405
1	536
1	232
74	255
0	10
1	2
8	93
0	71
0	102
4	0
1	0
1	8
0	94
0	0
0	0
0	0
0	0
0	0
18	1
0	1
301	2547
2174	2574
114	27
3	4
14	1002
1	1041
0	50
1	122
0	10
4	88
0	15
0	0
0	0
0	0
11	5072
67	4707
0	4974
3	1643
1	1943
2	499
1	380
0	17
0	15
2200	1096
7	134
43	410
768	1310
105	1254
0	50
1	98
3	173
0	9
8867	393
14	387
28	1994
1	165
0	282
33	1954
45	1000
19	226
9	210
1	131
6	41
37	0
10	143
53	143
0	0
2665	78
6	34
7	42
54	17
0	124
1	113
0	2
0	4
0	11
0	106
0	1
0	143
0	4
0	0
0	94
0	3
4	90
8	8
0	0
0	0
0	0
0	0
0	0
108	2024
5	0
406	2688
3	727
8	1707
3	1152
0	2
93	95
1	0
0	1711
6	9
35	100
3	160
20	227
14	446
0	0
23	1700
0	3578
60	3568
37	609
0	3265
0	3574
573	278
0	180
12	263
0	3
11	4
13	8
0	0
0	0
0	0
0	0
832	849
0	848
0	60
15	62
36	10172
2	822
1	782
1	710
0	1314
25	1277
10	57
1	43
68	9965
0	284
1	275
0	12
8	174
0	0
2	95
0	78
2	3
37	29
0	9
900	1896
1	14
16	1452
5	4
5	42
0	442
0	0
121	86
0	82
0	8
2	0
7	40
0	33
0	5
0	0
0	2
0	64
15	64
4	15
0	772
11	2079
8	1
6	22
19	2126
17	124
23	705
8	851
105	755
106	4
1170	194
0	167
0	3
0	24
47	90
1	45
21	90
107	0
0	0
0	316
1	323
7	278
6	856
0	662
0	728
0	304
0	328
0	370
0	102
0	52
2	62
0	31
0	13
1	4
243	418
7	234
0	61
1	207
27	170
0	82
90	168
78	1528
24	732
3	4
68	859
2	74
0	71
11	1367
18	1128
3	0
1342	214
0	214
0	49
309	702
0	657
0	79
0	55
8	180
0	112
0	22
2	8
0	0
0	0
322	0
38	1
0	0
0	0
0	0
0	0
4	52
74	322
28	174
6	6
0	142
7	0
0	0
336	434
16	307
5	127
489	60
0	5
0	55
0	0
0	0
0	0
0	0
0	0
0	0
0	0
0	0
8794	3653
21	1968
14	1676
0	51
0	64
4	49
2	78
0	0
0	16
0	17
0	14
0	821
145	821
0	83
12	125
0	6
2	174
1	1
6	55
1	179
0	249
0	163
1	157
0	7
0	10
0	20
0	192
11	674
17	649
4	564
0	24
0	0
0	41
5	21
906	1197
0	599
0	957
6	638
78	1050
0	487
0	687
67	395
3	16
202	16
166	517
4	28
16	516
1	0
116	13
4	2
0	7
0	6
0	546
0	11
14	13
0	543
119	591
12	73
0	36
10	290
114	598
4	540
7	286
9	481
0	229
0	22
32	3
1	1
0	558
0	7178
295	7121
1219	7707
6	7648
354	35
1	16
0	20
15	1255
16	1202
4	1195
2	1096
13	902
486	1
10	50
1	243
88	235
19	99
110	464
5	308
0	378
365	665
30	665
7	17
0	107
0	2944
1	2751
83	2932
9	937
3	89
2	252
6	0
11	561
0	147
0	357
3	1
617	172
2	24
1	150
0	2
3	29
0	16
0	12
0	9
0	4
0	0
0	1
0	1
2404	450
0	0
14	446
0	18
1	14
0	14
0	0
0	11
0	3
7	582
18	143
3	144
0	574
0	446
30	425
9	483
0	483
0	407
27	224
1	22
17	203
0	0
0	43
0	44
0	12
0	16
0	10
0	0
0	0
149	85
0	85
0	0
0	0
207	3849
1	3730
11	3745
0	3153
6	85
6	212
1	602
476	359
36	358
42	343
0	342
0	79
9	48
0	43
1	42
0	13
1	6
0	0
6	62
44	86
7	94
0	60
0	0
1769	431
0	417
19	29
2	29
1654	451
0	0
0	25
0	13
0	7
2	11
0	0
0	0
0	3
0	10
44	1976
0	1663
4	131
12	215
3	0
9	631
2	64
15	96
7	96
0	0
0	0
0	0
0	0
1103	150
27	5
9	145
3	3298
55	3017
4	1248
1	105
5	60
2	66
2	15
1	12
0	3298
236	0
46	0
4	9
0	0
2	9
1	0
13	75
0	1669
0	1669
399	0
126	418
5	405
0	447
16	454
1	1
0	1
16	23
0	23
143	1036
14	19
0	645
0	306
8	158
559	303
0	97
11	194
7	143
1	0
0	0
0	1
5581	1518
7	191
16	2
0	1322
59	328
27	7
383	1131
7	780
10	80
0	102
0	579
0	0
0	0
0	0
6	0
0	303
7	257
0	278
2	1
0	180
1	14
0	12
0	16
259	163
11	7
2	158
0	158
55	1167
12	939
0	274
46	1250
9	958
5	77
5	2
7	407
19	400
0	310
7	8
9	8
0	6
99	1526
0	572
0	560
0	978
1	138
5	533
0	3150
0	2962
0	2980
62	3004
3	2754
2	2941
0	2719
27	2501
11	117
12	112
0	102
5	278
0	3164
3	982
2	681
31	271
1	982
0	977
4	0
0	0
1287	544
1	165
0	37
0	30
22	244
27	298
0	249
2	1146
5	1074
0	180
2	676
30	539
19	38
5	108
0	752
1	88
19	27
284	0
0	0
67	2659
249	2659
4	61
33	27
5	0
1	8
9	8
224	48
0	47
0	11
0	8
0	1
1	1
4	14
0	14
0	2
115	69
1	3
7	69
0	11
5	13
1	4
111	1
0	1
0	13
17	13
100	10627
449	10627
51	7648
0	888
5	820
8	825
0	979
0	157
5	18
0	160
0	177
2	186
12	14
2	10
0	0
0	0
0	0
0	1895
0	2073
0	1371
37	1487
2	35
15	244
2	119
0	113
0	94
0	89
101	501
5	20
6	0
5	301
0	369
5	253
1	0
1	0
0	0
0	0
0	0
0	0
0	0
0	0
3	126
1	113
0	161
1	0
0	0
0	0
0	3302
10	3684
55	704
0	285
1	1654
1	1330
1	110
3	62
2	94
0	182
4	995
0	565
16	896
0	905
0	870
0	109
0	0
0	16
5	37
0	2
0	43
76	1146
275	1008
0	341
71	1135
2105	103
0	102
0	0
5	66
0	0
1	0
0	0
0	66
0	0
0	66
0	0
10	997
0	161
1	378
4	566
5	996
0	32
0	300
1	216
3	124
3	10
0	173
7	1077
9	426
22	391
0	30
806	1527
0	287
0	1530
23	32
4	0
0	192
3	155
0	119
29	51
4	152
0	0
0	0
0	0
1	0
174	3123
0	2115
4	974
27	957
2	740
28	204
5	195
2	1
25	10
122	47
6	35
0	11
181	41
4	8
0	5
0	973
11	896
3	915
7	14
553	0
0	1
0	1
0	882
0	862
0	801
0	796
8	205
23	644
0	829
0	774
0	27
12	30
0	44
22	2
1	70
2	217
4	66
10	1
8	53
7	59
0	56
13	266
2	277
4134	1912
3	1727
5	143
28	96
0	4
0	4
4	96
0	0
1	4
0	3
3	3
2	0
0	0
98	0
29	105
1	98
9	105
0	59
0	0
1	0
0	28
26	544
4	535
12	544
0	6
270	0
7	102
73	236
27	128
12	71
0	0
0	1
0	1
0	1
0	0
0	1199
0	1275
0	1052
0	960
9	171
51	806
151	0
43	708
38	43
1	2
83	166
1	50
5	16
1	126
3	92
0	1336
0	1322
0	489
1	100
2	488
10	71
0	14
0	517
4	0
23	47
0	3
0	56
9	38
1	19
0	11
0	23
1	11
720	786
0	0
3	786
14	0
0	0
24	693
80	693
326	78
8	3
0	8
0	67
0	0
18	46
7	19
875	77
7	0
1	11
527	1
263	0
0	0
0	36
29	24
5	36
1023	1
223	77
0	77
128	21
4	21
380	714
842	301
21	75
0	129
3	34
0	69
10	93
15	16
0	0
1	11
52	786
6	798
0	2
0	20
0	42
0	1
27	1840
4	195
0	396
9	886
6	1025
0	565
25	184
3	260
0	0
1458	147
0	36
0	71
0	80
0	2
0	0
0	496
0	407
0	309
2	7
0	10
0	468
556	257
2	78
0	1
46	182
3	22
3524	23
42	1404
71	1404
0	1201
0	1367
0	103
1	0
15	128
0	0
0	0
284	760
2	0
12	559
0	0
1	691
1	8
0	44
7	6
80	1570
17	1341
0	694
14	117
2	13
39	16
0	11
0	0
0	5
8	1
0	1
35	331
0	324
0	285
0	2
0	23
11	33
418	254
22	341
2	122
2	133
2	4
0	4
0	0
6	0
3	0
13	18
5	8
0	12
0	25
1554	1088
7	883
0	581
0	63
4	131
2	156
0	75
14	3
0	3
6	771
343	844
0	142
1	38
76	104
7	104
13	54
2	54
0	54
9	54
0	52
0	0
309	1481
976	1501
7	1087
0	1089
0	1081
0	1093
0	1084
0	1085
0	1047
0	7249
3	5
19	71
1	4964
7	21
3	974
1	59
0	41
0	7080
20	35
0	35
12	2
0	0
7	557
6	527
0	24
0	40
4	6
2	58
0	59
0	2
1	165
2	532
0	255
3	4
5	1
2	6
0	171
0	10
0	44
5	352
0	521
2	1
0	1
0	0
8	66
80	622
1	561
0	399
665	399
597	233
0	196
0	3
19	198
0	15
0	0
1	0
0	2
0	2
0	2
0	2
0	2
0	0
0	0
1	0
1607	1
38	330
56	692
11	1659
0	29
2	623
2	11
11	1355
5	40
0	445
9	1408
0	55
11	744
0	125
0	95
1	242
0	734
0	0
0	0
0	0
0	0
0	0
1644	178
17	39
3	139
4	0
59	1243
0	1240
1	1217
0	32
0	117
0	80
0	50
0	40
0	1243
9531	1018
19	1013
0	0
0	2
3	2
0	0
0	0
0	0
0	0
0	0
0	0
0	0
0	0
1	2
0	1
0	1
2	3
11	38
4	38
0	0
1	130
1	217
0	1383
1	1345
6	1311
0	105
0	113
254	11460
1	7475
13	2692
16	116
14	5055
0	7467
3	1437
0	1891
747	146
5	146
0	0
17	76
0	5
0	7
0	1
2387	468
5	467
0	106
57	278
758	1232
1	848
1	13
7	43
7	158
0	17
0	0
0	0
0	0
0	0
0	0
17	4791
55	4094
147	1890
7	304
111	819
18	175
339	1152
2	8
0	1151
116	9
7	35
0	343
0	358
0	4947
2	545
0	83
5	1413
1	46
0	16
0	510
2	837
48	0
2	115
0	1420
253	0
1	31
45	109
1	2
0	0
0	4
3	12
1	78
345	1252
4	1157
0	184
35	66
0	60
0	17
0	260
1	238
0	240
0	252
0	11
0	24
0	0
0	0
0	1
0	14
0	0
3	188
10	107
0	285
0	328
3	8
79	3941
7	2034
9	3914
0	4161
0	2416
2	2189
0	545
56	768
13	616
0	349
1	148
16	3
0	4
4	149
1686	1
262	152
0	106
0	0
0	0
0	50
0	75
0	87
0	45
0	1
0	1
0	0
0	0
1	10
0	10
0	24
4	25
0	0
2460	1
624	1911
2	51
37	1766
0	1962
1	0
7	66
0	0
5	922
0	0
0	0
0	0
0	0
0	0
0	0
0	0
0	0
0	0
0	0
1	0
1	990
0	601
54	991
0	46
0	608
0	43
0	114
18	105
0	1
0	1
0	0
4	14
0	0
150	8361
0	4384
24	14678
443	11517
41	1222
0	10
159	0
3	80
0	113
0	179
11	2044
267	3288
29	3158
158	24
38	103
12	867
0	1080
28	1034
0	925
19	38
0	174
1	2
0	10
0	0
1	80
1	13
0	13
3	43
0	8
2	627
4	77
3	573
0	569
1	0
0	4
0	15
0	627
5	11
3	309
0	1019
0	741
4	775
1	604
0	942
0	969
14	124
0	27
28	71
32	90
0	24
667	36
0	3
0	10
16	0
0	32
1	51
7	124
0	34
0	0
0	1
0	10
0	134
0	117
0	22
0	3
0	6
0	0
0	1
0	0
7	118
2	41
994	332
2	0
14	291
4183	1
9	42
0	42
39	246
31	246
0	184
0	1
0	1
0	0
2	1
2	365
1	328
0	324
9	97
1	2
0	250
1	12
0	66
2	82
0	14
0	128
63	1222
317	1299
4	1018
1	116
0	146
0	14
1	10
17	1
0	1
0	791
13	50
0	44
0	33
0	285
5	19
0	606
0	230
0	606
10	202
0	58
1	60
0	244
2	1018
0	0
3403	6161
48	3870
0	5304
43	813
22	686
76	470
2365	1102
248	655
0	948
1	200
1	0
691	237
26	152
2	167
0	35
23	131
0	123
0	122
18	104
2	75
52	175
0	166
1	96
31	10
1	1056
881	1087
0	811
0	828
0	110
0	657
0	1133
0	560
0	519
0	866
10	595
0	89
4	590
0	726
9	0
53	13
0	858
4	39
0	36
30	2
0	202
0	172
0	54
304	605
2	231
0	128
0	14
0	196
0	132
3	214
0	80
131	425
5	425
2	78
2	4
13	14
3	3
2	0
2	230
1851	289
20	225
10	202
0	140
0	0
2	3
0	0
0	0
0	0
0	0
0	0
189	155
8	155
81	402
8	402
0	47
345	717
31	1594
0	1365
0	71
4	53
12	4
1089	178
0	177
0	69
0	1
170	0
19	0
0	0
0	0
0	0
0	0
3	0
114	68
0	5
0	4
6	0
7	62
2	0
2	3
29	9
0	12
121	537
1	510
10	79
2	22
17737	46100
42	9840
1	10509
5	26582
35	7665
2	25077
6	21227
41	19444
225	990
2	882
11	108
3	293
1	754
720	1115
2	1076
0	885
5	200
171	956
269	60
2	4
3	3
2	3
100	4985
40	1992
0	4915
30	42
235	2343
42	4
0	928
7	1690
1116	1326
1	0
326	1326
11	494
10	1468
474	1341
1	43
33	1130
2	185
1	822
0	176
0	105
0	769
0	48
0	48
7	11
19	55
0	17
13	648
0	577
8	133
18	280
2	252
2	204
4	217
0	209
0	38
0	35
11	2
0	1479
0	1465
0	1172
0	1924
1	2001
0	48
10	1523
1	100
40	1669
0	2123
0	1952
0	2022
0	1228
1	53
10	1480
1	14
0	31
0	12
0	32
1	54
0	68
2	687
0	94
6	39
1	54
2	458
4	91
10	43
0	3
0	654
0	71
3	651
0	27
2	7
1	136
0	618
3	24
0	281
0	167
0	11
10	67
0	685
2	510
525	58
9	56
2025	507
29	202
62	463
1	1
0	1
0	1
0	0
0	1
0	0
450	1
2	0
0	0
0	0
30	1229
3	1074
1	1057
0	1005
415	1067
0	881
11	973
16	94
5	819
13	64
18	927
17	1
0	0
2	15
0	99
32	2
3	13
2	20
0	95
0	22
0	0
5	5
2	0
0	898
0	772
0	596
6	707
3	725
9	422
6	556
0	57
16	589
0	15
0	117
7	100
12	1490
15	1234
0	1547
0	583
1	892
342	466
107	444
2	12
5	305
1	117
590	198
7	0
17	197
12	5413
23	1473
3	86
125	730
4	57
22	61
113	5389
0	0
0	0
0	0
0	535
955	873
1	107
1	437
2	13
2	76
0	55
4	42
14	211
3096	788
12	0
151	107
0	838
2	4
64	4
0	4
3033	2329
9	2329
4	7
4	7
145	6636
0	7793
86	727
16	6669
92	171
145	1624
28	1224
10	521
2	66
0	66
0	160
11	5
5	34
0	181
175	1
0	0
0	0
1	1
620	1
316	0
0	109
5	97
2	69
2	23
0	7
0	9
1	11
36	5
4	12
0	1
17	5884
412	5994
45	397
3	0
28	814
2	139
1214	871
1	231
0	213
66	397
14	2
0	23
27	198
3	24
1	4
0	2
0	43
1	2
106	492
60	513
0	42
4	24
0	53
2256	897
404	897
41	528
0	209
1343	660
0	629
0	505
2	542
0	575
36	215
0	0
0	63
0	37
0	58
0	32
928	134
23	134
3	77
0	3
0	3
1	78
0	175
33	181
0	112
0	121
2	127
4	117
4	4
0	5
0	11
0	18
17	4
0	0
0	261
57	2335
0	54
10	529
69	46
91	750
0	2269
0	2345
1172	0
86	61
2	60
14	33
39	2910
3	2748
249	2767
2	2112
0	2047
20	178
23	2
15	281
19	166
278	66
2	5
0	4
0	62
1	0
31	60
48	60
0	0
11790	7715
129	7750
10	7710
19	446
2	2575
0	1240
3	293
4	293
0	45
0	70
11	67
1	103
1	3
0	3
0	0
82	983
25	1724
1	1722
0	41
13	22
0	38
1	12
0	1743
142	8
0	8
0	3
1	1
0	23
0	23
0	9
0	3
0	9
9	159
0	172
3	63
5	10
0	0
0	103
41	12
0	12
0	6
0	6
0	7
0	1
2	4
0	1
0	0
1	3
0	0
0	0
0	0
0	12
824	75
16	71
0	5
0	3
0	0
50	388
5	371
0	67
2	98
0	104
10	0
7	61
0	14
0	17
3	18
2096	174
1	173
0	66
13	70
1	70
1	0
12	0
6	119
172	119
0	22
0	57
0	4
0	48
0	6
1114	68
23	68
0	1
365	0
229	7662
193	7402
1	305
0	583
1	508
4	111
20	186
0	0
6	186
4	7
4	0
0	0
29	0
1724	714
181	506
1	211
0	21
9	241
5	407
24	419
48	419
0	0
0	303
972	393
18	0
0	29
0	55
2	0
20	5
3	0
2	1
1	0
1	1
0	18
7	2469
38	1
2	2
6	360
0	2430
0	1706
0	389
0	14
0	463
1	100
1	128
12	415
0	168
0	238
0	149
0	1469
0	1358
0	450
31	1503
0	176
11	516
0	1282
0	117
2	207
1	103
0	89
0	0
0	258
3	42
7	19
0	207
0	175
0	126
0	99
0	116
1	120
0	33
3	2
1	63
191	452
1	337
3	114
396	767
0	532
5	238
346	5
3	0
173	125
0	332
2	47
191	332
162	514
6	500
7	33
0	36
30	164
7	0
0	34
0	35
3	9
0	0
0	0
7	0
0	0
13	480
2	436
0	102
1	109
5	94
0	24
62	1
0	118
20	42
0	95
0	90
0	90
5	1
4	13
232	0
0	0
1	444
5	1009
71	895
2	144
3	75
0	386
0	214
1	393
9	156
9	27
0	0
0	0
0	37
47	223
0	196
0	21
10	2
0	0
212	2981
295	2890
23	2985
0	2985
0	1665
0	0
21	0
1122	789
19	197
2	694
46	527
5	526
1	133
0	0
0	471
9	0
1	326
304	866
2	2
180	912
5	82
9	801
0	1
0	550
7	233
0	139
0	163
0	512
5	486
0	100
1	80
0	44
2284	78
0	33
0	65
0	10
718	624
0	330
1	265
13	85
0	275
1	14
1	3
19	490
9	530
14	329
0	4
3	23
28	1
16	4
1	8
0	0
0	0
0	0
0	0
1	16
75	72
13	27
1	57
0	28
0	2535
4	2211
6	35
0	93
6	163
73	2208
9	2214
0	0
5	120
2	1487
0	9
6	172
0	1
4	10
44	0
46	13
98	94
1	229
0	19
1	619
1	0
0	2469
3	437
0	547
0	505
0	574
3	508
7	289
0	29
2	48
890	1514
4	1231
0	1427
153	829
0	442
0	2
0	0
1	0
1	2
0	0
0	2
0	1
1720	47
2	47
72	1170
0	548
71	541
0	3
0	258
0	265
0	312
0	162
0	209
3	281
3	59
0	44
0	68
0	0
3	73
0	64
0	0
0	0
0	256
0	209
32	47
0	13
0	23
0	19
0	30
0	18
0	16
0	3
0	0
0	0
0	0
11	439
0	153
0	31
2	390
0	25
1	3
3	195
1	64
0	26
2	7
0	5
0	0
0	0
0	2
0	0
0	0
38	790
2	790
6	841
0	62
0	29
0	37
12	34
3	0
1	20
0	185
0	8
0	683
40	5431
0	2549
1	1150
57	4418
6	1473
0	1990
2	1754
0	1
0	8
4	764
0	5431
2	431
71	252
0	193
13	219
6	142
7	2
8	15
22	0
2	0
14	1466
20	1114
33	900
2	100
7	115
150	239
1	2
30	0
81	100
15	1371
25	3864
3	21
2	488
0	355
0	607
9	281
0	4011
0	563
0	130
0	4072
126	54
0	54
10	2
0	0
0	0
0	0
0	0
0	0
1089	3
536	24
11	1
4	22
114	0
12	0
0	799
27	509
6	61
10	37
4	5
1	50
0	60
0	6
0	799
60	1415
560	1565
10	319
109	518
2	441
46	38
1	38
4	37
3092	2508
37	536
12	331
27	1971
1	81
0	450
0	130
0	450
27	453
1	147
1	312
25	513
3	89
3	1390
0	1393
0	373
0	1428
0	0
0	0
0	0
101	2
0	2
1235	345
15	344
115	45
28	33
10	33
0	0
0	0
4	1343
1	404
5	239
0	1343
0	16
4	15
3	15
0	14
6	3
2	2
0	0
0	0
0	0
0	0
0	9
0	9
619	569
1	407
0	479
0	94
8	84
627	3559
0	3432
0	908
9	1150
0	1264
0	1281
0	1254
0	70
0	429
1	221
48	0
1	1
54	1157
0	6
23	1157
26	0
0	0
0	1
0	1
0	1
0	1
0	0
0	1
0	0
0	0
23	921
6	473
0	799
0	4
0	901
6	417
184	454
1	425
167	2571
7	2882
1	2788
13	36
0	211
5	288
1	0
4	88
0	0
458	1004
4	991
0	195
4	1003
0	53
1	18
0	61
0	27
0	10
0	2
37	502
102	487
0	194
1291	941
3	929
4	12
125	6946
310	6946
0	32
78	41
1	31
3	60
1	34
0	35
0	35
0	1866
3	2348
0	3222
13	5859
912	6316
6	455
6	2358
77	182
0	177
0	181
1	173
0	99
41	3
124	107
2	44
0	108
7	39
0	9006
19	8135
52	2452
8	1428
6	588
2	396
17	586
294	394
0	0
4	250
37	250
0	33
0	17
0	0
0	0
3	72
0	72
18	0
47	0
27724	27420
36	26528
1	2309
0	1
0	1
0	1
0	1
0	1
0	1
0	1
41	133
1	85
2	90
253	1153
2	1175
6	44
8	0
5	418
0	471
0	406
4	47
0	0
1	2
0	2
156	2956
0	2387
189	618
48	247
0	2
10	226
280	0
478	87
0	5
1	1
0	0
0	0
6	0
0	82
200	1053
2	65
0	881
0	34
0	74
0	2
2	2
0	2
0	2
0	0
0	0
0	0
0	0
279	0
0	412
1	412
5	16
0	18
1	7
1	31
0	59
0	24
0	37
1	0
0	3
0	31
0	453
0	428
1	1
0	1
0	1
0	0
0	0
0	0
129	2260
1	2229
9	223
1	1626
0	130
131	843
121	844
21	498
248	62
1	2
1	60
14	1097
11	130
95	1159
1155	1621
9	1126
0	377
2	33
34	452
1	27
2	3
7	0
55	56
941	173
0	101
0	41
9	5
16	67
317	177
1	177
0	124
15	125
130	228
3	6
3	2
1	16
0	69
0	35
1255	1230
8	1222
4	9
1	522
0	13
37	815
9	731
0	613
71	0
0	0
8	295
415	296
0	44
8	21
0	1
9	354
12	1714
11	361
0	1537
5	1644
2	1369
0	0
3	142
6	1045
1	106
0	96
0	89
2	640
0	133
0	200
0	0
0	0
0	0
576	1426
0	1424
3	283
0	18
1	1616
0	21
22	0
5	26
5	143
23	1407
1	730
4	1618
0	1
0	1
367	0
93	116
0	116
0	0
0	0
1	0
1063	269
0	0
50	211
0	54
26	165
0	725
1	191
10	570
0	638
15	6
0	724
12	163
0	95
1	2
0	4
3	130
372	1
0	0
0	0
0	0
0	0
0	4
0	4
0	1
35	620
15	620
0	4
0	187
0	19
4	47
1	0
9	326
17	339
1	140
3	38
1893	2979
0	14
2	2768
0	209
28	305
28	97
0	217
1	155
1	0
8	0
0	1
0	1
0	0
49	0
84	0
0	0
0	0
0	0
7	33
0	115
51	225
98	153
0	82
8	3
45	2138
0	1933
0	0
6	208
15	113
2	80
4	116
3	48
7	564
35	125
3	89
0	69
0	11
3	316
0	0
0	0
0	0
0	0
0	0
81	1672
16	1577
1	1739
0	14
0	1710
0	106
1	117
2	900
55	923
0	997
21	993
8	808
0	23
0	103
0	0
0	0
0	0
0	0
7	1164
8612	1170
1163	887
3	1134
30	762
0	1314
0	1216
37	1166
1	862
0	1367
35	917
1	23
204	590
6	519
5	323
61	193
2	132
3	15
102	8503
1	0
250	10090
11	8312
1	9533
11	459
0	2
0	152
0	916
666	910
0	0
0	0
0	0
157	39
0	0
0	1
0	7
0	22
0	0
0	39
0	0
0	0
0	0
0	0
0	0
0	379
16	463
18	482
5	332
2	512
1	168
1380	342
114	1078
197	707
31	957
3	52
8	391
6	478
4	390
16	382
0	16
69	181
5	107
7	115
0	0
0	96
10	41
10	18
54	36
3	27
0	38
3	0
21	74
3	84
0	15
2	206
20	286
16	0
2	103
45	67
2240	0
0	5
0	10
0	1
1	172
1	10
74	147
7	280
0	5232
1	5123
0	4640
0	7
1	21
39	12
0	3560
0	3673
7	5143
15	471
2	0
0	4911
0	5243
39	4283
0	4327
0	3926
8	4428
30	1
0	3839
18	4697
547	638
210	616
20	531
10	2
11	4
86	0
174	0
81	456
8	203
5	107
0	210
24	5
121	11
6	11
0	0
0	81
0	55
0	97
673	739
0	739
2	336
62	1898
1478	1901
2	2
6	302
3	104
0	162
0	18
1	158
3	76
1305	386
2	234
0	45
2	0
0	0
0	0
0	0
15	207
43	481
6	115
3	72
17	278
0	17
0	2
0	16
0	5
0	456
39	441
17	358
6	23
0	106
883	253
0	252
574	298
0	298
0	0
0	0
0	0
0	0
8	2947
53	2546
1	2747
0	1395
45	1306
0	401
2	18
1	165
95	429
4	16
8	457
0	256
1	0
11	31
269	367
876	458
0	284
12	59
1	150
3	676
11	695
97	0
0	7
0	308
1	458
0	23
0	15
2	0
5	12
0	12
1	12
0	1
0	0
0	1
0	0
0	0
0	0
0	0
15	0
116	0
0	0
0	0
0	0
0	0
0	0
0	0
171	854
14	836
7	273
5	2
17	1
374	1
4	0
0	0
0	0
0	0
136	1190
1	1190
16	142
2	162
25	0
0	0
0	0
0	0
0	0
0	0
0	0
660	197
3	196
0	540
46	559
11	186
12	32
127	477
0	282
20	472
0	189
5	3
27	151
0	199
0	2340
412	2437
0	1483
0	26
6	16
0	2437
42	0
0	136
0	131
0	122
0	65
34	690
0	354
47	557
13	317
16	91
5	0
14	11
35	47
1	14
0	45
0	16
2	19
140	489
27	499
1	24
0	0
16	250
13	7
0	216
1256	5112
0	1280
0	4246
182	4193
1	57
12	986
2	52
174	422
14	421
2	0
14	0
1	14
1	0
0	1
0	1
4390	9701
13	9535
0	9582
0	9284
0	9200
2	390
8	8735
0	831
0	282
0	654
4	974
120	966
0	186
9	33
2	280
1	131
27	5
1124	1
162	100
6	100
20	80
0	313
0	8
0	0
0	20
0	225
0	200
15	189
0	37
0	37
0	0
0	0
0	2
0	4
0	0
0	0
0	0
10	31
3	15
0	15
0	0
0	0
0	0
0	0
0	0
0	0
18	5
0	1
0	5
0	0
122	570
0	457
1	28
0	20
6	0
5	154
12	0
251	321
6	270
9	9
8	44
2	1813
166	3040
5	2
0	116
25	2842
37	190
0	0
0	0
0	0
0	25
0	16
0	18
1	1
0	0
35	1
0	0
8	1
0	1958
67	2973
193	2974
113	271
50	400
11	52
1	31
0	0
2	865
44	3513
46	2710
55	2739
0	1514
5	1565
11	1346
0	1459
27	0
0	32
23	35
0	38
7	33
0	32
169	18
0	0
0	0
57	1080
9938	1703
2	146
2	621
302	31
0	1
0	30
3	1
0	1
895	2766
0	1378
10	151
0	1310
0	12
0	614
0	17
0	0
0	1168
0	2703
149	195
0	100
10	192
0	72
0	0
0	0
0	0
0	0
0	0
0	0
233	343
9	275
0	17
1	5
0	48
0	46
0	1
0	0
12	1184
12	1105
0	1084
1	1100
0	330
0	778
3	148
67	799
20	26
1	86
7	0
0	22
1	144
0	98
1	102
0	13
5	7
25	0
1	1031
42	887
0	941
16	937
0	173
40	404
0	281
2	569
1	422
0	32
0	3
2	33
1	4
0	1031
7	448
0	234
18	462
0	0
4	135
8	2
0	480
81	38
0	0
0	1
0	5
1	18
0	4
0	17
0	0
0	0
0	0
3	0
0	0
18	7634
0	173
21	6673
121	5192
16	1128
9	2309
2	7
0	0
562	34
2	3
0	31
239	123
1	78
0	76
2	24
0	4
1	0
0	0
1215	1224
9	369
5	267
0	42
0	99
4	213
0	278
1	643
0	83
106	2
1	2
0	0
0	40
4	40
0	22
0	3
1	221
0	107
2	7
0	31
0	0
0	49
0	76
0	0
2	0
0	0
0	0
1	70
0	77
0	0
3	84
2161	214
64	96
6	115
0	5
0	5
0	3
0	0
409	185
9	179
19	28
2	28
21	498
29	493
120	9
7	2
8	21
0	491
9	113
37	23
0	1
13	341
2	494
73	35
0	35
0	8
0	6
0	0
6	904
260	965
2	421
0	7
1269	0
1	168
36	537
329	940
12	719
4	669
0	0
0	0
0	0
0	0
3	10
330	58
0	2
0	1
0	1
0	1
0	1
0	0
0	0
0	5
0	35
0	6
3	36
0	0
0	0
0	0
0	0
0	0
0	0
0	0
0	1
0	10
0	0
0	9
0	0
0	2
0	0
0	5
0	0
0	9
0	931
10	86
0	880
10	889
0	929
0	39
0	5
0	79
13	200
3	75
2	44
0	127
7	317
8	291
16	291
0	1
0	0
0	6
0	5
0	73
0	16
0	12
135	1643
285	2034
121	2162
112	2027
47	11
0	109
149	128
0	48
0	78
1	0
0	15
0	0
0	0
0	0
222	406
0	389
8	307
2	0
0	0
0	359
122	659
14	131
6	169
0	25
0	33
0	45
9	41
0	27
0	18
0	154
0	0
5	46
0	152
1	0
0	0
0	44
5	74
1	529
41	547
3	403
18	249
6	7
261	105
2	0
262	1057
2	1133
10	272
18	547
2	1
1	144
6	86
0	0
556	122
20	119
1	9
0	6
2	3
0	1896
1751	735
0	413
0	321
6	12
0	18
3	40
1	1
0	13
3	4
0	22
0	10
0	0
0	0
0	0
0	0
0	0
0	705
0	526
0	706
1	152
0	519
9	109
0	109
12	2204
187	2368
27	466
4	414
0	0
0	0
10	0
0	0
1	1
0	1
0	62
0	55
1	99
6	70
0	49
0	82
0	31
0	32
2	30
1	0
0	0
0	0
1463	798
0	168
1	47
2	102
12	353
0	0
0	0
0	0
0	0
1265	107
0	76
0	31
17	7
17	20
2	125
1	420
10	149
0	141
10	75
1	353
3	138
0	351
11	425
2	6
1	1
0	0
0	6
0	0
0	0
4	0
0	0
0	0
0	0
0	0
0	0
0	0
0	25
0	2
0	8
6	359
0	297
3	41
0	29
0	0
16	316
1	4
6	50
7	16
0	16
0	2
0	35
0	37
2	167
0	2
0	2
0	0
0	2
0	0
0	0
0	0
0	0
0	0
0	0
0	0
0	0
0	0
0	0
15101	4713
7	2009
1	1655
3	0
0	141
0	588
31	25
7	4
0	1940
7	657
14	85
8	197
21	174
13	107
0	62
2970	1038
0	8
0	217
0	813
41	18
0	11
0	9
366	1448
0	1448
2	499
3	105
0	118
3	18
8	128
6	39
0	1
0	0
0	1401
81	317
19	534
17	527
683	214
0	137
0	118
35	183
5	44
0	0
0	0
0	0
976	694
102	694
542	0
424	96
15	107
4	12
0	7
2	29
1	10
1	10
0	19
2	145
0	76
1415	468
2	468
1703	2
538	0
0	0
491	965
32	163
1	130
5	307
0	18
0	477
0	2
0	734
0	5
0	3
0	13
0	9
7	20
0	10
0	0
7	0
0	0
0	0
0	0
0	0
17	140
0	83
6	708
0	695
0	40
0	44
1	13
0	0
4	700
68	11
1718	589
66	586
0	60
520	2117
14	2231
0	595
0	680
7	8
0	13
0	423
3	331
12	384
0	327
4	179
134	144
276	4637
76	4570
322	816
0	272
7	261
41	366
8	5
0	654
1	86
0	28
8	626
2	2
3	119
0	8
0	94
1893	116
6	59
5	19
24	4
1	7
4	25
0	36
0	0
0	0
0	13
1	13
0	13
0	0
0	0
0	0
0	0
3	11
0	11
23	3099
23	2983
4	576
0	132
0	0
0	0
0	0
0	0
0	0
0	0
49	29
0	5
0	7
0	17
14	306
8	243
0	304
0	26
22	1
2	14
4	36
11	1155
335	1155
0	98
0	84
0	0
0	0
0	0
0	0
23	248
31	267
1	267
1	11
331	0
148	209
19	19
1	190
8	2202
0	1973
2	2202
1	943
15	2202
399	1974
0	1973
24	0
9291	1298
5	142
5	186
0	8
10	75
0	1109
0	369
1	1
0	369
1818	1785
1	1465
7	1607
10	0
65	419
5	12
42	386
0	40
7	28
0	0
1	279
0	244
11	83
26	122
0	111
0	0
0	0
14	206
53	24
7	19
0	945
0	1546
63	1489
6	22
0	40
5	139
61	67
11	52
2	57
2	186
8	15
0	0
0	0
0	0
90	2972
10	2966
163	2666
34	2410
72	3077
239	542
91	465
6	0
81	1
0	299
1	462
3	6
33	0
0	0
0	0
281	63
0	17
0	7
0	5
4	23
0	24
0	0
0	0
0	0
240	0
231	405
1	4
0	401
2	42
40	108
17	171
1	170
9	1
5	32
8	25
40	24
0	24
0	0
0	0
0	0
0	0
0	0
77	1610
15	21
3	107
1	0
49	324
0	1032
0	0
0	0
0	0
12	266
0	7
13	78
3	4
3	244
3	49
14	68
0	0
0	0
0	0
84	0
0	0
0	0
0	0
1	0
87	0
0	5162
0	5487
10	5577
0	5140
13	5755
0	5430
24	4922
8	77
22	4999
1	106
0	157
31	746
2	1
0	26
1	96
0	780
0	509
0	490
0	472
10	14
0	0
1	14
1599	172
8	3
15	172
0	0
134	146
4	81
28	80
13	2858
0	422
1	756
0	505
1	1001
1	21
0	2781
763	1677
4	34
0	387
2	35
2	115
45	466
3	152
1	672
1	4
3	10
3	608
3	64
5	168
1	100
1	84
0	608
0	0
0	0
0	0
0	0
2104	492
2	275
0	247
0	508
12	2212
336	227
6	144
1	103
0	8
42	0
185	673
1	1350
18	1330
0	1811
6	1837
0	1196
0	627
136	716
0	2089
1	265
0	265
0	265
15	92
1	13
1	23
701	650
14	49
0	1
0	128
5	45
10	195
0	443
5	6
24	381
0	372
0	11
0	13
0	0
0	35
0	2
8	39
0	26
4295	5152
0	1093
3	4515
0	364
0	123
0	0
0	0
7	0
599	497
0	498
25	162
6	153
4	122
0	0
0	3
1	3
0	0
0	0
0	0
0	0
0	0
0	0
258	0
6	0
0	0
0	0
0	0
0	0
0	4
0	4
0	3
0	0
0	0
2	26
0	24
0	5
0	12
177	800
9	263
15	0
4	111
26	278
13	2
1	0
0	0
0	0
0	0
0	0
0	0
0	0
27	539
13	537
1	167
1	328
0	78
0	328
26	0
0	0
0	0
0	2
0	2
0	1
0	2
0	2
0	2
0	2
0	0
4	16
22	16
74	59
19	59
0	16
0	188
14	236
7	157
91	211
0	21
0	16
4	42
1	15
4	50
35	105
6	30
12	3
27	20
1	21
2268	1
1	0
2234	1
0	412
5	266
490	469
1	469
0	389
0	1
0	0
0	7
0	16
0	16
0	7
0	1
0	5
0	2
0	0
0	2
1977	4
413	244
4	107
21	132
8	114
11	1
0	1
2	73
0	7
9	73
0	0
1	7
0	0
0	0
0	0
0	0
3	251
0	129
0	124
0	121
2	193
0	224
6	0
0	84
0	63
5	57
0	48
0	50
2	45
0	51
2	47
0	5
0	4
0	5
0	5
0	5
0	5
0	0
0	1
0	1
0	1
30	0
11	87
0	80
3	24
0	11
9	183
0	183
0	0
0	1
1	1
0	2
0	131
0	1
2	6
1704	1352
45	1323
1	299
7	189
5	737
39	1240
0	1304
50	1241
1	118
77	0
6	86
5	127
10	0
0	53
0	1918
0	1481
0	674
2339	935
0	2
0	577
417	1503
0	1311
4	28
2	125
1	125
106	856
3	600
0	813
0	34
0	101
1	68
2	46
6443	285
0	0
0	0
0	0
0	0
0	0
16	293
14	15
4	236
1	229
0	73
0	146
2	72
1	76
1	8
2	1953
3332	2047
0	277
47	1720
1	986
0	0
317	779
2	413
26	169
14	90
1	39
179	174
1	109
1	283
0	0
0	4
0	2
0	3
0	3
0	944
0	1041
22	1088
42	344
2	882
0	943
0	1047
0	989
0	958
113	1061
10	507
0	93
8	181
3	1210
0	1365
0	1206
0	695
0	90
0	0
0	49
0	209
0	186
0	218
4	172
3	0
3	9
3	29
1	39
0	28
5	872
440	442
1	50
4	442
0	81
80	51
0	1
0	1
0	0
434	4447
1	3801
3	23
7	980
20	479
1	367
2	4467
0	0
0	0
0	0
0	0
133	0
6	0
0	0
919	599
0	0
17	78
30	515
0	138
3	476
1	2
0	2
19	377
0	1
0	0
2	338
4	133
400	4224
29	4091
479	0
4	131
1284	134
0	29
0	245
10	38
0	86
0	270
9	125
0	266
0	2
3	11
5	141
0	245
0	266
0	273
516	1420
3	65
12	68
23	1432
1	198
4	1
166	334
0	77
0	36
9	914
0	19
30	425
78	997
41	119
12	253
17	56
2	0
0	0
0	0
3	10
13	355
70	137
4	63
0	136
0	112
68	398
0	58
43	116
0	119
0	93
499	286
0	38
0	0
0	0
0	0
0	0
0	0
0	0
0	0
0	0
0	0
0	2563
327	1812
86	4710
3	1028
1	3233
0	2095
0	0
14	447
84	2721
18	4755
122	0
0	1
0	0
0	0
65	805
36	665
5	4
0	671
1	130
2	44
4	6
8	748
29	750
30	140
0	11
0	7
0	22
1	1
0	107
0	1
0	3
2	0
9	14
2	50
7	50
5	0
0	0
0	0
104	1201
33	709
19	577
5	134
1	28
0	0
1	17
0	79
14	46
8	163
22	76
0	4
3	0
1	736
4	385
0	181
7	189
0	31
4	67
0	24
0	5
8	64
1	39
6	14
3	5
0	20
0	729
64	12
0	0
1	12
4	49
1	26
0	7
0	30
0	6
0	13
0	20
0	26
0	29
0	0
21	7
0	0
0	7
162	20
17	20
12	1277
9	1280
2	1239
5	1244
4	1238
15	1260
1	2
0	14
9	139
24	19
736	150
6	150
0	0
1	19
0	0
0	0
0	0
99	4
0	4
0	428
48	499
0	324
4	28
2	30
1	49
1	0
0	0
3	2101
0	119
0	78
0	25
58	1974
0	611
6	1380
0	144
0	18
3	37
6	8
0	553
8	26
1	179
110	2615
213	2417
117	2370
32	67
1	219
9	334
7	153
1	88
0	99
0	26
3	2
365	7
1	4
2649	5
54	1968
113	1968
1285	165
0	99
9	155
5	3
0	1437
0	1233
1	1270
31	1269
0	1083
0	795
8	801
0	1009
3	226
0	810
0	655
4	500
0	616
81	529
0	415
0	377
0	161
0	64
7	293
0	244
2	12
0	1496
114	665
0	0
450	2788
0	2357
44	2292
4	323
8	66
4	10
37	1
15	189
0	13
0	49
0	0
0	63
0	4
0	177
0	185
0	2116
1	1800
418	1821
1	1790
117	528
47	182
7	107
29	0
6	194
224	140
11	111
0	25
0	1
1391	215
0	199
0	117
6	0
0	7
0	14
0	14
0	14
0	0
132	280
33	304
38	284
17	167
4	59
1	107
2	103
0	0
1	9
0	5
2	1143
4	19
1	55
0	364
0	1056
2	973
4	869
54	133
0	134
0	22
11	62
0	109
0	1037
1	506
1	2122
0	1831
4	368
0	455
0	287
0	2119
0	1898
38	6776
1	333
4	6396
0	6837
23	227
121	63
3	511
8	229
0	6756
0	14
0	439
0	438
0	13
0	32
0	439
1	33
14	437
153	493
4	68
1	260
3	50
0	53
0	0
0	0
0	1
0	4
0	4
0	0
0	3
0	7
175	227
424	232
0	0
54	200
72	200
4	1
1	13
0	795
4	31
0	215
3	174
3	310
19	52
0	6
5	1
3	48
0	795
0	0
0	103
10	135
17	102
4	21
4	12
0	0
2	28
0	40
87	69
1584	69
0	2
687	470
8	375
1	173
0	54
0	121
35	1922
0	65
2	15
0	601
2	1650
0	219
0	634
6	1
1	215
9	1
0	53
5	177
35	5
0	413
509	82
0	19
0	20
0	33
1	0
2	26
8	2216
0	2292
0	27
11	620
0	0
743	509
0	429
3	503
20	92
2	4
2	29
4	114
4	6
0	442
0	420
1	366
0	402
0	401
1	296
3	59
3	48
0	41
0	441
26	0
35	765
0	1432
262	802
0	294
21	267
17	369
177	307
13	1288
1	199
2	353
1	109
4	109
39	15
0	6
1	9
5	2021
0	2130
2	91
0	10
34	82
107	755
2	561
58	538
46	502
1	376
0	101
0	0
23	0
1	0
0	927
9	1037
0	247
0	50
1	69
0	958
2	0
6	94
0	56
3	89
3463	1
2	0
1081	96
0	37
0	5
0	0
10	7
4	50
0	0
0	0
0	0
10	2922
3	2
0	2772
9	1551
1	1530
2	2718
7	2565
0	17
0	8
8	257
0	27
12	400
0	0
0	0
917	961
0	1004
2	391
0	966
1	1032
0	1045
6	398
0	0
4	0
0	4
131	4
0	0
0	0
0	0
2217	2
0	0
0	0
0	0
0	0
0	0
0	0
1604	522
0	0
0	51
1	89
0	452
14	49
1	2
2190	1901
0	1899
32	3554
126	3611
0	161
8	138
13	19
13	20
0	335
53	64
1	5
2	18
1	73
1	5
258	1932
17	1824
1	258
24	1
60	375
13	287
0	161
72	98
45	3088
0	33
205	2809
16	1048
0	1186
0	2820
0	3099
0	3130
3	10358
18	8091
9	739
722	9395
4	10219
12	9437
211	10214
50	490
17	591
199	52
0	8
5	44
2	0
455	1053
0	485
7	859
265	944
7	822
1	76
4	253
0	55
21	0
7	30
1532	2799
13	2819
231	334
10	2418
0	0
0	0
0	0
0	0
51	0
0	0
3	1
18	0
0	21
1	128
20	43
0	18
62	925
3	145
51	918
3	20
35	91
0	139
0	59
0	75
1	30
0	21
0	15
1	4
177	243
1	123
0	0
0	0
0	0
0	0
113	0
0	0
45	0
0	1701
0	1246
0	1074
0	163
1	0
0	0
0	0
73	8194
3	1089
2	7911
34	2295
2	336
187	7725
2	7624
0	299
1	6952
2	864
1	5906
9	6875
34	534
2	4349
142	14
7	36
14	357
0	7649
4	0
0	0
0	0
0	0
26	1835
22	1210
8	328
5	104
12	22
448	1865
0	0
0	0
0	18
261	3495
0	519
1	3374
1889	0
0	4
22	4
0	0
10	185
0	80
11	140
0	163
0	100
0	120
0	108
11	0
1	111
0	0
0	0
0	0
0	0
829	109
2	44
0	65
58	1193
0	916
0	844
0	850
0	30
2	800
1	721
2	992
0	28
18	861
0	31
1	15
0	29
0	145
0	590
0	6
0	2
0	516
2	79
0	18
0	0
0	0
0	0
0	0
10	698
110	1101
6	782
3	509
9	2
0	5
0	103
37	276
0	108
9	214
3	178
0	0
759	543
2	449
0	455
5	75
1	403
37	45
163	10
0	2
1	83
1	2796
3404	3122
1	2568
20	2341
0	1104
38	7250
562	7290
2	0
0	2
1	1
0	2
0	0
0	0
0	0
56	292
15	57
4	22
0	0
11	8
2	51
4	222
21	54
1125	1546
14	811
0	1237
0	1436
2	313
11	14
0	1357
1578	203
0	4
1	0
0	200
0	6
0	2
0	2
0	6
0	2
0	0
0	2
0	2
0	0
0	3
0	3
0	0
13	0
559	973
24	987
1	382
15	58
0	28
1	186
25	1
0	246
0	14
1	15
31	395
1	476
4	357
2831	16
0	15
468	0
0	0
284	67
1	42
2	6
1	39
0	6
4	2
3	596
0	1170
0	60
1119	1271
8	35
0	30
1	17
1	5
1	35
2	695
26	54
0	38
0	14
0	3
2	0
0	0
578	326
322	326
1	1
0	0
0	2
0	0
0	2
0	0
0	0
1	0
2	0
48	1042
9	54
0	139
55	1018
75	93
1	63
8	50
0	6
2	42
1037	3020
6	2520
199	2776
3	2
12	2
3	344
19	343
0	47
1	651
1	353
0	666
0	2693
0	0
4	0
10	2748
0	737
5	313
20	292
1	10
118	402
0	345
16	5
2504	1328
35	177
2	2
10	177
39	459
6	459
36	162
2	162
0	31
327	43
10	43
0	0
0	0
0	0
0	0
0	0
0	0
0	0
2	326
2	311
0	238
1	7
67	617
0	57
16	602
11	2366
5	2366
214	2193
0	0
0	0
693	542
2	549
0	72
0	7
14	200
6	5
44	21
1379	2
0	0
279	0
1	10
0	9
0	0
0	0
0	4
27	1507
29	1551
0	138
0	66
27	80
1	126
64	779
26	2621
0	2736
44	1967
17	72
9	549
0	261
39	75
1	323
0	313
9	101
4	128
1	2510
0	624
1	112
3	10
3	2
0	1
935	626
493	24
59	60
0	34
5	2
193	1535
0	487
5	68
1	43
0	197
0	148
0	6
0	21
15	3
0	213
0	956
0	252
0	0
0	0
0	0
11684	22278
3	22272
971	22114
7	157
1364	304
0	119
89	58
0	0
0	0
56	103
8	87
4	1
0	17
1	22
29	1460
0	1525
0	1565
0	1483
42	50
6	27
73	586
0	143
0	30
3	2
0	2
0	0
0	0
1	229
0	0
0	0
0	69
0	0
0	12
0	3
0	229
908	171
0	59
3	82
15	14
5	139
1	32
0	50
5	139
2	43
4	28
3	57
0	32
15	27
0	55
2	8
544	1
0	486
0	481
21	462
4	243
0	309
0	81
0	27
3	24
3	258
1	137
0	0
0	4
0	42
206	31
4018	327
2	11
14	240
7	251
280	80
3	86
23	189
7	163
8	3
21	97
40	29
0	74
2	3
0	79
0	36
3	116
0	165
4	1
0	75
0	77
0	40
0	8
5	52
0	62
20	0
688	16
2	16
293	91
4	90
3	0
0	1
0	1
223	677
0	650
0	6
0	46
0	29
27	1277
0	1426
89	1426
1	1297
0	130
2	154
4	311
0	433
0	14
0	0
32	533
51	531
2	28
0	3
7	85
2	79
0	13
8	24
0	18
0	19
0	21
0	2
0	9
0	2
0	0
0	0
0	0
976	381
0	213
0	152
5	6
1	15
0	0
0	0
0	3
0	1
0	3
2	0
0	0
0	0
0	1902
89	2448
0	2581
11	2447
102	4
83	177
13	84
11	720
16	498
0	0
122	0
0	0
1	10
1	9
1	1
0	30
26	24
0	23
0	0
0	0
0	0
3115	1248
0	129
6	229
10	580
0	597
2	0
0	19
7	0
0	196
3	475
0	451
1	172
1	188
0	10
0	1
11	349
0	1
0	1
11	0
8	65
620	150
11	100
0	143
2	117
0	59
0	7
115	136
4	107
8	89
0	55
0	92
0	0
0	0
1	2
0	1
16	214
0	83
3	122
1074	122
692	1608
8	473
14	1191
13	36
2	20
0	764
0	1928
273	1928
16	382
7	0
0	0
0	0
0	0
0	0
0	0
0	0
0	15
0	17
0	12
0	2
30	101
0	101
1	0
0	0
40	320
0	13
0	11
4	16
41	9
0	24
2	16
12	297
20	46
0	2427
30	736
12	2684
22	2671
2	26
1	84
0	2
0	2
0	2
4	331
0	255
227	860
7	230
7	21
1	157
0	101
4	61
60	65
0	12
24	120
1	271
4	5
392	1269
0	34
0	0
1	4
5	233
9	160
2	50
4	0
1155	285
29	1436
41	1433
1	5
0	0
0	0
0	199
1	62
0	203
0	70
23	150
6	92
0	14
5	172
0	131
208	364
22	635
82	798
0	978
12	134
0	13
0	18
0	19
14	1
10	0
0	712
0	1050
23	53
0	0
0	75
3	67
0	745
111	681
0	859
676	0
54	0
1755	177
0	0
0	0
0	0
0	0
0	0
0	0
33	1568
5	1382
10	0
187	1497
24	88
0	64
1	660
0	1605
3	1532
0	0
0	0
23	164
16	24
4	560
1007	561
4	0
36	273
35	273
0	1240
0	1241
4	98
2	326
46	325
1	1157
0	99
116	1461
119	1639
0	1709
0	947
0	31
0	123
4	15
2	5
177	7
0	2
0	134
71	134
0	1
0	1
246	735
4	734
1	1
2	0
0	42
3	50
0	89
2	7
1	796
0	74
0	89
0	9
6	851
1	691
74	856
3	0
0	0
0	0
0	0
2	3273
28	143
1	1726
5	0
11	26
0	6
15	119
19	56
31	520
5	3072
50	322
0	549
0	655
0	446
7	26
680	0
0	5
1	15
4	36
3	25
7	25
2	7
55	65
7	58
2	30
0	8
0	28
1	0
0	0
0	0
0	0
0	0
14	0
0	0
0	0
299	259
321	259
0	1
0	1
0	0
0	0
0	4
0	4
2	35
0	35
109	12
0	0
0	0
0	0
12	166
1441	1155
0	693
1	1080
0	36
3	37
10	0
802	18
3	17
54	2854
44	2831
14	207
0	11
43	188
562	0
22	21
6	21
0	2
2	0
0	0
5	3209
1129	5471
0	1112
25	4901
9	4417
5	26
1	173
87	372
0	416
20	429
6	469
0	67
8	106
0	0
1	5
0	1
2	1
10	0
0	0
0	0
0	0
0	0
1438	0
0	619
0	661
30	599
4	75
0	135
0	60
1	0
0	40
3	3
0	0
0	0
0	0
0	0
1	76
123	76
0	2101
0	1957
7	1685
1	482
3	214
0	214
3	1588
94	116
0	241
67	1067
1	224
13	2
0	1
0	1
0	1
0	0
0	0
14	2
0	1
0	0
0	1
0	1
3979	130
0	128
0	1
586	22
5	22
24	2438
0	2339
14	295
5	742
119	1810
2	370
0	190
3	66
0	352
0	15
0	269
6	943
1	49
0	132
2	208
0	627
2	4
0	7
0	144
1	0
12	1184
1	992
145	1042
3	467
15	114
1	381
1	292
0	25
0	1054
351	139
998	244
5	104
0	141
272	0
1	27
7	42
0	12
3	14
3	2
0	1
1	1
0	0
10	824
0	1158
85	1188
4	156
0	80
0	366
0	29
43	20
9	82
0	28
332	27
0	27
0	0
66	3251
0	3376
17	2880
1	734
1	3
0	1035
8	144
21	1229
2	83
7	1187
1	259
1	620
0	139
0	706
166	352
326	1589
19	250
0	224
0	219
0	0
251	709
36	245
0	9
0	460
16	53
0	564
95	484
0	237
5	13
29	102
0	183
0	11
2	104
3645	1050
6	859
3	763
7	192
3	96
8	62
0	14
0	0
12	0
45	35
0	35
0	10
0	0
0	5
0	0
0	64
0	1
0	13
0	1
0	4
0	2
0	15
0	2089
1	2133
0	2128
0	2277
40	1046
0	1536
0	1179
13	112
3	120
147	458
0	149
1	30
2	112
2	1
2	46
6	14
0	0
2	0
15	164
1	159
1	0
22	140
5	104
5	110
9	23
0	1
0	1
27	564
79	545
6	420
3	19
3	5
0	3
75	197
0	193
12	107
16	33
0	27
0	87
0	20
6	85
0	3
1	23
1	18
0	99
3	1501
48	1780
29	453
28	860
1	9
6	685
42	703
29	183
14	66
0	46
42	0
9	35
7	7
5	128
68	128
3	50
0	0
2258	125
3	124
0	0
2	2664
75	2376
20	2019
29	2022
44	2389
0	37
10	301
0	2183
3	1
0	1
1	1
1462	317
78	316
1	6
0	1
0	19
0	17
0	14
1	0
1	1
0	0
2	51
2	50
0	45
0	60
2	14
0	0
499	671
15	671
0	106
1	0
3	0
12	2350
0	3759
1	524
0	2338
9	1923
43	986
2	363
18	8
0	3749
0	3739
12	3684
0	0
0	7
0	7
0	0
0	0
1	26
0	1
0	8
1	22
0	8
2	1423
6	109
3	1097
0	98
0	268
9	347
0	117
159	292
18	20
10	223
0	9
0	1
9	90
2	63
0	138
0	109
0	136
4	28
0	62
5	3
0	144
23	0
154	8
2	8
0	0
0	0
725	375
0	363
0	2
0	2
3	28
0	307
0	275
0	3
0	0
0	0
0	0
0	0
17	94
1	93
0	1
0	17
622	1
3362	90
5	89
0	0
0	0
0	0
0	311
19	687
6	686
0	2
0	68
0	79
6	1
1	82
0	82
8	42
1	1
1	1
0	82
0	0
41	37
10	37
9	245
9	246
0	58
4	119
77	3912
310	3962
0	3399
0	3272
3	3550
9	3404
0	3783
10	299
0	927
0	0
13	377
0	65
0	1085
15	649
193	1930
49	1036
0	491
17	559
4	76
12	76
0	16
0	11
0	0
582	1050
2	869
0	125
0	94
0	4
16	61
18	202
0	7
0	14
0	11
0	14
0	6
0	7
0	11
1	11
0	10
0	11
0	11
0	11
0	11
1	11
0	5
0	0
210	93
0	93
0	440
0	440
64	440
0	62
1	65
0	0
3	3
0	1
0	2
19	2
148	31
0	25
0	6
4126	1
0	18
0	8
2	13
562	109
0	59
4	1
22	29
7	20
432	289
4	0
4	289
0	2
1	0
0	0
0	2
66	102
7	100
0	2
3	227
0	0
2	723
0	711
0	723
2	276
0	0
3	2
0	1
1	2
2	0
0	284
62	174
0	791
0	36
1	37
0	58
3	258
0	108
0	52
2	722
2	49
6	49
1	3
1	0
8	2
0	40
0	0
6	29
177	45
1789	265
55	262
11	1
5	26
39	26
4	1
252	235
2	235
0	705
0	619
0	303
7	83
0	83
0	82
9	139
0	770
11	976
1	923
3	604
1	473
1	387
10	279
5	22
0	18
0	39
0	1
1	0
6	0
0	0
0	28
38	893
2	31
71	157
1	37
5	157
9	5
0	19
4	1
1	26
92	0
0	9
4	14
28	60
0	8
0	31
0	0
0	29
0	23
2	18
0	0
0	0
8	0
1058	460
17	476
0	0
48	127
43	362
5	57
285	74
9	74
1	1
0	1
0	1
0	1
0	1
163	909
14	909
1	2
4	6
2	28
0	27
0	7
0	1
0	0
0	1
878	1284
1	784
3	0
0	503
0	0
27	1
8	226
3	0
0	272
0	9
2	0
0	20
1	129
0	0
3	72
1	53
0	51
0	99
1	49
2	108
0	9
0	4
0	0
0	8
0	0
0	0
0	370
3	87
1	211
0	169
0	37
0	47
2	37
0	199
10	369
0	25
0	77
6	362
117	395
4	200
0	14
0	60
1	45
8	369
0	16
3	24
4	59
0	374
3	0
671	60
0	0
0	0
0	0
0	0
0	0
0	0
1947	1
0	0
0	0
0	0
0	0
0	0
0	0
0	0
1094	334
83	102
8	231
14	0
0	87
0	0
0	0
0	0
0	0
0	0
303	1246
0	1246
16	41
0	170
0	151
43	33
295	321
63	59
13	261
0	6
0	190
0	1
0	1
0	1
0	1
0	0
11	7
13	208
0	202
0	113
0	172
0	133
3	0
2	7
0	14
35	106
1	13
632	1375
10	87
0	368
65	1024
3	2
1	247
1	91
0	206
74	480
0	167
6	471
1	32
3	4
1	0
1	3
88	83
0	1
6	81
0	9
0	3
0	0
2	14
387	85
0	59
0	22
0	28
1719	13
2	11
14	1052
0	8
0	172
63	811
10	907
2	164
0	390
3	230
1	159
2	44
2	9
2	3
2	49
0	228
856	32588
13	8397
1	23359
0	29385
4388	31900
0	29265
0	31411
0	4674
0	1066
1	16762
2	614
444	235
3	135
0	8
0	11
0	8
1	14
0	1
0	0
0	209
83	0
129	29
1576	955
4	22
1	510
0	1252
18	0
82	627
2	139
0	46
4	634
46	2910
96	2910
6	271
0	32
5	0
0	101
3	0
1	0
49	1079
0	464
5	1087
4218	1914
13	1816
5	66
0	238
10	1
8	12
0	117
0	289
4	332
259	542
50	649
57	616
0	296
0	68
0	200
3	0
242	571
0	534
6	415
0	29
0	30
0	20
0	19
0	0
0	0
0	3
0	3
0	3
0	3
0	3
0	0
796	383
14	94
8	120
2	14
6	10
0	0
0	0
0	0
0	0
1246	207
14	2
8	175
0	90
6	445
0	521
0	458
0	480
0	134
1	63
5	105
0	25
0	2
1	23
2454	14534
1	1756
8	14391
0	14388
31	408
1	114
3	93
72	497
1	152
0	3
0	0
0	32
9	32
0	117
0	5624
24	3589
0	96
18	5624
0	4026
194	1085
17	931
8	300
6	74
111	1454
0	1402
0	1297
3	1333
68	1084
435	24
0	0
0	0
0	0
0	0
0	0
1	996
39	52
0	37
0	271
1	16
0	16
0	18
0	996
396	300
0	257
0	244
1019	248
50	146
0	255
246	3717
18	2701
15	1560
1	1191
5	621
1	87
2	16
0	0
0	0
0	0
8	485
25	666
1	632
1	248
6	197
53	24
28	30
0	29
0	0
28	6
0	2
0	0
0	0
0	4
0	1
1138	46
21	8
7	54
6	0
38	853
19	955
0	68
2	433
0	350
36	65
1	32
0	4
3	35
0	0
0	0
0	0
0	0
0	0
0	0
0	0
0	0
283	0
15	0
26	22
3	1
17	21
2	0
119	2
8	39
56	39
1	0
0	28
0	0
1	2
0	2
202	0
6	0
27	1449
1	1410
4	337
8	171
13	129
5	23
0	2
51	2957
441	2888
6	2022
62	1712
0	349
29	345
16	469
7	468
0	109
0	267
92	379
11	66
38	296
772	0
0	1
5	0
5	141
0	1
470	142
12	435
0	493
3	103
5	107
297	103
1	2
4	65
2	40
0	26
0	2
0	1
0	0
0	613
1	275
0	631
20	418
0	58
11	654
4	3
0	1
0	2
1	76
3	0
0	84
11	10
0	0
0	0
0	0
0	0
0	0
2610	856
41	767
7	0
22	0
9	1921
8	1821
3	63
395	1984
0	1857
0	1058
9	625
10	88
7	29
1	126
22	7
98	94
4	0
126	0
7	1657
6	1656
12	1572
0	1751
1	1768
9	393
0	2
4	73
0	0
0	0
61	267
67	253
3	39
16	27
1	66
24	195
1	25
6	154
465	126
0	57
6	92
0	18
21	9
6	5
0	8
25	1
2	1
12	207
4	273
0	272
48	570
0	97
2	337
11	190
3	295
33	272
898	3115
369	2979
50	591
42	1023
67	700
0	68
70	698
2859	498
3	74
15	74
0	276
10	147
0	71
9	87
0	1797
0	364
0	1674
5	1626
82	1320
125	560
1	429
0	180
4	2055
3	84
1063	166
2	0
2	59
1	97
1141	827
71	333
16	478
8	452
0	169
18	831
0	192
29	404
11	52
0	0
0	0
1	0
0	0
3	4868
0	1829
0	2395
0	1805
0	257
2	230
0	314
98	17
2	0
30	1312
0	4944
85	1205
63	1241
1	36
3	952
2	766
1	141
0	172
7	3
6	392
1	385
940	106
8	106
12	0
46	161
5	8
0	161
849	771
1	221
12	430
8	58
0	68
0	34
1	4
0	0
0	28
1284	7937
108	6431
211	6848
0	6417
9	28
351	3943
0	1839
0	569
20	1
0	5
2	37
2	32
0	3
0	9
0	3
46	5
0	0
0	0
0	0
0	0
0	23
0	20
1	27
0	1
0	9
0	1
100	889
6	938
0	11
0	520
38	341
10	75
0	210
1	896
51	573
16	419
64	1225
0	5311
0	11
15	118
0	4500
0	148
0	3589
1	1773
1	351
1	37
11	8
17	5079
0	5208
1	29
0	26
0	29
0	26
0	3
0	0
0	1
0	1
0	1
0	1404
14	1275
501	1470
0	1
12	39
0	20
0	20
0	88
0	73
7	162
0	60
876	19
0	18
21	2348
0	2110
0	0
0	498
3	116
32	2169
53	104
1	26
0	81
15	14
0	6
0	0
1	0
0	380
1126	423
0	0
0	64
0	0
0	0
0	0
0	2789
0	2473
0	2825
137	930
6	1580
5	158
0	2978
0	2907
0	2833
0	2580
0	2790
4	679
10	132
30	228
196	679
0	24
0	22
1	6
0	0
0	0
0	1
0	1
166	0
724	526
6	1113
0	15
1	117
0	259
3	45
0	267
281	0
155	1363
15	1199
2	0
0	54
9	164
2	146
0	35
6	66
4	10
2	2
39	16
17	1389
1	1420
0	57
0	81
0	664
0	0
0	0
0	0
0	0
175	0
89	0
23	4632
711	3722
0	3716
21	120
1	36
51	89
1	0
0	4579
1	10
0	40
156	193
0	41
10	39
0	39
0	81
0	54
0	77
0	0
0	738
72	754
0	31
0	69
0	0
0	793
14	213
1	3
3	13
0	210
1564	137
3	44
0	63
2	87
0	0
0	0
0	0
0	0
0	0
0	0
3	71
3	9
0	6
0	33
0	71
0	62
0	31
0	0
0	14
3	6
0	22
0	17
0	12
0	17
0	6
0	2
0	8
0	71
14	1605
10	1606
0	1562
47	433
17	226
5	0
41	17
1	231
29	148
0	1281
183	1615
461	4226
0	1906
111	716
96	4445
67	1491
17	838
19	1147
131	2349
37	1495
17	2352
2	526
0	376
0	98
0	112
0	65
0	526
480	228
2	120
0	73
4	0
0	60
3	497
0	19
9	232
8	10
0	151
0	172
0	17
0	9
0	1
2	250
0	0
1	7
0	1
0	0
100	31
5	0
0	0
0	18
0	0
0	7
0	0
0	0
0	0
27	851
0	15
30	686
0	698
224	834
6	779
88	771
0	28
0	93
0	29
209	1685
120	1684
0	880
1	16
11	7
2	6
62	31
0	8
0	31
0	0
0	0
0	0
86	627
1	627
6	106
0	0
0	0
0	0
58	434
1	26
4	51
5	162
16	372
4	416
0	17
0	8
0	1364
0	371
2	858
24	153
1	216
0	55
2	9
0	0
0	1422
0	0
7	318
12	318
52	7044
20	590
2	463
0	566
0	47
0	154
0	174
1	6989
54	3764
3	518
0	433
0	298
8	0
0	3730
18	532
1409	625
44	15
13	445
0	289
50	288
3	38
25	46
5	42
1	14
0	2
0	2
0	0
269	1274
1	1274
2	172
0	5
3	0
6	15
1	15
0	0
0	0
0	0
487	420
0	420
0	89
3	4
0	0
176	1489
8	1424
0	23
3	28
0	5
1	56
0	44
1	123
0	28
0	0
845	763
7	763
6	417
4	638
0	6
0	417
1	14
6	560
0	248
5	36
0	0
2	6347
20	782
5	736
33	371
2	57
5	333
0	16
0	0
0	0
0	0
997	366
1	366
0	0
0	0
0	0
0	7
0	0
3	22
9	31
0	31
65	1628
145	235
5	235
0	29
1	800
0	798
37	778
0	9
11	15
170	476
0	2
13	0
0	459
4	3
0	3
0	1
0	0
0	0
0	0
0	0
0	0
0	0
0	0
23	16
0	16
0	9
0	1
0	1
1134	11602
59	11677
7	4413
0	1720
0	1348
0	122
8	24
8	126
4	417
1332	0
0	0
0	1
0	0
0	0
0	1
0	0
0	1
0	1
0	53
11	20
3	3
4	0
0	53
1664	1
0	0
4	1536
80	231
20	324
255	70
12	70
0	28
86	738
0	3
2	738
1056	3
6	0
6	1018
24	953
83	1004
6	920
3	181
0	310
0	157
0	167
2	116
0	879
11	480
54	480
6	0
9	90
0	31
44	2532
2147	4193
1	1939
2	1658
0	102
12	167
0	0
20	17
9	17
47	540
10	83
139	687
1	12
365	115
0	115
62	3
2	0
0	3
0	1
0	0
0	0
2	1671
0	1911
7	1814
2	0
6	13
4	219
10	1827
0	5
4	5
0	4
0	3
0	5
0	3
0	3
0	0
0	0
0	0
0	0
0	0
0	0
60	0
1	539
3	486
21	496
16	165
33	124
12	525
400	303
0	2
2	74
1	15
0	0
0	30
0	17
0	30
0	25
0	29
1	28
6	66
0	0
0	35
0	3
0	24
3	46
2	6
2	12
0	30
0	43
0	0
0	16
1	2
0	22
80	675
1	675
0	24
8	10
1	86
253	222
33	91
0	141
477	4278
200	4206
0	2222
11	1128
23	420
97	0
25	1305
294	2075
49	2135
0	0
15	372
14	372
2	13
2	54
0	19
0	35
128	56
0	17
0	1
0	13
0	28
0	27
0	28
0	20
1	15
47	263
14	39
0	56
8	59
12	195
27	5
7	1
0	1
0	2
0	4
757	322
26	323
2	40
0	13
0	2
0	0
0	0
0	58
1	59
8	60
0	0
2	1
0	0
0	326
25	11
1	11
0	21
0	0
0	25
0	5
0	23
0	24
0	21
0	1
0	23
0	0
0	0
0	3
0	8
0	115
18	115
0	7
1	7
0	4
0	0
6	3
4	0
3	90
88	526
28	584
4	51
9	96
7	62
1	26
10	155
16	3
0	1707
44	1957
8	1532
14	1577
4	51
0	37
0	1400
170	123
1	9
0	104
0	23
0	21
10	22
0	1
0	0
38	84
0	134
0	134
2	42
0	574
0	215
2	574
7	30
0	57
0	1
0	1
0	0
0	0
3	32
0	32
1	32
4	32
5	32
2	125
3	103
0	106
1	6
2	1
2	5
0	1
2	12
58	72
0	72
41	963
0	847
11	576
1	92
9	210
18	210
11	210
0	3
0	3
0	0
0	3
9	0
500	27
0	27
0	54
4	263
163	263
333	118
4	115
2	0
0	0
0	0
0	0
0	0
0	0
1603	221
142	221
0	23
11	29
2	17
0	26
1	0
723	120
0	30
1	16
0	79
0	1
774	1
4	0
106	410
0	145
3	402
0	186
0	178
84	0
18	6
0	4
0	2
10	61
256	61
0	37
2	19
0	22
5	22
19	930
0	924
61	935
7	934
14	189
2	286
0	0
0	0
844	81
0	11
8	70
122	772
50	838
1	66
1	360
0	245
4	65
12	227
15	210
0	3
0	3
1	7
0	7
0	3
0	7
9	54
5	58
0	91
0	50
2	4
2	4
11	4
0	0
0	3
0	0
0	0
0	0
0	0
12	7070
2348	1194
0	6847
13	871
0	4
37	610
2	6303
0	4873
1	4059
138	184
0	928
174	1453
15	362
15	290
12	9
1	510
6	973
35	83
3	83
1	0
465	741
8	624
0	337
0	122
3	117
187	118
0	122
0	122
9	62
2	269
0	327
2	39
1	53
0	193
2	29
0	22
8	2223
12	2117
1	1930
0	2
58	31
24	747
0	30
1	191
0	39
1	86
0	1
0	0
0	1
0	0
0	0
1009	1358
6	1318
0	235
13	40
2	62
0	0
213	120
17	8
0	31
0	0
0	0
5	1
6	1
96	362
5	249
6	83
5	157
0	24
3	64
14	221
0	78
0	46
5	117
2	29
1	223
12	474
33	103
1	231
116	190
0	334
4	727
88	441
1	5
0	927
0	523
0	313
0	10
0	0
4	3
3	923
440	553
0	559
0	0
0	66
0	2
0	559
1	0
821	2107
1	654
70	1572
17	3540
5	1574
0	3231
1	3214
2	1396
2	3145
54	2541
1	88
1	172
8	14
9	37
2	0
401	257
33	257
2	1659
0	229
0	165
19	176
0	304
30	1540
0	23
0	13
12	0
0	9
5	204
0	198
27	217
2	538
0	382
14	68
15	240
0	1638
2	96
1	0
0	4
0	7
0	0
0	0
1	0
0	0
0	97
0	100
22	2075
46	1763
0	1644
0	1423
17	971
0	1099
0	500
0	765
13	567
0	230
0	1
0	422
3	184
9	174
5785	25675
20	19821
29	14034
9	11770
0	5595
1	17
0	2
1	10
0	15
0	15
0	17
973	1068
8	1187
1	913
0	859
40	428
0	118
2	142
0	81
1	13
0	17
0	15
15	15
0	15
0	3
2	1136
5	221
64	1118
1	37
0	26
0	926
1	14
1	5
2	5
414	856
1	817
0	153
48	1927
21	1718
0	15
2	6
1	1
0	213
0	224
52	324
0	332
11	299
1	33
2	23
0	167
0	181
8	39
0	49
0	20
3	33
0	30
0	6
0	11
0	10
6	0
0	152
0	1
1	1
7	72
0	56
0	68
7	68
0	22
0	9
0	1
0	6
0	4
0	0
1	2
0	0
1	16
0	384
3	383
0	0
2	1
0	45
8	421
7	200
9	332
0	17
0	72
0	15
68	329
55	366
4	366
8	0
1205	1037
1	803
93	1036
3	702
2	15
0	14
1	11
105	1239
1	1239
0	471
0	0
0	5
0	3
0	3
0	0
1	0
0	46
0	10
1	1
3	3
14	0
5	46
0	4
0	0
0	1
0	5
1071	557
3	29
13	1
1	23
5	529
366	0
11	123
0	123
223	893
5	893
0	0
0	3
0	2
0	21
0	21
0	0
646	1
0	0
0	0
0	0
0	0
0	0
237	113
13	1
44	111
53	0
0	0
0	115
1	7
3	349
11	357
39	179
0	9
2	108
14	7
0	6
0	61
1	61
0	1
0	1
0	1
0	3
1	3
0	0
3	0
2	0
17	2877
555	3681
10	0
11	0
0	3636
6	0
0	0
85	6012
105	5993
5	5954
10	960
1	34
129	10
0	846
36	1269
164	0
0	5
0	5988
0	5877
2	32
200	77
0	58
0	28
0	9
1	9
0	29
0	6
437	41
2	11
11	32
33	0
0	0
0	3
0	3
0	3
0	2
18	333
49	1352
8	56
30	1343
174	17
111	17
69	43
1	0
3	0
0	69
0	64
1	46
0	66
0	40
0	239
566	263
12	23
3	20
1	115
0	14
0	10
1	13
2	9
14	115
272	0
0	4885
0	2753
0	3123
0	263
10	646
0	1438
289	1101
16	482
4	200
0	962
58	997
124	2843
0	139
0	4985
3823	0
0	3
0	3
890	141
0	74
0	15
4	50
391	583
14	583
4	569
393	430
0	430
0	56
0	30
0	32
2	0
0	4
0	0
0	0
0	0
0	0
0	0
0	0
0	0
0	0
0	0
8	122
0	0
0	0
0	0
0	0
0	0
0	0
0	0
0	0
0	0
0	0
0	0
176	1522
79	1308
15	563
14	609
20	229
59	80
0	26
64	75
0	1516
5476	1223
66	895
0	358
8	193
11	16
0	1
0	15
0	2
0	0
71	773
1610	773
0	0
0	0
24	0
14	2
0	2
0	0
627	1477
0	107
10	55
0	506
0	525
0	541
2	0
0	0
0	0
5	88
0	22
0	13
109	328
0	134
0	39
0	22
1	8
37	261
2	142
1	696
0	402
2	73
2	81
4	583
1	16
1	0
10	52
0	20
1	9
0	78
0	203
26	71
0	225
0	185
0	184
0	150
1	111
0	6
0	88
0	0
0	0
0	0
0	0
20	2817
6	3192
1	2742
0	3054
0	108
72	231
0	504
60	29
85	312
0	920
0	647
1	759
6	470
4	722
14	191
3	86
51	27
10	68
356	38
0	0
5	7
1	2
2	32
0	0
0	0
0	0
0	4
0	5
0	9
0	12
1	12
3	9
0	3
0	1
0	0
0	0
0	0
0	0
110	1
0	0
0	1
327	400
5	37
2	368
0	29
2	30
0	25
0	0
0	0
0	18
0	14
2	18
0	0
0	7
0	5
2	20
0	5
30	91
0	35
0	0
0	0
7167	26675
3486	28351
113	18135
5	3069
2	3829
1	3497
2	54
0	3695
5	6060
9	1094
71	2334
98	1235
5	1203
2	1204
2	19
6	31
0	454
24	403
0	14
1	4
3	0
0	0
0	0
0	0
0	0
0	27
4	98
0	24
1186	144
0	0
0	0
0	0
0	0
0	0
0	0
0	0
0	0
0	0
83	578
142	230
53	11
0	529
247	7106
0	13210
56	11783
15	9390
0	9758
0	8565
421	13340
0	5740
0	14636
1	6623
7	1739
0	13213
0	0
0	0
0	0
165	0
0	0
0	0
0	0
0	0
0	0
0	0
0	0
339	71
0	20
0	50
0	0
879	651
0	449
0	60
0	166
0	38
5	90
0	0
0	0
0	0
105	1031
4	115
9	603
229	146
7	75
4	401
1	221
8	289
5	218
2	405
11	289
1	289
1	24
13	2
3	1152
133	1152
0	6281
1	5063
24	5462
9	2901
5	172
28	5
0	9
31	1026
1	865
0	6429
0	7000
0	0
104	863
0	855
314	566
92	1363
0	154
0	175
0	1184
1	255
0	164
0	221
325	1115
5	5
0	5
0	0
0	0
0	0
0	0
0	0
0	0
0	0
0	0
25	13
0	1
0	1
0	10
0	2
0	1
0	0
0	0
0	0
7	3912
0	0
7	2980
96	2976
1	54
4	5
178	1005
4729	1007
0	48
0	1
2	1
68	1378
1	338
0	746
14	920
0	1376
0	257
0	1
20	1
238	0
4	3619
0	2721
0	1924
1	0
537	1192
0	2972
0	0
38	0
198	1322
5	1320
0	1282
9	21
13	97
32	46
1005	1670
0	1644
0	14
7	13
0	7
13	88
32	708
4	741
19	97
1	157
2	200
3	172
9	136
9	202
2	9
7	121
1	133
2	354
29	59
5	5142
1	5142
6	5132
49	0
0	0
0	0
3	52
0	53
14	27
0	10
0	3
0	839
0	1027
30	1221
6	1047
1	542
0	383
12	216
143	4690
21	352
0	1168
4	796
15	4603
0	104
0	245
10	259
0	2075
1	113
0	0
0	0
11	0
22	1
66	8614
8	8615
0	980
10	7883
2	6
0	146
0	42
356	4
0	239
20	503
56	506
1	0
0	276
0	869
8	1137
55	469
1	617
0	281
6	448
11	448
53	647
0	383
31	281
0	378
33	1
0	1116
11	2704
14	2808
5	2844
28	2872
0	69
0	77
28	2473
20	2702
0	2751
18	2853
7	180
0	62
0	70
13	315
0	116
0	126
0	7
0	27
0	82
2	12
0	10
32	16
0	11
2	6
0	0
0	2758
2	2341
137	2309
0	1205
0	1558
1	437
3	0
0	8
0	8
1	49
3	29
2	43
0	1
21	51
0	44
1254	771
1	177
2	55
50	342
67	581
1453	504
0	3
0	498
4	0
0	9
4	26
9	0
147	21
0	16
1	3
0	1
0	840
0	776
0	852
16	465
0	153
0	134
1	882
72	926
4	148
5	93
0	20
14	82
5	5
474	38
0	21
0	17
15	7
10	506
0	175
4	519
10	520
0	508
0	0
1	2
378	2
13	447
166	507
1	442
9	288
0	156
93	278
14	20
0	34
0	1270
93	1101
0	1055
0	1057
0	941
0	154
92	125
2	299
10	48
0	283
10	29
3	39
0	98
312	0
0	0
0	0
0	0
0	0
1	396
10	125
0	147
50	396
0	1
52	219
44	246
0	440
0	444
16	152
0	80
6	29
17	40
0	0
0	0
0	0
0	0
0	0
0	0
95	1211
40	809
124	783
21	999
0	1
0	182
10	132
0	1082
1	10
0	0
0	10
0	6
0	7
0	7
0	6
0	6
0	0
0	7
14	1
2	24
0	24
10	118
0	4
0	6
76	0
0	0
1	13
0	16
0	28
6	52
177	281
0	10
0	18
7	90
4	25
0	0
31	3073
0	4249
119	3778
0	5393
190	3613
79	230
0	2864
3	2378
0	136
0	309
0	0
0	0
19	1388
271	1434
51	1343
8	742
0	0
0	0
0	0
0	0
0	0
0	0
0	0
475	1842
0	530
5	852
11	677
3	940
37	3866
70	2419
3	677
2	471
1	36
27	2711
40	302
0	670
2	412
1007	1
1641	307
4	62
4	1585
2	225
5	1082
198	120
0	1401
5	0
0	232
0	545
0	1247
1	0
17	228
11	0
8	16
5	151
5	139
0	109
21	129
1	580
47	166
2	423
6	204
8	87
137	7135
6	7956
9	4376
702	6249
63	6861
0	0
0	0
0	172
348	249
0	4
11	245
0	9499
16	3802
9	8940
296	4244
2	6577
109	932
4	2449
0	9250
663	2055
0	2064
0	902
0	620
0	141
2	13
70	448
0	165
2	135
1	83
50	2039
1	3065
23	3039
0	3142
442	0
3	38
357	6793
3	2
5	0
362	309
1	2
0	257
624	6671
1	83
0	10
111	619
1	4270
9	3900
14	3725
10	295
2	626
0	4
0	2
4	2
0	25
8	121
90	102
0	25
1	14
0	6
147	933
14	676
6	459
22	487
12	784
1	116
4	0
8	12
19	12
0	9
505	480
3	484
113	1348
44	105
5	214
0	18
0	53
4	1231
116	487
3	335
17	169
1	19
3	153
2080	912
2	166
4	149
31	110
0	34
0	366
0	372
0	1231
19	1294
0	1348
3	1114
4	1056
0	589
14	25
3	206
1	107
0	134
3	18
12	208
2	175
1	3
0	54
0	17
0	5
0	56
1	1247
3	215
0	9
2313	303
3	8
6	173
0	8
5	0
0	5
3	5
0	79
1360	18848
12	21280
211	21453
123	19501
11	7429
707	169
0	0
13	32
49	140
4	8
0	0
0	0
0	0
0	0
0	0
0	0
90	249
29	218
1	57
0	25
0	967
8	968
12	914
0	11
0	913
0	52
1	73
0	960
0	1
0	1
2	144
9	144
17	144
0	0
0	0
3	0
0	0
216	145
0	121
0	22
0	13
1597	184
6	125
8	23
18	42
0	0
5	0
0	2
6	1
0	1
0	0
348	17
24	12
1	5
27	194
23	194
0	0
19	0
10	31
5	15
1	32
0	36
0	6
0	917
0	831
1	836
12	869
13	0
0	44
2	30
848	12206
0	11938
149	11673
0	8470
58	6853
31	1761
0	105
5	28
148	334
9	251
7	304
58	259
0	39
5	71
0	0
12	6
1	6
0	0
0	0
0	4
0	4
33	10
1	10
0	0
673	448
0	177
0	386
1705	322
0	30
1	72
7	38
0	0
82	4
0	5
1	112
25	105
6	69
5	112
0	461
1	9031
7	543
611	9031
0	9039
0	0
0	0
0	0
0	0
0	120
0	120
0	30
7	37
0	0
0	0
0	0
4857	2
54	203
9	254
3	9
3	14
0	9
82	59
0	0
2	1298
45	886
138	1089
8	950
177	8
2	164
136	1219
0	1
0	1
0	2
0	2
0	0
384	91
0	18
7	5
4	70
0	0
0	0
0	0
98	1377
4	953
79	1276
47	1110
20	20
5	55
18	807
4433	2380
3	860
9	661
25	465
2	789
225	463
912	11332
286	11278
151	11272
13	11276
7	1644
0	606
0	606
4	59
248	377
24	117
0	118
5	8
97	5
0	5
1	1620
101	1618
0	631
0	33
2	22
0	1670
0	8
0	14
1	9
2	3
0	0
10	213
2	12
2	13
1	1
2	0
2031	2191
1	1679
0	359
11	11
12	12
0	106
95	2575
81	1459
17	1407
0	52
5	310
6	240
37	111
72	188
370	58
3	234
20	65
78	0
1	0
0	0
8	467
5	17
1	49
0	47
0	460
61	386
4	50
1	33
165	72
0	9
4	72
0	0
110	235
0	236
0	39
1	14
0	29
0	0
0	14
0	14
0	14
0	14
0	7
12	879
16	539
0	864
5	601
532	856
3	31
11	856
26	0
6	199
0	185
2	1
2	0
0	10
3	2
0	2
1	38
2	42
2	2
0	0
1	6
1	5
545	354
17	351
59	354
0	354
39	1166
11	1131
158	872
0	24
322	24
1	24
0	0
167	1
1	1
1	1
1	770
0	670
0	563
5	3
8	3
252	45
3	2
0	41
0	0
623	2
0	37
0	26
0	1
12	401
12	401
204	585
433	991
25	11
0	464
1	48
11	60
0	18
0	14
3	8
59	1309
0	942
0	619
0	637
0	360
0	1079
8	1069
0	782
0	856
0	559
0	151
1	92
7	133
0	73
0	0
0	32
0	17
0	32
1	3
0	2
0	0
0	3
3	0
0	0
157	5006
2	4998
0	208
11	10
1	452
3	16
0	44
28	1801
5	9
2	11
5	1804
0	32
0	17
322	794
7	419
38	228
0	131
50	305
0	0
1	306
1	99
0	0
0	3
0	3
0	6
0	7
0	19
0	306
0	216
0	5
0	1
8	30
257	1853
2	1731
0	83
0	105
16	80
29	852
9	195
11	191
6	134
4	193
154	37
0	36
33	0
0	0
142	1430
28	1524
0	8
2	36
4	252
7	306
50	891
5	109
0	110
0	111
51	66
3	89
5	74
7	35
2	70
30	65
9	64
0	43
40	517
6	312
214	829
0	0
0	0
0	216
9	216
0	21
0	21
0	5
0	217
4	4
0	4
187	3
1	3
0	0
0	0
0	0
0	0
22	20
0	17
0	1
7	4
0	0
0	0
0	0
1	395
298	1165
2	46
2	964
2	31
0	12
9	117
3	353
0	7
16	4554
112	759
0	681
26	445
1	4073
235	0
0	5
0	0
0	0
0	0
0	5
0	0
0	0
0	0
0	0
0	0
0	0
0	390
171	392
0	56
1	20
57	2065
21	1846
0	980
0	1118
4	1320
0	815
65	1051
0	589
0	34
0	156
3	14
0	80
260	7
2	7
10	1187
0	1384
6	1491
0	1031
0	297
0	23
33	78
0	2
0	2
0	1
0	0
8	336
6	360
0	44
0	7
0	1002
0	989
0	442
0	755
2	0
5	0
0	5
1	17
0	1
2	120
24	1002
19	7
0	7
1305	38
0	30
0	8
74	0
10	493
0	2
2	175
0	16
0	3
0	1
0	2
0	0
0	1
236	231
10	88
4	73
0	0
0	70
0	38
685	506
0	506
26	1103
804	1625
2	1648
67	1478
60	899
1	581
0	460
2	409
2	361
381	388
326	171
0	1454
34	1292
28	243
111	461
105	585
4	318
17	1438
475	2222
0	2119
14	5
3	47
11	9
6	40
0	0
6	393
2	607
0	319
1	47
2	0
0	557
22	1020
3	913
2	160
4	207
5	24
0	1098
1	1021
0	1452
0	0
17	1517
30	930
0	750
0	79
74	380
0	379
3	952
0	118
4	0
25	1
0	566
64	566
0	0
0	24
4	0
20	309
319	607
5	190
5	294
7	96
0	0
18	2192
10	984
1	528
39	1957
245	494
1	0
0	16
0	34
4	108
0	178
3	123
1	109
24	242
2	13
0	0
0	0
0	0
0	0
0	0
0	0
0	0
0	0
0	1338
0	29
0	133
0	1281
0	63
0	1032
0	0
0	0
2	14
0	1178
27	1168
0	165
0	74
3	575
0	28
0	0
0	536
0	655
0	754
0	586
0	585
0	684
0	15
13	254
13	50
62	7
0	7
0	0
0	0
0	0
38	21
0	21
0	0
32	0
95	1184
80	512
8	1155
0	1
0	4
4	198
1	0
0	0
0	0
0	0
0	0
0	624
1	634
0	380
7	7
3	19
0	8
0	15
2	13
1	12
171	645
437	235
1	235
0	26
14	8
1	8
0	0
0	185
3	184
2	22
0	47
0	1
1	200
0	1161
6	533
0	783
0	1052
0	1184
0	860
0	0
1	155
0	1161
0	0
0	0
0	0
0	0
0	0
0	83
27	83
0	0
1	0
842	598
40	596
0	3572
9	3669
0	3650
0	3137
0	297
88	316
47	109
0	168
23	121
0	130
12	58
1	165
0	91
0	39
22	1
0	3666
498	287
0	175
0	175
0	176
0	219
4	0
0	47
0	32
3	47
0	51
4	46
0	95
0	48
4	0
132	242
0	61
8	243
0	52
0	96
0	0
0	0
0	0
0	0
0	0
0	198
51	201
1	5
3	1
542	5
24	5
7	324
0	549
0	509
1	80
0	429
1	26
1	153
0	4
0	304
0	0
5	11
3	0
0	5
0	5
43	2250
0	0
15	1
9	0
3	0
1	0
4	160
14	1694
0	1812
22	396
0	0
19	165
5	0
4	0
0	2280
0	34
23	168
1	67
0	366
6	278
0	11
0	0
0	0
838	0
0	292
0	144
26	294
3	20
0	20
3	21
1	21
0	1
0	1
8	3
0	3
858	82
0	82
1529	933
2	841
28	101
0	2958
659	2960
707	29
0	13
3	16
4	0
4	106
0	2
0	223
0	431
0	1685
15	1756
1	86
0	332
5	878
0	544
2	1591
0	1362
0	590
1	277
2	7
2	926
60	4
0	299
0	937
0	0
3	0
4	404
3	409
1	0
2	409
1	7
0	26
8	331
10	416
6	416
16	207
0	185
0	203
1	534
1	581
0	19
0	5
2	54
0	2
0	10
0	581
0	0
0	0
0	0
0	0
0	2
0	2
3	20396
0	20829
0	6775
3	7121
0	10126
6	30
0	608
1	569
263	2475
1	428
9	1454
0	259
697	0
95	42
8	42
236	0
0	3
0	3
96	4
0	11
0	1
4	9
0	2
0	5
0	1
0	15
49	18
0	1
0	0
2	1
0	1
0	0
0	0
47	57
3	57
1	0
68	312
0	311
11	67
0	52
1	2
1	0
1	16
18	1
0	4
0	0
24	3
3	2
0	1
13	83
0	78
282	79
0	0
1	0
16	1
0	0
0	0
15636	14
593	280
0	131
0	97
0	168
1283	1
116	1
5	8
4	0
0	8
0	0
0	0
0	0
0	0
0	0
0	0
0	0
0	0
33	0
0	0
88	0
87	0
329	0
22	0
1	431
0	438
1	224
12	107
0	85
0	71
0	71
9	48
0	48
0	4
6	0
0	1
0	2
0	0
6	6
0	0
0	2
0	0
0	0
0	0
0	2
0	2
0	2
0	0
0	0
0	0
11	0
0	0
0	0
0	0
0	0
258	75
7	75
0	0
0	0
0	357
17	418
96	775
244	6598
1340	6600
0	619
3	3
105	1522
0	840
6	379
2	85
1	10
0	3
7	417
0	429
0	401
1	15
199	375
0	662
0	2
4	5
1	5
0	3
0	1
0	1
0	0
0	0
0	0
0	0
0	0
0	0
0	0
0	0
0	0
0	0
0	0
0	0
25	220
14	220
1	54
0	0
0	1
0	1
0	1
0	0
70	1290
38	1290
0	0
0	0
0	0
328	0
264	281
3	0
0	281
0	0
0	0
0	0
0	0
0	0
0	6
0	8
0	8
0	8
0	7
0	6
0	8
0	8
1	2
0	0
0	6
0	8
79	1371
0	1264
9	899
2	85
0	1158
1	195
6	656
5	679
1	339
0	489
0	481
0	335
0	6
0	354
0	0
1	231
0	314
0	15
0	561
1	4
10	0
31	38
0	610
0	6
0	6
1	7
0	2
0	1
2	1
4	0
0	0
0	0
47	324
0	324
1	28
0	4400
56	3243
0	1810
5	3759
4	96
8	1737
5	37
0	26
17	27
5	3856
0	385
1	2605
7	177
0	3943
1	0
0	0
0	63
1	13
0	15
0	19
0	42
0	18
0	60
2	60
1564	1264
1	195
0	1068
20	1442
183	1110
7	6
0	197
10	349
3	239
2608	667
0	13
1	124
1	128
0	175
9	76
0	47
24	178
0	178
802	415
0	22
1	337
0	91
3	40
0	41
0	24
5	49
0	384
25	819
2	820
0	31
0	6
2	6
170	18
0	18
5200	880
0	28
0	367
0	477
0	3024
1735	3027
3	1165
0	0
0	0
0	0
0	0
106	6
147	786
0	4
0	2
0	8
0	18
377	495
0	210
2	0
66	352
1	234
1	385
0	349
5	101
14	57
0	98
15	155
0	6
0	34
0	20
0	26
3	26
0	59
109	635
0	635
0	626
4	127
1	134
0	258
17	273
2	324
2	358
1	120
307	72331
1	40459
15	65142
3	65091
1	65143
21	38958
3	38880
70	10489
2	10462
1	5398
0	2190
4	141
7	278
0	263
0	187
0	796
0	40
0	5
0	2
4	453
0	256
0	790
42	662
22	562
2	139
0	139
0	166
1	400
0	0
3	312
203	1591
0	1591
12	295
17	4
0	389
9	120
359	484
4	182
6	0
8	112
1	98
0	90
23	90
2	90
5	96
0	105
0	26
6	0
1	4
6	11
72	552
75	552
9	351
0	313
0	319
2	74
0	300
0	333
0	304
0	271
0	0
0	216
0	170
0	148
3	144
1	48
727	861
1	44
0	0
0	8
2	34
0	898
63	276
0	0
33	220
1	321
17	12
1	7
0	258
2	20
0	26
4	24
0	49
6	440
0	34
8	112
23	49
3	369
0	0
0	0
526	238
0	46
1	125
3	128
5	128
0	151
0	8
0	30
5	1
9	55
9	51
6	55
0	58
0	1
0	2
32	91
0	92
1	16
0	15
0	0
13	1
0	0
0	0
2	2109
1698	2109
0	82
329	505
0	23
0	0
77	359
1	362
1	393
18	419
30	86
0	80
2600	8670
25	321
5	76
71	8450
212	548
12	385
6	526
7	81
29	1070
4	408
0	427
63	463
0	5
2	455
0	50
0	1055
1	438
7	1584
17	966
5	1086
1	929
0	18
2	98
0	0
0	0
0	0
0	0
1028	0
0	0
0	0
7545	7
1	0
565	21
1	21
938	4510
0	4509
1	40
11	43
2	3
0	0
90	144
0	36
0	144
0	9
0	21
0	17
0	0
1	39
0	0
5	39
176	71
25	170
0	137
1	91
1	105
4	0
3	8
12	10
199	734
0	498
3	149
0	226
0	521
4	244
446	48
11	48
0	3
0	3
1	1050
0	1065
0	832
57	863
4	401
0	629
24	0
1	549
0	1326
1	511
0	662
0	648
0	1402
0	89
3	384
0	708
0	377
0	31
3	2
0	0
1	59
0	0
2	30
59	4234
3	0
211	3775
0	4290
108	3254
45	659
8	617
0	675
9	76
4250	963
2	259
1	508
0	0
1443	9867
16	9076
54	838
17	255
96	914
75	192
3	1517
214	1300
0	2868
0	1397
181	2793
669	2810
126	1056
30	3
1	121
72	1
1	363
52	969
13	981
23	928
1	0
0	79
79	46
0	2321
89	2268
0	2954
53	2821
0	1818
3	1494
78	1322
0	1453
4	1059
46	1051
0	835
0	807
0	792
0	7137
274	7084
0	6555
2	934
2	580
3	418
134	240
0	18
0	6
66	1
4	11
3	11
0	0
0	6566
13	7141
0	2875
0	2357
0	2677
0	8
3	8
0	4
4	48
0	11
11	1133
8	1119
0	1093
0	1052
0	1014
33	771
39	910
2	13
10	104
4	10
182	1950
0	1047
3	1950
675	40
2	385
9	54
0	153
297	642
1	15
12	4
0	15
0	233
6	588
0	110
0	128
0	30
0	30
3	9
2	29
0	12
23	0
121	67
1	10
0	46
0	138
1	75
22	10
0	67
0	0
4	0
14	91
3	27
0	0
0	36
0	0
895	108
0	108
85	963
0	842
0	863
0	983
0	21
56	1
4	0
0	34
0	46
923	1049
41	976
56	919
0	218
10	36
6	46
8	0
100	55
3	55
229	2014
137	2015
0	178
428	178
0	178
0	0
647	0
13	0
175	137
11	137
128	26
0	26
0	1192
0	1112
5	901
4	819
2	479
0	97
63	182
0	1777
0	1120
0	2429
0	1660
12	0
1	166
0	35
0	2322
1122	2501
2	32
32	31
5	1
29537	277
5	47
53	209
624	299
30	299
6890	345
41	330
19	17
0	30
2	30
0	22
0	22
0	17
0	36
0	317
1	276
10	0
0	0
2	0
0	46
521	983
14	993
12	0
19	688
0	63
0	11
0	47
5	1
20920	285
1	273
621	559
8	290
4	366
0	200
0	105
5	0
2	0
0	0
0	0
0	0
0	0
20	4
0	4
1	1
0	0
0	1
0	1
0	1
0	488
43	1481
27	1192
0	0
0	1
1	1037
1	220
2	464
1	0
0	283
3	79
1	1074
14	1297
1	213
12	902
0	387
0	221
0	400
0	152
4	39
2	298
0	218
2	223
0	190
0	26
1	5
0	30
2	239
0	224
0	364
0	401
0	32
0	2
43	8303
1	6908
0	2378
122	8209
49	98
23	3192
11	2769
11	3598
22	28
0	360
28	97
0	37
207	175
3	75
0	129
12	112
18	1
409	7392
5	9985
0	7135
102	6537
2	4139
20	4
7	0
51	440
19	718
1	2
3	928
4	0
1	28
0	28
0	28
0	28
0	28
0	28
0	13
0	0
0	0
5	84
0	4
310	413
0	39
0	166
0	50
0	0
16	187
0	20
1	20
0	19
2	133
2	75
1106	48
0	14
0	34
0	2
0	2
4858	0
4	352
3	233
4	262
0	262
0	91
7	3
24	2
7	199
3	34
5	21
0	17
1	1
0	0
2	240
2	246
0	224
0	15
0	168
1	61
2	50
2	23
2	25
18	266
0	266
0	74
1	3
0	0
0	0
0	0
0	0
2	2596
27	2331
100	2615
2	5
1	150
0	131
4	90
0	609
4	430
3	122
3	273
769	1313
27	1313
7	77
0	37
6	81
7	71
1	0
0	0
0	0
0	0
0	0
0	6
5	0
1	6
5	5881
1	251
0	55
3	80
0	5871
190	502
4	0
548	1955
601	1909
0	4
0	4
0	3
0	0
0	0
0	1
0	7
31	1638
17	1492
3	70
0	4
14	9
32	330
12	25
10	24
2	2
38	1033
4	22
0	331
109	10561
18	706
14	1125
2	25
0	37
3	228
0	1064
0	10458
0	118
0	1730
0	84
0	8
24	134
1	38
1	77
0	60
4	347
11	13
56	172
89	173
0	10
0	0
4	2
12	947
74	136
0	126
18	881
78	931
2	368
9	448
9	904
5	289
2	297
0	292
4	290
0	129
2	111
0	37
48	48
0	169
2	245
0	167
0	198
0	27
2	26
2	23
0	24
0	26
0	1
0	5
0	1
3	20
1	20
0	4
1	0
57	511
0	511
2	89
8	46
1	2
11	1
1	1
0	0
0	1622
38	1679
56	1322
44	429
0	197
1	90
61	468
157	215
0	219
2575	1443
32	594
24	213
58	566
5	39
9	178
2	10
1	10
0	0
27	830
388	1844
40	378
57	1515
0	14
2	13
2	14
0	7
0	1
1	0
0	0
787	78
0	19
9	68
0	0
702	0
0	7
3	22
1	9
0	7
0	16
0	0
0	4
0	0
0	5
0	1
23	1892
5	1343
50	1412
27	877
21	1494
23	1588
25	1054
29	317
7	95
0	75
0	24
0	29
3	0
3	22
0	75
21	2
1	2
7	1681
0	184
0	0
10	45
29	168
54	1173
976	5125
0	4465
3	4242
21	4039
116	4001
1	68
1	82
21	58
0	37
7	41
0	23
0	22
0	22
3	0
0	0
0	6
0	3
0	6
0	2
0	6
305	22
0	22
0	0
2209	640
0	445
16	142
4	198
261	0
44	337
0	19
0	0
0	305
2	0
0	13
1	6
0	58
0	20
0	16
0	17
29	446
0	507
6	536
0	67
0	0
3335	970
37	418
9	890
0	0
0	0
0	4
0	0
0	4
2	4
3	457
21	1681
337	1681
3	239
20	115
2563	1007
6	6
0	5
1	880
1	2325
2	842
2	348
0	2181
0	2504
0	831
16	80
0	7
0	41
0	1999
11	16
0	16
0	5
0	1
0	1
1	0
0	0
0	3
0	3
1	31
95	31
2	0
3	0
182	772
11	762
20	748
10	392
3	368
9	12
0	329
10	51
11	0
0	67
4	0
48	0
1	2739
578	4444
0	4676
1	3197
110	477
5	0
207	133
0	0
7	200
59	6219
0	182
1	6193
1	1085
261	6384
1	685
32	1872
3	405
36	159
3	286
44	1743
1567	1254
0	399
775	772
11	50
2	105
286	2766
3701	3513
6361	139
96	0
0	0
0	0
1	0
1397	403
34	0
9	0
3	70
2	265
0	1
0	79
0	0
0	0
0	0
23	1939
0	2601
4	949
0	23
0	294
0	137
0	46
0	105
5	3
4	14
0	68
0	59
0	43
1	28
0	41
13	28
0	1
0	0
0	884
0	0
0	0
0	0
0	0
531	1
5205	6026
750	5220
78	5252
0	1002
0	27
16	60
18	266
34	251
0	0
0	2
0	3
0	3
0	3
34	114
0	106
0	102
1	0
0	0
0	0
0	1
0	0
48	15964
0	1610
0	15964
1	218
6	254
7	192
0	23
356	182
1	0
1	182
0	75
0	1
28	38
1	28
0	5
0	9
2	5
0	18
3	6
20	9
0	13
2	0
0	4
0	1488
64	1937
9	1674
0	597
2	62
3	5
6	597
4	1802
0	2438
0	85
0	283
0	6
0	2262
0	2256
0	2296
28	4287
17	6298
19	1074
0	3138
0	3340
15	3320
0	84
0	13
2	77
0	2631
24	219
3	0
29	4669
0	1416
32	123
23	55
5	163
6	232
639	0
2	58
1	52
0	2223
0	2350
0	8
17	109
8	140
7	82
26	1
0	14
0	8
1	8
1	1194
5	84
1079	164
0	163
13	7
1545	345
5	70
0	6
0	0
37	343
1	601
1	422
5	527
5	114
49	548
7	2
2	3
1	0
0	1
0	2
16	0
0	0
6114	3312
11	3311
0	791
0	744
74	106
0	36
0	13
28	580
4	290
0	0
1	20
15	750
45	5640
291	1677
0	4510
28	4860
0	1785
0	1250
0	9
4	41
169	992
30	992
10	323
0	61
11	2
1	117
0	141
3	163
0	0
0	0
0	0
0	0
0	0
2	1043
1495	1220
0	19
2	26
7	70
5	60
294	245
1	165
8	80
0	155
1734	1568
3	1320
4	1386
0	0
1	422
1	293
1	229
0	0
0	1
0	1
0	1
0	0
0	0
0	0
0	27
2	42
0	43
0	6
44	1174
2	1236
49	616
0	22
0	0
131	0
2	0
120	165
81	150
0	3
0	31
0	4
2	39
0	24
3	8
1	4
2	13
0	0
0	0
0	0
0	0
0	0
1629	942
7	880
18	35
3	3
6	6
3	428
4	78
3	0
0	0
0	0
0	0
5	3
0	3
5820	2332
40	241
54	627
29	299
108	31
102	517
36	577
0	0
0	0
4745	231
22	83
0	153
0	153
15	383
92	3923
5	403
26	2928
15	2777
17	58
5	0
12	95
0	909
0	837
154	918
1	73
3427	910
2	0
82	1509
142	1509
3	125
1	0
3	108
0	12
0	12
0	0
0	0
0	0
0	0
0	0
3529	124
2	123
0	4136
0	3897
27	86
3	86
3	43
2	3163
4	4031
508	536
1	477
1	536
1	1
0	1
0	0
760	23
8	2
4	22
7	5
111	311
1056	526
1	127
26	15
0	38
21	133
52	641
0	171
1	131
2	528
0	311
7	0
0	2
0	2
0	1
0	86
160	3920
1	2
2	169
0	3214
0	2499
0	3106
1	62
5	1622
16	245
0	169
0	237
2218	0
8	1058
68	1033
7	467
111	4
2	61
45	53
6	104
8	3
11	2
694	13
0	0
2	0
0	13
18	0
0	17
0	17
0	9
0	13
0	3
65	896
35	903
23	477
16	191
18	122
0	179
6	9
0	330
15	714
197	714
1	4
0	21
2	17
2	60
1	10
0	15
3	7
0	0
4	0
0	0
1	0
0	3
1	0
0	0
0	60
280	89
1	38
866	596
66	594
270	369
0	121
1	183
1	186
7	160
7	0
32	46
0	17
253	4287
18	4287
10	206
0	202
1	90
3	90
67	120
0	131
2978	679
0	445
89	680
17	6
299	360
16	138
0	3
0	0
0	3
1377	1670
489	1387
78	1758
9	465
74	1447
49	3
6	1
17	316
0	179
0	1733
521	2
0	0
0	1
0	0
0	0
0	1
0	384
5	384
16	233
17	358
1	229
0	290
0	183
3	6
0	23
0	322
0	9
0	26
0	25
0	37
0	56
3	24
3	3
0	19
0	54
0	2294
24	1819
0	2263
0	1504
5	19
2	146
23	2119
166	6203
1	444
202	3987
27	0
12	5740
5	5282
0	108
3	0
0	481
3	254
0	283
16	1276
304	2223
0	941
8	1431
0	992
0	2569
0	2383
28	324
10	207
2	164
0	230
1	110
60	132
0	28
0	30
0	45
18	9
1	155
24	97
0	107
23	149
9	6
0	138
11	613
7	543
0	304
23	357
50	318
1	34
2	533
94	996
6	773
4	145
4	140
0	0
29	2421
7	2421
122	2418
1	12
7	5
9	308
0	21
4	1147
953	1151
21	3
145	0
1	616
11	727
1	634
2	21
3	134
0	0
0	0
0	0
0	0
0	0
0	0
0	0
0	0
0	0
34	168
18	168
191	39
0	39
2892	53
0	0
3	50
1	28
18	1140
0	38
4	31
5	105
257	1157
194	566
2	566
163	109
7	109
0	49
0	224
0	684
0	697
91	404
20	251
85	1
36	436
0	59
0	152
15	179
0	163
6	15
0	101
244	0
3	3
0	3
0	0
1160	345
0	344
25	0
89	3645
38	3881
0	100
1	0
27	3798
415	135
0	108
15	5
2	0
0	21
92	1055
0	1039
0	1055
84	1065
3	585
1	291
0	94
6	39
0	61
154	3963
4	2546
63	0
1	2358
0	3963
77	0
35	4
29	3513
20	2096
4	3509
104	1068
2	290
1	165
0	740
0	38
0	10
7	26
0	45
0	19
0	26
7	159
55	1712
0	1955
12	1106
0	221
3	463
2	42
0	1016
3	264
0	299
4019	1487
3	1357
76	236
277	351
3069	2
2	616
0	834
16	801
24	836
1	0
3	241
42	189
0	801
4	5996
225	6155
104	125
4	842
79	1003
15	636
2	15
13	253
0	0
32	208
1	9
10	0
6	0
0	5259
0	5251
17	554
11	1188
58	1472
0	1561
1	0
0	39
0	8
0	1438
11	219
1695	220
0	7
1148	7
6	3
1	0
92	137
5	128
39	62
0	0
7	1
582	795
3	753
0	2
2	49
1	650
88	644
14	272
9	310
1	415
17	18
0	8
0	11
2935	9
1	6
0	2
4	2
0	0
751	1990
0	1454
1	634
0	14
45	1311
110	1158
51	570
6	150
22	142
0	41
0	127
2	40
3	0
12	0
0	2
106	2974
0	2628
3	1960
5	578
9	12
0	4576
86	527
2	527
0	115
0	454
0	7
22	169
0	107
0	453
145	11188
344	11184
84	11190
13	9757
14	4637
44	530
0	394
67	1586
0	501
15	551
0	312
6	105
0	10915
2029	1
29	424
0	383
0	202
0	201
0	1
36	415
0	1
1	126
2	1
0	11
0	6
0	0
0	6
0	0
0	0
0	0
0	6
0	0
0	0
0	0
0	11
0	0
500	1082
86	1082
0	2617
111	2913
0	743
0	281
1	149
0	140
0	21
38	1754
2	27
1	208
0	1787
5	1477
84	28
81	69
25	1
779	0
776	0
5	0
12	546
0	247
259	909
616	81
4	81
3	927
0	525
22	589
2	702
4	1
8	3
9	256
1382	594
1	593
7	321
410	106
0	112
0	45
1	61
0	72
2	72
1	62
0	61
0	13
0	45
0	14
0	20
0	3
9	0
1	0
17	82
4	82
22	5712
7	961
1733	6198
3	665
1036	1208
142	1061
307	4826
0	0
0	745
5	742
1	402
31	744
0	1
13	569
46	3
2	6
0	17
0	5
78	3
2	186
0	216
5210	1137
0	1014
0	1096
38	598
0	989
0	975
114	1903
0	990
1	1553
22	398
19	207
164	0
0	0
1	0
0	0
0	1
0	1
0	1
0	0
157	119
0	9
0	70
0	68
405	508
1	400
0	361
31	365
0	353
7	0
0	339
1	24
2	6
0	33
2	40
1	104
0	15
0	10
1	11
1359	273
0	21
3	18
2	0
9	264
31	757
52	757
2	66
61	0
5	1515
30	3609
0	3001
0	2719
31	1084
0	238
0	154
3	259
3	51
0	2077
0	2816
8	2737
0	2770
2	2740
23	874
0	109
0	2
2	12
9	618
217	118
7	51
0	562
0	666
1	6
1	4
75	600
52	555
5	27
0	0
6	0
0	11
0	7
493	0
0	5
4	5
8	0
43	972
1	953
0	785
163	1269
11	4
0	220
0	32
13	1268
0	0
231	241
1	241
0	0
0	0
0	0
0	0
0	0
0	0
0	0
0	0
0	0
0	0
0	0
0	0
0	0
0	0
0	0
0	0
0	0
0	0
941	1219
0	1219
0	101
2	126
135	108
0	111
8	69
0	1
1	3
0	3
0	0
0	0
4	648
58	663
0	227
0	58
0	22
11	0
14	0
0	20
0	19
0	9
0	0
0	1
0	4
0	0
2	5
0	0
0	18
12	0
0	0
5	389
0	313
0	394
0	112
3	175
0	81
22	0
0	0
0	379
188	767
8	767
175	228
6	595
147	2481
177	2481
5	0
116	359
1	28
6	2
4	0
629	331
1	73
0	137
15	53
0	2912
34	2886
1	29
10	7
1	24
0	47
47	56
3	452
5	412
0	54
13	2679
12	71
0	69
0	66
0	0
0	0
199	0
0	219
0	228
0	250
2	240
5	240
0	68
2	49
28	6
16	12
2	0
0	6
0	0
2	6
0	34
193	2957
154	2236
0	2812
6	427
0	209
0	2408
0	0
0	64
23	135
1	24
205	2
3	2
530	0
0	105
0	105
28	25
0	468
18	466
0	364
0	419
7	48
0	5
0	0
0	5
614	3803
8	3740
2	632
0	53
3	211
1	211
7	170
0	15
0	3
0	0
6	31
0	35
0	10
0	0
0	0
13327	27925
826	27339
318	1015
22	225
0	74
0	74
0	34
466	14
2	14
3	35
1	465
14	366
0	21
0	107
1	70
0	1
8	43
0	56
0	7
1	146
2	12
28	901
0	828
217	145
3	22
9	14
9	22
0	129
56	200
0	155
1	178
11	47
17	84
1	0
1	318
0	310
7	286
1	360
3	369
813	2
13	1772
32	1931
15	864
0	318
3	70
0	200
740	5791
2	1615
0	1593
3	5665
56	1207
0	827
8	899
0	329
22	371
0	55
1568	651
3	650
15	63
4	124
3	117
4	59
0	47
6	5
23	17
97	361
0	441
0	398
0	57
0	99
12	47
0	0
0	0
0	0
7	18
0	18
20	79
0	162
15	128
0	167
569	1
1	0
1	6
4	6
0	842
0	79
8	500
0	7
0	22
0	906
0	0
1	205
0	204
0	121
1	98
1	110
46	190
0	106
4	34
23	195
2	134
0	61
0	0
0	0
1	70
44	87
0	6
0	65
0	42
34	38
24	28
0	3
31	7
204	513
3	513
57	618
93	665
2	92
2	18
6	78
0	11
0	77
0	8
2	0
0	4
0	18
0	1
2	79
18	12
0	12
0	40
2	207
0	239
6	235
0	61
1	45
0	229
0	62
48	61
0	123
0	301
6	174
3	187
7	258
2	0
0	1
0	2
0	15
0	36
8	21
0	14
0	89
0	105
0	0
0	0
0	0
0	0
0	0
0	0
0	31
0	1
0	0
0	0
0	35
0	15
1	2
0	35
0	34
2	8
0	1
0	0
0	1
319	6398
258	5578
342	6306
37	180
53	3314
5	125
5	174
2	262
2	11
2	59
0	3314
2	46
3	1
6	45
0	2945
62	2922
43	2361
5	2278
0	0
3	200
4	1315
0	1688
0	0
0	5
0	2
0	1
0	3
1	2
0	4
0	2
1	2
0	0
20819	6
24	435
89	426
64	340
6	148
0	159
1	129
0	71
1	0
0	1
1195	959
0	680
0	481
4	31
186	99
2	99
130	12385
46	9835
0	1389
22	10235
0	136
1	379
0	1632
0	1261
0	1358
0	849
406	0
2	286
5	176
15	41
21	47
9	574
2	170
394	1126
1	959
105	673
65	315
141	503
12	510
59	405
77	380
1	412
9	244
1296	0
17	47
0	47
1177	45
1	13
3	32
0	0
254	16
3	16
346	0
0	0
22	426
3	128
0	28
0	298
5	0
0	5
10	198
174	198
1	72
7	90
0	121
0	84
0	123
0	26
3	35
10	0
285	214
48	214
3	0
0	0
0	0
0	0
134	3058
12	142
32	810
13	231
2	225
44	0
3	60
72	2124
1	79
7	45
11	57
0	3
35	3
38	1685
39	1650
33	704
0	833
183	771
7	1055
0	1
8	49
4	61
0	43
0	5
0	3
4	4
0	15
0	28
0	28
0	15
0	2
2	2
0	1
0	1
0	0
14	73
0	49
0	51
577	91
0	41
3	15
23	65
12	12738
0	9820
0	9622
0	2156
7	2010
0	13225
0	13797
0	10307
0	10879
0	10109
0	10681
61	761
153	0
236	100
0	20
0	87
0	7
0	13
0	5
368	791
0	594
0	791
0	496
0	0
8	367
0	377
10	132
0	3294
11	1
10	3361
1	1
0	216
0	3078
0	1560
0	3365
0	0
0	15
3	10
0	9
0	0
0	14
0	6
0	1
0	3
0	0
0	851
1	171
3	988
59	599
0	1021
0	4
0	4
0	0
0	0
0	3
1	374
7	358
0	388
11	10
0	69
0	69
0	271
0	0
0	1617
89	1617
13	126
0	169
0	40
3	303
0	1600
0	68
0	69
0	69
0	64
0	67
0	32
2	82
0	40
2	47
1	2
1	3
0	2
5	70
40	1376
1	1305
1	282
15	201
1	4
0	0
0	0
0	0
6	269
290	206
0	146
4	18
2	35
0	57
3	19
0	0
920	620
5	619
21	3
0	19
1205	498
1	498
1	317
0	149
0	0
0	71
0	0
0	12
0	16
0	16
0	72
0	72
0	72
0	87
3	231
7	797
160	559
26	96
0	399
1	117
0	124
8	145
3	37
3	12
15	94
0	1
1	87
0	9
8	191
0	4
0	197
3	192
0	163
0	0
11106	11
0	3
0	1
0	0
0	0
0	1
1	8
0	0
0	8
113	340
8	340
0	33
8	97
97	96
3	8
0	17
0	2
7	80
97	364
23	355
11	312
0	311
10	353
3	80
0	285
5	202
0	171
6	65
3	132
0	103
0	64
100	420
31	345
11	11
0	349
11	159
8	9
6	261
1	226
0	0
0	256
0	286
78	286
0	68
20	159
1	2
7	0
95	150
0	20
3	143
4	43
0	16
0	10
1	0
0	0
0	16
1	0
200	16
0	16
190	73
1	73
0	0
0	7
0	7
39	3
0	0
0	3
2	57
33	362
19	206
0	1495
0	1604
5	1244
101	180
265	240
0	1547
517	192
0	96
0	0
17	39
1	7
0	190
26	796
46	157
6	574
0	673
1037	3842
1	2952
17	1235
94	1492
2	443
0	258
0	340
293	0
432	266
0	258
0	11
40	18
0	3
0	15
42	0
5	66
1	66
2	30
0	6
3	89
0	63
10	83
0	7
0	2
2	23
0	23
0	10
0	1
1	3
6882	11725
29	11719
64	5000
2	35
0	0
0	0
1	1
0	34
5	2122
0	846
2	2000
2	14
0	156
18	211
3	3
14	16
102	59
0	6
4	193
6	195
0	169
1	0
0	2
0	0
728	49
3	49
0	1
0	0
0	1
720	648
0	53
1	1
0	2838
8	2838
0	2448
22	1335
49	1034
0	1313
1	1073
0	1131
0	1113
0	862
0	314
0	505
1	337
0	105
0	95
0	159
0	115
0	102
0	73
23	88
0	3
1	119
0	144
21	0
0	365
1	367
0	214
1	20
19	11
11	0
320	215
1	80
0	0
13	0
0	150
0	124
0	5
325	11635
6	7914
7	401
33	9742
10	1793
0	190
800	2068
10	2073
25	1095
1189	3632
13064	4820
0	1406
12	1305
9	505
0	142
4	445
1	512
0	485
0	458
0	494
2	42
0	367
6	24
0	10
6	0
4	87
5	0
62	60
1	12
0	50
1	39
0	12
1	12
0	12
0	81
862	360
0	327
6	2
0	13
0	393
1663	394
267	33
0	33
431	5444
21	5412
15	2119
10	2519
5	1398
0	896
0	45
0	0
2	65
0	57
5	53
0	61
3	50
0	22
0	8
3	11
14	12182
0	12058
10	5557
0	7993
0	681
7	933
0	5607
0	697
0	949
0	1736
2	577
37	1023
3	468
6	4269
2	1780
2	1786
50	1259
0	1136
1	1134
9	870
0	1780
6	457
37	454
0	145
31	242
0	0
0	0
0	0
0	0
0	0
9	35
17	493
99	492
3	372
0	52
0	74
0	109
20	395
0	396
0	371
10	4578
75	4433
3	4091
0	1200
1	86
0	194
5	387
0	64
54	174
0	141
0	263
29	259
11	221
0	179
0	178
1	162
2	3
0	0
0	0
0	1
0	1
0	1
0	157
2	155
0	1
8	101
0	178
0	193
0	0
0	0
0	0
0	0
2	0
0	710
16	417
1	1017
0	453
6	860
3	1
0	1
0	15
0	978
28	889
7	159
0	0
0	5
5	64
0	11
7	19
42	12
6	1
2	45
0	224
6	543
0	0
0	0
0	0
0	0
0	0
0	0
2	560
21	538
9	390
0	535
0	66
0	90
0	0
1	24
0	2
7	57
0	391
0	273
40	115
9	82
0	79
3	80
1	78
6	70
0	5
0	25
2	3
0	7
0	23
0	59
0	19
0	57
1	30
138	331
0	537
11	474
18	2597
0	2833
40	2602
44	2606
0	83
1	106
2	335
11	1
0	334
1	196
1	3
8	173
5	239
43	285
2	4
6	26
2	27
0	18
0	14
3	10
2	10
0	0
5	4
0	4
0	0
0	0
7	30
1	7
0	0
1	0
0	55
0	528
0	507
50	511
11	166
20	19
61	193
26	177
0	26
0	561
0	1049
18	57
0	76
0	86
1	2
3	11
1	1049
0	11410
0	11068
0	289
10	1298
0	466
0	0
0	64
1	1121
16	9928
0	2434
7	548
22	6
8121	50
3	44
154	792
12	789
6	53
0	3
103	5
0	5
1164	3
143	0
21	3
0	2011
49	1820
0	45
0	1867
6	0
0	2077
17	1778
22	228
2	1701
28	2
0	96
79	3
13	3
38	1029
0	418
1	152
41	1
0	15
5	0
4	0
0	307
0	626
0	44
0	61
218	5777
12	97
23	3122
0	663
2	3111
4	311
3	63
45	2
8	4105
0	2122
5	32
0	32
0	4
0	4
88	404
0	273
6	411
0	156
4	115
0	22
0	93
0	0
0	130
7	60
14	10
238	0
82	1285
2	1285
8	469
35	478
8	17
3	196
0	1167
1	1123
0	1079
0	156
0	939
11	43
0	1041
3	430
0	18
1	609
0	970
0	596
1	1
0	513
1	122
112	786
0	31
0	1266
0	0
0	0
10	135
0	132
0	102
2	29
1	18
0	17
1	60
255	72
2	72
6	44
1	39
0	9
0	1
4	4
0	4
2	2
0	0
0	0
3	0
0	445
0	271
3	341
0	288
3	169
2	148
0	149
0	54
9	157
0	0
1177	54
3	53
10	45
24	31
3	18
5	15
0	2
0	3
0	1
0	373
1552	376
0	131
1	1038
9	43
0	41
7	387
7	270
0	137
11	1188
7	1335
19	2088
210	2190
9	70
3	241
8	512
2	651
25	375
0	347
82	251
22	143
7	55
2	84
2	18
3	56
1	18
1	542
160	247
210	263
28	143
8	16
0	2396
652	2397
107	1048
190	1062
11	1009
14	469
2	415
2	0
2	64
228	165
1	0
28	96
7	119
8	697
3	232
6	3
12	64
0	682
0	0
0	0
0	0
0	0
103	287
46	287
11149	267
128	96
28	59
0	34
0	0
0	93
170	76
12	1
24	13
2	0
0	5
13	51
0	3
0	4
0	5
1	31
0	1
0	5
0	28
0	20
3	5
0	0
7	7447
0	8580
13	3967
0	367
122	9106
17	3112
0	1505
96	1128
591	1004
7	1943
0	19
1	1933
1	140
16	156
0	441
28	1983
17	594
0	36
12	1749
0	1396
0	58
6	275
16	323
16	105
0	24
0	83
0	234
35	981
11	973
2	163
6	952
22	776
2	129
115	441
67	120
0	53
38	115
12	75
0	31
2	52
21	870
1	310
0	0
3	3
0	867
0	0
1	0
4	1
0	1
0	1
3113	92
1	92
512	0
2750	7510
82	6699
64	7069
3	505
0	1780
15	768
71	1788
13	450
0	753
6	1168
1	1247
10	458
2	2082
1888	3145
1	1185
0	2216
497	0
0	0
151	2206
9	2163
9	1493
28	262
0	133
12	266
36	18
88	609
4	18
11	181
4	137
3	115
7	269
1	204
9	85
0	212
0	32
2219	923
12	144
5	623
12	0
0	78
0	109
3	250
5	179
1	179
3	100
0	7
0	91
40	468
9	47
5	360
20	79
2	154
2	16
12	60
31	50
0	88
0	146
29	0
11	83
0	101
4	21
7	90
0	97
3	13
37	1969
70	1936
10	196
0	0
2	1
37	16
5	110
10	79
4	39
10	49
2	24
0	1962
10	960
7	1962
39	424
29	426
8	27
139	0
0	0
0	0
0	13
0	13
0	321
0	123
662	1126
322	370
6	756
0	4
0	0
0	0
0	0
0	0
155	0
0	0
0	0
0	0
0	7
0	3
4	47
0	0
0	0
451	2360
1513	2329
0	0
0	0
0	0
0	0
0	0
0	81
0	0
0	0
0	0
5	3
0	0
0	0
0	38
0	0
0	0
176	0
0	7
27	3
0	0
0	0
0	0
0	0
0	7
0	2
0	64
0	0
0	20
0	0
0	0
0	0
0	0
0	0
0	0
0	0
0	7
0	0
0	767
0	16
0	496
29	510
31	419
0	514
0	0
0	0
0	0
27	529
35	529
5	36
28	3397
1	205
12	2400
36	2608
0	2301
4	337
8	12
0	719
49	70
57	1830
50	214
1	255
0	368
12	348
51	1231
19	1344
3	513
30	170
0	9
0	39
6	567
750	779
0	719
0	201
5	2
0	779
4	493
0	3
28	478
2	0
10	19
6	11
0	49
0	319
7	0
117	736
839	965
3	255
0	1139
15	981
0	1084
84	942
0	67
223	699
46	0
20	206
8	176
0	5
6	141
2	115
5	23
24	19
0	131
149	181
0	9
1	52
0	88
0	51
3	30
0	7
202	11185
264	11183
2427	3698
1688	3658
11	0
3	221
0	1009
9	865
2	805
0	95
4	7
345	1
391	754
1	126
0	628
3156	1948
32	306
88	1640
75	66
0	66
14	2090
1	1495
2	1361
0	1325
228	1414
16	1304
6	65
0	190
0	128
2	7
2	43
0	0
0	0
2	2090
0	1256
3	1298
4	88
0	148
16	86
53	16
4	87
0	929
0	0
0	0
19	35
0	4
0	10
0	23
371	0
0	0
0	0
0	0
0	0
0	0
3	0
721	905
0	745
2	47
7	173
0	90
0	28
277	3691
9	121
4	27
57	1308
2	3473
0	10
8	25
2	7
0	6
0	4
0	13
1	1
0	1
5	3
517	476
2	140
0	148
0	283
0	31
0	0
0	0
0	11
148	1813
567	243
8	1370
16	1634
20	27
2	13
0	15
0	40
3	706
8	888
297	888
121	678
8	124
0	678
0	81
25	28
93	0
45	5360
43	4525
188	4865
0	1558
7	1371
6	1572
12	887
31	1
232	4871
608	37
0	37
9	356
209	511
0	39
2	118
0	0
272	717
21	2
0	24
0	29
32	673
1	4
12	1
1	127
0	1
0	1
0	0
0	0
21	314
0	128
5	64
10	439
0	95
19	18
7	0
5	281
2	195
9	2
19	58
1	0
0	0
1	254
0	477
8	484
18	211
0	476
1	103
0	357
11	296
0	116
23	164
4	9
0	0
0	0
130	0
1	0
14	275
0	220
3	25
3	248
2	221
0	78
0	3
2	17
0	0
0	0
0	0
0	0
2	1
23	281
1	38
46	280
1	5
611	3156
11	3156
0	131
9	131
0	92
1260	305
0	0
0	0
74	2119
0	2242
0	2158
14	70
0	369
1	2193
27	311
2	255
15	60
4	19
1	5
69	5
448	0
2	4
1	4
1087	225
0	102
0	76
7	0
2	28
0	95
72	0
0	0
0	0
0	0
0	0
41	926
62	1046
0	1101
35	1076
631	10
7	2341
1	4024
2	5211
3	5096
163	5908
288	6375
78	140
0	16
0	1003
66	434
40	2102
0	2454
6	88
0	209
0	0
44	391
1399	555
0	457
0	97
0	0
0	0
0	0
0	0
0	0
11	178
227	1038
2	93
0	97
1460	1038
685	138
0	0
10	17
0	4
1	125
2	953
29	1471
2	1234
6	990
0	282
0	129
1731	6571
26	2655
4	1
41	319
6	539
0	531
18	154
0	0
0	6496
228	1884
7	53
22	49
1	10
40	1781
0	40
2	120
1	0
3	70
8	141
0	20
0	138
0	1
0	74
0	0
0	0
0	25
33	4215
0	40
16	4
9	3689
0	3557
6	73
0	2468
11	2196
0	3987
0	3723
0	1
8	12
2	3082
2	407
39	113
10	167
0	88
0	680
0	4190
0	4110
33	186
0	81
2	70
1	21
3	26
0	21
89	408
1	86
0	37
4	329
0	0
6	14
0	0
97	282
0	103
2	227
9	3
6	33
0	0
0	0
0	0
2	214
2	743
2	1068
7	1122
62	415
3	579
0	0
0	71
2	33
0	9
914	1217
0	273
0	1027
0	1067
1	794
5	1069
0	129
21	47
1	9
2	109
2	81
0	0
0	983
1	1
19	5775
0	0
0	0
0	0
4	37
0	19
0	37
0	4
0	2
0	2
0	4
0	0
0	0
98	1510
11	630
0	1030
1	905
0	654
7	1180
0	0
130	855
15	341
6	0
0	759
4	70
4	97
2	35
20	19
9	54
28	60
0	10
2	0
3	15
2	4
0	2
0	2
41	120
0	116
0	109
0	105
1	77
9	15
0	18
0	8
0	9
880	9
0	7
0	0
479	639
1	553
19	86
2	0
158	0
0	446
2	290
21	117
2	19
9	123
3	82
0	19
2	38
0	19
30	5
18	0
8	116
3	122
10	82
13	5
0	5
40	811
10	811
1	410
761	1845
21	22
10	183
0	1601
18	1600
4	49
0	17
1501	612
0	414
2	152
145	98
0	98
2	0
11	0
5	0
0	873
0	1103
1	984
75	934
0	289
31	2912
347	2856
31	2231
8	4
0	2057
0	2056
5	1958
0	74
207	663
21	663
0	477
0	16
0	403
0	202
1	51
0	34
5	128
0	100
0	15
296	0
16	238
9	231
0	3
1	5
0	12
0	0
31	0
3352	1
0	55
0	9
0	55
0	9
0	1301
0	155
11	139
0	1
0	2
0	1353
0	1362
269	1188
133	1197
12	9
0	201
59	112
0	13
11	62
3	27
25	48
1	71
3	48
1	16
6	37
0	68
29	36
2	0
32	11
14	7
0	0
0	7
1	0
0	0
0	0
0	0
10	120
48	567
16	564
1	16
1	8
0	2
539	36
0	2
2	0
0	34
104	111
25	47
11	0
14	10
0	0
1	0
0	15
0	6
0	4
37	33
1	5
0	5
0	5
0	1
0	0
2554	2
1011	0
1	72
13	72
0	65
64	96
0	6
0	0
3	78
0	14
0	2
3	0
92	0
0	0
0	0
0	0
5	459
8	451
9	264
1	101
0	262
0	2
0	10
1	10
0	3
115	0
14	492
51	729
1	179
0	90
0	163
0	122
0	4
0	3
0	0
0	0
1368	599
0	11
101	502
1	323
23	405
30	357
1	15
0	117
0	0
56	92
0	67
1	0
0	80
8	86
2	94
2	483
161	491
3	419
16	4
27	4
1017	2204
13	1992
0	106
0	827
0	90
0	556
1	68
0	2
83	1
106	53
52	88
0	7
0	0
0	0
0	7
2812	377
34	374
0	102
0	9
0	9
0	3
162	843
1	922
690	2040
79	1698
11	69
1136	3321
11	3129
118	3207
3	417
9	152
6	196
0	36
2	53
1	8
0	273
0	244
102	52
2	503
8	227
0	451
0	6
0	0
0	0
0	7
1	7
39	0
14	140
362	212
0	18
0	54
0	42
1382	997
0	997
0	21
6	23
0	5
0	19
0	23
0	0
474	1278
3	1717
6	915
0	1263
0	409
436	742
5	1663
867	36
3	36
2	0
7	1
271	295
0	345
22	342
134	798
1	690
12	393
1	17
25	173
30	342
4	342
2	0
0	254
38	260
0	41
0	260
5	78
0	85
15	11
0	138
3	92
0	251
0	188
0	155
0	197
0	186
0	190
0	147
0	200
0	88
0	19
0	150
0	144
163	151
57	149
14	150
1	0
10	236
39	304
3	56
0	58
5	54
0	19
0	73
0	17
2	24
0	19
11	0
3	26
13	13
0	8
0	27
0	0
0	0
0	0
0	0
70	1181
173	1396
14	587
230	1017
0	217
24	946
0	419
8	0
0	262
45	87
2	21
0	22
1	58
0	58
2649	3
0	5
0	5
0	5
0	5
0	7
1	7
0	7
49	1772
33	1768
0	1542
0	551
1	451
0	54
0	135
0	0
14	0
576	0
1	83
0	1
0	83
1	0
0	0
3	10
0	2
0	1
1	1
35	3335
3	7
0	3335
297	596
0	570
0	15
9	27
0	46
0	0
0	0
27	255
0	605
0	2356
0	318
3	2999
0	2980
6	115
0	148
1	3322
0	0
1	4
9	664
0	2
0	300
1	2373
1	4
2	1038
2	2
84	1
0	174
0	4
7	2103
1	34
0	0
13	2
0	3028
10	88
1	48
0	72
1	22
1	104
19	0
0	0
65	1636
6	0
0	3312
986	78
0	9
0	70
0	0
0	0
0	0
122	205
1	205
0	0
0	69
0	0
36	0
0	69
0	0
1062	458
5	458
0	124
0	207
0	292
1	1
26	1
0	0
0	17
3	7
6	0
1856	1650
4	9
3	1265
0	645
2	1634
2	1299
179	89
5	6
3	41
3	53
6	35
58	180
10	4242
1	3562
17	1109
0	4288
0	3007
55	3463
8	2636
2	1984
0	2105
152	3209
0	206
7	1398
0	364
18	0
6	35
34	372
77	2164
3	4018
1439	3
10	531
11	534
3	453
6	436
0	538
6	534
3	69
24	0
42	983
3	1055
22	5
21	0
3	80
0	50
33	63
1	50
1	29
0	24
0	23
0	10
0	3
0	0
5	884
5	3210
15	3415
2	1641
2	125
1	123
5	223
0	129
33	411
0	178
0	26
46	1005
3	3
0	14
4	83
0	212
0	11
7	118
2	49
0	1212
8	1259
96	1072
4	1140
12	1131
1	885
108	784
11	26
22	68
0	279
379	807
7	25
0	11
25	73
0	807
91	0
16	1233
79	1247
6	13
1	637
1	5
0	16
1	7
0	1
9	53
4	3795
38	3617
36	2109
15	3762
0	15
62	215
2	26
0	200
155	164
0	172
0	177
4	57
0	0
3	0
45	388
8	269
0	304
0	192
3	0
0	0
0	0
1	18
0	34
27	2532
231	2498
2	540
480	684
0	165
0	34
265	1457
84	1395
0	226
2	142
5	66
11	399
2	14
0	10
0	3
45	435
0	299
0	317
0	158
0	135
5	101
0	131
2	2
2	30
2	5
6459	13311
4639	13522
0	3187
0	957
0	1109
123	866
68	234
73	3438
79	3053
0	0
0	0
0	0
0	0
0	35
0	22
0	15
0	27
0	15
0	19
0	2
0	9
3	7
45	1645
0	16
2	11
0	88
0	1497
3	60
0	0
14	1578
3	4
0	0
0	354
8	0
8	1736
5	12
128	1114
25	1117
1	566
0	8
12	2
114	13
23	0
274	45
0	34
25	11
32	424
2	405
0	57
12	12
0	6
0	6
0	87
0	4
0	30
568	6598
227	6451
58	1140
29	726
22	0
9	19
53	244
940	435
8	165
5	116
5	86
30	209
7	124
5	67
0	12
5	40
0	15
49	149
0	10
0	150
11	7
0	2
2	5
0	5
0	0
0	0
2	1
0	1
0	0
0	0
0	1
0	0
0	0
26	1887
141	1887
2	0
0	0
0	28
0	11
0	1729
17	178
0	0
0	14
0	14
7	35
6	0
0	1023
2	987
1	1258
5	1597
1	1237
0	35
0	119
7	1525
0	1116
2	86
0	231
2	1553
0	987
0	0
0	1016
0	1274
2	984
0	2
0	70
0	157
1	65
62	72
147	7
2407	19
1	19
96	3217
4	397
233	3059
6	618
3	385
6	215
2	242
0	233
2	8
0	272
0	219
7	0
5	23
1763	0
19	3974
5	3692
9	540
2	13
94	1016
6	34
6	359
0	1028
3	0
0	0
358	874
6	847
36	4
0	167
4	0
4	5
5	22
2539	3565
0	3306
0	2345
17	532
97	2394
0	1546
29	100
0	445
6	187
5	36
5	469
5	5
0	2401
12	265
0	265
3	263
0	263
0	36
0	23
0	80
0	77
1	63
2	64
0	3
5	0
0	0
0	4
0	2
0	2
0	0
353	4868
11	12104
0	39326
34	42722
1	21123
1	374
0	2945
0	5477
15	1504
8	170
17	11
104	30
0	39325
87	312
0	68
0	138
20	97
0	47
1	178
16	21
5	55
1	1
31	5142
35	5143
6	5258
2	1
5	4
3	5073
845	2148
4	493
0	17
15	65
0	117
0	276
165	1896
0	613
0	960
10	341
0	550
1	539
0	942
0	507
0	570
602	706
0	60
7	212
0	11
1	149
0	110
0	529
0	398
6	50
4	1184
0	917
0	679
1	627
0	192
0	518
0	430
0	304
2	0
1	141
1	104
0	59
0	1162
0	831
0	1261
0	955
631	1267
210	293
1	32
8	244
0	203
0	52
0	80
0	0
27	131
30	131
0	76
367	765
63	765
2	3
1	3
0	2
0	2
1	0
951	1533
9	727
4	856
1	269
1	932
1	16
4	992
4	432
346	478
9	478
0	230
1	1
91	31
1	24
2	2274
50	1298
19	0
4	16
1	61
10	803
3	705
8	193
2	147
0	52
0	2306
1585	1502
1	3
2	1483
1	0
127	789
10	766
0	215
204	4399
203	1434
0	3645
3	4
42	1
5	0
2	2
1	931
8	1
8	3
84	23
0	0
1	0
6	23
9	17
153	395
3	395
8	0
25	115
2	99
0	27
4	85
1	11
805	735
12	10
1	648
4	119
0	26
13	1
0	0
0	2
5	113
147	49
14	272
0	0
11	123
675	280
0	33
11	191
2	204
0	63
150	161
0	12
1	27
35	39
0	15
45	32
0	5
0	0
24	5339
0	5339
11	3922
0	3
1	64
15	39
5	0
2	129
4	84
0	5337
0	3076
87	726
0	2171
0	1673
0	110
23	1432
12	2018
9	1980
0	1952
10	673
12	46
5	179
2526	4
7	0
0	0
1	45
783	960
27	906
15	40
38	1816
0	1892
0	181
0	69
3	1491
1	0
7	2
18	16
0	16
66	1
7	0
0	0
0	0
0	0
0	0
11	552
2	481
11	76
20	0
0	109
27	162
2	7
0	18
2	10
14	19
0	17
0	15
9	7
3	26
525	2592
4	1171
4	342
45	2133
131	346
3	207
1	24
8	45
56	1218
109	115
0	93
1	12
24	132
0	192
106	395
0	407
153	565
6	173
26	108
0	96
0	0
5	43
0	0
0	315
34	315
1	1
0	270
589	173
0	0
0	173
2	0
0	0
0	0
19	551
41	75
11	398
0	231
0	226
16	151
5	3
32	6
1	307
0	108
5	671
11	671
0	453
99	81
1	0
0	7
0	77
0	978
2	974
0	501
0	505
73	115
2	254
19	203
0	86
0	76
3	34
0	67
3	4
41	20
7	67
0	0
0	0
0	0
9	0
0	0
0	0
10	20
6	20
0	0
0	0
0	8
12	7
43	385
0	385
0	61
5	0
2167	118
0	60
8	55
2	0
0	0
0	0
0	0
0	0
1	0
0	0
0	82
0	72
108	311
0	17
3	327
87	179
0	21
0	0
0	0
1	0
830	2348
0	2348
0	2
0	2
4	618
7	590
0	111
0	39
1	38
0	0
0	0
0	0
0	0
0	0
0	0
0	0
0	0
0	0
0	96
11	96
4	3
1	7
0	613
4	130
7	613
3	4
2	0
20	550
0	673
0	613
299	489
0	94
0	69
0	134
51	55
0	163
5	265
4	449
0	0
0	0
0	0
0	0
0	0
0	0
0	0
37	40
8	401
59	394
2091	0
60	631
35	32
0	495
21	496
7	267
4	103
1	276
2	296
6	337
0	0
0	39
18	51
1	15
731	0
0	0
1	2
0	2
2	32
0	33
0	9
26	5
11	66
0	8
0	2
1	0
1	115
1	116
0	70
310	832
1	772
0	522
0	62
0	0
0	7
1	0
0	7
0	1
0	0
0	3
0	7
0	2
378	0
57	152
39	163
0	5
0	62
15	32
1	931
0	855
2	307
10	154
7	27
4	33
398	444
5	33
0	34
0	59
0	447
20	0
0	0
0	355
9	60
12	1235
0	1340
17	1281
0	20
0	490
0	43
3	145
0	435
8	282
6	0
0	403
0	214
0	67
0	150
0	111
0	50
0	38
0	51
1	474
8	445
0	397
0	44
3	0
1911	45
2	15
0	30
37	656
38	504
8	351
0	476
0	0
0	0
9	29
0	29
0	9
0	7
0	7
0	7
0	7
0	7
0	7
0	0
10961	11
0	1
216	406
6	220
108	403
4	202
2	3
0	0
0	28
4	28
0	23
0	0
0	0
620	272
9	68
2	203
0	1312
13	250
0	1404
41	1010
4	1311
0	153
30	1136
32	54
17	157
2	68
0	0
0	0
0	0
52	4
0	1
0	7
0	7
0	5
3	2
2	1
0	2
1	1
0	1
74	752
208	1645
223	1840
21	847
1	888
1	187
37	1392
5	92
13	1220
200	1402
31	726
6	756
5	107
0	10
7	30
0	94
26	2487
35	2487
0	45
1	19
0	0
18	35
35	556
2	44
2	59
0	556
4	0
0	0
2123	1
678	1313
6	1317
11	377
0	211
0	211
360	194
22	194
838	1192
18	182
99	1203
198	910
0	29
54	317
0	692
4	511
9	207
1	125
0	19
3	117
0	15
0	0
6	147
0	73
1	31
0	9
1	125
0	90
0	65
23	48
289	1740
1	1658
1	312
0	120
0	0
2	0
0	0
0	0
0	0
9	639
4	633
2	633
16	637
3	94
1	20
0	1
0	2
2739	678
0	42
0	638
289	10
1	10
0	2
0	2
585	3299
5	43
0	396
0	3241
28	74
7	1
0	73
8	11
0	12
13	1069
1	70
98	14
1	14
0	0
0	0
0	0
0	0
3	1543
41	1552
0	2
0	10
0	25
487	641
4	387
4	264
3	5
0	11
14	56
17	53
0	52
0	1
0	5
150	819
19	277
18	407
0	294
15	543
2	163
0	0
0	38
0	37
0	15
0	781
0	0
0	50
0	0
0	4
0	50
0	0
0	0
0	417
17	506
0	33
0	42
3	64
0	41
0	48
753	92
1	11
71	43
6	43
1	32
0	6
89	736
3	88
4	733
617	4224
11	2424
120	2967
0	14
12	14
2180	2915
13	2898
1440	109
2	108
4	890
1680	940
103	51
0	7
3	5
0	3
2	4
85	18544
0	14899
405	16942
18	2
0	1007
0	0
4	0
49	661
7	676
27	573
0	3
1	80
1	73
2	159
760	661
10	650
8	586
0	24
15	4
20	1
192	25
3	74
0	306
4	144
1	0
0	74
673	887
18	85
1	171
0	11
0	930
5	33
1552	37
2	33
212	1181
13	1109
51	970
0	1119
2	898
1	1
5	8
6	14
6	497
16	52
0	948
0	0
0	0
256	1010
153	996
47	134
0	819
1	700
97	700
10	6
4	0
2	8
5	290
0	173
0	44
9	192
0	4
0	290
329	107
23	123
12	55
0	0
0	0
0	455
45	476
0	351
1	8
18	81
26	53
47	164
2	5
0	159
9	587
32	516
4	558
3	550
62	52
0	35
9	30
0	10
0	23
0	4
2	34
13	4
10	6
0	17
0	0
0	0
2	556
0	0
28	1363
0	237
0	403
0	437
72	754
49	142
71	443
31	143
0	189
0	0
0	0
0	0
0	0
0	0
0	0
0	0
0	0
0	7
1	7
30	560
1	501
8	23
144	408
0	42
0	146
1	30
14	12
0	0
0	31
0	93
0	0
21	1
1	1
0	77
0	1018
110	1018
1	5
5	1989
143	1970
20	1035
0	87
0	3
0	2205
1620	16
0	4
0	13
0	0
0	0
0	0
470	0
3	174
0	220
2	330
13	168
2	166
5	36
0	0
455	0
0	0
18	154
0	69
6	90
1	82
3	30
14	1
24	58
0	96
0	0
0	0
0	0
0	0
0	0
6	386
2	0
0	386
0	378
117	383
5	0
0	380
12	383
1	95
42	1
31	2524
31	1463
2	283
0	68
1	0
0	46
83	2314
17	1828
6	87
0	14
2	68
33	28
4	194
102	0
1006	0
2485	995
4	0
3	0
0	958
17	0
0	145
8	6
85	1950
25	1949
82	965
46	723
18	93
2	89
0	90
0	89
0	16
0	6
3	6
105	508
0	385
0	286
0	0
0	0
0	0
0	0
0	192
1	195
0	39
2	4
0	5
0	0
1	0
233	32
0	32
4	124
870	6
0	6
2	0
9	2079
0	125
0	1
56	2029
0	168
0	120
0	74
2	27
1	0
2	26
0	182
0	2
7	100
16	393
5	299
8	423
0	397
1122	159
0	133
0	17
15	0
0	9
0	0
0	0
0	0
0	0
2	17
0	17
0	11
2	0
0	0
0	0
174	270
15	204
0	11
1	97
0	36
0	0
0	0
0	7
148	34
1367	37
0	0
0	0
0	0
0	0
0	0
0	2
0	2
0	2
0	0
0	0
0	67
50	1138
32	1154
1	155
8	55
0	34
1	16
3	0
0	18
21	0
34	0
41	0
37	186
0	0
0	2
34	7
7	12
4	7
3	186
1	0
0	0
0	0
0	0
0	0
3	0
8	36
3	56
1	38
8	5
835	580
10	12
0	38
3	121
0	0
1	8
2	8
0	8
0	1
0	3
0	1
0	0
0	0
787	3
13	436
3	559
2	391
0	399
1	6
1	27
0	62
1	21
12	17
14	298
5	314
6	296
0	77
0	50
3	32
0	31
1	75
1	4
0	22
10	6931
13	1833
6	527
0	1656
0	1872
8	1566
100	492
0	1645
0	6186
14	2968
23	4836
7	523
138	0
2	2314
13	7185
0	6968
108	572
55	283
109	162
0	289
36	41
69	26
0	6
0	9
0	26
0	147
36	244
28	101
37	2204
0	241
4	79
0	1567
0	1588
25	2061
0	1872
0	1
0	1
0	1
290	849
0	878
6	256
18	577
0	162
10	7
2	7
0	943
2	8
193	803
7	21
10	160
2	33
9	30
0	16
11	137
6	2802
0	422
15	164
3	15
14	375
8	68
0	54
1	100
1	123
0	193
106	93
0	93
0	404
1	279
2	362
0	417
6	419
2	419
0	413
0	373
0	43
0	126
8	12
0	0
0	412
36	0
0	0
0	7
0	4
0	7
0	101
1	141
0	128
0	115
0	138
1	101
0	2
8	201
1	286
0	3
0	75
1	250
0	3
0	19
0	61
0	51
0	43
0	88
0	110
3	28
0	0
0	0
2335	0
1	958
8	531
0	469
7	644
3	716
0	71
4	0
51	213
6	3
0	731
9	153
5	131
7	8
0	20
14	1
27	108
24	1730
0	10
28	1729
43	1668
0	36
11	96
1	15
228	37
0	37
2	11313
0	10961
5	6964
0	424
78	1292
0	60
94	1718
0	144
3	261
13	2
158	379
19	371
3	107
3	67
36	53
0	29
0	10
1	18
0	4
0	17
0	1
3	0
1	50
11	50
0	41
2188	206
1	1
1	119
0	87
4	0
1	0
0	0
2	1
0	0
1	0
0	0
0	0
0	0
276	1
2	6
1	6
0	0
61	0
0	0
322	1467
39	1543
48	86
0	429
3	317
3	285
5	2
63	182
0	125
7	102
666	2
3	822
0	0
455	3966
0	18
30	3949
60	419
0	501
0	360
24	125
26	10
1181	2183
33	2169
124	2199
0	595
91	220
58	25
134	0
25	53
0	394
0	461
0	526
0	166
222	333
16	6
0	240
0	175
6	43
0	462
0	0
0	0
930	292
0	248
60	190
3	194
0	167
0	4
9	160
0	27
1	21
12	61
8	42
16	152
1	0
0	23
2	0
0	0
0	0
0	0
0	332
85	754
208	1272
0	77
0	122
2	366
0	914
0	527
3	524
63	1
92	464
70	376
293	218
0	47
0	51
4	11
2	2
0	0
19	758
30	551
8	501
0	106
6	611
19	593
21	3
0	139
19	0
3	545
14	30
0	545
0	3
1	3
70	693
40	712
0	572
2	1
2	0
6	14
0	12
0	6
0	8
0	2
4	36
0	24
840	645
9	397
2	159
0	29
9	432
24	22
1711	633
41	78
88	534
0	655
46	586
3	524
2	96
83	552
2	591
4	69
0	606
0	0
0	0
347	0
192	1409
34	853
63	1439
0	19
1	705
8	75
3	162
19	1045
0	948
43	731
0	614
26	71
10	705
0	80
1	0
0	7
0	0
0	0
0	0
0	0
0	0
49	977
1	0
0	0
0	66
0	18
3	976
5	497
8	556
18	552
0	48
0	39
2	10
10	1220
15	1594
11	192
5	746
25	272
18	60
0	92
2	80
0	92
18	40
874	415
5	84
30	0
2	17
273	38
7	6
37	6
0	20
2736	515
0	282
4	495
0	68
9	15
0	394
1	410
1130	428
1	91
0	5
0	5
0	0
0	0
0	0
2596	194
15	54
2	52
13	101
197	973
0	586
4	901
0	1520
0	1290
14	1413
43	845
4	81
0	59
10	234
2	274
79	1362
1	54
9	138
4	142
0	587
0	447
0	514
3	95
0	523
0	10
2	36
1	37
3	519
0	413
1	1
0	95
0	340
0	130
4	174
0	86
0	69
39	535
0	148
0	0
20	13
2	13
536	0
53	471
0	374
0	249
0	21
0	214
1	81
0	0
123	237
1	223
1	33
0	202
20	214
0	5
3	30
13	30
0	34
4	28
0	7
31	27
19	8
0	5
0	2
1	0
0	12
0	12
0	0
0	12
50	1976
0	2029
13	2425
91	1374
0	2114
193	1858
1	675
16	255
2	1907
8	1831
3	321
48	58
3	55
0	10
0	603
7	537
0	703
1	540
14	570
1	25
0	209
17	95
0	429
23	148
2	2
13	94
0	27
3	224
0	94
120	32
1	20
21	18
0	603
0	704
0	0
776	398
0	392
10	10
1	0
0	0
4	8
2	1
0	1
0	4
142	234
0	258
53	231
0	50
25438	8957
1	1761
3	4395
18	2126
1704	408
1	314
0	116
501	0
1	2059
13	501
0	12
0	2059
260	1549
141	1549
17	3
0	3
0	3
0	3
0	0
0	0
0	0
32	8
0	0
0	8
0	2
0	2
0	0
0	0
0	0
0	0
0	0
0	0
3	175
1	169
0	166
588	342
2	342
32	227
0	42
20	10
16	26
0	17
354	0
21	0
0	0
0	0
5	261
0	709
11	754
30	728
2	702
1	114
0	134
4	21
8	2
0	21
406	1530
54	716
8	1138
23	247
0	2
0	641
0	217
19	3
0	3
1	127
14	126
4	183
0	39
0	213
0	54
0	151
151	240
0	222
1	30
0	4
0	18
1119	0
3	4
0	4
0	4
0	0
10	0
2	0
0	0
28	78
46	94
2	5
2	109
0	89
3	0
6	11
0	10
0	1
2	3
48	257
3	254
18	1202
9	1450
0	1727
0	75
12	219
0	93
0	247
5	208
4	218
12	46
94	562
0	0
0	537
1	148
0	216
15	510
0	514
16	4
0	4
0	0
0	0
0	0
0	0
0	0
0	0
0	0
0	0
0	0
0	0
0	0
897	1412
0	870
2	151
10	6
0	1308
756	0
9154	6933
0	3956
1	6084
24	2064
17	3942
2	7
5	7
0	7
510	592
11	509
1	605
7	3
5	78
0	462
0	0
0	0
0	0
164	1232
2	984
18	337
5	276
0	8
3	4
1	4
0	39
6	1
0	0
1	28
0	28
0	0
0	0
0	17
50	835
31	478
20	568
57	124
8	12
1	6
7	225
6	151
0	114
6	204
0	60
0	148
0	100
0	265
2	81
0	177
101	182
649	0
0	353
0	333
8	232
11	45
0	164
5	0
1	26
0	331
4467	5136
0	4676
0	2769
31	3151
3	1754
7	678
0	123
3	614
2	637
0	647
6	66
0	55
0	23
280	360
30	246
66	148
3	58
1	58
0	5
0	2
0	0
0	0
0	0
0	0
0	0
0	0
0	0
0	0
0	688
11	600
4	539
10	694
1	230
1610	18
1	9
6	5
3	96
13	11
1	77
1	6
4	40
0	34
0	184
0	34
7	1
0	0
0	40
0	1
0	2
0	2
13	138
1	138
0	0
0	105
1	43
0	111
0	24
0	28
708	329
7	0
27	645
0	310
9	294
15	324
0	278
4	327
0	174
10	630
0	0
0	0
0	0
0	0
0	0
60	41
1	41
0	0
1	14
0	0
0	0
0	0
0	0
0	2
3	327
682	371
0	44
0	2
1	14
0	0
0	0
0	0
6	435
1	199
0	344
0	43
0	40
1	28
0	112
3	39
14	116
2	72
0	0
0	0
577	6192
113	6192
9	5
0	1
0	4
0	0
0	0
0	0
0	0
0	0
0	160
1	513
23	876
87	876
1206	147
40	138
0	10
34	1
13	344
1	322
7	291
0	0
0	15
0	147
0	17
124	275
23	275
2945	1263
12	724
1	1131
3	49
21	136
52	1
0	0
21	167
12	167
0	36
4	12
0	34
0	13
0	1
28	60
0	1
0	60
21	270
264	556
0	442
107	56
346	198
0	2
0	24
0	0
0	4
0	22
0	19
0	5
0	22
1452	0
2	47
4	74
2	146
588	146
0	7
0	0
0	0
70	223
1	194
12	254
1	127
14	44
120	1221
962	1419
15	609
49	580
0	148
0	0
0	1257
0	0
0	0
0	0
0	0
0	0
0	0
29	5
0	3
0	1
0	2
0	0
114	1027
6	1009
17	47
0	18
14	0
0	0
414	69
49	67
0	64
15	36
0	21
0	0
1	24
0	20
20	740
9	251
2	39
3	10
0	736
0	354
443	1259
33	1110
0	6
0	220
0	111
57	340
0	0
0	30
9	138
22	3385
8	3385
130	3410
0	2
1	20
1	5
3432	1
18	0
0	533
10	454
4	171
0	172
0	20
14	72
35	0
746	487
4	485
3	13
5	253
0	646
865	709
17	166
0	0
0	63
1	51
0	51
22	0
0	4253
63	4227
5	2320
52	1854
6	45
6	4
2158	71
0	69
4830	1427
3	1172
0	126
0	231
0	1
0	1
0	1
0	1
0	1
1999	326
3	196
0	149
0	40
2878	361
2	361
235	304
0	293
0	288
0	45
0	23
3	1
0	1
0	306
17	331
0	63
0	2
0	25
1	94
9	97
0	74
0	0
0	11
0	0
0	1
0	1
2	1
693	763
0	33
7	18
29	4241
0	3094
0	3255
4	3493
32	275
0	3091
38	1202
0	3014
353	12168
70	9250
0	3390
5	4288
15	10215
7	2924
6	1
32	192
4	13
2	164
0	163
0	10
1	3
0	0
0	1
1	379
0	1
730	379
0	1
0	0
3	303
3	115
10	8
2	10
29	278
14	34
6	99
3	52
3	52
358	168
3	18
4	7
0	7
0	0
0	3
0	0
0	0
0	0
0	0
0	0
0	0
0	0
0	0
0	0
0	0
14	144
1	144
138	2
4	3
25	1
22	240
0	47
0	1
0	259
0	0
2	0
0	0
1	16
0	16
0	16
0	14
0	10
0	4
0	16
5	1950
127	78
1	1908
12	1429
0	1414
7	213
0	83
1	50
16	12
7	159
0	2060
0	2214
0	2220
16	3234
26	3398
3	3212
0	1146
0	0
2	346
10	1717
3	67
3	519
0	492
0	131
1	361
16	579
0	197
0	182
1	97
82	233
1	0
50	103
7	90
0	66
0	3
0	7
0	7
5	0
706	95
4	9
8	15
1	71
9	12
14	12
7	855
0	731
1	47
0	50
0	833
7	4
0	491
0	517
3	62
5	177
0	89
1	3
0	5
546	348
5	271
5	77
4	450
9	570
1	16
29	614
20	242
6	364
2	203
4	133
1	145
0	95
21	110
0	28
1	0
11	5235
97	4609
2	1532
39	1060
25	827
16	928
0	472
11	1697
35	353
36	580
14	249
1	520
1	583
15	1035
2	526
1	540
2	526
28	549
8	28
0	2
8	0
0	139
0	132
0	0
3545	3287
288	497
0	72
174	687
0	594
60	31
18	755
92	1399
0	188
0	0
4	405
4	204
3	385
4	367
2	28
14	102
0	6
0	44
88	744
136	658
32	744
1	651
0	12
13	1038
0	846
28	782
0	142
3	1031
1	1047
0	1145
1	1054
1	1076
5	12
1	69
0	93
19	733
40	725
6	41
8	35
856	0
2	590
7	621
62	375
13	447
0	3
5	437
1	24
0	27
4	64
8	565
2	566
1	8
1	0
0	6
0	8
0	7
0	6
0	8
13	0
0	6
0	7
0	1
0	0
0	369
22	19
136	743
1	190
12	19
1	3
22	209
132	390
1678	98
3	1
1	29
0	11
0	57
525	2523
0	2522
1	0
333	45
0	27
4	18
9	75
588	75
265	0
1	0
0	49
1	30
6	993
3130	1215
0	3
108	224
407	76
4	59
0	18
1393	3677
51	309
0	420
0	2794
4	475
1	252
6	66
0	266
4	212
0	296
0	7
26	80
45	25
0	27
0	7
0	7
8	166
0	184
4	181
2	179
0	180
0	19
2	1
0	17
0	16
0	14
0	3
0	0
0	0
0	180
6114	2017
18	1430
90	1870
1	604
1	126
40	4
2	0
10	224
0	40
1	184
33	9
0	9
5	55
23	49
9	55
6	0
0	0
0	0
203	770
33	30
189	740
1	25
2299	0
1	910
0	956
0	920
0	41
0	936
1	0
12	739
7	76
20	34
0	2
17	686
3	108
3	2
0	18
14	2
32	466
61	482
2	55
952	0
61	102
0	6
12	60
7	2
0	6
1	16
3	41
0	41
0	6
81	446
83	598
5	513
0	0
0	0
53	812
28	236
0	19
0	0
3	55
9	12
0	1505
3	1440
0	17
0	7
0	53
0	52
2	10
1	36
16	585
11	202
0	386
0	99
0	499
0	51
0	0
53	71
0	22
4	17
0	14
0	12
0	0
0	0
0	0
0	0
0	0
0	0
1681	3
22	1
0	0
38	600
0	508
0	583
10	512
5	0
7	5
16	0
0	0
0	0
0	0
558	3
0	34
0	8
0	38
0	21
0	32
0	3
4	11
1200	2065
1	10
12	1600
0	1304
0	1767
0	1347
0	385
0	1147
0	852
0	1074
0	109
0	782
0	325
1	392
1	293
11	0
0	56
0	2
2488	1
200	867
5	826
2	112
0	0
1	36
1	0
43	6
1	0
0	33
0	39
2	4
1	17
1	15
0	1
3	14
0	44
0	4
4	33
0	1
0	4
2	7
0	48
42	2090
2	787
1	1376
418	2028
13	1892
9	1
1	1
0	171
3	271
30	176
0	2027
1	881
24	893
67	891
18	879
0	231
0	152
0	28
3	0
5	0
5	6769
6	1925
86	535
0	6762
0	0
0	0
410	1
6223	695
1	567
3	250
0	241
5	1
29	250
20	754
3	666
0	18
1	42
3	1
3	326
0	1
7	6
0	48
1	400
1	2
0	31
3	2
13	0
6	13
280	193
58	198
0	147
20	198
150	31
12	10
1	6
4	6
5	8
7	4
0	157
4	155
0	12
5	0
0	0
0	0
0	0
0	0
0	159
19	171
6	169
2	42
4	12
277	833
0	6
0	262
1	691
0	103
3	175
1	36
0	6
4	454
21	21
0	331
0	1253
13	1238
0	780
0	310
15	1225
0	23
0	0
5	9
0	1225
1	0
0	273
16	430
7	338
1	129
0	0
0	0
0	0
0	0
0	0
9	455
0	2
27	492
27	347
1	136
5	63
0	381
0	387
0	428
0	312
0	130
13	13
0	13
1	98
0	55
1	13
0	7
206	0
293	543
0	49
2	19
2	17
0	26
0	476
0	42
0	37
1	143
0	3
0	3
74	576
4	78
1	283
9	298
54	5
0	77
619	55
0	55
290	49
1	0
0	8
1	0
3	41
0	1
23	313
2	273
0	1
15	7
0	305
4	23
6	26
3	24
1	26
657	126
4	2
43	124
0	142
0	1338
0	1367
0	767
0	709
3	3
0	82
0	189
1	254
5	130
3	150
0	150
1	128
2	9
0	8
1	4
0	9
1400	738
0	450
0	383
0	98
2	58
23	1
2	155
8	22
0	8
5	179
722	449
2	449
1	163
0	2
0	19
6	19
1	1
0	12
36	134
7	40
0	129
1	8
52	741
1	95
2	1
0	38
30	692
43	87
0	5
10	87
0	0
0	0
2	3
231	3
5	3
63	47
8	47
0	5
1931	3
1	4
1	8
1	3
6	9
0	3
0	2
0	36
29	36
0	0
0	193
5	0
0	0
1	0
0	0
0	0
0	0
0	0
0	0
307	32
0	32
45	0
4	3
19	517
35	1449
508	1708
2	148
0	83
0	80
8	504
73	844
3	5
3	342
291	1748
12	1545
0	0
22	408
0	201
5	295
44	477
3	428
0	241
2	0
20	112
4	50
0	127
0	141
0	374
6	1191
0	402
0	0
1	53
0	146
1	813
0	992
0	24
0	113
0	106
0	1191
0	1191
0	1192
0	1131
4	1887
124	1882
11	78
8	22
156	14
2	1010
187	1012
17	1014
0	7
198	1310
9	1309
0	1
0	2
0	96
0	14
0	120
145	16
3	16
2	1
9	0
0	788
0	762
3	11
2	11
0	0
2360	3626
62	3539
0	2432
4	329
2	314
2	173
0	8
0	0
0	3
0	7
4	6
2	3
1	0
36	345
6	283
816	349
0	67
0	0
1145	2570
3	78
3	2547
5	589
180	668
0	0
399	786
5	227
52	101
2	85
8	719
0	215
48	227
0	201
0	201
2	64
17	494
0	482
5	68
0	0
769	622
0	8
0	393
0	393
68	410
0	151
0	143
0	124
96	12141
0	1854
0	256
0	221
1	985
3	12924
3	13159
0	94
0	31
8	74
7	1298
105	1788
0	12046
3	88
2	14
25	2966
0	6139
0	71
0	386
2	300
0	12702
102	0
0	0
0	7
1752	2382
0	1193
0	2719
16	76
45	230
0	83
29	12
0	3
0	11
0	4
0	0
0	0
0	0
500	1742
0	1274
1	2
0	1311
1	135
6	727
211	140
5	10
0	10
4	14
621	0
2688	1903
16	1902
1	1348
15	465
1	1071
2	1
0	1
673	150
0	15
0	135
0	4
0	4
0	4
0	4
0	1
0	1
5	1584
282	2128
65	553
47	714
6	773
19	713
87	259
168	0
0	0
8	442
8	423
5	363
1	84
0	13
0	111
0	189
0	79
6	8
1	0
0	0
25	1369
78	1369
2	34
3	129
5	181
2	0
0	41
1028	284
0	283
48	451
8	791
8	576
12	16
0	24
7	58
5	284
6874	1919
0	1795
34	324
2	110
0	0
0	0
64	1224
97	1087
13	1107
0	45
28	619
1	0
0	20
0	0
5363	3919
0	3547
1	2302
10	273
0	0
0	0
0	0
0	0
0	0
0	0
0	7
270	422
1	422
1	0
5	70
4	1771
0	0
324	1825
17	1825
1	23
3	0
8	0
0	0
0	0
0	0
1625	277
3	246
0	31
106	0
0	0
0	0
0	0
0	0
0	0
0	0
0	0
0	0
204	782
22	784
0	230
0	10
0	38
0	8
85	102
24	101
495	6326
18	27
35	17
3	11
0	4
39	6326
514	4882
24	3185
421	5129
5	4890
2	1670
0	9
2	46
10	44
55	4906
16	990
0	15
0	15
12	3
0	0
0	1
0	1
0	1
0	0
0	2
0	2
0	2
0	0
80	43
2300	1018
10	369
1	639
0	17
74	160
63	163
6	508
0	0
0	0
11	87
0	87
0	5
0	0
0	15
0	83
0	20
3	39
0	0
0	39
112	0
5	33
178	91
1	194
3	289
0	282
0	279
2	103
0	38
0	53
1	42
7	34
0	48
1	0
417	260
2	254
19	207
7	19
628	73
0	72
8	1260
40	971
60	1139
0	1005
0	949
74	918
73	117
8	106
1	111
2	27
0	97
9	465
49	468
5	78
27	2
8	469
2	688
0	79
0	0
0	897
0	666
0	454
1	93
3054	353
0	190
1	147
0	0
1306	446
0	370
0	342
16	8
13	8
2	681
363	332
0	329
0	0
4	665
0	44
0	669
8	72
10	6
8	562
0	90
0	669
3	1721
205	961
212	1600
9	1463
21	1474
3	631
1	24
12	65
0	712
0	675
3	49
4	46
1	676
2	370
1	28
0	315
2	521
0	37
0	445
2	516
0	8
0	10
34	490
0	372
0	420
89	1158
210	1132
53	58
14	411
0	0
5	710
0	990
0	411
0	400
19	644
17	536
250	1210
6287	3
34	346
0	279
12	141
0	183
1	6
0	287
2	86
75	1128
3	1150
64	180
1	11
0	8
0	8
4	10
0	2
1	7
0	7
0	0
0	0
503	498
0	55
1	443
11	0
1544	1206
0	154
15	1133
50	0
1	0
0	0
0	208
7	1100
1	582
1	528
0	322
0	431
4	198
2	713
2	514
0	420
5	201
3	176
0	4
6	227
37	4
19	218
3	1
50	0
0	0
0	0
0	0
0	0
0	0
0	0
943	520
6	419
4	432
260	283
0	27
91	2587
0	2668
35	0
2	0
0	210
2	73
0	0
0	0
834	472
0	89
25	14
5	75
3	72
0	463
8	0
0	0
0	0
15	7
0	7
0	0
1374	1
1159	493
28	493
10	56
4	7
1	105
1	43
0	5
54	39
2	4
0	7
0	2
4	71
0	69
0	3
0	6
1	3
3	17
336	0
8	492
0	0
7	18
48	39
0	6
137	35
5	403
2	113
3	95
0	959
64	273
10	4
95	1086
46	56
15	50
1	55
471	1684
102	177
57	1507
0	0
16	219
75	219
1	72
0	2
13	0
26	936
19	1074
2	1006
2	2759
16	2824
10	209
10	56
1242	2001
0	203
1075	1970
347	1114
0	11
0	9
2	9
0	11
84	0
61	1484
2	707
86	1534
13	1507
2	85
0	857
0	431
8	483
4	665
261	645
2	35
10	721
10	209
5	460
0	9
6	66
36	12
2	46
17	131
0	23
1	6
0	146
0	1265
0	1163
23	1115
6	1146
1	0
31	311
70	230
0	1
3443	2611
1903	2610
14	5
0	5
11	0
0	0
0	0
1	0
0	0
0	0
658	56
0	1
1	53
5	50
64	50
40	50
292	88
5	88
0	1
0	83
1	38
10	275
0	331
47	5
0	215
4	24
71	1
0	49
0	14
0	14
257	164
161	136
4	27
2	0
9	680
4	21
2	11
2	25
0	69
0	0
5	8
4	717
1	752
0	763
4	158
31	47
2	62
1	52
2	130
0	120
2	46
185	120
13	129
0	88
0	103
0	72
1	250
60	368
1	329
4	73
1	221
0	10
0	8
0	0
0	122
1494	760
6	0
1	70
0	27
2	721
0	131
3	2
5	2
0	0
0	0
0	0
0	0
0	0
0	0
0	0
5	131
211	138
0	137
0	18
0	27
0	1
0	18
0	8
0	13
0	14
0	1
527	65
0	23
3	3
0	40
0	17
223	100
3	72
0	23
0	22
5	17
234	20
289	16
0	0
0	1
0	0
0	0
1	0
4	268
70	883
111	81
5842	3507
47	188
7	983
0	1862
1349	41
0	1
0	1
0	1
0	1
0	0
0	0
0	0
0	1
0	0
0	1
0	0
77	307
23	260
54	72
26	28
16	343
339	343
12	121
1	98
0	7
2	84
1	54
3	44
2	21
2	15
0	11
8	11
0	0
0	0
3	0
0	0
0	1
0	1
0	0
99	1591
10	1494
75	1547
2	8
186	936
0	1
19	57
2	23
3	129
22	13
0	3
8	111
0	31
5	227
4	351
0	401
3	211
0	0
0	0
0	0
1193	4632
0	1015
0	3594
16	827
3	20
0	465
1	490
0	688
87	298
9	298
2	21
1	274
3	402
15	318
0	131
0	119
4129	30
8	0
0	28
1	16
1	0
0	0
0	0
0	0
183	995
0	852
7	457
0	0
0	48
106	1274
64	1273
48	1
121	2578
102	2173
0	2493
5	2102
0	1405
6	1273
42	32
1	0
0	244
0	413
2	712
0	317
14	130
0	425
0	85
1	316
1	80
17	0
1	338
0	19
0	0
0	0
0	345
281	50
0	50
0	2
0	20
0	24
29	40
475	398
5	284
0	59
4	53
0	0
0	1
0	0
0	1
0	454
3429	3
1435	0
0	9
0	8
4	336
0	42
0	8
0	9
0	168
0	1
0	0
1	0
0	0
0	0
114	0
0	0
0	0
9	88
0	89
0	89
29	404
869	1446
85	499
0	296
42	546
0	367
22	139
0	151
0	17
59	367
0	120
0	529
0	0
14	35
1	35
22	0
0	0
4	18
1	12
1	18
0	5
2	2
0	2
0	0
0	0
16	0
0	0
4	613
23	1146
4	405
10	3
2	73
0	21
12	289
7	334
5	78
2	111
1	78
0	136
0	4
0	407
18	488
148	488
801	17
43	17
32	85
0	104
29	52
262	733
0	0
0	0
4	834
27	267
3	567
10	748
4	94
99	581
12	68
61	417
0	0
4	1
0	417
4	17
0	0
0	1
0	0
0	17
0	17
0	234
4	329
1	278
0	67
0	28
0	276
10	52
0	48
10	2
827	305
1	170
2	36
5	5
56	95
92	222
12	153
0	205
21	41
0	7
4512	477
1	472
0	0
0	0
0	0
0	0
0	0
0	0
1967	2
1860	1
29	137
0	137
0	1
0	471
26	513
0	0
3	223
1	27
13	0
0	0
0	79
350	3711
20	260
4	0
1	7
1	3711
5	73
30	0
631	95
1	21
0	2
6	2
586	64
0	64
0	329
0	572
0	340
4	495
0	525
0	2
2	208
1	89
4	39
0	70
0	3
1	18
0	551
890	4466
10	3383
438	246
0	1267
370	1558
0	1190
23	564
4	16
10	0
0	5
214	1055
1	3862
383	4221
34	902
12	68
0	68
0	68
0	2523
42	2355
14	1480
7	220
1	0
0	605
0	0
0	0
11	472
2734	472
60	2557
44	2535
4	11
50	2186
127	539
51	539
0	5
16	1120
24	1327
3	199
2	818
0	134
62	15
10	332
0	8
0	4
0	459
151	426
5	4
0	127
0	267
1	396
0	0
0	69
2	118
0	459
7	0
8	3566
31	6159
10	4798
0	1428
3	247
60	145
10	70
14	57
5	6
3	65
4	8
1	54
0	53
0	49
1	44
0	1
0	4
0	53
7	1
1	3
0	2
0	1
0	0
0	0
11	19
0	18
1	1
0	9
0	19
0	0
66	241
117	241
84	448
48	448
0	42
4	6
0	0
0	183
7	94
0	0
1	7
70	58
2	48
185	157
1	88
32	133
0	12
0	12
0	0
0	0
0	1
0	1498
5	1369
0	1288
0	1014
11	105
3	55
1	284
25	196
0	0
0	0
0	0
516	147
237	146
0	1
0	1
451	1448
0	1271
0	426
34	166
1	0
0	0
0	0
3200	300
17	186
2	295
7	0
18	62
1	44
0	4
0	3
0	48
119	374
1	55
1	319
4	28
0	0
0	0
1574	1837
10	1753
0	0
0	0
0	0
76	40
0	1
11	1
5	37
2	3
2	616
298	689
4	0
0	76
2064	0
2	2
0	1
0	1
0	53
0	266
2	17
0	33
0	0
0	15
0	0
1	230
1	281
0	2
8	238
8	68
789	436
1	426
2	10
517	13961
24	11425
0	4828
12	23
18	3078
1	0
387	11756
8	560
5	52
54	3
24	100
9	56
0	43
6	48
1	10
0	9
0	4
2	0
26	215
97	215
5	191
4	175
8	216
0	20
0	63
0	8
0	117
0	0
1414	986
12	291
3	520
4	271
2	64
637	316
0	316
111	60
0	40
0	94
1230	69
0	68
116	2960
0	2570
20	3084
0	378
1	395
0	134
5	14
0	39
0	2599
1	2
0	2
398	1086
9	1086
44	2201
122	2197
91	269
1	14
13	32
0	238
9	82
0	406
0	100
0	117
3	114
12	119
342	516
15	486
6	506
23	112
1	272
3	0
69	821
0	644
3013	795
0	82
7	1545
54	1494
2	1495
0	411
0	181
0	38
2	25
0	4
0	1026
223	817
11	548
1	472
2286	86
40	84
1	803
4234	805
0	0
0	0
0	0
0	0
223	3909
0	331
8	787
7	732
240	2998
0	2810
22	769
0	34
4	489
0	415
0	414
5	361
0	22
0	81
0	17
10	0
16	365
0	184
15	302
1	13
10	29
1	99
0	9
0	1528
43	1008
2	149
3	52
26	30
3	9
4	604
717	166
4	80
0	73
0	57
2	10
1	0
0	3
8	259
0	236
0	132
0	127
1	13
15	30
1	3
0	3
19	1485
153	1485
34	971
0	77
3	0
3504	50
8	48
4	31
0	35
2	30
0	14
4	13
0	4
194	40
5	30
0	746
1	746
1	29
87	5195
3	2
0	984
9	4805
3	13
5	2463
22	398
0	0
0	0
764	3
20	0
297	348
0	272
0	57
0	149
64	1
46	66
15	21
8	472
0	472
0	0
0	0
3	2
0	2
0	3
0	3
5	1
0	0
145	10
0	0
0	10
57	13302
0	13383
50	4337
0	12570
0	12737
4	10
0	10
9	824
0	7
0	0
46	12
0	3
5	851
0	68
12	2
0	590
4	19
0	850
0	850
10	502
10	1231
1	460
10	1066
5	1190
0	468
0	1061
0	130
0	46
0	62
4	360
0	866
2	117
0	98
0	355
1	1074
1	354
0	0
0	0
504	1347
0	392
0	0
22	21
1	13
13	1351
1	24
1	1347
0	6
0	0
7	2768
98	3570
0	374
0	27
7	796
66	2780
0	519
0	358
1	144
3	736
3	119
6	1788
110	1805
0	23
0	96
0	39
0	9
0	1788
5	1493
0	0
6	34
0	0
701	973
0	95
15	6
10	976
0	718
3	973
0	0
17	0
0	0
1433	2
0	0
91	0
0	4
0	4
0	0
2	1
0	0
0	1
0	2377
0	105
69	1600
15	52
0	48
0	48
0	44
0	0
0	4
1983	1077
0	150
0	150
4	73
8	839
1	31
17	612
0	75
4	14
3	93
2	151
0	0
0	0
1	0
480	0
43	302
74	302
0	295
0	0
19	0
0	0
4	0
711	0
5	384
0	145
0	42
0	45
1	17
0	382
0	17
0	17
8	1
0	1
235	0
1	0
0	1
0	1
95	194
0	6
0	173
6	13
3	7
0	178
1	0
23	0
0	0
611	334
0	180
1	12
3	0
0	43
21	119
1	0
3	102
0	270
10	417
0	332
0	151
1	251
52	450
4	44
21	2
1	62
52	232
81	281
0	239
7	1
0	5
22	61
27	104
9	34
0	17
1	24
0	25
0	24
0	24
6	7
9	1
0	0
5	559
0	351
4	0
4	18
11	1
2	336
0	495
316	1343
13	1278
11	1042
90	20
8	52
0	45
0	103
0	48
0	64
1	65
1	2
0	1
0	0
0	0
0	82
0	193
26	201
0	66
11	6
275	0
193	4936
655	4289
129	4425
0	0
0	3
18	0
0	567
686	942
322	237
1	106
0	3
0	133
843	39
1	30
0	5
2	9
0	1954
57	1344
0	147
0	1528
0	376
0	973
1	973
0	0
0	0
0	0
157	0
16	1518
160	1083
2	1434
1	376
0	2
0	151
5	718
34	0
54	0
125	1
8	0
1	0
70	0
0	0
1	3
0	3
0	3
0	1
0	0
0	0
25	0
0	0
0	0
0	0
0	0
0	2
1	2
0	2
0	0
0	0
0	0
1084	638
1	644
4	25
3	238
0	1130
0	1361
0	1012
0	901
1	700
2	1012
0	979
0	791
26	861
0	863
2	372
0	253
5	0
1	45
85	29
395	735
1	268
9	665
0	67
1	81
28	187
0	0
591	966
5	885
0	861
28	827
2	770
0	680
0	589
0	2
9	27
8	3
0	79
0	74
4	2157
110	289
30	289
4	115
575	113
17	25
6	70
0	0
0	0
0	0
100	459
0	459
119	32
10	30
0	2
0	7
2	20
0	0
1	165
1	126
4	26
0	20
0	188
63	44
1	44
1	6
0	2
0	15
1880	0
163	221
10	221
0	0
0	0
0	0
41	130
0	130
0	0
111	350
3	595
0	458
0	421
6	18
13	0
0	151
1	1
1	23
216	427
2	425
0	3
1	1024
54	1050
68	25
0	20
0	5
15	690
3	46
0	122
0	690
878	645
0	644
0	572
63	564
0	189
0	59
909	409
2	413
0	366
3	1
1	15
0	9
10	1599
5474	1600
6	924
8	664
173	665
47	79
147	672
7	338
0	294
4	67
0	4
0	0
188	69
23	35
158	1944
9	222
1	495
0	411
12	1569
27	258
0	307
325	0
1	0
492	187
0	0
1	9
8	59
0	8
4	36
0	0
5	15
0	33
1	59
9	0
2	23
2	25
0	2
0	2
0	9
3	1100
0	1119
0	1144
3	1123
30	1138
0	1100
5	4577
3	140
2	2
12	582
37	15
13	454
1	308
15	3
1	201
92	352
1405	348
98	18
608	260
0	156
0	104
37	58
10	58
24	63
15	62
0	0
0	0
0	0
0	0
0	0
0	0
0	0
0	0
377	452
0	12
160	440
0	125
0	1855
181	606
0	1754
15	2370
4	667
0	216
0	430
0	458
0	774
9	1436
4	68
0	489
128	243
0	87
7	219
0	0
134	447
25	444
0	105
5	98
5	17
223	360
0	36
0	69
14	10
14	75
2883	554
61	554
0	26
6	103
128	0
0	0
16	103
2	1
2	103
3835	95
0	90
0	0
0	0
1	0
420	953
2	1
0	953
0	109
1	0
2	78
23	431
3	15
0	87
361	418
6	33
0	22
7	139
65	551
0	101
14	193
0	359
56	454
0	1
0	120
15	103
769	172
165	330
25	246
18	26
9	57
0	0
0	0
6609	16
4	14
2	248
0	229
1	350
46	348
0	361
1	131
0	89
8	90
0	1
5	82
7	208
0	5
1631	1280
0	1247
12	991
4	662
0	630
0	75
48	94
71	1
2	73
22	63
0	41
2	2
0	2
0	0
0	0
0	2
68	364
5	100
283	298
0	239
53	3984
43	4129
0	4488
12	26
0	3127
3	23
0	225
2	37
0	396
12	12
2	621
186	350
1	319
0	31
2	7113
58	7431
9	7345
177	4024
8	4446
6	4329
74	3846
3	681
32	43
4	5
0	0
0	0
0	0
0	2023
0	2312
34	1134
235	1547
0	1868
0	1333
1	365
0	2312
0	1367
1	312
0	208
7	878
42	2357
0	1479
0	2066
0	2060
31	127
145	3438
0	3415
12	216
0	1923
24	2161
87	1766
1	93
3	0
0	2178
1	66
0	42
0	0
0	53
0	55
0	57
14	18
10	13
0	2
1	2
0	2
1686	3
4	526
61	569
1	46
4	60
0	0
0	0
0	0
1	1
0	29
4	31
0	21
0	23
0	23
0	23
0	10
0	22
0	3
0	5
0	0
0	0
0	2
0	2
0	2
0	1
0	1
0	0
0	0
0	0
0	0
0	0
0	0
0	0
0	0
0	1
0	3
0	1
0	1
0	3
0	0
0	0
0	0
0	0
0	2
0	0
0	0
0	2
0	2
211	0
0	0
0	0
0	0
9	583
0	277
208	577
19	0
6	2
47	278
8	112
7	86
0	582
34	358
33	1164
13	18
3	73
23	1186
0	0
2	140
13	7
1	3
0	4
0	3
0	1
25	0
0	0
0	0
0	0
11	272
3	249
0	172
0	247
3	18
0	42
0	5
0	0
0	246
19	1167
2	33
0	8
0	1159
23	101
0	258
1	1
0	36
170	595
0	1152
0	0
0	0
0	0
0	0
1	0
0	0
0	0
0	0
0	0
1224	1060
16	1060
1	288
0	564
15	663
4	271
38	284
0	0
0	0
0	0
0	0
0	65
0	62
0	62
11	61
159	20
3	20
0	0
2097	2
1	0
54	1838
7	1102
2	371
0	370
0	159
137	1869
2	111
3	4
15	4
1	0
0	0
0	0
0	0
0	0
0	0
0	0
0	0
0	0
0	0
0	1
0	1
0	0
0	0
4	154
3974	229
2	184
186	0
4	0
33	1007
3	881
17	4
8	429
3	807
112	347
9	856
0	143
0	6
0	111
11	247
10	0
87	247
0	0
41	430
17	422
0	61
9	54
3	5
0	8
13	0
3	1
0	1
591	0
399	73
3	72
3	23
0	35
0	50
0	33
3	25
0	3
394	0
2	1565
0	135
0	11
0	6
5	4
0	108
12	1439
23	54
1	1
0	37
0	0
21	100
0	31
0	1
0	0
0	0
3	0
1294	795
28	774
0	347
0	25
9	0
138	973
0	212
5	198
0	117
1	48
0	4
2	971
735	0
0	1515
0	1801
10	1813
0	1616
7	296
9	210
1	227
0	217
0	165
45	1899
1046	1463
4	54
1	31
1	90
34	1363
5	291
0	55
9	3
0	3
34	1719
34	1580
0	854
4	367
175	197
21	38
1	0
5	0
0	1
0	1
0	0
0	0
0	1
0	1
1	7
0	7
216	198
9	14
2	175
3	0
6	174
0	79
1	152
0	0
0	83
0	68
0	57
0	54
3	8
1	2
36	25
0	4
0	25
0	25
26	9
155	100
0	17
1	73
20	59
6	44
8	61
2	15
1236	211
8	8
1	10
25	24
0	18
0	111
0	2
1	91
2	0
255	133
0	80
2	41
0	1
0	0
0	0
5	178
0	181
14	181
9	178
0	2
3	3
0	1
0	0
359	432
163	392
16	40
311	1357
4	1357
0	65
0	35
127	4
1	0
23	0
72	22
73	379
0	379
8892	212
22	209
2	0
587	0
1420	123
0	19
8	28
0	5
0	64
0	8
2	450
114	450
0	0
0	0
0	0
0	0
1	125
1	125
0	0
0	16
0	0
1	135
1	135
569	384
2	383
17	1254
10	1217
80	662
69	127
0	72
15	126
153	404
1	34
0	654
2	609
0	620
0	598
0	34
0	16
2	630
0	1
0	1
0	1
28	38
1	10
1	2
0	0
0	0
0	9
0	27
501	192
0	2
0	90
0	5
0	82
0	109
0	17
2	39
0	4
19	51
6	207
1	176
1765	384
62	274
0	34
8	486
0	401
11	82
144	483
0	398
38	464
11	519
0	469
10	456
83	420
0	0
0	0
102	7347
3	5287
3	1755
0	0
0	0
0	0
0	0
10	14
184	798
0	169
5	129
0	617
40	0
25	0
2153	40
7	38
1	3
17	31
1	0
1057	1266
34	1009
0	257
48	7
22	926
1	34
134	866
20	875
1	123
4	857
1	20
0	19
0	0
0	20
0	35
491	243
2	241
5	8
1	8
3	492
3148	4354
2	1970
2	3601
39	3866
8	0
0	3041
5	285
2	283
0	6
1	7
2	11
10	0
1	294
47	1770
1	14
4	103
0	1729
3	240
0	86
9	59
0	41
0	45
0	5
0	37
0	240
992	0
91	9
0	9
1	99
21	296
30	295
0	0
1	46
1	293
101	320
24	129
2	113
0	35
3	98
0	61
9	13
25	17
3	6
10	29
1	72
0	59
2	3673
0	1094
22	97
0	1222
0	1439
1	71
3	1473
0	442
0	278
18	1388
0	64
0	55
0	3601
0	3666
0	6
60	1113
0	1105
0	20
12	33
9	702
0	729
0	765
0	56
10	36
257	791
0	0
35	220
10	44
0	44
16	93
27	298
24	76
5	286
32	1427
0	1551
0	1169
2	1785
7	61
8	383
25	3
1213	323
6	156
7	9
1	66
20	93
45	130
3	1
236	125
0	129
0	52
854	0
1733	76
1	76
0	2378
587	1963
0	1031
43	473
1	196
9	291
2	23
0	171
5	7
0	0
15	2
0	289
0	251
0	61
654	134
43	2369
216	41
4	41
452	241
2	147
3	94
13	165
1	48
0	23
0	7
0	0
99	188
46	149
0	41
2	0
0	8
0	0
1	0
0	0
21	305
2	0
73	108
12	94
0	82
0	0
0	0
11	15
381	154
3	154
0	4
4	0
29	75
3	0
59	7
2	0
1	2
28	19
187	19
8	45
14	65
2	1853
1866	1808
1	16
0	0
1	0
0	50
62	56
2	17
243	756
0	110
17	634
1	0
13	15
2	133
0	19
33	288
2	174
14	151
12	417
6	363
0	402
0	114
102	78
2	84
10	84
11	43
0	0
0	1185
17	1169
10	1124
0	430
1	120
0	6
4	8
12	6
0	0
16	3
0	7
0	4
3	0
1	3
325	289
28	6
68	289
277	218
0	209
2	94
0	0
0	0
0	2347
9	1493
129	1357
7	1106
0	852
4	162
2	47
4	27
0	0
0	2045
0	1855
46	429
3	326
0	272
1	3
2	349
0	0
0	0
1326	852
15	502
1	603
67	895
0	148
19	183
11	127
11	131
0	240
0	2
0	2
0	0
0	0
5301	4385
2	502
0	2679
18	999
0	3280
1	0
0	0
230	0
0	0
0	0
87	468
0	231
1	264
0	135
1	51
0	99
10	131
4	0
24	68
0	82
0	34
2	7
31	3110
90	3242
1	3172
1	0
418	272
3	248
5	216
0	0
0	0
0	0
0	0
0	0
0	0
0	0
0	0
0	0
0	0
478	26
0	1
0	2
0	24
206	834
6	834
4	284
3486	3
0	0
1	0
0	0
0	0
1047	1
10	108
0	102
0	31
0	0
0	0
210	1328
5	1134
0	228
0	93
3	460
4	321
20	463
5	346
120	127
42	3135
5	52
10	46
23	1137
0	3066
51	421
2	2108
1	17
4	450
37	16
2	1075
1	6
2	3080
51	0
28	1
40	42
6	30
1	1
0	2
1	12
0	614
0	8
206	1107
4	129
0	316
2	386
0	129
394	512
68	512
3	4
1	109
1848	812
75	98
85	295
1	546
3	317
0	358
1	157
1	44
0	0
122	0
7	418
2	264
14	100
0	32
0	24
1	13
1	323
0	162
273	417
0	11
1	0
17	27
1	3
0	227
0	0
0	0
0	0
0	0
0	0
0	0
393	92
0	53
8	55
1	2
262	99
0	56
0	15
0	64
411	121
19	39
55	70
0	76
62	15
17	270
70	346
0	0
375	0
0	5
1	0
0	5
0	2328
60	1599
19	250
91	218
179	2110
4	203
24	256
1	90
12	90
0	15
39	329
1	280
0	274
1	0
18	0
4	80
1	104
0	104
0	10
2	0
0	7
0	0
2094	373
10	372
25	0
20	0
260	343
3	341
0	26
4	32
4	0
1	0
0	0
83	3584
0	42
62	3791
0	36
0	20
0	905
3	44
0	480
44	183
2	547
3	26
0	719
1	419
0	217
10	46
12	19
15	606
0	0
0	606
1	622
8	2308
4	361
0	2151
1	3
1	49
7	309
3	302
169	1783
0	1206
0	1786
0	205
0	55
6	500
1	415
1	1942
10	423
0	1791
1	97
1	59
0	0
8	194
1	117
2	203
0	1754
0	0
14	1280
2	1
451	23
0	21
0	0
0	1
5	1
3	226
0	182
0	40
0	4
0	43
1	47
0	45
11	42
15	52
7	36
0	0
0	0
0	0
0	0
0	0
35	20
14	20
0	10
0	0
0	0
0	0
0	0
0	1
0	1
0	1
0	1
0	1
45	182
5	182
0	121
0	11
0	78
0	51
0	56
0	52
0	56
0	57
1	50
22	159
0	2
10	0
2	3297
0	2823
2	3266
0	3168
1	157
2	3283
2	3367
2	2795
0	2989
12	254
68	1710
2	495
137	0
0	0
0	1
17	1
559	0
0	770
6	852
0	837
0	763
0	130
0	1
0	2
18	39
0	770
0	767
0	2
0	2
4	208
380	645
0	0
0	144
2	348
4	169
0	0
0	0
0	0
7870	830
65	825
0	1
0	1
0	0
1352	0
1	0
0	0
0	0
86	859
0	1249
71	1757
0	1017
0	787
0	872
0	519
15	286
3	566
3	486
1	543
1	47
35	219
18	112
18	131
229	160
0	82
3	103
57	146
0	0
0	3
4	12
3	1
4	55
2	328
35	329
0	327
8	57
1	326
0	2
0	99
0	130
222	832
0	18
7	785
0	109
10	0
1663	264
55	262
0	1
0	1
153	224
7	221
7	3
2	10
385	65
0	13
0	65
0	28
0	9
2	7
0	7
4	1011
2727	1746
2	238
17	209
0	333
0	113
0	91
32	3
149	0
46	38
0	15
2	27
0	46
10	46
0	9
69	323
29	327
23	261
20	32
2	3
1	0
1	0
1	0
1137	689
0	608
1	102
0	2
1	17
0	57
0	128
2	134
1	47
4	46
10	114
0	68
0	0
49	437
37	1337
30	87
8	587
22	207
0	0
1	191
1	47
0	628
14	0
0	0
0	42
18	41
2	42
0	43
1	0
1	34
4	42
0	0
0	0
11	750
24	767
3	750
8	0
0	94
23	12
0	12
8	314
32	317
1	3
60	400
4	380
0	31
0	0
0	0
0	0
1	4
11	4
1	3
0	7
0	5
0	7
0	20
0	21
0	0
0	0
0	0
811	65
1	64
1	15
1945	538
0	533
2419	733
1	50
1	124
1	126
0	292
5	9
1	14
58	0
2	31
0	18
0	58
0	10
0	18
1	42
0	47
0	26
6	0
1850	97
0	4
0	44
1	47
265	3322
51	4009
1070	2434
86	1244
0	2381
1	1224
60	2279
10	0
0	1324
18	0
39	31
0	1
0	10
0	21
2	0
40	960
1	794
0	587
0	0
0	0
0	0
0	0
1315	289
2	60
21	198
0	36
12	96
6	3
3	95
70	228
509	222
0	37
1	24
43	287
0	55
3	266
35	4
73	53
7	15
13	20
8	10
19	19
46	20
551	783
2	545
0	547
5	21
79	897
0	654
1	216
0	283
0	69
0	0
0	0
0	1
5	1
0	0
0	1
0	0
0	491
44	491
1	491
4	491
0	111
1	26
0	2
558	126
3	43
2	43
3	40
14	1347
9	5
2	0
0	1347
160	92
25	180
2	109
3	124
854	72
0	0
0	0
0	0
0	0
0	0
0	0
0	0
344	2112
28	1533
38	1536
4	1400
0	527
16	0
72	1362
5	527
0	4
0	42
66	42
209	343
0	343
0	1
0	5
0	10
646	79
0	3
0	67
2	5
434	495
10	439
0	11
12	111
1	54
0	23
1	25
0	75
0	21
3	53
4	26
0	16
0	18
2	18
375	1853
0	1049
0	1995
32	215
0	946
1	148
0	1583
14	259
47	538
0	45
4	9
0	48
0	1464
0	0
0	0
153	520
3	0
0	77
0	7
0	47
111	403
126	110
18	733
8	741
46	980
17	109
0	4
0	52
1	83
8	0
20	480
162	977
0	1
0	1
0	0
0	9
0	34
0	52
45	78
0	0
3	16
0	28
1	0
0	0
0	0
0	0
5	255
0	343
4	51
2	283
1	279
2	279
1	187
0	166
1	21
9	336
16	550
0	376
0	3
16	371
0	124
0	165
0	310
0	118
0	68
0	0
1	9
0	37
46	338
33	6646
299	6514
324	5153
6	405
29	563
521	171
3	0
2	171
8	11
0	3
0	4
0	0
0	10
1	6
0	0
0	9
0	0
1	3
2	567
0	531
6	275
2	57
0	3
29	53
4	20
1	1
0	0
548	1112
0	1112
128	89
2	89
0	0
0	0
1	0
57	1601
947	2103
1	1763
2	169
21	3
21	297
11	297
15	0
42	199
0	60
61	163
2	227
2	190
6	102
0	0
0	0
3	49
37	641
0	20
3	17
3	26
2	9
0	20
0	147
0	585
0	0
0	37
0	40
4	0
0	0
10	1
62	318
21	318
8	321
16	321
0	104
1	28
0	5269
0	18
0	5600
2	5341
86	5008
0	145
0	145
0	213
0	1414
0	5
2	303
0	822
4	2198
0	901
1	805
2	0
0	177
0	378
0	186
0	2067
1	461
0	861
6	606
0	2093
0	2074
2	1085
4	2115
0	1210
5	875
1	609
0	609
0	644
0	485
0	388
0	11
0	345
9	522
0	659
2	12
2	824
3	381
1	133
0	1084
1	663
39	0
0	2096
4	0
8	0
0	192
1	191
1058	476
59	379
3411	165
7	188
0	1066
21	665
15	638
3	620
3	73
3	72
0	19
70	1078
0	0
0	0
0	29
0	55
0	0
1	75
4	39
5	39
1	4
0	0
1	32
0	75
0	74
0	70
0	69
0	14
0	64
0	74
0	38
0	2
0	110
0	0
0	0
58	205
3	6
0	164
11	173
0	0
397	580
24	500
6	393
4	97
14	630
12	524
5	118
0	81
0	381
0	485
8	1
80	789
279	789
11	1
0	0
0	0
0	0
0	0
0	0
0	0
0	0
0	0
135	258
1	182
0	184
1	148
0	156
0	133
2	150
0	80
7	100
0	25
5	24
0	0
0	0
0	0
0	0
0	0
0	0
0	0
0	0
0	0
0	0
0	0
0	0
0	0
1	1464
18	2
27	257
0	1437
1	1373
0	25
0	0
5	0
5	20
55	100
0	1448
1	876
25	416
8	331
1	94
0	28
18	8
2	74
0	6
90	1025
0	137
25	1008
0	0
83	1025
329	155
0	193
88	194
0	3
0	3
0	0
0	0
0	0
748	696
11	482
2	29
0	194
8	28
2	252
0	0
0	0
0	0
0	0
0	0
0	0
2	10
0	0
1	10
1	0
456	534
0	456
4	3
0	78
0	0
0	0
0	3
294	688
5	700
29	10
27	35
1	35
3	52
1	42
19	84
47	4133
19	6667
1177	20226
90	2816
0	15262
48	97
3	1
4	213
6	593
108	108
0	16588
0	1
0	1
0	1
0	0
0	0
0	0
116	0
0	0
3	169
0	231
0	203
0	32
0	5
2	677
0	690
3	692
0	655
4	515
32	584
4	90
0	12
1	24
19	1658
0	1388
20	1767
9	38
0	201
1	175
5	165
0	169
0	0
1313	0
0	3
0	3
0	2
72	2
2	2
0	0
0	0
0	0
0	0
0	2308
9	108
0	181
0	69
0	2235
0	2310
0	2287
0	2221
0	2301
49	80
0	80
0	0
11	1
0	1
0	0
0	0
0	37
0	1
0	0
0	0
0	0
1834	2174
25	478
6	1230
8	407
1	872
5	15
0	10
0	9
0	4
0	0
0	37
0	1
50	1140
4	645
10	809
1	3
3	12
4	15
0	9
4606	1070
0	7
11	136
0	250
5	596
5	407
0	370
0	232
4	263
29	380
3	148
2	33
4	376
72	67
1	12
0	55
0	0
1	8
0	29
2	21
1	16
0	0
4	0
2	1
0	1
0	0
0	0
0	0
0	0
0	0
0	0
11	0
0	0
0	0
0	0
0	0
808	983
121	681
12	643
674	119
0	0
6	118
0	0
3	7907
140	8607
474	8607
0	8640
143	8604
2	7761
7	599
20	146
9	444
1	194
50	132
21	940
1	967
1	294
41	12976
162	13566
0	1975
505	4765
1	1205
53	2878
0	2337
24	1026
2	741
3	133
12	92
5	41
48	1
1	0
0	0
0	0
3214	84
14	83
0	78
1	0
22	2341
0	97
29	4
860	2271
7	39
5	40
6	27
19	27
0	0
1	10
0	0
0	0
4	20
0	20
0	2
0	8
0	4
0	0
0	1
0	229
0	137
56	510
153	187
1	177
1	123
379	0
6	0
0	3387
1	3590
45	767
19	3128
0	160
0	203
26	0
0	62
6	128
12	4
14	857
0	109
0	96
30	642
0	0
2	350
0	3678
62	0
18	0
0	650
64	1068
0	770
0	849
0	810
1	651
2	78
1	37
70	109
0	109
0	0
0	0
0	0
30	65
0	0
0	0
0	0
0	840
0	840
438	0
282	3
1	3
0	0
0	19
43	615
0	615
19	76
239	76
237	3001
0	2142
0	958
80	12
7	20
1	5
6	2815
0	3000
2932	5713
0	109
51	5604
0	2484
0	0
3	0
0	0
56	2266
0	2251
51	2625
4	2007
0	641
8	943
2	220
56	192
49	206
0	63
0	622
0	0
0	0
3	418
21	577
2	434
61	10
0	435
2	48
3	1
0	5
0	5
0	0
4	96
29	243
0	16
1	4
1	4
0	5
0	152
0	0
0	0
0	0
0	0
0	13
1	2
0	13
925	3499
34	90
9	0
0	0
170	3517
0	2101
1	17
10	144
1	3013
4	5
0	4
18	116
5	23
1	72
0	3607
3	2
0	2
1094	431
96	431
56	268
0	269
0	129
0	45
1	639
11	550
0	653
24	166
11	180
0	0
0	0
0	0
3	0
0	0
0	0
287	213
22	212
1	0
110	578
213	567
6	328
1	348
6	75
2	0
0	0
61	0
0	0
0	1
0	1
0	0
0	0
2086	1772
0	1672
14	139
3	580
4	61
7	743
3	450
1	109
0	15
767	429
63	428
44	322
0	302
2	312
0	24
0	97
0	553
21	577
0	12
1	1
2	135
4	0
0	553
18	598
3	22
2	2
0	0
0	156
0	598
0	0
0	0
0	0
1986	409
2	326
17	84
133	391
0	391
0	66
295	103
24	16
7	91
0	9
6	2
0	2
4	37
1	13
5	14
0	0
3	36
14	647
8	42
24	86
0	2
7	610
10	59
81	417
0	0
0	0
0	0
438	2637
6	1077
47	2466
1305	2436
40	1145
353	246
5	59
3	40
0	30
0	23
0	27
0	18
3	3
0	0
320	0
127	1083
23	888
0	101
2	35
246	202
1	73
3	129
36	569
29	465
0	299
0	0
8	16
0	16
76	46
1	46
0	4
0	0
0	0
293	1675
24	1675
7	374
251	0
0	0
0	0
26	567
5	93
0	86
96	513
10	3
0	0
0	0
0	0
635	1
219	265
56	251
0	6
0	0
0	0
46	0
381	266
0	115
3	171
0	0
0	3
653	543
0	156
1	543
4	63
0	225
2	234
0	220
0	259
2	11
0	21
0	16
0	0
0	251
0	38
0	72
0	3
0	1
0	42
0	77
0	75
0	73
0	0
0	0
0	0
0	0
1	449
643	484
0	194
1	144
32	32
0	0
19	36
0	36
15	1
8	65
13	28
0	914
0	1296
165	911
24	603
5	502
7	515
22	70
107	3428
134	3910
343	3882
1369	3873
0	283
3	317
568	436
0	131
2	0
18	26
73	901
1	634
6	485
4	138
12	0
0	111
0	138
0	111
1	5
0	0
0	0
0	9
0	37
10	1636
1	1021
36	1
0	297
9	141
26	122
0	46
0	1634
413	216
1	130
0	15
3	125
3	123
0	94
1	0
1	2
0	0
0	0
1	7
9	68
0	2
5	64
2	39
18	32
26	0
32	96
1	1483
15	1010
9	1526
0	807
17	1314
0	15
1	542
0	0
1094	0
0	446
11	401
4	83
0	434
0	393
0	354
0	175
3	84
142	432
0	191
6	328
9	37
11	45
0	3
5	68
8	41
1193	583
11	583
10	0
0	1477
1126	4540
42	1775
21	0
2	2130
0	4553
16	14
0	0
3	14
0	0
0	0
0	0
12	0
187	42
21	22
15	43
38	118
0	118
56	1110
9	1110
166	1110
4	46
0	42
10	19
0	1
16	1
0	21
0	2
0	5
0	4
53	3
0	2
611	21
5	3
8	18
21	60
10	60
0	0
0	0
8	0
0	7
1	7
21	67
2	32
0	0
0	27
1	4
0	8
22	0
2	2
0	0
168	0
0	0
0	0
88	0
9	136
2	15
0	72
4	13
0	80
1	50
0	13
1	32
20	39
2	7
0	133
143	1107
31	1112
12	167
0	703
1	3
0	95
3	111
0	0
9	1110
1	0
0	0
2	1
15	13
2	12
140	139
0	168
10	168
16	0
3	13
1	2
2	45
333	615
36	173
1	9
0	50
0	172
10	187
4	0
1	13
0	13
0	80
10	0
7	20
0	0
16	60
1	3
1	0
1	4
0	56
0	407
307	951
2	577
0	35
23	590
215	590
0	21
1	5
2	180
5	30
9	133
0	0
7	122
0	106
26	6
0	12
0	110
4	83
1	13
0	40
2	9
201	599
244	599
13	0
14	717
2	717
0	14
0	14
0	14
0	49
17	49
1	14
0	42
0	1
0	7
0	2
0	0
0	8
172	203
32	29
0	174
850	685
32	222
36	373
0	2300
6	2397
115	2077
0	3033
79	2312
2	2456
0	1880
0	613
1	7
0	0
48	3295
0	269
0	1225
10	1284
0	927
1	2251
13	1489
175	1490
62	1488
17	428
1	597
45	272
5	164
2	132
6	118
3	13
1	312
4	201
0	242
2	2
1	21
27	14
9	51
0	74
0	23
0	6
5	36
0	0
0	0
0	0
2	13
0	8093
71	8086
0	1806
119	784
31	778
0	34
0	6
6	48
9	30
0	11
0	21
15	20
0	20
4	7
0	2
0	3
0	1
0	1
16	195
2383	1014
0	340
0	700
5	30
5	0
0	50
2	15
0	3
0	0
0	0
0	0
0	5
0	0
0	0
0	5
2133	1234
93	674
1	352
9	708
13	430
4	629
0	2283
0	2303
0	2885
0	2942
18	2420
0	2347
0	810
0	100
0	503
0	18
0	1
34	12
0	4
0	32
10	304
1	0
2	194
14	200
5	12
17	735
0	739
0	556
0	446
2	0
0	27
0	27
0	27
0	0
0	0
9	11
10	22
0	21
1	5
0	1
0	0
13	0
1	0
0	3
0	0
0	20
0	0
0	0
0	0
62	747
2	741
20	761
1	172
5	127
0	2
0	31
0	2
3	186
2	148
0	29
0	766
30	543
577	710
14	323
19	117
2	19
1	284
0	220
0	297
0	116
1	100
585	534
0	492
0	417
0	253
14	185
1	37
20	181
9	18
27	15
0	0
271	431
0	6
1	170
0	0
3	255
10	122
1	0
25	56
18	95
0	49
7	0
59	17
0	17
0	3
0	11
0	12
0	12
0	0
64	228
0	5
9	71
1	45
24	185
7	1542
42	1563
43	658
21	1475
4	176
0	1038
5	710
7	38
1	26
12	471
5	1628
0	0
0	1
1	14
0	0
0	0
0	0
0	0
0	2
0	2
43	1
0	1
0	0
0	0
79	1687
236	1597
0	846
0	1633
0	1633
25	729
0	39
3	486
0	72
109	159
0	2
0	2
0	0
0	0
1514	1
471	304
1	124
0	266
9	28
0	0
1	19
5	19
0	2
1	2
0	0
0	0
892	0
0	5
0	5
0	5
0	3
2310	3645
4	78
7	331
6	329
0	1127
1	1
148	3045
1	256
1027	490
5	365
6	87
412	324
0	324
0	0
0	2
1	2
0	0
0	0
0	0
991	53
0	53
0	0
1	0
155	20
0	0
0	4
0	7
1	10
0	0
26	431
1	8
4	581
2	0
1107	572
24	95
1	13
1	105
0	373
7	5
0	393
0	40
3	320
40	55
1	1
0	128
8	107
3	59
0	74
0	5
0	41
8074	2236
1	1360
4	1360
8	37
2	184
12	1631
56	1654
9	112
5	547
25	242
23	15
9	25
24	1659
4	1652
42	1471
4	3
13	67
14	447
0	179
1145	618
26	618
160	1483
2	101
2	161
0	249
4	138
6	981
9	469
6	519
1	549
4	22
0	471
25	1740
0	13
0	13
0	8
0	13
1	0
0	0
0	0
0	13
146	545
0	365
0	372
0	384
1	336
34	411
1	365
0	179
4	28
1	24
125	0
730	11003
4	325
21	0
8	498
17	619
51	477
1	14
0	14
7	0
0	0
0	0
0	0
0	0
0	1299
155	1314
5	15
17	4051
23	1
3	863
0	3390
0	4051
0	0
0	2
0	0
0	0
0	0
0	0
0	0
0	2
2	1412
0	105
3	130
0	44
4	129
1	21
39	0
61	3
0	1
0	2
0	0
0	0
0	0
5	1273
0	1
0	363
0	205
1	4
21	90
0	1184
0	0
0	0
2104	7804
0	1472
0	21
0	0
9	1210
34	1591
10	1
0	420
0	431
1	149
10	24
0	0
0	5
3	19
3	10
29	10
3	1209
0	232
13	0
3	940
0	310
3	272
76	543
16	719
0	501
3	325
0	669
6	195
0	887
2	641
0	1014
0	145
0	1192
0	1
0	0
0	0
0	0
0	1
0	2
0	1
5	0
1	2
0	0
0	0
0	0
0	0
0	0
16	0
0	40
104	50
0	50
1	3
0	3
0	3
0	38
0	38
1	27
0	250
0	319
4	28
27	176
20	118
7	30
0	2
0	128
0	127
0	88
1	88
2	128
33	1
0	1
0	0
553	2228
11	1091
86	1925
1	1963
1	18
5	37
53	313
28	44
1	44
12	145
0	58
2	0
290	23
2	22
2316	5051
31	3724
4	5
0	83
0	192
2	308
3	249
0	1
14	626
1	319
0	56
907	298
0	123
1	0
2	43
0	135
12	43
2	18
0	34
0	1128
0	1007
143	1607
0	764
0	95
0	553
45	174
7	91
1	9
0	0
1	57
1	358
3	27
41	22
0	10
0	0
0	0
0	13
1020	1493
0	432
0	119
3	0
4	849
2	0
0	27
2	0
1	164
15	0
26	645
65	30
0	25
2	5
14	504
0	337
1	266
129	3116
77	3001
0	934
9	6
19	139
0	23
2	20
0	54
0	6098
0	316
1	925
0	2355
891	6799
35	1852
8	10
0	1
0	4
0	7
0	5
1	3
0	2
0	1
0	1
5	1830
188	1825
8	337
4	278
385	42
2	42
270	3429
0	3429
0	3089
0	105
0	1813
104	1813
2982	4
194	862
0	588
0	176
53	666
320	1
36	22
3	21
1	1
2	4
0	4
0	3
8793	4
5	662
24	655
136	644
0	297
1	121
0	9
0	6
0	0
0	0
0	0
58	3550
0	42
63	3539
0	125
564	1709
5	1607
9	1292
0	2
6	65
0	0
0	0
0	0
797	274
18	271
1	146
0	0
45	141
0	229
324	1066
18	351
1	431
0	197
0	0
0	0
4	154
28	154
7	26
6	0
13	12
4	45
2	1
179	77
0	24
2	41
0	24
1	30
1	0
4	0
0	359
1146	360
1	0
10	3
0	3
0	2
0	35
9	35
9	19
41	5
4	0
0	0
70	113
0	110
0	122
0	63
0	6
3	334
1	296
0	313
0	66
590	301
4	301
5	2
114	471
2	330
5	386
0	310
5	255
2	221
0	38
2	88
8	18
0	2
1223	2243
5	196
0	156
0	85
3	2237
1043	2191
0	2190
6	23
0	0
1	0
10	338
0	285
0	68
81	45
0	56
1	83
24	39
0	56
1	14
4613	4
325	670
0	670
12	5
0	54
0	493
153	493
12	66
0	8
0	26
0	47
0	45
0	19
0	891
0	285
0	194
0	891
0	807
0	610
4	851
16	710
9	412
0	169
0	617
0	0
8	0
7	593
3	594
0	7
112	598
0	191
0	592
25	592
2	0
2487	311
90	309
2	806
9	806
0	806
8	818
0	329
0	0
5	42
0	76
2	76
2	26
0	81
3	32
0	26
3	0
14	84
0	29
0	31
13	111
1	271
709	833
7	231
0	190
19	45
31	65
0	275
7	55
1	0
784	3243
23	83
7	3160
0	0
28	389
20	371
0	8
1	26
1	331
0	0
5	141
0	141
0	1
0	0
0	1
328	472
846	472
0	0
83	871
33	228
4	221
0	3
11	15198
12	52
3	2271
0	2763
6	15198
12	567
0	569
6	38
4	3
1	29
0	2
0	0
2	560
0	514
2	356
0	21
26	523
1	50
0	31
22	128
22	130
0	1
0	7
0	11
0	4
1	9
1	9
30	37
0	29
5	10
3	6
0	6
30	6
4	0
274	745
0	705
0	0
6	178
8	13
4	2
0	48
813	31
25	31
16	2
3	2
0	1
2	2
0	1
0	0
0	0
0	0
0	0
0	0
0	1
1	2
0	2
0	0
2735	552
0	527
141	148
0	27
0	0
0	0
0	3
0	4
0	4
0	0
0	1
0	0
0	0
2315	1463
15	1402
0	2
1	1039
0	256
3	82
0	314
0	0
17	1019
888	1673
0	1178
6	1097
4	145
0	37
7	0
6	1499
0	0
0	125
24	376
1	375
0	17
0	17
13	169
4	168
1	172
4	158
0	0
0	0
40	661
13	763
72	741
2	0
3	4
0	106
2	15
11	10
0	66
32	318
11	263
0	256
0	7
1	259
1	62
23	48
5	23
0	7
25	93
0	26
0	0
2	8
0	27
2	2
0	0
73	396
54	391
5	96
219	79
25	8
0	65
0	155
12	8
0	17
26	30
0	30
177	548
1	523
14	278
1	343
1	15
0	235
0	61
2	0
0	15
0	0
302	2924
47	48
79	327
17	2774
0	281
2	672
0	72
159	5852
0	4
3	150
0	407
194	5684
3	131
0	3410
0	517
0	9
0	386
66	483
1	339
15	66
4	54
12	104
0	391
2	8
0	73
17	195
2	178
0	179
0	159
9	178
4	176
3	0
14	2037
0	1840
47	552
92	110
3	178
1	189
5	176
16	47
0	32
0	8
140	79
0	0
3	29
3	11
0	42
0	0
0	0
0	0
0	0
0	0
0	0
0	0
43	819
0	816
60	735
3	865
7	668
0	95
32	134
0	1045
0	0
37	1459
17	1460
3	1474
73	18
125	479
0	157
65	0
4	113
7	10
0	22
3	10
22	9
1010	1624
1	440
71	331
0	589
0	486
9	60
8	211
346	1105
39	216
2	0
15	928
7	0
0	0
0	0
0	0
0	0
0	2
0	11
1	11
2551	1138
16	572
1	911
1	590
1	0
0	0
3	0
3	51
4	3
4	195
0	0
10	720
1	325
0	78
6	548
4	245
1	19
0	25
0	0
26	1260
64	1260
0	167
2	32
1084	2
1510	179
0	179
27	0
0	0
0	333
0	131
0	1778
2	2203
85	1618
1	864
5	248
0	31
0	250
0	0
0	0
0	0
0	0
592	125
0	88
24	39
1	0
1	68
0	3
1	92
1	0
0	24
3	98
3	346
1	362
87	297
1	71
0	29
1	124
52	293
2	151
3	120
5	106
2	2991
11	2800
14	110
18	237
2	2758
0	265
4	53
0	2
9	1
0	2
0	0
0	1
704	57
0	57
1	3803
203	4149
11	2992
0	1537
0	1014
2	43
35	107
28	86
0	83
0	82
0	3
0	0
0	1
910	783
0	782
1	204
176	722
13	92
15	660
30	92
7	606
0	476
3	6
1	149
0	5
24	3
12	284
0	415
0	409
0	414
10	171
21	399
0	263
0	0
0	0
415	201
0	52
0	145
0	131
1	80
0	5
0	0
3	1
320	40
14	4
0	15
0	19
0	69
0	3
0	3
4	0
47	191
0	144
0	109
2	5
184	745
0	745
0	160
0	246
0	246
37	269
1610	1795
0	1642
0	131
0	115
0	24
0	0
3	16
0	20
2	18
14	58
0	58
0	10
3	1
363	43
59	43
0	32
114	909
0	68
0	909
219	816
48	799
33	97
0	16
60	0
11	10
0	4
0	38
11	8
12	428
49	730
1	747
2	13
11	11
5	26
2	4
0	4
0	0
0	0
1386	78
0	77
0	0
0	0
0	0
0	0
0	5
81	652
0	647
0	34
6	588
0	37
0	419
0	647
793	29
33	28
224	204
0	200
0	17
0	34
1	5
4	33
0	69
355	1129
14	977
567	1112
0	1226
0	4
0	4
0	0
0	0
6	259
7	0
169	1559
2	1059
0	252
9	573
4	110
0	0
0	3
0	3
0	1
0	3
76	631
1033	831
5	406
4	2765
7	3651
0	2703
0	1119
23	1012
0	560
31	2
0	3649
192	390
8	115
0	280
2	86
0	53
0	18
3	19
3	35
21	8
2	118
0	0
0	0
0	0
0	0
0	0
89	319
17	35
27	290
0	2
1	243
0	19
0	35
0	32
0	20
0	0
0	28
2	15
0	7
2007	101
73	256
1	0
5	0
0	63
0	69
0	188
599	2051
1	611
12	1005
19	2054
3	697
0	630
2	2066
0	1005
84	0
37	118
2	20
586	90
0	89
5	196
39	196
7	196
0	53
0	53
0	53
111	928
49	732
0	278
3	13
0	1
4	498
3	25
2	122
1	0
0	0
0	0
8100	137
42	135
1369	45
0	42
1	0
1609	107
11	90
121	28
37	5252
0	1374
5	2351
0	1399
4	158
7	11
1	722
9	4600
1	372
40	132
259	343
30	442
1	109
0	109
13	148
24	114
0	32
1	336
78	1070
0	84
0	323
0	0
0	0
1	26
0	44
0	6
18	707
2	0
294	2512
13	3144
0	154
508	4641
0	4717
3	405
1	71
20	33
7	48
0	0
0	0
0	0
55	115
0	114
0	1
0	1
0	0
1	0
0	0
0	0
0	0
4	0
0	0
0	0
0	24
14	2161
2	1956
14	210
22	185
0	124
1	1958
2	68
1	74
3	6
10	32
8	1927
1847	726
3	0
22	725
36	3544
6	1060
1034	1830
41	3338
0	17
1	3310
0	340
0	339
31	373
0	0
0	2
1	35
32	35
0	2
0	9
0	10
583	8
0	8
4	1
0	0
0	276
0	232
89	1550
52	1548
0	275
17	145
0	145
0	0
687	378
0	374
0	322
0	39
1	61
1	38
0	15
0	28
78	48
1	86
0	7
2	1
17	95
663	4203
0	4203
106	461
1	3
0	3
0	3
3	1
107	434
8	456
0	17
20	314
11	77
6	107
0	2
0	2
12	190
754	227
0	36
0	28
0	2
2	43
0	0
0	32
3	219
52	155
21	204
0	41
0	188
0	1
0	27
0	2
0	27
0	23
0	79
0	0
1	1
26	53
295	42
1	41
1	0
0	926
495	984
6	389
0	115
3	63
0	901
0	252
0	17
0	122
36	2573
7	2812
0	2492
0	2068
3	279
3	2318
0	23
4	60
8	164
16	224
3	135
24	216
52	787
0	21
38	280
16	3
6	1
0	1
0	0
0	0
5	48
0	48
0	5980
0	5903
0	21764
1	6469
3	2585
252	359
27	782
127	6527
5	7328
3	6644
0	6016
0	6
46	14600
24	19484
0	18397
813	1334
140	7
4	1333
0	80
1	683
3	173
0	713
16	659
1	447
0	673
120	487
10	599
2	0
11	130
0	1
3	77
6	103
1	113
198	1
413	1
15	0
146	67
3	61
0	58
4	15
0	0
0	0
0	0
0	0
374	4
0	0
0	19
0	19
0	19
0	20
3	17
4	11
21	43
13	43
0	31
0	22
0	6
1	28
0	11
27	6
4	6
915	170
10	91
3	78
6	12
1342	7225
24	6450
61	150
170	3119
0	0
0	0
0	0
0	0
11	0
80	1149
0	49
10	1149
14	0
28	2488
2	419
0	2341
426	1550
0	1150
10	243
26	496
256	2326
0	489
1	1716
0	109
1	2
0	117
0	256
47	136
12	187
11	580
10	601
29	623
5	581
12	67
0	201
50	377
0	62
17	324
0	226
1	32
0	175
0	57
0	17
0	7
3	159
3	187
2	125
0	106
1	139
1	62
0	2
0	0
6	29
2	5
0	1
1	10
0	6
3	8
0	1
0	16
0	6
2	7
0	0
0	0
0	0
0	17
22	603
0	694
4	708
0	764
0	527
9	765
0	0
233	826
102	810
1	305
37	315
1	0
12	107
15	107
1	41
432	301
27	201
0	286
11	3
8	6
0	6
0	0
0	0
0	4
112	96
0	52
0	26
0	42
0	16
0	3
259	173
0	173
0	829
0	791
0	823
0	785
9	695
0	16
0	14
90	0
0	0
0	0
0	0
10	137
5	118
0	111
0	1206
12	354
158	1923
196	1343
13	74
0	323
62	1216
1	111
41	30
18	96
8	2
5	35
0	71
1	95
0	1206
7	0
0	0
0	0
0	0
0	0
0	0
5	61
0	61
0	5
0	6
0	2
3	12
0	0
110	302
4	293
1	66
0	294
2	168
2	0
46	150
63	156
183	249
2	1
371	8
0	0
2	8
227	38
1	38
4	0
163	676
0	177
4	668
0	77
0	0
0	2
0	2
0	145
0	0
0	0
104	5660
0	5832
137	5838
232	590
37	585
4	43
68	0
16	584
35	584
0	0
0	0
72	5
0	1
0	4
5	58
0	110
20	1999
9	0
0	23
3	1991
0	82
0	2009
467	364
0	212
0	0
0	8
1	2
2	134
1	149
0	149
0	0
2767	11851
122	11379
60	11848
321	848
0	830
1	848
0	82
1	22
0	0
289	136
0	109
0	27
16	0
0	0
0	87
822	1766
0	258
3	1559
0	0
0	0
0	0
30	169
0	17
229	1115
222	1193
177	234
3	148
2	1065
0	174
6	0
0	2
7	2
6	16
0	66
0	0
1	30
4	109
16	0
1040	170
2	113
0	57
0	0
0	0
926	821
2	1
9	3
16	188
1	70
6	700
0	77
2	125
0	0
0	0
9	2655
35	2375
10	2533
2	2583
50	2759
6	368
4	288
2	114
4	4
0	2664
8	3
0	3
0	1
0	2
32	857
41	866
6	731
0	25
16	562
0	50
52	2195
110	2234
5	253
0	2
44	46
0	435
0	263
0	30
15	2
0	2195
202	133
0	90
0	41
2	2
7	1
347	137
0	137
0	2
0	2
2	27
0	27
2	29
0	2
1	2
0	0
1	0
0	0
0	0
0	0
0	0
4	0
0	2
4	2
31	760
0	44
0	5
0	16
0	6
0	102
20	85
12	190
11	121
1	136
0	66
18	807
5	801
0	346
0	278
3	16
21	0
0	807
0	801
1	0
0	0
3	464
0	13
0	28
7	444
1	444
6	444
0	422
0	444
1	464
0	19
0	0
1	412
382	433
0	91
0	361
39	382
1	88
0	426
1	77
0	101
0	106
0	106
0	12
5	21
0	1
0	0
1	6
0	10
0	2
0	1
0	0
0	101
42	2803
2	2105
0	2047
0	1091
6	1683
4	8
6	775
6	934
0	660
0	100
90	0
81	13
0	2
1	0
0	11
0	776
42	776
8	1123
152	1123
9	453
6	62
1	0
21	198
69	196
0	17
3	126
368	5
196	2
11	159
32	472
0	1068
44	1022
0	424
0	1076
0	1123
515	1
1	1179
1	508
2	558
3	307
0	58
0	183
40	381
0	14
0	52
0	77
5	41
1	0
0	0
26	430
217	2049
0	567
0	2021
7	1105
6	27
0	341
0	247
4	227
0	98
3	0
4	0
0	609
0	636
0	464
68	437
9	243
1	94
26	371
31	324
20	150
0	80
2	29
0	78
0	98
0	69
0	100
0	107
920	879
0	879
1203	1
17	1
116	375
11	544
7	632
23	134
0	22
45	488
9	395
24	482
1	441
2	89
3	105
4	3
43	447
0	47
0	0
11	0
0	0
7	516
0	1093
25	1958
79	1774
0	1026
98	1048
43	1124
1	189
1	1
2	40
0	32
0	17
0	31
0	21
22	0
11	44
57	158
37	91
0	251
2	172
11	95
0	3
0	3
72	610
1	610
5	182
17	412
15	8
0	6
0	590
2427	1362
8	57
1	31
5	58
0	1303
1621	2
0	42
2	199
134	616
1	587
0	58
4	16
1	160
35	160
0	30
1	15
305	2571
371	1625
6	881
25	523
148	957
1	395
76	351
0	0
0	0
0	760
786	760
1	21
1	449
0	2
199	1486
146	1481
529	840
12	511
1322	633
0	7
4	7
1	21
0	1
2	2
33	2
27	812
1	690
6	1
0	25
17	257
2	882
0	854
80	1
0	1
1	543
54	543
0	133
72	123
1	0
3	8
23	13
0	8
9	13
0	3
0	1
0	187
727	349
10	226
1	197
33	649
0	0
16	649
11	0
34	83
3	0
27	1269
16	1283
88	1282
47	367
20	454
642	198
2	143
8	54
5	2
59	4
0	2
1271	757
3	744
8	19
18	0
20	62
1	13
257	1104
8	979
2	95
2	239
0	1756
232	1636
16	1753
0	453
0	485
26	87
8	344
1	15
3	52
6	0
3	6
0	7
5	0
19	1022
108	1997
2	1997
1	742
239	746
0	728
1	734
101	623
6	209
0	44
141	103
0	0
0	1
0	1
227	607
23	615
0	607
58	610
12	0
0	0
5	52
2	48
1	4
0	0
158	705
0	4
0	122
4	24
0	420
0	300
0	550
0	433
0	433
0	433
0	384
0	1
0	170
0	21
0	27
0	0
417	3213
0	2356
0	541
13	559
28	497
0	0
0	1
0	1
0	0
0	0
8	4346
93	3925
0	306
0	814
5	47
19	7
0	636
16	154
41	1
0	74
0	45
178	58
1	55
0	57
0	54
2	43
0	49
0	42
0	40
0	37
0	45
1	0
0	19
0	0
15	256
17	66
0	222
0	134
1	142
0	139
8	5
4	20
18	0
0	28
50	22
5	314
21	314
7	16
0	35
0	0
0	0
0	0
0	353
5	468
4	343
63	9
0	9
0	6
31	342
39	327
2	14
0	308
134	295
0	17
0	33
0	79
1	17
0	7
0	0
2	8
0	1
44	927
0	1876
5	928
0	375
2	928
0	10
46	2100
16	157
0	1873
249	0
2	16
7	16
82	90
0	92
0	92
5	63
0	37
1	11
0	3
156	150
0	145
0	19
0	1
0	2
5	1
0	4
27	625
0	1
8	60
11	67
0	625
94	720
21	705
3	27
0	73
6	41
248	8
11	8
233	3592
3	0
128	3102
0	1939
64	3592
56	23
6	22
6	35
0	83
0	3
1	2
0	0
0	0
247	1135
1	936
1	286
9	81
73	0
3	76
0	5
46	96
1	1
0	44
2	39
0	7
0	32
1	8
0	96
5	330
4	325
0	331
3	19
1	8
7	0
2	0
4	0
0	0
0	0
0	0
0	0
0	0
71	635
8	251
33	430
60	104
2	193
0	258
16	115
255	1126
4	546
0	865
0	847
0	10
24	171
0	0
15	24
0	25
0	8
0	8
0	9
0	4
1	2
0	1
0	0
0	15
1	15
0	2
0	20
0	0
1	16
1	212
4	212
3	110
2	17
59	146
29	146
350	0
1	1141
24	1062
0	873
3	146
0	110
1	90
1	76
21	113
11	11
0	1129
58	13
0	20
0	21
0	18
0	2
0	19
0	17
0	0
0	0
0	0
14	4
20	322
2	320
0	169
286	1
3	631
3	1239
5	1095
0	235
2	375
2	210
3	10
10	0
2	32
0	0
0	3
54	448
2	53
0	83
0	401
0	46
0	449
4	67
0	1
0	22
16	18
4060	49
0	47
49	651
1	633
4	556
1	20
47	0
84	132
0	47
0	48
0	108
0	4
107	524
0	23
20	110
0	524
2	42
0	85
3	1
0	9
0	16
0	16
0	7185
0	7564
2	7284
234	520
3	238
0	19
0	97
0	162
0	114
1	75
2	0
5	17
4	32
3	152
3	830
43	821
4	211
4	36
0	80
4	61
5	19
4	0
4	132
0	0
6408	482
5	425
1	0
1	53
0	0
0	0
0	0
0	0
0	0
0	0
0	0
0	90
1	1764
4	32
75	703
3	434
8	74
102	23
44	1
15	15
2	1764
122	3619
65	3612
3	370
9	442
4	211
4	211
0	259
0	0
0	0
13	230
0	259
423	60
0	38
1	0
0	22
0	0
0	0
4217	1146
2	239
13	525
0	353
37	6
1	453
0	511
13	0
1437	660
9	649
0	597
1	599
0	604
0	19
0	90
5	556
35	567
137	647
0	605
1	597
0	672
8	20
0	45
24	3
0	194
0	99
5	89
1	115
0	0
0	0
9	177
0	177
1202	835
15	835
1	0
0	6
2	5
45	874
31	874
0	21
0	21
0	2
0	19
1	3
0	1
0	0
0	0
64	10
0	0
0	10
428	62
0	6
0	27
0	28
423	1324
8	930
1	246
14	552
1	0
2	2
0	0
0	2
0	0
0	0
0	0
320	0
0	0
0	0
0	0
60	105
34	92
4	14
0	1
38	180
14	184
6	47
0	43
37	79
5	116
2	55
0	201
118	207
5	178
4	178
0	104
515	1166
186	417
44	478
195	1253
1	618
8	0
179	735
2	469
0	10
14	320
0	284
0	177
0	4
0	60
50	496
78	294
113	329
3	58
20	123
15	296
7	294
2	249
0	0
3	0
437	293
0	292
399	639
1	639
0	0
0	25
0	2
0	0
0	25
0	0
0	0
0	0
0	0
0	0
0	0
0	0
0	0
0	0
0	0
0	0
11952	3
33	9747
0	10078
2	9757
1	27
10	3372
2	616
0	595
5	422
21	231
0	10024
0	9933
1	173
21	6555
6	388
0	8440
0	6889
5	2512
0	0
0	0
0	0
0	0
0	1
0	2
4	2
130	0
0	0
0	0
0	0
0	0
0	0
0	0
0	0
125	35
1	2
9	0
2	34
21	1
39	192
6	163
0	8
0	47
4	0
2	71
0	0
0	26
41	430
1	21
0	87
2	432
0	67
0	0
2	0
5	40
23	454
0	39
0	344
1	0
0	358
12	118
42	1460
1	1481
40	1787
6	4
0	0
74	1647
10	9
0	41
4	122
19	136
1	18
3	3
0	7
2	6
0	18
0	18
0	96
0	18
0	4
4	928
0	897
23	803
11	292
0	176
0	165
1	23
0	24
0	29
0	0
0	0
64	403
144	403
2	403
11	740
7	482
1	465
44	317
6	71
1	1
1	7
0	766
22	11
0	11
1	3
0	3
0	1
0	3
0	0
0	1
0	3
0	0
0	0
1	0
0	0
53	453
19	453
0	0
0	0
0	0
0	0
33	1548
3	1393
11	1221
0	0
51	53
18	492
1	35
2	32
0	33
0	33
0	28
0	0
2	1
0	0
2	0
0	0
0	0
0	0
0	0
0	0
0	0
0	0
35	56
0	39
0	38
0	3
0	14
1	2
0	8
389	0
0	176
0	228
220	316
0	50
1	35
5	9
16	147
5	147
0	0
1	147
329	331
20	329
0	131
1192	131
5	461
10	449
1	40
9	26
5	4
2	1
10	63
1	458
0	63
2532	3
1	2
0	348
1566	503
6	120
1	152
664	1
0	78
0	485
0	97
0	12
0	0
0	39
0	0
2	35
0	34
0	23
1	34
1	1
1	0
10	0
0	485
0	488
0	478
44	1389
6	1056
97	720
10	1727
0	17
0	88
0	35
0	8
8	57
0	98
68	550
0	60
32	316
1	103
6	58
14	1047
0	2
0	914
0	1005
10	54
13	513
1	99
2	0
12	209
0	0
124	1145
1	992
0	133
0	25
3	2
117	604
42	3309
55	106
0	0
5	1301
66	3145
61	74
8	0
19	219
1	218
3	100
0	105
0	12
0	7
0	1
0	2
0	0
0	0
0	0
8298	7
2	3
0	0
0	0
194	305
3	0
3	364
1	128
0	0
1	35
0	650
0	1527
2	35
0	1268
0	580
5	166
4	432
4	13
0	250
2098	38
0	36
0	0
0	0
0	0
0	0
0	0
0	0
15	85
1	86
0	82
5	41
0	73
165	0
61	161
8	161
2	18
16	182
0	161
61	164
0	3
0	6
0	4
0	2
0	4
1636	1098
1	188
38	671
1	489
0	365
1	0
2	258
1	175
7	264
0	317
1	337
0	126
0	13
4	95
1	46
11	11
3	0
0	1643
1	138
0	10
0	1456
0	740
1	12
0	0
0	0
0	0
3637	645
16	117
3	208
142	40
0	111
19	44
6	168
62	54
0	196
302	164
0	37
29	3363
5	2937
1	956
0	2316
0	2063
7	1010
1	473
3	349
1	475
6	11
0	0
85	313
11	263
0	3
0	113
0	24
0	0
28	98
65	1923
296	810
65	1369
2	23
39	31
0	2
260	858
18	858
0	12
0	25
1	9
0	32
0	12
0	6
0	18
1	0
0	24
6	962
0	171
0	600
0	192
0	81
10	111
0	986
2	82
0	30
1	72
4	29
0	1566
86	1664
3	182
0	55
0	1662
23	510
0	621
0	1548
2	1483
0	610
0	658
0	601
0	39
0	1346
0	0
0	0
0	0
0	0
0	0
116	14
0	8
242	2206
120	2210
1	350
0	147
153	386
0	386
0	156
58	32
544	4478
9	50
0	3575
0	540
0	1379
3	811
1	1441
1	428
0	0
0	1377
60	23
10	0
0	46
239	236
0	0
5	2
2	13
71	217
3	226
1	141
2	0
0	2
183	64
277	0
0	0
70	68
0	68
16270	6085
14	2
2	5873
1180	567
0	82
0	0
1	425
1	87
4	57
0	0
0	1
1	0
15	0
2	88
0	1615
41	1629
4	471
2	737
62	38
0	356
11	293
0	50
1	35
0	2
22	0
5	55
1	8
0	3
1	3
87	208
0	34
7	58
10	2
3	4
0	137
0	0
33	337
80	337
29	11
1	11
0	48
4	16
11	3
0	80
0	31
0	21
0	3
0	15
0	11
0	4
0	2
0	2
0	3
0	0
0	0
0	0
4	13
443	92
0	77
0	8
1	7
2941	644
3	0
1	643
6	196
13	125
0	52
6	117
52	111
9	111
4	12
0	0
0	0
454	1585
40	16
4	54
25	72
0	2
0	0
0	0
0	0
417	374
0	313
0	51
6	82
3	87
0	0
0	15
0	0
0	1087
2	9686
44	2897
19	2833
0	9674
1231	870
0	464
1	534
0	55
33	183
0	183
0	1
0	0
18	498
603	515
10	324
37	226
0	29
72	1283
2	1292
0	494
8	117
0	29
1	0
3	6
2	222
0	0
75	36
0	36
0	1
0	1
0	0
24	0
0	0
0	0
0	0
0	0
18	2609
1	29
1795	2588
0	12
3751	233
1	230
52	134
1	23
10	7
0	29
0	78
4	32
2	82
23	0
0	0
0	75
0	275
3	3
0	21
2	25
0	32
0	62
3	16
11	804
1	503
0	503
17	767
1	2
1	4
2	3
0	1027
0	1026
0	1072
0	1056
2	1034
23	1005
57	1005
196	262
2	249
0	19
0	19
5	19
9	0
43	222
0	74
4	118
2	96
0	41
0	42
12	14
3	94
8	1611
44	1657
18	33
0	364
0	1644
10747	42340
1296	42230
351	4958
18	137
14	3144
8	374
0	23
116	2879
0	245
12	1
40	1420
55	1338
0	147
5	153
0	38
2	0
22	282
24	267
0	45
4	0
0	0
0	0
1	2
2264	0
0	663
0	267
2	134
0	576
61	881
29	880
0	29
0	23
2	43
13	40
0	17
35	211
0	158
0	16
4	13
11	0
0	678
19	919
24	517
8	39
1	4
0	959
0	0
0	0
475	0
1	13
0	1
0	0
0	13
0	4
0	4
0	4
69	13
116	67
9	0
0	13
0	67
0	98
1452	188
1	187
0	11
9	206
0	168
1	0
0	168
0	206
0	202
0	12
0	0
0	8
0	0
1	0
1	0
0	6
0	7
0	0
0	6
0	2
4	4
0	19
1	19
0	206
0	117
0	116
5	117
1	70
0	84
1	2
0	701
20	689
2	28
14	0
1	92
15	90
0	13
6	90
0	0
8	298
0	278
16	242
0	292
11	293
1	201
0	206
9	15
2	3
1	3
0	0
853	2855
37	2443
26	2436
9	1727
0	546
5	543
380	312
1	58
3	5
0	0
710	637
9	637
0	53
0	0
0	0
181	348
0	318
7	32
0	0
10	1548
13	1195
14	381
3	509
1	751
12	316
0	380
0	643
2	468
4	271
0	1381
2	3292
0	242
6	462
1	1836
0	0
31	564
0	2579
0	3280
368	398
0	372
0	338
0	1
0	22
0	4
0	3
0	10
0	10
0	0
6	344
24	339
63	33
5	275
0	0
1	0
0	0
0	0
18	238
30	544
2	345
0	26
0	90
0	3
15	25
14	13
18	1
24	0
0	10
7	409
22	408
70	102
3	81
0	756
3	1021
27	38
4	982
0	67
12	0
0	9
0	120
0	0
0	0
0	0
0	0
480	124
0	7
0	117
61	3194
14	41
28	96
34	358
0	3082
0	0
0	0
0	0
2	1
0	0
15	313
5	48
5	320
0	314
7	25
51	141
11	44
2584	1
43	39
0	21
0	24
0	1
0	28
0	28
0	28
0	28
0	0
0	0
0	0
0	0
78	1398
3	1111
80	1363
7	4
0	1
0	1
0	0
0	0
0	0
144	49
21	38
0	46
2	3
0	0
0	0
0	0
0	0
0	0
0	0
0	1548
11	1724
7	1578
2	1383
38	1074
0	1158
8	0
0	0
0	0
11	141
0	243
0	223
1	6
1	224
1	8
0	20
0	0
0	0
0	0
0	0
0	0
3	0
237	0
9	553
32	590
6	565
5	554
2	565
5	7
5	111
8	0
0	41
4	70
5	69
0	69
1	0
997	1
109	166
0	3
0	163
3	20
0	5
3	15
0	6
5	917
0	796
0	1857
0	1693
0	1705
0	1660
5	1281
0	1491
0	1502
0	1464
0	1523
2	108
0	109
3	10
68	0
5	31
3	162
27	116
0	796
0	1891
22	46
0	3
0	8
4	68
0	30
0	17
0	20
166	3339
103	3337
72	289
11	68
3	64
5	0
19	527
287	719
0	371
9	53
2	106
4	184
10	53
2	3
0	53
0	54
193	2269
17	1897
35	886
0	164
0	61
1	138
0	122
0	0
0	28
0	0
0	81
0	1
0	2860
0	2283
0	1450
16	359
9	218
3	306
1	0
0	77
1	0
9	0
0	0
0	0
0	0
22	166
2	166
4	166
0	73
0	1
4	354
60	354
4	12
2	12
1	383
34	393
11	28
1	2
4	65
0	2
0	7
22	139
1	139
0	47
0	713
0	52
0	739
0	683
1	8
2	7
0	0
0	22
0	596
0	48
7	585
0	31
0	101
5	122
24	122
5	0
0	0
0	0
0	0
0	0
0	0
274	8
0	8
0	1458
35	1545
35	224
0	11
4	135
3	33
0	116
297	126
1	39
0	85
0	1
69	0
3	2
0	0
0	2
0	12
0	14
0	14
0	4
0	0
0	1
0	2
0	12
0	0
0	0
0	0
0	0
0	0
0	0
1	0
0	0
0	1820
0	1824
0	1658
0	907
0	1751
0	127
0	93
19	0
0	170
0	1691
106	859
6	860
11	910
75	189
2	230
2	209
1	198
34	166
0	0
0	4
1008	186
43	50
0	157
5	8
0	13
18	22
0	0
0	0
237	2990
11	1070
4	630
0	718
18	2729
0	55
0	979
6	0
222	337
7	126
0	5
40	10
0	10
0	0
37	945
6	525
0	31
7	40
0	431
0	4
0	43
0	1
0	2
2	2
2960	111
2	46
0	65
0	0
0	0
0	0
0	0
0	0
0	0
0	0
0	0
0	0
609	212
0	7
937	79
6	79
1003	190
0	49
0	377
64	32
0	22
7	10
35	14
0	0
0	0
0	0
0	0
2	0
0	0
259	15
0	0
0	11
0	6
140	142
0	32
3	59
31	110
17	33
11	28
0	61
2	0
49	18
0	18
3093	4909
0	4970
17	1292
95	1012
2	574
8	95
0	92
2	9
0	0
0	0
0	0
0	0
4	34
5	62
1	19
2	0
0	11
0	0
0	0
0	0
193	1576
0	1335
71	1034
0	471
3	215
0	0
0	0
0	0
116	216
2	89
25	215
696	370
6	370
293	0
0	38
0	38
0	37
8	78
73	101
1	25
168	0
9	145
19	167
1	203
0	18
2	0
4	24
0	1
0	1
0	1
0	0
2120	8647
41	376
0	1404
19	7918
0	10
45	265
6	468
202	631
12	117
2	54
0	79
15	66
71	39
7	29
0	0
0	0
0	0
0	0
16	0
900	537
1	163
0	511
468	381
1	0
0	12
3	381
0	36
0	38
0	490
0	394
0	387
0	492
2	468
0	389
0	108
0	402
0	362
1249	133
1	89
2	20
1	0
0	111
26	9
0	9
0	8
0	8
0	1
1194	30
0	0
0	0
0	0
3710	7
0	561
1	535
0	395
0	153
17	194
14	1
0	81
1720	2
0	0
22	42
0	42
0	42
1	42
642	101
0	90
37	11
1	0
0	0
46	774
25	770
5	662
156	10
2	880
46	878
13	878
7	858
1	132
1448	548
6	416
303	0
26	904
18	251
16	155
5	1
1	0
39	0
0	0
0	13
8	13
228	192
0	152
3	11
0	59
0	0
248	339
11	347
44	898
6	898
17	162
0	161
1	23
2	4
0	0
0	0
0	0
0	0
0	0
0	0
0	0
0	0
0	0
0	0
0	0
0	0
0	0
8	290
5	0
0	69
0	13
2	16
1	0
0	237
0	0
0	5299
16	2065
10	3994
0	527
4	29
15	75
0	80
0	57
20	550
0	1588
44	63
0	0
14	128
3	0
0	545
1	166
6	14
0	5364
3	283
4	1161
85	513
84	449
47	1199
3	4
40	974
9	36
26	1199
218	622
2	100
3	174
18	90
3	14
6	284
0	183
1	0
1	29
0	18
675	2809
0	798
0	1855
0	33
1	2142
7	1720
12	288
0	98
19	89
26	15
6	15
16	888
0	893
0	0
0	0
0	0
184	304
16	276
7	91
4	113
1	32
0	5
0	0
0	0
0	0
0	0
0	0
0	0
0	0
0	0
0	0
0	0
2017	107
0	2
4	104
2	55
0	233
0	233
4	84
1	106
4	41
1	61
1	242
10	189
69	120
0	226
0	0
0	2
0	2
0	1
0	0
95	320
6	319
1	0
4	9
2	7
9	48
11	40
7	39
2	40
220	76
0	51
0	25
0	12
589	0
0	13
0	3
0	9
2	13
6455	5
7182	9
36	6
90	5
327	0
0	0
0	0
0	0
0	0
0	0
0	0
40	0
148	0
0	0
0	0
0	0
0	0
0	0
0	0
0	0
0	0
0	0
14	0
4	1742
5	1589
8	1606
1	1634
13	1608
0	16
12	2
0	97
13	1
0	8
6	2710
0	2711
0	2711
0	27
0	26
0	20
0	4
1	2
1	4
16	21
1	68
0	25
0	85
0	0
0	0
518	165
1	165
5966	3549
20	1202
0	1755
2	7
0	1149
3	421
0	1081
1	0
0	0
0	0
0	0
3	6
0	6
2510	404
4	157
0	0
1	153
0	93
845	8
3	8
0	0
0	0
0	0
0	0
0	0
0	0
1	39
12	43
0	4
7	5928
0	2053
2	914
0	418
29	958
26	892
0	90
1	145
17	112
0	573
30	539
41	213
0	10
0	86
0	5889
21	479
32	77
1	301
9	401
23	0
47	51
228	166
0	70
0	3
0	4
0	0
1	68
0	68
0	106
0	2
0	0
57	6186
0	6401
24	6257
0	66
51	19
10	233
87	808
20	161
0	69
0	78
0	69
0	84
1	5
0	1
0	3
0	4
0	5
0	5
152	479
0	486
0	354
1	129
59	170
10	155
1	4
0	0
0	0
0	0
0	0
0	0
0	0
0	0
3	4
0	4
144	8
1	5
1	3
0	3
0	0
0	0
1939	919
1	184
69	33
37	736
24	374
3	21
0	355
0	30
2	122
0	42
0	0
1	124
0	22
0	19
0	0
50	60
0	0
1	60
0	3
0	0
110	140
12	105
4	1154
0	65
6	73
0	29
0	1
0	1
0	0
0	1
0	1
12	49
1	294
0	244
17	254
8	241
0	44
1	32
0	42
4	29
1	0
0	0
0	0
244	317
47	317
0	0
0	0
0	0
0	0
0	0
1	193
5	1246
16	1
2	123
0	110
0	1253
0	1241
13	345
4	345
101	1664
2	716
6	532
13	17
5	5
0	52
10	979
57	703
1	701
28	141
1	6
8	9
2	37
0	14
4	16
4	368
0	1
0	0
0	543
0	548
0	0
0	0
0	0
0	2085
3	1826
0	2101
0	1913
0	2099
1	220
0	920
0	920
0	59
0	63
0	477
10	174
0	35
0	0
1	153
0	0
0	133
0	125
0	79
1	70
0	13
0	0
0	1913
3	43
2	43
0	1
0	0
0	0
81	59
14	17
6	0
2	21
25	289
0	81
5	120
0	41
0	36
0	35
0	32
19	0
0	283
0	280
0	145
0	0
0	0
0	0
0	0
0	0
0	0
0	57
4	15
0	0
11	157
8	152
163	153
0	128
315	1228
5	285
3	114
18	130
0	812
1	709
13	46
34	196
0	434
4	5
74	0
10	20
10	118
88	54
0	121
0	21
7	19
11	15
9	2842
0	343
0	1166
0	1778
0	1655
0	2682
0	1738
3	423
0	1513
0	2555
0	2712
0	1351
97	2698
3	131
0	1103
0	35
0	35
2	69
10	1186
5	8
1	115
0	1983
26	0
3	0
0	165
3	0
5	1245
0	2762
0	2657
0	2721
134	0
0	46
3	48
0	23
4	2
2	0
0	45
41	630
1	77
3	454
0	432
0	193
55	174
2	171
0	104
3	73
770	90
0	0
0	0
2	90
989	54
1	51
2	1
14	532
862	5717
0	25
13	208
34	5482
1	997
1546	1760
0	1760
1476	1309
0	222
0	221
0	0
0	92
48	1398
5	802
165	79
16	438
0	639
33	242
0	18
6	206
951	3480
0	3479
23	31
4	176
4	55
41	550
0	676
2	624
0	0
0	21
18	1
229	41
1	16
7	25
2	0
12	26
5	1153
0	89
1	1946
18	199
9	28
0	32
1	0
0	3
1	128
14	104
2	87
96	0
1	1
49	0
19	10
1	1961
0	88
0	72
2	41
0	54
0	6
0	81
3	80
0	9
0	1
0	9
0	44
2	14
1	6
0	0
0	147
1	81
0	22
1	75
11	73
0	9
2	7
0	4
0	75
1	145
2858	127
3	123
182	30
0	3
0	10
4	20
2202	589
2	589
79	0
5	2835
0	308
7	576
13	2629
9	330
0	0
4	0
210	153
77	52
17	12
0	2242
157	263
0	262
5	249
0	108
0	37
0	7
37	5
472	269
0	269
300	1150
0	1124
0	150
2	825
3	517
0	219
0	116
3	187
10	58
0	57
0	1093
0	0
0	0
0	0
392	798
0	798
76	0
135	316
3	191
1	130
1	152
0	0
0	0
0	0
0	145
0	0
0	0
0	0
3	512
18	523
0	318
3	266
0	448
0	0
0	5
5	380
0	383
0	257
0	216
0	249
0	286
0	416
0	176
0	163
0	0
0	242
0	227
4	1
5	117
0	20
1	12
0	35
2	68
0	6
0	35
0	302
0	231
50	41
0	6
9	35
1	3
5	3
0	12
0	86
11	100
0	62
0	21
0	21
0	1
0	1
453	1383
0	870
0	237
1	149
0	207
6	478
1	3
0	153
31	81
4	277
44	8
0	2
0	2
5	0
0	2
0	2
0	0
20	781
2	765
0	811
21	87
0	108
0	55
0	36
0	84
52	47
0	42
1	82
0	58
10	98
1	94
0	6
0	17
348	593
621	664
0	470
0	449
52	190
32	135
9	500
1	6
0	92
6	465
0	1
507	0
0	0
0	0
521	7196
9	665
907	7191
20	7161
23	7159
15	170
2	0
0	0
0	145
0	1
0	1
0	36
5	36
2	154
0	0
1	0
1	54
0	33
0	42
0	20
0	51
6	3
0	1
0	92
0	22
0	1
0	19
0	1319
6	1346
30	75
3	122
0	14
1	160
9	125
0	22
1011	2108
0	570
1	489
0	1301
0	730
0	172
1	253
0	189
0	45
0	395
2329	1061
3	649
345	11072
0	9619
4	647
0	0
0	0
103	2138
56	1952
5	1888
13	30
9	443
0	604
0	0
0	96
98	488
0	486
14	83
3	15
42	0
0	196
61	196
5	0
9	17
428	412
0	410
1	6
0	23
0	22
0	8
0	0
0	0
0	0
0	0
0	0
0	0
0	23
97	0
133	6
0	2
0	1
1	4
0	18
45	147
0	31
0	185
126	7
0	0
299	224
0	0
0	0
0	0
0	1437
50	1438
0	948
0	537
0	278
0	242
0	1
5	0
0	0
0	198
0	201
0	184
27	160
3	138
2	12
79	91
0	1760
0	21
4	160
15	1715
2	1735
1	0
2028	269
1	62
1	210
0	6
1	9
4	9
41	0
1156	206
4	38
0	88
0	110
0	62
2	73
10	617
0	617
0	36
34	871
3	30
19	344
18	860
0	14
71	871
335	1971
0	1042
1	822
0	928
0	495
0	358
0	15
0	128
0	808
1	125
0	125
0	101
0	71
0	59
3	7
0	8
0	0
0	0
0	692
0	626
33	669
16	180
1	612
2	756
0	203
0	0
210	447
8	295
0	294
0	48
0	74
0	0
0	0
101	153
0	153
2	128
0	0
11	124
0	94
0	97
0	0
1	183
372	268
8	135
0	8
0	0
424	435
0	192
0	378
4	59
9	0
5	4
1	39
0	55
0	12
0	12
2	121
0	94
1	0
2	4
17388	9621
28	9612
0	3233
1	689
22	203
0	0
0	0
366	62
2	61
4	1
1	2
1342	31
1	27
4	6
27	2
7	3
0	0
0	0
0	0
6515	7
2	119
0	2
1	125
0	4
2	8
10	6
0	31
0	0
0	20
3	113
60	124
0	25
0	8
14	24
7	24
0	0
0	0
0	0
0	0
0	0
0	0
0	0
0	0
0	4
6	4
104	355
4	355
0	0
0	0
6	4
54	16
0	3
0	13
0	0
0	0
0	0
0	153
0	151
1	19
0	2
0	2
7	704
0	2
2	40
0	707
6	111
20	101
0	16
32	0
0	682
8	1073
1	818
36	1233
0	167
3	58
23	360
3	854
12	334
0	164
0	197
2	182
0	114
8	56
0	114
4	2658
0	2166
11	875
0	1367
1	895
1	648
1	180
0	27
2	3
0	188
0	0
0	0
0	0
0	0
0	0
0	0
644	42
5	1
0	40
4	8
0	2
0	0
0	0
0	0
1	0
70	29
0	29
3	28
1	28
321	3456
0	8
0	3238
11	2620
11	482
0	1552
8	374
248	3026
0	276
38	1948
0	2038
11	2130
4	595
0	24
2	574
0	120
5	283
0	153
0	139
0	120
0	121
1	65
6	3
11	0
0	0
0	0
0	0
0	0
0	0
0	0
490	2016
102	1909
0	271
5	358
4	136
3	183
0	304
0	201
0	4
0	189
100	40
1	0
0	10
0	0
2	0
0	30
0	185
9	29
0	26
0	181
6050	1871
4	1866
3	0
590	5280
21	5384
66	180
1	13
5	0
962	133
3	8
0	3
4	107
4	52
5	26
1246	639
43	170
5	480
0	1
0	28
0	28
2383	1
0	100
0	86
0	37
13	7
0	0
0	17
0	146
0	12
7	19
131	1046
4	23
70	190
107	1032
0	170
45	0
33	86
1	23
5	276
3	234
11	82
0	216
0	1
0	78
4	272
300	116
0	0
0	26
0	57
0	1
0	1
0	1
0	1
0	1
0	1
0	1
0	1
3	0
0	0
0	0
276	554
0	20
18	2867
2752	449
58	444
1	1
0	0
0	0
3813	426
8	450
48	189
0	0
0	1
0	1
32	3
0	3
0	0
0	0
0	0
0	0
0	0
1	0
0	0
16	0
1587	3
12	144
899	262
0	55
2	95
0	216
5	1
0	1
0	0
0	1
23	323
0	277
10	26
0	2
0	70
2	10
0	56
3	56
0	37
0	8
0	2
1	1
0	1
52	129
0	26
0	46
0	61
1	22
73	120
47	120
1	33
2	3020
2	3103
0	883
1	124
0	876
1	51
2	83
36	2462
36	1157
2	432
11	30
130	924
64	0
1	101
0	28
0	393
5	227
0	145
48	61
0	2887
0	0
74	214
2	214
3	20
0	20
0	1
0	1
0	0
0	0
0	0
0	0
1108	99
1	27
11	72
5	6
0	0
0	0
3	5
1	5
5	3
0	78
0	1
0	0
0	0
0	0
57	306
15361	316
0	8
0	8
22	553
0	553
15	553
0	346
1	346
5	344
6	124
48	190
0	156
0	20
0	0
116	170
21	170
0	0
0	0
0	0
718	779
0	261
8	113
0	180
3	0
14	129
4	19
0	19
5	107
12	270
2	20
40	116
65	0
0	61
11	365
0	17
1	12
0	5096
742	3695
0	9050
1	279
0	7714
65	1752
0	9074
112	2238
6	156
0	116
0	44
0	2195
15	115
4	111
0	59
0	33
0	0
0	0
0	0
0	12
0	12
25	142
51	3509
0	322
144	3491
5	118
1	362
2	135
85	2
6	69
3	150
190	947
12	947
1	1
3791	170
1	167
0	0
0	0
296	451
574	483
63	69
68	38
55	38
0	26
711	655
17	655
140	146
0	146
1	0
10	0
8	305
1	296
6	291
11	10
591	672
0	352
0	317
0	0
0	3
206	2667
0	2390
0	939
5	1285
0	0
0	0
18	2013
20	1945
17	1959
113	331
1	331
0	1
4	145
1	0
34	1271
0	142
0	0
0	118
0	1216
0	111
5	93
1	16
0	138
8	21
25	215
0	49
78	925
0	681
13	11
8	256
5	89
3	208
1	33
2556	696
3	0
2	99
33	53
10	385
17	250
0	16
7	412
0	2276
34	1339
1131	2391
1	918
1	0
0	662
0	0
0	0
0	0
0	0
0	0
0	0
0	0
1	0
0	0
54	60
4	55
1	29
517	62
1	22
1	10
3	36
10	890
33	927
26	698
1	223
1	106
1	307
202	468
11	45
0	150
2	71
30	128
4	80
2	76
8	30
7	0
0	0
829	0
0	0
0	0
0	6728
744	6743
4	807
3	1376
1	1173
0	661
3	183
0	829
0	1778
93	55
0	55
1168	225
15	633
19	614
1	2
7	21
0	1
0	3
0	3
0	0
0	0
0	0
0	0
137	107
19	106
11	2
2	11
205	102
0	0
0	0
12	102
124	164
0	143
13	134
628	0
1	0
0	173
1251	4136
37	4061
79	4095
1	2039
9	3718
3	1286
45	45
5	18
5	21
0	38
659	27
5	27
1	64
392	279
2	1
0	36
1	45
0	238
5	40
7	72
5	72
134	1407
31	522
0	107
0	1000
0	266
7	7
0	144
1	25
0	0
0	0
4	199
7	200
0	63
5	74
0	20
0	94
1	97
0	30
0	16
10	1246
683	1251
0	1216
0	986
0	942
0	207
459	32
229	0
7	45
1	45
129	374
1	255
0	184
5	183
0	35
0	28
15	75
0	0
317	101
10	100
31	877
2358	879
0	0
0	3
0	3
1	1
3	101
1	101
0	0
0	0
0	0
396	2404
17	2573
22	2365
0	154
0	15
21	34
31	9
0	1164
1	1334
0	1288
0	824
34	1154
122	972
8	41
17	483
0	188
0	165
1	182
8	92
0	9
2	0
9	48
31	0
0	28
0	1157
0	0
0	0
880	3
6	1
0	1
0	1
0	1
0	0
0	0
0	0
0	1
0	1
0	1
0	1
729	1774
0	240
20	34
0	0
4	1234
0	4
0	51
30	0
1856	69
7	16
6	52
2293	667
13	309
1	222
1	147
1	83
6	47
11	0
8	197
1	33
0	100
2	70
4	272
2	83
11	20
5	8
2	74
8	101
0	1016
3	1016
0	27
884	1020
1	741
26	381
2	918
1	271
0	186
0	311
0	754
0	47
1	25
0	113
16	36
6	2
474	1062
2	511
9	79
1	0
6	14
4130	23288
18	24150
480	23097
2	6435
184	6514
3514	25599
1	6041
11	116
79	3419
1	2176
1	14973
189	1167
32	8950
120	8544
35	3
227	1890
0	0
0	0
13	148
579	459
1	311
94	2663
0	80
4	238
0	0
9	40
3	3
3	2431
5	2442
4	496
3	72
0	963
4	292
10	321
0	2487
4	844
20	736
0	566
0	163
0	0
2	129
0	0
588	38
19	38
8	440
0	166
78	499
0	440
0	111
1	30
64	19
0	207
2	0
0	6163
16	6590
23	1863
0	4388
0	2618
42	1164
0	2219
2	3011
0	346
0	2890
0	1408
20	3242
0	402
0	63
0	175
0	2479
0	207
36	96
24	296
0	1421
29	300
0	155
12	43
6	811
1	816
2	704
0	0
0	0
0	4
0	4
9	1535
78	1943
30	1726
0	477
3	551
1	395
1	95
0	235
5	63
0	0
0	0
0	0
0	119
1	106
0	60
0	3
1	3
18	96
2	35
107	109
3	32
833	647
1	336
0	356
1	131
4	18
17	145
28	177
6	38
9	46
1	0
1	89
0	1
0	1
5	45
120	0
25	111
0	1
0	21
13	105
0	18
0	2310
70	2579
0	0
37	647
0	20
7	18
0	1036
5	2430
0	3
0	3
0	2
0	0
683	7
11	3
3	4
241	31
14	31
1087	638
0	203
0	226
30	366
16	17
1	0
0	0
20	983
97	1011
276	792
39	479
26	79
26	76
0	230
1	242
0	328
0	76
0	38
0	0
0	39
0	38
0	47
25	8
1	6
0	7
1	53
9	53
3	2291
202	2637
3	909
0	499
0	25
0	16
1	6
0	12
16	20
3	7
0	12
0	1
0	25
0	0
0	0
0	0
0	0
7	360
0	291
6	355
2	12
7	112
9	688
1	635
0	129
9	15
3	112
0	61
2	141
38	128
2	153
2	57
1	11
67	280
435	287
9	59
1	5
8	0
0	0
0	0
0	357
2	198
36	0
0	62
1	210
2	198
23	278
0	122
0	417
9	273
21	329
13	350
9	333
3	296
147	471
0	46
0	0
2	3
84	137
0	17
0	0
0	0
0	0
0	0
0	0
0	0
28	0
0	64
0	60
7	63
0	65
0	58
1	47
2	48
0	48
0	0
3	4
0	2
0	51
0	0
0	0
0	0
0	0
2	2
0	2
981	156
3	129
0	0
0	27
45	1100
2	1055
0	559
6	105
0	620
1	114
1	1
4	12
94	24492
738	24959
13	1405
662	2490
2	1209
0	12
154	321
2	1
8	320
0	15
138	494
585	494
0	150
5	171
0	74
1	19
0	20
0	1
4	0
8	0
518	0
1	0
669	555
73	453
9	8
0	102
0	116
13	60
0	8
0	73
0	13
0	7
0	0
0	0
599	0
0	0
0	0
0	0
0	0
0	0
368	0
0	0
56	65
4	13
0	30
128	768
954	910
37	765
2	194
46	2
0	84
24	1
4	56
2	0
0	0
0	0
0	0
1	96
10	100
0	12
1	1133
79	2067
0	2070
7	669
25	899
12	12
13	10
0	25
3	2019
1231	350
5	349
0	30
23	33
8	17
11	8
7	3
3	3280
1	70
26	3589
5	766
0	2384
0	2571
0	1019
0	2455
2	397
0	1255
20	3364
1	2356
0	2849
0	327
53	2586
35	1266
14	432
17	506
5	284
0	0
60	2286
0	806
0	512
2	471
46	506
3	279
2	89
6	46
0	2326
2	25
0	28
27	65
0	49
7	62
1	9
84	1181
0	3
0	3
0	2
474	0
0	630
0	1529
0	1748
67	1761
0	29
52	403
58	58
0	403
3	185
60	185
0	24
0	22
2	0
4	634
2	545
1	214
1	227
3	408
2	35
0	134
1	374
19	386
0	165
21	170
5	64
0	634
31	217
3	446
247	879
0	89
3	31
0	4
54	19
7	415
6	28
0	0
0	0
0	0
0	0
0	0
0	0
0	0
1	0
33	1
69	1
70	20
0	19
0	238
1	217
183	315
2	0
0	30
1	23
0	254
1	61
0	66
334	134
4	134
6	4467
0	4326
0	2915
0	3868
8	4414
0	3555
1	3947
76	75
6	0
0	331
0	294
0	222
6	228
0	2895
1	57
0	9
26	136
1095	3988
152	3987
6	279
3	34
1	128
0	3
3	33
0	127
0	0
0	0
0	0
1689	3645
9	3651
4	873
3	24
19	114
9	115
0	29
1	6
1	0
0	4
0	884
532	1246
1	1245
0	356
1	5
299	350
2	380
28	47
0	381
0	0
0	0
0	0
0	484
5	524
13	452
0	177
26	51
2	192
0	216
0	2
1	14
0	33
0	33
0	9
1	347
17	325
5	293
18	295
0	313
0	303
0	28
0	247
8	107
7	65
8	2
1	3
0	32
1	1
10	35
0	41
72	85
0	47
2	38
1049	755
2	46
0	3
0	0
143	0
0	1106
12	1023
0	400
0	364
0	43
36	38
6	19
5	14
0	807
325	29
3	6
0	23
1	3
1	1
2	0
0	0
0	1
2	479
5	17
4	393
1	13
6	17
11	343
0	42
33	12
0	207
0	261
0	349
125	577
324	1190
3	411
30	180
24	146
0	155
0	47
46	153
0	83
20	55
58	0
2039	160
0	160
10	323
102	1055
34	383
635	901
6	651
694	671
0	71
7	291
34	101
0	353
3	85
6	82
3	117
0	41
0	227
759	24
0	0
0	0
29	0
0	0
731	118
3	5
1	56
4	59
1224	40
16	37
10	39
40	1
1165	21
5	3
3	18
7	122
5	122
11	75
1516	453
0	151
0	1
0	79
4	41
391	256
0	0
2	800
192	1152
6	77
0	977
8	16
4	0
11	912
1	80
8	321
0	359
0	79
0	1
89	181
13	120
1	96
0	0
0	0
0	0
0	0
0	0
0	0
0	0
3	0
0	0
0	0
0	0
0	0
0	0
2	0
0	0
0	0
0	0
0	0
0	0
0	0
0	0
0	0
0	0
0	0
0	0
7	0
48	518
15	506
53	35
27	296
2	0
1	0
0	296
15	329
15	1525
1	511
29	904
2	40
0	1211
0	946
40	581
5	123
0	37
0	0
0	946
0	0
0	0
0	3104
10	2121
31	4451
1	102
120	4344
0	1970
0	2125
0	366
0	180
0	50
6	388
0	191
0	157
6	68
0	4355
0	4184
10150	4695
0	4691
11	1566
0	1486
12	147
0	41
11	1214
10	22
0	18
6	53
0	134
1	8
0	21
9	22
11	95
0	0
3	43
166	284
1	298
1	277
26	24
1	1
56	0
3144	3321
7	2917
0	1157
0	428
0	268
0	0
0	0
0	0
0	0
0	0
0	0
0	0
0	0
256	0
0	0
0	0
0	0
0	0
3	723
9	843
0	578
0	501
94	699
11	104
0	0
0	0
0	0
0	804
9	1001
0	118
0	389
0	756
3	814
163	261
1	21
0	1116
12	309
3	991
21	209
14	84
6	144
5	15
2	93
27	48
36	125
3	43
0	344
157	349
0	124
0	0
0	0
0	0
28	147
12	509
6	509
852	455
0	454
58	112
0	112
1	23
177	567
19	567
2	91
0	149
3	336
0	25
6	25
3	323
2	1
4	3492
12	4635
3	4096
0	3661
13	881
3	40
87	2144
1	463
0	237
0	225
5	1
0	0
0	0
366	1473
89	1470
0	1358
0	80
0	260
0	0
0	0
0	0
20	1721
0	13
2	36
0	12
0	0
1	1692
18	1671
12	144
65	4366
15	4050
7	0
4	1041
0	352
2	126
26	956
0	562
2826	1247
4	1246
0	161
1189	416
1	191
15	269
4	102
403	407
3	136
61	27
0	1
333	5664
42	6272
5	5850
1121	1141
39	7325
0	9488
0	9029
603	1394
0	621
32	8
3	1432
436	2505
0	7718
159	6976
2	498
7	14
0	6976
1915	17478
4	13792
202	15617
0	804
0	756
1	0
2470	1
0	0
0	0
0	0
116	1120
1353	1120
1	0
3	0
0	0
0	0
682	869
4	868
1657	0
0	0
11	0
1063	583
50	1
41	231
0	587
0	2
54	45
2	2
0	43
264	91
0	46
1	37
63	1
1	50
2	0
1	2
5	39
9	29
1	39
2	4
0	1
0	0
0	231
5	198
0	110
0	246
1335	1296
3	200
37	1227
1	6
23	731
28	0
643	4
8	3
4	1172
132	1173
95	1173
0	330
0	164
0	1450
16	588
32	588
10	819
73	1445
837	1700
0	125
3	55
0	358
18	1306
182	0
271	24
0	24
11	248
18	250
5	245
0	272
0	57
0	29
5	10
0	7
0	1
2	0
4	7
0	276
2	266
2050	1761
1	154
2	56
309	1874
1	46
0	112
17	172
125	187
1	27
0	159
1	25
2	0
5	23
12	6745
596	6745
28	381
1	81
0	9
0	0
16	942
3	88
57	849
0	0
0	86
3	8
9	21
4	66
0	479
39	2818
1	185
14	386
155	877
44	1849
6	1831
5	1423
23	57
0	368
1	40
166	1593
1	79
0	135
0	0
0	0
0	0
0	0
0	0
0	0
0	0
2	54
0	49
1	2
0	1
0	0
0	52
0	53
106	1297
6	1747
0	1063
13	512
1	135
9	1674
0	0
0	0
0	0
0	0
0	0
0	0
0	0
0	0
0	0
3	4
0	2
514	252
1	91
5	109
8	92
0	0
0	0
0	0
0	0
0	0
102	7069
0	15
1	4721
0	7283
24	7067
0	0
0	0
1124	2
247	1099
59	787
0	161
2	264
0	133
0	0
41	6
0	6
3	27
0	0
150	71
1	28
0	11
2	0
0	23
0	0
0	2
9	3
0	28
0	13
0	0
0	0
0	8
0	66
0	3
0	3
0	57
0	57
0	9
1	0
0	0
0	0
2422	1422
17	1422
46	0
893	152
0	152
0	0
1	64
343	421
1	357
0	0
0	0
0	0
0	0
1751	1558
432	1853
0	599
5	86
0	0
0	0
1	0
0	0
0	0
0	0
0	0
0	0
0	0
1	0
0	227
13	236
3	350
0	167
0	214
1	245
0	0
704	1082
0	922
0	17
0	0
0	2
1	16
1089	203
5	202
0	5
17	83
0	0
21	806
1	819
1	79
0	126
0	117
0	114
0	0
1	14
4	11
0	80
15	3
0	0
0	0
0	1
0	2
58	160
1	5
0	75
20	36
0	15
251	4739
1	1213
0	2054
51	26
9	155
0	1299
0	816
0	454
3	833
0	51
0	138
0	4733
0	4
0	3
0	3
0	3
32	448
120	583
1	6
2	99
2	9
1	3
0	135
8	227
11	122
2	268
8	215
4	18
3	43
0	25
1	106
10	74
23	173
96	297
0	569
52	556
5	590
1	77
3	0
0	0
0	0
967	222
2	87
0	42
574	2654
1	297
16	1149
28	2617
214	0
22	590
55	590
19	2
2	26
23	31
1	1105
77	1246
44	1043
3	97
0	962
7	22
6	219
0	61
9	135
1	17
0	16
0	52
0	0
236	34
1	34
0	127
2	0
0	127
0	127
0	127
0	0
14	10
0	2
0	14
0	25
0	127
913	1
2	63
5	9
0	7
6	1
0	65
5784	1717
10	470
0	438
0	124
0	1199
0	2
0	66
1	0
0	0
18	149
0	149
0	0
0	0
0	0
0	0
72	6
3	15
0	19
6	22
35	6
4	146
0	146
2	2
0	23
312	1
0	1
545	1131
0	1098
3	1053
1	309
0	219
0	137
0	0
0	2260
5	7140
1	5755
5	92
0	28
0	4616
0	728
0	2262
1	685
6	46
0	6404
1	1231
0	1338
7	1090
1	6404
835	0
392	5
16	1236
3	1257
2	1132
2	57
0	108
4	99
1	28
1	741
0	1243
1150	0
11	958
35	1034
0	35
0	78
10	2
0	2
0	2
0	0
6	597
196	791
0	612
0	1815
3	539
0	352
1	345
26	0
0	1815
0	15004
9	11709
35	4228
5	126
2	0
9	0
0	15004
21	1428
74	1079
0	170
1	1435
0	94
49	1404
1	29
14	62
8	23
1746	426
15	409
53	14
0	113
0	0
0	0
0	1
19	63
4	113
0	0
0	0
0	0
28	145
81	145
54	137
3	69
204	5236
23	5219
7	5235
81	4811
117	4207
18	276
1382	1411
0	133
4	177
34	29
0	2
0	1070
2	12
0	132
7	45
0	3
0	0
0	0
0	2
0	1
2187	23099
24	23071
2	482
4	3048
0	3418
0	2794
7	802
13	601
47	692
6	656
37	104
71	500
0	447
13	0
28	47
7	22
1	123
2	44
0	2
14	3
0	1
0	0
811	121
0	86
0	34
0	1272
0	1219
6	273
0	76
22	740
265	201
13	32
11	111
0	71
0	31
0	1
1	0
1	0
5	992
25	989
0	36
0	973
12	108
26	41
5	21
0	2
39	757
0	28
25	405
12	405
10	61
20680	6282
56	6259
2	4057
2	3648
8	2874
25	86
10	4645
6	4784
81	4787
115	3396
3	122
4	31
51	47
0	14
22	59
45	5
14	4
0	0
0	0
4	0
187	298
3	172
0	1
2	31
0	15
0	1
3	125
0	13
0	9
3	27
0	9
0	9
0	13
0	9
0	11
2	4
0	0
32	1262
59	1262
11	2298
20	0
9	518
3	276
0	2016
5	2158
0	42
0	168
0	95
0	93
0	6
0	0
5	6
2	1
0	1
3	89
3	56
18	89
0	42
14	42
61	154
1	76
1	28
0	76
20	0
3	1
0	0
0	0
0	0
13330	5
1746	2566
5	2565
0	358
7	392
48	619
4	72
0	0
0	0
270	944
2	414
2	572
26	474
0	33
2	0
0	975
11	8
8	972
0	211
0	971
0	56
0	49
8	5
0	56
122	2445
46	2250
46	1674
3	5
0	57
1	56
4	1874
0	405
2	1806
19	884
4	1875
0	0
0	0
0	0
0	0
19	42
60	1427
27	1477
0	1321
3	807
0	727
0	742
0	713
0	60
0	540
0	614
1	656
0	698
0	225
0	588
0	673
0	673
0	686
1	5
6	158
0	71
0	37
0	69
6	416
0	53
2	51
4	5
0	36
0	29
1	72
0	65
0	41
16	67
0	35
0	15
0	628
0	0
0	0
0	0
0	0
1	77
2	1585
20	771
1	684
0	527
0	454
14	312
0	976
0	1080
0	60
25	239
0	1629
171	260
2	193
0	66
0	2
9	19
2	19
0	1
0	1
10	599
15	330
2	286
7	586
2	9
0	9
0	0
0	0
0	0
2768	4437
7	4070
2	1738
1	382
451	1132
0	1248
1	964
449	3106
45	1682
35	3106
0	278
14	554
4	6
12	279
80	426
4	295
0	0
0	0
0	0
1062	273
1	253
0	227
0	21
3107	3
0	0
0	0
14	732
179	880
4	1002
2	1308
0	2160
15	737
33	120
15	240
44	75
0	16
0	1967
26	14
1	14
770	838
0	776
0	121
3	378
17	463
1308	434
0	433
2	6
0	494
26	431
1	436
0	419
263	1451
1	1259
0	1063
5	148
3	685
0	685
1	116
3	128
1579	308
4	103
8	207
6	73
0	0
127	81
1	18
81	1238
1	363
85	779
4	1171
1	142
0	14
28	0
0	7
7	4
4	53
2	3
22	175
0	175
0	11
0	1
0	4
0	26
4	0
129	16
229	989
47	710
39	98
1	612
138	612
1	177
0	0
0	0
0	0
0	0
0	1
0	1
6	621
8	791
8	772
4	600
22	70
0	265
0	0
20602	1441
29	715
3	709
1	0
0	590
40	181
1	360
0	429
0	446
0	138
0	121
0	701
0	93
7	49
0	45
0	703
32	498
0	509
59	859
572	795
1	181
0	8
1	242
0	301
401	727
0	1
3	524
27	207
4	15
1	42
0	5
0	1
1	132
1	182
80	4462
16	4464
7	2
1	574
0	56
0	107
0	44
0	0
8	0
0	0
0	0
0	0
0	0
0	0
994	2663
3	2579
0	84
72	296
277	314
5	14
24	178
2	217
44	91
0	57
0	49
0	0
0	42
0	21
0	31
0	53
0	57
186	264
7	53
0	30
3	1
13	21
1	243
0	12
0	108
5	302
4	567
0	717
1	199
41	389
57	381
0	19
1	30
0	116
0	261
10	140
57	13
360	3222
0	213
0	62
4	229
2	75
4	230
28	283
14	651
71	131
2079	478
51	550
9	94
0	3185
154	1509
9	550
29	846
7	185
0	249
4	67
24	122
0	36
0	204
2	52
6	286
2	128
0	146
0	10
2	98
1	62
2	28
1	0
0	2
0	2
0	0
0	0
555	3400
2	1367
111	3369
110	5048
260	5025
4	44
7	2379
6	275
5	266
4	441
0	4177
31	4253
3	1906
0	2803
148	2820
0	2979
0	3195
31	844
13	498
1	292
6	20
0	17
0	18
0	16
0	2
1	0
0	0
0	0
0	5
0	8
0	7
0	1
0	5
0	5
0	0
0	8
43	1566
0	819
0	774
2	5
24	23
7	12
6	0
0	3
7	1
0	1592
2630	1081
1	522
12	715
1	580
32	144
5	146
0	146
0	146
1	46
406	1718
23	1298
1	1425
0	293
20	48
21	83
146	99
4	18
0	6
18	17
1	0
13	4226
0	4102
6	1775
6	1029
0	0
3	913
2	17
2	656
7	508
0	279
0	0
0	150
0	51
4	0
0	0
0	151
6	204
17	256
4	261
7	45
0	29
0	95
4	97
2	139
378	153
35	30
106	164
0	9
8	8
17	1
4	289
88	1512
2	1313
65	138
26	9
104	68
1	66
65	0
5	11
0	4
0	2
0	1
1	1
0	11
0	0
666	0
143	567
0	20
0	373
5	168
2	73
1	8
0	0
0	0
0	0
758	204
11	168
69	157
5	20
0	2
1	20
0	0
2952	920
0	642
4	497
0	450
0	100
12	159
0	0
0	1341
0	290
15	19
0	19
0	0
0	0
0	0
1	61
17	4
0	4
31	1903
0	72
13	1615
11	281
31	4
0	137
21	109
0	189
0	115
0	6
2	680
0	193
227	46
0	75
3	14
0	29
0	180
0	0
178	303
7	40
3	3
9	262
2	0
0	0
0	0
0	0
0	0
0	0
0	0
1	625
6	779
0	774
0	663
0	27
0	154
360	104
26	113
0	113
0	0
2	22
0	487
0	7366
10	193
3	7905
0	8121
0	7381
0	175
3	832
17	1137
78	1
11	5831
0	7957
0	0
0	0
0	6
0	0
26	629
59	731
2	47
16	654
261	3529
0	2419
19	554
62	2560
0	2503
7	37
15	15
9	15
3782	922
14	183
0	923
0	534
19	17
19	698
2	381
0	56
0	698
2	2
0	0
0	3
0	0
0	3
0	0
0	0
0	0
0	0
0	4
0	4
1	3
0	1
0	0
1628	6113
3	3655
125	5909
0	803
5	0
5	6447
2	6117
0	5942
16	6447
39	401
0	16
662	402
0	54
0	15
4	131
0	212
0	0
0	22
9	169
0	206
0	189
1168	87
6	65
0	3006
0	2250
7	159
638	265
45	148
11	122
10	1
32	16
3	525
1505	539
0	102
2	0
135	0
0	0
0	2
0	60
0	5
1	2
1	57
1	0
109	860
1	183
9	579
2	463
1	0
38	38
4	0
2	0
0	0
0	0
0	0
0	0
1410	78
0	78
0	603
60	72
0	42
0	2
0	86
468	0
0	430
1	422
2	422
2	444
5	76
1	36
11	61
3	19
0	25
47	104
0	22
0	8
0	4034
1	4165
8	990
0	4239
133	3870
15	3431
0	806
11	34
0	0
0	0
0	0
0	0
0	0
0	0
0	0
0	2981
0	369
1	5
1	27
0	0
0	0
2	134
6	69
3231	412
0	196
0	190
5	350
94	0
1001	162
13	162
5	0
0	21
0	20
8	20
0	27
0	29
0	25
0	23
0	23
0	301
1	301
2303	270
903	13
17	6
8	6
501	113
41	22
15	51
6	49
0	44
0	3
1	39
7	0
0	1205
6	1051
0	1439
18	1504
3	1308
0	1082
0	4
0	148
26	4
1	16
27	28
2	50
9	3
3	52
7	46
0	2
0	0
1552	846
3	762
0	62
2	40
0	0
0	0
290	6799
301	6799
41	83
24	83
180	960
0	697
2	882
1	91
35	1
0	0
307	2766
0	129
3	995
3	490
1	13
0	156
58	2704
4	0
15	232
49	1
4	4
12	109
0	85
0	11
0	108
2	8
48	8
0	0
324	138
10	138
135	6278
188	6108
4	5495
52	0
139	2450
0	6
33	7
7	6
0	0
79	429
0	63
0	7
0	34
0	334
180	146
5	102
5	40
0	6
11	0
0	0
0	0
0	0
7903	8
17	110
0	92
0	32
1	110
2	47
0	101
0	1
0	1
0	1
0	1
0	1
0	0
0	0
26	161
1	118
0	17
8	89
219	724
29	460
3	87
21	268
7	388
11	28
35	0
2	0
0	196
1	266
13	352
8	3875
7	3340
0	1749
0	1195
4	293
0	848
0	801
0	2135
18	3364
1	1150
1	1135
18	130
0	2242
0	2185
0	674
127	1004
0	0
0	0
20	1
46	454
37	698
21	476
14	29
5	399
18	27
30	478
0	174
4	63
0	26
0	2
9	405
6	36
5	52
5	31
8	110
0	135
0	55
0	90
0	2
1	4
132	0
197	1517
0	1021
0	44
0	44
0	43
0	46
0	735
0	82
924	1
1768	589
13	568
7	97
3	7
26	20
117	4326
416	4326
2	90
0	46
14	27
93	2138
60	2508
71	2328
329	3526
1	2298
0	3864
18	909
2	1923
33	932
1	61
33	8
0	4
0	4
1	0
6	187
0	6
34	179
1	1
0	179
30	30
0	164
0	6230
383	6329
0	2091
0	1890
11	0
5	23
2	23
8	3468
218	3526
1	60
0	916
0	1058
0	1405
35	261
0	434
8	7
0	251
13	84
0	1013
0	21
0	328
0	33
0	62
14	1
0	86
17	9
0	71
6	28
0	301
0	446
0	1395
22	0
270	5
0	5
164	502
0	459
0	12
0	43
249	5
0	4
2	487
35	544
45	425
74	611
0	128
1	0
0	158
83	150
0	62
11	23
0	0
606	129
0	129
625	537
0	5
9	532
0	94
2979	490
30	488
3	3
43	357
4	314
10	316
12	1227
58	2
45	489
2	256
4	195
1	195
6	197
18	193
44	194
1	84
1	4
0	1
63	348
4	347
618	0
364	2241
1	257
0	260
0	250
0	28
0	252
0	249
0	6
0	0
33	120
24	182
68	248
13	138
0	30
3	98
0	0
16	257
10	211
0	257
2	7
0	11
0	3
7	4
1	0
20	55
0	257
196	780
17	780
1	0
9	309
0	158
7	1
0	0
0	0
0	1
0	1
59	577
27	586
10	23
6	69
0	89
0	0
7	3
0	46
2	44
0	0
0	102
0	48
3	52
0	52
0	53
0	0
0	0
1	0
2	106
3	43
1	16
0	0
0	33
3	5
0	0
0	96
15	391
0	21
0	394
1	22
0	191
0	17
0	254
0	288
0	177
1	157
0	1
0	166
1	1
0	25
5	64
0	147
0	187
0	166
0	161
0	175
39	924
1	44
24	1142
0	46
0	1024
1196	1070
2	1001
4	109
0	0
0	0
0	0
0	0
594	0
153	0
162	102
2	102
12	233
1	222
0	2
0	7
0	1
6	24
0	25
8	11
81	23272
0	4999
0	391
0	9451
27	6595
28	3129
43	3205
8	83
0	21436
1082	1230
10	1052
4	832
8	390
36954	6886
65	6871
34	707
0	707
1	707
1	697
0	704
0	247
9	307
0	634
0	73
0	2
0	0
0	1
4	0
24	1625
0	19
0	42
11	98
1142	1634
0	76
13	1360
0	52
4	6
30	1478
0	1313
34	1536
17	780
52	84
1	27
24	57
0	0
0	0
5	20
1	0
31	63
3	63
39	927
2	487
28	673
0	860
0	62
1	26
0	66
0	5
0	95
32	343
2	410
0	24
0	58
2	73
0	121
17	111
1	6
4	107
0	8
0	0
0	8
0	8
0	0
0	8
3	6
594	0
0	13
0	24
11	492
4	90
19	7
0	0
0	0
133	5
0	5
19	0
0	0
0	0
0	0
0	1
0	5
0	5
0	1
0	1
6	32
8	32
766	384
5	54
0	0
75	243
0	382
1	0
0	0
0	1
0	1
0	0
0	0
0	1
0	0
0	1
0	0
0	0
492	161
0	126
1	159
7	94
55	200
0	184
0	152
1	5
13	43
12	0
12	13
56	272
0	19
7	274
1	27
2	7
20	29
8	53
0	3
0	10
0	14
32	15407
92	15952
228	7193
5	7063
5	4678
0	3335
0	15
0	15902
0	15417
0	1
2	3
2	1
0	2
29	376
0	369
3	302
0	25
1	48
0	15
2	648
90	665
0	675
30	677
0	917
0	1080
0	1004
0	916
0	974
26	1080
0	806
0	436
650	157
36	382
0	382
0	31
0	65
0	1057
0	1085
0	1062
0	0
0	0
0	18
37	18
6	24
0	16
0	28
0	18
1	3
0	0
180	345
77	345
2	903
15	853
0	439
14	90
0	40
13	0
0	0
0	0
0	0
1	0
0	0
0	12
0	409
1	7
2	355
13	389
2	4
10	25
1	15
0	0
1361	583
19	582
355	332
0	274
1	9
0	1
5	1
123	388
2	722
1	0
0	309
0	1144
0	1110
160	754
0	353
0	291
2	10
0	157
6	176
0	65
3	162
0	7
153	1595
0	0
9	1604
70	14
52	181
0	346
0	1620
615	1166
1	215
0	751
5	778
4	28
0	21
5	101
9	101
0	15
0	757
29	193
19	192
688	588
16	588
0	0
0	0
3	2
0	2
0	1089
1	1154
0	1115
1	916
0	838
0	729
0	1136
0	71
0	75
4	98
0	19
8	108
0	0
0	0
42	57
1	55
1	3
0	3
0	12
0	0
0	0
0	0
0	0
0	0
0	0
0	0
0	0
7	11
1	11
0	0
0	0
0	0
0	0
153	1628
0	1572
0	1518
4	56
16	48
18	165
28	346
1	80
3	63
11	0
4	59
4	49
0	25
73	335
0	84
0	83
20	37
0	197
0	129
8	128
133	129
450	4188
373	4188
12	222
24	300
0	0
32	352
15	203
4	6
0	586
57	588
38	584
4	314
0	289
0	26
51	4
1	5
25	51
1	49
0	10
3	9
1	21
0	3
28	105
1	105
0	1
0	2
3	2
0	1
0	0
16	18
6	14
0	14
2	0
2306	1234
44	265
3	4697
64	4660
5	3914
75	4816
0	2084
0	1711
21	858
0	8
0	626
0	612
0	0
0	0
0	0
0	0
885	853
43	646
0	0
0	230
1	23
0	0
1219	120
1	121
26	1
0	0
0	0
0	0
0	0
0	0
0	324
1	318
4	16
16	94
6	419
8	376
7	226
0	53
2	2
4	11
0	3
0	22
0	6
0	1
1	419
50	431
2	363
16	37
2	67
5	304
0	409
0	68
1	1
0	0
1	1262
0	650
1	208
0	78
1	19
0	520
34	522
3	530
0	195
93	202
0	50
0	36
0	7
0	0
6	32
279	4126
31	4035
9	451
7	22
6	1157
3	143
18	191
0	203
0	463
37	110
30	1
107	1261
0	749
0	95
49	1219
24	1254
27	1224
0	1241
1	0
0	19
2	21
0	1216
0	0
140	1850
15	1388
5	2252
0	1184
5	105
22	1261
0	1647
2474	10407
154	5640
0	496
0	544
42	8109
12	1560
1	0
15	1830
327	5683
1309	3939
78	3589
0	2
33	119
74	1
33	45
18	74
0	33
6	25
2	2
53	24
0	1
0	21
6	12
537	2268
60	0
0	283
0	359
1	198
0	190
1	215
0	56
0	7
0	26
3	20
1	50
4	2
0	2
0	815
23	610
15	627
1	293
3	292
0	461
0	69
0	7
0	7
0	771
1	362
0	320
15	322
128	696
5	39
4	16
0	1
4	666
6	73
0	1152
414	1147
8	11
23	447
0	967
12	26
0	34
5	770
0	745
0	895
0	940
5	902
0	845
0	1128
0	1122
0	442
8	44
4	0
6	787
32	787
0	19
20	228
6	265
10	210
4	26
5	128
1	60
16	58
1	49
22	0
0	15
0	15
0	6
0	5
0	6
0	1
0	0
0	364
0	0
0	14
112	1280
1	220
0	221
19	1187
0	0
0	50
0	0
0	0
0	0
0	0
0	0
0	0
0	0
0	0
0	0
0	0
0	0
0	0
6	1
0	1
0	0
2	15
436	73
0	26
0	43
391	91
16	83
1	47
0	33
48	0
0	0
0	0
188	0
16	0
452	1665
3	1424
0	145
0	18
0	48
1	60
3	14
0	7
0	7
1	18
0	3
5	156
8	2
2	31
0	60
24	68
0	49
1	54
0	127
0	127
1	15
0	59
0	0
2	120
338	698
22	146
6	8
0	15
0	5
0	6
0	6
0	4
0	0
677	0
676	43
1	43
3	432
8	409
0	287
0	29
1	80
11	111
16	164
1	123
7	46
2	129
0	23
0	84
8	9
4	17
0	19
2	19
0	10
1	5
0	421
6	0
0	0
0	0
70	704
15	698
2	704
2	0
1	5
0	5
0	0
0	0
3	0
0	65
1	175
0	95
0	136
0	123
0	70
0	0
0	0
0	0
22	543
15	633
13	410
0	65
181	1
9	606
1447	556
0	0
0	0
0	0
0	0
0	0
21	535
0	271
0	170
27	34
0	535
4	0
0	0
0	0
0	0
854	18390
25	17587
0	2767
2	3708
7	2527
1	10
0	33
1	31
1	20
0	0
63	1311
98	1490
0	678
0	387
0	195
0	638
0	535
2	459
0	767
0	858
3	1084
0	306
18	142
0	175
0	208
1	993
0	128
0	991
0	407
0	991
0	991
0	682
0	689
0	330
1	19
1	95
2	0
0	1
8	2
0	2
98	6986
122	2094
260	6425
11	5466
25	5231
9	334
3	1148
9	705
13	639
0	295
0	23
0	97
21	29
1	0
1	0
7969	9
0	9
0	0
2	0
7	1004
1	989
107	207
71	883
266	198
83	202
16	865
2	66
0	107
3	167
0	2
46	5
0	46
0	113
0	0
0	0
263	0
1	14
513	14
0	295
4	284
0	283
1	157
118	161
0	321
0	53
1	50
8	46
0	2953
75	3597
67	787
16	1130
0	1445
193	2588
0	2416
0	3114
0	2416
6	1800
0	2481
4	2936
3	2212
18	744
22	2320
36	113
9	223
0	919
0	1085
196	384
3	683
31	674
209	50
0	50
2	7
632	9
35	9
8	290
0	308
0	25
0	1
4	180
15	106
0	44
0	32
0	1
0	1
2590	697
0	515
73	366
4	114
11	12
101	91
2	18
15	88
0	9
5	65
0	15
0	0
0	5
1	5
0	0
0	1
0	0
0	0
0	0
751	0
2	462
0	629
0	916
31	41
45	370
35	527
5	34
0	18
5	30
1	1009
0	586
11	20
1	20
4	8
0	0
0	2
0	2
0	2
0	0
0	0
0	0
0	0
0	0
0	1
0	1
2	1610
135	1707
166	98
40	511
4	227
0	51
4	41
0	70
10	0
0	45
0	404
3	829
0	70
20	175
21	715
0	8
1	713
3	0
1	35
0	20
0	0
126	1
1	34
3	40
49	6
0	29
0	5
0	0
344	2
5	10
1	22
0	7
0	3
43	0
404	296
0	111
0	27
2	165
416	146
0	9
23	41
413	638
0	540
0	361
5	71
5	37
0	0
6	112
0	1334
0	40
0	131
0	1312
1	739
0	0
0	0
124	9
0	9
2	7
0	7
0	0
0	0
0	0
2	0
0	1444
30	1444
1	144
31	220
0	737
21	711
0	73
0	512
0	4
28	33
18	838
2	738
35	826
2	124
3	43
1	231
0	102
59	1621
54	47
1824	2471
2	2189
1	131
1	1311
0	0
0	0
2922	401
4	400
0	2
0	1
0	1
5	108
1	1
3	112
0	113
0	30
1	17
0	48
1	65
1	65
2	54
0	44
0	31
0	35
0	11
0	8
62	3766
2	1626
14	3704
37	2763
1	226
17	260
0	165
2	11
0	5
2	77
230	35
2	1553
0	1294
3	1379
0	1328
7	1026
0	688
1	450
2	320
11	59
12	25
4	20
1	16
0	795
0	0
0	40
45	70
0	70
0	74
0	0
3628	3
1	0
1	0
1	0
0	0
1	0
0	0
0	0
0	0
164	73
14	73
2	45
30	0
360	139
0	15
0	124
994	2532
5	529
0	214
34	531
2	555
400	50
0	49
56	1759
1249	1733
2	244
0	612
0	280
5	73
70	174
1187	2532
0	0
12	1
1	1
0	4428
280	4467
545	4514
0	4449
3	1097
61	86
25	151
8	0
18	437
86	11
0	11
247	792
9	767
259	575
0	574
1	56
2	14
0	47
0	44
0	43
0	3
0	10
0	0
0	2
0	13
0	12
1	3
0	0
0	6
2	13
16	760
0	718
7	715
0	32
0	38
4	86
0	3
33	127
0	88
0	317
1	1407
5	1426
4	60
6	78
5	13
36	14
8	1558
70	3
4	1524
0	0
1	133
6	72
0	27
0	256
1	13
13	0
4	1550
0	0
0	76
0	3
2	211
0	901
5	75
0	67
5	0
0	0
280	41
0	11
6	22
5	13
7	105
2	114
39	22
0	15
0	46
0	22
0	15
0	0
0	7
2	216
1446	2688
9	1695
243	2311
3	282
6	2695
23	66
33	100
4	1266
0	1316
24	1358
2	1208
9	1088
0	0
0	0
18	4944
0	5795
1	204
35	1169
0	4852
0	4398
49	431
1	502
0	1217
0	2947
91	356
1	104
63	1476
0	0
1	0
14	1658
8	926
12	5110
1	25
0	25
1	0
0	0
245	11
0	11
1	104
16	91
0	80
62	102
9	90
0	0
0	0
0	0
1	0
867	318
29	186
15	170
20	920
14	1037
0	1011
3	1027
0	577
0	577
1	5
0	64
0	2
0	29
0	0
1	225
1	33
0	14
1	7
0	23
0	25
49	17
0	0
0	13
0	15
2598	457
11	457
4	301
17	0
18	567
1	552
2	0
0	0
317	0
1264	588
0	588
0	500
10	285
1	0
0	201
1	117
0	97
57	9
0	7
0	2
0	2
0	4
0	2
0	2
0	2
161	113
0	100
45	15
19	65
7	65
192	788
6	687
0	460
0	221
28	273
8	8
0	36
19	56
0	261
1	259
4	184
0	26
0	55
0	15
0	0
0	0
0	45
0	54
0	42
0	1
0	0
0	0
0	0
0	0
0	0
321	132
0	126
2	0
9	2
0	0
8	6
0	0
0	0
0	0
667	259
8	259
321	0
0	0
6	0
142	143
2	79
0	72
9	21
1	8
0	8
0	1
1	4
0	113
1	27
3	26
2	0
1	467
8	1
31	480
1	13
2	312
2	339
22	135
0	9
34	525
0	3
43	3
0	38
0	3
0	54
2	54
0	25
0	0
19413	14600
2	2058
0	1294
2	5214
7	2911
0	4401
2	2204
2	441
0	162
0	30
0	39
0	0
3	36
0	67
0	1
0	1
0	1
0	0
0	0
0	0
131	22
0	1
1	4
0	6
0	5
92	275
0	100
5	175
5	41
3	127
2012	543
0	0
0	0
1	0
0	0
0	0
77	0
0	0
270	1355
9	848
24	330
0	579
0	0
0	0
0	0
0	0
0	0
89	13
0	11
0	8
0	2
6	0
2458	1
0	0
0	0
145	1676
1	1676
4	102
0	180
19	11
0	4
0	4
0	14
3	14
3	0
0	0
2	69
2	3
4	5
2	6
0	57
1	65
0	0
0	0
0	0
0	0
0	0
0	0
0	0
0	0
0	0
1	971
1	65
0	32
266	1107
0	30
0	39
0	105
0	84
0	928
0	136
6	203
1	333
2	1
5	1
15510	21083
20	16047
0	0
0	0
217	17127
57	7025
0	7
34	17135
7	17127
4	3
0	3
530	93
0	28
571	384
4	5
0	384
6	32
0	62
0	0
0	98
0	0
0	0
0	0
0	0
0	0
0	0
0	0
1043	230
0	29
1	30
0	76
0	126
0	207
0	239
154	410
36	65
2	2
12	76
13	73
4	17
0	168
1	1
2	36
4755	865
2	50
199	862
0	0
11	33
30	2436
216	2593
1	167
0	0
12	0
675	1110
81	747
0	372
10	55
3359	7313
7	7510
201	7017
29	151
1	621
17	310
60	638
15	638
4	46
0	109
3	121
0	639
43	1207
9	2671
1	108
0	2
0	2671
1	8
1	21
0	18
0	3
0	6
16	53
0	2
5	50
191	528
4084	2771
0	1391
0	408
0	1355
0	2718
0	1221
0	1914
2	959
0	2720
0	0
13	9
0	9
2	4
0	0
0	0
0	0
0	795
5	2485
1	1488
4	2246
0	1462
1	0
0	0
0	1363
226	2383
77	0
11	1524
2	0
0	2384
5	212
37	0
3	617
24	738
1	308
14	0
15	738
0	189
1	194
3	164
13	141
0	38
0	16
2	51
1	1
6	48
7	50
0	0
0	0
0	4
0	8
0	0
0	0
0	0
0	1
0	0
0	0
1	46
1	1
0	1
0	46
0	0
0	0
0	0
0	0
0	0
0	0
0	0
0	0
0	0
778	655
0	498
2	28
0	130
0	0
1	0
10	63
0	5
1	0
0	36
0	36
0	619
0	0
0	0
0	0
0	0
0	0
0	306
0	305
4	284
0	280
0	52
2	292
0	0
275	143
16	24
0	20
1	61
2	8
5	73
0	0
0	0
0	0
0	0
0	0
0	0
0	0
0	0
0	0
0	0
0	0
0	0
0	0
0	0
0	284
14	172
0	231
18	530
0	560
0	560
18	3
0	2
0	1
0	0
0	0
0	0
0	0
0	0
0	0
0	0
0	0
0	0
0	0
0	0
0	0
0	0
0	0
0	0
49	0
290	1152
0	1155
15	1136
11	250
11	326
0	256
8	31
71	109
0	1
1	0
0	0
923	285
4	134
0	56
1	95
0	4
6	61
5	0
0	2879
0	2879
0	1688
529	2870
45	21
0	706
0	0
0	0
0	0
72	11
0	11
691	1477
37	1125
14	546
0	317
0	353
1	387
7	380
3	372
0	249
0	200
194	2149
11	2203
0	698
2	312
44	312
1	105
20	25
0	22
0	7
0	14
5	72
2	535
0	312
0	52
0	54
1	73
4	97
0	642
53	273
12	334
12	301
22	108
72	356
10	0
5	216
1	81
7	0
1567	442
46	349
1	460
0	0
0	400
21	198
0	121
137	196
6	0
0	68
0	80
28	299
0	204
0	162
0	41
0	9
0	70
3	55
2	2
0	1368
9	388
23	381
3	409
0	20
16	1368
22	75
4	1039
73	95
0	1012
25	61
2	0
99	434
80	357
0	351
0	6
2	68
0	0
0	51
0	0
0	0
0	0
0	0
551	1687
0	262
37	93
0	1380
1	244
1	472
1	504
0	201
2	134
1	47
2	28
8	3
0	3
0	0
0	0
0	0
0	0
0	187
105	215
8	28
66	6
3	6
0	0
12	84
0	75
0	13
0	13
0	16
412	336
0	297
62	13
2	34
3	5
0	0
88	71
5	71
1	3
0	0
1	0
0	0
1	98
994	100
442	8748
5	41
223	9595
9	3435
878	22
0	20
1	2
939	4122
23	2525
64	921
38	1785
58	684
2	53
0	0
0	0
218	17
0	0
0	17
0	15
0	0
0	0
0	48
185	48
19	119
8	541
23	497
1	4
0	192
9	35
0	8
1	0
40	1099
3	3
25	1109
14	22
11	35
1	878
0	0
0	0
167	0
814	774
1	125
0	97
8	35
9	155
9	31
0	75
4	120
5	355
6	0
0	10
0	62
1	50
0	56
222	3667
0	3330
68	3934
104	3022
2	489
3	570
0	644
0	734
0	581
0	300
2	347
0	70
0	0
0	0
7	921
0	545
10	668
0	549
2	76
42	126
0	0
0	0
0	0
0	0
0	0
5	0
0	0
0	0
0	0
0	0
476	0
12	319
6	207
0	59
2	105
0	14
0	122
0	0
0	3
0	3
0	1
1678	862
30	862
0	156
7	31
5	0
9	302
3	249
0	172
2	350
0	0
0	36
0	39
0	12
4	54
0	43
19	3024
530	3024
1	2163
10	18
3	678
31	22
0	0
20	125
8	125
0	0
20	19
0	93
10	50
0	51
753	935
0	963
2	656
6	451
38	378
1	163
0	144
0	0
0	0
0	0
0	0
0	0
8	5
0	5
0	0
0	0
0	0
0	0
240	50
15	5
7	0
2	45
125	0
0	3
0	7
0	6
0	3
1	2
0	275
76	1172
5	897
7	8
0	0
0	0
516	0
0	0
0	0
0	0
0	168
0	144
2	72
0	0
1	10
1	5
0	0
0	572
34	654
0	58
0	11
0	70
0	49
0	0
0	0
1770	3
0	0
1	245
0	0
25	243
0	3
0	0
157	232
696	232
187	22
25	12
20	75
13	82
0	15
0	53
0	56
0	0
0	3
0	8
3	5
0	8
0	0
0	8
0	0
0	0
0	216
107	454
48	260
1	4
0	11
21	103
3	101
3	21
0	99
0	95
9	17
0	0
18	23
0	16
4	1
0	5
0	0
0	0
28	18
9	18
0	21
9	24
0	7
0	4
17	0
8	134
0	134
0	2
2	35
160	1869
105	1865
0	1
41	347
84	46
0	46
0	0
0	0
0	0
96	26267
113	8483
1	7530
4	6534
16	11
2	1087
4	26041
7	217
0	114
0	147
14	852
0	852
20	857
0	53
14	15
0	1
0	100
0	61
0	76
5	4
0	0
0	4
7	1017
4	37
4	37
0	46
13	1017
2	32
29	143
2	211
0	167
0	10
6	370
578	2120
11	1913
7	207
0	0
0	0
0	0
4	0
16	0
0	75
10	1696
26	1430
0	1790
0	377
9	1244
0	1
66	25
2	25
0	25
0	76
0	76
3418	175
48	199
35	1269
0	1
1	9
1	54
0	53
0	1156
45	3
0	959
1	461
7	873
5	92
0	124
3	2
6	7
0	0
3	0
1013	1359
0	1359
2	121
1	2
0	2
0	1
0	0
1	2
0	2
28	0
1	12
0	0
0	12
9	0
0	0
73	11
0	10
359	1485
18	1496
22	1375
2	1354
7	1405
1	1310
74	1550
0	692
0	6
0	28
0	26
0	36
1	14
0	5
0	0
0	0
6	1290
10	508
0	206
41	1287
0	622
492	0
7	34
7	77
9	77
58	1600
3	579
1	229
0	1047
0	1349
0	92
0	97
4	0
0	2
1	1094
0	74
1	15
6	200
0	0
0	261
4	0
0	4
3	26
0	22
0	0
2650	2
0	0
0	0
0	0
662	0
452	478
0	378
0	354
1	15
3	30
19	72
0	7
2	65
39	43
0	96
0	2
0	62
8	65
0	41
0	20
0	65
0	1147
26	1142
0	1026
0	1094
0	955
34	887
0	8
1	110
5	26
0	54
2	23
3	22
0	18
0	1109
0	1138
0	989
114	980
5	887
2	689
0	0
0	0
243	399
5	372
0	398
1	22
0	386
0	336
0	0
0	16
0	16
0	0
3	491
92	123
0	5
19	85
7	391
13	37
0	361
1	88
8	71
3080	1895
9	1894
0	0
2663	10
10	10
0	0
0	0
1411	270
0	0
0	46
0	136
36	128
4	140
0	227
0	0
247	10
0	9
6	0
0	0
1	0
8	482
3	461
0	360
0	325
3	154
1	58
0	3
1	3
0	3
0	0
0	1
1011	1042
23	28
1	10
16	1016
0	231
8	0
56	984
0	44
0	70
11	327
99	977
0	211
3	219
0	435
0	417
2	141
2	107
38	353
0	0
0	4
0	6
133	10
13	1101
25	407
8	779
2	878
5	331
146	72
1	70
0	0
0	3
0	0
0	0
0	0
3928	644
0	131
15	107
32	512
14	376
31	248
0	73
9	0
6	5
1	7
0	0
364	7476
0	7476
18	573
2	503
1	135
17	0
30	3983
1	4213
45	2598
140	1663
1	7
7	107
26	376
3	112
99	4
5	0
0	0
0	0
0	0
0	0
176	162
0	44
0	68
2	11
0	1
3	71
1	7
1	24
0	33
0	4
41	307
0	4435
4	4284
0	580
1	0
0	0
124	11134
4	11340
1043	10833
382	8505
1516	10449
1	1258
1	136
34	10
40	38
12	203
65	115
2889	312
24	311
0	8132
0	8132
255	46
1	1
5	13
2	33
0	1
0	1
309	2
8	1917
49	1915
29	1902
1	69
0	42
2	35
0	27
0	13
0	10
0	13
0	11
9	2
0	5
3	0
0	0
14	0
5	848
400	4150
89	4141
31	1058
3	0
0	0
1	0
0	0
2	15
22	114
0	15
187	148
2	92
0	1
307	0
1453	88
26	88
0	0
0	0
0	0
0	0
32	1907
44	1925
5	1927
11	1913
0	2
9	29
115	14
0	9
2	24
44	5
0	1
0	1
0	0
2	20
46	69
0	0
0	19
0	68
0	24
0	47
0	4
1	7
0	16
167	1020
4	623
22	327
0	931
0	284
5994	4
15895	10515
4	36
844	10505
0	0
0	0
4	0
0	0
1	395
0	348
3	282
0	468
2	299
0	88
3	94
21	23
0	422
0	186
0	323
0	3
3	120
0	73
1	64
20	1252
9	1249
0	560
0	445
0	334
3	331
0	93
0	40
0	158
0	34
0	14
0	5
1	11
5	118
147	118
0	0
183	18190
0	15392
4	1267
0	140
0	155
0	157
0	144
9	137
0	0
0	59
0	81
0	72
0	99
0	53
290	306
141	306
94	1199
47	475
993	1205
37	272
0	0
0	0
0	0
0	0
0	0
0	0
0	0
93	6640
18	2930
2	3068
9	46
46	1341
47	162
0	8
32	185
7	36
6	167
0	67
2	0
2	50
3	16
1018	447
0	21
0	142
0	52
0	57
0	57
0	233
0	36
3195	509
3	507
0	0
0	0
0	0
0	0
0	0
0	0
0	0
0	0
0	0
0	74
22	67
2	172
3	108
0	183
0	154
3	0
0	0
0	0
606	497
0	497
9	0
4	0
0	0
0	0
0	0
0	0
0	0
0	0
0	0
1	12
1	9
0	9
5	7
0	0
0	0
4060	382
0	88
0	228
2	0
5	47
2	10
0	133
14	21
6273	2
3124	1170
1209	1168
1	180
350	1928
3	1022
4	5
0	1171
0	1499
0	0
0	155
125	1220
0	0
0	0
0	0
0	0
1	0
409	425
3	190
0	2
0	0
1	57
0	37
7	728
0	2687
2	20
15	30
2	2675
0	24
5	3
8	535
115	224
2	2591
1294	260
17	173
0	106
2	230
1	56
2	21
7	20
60	281
0	236
33	59
34	131
3	24
3	13
0	5
0	20
0	0
0	108
0	54
52	5
2	0
32	801
4	767
13	423
12	423
14	413
1	260
1	215
0	98
12	97
0	302
70	358
8	340
0	34
0	29
0	0
0	344
0	4727
6	3776
18	881
0	58
1	150
7	4432
0	0
34	1
1	1
34	0
0	0
0	1
0	1
0	1
0	0
0	1
0	1
0	0
2198	523
0	522
0	0
0	0
0	0
9	6
43	582
11	582
2	32
4	15
9	101
0	95
42	77
0	72
1	53
0	57
0	21
1	0
0	71
0	72
4	2175
4	2332
0	1802
9	2061
82	2613
0	2244
0	1001
90	427
25	547
0	71
3	112
6	52
4	54
0	145
232	102
2	14
4	73
112	384
9	547
5	1661
164	1721
7	101
3	73
3	73
33	1
0	0
0	0
0	0
262	1335
21	747
1	6
0	36
0	4
2	12
2	1331
0	620
0	17
1	749
0	24
24	247
5	746
13	445
0	114
2	505
23	1021
4	680
19	0
0	4918
17	6747
0	5858
0	5466
172	8774
202	463
29	2779
3	127
1	138
394	5956
65	6174
55	6354
571	3837
0	3
103	3834
0	64
0	54
0	977
128	3161
25	413
572	2204
11	116
1	6
0	6
0	0
0	0
221	392
0	392
1	0
0	0
0	0
0	0
0	0
0	1193
44	1259
4	109
0	1219
5	0
3	0
0	0
0	0
0	0
0	269
0	352
10	741
2	720
5	538
2	545
4	2
1	2
0	19
4	174
4	653
17	780
5	459
1	516
0	166
28	869
3	154
0	0
0	0
0	0
0	0
32	0
26	655
21	689
0	746
0	108
0	638
0	9
0	5
0	0
1	1
0	1
0	0
0	0
0	0
0	0
0	4677
0	4643
55	79
0	79
19	21
0	2
0	10
0	10
0	10
5	819
10	590
0	14
12	260
0	6
0	100
0	36
1	6
13	54
37	394
5	152
2	0
23	24
0	741
0	0
1	0
0	0
21	193
8	195
31	0
7	175
0	358
164	627
0	292
1	1
4	30
631	204
0	39
3	165
7	33
0	24
0	18
5	1
23	1
27	1
39	677
28	702
0	687
23	160
0	98
2	25
0	386
0	370
10	370
18	360
9	318
1	188
46	0
0	687
0	443
0	565
0	396
39	493
0	497
0	513
0	496
6	376
5	396
1	175
3	185
3	0
6	0
436	174
14	174
5	44
0	0
44	65
2	17
8	3
3	40
12	34
1	23
11	295
12	1040
2	31
1	1
0	1358
35	363
7	326
11	189
1	3
2708	1341
113	316
7	316
1	1
2	4368
154	6435
0	4849
25	5025
12	1930
50	2611
0	245
12	1585
5	1359
0	1586
58	1661
1	270
2	39
0	23
0	195
1	71
310	1246
3	699
20	295
0	24
7	244
0	391
0	10
1	9
0	33
0	24
104	711
373	1797
24	2961
44	2704
17	712
30	300
0	67
0	1
9	0
2	108
0	92
0	108
0	104
20	474
0	426
2	170
65	67
4	144
1	62
1305	2
11	20
2	723
55	827
57	0
12	52
0	828
2	790
37	627
7	708
129	752
0	25
0	61
0	26
0	27
0	0
495	669
0	52
1	50
0	81
0	348
1	386
310	347
69	626
0	591
0	371
1	1498
0	67
0	36
0	22
1	15
0	116
2	0
2	241
0	13
263	287
13	211
0	95
2	57
0	11
5	20
1	1
5	1495
1	10
0	10
0	0
0	0
0	0
0	0
45	1726
6	1687
48	32
29	301
0	0
1	35
0	54
1381	978
21	883
32	780
1	108
363	808
5	16
48	252
0	8
0	10
0	4265
131	4367
102	3764
0	298
45	226
1	286
33	302
0	24
2	40
0	2
0	0
0	0
0	0
0	0
0	0
1087	980
1	21
3	124
54	836
0	0
0	0
0	0
0	0
61	2242
1646	3740
49	529
0	299
18	722
1	316
1	31
0	64
1664	1554
45	1530
0	501
3	146
98	0
0	0
0	0
0	0
0	22
0	4
0	0
40	76
1	26
3	8
6	67
0	37
18	221
5	78
0	231
504	0
0	45
211	45
0	0
0	0
190	222
150	155
75	31
0	82
734	0
5	829
0	150
0	110
35	17
0	121
0	148
3	3
92	154
2	3
0	683
7	169
12	833
17	239
3	7
0	2
0	152
0	12
0	9
2	88
14	22
2	190
240	48
0	385
4	828
135	86
1	15
2	66
0	0
5	3
0	0
8	0
0	0
0	0
10	72
0	93
39	9
1	83
1	3
2	4
0	2
0	0
274	637
0	479
5	559
0	72
3	11
127	7
0	0
0	0
0	0
1	0
0	0
0	0
0	0
0	0
202	150
0	104
18	100
9	25
21	2753
191	387
2	115
2	272
31	108
0	134
92	1575
2	676
0	571
0	456
0	478
1	337
0	269
1	181
8	13
0	5
0	13
0	4
0	6
0	0
0	0
16	442
6	45
4	0
0	43
0	0
0	440
0	0
0	0
0	0
0	0
0	0
81	22
0	6
0	22
5	0
340	4130
29	4199
27	477
2	82
0	91
5	721
3	1
41	4
7	489
3248	1952
22	1047
2	453
7	444
20	199
22	200
0	124
1	201
0	156
0	200
0	161
0	162
3	159
1	163
0	171
0	104
5	1
0	1
0	0
0	0
0	0
73	0
21	105
0	132
1	61
0	32
64	1710
1024	1896
0	0
0	135
0	526
6	374
0	168
0	187
0	98
0	70
74	2186
7	2285
117	2214
0	2379
0	61
10	1
3	115
1	0
21	114
0	1
128	1
23114	1359
14	1348
529	1
0	0
0	0
41	124
0	124
107	323
78	2977
13	139
0	302
4	2954
0	64
81	2663
2	0
0	508
6	273
2	0
1	125
18	850
2	2298
1	0
2	115
0	771
0	2364
1	0
95	0
0	7
9	58
0	71
0	33
0	364
507	360
0	248
0	180
0	213
0	103
0	70
0	0
0	66
151	66
94	2639
18	270
0	2161
116	2582
0	0
0	0
8	38
30	58
0	33
0	30
57	55
0	0
1	0
746	165
1	5
1	92
7	2
10	63
4	7
0	0
4	2
0	2
100	527
42	484
1	101
0	1
0	1
3	0
0	0
0	0
0	0
0	0
0	0
0	0
0	0
0	0
0	0
450	2150
4	1791
14	37
0	11
4	627
0	728
0	64
9	0
7540	5291
14	4619
2	1751
10	52
10	7
24	1194
0	0
262	1
0	0
0	0
0	884
0	744
0	467
0	196
0	227
0	56
0	885
0	0
137	204
3	204
4	0
0	0
11	1946
382	1888
0	248
77	150
10	230
34	494
3	89
10	458
0	60
0	66
97	75
4	59
1	9
0	10
0	25
2	33
17	0
0	0
700	30
0	15
0	0
206	198
0	236
0	105
2	167
55	455
1	33
0	109
0	15
0	0
0	2
6	55
0	4
0	9
1	44
1	0
0	0
0	3
4	3
0	3
1469	179
0	160
2	6
0	56
3	32
621	493
0	449
0	315
12	26
1	1
1	19
811	49
1	40
0	23
0	33
0	0
0	0
0	0
0	0
733	0
0	0
0	0
0	0
57	8450
20	8266
167	8454
82	1625
4	1043
0	963
0	601
16	148
3	0
5	1
1	1
0	8464
3	42
0	0
2	58
0	59
0	10
2	35
3	16
0	34
0	1
0	1
0	1
0	1
0	0
0	8
18	1
0	1
0	0
18	0
20	736
35	289
21	371
0	771
2	343
0	341
0	293
240	915
5	0
157	0
0	0
156	81
25	81
0	0
613	137
25	2
27	134
76	190
2	114
0	0
0	0
0	23
0	21
5	18
0	16
0	0
0	15
0	0
0	190
0	15
0	8
35	7621
5	7018
7	3354
0	6786
0	3010
1	3090
1	222
4	172
0	7357
18	2339
46	537
0	7414
0	282
50	7575
0	273
0	338
0	6813
0	390
2	11
2	40
0	322
71	13
0	7460
0	368
0	331
339	14
32	14
1	13
1	48
6	46
0	39
0	27
1	3
1941	5405
8	92
0	92
0	13
3	13
0	0
1	10
0	13
0	15
0	22
0	19
0	16
6	6
5	3
836	21
1	3
1	16
0	0
0	0
0	0
0	0
0	0
955	868
11	868
0	0
0	0
0	0
0	0
0	0
1560	3
11	380
73	323
0	119
18	59
25	53
7	48
543	8
45	4059
171	4085
278	625
3	22
2	296
34	297
0	523
0	584
8	19
0	26
0	2
0	0
0	5
0	26
5	0
9	854
0	126
8	46
16	66
0	37
2	221
6	983
24	1
0	57
5	18
14	745
0	745
3	529
5	376
0	456
31	668
8	220
9	465
10	682
143	427
235	542
14	9
5	189
0	96
0	6
26	0
478	1420
0	1416
0	28
0	1094
0	1245
0	0
0	13
0	0
4	672
0	516
12	669
3	461
1	163
0	193
289	538
497	1631
0	533
0	329
0	223
0	1441
3	179
1	128
11	536
22	17
0	8
0	0
6	2
0	6
0	0
0	4
0	0
0	0
225	506
11	506
0	0
0	1
0	1
0	0
537	560
0	18
0	498
1	246
0	0
266	4727
52	4657
0	458
26	391
24	312
4	82
2	0
0	19
11	40
0	15
0	33
0	4
0	14
0	0
0	0
0	0
3	5435
0	5435
78	5435
75	6226
0	21
0	0
1	5802
11	269
367	426
0	265
0	18
1	156
2	2
0	198
0	63
0	5
0	1
0	15
0	6
0	95
0	60
1	206
0	198
25	34
8	1
0	1
0	34
582	317
6	210
7	15
9	178
1	1
543	439
0	412
46	208
0	0
0	0
0	4
0	4
0	4
31	14
0	2
3	12
0	0
0	0
0	0
0	191
21	253
31	218
3	18
6	5
0	5
18	7
0	16
0	369
2	403
0	6
0	388
543	56
0	55
1	0
0	16
0	23
5	27
0	21
410	194
7	194
5	1
78	1
0	0
0	0
0	7
101	11
5	11
5	769
937	953
5	25
0	120
0	55
1	50
0	0
0	511
0	501
0	507
0	433
0	308
0	418
78	305
154	526
0	49
2375	1
73	768
29	914
0	682
3	87
21	6
9	31
4	77
2	11
0	25
280	75
1310	199
1	31
0	168
0	71
32	158
0	15
1	1
155	2723
89	0
0	182
0	642
11	838
0	271
0	2771
0	0
0	348
1	212
6	26
2	123
0	162
0	328
235	43
0	5
155	5
9	151
13	199
0	196
2	84
0	83
0	148
0	134
0	183
20	171
2	131
82	963
38	963
1	27
21	44
6	44
0	0
0	0
8	0
7	360
2	36
5	305
1	0
0	20
0	235
11	0
0	5
0	0
0	45
0	0
0	0
0	5
0	5
0	5
419	1222
25	983
0	409
4	306
192	0
0	0
0	0
0	0
0	0
0	0
198	8751
133	9447
4	1860
0	4374
0	4374
0	4038
1	1866
0	1408
1	4
27	0
2482	523
4	331
2	523
0	24
0	0
0	0
0	0
0	0
0	0
0	4
0	4
0	2
0	0
0	0
89	195
0	195
0	24
5	0
0	3
0	148
154	199
8	202
0	173
1	68
0	2
0	2
49	2534
16	59
0	144
5	0
0	10
0	2405
0	0
0	0
45	0
651	469
2	469
0	175
1	1
0	0
189	0
0	0
0	3
0	1
0	3
0	0
0	0
254	99
1	74
0	84
1	11
1	10
0	10
17	452
4	452
13	45
13	0
0	65
0	0
0	0
0	0
0	0
0	0
0	0
1	1
174	304
12	0
2	90
22	57
0	203
305	70
6	37
9	33
0	0
0	23
1	0
0	9
0	0
0	0
0	0
266	310
0	37
12	310
1	28
0	0
0	0
1859	5093
20	5093
0	0
0	2
0	2
0	2
0	1
0	0
0	0
120	181
43	170
3	22
0	8
0	6
3	11
3	11
26	2
20	2
0	0
0	0
136	1581
24	99
0	228
2	21
2	956
0	4
1	8
0	737
48	0
2	8
0	8
0	0
34	134
10	132
1	43
0	4
0	4
0	4
0	4
0	0
3485	528
5	527
0	0
0	0
39	66
16	50
2	11
3	64
7	64
2	0
40	59
0	3
28	0
0	0
0	0
0	0
0	0
0	0
18	29
0	29
0	29
4	24
0	0
0	0
347	746
3	430
1	258
24	248
0	170
17	85
0	0
1	2
0	1
0	0
10	163
3	4
15	166
6	107
0	117
36	74
58	74
2391	281
0	255
0	32
3	6
0	0
187	142
21	141
1682	256
2	253
0	218
5	484
0	356
117	335
0	230
4	246
1	35
0	0
14	31
16	26
0	34
0	26
16	22
2	32
10	10
83	0
0	3
0	2
148	365
19	364
1	140
55	99
1	24
0	0
0	0
0	0
0	0
0	0
0	0
0	0
0	8
56	182
1	9
1	30
5	87
0	65
0	86
0	3
4	65
0	26
0	0
0	0
0	29
103	585
2	281
2	221
12	290
0	12
545	1602
2	858
2	0
1	338
9	225
540	678
0	678
3	33
0	0
0	56
23	85
4	16
559	182
0	80
5	41
0	0
0	14
0	21
1	0
0	7
0	61
0	1505
7	755
0	1418
25	373
0	34
1	356
0	1507
0	0
0	0
0	19
32	366
0	4
0	171
1	265
0	296
0	167
765	361
0	0
101	169
28	169
0	0
0	0
0	0
395	738
28	735
0	305
3	43
0	0
0	0
0	0
0	1
0	0
0	1
0	1
113	664
16	605
9	606
0	58
0	0
0	0
0	0
19	0
0	32
0	0
121	9
0	9
90	1732
0	1798
6	1417
0	41
2	43
5	68
16	16
0	84
50	69
3	571
0	129
0	71
0	95
2	231
0	45
3	454
3	88
0	325
4	220
0	0
0	146
1	134
0	145
0	7
0	5
8	8
0	14
0	16
0	4
2	13
1	149
27	110
0	110
0	106
1074	269
0	11
3	210
10	156
1	83
0	154
3	94
19	2
4	2
0	76
0	256
8	247
1	57
79	78
0	41
0	181
21	181
11	70
0	15
0	25
0	53
0	56
1	7
0	38
0	23
0	29
0	6
0	34
5	95
2	0
1	94
0	0
0	0
0	15
95	1985
18	2149
20	1280
0	59
2	61
16	35
333	524
4	240
25	419
1	93
12	214
3	81
2	82
18	0
0	2
0	2
0	2
0	1
0	0
18	447
20	514
29	20
2	92
3	65
0	47
77	36
2	22
101	6
68	69
0	41
2	52
0	82
1	123
1487	468
0	132
3	118
4	245
2	126
0	230
0	217
0	0
1	16
7	43
7	51
1	5
0	10
0	6
0	45
567	0
41	1378
39	1330
0	1332
0	21
0	1333
0	1339
9	0
0	6
3860	349
0	338
0	99
1	99
21	99
0	79
1026	445
4	442
220	2
4	127
4	127
0	98
1758	3
10	0
0	0
0	0
1524	2
2	1
0	0
0	0
0	0
0	0
0	0
0	0
0	0
0	0
127	25
3	13
0	0
0	12
35	212
0	0
0	212
3390	648
0	647
838	293
1	290
7	3
29	4
5	0
527	781
2	439
0	147
3	25
13	311
0	230
62	219
49	25
12	25
0	0
2	82
4	36
45	79
43	469
2	469
10	355
0	292
0	5
1	4
0	0
0	3
11	312
1	297
7	261
2	139
10	6
18	21
22	6
2	1
0	73
0	64
7	13
0	0
0	0
1	0
3	2537
2	1387
0	1631
5	252
0	1406
24	857
0	1095
0	265
7	2317
4	290
0	247
0	722
53	1230
31	394
3	127
0	18
0	525
8	281
6	0
10	48
0	51
0	0
0	0
0	0
0	0
0	0
18	845
0	632
4	526
0	202
0	0
190	438
0	363
13	85
13	10
0	1
21	13
0	6
1	13
1	0
4	0
77	1
0	1
5	0
0	1
21	334
2	21
6	331
15	334
2	331
2	52
0	91
14	74
0	156
1582	2
19274	35664
2	1076
94	34945
0	37
4	3012
2	3473
6	13972
938	885
1	875
613	3289
26	3289
2857	791
1	268
2	525
2	284
0	48
0	96
73	122
0	0
0	0
0	0
0	0
8702	27
12	12
0	1
0	1
0	897
5	1075
0	229
4	137
0	44
4	0
0	0
2	0
0	1582
2	747
5	0
0	39
0	436
0	0
26	1592
0	0
0	0
0	0
0	0
0	0
0	24
0	21
2	21
1	12
0	4
2	24
228	28
0	27
0	25
0	0
0	0
0	0
0	0
5	8
30	1039
6	1024
17	996
0	4
0	0
0	0
1	1033
418	258
0	77
0	91
0	5
0	258
0	2
18	300
34	300
9	0
1	32
0	0
0	0
0	0
0	55
0	74
2	25
1	2
0	63
0	2
2	47
1	32
0	2
0	4
1298	139
0	137
7	0
2	0
419	169
8	38
2	33
0	34
0	137
0	8
17	67
0	0
7	63
0	61
0	2
0	4
2	54
47	111
0	74
0	45
0	0
0	64
3	89
1192	345
0	316
1	28
0	11
1	11
0	6
609	0
36	3292
0	331
0	82
536	3114
5	21
0	151
2465	1207
0	96
0	1109
6	54
18	0
0	0
0	0
6	1160
1	1126
8	1131
5	1079
0	956
1	635
0	70
0	68
0	57
0	21
0	0
8	2
0	1
0	1114
0	0
0	0
0	0
15	284
1	105
0	1
0	284
0	0
0	0
0	0
0	0
14	453
1	0
1	560
71	227
0	504
73	317
6	29
0	28
16	174
16	126
33	1051
374	962
0	796
124	53
134	2
2	2
0	0
0	0
0	0
79	55
0	54
0	1
0	0
0	0
175	39
0	0
3	39
9	392
13	0
0	47
0	211
0	11
5	392
0	0
0	0
0	2
0	0
0	2
0	2
0	2
0	3
0	2
0	0
0	1
0	2
0	0
6	1229
5	1248
1	1426
13	281
0	183
1	1027
0	128
0	258
0	258
21	38
5	271
11	158
0	38
0	28
15	6
3	6
0	0
179	90
3	70
12	166
0	52
2	124
3	54
39	77
3	22
0	10
0	72
0	3
7	263
3	300
0	42
0	96
0	245
3	4
0	85
1	87
0	22
0	61
0	66
1	4
9	336
0	2636
4	2994
4	0
0	2357
0	21
2	35
0	1518
1	1473
18	2800
0	2884
45	898
0	156
2	129
1	240
0	2167
0	223
0	318
0	165
0	113
0	0
0	0
0	0
0	0
0	0
39	1044
17	0
0	259
0	1039
8	96
6	245
4	4
9	52
150	6
5	126
0	126
0	20
23	0
6	1
0	1
0	0
1373	1548
6	1224
7	1048
14	98
0	375
28	134
1	117
3	44
425	129
2	36
4	8
5	30
20	130
5	106
0	0
0	11
408	457
0	94
1	22
0	336
2	17
11	14
2	4382
501	5887
43	2603
599	5359
19	5665
235	5305
4	5334
39	4979
12	11
5	3830
8	11
43	5371
36	72
0	578
0	579
0	0
1	128
6	9
0	91
2	70
0	0
0	0
0	0
0	0
0	31
22	18
3	13
0	5
0	0
0	0
0	0
0	0
154	1280
73	1191
2	1260
2	69
8	80
2	0
0	13
1	13
2	1
0	1
2	363
0	32
0	31
0	11
0	2
0	0
0	0
376	11
2	11
0	0
0	0
0	0
0	0
0	0
0	0
0	1224
0	1207
0	1177
2144	3416
1	3346
1	12
0	6
0	156
9	1766
0	126
0	212
31	98
0	73
0	190
0	0
103	875
4	866
15	119
0	0
237	1667
0	1834
19	1419
0	286
7	2
0	133
139	34
94	118
16	0
980	0
0	0
0	0
0	0
14	15
0	239
0	337
3	210
0	327
1	315
0	228
0	333
107	323
1	4
3	9
0	175
0	21
1	280
0	2
0	0
263	10
2	9
0	5
5	1458
2	1501
0	578
0	536
20	414
2	41
3	19
1	4
0	722
0	1455
0	412
0	0
0	22
2	1
0	2
1	14
12	432
0	416
391	612
7	612
0	627
3	505
2512	4660
62	61
14	4655
49	0
0	0
0	0
0	13
1	2
0	13
0	7
130	8362
7	8449
0	8349
0	8507
0	7288
0	7493
0	7429
7	1061
0	1442
0	5
2	1
2	953
54	360
1	364
2	12
0	58
77	364
8	369
51	41
0	203
10	20
5	16
3	8
1	34
0	22
18	397
12	473
12	66
2	445
0	15
80	74
3	50
1	4
0	26
0	1
0	0
0	0
91	0
316	0
0	0
54	854
0	592
27	786
1	823
0	87
0	0
0	0
0	0
0	0
0	0
0	0
176	19
0	19
1	448
87	427
7	165
0	62
2	11
5	6
27	11
0	464
25	641
0	706
9	302
1	33
0	5
106	29
0	0
0	14
0	23
549	26
5	2
135	12
0	12
28	183
0	1671
0	1457
67	30
14	565
0	467
2	0
0	33
4	87
3	150
0	5
6	64
0	0
0	0
0	0
0	0
0	0
0	0
0	0
0	0
0	0
49	485
39	485
5	3419
90	3419
0	1142
16	826
6	998
0	1027
44	1113
17	324
16	99
8	50
0	0
0	1142
10	21
0	21
1	2
3	3
0	2
0	2
0	0
0	1
1	591
0	685
2	820
0	144
25	430
0	324
0	378
0	536
1	117
3	120
19	213
8	53
1	4
3	305
19	306
8	18
17	309
0	1
1	2
0	0
0	25
3	117
0	109
11	119
9	18
2	17
0	7
0	83
0	74
0	60
0	67
40	747
0	577
7	919
14	42
0	2
1	2
4	301
2	85
0	1118
0	8
19	515
26	486
1	0
0	0
0	0
6	176
0	193
0	184
0	369
3	113
0	292
0	263
0	77
3	231
0	232
0	28
39	196
3	195
0	12
4	15
0	198
0	198
0	186
0	183
0	6
1	182
0	19
0	9
0	22
0	8
47	158
1	97
2	93
0	26
0	26
0	5
0	5
0	0
3	16
1	13
1	2
0	360
0	368
1	372
2	31
3	29
2	7
0	3
0	7
0	6
0	8
0	11
0	154
1	6
0	23
0	45
0	138
0	0
645	510
108	509
26	850
5	1151
1	1008
0	17
749	42
18	40
3	2
208	644
60	639
46	442
4	344
13	295
16	89
0	4
0	342
0	172
214	177
50	2544
38	69
1	2399
13	62
4	54
7	2230
0	26
1	222
282	2912
6	1082
1	51
5	40
8	239
0	10
0	62
0	31
0	14
0	0
0	13
0	17
0	56
0	66
0	72
17	102
9	97
8	89
35	96
14	92
6	101
1793	1
0	0
0	0
0	0
0	34
420	34
1413	0
36	0
8	22
200	0
32	0
512	46
0	1
1	44
7	719
44	1722
1	1494
0	20
1	20
1783	91
1	70
1	10
4	11
969	1666
4	1676
6	1665
8	110
48	0
0	0
0	0
5	1506
126	5994
125	6037
11	0
37	11
15	990
0	22
0	123
110	1
0	1
0	0
4115	2
154	2246
1	124
0	124
0	67
10	818
2	92
5	2228
2	336
20	348
0	356
0	12
0	61
0	63
0	124
0	94
0	65
2	39
1	0
0	15
0	95
0	127
0	0
150	626
3	123
1	22
11	505
0	0
23	149
1	2
260	529
0	515
0	48
0	15
0	5
0	0
0	0
0	0
0	0
76	160
9	160
1	3
0	0
0	0
0	0
0	0
0	0
0	0
0	0
166	60
12	50
0	10
0	0
0	0
0	7
0	7
34	372
0	370
3	108
3	0
1	18
0	72
0	49
0	60
2	3
0	162
0	0
7	34
1	12
0	33
0	8
0	9
0	14
0	12
0	15
0	0
0	0
0	0
0	0
0	0
0	0
3	495
4	84
144	476
21	476
0	640
15	138
1	521
0	422
2	76
4	0
0	640
4	0
0	0
0	0
0	0
6	265
1	2
47	267
6	233
12	0
46	750
0	309
2	90
3	0
718	1326
27	887
78	305
22	587
40	368
0	1
0	0
0	0
0	1
0	0
0	0
0	0
0	0
0	0
85	466
2	7
1	456
0	464
11	413
6	385
0	416
4	400
74	381
1	308
4	2192
0	3004
310	2852
3	401
11	1513
5	1263
15	41
0	2
60	6
1	248
1	0
2210	0
64	98
0	61
0	48
0	9
2	24
4	45
4	11
0	8
446	502
1	2
0	467
39	425
0	458
0	1
6	0
62	651
1	651
70	44
0	29
0	19
0	17
0	17
0	17
0	21
1	971
0	389
0	497
8	759
0	329
23	53
25	278
3	0
0	0
0	0
0	0
0	0
3	8
2530	97
2	89
4825	3
1100	94
0	63
9	90
0	0
0	0
0	0
0	0
2063	2102
72	1809
4	243
27	22
4	11
0	8
0	296
738	9
1	9
16	281
0	90
1	59
10	4
0	29
16	39
0	25
1	4
0	231
97	82
6	41
2	55
0	16
1	36
5	19
59	22
0	11
0	11
599	195
3	29
13	96
5	80
0	0
0	0
0	103
39	125
62	68
1	8
932	7
7	7
10	116
387	805
1	271
20	673
1	297
3	312
0	8
2	34
0	0
0	0
0	0
23	124
16	68
1	121
3	288
0	277
0	256
1	300
504	256
0	0
0	0
0	0
685	776
38	739
13	625
0	344
50	241
7	16
13	199
12	149
0	39
0	120
2	28
1	30
14	0
4	2
30	19
119	1583
3	14
0	0
0	8
0	12
21	1567
10	1689
0	63
2	165
2	303
1	195
1	1580
0	1571
97	3
0	3
0	0
65	1056
1	485
2	10
2	529
9	612
1	850
13	29
886	1083
1	984
7	1008
0	13
0	76
1	61
6	25
2	6636
1	6636
1	6636
0	6636
1	6638
0	6636
0	6640
0	6636
6	1877
0	634
0	444
0	450
1	513
7	504
0	0
0	1
10	14
0	6704
0	6637
0	6638
3	6637
0	6643
0	0
0	0
0	0
34	0
0	0
0	0
0	0
56	656
8	38
48	472
12	795
9	423
4	300
13	179
38	1
23	121
5	18
7	86
3	36
0	30
4	35
1	0
297	4689
0	35
1036	9589
24	7728
0	134
8	898
7	1014
233	3526
42	806
25	51
1	284
3	885
38	150
71	393
0	0
47	7
12	552
212	650
0	147
0	545
0	14
35	0
0	184
1	113
305	764
8	475
4	756
2	683
0	0
6	474
24	69
37	467
0	101
5	125
1	125
0	125
0	0
0	0
0	0
49	73
1	431
0	91
0	0
0	0
0	0
31	0
419	1
0	2360
0	3347
13	2251
21	3342
0	20
30	1756
0	1890
0	775
127	110
0	62
1	2
0	8
0	29
0	30
0	1
0	0
5	0
77	794
2	732
10	109
0	38
0	732
0	0
0	0
0	0
744	11
13	2
2	8
2	1
695	271
0	18
0	31
0	194
0	11
0	2
2	47
0	34
0	8
743	324
0	322
0	0
0	2
0	0
1	0
4	12
1	2
0	12
0	7
435	163
3	9
2	152
0	0
0	0
0	0
218	244
3	203
10	125
3	50
7	5761
0	3478
0	5921
88	4476
5	4611
31	176
22	11
0	0
35	50
32	73
7	28
1	2557
0	35
0	70
56	981
13	142
18	58
96	215
5	148
1	131
24	801
578	202
0	820
8	76
7	5
5	1
0	0
0	0
0	0
0	0
399	37
4	36
0	1
4	32
1	4
0	0
2390	20
16	7
114	317
17	295
0	94
10	14
0	7
6	20
7	610
1759	913
0	192
0	665
210	992
219	613
35	558
0	131
0	438
10	82
0	237
2	256
0	227
0	212
0	39
0	99
0	0
3	12
2	42
0	195
0	220
7	1104
2057	2172
5	25
0	0
17	1500
0	51
617	209
10	209
5	1248
2	1188
5	1198
3	945
2	889
0	1
0	232
2	2
0	152
2	70
0	48
26	77
0	0
0	0
0	0
1	0
1	0
0	3
0	3
0	2
0	3
0	0
7	3
2	25
0	439
0	397
2	9
4	418
3	374
39	25
0	0
0	58
457	584
0	100
0	135
0	358
3	337
6	1
0	147
1	2
0	45
7	169
3	152
0	302
0	11
0	0
0	0
0	0
0	0
0	0
0	14
2	14
0	2
9	419
4	593
0	129
2	151
0	251
1	78
0	109
0	93
3	6
0	0
0	480
0	424
10	287
26	142
2	873
0	4
13	478
5	0
53	30
1	5
5	29
0	10
0	0
0	623
10	1376
0	1385
1	1012
1	993
8	991
0	267
3	234
11	3
3	0
7	22
1	0
0	9
0	3
0	8
0	7
1	7
1	0
0	0
0	3
0	0
1	46
0	46
0	0
68	63
0	2
17	56
0	51
3	31
14	31
2	0
2	24
0	14
526	1395
126	1333
0	1184
0	185
0	0
15	90
55	90
2	5
0	2
0	2
0	8
4	8
0	0
0	0
0	0
0	0
0	0
0	0
0	0
0	0
0	0
20	36
11	107
2	71
327	168
0	127
2	67
2	40
65	1466
6	1123
0	245
0	189
1	204
0	66
6	0
0	1443
1	0
0	184
0	20
3	11
2	45
20	196
309	1054
129	1054
0	307
3	0
0	86
18	54
0	0
0	8
1	593
1	869
3	764
1	697
1	9
3	2
1	55
0	734
1	2
0	0
4	56
0	154
11	146
10	7
29	1616
99	1610
0	12
7	88
4	78
477	577
0	401
0	570
4	87
0	0
1	7
3027	15442
1659	14987
10	14
245	0
4	597
6	44
0	46
0	97
0	544
36	663
10	1
2	3
9	636
16	3
13	44
14	313
4	313
47	2125
9	888
0	36
3	29
74	1817
0	12
2	121
19	20
1391	1
3	0
45	23
8	95
1877	105
52	141
7	75
2	57
193	10124
453	10124
0	776
1	751
4	100
269	2652
0	1754
0	2535
0	2333
0	2305
0	2535
0	2535
30	935
0	362
2	34
1	0
0	0
0	0
22	237
1	248
20	290
0	222
0	178
1779	4
0	4
12	158
13	156
4	8
25	17
4	16
16	0
0	15
0	6
0	3
0	15
0	0
0	0
13546	783
57	662
0	105
0	0
0	0
0	0
0	0
108	209
0	209
741	270
1	159
0	134
0	148
4	27
48	1123
0	887
24	868
0	992
1	985
0	824
0	26
40	213
1	40
95	1
0	992
1	16
0	0
0	0
0	0
0	0
0	0
0	0
0	1
2	4
0	4
198	2855
0	820
0	0
26	97
0	124
0	93
9	2051
0	0
0	0
1407	0
0	0
0	0
0	969
1111	1240
1	953
3	431
0	0
0	0
0	0
0	0
0	0
0	0
0	1781
0	428
3	425
1	217
8	258
1	425
5	193
5	2
0	36
0	227
0	1740
29	1727
1	2
6	6
0	2
0	6
0	4
4	56
0	31
1	25
0	9
0	108
7	148
2	17
0	7
0	14
0	8
0	0
0	4
0	27
2	0
0	21
0	19
0	8
2	9
0	9
0	0
0	0
0	0
26	984
0	633
100	218
0	465
1	229
28	0
0	4
0	4
0	4
0	0
5	384
0	38
1	17
0	84
4	24
20	384
0	0
92	49
0	39
0	40
5	213
6	2178
1115	2283
115	295
26	310
0	53
1	0
21	214
0	23
1	210
0	14
0	0
10	720
2	724
32	677
11	655
6	772
0	547
5	190
5	208
0	145
5	122
4	263
12	0
12	57
1	0
2	19
4	133
1	33
1	15
0	24
0	0
120	1081
0	441
79	965
7	208
14	2
148	6375
18	891
30	4021
12	5453
12	355
9	325
0	258
2	692
0	402
58	5844
2	644
12	530
1	207
27	964
540	1814
134	1154
2	164
1	0
910	672
69	16
0	587
74	523
0	1
0	6
6	6
950	1842
28	1716
31	103
0	1624
33	431
0	941
4	90
1	9
1	11
0	1
0	1488
0	1
0	1652
127	1488
4	1024
19	1564
728	0
2	27
4	585
3	587
3	561
4	64
3	17
4	10
0	0
0	2
0	2
1	2
0	2
2696	302
0	7
0	248
0	248
0	75
0	0
0	0
489	1944
4	247
12	12
16	548
600	1132
28	986
16	198
226	1909
11	1907
10	37
4	208
3	150
2	28
3	25
2208	5
0	3
537	2756
12	711
2	0
12	0
4	987
0	10
19	0
0	28
983	0
656	49
0	47
319	1
0	0
0	0
757	528
0	436
4	108
0	24
0	26
1	24
0	3
123	4523
32	30
86	24
4	29
1	46
0	4521
9	285
8	950
3	942
16	277
35	83
37	22
158	4216
29	1045
5	505
2	1006
0	10
19	729
14	2962
111	4656
141	4610
1	0
112	2287
0	127
0	256
2	35
0	2287
149	29
0	0
0	0
843	5
1	3
0	0
53	179
2	188
0	188
266	767
4	128
3	498
44	20
0	50
1	225
2416	656
3	76
1	647
2	221
0	47
0	56
0	1
4	9
18	8
824	0
0	0
0	0
370	198
0	197
2	128
88	36
3	27
3	15
0	2
0	0
0	0
0	0
0	0
3	26
389	646
9	620
3	344
0	0
29	171
0	155
1	25
6	53
6	37
1	46
5	79
4	15
413	538
6	93
0	16
7	2
0	499
23	485
1	19
2	80
1	0
1	60
0	120
0	10
1	551
0	267
143	543
2686	666
2	664
0	0
2712	97
7	24
70	71
0	0
1362	132
0	44
4	88
0	242
0	193
0	206
52	724
0	234
0	675
0	671
0	690
0	37
1	15
0	19
0	11
3	28
0	52
0	35
4	26
6	10
0	0
331	1996
0	1988
0	2033
13	1949
0	1879
0	1876
0	1244
0	1333
0	130
0	7
0	19
0	108
0	20
0	56
0	1
0	0
0	1883
0	1982
0	1972
4	3
8	6
2	6
5187	19846
0	79
0	10356
11	10215
6	5715
1	424
2	5122
64	2829
15	1188
305	7047
11	856
0	7273
5	5808
6	269
20	94
2	510
0	0
60	996
48	996
2	155
163	562
109	561
0	0
0	317
31	61
78	176
60	293
0	53
0	220
0	4
0	62
72	42
2	26
9	267
0	0
1	74
1	186
1	70
1	72
1	5
0	10
5383	1
0	0
0	0
0	0
0	0
0	0
0	0
0	0
0	0
26	0
608	4361
1	3702
0	182
33	672
0	246
1	0
10	3197
744	7063
0	4964
4	2
0	2
0	2
36	101
0	101
1	70
1	6
1	6
0	6
0	6
0	6
0	6
0	2
0	1
0	6
115	118
1	54
10	64
0	0
0	0
0	0
0	0
81	884
3	880
6	380
0	0
1	0
1	86
1	0
2322	6
0	5
0	0
18	239
8	70
2	29
4	68
0	25
1	88
0	0
0	34
0	235
0	17
5	9
331	192
22	0
325	191
1	48
0	1
2	1
0	1
0	0
0	0
119	862
5	862
0	0
1	23
5	17
0	29
3	91
35	120
24	120
2	23
1	23
0	0
0	0
1	0
217	1699
0	1681
0	1226
224	602
0	0
0	0
59	1796
396	1903
1	107
0	1693
59	1659
0	1848
5	49
11	50
86	1292
9	79
471	965
0	102
49	404
0	316
40	260
0	330
3	40
8	56
0	84
0	0
0	0
0	0
155	39
2	22
2	19
0	129
3	467
4	412
221	6079
0	7158
195	2947
92	6699
4	173
13	23
12	1311
16	620
2	1200
0	720
3	379
14	67
434	535
4	435
0	102
3	290
6	287
2	28
0	19
20	185
0	0
20	317
0	299
1	37
0	4
0	4
0	1
0	0
0	0
1053	484
4	11
0	0
14	10
0	473
7	2019
0	2237
0	1158
6	1021
1	1
3	1048
0	0
0	0
0	0
274	482
6	481
0	481
41	1
0	1
0	0
0	0
0	0
30	62
382	128
1	65
0	0
0	0
0	0
0	0
0	0
0	0
22	288
34	493
0	316
95	286
0	244
9	27
0	31
0	2
1	1
0	1
275	414
0	414
4	187
1	978
1	201
0	882
0	1018
1	745
0	679
0	484
0	549
0	131
1	78
4	82
0	10
0	273
0	6
0	91
1	0
0	745
0	872
0	669
1488	1840
0	983
63	1146
7	6
23	46
2	1055
1	293
0	0
1	0
0	0
0	0
0	0
0	0
0	0
0	0
0	0
0	0
1	0
27	4
0	0
0	1
0	4
1	0
0	0
101	855
0	715
0	810
1	192
0	70
0	114
5	154
28	142
20	64
0	11
75	198
0	189
7	0
1	9
18	9341
4	8303
6	8593
50	292
0	810
27	518
124	6453
25	711
37	4886
48	4300
56	294
1	6389
1	245
0	61
0	83
0	1
1	0
0	19
12	256
1	249
1	12
0	0
0	0
0	55
0	55
12	256
9	54
0	26
55	255
142	65
0	65
0	0
1	203
124	207
0	7
0	4
0	1
1	0
0	0
0	13
0	97
0	129
0	155
20	178
0	58
101	379
43	379
0	63
63	810
291	1120
2	195
25	422
0	24
3	159
0	20
10	20
213	0
19	240
2356	1094
19	1055
0	0
0	768
23	1065
332	0
1242	4050
0	4050
0	1586
2	341
0	909
4	663
1	377
24	1074
1	912
0	349
53	92
0	26
19	813
1	259
5	192
4	765
22	365
4	37
2	8
20	388
5	0
31	2
3	174
7	2
8	856
1	699
0	28
0	5
0	25
2	862
12	350
1	85
0	165
3	254
101	1172
5	233
3	222
0	617
2	43
26	1165
953	296
1	39
1	0
0	270
0	241
0	218
158	112
4	8
1	0
0	108
277	3450
0	72
18	375
0	0
0	379
0	268
5	17
60	3528
4	1336
1561	47
2	43
2	1
0	0
0	0
3	0
0	0
0	0
21	247
14	172
0	247
2	66
38	61
0	54
1	41
0	1
1	15
0	67
0	65
0	0
0	54
0	7
0	0
0	0
0	0
0	0
0	0
0	0
0	0
0	4
0	4
399	0
0	2416
173	2662
226	2665
2	784
0	885
0	106
2	367
0	46
1	13
3	2622
0	1
27	0
21	145
3	25
0	24
0	0
0	140
1	34
14	47
5	12
0	30
1	35
0	0
0	13
7	19
7	9
0	979
1	367
1	30
1	4
0	680
498	1088
10	992
0	6483
0	2025
67	530
0	482
7	181
0	150
0	127
2	1
4	1
68	776
8	433
7	58
3	49
13	44
0	776
0	48
0	58
1	11
4	0
0	12
0	0
1	8
0	0
1	0
2	0
0	0
0	345
28	242
386	348
3718	1245
0	401
0	0
0	0
2	0
46	185
60	345
3	714
1	722
4645	892
0	0
2	282
0	1471
625	1760
0	1378
0	1472
0	0
0	0
1	0
100	15
54	1602
0	1545
5	127
3	1141
0	3
0	891
44	3
0	0
0	0
0	49
0	49
0	3
2240	0
0	133
30	84
0	15
0	148
40	63
446	148
0	0
0	27
9	129
10	44
1	3
15	10
0	375
4	276
0	354
1	262
23	446
2	114
18	104
8	194
30	226
0	781
0	617
15	643
44	673
14	126
0	279
0	396
0	0
0	0
0	1769
5	1590
102	1267
27	1353
91	1347
32	238
0	226
3	0
4	167
108	1037
112	1129
0	1003
0	0
5	12
780	1525
4	1520
1	1459
4	457
5	10
0	0
174	0
30	484
43	21
0	468
475	0
2395	6554
0	6421
0	31
0	2
1	3
2	6
176	300
2	3
0	1
0	2
1	1
0	3
0	3
0	2
0	1
1	5
1	6
2	5
0	1
1	298
0	303
12	4
0	4
0	6
4	0
0	29
5	1
1791	3684
163	3539
27	763
0	2761
145	2944
0	1684
0	2411
0	3538
9	1594
0	788
2	786
4	1004
0	582
1	757
0	1157
0	0
15	38
57	20
21	19
0	74
5	77
39	447
89	412
481	160
21	708
2	5
4	10
28	1001
6	917
79	617
0	531
0	688
27	99
1	1164
1	716
0	0
0	0
0	0
0	0
0	0
17	58
919	188
0	143
0	514
306	206
0	4
0	2
0	0
0	0
0	6
0	1
0	6
0	256
0	249
6	228
0	54
0	8
0	234
2	250
0	0
1	0
0	1
0	0
2	20
0	165
3	1
1	12
563	483
2	480
0	482
2008	1955
0	947
3	1567
0	1795
0	1889
18	1849
5	172
2	8
167	843
91	840
3	18
6	0
107	5
2	5
0	6
0	44
13	79
4	172
19	3511
11	3817
2	195
0	11
0	41
2	721
105	1946
39	3869
27	3770
0	3932
7	472
3	265
7	1
1	116
21	96
3	262
0	171
0	164
3	301
21	302
0	350
0	327
43	284
0	19
0	308
0	28
1	44
18	46
0	42
1	28
0	0
10	243
0	1
0	0
124	0
26	537
14	548
1	74
0	12
35	15
1	384
0	96
0	51
1	1
0	0
2	0
83	2591
1651	2324
56	930
239	2095
8	2328
0	2381
32	4535
1	162
0	540
0	4218
2	152
7	586
1	145
0	4528
1	4209
37	436
0	413
2	141
0	89
0	37
8	27
7	14
0	28
2	376
3	7
39	5813
253	6880
112	7589
3	2664
63	5782
4	5048
38	2737
0	2856
0	240
2	388
0	113
0	135
0	112
0	14
1	178
13	1952
13	1869
1	1816
11	1815
210	1679
0	102
0	411
0	266
16	117
0	141
42	59
3	0
0	1885
20	2130
484	3
261	0
0	0
0	0
0	0
45	1537
2	1374
19	1051
260	1186
0	130
0	1
6	8
167	0
0	0
11	5
0	5
4	476
0	432
18	210
0	221
0	450
0	682
0	591
9	0
107	0
0	0
0	0
0	0
41	302
0	275
0	302
3	247
0	0
0	0
1009	2
0	422
2	174
49	422
0	54
1	54
0	0
96	4174
346	4747
16	607
5	2251
4	4112
30	1333
0	1567
0	4096
1516	1688
19	1202
0	854
0	0
0	0
0	0
0	0
2	509
0	558
3	65
1	147
1	55
0	9
1	1
0	21
0	384
0	7
0	16
31	461
1	236
0	0
0	0
412	76
1	39
4	21
1	33
0	65
3	60
274	148
0	104
2	44
15	0
3	103
0	109
0	86
27	110
0	86
3	45
0	17
89	226
4	214
1	217
16	514
0	23
0	23
0	23
0	6
0	2
0	0
0	179
0	179
340	17
1	0
0	17
3	2
25	0
8594	90
47	84
14	0
0	0
1	0
0	0
0	0
0	0
156	0
226	282
6	111
3	6
1	70
3	29
0	12
60	754
8	754
0	66
111	0
29	319
2	246
8	155
0	64
8	18
0	40
6	3
71	1313
3	1344
0	213
7	281
0	127
26	84
10	13
17	302
0	29
7	40
0	132
3	103
0	6
0	6
0	6
13	3
0	3
0	0
6	0
0	3
4	6
8	20
3	32
2	19
0	5
0	3
17	0
0	25
54	2008
3	195
0	191
5	14
0	13
0	2045
0	215
5	233
0	482
27	287
67	503
163	427
2	424
0	68
6	25
0	0
10	133
11	95
16	57
0	0
0	0
1	381
0	85
5	384
116	11284
1375	11284
0	0
0	0
0	0
926	156
2	6
0	21
1	131
952	114
4	113
1	0
16	0
0	0
0	0
0	0
403	804
67	797
10	9
6	6
457	0
0	0
3	337
0	2
0	2
0	0
0	0
0	0
0	2
4	229
0	249
0	241
0	208
1	9
2174	509
28	75
4	13
13	133
6	73
0	95
61	270
0	59
3	62
10	33
0	5
4	5
6	13
0	6
165	176
20	176
2614	703
0	700
0	228
0	1
0	1
0	1
0	1
0	1
0	1
216	0
250	390
0	362
0	21
2	7
0	5
0	1602
0	39
115	0
0	0
0	333
0	393
37	393
13	1537
4	209
0	1529
4	1032
1	208
8	814
0	1
0	4
0	6
4	1231
0	27
0	8
0	269
1	185
15	152
34	928
0	1
0	1
3	3
0	3
0	0
0	0
0	0
1159	1130
0	1153
4	845
1	572
0	34
4	0
4	1
5	0
1	1
28	0
15	1
1	0
12	0
1	0
4	2
3	79
177	80
0	0
49	0
0	11
847	746
1	760
4	742
784	71
3	70
0	357
493	415
3	176
77	2170
0	18
164	2219
0	6
1	56
1506	1649
64	670
0	161
4	61
2	72
0	0
0	11
0	11
0	11
0	11
0	11
0	11
0	0
0	11
0	5225
294	15360
12	4015
0	7193
186	3859
55	6477
27	1830
4	1341
0	576
1	7
98	64
11	475
2	65
3	436
1	89
0	297
11	6
0	0
55	199
0	15
133	90
1	12
0	89
0	14
5	14
0	13
2	14
0	14
0	0
0	0
0	0
118	1
76	921
0	919
1	2
5	921
1	34
182	89
27	57
0	7
1	39
45	325
15	462
0	42
0	0
16	114
0	123
0	15
53	272
4353	828
4	827
7	7509
112	8605
4	7640
0	7527
0	6948
0	4777
4	2971
1	2318
0	1733
0	421
0	25
1	6
1	255
6	782
2	2
0	1
0	10
13	5
2	0
0	0
0	0
0	0
1	198
130	234
0	28
0	54
0	40
0	0
0	4
0	26
0	26
0	0
0	1
2	0
0	0
0	1
1409	283
0	273
3	79
573	478
0	477
5	15
1	2
2	239
53	143
0	6
32	116
10	77
147	246
28	230
0	45
10	143
6	25
4	12
6	1
0	0
1	1
1	1
0	1
1020	0
0	639
1	661
44	140
45	2
7	623
4074	5
40	41
33	41
0	23
0	1
0	1
0	0
725	535
7	263
4	54
0	119
5	119
2	16
163	11
0	7
4	4
1	5
17	0
40	69
0	5
0	69
212	177
0	158
0	9
117	15
7	4
103	14407
14	10944
6	11093
1	12185
1594	8722
0	2401
0	1015
0	809
33	383
1	4266
0	4
0	1152
0	157
5	2
0	1098
1	0
1	17
62	2142
54	2100
0	15
46	159
13	262
0	223
582	627
0	627
0	609
18	670
0	28
1	5
4	8
0	661
24	1157
4	1157
0	26
0	0
21	11
5	864
4	199
205	2969
0	2801
6	2994
3	1
5	264
21	216
37	394
7	192
2	5
1	0
31	0
6	3857
11	398
1	224
1	6
1	53
6	118
39	11
0	3812
7	0
0	0
0	0
40	65
10	130
38	306
9	75
228	1218
11	1020
4	185
91	424
37	10
10	113
0	0
0	0
0	0
0	0
0	0
0	0
0	0
0	0
2	69
0	273
31	202
13	35
10	48
0	272
730	109
2	109
3	96
8	72
2	0
7	0
0	0
30	876
10	938
335	934
1	7
2	5
7219	4373
0	1817
4	1750
0	1
0	1
2	3
0	3
285	0
0	0
4	0
25	1531
1	1413
1	1268
3	252
562	667
1	533
14	598
0	21
0	43
1	76
29	89
0	0
201	2256
2	0
0	331
0	886
0	381
1	628
2	631
1	622
0	636
1	321
0	0
0	564
18	471
1	1511
0	34
0	34
460	25
39	2
3	15
505	4070
478	3051
43	4088
8	207
0	2
0	2
38	35
9	116
1	396
12	389
38	454
32	69
7	320
9	50
16	68
5	3
2	3
308	2584
5	2597
0	633
22	335
0	34
7	56
10	58
9	24
9	957
0	840
5	820
0	106
0	81
33	102
0	122
2	130
13	159
8	0
12	214
0	0
0	0
0	553
47	31
0	1
13	31
3	30
0	0
1	0
2	118
0	7
0	6
0	17
0	0
1	0
0	0
0	167
1	199
0	484
0	14
0	52
0	18
0	52
0	69
0	0
0	0
0	0
0	190
34	496
8	314
4	295
4	79
153	153
0	56
527	188
0	131
10	1
53	1218
0	1219
9	1136
8	68
1	16
0	1
1	1219
0	0
0	8
2	64
0	1
0	0
106	252
13	248
4	28
8	0
3	8
0	59
12	22
0	7
0	7
0	376
20	185
0	179
0	1
0	43
0	12
26	111
1081	641
0	470
341	164
0	35
0	129
0	36
1	21
38	28
2	13
0	15
0	717
127	716
2	385
20	276
20	276
158	103
0	56
0	42
3	0
0	0
0	26
0	0
0	11
4	0
0	8
2	0
756	333
1	332
16	6
3	298
5	31
0	12
0	285
0	0
3859	1004
45	821
13	175
85	629
3078	757
17	731
17	768
0	0
3	0
0	0
1	69
0	61
0	52
0	1
0	0
0	1
0	1
31	23
1	131
72	130
6	48
13	3
998	7689
0	1152
113	6649
4	7434
107	4281
1	458
6	312
0	325
11	263
13	150
148	0
381	135
1	2
0	68
1	116
0	14
0	1
0	1
30	8
0	6
0	6
0	0
0	0
0	0
0	0
1133	43
15	4
1	10
0	29
12	2218
85	2002
0	0
0	1383
0	280
50	557
1	157
0	0
389	521
9	1
4	44
0	38
0	0
0	2115
0	0
0	0
1764	138
2	138
0	0
1075	455
0	49
0	410
1	44
5	1
0	0
0	1
0	0
0	0
0	0
58	3
0	1
5	2
355	10
0	10
2	11
1	9
0	6
0	2
12	59
13	39
0	84
0	371
12	1293
54	21
0	7
1	31
4	1230
89	171
143	171
3	1
9	1
2	3
0	3
117	898
3275	1057
15	1011
0	167
0	593
0	257
4	184
0	885
0	0
0	0
0	0
1427	48
0	45
0	0
731	146
0	145
519	2647
39	1007
11	1527
0	1166
6	2
7	0
17	57
3	52
3	35
702	361
0	360
0	0
0	0
51	344
4	329
0	0
11	8
0	51
0	0
0	12
3	11
0	9
0	10
0	0
2	2081
4	452
16	1978
4	1919
0	425
6	338
0	0
7	2
1	143
4	15
0	143
0	1593
27	1
0	1
541	1126
1	1025
3	103
1	2
2	54
0	0
2	54
13	20
11	16
0	1936
0	1986
0	1901
0	1637
2	377
0	1023
0	1457
4	70
5	949
2	463
2	117
0	1799
0	1906
70	68
3	61
6	0
1	0
1	0
13	689
0	491
30	664
0	493
23	31
0	1
6	0
9	45
1096	2206
41	2167
27	344
0	2
8	6
38	132
2	31
1	2578
0	2525
0	664
0	308
12	83
1	2603
0	0
80	101
7	124
1	46
9	28
1	33
0	0
0	0
0	0
0	0
5	0
52	508
1	260
0	108
10	50
9	203
10	64
0	11
0	2
0	8
2	14
0	3
0	4
0	9
2	2
0	0
794	49
2	48
2	0
174	9321
3	9323
2	6286
1	343
0	365
4	325
0	0
0	16
10	16
4	24
309	24
7	21
4	0
0	0
0	0
97	362
56	508
63	115
40	282
900	6414
26	12
0	28
0	3751
177	6340
0	47
15	17
0	2
0	2
0	0
35	49
12	0
11	0
0	49
0	0
11	1
0	1
28	228
9	127
0	125
8	210
0	97
0	22
2	0
0	1
0	1
0	222
1	272
12	290
0	272
0	32
0	11
0	17
1	11
0	1
25	0
0	0
1	104
3	106
1	1
1	106
0	86
0	52
1	368
1	419
0	446
0	488
13	434
3	341
3	285
30	134
3	0
1091	310
24	275
3	158
0	0
0	0
0	0
0	3
0	5
0	5
0	0
0	1
0	3
475	1283
0	1070
0	671
0	958
7	729
4	104
0	958
1	0
29	0
0	44
0	19
7	51
0	0
2	0
9	4
15	0
1	0
0	0
1	1
16	6
0	6
0	0
0	0
0	0
0	314
0	314
0	325
0	323
0	304
0	314
0	309
5	20
1	16
0	0
1	15
0	0
1	10
830	463
62	408
3	447
0	30
1	41
47	31
0	564
4	563
149	564
512	567
4	2
0	8
0	10
0	10
0	10
1	12
1	10
0	12
0	3
0	1
3	1
0	0
0	0
0	0
0	61
68	61
0	3
0	17
0	6
0	17
0	18
0	16
0	0
3	2
0	2
0	0
1	0
0	0
0	0
0	0
0	0
11	315
0	18
0	40
0	312
56	338
0	338
4	0
0	0
26	4594
10	1625
1	24
1	39
53	2983
515	1
9	512
95	510
12	105
0	58
0	150
2	97
0	33
0	39
3	4
0	1229
0	1230
31	1366
0	1093
1	60
18	1112
1	1204
0	11
5	1133
0	779
0	2
7	33
0	198
0	1226
567	0
0	1
0	1
0	0
0	0
1321	171
0	0
6	171
188	3547
49	3589
6	3035
23	3015
21	7
3	32
10	196
3	291
1	0
3	1082
1390	1773
103	1327
40	1566
6	220
2	84
0	0
0	0
0	0
0	0
0	0
0	0
0	500
4	20
0	500
120	0
70	0
2192	13
0	4
1	8
8	0
517	59
0	59
398	50
0	45
0	6
0	4
0	47
0	47
0	46
0	23
0	523
0	310
6	239
7	9
0	13
1	0
36	523
11	2291
8	2131
13	2310
2	277
0	121
0	973
5	2073
8	136
35	2
2	398
100	838
1	345
0	0
4	194
3	194
0	194
2	0
0	0
0	2
0	6
5	274
11	3278
7	0
2	3200
0	148
0	135
2	80
4	138
0	17
0	72
291	1538
8	5
32	187
13	852
49	35
0	714
0	1397
0	0
0	0
0	0
0	0
0	0
0	0
0	0
0	0
0	0
0	0
622	151
0	150
0	0
4	0
26	268
23	271
0	37
6	88
39	40
8	17
9	59
126	538
0	567
3	268
6	234
0	195
0	226
2	92
4	30
0	70
6	596
1	45
0	41
6	40
0	3
1	103
0	89
0	114
2	81
0	294
10	192
5	232
3	57
2	78
20	242
0	112
2	256
0	28
2	18
0	18
0	0
0	0
0	8
0	8
0	8
0	8
0	550
4	570
0	478
0	37
15	423
87	0
737	0
5	0
387	2632
42	351
44	158
459	2084
1	284
4	554
0	43
3	75
1114	1766
2	1702
10	77
0	553
29	1
19	91
874	554
0	123
15	294
3	168
3	1
875	755
0	755
55	942
11	849
2	103
0	0
0	0
1	8
0	0
0	0
0	0
0	0
13	12
0	12
0	12
1294	380
34	162
0	221
2	21
1069	35
0	34
9	0
0	25
1	24
0	5
0	2
309	265
2	42
9	207
0	122
22	679
42	422
31	621
278	6
2	6
1	624
8	624
10	117
1	16
6	207
12	351
1	110
1	32
2	1
176	29
0	25
4	304
644	532
0	7
0	242
3	1
6	11
531	610
0	0
1	0
6	646
0	9
0	0
22	641
2	7
0	201
1	72
0	253
8	468
24	469
1	20
7	8
215	1606
161	1348
3	301
6	178
2	323
25	303
0	153
0	92
1	22
13	61
966	634
3	61
5	305
3	129
3	153
0	0
132	1720
0	2
7	1702
0	148
2	16
39	924
117	1659
1	916
0	198
0	570
1	503
0	470
5	679
0	443
0	323
0	273
0	6
11	638
0	295
0	276
10	339
125	190
278	4985
13	232
19	1436
20	628
2	4109
2	1429
1	313
8	9
899	360
8	360
0	10
0	0
0	8
0	6
7	41
0	40
1	14
0	0
410	510
4	327
1	33
0	1
0	29
0	0
1	8
0	2252
9	682
0	82
0	55
1	191
1	2289
13	2323
43	88
2	91
2557	233
0	149
4	85
227	8
5	8
0	477
0	460
1	15
0	24
0	17
16	481
7	0
8	35
0	37
12	85
15	141
1	325
2	317
10	142
12	100
17	157
1	22
5	32
0	174
6	69
25	67
0	0
0	0
0	0
0	0
26	576
21	1244
0	24
35	30
3	60
1	1
0	33
1	39
15	606
869	68
22	2
42	62
0	1112
26	1125
0	769
567	0
0	0
0	0
4	3
16	1073
6	2
2	105
3	0
5	0
0	0
0	1049
0	0
2	1077
15	81
7	107
0	217
30	117
0	1075
0	0
0	0
0	0
37	168
10	107
1	1
6	0
41	138
7	16
2	21
0	24
0	4
0	1
0	1
1137	974
31	519
0	305
2	231
3	14
7	97
19	325
28	0
0	325
19	294
17	604
37	44
0	202
1	70
0	6
0	0
2	2
4	128
0	24
0	46
1	103
2	46
0	19
0	611
1264	72
25	72
0	387
3	559
0	847
4	60
0	518
2	548
1	37
1	1
0	34
5	73
1	10
0	10
0	7
0	0
126	763
2	1198
0	1362
5	1435
5	52
2	138
0	305
0	125
0	86
0	19
44	302
4	265
0	23
7	6
2	0
0	36
3	24
0	13
56	21
0	21
110	22
0	9
11	6
9	19
6	239
0	192
0	279
0	183
1	226
1	79
0	69
0	60
3	229
0	27
7	107
1	89
3	62
3	46
3	0
382	93
1	23
0	50
0	20
2	21
5	80
2	9
0	2
24	59
0	0
83	1718
11	1718
1282	365
2	365
0	1
0	1
260	123
11	123
535	288
4	197
80	307
3	18
26	124
6	124
1	124
1	3093
0	192
5	89
6	34
0	3104
147	248
0	248
0	4
0	13
2	50
5	8
3	376
0	353
0	303
318	1167
23	1113
0	227
94	403
2	0
0	7471
1227	8816
19	8821
18	410
11	66
0	64
0	5
1	6
4	11
335	1
5	95
6	152
0	156
0	147
0	65
1	141
2	17
0	1
0	147
0	95
1016	1067
24	199
84	1
16	868
1	31
0	0
0	617
1	617
0	616
23	617
10	441
5	30
0	2
0	2
0	0
0	78
422	662
0	677
21	296
0	21
22	75
3	72
0	39
0	53
2	2
0	12
0	0
2	47
1	84
1226	68
220	0
13	491
0	93
0	223
0	23
2	449
0	370
5	449
0	20
1	104
2	56
0	89
0	8
2	567
2479	3214
2	1375
9	1073
0	1673
1	31
2	14
4	10
2	186
43	903
0	901
18	383
634	789
2	574
0	494
0	433
0	77
33	102
4	92
0	772
5	772
5	0
0	290
75	242
6	97
11	2
122	0
12	1
0	1
0	0
1	0
0	0
0	3
0	0
0	0
0	0
0	0
1	0
642	570
4	228
5	98
7	18
10	2
14	2
24	2719
0	2694
35	2386
35	50
8	0
0	2719
0	421
249	1602
2	418
12	1384
85	1431
12	0
27	298
3	298
0	0
0	0
72	69
4	69
0	1138
2	536
0	57
30	1138
0	82
0	84
0	83
0	0
0	3
0	0
0	0
0	0
13	749
25	729
0	200
2596	1
46	3
1	3
255	196
5	0
5	196
25	158
1	2
42	438
7	399
10	129
2	68
1254	293
3	105
0	188
81	567
76	102
80	289
0	38
0	547
752	15
2	15
115	575
24	558
0	43
10	415
0	3
22	1
14	2093
13	0
0	0
32353	13
12	2195
251	2380
1	2149
0	786
0	473
1	26
0	24
6	27
0	2
0	2
0	1
0	7
0	0
0	0
0	0
26	20
0	431
1809	442
0	10
2	227
11	58
0	158
0	69
0	19
1	102
0	7
0	3
4	18
0	5
1	0
0	1
0	162
0	73
729	0
0	1
1	1191
2	2114
0	2056
75	333
2	483
0	522
359	861
13	973
1	373
7	200
1	111
28	295
2	7
2	0
7	0
0	182
678	3
281	139
1	138
0	139
44	20
1	5
3	13
0	13
0	21
0	18
0	12
0	1
0	0
0	0
0	0
57	715
2	715
0	30
0	89
0	76
3	16
0	12
3	0
0	1
10	95
2	35
0	72
0	12
0	0
7	70
1	0
0	268
0	0
0	0
1	0
0	0
0	1
2	1
0	0
0	0
0	64
0	64
3	270
0	3
0	0
769	1386
3322	1324
4	572
2	163
373	0
0	5
0	2
0	3
0	0
0	0
0	6
0	127
0	176
14	232
23	128
0	0
1	1
0	207
0	202
0	22
4	22
26	740
2	595
0	201
1	215
1	8
9	297
0	103
2	216
5	222
35	254
0	248
2	13
36	0
0	0
1	1
0	1
0	0
10	0
0	0
0	0
68	142
0	131
0	116
0	99
1	1
233	114
0	1
0	21
0	114
0	0
1	0
0	0
0	121
0	176
12	13
6	11
2	50
1	27
115	0
2	0
0	0
411	0
2	0
0	0
0	0
39	1269
0	1969
78	7
0	3
0	1
2	4
37	1296
24	723
453	916
0	216
34	0
0	825
0	819
0	823
0	822
0	379
0	381
0	744
36	744
0	132
0	16
0	1
0	1
106	211
4	196
6	85
3	22
0	0
0	0
0	0
25	29
0	42
1447	254
9	221
0	0
0	0
1	0
0	749
10	740
25	523
0	762
0	96
0	681
0	587
21	520
0	0
7	0
0	27
7	44
24	4
3320	1319
4	615
12	705
1	396
0	972
11	189
2	156
3	46
23	785
0	620
1	0
41	8
1295	143
0	83
0	12
25	1
1	35
4	14
0	0
0	0
0	0
0	0
439	1745
7	856
626	1755
1	58
4	1226
17	704
0	55
0	46
0	10
0	35
0	55
1	46
0	5
2	5
1	2
0	13
0	17
0	5
0	0
0	0
0	148
1603	148
7	124
0	78
0	52
11	199
0	168
2	106
0	54
1	60
5	54
14	5
9	12
0	170
76	309
0	16
2	309
7	3051
80	3057
0	2500
22	64
26	439
114	831
2	101
7	180
0	10
0	2500
317	649
5	0
15	115
5	13
0	481
7	408
4	312
61	588
11	525
0	193
0	138
43	596
5	8
0	181
9	10
3	9
7	76
0	4
0	7
0	0
0	0
0	2
1968	11292
6	7435
7	10927
14	2435
1	6
136	104
0	49
52	73
0	58
490	1552
11	860
0	1552
0	3
0	3
0	2
0	0
0	0
1	2406
1	1299
16	2487
1087	6278
6	881
0	6007
3	792
0	2103
5	2258
0	1209
0	8
2	175
14	0
0	0
0	0
0	0
0	0
0	0
0	0
0	0
0	0
0	0
0	865
4	858
2	856
0	906
0	111
5	397
0	21
31	202
3	2
0	54
1474	1
0	0
648	365
7	37
8	2
0	327
3	0
0	0
1	326
7	316
11	270
2	319
0	301
0	305
1	396
0	415
4	20
10	7
5	3
4	6
9	20
42	13
0	0
0	0
103	0
112	75
0	0
0	0
0	152
0	159
33	71
0	64
6	0
0	12
0	159
1	95
1	172
10	58
0	106
20	7
146	255
11	56
1	98
0	0
0	0
0	1671
0	1692
0	888
0	14
0	1763
7	341
0	1792
0	1798
7	1878
15	117
5	1648
0	748
0	984
0	5
4	205
2	44
14	4
1	567
313	2540
8	425
2	689
0	207
2824	6047
271	5844
11	653
13	1157
337	1294
1	62
0	55
2	62
1	52
0	52
1	0
1	3
0	0
0	1
1534	470
0	121
0	406
0	2
1503	1285
5	1202
100	1206
1	1026
0	869
0	932
2	466
1	175
229	656
0	53
0	466
0	327
0	0
0	521
15	123
2	4
0	4
0	0
0	0
29	25
0	1472
14	1506
48	886
0	1145
4	1259
25	1089
1	1312
0	227
8	1505
2	0
303	526
41	526
2	134
0	0
0	0
0	0
38	0
0	0
266	73
2	58
0	0
0	17
1	20
0	1
0	0
7	177
0	25
0	176
421	373
1	217
0	279
0	185
0	90
27	2651
1	2606
43	1370
2	0
3	12
0	82
1	187
1072	2621
1968	1537
0	60
1	823
1	310
27	33
5	22
0	0
2	677
0	93
0	916
0	1000
5	300
0	318
0	273
0	0
0	0
29	727
0	1356
0	1295
0	386
0	1191
19	1103
12	20
127	148
0	1191
0	1044
86	33
3	33
1	0
0	0
0	1
0	1
0	1
7	0
35	148
0	115
1	58
1977	202
4	12
23	83
38	213
0	0
4	2
0	2
0	0
3	78
0	0
0	0
0	0
0	0
0	0
0	0
0	0
34	0
0	230
21	126
0	98
0	230
8	5
1	3
0	3
0	5
1	3
0	3
1	1
94	135
0	50
5	85
550	192
4	7
0	176
27	10
2	29
10	19
4	9
0	0
0	0
121	1554
96	1553
0	57
6	18
0	149
1	3
101	359
0	2025
5	857
2	846
0	19
0	201
0	1235
1	1861
2	1934
1	0
2	802
0	395
0	1539
0	1514
0	1596
0	1592
0	1510
0	1621
0	1596
0	1506
0	1510
0	51
0	1530
0	1555
0	1480
0	1705
0	1637
0	138
0	1
0	1203
0	1
10	0
10	0
0	1847
0	1763
46	2143
5	1836
0	148
0	438
58	943
12	346
335	48
15	128
10	433
3	501
1	186
0	189
0	166
0	244
0	70
1	73
66	292
12	259
1	16
0	5
7	2
6	90
0	247
1	0
0	1
0	2
0	1
0	2
501	364
0	169
0	0
1	123
3	93
23	19
98	2641
4	497
3	3005
2	2869
4	987
0	882
2	847
1	140
0	0
0	0
0	22
15	63
13	506
3	508
5	131
14	4016
20	1739
0	3315
0	673
243	3657
0	2345
21	2672
6	276
7	39
6	398
302	0
1	407
0	4016
10	556
0	459
0	172
28	598
6	48
6	0
101	0
13	349
8	0
29	12
1	12
0	23
6	21
0	0
0	0
0	16
0	14
2	7
0	3
0	0
0	0
0	0
104	32
0	6
1	26
0	0
0	2
2	193
250	193
0	60
0	22
0	57
0	60
0	57
0	57
46	11475
3530	11717
0	8878
0	3829
2	3710
0	2464
1	1012
13	1488
21	1720
0	457
5	826
0	0
0	133
0	0
0	0
0	0
0	0
0	0
238	860
23	829
0	412
0	377
14	1
13	327
0	13
4	56
2	24
0	2
0	0
0	0
0	0
2	0
0	0
76	40
0	13
0	24
5	1
0	4
0	11
2	497
1	0
3	41
1	25
0	21
0	81
2	86
3	35
9	1
7	18
0	497
4	0
178	1302
24	675
0	331
0	1037
0	1062
0	1
0	1
39	492
28	493
17	631
0	138
1	0
0	0
0	12
14	42
0	16
8	3
0	1
0	6
0	0
0	6
0	36
0	21
0	36
1	0
28	6
0	666
827	665
3	0
0	491
3	1531
2	1094
0	22
0	1125
0	1086
6	51
3	150
3	75
215	108
0	0
0	108
0	0
0	0
106	1146
0	0
0	0
2	0
0	0
0	0
2	134
0	134
12	131
3	138
1	0
0	139
1	4
3	56
26	56
0	1
0	436
1	108
26	47
0	9
0	28
1	436
41	0
24	3615
23	3659
63	3584
0	242
123	145
13	160
24	128
0	3612
0	25
5889	907
65	700
0	0
20	0
3	0
0	0
0	0
1	2
0	2
0	0
1	0
0	1
0	0
0	2
0	3
2	6
2	2
0	3
0	0
0	0
0	0
0	0
0	0
0	0
2	0
0	0
9	290
3	283
3	221
1	36
0	16
2	17
0	18
2	1
1	0
29	2
0	2
62	337
0	881
65	853
1	7
39	1
6	0
0	511
20	76
10	45
0	10
1	9
21	824
25	823
7	796
3	45
0	62
19	621
6	20
2	33
4	0
15	138
254	2171
19	1955
2	10
1	829
1	60
0	926
5	378
0	794
0	23
1	57
3	758
20	47
1	47
0	47
1	4
0	0
0	0
0	0
0	0
246	740
0	735
0	739
22	921
15	234
25	718
0	2
14	718
0	1131
1039	1132
6	8
0	130
0	23
4107	26
13	303
370	236
4	206
9	315
3	188
4	94
5	121
8	446
3	164
5	303
1	140
0	161
28	21
6	246
2	183
0	23
0	295
5	2
3	49
0	6
0	17
103	21
0	0
19814	13
10	4
1	221
1221	3480
142	3316
1	1
0	316
8	316
1034	0
521	299
0	114
0	157
2	157
19	23
18	94
4	30
11	9
0	0
0	0
0	0
0	31
7	32
2	29
0	8
0	10
2	805
1	822
0	899
4	827
1	701
65	128
14	52
4	832
13	42
5	42
0	10
1	2
0	8
0	10
0	8
0	8
11	147
0	150
9	70
0	50
6	195
0	197
0	197
0	49
2	26
0	200
432	0
52	637
0	510
0	252
0	44
0	1127
42	411
13	1539
12	259
0	134
31	132
0	0
0	73
1547	13539
2	7775
71	6181
2	2506
0	335
184	5150
0	6327
608	7956
13	721
64	6788
0	633
0	621
0	6750
1	122
33	5518
0	3716
0	1163
6	10
7	912
17	37
33	34
2	551
10	130
1	130
0	1
0	3
0	8
0	0
1	5
1	6
0	3
3	20
4	83
3	41
1126	1
0	0
0	0
0	0
224	0
0	1
2	1
0	526
1	32
1	91
0	1
0	130
5	16
1	117
14	65
4	0
0	2
4	25
85	17
0	68
0	5
183	5
0	5789
88	5070
8	1099
83	5035
10	3774
0	552
0	4608
1	264
1	194
6	42
1	0
32	40
377	1882
15	1325
0	396
250	541
1	305
0	107
0	0
3	56
0	134
11	119
0	83
21	98
0	28
0	4
875	333
4	20
4	106
0	12
10	94
64	0
787	0
133	1
4	247
14	247
0	7
0	0
2	55
0	38
5	22
2	20
0	37
0	336
299	353
4	21
2	76
0	67
0	127
0	127
0	127
0	127
0	168
0	127
0	127
0	142
0	101
3	76
0	33
4	41
554	350
1	57
2	349
931	1598
8	1096
4	9
0	74
0	263
38	2
141	0
3159	1
4	410
14	351
49	201
18	208
30	55
1	40
0	38
1	8
0	0
6	25
0	37
0	28
0	18
0	37
0	1
0	0
0	0
5	1268
18	735
0	239
0	666
8	82
0	1216
4645	37
6	15
457	0
1429	914
41	819
18	82
3	44
1	0
6	23
1	129
0	0
0	0
0	0
18	951
19	918
2	352
0	51
0	2
15	246
0	131
1	161
0	616
0	0
0	0
7	111
593	199
0	16
13	99
44	26
0	0
0	0
14	75
0	28
0	0
4	66
1	27
0	11
1	11
0	0
426	1144
189	628
8	617
4	226
18	606
1	1
2	124
0	54
1	259
0	550
0	1022
539	2914
2	2353
0	1524
0	289
4	16
460	4731
0	4627
0	2183
0	88
5	780
2	48
1	5
1256	0
474	2
1	0
0	297
0	821
13	39
56	176
51	430
28	20
51	516
0	69
3	94
13	4
3	41
7	2
12	41
0	45
13	59
6	39
0	39
0	3
5	2691
238	2691
2	234
0	0
1	0
3	0
0	0
0	0
0	0
0	0
0	0
0	0
0	0
2	2906
188	3077
0	1948
8	495
3	75
18	701
0	777
37	695
19	1024
38	199
0	185
3	183
0	0
0	0
0	0
0	0
0	2
3	2
0	1
0	0
0	0
0	1326
10	208
0	952
1	0
0	26
0	185
6	1167
0	808
0	1121
6	839
0	753
0	0
2	21
2	36
3	2
3	133
0	94
0	15
50	4
1	4
0	0
0	0
0	0
0	0
17	152
29	34
4	132
3	0
0	118
1	0
0	3
611	0
0	0
0	0
0	0
0	0
247	40
8	40
3	14
0	0
0	10619
0	11535
0	201
0	2079
10	601
17	222
0	514
149	895
6	579
0	514
87	227
54	0
555	2577
0	10
2	465
2	2266
0	1551
2	225
0	671
13	192
25	47
1	432
0	6
2	0
0	0
0	140
1	35
11	161
0	96
16	75
0	119
46	206
22	301
2	22
50	2391
193	2178
1	2151
0	28
2	1
1	1
0	28
0	197
149	196
0	26
2457	521
0	191
0	105
20	224
9	21
1	146
61	5304
12	5166
144	4322
71	1936
12	643
6	3
3	1000
42	366
15	6
0	5291
2	0
0	0
0	0
0	0
440	279
10	20
1	148
0	0
14	115
0	0
0	11
1	11
7	0
0	639
0	266
16	3127
4	1514
864	3104
17	332
0	1260
4	2404
2	966
0	2009
2	3352
237	1356
0	0
0	50
3	279
1	10
4	3237
24	29
0	0
96	305
202	1196
0	228
14	417
1	0
216	824
2	408
4	128
0	108
3	73
0	121
0	260
2	96
4	96
2	744
0	674
38	460
16	339
13	45
0	28
36	150
8	1057
0	1610
26	605
2	1558
9	1527
0	1370
0	1353
8	1037
0	1186
7	12
4	22
47	884
0	807
0	35
0	63
0	90
1	140
0	0
0	4
0	7
0	0
51	54
270	6949
138	6976
8	6972
3	1863
46	48
1	436
3	192
0	193
12	17
0	187
3	153
1	6
1	7
3	0
0	0
0	0
0	0
0	0
0	0
54	517
44	517
8	474
30	1205
1	143
4	665
9	472
11	552
0	35
0	34
1	2
0	0
0	2
1003	1064
3	1024
5	26
3	1076
140	953
554	100
0	95
0	5
67	100
23	1284
12	15
12	5
0	1187
10	234
6	1
0	336
9	176
30	718
0	718
1	1027
187	1027
2	41
52	2835
7	3909
27	827
4	2599
1	2006
335	28
667	2577
0	2527
7	1209
0	1010
12	30
6	5
0	608
1	133
0	527
0	399
3	311
0	35
0	527
0	406
1	589
121	589
0	3478
3	1204
13	642
3	137
1	124
13	581
0	1
0	3478
1	0
807	18100
3	16015
19	9443
9	13555
0	10751
0	0
640	0
0	0
0	3
0	3
0	0
0	36
16	982
6	1040
1071	1039
0	873
17	82
20	98
22	146
1	873
0	22
0	19
0	22
0	22
0	22
0	22
6	6
0	0
154	359
2	359
0	32
0	32
0	616
170	65
28	62
11	44
0	3
999	2
2	0
0	0
0	0
0	0
313	93
469	268
59	182
1	0
28	86
3222	460
9	34
3	226
0	200
614	1925
0	527
0	55
0	1901
12274	305
8	295
0	53
0	29
2	1
0	48
0	27
2	0
0	225
0	226
14	128
63	217
67	169
0	225
7	11
4	35
9	35
0	11
0	11
71	3124
139	4575
11	5031
753	4854
3	334
645	2733
26	269
132	639
10	55
2	153
4	172
0	13
12	203
12	358
1	76
16	260
8	145
0	112
92	84
252	855
44	833
6	291
31	345
3	41
18	289
13	123
2	45
461	213
5	6
0	207
0	0
3	0
466	2149
12	2149
0	358
0	40
0	1681
1	2011
0	2419
87	2419
4	1236
37	1026
0	0
2	0
1	61
0	374
0	2385
0	0
0	0
0	0
0	4
3	2
2	4
0	2
2	2
0	2
0	0
0	1808
27	36
10	1162
4	946
9	827
0	1205
0	73
4	0
0	13
13	643
3	27
2	90
0	89
0	44
0	0
0	1808
0	1164
0	1163
126	591
0	468
7	15
0	79
0	162
0	445
0	262
0	328
0	335
60	35
0	1
1	68
0	1
24	38
0	24
0	19
0	18
0	17
0	7
1	4
0	4
0	15
0	2
0	0
18	413
3	414
0	385
0	385
0	459
0	53
0	11
0	7
1	0
0	459
3	0
2	12
0	12
0	1
0	11
7	539
2	607
0	779
21	903
0	130
2	57
0	437
1	859
164	918
0	111
0	447
12	74
21	4
2	611
0	160
14	33
0	0
230	395
0	395
0	51
4	5
0	0
0	0
0	18
0	21
2	9
0	21
2	0
0	21
24	39
0	25
1	39
129	21
0	0
0	0
0	21
0	0
535	919
1	26
133	918
867	1763
33	5
0	1761
171	235
20	40
6	140
1	156
28	100
30	0
129	1144
1	1332
7	999
0	909
0	990
0	1037
0	871
0	469
4	5
0	772
0	132
6	0
10	426
3	19
0	364
0	0
0	5
0	8
1	84
3	84
13	83
0	8
374	526
6	2
1	136
4	0
413	158
11	92
3	86
2	101
229	220
0	8
0	6
0	39
0	1
4	162
1	1
161	218
0	30
0	52
3	3
0	3
0	5
0	187
6	188
0	157
0	6
32	0
54	10
0	10
3	71
0	73
7	11
2	1
6	0
0	58
69	46
4	22
2	46
1	19
5	0
0	0
0	0
4	449
0	528
0	366
0	465
5	27
0	303
0	24
10	303
0	259
0	17
0	26
1	115
0	0
0	0
0	0
92	328
0	328
0	22
0	1
1	12
1	0
0	0
1490	935
0	245
11	184
0	3
20	0
2	77
5	112
0	460
4	266
0	313
2	0
0	117
2	92
0	37
0	16
9	37
1	1
3	96
2	53
15	116
5	139
0	9
0	49
23	19
7	81
42	247
3	37
1	46
15	228
49	51
0	12
0	217
0	233
1463	592
4	475
25	457
2	0
6	51
3	6
0	8
93	298
1	256
38	298
0	298
31355	3304
30	555
34	2710
345	0
7352	1038
0	1035
1	19
1	14
0	29
164	0
2	57
0	4
0	0
0	2
0	4
0	4
0	8
0	3
0	10
13	0
0	7
0	57
274	35
22	52
0	48
0	0
120	952
0	958
4	789
17	785
2	666
7	64
1	363
0	98
5	52
1	45
0	0
0	5
0	5
727	672
9	418
7	41
0	638
0	41
38	1028
93	1028
2	9
0	25
0	25
2	27
1	9
0	0
1	0
4	560
3	22
0	22
33	558
1	696
129	514
3	31
96	172
1	420
13	0
1	147
0	80
5	151
2	1052
0	638
15	972
0	1030
5	726
0	636
37	9
1	35
49	7
2	321
33	117
123	1
0	121
0	6
0	9
4	86
0	1018
0	0
0	0
0	0
5560	644
18	384
1	292
0	146
8	180
72	199
0	36
0	93
0	165
1	41
0	78
0	74
2	61
0	1
11	0
4	214
0	95
0	190
0	184
0	166
0	184
2	8
0	0
0	0
0	7
0	0
0	0
0	8
0	0
0	0
510	750
26	756
38	546
0	0
599	793
4	769
1	322
0	200
0	138
2	160
1	1
0	1
0	1
32	14
799	2962
2593	2955
38	328
12	540
769	540
3	142
0	9
125	142
21	8695
17	8648
6	8660
0	112
27	157
1	475
0	2
0	0
4	506
8	467
25	136
2	21
1	67
17	0
1377	0
9	472
0	227
0	471
231	574
0	566
0	395
11	0
0	66
33	24
9	8
215	341
0	341
29	165
0	0
0	0
2	1027
0	1118
6	1110
0	888
0	76
13	148
0	40
3	69
0	62
1	3
0	9
0	1
0	72
462	67
0	1
3	67
1	44
319	541
10	511
2	37
0	35
0	8
2	74
0	258
0	1
0	0
0	1
0	1
0	0
0	0
30	8904
0	9073
22	7836
0	8934
0	7587
0	9190
5	7750
0	1827
8	2994
0	1273
2	1763
0	855
9	9
1	17
1	564
0	2486
0	1226
17	1422
0	2513
0	549
2	2133
1	871
0	804
0	287
0	1607
3	247
1	22
1	995
1	304
1	890
3	960
84	429
60	385
2	4
11	1
7	1138
1	1124
70	1028
79	215
0	104
78	1333
0	141
1	0
0	0
1	12
550	733
6	50
0	36
0	63
38	37
2168	97
7	96
2891	543
0	541
1	0
2	853
11	582
2	409
0	439
11	164
0	370
0	161
0	680
1	30
6	58
0	717
89	1675
0	92
4	1095
20	1662
0	1
2	2
0	1
0	1
0	0
0	0
1	0
0	1
134	90
1	89
49	23
6	10
70	23
3	213
16	194
0	194
3	192
0	29
5	194
0	7
226	0
0	1
0	1
0	1
0	1
0	0
0	1
0	1
0	0
0	1
0	0
0	1
0	1
0	0
0	0
0	0
0	0
0	0
0	0
0	1
0	1
150	83
0	33
0	12
0	50
558	910
0	711
1	40
1	26
0	2
0	5
3	13
0	14
9	192
0	219
0	1
12	218
2	1334
5	1716
1114	3767
110	2516
19	338
0	65
0	1
0	1
2	64
3	84
6	152
0	136
15	81
4	137
3	0
1	14
0	1
0	1
0	0
0	0
0	0
53	5
0	0
1	5
0	0
1286	1
0	0
1084	1081
0	406
19	789
0	12
2	0
0	0
1	0
0	0
0	0
0	0
0	0
2	26
310	26
716	214
0	127
0	43
0	7
2	67
3	61
5	37
0	0
0	23
751	39
2	39
89	69
0	624
0	10
1246	916
0	649
0	889
117	1033
14	313
1	543
30	0
82	1
3	287
41	308
1	305
5	293
10	65
0	211
0	1
698	371
0	371
0	0
226	6
0	0
29	6
1	1254
0	24
0	1430
0	1907
5	3
37	2160
0	1508
2	0
0	148
0	866
4	822
0	178
11	119
8	170
4	159
1	92
0	8
0	8
2	4
1	4
1	1
0	1
0	1
0	0
19	0
6	0
2	0
0	0
120	335
4	335
113	37
1	27
11	27
0	14
0	0
0	6
0	6
0	5
0	6
0	6
0	6
0	6
0	0
0	5
0	6
0	2
0	5
0	6
0	5
0	5
0	5
0	5
0	5
0	6
0	6
0	5
0	0
0	5
0	6
0	6
0	6
0	6
8	846
62	67
0	0
73	680
0	12
62	840
3	46
0	686
0	428
0	346
15	34
2	182
24	595
93	607
2	50
2	47
2	1
0	2
0	1
8	1487
6	713
39	474
1	901
0	45
55	837
1	24
5	671
0	71
0	0
0	0
0	0
0	0
246	1363
0	739
7	425
8	715
0	138
0	26
239	999
0	338
7	1
4	1000
0	0
0	0
0	0
0	0
0	0
182	0
0	313
0	13
2	0
0	0
1	17
0	321
0	0
109	57
1	10
1	53
0	0
0	0
260	3006
2	777
14	2839
0	2690
63	1231
9	2608
29	2224
86	1894
2	446
24	338
7	324
18	841
84	74
385	2
22	465
68	27
6	26
1310	397
4	298
0	44
2	97
9	0
100	232
0	232
3	0
725	116
0	15
2	107
4	14
621	7
0	2
2	3
25	1
0	0
1788	275
0	0
15	132
3	56
4	24
219	0
0	6
0	5
0	0
2345	254
9	24
0	129
0	163
0	135
27	40
4	127
97	0
25	21
7	35
222	255
0	0
4	0
0	3
0	6
7	197
0	60
53	0
0	1
0	1
22	820
46	807
0	371
8	409
0	639
762	82
1	82
217	2309
1	882
2	2184
1	1722
1	1802
0	336
7	9
1	156
0	87
0	289
0	449
21	477
3	333
13	262
0	0
0	0
0	1
1	0
7	0
0	0
0	0
2	0
0	0
0	2455
0	102
17	1283
0	0
0	12
17	3
1606	3913
0	371
0	1992
12	4447
2	3650
14	1875
13	3486
0	4329
6	4296
0	233
2	231
3	0
0	3724
0	4476
0	2381
0	1411
1	147
4	6
36	153
13	2087
1	3737
16	3592
0	52
4	45
1	412
0	3681
0	291
45	17
0	17
2	14
0	0
1	0
0	0
0	0
6	0
0	936
1244	1476
2	324
0	926
547	492
10	495
1	84
7	37
2	4
2	0
0	0
0	0
0	0
0	0
0	0
1661	3468
2	202
5	166
3	516
9	116
0	1128
26	360
12	393
17	1456
0	782
0	8523
57	689
0	5416
57	6057
0	5995
8	8202
0	132
0	166
0	184
0	240
1	1072
0	842
0	283
7	242
17	6727
3	2414
0	990
0	7422
32	173
1	173
7	115
5	115
106	2373
540	2535
9	2328
108	2138
0	277
0	346
0	490
9	322
0	0
30	3586
91	578
0	540
19	3261
0	0
567	1
1	0
0	0
0	0
1	147
0	82
314	361
18	352
0	64
5	57
259	182
20	182
13	76
257	5
5	4
0	0
0	0
0	18
0	18
0	48
1	6
0	3
0	3
0	48
7	1463
36	1441
4	1447
0	68
1	36
0	6
0	1391
0	1065
32	183
0	160
0	169
15	256
11	53
2	94
7	6
10	27
5	91
0	81
1	48
0	11
7	0
0	183
0	88
7	522
66	499
139	427
1	434
6	110
2	310
3	316
372	1049
2	779
38	398
0	309
0	221
4	157
324	123
0	40
2	82
1	36
7	514
88	454
0	573
46	90
1	90
0	51
10	0
3	2448
111	218
3	128
165	290
1	59
1	74
0	39
4	146
0	68
0	68
5	70
7	60
0	29
6	5
0	1
0	0
5	0
0	0
0	0
0	0
3	358
20	369
9	310
1	5
25	11
2	6
6	365
1	406
36	230
0	20
0	1025
0	16
0	17
11	1030
0	5
33	559
0	907
0	0
236	382
8	0
0	148
0	168
0	27
0	27
0	1740
75	1787
7	398
1	217
0	1729
0	0
1111	369
3	46
0	90
1	6
0	227
1074	1805
1253	504
4	496
0	1773
0	185
0	1773
20	0
1	4320
207	3643
21	6
9	1893
4	989
12	62
0	4320
755	679
0	661
0	150
7	75
0	117
0	20
7	16
3	0
5	5
0	0
2734	46
98	44
0	0
20	3
0	2
0	1
0	0
118	3
55	93
13	494
8	7
3	3
1	87
2	3
25	15
0	6
15	697
400	1603
26	16
4	917
0	0
0	0
87	1719
5	1686
0	33
1	30
0	33
0	1
292	1438
0	797
26	490
0	834
0	725
43	0
56	664
25	570
8	346
0	385
14	419
2	9
29	12459
178	13868
7	1753
3	11
0	2450
6	1908
0	1611
26	519
18	3853
36	2
15	1305
0	209
3	533
3	445
40	48
2	64
0	56
0	296
0	0
1483	0
0	511
1	430
1	222
0	14
0	50
0	144
2	128
2	153
2	181
0	6
6	48
0	0
0	11
0	11
0	8
0	5
0	6
1	4
0	0
0	0
0	0
0	0
255	102
1846	2148
0	22
924	80
0	6
100	8
0	0
8	493
25	1460
0	4
1	3
1	35
107	0
7	281
2	22
34	3
2	291
56	2
0	1
0	0
0	0
0	0
0	1
2870	739
0	312
16	40
2	256
105	186
1	42
40	25
10	6
0	0
0	6
0	4
0	3
0	3
0	0
11	1104
4	1014
21	0
0	846
47	114
14	9
10	158
4	149
13	122
0	3
0	0
0	0
0	0
0	0
271	57
1	57
6	299
0	299
2	85
0	86
1	88
0	69
2	57
0	32
89	16
2	16
0	192
212	200
0	28
2	19
4	286
0	149
2	119
3	1
0	286
5	0
0	0
0	0
0	110
30	167
1	9
0	179
1	177
5	239
0	8
0	615
0	236
2	55
2	455
0	88
0	62
0	29
0	113
3	175
0	12
0	457
0	132
4	63
0	120
5	0
0	572
0	255
0	171
1	190
1	167
1	39
0	6
0	120
0	11
2	102
0	24
0	143
0	257
0	37
0	0
0	299
28	64
0	2
0	64
1089	2689
5	229
13	2471
164	46
9	5
288	2374
0	1715
0	2102
0	108
11	1939
33	3
0	354
1	95
24	175
3	7
0	0
0	470
5	0
0	0
0	0
0	0
1729	880
9	2
9	88
1	878
5	3
4	8
3	11
13	134
1128	339
0	286
0	203
187	533
12	298
2	374
3	9
134	34
0	0
0	32
27	25
1	0
138	242
179	2316
0	2079
5	5
1	313
33	1
19	381
7	0
13	245
1	168
4	25
3	186
18	3
17	46
0	31
1	26
0	13
0	67
2	13
1	64
31	67
1	6
169	700
1	167
37	498
8	386
3	63
0	68
4	2
432	893
0	819
2	728
7	691
1	207
1	398
0	375
1	375
0	0
0	0
52	361
0	361
150	387
85	387
10	12
0	3
0	3
0	0
0	0
9	33
0	7
0	31
0	4
0	33
223	1404
974	1634
38	390
12	954
7	583
0	67
5	135
1111	685
1	588
1	206
0	39
51	95
0	11
0	863
2926	2075
8	1001
11	284
1	0
109	1632
0	6796
0	4007
157	6738
325	6582
190	6154
5	329
53	3482
0	3532
7	3687
0	177
32	12
151	2716
10	22
5	744
0	151
6	1142
0	856
15	3644
0	0
0	0
0	0
0	0
0	0
0	0
0	0
0	0
0	0
0	1
3	0
0	1
975	73
4	68
2	8
0	0
0	0
0	0
2447	1
0	0
0	0
225	1
7	1
222	12
7	12
0	4
0	0
0	0
0	0
3	218
463	28
31	28
1033	82
0	82
57	0
0	0
0	0
0	0
0	0
0	0
3233	2
0	0
0	0
0	0
1	1
0	1
904	412
10	422
0	13
84	222
0	9
1	95
15	20
5	1
1	33
5	88
0	0
0	0
0	0
0	0
0	0
3	64
0	0
1	21
0	4
0	51
0	60
1277	343
3	3
5	193
22	78
0	3
7	66
5	468
12	466
0	2
0	13
0	2
232	184
9	75
1	109
30	529
1405	605
1	159
12	44
10	76
7	1
154	1408
42	1162
3	1175
0	668
0	321
6	0
2	14
1	278
2	85
2	201
2	35
15	26
18	684
0	604
0	505
41	353
0	249
0	91
1	411
0	710
0	575
0	715
1	520
20	897
0	623
105	361
2	35
8	297
13	10
0	751
0	3
3	3
0	171
11	171
26	48
0	52
0	48
2	7
10	5
0	7
0	0
0	0
0	0
0	5630
0	442
0	304
0	2023
15	5808
1	89
104	90
1	0
6	708
2	601
15	376
0	244
2	62
13	33
0	2
0	79
0	21
0	48
0	85
4	51
58	259
14	134
15	18
3	363
0	6
0	0
0	0
0	0
43	63
0	60
0	5
0	26
0	0
0	0
0	0
2	2257
87	2223
78	1960
1	1494
16	1427
2	0
10	53
270	431
2	8
0	192
80	378
0	6
0	10
10	9
61	85
0	84
0	0
21	0
617	4546
2	3858
0	0
0	1758
0	681
1	127
0	360
1	1127
8	15
0	1
0	0
0	1
0	0
0	0
0	113
7	114
1	42
129	1275
3	1274
1	270
3	243
1	757
0	516
107	2208
25	2312
31	2087
7	186
28	458
1	2207
2	3
1	4
5	215
17	2207
0	2215
36	324
0	324
2	57
1	2
0	2
3	0
0	0
0	0
0	0
0	0
0	0
0	0
0	0
546	0
0	0
1	969
5	104
2	122
24	913
67	913
4	0
33	0
22	659
0	550
2	669
1	1
12	503
46	590
6	177
4	7
767	0
1	174
35	174
0	0
144	4813
0	0
0	350
2	6
0	969
0	0
0	0
0	0
0	0
0	0
3	1
0	0
0	0
0	0
0	1
7982	8
6503	1516
15	1469
1	62
0	0
0	0
0	0
0	1754
2	1728
4	1677
4	96
2	2
0	184
0	31
0	40
20	6
0	0
18	0
19	0
0	0
2	0
0	0
0	0
0	0
0	0
0	0
2068	264
29	264
2	921
11	1002
0	1256
0	616
0	0
2	2
1	50
2	531
0	0
0	56
0	45
0	45
42	56
2	1247
5	936
4	1261
1	1001
0	61
11	467
0	40
1	13
17	112
16	2166
5	0
7	267
5	63
0	13
1	45
1	67
1	91
0	54
1	1
6	0
0	2129
1	9
1	9
4610	2466
45	136
146	1392
0	1972
7	1166
0	153
0	0
1	1
114	0
9	29
3	29
0	291
0	978
47	978
219	1559
60	1167
0	3066
3	3040
0	87
4	2
5	143
144	1830
326	647
0	647
204	1831
0	1825
1	3
2	8
1	201
0	187
0	0
5	0
0	0
189	2003
0	2002
54	146
44	174
0	0
23	86
3	83
0	3
7	2025
69	2025
31	310
0	0
0	54
135	0
2	0
0	2
0	0
0	0
0	0
0	0
1	0
0	0
867	1
0	1
2203	273
5	273
0	1
103	461
9	776
50	1622
0	1651
0	71
0	163
11	71
0	61
1	48
0	1642
0	1628
142	0
2	0
76	2238
51	2222
3	6
443	2339
4	2269
13	106
0	2217
13	1484
5	1505
0	1310
0	1283
0	67
3	10
3	126
2	140
0	67
21	822
37	822
5	1539
0	1765
66	172
1	8
97	445
62	445
0	39
1	0
0	0
0	0
10	526
1	614
2	114
2	134
0	198
0	216
0	185
4	42
2	32
17	6
2	12
2	14
0	19
2	18
0	0
4	16
0	14
4	528
0	542
2	0
11	5
0	311
0	486
0	556
44	117
0	50
2	64
8	32
0	11
2	9
0	37
0	24
0	25
2	7
0	23
4	37
0	1
0	17
18	38
6	9
5	14
0	8
1	0
0	26
2	4
0	1
1	190
4	486
17	276
3	155
12	249
201	708
724	948
0	948
38	1100
0	1495
8	32
4	3537
5	1008
34	1234
3	2349
0	2585
1	410
3	949
159	296
15	296
0	0
0	0
1093	523
10	507
22	491
8	0
0	0
0	0
1	0
0	0
0	0
0	0
0	0
0	0
0	0
3	146
2	201
0	62
4	70
0	45
2	0
0	0
1	3163
37	3380
0	3133
10	57
0	283
0	3168
3	154
0	3159
1	3337
1	42
0	2802
100	2163
4	149
178	0
31	0
6	0
0	0
0	0
0	0
26	122
0	122
0	6
0	19
0	1099
0	1115
3	260
2	560
1	131
2	178
4	930
19	981
9	77
0	0
7421	692
6	686
0	0
0	0
1	8
4	8
0	0
1	0
395	13
0	7
2	0
0	1
0	3
0	2
23	1340
149	1513
1	241
0	233
1	67
0	56
0	16
0	140
0	130
0	11
1	0
0	133
0	140
2	124
33	123
14	50
3	49
1	79
1	52
189	99
0	10
0	3
0	0
9	759
8	758
908	760
5	225
0	0
0	0
191	0
34	211
3	8
1	210
11	0
9	0
4	195
0	0
107	0
0	0
5	1124
8	1035
11	1049
23	980
0	106
2	57
12	0
0	47
0	841
0	166
24	343
0	40
0	27
0	178
0	3
403	87
0	87
0	0
568	749
1	466
0	82
2	198
6	430
0	692
0	447
20	8
1	685
0	609
0	189
0	452
0	428
0	421
0	433
6	608
0	376
0	248
0	411
0	288
1	169
194	6
0	6
4	0
190	786
118	844
6	572
6	0
2	841
1	146
277	653
21	653
3	46
1	110
0	14
174	69
0	0
0	0
0	12
0	16
0	27
4	44
3	50
7	7
50	36
5	39
1	5
16	82
1	13
2	0
5020	4239
6	203
9	1
18	6
0	269
0	1
2	0
2	2
21	219
102	246
3	62
11	23
4	646
0	41
70	584
0	103
0	196
0	119
1	5
16	112
1	0
2	0
106	3
14	5
2	1
22	4
1	18
1	2
0	1
13	17
2	0
0	1
1	0
0	0
1	3
0	3
0	0
0	20
18	9
0	28
0	21
0	17
0	12
6	13
0	19
0	20
54	42
0	24
0	13
0	3
0	0
0	0
547	110
3	48
10	62
0	2
18	20
5	20
7	373
107	487
2	115
0	92
0	92
0	7
4	15
0	0
0	26
0	26
0	26
0	19
0	36
0	26
3	23
0	27
0	7
0	96
0	85
6	71
0	56
0	16
0	99
0	104
0	88
6	57
3	16
34	57
0	22
834	583
4	19
3	571
0	296
9	296
0	0
0	0
0	0
3	236
2	473
0	540
7	105
228	645
0	540
0	111
4	13
0	2640
0	2621
8	18
4	2
4	0
2	335
0	278
37	81
0	0
23	213
5	140
12	97
0	34
0	53
729	1
0	0
0	0
1	0
19	0
17	419
5	438
0	44
0	0
0	0
20	135
1	124
0	95
0	86
3	1580
209	1580
43	392
14	392
0	23
0	10
6	118
0	0
0	1
0	1
0	1
0	1
0	18
5	197
19	108
1	104
0	45
0	59
3	88
0	0
0	0
42	0
450	19
0	19
6	328
8	353
0	25
1	17
0	40
1	5
2	345
19	371
45	298
44	896
42	896
27	391
2	170
0	417
14	242
31	247
10	215
90	82
0	22
0	1
0	213
132	56
1	53
0	41
0	31
0	29
0	24
0	2
0	0
1	0
125	968
7	1498
17	1495
6	1037
38	1529
1	607
3	120
15	32
4	14
0	220
0	258
2	437
4	199
0	1
71	149
0	42
9	21
1	94
0	99
7	2
0	2
22453	12726
0	5822
1	5456
3	1439
1	4
3	30
8	12
1	16
0	2
0	11
0	0
0	5
0	0
0	11
0	0
969	517
0	517
10	19
0	54
2	151
0	464
9	439
0	109
1	62
0	461
0	0
9883	3
0	1663
11	3162
0	3340
0	63
0	2505
0	2531
0	293
2	176
0	1
12	1
0	2572
15	204
143	365
2	9
4	419
63	1070
7	1070
0	14
4	1
290	24
0	22
0	2
0	0
1429	420
15	419
564	106
7	53
3	39
30	11
21	9
2	715
74	715
2	716
0	113
0	3
0	3
2	0
0	42
4	42
101	18
0	18
0	0
0	0
221	1280
50	1450
767	1892
0	9
0	136
3	685
0	288
8	175
1111	12
0	10
7	409
3	18
0	3
3	3
5	38
2	0
0	0
0	0
0	0
0	409
1	2990
75	2537
228	2585
1040	2645
42	1973
0	2988
305	88
16	87
1	1906
343	2141
10	254
0	1542
6	656
5	393
1	808
87	2431
10	2258
12	2118
23	772
3	2099
0	39
38	87
1	257
9	1437
1	76
1	119
7	115
23	0
797	63
0	50
1	11
0	3
6	301
1825	1032
4	435
0	925
6	195
0	105
1	195
0	1
0	18
2	7
5	363
1	18
0	356
3	0
37	53
3	53
2	48
0	48
0	48
1	18
0	1
50	274
1	24
34	2860
20	2857
1	100
4	68
5	10
3	604
4	8
6	192
0	103
5	81
2	24
618	24
0	0
5	5
0	1
220	34
0	34
0	0
0	0
0	0
7	23
0	23
0	0
67	4
0	4
599	0
0	0
0	8
2	8
0	8
1	165
9	165
2	7
6	3
0	42
0	0
1	5
0	42
0	42
1	3
0	0
366	0
203	132
0	0
14	131
0	7
0	0
0	0
354	85
9	85
30	1
26	13
47	35
4	101
0	84
0	55
1	1
0	0
0	55
1	85
5	91
59	282
4	156
5	153
2	153
0	39
0	0
0	0
41	210
7	210
0	29
976	0
0	0
1373	965
3	951
1	2
6	151
0	0
2	1
0	0
0	0
0	1
190	0
0	0
0	0
453	0
367	7
1	6
0	3855
13	5226
8	5280
0	5197
8	4416
0	4213
44	754
22	399
1	151
117	180
32	178
21	1761
2	471
15	64
2	5337
662	195
6	134
0	145
1	44
1	22
0	15
27	222
1	111
7	98
2	25
0	20
1	52
0	20
0	0
0	27
0	0
2	409
0	417
2	380
0	0
5	8
0	414
0	0
2	15
3075	277
0	272
17	0
1	1
1	1
289	2201
2	2364
8	60
1	2068
0	2178
6	0
0	59
31	1133
0	123
0	45
10	72
0	60
2	0
0	0
0	0
6	0
3	105
1456	128
8	18
0	0
1	0
1246	321
2	24
6	299
0	3
0	3
38	518
35	1777
794	1937
223	1272
2	230
8	4
0	184
106	8
0	0
329	25
2	24
2	1
0	1
0	0
0	0
3	68
734	130
6	107
28	46
0	15
4	29
0	0
0	0
0	0
6	328
0	61
0	41
0	21
0	0
0	319
677	0
0	0
0	0
0	0
0	0
0	0
3218	9452
53	9425
0	436
11	198
16	330
2	256
7	214
3	151
9	1036
0	586
1	844
1	404
8	34
5	7
40	18
0	17
0	2
0	8
0	8
0	5
0	380
0	85
1	123
7	212
5	2
0	380
0	1242
0	1223
8	469
4	526
13	2
29	141
9	68
0	633
203	76
4	27
2	49
0	13
0	0
0	0
0	0
4190	5395
186	1259
82	3947
3	2
2	0
0	3470
6	945
3	362
2	326
4	259
67	251
1	37
0	30
0	28
526	83
77	2
14	2
6	79
0	2390
0	2371
545	9073
16	4392
0	8691
374	3346
35	794
0	159
1	38
7	115
0	726
0	9019
2	714
0	588
1	125
8	445
0	297
0	441
0	469
1	0
178	44
0	36
0	8
551	0
0	0
10	128
503	431
2	430
0	0
0	0
0	0
2	62
2	60
620	208
2	159
0	26
0	130
0	163
0	67
3	65
0	79
5	0
23	16
3	35
0	0
0	0
345	45
0	11
22	44
0	0
253	1317
6	1317
6	501
4	590
0	563
0	1271
0	2
0	48
3	1
18	4
0	0
2	2
0	0
131	539
326	526
44	449
0	9
1	71
0	4
0	44
0	5
550	1253
1	307
0	359
24	306
34	144
24	472
1	1
0	0
0	36
3	0
0	37
0	0
0	0
0	805
12	1009
0	827
51	0
188	763
0	2735
52	2747
0	394
0	560
68	352
3	399
1	301
0	8
21	2
0	203
5910	16801
28	6673
20	5623
0	16410
8	52
4	9
161	1989
1	475
0	17
0	812
33	718
8	1174
9	2015
37	0
1	21
0	970
1	1058
0	47
1	162
1	6
2	2
1	39
48	25
0	147
2	3
0	1217
40	0
3	0
55	60
153	234
0	69
61	0
55	0
0	0
22	259
0	1
0	344
5	1
0	1
4	2
0	89
0	0
0	341
20	899
89	1211
179	1285
0	1413
32	425
6	51
0	0
43	862
0	711
0	852
0	2
78	1184
4	1184
14	1022
2367	0
0	160
0	160
0	48
1	0
0	3
0	13
0	0
0	0
0	143
0	1
1	0
1	0
0	0
0	2
0	1
40	7033
2	6913
0	2254
0	536
0	0
2	484
353	480
13	57
3	436
735	870
0	228
22	14
2	9
235	453
1	156
0	403
0	0
0	61
45	46
7442	1495
5	280
0	94
0	101
0	94
0	0
0	1493
0	0
0	0
0	0
0	0
0	0
0	0
0	0
0	0
0	0
0	0
0	0
0	0
0	0
0	0
0	0
0	0
0	0
0	0
0	0
0	3
0	0
4	0
3	115
2	115
0	0
2	141
0	114
0	426
37	426
16	365
3	37
0	103
0	133
3	206
1	184
5	138
4	137
0	137
0	137
0	0
0	0
0	0
0	641
0	283
1	59
14	11
0	1
0	638
6	51
0	51
5	2887
281	3560
0	2046
1	1912
41	272
0	884
0	1108
0	1600
9	7
0	763
17	1328
278	7
332	3069
8	678
370	678
23	70
0	2
0	409
10	5
9	2
63	1209
2029	1209
0	0
30	0
245	4188
0	860
3	2291
1	403
1	55
1	117
0	659
0	7
0	230
0	25
0	144
0	175
14	2318
0	468
0	2
57	1335
6	35
542	1374
12	671
13	1315
0	24
0	49
3	275
1	0
0	354
0	79
0	36
1	5
2	12
2	15
0	7
0	5
0	4
18	0
6	74
2	74
0	74
0	389
86	78
925	812
6	812
0	1287
0	1179
9	3
52	218
0	110
7	30
2	129
79	683
1	683
2	135
5	0
0	430
13	63
6	26
9	29
63	9
1	840
0	945
13	377
0	1
9	463
2	804
6	101
354	325
0	325
0	1
0	1
0	0
31	87
59	672
1	78
4	676
3	34
1	30
0	5
0	35
1	35
10	35
0	0
0	0
5	0
0	0
1	0
0	0
0	0
2	318
4	305
3	53
0	63
1	62
0	58
2	39
0	6
3	0
1	18
1	6
0	6
0	4
0	0
0	0
1026	23
17	18
0	5
38	0
247	1905
15	1572
241	1872
0	0
0	0
0	0
0	0
758	204
7	204
2	2
10	0
3597	0
0	2363
107	1515
22	12
29	3
0	2629
55	0
14	5968
0	5052
0	5573
1	4642
0	5905
19	1673
4	565
1	627
0	1093
18	639
1	89
0	4989
10	0
4	183
0	178
3	134
0	150
0	174
0	50
0	3
0	18
1	7
0	0
0	0
0	178
0	2
0	2
0	0
1345	251
4	246
5	4
0	0
2	333
0	0
0	0
0	0
0	0
55	70
7	0
0	70
1	88
2	12
5	88
0	1686
0	205
0	94
0	3
2	67
0	16
61	1
1	1764
12	1316
0	1363
0	87
1	0
4	1168
0	54
13	37
12	574
12	183
2	63
0	0
0	0
0	0
130	540
0	452
0	69
4	20
0	7
2	118
2	309
2	0
2	108
0	21
2553	1
6528	4
27	131
0	131
0	1
354	0
511	433
0	153
5	144
0	165
4	57
2	101
0	3
11	2
17	5
0	5
8	40
0	1
25	65
172	136
0	11
0	58
0	117
0	17
0	0
0	0
2	12
1	9
0	4
1	1
0	1
1522	0
732	346
3	281
0	65
0	0
0	20
0	16
0	19
22	394
0	209
2	315
1	0
4	55
7	0
2	1
0	35
0	1719
0	2261
0	2265
4	2087
64	2026
80	40
121	141
0	91
0	175
5	0
0	14
0	79
0	0
1056	1077
61	531
5	203
7	4
14	113
0	190
3	135
1	124
0	31
1	0
0	1
0	1
0	0
0	0
52	386
49	492
100	500
1	103
4	131
5	101
10	5
0	0
0	333
0	0
0	54
0	300
5	227
11	258
3	27
1	194
13	88
337	237
0	239
0	137
0	87
1	7
0	8
0	9
1	1
0	0
0	0
0	0
0	0
0	0
91	0
2	13
0	13
1	0
1	4
0	0
12	673
5	552
0	312
0	3
7	16
0	21
1	35
14	17
0	60
8	83
99	83
589	969
17	968
2	74
0	0
7	6
0	6
0	0
0	0
5	0
2663	596
41	595
0	58
0	1955
0	1987
0	1946
0	1788
0	703
0	98
0	732
0	2
0	1904
1	84
53	80
0	80
0	0
0	15
0	1
16	0
1	10
36	31
0	125
14	23
0	10
1	58
3	2
2	32
57	130
0	107
129	0
0	0
22	465
501	468
0	123
23	28
0	9
11	287
0	268
84	73
40	1486
125	1494
5	1414
46	692
0	174
0	599
2	3
0	2
1	435
13	0
0	182
7	40
3	187
41	3
6	162
0	1145
2	1118
1	936
76	527
12	206
2	113
3	54
22	5
2	21
7	735
0	2953
44	2864
23	2661
3	2939
47	1219
21	1405
57	1166
83	478
43	1324
1	1007
3	354
0	87
0	222
0	19
0	265
0	157
1	1
125	241
4	74
1	170
0	471
28	478
0	473
0	95
2	5
0	473
28	63
1	201
0	3
0	119
0	0
0	0
44	68
0	68
0	2
2	7
32	61
4	544
21	495
0	2
20	341
0	567
2	503
0	329
1	258
7	1
1	61
0	3
0	40
0	0
16	2
0	17
0	17
166	0
107	2
0	0
0	11
0	0
0	0
0	11
0	11
0	0
0	0
0	9
0	9
0	9
0	0
0	0
0	0
2	0
0	0
0	3
0	2
0	3
57	1890
18	1796
37	1665
5	1908
0	46
10	0
0	120
0	120
1	120
0	0
0	0
0	0
18	3625
0	35
366	744
0	360
0	360
1	156
1	245
8	30
0	744
0	0
0	0
0	0
0	0
7	3
9	84
1	901
0	1294
82	1130
0	4
2	238
4	58
0	1355
11	775
129	771
44	448
3	393
0	91
6	11
0	8
4	3
11	0
33	245
6	230
0	22
0	18
12	10
2	5
0	15
17	0
5	0
103	335
2	321
7	243
12	307
4	18
0	0
0	0
0	0
0	0
12	406
49	407
0	372
14	0
30	372
3	2
96	0
0	0
1	47
0	5
0	4
0	0
2	4
0	0
0	0
0	0
0	0
0	0
0	0
44	72
13	72
0	34
0	22
0	4
0	0
0	5
2	1
0	0
0	0
0	0
308	710
1	668
3	605
1	291
0	193
0	23
39	46
24	5
12	331
1	176
49	331
0	2
30	2
0	2
5	423
2895	424
13	26
0	0
5108	757
0	63
9	206
14	483
6	0
0	124
19	53
0	0
0	6
0	6
0	6
0	1
0	1
0	49
0	1
77	211
52	449
0	3
12	446
3	1
0	108
25	909
2570	849
113	255
0	241
0	70
23	0
99	450
5	297
0	9
55	231
0	227
0	0
25	288
77	64
2	267
1	224
669	0
1	0
698	284
2	53
2	278
0	3
0	0
0	0
0	16
0	0
5	467
4	107
0	12
0	466
0	2580
146	2582
0	45
4	51
5	2542
22	419
52	105
6	157
33	658
61	578
0	0
0	0
13	31
0	26
464	40
5	40
2	2024
72	1530
10	1083
1	34
31	1998
0	529
178	1349
13	1338
0	11
0	207
1	89
1140	0
462	0
154	756
2	460
3	73
4	2
3	95
0	512
3246	2036
22	200
261	147
63	18
133	224
17	211
0	1959
0	0
0	0
449	0
182	126
6	8
1	0
0	118
40	278
5	255
2	21
3	3
5	95
32	892
11	827
2	110
18	408
4	35
0	0
316	4098
26	44
9	255
5	3692
25	66
2	129
216	4105
0	80
7	221
0	302
0	1645
0	135
9	0
79	429
53	2
26	498
0	379
0	615
19	478
421	286
0	513
0	0
0	334
0	213
2	2
0	1
2	393
0	417
4	208
0	0
122	55
14	28
1	0
3	32
12	180
1	0
0	17
2	0
0	180
0	0
0	0
0	0
0	892
12	765
0	130
54	110
0	145
0	97
1	0
51	971
2	1768
265	1770
0	16
74	313
6	210
3	123
10	964
3	350
21	876
19	2
7	932
3	383
0	12
0	24
0	4540
2	4268
3	4127
0	4129
1	4126
51	3808
117	4194
0	4128
2	4129
2	3591
25	3882
100	3996
0	2662
9	453
11	1345
21	791
0	718
0	572
0	363
2	127
0	97
0	30
28	36
0	0
83	47
148	72
0	25
0	44
0	44
20	5
0	3584
35	3489
17	3435
22	1956
4	2343
4	2576
9	115
0	44
485	42
2	663
92	571
0	659
17	44
0	615
0	37
18	573
0	26
2	25
0	32
18	0
0	2
0	67
0	447
2	51
0	460
4	94
2	80
0	101
0	494
0	0
0	0
94	250
0	0
2	44
12823	13811
0	0
114	26
3	26
3	2
6	95
47	277
4	0
4	275
2	21
6	194
0	7
2	187
168	118
0	115
71	50
3530	4
14	818
70	729
38	129
1	90
0	45
8	528
0	408
1	104
3	7
0	12
4	83
29	242
0	0
0	0
0	0
0	2160
0	648
0	2370
18	37
0	2058
0	519
32	1661
24	284
5	44
33	439
0	2
0	2
0	2
0	12183
5914	13517
4	2119
204	107
5	107
26	0
9	1
222	1
9	51
0	51
0	22
1	23
1	1
3	0
0	6
0	4
0	2
0	172
0	165
0	141
0	127
0	165
2	159
1	43
0	4
2	0
2	1251
0	982
186	1299
3	695
1	86
15	433
0	743
0	196
0	7
1	0
438	1
42	895
12	954
2	219
0	214
8	237
35	1031
7	118
59	253
2	970
1	328
45	185
24	144
72	183
3	0
30	80
0	8
0	8
0	8
0	8
0	2
291	38
13	65
0	10
0	16
0	5
0	0
0	5
0	5
1	6
0	9
0	1
1	1
0	6
4	36
0	9
0	9
2	0
0	16
0	0
0	1
0	1
0	0
0	0
0	0
0	0
105	1420
0	1173
2	1234
5	18
190	143
15	3196
18	3454
123	4007
8	1019
23	1551
2	199
4	1268
8	43
1	5
11	37
0	14
0	16
1	2
0	2
723	2557
16	2551
175	2095
0	4
8	34
1	34
0	29
0	5
3	0
367	561
11	560
1616	3506
0	2006
1	15
3	2013
0	1373
0	0
1	9
200	3082
31	460
35	404
0	5
1	0
0	0
44	170
0	170
0	102
11	630
0	86
82	2046
30	0
7	2724
0	2828
0	2764
7	116
2901	117
4	9
5	404
1	0
0	402
6	4
0	1670
1	0
1	2748
9	44
0	719
0	227
0	0
30	2061
9	2498
24	28
15	1884
0	2453
4	2307
237	566
0	394
43	75
4	490
0	565
4	230
71	0
0	0
0	3
0	3
2	28
17	168
11	72
2	27
0	151
0	15
0	16
0	14
0	12
0	44
19	38
35	123
15	123
3	142
12	204
12	83
12	193
8	45
0	36
3	294
8	285
0	207
2	9
1	19
1	8
4	3
0	3
0	41
0	0
0	3
0	3
0	1
1	40
0	3
1041	912
1	867
5	786
0	17
0	783
4	56
24	61
1	64
88	21
7	0
12	18
3	3
11	79
12	115
6	80
2	12
0	17
20	113
0	13
11	5
0	0
0	0
0	0
1	1
0	1
2172	2
9	2269
42	2392
12	52
160	1874
9	103
6	197
23	217
8	52
0	352
0	251
0	211
0	46
49	81
0	81
0	57
0	47
0	21
0	293
8	293
0	16
0	0
109	12049
0	1839
94	4778
166	4723
2	225
0	354
0	2467
0	45
0	118
0	5
1012	1137
2	1070
0	870
4	31
11	3
0	139
469	186
7	3
0	3
0	170
3	20
8	29
2	1
0	4
0	4
0	166
1	164
1	285
6	8
7	203
3	2
75	286
155	3
0	3
5	3
459	115
3	109
0	0
0	2
4	72
189	67
0	0
1103	1851
15	1850
43	1590
80	803
607	803
0	256
8	26
1	0
3	25
6	1227
22	1204
2	738
4	83
0	23
0	44
0	38
1	35
1	0
0	0
0	0
0	0
0	7663
49	478
9	1750
0	7835
9	881
59	5
2	358
7	589
1	741
0	400
4	642
52	996
0	448
0	1
0	36
10	1001
2	9
0	9
3	0
1	1
0	0
0	0
82	2096
2	2097
34	178
36	3
5	36
0	36
0	10
0	2
0	0
6	1048
18	1045
7	542
3	444
0	6
9	335
0	0
0	0
0	2
0	0
0	2
0	0
0	411
0	414
0	23
18	25
9	5
0	0
1116	1502
5	165
0	268
0	78
1	649
0	58
3	1215
0	110
3	62
3	2173
0	3924
0	1605
4	338
4	139
2	3334
3	333
0	351
78	929
12	904
0	538
0	45
0	372
0	0
0	0
0	0
5	4
3	4
121	786
2	830
661	1306
0	730
0	129
2	194
0	26
6	44
14	43
0	34
2	25
0	4
0	0
3	260
0	327
70	315
10	11
333	0
16199	1668
115	1674
26	245
82	463
5	156
8	7
4	7
0	0
80	7
14	17
0	0
152	4156
0	3031
13	655
0	1893
5	260
0	3536
0	0
14	653
0	152
0	0
0	21
2	653
13	28
192	28
0	0
0	0
565	1
6	2003
0	1341
8	126
0	103
3	37
0	142
6	514
0	427
0	24
22	307
0	282
0	52
0	0
0	33
0	2013
69	1013
0	5
2	19
0	995
7	543
0	617
248	1198
0	1125
7	566
2	464
0	166
5	177
5	270
0	35
0	189
0	16
2	48
0	44
0	0
4	6
0	0
26	33
0	102
2	123
8	28
5	0
105	3950
0	586
0	3952
1	18
10	9
0	8
266	1852
0	1511
0	1030
10	0
25	0
11	0
1	726
0	0
0	0
253	578
6	572
0	458
0	83
4	11
4	3
5	3
1	129
1	100
0	67
0	63
3	2077
39	38
6	157
454	2445
0	305
0	2
0	0
55	253
22	13
317	262
3	0
0	0
102	448
105	217
0	384
0	39
12	2
1	1
1	0
0	4
0	0
0	0
0	0
6	1507
10	1511
26	1409
2	7
0	7
960	482
13	481
7732	121
45	117
689	127
0	74
0	87
0	1553
34	1911
37	334
3	128
2	1597
0	1605
0	7
0	10
0	1398
758	893
0	231
4	893
1	36
0	30
3	36
0	1
0	6
2	6
0	4
2	0
0	30
786	47
5	9
0	45
9	957
2	4007
3	4007
136	4030
10	302
5	521
39	0
0	392
2	395
0	49
1	129
1	65
11	42
7	230
13	242
835	110
6	0
4	99
66	99
0	0
1	0
637	0
561	173
2	161
11	38
4	861
12	469
1	472
1	202
0	47
1	71
0	808
21	976
43	1025
3	142
4	49
4	268
4	0
3	269
2	263
0	266
0	9
0	11
0	4
0	4
1	0
1	0
0	1
0	1
1	1
69	1263
3	1237
24	771
3	34
1	40
3	42
0	28
3307	1241
367	1231
1	156
24	167
11	84
666	206
2	27
1	25
0	22
14	187
275	394
0	309
3	3
0	3
2	1
0	0
0	2
0	0
0	2
0	2
0	2
0	2
0	0
0	0
5	73
0	63
3	18
1	43
11	909
17	945
43	903
40	206
11	6
2	2
8	0
252	42
5	42
0	0
0	0
272	0
765	0
0	681
47	533
1	187
7	330
4	90
17	85
49	100
38	432
13	318
8	208
48	1274
1	1206
5	368
14	40
8	94
0	105
0	56
23	65
0	0
7	0
0	0
0	0
0	0
296	213
2	216
0	88
17	161
7	52
0	4
0	0
12	655
25	755
0	693
0	109
1	251
0	24
1	42
0	778
0	756
167	2121
59	2100
12	150
25	1975
0	2088
0	1918
0	1921
0	1908
0	2007
1	1975
0	2047
0	1963
0	2046
0	2166
0	1907
0	2026
0	1898
0	1971
0	1974
0	2054
8	60
17	106
9	49
4	0
180	106
0	2120
454	1494
0	1445
0	1519
0	1
1	134
0	134
0	0
2	45
3	0
0	0
0	4
1	3
4	1
0	10
0	11
0	4
142	0
0	1328
1	43
0	114
0	1158
0	1240
2	136
0	56
6	129
4	78
4	28
615	664
35	355
1	321
0	248
0	147
0	54
149	100
0	100
13	4
17	266
0	130
0	222
0	24
19	94
1	0
0	266
50	27
0	27
0	1
87	26
4	26
0	0
0	0
0	0
0	0
0	0
0	0
0	0
10	24
8	368
0	106
3	1
7	6
0	21
0	312
816	552
52	147
12	15
0	592
59	3
0	47
139	619
0	75
2	374
2	71
0	236
14	221
0	29
8	4
0	1
0	3
2	28
1	28
0	25
4	31
6	74
0	8
0	76
0	144
0	74
0	76
0	8
0	144
15	1564
0	3368
21	1328
18	337
8	1433
10	2953
0	227
0	3010
21	0
3	157
153	0
22	33
0	664
1	43
0	7
5	0
3	83
7	39
8	34
8	16
0	28
0	45
3	46
0	22
0	665
0	0
38	215
14	215
0	7
0	0
0	1
0	1
1259	444
1	311
9	156
4	40
81	442
285	452
2	39
0	0
0	777
0	10
23	161
2	378
1	53
0	678
7	66
6	1
0	60
0	9
7	340
9	352
22	96
15	2
29	146
82	133
1	19
0	8
54	348
17	0
4	111
19	47
0	72
7	42
6	199
0	294
0	239
5	17
0	2
0	296
0	11
1	40
0	2
0	18
0	0
0	16
230	883
1	869
15	44
0	72
3	228
6	94
0	67
0	14
14	23
0	27
0	27
1	4
0	4
0	4
0	3
0	3
0	2
0	1
0	4
0	81
0	0
1	82
0	33
0	84
0	3
1	16
68	4
3	4
11	0
0	0
0	0
5	137
1	137
12	15
2	0
9	288
8	288
2	28
0	16
13	0
12	13
1117	130
82	69
5	27
4	44
0	667
40	2016
0	1884
0	1703
23	1794
6	1939
0	1726
0	146
0	259
0	98
0	52
77	83
6	99
7	1
2	2
81	660
0	0
0	356
8	446
0	295
0	46
0	2
0	0
340	235
0	153
0	74
1	7
4	0
415	3618
0	3071
64	2820
0	3066
69	3609
2	9
10	2784
26	2786
0	2627
13	2801
0	0
0	0
1	0
0	0
0	0
8	486
5	541
0	48
0	28
1	7
0	33
0	157
88	2403
16	2062
5	2025
0	1661
0	17
1	175
0	117
1	0
10	22
0	18
3	51
71	24
11	10
0	179
0	79
0	7
0	2352
607	0
195	31
0	16
0	15
65	126
0	0
0	126
15	10
5	350
0	0
0	20
0	351
4	255
0	269
1	0
5	10
19	0
0	32
0	0
0	0
0	0
0	0
0	0
2	1369
2	1502
0	81
0	0
34	10
146	112
0	1176
66	1361
21	421
5	155
0	158
10	159
21	64
0	4
20	9
6	11
46	11
0	1
0	0
57	57
1	57
0	25
237	76
0	76
13	9
0	14
33	2138
2	507
108	2312
4	30
0	73
639	78
0	78
13	336
446	717
4	120
0	33
0	348
1	134
23	134
0	0
0	0
0	0
0	0
0	0
0	0
0	0
0	0
667	91
1	29
139	0
98	432
3	473
0	238
1	370
6	300
2	19
5	0
5	115
2	118
1	119
5	137
1	118
0	11
1	6
0	6
10	1
130	0
37	4
0	4
0	2
1	14
1	12
0	3
0	9
5	10
803	622
10	607
2	12
7	12
1	0
0	0
2	2452
42	699
0	2452
0	146
4	167
9	157
84	2
1	117
163	195
0	93
4	137
5	0
0	34
4	0
0	7
2047	45
0	41
0	4
0	1
0	0
0	0
3	1
2	4
0	14
0	16
2	2
2	0
355	0
47	717
86	1707
0	1706
146	1698
73	954
0	539
1	360
5	9
25	18
0	10
17	1
0	0
0	0
184	16
246	158
0	0
0	610
3	1528
0	1624
0	1560
1	1610
0	1250
0	61
1	40
2	240
11	34
6	2
0	0
0	0
0	0
0	0
0	0
0	0
0	42
0	20
16	42
0	1
0	2
285	0
1	1
0	0
0	0
0	0
0	0
0	3908
12	3907
53	3908
121	1532
65	0
0	1
0	1
0	0
28	286
33	286
0	255
2	2
1	59
6	10
0	10
5	424
29	421
0	59
0	50
0	0
3	0
0	0
1	0
1788	700
8	516
2	224
2	350
2	43
0	62
23	9
0	5
0	5
0	6
10	239
22	1386
0	401
0	217
0	1302
0	1319
8	102
0	127
2	102
8	41
1957	0
0	0
0	0
7	0
7	8
0	0
0	0
0	7
0	0
0	2
23	3
0	1
0	1
22	127
0	107
4	125
0	2
7	159
0	159
0	133
1	0
1	143
0	104
0	0
1	123
0	123
5	7
0	1
0	1
1086	1445
6	1440
154	755
0	0
0	310
0	22
3	307
1	271
0	234
0	195
1	60
0	223
17	272
3	230
2	63
0	51
0	39
27	9
0	37
38	37
0	42
0	74
8	34
51	2818
4	3
2	22
0	2818
2	7
0	0
2	0
6	34
0	75
117	135
10	46
0	132
3	563
6	485
0	512
6	137
15	3
0	9
1	65
2	3
0	46
1	1302
77	1280
0	150
2	659
41	176
68	1253
5	283
73	0
4	172
4	196
0	31
14	224
2	518
0	112
10	337
9	311
0	191
0	291
0	129
8	106
0	500
41	1181
457	1428
0	220
19	14
1	23
0	74
0	1
1	145
4074	16354
6	14798
84	15917
9	4690
0	2735
4	336
2	1
0	124
10	0
14	0
0	0
0	0
0	0
570	226
2	84
4	141
116	0
21	1178
34	1153
3	87
5	31
3	1190
0	0
2	0
0	0
0	0
0	0
0	0
681	21
0	0
0	0
0	0
0	0
0	0
0	1
0	0
0	0
0	1
0	0
0	0
30	281
42	1314
1	445
148	1324
13	90
414	31
82	408
0	408
0	2
0	0
0	1
0	1
0	2
0	1
0	0
0	0
127	707
1	585
31	406
19	397
0	224
2	50
0	9
0	1
0	1
13	0
2	1467
0	22
0	185
0	799
0	25
19	699
2	207
0	286
0	286
0	399
4	370
2	1305
29	47
0	0
0	0
0	0
8	294
54	1862
18	1686
0	1899
0	97
4	0
0	5240
426	5517
162	5245
0	2876
0	0
0	0
0	0
28	217
21	221
74	223
0	214
2	0
1	200
1074	0
0	3
0	0
0	0
0	0
6	0
306	1808
0	1808
5	63
0	0
0	0
27	71
4	67
5	18
0	16
3	550
13	473
0	435
0	435
0	462
0	435
0	436
0	335
0	335
0	477
0	452
0	460
0	365
2	353
10	337
0	417
0	82
2	411
0	463
0	428
0	134
0	29
0	41
0	279
0	122
0	47
0	73
6	23
3	4
28	300
22	281
14	150
87	191
0	140
341	2114
0	2114
0	104
427	127
3	50
0	77
2	5
0	5
2	1
6	1
13	830
0	1
43	347
0	12
42	910
0	7
1	63
0	22
5	92
87	476
68	193
0	0
0	105
0	91
0	167
489	227
3	73
6	227
0	26
483	156
9	160
2	54
0	0
0	869
7	1014
0	0
3	15
1	3
1	333
0	264
7	60
405	423
41	423
15	2
0	0
0	2
1546	115
4	115
2	31
182	32
7	32
1750	19245
4	19225
149	1826
13	720
13	715
182	529
0	706
334	766
6	112
5	57
1	0
2	1291
105	1272
2	22
22	199
13	1167
0	0
0	130
98	509
0	0
1	155
0	25
0	509
10	127
0	30
0	4
0	57
0	1
0	2
0	81
4	480
0	5
0	0
0	0
0	0
1	0
74	116
2	14
0	11
7	7
2	63
0	99
10	17
0	21
0	2
19	3
0	7
22	2
0	4
0	2
0	3
0	4
1	1
209	3320
203	3032
28	422
1	3161
4	1132
3	70
0	3
0	0
0	0
0	0
236	2180
836	2180
0	293
23	372
61	372
2200	367
5	2
963	642
0	642
0	0
0	72
5	39
9	0
25	907
0	756
0	431
0	813
20	444
10	495
0	942
0	443
0	555
0	473
0	854
0	815
7	896
0	6
1	379
0	654
0	724
0	270
1	4
0	4
1	26
53	125
7	35
5	86
3	54
691	1
23	687
5	685
4	685
38	96
0	687
0	7
1	15
0	15
0	12
0	3
0	7
0	7
0	495
0	288
0	0
539	647
0	315
34	122
3	431
17	4
0	45
2	0
0	45
20	118
0	97
0	110
5	1
19	42
2	6
6	21
2	6
0	9
0	9
97	1042
0	898
2	34
49	142
3	38
0	18
0	24
0	25
9	6
0	0
4	124
0	35
0	739
0	177
0	432
0	108
0	390
0	5
0	184
6	17
0	270
0	113
0	12
1	172
10	655
12	148
5	552
0	490
2	110
0	130
1	47
0	18
12	78
6	75
1	39
0	126
0	16
0	585
0	14
1	260
0	251
0	12
3	193
0	139
1	0
115	16
1	16
6	0
1305	0
3	1
83	238
0	902
0	899
3	173
1	306
0	271
3	25
0	604
0	839
0	3405
325	3289
4	96
0	2094
0	0
0	0
0	0
0	0
4	6
270	8806
453	8548
2	8377
0	222
29	0
0	0
0	0
0	0
0	0
0	0
1	0
0	0
258	256
3	218
0	0
1	42
0	2
0	0
0	0
0	0
16	1400
54	1435
3	1406
5	16
5	68
6	42
0	275
6	175
3	1400
5	0
0	0
0	0
0	0
0	0
0	0
1	5900
18	4346
10	6160
1	530
1	140
5	236
3	307
0	307
0	4
1	609
212	102
0	99
0	50
0	2
0	1
0	0
0	1
0	4
0	4
0	4
1	4
0	4
0	4
0	4
0	4
0	2
0	1
0	0
0	0
0	0
1	0
0	2
0	2
184	851
62	867
0	29
0	12
88	50
0	92
3	43
117	6
4	5
8	92
208	127
0	54
0	80
5	91
1	1568
76	1800
0	1089
29	2021
83	1514
13	502
0	1533
3	342
0	165
0	460
0	1481
3	1537
0	1661
0	1608
0	67
0	299
0	54
0	23
0	8
0	42
73	1405
1	328
5	1323
1	256
0	0
0	0
0	0
622	97
6	85
0	2
0	0
0	0
0	2
208	79
0	78
0	13
0	13
0	12
18	12
0	5
0	0
0	0
3	1
0	1
0	3895
1227	4048
0	110
0	160
41	2708
0	2969
0	2872
2	0
0	2485
0	2443
0	2189
0	2346
0	2092
0	673
1	0
4	32
28	535
316	413
0	0
0	0
0	0
0	0
0	0
0	0
0	0
0	0
0	0
0	0
0	1307
0	1326
1	333
0	13
167	228
0	142
0	17
0	26
6	77
3	69
0	3
55	1181
3	1145
9	1155
10	632
1	74
0	18
0	6
3	8
3	6
0	0
2	0
0	0
0	0
0	0
140	2038
0	26
3	199
0	4
0	2038
1427	1632
12	1433
2	1514
4	81
2	125
2	4
387	71
0	71
0	0
0	0
0	0
0	0
0	0
0	0
4	1
0	1
451	916
115	1003
0	399
31	4
1646	4
10	1742
0	1787
14	1229
135	544
1	1210
54	1110
0	771
7	38
0	292
530	344
1	184
0	13
38	10
0	0
229	79
10	5
0	74
1224	0
0	0
0	0
0	0
0	0
0	0
0	0
0	0
0	0
0	0
246	39
1	2
0	22
0	7
0	0
0	0
0	7
0	98
0	102
0	0
5	104
0	0
0	0
0	0
0	363
0	41
7	51
0	0
0	8
0	15
17	26
1	9
0	0
37	899
3768	1730
6	803
0	53
0	184
1	224
0	32
0	30
0	27
0	2
0	2
0	41
0	37
2	0
0	0
0	61
1	8
131	2621
0	2606
0	1142
327	782
1	760
1	2
2	0
0	96
604	33
0	33
42	9
1	0
960	12
11	206
14	81
7	1
44	1200
50	1199
8	1109
16	1746
59	1773
273	1236
2	1140
2	380
3	296
1	211
0	333
0	0
0	282
188	1007
30	1007
3037	0
0	15
0	487
18	178
1	700
443	700
1577	1
111	687
1057	1381
12	1381
3	140
5	155
12	0
7	88
2	0
3	93
0	2
0	1
3	33
0	13
0	0
0	33
23	206
0	272
4	335
0	263
0	6
0	1
0	0
2190	981
8	128
0	3
159	850
4	780
0	999
96	1005
12	0
0	0
0	0
0	0
0	0
248	2
16	14
0	0
0	11
0	11
0	11
0	6
0	0
10	287
0	36
7	284
0	291
1	0
895	488
109	103
6	346
0	121
1	5
0	62
3	30
0	0
0	0
1	0
15	0
0	947
10	27
0	26
0	26
0	1
0	0
28	289
5	284
2	62
306	318
3	135
0	103
11	0
0	0
0	63
1	497
711	4645
0	4122
4	1916
17	558
0	919
698	312
0	13
1	164
2	278
6	193
1	11
1	53
74	53
2	8
0	0
0	0
0	0
0	0
0	0
382	446
0	39
0	0
12	1
0	90
2	197
0	197
0	0
219	648
0	466
14	711
1	541
0	427
1	68
0	168
0	75
0	103
0	79
0	65
1	42
0	25
1	24
0	0
0	0
0	0
32	1232
48	2025
0	169
1	831
0	1884
0	2024
0	26
0	26
0	2
0	1
0	0
0	0
0	0
0	0
0	0
0	2443
8	1140
0	2443
0	0
0	0
1553	1998
5	0
70	2093
230	2092
13	0
15	0
0	0
0	0
0	0
0	0
0	0
0	0
1	389
213	508
0	9
0	25
0	47
0	31
0	0
1	120
0	7
0	11
0	123
160	1460
10	1149
2	1419
8	3
13	27
0	99
17	15
0	23
0	177
7	40
176	162
0	1
2	162
0	31
4	91
210	91
0	26
0	44
0	15
9	417
28	70
0	104
70	441
290	34
2	34
5	26
16	303
8	66
795	301
18	993
1	1
0	1
0	978
0	0
1	269
0	4
0	0
1	3
0	529
7	1000
0	0
0	0
0	0
0	0
0	0
0	0
0	0
0	0
0	0
0	0
0	0
621	623
21	3
38	538
5	1
6	4
2	163
1	90
1	532
0	436
7	528
31	1411
28	1441
16	1674
0	1646
0	0
0	0
1	16
1	9
0	6
82	20
0	17
0	3
17	58
9	169
48	658
0	124
18	83
0	611
17	82
5	10
0	15
3	136
0	5
696	189
14	181
4	112
5	112
98	9
34	254
375	136
1	60
4	68
0	129
17	24
0	2
0	0
0	0
0	0
0	0
0	0
0	0
5	0
0	0
3	9
0	2
0	7
0	2
0	0
0	0
0	0
0	0
0	0
502	3291
57	0
135	3036
4	819
0	945
0	0
0	0
0	0
77	147
1	6
0	0
0	122
1	18
0	22
74	518
1	304
1	283
0	2
3	0
9	27
1	3
1	20
0	0
3	3
0	20
1	0
1	2
0	13
0	2
3	62
0	35
0	2
0	0
2558	543
23	148
1591	205
6	52
49	189
1	10
2	1
0	1
5	0
3	0
0	0
10	178
29	945
11	29
2	1
0	4
4	510
0	100
76	2211
0	86
5	13
0	15
0	81
25	2021
2	173
5	134
1	33
3	116
0	138
5	204
14	77
0	80
9	25
0	42
0	45
0	41
0	3
0	0
0	26
0	0
0	1
0	3
0	1
0	1
0	0
0	44
1	0
0	0
0	0
2	1
0	0
0	1
3	1
0	2
0	2
97	235
0	235
0	3
2	0
0	0
238	29
2	27
0	2
79	3096
3	3
0	541
47	2211
0	2182
0	1994
1	2393
16	2314
0	51
0	0
1	0
11	80
1	43
0	185
64	0
24	38
15	28
1	3317
3	0
3	261
30	1
49	2191
6506	9298
482	8425
3	845
6	251
225	6609
8	81
1	80
0	7
0	0
0	0
0	2
35	29
1	205
71	214
0	27
0	499
0	498
0	12
0	336
0	13
2	1
0	8
4	120
0	160
0	44
1	489
523	1695
209	1772
93	1772
58	1747
0	0
0	0
9	1
1	1
0	1
481	1676
30	1630
8	1632
35	1605
19	1632
0	1062
0	0
2	0
0	0
0	2
0	0
0	1
0	0
1	218
1	210
0	185
608	905
0	2582
29	2691
34	2065
12	2168
82	2229
5	611
1	2676
1	0
0	0
0	0
0	0
0	0
0	0
267	67
0	67
0	1
0	1
334	383
10	169
27	214
0	1953
0	696
38	93
0	52
1	1996
0	60
0	0
64	84
6	155
6	89
5	82
0	17
1	27
20	1
1856	7578
6	4041
1	4883
70	1626
2	284
0	0
6	257
7	10
0	104
0	229
1	175
2	57
0	29
0	6
0	28
2	4
0	0
1	0
72	15
4	15
10	0
2	0
9	20
0	0
0	0
0	0
0	5
1	1
0	0
12	15
166	147
9	147
7	1
1	28
0	0
0	0
0	0
0	0
0	0
0	1037
0	172
0	1037
767	521
5	363
3	492
3	237
0	0
1	34
0	16
3	7
0	0
3	495
2	1
0	24
0	19
20	31
4	4
0	13
0	31
2	33
0	40
330	1727
0	1468
0	338
0	299
0	350
1	322
0	99
0	63
1	1
0	0
23	1
253	3933
0	2763
0	3710
136	1498
1	152
10	23
1	64
111	1377
0	379
0	575
0	415
4	6
143	8153
23	6252
0	0
0	3
19	6527
0	6752
0	2047
15	1
1	0
0	8108
9	656
3	650
1	15
3	210
0	37
4	56
4	32
0	239
0	212
7	55
0	2
7	4
2	304
2	3
0	49
0	646
32	231
5	202
8	229
0	30
0	16
0	234
1	1
0	0
0	0
5	0
1	3
3	282
5	24
0	2
0	4
1	4
0	0
0	0
0	0
0	0
264	230
21	38
0	171
0	50
4	13
33	244
1	211
4	236
0	204
6	93
0	386
4	346
0	0
1	0
779	1453
3	1252
2	1264
82	1264
34	10
0	55
0	1
0	0
2	0
0	0
32	198
1	60
17	33
0	0
0	18
0	180
1667	7
3	7
0	0
1	223
13	239
0	77
3	21
6	91
45	572
40	1419
2	592
0	17
0	1225
14	1224
602	572
8	144
0	65
1	23
0	24
21	159
0	126
0	1424
0	0
568	0
9	0
0	0
12	119
1	4
1	119
84	0
38	510
5	510
304	0
4	0
401	861
0	727
0	812
34	902
1	133
6	0
0	135
13	3
1	1
0	0
1	23
5	0
1268	3439
1	3738
11	2988
3	3450
4	106
3	512
4	121
1	531
18	3
40	452
0	54
17	461
4	441
1	0
1131	233
0	150
0	83
0	25
310	0
15	0
369	882
25	889
0	145
1	198
26	169
1	324
0	0
6	0
0	459
542	551
0	185
0	0
0	0
18	96
9	16
0	0
0	93
11	849
3	43
3	13
1	4
4	1
1	1
277	849
7	112
156	469
2	0
3	0
504	471
4	693
10	440
5	617
2	10
25	218
1	605
6	546
0	169
0	318
0	382
0	379
0	52
22	6
1	0
1	0
1688	3
356	74
1	31
147	448
16	448
0	3
0	3
0	2
0	0
1116	166
0	166
0	0
42	6
0	1
0	6
313	190
28	167
4	30
2	6
6	165
0	0
1	0
99	0
0	0
20	535
2	232
0	391
1	265
0	88
0	75
28	159
4	891
13	281
3	426
0	838
0	0
0	0
0	0
431	407
8	407
22	387
4	48
0	8
0	6
0	0
0	0
0	8
0	8
0	6
729	84
0	83
114	14
0	14
1068	3138
2	391
4	2901
1	211
4	0
0	26
31	714
0	524
11	176
22	0
0	1
1	0
0	0
0	0
0	0
0	0
0	0
0	0
0	0
0	0
12	102
13	77
0	94
0	96
1	76
0	93
0	2
0	0
1	9
0	3
0	1
0	3
0	3
430	2094
10	21
12	427
0	1550
115	1752
0	209
0	0
0	1540
17	366
4	45
6	1694
80	0
0	0
0	0
1975	2
355	407
13	407
0	13
0	0
0	16
1	16
7	115
2	114
5	73
0	960
117	959
5	225
0	400
0	174
0	37
0	2
10	0
31	517
6	211
17	509
0	97
0	0
19	64
0	48
4	0
0	0
0	0
0	0
1	0
0	27
0	27
0	27
0	27
0	0
0	0
0	0
0	0
9	307
32	3335
144	3334
12	330
0	150
52	18
0	973
1	1029
9	384
49	367
41	0
16	188
24	196
0	133
1	35
0	0
0	214
0	214
22	0
0	0
1	0
0	0
0	0
14	230
7	206
0	253
0	222
1	113
0	230
0	13
0	6
0	49
0	34
0	2
0	7
7	19
0	8
0	243
0	241
0	241
0	1139
0	309
0	202
11	1089
15	677
0	81
1	18
5957	1
1654	4546
0	4032
133	3511
75	3827
25	4205
20	4222
11	4164
8	4210
49	285
4	129
4	345
0	156
0	190
0	3855
0	0
0	0
0	0
0	0
0	0
1	0
114	565
53	513
2	66
0	40
13	1
9	13
571	1731
1	1731
3	344
12	294
820	97
0	96
12	0
4	94
55	412
14	176
4	52
0	127
0	114
0	399
0	10
1	21
1	9
0	38
0	115
16	0
16	0
0	0
0	6
10	9
1	5
54	277
0	69
21	159
0	26
0	120
0	2
2	5
0	123
1	51
0	0
0	0
3	0
7	0
19	309
4	69
35	215
3	208
0	0
0	14
17	150
1	186
0	195
7	220
0	274
0	4274
16	3613
0	277
12	200
4	4
2	824
28	26
2	113
0	121
4	104
0	140
4	0
2	0
57	3968
0	0
0	0
0	0
12	4853
20	4629
147	2574
14	1273
0	2557
12	2596
0	770
31	490
0	1
5	2
0	0
343	168
0	0
2	168
11	189
3	153
1	1
0	142
0	106
0	23
0	142
0	113
65	142
18	123
0	9
2	2
3	6
1	115
0	86
1	1
7	56
14	48
0	52
1	0
0	0
12	54
0	15
0	3
8	280
0	1193
40	47
0	1064
0	1084
147	2143
211	2082
20	1718
21	460
3	113
0	1304
42	1435
0	1149
7	769
8	50
2	145
142	54
38	46
0	1490
2868	1687
1	1017
2	406
6	149
38	247
8	303
0	308
0	939
18	944
4	25
269	46
20	46
0	2
0	2
0	2
0	1
0	1
0	1
11	61
0	1
2	60
0	0
0	0
181	466
0	147
0	470
2	21
7	0
1	22
0	18
0	21
0	22
0	0
0	0
0	0
118	0
74	1674
0	1140
4	1110
0	2
8	47
48	45
222	719
12	684
1	60
0	43
324	28
17	28
0	149
0	12
1	2
0	125
23	294
0	496
10	472
2	507
3	660
20	605
75	0
0	601
1	2
3	14
0	2
608	0
433	4
0	4
254	3456
0	3615
9	3486
94	302
67	121
0	85
57	400
4	400
128	908
5	666
0	72
3	18
0	243
0	0
0	0
177	0
822	456
0	72
2	70
7	413
3	96
0	1
0	3
0	0
0	0
12	1912
21	568
125	9422
0	75
2	4981
1	7078
24	5
0	4447
4	4921
6	4836
4	7217
0	6610
0	192
7	145
1	1899
9	1369
42	4
67	0
1382	0
144	182
0	42
0	63
25	131
0	110
2	88
5	0
1	597
36	670
0	91
0	0
19	2117
1	171
92	2173
21	1054
96	431
0	430
2	403
0	0
255	102
14	180
37	180
12	460
1	58
0	0
0	179
10	54
4	124
0	211
1	408
14	67
1	84
0	77
0	127
0	0
5	9
11	7
29	6
24	41
0	74
57	296
1	2
0	117
8	260
0	42
1	135
0	228
3	63
0	66
77	8
187	83
0	39
1	39
6	40
0	62
0	12
0	2
1	103
0	88
11	0
0	0
25	577
10	412
86	455
36	322
0	209
3	64
10	83
2	18
13	5
47	452
3	323
2	12
3	44
11	4
1	241
85	11
0	0
2	48
11	96
2	4421
7	681
23	7475
12	126
2	5483
1	170
10	6442
5	1969
0	526
0	0
0	0
337	2526
1	2246
0	294
17	318
1	338
2	32
5	127
1	63
4	227
12	102
0	354
3	0
0	0
0	0
1	0
1	0
0	0
0	0
0	0
0	414
0	1144
0	1341
21	1346
0	111
4	32
6	59
3	51
0	0
19	127
16	127
63	425
0	7
0	1
12	51
1	92
0	424
141	1694
11	1532
37	315
1	94
17	0
0	0
18	286
2	0
2	146
0	165
53	1045
0	2
1	366
0	34
33	13
0	977
14	47
0	43
0	4
10	4
51	1
1955	2
0	2
1504	1635
1	1634
22	63
6	12
0	0
3	8
475	0
191	895
50	673
11	535
2	506
1	118
265	46
1	38
5	38
51	0
0	0
0	0
0	0
0	0
0	0
0	0
0	2
0	1
1	2
0	0
0	0
13	10
0	9
2	0
0	0
1	0
851	218
0	218
0	36
2	32
1	4
0	0
0	0
1	58
0	75
0	62
1	0
2	2
0	26
0	5
0	1
0	0
0	0
0	0
0	0
0	0
0	0
0	0
0	0
0	0
29	1974
3	2086
22	2463
0	2449
7	35
4	0
16	2016
116	985
0	2081
4	2085
10	13
5	417
0	1495
2	0
0	67
4	391
2	0
7	0
1	173
4	169
0	65
8	37
15	11
13	162
29	436
0	370
0	419
1177	1
0	0
5	0
266	850
11	733
4	476
3	178
2	32
5	0
247	52
0	42
2	10
5	39
1	39
834	80
0	4
4	1
0	26
3	50
1	1
0	1
0	1
0	0
59	460
0	362
2	1
0	432
794	1
0	1
0	1
0	0
0	0
0	0
0	1
93	12714
9	4222
4	6176
1	9497
36	5723
1	1658
22	1106
88	1137
398	1107
10	1116
5	90
146	41
0	41
0	0
3	0
267	56
5	54
8	30
11	28
26	0
0	365
133	396
0	339
1	6
0	0
0	0
3	5
2	1
0	311
166	299
9	299
1	23
0	61
0	2
1	0
209	2304
7	683
13	1555
0	1029
16	286
0	951
9	997
1	66
253	759
0	194
4	358
1	735
0	572
1	115
0	141
0	0
0	0
0	0
0	0
0	0
0	0
0	0
2	963
70	963
282	402
0	402
0	1
5	55
0	175
0	5
31	363
21	364
4	45
15	177
0	334
0	21
27	22768
592	16051
429	687
4	192
27	3930
14	236
5	15725
0	22536
299	1000
0	590
0	514
13	151
5	597
5	903
0	203
0	206
3	194
2466	137
0	32
4	103
3	1
2	1
0	0
0	0
0	0
3	0
4	0
0	782
0	782
3	29
434	781
43	55
0	55
82	1187
12	1153
0	72
0	679
1	119
193	1235
0	2482
3	62
0	2621
0	2504
0	0
0	0
0	0
3	7
9	77
1	11
1	7
0	8
0	73
2	0
0	3
0	2
0	1
105	4
79	37
54	36
4	31
141	31
164	24
0	24
32	4
0	0
0	0
41	1130
6	1239
0	1122
63	1067
2	1140
1	1149
0	704
0	31
0	146
13	104
1	1
0	57
33	64
319	1
0	87
0	272
140	476
7	16
126	205
0	0
0	0
0	0
0	0
0	0
0	0
0	0
0	0
0	0
0	4124
0	2208
36	67
3	1714
16	965
1	84
6	4125
268	128
168	128
6	375
0	373
9	236
0	589
43	584
0	4
0	4
0	4
0	4
0	4
0	0
0	0
0	0
0	0
0	0
0	8
38	35
5	0
5	8
37	11
0	8
0	0
0	0
569	904
1	0
0	397
22	505
3	316
69	324
13	99
1	69
10	14
0	349
0	0
0	0
0	0
0	0
0	0
0	0
0	0
0	0
0	0
0	0
32	9
2	0
0	9
2	0
31	6
42	82
0	82
1	82
0	17
29	18
1	12
0	2
3	1
0	14
0	11
1	10
1	0
2044	391
4	1
5	386
0	229
110	2144
0	2246
1	337
12	364
0	262
166	1518
21	1147
0	935
0	448
6	850
14	0
8	2
0	2
0	0
0	0
14	1195
2	1154
7	6
4	69
3	78
0	418
6	14
0	599
10	48
3	138
37	234
0	2
10	48
0	1202
0	52
1	12
0	12
0	0
0	0
0	0
0	0
6	0
1	62
284	159
1	38
0	143
0	79
0	91
0	102
0	1
0	9
1069	3303
3	1934
0	3027
1	929
79	57
22	496
67	853
29	4
221	357
2	1
35941	6007
0	5947
9	4278
0	4315
1	0
3	0
4	0
0	0
1	0
19	606
0	845
2	611
0	2
569	107
1	713
16	706
0	64
0	3
0	0
23	11
0	7
0	0
1	717
21	4774
2	3974
26	444
0	4774
0	0
0	0
0	0
203	157
3	157
0	0
0	0
0	0
0	0
0	1
0	1
98	0
0	0
0	0
0	0
0	0
9	337
26	337
2	24
0	20
0	6
1245	1
0	5
0	5
0	1
0	1
0	0
0	0
0	0
0	1
0	0
0	0
0	0
0	0
14	373
39	359
420	1002
2	0
32	659
756	398
0	3
0	3
1	1
759	954
1	56
88	862
20	98
12	474
34	96
0	199
366	1286
22	592
2	174
81	1014
0	855
0	130
0	96
0	219
3	260
3	2
4	89
0	325
19	3
1	0
0	0
112	20
0	20
265	3113
0	3113
3	77
9	77
0	20
7	20
850	1694
134	1591
166	1877
0	1845
212	990
4	2
1	1
0	1
2	940
99	50
2	48
2	0
0	3
0	3178
1083	3223
15	100
0	81
23	101
1	8
1	39
0	103
1	0
2	7
1	39
119	565
0	317
0	394
0	440
11	3
12	16
0	100
0	0
1	482
0	47
0	9
1	494
0	1991
39	1991
42	17
0	17
0	748
131	901
16	2
3	899
1	0
271	0
42	10
0	10
0	9
1329	424
12	222
12	392
5	63
0	31
0	29
0	110
1580	1613
7	3
9	432
1	1248
412	18
0	18
0	0
154	45
0	0
0	30
0	0
0	44
0	10
0	0
0	1
1	3
1	15
0	934
0	270
0	244
0	10
0	326
0	348
0	351
0	355
0	319
0	329
0	350
0	335
0	334
0	889
0	342
0	326
0	370
0	319
0	357
0	319
0	4
0	1
7	14
34	5
6	0
37	0
0	231
18	5
11	7
3	4
22	6
26	231
59	908
6	794
0	245
0	29
0	295
1	0
2	91
16	5
28	160
12	43
4	61
18	52
97	1193
0	956
8	884
12	184
4	1249
0	1154
1	948
0	1248
0	249
0	105
0	43
1	188
0	275
0	319
131	566
23	567
46	331
10	362
0	576
4	1
1	1
14	1397
95	1474
0	1446
0	1468
0	573
23	127
0	239
54	408
1	75
108	852
49	20
11	393
0	0
0	25
0	22
0	29
0	28
0	24
0	28
0	22
38	500
2	498
7	122
1	2
4	162
1	3
0	3
7	0
0	0
0	0
0	0
0	0
0	0
0	0
1938	1
703	870
23	709
3	207
28	380
0	20
0	89
0	67
3	167
37	173
1	172
34	0
7	38
0	19
17	262
7	34
0	3261
1	33
24	33
2	169
0	352
1	6
9	19
18	20
0	10
2	0
0	6
1	6
0	0
1	3319
440	2275
26	2577
10	52
7	3
91	41
35	448
7	589
0	0
17	551
0	804
1	777
3	246
3	23
3	54
6563	6889
204	2663
5	0
27	2492
74	75
6	0
10	2585
16	2335
4	322
0	27
0	23
0	1
0	0
0	500
0	27
21	0
0	0
11	155
2	155
2	144
0	5
0	36
0	49
0	2
0	0
0	0
0	0
0	693
258	987
1	426
44	463
0	225
0	26
46	145
0	8
2	6
52	151
0	0
0	8
0	4
2	7
0	0
0	0
0	654
34	205
0	578
20	804
40	681
2	304
2	23
0	169
17	230
0	2
1	21
0	219
1	10
0	0
0	0
0	0
0	0
755	244
33	245
2	11
0	60
0	0
0	0
0	0
0	0
0	0
0	0
0	0
0	0
0	0
0	0
185	2138
3	48
0	2138
0	0
0	0
0	0
0	0
473	1403
171	1404
2	0
0	18
0	5
0	4
0	10
0	0
0	18
0	16
0	2
0	404
0	97
2	445
7	109
15	466
0	100
0	88
10	414
0	450
0	0
0	427
18	658
26	658
10	19
1	30
668	0
0	0
0	0
0	1
0	1
0	1
0	1
0	0
0	58
0	188
2	179
0	0
0	106
11	137
0	0
0	32
0	35
0	6
378	195
7	647
364	295
1	263
0	252
6	55
0	63
0	61
130	233
3	204
25	1078
6	1170
6	241
1	515
3	28
4	111
0	1001
2	198
13	109
0	127
56	536
1811	16411
741	10157
0	7192
1	4191
1	2791
1	1122
3	1410
0	353
188	6164
18	206
2	353
0	84
74	629
0	138
2	106
0	0
0	28
0	264
0	179
0	308
358	422
0	122
0	105
0	96
0	23
0	82
0	0
4	349
86	349
0	0
404	68
23	39
282	156
1	156
2	376
40	1775
29	1289
1	437
2	1610
9	60
890	354
64	350
126	351
2	234
0	2214
1	100
0	303
1	1862
0	1725
1	553
0	372
0	2014
29	0
39	480
2	94
0	103
5	10
2	486
0	5
0	5
0	0
0	0
22	851
2	789
8	859
0	618
25	714
6	727
5	0
8	9
9	81
5	15
0	37
0	15
0	753
11	284
34	205
28	286
0	247
1	21
3	10
0	0
0	0
0	0
0	0
0	0
0	0
291	615
87	245
0	195
0	148
0	97
4	43
0	73
226	127
4	76
2	329
0	122
0	1
0	0
0	0
2	0
0	312
0	0
0	0
1401	739
0	741
3	153
4	22
1	2
0	0
0	0
0	0
0	0
0	0
0	0
1529	164
6	161
27	1
1	14
0	0
0	0
231	62
0	44
4	4
0	16
2821	2008
26	1660
10	324
0	0
0	285
0	286
0	0
0	0
0	15
0	12
0	5
0	11
0	0
783	0
0	608
2550	1333
15	750
4	316
6	0
20	3854
0	1690
2	2242
0	510
0	3854
0	1690
0	0
94	807
3	470
21	37
2	274
17	3
2	73
8	7
0	765
0	775
9	599
0	547
2	290
135	235
9	242
0	49
1	33
237	330
0	9
5	266
6	365
12	311
0	118
0	99
14	237
72	228
6	170
3	75
18	93
3	58
18	12
0	5
1	27
0	197
0	213
0	212
0	232
0	60
1	8
6	8
3	1
22	23
9	50
0	1
210	7888
102	8022
3	5497
0	772
0	140
0	140
0	741
791	1865
3	1691
0	1
2	10
0	126
2	142
12	901
0	1087
10	1029
1	0
1	19
5	126
2	16
0	0
0	0
0	0
0	0
0	13
0	5
0	2
0	0
0	11
0	0
1	0
0	0
0	0
0	0
0	0
0	0
784	653
0	648
8	293
3	0
0	1
1	6
0	5
116	91
0	91
11	74
0	15
0	0
217	1819
6	575
5	769
7	478
44	1239
1	1
0	1
0	0
0	0
0	0
0	0
0	0
0	0
0	0
0	1189
0	1009
10	248
24	389
0	0
6	3545
7162	15536
0	13817
0	0
0	0
24	12
0	12
27	223
17	216
11	19
3	43
6	33
0	9
1	33
1	10
1	3
1	0
0	34
0	17
1	26
0	8
0	15
0	9
0	17
0	7
5	13
5	10
3	10
3	124
35	524
1	0
11	459
3	8
1	5323
130	4885
0	4975
0	4314
0	5298
0	5109
0	4975
0	4936
18	569
0	23
3	2864
7	0
4	364
0	12
3	487
14	881
1	0
0	147
0	158
4	287
0	260
13	38
0	268
0	223
0	175
1	0
0	5512
0	5150
11	272
304	300
56	269
0	246
0	14
2	15
0	0
1	1
321	434
2	430
0	51
0	139
0	208
6	162
1	123
15	71
0	62
0	23
0	324
7	111
0	324
43	165
84	165
39	3
0	0
1	0
0	3
261	1718
0	1395
1	1133
0	1129
6	3
15	0
0	16
1	0
2	15
0	6
0	18
0	13
3	16
3050	0
0	2
3	2
0	112
403	112
581	95
0	63
3	29
3	57
1283	1
1	0
1	51
1	1
0	49
2	49
0	18
0	24
0	43
0	0
2	0
0	0
0	646
3	646
2	646
36	674
0	36
0	13
6	36
3	1
1	1
72	490
884	1943
1	1851
80	601
2	10
0	9
0	10
0	1
0	1
0	0
135	568
24	43
0	132
1	36
4	0
10	685
1	680
62	680
265	364
0	324
0	40
8	3
0	0
0	123
31	964
0	827
1	358
0	142
0	142
2	34
0	67
74	277
10	306
0	0
0	0
0	0
0	0
0	0
0	0
0	0
0	0
538	325
0	325
0	10
0	0
40	802
21	799
0	18
0	75
1	1
0	0
6	787
167	12177
255	1184
11	3319
1	59
10	56
18	8574
1	1926
2	3
2	72
6	1195
2	8
20	179
6	118
40	176
0	5
0	0
8	84
1177	1095
44	622
133	199
3	44
0	13
20	254
2	495
3	305
0	48
3	43
0	6
0	19
0	1
0	1
0	0
0	0
0	22
0	35
0	35
0	35
0	15
0	34
18	150
0	127
0	17
3	15
1	11
1	545
3	337
0	27
10	570
0	500
0	83
0	38
0	105
2	68
40	15
6	20
0	20
6	213
12	179
0	180
4	22
0	0
0	0
0	0
170	66
6	65
4	107
0	66
5	123
0	48
0	0
0	0
0	0
154	1072
1	884
5	252
0	113
7	125
1	113
0	0
0	0
0	0
12	304
0	243
6	125
1	48
3	16
1	0
0	0
0	0
0	0
0	0
0	0
0	0
443	594
5	400
33	425
180	4563
0	922
0	1644
0	4562
1	19
0	114
1738	490
12	119
0	329
1	483
15	155
1325	2
0	0
0	0
0	0
0	0
0	0
0	0
0	0
0	0
0	827
4	838
13	693
8	7
0	0
2	3
0	50
8	3
0	59
0	2
2	135
0	63
0	500
5	500
0	510
0	452
2	380
0	41
0	25
1	19
0	0
0	0
0	0
224	73
2	5
0	68
0	1
0	0
0	0
0	0
0	0
0	0
0	0
125	710
28	181
20	96
5	151
37	130
0	5
7	4
22	4
0	2829
1	133
53	2807
0	1160
0	19
3	1156
1	1106
86	1125
0	122
0	34
2	2817
0	0
0	0
0	8
3	8
0	2988
0	2930
0	302
37	18
0	2632
0	2690
40	2179
0	118
0	67
0	62
852	1016
0	910
1	959
0	949
0	86
0	48
4	206
0	0
0	0
0	0
9	229
2	207
0	55
0	0
1	11
0	12
11	9
0	42
12	0
0	0
1	0
0	0
0	67
81	124
1	57
0	19
2	4
3	74
18	70
0	81
0	78
1	3
1	6
0	8
1	7
6	431
65	428
9	288
1	431
0	0
0	0
0	0
0	0
0	0
0	0
0	0
0	0
0	0
0	0
0	0
0	0
0	0
0	0
0	0
0	807
0	0
0	0
0	0
0	0
0	0
0	0
3	858
4	772
7	506
6	240
0	794
0	3
0	13
6	13
0	63
1	334
0	1778
0	50
1	1778
0	438
3	486
0	53
6	50
1	100
0	17
8	2
1	433
9	0
14	5452
16	6187
10	6157
34	730
3	4
8	9
0	239
5	925
9	967
46	967
39	140
8	35
0	205
3	251
13	212
0	0
0	0
1	0
0	0
2706	9859
9	570
45	885
1	535
91	0
0	0
174	656
0	7
5445	411
3	275
24	220
0	17
1	1
333	1533
68	1450
0	0
0	106
5	106
11	1
0	170
20	2
4	2
0	11
0	7
0	602
0	135
62	557
31	75
12	18
0	682
2	577
36	764
24	585
5	138
1	65
5	10
13	663
12	653
0	167
268	2706
357	2062
0	12
119	1549
4	208
4	78
12	234
4	132
0	6
0	0
225	56
0	55
0	3
769	18817
0	0
0	0
7297	2217
2	2216
0	3
2	3
0	1
10	951
11	708
1	134
0	134
1	441
19	762
1	314
2	543
3	6
0	445
1	117
0	22
449	579
15	556
1	523
1	546
19	0
5	86
14	105
0	1
0	0
31	30
2	17
10	30
633	13791
0	8785
666	6415
118	0
0	1
4	1
0	0
0	0
0	0
0	3
0	3
270	96
36	96
9	4
826	3456
20	3453
0	196
1	4
64	1695
26	1695
4	215
1	176
32	20
41	23
0	94
74	82
0	39
22	26
1	6
4	0
13	629
142	1131
6	167
0	514
0	758
0	729
107	185
0	248
6	115
0	18
9	79
3	9
5	2
0	0
0	0
0	0
11	0
19	51
0	16
0	24
0	8
0	11
0	4
0	0
1	3
0	14
0	10
1	0
0	4
0	7
0	3
21	1763
27	1629
32	346
28	209
18	3
0	3
37	374
9	374
6	138
0	0
0	138
7	130
24	60
402	415
4	214
0	70
0	99
0	48
5	88
0	29
0	0
0	0
0	6
0	22
0	2
1	22
28	739
6	750
2	69
0	86
0	154
0	0
0	0
0	25
3	130
0	38
81	130
4	0
3	919
22	861
6	622
5	233
8	626
162	425
38	5
153	95
2	19
0	54
0	30
10	56
0	40
48	26
0	26
379	2037
666	2696
1	344
2	945
0	0
0	1530
0	0
1	5
2	6
0	44
14	196
0	841
0	0
0	0
30	762
2	538
31	773
6	357
2	0
2	152
0	40
6	153
0	0
0	0
131	786
3	618
3	168
6	261
3	6
0	1
0	2
0	2
0	2
1	3758
13	772
16	3480
15	793
1034	171
62	170
1	5
0	2
0	1
0	0
0	0
0	5
20	453
89	451
16	431
2	356
1	289
5	289
0	10
0	463
101	14
6	3
16	10
3	1
0	0
2	150
0	6
4	150
0	0
60	67
0	11
1	57
0	0
3	0
2	150
1	130
1	1
0	119
0	16
0	628
96	139
0	0
0	0
5	706
0	545
2	560
0	236
0	208
0	516
6	185
0	200
0	92
0	0
0	0
0	0
0	0
0	60
59	83
0	0
0	0
390	0
1	1
50	18
1	13
0	18
0	870
3	1068
0	306
14	21
8	64
0	53
13	272
6	268
3	0
0	110
10	252
0	656
57	993
10	125
19	434
13	442
0	72
0	684
9	596
0	147
2	332
5	5
0	182
0	182
8	267
11	568
3	568
2	27
6	7
0	563
0	2
0	2
9	5
39	1083
4	1187
0	199
0	1380
0	697
0	63
1	45
2	0
0	10
0	9
0	2
0	0
0	1
1	7
185	360
33	296
15	134
0	64
0	1
13	6
6	1
10	19
4	15
0	16
0	8
2	21
0	2083
0	2194
0	2196
0	29
0	49
0	2471
1588	632
0	219
0	76
0	15
0	115
0	128
0	128
0	0
0	0
0	0
0	0
0	0
0	1
31	110
211	176
2	78
7	1
3	522
34	519
5	525
14	511
0	92
0	0
0	75
2	8
162	9
14	274
0	292
1	287
0	0
0	54
0	9
0	15
0	1
0	81
0	984
70	987
0	42
0	14
0	985
0	982
0	0
114	306
14	144
2	115
6	67
0	21
2	8
0	0
9	85
0	24
14	58
0	13
0	48
8	0
4	0
330	220
0	220
6	27
3054	673
1	243
0	528
2	60
2	65
0	2
0	0
0	0
0	0
0	0
3	1
1	1
0	8
3	7
0	8
0	0
0	1
0	1
0	2
751	2479
10	2113
2	0
0	2
0	2
0	0
0	0
371	19
0	19
0	1
111	236
2	72
7	235
1	4
3	11
1531	3331
0	3329
7	1
20	774
0	773
3	610
0	652
1	500
0	131
0	132
13	35
0	7
0	1
0	0
0	0
0	0
1925	3063
1	1533
4	993
0	1532
9	11
8	0
1107	4
1	1
6	1
50	621
5	143
581	758
83	635
1	97
0	14
46	15
43	105
1	105
0	53
0	39
25	213
1	870
1	1019
38	923
0	1000
2	683
13	478
0	112
0	253
5	163
9	37
1	49
2	21
2	22
1	19
1	1
0	1
0	0
0	0
2	0
0	372
34	454
3	17
20	250
1	370
134	6676
127	6630
237	6643
67	915
5	0
6	155
25	73
4	557
142	566
0	0
0	5
0	4
2	0
0	5
0	4
0	1
0	0
0	7
1	7
0	7
37	611
2	446
0	755
1	1
0	76
0	11
0	49
0	394
6	51
3	29
3	58
9	30
0	12
0	8
0	16
0	26
0	4
0	12
1	43
142	119
0	15
8	76
559	344
0	333
3	1
1	34
6	691
3	694
9	693
71	557
13	1265
24	1263
2	1262
27	1262
66	189
4	6
0	1264
140	0
0	125
0	203
51	4786
0	5140
0	4809
0	4659
0	1
1	118
14	4334
0	4138
0	4201
1	460
4	771
0	414
0	0
0	2609
3	171
1	6
0	838
27	171
0	524
0	21
0	1552
20	268
0	0
33	1785
4	24
4	2083
0	89
2	1859
14	52
0	329
1	1024
1	1413
2	73
0	48
0	227
6	869
0	0
20	63
28	26
7	91
54	465
0	119
0	492
5	5
1	680
0	12
1	4
0	13
2	4
10	15
119	4
0	4
0	506
105	509
2	227
1	46
0	0
206	981
22	1502
0	977
9	1425
1	532
1	24
0	147
3	82
5	265
0	150
1	49
0	2
5	153
0	518
2	686
10	723
17	167
0	680
1	82
0	82
0	637
0	598
0	303
0	658
5	571
7	115
27	528
13	732
1142	897
17	14
27	43532
0	7
319	44936
826	46021
30	44057
2258	48609
56	2903
12	41076
0	1826
6	1800
2	840
1	845
4	41077
1	94
1	387
47	387
0	0
0	0
2203	222
1	13
0	210
10	31
0	44
1124	9
45	9
2	0
0	0
0	2
0	2
161	549
0	511
0	31
0	31
0	0
0	0
3	35
0	27
2	60
31	24
1	49
4	49
1398	540
2	468
0	500
2	57
0	3
0	1
5	823
1	53
0	40
0	31
11	9
45	849
0	0
1298	1989
22	1684
4	1388
0	836
1	579
1	134
7	105
1	774
0	789
0	1
0	657
0	729
1	32
0	24
11	39
0	0
0	8772
35	3178
61	4692
22	1593
0	7323
18	6560
2	3698
1	3002
4	3752
2	5872
0	8009
19	7010
0	5324
0	2390
8	1
0	1347
1	2121
52	466
0	8
977	829
1	2
2	309
11	768
4	331
4	0
0	6
3	0
15	813
326	0
930	87
0	87
12	12
3	36
21	67
3	58
401	260
4	13
0	248
6	21
6	1
0	149
1	7
77	86
11	64
0	12
2	17
0	24
59	0
0	2
0	2
6	2
0	2
1667	167
1	23
0	47
18	92
0	5
0	10
0	10
11	0
0	0
0	0
1571	425
3	165
5	260
0	66
55	49
0	58
0	23
13	392
1	386
4	254
10	243
0	21
0	18
6	1421
0	1020
1	122
7	71
10	2
11	199
3	45
2	36
0	0
0	1354
40	367
17	370
109	419
1	50
1	50
1	367
160	18
0	11
1	7
35	291
1	226
1	73
9	70
0	80
3	219
0	171
15	1
3	165
462	346
2	232
1	116
0	101
0	0
0	233
3	647
132	677
0	11
1	193
7	63
58	205
0	189
8	1
156	152
0	51
7	72
5	50
5	102
115	112
0	23
4	12
7	1
0	0
1	1
0	1
0	0
0	0
4730	200
10	35
9	28
2	0
2	142
0	0
0	0
0	0
5	83
2	32
0	75
4	2
0	0
0	0
29	189
0	189
0	189
575	191
1	0
0	190
10	2
40	3
15	620
0	779
0	837
0	1046
11	1676
72	1339
4	315
0	723
0	1393
3	416
0	358
1	377
1	11
0	95
7	391
20	302
617	465
2	165
4585	2
1	1
2	1
0	2
1	0
260	695
6	455
4	293
0	66
5	9
2	207
0	0
155	23
1	23
6	0
355	156
0	110
1	88
81	49
0	49
0	5
0	0
1	386
641	561
2	405
0	419
0	89
1083	2076
0	579
0	1873
0	557
0	549
1	49
5	48
7	169
0	65
0	45
1	6
88	224
0	235
0	286
17	221
1	0
0	0
5	0
0	0
1	24
234	14
254	574
120	453
2	80
0	76
0	0
0	0
0	0
0	0
42	525
0	119
0	284
0	530
0	339
10	470
0	94
8	58
0	123
0	4
0	1
0	2
0	4
151	0
637	0
0	4
0	6
0	1
0	5
0	6
0	4
0	0
58	0
1	0
0	0
0	163
0	0
0	0
0	0
0	0
0	0
127	0
203	8871
235	8465
218	1627
594	939
392	47
0	47
1203	94
35	0
0	0
85	174
0	14
0	166
0	95
0	13
0	3
0	151
0	0
6	26
60	27
0	14
0	4
0	17
0	1
1	58
0	55
0	42
0	0
0	9
241	371
0	333
0	131
0	141
4	122
45	61
16	2
0	2
0	0
5226	18
17	3
0	9
133	2945
47	2953
0	8
0	1812
0	50
2	33
2	16
0	4
0	27
0	5
0	5
0	3
0	19
0	30
0	7
0	8
0	0
0	8
0	0
0	12
0	1
0	5
0	0
0	0
27	10415
18	8692
435	10000
11	8759
1384	10223
0	6258
0	13
2	1862
0	0
11	1410
1	2
1134	1
0	0
2	59
0	66
0	8
9	44
2629	47
1	0
211	194
3	188
38	53
5	271
1	227
0	270
2320	448
33	237
3	376
0	0
1474	1748
4	1444
0	1362
20	964
46	0
2	21
36	21
2	50
15	12
0	528
118	528
3	56
0	26
0	0
110	685
2	311
0	296
0	40
0	75
2	85
2	0
0	22
0	452
0	0
0	0
602	41
0	41
146	1552
0	1303
143	957
39	405
0	1269
5	1187
6	1546
0	1306
0	987
0	1051
6	824
0	192
7	27
0	1527
0	0
0	0
0	1
0	5
0	783
30	953
0	552
69	1054
9	3
3	79
1	645
0	0
0	0
0	0
0	0
0	0
0	0
0	0
0	0
0	0
105	197
0	192
3	73
1	96
0	50
2	0
7	0
0	0
0	0
0	0
0	0
3	0
479	203
1082	199
36	0
0	0
0	1
0	0
0	0
0	0
0	0
0	0
11	1795
6	0
0	106
0	1795
0	0
0	0
0	0
9	27
5	1
0	27
0	3
0	0
0	0
0	0
0	0
488	638
1	130
3	273
9	34
14	295
41	222
0	344
26	0
20	140
2	10
0	139
0	0
0	0
0	0
0	0
8	404
1	101
0	404
8	348
13	0
31	366
1	209
0	26
18	4
1	0
6	4
27	0
2042	3986
7	1418
0	1820
6	557
9	482
16	473
0	604
1	6
0	842
8	23
54	630
17	634
22	3
0	823
6	99
1	501
24	571
1	180
23	507
0	85
1	0
0	0
0	0
0	0
0	0
0	0
1225	2
180	94
5	50
8	9
24	78
3	28
25	44
72	78
5	102
0	89
5	0
843	8735
29	2003
0	38
1	6737
0	0
0	0
0	0
84	3035
23	404
84	3094
0	1301
2	67
0	0
221	2
0	488
1208	839
16	745
10	28
11	73
0	0
0	0
0	0
0	0
0	0
1604	2141
351	1255
0	2117
0	703
0	38
0	278
15	16
40	1038
0	74
41	1016
2	76
1	147
0	644
8	107
0	106
0	670
2	112
0	0
54	112
6	728
12	26
9	19
35	1205
223	1205
0	621
0	263
1	113
9	7
0	190
0	182
10	27
0	172
0	137
0	160
0	1239
4	278
0	184
6	273
0	149
16	106
1	1
0	1299
5	0
0	0
4	3
0	3
0	0
257	0
0	0
4	309
6	308
3	307
0	0
0	2
0	214
0	191
0	17
0	8
0	13
0	30
0	29
0	307
99	1633
19	735
11	29
0	54
8	104
0	1634
0	0
1011	135
16	128
0	86
3	6
0	7
408	0
8	169
0	25
383	167
0	72
12	517
10	210
0	10
2	0
14	48
7	512
0	0
0	10
20	9
1	0
2	0
1	22
0	0
0	0
0	0
0	9
1	9
0	0
0	0
1284	1914
37	882
20	1665
1	22
0	1
0	1
0	0
0	1
0	22
8	130
5	195
0	1079
0	198
0	0
0	1006
0	22
0	22
1609	90
27	89
0	0
0	0
0	0
0	0
1	295
4	386
964	471
0	79
0	0
0	142
0	23
0	132
0	2
0	1
0	855
2	1073
0	1001
0	1
0	1
9	1
0	1060
2	886
0	1070
0	13
0	1185
3	578
5	972
7	739
141	290
0	1115
0	1191
3046	1
0	0
0	0
4	54
0	0
0	0
0	0
0	0
0	0
0	0
76	160
0	159
8	7
0	0
7	94
6	1
1	27
0	45
2	61
2	35
9	35
12	1
2	0
0	0
70	69
0	29
0	44
2	3
3	0
4	0
0	0
0	0
0	0
0	0
1611	87
4	86
282	1
296	135
0	135
0	0
0	0
0	0
0	0
0	0
0	0
0	0
174	0
0	2
0	1
0	2
0	3
0	2
1	16
0	2
0	1
0	0
0	10
0	0
0	2
0	16
652	158
2	157
8	0
5	15
0	381
90	381
0	301
5	271
0	0
0	0
0	2
0	2
0	0
3	9
1	1
1	848
0	1414
0	1349
3	1368
6	9
0	198
11	110
7	155
0	35
0	1
0	15
0	8
900	817
0	0
2	1191
0	1165
0	952
4	290
4	359
1	424
6	359
0	633
4	593
0	2
0	11
4	327
54	47
0	255
878	600
1	463
0	111
40	10
0	50
78	30
0	29
0	12
0	25
0	13
0	0
0	0
0	14
5	371
7	256
185	191
21	9
0	78
2	8
0	90
10	40
0	106
0	138
126	2189
0	2226
32	2108
0	2182
0	2223
1072	1
0	0
0	0
0	0
1500	2
0	2853
7	2613
0	455
0	100
9	84
5	20
0	359
10	46
31	65
0	2852
3	558
0	11
3	4
0	505
1	312
1	241
9	502
0	59
0	222
1	0
0	47366
4	45226
2907	45483
5	44794
29	45475
0	433
4	415
0	444
3	14
4	35
0	6
0	0
2	7
12	8
0	4
412	6
0	4
0	5
0	18
10	18
0	8
0	1
0	1
0	0
12	198
14	521
0	517
1441	188
0	68
0	2
0	1
3	45
2	9
0	18
0	12
0	50
0	1
1991	2122
0	851
43	1614
8	422
2	0
321	1852
5	1847
2	5
23	266
0	94
8	303
9	601
0	0
1	0
5	7
0	0
0	0
0	0
67	7258
0	7440
12	3808
0	377
31	148
42	382
7	240
0	290
0	2047
0	1540
4	9
0	7450
2	46
7	46
4	11
0	14
2	85
0	0
8	50
2	50
0	11
0	4
0	69
0	752
2	684
5	585
0	588
0	210
0	210
0	67
2	131
0	638
17	2240
17	22
6	17
99	150
1	199
34	435
245	1262
0	1780
5	456
0	436
0	173
0	2224
39	336
0	1648
1	70
1	147
324	8
8	63
0	139
0	84
0	103
14	90
8	308
383	139
2	78
16	15
7	54
5	1845
17	949
0	133
22	5
4	71
0	32
2	102
47	128
3	57
0	12
0	1885
725	10
0	0
0	0
514	40
2	3
12	37
9	532
20	541
0	507
16	534
0	65
23	181
0	8
0	0
0	0
0	0
0	0
13	61
3	49
2	75
1	50
1	4
5	13
0	0
0	75
1	0
0	0
0	0
61	0
0	0
0	0
0	0
1	514
553	538
1	127
1	69
3	4361
0	5829
0	5404
0	5362
17	483
12	235
0	457
43	1471
47	1470
14	815
4	5960
14	413
0	412
0	1
0	0
0	0
0	0
0	0
0	0
0	0
0	0
0	0
15	176
10	183
11	142
10	156
15	37
0	0
0	0
0	0
0	0
0	0
0	0
0	0
0	1
0	0
0	1
1062	312
5	139
0	136
2	124
0	36
0	0
0	0
3	0
248	4537
4	6
5	53
12	4478
2	0
0	32
192	445
11	455
927	263
3	22
0	7
0	236
9	177
0	165
0	2
0	0
0	26
0	6
0	0
42	40
2	40
0	3
18	30
37	47
0	44
0	0
4	0
281	196
0	196
0	0
88	804
5	804
83	437
0	85
5	91
2	41
16	60
36	10
2	7
0	3
408	0
15	245
0	272
0	231
0	282
4	123
10	26
0	268
0	0
1521	1
0	24
0	24
0	7
0	29
0	0
0	141
1	135
21	0
0	1
0	1
0	1009
1	1100
8	857
12	439
3	63
0	224
4	101
1	0
1	0
0	0
1	0
10	0
0	16
0	3
0	17
0	0
0	0
0	0
0	0
0	0
858	79
0	67
0	19
0	4
0	12
0	0
205	201
1	31
0	155
0	50
0	43
0	237
1	95
55	254
0	62
0	0
4	102
9	0
3	0
0	9
0	8
0	1
2	9
22	69
9	56
3	54
15	196
667	438
1	103
9	69
0	210
0	0
0	0
0	0
0	0
0	0
198	142
2	0
6	119
1	27
2	23
0	0
0	0
0	0
10	10
0	10
0	2
0	0
0	3
358	0
371	1099
26	1028
0	0
109	189
0	0
36	4
135	14
0	508
0	0
0	0
0	0
0	0
0	0
0	0
0	26
32	1094
765	1806
1	1131
2	1
0	122
0	0
0	5
0	18
0	106
1	114
2	388
270	328
2	279
2	95
1	1
386	134
14	134
22	1202
5	596
33	1170
3	952
2	180
31	556
0	738
0	0
0	0
0	0
0	0
0	0
0	3
0	0
0	3
0	2
0	2
0	12
8	71
0	27
1	71
0	31
7	22
0	4
125	379
3	379
1	37
82	907
6	52
6	908
0	28
0	20
0	57
8	1
5	76
0	3
0	3
0	0
0	3
4	0
562	0
11	2
1	2
0	10
0	28
0	57
0	217
0	0
0	5
2	6
0	4
3	0
0	6
1	52
0	23
68	46
0	214
1	0
0	2595
2104	3349
39	3347
1	363
3	17
13	17
0	977
4	1
0	1
0	0
609	975
9	975
1	975
0	0
1	0
0	0
359	74
2	73
0	2
37	416
10	416
0	0
0	1
0	1
0	0
0	955
0	659
0	420
0	631
0	38
1	20
28	91
0	13
0	73
0	53
1	883
0	908
2	930
0	0
330	373
11	354
10	376
5	142
594	0
1261	0
52	3438
3	2673
1	2166
3	142
11	2935
21	2877
30	101
3	211
0	727
0	62
203	12
7	0
0	591
3	221
23	143
1	2
0	2
231	83
2	83
8	0
1	0
0	13
0	13
1496	105
0	105
5	97
96	622
13	636
2	95
0	71
4	129
0	22
7	0
1	55
1	49
2314	2
3	0
0	2097
0	0
0	0
104	2073
28	2041
1	235
0	87
0	104
0	31
0	99
0	0
0	0
0	0
200	0
0	0
0	0
0	0
1	0
0	0
0	0
0	0
151	290
7	283
19	254
1	30
0	13
0	10
0	0
46	1382
4	2385
20	2291
3	1496
2	1339
13	48
0	2452
3	0
748	472
8	483
5	483
0	0
2	289
574	322
4	152
12	181
0	301
1	16
0	15
0	55
0	1
0	296
2	139
0	285
1	282
3	0
8	0
5	2
2278	32140
97	31489
4	31221
1	16442
0	12720
52	16566
47	13861
2	9973
44	6589
15	9778
0	6499
0	5254
48	2073
0	2072
9	1967
1	2072
6	939
0	50
5	192
48	157
11	5
0	0
8	73
2270	210
14	10
5	30
11	14
1	121
0	1
0	1892
0	1874
1	1388
16	638
30	98
3	1931
0	1913
4	1949
3	120
0	138
2	432
0	402
19	438
2	32
0	0
0	0
0	643
2	598
1	585
10	43
2	103
0	597
4	36
0	579
0	479
0	427
30	7
0	39
2	365
39	441
5	374
8	0
53	75
9	68
1	8
2	564
6	436
12	383
0	6
10	246
0	63
10	0
1	79
1	58
804	380
7	378
0	8
40	202
2	203
4	274
41	424
17	288
7	264
8	411
21	117
0	482
0	65
1	270
23	165
1	118
0	0
0	0
1782	460
3	133
0	271
0	54
62	612
10	182
0	552
19	22
1	620
227	0
0	0
5	9761
0	7972
11	5965
13	5185
0	8947
0	3
1	3
0	0
6	2
0	2
0	0
1	0
2	162
1781	164
31	1475
2	1565
29	1385
9	270
8	62
44	496
2	268
2	21
0	175
3	149
19	123
0	0
2586	1
127	1287
17	644
15	643
2	496
0	55
0	12
1	5
1	497
0	0
0	0
0	0
0	0
0	0
0	0
31	198
2	198
20	41
0	0
0	0
0	0
360	399
2	125
4	291
0	6
0	22
0	23
361	23
22	1234
46	1234
4	272
1007	507
0	154
8	26
1	7
0	8
0	3
1	3
3	8
5158	4
3	1
11	33
332	501
0	500
3	0
138	29
23	29
84	1026
7	1026
2	12
0	78
5	83
5	17
0	59
0	59
0	0
1	1
9	2293
0	1522
0	1642
0	1643
0	1760
0	1191
24	155
14	0
0	2
0	2
0	0
0	0
0	0
3	515
245	515
120	131
0	0
0	131
0	5
0	0
0	4
3	4
16	1923
0	1401
15	1886
316	1251
1	5
0	0
19	1055
685	1056
45	377
25	4648
16	145
92	3
19	0
2	1527
49	244
30	4648
0	0
21	40
1	2056
638	3706
12	3622
0	457
10	2757
1	112
1	3
109	1183
145	49
2	51
0	0
0	0
0	0
2	300
456	426
3	82
1	327
2	4
0	35
0	35
2	35
0	28
0	16
0	0
0	0
0	0
0	1154
0	1091
0	110
4	72
8	372
0	55
0	31
297	127
0	94
0	81
0	104
0	0
1	13
4	0
0	0
0	0
0	0
0	2
0	2
0	4
0	4
0	0
0	0
11	54
0	46
0	26
1	0
0	0
0	1
0	0
1	0
0	0
0	0
0	0
0	0
0	0
0	0
0	0
0	0
17	516
7	143
1	50
83	12
0	6
2	515
13	1052
4	65
3	229
20	997
0	640
2	526
2	152
1	181
33	172
0	16
3	5
0	12
2	5
5	23
16	507
107	597
14	572
3	1
175	5499
3	249
1	1084
30	5117
0	249
1	2216
0	52
505	294
27	280
1	281
19	180
1	0
179	845
0	846
33	322
1	87
0	26
13	122
84	58
0	0
0	1
0	1
0	0
0	0
7	22
2	22
1	0
0	0
0	0
0	0
0	0
9	404
2	44
4	364
2	4
2	47
0	0
0	0
5	0
34	5049
225	4829
343	4719
100	3026
6	2875
10	2147
4	601
973	0
0	0
0	0
18	0
1	0
0	0
0	13
3	542
4	86
7	548
0	0
0	2
0	0
0	0
0	0
0	0
0	0
3288	522
1	226
3	299
0	305
4	60
22	98
7	98
0	5
0	46
1453	58245
7	7526
3	50740
19	2114
0	0
0	0
0	0
126	233
1	36
0	64
0	0
3	118
15	118
15	934
0	367
0	812
5	808
0	878
0	861
2	46
0	39
7	0
0	367
0	52
3	374
0	41
0	59
0	47
2	156
4	120
0	870
0	38
3	230
210	264
0	35
0	214
0	8
0	8
0	42
0	2
0	160
0	3
1	14
10	161
3	70
0	17
0	4
708	0
7	4517
1	1196
3	3800
0	11
0	2284
12	2813
1	0
0	218
0	1275
0	3462
12	0
6	0
2073	401
0	193
0	208
0	0
0	0
0	9
0	7
0	1
0	4
0	28
0	0
0	0
50	608
1	613
28	679
0	1
38	100
2	8
36	73
0	0
2	272
107	2738
29	245
0	94
0	13
1	2378
7	2274
2	58
236	2321
124	33
2	1
4	1
6	28
0	12
0	12
0	8
22	290
4	259
0	111
3	37
0	0
4	37
0	0
13	2102
1	816
2	19
199	1847
0	30
0	5
89	851
111	91
0	18
0	47
0	61
0	9
8	314
4	301
1	19
4	1
0	136
0	12
0	32
0	31
0	12
3	21
0	29
0	8
0	317
0	285
353	352
1	140
4	128
0	113
1	64
0	2
0	151
0	0
0	0
7	3009
8	3055
0	679
6	821
1	174
0	89
923	176
0	0
26	175
777	0
0	0
0	0
0	0
0	0
0	0
7	1
0	1
3	2107
0	2218
0	2183
1	2010
13	10
27	0
10	132
0	19
6	12
0	24
0	0
0	2195
16	553
32	498
0	457
449	5158
13	7
0	6
0	0
0	0
0	0
0	3
0	5153
1	0
0	0
13	46
0	56
13	71
1	8
8	17
0	0
0	0
307	109
0	109
4	0
0	0
0	0
0	0
3	205
3627	320
27	211
9	15
0	0
0	0
0	0
0	0
0	0
0	0
2	0
0	0
0	1151
46	1151
0	0
2	64
0	86
0	0
0	0
0	0
41	0
0	0
0	0
0	0
0	0
0	0
0	0
0	0
216	20
0	20
114	501
0	511
123	432
0	261
1	1
0	1
0	1
15	341
363	342
0	0
0	0
6	1
330	1
0	0
5	391
2	126
10	389
6	6
1	15
4	60
73	304
27	323
148	2329
91	1547
0	1234
9	180
0	0
41	9
8	9
0	3
3	1887
52	8
19	2790
0	1
0	4
0	191
6	6932
2	6576
14	419
0	2716
0	2685
0	60
0	4140
0	2067
35	34
8	34
0	0
4	10
15	0
0	0
4	62
0	54
0	14
56	48
397	161
0	161
1	161
0	969
13	120
0	699
0	10
40	715
26	536
0	28
1	211
34	87
0	139
34	1444
9	216
0	555
0	1412
0	1511
21	1455
0	280
15	80
12	1
144	109
82	394
0	13
5	25
0	31
0	358
1291	726
0	390
2	157
0	199
27	19
0	144
7	43
6	4
107	315
56	376
0	287
2	138
0	218
2	193
1	0
1652	40
11	39
0	0
1	78
6	948
15	1006
2	10
10	15
21	56
6	59
4	46
37	62
12	33
1	14
14	9
1	1
5	7
6	7
0	1002
5	733
8	0
0	78
5	154
4	84
0	674
0	38
7	560
0	9
0	0
0	0
4	3
1	3
0	0
0	0
0	0
7	152
130	481
9	188
10	0
0	0
4	255
1	38
0	58
79	718
5	391
0	51
7	342
0	0
0	695
18	372
0	0
0	0
0	0
2	780
50	571
0	436
2	320
0	400
0	372
0	46
5	106
7	213
1	270
0	206
4	111
2772	3196
8	2942
14	272
1671	365
0	30
1	335
275	5
4	38
1	85
143	869
93	871
1	149
6	143
0	37
1	47
0	7
0	7
0	0
0	1
0	0
0	0
0	0
3	1102
0	1148
16	109
85	264
0	85
7	87
2	7
5	273
26	270
15	269
22	12
0	206
0	187
0	233
0	216
84	93
7	0
37	1280
9	1242
25	1281
4	19
0	0
3	1259
174	38
0	38
0	0
112	1949
0	177
120	563
38	1277
1	580
0	79
3	31
0	46
10	6
15	0
1	17
4	0
0	0
2894	4
0	2
0	0
0	0
0	0
0	578
0	1646
4	3949
111	3901
4	3785
11	123
0	58
0	1
0	0
0	0
0	0
61	574
17	545
12	164
0	27
9	120
0	89
73	15
3	28
31	1259
21	133
70	1
0	1119
1	1
10	25
1	141
0	0
16	0
0	0
471	2567
1	2360
0	444
0	0
0	0
0	0
0	0
0	0
1724	2725
6	65
19	2660
0	0
96	0
2	0
0	0
0	0
0	0
29	0
0	42
0	39
0	59
7	99
0	0
8	37
0	2
0	0
0	0
1	0
0	0
4	395
2	395
5	394
4	486
0	66
0	112
0	9
1	45
0	8
0	5
0	1
0	34
1	6
0	46
0	35
0	3
0	2
0	32
0	16
0	0
0	0
35	564
2	178
28	118
27	564
0	0
0	0
0	0
3	1
338	506
13	92
3	156
5	95
4	128
7	79
0	405
28	61
4	10
0	22
0	51
0	6
0	0
0	0
1733	1054
1	894
62	1054
0	0
5	765
6	720
54	624
6	654
0	26
2	177
3	176
0	3312
0	3656
28	9
30	48
39	1433
2	1249
37	59
0	0
0	117
81	446
2	320
2	443
1	539
0	542
0	634
2	32
30	195
0	89
6	8
0	104
0	64
0	31
1	24
0	3
2	16
4	78
0	42
10	0
0	0
1	0
0	0
0	2
83	2
274	519
2	518
0	0
0	28
9	37
11	0
0	0
0	1
0	0
0	4
0	4
474	434
5	114
1	1
0	18
0	0
0	304
4	1
1	6
0	7
0	0
0	0
2	1
635	1
2	6
109	300
8	4
26	249
2	112
2	48
0	32
2	32
0	0
0	242
1494	250
11	243
0	64
2	121
0	2
0	1
0	0
0	0
0	0
0	0
0	0
0	1
923	461
11	461
0	0
130	501
2	71
0	175
0	312
0	246
2	93
2	201
5	70
0	388
2939	1939
169	934
0	61
4	1561
0	696
9	834
1	686
14	611
9	92
0	91
0	392
4	0
25	300
9	71
0	24
932	1
0	0
0	0
0	0
60	9
14	9
0	0
0	0
0	0
0	0
0	0
0	4
386	1263
2	1264
1	2
0	11
0	0
0	0
0	7
0	7
0	7
0	0
0	0
0	0
0	0
0	0
0	0
0	0
0	0
0	0
0	26
5	37
16	24
0	37
0	20
0	34
0	4
3	2
1260	11110
127	11190
5	2612
15	25
20	408
3	744
5	2368
0	0
0	0
0	0
0	0
282	1244
4	76
32	653
2	1031
0	151
2	10
2	6
0	72
18	72
0	0
0	0
315	1240
4	1240
11	166
10945	170
5	701
195	1127
0	258
3	48
2	685
5	296
0	25
1229	25
0	0
0	0
0	231
50	221
0	198
0	29
0	37
2	19
0	6
28	434
13	124
0	110
8	0
0	328
0	15
0	0
0	0
0	0
1354	558
0	23
0	94
17	491
0	85
0	48
0	8
0	165
0	42
0	70
0	148
1	142
0	32
0	0
0	0
0	4
1	18
1	14
1	0
0	0
408	0
0	0
0	0
2	102
0	98
0	1005
6	1494
0	332
6	202
112	132
0	1494
0	0
0	0
5	0
777	0
0	7
7	7
6	159
18	218
8	44
0	220
1	2
0	0
0	0
5047	4
1	112
0	117
0	77
1	60
2	61
1	0
3	61
0	1242
5	194
1	66
3	61
53	27
1	1242
0	0
0	0
2	1
0	1
323	0
772	794
3	794
1	32
0	0
0	0
2	682
17	815
4	40
9	235
0	4
0	8
0	8
0	8
0	8
0	0
0	0
0	0
0	8
0	0
0	4
0	0
0	8
113	116
0	51
1	111
0	45
0	61
0	3
0	61
0	10
0	11
0	10
10	201
1	0
20	199
0	224
0	14
746	53
0	2
0	1
2	50
652	246
93	246
30	118
93	0
212	638
2	635
0	132
23	40
4	184
52	320
2	167
0	633
0	0
5	26
0	26
103	0
290	50
10	1
0	49
7272	4
2	0
1853	452
11	235
17	19
6	198
1	139
81	139
3	132
3	57
0	57
0	0
0	0
2	1097
186	1710
356	1034
13	1035
58	186
11	184
3	17
56	1937
0	1572
419	5838
16	3362
1	1005
76	14
2485	396
3	213
26	8
0	135
1	171
0	0
2	43
33	972
226	1083
5	146
0	182
0	141
27	186
60	215
14	76
0	0
0	8
3	21
1	0
72	149
0	141
3	5
1	104
0	61
0	13
2188	7
0	4
298	0
62	271
100	271
0	0
0	0
178	44
1	44
2	28
66	296
12	296
3	502
8	210
1	501
9	19
40	434
4	413
1	425
0	434
1	2
0	342
83	122
0	127
2	98
1	0
0	2
0	0
0	0
0	127
42	9
1042	581
20	174
1	561
8	115
12	125
1	40
2	95
3	0
0	0
3	72
54	125
28	222
1	507
0	547
3	629
0	31
15	0
0	0
11	1100
38	1098
0	3
24	0
0	0
418	74
1	72
0	20
0	65
264	1762
106	1708
27	424
12	157
130	736
19	519
1	172
0	158
2	640
8	676
66	674
7	122
0	673
3	16
0	70
2	43
4	95
12	20
4	0
0	2
2	0
4	23
14	23
167	256
0	1
0	249
0	0
183	52
0	52
0	7
1	0
1	114
45	114
381	0
58	546
13	546
4	7
0	45
7	0
16	0
0	0
23	0
232	743
20	1
4	24
0	24
0	16
6	0
72	219
1	315
0	300
739	0
1	0
301	244
0	233
0	0
0	139
0	12
0	1
0	1
0	0
0	0
0	0
0	719
14	721
0	18
0	2
0	0
0	0
0	0
19	1067
0	2
1	62
0	33
0	53
5	1038
0	281
1437	865
0	531
0	28
0	0
0	328
10	4
1	0
639	1565
0	292
1	472
1	436
0	74
0	1329
20	125
17	25
9	63
18	1
7	2
6	12
64	253
0	13
0	23
12	248
0	16
0	24
13	3
3	2
0	1
12	537
0	68
0	839
46	1460
1	17
0	72
0	1
4	0
1	0
1	713
1	0
0	951
1453	2076
134	923
0	1988
2	8
12	297
4	54
1	110
7	732
0	226
2430	177
34	97
10	89
0	78
0	0
11	376
0	472
10	436
0	81
0	22
0	35
79	133
1	6
6	3
0	22
13	98
486	204
0	112
0	97
35	1640
3	1401
2	75
67	1237
0	180
1	14
15	891
10	10
1073	11
46	2367
1	1838
41	294
1	301
16	1923
59	1867
0	2120
2	1241
6	162
50	0
9	5
0	1243
0	5
0	603
0	0
0	0
0	0
13	1129
2398	1432
1	122
1	90
8	92
12	63
3	63
38	43
3	11
0	16
0	4
10	103
1	2
1	105
3	101
2	12
3	9
3	14
0	2
0	0
167	48
22	48
3	0
1	1931
0	40
1	9
0	152
10	101
3	43
0	3
0	13
0	7
2	90
0	18
0	7
13	0
4	0
1	305
0	15
4	1921
13	11
2	33
0	20
0	558
0	558
0	0
430	0
971	224
0	5
0	224
390	14
122	293
0	140
0	137
0	108
0	70
495	375
12	317
20	120
1015	0
330	3450
132	2983
2	46
48	714
5	11
7	39
0	1768
58	2239
2	2016
0	713
1	51
10	75
3	0
2	823
0	26
0	26
0	3
11	9
0	5
0	9
2	0
0	0
0	0
1	0
0	0
0	0
0	0
0	0
0	0
11	18
0	18
5	23
0	22
2	27
0	70
0	107
5	32
1	60
0	97
0	0
0	0
0	0
331	406
1	348
0	39
0	0
0	44
0	0
4	0
71	327
17	181
0	336
5	55
1	4
0	7
1	685
2	70
0	67
9	118
0	669
49	50
4	468
0	161
1	115
1	685
0	0
2	31
0	31
4	34
1	2
0	4
0	3
1041	760
2	758
1	577
161	1342
1	45
101	218
0	892
0	630
4	21
6	565
43	39
479	650
19	185
4	43
1	84
62	398
10	1
7	1
19	188
0	357
9	522
2	161
2	186
0	152
0	417
0	379
0	558
0	285
0	0
0	0
0	0
0	0
0	494
17	1070
413	0
0	0
0	0
0	0
0	0
0	0
0	0
0	0
0	5
37	378
43	756
21	754
24	852
4	707
0	781
1449	957
28	557
14	624
38	50
5	4
0	17
3	1622
1	1643
0	14
0	1575
0	3
9	11
0	13
0	0
1	1575
18	5
14	321
4	259
0	98
13	84
0	7
0	0
0	297
15	2
2943	14958
15	14737
0	0
0	0
0	0
0	0
69	1620
166	1675
18	1344
0	1229
15	96
1	135
30	438
6	117
1	14
3	191
57	182
0	118
8	182
15	713
1	1766
0	1472
1	0
0	308
5	4
2	4
0	0
395	103
35	59
0	12
0	59
1	15
0	41
0	0
0	0
0	0
3851	1987
6	709
1	339
2	330
9	770
0	13
267	198
16	24
0	106
11	0
0	0
0	0
0	0
0	59
6	23
0	51
0	48
2	5
2	382
209	454
8	405
5	0
0	291
0	0
0	0
0	5
0	0
0	0
0	4
0	5
10	395
3	325
30	79
0	364
0	250
0	94
2	0
14	54
0	55
20	330
17	3
2	207
2859	6841
37	6835
11	2
4	1412
0	1608
4	3163
7	1640
4	13
93	615
0	20
0	264
0	61
7	351
0	43
2	0
2	0
172	519
7	487
0	0
1	59
0	418
4	0
4098	2085
3	463
1	206
3	957
1	710
36	1
8	788
0	0
157	80
3	37
1	9
0	4
0	6
1	6
1	24
943	639
6	620
0	408
3	20
0	639
1	26
0	53
28	823
0	4
5	92
3	822
0	86
4	116
1	190
0	149
1	90
23	291
64	528
4	622
3	0
2	165
1	245
0	298
25	8
0	40
1	0
0	128
832	138
0	27
0	1
0	9
530	0
98	0
1	4
1	4
5	2343
0	1
7	8
1	2
0	170
0	339
0	2864
0	3557
0	2439
3	3595
0	2271
0	1220
1	3567
1	3471
31	311
0	43
0	2332
1	52
0	1304
1	170
8	225
0	108
5	164
0	49
3	127
3	75
4	77
86	642
3	53
8	93
0	304
542	1
4	1
259	3
0	1835
20	974
7	249
47	261
30	1835
0	254
0	250
0	231
0	241
0	23
1	193
0	206
0	0
0	0
0	0
315	103
2	84
13	19
0	2366
0	2235
6	1
17	2317
0	0
0	0
21	0
0	0
0	0
0	1437
53	1437
963	0
20	867
0	867
0	0
0	0
191	9
1	9
1124	772
1	772
55	2452
128	158
0	21
113	1400
150	668
12	2126
0	0
21	178
0	17
0	65
4	82
1	12
1	0
0	0
0	0
0	171
2	0
0	231
0	617
1	396
1	170
6	392
0	617
0	537
0	615
0	666
0	780
59	800
179	629
2	259
0	241
0	9
3	84
0	0
0	6
0	10
1	11
0	12
0	0
5	280
3	21
46	1155
1	8
42	156
0	1135
0	0
0	0
0	0
0	0
33	0
797	9
0	8
4	0
0	88
1	0
0	0
0	0
0	82
0	89
0	66
0	70
0	17
1	0
2	17
0	4
0	0
3	0
0	89
0	82
966	1603
137	1603
0	0
4	25
2	25
8	460
40	478
56	476
2	453
1	132
6	8
0	14
0	0
0	0
90	5323
148	5318
258	444
595	101
237	60
50	2
2	4922
208	3
0	0
1	3
2	529
206	2903
8	3173
1	520
152	875
4	201
2	416
8	372
8	34
3	3733
0	3828
1	408
302	3835
0	882
1	314
40	234
3	0
0	0
0	0
10	4000
18	1975
1	340
3	0
1	0
0	0
2	1004
0	101
1	976
7	2
0	731
10	584
0	291
10	193
1	31
0	19
15	0
0	3892
98	1798
0	738
23	1619
1	273
0	1419
0	1084
9	57
0	190
14	580
0	474
0	83
0	126
17	355
15	171
1938	18
219	15
66	913
0	1712
1	94
0	105
1543	1656
94	713
0	68
2	6
2	243
4	74
0	18
12	2
21	0
195	0
0	108
0	43
0	707
6	17
0	1180
0	0
2	1024
0	682
0	1
29	1216
17	26
2	1
0	1270
0	145
0	11
6	13
5	180
54	82
184	121
0	97
41	97
5	97
11	80
0	0
0	0
0	1101
0	695
0	2933
0	325
6	159
0	288
2	506
5	2664
318	289
1	280
0	32
0	196
0	63
1	38
95	9351
0	5865
14	1181
28	9332
62	9414
2	668
0	285
16	297
139	34
167	176
129	8717
95	7743
1	7160
0	2420
3	276
2	256
8	256
0	0
4	96
0	85
1	74
0	68
0	34
0	45
0	2
0	3
0	1
1	0
0	96
49	511
5	520
0	47
29	198
0	140
1	67
0	1
11	13
1	4
0	0
0	475
2	528
31	1024
130	1093
8	69
49	76
762	97
3	22
5	193
21	192
7	21
1	8
60	564
0	0
0	556
0	44
3	101
0	120
0	237
17	311
203	364
0	218
9	38
10	2
0	317
0	315
0	146
2	11
23	183
3	4
0	0
0	1
4	319
0	325
0	300
0	306
0	327
5	18
0	35
5	17
0	48
3	47
5	191
0	21
0	25
0	29
3	0
0	282
6	11
0	325
358	26
2	4
0	5
0	20
0	6
6	2687
112	2243
6	308
0	2550
1	146
23	259
1	337
30	322
0	166
0	47
0	108
0	46
1	63
2	8
0	4001
47	3025
142	4098
1	909
32	2
0	19
1	218
0	268
0	11
0	21
23	45
0	24
0	0
0	0
1	0
0	1
0	1
0	0
2	0
0	0
492	867
10	216
29	649
593	3534
1	2752
0	1971
1	624
5	0
0	307
1	246
5	407
164	419
0	91
0	11
1	3
0	9
1	0
0	0
1	0
117	2015
0	983
4	719
3	124
12	1281
34	104
9637	15488
160	14343
16	34
23	13464
13	6877
1134	353
3	353
0	204
3	204
0	70
7	204
0	0
0	1
7	346
0	112
5	11
0	303
0	303
0	38
0	226
0	150
988	3994
29	3595
4	1212
0	19
183	0
0	87
5	87
0	1
0	6
0	1
0	1
0	0
0	0
0	0
0	0
0	0
0	0
0	0
6	721
1	708
0	39
8	53
31	180
0	239
0	267
8	553
0	590
0	5
563	551
9	494
3	40
29	71
34	57
0	20
1	0
0	0
108	373
11	628
0	545
11	123
6	389
0	37
3	5
0	4
484	108
48	7
1	23
0	7
0	79
2	2
10	14
0	1
0	1
0	0
0	1
101	85
0	0
14	4
3	22
9	42
0	98
0	102
0	354
96	692
11	673
3	29
12	42
745	93
1	93
0	0
0	0
0	0
0	0
0	0
0	0
186	22
16	22
1	0
448	3
341	18
4	18
8	60
0	60
2	404
0	353
3	345
3	71
0	109
27	93
1	25
0	4
1	1
0	716
1032	1305
96	13
0	23
1	1291
4	259
4	51
0	0
0	0
1	0
0	0
40	164
224	164
0	12
0	5
0	30
0	29
8	29
0	0
0	1
0	26
551	287
0	249
0	29
0	24
0	17
0	7
0	5
0	6
15	31
94	707
6	707
7	88
981	37
28	72
1	31
0	46
0	0
0	0
669	472
0	45
1	29
2	41
0	0
0	1
0	1
46	382
0	84
0	112
0	15
76	3335
54	3072
0	3343
59	3051
1984	3116
4	456
34	74
46	479
5	452
9	457
1	0
1	0
0	0
46	161
52	416
10	379
0	121
7	1
60	183
2456	0
22	10
2	10
0	1
0	0
0	0
202	1136
74	1371
5	24
1	16
0	1346
2810	116
0	116
1	14
88	1618
1	8808
1	578
18	97
68	3
8	294
0	1374
4	113
21	8689
5	120
0	226
0	84
0	85
6	160
0	49
0	133
0	0
0	0
0	0
1360	282
1	28
5	172
13	90
1	77
1	118
87	417
1551	503
0	85
0	0
0	0
0	0
75	1095
0	1094
0	4
41	21
0	7
0	10
0	28
0	67
0	0
0	0
0	0
2047	790
48	762
61	70
5	44
17232	241
0	227
4	0
0	0
0	0
0	0
798	45
0	45
0	0
192	1315
20	1215
0	129
15	205
7	142
0	63
0	63
6	55
3	54
5	57
0	14
0	0
0	6
0	7
0	6
0	0
0	0
0	0
0	0
0	0
0	0
0	73
120	73
693	1172
0	213
0	82
7	954
0	1632
53	1679
3	107
97	1015
1	114
1	27
1	1
3	44
0	0
0	0
0	1699
3	0
0	0
0	0
0	0
0	0
0	0
167	63
0	63
2	3
1905	19
0	14
0	122
2	119
0	33
0	28
3	21
0	0
687	6590
21	837
0	3027
0	101
0	4303
0	6588
63	2495
15	2488
124	2558
61	2437
0	0
0	29
2	819
34	787
48	716
7	641
40	98
52	153
18	131
0	0
0	3065
0	0
0	114
3	574
1069	3920
3	525
0	3967
0	4043
0	3871
4	351
0	1632
15	36
158	4058
6	2233
0	332
1	49
1	323
0	289
0	1684
1	223
0	9
0	0
0	1505
0	2401
0	2373
0	2208
0	2208
1	1442
0	807
0	2356
23	2314
0	1656
0	451
1147	2703
6	13
2	1420
3	110
18	1570
1	2694
50	117
5	375
0	2817
0	1608
0	2833
0	2813
0	2923
1	0
135	705
7	707
31	667
3	108
0	82
0	0
509	0
239	55
5	30
1	25
69	0
0	0
0	0
0	0
0	0
16	4084
9	4828
1	2377
12	2590
1	14
5	2676
2	538
5	446
0	52
20	204
0	154
3	158
0	0
0	0
0	0
0	0
0	309
0	4
60	6318
49	133
210	6107
3	272
1	2301
1	890
23	363
381	766
5	745
5	17
17	600
1	0
8	621
2	577
0	37
17	64
60	42
0	1
0	1
0	0
0	0
0	0
172	1379
40	526
2	112
0	110
0	27
0	1162
1	15
1149	1
0	115
903	1423
3	2
29	726
0	574
6	998
139	1055
28	1256
4	286
8	132
7	33
0	0
0	265
1	8
0	1
0	1
3	0
0	8
16	427
29	427
14	24
0	24
414	198
0	198
0	21
0	0
4	0
0	0
0	0
64	13397
19	2584
1	105
0	247
1	259
76	22
55	1485
0	9022
6	2796
2	5823
42	9200
44	2818
0	948
11	13702
2	13244
0	1
0	1
2	9
0	7
0	1
0	4
0	30
0	0
0	0
21	1
0	0
0	1
0	0
0	0
1	0
63	1071
60	1065
0	994
10	247
3	451
0	447
1	255
5	22
9	10
115	0
30	66
0	14
689	861
122	1439
0	1238
0	1008
2	102
0	399
0	3
3	20
26	20
0	3
2	282
30	415
0	63
27	225
9	8
3	92
1	62
2	330
16	5
0	24
0	70
5	53
154	779
0	701
6	752
19	83
0	0
0	0
55	0
447	237
14	175
1	62
0	0
0	0
0	1097
0	574
0	1117
0	1127
2	98
0	874
0	76
0	391
0	491
0	472
0	625
0	534
0	565
0	547
0	501
0	486
0	468
0	514
0	499
0	559
0	117
0	32
0	55
3	20
0	31
7	95
11	72
31	0
0	0
396	398
1	59
5	339
0	0
0	0
0	51
2	12
0	6
9	410
4	197
11	400
0	0
3	31
0	10
0	3
4	49
28	57
1	57
1	3
0	41
2	32
7	2
0	557
213	53
6	53
0	1
0	1
0	10
0	6
0	7
1	12
17	915
3	14229
2	94
0	51
0	13476
1	289
1	219
6	1211
7	50
0	349
6	1252
3	37
8	0
0	152
14	159
14	111
3	23
0	0
0	131
0	13
6	8
1	116
0	1233
2	28
859	29
8	2667
0	2712
0	2793
0	2670
0	2731
0	2746
0	2704
0	2759
30	2724
0	2419
4	85
3	211
70	0
90	9
0	1332
11	2697
0	19
2	9
0	4
1	0
0	3
0	14
0	44
0	49
3	47
0	43
0	50
0	0
0	1
1	29
100	356
0	89
4	138
2	180
0	117
3	10
2	76
0	30
203	40
0	40
470	0
1	0
16	18
0	11
0	11
1	15
0	10
0	1
0	0
0	0
1	0
1	0
0	14
0	114
12	114
0	45
0	7
0	5
0	0
4	322
100	517
22	8
15	156
11	17
327	580
0	33
0	361
0	221
0	0
0	0
0	0
0	0
1080	520
20	520
0	0
513	558
2	410
5	157
0	135
0	43
1152	194
0	0
0	192
0	988
4	55
2	6
52	951
4	873
45	329
0	21
127	284
19	76
1	117
0	5
5	112
0	170
1	252
0	0
0	260
0	210
0	262
2	999
30	1538
5	178
8	384
4	404
2	184
3	82
15	67
46	16
31	81
1	25
0	1
21	1159
164	533
13	1095
1	12
28	84
5	513
5	28
2	286
24	348
0	219
0	103
0	67
0	13
0	359
5	884
51	2658
2	22
0	202
0	31
0	0
0	22
0	32
3	15
0	12
0	72
0	2607
6	2362
2	2317
0	797
0	843
0	833
0	652
3	634
0	194
6	484
0	3
382	3214
189	2216
19	1953
17	46
18	1023
0	736
0	0
12	183
2	303
1	31
0	301
3	300
0	120
0	105
0	203
2	76
2	308
9	231
0	16
1	232
0	69
0	2
0	91
2	41
0	7
485	68
79	69
0	0
0	0
0	9
0	8
0	8
0	9
1	2
0	0
1	0
0	0
5	0
2086	32
0	30
0	0
0	2016
0	1984
0	1935
0	2
8	13
39	33
3	39
1	16
0	5
0	5
1	39
0	0
0	0
237	3738
128	3686
3	1288
8	391
22	197
14	1
8	311
0	1049
0	101
0	130
0	47
433	642
0	250
8	142
0	0
0	0
0	0
0	0
12	1
5	5
1	4
1	147
28	16
4	30
17	172
1	143
0	0
0	307
0	307
76	313
1406	118
3	1
2	44
5	102
3	66
324	367
1	344
302	1835
0	167
28	401
3	1488
78	479
0	34
0	201
0	15
4	188
1	0
21	0
3	0
0	0
0	0
0	0
98	1738
115	1991
0	0
6	265
0	0
34	1038
277	1081
30	1002
1	614
4	509
12	496
0	20
0	28
3	6
5	100
0	723
1	1231
0	1358
0	670
0	1231
2	195
0	0
0	1358
5	0
58	334
358	334
27	2105
0	118
0	298
18	222
6	45
19	0
0	333
0	302
1	133
0	173
0	328
14	0
0	1
112	1901
84	1620
187	1755
6	196
86	4
0	0
0	10
0	10
0	339
1252	827
1	637
0	102
4	156
12	34
0	0
0	0
0	0
0	0
0	0
1	0
0	139
111	272
30	4
0	43
10	150
7	0
0	42
0	118
2420	432
1	192
0	242
1	284
102	287
1	13
5	12
382	862
1	74
2	0
0	788
73	52
24	45
0	26
0	8
0	0
4	4
367	615
0	22
5	186
0	0
0	7
0	0
30	591
0	591
8	115
1637	197
24	85
39	126
27	4
0	1
0	7
4	552
0	0
14	616
0	616
0	0
99	60
0	45
0	29
7	41
0	34
1	5
0	5
0	0
0	0
0	0
0	0
0	0
56	11786
35	8118
28	10646
32	4808
4	1374
6	1429
0	7824
23	7507
0	46
2	799
1	4220
0	398
0	80
31	169
8	169
2	3
0	10
0	71
0	60
1	60
0	0
2	0
67	32
1	13
0	26
9	0
0	1
368	1
19	1
0	39
0	5679
0	5728
0	5700
0	5793
4	5548
0	1009
0	1032
6	124
159	177
1	5589
0	2
0	53
2	0
0	4
1	205
292	221
0	2
0	18
1	12
0	0
0	0
0	0
0	171
0	172
1	65
15	38
0	16
0	0
0	154
0	25
0	79
0	96
154	647
3	514
2	25
0	51
0	63
7	113
6	683
2	274
0	76
0	0
4	19
1	17
13	1
5	0
0	0
0	0
0	0
0	0
1	0
0	0
92	4783
1	3985
0	4789
12	4622
125	103
4	8
2	797
1	1064
3	365
4	529
0	748
32	848
7	29
2	45
21	14
0	164
51	455
0	0
610	737
0	98
2	132
0	15
0	137
0	284
44	143
46	267
0	0
0	0
0	0
0	0
0	0
0	0
0	0
0	0
0	0
0	0
0	0
0	0
0	0
0	0
659	646
10	646
79	1980
95	3457
3	3084
2352	3393
24	13
22	135
0	190
310	466
4	394
0	64
96	17
0	91
0	5
0	0
0	0
0	0
824	24
1	2
1	23
13	0
80	0
1	2267
42	235
13	111
1	3
0	423
45	1491
0	1789
27	0
28	6
776	156
4	3
0	5
1	4
0	37
7	62
12	58
1	28
2	28
1	0
0	0
62	4729
626	3825
119	2368
198	2298
0	0
17	1594
0	44
274	1252
3	569
1	715
0	145
43	105
7	239
0	103
6	0
0	0
0	0
300	162
0	112
2	11
7	18
1	537
6	715
0	1969
0	560
2	2067
0	1384
0	0
0	0
0	1
0	1
0	1
0	1124
12	164
40	1124
219	1
121	3149
8	2
2	276
20	3029
0	271
17	133
1	315
20	161
2	25
0	0
15	3
0	0
0	0
0	0
0	6298
38	717
80	1746
23	237
42	10
221	1801
0	993
72	7
9	465
7	56
16	545
1	804
0	1194
0	0
0	1
0	1
0	63
0	46
0	17
0	7
0	0
859	568
9	18
0	562
0	202
0	167
0	177
0	1
7	2014
42	1669
13	1434
2	137
7	439
1	124
2620	1
0	105
0	2045
52	0
8	1244
2	141
0	1174
33	189
1	1167
3	139
1	1
8	15
9	66
56	62
540	10
0	10
2766	111
1	109
1	0
31	395
1	389
0	38
0	11
0	6
0	0
22	372
28	372
5	26
0	1
0	1
0	0
0	0
0	0
0	1992
40	2041
10	131
5	0
7	198
2	91
0	41
235	5578
108	267
130	192
3	5230
4	277
242	4927
0	468
481	64
0	62
0	8
0	5
1783	3435
0	3654
1	2350
0	2468
231	2383
8	945
0	3246
0	1436
0	403
405	65
4	50
1	50
0	4
0	510
1	542
1	48
0	7
0	29
13	0
0	32
0	268
16	542
8	533
35	30
0	12
0	0
0	0
5435	909
66	7
200	110
9	794
0	628
1	5
0	81
0	0
0	0
0	0
0	0
0	0
1	28
0	22
0	1
0	16
1	30
0	4
1	0
0	5
0	2
0	7
0	0
0	2
5	17
9	505
15	395
0	245
0	520
88	522
0	425
73	54
368	47
0	1
1	30
0	0
1	15
5	3
439	0
129	41
21	41
395	675
328	0
19	601
0	639
42	622
9	3
18	17
1	1
0	0
0	0
0	0
0	0
199	57
1	45
1	12
17736	2465
0	1744
6	955
111	646
0	1164
0	0
132	2642
0	884
10	997
11	803
20	1907
0	1769
0	552
1	24
0	931
6	0
4	352
35	0
5	318
4	107
36	622
46	721
5	344
1	0
1	133
12	3
10	17
63	409
2	409
3	11
6	16
468	16
22052	11
4	314
1	289
6	257
4	168
9	35
1	1
6	9
1	0
0	8
1736	812
2	745
11	4
0	62
0	0
0	0
0	0
26	571
488	571
3	357
1	307
0	324
6	8
0	371
0	290
7	60
0	113
0	37
22	63
0	32
0	20
25	37
683	2940
0	171
0	1
214	2610
2	22
0	23
17	194
0	0
3	294
1	207
1	95
29	570
4	13
19	17
0	0
0	12
0	12
0	12
4	4
11	0
0	20
12	64
0	17
89	61
88	97
0	97
420	1160
11	123
33	16
0	13
0	13
475	1
0	0
16	246
7	233
2	245
0	10
39	336
21	720
0	570
17	380
1	17
0	43
10	21
0	37
0	204
11	204
0	68
0	56
0	34
8	36
0	34
0	68
0	42
8	60
0	267
2	293
4	344
2	206
65	41
109	5
342	0
2309	25
1	24
530	271
1	42
1	271
125	9
0	9
0	0
0	0
0	25
1	25
0	0
7	85
16	123
6	215
10	48
0	209
688	1
0	0
1951	541
7	286
1	326
0	507
0	15
0	515
0	360
0	14
2	0
2	56
0	80
0	1
0	1
0	1
0	615
6	610
0	598
7	248
2	271
1	14
0	33
1	16
4	18
16	40
4	16
2	7
0	2
1	2
1650	4231
4	4265
0	3486
24	978
0	90
0	268
6	290
4	253
3	8
22	3
7	1
7	80
0	4
1	0
71	81
0	38
0	39
0	0
0	0
0	0
0	0
0	0
0	0
0	0
0	0
68	211
1	211
0	5
0	0
0	0
0	0
0	0
0	0
0	0
0	0
0	0
0	0
102	876
1	692
4	140
1	401
1	37
0	10
0	0
0	0
8	948
161	948
860	945
1	16
0	151
0	0
0	0
0	0
0	0
0	0
0	0
0	0
0	0
0	0
13074	173
0	169
2	0
211	616
76	616
54	12
0	12
0	1
1	666
7	522
7	88
26	646
0	984
172	427
0	515
1	21
0	0
0	0
0	0
0	0
0	7
0	0
2	0
0	7
0	0
3	1552
5	1751
39	1050
0	970
0	778
0	511
9612	7130
0	1349
8	911
0	1187
4	754
13	4165
1	2543
0	2512
1	128
0	133
0	0
0	0
0	0
0	0
0	0
0	0
0	0
0	0
0	0
0	0
4652	435
8	381
34	51
0	9
8	21
0	1
0	14
0	0
3	3
9	370
34	370
2	43
0	46
0	0
0	0
4	129
3	718
14	621
0	25
5	1480
152	751
7	819
0	24
0	12
5	9
4	1025
4	1022
0	2
3	6
0	0
0	6
0	3
0	887
0	954
1	999
0	961
12	47
0	915
0	274
1	783
0	865
1	25
6	1001
5	1040
0	967
1	63
0	856
0	724
0	683
0	129
64	49
0	116
0	0
22	178
33	5223
1	1713
0	4354
18	5035
0	3632
15	3544
0	2451
1	3195
5	206
0	1404
6	926
1	1038
2	967
1	879
2	1092
2	0
1161	2920
14	57
3	49
249	3376
127	3397
237	72
15	226
74	383
0	337
1	46
0	1
173	207
0	136
4	136
1	106
1	58
0	48
0	42
0	16
9	14
1	10
5	36
5	37
1	12
7	11
0	6
10	1
0	283
0	1020
0	1152
1	81
0	1023
116	809
5	264
6	16
11	256
5	109
8	2
0	76
0	94
0	781
0	776
6	121
10	129
0	135
0	113
0	108
1	97
13	0
8	0
0	130
17	124
26	176
10	76
0	201
2	182
914	0
6	4
0	32
0	201
0	7
0	19
2	207
27	194
0	7
0	9
0	0
0	0
0	0
2	10
80	1037
1	69
4	8
0	967
12	51
140	1099
0	1050
4	745
3	62
289	3336
0	460
18	104
11	236
2	236
10	2169
2	1609
0	29
0	124
0	9
0	1608
0	0
0	0
0	0
0	1
0	1
1	6
0	1
0	38
1	7
0	37
9	1042
216	853
73	713
0	324
7	173
0	0
0	0
1	38
35	173
0	0
181	86
25	72
2	14
0	4
0	4
0	4
0	4
9	6
0	5
4	0
0	0
1917	2000
110	198
3	1802
5	544
0	4
0	57
0	58
0	538
0	82
4	136
6	92
46	257
1	2
0	392
2	0
3	191
1	194
0	102
1	130
0	292
0	90
0	2
3	2
6	24
0	3
11	4
242	18
0	18
3	1
0	1
0	0
0	0
0	0
0	2
0	2
0	0
0	2
1	0
1	2
117	1355
11	1354
0	207
0	0
0	0
0	3
0	3
0	1
75	256
17	215
0	33
46	480
53	480
159	284
0	276
1	25
31	11
0	0
105	1817
64	1248
123	768
5	161
0	517
35	523
71	562
0	303
15	353
1	1584
12	607
0	28
3	30
0	0
0	4
0	4
0	4
483	167
0	167
0	0
39	12
0	11
0	0
0	0
0	0
60	158
4	17
232	1052
98	1052
4	1
201	0
2	71
0	78
0	0
0	21
0	0
2	1232
13	1177
23	231
3	1
4	7
2	4
1	0
33	33
1	16
1	24
10	410
0	45
152	0
0	0
0	0
0	0
1	5
1	5
0	0
1	2219
1	92
0	92
18	425
14	329
4	206
1	0
4	35
34	198
0	93
14	0
7169	4410
0	1658
5	896
0	228
2	211
5	1426
2	25
1	987
0	0
0	0
0	0
1122	177
56	0
2372	177
27	543
3	3
0	3
0	3
0	0
8	456
56	456
0	4673
1	4011
0	738
59	2165
0	539
32	140
7	4246
1	3956
3	233
2	112
12	290
26	322
17	6
3	18
8	93
0	5051
364	390
0	396
2	396
0	0
1	2177
51	2238
1	2384
252	711
495	9119
72	10371
2862	3635
0	781
7	1
0	163
2	18
3	198
85	155
27	5944
0	0
41	858
209	1056
2	660
0	15
90	11
0	0
0	0
0	0
4	3
0	2
0	3
25	683
17	682
5	86
28	8
0	5
146	96
0	13
0	85
2	44
0	43
0	4
0	7
0	2
0	7
0	7
84	56
759	67
12	11
233	0
0	0
92	3886
74	2428
0	1071
148	659
0	528
13	2965
20	151
0	862
0	71
1	2388
50	2068
68	1142
0	416
38	713
0	35
1	0
45	86
4	51
0	0
0	0
0	0
0	0
31	4103
42	4066
156	4209
35	1122
0	333
59	1178
0	22
2	54
1	120
1	0
6	9
0	0
0	0
0	0
25	0
0	75
0	83
0	8
0	3
0	0
0	0
0	0
0	0
0	1
0	0
0	0
0	0
0	0
0	0
0	0
0	1
0	0
0	2
0	0
0	0
0	0
0	0
0	80
0	83
0	0
135	664
17	680
1	22
140	0
3	6
0	6
2	1981
2	2416
1	2300
9	73
6	71
1	69
0	1
0	3
296	462
0	391
1	172
17	0
2	23
107	0
1	0
18	1439
146	1496
0	7
4	49
10	168
0	716
16	0
0	0
0	0
0	1
0	0
1	93
47	229
9	153
0	20
3	4
1	1
59	1248
36	1018
1	808
73	0
290	0
5	96
2	0
1	154
0	808
14	2232
1	2568
0	350
1	2861
0	0
0	2693
0	0
0	0
1505	62
0	3
9	62
0	17
0	17
64	491
3	0
0	491
994	299
0	299
4	0
9	0
0	1
0	1
0	0
0	0
0	1
0	0
0	0
0	0
0	0
0	0
738	0
14	327
56	295
9	326
0	0
0	10
0	19
0	25
0	19
0	8
0	27
5	474
0	1242
3	1193
0	38
0	1197
0	18
0	175
7	1189
0	66
0	27
0	0
735	309
3	19
0	290
27	94
50	0
0	24
14	10
0	10
711	1104
4	938
1	273
0	70
3	73
5	331
4	3
3	103
1	17
12	2
1464	382
7	381
3	1258
7	1046
10	805
35	17
2	393
22	0
0	41
0	752
2	156
1	158
0	0
9	12
10	164
0	4
0	2
0	2
3	15
0	15
206	43
0	40
8	54
6	913
1443	1060
22	0
12	0
0	20
0	15
4	69
0	0
0	0
0	593
3	7
47	600
516	15102
0	15104
1	13978
1	164
0	3337
103	3101
0	725
2	719
1	658
3	404
5	0
36	175
180	170
22	1072
38	946
10	133
0	910
6	106
29	3
1	112
47	4
0	2
0	310
0	51
1	54
0	36
0	4
0	5
1	18
0	1
2	0
0	0
0	0
0	0
0	0
352	1871
63	1871
58	243
0	0
0	0
5	417
9	527
0	197
0	215
0	183
7	3
6	35
15	27
50	151
1	163
1	116
26	142
0	45
49	427
9	428
3	1
18949	10019
0	9757
39	309
27	288
1	21
1953	6
17	25
12	25
6	0
9	210
0	42
0	1
0	3
0	168
0	9
55	521
1091	3602
89	250
8	3131
0	2475
1	26
2	757
2	41
6	60
8	80
2	405
0	316
0	223
8	73
2	162
0	119
36	20
0	0
66	0
118	182
110	182
0	13
1	5
0	5
0	1
0	1
0	21
0	28
15	23
3	16
0	12
0	0
0	0
90	1
0	1
0	9
0	5
0	8
0	4
2	5
0	0
0	6
0	9
0	0
0	5
0	2
0	0
0	0
0	0
0	0
0	0
0	0
0	0
0	1
0	0
0	1
0	1
0	6
836	133
4	0
0	0
1	1
0	6
0	126
93	151
98	25
2	278
5	278
0	278
0	278
0	27
3	20
0	0
0	0
1	0
7	144
1620	291
3	249
0	0
2949	138
9	138
16	814
0	9
2	812
98	812
17	176
13	59
0	38
0	99
0	66
10	66
96	73
0	13
0	16
0	0
0	0
0	0
594	944
2	638
18	369
2	77
0	0
0	1
7	29
0	6
10	1
0	3
0	5
0	924
0	0
0	0
262	121
1	46
17	117
16	2503
0	1984
0	2900
0	384
724	2670
253	2504
87	135
120	133
8	2
0	0
0	0
0	0
0	0
0	0
357	257
4	259
0	194
1	29
269	117
2	112
0	7
2	5
0	7
5495	1
26	253
10	203
1	71
0	157
97	15
0	15
30	207
0	207
0	127
5	141
8	168
2	178
0	114
5	162
0	133
0	11
0	8
2	0
0	0
4	324
1	1
3	55
0	0
1	4
0	324
176	502
279	925
2	518
2	253
0	184
4	88
15	130
1	105
1	10
0	54
0	1
0	1
0	0
0	0
0	0
0	0
0	0
0	0
0	0
0	0
26	4
0	4
0	0
14	725
20	14
19	415
0	437
0	499
0	35
0	47
0	131
0	271
2	158
3	115
0	41
71	3784
97	749
38	0
15	3174
14	2461
19	3119
0	2314
0	2520
1	486
1	0
4	52
95	35
9	45
985	0
0	1759
1071	3564
1	1608
0	2091
1	74
2	2091
0	50
11	563
10	231
118	885
224	572
1	505
1	359
0	7
0	93
0	2
2	205
406	95
2	94
79	168
0	166
0	26
193	411
34	11
49	157
0	116
1	62
0	142
9	24
0	0
1	0
0	0
2	14
2	14
0	0
0	0
1	339
2	353
0	339
1	320
2	43
0	38
0	7
0	14
1	23
0	8
0	0
0	0
4	0
28	2
0	2
1	1
0	6
14	8
0	3
21	8
0	8
0	0
0	0
1	0
0	33
0	34
0	66
0	33
0	0
0	0
0	0
0	2
0	24
0	7
0	9
0	51
11	32
0	6
0	36
0	11
0	2
2	2
0	1
0	23
0	34
0	38
0	89
0	122
0	84
0	80
0	149
136	130
0	127
0	138
0	115
0	90
0	105
1259	148
2	148
1	45
0	0
2	135
284	689
7	0
3	5
2	228
6	38
0	43
12	222
0	125
32	2099
47	1040
0	1329
0	1387
12	1159
131	655
3	1041
5	32
0	2018
0	668
0	45
221	2311
0	223
4	1716
5	876
7	229
11	694
4	146
0	324
1	229
5	162
0	152
125	423
540	631
3	0
17	1106
1	13
13	448
14	333
62	947
0	1092
0	0
0	850
562	850
0	0
0	0
0	0
0	0
0	0
5	0
1	0
487	346
1	278
90	146
42	100
1	0
0	0
10	994
0	278
5	452
0	987
0	193
1	76
0	20
0	53
0	680
2	9
4	43
306	104
0	84
61	156
0	156
965	142
1	0
192	0
9	1
0	0
634	521
0	309
1	115
1	148
9	158
2	80
2	6
15	26
5	1232
337	883
5	171
0	2166
0	1183
0	1166
0	942
0	872
12	1569
18	0
0	199
1	18
2	0
1	34
0	1208
131	6097
1	5740
0	96
0	2972
536	5528
0	1952
0	1909
8	606
8	334
5	376
0	890
0	67
100	2
86	413
32	88
0	24
0	0
0	0
3000	0
69	6
2	6
0	0
2	0
15	2281
90	2281
0	60
0	296
192	298
0	62
3	297
29	3890
28	495
8	3802
0	3699
7	3553
21	6
1	1657
1	290
11	5
7	0
1	0
0	0
5	88
0	1719
0	0
0	0
5	4161
47	4044
0	3215
0	4044
6	3716
97	2428
4	3612
0	38
1	217
16	681
0	0
0	657
16	1079
0	991
2	388
1	606
1	185
0	301
1	377
1	55
0	383
2	282
0	2
1	72
0	0
1	37
0	702
2	640
8	915
3	515
12	380
6	113
9	1
0	264
0	61
85	73
1	2
8	35
3	27
2	2
32	3010
307	3010
3	496
269	2919
1	129
0	122
1	170
3	129
10	342
1	2
2	32
26	68
16	49
11	2082
6	2001
79	1853
5	993
28	350
13	243
12	154
3	55
25	341
23	98
1	194
1	269
17	348
267	652
47	98
12	75
1	39
1	2242
261	95
3	95
4	196
550	364
1	219
0	111
3327	747
0	695
1	47
0	2915
1	0
3220	132
0	51
4	48
3	110
9	30
7	2766
2	2762
0	2603
0	1521
4	1011
0	261
6	335
30	285
0	253
8	56
0	2745
0	2762
668	59
7	32
0	17
7	0
0	11
0	2
19	1207
10	764
0	1191
0	497
0	13
125	0
52	1
0	16
0	11
3	0
1753	2165
36	2166
89	523
550	484
0	483
5	374
3	51
329	98
1	88
1	11
2	26
0	3
1	3
37	61
3	61
0	1910
0	1452
0	721
0	1524
65	2009
0	1254
91	2014
43	1701
0	435
14	588
0	14
2	1
1	45
8	64
0	95
118	480
22	503
0	14
0	62
4	1236
224	1236
476	6251
11	6251
6	2770
0	151
2	0
0	3
0	8
1	151
2	671
0	642
8	352
0	661
5	50
1	2
0	1
3	1
0	1
26	64
0	41
0	22
0	25
1822	1
102	0
161	260
5	260
3	6
0	6
0	4
0	0
27	33
0	33
0	23
0	9
0	5
0	3
7	281
225	358
13	135
0	112
22	121
0	64
1	24
0	29
10	28
88	1828
0	1701
1	278
18	76
46	65
0	5
211	45
27	92
2	16
1642	84
1	29
1	8
7	26
0	0
0	21
2	0
7	632
8	615
0	644
0	187
0	219
0	124
1	87
3	8
0	67
6	67
3	27
0	10
35	15
7	464
0	65
14	347
9	64
11	447
1	36
1	44
17	89
1	56
0	162
337	162
0	40
2499	26
0	25
8	626
43	610
117	1224
39	628
0	103
3	196
0	207
1	5
0	2261
11	2391
0	1230
34	1252
17	145
9	86
0	37
65	75
0	0
797	2726
22	3046
0	2931
42	2346
0	1302
0	667
0	1185
20	1076
0	1092
0	1074
8	319
76	787
1	215
0	251
0	22
0	2648
54	0
5	67
7	67
2	4
0	3
0	0
0	0
0	0
0	0
3	102
1	102
0	100
0	101
3	100
0	0
0	102
0	103
1	0
0	0
0	0
803	0
0	0
0	0
0	0
0	0
0	3
0	3
740	42
5	29
9	38
0	0
31	547
73	283
2	215
1	74
0	115
0	574
0	317
5	699
0	0
0	1
0	0
0	0
0	0
393	0
9	0
0	0
0	0
0	0
0	72
3	92
1	213
5	15
0	420
18	519
0	528
2	949
0	674
0	990
0	1015
0	326
0	577
208	954
131	14906
917	14906
51	11056
1	1431
23	72
2	69
0	0
0	0
0	0
3	0
0	0
2	8
0	0
0	8
0	2
0	5
0	1
1	3
0	4
6958	3334
4	2627
20	3100
3	1030
1	2369
80	2633
4	2091
0	3000
9	2
8	685
1	983
36	76
3	0
20	50
647	507
4	18
1	128
0	161
3	2
3	39
2	3
0	32
51	40
0	46
85	12
0	251
21	54
0	0
19	681
0	77
2	694
1	6
1	681
0	57
21	0
13	153
0	684
651	118
0	118
3	63
0	1
0	1
0	1
0	12
1	0
14	41
0	41
1	21
0	0
0	0
0	0
2363	1
0	0
5	0
52	1316
0	1353
2	437
0	364
0	144
1	366
10	139
0	77
2	31
6	32
1	1
45	8
6	8
7	25
5	18
0	7
0	3
0	1356
2	4
0	4
277	205
38	176
1	129
0	95
9	51
2	54
19	81
10	4
0	3
5	68
0	0
0	8300
4	175
0	167
0	107
0	115
0	16
1	7
0	1
0	9
0	0
2	0
15	766
14	147
0	624
0	25
0	39
1	4
0	17
0	225
3	766
0	0
0	0
2	2352
2	2425
0	3085
1	3085
5	3085
362	3450
0	1921
0	790
9	125
0	135
47	100
1	27
4	35
2	19
1	71
0	15
0	19
0	918
0	915
38	1049
2	1009
8	1005
5	374
0	136
1	130
4	2
3	16
21	1394
0	1332
5	1216
108	1411
17	746
1	4
25	59
0	963
1593	161
0	0
0	0
2	23
1	0
1	15
0	3
2	21
34	18
0	15
1	1
0	9
293	79
9	79
1	146
434	240
0	2
102	0
0	94
0	0
18	0
0	0
0	0
3	55
0	55
0	0
0	0
0	0
0	0
0	0
0	0
52	2703
3	2679
2	1315
52	184
131	969
7	779
124	15
202	8
0	0
0	39
1	39
852	22
1	2
5	93
1	219
0	189
0	41
0	42
0	71
0	89
4	125
58	160
0	0
0	880
257	880
7	773
183	735
0	108
3	11
0	733
0	0
0	0
0	0
0	0
0	0
1	0
31	67
648	193
0	152
0	88
0	75
0	102
0	1
0	5
2	62
0	0
4	0
0	26
6	102
3	2099
28	2099
40	2099
6	15
0	345
17	1936
5	1953
66	1137
0	39
0	111
0	0
1	0
0	2
0	1
0	0
5	1
1	618
17	655
32	188
2	150
12	76
0	45
10	54
9	24
0	1
0	2
0	2
0	2
0	25
1	56
3	14
1	51
0	1
0	51
1	3
21	0
0	9
0	9
0	808
62	808
0	9
2	84
0	3
0	4
13	1769
7	1706
0	39
0	1693
791	251
3	250
1	174
0	0
0	0
0	0
228	0
7	1539
43	215
0	1238
9	1368
67	1179
0	1423
0	2
4	19
15	187
0	22
12	244
0	2
0	2
0	0
36	162
0	474
10	456
9	55
32	237
0	4
7	129
0	0
6	136
1	139
3	111
0	241
0	241
229	248
1	0
0	0
0	0
0	0
0	0
9	316
46	317
1	294
7	218
0	35
1	24
0	24
32	2
0	2
0	0
0	2
615	7843
0	564
0	1023
4	430
12	1321
3	6387
0	1697
353	1
172	293
46	36
6	9
2	33
8	5
0	2
0	1
0	1
1	3
1	0
1	6
125	86
3	86
27	0
0	673
0	661
0	72
0	20
0	322
0	0
4	442
0	441
0	395
0	96
1	60
0	91
0	4
0	26
0	0
0	23
0	1
56	139
2	131
0	131
0	3
0	12
2	1331
34	1530
0	1625
8	105
0	1603
0	1186
0	471
0	1148
0	0
12	68
2	700
56	352
0	37
0	1559
0	238
0	172
0	1
0	246
0	0
1	0
0	0
3	1
0	1
0	0
30	136
0	135
0	89
5	19
5	31
1	209
0	202
1	209
5	211
0	209
0	174
0	164
2	72
1	9
0	6
0	8
0	0
0	1
0	0
1	2
0	1
0	0
0	0
0	0
2	0
2	5
12	2
193	284
1	277
6	270
1	36
0	12
0	2
0	0
28	1497
0	62
0	54
1	0
0	67
4	68
25	2
35	0
0	1497
29	3519
258	3521
0	45
0	0
0	0
859	3663
1	3658
13	61
5	58
6	0
0	0
0	0
0	0
0	0
0	0
0	0
0	0
0	0
0	0
0	0
0	0
0	1192
58	1339
2	595
19	795
0	236
0	0
165	214
3	215
0	157
1	8108
1425	8109
99	303
12	300
15	254
0	253
3	233
0	214
3	0
0	0
9	11
0	13
2	3
7	7
0	0
0	6
0	6
0	0
95	471
0	452
28	232
1	184
1	35
0	0
1	0
0	0
0	0
0	0
0	3
168	308
10	272
3	245
2	0
2	50
0	0
18	2769
17	0
0	2769
0	0
0	0
521	856
5	3
0	106
0	831
435	1095
3	8
9	1087
3	0
0	0
3	282
57	311
9	336
0	32
3	319
0	17
1	278
1	44
0	19
0	0
27	258
0	1
10	226
26	9
0	0
0	0
0	0
3	87
0	18
3	81
0	13
6	0
1	224
4	259
1	236
0	22
4722	2
74	36
0	2
0	2
4	2
1	0
74	32
8	1
0	1
0	1
0	0
130	226
3	155
1	179
24	4
17	459
0	219
8	249
0	34
64	322
56	379
0	173
0	114
0	237
0	2
0	111
0	23
1	0
5	29
2	29
0	22
0	29
2	9
0	6
0	2
82	1256
0	46
3	8
0	0
0	1233
46	828
25	820
2	725
1	874
7	0
6	563
0	143
0	193
1569	488
5	488
2	170
4	0
3	80
5	80
321	85
2	90
6	0
13	39
2	39
1	41
2595	73
0	73
0	0
26	452
6	21
0	198
4	268
0	28
3	462
7	0
67	371
0	0
12	3
1	2
4	1
6	34
1	51
284	1854
27	1837
0	0
0	0
88	2
0	2
0	0
0	0
0	0
0	0
1597	132
4	132
0	0
101	823
0	823
180	2548
2	2274
222	2547
0	119
2	294
0	448
0	233
0	0
0	3640
1	1535
54	870
0	1748
1	259
6	417
0	0
4	37
0	3855
775	221
1	27
3	226
1	914
0	858
0	10
15	597
2	50
6266	3
0	0
129	1292
68	1292
0	0
1	2
12	132
0	131
1112	5
20	4
208	393
1327	417
2	347
1	353
0	262
0	60
68	95
0	43
74	43
48	186
0	106
16	56
32	52
0	28
0	41
0	80
7	14
203	273
1	24
37	9
1	0
1	23
6	17
4	210
36	0
0	0
0	0
0	0
0	0
550	1
12	0
0	0
0	0
102	0
509	275
0	241
0	232
0	185
2	193
1	152
0	118
1	71
2	50
0	52
0	10
0	184
675	243
0	2
0	79
0	101
0	123
690	12
5	11
133	0
2	419
3	499
24	454
1	140
0	0
0	244
774	1
3	1
15	0
12	1505
21	3576
0	3351
134	3186
0	37
7	2565
1	8
0	1
1	2276
1	95
15	163
0	28
0	9
2453	1
0	0
0	0
0	0
0	0
0	6
0	15
0	13
38	0
78	28
0	28
0	11
52	0
4	154
0	10
565	164
2	71
270	521
224	124
0	182
0	345
39	45
0	353
0	598
136	616
136	736
12	244
1	619
3	1176
46	1105
0	593
0	85
7	18
1	25
15	0
2	147
14	84
17	108
11	2
0	61
0	77
2822	12
6	12
571	0
4	0
51	548
7	408
13	541
0	62
0	62
2	173
0	57
31	52
21	12
4	45
0	4
21	2
16	9
13	187
2	1236
4	1144
0	438
0	70
3	62
3	0
0	1238
0	1259
3	83
461	1943
17	1890
2	1
15	882
52	586
0	0
0	0
138	1022
8	1619
253	5383
81	798
43	5038
5	33
4	0
14	89
2	115
49	349
0	22
3	154
4	62
2	69
9370	1
93	311
41	359
69	381
3	23
4	54
1	9
3	11
12	8
0	1
17	5
9	4
0	9
0	0
0	0
0	0
0	140
4	140
0	9
0	27
3	9
0	26
169	3
0	0
1	31
1	41
2	1
3	0
0	38
523	0
0	0
0	323
0	320
1	68
5	7
0	25
4	132
5	99
1	19
0	0
0	4
0	0
0	0
56	435
65	509
0	53
123	8
36	284
5	0
1	110
0	58
17	1
0	1
2	3
1285	56
3	2
1	56
1	42
27	49
1	11
0	1
0	46
287	0
1082	327
5	329
0	192
0	0
0	0
0	0
460	616
23	280
1	437
0	0
6	6
0	578
19	493
58	3000
0	2788
4	118
0	1793
0	0
0	0
99	0
105	20
0	20
1	0
5	0
136	0
0	0
0	0
0	0
1147	3908
39	3908
286	0
0	1
15	424
4	423
3	16
0	8
3	15
0	43
0	1
0	0
0	394
0	0
19	250
1	211
1	5
18	143
201	0
1	2
9	2
0	1
0	1
3015	3364
4	1562
0	2312
0	2711
1	0
10	137
2	1734
16	148
0	492
0	1719
2	686
31	273
41	273
0	110
10	23
0	22
0	73
2715	287
0	46
5	251
0	68
28	133
29	417
5	198
0	207
0	207
1	1
0	256
47	0
136	1749
46	704
1	644
101	126
0	392
0	95
16	46
0	137
3	17
57	0
0	419
0	0
0	36
0	1016
0	768
53	791
1	544
1	478
0	280
23	146
30	544
3	1082
0	36
32	856
9	195
0	550
45	374
22	1028
3	8
1	109
1	0
0	261
0	1084
0	48
970	712
0	356
10	431
1	620
0	455
0	202
1	93
0	0
0	140
0	0
0	0
0	0
2	0
4	438
0	270
0	432
0	5
315	420
0	167
0	0
0	0
0	183
0	8
1	5
11	114
0	36
22	14
2	38
0	10
9	28
1	0
0	114
0	0
4	0
1	0
2	0
0	0
108	137
0	106
2	9
18	153
27	1207
0	1136
32	624
28	585
106	97
0	499
1	37
5	39
4	66
5	1
19	7772
4	404
153	2633
0	2693
3	7287
25	2199
2	0
13	437
0	461
0	472
1	182
0	190
0	190
2	190
1	0
0	4
0	2292
71	92
16	227
0	182
0	151
0	0
108	131
0	131
1	0
9	532
37	542
2	32
2	12
13	57
13	43
2	30
1	2
0	37
777	2695
6	221
1	4
0	1817
0	485
12	53
49	2569
14	2421
0	0
0	0
0	0
0	0
1318	264
0	261
1	191
0	0
0	0
0	0
2	2119
0	1044
12	738
0	1833
4	246
0	0
0	0
0	0
18	1173
0	947
0	197
7	71
0	218
0	210
0	0
0	158
0	159
0	2
0	63
0	63
11	0
0	1140
0	0
1362	1
29	412
0	551
131	441
1	325
26	8
8	20
6	11
106	1087
1	960
10	941
22	817
2	77
2	9
6	67
2	294
0	40
1	14
3	16
0	1
0	0
1734	571
35	561
0	9
35	1
48	0
161	345
5	354
3	242
323	1
1770	501
58	501
0	0
45	0
249	124
0	124
1460	5693
0	5590
1	335
803	1057
199	1057
0	0
1875	1230
44	516
219	1441
2	131
74	1516
0	1575
0	317
0	1444
26	888
4	245
0	186
1	76
3	2
1	52
4	187
2	54
0	0
0	1518
19	1726
7	1711
0	1675
4	151
1	58
0	0
5	8
89	690
0	13
17	9033
12	375
34	6267
1	361
88	8006
5	384
3	51
4	664
0	1
0	0
0	3
0	0
3	2
0	0
0	0
0	0
10	22
0	22
1	7540
1	7692
4	2372
16	2502
0	3633
0	35
0	160
3	408
0	11
0	429
2	0
36	91
97	13314
0	13217
0	1289
19	2058
38	375
6	2172
26	161
2	1
0	645
0	232
0	454
63	853
79	950
9	0
0	0
0	0
0	0
0	0
0	0
0	0
48	119
1	55
0	55
5	1
0	0
0	0
1124	459
7	17
29	442
0	508
0	498
0	468
0	502
0	456
0	299
0	162
11	61
0	130
16	145
25	110
0	84
0	94
0	94
0	106
0	78
1	88
0	47
0	45
0	49
0	33
0	0
0	6
0	5
0	462
1890	1
23	421
1	20
0	14
4	0
1	108
0	421
0	0
9	282
0	22
0	359
0	310
2	49
12	232
2	201
14	17
3	1
0	37
0	73
0	7
0	1
10	0
0	331
0	6
0	0
6	6
0	0
0	0
0	0
0	0
0	0
0	0
0	0
0	0
0	0
0	0
6	47
0	0
3	8
0	41
885	1
503	20
1	20
0	13
2	0
7	106
0	67
0	66
0	96
0	14
48	52
0	57
4	45
0	0
0	0
0	0
0	0
0	0
67	26
0	26
0	5
0	1
0	635
128	635
0	115
0	627
0	0
73	1454
92	1481
3	498
0	143
0	0
1	390
20	389
13	65
14	566
4	10
31	539
0	341
14	282
21	199
2	68
884	767
15	189
23	189
5	58
964	50
0	0
0	0
4	0
0	1022
739	1102
0	18
10	0
1	621
1	7
1	110
18	863
0	1064
1	695
2	1054
0	848
2	413
46	9
0	228
63	322
5	110
1	1
6	0
215	152
1	89
1	13
0	0
4	67
1	67
1	17
4	9
0	7
4054	986
46	834
0	223
3	369
0	182
325	0
0	128
0	286
4	360
18	14
1	64
0	367
2	2
0	0
2	20
0	2
0	8
5	29
1	29
0	0
0	0
0	25
0	0
163	105
4	99
1	0
0	0
0	0
0	0
0	0
0	0
0	0
0	0
0	0
323	965
0	947
0	577
0	876
0	79
11	64
4	135
0	37
12	95
1	97
0	79
3	6
1	5
0	4
541	1
0	0
0	0
0	0
0	0
194	245
0	4
3	4
0	207
16	0
15	0
2	12
0	9
0	241
97	175
3	11
6	33
0	131
3034	379
198	191
7	245
15	16
0	0
0	0
0	0
0	0
0	0
0	0
0	0
6603	576
7	314
0	188
0	61
1	72
1372	3
6	1
0	0
117	1086
0	779
6	68
1	134
1	14
0	9
0	0
0	61
0	46
0	1049
0	0
0	0
0	0
183	53
558	311
23	214
0	0
250	163
2	149
30	30
0	21
0	1
49	0
0	196
0	181
0	159
0	173
0	188
0	21
45	18
0	0
4	4
22	11
0	14
16	1
781	74
0	27
0	0
0	47
0	0
0	0
0	0
42	4
0	0
0	4
0	1
0	1
0	1
0	1
53	528
154	944
15	760
3	126
0	236
0	110
2	13
0	4
0	0
0	4
50	52
0	52
3	8
9	0
4	7
21	7
48	866
11	678
1	202
10	0
0	0
1	60
0	62
0	4
0	0
0	0
0	53
0	7
0	2
1	2
0	0
34	980
29	115
0	974
8	696
17	0
1	68
0	0
54	258
14	258
0	0
0	0
0	0
0	0
0	0
18	3553
625	3553
0	0
0	0
0	0
0	0
0	0
235	14
1	14
1	25
0	7
0	27
0	0
5	0
2494	221
2	28
7	147
6	1
0	45
237	372
0	372
2	17
23	1725
3	1624
63	3
7	654
12	483
0	283
2	6
2	1450
376	4368
1025	2998
277	3194
27	140
27	2476
29	324
4	141
20	90
0	0
10	1874
29	1951
1	313
0	118
7	142
4	0
3	72
13	14
1	768
13	14
350	2
0	1
0	24
4	90
1	106
4	40
18	0
0	0
0	0
0	0
257	0
452	29
10	5
0	0
1	24
1	20
5865	20
306	191
13	125
26	62
4	66
0	9
0	11
296	1175
25	1140
17	181
2	240
0	151
33	170
1	379
53	351
2	80
0	0
0	0
37	1016
38	1016
0	692
0	45
76	255
0	47
20	10
0	515
78	665
0	177
5	550
14	430
10	405
18	156
0	364
0	18
1	16
13	0
0	5
0	5
0	0
3276	653
3	486
1	7
0	165
0	1
0	0
0	1
33	1
194	0
0	0
95	225
1	225
2472	11
2	10
3	0
17	0
9	0
14	75
110	75
2	4
0	1
0	0
0	0
0	0
0	0
0	0
21	1599
32	2439
29	1208
0	469
0	217
6	118
6	682
1	0
2	114
0	0
0	0
0	0
3	726
41	765
0	657
18	160
1	164
0	152
0	147
1	16
0	156
0	143
0	149
0	132
0	0
257	71
3	71
28	0
834	1
0	0
0	0
0	0
0	0
0	0
0	0
0	0
0	0
1	33
0	33
3	28
0	17
80	801
4	775
33	66
15	38
3	32
25	32
58	0
2	32
3	0
0	0
0	0
214	77
681	77
4	53
0	53
2	18
0	9
2	534
18	44
0	546
37	270
417	531
39	176
6	365
0	329
0	6
8	86
0	0
8	677
0	2
2	621
0	942
8	2
4	3
0	764
179	1069
7	950
19	0
143	1269
19	1103
51	123
1	1082
206	862
0	16
1	0
1	627
0	578
3	283
4	518
0	76
2	267
3	336
5	245
2	151
7	165
0	4
749	603
20	267
8	72
0	245
0	346
3	0
0	0
389	378
2	244
0	29
3	49
0	99
5	0
107	2273
5	1
2	43
62	2110
0	1709
0	26
0	0
1992	672
11	479
13	74
0	112
1	228
0	0
2	223
54	177
1	119
0	31
13	1634
33	246
290	1911
0	349
31	108
180	108
0	4
0	0
1	4
32	0
6	1833
0	0
1	1552
40	1834
0	1779
9	1677
5	68
54	967
1	3
0	0
0	0
0	0
0	0
993	65
0	38
0	30
21	2173
6	1779
23	1319
0	1467
11	178
1	1477
0	9
0	2069
0	1948
10	0
0	5
4	246
4	1036
48	178
0	18
29	299
0	0
0	0
349	10690
264	8930
6	10099
1	2006
0	1003
6	2280
35	109
0	101
7	113
6	36
0	0
0	0
0	0
0	10
152	57
3	47
20	4
0	1319
0	1319
0	2021
3	63
0	350
57	2009
3	0
4	446
3	395
0	364
48	136
1	50
0	35
19	2472
0	739
0	70
29	100
0	187
30	201
0	5
0	547
0	334
1	130
3	295
1	130
2	132
0	2621
0	0
0	0
0	0
0	0
2001	73
8	72
1	56
5	56
0	0
0	0
0	0
678	862
0	860
1	64
0	0
1	24
50	53
0	124
95	1263
5	1263
1	11
0	0
19	19
3	19
150	0
0	0
1	140
3	158
0	24
7	26
38	71
9	71
3	216
11	436
54	338
4	63
22	255
0	30
1	10
0	64
1	64
3	2
1	6
2	10
223	1639
12	1525
31	37
0	101
6	235
0	104
11	2
5	114
8	0
0	118
0	109
2	82
91	232
0	92
2	19
11	105
16	99
47	165
0	0
0	0
0	0
124	589
91	589
1	47
0	47
3	11
284	213
9	182
132	91
0	0
2	56
0	48
1	26
11	3
1	44
0	0
29	634
0	560
6	596
0	322
0	211
5	36
0	8
3	9
0	57
1	4
0	57
3	22
0	1
4	2
10	373
1	420
42	244
3	207
7	5
1	5
97	10
1	2
0	0
0	7
0	1
0	0
0	0
0	0
77	23
0	1
0	0
0	1
0	1
4	291
134	533
0	279
4	59
24	0
0	0
0	0
482	23
7	2
0	19
0	50
18	71
16	21
1	132
0	135
6	135
2	148
48	150
4	60
1226	283
6	22
0	39
0	87
1	41
0	26
9	14
0	70
0	48
0	0
0	0
0	0
0	0
73	239
5	248
7	16
3355	3226
0	2982
2	2784
32	2059
0	1839
0	0
16	1402
20	98
8	32
7	12
315	43
17	43
6	0
0	1
1	1
177	102
0	0
0	77
0	102
0	5
249	0
0	1
6	2
0	1
68	115
14	115
0	0
0	0
232	90
0	90
2	0
46	85
18	53
0	16
0	69
0	0
0	0
0	0
0	0
758	1174
24	706
8	281
0	118
0	200
43	9
283	0
30334	13481
0	5626
1	7768
1	2726
138	0
149	217
28	114
29	244
47	39
7	15
5	223
0	309
2	271
10	194
4	19
0	22
25	2
0	2
2	0
9	8446
24	7754
24	1769
9	1088
2	1379
1	69
0	0
7	845
2	8
7	4
58	215
10	13
0	308
23	228
0	262
0	232
6	55
3	295
1	71
1	15
0	199
0	0
0	308
82	327
0	5
0	57
0	274
1	0
3	207
29	207
0	3
13	154
0	1
101	278
52	278
16	80
0	83
3	111
0	99
0	7
0	7
0	26
53	96
0	96
5	0
0	0
0	4
0	4
277	3
0	2
3	2080
3	1762
5	422
1	12
16	533
12	137
12	157
263	148
12	48
0	733
20	102
0	34
0	0
0	0
0	0
417	93
0	82
0	36
277	109
127	225
84	199
55	0
1	99
0	183
0	134
967	1980
1	1898
401	178
1	156
0	22
10	799
20	799
2	0
1	0
0	0
0	17
0	17
0	11
0	0
10361	18988
151	19120
204	18680
0	17673
0	16167
1	970
13	109
0	637
4	618
1	93
6	459
112	415
0	107
4	0
0	450
0	371
5	72
4	82
0	17
0	0
0	0
0	0
0	48
0	48
0	45
0	26
0	26
249	1026
0	870
0	782
4	15
0	514
1	28
0	33
18	778
4	679
0	481
19	544
13	725
1	769
0	116
6	213
0	269
11	200
2	23
1	252
0	813
440	942
1	188
2	163
0	241
12	0
2	0
0	0
0	0
0	0
0	0
0	0
96	16
0	16
26	466
21	295
1273	532
0	133
260	771
36	301
3	32
51	9
8	361
0	109
404	162
0	162
5	120
3	178
78	178
0	22
10	14
0	0
13	2
0	1
0	1
0	1
138	225
0	192
1	83
13	68
0	0
0	533
2	512
0	645
0	1043
13	1016
5	986
0	1054
0	628
0	617
0	570
1	0
1	0
13	580
18	6
0	3
1	140
1	55
0	108
9	106
0	41
3	79
1	1
0	0
4	18
0	3
0	0
0	0
0	0
0	0
0	0
0	0
0	11
21	51
7	8
618	253
10	245
19	26
9	26
51	212
1	0
0	210
1	0
0	4
0	11
0	8
2	0
4	3
1	3
0	0
1	31
0	274
10	255
0	247
0	267
10	140
2	107
0	8
0	8
0	6
0	6
0	4
0	0
0	1056
1	951
2	328
7	182
46	75
0	0
0	7
0	7
0	0
0	0
39	77
0	77
28	12
8	0
1987	549
3	20
1	529
0	9
0	14
0	10
0	12
0	0
7	0
0	0
1	0
0	1443
1	1127
0	1443
1423	56
9	11
11	54
3	0
0	0
1882	4
2957	5
0	4226
334	4226
8	402
0	10
0	0
0	0
40	874
0	892
7	876
27	845
0	885
0	766
10	95
4	20
1	8
0	2
3	1375
44	1646
14	1569
11	1662
0	1495
19	1634
0	1359
113	28
0	1495
0	0
0	0
0	311
19	510
3	249
15	0
0	8
4	138
13	0
3	0
16	13
0	0
0	13
4	161
42	123
5	22
121	194
0	79
1	1
6	3
19	220
2	236
0	207
2	43
0	112
0	82
3	29
0	31
0	35
13	0
10	81
0	54
0	57
0	17
671	5
0	4
4039	4
4	11
4	1
10	234
243	85
1	210
0	21
25	242
324	572
4	572
7	196
4	10
3	439
0	86
2	35
86	608
0	149
23	391
1	6
0	35
0	1
0	28
5	28
2	25
0	14
0	9
0	5
0	3
0	5
0	0
0	7
866	0
380	130
3	104
9	65
3	26
0	3
3	3
0	0
407	1284
0	393
3	1
1	6
0	302
7	79
1	653
1	0
9	41
1286	1
0	32
2	25
10	9
3	3
0	10
1	5
0	15
32	327
14	346
0	200
4	35
141	3967
67	4729
0	191
3	1304
351	0
0	1500
1	20
0	34
0	148
0	70
0	129
0	15
0	1271
0	1500
0	150
13	133
0	83
0	79
8	0
5	28
0	34
0	176
0	0
0	0
0	0
0	0
0	0
0	0
0	0
0	0
0	0
0	0
0	0
0	0
0	0
5	62
8	2
0	79
36	288
81	201
12	152
4	15
0	121
8	334
11	24
2	26
0	54
8	49
134	767
16	767
0	23
0	0
0	0
490	223
5	90
70	188
2	258
18	258
0	0
0	0
0	3
0	3
3	0
1	1
0	1
0	0
0	0
0	0
4006	103
1	102
1	2
5	0
144	428
2	216
0	213
5	213
0	29
0	0
124	2
9	2
0	0
0	0
0	0
28	12
1	12
157	48
0	48
7	122
2	101
0	21
1	52
3	7
9	1
0	42
10	0
1	0
0	0
0	0
0	0
5	460
34	108
0	89
0	134
0	464
0	8
59	1165
2	15
0	81
0	51
2	1149
3	12
1746	890
0	883
1	36
0	0
0	0
0	0
0	0
0	0
281	0
0	0
0	0
0	0
1	0
0	0
0	0
0	0
0	0
0	0
0	26
832	64
0	0
0	0
0	0
0	0
109	2115
58	2115
0	0
1	1
0	0
0	0
0	1
7	0
24	310
0	14
12	260
0	270
0	277
3	200
3	27
8	6
11	3
0	2
0	264
0	0
0	0
2	1008
0	509
13	456
0	379
0	182
4	693
4	0
440	3081
1	3023
3	302
0	21
0	4692
0	126
50	5647
132	5748
3	103
0	88
121	5723
1	1378
27	17
0	9
0	17
0	16
2	2
0	1
164	1091
1	985
2	216
47	57
5	0
8	88
17	60
69	90
3	123
91	69
47	432
1	433
2	67
2	1
0	448
0	0
0	0
46	44
0	23
0	7
0	14
57	4179
18	4036
5	3907
10	79
0	181
57	1064
13	2
41	2709
6	160
0	2354
15	98
31	1549
7	1104
23	503
381	235
7	68
24	6
33	123
0	0
0	3
0	3
5	81
0	74
0	27
0	0
0	0
763	610
0	376
0	0
1	159
1	231
0	18
3	0
0	187
0	183
1	135
1	177
1	40
22	174
0	189
0	97
7	55
0	23
1	18
5	12
0	11
4	12
0	181
0	182
0	148
0	186
2727	11964
27	11303
14	12208
7	2259
37	519
3	33
4	79
0	21
1	49
0	39
0	2259
20	0
24484	11237
1007	10749
107	2162
0	529
1392	1664
2	301
21	13
6	404
3	75
6	385
2	485
6	72
1	381
25	172
2	52
0	0
0	13
0	8
0	47
0	0
0	57
2	5
4	1
119	2183
12	2180
17	1835
3	86
1	370
4	0
3	208
1801	2121
2	848
1	1210
1	1085
1	473
0	94
0	1023
66	594
5	279
0	425
0	127
272	336
0	348
0	23
2	53
1	0
1	0
0	332
0	9
16	225
2242	226
8	5
7	5
68	0
12	0
87	365
69	4497
586	5092
0	2242
0	1873
0	80
34370	14
0	0
0	0
3	0
0	0
232	595
0	571
26	0
25	424
6	595
4	113
0	144
0	301
0	28
0	389
0	60
0	110
0	225
719	0
0	0
0	0
0	2
4	0
4	77
7	81
0	1362
1	685
0	1282
12	1362
9	1156
4	155
0	871
12	69
4	69
0	0
0	56
0	83
0	0
0	0
67	0
0	0
0	0
1972	146
13	95
1	45
1	6
0	0
0	86
740	87
1	4
0	32
12	63
87	146
2	103
5	0
2	35
45	616
0	20
34	458
0	342
0	56
2	143
0	111
0	109
20	30
5	1
0	0
0	0
0	0
0	1861
0	1893
0	2052
0	2113
3	89
8	176
1	3
5	172
0	120
0	128
4	90
5	105
1	28
19	7
3	133
0	2170
0	2197
68	0
3	0
1088	159
7	0
0	0
1354	455
9	114
0	215
0	182
271	42
8	1
3	41
0	0
0	0
0	30
0	5
6	5
5	0
7	30
0	0
0	0
1330	310
0	308
3	110
0	99
0	11
0	40
4	5
2	70
131	289
0	7
0	81
30	289
1	21
6	70
0	43
0	22
754	103
0	6
0	91
8	18
131	687
14	30
3	56
1	15
2	4
0	241
455	227
0	201
9	102
3171	1410
6	649
6	820
0	819
1	820
0	309
1	182
24	199
0	0
0	3
6	2
0	0
1	2
2	36
0	0
0	0
0	0
0	0
0	0
0	0
10	0
0	2
0	2
0	2
2118	1026
408	2407
0	2141
0	2265
0	1
0	0
1918	1250
0	441
1	765
13	770
0	3
610	835
0	151
0	0
0	31
0	588
0	2
1	2
0	23
0	21
5	35
1	0
6	0
0	0
0	0
0	0
0	792
15	43
0	792
276	0
0	0
0	0
0	0
205	34
0	10
4	25
0	12
5	32
0	30
6	32
0	0
0	0
0	432
9	476
0	249
0	2
0	2
0	0
0	2
29	974
0	191
9	352
0	0
0	865
3486	887
0	780
1	154
5	106
138	141
8	2
8	57
11	81
5	10
11	26
27	2
20	42
16	0
0	1446
0	0
13	842
5	835
16	818
31	658
17	1471
0	0
0	1203
17	2164
1	197
0	83
1	89
11	73
1	0
0	2182
0	0
0	1
0	1
86	2926
1	78
0	263
17	171
7	1676
2	97
1	45
0	236
3	2926
0	1
13	2
3	34
0	18
6	14
8	16
0	50
1	38
3	34
1	1
558	1
0	94
0	81
82	413
0	311
91	312
0	39
4	0
0	0
0	0
0	0
0	0
2	2449
76	2764
0	271
85	729
0	1032
6	163
4	202
33	434
13	1070
8	994
0	270
0	404
99	378
23	421
0	0
0	1
0	13
0	1113
0	0
0	0
0	0
0	0
0	0
0	0
11	272
0	343
2	78
3	234
4	137
3	74
8	79
15	137
0	52
0	316
128	598
0	540
166	269
4	0
0	0
242	1101
1	1042
0	419
1	19
0	0
0	0
4	24
80	0
2	0
1	16
0	1051
0	954
9	980
0	937
32	867
6	945
1	18
0	882
0	877
0	769
74	762
6	3
22	18
0	18
1	103
11	220
52	218
5	3
1	0
0	0
0	1
0	1
1653	1209
1	751
3	9
2	552
2	354
12	5
2	340
1	892
19	684
1	619
2	32
1	0
2	23
200	945
0	633
16	848
0	311
7	158
17	126
2	63
116	0
22	477
0	0
0	0
0	0
20	1810
0	24
0	1690
0	1689
1	20
0	1
7	0
0	58
1	205
10	565
12	714
22	639
1	594
0	187
47	106
109	51
0	1
2	19
0	38
1	79
339	28
0	28
1	0
0	0
0	0
0	0
0	0
0	0
0	0
91	49
0	47
5	21
5	21
0	0
0	0
0	0
0	0
0	0
0	91
2	83
0	3
0	9
1	12
0	12
614	213
0	200
2	56
7	28
8	0
0	0
0	0
1383	327
36	237
423	89
31	0
0	0
0	0
0	0
0	0
0	0
0	0
0	0
0	0
0	0
0	0
7	20
4	20
4	0
221	244
0	32
3	0
0	217
5	124
0	35
0	1
5	31
4	27
1	33
0	6
0	5
1132	110
5	38
0	131
0	110
14	99
19	111
0	18
0	78
18	70
3	11
366	18
1	0
2	3
5	0
0	1158
4309	1159
7	419
8	427
0	0
108	16
6	16
0	12
42	43
0	36
0	13
0	7
1	7
0	0
2	2
240	563
19	42
0	21
108	570
9	488
1	58
4	49
14	231
34	233
0	43
1	43
0	32
0	23
0	7
1	2
1	4
0	1
0	0
0	3
0	11
0	24
5	21
12	25
3	9
1	2
3	4
0	25
86	16
0	9
0	4
0	0
0	4
124	222
14	15
23	223
0	0
0	138
2	0
0	0
1	0
1	0
0	0
3	0
4	0
0	0
9	113
3	99
3	31
0	159
72	163
0	0
0	7
0	128
0	116
0	69
0	58
0	11
1	29
2	29
4	0
0	0
0	0
0	0
0	0
0	428
101	278
0	427
0	227
0	221
0	158
0	162
1	157
1	120
0	104
0	114
1	0
0	16
6	27
0	13
52	27
0	2177
149	8043
0	401
0	2607
1	1
61	63
4	42
0	402
5	324
12	130
0	198
0	8160
8	10
0	12
0	3
0	0
0	9
0	0
10	7
2	93
2	5
1	9
2	91
0	6
0	81
0	76
0	5
1	0
0	52
1516	3
1	1
31	0
129	126
8	126
0	65
5	57
363	263
0	240
1	58
185	6939
0	1895
90	7131
0	6098
0	6288
34	6426
310	3917
36	3791
107	1843
1	2626
4	2113
0	587
0	2290
2	19
1	30
0	2416
1	839
0	863
0	82
1	240
92	13
0	13
0	0
22	533
34	158
27	254
0	913
1	888
33	661
0	149
102	68
8	66
0	63
35	336
16	245
11	183
0	0
0	0
0	2814
0	2634
119	3145
1	1609
1	229
2	2645
43	657
21	154
11	1168
27	1128
2	526
1	852
3	88
1	16
0	0
2	50
0	62
2	67
9	52
0	4
0	1
0	0
0	11
0	0
0	0
76	0
0	1083
592	1083
0	559
10	129
2	243
2	158
5	733
3	716
4	14
3	21
0	214
0	64
3	1
0	41
3	52
0	277
4	1291
0	1291
1	760
264	760
39	1211
2	1211
0	0
0	2
0	2
0	0
0	1
0	1
8	77
31	77
0	0
6	0
0	13
0	14
1	55
1	15
0	9
0	13
0	7
0	1
1	2
0	12
21	47
3	47
0	2
0	3
14	161
0	9
1	161
1165	0
0	81
984	415
8	256
5	6
7	40
69	104
65	3117
97	3123
47	2681
62	39
0	103
11	3123
0	0
3153	1600
1	1602
0	1513
2	302
6	102
0	327
16	4145
6	3844
59	3066
5	2093
59	1660
435	6
109	1584
3	1812
219	1750
28	1535
0	20
3	0
287	18
3	18
0	0
3	2163
743	2199
11	1536
7	1090
4	913
0	30
129	913
0	164
1	21
7	697
0	394
350	694
78	197
14	197
1319	387
61	239
19	250
1	193
0	31
0	8
1	2
0	6
3	0
695	1539
56	1259
20	763
0	1314
19	3
0	3
0	0
0	0
700	146
3	146
33	0
0	0
6	1399
66	1374
0	6
3	134
1	33
1	30
1	23
97	164
0	183
44	933
293	934
0	109
0	75
1	1191
0	1207
82	806
0	715
11	295
2	499
15	67
17	43
3	153
9	53
0	30
2	1206
108	5385
13	5026
0	3130
0	2836
7	2788
17	2778
14	2849
12	2795
58	2692
0	294
80	194
8	92
1	26
5	0
110	353
0	165
2	136
0	46
2	84
12	78
3	14
0	14
50	104
0	130
9	98
115	1150
84	1152
12	170
7	341
0	105
3	125
0	26
596	5450
0	170
2	5283
16	22
8	17
6	167
0	108
0	494
9	698
42	0
487	677
34	551
29	17
0	0
10	120
0	0
1	0
269	937
0	751
0	958
0	758
9	13
0	85
0	91
0	0
0	1
0	0
31	0
467	0
1230	2
21	4262
97	2188
1	151
224	4075
7	151
0	1
0	4250
0	1
0	1
0	1562
179	1562
3	189
4	12
0	312
0	150
0	95
0	0
11	0
5	3
0	3
52	311
0	312
24	293
0	300
0	280
0	272
971	1790
1	1577
109	1786
56	956
223	956
3	0
770	543
0	1009
3	916
7	1
198	456
3	81
3	369
0	66
0	35
9	189
0	356
0	0
0	16
3	111
37	7
2	27
689	10896
95	10162
6	1055
15	90
21	65
0	448
96	6178
85	5892
2	3799
45	5826
19	3
63	230
9	617
41	137
197	135
60	142
15	142
0	37
4007	3733
1	849
1	233
9	3707
0	386
0	15
0	195
20	158
10	159
1	129
0	17
0	15
0	516
215	523
9	158
12	77
9	92
3	222
8	276
0	0
4	268
2	38
0	117
0	134
1	5
0	5
373	1953
0	1983
0	847
17	1
1	915
0	1078
0	382
10	236
0	288
32	268
0	8
198	4
0	0
1	4
1186	171
1	15
45	155
0	7
0	0
918	2341
6	2029
19	377
28	1925
2	1893
0	1520
4	1226
0	1488
30	224
0	144
0	0
152	11
0	10
0	1
38	187
482	195
0	24
32	17
32	11
2	0
490	4
1	4
642	287
0	271
0	155
0	44
0	243
100	671
77	252
1	301
1	74
0	627
1	195
1	1915
3	1927
0	1405
0	938
0	1005
0	922
1	938
0	917
0	970
0	932
0	932
0	896
0	23
3	95
8	1
2441	1831
4	1662
11	195
0	145
50	193
13	169
1	88
21	126
0	7
0	11
0	18
11	4
1	28
3	3
0	0
0	0
9	7
0	2
0	0
0	5
0	0
23	5
0	0
748	0
0	2
16	565
0	762
1	337
0	384
0	405
0	177
2	308
0	236
0	29
0	15
1	12
12	57
6	335
2	338
0	51
0	3
10	81
0	61
1	67
0	72
0	0
0	19
0	19
0	38
2	25
0	1
255	2
0	2
0	1
0	1
173	166
2	96
29	58
1	3
0	0
0	0
0	0
0	0
0	2
0	1
0	11
0	1
0	0
2	1
0	9
0	1
1	11
5	7
1	1
0	0
0	0
1	2
0	0
0	0
0	5
0	9
0	6
0	208
0	7
11	8
0	174
3	206
7	1
0	5
0	34
0	17
6	22
0	3
0	0
0	0
227	59
0	6
0	2
1	48
0	6
101	0
0	0
0	1
0	1
0	0
9	1648
113	1460
2	1001
9	243
3	57
0	64
0	17
0	3
3	25
0	19
0	0
6	25
0	11
0	106
0	141
12	3241
9	283
1	2032
0	3204
6	2092
3	0
0	2087
51	3174
0	2112
0	3234
0	11
0	2091
0	3225
0	228
0	0
0	3225
6	0
39	0
0	0
0	0
267	633
1	161
2	383
13	499
97	29
0	100
91	1616
0	17
66	1208
44	1187
400	804
0	41
0	568
12	0
0	232
7	94
282	725
0	2
4	721
1	175
0	176
4	275
0	0
1	0
0	0
82	1232
25	1252
9	1244
2	1157
32	952
1	520
1	603
10	605
13	598
0	618
3	464
0	172
0	0
6	450
10	392
0	49
9	364
16	10
0	3
2	0
0	41
0	27
284	645
1	645
10	12
0	418
0	448
2	502
0	548
30	422
0	118
0	12
0	185
0	199
0	0
1	0
0	191
11	2
0	1
0	1
0	1
0	0
0	0
0	0
0	0
2	2
0	0
0	0
0	0
0	0
16	450
52	450
0	379
11	140
0	49
2	63
3	27
0	20
0	13
1	11
0	0
0	15
0	0
0	0
29	8
2	8
0	0
0	0
0	0
0	0
0	0
0	0
0	0
0	0
28	3
1245	1
0	0
0	0
1298	1917
327	1969
0	973
81	729
14	1389
44	211
0	6
3	110
1	199
0	73
6	2
4	0
1	0
372	1436
32	1397
0	490
31	363
2	5
85	0
0	0
0	0
169	869
59	873
4	691
0	543
3	74
32	1537
1	0
0	1326
0	451
0	3
0	100
1	357
0	154
174	0
0	3936
18	123
124	3994
0	0
0	0
9	38
0	1
4	1
67	0
0	27
5	4
1	0
79	0
0	17
0	49
302	1165
6	104
44	68
0	18
0	10
15	10
0	2
0	1112
0	368
0	320
0	205
7	148
11	80
1	0
0	0
0	0
0	0
211	0
0	0
0	0
77	1230
4	462
6	927
85	1784
3	974
6	451
89	1707
5	15
24	1612
2	1132
0	1697
318	1763
1	2556
0	2705
0	2983
42	2727
3	2716
62	1284
1	236
0	318
0	183
0	68
0	12
5	2892
964	124
7	123
83	8
0	8
393	3609
34	3608
27	18
7	104
0	53
1	167
3	201
26	679
9	434
45	630
0	70
0	49
7	80
0	120
9	70
0	51
0	1
0	679
9	4309
18	4248
43	504
27	154
58	34
1	0
10215	3297
3	2934
0	54
4	33
5	856
70	2887
9	2738
0	1507
0	744
0	186
1	1094
2	199
24	106
7	53
3	2077
41	2037
47	1457
3	0
0	1533
0	1484
0	2
0	1
102	1148
19	982
27	588
54	78
10	36
5	44
46	3
0	56
2	9
2	414
1	106
0	16
55	25
0	2167
1	1032
0	15
10	1
13	264
44	252
4	178
2	1
2	0
3	114
14	65
2	0
1	0
0	2167
830	753
2	697
3	0
0	56
411	1223
50	1167
1	288
22	257
25	201
10	38
0	0
2	443
67	2593
331	2592
5	450
357	1
315	800
8	803
0	16
289	199
0	198
0	0
267	83
0	83
0	0
1013	450
6	424
1	153
0	30
0	0
3690	1882
11	117
128	1891
11	1734
3	104
1	74
1138	75
5	0
0	0
343	0
0	3
0	0
0	3
254	400
0	170
6	0
0	0
3	230
0	0
0	0
0	0
0	0
0	0
0	0
0	0
74	1626
68	1535
4	1279
8	1406
0	19
3	50
0	421
2	271
0	1390
0	19
219	138
0	17
3	121
0	35
171	572
1	20
8	255
5	160
0	424
0	336
0	286
2	403
0	0
0	0
30	1002
5	329
0	767
0	216
1	138
2	1568
30	0
0	108
123	688
0	131
0	175
5	1
0	0
0	1568
50	0
1564	2
0	0
0	0
0	0
0	0
0	0
0	0
0	0
0	0
0	0
50	3167
1	3169
0	3096
1	3170
0	3005
22	2667
33	2712
0	1224
210	779
13	9
9	107
0	3077
2479	109
1	109
0	0
427	2388
0	418
3	2378
0	393
8	1277
6	165
38	101
21	29
0	5
0	2
0	1
25	3035
0	2680
4	366
0	2617
0	365
0	2947
0	8
146	1
0	527
2	391
4	417
1	184
27	216
0	220
33	186
0	0
342	191
0	191
0	0
0	1
0	1
17714	1963
0	1767
0	1204
12	4
0	3
4	187
1226	122
12	123
55	24
0	925
0	1
0	762
3	998
4	13
0	94
0	197
0	1033
0	960
0	0
54	51
0	263
27	263
0	21
28	1171
0	535
6	86
0	1113
0	0
43	336
12	60
4	28
1	265
0	113
1	51
0	0
0	0
0	0
0	0
2	4
1	4
0	3
106	1702
4	1705
0	1
0	0
0	0
0	0
0	0
11	267
0	26
0	32
0	35
0	66
7	105
28	319
0	69
0	56
5	320
0	0
0	0
0	0
525	735
5	337
11	409
0	648
8	8
1	2
0	0
26	448
3	233
0	233
4	226
0	203
17	232
3	192
4	5
0	6
5	254
0	2
97	137
2	251
5	127
2	126
7	80
3	11
2	37
2	1
3	32
0	2
11	451
23	486
8	154
0	75
4	34
24	859
0	859
0	855
6	867
0	714
1	828
2	0
1	142
14	459
5	16
1	8
0	0
3	856
3	30
0	30
2151	529
0	514
3	16
9	4866
4	408
51	7137
7	2
40	617
38	617
11	353
2	536
0	320
0	0
111	0
1	78
1	421
13	360
1	273
13	197
6	2
0	2
0	0
53	255
0	247
4	113
0	37
11	0
0	14
0	2
0	0
1	13
0	12
3	98
23	99
1	95
1	46
5	16
7	1891
2	786
0	1863
1	1399
0	74
0	99
4	141
6	176
37	172
14	8
0	47
0	0
0	0
0	0
0	0
66	62
0	36
0	26
54	193
11	9
0	47
126	374
1	334
0	72
2	59
10	27
36	3
0	0
0	0
0	3
0	125
0	185
0	2
122	903
5	304
62	634
5	826
0	10
1923	74
1	61
1	2
0	8
7	49
1	9
15	59
0	88
0	0
0	0
38	370
1	273
4	168
3	210
13	4
2	383
705	440
9	439
8	51
4	0
58	1474
0	1131
32	1372
0	145
3	207
11	6
36	18
9	18
0	0
0	457
7	188
6	88
2	33
1	3
1	115
1	457
0	0
0	0
0	1229
5	1390
42	113
1	1319
3	1390
6	563
6	156
0	16
0	12
0	11
16	74
11	844
2	71
0	2
0	58
22	1
0	0
0	1
0	1
0	0
0	0
0	2
0	1
0	1
0	1
0	1
0	0
0	2
0	0
0	1
0	0
0	0
0	0
0	0
0	0
0	0
0	0
0	56
0	65
0	254
305	5705
937	5705
0	0
0	0
0	0
0	0
0	0
0	0
88	160
60	173
281	161
0	173
7	160
0	0
0	0
0	0
0	0
0	0
0	0
0	208
4	104
0	207
0	41
0	94
1	76
10	1
37	224
0	0
3011	545
74	489
2	138
1	34
1249	283
0	155
3	200
24	243
0	103
3	0
7	13
0	0
0	168
0	1
0	2
2	4
0	2
6	2
6	2
0	26
302	451
17	244
0	58
0	28
3	179
20	4100
30	3030
0	2320
132	864
135	680
0	78
2	0
1	4099
0	0
0	0
0	0
0	0
2	24
0	0
0	0
0	0
0	0
0	0
0	0
0	0
1	341
959	342
0	0
0	0
21	1609
1	2
0	1392
0	3
0	2000
0	1307
2	173
0	0
1	173
0	7
901	2047
0	1578
0	1324
0	1452
0	7
0	3
4	1638
0	2044
84	446
3	1414
0	1359
0	1521
11	19
0	2005
1	231
2	0
1	53
0	185
2	20
0	840
0	229
0	149
0	188
0	55
1	25
48	277
1	2840
351	5289
2	651
337	5104
0	0
0	0
4	317
9	11
34	309
2	3
66	74
7	0
3	74
0	0
0	8
0	3
1	0
10	766
10	458
41	737
4	530
6	0
25	212
21	251
8	80
17	84
0	0
70	467
8	46
65	159
0	0
0	467
11	23
0	1
0	22
0	22
0	0
1	21
0	7
0	0
1186	1671
2	21
0	91
0	103
0	25
0	1671
459	0
0	0
0	0
0	0
0	0
0	0
0	0
0	0
0	0
0	8
0	0
0	8
0	0
0	0
18	120
0	47
21	119
6	33
3	80
3	6
0	3
2	895
978	673
2	20
0	11
12	0
22	615
73	143
0	3
0	1
13	2
0	143
171	145
0	64
0	10
2	11
2	71
0	2
0	100
0	105
5	22
13	20
0	0
0	0
30	73
0	0
0	0
4	51
19	67
1	10
1	30
16	45
0	18
0	16
0	9
104	493
0	493
0	38
0	41
0	0
0	0
870	1202
0	1021
0	420
0	3
78	48
31	166
0	0
0	104
0	67
2	101
0	104
0	0
106	1021
11	36
4	985
0	242
15	361
4	338
0	337
0	61
0	23
0	0
0	0
18	0
5	0
2	0
264	1248
225	22
11	1169
63	95
0	168
73	50
0	306
0	302
0	280
14	285
0	113
0	302
0	634
37	634
0	113
0	29
0	29
23	1
0	0
370	20
6	20
0	0
1	485
44	543
0	528
40	758
71	892
3	164
133	418
24	273
1	26
3	541
1	418
0	130
0	0
0	89
0	75
1112	1927
5	0
645	1925
0	20
0	1
2	0
90	1265
10	64
2	1250
1	2
35	0
0	0
0	0
200	154
0	58
0	79
0	73
0	59
0	6
0	13
0	0
646	0
6	484
0	488
1	74
0	95
0	1
0	0
0	56
3	5
0	457
5	0
6	35
0	54
0	48
2	516
274	138
1	510
9	471
0	71
130	366
0	72
1	0
0	34
0	5
0	103
0	263
0	0
0	0
0	0
0	0
0	0
0	0
0	0
1	384
0	469
0	424
0	147
0	15
0	12
2	302
0	168
0	304
3	183
0	84
0	123
3	19
1	29
0	427
27	427
0	10
0	11
21	12
0	0
7	21
0	69
0	43
4111	2142
0	2130
4	155
6	10
0	162
2	7
0	3
0	0
0	163
350	197
6	162
13	167
3	0
0	0
19	42
9	454
6	474
1	460
0	454
0	2
51	1
0	19
0	77
0	75
0	8
0	0
0	81
15	1009
11	2236
3	2087
32	49
197	36
0	36
620	1412
0	1355
9	1119
0	475
0	61
21	79
2	12
1142	374
21	373
7	445
6	43
2	250
23	381
24091	14
0	1281
0	1125
0	1270
0	1196
0	1027
42	712
6	911
25	403
1	5
5	111
1	188
40	64
0	64
0	0
4	147
0	145
5	2
0	29
39	29
0	361
465	5
0	3
0	5
0	5
2	5
446	498
1	22
168	489
37	10
0	6
1	0
72	87
171	87
170	135
2	0
2	135
3765	4454
0	2319
67	69
770	2516
55	137
8	525
11	539
0	291
73	23
0	23
0	5
0	21
0	0
9266	39
5	34
3	0
240	1
1	0
0	1
904	1711
0	1557
7	30
0	4
0	163
3	6
0	5
0	0
0	3
0	0
191	39
13	39
0	3
0	0
12	2
0	0
0	0
0	0
0	2
431	68
0	44
15	23
1	0
0	0
0	0
26	823
111	911
0	1
0	28
0	113
23	62
6	23
4	4
11	0
74	8
0	3
0	5
0	0
0	0
0	0
596	1460
0	1441
4	688
0	2
0	478
17	755
21	742
1	536
3	0
12	976
1	885
0	291
0	226
74	95
2	4
0	155
0	65
4	105
68	214
2	244
0	44
39	963
69	58
11	11
6	240
3	182
13	270
56	809
6	181
0	69
0	47
2	269
0	229
5	209
21	221
151	64
0	2
91	946
0	0
85	1131
140	29
1	345
0	184
0	343
36	105
1	0
2	383
13	1150
40	1245
35	1150
5	1144
0	122
0	0
0	0
0	0
0	16
0	21
0	12
1	1
0	0
0	2
0	21
0	23
4	12
0	0
17	35
2	15
1	20
0	6
0	6
0	6
0	6
0	6
3	5
0	5
0	0
0	0
1	0
0	0
0	547
9	534
0	3
1	31
132	536
1	121
0	812
0	797
0	181
0	320
0	32
0	141
0	5
3	58
3	82
28	64
0	721
0	869
0	0
0	0
0	0
0	0
272	18
1	13
9	18
0	0
0	1904
31	1611
0	0
0	1904
0	98
3659	345
11	250
10	139
62	36
8	524
31	2
572	2461
12	1
0	480
0	458
1	604
11	118
10	879
1	1
8	306
6	2
0	0
8	291
0	390
13	844
0	257
6	30
23	325
3	815
1	1
1	906
8	16
0	0
0	0
2	0
0	0
0	0
0	510
0	696
0	132
3878	855
1	46
21	3
11	0
2317	265
1	188
0	171
0	196
1	186
0	0
0	0
0	0
0	0
0	0
0	0
0	0
0	0
406	438
3	1
4	247
6	17
8	438
1	14
0	7
0	8
0	8
0	0
31	72
3	2314
0	1350
28	2333
0	1993
25	2180
16	18
1	193
24	0
3	13
6	151
396	1965
0	1526
25	719
9	5
0	390
1	399
27	390
1	178
0	303
8	270
27	132
18	635
11	587
0	564
0	232
55	423
0	3
12	188
0	0
17	52
1	2104
0	1312
101	51
1	604
4	0
6	146
3	656
4	1174
0	1306
3	37
0	1
0	75
0	3
0	935
0	134
0	106
0	60
0	17
0	130
1	1
0	1175
6	62
4	1
0	1
556	1049
8	891
93	303
33	116
1	0
2	7
11	7
0	6
1	0
0	26
4	39
0	3
9	243
153	289
0	289
0	35
0	58
12	1754
14	1057
3	0
0	0
28	503
4	419
0	515
0	38
1	74
0	1
2	2
0	34
1	0
8	8
4	49
0	0
0	1
0	1
0	1
372	138
0	31
2	107
4	1
0	4
0	30
0	0
0	0
0	170
1	158
1	21
0	0
0	48
3	7
0	1289
0	2067
1495	2622
0	231
10	1771
0	2284
3	66
5	325
0	334
0	4
1	2
4	238
0	122
8	578
2	24
0	146
12	126
0	123
0	6
0	0
429	1069
68	994
40	160
11	476
17	1
0	18
179	948
0	490
85	596
69	945
0	351
0	2
8891	7
0	0
35	638
0	626
3	25
0	24
16	11522
104	12584
128	11548
0	11787
0	472
32	1594
5	1574
0	1572
19	939
3	0
10	71
338	7
2	7
1275	795
1	728
3	610
0	30
4	187
0	46
0	0
0	0
2732	461
90	461
9	6
0	1
1	76
3	0
0	0
0	7
0	7
0	1
0	2
4	105
85	105
10	6
45	362
0	360
0	11
0	2
0	2
236	0
1293	501
4	100
2	428
3	36
27	152
7	43
1	0
5	154
1	157
1	30
0	161
4	0
0	2
2035	1407
4	1406
2	627
2	105
39	364
36	339
0	105
0	3
0	54
0	26
0	36
19	64
554	73
0	12
1	212
15	305
0	19
18	3
7	106
6	72
0	8
0	2
0	0
0	0
0	6
0	7
0	1
0	7
0	7
18	191
33	191
23	9
0	27
5	18
0	30
0	0
0	0
0	392
4	318
9	117
0	358
6	262
17	9
6	0
0	392
1	0
0	0
1	12
0	6
0	0
0	2
0	4
1	9
0	0
0	2
0	176
115	176
1	0
89	417
0	59
0	363
0	46
0	12
1	3
0	102
5	86
0	67
0	86
0	82
3	67
0	27
3	62
2	52
120	17
58	238
46	238
266	491
3	24
0	263
0	344
1	69
552	370
14	199
0	78
1	2
0	4
0	0
63	1703
15	1673
31	426
5	197
0	72
6	65
6	93
1	82
0	24
0	391
0	2
0	0
0	77
38	121
39	0
28	0
0	34
14	23
4	12
6	24
1	6
14	5
3	0
0	0
621	1532
0	1294
0	45
2	236
28	140
39	445
0	0
0	0
9	37
7	37
0	0
7	2
94	3681
63	3312
120	2449
0	32
0	20
105	2
0	0
0	0
0	0
2	0
4	40
437	288
0	29
0	261
4	28423
0	0
62	28498
0	2802
99	18253
0	12205
35	8352
1	1748
21	4197
8	286
85	398
1	355
0	3188
1733	3148
10	36
7	0
3	1
128	3298
56	168
0	252
12	461
3	200
5	242
125	672
11	836
38	1205
4	398
6	0
0	267
4	7
2	238
4	27
0	234
0	2
6	22
2	2
0	19
2	162
2	1373
115	1373
7	226
0	1377
1	160
0	0
0	0
1	296
0	269
493	802
48	556
0	0
138	2761
939	6520
2	6181
0	354
0	775
0	779
46	348
2265	3752
24	50
2	3410
1	913
0	1924
2	1024
8	405
90	1055
9	990
26	633
0	47
43	421
0	78
22	28
21	5
10	37
2	0
0	0
0	6
0	8
0	5
0	6
0	0
0	0
217	143
5	142
67	0
0	115
0	87
0	87
0	50
0	2
0	0
0	0
0	0
0	0
5	605
2	586
11	600
0	0
452	1
0	0
0	0
0	0
336	164
0	13
3	64
0	151
12	269
7	271
1	271
1	271
3	269
12	271
0	269
34	269
0	269
0	272
0	272
2	0
1	2807
0	1322
65	903
10	2790
2	171
4	843
64	1853
0	133
0	77
5131	6
0	0
4	0
6	251
1	815
3	69
0	212
0	843
85	194
2	123
1	86
1	31
4	742
0	16
2	81
12	480
0	562
11	9
34	3
5	2
0	315
0	37
0	0
4	86
28	4
566	90
2	1
5	0
0	0
0	0
0	0
0	0
26	664
0	38
0	0
0	0
0	0
0	0
0	0
0	225
0	1
0	4
0	4
11	42
0	44
0	17
0	44
85	206
2	159
1	122
11	108
0	0
0	1
0	3
0	3
0	1
0	1
0	0
0	0
0	0
9	5
0	5
0	0
2936	2847
21	3
3	16
1	242
2	288
0	133
1	279
6	228
135	62
3	132
34	591
0	656
0	27
41	297
11	1242
0	458
16	356
2	400
0	223
6	83
1	67
7	3
0	45
17	37
0	61
33	106
13	23
1411	33
0	0
39	6725
1	7407
1	256
0	7327
0	6763
22	314
279	6463
17	37
25	439
25	159
69	125
28	263
0	14
0	11
1	1
12	287
0	286
0	1145
0	1145
0	0
0	0
15	164
0	1221
1	805
5	608
16	22
34	0
0	0
0	0
299	1972
42	75
0	116
98	464
38	110
3	1595
1	0
0	0
0	3
3	3
313	229
2	105
140	7
11	172
0	68
14	1
3	106
13	235
29	228
1	27
0	10
0	0
0	0
137	4053
130	4054
107	733
5	149
0	155
0	0
0	23
0	25
0	47
0	613
58	633
3	639
0	20
0	29
0	25
19	8
1	0
0	0
0	0
934	15
0	15
10	1680
7	6
9	475
10	1564
0	1191
0	0
11	551
1	21
0	18
0	13
0	16
0	17
0	17
0	16
0	16
0	17
0	21
0	16
0	15
0	18
214	226
20	226
820	1193
5	287
0	175
0	83
15	11
49	186
2	702
3	43
124	810
0	47
5	435
33	148
3	804
49	278
11	278
66	248
11	31
3	920
5	147
7	155
0	0
0	171
0	57
0	0
0	0
2	0
2	345
0	388
28	252
0	346
3	523
41	345
12	333
86	387
2	4
8	0
0	0
0	951
21	903
0	809
0	0
1	762
0	0
0	98
0	28
0	7
1	14
0	555
35	464
0	0
0	20
0	104
0	105
0	85
0	102
0	6
43	21
4	16
0	5
4323	3
0	28
0	2
16	27
0	426
0	133
9	34
0	404
0	0
59	1076
0	1175
8	1089
0	135
10	0
0	20
1	20
0	14
1	8
0	2
0	0
627	0
2	158
34	160
0	8
43	74
1	0
1	0
0	0
0	0
0	0
0	0
0	0
2	17
0	17
0	9
0	0
1003	83
71	83
68	13
0	13
96	4
13	4
0	0
5	293
1	909
7	658
3	105
12	447
2	247
5	169
235	832
3	869
25	119
10	121
266	504
0	453
0	115
1	5
4	0
0	0
3	48
1	13
80	466
4	381
0	114
1	69
2	12
0	17
0	11
0	14
0	16
1	4
0	17
1	5
0	5
16	0
0	0
0	0
0	0
0	0
0	17
2	17
1	2
0	0
0	0
139	13
0	4
3	9
318	0
2	448
11	448
4	448
0	3
1	2
7785	324
5	36
0	284
0	0
0	0
1636	3445
65	740
12	290
6	201
0	55
388	2
0	2
0	3444
860	41
1	40
0	31
0	0
5	204
0	247
25	223
0	227
0	75
3	311
43	311
8607	5105
3	3330
0	2584
44	917
29	87
0	86
0	0
1	87
0	6
341	32
0	32
0	376
6	1154
280	1127
0	1032
4	33
10	7
8	83
0	32
0	56
0	84
0	37
0	52
0	5
0	0
14082	6
0	696
0	536
46	538
0	142
0	146
0	134
0	139
1	154
3	699
1	266
5	9
15	2
39	470
1	139
0	382
2	10
3	580
3	33
6	693
0	682
1	1
1	12
0	141
2	10
0	652
1174	1995
4	1550
0	53
5	56
7	215
10	538
35	103
56	167
1398	198
8	42
4	65
11	97
18	109
3	27
27	8057
129	7577
9	127
0	1537
0	16
28	118
0	106
0	49
0	18
467	27
0	27
0	0
1	12
818	1024
0	1050
38	504
146	544
1	28
17	212
0	114
1	95
12	9
1	1
146	212
0	216
1	100
0	103
393	103
2	0
2	0
0	0
0	0
0	0
0	0
0	0
0	0
0	0
2	0
14	620
0	1114
0	1291
0	51
3501	3298
0	3296
274	58
7	58
924	2
83	520
1	552
6	118
0	245
17	1
70	0
0	0
0	57
1	57
0	60
0	60
2710	231
36	230
31	3049
7	3065
0	36
0	49
0	0
0	127
0	848
0	748
11	193
32	689
0	557
0	182
1	67
0	1
0	0
93	320
394	7924
933	7938
0	0
0	0
0	0
1305	168
0	97
2	95
1	0
0	0
0	0
0	0
0	0
0	100
0	144
0	48
0	132
0	131
0	41
2	24
1	24
0	20
377	148
3	44
12	121
0	30
0	0
0	0
610	736
1	13
9	722
4	243
42	765
0	272
0	221
5	435
1	354
11	492
353	310
7	704
3	13
0	304
1	315
0	295
2	80
1	24
2	1
0	1
1	398
3	1141
0	1140
0	1139
2	621
2	88
11	1
26	198
0	198
0	0
0	0
4	0
141	512
15	512
6	176
34	44
3	161
0	25
0	3289
0	3840
336	3840
1552	810
0	764
0	47
1	1612
2	185
0	1523
33	1526
16	3
0	329
2	27
0	77
0	238
1550	106
0	0
0	0
0	0
0	1
0	1
0	1
3	40
0	23
0	2
4	38
1205	802
0	801
0	34
597	454
0	449
1	0
0	5
0	316
0	362
0	57
23	98
0	1
0	1
7	97
72	53
0	53
0	1
0	1
15	1656
12	333
0	521
0	325
0	216
5	1
2	1
244	1901
4	3
0	3
2	0
1513	626
20	467
19	560
0	89
177	284
49	231
6	91
14	0
0	51
0	47
0	46
0	5
0	3
0	11
0	15
0	15
0	11
2	0
1400	9
2	7
0	0
0	0
0	0
0	0
0	10
0	10
1	0
0	0
333	1729
2	16
3	187
1	1331
0	1728
0	0
0	0
1	0
0	0
2	945
9	887
3	853
0	711
0	644
17	649
4	181
1	16
0	0
67	1121
79	1160
1	1050
0	0
847	73
0	73
7	460
9	461
3	3
2	0
1	1
1	0
1048	0
18	111
1	2584
0	2093
357	2802
0	2645
2	2328
16	868
1	725
3	2291
36	2281
10	595
0	787
195	1964
2	377
2	247
824	599
0	0
0	2
1	24
9	70
0	525
0	119
2	105
1	25
0	23
0	118
23	1
2	33
86	33
4	0
2	0
5	0
1102	343
0	322
0	268
0	195
2	0
17	953
2	860
0	778
0	226
0	257
2	11
12	30
1753	422
1	114
0	91
0	334
2	236
4	0
16	31
0	31
2685	649
16	633
29	220
0	157
0	167
19	273
5	359
0	326
77	358
14	352
19	342
0	95
3	132
0	102
4	0
2	0
10	46
3	0
0	296
0	361
192	983
0	321
2	848
2	824
0	97
0	0
0	0
127	23
3	23
1	0
0	0
20	1263
66	1441
4	771
3	1087
3	43
1	86
0	20
0	27
1	0
4	0
1	0
1	0
5	898
6	903
1	0
0	5
1	1
0	33
0	0
0	0
0	0
52	1359
168	1472
0	1375
121	677
0	134
4	67
0	110
38	243
3	3
164	10
31	5
0	0
0	0
0	0
0	0
0	7158
114	8025
5	7207
10	6235
0	636
0	6566
124	567
2	159
45	263
13	40
62	323
3	323
50	7505
0	0
0	0
41	2233
0	1676
0	707
20	1103
5	731
0	615
1	310
18	641
1	488
0	2
13	20
0	0
0	0
0	0
0	0
0	0
143	2819
26	1213
0	528
0	383
1	2021
1	387
0	32
3	325
0	564
0	175
3	34
1	5
1	0
0	34
0	42
0	42
0	454
13	467
3	357
1	95
0	73
1	297
3	59
25	128
5	24
0	431
1	535
8	792
52	680
0	0
0	690
0	113
0	0
0	17
0	50
5	380
6	314
0	131
0	298
0	244
0	0
0	13
445	1
3	1
11	545
0	565
0	409
0	243
0	256
2	254
0	167
0	124
0	244
3	151
8	61
0	0
3	151
0	259
3	133
71	249
0	144
1	87
2	260
1	1
0	1
0	1215
18	3233
14	1314
70	4297
0	79
2	484
0	1087
959	4703
7	43
11	844
360	222
0	4227
2	3590
1	75
29	6
8	2415
1	1
39	114
0	6
7	97
1	0
72	0
0	0
678	284
0	283
1	12
0	0
2037	282
0	208
3	135
0	13
26	51
3	20
1	0
0	0
65	128
175	128
2	3234
400	3298
0	606
3	64
0	2
7	6
0	2
0	1
0	3
64	933
15	335
73	798
10	59
6	198
20	8
63	0
3	2
0	114
58	116
0	1
1	1
1	0
0	0
67	997
0	18
0	221
0	202
56	242
0	8
22	2
0	0
0	2
5	2351
7	618
1	2331
2	1918
3	23
0	2486
0	2345
60	2239
63	1287
0	2096
22	409
0	632
66	66
0	192
0	1516
2	1558
0	1565
1	1485
4	1525
0	1615
0	61
0	0
7	0
32	1429
2	93
0	1374
8	1445
38	11
41	1391
0	12
23	1137
0	1405
275	209
2	164
3	137
3	8
10	101
22	1388
11	2501
50	631
0	758
4	1171
12	954
0	46
0	52
2	39
2	32
6	46
0	26
2	2
5	373
0	28
0	14
4	202
0	1
0	60
0	2123
0	0
0	0
0	0
0	0
0	0
0	0
0	0
0	0
0	0
0	0
0	0
0	300
474	301
2	0
4	252
3	3
0	85
0	0
0	0
0	0
0	0
0	0
0	0
0	0
38	0
144	5621
5	94
0	3253
0	2079
0	2344
0	5640
48	62
15	33
2517	825
0	824
0	219
0	108
159	1208
128	1208
8	35
0	44
61	743
342	757
0	14
10	315
37	70
4	43
47	8
2	1746
0	1822
0	1742
4	143
0	1656
0	60
31	3
0	10
0	60
134	761
55	557
60	741
3	696
2	13
1	19
36	7
16	189
2	235
0	175
1	165
5	57
0	0
0	47
395	4940
22	4940
1	54
38	54
29	3
33	36
0	105
77	502
4	498
0	4
1	74
0	0
2	14
27	9
0	0
0	0
8	1258
3	1026
0	378
0	464
1	162
37	202
4	136
0	70
0	1081
32	707
24	42
1	0
0	552
0	196
1	512
0	2
7	171
1	145
6936	4558
10	3942
1	169
5	615
3	1179
18	9
5	9
0	0
266	221
9	96
12	542
0	54
0	717
3	2
0	659
0	356
947	306
8	306
17	0
236	3066
42	3066
2	0
0	0
4	2
0	2
0	0
0	1
0	1
0	0
0	1
0	2
0	1
2	1
0	4528
0	28
30	3887
6	2466
12	53
3	914
12	257
12	380
3	299
0	4307
0	0
0	0
0	0
603	183
0	178
18	188
0	184
5	13
7	0
12184	1463
6	1167
40	171
0	166
0	0
0	0
1	675
0	673
0	148
1	225
68	422
2119	56
3	56
729	774
23	774
2	1
426	142
0	142
0	104
1	91
0	72
0	12
0	44
0	40
1	1
18	737
2	743
102	506
6	559
12	157
1	207
0	109
0	121
1	94
16	385
6	391
2	46
9	385
6	33
13	364
0	32
0	38
0	6
0	197
1	20
0	93
0	0
14	764
0	337
3	29
0	220
66	312
0	126
708	560
6	37
2	59
0	60
0	6
0	58
6	16
0	1
1	15
0	0
0	0
0	0
79	41
0	33
0	9
0	8
0	13
0	38
72	20
0	2
241	77
0	56
0	28
0	21
47	802
120	794
0	7
0	18
6	102
1	25
0	271
0	285
0	7
2	0
0	6
2	712
5	6
0	70
3	629
2	4
2	570
6	9
0	0
77	5
5	32
0	26
0	42
180	91
0	1551
52	550
8	564
2	90
41	311
0	37
2	11
18	8
1	0
1727	450
1	448
94	243
0	0
1	0
1090	373
0	97
0	270
2	78
0	42
0	11
0	24
0	19
1	5
0	0
0	0
0	0
0	0
0	0
0	4
2	0
0	0
0	17
0	97
0	110
484	155
1	103
0	90
0	4
0	86
0	1033
4	81
0	9
0	34
1	963
1	202
0	258
1	792
1	45
0	630
1	7
0	497
0	0
0	72
2	262
0	4
0	4
0	4
41	2443
190	2443
18	178
0	332
133	393
0	18
5	61
1231	149
2	149
607	1
0	1
71	1159
186	1063
164	1206
33	463
1	39
0	43
0	46
0	37
0	30
24	6104
0	14
0	5064
3329	6193
11	3881
3984	4991
1	3230
1	3223
2	0
1	245
65	4091
294	38829
7	38263
101	40529
795	38287
1	3478
3	5412
199	1196
0	8717
79	244
374	2
1173	140
3	140
14	0
0	0
0	0
0	0
2689	4
30	11
0	0
0	0
3	11
0	0
0	5
606	1
0	0
13	2590
1	3
0	2369
0	409
40	1389
0	1788
6	2114
11	83
2	309
0	301
0	593
2	2231
74	2508
190	2511
0	0
0	0
0	0
0	0
231	0
3	157
4	163
4	0
0	16
4	168
1	4
0	261
2	167
11	39
1	39
0	187
0	53
0	75
0	110
0	253
14	85
0	8
0	68
0	19
0	22
842	1429
41	1374
8	26
0	280
93	1
50	80
8	366
0	0
0	0
0	0
0	222
23	253
2	211
1	70
8	94
0	77
10	33
4	50
0	30
0	0
0	0
27	6
0	296
0	60
0	266
0	266
127	2425
0	1653
2	364
4	1
18	309
2	19
33	7
18	1251
0	0
0	0
0	0
0	0
0	0
0	0
0	0
0	0
356	0
1	0
3	302
0	1248
7	403
5	930
5	51
11	459
12	3
2	21
1	1428
53	87
42	607
0	0
0	1403
257	0
22	0
2	0
0	0
0	55
1	15
0	1710
0	1752
0	144
5	213
0	1778
4	158
0	197
5	1354
77	109
0	0
0	1771
0	121
0	498
31	241
2	460
0	432
0	0
4	28
0	0
21	0
5	24
0	2
6	12
11	504
0	0
16	60
0	0
0	0
7	63
1	3
0	0
0	0
0	0
0	0
324	0
0	0
174	10
4	0
0	10
48	10
0	8
745	1
0	0
5706	128
0	126
0	162
0	2613
0	2619
0	2580
206	2586
33	482
0	214
0	1921
0	633
6	86
4	366
1	324
0	232
1	0
476	101
8	101
3	93
62	136
0	124
11	111
20	106
2	2
8	272
6	269
1	20
0	120
0	71
0	37
0	16
0	10
2	0
0	34
10	85
2	10
1	35
2	83
0	4
1	6
0	0
0	0
0	0
0	0
0	0
0	0
0	0
0	0
655	0
219	7
3	7
0	6
0	6
0	6
1	6
0	6
0	0
0	0
7655	7729
8	7726
19	7
0	1
1	6
20	103
543	103
16	543
60	543
0	3
0	768
0	758
21	824
3	631
41	842
16	1
10	16
241	15
23	2
9	0
0	0
76	131
375	15
3	14
9	0
96	547
0	110
51	552
36	205
2048	1
599	444
1	199
2	0
92	1
1	130
0	26
30	114
0	167
0	0
0	0
0	0
0	0
0	0
0	0
0	0
0	0
0	0
0	0
0	0
0	0
0	0
649	541
0	232
10	164
2	0
0	221
14	42
0	42
2	29
0	0
0	0
2	3
0	10
43	43
0	10
3	24
47	490
0	490
4	118
88	108
55	225
593	227
0	9
1	11
0	143
0	0
0	0
8	1672
22	1650
11	916
2	143
14	5
3	108
0	1642
0	2
0	0
0	0
0	0
2270	814
0	1
6	154
4	405
12	201
0	52
4	213
0	8
0	206
1	199
0	199
0	11
29	198
0	207
10	0
0	0
0	0
0	0
0	0
0	0
0	0
15	196
0	390
7	356
1	246
4	39
0	21
0	247
291	3058
4	206
7	2890
59	0
3	39
3	0
0	910
1	473
1	642
0	0
0	39
0	131
0	98
1	89
10	43
1284	0
400	1114
29	1114
0	49
0	2
0	0
55	92
0	92
0	2
0	1
0	2
0	0
34	1186
131	1164
1	220
0	478
0	0
0	100
34	100
4	65
0	50
0	2
490	971
3	5
0	54
9	0
3	2
1112	480
1	480
5	33
30	212
546	179
380	22
581	3472
164	3472
3	405
1	74
25	0
87	16
1	205
0	2033
0	1179
1	1997
15	2022
30	192
12	106
0	24
0	10
1	17
1	2017
279	620
0	32
0	606
1	10
4	7
0	115
42	65
27	1230
0	0
0	7
0	48
0	1200
0	24
0	1200
1	11
13	119
6	134
75	27
4	34
4136	5
17	351
10	678
0	133
11	120
6	121
32	2
1	15
12	27
4	678
1	38
0	13
6	1
0	54
0	147
0	685
0	92
0	312
0	65
0	180
2	619
0	8
14	54
4	65
0	51
13	23
4	52
4	29
0	1
52	25
0	3
0	3
0	3
0	11
0	11
0	11
0	2
0	0
1	1
20	402
37	218
148	138
0	4
2	3
274	316
6	62
1	4
0	254
1	0
0	0
0	1
0	1
54	1152
8	263
0	1134
0	802
0	1126
0	1061
0	4
15	5
0	97
1	1
3	75
0	0
0	37
2	42
65	1
0	13
6	42
0	0
16	840
0	3
0	0
0	0
0	76
0	2
0	76
0	0
0	0
0	0
1	0
0	0
1	79
0	58
9	79
0	5
6621	1056
25	226
0	225
11	431
3	193
21	53
1	363
10	868
31	868
0	868
1	62
1	16
1	94
0	24
224	0
392	0
821	14957
0	12307
25	15108
1	0
38	162
1	162
2	0
0	0
0	0
0	0
0	0
6	577
50	388
1	517
174	3508
0	2177
102	2545
0	278
20	11
7	2072
0	158
3	343
31	203
3	17
6	0
432	4949
0	0
0	0
0	0
1149	1
2	5
0	4
232	66
2	14
0	0
0	59
0	0
32	17
2	12
0	4
3	4
1	0
4	9
183	194
9	65
1	92
0	115
2	11
0	0
0	0
0	0
48	34
0	1
939	183
0	34
22	165
1	0
6	4146
0	4065
1	4246
0	4002
202	2786
1	3923
6	3926
8	1220
0	1600
0	1178
3	230
6	984
0	175
0	697
39	91
6	389
0	564
3	0
0	299
4	357
0	146
1	17
0	269
0	0
1	30
7	0
0	0
0	0
0	0
0	0
0	0
0	0
41	112
2	34
2	70
13	155
0	55
0	76
0	15
11	4647
0	4526
5	2
18	611
4	67
6	279
9	257
0	867
12	192
12	4299
11	412
10	4398
18	4429
0	4550
149	645
37	442
3	610
121	503
2	80
26	399
1	257
0	0
0	0
8	5
521	923
38	923
23	731
0	0
0	81
1	21
2	81
0	20
0	545
1	4
1	724
0	0
0	0
0	0
0	0
0	0
75	0
1	7
3	7
0	3
1	762
482	1578
1	576
0	1
1	168
0	474
4	1342
2	163
1	666
0	430
14	1491
2	16
0	142
0	0
0	0
0	0
29	2061
121	2324
16	23
1	399
13	6
14	120
15	321
44	19
42	17
26	399
14	55
2090	5053
18	5053
4	538
2	520
4	33
40	83
13223	3
0	106
0	100
0	111
0	18
0	105
10	1
60	31
0	30
33	75
0	75
0	0
0	0
0	0
0	0
0	0
0	0
0	0
0	0
0	0
243	371
284	321
33	48
82	48
477	29
0	28
0	12
423	125
0	32
0	93
0	0
0	0
377	1232
17	2104
0	5040
7	1424
0	2394
7	579
17	4866
0	1467
38	33
0	0
0	11
0	26
2	16
0	4
0	10
0	10
18	231
207	452
0	322
57	537
2	946
28	944
0	32
9	934
0	41
19	223
1	379
74	131
19	270
0	225
0	304
1	276
2	308
0	244
0	303
0	32
1	19
0	54
0	33
0	6
2	17
524	1322
5	169
8	0
9	1036
0	75
25	54
6	132
2	161
10	65
1	388
2	277
1	94
1013	1
26	0
0	0
0	0
0	0
0	0
555	549
0	546
0	411
0	422
0	64
14	50
2	50
69	0
2	0
12	1516
0	1646
46	1476
3	39
95	1007
34	1340
13	448
0	0
0	70
9	0
4	87
1	115
1	21
1	26
0	29
0	18
0	5
0	0
14	197
0	38
1	160
0	0
4	0
0	0
485	99
2	99
1	1
3	4732
0	2607
2	748
1	41
1	394
8	305
0	67
0	393
1238	1505
1	1317
0	1589
0	106
0	43
28	636
1	636
2273	1
0	0
0	0
0	0
302	2841
0	2841
0	0
626	277
64	260
2	137
31	135
2	134
1	9
0	311
36	696
1	715
3	689
0	725
0	688
2	18
17	142
0	95
0	10
0	2
1	725
31	597
1	551
0	113
1	7
4	36
0	2
0	1
0	1
0	2
0	1
14	1096
2	752
2	226
2	492
0	299
1042	89
1	89
72	340
2	340
31	61
0	83
1245	67
39	66
1157	728
0	78
3	2
4	8
7	436
0	210
0	0
0	0
0	0
4	1301
78	1325
8	80
330	1
0	473
0	24
0	468
0	612
1	581
7	456
6	448
1	36
9	0
25	10
3	7
16	1388
2	1115
267	1370
2	23
0	0
1	0
0	28
24	768
5	364
3	0
1	40
2	3
0	2
1	20
15	113
0	49
38	801
52	0
0	0
0	0
0	0
0	0
0	8
0	8
0	0
3	9
793	361
0	34
0	159
0	135
2	34
8	1377
72	1185
0	1
62	425
1	1386
35	698
351	952
82	350
0	347
1	245
283	1
4	1
0	2333
0	304
1	42
1	409
30	1929
2	4
3	3
2	2185
0	250
717	2658
0	1391
7	1982
7	1035
10	722
22	335
3	22
52	363
0	38
3	314
2	9
0	282
1	36
0	0
11	115
0	115
129	598
43	617
8	19
0	0
0	158
0	111
79	1219
3	1219
0	0
0	0
0	0
0	0
22	2
1	2
98	1776
0	1821
0	1696
159	618
0	248
0	145
0	3
388	60
0	0
0	0
0	0
156	6693
81	4532
3	207
47	6693
134	174
9	169
0	53
0	7
9	1
12	1291
0	1208
0	540
2	198
31	278
64	1061
120	55
0	0
0	0
1	5025
80	446
57	468
0	4531
30	253
0	808
0	971
0	4810
0	5050
0	4786
0	0
82	1245
0	62
16	63
1	0
2	16
0	1193
0	0
0	0
369	45
0	45
218	538
12	538
87	243
1	242
28	132
0	132
1080	122
481	4595
0	4595
36	885
3	703
55	27
0	27
0	9
8	664
14	674
43	674
38	626
449	3
0	2
1	0
0	0
0	1
0	1
0	0
0	1453
3	1118
12	227
0	1012
3	1590
0	87
1	1791
0	984
0	32
37	29
42	335
0	368
5	417
4	149
8	52
0	0
0	0
0	0
0	480
10	293
72	527
0	9
6	79
2	40
6	3
8	18
0	16
1	10
0	0
0	1
1	2
3	0
141	414
4	82
24	483
5	423
5	472
0	0
2	0
22	0
50	531
3	531
1	5
0	21
0	18
1	18
5	0
0	3
19	3
0	3
326	659
0	414
21	544
22	249
0	192
34	175
4	163
1	31
3	100
17	4
0	0
3144	16400
1	1016
16	13170
1	7020
159	13201
2	13090
28	102
576	76
2	0
89	95
0	95
0	0
0	0
0	0
0	0
0	0
0	0
0	0
0	0
0	0
0	0
0	0
0	0
1	180
27	133
26	151
23	171
1	12
1	9
0	0
0	1318
0	2738
122	2742
0	0
5	25
154	140
0	87
2	840
9	840
6	7
1	309
19	11
0	19
0	4
0	7
0	19
2	63
0	90
9	464
0	600
0	1016
0	1222
3	1184
65	890
5	84
63	1606
42	1608
0	588
0	578
0	673
0	295
0	0
0	0
0	0
0	0
0	0
1583	493
2	470
0	483
15	399
0	397
17	72
2	312
7	8
0	439
0	448
71	752
5	211
39	729
14	1
3	0
0	0
45	615
1	499
0	612
4	633
0	607
0	499
3	119
6	46
0	39
6	35
28	40
0	3
0	6
0	271
0	0
0	0
5	385
0	360
0	171
14	133
0	0
0	2
0	4
0	30
4	65
1	68
0	5
5	32
2	10240
0	11928
2442	2660
2	515
28	2347
0	0
0	1156
16	1509
15	1186
1	1388
837	113
7	14
1	73
5	96
17	32
199	32
1	32
0	29
0	15
0	0
214	91
5	91
264	0
0	0
0	0
0	0
0	0
0	0
0	0
0	0
3	261
0	223
1	206
62	249
1	210
0	264
56	1
1	29
5	24
2	28
0	302
0	8
0	284
0	0
0	0
0	4
1	211
0	4
0	32
0	25
0	14
0	15
2	22
0	2
5	6
2	0
0	0
0	4
0	2
0	10
0	10
0	1
0	0
200	1416
17	1438
0	8
1	11
11	10
0	9
2	7
0	71
0	58
0	51
7	31
51	27
23	7
448	62
1	62
0	189
0	1161
1	38
105	1197
9	0
84	543
0	225
5	17
0	18
0	27
86	130
4	426
1	101
1	317
1	222
3	296
0	248
1	285
0	242
0	266
0	0
0	0
656	821
0	538
5	185
9	332
4	0
18	5
28	554
6	2
1	11
32	322
11	36
17	6
0	1
2	19
8	459
25	179
2	337
54	377
284	0
3	2
0	2
0	0
3	420
0	2668
5	93
56	1583
0	0
0	2668
17	14
0	2
0	0
0	0
0	14
0	14
47	384
0	407
9	42
0	0
0	19
0	366
4	23
0	50
9	100
685	327
1	232
0	249
0	266
0	88
9	118
2	74
2	88
0	465
11	463
3	75
3	0
118	83
22	35
53	66
13	83
0	23
8	68
12	7
0	90
0	1
1	91
10	90
0	91
0	91
377	633
1	406
4	176
0	123
0	575
0	30
0	294
7	64
19	475
2	403
0	52
2	47
16	384
2	5222
19	5095
0	5200
0	514
0	34
0	7
1	26
0	50
0	6
5	12
1	26
0	79
0	22
2	25
1	29
0	47
103	0
0	1250
0	1
31	439
0	166
11	109
9	5133
1	5229
0	0
0	0
2	1450
1	1689
115	1683
43	1
1490	3011
89	472
11	429
53	128
27	174
4166	1470
18	13
0	1287
1	631
1	564
25	444
9	624
0	39
0	589
0	0
0	0
0	0
0	0
0	19
0	19
0	10
0	10
0	2
0	0
0	19
0	14
248	0
0	0
0	0
1292	3088
0	3088
0	593
8	454
675	3293
7	103
0	1
43	730
1	506
0	0
7	368
71	248
0	2724
68	280
0	280
9	46
1	2
0	2
13	748
22	250
15	746
1	56
0	94
2	328
0	203
1	50
0	0
0	0
0	0
0	0
0	0
0	0
2	0
233	1
0	0
0	0
0	3
2	64
5	6
0	28
0	0
0	6
0	0
0	0
0	0
0	0
0	1
12	1103
17	0
0	146
0	952
0	104
1	63
1	247
0	4
0	246
10	215
1	40
0	722
0	0
0	277
0	40
2	193
0	63
3	16
0	38
4	80
2	38
0	951
0	874
0	0
6	63
0	63
0	3
0	3
23	3042
0	74
0	129
2	338
0	187
3	154
2	107
124	33
0	19
0	0
1	1
153	0
33	695
3	894
131	921
0	0
0	0
167	101
0	101
6	796
10	38
18	688
0	178
124	778
27	766
11	606
1	113
57	142
2	60
0	19
1442	0
15	1539
0	0
15	406
1	18
0	1552
0	52
0	163
117	1162
1	1450
7	0
11	25
0	12
23	107
3	108
2	8
17	31
0	79
14	175
2	42
0	1545
1	17
8	43
1	87
38	33
0	49
7	0
35	43
0	1
2695	579
3	5
0	0
54	55
25	656
2	173
0	2
0	0
1	3723
387	3723
0	165
0	178
0	30
20	150
0	13
0	18
0	0
11	74
3	69
1	23
0	4
0	1
0	30
1	28
0	28
0	12
0	18
0	12
1	17
0	4
0	20
0	0
0	0
65	820
0	827
9	661
0	33
2	824
1247	7
30	6
0	0
0	0
0	0
0	0
0	0
124	24
0	24
0	0
2	79
9	467
370	609
0	513
0	596
1	2
2	2
2	0
2	57
31	1
38	610
19	47
2	47
0	0
0	0
0	0
0	0
0	0
97	1280
24	1077
0	1216
0	30
0	976
0	0
0	0
2	114
0	0
0	21
0	68
420	39
0	2
13	3
5	1664
0	2736
0	23
0	0
0	7157
1	7326
0	550
0	690
17	5289
13	5282
2	31
0	4089
0	575
0	3381
0	4221
0	658
0	440
0	542
0	325
0	302
0	8195
3	9
0	3587
0	910
0	358
1	788
0	709
0	1084
0	552
0	17
0	339
205	301
1	0
17	51
5	158
50	134
2	85
10	1526
43	1526
7	40
0	0
0	0
0	0
0	0
0	0
0	0
0	106
46	1360
181	1328
0	1188
0	1191
2	684
9	136
0	208
0	214
0	1297
8	617
7	578
0	327
0	347
5	357
0	47
0	59
0	29
0	0
0	0
0	0
0	0
0	0
0	0
10	52
25	141
15	36
0	6
0	41
220	96
262	421
0	4
0	267
0	280
0	257
0	147
0	0
0	0
22	680
206	988
271	819
12	103
0	0
0	89
22	310
13	290
2	338
0	210
8	131
0	1
0	1
0	0
4	1308
19	1254
0	2
2	272
1	92
0	124
1	210
0	163
0	1308
101	121
6	120
1	100
0	0
0	17
0	4
0	0
0	0
0	0
0	2126
0	2200
39	2193
2	47
0	0
0	0
1526	160
36	44
20	23
0	9
0	60
0	28
8	28
1	169
0	117
0	2
0	6
0	69
0	3
3	0
0	1
0	0
0	4
0	4
0	169
0	0
0	0
124	1804
41	1810
41	1640
10	1529
0	82
0	0
0	0
0	0
0	0
0	0
0	0
0	0
0	0
0	0
1	0
0	0
0	0
0	0
0	0
0	0
0	0
911	2
5	2
221	18
3	0
8	18
0	0
0	0
0	0
3	25
0	25
43	282
0	264
2	36
0	1352
27	2349
0	1351
3	2259
17	191
0	673
22	91
0	30
0	0
14	1
0	1
4	0
0	0
0	0
0	22
0	22
0	16
0	7
86	162
0	14
5	148
0	716
0	717
0	2
23	5
2	720
0	754
0	753
0	0
0	0
506	1374
0	1348
4	410
4	0
1	32
0	0
0	0
0	0
89	1147
9	96
7	1054
17	91
0	0
0	0
0	0
0	0
6	0
31	457
56	462
0	118
10	21
1	1
41	34
0	0
23	68
0	19
0	57
17	68
0	55
0	0
0	190
625	6544
0	25
34	6399
26	6067
3	766
17	3088
7	1194
1	58
18	25
4	13
0	20
0	0
0	0
0	0
3	57
147	112
1	9
5	20
0	7
0	32
56	0
0	0
0	0
47	122
2	102
29	64
0	25
13	35
4	11
13	14
0	1
188	94
0	70
0	11
0	8
4	28
126	102
0	57
0	0
3	31
0	19
17	28
7	17
47	19
0	0
46	140
6	91
0	94
3	146
0	25
0	35
3	9
4	9
7	23
4	40
183	9
69	144
3	12
12	144
0	17
40	318
2	318
393	166
0	166
7	117
0	44
6	0
14	478
2	0
48	486
0	1
1	1
8	345
0	0
682	478
19	278
9	18
2	169
586	1744
1	1628
0	598
15	459
0	6
0	434
1	185
2	74
0	101
5	7
0	51
13	90
20	86
0	1
6	168
8	169
0	43
0	27
0	0
0	0
0	0
0	0
0	0
0	0
0	0
0	572
0	203
2	529
0	186
0	161
1487	6433
413	5823
53	6071
20	1
9	387
2	14
61	5
525	868
0	647
19	562
0	266
2	299
5	224
0	53
0	8
0	38
1	72
1	3
978	249
109	5167
12	4790
0	3056
2	2689
11	745
98	239
0	309
14	38
0	299
3	1189
0	0
0	0
1298	2825
17	0
0	2574
0	2593
0	375
3	268
0	5
0	4
0	6
641	4418
24	3824
4	2203
26	2139
0	1504
0	1095
6	590
125	53
0	27
11	0
13	179
0	11
1	8
0	179
28	141
0	80
675	265
2	0
2	0
17	111
2	34
38	1
0	1
23	106
0	90
12	362
0	366
0	11
0	21
0	66
40	3116
7	2641
54	854
0	0
0	0
0	0
1818	699
0	695
240	69
0	57
0	13
4	2
1	460
42	460
12	42
0	12
0	22
1	28
32	20
0	22
22	0
1	0
19	0
9	5
4	14
16	0
0	0
0	0
0	0
0	0
0	0
0	0
0	0
0	0
0	0
0	0
0	0
0	0
0	0
48	800
1	605
2	483
53	606
4	467
0	2
0	0
0	0
0	0
172	341
0	247
9	310
556	584
21	220
0	308
1	385
0	35
26	143
0	0
0	99
543	218
0	209
0	219
2	0
0	0
0	0
0	0
0	0
31	623
1	623
1	46
0	199
15	2
9	128
0	0
873	6558
1	4725
5	4927
20	6056
14	3464
2	1122
62	1879
1076	277
0	0
2189	32
2	31
0	32
0	0
1	0
0	0
0	32
105	22
0	17
0	9
4	6
60	343
19	250
1	79
2	93
0	51
0	56
10	991
1	211
29	175
2	81
19	35
1	107
0	991
1	899
4	0
1	0
0	0
0	0
0	0
0	0
0	0
0	0
0	0
0	0
0	0
32	10
3	1
0	9
2	0
382	105
0	37
0	68
0	0
0	0
0	0
7	0
0	0
0	0
157	0
1	0
0	347
0	90
0	109
0	373
0	348
0	20
0	345
4	4
1	79
0	354
0	352
1	387
0	1840
42	1839
0	1826
5	84
0	1715
0	69
7	0
138	3633
140	1558
2	3498
30	2685
5	11
493	199
1	151
4	23
0	11
2	7
0	5
1	0
163	78
3	90
0	0
2	12
0	0
0	264
36	1111
5	1091
0	1137
0	92
0	0
0	0
0	0
0	0
17	249
1	33
0	249
0	0
0	1
0	1
3	1
0	1
2	1
0	0
312	1881
0	1878
3	1881
10	1386
6	0
0	10
0	10
0	7
0	1
1	0
1	0
509	711
0	181
5	643
0	132
3	696
0	17
1855	1870
26	864
22	93
161	1517
0	593
25	150
42	316
0	771
3	246
0	511
0	88
12	9
1	2
0	5
232	10
3	9
12	1193
0	114
46	1157
1	49
9	50
2	1218
1219	81
23	31
0	4473
9	4228
21	3856
8	1825
1	48
0	310
9	226
495	112
0	47
0	23
0	16
6881	635
37	629
618	212
0	167
791	65
2302	19
2	8
11	8
0	6
0	8
0	7
0	1996
1	48
2	974
1	816
0	581
0	553
0	598
0	562
0	327
0	423
0	623
0	630
0	572
1	5
5	184
6	72
3	36
1	6
1	15
3	64
0	12
0	0
0	4
0	14
0	1
0	14
23	54
0	6
0	1
0	6
0	2105
0	0
0	0
252	12
385	38
5	23
1	1722
35	1722
9	69
2	143
101	1358
8	1267
36	1256
0	75
2	193
2	24
19	580
0	250
0	8
23	6
10	15
1	0
0	87
63	100
7	132
78	195
1	7
3	59
9	32
1	47
2	7
0	1
0	0
0	317
54	351
0	73
0	33
0	0
3	0
1	35
1	33
0	19
0	0
0	3
0	0
0	0
1	0
0	0
0	635
11	507
7	492
3	188
0	451
12	178
0	74
0	53
0	35
0	8
0	8
25	123
0	95
3	46
0	21
0	11
1	10
3	59
0	36
0	627
19	0
57	216
1	213
2	51
1	29
0	29
0	22
0	42
0	23
0	7049
15	169
10	359
7	5246
0	1014
1	238
8	627
1	590
2	6
0	335
0	5814
0	521
3	232
1	1390
12	6695
10	186
7	226
21	649
0	72
0	5911
289	60
18	60
0	42
4	25
0	0
0	0
10	330
0	235
351	389
0	0
0	1
0	1
0	1
0	1
0	1
0	0
0	1
0	0
0	1
0	0
110	40
0	40
689	343
1	178
2	120
2	180
0	1
0	1
0	0
52	624
12	485
8	595
1	13
115	122
0	5
0	0
0	0
0	0
29	0
139	618
7	617
3	1
1	957
0	694
0	137
6	133
0	290
1	491
7	527
276	20
0	193
5	211
1	7
2	0
0	0
0	0
2	1
1	1
0	1
78	0
0	0
14	343
17	345
2	13
0	20
0	45
0	9
0	1
207	260
0	260
0	0
0	0
0	0
0	0
2993	1767
20	59
30	458
39	746
6	623
443	103
17	103
50	87
410	277
28	277
0	0
0	0
10	23
0	22
1	0
1	145
0	142
2	172
8	74
3	27
0	31
0	195
8	279
37	152
323	375
7	108
0	58
3	58
0	557
3	378
0	580
0	2149
12	1934
0	598
0	27
2	255
0	22
8	362
0	1
0	64
0	7
0	7
0	0
51	5
0	4
0	1
148	0
2	1
0	1
0	0
0	311
234	1000
1	925
0	269
234	954
0	176
0	758
0	74
0	48
0	0
3	186
46	8
78	8
257	947
1	380
1	140
4	316
3642	787
11	786
466	179
2	0
0	177
5	106
0	149
0	52
1	202
0	0
0	14
9	3
0	198
1875	250
9	250
0	0
0	0
0	0
0	0
0	0
25	583
2	31
90	1216
67	216
0	735
371	1012
0	0
536	243
5	243
49	0
0	0
0	0
0	0
0	0
0	0
0	1539
68	1415
7	24
0	1083
11	1248
0	0
86	1634
2	980
0	1560
4	832
0	158
1	494
5	335
0	193
0	5
0	85
0	71
0	400
1752	143
0	143
0	0
0	0
1605	41
0	41
0	0
670	24
11	24
4	0
8	0
0	0
0	0
0	4
12	4
0	0
2	0
0	0
0	0
0	0
0	0
4	749
0	749
78	749
1	54
0	7
0	30
0	30
0	2
0	2
2577	1534
2	141
0	1180
2	12
1	108
7	573
1	126
0	1031
0	637
0	63
2	15
27	25
0	27
9	22
5	4
0	26
40	0
0	0
0	0
0	0
0	0
0	1
0	1
0	0
0	0
312	9
12	9
0	0
8	638
303	638
4	129
0	4
31	29
0	59
3	0
198	2023
155	1638
31	323
4	1172
0	256
2	756
0	48
0	37
2	0
95	56
2	11
165	887
75	887
445	358
30	193
20	324
4	162
0	0
2	156
0	70
5	79
1	59
0	0
0	0
0	8
9	9
2	12
0	1
0	0
0	0
446	948
6	0
0	948
61	0
2	0
0	2113
0	0
0	55
0	33
0	1980
0	56
1	2115
0	17
4	62
0	52
2	8
220	0
751	533
1	545
0	0
2	246
0	280
5	0
13	440
0	39
2	63
0	17
35	82
0	541
2	154
1	80
8	63
4	21
424	190
2	190
0	2
0	0
0	0
60	1596
0	897
8	899
0	1617
21	532
33	139
2	147
16	430
0	0
0	0
0	0
0	0
0	0
0	0
2	0
432	0
0	2
43	6
0	0
0	0
0	0
0	0
0	0
0	0
4	12
0	12
0	2
1	2
0	1
14	625
0	622
3	256
15	113
1	247
0	307
0	89
2	169
60	0
1625	1190
1	698
0	303
2430	19012
7	12530
310	38
10	16403
21	14469
0	0
3	0
39	169
1	90
4	169
35	297
3	198
1	105
198	0
14	126
0	433
0	435
27	459
4	428
3	456
1	14
0	44
15	17
0	17
74	0
1	0
0	0
0	334
0	391
0	48
7	363
22	65
0	130
0	144
0	259
1	109
0	89
0	26
0	132
0	22
0	6
0	5
0	8
0	11
0	0
0	271
2	2837
63	494
0	16
0	266
492	1815
183	1815
0	0
0	0
0	0
0	0
0	0
0	0
1	0
0	1
0	1
0	674
96	639
1	151
0	0
6	261
0	17
0	97
1	47
0	45
1	0
0	641
3	674
97	60
0	60
0	10452
8	9562
0	12368
0	825
0	2
303	12692
792	12918
86	1782
32	894
238	1763
3	265
6	182
4	210
3	9916
0	9798
3	11197
3	1130
4	1951
9	776
1	1563
1	450
9	109
704	835
2	765
0	280
1	0
6	2038
1	450
44	592
0	2057
6	1994
126	694
0	195
0	38
0	30
4	0
28	177
0	15
12	0
2	109
0	0
1	0
3	274
5	3
0	22
0	0
0	0
2	322
0	320
6	3
1	469
4	50
0	232
0	0
0	0
0	0
0	0
0	0
990	1
337	113
14	113
323	1099
1	894
1	452
12	159
0	171
0	104
0	38
1	8
13	0
2	18
747	0
1000	0
6	0
0	0
3729	1879
2	1876
40	188
64	873
0	817
9	141
2	816
11	723
0	465
3	69
54	50
1	0
0	0
0	150
15	150
0	27
0	0
0	0
0	0
0	0
0	0
1	685
97	1050
0	148
14	989
2	606
1	253
0	7
2	55
0	0
3	55
2225	601
108	599
36	85
0	135
5	33
0	75
1	74
3858	1870
0	700
2	44
8	1124
1	3
0	77
0	1290
2	1169
191	3174
153	2624
5	2590
291	2937
0	1622
308	765
10	541
54	50
797	1
809	527
11	0
14	17
6	509
66	273
0	273
0	201
0	27
0	0
0	0
0	0
125	54
0	23
6	58
30	11
8	50
0	46
2	30
141	0
0	0
0	0
0	0
0	0
751	730
51	440
7	286
5	20
0	239
367	1035
1	0
0	1023
10	1499
0	1830
0	2502
1128	2509
23	699
0	1828
0	1582
0	4
0	37
0	1328
0	52
0	121
0	175
0	9
0	45
0	0
1	211
0	0
7	23
0	157
0	158
1	249
0	319
0	34
0	175
0	18
0	51
0	387
0	337
0	387
0	153
0	1
89	488
118	488
0	242
21	189
16	0
0	483
1	497
21	727
0	568
94	808
6	705
2626	756
0	781
0	533
0	533
453	6333
150	5210
1	0
38	2517
3	179
0	518
2	507
43	2094
0	1703
85	6399
375	8
1	0
0	8
41	0
0	0
0	0
0	0
6	138
2475	315
2	174
7	0
12	0
415	21
11	4
66	895
682	1048
0	940
7	991
0	23
0	69
0	2
0	365
3	19
5	1
7	1
7	0
5	2
8	0
0	13
0	14
0	0
0	0
381	0
65	1290
29	164
1	251
0	238
3	1111
46	230
0	1026
3	214
13	480
60	402
0	226
17	5105
67	5202
7	5134
6	417
164	1911
1	159
24	239
25	255
177	309
13	95
57	1215
33	985
0	13
0	625
2	262
14	91
0	67
40	288
9	54
0	167
8	275
6	9
3	56
8	11
55	143
3	30
1	20
0	0
0	111
3	110
0	0
0	0
1	1
0	1
0	1
0	1
0	3
0	4
58	127
0	108
7	144
13	42
2	60
0	4
16	53
2	17
2	0
4	52
4357	2
309	10
0	10
6	0
13	0
0	0
0	0
0	0
699	386
0	42
1	34
0	27
7	165
0	234
3	1
2	15
0	1
0	0
0	0
0	0
8	761
22	700
13	1038
2	172
42	354
0	302
0	19
0	0
0	0
0	489
6	110
0	0
0	0
0	0
24	0
0	0
35	103
0	545
3	519
0	508
212	675
0	9
0	711
6	602
11	384
0	36
10	2
2	36
193	2791
2271	2933
0	279
36	8
2	696
1	686
0	713
34	1085
1113	2458
203	2387
0	1019
119	1374
0	0
0	0
0	3238
19	3349
0	3347
0	3347
9	42
28	22
0	109
0	0
0	0
0	0
127	1693
384	1742
38	0
7	397
15	1
25	0
4	9
1	0
7	342
2	337
14	289
0	15
60	36
4	0
4	11
291	42
0	31
14	7109
3551	7617
10	506
8	6530
35	1141
0	3928
0	4020
3306	3445
0	2580
1	2061
0	145
3	10
3	46
27	48
1	37
14	0
0	74
9286	3
1	0
4	7
0	7
0	9
0	8
0	3
0	0
0	0
0	0
0	0
0	0
1	677
101	677
6	74
1	49
1	26
7	1
0	12
0	12
0	12
24	291
27	291
12	20
1	65
28	13
0	0
0	0
0	10
0	0
0	10
53	97
0	403
3	398
4	9
30	404
0	141
79	141
8	1
13	138
1	104
0	118
455	2678
0	498
1	827
4	0
0	1949
0	0
0	0
0	0
0	0
0	0
0	0
0	0
0	0
0	444
42	656
0	19
0	752
1	8
7	594
188	638
0	925
0	1248
2	1612
0	271
3	0
0	78
0	585
0	1706
0	1660
0	608
0	0
0	0
0	0
0	0
0	0
160	2958
0	17
1	629
6	638
4	2612
1	268
3	700
0	944
0	3357
0	0
858	1228
0	159
0	169
0	25
4	1203
25	10
0	6
3	6
3	86
0	47
0	60
12835	940
2	938
32	483
0	0
0	0
0	914
0	1355
85	1249
15	0
0	0
0	22
489	159
2	39
7	79
39	20
1	13
0	3
0	0
0	10
0	14
0	0
61	348
1	292
3	39
56	63
0	10
0	266
3	264
0	27
0	115
1	7
0	59
0	1180
7	1133
2	73
0	691
0	1058
0	22
664	0
0	0
7	3
0	3
0	2
4	8
0	7
0	0
42	2847
4	2132
0	975
2	1867
0	241
0	1224
5	58
0	23
0	0
0	0
0	0
3	82
15	1
0	0
1	0
0	0
0	1
7	831
1307	834
908	248
5	247
0	24
23	473
271	472
0	3
0	0
0	0
0	0
3	0
0	0
0	0
54	9
1	6
0	3
0	2
0	2
3	0
534	1431
0	1431
35	677
25	147
1	107
0	234
475	22
25	22
35	17
11	18
27	12
0	5
1	10
0	0
0	0
199	370
8	213
1	330
160	127
2	66
2	46
14	105
3	39
15	2
0	0
0	0
0	0
0	0
0	1
0	1
0	1
0	0
0	0
32	2342
0	1612
0	2474
58	2177
13	523
0	41
3	20
1	120
0	177
0	1331
0	52
1	181
30	109
1113	470
5	360
0	152
1	1
0	176
0	152
1	64
0	31
306	287
11	14
2	282
3	5
14	1252
15	1569
0	1275
0	1439
0	574
11	652
44	12
0	730
0	158
25	14
89	0
0	1092
26	1139
0	408
1	328
6	135
1	97
0	17
0	72
1	26
3	33
0	1
2	0
145	0
0	1092
0	260
0	356
0	351
0	366
0	361
0	350
0	371
0	361
0	343
0	330
0	348
0	381
0	284
0	137
0	64
0	263
0	59
0	75
0	78
0	206
1	101
0	346
0	352
244	359
0	95
0	213
0	219
0	267
0	308
0	325
0	18
4	238
0	1
4	16
0	143
62	73
3	3
0	356
20	56
0	26
0	23
5	2
197	2
2	0
0	2
0	327
0	326
0	326
1046	415
6	415
25	355
3	67
0	18
0	0
0	0
1	0
0	0
0	0
0	0
137	5838
131	2708
4	4217
0	3715
31	643
5	60
0	42
2580	1722
4	210
39	654
5	463
8	5
91	310
7	575
48	173
1	173
1	19
8	1
44	1916
0	110
23	45
14	1892
48	210
19	217
0	58
0	80
0	12
0	137
461	8751
0	8065
0	6574
0	935
0	777
2	521
0	8
3	288
0	0
0	0
0	0
0	0
0	0
0	0
0	0
0	0
0	0
0	0
0	0
0	8060
3590	0
3	166
13	140
0	105
0	11
0	110
0	2
1	10
0	85
0	88
118	38
0	38
283	5127
0	5543
225	5328
48	625
33	442
1	18
89	4
5116	4
3470	3695
1230	3691
27	1157
5	413
0	800
51	456
0	38
17	455
0	382
1	339
34	51
0	53
1	50
18	56
0	0
4	364
181	182
1	182
0	72
3	337
1	334
12	334
0	9
0	60
13	596
169	450
8	94
0	8
0	513
306	2
35	3
131	846
8	96
5	788
5	16
1	14
81	577
32	0
1	2
0	41
21	3209
1	3218
30	177
0	11
3	3
0	3218
3	369
58	190
0	51
0	379
73	197
51	306
17	277
11	152
11	1
7	1
11	60
8	148
0	927
2	48
0	88
0	76
7	164
13	164
0	24
53	253
0	17
0	46
2	858
0	0
0	0
0	0
0	0
0	0
0	0
0	0
0	0
35	50
4	50
2	0
423	92
2	92
0	54
0	296
4	284
4	211
1	179
0	0
1	11
76	1637
2	949
4	281
11	387
0	1094
4	5
0	344
0	817
39	390
5	52
0	3
0	0
396	137
1	136
1	89
2	0
0	1299
0	1340
0	1441
41	631
6	1
27	124
3	193
0	11
0	1325
0	1424
0	0
0	0
0	789
0	824
0	801
0	799
0	805
0	780
0	573
1	771
0	799
0	381
0	449
20	81
9	3
0	0
48	1104
21	858
1	1079
3	826
0	451
0	797
39	1414
5	446
4	727
3	533
53	345
0	96
1	79
74	54
5	174
0	113
0	42
0	1429
143	1
25	208
249	212
1	0
5	174
0	0
0	0
0	4682
100	4695
0	869
2	869
0	869
0	869
0	869
0	869
0	869
34	776
0	2
9	532
0	0
245	432
1	379
0	274
0	58
0	7
56	409
4	409
2	56
0	37
0	33
0	12
0	0
1853	58
0	58
22	270
11	270
265	534
6	0
0	534
0	0
12	0
1	11
0	7
0	13
0	0
0	0
2383	966
3	558
8	299
1	16
1	0
0	12
1	12
79	10
0	10
270	130
2	130
0	1
0	1
0	0
16	593
24	641
10	605
0	131
18	3
2	4
4	16
0	3
0	1
0	0
0	0
0	0
0	0
49	4
2	4
151	663
0	445
0	22
2	122
0	85
21	52
0	82
0	10
11	20
0	0
0	0
0	0
0	0
58	51
3	50
1	51
0	42
60	33
0	0
3	1040
22	565
0	579
0	90
9	345
5	131
0	0
0	0
1	0
0	0
1070	888
53	605
64	879
150	12
0	0
17	1564
4	1434
0	1354
19	284
0	0
0	0
0	0
0	0
0	0
0	0
0	0
0	0
21	0
0	3
0	3
1101	260
0	171
10	122
12	68
17	22
0	59
183	1095
0	1063
0	125
56	593
22	38
5	199
0	102
14	136
2	128
7	80
0	63
0	375
9	17
1	34
0	79
0	67
0	359
0	380
37	343
16	343
4	2
11	0
0	243
4	248
0	240
2	183
3	219
0	23
0	2
10	18
0	228
2298	1
2	95
3	573
6	348
2	495
0	496
0	10
1	2
10	0
1	27
0	13
0	506
0	1119
4	416
1	366
9	721
3	0
3	165
3	183
0	0
0	0
0	3
0	3
0	0
0	0
839	1
56	1190
1	609
1	1189
0	7
19	77
0	17
9	60
0	0
0	18
0	31
2	0
75	348
0	71
0	350
0	0
0	0
0	0
0	0
0	0
29	429
12	429
9	0
0	0
0	0
327	34
64	34
189	0
0	0
0	0
386	334
0	157
0	0
3	5
1	2
24	21
4	3
1	140
3192	1936
7	1935
1	1372
0	279
0	893
23	673
1	70
0	150
1	67
2	63
0	65
0	29
3	768
0	68
0	0
0	4
0	150
0	300
66	0
1	0
294	170
7	31
16	158
8	1
0	11
0	0
25	409
0	24
1	385
0	87
439	283
3	1
107	207
15	29
1	86
0	0
0	0
0	0
0	0
0	0
51	240
6	230
52	48
0	120
1	87
1	3
21	0
5	2
28	37
27	1122
4	1122
40	1095
4	26
0	91
0	99
0	91
0	46
0	38
0	39
1	22
0	10
0	2
0	0
1	0
0	3
0	0
0	98
9	8
0	8
16	301
0	129
0	33
1	62
0	25
1	24
0	21
1	3
0	1
1	1
6	154
679	159
0	158
15	63
1	49
0	41
4	49
0	1212
0	0
242	838
1	751
0	87
2	149
0	0
2	2
113	649
0	45
27	650
9	614
1	82
1	15
0	0
0	122
0	117
4	54
0	93
1	0
5081	564
0	560
0	11
0	11
0	9
369	1702
23	353
0	1413
1	1413
32	1594
9	1585
2757	693
7	277
0	412
1	2952
95	3038
0	2942
37	966
14	1083
1	2772
11	19
0	3048
379	1410
10	1335
5	1134
19	684
12	747
0	115
0	14
0	0
0	0
507	259
0	57
4	135
13	55
0	56
0	0
1	341
0	0
8	344
0	344
107	0
2	42
0	120
8	47
0	0
0	5
61	103
90	0
3701	890
2	887
0	7
0	0
0	0
31	747
38	176
21	921
36	33
14	59
1	16
883	122
3	3
0	34
1	5
1	80
4	230
0	207
6	231
0	82
1	205
0	0
0	0
1	304
3	307
6	296
12	301
0	20
0	35
6	305
376	1907
20	1843
0	6
0	98
0	113
2	400
18	386
575	432
0	5
0	5
0	12
2	11
5	98
2	40
0	34
228	446
19	434
0	0
0	0
2	0
0	341
3	341
0	359
0	26
1	29
4	29
0	0
0	0
0	0
0	0
3	627
0	534
27	673
0	12
0	138
0	85
4	23
1	0
0	0
0	2
0	2
3	1
5	1
0	0
0	0
0	0
782	55
2	2
15	51
8	1
0	0
0	0
0	0
1	6
0	4
0	3
0	2
3	0
449	193
2	30
0	104
5	118
32	191
0	64
2	125
2	33
0	1
0	81
0	0
0	0
0	0
0	0
16	48
0	31
4	37
2	32
4	10
0	0
0	5
23	138
0	24
10	19
0	40
0	40
0	40
0	0
0	0
0	0
0	0
0	114
848	127
376	1
0	21
0	31
4	28
1	2
0	10
0	27
31	141
4	8
0	141
523	517
0	98
0	65
1	355
80	506
31	407
1145	422
3	422
0	0
113	14
0	14
2	0
0	0
0	0
15	834
6	118
0	91
14	8
0	869
0	0
0	0
0	0
2	1255
5	1151
0	1105
2	450
5	795
0	1091
0	1168
0	683
0	884
14	281
1	562
0	873
2	0
0	121
0	585
75	196
0	166
0	132
0	142
1	18
1	23
3	78
0	72
0	0
47	3
43	3204
9	3203
30	3201
520	340
0	295
20	147
0	38
4	44
0	28
177	620
33	586
1	18
0	0
8	10
13	5
5	18
2	2
0	51
2	9
8	0
666	299
22	299
0	0
103	737
0	735
10	610
1	0
0	108
0	0
191	2183
861	2585
11	444
0	662
12	692
12	3
0	0
389	96
0	54
0	96
8	39
88	120
43	90
749	3786
10	3338
2	2935
5	426
0	0
0	0
9	706
0	683
2	573
2	84
0	587
4	530
0	142
45	309
1	148
32	205
35	192
83	37
3	195
0	17
0	7
0	7
0	7
180	18
0	18
0	15
446	43
2	43
150	209
2	209
0	209
0	2
0	2
0	0
0	0
0	0
111	126
0	90
5	97
2	5
0	7
7	0
0	0
2	0
258	7171
60	443
1	433
1	178
0	6863
19	7378
11	6332
7	11
2	3324
0	255
23	314
7	945
16	4031
1	1153
18	455
0	2
0	0
0	2
0	2
0	0
0	707
234	996
1	995
3	135
0	3
254	0
20	258
561	262
1367	1252
0	817
108	625
2	11
3	126
0	189
0	245
6	49
3	427
193	297
7	366
18	402
6	16
0	65
3	8
0	19
88	58
0	51
0	7
1536	46
2	45
1075	65
19	1
0	1
0	0
0	0
1	45
6	19
209	393
54	386
28	0
1607	0
0	1
1	8
4	8
1	2
0	4
0	3
0	293
4	371
1	247
0	445
1	256
0	317
2	363
3	203
0	1
0	0
0	0
5	711
33	192
0	815
42	729
0	106
1	13
5	19
223	4719
431	4193
38	519
28	7
9	1793
0	556
56	11504
2789	11901
0	6252
0	1062
0	508
5	413
0	3
2	495
0	673
0	69
2	601
6	190
1	242
11	24
2	161
395	951
10	157
0	609
20	1402
27	1852
0	265
15	60
92	90
0	74
0	1
0	27
21	48
1	5
7	30
0	3
458	541
2	125
0	186
11	3199
0	3213
17	1758
1	2332
420	3727
5	344
0	79
0	0
0	0
2	0
1	0
81	114
0	16
0	0
2	114
0	0
0	0
541	0
0	240
7	290
2	143
0	311
9	118
0	151
2	20
17	51
0	9
10	38
19	7
1	63
8	63
31	102
1	110
297	157
0	55
83	1173
36	47
3	0
0	1270
0	129
12	1270
6	16
0	52
0	49
1	13
5	13
852	0
35	476
6	400
4	445
0	2
34	18
4	40
0	267
1	12
1	3
0	2
6	3
85	834
37	887
0	226
22	54
8	115
0	155
0	0
19	140
9	60
0	0
0	1
42	4
4	457
2	901
1	0
0	916
1	375
32	415
0	374
4	121
0	319
0	218
0	183
1	90
8	97
1	229
2	84
169	669
0	188
0	466
0	477
1	6
0	7
2	7
0	470
2	497
117	511
0	38
1	9
0	69
11	2
0	37
0	37
0	37
0	37
0	0
0	0
1	1
0	0
2	2
574	1033
47	94
0	0
7	59
9	984
0	19
0	0
0	0
0	0
0	0
0	0
0	0
0	0
0	0
0	1
1817	0
0	0
0	0
0	0
0	0
0	0
0	0
0	1
0	0
0	1
1	8
0	8
1280	1428
12	113
3	67
9	61
0	1125
0	53
9	3
0	75
14	109
19	116
11	16
1145	0
0	0
0	61
40	84
142	126
0	101
8	55
43	232
2	104
0	101
7	93
15	0
3	227
0	110
0	232
0	272
3	35
0	238
0	210
0	36
2	12
116	37
0	256
0	61
1	209
0	68
0	9
3	9
0	51
16	201
29	1262
2	47
0	70
1	1285
575	1
0	0
0	0
0	0
0	0
0	0
0	0
0	0
0	0
19	456
39	441
0	75
6	69
0	34
3	126
0	55
6	1174
0	706
0	949
2	59
0	23
12	9
3	4
7	6
8	29
14	3
0	1163
165	122
3	11
1	122
0	50
0	2674
8	45
0	2437
0	2381
2	3180
3	377
1	2430
855	3033
206	3125
0	2397
13	1855
22	187
0	344
5	1108
61	189
0	0
0	0
0	0
0	0
769	1239
24	1239
15	176
216	240
0	68
0	32
0	39
0	22
0	0
15	9
0	22
0	190
289	316
0	103
0	2
0	43
0	220
2	1
83	142
439	132
16	112
605	0
750	408
17	69
17	342
23	319
3	104
0	49
0	53
0	0
0	1
0	1
1	35
1	48
0	8
0	2
0	8
0	3
14	4
0	3
40	67
0	64
1	5
1	6
0	9
6	715
0	616
0	416
2	18
0	126
22	406
0	135
0	134
0	778
0	0
9	2
0	2
0	0
0	2
85	1726
0	130
10	1726
5	150
0	68
0	0
2	7
3	27
0	6
951	1159
15	1160
15	835
4	527
13	789
0	486
8	49
1	0
0	7
0	0
0	0
0	3341
30	3235
122	3412
5	55
2	367
0	630
15	3286
315	63
38	1
3	81
34	388
109	349
113	1694
1	1200
247	1548
39	0
0	1597
33	528
2	1362
0	1600
1	281
1	453
9	776
1	169
23	44
4	88
0	0
0	0
2	0
0	0
0	0
2	29
1693	995
0	577
0	301
0	20
2	140
5	355
121	125
0	125
4	0
7	1
264	1121
2	208
1	76
11	1
9	148
1	72
13	8
13	753
3	1
0	22
66	129
0	536
3	367
8	201
4	204
86	11
4	20
0	39
0	74
7	0
145	25
0	31
73	506
10	236
8	479
0	84
0	104
0	62
1	53
17	161
4	58
0	108
0	0
0	0
0	0
0	0
168	34
4	26
5	8
0	26
0	0
0	0
4388	915
3	108
8	400
0	154
18	72
0	48
1	139
2	243
35	976
22	960
0	62
1	58
0	1
0	1
0	1
0	38
0	34
7	24
0	32
0	32
0	27
0	4
0	0
17	0
0	0
0	0
207	32
0	32
85	0
4602	372
5	367
8	349
9	397
12	315
0	70
10	346
0	531
0	60
20	207
67	156
17	114
3	30
0	15
17	26
136	0
0	1715
594	2326
2	8
0	36
2	1866
0	117
1	698
0	13
0	0
0	13
0	0
0	219
0	474
0	428
0	43
5	41
0	0
150	169
0	93
0	22
2	75
0	2
18	93
674	1472
0	86
2	1379
160	194
12	191
61	95
2	152
0	4
0	4
0	0
0	4
244	1473
255	1474
1199	1475
7	681
16	4
0	0
0	0
1	2
141	275
0	17
347	278
0	129
0	180
1	135
0	67
1	4
0	52
0	53
16	0
1	230
1	93
67	233
2	0
0	27
1	4
0	174
0	286
0	214
0	241
0	137
0	63
0	38
33	58
0	75
0	33
12	33
6	32
3	28
2	17
6	105
0	25
0	20
0	15
1	29
5	2
10	2
5	0
0	24
0	0
0	4
2	4
0	8
1	10
0	3
0	0
2294	3
0	0
0	0
0	0
0	0
0	0
0	0
0	0
0	0
0	0
0	0
469	9173
48	9173
61	1051
0	686
4	1229
271	1086
0	878
0	967
2	95
0	5
13	2
53	4885
85	5312
31	500
72	3173
1	2804
12	118
0	217
8	103
0	597
0	11
36	10
1	416
2	0
0	13
0	0
0	0
0	0
0	0
7	1206
2	1339
0	1342
0	659
0	1060
0	1043
0	1063
0	0
0	0
0	0
0	5
2	0
0	0
0	0
0	5
0	9
0	9
0	2
0	2
0	8
0	8
0	409
2	394
1	195
0	59
20	578
0	578
0	21
7	0
175	0
2	4
0	3
0	1
0	0
0	0
0	0
0	0
0	0
435	0
127	685
1	684
48	684
15	0
2	0
0	153
0	126
0	34
0	0
0	0
187	409
3	69
0	109
0	143
30	13
0	0
5	114
4	1
5	0
13	1530
16	6361
10	6470
152	507
0	107
12	6337
0	6466
0	6319
14	1293
18	1212
5	167
0	152
0	7
8	267
0	9
1	0
33	2018
24	1876
0	920
0	37
135	44
6	7
2	6
0	0
1	0
34	217
1	69
0	61
0	68
0	96
0	0
303	131
1	131
2	23
3	14
0	4
196	385
0	325
4	128
0	9
15	144
159	1258
10	149
0	0
10	0
4	50
0	40
1	1207
1	16
0	624
1	1
0	11
34	2545
4	1842
0	2150
2	1840
0	519
0	607
2	603
0	597
4	864
0	0
4	43
62	31
452	514
1	444
0	17
1	2
5	53
26	0
2	275
1	0
0	319
4	51
0	307
1	13
0	3
2	309
247	309
0	1
0	49
1	15
1559	1720
2	1534
0	889
1	819
0	312
1582	227
11	226
0	28
1	40
67	3
0	2
24	1
30	0
0	1100
2	1029
71	1100
0	771
6	114
0	49
48	1986
6	266
0	0
34	0
14	0
29	1938
4	83
3204	479
4	382
46	8
8	0
7	3042
5102	6029
11	6028
1	3892
3	243
7	5674
0	6028
2216	3470
3	3073
0	3480
0	0
0	0
2	0
6	28
1	1
0	5
0	2
0	23
0	1
0	1
0	1
0	0
2	1
0	1
15	8885
140	6960
8	8784
0	8915
265	6581
8	2320
746	4221
39	337
0	184
519	2731
3	167
1	263
0	547
188	1
139	1
6	1
87	615
0	382
0	608
2	0
0	85
0	2702
269	5909
1	125
0	1957
1	1765
22	1950
0	2840
0	1529
0	255
0	70
0	1533
1	171
0	1870
0	1563
0	0
0	70
0	1952
0	36
0	1990
0	96
13	95
0	252
0	1909
0	169
0	193
1	1727
0	402
0	556
5	1731
4	343
0	1638
11	1789
2	150
21	201
7	1534
2	786
0	8
1	4
1	1687
0	129
0	76
0	235
0	328
0	149
22	1841
0	524
0	352
0	206
0	505
0	2606
5	16
0	12
0	369
13	215
1	422
0	266
0	1454
15	9
125	1325
10	411
0	5905
169	0
1	1
1	1
18	396
19	181
64	245
111	366
1	425
0	142
3	103
0	16
1	79
1	6706
12	5540
160	3116
7	634
8	67
26	65
15	2093
0	551
1	547
3	515
4	140
0	51
53	44
121	456
0	456
0	0
0	0
0	0
2	664
1	632
124	274
25	61
2	213
3	120
4	74
0	0
0	0
0	0
13	86
1165	213
1	127
0	0
0	0
20	1586
199	1680
28	603
0	1498
1	108
2	44
7	469
0	0
14	3
0	3
356	0
34	1562
60	1562
70	1139
366	1094
5	904
0	128
12	130
0	139
2	220
2	889
1	1
0	964
0	6
0	0
0	2
0	6
3	455
0	428
58	67
7	572
0	87
0	0
0	214
3	175
0	49
156	53
1	53
309	110
1	19
0	3
0	34
7	23
0	35
0	7
5	597
0	570
58	718
0	80
0	681
80	196
28	49
12	70
9	0
8	101
3	0
2	717
35	2109
0	2037
18	2002
0	1914
3	0
2	0
7	17
4	111
259	1788
0	29
2	2009
0	293
11	68
148	294
1	1025
82	90
0	9
3	34
9	412
4003	1840
5	409
0	1009
8	9
0	0
0	0
0	0
0	0
0	0
0	0
3	3
3	2
24	10
2	10
2	5
0	0
1	0
0	7
5872	353
10	345
0	925
317	928
3	317
0	16
0	1
0	1
0	0
1	40
1	82
0	90
2	70
0	16
1	16
0	15
0	15
0	63
0	4
0	7
11	22
0	11
4	0
107	6
0	0
0	0
0	0
0	0
0	0
0	0
0	0
0	0
0	0
0	0
0	0
0	0
0	0
0	0
0	0
98	200
0	160
19	120
1	169
0	20
4	184
6	18
134	69
1	6
13	0
5	63
4	45
3	808
15	1
0	7
0	1046
4921	1049
261	1
1	1
9	0
2	0
0	0
15	329
0	286
5	0
45	80
0	14
0	0
0	0
3	4
3	3
3	18
4	360
3	5
0	446
0	407
51	345
0	486
0	404
0	374
4	63
4	44
8	10
0	346
1256	1176
82	991
8	149
1	965
0	728
5	796
0	68
6	103
0	127
0	38
0	51
0	12
7	2
8	8
3	4
12	0
6	7
81	20
0	0
0	33
0	37
0	27
0	33
0	31
0	34
1	31
0	33
0	131
7	29
0	23
0	31
0	0
0	122
0	0
0	0
0	0
0	0
0	0
1	0
0	0
0	0
6	1327
22	1327
6	614
13	117
2	954
0	149
0	8
0	29
92	45
2245	954
46	520
62	144
158	869
4	869
0	88
412	0
4	1149
3689	1152
21	583
1	744
2	372
112	5218
0	189
0	77
0	731
3	5157
14	219
0	0
2	1
26	0
249	243
0	212
0	168
8	1
0	21
0	203
156	511
79	511
2	33
0	111
3	0
1	5
11	1502
3	153
0	296
56	1530
3	919
0	832
0	136
9	452
9	25
12	0
0	0
17	0
56	188
0	187
0	24
1	1
1	11
30	29
5	28
6	9
387	915
0	819
1	0
1	29
39	592
1	192
6	145
2	51
74	964
37	1030
2526	0
98	143
4	123
0	26
105	229
82	228
0	0
0	0
0	0
2134	2
0	0
6	412
0	1
0	1
94	35
0	10
1	1
1	2
0	22
0	3
0	3
0	287
28	287
0	168
108	337
0	223
11	75
0	6
4	1
0	0
1	0
0	0
0	0
0	0
0	0
0	0
0	0
10	0
1	0
0	0
0	0
9	0
0	0
0	0
0	0
0	0
0	0
13	8
0	8
0	0
1213	2291
7	680
19	705
5	1805
0	290
28	59
52	206
2	176
0	19
0	341
0	417
10	202
151	202
0	292
2	79
1	117
93	174
0	1
0	51
4	58
11	40
4	9
0	330
286	2942
0	449
0	2420
3	2420
16	365
0	1587
2	1656
6	0
0	1
0	979
0	347
0	0
0	210
1	4
8	589
0	625
0	47
3	6
5	366
0	9
3	46
0	23
0	0
0	0
236	73
16	73
0	0
0	0
41	129
205	297
1	106
8	47
6	3
10	9
7	7
2	94
31	28
0	22
40	182
1936	182
4105	2392
72	149
1	691
46	673
0	2019
0	0
15	530
687	2
0	0
0	216
27	229
0	25
0	0
7	24
0	23
1	2
1	38
0	0
0	0
4	0
0	0
0	0
0	0
0	0
0	0
0	0
0	0
0	0
0	0
0	0
2	5328
0	5079
15	2921
26	2308
95	1291
33	668
5	326
0	81
10	45
0	7
7	7
114	1412
223	1412
1	455
6	5
2	19
9	0
6	0
10	691
12	691
19	0
3	20
18	17
5	3
0	104
0	17
2	156
9	415
2	368
1	369
0	352
0	444
0	182
0	278
3	235
0	223
0	15
3	43
0	0
0	0
224	530
7	493
5	13
1	16
0	35
0	9
4	9
0	247
11	264
23	62
6	53
2	122
1	113
0	3679
1	3705
0	3804
0	4670
4	4063
7	4570
0	4227
0	3802
0	3846
0	3524
0	3568
0	3507
0	3624
0	3587
0	3507
0	3467
60	0
19	466
1	76
2	55
11	33
42	2295
6	2338
0	243
2	337
0	1
0	4518
0	4516
0	352
16	0
1747	2169
0	2185
65	165
26	352
13	26
1	0
0	147
4	527
0	0
1	0
100	405
4	405
144	1348
18	136
0	1340
12	358
10	355
10	0
8	0
0	0
791	1
703	6338
2	2096
0	5021
0	5695
0	6174
1	5722
194	4695
0	3032
0	3828
68	3004
13	132
6	1696
5	194
10	2266
105	1762
452	119
0	119
7	832
2	36
1	0
1	9
2	9
1	129
4	265
0	9
3	7
0	8
2	6
0	7
1	8
0	8
0	0
0	0
0	0
2	7
0	7
4	1
19	624
34	108
1	523
2	582
448	1300
0	0
0	0
0	0
0	0
0	0
0	0
4	449
0	313
2	370
0	33
4	646
6	479
0	415
0	465
0	684
0	646
0	696
12	1
1580	2376
0	504
0	361
5	700
6	1370
0	1106
0	75
0	78
0	4
0	45
4	78
0	46
0	67
0	1
0	39
3	39
0	1
0	0
0	0
1	182
0	236
7	127
14	69
4	20
0	1
0	28
0	176
0	56
4	45
381	1537
1	0
6	1537
0	6
303	1091
0	988
5	1052
28	178
14	156
2	6
0	27
0	176
0	0
0	0
0	0
0	0
0	0
4	17
58	17
19	437
0	74
169	437
0	39
0	750
0	70
5	59
0	340
0	36
0	365
0	0
0	540
2	2
0	737
318	702
0	676
0	339
0	292
22	269
4	0
0	17
2	12
4	0
0	0
30	0
36	69
2	0
0	0
6	390
35	390
0	69
1152	494
1	9
0	201
0	167
2	217
2	19
0	19
2	9
0	8
0	0
7	165
48	165
2	59
3168	7
0	4
1	2
1272	1043
3	1043
0	0
0	0
0	0
0	0
608	2649
80	2371
12	2271
0	2244
180	1184
17	133
8	733
0	2648
109	1406
0	811
10	1445
0	500
0	694
5	1771
0	2635
5	2014
276	338
2	35
18	176
59	210
0	1562
0	0
0	0
0	0
171	95
1	16
1	5
0	78
0	198
55	57
1	113
0	24
0	102
0	33
0	0
0	206
0	199
0	1
0	1
0	0
0	0
8	0
60	3539
1	292
26	3247
370	246
3	230
9	16
6	181
33	0
12	80
0	0
0	98
0	88
1	1
1	70
2	0
0	8
0	23
120	216
2	0
0	1
4	2
0	0
0	2
0	0
0	0
12	0
361	285
0	285
0	36
3	112
4	92
0	6
1	43
7	121
8	12
2	10
0	1
1	6
0	12
0	0
0	0
1	7
18	8
0	1
8	1
30	402
3	403
0	0
7	395
111	400
0	84
0	106
7	14
0	34
2	8
0	78
27	33
2	10
0	39
0	0
0	70
85	83
0	74
0	9
0	7
0	0
5	0
3	0
0	0
0	0
0	384
0	386
42	422
10	9
52	4
0	2
0	4
0	2
0	366
29	384
0	0
454	179
0	179
73	2110
3	935
0	1601
28	31
0	125
7	34
4	498
0	97
9	129
2	107
13	8
22	657
0	0
72	1728
1	735
1	759
0	440
0	490
3	889
7	1180
0	985
7	249
0	1250
0	966
3	1170
5	140
2	5
0	752
2	8
0	0
0	0
3	410
1	435
0	419
1	0
3	277
0	305
0	111
0	132
0	110
0	2
0	2
1	2
1887	76
13	61
1	14
3	287
4	273
55	289
1	78
0	7
0	0
0	0
0	0
25	570
3	569
0	570
0	97
0	91
2	91
0	84
315	112
7	20
0	40
10	26
0	64
22	59
11	66
29	87
84	109
4	9
2	22
1	37
4	42
0	0
0	0
0	0
0	0
0	0
0	282
3	259
1	229
1	264
0	0
0	0
0	0
0	0
1	0
0	0
0	0
0	0
0	0
0	0
0	0
0	0
0	4186
5	936
15	796
0	195
2	309
7	37
2	610
3	1032
1	314
0	1046
0	4186
17	22
0	25
3	24
0	23
2	6
0	0
0	0
11	0
4	3
126	331
0	40
1	12
0	37
0	1411
3	1337
46	1313
0	90
0	1591
0	25
0	2
0	30
0	109
4	524
24	678
0	685
111	1159
1	1345
0	60
14	588
0	1595
59	12
1	0
0	12
617	5841
49	5839
203	777
29	310
1	230
0	206
1	34
0	83
0	424
1	470
0	440
0	109
0	842
3	211
0	139
0	22
0	88
1	14
0	88
0	121
1	39
6	1
0	137
0	24
0	738
0	3
318	26
0	23
719	706
43	677
2	32
0	38
0	0
3	1130
2	47
0	246
4	108
33	1041
22	204
0	53
0	1083
0	228
0	393
9	534
6	118
4	114
7	174
0	13
13	1
0	12
1102	0
42	387
25	137
9	3
10	439
1	114
8	2
0	2
4	8
332	392
5	392
372	1911
12	1662
68	81
0	1674
361	12
1	171
1	0
0	0
0	0
5	0
0	0
0	0
0	0
143	0
2	1458
19	1558
0	1589
0	1309
46	1461
0	1525
41	1444
0	39
5	22
218	2006
0	2006
0	136
0	3
0	11
4	0
0	0
1	0
546	65
13	65
5	0
0	26
0	19
2	19
3	1
1	1291
6	1618
47	716
1	1
0	152
0	147
0	147
6	142
0	18
0	15
1	0
0	0
0	1997
20	546
5	529
0	270
0	538
0	287
0	288
6	523
0	523
1	31
45	401
5	441
0	99
15	365
0	328
0	27
0	6
0	46
2	0
0	1
8	0
0	683
0	632
0	115
1	121
0	385
1	6
0	0
4	51
0	133
0	684
0	0
348	0
445	260
0	53
0	208
0	108
0	15
0	23
0	12
9	0
0	0
0	102
401	0
142	23
0	23
6	70
0	195
0	216
2	189
4	164
0	24
0	32
0	155
0	0
0	1
0	3
0	1
79	325
0	0
1	269
10	45
0	47
2	36
0	0
25	3
34	35
5	105
0	154
0	1342
0	0
14	157
0	176
3	44
0	1339
0	0
16	15
0	17
1	17
0	9
4	15
0	4
65	2059
1	2059
0	1931
8	100
1	3609
51	3609
0	3587
0	113
2	18
32	5
0	4
0	0
173	1
10	0
0	1
214	109
0	140
22	28
14	8
260	31
68	458
10	459
0	63
51	19
35	172
109	172
0	1
12	610
2	448
14	577
9	0
0	29
0	23
1	35
0	0
2	1
7	7
91	179
0	179
1	0
0	7
0	19
0	16
7	0
0	6
2	0
1	0
2	52
2	0
16	52
0	6
0	36
0	16
0	10
0	26
0	16
3	19
1	1086
0	1078
48	27
1	484
0	1181
0	743
3	700
35	1875
63	1874
0	1065
9	96
0	96
0	120
0	74
0	63
0	0
75	2
0	0
0	0
0	0
0	0
0	1014
0	108
2	169
0	146
0	180
0	126
0	0
1	20
0	46
0	139
0	158
1	116
0	98
1	112
1	12
0	0
2	0
0	1002
12	4421
0	3969
11	4145
0	4598
16	15
5	121
22	5
2	43
44	918
0	395
14	1059
0	136
56	295
86	990
1	9
1	9
0	9
1	18
560	18
72	226
8	26
6	210
3	21
0	4
32	142
1	82
5	26
0	12
0	15
0	186
0	211
1	56
1	0
0	178
0	7
2	21
2	22
0	0
0	0
0	1191
3537	1174
142	1173
0	61
0	35
99	235
1	235
54	102
3	1
0	56
0	3
0	14
0	52
0	111
2150	2024
27	2013
7	828
0	0
0	0
0	0
0	0
0	5
12	63
3	61
11	93
0	0
0	93
0	0
0	1
3	0
59	14
0	7
1	13
3	12
1	1
0	6
0	3
47	5
0	5
59	2675
1	2533
0	1946
3	22
34	0
0	168
0	38
1	32
148	6193
4455	6885
152	2698
11	13
36	63
3	1069
2	268
8	118
0	1211
2	1111
18	119
0	601
24	54
3	65
21	121
0	764
0	1107
1182	3272
98	3014
228	132
9	5
2	127
0	265
0	0
0	265
2	16
7	30
4	8
0	244
10	7
1	7
0	4
0	2
0	0
0	0
0	0
0	1
3	41
4	41
3	28
0	26
0	23
16	23
0	7
0	9
0	8
0	10
0	10
0	8
0	7
0	9
0	8
0	7
0	11
56	10
9	7
0	14
0	0
0	0
0	0
0	0
89	227
13	37
31	190
0	61
0	14
0	0
0	0
86	162
1	12939
0	15289
0	0
1	0
147	14024
193	1339
0	657
7	541
0	13297
0	14991
5	14494
5	1866
5	597
24	5611
31	3059
207	24
0	14
0	1808
1	1297
0	2262
26	1405
0	949
0	15237
0	14793
0	0
0	591
0	533
51	509
1	610
2	617
6	600
1	52
7	24
0	41
0	60
3	22
0	76
0	62
0	64
123	1
0	0
131	301
7	158
0	64
1	122
20	0
1	0
6	2869
211	4784
0	5354
125	4631
7	2870
0	23
0	0
0	88
0	240
452	678
0	58
1	23
0	678
43	99
0	80
202	783
1	34
5	610
1	170
0	157
17	222
13	170
547	1
0	0
2152	67
2	20
10	45
0	3
0	3
0	0
2	418
3	57
6	359
6	15
5	20
12	410
0	53
0	52
0	0
0	126
1942	2012
58	2005
0	0
1	0
69	4046
1223	4457
0	2587
0	447
17	47
10	1917
1	1826
17	111
13	2275
10	0
21	0
0	3422
0	3
0	3
0	2
0	3
9	400
1	39
0	388
4	391
0	17
0	1
2	5
0	4
0	22
1	9
0	47
0	613
5	199
39	859
19	96
4	609
34	715
0	94
0	0
2	167
27	125
1	131
5	23
0	114
8	128
8	426
12	484
10	165
23	259
3	129
16	30
7	380
4	379
0	416
0	86
0	131
25	5057
292	4810
15	664
111	4886
5	289
14	198
16	351
12	225
12	186
34	60
11	25
8	385
5	508
0	12
254	747
5	7
1	735
2	5
0	0
12	1142
84	1081
11	985
0	206
3	153
585	145
0	144
3	56
0	16
214	810
1	505
4	626
17	602
16	648
1	188
15	71
59	341
13	499
6	489
0	37
0	0
0	0
0	0
390	493
0	140
35	441
9	344
0	17
139	9
1	9
29	237
3	78
2	79
4	149
7	29
2	25
2	22
2	0
6	1
177	0
0	0
0	0
0	0
0	0
0	0
0	0
62	103
35	38
632	1086
11	1046
0	212
87	4098
1	2624
0	121
0	3191
127	3543
0	0
30	141
1	875
63	1043
10	498
0	862
1	824
0	201
0	0
0	0
0	0
0	0
39	269
13	730
108	958
75	985
9	794
47	824
16	282
7	27
1	19
3	21
0	0
0	0
0	0
12	238
617	330
0	1
0	86
0	112
0	14
0	14
0	76
0	5
0	4
0	0
0	0
0	0
0	0
0	0
0	0
0	0
0	0
0	0
0	0
0	0
0	0
0	0
0	0
1	33
1	15
0	4
1	33
4	581
12	643
2	0
0	144
5	109
1	33
0	0
0	0
202	44
0	37
0	22
0	0
13	496
5	468
0	19
2	3
1777	0
0	0
0	0
13	2758
8	3360
74	2451
2	0
1	273
14	3957
361	192
0	180
0	192
0	0
0	61
7348	2
475	3843
15	3826
51	1987
4	1555
10	327
0	1108
2	616
4	268
0	180
9	1
57	1
2	1
0	0
0	0
0	0
193	469
92	469
0	0
0	5
0	5
0	0
0	0
0	0
470	965
2	962
1	552
201	320
2	228
1	228
91	76
0	76
0	5
0	5
0	0
1	92
920	3385
0	2937
0	2498
1	1029
0	69
1	85
5	20
0	318
1	559
1	439
1	2
0	0
0	2
4	705
2	6
0	21
0	1
0	1
0	705
0	5
0	16
0	24
6	26
0	4
3	1
1028	0
34	0
30	477
2	485
13	311
5	86
0	483
1	0
26	248
183	175
0	0
4	2
0	15
46	3
3	14
169	61
0	19
4	10
0	45
514	408
17	92
0	29
1	50
4	273
16	16
0	13
0	0
0	4
3	13
1	181
79	302
9	62
1	293
3	259
75	5
38	301
129	97
0	76
10	88
0	35
0	0
0	0
0	0
0	0
143	1403
2	437
38	753
0	441
51	1010
6	269
22	173
2065	635
9	136
0	113
101	265
2	140
0	844
4	97
498	678
1	28
47	2830
30	2903
163	319
0	2950
14	2951
12	2911
0	1325
6	5002
0	3758
12	223
0	2456
38	3620
14	193
1	241
2	259
0	453
0	73
67	1035
0	147
0	1171
0	41
17	204
12	140
42	894
0	74
57	691
1	15
10	24
278	536
4	177
0	4831
0	2464
620	98
6	41
1	1502
261	1502
7	25
0	19
0	23
0	23
0	5
0	6
1	5
0	6
0	5
0	3
0	9
0	9
0	0
0	0
107	353
25	346
40	12
14	0
0	0
0	0
2	9
0	9
70	0
0	0
0	0
0	0
82	259
3	40
0	20
1	4
0	5
0	209
0	15
0	13
1	0
108	71
0	13
7	2
0	17
3	41
338	3
826	0
168	1487
4	18
1	2
3	569
0	1412
1	1311
17	1293
17	145
0	0
0	24
6	150
37	33
31	7
1	76
11	127
0	229
51	151
0	70
788	257
1	0
0	257
17	141
0	34
7	382
1061	0
0	1
0	65
0	64
0	6
0	11
0	11
0	11
0	0
1	298
5	1284
0	2
608	3718
0	3718
896	184
41	183
98	621
19	386
38	291
5	62
1	17
7	2
0	37
34	22
7	1
2	10
0	0
0	0
0	0
0	0
0	0
0	0
1828	255
0	226
2	28
0	3
0	3
0	3
0	1
0	0
0	0
0	0
0	0
0	0
0	0
1288	1595
0	36
31	1584
61	50
1	357
13	41
177	359
4	93
0	22
0	32
23	315
15	329
0	49
0	1402
0	1411
0	1374
0	1528
0	1537
10	236
0	137
0	28
5	0
0	5
3	0
0	2231
0	2461
12	2461
1	1771
0	1803
3	1250
0	1212
0	18
0	3
6	484
4	48
10	40
11	470
0	3
0	418
0	0
0	471
0	394
0	334
0	315
0	13
0	10
5	112
0	467
5	298
0	3
32	45
1	3
13	372
11	265
0	256
4	25
8	36
3	157
52	34
0	75
6	1482
8	1144
7	1331
24	166
0	61
3	815
0	655
7	0
0	3
8	135
7	324
747	1168
12	108
0	34
9	703
352	644
0	644
0	96
1	91
1	182
0	21
12	790
0	766
0	748
0	613
0	734
6	42
0	736
0	632
0	17
46	0
16	0
35	563
0	1
1	0
14	1
0	2829
1	223
7	336
137	2517
17	56
1	129
0	265
17	5
145	2829
0	0
0	0
0	0
1612	1144
76	257
3	495
118	708
0	571
52	583
91	537
3	325
27	1
0	1464
1	1535
148	1428
21	0
2	20
0	21
0	4
1	40
1	7
0	3
0	1
0	73
0	2
0	1542
53	658
0	19
2	3
0	3
0	235
0	23
0	6
14	0
0	466
10	250
0	29
6	14
1	14
326	120
1	120
2	44
0	0
0	0
0	0
0	0
0	0
436	2707
2	7
0	2700
2	0
0	3
112	375
35	28
0	28
0	87
0	4
2	105
9	126
0	23
0	88
1	23
0	18
8	341
0	8
146	6
4	27
7	18
18	12
2	9
0	2
0	0
1	81
7	1
6	14
1	6
1	44
9	3
0	0
0	0
0	0
0	0
0	4
6	1845
2	1633
2	1790
0	187
0	2
0	33
0	24
0	1046
12	431
2	86
46	1101
37	45
2	969
0	10
1	136
3	73
1	1784
0	1497
729	530
93	503
1	492
95	1
15	1
4	1764
0	1599
0	1594
0	1687
0	4029
10	62
59	216
13	0
4	25
5	0
0	1400
109	4029
4	37
25	915
3	138
0	15
0	912
0	22
0	23
0	11
2	11
0	0
70	3019
208	3019
50	729
0	570
0	1
19	0
16	165
19	3
10	601
198	246
1	61
8	18
0	39
24	769
3	770
43	765
11	245
23	303
4	105
73	579
113	509
22	69
39	44
0	20
0	50
43	288
0	125
11	49
1	20
12	20
0	0
8	0
2	495
337	477
0	323
164	0
1	208
0	1
0	5320
1	6054
0	7089
0	1787
3	3376
29	572
0	2137
2	590
2	0
2	116
0	0
0	7089
36	66
1	65
0	62
1	0
0	0
57	62
0	72
26	10
0	67
19	0
0	0
0	1
0	1
2	55
0	387
0	8
3	210
117	400
0	5
0	49
0	0
0	0
0	0
0	0
0	0
0	0
1	3
0	3
0	0
0	138
0	127
58	106
0	115
0	126
0	0
3294	3485
78	3480
5	939
18	905
5	657
0	70
1	17
0	2
1	0
135	574
292	574
0	0
0	0
145	100
1	101
0	0
0	1
0	0
0	0
0	0
1834	2
1	1852
15	1935
0	1356
41	1299
0	48
0	36
0	12
2	83
354	398
12	377
9	0
22	151
0	0
0	0
0	0
0	0
0	0
373	718
7	309
0	17
27	15
24	46
29	1628
11	1521
0	1580
0	1342
3	43
0	80
6	51
3	1113
4	1
0	118
0	0
69	375
38	120
0	0
1	1094
16	1026
21	1127
0	1094
10	0
13	233
29	187
2	99
2	10
0	20
50	167
119	2500
344	2568
0	26
37	401
4	399
6	400
2	270
0	199
1	71
0	0
0	0
0	0
340	537
98	550
5	305
0	54
3	302
3	175
6	53
1	0
0	4
0	3
0	4
0	0
0	1
0	5
1961	13551
17	175
5	13646
0	1952
1	261
5	2716
0	0
0	0
0	0
0	0
0	29
0	0
0	0
0	893
2450	1556
0	122
1	159
0	1361
4	49
5	126
0	0
0	0
855	441
2	432
1	379
3	333
0	371
0	7
7	8
0	2
432	1323
1	1137
4	3
2390	1069
6	1067
0	463
1	0
0	111
2	109
0	98
0	43
0	45
0	49
2	51
4	49
8	131
1319	822
44	811
0	7
65	708
15	183
103	5
0	0
285	528
53	526
40	305
1	20
40	27
0	204
0	1
0	274
15	0
76	193
7	173
8	125
4	161
2	142
0	0
0	0
0	0
0	0
0	0
0	0
2	0
647	61
9	4
0	15
19	2
8	0
1	12
1	35
0	0
0	32
625	309
0	53
1	181
3	156
0	915
0	890
0	145
0	639
2	153
220	153
9	1
4	186
6	70
1	55
0	29
0	63
0	148
0	104
1	159
3	20
9	145
0	108
61	84
18	1
5	2
0	55
0	0
5	7
1	0
0	2361
0	2365
0	1993
0	2127
5	2533
0	2092
0	2265
0	225
0	216
2	163
15	147
0	2217
0	2266
0	2226
0	1680
0	0
0	3
0	0
0	929
0	935
1	260
9	621
21	225
15	2
0	92
0	0
1	0
1004	616
4	575
3	54
0	71
78	68
9	37
115	131
1	59
17	25
0	0
0	0
0	0
63	72
1	68
0	70
3	14
0	9
87	630
89	362
0	675
3	421
1	12
44	77
0	77
0	204
7	66
4	3
43	36
0	60
0	0
0	0
11	15
0	152
1	199
0	32
0	223
0	254
1	129
0	205
0	121
0	205
0	236
0	154
0	274
0	241
5	30
3	242
0	233
0	3
0	38
0	0
0	113
1298	225
1	7
0	7
0	0
0	0
0	1
747	1
0	4
0	4
0	4
0	2
0	2
0	2
0	2
0	2
0	2
0	2
0	2
0	0
477	0
7	0
791	2
0	2
507	0
10	250
0	691
12	100
6	334
2	68
1	117
6	550
0	0
0	4
1	105
0	108
0	17
0	1
0	3
0	0
0	0
0	0
0	65
2	56
0	60
6	65
0	21
5	6
2	7
1	3
0	5
5	0
0	0
0	0
0	0
1779	3690
1	3690
1	0
94	230
0	204
2	99
0	2
5	2
515	0
0	0
0	0
0	5
57	693
17	98
10	291
0	0
25	636
3	63
2	651
1	3
0	108
0	70
484	685
111	685
7	79
6	0
0	79
6	10
1	9
0	0
0	430
23	950
0	387
4	241
0	176
0	368
1	6
4	458
0	415
2	15
0	55
0	980
731	1
0	430
6	178
0	1
0	860
0	439
0	32
0	16
6	261
0	737
5	281
0	17
0	123
11	680
11	36
49	406
3	23
0	319
0	0
578	24
4	24
143	1699
9	1684
3	1119
7	113
26	255
16	121
4	155
10	45
104	463
0	29
87	71
0	19
5	4
0	493
2	39
0	451
1	123
0	63
579	601
0	429
0	411
1	377
3	179
2	18
0	238
0	71
2	240
0	125
5	5
0	13
4	23
0	0
0	0
0	0
0	0
0	441
1611	1499
0	1312
0	1266
8	182
29	250
1	13
19	225
1	152
9	0
0	20
0	9
1	9
1099	103
6	102
0	0
0	95
0	631
17	659
0	170
2	43
0	112
0	7
423	161
0	37
9	131
0	9
14	9
22	346
106	346
0	0
0	0
339	0
0	0
1549	92
5	11
7	82
0	0
0	3
0	192
12	1290
9	1306
0	235
0	2
65	558
0	1308
0	0
1323	4227
9	48
3	287
5	165
7	1656
0	690
7	1826
0	3071
0	2124
0	1168
1	1031
3	0
0	0
0	0
443	0
0	0
0	0
0	0
0	0
0	0
0	0
0	0
0	0
1325	332
25	332
37	46
1	46
0	0
0	0
0	0
0	972
11	0
0	101
0	25
0	11
0	33
0	24
5	100
0	11
0	24
0	78
0	24
0	3
0	3
0	0
0	0
0	0
0	5
0	9
29	41
7	82
0	83
0	86
0	75
0	77
0	74
0	89
65	1203
1	512
8	963
9	703
22	94
1	1
0	0
0	3
1	18
0	17
0	17
3	17
0	3
116	1163
0	1199
1	3
0	3
0	136
1	51
0	288
0	179
393	193
0	134
0	113
0	0
0	53
5	3
1	54
3	2
0	6
0	50
9	29
0	50
0	0
0	0
0	0
0	0
0	0
2	0
0	0
8	0
1	14
0	14
0	5
156	342
0	33
1	43
794	285
0	44
1320	0
20	37
4	6
5	0
0	10
4	31
5	1
0	5
0	0
0	0
0	0
1511	54
1	54
0	21
0	0
0	0
0	0
0	0
11	842
104	1033
2	648
0	47
20	182
0	112
1281	1592
134	1020
0	30
0	234
14	323
53	53
52	60
0	521
2	8
1	9
0	28
0	1
0	28
0	0
0	0
1131	652
3	170
1	463
1	294
0	361
45	246
43	177
2	240
30	131
4	70
2234	207
16	167
67	0
4	16
0	110
0	7
0	0
0	148
14	48
596	378
0	270
10	2
3859	1815
35	1296
0	1111
0	1218
0	854
0	1071
0	1211
0	1046
1	1024
0	950
0	1144
0	1096
0	1072
0	1073
0	1107
0	1131
0	1070
0	987
0	1042
0	1040
0	1098
0	203
0	410
0	287
0	191
4	12
0	60
0	0
1	129
0	1404
0	958
0	1123
7	981
0	954
0	1511
0	920
0	877
0	1569
20	1737
6	1730
24	883
4	245
0	7
1	12
14	427
8	427
0	4
0	1
0	0
16	422
18	422
0	243
0	0
277	0
126	3
1	3
0	0
0	0
36	0
2	0
0	19
1612	0
108	212
0	212
7	36
0	59
5	1
2	16
0	0
13	16
0	0
0	0
22	80
28	393
0	399
2	88
0	270
7	1
0	0
0	910
184	1050
74	357
23	946
175	1019
20	906
9	973
26	525
5045	5556
3	4445
2	218
0	202
7	885
64	438
10	320
1	48
0	10
0	113
214	123
10	123
729	164
6	164
5448	2637
1	1272
0	2623
0	9
0	0
0	0
0	0
131	255
504	255
133	116
3	24
4	52
0	44
2	82
44	91
1	14
25	34
1058	119
6	56
1084	1
1	620
0	768
0	855
11	961
0	78
1	403
1	0
0	382
1	48
0	269
0	19
3	1
1	830
30	893
37	894
0	810
99	836
2	188
3	764
2	25
4	289
2	4
0	0
0	0
0	0
0	0
2792	571
129	564
0	0
0	0
0	1
0	0
0	0
12	1677
0	1496
0	1498
1	42
2	1554
0	1119
0	1136
11	176
0	280
15	89
1	80
2	31
0	0
0	1123
0	4
176	0
13	1318
42	0
20	369
237	1349
68	421
5	287
520	711
1	709
0	707
1	242
279	0
14	0
1258	313
0	153
0	112
0	52
11	11
0	0
0	0
0	0
328	1
0	1
0	0
0	0
0	0
0	0
0	0
92	0
0	8
6	521
91	397
3	2
0	454
0	9
9	96
1	17
0	0
0	0
0	0
0	0
0	0
0	0
0	0
0	0
0	0
0	0
0	2
0	0
0	2
0	0
0	0
0	0
0	0
1	1
0	3
0	336
3	1385
55	1507
4	397
4	0
3	60
1	0
273	474
24	389
8	114
0	1492
4	0
0	0
0	0
0	0
1185	174
0	174
0	101
0	100
1	93
0	93
0	0
0	5
0	5
3	5
0	47
0	46
8	4
0	3
2	0
0	110
0	107
0	106
1105	540
2	4
9	17
10	40
0	340
0	48
0	0
0	0
0	2
0	0
3	0
0	0
0	0
0	0
0	0
0	0
310	236
1	236
5	192
2	54
1	135
0	44
129	41
1	39
3	0
0	0
0	8
1	19
1	22
645	83
8	14
10	84
2	0
37	567
4	47
27	1574
1	67
279	6346
118	3526
0	2488
0	16
14	120
59	6403
0	6226
0	0
0	71
0	70
0	17
0	24
0	15
0	1
0	0
0	70
0	0
0	0
0	0
0	0
0	0
0	0
0	0
0	0
0	0
480	325
17	445
20	1257
0	1623
24	1683
49	1659
88	327
5	3
27	63
28	268
9	94
5	59
1	85
0	11
20	86
1578	1355
0	189
1	151
1	1165
0	325
0	163
0	0
50	989
0	1399
47	1288
2	1273
15	169
12	51
1	38
0	19
1	204
1	70
40	203
3	6
0	4
0	91
6	59
1	16
1	0
3	0
307	239
0	161
982	0
686	13224
0	13224
160	1204
1	18
5	408
0	395
0	353
124	290
5	321
0	32
0	145
4	284
1	0
3	194
15	4
10	0
3	0
0	0
0	0
0	0
0	0
24	291
0	226
2	263
17	345
0	172
0	93
0	87
0	47
24	87
0	0
0	0
21	120
3	96
0	1
43	119
0	3194
285	3271
8	17
2	2304
2	3
0	273
2	95
181	595
6	31
0	31
12504	13455
1	3076
117	734
45	7771
2	3047
59	755
15	435
0	3252
1	655
25	337
19	347
20	37
6	54
0	54
0	4719
0	5498
0	5257
6	289
31	363
12	393
0	1
5	0
0	1
0	25
16	25
0	0
73	2759
1	2181
0	569
10	366
22	1067
21	2566
136	404
53	308
2226	0
85	418
23	1
0	418
1	5
1347	108
0	19
1	66
8	23
949	0
20	335
11	335
17	1
0	0
183	98
7	97
0	0
118	1359
74	1359
1	83
99	188
0	165
3	103
2	82
5	1
23	1860
51	1247
0	1006
0	449
3	304
0	1890
71	4425
1542	4425
31	0
10	257
10	162
1	184
4	77
12	3
0	9
0	21
10	15
284	308
0	268
0	229
0	302
6	86
10	25
4	149
3	41
8	0
0	7
0	2
2	13
0	0
195	20
0	20
0	0
9	8
9	801
18	467
1	304
0	278
0	470
0	34
2	3
0	801
2	392
0	0
12	8
0	0
0	0
32	764
76	1254
56	1533
39	1091
29	90
1	57
6	683
0	70
0	0
0	0
0	210
9	174
5	74
0	0
0	15
0	0
0	0
0	210
0	0
24	106
11	0
3718	1538
1	1533
136	33
0	0
0	0
0	202
0	145
15	167
0	3
0	81
0	3
109	54
0	202
0	0
0	0
0	1549
0	1294
3	1460
289	726
1	228
0	173
6	3
0	325
0	207
7	62
0	1
2	0
22	2463
0	2909
17	2456
3	857
5	4
0	240
0	439
5	0
116	2910
5	1
74	199
8	9
0	5098
0	4970
0	4812
49	4766
93	4860
2	2
3	1699
0	0
0	139
56	40
165	834
0	563
16	3425
20	3373
2	3545
0	1365
0	1029
0	943
0	967
0	693
0	767
0	681
4	647
69	503
9	200
4	34
3	174
0	24
4	9
2	4
0	178
0	152
0	3254
65	317
1	0
0	0
0	346
0	68
0	343
0	0
0	0
0	0
0	0
0	0
0	0
24	1176
0	862
0	908
116	1117
46	188
23	27
8	265
10	180
0	27
0	0
100	546
0	35
69	311
35	234
47	3
40	59
3	1043
7	794
395	12
9	920
227	1010
0	11
1	967
0	43
41	636
5	469
57	228
3	67
7	1
11	62
8	29
0	69
34	122
15	25
3	65
1	67
0	0
743	560
1	558
4	221
0	306
0	46
0	0
0	0
9	1501
3	1672
21	527
91	202
4	82
1	0
2	70
0	54
1	8
0	11
2	26
0	3
0	22
10	735
3	734
13	819
5	834
8	1016
0	236
2	331
0	116
73	266
2	30
5	0
0	152
0	25
0	0
0	0
0	0
95	5
0	1
0	6
13	0
0	0
0	0
127	628
16	30
0	31
3	23
0	344
2	66
0	361
313	413
0	31
30	393
3	1
0	10
0	27
0	880
20	1136
4	680
22	711
12	1003
0	763
7	1008
11	69
9	145
0	90
2	132
3	27
21	79
0	82
195	63
0	1
7	16
6	58
0	5
80	2957
4	1999
288	2833
1	148
0	6
1	944
8	452
0	127
1	112
15	0
141	1359
3	1198
2	190
10	1151
0	434
498	1
0	95
2	9
1	92
1	1
0	1
1	8
0	0
3	1
0	3
0	0
0	0
0	0
0	0
0	0
0	0
1087	121
33	121
1354	1811
11	532
11	77
41	847
7	826
19	2
13	122
0	153
37	3013
0	323
0	2778
2	726
0	1
1	5
0	30
0	669
2	0
3	156
2	25
0	12
0	21
0	11
0	1638
0	0
0	0
0	0
0	0
550	217
13	3171
252	3574
19	88
1	1
0	0
356	3580
170	226
0	226
1	18
2157	283
0	27
0	72
8	171
11	11
15	11
0	8
0	0
66	10
0	2
6	1
0	1406
37	4827
0	974
6	54
1	59
2	47
13	60
324	2195
9	2058
91	22
7	0
0	0
2	7
1	99
0	0
0	145
79	601
0	601
228	16
0	16
1	3
0	1
0	2
0	98
0	86
6	2097
64	2155
23	112
1	628
3	69
110	763
5	83
9	763
109	1617
60	1558
10	1
0	12
2	1627
0	109
4	24
2	10
0	1649
0	4
0	4
0	4
975	999
0	999
4	4
0	10
0	3
0	7
0	9
9	39
33	171
0	29
19	0
3	127
4	37
0	3
145	0
67	582
0	390
0	0
0	197
3	5
623	188
4	188
1298	359
27	14
3	126
10	0
5	226
13	1359
6	1331
1	245
0	996
15	59
0	206
25	284
0	149
135	459
14	428
4	16
11	8
11	58
0	41
6	0
3	198
5	4
8	186
13	26
5	34
3	198
1144	1
783	143
0	143
821	0
483	524
0	481
0	103
3	42
10	223
12	105
9	128
2	72
11	43
35	52
17	37
2	49
0	1
29	40
178	49
1	188
1631	356
3	69
0	145
0	144
0	0
0	0
0	0
0	0
0	0
0	0
0	0
0	0
0	0
0	0
2	8
0	7
0	2
2	1
0	324
1137	384
0	361
0	3
1	0
459	333
0	95
5	241
0	3
9	169
2	6
257	1211
18	1275
0	1241
1	1231
15	1246
13	1212
4	1223
0	472
0	6
0	34
0	4
0	146
2	18
218	73
0	0
5	59
1474	2042
0	742
1	824
0	915
3	0
5	0
0	0
0	0
96	589
73	497
1	65
4	25
22	9
0	61
10	16
1	8
1	92
0	0
0	0
1	567
0	0
0	0
0	0
8	0
851	36
1	36
1	0
0	0
0	0
0	0
0	0
184	2458
18	2458
123	190
0	159
17	193
2774	841
1	14
5	821
16	373
4	7
4	3
0	3
10	1171
103	1199
0	839
19	3
100	1
0	1
1292	2
1433	8
1	8
41	198
9	172
13	63
129	69
0	3
6	22
10	1130
2	1067
9	633
59	450
0	5
0	972
0	137
0	132
0	55
0	524
5	22
105	122
0	18
19	16
15	109
8	21
10	109
0	11
0	8
0	0
0	0
0	300
2	419
1	319
0	34
0	31
0	11
2	126
23	0
0	406
0	9
0	0
0	0
0	4
6	9
0	169
21	169
0	0
47	0
91	139
16	103
24	2
0	122
1	86
0	66
768	1
113	1372
6	1334
3	764
0	0
8	612
6	586
12	40
18	609
0	86
21	113
3	0
10	159
13	0
8	34
4	9
6	60
0	27
0	168
6	609
31	826
50	805
0	210
10	7
18	10
78	0
0	0
0	0
0	0
0	0
54	474
11	381
9	14
0	14
1	159
0	25
0	29
0	33
0	883
0	905
10	594
0	809
1	4
0	4
0	1
0	1
0	0
214	252
2	35
0	37
0	158
0	0
0	0
158	187
3	4
1	79
28	172
53	184
29	109
0	7
0	0
1	0
5	843
145	1649
1	159
0	919
0	581
168	411
5	388
0	0
617	154
11	123
4	26
11	34
2232	3582
0	1021
0	1255
17	1064
360	1064
0	340
16	23
0	124
0	0
592	0
6	0
0	27
0	23
0	17
0	8
2	3
0	17
0	13
0	17
0	13
0	0
0	25
0	0
0	11
1	19
0	19
3	182
127	823
243	825
0	618
0	19
15	42
0	869
67	763
269	106
29	134
0	621
0	11
0	763
0	0
52	392
27	96
0	95
1	0
554	458
0	1327
11	1223
66	1311
0	252
64	10
0	10
52	205
51	205
0	1
1	27
30	271
1	24
4	75
0	215
0	58
0	30
23	32
2	4
0	65
0	0
1	0
784	18
0	43
109	35
0	0
0	0
0	2
0	3
0	1
0	2
0	3
0	5
0	3
7	2597
0	2525
0	2419
2	2
0	425
27	596
0	3
0	1765
0	728
36	816
1869	1703
0	1631
12	676
0	773
1038	443
31	443
0	0
0	0
0	0
6115	13829
151	12061
2	1163
18	1276
0	1216
7	1766
3	970
0	1
0	0
0	0
0	0
3	111
123	114
0	0
3	3
6	426
9	360
2	151
1	208
3	2
0	408
7	479
0	467
0	500
23	512
0	33
65	195
1	38
1	1
2	55
61	1500
0	2001
364	2028
0	1679
16	145
3	269
0	337
141	52
1	1
0	0
3	43
0	34
46	131
6	74
0	0
0	0
144	1481
135	1481
0	48
23	14
9	3713
0	3253
87	3808
36	3808
0	26
0	169
59	71
12	175
283	567
1	73
0	130
0	567
9	4
34	4155
23	46
2	183
5	104
45	4150
7	0
2	30
432	904
0	65
131	1226
6	1191
91	1174
32	10
0	428
1	743
3	2
6	303
3	240
0	62
16	269
5	112
2	40
2	1
26	0
0	0
0	0
0	0
417	157
3	18
0	6
2	6
3	27
1	2
211	202
0	7
6	172
8	24
0	0
0	0
0	0
0	0
0	0
7	1092
0	921
2	966
130	673
0	626
0	748
0	72
1	51
15	49
1	16
17	176
1	172
0	19
13	1
0	27
0	17
18	25
0	18
0	46
0	6
1	26
7	27
0	27
0	0
0	0
0	0
0	0
0	0
0	0
0	0
892	694
0	693
4	1
144	70
21	18
2	52
3	3
0	3
8	288
0	3
2	46
0	1
42	1
0	0
262	831
0	831
40	6
0	6
0	0
0	26
51	157
2	42
6	95
0	205
21	288
0	78
1821	1
243	0
0	0
0	0
67	1203
0	0
0	1203
10	494
0	341
5	61
1	0
0	115
142	214
40	89
2	77
0	82
0	0
4	0
24	558
41	130
12	185
1	33
29	164
10	85
0	0
74	147
0	61
3	78
73	1
0	59
4	93
2	165
32	112
5	2
18	10
2	9
7	5
3	0
21	20
0	15
87	1419
16	1387
17	1411
3	33
2	117
0	0
0	204
0	184
0	195
0	194
0	194
0	192
0	190
0	192
0	203
0	203
0	202
0	10
0	27
0	0
0	1
0	197
12	122
25	308
23	339
0	11
0	127
0	310
32	308
0	135
1	13
0	13
1	0
0	0
0	0
0	0
1108	0
23	0
0	0
0	0
0	0
0	0
161	483
0	477
2	123
1	2
0	285
0	9
2	192
10	207
1	74
852	3040
1	496
0	2918
14	3064
0	2264
15	2325
0	2139
0	1202
0	165
0	0
0	138
0	197
0	89
0	185
0	171
0	133
0	253
6	198
1	85
0	133
0	2
7	1
0	9
0	109
0	9
0	0
0	2
25	39
0	49
3	0
265	742
4	733
0	69
0	9
0	26
0	10
0	312
35	420
12	3
3	21
1	10
1	399
7	3518
72	3795
0	3932
2	740
0	3616
0	707
1	236
46	667
8	581
32	94
1	121
16	133
0	35
0	710
17	181
0	183
1	293
0	303
0	0
1	78
4	101
0	5
0	34
0	11
0	658
0	0
0	0
0	0
0	0
0	0
0	0
0	0
0	0
0	0
0	0
1	37
1	38
0	42
0	25
0	30
14	372
0	381
1	364
0	402
0	402
79	349
4	297
43	293
0	297
4	3
1	3
7	3
0	3
61	234
2	36
0	329
577	946
0	703
0	0
0	0
33	8736
6	796
0	363
1495	8734
2	1216
9	983
0	0
0	0
0	0
34	245
1	191
2	128
1	0
3	0
0	2
3	2
0	2
0	2
1477	738
0	338
3	260
1	397
0	236
2	0
0	0
30	0
0	0
0	0
1095	361
5	270
5	33
0	325
2	0
13	33
3	35
0	0
1	0
0	0
0	0
22	6919
360	7113
5	1677
0	690
0	127
0	159
1	50
1	137
0	0
0	0
0	0
0	0
0	0
0	0
0	0
0	0
0	0
0	0
0	0
2	3
1	440
5	53
16	76
0	79
0	33
9	0
0	0
0	19
0	9
0	1
0	0
0	0
7	0
0	116
0	10
0	111
18	0
5	3
0	0
16	116
0	116
0	26
1	3
1	2
28	545
119	717
3	435
10	602
8	476
0	470
0	470
0	168
3	304
10	207
2	22
1	0
1	2
0	0
0	0
20	19
1	15
0	4
0	186
6	16
0	0
0	0
85	183
0	12
0	39
75	250
18	222
1	177
6	245
28	49
0	46
0	6
0	4
0	4
47	35
1	35
0	0
14	4
10	130
8	130
54	176
22	175
1	151
2	631
103	655
436	519
1	3
816	3
21	10
0	1
0	1
0	1
0	0
2	7
0	7
61	0
0	0
0	41
0	38
0	42
0	38
0	49
2	1
0	49
0	49
0	1118
21	81
16	1073
14	1
3	87
0	96
21	14
1	10
2	4
33	144
3	60
17	17
4	6
0	1117
512	149
0	146
0	33
1	5
0	33
404	294
1	109
2	5
1	185
0	67
2	1
132	1
0	1
0	0
6	0
0	5
0	15
0	14
35	2013
0	2655
1	2660
1	234
18	4
2	142
0	2660
0	4118
402	1741
41	2647
55	4802
0	437
7	739
5	2698
28	0
301	4400
0	4582
0	4737
21	1379
30	105
0	63
9	105
0	101
126	1082
2	1082
7	0
136	5143
1	4651
158	4702
251	1907
47	70
208	0
9	12
2	253
3	1101
2190	6098
0	23
169	40
0	6
0	0
0	0
0	17
95	17
10	1577
108	3840
0	3895
0	2432
0	1211
0	413
9	60
0	3941
1110	546
0	530
3	115
1	52
270	16
6	16
2	0
0	0
2	0
0	10
3	292
6	292
0	1935
0	1903
0	2017
0	1960
0	1861
0	1969
0	1987
0	1886
0	1977
0	1633
0	2096
0	2034
0	1933
0	2088
0	1925
0	2040
0	2018
0	2044
0	1950
0	1979
0	1972
6	1800
0	2101
0	175
0	155
1	189
0	3
0	0
0	1857
0	2070
1286	524
6	225
2	18
0	6
9	58
9	150
3	104
1	0
2	22
0	174
4	150
8	155
2	155
0	106
2	16
3077	339
0	2
0	101
0	0
1	219
0	174
0	2
277	18
43	388
0	2
1	33
0	363
0	0
0	0
0	0
0	0
89	233
3	178
90	142
53	58
0	27
2	26
0	1
0	19
0	174
0	234
3	0
2	61
0	233
0	1
0	1
1	0
625	142
0	38
0	21
0	54
0	49
10	0
0	0
16	2
0	293
12	5
26	4
73	23
15	174
0	268
18	1048
30	118
0	1087
2	222
2	60
0	62
20	209
2528	2791
0	2742
10	132
55	444
0	281
1188	283
0	45
8	567
3	175
0	617
0	25
0	645
0	560
0	4
2	46
2	519
0	45
3	54
0	61
1	3
0	0
0	0
1	10921
4869	10922
0	8296
2	2092
11	0
0	13419
0	114
11	57
0	67
7	103
4	7
62	63
9	63
0	23
0	875
0	564
2	430
2	407
10	535
0	55
773	1549
18	2921
0	1
0	231
16	154
0	2812
1	177
59	181
1	125
0	102
2	55
2	22
0	3
51	96
2	93
0	10
0	7
0	2
0	2
2	2
4	3
8	40
3	14
2	2362
12	111
5	13
3	99
0	12
0	79
0	2349
11	32
0	992
13	843
10	816
3	779
6	663
15	31
15	31
6	13
1	79
35	787
0	278
8	552
3	66
1	421
25	699
1	679
0	576
0	564
20	7
4	170
17	2
5	4
2	58
28	96
0	37
8	0
0	1
15	0
2	2
1051	483
1	387
10	85
23	37
5	764
0	6766
0	6759
1	6765
40	0
9	3931
1	4951
7	3003
1	4143
5	5003
0	11
0	4
0	11
240	496
17	199
9	308
12	63
227	550
4	513
54	42
29	1
140	1081
141	1081
0	79
0	0
0	0
153	404
0	5
2	399
1	31
0	23
3	1
1	3
0	5
49	350
13	70
0	1
2	289
0	0
210	137
0	24
0	136
3	3
3	110
66	3502
2356	2707
36	3475
135	2483
0	2726
0	732
0	0
3039	165
1	164
52	124
0	90
0	78
2	59
1	43
11	0
0	0
0	0
0	0
0	0
410	1867
20	1865
2	2
2	0
4	0
14	0
625	5250
1511	5250
14	2414
24	257
219	257
0	0
0	0
0	0
0	0
920	285
1	70
0	0
0	0
0	0
0	0
10	530
25	530
0	0
0	0
7	15
0	19
0	219
0	82
83	141
0	530
14	30
0	30
0	18
0	18
1	16
0	0
1	0
0	24
0	24
77	687
0	204
1	45
1	117
3	49
30	687
242	759
24	632
8	18
326	221
0	97
0	10272
0	11841
567	10630
7	5675
29	251
102	6271
27	347
11	755
30	559
1	16
9	2
7	2
0	2
0	152
16	182
1	115
5	18
1	6
0	5
0	93
0	138
0	9
4	64
11	182
1551	267
0	170
1	237
0	93
5	3
0	3
10	0
21	429
596	438
122	383
2	110
0	254
0	0
0	0
0	0
0	0
0	0
9	455
2	419
6	51
1	1
0	0
0	0
80	544
0	544
0	1
0	34
899	1
15	3130
0	140
45	3218
18	1787
29	3228
12	1603
9	0
0	4
0	0
91	2748
127	2808
0	509
22	954
424	957
3	766
0	599
0	1052
0	287
2	153
3	6
172	180
0	180
275	2521
33	2516
303	2227
24	0
0	360
0	17
0	169
0	75
24	1340
0	195
0	0
0	0
0	0
0	0
21	6
0	6
1	0
0	0
0	0
0	0
0	0
0	0
1	378
0	309
27	172
0	9
5	20
13	44
398	2114
2	48
0	2114
1	0
8	0
3	28
2	44
1107	1281
675	735
52	1228
15	610
2	20
2	0
0	0
1	309
334	55
1	55
47	4442
487	4442
7	8
1	30
1	21
1	392
1	86
3	1
414	49
0	48
0	0
0	0
0	0
0	0
3	8
0	8
1	1
108	60
0	44
0	9
1	6
0	13
2	9
0	8
0	10
0	1
0	0
0	0
3	157
59	813
1418	818
1	799
37	11
100	1820
20	42
31	194
47	1851
294	855
0	821
2	279
2	347
3	22
455	862
2	103
10	128
6	758
25	0
88	1015
4	118
0	1071
0	836
204	591
284	2874
84	2872
10	1771
254	193
14	39
0	170
1	92
8	111
2	67
16	90
0	89
6	47
9	7
0	0
0	0
0	0
0	0
0	0
0	0
81	333
0	194
0	126
0	51
10	25
1	31
2	54
0	0
0	0
0	0
0	0
8	25
0	29
3	25
0	33
0	19
0	29
0	33
0	33
0	33
0	19
0	33
0	33
0	25
0	17
0	33
0	25
5	61
0	27
0	0
0	20
0	20
0	40
0	40
0	33
0	33
0	33
0	31
0	33
0	33
1	33
0	31
0	33
0	10
0	0
5	118
32	205
0	205
64	200
10	181
243	183
89	90
2	39
7	66
0	39
48	1240
10	1402
0	334
103	425
5	0
7	1580
0	1902
0	1142
0	1307
1	1387
0	1321
7	1759
3	1804
0	1867
0	1547
0	1060
0	638
14	4
15	377
0	83
0	6
2	56
149	5055
0	449
19	1761
8	45
0	4042
0	64
3	1790
0	0
14	134
3	203
4	423
1	25
1	405
3	405
1	1
9	0
0	0
0	9
4	9
2	0
250	28
8	26
3	2
1764	204
0	134
0	5
2	2
40	0
3	67
8	2232
44	2175
15	2293
12	2469
0	0
1	30
0	12
0	18
3	20
159	0
49	262
18	0
4	129
8	79
6	121
17	0
1	6
2	11
3	13
0	0
0	2
3	2
2824	159
5	27
3	74
0	2
16	53
0	0
0	36
0	32
0	16
0	2
3	9
0	12
75	2875
51	1925
0	1790
194	2949
102	952
92	1458
1	0
883	2951
1	1705
2	874
2	435
11	222
0	158
0	2944
0	1
0	0
0	1
6	0
1109	323
0	168
85	323
0	736
38	1885
8	560
17	1350
5	274
4	136
3	277
14	23
15	81
1	462
7	38
11	447
7	157
8	6181
226	6183
1	6250
0	3294
33	2963
12	3058
0	50
12	1315
0	446
3	367
22	359
0	218
7	274
1	85
0	34
3	0
7	0
46	7
0	4667
0	163
0	973
0	102
0	125
0	21
3	0
0	973
0	156
36	1563
9	1074
142	842
2	57
211	308
324	0
51	409
4	77
0	309
1	301
0	300
0	9
0	266
0	39
1	165
6	31
0	2
0	1
0	0
0	1
0	1
0	1
0	0
0	0
35	226
8	226
0	171
0	209
0	18
847	384
97	318
0	367
0	5
0	0
0	0
0	1035
417	1095
3	113
1	529
5	0
3	7
0	12
0	217
0	0
3243	546
48	501
3972	57
1	3
0	1
0	53
313	56
0	0
12	0
0	56
1	19
0	0
329	1318
49	1582
4	685
0	450
0	983
2	0
1	267
0	251
9	1
2485	2283
0	1522
6	1240
0	477
143	163
0	70
0	18
0	89
640	4633
5	2054
3	2723
339	30
1	30
548	251
3	212
0	4
0	35
0	0
0	0
35	94
0	91
0	4
0	6
1	3
0	78
0	5861
205	5999
0	5546
0	3762
0	385
40	1137
0	10
0	98
4	341
0	280
7	332
7	0
3	13
0	12
248	302
3	20
43	15
1	171
0	16
5	24
20	62
122	0
1	0
625	295
0	240
0	15
8	116
0	90
1	5
1	17
2	0
0	16
218	237
87	237
2	1
0	25
0	0
2	0
0	25
34	178
1	499
0	426
291	521
3	3
0	7
6	12
0	77
96	1001
14	685
0	555
39	0
13	140
41	1
95	251
1	251
1	0
3	0
1562	691
2	690
7	687
0	0
0	0
0	44
0	44
0	44
0	13
6	36
291	6068
56	0
146	5915
60	245
0	836
82	40
0	2603
26	1663
8	390
10	74
0	1455
2	233
2	1
0	347
89	1620
49	2238
23	2338
522	2456
1	2167
3	326
5	84
1	450
1	20
2	28
0	1055
0	43
0	1
0	1
0	1
0	0
0	0
1	0
3	0
307	0
0	0
0	962
0	21
7	243
12	126
6	56
7	15
1	19
0	118
20	36
8	11
16	2
0	961
108	10
5	2
0	3
0	16
2	12
0	0
0	1059
31	1058
0	94
0	128
0	47
10	1029
377	0
1	315
0	309
0	6
0	0
324	197
0	55
7	142
252	910
1	678
0	0
2	30
28	448
14	159
2	0
0	2
4236	103
52	41
227	9
3	9
142	0
0	0
2	7
3	7
356	6
0	4
1815	2
9	0
7	0
118	319
32	118
14	178
0	3
0	10
1	48
32	454
1	454
0	318
4	0
1	8
0	3
0	0
0	0
4	0
0	3
0	0
860	0
0	0
0	0
0	0
0	0
0	0
0	0
0	0
0	0
0	0
240	2286
24	1803
8	508
6	1276
4	145
0	0
1	0
18766	689
17	487
23	3
0	158
2	68
342	68
0	63
0	4
0	4
0	4
0	4
47	0
33	211
9	222
6	222
45	106
1137	95
0	81
2	12
1	879
47	895
0	17
0	22
279	281
18	279
9	734
30	627
4	31
0	734
13	11
0	40
0	86
4	136
0	141
6	1
1	8
2	4
0	9
0	138
0	0
16	433
69	498
8	163
0	2
3	10
0	18
9	18
0	0
0	4
1	0
0	0
2998	730
8	633
33	823
45	504
2	0
0	738
2	4
0	4
0	2
0	0
0	0
0	0
0	0
0	241
3	86
8	23
0	183
1	1
597	0
2	5
0	5
94	115
3	115
3	79
1	76
0	51
0	8
2	0
0	0
0	0
0	0
24	855
14	848
3	64
0	30
5	9
520	9053
1028	10009
0	3413
0	4818
7	1652
1	894
9	17
0	52
0	0
2	52
1	0
1	1
0	52
16	34
9	34
0	0
0	34
1	25
0	761
0	936
0	226
0	4
4	1079
0	7
0	145
42	1022
0	40
0	16
0	4
6	556
0	69
752	1896
0	1877
0	90
0	279
3	145
8	70
5	474
8	74
0	359
6	228
0	236
6	1
0	94
4	0
39	355
5	328
128	293
6	28
0	45
16	3804
0	3447
20	582
3	373
3	296
29	3
0	95
0	159
0	0
0	0
37	0
177	1545
28	1351
0	1455
11	894
56	816
0	932
23	57
0	12
1	0
0	122
2	21
1	12
2	121
1	4
0	67
0	7
1	145
0	18
0	798
0	0
0	9110
4	3849
0	8087
0	1778
0	848
0	267
2	2
0	420
0	8115
0	8131
160	9556
0	9570
363	0
0	0
0	0
55	180
6	180
6	20
0	2
0	20
0	12
32	11
50	1389
36	1233
4	1389
1	670
0	1204
97	585
9	75
1	351
0	187
0	189
11933	3023
0	2
7	164
8	272
8	272
1	1
65	436
0	436
2	49
0	38
2	49
0	6
3	0
0	312
15	265
8	312
0	1
0	181
3	16
1	16
0	16
2	0
186	73
0	2
4	324
0	441
0	434
0	338
0	211
198	237
0	459
0	402
2	232
227	305
0	0
0	1
400	944
2	301
4	192
0	106
15	451
0	44
4	43
56	43
842	19
1	19
1	168
0	19
0	168
0	0
0	0
0	0
14	3
0	3
27	8
0	8
784	358
5	101
3	295
20	179
4	150
0	10
2	10
0	0
0	0
1061	1832
1	438
2	1575
0	1851
0	1730
0	1793
0	1651
52	1486
0	1463
0	1382
0	1363
0	1375
0	1372
0	1413
0	1430
0	1359
0	1324
0	1279
0	1329
4	30
2	0
1	17
13	17
0	1676
0	1664
0	1750
0	1746
71	623
67	614
0	59
2	0
0	0
0	82
4	57
0	32
0	78
0	0
3	203
14	0
7	277
0	0
1	131
5	50
35	183
0	271
0	77
0	321
5	376
0	4
2471	318
50	317
1	0
407	161
2	118
0	9
1	43
89	2961
51	2907
5	383
32	478
6	256
0	1215
0	406
3	44
0	67
8	69
1	2609
14	28
0	1789
0	98
70	436
1	282
1	253
16	228
0	366
0	154
35	230
0	0
0	422
6	360
0	422
9	366
13	1
0	1
17	0
0	0
0	0
7	0
0	0
79	627
6	452
0	635
38	25
40	26
0	0
0	0
1	79
0	0
0	0
0	0
0	79
0	0
67	325
0	251
0	40
0	10
2	26
14	127
16	101
0	27
0	0
0	1075
0	1177
0	1205
2	1043
83	346
0	963
4	1103
0	615
1	982
2	685
1	638
10	860
0	8
23	18
0	1
0	7
2	8
11	148
0	9
2	54
0	0
0	0
186	67
0	37
10	9
0	24
0	1
6696	71
1	65
81	109
1	77
0	29
0	109
0	0
0	0
0	0
0	0
337	232
8	230
33	13
0	230
1053	1394
0	1000
0	998
0	1019
0	1074
0	1062
4	964
0	1012
0	1016
3	985
0	1024
0	994
0	18
1	72
0	66
0	201
0	141
2	551
0	1182
16	161
0	83
1	166
45	163
0	893
40	123
0	1
0	2
0	2
0	2
170	939
25	55
0	826
3	16
4	0
7	320
0	5
0	829
0	0
0	0
167	744
5	326
12	744
3	0
0	11
4	22
0	47
0	0
14	307
0	28
0	279
12	77
0	8
0	77
1	0
0	0
500	644
16	637
1	41
0	0
0	0
0	0
4016	3161
1	139
300	0
201	0
0	0
0	0
0	0
0	894
704	859
1	10
0	62
2	7
8	869
883	271
0	271
10	6
13	663
6	81
2	0
0	35
0	1003
0	0
0	2
0	319
0	985
12	1435
4	68
3	1886
2	35
19	35
0	118
0	1885
7	192
0	8170
42	10118
17	1977
39	6456
5	2869
5	2961
1	4342
120	1367
0	0
0	0
0	0
0	0
0	0
0	1
0	1
0	1
0	1
5	2002
17	438
8	129
1	721
0	803
0	2037
0	0
0	0
0	0
2078	1
0	194
3	34
0	773
2	0
113	789
8	0
0	0
12	1173
0	1060
1	0
0	1010
0	20
1	1104
0	14
4	14
0	20
0	842
0	13
2	476
7	877
3	70
0	58
0	0
0	0
0	14
0	17
4	1026
0	14
0	0
0	0
0	641
8	1
1	71
0	998
637	0
0	14
0	26
0	44
0	1
0	0
0	0
0	0
0	42
0	0
0	0
0	0
638	890
26	0
34	890
5	2
0	0
0	2
813	104
0	103
0	0
22	34
3	176
0	197
3	24
0	147
239	1262
0	188
3	284
0	1
0	372
0	4
9	183
0	497
0	2
0	83
3	5
0	6
0	6
0	5
0	0
0	741
13	1665
1194	2575
4	757
34	654
0	1385
4	705
1015	1623
121	2041
331	2488
40	2605
12	2599
7	146
0	169
23	443
30	530
0	376
0	543
9	0
1	95
14	122
781	29
2	29
7	29
8	0
22	138
19	910
39	772
17	343
1	300
5	256
4	281
9	77
7	84
3	0
1	1
0	5
9	12
0	12
0	1
0	0
0	0
0	0
0	4
0	3
15	3
0	73
187	394
7	390
11	54
28	12
3	23
16	120
274	42
0	42
3	50
1	140
16	8429
13	2501
7	2157
7	249
0	8524
11	1327
128	7238
98	8495
12	8491
2	8074
26	162
14	28
0	1
0	546
2	609
2	0
5	234
102	622
2	619
7	189
0	0
815	3
1	2
0	729
0	3097
26	2998
0	13
3	200
0	156
0	606
86	94
6	126
0	30
1	30
0	0
0	20
0	140
26	134
0	143
0	76
16	35
0	16
6	16
1	67
1	79
0	61
2	6
0	0
15	37
0	0
1	7
0	0
0	100
30	102
94	126
49	41
0	5
0	4
1	34
0	7
0	1
0	6
0	9
0	4
0	0
1	4
0	7
0	0
0	0
0	0
0	0
0	0
0	0
0	0
0	5
0	1
0	5
0	1
1	5
4	5
0	0
0	0
0	0
0	0
0	1
4628	3205
4	1915
2	775
1	123
0	132
4	1576
0	0
0	0
0	0
0	0
214	92
0	92
9	12
0	30
15	22
20	104
2	116
0	0
1	0
26	1488
15	1532
2	0
0	1497
30	223
0	37
4	36
0	10
0	0
0	3
1928	427
0	146
1	276
0	95
0	0
0	0
38	415
3	180
0	31
0	41
0	2
0	192
0	2
0	84
1	0
0	63
3	39
561	113
0	77
38	36
1	0
53	95
0	91
0	52
0	13
1	14
617	107
0	41
0	21
0	46
601	14
1	13
5	1193
3	616
0	1385
0	678
0	745
0	659
1	724
0	724
1	540
8	174
0	51
4	328
0	47
8	28
726	3090
2948	9118
47	9646
0	2783
73	142
0	131
0	4
0	8
23	7
0	11
0	2
807	0
48	112
0	109
2	2
19	163
454	698
0	12
32	82
1	71
0	24
0	82
0	545
61	532
2	259
0	0
0	25
0	10
3	206
0	359
601	1113
0	805
163	950
0	177
45	440
3	440
8	0
4	423
64	245
1	357
0	40
12	25
1	24
0	62
2	28
0	1
121	1254
1	1254
0	127
0	23
0	97
0	0
3	72
6	0
1	260
18	39
0	178
6	220
1	313
0	469
0	255
1	325
31	308
0	216
378	1552
0	263
78	1362
97	33
0	19
0	440
1	101
1	582
205	582
0	0
1817	587
7	587
0	0
0	0
0	0
0	0
0	362
84	362
154	90
7	20
0	14
0	20
2	25
0	21
612	1289
1	683
2	227
4	170
1	93
0	29
3	93
3	76
9	122
0	124
0	114
0	174
0	115
3	6
1	12
0	131
0	162
0	128
0	0
769	3714
24	3489
4	20
3	449
35	212
2	0
0	126
2	10
0	0
10	8
108	669
2	22
2	37
34	99
10	379
0	164
35	571
0	12
0	0
38	167
0	248
3	185
0	0
0	0
0	0
0	0
0	0
0	0
0	0
0	0
822	286
3	1
0	2
0	26
0	0
0	45
26	74
0	9
0	0
0	47
0	61
0	3
0	0
3	0
1	6
3	303
7360	307
0	0
0	0
44	2
1	2
0	0
7	9
0	9
85	9
0	9
1	0
3789	2
53	0
0	0
0	0
50	250
28	176
42	148
23	381
17	308
0	76
4	0
0	0
0	0
0	57
0	41
1	15
1	29
2	46
0	19
0	22
508	112
1	152
61	1466
102	1539
94	102
0	0
23	56
1	58
0	58
3	0
78	953
17	952
5	134
257	77
14	128
70	0
382	1463
2	1463
18	4
1	25
0	17
0	570
0	3
0	42
43	88
0	1
2	47
11	18
1	43
2	17
3	19
194	77
0	35
3	25
0	15
2	333
876	653
21	85
4	303
0	18
0	151
25	366
30	290
16	63
0	0
0	0
0	0
0	0
0	4
0	4
566	5
0	5
30	19
0	19
99	0
0	0
0	0
0	0
0	20
0	20
2	3
0	15
0	0
358	228
2	192
0	193
0	64
29	67
5	2
91	132
0	73
0	60
2	636
1	233
4	0
0	636
234	164
5	68
0	123
0	38
0	0
0	0
58	1433
2	59
2	57
9	94
6	115
76	283
17	731
0	11
2	359
13	30
2	59
23	9
0	173
1	12
1685	309
1	40
27	0
0	255
926	0
0	52
0	47
0	8
0	5
0	5
0	19
0	8
0	16
0	1
0	4
0	4
1	12
1	16
0	12
0	1
0	11
1	15
0	2
0	7
0	1
199	142
6	141
7	5
0	0
0	0
0	5394
70	6430
30	6565
4	6401
0	6752
3	383
88	362
2	301
0	10
1	132
8	71
39	111
2	356
1456	377
1225	1024
13	230
0	6582
0	91
10	641
1	592
2	6199
11	607
0	611
30	5754
4	7984
19	7001
23	7959
0	7002
69	4805
1	4750
87	3308
112	1171
0	0
0	22
3	0
0	0
0	0
0	0
117	126
5	112
3	168
8	1
0	1
0	0
0	0
0	0
0	0
0	0
0	0
0	0
0	0
1	127
1	127
0	0
92	29
1	14
4	15
0	2
542	232
0	73
0	203
0	7
0	0
3	105
6	582
10	615
11	512
0	637
22	458
13	582
30	26
0	0
0	0
0	0
0	0
247	1756
226	1795
0	147
68	277
71	58
7	7
60	1733
0	0
0	0
0	8
0	7
0	4
0	0
554	59
5	51
0	0
4	1
0	0
0	0
0	0
21	106
2	99
10	99
1	94
51	107
0	93
0	0
0	96
107	184
0	170
0	138
0	120
0	23
1	7
0	0
0	0
0	0
0	0
0	0
0	1101
2	491
0	4071
0	0
312	5974
1	300
4	912
2	5744
0	0
0	0
0	1571
71	1838
0	1423
8	95
43	74
5	218
339	751
0	751
0	4
519	91
0	147
370	524
3	2
0	1
61	67
4	1
0	9
0	57
4301	1168
4	376
2	210
6	334
0	243
42	11
220	11
0	2
0	1
0	0
1	2
1	875
3	4000
1	466
0	1395
113	4290
6	311
7	917
0	479
3	156
6	427
8	90
4	5
2	88
6	3
0	57
6	77
0	0
12	16
9	46
110	1012
0	1041
5	1061
12	1089
3	319
4	10
0	279
1519	621
96	742
8	6
0	0
0	5
0	6
6	14422
1	11104
52	26
4	119
3	333
273	5550
594	12341
0	769
0	995
0	196
6	192
39	12194
0	10944
0	167
0	850
21	1295
51	60
164	2095
1	224
8	1248
6	51
0	991
0	11128
0	7317
40	26
2	0
2	1029
0	147
0	1082
0	4
44	134
2	1029
0	727
1	1
2	38
0	66
6	94
2	8
0	1076
0	1200
0	498
0	106
0	1200
8	0
0	1945
0	1775
5	1897
12	2106
0	1978
50	1355
22	1252
0	1058
6	70
133	525
162	468
0	18
47	451
63	600
0	80
0	51
44	510
0	74
1	210
0	25
0	515
10	28
15	180
0	515
19	569
0	451
82	483
17	99
157	126
0	0
0	63
41	46
0	3
150	762
74	315
0	69
16	36
2	205
0	156
34	165
1	114
5	89
0	80
0	431
24	431
4	0
1	0
0	0
2	0
1	0
3	169
339	513
5	442
7	72
2	366
0	17
4	31
11	99
0	2
0	0
0	0
0	0
0	0
0	0
0	1
0	0
0	0
0	1
173	2977
134	1928
11	12
33	226
22	474
0	145
0	1
1	133
5	1
2	34
0	3
0	1
0	3
10	155
1	127
5	116
0	17
0	114
0	3
0	28
0	5
0	5
0	5
26	0
44	145
0	145
734	400
5	1
5	12
3	0
0	211
0	170
1	279
8	0
0	22
0	0
0	0
0	0
0	0
0	0
0	0
27	65
1	41
1	48
206	1222
40	394
0	1222
5	417
0	283
5	0
15	3
2	0
7	163
1	129
2	87
0	109
0	102
0	61
0	46
0	85
0	23
0	4
5	26
0	1
0	0
0	0
17	77
2991	1630
5	39
37	20
0	2
21	1251
6	1337
23	105
1	34
0	30
0	21
0	30
41	40
0	19
0	39
0	18
0	20
0	33
1	29
0	23
0	9
0	19
5	16
0	8
0	2
0	2
0	1
0	5
0	1
0	1
0	1
0	6
0	0
0	5
1	270
0	195
3	51
0	74
0	88
0	53
0	15
42	141
0	95
1	28
1	2
10	0
0	0
317	955
0	902
1	937
5	915
1	84
8	417
10	4
1618	2399
4	1100
5	370
6	1105
8	2315
0	0
0	0
0	0
8	11
0	11
0	0
7	0
29	0
0	0
0	0
10	4095
0	4181
3	3809
0	3452
91	3224
105	2482
69	2424
7	306
0	617
3	66
5	81
1	18
2	3559
1063	1495
13	1020
1	88
3	8
185	1495
29	151
22	178
2	161
0	51
0	20
52	35
0	3
1	0
0	0
0	0
0	110
428	1129
0	147
10	580
0	354
0	756
4	261
3	168
1	0
4	2
1	1
0	1
75	467
84	101
21	105
10	249
0	74
3	33
0	372
3	70
19	892
12	898
17	64
0	35
14	875
0	575
1	645
1	627
6	593
8	56
8	0
472	1403
2	1313
1	101
0	145
0	0
1	128
338	128
7	128
833	231
0	106
15	226
0	336
0	344
0	342
0	359
0	78
0	106
1	19
4	13
0	351
83	310
104	270
0	26
1	14
2	3
0	0
7	3
0	3
0	2
0	4
0	5
2	269
12	12
0	244
33	227
4	247
0	16
0	1
15	0
593	46
1	0
0	46
1302	3746
0	1808
8	1653
0	1577
11	1135
12	930
2	7
2	28
0	55
2	96
8	0
264	475
8	213
1	251
4	266
0	127
168	219
6	128
1	2
0	1010
10	1198
0	1293
1	17
8	706
0	714
0	29
0	71
0	27
0	103
0	62
0	11
0	9
3	67
0	1337
0	1192
170	0
1738	68
14	48
0	0
0	0
0	0
0	0
1865	1051
14	871
0	295
30	30
50	319
4	170
0	135
0	53
527	171
5	45
18	24
2	24
340	1530
2	1337
0	111
3	71
3	41
17	234
343	1715
14	1036
0	677
0	213
3	212
8	40
0	14
308	1
9	633
130	746
9	263
20	86
21	178
0	91
17	212
3	170
3	129
11	547
13	175
0	118
8	34
0	0
17	393
0	438
6	48
0	49
1	120
2	13
2	152
0	437
30	271
9	275
0	6
0	90
0	10
2	0
3	2
0	3
0	0
0	3
0	0
0	0
2457	2359
4	859
1	298
0	1559
2	59
6	496
1431	158
3	159
10	49
32	29
0	18
1	17
0	18
0	2
0	1
46	3634
3	210
50	4
174	95
0	8
1	95
1344	470
2	251
1	365
3	699
3	555
9	630
6	974
0	1170
2288	9
12	337
3	328
16	324
15	0
10	0
1975	859
0	7
1	283
8	300
10	773
0	64
1	3
8	368
3	356
0	31
0	73
16	26
0	15
4	28
1	12
0	1
21	452
0	486
11	309
2	24
1	0
1	1075
0	746
50	3814
1	45
5	3455
0	3297
3	6
0	287
19	719
62	698
6	618
2	131
20	30
0	197
1	106
21	49
832	2546
1	84
0	2462
303	37
1	20
1	17
0	0
0	0
0	0
0	0
0	0
0	0
0	0
0	0
0	0
0	0
0	0
0	0
0	0
0	180
0	219
0	126
2	32
186	67
2132	11
0	2
12	8
0	0
70	0
0	2
0	2
0	0
0	0
528	0
2	0
0	0
13784	2493
0	703
0	1172
0	110
3	109
1	583
0	0
0	0
0	0
0	37
2	249
19	156
2	51
128	78
5	216
1	215
4	91
37	596
0	676
0	586
0	140
0	46
0	0
0	0
0	0
0	0
0	0
3	100
113	374
55	383
4	380
2	369
0	170
0	240
19	196
6	314
0	7
0	5
369	76
1	10
1	61
4103	4078
4	4078
609	288
5	75
1	74
0	52
3	279
19	4
0	66
0	66
0	0
1	0
1	111
0	7
1	5
1	5
7	115
584	1015
0	1
0	1013
1	0
0	0
2	18
15	1479
1	2339
185	4468
85	2429
8	4459
4	1493
2	25
0	27
0	1941
309	1079
0	1079
0	0
0	0
0	0
5	76
0	69
0	8
1	47
1	11
183	2
1	3
0	1426
0	5
21	1426
6	1718
0	1157
2	1235
18	1343
1	1493
1	71
20	53
14	152
0	250
4	150
0	194
9	58
0	37
0	19
0	5
0	5
9	1712
0	1743
0	1717
0	112
534	2355
37	2255
15	659
0	117
1	717
4	37
0	3
0	71
4	34
0	0
1	0
404	0
4	68
0	1021
6	21
5	1279
0	943
2	518
0	939
0	26
1	1217
6	0
877	1110
0	30
0	188
0	378
4	316
10	15
16	103
2	65
0	762
3	1
0	849
0	833
79	1519
0	172
0	721
0	450
0	297
0	636
0	1405
151	0
181	258
1	238
8	28
0	26
0	127
0	403
0	389
4	388
0	44
0	410
0	420
0	1146
149	1287
0	194
13	1133
0	1054
6	1156
0	63
0	1018
0	0
0	0
0	0
0	0
0	0
0	0
25	12
547	21
8	19
854	232
0	3
2	17
1	229
0	169
1179	414
1	169
25	251
0	55
0	0
7	10
138	0
12	456
0	90
0	0
10	9
0	5
10	0
0	4
0	19
2	16
0	0
0	14
0	431
0	458
3	438
184	475
2	0
0	11
0	25
0	5
0	0
5	49
1	47
2	194
0	6
0	6
0	4
0	3
62	66
1	44
0	32
3	1
0	1
0	0
0	52
2	29
0	47
33	25
0	0
0	0
0	74
1	38
0	66
1	54
5	4
1290	43
0	43
0	2
0	2
0	1
11	0
465	217
5	119
2	149
122	121
59	374
14	71
0	5
13	40
0	364
54	161
0	5
5	156
4	91
1	3
12	13
0	123
2	25
0	114
0	101
0	42
0	31
4	7
0	9
96	7
0	7
4	136
0	76
0	75
24	20
45	138
0	235
0	118
101	250
50	144
0	10
0	1
0	11
23	75
0	27
5	4
151	133
0	180
31	192
4	14
94	419
0	3
1	0
0	180
1	417
2	0
3	139
1	132
0	119
0	97
1	12
0	0
1	58
0	16
19	51
7	50
0	17
0	0
0	112
1	0
7	26
1	28
0	21
4	2
2	0
0	0
1400	84
0	78
8	0
2	288
5	298
6	294
0	40
0	114
943	2058
0	55
0	8
84	1880
0	778
2	0
9	203
2	114
1	1
0	18
0	9
2	41
0	145
23	368
0	1
0	3
82	79
84	576
0	39
1	170
0	7
4	20637
1	5802
8	2
216	5302
2	6877
1	3311
0	122
31	92
7	486
98	730
0	6865
1	32
0	25
4	0
78	6596
7	153
0	6855
28	6250
0	19645
2	3431
0	5
1	3
10	138
0	72
0	438
17	20639
23	20639
1	16592
1	1671
0	460
17	3262
5	3814
0	1121
4	2294
25	537
11	107
34	691
4	1800
3	0
1	81
18	1801
15	102
9	75
134	75
20	16
16	23
0	23
0	0
0	1
3	0
309	837
0	477
0	831
0	89
1904	1582
0	39
1	690
1	890
189	531
0	559
0	1
0	6
0	548
0	0
0	0
3	11
0	0
0	0
1	11
0	0
0	4
0	3
0	3
0	3
493	65
6	65
0	0
0	0
253	85
10	27
0	55
0	10
5	9
7	14
0	0
220	536
60	535
0	88
2	178
7	0
0	0
0	0
0	0
0	6
0	2
0	1
0	0
0	0
0	0
0	0
0	66
0	9
0	0
28	1584
1	1452
0	931
0	97
0	2
0	25
0	26
1	26
0	11
0	3
1	55
546	5232
11	11
1	4051
13	665
0	1742
0	241
2	69
109	23
0	24
0	11
0	0
15	0
17	0
25	720
12	713
1	10
25	2
0	38
1969	53
0	1
0	0
13	52
1965	3
0	0
0	0
0	0
41	416
7	416
0	46
8	57
0	0
0	0
0	0
0	0
0	0
0	0
0	0
173	1680
45	1679
3	578
43	383
3	120
2	29
0	0
23	77
1	77
3	31
9	0
4	17
3	17
2446	3605
3	595
86	3857
101	3856
526	202
4009	664
14	662
4	154
0	62
0	0
0	0
1	18
547	1010
3	74
6	13
3	90
75	2
36	158
281	784
0	0
0	42
4	133
0	367
11	3
0	11
0	373
194	175
0	175
3	162
295	549
2	260
5	105
0	193
0	315
17	1198
0	780
7	1157
108	1193
0	1163
124	795
17	229
114	3014
34	2630
2	868
9	0
0	0
0	0
0	0
2	0
0	0
236	1
490	48
0	48
1	0
4	6
0	4
0	4
0	4
0	235
8	234
0	0
2	1
0	0
0	2
4	8
1	1
0	88
0	26799
102	3500
10	0
19	1156
0	27502
0	26206
0	25494
0	24135
0	1
0	60
64	1680
9	0
12	12
2	916
39	95
31	470
0	25724
172	6
1	0
0	57
4	76
420	826
0	35
0	41
2	3
5	526
92	203
797	164
0	164
13	0
0	0
1065	673
1	670
0	0
716	3846
32	3852
0	375
1	19
7	6
6	4
37	1494
72	1452
0	858
15	52
16	45
8	107
4	204
0	176
77	208
154	71
0	54
0	0
1	17
0	0
3	13
0	0
0	238
13	43
0	5
1	63
0	253
22	110
294	213
3	246
15	93
0	187
0	0
20	3327
0	1401
32	3327
4	0
2	88
0	3
16	2
2	3
0	0
0	1
7	346
42	1125
0	100
3	743
4	0
1	7
6	112
0	75
0	72
350	245
0	204
2	9
2	212
1	162
3	191
8	40
21	9
0	1244
0	985
0	144
3	97
0	1038
0	500
0	786
0	379
0	0
0	0
0	0
0	0
0	0
1	0
0	0
0	0
0	0
0	0
0	0
0	0
0	0
0	0
21	979
13	49
0	36
19	937
4	21
249	1139
39	1129
0	1092
0	968
0	1191
0	1259
228	1294
0	0
3	8
2	0
0	32
0	14
223	322
0	277
0	329
0	336
1	233
1	597
33	636
3	314
0	258
0	205
1	21
44	28
54	368
0	2514
0	2493
5	119
0	2525
0	451
1	437
0	2523
0	2502
0	43
0	931
1	843
3	867
0	824
3	732
2	4
3	4
5	0
0	295
0	783
0	810
0	842
2	445
118	849
1	9
6	381
57	166
5	39
0	0
287	39
3	0
100	1
1209	525
0	496
3	16
3	13
0	0
8	78
1	75
0	73
0	1
0	0
0	1
0	1
0	2
0	1
0	0
13	24
2	24
541	48
6	48
1	0
0	61
0	10
0	61
10	537
0	3
0	426
5	474
0	0
0	516
1	2643
16	4902
5	4079
7	42
42	2142
5	50
17	560
0	112
20	272
0	266
23	39
0	21
0	180
0	5735
459	5106
9	4911
28	2751
1331	1412
11	1411
0	1312
1	166
0	0
0	0
3	189
6	187
0	77
0	90
0	0
2	49
0	3
2	84
0	220
532	641
0	740
14	706
0	539
0	491
3	477
0	106
4	245
29	220
0	240
1	199
1	2
5	3
2	46
0	6
39	9
0	9
3	233
0	170
462	247
1	247
1	144
0	2
942	590
0	47
25	504
2	0
3	0
9	245
1	0
0	0
0	0
0	0
1	958
24	1056
10	1581
88	580
11	1302
9	1046
4	1324
1	136
0	518
4	480
11	228
13	2668
0	1914
12	602
39	1639
0	66
0	4
1	2162
9	45
4	1595
34	2027
8	364
0	6
1	254
1	0
2	120
3	2167
2	45
0	83
10	69
5	10
0	0
0	0
221	8613
125	543
11	595
20	603
0	619
0	66
0	29
0	978
0	0
21	2039
86	2037
5	1319
0	10039
0	9351
1	325
0	339
8	9
2	1
22	537
9	30
100	229
9	92
26	290
16	204
0	339
2860	625
2	624
0	4
0	8
0	4
1	519
11	206
15	216
1	34
11	30
2	5181
0	5083
54	1324
8	1
0	5181
0	5083
1	0
1	42
0	42
0	0
1746	4828
31	4725
2	4891
0	4892
0	2059
5	347
25	497
5	408
0	301
0	269
72	149
0	81
0	4876
3347	1
0	0
0	0
0	0
0	0
0	0
0	0
0	0
120	1123
14	470
0	602
23	431
0	0
0	0
679	4
746	0
380	0
0	2
0	0
0	0
0	2
58	571
1	441
1	213
0	27
0	110
4	7439
2	35
0	31
0	33
1	17
0	0
0	1
378	103
4	42
1	0
42	60
3	42
0	42
0	0
0	0
0	0
0	0
0	1530
0	1423
0	1426
8	1038
2	173
2	20
0	1453
0	1423
20	341
43	431
1	307
0	341
39	263
1	142
0	90
0	136
1013	893
27	88
0	111
1	673
1	129
384	2175
3	97
1	63
0	50
14	4
0	1967
106	992
5	783
1	326
36	41
130	121
3	8
246	597
15	597
23	1981
1	1520
304	1505
8	540
75	175
5	146
4	46
3	70
2	0
1	0
0	0
12	0
0	0
233	8610
172	40
0	6
248	2042
0	32
0	0
1	32
6	7
2	17
4	12
5	1
0	0
0	0
3	154
0	217
7	217
0	2
0	237
0	95
65	107
18	156
14	99
2	95
0	4
0	4
0	0
4	3
0	292
1	258
7	11
8	284
2	226
21	25
14	120
0	1
0	1
0	0
0	0
0	131
32	135
5	534
56	740
4	486
1	1
42	0
2	37
41	489
2	89
1	0
0	0
1	2
0	0
0	2
1	91
4	78
6	844
86	764
3	166
1	818
0	19
49	272
0	49
0	532
1	14
2	98
0	33
514	317
1	116
16	116
1	91
7	104
74	1039
1	1074
0	587
0	8
0	56
6	350
1	605
16	1227
2	1048
0	1063
4	0
25	366
0	0
0	0
946	100
0	39
3	53
0	8
25	1820
25	1830
0	0
0	11
0	744
1	0
0	1820
45	947
0	106
2	100
1	623
0	362
0	103
1	34
5	190
0	21
0	87
1330	952
0	317
1	55
1	629
1	493
3	0
1	144
0	176
11	6
6	1562
0	2066
0	0
0	0
0	0
0	0
79	256
59	342
5	91
1	91
63	103
0	0
1	0
18	0
36	139
0	194
0	115
129	36
94	36
2	13
1805	1
116	8608
191	660
77	978
0	720
23	720
8	38
15	2834
0	243
1	2652
39	241
0	31
92	2619
22	2610
24	154
2	6
105	27
13	856
6	68
0	1011
7	213
0	657
1	177
0	40
228	1048
1	69
2	127
0	169
2	65
0	15
0	990
0	0
0	684
0	1415
0	1333
18	0
1757	191
17	190
6981	2
38	2041
100	2041
0	39
1	292
0	63
0	0
4	294
39	304
6	272
28	24
13	133
6	124
0	17
90	29
11	559
1	543
7	582
6	529
3	554
32	474
0	83
2	35
0	141
1	58
5	6
2	21
2	45
0	0
10	23
0	1
0	0
0	0
0	1
3	1
0	1
0	0
487	29
0	0
0	0
0	0
0	0
0	0
0	0
0	0
0	0
0	0
0	0
0	0
0	0
0	30
1862	36
49	78
14	20
795	59
13	20
0	268
242	268
346	191
0	34
9	81
12	90
0	11
0	1
2	9
0	1
0	11
0	0
0	0
2	0
1	0
0	0
0	0
0	0
547	87
34	0
0	0
0	0
0	0
0	0
3	44
15	44
0	61
0	62
0	62
0	0
0	0
54	61
0	77
2	57
0	1
69	27
0	20
0	9
0	87
3850	1
8	0
1	1178
0	43
0	1147
6	34
0	1047
0	906
0	7
1	2
0	900
0	969
5	33
374	0
1	0
0	26
320	266
2	21
0	87
0	134
0	10
0	126
9	55
0	623
56	194
0	17
0	95
4	59
126	623
186	0
31	1860
256	1926
4	125
5	103
0	56
0	0
9	1060
0	1230
0	1448
34	1045
1	187
48	623
5	981
2	5
0	0
3	114
8	63
322	10538
7	208
90	848
32	2560
0	647
107	647
1	46
1	130
2	52
0	50
0	646
13	282
9	282
0	0
449	0
96	954
80	120
0	4
6	247
7	251
3	12
18	864
2	7
2	5
8	40
0	49
20	168
0	218
1	253
1	95
3	845
3	804
30	222
51	49
92	792
53	815
0	0
0	0
0	131
2	123
6	130
12	111
0	0
5	436
9	75
4	326
0	4
0	57
7	332
0	588
56	588
0	0
0	0
0	0
13	75
0	82
29	462
821	462
13	27
67	0
9	39
27	189
48	189
477	304
20	304
3	882
3	916
35	163
1	43
0	584
0	636
0	3
0	13
0	30
0	22
9	32
0	38
3	52
1	0
86	0
0	0
3	8
2	8
0	0
151	3546
104	3546
2	156
9	180
0	42
12	240
4	256
0	155
0	137
51	409
9	408
0	391
0	37
3	10
0	8
0	10
0	129
636	692
0	20
1	333
129	664
1	0
7	51
13	13
3	33
7	2
9	46
2481	0
87	526
0	3200
2	2958
6	2562
148	2516
37	5
6	405
0	20
3	291
0	301
0	309
2	262
5	111
0	2389
1	1
0	1
214	23
0	23
69	484
2	0
2	1
1	484
5	16
16	0
0	82
0	0
0	0
1447	7
87	8
24	5
2	0
0	0
0	0
374	1
5	16
0	351
0	479
3	23
0	6
2	29
0	72
12	251
0	3
0	12
1	0
0	6
5	62
0	0
2	55
0	57
1	193
0	1
5	190
0	0
0	164
0	194
0	119
0	11
1	10
2	207
247	288
0	337
1957	2
20	31
39	118
117	132
4	29
15	48
0	42
1	5
2	11
50	12
46	71
23	71
4	2
0	4
0	3
25	16
0	16
0	5
376	8615
49	2043
13	2166
4	126
1	1618
2	4
29	233
51	2939
8	2890
4	119
5	96
0	141
0	907
1	907
0	0
1	2
0	91
2	59
4	2756
0	146
0	140
0	0
14	2724
3	0
7	0
0	26
1	305
0	165
0	0
0	0
98	1085
1	979
18	596
0	897
29	2141
94	2024
0	1376
77	158
0	106
0	0
87	9
34	641
21	1372
584	1474
1056	1507
13	1433
11	1464
45	370
5	311
21	73
0	45
816	2
1	156
593	156
1	90
0	22
773	750
0	649
0	0
0	1
14	240
0	194
1	17
4	45
0	77
779	0
1	0
3	804
1466	2109
3	314
14	197
8	1343
7	1929
823	2038
27	179
0	179
5194	1496
0	228
2	952
1	316
0	0
0	0
0	0
0	0
1	0
0	0
0	0
0	0
0	0
0	0
3	3
47	3
0	0
152	424
38	152
0	407
15	301
0	312
29	244
0	34
1	58
0	18
2	12
0	0
0	129
25	2763
0	36
5	1873
5	26
33	2301
10	1040
26	500
0	492
67	500
11	4
6	640
3	0
23	1
0	0
82	1
0	1
2	502
4	42
76	3520
765	3326
440	3454
2	189
2	2975
10	411
21	1
4	1
150	0
2	0
0	0
0	0
0	0
2	623
0	19
28	502
9	500
0	472
0	301
2	585
2	450
11	389
3	418
0	45
0	404
1	260
0	0
134	419
15	636
181	0
1532	6549
25	0
2	1083
19	3620
15	4627
101	0
61	0
115	1718
1	1525
0	1437
0	946
4	807
10	1
85	104
1	23
1	117
98	0
4	266
45	4799
375	2666
18	311
1	4424
2	2120
0	1522
0	0
0	0
0	0
0	1
0	1
2	0
0	0
0	0
0	0
456	3
0	1
113	5
0	5
6	336
5	730
0	529
0	826
0	243
0	476
26	398
8	300
127	179
2	0
3083	1334
0	1333
18	72
0	59
0	61
0	6
1285	3873
1	1655
0	1617
13	3313
12	945
36	915
13	277
0	260
67	114
4	40
1614	726
0	1208
59	1153
1	202
0	1139
26	141
0	49
0	8
0	9
0	0
0	0
0	0
0	0
0	0
0	0
0	0
28	5
54	2996
226	1671
125	1688
5	1744
31	1687
26	3234
0	1441
0	878
12	1257
0	1095
5	395
5	641
3	110
0	120
74	874
2	1316
0	1808
88	0
0	0
0	0
0	0
0	0
0	0
0	0
0	0
15	1031
600	2443
2	687
32	152
0	335
0	2
1	239
2	102
1	4
0	4
61	2042
49	0
1	0
65	36
0	35
0	9
0	1
0	0
10	255
428	794
4	793
17	198
7	1970
7	2088
8	2079
0	2171
0	1560
0	683
2	578
0	779
0	780
0	848
0	773
0	842
3	839
8	0
2	89
3	77
2	1
2	0
0	0
0	843
0	773
0	1219
247	1457
31	95
0	218
0	214
1	27
48	2
0	0
0	2
4	248
12	248
45	33
381	789
3	793
34	48
7	4
11	8720
1	114
124	4
29	224
1	224
0	82
0	5
0	1
0	79
3	83
0	2125
0	1526
0	168
1	1
0	1
0	0
0	0
75	0
0	0
0	0
3137	145
0	58
8	139
15	10
1	0
384	2465
0	2495
0	190
1	98
13	1063
4	67
0	43
2	116
145	24
0	24
133	55
2	51
3	4
0	0
0	4
0	42
0	15
0	29
4	44
12	42
0	62
1	31
0	41
2	38
0	63
0	1107
32	1107
3	26
2	30
0	21
241	62
0	13
0	67
2	42
0	91
328	0
390	0
230	143
0	139
0	417
32	312
0	217
65	220
0	414
104	4872
132	4585
44	4449
16	4612
11	203
4	79
15	218
115	147
1	116
2	132
2	110
0	12
1	0
28	8891
0	283
5	246
0	246
15	246
0	0
0	0
4	41
1	0
2	41
1	38
156	47
0	29
0	17
50	10073
0	1862
4	865
1	993
5	1025
3	679
5	220
0	4
0	0
0	11
0	0
0	2
0	10105
0	10103
0	1
272	326
1	1
0	204
0	122
2135	1196
0	125
5	86
16	804
7	359
0	292
1	167
54	125
0	87
0	28
3	9
0	44
475	213
3	4
0	213
324	1
1	0
1	0
2832	480
0	98
2	161
0	176
2	27
0	30
0	0
1	0
0	1
1	157
3	53
52	483
88	336
1	434
12	9
261	390
0	272
26	160
18	72
0	72
13	0
5	4297
0	278
10	4360
0	4010
9	4081
19	209
10	81
12	1711
3	91
30	201
30	390
36	72
1	1
252	2098
0	1720
0	20
11	276
0	8
33	387
8	2
396	60
0	60
1	0
177	201
0	0
125	0
12	135
0	125
7	66
1	142
1	26
0	84
0	0
0	16
0	0
0	125
2	336
3	642
0	738
7	18
3	38
0	26
0	24
4	22
8	21
1	784
0	336
145	8616
12	182
0	56
162	66
0	7
0	16
1	10
0	16
1	1
2	10
0	8
0	14
0	3150
0	3348
0	3070
14	2571
3	2816
0	1880
14	2037
3	633
0	55
1088	3653
0	3511
0	43
19	8
4	6
0	0
0	358
0	241
34	164
3	116
0	0
0	0
201	0
1416	310
0	309
32	34
820	761
28	760
0	465
0	437
0	0
19	83
4	15137
315	5847
0	7685
41	15193
725	13016
0	1
12	19
0	12
0	6
0	4
0	0
1	0
9	2
0	58
0	58
0	81
0	79
0	79
0	31
0	27
0	42
0	31
0	7
0	5
1	5
0	2
0	0
0	1
0	0
158	2
4	2
278	662
36	645
0	17
0	0
0	0
0	0
0	0
0	0
0	0
0	0
0	0
0	0
0	0
15	1795
0	1002
0	878
5	1132
137	692
5	72
6	336
1	491
1	11
0	258
0	244
18	5
0	5
3	785
0	380
0	629
0	784
0	784
0	550
4	594
0	817
9	619
3	553
0	550
8	685
0	339
8	393
23	14
0	0
451	0
12	1134
3	780
2	863
0	1033
1384	73
14	73
2	0
1	30
11	57
1	92
0	0
2	89
0	66
0	26
6	18
0	4
0	6
4	20
0	2
0	10
2	10
0	4
0	10
0	0
0	0
0	0
247	0
4089	0
184	8611
38	130
0	124
0	130
0	0
0	0
0	0
0	61
8	53
0	4
0	60
0	60
0	60
0	30
0	54
0	0
0	8
4	197
0	17
44	212
0	1
0	11
0	0
0	5
0	8
6	0
818	0
0	0
0	0
836	6
106	6
0	0
0	0
69	3186
5	3060
33	2715
1	293
25	143
0	92
0	382
1	52
0	109
0	20
2	20
3	20
21	20
2	20
0	1
0	1
0	14
391	668
1	595
0	0
0	73
0	13
0	0
15	55
0	0
47	133
259	0
3	0
0	0
0	0
7	131
549	0
154	1014
8	436
40	502
0	683
0	2
0	1
56	69
0	17
329	1180
0	0
50	8963
3	355
327	252
0	91
0	31
2	16
334	3382
146	3101
2	1473
246	0
0	0
0	0
91	1674
1	496
0	226
0	1469
0	713
0	0
34	0
236	8870
0	99
1	0
22	979
0	875
0	398
0	438
5	357
8	29
3	82
1	6
6	0
139	484
0	0
0	143
5	345
2	84
51	84
8	84
0	0
1	13
3	13
0	3
2	283
19	328
46	292
0	23
0	20
128	8753
3	160
2	0
0	0
4	1
0	1
9	0
29	1983
4	1888
84	236
13	169
24	547
2	184
41	500
11	31
0	6
68	1999
233	2
423	280
0	232
24	279
1	72
12	0
9	199
0	179
20	199
0	8
3538	1
289	259
2	184
7	146
0	5
0	8
5	166
4	174
1	12
0	1
1	177
0	1
0	1
0	1
0	3
0	3
0	1
1	174
11	82
2	4
0	159
0	77
0	148
0	133
0	6
0	0
0	14
872	0
0	0
0	0
0	0
0	0
359	1251
5	1190
82	936
0	377
2	819
16	131
123	64
13	107
8	91
4	8384
64	28973
8398	25911
10	14060
4	21214
0	0
0	0
0	0
0	0
14	851
466	1484
42	416
2	37
3	42
0	23
16	47
6	6
0	143
59	261
1	214
0	188
0	97
0	1
0	0
0	1
1316	116
89	115
0	3
0	0
0	240
50	429
3	282
4	26
0	354
0	0
0	0
0	0
0	0
94	2037
0	0
1	0
1	86
7	205
1	0
3	152
0	1
5	131
12	453
8	160
0	4
10	90
17	2
0	176
0	51
0	400
0	2
0	2
0	4
97	5
2	2777
0	109
8	523
0	59
3	2256
20	812
19	2496
1	23
5	53
45	904
19	30
0	1940
17	1891
2	1648
9	1221
26	1051
1	1365
0	118
10	616
31	10
9	27
0	64
24	170
17	0
864	4244
1	7
0	4249
0	4243
0	66
6	4251
3091	147
0	10
0	132
0	4
0	4
138	99
2	45
111	58
282	1
0	1
0	1
1	121
11	8730
102	1936
1	1924
0	40
4	379
0	11
5	59
3	97
0	0
0	0
0	0
0	0
0	0
112	0
241	8612
6	181
1	24
12	1780
546	2279
2	163
0	9
0	175
5	8
23	400
0	0
0	0
1	123
1	123
1	0
0	105
0	247
11	196
6	62
0	54
0	47
0	1
45	131
0	102
0	102
1	29
2	0
0	0
0	0
0	24
49	152
4	47
2	122
1	10
0	32
3	14
1	38
1	202
70	196
0	12
1	13
5	98
7	77
15	53
98	990
22	1003
32	364
44	77
2	21
18	278
0	15
31	26
5	30
2	4
7	75
1	1
0	0
0	223
0	85
1	1838
0	1269
47	1849
0	9
0	150
14	272
8	151
11	0
1	94
3	113
25	202
0	186
2	45
0	194
26	3421
73	1472
0	0
1	3398
1	3307
359	1560
321	21
0	3
0	18
0	0
3	718
1	922
0	982
4	910
0	919
0	567
3	243
42	501
4	360
0	59
0	179
0	166
1	27
0	21
0	44
0	3
0	0
0	11
0	29
0	10
0	499
25	3364
13	1823
0	3044
55	2362
2	105
15	373
287	486
0	122
6	355
1	111
0	196
6	33
1	375
1	96
0	62
9	19
140	0
5	626
21	64
4	327
0	641
0	599
0	2
0	65
3	4
0	0
0	0
0	0
0	0
0	0
0	1
0	1
1	1098
301	1113
23	807
27	674
1	38
15	20
545	1906
32	1336
4	868
6	353
13	1214
6	452
0	215
0	400
238	13
58	355
249	355
3	2124
0	1524
0	1426
7	6
0	6
0	7
1	3
0	5
0	1
0	0
46	269
19	289
0	73
1	129
0	82
0	40
242	8608
0	0
91	2040
0	0
4	0
15	599
1	8
0	492
4	461
0	588
0	486
3	35
0	473
0	0
0	0
588	503
24	412
20	373
0	334
0	257
5	241
1	146
0	1
0	1
7	4140
2910	4217
0	1774
44	3645
7	20
2	521
0	36
6	36
673	398
7	398
17	2
13	8695
3	248
1	358
2	326
0	314
3	58
0	19
11	15
0	0
0	0
0	0
0	0
0	0
85	8604
0	170
47	226
30	39
49	42
72	2038
2011	2450
9	637
0	0
0	0
50	913
0	93
7	843
0	141
3	108
3	42
0	70
0	3
4	41
0	37
8	0
25	1475
18	1362
2	1093
44	70
1	244
2	3
4	1
0	1
24	390
5	293
1	258
1	350
2	80
0	142
3	21
0	0
77	461
0	223
40	139
13	605
29	368
1	88
1	68
0	132
6	30
0	0
0	0
0	811
0	14
26	773
0	804
29	0
44	141
0	97
34	322
0	673
35	677
22	661
5	514
40	46
0	357
0	351
18	14
31	0
0	138
0	5
0	17
2	6
1	32
2	2
109	978
169	979
309	76
0	6
2	17
0	53
1192	538
7	227
2	439
66	1786
45	1789
0	10
23	336
28	9
0	48
14	87
0	37
5	197
4	198
12	140
26	61
19	22
21	8711
0	101
220	1
915	201
0	201
281	1
486	0
8	8
1	8
15	8719
1	111
6	1
711	228
0	165
9	147
10	121
31	5
0	416
36	416
0	416
162	0
26	148
10	0
0	136
41	113
0	22
0	4
13	84
0	13
1	33
29	62
0	50
3	10
16	18
0	0
0	0
93	15
3	15
0	5
0	0
113	9043
4	8606
3	433
403	0
2791	105
22	22
12	11
0	71
1532	0
2	26
24	595
12	141
1	464
19	579
0	0
0	0
0	0
0	3
0	3
0	0
1	0
4	72
0	98
1	84
0	98
1	2
7	4
0	2
0	2
1	3
0	3
22	610
135	2655
0	3181
0	884
20	3194
0	94
0	110
4	1195
0	1227
3	212
0	86
11	278
0	65
0	622
0	0
0	1022
0	9
0	562
0	680
0	0
0	7
0	25
7	27
1	627
0	73
11	96
0	5
802	373
46	133
1	9
1	0
0	0
0	58
0	61
0	12
0	3
395	0
0	0
0	0
1122	3680
22	112
7	206
0	101
6	113
0	9
25	19
0	44
6	67
11	3280
1	0
0	0
0	0
1	0
2	28
172	1592
0	1470
7	235
11	1468
15	947
0	0
0	4
0	4
0	4
0	0
0	0
0	0
6	1
31	4476
10	737
135	4422
2	188
6	741
0	740
1	906
9	460
9	0
0	334
0	70
0	1292
595	28
1	25
2	310
0	113
2	6
3	242
3	434
1	1
0	0
1	3
2	3
1019	0
69	419
2	270
3	31
16	245
5	1
0	0
0	0
24	0
2	58
343	718
0	681
29	28
1	195
2	462
1	237
1	418
64	41
35	433
1	4459
5	27
0	40
0	26
190	1077
0	4783
0	773
33	9
0	9
19	1204
12	1686
0	1735
28	671
7	129
13	309
35	459
22	161
4	56
0	144
5	59
0	14
5	97
106	263
0	257
0	206
0	43
0	19
2590	967
624	966
55	0
0	5587
0	5338
3	876
0	129
3	72
29	4983
27	1475
0	5154
0	4983
89	671
1	52
30	491
0	2
5	415
0	5338
0	5416
60	4
21	4
0	153
4	1115
5	419
18	151
0	91
0	152
46	364
0	200
0	1115
595	131
2	1
4	52
27	8
14	7
6	4
1747	596
0	260
2	338
3	194
0	7540
15935	7821
41	336
52	341
9	59
6	0
0	0
0	7
5	7
45	1791
60	1876
15	122
12	423
0	72
0	343
6	176
1	66
20	438
4	41
10	289
0	0
0	0
0	0
346	47
2	44
5	30
3677	886
57	884
0	67
0	0
0	0
6	0
0	0
0	0
0	0
2	842
16	475
3	737
0	8
0	71
2	6
10	1
0	842
0	0
416	75
0	74
1	0
0	0
0	1
0	1
5	297
129	4700
95	3901
7	4258
1	3737
0	311
65	0
41	20
0	16
0	20
0	0
308	414
2	21
1	17
272	259
2	383
0	12
0	843
24	87
2	17
0	325
7	0
0	211
44	0
0	25
0	843
66	590
1	3
76	590
0	22
0	1638
0	1655
0	510
0	787
0	741
2	692
1	694
0	24
9	37
1	37
0	14
12	51
1	22
0	19
0	22
0	9
0	3
7	10
0	0
0	5
0	2
0	0
0	1640
325	204
0	187
0	32
2	18
0	16
210	22
0	10
2	11
1	0
0	5
0	17
16	657
69	657
1	0
3	31
7	0
1	2
27	2
129	251
80	251
0	0
0	0
0	0
688	2
0	2
80	100
5	115
661	0
3	0
6	795
113	557
8	193
33	7
0	455
14	697
2	451
0	167
0	143
3330	0
2	2
1	1350
21	1043
119	1361
2	71
1	16
0	10
0	6
19	256
1	8
2	1
0	1
0	20
0	4
0	3
0	254
30	122
1	122
2030	420
5	3
1	0
0	0
1108	387
12	385
452	4325
0	4312
3	145
2	100
3	44
8	8
20	1277
0	8
1	10
0	6
0	1
363	95
0	95
9	1
16	30
0	21
29	4
0	10
6	86
344	1529
14	149
13	298
4	1087
33	4
0	2671
34	1334
30	0
18	358
0	398
1	499
1	29
15	1
3	1906
10	7
6	306
0	0
10	30
16	29
487	234
10	251
1	25
342	0
41	629
57	629
8	456
104	866
24	869
124	208
1	789
0	550
143	701
3	35
10	113
3	4
50	1
21	36
55	0
1266	163
0	41
4	120
12	2601
0	3566
0	143
23	71
7	6
0	3539
156	3153
1	3008
11	1598
0	974
0	974
1	960
0	884
12	50
0	50
0	3056
5	1026
0	786
0	374
24	31
0	123
2	595
9	2
55	5
0	22
0	70
5	7
0	5
0	726
0	778
269	662
2	649
0	150
5	3833
34	4959
0	886
0	744
0	346
0	4820
65	2874
0	2958
18	3008
1	2575
0	1975
0	1066
5	420
17	666
0	4
1	0
1	9
473	2012
13	1286
0	226
0	0
41	1116
1	128
27	0
2	0
38	0
0	0
2404	624
1	110
26	398
1	351
27	140
1	140
15	141
4	720
0	276
0	20
5	1
0	720
0	0
0	0
3	430
1	355
3	389
5	20
6	12
0	429
0	344
8	0
5	710
13	713
108	5
12	713
0	554
0	11
473	1462
21	124
25	1408
0	267
2	46
0	353
1	28
12	271
31	17
3	93
0	80
0	56
0	80
0	0
0	80
4	1584
0	0
0	0
9	394
31	296
0	93
3	20
5	0
0	485
14	172
1	421
2	1502
0	1439
2	1485
29	1458
18	1617
649	528
0	528
0	3
0	9
0	1
3	4
0	391
0	7
0	0
0	0
0	0
0	0
0	387
0	0
0	1
0	1
0	4
0	1
0	3
0	2
0	418
0	381
2	345
10	244
5	332
3	352
9	355
9	223
4	14
0	14
1	4
0	2
0	0
0	1
2	11
0	13
0	29
0	38
1	1
0	32
0	35
18	32
5	0
2	0
47	809
1	805
7	817
20	364
2	5
1	0
0	447
24	290
0	531
4	8
4	40
0	150
14	140
3	848
2	843
464	669
0	669
0	0
0	5
140	133
9	22
0	111
0	0
0	1
0	1
1	0
0	0
0	0
0	0
0	0
0	0
3273	13
106	11
17	0
1253	29
0	24
0	2
34	458
97	568
139	419
5	114
119	862
31	862
394	173
24	173
3	67
1774	67
0	198
0	197
34	638
4	67
0	611
20	0
19	38
1	1008
0	6
1	193
5	168
92	1003
1	247
0	62
36	118
19	76
7	65
243	1794
36	113
4	1713
85	51
0	43
3	39
5	2
172	588
16	449
0	1
0	344
4	26
0	344
0	0
393	2
4	55
259	55
523	0
0	763
1	773
9	647
1	8
117	248
0	59
0	0
1	18
0	780
3	815
22	816
42	829
7	161
2	1
1	0
6	12
607	0
0	15
3	2
16	11
0	0
0	0
0	0
0	0
42	235
0	6
11	0
1	235
0	0
0	0
0	0
65	1746
8	1
68	1
0	1746
525	281
0	28
0	253
0	150
1	0
1	0
33	883
0	257
0	0
0	884
6	84
2	688
818	856
0	61
3	24
4	57
0	115
0	73
118	31
21	31
0	452
9	13
194	469
1	450
17	140
0	585
15	122
2	20
19	252
0	475
0	585
2	18
3	0
0	0
0	0
0	0
3	3
0	0
0	1
0	3
0	2
0	3
0	1902
0	0
0	0
0	598
2	558
0	593
1	43
2	561
9	504
0	6
8	13
11	54
1	69
0	0
0	0
0	0
30	258
5	258
12	38
11	37
8	23
0	903
0	1082
0	579
0	20
5	48
5	0
0	1038
339	1083
23	113
0	84
0	52
608	0
2	0
2	791
0	1279
71	467
54	1632
20	1582
5	579
2	30
0	259
1	246
7	127
10	5
0	125
12	127
0	129
13	31
1	127
0	0
0	0
0	0
0	663
74	715
2	15
0	36
0	2
4643	1
445	532
0	101
0	29
0	431
95	429
4	194
0	134
4	61
22	101
1	14
0	6
54	4835
0	1857
0	0
0	0
0	0
0	0
0	0
0	0
0	0
0	0
0	0
22	705
653	1661
20	56
0	211
31	1017
0	3
0	0
22	147
5534	4559
19	3758
43	806
82	1327
33	1410
0	1334
1	56
3	15
16	209
1	866
0	134
37	208
0	200
0	128
18	37
2	37
6	0
0	903
0	94
0	606
1	315
1	37
0	52
0	110
2	1
0	7
0	0
0	909
0	717
0	933
1857	2021
13	1756
85	1182
16	1680
11	795
0	33
21	156
0	48
6	37
4	6
0	49
5	46
0	3
4	33
1	2561
160	2561
30	7391
44	8825
26	9310
4	9336
0	9926
0	9485
2	1556
30	7013
19	6587
6	135
1	617
33	55
6	65
92	17
56	16
6	619
0	434
285	81
1	465
2	9374
0	9601
0	0
1	2
0	2
0	0
0	0
3	7
1	163
0	7
9	12
1310	169
5	5
0	0
0	5
0	0
0	0
0	0
0	0
36	114
226	233
5	0
0	39
0	52
0	61
0	0
0	3
83	1347
0	204
2	438
3	192
85	1304
1	21
0	115
1	361
0	262
0	265
0	248
68	383
15	1381
13	1351
6	1319
0	1296
2	1284
0	1320
0	175
2	1054
1	1014
3	42
20	7
0	123
0	78
1	88
8	3
0	26
2	40
1	0
0	0
0	0
1	22
0	3
6	4
0	19
2	0
0	0
0	0
48	5
1	4
0	5
270	0
1	0
1	0
0	0
2	434
0	417
11	413
2	343
11	408
18	34
1	1
2	15
0	0
0	23
2	1338
0	14
0	13
58	377
0	1357
0	1
2	28
0	802
6	1000
0	277
3	10
0	2
60	1118
25	1118
0	47
0	1118
0	1118
55	407
11	332
1	101
4	4
21	2
2	79
1	15
0	72
3	81
223	1449
1	1365
2	6
1	6
11	22
24	22
24	7
0	7
0	4
0	1
129	4751
0	1770
0	3
0	3
0	0
0	0
0	0
2	0
339	0
67	109
62	442
3	425
14	17
13	26
15	49
1	18
0	18
0	18
10	0
1409	820
43	585
0	186
2	65
275	630
2	217
20	460
16	100
1	72
123	325
5	213
0	43
29	174
21	0
10	111
4	42
6	1
175	130
1	126
17	6
22	1
0	3
19	752
2	752
6	20
1	432
0	53
0	16
0	451
0	431
27	572
0	665
26	671
8	242
2	478
0	0
0	12
8	0
0	0
0	0
0	0
0	0
0	0
0	0
0	0
0	0
0	0
0	0
0	0
0	0
11	49
15	133
0	19
0	2
0	0
0	481
34	481
4	10
5	61
0	0
0	0
0	25
0	0
0	0
0	0
0	0
0	25
0	25
0	0
0	0
7	2569
0	1698
0	1293
0	0
1	871
0	34
0	681
0	1434
4	1288
28	1288
0	134
3	259
11	83
17	748
0	710
0	615
9	132
0	46
0	20
0	179
0	108
0	12
2	97
0	239
0	45
22	72
0	72
0	10
0	0
0	0
0	0
598	365
0	386
0	384
0	5
176	1354
0	1082
1	190
2	917
0	89
2	561
5	752
15	1326
36	669
7	231
1	1
0	669
13	51
0	48
2	38
0	32
0	39
0	35
0	43
4	37
2	0
3	0
1	0
8	39
1	39
0	0
404	1283
0	209
96	1148
1	44
15	791
30	791
1	26
0	83
0	12
10	0
233	123
1	37
30	87
0	0
0	0
0	48
1	48
0	0
0	17
0	17
0	2
1540	1182
5	0
5	18
2	45
0	0
0	30
1	12
5	30
2	0
1	378
243	474
9	414
10	5
4774	2
13260	456
71	443
4	0
9	0
3	92
9	92
4	2
0	0
118	123
1	93
16	31
288	710
0	372
9	93
7	74
8	218
1200	1197
1	54
0	25
54	216
106	2259
1	0
100	2259
3	5
4	23
4	8
9	3
1	2
4	128
4	133
2	103
1	20
1	25
2	4
0	0
185	12
0	12
0	0
74	101
0	101
2	914
5	991
783	970
0	255
14	69
0	61
1	8
0	0
0	0
0	1
0	1
0	1
0	1
0	1
0	1
24	168
0	91
732	1
1278	3452
253	3452
0	0
1	0
10	0
0	0
0	3
0	3
0	1
0	0
0	0
0	0
0	0
0	0
1	0
0	0
17	272
2	2
6	28
12	271
2	35
0	46
0	49
5	13
3	34
0	40
5	0
1	0
0	0
24	367
10	267
0	40
0	107
11	62
27	45
3	5
1	13
14	247
1	293
54	1
0	0
1	1027
16	1409
0	1640
0	1294
0	1137
40	20
25	944
4	698
0	100
0	22
0	2
0	967
1	226
0	307
28	218
5	0
1	0
0	37
47	664
0	731
0	3
0	734
108	6697
23	6450
28	4052
5	318
0	5
0	1
0	4
0	0
3	0
0	0
0	0
0	0
0	5
0	5
0	10
1	5
7	4
4	4
25	10
0	10
46	1354
33	1354
81	5
1	5
6	18
3	18
0	1
0	0
20	63
13	48
1	37
13	54
5	3
0	1
0	0
0	0
2853	213
1	211
23	921
0	670
0	0
0	0
0	0
0	921
111	28
0	19
0	26
37	130
11	130
0	85
0	10
3	59
0	59
0	54
3	1
0	66
397	454
0	402
0	608
0	747
8	396
0	171
0	173
3	391
1451	385
218	1014
49	423
0	885
0	495
11	350
51	806
0	819
1265	356
0	131
0	51
13	91
56	73
1114	75
42	685
960	744
2	622
17	592
3	1
12	129
8	129
3	129
9	269
0	142
2	212
0	66
0	16
3	12
0	234
22	0
628	0
0	0
8	3
83	315
0	48
1	32
0	312
108	969
12	969
3	121
3	13
1	75
170	119
0	15
0	106
1	90
5	0
0	15
2	1
0	0
0	1
58	3079
47	3165
86	2896
0	1
0	1
0	10
7	10
5	318
1	292
2	224
100	312
0	217
4	14
0	8
3	62
0	292
26	690
13	689
0	689
2	691
1	686
1	687
0	687
2	749
2	891
2	159
0	181
15	298
1	133
2	185
51	4239
387	4238
1642	3284
3	290
1	300
59	1179
93	987
39	1057
3	438
2	910
0	439
0	0
1	12
0	17
0	1
4	9
0	31
0	10
0	4
56	0
2	1
0	622
0	644
0	575
11	7
10	47
10	34
5	41
3	25
0	74
5	110
3	51
0	622
89	588
3	35
46	1095
7	4
4	3
18	11
7	93
0	0
45	1117
0	15
0	552
42	270
0	50
3	95
0	62
0	0
12	0
0	7
0	6
0	7
0	3
1	0
4	0
617	149
3	149
1	153
4	299
13	260
6	3
2	177
25	17
0	269
4	288
0	256
3	282
0	229
3	11
0	284
4	7
10	7
240	796
1	727
0	816
0	852
0	701
3	120
0	46
0	0
14	55
119	55
16	16
0	56
110	60
3	28
0	0
0	0
0	0
0	0
0	0
0	0
0	0
0	0
0	0
0	0
0	315
53	315
478	642
7	654
0	55
0	15
2	10
8	0
0	11
0	4
3305	2960
0	383
0	1171
0	2938
1	0
826	303
4	303
0	0
0	0
0	0
0	1
0	1
0	1
0	0
4776	6
118	0
69	162
37	164
0	0
0	160
10	5
0	5
194	0
74	555
1	389
33	565
1	14
2	6
0	1
3	1
23	922
12	922
0	0
129	284
42	158
57	4
214	127
0	0
0	0
0	0
4	261
17	261
26	251
3868	536
0	536
9	28
22	28
1	28
676	309
13	170
1	123
16	4643
49	784
40	1578
5	165
4	374
7	4083
0	1
196	3960
62	296
118	652
299	427
159	500
4	1402
2	144
3	139
0	20
5	25
0	73
0	0
0	1402
0	0
2	6
1	8
0	6
0	8
0	0
0	0
0	0
0	1
0	0
0	0
0	1
21	426
3	404
7	112
9	70
1	419
1	259
0	65
4	186
2	61
0	0
1	124
0	12
3	198
0	190
0	0
14	0
8	94
2	6
0	52
8	37
1	11
15	678
20	663
3	14
3	2
16	7
4	12
0	93
0	0
0	443
0	0
0	0
0	0
0	0
0	0
0	185
131	185
3	516
0	51
0	517
40	3063
58	1958
1	2744
35	3092
0	2689
1	11
201	2108
0	556
0	5
7	68
0	2
9	5
0	158
5	37
0	3189
17	966
2	795
8	109
68	36
17	263
0	156
2	114
0	135
4	118
0	49
5	115
2574	744
54	743
3	995
15	887
86	519
0	875
14	728
23	88
0	408
23	426
31	385
3	18
0	407
1926	225
43	225
19	2145
0	778
46	1516
11	11
3	803
20	0
0	56
1	372
6	262
0	28
0	1984
51	2357
9	1750
4	1470
4	1847
65	1786
161	1840
0	573
0	257
0	82
0	78
0	100
1	0
14	5
7	99
4	94
0	1920
282	0
15	71
2	683
0	804
1	374
90	753
630	338
4	34
28	400
0	342
36	427
8	61
0	33
0	31
11	118
0	16
0	0
0	2
0	13
0	8
0	16
0	0
0	0
0	0
0	0
85	0
0	73
0	0
0	73
0	0
0	0
2	7
12	72
1	7
3	2
1	29
0	29
9	85
2	121
10	36
400	0
6	0
1	0
0	504
0	76
0	42
0	41
23	535
0	43
0	101
0	1
0	11
288	422
71	89
1	0
0	84
0	89
2	270
62	800
72	908
2	159
7	189
9	59
472	1064
39	1048
4	16
1155	270
0	203
0	67
172	67
1	12
2	26
0	17
1	39
79	182
0	165
0	67
0	51
0	14
0	2
14	21
0	8
4	0
0	2
247	0
0	0
0	0
39	49
0	54
0	22
1	22
3	1
0	1
0	0
0	0
1741	2222
0	485
10	61
4	413
5	0
0	8
0	1730
10	3
0	2
17	52
0	35
2	24
0	35
0	35
0	9
0	479
68	579
4	522
0	207
0	95
0	2
2	51
0	0
0	51
0	0
82	2173
308	1607
0	1597
5	1675
0	1048
0	745
13	0
0	2093
0	632
14	550
0	346
0	189
16	10
6	10
0	4
0	5
0	0
1	0
0	0
6	427
6	404
6	29
8	29
0	4
1	1225
207	1086
0	1218
555	0
0	21
0	0
0	0
45	0
48	35
0	0
42	1520
1	1191
182	754
7	705
0	730
56	399
0	1583
497	8
1	5
6	4
0	1178
0	0
0	7
1738	3031
696	1853
0	1291
2	14
37	0
13	6
3	0
0	0
5998	1546
15	396
31	930
16	664
214	395
1	265
0	122
0	136
0	205
8	282
0	0
0	130
50	7
1	0
0	0
0	0
0	0
285	0
0	1
0	1
0	1893
171	1848
2	1790
0	146
21	18
101	740
1	11
19	13
1	1
8	75
4	26
0	0
0	0
0	0
0	0
0	11
0	11
11	3029
15	608
0	396
231	663
0	1
7	2890
12	554
88	30
0	0
3	3
0	3
11	38
6	395
0	269
0	2
4	379
0	10
0	13
67	4019
7	3968
0	3705
14	204
172	1874
48	90
52	62
0	16
0	138
22	407
1	141
6	48
6	79
13	57
0	0
0	34
0	42
0	4085
0	0
714	755
5	754
2	80
18	55
0	31
10	3
0	0
0	33
39	2399
6	20
1	89
14	2369
1	1
2	2057
0	2369
7	2369
18	198
15	158
6	57
0	1
1	0
20	0
0	17
0	3
731	922
3	291
7	354
20	177
5	33
10	152
3	123
38	328
2	244
2	0
1	0
0	0
0	0
0	0
0	0
0	0
0	0
0	0
0	0
0	0
0	0
0	0
0	0
61	75
5	75
0	0
0	0
6	0
0	0
0	0
10	111
33	111
25	42
0	12
1	641
0	101
0	116
0	116
0	322
0	61
32	348
1	240
0	361
0	231
10	19
21	19
68	270
0	92
0	280
13	48
2	0
17	2
0	641
584	573
7	573
0	0
0	0
0	0
0	0
0	0
0	0
43	342
0	341
0	261
286	13
18	368
209	525
1	278
9	52
40	28
11	29
144	44
8	2
52	1865
38	1865
7	58
0	0
0	0
0	0
0	0
0	0
0	0
1996	102
0	0
2	46
60	55
8	211
411	211
1521	1530
5	1528
0	6
12	578
8	205
1	128
7	18
2	87
31	83
20	79
7	2
3	5
1	5
0	3
10	543
22	963
40	852
34	647
1	962
4	40
1	0
2	109
0	55
53	279
3	8
7	243
0	196
469	191
2	64
0	36
3	118
2	324
1	251
173	334
0	271
0	205
1	164
12	25
2	0
2	718
8	253
1	524
0	0
10	84
0	345
1	332
0	2
1	996
449	1094
0	490
0	465
0	3299
0	3064
20	2889
48	706
7	71
2	191
48	16
9	1069
0	78
23	58
0	0
9	47
21	302
0	1837
97	2153
27	1922
0	2410
32	2252
12	11
2	195
32	2181
2	3
4	340
6	1592
13	200
0	2180
1	14
3	12
0	9
1	255
186	1060
8	86
0	49
0	1060
219	173
0	162
4	47
5	64
0	0
170	2998
0	3001
50	3008
0	0
9	137
1	11
0	0
55	88
10	0
0	88
1	0
1	0
221	1988
1	1473
0	228
2	243
646	787
0	4
0	202
0	15
12	176
1	117
2	12
0	182
0	12
13	15
11	17
0	4
1	1
0	0
167	129
0	89
3	175
18	106
0	137
0	104
3	1
0	1
3	3980
25	3728
1	281
33	8
2	3071
12	42
22	1132
0	163
10	139
414	656
7	55
0	657
0	410
0	140
0	9
0	9
1	9
0	7
0	9
25	942
213	972
5	34
0	9778
0	10898
0	10594
0	9730
0	11349
0	10229
0	11045
11	10257
1	238
2	306
24	5
18	416
270	1861
48	1506
600	2033
0	27
0	2031
0	285
1	1
88	460
1	110
83	271
9	251
86	2063
34	2063
2	0
7	1
0	1968
12	57
0	1271
76	743
6	27
80	21
2	10
41	1213
0	1194
0	216
1	112
36	125
1	0
1	155
0	3
10	56
4	41
0	0
1	40
2	3
0	84
0	84
2	111
1	112
0	0
0	33
4	42
223	0
81	93
18	93
0	2211
0	2281
0	2494
8	2530
0	304
16	33
3	105
6	181
9	6
0	10
1	0
0	2552
0	2434
762	2533
2	920
0	2330
15	1121
10	268
0	70
0	73
6	41
5	3
17	122
0	92
0	95
0	90
1	72
1	77
0	4
0	20
0	559
0	1
0	1
604	0
0	0
0	27
17	32
3	6
1	7
583	36
3	35
3	351
0	4
87	293
0	304
7	17
0	27
8	62
0	55
18	31
1	11
14	38
0	0
664	135
0	133
1	33
0	2
0	13
40	1563
20	423
32	1227
2	1056
7	609
1	1154
1	452
22	334
2	1036
0	1532
2	57
950	1916
0	110
1	1803
11	28
26	421
21	956
5	91
1	180
7	541
0	357
7	209
0	1316
2	162
0	301
136	1316
0	0
88	4
0	0
0	0
0	0
2	4
0	0
36	54
0	2
6	52
0	5
0	0
240	507
3	210
17	378
1	227
0	154
0	163
13	303
1	12
0	0
0	0
0	0
243	0
1641	0
758	124
32	47
84	41127
0	45421
78	43029
43	15961
2	4304
2	2316
18	671
0	1331
1	2316
1	133
11	163
0	154
6	35
1	13
36	46
1	7
0	0
24	5
24	0
0	3
0	3
0	2
509	2
0	0
0	0
117	0
135	3011
23	2599
2	747
0	1173
0	638
0	608
0	18
2	0
1	13
1	0
0	0
0	0
0	0
19678	1535
1	353
0	422
0	187
1	41
1	226
2	63
4	253
1	239
6	234
7	23
2	0
98	123
0	114
0	494
0	572
135	574
0	443
1	52
2	0
6	0
0	3705
419	3998
125	3025
156	2577
2	45
52	7
2	566
0	382
96	23
0	0
0	0
0	0
0	1
1	1
6	285
0	255
0	248
0	45
2	9
2	39
35	35
2	36
0	2
0	2
0	0
0	0
0	0
0	0
0	28
0	28
0	28
0	6
0	17
0	3
0	0
433	810
33	412
15	94
9	97
6	0
1199	0
1157	0
1912	173
1	7
1	165
261	101
1	101
0	10
0	0
0	0
0	0
42	133
33	567
0	152
7	35
41	0
0	22
11	585
0	18
219	102
0	15
1	2
0	61
2	43
580	830
28	830
2	0
0	0
0	1
2	1
0	0
0	0
21	2837
1	836
0	2624
0	1783
29	237
0	39
1	421
2	65
33	923
0	102
3	540
0	605
140	330
0	203
1	340
0	0
44	49
2	10
0	35
6	22
5	18
6	0
1	9
0	11
8	30
0	28
3	13
0	3
956	0
282	364
23	364
2	1211
0	3
19	1252
0	33
16	213
0	2
1	55
10	0
83	1645
0	77
1	5
8	55
60	1699
0	5
4	107
0	1731
0	0
0	0
0	0
5	37
0	2739
11	1364
61	312
9	2319
2	1712
8	309
8	41
1	1156
12	527
8	848
3063	36
3	0
0	0
0	0
49	332
1	322
41	123
9	0
4	10
2	0
1	282
51	282
27	1
43	0
1	0
3060	1806
0	217
130	1402
2	237
1	513
5	411
0	0
0	0
40	126
0	126
186	878
10	13
2	878
1	6
0	0
0	0
1	0
10	3
0	6
0	0
0	0
3	857
0	16
0	857
0	393
0	366
0	363
0	756
5	106
0	0
284	286
2	9
2	278
1	168
1387	1138
0	519
84	463
10	214
0	1
0	0
0	1
0	0
21	23
11	19
5	0
0	23
0	0
0	0
0	0
47	715
0	39
0	12
0	288
0	726
64	208
0	172
0	89
0	7
6	34
0	45
3	44
0	8
0	546
0	598
21	612
0	551
0	405
0	14
0	1
24	487
26	476
0	480
5	53
3	59
2	32
16	3
0	32
4	0
1759	196
9	62
9	0
7	34
51	17
68	149
6	104
2	4
0	55
1	13
0	6
2	18
1	6
0	2
0	56
11	81
2	91
0	90
2	81
0	22
6	4
2	12
0	1
2	226
1	205
2	46
0	163
0	99
0	235
16	185
0	26
0	249
0	18
139	47
2	4
0	43
106	13
10	13
0	1
0	2
0	1
0	1
0	1
0	1
0	0
1	0
807	134
2	49
3	0
1	106
0	3
184	6330
14	4798
64	4615
122	4621
1	818
2	1084
11	53
30	352
1	326
7	362
0	352
0	11
307	48
0	48
0	13
0	13
66	2643
99	2642
0	56
2	164
9	98
0	3
0	0
50	0
0	0
4	0
0	4
28	638
0	201
0	75
0	0
32	638
25	701
9	460
0	74
72	466
32	449
0	269
0	327
0	245
11	89
4	61
0	33
0	3
4	133
11	136
14	77
101	845
0	90
53	902
42	78
6	17
0	0
12	5
3	5
0	921
16	125
3	224
0	141
93	588
0	400
3	13
0	1
0	5
0	92
61	0
573	684
32	684
135	230
0	1
77	1959
8	1975
13	53
0	1
0	0
0	0
0	0
0	0
14	208
1675	355
0	156
0	58
0	0
0	0
0	0
0	0
2452	6751
0	424
6	400
146	6012
19	0
17	1178
6	343
0	1235
155	1300
13	5
0	5
0	1265
0	0
0	0
0	0
0	0
0	0
0	0
0	0
318	267
13	267
0	30
0	52
8	176
75	0
115	51
7	51
764	482
0	295
6	366
1	7
0	143
0	93
37	67
22	2330
0	1671
14	711
51	440
2	28
6	0
15	0
0	0
0	2330
0	75
0	67
0	54
1	61
0	50
6	59
0	57
0	2
3	1
0	7
0	3
0	10
0	15
251	115
3	4
4	244
18	114
1	4
0	0
140	95
4	95
11	0
0	53
4	108
0	200
1	195
0	34
2	0
0	0
2	2
0	201
3	3
1	3
1	0
39	1172
9	103
61	9
0	1140
0	9
16	17
9	347
5	874
8	888
3	314
129	103
4	22
0	332
23	127
6	212
1	191
4	101
132	2
4	0
10	12
3	1
0	0
97	2415
106	1862
0	5
2	7
0	1055
96	89
0	25
1	9
2	31
0	29
0	2408
0	1567
0	39
0	217
0	217
7	31
0	31
1529	164
0	70
2	106
4	70
15	14
5	90
0	27
3	92
9	1197
0	1156
0	1
0	115
3	288
1	1120
4	315
0	221
3	65
163	1085
0	113
4	64
0	47
2	217
0	221
0	137
0	933
0	120
2	246
3	318
24	170
4	4
4	59
3	58
25	65
4	148
0	0
2	1255
1	528
12	2730
144	3415
2	120
4	73
1519	3522
8	79
14	36
18	2465
11	1244
4	872
2	1693
0	1799
3	2268
10	166
0	673
0	7
4	29
75	2082
0	20
3	45
2	29
15	183
30	161
1	92
0	120
0	73
9	68
2	120
0	70
0	68
0	68
32	738
9	640
62	512
0	0
3	522
4	194
13	423
5	119
12	461
0	0
0	7
0	36
0	44
0	44
116	3356
18	3740
2	2414
0	2367
3	236
0	0
0	0
0	0
0	0
0	363
0	400
3	377
0	279
0	264
0	335
16	40
2	261
3	248
4	246
0	257
11	1225
3	14
97	1225
4	0
23	79
0	0
0	0
0	0
0	0
23	416
0	388
7	144
0	28
5	0
0	0
288	526
33	394
14	443
11	0
0	0
0	0
0	0
126	141
2	53
5	30
0	2
0	100
0	89
8	0
162	802
0	4
0	716
11	655
8	8
0	1725
90	4256
9	4318
97	4290
24	2232
0	1464
2	1446
17	377
17	17
2	26
2	27
0	23
0	2
0	2
0	2254
0	8
4	140
0	76
172	94
1	94
0	7
4	2
2	7
0	1
1	6
446	0
1	800
443	1688
4	684
8	625
310	0
0	1
0	1
0	82
532	206
0	47
0	9
0	74
1	44
1	4
0	2
0	508
0	403
10	26
0	429
0	301
0	91
0	102
2	0
2	30
7	13
0	1
0	0
0	0
0	0
12	447
25	447
17	447
6342	243
7	242
2550	8261
133	1
46	8261
0	160
0	0
0	0
0	0
0	0
0	0
0	0
0	114
2	94
7	106
0	21
2	8
0	119
0	7
0	14
0	15
2	6
6	0
478	2209
1	23
0	51
0	2208
117	1
14	1694
0	1591
0	62
39	1694
16	808
0	816
0	816
3	653
0	625
0	371
0	2
10	0
1	47
1	823
0	0
112	397
34	402
51	232
13	20
0	111
1748	423
253	420
0	36
2268	5065
1	4492
0	6126
121	4026
0	4005
38	288
0	2602
5	6376
0	3
0	0
226	649
10	38
6	571
56	8
3	0
0	0
5	204
4	0
77	0
8	0
0	0
0	127
23	119
0	25
2	62
0	58
0	18
0	11
0	2
0	2
442	786
84	78
14	0
0	759
0	18
0	540
16	1393
56	1385
0	547
3	536
254	1087
32	1409
0	1410
0	558
0	0
0	0
0	0
10	218
1	191
2	84
17	120
156	17
13	0
0	1118
1007	62
0	62
0	0
0	0
5	0
0	0
1	0
5	123
124	1998
3	1
329	1995
7	2031
0	8
0	8
0	0
0	0
0	1
1	6
1	7
0	6
2	4
0	0
0	0
69	77
0	7
0	77
0	9
1	504
8	801
637	1420
0	295
16	1092
2	85
7	332
0	41
0	38
22	28
0	7
0	2
0	15
0	0
0	509
11	525
22	140
70	317
69	303
1	83
12	33
0	33
1	537
45	208
7	7024
778	7384
28	3
8	1127
0	1939
25	340
40	46
29	175
0	0
0	0
5	97
15	1752
2	984
0	1370
4	1708
3	175
6	9
727	29
0	28
5	369
3	2574
0	79
3	22
15	784
1	1881
213	1750
0	660
0	324
21	66
0	601
1	333
1	535
0	240
1196	652
5	652
49	587
1	608
24	492
4	50
17	0
1	334
5	48
25	4063
0	4415
98	3616
0	126
0	3453
4	9
3	1
0	0
579	0
10	171
0	204
0	130
1	129
1	38
17	534
0	674
0	696
17	101
6	0
0	637
0	0
2297	918
0	915
0	122
3387	1620
1	1618
31	0
1	0
5	1551
40	1551
11	117
0	134
0	219
6	3
1	0
0	1549
181	2448
0	2248
0	245
9	98
1	98
2	49
0	26
26	385
1	845
0	948
21	547
3	228
10	463
34	129
12	0
0	0
0	0
0	0
0	0
0	0
0	0
0	0
0	0
0	0
0	0
0	0
0	0
0	0
0	2
0	2
0	0
0	0
66	0
0	82
6	696
6	586
0	32
23	261
0	0
0	0
1	17
322	1394
149	912
0	0
3	14
4	1350
2	1
0	18
0	0
1	0
0	1365
0	0
0	0
7	11
0	8
0	4
0	8
0	0
394	2396
10	2396
9	1294
0	342
0	114
1	0
0	0
221	340
12	340
0	0
0	3
0	7
0	3
0	7
0	7
0	0
0	0
0	0
0	0
0	0
0	0
0	6
0	6
0	1
0	1
0	1
0	1
0	1
0	0
2998	1018
2	372
0	20
0	94
17	91
0	56
16	297
22	26
0	118
0	0
0	1
0	1
41	676
2	676
0	507
0	5
0	5
0	0
0	5
0	5
217	207
23	158
0	96
8	142
3	97
0	2
0	0
105	154
3	1
2	155
0	0
1	0
1	66
11	194
0	1
3	20
0	18
0	5
0	0
0	51
78	697
46	1447
1	95
5	91
0	1446
9	81
6	1119
1	1208
0	468
2	84
0	123
210	182
3	29
5	153
0	56
5	52
1	0
1	0
0	24
0	22
0	0
1	2
0	2
22	202
10	209
2	24
0	7
0	16
0	5
5	26
0	17
0	6
2	45
0	37
672	316
1	155
9	161
0	286
0	281
0	20
0	65
0	285
18	1302
6	0
0	9
1	345
0	0
3	216
0	69
149	1236
0	0
0	0
241	6933
0	898
0	172
0	309
11	1950
0	44
1	351
51	46
9	783
135	6912
5	82
9	94
3	20
1	7
0	7
2	0
2	83
65	133
1	50
0	4
0	1
479	284
2	284
1	93
0	0
0	0
0	0
0	0
0	0
25	119
114	159
14	40
64	1201
37	173
3	112
25	1065
0	52
15	5
16	1
15	129
44	49
0	479
16	7
7	1
1	0
0	0
0	1152
12	1214
131	529
17	501
0	347
0	57
0	0
141	2215
1	90
20	531
1	1701
1	11
0	292
42	32
0	565
16	90
0	79
8	80
0	66
5	66
9	5
6	470
0	466
0	57
1084	780
7	750
1	779
12	521
0	105
0	43
2348	12
0	0
11	12
0	0
0	0
0	0
0	3
0	1
0	0
0	0
1	1
837	559
3	6
2	30
1	555
12	90
0	0
103	0
2	484
2	479
0	479
0	14
1	21
37	2
5	9
0	519
0	520
7	245
0	0
0	2
0	0
0	0
4	1
3	2
0	2
0	2
0	2
0	0
0	0
1223	363
1	317
6	1
0	30
19	45
21	0
25	31
6	31
0	15
32	2249
10	1890
1	405
520	1053
4	633
0	398
0	370
17	0
15	789
0	46
0	436
0	39
1	104
802	749
69	2949
9	3058
3	85
25	2
13	3088
0	21
0	21
45	17
2	6
1	10
0	707
1	192
6	17
10	162
0	268
185	12873
124	12898
4	3096
20	181
222	1141
4	46
8	261
16	969
1	135
0	0
2	42
17	0
0	71
309	436
19	306
1	95
7	96
3719	1
0	420
53	57
7	9
285	832
1	784
42	50
3	345
127	1025
0	1025
11	729
352	1208
0	82
0	983
0	976
1	83
0	666
2	77
0	786
0	608
3	345
0	422
1758	639
6	615
15	24
4323	10026
7	10024
23	128
10	2956
0	0
186	45
0	11
0	7
1	27
0	0
0	0
21	142
1	65
8	1
0	82
0	9
0	30
2	1
1143	43
2	43
0	1
26	2310
7	2263
18	301
0	286
16	273
8	309
2	187
0	143
0	41
2	572
3	572
1	225
11	226
6	137
0	0
1	2233
0	0
20	320
276	373
3	4
11	0
0	175
0	6
240	0
0	0
0	0
0	0
0	0
0	0
0	1
0	1
0	1
65	5211
25	4956
97	5006
0	618
365	0
0	0
0	0
95	517
6	5
0	5
247	244
0	3
0	30
2	165
2	163
1	119
0	63
1	37
1	58
1	104
5	0
54	84
1	7
0	26
0	32
0	11
1	62
0	0
0	2
39	328
15	328
0	1
7	214
25	214
5	14
1	33
2	6
2	3
0	0
26	653
2	40
4	612
21	603
2	49
14	3
2	72
0	3
11	1106
1	22
0	39
0	34
0	0
0	2
10	6
0	707
0	573
0	22
0	35
27	16
1	44
0	466
1	55
0	1105
0	0
0	0
0	0
811	699
0	7
3	3
52	627
31	412
38	407
264	406
0	406
3	44
12	99
3	61
3	0
1190	196
14	194
1073	1258
4	1235
1	285
36	1
6	0
0	0
1338	3423
0	3423
0	5
0	118
11	118
1	118
6	306
21	354
4	114
1	15
121	55
0	40
1	55
0	8
0	0
0	8
993	24
4	3
3	21
0	90
26	91
2	0
0	7
16	44
2	13
26	0
3	0
0	89
0	54
0	1
0	89
0	160
0	185
15	141
0	0
32	8
0	0
18	19
466	16004
75	1749
486	15729
11	0
0	0
0	0
0	0
0	0
0	0
0	0
650	1
141	2710
0	83
0	199
2	191
0	1421
1	0
1	222
0	628
3	175
0	581
23	557
0	0
0	0
14	1357
0	1399
0	71
0	0
6	192
0	192
0	8
183	0
366	2120
1	527
77	2028
0	228
1	228
0	226
17	914
2	0
0	0
0	0
1064	251
0	45
2	280
1	16
12	0
38	0
0	63
0	281
20	317
18	4
2	294
0	0
1	307
0	294
1	8
5	0
0	52
0	242
1	90
21	249
6	249
0	0
0	0
0	0
0	0
0	0
0	1
0	1
36	2158
17	2145
1	18
1	50
5	28
0	111
117	3701
163	1737
48	905
78	747
3	1059
0	1038
766	111
6	54
6	81
0	0
0	0
110	1360
2	92
4	1257
2	51
0	9
3	19
5	11
28	306
11	5
1	220
72	667
33	667
0	0
17	90
0	0
0	0
0	0
26	17
4	558
582	15621
24	15176
0	660
1	167
0	29
62	11
373	2512
410	4715
79	396
716	182
343	1226
52	1216
0	988
5	127
3	24
2	176
0	54
3	0
0	0
0	219
0	214
0	73
0	57
0	44
1	16
0	20
0	0
139	751
2	738
0	151
2	13
1	15
0	0
36	381
69	325
0	374
15	0
1	475
0	508
0	658
0	486
0	214
7	29
0	1
36	229
12	34
0	178
0	154
11	4
1	147
0	0
0	0
46	59
143	198
0	153
145	18
46	0
0	0
0	0
4295	385
3	379
6	73
3	82
28	86
47	84
0	6
0	23
10	27
0	9
64	1157
41	250
8	1154
32	201
0	59
53	406
7	406
5	105
2	406
5	1340
2	1157
17	1238
0	1260
0	1266
11	1187
15	1112
10	1100
1	89
0	712
3	73
0	456
30	203
0	125
2	123
0	97
34	74
0	0
1803	3265
5	513
76	2991
2	0
0	474
3	657
2	79
8	0
14	554
5	554
7	361
137	400
6	154
0	1
0	4
1	0
14	59
15	35
13	101
17	3
28	92
3	52
42	262
0	104
0	62
0	50
0	50
0	56
0	32
0	29
0	17
0	12
1	0
1	226
27	1277
38	1594
0	174
0	608
0	355
0	241
2	246
0	83
5	285
0	0
1	1326
1213	0
0	0
0	0
0	0
3	6
0	4
0	0
0	1
0	0
0	0
0	1
0	0
0	0
128	329
0	328
0	152
0	3
0	0
0	4
0	1
0	0
377	7999
1	1476
0	2
3	268
64	7999
0	804
379	1300
2	0
488	1005
6	1003
6	871
1	73
0	0
0	0
60	1172
145	1209
2	432
377	492
1	493
0	1
0	13
0	338
0	345
0	328
0	305
1	58
312	787
0	788
1	1
0	43
0	33
0	0
0	2
0	109
1	169
0	106
0	28
0	0
0	0
956	62
3	62
54	47
0	37
0	10
1	2
620	100
0	100
1	2
0	0
0	0
0	5
0	5
904	8238
68	7266
13	1278
64	1031
442	0
163	1279
25	1279
0	9
7	197
0	92
1	9
0	0
0	0
0	0
0	0
0	0
0	0
112	16
0	16
4	0
0	0
20	2407
4	2594
2	311
7	226
38	433
23	163
10	310
55	1331
1	1202
0	0
0	256
0	616
0	0
0	0
0	0
0	0
0	0
0	0
0	0
0	0
0	0
0	0
11	187
472	1241
4	17
25	474
1	300
4	25
1	6
141	18
0	1239
63	253
3	132
0	66
5	37
9	23
0	3
111	2
0	0
2	3193
148	3091
16	2370
54	14
1	54
15	114
15	391
0	197
1	269
0	110
18	10
6	10
0	0
0	0
0	0
587	1901
0	877
4	1074
21	322
15	357
0	57
0	353
11	61
1	44
36	46
4	23
6	0
2	11
0	0
0	11
15044	2800
79	436
1	2270
0	2358
10	180
12	163
1	9
0	44
11	225
1	1183
26	1282
0	50
21	1243
5	2
5	6802
1407	6803
60	8260
0	7283
56	58
107	817
0	437
0	87
8	61
12	14
8	7
2	2
30	0
0	8306
0	84
0	216
9	238
0	121
229	280
1	0
1	0
851	1396
9	188
22	479
0	1356
0	270
145	555
0	0
45	790
6	13
7	347
0	27
0	2
84	5708
4	2249
499	5208
330	821
512	2533
5	729
4	10
21	971
0	369
0	105
4	80
271	182
1	82
73	2
0	2
1	2
5	2
0	0
0	0
0	0
0	0
13	12
11	329
0	48
2973	663
0	2
0	0
0	47
0	76
3	25
1	105
0	0
1	4
0	46
1	5
0	102
2	0
2600	419
14	346
6	144
3	93
0	5
0	704
0	708
2	514
4	419
5	29
0	15
0	0
12	83
0	83
0	82
320	0
61	1
5	1757
0	902
52	346
143	312
0	117
4	212
27	199
9	66
10	0
0	1807
0	3
0	3
0	3
212	4
5	3
0	1
1	0
1978	0
44	0
2100	580
0	634
146	294
1	179
7	179
7	2
0	0
1	0
123	756
3	302
2	125
2	493
1	71
0	2
0	41
0	354
2	20
0	6
0	10
0	71
0	71
0	685
0	0
0	0
0	0
1	172
0	172
45	165
0	979
0	58
0	10
0	923
0	663
1	137
0	0
10	459
0	452
0	455
12	451
4	418
1	444
0	447
1	33
0	11
2	246
0	227
1	12
1	27
0	30
60	921
5	25
0	25
11	0
0	0
0	0
1004	1
2	0
52	509
1	69
12	509
6932	580
5	161
105	4737
0	4819
4	167
16	760
18	21
1	1436
0	4556
798	319
3	319
1	0
74	56
0	55
0	8
0	2
0	19
22	79
0	19
0	42
0	5
1	24
1	6
0	27
0	2
0	1
0	22
0	13
0	12
0	0
21	3144
0	2803
177	1667
97	14
7	13
210	1142
11	471
0	1142
32	286
0	287
0	49
0	46
0	1
0	2
0	1
0	2
0	1
0	1
36	114
1	73
0	100
0	7
126	2221
28	1695
4	687
6	88
4	141
2	31
3	7963
193	7977
126	7681
1	5078
27	1048
38	463
7	640
5	417
0	131
8	371
2	351
60	4595
6	486
3	682
11	68
2	90
2	93
1	56
0	11
0	0
0	0
2	22
3	22
1032	705
0	200
0	253
0	133
0	364
0	76
6	144
0	172
19	0
35	739
0	540
0	511
7	508
2	298
0	429
0	390
0	2
3190	42
13	1
3	38
0	7
40	503
555	504
0	211
0	0
0	0
0	0
308	1034
40	1034
6	0
0	0
0	0
0	0
0	0
40	31
0	19
1	23
1	0
959	215
0	54
1	60
0	114
233	201
16	201
6	17
415	29
0	1
2	31
5	1
1	12
108	2007
5	2070
29	2839
5	2599
0	53
286	903
0	145
0	34
4	11
1	25
0	26
1	2
0	26
2	92
133	828
52	1161
0	184
15	744
3	343
0	473
29	460
69	16
1	16
0	3
0	0
3	490
76	811
28	496
2	492
97	39
40	182
18	168
0	3
37	143
1	109
73	299
0	38
0	111
0	54
0	0
0	39
0	42
0	42
0	177
14	50
369	2131
5	156
2	0
0	1958
3	648
0	1481
0	1481
0	0
24	4
0	1
0	1
0	0
0	0
0	1
0	1
0	3
105	0
0	0
46	153
0	153
0	1
0	1
1070	0
20	0
201	548
9	164
0	474
0	14
0	9
29	3084
24	2690
2	184
0	45
0	858
2	1555
11	1401
15	1439
13	1264
3	97
1	30
2	135
0	231
4	2
0	18
2	128
4	73
3	3
1293	4716
65	18
7	12
1	2172
21	1331
9	0
0	0
533	50
1	50
0	0
781	622
2	64
8	557
11	390
1	121
131	2237
0	2280
0	0
0	0
0	0
10	159
4	588
0	588
1	3
58	2284
0	319
1	1988
67	443
24	199
18	6
8	75
81	173
0	9
0	33
3	157
0	0
0	0
0	0
230	475
0	29
13	435
0	60
0	18
0	11
0	0
0	0
0	0
3133	596
2	0
235	340
5	485
0	347
210	622
1	184
1	365
0	101
5	187
17	175
0	182
0	0
0	1
0	1
0	1
0	1
585	3125
1	10
12	494
185	4091
35	2777
378	3871
155	1555
1	0
27	352
0	26
7	33
3	50
20	31
2	0
3	8
9	8
0	8
0	0
0	0
283	778
1	0
1	778
0	49
0	595
3	0
1	121
0	227
0	44
0	0
1	5
0	78
0	78
335	319
2	233
0	170
2	100
11	88
673	2162
139	1322
1	909
0	0
8	6
0	6
0	0
13	61
1876	985
118	291
3	951
43	21
5	182
30	236
10	221
50	222
10	1011
1	975
39	774
4	308
1	397
34	132
14	49
0	0
0	4022
44	11475
0	11679
4	3354
0	223
971	129
0	0
21	137
21	436
6	117
100	651
4	241
37	83
95	67
18	2730
1262	2996
0	450
0	156
23	26
3	4
11	1783
448	451
2	1
36	415
0	404
0	450
46	412
110	629
24	392
1	564
7	364
563	456
0	257
0	4
0	222
0	125
4	20
856	369
80	305
0	69
0	0
0	4
13	9
0	13
0	32
71	1357
2	4
4	3
0	13
2	0
5	71
3	18
1	110
3	16
1	28
2	34
13	1484
4	64
4	26
0	11
4	21
177	541
3	242
7	284
37	232
3	297
2	46
0	5
37	6
8413	1
1	29
23	34
0	26
0	34
1621	1
3	583
15	586
1	583
0	540
0	51
0	18
6	77
259	0
0	0
49	344
2	230
23	808
1	36
0	36
0	354
1965	2119
4	1189
0	453
2	260
2	3
16	3
0	0
0	0
1	0
0	0
0	0
0	0
0	0
0	224
0	2105
7	2008
0	1236
0	151
222	267
6	132
0	56
5	163
0	46
0	288
0	132
7	107
0	1778
0	1960
0	1872
0	1701
3	38
0	78
0	95
4	6
2	44
29	147
12	381
9	77
3	0
0	0
0	353
689	10151
8267	21961
14	4984
25	1598
18	6132
0	0
1	83
0	74
0	83
0	0
517	6
0	6
0	0
3	0
8	614
3	40
2	188
19	618
45	621
0	522
0	0
0	0
0	0
239	789
5	709
0	0
0	0
514	0
0	0
43	3308
6	1083
1	1137
3	66
34	327
34	1245
5	652
10	33
1	187
5	10
0	8
1	60
1	3
6	9
12	0
0	3299
3064	2957
5	502
0	1087
7	214
2	20
0	176
0	742
13	1144
30	0
0	951
347	261
0	261
9	118
0	0
74	359
5	359
0	0
851	441
0	441
0	0
0	104
0	1
0	1
0	0
0	1
0	0
260	3448
196	3405
21	638
0	216
0	0
259	262
33	262
0	135
3	154
0	88
0	33
2148	2361
0	713
0	1714
0	1642
6	11
4	11
496	624
3	559
0	171
19	205
0	42
0	0
0	0
23	542
1233	544
12	0
0	0
0	0
0	0
0	344
1907	559
12	1
0	112
24	100
9	26
41	168
0	27
4	30
0	175
6	127
0	0
0	0
25	87
2	357
0	451
0	465
0	441
0	396
107	474
88	437
254	97
3	104
41	103
0	4
0	610
33	600
69	400
0	386
0	166
0	2
1	162
2	302
1	3
9	49
23	22
37	1855
0	6
42	175
1	844
0	1839
19	642
0	1116
0	57
29	290
100	874
0	16
1	3
38	432
6	262
0	5
19	45
0	0
265	46
9	24
3	11
0	11
0	0
0	0
2273	570
12	567
4	3
42	603
46	5660
1	5930
2	3083
95	3688
0	4745
0	4667
1	22
16	518
0	0
0	197
0	87
4	47
0	0
1	0
27	1424
0	197
5	3613
3	3208
0	2142
0	333
0	192
1	53
0	584
20	5
0	5
0	0
0	0
0	0
0	0
0	0
0	0
0	0
0	0
12	1846
2575	2044
2	0
6	1697
123	1857
1	9
17	106
0	1671
0	20
0	126
75	1314
95	1314
10	25
1392	171
0	169
7	4731
0	5318
42	4944
17	511
13	398
10	17
3	41
904	0
369	3
1	3
3	0
438	706
0	643
0	8
0	63
4	51
26	60
8	60
1	828
0	647
3	322
0	878
0	0
170	6876
31	3242
0	730
0	67
36	504
2	6391
1	506
20	2492
33	1986
3	44
430	462
0	459
4	183
315	6
9	6
39	0
2	338
122	80
2	73
18	289
12	0
8	406
60	2682
14	1968
36	2018
3	2147
9	2121
8	2025
0	1521
0	117
0	22
0	6
3	120
1	115
4	124
8	126
0	30
1	21
5	148
1	132
0	7
1	52
0	25
0	1
0	103
0	103
90	231
9	231
8	137
51	137
2	10579
0	2420
0	1669
46	1672
38	1523
3	9222
1	476
68	2031
1620	1623
0	0
2	983
0	0
0	0
0	0
0	0
0	0
0	0
5	1162
5	135
0	1059
8	881
5	823
2	1052
0	87
0	954
0	0
0	0
0	0
0	0
0	0
0	0
0	0
0	0
714	561
6	558
348	87
0	86
3	1
113	147
1	147
244	652
16	198
21	62
1	47
1	214
0	15
0	39
6	28
0	222
0	0
0	0
0	0
1	341
2	517
0	53
21	261
2	1
1	5
0	3
4	7
1	1
1	499
0	333
11	2100
5	2261
0	54
0	1681
2	145
12	106
0	502
2	145
0	181
17	4
53	323
0	86
1	0
6	59
142	341
0	12
0	341
1	1154
1	1063
1	138
12	107
6	127
11	66
8	8
0	1154
1041	977
78	977
3	1
0	18
23	0
0	0
2	189
0	233
6	193
4	184
155	39
1	46
4	49
1	18
0	86
4	64
9	31
3	62
5	371
76	357
0	49
6	1
2	23
0	44
0	0
495	2371
101	2496
6	1051
1	870
2	4
2	124
0	811
916	476
0	105
16	256
13	0
0	57
0	162
2	814
244	776
6	70
68	146
0	739
0	50
0	177
0	0
0	26
9	26
96	1
235	962
24	966
0	8
1	4
1	5
231	28
15	24
0	0
372	15
0	1
0	14
0	0
945	3068
629	3068
3	2727
471	779
46	615
0	159
8	8
0	156
4	172
5	409
6	374
0	121
0	157
4	478
0	4
541	71
23	0
0	71
0	0
0	0
0	0
0	0
0	0
0	0
176	859
969	823
19	215
0	124
20	826
2	215
8	469
21	821
0	400
0	182
233	347
5	346
0	79
12319	6
0	0
0	0
315	231
6	126
0	21
3	11
11	84
4	20
0	0
173	0
478	9298
1	3599
81	59
0	792
9	1771
119	1161
6	18
8	1106
9	8134
0	2222
27	17
0	3620
235	3418
4	76
1	275
11	348
7	223
10	149
0	31
359	3621
0	0
0	0
0	0
64	14
2	14
0	13
0	913
1	12
13	96
6	121
5	912
26	955
60	1015
4	83
2	72
16	23
1	836
15	11
0	121
0	113
0	58
0	213
14	74
0	101
79	364
0	82
0	261
0	909
795	881
21	1
7	879
6	64
30	189
46	0
0	0
0	0
0	0
0	0
0	0
0	0
0	0
97	2166
5	1679
24	2183
12	213
0	55
1546	384
0	343
1	4
1	66
1	30
170	0
0	1
0	0
0	0
41	271
1	271
0	0
5	0
0	0
0	0
0	0
69	91
18	0
0	0
0	0
237	29
0	29
1	0
40	91
0	0
0	0
958	87
5	0
0	87
0	0
0	0
0	0
0	0
8	0
0	0
1520	287
0	0
3	287
0	132
0	1
8	60
8	6
17	117
42	117
0	21
3	1830
0	1835
0	3035
7	7
15	132
20	646
2	13
0	3021
283	1946
0	1946
0	445
0	445
19	255
5	377
5	171
22	93
12	104
502	23
0	23
46	0
932	840
0	269
62	663
115	355
18	253
65	215
3	112
0	317
1	554
872	707
5	487
0	277
0	115
1	16
0	13
0	2
0	13
0	0
0	0
0	0
296	4294
15	4143
3	268
0	341
1	231
100	46
2	46
0	32
0	24
6	26
0	9
0	3
0	1
0	1
0	0
0	0
1	105
1748	183
40	36
2	41
0	0
0	0
0	85
6	86
3	86
0	3
4	179
1	90
42	193
0	1
2	121
2	8
3	1
43	769
0	216
120	762
0	0
0	0
2866	1
2	626
6	588
17	578
5	5
0	14
4	5
0	0
0	0
0	0
0	0
116	0
0	0
0	0
0	0
0	0
0	318
377	424
9	122
0	173
0	21
6	83
2	80
3	37
6	1
0	106
8	0
1	0
0	2225
3	2165
19	1863
8	1683
2	1410
25	132
0	300
0	32
0	0
0	63
1	123
18	3
0	2160
260	115
1	115
5	0
7	2722
135	2722
0	0
0	0
0	0
0	0
0	0
0	0
0	0
0	0
0	0
0	0
5	133
17	202
0	93
2	89
0	193
0	201
0	190
26	193
0	26
6	0
6	8
0	9
4815	20
1	9
5	46
4	0
26	46
1	1
0	3
0	43
0	1
0	1
0	1
0	0
0	0
0	1
0	0
60	2
47	485
4	486
2	487
0	112
0	2715
0	2319
103	1511
31	1642
0	2373
0	768
2	0
58	1187
0	1100
43	661
16	1
38	18
0	712
0	166
0	207
11	26
1	28
3098	925
28	749
14	799
0	207
0	532
9	655
4	662
0	0
0	0
0	0
788	0
375	6
2	6
4	0
15	0
1	0
25	0
41	799
20	799
1	12
446	12
1	0
0	158
355	609
1	451
1	54
0	0
0	0
0	0
0	0
0	0
0	0
62	10
4	5
1	2
0	5
1031	0
14	1162
36	1162
43	378
3	0
0	73
0	12
0	73
2	95
126	95
11	8
0	8
8	13
0	13
0	0
0	1300
0	1939
0	319
3	250
0	2592
2	2254
27	6
54	39
0	612
484	612
0	1
0	1
1983	3244
17	30
4	1161
9	2320
0	0
17	73
2	64
0	36
0	25
20	279
133	327
0	314
319	313
0	33
0	41
1	35
5	8
0	0
0	0
0	0
200	950
345	590
4	520
0	70
0	0
0	0
58	0
494	0
402	528
4	383
1	0
0	147
0	115
4286	5
0	0
0	0
87	16
10	5
0	11
1	490
46	554
10	490
1	554
1	112
40	71
1	1
0	2
0	1
1	0
0	1
0	0
0	0
0	0
6	0
10	94
25	3
14	5
1	8
144	24
11	0
0	11
1	11
1	94
0	0
7	24
0	0
0	24
0	15
10	22
36	93
0	24
0	24
1	71
0	67
0	70
0	52
5	6
0	0
2	52
0	0
82	16
1	10
0	0
0	0
0	0
0	13
0	13
7	22
5	5
0	24
0	0
0	0
12	17
0	0
0	0
0	17
1	12
14	104
1	124
0	119
0	83
0	17
7	14
0	1
0	22
1	453
17	37
0	333
16	4
10	7
29	0
4	75
1	165
0	19
0	78
0	41
0	453
379	847
6	0
0	132
0	75
17	699
48	146
3	21
0	107
0	39
42	51
379	82
0	8
0	8
0	1
10	38
40	41
6	13
0	258
0	689
16	221
5	484
0	664
0	97
1	101
1	100
0	74
0	8
37	1
0	10
0	10
0	0
7	35
0	7
0	31
0	3
0	6
2	1
23	0
92	524
1244	8188
2	7664
2	49
0	0
91	6652
9	508
18	1
0	3573
55	3424
16	0
330	1115
14	805
54	475
5	671
0	657
1	565
0	115
4	557
3	567
13	612
4	2
0	656
0	0
0	0
0	0
0	33
6	33
9	0
0	0
0	32
1	83
15	83
1	23
0	19
0	21
1	26
4	24
0	18
0	0
0	0
0	0
0	0
0	0
0	177
6	0
0	141
0	178
0	198
1	54
8	14
4	51
0	1
0	12
0	9
0	5
0	4
1	6
1	11
384	397
0	61
0	43
6	336
0	0
22	0
0	0
77	347
15	105
10	52
7	128
13	25
3	18
0	12
0	96
347	615
46	155
0	42
33	32
0	1
0	0
0	514
0	316
6	1378
0	11
0	66
2	42
1	110
0	1380
0	3
0	3
0	1
1	0
50	0
0	0
0	0
275	553
0	38
1	515
0	14
0	286
0	208
1	286
0	0
1	0
0	0
0	2314
9	1072
5	1934
164	2206
37	1368
552	2523
166	821
22	725
84	1181
0	43
0	23
0	23
41	12
17	9
818	157
0	151
1	42
2	37
3	2
0	2
7	1168
104	3882
0	3405
9	623
19	227
0	0
1235	22
0	22
0	3118
6	1061
3	391
3	355
1	3118
834	815
1	601
3	150
51	519
0	340
10	4
0	198
0	231
0	31
0	73
1	23
4	0
0	0
0	0
0	0
149	9
0	9
3	2
2	29
0	0
739	203
25	75
0	40
2	107
18	21
2	8
2	6
0	6
0	6
0	7
1	7
0	0
0	0
0	3
121	0
5	0
214	172
103	171
1	1
0	33
0	0
0	0
0	0
0	0
0	0
0	0
0	0
1	30
2	30
230	1425
13	1240
4	176
3	230
0	5
3	0
0	0
0	0
395	420
3	409
2	384
0	50
0	134
0	16
2	17
0	3
0	6
0	16
1	0
574	45
4	29
0	17
0	0
1	7
0	3
0	5
0	0
0	1190
3	1172
7	1191
68	1164
5	59
2	2
3	0
79	9
0	9
2	0
0	0
0	0
0	0
0	1
0	1
0	0
0	0
19	22
104	178
0	91
0	0
0	14
0	118
0	6
0	0
0	96
240	179
0	49
0	11
0	66
0	0
0	0
0	0
268	1563
266	754
9	249
196	353
1	53
0	106
1	98
4	36
418	36
0	0
9	547
31	98
0	507
2	83
49	445
0	495
0	109
16	150
76	507
473	156
2	156
0	19
0	19
0	25
0	23
0	19
0	0
0	0
0	3
1	3
0	3
0	0
0	1308
57	1343
0	90
1	95
0	35
0	126
1021	540
0	221
0	20
4	76
0	299
0	264
0	388
1	329
1	0
0	0
29	210
18	209
0	210
0	9
16	5820
0	9
0	48
0	5757
0	1
0	5780
0	3513
11	3265
7	64
21	3562
0	5705
0	3656
1	5690
0	0
496	22013
27	20367
127	21012
0	21967
0	20878
66	20960
0	21387
177	9803
3	16282
17	1511
21	3348
50	17495
5	3182
1	1191
0	6178
5	1948
16	1425
0	0
271	627
9	321
0	216
2	81
10	24
5	113
2	122
4	46
0	0
0	0
0	0
14	50
0	50
0	5
5	11
0	0
0	0
0	3
0	0
0	0
0	0
0	0
0	0
0	0
4127	4879
3	587
70	0
10	1808
2	53
0	884
0	132
12	1002
0	0
0	0
0	0
0	0
13	67
0	66
0	0
0	1
2080	1491
0	1087
8	1295
0	382
646	398
5	342
23	3
0	33
0	85
40	91
2	78
0	6
0	0
0	0
0	0
0	941
43	981
6	973
0	979
190	843
185	80
4	102
1	305
0	313
26	194
3	55
25	86
0	12
0	0
0	0
0	0
71	567
14	567
3	833
18	58
585	2677
16	1137
9	123
131	1630
1	60
6	100
158	1132
0	182
10	175
2	1776
4420	2339
1	1871
0	1
3	1180
2	1582
7	1432
2	1562
15	1702
0	1225
2	1226
0	23
8	197
16	1213
8	809
19	1036
15	294
50	162
14	67
339	659
28	672
0	616
0	7
67	1
0	1
8	432
168	432
233	155
1	144
0	131
0	21
2	6
0	0
0	0
0	0
35	177
218	240
6	240
1	2
23	176
0	24
4	16
0	24
0	14
0	24
0	0
0	0
0	0
0	0
0	0
16	4246
0	678
554	4853
85	273
17	43
33	296
17	213
1	453
0	0
1321	45
21	41
0	6
2	8
0	55
0	48
1	21
0	16
0	23
2	2
0	2
0	4
2	12
0	10
0	5
0	2
673	362
3	27
0	89
1	13
41	108
1	89
0	13
4	25
0	3
0	0
1	1002
14	326
12	367
5	2157
23	1083
255	17
0	2157
0	0
0	0
0	0
2	840
39	840
1	77
0	0
0	825
0	0
734	476
9	474
1	3
0	59
3	73
13	7183
0	4998
0	2967
0	2510
2	1416
0	1742
1	1169
75	1980
0	2005
0	1710
61	1356
0	484
0	678
51	483
0	7
32	351
20	261
2	117
3	105
3	66
8	74
0	79
1	1
5	0
1	0
0	8246
0	7920
0	7126
29	69
0	1
2	5
0	69
1219	494
0	28
0	52
0	372
0	488
277	17
13	19
3	4
12	2
31	1442
108	1480
117	1425
3	112
41	19
3212	758
0	14
1	514
3	80
4	92
0	3
0	14
10	231
7	6
30	3
20	43
15	326
0	309
3	261
0	299
2	178
1261	93
0	48
1	44
14	80
0	0
17	79
0	0
73	0
1	0
0	0
5	510
0	0
0	43
37	270
0	457
2	419
0	490
2	32
9	352
7	111
3	10
0	54
1	147
0	10
0	51
18	0
0	11
0	0
0	23
0	24
42	153
3	151
0	0
1	8
0	4
0	25
1	0
0	0
0	0
1	124
1	392
5	390
1184	419
210	260
3	4
4	25
0	0
0	0
0	0
0	0
0	0
0	0
1	49
0	49
1	38
0	7
0	2
0	0
1	0
5384	566
1	559
92	7618
19	14710
24	19556
19	16143
5	10927
0	2204
5	3053
1	243
0	137
6	594
0	2519
2	80
347	2079
6	81
0	1077
43	18
0	1788
0	3367
7	58
0	1682
3	0
0	2133
41	1
17	979
24	94
205	39
6	442
3	2989
24	0
0	0
0	1
0	1
0	6
0	5
0	0
0	1
98	696
1	5
1	613
1	8
0	0
0	32
2	2
0	16
0	226
0	1
2	23
8	60
0	60
412	1747
6	1744
5	7
20	44
187	120
0	15
6	76
15	0
0	0
0	0
0	0
0	0
1	0
0	0
0	0
0	0
0	0
1	101
4	2236
0	2380
0	6
0	250
7	2199
0	214
0	153
1	2065
1	0
9	57
0	2382
729	677
69	673
0	104
16	312
0	55
628	419
18	367
0	52
0	120
0	0
1	33
0	30
0	8
0	0
0	0
0	0
2799	1
50	1999
66	1571
8	1805
167	408
4	1729
79	90
7	0
24	321
15	331
2	226
0	8
11	489
28	490
1	72
2	0
123	71
0	29
0	89
17	0
0	419
50	125
1	462
79	551
1	351
1	364
1	119
3	28
0	53
0	3
0	80
3	5
340	0
8	1258
0	1348
3	160
0	304
20	1081
3	4
0	79
10	20
18	93
5	0
6	63
0	40
0	6
4	57
0	26
0	1297
1	205
3	116
5	270
33	682
0	48
0	85
5	460
13	9
7	9
0	0
0	0
0	0
0	0
204	592
0	601
2	1
0	394
0	265
8	143
32	541
0	24
65	1068
2	1068
115	567
1	211
6373	18687
389	18733
1	52
0	2656
0	123
0	0
0	0
0	2703
0	2157
39	3356
57	12191
121	13166
0	13158
10	13158
0	13290
0	14011
58	795
283	367
15	2289
49	2381
8	757
3	327
0	12
0	14146
0	12570
0	13781
7373	147
4	84
0	64
0	29
0	213
0	37
0	2
31	230
0	110
0	27
0	0
2	39
0	0
0	180
2	0
0	56
17	47
0	36
0	0
1	5
0	75
0	7
0	7
0	12
0	15
0	13
0	13
2	13
0	10
0	12
0	0
0	10
0	10
0	6
0	5
0	2
0	3
5	1
1495	5173
0	1073
11	0
0	0
0	5172
6	286
110	511
3	177
544	505
0	3
0	0
0	0
0	0
2	1170
0	1157
0	151
7	9
0	1157
0	0
0	0
0	0
0	0
0	0
0	0
0	87
4	34
0	98
3	11
0	99
1111	0
0	0
0	9
0	9
0	9
0	0
0	0
720	1204
0	164
29	1080
1	21
2	180
0	360
0	135
11	4
0	0
22	695
104	528
4	53
1	104
3	209
0	0
0	0
997	428
4	305
0	340
0	0
0	0
0	62
0	0
0	11
1	196
1	170
0	176
0	20
2	152
12	2
1	0
41	43
0	7
0	38
0	22
0	49
0	36
0	16
45	2524
0	0
0	0
5	25
3	46
1278	2589
54	2550
2	5
1	76
0	8
3	3
9	211
0	0
0	0
0	0
0	0
37	0
1	0
35	0
0	232
0	67
0	218
47	505
9	666
3	627
5	612
3	149
0	8
0	32
0	0
0	0
4	0
0	0
0	0
0	0
0	0
132	1281
189	1119
0	639
54	199
11	8
0	1281
3696	1
165	12
1	12
15	5801
2	4
20	0
87	1332
7	39
83	280
3	737
4	1
1	45
1	2
28	683
0	43
0	18
0	5794
40	856
7	8
2	315
4	650
26	793
9	1
3	332
3	13
279	243
2	243
0	95
0	79
954	372
0	198
2	151
0	23
0	0
0	0
0	0
0	0
127	187
4	169
4	94
0	18
9	0
287	275
0	18
0	257
0	0
0	305
12	405
0	125
0	34
0	3
0	4
5	53
0	0
0	0
0	33
0	15
60	48
0	417
0	739
0	0
3	0
0	0
0	1
0	8
0	6
0	505
0	1
0	48
0	0
0	64
0	173
0	9
1	7
0	0
0	5
0	4
0	0
0	23
0	74
0	411
0	58
0	63
0	0
0	0
514	0
33	316
0	2499
0	0
681	0
0	37
0	0
0	0
0	67
0	877
0	846
161	0
0	0
2	4732
0	4015
0	285
0	1
0	0
0	1
0	1
0	0
0	0
0	0
1	140
0	0
2	0
0	0
0	43
0	389
0	251
0	0
1	197
0	0
0	0
0	476
0	0
1	2
0	11
0	29
0	66
0	54
0	9
0	7157
0	0
0	27
0	26
0	20
0	311
0	289
0	0
2	10
0	21
0	81
1	46
0	142
0	39
0	27
0	260
0	0
0	0
0	213
0	1363
0	0
0	0
0	2497
0	0
0	0
0	143
0	76
0	220
0	58
2	186
0	4660
0	27
3	54
0	4635
0	25
0	50
0	25
0	46
0	50
0	379
0	86
0	0
0	0
0	0
0	0
0	0
0	0
0	0
0	0
0	0
0	0
0	0
0	0
0	2
0	0
0	0
0	0
0	0
0	0
0	0
0	0
0	0
0	0
0	0
0	0
0	0
0	0
0	0
0	0
0	0
0	0
0	0
0	0
0	0
0	0
0	0
2	0
0	0
11	1
0	0
0	0
0	0
0	0
0	0
0	0
0	0
0	0
440	0
0	0
1	0
0	0
0	0
13	10
132	14
0	0
5	1
0	0
1	1
0	0
13	6
0	0
2	8
0	0
0	0
0	0
0	0
0	0
0	0
2	0
0	0
0	0
0	0
0	0
0	0
0	0
0	0
0	0
0	0
0	0
0	0
0	0
0	0
0	0
0	0
0	0
0	0
2	1
0	0
0	0
0	0
0	0
19	9
492	46
0	0
0	0
0	0
0	0
0	0
0	0
0	0
11	3
5	0
0	0
0	0
0	0
0	0
0	0
0	0
0	0
0	0
0	0
0	0
0	0
0	0
0	0
0	0
0	0
0	0
0	0
0	0
0	0
0	0
0	0
0	0
0	0
0	0
0	0
0	0
0	0
0	0
0	0
0	0
0	0
0	0
0	0
0	0
0	0
0	0
0	0
51	2
0	0
0	0
0	0
0	0
0	0
0	0
0	0
1	0
0	0
0	0
0	0
0	0
0	0
0	0
1	0
0	0
0	0
0	0
0	0
0	0
0	0
0	0
0	0
0	0
1	0
0	0
0	0
0	0
1	0
0	0
0	0
0	0
0	0
0	0
0	0
0	0
0	0
0	0
0	0
0	0
0	0
0	0
0	0
0	0
0	0
0	0
0	0
0	0
0	0
6	0
0	0
0	0
5	9
0	5
0	4
0	0
0	0
19	15
6	0
78	6
0	14
10	14
1	7
2	1
0	1
0	0
0	0
0	1
0	0
0	0
0	0
0	0
0	0
0	0
0	0
0	0
0	0
0	0
0	0
0	0
287	6
0	6
2	21
0	6
21	19
26	19
1	0
0	1
0	3
0	2
0	0
0	0
0	0
0	0
8	51
53	8
0	45
1	1
2	1
0	0
0	0
47	0
0	0
0	3
0	3
3	0
0	0
0	0
0	0
0	0
2	408
4	210
225	253
0	18
4	7
49	43
0	2
1	2
0	41
2	4
4	0
0	10
0	10
1	0
6	0
0	2
0	0
0	1
0	1
0	0
0	1
0	0
0	86
120	119
6	119
1	0
12	0
101	19
0	19
0	0
0	0
0	0
0	0
0	0
0	30
0	0
0	0
1	0
0	3
0	0
0	0
0	0
0	0
0	0
0	0
0	0
37	0
0	0
0	0
1	77
0	0
0	0
0	2
0	0
0	0
0	0
19	0
0	0
0	0
3	0
6	0
0	6
0	0
0	0
225	0
24	748
41	0
0	12
2	0
0	0
14	16
1	0
0	0
0	8
3	0
5	64
2	62
0	0
71	16
2	0
0	17
1	0
0	116
0	4
0	1
0	0
23	0
0	16
0	0
10	4
0	2
0	0
1	0
0	2
0	47
1	9
0	0
0	0
2	0
0	0
0	0
1	0
0	0
0	0
0	0
2	0
0	0
0	0
2	0
0	0
0	0
4	0
4	0
0	0
0	0
0	9
0	0
0	0
0	0
0	0
0	0
0	0
0	0
0	0
0	0
0	0
2	0
0	0
0	0
3	0
0	0
0	0
0	0
0	0
0	0
0	0
0	1
24	26
0	0
0	0
0	0
9	0
0	0
0	6
0	1
0	0
0	0
0	0
1	1
0	0
0	0
0	0
0	0
0	0
0	0
0	14
0	21
0	0
0	0
0	0
0	0
0	0
0	0
0	0
0	0
0	0
0	0
0	0
0	0
1	0
0	0
0	0
0	0
55	125
0	125
0	0
0	0
1	0
0	0
0	0
0	0
3	39
2	0
11	130
0	43
1	34
0	1
1	1
0	1
0	0
0	0
0	0
0	0
2	0
0	0
0	0
0	0
35	92
91	194
252	224
3	27
15	163
0	156
0	16
0	0
1	0
0	0
0	0
1	18
0	0
0	0
0	0
0	1
2	1
7	0
15	19
3	1
0	5
0	5
0	2
0	2
0	0
3	0
0	0
0	0
1	0
0	0
0	0
0	0
0	0
0	0
9	0
0	0
0	0
0	0
0	0
0	0
0	0
0	0
0	0
0	0
0	0
0	0
1	0
0	0
0	0
0	0
0	0
0	0
0	0
0	0
0	0
0	0
0	1
1	0
0	1
0	0
0	0
0	10
0	0
0	22
9	4
0	0
0	0
0	0
0	0
2	0
0	0
5	13
17	2
0	5
0	8
0	2
0	1
0	0
0	0
0	0
0	0
0	0
0	0
0	0
0	0
0	2
0	0
0	0
0	0
0	0
0	0
0	1
0	1
0	0
0	0
0	0
0	0
0	0
0	0
0	1
0	1
0	1
0	0
0	1
0	0
0	0
0	0
0	0
0	0
0	0
0	0
0	0
0	0
0	0
4	29
0	29
69	3
0	3
0	0
0	0
0	0
0	0
0	0
0	0
548	1442
20	1439
12	0
0	0
0	0
1	0
0	0
0	0
65	38
2	46
2	9
4	8
0	0
0	0
0	0
0	0
0	0
0	0
0	0
0	0
0	0
0	0
0	0
0	0
0	0
75	7
0	14
0	9
144	8
0	8
0	7
1776	2364
0	2034
3	367
2979	1073
0	8
0	0
0	0
0	0
0	0
0	0
1	0
0	0
0	0
14	6
0	22
0	0
0	0
0	0
0	0
0	0
0	0
0	0
0	0
0	0
30	1
0	4
7	7
8	0
40	4
0	0
0	0
0	0
0	0
0	0
0	0
0	0
0	0
0	6
4	13
0	13
0	9
0	0
0	0
0	0
0	0
0	11
1	3
1	7
0	0
0	0
0	0
0	0
0	0
0	0
163	53
26	50
88	109
0	5
4	64
0	0
0	0
0	0
5	0
0	0
2	17
0	17
0	0
0	0
0	0
0	9
0	6
0	0
0	0
0	0
1	8
0	8
0	0
1	0
0	0
0	0
0	0
0	0
0	0
0	0
0	0
0	0
0	0
0	0
0	0
0	0
0	0
0	0
0	0
0	0
0	0
0	0
0	0
0	0
0	0
0	0
0	0
0	0
0	0
0	0
20	1
0	0
8	1
0	0
0	0
0	0
0	0
0	0
0	0
0	0
0	0
0	0
0	0
0	0
0	0
11	0
0	0
0	0
4	1
0	0
0	1
0	0
0	0
64	0
0	0
0	0
0	0
0	0
0	0
0	0
0	0
0	0
0	0
0	0
0	0
0	0
0	0
0	0
0	0
0	0
3	2
0	2
0	0
1	1
1	1
0	0
0	0
0	0
30	37
10	36
88	22
0	1
0	1
0	0
78	918
832	923
0	0
32	0
4	0
0	0
0	0
95	12
0	12
39	3
0	2
0	0
0	0
0	0
0	0
0	0
2	760
0	26
0	372
0	0
0	0
0	0
0	0
0	0
0	0
0	0
0	0
0	0
0	0
1	0
0	0
0	0
0	0
0	0
0	0
0	0
0	0
0	0
0	0
0	0
0	0
0	0
0	0
0	1
0	2
0	0
1	2
2	1
0	1
0	0
0	4
0	4
0	0
0	0
0	0
0	0
0	0
0	0
0	0
0	0
0	0
234	0
0	0
0	0
0	0
0	0
0	0
0	0
0	0
0	0
0	0
0	0
82	314
1	68
0	45
0	194
12	7
1	238
55	79
3	65
0	0
0	0
0	0
0	0
0	0
0	0
0	0
0	0
0	0
0	0
0	0
0	0
0	0
0	0
0	0
0	0
0	0
0	0
0	0
0	0
0	0
0	0
7	3
3	25
167	1178
3	10
61	110
1	14
0	115
0	0
0	0
0	0
0	0
0	3
0	0
0	0
0	0
0	0
0	0
0	0
0	0
2	621
127	629
774	215
0	215
0	1
0	0
0	0
0	0
0	0
0	0
0	0
0	0
0	0
0	0
0	0
0	0
0	0
9	27
56	27
0	3
0	0
0	0
0	0
0	0
0	0
0	0
0	0
0	0
0	0
0	0
0	0
0	0
0	0
1	1
0	0
0	0
0	0
0	0
0	0
0	0
0	0
0	0
0	0
0	0
0	0
0	0
0	0
0	0
0	0
0	0
0	0
0	0
1	0
0	0
2	10
0	0
1	0
0	0
1	0
0	0
0	0
0	14
3	10
0	2
0	0
0	2
0	2
0	2
0	2
0	0
0	0
0	0
0	0
4	0
0	0
0	0
0	0
0	0
0	0
0	0
0	0
0	0
360	82
0	82
0	0
0	0
0	0
0	0
0	0
0	0
0	0
0	0
0	0
1	12
1	19
0	5
0	0
0	0
0	0
0	198
0	167
42	22
19	22
26	102
13	53
0	0
0	0
0	0
0	0
0	0
2	0
0	0
5	1
0	0
1	0
0	11
0	11
0	0
0	0
0	0
2	0
0	0
0	0
39	157
7	105
9	102
0	22
1	149
3	12
0	5
6	43
0	23
0	8
0	6
0	6
0	1
0	0
0	0
0	0
0	3
0	3
0	3
0	5
0	4
0	5
0	0
0	0
0	0
13	2
1	0
1	2
7	4
0	5
27	5
34	87
20	22
18	72
29	125
6	125
0	0
0	0
0	1
0	1
0	0
0	0
0	0
0	0
0	0
0	0
0	0
0	0
0	0
0	0
0	0
0	0
0	0
0	0
1	0
0	0
0	0
0	0
0	0
3	47
0	31
0	0
0	0
0	0
0	2
0	0
0	0
0	1
0	0
0	0
0	0
0	0
0	0
0	0
51	4
4	4
0	0
0	0
0	0
0	0
5	0
8	0
0	0
1	2
0	0
0	0
0	0
7	69
106	4
12	79
0	19
30	94
15	48
0	33
1	0
0	0
598	1842
0	1
0	0
0	0
0	1
6	1
0	0
1	5
0	0
0	0
0	0
0	0
0	0
0	0
0	0
0	0
0	0
0	0
0	0
0	0
0	0
0	0
3	5
0	5
0	0
0	0
3	2
3	2
1	0
0	0
0	0
0	0
2	0
0	0
1135	869
1962	2551
13	3555
3	2860
8	6
0	6
0	0
0	0
0	0
0	0
0	0
0	0
0	0
0	0
0	0
0	0
0	0
0	4
1	3
0	0
0	19
0	0
5	9
0	239
103	2030
0	0
0	0
1	20
0	0
3	0
2	55
0	0
0	0
0	0
0	0
0	0
0	0
0	0
1	0
1	0
123	0
1	0
0	36
0	0
0	0
0	0
0	0
0	0
0	119
1	0
0	0
0	14
0	0
0	0
0	0
0	0
0	0
64	0
0	0
0	0
0	0
0	0
0	0
0	0
0	0
0	0
0	0
0	0
0	0
0	0
0	0
3	0
1	196
9	202
0	0
0	0
0	0
0	0
2	0
0	0
0	0
0	0
0	0
0	0
0	0
0	0
0	0
0	0
0	0
0	0
0	0
0	0
0	7
0	0
0	0
0	0
0	0
1	0
0	0
0	0
0	0
3	155
0	0
0	0
0	0
0	0
0	0
0	0
0	0
0	0
0	0
4	0
0	0
0	0
0	0
0	0
0	0
0	0
0	0
0	0
0	0
0	0
0	0
0	0
0	1
0	0
0	1
2	10640
0	0
0	0
0	0
0	0
0	0
0	0
0	35
0	0
0	0
0	0
0	0
0	0
0	0
0	0
0	0
3	0
0	0
0	0
0	0
0	0
0	0
0	0
0	0
2	116
0	0
0	0
0	0
0	3
4	0
0	0
0	0
0	0
0	0
0	0
0	0
0	0
3	0
0	0
0	0
0	0
0	0
0	0
0	0
0	0
0	0
0	0
9	0
0	0
0	0
0	0
0	0
0	0
0	0
0	0
0	0
0	0
0	0
0	0
0	0
0	0
0	0
0	0
0	0
0	0
1	7
0	0
0	0
0	0
0	0
0	0
0	0
0	0
0	0
0	0
0	0
0	0
0	0
0	0
0	0
0	1
0	0
0	0
0	0
0	0
0	0
0	0
0	0
0	0
0	0
0	0
1	0
0	0
1	0
0	0
0	0
5	0
0	0
0	0
0	0
6	0
1	0
0	0
0	0
0	0
0	0
0	0
0	0
0	0
0	0
0	0
0	0
0	0
1	1
0	0
0	0
0	0
1	0
0	6
0	0
0	0
4	10
0	0
0	0
0	0
0	0
0	0
6	1480
0	0
0	0
0	0
0	0
1	0
0	0
0	6
0	0
0	0
0	0
0	0
0	0
0	0
0	0
0	0
0	0
0	0
0	0
0	0
0	0
3	0
0	0
0	0
0	0
0	0
0	0
0	0
0	0
0	101
0	0
0	0
0	0
0	0
0	0
0	0
0	0
0	0
0	0
0	0
3	0
0	0
0	0
0	0
0	0
3	0
3	18
0	0
0	0
0	3
0	0
0	0
4	606
4	0
0	0
2	0
0	0
0	0
0	0
0	0
0	0
0	0
0	0
0	0
0	0
0	0
0	0
2	0
0	0
0	0
12	615
0	0
0	0
0	0
0	0
0	0
0	1
0	0
0	0
0	0
0	0
0	0
0	0
0	0
0	0
0	0
0	813
0	0
0	0
0	0
0	3
0	32
0	0
0	0
0	0
1	10
0	0
0	0
0	0
0	0
0	0
0	0
14	0
0	0
0	0
0	0
0	0
1	0
0	0
0	0
0	0
0	0
0	0
0	1
0	0
0	2
0	297
0	0
0	0
0	0
0	0
5	0
4	0
0	0
0	0
0	0
0	0
11	1373
0	0
0	0
0	0
10	1617
0	0
1	0
0	0
0	0
0	0
0	0
0	2133
0	0
0	0
28	6
0	0
0	0
0	0
0	0
0	0
0	0
2611	9031
0	267
1	0
1	0
0	0
0	0
0	0
0	0
0	0
0	85
2	0
0	11
0	0
2	0
0	0
0	2
0	487
0	0
0	0
1	0
0	0
0	0
0	0
0	0
0	0
0	0
0	0
0	0
0	0
0	0
0	0
0	0
0	0
1	0
0	0
0	0
0	0
0	0
0	0
0	0
0	0
0	0
0	0
0	9
0	0
0	0
0	0
0	0
0	0
0	0
0	0
0	0
1	35
0	0
0	0
0	0
0	0
0	0
0	0
0	0
0	0
0	0
0	0
2	737
0	0
1	1
0	0
3	85
0	0
0	0
0	0
0	0
0	0
0	0
0	0
0	0
0	0
0	0
0	0
0	1
0	0
0	0
0	0
0	0
0	0
0	0
0	0
0	0
0	0
0	0
0	0
0	0
0	0
0	0
0	0
0	0
0	0
0	0
0	0
4	148
0	0
3	0
0	0
0	0
0	0
0	19
0	0
0	0
0	0
0	3878
0	322
0	0
0	0
1	0
0	0
2	7
2	0
0	0
0	0
0	0
0	0
0	0
0	0
0	227
0	0
0	0
0	0
0	0
2	0
0	0
0	0
0	0
0	0
0	0
1	0
0	0
0	0
0	0
2	248
0	0
0	0
3	0
1	0
0	1
0	0
0	0
0	0
0	0
0	0
0	0
0	0
0	0
1	0
0	0
3	0
0	0
0	0
0	0
0	0
0	0
0	0
0	1
0	0
0	0
1	0
0	0
0	0
0	0
0	0
0	0
0	0
0	0
0	0
3	0
3	9
0	2
0	0
0	0
5	42
1	0
0	0
1	0
0	0
17	38
0	0
1	0
0	0
0	1
2	0
0	0
0	0
0	0
0	0
0	0
0	0
0	0
0	0
0	0
0	0
0	0
0	0
0	0
0	0
0	0
13	550
0	0
0	0
0	0
0	0
2	1
0	0
0	0
0	0
0	290
0	0
0	0
0	0
12	1
0	0
144	0
0	0
0	0
0	0
2	65
0	0
0	4
0	0
0	0
0	0
1	0
0	0
0	0
0	0
0	0
0	0
0	0
0	0
0	0
0	0
1	0
0	0
1	0
0	0
0	0
0	0
0	0
0	2
1	103
0	0
0	0
0	0
0	0
0	0
0	12
0	0
5	0
0	0
2	168
0	26
1	0
1	0
0	0
1	0
0	0
2	0
0	0
0	0
0	0
0	0
0	0
1	0
0	0
0	0
4	0
0	0
0	0
0	0
0	0
0	0
2	0
0	14
0	0
1	20
0	0
0	0
0	0
0	0
0	0
1	0
0	0
0	0
0	0
0	0
0	0
0	0
0	0
0	0
0	0
0	0
0	0
1	0
0	0
0	3
0	0
0	0
0	0
6	10
0	0
0	2
0	0
0	0
0	0
0	0
3	0
0	0
0	0
0	60
0	0
0	0
0	0
0	0
10	427
0	0
0	0
0	0
0	0
1	14
0	0
1	345
0	0
0	0
0	0
0	0
0	0
0	0
0	0
1	67
0	0
0	0
0	0
0	0
0	0
0	0
0	0
2	0
0	0
0	0
0	0
0	0
0	0
0	0
0	0
0	0
0	0
0	0
0	0
0	0
0	0
0	0
0	0
0	0
0	0
0	0
0	0
0	0
0	0
0	0
0	0
0	0
0	0
0	0
0	0
0	0
0	0
0	0
0	0
0	0
37	661
0	0
1	228
0	0
0	0
0	0
0	0
0	0
0	0
0	0
0	0
0	0
0	0
0	0
0	0
0	0
0	0
0	0
0	1
0	0
0	0
0	0
0	0
0	0
0	0
0	0
0	0
0	0
0	0
0	0
4	0
0	0
3	0
0	0
0	0
2	37
0	0
2	6
0	0
0	0
4	973
0	0
0	0
0	0
0	237
0	0
4	0
0	0
0	0
0	750
0	0
0	0
1	0
0	0
0	0
0	0
0	0
0	0
2	0
0	0
1	0
0	0
0	0
0	0
0	0
4	40
5	0
0	0
0	0
0	0
61	108
0	0
1	0
0	4206
0	0
0	0
0	0
0	0
26	0
0	0
0	0
0	4
1	0
0	0
0	69
0	0
0	133
0	0
0	0
0	0
0	2
5	0
0	0
0	0
0	0
2	0
0	0
0	0
0	0
0	0
2	5393
0	0
0	0
0	0
0	0
0	0
1	1
0	0
0	0
0	0
0	0
0	0
0	0
0	73
0	0
1	0
0	0
0	0
0	0
0	0
0	0
0	0
0	0
0	0
0	0
0	0
3	0
1	0
0	0
0	1
0	0
0	0
0	0
3	0
0	0
0	92
0	0
0	0
0	109
2	4
0	0
0	0
0	0
0	0
0	0
0	0
0	0
0	0
0	0
0	0
0	0
0	0
0	0
0	0
0	155
2	127
0	0
0	0
1	0
0	0
0	0
0	0
0	0
0	0
0	0
0	0
0	0
0	0
0	0
0	0
0	0
12	0
0	0
0	0
0	0
0	0
0	0
0	0
0	0
1	0
0	0
0	0
0	0
0	0
0	0
1	237
0	0
0	0
0	0
0	1
0	8
0	0
0	0
0	0
0	0
0	0
0	0
0	0
2	2
0	0
0	0
15	213
0	0
0	0
0	0
0	0
0	0
0	0
0	0
0	0
0	0
0	0
0	0
5	36
0	0
0	0
0	52
0	0
0	0
0	0
0	0
0	0
0	0
4	0
0	0
1	0
0	0
0	0
0	0
0	0
0	0
0	0
0	0
0	0
0	0
4	405
0	0
0	0
0	0
0	0
1	0
0	0
0	0
0	0
10	0
0	0
0	0
0	0
0	0
0	0
0	0
0	0
0	0
1	0
5	0
0	0
0	0
0	0
0	0
4	0
0	0
0	0
0	0
0	0
0	0
0	0
0	0
0	0
0	0
0	0
2	0
7	228
0	0
0	0
0	0
0	0
0	0
0	0
0	68
0	0
1	168
0	0
1	1395
0	7
0	0
0	0
7	0
0	0
0	0
0	0
0	0
3	3
0	0
0	0
0	0
0	0
0	0
0	0
0	0
3	0
5	0
0	0
0	0
0	0
0	0
14	78
0	0
0	0
0	0
0	0
0	0
0	0
0	0
1	0
1	0
0	0
0	0
0	0
0	0
1	0
3	86
0	28
0	0
0	0
0	0
0	0
0	0
0	0
0	0
0	0
0	0
0	108
0	0
0	0
0	0
0	602
0	12
0	8
0	0
0	0
0	0
0	0
0	0
0	0
0	0
0	0
0	0
0	0
1	0
0	5
0	0
3	198
4	1851
6	0
0	0
0	0
0	0
0	0
0	0
4	1581
0	0
0	0
0	0
0	7
0	0
0	0
0	0
0	0
0	0
0	0
0	635
0	0
0	0
0	0
0	0
0	0
0	0
0	0
0	0
0	0
0	15
0	0
0	0
0	0
0	0
0	0
1	0
0	0
0	0
0	0
0	0
0	0
0	0
0	0
0	0
0	0
0	0
0	5
0	0
0	0
0	0
0	0
38	2
3	0
0	0
0	0
0	0
0	46
0	0
1	0
0	0
5	4432
0	0
1	0
0	0
0	0
0	0
0	0
0	0
0	0
0	0
0	0
0	0
0	0
0	0
0	28
0	0
0	0
0	0
0	17
0	0
0	0
0	0
3	0
0	0
0	0
0	0
0	0
0	0
0	0
0	0
0	0
0	0
2	0
0	0
0	0
0	0
0	0
0	0
0	0
0	0
0	0
0	0
0	0
0	54
0	0
0	0
0	0
0	0
0	0
0	0
0	0
0	0
0	0
0	0
0	0
0	0
0	0
0	0
0	0
2	0
0	0
0	0
0	2
0	0
2	53
0	0
0	0
0	0
0	0
0	0
0	0
0	0
0	3
0	0
0	0
3	300
0	0
0	0
1	0
0	0
0	0
0	0
0	0
1	0
1	0
0	0
0	0
0	0
1	505
0	0
0	0
1	1
0	0
2	0
2	120
0	0
1	0
0	0
0	0
3	0
0	0
0	0
0	0
1	0
0	0
0	0
1	3
0	0
0	0
0	0
0	0
5	127
0	0
0	0
0	0
0	0
0	0
0	0
1	0
2	0
0	0
0	0
0	0
0	0
0	669
1	8
0	0
0	0
1	0
0	0
6	1178
1	0
0	0
1	0
0	0
0	0
0	0
0	0
0	574
0	0
2	0
0	0
0	0
0	0
0	0
1	55
0	0
0	2
0	0
0	0
0	1
0	0
0	0
0	0
0	0
0	0
2	0
0	0
0	0
0	0
1	0
0	0
4	2
0	0
0	0
0	0
0	35
0	0
0	0
0	0
0	0
0	0
0	0
0	0
0	0
0	0
0	4
0	0
0	0
0	0
0	0
0	7
1	2
0	0
0	0
0	0
0	0
0	0
0	0
1	674
0	0
0	137
4	5
0	0
0	0
0	0
1	0
0	0
0	0
0	0
0	0
0	3
0	0
0	0
0	22
0	0
0	0
1	0
0	0
1	0
0	0
0	0
0	3
0	5
1	1
0	0
0	0
0	1
0	0
0	0
4	0
0	0
0	0
2	2
0	0
0	0
0	0
0	0
0	0
0	0
0	0
0	0
0	0
0	0
0	0
0	0
0	0
0	0
2	0
0	0
0	0
0	0
0	0
0	0
0	0
0	0
0	0
0	0
0	0
0	0
0	0
0	0
1	0
0	0
0	0
0	1
0	0
0	0
0	0
0	0
0	0
0	0
0	0
0	0
0	0
0	0
0	0
0	0
0	0
0	0
0	112
1	16
0	0
0	0
1	0
0	0
0	0
6	0
0	0
0	0
0	0
0	193
0	0
0	0
21	0
1	225
0	0
6	823
0	0
0	0
0	669
1	0
0	0
0	0
0	0
0	0
0	0
0	0
0	1830
0	0
0	3
0	0
0	0
0	0
0	0
0	0
0	0
30	0
15	0
0	0
0	0
0	0
0	2
0	0
0	0
3	478
0	0
0	0
1	2
0	0
0	0
0	0
1	0
0	0
0	0
0	0
0	0
0	0
0	0
0	0
0	0
1	13
3	423
2	71
0	0
0	0
0	0
0	0
0	0
0	0
1	0
0	0
0	0
0	0
0	0
0	0
0	0
0	0
0	0
0	0
0	0
0	0
0	0
0	0
0	0
0	0
0	0
0	0
0	0
0	0
2	0
0	0
0	0
0	0
0	0
0	0
0	0
0	0
0	0
0	0
0	0
0	1
0	0
2	0
0	0
0	0
0	0
0	0
0	0
0	0
0	152
0	0
1	0
0	0
1	0
0	0
0	0
0	0
0	0
0	0
0	0
0	0
1	0
0	0
0	0
0	0
0	0
0	0
0	0
0	0
0	0
0	0
0	1
0	0
0	0
0	0
1	0
5	0
0	0
0	0
5	2
0	0
0	0
0	0
0	0
0	0
0	0
0	0
0	0
0	0
0	0
2	0
0	6293
2	13
0	0
3	17
0	0
0	0
0	0
0	0
0	0
0	0
0	0
0	0
0	0
0	0
0	0
0	0
1	19
0	0
0	0
0	0
0	0
0	0
6	0
0	0
0	0
0	0
0	0
0	0
0	0
0	0
3	101
0	0
0	0
0	0
0	0
248	245
4	4
0	24
0	0
0	0
0	0
0	0
0	0
1	1
0	0
0	0
0	0
0	0
0	0
0	0
1	0
0	0
0	0
0	1
1	743
0	0
0	0
0	0
0	1
0	0
0	0
0	0
0	0
0	0
0	1
0	0
0	0
0	0
0	0
0	0
0	0
0	0
0	0
0	0
0	0
0	0
0	0
0	0
0	0
0	0
0	0
0	0
0	0
0	0
1239	74
1	1
0	0
0	0
1	0
0	0
0	0
0	0
0	0
0	0
0	0
0	0
174	1
0	0
0	0
0	0
0	0
0	0
0	0
0	0
0	0
0	0
0	0
0	245
0	0
0	125
0	0
101	489
0	0
0	0
0	0
0	0
0	0
0	0
0	0
2	0
0	0
0	0
0	4
0	0
0	0
0	0
0	0
0	0
0	0
0	0
0	0
0	0
0	0
0	0
0	0
0	0
0	0
0	0
0	0
0	0
1	0
153	1359
1	0
0	0
0	0
0	0
0	0
0	0
38	83
1	33
0	0
0	0
0	0
0	0
0	0
0	0
0	0
0	0
0	0
0	0
0	0
0	0
0	0
0	0
0	0
3	0
0	0
0	0
0	4
0	0
6	841
0	0
0	0
0	0
0	0
0	0
0	0
0	0
0	0
0	0
0	1
0	0
0	0
0	0
0	0
0	0
0	0
1	0
0	0
0	0
0	0
0	0
0	0
0	0
0	0
0	0
0	0
0	0
0	0
0	0
0	0
0	0
0	0
0	0
0	0
0	22
0	0
0	0
0	0
0	0
0	0
0	0
0	0
0	0
0	0
0	0
0	0
0	0
0	0
0	0
3	0
0	0
0	0
0	0
0	1513
0	0
0	3
1	0
0	0
0	0
0	0
0	0
0	0
0	0
1	0
0	0
0	0
0	0
0	0
0	0
0	0
0	0
2	7
0	0
0	0
0	0
0	0
0	0
0	0
0	0
0	0
0	0
0	0
1	100
1	0
0	0
0	0
0	0
0	0
0	0
0	0
0	0
0	0
0	0
4	0
0	0
0	0
0	0
0	0
0	0
0	0
0	0
0	0
0	0
0	0
0	0
0	0
0	0
0	0
0	1
0	0
0	1
0	5
0	0
0	0
0	0
0	0
0	0
6	1594
0	0
0	0
0	0
2	0
3	0
0	0
52	40
0	0
0	0
0	3
0	0
0	0
3	829
0	0
0	0
0	14
1	0
0	0
0	0
0	0
1	0
0	0
18	5666
2	0
0	0
0	0
0	0
0	0
0	0
0	3
0	0
0	0
0	0
0	0
0	0
0	0
0	0
0	0
0	0
0	0
0	0
0	0
0	0
0	0
0	0
2	5
0	0
0	0
0	0
0	0
0	0
0	10
0	0
0	0
0	0
0	0
0	11
0	0
0	0
64	605
5	0
0	0
0	184
0	3
0	0
2	4
0	0
0	0
0	4
0	0
0	0
0	10
0	0
3	0
0	0
0	0
0	0
0	0
1	0
0	0
0	0
0	1
1	0
0	0
6	595
0	0
0	0
0	0
0	0
0	0
0	0
0	0
0	0
0	0
0	0
0	0
0	0
0	0
0	0
0	0
0	0
0	0
0	0
0	11
0	0
0	0
0	0
0	0
0	0
1	0
0	0
0	0
0	0
0	0
0	0
0	100
0	0
0	0
0	0
0	0
0	0
0	0
0	1559
0	0
0	0
1	389
0	0
0	0
0	0
0	0
0	0
0	0
0	0
0	0
0	0
0	0
0	0
0	0
0	0
0	0
0	0
0	0
0	15
4	3
0	0
0	0
0	0
0	0
0	0
0	0
0	0
0	0
2	0
0	0
0	0
3	0
0	690
0	0
3	0
0	0
0	1
0	0
0	0
0	0
0	0
0	0
0	0
0	0
0	0
0	0
0	0
0	0
3	0
0	0
0	0
0	0
0	0
2	2100
0	0
0	0
0	0
0	0
0	0
1	0
0	0
0	0
0	0
0	0
0	0
0	0
0	0
0	539
4	4150
0	0
1	0
0	0
0	0
0	0
0	0
9	0
1	0
0	0
2	0
7	0
0	0
0	0
1	0
0	0
0	0
0	0
0	0
0	3
0	0
1	2
1	0
0	0
0	0
0	9
1	0
0	2564
0	0
14	11574
0	0
2	0
0	0
3	12
0	0
0	0
0	0
7	4200
0	0
0	0
0	0
0	0
1	0
0	0
0	0
0	0
0	0
0	0
0	0
0	0
0	0
11	0
0	0
0	0
0	0
0	0
5	87
0	0
0	0
0	0
0	0
0	0
0	0
0	0
0	0
0	0
0	0
21	1
0	0
0	0
0	0
4	810
0	0
1	0
0	0
1	0
0	0
0	1
0	0
0	0
0	0
0	0
0	0
0	7
0	0
0	0
0	0
0	0
0	0
0	0
5	2
0	0
0	0
0	0
0	0
0	0
0	0
0	0
1	3646
0	0
1	0
0	0
0	0
0	0
1	14
17	0
0	0
0	0
0	0
0	0
0	0
0	0
1	2571
0	0
1	1543
0	0
0	0
0	0
2	0
0	0
0	0
0	0
1	0
0	0
8	4198
0	0
3	74
0	0
0	0
15	1590
0	0
0	1
0	32
0	0
0	0
1	0
0	0
0	0
0	0
0	0
0	0
0	4511
0	0
10	3890
0	2
0	0
0	0
0	0
0	83
0	7
0	0
0	0
0	0
0	0
0	0
0	0
0	0
0	0
0	0
0	0
1	0
0	0
0	0
0	121
0	0
1	21
0	0
0	0
0	77
0	0
0	0
0	0
0	0
0	0
0	0
0	0
0	0
1	0
0	0
1	0
24	0
0	0
0	0
0	0
0	0
1	0
1	0
1	0
1	0
0	2254
0	12
0	0
0	0
0	0
0	0
0	0
0	0
0	0
0	0
0	0
1	1
0	0
0	0
0	0
0	0
0	0
0	0
0	0
1	0
0	0
0	0
0	0
0	0
1	0
0	0
0	0
31	0
0	1341
0	0
1	5
0	0
0	1084
0	0
0	0
0	0
0	0
0	0
3	927
0	0
0	0
0	0
0	0
0	0
0	0
8	0
0	0
0	0
0	0
0	0
0	0
0	0
2	0
0	0
3	25
0	0
0	0
0	4613
0	0
0	0
0	0
4	0
0	0
0	0
0	0
1	0
0	0
1	0
0	0
0	0
0	0
0	0
0	0
0	989
1	0
0	0
0	0
1	0
0	0
0	0
0	0
0	0
1	0
0	0
0	0
0	0
0	0
0	0
0	0
0	0
0	1
1	28
0	0
0	0
0	0
0	0
0	0
0	16
0	0
0	0
0	0
0	0
1	283
0	0
0	228
0	0
0	0
0	0
0	0
0	0
0	0
0	0
0	0
0	0
1	128
0	0
19	58
0	0
3	25
0	0
0	0
0	0
0	0
0	0
2	0
0	0
0	0
0	0
0	0
0	3232
1	0
0	0
0	0
0	2
2	0
0	0
0	0
0	0
0	0
0	0
1	2
0	0
0	0
0	0
0	0
1	1932
0	0
2	523
1	23
1	104
0	0
0	0
14	0
1	0
0	0
0	0
0	0
0	0
0	0
2	1
1	1
0	0
0	0
1	0
0	0
0	0
0	0
0	0
0	0
0	0
0	0
0	0
0	0
0	0
0	0
0	0
0	0
1	0
0	0
0	0
0	0
1	0
0	0
0	0
0	0
0	104
0	0
0	0
0	0
0	0
0	0
0	0
10	806
0	0
0	0
0	0
0	0
0	0
0	0
1	0
1	0
0	747
0	0
0	0
0	0
0	0
0	0
0	70
0	0
0	0
5	286
0	0
2	29
0	0
0	0
1	5
0	0
0	0
0	0
0	0
0	0
0	0
0	0
0	0
0	0
0	0
8	17
8	1424
0	0
0	0
1	0
0	0
2	0
1	0
1	0
0	0
0	0
0	0
0	0
2	0
5	0
0	0
0	0
2	0
0	0
0	0
0	0
0	0
6	1530
0	0
0	0
2	0
3	0
2	0
0	0
0	13
0	0
0	0
2	9
3	2843
0	0
0	0
0	0
0	0
0	0
0	0
0	0
0	0
1	0
0	0
0	0
0	0
0	0
2	30
3	0
0	0
0	0
0	0
0	0
1	93
0	0
0	0
0	0
0	1
0	0
0	0
2	0
0	0
0	0
0	39
0	0
0	0
0	0
0	0
0	0
0	0
0	0
0	0
0	0
0	0
2	214
0	0
0	0
0	0
0	0
0	0
0	0
0	0
0	26
0	0
1	0
13	86
5	0
0	0
0	0
1	380
0	0
0	0
0	0
0	0
0	0
0	0
1042	5154
0	0
0	0
0	0
0	0
0	0
0	0
0	0
0	0
0	0
0	0
0	0
5	20
0	0
0	0
0	0
0	0
0	0
2	2
0	0
3	0
1	0
0	0
0	0
0	0
0	0
0	0
3	155
0	0
0	0
0	0
0	0
0	0
0	0
0	0
0	0
0	0
0	0
0	0
0	0
0	0
0	0
0	0
0	0
0	0
0	0
0	0
0	0
0	0
2	25
0	0
0	6
0	0
0	0
0	0
0	0
0	0
1	5
0	0
6	0
0	0
0	0
0	0
0	0
0	0
0	0
0	150
0	0
0	0
0	0
0	0
0	0
0	0
0	0
0	0
0	0
3	0
0	0
0	15
0	0
0	0
3	9
0	0
0	0
0	0
0	0
0	0
0	0
0	0
0	0
1	0
0	0
0	0
2	0
1	0
0	4518
0	0
0	0
0	0
0	150
0	0
0	0
0	0
0	2
0	0
0	0
0	0
0	0
0	0
0	0
0	0
0	0
1	0
0	338
0	0
0	0
0	177
0	0
0	0
0	0
2	0
0	0
0	0
0	0
0	0
0	0
0	0
0	0
0	0
0	0
0	0
0	0
0	0
0	0
0	0
0	0
0	0
0	0
0	0
0	0
0	1018
0	0
0	0
0	0
1	0
0	0
0	0
0	0
1	0
0	0
0	0
0	0
0	0
0	0
0	0
0	0
0	0
0	0
1	0
2	401
1	0
0	0
0	0
3	0
0	0
0	0
1	25
0	0
2	0
0	201
0	0
0	0
0	0
0	1
0	0
1	0
0	0
0	0
0	0
0	0
0	503
1	0
0	365
0	0
0	0
0	0
0	1
0	0
0	0
1	1
0	0
0	45
0	0
0	0
0	0
0	0
0	0
0	0
10	1127
0	0
0	0
0	0
0	0
0	0
0	0
0	0
0	0
0	0
0	0
0	0
0	0
0	0
1	0
0	0
2	0
0	0
0	0
1	0
0	0
8	0
0	0
0	0
0	14
0	2
0	0
0	0
0	0
0	0
0	177
0	0
1	0
0	0
0	0
0	0
0	0
3	0
0	0
0	0
0	0
0	0
5	0
0	0
3	1167
0	0
1	0
1	15
0	0
0	0
0	0
0	0
0	0
0	0
0	0
0	0
0	0
0	1
1	0
0	0
3	0
1	0
0	0
0	0
0	0
0	0
0	0
0	0
0	0
0	0
0	0
1	5
0	0
0	0
0	0
0	0
0	0
0	0
0	0
0	0
0	0
0	0
1	0
0	2
0	0
0	0
0	0
0	0
0	0
0	0
1	0
0	0
0	0
0	0
0	0
0	0
0	0
0	0
0	0
2	0
2	0
0	0
0	0
0	0
0	0
0	1
0	0
0	0
0	0
0	0
0	0
0	0
0	0
0	0
0	0
0	0
0	0
0	0
7	0
0	0
0	0
1	0
0	0
0	0
0	0
0	0
0	0
0	0
0	0
0	0
0	0
0	0
0	0
0	0
0	0
0	57
0	0
0	0
1	0
0	55
0	0
0	0
1	0
0	0
0	0
0	0
3	0
0	0
0	0
0	0
2	0
0	0
0	0
1	0
0	0
0	0
0	0
0	0
0	0
0	0
0	0
0	0
0	0
0	0
0	0
0	0
0	0
0	0
0	0
0	8
1	0
0	0
0	0
0	0
0	0
0	0
0	0
0	0
0	8
0	0
0	0
0	0
0	0
0	0
0	0
0	0
0	0
0	0
0	0
0	0
0	0
5	0
3	0
0	0
0	0
0	0
0	0
0	0
0	0
0	0
0	0
1	0
0	0
1	0
0	0
0	0
0	0
1	0
0	2546
0	0
1	0
0	434
0	0
0	0
0	0
0	0
0	0
0	0
0	0
2	0
0	0
0	0
30	508
49	77
0	0
0	0
1	0
0	0
1	15
19	3235
0	0
0	0
3	669
0	0
0	0
0	0
0	0
0	0
0	0
0	0
0	0
2	468
0	0
0	4
0	0
5	0
0	0
6	0
0	0
0	0
0	0
0	0
0	0
1	60
4	0
279	207
2	0
0	0
0	0
0	0
0	0
1	0
0	0
0	0
0	0
0	0
0	0
0	0
0	0
0	0
0	0
1	0
0	0
0	7
1	0
0	0
0	0
0	352
0	0
0	1
0	0
0	0
3	0
0	0
0	0
0	0
0	0
0	9
0	0
140	435
0	0
0	0
0	0
0	0
0	0
0	0
1	0
3	4019
0	0
0	0
0	737
0	0
0	0
0	0
0	0
1	45
0	0
0	0
0	0
0	0
0	0
0	3
1	3
2	0
10	0
0	0
3	180
0	0
0	0
10	0
0	0
1	8
0	0
0	0
0	0
0	0
3	1
0	1
0	0
0	0
1	0
1	8
3	292
0	0
0	0
0	0
0	0
0	0
1	0
0	0
0	0
0	0
0	17
0	0
0	0
0	0
0	0
0	1
0	0
0	0
0	0
0	2
0	0
0	0
0	0
0	0
0	0
0	0
0	0
0	0
0	0
0	0
0	0
0	0
0	0
0	0
0	0
0	0
0	0
0	0
0	0
0	0
0	0
1	0
38	0
0	0
0	0
0	0
1	0
1	0
0	0
0	0
0	0
1	0
0	0
0	0
0	1
0	0
0	0
0	0
0	0
0	0
0	0
0	0
0	0
1	0
0	0
0	0
0	0
0	0
0	0
0	0
0	0
2	0
0	0
1	1
0	0
0	0
0	736
0	0
0	0
0	0
0	0
0	16
0	0
1546	1152
0	0
0	0
0	0
6	699
0	285
1	110
0	0
0	0
0	0
0	0
0	0
178	437
0	0
0	0
3	0
1	0
0	0
0	122
0	0
0	0
0	0
0	0
0	0
0	0
0	0
0	0
0	0
0	0
0	0
0	0
0	0
0	0
0	0
0	0
0	4
0	0
19	0
3	4258
0	0
1	0
0	0
0	0
2	2350
0	0
0	0
0	0
0	0
0	0
0	0
0	0
0	0
1	37
0	0
0	0
1	0
1	1599
0	0
0	0
0	0
0	0
0	0
1	0
0	0
0	0
1	0
0	0
0	0
0	0
1	0
0	0
0	0
0	0
0	0
0	0
0	0
0	0
0	0
1	0
0	0
0	0
0	0
1	0
0	0
1	0
0	38
4	0
0	0
1	0
0	5
0	13
4	0
6	303
0	0
1	0
1	0
2	0
0	0
0	0
0	0
0	0
0	0
5	17072
4	0
0	0
0	0
1	0
0	0
0	0
0	0
0	0
0	0
0	211
0	0
0	0
161	6849
0	0
13	0
1	0
0	0
0	0
0	0
0	0
0	0
0	0
1	0
0	0
0	0
0	0
1	133
0	0
0	0
0	0
0	0
0	0
0	0
3	0
0	0
0	0
0	0
0	0
0	0
1	2083
0	0
0	0
0	0
0	0
0	0
0	0
0	0
0	0
0	0
0	0
1	0
0	0
1	0
0	0
0	0
0	0
0	0
0	1
0	0
0	0
0	0
0	0
0	0
1	0
0	0
0	0
0	0
0	0
0	0
0	0
0	0
3	0
0	0
0	0
0	0
0	0
0	0
0	4
0	0
0	0
0	0
0	0
0	0
0	0
0	0
0	0
0	0
0	0
0	0
0	0
0	0
0	2
0	287
0	0
2	0
4	0
2	0
0	0
0	49
0	0
3	0
0	0
0	0
32	16362
0	0
0	0
0	0
0	0
0	0
0	2890
0	0
1	2
0	0
0	0
0	7
0	0
0	0
0	0
0	0
0	0
0	0
0	0
1	0
0	0
6	3
13	5
0	0
0	0
2	0
0	0
0	0
2	0
0	0
0	0
0	0
0	0
0	0
0	0
0	0
0	0
0	0
0	327
0	0
0	0
0	331
0	0
0	0
0	149
0	0
0	0
0	0
5	0
0	0
0	0
0	0
0	0
0	0
0	0
0	0
0	0
0	0
0	161
6	0
4	0
1	0
0	0
0	0
0	0
0	0
0	0
1	0
0	0
0	0
0	0
2	76
0	0
0	0
0	0
0	0
0	0
0	0
0	0
0	0
0	0
0	0
0	0
2	722
1	0
0	0
3	0
4	0
1	54
0	0
4	1
0	0
0	0
4	0
5	0
0	0
0	0
5	1982
2	0
0	0
0	0
1	0
2	4
0	0
0	0
2	0
1	0
0	0
0	0
0	0
1	0
1	0
0	0
0	0
1	1
0	0
0	0
0	0
0	0
0	0
0	0
0	0
1	0
0	0
0	0
0	0
0	0
0	0
3	3
0	0
1	0
11	9
2	2
0	0
0	0
2	0
0	0
0	0
0	0
6	0
0	0
6	0
0	0
0	0
0	0
1	0
0	0
1	0
1	1
0	0
0	0
2	0
0	0
0	0
0	0
3	87
3	107
0	0
0	0
0	0
89	1
1	0
1	0
0	0
0	0
0	0
6	0
1	12922
0	0
0	0
0	0
0	0
0	0
0	0
0	0
0	0
0	0
0	0
0	0
0	285
0	0
0	0
0	0
0	0
0	0
0	0
3	0
0	0
0	0
0	0
0	70
0	0
0	192
1	110
0	0
2100	1
3	4
0	0
0	0
2	0
0	0
0	2
6	11
0	0
0	2
0	0
0	0
0	0
0	3
0	0
0	0
0	0
0	0
0	0
0	0
0	0
0	14
0	0
0	0
1	0
3	0
0	0
0	0
0	0
0	0
0	232
0	0
0	0
0	0
1	0
0	0
2	3
0	0
0	315
0	0
0	0
0	0
0	0
0	0
0	0
0	0
0	0
0	0
1	3
0	0
0	588
0	0
0	0
0	0
0	0
0	0
0	0
0	0
0	3
0	0
0	0
0	0
0	0
0	3079
1	0
0	0
14	1056
0	0
1	1
0	0
0	0
0	0
0	0
0	0
0	0
0	0
0	0
4	575
0	0
0	0
0	0
0	0
0	0
0	0
0	0
0	0
0	0
0	0
0	0
1	1
0	0
0	0
0	0
0	0
0	0
0	0
0	24
4	0
0	6
1	0
7	0
0	0
0	0
0	0
0	0
0	0
0	0
0	0
0	0
0	0
0	0
0	0
0	0
0	0
0	1
1	1
0	0
0	0
0	0
0	0
0	0
0	0
0	0
0	0
0	0
0	0
0	0
0	0
0	0
1	0
0	0
1	0
480	133
2	0
0	0
0	0
0	0
0	0
0	0
0	0
0	0
0	0
0	0
0	0
0	0
0	0
0	0
2	1571
1	0
0	0
0	0
0	0
0	0
0	0
5	48
0	0
2	0
0	1216
0	1
1	0
0	0
0	0
0	0
0	0
0	0
0	0
0	0
0	0
2	0
0	0
0	0
0	0
0	0
1	0
0	0
0	0
144	1
0	0
0	0
0	0
0	0
1	43
31	0
1	0
0	43
0	0
0	0
0	0
0	0
0	0
0	0
0	0
4	21
0	47
0	0
0	0
1	7
0	139
0	7
0	0
0	0
0	0
0	0
63	0
0	0
0	0
0	0
2	402
0	0
0	0
0	0
0	0
0	0
0	0
0	0
0	0
0	0
0	0
0	0
0	0
0	0
0	0
0	0
0	0
0	0
0	0
0	0
0	0
0	23
0	0
0	0
0	0
0	0
0	0
0	0
0	0
0	0
0	0
0	0
0	66
0	0
0	0
0	0
0	0
1	4
0	0
0	0
0	0
0	0
0	0
0	0
7	397
0	0
0	0
4	0
0	122
0	0
0	0
0	0
0	0
0	0
0	0
0	0
0	0
0	0
1	3
0	0
0	0
0	0
0	0
2	125
0	0
0	0
0	63
0	0
0	0
1	9
0	0
0	0
0	0
0	50
0	0
0	0
1	0
0	0
0	0
0	0
0	0
0	0
0	0
0	30
0	0
0	0
0	54
17	2
0	0
1	0
0	0
4	1645
0	0
0	0
0	4
0	0
0	0
0	0
0	0
1	0
2	0
1	0
0	0
4	3172
0	0
1	0
0	0
0	0
0	0
0	0
0	0
0	0
0	0
0	0
0	0
0	0
0	0
3	0
1	224
0	112
0	0
0	0
0	0
0	0
0	0
0	0
0	0
9	3948
0	0
0	0
2	0
0	0
0	0
0	0
0	0
0	0
0	0
3	0
6	15
0	17
0	0
0	0
5	1054
0	0
0	0
0	0
0	0
0	0
0	0
0	0
0	0
1	0
0	0
0	0
0	0
0	0
2	0
0	0
1	8
0	0
0	0
0	0
0	0
0	4
0	0
0	0
0	0
0	10
1	0
1	0
0	10
0	1
0	0
0	0
0	0
0	0
0	0
0	30
0	0
0	0
0	44
0	0
0	0
0	0
1	203
0	0
0	0
0	0
0	5
0	11
0	0
0	0
0	0
0	0
0	0
4	0
0	0
0	0
0	0
0	0
0	3
21	70
1	12
0	0
0	0
1	0
21	765
0	0
0	1
2	0
0	0
0	0
0	0
0	0
0	0
0	0
0	25
0	0
0	0
1	0
0	0
0	0
0	0
0	0
0	0
0	0
0	0
0	0
0	0
0	0
5	4
3	2043
1	0
0	0
0	0
0	0
0	0
3	100
0	0
0	0
0	205
0	0
0	0
0	0
0	1834
0	0
0	0
0	0
0	0
0	0
0	0
0	41
0	0
0	0
0	0
0	0
0	0
6	0
0	0
0	0
0	0
0	0
3	0
0	0
0	0
0	0
0	0
0	0
0	0
0	0
1	0
2	0
0	0
0	0
0	0
0	0
0	0
0	0
0	0
5	0
0	0
0	0
2	58
0	0
0	0
0	0
2	0
0	0
0	0
0	0
0	2
0	0
0	0
3	2
0	0
0	0
0	0
1	62
3	0
0	0
21	30
0	0
0	0
0	0
0	0
0	9
0	0
0	0
0	0
0	0
0	0
0	0
0	0
0	0
0	0
0	0
0	0
0	0
0	0
12	209
0	30
0	0
0	0
1	0
0	0
122	56
0	0
0	0
3	0
0	0
0	0
0	0
1	37
0	0
0	0
0	0
1	1
0	0
0	0
0	0
0	0
0	0
0	0
0	0
0	0
0	0
0	0
0	0
0	0
0	0
0	0
0	0
0	0
0	0
1	0
2	0
0	0
5	1
1	6
0	0
0	0
0	0
0	0
0	0
2	606
0	0
0	0
0	0
0	0
0	0
0	0
0	0
0	4
0	0
0	0
0	0
1	0
0	29
0	0
4	4174
0	0
0	0
2	116
6	283
0	0
2	0
0	0
0	0
0	0
0	0
0	0
0	0
0	0
0	0
0	0
0	0
20	0
0	0
0	0
0	0
0	0
0	1
0	0
0	0
1	5
0	0
0	0
1	30
0	0
0	0
0	0
0	413
0	0
0	0
0	19
0	0
0	0
1	0
0	0
0	4
1	6
0	0
0	0
0	0
1	0
0	0
0	0
0	0
0	0
3	0
0	0
3	8
0	0
1	0
0	0
0	0
0	0
0	0
0	0
0	128
0	0
0	0
0	0
0	0
0	0
0	0
0	0
0	0
0	0
0	0
0	46
0	0
0	0
0	0
0	0
0	0
0	0
0	0
0	0
1	0
0	0
0	0
0	0
0	0
0	0
0	0
1	0
0	0
0	0
0	23
0	0
2	0
0	0
0	0
1	0
1	17
0	0
0	2
0	0
0	0
0	0
0	0
0	0
0	0
0	0
0	0
0	0
0	0
0	0
0	2
0	0
4	0
0	0
0	1
3	0
0	4636
0	0
2	1
0	0
2	213
0	0
1	0
0	0
0	0
2	0
4	0
0	0
0	0
31	0
0	0
0	45
0	0
0	0
0	0
0	0
0	0
0	63
0	0
0	0
0	0
0	0
1	1
0	0
0	0
0	0
0	16
0	23
0	0
0	0
1	13
0	0
0	6
0	0
0	0
0	0
0	1
1	6
3	4
2	15
0	0
2	0
0	0
0	0
0	0
0	0
1	0
0	0
0	0
0	0
0	0
0	0
0	0
0	0
0	0
0	0
0	0
0	0
3	0
0	0
0	0
0	0
0	0
0	0
0	10
0	0
0	0
0	0
0	0
1	0
0	0
0	0
0	0
0	0
0	0
0	0
1	0
6	0
5	0
0	0
0	0
0	0
4	1
0	0
0	0
0	0
0	0
0	0
12	4
0	0
0	0
0	0
10	10
0	125
0	18
0	0
0	0
0	0
0	0
0	0
7	0
0	0
0	0
0	0
4	0
1	0
0	30
0	0
0	606
0	0
1	0
0	0
0	0
0	0
0	0
0	0
0	0
0	0
0	0
0	0
0	0
0	28
1	263
0	410
0	0
0	0
0	0
0	0
1	0
0	0
1	0
0	0
0	0
0	0
0	0
0	0
0	0
0	0
0	0
0	0
0	0
0	6
0	468
1	1
0	0
0	0
0	0
0	0
0	0
0	0
1	45
0	0
0	0
0	0
0	0
0	0
0	0
0	0
0	0
0	0
0	0
0	0
0	0
0	0
1	12
0	0
3	0
0	0
0	0
0	0
0	0
0	0
0	0
0	0
0	0
0	0
6	268
0	0
3	0
0	0
0	0
0	1
0	0
0	0
0	0
2	0
0	0
1	0
0	32
0	0
1	32
0	0
0	0
1	20
0	0
2	67
0	1055
0	0
33	0
0	0
0	0
0	0
0	0
0	0
0	0
1	0
8	7
0	0
0	0
0	0
0	0
0	0
0	0
0	0
0	0
0	0
6	0
0	0
0	0
371	372
0	0
0	0
0	0
0	0
1	0
0	0
0	0
0	0
0	0
0	0
0	0
0	0
0	0
0	0
7	3703
0	0
0	4
7	0
0	0
0	0
0	0
0	0
0	0
0	0
0	0
0	0
2	0
0	0
0	0
0	0
0	0
0	0
0	0
0	0
0	0
0	0
0	0
0	0
0	0
0	0
0	0
0	0
0	0
0	0
0	0
0	0
0	0
0	0
0	0
0	0
0	0
0	0
0	0
0	0
0	0
2	0
0	0
0	0
0	0
0	0
0	0
1	3
0	0
0	0
0	0
0	0
0	0
0	0
0	0
2	221
0	0
0	0
0	0
0	0
0	0
0	0
0	0
0	0
0	0
0	0
0	0
0	0
0	0
0	0
0	0
0	0
0	0
0	0
0	0
0	0
0	0
0	0
2	0
0	0
0	0
0	0
0	126
0	0
0	0
0	0
0	0
2	0
1	0
0	0
0	0
0	0
0	0
2	0
0	0
0	0
0	0
0	0
0	0
0	0
0	0
0	0
0	0
0	0
5	1584
0	0
0	0
2	438
0	0
0	0
0	0
0	0
0	147
0	0
0	0
0	0
0	0
0	2
0	0
1	0
0	0
0	0
0	0
0	0
0	0
0	0
0	11
0	0
0	3
0	0
0	0
1	0
0	0
4	1
0	0
2	0
0	0
0	0
9	0
0	0
1	1043
0	0
0	0
3	0
0	0
0	0
0	0
0	0
0	0
0	0
0	0
0	0
0	0
0	0
3	0
1	0
0	0
0	0
0	82
0	0
0	1
0	0
0	0
0	0
0	0
0	0
0	0
0	0
0	0
0	0
0	0
4	705
0	0
0	0
0	0
0	0
0	0
0	0
0	0
0	0
0	0
0	2
0	0
0	1
0	0
0	0
0	0
0	0
0	0
0	0
0	0
0	0
1	0
9	70
0	0
0	0
0	0
0	0
0	335
2	0
0	0
0	0
0	9
0	0
0	0
0	0
2	0
0	0
0	1384
0	0
0	0
0	0
0	0
0	0
0	0
0	0
0	0
0	0
0	0
0	0
0	0
1	0
0	0
0	0
0	0
0	10
0	0
0	0
2	0
0	0
0	0
0	0
0	0
1	0
0	1
0	0
0	0
1	276
0	0
0	0
0	0
0	0
10	0
8	1
45	0
0	0
1	0
0	0
0	0
18	0
0	0
0	0
0	0
1	0
0	0
0	0
0	0
0	0
4	0
0	0
0	0
0	0
0	0
0	0
0	10
6	92
0	0
0	0
0	0
0	0
0	0
0	0
0	0
0	0
0	0
0	0
0	0
0	11
0	0
0	0
0	0
0	0
0	0
0	0
0	0
0	0
0	0
0	0
0	0
0	0
0	0
1	10
0	0
0	2
0	0
0	0
1	3
0	0
0	0
0	0
0	0
0	2
0	0
0	0
3	489
0	0
1	0
0	0
0	2
0	0
0	0
0	240
0	0
0	0
0	0
0	0
0	0
3	258
0	0
0	0
0	0
0	0
0	0
0	0
6	3
0	0
0	0
0	0
0	0
0	0
0	0
0	0
0	157
0	0
0	0
0	0
0	181
0	0
0	0
0	0
0	0
0	0
0	0
0	0
0	149
5	96
0	0
0	0
0	0
0	0
0	0
0	0
1	0
0	0
0	0
0	0
0	0
0	0
1	3
0	0
1	0
7	444
5	0
1	26
0	0
0	0
0	0
0	0
0	57
0	0
10	4516
0	0
0	0
0	1
0	0
0	0
1	33
0	0
0	0
0	0
0	0
0	0
0	0
0	0
0	0
0	0
2	7
1	0
0	0
0	0
0	0
0	2
0	0
0	0
0	0
0	0
0	0
0	0
0	0
0	0
0	0
2	7
0	0
0	0
0	0
0	0
0	0
0	0
0	0
0	0
0	0
0	0
0	0
0	0
0	2
0	0
0	0
0	0
0	0
1	1
0	0
0	0
0	0
1	0
1	0
0	0
0	0
0	0
0	0
0	0
1	0
2	0
0	0
0	0
0	0
0	0
0	0
0	0
0	0
0	0
0	0
0	0
1	0
0	0
0	0
0	3171
0	0
0	0
0	0
0	0
0	0
0	0
7	0
0	0
1	416
0	0
1	0
0	0
0	0
0	0
0	0
1	0
2	4
0	0
3	0
0	0
0	0
0	0
0	0
0	10
0	0
0	0
2	517
0	0
0	18
0	0
0	0
0	0
0	0
0	0
3	52
0	0
6	24
0	0
0	0
0	4182
0	0
0	0
1	0
0	0
0	0
0	0
0	18
0	0
0	0
0	0
0	0
0	0
0	0
0	0
0	0
0	0
1	0
0	0
0	0
0	0
0	0
0	0
0	0
0	0
0	0
0	0
0	0
0	0
0	0
0	0
0	0
17	15548
0	0
0	0
0	12
1	0
0	190
0	2
0	0
0	0
0	0
0	0
0	722
1	0
0	0
0	0
0	0
1	3
0	0
2	1
0	0
2	0
0	0
0	0
0	0
1	0
0	0
0	0
0	0
0	0
0	0
0	0
0	0
0	0
0	0
0	0
0	0
0	0
0	0
0	0
0	492
0	0
0	0
1	6
0	0
0	0
0	0
0	0
1	0
0	0
274	0
0	0
0	2
0	0
0	210
0	0
0	0
0	0
0	0
0	0
0	0
0	0
0	0
0	0
0	0
0	297
2	0
0	0
0	0
0	0
0	35
0	0
0	0
0	0
0	0
0	0
0	0
0	0
0	0
0	0
0	0
0	0
0	0
0	0
0	0
0	0
0	0
0	0
0	0
0	1796
0	0
0	0
0	0
0	0
0	0
0	0
0	0
0	0
0	0
0	0
12	21
0	0
0	0
0	327
0	0
0	0
0	0
0	0
0	5
0	0
0	0
0	0
0	0
0	0
1	0
0	0
2	0
0	0
0	0
0	0
1	0
0	0
0	0
0	0
0	0
0	0
0	0
0	0
0	0
0	0
0	0
0	0
0	0
0	0
0	65
0	0
0	0
0	0
0	0
0	0
0	0
0	0
0	0
0	0
2	0
1	0
2	0
0	0
0	6
0	0
0	22
0	0
0	0
0	0
0	0
1	9
0	0
0	0
0	7
0	0
0	0
0	0
0	0
0	0
0	0
0	0
0	0
0	104
0	0
0	905
0	0
0	0
0	579
0	0
7	0
0	3210
0	9
1	0
0	0
0	92
0	4
1	133
0	0
0	0
0	0
0	0
0	0
0	0
0	0
0	0
0	0
0	0
0	0
4005	5758
0	0
0	0
0	0
0	0
1	1
0	0
0	69
0	0
3	0
0	0
1	0
0	0
0	0
0	0
0	0
1	0
0	0
0	0
0	0
2	0
3	0
145	0
0	0
0	0
0	0
0	0
0	0
0	0
0	0
0	0
0	0
0	0
13	1845
0	0
0	0
0	0
0	0
0	0
0	0
0	0
0	0
0	0
0	0
0	0
0	0
1	0
0	0
0	0
0	3
0	0
0	0
0	0
0	0
0	0
0	0
2	0
0	0
0	0
0	0
0	0
0	0
0	6329
9	1
0	0
3	0
0	0
0	2
0	0
3	1067
0	0
0	0
0	0
1	0
0	0
0	0
0	0
1	0
3	0
0	0
0	0
0	0
0	0
0	0
0	0
0	0
0	0
6	4044
0	323
6	1514
0	0
0	0
0	0
0	0
3	984
0	0
0	0
0	0
0	0
0	0
0	0
0	0
0	0
0	0
0	0
0	0
0	0
0	0
1	0
0	0
1	0
0	0
0	0
0	0
0	0
4	61
0	0
0	0
0	0
6	0
0	0
0	0
0	0
0	0
0	0
0	0
0	0
0	0
0	0
0	0
0	0
0	0
0	106
0	0
0	0
0	0
0	0
0	0
0	0
1	0
1	5
1	0
2	0
1	0
1	0
0	0
0	0
0	0
0	0
23	95
0	0
0	0
0	0
0	0
0	0
0	0
0	0
0	0
0	0
0	0
0	0
0	0
0	0
0	0
10	0
0	0
0	6
0	0
0	0
0	0
0	0
0	0
0	0
0	0
0	0
0	0
0	0
0	0
0	0
0	1
1	0
0	0
0	0
0	0
0	0
30	23234
1	0
0	0
0	3
0	0
0	26
0	0
203	40
0	0
0	0
0	0
0	0
0	0
0	0
0	0
0	0
0	0
0	0
0	0
0	0
3	0
0	0
2	4
6	0
0	0
2	0
0	0
0	0
0	45
0	0
0	0
0	1
0	0
3	0
0	231
0	0
0	0
0	2739
0	0
0	0
1	27
0	0
0	0
0	0
9	3
0	0
0	0
0	0
0	0
0	0
0	0
0	0
0	0
0	0
0	0
0	0
0	2550
0	0
0	0
2	0
1	188
0	0
0	0
0	0
1	2
0	0
0	0
0	0
0	0
0	0
0	0
0	0
0	0
0	0
0	0
0	0
0	0
0	0
0	0
0	0
0	0
0	0
0	0
8	1379
0	0
0	0
2	0
0	0
0	0
0	0
0	0
0	0
0	0
0	0
0	0
0	0
0	0
1	0
0	0
0	0
0	0
0	0
0	0
0	0
0	0
0	0
3	4
0	0
0	0
0	0
0	0
0	0
1	365
0	0
3	0
0	0
0	0
3	0
0	0
0	0
0	158
1	14
3	0
0	0
0	0
0	0
0	0
0	0
0	0
0	0
1	0
0	0
0	0
0	0
0	0
0	0
0	0
0	0
4	0
0	0
0	0
0	0
0	0
0	0
0	0
0	0
0	0
0	0
0	0
0	0
4	0
0	0
4	0
1	0
1	0
1	31
0	0
0	0
0	0
0	0
2	1
1	0
5	0
0	0
0	0
0	0
0	0
0	0
0	0
13	0
0	0
0	0
0	0
0	0
0	0
0	0
0	0
0	0
0	0
0	0
3	0
0	0
0	2761
0	0
1	0
0	0
0	0
0	11
0	0
0	0
0	0
1	0
0	0
0	0
0	0
0	0
4	97
0	0
3	0
0	0
0	0
0	0
0	0
0	0
0	0
0	0
0	0
0	0
0	0
0	0
0	0
0	0
0	0
0	0
0	0
0	0
0	0
0	0
0	0
0	0
0	0
0	0
0	7
0	0
0	0
0	0
0	0
0	0
0	0
0	0
0	0
0	0
0	0
0	0
0	0
0	0
0	44
0	0
0	0
0	0
0	0
0	0
0	0
0	0
0	0
0	0
0	0
0	0
0	0
0	2
0	0
0	0
0	0
0	0
2	5
0	0
0	0
0	0
0	0
0	0
0	0
0	0
0	0
0	1
0	0
0	0
0	0
0	0
0	0
0	0
0	0
0	0
0	0
0	0
0	0
1	0
1	0
0	0
4	0
0	0
0	0
9	10
0	42
0	0
0	0
0	0
0	0
1	0
0	0
0	144
0	0
0	0
4	160
0	0
0	0
2	0
0	0
0	0
0	0
1	0
0	0
0	0
0	2
0	0
0	0
0	0
0	0
0	0
0	0
0	0
0	0
0	0
0	0
0	30
3	1701
0	0
0	0
0	0
0	0
0	0
0	0
0	0
0	0
0	0
0	0
0	0
0	0
0	0
0	0
0	0
3	0
0	0
0	0
0	0
0	0
0	0
1	0
0	0
0	0
0	0
0	0
0	0
0	0
0	0
0	0
0	0
0	0
0	4
0	0
0	0
0	0
0	0
0	0
0	0
0	0
0	0
0	12
0	0
0	0
0	0
0	0
0	0
0	0
0	0
0	0
0	0
0	0
0	0
0	0
0	32
0	0
0	0
0	0
0	0
0	0
0	0
0	0
0	0
0	0
0	0
0	0
0	0
0	6
0	0
0	0
0	0
1	661
0	0
0	0
5	744
0	0
0	0
0	0
0	0
0	0
0	0
0	0
0	0
0	0
0	0
0	0
0	2770
0	0
1	0
0	0
2	277
0	0
1	289
0	0
5	0
0	0
0	0
0	0
0	0
0	0
0	0
0	0
0	0
0	0
0	0
0	0
1	5
0	0
0	0
0	40
0	0
0	0
1	0
0	0
0	0
0	0
0	0
0	0
0	0
0	0
0	0
0	0
0	0
0	0
0	0
0	0
0	0
0	0
0	0
0	0
0	0
0	0
0	0
0	0
0	0
0	0
0	0
0	0
0	0
0	0
0	0
0	0
0	0
0	0
0	0
0	0
9	0
0	0
0	0
0	0
0	0
0	0
0	0
1	0
0	0
33	17107
0	0
0	0
0	0
0	0
0	0
0	0
1	0
0	0
0	0
5	7
0	0
1	0
0	0
0	0
0	0
0	0
0	0
0	0
9	0
0	0
0	0
0	0
0	0
0	0
0	0
0	0
0	0
0	0
0	0
0	0
0	0
0	0
0	0
0	0
1	30
7	0
63	41
1	0
0	0
0	0
0	0
0	0
33	98
0	0
0	0
0	0
0	1
0	0
0	0
0	0
0	0
0	0
0	0
0	0
0	0
0	0
0	0
0	0
0	0
0	0
0	0
1	0
37	0
1	0
0	0
1	0
0	0
0	2
0	1
0	0
1	0
0	0
0	0
0	0
0	0
8001	20766
0	0
0	0
0	0
0	0
0	0
1	0
0	0
0	0
0	0
0	0
0	4
0	0
1	0
25	0
0	126
0	0
0	2
0	0
0	0
0	0
0	0
0	0
0	0
0	0
0	0
1	0
1	2
0	0
0	0
0	0
0	0
0	0
0	0
0	0
0	0
0	0
0	0
0	0
0	0
0	0
0	0
0	0
0	0
3	36
18	1682
0	0
2	0
1	0
0	0
0	0
6	1259
0	0
0	0
0	46
1	5
0	0
0	0
0	0
0	0
2	0
0	0
3	558
0	0
0	20
0	0
0	0
1	0
2	0
0	0
6	0
4	9480
0	0
0	0
1	173
0	0
1	1
0	0
0	0
0	0
0	0
0	0
0	0
0	0
0	0
1	0
0	0
0	0
0	0
0	0
0	0
0	165
0	0
1	0
0	0
0	1
0	0
0	0
2	0
0	0
1	231
0	0
0	57
0	0
0	0
1	0
0	0
0	0
0	0
3	0
0	0
0	0
0	0
0	0
0	0
0	0
2	0
5	0
0	0
0	0
20	18
0	0
0	0
6	18
0	0
0	0
33	84
3	0
0	0
0	0
0	0
0	0
0	11
0	0
0	0
0	0
0	0
0	0
0	0
0	0
0	0
0	0
0	0
1	0
0	0
0	0
9	0
0	0
0	0
0	0
0	0
0	0
0	0
0	0
0	0
0	0
0	0
0	30
0	0
0	0
0	0
0	0
0	0
0	232
0	0
1	0
0	0
0	0
0	0
0	0
0	0
0	0
0	0
0	0
0	0
0	0
0	0
0	0
0	0
0	0
0	0
0	0
0	0
0	0
0	0
0	0
0	0
0	0
0	0
0	0
4	0
1	0
0	0
1	0
0	133
1	0
1	0
0	0
10	0
0	0
0	0
0	0
2	0
8	0
0	0
3	924
0	0
0	0
0	0
0	0
0	0
0	0
0	0
0	0
2	0
0	0
0	0
0	0
0	0
0	0
0	0
0	0
0	0
0	0
0	0
0	0
0	0
0	0
0	0
0	0
0	0
0	0
4	925
0	0
0	0
0	298
0	0
0	0
0	0
0	0
0	0
0	29
0	0
0	0
0	1
0	0
0	0
3	0
0	0
0	0
0	0
0	0
0	0
1	204
0	0
0	0
0	0
0	0
0	0
0	0
0	0
0	0
0	0
0	0
0	0
0	0
4	0
0	0
0	0
0	0
0	0
0	0
0	0
0	0
0	0
0	0
0	0
0	0
15	0
0	0
0	0
0	0
0	0
0	0
1	94
0	0
2	0
0	12
0	0
0	0
0	0
0	0
0	0
0	0
0	0
0	0
0	0
0	0
0	0
0	0
0	0
0	0
0	0
0	0
0	0
1	0
0	0
0	0
0	0
0	0
0	0
0	0
0	0
0	0
0	0
0	0
0	0
0	0
0	0
0	0
0	0
0	0
1	0
0	0
0	0
0	0
0	0
5	0
0	0
0	0
0	0
0	0
7	216
57	219
0	0
0	0
0	0
0	0
0	0
0	0
0	0
0	0
0	0
0	0
0	0
0	0
2	86
0	0
0	0
0	4372
0	0
0	0
0	0
1	0
0	0
0	0
0	0
0	0
0	0
0	1
0	0
0	483
0	0
0	0
0	0
0	0
0	0
0	0
0	0
0	0
0	0
1	0
2	0
0	0
0	0
0	0
0	0
8	15
0	0
2	5
28	0
0	0
1	0
0	0
1	0
0	0
0	0
0	0
0	0
0	0
0	0
0	0
0	0
0	0
0	0
0	0
0	0
0	0
0	0
2	0
0	2
2	0
0	160
0	0
0	0
0	0
0	0
0	0
1	0
0	1
0	0
1	626
1	0
0	0
0	0
0	0
0	0
1	0
3	3090
0	0
0	0
0	0
0	0
0	0
0	0
0	0
11	0
0	0
0	3
2	723
0	0
0	0
0	0
1	103
0	0
0	0
16	0
0	0
0	0
0	0
0	0
0	0
0	0
0	0
0	0
0	0
0	0
0	0
4	3958
0	0
0	0
0	0
0	0
0	0
0	0
0	0
0	0
0	0
1	0
0	0
0	0
0	0
0	0
1	146
0	0
1	0
0	0
0	0
0	0
1	0
0	0
0	0
0	0
0	3
1	2
36	12
0	0
0	0
0	0
0	0
3	0
0	0
0	0
0	0
0	0
0	0
0	0
0	0
0	0
0	0
0	0
1	79
0	73
0	0
0	0
0	7
0	0
2	0
1	0
0	0
0	0
0	0
0	0
0	0
0	0
0	0
0	0
0	0
0	0
0	0
0	0
0	0
1	0
1	402
0	0
0	638
8	69
1	45
4	268
0	140
0	0
0	0
0	26444
2	0
0	0
0	0
0	0
0	0
1	21
0	0
0	0
0	0
53	19
0	0
0	0
1	0
0	0
0	0
3	4
0	0
0	0
0	0
0	0
0	0
0	0
0	0
2	1
24	0
8	0
0	0
0	0
0	0
0	0
5	0
0	0
0	0
0	0
0	0
0	0
7	0
0	142
0	0
0	0
0	0
0	0
0	0
0	0
0	2
0	0
1	0
4	0
0	0
0	0
0	0
0	0
0	0
0	54
0	0
0	0
0	0
0	0
1	0
0	0
0	0
0	15
0	0
0	0
0	0
0	0
0	0
0	0
0	0
0	0
0	0
0	0
0	0
2	0
0	0
1	7
0	0
0	0
0	0
0	0
0	0
0	0
0	0
0	0
0	0
0	0
4	0
0	0
0	0
0	0
0	0
0	0
0	0
0	0
0	0
4	0
0	0
24	6
0	0
0	0
1	0
0	0
0	0
0	0
0	0
1	6
3	706
1	0
0	0
0	0
0	0
0	0
2	436
0	0
0	0
0	0
0	60
0	0
0	0
0	0
0	0
0	0
0	0
0	0
0	0
0	0
0	0
0	4
0	0
1	53
0	0
0	0
0	0
0	0
0	0
0	0
0	0
0	0
0	0
0	0
0	0
0	0
0	0
0	0
0	0
0	0
1	65
0	0
0	0
0	0
2	1
0	0
0	0
0	0
0	0
0	0
0	3
0	0
0	170
0	0
0	0
0	0
0	0
1	45
0	0
0	0
0	0
0	0
0	0
0	123
0	0
0	0
0	0
0	0
3	0
0	0
0	0
2	0
0	0
0	0
0	0
2	0
0	0
0	0
2	0
0	0
0	0
0	0
0	0
0	0
0	12
0	0
0	0
0	0
0	0
0	0
0	0
0	93
0	0
0	0
0	0
0	0
0	0
0	0
0	0
0	0
0	0
0	0
0	0
0	0
0	0
0	0
0	0
0	0
0	0
0	33
0	0
0	0
3	14
1	1
0	0
0	0
0	0
3	155
0	6
0	0
0	0
0	0
0	0
0	0
0	0
0	0
0	0
0	0
0	0
0	0
0	0
0	0
0	0
0	0
0	0
0	8314
0	5
0	0
0	0
36	12
4	0
0	0
0	0
0	0
0	0
0	0
0	0
0	0
0	0
0	0
0	0
0	0
2	85
0	0
0	0
0	2
0	0
0	13
0	0
0	0
9	5179
0	0
1	0
0	0
0	0
0	0
0	0
0	0
0	0
0	0
0	0
0	0
16	1500
0	0
0	0
0	0
0	0
2	0
1	15
1	0
0	0
8	0
0	0
0	0
0	0
1	0
0	0
0	0
0	0
3	0
0	1
0	0
0	0
0	0
0	0
0	0
0	0
0	0
0	0
0	0
0	0
0	0
1	0
0	1
0	0
0	0
0	0
0	0
0	0
0	0
0	0
0	0
0	0
0	0
0	0
0	0
0	40
0	0
0	0
0	0
0	0
0	0
0	0
0	0
0	0
0	0
0	0
0	0
0	0
0	0
0	0
0	0
0	0
0	0
0	0
0	0
0	0
0	0
1	0
0	0
2	7
0	0
0	0
0	0
0	0
0	0
0	0
0	3140
0	0
0	1
0	79
0	0
0	0
0	0
0	0
2	4
0	0
0	0
0	0
0	0
9	0
0	0
0	0
0	0
0	0
0	0
0	0
0	0
0	0
0	0
0	0
3	0
0	0
0	0
0	46
0	0
0	0
0	0
0	0
0	0
0	0
2	10
0	0
0	0
0	0
0	0
0	0
0	0
0	0
0	0
0	0
0	2
0	0
0	11
0	0
0	0
0	0
0	0
0	0
0	0
0	0
0	0
0	0
0	0
7	3
0	0
0	0
1	0
0	0
0	0
0	1
0	0
0	0
0	0
0	0
0	0
0	0
0	0
0	0
0	2
0	0
0	0
0	0
0	0
0	0
0	0
3	0
1	2
1	0
0	0
0	0
0	0
0	0
0	0
1	38
0	0
0	43
0	0
0	0
0	0
0	0
0	38
0	0
0	0
0	0
0	0
0	0
1	2775
2	0
5	10718
0	0
0	0
0	0
0	0
0	0
1	1
0	0
0	0
0	0
2	397
0	0
0	0
0	0
0	0
0	0
3	0
0	0
0	0
0	0
1	815
0	0
2	0
0	7
0	0
0	0
4	30
0	0
0	0
0	0
0	0
0	0
0	0
0	0
0	0
0	0
1	0
0	0
0	0
0	0
0	0
0	0
1	0
0	0
0	0
0	0
0	0
2	0
1	32
0	0
0	0
0	0
0	0
0	0
0	0
0	59
0	0
0	13
0	0
0	41
0	0
0	0
0	0
0	0
0	0
0	0
0	0
0	0
0	0
0	0
0	0
0	0
0	0
0	0
0	0
2	0
0	0
0	0
0	0
0	0
0	0
0	0
0	0
2	91
0	0
0	3
0	0
0	0
0	0
0	0
0	0
0	0
0	0
0	0
0	0
0	0
0	0
0	0
0	0
0	0
0	0
0	0
0	0
0	0
0	0
0	0
0	0
0	0
0	0
0	0
0	0
0	0
0	0
0	0
0	0
0	0
0	0
0	0
0	0
1	0
0	0
0	0
0	0
0	0
0	0
0	0
0	0
0	138
13	10
0	10
0	45
0	4
0	0
0	0
0	0
0	0
0	0
0	0
0	0
0	0
0	0
0	0
0	0
0	0
0	0
3	0
0	0
0	0
0	0
0	0
0	0
0	0
0	0
0	0
9	0
0	0
0	0
3	1480
0	0
0	0
0	0
0	11
0	1
0	0
0	0
0	0
0	0
8	6
0	0
0	0
0	0
0	0
0	0
0	0
0	0
0	0
0	0
0	113
0	0
0	0
0	0
0	369
0	0
1	0
0	0
0	0
0	0
0	0
0	0
1	0
0	0
0	0
0	0
0	0
0	0
0	0
0	0
0	0
0	0
0	10
0	3
11	0
0	0
0	0
0	0
0	0
0	9
0	0
1	0
0	0
0	0
0	0
0	0
0	0
1	0
0	0
0	0
0	0
0	0
0	416
0	0
0	0
0	0
0	0
0	0
0	0
0	0
0	0
0	0
0	0
1	0
0	0
0	0
0	0
0	0
0	0
0	0
0	0
4	321
0	0
0	0
0	0
0	0
0	0
5	0
0	0
0	0
0	0
0	0
0	0
0	0
0	0
0	0
0	0
0	0
0	0
0	0
8	2
0	3
0	0
0	0
0	0
0	0
7	0
0	0
0	0
0	0
119	174
0	0
0	0
0	0
0	0
0	0
0	0
0	0
0	0
0	0
0	0
0	0
0	1
6	0
0	0
0	0
0	0
1	0
0	0
0	0
10	116
0	0
0	0
3	0
0	0
7	1
0	0
0	1
0	2
0	0
0	0
14	0
0	0
0	0
0	0
0	0
0	0
0	0
0	0
0	0
0	0
0	2
18	0
0	4
135	0
0	0
411	246
0	0
1	0
0	1
0	0
1	0
0	0
2	0
0	0
0	0
14	265
10	0
0	0
0	0
0	0
0	0
0	0
2	0
0	0
0	0
0	0
0	0
0	0
0	0
1	259
0	0
5	0
2	55
0	0
0	0
0	0
0	0
0	0
0	0
0	0
0	0
0	0
0	0
0	0
0	0
0	0
1	143
0	0
0	0
0	0
0	1
4	2
0	0
0	0
697	33590
0	0
0	0
0	0
0	0
0	0
0	0
0	0
0	0
0	0
0	0
0	0
0	0
0	0
0	0
0	0
0	0
0	0
0	0
0	0
0	0
0	0
0	0
6	0
0	0
11	0
0	0
0	0
0	1
3	0
0	0
0	0
0	0
0	0
0	0
0	0
0	2
0	0
0	0
0	0
0	0
0	0
0	0
0	0
4	0
0	0
0	1
0	0
0	0
0	0
0	0
5	4
1	0
0	0
0	0
0	5844
0	0
0	0
0	0
0	0
1	0
0	0
0	0
1	0
0	0
0	0
0	0
0	0
1	0
0	0
0	0
0	0
0	0
1	0
0	0
0	0
0	0
0	0
0	0
1	0
0	0
0	2
0	0
0	0
0	0
1	0
3	0
0	0
0	0
0	0
0	0
0	0
0	0
0	0
0	0
0	0
0	0
3	0
0	0
0	0
0	0
0	33
0	0
0	0
1	0
0	0
0	73
0	7
0	0
2	6
0	0
0	0
0	0
1	0
0	0
0	0
0	0
1	0
0	0
0	0
0	0
0	0
0	0
0	0
0	0
0	0
0	0
0	0
0	0
0	0
0	0
0	0
0	0
0	0
6	882
1	1
0	0
0	0
0	252
0	0
0	0
0	0
0	0
0	0
0	0
0	0
0	0
1	0
0	0
0	0
0	0
0	0
0	2
0	0
0	0
0	0
0	0
1	0
0	0
0	0
1	0
0	0
0	0
0	0
0	0
0	0
0	0
0	0
4	1830
0	0
1	0
0	0
0	0
0	0
0	0
0	21
5	4
0	0
1	0
2	0
0	0
0	0
0	0
0	0
2	0
0	0
0	0
0	0
0	0
0	0
0	0
0	0
0	0
0	21
0	0
0	0
0	0
0	0
0	0
0	0
0	0
0	0
0	0
0	334
3	1
0	0
0	0
0	14
0	0
0	0
0	0
0	0
0	0
0	0
0	0
0	0
0	0
0	0
0	0
0	0
2	25
1	0
0	0
0	0
0	0
0	0
0	0
0	0
0	0
0	0
0	0
7	0
0	0
0	0
0	0
0	0
0	0
817	869
0	0
0	0
0	0
0	0
1	0
5	0
1	0
1	0
0	0
2600	34
0	0
0	0
0	0
0	0
0	0
0	0
0	6
0	0
0	0
1	0
0	0
0	0
0	0
0	0
0	0
0	0
0	1
0	0
0	0
0	0
0	0
2	0
0	0
1	1
0	0
0	0
0	0
0	0
0	0
0	0
0	0
0	0
0	0
9	0
0	0
3	0
0	0
0	0
0	5
0	0
0	0
0	0
0	0
24	51
0	0
1	0
0	0
278	1
0	0
0	0
0	0
0	0
2	70
1	1
0	0
0	0
0	0
0	0
0	0
8	824
1	186
0	0
0	0
0	0
0	0
0	0
0	0
0	0
0	0
0	0
0	0
0	0
0	0
0	0
0	0
0	0
0	0
0	0
0	0
0	1
6	6
0	0
0	0
0	72
0	0
1	0
0	0
0	0
1	0
0	0
0	0
0	0
0	0
2	0
0	0
0	0
0	0
0	0
0	0
0	0
0	0
0	0
0	0
1	5
0	0
0	0
0	0
0	0
0	0
0	0
0	0
0	0
1	0
0	0
0	0
7	121
3	1
1	0
0	0
0	0
0	0
0	4
3	0
0	0
1	19
0	0
0	0
2	0
0	0
0	0
2	0
0	0
0	0
0	0
0	0
0	0
0	0
0	0
0	0
0	0
1	0
0	0
0	0
0	74
0	0
1	0
0	0
0	0
0	0
0	0
0	0
0	0
9	0
0	0
0	0
2	0
0	0
0	0
0	0
0	0
0	0
0	0
0	0
0	0
0	0
0	0
0	0
0	0
0	0
1	59
0	0
0	0
0	0
0	0
0	0
1	0
4	0
0	0
0	0
0	0
0	0
0	0
0	0
3	2
0	0
5	279
0	0
0	5
0	0
0	0
0	0
0	0
2	6
0	0
0	0
0	0
0	0
0	0
0	0
0	0
0	0
0	0
10	1
0	0
0	0
0	0
1	0
0	0
0	0
5	14
0	0
0	0
0	10367
0	0
0	0
0	0
0	0
0	0
0	0
0	0
0	0
0	0
0	0
0	0
0	5
0	0
0	0
1	0
0	462
1	16
0	0
0	0
0	0
1	149
0	1
0	0
1	0
0	0
0	0
0	0
0	0
0	0
0	0
0	0
0	0
0	14
0	74
0	0
0	3
0	0
1	0
0	0
5	0
0	0
0	0
0	0
1	0
0	0
0	0
0	0
0	0
1	37
0	0
0	0
0	0
0	11
0	0
2	677
0	0
0	0
0	0
0	0
0	0
0	0
0	0
0	0
0	34
0	0
0	0
0	0
0	453
0	0
0	0
0	0
0	0
0	0
0	0
0	0
24	0
0	0
0	0
0	0
1	0
0	0
0	0
0	0
0	0
0	0
0	0
0	0
0	0
0	0
0	0
1	0
0	0
4	0
0	325
0	0
0	0
0	0
0	0
7	0
32	4
0	0
1	6
0	0
0	0
4	17
0	0
0	0
0	0
0	0
0	0
0	0
0	0
0	0
0	0
0	0
0	1
2	10
1	7
0	0
0	25
0	0
0	0
0	11
0	0
0	0
1	3
0	0
3	8
0	0
0	0
0	0
7	3991
0	0
0	0
0	29
10	36
0	0
0	0
0	0
0	0
0	213
0	0
0	0
0	0
0	28
0	0
0	0
0	0
0	0
0	0
0	0
0	0
0	0
0	0
0	0
0	0
15	2452
0	0
0	0
0	0
0	0
0	0
0	0
0	0
0	43
0	0
0	0
0	0
2	69
0	0
16	679
0	0
0	0
0	0
0	0
0	0
0	0
0	0
0	0
0	0
0	0
0	0
0	0
0	0
0	0
0	7
0	0
0	0
0	0
0	0
0	0
0	0
0	0
0	0
0	1
0	0
0	0
0	0
0	0
0	12
2	0
0	0
0	0
0	0
0	0
0	0
0	0
0	0
2	1
0	0
17	0
0	0
0	0
0	0
0	0
0	0
4	52
1	0
1	0
2	0
4	226
0	8
0	0
5	31
0	0
0	0
2	0
0	0
0	0
0	0
0	0
0	0
0	0
5	0
1	0
0	0
0	0
1	0
0	0
2	1
2	36
0	0
0	0
0	0
0	0
0	0
0	0
0	0
0	1
0	0
0	0
0	0
0	0
0	28
0	0
0	0
0	0
0	0
0	0
0	0
2	0
0	0
0	0
9	0
0	0
0	0
0	0
0	0
0	0
4	0
1	0
1	0
0	0
0	0
0	0
2	512
0	1
0	4
0	0
5	0
0	0
3	0
216	717
0	12
0	0
0	0
0	0
0	0
0	0
0	0
0	0
0	262
0	0
0	0
0	0
0	0
2	0
0	0
0	0
0	0
8	0
0	1
0	0
0	0
0	0
0	0
0	0
0	0
0	0
1	0
1	414
0	0
1	0
107	84
0	94
0	0
0	0
4	0
0	0
3	381
0	0
0	0
0	0
0	0
0	0
0	0
0	0
0	0
0	0
0	0
0	0
0	0
0	0
0	0
0	0
0	15
0	0
0	0
0	0
0	0
1	0
0	0
0	0
0	0
0	0
1	0
0	0
0	0
0	0
1	0
0	0
0	0
0	0
0	0
0	0
0	0
0	64
0	0
0	0
0	0
0	88
0	0
0	0
0	0
0	0
6	4
0	0
0	1
0	159
0	0
0	0
0	0
0	0
0	0
0	0
0	0
0	0
0	67
0	0
4	0
3	10
0	0
0	0
0	0
1	1
0	0
0	0
5	35
0	1
0	0
1	0
0	0
0	0
0	9
0	0
0	3
0	0
0	0
0	48
0	0
0	0
0	0
1	0
0	0
1	0
0	0
11	0
0	0
0	0
0	0
0	1
0	0
0	0
0	0
0	0
0	0
0	0
0	0
0	0
0	0
0	0
0	0
0	0
3	0
0	0
1	123
1	0
0	0
0	0
0	0
0	0
1	291
0	0
0	0
0	0
0	605
0	0
0	0
0	0
0	0
0	0
0	0
0	0
0	0
0	0
0	0
0	0
0	0
0	0
0	0
0	0
0	14
0	0
0	4
1	0
0	0
0	0
0	0
0	0
0	0
0	0
0	0
13766	26474
0	0
1	0
0	0
0	0
0	0
0	0
0	0
0	0
0	0
0	0
0	0
0	196
0	0
0	0
0	0
0	0
0	0
0	0
0	0
17	2435
2	0
0	0
0	0
2	199
1	553
0	0
0	0
1	1
1	0
3	123
0	0
0	4
0	0
0	0
0	0
1	0
0	0
1	0
0	0
1	0
0	0
0	0
0	0
0	238
0	0
0	0
0	0
0	0
0	0
1	0
0	0
0	0
0	0
0	0
0	0
0	0
0	0
2	0
1	0
0	0
0	0
2	0
0	0
0	0
6	0
0	0
0	0
0	0
0	0
0	0
3	0
0	0
0	0
0	0
0	0
0	0
0	0
0	2
0	0
2	0
0	0
0	0
0	0
0	0
0	0
0	0
0	0
0	0
0	0
0	0
0	0
0	0
1	3
0	0
0	0
0	0
0	0
0	0
0	0
0	0
0	0
0	0
0	24
0	0
0	0
0	0
0	0
51	34
0	0
0	0
7	0
0	0
0	0
0	0
1	170
0	0
0	0
0	0
0	0
2	0
1	0
0	0
2	0
0	0
0	0
2	0
0	0
0	0
0	0
0	0
0	0
0	0
0	0
0	0
0	0
1	0
0	45
0	0
0	0
1	639
0	0
0	0
0	0
0	23
0	0
0	15
0	0
1	0
0	0
0	12
0	0
0	0
0	0
0	28
0	0
0	819
0	0
0	0
0	0
0	0
0	0
0	0
1	0
0	0
0	6834
2	0
0	0
0	0
0	0
0	0
0	0
0	0
0	0
0	0
1	0
0	0
0	0
0	0
0	0
0	0
0	0
0	0
0	0
0	0
0	0
0	0
0	0
0	0
0	0
0	0
0	0
0	65
0	0
0	0
0	0
0	0
0	0
0	0
0	0
0	0
1	0
0	0
3	0
0	0
0	0
0	0
0	0
0	0
0	335
0	0
0	0
0	0
0	0
1	0
17	24389
0	0
0	0
0	0
0	0
0	0
0	0
0	0
0	3
0	0
0	0
0	0
0	0
0	0
0	0
2	0
0	2
0	0
0	0
0	0
1	51
0	0
0	0
0	0
0	0
14	0
0	0
3	0
0	0
0	0
0	0
0	0
0	2
0	0
3	2428
1	0
0	0
0	1
0	0
0	0
0	0
0	0
0	6046
1	0
0	0
0	0
0	0
0	0
0	0
0	0
0	0
0	0
0	0
0	0
0	0
0	0
0	0
0	0
0	0
0	0
14	0
0	0
0	229
4	0
0	0
0	0
1	0
1	785
25	45
0	0
0	0
1	0
3	0
0	0
0	0
0	0
0	0
0	0
0	0
0	0
0	0
0	0
0	0
0	0
0	0
0	6
0	0
0	0
0	0
0	0
0	0
1	0
0	0
1	0
0	0
0	1
0	0
1192	2420
5	269
9	0
0	0
0	0
0	0
0	0
0	0
0	0
0	0
0	0
0	0
0	8
0	0
2	0
0	0
0	0
0	0
0	0
1	8
68	42
1	41
0	1
0	0
0	0
0	0
0	0
1	0
0	0
3	0
0	0
0	0
0	0
0	0
0	0
0	0
0	0
0	0
0	0
0	0
0	0
0	0
0	0
0	0
0	0
96	56
0	0
0	0
0	0
0	3
0	0
1	28
0	0
0	0
0	0
0	0
0	0
0	0
0	0
0	0
0	0
0	0
0	0
0	0
0	0
2	2
0	0
0	0
0	0
0	0
0	0
0	0
0	1
0	0
0	0
17	46
0	0
0	0
5	0
0	0
2	3
2	1
0	0
0	0
0	0
0	0
0	0
0	0
0	0
0	0
0	0
0	0
0	0
0	0
0	0
0	0
0	0
0	0
0	0
0	0
0	0
0	0
0	9
0	0
0	0
0	5
0	0
0	0
0	0
0	0
0	0
0	0
0	0
0	0
0	0
3	0
0	0
0	0
0	0
0	0
0	0
0	0
0	0
0	0
0	0
0	0
0	0
0	0
0	0
0	32
0	0
0	0
0	0
0	65
0	0
0	0
1	0
0	1
0	0
3	0
0	0
0	0
0	2
1	0
0	0
0	0
0	137
12	0
0	0
0	0
0	0
0	0
0	0
0	0
0	0
0	0
0	0
36	0
0	0
0	332
0	0
1	128
2	0
0	0
0	0
0	0
0	0
0	0
0	0
0	0
2	0
0	2
0	0
0	0
1	32
0	0
1	0
0	0
1	0
0	0
0	0
0	0
0	0
0	0
0	0
6	0
0	0
0	0
0	0
0	0
0	0
0	0
0	0
0	0
0	0
0	0
0	0
0	0
0	0
0	0
1	312
0	0
0	0
1	0
3	0
2	0
0	0
0	0
0	0
27	81
0	0
0	0
0	0
1	0
0	0
0	0
0	0
0	0
0	14
0	0
0	0
1	0
0	0
0	0
0	0
0	0
0	0
0	0
0	0
0	99
0	0
1	0
0	0
0	0
0	0
0	0
0	140
0	0
0	0
4	2
0	0
0	0
9	1218
9	0
0	0
1	6
1	34
0	0
0	0
0	0
0	0
0	0
2	0
0	0
0	0
0	0
0	0
0	0
8	0
2	0
0	0
1	0
0	0
0	0
0	0
0	0
0	0
0	0
0	0
0	1
3	0
0	0
0	0
3	0
0	0
0	0
0	0
0	0
0	0
0	0
0	0
0	0
0	0
0	0
0	0
0	0
0	0
0	0
0	0
0	0
0	0
0	0
0	0
0	0
0	0
0	0
0	0
0	0
1	0
0	0
1	0
0	0
0	0
0	0
0	0
0	0
0	0
0	0
0	0
0	0
0	0
0	0
0	10
0	0
0	0
0	0
0	0
0	0
0	0
0	0
0	0
0	0
0	0
0	0
0	0
0	0
0	0
0	0
0	0
0	0
0	0
0	0
1	0
0	0
0	0
0	0
0	0
0	0
0	0
0	0
0	0
0	0
0	0
0	0
0	0
0	0
0	0
1	0
0	0
3	2
145	177
0	0
0	5
0	0
0	0
0	0
0	0
0	0
0	0
0	0
1	39
0	0
0	0
0	0
1	0
10	3
0	12
0	0
0	0
0	0
1	0
1	0
0	0
0	0
0	0
1	0
0	0
0	254
1	1
0	0
0	0
0	0
0	623
0	0
1	0
0	0
1	0
0	0
0	0
0	0
0	0
0	0
0	0
0	0
0	0
0	0
0	0
0	0
0	0
0	0
0	0
0	0
0	0
0	0
0	0
0	0
0	0
2	0
0	0
0	0
0	4
0	0
0	0
0	0
0	0
0	0
0	81
0	0
0	0
0	0
0	0
0	0
0	0
0	0
0	0
0	0
0	0
0	0
0	0
0	0
0	1
0	0
4	2
0	0
8	21
0	0
5	39
1	1
0	0
0	0
0	0
0	0
0	0
0	0
0	0
0	0
0	42
0	0
0	0
0	0
0	0
0	0
3	0
0	0
0	0
0	0
1	0
0	0
0	0
0	0
0	0
0	0
2	0
0	0
0	0
0	0
0	0
0	0
0	0
0	0
1	1
0	0
0	0
0	0
0	0
0	0
0	0
0	0
0	0
0	0
4	0
0	0
0	68
0	0
0	0
0	0
0	0
0	1
0	1
2	0
0	0
0	0
1	424
0	0
0	0
0	0
2	0
0	13
0	0
0	0
0	3
0	0
0	0
0	0
0	0
0	0
0	0
0	0
0	0
0	0
0	0
0	0
0	0
1	0
0	0
0	0
4	334
4	65
0	0
0	0
0	0
0	0
0	254
0	0
0	0
0	0
0	0
0	0
0	0
0	0
0	0
0	39
0	0
0	0
0	0
0	0
0	0
0	0
0	0
0	0
0	0
0	0
0	0
0	0
0	0
0	0
5	0
0	0
0	0
0	0
0	0
0	0
0	0
0	0
0	0
1	0
0	0
0	0
0	0
0	0
0	1
0	0
0	0
0	0
4	0
0	0
0	0
0	0
0	0
0	0
4	0
0	0
0	0
2	0
0	0
0	0
0	0
0	0
0	0
4	261
0	0
0	0
0	0
0	0
1	0
0	0
0	0
1	78
0	0
0	0
0	0
0	0
0	0
0	0
0	0
4	3060
0	0
0	0
0	0
2	454
0	0
0	0
0	0
0	0
1	415
0	55
0	0
0	0
0	0
0	0
0	0
0	0
0	0
0	0
1	7
0	0
0	0
0	0
0	0
0	0
0	0
0	0
0	0
0	0
0	0
0	0
0	0
0	428
0	0
0	0
0	0
0	0
0	0
0	0
0	0
0	0
0	0
0	0
0	0
0	0
0	57
0	9
2	0
0	9
0	0
0	2
0	0
0	0
0	0
0	0
0	0
0	0
0	0
0	0
0	0
0	0
0	0
0	0
0	0
0	0
0	504
0	0
0	0
0	0
0	0
0	0
36	155
5	0
0	0
0	0
0	0
0	0
0	0
1	0
0	0
0	0
0	0
2	0
0	0
0	0
0	0
0	0
0	0
0	0
0	0
0	0
0	0
0	0
0	0
0	0
0	0
0	0
0	0
0	0
0	2
0	0
0	0
0	0
0	0
0	0
0	0
0	0
0	0
1	0
0	2
0	0
0	0
0	0
0	0
0	0
0	0
0	0
1	1693
0	52
0	0
0	0
0	0
0	0
1	0
0	0
1	0
0	0
3	0
0	0
0	0
0	0
0	0
0	0
0	0
1	0
0	0
0	0
0	0
0	0
0	577
0	0
0	0
9	1442
0	0
0	0
0	0
0	0
0	1
0	0
0	0
0	0
0	0
0	0
0	0
5	0
0	0
0	0
0	0
0	0
0	0
0	0
0	0
0	0
0	0
0	0
0	0
0	0
0	2
0	0
0	2
0	0
0	0
9	6427
0	0
0	0
1	41
0	0
0	4092
0	0
0	0
0	0
0	0
0	6
0	0
0	0
0	0
0	0
0	0
0	0
0	0
0	0
0	0
0	0
1	0
1	0
0	0
0	0
0	0
0	4
0	0
0	0
0	0
0	0
0	0
0	0
2	43
0	0
0	0
0	0
0	0
0	0
0	0
0	0
0	9
0	0
0	0
0	0
0	0
0	0
0	0
1	0
0	0
0	0
0	0
0	0
6	9
0	73
0	0
0	0
0	0
0	0
0	0
0	0
0	0
4	0
0	0
0	0
0	0
0	0
5	0
0	0
1	0
0	0
1	3
0	0
1	0
0	0
0	402
0	0
0	0
1	0
0	0
2	12
0	0
0	0
0	0
0	0
0	0
0	0
0	0
0	0
0	0
0	0
0	0
0	0
1	0
0	0
0	0
10	0
3	126
0	0
0	3
0	0
3	0
0	0
0	0
0	0
0	0
1	255
1	0
0	0
0	0
0	0
0	0
1	2492
0	0
0	0
0	0
0	0
0	0
0	0
0	0
2	906
0	0
2	1
0	0
0	0
0	0
0	0
9	8357
0	0
0	0
0	0
0	0
0	0
1	2
0	0
0	0
0	0
3	13
0	0
0	0
0	0
1	0
0	0
1	0
0	0
0	0
0	0
0	0
0	0
0	0
0	91
3	13
0	0
4	915
0	0
0	0
0	0
0	0
0	0
0	0
0	0
0	0
0	0
0	0
0	0
1	0
0	0
1	581
0	0
0	0
0	169
0	0
1	0
0	0
0	0
0	0
0	0
0	0
0	0
0	0
0	0
0	0
0	3
0	0
0	0
0	0
0	0
0	0
0	0
0	0
0	0
0	0
0	0
0	11
0	0
2	0
0	0
1	38
0	1
0	0
0	0
0	0
0	0
0	0
0	0
3	0
12	2
0	0
0	44
0	0
0	0
0	0
0	0
1	0
0	15
0	0
0	0
3	44
0	0
1	0
0	0
0	0
2	0
1	0
0	0
0	0
1	0
1	0
4	0
0	0
0	0
0	0
0	0
0	0
0	0
0	0
0	0
0	0
0	0
1	0
0	0
0	0
0	0
0	0
0	0
0	960
0	0
2	5
0	0
0	0
0	0
0	0
0	0
0	0
0	0
0	0
0	0
0	0
0	0
0	0
0	0
6	0
0	0
0	0
0	0
0	0
1	567
0	0
0	0
0	0
4	1071
1	0
3	39
0	0
0	0
0	0
0	0
0	0
0	0
0	0
2	0
0	0
1	0
0	6295
0	7
0	0
0	0
0	0
0	0
5	0
0	0
1	2
0	0
3	0
0	15
0	0
0	0
0	308
0	0
0	2
0	0
0	0
0	0
0	0
0	0
1	0
0	0
0	0
0	0
0	0
0	0
0	0
2	0
0	0
0	0
0	0
0	0
0	0
0	0
0	0
0	0
0	0
0	0
0	0
0	0
0	0
0	0
0	0
0	0
0	0
0	0
0	0
0	0
0	0
0	0
0	0
0	1
1	3055
0	0
0	0
0	0
0	0
0	0
1	0
0	0
0	0
0	0
0	0
0	0
0	0
0	0
0	0
0	0
0	0
0	0
0	0
1	0
0	0
2	17
0	0
25	0
0	0
2746	633
0	0
0	0
0	0
0	11
0	0
0	0
0	0
0	0
0	0
0	0
0	0
0	1
0	0
3	1
0	1
0	0
0	10
0	0
5	1101
0	0
4	5259
0	0
0	0
0	0
0	0
0	0
0	1
0	0
0	65
0	0
0	0
1	0
0	0
0	0
0	0
0	0
0	0
3	0
16	1011
0	1
0	0
0	0
0	0
0	5
0	0
0	0
0	0
0	0
0	8
0	0
0	0
0	0
0	126
0	0
7	2
4	2037
0	4771
0	0
0	0
5	2
0	0
2	0
0	0
0	0
0	0
0	0
0	0
0	0
0	0
0	0
0	18
506	2701
0	0
0	0
0	0
0	0
0	0
0	0
0	0
0	0
0	1
0	0
0	0
0	0
0	0
0	0
0	0
0	0
0	0
0	2
0	0
0	0
0	0
0	10
0	0
0	0
11	0
0	0
0	0
0	0
0	0
0	0
0	1
4	7
0	0
0	1
0	0
1	862
0	0
1	0
0	0
0	0
0	0
0	0
0	0
0	0
3	0
0	0
0	0
0	0
3	638
0	0
0	0
1	0
0	0
0	0
0	0
0	1051
25	5
0	0
4	0
2	155
0	0
0	0
0	0
0	0
0	0
0	0
0	0
0	0
0	10
0	0
0	0
2	1316
2	0
0	0
0	168
0	0
0	0
0	0
0	0
0	0
0	0
0	0
0	0
0	0
0	0
0	0
0	0
0	0
1	3
0	0
0	0
0	0
0	66
0	0
0	0
0	10
0	0
0	0
0	0
0	0
6	0
1	55
0	0
0	0
2	723
0	0
0	0
0	0
0	0
2	19
0	5
0	0
0	0
0	0
0	7
1111	1544
0	0
0	0
0	0
0	0
0	0
0	0
0	0
0	0
0	0
0	445
0	0
0	0
3	0
7	28
0	0
0	0
0	0
0	0
0	0
0	0
1	0
0	0
0	0
0	24
0	0
0	0
1	134
0	0
0	0
2	0
0	0
0	0
0	0
0	1
0	0
0	0
2	0
0	0
0	0
0	0
0	2
0	0
0	0
1	200
0	0
0	0
0	0
0	0
0	0
0	10
0	0
0	7
1	0
0	0
1	59
0	0
0	0
0	0
0	0
0	0
0	0
0	0
0	0
0	1
0	0
0	33
0	0
0	0
0	0
0	0
0	0
0	0
0	0
0	0
0	0
0	0
0	0
0	0
0	0
0	0
1	0
0	0
0	0
1	0
0	0
5	0
0	0
0	0
0	0
0	0
0	0
0	0
1	0
0	0
0	0
0	0
3	0
8	0
0	0
4	0
0	0
8	0
0	0
0	0
0	0
0	0
0	0
4	0
0	0
0	0
0	0
0	0
0	0
0	0
0	0
0	0
0	0
0	0
0	0
0	0
0	0
0	0
0	0
1	0
0	0
0	0
0	0
0	0
0	0
0	0
0	0
0	0
1	5
0	2
0	3
0	3
0	3
0	3
0	2
0	3
0	3
0	2
2	0
0	1
0	2279
0	1859
2	2
1	2
0	0
0	0
0	0
0	0
28	8
0	8
0	3
0	3
0	0
0	0
0	0
0	0
0	0
2	1
0	1
0	0
1	45
0	45
0	4
0	2
0	4
12	6351
0	4819
0	0
0	0
0	0
0	0
2	5
0	1
0	2
2	0
4	0
3	3
4	3
0	0
0	0
0	0
0	1
0	1
2	2
0	2
0	1
122	3
0	4
1	1
0	0
21	0
0	1
0	1
0	13
0	10
3	0
0	0
0	0
0	0
0	0
0	0
1	0
2	324
0	0
0	0
0	0
1	0
0	0
1	0
1	0
1	0
0	58
0	229
1	0
0	0
0	0
0	0
1	0
0	0
2	0
0	0
5	0
0	0
2	0
0	4
5	4
1	0
0	0
5	0
12	0
0	0
60	144
0	144
8	12
0	12
0	2
0	1
2	0
0	2
0	2
0	0
0	13
0	0
1	0
0	0
0	0
2	1
0	1
0	13
0	6
0	481
0	868
8	2029
0	0
0	0
41	79
3	79
0	55
0	0
0	3
0	0
0	0
0	0
0	0
0	0
0	0
0	5
11	5
1	5
0	2
0	0
0	0
0	0
0	0
0	0
0	0
0	0
0	0
0	0
13	332
0	219
0	0
124	0
0	0
0	0
1	2
0	0
0	0
25	9
2	9
7	0
13	38
0	37
3	0
0	0
0	0
0	0
0	0
0	0
0	0
0	0
0	0
1	0
1	0
0	0
1	6378
0	5436
0	0
0	0
1	1819
0	0
0	0
0	0
0	0
0	0
0	0
1	0
0	0
1	0
0	0
2	1
0	0
0	0
0	0
0	0
0	27
0	142
0	130
2	0
0	0
1	0
0	0
0	0
0	0
0	0
0	0
4	2
0	2
0	0
0	0
0	0
0	0
0	0
0	0
0	0
0	0
0	0
0	0
0	0
0	6923
0	3952
0	392
0	0
0	0
0	3167
0	0
0	0
0	0
0	0
0	0
0	0
0	0
1	0
0	0
0	0
0	0
0	0
0	0
0	0
0	0
3	2391
1	3910
1	4
0	4
0	0
0	0
0	0
0	0
0	0
0	0
0	0
0	0
80	0
0	0
0	0
6	10
0	2
1331	14702
0	14593
0	0
2	29
0	0
0	0
0	0
6	1
41	1
1	10
0	1
0	0
23	0
344	56
0	55
2	0
0	17
2	201
0	146
0	0
1	0
3	0
0	0
0	0
0	0
0	0
0	1
7	13
0	13
0	6
172	214
166	214
1	74
3	74
0	0
0	0
0	1
0	1
46	3
0	3
0	0
0	0
0	0
0	0
0	0
0	0
0	0
0	0
16	75
0	6
312	69
0	0
38	15
0	15
3	95
0	0
0	1
0	32
0	4
0	0
0	0
11	2
0	2
1	0
0	4
0	4
4	6
0	6
0	12
0	114
42	16
0	0
0	0
0	2
7	0
12	1
0	0
28	180
0	6
1	0
0	0
0	0
0	16
0	16
0	0
0	0
0	0
0	0
0	0
0	5952
0	0
0	0
1	0
0	0
8	0
0	0
0	0
0	0
0	0
0	0
0	0
0	1
0	1
0	1
0	0
0	0
0	0
1	17
4	17
0	12
4	0
0	0
0	0
1	0
0	0
0	0
0	160
4	7
0	7
0	0
0	0
1	0
1	0
0	0
0	0
0	4
0	4
4	0
0	0
17	1
0	1
0	0
60	266
11	2
28	4
3	5
0	266
0	0
0	0
1	0
0	0
1	0
2	55
0	26
83	1
0	0
5	0
19	2273
0	1784
0	0
0	0
0	0
0	0
0	0
0	0
0	0
0	0
0	0
0	0
0	0
0	0
0	0
0	0
0	0
0	0
15	2688
0	2698
0	1753
0	0
0	0
0	0
5	0
0	0
0	0
0	0
0	0
0	0
0	0
0	0
0	0
0	0
1	0
135	65
0	65
0	8
0	8
0	0
0	0
3	0
0	0
0	0
0	0
0	0
4	942
3	0
5	0
0	0
0	0
0	0
0	0
1	0
0	0
0	0
1	0
0	0
0	0
0	0
0	0
3	6
0	20
0	412
0	360
0	0
0	0
0	0
0	0
1	0
1	0
0	279
0	643
0	16
0	292
1	130
0	0
0	0
0	0
0	0
0	1181
0	1181
4	32
0	0
0	2
0	0
0	0
0	0
1	502
0	291
0	0
0	0
0	0
0	0
0	0
0	0
1	17
0	0
0	2
0	2
5	2
0	0
0	0
0	0
0	0
0	0
0	0
60	18
0	14
2	4
37	0
0	1
0	2
0	1
0	0
0	4
0	3
0	4
0	0
0	0
0	0
0	0
0	0
0	0
1	0
0	1
0	0
0	0
2	0
0	0
0	1
0	1
3	11
0	0
2	0
0	0
0	0
0	0
0	0
0	0
0	0
0	0
2	0
0	0
0	0
0	5965
4	908
0	2463
0	137
0	75
0	18
0	10
0	0
0	0
0	2
0	14
6	3
0	3
1	5052
0	4672
0	1
0	1
0	0
0	0
9	9073
0	0
0	0
0	0
0	0
5	3
0	3
0	0
0	0
0	0
0	0
0	3
0	3
0	0
0	0
0	0
0	0
64	5362
211	6270
0	0
0	0
0	0
0	0
96	11
0	7
1	0
30	19
0	125
0	21
0	0
597	0
0	0
0	0
22	12
0	0
0	0
0	0
0	0
0	0
0	0
0	0
0	0
0	0
7	0
1	1
0	0
0	0
0	0
0	0
0	0
0	0
0	0
0	0
0	0
0	0
0	0
0	0
0	0
0	3
21	146
0	0
0	0
0	0
1	0
0	0
0	0
0	0
0	0
0	0
0	0
0	0
0	0
0	0
0	0
0	0
0	0
0	0
0	0
0	0
2	1
0	0
3	17
0	0
0	0
1	1
0	0
0	0
0	1
0	0
0	0
0	0
0	0
0	0
0	0
0	0
0	0
0	0
0	0
0	0
0	0
0	0
0	0
0	0
0	0
0	0
0	0
0	0
0	1
0	0
0	0
31	2
0	0
116	733
0	0
9	0
0	0
0	0
0	0
0	0
0	0
1	0
0	1
2	0
0	0
0	0
2	25
0	0
0	0
0	0
0	0
0	4
0	0
0	0
0	0
0	1
0	0
0	0
0	0
0	0
0	0
0	28
0	0
0	0
4	5
4	0
0	2
0	0
0	0
0	0
0	0
0	0
0	1
1	0
29	10
1	1
1	0
4	31
0	0
0	0
0	0
0	0
0	0
0	0
0	0
0	0
0	0
0	0
0	0
0	0
0	0
0	0
0	0
0	0
0	0
1	0
0	0
5	4
0	0
0	0
0	0
0	0
0	0
0	0
0	0
0	0
0	0
0	0
0	0
0	0
0	0
0	0
0	0
0	0
0	0
8	0
0	0
0	0
0	0
0	0
0	0
0	22
0	0
0	0
8	7
0	0
0	0
0	0
0	0
0	0
0	0
0	0
0	0
0	0
0	0
0	0
0	0
0	0
0	0
0	0
0	0
0	0
0	0
0	0
0	0
0	0
0	0
0	0
0	0
0	0
0	0
0	0
0	0
0	0
0	0
0	0
0	0
0	0
0	0
0	0
0	0
0	0
0	0
0	0
0	0
0	0
0	0
0	0
0	0
0	0
0	0
0	0
0	0
0	0
0	0
0	0
0	0
0	0
0	0
0	0
0	0
0	0
0	0
0	0
0	5
0	0
0	0
0	0
0	0
0	23
0	13
0	0
0	0
0	0
0	0
0	0
0	0
1	2
0	5
0	0
0	0
0	0
0	0
1	0
0	0
0	0
0	0
0	0
7	0
0	0
0	0
0	0
0	0
0	0
0	0
0	0
0	0
0	0
0	0
0	0
0	0
0	0
0	0
0	0
1	0
0	0
0	0
0	0
0	0
0	0
0	0
0	0
0	0
0	0
0	0
0	0
0	0
0	0
0	0
0	0
0	0
0	0
0	0
0	0
0	0
0	0
0	0
24	0
0	0
0	0
0	0
0	0
0	0
0	0
0	0
0	0
0	0
0	0
0	0
0	0
0	0
0	0
0	0
0	0
0	0
0	0
0	0
0	0
0	0
0	0
0	0
0	0
0	0
0	0
0	0
0	0
0	0
0	0
0	0
0	0
0	0
0	0
0	0
0	0
0	1
0	42
0	0
0	0
0	0
0	0
0	0
0	0
0	0
0	0
0	0
0	17
0	0
0	0
0	0
0	0
0	0
0	0
0	0
0	0
0	0
0	0
0	0
0	0
0	0
2	1
0	0
5	0
0	0
0	0
0	0
0	0
0	0
0	0
0	0
0	0
0	0
0	0
0	0
0	0
1	1
0	0
0	0
0	0
0	0
0	0
0	1
0	7
0	0
0	1
0	0
0	0
0	0
0	27
0	0
0	0
1	8
0	0
0	0
0	0
0	0
0	0
0	0
0	0
0	0
0	0
0	0
0	0
0	0
0	0
0	0
0	0
0	0
0	0
0	0
0	0
0	0
0	0
0	0
0	0
0	0
0	0
0	0
0	0
0	0
3	0
5	0
0	0
0	0
0	0
0	0
0	7
0	0
1	2
0	0
0	0
0	0
0	0
1	6
0	0
0	0
0	0
0	0
0	0
0	0
0	0
1	0
0	0
0	0
0	0
0	0
0	0
0	0
0	0
0	0
0	0
0	0
0	0
0	0
0	0
0	0
0	0
0	0
0	0
0	0
0	0
0	0
0	0
0	0
0	0
0	0
0	0
0	0
0	0
0	0
0	0
0	0
0	0
0	0
0	0
0	0
0	0
0	0
3	0
0	0
0	0
0	0
0	0
0	0
8	0
0	0
0	0
0	0
0	0
0	0
0	0
0	0
0	0
4	68
0	0
0	0
0	0
0	0
0	0
0	0
0	0
0	0
0	9
0	0
0	0
0	0
0	0
0	0
0	0
0	0
0	0
0	0
0	0
0	0
0	0
0	0
0	0
0	0
0	0
0	0
0	0
0	0
1	0
0	0
0	0
0	0
0	0
0	0
0	0
0	0
0	0
4	0
3	0
0	0
0	0
0	0
0	0
0	0
0	0
0	0
0	0
0	0
0	0
0	0
0	0
4	0
0	0
0	0
0	0
0	0
0	0
0	0
0	0
0	0
0	0
0	0
0	0
0	0
0	0
0	0
0	0
0	0
0	0
0	0
0	0
0	0
0	0
0	0
0	0
0	0
0	0
0	0
0	0
0	0
0	0
0	0
0	0
0	0
0	0
0	0
0	0
0	0
0	0
0	0
0	0
0	0
0	0
0	0
0	0
0	0
0	0
0	0
0	0
0	0
0	0
0	0
0	0
0	0
0	0
0	0
0	0
0	0
1	0
0	0
0	0
0	0
0	0
0	0
0	0
0	0
0	0
0	0
0	0
0	0
0	0
0	0
0	0
0	0
0	0
0	0
0	0
0	0
0	0
0	0
0	0
10	0
0	0
0	0
0	0
0	0
0	0
1	0
0	0
0	0
0	0
0	0
0	0
0	0
0	0
0	0
0	0
0	0
0	0
0	0
0	0
0	0
0	0
0	0
0	0
0	0
0	0
0	0
0	0
0	0
0	0
0	0
0	0
0	0
0	0
0	0
0	0
0	0
0	0
0	0
0	0
0	0
0	0
0	0
0	0
0	0
0	0
0	0
0	0
0	0
0	0
0	0
0	0
0	0
0	0
0	0
0	0
0	0
0	0
0	0
0	0
0	0
0	0
0	0
0	0
1	0
3	0
4	0
0	0
0	0
0	0
0	0
0	0
0	0
0	462
2	15
0	0
0	0
0	0
0	0
0	0
0	0
32	521
0	0
0	0
0	0
0	0
0	0
0	0
0	120
0	0
0	0
0	0
0	0
0	0
0	0
0	0
0	0
0	0
0	0
0	2
0	0
0	0
0	0
0	0
0	0
386	1035
0	0
0	0
0	0
0	2
0	0
0	0
3	0
0	0
0	0
0	0
0	0
0	14
0	0
0	0
0	0
0	0
0	0
0	0
0	0
0	0
0	0
4	0
0	0
0	0
0	0
0	0
0	0
0	0
0	0
0	0
0	0
0	0
0	0
0	0
0	0
0	0
0	0
0	0
0	0
0	0
0	0
0	0
0	47220
0	7592
0	0
0	7
34	11393
0	0
0	0
0	0
0	0
0	0
0	0
0	0
1	0
0	0
0	0
0	0
0	0
0	27
0	0
0	0
0	0
0	0
0	0
0	0
0	0
0	123935
0	92882
1	0
0	154008
43	66848
0	0
0	0
0	0
0	0
0	0
0	0
0	0
0	0
0	0
0	0
0	0
0	0
0	0
0	0
0	0
0	0
0	0
0	0
0	0
0	0
0	0
0	0
0	0
0	0
0	0
0	0
4	11
0	0
0	11
0	0
0	0
0	0
0	0
0	0
0	0
0	0
0	0
0	0
0	0
0	0
0	0
0	0
0	0
0	0
0	0
0	0
0	0
0	0
0	0
0	0
0	0
0	0
0	7
0	0
0	0
0	0
0	0
0	0
0	2
0	0
0	0
0	0
0	0
0	0
0	0
0	0
0	0
0	0
0	0
0	0
0	0
0	0
0	0
0	0
0	0
0	0
0	5
0	0
0	0
0	0
0	0
3	47
0	0
0	0
0	0
0	0
0	1
0	0
0	0
0	0
0	0
0	0
0	6
0	0
0	0
0	0
0	0
0	0
0	0
0	0
0	0
0	0
0	0
0	0
0	0
0	0
0	0
0	0
0	16
0	0
0	0
0	0
0	0
0	16
0	15
0	0
0	0
0	0
0	0
0	0
0	0
0	0
0	0
0	0
0	0
0	0
0	33
0	0
0	0
0	0
0	0
0	0
0	0
0	0
0	7
0	0
0	0
0	0
0	0
0	0
1	11
0	0
0	0
0	0
0	0
0	0
0	0
0	0
0	0
0	0
0	0
0	0
0	0
0	0
0	0
0	0
0	0
0	0
0	0
0	0
0	0
1	0
0	0
0	0
0	0
0	0
0	0
0	0
0	0
0	0
0	0
0	0
0	0
0	0
0	0
0	0
0	0
0	0
0	0
0	0
0	0
0	0
0	0
0	0
0	0
0	0
0	0
0	0
0	0
0	0
0	0
0	0
0	0
0	0
0	0
0	0
0	0
0	0
0	0
0	0
0	0
0	2
0	0
0	0
0	0
0	0
0	0
0	0
0	0
0	0
0	0
0	0
0	0
0	0
0	0
0	0
0	0
0	0
0	0
0	0
0	0
0	0
0	0
0	0
0	0
0	0
0	0
0	0
0	0
0	0
0	0
104	142
0	0
0	0
0	0
0	0
0	0
0	0
0	0
0	0
0	0
0	0
0	0
0	0
0	0
0	0
0	0
0	0
0	0
0	0
0	0
0	0
0	0
0	0
0	0
0	0
0	0
0	0
0	0
0	0
0	64
0	0
0	0
0	0
0	0
0	0
0	0
0	0
0	0
0	0
0	0
0	0
0	0
0	0
0	0
0	0
7	0
0	0
0	0
0	0
0	0
0	0
0	0
0	0
0	0
0	0
0	0
0	0
0	0
0	0
0	0
0	0
0	0
0	0
0	0
0	0
1	0
0	0
0	0
0	0
9	0
0	0
0	0
0	0
0	0
0	0
0	0
0	0
1	0
0	0
0	0
0	0
0	0
0	0
0	0
0	0
1	2
0	0
0	0
0	0
0	0
0	0
0	0
0	0
0	0
0	0
0	0
0	0
0	0
0	0
0	0
0	0
0	0
0	1
0	114
0	0
0	0
0	0
0	0
0	0
0	0
0	0
0	0
0	0
0	0
5	0
0	0
0	0
0	0
0	0
0	0
0	0
0	0
0	0
0	61
2	28
224	1
31	5
0	0
0	0
0	0
0	0
0	0
0	0
0	0
0	0
0	0
0	0
0	0
0	0
0	0
0	0
0	0
0	0
0	0
0	0
0	0
1	0
0	0
0	0
0	0
0	0
0	0
0	0
0	0
0	0
0	0
0	0
0	0
0	0
0	0
0	0
0	0
0	0
0	0
0	0
0	0
0	0
0	0
0	0
0	0
0	72
2	39
0	0
0	0
0	0
0	0
0	0
0	0
0	0
0	0
0	0
0	0
0	0
0	0
0	0
0	0
0	0
0	0
0	0
0	0
0	0
0	0
0	0
0	0
0	0
0	0
0	0
2	8
0	0
0	0
0	0
0	0
0	1
0	0
0	0
0	0
0	0
0	0
0	0
0	0
0	0
0	0
0	0
0	0
0	0
0	0
0	0
0	0
0	0
0	0
0	0
0	0
0	0
0	0
0	0
0	0
0	0
0	0
0	0
0	0
0	0
0	0
0	0
1	0
0	0
0	0
0	0
0	0
0	0
0	0
0	0
0	0
0	0
0	0
0	0
0	0
0	0
0	0
0	0
0	0
0	0
0	0
0	0
0	0
0	0
0	0
0	0
0	0
0	0
0	0
0	0
0	0
0	0
74	186
0	0
0	0
0	0
0	0
0	0
0	0
0	0
0	0
0	0
0	0
0	0
0	0
0	0
0	8
0	0
0	0
0	0
0	0
0	0
0	0
0	0
0	0
0	0
1	0
0	0
0	0
0	0
0	0
0	0
0	0
0	0
0	0
0	0
0	0
0	0
0	0
0	0
0	0
0	0
0	0
0	0
0	0
0	0
0	0
0	0
0	0
2	0
0	2
0	0
0	0
0	0
0	0
0	0
0	0
0	0
0	0
0	0
0	0
0	0
0	0
0	0
0	0
0	0
0	0
0	0
1	28
0	0
0	0
0	0
0	0
0	0
0	0
0	0
0	0
0	0
0	0
0	0
0	0
0	0
0	0
0	0
0	0
0	0
0	0
0	0
0	0
0	0
0	0
0	0
0	0
0	0
0	0
0	0
0	0
0	0
0	0
0	0
0	0
0	213
0	0
0	0
1	0
0	0
0	0
0	0
0	0
0	0
0	0
0	0
0	0
0	0
0	0
0	0
0	0
0	0
0	0
0	0
0	0
0	0
0	0
0	0
0	0
0	0
0	0
0	0
0	0
0	0
0	0
0	0
0	0
0	0
0	0
0	0
0	0
0	0
0	0
0	0
0	0
0	0
0	0
0	0
0	0
0	0
0	0
0	0
0	0
0	0
0	0
0	0
0	0
0	0
0	0
0	0
0	0
0	0
0	0
0	0
0	0
0	0
0	0
0	0
0	0
0	182
0	0
0	0
0	0
0	0
10	9
0	0
0	1
0	0
0	0
0	582
0	7
0	0
0	367
0	0
0	0
0	0
0	0
0	0
0	0
0	0
0	0
0	0
0	0
0	0
0	0
0	0
0	0
0	0
0	0
0	0
0	0
0	0
0	0
0	0
0	0
0	0
0	0
0	192
0	0
0	0
0	0
0	0
0	0
0	0
0	0
0	0
0	0
0	0
0	0
0	0
0	0
0	0
0	0
0	0
0	0
0	0
0	2
0	0
0	0
0	0
0	0
0	0
0	0
0	0
0	0
0	0
0	0
1	0
0	149
0	0
0	0
0	0
1	0
0	0
0	0
0	0
0	0
0	0
0	0
0	0
0	0
0	0
0	0
0	0
0	0
0	0
0	0
0	0
0	0
0	0
0	0
0	0
0	0
0	0
0	0
0	0
0	0
0	0
5	0
2	3
0	0
0	0
0	0
0	0
0	0
0	0
0	0
0	0
0	0
0	0
0	0
0	0
0	0
0	0
0	0
0	0
0	0
0	0
0	0
0	1
3	0
2	1
0	0
9	0
0	0
0	0
0	0
0	0
0	0
0	0
0	0
0	0
1	0
0	0
1	4
0	0
0	0
0	0
0	0
0	0
0	0
0	0
0	0
0	0
0	0
0	0
0	0
0	0
0	0
0	0
0	0
0	0
0	0
0	0
0	10
19	16
2	0
0	0
0	0
0	0
0	0
0	4
0	0
0	0
0	0
0	0
0	0
0	0
0	0
0	0
0	0
5	0
0	0
0	0
0	0
0	0
0	0
0	9
24	6
0	0
0	0
0	0
0	0
0	0
0	0
0	36
0	0
2	0
0	0
0	0
0	0
0	0
0	0
0	0
0	0
0	0
0	0
0	0
0	0
0	0
0	0
0	0
0	0
0	0
0	0
0	0
0	0
0	0
0	0
0	0
0	0
0	0
0	0
0	0
0	1
0	0
0	0
0	0
2	0
0	0
0	1
0	0
0	0
0	0
0	0
0	0
0	0
0	0
0	0
0	0
0	0
0	0
0	0
1	0
0	0
0	0
0	0
0	0
0	0
0	0
0	0
0	0
0	0
0	0
0	0
0	0
0	0
0	0
0	0
0	0
0	0
0	0
0	0
0	0
0	0
0	0
0	0
0	0
0	0
0	0
0	0
0	0
0	0
0	0
1	0
0	0
0	0
0	0
0	0
0	0
0	13
0	16
0	0
0	0
0	0
0	0
0	0
0	0
0	0
0	0
32	512
180	1
0	0
0	0
0	0
0	0
0	0
0	0
0	0
7	0
0	0
0	0
0	0
0	0
0	0
0	0
0	0
0	0
0	0
0	0
0	0
0	0
0	0
0	33
0	29
0	0
0	0
0	0
0	0
0	0
0	0
0	0
0	0
0	0
0	0
0	0
102	14
0	0
0	0
0	0
0	4
0	0
0	0
0	0
0	0
0	0
0	0
0	0
0	0
0	0
0	0
0	0
0	0
0	0
0	0
0	0
0	0
0	0
0	0
0	0
0	0
0	0
0	0
0	0
0	0
0	0
0	0
0	0
0	0
0	0
0	0
0	0
0	0
0	0
0	0
0	0
0	0
0	0
0	0
0	0
0	0
0	0
0	0
0	0
0	0
0	0
0	0
0	0
0	0
0	0
0	0
0	0
0	0
0	0
0	0
0	0
0	0
0	1
0	0
0	0
0	0
0	0
0	0
0	0
0	0
0	0
0	0
0	0
0	0
0	0
0	0
0	0
0	0
0	0
0	0
0	0
0	0
0	0
0	0
0	0
0	0
0	0
0	0
0	102
0	0
0	0
0	0
1	0
31	692
35	19
0	0
0	0
0	0
0	0
0	0
0	0
0	0
0	0
0	0
0	0
0	0
0	0
0	0
0	0
1	0
0	0
0	0
0	0
0	0
0	0
0	0
0	0
0	0
0	0
0	0
0	0
1	0
0	0
0	0
0	0
0	0
0	0
0	0
0	0
0	0
0	0
0	0
0	0
0	0
0	0
0	0
0	0
0	0
0	0
0	0
0	0
0	0
0	0
0	0
0	0
0	0
0	0
0	0
1	0
0	0
0	0
0	0
0	0
0	0
0	0
0	0
0	0
0	0
0	0
0	0
0	0
0	0
0	0
0	0
0	0
0	0
0	0
0	0
0	0
0	0
0	0
0	0
0	0
0	0
0	0
0	0
0	0
0	0
0	0
0	0
0	0
0	0
0	0
0	0
0	0
0	0
0	0
0	0
0	0
0	0
0	0
0	0
0	0
0	0
0	0
0	0
0	0
0	0
0	0
0	1
0	0
0	0
0	0
0	1
0	0
0	0
0	0
0	0
0	0
0	0
0	0
0	0
0	0
0	0
0	0
0	0
0	0
0	0
0	0
0	0
0	0
0	0
0	0
0	0
0	0
0	0
0	0
0	0
0	0
0	0
0	0
0	0
0	1
0	0
0	0
6	0
2	2
0	0
0	0
0	0
0	0
0	0
0	0
0	0
0	0
0	0
0	0
0	0
0	0
0	0
0	0
0	0
0	0
4	0
0	0
0	0
0	0
0	0
0	0
0	0
0	0
0	0
0	0
0	0
0	0
0	0
0	0
0	0
0	0
0	0
0	0
0	0
0	0
0	0
0	0
4	0
0	0
0	0
0	0
0	0
0	0
0	0
0	0
0	0
0	0
0	0
0	0
0	0
0	0
0	0
0	0
0	0
0	0
0	0
0	0
0	54
0	0
0	0
0	0
0	0
0	0
0	0
0	0
0	0
0	0
0	0
0	0
0	0
0	0
0	0
2	27
0	0
0	0
0	0
0	0
0	0
0	0
0	9
0	0
0	0
0	0
0	0
0	0
0	0
0	0
0	0
0	0
0	0
0	0
0	0
0	0
0	0
0	0
0	0
0	0
0	0
0	0
0	0
0	0
0	0
0	0
0	0
0	0
0	0
0	9
0	0
0	0
0	0
0	0
0	0
0	0
0	0
0	676
0	0
0	0
0	0
0	0
0	0
0	0
0	0
0	0
0	0
0	0
0	0
0	0
0	0
0	0
0	0
0	0
0	0
0	0
2	0
0	0
0	0
0	0
0	0
0	0
0	0
0	0
2	3
0	0
0	0
0	0
0	0
0	0
0	0
0	0
0	0
0	0
0	0
0	0
0	0
0	0
1	472
7	4
0	0
0	0
0	0
2	0
0	0
0	0
0	0
0	0
0	0
0	0
2	0
0	0
0	0
0	0
0	0
0	0
0	0
0	0
0	0
0	0
0	0
0	0
0	0
0	0
0	0
0	0
0	0
0	0
0	0
0	0
0	0
0	0
0	0
0	0
0	0
0	0
0	0
0	4
0	0
0	0
0	0
0	0
0	0
0	0
0	0
0	0
0	0
0	0
0	0
0	0
0	0
0	0
0	0
0	0
0	0
0	0
0	1
0	0
0	0
0	1
0	0
0	0
0	0
0	0
0	0
2	1
0	0
0	0
0	0
0	0
0	0
0	0
0	0
0	0
0	0
0	0
0	0
0	0
0	0
3	0
0	0
0	0
0	0
0	1
0	0
0	0
0	0
0	0
0	0
0	0
61	3
0	0
0	0
0	0
0	0
0	0
2	0
0	0
0	0
0	0
0	0
0	0
0	0
0	0
0	0
0	0
0	0
0	0
0	0
0	0
0	0
0	0
0	0
0	0
0	0
0	0
0	0
0	1
0	0
0	0
0	1
0	0
0	0
0	0
0	0
0	0
0	0
0	0
0	0
0	0
0	0
0	0
0	0
0	0
0	0
0	0
0	0
0	0
0	0
1	2
0	0
0	0
0	0
0	0
0	0
0	0
0	0
0	0
0	0
0	0
0	0
0	0
445	715
0	0
0	0
0	0
0	0
0	0
0	0
0	0
0	0
0	0
0	0
0	0
0	0
0	0
2	4
0	0
0	0
0	0
0	0
0	0
0	0
0	0
0	0
0	0
3	1
2	0
0	0
0	0
0	0
0	0
0	0
0	0
0	0
0	0
0	0
0	0
0	0
0	0
0	0
0	0
0	0
0	0
0	0
0	0
0	0
0	0
0	0
0	0
0	0
0	0
0	0
0	0
0	0
0	0
0	0
0	0
0	0
0	0
0	0
0	0
0	0
0	0
0	0
0	0
0	0
0	0
0	0
0	0
0	0
0	0
0	0
0	0
0	0
0	0
0	0
0	0
0	0
0	0
0	0
0	0
0	0
0	0
0	0
0	0
0	0
0	0
0	0
0	0
0	0
0	0
0	0
0	0
0	0
0	0
0	42
0	0
0	0
0	0
0	123
0	0
0	0
0	0
23	29
0	0
0	0
0	8
0	0
0	0
0	22
0	0
0	0
0	0
0	0
0	0
0	0
0	0
0	6
0	0
0	0
0	7
0	0
0	0
2	1093
0	11
0	0
0	1
0	0
0	0
0	0
0	0
0	0
0	0
10	0
0	0
0	0
0	15
52	600
0	0
0	0
13	15
0	0
0	0
0	0
0	0
0	1
0	0
0	0
9	936
0	0
1	7
0	41
0	0
0	0
0	0
0	0
0	0
0	0
0	0
0	0
