UniqueCount	AmbigCount
0	0
0	0
0	0
0	0
0	0
0	0
0	0
0	0
0	0
0	0
0	0
0	0
0	0
0	0
0	0
0	0
0	0
0	0
0	0
0	0
0	0
0	0
0	0
0	0
0	0
0	0
0	0
0	0
0	0
0	0
0	0
0	0
0	0
0	0
0	0
0	0
0	0
0	0
1	0
0	0
0	0
0	0
0	0
0	0
0	0
0	0
1	0
0	0
0	0
0	0
0	0
0	0
0	0
0	0
0	0
0	0
0	0
0	0
0	0
0	0
0	0
0	1
0	0
0	0
0	0
0	0
0	0
0	0
0	0
2	0
0	0
0	1
0	0
0	0
0	0
0	0
0	0
0	0
0	0
0	0
0	0
0	0
0	0
0	0
0	0
0	0
0	0
0	0
0	0
0	1
0	0
0	0
0	0
0	0
0	0
0	0
0	0
0	0
0	0
0	0
0	0
0	0
0	0
0	0
0	0
0	0
0	0
0	0
0	0
0	1
0	0
0	0
0	0
0	0
0	0
0	0
0	0
0	1
0	0
0	0
0	0
0	0
0	0
0	0
0	0
0	0
0	0
0	0
0	0
0	0
1	0
0	0
0	0
0	0
0	0
0	0
0	0
0	0
0	0
0	0
0	0
0	0
0	0
0	0
0	0
0	0
0	0
0	0
0	0
0	0
0	0
0	0
0	0
0	0
0	0
0	0
0	0
0	0
0	0
0	0
2	0
0	0
0	0
0	0
0	0
0	0
0	0
0	0
0	0
0	0
0	0
0	0
0	0
0	0
0	0
0	0
0	0
0	0
0	0
0	0
0	0
0	0
0	0
0	0
0	0
0	0
0	0
0	0
0	0
0	0
1	0
0	0
0	0
0	0
0	0
0	0
0	0
0	0
0	0
0	0
0	0
0	0
0	0
0	0
0	0
2	5
0	2
2	5
0	0
0	0
0	0
0	0
0	0
0	0
0	0
0	0
10	1
0	0
0	0
0	0
0	5
0	5
2	5
0	1
0	0
0	0
0	0
0	0
0	0
37	631
0	631
3	69
21	1
0	43
1	30
0	69
0	0
0	0
0	0
0	0
0	0
0	0
0	0
1	0
0	0
0	0
0	0
0	0
0	0
0	0
0	0
0	0
0	0
0	0
72	190
18	189
0	0
0	0
0	0
0	0
13	38
14	38
0	0
0	0
0	589
470	589
0	0
0	0
0	0
0	0
0	0
0	0
0	0
0	0
77	159
0	21
0	123
0	84
0	36
0	71
0	0
0	0
0	0
187	107
0	107
0	4
0	4
0	4
3	2
76	4
0	2
0	0
3	0
0	1
0	0
1	0
0	0
0	0
0	1
0	0
0	0
2	15
0	1
1	0
0	15
0	0
0	0
0	0
0	0
0	0
2	0
0	0
0	0
1	0
0	0
0	0
0	0
0	0
0	0
0	0
0	0
0	0
0	0
0	0
10	2
25	150
0	150
0	0
20	283
1	283
0	0
0	0
0	0
0	0
0	0
93	9440
0	0
1	12
0	343
0	12
0	343
0	12
0	343
0	12
0	1
0	0
0	0
0	343
0	0
0	91
0	101
0	87
0	32
0	17
0	3
0	7
0	1
0	4
0	17
0	100
0	32
90	102
0	212
14	176
1	182
0	261
3	2
2	31
0	259
0	0
6	29
0	0
0	0
11	12
0	12
5	0
5	30
0	30
272	30
0	0
0	0
0	0
0	0
1	0
0	0
0	0
0	0
0	0
0	0
0	0
0	0
0	0
0	0
0	0
0	0
0	0
0	0
0	0
0	0
0	0
0	0
0	0
0	0
0	0
0	0
0	0
0	0
0	0
0	0
0	3
0	3
1	1
1	1
0	0
0	0
0	0
0	0
10	5
0	5
58	272
9	272
10	0
0	8
2	8
0	0
0	0
0	0
0	0
0	0
0	0
0	0
0	0
0	0
0	0
0	0
0	0
0	0
0	0
0	0
0	0
0	0
0	0
0	0
0	0
0	0
0	0
0	0
0	0
0	0
0	0
0	0
0	0
0	0
0	0
0	0
0	0
0	0
0	0
0	0
0	0
0	0
0	0
0	0
0	0
0	0
0	0
0	0
0	0
0	0
0	0
0	0
0	0
0	0
1	0
0	0
0	0
0	0
0	0
0	0
0	0
1	0
0	0
0	0
0	0
0	0
0	0
0	0
0	0
0	0
0	0
0	0
0	0
0	0
0	0
0	0
0	0
0	0
0	0
0	0
0	0
0	0
0	0
0	0
0	0
0	0
0	0
0	0
0	0
0	0
0	0
0	0
0	0
0	0
0	0
0	0
0	0
0	0
0	0
0	0
0	0
0	0
0	0
0	0
0	0
0	0
0	0
0	0
0	0
0	0
0	0
0	0
0	0
0	0
0	0
0	0
0	0
0	0
0	0
0	0
0	0
0	0
0	0
0	0
0	0
0	0
0	0
0	0
0	0
0	0
0	0
0	0
0	0
0	0
0	0
0	0
0	0
0	0
0	0
0	0
0	0
0	0
0	0
0	0
0	0
0	0
0	0
0	0
0	0
0	0
0	0
0	0
0	0
0	0
0	0
0	0
0	0
0	0
0	0
0	0
0	0
0	0
0	0
0	0
0	0
0	0
0	0
0	0
0	0
0	0
0	0
0	0
0	0
0	0
0	0
0	0
0	0
0	0
0	0
0	0
0	0
0	0
0	0
0	0
0	0
0	0
0	0
0	0
0	0
0	0
0	0
0	0
0	0
0	0
0	0
0	0
0	0
0	0
0	0
0	0
0	0
0	0
0	0
0	0
0	0
0	0
0	0
0	0
0	0
0	0
0	0
0	0
0	0
0	0
0	0
0	0
0	0
0	0
0	0
0	0
0	0
0	0
0	0
2	0
0	0
0	0
0	0
0	0
0	0
0	0
0	0
0	0
0	0
0	0
0	0
0	0
0	0
0	0
0	0
0	0
0	0
0	0
0	0
0	0
0	0
0	0
0	0
0	0
0	0
0	0
0	0
0	0
0	0
0	0
0	0
0	0
1	0
0	0
0	0
0	0
0	0
0	0
0	0
0	0
0	0
0	0
0	0
0	0
0	0
0	0
0	0
0	0
0	0
0	0
0	0
0	0
0	0
0	0
0	0
0	0
0	0
0	0
0	0
0	0
0	0
0	0
0	0
0	0
0	0
0	1
0	1
0	0
0	0
0	0
0	0
0	0
0	0
0	0
0	0
0	0
0	0
0	0
0	0
0	0
0	0
0	0
0	0
0	0
0	0
0	0
0	0
0	0
0	0
0	0
0	0
0	0
0	0
0	0
0	0
0	0
0	0
0	0
0	0
0	0
0	0
0	0
0	0
0	0
0	0
0	0
0	0
0	0
0	0
0	0
0	0
0	0
0	0
0	0
0	0
0	0
0	0
0	0
0	0
0	0
0	0
0	0
0	0
0	0
0	0
0	0
0	0
0	0
0	0
0	0
0	0
0	0
0	0
0	0
0	0
0	0
0	0
0	0
0	0
0	0
0	0
0	0
0	0
0	0
0	0
0	0
0	0
0	0
0	0
0	0
0	0
0	0
0	0
0	0
0	0
0	0
0	0
0	0
0	0
0	0
0	0
0	0
0	0
0	0
0	0
0	0
229898	231
29172	97
128702	175
108087	82185
287	11649
669	22833
206	214348
320	154587
1715	18
310	255064
553640	99026
103981	160
159181	144
29	0
0	0
0	17
0	108
2	1
0	0
0	0
0	0
22	140
0	0
0	0
0	0
3	1
0	0
0	0
0	0
0	0
0	1
0	3
0	4
1	13
0	0
0	0
0	0
0	0
0	0
0	0
3	5
0	0
5	17669
0	0
416	0
0	0
0	0
0	0
0	0
366	919
49	1117
4	43
0	0
0	0
0	0
0	0
0	0
4	0
0	0
0	0
9	0
0	0
0	0
2	225
0	0
0	0
0	128
0	0
0	0
0	0
0	0
248	0
0	0
0	0
0	0
0	0
205	0
0	0
0	0
0	0
0	0
0	0
0	0
0	0
0	0
0	0
0	0
0	0
0	0
0	0
0	0
0	0
217	1
0	3
0	0
0	0
0	0
0	58
0	6
0	0
0	0
0	0
0	0
0	0
0	0
0	0
1883	4
0	0
0	0
0	0
0	209
0	0
0	0
0	0
10	138
0	0
0	8
0	0
0	0
0	0
0	0
0	0
0	0
1	0
0	189
0	0
0	5
0	0
0	32
0	7
0	0
18	2762
0	0
0	0
0	0
0	0
0	0
0	0
0	0
0	0
0	9
0	0
0	0
0	0
0	0
0	0
14	12
0	0
0	0
0	0
0	0
0	1
0	0
0	0
0	0
0	0
0	0
0	0
0	0
0	0
0	0
0	0
0	0
0	0
0	0
0	0
0	0
0	0
0	0
0	216
110	0
2627	2
0	93
0	0
1	0
0	3
0	0
0	0
0	0
5	20
0	0
40	552
1	552
0	8
0	0
0	0
6	0
1	0
0	1
0	191
47	238
0	0
0	0
0	0
4	10
0	0
0	2
0	0
0	0
0	0
1096	1
0	1
0	0
0	2
0	5
0	0
0	10
3	0
41	0
0	6
0	6
0	0
0	0
0	0
0	0
0	0
0	0
0	0
12	6
0	0
0	0
0	6
11	2
131	44
3	11
95	643
0	217
0	636
3	255
0	161
1	2
3	290
0	0
0	0
0	0
0	0
0	0
0	0
29	89
0	28
0	26
0	31
0	77
0	87
0	74
7	74
2	74
0	2
5	9
0	3
0	6
0	1
0	0
0	0
4	886
0	2246
0	2148
17	919
7	1283
22	1841
4	450
0	382
15	0
5	76
0	68
5	177
1	20
0	19
0	2165
1	86
0	469
0	44
0	100
0	464
99	443
11	248
0	0
55	4167
0	1906
0	4224
0	37
0	122
0	278
7	288
1	284
2	189
0	169
2	189
0	96
0	94
0	0
0	0
1	80
0	0
0	2
0	0
3209	184
5	177
820	624
1	0
0	0
525	625
1	1
0	469
197	1
0	0
0	0
0	1
273	24
12	0
0	0
0	0
0	0
0	0
0	0
0	0
0	0
0	0
0	0
0	0
1	12
0	0
0	12
0	10
0	2
0	3
0	0
0	1
0	0
8	8
92	932
0	932
0	859
0	314
0	68
0	180
0	210
0	125
0	98
0	3
0	6
0	0
0	0
0	0
0	926
4449	1150
2	1023
14	7
130	118
7	118
899	1
1	0
0	34
0	32
0	29
2	0
1	0
4	0
2	7
0	2
0	1
0	71
521	175
0	8
1	0
1	170
4	47
4	170
4	111
5	173
0	176
1929	163
0	7
0	163
4	479
487	1109
36	892
5	20
0	466
116	108
0	108
17	8
0	8
0	1
0	1
0	1
63	3949
113	9446
183	9558
40	9452
74	3952
1	0
6	470
0	3188
18	1680
22	40
97	681
0	0
0	0
235	211
0	0
10	2
1	5
40	208
20	93
1	1
0	1
0	1
0	1
12	3067
83	1949
30	4
10	45
0	4
0	531
2	524
0	20
0	3067
1	751
2103	758
73	749
1	36
0	38
0	1
9	0
50	8069
0	7445
0	8352
9	7553
4	7301
214	7552
0	821
67	3
0	9
17	7805
0	29
0	16
1	0
0	98
0	8
0	50
0	77
0	3
1	101
8	50
0	52
0	14
2	3
0	3
0	5
5	30
0	0
0	9
0	115
0	90
148	350
7	347
3	9
134	124
0	121
1	5
0	3111
19	2068
32	22
0	3238
0	3283
36	2823
1	3238
0	3183
1	3291
0	54
9	3279
4	1881
0	1962
269	13
10	13
0	0
469	38
0	25
40	13
2	10
832	276
0	275
0	1
0	0
0	1
0	1
8	0
4	114
899	114
0	14
0	14
0	0
11	0
3	76
299	282
0	5
0	194
0	5
0	33
0	57
28	12
2	32
12	1876
0	2096
1	2018
0	2139
0	2061
0	1983
0	1984
22	4
0	224
0	61
0	16
0	128
2	1015
4	1590
24	4508
964	4509
3	4426
16	2926
29	1869
0	3127
0	0
0	0
0	455
0	53
9	199
2	458
0	465
573	22
0	23
1	22
0	0
7	5854
45	4860
13	3449
163	3842
0	5845
123	29
0	28
0	23
0	7
0	0
3	1
0	1
0	1
0	2
0	2
0	1
0	0
6	565
15	408
1	627
0	663
0	693
0	649
2	28
7	371
2	84
1	550
2	31
1	0
1	59
33	203
3	178
0	14
0	11
1	63
9	79
2	23
1	17
13	27
0	9
1	6
0	7
334	271
32	271
3	0
1	0
0	0
809	1870
0	572
0	125
7	1373
0	268
6	430
16	164
0	2
0	27
3	33
0	5
0	0
0	0
0	0
0	0
15	111
0	111
0	40
0	31
0	0
0	0
1	0
0	0
0	0
1	0
77	388
3	229
0	196
0	146
0	84
1	12
0	0
0	0
29	0
7	12
0	12
82	851
0	851
17	102
6	15
8	0
4	159
0	0
0	0
0	0
0	2
767	92
0	60
0	5
0	25
0	25
3	8
1	637
2	0
6	637
0	58
0	490
0	133
157	1
0	0
0	0
0	0
0	0
0	0
0	0
0	12
0	12
0	10
1	0
0	0
0	2
1	7
0	0
0	11
0	0
0	1
0	0
0	0
0	11
0	0
0	14
0	0
0	10
8	15
6	3297
0	2222
107	4015
0	6
13	1035
3	11
5	0
24	548
0	338
6	458
11	73
70	145
0	56
93	10
1	10
1102	3
0	761
107	1281
0	513
25	419
0	793
2	756
0	763
17	240
25	275
0	17
1	15
10	244
0	109
0	25
0	16
2	16
0	3
601	0
0	0
0	0
760	785
4	731
1	23
5	237
0	12
0	275
2	87
3	165
0	275
0	4
0	0
0	0
0	5
0	5
0	4
1	29
0	26
5	28
0	27
0	9
0	0
0	0
0	0
0	0
18	1167
0	1187
4	1113
12	16
0	321
298	5644
17	5480
70	5418
0	2064
1	2136
25	464
0	810
8	579
14	266
4	0
19	0
0	0
0	0
2	145
890	619
17	569
5	68
2	151
0	176
16	404
58	386
6	105
743	425
0	423
3	28
2	0
0	44
1	27
0	19
1348	2
0	0
0	0
0	0
0	0
0	0
0	0
0	0
2260	751
3	749
4	5
0	21
4	42
0	46
1	46
1	0
0	9
14	27
0	27
0	2
0	2
0	0
18	17
5151	2368
6	32
24	2347
1	551
88	6509
6	3462
14	2822
0	2185
5	4768
0	2350
10	4113
0	1877
22	153
0	129
0	134
39	143
5	70
16	1
5	0
0	16
0	0
79	0
0	0
0	322
30	327
4	136
4	82
0	26
3	62
1	15
0	0
0	887
0	925
32	937
10	937
0	865
4	351
2	141
1	67
0	100
7	50
0	44
0	43
0	43
0	44
0	4
0	0
0	4
6	1
0	1
0	0
0	2
0	1
0	1
0	2
0	0
0	2
143	171
1	15
0	151
0	27
2	1
0	0
0	57
2	520
14	597
7	569
3	534
0	430
4	327
2	26
0	11
1	57
1	0
17	43
0	46
0	312
0	0
3	143
1	0
8	17
0	145
2	143
0	0
0	143
2290	1377
0	1094
2	268
20	0
0	121
6	0
2	6
0	0
0	0
0	0
0	0
0	0
0	0
28	51
19	51
3	0
1	2
0	1
4	1
2	1
0	1188
0	1184
0	623
0	605
9	12
0	3
9	35
0	0
1878	687
3	10
1	677
1	0
0	667
16	733
1	738
0	712
0	3
6	4
0	4
0	1
0	1
2430	6
18	3
110	32
0	29
0	10
11	0
52	0
6	0
0	0
0	0
1	53
2072	137
2	2
1	11
1	0
3	51
1	6
2	25
44	1116
29	1082
195	1063
0	147
0	105
4	4
0	14
0	1
0	0
0	3380
36	209
0	123
9	223
0	114
0	90
11	214
0	63
0	66
0	519
44	66
0	240
1	284
0	519
0	0
0	0
0	0
0	0
0	0
0	0
0	0
0	0
0	0
0	0
0	17
118	1407
0	107
0	1299
3	0
2	3
0	292
0	69
1	0
5	153
11	788
0	221
22	319
0	928
0	42
35	46
6	0
11	1609
0	2190
0	2128
0	2328
0	2235
16	2248
1	2102
0	595
8	628
0	264
0	333
0	126
1	267
0	0
0	101
0	113
0	10
0	2237
0	1266
184	413
48	229
16	322
22	3375
1448	4080
2	660
13	82
4	79
0	560
2	1574
0	15
0	31
0	0
2	0
0	0
0	0
0	0
2498	4136
2	4134
116	651
5	0
1	622
95	0
19	9
32	4
224	185
1	34
19	73
9	80
29	63
2	3
0	1
0	0
0	0
0	121
0	127
2	2
2141	4855
1	3270
72	2151
1	1027
0	1006
0	451
3	433
3	51
0	61
26	99
0	0
93	3
0	1
0	0
179	0
0	3
0	3
0	3
0	0
0	0
0	3
2030	3429
18	2932
0	0
0	0
0	0
6	1
1369	155
12	81
5	0
0	73
0	0
0	0
0	0
0	0
0	1
0	1
0	1
0	0
0	0
0	142
79	142
1	59
45	2066
4	1988
2	53
0	52
0	0
253	1960
3	2
0	19
7	11270
3	17688
172	20069
0	2460
3	362
0	1571
56	456
32	8422
18	93
0	14
0	14
7	75
0	77
2	30
1	7
0	0
4	1
7	10
1	0
8	280
16	849
0	92
395	783
18	64
0	0
43	64
152	7371
2	3334
0	31
0	46
1	41
1	12
0	288
34	6
12	10
0	7105
1174	2
0	0
0	27
0	0
0	154
0	0
0	0
0	134
0	3
0	171
4	181
94	190
0	14
0	5
0	2
0	264
17	1900
15	1901
49	1483
94	1886
0	1882
1	190
2	116
2	33
11	0
0	307
0	333
0	247
13	79
0	3
7	5583
89	5600
0	6262
9	6577
4	6911
0	6650
0	0
0	0
0	0
0	0
0	0
0	0
0	0
0	0
0	0
68	186
29	198
0	115
48	93
0	8
1	4
3	2
0	88
0	8
0	0
0	63
639	1133
10	1133
206	125
0	213
0	0
0	0
0	0
0	0
1	107
0	110
0	15
2	1
0	100
0	868
0	886
1	905
2	847
0	1272
1	1272
0	750
3	1184
3	495
38	1307
1	0
8	127
0	80
0	3
0	76
0	8
0	0
22	0
1	0
439	47
2	47
0	0
3	1004
14	824
13	804
0	870
0	0
9	8
4	282
1	3
4	183
2	65
1653	110
0	107
29	1
0	11
0	11
14	1379
1	0
17	8511
0	5392
0	5463
0	0
6	35
0	16
3	4094
20	5
0	3
0	6
0	759
7	38
1	276
3	273
0	8594
0	8479
888	126
0	40
1	57
0	51
1	18
2142	436
41	435
0	0
1	709
0	632
0	516
0	155
0	513
2	67
0	164
0	9
1	6
0	0
0	0
0	9
0	5
0	5
0	1
0	5
0	0
0	5
1	238
5	53
1	134
5	190
6	1
0	0
0	0
0	0
17	139
0	132
0	21
0	21
0	23
0	23
0	20
0	22
0	20
0	22
0	18
1	0
0	0
0	23
8	153
0	110
1	117
0	119
8	28
1	2
3	47
1	40
16	3
0	3
0	0
0	0
0	0
0	34
0	0
0	0
10	11
0	8
0	34
0	0
0	0
0	0
0	0
0	1
0	0
0	0
0	1
0	1
0	1
0	1
0	1
5	1
0	0
0	1
0	6906
10	5828
423	6901
7	0
33	31
0	7
1	7
0	7
0	26
4	134
2	136
0	91
1	11
7	9
3	13
8	28
16	28
0	14
0	7
0	2
5	1036
5	1036
6	3
0	1031
1	2
0	2
1344	637
9	73
36	220
1	220
0	18
0	13
1	29
0	15
0	11
1	0
750	69
1	68
16	796
19	348
35	624
0	34
0	0
28	12
0	10
0	750
1430	651
2	15
151	102
1	49
0	1
0	0
0	34
0	0
0	10
0	18
2	0
1	88
4	1
30	100
36	103
0	1
0	1
0	1
6534	2
126	1851
97	1907
43	1847
0	1502
8	19
0	14
1	27
1	32
0	47
0	0
0	1
1	18
1	1
0	4
6	4
1	17
2	14
0	17
0	18
1	0
0	0
85	14
99	179
9	13
0	1
0	180
352	105
9	105
0	0
0	0
0	0
0	0
879	386
10	304
15	10
0	174
31	212
0	233
0	220
0	119
57	104
0	22
6	24
0	14
0	230
0	241
2	32
0	18
1	19
0	28
0	19
0	0
0	37
0	1271
3	2
2	1269
2	1419
0	3362
7	2639
0	1416
2	369
6	4
0	0
0	0
0	0
0	0
0	0
35	1347
0	1205
19	117
0	1198
2	108
16	105
0	28
0	1013
8	625
119	50
0	45
0	5
2377	12
2	10
0	0
0	0
83	0
43	613
6	85
4	63
3	676
15	671
15	360
0	358
6	9
0	76
0	18
0	76
1163	2
205	165
0	81
2	147
0	155
3	15
235	3389
21	1768
0	212
7	8
7	128
21	1433
0	19
30	668
0	8
7	15
0	3
12	16
0	3
48	27
0	6
1	0
0	1
1	3
0	7
0	7
34	7
40	14
7	6
0	2
1	8
0	4
13	0
2178	3053
71	3049
0	118
13	14
0	41
4	645
0	39
0	47
61	0
4108	350
0	348
6288	1328
14	4
0	770
0	770
6	1315
0	0
0	0
497	1456
13	1456
0	0
0	0
0	0
0	0
0	0
1	0
0	0
0	0
0	0
11	310
3	28
0	285
8	0
4	6
35	235
3	235
0	2
6	1
0	1
0	0
488	1231
42	1176
14	204
19	37
60	14
24	604
30	17
0	0
11	1
3	345
6	226
1	16
276	2107
16	298
0	1456
93	1170
6	1363
9	34
0	1496
3	1810
0	1874
0	0
0	150
0	50
0	207
0	209
1	44
94	693
1	9
73	9
2	57
0	0
0	3
7	222
0	219
0	2
0	0
369	1247
8	399
0	301
4	927
0	8
16	529
4	108
54	290
0	86
3	202
12	20
1	20
2	6
21	3
0	3
0	10
6	1327
3	1523
0	9
0	1221
0	7
32	0
0	12
16	30
0	260
56	62
5	281
32	20
2	16
1	98
0	131
23	111
3	83
485	1337
919	1302
18	1152
0	15
0	1220
0	19
801	2047
8	106
0	29
8	135
0	1
0	190
18	0
0	94
10	1848
485	667
0	33
4	0
5	3
0	1
0	37
59	131
33	562
0	534
0	520
0	547
1	300
9	178
0	138
0	0
0	101
0	93
0	81
0	15
0	0
0	0
0	0
517	3263
2	67
0	3158
0	1429
0	12
0	26
3	10
3	168
0	4
0	15
7	11
0	0
0	9
0	4
0	4
0	0
345	0
9	4567
0	1026
0	108
0	38
0	27
0	253
0	30
0	23
3	1395
8	522
18	254
0	225
0	192
1	905
1	20
7	1606
0	121
0	551
0	158
0	622
0	604
0	636
0	366
0	1075
0	532
0	233
0	218
0	3492
0	3519
0	3443
0	46
0	16
0	7
0	27
0	0
0	10
0	3
0	25
5	25
0	6
0	7
0	7
0	5
0	3
0	2
2	1
0	2
0	1
0	1
0	0
0	0
0	25
1	0
0	3
0	3
146	20
2	20
399	263
0	212
0	7
5	35
30	732
29	696
30	451
2	42
0	0
832	1780
153	14
0	243
117	1637
1	20
19	1
0	144
10	558
64	545
1	504
0	413
0	0
2	4
10	4
14	30
0	214
0	54
0	4
0	13
23	163
181	49
12	49
0	22
787	706
18	353
0	87
0	122
0	17
0	128
0	248
5	785
6	785
53	785
10	116
0	117
0	1
0	2
0	0
0	0
385	353
3	256
0	13
0	14
0	0
0	52
0	516
106	2564
28	2323
6	1308
1	123
1	100
0	130
1	2614
389	3269
1	13
2	0
2	2045
3	584
9	244
142	466
6	150
95	487
3	277
21	19
15	41
5	23
1	23
1	1
0	0
0	1
0	0
0	112
5	108
0	37
2	0
0	0
0	0
0	0
0	0
29	2274
1	2188
139	2284
0	379
15	1
5	132
2	216
1	1
0	2598
1	144
5	2545
0	2793
0	139
0	80
9	17
1	135
0	43
0	0
0	144
3	1245
63	856
3	910
9	435
0	833
0	157
68	86
0	85
7	55
0	0
7	7
16	7
0	2
1	2
0	0
267	412
0	339
1	404
0	207
0	208
1	23
0	25
5	276
1913	95
2	63
0	32
174	0
0	487
0	72
10	430
0	21
0	248
0	81
0	10
1	16
20	10
1127	7
0	10
133	4684
209	4883
9	1427
11	0
0	75
6	301
3	20
0	13
0	42
1	8
1	11
7	1
10	8
6	126
0	62
4	101
1	22
0	9
3	5
0	0
0	126
697	387
0	378
1	276
0	9
0	0
0	0
0	0
16	1736
0	1714
15	1112
5	8
2	45
2	26
2	1
0	50
0	29
0	0
0	0
0	0
7	45
1	32
4	41
0	27
0	522
17	501
1	0
0	464
0	67
12	72
1	1
0	0
0	0
0	0
18	182
124	180
1	17
0	0
0	2
0	6
1	10
0	4
0	7
2	5
0	6
0	2
0	0
0	0
157	428
21	15
7	428
778	329
24	23
48	306
0	121
5	93
6	24
1	13
3	230
1	476
0	152
0	382
409	73
0	73
0	0
0	0
0	6
0	0
0	0
0	6
83	1902
8	1904
172	1806
1	0
1	20
1	4
0	457
13	478
0	470
1	40
0	4
1	11
0	10
9	0
2	1356
14	1159
0	932
0	0
0	0
3	0
2	168
0	5
0	5
0	2
0	0
0	0
0	0
0	0
0	2
0	2
820	0
451	1
0	0
0	0
0	0
0	0
0	0
472	413
147	840
0	875
0	920
0	397
1	49
108	127
0	119
0	62
0	22
0	7
0	4
0	0
0	0
0	0
0	0
2	25
1153	85
6	69
2	223
19	247
1	148
0	1
0	10
0	0
0	10
0	0
0	35
4	36
30	1184
23	1487
4	1180
46	932
0	1019
5	843
1	0
1	250
2	0
0	11
1	15
0	116
0	47
3	30
0	30
0	42
77	63
0	5
1	63
0	0
0	0
0	0
7	216
7	204
0	114
0	118
0	48
0	0
0	214
0	7
0	7
0	7
0	6
0	0
0	0
0	0
0	0
5	0
40	0
742	1037
10	953
19	1005
2	107
55	2
8	18
0	46
16	45
0	24
0	0
0	0
0	0
677	2432
39	1949
0	1039
32	363
6	12
8	1361
0	70
0	813
0	425
0	0
0	0
0	0
0	0
355	2651
8	2364
0	985
0	0
4	411
2	411
13	19
5	6
78	190
0	190
0	17
47	113
0	32
3	0
0	10
0	50
0	26
3	12
0	29
1	5
4	1
1	0
0	0
0	0
1	24
0	13
0	2
0	2
0	6
0	18
44	43
0	0
0	4
0	39
0	0
0	0
0	0
0	0
5	4
0	4
2	0
2	1
3	3592
13428	21398
3288	17803
0	2410
4	0
0	0
0	315
3	1
0	14
368	215
0	72
332	137
1	14
38	232
0	766
93	836
3	35
3	0
35	530
0	28
0	24
112	24
2	0
0	0
216	192
0	15
1	22
0	10
0	163
0	59
0	21
174	956
0	1
0	58
2	957
0	0
0	956
0	430
0	424
0	0
5	81
0	81
38	9264
66	8707
1	2128
0	0
0	127
0	623
2	5
6	9031
2	2
3	1340
1	301
14	289
8	105
0	1
4	1
0	221
10	55
300	1435
0	6
0	1098
0	173
0	257
0	1093
2	159
4	213
0	0
0	0
0	0
0	0
0	0
0	0
0	0
28	1938
2	279
0	4341
2	0
2	1
0	2034
47	680
86	686
24	1994
3	172
7338	4348
3	7
1218	8
0	3
0	3
0	52
18	299
0	105
1	149
3	127
17	148
3	52
0	42
2	42
0	3
0	0
0	69
0	57
0	69
701	104
5	34
12	73
0	4386
9	95
98	4385
40	273
3	273
17	273
0	275
0	38
1	12
0	0
0	2
126	434
0	419
1	0
0	0
0	0
0	0
0	0
53	798
1	793
0	699
0	308
0	14
0	116
0	0
0	61
4	5
2	0
0	0
0	0
0	0
10	20
2	25
10	25
2	6
0	2
0	0
0	0
0	0
0	0
15	252
0	252
0	250
0	252
39	58
7	5
20	40
1	9
0	250
0	252
472	487
2	248
0	369
1	285
63	10
0	13
0	12
1	53
14	63
6	8
5	0
16	14
2	14
387	691
2	682
1	15
2169	88
4	86
133	1256
23	1186
3	359
2	245
0	208
3	149
36	179
0	98
0	62
1	3
0	0
2	87
1	5
0	86
3	378
0	0
0	0
0	222
1	226
3	222
0	226
0	1
0	378
0	19
0	13
0	0
0	0
1136	924
1	3
9	348
10	479
0	249
0	476
5	337
7	29
0	86
10	417
0	5073
1086	5209
10	2064
0	2427
0	709
1	222
0	159
2	155
0	155
0	153
0	156
0	152
0	0
0	0
1	13
0	155
0	17
0	18
41	439
1	4
10	16
2	11
876	642
0	191
2	0
52	22
2	20
0	22
0	15
1	0
0	0
0	0
0	0
66	137
29	27
1	4
14	12
0	2
12	3
0	1
5	2
1	2
0	2
0	2
0	0
2	323
5	256
0	247
33	115
1	130
4	132
0	25
0	42
4	4
28	41
1	21
0	26
0	14
0	0
8	0
0	0
71	329
0	236
0	8
1	16
3	0
1	0
1	93
0	0
169	0
0	0
0	161
0	178
1	199
0	134
0	51
0	6
1	22
1	27
0	6
0	0
0	1
0	1
1101	29
0	29
0	0
2	11
57	12
18	162
1	162
0	0
1	4
72	4
0	0
2572	701
10	425
1	543
0	532
1	208
0	697
3909	707
3	705
7484	1191
15	1090
0	0
10	96
0	0
45	533
0	524
0	75
0	17
0	9
0	0
0	0
0	0
0	0
0	0
67	5
1	109
0	245
4	97
2	208
0	93
30	2257
34	2222
454	1967
2	1664
12	4
0	2246
1360	268
2	160
1	268
21	615
75	662
4	740
0	373
1	0
4726	80
0	0
3	75
64	382
173	341
0	187
0	60
7	117
334	358
0	73
1	292
2	59
2	4
1	2
0	54
214	54
0	0
0	0
0	0
0	0
0	0
0	0
9	962
0	933
0	920
3	908
0	457
8	576
0	0
1	0
19	601
0	1002
18	1055
1	709
3	880
0	550
3	559
0	638
1	516
0	44
0	283
1	8
130	2508
6	824
0	215
0	103
1	60
9	14
118	15
35	497
0	180
0	0
0	1
1	1
79	2517
0	620
1	570
0	569
3	531
0	200
3	69
0	6
0	569
7	305
8	355
0	293
912	272
0	17
3	255
462	227
3	174
2	106
9	71
1	1
1	159
2	159
0	12
0	6
0	88
0	105
0	97
0	121
4	10
1	3
0	25
0	4
0	0
606	127
4	3
0	116
0	127
2	83
186	707
15	5
0	5
18	5
0	27
0	0
0	22
0	706
6	56
0	56
0	18
0	47
0	45
4	47
11	0
0	144
7	133
0	1
4	19
1	110
0	32
0	32
21	18
2	110
4	12
1	2
0	32
82	44
161	568
35	582
0	234
0	255
2	1401
3	92
0	17
0	17
0	17
0	17
44	1207
0	1291
37	3
0	63
23	1093
0	0
0	0
0	0
2	6
0	6
97	857
5	727
5514	2276
3	88
0	211
3	172
15	871
132	159
0	159
31	7388
957	9087
0	533
5	3084
10	7
41	106
26	1145
28	1215
0	0
0	41
3	41
3	11
0	5
1	7
0	0
0	0
0	41
0	0
0	0
0	0
7	2605
521	2695
2	2003
5	2477
9	2425
10	239
20	0
4	220
38	0
0	904
1	3
3	0
0	53
5	158
0	190
0	371
0	20
0	382
4	554
17	277
4	199
6	303
0	115
3	33
0	0
0	0
1588	1
0	584
2	20
20	493
2	530
1	28
1	32
0	0
1	0
2	38
0	13
0	13
0	6
0	0
77	1228
2	1228
0	453
5	154
0	78
0	20
8	28
437	574
0	4
0	0
0	4
0	4
0	294
0	7
0	0
0	503
0	0
0	0
0	0
6	168
0	4
0	12
0	14
0	13
2	10
1	6
2	2
0	0
0	160
0	168
867	48
2	45
735	0
781	198
0	198
87	420
0	33
1	277
39	82
1	423
2	20
39	126
175	635
496	1419
42	1387
0	51
0	27
3	4
0	309
0	711
0	0
0	0
5	4
27	740
336	1098
9	951
0	80
0	103
1	8
0	319
0	104
1	109
0	176
0	176
0	41
0	155
0	41
0	0
4103	4
0	4
7	6
1	6
27	141
10	154
6	162
4	24
1	58
36	112
3	7
332	312
4	145
26	167
4	34
11	1842
32	454
2	1601
2	1228
0	265
1	516
79	82
1589	110
2	25
2	5
0	105
0	95
36	241
6	355
0	333
0	77
0	0
40	99
0	0
23	100
0	25
0	9
0	5
0	0
0	8
0	2
0	4
0	8
0	7
2	1463
0	1246
14	938
171	1318
3	910
0	1197
0	294
1	349
1	152
0	283
0	74
838	222
0	3
1	14
0	64
0	85
0	120
17	479
0	137
15	649
11	581
0	49
8	140
0	0
0	96
0	1
0	39
1	1
0	0
1154	3
0	1746
113	1991
25	1096
78	1655
3	1627
0	1790
0	237
3	1732
0	756
251	674
10	3
37	4
0	7
0	47
1	1750
13	2029
0	294
0	180
0	0
2	21
0	176
0	103
0	10
0	4
1	15
8	801
0	654
0	723
0	797
1	910
0	351
0	129
0	217
0	192
0	115
1	221
0	91
0	197
0	170
0	0
0	26
0	108
0	16
1	47
3059	3
0	0
0	0
0	0
0	0
0	0
0	0
0	0
14	70
0	164
7	147
0	4
3	10
0	10
0	0
0	0
0	0
0	135
0	135
0	24
34	2366
50	1451
0	2494
7	233
1	38
1	492
7	2383
414	10
0	10
12	1514
0	1799
6	1508
0	23
0	1081
0	0
3	1799
18	1934
50	942
0	1774
133	1844
8	15
7	170
10	732
0	128
0	290
1	389
6	304
0	230
10	6
898	376
74	375
20	985
0	46
2	0
1	77
1	62
0	61
0	32
3	17
3	35
1	14
0	0
0	970
19	746
11	64
2	338
6	469
0	1019
0	1047
0	148
0	83
0	22
2	21
0	211
2	923
1	962
6	704
2	177
0	6
0	18
0	77
1	70
0	966
104	9
1	9
0	0
0	0
31	6010
1	615
6	225
465	6010
0	184
1	352
133	3621
0	238
42	821
5	821
0	32
0	0
3	91
0	72
0	61
0	9
1406	2085
0	1941
14	326
2	1005
9	0
4	150
2	0
0	0
0	0
0	0
0	0
0	0
0	0
1	0
27	3
0	3
0	2
0	3
0	57
3	75
1	1
0	99
0	54
9	1
0	11
0	8
8	19
0	99
1	0
0	105
2	192
0	185
0	97
0	158
10	157
1	0
0	158
0	15
0	2
0	10
0	19
7	14
2	7
0	7
0	0
0	0
0	0
0	0
0	0
0	0
398	77
0	1
0	0
0	3
1	73
31	7
1	6
0	1
0	1
15	50
0	47
0	23
3	26
0	15
0	11
0	18
0	8
0	20
0	4
0	16
3	0
0	125
0	104
0	53
0	0
0	115
3	50
0	12
1	3
0	62
0	0
0	0
0	0
0	0
0	0
0	0
0	0
0	0
0	0
0	0
0	0
3	634
7	935
1	6
0	149
0	149
0	129
1	10
0	386
0	2
59	150
2	71
49	148
0	54
1	2
0	0
0	0
0	0
0	0
0	0
1417	2383
0	1987
0	1960
0	1581
4	729
0	238
8	311
16	606
1	13
0	307
0	81
1	0
0	0
1	940
111	3814
2	0
1	3789
299	197
0	96
322	377
2	0
0	377
1	0
0	0
0	134
0	3
1	34
0	123
31	1272
1	519
1	1247
0	0
23	92
5	0
0	54
0	52
0	89
7	0
6	251
26	173
2	218
0	43
0	66
0	74
0	9
0	6
2	40
0	65
6321	10057
1	10038
0	4349
0	540
2	17
83	230
43	230
6	230
0	0
0	42
0	16
6	6
28	42
0	0
0	0
0	6
0	6
0	6
334	20
0	20
328	23
1	22
1	1
2210	749
3	708
1	3
33	478
0	38
2	5
0	36
1	1
1	1
516	665
23	119
13	651
0	0
0	0
0	0
755	665
43	672
17	8
0	0
0	0
0	0
0	0
0	0
0	0
220	1281
22	1282
4	497
4	43
0	1
201	0
22	334
4	334
2	116
9	272
5	90
6	243
4	81
5	89
33	114
11	38
0	27
6	5736
69	5730
41	5744
1318	5772
104	5767
1	5723
0	5690
11	3945
0	3735
0	3716
6	345
1	1154
47	5740
4	419
109	22
82	442
39	437
1	12
2	21
0	0
12	13
5	13
0	6
2	6
0	1
2	234
0	422
3	60
0	96
0	0
1242	37
0	0
13	181
27	183
0	70
0	2
1098	274
6	274
0	0
0	0
0	0
723	360
3	68
2	0
0	6
4	0
8	357
9	0
594	4229
275	4228
0	609
0	400
0	1522
0	136
28	132
8	304
0	8
188	10
1	105
1416	1729
0	692
157	1618
0	1367
3	156
1	1057
0	5
0	91
1	1014
0	1114
4	19
26	12
2	0
4	622
3	0
2	391
240	1764
1	8
3135	2559
7	1689
42	2310
33	1767
0	248
0	2135
0	0
0	6
2	6
0	6
14	169
10	165
6	4
118	198
0	198
1	0
218	0
16	522
34	523
0	77
3	13
0	0
0	13
0	0
21	1917
3	1
23	1920
3	19
32	242
3	16
239	361
1	1882
1	1365
3188	21
0	18
588	494
4	34
0	353
1	182
13	14
4	3
50	2120
15	2111
0	190
0	149
0	126
0	97
0	115
2	82
0	52
2	25
0	0
0	3
0	2
0	2101
0	2075
0	2090
0	2105
77	1
0	1
0	0
0	0
369	11326
1	78
32	3682
0	3477
8	3364
8	7750
2	2031
0	3032
0	516
5	1705
3	3015
0	59
1417	6806
1	1559
0	4856
0	2
2	2913
5	27
4	0
23	33
0	33
0	0
1673	279
0	0
0	277
5	9
35	2
0	0
4	0
1	0
98	5503
0	1989
0	3808
0	4105
764	3831
270	405
28	3755
5	3008
0	2570
1	521
2	519
2	1667
15	2137
4	486
1	38
21	930
84	1313
0	101
23	29
5	538
0	3
0	33
1	376
0	242
0	250
3	575
0	27
1	137
0	83
10	480
0	17
0	60
2	37
565	482
1	10
0	15
1	17
1	111
0	51
0	86
0	24
0	25
0	100
126	0
61	2763
2	1
344	2763
62	20
0	6337
433	6337
335	128
22	92
251	169
1	1
1	0
1	28
1	156
0	0
0	0
0	0
0	0
0	0
1	55
2693	2266
0	290
0	617
390	998
0	1468
0	1
11	62
148	643
0	199
0	198
16	430
0	194
50	102
0	43
4	124
0	6
1	189
6	0
625	11
3	9
9	0
0	0
283	8682
967	8683
3	4080
47	203
128	2171
0	2166
0	1995
3	2047
11	593
1	0
0	4
0	4
711	718
14	61
2	2
2	629
0	4
1	47
0	136
3	83
0	26
1	0
0	0
0	0
0	0
0	133
0	0
0	14
1	119
0	0
0	14
3	62
1	6
0	55
0	0
0	0
0	0
0	0
0	0
0	0
0	0
0	0
0	0
43	0
0	4
16	4
2240	380
31	379
5	316
2	223
4	1
795	107
0	79
1	107
932	490
0	489
19	83
1	19
3	79
0	19
207	19
0	19
1	0
0	2
386	2
0	1011
1	980
0	918
0	3
9	144
6	13
1	24
4	17
5	0
0	12
3	332
0	1011
0	0
52	298
8	305
0	11
0	0
0	165
4	1
1	1
98	239
0	21
1	71
2	0
0	1
17	165
0	325
0	0
0	0
1	1
0	1
4	1
2	323
0	164
0	171
1	31
0	32
0	171
0	56
0	23
0	3
0	14
1222	75
1	75
222	428
2	328
0	306
81	356
0	308
51	350
1	108
0	45
19	0
2	153
1513	759
0	216
1	18
2	485
0	0
263	1983
0	2133
0	2069
3	108
60	1358
0	1409
78	862
0	0
0	54
4	26
1	125
15	189
3	47
0	0
1	0
5	1
4124	1
39	47
0	22
0	47
0	0
0	4
0	592
2	690
77	577
15	651
28	510
5	260
1	22
0	54
11	0
13	83
0	82
735	128
0	128
34	1103
28	51
280	1062
0	0
0	1060
0	8
0	19
0	13
0	1
0	0
0	0
0	0
19	0
0	0
0	1
0	1
0	0
0	0
0	0
6	0
0	12
0	12
17	18
0	14
0	0
4	33
5	395
26	427
0	66
0	40
0	0
0	0
0	0
0	0
0	398
0	2
0	0
0	0
0	0
5	1555
0	0
35	1687
0	2
0	144
0	1227
0	126
3	336
10	293
0	56
0	35
1	136
7	24
3	53
5	52
801	150
5	8
866	146
0	143
0	3
0	0
0	0
94	459
13	0
14	459
0	0
0	0
0	0
0	0
1	215
1	55
0	209
1	0
14	3
2	40
700	6135
12	158
0	6146
0	904
15	5192
26	423
0	0
0	0
0	0
0	0
0	0
0	0
0	0
1	1
3	171
0	2
0	2
1	1
0	0
1	168
1031	1021
3	284
56	767
7	24
10	0
0	19685
5	25280
144	4107
0	1
0	25275
0	139
36	139
0	139
448	0
0	0
14	2576
0	2332
1	34
0	7
5	1974
68	151
27	38
0	20
0	38
0	1863
1	0
1	0
14	2039
0	1164
21	1468
175	38
0	35
3	2
436	214
2	197
1	13
0	117
0	0
0	0
0	0
0	0
1	5
0	5
1084	1036
4	1024
4	12
227	81
1	0
1	46
0	36
0	3010
6	3
1	0
0	78
1	202
695	3210
4	0
0	75
0	79
0	92
0	69
0	37
1	23
0	34
0	39
0	31
0	22
0	8
1	10
0	0
0	1
0	0
0	1
0	0
28	30
0	1047
0	7
1	1772
0	329
0	1610
5	166
1	1921
139	1561
92	150
6	15
1155	2
20	1584
0	0
0	0
0	0
0	0
0	0
0	0
0	0
183	111
22	112
341	1812
17	45
9	941
0	277
0	1418
0	35
2	59
10	2
1	28
8	0
0	0
159	289
29	290
23	1
10552	3
0	58
9	1722
0	110
1	1
0	1
33	1775
0	1776
1	1747
3	6
1	4
1	62
0	4
2	1799
0	1773
1	31
3	38
2	0
1	31
0	6
0	0
0	8
44	11320
0	3451
0	3952
0	2630
0	2367
7	1344
0	11263
0	4213
288	5878
2	900
8	1043
16	10
0	442
13	1851
110	2051
13	16
4	3
45	45
30	1862
122	1922
2	304
4	1792
4	185
2	75
0	0
1804	4072
152	1914
0	1788
29	2482
1	46
2	345
295	1111
670	1116
0	7
0	3
12	2
3	163
70	209
0	209
1	0
0	0
0	1
0	1
0	207
6	271
122	212
0	73
870	667
7	533
1	37
2	17
25	667
1	45
0	45
18	18
52	69
6	69
3	0
0	13
21	719
0	155
11	718
1	78
0	87
4	100
6	685
9	14
10	65
1	1481
0	1521
112	803
0	387
128	1544
10	1179
3645	2365
0	33
61	14
2	0
1	1708
0	0
0	0
0	0
0	0
0	0
26	1
4	187
1	217
0	293
0	17
0	653
0	0
0	709
0	2
0	0
650	0
4	22
17	133
338	272
77	139
88	3303
107	3303
0	1
4	59
0	759
10	768
0	581
2	76
0	7
0	5
5	133
1	593
28	66
1	20
0	6
0	93
0	100
0	100
1	2
0	0
704	598
7	598
0	0
0	0
0	0
217	20
0	20
0	0
1	0
1327	283
6	275
0	27
5	30
0	247
0	243
48	0
0	0
0	0
639	560
7	555
1	0
1	5
25	120
23	190
0	0
322	37
0	37
3	203
2	253
0	54
0	9
0	9
1	68
0	127
411	128
53	153
17	150
21	0
6	29
4	3
0	5
0	3
520	150
0	1
6	1
0	0
2	26
0	16
26	35
1	23
2	20
0	3
1	19
0	0
0	27
6	2
253	1445
212	1094
8	461
0	80
5	108
9	92
146	45
0	43
56	12
0	24
945	285
0	285
9	0
26	0
1110	715
0	62
1	301
1	180
2	23
0	5
0	283
4	291
628	859
2	117
2	742
2	0
71	559
3	558
27	162
3	40
0	25
1	26
0	847
0	849
58	883
0	32
20	816
0	0
2	0
289	0
0	153
0	162
0	49
0	12
0	33
1	2
0	2
0	7
0	0
0	0
0	0
0	2
0	2
0	0
0	0
0	0
0	0
514	7176
8	1649
8	558
2	1796
5	4914
21	1177
11	0
1979	654
67	652
0	13
0	0
0	11
0	1
0	1
0	13
4	3747
0	3408
20	3439
0	3379
1	167
9	3323
0	14
2	11
0	0
0	485
0	8
0	149
1	544
0	109
0	61
0	82
1	112
0	0
20	1397
0	245
1	44
2	392
0	0
0	0
0	0
0	3
0	2
0	3
14	2
0	0
81	1566
20	1400
18	964
37	99
2	9
0	0
0	0
0	0
0	0
680	1
0	0
0	0
0	0
116	1568
472	1567
0	1445
6	521
1	617
3	995
0	25
10	500
2	464
2	351
0	1568
0	0
0	0
18	48
0	28
5	0
1	2
0	36
1	7
0	2
0	2
0	11
11	49
111	5
55	54
373	0
0	0
0	0
2	71
142	220
0	7
0	11
0	38
0	21
1	30
0	23
3	3
0	12
1	18
0	3
0	9
0	64
1	80
0	93
2	56
2	33
0	7
0	1
0	10
0	0
0	4
0	10
0	0
0	0
56	547
372	781
5	545
0	236
0	1
0	0
172	244
1	67
0	27
55	156
0	0
0	0
0	0
0	0
522	212
146	210
466	318
0	299
27	11
0	13
3	3
33	33
2	26
11	3660
70	761
0	690
1	528
8	2749
0	503
1	3
3	40
7	0
0	3082
2551	348
1	0
0	314
0	236
1	31
12	21
1	23
0	9
0	0
0	5
0	0
1	0
226	74
0	74
1	44
4	37
0	0
0	22
0	17
0	0
0	16
0	22
0	21
0	16
0	16
767	150
0	3
0	146
6	141
11	65
0	3
0	65
0	0
0	0
0	0
0	0
0	0
0	0
0	0
0	0
0	0
3	168
2	73
0	79
35	136
6	374
11	376
3	0
9	7
0	181
3	494
6	496
0	789
257	789
0	577
0	0
0	0
0	0
0	0
1694	5
69	262
0	16
0	5
0	7933
70	5466
25	10740
4	11251
0	11353
0	0
29	1302
0	1627
0	0
10	405
160	30
0	30
0	124
40	131
0	104
378	1908
84	747
6	247
10	21
22	977
0	0
4	37
837	1362
21	1324
10	38
15	486
0	81
0	2
0	2
0	0
0	0
0	0
0	0
0	0
271	215
1	85
1	159
0	28
7	19
399	0
3	498
0	357
3	504
1	217
70	498
1	369
23	40
22	0
0	0
0	0
0	0
0	0
0	0
0	1
16	32
0	1
0	0
0	0
0	0
0	0
0	0
0	0
0	0
0	0
0	148
1106	333
155	331
13	258
0	282
3	9
4	973
13	110
1	7
0	7
12	7
0	0
8	52
0	53
0	3
0	0
0	0
3	20
0	20
0	16
0	16
92	176
5	114
0	0
0	36
1	3
0	0
0	15
0	15
1	0
0	0
0	0
0	0
0	1
0	15
0	0
1	7
1	2974
3	357
787	2963
0	121
8	0
2	17
0	3
0	0
1	121
192	2
1	1
0	8
34	148
2	15
0	19
4	71
0	123
1	71
0	20
3	42
527	396
1	66
0	224
6	53
0	46
0	110
0	22
6	4
0	3
9	0
1	17
0	34
8	8
0	1
0	35
2	1134
143	3968
16	3559
38	1812
0	758
23	90
24	41
517	863
0	1
0	0
0	0
0	0
0	1
1	4
0	4
3	4
2	0
9	0
1	0
9	0
14	1
0	71
0	15
0	68
0	47
0	25
0	71
0	22
84	6
0	6
0	378
80	746
3	23
0	426
53	24
5	352
0	55
1	3537
24	3351
61	3067
24	2269
60	115
18	0
14	3
0	588
1	5
3	133
4	0
0	6
2	0
2	0
0	0
0	5
0	9
0	7
2	10
3	3
0	0
0	0
1	5
6	6
10	2
3	44
1	44
0	0
0	0
0	0
0	0
0	0
0	0
0	3
0	2
0	12
11	683
4	683
0	1
0	0
0	0
0	0
0	0
288	0
3	212
110	2928
3	172
2	197
0	0
57	1177
3535	2867
0	0
126	126
0	22
0	1397
10	1252
15	1154
40	45
33	4
1	103
6	5
2	69
77	982
0	92
0	0
0	0
0	3
0	3
0	106
9	106
0	0
0	4
0	3
0	0
0	65
1	8
0	40
39	223
13	224
1	36
0	1
392	431
15	435
0	437
12	278
0	308
2	7
18	82
2	44
0	0
0	0
283	0
2	113
474	113
0	0
0	0
0	0
0	0
1154	562
4	168
4	8
0	10
0	334
9	323
13	93
0	9
0	0
0	0
7	1
0	1
0	0
0	0
23	2759
8	452
0	2743
0	36
0	9
3	64
0	684
5	1
0	156
0	102
282	0
0	0
40	325
54	325
16	98
0	1
0	1
0	6
0	6
0	0
0	2
0	0
0	0
0	0
0	6
13	229
28	670
0	263
0	179
0	208
0	19
8	675
1	175
4	133
0	726
7	29
0	182
0	3
3	0
267	18
0	2
1	15
25	1298
25	8500
2	8962
16	8450
54	0
21	0
11	59
0	59
0	484
0	99
1	137
0	138
0	13
0	12
0	9
281	10531
1	12
92	1
20	1412
199	8010
7	4
2	2
146	31
74	59
13	9969
0	1
0	1
0	1
0	0
0	0
0	0
2	28
0	28
0	28
0	119
3	17
10	1503
0	428
0	1642
3	162
0	68
10	241
1	182
0	24
2	1642
246	55
5	9
0	47
0	17
53	133
0	130
0	130
0	3
354	72
0	71
1	0
0	0
0	11
0	0
0	11
20	1114
4	775
43	1005
2	88
24	96
0	7
0	0
0	0
5	51
0	216
0	438
0	98
0	0
0	0
0	0
0	0
0	0
0	0
0	0
0	0
0	0
19	4137
11	3609
156	3581
1	13
2	7
0	10
25	2
26	1
385	12943
0	14610
0	919
0	3510
11	534
0	11030
3	2042
8	3052
38	13276
0	29
0	2
0	11
0	0
0	19
1	0
1	1
1	187
607	995
5	376
0	145
34	855
1	18
0	0
0	0
0	22
0	22
0	4
4	4
5	466
45	467
0	14
0	1
0	13
43	44
1	8
1	0
1	36
10	140
10	73
1	6
0	78
2	128
0	83
1	54
19	43
3	0
0	873
0	592
0	873
1180	3094
0	3061
0	1382
0	68
5	106
2	32
0	0
6919	306
9	23
6	288
10	8
526	732
0	142
10	384
0	128
10	279
0	0
0	0
2	369
168	397
0	214
1	28
9	18
0	0
10	70
2	27
0	46
0	6
0	5
0	0
0	0
0	0
0	0
0	0
0	0
2071	34
0	29
27	0
0	0
0	0
1517	1005
2	140
44	587
0	0
57	8
2	503
769	7800
2	7010
1	5927
5	4718
0	4278
0	752
39	492
0	33
1283	1363
13	1254
2	156
0	0
0	0
3771	7
0	0
0	0
0	0
0	0
1	3
0	0
0	3
24	670
16	650
0	7
0	480
1	543
0	490
0	119
0	58
0	0
1	1
19	861
4	23
2	473
2	54
12	41
2	187
0	824
0	187
273	591
0	556
0	325
0	0
2	0
0	1
0	682
0	555
0	190
8	232
11	154
0	5
0	4
241	1
14	4
5972	1955
7	11
0	177
12	374
2	534
0	530
2	313
7	245
0	1471
6	5629
22	4694
17	4683
0	1617
0	1295
0	753
10	403
4	28
3	0
0	238
0	4
0	357
10	1
31	0
6	9
4	691
28	941
0	33
5	399
0	369
0	106
1	45
0	0
878	278
1	208
2	122
1	72
130	2703
4	2702
126	185
0	73
5	16
2	75
18	90
98	2671
2	0
3238	612
30	240
0	47
0	173
0	183
3	192
0	0
0	0
3	296
0	304
1	271
1	84
2	123
0	23
3	72
0	63
14	0
6	0
1	0
33	17
1	13
0	16
61	1
0	0
0	0
89	484
59	441
1	3
12	8
16	87
18	425
3	137
32	121
1	436
35	3656
167	3828
212	2724
3	584
5	3374
5	3795
12	3403
166	157
61	41
0	0
0	0
0	0
0	0
0	0
80	138
17	138
1001	7
5	6
15	197
0	223
0	0
55	253
7112	1709
0	272
1	698
4	330
13	615
322	3
12	3
1	5
0	5
0	0
110	698
1	698
0	698
0	698
5	365
123	36
22	363
0	0
0	1
22	6960
0	956
215	6671
0	395
0	306
1	6833
0	0
108	6951
0	10
176	10
0	0
0	0
0	0
26	0
2	10
53	690
81	4242
126	4185
6	2
30	17
0	0
0	0
9	518
0	518
16	504
0	491
4	39
0	0
1	0
397	77
0	39
4	31
0	0
0	0
14	38
1	14
0	37
0	28
0	16
0	1
0	2
0	1
3	106
88	1601
232	2841
0	27
36	66
0	1644
4	11
0	1746
0	7
1	75
20	3
42	895
0	2745
0	0
0	0
26	4629
90	6906
50	6936
241	6535
12	23
3	146
225	150
0	150
0	0
110	29
0	29
13	33
0	31
0	2
1	0
0	0
0	0
0	0
0	0
0	0
2694	735
3	0
16	733
0	405
3	0
5	0
0	1837
2	219
0	314
0	810
0	53
13	27
0	29
4	21
0	123
0	30
0	344
8	37
0	1779
0	1893
0	1810
26	870
11	0
37	863
0	47
7	18
10	3
13	713
1	51
6	0
8	32
3	0
9	8
394	508
61	506
3688	1
0	0
0	10
2	0
1	5
0	4
0	2
1	0
0	0
0	1617
0	3856
60	1292
12	2874
4	276
3	1232
0	1709
2	2711
8	3075
2	878
0	1806
5	3697
0	1124
15	1354
0	1153
24	1450
0	971
0	787
0	982
4	763
0	860
6	850
9	407
12	145
0	795
4	243
16	488
0	2166
15	13
75	0
43	311
0	0
3	5
0	5
517	169
60	1
0	0
0	0
0	0
0	2283
43	247
9	684
0	2262
38	2191
196	1238
7	306
0	0
27	932
0	203
3	198
0	198
0	29
0	34
0	9
0	0
2	7
1	0
0	0
0	0
0	416
452	546
1	325
0	144
0	482
0	485
0	449
0	443
6	282
0	9
3	17
7	149
0	13
3	0
1	7
0	2
103	1
0	0
0	0
2313	131
6	130
0	43
4	43
0	42
43	335
22	324
0	36
4	20
0	15
15	26
381	1585
0	8
0	51
0	1579
2	2
579	934
105	826
0	22
4	47
3	94
1	0
197	3084
10	167
0	29
1	1873
0	2889
15	2310
0	1841
0	229
0	0
0	0
0	0
0	0
0	0
270	112
0	13
8	3
0	70
3	69
0	20
22	16
0	16
0	0
0	0
0	0
0	0
0	0
0	0
42	524
6	433
1	346
0	235
0	224
0	28
0	38
0	8
3	17
0	22
0	5
5	0
141	0
491	188
4	184
1	3
0	60
2	616
0	852
0	288
0	0
0	9
37	852
0	0
0	0
5	1
0	1
0	0
0	0
0	0
0	0
0	0
0	574
267	1688
0	751
58	1524
0	106
0	30
87	1568
0	448
3	124
0	1232
19	209
3	6
44	697
0	160
1	63
0	3
4	65
143	20
1	296
4	272
0	12
9	33
25	11
0	0
0	17
0	130
2	360
26	365
0	18
0	5
10	32
0	0
2431	0
0	0
0	0
0	0
0	13
0	5
0	0
0	0
1	13
0	0
0	0
0	0
2	11
859	0
20	182
642	183
0	0
426	1223
0	762
15	461
0	140
1	32
1	147
76	1561
6	1561
0	458
0	64
0	0
0	0
0	0
9	220
7	707
35	565
15	57
0	339
1	0
0	0
30	2
1	0
0	0
0	2
0	0
0	0
0	0
0	0
0	5
0	5
166	504
0	504
58	1
121	453
0	477
12	485
1	2
0	2
1	2
1	2
467	1317
0	1317
2926	565
5	279
20	286
3	52
12	50
0	0
2	3
0	4
0	45
0	0
0	13
1	47
0	46
0	1
0	3
0	6
0	6
0	10
0	11
0	17
0	17
0	0
0	0
2351	2612
0	68
0	157
25	2542
19	0
0	2144
0	2045
4	1441
0	1041
6	54
536	2068
1	0
0	0
0	0
0	0
0	0
49	642
6	491
34	116
0	373
2	130
1	125
0	0
0	0
0	0
0	0
1	6
0	0
0	0
124	6
2	6
1	0
0	0
0	0
0	0
455	101
14	84
4	54
0	71
4	120
0	29
0	117
0	53
1	108
5	9
0	1
0	4
4	1
0	119
25	0
0	0
0	6
0	6
0	0
0	2
1162	1
3	0
0	7
0	13
0	3
0	12
0	5
0	676
1	0
1	3
0	676
0	0
3	410
12	470
51	489
17	176
2	149
0	0
173	0
1	0
1	0
339	523
77	592
1	454
5	553
1	369
0	3
0	2
0	3
0	2
0	0
0	0
11	19012
0	25345
38	24285
31	3707
0	3852
5	771
20	426
1650	580
2	331
15	423
0	557
3	42
0	362
6	76
0	481
8	951
19	262
0	731
2	866
7	884
11	301
1	5
0	143
7	142
3	94
0	74
2	185
5	1
29	161
0	16
2	116
2	64
1	130
3	57
0	21
0	45
1	7
0	15
3	0
0	689
0	890
0	0
2	582
32	625
0	629
7	515
0	0
3	69
1	8
0	3
1	421
2	277
39	141
0	94
6	248
3	1848
2	1535
39	82
0	0
0	1848
3	0
24	1080
5	1035
75	1085
4	45
11	163
76	30
0	211
0	4
0	349
7	319
2	531
0	806
0	818
677	817
1	452
0	108
16	27
0	390
0	11
0	0
0	364
0	361
0	361
0	275
0	273
0	0
24	115
1	2
0	351
0	0
0	0
0	37
0	41
0	5
4	4
27	33
0	13
1	13
0	13
0	21
0	21
0	2
0	2
0	0
47	6941
19	3601
0	3692
0	2542
0	183
0	178
0	326
1	299
3	158
5	6729
22	0
4	0
1	0
0	1
182	631
22	568
0	0
2	64
1913	2
1	9
0	9
2	9
0	0
0	0
0	3
0	0
0	2
0	3
0	3
0	3
1	3
1	2
557	163
0	137
96	132
1	13
1	0
148	938
0	230
0	248
0	724
0	964
10	937
0	953
0	236
0	222
0	18
0	12
0	8
0	0
0	20
1	52
2	67
0	159
0	30
3	0
3	50
0	3
0	0
0	43
365	142
0	141
0	252
5	253
0	0
0	0
0	0
0	0
1190	1034
2	519
0	574
0	0
7	775
13	28
13	417
0	0
0	0
1478	2
2	15
0	0
0	21
0	12
0	17
29	2
0	2
4631	7
1	5
0	0
6	404
111	439
21	79
5	5
0	0
0	0
15	1256
0	369
8	83
6	104
16	811
2	1046
0	96
1	396
5	131
15	0
0	0
1	42
0	29
0	33
0	1
3	3
0	2
0	0
0	42
0	42
710	96
2	89
16	47
4	41
207	0
0	108
5	118
14	118
1	0
1	11
634	275
0	273
0	178
0	253
0	120
9	119
0	105
4	40
0	28
0	28
7	7
0	0
0	0
0	0
0	1135
2	1173
17	1237
0	1243
1	256
3	107
8	2
1	1194
0	5
0	140
0	0
2	0
8	11236
9	11843
256	11956
27	692
2	2
0	795
0	4022
0	400
23	345
138	70
169	359
8	88
6	45
11	537
17	29
2	28
17	1108
49	1020
0	0
0	15
7	5
158	1291
0	817
10	712
45	320
3	29
1	0
8	27
6	34
3	124
296	149
0	134
1	53
0	48
0	16
0	3
77	47
0	47
0	1
0	8
1405	146
1	144
509	423
1	0
0	0
2	13
0	45
9	124
0	8
0	14
0	2
0	0
0	0
0	14
1	14
44	81
0	81
5	67
12	116
1021	367
25	0
0	172
2	8
18	144
1	52
7	16
4	32
0	10
0	0
116	1762
0	652
21	1616
9	40
0	1873
51	0
2	74
0	6
94	74
0	0
0	0
0	0
519	103
0	54
1	52
0	0
0	4
0	4
0	4
22	233
118	269
3	6
0	161
2	23
15	6
0	6
0	975
0	1946
3	289
13	343
5	33
0	160
0	64
2	1
5	1048
1	966
0	0
0	0
2	30
0	1
0	0
0	30
1377	3355
2	2144
1	2081
0	714
5	916
1	32
0	27
53	18
0	79
68	291
0	8
0	8
0	11
0	8
0	8
0	8
0	8
0	8
0	0
0	1
0	1
0	0
0	0
0	6
0	0
0	0
0	0
9	0
2	43
2	87
0	142
0	78
7	18
4	27
42	1087
0	1054
0	1000
81	1085
4	18
0	23
9	3
1	92
0	126
0	0
0	150
0	7
0	121
0	0
0	10
1	0
32	0
73	792
26	623
39	676
138	1087
16	1084
0	921
0	2
0	0
0	0
0	0
0	0
62	0
2	5933
9	5973
36	5976
5	351
0	220
88	5802
0	5735
3	0
228	129
0	2
7	2
2	0
88	195
21	21
1	122
0	131
1773	1726
0	709
0	107
2	873
160	507
5	0
638	3128
4	1373
30	2544
1126	70
58	77
2	9
10	9
0	0
1	9
0	10
0	0
0	0
766	0
0	563
65	3657
0	5
0	48
218	294
20	273
32	85
15	266
1	172
8	153
5	3780
3	6
0	1
2	2
2	1
0	6
0	0
0	0
183	4624
61	5349
49	4179
3	1858
11	1693
0	616
21	682
0	183
765	342
14	30
0	27
0	3
0	0
11	308
0	152
0	182
0	204
1	27
1	140
0	0
0	0
0	0
1	81
0	81
0	0
2	81
0	0
0	0
7	293
15	146
2	223
3	155
9	232
3	39
8	1
0	170
5	506
6	71
0	42
0	2
16	502
0	4
13	129
2	358
2	328
3634	22
0	5
0	13
0	5
5	53
1	56
0	58
13	47
17	25
0	22
0	58
11	100
0	101
0	96
0	0
0	44
0	4
0	4
702	573
3	548
79	228
55	125
0	4
3	157
4	286
1073	285
7	55
83	0
1939	1
27	896
0	897
3	896
0	893
34	861
1	10
0	0
0	13
1	0
3	42
7	11
76	1
49	359
13	378
0	106
0	89
0	69
0	45
0	8
1	4
1	0
0	0
23	68
0	65
0	33
0	14
1	15
599	294
7	217
8	55
30	28
2	51
0	32
4	558
0	32
1	0
0	533
0	41
1	428
0	428
0	0
0	0
0	28
0	7
18	160
0	129
0	51
5	339
64	2627
0	2502
1	522
90	558
1	2
24	316
4	317
1	69
32	613
0	27
7	0
0	0
0	0
0	0
6	611
288	661
36	354
5	8
3	92
3104	3812
1	2962
8	3
0	3
0	339
0	1498
5	123
0	390
3	240
1	1395
15	1461
2	1429
0	34
10	928
4	110
1	111
0	104
0	141
0	155
2	14
4	86
1	41
0	1
2	27
4	41
7	17
166	273
99	462
0	441
0	437
2	156
8	287
2	142
1	16
0	0
0	0
0	0
0	0
0	0
3	0
0	0
4	323
0	35
1	377
0	571
528	584
2	4
0	39
1	12
0	356
0	327
64	0
122	106
24	106
0	0
0	0
0	0
761	19
0	18
11182	5477
46	987
31	1
6	2799
34	888
2	2669
0	2700
25	2196
125	2758
14	361
22	99
31	1
7	849
101	175
5	197
0	897
60	522
0	0
3	99
0	36
0	0
430	139
0	139
4	75
4	97
0	64
0	80
0	2
0	18
0	0
0	2
0	0
34	19
3	2
2	21
38	8788
1	8948
0	1713
10	5549
11	3
0	2
0	8612
0	8217
2	875
0	8280
18	346
19	5195
0	2268
2	1
2	407
2	3594
0	326
0	162
1	231
138	89
5	46
5	30
1	43
60	628
25	633
0	524
1	531
0	85
10	66
3	73
0	38
158	3085
65	2964
26	892
0	335
8	32
40	267
0	146
376	64
3	14
0	3
22	48
12	1
23	1
6	0
766	1794
0	1608
5	129
1	864
1	1384
36	7
5	3
20	1384
17	10
95	101
0	78
71	3
42	35
0	211
0	232
0	1
0	0
0	93
0	218
4	213
0	5
0	0
8	72
29	1104
67	556
522	1940
3	474
0	105
0	0
0	166
0	1110
5	167
27	101
5	451
0	705
3	115
0	22
42	86
33	586
4	514
10	526
12	13
3	7
9	9
0	1216
32	1320
1	899
0	1151
0	1072
7	128
28	113
0	88
2	295
6	670
16	404
0	261
0	186
70	3
0	3
0	0
0	3
1	0
0	3
109	1529
0	5
23	38
18	1454
13	176
1	11
7	92
0	165
339	43
4	43
1748	232
0	39
1	193
0	0
10	2979
0	2783
4	2746
27	923
7	2882
1	438
1	784
1	1113
34	975
0	1301
0	1631
0	2960
0	1195
0	81
1	1248
1	1830
7	4
0	262
0	217
0	211
0	897
0	186
8	201
0	444
59	1
0	240
38	1
3	7
1	7
0	0
0	0
0	0
0	1
0	1
0	1
0	1
516	1
6	1544
0	58
6	179
13	1013
14	1261
0	1436
5	38
0	27
0	0
5	69
0	0
0	0
0	0
0	0
0	0
19	1416
41	1733
4	365
0	415
1	97
0	70
0	520
39	431
4	1
9	44
3	63
63	201
46	153
1	63
9	47
7	2
17	48
1	11
0	0
0	0
0	0
0	0
0	0
0	0
645	2778
4	2255
1	1317
2	1026
19	92
1	8
1	8
290	208
0	115
0	67
1	0
0	1
0	3
34	739
2	696
0	33
2	0
0	1
11	138
379	16683
0	16721
313	16689
37	142
1	16388
725	0
0	758
0	758
2282	1058
10	516
0	70
3	36
50	275
1	155
615	47
3	16
0	29
0	22
0	28
0	27
0	28
53	1157
0	25
0	159
0	1023
0	36
252	1206
0	152
1	278
1	0
0	323
5	462
2	78
0	64
0	17
0	0
1	561
0	49
10	25
0	20
60	561
0	0
0	0
42	23
0	62
0	62
0	1
16	8
0	0
13	47
0	47
0	15
0	1
0	9
0	0
0	4
0	4
0	16
8	0
68	327
0	451
0	74
0	122
316	173
188	171
7	1999
1863	2001
18	203
592	184
63	155
313	0
0	2
0	4
0	3
0	0
0	1418
1	1474
58	1365
0	1201
0	711
0	118
0	19
3	0
2	89
0	0
0	29
0	2071
2	2000
2	2000
72	2076
1	0
6	126
120	174
0	68
0	120
0	22
1	47
6	28
0	28
44	542
8	542
55	2269
2	2473
1	581
8	316
72	238
20	2502
3	83
0	86
0	37
0	3
0	4
11	24
12	1536
22	1526
0	74
0	1409
0	38
0	211
3	284
57	41
0	247
77	334
0	10
14	324
325	211
15	120
4	91
39	152
31	124
0	29
0	17
3	37
0	0
3	1560
18	515
3	118
1	14
13	1430
0	0
0	0
0	0
0	0
0	0
0	0
0	0
3	0
0	0
0	0
0	0
8	366
0	0
0	22
11	366
24	143
0	2
81	0
94	373
0	246
0	227
1	117
3	55
0	8
0	373
0	19
0	179
23	442
108	248
0	176
0	119
0	170
0	117
0	192
5	58
2	0
1	2
0	3
85	119
7	119
33	2
5	49
0	33
2	41
0	19
1	6
0	255
0	239
10	220
0	195
4	35
3	243
3	35
0	110
4	181
18	10
1	46
4	23
13	125
0	4
1	66
0	0
5765	4708
2	3941
1	3933
2	3728
46	1
0	0
2676	3180
514	3158
0	1117
269	1520
5	29
0	165
2	34
324	4309
267	4307
0	510
0	64
2	79
3	77
0	1
1	2
1	884
5	0
0	19
0	94
146	137
2	38
0	1
0	1
1	22
0	30
7	142
0	143
762	119
12	119
1	4
0	11
1	11
0	1
0	0
0	0
0	0
0	0
38	689
5	688
2	518
0	449
4	95
1	1
0	0
57	1676
129	1634
2	5
5	26
2	43
0	559
0	467
0	244
7	48
3	70
2	9
2	58
0	76
0	73
3	0
0	559
0	0
0	0
19	582
0	434
9	409
1	8
1	0
7	42
0	587
5	3
0	3
0	3
20	578
2	543
0	42
0	235
2	132
4	124
3	90
8	111
0	77
4	61
1	4
3	10
0	0
0	13
0	26
0	560
1	544
2	25
0	25
11	13
0	0
38	0
1	0
3	8
36	8
78	727
2	102
17	174
2	361
0	0
0	0
0	57
0	0
0	302
0	33
0	146
919	1
10	89
0	20
0	58
0	19
0	63
0	37
0	40
3	38
1	74
0	48
17	21
242	77
1	77
54	178
2	176
1	9
3	9
0	20
14	12
0	3
4	6
0	5
0	0
0	5
1	26
0	0
0	0
0	0
0	0
3	11
7	2
0	1
0	1
48	491
157	545
12	541
3	434
38	425
16	425
0	11
14	2
50	0
20	12
0	215
173	187
1	305
0	42
5	1
0	301
0	0
0	0
0	0
0	0
0	0
0	0
1	204
0	0
15	207
10	142
1	5
5	7
331	516
1	462
59	1
0	417
4	68
0	373
0	60
7	300
8	795
0	143
0	79
25	565
0	0
0	22
0	35
17	803
0	796
1	0
0	0
0	0
0	0
0	0
0	0
0	0
0	0
0	0
22	2
0	2
0	0
0	0
0	0
34	6245
3541	6256
0	2169
3	485
1	7
31	11605
0	8160
1	94
4	714
2	1797
0	5080
0	819
0	8549
0	4099
0	3941
55	3549
44	4478
29	110
1	85
0	3127
6	10823
0	4573
5	1075
0	4181
2	2962
28	274
1	48
253	588
0	586
0	13
0	0
18	305
0	0
2	0
4	10
0	12
10	65
2	37
0	0
0	7
0	0
0	9
0	2
0	13
0	0
0	1
1	15
0	0
211	69
0	35
0	48
0	66
1651	8
3	4
86	0
1	65
1	65
98	136
3	136
334	692
0	759
0	706
0	683
47	8
0	4
0	1
0	0
0	0
0	3
0	0
0	1857
480	3868
0	2888
1	0
11	7
1	0
3151	46
0	15
4	27
56	407
207	475
1	155
2	2
5	7
0	6
314	4690
731	4601
22	0
0	35
1	180
0	1448
1628	179
1	30
2	149
0	0
911	429
0	111
36	308
1	137
4	116
0	13
1	21
0	0
0	0
5	658
0	695
28	602
8	4
5	553
0	77
9	177
0	117
0	133
17	170
0	170
0	168
0	18
0	6
2428	88
24	84
344	1023
6	72
4	192
7	544
0	461
0	13
0	13
0	0
0	0
24	505
725	1177
75	575
0	24
7	464
333	663
15	324
0	352
0	48
3643	5753
37	5621
0	78
87	243
22	328
5	369
20	211
8	270
0	8
0	1
0	8
0	8
0	8
0	8
0	12
0	12
0	8
0	8
1322	7
1	1447
14	1448
8	279
5	758
34	8
16	220
0	217
0	58
0	0
3	296
2	286
1	181
8	0
323	3983
257	4401
63	1890
11	140
14	218
3842	127
4	123
1467	372
0	0
0	107
1	264
32	1300
3	261
10	135
0	277
2	334
1	118
5	427
3	209
6	1
0	708
0	0
0	0
0	0
1290	591
30	589
10544	19216
0	364
14	19079
0	0
0	0
4	7
0	7
0	0
180	336
1	117
0	38
1	259
0	160
1	63
5	1
0	57
1	57
22	2
0	0
0	0
10	26
0	20
0	10
0	9
0	1
6	26
86	681
9	670
1	12
0	3
0	3
0	3
1	0
24	10
0	2
0	0
0	2
410	31
0	28
24	348
0	117
1	120
0	1
12	348
56	173
1	12
263	1175
1	26
1	33
0	63
2	24
0	57
3	75
0	724
22	190
0	199
3	82
1	395
0	86
2	104
0	34
11	153
4	150
1	152
59	155
9	6
0	42
134	922
0	922
3	434
4	0
5	1
31	10
0	10
0	5
0	0
7	116
5	116
0	1806
10	1806
140	1126
0	0
0	165
7	1856
15	184
3	131
27	2468
5	116
0	246
1	685
36	100
5	575
0	285
12	266
0	182
0	92
0	37
4	2
3	12
1	168
12	82
46	94
2	3
0	3
0	3
0	0
0	0
832	134
2	128
0	6
0	220
103	753
0	650
34	557
0	2
7	114
0	1
26	74
1266	740
20	667
5	15
0	162
1	35
40	156
0	66
0	2
10	1893
0	1421
40	462
0	137
0	0
0	1793
0	1735
0	6
13	0
1	6
0	1
0	0
0	2
0	1
13	876
226	1145
0	137
9	161
5	936
206	936
45	0
472	0
0	139
4	139
0	36
0	0
18	31
7	34
42	331
0	89
0	29
1	276
0	0
0	0
9	216
0	175
0	129
0	11
0	217
0	209
2	65
86	110
0	45
929	105
2	49
0	56
62	222
0	20
2	37
0	222
22	0
33	1
0	0
0	0
0	0
2	0
63	49
0	49
0	14
3	18
0	0
0	5
0	1
0	0
4539	2040
22	2032
8949	16298
1	15215
5	3426
0	0
0	0
0	0
0	0
0	0
0	0
0	1586
0	1131
2	875
193	1038
0	342
2	111
0	456
0	4
0	1601
0	1165
3	3
0	3
0	0
4472	0
71	29
6	29
4	0
21	550
4	90
799	1228
1	1349
0	509
9	63
1	82
10	98
0	7
3	51
0	91
0	17
0	4
0	7
0	9
0	3
0	0
0	0
0	0
0	0
42	12574
0	11743
0	5391
3	2797
18	1857
36	850
0	552
0	327
2750	868
0	867
32	32
0	32
0	0
0	0
75	1183
790	1045
6	155
0	11
0	122
13	9
1	5
0	0
1	54
134	89
0	65
0	40
0	63
268	3269
2	1569
4	223
0	461
0	166
104	405
4	69
4	203
12	369
103	54
0	237
78	0
0	0
62	306
6	305
0	1
89	0
56	9
2	4
0	2
1	0
12	6
0	2
0	2
1175	911
32	909
7	45
0	44
0	4
0	42
0	2
0	6
0	11
0	1
5	0
0	6
4	5
2927	2
4	140
3	140
2	6136
345	11
20	11
330	79
0	60
0	19
1	2
0	0
68	483
2	206
55	308
10	343
1	50
0	0
5	74
0	74
1	51
3	15
2	21
0	21
0	20
0	21
0	19
0	1
0	1
6	0
0	0
0	227
0	297
0	244
0	286
6	273
0	218
32	1
0	31
17	92
2	2
0	0
759	3394
9	2180
1	13
4	318
107	318
50	214
5	8
2	34
0	165
0	0
0	0
0	0
6	96
0	2
0	0
5	0
2	0
5	1
7	1
1	0
0	0
95	1366
14	1340
0	1149
145	389
0	264
4	308
0	193
13	180
0	65
0	8
3	2
2	611
426	611
1	412
614	1147
4	11
4	518
107	1127
0	24
0	23
0	4
0	2
0	3
1	2
0	24
0	0
0	0
54	3204
0	3217
50	3229
0	55
1	72
0	38
1	101
1	0
17	766
1	2749
0	183
0	0
2	0
0	2884
0	2950
60	1469
7	499
281	976
1	184
0	128
2	89
391	324
6	3
0	89
0	11
2	0
13	212
24	270
4	64
0	34
0	225
0	252
0	122
0	135
0	147
1	20
18	74
0	0
70	645
2	330
0	185
0	187
3	110
0	28
1	104
0	2
0	1
0	16
3	0
0	0
0	639
0	648
0	642
0	181
1	961
2	1053
0	598
0	193
25	499
108	477
3	37
1	20
0	4
21	0
9482	3614
127	3606
0	5
12	10
110	10
1	3
0	11
0	13
0	9
0	2
0	6
72	63
78	2
156	24
0	24
0	17
0	0
0	0
140	29
5	29
0	14
66	40
1	22
0	38
8	29
4	10
11	216
71	237
326	721
0	101
5	41
0	640
14	160
0	214
0	49
0	0
8	16
0	4
473	149
0	60
1	7
0	16
1	68
2	30
0	22
0	9
0	0
978	59
11	55
81	2
2	22
5	22
0	0
0	0
0	0
775	489
0	487
0	0
0	0
0	28
76	971
6	971
1	383
1	0
9	7
0	0
0	0
0	0
0	0
2	692
27	398
53	747
1	235
0	358
3	371
0	181
0	715
189	105
73	105
5	0
1	16
0	0
0	0
0	0
4	19
0	5
0	0
0	6
0	1
0	18
324	0
0	0
0	5
0	4
0	1
3082	202
2	199
0	0
0	0
0	0
0	0
0	0
0	0
358	92
0	69
1	44
0	0
0	0
0	0
0	0
1	121
2	121
11	60
1617	1687
1	18
2	1667
4	1386
11	0
0	0
775	610
0	180
2	40
61	532
0	0
0	78
2	28
1	64
0	6
0	6
0	20
2	48
0	78
12	358
0	0
0	545
0	277
0	190
1	32
0	171
0	128
0	147
11	134
4	107
0	0
24	913
61	1112
0	1043
4	1
49	614
14	1084
1	0
0	0
0	0
0	0
0	0
0	0
0	0
0	0
0	0
0	1
0	0
1	1
0	0
0	0
0	0
0	0
325	124
0	40
19	94
0	0
1856	30
1	1
16	0
0	0
0	0
0	0
472	0
622	3230
376	2050
0	26
0	3230
4	0
1	38
1	36
0	15
0	8
1226	2215
0	646
136	802
10	1417
12	715
25	0
24	466
0	0
0	0
0	0
0	0
8	764
0	765
17	9
1	10
3	0
0	75
7	177
2	133
0	186
0	174
13	440
0	287
2	305
16	4
0	307
11	55
4	32
0	55
425	294
1	92
1	202
5	0
5	464
0	547
3	193
3	504
3	427
0	532
0	515
3	0
0	33
0	518
2	193
1	4
0	2
0	2
0	45
9	1
30	105
1	36
0	0
0	32
14	4
0	11
1	2
5	4
0	2
0	0
0	0
0	16
0	0
0	16
5	1
5	0
19	223
666	335
1	112
50	0
0	0
10	898
1	172
1	74
0	838
0	160
1	664
21	682
4	0
0	3
0	69
35	313
0	2
0	2
0	2
0	0
0	0
0	0
3	0
0	1
0	1
0	1
0	1
0	1
0	0
0	0
0	0
0	0
0	0
0	0
0	0
10	2485
2	1902
0	579
72	938
0	546
0	0
0	0
2	39
5	291
0	10
0	13
0	113
0	272
0	0
13	0
0	0
3027	5051
3	5054
359	4325
1	2953
3	237
74	418
3	0
8	5
39	40
0	1
0	39
0	0
16	476
5	465
13	338
1	449
0	72
0	10
0	275
0	0
0	0
0	0
0	0
0	3273
5	680
0	1975
25	1
9	3273
1	1
10	317
1	83
0	135
9	132
20	225
0	15
0	41
4	2
1	0
0	0
0	0
0	0
0	0
37	30
1	28
11	21
1	214
183	215
18	16
0	25
2	1
0	0
0	0
0	0
0	0
0	0
0	0
0	0
1	0
0	0
2	40
34	217
1	0
0	5
0	177
0	13
0	13
0	13
0	9
0	0
0	0
0	13
28	134
0	10
11	124
0	0
3	0
19	986
4	310
12	729
0	494
0	588
843	5
12	5
14	2544
0	2928
499	2826
0	2921
30	2922
39	21
11	994
57	432
19	196
4	293
5	88
0	45
1	0
0	75
0	8
67	0
1	25
2	524
1	143
0	0
4	0
0	483
0	4
1	2479
0	2313
0	2268
0	2417
0	2372
26	2406
0	2434
8	1082
2	78
1	288
0	124
10	26
21	509
0	18
0	243
0	166
0	44
0	0
0	0
0	0
260	40
0	15
3	5
0	30
0	0
1	236
1	170
0	113
0	0
0	10
0	9
2	12
0	8
0	244
0	117
0	153
3	144
0	80
0	7
0	15
0	5
0	0
0	2
0	2
0	1
0	150
14	4
0	1
0	0
0	3
5	0
4	8
0	8
6	21
0	2
0	7
11	2
28	25
0	7
2	0
0	2
0	0
0	2
5	172
1	738
35	250
89	1416
2	230
11	458
2	42
0	420
3	102
14	336
0	1468
5	12
25	634
5	146
0	138
3	86
0	55
66	223
0	6
66	6
4	2
800	1664
15	836
1	827
560	0
0	148
39	110
0	133
0	67
0	14
1	0
4	112
0	0
0	79
1	17
1	48
0	5
0	131
4	0
0	0
0	0
0	0
2375	1
2	0
4	77
0	0
0	105
0	100
48	100
0	30
3	0
1	20
3	12
0	18
0	0
1	12
0	3
0	0
2	558
0	1806
0	297
10	482
1	0
5	9
7	1730
0	28
0	80
52	138
0	52
0	53
7	52
0	9
0	4
0	986
53	839
23	1085
651	881
32	901
0	1
0	336
15	249
0	9
49	768
10	679
0	140
175	208
82	485
1	479
9	21
582	5020
2	708
0	79
48	428
0	2473
2	203
396	353
0	20
0	43
0	20
0	48
0	85
1	49
10	247
9	102
0	5
0	6
2	6
1	45
10	45
0	0
3	14
2	5
218	1911
5	1732
0	931
0	1
1	475
0	450
0	185
0	1
45	29
0	0
0	0
0	28
0	10
0	1
2	1
49	0
13	188
38	189
0	127
12	36
10	148
24	79
0	185
0	185
1	146
1	151
0	20
1	10
0	16
2	0
0	10
0	20
28	34
5	16
16	19
440	6021
0	5416
0	575
0	32
11	10
2	58
385	856
0	125
19	84
0	53
3	12
0	142
0	585
0	55
0	163
0	167
0	3
6	4
0	32
0	15
0	164
1214	260
1	95
10	97
0	34
1	63
24	5
9	25
2150	25
77	1662
364	1661
0	113
0	2
16	957
87	1814
508	2103
5	641
0	177
106	497
16	40
24	191
0	22
0	6
0	6
0	6
0	0
0	2
0	0
51	227
57	227
15	4
2	1
4	128
9	4101
1	1
0	1086
5	2
0	0
0	71
4	23
27	1747
0	1
33	4009
4	325
1	183
0	9
0	3134
0	3736
0	74
0	276
0	3
981	593
0	1071
1181	1141
0	131
4	27
0	131
1	88
576	592
0	459
6	1
610	497
3	79
0	0
1530	1288
1996	1289
0	0
399	0
21	169
12	122
1	141
1	70
9	61
1	22
0	0
1	3
11	0
0	0
3	4
7	0
0	0
224	374
0	360
1	8
0	7
26	2
0	2
0	0
0	0
1	3
40	464
3	32
3	22
1	407
0	4
2	110
0	0
0	0
0	0
758	710
0	136
18	46
1	0
20	1262
2	1290
1	734
11	1
11	58
0	163
3	94
0	5
0	0
11	423
1	0
0	3
3	3
0	17
22	3
13	0
0	0
0	0
0	0
0	0
0	0
0	0
5	4492
0	3804
4	4092
0	4376
18	3103
22	3087
0	722
23	1165
1	412
4	76
5	22
0	650
0	2
27	288
5	27
5	358
10	320
59	68
1	37
0	362
0	481
25	433
11	320
142	465
20	324
42	32
0	32
0	3
1	2
23	0
10	1
32	5
0	0
0	3
58	154
3	154
0	13
0	14
0	7
0	6
0	0
0	0
0	3
0	0
39	895
26	324
1	741
0	533
0	26
2	53
0	1
88	348
0	347
0	124
12	0
5564	19
197	69
0	18
14	38
139	12
10	11
0	0
0	0
0	0
0	16
28	27
0	11
760	953
78	952
8	63
1	44
8	33
1235	200
3	200
5	3
0	29
0	8
3	0
0	7
0	7
0	7
0	2
0	7
2	0
15	512
35	514
0	618
8	332
128	341
0	72
1	0
1	190
3	33
2	63
0	0
0	0
0	0
0	0
0	0
0	0
7	6
0	6
1	0
0	0
0	18
9	108
1	90
18	72
0	0
0	0
0	0
0	0
0	0
0	1325
2	1316
5	38
5	67
5	1233
14	778
0	363
304	872
0	338
30	329
0	14
6	371
78	0
14	0
8	45
0	6
0	6
0	0
0	0
0	12
3	12
173	195
1	139
9	56
0	2252
250	2249
0	1985
1	5
1969	1681
0	5
0	1579
7	252
1	307
68	72
2	246
0	2
0	1497
3	43
1	292
3	13
1	98
19	30
1	30
43	462
60	239
56	456
0	1625
0	1523
7	1305
0	91
22	9
0	268
9	7
0	89
1	70
6	70
1	0
10	2155
0	1829
30	678
0	1291
0	136
9674	5726
1	14
1	0
3	1456
2	90
12	434
20	1055
5	346
5	2406
18	597
0	470
0	28
2	479
4	406
8	5
0	336
4	12
0	401
9	52
0	52
0	17
0	597
656	607
7	587
4	38
0	432
37	94
0	372
0	11
0	383
0	432
5	0
0	1
0	57
0	0
730	414
20	394
1	26
1	0
0	393
8	495
1	242
0	21
0	0
0	7
0	0
2	1143
13	167
44	239
3	69
356	1148
0	0
0	0
1	42
7	68
7	64
0	24
66	77
0	75
2	2
150	18
0	18
0	0
1	13
0	11
0	7
0	5
2	0
1	0
6	194
0	50
0	197
1039	286
2	211
0	103
1270	93
292	92
0	0
0	0
0	0
0	0
166	566
0	571
0	529
0	122
1	91
3	81
0	34
1	1
0	0
28	4379
67	4124
3	1437
9	1416
115	843
0	3924
412	66
46	5
0	0
65	205
0	205
0	32
2	5
6	0
5	28
2	24
0	21
2	18
0	0
0	4
13	0
0	24
0	15
4	12
0	11
0	3
1	14
794	2642
0	1281
3	1225
8	1016
525	815
0	815
0	18
0	2
21	39
0	38
5021	125
1	121
21	1046
3	24
40	1180
0	665
0	1071
7	461
2	1025
2	31
4	11
3	82
0	5
3	131
14	502
0	500
28	498
2893	3103
0	2088
1	269
4	1400
12	773
53	398
105	398
579	1358
19	514
0	88
7	122
27	493
7	727
0	454
1376	455
0	454
111	0
1253	85
0	107
0	107
0	228
25	237
4	25
0	144
0	6
4676	669
0	206
28	664
4	174
0	371
0	244
1528	1274
0	987
6	17
47	543
2	21
302	1321
31	899
1	673
11	79
402	1435
6	485
3	32
0	32
0	2
0	0
15	1288
26	1285
39	1118
0	363
11	367
1	707
23	466
9	692
0	632
767	95
15	405
25	404
7	0
1	0
0	34
0	108
1	405
0	0
6	197
8	601
0	427
0	599
2	228
1	17
1	64
0	1
0	15
2	200
30	9
1	5
0	0
5	0
0	0
0	0
80	0
0	1436
0	1234
0	1045
0	967
14	459
0	654
0	732
15	713
6	74
11	78
14	286
0	16
0	1358
243	113
10	20
7	108
1	5
0	3
0	9
0	2
0	6
0	0
0	0
12	0
0	0
4	6
0	1
0	13
0	13
0	0
0	0
0	0
0	0
0	0
4	253
0	217
1	193
0	4
0	908
0	697
0	813
0	846
6	784
0	809
0	765
4	0
0	19
7	145
3	282
44	246
0	264
8	279
4	249
4	15
12	1275
0	1258
6	1123
0	1082
0	1180
0	50
0	0
0	0
0	0
534	880
0	590
7	227
105	0
0	0
1	6
0	6
15	0
0	0
0	0
0	0
0	0
0	0
1	0
515	736
18	651
49	230
0	143
0	74
0	6
4	778
4	765
11	784
1	785
0	118
1	130
1	91
1	88
2	55
1	39
1	2
0	2
0	0
365	504
0	1
0	181
74	1814
8	1655
83	1293
0	929
0	526
10	133
19	2805
156	2859
0	734
5	4
0	49
1	69
44	169
54	169
0	0
23	1696
17	883
0	1657
0	42
0	99
3	8
0	0
3	123
0	0
0	478
42	143
0	1719
1	732
465	732
154	85
3	85
0	16
0	6
4	0
0	0
3	35
2	544
38	348
0	595
2	239
1	5
66	381
3	5
0	567
0	54
41	464
37	342
1	8
62	58
0	6
76	56
2	16
0	16
2	2356
7	2132
4	2299
0	3167
1	2932
4	2354
0	1481
12	2294
17	332
10	112
0	310
42	543
16	120
111	488
0	125
3	65
0	5
2	11
6	9
28	27
5	5
0	102
0	252
9	89
0	58
0	2361
0	0
0	21
29	21
13	296
21	226
11	147
2	114
0	263
32	106
0	3
1	14
0	57
0	4
0	14
5	13
0	2
0	13
1	370
23	381
0	61
5	11
4	102
0	16
20	12
0	175
0	184
14	188
3	188
1	14
1	26
0	9
0	0
459	25
1462	292
30	292
23	230
8	61
0	158
0	16
5	11
3	3
0	3
10	19
0	74
5	10
109	147
0	4
33	147
67	3242
40	3473
0	2389
1	322
1	18
4	244
0	17
18	50
10	152
0	116
3	232
0	93
0	53
8	16
0	7
0	7
0	6
6	501
11	35
56	115
6	113
38	0
56	477
0	381
1112	163
1	161
1	71
0	0
0	0
0	0
0	0
0	0
0	0
0	0
0	0
0	0
0	0
40	1125
0	476
0	1147
0	22
0	605
0	439
0	9
23	2
0	0
1847	109
3	2
1	106
22	0
7	1245
1	0
26	1157
0	14
34	1157
3	1276
0	0
0	0
2749	864
28	138
1	775
0	166
0	611
116	1563
2	3
0	3
0	0
2	1
0	0
0	1
0	0
751	4
3	217
452	564
0	352
11	299
1	173
2	0
12	1
0	0
0	1
3	269
8	269
8	84
0	39
0	0
0	83
919	233
1	18
3	278
0	2
5	2
0	35
1	278
0	40
1	40
0	1
11	7
0	7
0	6
0	58
4	412
1	412
11	85
0	2
0	0
0	14
0	16
0	8
104	0
0	0
0	0
4	1
1	1
0	0
0	0
0	0
0	0
0	0
0	0
0	0
287	699
0	1
2	0
5	699
0	0
249	837
0	59
12	744
1	1
0	90
0	239
0	0
7	0
0	5
0	4
0	4
0	4
0	5
0	4
0	5
0	4
0	1
3	31
3	26
2	8
5	12
1040	13421
3	13415
54	818
0	1
0	0
0	1
0	0
0	0
0	0
2223	356
13	38
3	16
1	153
462	266
0	155
0	3
4	122
6	18
0	61
0	155
0	0
26	67
0	52
0	47
0	3
0	0
6	27
0	20
0	9
11	25
4	7
0	24
0	15
0	222
23	247
0	235
1	215
1	21
16	0
0	0
0	0
0	0
0	0
2655	505
7	443
0	63
0	55
1	58
6	40
0	45
0	45
0	52
3	0
0	20
0	1
0	0
1375	1358
0	1103
0	777
0	574
0	30
0	244
2	167
87	39
53	409
0	87
0	164
168	14893
156	14048
0	400
8	2
6	12302
0	95
52	123
0	112
0	10
0	0
2	316
0	406
0	406
0	5
0	92
0	406
18	31
15	4
0	46
2	41
0	44
20	48
0	744
0	14
14	812
0	823
0	116
0	0
0	11
0	719
3	69
0	8
0	5
0	69
0	0
0	0
0	0
1	26
3	65
1	65
8	72
3	78
0	74
0	3
0	3
1	3
0	15
0	0
0	0
0	0
0	0
0	211
203	1576
0	1245
0	1116
0	791
2	179
0	58
0	203
6	586
0	152
5	0
4	4
13	4
0	4
0	10378
0	0
5	749
98	3424
77	10244
1	1141
1	450
0	16
2	4435
993	7340
0	10379
0	0
0	0
424	7540
484	7082
0	1480
10	1034
5	175
0	0
0	0
0	0
5	249
28	242
2	243
0	181
0	186
0	39
0	7
0	120
0	49
1	4
1	11
0	17
0	17
0	13
0	0
0	2
40	809
46	1235
3	1225
2	1225
0	752
0	0
0	0
0	0
0	0
0	0
0	0
1	0
435	831
0	804
10	711
2	0
0	0
0	0
4	627
74	623
49	628
0	591
0	72
0	0
0	0
0	20
0	76
3	99
0	627
0	36
15	128
17	81
11	66
8	95
0	0
0	0
3	5
0	5
0	5
0	1
0	0
0	0
4418	7
0	0
0	0
5	1
17	1
0	4
0	1
0	4
87	35
3	35
0	12
0	525
0	503
0	500
11	105
2	7
6	460
28	439
0	429
2	1
0	23
50	7
1	6
1	26
1	3
517	1417
0	1417
1381	7
0	4
0	2
0	0
1372	1
3	18
2	17
0	3
0	1
0	0
0	9
0	0
0	1
0	0
0	4
0	0
0	0
0	9
14	423
2	399
0	436
2	0
0	315
5	361
1	428
0	4
1	38
0	364
28	6
19	39
0	98
23	1022
12	49
0	20
3	1
0	217
6	80
0	639
0	8
2	1
0	817
22	1
5	77
4	204
0	989
0	6
0	6
9	0
0	0
0	0
0	0
12	0
0	0
555	4093
153	3020
5	3940
70	3290
3032	127
1	0
0	125
9	329
108	442
0	37
4	78
17	390
0	0
1	30
67	390
358	2356
6	2265
0	89
46	89
5	33
4	154
76	1097
2	1103
22	1104
2	340
0	1174
0	86
0	1114
27	4
0	4
0	68
19	343
19	377
8	328
0	221
1	154
0	50
1	177
6	4
38	168
8	2
0	3
8	94
0	95
0	25
0	27
5	98
1	9
0	9
0	0
0	7
0	60
0	14
3	0
9	24
3	174
4	172
2	96
15	240
0	201
3	1
4	69
0	35
1	45
23	13
2	2
0	1
0	9
0	1
0	0
0	0
0	0
0	0
2	1677
83	1700
98	217
18	96
0	52
3	1581
0	2
0	0
0	31
0	0
1	27
0	112
5	54
0	18
8	24
0	51
430	846
10	446
0	46
0	395
30	165
1	68
4	1
2	1
0	0
87	1432
20	1335
9	1253
0	94
1	110
8	110
0	0
0	1
1	19
1	8
12	0
9	23
95	332
9	198
0	122
0	2
0	68
0	50
0	9
0	0
0	0
178	2108
0	2070
0	8
0	2
0	44
0	2
0	2
0	2
0	0
0	0
0	0
0	0
0	0
0	485
136	504
54	326
1	0
5	772
35	717
0	742
4	740
71	495
0	0
0	124
305	1052
109	817
0	963
0	177
0	215
490	332
0	212
0	42
0	12
0	180
0	114
34	23
4	1
400	103
0	14
0	31
0	88
661	1149
30	869
6	1033
3	170
0	0
1	0
0	0
90	27
9	32
0	3
19	8
0	1
0	0
2	1
0	2
24	13
0	13
8	3
0	3
5	0
1	0
5	366
15	366
3	2
0	0
0	3
23	2046
29	1790
292	0
0	2
0	0
0	0
918	1
374	1567
0	80
2	14
0	28
18	1459
341	1
6	152
4	11
2	659
17	583
1265	2907
1099	2907
0	11
417	43
0	20
0	23
476	18
0	17
116	1968
0	1968
124	0
2	256
31	97
0	198
10	240
0	239
0	32
1	34
0	89
4	10
0	9
2	0
0	3
2	3
0	3
0	0
0	0
0	0
0	0
654	3
0	2
1800	165
0	164
2	1
589	787
15	201
0	56
0	33
0	482
0	91
5	166
1	3
0	1
0	7
0	19
0	7
0	10
0	13
1	12
0	13
0	2
1	8
0	3
0	3
0	0
0	0
0	0
0	3
9	3
0	0
50	0
0	0
0	0
0	0
0	0
0	0
5	223
0	223
0	317
9	177
0	8
6	7
0	0
0	312
0	2
2	2
38	1335
8	938
1	1419
0	0
0	0
0	0
0	0
0	0
0	0
0	0
0	0
0	0
8	0
2769	476
5	435
30	648
3	327
49	635
0	187
20	79
6	40
12	21
8	31
35	24
15	27
0	6
2	32
0	1
3	1
0	0
306	508
6	508
25	7
1	1
0	0
1	5
0	5
3660	3830
402	3066
3	1184
8	1423
22	57
1866	1499
0	1421
0	1638
2	1012
2	3
0	106
1	861
43	285
6105	8346
3	644
0	7381
0	2699
2	8294
1	256
2	3112
0	210
0	31
0	2066
0	133
2	0
2	296
1	1
0	1
0	0
0	0
0	0
0	0
0	0
0	0
0	0
0	0
0	0
0	0
0	0
0	0
0	0
0	0
0	36
6	1099
17	1110
16	370
47	916
0	578
0	572
12	19
0	143
1	7
2	323
0	30
0	83
1	0
0	1
0	833
0	838
243	96
0	39
2	57
1	0
0	0
1	3658
0	11211
992	11210
1	1144
41	1001
1	119
32	38
0	1
0	25
0	114
2	0
7	0
0	9
0	68
0	68
17	47
3	71
0	0
0	68
0	68
0	111
0	68
2	107
0	70
0	138
14	77
0	97
2	1
0	6
27	0
959	3693
20	3127
7	50
25	27
0	4
4	43
3	46
1	46
0	12
0	9
2	4
0	0
0	12
36	838
3	450
0	651
0	6
40	507
0	37
1	19
56	2793
63	2793
0	2001
0	0
2	45
389	2031
7	1173
0	1276
24	1599
68	667
158	790
2	456
4	424
10	688
1	35
14	386
162	3343
0	3198
0	3335
7	1570
0	536
1	178
3	370
0	1
0	1
0	0
0	0
1	64
4	5
2	25
0	49
0	0
0	31
2	8
0	2
0	10
0	10
2	10
0	0
0	0
0	0
0	0
0	35
2	0
14	35
0	29
0	0
4	12
2	19
2	16
1	12
0	16
329	0
1	0
0	2
0	2
0	2
9	0
3	0
0	0
1954	1386
0	23
3	96
0	33
4	127
0	530
6	271
0	1336
0	20
0	258
0	51
0	161
0	154
33	2
0	28
19	2
2	5
2	134
89	132
7	16
3	139
0	130
0	0
0	0
3	17
0	0
30	0
1965	1273
0	420
3	821
7	17
16	38
850	3263
161	3145
2	574
1	12
0	12
8	584
0	3019
413	484
7	229
0	335
0	0
0	0
0	0
0	0
19	592
1	604
7	812
15	625
2	492
2	718
1	13
6	39
2	13
43	401
1	25
15	5
4	1
1	17
0	0
20	16
0	0
0	0
13	17
0	4
0	76
0	44
0	71
0	1
0	1
0	3
0	76
4	5
4	8
0	5
8	185
0	189
0	157
0	160
0	193
2	159
0	163
0	168
0	180
0	198
0	126
0	153
1	0
0	8
0	34
3	246
4	7
0	7
0	15
0	0
28	72
235	72
0	0
288	282
0	138
42	146
5	2
6	327
0	394
95	254
0	193
13	321
0	202
1	179
0	49
29	90
5	0
56	0
0	0
0	0
1	729
0	401
14	1440
284	4747
4	0
60	847
17	109
1	305
33	1
2	63
57	520
7	77
65	492
56	40
454	3346
9	2385
159	0
1	55
4	29
0	182
0	570
0	0
13	76
0	585
0	138
0	453
139	615
0	19
0	3
0	0
0	584
0	23
230	378
15	3
0	377
0	68
0	320
6	327
0	75
2047	347
0	66
3	1
6	280
5	60
50	5
1	5
1	4
0	15
36	260
0	70
0	19
0	0
159	306
0	7
3	127
0	180
3	732
848	1087
16	1066
3	792
26	34
68	0
4588	428
0	427
1	60
35	1743
110	1750
22	71
1	1750
84	769
2	195
0	99
0	0
0	2481
0	0
9	3917
3	4490
5	83
0	2434
7	2156
0	6
38	38
3	2138
28	2349
0	4170
106	2028
0	1524
79	4024
30	3536
0	2062
14	335
0	96
22	0
0	186
14	301
3955	7
0	0
0	0
15	105
101	116
16	1
0	3
0	0
0	12
1	2
304	20
0	20
0	6
101	114
0	70
0	80
0	0
1	0
1	6
0	2
0	2
950	642
5	648
28	7
1	73
0	67
0	4
0	42
2	41
0	18
0	16
8	16
0	16
0	2
0	0
0	4
0	1
211	1021
3	317
5	313
4	303
0	97
0	206
0	554
7	325
0	264
27	192
0	713
6	676
0	673
0	683
0	676
3	283
0	678
43	123
0	46
0	27
0	56
0	25
1	226
1	404
2	40
6	686
1	2146
5	38
19	230
0	2001
0	13
0	91
8	558
0	0
14	0
0	0
27	63
0	63
0	0
0	0
120	3581
0	1268
0	11
204	3533
27	4
2	19
0	2553
0	1010
30	2216
25	1257
7	55
3	81
0	344
0	118
7	25
0	2475
51	58
0	62
12	44
157	216
47	357
0	0
0	297
0	233
2	96
16	430
0	374
0	382
0	8
0	366
2	10
0	0
0	0
0	0
0	0
899	69
7	1
3	69
0	0
0	0
0	0
0	0
0	0
4	2668
0	2479
67	3576
24	841
2	795
0	1402
4	28
0	1174
2	1104
53	878
3	1
5	82
2	72
0	32
0	3
0	2
0	0
0	3
0	0
2	25
1	0
0	12
0	12
0	0
1	0
0	85
1	0
2	1472
27	1368
10	133
20	1370
2	1347
2	1090
2	92
0	1366
0	419
3	318
0	312
22	6
0	2
0	4
0	0
138	1593
4	217
12	544
0	753
3	280
4	93
5	3
2	1002
0	0
0	0
0	0
0	0
0	19
9	2
0	0
40	190
0	0
0	127
0	189
528	390
0	98
13	357
9	3
0	0
0	0
0	0
113	0
0	0
1	0
0	0
0	0
0	0
2	860
0	395
6	13
2	2
57	90
0	504
2	875
206	1396
0	104
0	459
1	361
10	7
0	135
3	585
76	113
1	19
0	276
37	83
3	52
0	90
4450	2460
3	2218
0	2281
0	749
1	118
0	124
0	0
0	0
386	3230
31	1324
11	2761
0	3077
0	2891
0	2994
0	2895
15	2926
5	246
20	53
2	150
3	337
35	212
1	1741
0	592
6	1203
1	93
26	314
3	689
3	538
4	48
0	0
0	19
0	0
0	19
0	0
0	1
5	10
8	9
0	6
0	6
0	0
0	1
0	0
2	22
0	22
0	1497
0	1440
11	1232
2	14
3	213
0	1353
0	4
4	1142
0	93
0	79
0	158
4	87
0	18
0	0
0	37
0	1
0	1539
0	1336
2	20
0	0
0	20
0	0
162	765
1	765
0	71
2	0
0	16
1	14
0	16
0	16
0	0
0	16
0	0
0	5
0	0
0	4
9	2
0	194
0	186
0	187
0	49
0	108
6	64
0	41
8	44
0	0
0	2
1	10
0	1
29	236
1204	885
0	405
1	21
0	0
0	3
0	0
1	107
7	97
1	142
86	466
5	472
11	262
421	397
0	226
193	29
0	0
1706	43
0	38
0	19
2	1
53	850
26	848
11	10
5	110
6	43
0	29
2	4
0	6
0	0
0	27
66	457
6	103
1	4
6	80
3	367
0	10
2603	22
0	22
0	107
346	294
0	23
0	276
0	136
62	105
2	63
7	83
2	83
9	42
0	46
386	329
5	267
0	46
20	62
1	124
15	572
18	79
3	74
8	497
0	544
17	1018
0	108
0	0
0	109
0	1003
65	35
2	18
1	17
0	0
0	2
0	2
0	21
0	95
0	65
0	47
0	34
3	4
0	3
5	0
3	0
438	3088
9	72
10	5
0	6
61	3087
9	2311
0	0
0	0
0	0
0	0
0	0
0	0
0	0
547	881
4	5
27	10
0	7
2	78
0	714
2	95
0	0
0	0
0	0
0	0
1849	0
7	349
369	349
122	826
6	49
1	83
0	118
217	673
12	206
0	0
0	1
0	1
0	0
0	0
0	0
699	0
10	17
400	17
16	250
27	78
88	386
6	48
0	201
9	0
30	232
3	100
7	232
0	0
0	0
0	0
0	0
0	0
0	0
0	0
0	0
0	0
0	0
0	0
18	26
2	11
0	6
0	15
0	0
238	56
1	1
0	39
0	6
1	31
0	0
0	1
1	1
0	253
2	237
0	243
4	241
0	0
0	5
0	12
2	34
0	11
0	0
0	6
0	26
0	254
34	9959
307	9806
62	153
555	1031
67	427
7	1022
26	5
0	5
12	3
0	0
0	0
1	3
0	0
21	260
0	6
0	0
0	260
64	32
0	63
4	54
3	34
101	145
0	28
0	28
0	39
2	41
2	41
0	17
0	0
0	0
4212	166
0	163
52	1970
5	1976
164	1952
7	0
4	2
13	5
258	48
6	48
0	48
0	2
9	1314
5	1718
3	374
0	1802
16	1707
15	1170
1	9
0	177
7	60
0	1659
235	42
0	15
0	0
0	0
0	26
13	0
1974	1
0	12
155	1764
5	1752
6	44
5	26
2	458
1	4
3	103
6	6
0	68
8	73
0	48
1	27
0	8
0	0
0	0
0	0
7	2102
3	2171
81	1189
0	535
3	55
1	56
0	36
0	6
1	8
135	225
2	225
1	0
0	73
0	111
0	106
0	20
0	25
0	28
0	0
23	841
40	815
0	741
4	718
5	680
1	48
0	63
2	8
0	0
861	1174
15	518
0	708
0	854
0	462
0	237
3	250
352	258
0	16
0	8
87	8
0	8
123	1716
27	1685
0	203
0	0
17	0
42	1131
1637	1132
1	466
1	197
15	0
1416	53
0	52
5	16
87	140
0	0
8	140
3	889
5	706
3	82
0	703
1	796
8	11
5	18
3	7
0	110
5	271
31	388
0	21
0	0
0	0
0	0
6	370
317	1197
0	0
0	288
5	826
11	3791
0	3910
12	3880
0	3759
0	1043
0	245
16	224
2	155
2	96
0	93
1	22
4	1
2	25
1	57
2	0
0	45
0	4
14	3868
0	0
0	0
579	339
4	337
0	202
0	2
0	42
1	396
1	13
1	404
0	18
0	363
2	0
1	97
0	351
0	286
0	51
0	0
2	8
0	2069
83	5152
1	3992
0	4041
5	70
27	322
3	3
7	6
54	0
0	358
0	188
1	68
19	503
0	116
0	75
1	110
0	367
0	378
0	1184
0	31
4	73
0	25
0	21
1	20
4	5091
11	5189
0	0
2	0
0	0
2	0
0	4
2747	125
0	17
0	0
0	109
0	0
0	7
2	15
0	11
0	1
2	0
1	23
1	0
0	0
0	111
0	119
0	115
286	0
1	3
0	10
0	0
61	2932
0	1379
59	2896
1	106
0	84
0	73
568	0
74	4531
20	1681
89	1354
81	2113
26	4578
1	212
1	1306
13	1242
0	1
2	1152
46	1300
647	82
0	70
2	12
19	0
0	0
0	0
5	0
333	1641
1	1606
6	1093
0	38
0	0
14	327
3	55
0	325
1185	3533
7	1268
0	3562
6	7
3	786
0	0
0	0
2174	8
1	142
0	21
7	163
2	0
1	29
0	1
2	1
2	0
20	587
3	1014
1	24
6	1062
4	93
9	479
137	1014
35	1019
3	2
4619	315
0	313
6	79
0	0
10	28
0	0
5	51
0	26
2	24
254	374
1	391
0	132
4	183
0	5
1	3
1	0
553	325
4	325
1	0
9	181
1	145
0	133
0	61
0	11
2	16
0	16
0	0
0	0
0	0
0	0
0	0
0	0
0	0
0	0
62	2509
98	2553
0	684
362	76
0	132
0	60
7	36
0	20
0	64
6	103
5	3
9	325
2	4
3	15
0	35
0	92
2	1578
492	1208
13	1133
7	9
6	331
0	25
0	46
2	8
81	507
6	507
3	305
0	283
0	5
24	161
3	114
2	104
0	0
0	502
1518	2
4	5142
0	5252
150	5057
7	4387
4	3625
7	3256
1	5
0	180
16	55
0	57
0	95
6	1
0	5
0	8
0	0
0	0
166	53
0	42
4	49
1	9
0	0
0	53
1122	180
2	101
30	18
6	78
0	0
0	0
0	0
1	154
0	0
3	537
4	504
133	583
5	164
12	228
6	632
0	6
84	626
0	559
2	218
2	77
2	16
3	0
0	0
0	0
0	0
0	1
0	1
0	0
0	0
333	576
70	890
0	390
0	3322
861	3395
6	1019
1	29
0	904
4	410
1	90
0	2406
1	76
64	441
3	441
0	30
0	2
0	91
0	1097
97	700
0	526
0	26
0	27
1	311
0	0
0	29
1	163
0	820
0	0
0	0
97	1528
2	486
0	16
1	404
11	1390
0	1008
0	1005
0	1006
7	705
4	311
0	9
38	210
0	123
0	11
0	106
0	76
0	116
0	128
0	2
1	0
0	1
0	1
0	0
0	0
0	0
0	0
0	0
0	0
0	0
0	1
0	7
0	6
0	3
0	3
0	5
0	1
205	1
8	19
0	19
0	19
1	8
0	7
0	0
0	0
0	0
22	3266
311	3266
1	703
181	5
0	5
1	532
0	209
0	500
0	18
0	7
0	60
10	53
0	7
0	10
0	7
0	0
0	0
7	53
18	279
0	8
0	288
0	19
0	19
1363	0
24	11
0	7
1	1
0	4
0	0
1	0
30	51
780	334
0	313
0	121
0	80
2	187
0	212
0	185
5	59
1	43
0	22
0	4
0	40
0	1042
0	869
6	48
0	16
501	30
0	1
0	28
25	21
0	2
3388	924
2	925
0	47
0	76
98	65
0	872
193	817
9	767
0	5
0	0
441	187
0	64
0	0
0	11
28	112
368	518
0	63
12	67
2	394
3	122
197	123
38	101
0	868
0	924
0	1041
73	121
0	121
8	2
0	0
6	0
0	1
3633	4
0	0
15	1998
6	34
12	577
6	74
2	20
8	1917
0	0
26	2
3	2
75	559
2	568
1	439
12	2
0	1
0	1
0	465
3	568
0	25
0	510
0	22
0	100
20	114
0	88
2	64
4	1161
133	978
3	851
73	1119
0	177
5	81
9	200
132	55
23	4
40	1128
3	441
2	447
0	29
22	200
0	145
1	0
2	2
6	9
0	0
0	0
0	0
0	521
7	220
0	353
0	321
1	0
0	321
0	320
0	9
6	6
0	510
0	532
0	101
4	67
0	24
1	73
0	67
1	17
0	15
2	0
0	3
0	0
0	0
0	0
0	10
0	26
0	142
190	2840
0	2665
0	0
3	142
1	0
0	148
0	52
0	1
0	19
0	378
8	4
2	7
0	7
9	439
193	461
0	87
1	71
1	80
3	71
0	18
24	1223
8	1295
6	1295
8	1399
0	135
0	73
2	177
12	72
0	139
0	145
1	23
67	183
0	1
2	68
7	5
34	4
0	92
17	4
29	62
39	263
3806	540
3	275
29	661
0	636
8	644
0	615
0	23
0	508
4	59
0	2
0	50
0	253
0	77
1	64
0	17
5	0
27	142
11	142
0	0
533	170
1	0
0	57
0	92
1	124
1	8
0	88
0	0
0	0
107	1599
1	0
0	1598
434	34680
0	0
153	34833
1	190
0	0
0	2
0	11
0	0
0	0
0	11
589	244
10	1
35	0
0	85
159	174
9	95
0	0
0	0
0	0
0	0
5246	11745
436	11941
49	10239
356	8195
463	5082
0	6919
0	5384
11	925
1	307
0	663
1	608
6	468
0	470
1	501
0	562
23	94
3	0
82	176
325	20
10	169
0	62
0	80
1	80
1	81
2	0
0	13
0	4
0	0
0	80
34	300
37	919
6962	1831
2	0
63	894
25	17
1	16
0	1
0	0
846	0
119	1630
35	2895
801	3488
0	3379
0	3374
5	1954
5	468
2	2
1	153
0	718
5	422
0	4
711	177
0	6735
9	232
1	17
3704	6826
7	150
1	204
23	1035
109	9
0	1701
0	1692
53	1976
0	2209
1644	2781
0	1780
0	956
0	1033
0	1299
0	815
0	1530
0	756
4	1115
0	544
8	1494
0	1112
0	624
45	1123
46	3
29	371
0	271
0	2706
31	2730
0	2506
0	2751
2	1231
0	78
13	2311
1	612
0	1765
16	343
0	226
10	0
0	738
2	814
29	0
8	228
23	262
13	10
0	10
0	102
0	0
0	0
0	0
5299	7338
7	7336
13	1685
5	9569
107	6200
1	9998
0	0
175	1103
9	1153
20	1080
61	767
18	22
0	127
8	190
16	101
0	653
2	9
5	170
0	10
3	14
91	113
16	0
161	434
21	411
3116	5910
2	658
1	2425
49	2752
172	1052
0	777
29	8
465	285
4	204
3	5
0	76
0	0
347	1560
0	1187
0	1165
0	2
1	2
0	0
0	0
0	0
0	309
2	16
12	685
0	4
0	672
1	1
2	44
1	654
0	3
3	645
0	656
1	35
0	4
0	6
0	336
17	22
0	677
1	3312
0	2788
0	2690
404	3608
42	2026
4	730
0	214
35	435
7	210
34	724
1	134
9	985
70	431
15	3383
0	1
0	1
0	1
145	57
0	0
0	0
0	0
0	0
0	0
0	0
0	0
0	0
0	0
0	0
0	0
0	0
0	0
0	0
487	478
0	208
0	34
6	88
0	101
90	100
0	40
26	13
0	3
0	5
0	7
0	7
0	0
0	0
8	604
26	604
357	6704
4	6228
1925	6737
1	5535
8	3659
1	5497
28	31
51	5359
19	1055
0	5368
0	0
37	28
6	34
0	0
2003	2071
10	1738
2	1319
12	25
0	34
1	1
0	189
79	540
0	355
0	5454
7	5454
163	5467
0	64
6	117
0	1727
0	2660
3	1
0	1251
0	62
7	147
1	5455
0	6175
0	5410
0	5461
463	591
4	136
0	0
0	455
0	0
0	1113
129	535
0	15
14	499
13	619
13	951
1	71
14	568
0	73
28	1095
3	6
0	6
21460	12135
1	2919
27	12120
75	1495
5	571
13	550
30	1118
1	153
278	0
2	160
0	170
0	2
1	147
0	25
0	3
0	7
0	23
0	10
0	0
2	4
1	3
4	53
80	46
0	14
11	52
1	29
2	36
0	0
0	7
0	8
550	0
1628	2
13	1
0	0
0	0
0	20
0	20
2	19
0	0
0	8
0	6
9	59
0	59
0	416
0	440
0	30
11	3
1	51
1	31
2	3
0	0
0	0
63	438
0	438
9	0
8	1029
11	257
0	177
0	0
0	13
2	0
3	0
0	1020
2913	3272
132	10459
0	924
1304	10200
1	2208
10	1639
17	2660
1	418
0	2077
52	6492
10	650
0	1888
0	3890
1611	981
0	198
31	783
11	384
21	294
16	9
9	174
4	0
56	174
0	0
16	866
1	102
11	567
2	683
0	9
4617	2210
9	570
2	592
107	2008
46	815
3	474
11	471
0	0
32	1066
0	0
20	2
0	2
28	336
15	6
2	9
0	65
0	299
0	86
0	123
11	0
0	39
0	12
0	12
0	2308
920	2634
1	0
0	194
3	48
0	540
1	118
0	0
0	0
0	0
19	941
34	991
17	1096
18	1101
5	181
0	34
6	30
5	17
117	4575
2	54
1	4599
367	223
1	223
0	51
0	0
1	147
0	156
0	0
0	9
0	0
0	0
0	59
0	62
0	68
0	40
0	5
2	7
20	3
0	3
3	24
0	11
0	68
67	60
0	353
0	0
0	1
0	1
0	1
2	2
0	1
0	0
1542	59
4	91
0	68
0	577
1	642
0	352
0	3737
0	78
22	1454
2	5
0	384
0	25
0	62
1	1658
0	1767
0	1636
0	74
8	13
2	12
14	305
22	53
0	18
19	6
2	3799
1090	1
411	1
1559	311
0	23
0	24
0	24
0	177
0	86
14	115
0	62
0	0
0	1
0	36
0	2
0	2
3	0
1	0
0	0
0	0
0	18
0	18
0	56
165	111
0	104
1	101
8	52
0	10
2	1
3	1
2	9
9	54
0	104
320	157
1	118
6	15
0	150
0	0
0	0
44	179
0	3
60	179
0	0
25	16
0	7
0	0
0	0
0	0
0	0
0	6
0	0
0	3
2	4
0	0
0	1
0	7
0	0
0	1779
1245	3821
59	3376
21	1776
187	90
201	298
3	1779
73	3148
0	32
0	94
94	98
4	69
0	10
0	58
0	17
1	11
14	11
0	10
0	9
0	2
0	0
0	58
17	852
0	186
116	852
6	160
0	229
1	852
38	0
1	93
2	30
0	0
0	0
2803	2495
0	2491
1	1
0	1
66	559
16	142
0	146
14	549
2	49
11	59
6	90
0	1
24	1
0	1
60	13025
5	12840
5	1913
1	1560
0	1561
67	933
0	403
3	308
0	1
56	2923
4	0
23	1707
2	852
0	2081
1	2573
0	2292
0	969
0	341
1	61
0	10
292	111
24	103
8	703
27	3004
1	44
4	3100
2	194
42	49
188	2341
0	524
6	268
1	7
28	73
3	231
4	1194
4	238
7	404
0	1124
0	40
0	874
0	287
1	3
8	11
0	8
1	5
69	382
0	22
1	0
0	382
0	0
0	0
0	0
727	0
22	4
0	4
169	3
0	2
1	381
0	346
1	380
1	424
0	251
0	35
1	13
111	8
0	7
0	2
0	5
0	7
0	2
0	1
0	4
0	0
159	603
554	603
19	0
3	0
35	2385
8	2223
15	567
301	421
0	491
0	538
0	76
1	715
8	78
4	71
0	0
2	0
0	0
0	0
0	0
6	1286
1	1134
0	149
0	994
0	0
0	10
0	1
2851	4
0	4
0	251
0	290
0	978
0	109
0	88
0	333
1	1021
18	366
0	293
19	16
4	1201
0	1087
5	1159
2	365
0	280
0	0
0	0
0	0
10	411
4	48
1	12
5	28
2	16
0	411
837	1834
14	1827
0	872
172	825
40	790
0	293
12	203
23	63
1	10
5	10
0	2
330	258
0	93
0	8
28	22
6	49
0	50
1	15
0	143
0	50
0	77
0	67
1	9
0	27
0	528
1165	754
0	292
0	29
0	34
1	34
11	715
467	208
3	190
9	83
20	0
9	0
0	0
0	0
0	0
0	0
1	0
0	0
0	0
0	0
7	247
12	61
1	214
6	98
0	3
0	28
6	331
11	19
7	102
7	8
3	99
0	26
0	119
5	19
10	898
26	706
13	424
4	0
1	0
14	73
1	0
0	0
26	13
0	13
195	0
0	0
1	0
5	154
1	154
3	75
0	68
13	17
0	5
2	2
1	2
6	0
0	0
20	28
0	27
0	0
11	0
1151	1
5570	6
2	0
189	1812
163	1845
83	2079
10	556
22	82
9	11
0	39
3	6
0	71
0	8
0	1
0	18
652	370
2	113
0	321
11	246
0	1
327	438
10	175
0	23
29	1
0	112
0	25
1	88
0	106
8	70
0	0
0	0
1	401
0	395
23	182
0	98
0	31
10	25
0	0
0	0
0	0
129	9844
18	2108
0	9665
0	1605
17	1962
0	2170
1	1879
1	4317
0	2479
5	2606
3	2237
0	240
1	148
169	310
0	1256
16	955
6	1086
1	834
1	835
0	753
25	424
709	1
8	93
0	2
1	0
0	0
0	2
0	61
9	66
0	12
0	45
0	10
2	0
1018	1
0	56
14	178
85	31
16	123
0	127
3	20
16	9
0	0
0	18
0	4
1	27
5	25
89	249
0	117
0	21
0	93
0	8
0	0
6	53
1	0
0	0
0	3
0	3
0	0
0	0
837	297
0	29
6	279
1	3
0	8
133	1
199	694
0	454
1	599
0	125
0	0
1	4
0	35
0	12
4	126
0	4
2	0
0	0
0	0
9	2
0	11
6	6
3	4
34	445
4	378
9	90
0	0
0	0
0	0
0	0
0	0
0	0
680	881
0	791
9	725
1	8
0	81
232	224
2	9
20	200
2	38
0	0
0	18
12	338
39	91
0	91
0	1
0	1
0	1
0	0
2	1
0	1
0	1
0	1
0	1
0	1
0	1
0	1
0	1
0	1
0	0
1	0
23	0
2342	287
0	0
0	0
0	0
0	0
17	2045
1	2046
26	820
1	0
0	102
32	1528
0	26
0	0
3	19
1	26
2	152
0	0
0	0
0	0
0	0
10	28
4	40
1	0
5	18
50	73
0	51
0	29
0	15
8	5
2	545
20	520
0	52
0	28
0	125
0	71
0	159
0	70
8	23
0	16
0	5
0	0
0	29
2	0
6	215
21	1932
0	279
0	1805
0	120
521	255
2	244
2	123
0	122
3	52
2	14
0	59
0	14
0	13
0	0
0	12
0	21
5	1321
39	1639
0	1152
2	0
2	42
0	1
19	79
0	98
0	24
2	14
0	25
20	11
3	32
0	69
0	1
0	0
0	6
0	3
3	19
11	45
0	18
0	16
0	98
7	1704
45	118
2	261
9	530
0	1676
0	1615
10	1478
2	1406
0	1395
14	549
0	32
0	3
13	8
156	0
349	785
3	185
57	774
1	0
0	0
0	0
0	0
2	0
0	0
0	0
0	0
0	2338
18	1843
192	2182
119	130
0	202
5	60
11	775
3	72
0	0
0	0
0	0
1	1
0	0
0	1
0	1
0	0
192	255
0	268
9	70
992	902
20	743
0	157
626	471
6	0
1	1
0	24
0	4
0	470
25	856
10	819
0	699
2	0
1	0
1	456
2	16
3	19
4	309
1	13
12	121
0	50
2	50
2	50
0	0
328	1775
74	1698
18	1694
0	237
1	281
0	0
47	0
0	1177
6	65
0	136
403	220
0	193
0	1997
153	3516
73	599
9	1692
0	224
0	26
485	3356
9	1159
51	37
1	1
0	36
458	2268
14	2268
1	1536
0	444
0	62
0	43
4	46
3	117
57	60
0	70
356	365
0	309
0	125
0	22
0	0
0	0
0	0
1	10
3	27
0	89
0	90
0	7
10	129
0	24
2	34
2	8
0	128
16	0
20	858
1	751
1	650
3	753
3	57
11	958
0	931
3	36
2	36
6	131
1	86
3	60
301	150
1	69
0	129
1	1
0	21
1	47
14	145
7	170
2	116
0	10
0	39
37	16
1	20
0	4
168	1034
0	895
0	1126
1994	702
3	263
54	544
0	412
15	144
233	4621
249	4608
0	1277
1	110
8	367
8	436
1	237
0	0
0	347
0	387
28	387
0	298
2	1
0	41
0	27
0	40
0	3
0	3
0	3
2	1
0	3
10	4
1	0
2	1
0	0
0	0
0	0
0	40
118	0
1	0
75	500
20	497
30	232
0	117
0	112
1	3
0	0
0	3134
0	3129
21	2
0	3130
0	3130
58	79
0	92
20	170
20	3134
0	3127
0	0
0	0
0	0
117	610
0	246
24	413
2	42
6	1303
0	1302
21	1304
204	1301
0	1301
4	1302
37	1294
0	194
0	0
0	0
0	0
4	6
0	6
0	0
0	0
6	151
3	206
0	151
0	121
0	1650
0	1515
1	135
7	470
0	1
0	0
0	0
0	0
0	0
0	0
0	0
0	0
0	0
319	111
0	111
0	20
0	0
0	0
10	290
0	288
1	190
0	629
0	0
0	564
93	76
0	4
0	3
12	28
2	5
0	12
4	1
0	10
0	122
0	0
0	0
0	3
23	3
0	0
42	0
0	0
0	0
0	0
0	0
0	0
0	0
0	0
0	0
0	0
0	0
3	1233
0	1335
6	926
0	764
0	427
0	251
0	174
0	2
0	0
0	5
62	100
0	45
30	1
2	36
236	48
282	13
66	1722
445	1722
0	38
0	38
0	0
0	7
0	74
45	139
0	111
5	85
0	80
0	23
1	22
0	2
1	1
0	0
0	0
0	21
0	22
0	23
0	4
20	0
16	1
69	3263
11	301
4	0
0	759
1879	0
38	949
0	17
0	949
5	22
17	108
3	27
136	333
0	263
1	340
105	46
0	0
0	0
0	0
0	34
168	5030
4297	1506
0	3
0	0
0	3
0	0
2	0
0	0
3	50
0	55
0	56
0	51
5	58
4	3
1	7
5	94
0	18
76	116
3	2
0	2
7485	3531
148	2052
1	404
0	1225
82	1574
6	113
9	900
2	374
0	291
3	0
68	4
0	4
0	0
5	126
0	153
0	2433
9	1556
20	1726
0	1568
0	552
0	87
0	1
0	5
0	1
0	3
25	357
0	105
19	329
16	761
0	2282
0	0
0	0
0	0
0	0
0	0
0	0
3	0
0	0
1	0
0	0
4	26
0	21
0	24
0	24
0	11
0	4
1	8
0	1
0	0
6	1
0	1
0	24
0	0
0	0
0	0
7	428
0	355
0	113
0	47
5	1
0	15
0	104
511	1427
0	1313
0	125
0	100
75	324
0	316
0	50
0	135
0	96
7	58
0	22
6	141
0	0
0	6
2	68
16	59
2	85
0	0
3	29
0	141
37	1286
0	1265
0	791
0	789
52	1061
6	812
17	214
0	134
0	132
3	41
0	37
0	3
0	2
2	3
0	0
183	48
3	45
0	2
8	140
1	0
0	0
2	0
0	56
0	140
0	9
0	58
0	37
16	49
11	49
5	34
0	19
0	15
0	17
3	0
537	36
6	36
0	69
1511	314
6	227
1	18
1352	244
0	244
0	49
109	862
20	372
18	818
1	136
4	114
0	157
1	0
19	0
15	46
0	2997
31	1876
0	1965
0	2012
101	2847
37	2994
17	1632
1	2535
0	2886
0	308
6	3
0	259
0	245
40	86
21	245
8	162
0	68
0	0
3	9
1	1
0	9
0	0
0	1
2	14
1	13
191	1775
402	1775
24	19
2	18
0	19
59	58
16	59
0	0
0	0
0	0
5	19
0	19
0	0
4	1
0	1
6	0
10	4775
0	4
4	4962
49	4659
3	4668
1	4641
0	5
0	4240
0	4
0	0
6	48
0	212
4	3390
0	173
0	0
0	351
12	310
4	88
0	3298
0	0
0	3135
0	736
1	13
0	40
3	24
0	0
0	57
9	439
0	4
2	52
13	11
0	743
148	282
0	69
30	277
0	29
0	0
0	0
570	67
10	67
113	451
0	173
0	94
0	86
0	21
0	0
0	450
0	0
0	0
1	0
0	0
0	0
0	0
0	0
0	0
3	621
2	622
30	654
3	381
17	0
4	16
12	44
3	8
2	0
1	619
20	920
0	128
32	389
9	1
3	93
59	198
102	14
0	0
10	180
13	106
9	88
3	28
0	19
3	94
0	0
0	3821
0	16
71	132
0	0
1	38
191	807
2	19
7	4001
1	0
0	1
9	193
2	8
0	0
0	49
0	19
0	65
2	199
5	48
0	49
1	32
0	121
16	16
0	30
0	0
0	54
3	69
2	86
0	150
0	36
0	20
0	7
1	168
6	40
716	2127
65	2130
0	2084
46	2126
5	14
2	5
0	1
0	17
273	251
6	234
0	8
1517	51
0	7
3	10
0	1
0	26
21	1182
13	1230
0	293
0	233
0	226
3	5
0	1208
0	7
5	7
0	14
0	6
0	0
0	11
30	2261
10	2196
230	974
0	2463
268	15
4707	2181
0	2180
2	15
3	25
4	43
1	239
792	245
0	3
6	6
191	322
2	320
0	0
0	0
5	99
501	245
0	244
4	7
10	5
1	10
0	13
0	1
1	14
1	1
0	12
11	9
2	0
7	0
1	0
3	1
1	1
0	1
1	2
0	0
0	47
0	4
1669	130
0	0
0	26
1	55
0	0
0	0
0	0
0	0
77	1455
53	1058
4	1234
0	1458
1	1297
3	204
0	414
11	5
0	148
5	101
0	5
0	2
0	2
0	0
15	214
61	216
3	83
10	8
25	291
0	235
1	177
0	221
1	41
104	310
1	181
0	58
0	28
0	2
0	3
0	10
1	1
2	14
9	94
26	92
0	4
2	1
0	0
0	0
12	483
1	673
7	940
0	995
62	1070
0	520
4	193
0	23
16	29
0	28
0	6
0	0
27	7
1	2
6	745
2	35
3	744
2	0
8	2
3	0
145	1090
11	1056
202	1013
17	978
41	700
3	5
0	42
1	848
0	13
0	15
0	10
0	3
0	1
0	3
0	0
0	0
0	365
1	333
0	350
3	537
0	462
1	15
0	356
13	305
1	1
4	24
0	4
34	25
5	25
0	0
0	0
0	0
0	13
0	2
0	11
0	8
0	1
0	13
3	56
89	483
5	393
0	5
0	329
0	0
9	9
0	0
0	0
0	0
0	0
5	174
6	174
3	9
0	16
1	0
0	2255
68	2254
263	2253
5	0
0	0
0	0
0	0
3538	33456
7	30363
0	1260
1	930
19	4867
18	1030
47	1102
1	1029
0	54
5	70
6	1
0	77
2	141
3	0
1252	1142
0	43
0	797
31	96
5	278
0	22
733	678
53	635
4	632
1771	380
0	374
0	37
1	2
0	0
0	0
0	0
0	6
0	6
0	540
0	522
0	540
20	16
5	16
47	120
17	96
53	100
0	1
0	208
181	224
3	13
11	29
180	46
1	46
15	545
5	853
0	733
0	802
7	732
2	71
6	38
0	5
0	0
0	123
5	124
4	124
0	0
0	0
14	609
2	1
1	37
22	234
0	47
0	0
1	466
0	9
7	10
0	8
0	8
0	0
2	4223
0	6988
1	3664
40	6653
57	479
6	3702
0	16
1	714
2	5756
15	46
0	3633
7	803
5253	4
1034	2082
2	1993
0	2142
5	812
0	1698
0	87
5	15
0	0
14	2
8	37
0	610
1	934
11	251
9	660
1	733
0	253
6	750
2	4
0	1
0	113
3	119
0	0
6	29
1	6
1522	1363
5	692
1	899
0	81
3	785
1	62
112	224
0	223
0	151
0	6
0	24
0	8
74	980
0	477
0	811
0	953
0	125
0	135
0	111
0	0
0	0
2	276
13	528
170	587
998	492
14	239
0	0
0	0
0	0
2768	817
2	2
4	764
4	50
0	328
31	6
0	6
423	53
8	74
15	0
8	1
2	0
2	22
0	9380
117	1516
0	415
1	14
6	800
2	812
0	348
4	768
2	465
14	171
8	353
1	0
1	261
3	251
0	168
0	20
3	35
0	12
25	50
16	9
1	79
22	59
0	199
13	452
26	134
2	384
1	432
0	298
2	16
0	9
0	23
4	11
0	26
3	20
0	0
2	1
393	295
186	323
0	109
199	9324
0	9197
41	9417
1	9512
0	16
106	23
3	1293
6	88
0	133
0	1
11	9
0	9209
20	55
0	55
428	1676
8885	9665
4	3992
10	148
7	0
100	936
8	956
1015	3595
0	2594
151	3472
6	2
0	0
0	0
17311	9331
6	1086
74	2239
214	7572
292	861
4	1010
31	1659
0	528
0	92
0	2
0	5
8	514
0	570
0	0
2	571
0	1
16	502
3	261
0	36
5	33
0	19
6	75
0	0
4	0
1	1
6	5053
290	5359
0	1949
0	1298
3	0
7	44
1	126
8	25736
0	9570
0	498
1	15
0	19732
0	19727
0	23416
6	5339
85	19842
71	446
22	154
58	586
730	31538
1	5811
62	26502
0	22945
40	25701
442	865
0	1761
0	16601
0	16606
18	1692
0	24850
0	29621
9	647
6	221
32	221
0	29
0	53
29	47
607	132
0	71
0	0
0	8
2	60
0	0
16	28
0	12
15	171
2	0
1	31
1	16
1	171
285	0
182	0
597	0
653	456
0	53
3	43
0	21
0	2
1	309
0	308
0	174
1	136
0	122
1	112
0	73
0	69
0	53
3	10
1	1
5	142
79	142
0	18
0	0
4	885
52	1494
0	405
115	1494
121	0
0	0
16	590
2	7
2678	2865
53	13
249	2649
4	74
0	2077
822	812
43	594
0	5
4	5
4	0
33	19
0	3
6	16
4	398
14	398
0	0
0	44
1	6452
0	6087
5	98
7	917
0	670
0	527
4	37
6	15
0	0
0	6214
0	6452
1754	182
0	172
0	0
0	77
0	40
1	0
4	400
435	1510
2	1055
0	1074
337	0
0	0
12	0
17	1860
1	2
0	8
22	116
22	1805
71	474
0	7
0	1698
4	4
1	318
0	1823
26	1951
0	1979
13	1717
0	1302
1	1492
0	3
0	244
42	1
275	1532
1	1532
0	5
5	153
12	114
2	554
0	572
0	105
13	111
2	18
9	2233
81	1315
10	156
2	1993
0	0
0	37
1	0
3	692
3	232
18	326
735	6246
166	4141
2	3590
1	1231
11	488
0	543
0	521
0	497
0	23
0	5
6	192
1	60
0	74
0	73
0	16
0	0
0	0
0	0
0	0
0	0
761	299
11	69
0	237
0	153
0	0
0	0
7	487
26	1167
1	1406
11	422
0	42
0	32
27	232
0	37
3	124
2	121
11	6
0	1278
0	3
2	0
0	23
2	21
0	283
2	440
0	19
0	0
0	0
0	431
0	0
0	0
0	0
72	369
6	369
0	0
0	0
18	0
602	136
22	659
1	810
0	866
46	729
0	0
0	30
0	30
0	0
0	10
0	5
0	0
0	4
1	4
16	84
1	84
0	19
0	0
10	95
21	1860
1	1796
53	158
1	44
2	626
0	131
0	3
0	0
0	0
0	0
0	0
0	0
0	0
0	0
1	217
5	5
0	156
0	1
0	217
339	302
38	302
151	3034
65	3034
11095	7551
6	1635
17	6
42	7091
1	6044
0	5706
29	4477
10	1175
4	4896
29	308
2	2
17	308
1	37
0	0
44	714
0	715
14	581
17	248
3	280
0	0
4	1
0	571
14	181
0	196
0	181
1	706
0	602
0	66
381	910
36	858
0	602
1	104
3	5
235	473
0	64
10	294
0	220
2	0
33	956
1	860
7	153
24	11
0	2964
6	306
3	10
0	9
0	1
0	1
0	60
0	1
0	60
0	60
0	1
0	60
13	5
3159	548
0	42
3	75
0	69
0	53
0	10
0	0
4	127
0	10
0	371
0	0
0	0
0	2
0	197
2	33
1087	3980
0	3669
15	693
5	358
2	741
0	484
3	46
11	131
0	627
2	11
23	2
0	0
60	494
0	341
0	341
0	341
1	341
6	295
0	177
0	55
0	36
2	4
2110	404
0	1
1	34
0	19
4	213
0	249
5	257
4	163
1	96
3	41
0	4
27	189
0	191
0	47
1878	1002
0	998
2	50
0	66
0	23
0	2
0	376
15	378
38	225
0	40
0	2
2	367
0	39
3	39
2	3
0	5
39	132
12	132
2	0
2	0
246	1307
76	326
1	516
18	713
68	0
173	4
0	0
0	0
0	0
0	0
0	0
0	0
0	0
34	79
0	60
1	18
0	45
0	8
0	459
0	0
1	1151
3	172
19	109
5	955
36	265
0	1082
0	0
0	0
0	129
1	74
6	75
43	124
0	4
0	10
0	31
0	1
28	224
6	221
1	1
0	3
3111	2276
23	2281
22	870
18	18
26	847
8	532
0	319
4	183
38	614
0	39
5	104
5	8
912	221
4	149
0	152
0	10
11	6
2	10
4	0
457	20
0	6
0	2
0	14
9	2
0	0
0	22
0	22
1	7
0	0
0	0
0	11
0	22
1005	74
1	74
261	499
2	384
2	377
1	36
0	0
2	115
6	2
0	0
0	0
0	0
0	0
0	0
0	0
0	0
0	0
0	0
0	0
329	1
1	1
4	2
4	226
0	302
0	279
0	129
1	183
0	206
4	279
0	9
0	10
2	14
0	5
0	4
0	0
0	8
0	8
0	0
0	0
0	0
0	0
0	0
0	0
3	161
11	142
0	61
0	37
1	8
0	0
0	0
1	370
0	168
9	253
0	141
25	318
0	18
6	221
0	70
0	56
0	130
0	176
0	67
0	10
0	68
10	138
144	0
17	197
540	197
0	0
0	0
0	0
0	0
0	0
0	0
1039	0
0	0
0	0
51	591
0	415
30	589
7	573
16	0
0	618
2	866
3	1732
80	1498
39	481
3	0
0	0
0	0
0	0
0	0
0	0
0	0
0	0
129	2090
0	2190
0	322
8	552
0	2027
1	383
2	1866
0	0
8	100
0	2059
4	0
1	0
0	4695
71	2853
226	5052
458	4645
0	3286
1216	6
0	5
0	1
0	69
0	69
0	0
0	3
0	7
8	264
5	262
3	286
0	2
0	1
0	10
0	282
0	0
7	70
0	1
6	1
0	70
4	1
0	1
0	341
0	94
0	306
0	302
0	134
2	93
0	0
0	0
8	74
0	76
9	16
0	7
1	16
0	36
0	0
0	0
82	879
15	932
0	71
0	175
1	0
13	27
18	29
8	7
1	8
0	26
0	4474
54	4460
1	415
0	809
0	789
0	38
459	1737
0	1756
0	1570
36	2384
0	2471
1	2452
31	858
0	723
2	853
0	822
3	0
0	0
4	0
0	1
0	6
0	1
0	0
1	6
0	0
6	2335
0	36
0	20
0	3
1	12
0	13
0	18
0	8
0	34
30	1322
0	0
0	45
0	1349
149	356
36	355
3	1349
0	0
104	1459
1	565
152	265
7	265
21	265
104	626
3	626
4	371
2	472
15	40
0	58
3	129
2	23
1	50
0	541
0	563
31	2996
1	147
3	198
244	2917
0	0
1	143
383	343
2	288
0	0
0	0
0	0
119	5892
0	547
38	30
5	579
0	5316
2	4369
1	859
0	426
6	2967
5	124
7	327
0	649
2	1784
0	320
0	6
0	991
8	105
0	72
1	72
0	7
0	8
12	13
0	13
0	13
1	1796
1	36
17	591
21	64
11	165
44	1760
1	44
1	112
4	13
2	0
2	4
2	15
55	387
4	184
116	42
5	55
0	87
0	0
14	179
21	6
0	0
0	0
0	0
33	470
1	68
0	401
0	366
0	366
1	287
0	24
1552	507
0	115
13	336
0	327
0	169
586	668
4	305
7	668
43	630
14	630
0	112
30	5125
0	2952
0	308
0	3669
0	5328
0	162
1	2858
3	3493
0	3595
2	1071
1	1381
0	3298
0	1063
161	2221
0	327
0	354
2	1106
1	38
0	957
205	1388
17	673
67	1386
1	1062
31	656
0	0
0	0
0	0
1	686
0	0
0	0
0	0
0	0
0	0
2250	307
0	304
0	0
0	47
2	528
13	501
7	14
0	14
0	7
0	1
1	0
0	0
0	0
0	0
66	0
543	576
4	534
0	64
1	51
1	189
0	0
98	5540
84	5098
8	3202
0	2155
0	118
423	0
6	0
1	950
132	1305
89	1522
0	991
5	664
1	649
7	44
1	0
50	31
1	31
0	0
0	0
0	0
2	94
0	85
0	0
0	93
0	0
0	84
4	93
0	3
0	30
0	0
0	9
3449	4528
141	4212
281	2340
0	375
20	3214
4	347
2	143
0	146
59	1555
13	1475
2	78
456	571
1	571
27	2
2638	2439
1	2686
496	181
0	99
0	144
0	304
0	242
0	304
0	305
38	372
0	13
0	53
1	11
3	114
276	380
0	17
4	158
0	70
5	45
34	855
45	2406
2	12
249	2406
2	816
45	6
226	735
9	0
4	287
7	835
2	605
35	788
3	43
17	682
4	34
0	0
3	4
464	53
1	49
177	4346
0	3915
6	413
3	170
0	577
0	308
0	422
0	2675
0	1233
4	111
521	849
1	261
26	298
0	390
1	8
0	88
22	150
0	147
1	42
0	70
0	14
0	57
1	9
0	91
10	1
2	36
0	1
3	1
0	1
63	0
0	0
0	0
0	296
104	1936
0	1331
2	1522
24	846
0	1165
10	202
17	541
0	89
2	421
40	436
0	5
5	24
0	0
0	16
814	1
0	9
6	9
321	1319
302	1317
0	188
426	831
0	542
0	221
0	103
0	72
3	219
0	50
4	389
9	1
0	0
3	142
0	0
1	31
5	121
0	96
0	96
0	35
28	659
6	658
19	663
40	232
1278	79
5	78
0	0
0	0
389	3180
0	2098
7	747
92	680
2	912
2	2009
13	1367
67	1462
0	1459
29	1237
1	28
0	100
3	225
0	94
1	21
2	2
0	182
0	0
0	0
0	0
0	0
0	0
1	28
1	19
0	5
0	10
0	16
0	20
0	2
3	4
0	0
0	0
0	0
0	0
0	0
410	833
4	126
11	610
8	118
8	208
0	609
5	210
0	166
0	103
3	8
1	0
1	0
2	5
0	3
0	1
0	2
0	2
7	58
0	58
0	1
0	1
0	0
0	0
0	0
0	0
0	0
0	0
0	0
0	0
0	0
14	336
0	17
1	211
0	61
0	335
0	211
0	293
1	758
15	758
0	778
0	761
0	645
0	874
1	457
1	10
26	455
11	93
0	174
3	122
5	39
11	89
0	64
2	32
52	9
48	80
7	35
6	0
2	18
0	17
0	2
0	2
0	2
0	0
1	24
22	18
13	13
0	18
1	1
0	0
1	5
0	4
0	0
0	0
0	0
852	1425
59	1424
0	34
0	641
0	395
0	231
0	0
0	0
0	0
0	0
27	132
8	106
0	128
1	122
0	4044
0	159
40	606
0	606
4	2994
10	1
0	3495
2	133
2	0
51	3995
1	0
0	0
0	0
0	0
0	0
3	1468
4610	576
1	209
8	363
70	1983
3	1666
17	75
0	73
1	72
0	74
0	1906
4	108
0	348
5	228
1	55
0	125
0	153
2006	206
1	0
3	65
65	108
0	42
0	106
0	17
0	7
13	548
0	2
0	0
0	3
3	511
2	459
5	7
0	2
0	2
1	2
0	3
0	21
1	102
5	323
0	0
0	0
0	0
0	35
7	0
1	69
7	339
0	1
2	62
16	61
0	260
6	311
0	40
0	106
33	206
11	54
28	34
0	82
0	100
0	0
0	19
8	28
7	10
0	208
0	5
0	0
0	0
0	5
0	3
0	0
1	0
0	0
0	0
0	0
0	0
108	0
2	0
0	622
2	696
39	668
0	78
2	35
0	38
0	0
0	0
17	49
0	9
0	32
0	38
0	3
0	0
1	8
4	2
0	18
0	4
0	4
0	7
0	0
15	817
8	429
30	524
1	489
0	717
0	243
0	0
14	70
3	2
0	2
4	0
0	2
0	2
3	1
0	724
1	13
0	11
0	9
0	9
0	2
0	6
0	0
0	0
4	3
0	3
0	1
0	1
0	1
0	1
0	105
110	262
2	29
1	34
0	252
1445	354
88	0
0	110
0	56
0	91
0	360
10	347
2	43
0	350
12	298
8	664
13	722
193	652
0	64
0	116
0	116
0	22
0	22
0	0
0	0
209	1
3	1
14	185
0	88
1	165
0	19
373	180
1	156
15	1
0	45
0	30
8	23
0	24
101	699
1	80
0	700
315	211
3	0
47	428
0	0
0	0
9	544
5	0
10	149
6	1456
0	117
7	41
11	1563
0	0
2	50
45	130
44	124
22	123
0	15
0	124
0	2
0	2
0	2
0	2
0	2
0	1
0	1
0	1
0	0
0	0
5470	4742
21	4225
34	1970
73	512
1	0
71	1
0	173
2	81
0	178
15	63
7	174
0	15
0	0
0	1
1	25
0	38
2	58
0	14
1	2
11	74
0	1
0	18
0	195
334	183
83	48
1	141
0	48
0	97
56	4597
0	0
1	15
0	4591
0	512
0	191
0	258
4	450
0	210
13	473
0	17
0	14
2	0
8	88
3	9
0	104
5	87
0	64
0	34
6	287
24	0
0	0
12	2391
51	2392
201	16
0	16
171	2402
10	2336
9	406
2	159
0	161
0	402
0	303
1	99
5	338
0	0
0	586
456	607
5	9
1	104
0	428
0	34
0	0
0	21
1	13
14	36
0	39
2	11
4	2
0	2
0	2
0	0
0	0
0	0
0	0
136	1855
16	1672
131	2322
3	8
4	42
31	586
3	41
0	0
7	6
3	6
0	6
961	3
0	0
1146	885
0	501
0	0
1	672
0	341
0	0
0	0
0	19
0	0
0	5
2	4
70	113
0	102
3	32
0	3
12	5
1	36
2	10
0	2
2	3
0	1
0	10
0	170
0	112
1	22
0	1
12	113
0	12
1	13
0	171
0	595
63	595
0	48
694	2741
1	2739
12	1041
4	636
3	101
4	13
322	1422
17	1422
8	158
5	169
1	11
0	32
1	32
262	0
0	0
0	0
0	0
0	1147
0	1133
5	647
0	615
2	671
0	662
4	701
0	128
2	19
0	442
0	466
0	107
0	232
21	11
0	7
1	21
0	10
7	27
4	149
5	13
0	3
2	51
0	0
140	2
2	0
0	0
2367	191
1	2
0	187
0	5
0	5
0	5
27	202
726	409
10	273
0	140
0	1
0	0
0	0
0	1
0	0
0	0
0	0
0	0
35	48
0	345
0	143
0	145
6	150
38	351
0	162
6	38
8	359
0	65
0	46
0	103
13	58
13	0
0	0
4	3257
208	3258
9	2483
1	1991
126	0
13	23
3	0
0	0
0	0
0	0
2	0
4	0
0	7
669	82
1	20
0	8
0	0
2	49
6	7
4282	1520
1	1520
2	1505
10	15
0	28
12478	1328
73	4
6	713
20	723
8	501
1	574
37	0
0	0
0	0
0	0
0	0
0	0
3	43
9	295
0	259
0	0
0	59
2	233
0	230
1	196
0	0
2	27
2008	1
0	0
0	0
481	36
0	11
18	24
1511	238
0	26
110	117
160	38
0	0
0	1
1039	1780
9	1923
2	1616
0	1489
0	1727
2	480
0	1694
1	402
11	1079
4	65
0	181
101	167
5	63
0	65
0	108
6	161
0	194
0	98
0	26
0	0
0	1666
42	0
14	31
1	12
0	12
1	17
0	12
1	0
8	266
0	302
4	273
0	286
4	19
0	0
0	0
0	0
0	0
0	0
0	0
11	1521
51	1521
33	1420
0	0
0	0
0	0
0	0
0	0
9	10
0	10
0	0
0	0
0	7
0	6
0	6
42	120
55	374
46	600
0	633
0	29
4	33
35	6
21	10
74	0
0	0
0	1
0	1
0	3
0	6
0	6
1138	20
0	19
210	14
0	14
832	0
0	0
0	0
0	0
19	433
0	484
20	369
0	58
2	4
2	55
237	566
0	373
8	261
35	517
0	34
0	1
3	233
0	0
0	0
0	0
0	0
0	0
0	0
0	1
0	1
0	0
0	0
0	0
0	589
0	773
24	739
6	297
1	33
2	793
2255	1087
17	1086
371	45
3	45
0	100
25	103
0	3
0	0
3031	597
0	18
0	0
0	0
0	0
0	0
5	684
509	684
70	682
1	58
937	7
0	0
30	222
168	95
3	90
1	4
0	14
0	340
35	359
4	91
1	55
8	20
1	16
0	2
0	44
3	44
1	29
1	29
34	4
5	4
0	1
0	1
0	0
775	1418
0	1386
0	189
0	31
22	134
6	138
2	763
0	8
0	0
0	0
0	0
313	269
1	146
1	123
169	19
2	19
26	2196
0	1757
34	780
3	92
0	56
39	0
0	553
68	533
2	12
0	61
9	1
1	284
4	35
0	1842
0	1891
0	0
4	0
1	1
566	292
7	287
0	195
5	72
17	78
1	66
659	457
0	0
0	0
0	0
57	73
97	175
1	34
6	106
9	119
0	2
273	112
1	36
0	83
90	1673
22	1673
0	579
1	61
323	120
5	120
0	2
0	0
0	2
0	2
0	2
0	0
0	2
8	4
0	0
0	4
58	33
2	10
6	5
0	2
17	0
0	0
0	0
0	0
0	0
1	0
74	2211
4	971
5	351
0	3
7	1
0	2211
10	2
0	2
0	1
0	1
2556	180
2	176
2	52
181	879
18	879
0	0
9	3
0	0
0	26
26	1446
1	5
1255	1441
4	342
3642	193
96	191
1	0
0	1
0	1
0	1
332	1665
4	1765
0	416
7	1397
19	932
3	1271
2	23
6	18
49	2673
7	2657
0	2850
0	2905
0	2981
34	409
0	3
12	113
3	25
0	1946
3	40
3	172
0	157
2	318
0	308
111	86
0	4478
66	3472
331	3110
0	15
1	212
0	0
0	16
4	16
0	0
0	7
1	0
0	0
0	0
0	0
0	682
454	36
0	36
0	32
1766	458
3	95
0	45
25	2
0	0
0	0
1803	1086
0	1082
2	140
0	0
216	101
47	100
0	0
0	0
0	0
2	75
3	156
0	137
3	0
0	0
10	152
111	152
11	33
2	1
1202	34
3	33
0	0
1	3
0	25
0	22
0	25
1	0
0	27
0	2
0	21
26	36
4	0
270	767
1	350
0	503
7	114
9	539
4	90
0	0
9	14
0	113
3	94
6	54
0	100
0	4
0	8
0	3
0	0
0	0
0	0
0	0
10	0
0	271
284	5425
20	2776
5	170
0	4081
4	1856
0	436
628	1372
26	462
1	401
0	855
7	0
1103	432
0	11
0	125
0	14
2	59
0	59
0	84
1	71
3	78
2	9
0	0
191	2580
0	10
0	38
6	309
5	2585
420	7014
10	7013
8	35
0	214
0	2464
211	3078
20	2226
0	35
43	26
9	16
126	81
0	0
132	1039
38	1032
19	548
231	634
1	517
13	56
4	90
4	43
16	16
3	0
0	23
99	1888
0	154
63	1889
1027	924
24	411
7	471
7956	337
3	329
5	306
24	317
3	12
0	0
0	0
4	6
7	4
0	6
4782	2
1403	3
4354	2
3	370
13	392
56	362
0	418
0	375
23	12
0	0
262	0
242	554
2	0
25	554
3	0
0	6
9	130
1	88
8	34
1895	323
3	232
0	248
6	30
0	244
14	177
1	147
2	18
0	24
0	1
36	1590
55	2433
76	1345
22	55
2	1158
0	0
0	0
0	0
0	0
0	0
0	0
0	0
1994	1556
15	1551
36	128
0	0
0	0
0	0
0	23
0	2
2	378
0	15
0	13
0	25
0	27
0	1
0	141
0	377
1	0
1451	1
0	0
0	0
0	0
0	0
8	0
702	347
6	345
2	2
0	159
2	18
14	124
27	145
10	37
25	31
0	145
0	0
14	1797
0	34
2	0
11	1069
73	473
8	1038
0	794
2	1847
0	1832
8	1802
0	1836
2	772
7724	1478
1	761
67	768
31	852
19	0
0	0
0	0
0	288
0	288
78	288
0	27
94	719
0	635
0	86
2	68
0	0
0	0
735	365
11	155
173	1200
0	677
22	226
1	191
4	13
0	122
0	31
1138	230
0	104
0	125
3	0
1137	313
1	32
0	65
0	214
0	109
14	333
11	46
0	338
33	344
6	39
0	19
0	210
0	0
0	49
0	0
22	251
0	187
0	180
3	67
0	6
0	18
0	99
3	0
0	253
317	1265
1	1175
0	92
5	98
2	71
365	1497
1	455
2	818
13	622
14	209
12	950
24	950
0	26
0	0
0	21
1	88
2	586
3	0
1326	463
2	241
3	222
12	146
799	493
0	162
9	1
14	343
0	13
15	133
0	6
0	46
0	54
6	66
1	156
11	165
8	168
1	14
28	714
161	715
0	13
0	0
406	205
0	109
3	205
12	0
0	787
0	1078
79	1147
0	651
1	892
0	520
0	344
0	1
0	39
0	0
0	0
0	0
1	0
0	163
5	229
1	63
1	265
0	12
0	55
0	162
24	116
0	13
10	2
0	109
11	20
0	37
1	19
0	44
0	24
40	8966
0	8728
0	8602
77	8544
0	11619
0	7659
44	9360
0	4185
0	5257
0	2236
0	646
11	1323
1	2339
3	1952
6	1383
2	693
17	865
0	725
2	456
7	584
0	8684
100	215
31	247
1	94
3	88
2578	1
1073	0
2	425
82	2326
0	175
26	1821
1	1456
1	1953
0	1187
0	143
34	1120
1	110
2	28
17	120
7	0
47	32
1	32
0	0
0	0
0	0
6	1832
143	2457
0	1
3	636
16	624
8	19
84	0
84	4237
3	3377
0	916
12	3982
607	1130
14	0
23	327
0	3377
0	358
1282	358
38	135
42	59
2	55
0	4
0	5
0	0
442	121
0	122
0	92
0	29
6	15
0	0
0	1
0	15
707	635
3	634
0	135
0	31
9	0
14	321
0	255
0	136
1	0
3	121
0	4
1	33
4	15
0	0
0	0
0	0
0	0
0	0
1	0
102	127
0	8
0	19
1	118
0	4
2	5
0	0
10	123
0	752
1	323
1	58
0	767
0	561
12	321
0	0
145	222
1	137
0	85
2506	1
1345	1
1	66
0	2
127	73
0	64
0	64
1	58
2	40
0	29
8	1585
0	1051
0	1362
8	337
0	427
0	750
0	969
0	147
0	165
0	337
1	91
0	90
2	41
1	31
1	22
58	3
138	0
6	1068
13	388
9	1269
0	1801
76	2469
9	1
1	1
0	0
0	0
0	4
0	4
0	4
0	3
0	9
0	5
0	0
0	6
1761	89
54	88
586	476
7	0
8	2
1	34
0	0
407	315
3	372
0	504
1	221
90	243
0	2
0	0
2	41
0	32
0	44
0	0
0	1
0	3
0	37
0	0
0	0
0	0
0	0
0	0
35	19
0	19
381	3269
2812	3290
167	21
6	3
4	1134
2	1184
0	58
2	145
0	16
4	98
0	10
0	0
0	0
0	0
19	6251
105	5768
0	6200
2	1945
0	2436
3	590
1	496
3	16
0	11
1792	717
3	102
23	396
892	1279
59	1230
0	44
0	72
2	162
0	0
10894	449
13	443
37	2361
0	234
0	359
22	2321
62	1154
15	205
7	168
0	99
3	42
52	0
7	162
62	162
0	0
3380	110
4	44
6	62
38	20
0	125
0	111
0	1
0	3
0	9
0	104
0	1
0	147
0	4
0	0
0	96
3	3
2	82
4	8
0	0
0	0
0	0
0	0
0	0
131	2057
3	0
482	2703
6	652
8	1601
1	1024
0	6
59	55
3	0
0	1418
3	10
13	88
4	111
7	168
6	324
1	0
11	1411
0	4134
57	4131
17	725
0	3761
0	4131
506	273
0	148
5	258
0	0
4	4
6	9
0	0
0	0
0	0
0	0
850	867
0	865
1	36
13	45
54	13358
0	1113
0	1058
3	978
0	1602
37	1598
16	70
5	36
102	13068
0	328
0	319
2	14
9	187
0	0
1	85
0	65
1	2
67	30
0	10
1010	1782
3	18
6	1363
0	1
2	37
0	417
0	0
137	107
0	106
0	20
0	0
6	35
1	30
0	2
0	0
0	6
0	54
14	54
2	20
0	609
4	1579
6	0
1	20
39	1645
10	92
15	555
11	667
63	590
34	2
1067	167
0	147
0	1
0	19
22	41
0	27
11	41
114	0
0	0
0	211
0	211
3	187
6	900
0	689
0	718
0	314
0	352
0	391
0	90
0	43
2	65
0	34
1	12
0	8
237	405
9	237
0	76
2	227
46	141
0	64
70	167
137	1824
16	903
11	4
90	1070
1	93
1	76
4	1647
28	1362
4	0
1379	209
0	208
0	40
256	460
0	427
0	64
0	26
2	129
0	76
0	17
1	3
0	0
0	0
439	0
10	0
0	0
0	0
0	0
0	0
8	76
68	293
42	278
1	7
0	224
5	0
0	0
467	513
20	360
12	153
520	74
0	1
0	73
0	0
0	0
0	0
0	0
0	0
0	0
0	0
0	0
8523	2910
6	1501
6	1404
0	48
0	81
3	52
3	94
0	0
0	6
0	8
1	5
0	863
161	863
0	89
10	118
0	3
4	118
2	3
8	48
0	131
0	198
0	120
0	116
0	6
0	5
0	13
0	147
8	553
5	546
1	453
0	10
0	0
0	17
7	4
1572	2139
1	1101
0	1714
4	1138
98	1838
0	913
0	1249
102	703
4	20
200	20
227	614
4	30
25	614
0	0
39	8
1	1
1	4
0	4
1	382
0	8
16	7
0	383
104	411
12	46
0	30
4	152
52	393
1	380
5	173
6	334
1	149
0	8
20	2
1	2
0	397
0	10010
506	9936
1758	10785
18	10707
437	47
5	21
1	28
3	181
0	178
1	172
1	157
2	133
566	0
0	12
0	31
8	31
26	120
232	684
4	452
0	577
363	736
8	736
0	13
0	120
0	3406
0	3191
117	3406
4	1056
0	104
0	284
9	0
5	563
0	156
0	389
0	2
700	190
3	38
1	151
1	1
5	46
2	7
0	5
0	2
0	3
0	1
0	2
0	2
1910	368
0	0
2	365
0	9
0	19
0	15
0	4
0	7
0	5
7	519
27	142
2	141
0	510
0	374
30	369
6	406
0	406
0	352
20	201
0	16
8	187
1	0
0	49
0	46
0	20
0	20
0	6
0	0
0	0
159	97
0	97
0	0
0	0
273	4227
2	4071
10	4134
0	3440
3	70
5	203
0	687
657	360
27	360
54	349
0	348
0	62
7	49
1	34
0	31
0	8
0	7
0	0
5	52
42	88
8	91
0	64
0	0
1570	343
0	331
41	66
4	66
1496	350
0	0
0	38
0	28
3	23
2	16
0	0
0	0
0	4
0	10
56	2383
1	2003
0	166
6	234
0	0
0	715
3	78
27	150
13	150
0	0
0	0
0	0
0	0
1264	149
25	2
5	146
4	3351
42	3051
5	1205
1	89
0	46
1	49
2	20
0	6
0	3351
243	0
0	0
5	21
0	0
2	21
1	1
5	80
0	1837
0	1838
429	1
193	586
3	566
0	601
16	616
1	0
0	0
15	32
0	32
191	1234
6	22
0	795
0	323
4	211
542	305
0	91
7	203
3	144
1	0
0	0
3	1
6527	1647
4	208
9	0
0	1436
122	390
24	10
411	1391
5	889
15	76
0	101
0	731
0	0
0	0
0	0
0	0
0	231
4	193
0	212
2	1
0	136
1	13
0	12
0	12
315	135
8	12
1	123
0	123
108	1757
20	1365
4	341
77	1853
14	1383
6	85
1	0
7	519
25	506
0	372
0	6
5	6
0	4
105	1635
0	624
0	610
0	1027
0	118
12	543
0	3338
0	3184
0	3152
50	3169
2	2898
3	3117
0	2874
17	2643
9	107
9	107
0	97
2	292
0	3304
5	889
1	595
22	239
1	889
0	884
2	0
0	0
1447	553
0	146
0	30
0	24
6	259
7	305
0	255
3	1061
7	994
0	138
1	601
26	473
22	22
9	88
0	670
0	77
18	19
296	0
1	0
95	2964
331	2965
8	62
41	29
5	1
2	23
9	23
211	37
1	36
0	8
0	8
0	0
0	0
3	25
0	25
0	2
138	68
0	5
8	68
0	11
0	4
3	1
36	1
0	1
0	10
11	10
124	14063
565	14064
30	10081
0	910
3	832
5	836
0	1005
0	152
8	20
2	173
3	168
2	189
6	10
0	8
0	0
0	0
0	0
0	2399
0	2625
4	1762
53	1846
0	47
11	322
1	152
0	135
0	122
0	99
137	512
2	35
3	0
8	289
0	389
1	253
0	2
1	0
0	0
0	1
0	1
0	1
0	0
0	0
5	105
0	87
0	137
0	0
0	0
0	0
0	3565
8	3980
20	700
0	295
1	1768
0	1396
1	113
3	60
4	87
0	203
0	1084
0	663
4	940
0	990
0	946
0	162
1	1
0	11
1	36
0	5
0	32
123	1514
266	1312
0	436
99	1507
2512	150
1	147
0	0
1	156
0	0
0	0
0	2
0	154
0	0
0	154
1	0
2	1181
4	173
0	453
10	643
9	1176
0	38
0	368
5	251
0	155
1	6
0	239
9	1271
5	357
43	327
0	31
797	1326
0	222
0	1326
11	33
1	0
0	163
3	131
0	98
9	28
6	136
0	0
0	0
0	0
0	0
137	2462
0	1675
1	767
11	752
2	606
43	258
9	247
1	0
14	11
171	45
3	36
1	8
188	41
5	7
0	2
0	180
1	167
1	172
2	2
655	0
0	2
3	3
0	891
0	920
0	789
0	830
7	197
13	655
0	835
0	810
0	26
6	41
0	64
10	4
0	69
0	213
3	69
8	2
5	33
8	36
0	34
16	240
3	249
5065	2225
5	2029
5	163
39	75
0	4
0	4
1	74
0	0
1	2
0	0
9	1
1	0
0	0
115	0
67	252
0	230
3	250
0	146
0	0
2	0
0	72
39	531
6	521
19	531
0	6
468	0
4	112
72	278
22	136
4	101
0	0
0	0
0	0
0	0
0	0
1	1160
0	1261
0	1024
0	917
5	140
80	786
79	2
17	715
39	44
0	0
88	186
2	52
7	19
0	149
0	89
0	1319
0	1305
0	459
0	111
3	461
5	91
0	5
0	502
5	0
61	51
0	1
1	67
7	35
0	25
0	20
0	31
0	20
817	870
0	0
5	870
10	1
0	0
33	776
118	776
68	32
1	1
0	0
0	31
0	0
23	49
2	11
1092	75
6	0
0	15
689	1
240	1
0	0
2	34
48	22
4	34
1107	2
271	92
0	91
120	21
3	21
432	799
770	282
5	76
0	123
2	30
1	55
9	89
7	15
0	0
0	12
35	525
5	532
0	0
0	14
0	35
0	6
39	1791
2	156
0	333
8	726
1	914
0	567
20	97
4	248
0	0
1487	109
0	23
0	48
0	56
0	2
0	0
1	400
0	318
0	258
3	8
0	6
2	376
471	259
1	86
1	0
25	174
0	22
4775	26
59	1565
66	1565
0	1295
0	1515
0	111
0	0
11	137
0	0
4	0
183	401
2	0
3	294
0	0
0	358
0	0
0	26
3	1
95	1757
15	1506
2	765
7	104
1	6
63	41
0	25
0	0
0	16
7	0
0	0
37	351
0	346
1	291
0	2
0	19
7	29
533	317
39	406
6	144
8	127
2	3
0	3
1	0
1	0
8	0
31	19
11	8
0	14
0	24
1703	1068
6	856
0	589
2	54
3	126
2	147
0	76
10	1
0	1
4	1020
502	1098
2	175
2	25
90	110
9	110
17	56
0	56
0	56
0	56
0	47
0	0
326	1714
1264	1751
1	1220
0	1223
0	1207
0	1241
0	1210
0	1209
0	1380
0	9519
0	9
29	91
0	6362
5	17
2	1303
0	74
0	45
0	9331
0	2
0	2
18	6
0	0
5	608
7	578
0	18
2	41
0	13
0	74
0	71
0	0
1	122
2	593
0	243
2	4
7	0
5	8
0	128
0	10
0	53
2	395
0	562
2	0
0	0
0	0
5	44
69	532
2	490
2	473
841	474
707	259
2	222
0	3
3	217
0	31
0	0
0	0
0	0
0	0
0	0
0	0
0	0
0	0
1	1
0	0
2614	5
58	339
59	642
6	1709
0	18
1	635
0	5
1	1424
7	31
0	429
14	1452
2	74
9	786
0	162
2	129
5	266
0	777
0	0
0	0
0	1
0	2
0	1
951	93
10	21
1	72
3	0
80	1380
0	1380
0	1349
0	35
0	108
0	89
0	58
1	23
0	1378
12048	1183
16	1178
0	0
0	2
7	2
0	0
0	0
0	0
0	0
0	0
0	0
0	0
0	0
0	0
0	0
0	0
1	0
18	66
3	66
0	0
0	169
0	253
0	1594
2	1548
10	1491
0	136
0	92
279	10055
0	6580
6	2110
9	68
10	4109
0	6561
14	1030
1	1401
283	51
1	51
0	0
2	27
0	6
0	3
0	1
3225	601
17	596
0	101
55	267
905	1420
0	1010
0	22
5	21
2	179
0	14
0	0
0	0
0	0
0	0
0	0
19	5955
54	4993
160	2296
6	289
148	927
9	188
464	1264
3	5
0	1428
77	5
2	34
0	448
0	369
0	6101
3	430
0	84
1	1191
1	58
0	24
2	396
6	679
11	0
4	87
0	1174
438	2
2	16
54	167
0	0
0	0
0	0
0	6
2	151
432	1389
9	1279
0	179
24	61
0	58
0	29
3	139
2	123
0	127
0	131
0	4
0	15
0	0
0	0
0	0
0	8
0	0
2	183
8	86
0	210
0	330
1	1
93	3554
3	1728
10	3497
0	3765
0	2238
2	2024
0	499
44	533
0	451
1	262
1	91
5	2
0	3
1	81
1194	4
12	5
0	4
0	0
0	0
0	0
0	5
0	0
0	2
0	3
0	2
0	2
0	1
0	6
0	6
0	30
7	34
0	0
3150	3
610	1708
1	50
19	1572
1	1760
0	0
3	74
0	0
8	818
0	0
0	0
0	0
0	0
0	0
0	0
0	0
0	0
0	0
0	0
0	0
0	965
0	569
53	957
0	41
0	609
0	23
0	122
17	101
0	6
0	0
1	2
2	5
1	0
207	9752
0	5235
27	16276
557	12318
52	1274
0	7
117	0
4	117
0	120
0	194
14	2405
239	3482
25	3448
117	31
9	98
17	886
0	1105
51	1033
0	952
11	29
0	178
0	2
0	13
0	0
3	82
1	12
0	8
6	31
0	4
1	694
0	103
6	631
0	627
3	2
0	3
0	20
0	694
2	10
3	272
4	904
1	671
1	684
1	563
0	858
0	827
4	109
2	38
13	50
22	66
0	18
441	30
0	2
0	10
6	0
0	37
0	55
8	113
0	30
0	0
0	0
0	13
0	131
0	54
0	12
0	4
0	0
0	0
0	0
0	0
6	54
3	43
892	323
0	0
5	279
4912	6
7	27
0	27
58	385
39	385
0	314
1	0
0	0
0	0
1	0
4	382
12	344
0	312
6	92
1	2
0	242
0	20
0	59
2	87
1	12
0	100
124	1575
401	1718
5	1327
0	127
1	166
0	20
2	12
18	1
0	3
0	1056
5	45
1	42
2	31
0	320
4	12
3	720
0	263
0	733
8	215
0	80
0	82
0	257
1	1171
0	0
4310	7584
35	4857
0	6514
31	871
27	782
62	540
3332	1472
150	768
0	1191
3	315
1	0
699	243
27	155
1	168
0	17
16	141
0	138
0	140
15	118
0	83
67	246
0	231
0	120
35	9
0	864
717	872
0	659
0	675
0	108
0	540
0	930
0	471
0	398
0	694
7	488
0	53
0	448
0	567
18	0
23	10
0	658
1	33
0	34
17	2
0	177
0	158
0	42
337	712
1	290
0	130
0	15
0	192
0	129
3	245
1	86
176	367
0	367
6	56
2	2
14	6
2	1
0	0
1	200
1447	237
7	170
4	170
0	86
0	0
0	1
0	0
0	0
0	0
0	0
0	0
176	145
3	145
52	354
18	354
0	37
386	744
43	1576
0	1344
0	58
1	36
9	0
1139	184
0	183
0	77
0	0
67	0
0	0
0	0
0	0
0	0
0	0
3	0
23	11
0	0
0	0
0	0
3	11
0	0
5	1
10	9
0	8
175	622
1	594
3	85
1	15
14643	33039
18	6759
5	7805
9	18728
26	5545
0	17645
3	14849
15	13466
426	1558
3	1418
3	140
1	485
0	866
812	1241
1	1194
0	983
1	248
100	1080
205	50
1	4
6	1
0	1
150	4439
62	1540
1	4333
17	23
237	2464
39	1
0	910
8	1829
927	1415
0	1
280	1406
12	512
4	1593
647	1460
3	39
49	1177
1	188
2	910
1	213
0	134
0	852
1	59
1	58
7	13
11	55
0	13
21	723
0	664
4	138
18	276
3	247
0	193
4	196
0	201
0	34
0	25
6	2
0	2018
0	1997
0	1627
0	2684
0	2800
0	67
8	2115
2	167
49	2260
0	2938
0	2683
0	2848
0	1723
3	69
15	2021
5	12
1	29
0	2
0	10
1	30
0	40
2	504
0	59
6	21
0	40
3	333
4	58
0	23
0	1
1	479
0	57
0	479
0	13
0	6
1	96
0	462
4	7
0	182
0	85
0	9
10	29
0	502
0	351
594	64
7	64
2170	537
23	181
32	471
0	0
0	0
0	0
0	0
0	0
0	0
394	2
1	0
0	0
0	0
30	1009
7	883
0	840
0	793
342	908
0	723
18	802
10	81
3	652
11	70
13	771
13	0
0	0
12	12
0	83
8	2
1	7
0	15
0	69
0	27
1	0
2	6
2	0
0	719
0	601
0	487
3	548
6	646
5	399
3	494
0	50
9	542
0	7
0	131
10	91
0	399
5	332
1	421
0	174
0	269
433	645
134	610
1	17
15	426
1	159
532	185
1	0
12	182
8	5534
24	1432
0	75
45	727
0	45
16	57
143	5515
0	0
0	0
0	0
0	446
847	729
1	87
2	368
0	1
0	73
1	31
1	44
14	163
3169	791
9	0
127	106
0	836
2	6
35	0
0	0
4106	2113
9	2109
2	3
1	7
124	6979
0	8287
75	812
2	7178
71	138
159	1785
21	1335
6	589
0	51
0	56
0	197
10	8
1	54
0	201
125	0
0	0
0	0
1	0
799	0
316	1
1	101
0	82
0	61
0	19
0	10
0	7
1	13
27	5
5	3
1	0
29	6784
587	6868
45	353
2	0
16	930
1	134
1066	730
2	231
0	152
44	287
4	2
0	12
17	162
0	28
2	3
0	3
1	45
0	3
115	505
49	518
0	34
6	37
0	64
2380	856
236	853
44	651
0	222
1622	849
0	808
0	399
2	398
0	437
18	174
0	0
2	66
0	29
0	39
0	21
1077	185
12	182
2	96
0	1
1	4
2	35
0	102
26	84
0	63
0	66
2	75
6	71
1	3
0	3
0	11
0	16
10	1
1	0
2	195
55	1868
0	27
1	488
23	33
47	615
0	1814
0	1873
1199	0
74	66
6	66
4	38
62	3663
5	3419
364	3426
2	2575
2	2484
9	187
17	3
4	313
11	250
306	98
2	7
1	1
2	65
2	0
40	53
59	53
0	0
15015	9473
114	9463
11	9404
25	479
0	2903
0	1358
2	70
0	71
0	8
0	17
0	18
0	22
0	0
0	0
0	0
37	463
10	848
0	845
0	18
9	2
0	2
0	4
0	846
114	6
0	6
1	2
0	1
0	40
0	40
0	17
0	2
0	18
12	137
0	150
9	62
0	6
0	0
0	79
37	1
0	1
0	0
0	0
0	1
0	0
4	6
0	0
0	0
0	6
1	0
0	0
0	0
0	9
619	48
8	42
0	1
0	4
0	0
25	321
5	302
1	48
2	103
0	111
5	0
2	50
0	20
0	6
2	11
1417	118
0	115
1	22
8	25
0	25
2	0
4	0
4	152
187	152
0	27
1	78
2	17
0	70
0	4
998	46
9	43
0	2
306	0
243	8322
245	8131
1	230
2	642
2	492
4	106
16	107
0	0
1	107
4	3
0	0
0	0
19	0
2122	759
227	567
0	204
0	13
7	276
4	439
18	325
32	325
0	0
0	293
767	352
11	0
0	20
0	41
4	0
6	0
1	0
0	1
1	0
2	0
3	14
7	2771
11	0
2	0
3	339
0	2740
0	1535
0	312
0	8
0	366
0	57
1	75
3	317
0	149
0	187
0	108
0	1339
0	1212
0	362
19	1317
0	103
3	452
0	1189
0	98
0	166
1	89
0	91
0	1
0	231
1	29
1	16
0	190
0	174
0	131
0	110
0	127
4	119
0	34
2	1
0	62
172	408
1	310
0	98
456	807
0	556
1	256
181	2
0	0
211	140
0	538
0	102
292	541
190	444
4	425
6	26
0	29
21	149
4	0
0	35
0	38
6	8
0	0
0	0
3	0
0	0
9	435
0	398
0	85
0	96
0	79
0	31
33	1
0	102
18	29
5	75
5	70
0	70
1	1
3	11
159	0
0	0
1	522
8	1199
78	1073
2	152
2	98
0	503
0	274
0	443
3	136
12	26
0	0
0	0
1	39
48	187
0	169
0	24
17	9
0	0
253	3606
400	3506
34	3606
6	3603
0	1888
0	0
26	0
1230	844
9	233
1	744
15	583
2	573
0	115
0	0
0	483
0	0
2	397
477	1091
9	2
255	1150
8	92
11	972
0	3
0	588
10	231
1	151
0	160
0	547
9	524
0	100
1	67
0	29
2187	74
0	32
0	63
0	10
790	615
0	342
3	279
3	54
0	263
2	15
4	1
10	506
22	543
9	344
0	5
0	14
15	0
15	4
2	3
0	0
0	0
0	0
0	0
0	16
72	73
2	26
0	62
0	23
0	2256
4	1969
0	16
0	60
5	128
65	2009
18	2009
0	0
5	121
2	1289
0	7
1	120
0	1
4	3
26	0
28	1
73	55
0	163
0	16
0	525
0	0
0	2184
12	446
0	596
0	518
0	648
1	578
8	306
0	32
0	33
1605	2518
6	1983
1	2301
92	1168
0	546
0	7
0	2
1	0
2	5
0	0
0	4
0	0
2034	45
8	38
72	1580
1	490
62	485
0	2
0	264
0	271
0	323
0	167
1	210
7	287
3	62
0	32
0	50
0	0
0	69
2	54
0	1
0	1
0	264
0	212
13	17
0	5
0	6
0	7
0	14
0	5
0	5
0	2
0	0
0	0
0	0
6	333
0	104
0	25
0	300
1	25
0	10
0	131
0	40
0	12
3	13
0	13
0	0
0	1
0	0
0	0
0	0
43	427
3	427
4	696
0	43
0	18
0	15
6	14
2	0
0	13
0	169
0	5
0	538
23	4457
0	2066
0	900
47	3621
1	1096
0	1542
2	1341
0	1
0	4
2	669
0	4450
3	377
59	229
0	147
9	192
0	119
2	1
19	10
11	0
3	0
11	1404
16	1067
20	837
3	78
4	149
143	246
0	0
16	0
92	82
10	1325
27	5015
3	11
4	626
0	430
0	766
4	364
0	5212
0	722
3	161
1	5287
165	60
0	60
11	3
0	0
0	0
0	0
0	0
0	0
1344	0
596	26
3	0
1	25
164	0
14	0
0	670
22	411
5	53
2	35
0	4
0	55
0	63
0	7
0	670
74	1218
251	1261
4	234
67	373
3	246
40	25
0	25
7	25
4021	3167
45	739
12	463
36	2426
1	83
0	544
2	165
0	545
51	552
8	181
3	391
38	670
1	61
0	272
0	272
0	65
0	282
0	0
0	0
0	0
145	4
0	3
1353	377
12	376
166	32
29	34
12	34
0	0
0	0
2	1251
1	322
4	252
0	1251
0	24
3	18
1	18
5	22
3	5
5	1
0	0
0	0
0	0
0	0
0	1
2	1
709	584
0	454
0	522
0	90
10	55
633	3318
0	3156
0	772
7	991
0	1085
0	1079
0	1067
0	59
0	360
0	173
13	0
0	0
44	1396
0	5
18	1396
19	0
0	0
0	0
0	0
0	0
0	0
0	0
0	0
0	0
0	0
33	882
4	447
0	757
0	3
0	861
8	407
198	442
1	415
230	3000
7	3394
4	3275
4	26
1	225
2	325
0	0
2	74
0	0
488	893
1	873
0	147
6	893
1	63
0	22
0	68
0	33
0	21
0	1
45	677
143	657
0	243
1773	1312
1	1297
4	12
146	8999
339	8999
0	46
66	24
1	44
5	62
0	19
0	19
0	19
0	2394
0	2994
0	4110
19	7704
1268	8291
7	587
6	2999
35	72
0	72
0	72
0	72
0	31
17	4
145	121
0	54
0	119
9	54
1	11318
28	10180
26	3013
3	1792
13	474
0	418
8	474
304	418
0	0
10	334
43	334
0	38
0	13
0	0
0	0
2	12
0	12
7	0
27	0
40311	41010
24	39871
0	2977
0	1
0	0
0	1
0	0
0	1
0	1
0	1
29	110
7	60
2	63
282	1243
5	1261
4	28
12	0
6	381
5	457
0	412
5	26
0	0
1	1
0	1
161	3607
0	3038
274	678
89	291
0	1
8	169
343	0
437	84
0	6
3	0
0	0
0	0
4	0
0	78
231	892
0	65
0	749
7	16
0	65
0	2
0	2
0	2
0	2
0	0
0	0
0	0
0	0
163	0
0	334
0	334
4	11
0	12
0	4
1	25
0	40
0	19
0	19
1	2
0	4
0	25
0	361
0	340
0	1
1	1
0	1
0	0
0	0
0	0
155	2239
0	2203
7	201
2	1603
0	113
124	905
104	905
10	543
230	69
1	3
1	66
10	1258
2	178
106	1311
1696	1819
5	1298
0	376
1	34
24	476
0	17
1	0
3	0
50	50
732	112
0	48
0	38
5	3
3	61
352	138
0	138
0	104
6	62
84	138
0	5
3	1
1	6
0	58
0	20
1369	1530
14	1516
5	12
0	644
0	14
49	1043
12	947
0	758
106	0
0	0
6	273
404	273
0	47
4	25
0	0
3	383
15	1848
24	367
1	1677
4	1772
11	1451
0	0
3	138
5	1139
1	105
0	94
0	97
5	674
0	141
1	205
0	0
0	0
0	0
663	1582
0	1580
0	326
0	13
0	876
0	24
2	3
12	15
3	67
3	752
0	369
4	882
0	1
0	1
748	0
150	154
0	154
0	0
0	0
0	0
1065	205
1	0
9	170
0	35
17	135
0	738
8	141
16	573
1	631
14	13
0	737
3	34
0	26
0	0
0	0
0	22
410	0
0	0
0	0
0	0
0	0
0	4
0	4
0	1
54	699
19	699
0	5
1	203
0	14
2	58
3	1
5	369
27	388
0	154
12	30
1403	2350
0	4
1	2214
0	130
15	248
28	82
0	145
1	131
0	0
10	0
0	3
0	3
0	0
37	0
99	0
0	0
0	0
0	0
5	26
0	119
44	203
78	120
0	93
2	1
35	1768
1	1597
0	0
0	153
4	82
1	42
1	72
1	38
3	465
28	113
3	78
0	46
0	4
1	287
0	0
0	0
0	0
0	0
0	0
88	2057
13	1936
2	2113
1	19
2	2088
0	110
1	81
3	806
27	805
0	875
15	866
13	667
0	22
1	64
0	0
0	0
0	0
0	0
6	1194
8500	1204
614	905
0	1173
24	816
0	1377
0	1283
43	1239
0	848
0	1459
18	986
0	15
257	653
6	544
4	334
31	172
3	128
8	6
108	11088
3	3
401	13164
6	10577
0	12267
4	513
0	0
0	89
0	594
478	594
0	0
0	0
0	0
155	31
0	0
0	2
1	15
0	23
0	0
0	31
0	0
0	0
0	0
0	0
0	0
0	283
15	319
16	356
3	240
1	366
0	126
1715	378
159	1274
138	815
34	1144
3	45
5	518
6	614
2	479
22	468
0	4
22	49
1	30
1	37
0	0
0	28
0	16
12	28
62	50
5	45
1	50
1	0
34	83
4	95
0	15
3	142
22	204
5	0
0	86
18	28
1894	2
0	0
0	5
0	0
2	144
2	7
57	142
4	276
0	5170
0	5080
0	4561
0	2
1	23
24	5
0	3515
0	3592
4	5047
10	480
1	0
0	4835
0	5178
43	4261
0	4321
0	3887
3	4355
21	0
0	3802
25	4641
804	1032
269	987
18	903
1	1
19	13
75	0
165	0
103	423
6	182
8	85
0	206
11	6
29	2
4	2
1	0
0	72
0	46
0	85
664	809
0	808
1	377
51	1714
1329	1714
2	0
1	249
1	72
0	116
0	16
1	128
4	49
1417	429
0	249
0	44
1	0
0	0
0	0
0	0
20	247
38	617
5	160
6	81
21	322
0	15
0	0
1	38
0	1
0	597
29	417
35	343
1	23
0	97
606	152
0	152
721	375
0	374
0	0
0	0
0	0
0	0
12	2312
41	2046
6	2194
1	1055
34	955
0	246
1	14
0	104
45	327
2	10
4	269
0	190
0	1
3	16
211	208
579	251
1	157
6	29
0	60
2	700
6	725
67	0
1	6
1	333
0	470
0	18
0	8
0	0
4	12
0	12
3	12
0	0
0	0
0	0
0	0
0	0
0	0
0	0
12	0
9	0
0	0
0	0
0	0
0	0
0	0
0	0
268	1376
16	1350
14	463
5	3
5	4
339	4
1	0
0	0
0	0
0	0
52	392
1	392
4	52
0	57
6	0
0	0
0	0
0	0
0	0
0	0
0	0
307	110
4	110
0	472
56	491
6	172
10	21
176	571
0	345
34	557
0	221
12	0
23	161
0	212
3	3082
581	3195
0	1868
0	32
3	26
0	3197
37	0
0	38
0	37
0	38
0	18
30	528
0	275
26	438
6	263
12	57
0	0
10	7
30	43
1	15
0	24
0	11
3	11
163	474
18	497
1	33
0	1
21	209
8	5
0	178
1363	4990
0	1203
0	4127
189	4102
0	54
10	934
3	43
133	320
15	320
1	0
3	2
0	8
2	0
0	1
0	1
5450	12527
20	12273
0	12392
0	11928
0	11830
0	561
7	11108
0	1014
0	358
0	768
2	1167
147	1165
0	199
0	39
1	302
0	126
12	8
1629	0
40	18
2	18
3	97
1	362
0	14
1	0
1	15
0	251
0	225
2	213
0	26
1	26
0	0
0	0
0	4
1	4
0	0
0	0
0	1
11	21
5	16
0	16
0	1
0	0
0	0
0	1
0	0
0	1
20	13
1	6
0	13
0	1
115	503
0	414
0	21
1	34
1	0
2	151
5	0
228	269
3	224
10	4
2	41
2	1518
248	3997
3	0
1	128
12	3768
50	250
0	0
0	0
0	0
0	10
0	7
0	5
1	3
0	0
0	0
0	0
1	0
0	2218
51	3443
227	3443
58	284
45	407
14	48
3	33
0	0
1	582
31	2503
53	2080
32	1929
0	1091
6	1061
7	924
0	1076
25	1
0	14
11	13
0	14
2	13
0	14
167	11
0	0
0	0
50	1470
14205	2289
2	141
6	802
305	29
0	11
0	18
0	0
0	0
794	2255
0	1096
1	91
0	1051
0	3
0	493
0	20
0	0
0	932
0	2219
92	153
0	84
1	153
0	52
0	0
0	0
0	0
0	0
0	0
0	0
164	272
16	224
1	15
0	9
0	23
0	21
0	3
0	0
5	869
6	784
1	773
0	798
0	220
0	579
0	89
45	607
3	33
0	79
2	0
0	9
0	91
0	48
2	64
1	5
2	4
12	0
1	994
27	809
0	888
18	891
1	163
28	361
0	286
3	511
1	392
0	27
0	1
4	27
5	2
0	994
11	415
0	187
15	446
0	0
4	117
3	0
0	474
47	30
0	0
0	2
0	6
0	9
0	2
0	13
0	3
0	3
0	0
0	0
0	0
29	7140
0	112
8	6325
76	4691
10	853
19	2095
4	1
0	0
565	21
1	4
0	17
218	119
1	89
1	60
5	28
0	1
0	0
0	0
1566	1380
10	456
1	281
0	45
0	66
2	220
0	274
0	698
0	77
91	1
0	1
0	0
0	48
18	49
0	23
0	3
2	180
0	89
0	2
0	34
0	0
3	37
0	59
0	0
2	1
0	1
0	0
7	76
0	102
0	0
4	104
2028	185
50	89
7	96
0	4
0	4
0	0
0	0
408	176
12	176
18	22
1	19
54	483
36	493
85	4
4	0
17	15
0	490
2	85
42	28
0	2
12	335
4	479
43	24
0	23
0	14
0	10
0	1
4	634
183	690
2	289
0	2
607	0
0	201
22	564
407	987
1	745
1	617
0	0
0	0
0	0
0	0
0	10
201	44
1	0
0	2
0	3
0	2
0	1
0	0
0	2
0	3
7	62
0	3
5	62
0	0
0	0
0	0
0	0
0	0
0	0
0	0
0	1
0	10
0	0
0	9
0	2
0	2
0	0
0	5
0	0
0	9
0	871
4	89
0	838
11	845
0	874
0	25
0	5
0	77
13	147
2	61
2	38
0	120
6	321
5	301
28	290
0	1
0	0
0	9
0	2
0	54
0	21
0	13
175	1844
363	2438
134	2556
182	2427
55	17
0	112
115	129
0	61
0	94
0	0
0	8
0	0
0	0
0	0
297	443
2	427
2	301
2	1
0	1
0	320
123	522
4	127
7	165
2	27
0	19
2	33
9	17
0	15
0	12
0	103
0	0
9	19
1	95
0	0
0	0
0	25
4	61
0	452
33	463
0	300
8	196
0	4
236	116
2	0
240	859
1	929
6	209
8	466
3	4
0	113
6	65
0	0
611	94
11	94
0	10
0	1
2	8
0	2086
2360	914
0	542
0	371
0	5
0	23
0	32
1	0
1	34
2	10
0	27
0	24
0	0
0	0
0	0
0	0
3	0
1	976
3	684
0	980
0	223
0	709
1	89
1	89
9	2587
235	2739
9	498
7	432
0	0
0	0
7	2
0	2
0	0
0	0
0	46
0	42
0	73
2	60
0	37
3	50
0	30
1	15
4	15
0	0
0	0
0	0
57	48
0	15
4	4
7	3
7	17
0	0
0	0
0	0
0	0
1423	74
0	52
0	22
10	9
23	21
4	138
0	409
14	137
0	134
9	80
0	357
8	140
0	358
7	414
6	1
1	0
0	0
0	1
0	0
0	0
10	0
0	0
0	0
0	0
0	0
0	0
0	0
0	22
0	0
0	6
1	127
0	90
1	15
0	19
0	0
2	113
0	0
3	33
0	4
0	4
1	1
0	20
0	3
0	14
0	0
0	0
0	0
0	0
0	0
0	0
0	0
0	0
0	0
0	0
0	0
0	0
0	0
0	0
13571	4175
0	1885
2	1564
4	0
0	112
0	517
21	21
4	1
0	1626
5	634
14	112
14	210
10	185
14	103
0	45
3295	1200
0	12
0	227
0	961
35	16
0	13
1	8
401	1830
0	1830
1	602
2	129
0	173
1	27
9	164
13	30
1	0
0	0
0	1782
40	319
18	577
26	566
725	209
0	142
0	120
30	169
2	30
0	0
0	0
0	0
1095	820
152	819
562	1
627	112
21	119
0	8
0	3
2	4
0	1
0	1
0	3
1	105
0	47
1011	305
1	304
2404	4
566	1
2	0
606	1086
36	182
2	129
8	318
0	12
0	551
0	1
0	821
0	1
0	1
0	0
0	0
1	0
0	0
0	0
1	0
0	0
0	0
0	0
0	0
10	110
0	52
4	681
1	664
0	38
0	43
1	12
2	0
3	669
48	8
1475	483
39	479
0	63
562	2000
15	2139
0	572
0	669
3	4
2	15
0	31
0	23
0	29
0	23
3	11
84	114
409	4630
73	4513
383	884
0	320
4	286
21	370
11	1
0	586
0	73
4	7
3	670
0	1
0	123
0	0
0	141
2134	120
6	57
2	20
1	3
3	9
4	28
0	54
0	0
0	0
0	13
1	12
0	12
0	1
0	0
0	1
0	0
13	4
0	4
15	2840
13	2731
2	549
0	130
0	0
0	0
0	0
0	0
0	0
0	0
29	19
0	6
1	3
1	12
6	54
6	36
0	46
0	7
1	0
0	0
0	8
5	1011
329	1012
0	90
0	58
0	0
0	0
0	0
0	0
31	304
34	327
2	328
1	13
349	2
132	221
15	21
0	200
6	3290
1	2979
3	3292
1	1359
32	3291
585	2979
1	2978
13	0
12193	1561
7	157
0	186
0	11
4	69
2	1358
0	408
0	3
0	408
1892	1732
0	1437
2	1570
14	1
62	376
0	11
27	347
0	27
2	18
0	0
0	105
0	96
4	25
9	33
0	41
0	0
0	0
24	216
43	31
10	20
2	908
0	1638
102	1608
4	29
2	53
5	122
47	83
30	62
2	58
9	198
4	9
0	0
0	0
0	0
77	3012
21	3010
116	2651
42	2438
95	3146
305	723
126	600
1	0
62	0
0	378
0	596
1	6
31	0
0	0
0	1
241	61
0	18
0	10
0	10
1	21
0	24
0	1
0	0
0	0
329	0
226	446
0	1
1	445
0	61
17	151
5	81
0	81
9	0
6	18
2	12
36	20
0	20
0	0
0	0
0	0
0	0
0	0
93	1828
7	10
1	119
0	0
15	348
0	1142
0	0
0	0
0	0
11	241
1	1
11	57
6	0
3	231
0	41
15	73
0	0
0	0
0	0
85	0
0	0
0	0
0	0
0	0
57	0
0	6197
0	6669
15	6760
0	6200
22	7033
0	6561
9	5857
5	80
9	5964
5	95
0	172
46	1011
2	5
0	43
4	72
0	1065
0	556
0	551
0	541
10	5
0	0
2	5
1431	160
5	2
4	160
0	0
154	174
0	85
45	104
16	2615
1	363
0	659
0	385
1	902
0	18
0	2560
719	1727
0	24
1	330
2	23
1	97
22	456
2	137
0	804
0	3
6	7
4	499
2	57
2	122
1	84
0	81
0	499
0	2
0	0
0	0
0	0
2215	523
1	294
0	256
0	541
13	3298
335	202
4	127
1	93
0	6
51	0
145	697
0	1221
14	1190
4	1713
4	1739
0	1066
0	547
107	655
0	1981
0	252
0	252
0	252
1	91
2	18
0	28
870	694
16	52
2	0
3	133
2	47
11	195
0	475
4	2
23	311
0	309
0	11
0	12
0	0
1	22
0	5
5	25
0	15
5345	6011
0	1358
1	5238
0	392
0	125
0	0
0	0
8	0
464	351
0	352
11	129
1	127
10	103
0	0
0	0
1	0
0	0
1	0
0	0
0	0
0	0
0	0
386	0
12	0
0	0
0	0
0	0
0	0
0	4
1	4
0	1
0	0
0	0
4	10
1	3
0	7
0	1
212	771
7	250
8	1
5	108
16	254
21	1
0	0
0	0
0	0
0	0
0	0
0	0
0	0
39	583
6	583
0	200
5	461
0	125
0	461
13	1
0	0
0	1
0	0
0	0
0	0
0	0
0	0
0	0
0	0
0	0
2	6
16	6
46	38
5	38
0	10
0	226
22	273
5	182
151	244
0	29
0	22
7	42
4	11
1	50
27	96
8	36
4	1
14	17
2	29
2187	2
0	0
2868	3
0	355
6	216
509	398
3	396
0	330
0	0
0	0
0	11
0	18
0	18
2	4
0	1
0	4
0	1
0	1
0	0
2240	0
563	276
3	106
16	137
2	142
6	0
0	0
1	2
0	0
0	2
0	0
0	0
0	0
0	0
0	0
0	0
2	306
0	159
0	155
0	146
1	233
1	272
5	0
0	105
0	80
3	73
0	61
0	67
2	63
0	62
0	59
0	3
0	3
0	3
0	3
0	3
0	3
0	3
0	3
0	3
0	3
35	2
10	105
0	91
5	32
2	7
3	115
0	114
0	0
0	0
0	0
0	0
0	72
0	0
0	3
1852	1447
25	1367
0	316
4	212
2	825
45	1363
0	1422
69	1363
0	129
46	0
5	79
4	112
5	0
1	70
0	1996
0	1541
0	808
2778	1140
0	3
0	727
524	1675
0	1511
0	10
1	137
0	162
121	837
4	605
0	785
1	23
1	75
0	71
0	54
6058	272
0	0
0	0
0	0
0	0
0	0
10	252
9	10
2	207
9	215
3	47
0	117
2	58
0	60
2	9
0	2069
3565	2258
0	315
24	1802
0	1094
0	0
341	752
4	387
8	139
16	68
0	26
151	167
2	108
1	270
0	0
0	2
0	2
0	2
0	1
0	576
0	602
6	631
10	193
1	516
0	559
2	616
2	586
0	560
58	618
7	295
0	69
11	124
1	713
0	805
0	698
0	402
0	44
0	0
0	21
0	26
0	23
0	30
0	25
3	0
0	0
0	0
0	1
0	1
1	797
437	402
1	27
6	402
0	68
68	57
0	0
0	0
0	0
495	5920
2	4968
4	27
12	1287
19	648
2	484
6	5958
0	0
0	0
0	0
0	0
194	0
4	0
0	0
1122	718
0	0
15	80
14	638
2	152
9	537
0	0
0	0
11	343
0	1
1	1
2	431
4	165
591	5423
27	5258
604	0
14	199
1555	202
0	26
0	182
10	32
0	58
0	215
6	106
0	206
0	2
0	6
4	106
0	182
0	206
0	217
413	1332
1	63
15	55
3	1341
0	179
3	2
159	282
0	41
0	17
10	1238
0	25
25	610
78	1332
66	129
22	331
21	72
0	0
0	0
0	0
0	9
8	212
57	91
5	33
0	85
2	59
54	248
0	39
7	95
1	94
0	97
593	251
0	34
0	0
0	0
0	0
0	0
0	0
0	0
0	0
0	0
0	0
0	2697
203	1932
128	5456
4	1061
2	3485
0	2212
0	0
15	490
87	3285
22	5491
110	0
0	1
0	1
0	1
78	866
36	676
5	3
0	736
2	178
2	53
1	4
11	827
24	827
17	92
0	7
1	5
1	6
0	1
0	79
1	4
0	5
0	2
3	4
3	40
12	40
7	0
0	0
0	0
124	1121
24	691
23	520
5	144
0	24
0	0
1	9
0	88
3	37
0	126
15	55
0	0
3	0
1	935
15	530
0	300
1	298
0	72
5	100
0	30
0	11
4	75
1	44
0	7
2	2
0	18
0	928
31	7
0	0
0	7
2	19
0	5
0	2
0	14
0	1
0	3
0	8
0	10
0	13
0	0
15	2
0	0
0	2
163	28
7	27
16	1600
7	1592
0	1552
4	1573
7	1550
36	1572
1	1
1	10
4	159
10	12
1298	237
7	235
2	0
4	19
0	1
0	1
0	0
164	3
0	3
0	109
4	116
0	93
1	8
2	6
0	7
0	0
3	0
8	2203
1	116
0	61
0	11
62	2073
0	661
7	1434
0	158
0	19
0	39
11	14
0	512
5	35
0	152
124	3005
102	2758
148	2664
38	62
0	269
2	349
2	116
0	68
2	75
0	20
3	2
279	6
3	4
2846	2
56	2559
159	2559
1388	199
0	124
7	184
0	5
0	1593
0	1336
1	1413
69	1439
0	1188
1	833
13	844
0	1111
6	234
0	902
0	723
1	505
0	630
70	524
0	444
0	397
0	190
0	62
7	303
0	241
2	18
0	1684
117	685
1	0
646	3555
0	3009
35	2931
12	332
7	77
2	11
19	5
17	132
0	5
0	35
0	0
0	44
0	3
0	128
0	134
0	299
1	252
329	1374
1	1351
76	387
30	116
10	86
17	0
2	138
171	131
8	97
0	17
0	1
1586	228
0	218
0	126
1	0
0	3
0	10
0	10
0	10
0	0
168	275
30	290
27	264
8	159
2	59
0	64
3	63
0	0
0	4
4	5
5	1066
4	7
0	26
0	339
1	986
0	907
1	806
27	117
0	117
0	11
10	54
0	90
0	959
1	58
0	283
0	244
1	48
0	57
0	35
0	283
0	254
34	6821
2	292
3	6419
0	6889
24	189
77	39
4	516
3	203
0	6793
0	18
0	506
0	506
0	18
0	27
0	506
0	27
4	506
197	571
2	64
0	313
1	57
0	31
0	0
0	0
0	0
0	14
0	14
0	1
0	14
0	13
195	217
501	225
0	0
25	74
30	74
5	2
0	3
0	640
3	17
0	167
0	112
1	226
3	22
0	0
0	1
0	37
0	640
0	0
1	145
20	166
41	143
4	29
2	15
0	0
2	26
0	35
36	48
1499	48
2	2
778	522
8	391
0	217
0	36
0	105
46	2615
1	96
2	5
0	766
0	2294
1	283
0	914
5	1
4	305
5	0
0	54
7	248
36	3
0	591
367	53
0	12
0	21
1	24
0	2
2	10
5	2553
0	2655
0	30
7	740
5	1
741	572
0	516
1	567
15	69
0	2
0	17
1	154
6	2
0	141
0	131
1	111
0	123
0	123
0	97
1	17
4	16
0	10
0	140
11	0
40	715
0	1743
196	769
1	314
19	289
28	368
234	344
15	1594
0	215
1	263
0	85
6	138
17	2
0	1
0	1
3	1881
0	1992
0	89
0	0
34	70
59	700
1	520
69	503
42	461
0	344
0	111
0	0
23	0
1	0
0	936
10	1021
0	289
0	38
1	71
0	964
0	0
8	90
2	49
3	90
4197	7
0	0
1304	121
7	25
3	2
0	0
8	10
9	83
0	0
0	0
0	0
10	2580
8	2
0	2463
15	1356
4	1318
2	2411
8	2287
0	8
0	7
11	236
0	21
1	381
0	0
0	0
1059	749
0	779
2	320
0	756
5	665
0	674
4	255
0	0
7	0
0	4
120	4
0	0
0	0
0	0
2737	2
0	2
0	2
0	2
0	1
0	2
0	2
1492	433
0	0
1	40
1	83
0	375
9	46
1	5
3010	2402
0	2399
23	2505
95	2558
0	124
2	92
3	2
4	7
0	202
54	77
0	3
3	25
5	86
0	10
272	1811
14	1727
0	231
12	0
33	342
4	269
0	86
49	48
45	2292
0	35
156	2120
8	734
0	800
0	2122
0	2294
1	2309
2	12044
16	9307
5	754
726	10904
4	11925
10	10972
267	11922
46	508
11	720
209	57
3	13
2	45
0	0
388	781
0	344
3	644
250	974
8	844
0	27
2	190
0	39
5	0
7	43
2156	4173
12	4188
144	534
24	3303
0	1
0	0
0	0
0	0
59	0
0	0
0	1
10	0
0	21
1	95
16	33
0	25
50	807
3	119
31	803
4	13
0	18
0	28
0	13
0	17
0	9
0	17
0	4
0	3
141	134
1	49
0	0
0	0
0	0
0	0
134	0
0	0
65	0
0	1872
2	1343
0	1202
0	172
0	0
0	1
0	1
154	10951
2	1306
1	10446
32	2984
2	423
295	10190
3	10064
1	360
3	9212
1	1105
0	7792
14	9119
27	640
0	5812
112	11
3	15
12	391
0	10119
0	1
0	0
0	0
0	1
15	1824
17	1165
13	295
1	101
2	15
480	1858
0	0
0	0
0	1
275	3688
1	588
0	3595
2316	3
0	2
10	2
0	2
8	181
0	76
13	168
0	149
0	98
0	129
0	98
16	2
0	123
0	0
0	0
0	0
0	0
925	142
1	58
0	84
52	996
0	746
0	693
1	695
1	21
6	677
2	611
0	828
0	23
8	705
0	21
0	11
0	20
0	112
0	469
0	2
0	0
0	416
1	63
0	1
0	0
0	0
0	0
0	0
1	749
169	1093
8	828
8	544
3	2
0	3
2	100
34	224
0	82
6	175
1	160
2	0
1120	695
6	601
3	603
0	79
0	538
31	26
175	16
0	2
3	74
1	3267
4307	3696
0	2981
2	2676
0	1214
30	6723
529	6761
2	0
0	5
0	3
0	5
0	0
0	0
0	0
47	215
10	45
1	16
1	4
7	9
1	39
4	160
12	41
1554	2060
14	1044
0	1609
0	1921
6	344
5	17
0	1747
1891	236
0	1
0	1
0	233
0	5
0	3
0	2
0	4
0	2
0	0
0	2
0	0
0	0
0	2
0	1
0	0
15	0
698	1019
33	1027
0	395
0	77
0	39
0	175
9	1
0	253
0	7
0	9
30	598
0	737
4	535
2817	21
0	20
593	0
0	0
305	78
1	51
3	8
10	38
0	0
8	1
2	702
1	1264
0	61
1387	1414
7	49
0	38
2	23
4	3
2	30
0	829
26	49
0	32
0	17
1	2
0	0
2	0
546	277
256	277
0	0
0	0
0	5
0	0
0	5
0	0
0	0
1	0
1	0
67	1258
5	64
0	134
71	1229
45	53
4	37
1	29
0	4
1	23
1170	3075
10	2584
124	2792
2	5
9	0
4	308
15	307
1	30
0	768
3	412
0	774
0	3482
3	2
2	1
9	3542
0	892
1	351
17	328
0	8
76	391
0	351
6	3
3346	1523
29	122
2	0
9	121
33	339
6	338
39	70
0	70
0	14
386	43
13	43
1	0
0	0
0	0
0	0
0	0
0	0
0	0
2	275
0	251
1	205
1	14
45	356
0	41
10	333
17	1606
9	1605
172	1498
0	0
0	0
772	551
1	553
0	58
0	4
14	172
2	10
26	7
1915	2
0	0
242	1
0	4
0	4
0	0
0	0
0	1
12	879
26	899
0	75
1	39
5	48
2	61
33	452
10	2328
1	2302
32	1653
15	34
9	436
0	248
43	59
8	312
0	299
5	83
0	102
1	2246
0	851
1	182
4	13
4	12
1	10
1270	853
459	16
52	35
0	20
5	1
199	1495
2	523
7	40
4	41
0	194
0	122
0	7
0	15
14	1
0	266
0	912
0	308
0	0
0	0
0	0
14046	25232
9	25225
1167	25068
6	166
1353	332
0	162
69	47
0	0
0	0
54	77
5	58
0	2
0	14
0	21
12	799
0	850
0	887
0	834
19	22
2	15
28	366
0	83
0	16
6	6
3	6
0	0
0	0
0	71
0	0
0	0
0	26
0	0
0	6
1	3
0	71
785	155
0	58
1	58
13	13
7	181
0	46
0	70
5	181
1	64
2	44
1	78
0	22
9	17
0	79
0	9
562	1
0	495
0	500
13	463
0	254
0	328
1	68
0	22
3	15
3	255
0	138
1	0
0	0
0	34
229	38
5163	326
2	15
8	236
7	250
165	65
2	117
33	232
9	208
2	6
16	140
19	27
0	109
8	6
0	109
0	43
4	148
0	221
6	1
0	47
0	46
0	26
0	5
1	22
0	43
1	1
672	18
2	17
279	106
3	106
3	0
5	0
0	0
253	788
0	760
0	3
1	48
3	31
16	1363
0	1578
103	1593
1	1392
0	146
2	185
6	356
0	461
1	6
0	0
19	413
49	413
4	9
0	2
5	77
4	59
0	4
0	8
0	7
0	7
0	7
0	1
0	3
0	1
1	0
0	0
0	0
879	330
0	161
0	143
1	10
0	27
0	0
0	0
1	0
0	0
0	0
2	0
0	0
0	0
0	2185
81	2846
0	3009
21	2844
78	4
75	180
0	103
20	818
35	587
0	0
171	0
0	0
1	13
1	13
2	0
0	43
6	8
0	8
0	0
0	0
0	0
3925	1361
0	100
10	252
12	618
3	626
1	0
0	13
2	0
1	154
5	359
0	340
0	132
2	129
1	16
0	0
0	237
3	2
0	2
4	0
8	63
687	122
13	71
0	110
3	90
0	72
0	11
2	3
1	3
0	1
0	1
0	1
0	0
0	0
3	1
0	0
15	145
0	55
1	118
1002	118
907	2043
9	531
10	1569
16	27
1	16
0	993
0	1568
225	1568
7	281
6	0
0	0
0	0
0	0
0	0
0	0
0	0
3	17
1	23
3	13
0	6
7	47
0	47
2	0
0	0
48	326
0	8
0	7
3	19
21	5
0	25
0	11
5	292
23	43
0	2873
35	837
7	3182
17	3167
0	44
1	75
0	7
0	7
0	7
6	272
0	203
170	724
1	179
2	13
0	92
0	71
6	38
46	60
0	5
14	102
1	227
3	7
425	1066
0	17
0	0
1	0
1	93
8	57
3	19
4	0
592	113
19	1461
26	1458
1	3
0	1
0	1
0	193
1	55
0	203
0	62
29	123
8	80
0	10
1	148
0	116
140	327
10	628
117	791
0	942
11	110
0	9
0	10
0	10
9	3
4	3
0	646
0	1011
29	66
1	0
0	61
0	52
1	672
135	590
0	773
726	2
59	2
2024	170
0	0
0	0
0	0
0	0
0	0
0	0
23	1506
14	1384
10	0
123	1433
7	47
2	59
0	708
0	1636
5	1606
0	0
0	0
29	119
12	34
1	553
1073	554
5	0
37	331
38	331
6	1256
0	1272
1	117
3	293
50	323
4	1204
0	61
129	1873
166	2114
0	2190
0	1192
0	23
0	133
2	20
1	3
59	4
0	1
0	126
90	126
0	0
0	0
239	792
8	792
1	1
1	0
0	38
1	44
0	80
0	3
1	798
0	79
0	77
0	11
4	849
0	693
66	854
3	1
0	1
0	1
0	0
6	3420
27	150
0	1909
7	0
15	24
0	3
24	138
38	57
53	522
6	3159
23	325
0	560
0	710
0	445
0	18
839	0
0	5
1	19
5	44
1	32
1	20
0	6
50	76
5	36
0	17
0	3
0	19
1	0
0	1
0	0
2	0
0	0
10	1
0	0
0	1
365	304
250	304
0	0
0	0
0	0
0	0
0	0
0	0
0	1
0	1
139	17
0	0
0	0
0	0
12	189
1879	1337
0	725
2	1225
0	51
4	29
4	0
708	17
2	17
96	3229
51	3193
7	205
0	1
23	195
748	0
10	6
5	6
0	2
0	0
0	0
3	4168
1504	7195
0	1335
17	6349
8	5561
4	38
1	178
50	455
0	526
27	544
12	578
0	96
7	97
0	0
0	5
0	0
0	0
11	0
0	0
0	0
0	0
0	0
1955	2
0	652
1	730
34	655
3	62
0	142
1	88
1	0
0	55
2	8
0	0
0	0
0	0
0	0
0	13
18	13
1	2560
0	2363
5	2041
0	534
3	234
0	234
2	1921
31	123
0	244
44	1398
0	280
14	1
0	3
0	3
0	3
0	0
3	0
19	2
0	2
0	2
0	0
0	0
4591	152
0	144
3	4
598	31
2	31
25	2226
0	2127
1	272
0	652
79	1607
1	370
4	186
4	55
0	298
0	7
0	248
1	872
0	48
0	116
1	177
0	573
0	1
0	2
1	144
4	0
8	884
5	715
70	787
2	310
17	71
0	284
0	225
0	11
0	771
401	162
1210	298
13	119
0	185
65	0
0	6
0	9
0	3
0	2
2	3
0	1
0	0
1	0
2	966
2	1439
99	1464
0	193
0	99
0	511
0	33
21	22
16	92
0	21
260	17
0	16
1	0
29	1892
0	1963
6	1682
1	379
0	2
0	530
0	41
0	643
0	24
0	612
0	116
0	321
0	41
0	380
5	226
292	938
12	178
0	160
1	151
0	0
332	801
28	237
0	6
0	564
16	76
0	600
91	503
0	278
4	13
18	116
1	173
0	4
2	92
4358	1124
6	944
4	824
4	182
3	85
15	56
0	25
0	0
2	0
57	59
0	59
0	13
0	1
0	6
0	0
1	77
0	1
0	5
0	0
0	6
0	5
0	18
0	1517
2	1535
2	1521
0	1551
17	728
1	979
0	807
6	46
3	62
95	290
0	93
1	10
5	103
1	4
1	34
8	13
0	0
1	0
14	160
0	140
1	0
10	126
4	105
4	110
5	23
0	0
0	0
22	583
72	572
9	432
4	16
1	8
0	0
77	221
0	217
9	90
10	35
0	31
0	73
2	23
2	75
0	2
1	18
2	22
0	86
0	1380
52	1656
18	365
33	760
3	11
5	559
30	576
11	122
11	37
1	27
19	1
10	28
8	6
4	123
63	123
2	40
0	0
2672	142
6	138
0	3
3	2707
65	2278
6	1946
22	1901
58	2259
0	17
3	234
0	2254
2	4
0	0
1	4
1447	280
25	276
4	3
1	1
0	10
0	9
0	8
0	0
0	0
0	0
0	41
5	38
0	39
0	46
2	14
0	0
649	757
11	757
0	124
0	0
4	0
16	2330
0	3988
4	576
0	2323
4	1927
12	909
0	312
9	6
0	3926
0	3960
9	3883
0	0
0	1
0	1
0	0
0	0
0	12
0	0
0	2
2	12
0	2
1	1181
4	97
0	911
0	81
0	190
2	248
0	60
155	319
19	20
3	237
0	11
0	0
1	78
1	77
0	63
0	58
0	58
0	13
0	24
5	6
0	65
10	0
147	5
0	5
0	0
0	0
721	343
0	326
3	3
0	3
3	38
0	262
0	248
0	2
0	0
0	0
0	0
0	0
6	38
1	38
1	0
1	5
748	0
4597	84
1	83
0	0
0	0
0	0
0	325
21	693
0	693
0	6
1	56
1	75
4	1
0	66
0	66
7	25
1	0
0	0
0	66
1	0
4	1
0	1
4	245
8	245
0	68
4	119
83	3295
209	3302
0	2786
0	2770
1	3047
21	2902
0	3277
6	282
0	663
0	0
7	325
1	38
0	929
10	431
123	1643
41	880
2	367
6	464
5	350
34	350
0	46
0	57
0	1
718	1127
2	875
0	136
1	146
0	3
13	65
9	245
1	6
0	17
0	13
0	17
0	7
0	9
0	12
0	13
0	11
0	13
0	13
0	13
0	13
0	13
0	7
0	0
341	141
0	141
0	342
0	342
62	342
3	49
1	49
0	1
4	0
0	0
0	2
15	2
90	18
0	14
0	4
5164	3
3	17
0	10
0	13
212	40
0	19
0	0
3	9
1	12
558	417
10	0
4	417
0	1
0	0
0	0
0	1
6	9
0	9
0	0
2	185
0	0
1	539
1	529
0	537
3	227
1	0
3	5
0	0
2	5
3	0
0	233
29	149
0	588
0	19
1	25
0	43
0	132
0	68
0	19
0	536
2	36
4	36
4	2
1	0
11	1
1	31
0	0
2	30
118	44
2421	317
111	317
9	1
2	19
46	19
2	0
306	286
1	286
0	508
0	427
0	199
3	39
0	39
1	37
12	81
0	540
14	1162
2	1096
0	705
0	555
1	437
6	321
5	32
0	22
0	48
0	0
0	0
2	0
0	0
0	42
39	1053
2	48
48	158
0	39
1	157
1	1
0	14
3	1
1	18
44	0
0	5
11	12
16	27
0	1
1	12
0	0
0	15
0	12
0	9
0	0
0	0
10	0
1372	525
4	546
0	0
30	189
25	412
1	70
245	54
4	54
0	1
0	1
0	0
0	0
0	0
230	1016
19	1016
2	2
1	0
0	14
0	14
0	2
0	0
0	0
0	0
843	1013
5	652
2	0
0	362
1	0
17	1
8	177
4	0
1	171
0	2
0	0
0	6
1	97
1	0
0	34
0	23
0	61
1	109
0	55
1	120
0	14
0	2
0	0
0	5
0	0
0	0
0	380
6	58
0	199
0	161
0	19
0	40
3	25
0	165
10	382
1	16
0	69
10	372
128	425
12	190
1	17
4	53
7	32
12	400
0	12
6	20
6	51
0	378
0	0
688	48
0	0
0	0
0	0
0	0
0	0
0	0
2179	1
0	0
0	0
0	0
0	0
0	0
0	0
0	0
811	228
42	66
4	161
7	0
0	60
0	0
0	0
0	0
0	0
0	0
400	1488
0	1488
11	41
1	176
1	173
41	28
26	35
1	3
0	25
0	0
0	18
0	7
0	7
0	2
0	2
0	2
6	9
11	166
0	159
1	96
0	134
0	106
8	0
2	0
0	5
23	74
1	4
751	1469
6	94
0	370
53	1089
1	2
2	310
0	126
0	201
94	460
0	188
8	440
0	24
1	0
0	0
1	0
47	90
0	0
5	90
0	9
0	6
1	0
0	17
386	77
2	65
0	20
0	18
2035	19
3	19
42	1224
0	10
3	151
36	974
5	1085
3	214
0	388
0	232
0	153
0	49
0	15
0	5
0	37
0	231
1063	41588
20	11099
2	29954
0	37380
5847	41107
0	37339
0	39744
1	5455
0	1358
0	21063
1	674
376	146
0	83
0	17
0	21
0	5
0	10
0	3
1	1
0	133
107	0
124	39
2238	1263
8	34
0	707
0	1458
7	0
70	684
1	149
0	46
1	694
17	2266
97	2266
1	223
0	32
8	0
1	84
4	0
0	0
71	1251
0	442
2	1251
5437	2325
14	2154
4	61
1	245
11	2
5	17
0	176
0	279
6	332
199	509
83	653
66	617
0	269
2	61
0	154
2	0
224	553
1	521
1	410
1	30
0	43
0	25
0	25
0	1
0	0
0	4
0	4
1	4
0	4
0	2
0	0
654	366
8	52
4	89
3	8
2	4
0	0
0	0
0	0
0	0
1406	221
11	2
15	192
0	98
16	525
0	592
0	519
0	512
0	126
3	89
3	94
1	30
2	2
2	25
3515	18647
1	2251
11	18481
0	18476
21	332
2	86
3	65
61	449
0	159
0	3
1	0
0	14
6	14
4	86
0	6114
9	3803
0	82
19	6114
0	4552
192	1292
15	1133
1	392
4	78
149	1752
0	1483
2	1354
1	1612
67	1163
280	20
0	0
0	0
0	0
0	0
0	0
0	73
2	3
0	0
0	17
0	0
0	0
0	1
0	73
344	287
0	245
0	240
1249	291
60	157
0	292
284	4205
12	3011
22	1712
0	1364
1	686
0	102
2	16
0	0
0	0
0	0
1	472
34	644
0	621
2	220
3	161
32	19
27	37
6	34
0	0
16	5
0	2
0	0
0	1
0	2
0	1
1025	30
9	6
3	35
9	0
20	664
20	738
0	57
1	410
0	321
25	63
8	36
2	3
1	19
0	0
0	0
0	0
0	0
0	0
0	0
0	0
0	0
318	0
9	0
29	26
0	4
16	22
2	0
129	0
3	5
7	5
0	0
0	5
0	0
0	0
0	0
203	0
11	0
56	1435
11	1386
1	339
7	180
1	140
4	22
0	1
27	2146
268	2090
2	1514
60	1283
0	290
9	265
18	370
2	293
0	74
1	164
75	240
11	53
17	209
827	0
0	0
2	0
1	138
0	0
490	139
7	274
0	307
1	45
1	45
183	44
0	1
2	19
1	14
0	6
4	0
1	0
0	0
0	616
1	251
3	643
11	399
0	45
5	660
2	2
0	1
0	1
0	64
3	0
0	69
2	5
0	0
0	0
0	0
0	0
0	0
3079	1010
41	961
2	0
5	0
10	1520
2	1424
6	34
360	1559
1	1476
0	804
10	465
2	54
3	15
2	98
15	1
46	75
0	0
156	1
3	1437
4	1465
6	1377
0	1535
0	1588
8	350
0	0
0	62
0	0
1	0
62	289
41	268
2	47
6	26
1	26
10	47
0	14
4	35
371	146
0	51
5	106
0	22
12	20
3	2
0	15
15	2
0	0
6	195
2	263
0	263
41	557
3	87
2	324
16	172
2	291
10	270
813	2698
156	2561
32	481
27	913
44	467
0	29
55	590
2935	452
3	70
11	70
0	228
3	138
0	71
8	63
0	2256
0	424
0	2129
12	2041
78	1592
124	649
0	499
0	209
5	2597
1	60
848	127
3	0
0	42
0	75
1053	766
66	284
6	419
2	420
0	131
16	792
0	175
19	350
5	34
0	3
0	3
0	2
0	0
0	4948
0	1767
0	2354
0	1729
0	314
0	238
0	380
46	15
1	0
46	1208
0	5025
77	1276
67	1331
1	60
0	987
3	781
1	159
0	207
3	3
0	390
0	387
1356	141
10	141
7	0
27	136
2	6
0	135
937	713
0	245
16	383
16	41
0	67
0	22
0	0
2	0
0	28
1554	8336
121	6692
246	7206
0	6617
5	16
326	4128
0	1842
0	543
23	3
0	8
0	43
1	41
1	6
0	13
0	3
48	1
0	0
0	0
0	0
0	0
0	14
0	16
0	21
0	0
1	4
0	2
50	617
9	663
0	6
0	344
39	244
12	68
0	155
1	622
59	434
18	302
75	1019
0	4984
0	9
7	81
0	4097
0	122
0	3439
1	1814
0	342
0	32
1	8
15	4823
0	4919
5	18
0	15
0	18
0	16
0	3
0	0
0	2
0	2
0	2
0	1467
10	1340
506	1522
3	2
15	53
1	25
1	28
2	78
0	57
7	193
0	47
952	31
1	31
29	2624
0	2414
0	0
3	490
1	116
29	2457
62	77
0	23
1	53
14	10
0	4
0	0
1	0
2	614
1451	662
0	0
0	62
0	0
0	0
0	0
0	3289
0	2872
0	3321
146	1125
1	1927
5	176
0	3552
0	3457
0	3346
0	3043
0	3290
4	462
9	79
10	148
119	462
0	12
0	10
1	4
0	1
0	0
0	1
0	0
203	1
836	678
10	1170
0	9
1	165
0	325
1	63
0	332
348	1
142	1277
12	1111
2	0
0	46
1	167
3	142
1	35
12	59
2	3
4	5
34	13
18	1669
0	1710
0	86
0	100
0	777
0	1
0	0
0	0
0	0
192	0
10	0
16	6931
1249	5695
0	5680
32	146
9	28
63	86
0	0
0	6854
4	9
1	21
140	135
0	25
9	22
0	22
0	59
0	53
0	57
0	0
0	354
28	349
0	5
0	33
0	0
0	368
13	200
3	2
4	15
0	197
1661	143
0	41
0	55
1	96
0	0
0	0
0	1
0	0
0	0
0	0
2	57
2	3
0	3
0	21
0	56
0	46
0	24
0	0
0	5
1	0
0	21
0	11
0	14
0	23
0	10
0	4
0	7
0	56
10	1216
0	1214
0	1178
53	356
18	166
1	0
15	15
0	147
17	81
0	962
155	1223
251	4879
0	2092
161	766
122	5213
60	1711
20	952
16	1276
144	2809
38	1711
5	2816
11	637
0	448
0	99
0	121
0	80
0	637
523	218
0	125
0	56
5	1
1	43
11	286
0	8
2	131
8	2
1	90
0	117
0	4
0	7
1	1
1	147
0	2
4	5
0	2
0	0
103	22
3	0
0	0
0	14
0	3
0	2
0	0
0	1
0	1
14	411
0	3
14	320
0	324
81	408
3	872
91	871
0	25
0	96
0	28
299	2114
114	2114
2	1116
0	11
2	1
0	1
22	19
1	5
0	19
0	0
0	0
0	0
70	765
0	765
4	103
0	0
0	0
0	0
52	522
1	24
11	44
4	178
12	458
4	524
0	21
0	0
5	1524
1	385
0	1079
23	164
0	289
0	34
2	8
0	0
0	1627
0	0
2	236
5	236
99	8485
30	785
5	619
0	748
0	50
0	205
1	238
5	8379
57	3738
2	502
0	390
0	254
8	0
0	3694
20	529
1588	590
32	18
2	426
0	14
1	14
0	0
7	1
2	1
0	0
0	0
0	0
0	0
340	1475
2	1475
3	202
0	8
4	0
12	16
0	16
0	0
0	0
0	0
459	446
1	446
0	87
0	0
0	0
168	1519
8	1464
1	23
2	29
0	1
1	61
1	24
0	96
1	19
0	0
843	749
2	749
10	413
2	686
0	1
1	413
1	17
8	593
0	231
2	32
0	1
9	6697
29	608
1	549
19	302
0	32
2	245
0	6
0	0
0	0
0	0
1142	407
2	407
0	0
0	0
0	0
0	1
0	0
0	8
1	12
0	12
125	1989
147	274
9	274
0	29
1	443
0	443
23	435
0	6
10	16
224	550
0	2
6	0
0	532
2	2
0	2
0	2
0	0
0	0
0	0
0	0
0	0
0	0
0	0
16	6
0	6
0	5
0	0
0	1
1466	13430
65	13540
4	5088
0	1906
1	1484
2	106
20	24
12	115
0	385
648	2
0	0
0	0
0	0
0	0
0	0
0	0
0	0
0	0
0	72
10	15
2	3
1	0
0	72
1524	1
0	1
6	1872
91	294
13	415
293	84
22	84
0	28
112	746
0	3
2	746
1101	1
2	0
5	1049
18	988
92	1042
3	932
2	190
2	329
0	163
1	180
2	135
0	897
8	576
74	577
5	1
5	102
0	36
34	3786
2954	5961
1	2669
0	2172
1	108
20	187
0	0
41	22
20	22
62	491
4	54
98	576
2	11
451	97
0	95
12	0
0	0
0	0
0	0
0	0
0	0
3	2023
0	2293
2	2186
4	3
4	8
1	232
10	2205
0	5
2	5
0	5
0	4
1	5
0	4
0	4
0	0
0	0
0	0
0	0
0	0
0	0
37	0
0	510
3	448
15	474
14	147
12	95
8	500
328	289
0	0
2	59
1	3
0	0
0	25
0	15
0	25
0	24
1	26
1	22
0	63
1	0
0	30
0	5
2	29
0	50
1	3
2	9
0	18
0	42
0	1
0	5
1	2
2	22
38	398
0	398
0	11
4	1
2	55
224	167
34	60
2	114
543	4387
282	4305
0	2158
3	1144
22	400
79	0
18	1548
316	2477
41	2515
1	0
16	384
23	384
3	13
8	39
0	21
0	23
146	38
0	4
0	0
0	2
0	17
0	17
0	19
2	6
0	5
50	217
7	18
1	47
5	63
7	159
7	1
1	0
0	0
0	0
0	1
772	351
20	349
1	34
0	7
0	2
0	0
0	0
0	58
2	62
10	62
0	0
3	0
0	0
0	353
20	12
0	12
0	21
0	0
0	19
0	8
0	21
0	20
0	21
0	3
0	21
0	0
0	0
1	6
0	13
1	102
27	103
0	8
4	8
0	5
0	0
3	0
5	0
6	90
71	502
12	563
1	49
5	108
4	61
0	23
1	145
12	0
0	1733
43	1950
8	1503
7	1543
3	42
3	25
0	1332
160	89
0	5
0	77
0	15
0	9
14	12
1	0
0	0
72	104
0	161
0	161
4	37
0	468
0	173
0	468
5	19
0	41
2	1
0	0
0	1
1	0
5	32
2	32
0	33
1	33
0	27
13	89
6	72
0	72
1	2
0	0
1	5
0	0
2	7
42	63
0	63
51	1113
0	956
2	651
2	117
4	197
9	198
9	198
0	1
0	1
0	0
0	1
21	0
442	25
0	25
0	23
3	71
45	69
428	122
3	109
0	0
0	0
0	0
0	0
0	0
0	0
1605	193
66	191
0	14
12	22
0	19
0	19
0	0
649	93
0	28
2	13
1	57
0	0
52	0
15	0
120	386
2	130
1	377
5	162
1	153
64	0
14	2
0	1
0	1
4	69
278	69
3	48
2	20
0	25
1	25
30	976
1	970
58	983
4	981
17	150
3	241
0	0
0	0
895	92
0	20
8	71
106	719
66	773
1	54
5	335
0	239
0	40
7	230
10	196
0	6
0	6
0	7
0	6
0	2
0	5
13	48
3	35
0	69
3	40
6	11
0	2
6	2
0	0
0	2
0	0
0	0
0	0
0	0
21	6680
2941	1429
0	6441
22	1024
0	4
36	521
0	6255
0	4752
0	3728
140	204
0	879
212	1364
12	406
12	258
6	7
2	464
5	867
16	47
3	47
1	0
527	848
2	690
0	361
0	125
2	158
70	40
0	41
0	41
4	53
3	204
0	240
2	40
1	48
0	160
2	34
0	9
11	2270
14	2145
0	1919
0	2
35	14
12	778
1	28
0	179
0	18
1	51
0	0
0	0
0	0
0	0
0	0
1021	1245
9	1216
0	202
11	19
2	47
0	0
100	66
12	2
0	21
1	0
1	0
2	0
9	0
95	351
10	219
3	77
7	157
0	34
3	66
31	193
0	68
0	51
4	109
5	31
1	202
14	465
34	85
8	238
110	192
0	350
4	800
44	210
0	1
0	1037
0	582
0	116
0	2
0	0
1	0
5	1033
387	549
0	558
0	0
0	62
0	1
0	558
0	0
765	1857
0	508
39	1421
7	3424
4	1517
0	3097
0	2997
2	1316
6	2988
61	2376
1	55
0	159
7	19
10	34
0	0
326	202
10	202
0	1520
0	165
0	129
5	131
1	231
22	1417
0	13
2	4
8	0
0	2
3	166
0	147
37	210
3	558
2	392
4	75
13	251
0	1502
0	170
0	0
0	3
2	4
0	0
0	0
0	1
0	0
0	173
0	174
30	2477
36	2080
1	1877
2	1617
4	1094
0	1252
0	588
0	895
9	674
0	254
1	1
0	459
9	185
1	183
8626	35517
31	27385
15	18992
13	15978
0	7180
3	31
0	8
3	13
0	19
0	19
0	31
1020	931
6	1080
1	808
0	766
25	353
0	89
2	120
0	65
0	4
0	7
1	8
16	22
0	22
1	5
7	1297
2	225
49	1278
1	47
1	27
1	1071
0	21
0	9
0	5
499	863
0	842
3	95
38	1339
11	1215
0	4
0	3
0	0
0	136
1	128
38	153
2	155
1	135
0	18
1	6
2	185
0	200
10	54
0	54
0	17
0	25
0	23
0	4
0	14
0	14
3	0
0	165
0	1
1	1
4	39
0	32
0	37
0	37
0	9
0	2
0	0
0	2
0	1
0	1
0	1
0	0
0	22
0	283
1	283
0	1
1	0
0	34
3	296
2	142
6	240
0	11
0	42
0	16
68	421
97	473
3	475
0	0
1898	1535
1	1166
81	1534
5	1055
1	2
0	2
0	1
129	1391
0	1391
0	516
0	0
0	4
0	2
1	3
0	1
0	0
0	32
1	5
0	1
1	0
7	0
0	32
0	1
0	0
0	0
0	2
1228	578
1	20
14	1
0	19
8	557
247	0
9	135
0	135
207	861
8	861
0	0
0	1
0	0
0	3
0	3
0	0
761	1
0	0
0	0
0	0
0	0
0	0
191	113
6	0
57	113
35	2
0	2
0	110
0	14
5	337
11	337
25	177
0	5
5	102
14	7
0	6
0	33
1	34
0	2
0	0
0	0
0	5
0	4
0	1
0	1
0	1
6	3889
733	4807
3	0
3	0
0	4747
0	0
0	0
83	6947
193	6984
10	6876
7	1017
0	48
48	12
1	868
35	1344
98	1
0	4
0	6976
0	6835
1	17
152	47
0	40
0	13
0	6
0	7
0	14
0	5
511	34
2	13
14	22
22	0
0	0
0	4
0	4
0	4
0	3
32	482
107	2107
11	69
39	2089
297	29
174	28
83	74
2	0
4	0
0	120
0	101
0	70
0	121
0	58
1	235
585	245
19	12
2	6
0	90
2	14
2	10
2	4
1	11
7	90
284	0
0	5468
0	2969
0	3522
0	206
9	536
0	1302
150	979
8	456
1	178
0	893
40	1024
123	2890
0	114
0	5667
4256	1
0	7
0	7
840	191
0	94
0	20
3	76
579	861
15	860
1	842
352	383
0	383
1	48
0	12
0	14
4	1
2	2
0	0
0	0
0	0
0	0
0	0
0	0
0	0
0	0
0	0
4	94
0	0
0	0
0	0
0	0
0	0
0	0
0	0
0	0
0	0
0	0
0	0
65	495
22	431
2	179
6	191
8	77
27	47
0	6
32	44
0	493
6168	1420
40	996
0	428
8	199
9	5
0	1
0	4
0	2
0	0
23	797
1570	797
0	0
0	0
32	0
11	3
0	3
0	0
779	1491
2	92
7	41
0	472
1	519
0	539
0	0
0	0
0	0
1	73
0	19
0	36
210	522
2	179
2	58
0	26
4	5
56	427
1	53
0	271
0	158
0	23
0	42
2	222
0	3
0	0
0	14
0	1
2	0
0	95
0	279
27	88
1	303
0	225
0	232
0	181
0	120
0	21
2	122
0	0
0	0
0	0
0	0
15	2550
2	2931
0	2549
0	2828
0	103
44	204
1	482
27	27
28	267
0	804
0	523
8	658
5	380
1	596
4	147
2	84
24	46
6	46
245	29
0	0
0	6
0	3
2	23
0	0
1	0
0	0
0	6
0	7
0	10
0	5
0	5
0	10
0	0
0	0
0	0
0	0
0	0
0	0
165	2
0	0
0	2
401	445
2	69
1	423
1	44
0	23
0	14
0	0
0	0
1	9
0	7
1	9
0	0
0	2
2	2
0	12
0	3
22	69
0	27
0	0
0	0
7629	30192
4675	32465
51	20227
4	3374
4	4227
1	3871
0	27
1	4076
4	6721
16	1119
49	2922
96	1250
3	1221
6	1225
1	19
12	25
0	305
15	239
0	8
0	2
0	0
0	0
0	0
0	0
0	0
0	27
4	110
0	25
1347	173
0	0
0	0
0	0
0	2
0	0
0	0
0	0
0	0
0	0
75	530
98	189
40	5
0	489
176	7980
0	15232
52	13384
10	10587
0	11245
0	9859
565	15361
0	6628
0	16911
0	7609
1	1935
0	15240
0	0
0	0
0	0
146	0
0	0
0	0
0	0
0	0
0	0
0	0
0	0
350	71
0	23
0	50
0	0
1049	771
0	543
0	88
0	208
0	34
3	97
1	0
0	0
0	0
151	1092
3	104
9	599
108	149
5	71
3	414
3	192
8	275
3	196
1	436
18	381
0	381
3	12
9	1
8	1196
116	1196
0	7707
3	6382
32	6789
2	3425
7	222
47	7
0	14
44	1188
0	1028
0	8135
0	8703
0	0
153	1292
0	1321
597	863
116	1943
0	202
0	237
0	1690
2	412
0	216
0	315
521	1590
4	10
0	10
0	0
0	0
0	0
0	0
0	0
0	0
0	0
0	0
16	16
0	2
0	4
0	3
0	8
0	3
0	0
0	0
0	0
12	3893
0	0
9	2909
139	2908
5	48
3	0
171	1077
4884	1086
0	38
0	4
10	1
73	1478
0	383
0	738
19	889
1	1478
0	233
0	1
17	1
325	0
3	3491
0	2634
1	1849
0	0
525	1208
0	2904
0	0
16	0
225	1199
3	1199
0	1151
5	8
5	97
8	56
1141	1958
3	1938
0	11
1	9
0	6
16	79
35	532
9	571
19	97
0	141
0	174
0	140
4	128
9	174
2	9
3	100
2	104
2	218
14	34
2	4108
1	4107
6	4091
51	0
0	0
0	0
1	27
1	28
2	10
0	2
0	3
0	644
0	828
33	986
2	819
0	398
0	300
3	177
162	4616
7	317
0	1180
4	811
18	4535
0	113
0	264
5	263
0	2038
1	95
0	0
0	0
15	0
21	2
53	8435
12	8435
3	853
7	7682
3	2
0	132
0	27
399	0
2	269
17	615
59	616
2	0
0	250
0	711
6	861
34	359
0	511
0	257
6	372
9	372
30	484
0	314
13	238
3	304
18	1
0	838
14	2816
16	2924
6	2959
31	2985
0	66
0	69
17	2547
19	2812
0	2865
16	2965
3	173
0	43
1	67
9	274
1	102
1	137
0	8
1	34
0	71
3	8
0	3
9	17
0	14
0	3
0	0
0	2877
6	2627
162	2592
0	1283
0	1717
0	466
3	3
0	2
0	2
0	27
1	21
4	23
0	1
20	32
0	26
1260	705
0	152
0	52
77	274
124	505
1682	535
0	7
0	525
3	2
0	6
4	31
11	0
142	12
0	11
1	1
1	0
0	761
0	695
0	776
5	408
0	104
3	83
0	1186
155	1249
3	216
16	92
0	15
10	105
7	12
451	34
0	8
0	25
11	4
18	517
0	189
0	537
16	537
0	510
0	0
1	3
377	3
17	304
126	349
4	307
5	196
0	105
66	196
15	15
0	26
8	1402
44	1163
0	1157
0	1146
0	1005
0	213
50	112
0	332
8	50
0	332
5	17
0	26
0	97
364	0
0	0
0	0
0	0
0	0
0	389
5	142
0	167
43	389
0	1
24	139
21	188
0	311
1	322
6	86
0	50
2	19
8	27
0	0
0	0
0	0
0	0
0	0
0	0
101	1344
17	881
95	862
13	1168
0	0
0	232
4	152
0	1197
4	9
0	0
0	9
0	0
0	0
0	0
0	0
0	0
0	0
0	0
7	0
4	7
0	7
2	79
0	0
0	3
0	0
0	0
1	22
0	22
0	39
3	52
191	257
1	14
2	14
2	75
3	27
0	0
63	4281
0	5922
160	5252
0	7283
146	4719
81	285
0	3882
3	3176
0	130
0	375
0	0
0	0
12	1738
350	1789
58	1696
2	987
0	0
0	0
0	0
0	0
0	0
0	0
0	1
664	2161
0	611
5	993
7	770
2	1049
61	4751
46	2970
5	801
0	544
0	45
11	3349
41	399
0	916
1	483
820	1
2259	351
2	40
1	1251
5	167
3	815
90	85
0	1102
3	0
0	167
0	418
0	1005
6	3
9	162
7	0
0	7
1	96
1	107
0	97
9	81
0	470
51	137
2	359
8	173
4	88
231	8476
2	9466
6	5161
566	7165
63	8016
0	0
0	0
0	157
346	248
0	3
13	245
0	11510
18	4609
7	10666
199	5088
0	7841
65	1096
0	2923
0	11179
664	2527
0	2545
0	1073
0	720
0	188
0	9
76	532
1	220
1	166
0	77
63	2210
0	3261
33	3237
0	3351
389	2
0	36
502	10254
1	2
3	0
386	425
1	2
0	362
857	10103
2	122
2	10
113	882
3	4679
8	4234
18	4044
12	289
0	610
0	5
0	0
0	0
1	26
7	149
66	135
1	18
1	14
1	3
149	818
10	611
1	418
11	443
12	676
0	117
1	0
4	15
37	15
0	15
566	602
17	616
127	1593
24	116
9	295
0	20
0	67
4	1448
119	636
3	445
10	211
0	27
1	198
2545	1098
0	194
2	200
34	137
0	20
0	451
0	425
0	1284
38	1346
0	1377
0	1153
1	1107
0	595
2	18
1	186
3	101
0	98
1	4
11	205
0	182
1	0
0	40
0	5
0	1
0	41
3	1298
3	177
0	4
2269	262
3	4
21	150
0	4
2	0
0	5
1	5
0	74
1748	23116
12	26037
346	26273
161	23838
14	8794
666	138
2	1
2	15
17	124
2	7
0	1
0	1
0	0
2	0
0	0
0	0
84	182
12	163
1	43
1	16
0	885
8	885
7	832
0	7
0	833
0	49
0	44
0	877
0	0
0	0
3	169
13	169
28	169
0	0
0	0
2	0
0	0
181	72
0	62
0	10
0	3
1321	164
3	106
2	15
11	45
0	0
5	0
0	2
15	1
0	1
0	1
7	0
0	0
0	0
57	343
27	343
1	0
14	0
0	0
0	0
0	0
0	0
0	0
1	918
0	853
2	813
9	886
9	0
0	63
3	53
1336	16801
0	16338
150	16066
0	11723
65	9342
15	2457
2	110
5	19
98	239
4	189
4	218
30	199
0	21
5	43
0	0
5	7
2	7
0	0
0	0
0	0
0	0
58	17
0	17
0	0
840	510
0	172
2	454
1357	275
0	15
0	57
1	37
0	0
22	3
0	4
2	128
19	123
7	89
7	128
0	535
4	11220
3	630
780	11223
0	11232
0	0
0	0
0	0
0	0
0	103
0	103
0	17
7	32
0	0
0	0
0	0
5984	7
6	16
1	26
0	0
0	3
0	0
6	8
0	0
11	1061
36	691
49	874
5	743
140	23
3	150
110	992
0	1
0	1
0	0
0	0
0	0
341	84
0	17
3	2
9	66
0	0
0	0
0	0
79	1350
3	907
50	1250
32	1067
14	8
3	46
15	761
4970	2791
4	948
7	773
41	578
0	979
91	590
1265	13722
387	13662
125	13661
3	13659
0	1822
1	700
0	701
7	59
303	428
4	156
2	106
11	3
70	5
0	5
0	1806
116	1798
0	724
0	30
4	15
0	1848
0	5
0	6
3	3
2	4
0	3
10	230
9	4
6	4
2	1
8	0
4371	3543
0	2812
0	672
10	7
19	8
1	234
81	3040
64	1292
8	1341
0	45
4	348
4	308
33	56
35	218
211	72
1	301
11	73
3	0
3	5
0	5
16	487
2	10
0	25
2	23
0	482
47	390
1	46
0	32
158	66
1	12
0	66
0	0
103	163
2	162
0	17
1	9
0	15
0	0
0	0
0	0
0	0
0	0
0	0
0	93
0	65
0	94
2	74
43	93
3	3
5	92
4	0
5	102
0	97
1	0
0	0
0	5
0	0
0	0
1	25
4	30
0	2
0	1
0	8
0	4
565	352
15	346
54	352
0	350
39	983
19	942
114	697
0	16
284	16
3	16
0	0
8	0
0	0
0	0
5	941
0	797
0	661
2	1
4	5
322	67
2	6
0	57
0	1
804	0
0	28
1	20
0	0
0	457
3	457
195	628
481	1033
19	11
0	471
1	66
11	74
0	24
2	11
14	3
64	1042
0	717
1	498
0	566
1	368
0	821
5	811
0	585
0	644
2	407
0	81
2	74
4	111
0	72
0	0
0	3
0	2
0	3
0	0
0	0
0	0
0	0
0	0
0	0
174	5732
1	5723
0	213
4	6
0	496
1	20
3	45
24	1650
4	5
5	7
5	1652
0	3
0	2
374	951
1	431
22	272
0	122
44	264
0	0
0	264
0	77
0	0
1	5
0	8
0	8
0	11
0	16
0	264
0	196
0	4
1	0
1	19
215	1716
0	1620
0	83
0	83
7	55
26	801
8	194
4	170
2	123
6	185
2	0
0	0
1	0
0	0
205	1661
20	1767
0	9
4	38
0	266
2	335
26	996
0	143
0	144
0	145
31	70
2	128
1	110
6	25
1	101
16	100
5	90
0	38
31	682
15	293
300	975
0	0
0	0
0	11
1	11
0	0
0	0
0	0
0	11
7	9
0	9
170	0
0	0
0	0
0	0
0	0
0	0
15	13
0	11
0	0
3	2
0	0
0	0
0	0
1	385
247	1062
5	41
1	837
13	30
0	7
16	97
2	372
0	11
26	5503
82	888
0	773
19	499
0	4882
216	0
0	5
0	0
0	0
0	0
0	5
0	0
0	0
0	0
0	0
0	0
0	0
0	611
258	612
0	75
1	16
65	2119
30	1927
1	992
0	1132
14	1307
0	846
73	1000
0	575
0	37
0	137
1	8
0	60
269	5
13	5
14	1767
2	2098
10	2284
0	1577
0	431
0	19
17	103
1	0
0	0
0	0
0	0
8	276
3	288
0	23
0	3
0	428
0	418
0	188
0	328
4	1
2	0
0	2
0	10
0	0
0	39
4	428
13	3
0	3
1393	20
0	18
0	2
60	0
10	417
0	3
0	161
0	7
0	1
0	2
0	1
1	0
0	2
244	225
20	78
7	67
0	0
0	80
2	28
245	174
0	174
33	1344
1094	1941
5	1982
92	1767
43	1081
1	712
2	537
2	501
11	424
283	400
426	145
0	1448
21	1263
21	219
80	421
94	576
4	276
28	1426
538	2512
0	2381
5	4
7	55
8	16
6	24
0	0
2	374
0	603
0	364
1	42
3	0
1	675
20	1219
2	1066
5	205
6	209
4	18
0	1307
0	1220
0	1327
0	0
17	1367
15	794
0	710
0	74
72	357
0	357
0	863
0	100
1	0
10	0
0	496
60	496
6	0
0	17
1	0
5	390
394	752
10	213
12	389
1	112
0	0
32	2290
5	1009
0	551
41	2030
273	425
0	0
0	7
2	24
2	90
0	159
0	91
0	101
30	222
0	8
0	0
0	0
0	0
0	0
0	0
0	0
0	0
0	0
2	1013
0	12
0	110
0	975
5	39
0	766
0	1
2	1
0	15
0	901
24	878
1	120
0	50
1	411
1	28
2	0
0	383
0	475
0	541
0	419
0	410
0	480
1	12
13	177
5	32
30	8
0	8
0	0
0	0
0	0
60	20
0	20
0	0
33	1
81	1094
36	405
8	1056
0	0
0	3
3	208
0	1
0	2
0	1
0	1
0	1
0	637
1	654
0	359
2	3
5	22
0	6
0	19
2	15
1	14
189	667
299	175
0	174
0	21
0	1
0	1
0	0
2	160
0	160
0	19
0	33
0	0
1	170
0	1318
7	620
0	859
0	1196
0	1355
2	1008
1	0
0	198
0	1318
0	2
0	2
0	2
0	0
0	0
2	13
7	13
0	0
0	0
1040	694
22	694
0	1609
9	1639
0	1636
0	1329
0	134
40	135
22	50
0	84
12	50
0	60
4	27
0	85
0	42
0	12
14	1
0	1636
460	220
1	114
0	114
0	114
0	162
0	0
0	24
0	20
1	41
0	42
2	44
0	97
1	41
0	0
163	297
0	79
9	288
1	48
0	102
0	0
1	0
0	0
0	0
0	0
0	192
48	193
0	2
0	2
498	7
34	7
13	311
1	474
3	444
0	68
1	379
0	15
1	134
0	2
0	260
0	0
3	10
4	0
0	2
0	2
42	2161
0	0
6	0
4	0
3	0
1	0
2	160
8	1568
0	1688
17	382
0	0
6	173
5	0
1	0
0	2185
0	41
10	173
1	68
0	368
4	280
0	10
0	0
0	0
81	0
0	241
0	114
27	244
2	13
0	12
0	24
1	28
0	0
0	0
4	6
0	6
686	57
0	57
2181	1319
4	1169
66	151
0	3738
843	3738
848	27
0	8
0	19
2	0
0	117
0	2
0	261
0	496
0	1922
34	2018
0	108
0	364
5	994
0	582
1	1821
0	1525
0	667
0	308
2	2
5	1067
26	2
0	350
0	1083
0	0
2	0
1	222
3	223
0	0
0	223
0	6
0	15
3	183
16	326
4	326
10	200
0	175
0	193
0	474
1	527
1	19
0	6
0	37
0	1
0	12
0	527
0	0
0	0
0	0
0	0
0	0
0	0
1	23589
0	24112
0	7705
0	8018
0	11605
3	18
0	595
1	675
211	2746
1	469
11	1650
0	312
863	0
156	42
9	42
232	1
1	1
0	1
71	6
1	7
1	2
1	5
0	4
0	6
0	0
0	8
44	10
0	0
0	0
1	0
0	0
0	0
0	0
23	19
2	18
0	0
75	274
0	273
5	78
0	43
0	0
1	1
0	11
6	1
0	0
0	0
47	1
2	1
0	0
0	5
0	5
10	5
0	0
0	0
13	2
0	0
0	0
18106	29
587	272
0	98
0	108
0	191
1496	1
73	0
0	6
2	0
0	6
0	0
0	0
0	0
0	0
0	0
0	0
0	0
0	0
24	0
0	0
51	0
7	0
306	0
15	0
3	381
0	384
4	238
5	108
0	92
0	12
0	12
1	8
0	8
0	1
4	0
0	0
0	0
0	0
2	1
0	0
0	0
0	0
0	0
0	0
0	1
0	1
0	1
0	0
0	0
0	0
1	0
0	0
0	0
0	0
0	0
342	103
7	103
0	0
0	0
1	391
22	463
135	853
341	8609
1804	8611
0	802
3	0
47	1972
0	1026
20	480
1	81
2	9
3	1
12	389
0	403
0	372
0	16
265	418
0	689
0	0
7	0
4	0
0	0
1	0
0	0
0	0
0	0
0	0
0	0
0	0
0	0
0	1
0	1
0	1
0	0
0	0
1	0
9	52
3	52
0	17
0	0
2	0
0	0
0	0
0	0
65	1222
12	1222
0	0
0	0
0	0
378	0
311	304
7	0
0	304
0	0
0	0
0	0
0	0
0	0
1	0
0	1
0	1
0	1
0	1
0	3
0	0
0	0
0	0
0	0
0	3
0	1
108	1502
0	1384
6	952
1	98
0	1273
0	141
2	579
4	614
0	329
0	516
0	502
0	320
0	3
0	336
0	0
2	248
0	307
0	16
0	600
0	6
6	0
8	40
0	585
0	1
0	1
0	1
0	1
0	0
0	0
2	0
0	0
0	0
61	304
0	304
0	24
0	5233
58	3749
0	2113
3	4395
4	100
14	2022
10	32
0	15
15	30
4	4609
0	482
0	3107
7	193
0	4605
0	0
0	2
2	73
1	22
0	22
0	31
0	39
0	25
0	67
0	67
1747	1328
1	177
0	1151
28	1663
225	1298
4	2
4	215
3	379
0	248
2620	726
0	24
0	125
2	129
0	150
3	50
0	33
23	226
1	226
744	431
0	28
0	331
0	94
0	54
0	40
0	19
6	55
0	394
34	272
2	272
3	40
1	6
2	4
213	15
0	15
106	22
0	0
0	10
0	11
0	3192
1917	3192
0	1171
0	0
0	0
0	0
0	0
31	0
49	248
0	0
0	0
0	1
0	3
460	610
0	240
0	0
55	206
1	133
1	244
0	205
4	74
18	58
0	39
14	129
0	6
0	23
1	23
0	18
2	13
1	30
122	838
0	837
0	830
3	157
0	140
0	248
7	235
3	331
2	328
4	99
171	42535
1	22949
5	38219
0	38195
0	38221
9	22089
0	22044
53	5814
2	5325
2	2468
0	887
0	164
3	275
0	258
0	204
0	756
0	32
0	2
0	6
4	416
0	260
0	758
60	773
40	673
4	143
0	139
0	190
0	458
0	0
2	343
248	1870
0	1870
8	351
7	4
0	472
4	106
259	313
1	113
4	0
3	70
0	52
0	65
7	65
1	63
2	80
2	82
0	17
0	0
0	2
4	4
53	613
101	613
13	241
0	213
0	229
2	34
0	227
0	253
0	223
0	197
0	0
0	179
0	143
0	127
4	120
0	38
639	624
3	32
0	0
0	7
1	23
1	649
19	200
0	0
13	184
0	260
23	15
1	3
0	188
3	24
0	20
2	8
0	41
8	514
1	31
5	126
24	42
3	436
0	0
0	0
464	178
1	30
0	92
0	100
2	96
0	119
0	0
0	16
3	0
1	36
0	1
0	1
0	1
0	0
0	0
25	88
0	87
1	11
0	12
0	0
14	2
0	1
0	1
14	2278
1997	2278
0	94
415	495
1	17
2	0
71	338
0	339
0	377
22	391
22	87
3	64
1812	7301
13	221
1	48
44	7167
207	372
11	275
4	365
6	71
18	1044
4	395
18	428
66	438
0	1
5	417
0	44
0	1008
0	408
2	1449
9	907
6	988
1	853
0	9
3	100
1	0
0	0
0	0
0	0
1429	4
0	0
0	0
7358	5
1	0
588	14
0	14
1342	6589
0	6589
1	39
12	45
0	6
0	0
10	21
0	3
0	21
0	1
0	5
0	4
0	0
3	40
0	0
2	40
20	6
13	133
2	112
0	120
0	75
3	1
0	5
13	7
215	699
1	473
0	133
0	218
0	503
1	240
407	34
10	34
0	1
0	1
1	1048
1	1063
0	836
54	860
3	406
0	631
11	1
0	540
1	1477
3	513
0	643
0	633
0	1573
0	102
6	427
0	769
0	421
0	21
0	0
1	0
0	64
0	0
2	29
73	5056
3	0
296	4454
0	5151
45	3829
39	491
5	462
0	495
7	56
5438	1096
6	251
0	608
0	0
1885	12100
20	11235
53	984
12	279
71	964
53	235
7	1482
119	1325
0	3018
0	1417
243	2947
850	2961
84	1042
16	2
0	113
26	3
0	372
39	1048
20	1062
12	997
0	0
0	76
4	5
0	2932
73	2811
0	3558
74	3526
0	2273
2	1798
94	1597
0	1725
4	1284
46	1274
0	1038
0	993
2	963
0	9965
414	9917
0	9257
1	1129
7	715
8	506
130	256
0	22
0	12
70	4
1	9
1	9
6	0
0	9280
18	9971
0	3631
0	2975
0	3274
0	1
0	1
0	10
1	52
1	12
6	1008
6	1001
0	966
0	909
0	868
17	633
29	805
5	9
10	83
6	5
215	2055
0	1037
0	2054
676	43
0	320
9	76
0	153
254	531
0	19
3	11
2	28
0	213
13	469
0	110
0	129
0	28
0	21
1	15
8	30
0	12
19	0
11	3
3	4
0	30
0	105
0	56
25	5
0	92
1	0
1	0
12	75
1	20
0	0
0	28
3	0
904	106
0	105
83	851
0	794
0	807
0	874
0	17
68	1
5	0
0	20
0	6
884	998
26	869
28	829
0	202
18	25
0	25
4	0
108	55
1	54
350	2754
189	2754
0	214
556	214
0	214
0	0
598	0
4	0
135	89
5	89
138	40
1	40
0	1135
0	1026
2	841
1	736
1	437
0	111
27	181
0	1906
0	1167
0	2612
0	1704
6	0
3	170
0	39
0	2502
1228	2708
0	12
18	11
3	1
35034	293
7	50
63	208
626	339
21	338
7336	393
11	378
21	14
0	20
0	21
0	12
0	12
0	9
0	25
0	237
1	209
16	0
0	0
0	0
0	30
493	947
28	946
5	0
21	687
2	72
0	11
0	33
3	3
33928	337
1	309
734	577
2	261
13	351
0	206
2	136
2	0
3	0
0	0
0	0
0	0
0	0
9	6
0	5
1	0
0	0
0	0
0	0
0	0
0	133
8	453
1	369
1	0
0	0
0	320
1	75
0	137
0	0
0	74
0	22
0	1043
18	1262
1	221
1	869
0	302
0	210
0	387
0	112
0	33
1	300
0	227
2	227
1	188
0	23
2	1
0	23
1	227
0	218
0	315
0	357
0	26
0	1
46	7173
1	5784
0	1828
106	7089
34	73
26	2574
4	2247
3	2913
12	9
1	217
19	50
1	37
190	134
7	59
0	101
20	96
6	0
440	7863
2	10562
0	7563
60	6925
2	4071
11	3
6	0
70	505
22	722
4	12
2	799
6	0
0	48
1	49
0	48
1	49
0	45
0	45
0	21
1	0
0	0
6	95
0	7
348	359
1	54
0	152
0	49
0	0
5	143
0	7
0	8
0	18
1	97
2	65
936	52
0	11
0	41
0	2
0	2
6014	4
2	372
0	270
0	253
0	251
0	100
7	1
14	0
4	185
7	19
6	7
0	13
0	0
0	0
0	156
1	162
0	141
0	9
0	92
3	29
1	20
0	12
0	12
32	274
3	274
0	72
0	7
0	0
0	0
0	0
0	0
0	3791
40	3360
166	3820
4	7
1	206
1	217
1	163
1	893
3	594
3	148
0	360
752	1132
34	1131
5	40
0	33
2	73
3	55
0	0
0	0
0	0
0	0
0	0
0	1
1	0
1	1
2	3732
3	226
0	19
4	46
0	3728
179	449
3	0
455	1503
533	1469
0	2
0	0
0	0
0	0
0	0
0	0
0	2
50	1884
18	1706
3	52
0	4
12	5
12	371
6	23
14	22
0	8
35	831
1	21
1	276
96	8994
13	577
5	939
4	22
2	32
9	174
0	879
0	8886
0	95
0	1421
2	74
0	4
16	119
0	26
0	74
0	57
2	269
10	13
29	125
98	125
0	8
0	0
0	0
10	712
48	77
0	72
16	655
49	654
2	239
4	294
7	664
5	176
2	187
0	177
0	202
0	98
3	95
0	35
24	24
1	140
0	218
0	138
0	138
0	18
0	16
0	14
0	15
0	16
0	3
0	2
0	2
0	2
0	2
0	0
0	0
84	580
0	580
2	106
8	52
1	3
5	1
2	0
0	0
1	1266
40	1322
29	1031
27	316
0	165
0	102
25	275
65	98
0	160
2576	1295
23	567
7	160
19	518
3	34
9	151
0	14
2	14
0	0
5	500
382	1110
34	192
30	892
0	18
4	16
3	18
0	7
0	1
0	0
2	0
464	59
0	24
7	54
0	0
865	0
0	2
1	9
1	7
0	2
0	9
0	2
0	2
0	1
0	1
0	0
49	2011
19	1513
21	1291
26	835
17	1321
17	1403
13	1009
19	231
4	38
0	31
2	9
0	10
0	0
1	8
0	31
4	0
0	0
10	1898
0	156
1	0
11	41
44	151
36	1281
1244	5679
0	4959
3	4702
22	4466
101	4432
2	71
3	79
18	60
0	41
4	42
0	16
0	15
0	15
3	1
0	0
0	16
0	8
0	15
0	5
0	13
50	6
0	6
0	0
2903	686
1	507
18	134
3	182
122	0
27	209
0	15
0	3
0	192
1	0
0	2
0	0
1	47
0	15
0	9
1	14
16	413
0	475
9	512
0	61
0	0
3309	954
28	456
10	843
0	1
0	0
0	0
0	0
0	0
0	0
1	320
13	1179
226	1180
7	143
18	131
3046	1106
7	7
1	4
2	962
7	2586
2	833
4	334
0	2322
0	2727
0	850
7	103
0	8
0	31
0	2174
1	8
0	8
0	0
0	0
0	0
0	0
0	0
0	2
0	2
6	27
88	27
1	1
1	1
299	1234
11	1223
38	1185
6	634
3	578
5	10
0	522
9	41
14	0
1	92
0	0
69	0
0	1286
243	2219
0	2327
3	1529
43	206
10	0
203	117
0	0
3	77
34	2514
2	76
0	2509
1	399
120	2584
0	239
53	1950
0	444
33	183
0	311
46	1778
1188	994
0	291
839	650
3	36
1	71
100	954
1281	1204
2207	56
5	0
0	0
0	0
0	0
1455	378
19	0
2	0
0	58
0	257
1	0
2	70
0	0
0	0
0	0
13	2543
0	3549
11	1288
0	30
0	367
0	195
0	76
0	179
2	0
1	26
0	75
0	67
0	45
1	36
0	44
12	37
0	1
0	0
0	1179
0	0
0	0
0	0
0	0
489	0
7393	8033
711	6800
148	6807
0	1304
5	32
32	65
19	379
27	315
1	0
0	0
0	1
0	1
0	1
32	124
0	118
0	122
4	0
0	0
0	0
1	0
0	0
95	22451
2	2021
0	22451
3	221
10	272
5	226
2	47
305	139
0	0
0	139
0	61
0	0
25	15
0	12
1	2
0	5
6	2
0	12
0	2
12	4
2	15
1	0
0	2
2	1443
67	1897
12	1651
0	599
1	60
2	7
11	587
2	1783
0	2450
0	92
0	312
0	2
0	2257
0	2252
0	2312
27	4777
11	7055
31	1165
0	3451
0	3704
14	3674
0	78
0	12
1	83
0	2856
14	221
1	0
37	5180
0	1463
44	107
9	43
4	135
7	267
434	0
0	30
0	33
0	1554
0	1662
0	4
16	61
6	88
2	55
4	0
0	12
0	6
0	7
3	924
0	91
1258	167
0	167
13	5
1756	338
2	72
0	5
0	0
43	335
9	666
0	495
0	591
3	156
33	438
3	5
4	6
0	0
0	3
0	3
12	0
0	0
9079	5214
14	5204
0	697
3	652
35	90
0	29
0	22
15	503
4	263
0	0
0	21
22	667
44	6113
209	1930
0	5113
49	5208
0	1702
0	1097
1	16
2	36
194	1086
25	1086
2	332
0	40
7	2
0	120
0	146
1	189
0	0
0	0
0	0
0	0
1	0
0	902
1446	1039
0	15
1	26
3	56
6	39
254	260
0	170
7	87
0	172
2014	1714
10	1441
4	1516
0	0
0	452
4	299
0	223
0	0
0	1
0	1
2	1
0	0
0	0
0	0
3	29
7	43
0	43
0	5
60	1203
2	1281
38	654
2	21
0	0
103	0
1	0
116	109
24	106
0	2
0	16
0	3
3	19
0	9
2	2
0	1
0	1
0	1
0	1
0	1
0	1
0	1
1727	954
4	894
10	31
1	6
3	4
0	438
2	71
5	0
0	0
0	0
0	0
4	2
0	2
5427	2199
36	219
33	536
23	314
53	28
71	503
44	507
2	0
0	0
5445	205
12	73
5	174
0	174
14	379
142	3901
2	405
42	2843
11	2551
5	41
3	0
9	131
0	1115
0	1028
217	1125
0	86
4587	1119
2	0
76	1902
273	1902
0	100
0	0
0	82
0	12
0	12
0	0
0	0
0	0
0	0
0	0
4415	168
2	163
0	5071
0	4767
19	105
2	104
0	55
3	3775
4	4927
769	819
0	694
0	821
10	1
0	1
0	0
712	18
6	5
0	18
3	3
114	304
1065	440
0	84
29	4
0	47
17	103
25	370
0	118
3	98
2	290
0	169
1	0
0	4
0	4
2	4
1	72
240	5660
0	2
1	182
0	4441
1	3358
0	4352
1	60
2	2246
6	298
0	186
0	281
2344	3
17	1160
78	1145
3	445
72	0
3	45
49	61
15	92
9	9
12	1
734	10
0	0
1	0
0	9
24	0
0	25
0	25
0	3
0	9
0	2
65	611
35	623
14	322
7	151
7	79
2	110
6	3
0	213
8	973
266	974
2	0
0	11
0	11
1	48
2	1
0	11
0	7
0	0
2	0
0	1
0	0
2	3
1	0
0	0
3	48
210	88
0	31
921	585
78	585
180	210
0	60
2	105
0	120
1	92
0	0
44	72
0	19
257	4604
17	4604
14	210
0	205
1	84
1	84
55	114
0	135
2715	529
0	335
68	523
11	5
206	263
9	94
2	8
0	1
0	8
651	732
225	621
59	771
3	206
42	639
11	0
0	0
9	125
0	80
0	765
634	5
0	0
0	0
0	0
0	0
0	0
0	578
7	578
22	349
20	470
0	327
0	390
0	215
10	4
2	26
0	432
0	4
0	20
0	21
0	19
0	37
2	18
0	4
0	15
0	34
0	2066
45	1587
0	2048
0	1452
2	22
2	111
19	1910
272	11758
1	797
404	7508
8	0
13	10908
0	9980
0	178
0	0
0	972
1	386
2	531
14	961
165	1646
0	782
1	1022
0	778
0	1971
0	1812
30	329
9	206
3	185
2	278
3	155
46	120
0	14
2	15
0	30
9	2
3	177
17	148
0	101
44	166
6	7
0	102
8	460
7	424
2	210
21	261
32	246
1	29
2	584
127	1087
3	877
3	162
3	145
0	0
30	2696
5	2695
135	2684
4	8
7	13
10	330
0	17
7	1526
1171	1528
39	3
246	0
0	131
3	156
0	138
0	7
0	36
0	0
0	0
0	0
0	0
0	0
0	0
0	0
0	0
0	0
48	224
15	223
97	34
0	34
4215	72
1	0
4	69
7	35
15	655
0	22
0	21
3	49
165	662
172	466
3	466
159	96
6	96
0	30
0	127
0	453
0	465
97	315
23	215
43	2
19	336
1	65
0	142
4	134
2	105
10	9
0	57
220	0
0	0
0	0
0	0
1490	356
0	355
22	0
166	5420
80	5775
0	158
0	0
45	5625
390	137
0	117
7	0
1	0
0	19
94	922
0	862
0	850
56	880
3	447
1	206
0	72
16	25
0	35
225	4910
5	3200
36	0
1	2937
0	4910
26	0
58	4
64	4462
21	2724
8	4458
104	969
0	286
0	166
0	677
2	24
0	13
1	25
0	49
1	17
0	15
7	128
18	1756
1	2049
10	1110
1	196
7	428
0	24
1	1002
5	216
1	311
1471	495
0	445
45	210
272	317
3910	2
2	551
0	784
4	772
13	774
3	0
2	183
34	208
0	771
3	7561
295	7733
122	110
11	1051
92	1186
11	817
8	10
24	233
0	0
32	187
1	7
11	2
2	0
0	6609
0	6549
6	689
3	1364
73	1719
0	1807
0	0
0	40
0	23
0	1665
5	252
2016	255
0	10
773	12
3	0
0	0
25	41
1	40
6	17
1	0
0	0
611	1050
1	990
0	4
0	73
1	624
92	616
8	286
10	317
0	429
26	27
0	18
0	15
3625	5
0	3
3	1
7	1
0	0
1036	2650
0	1901
1	874
0	16
2	1580
174	1393
30	657
8	161
16	154
1	40
0	134
0	38
1	0
4	0
0	2
143	2864
1	2532
5	1861
14	534
9	5
2	4659
121	758
2	757
0	162
0	654
0	5
18	265
1	192
0	644
170	13382
528	13378
38	13383
7	11700
6	5303
51	534
0	448
19	1767
0	526
31	632
0	349
2	77
0	13027
2128	3
30	372
0	337
0	215
1	218
0	0
27	357
0	4
1	71
1	4
0	9
0	3
0	2
0	4
0	0
0	0
0	1
0	5
0	1
0	0
0	0
0	10
0	0
183	322
32	322
5	3025
130	3407
0	839
0	335
1	177
2	165
0	10
26	1492
2	25
4	145
0	1528
9	1249
41	30
28	33
10	0
1345	4
858	1
4	0
6	674
0	261
355	1195
569	65
6	65
3	1084
4	607
36	651
3	744
5	1
0	0
13	272
1477	632
2	631
4	335
392	148
0	160
1	52
3	77
0	114
2	114
2	94
1	78
0	13
0	50
0	22
0	25
0	4
4	0
3	0
9	90
1	90
17	4790
5	637
1720	5233
2	494
507	795
101	720
166	4038
0	0
0	732
1	735
1	404
19	740
0	1
15	540
33	2
0	6
0	10
0	6
52	5
5	196
0	196
5218	938
1	845
0	893
36	471
0	813
0	804
103	2271
0	1137
7	1825
11	417
14	212
8	0
6	2
0	2
0	0
0	0
0	0
0	0
0	0
155	112
1	8
0	58
0	72
349	484
1	390
0	343
28	354
0	312
4	0
0	288
0	19
0	7
0	20
3	44
0	90
0	13
0	3
2	3
1617	294
0	24
6	15
5	0
8	289
16	650
58	650
2	40
55	0
1	1592
13	3673
0	3029
0	2804
17	1013
0	218
1	115
0	231
4	20
1	2211
0	2937
3	2833
0	2862
3	2833
30	952
0	108
0	4
4	3
3	693
224	92
0	59
0	559
0	661
1	9
0	7
55	593
51	543
1	25
0	0
1	0
0	5
0	2
586	0
0	6
3	6
3	0
22	291
0	282
0	239
18	196
2	0
0	31
0	3
0	196
0	0
17	12
0	12
0	0
0	0
0	0
0	0
0	0
0	0
0	0
0	0
0	0
0	0
0	0
0	0
0	0
0	0
0	0
0	0
0	0
0	0
1011	1187
0	1187
0	109
1	95
62	39
0	39
4	24
0	0
0	2
0	2
0	0
0	0
8	647
53	658
0	203
0	51
0	18
12	0
13	0
0	32
0	31
0	18
0	0
0	0
0	5
0	0
4	5
0	0
0	30
16	0
1	0
3	542
0	418
0	558
0	166
2	280
0	129
21	0
0	1
0	525
247	874
5	875
124	254
5	686
164	3132
234	3133
3	0
96	379
2	15
5	0
4	0
791	364
1	80
3	167
16	47
0	2256
22	2239
1	20
4	4
1	30
2	27
16	44
1	309
7	280
0	32
9	2062
6	51
2	47
0	48
0	0
0	0
140	0
0	209
0	223
0	194
2	191
4	191
0	63
4	24
11	3
13	4
0	1
0	0
0	0
0	3
4	19
157	2208
180	1755
0	2071
3	267
1	107
0	1821
0	0
0	40
17	89
3	10
150	0
0	0
217	0
0	131
0	131
38	39
0	436
5	433
2	330
0	406
14	53
0	10
0	0
0	10
707	4206
12	4143
0	719
0	54
3	121
0	121
2	89
0	13
0	3
0	0
1	36
0	38
0	15
1	0
0	0
22903	41912
1105	40909
303	1464
21	242
0	67
0	67
0	37
503	17
1	17
2	18
3	471
20	345
0	15
1	73
0	54
0	2
6	34
0	56
0	20
0	174
1	18
14	736
0	685
155	99
3	13
7	12
4	18
0	102
45	145
0	95
3	144
6	41
22	102
4	0
0	435
0	424
8	391
3	515
11	526
1030	0
22	2404
37	2675
18	1269
0	416
6	88
0	229
984	6708
2	1918
0	1745
10	6532
38	1424
0	863
4	1083
0	310
16	383
0	46
1907	799
0	798
9	87
5	145
8	135
0	84
1	60
10	1
14	14
71	344
4	421
0	373
0	39
0	62
7	36
0	0
0	0
0	0
11	12
0	12
26	76
0	157
11	140
1	166
916	0
0	0
4	5
0	5
0	509
0	42
5	306
2	3
0	11
0	555
0	0
4	141
1	141
0	79
1	60
0	68
21	124
0	65
1	21
20	177
0	126
0	51
0	0
0	0
0	82
67	92
0	3
0	62
2	38
58	46
41	29
0	5
53	12
235	469
1	469
30	611
115	657
2	88
1	13
3	13
0	0
0	13
0	1
0	0
0	0
0	5
0	0
0	13
30	20
0	20
0	45
3	219
0	253
1	246
0	58
0	47
0	241
0	53
35	58
0	144
0	325
10	219
13	239
4	267
5	1
0	1
0	0
0	27
0	45
4	30
0	14
0	105
0	116
0	0
0	0
0	0
0	0
0	0
0	0
0	50
0	0
0	0
0	0
0	52
1	28
0	0
0	52
0	51
3	15
0	0
0	0
0	1
398	7294
320	6197
273	7163
14	145
36	1884
4	68
0	97
1	135
1	4
1	22
0	1884
4	61
4	1
3	62
2	3553
76	3518
44	2792
15	2686
0	1
5	236
8	1450
0	1919
3	0
0	1
1	0
1	0
0	1
2	1
2	1
0	1
0	1
0	0
28597	17
11	259
80	255
52	171
7	90
0	90
0	78
0	31
0	0
0	1
1331	1106
0	797
0	557
9	24
204	106
0	106
209	14873
21	11638
0	1597
16	12102
0	102
0	340
0	1818
1	1428
0	1650
0	920
427	0
1	297
1	165
20	41
11	48
5	574
4	190
445	1221
6	1033
87	670
73	307
188	514
14	530
62	420
89	410
1	433
3	253
1238	1
28	34
0	34
134	8
0	2
0	6
0	0
409	34
10	34
429	0
0	0
22	448
3	115
0	25
0	333
0	0
0	9
2	13
8	13
0	7
10	100
1	161
0	96
0	165
1	26
2	35
10	0
265	188
37	188
6	0
0	0
0	0
0	0
160	2879
11	157
24	773
8	209
0	222
18	0
1	38
78	1974
4	43
1	53
4	52
0	5
13	0
40	1078
20	980
12	442
0	546
65	480
4	697
0	0
6	38
1	45
0	33
0	0
0	1
1	0
0	11
0	18
0	15
0	8
0	1
0	1
0	2
0	2
0	0
13	86
0	44
0	62
655	136
1	60
0	22
16	88
24	16611
0	13333
0	13067
1	2608
5	2486
0	17042
0	17966
0	13764
0	14688
0	13498
0	14422
29	970
144	0
227	86
0	14
0	73
0	12
0	13
0	6
355	911
0	674
0	911
1	568
0	2
8	387
0	394
9	173
0	3333
20	1
15	3396
2	0
0	214
0	3110
0	1662
0	3506
1	0
0	18
3	15
0	13
0	0
0	14
0	6
0	0
0	2
0	0
0	432
1	77
0	518
21	341
0	544
1	0
0	0
0	0
0	0
0	0
0	298
4	294
0	309
4	1
0	58
0	58
0	240
0	0
0	1528
91	1528
3	140
0	144
4	29
2	286
0	1507
0	51
0	55
0	55
0	43
0	51
0	19
1	55
0	20
1	29
0	1
3	2
0	0
1	55
75	2297
1	2184
3	417
12	174
0	0
0	0
0	0
0	0
2	249
233	156
1	99
2	17
0	24
0	46
1	4
0	0
977	649
3	649
23	0
0	19
1421	632
1	630
2	403
1	183
0	0
0	114
0	0
0	11
0	20
0	28
0	114
0	121
0	114
0	60
4	211
7	717
112	463
15	90
0	371
0	91
2	101
0	123
0	14
4	2
3	71
0	0
0	71
1	6
4	168
0	5
0	177
4	167
0	142
1	0
15785	17
0	1
0	0
0	0
0	0
0	0
1	11
0	0
0	11
63	113
1	113
0	11
6	83
88	83
3	6
0	16
1	1
4	63
114	469
18	458
16	410
0	409
9	457
6	53
0	278
1	179
0	152
0	62
5	103
0	115
0	68
76	50
0	9
5	0
2	50
6	31
3	1
8	272
0	249
0	0
0	271
0	333
104	333
0	81
12	157
0	0
3	0
114	145
0	22
4	141
0	37
1	9
0	8
0	0
0	0
0	9
0	0
153	12
0	12
206	74
3	74
0	0
0	4
0	4
47	4
0	0
0	4
6	33
27	343
14	173
0	1490
0	1588
2	1233
102	120
254	178
0	1525
461	202
0	91
0	0
15	29
0	12
0	199
37	1029
37	169
5	661
0	890
1204	4553
0	3439
7	1493
132	1807
8	502
0	277
1	387
283	0
510	279
0	263
0	21
24	6
0	0
0	6
31	0
7	64
0	64
1	34
1	5
2	73
3	47
5	70
0	9
0	1
0	27
0	27
1	13
0	8
0	0
5799	9893
13	9890
58	3920
0	5
0	0
0	0
0	0
0	5
2	2313
0	876
0	2151
5	9
0	176
15	227
0	1
8	15
83	52
0	3
2	72
3	72
0	60
0	0
0	0
0	0
777	46
1	46
0	2
0	0
0	2
755	700
0	44
0	0
0	1110
0	1110
0	956
17	1206
24	931
0	1160
0	986
0	1002
0	976
0	798
0	260
0	426
2	248
0	77
0	82
0	130
0	91
0	80
0	71
15	50
0	1
0	86
0	133
12	0
0	322
1	322
1	190
0	10
25	6
0	0
341	246
1	94
0	0
6	0
1	164
0	142
0	5
440	11576
4	7695
6	262
37	9866
9	1753
0	125
1193	3087
12	3084
58	1738
2727	5945
21979	7766
2	2224
13	1980
1	294
0	76
2	261
1	303
0	290
1	273
1	293
0	26
0	222
5	17
0	7
1	0
1	39
2	1
27	28
0	3
1	25
2	28
0	6
0	4
1	6
0	120
1432	513
0	476
10	2
1	11
0	378
2009	378
223	26
1	26
355	3712
20	3697
13	1380
9	1691
5	926
0	940
3	51
0	2
5	78
0	68
2	63
0	71
0	58
1	11
0	4
1	10
11	12807
0	12685
3	5674
0	8130
0	648
13	894
0	5713
0	588
0	957
0	1801
0	557
21	1072
0	460
7	4582
2	2268
1	2284
56	1654
0	1472
0	1471
24	1068
0	2271
11	434
35	426
1	150
20	229
0	0
0	0
0	0
0	0
0	0
4	26
20	565
90	565
3	358
0	37
0	50
0	98
20	380
0	380
0	358
9	5193
74	5004
3	4681
3	1325
2	92
0	200
3	458
0	53
10	162
0	143
1	285
11	286
9	260
0	128
2	128
0	122
2	1
0	0
0	0
0	0
0	0
0	0
0	117
1	119
1	0
3	76
0	128
1	136
0	0
0	0
0	0
0	0
0	0
0	684
7	420
0	985
0	445
8	792
2	3
0	3
0	11
0	938
7	798
2	115
1	0
0	2
2	59
0	8
1	21
16	0
2	4
0	72
0	171
2	480
0	0
0	0
0	0
0	0
0	0
0	0
4	407
19	369
4	264
0	374
0	61
0	68
0	2
0	14
0	4
0	46
0	256
0	170
20	76
6	59
4	47
0	58
0	48
8	41
0	3
0	27
1	3
0	3
0	17
0	32
0	7
0	38
1	28
126	206
0	558
6	485
18	2768
0	3039
44	2827
41	2775
0	97
6	100
5	339
8	0
0	324
0	176
0	4
5	166
5	254
43	276
1	2
6	22
4	21
0	19
0	15
0	11
5	14
0	1
5	5
0	5
0	0
0	0
9	28
0	2
0	2
0	0
0	46
1	412
0	359
47	401
11	129
14	10
38	132
24	138
0	9
5	408
0	964
6	65
0	53
0	55
2	3
0	8
0	964
0	12660
1	12227
0	294
3	1381
0	516
2	0
0	46
0	1175
4	11076
0	2709
2	563
14	9
10023	45
3	37
129	757
11	754
6	34
0	3
92	1
0	1
1383	0
143	0
16	2
0	2268
46	2092
0	51
0	2189
5	0
0	2365
13	2069
15	243
1	1977
12	0
1	122
96	5
11	4
26	1064
1	399
0	118
35	1
0	11
4	0
2	0
0	282
0	683
0	59
1	73
297	7437
12	132
15	4026
0	778
0	3894
2	386
4	75
67	5
29	5337
0	2766
0	17
0	17
0	4
0	3
68	365
0	247
6	339
0	141
5	88
0	18
1	63
0	0
0	84
7	38
3	4
157	0
58	1375
1	1375
2	189
14	194
3	12
0	73
0	1095
0	1075
0	1008
0	175
0	841
4	45
0	986
3	418
0	26
0	550
0	866
0	551
1	0
0	446
1	115
43	683
0	22
0	1208
0	1
0	1
8	130
0	134
0	91
0	20
0	13
0	11
2	42
113	30
0	29
0	1
0	1
0	0
0	0
9	10
0	8
1	9
0	2
0	0
0	0
3	344
0	191
3	261
0	213
2	148
1	127
0	126
0	38
5	135
0	1
1315	60
1	60
5	49
24	24
1	16
5	11
0	3
0	4
0	0
0	415
1798	418
1	63
8	668
5	35
0	16
0	226
7	183
7	59
5	984
5	1122
10	1634
142	1650
4	43
0	198
11	442
1	586
9	302
0	325
62	210
17	131
8	46
4	64
1	11
16	49
2	9
0	464
217	307
255	324
41	174
1	17
0	2499
778	2499
162	1849
459	1877
24	1812
31	799
1	677
7	1
6	86
286	213
1	0
19	110
11	140
4	715
8	189
2	2
2	53
0	703
0	0
0	0
0	0
0	0
91	323
65	323
11956	203
149	114
21	68
0	53
0	0
0	101
110	34
7	1
7	5
0	0
0	3
1	19
0	1
0	2
0	0
2	15
0	0
0	2
0	7
0	6
2	0
0	0
22	9371
0	10852
24	4988
0	461
131	11549
37	3848
0	1800
65	1343
791	1180
7	2077
0	7
2	2052
1	156
20	167
0	508
52	2117
10	630
2	51
18	1877
0	1443
1	46
4	315
11	349
16	63
0	21
0	37
0	221
9	932
4	874
0	107
9	881
22	746
2	106
173	385
74	104
0	43
18	79
8	105
0	44
5	73
40	884
1	318
1	0
11	1
0	881
3	0
1	0
2	1
0	1
0	0
2729	101
0	98
9	0
3231	8483
54	7415
55	7914
5	561
1	2104
13	879
67	1720
16	394
1	706
8	1109
1	1202
15	414
0	2172
1989	3209
5	1126
2	2164
409	0
0	0
166	2482
12	2440
19	1684
20	243
7	110
3	243
16	21
61	400
2	10
6	140
3	102
3	54
3	153
1	125
8	51
0	133
0	9
2857	1160
11	128
5	850
13	0
0	120
0	108
1	277
2	120
0	120
1	68
0	7
0	76
26	421
4	38
1	318
11	52
0	128
1	16
10	40
16	37
0	80
0	116
18	0
4	67
0	106
2	17
6	88
0	90
3	8
25	1503
52	1488
7	160
0	3
3	4
13	14
5	62
7	33
0	25
4	26
2	16
0	1862
13	910
2	1862
35	428
22	426
2	18
184	0
0	0
0	0
1	14
0	14
0	394
0	157
967	1436
387	471
3	966
0	0
0	0
0	0
0	0
0	0
131	0
0	0
0	0
0	0
0	10
0	0
0	12
0	0
0	0
294	1545
1140	1530
0	0
0	0
0	0
0	0
0	0
0	82
0	0
0	0
0	0
0	0
0	0
0	0
0	28
0	0
0	0
261	0
0	2
33	3
0	0
0	0
0	0
0	0
0	14
0	6
0	134
0	0
0	28
1	1
0	1
0	2
1	0
0	0
0	0
0	0
0	0
0	3
0	862
0	9
1	550
48	567
37	445
0	571
0	0
0	0
0	0
32	512
33	512
4	41
35	4245
0	242
7	3016
32	3227
0	2855
1	438
28	13
0	908
71	67
32	2244
28	279
0	325
0	380
8	436
84	1450
29	1556
3	573
15	183
0	7
0	27
2	635
638	689
0	625
0	166
2	1
0	689
2	468
1	2
17	459
4	1
1	14
4	7
0	39
0	298
1	2
132	813
1070	1013
6	213
0	792
10	639
0	746
95	646
0	45
124	468
21	0
11	138
3	110
0	4
1	79
1	65
2	8
14	8
0	122
155	179
0	13
0	56
0	84
0	39
4	28
2	6
154	8304
222	8302
1288	2569
850	2545
12	0
1	225
1	1168
10	1005
3	960
0	100
2	3
359	1
408	772
1	127
0	644
4712	3059
16	439
99	2618
128	68
0	68
17	2640
11	1803
0	1569
0	1539
272	1644
17	1479
2	80
0	201
0	162
0	14
1	37
0	0
0	0
6	2640
0	1234
6	1273
2	67
1	110
14	57
42	5
3	69
0	927
0	0
0	0
27	43
1	9
0	5
0	29
517	0
0	0
0	0
0	0
0	0
0	0
5	0
620	819
0	664
2	31
3	157
0	90
0	28
378	5195
29	185
14	68
60	1983
1	4931
0	19
5	27
4	14
0	9
1	5
0	7
1	0
0	0
1	1
573	528
2	157
1	151
0	310
0	39
0	0
0	0
0	8
146	1685
651	239
15	1221
10	1487
11	23
1	4
1	10
0	33
10	691
9	1154
355	1155
157	695
4	100
0	695
0	98
19	20
91	0
59	5468
40	4637
220	4969
1	1516
8	1244
1	1406
8	800
22	1
206	4968
733	32
0	31
5	315
225	405
0	26
1	65
0	1
245	604
3	1
0	16
0	27
26	570
0	4
6	0
0	104
1	0
0	0
0	0
0	0
33	359
0	144
2	82
15	474
0	72
14	8
0	0
7	278
0	175
3	3
22	64
0	0
0	0
0	206
0	431
10	441
12	178
0	431
1	84
0	324
5	267
0	88
9	171
0	3
0	0
0	0
150	2
1	1
9	336
0	275
3	28
2	303
0	254
0	89
0	6
3	19
0	0
0	0
0	0
0	0
1	2
17	281
1	46
49	281
2	5
731	3892
6	3891
1	154
16	155
0	101
2329	352
1	0
0	0
57	2063
0	2181
0	2091
13	60
0	334
6	2141
33	343
4	275
12	76
3	2
0	0
20	0
72	1
2	5
2	5
1188	283
0	131
0	87
5	0
2	32
0	117
94	0
0	0
0	0
0	0
0	0
22	1117
45	1208
0	1318
34	1294
448	6
11	2341
0	4147
1	5376
2	5320
198	6044
298	6485
40	113
0	9
1	962
38	362
40	1947
1	2469
9	68
2	161
0	0
34	303
1062	314
0	278
0	36
0	0
0	0
0	0
0	0
0	0
6	162
240	1172
6	84
0	91
1749	1171
838	114
0	1
2	15
0	4
1	101
0	1285
52	1898
3	1522
13	1218
2	394
0	131
1781	5737
11	2318
3	1
15	235
4	405
0	399
16	99
0	0
0	5641
187	1711
3	64
34	46
3	5
56	1626
0	33
2	85
2	0
3	68
3	123
0	14
0	107
0	0
1	40
0	0
0	0
0	14
53	4611
1	24
31	9
9	4074
0	3897
11	81
0	2650
18	2319
0	4385
0	4011
0	1
2	5
1	3272
1	503
36	122
12	155
2	91
0	792
0	4609
0	4510
30	153
0	58
0	52
1	14
1	18
1	16
69	320
0	60
2	25
2	260
0	1
8	19
0	0
114	200
0	92
0	159
3	3
8	14
0	0
0	0
0	0
0	256
0	955
2	1343
10	1414
33	534
1	729
1	0
0	69
0	46
0	0
1104	1348
0	298
0	1107
0	1175
1	882
2	1185
0	146
12	38
0	3
0	165
5	109
0	0
2	1098
0	1
17	3361
0	0
0	0
0	0
6	34
0	13
0	34
0	0
0	1
0	1
0	1
0	0
0	0
159	2717
7	983
3	1822
0	1684
0	1150
6	2120
0	0
152	892
11	331
3	0
1	773
1	58
0	84
0	24
9	24
9	32
15	36
0	4
2	0
0	11
1	1
0	0
0	0
52	138
0	143
0	126
0	131
0	80
10	13
0	11
0	4
1	15
1290	11
0	11
0	0
553	631
0	576
2	54
8	0
185	0
1	470
0	291
4	78
0	11
1	85
5	58
0	9
0	39
0	11
27	5
9	0
7	128
1	179
11	106
13	2
0	2
44	719
14	719
0	336
705	1606
14	21
5	140
0	1414
20	1413
10	48
0	15
1893	711
0	465
2	206
160	98
0	98
2	0
4	0
5	0
0	918
0	1171
3	1028
69	960
0	271
29	2888
399	2859
13	2204
38	4
0	2037
0	2036
0	1948
0	59
169	444
23	444
0	314
0	13
0	267
1	150
4	34
0	13
3	62
1	49
0	4
339	0
17	227
12	224
0	1
0	1
0	4
0	0
25	0
3609	3
0	66
0	10
0	66
0	11
0	1312
0	124
11	162
0	0
0	1
0	1371
0	1350
282	1205
93	1209
19	4
1	185
75	83
0	5
4	46
3	19
36	37
1	65
3	43
0	18
8	34
0	65
26	36
3	0
15	6
25	6
0	0
0	6
3	0
0	0
0	0
0	0
1	17
8	112
19	112
0	3
1	1
0	0
364	24
0	7
1	2
0	17
54	100
17	45
4	0
10	8
0	1
0	3
0	14
0	6
0	7
24	27
0	13
0	13
0	13
0	1
0	0
2797	3
1109	2
0	13
0	13
0	9
183	189
2	23
1	0
6	143
0	34
0	1
6	2
63	0
0	0
0	0
0	0
14	460
5	448
5	231
0	100
0	229
1	0
0	6
0	6
0	6
97	0
6	199
13	322
5	82
0	49
0	85
0	70
0	0
0	0
0	0
0	0
1493	619
1	7
78	526
2	384
11	433
31	362
0	11
0	101
0	0
6	14
0	8
0	1
0	11
0	16
0	15
4	472
172	474
3	424
6	3
20	1
1178	2415
15	2176
0	128
0	915
0	86
0	618
0	40
0	0
58	2
97	52
53	110
0	1
0	0
0	0
0	1
972	126
4	126
0	27
0	3
0	3
0	0
95	939
2	1066
704	2195
56	1736
3	45
1210	3052
5	2851
86	2935
1	316
2	119
2	167
0	29
3	35
1	6
0	248
0	228
25	26
0	399
5	202
0	426
0	6
0	0
0	0
0	5
0	7
36	0
14	166
518	269
0	15
2	71
0	68
1328	927
0	927
1	11
2	13
0	0
0	13
0	13
0	0
314	1148
2	1674
7	813
0	1113
0	318
297	675
13	1664
901	34
3	34
0	0
12	1
366	372
1	431
41	426
58	536
0	460
6	230
0	7
12	88
34	366
2	366
2	0
0	392
48	408
0	43
2	409
6	86
0	90
10	15
0	101
0	73
0	189
0	144
0	97
0	146
0	141
0	123
0	92
0	156
0	82
0	14
0	96
0	91
230	217
60	214
27	217
3	1
2	260
38	317
0	36
4	76
2	74
0	28
0	58
1	4
5	28
0	15
14	3
2	18
23	12
0	3
0	18
0	0
0	0
0	0
0	0
42	1274
249	1505
8	574
261	1095
0	248
24	1001
4	404
6	0
0	299
106	158
0	23
0	34
1	117
0	116
3725	2
0	13
0	13
0	13
0	13
0	1
0	1
0	1
51	1282
5	1279
0	1105
0	391
0	314
0	19
0	110
0	0
15	5
717	0
0	33
0	0
1	33
1	0
0	3
0	5
0	0
0	1
0	1
56	3830
4	8
0	3830
286	591
1	567
0	15
21	27
0	44
1	0
2	1
11	228
0	655
0	2675
0	297
2	3462
0	3461
9	156
0	186
1	3908
1	0
0	10
6	693
0	7
0	282
0	2757
0	8
0	1153
1	8
36	3
1	150
0	8
5	2376
3	31
0	0
5	1
0	3651
4	100
0	50
0	101
1	27
0	100
18	0
2	1
54	1910
8	0
4	3927
690	66
0	6
0	60
4	0
0	1
0	1
107	223
4	223
0	0
0	50
0	0
46	0
0	50
0	0
1270	502
8	501
0	124
0	239
0	335
5	0
27	0
0	0
0	3
2	3
0	0
1918	1482
0	2
0	1107
0	541
6	1475
5	1146
219	92
2	10
4	39
1	51
2	70
67	148
10	4669
6	3929
11	1219
0	4722
0	3315
63	3804
12	2911
4	2191
0	2297
202	3435
0	176
7	1564
0	382
5	0
2	38
47	344
82	2347
3	4371
1494	3
6	390
9	405
2	333
9	317
0	401
5	403
4	46
17	0
46	1067
0	1146
16	4
11	0
2	84
0	14
19	27
2	14
0	8
0	7
0	6
0	11
0	1
0	1
0	841
0	2931
28	3149
2	1513
7	102
0	116
7	213
0	81
24	319
0	159
2	25
44	974
1	0
0	8
3	63
0	190
0	8
6	119
0	47
2	1321
10	1321
61	1149
18	1232
8	1216
1	922
74	826
14	22
7	71
0	321
325	799
4	24
1	9
18	45
0	799
105	0
4	1222
82	1236
0	6
0	598
0	6
0	15
0	10
0	4
10	52
6	3705
52	3560
44	2132
12	3694
0	11
73	231
2	25
0	220
112	90
0	91
0	94
4	42
0	0
4	0
69	330
7	222
0	261
0	169
2	0
0	2
0	2
1	22
0	33
21	3866
356	3833
9	783
882	1066
1	246
0	33
276	1532
64	1452
0	228
3	146
1	61
13	372
7	8
0	4
1	5
35	368
0	272
0	274
0	108
0	87
3	73
0	92
0	1
2	20
2	4
6270	10316
2950	10417
2	2406
0	700
0	791
69	637
38	171
60	2559
69	2265
0	2
0	2
0	1
0	1
0	32
0	24
1	16
0	26
0	19
0	22
0	0
0	3
2	3
52	1438
0	8
0	8
0	76
0	1304
0	52
0	0
9	1390
1	4
0	0
0	295
2	0
10	1537
7	26
187	1487
36	1496
0	686
0	13
6	5
82	27
22	0
369	51
0	42
22	9
39	365
10	347
0	60
19	15
0	11
0	5
0	43
0	2
0	13
762	8368
279	8183
39	1381
22	867
18	0
8	12
20	219
859	387
5	126
7	110
0	91
42	216
11	136
10	62
0	13
6	32
0	16
61	138
0	13
1	143
4	0
0	0
0	0
0	0
0	0
0	0
2	2
0	3
0	1
0	0
0	2
0	0
0	0
2	1653
188	1655
0	4
0	2
1	20
0	11
0	1489
21	145
0	0
0	2
0	2
9	44
0	0
1	873
0	816
1	1053
0	1368
1	1035
0	40
0	100
5	1291
0	971
1	79
0	182
2	1336
0	816
0	1
0	868
0	1086
1	813
0	1
0	45
0	112
1	41
34	48
84	5
2590	17
2	13
126	3863
3	428
303	3688
5	681
0	396
2	221
0	275
1	234
2	10
0	310
0	228
14	0
10	42
1999	3
42	4005
5	3726
14	522
3	8
72	978
5	18
3	373
0	1073
1	0
2	0
385	830
2	801
12	2
0	129
2	0
3	9
5	28
3321	4073
0	3751
0	2653
7	599
76	2237
0	1436
19	88
0	414
11	178
2	22
9	393
1	3
0	2243
1	86
0	86
1	88
0	87
0	17
0	12
2	16
0	17
0	13
0	14
0	0
0	0
0	0
0	8
0	7
0	7
0	6
240	4966
7	13459
0	42720
62	46450
0	22137
2	274
3	2658
2	5573
22	1282
10	124
10	6
89	17
0	42716
81	441
1	125
1	218
23	129
0	78
0	229
16	32
2	74
1	0
30	6710
37	6710
16	6881
1	0
5	8
2	6660
1041	2390
0	533
0	8
12	69
0	111
0	295
206	2126
0	795
0	1223
10	457
0	711
1	705
0	1186
0	653
0	737
555	617
0	35
2	186
0	13
0	148
1	110
0	499
0	344
1	44
3	1361
0	1076
0	785
6	799
0	224
0	621
0	543
0	368
2	0
0	159
4	159
0	87
0	1347
1	748
0	1752
0	1279
777	1757
240	285
1	41
3	232
2	169
0	33
1	62
0	0
24	131
34	131
0	72
481	880
88	880
6	7
0	4
0	7
0	3
0	0
1060	1694
9	742
9	910
2	213
7	1004
0	11
1	1056
2	421
336	388
6	385
1	161
1	1
41	6
1	6
8	2397
66	1363
13	0
0	11
0	90
1	826
1	739
5	172
1	135
0	44
0	2424
1902	1623
0	2
3	1600
1	0
137	730
11	708
0	176
213	4713
256	1490
0	3903
0	2
31	0
3	0
2	1
0	945
2	0
3	0
22	23
0	0
0	0
2	23
8	20
242	596
4	596
7	0
37	112
5	91
0	30
1	75
0	15
237	177
7	3
0	162
1	18
0	2
2	0
0	0
0	1
1	16
40	22
5	51
0	0
3	35
774	337
0	37
9	203
1	243
0	73
199	182
0	7
0	26
19	41
0	34
26	33
1	6
0	0
35	6165
0	6165
12	4529
1	1
0	81
9	43
4	1
1	132
2	86
0	6162
0	3504
124	860
0	2550
1	1946
3	115
16	1668
7	2020
2	1968
0	1980
9	683
5	36
4	159
2530	2
15	0
0	0
0	49
904	983
14	907
11	38
36	1741
0	1850
0	165
0	57
5	1482
0	0
2	3
8	20
0	24
52	3
3	0
0	0
0	0
0	0
0	0
8	373
4	322
9	56
9	0
1	65
23	83
0	0
1	8
4	2
13	7
0	7
0	6
10	4
4	31
458	2131
1	924
2	292
67	1764
55	274
4	159
0	3
4	26
42	1033
104	75
0	66
3	4
24	99
0	132
65	402
0	449
171	586
2	167
11	153
1	91
0	3
2	21
0	0
1	324
37	324
3	0
0	268
360	71
1	0
0	71
0	0
0	0
0	0
12	610
32	84
17	426
0	273
0	234
24	166
4	2
16	5
2	341
0	133
3	475
7	475
0	310
128	71
0	1
2	10
0	68
0	1020
1	1020
0	558
0	546
42	139
4	317
9	203
0	97
0	90
1	41
0	93
3	5
23	24
0	60
0	0
0	0
0	0
10	0
0	0
0	0
11	21
8	18
0	0
0	0
0	8
6	5
41	388
0	388
0	66
4	0
2463	92
3	56
1	32
0	1
0	1
0	0
0	0
0	0
0	0
0	0
1	74
0	59
126	269
0	13
5	291
61	151
0	16
0	0
3	0
0	0
1328	3535
0	3533
0	0
0	0
3	535
7	516
0	98
0	30
0	32
0	0
0	1
0	1
0	0
0	1
0	1
0	1
0	0
0	0
0	47
7	47
0	0
0	0
0	619
2	135
10	619
6	8
4	0
28	736
1	909
0	815
260	363
0	87
0	61
0	92
26	31
0	111
2	188
0	325
0	0
0	0
0	0
0	0
0	0
0	0
0	0
28	55
4	398
35	388
3028	3
114	721
23	30
0	597
13	599
2	280
2	101
0	294
5	337
5	350
1	0
0	0
0	0
0	0
830	0
0	0
0	0
0	0
4	38
1	40
0	18
25	8
26	80
0	18
0	0
0	0
0	124
0	124
0	68
356	1148
3	1092
0	699
1	67
0	0
0	7
1	0
0	7
0	0
0	0
0	2
0	7
0	1
376	0
68	164
33	179
0	7
0	53
13	32
4	1267
0	1154
3	359
6	165
4	21
2	27
437	518
8	35
1	34
0	61
1	525
5	2
0	2
0	424
16	51
6	1135
1	1238
16	1169
0	12
0	423
0	35
5	120
0	387
3	213
2	0
0	349
0	191
0	48
0	128
0	92
0	39
0	30
0	66
3	495
10	466
0	430
0	29
0	0
2061	34
0	7
0	26
47	857
27	603
15	419
0	618
0	0
0	0
10	35
0	35
0	3
0	5
0	5
0	5
0	5
0	5
0	5
0	1
15674	17
0	0
251	398
7	206
52	392
1	170
1	2
0	0
0	30
11	30
0	19
0	0
0	0
602	250
3	58
0	192
0	1347
5	224
0	1431
54	1020
4	1343
0	140
12	1143
28	61
7	141
2	48
0	0
0	0
0	0
9	0
0	0
0	4
0	4
0	3
4	3
0	3
0	1
0	0
0	0
91	869
285	1998
268	2222
36	917
2	974
1	178
33	1097
4	81
3	951
102	1036
7	552
2	586
6	94
0	4
2	25
0	25
29	2537
29	2537
0	44
3	25
0	0
12	28
26	514
0	46
1	80
0	514
0	0
0	0
2284	2
714	1523
10	1526
6	422
0	186
0	187
214	149
12	149
1120	1306
24	218
125	1311
179	968
0	25
44	340
0	744
1	535
3	203
2	109
0	16
3	102
0	26
0	0
2	91
0	32
0	13
0	4
0	81
0	65
0	47
13	31
220	1411
0	1344
1	240
0	99
0	0
7	0
0	0
0	0
0	0
6	403
2	400
2	400
21	403
1	46
0	8
0	1
0	1
2364	509
0	34
0	477
322	11
3	11
0	1
0	1
555	2739
1	46
0	294
0	2673
37	62
9	2
0	60
5	3
1	7
13	1521
0	50
78	5
1	5
0	0
0	0
0	0
0	0
6	1366
35	1372
0	2
0	6
0	37
527	681
1	432
1	277
3	10
0	11
20	75
30	75
0	48
0	5
1	7
172	1016
20	304
11	468
0	352
38	684
1	173
0	0
0	57
0	53
0	12
0	978
0	0
0	50
0	0
0	2
0	50
0	0
0	0
0	391
10	461
0	39
0	44
2	60
0	39
0	46
981	78
2	7
68	40
1	40
1	31
0	8
114	981
0	103
3	976
656	3435
13	1790
109	2433
0	16
6	16
2229	2961
6	2943
1703	136
0	135
15	1235
2391	1299
68	64
8	20
3	11
0	9
0	11
79	22499
1	17935
514	20472
10	1
0	1140
0	0
4	0
91	715
11	723
12	597
0	4
0	80
2	69
0	144
606	491
7	482
0	425
0	8
7	1
4	0
108	12
2	52
2	276
0	126
0	1
2	52
768	735
25	63
0	153
0	10
0	786
0	24
1056	14
0	11
245	1426
24	1349
53	1212
0	1362
5	1130
1	0
0	3
6	10
7	637
17	50
1	1174
0	0
0	0
37	114
22	114
6	9
0	92
0	85
13	85
0	0
4	0
1	6
3	242
0	131
2	26
7	162
0	3
0	242
366	101
22	113
12	52
0	0
0	0
0	278
31	290
0	215
1	3
4	44
11	35
28	137
0	0
0	137
5	459
20	419
6	439
2	435
70	44
0	23
10	18
0	5
0	11
0	3
3	23
5	2
10	6
0	12
0	0
0	0
0	441
0	0
43	1386
0	205
2	393
0	465
56	673
38	126
51	430
20	133
0	152
0	0
0	0
0	0
0	0
0	0
0	0
0	0
0	0
0	3
0	3
10	404
2	356
3	10
117	311
0	29
1	103
1	21
3	11
0	0
0	35
0	106
0	0
34	1
0	1
2	57
0	927
131	927
0	1
5	2455
225	2511
6	1211
1	92
0	4
0	2778
2148	21
0	4
7	16
0	0
0	0
0	0
540	1
0	113
0	152
4	219
12	119
0	99
2	28
0	0
543	0
0	0
27	108
0	48
4	60
2	55
4	14
10	0
7	42
0	66
0	0
0	0
0	0
0	0
0	0
1	308
1	0
0	308
0	306
68	308
3	0
0	306
10	308
0	81
19	2
31	2325
49	1351
0	254
0	56
0	1
2	41
37	2133
5	1702
2	76
1	7
2	73
24	15
4	168
12	0
2222	2
2786	1091
1	0
1	0
0	1045
9	1
0	176
5	11
106	2117
45	2112
48	993
37	745
0	1
0	1
0	1
0	1
0	0
0	0
0	0
91	405
1	301
0	229
0	0
0	0
0	0
0	0
0	202
0	204
0	18
1	1
0	2
0	0
2	0
283	25
0	24
2	104
786	9
0	9
2	0
9	2169
2	125
0	0
52	2131
1	183
0	137
0	63
0	18
0	0
0	15
4	140
0	5
2	142
17	569
3	457
7	592
0	555
1157	157
0	138
0	12
2	2
0	6
0	0
0	0
0	0
0	0
0	38
0	38
0	19
2	0
0	0
2	0
171	298
18	221
0	14
0	94
0	19
0	0
0	0
0	1
207	42
1535	42
0	0
0	0
0	0
0	0
0	0
0	0
0	0
0	0
0	0
0	0
0	76
47	1067
24	1075
1	176
2	61
0	17
0	17
0	0
1	10
10	0
12	0
65	0
15	141
0	1
0	1
13	6
3	6
0	9
3	141
1	0
0	0
0	0
0	0
0	0
6	0
0	12
0	15
0	10
1	1
862	616
4	16
4	28
4	118
0	0
0	5
0	5
2	5
0	1
0	1
0	0
0	0
3	0
112	0
11	419
7	537
1	353
2	376
0	2
2	6
0	51
0	11
3	10
16	229
0	205
8	178
1	50
0	18
0	13
0	30
0	72
4	2
0	11
12	3964
5	1068
5	360
2	954
0	1056
8	861
49	258
0	831
0	3599
4	1739
3	2730
7	280
75	0
1	1337
20	4230
0	4009
148	731
40	398
136	229
0	334
28	33
49	24
0	6
0	6
0	16
0	101
31	180
17	79
55	2518
0	290
1	77
0	1770
0	1753
24	2346
2	2159
0	0
0	0
0	0
154	352
0	348
3	117
7	181
0	31
4	2
0	1
0	361
1	5
118	577
10	12
5	126
5	16
4	15
0	10
5	81
0	3459
3	535
19	212
0	24
12	466
8	69
0	77
0	100
0	141
0	238
113	95
0	94
0	296
3	202
2	262
0	317
9	314
0	315
0	312
0	261
0	17
0	96
1	8
0	0
0	313
10	0
0	0
1	7
0	2
0	7
0	58
2	75
0	65
0	59
0	74
1	55
0	2
4	223
1	313
0	11
0	109
1	253
0	10
0	11
0	54
0	48
0	42
0	83
0	105
3	16
0	0
0	0
3322	5
0	503
11	293
0	254
1	355
3	372
0	38
1	0
34	86
2	0
0	388
9	199
3	184
10	6
1	13
10	0
14	62
21	1487
0	4
16	1487
40	1438
0	31
0	60
4	5
31	8
1	8
1	14764
0	14318
5	9073
0	543
60	1571
1	40
48	2168
0	187
0	336
27	2
123	381
10	369
7	98
3	66
8	16
0	11
0	0
0	5
0	0
0	5
0	0
2	0
1	39
4	39
0	26
2572	198
6	2
0	118
0	73
0	0
0	0
0	0
0	1
0	0
0	0
0	0
0	0
0	0
311	0
7	9
0	9
0	0
34	0
0	0
313	1219
38	1320
22	65
0	369
4	254
3	255
0	1
47	137
0	102
2	85
648	0
11	837
0	0
509	4339
0	14
32	4325
61	437
0	524
0	360
21	122
17	9
1370	2191
20	2176
90	2201
3	576
85	210
74	41
46	0
33	54
0	430
0	480
2	563
0	210
262	367
18	3
1	253
0	171
12	26
0	505
0	0
0	0
902	244
0	207
40	143
0	146
1	133
0	1
4	196
0	25
0	24
12	93
6	55
10	200
2	0
0	24
4	0
0	0
0	0
0	0
1	411
94	718
293	1316
0	86
0	105
0	349
0	936
0	560
1	600
49	2
105	469
83	377
324	253
0	16
0	20
6	8
0	3
0	0
9	443
13	343
1	302
0	74
5	343
15	348
8	1
0	78
0	0
0	537
15	22
0	537
3	0
0	0
77	1207
77	1236
0	1013
4	1
6	0
1	1
0	1
0	1
0	1
0	0
2	33
2	26
994	877
7	526
0	210
0	31
3	582
8	17
1843	613
30	68
94	537
0	634
53	585
1	508
3	81
50	509
0	580
0	48
0	563
0	0
0	0
365	0
137	1391
15	878
64	1440
0	22
0	677
11	59
0	94
8	739
0	704
35	563
0	451
28	51
12	486
0	63
0	0
0	0
1	0
0	0
0	0
1	0
0	0
56	905
0	0
0	0
0	72
0	18
0	903
10	494
7	537
13	531
1	46
0	30
5	10
9	1521
33	2012
11	213
5	940
29	289
9	55
0	88
0	67
0	87
18	32
1102	515
12	102
25	0
4	26
320	38
10	13
19	10
1	9
1038	153
0	81
2	151
0	23
5	27
0	343
1	354
1151	365
1	79
0	5
0	5
0	0
0	0
0	1
2770	185
6	57
0	46
11	100
276	1258
0	738
1	1176
0	1908
0	1637
11	1731
29	1047
4	107
0	70
9	266
1	303
68	1676
0	59
7	184
4	182
0	724
0	537
0	625
3	126
0	635
2	12
1	42
3	43
1	641
0	484
1	0
2	101
0	394
0	139
9	216
0	100
0	90
37	734
0	185
0	0
22	28
2	28
648	1
10	96
0	75
0	47
0	5
0	48
0	15
0	0
99	184
0	158
1	18
1	146
18	170
0	3
5	25
3	25
0	27
1	18
0	2
27	25
11	9
0	5
0	0
1	0
0	12
0	12
0	2
0	12
62	2424
1	2485
16	2976
49	1442
0	2592
123	2040
1	717
11	237
2	2365
10	1978
2	518
12	20
0	19
0	2
0	633
6	546
0	725
1	533
14	615
3	22
0	214
33	86
0	457
18	166
0	0
18	88
0	20
4	203
1	62
60	21
5	15
24	17
0	633
0	727
0	0
543	276
0	273
2	8
0	0
0	1
1	1
0	0
0	0
0	3
144	200
0	214
39	179
0	50
33537	10697
0	2042
3	5151
7	2518
2039	409
0	323
3	101
478	1
4	2002
12	468
0	3
0	2002
409	2218
225	2218
29	1
0	1
0	1
0	1
0	0
0	0
0	0
24	13
0	0
0	13
0	5
0	5
0	2
0	0
0	2
0	0
0	0
0	0
10	243
0	238
2	229
698	392
1	392
60	243
0	38
16	5
4	12
0	8
371	0
15	0
0	0
0	0
4	301
1	833
15	866
30	849
1	830
3	112
0	138
0	11
6	8
0	11
545	1703
43	754
9	1249
30	210
0	7
0	670
2	185
17	8
0	8
0	141
27	138
2	140
0	22
0	164
0	50
0	118
168	248
0	221
2	20
0	3
0	27
1140	1
0	2
0	2
1	2
0	0
2	0
1	0
0	0
22	76
44	94
0	4
3	104
1	91
1	0
5	5
0	2
1	0
2	6
73	388
10	382
13	1132
8	1400
0	1658
0	101
5	171
0	90
2	240
3	199
1	197
10	36
32	536
0	0
0	565
0	163
0	215
15	532
0	536
7	13
2	13
0	0
0	0
0	0
0	0
0	0
0	0
0	2
0	2
0	2
0	1
0	2
1048	1509
2	937
6	164
8	3
0	1412
963	0
11231	8107
0	4678
0	7029
31	2385
5	4487
0	14
3	14
0	9
481	471
11	406
0	484
2	1
1	53
0	352
0	0
0	0
0	0
169	1286
1	1038
22	350
6	299
1	3
1	1
0	1
1	37
0	6
0	3
1	7
0	7
0	0
0	0
0	4
52	819
35	474
14	593
38	91
14	11
0	6
10	194
12	137
2	106
2	195
0	44
0	114
0	60
0	182
1	51
0	112
91	130
757	0
0	517
0	477
7	342
23	79
2	216
10	2
1	24
0	478
4677	5144
1	4628
0	2675
15	3130
1	1756
5	760
1	120
2	698
3	705
0	746
0	63
0	46
0	18
140	170
15	131
29	57
2	39
0	39
0	2
0	0
0	0
0	0
0	0
0	0
0	0
0	0
0	0
0	0
0	576
13	489
7	431
5	590
1	198
1474	8
4	3
9	4
3	80
6	8
0	66
1	3
2	28
0	19
0	170
0	19
4	0
1	1
0	29
0	0
0	0
0	0
2	22
1	22
0	0
0	138
1	61
0	144
0	39
0	45
666	256
15	1
10	493
0	230
10	214
7	253
0	217
2	252
0	146
5	484
0	0
0	0
0	0
0	1
0	1
66	40
4	40
0	3
0	11
0	0
0	0
0	0
0	0
0	1
0	243
463	271
0	29
1	1
0	12
0	0
0	0
0	0
4	436
0	191
0	351
0	53
0	46
0	13
0	107
2	45
15	126
2	80
0	0
0	0
511	5623
164	5623
5	4
0	4
0	0
0	0
0	0
0	0
0	0
0	0
0	154
5	472
31	891
109	890
1138	102
25	96
0	6
22	0
5	163
2	153
3	136
0	0
0	11
0	66
1	5
116	280
15	280
3893	1473
10	797
0	1313
0	36
18	163
50	0
0	0
17	160
2	161
0	31
3	8
0	41
1	12
0	2
24	57
0	0
0	57
17	150
182	268
0	244
38	25
117	82
0	1
0	17
0	0
2	4
0	16
0	13
0	3
0	16
2331	1
1	50
4	86
6	151
565	151
0	4
0	0
0	0
39	149
0	123
6	166
3	93
1	25
152	1279
1100	1480
6	637
34	584
1	128
0	0
0	1302
0	0
0	0
0	0
0	0
0	0
0	0
10	2
0	2
0	0
0	0
0	0
118	1057
10	1030
15	31
0	27
4	2
0	1
299	48
21	45
0	42
17	32
0	22
0	3
5	23
0	8
22	699
0	219
2	43
8	7
0	698
0	349
462	1413
22	1219
2	2
0	198
0	101
64	363
0	0
0	29
1	134
24	3883
10	3883
177	3906
3	2
0	17
1	8
4400	1
14	0
1	432
7	371
0	127
0	128
0	24
12	49
33	0
896	514
3	510
0	11
4	273
0	788
1103	835
23	203
2	0
0	47
2	49
0	49
13	0
0	4514
75	4505
11	2434
32	1881
7	53
8	0
2670	63
0	62
6915	1908
2	1593
0	139
0	296
0	0
0	0
0	0
0	0
0	0
2786	460
0	296
2	219
0	62
1704	143
0	140
225	244
0	226
0	224
1	29
0	18
4	2
0	2
0	277
21	299
0	67
0	1
0	23
0	64
3	64
0	50
0	0
0	7
0	0
0	3
1	1
0	3
665	739
0	42
3	22
24	3695
0	2551
0	2827
3	2890
13	197
1	2534
44	894
0	2572
475	12536
46	9355
0	3406
0	4238
8	10475
3	2866
5	1
40	115
1	2
3	105
2	106
0	5
0	0
0	0
0	2
0	324
0	2
690	325
0	2
0	0
5	362
2	131
1	9
2	12
13	325
1	51
13	115
1	43
3	43
341	183
0	7
3	12
0	12
0	0
0	2
0	0
0	0
0	0
0	0
0	0
0	0
0	0
0	0
0	0
0	0
4	49
0	49
1	0
0	0
0	0
49	339
0	54
0	5
0	352
0	1
2	1
0	0
1	37
0	37
0	37
0	33
1	16
0	5
0	37
4	2332
100	96
0	2309
5	1672
0	1700
0	253
0	130
2	52
5	14
2	170
0	2238
3	2412
0	2413
7	3554
56	3745
6	3544
0	1169
1	0
1	309
7	1874
1	97
1	588
0	553
1	159
0	408
27	630
0	208
0	199
0	104
55	243
1	0
34	74
5	64
0	51
0	6
0	4
0	6
0	0
657	72
4	8
16	8
0	56
6	2
4	2
9	875
0	788
0	36
0	38
2	873
2	1
0	540
0	542
1	37
4	220
1	111
0	8
0	0
468	308
6	255
1	52
4	416
9	533
0	10
20	538
10	212
3	305
4	164
0	101
1	106
0	59
10	81
0	25
0	2
30	6773
126	5947
0	1985
59	1343
22	1072
12	1120
0	589
21	1797
22	384
21	619
20	256
3	541
0	636
11	1088
0	126
1	126
1	123
5	125
1	10
0	0
2	0
0	30
0	32
0	0
4241	3434
343	500
0	76
107	771
0	598
27	14
17	745
67	1352
0	146
0	2
1	345
2	198
0	328
0	296
0	17
11	99
1	6
0	38
88	650
111	550
30	650
0	543
0	12
12	1416
0	1142
32	1018
0	186
1	794
0	799
0	909
0	767
0	792
3	11
1	61
0	67
18	525
15	574
4	22
0	11
258	0
1	529
9	574
34	332
11	382
0	3
3	398
0	22
0	14
0	31
4	497
0	496
0	1
0	0
0	1
0	1
0	1
1	1
0	1
3	0
0	1
0	1
0	0
0	0
0	445
11	16
145	843
0	210
14	17
0	2
11	262
71	400
1435	92
2	1
0	29
0	5
0	56
781	3383
0	3383
0	0
339	43
0	23
0	19
15	65
606	66
647	0
1	0
0	19
0	11
1	849
2510	1062
0	1
60	212
415	62
0	56
0	6
1804	4448
23	382
0	469
0	3374
1	529
2	278
6	55
1	250
3	184
1	271
0	10
18	66
9	9
0	23
0	10
0	2
4	113
0	132
3	125
3	123
0	125
0	13
0	1
0	13
0	13
0	10
0	2
0	0
0	0
0	125
7775	2444
10	1673
98	2290
1	654
0	135
47	7
13	0
12	267
0	36
4	231
7	4
0	4
2	45
18	37
5	42
1	2
0	2
0	0
268	1029
16	34
283	995
0	27
3090	1
5	971
0	1044
0	979
0	28
0	1027
3	0
19	814
24	75
30	32
2	4
16	818
3	117
2	1
0	10
8	1
21	271
41	280
1	42
119	0
82	119
0	12
29	84
7	6
0	10
2	20
0	33
0	33
0	12
124	519
93	716
4	646
0	0
0	0
56	925
20	235
2	12
0	1
1	47
19	21
0	1356
0	1292
0	18
0	8
0	46
0	50
0	12
2	34
11	562
3	162
0	367
0	77
0	487
0	46
0	0
35	67
0	36
0	1
0	1
0	0
0	1
0	1
0	0
0	0
0	0
0	0
2214	2
31	1
0	0
34	487
2	415
0	475
6	408
5	0
8	3
0	0
0	0
0	0
0	0
742	0
0	12
0	5
1	12
0	7
0	11
0	5
2	8
1426	2433
3	7
11	1834
0	1481
0	2050
0	1542
0	467
0	1282
0	916
0	1199
0	101
0	812
0	393
1	461
4	354
3	0
1	48
5	3
1983	3
161	629
1	605
2	97
0	0
1	17
1	0
21	8
1	0
1	9
0	13
0	2
0	7
1	5
0	0
2	5
0	13
0	0
4	11
0	2
0	8
2	4
0	16
43	2208
0	807
0	1477
487	2238
19	2122
8	0
0	2
0	174
7	257
28	174
0	2238
1	810
25	838
41	801
14	773
1	182
0	154
0	24
2	0
6	0
1	4761
3	1219
30	304
0	4758
0	0
0	0
436	0
8443	958
1	733
2	326
3	308
7	2
42	370
5	481
2	439
0	11
0	39
0	3
1	230
0	2
4	2
0	13
0	235
0	0
0	27
1	0
1	0
1	8
346	264
95	265
0	185
20	265
164	28
6	9
3	5
1	2
3	2
1	0
1	110
0	108
0	7
1	0
0	0
0	0
0	0
0	0
0	144
20	151
2	149
0	24
4	7
244	657
1	7
0	180
1	535
0	61
1	142
0	26
0	9
1	384
15	9
0	270
0	1131
18	1104
0	716
0	296
14	1103
0	27
0	0
2	11
0	1095
0	0
2	324
44	490
7	405
1	125
0	0
0	0
0	0
0	0
0	0
6	441
0	0
13	467
10	328
0	109
2	54
0	366
1	374
0	402
0	293
0	123
5	9
0	8
2	81
1	53
0	15
0	1
156	2
321	585
1	41
2	7
1	31
2	30
0	490
0	30
0	40
1	139
0	5
0	5
115	717
2	76
0	324
6	399
43	6
1	72
467	50
0	50
223	35
3	0
2	4
1	0
4	31
0	0
9	268
2	237
1	5
9	5
0	261
1	25
4	26
0	26
0	26
555	85
3	2
21	83
0	84
0	813
0	819
0	456
0	425
0	2
0	72
0	137
0	243
2	115
4	148
0	148
0	122
1	6
0	11
0	3
0	7
1691	839
0	503
0	425
0	116
0	72
25	2
1	146
11	20
2	13
0	233
558	322
0	322
1	132
1	0
0	26
15	25
0	1
0	14
38	140
11	37
0	131
0	4
40	628
1	56
1	0
0	52
31	594
47	54
0	6
4	54
0	0
0	0
1	3
299	4
4	4
101	85
11	85
0	2
2657	0
1	2
2	13
0	0
8	11
2	0
3	6
0	38
32	38
0	0
0	32
4	0
0	0
2	0
0	0
0	0
0	0
0	0
0	0
364	55
0	53
45	0
5	2
21	512
19	1334
461	1582
2	177
1	93
0	92
6	421
53	771
0	4
5	328
323	1888
14	1660
4	1
10	401
0	206
0	211
38	369
2	325
0	178
1	0
15	113
4	35
0	116
0	126
0	334
5	1092
0	367
0	0
0	42
0	130
3	721
0	921
1	19
0	98
0	111
0	1092
0	1094
0	1090
0	1057
2	1776
119	1775
3	57
5	16
82	4
1	343
56	343
8	344
0	3
78	586
4	586
0	0
0	0
0	46
1	3
0	31
206	18
3	18
0	0
0	0
0	740
0	696
0	3
0	3
0	0
3165	4415
31	4296
2	2913
3	384
1	369
1	205
1	14
0	0
0	3
0	2
4	4
2	1
0	0
41	467
5	396
1140	474
0	80
0	0
1224	3121
9	90
3	3089
4	554
166	724
1	0
443	788
7	216
28	91
2	84
4	701
0	202
48	220
5	198
0	198
2	81
11	423
0	413
5	49
0	0
678	576
0	1
0	361
0	363
57	379
0	139
0	129
0	114
101	10844
0	1659
0	204
1	185
0	868
1	11976
4	12004
0	79
0	12
10	71
11	1166
93	1449
0	10982
0	75
0	19
19	2638
0	5435
0	52
0	302
3	266
0	11508
51	0
0	0
0	4
2278	2829
0	1313
0	3106
5	67
26	267
1	94
39	12
0	4
0	11
0	4
0	0
0	0
0	0
363	1101
0	773
1	0
0	812
6	88
5	436
118	64
2	11
0	11
2	13
524	0
3751	2296
16	2295
0	1637
6	554
0	1232
5	0
0	0
770	175
0	16
0	159
0	16
0	1
0	1
0	1
0	0
0	0
2	1953
376	2620
64	677
33	582
6	628
7	567
58	177
74	0
0	0
8	531
17	504
7	427
0	96
0	9
0	129
0	235
0	90
4	8
0	0
0	0
43	1398
125	1396
0	45
3	142
4	192
2	2
0	26
945	249
0	248
64	531
20	906
12	612
22	20
1	20
12	44
1	291
8547	2323
0	2131
22	377
4	94
0	0
0	0
47	971
86	903
7	885
2	45
18	490
0	0
0	9
0	0
6814	4557
1	4045
0	2584
5	216
0	0
0	0
0	0
0	0
0	0
0	0
0	4
212	322
2	322
0	0
3	51
0	1912
0	0
295	1886
14	1886
0	9
4	0
2	0
0	0
0	0
0	0
1550	267
1	255
0	11
69	0
0	0
0	0
0	0
0	0
0	0
0	0
0	0
0	0
136	424
13	424
0	103
2	3
0	9
0	5
96	86
16	86
521	6227
21	19
23	19
0	8
0	6
57	6226
538	4298
23	2740
397	4548
6	4304
1	1338
0	5
3	28
12	27
28	4360
11	739
1	23
0	23
5	5
0	0
0	3
0	1
0	1
0	1
0	0
0	1
0	0
0	0
57	29
3043	1187
6	428
3	746
0	16
34	110
57	128
2	556
0	0
0	0
12	84
3	84
0	3
0	0
0	15
0	82
0	17
2	36
1	0
0	36
30	0
1	28
176	92
1	158
0	209
1	208
1	202
4	79
2	31
0	22
1	15
4	11
0	21
0	0
495	351
2	347
13	249
5	12
416	14
0	14
16	1310
24	922
29	1180
2	1056
0	964
53	964
70	117
4	96
2	103
0	7
2	84
0	343
48	354
1	53
20	1
5	354
1	750
0	81
0	0
0	981
0	742
0	466
1	102
3091	365
0	183
0	165
0	0
2009	624
2	530
1	451
8	1
2	1
5	748
450	374
0	373
0	0
1	499
0	35
1	492
1	47
11	2
10	405
0	58
0	492
0	1263
24	637
290	1130
19	1083
27	1091
4	504
1	30
7	60
1	749
3	708
1	50
4	47
0	709
1	396
0	34
1	343
6	437
0	26
0	369
2	433
0	11
0	9
55	545
2	419
0	480
111	1387
284	1335
69	49
5	538
0	0
3	728
0	1127
0	535
0	522
9	408
9	338
209	1059
8827	8
40	342
0	274
6	101
0	165
0	3
0	281
3	76
98	1402
6	1432
56	196
0	9
0	9
0	9
2	9
0	5
0	7
0	7
0	0
0	0
467	508
0	42
3	465
13	0
1608	1135
0	154
14	1063
51	0
0	0
2	0
0	220
11	1295
0	665
7	613
0	367
0	482
15	216
4	837
0	570
1	493
9	222
1	170
1	1
5	242
35	0
14	250
6	0
65	0
0	1
0	1
0	1
0	0
0	0
0	0
1012	520
1	439
1	414
185	284
0	22
76	2908
2	3035
16	0
0	0
1	251
2	105
0	0
0	0
986	530
0	66
35	12
0	89
1	94
0	521
8	0
0	0
0	0
19	9
0	9
0	0
1454	0
1096	525
50	525
8	59
3	0
1	97
4	8
0	0
14	8
0	0
0	0
0	0
3	54
0	54
0	0
0	0
0	1
2	17
244	0
6	450
0	1
4	23
47	33
0	4
85	26
3	336
1	86
1	73
0	990
16	293
15	6
77	1089
57	58
6	46
0	55
658	2214
98	239
63	1975
0	0
24	290
122	291
1	102
3	2
10	0
41	1394
32	1626
6	1537
1	3851
8	3936
2	312
6	66
1262	2202
0	194
1389	2156
218	1245
0	0
0	0
0	0
0	0
81	0
83	2036
0	962
168	2105
25	2076
2	123
0	1172
2	571
7	680
1	895
203	644
1	26
17	735
6	190
1	448
0	3
3	62
27	5
1	51
9	90
1	17
0	0
0	160
0	1123
2	1026
13	981
7	1008
1	0
18	279
49	206
0	3
3000	2690
2542	2691
14	6
1	6
0	0
0	0
0	0
1	0
0	0
0	0
793	55
0	0
1	53
17	82
81	82
45	81
289	62
3	62
0	1
0	77
0	35
15	304
10	360
23	4
2	244
3	22
30	1
0	32
0	9
1	9
62	29
33	25
2	4
1	0
34	595
1	28
0	10
3	13
0	50
0	1
0	0
0	615
0	636
0	683
5	95
21	23
0	28
1	19
2	80
1	75
1	28
115	76
3	76
0	55
0	71
0	51
0	195
43	285
0	261
2	50
0	176
1	7
0	8
0	0
0	91
1561	657
3	0
0	50
0	17
0	623
0	106
4	5
2	5
0	0
0	0
0	0
0	0
0	0
0	0
0	0
0	103
172	108
0	109
0	18
0	13
0	0
0	13
0	4
0	5
0	5
0	2
591	62
0	14
0	2
0	48
1	9
193	90
3	71
0	14
0	15
8	11
212	15
204	7
0	0
0	0
0	0
0	0
1	1
7	322
115	1026
122	105
7097	4110
51	198
4	1160
1	2217
916	17
0	0
0	0
0	0
0	0
0	1
0	1
0	1
0	1
0	1
0	1
0	0
76	356
25	305
56	78
34	32
33	396
419	396
9	118
6	96
0	17
1	78
1	44
3	50
1	11
0	25
0	9
9	8
0	3
0	3
0	2
0	1
0	0
0	0
0	2
116	1446
12	1350
66	1404
1	5
114	773
0	0
17	34
0	12
4	108
16	24
5	4
5	100
0	19
16	213
5	355
0	416
1	193
0	0
0	0
0	0
914	2749
0	631
1	2110
6	391
2	25
0	526
1	550
0	766
67	277
9	362
0	10
0	304
2	447
19	341
0	108
0	98
5031	19
10	0
0	16
2	9
1	0
0	0
0	0
0	0
108	694
0	586
3	309
0	0
0	24
132	1383
98	1380
34	3
155	2700
73	2202
0	2591
1	2169
0	1490
5	1288
11	42
0	0
0	273
0	379
10	696
0	320
14	123
0	403
1	71
1	282
1	59
17	0
0	114
0	6
0	0
0	0
0	115
336	67
0	67
0	1
2	6
0	12
9	14
399	314
1	221
0	55
1	41
0	0
0	0
0	0
0	0
0	349
4346	9
1772	1
0	4
0	3
6	405
0	25
0	4
0	4
0	167
0	2
0	0
4	1
0	1
0	1
133	0
0	0
0	0
1	1
0	1
0	1
16	333
1032	1284
60	402
4	211
39	473
0	321
24	85
0	176
0	4
45	327
4	105
0	455
0	0
10	27
1	27
17	0
0	0
0	3
0	0
0	3
0	0
0	0
0	0
0	0
0	0
19	0
0	0
11	850
21	1587
4	565
7	1
8	84
0	16
16	352
4	429
4	81
8	104
0	81
2	201
0	11
0	529
23	601
122	601
990	11
24	11
8	54
1	63
12	26
331	906
0	0
0	0
4	791
19	252
6	552
2	680
3	102
62	492
5	44
14	99
1	0
2	0
0	99
0	10
0	1
0	3
0	0
0	10
0	12
0	206
0	301
0	238
0	73
0	18
0	240
6	64
0	65
8	2
847	259
0	139
0	41
1	5
45	76
115	260
10	186
1	236
5	38
2	8
5017	514
0	510
0	0
0	0
0	0
0	0
0	0
0	0
2341	0
2286	1
20	119
0	119
0	0
0	507
25	551
0	0
0	236
2	32
9	0
0	0
0	72
336	3377
14	239
6	0
2	5
0	3377
0	26
1	0
141	30
1	5
0	2
11	2
654	63
0	63
0	242
0	433
0	291
2	390
0	401
0	5
0	129
1	55
3	32
0	40
0	1
0	5
0	418
756	3127
8	2361
158	125
0	873
450	1553
0	1216
24	524
0	10
4	0
3	0
269	1564
0	6078
648	6691
33	1315
17	227
0	227
0	227
3	2398
36	2210
45	1432
8	193
4	0
0	547
0	0
0	0
18	719
3994	721
101	3180
57	3160
9	11
57	2664
65	249
10	249
0	4
25	1038
32	1234
3	176
2	757
2	126
32	12
5	334
0	4
0	0
3	488
176	446
7	0
1	117
0	307
1	416
1	1
0	53
1	81
0	488
4	0
10	4330
29	7197
14	5531
1	1720
0	265
79	158
8	89
16	67
8	5
1	62
9	5
0	0
0	0
0	0
2	0
0	0
0	0
0	0
0	2
0	2
0	0
0	0
0	0
0	0
12	4
0	3
0	0
0	1
0	4
0	0
60	197
125	197
111	469
47	469
0	34
3	19
0	0
0	11
2	8
0	0
0	0
4	5
0	5
203	149
0	94
17	119
0	4
0	4
0	0
0	0
0	1
5	2011
11	1848
2	1640
0	1272
5	159
0	81
0	397
13	260
0	0
0	0
0	0
647	136
163	135
0	0
0	0
600	1685
0	1500
1	434
17	217
0	0
0	0
0	0
2858	246
20	133
2	245
7	0
15	44
0	34
0	3
0	5
0	29
139	379
1	49
0	329
0	36
0	0
0	0
1783	2181
3	2112
0	0
0	0
0	0
72	38
0	7
3	0
2	31
0	2
8	857
429	953
2	0
0	98
2205	7
0	0
1	0
0	0
0	26
0	149
0	9
0	9
0	0
0	4
0	1
0	129
0	153
0	1
7	260
7	38
1066	536
0	528
2	7
623	17464
12	14288
1	6618
12	23
16	4117
1	1
510	14430
10	691
10	51
22	0
12	80
10	31
1	23
0	27
0	8
0	5
0	2
1	0
22	168
89	169
4	138
9	199
6	244
0	18
0	77
0	17
1	118
0	0
1776	1143
7	316
15	638
1	296
8	40
329	156
0	155
103	50
0	47
3	86
1641	76
0	76
127	3342
0	2903
19	3472
0	435
1	451
0	133
2	19
2	44
0	2944
0	0
0	0
536	1254
3	1251
48	2318
118	2315
30	290
0	8
10	43
0	238
5	64
0	420
0	48
0	69
1	69
8	71
322	504
9	490
9	496
13	114
0	273
2	0
71	747
0	595
3302	731
0	59
3	1238
42	1196
0	1196
0	333
0	103
0	12
1	6
0	1
0	822
31	68
0	46
0	46
2224	61
25	60
1	868
5172	872
0	0
1	0
0	0
0	0
315	4462
0	375
4	907
2	785
323	3378
0	3180
16	870
0	20
2	185
0	141
0	156
2	140
0	8
0	41
0	1
2	0
35	389
0	219
13	321
0	10
8	24
3	138
0	15
3	2144
49	1372
1	194
2	44
14	22
1	2
1	881
600	116
3	41
0	64
0	51
0	7
6	0
0	4
10	305
0	261
0	162
0	169
0	22
20	31
0	11
0	11
3	313
28	313
15	184
0	24
0	0
4379	58
9	55
1	45
0	46
2	31
0	13
4	10
0	1
128	31
1	26
2	890
1	890
0	45
130	5252
3	1
0	918
7	4756
1	8
6	2560
10	318
0	0
0	0
1052	0
28	0
349	344
0	259
0	63
2	150
42	0
30	76
12	27
5	262
0	262
0	0
0	0
3	12
0	10
0	12
0	12
1	1
0	1
199	19
0	5
1	14
83	16219
0	16207
28	5005
0	15339
0	15465
4	14
0	14
4	907
0	0
0	0
40	8
0	2
6	965
0	97
11	2
0	680
1	14
0	965
0	965
11	485
9	1138
0	446
6	923
7	1091
0	459
0	911
1	123
0	27
0	59
4	320
2	778
0	95
0	79
0	316
0	935
0	322
0	0
0	0
723	1888
0	526
0	0
28	29
4	8
13	1873
3	29
0	1886
0	5
0	1
5	3035
122	3861
0	340
0	12
1	732
48	2958
0	479
0	304
3	96
3	866
3	99
7	1303
111	1307
0	12
0	47
0	30
1	6
0	1303
5	1196
1	0
7	29
0	0
649	871
0	74
21	2
6	871
3	658
3	871
0	0
2	0
1	0
1652	0
0	0
7	0
0	4
0	4
0	0
0	0
0	0
0	0
0	2692
4	130
69	1816
2	11
0	10
0	10
0	10
1	0
0	1
1756	892
0	141
0	161
3	57
10	675
0	9
11	492
0	45
0	10
1	81
1	140
0	0
0	0
0	0
271	0
54	402
117	403
0	390
0	0
16	0
0	0
4	0
645	0
4	267
0	113
0	26
0	42
2	26
0	278
1	16
4	16
1	0
0	0
256	0
0	0
0	0
0	0
76	262
1	2
0	246
4	13
5	8
0	250
3	0
23	0
0	0
440	199
0	110
0	6
2	0
0	21
12	67
0	0
0	66
0	151
4	207
0	172
0	79
2	131
16	227
5	22
7	0
0	23
58	272
94	338
0	285
3	0
0	5
10	83
26	120
6	23
2	18
0	17
0	17
0	17
0	17
6	7
3	1
0	0
5	441
1	300
5	0
1	6
5	1
0	257
0	374
295	1242
6	1188
7	964
36	14
5	49
0	38
0	95
0	27
0	21
0	20
0	1
0	1
0	0
0	0
1	73
0	210
29	214
2	55
12	3
269	1
374	6971
1029	5847
177	6282
0	0
0	7
13	1
0	660
1006	1477
279	200
0	87
0	3
0	113
1027	48
1	35
0	7
2	13
0	2044
59	1357
0	156
0	1594
0	364
0	1015
0	1016
0	1
0	1
0	1
17	0
15	1347
103	814
4	1238
1	285
0	0
0	105
6	563
13	0
22	0
86	1
18	0
0	0
17	0
0	0
0	0
0	0
0	0
0	0
0	0
0	0
22	0
0	0
0	0
0	0
0	0
0	2
0	1
0	1
0	0
0	1
0	0
1116	602
1	611
0	18
1	235
0	1261
2	1476
0	1030
0	894
4	642
5	1031
2	1035
0	793
15	876
0	911
0	334
0	300
3	0
1	53
45	25
419	771
0	245
3	711
0	49
1	71
29	259
2	0
754	1181
3	1049
0	1053
42	987
0	930
1	780
0	679
2	2
11	38
10	4
3	131
0	118
3	2430
161	353
34	353
3	155
922	154
25	33
9	89
0	0
0	0
0	0
101	536
1	536
19	6
1	6
0	0
0	4
0	5
0	0
0	105
0	79
1	9
1	6
0	113
69	39
0	39
0	6
0	1
0	10
2135	1
208	229
17	229
0	0
0	0
0	0
4	13
0	13
0	0
72	277
7	446
0	331
1	294
0	8
6	0
0	118
0	1
0	17
253	471
5	471
0	4
5	1230
68	1255
21	10
1	7
0	3
6	176
1	15
0	28
0	176
922	592
0	591
0	527
76	517
0	170
0	54
828	307
1	311
0	279
3	1
1	12
0	8
3	1894
6825	1900
12	1118
10	718
202	718
22	78
109	715
2	336
1	313
2	63
0	10
0	1
239	60
15	33
165	2100
5	239
0	510
0	429
13	1704
36	268
0	330
138	0
0	0
427	113
1	0
0	11
5	32
0	3
0	16
0	0
2	8
1	24
2	30
1	0
0	25
1	31
0	2
0	2
0	15
10	1064
0	1083
0	1108
1	1078
30	1084
1	809
10	4659
4	94
0	0
27	920
59	25
9	719
3	511
19	5
2	310
121	407
1458	395
64	19
600	222
0	116
0	105
30	33
4	33
31	55
17	52
0	0
0	0
0	0
0	0
0	0
0	0
0	0
0	0
457	455
1	20
157	434
0	143
5	2415
143	816
0	2316
17	3127
4	967
0	265
0	600
0	592
0	832
14	1688
1	76
0	557
79	218
0	91
5	196
0	0
81	299
13	309
0	67
3	88
0	4
51	156
0	9
0	24
2	3
2	15
2217	389
48	388
0	11
5	75
95	1
0	0
26	124
4	3
4	123
7412	172
3	166
2	0
0	0
0	0
408	930
0	0
1	930
0	73
1	0
0	64
29	690
3	19
0	153
646	677
3	77
0	56
6	195
62	458
0	81
13	144
1	313
45	376
0	0
0	70
13	114
952	150
128	297
28	216
9	14
2	63
0	0
0	0
7180	11
9	9
2	154
0	149
0	226
19	225
0	222
1	97
3	72
2	71
0	0
2	25
0	142
1	1
1114	802
0	783
7	610
1	411
0	386
0	46
18	51
63	0
2	44
6	42
0	17
1	2
0	0
0	0
0	0
0	0
46	272
4	76
181	227
0	186
49	4888
50	5007
0	5483
6	38
0	3752
2	17
0	264
1	23
1	417
5	9
1	841
222	445
0	422
0	23
1	8600
73	8995
9	8886
263	4831
14	5204
1	5048
62	4612
4	823
79	44
2	1
0	0
1	0
0	0
0	2427
0	2809
43	1380
278	1875
0	2240
0	1567
0	456
0	2808
0	1621
3	311
0	205
20	989
54	2653
0	1682
0	2296
0	2287
20	119
144	3774
0	3761
15	230
0	2087
24	2331
76	1846
1	85
10	0
0	2369
8	50
0	26
1	0
0	45
0	48
0	48
8	21
6	11
0	2
0	5
0	5
979	0
7	373
46	394
0	23
4	45
0	0
0	0
0	0
0	0
0	16
2	18
0	11
1	10
0	13
0	11
0	2
0	10
0	0
0	0
0	0
0	0
0	3
0	1
0	1
0	1
0	1
0	0
0	2
0	2
0	2
0	0
0	0
0	0
0	0
0	0
0	4
0	0
0	0
0	4
0	0
0	0
0	0
0	0
0	4
0	3
0	0
0	1
0	0
206	0
0	0
0	0
0	0
5	655
0	346
206	646
20	1
1	0
34	346
6	109
6	87
0	655
34	313
42	1220
13	20
1	73
21	1207
0	0
3	127
9	1
0	1
0	0
0	1
0	0
8	0
0	0
0	0
0	0
3	272
4	257
1	150
0	257
5	6
2	39
0	5
0	0
0	257
13	1234
0	28
1	6
0	1222
30	65
0	221
0	0
0	18
242	649
0	1204
0	0
0	0
0	0
0	0
1	0
0	0
0	0
0	0
0	0
426	304
4	304
2	391
0	740
34	865
30	346
32	357
0	0
0	0
0	0
0	0
0	46
0	46
1	46
13	45
160	25
0	25
0	0
2320	3
1	0
29	2074
14	1281
1	476
0	475
0	204
138	2114
0	127
3	0
9	0
1	0
0	0
0	0
0	0
0	0
0	0
0	0
0	0
0	0
0	0
0	1
0	1
0	0
1	0
3	132
3763	209
1	162
222	1
2	0
32	975
10	857
4	5
14	389
0	786
64	322
8	841
0	129
0	2
0	121
5	131
5	0
49	131
0	0
49	446
14	443
0	40
2	49
2	1
0	3
2	0
1	1
0	0
651	1
483	74
1	74
2	31
0	23
0	45
0	28
4	14
0	0
320	0
4	1328
0	107
0	25
0	4
1	1
0	93
7	1227
29	60
0	1
3	40
0	0
16	89
0	37
0	0
1	0
0	0
1	0
1265	820
19	799
0	307
0	24
7	0
161	1001
0	186
6	184
0	106
2	32
0	2
6	997
975	3
0	1758
0	2084
20	2125
0	1825
3	297
3	208
2	269
0	228
1	156
75	2182
1218	1601
3	53
5	55
4	89
16	1481
6	285
1	65
2	0
0	2
74	2077
50	1899
0	966
4	382
235	218
30	46
0	0
2	0
0	7
0	7
0	1
0	0
0	7
0	7
0	11
0	12
154	166
0	14
3	147
2	0
2	145
0	77
0	122
0	0
0	75
0	62
0	58
0	47
4	7
0	5
27	12
0	2
0	12
0	12
11	5
222	125
0	24
0	91
19	66
1	51
6	61
1	9
1412	228
2	8
0	15
21	17
0	16
0	123
0	1
0	98
5	0
225	103
0	57
1	36
0	1
0	0
0	0
5	171
1	177
12	177
12	174
1	1
2	1
0	0
0	0
340	346
112	317
2	29
182	857
2	857
0	27
0	20
141	15
3	0
47	0
66	46
85	424
0	424
13171	291
29	284
0	0
664	0
1454	128
0	16
6	31
0	10
0	67
0	5
9	472
149	472
0	0
0	0
0	0
0	0
7	91
2	93
0	0
0	10
0	0
1	99
0	94
566	334
1	334
29	1206
13	1169
25	567
32	120
0	54
13	54
71	276
1	27
0	735
0	697
0	708
0	687
0	34
0	15
3	707
0	1
0	1
0	0
53	32
0	18
2	12
0	0
0	0
0	3
0	14
493	169
1	2
0	64
0	6
0	63
0	91
0	7
1	33
0	2
7	20
1	104
0	98
858	218
32	142
0	23
10	292
0	247
1	40
70	291
0	357
26	422
16	455
1	421
2	403
138	394
0	0
0	0
147	6235
4	4512
0	1492
0	0
0	0
0	0
0	0
4	20
277	1048
0	197
3	159
0	831
27	0
25	0
1797	64
2	61
0	11
5	41
1	0
1239	1427
22	1126
0	300
20	10
15	1024
0	24
112	959
9	943
0	108
3	958
0	46
0	43
0	0
0	46
0	21
512	214
3	211
2	2
0	2
1	502
3508	4629
1	2009
5	3788
24	4100
4	1
0	3186
10	316
3	306
0	6
0	11
1	6
8	2
0	314
47	2084
1	28
6	139
0	2021
0	113
0	36
3	27
0	21
0	24
0	2
0	18
0	113
1090	1
55	0
0	0
3	10
0	49
8	49
0	0
0	5
0	49
102	299
11	104
2	91
0	28
1	83
0	53
7	7
9	11
1	4
1	37
1	81
0	57
1	2522
0	641
5	46
0	693
0	867
0	32
0	871
0	234
0	133
10	873
0	34
0	36
0	2483
0	2532
0	6
37	1076
0	1078
0	10
6	31
10	694
0	723
0	772
0	48
17	33
283	778
2	0
27	238
11	55
0	16
7	72
24	394
19	103
12	376
32	1470
0	1628
0	1230
0	1845
9	60
5	369
17	1
1308	291
3	134
12	1
1	83
3	74
55	102
9	0
193	100
0	102
0	40
1145	1
1939	74
0	73
0	2074
387	1640
0	842
22	360
3	166
6	237
0	6
0	125
1	14
1	0
16	9
0	212
0	167
0	47
911	175
45	2061
198	23
8	23
608	255
0	166
3	106
6	172
0	52
1	23
1	10
1	0
114	152
43	111
0	42
1	0
1	16
0	0
1	0
0	0
13	236
1	0
85	158
8	142
0	124
0	1
0	1
10	11
364	159
2	158
1	8
5	0
5	30
4	0
46	0
0	0
0	1
27	27
287	30
11	45
26	73
5	2564
2784	2527
4	22
0	0
1	0
0	55
33	44
2	17
249	766
0	109
14	653
3	0
9	11
2	118
0	20
13	322
2	180
8	138
4	352
2	291
1	341
0	65
69	51
1	54
3	53
4	13
2	0
0	1160
29	1131
7	1095
0	444
3	136
0	6
1	6
18	4
1	0
4	2
0	4
0	4
0	1
0	0
370	321
22	2
25	321
260	259
1	231
2	113
0	0
0	0
0	2309
8	1489
130	1277
1	1050
0	822
0	145
3	42
1	15
0	0
0	2003
0	1858
57	423
2	315
0	293
0	0
0	344
0	0
0	0
1062	741
18	391
1	496
78	767
1	98
15	168
9	111
0	107
0	237
0	0
0	0
0	0
0	0
6878	5222
0	547
0	3158
14	1176
0	3922
0	0
0	0
312	0
0	0
0	0
102	497
0	195
3	247
0	121
2	31
0	114
3	176
1	0
5	16
0	22
0	12
0	1
49	4425
164	4641
2	4539
2	0
455	266
1	243
2	200
0	0
0	0
0	0
0	0
0	0
0	0
0	0
0	0
0	0
0	0
418	23
0	0
0	0
1	23
299	1096
1	1096
1	352
4634	1
0	0
0	0
0	0
0	0
1290	2
10	97
1	86
0	38
0	0
0	0
252	1525
5	1324
0	246
0	100
0	415
0	292
17	421
1	311
92	122
40	2944
4	65
16	52
21	1071
0	2874
22	374
0	1974
3	7
8	401
19	3
1	1013
2	6
0	2905
30	0
57	0
6	4
1	1
2	0
0	0
0	3
0	522
0	3
199	979
2	117
0	276
1	339
0	89
521	638
119	637
3	0
1	167
2054	833
44	91
46	342
4	572
2	281
0	378
0	120
8	39
0	0
139	0
11	414
2	240
8	102
0	19
0	19
0	11
6	316
0	45
118	164
0	3
0	0
7	12
1	0
0	107
0	0
0	0
0	0
0	0
0	0
0	0
384	100
0	21
1	21
0	1
264	122
0	57
0	21
0	89
437	136
27	38
50	67
1	98
88	21
15	281
92	367
0	0
420	0
0	0
1	0
0	0
0	1957
36	1288
7	150
74	120
141	1812
3	124
29	151
1	70
15	70
0	14
31	216
0	174
0	185
0	0
17	0
1	20
0	26
0	26
0	3
2	0
0	1
0	0
1818	290
9	290
21	0
24	1
223	299
2	298
0	14
2	15
2	0
3	0
0	0
89	2429
1	29
48	2534
0	27
0	14
1	515
2	12
0	261
23	92
1	354
0	15
0	472
3	259
1	126
4	26
1	15
23	719
2	0
0	719
3	609
15	2679
2	326
0	2528
4	3
1	31
6	239
0	237
275	2023
0	1311
1	1976
0	177
0	33
5	469
0	406
0	2016
10	431
6	1825
5	68
0	44
0	0
4	217
0	104
0	168
1	1782
0	0
6	1313
0	1
416	23
1	22
0	0
0	1
8	0
0	169
1	131
0	29
0	9
2	30
0	61
0	57
27	55
15	70
7	50
0	0
0	0
0	0
0	0
0	0
13	5
0	5
0	1
0	0
0	0
0	0
0	0
0	0
0	0
0	0
0	0
0	0
34	139
3	139
0	92
0	0
0	37
0	17
0	24
0	23
0	24
0	25
0	21
17	186
0	1
2	0
4	3222
0	2701
5	3228
0	3035
3	146
7	3107
0	3308
1	2583
0	2937
9	189
35	1518
4	454
85	0
0	0
0	0
13	0
704	0
0	707
6	776
0	769
0	702
0	103
0	0
0	0
14	48
0	706
0	705
0	1
0	1
8	245
481	840
0	0
0	172
2	470
2	222
0	0
0	0
0	0
10148	1090
49	1084
0	2
0	2
0	2
1659	3
0	0
0	0
0	0
62	796
0	1187
70	1705
0	952
0	705
0	814
4	459
6	267
1	516
5	471
2	478
1	49
28	215
9	74
21	145
239	183
0	111
1	111
24	168
0	0
0	3
3	23
3	0
4	69
5	303
56	306
0	304
6	73
0	303
0	0
0	81
0	133
343	1041
0	16
4	1002
0	110
2	0
1503	208
14	207
0	1
0	1
191	260
10	260
3	0
0	6
238	44
1	16
0	43
0	25
0	3
0	1
0	1
3	1172
2900	1876
0	260
12	201
0	339
0	91
0	77
25	2
132	0
37	44
0	22
0	22
0	61
21	61
2	6
84	356
23	366
24	316
10	50
2	6
1	0
0	0
0	0
1641	768
1	683
0	107
0	2
1	33
0	111
0	299
3	277
1	101
5	102
7	249
0	150
0	0
74	374
21	1333
27	81
9	506
25	179
2	0
1	163
6	48
0	672
15	0
1	0
0	58
24	60
0	56
3	58
0	0
0	53
2	58
0	0
0	0
10	865
28	885
10	859
12	0
0	96
33	11
0	11
18	340
27	340
0	0
52	315
1	261
0	28
0	0
0	0
0	0
1	1
6	1
0	0
0	0
0	0
0	0
0	25
0	25
0	0
0	0
0	0
723	68
1	67
0	25
2146	522
0	517
2517	842
1	46
0	114
3	159
0	312
1	2
2	6
70	0
2	18
0	11
0	28
0	5
1	9
0	17
0	22
0	14
1	0
1781	74
0	4
0	32
0	38
434	3767
66	4542
1310	2746
76	1453
1	2643
5	1387
111	2619
11	0
0	1525
6	0
7	7
0	0
0	1
0	7
0	0
51	1096
2	922
0	670
0	0
0	0
0	0
0	0
899	151
0	28
10	101
1	22
19	102
7	9
15	95
75	262
571	251
0	34
0	32
35	183
3	33
0	166
31	1
39	24
4	10
5	3
1	0
5	4
5	4
718	921
0	635
0	642
1	37
77	1003
1	712
0	252
1	325
0	71
0	0
0	0
0	2
3	2
1	0
0	2
0	0
2	393
44	391
0	392
2	390
0	79
0	34
0	0
494	95
1	33
1	27
0	35
19	1743
12	6
4	2
0	1743
56	38
18	85
1	42
1	45
740	47
0	0
0	0
0	0
0	0
0	0
0	0
0	0
442	2138
25	1545
36	1620
0	1446
0	610
19	1
88	1392
0	453
0	2
0	41
27	41
240	405
0	404
0	1
0	5
1	11
771	76
0	2
0	62
4	7
467	528
7	458
1	9
16	96
1	11
0	5
0	5
0	14
0	3
0	11
0	4
0	2
0	11
1	11
507	2153
0	1220
0	2276
18	237
1	1109
0	161
0	1821
6	325
27	613
0	42
1	4
0	45
0	1641
0	0
0	0
125	435
0	0
0	46
0	3
0	25
42	365
101	87
14	767
11	778
60	1033
11	78
0	3
0	37
0	72
3	0
10	523
202	1045
0	0
0	0
0	0
1	9
0	31
0	44
32	56
0	0
10	12
0	14
0	0
0	0
0	0
0	0
7	231
0	319
3	37
7	263
0	261
0	261
0	152
0	137
0	25
7	317
21	510
0	367
1	2
4	312
0	120
0	152
0	280
1	102
0	64
0	0
0	11
1	29
43	338
54	7115
373	7002
360	5386
13	382
8	568
628	219
2	1
2	218
2	2
1	0
0	0
0	0
0	6
1	4
0	1
0	6
0	0
2	3
3	586
0	555
3	267
3	63
1	1
21	42
2	20
0	3
0	0
408	815
6	815
25	24
0	24
0	0
0	0
0	0
4	234
170	325
0	251
0	28
13	10
19	351
17	351
8	0
35	194
0	68
48	173
8	246
2	186
9	99
0	0
0	0
2	35
54	644
0	16
0	17
0	27
1	17
0	21
1	136
0	589
0	2
0	23
0	33
4	0
0	0
1	1
58	364
18	364
19	214
17	214
1	67
2	32
0	6662
0	7
0	7117
1	6838
149	6405
0	165
0	180
0	283
0	1770
1	8
0	353
0	964
2	2902
3	1044
1	938
3	0
0	197
0	410
0	203
0	2706
1	494
0	1071
2	674
4	2728
0	2712
0	1346
1	2758
0	1492
0	1068
0	788
0	674
0	743
1	535
0	444
1	5
1	396
17	570
1	765
4	10
0	1017
8	415
0	137
0	1378
3	853
22	0
0	2744
4	0
21	0
0	173
1	169
1199	467
21	397
3260	159
7	176
0	1090
17	731
8	633
0	602
2	49
1	44
4	16
59	1107
0	0
0	0
0	12
0	21
0	0
2	47
3	17
3	14
0	2
0	0
2	12
0	47
0	45
0	42
0	41
0	12
0	31
1	47
0	22
0	1
0	65
0	0
0	0
66	210
7	13
0	158
7	153
0	0
525	647
34	542
18	436
2	114
10	648
16	582
2	83
0	83
0	428
0	499
8	2
90	1109
378	1109
9	0
0	0
0	0
0	0
0	0
0	0
0	0
0	0
0	0
138	233
2	177
0	176
0	143
0	151
0	109
0	159
0	75
2	91
1	19
7	23
0	0
0	0
0	0
0	0
0	0
0	0
0	0
0	0
0	0
0	0
0	0
0	0
0	0
3	1581
25	0
23	252
0	1562
1	1497
0	22
0	0
1	0
4	16
60	100
0	1565
0	803
42	575
8	426
3	147
0	62
16	8
1	113
1	8
95	1173
0	186
12	1161
0	0
95	1173
517	222
0	243
55	244
0	3
1	3
0	0
0	0
0	0
998	826
11	563
1	37
0	203
13	16
0	249
0	0
0	0
0	0
0	0
0	0
0	1
1	13
0	0
0	12
2	0
461	506
0	453
5	3
0	53
0	0
0	0
0	0
275	514
2	519
20	6
7	23
1	12
0	25
0	21
5	68
21	4175
6	6874
1183	21025
82	2830
0	15962
11	62
1	1
1	186
12	632
82	92
0	17315
0	2
0	2
0	1
0	0
0	0
0	0
122	0
0	0
2	95
0	127
0	105
0	22
0	10
5	665
0	688
0	678
0	638
6	482
12	573
0	90
0	6
1	33
23	1054
0	860
9	1118
4	33
0	149
0	106
0	91
0	237
0	0
1729	3
0	0
0	0
0	0
64	3
0	3
0	0
0	0
0	0
0	1
0	2598
15	105
0	189
0	59
0	2506
0	2607
0	2563
0	2499
0	2570
58	90
0	90
0	0
4	0
0	0
0	0
0	0
0	16
0	3
0	0
0	0
0	0
2448	2483
23	502
2	1440
13	441
0	1058
1	9
3	7
0	7
0	0
0	0
0	16
0	3
49	1156
4	712
5	792
0	2
3	18
2	6
0	8
2517	528
0	3
12	76
0	115
2	302
0	206
0	194
0	115
2	137
25	387
2	167
5	35
4	384
89	67
0	7
0	60
0	0
0	7
0	30
2	24
0	14
3	0
3	0
0	3
0	3
0	2
0	2
0	0
0	0
0	0
0	0
0	0
0	0
0	0
0	0
0	0
878	945
81	653
6	652
690	113
0	0
4	113
0	0
0	9694
166	10692
722	10692
1	10699
92	10687
0	9565
3	720
17	119
12	479
1	211
35	88
5	1064
0	1260
0	302
103	18732
251	19335
0	2667
618	6578
1	1609
97	4120
1	3093
29	1320
2	839
13	192
11	120
3	57
51	0
0	0
0	0
0	0
4063	126
23	125
1	124
5	0
11	3053
2	77
23	2
1072	2996
4	37
5	38
7	28
8	28
0	0
0	11
0	0
0	0
2	10
0	12
0	0
0	6
0	6
1	1
0	0
0	178
0	110
64	481
115	197
0	117
0	124
365	0
6	0
0	2959
3	3146
36	682
14	2657
0	137
0	133
2	0
0	34
3	74
1	2
8	674
0	96
0	90
7	591
0	0
0	343
0	3217
60	0
19	0
1	577
39	975
0	664
0	765
0	738
0	584
0	84
2	29
114	144
0	144
0	0
0	0
0	0
28	76
0	0
0	0
0	0
4	993
2	993
655	0
94	0
0	0
0	0
0	11
29	536
0	536
9	82
256	82
268	3695
0	2570
0	1151
38	7
1	16
1	3
5	3433
0	3693
2815	5344
1	98
39	5250
0	2297
0	0
0	0
0	0
53	2299
0	2288
54	2647
5	2057
0	636
23	925
1	205
42	209
46	192
0	65
0	628
0	0
0	0
5	426
33	633
1	463
24	4
0	463
1	19
3	0
0	4
0	4
0	0
1	91
24	247
0	13
3	11
3	11
0	6
0	162
0	0
0	0
0	0
0	0
0	8
0	4
0	8
905	3269
35	72
13	1
0	0
189	3273
0	1889
0	15
7	155
1	2810
1	3
0	4
8	88
5	21
1	93
0	3378
7	6
0	6
1159	437
49	437
60	403
0	408
0	153
0	51
4	641
5	536
0	666
14	164
4	190
0	0
0	0
0	0
2	1
0	1
0	1
377	283
27	283
0	0
118	548
243	536
9	320
10	347
3	62
0	0
0	0
105	0
0	0
0	2
1	2
0	0
0	0
2250	1985
0	1860
10	119
0	692
4	43
3	849
5	498
1	109
1	19
1154	548
81	548
33	181
0	170
0	179
0	8
0	57
0	760
48	822
0	17
3	0
3	203
1	0
1	760
8	259
1	9
1	0
0	0
1	64
0	259
0	0
0	0
0	0
2470	472
4	391
13	81
114	413
0	413
0	60
255	103
7	14
5	86
0	6
0	2
0	1
1	22
0	11
0	10
0	1
3	37
19	549
1	44
16	80
1	5
2	511
15	68
136	477
0	0
1	0
0	0
447	2996
5	1217
58	2788
1574	2792
37	1308
493	320
0	78
8	53
0	39
0	23
0	39
1	23
2	7
0	0
87	2
138	1134
27	950
2	97
5	28
291	206
0	70
3	136
2	20
1	16
0	10
0	0
5	21
0	21
30	12
2	12
0	4
0	0
0	0
318	1550
14	1550
0	306
211	0
0	0
0	0
34	461
4	79
0	85
66	403
8	1
0	0
0	0
0	0
1049	0
243	314
39	297
1	5
0	0
0	0
10	0
312	229
0	94
2	143
0	0
0	3
872	744
1	252
0	744
3	56
0	152
0	161
0	159
0	185
0	8
0	14
0	13
0	0
0	174
0	44
0	80
0	0
0	0
0	55
0	91
0	88
0	88
0	0
0	0
0	0
0	0
1	377
749	436
0	184
1	113
30	31
0	0
0	1
0	1
1	5
8	89
10	35
0	589
0	920
181	674
10	443
4	396
4	399
5	58
128	3926
150	4476
404	4444
1613	4428
0	324
1	334
678	461
0	136
9	0
16	20
88	757
0	500
7	393
2	88
1	1
0	72
0	85
0	71
0	7
0	0
0	0
0	0
0	26
10	1596
2	928
24	6
0	249
4	208
24	168
0	45
0	1591
436	156
0	111
0	15
1	76
0	72
0	41
2	0
0	0
0	0
1	0
2	11
5	52
1	4
6	45
0	21
8	19
7	0
24	103
2	1621
23	1037
14	1669
0	871
12	1446
0	12
0	619
2	0
1676	1
0	311
6	264
1	73
0	289
0	258
0	233
0	122
2	45
102	280
0	133
1	232
2	13
2	17
0	1
7	30
4	14
1513	734
17	733
3	0
0	1783
1678	5597
63	2129
23	0
0	2666
0	5594
6	9
0	0
0	9
0	0
0	0
0	0
7	0
254	65
45	48
32	65
3	6
0	6
54	1328
5	1329
250	1329
1	2
0	2
0	2
0	0
0	0
0	0
3	0
1	7
5	5
71	7
0	4
461	17
5	6
5	11
18	52
3	52
0	0
0	0
2	0
0	2
0	2
4	36
1	16
0	0
0	13
2	1
0	3
15	1
5	0
0	0
73	0
0	0
0	0
54	0
3	158
1	23
1	80
1	14
1	94
4	46
0	13
3	33
13	41
0	5
0	154
130	1086
8	1096
7	223
1	589
0	2
0	71
2	81
0	0
6	1096
0	0
0	0
0	3
8	9
0	6
11	18
0	19
0	19
0	0
0	0
0	0
3	102
414	867
45	285
0	27
0	81
0	256
6	228
6	0
0	9
0	5
0	68
8	0
3	29
1	0
6	63
0	1
0	0
0	3
0	60
2	452
337	1147
0	727
0	37
27	609
263	609
0	28
4	5
1	209
2	36
14	159
1	0
5	148
0	145
20	21
0	29
0	126
1	97
1	15
0	42
1	5
275	655
291	655
4	0
13	1000
7	1000
0	4
0	3
0	4
0	33
11	33
0	4
0	23
1	1
4	1
1	2
0	0
0	4
184	246
13	27
0	219
1018	795
26	229
31	423
0	2619
3	2713
159	2760
0	4040
143	3132
0	3275
0	2507
1	745
0	3
0	0
75	3616
0	242
0	1302
11	1350
0	1021
3	2470
7	1618
156	1619
69	1617
6	482
1	632
41	247
3	137
0	111
3	118
2	4
4	366
7	205
0	273
2	3
1	29
17	6
11	61
0	75
1	21
0	5
13	40
0	1
0	0
1	2
0	19
0	3237
35	3236
0	779
114	641
10	642
0	21
0	4
3	37
5	13
0	0
0	14
6	11
0	11
2	4
0	0
0	0
0	0
0	0
14	209
2549	1079
0	354
0	755
5	31
8	1
0	41
4	14
1	1
0	0
0	0
0	0
0	1
0	0
0	0
0	1
2518	1380
136	718
6	352
1	28
1	16
0	24
2	1767
2	1788
0	2210
0	2257
16	1933
0	1849
0	591
0	49
1	341
1	8
0	1
16	11
0	2
0	29
5	275
1	0
2	194
7	151
0	6
16	617
0	620
0	486
3	386
0	1
0	27
0	27
0	28
0	0
0	0
2	3
2	12
0	12
1	2
0	0
0	0
4	0
0	0
0	1
0	0
0	12
0	0
0	0
0	0
47	826
0	815
33	835
0	176
2	114
0	2
4	35
0	2
1	213
0	176
0	29
0	844
15	573
615	723
18	315
17	111
6	14
0	291
0	220
0	321
0	138
1	75
484	371
0	351
0	257
0	148
6	129
3	20
23	129
6	13
9	2
0	0
282	414
0	2
0	153
0	0
5	259
4	101
0	0
7	23
5	27
0	22
9	0
73	25
2	25
0	9
1	18
0	24
0	24
0	0
60	254
0	1
6	89
0	48
11	218
6	1919
66	1920
18	740
26	1822
4	210
0	1340
1	938
4	54
0	41
2	588
9	2026
0	1
0	0
0	3
0	0
2	0
0	0
0	0
0	1
0	1
50	0
0	0
0	0
0	0
75	1629
255	1549
0	757
0	1576
0	1576
29	658
0	30
7	437
0	61
34	153
1	6
0	6
0	0
0	0
1161	0
425	313
0	104
0	277
5	27
0	0
0	16
4	16
0	2
0	2
0	2
0	2
947	0
0	4
3	4
0	4
0	0
2978	4390
7	88
2	350
4	343
0	1301
0	0
145	3645
1	240
192	86
1	62
2	18
543	365
0	365
0	0
0	1
0	1
0	0
0	0
0	0
835	41
0	37
0	2
1	0
115	6
0	0
0	0
0	1
0	4
0	0
2	72
0	1
0	106
0	0
860	483
13	80
0	10
3	75
1	323
4	5
0	320
0	28
9	245
30	27
6	2
0	125
9	88
2	44
0	77
0	5
0	56
9463	2591
2	1461
10	1461
3	30
0	210
10	1925
52	1861
6	115
4	582
8	227
16	8
8	18
38	1736
5	1720
45	1542
4	1
11	69
9	399
0	145
1232	584
10	583
216	1804
0	127
3	183
0	275
5	154
5	1239
4	465
7	524
5	545
5	20
0	472
2	672
0	39
1	39
0	8
0	39
2	0
0	0
0	0
0	39
41	95
0	62
0	263
0	274
2	244
24	303
0	266
0	105
5	28
1	18
119	0
202	3338
1	69
9	0
3	428
22	533
22	388
3	16
0	16
0	0
0	0
0	0
0	0
0	0
0	1299
161	1321
5	22
2	746
4	0
0	148
0	616
0	746
0	0
0	1
0	0
0	0
0	0
0	0
0	0
0	1
0	823
0	51
5	169
0	49
2	167
0	20
28	0
32	8
0	0
0	8
0	0
0	0
0	0
10	693
0	0
0	198
0	107
0	3
5	37
0	654
0	0
0	0
857	2501
0	501
0	4
0	0
3	1475
37	1868
6	4
7	425
1	466
2	159
10	11
0	0
0	1
0	11
1	2
35	2
5	1281
1	223
8	0
6	1005
0	296
0	253
84	559
14	732
0	524
3	338
0	705
3	199
0	914
1	638
0	1077
0	158
0	1264
0	0
0	0
0	0
0	0
0	0
0	0
2	0
6	0
0	0
0	0
0	0
0	0
0	0
0	0
6	0
0	8
21	12
0	12
0	0
0	0
0	2
0	8
0	8
4	31
1	274
1	342
2	29
36	177
14	123
3	20
0	3
0	89
0	89
0	64
0	64
5	89
14	1
2	1
0	0
668	2444
7	1142
102	2126
3	2119
3	11
1	36
74	352
18	22
2	22
19	161
0	66
2	0
252	17
0	17
2604	5500
31	3998
8	12
0	93
0	161
3	327
0	268
2	1
13	779
2	376
0	77
917	234
1	115
0	0
1	41
0	117
3	42
0	13
0	28
3	1121
0	1004
172	1639
0	757
2	69
0	597
31	147
3	84
3	5
0	0
1	63
1	354
3	33
46	29
1	15
0	0
0	0
0	8
908	1393
0	394
0	126
3	0
5	793
3	0
0	22
2	0
3	165
7	0
22	601
131	44
1	35
1	9
13	354
0	246
0	169
136	3930
77	3775
0	1163
7	5
59	178
0	24
0	19
0	50
0	8671
2	397
3	1236
0	3083
1361	9798
16	2248
4	4
0	2
0	0
0	2
0	2
0	0
0	0
0	0
0	0
18	2350
252	2307
4	492
2	416
232	33
1	33
281	3858
0	3858
0	3455
0	110
0	2676
188	2676
3137	2
260	1056
1	673
0	207
70	841
274	0
19	3
0	3
0	0
3	1
0	1
0	1
10020	13
3	668
24	665
191	655
0	320
3	141
0	2
0	3
0	0
0	0
0	0
64	3841
0	43
71	3824
0	121
525	1676
3	1563
16	1389
2	2
3	73
0	0
0	0
0	0
847	273
11	268
1	140
0	0
17	113
0	207
295	941
6	277
0	320
0	151
0	1
0	0
0	4
1	4
0	0
0	0
33	27
4	61
1	0
214	91
0	26
0	49
0	25
0	29
0	0
2	0
1	449
1399	449
0	0
3	5
1	5
0	2
0	14
8	14
9	8
63	0
7	0
0	0
50	105
0	102
1	115
0	45
4	0
6	383
6	348
0	343
0	60
712	344
5	343
11	3
115	461
5	346
2	371
5	333
7	262
1	197
0	47
1	60
0	14
0	0
1461	2944
8	275
0	215
0	88
3	2934
1483	2638
0	2638
6	22
0	0
2	0
18	439
0	382
0	99
67	52
1	76
0	98
14	35
1	63
1	16
7873	4
311	656
0	656
13	7
0	55
2	361
157	361
14	113
0	19
0	50
0	71
0	56
0	41
0	682
0	224
0	144
0	682
0	613
0	150
0	218
3	178
1	87
0	32
0	155
0	0
7	0
8	845
2	845
0	12
135	854
1	260
0	844
25	840
0	0
2574	353
83	350
4	576
10	576
0	576
7	579
0	250
0	0
1	33
0	51
2	66
2	19
0	73
2	37
0	31
6	0
7	78
0	35
0	35
18	83
0	226
734	692
4	193
0	173
11	30
11	53
0	217
4	59
0	0
811	3241
19	75
1	3166
0	0
18	392
19	374
0	2
1	32
2	331
0	0
4	152
0	152
0	0
0	0
0	0
266	425
904	425
0	0
58	919
24	148
1	150
0	1
1	21002
14	35
3	3154
0	3539
5	21002
10	418
0	423
0	18
1	2
0	15
0	1
1	0
0	418
0	446
0	296
0	14
13	456
3	42
0	22
24	109
14	109
0	0
0	5
0	13
0	0
0	3
0	3
9	17
0	13
1	9
0	1
0	1
11	1
1	0
275	850
0	798
0	0
4	227
8	11
1	0
0	57
545	20
11	20
9	6
0	3
0	2
0	5
0	1
0	0
0	0
0	0
0	0
0	0
0	5
2	6
0	6
0	0
3003	634
0	604
104	172
3	31
0	0
0	0
1	7
0	8
0	8
0	0
0	0
1	0
0	0
2975	1573
10	1496
0	0
0	1080
1	239
6	75
0	318
0	0
13	1203
1081	1949
0	1244
6	1147
0	144
0	18
0	0
6	1722
0	0
1	148
24	528
1	527
0	29
0	29
8	170
2	169
0	183
3	156
1	0
3	0
47	732
16	865
86	853
2	0
3	3
0	122
1	21
7	13
0	71
29	347
17	273
0	261
0	3
1	267
1	80
32	39
2	12
0	3
17	52
0	11
0	0
1	5
0	15
4	2
1	0
92	398
50	380
2	90
252	80
20	12
0	64
0	151
15	7
0	13
13	10
0	10
178	610
0	576
12	301
0	353
0	18
0	263
3	69
4	0
0	6
0	0
528	3896
51	58
143	479
17	3644
0	411
0	907
0	86
202	6792
0	2
1	167
0	462
208	6584
2	158
0	3967
2	684
0	6
0	515
80	540
0	375
17	66
3	62
5	99
2	429
2	6
3	83
26	304
2	285
1	285
0	249
13	279
9	272
0	0
12	2551
0	2339
76	664
115	109
9	187
0	168
0	204
20	47
0	30
1	10
157	63
0	0
0	23
7	9
0	30
0	0
0	0
0	0
0	0
0	0
0	0
0	0
36	786
0	779
24	692
9	804
4	644
0	79
13	118
0	1094
0	0
57	1771
27	1771
4	1780
70	21
126	546
0	172
53	0
6	150
3	11
1	18
4	12
26	7
1158	1756
0	453
37	316
0	669
0	573
7	44
2	181
440	1105
48	214
4	0
9	958
1	0
0	0
0	0
0	0
0	0
0	3
0	5
2	5
2530	975
19	472
0	747
1	520
1	0
1	0
4	1
0	33
2	2
0	183
0	0
2	190
1	83
0	11
0	147
0	48
0	4
0	0
0	0
30	1058
64	1059
0	124
2	29
1251	0
1570	134
0	132
36	0
1	0
0	320
0	105
0	1631
13	2052
82	1499
0	822
3	249
0	21
0	230
0	2
0	2
0	0
0	0
689	121
0	96
36	26
5	0
1	48
0	1
0	65
0	1
0	10
0	71
1	357
1	382
115	335
2	63
0	12
0	131
40	280
2	170
0	127
3	102
1	3648
28	3375
7	126
19	320
2	3378
0	342
2	85
0	0
6	2
0	0
0	0
1	2
771	76
0	76
0	3946
223	4326
10	3091
1	1579
0	1031
1	25
31	51
14	33
0	36
0	35
0	0
0	2
0	1
1127	958
0	958
3	234
280	922
2	127
13	851
30	137
27	775
0	600
2	6
1	178
0	3
11	0
8	237
0	377
3	358
0	369
11	166
13	357
1	253
0	0
0	0
320	159
0	28
0	92
0	101
0	58
0	1
0	0
1	1
186	20
3	2
0	13
0	5
0	44
0	8
0	8
1	0
66	194
0	144
0	108
1	6
240	885
0	885
0	192
0	302
0	302
42	336
1951	2079
0	1898
0	130
1	128
0	30
0	0
2	25
0	26
0	23
44	76
6	76
7	12
0	0
383	29
43	29
3	24
108	905
1	66
1	905
322	1061
59	1041
25	113
0	16
42	0
12	11
1	5
0	67
5	8
11	364
56	605
0	619
1	10
13	9
0	27
2	0
0	0
0	0
0	0
1671	60
0	57
0	0
0	0
0	0
0	0
0	6
100	625
0	605
0	33
0	550
0	45
0	392
0	606
724	14
16	14
238	168
0	164
0	15
1	17
2	3
4	14
0	42
390	1242
24	1019
791	1190
0	1368
0	8
0	8
0	0
0	0
8	274
8	0
221	1517
5	996
0	265
3	611
7	64
0	0
0	2
0	2
0	0
0	2
107	1015
1734	1324
6	628
4	2837
9	3659
0	2768
0	1135
17	976
0	508
13	0
0	3658
189	362
3	129
0	247
0	61
0	28
0	4
0	9
7	27
16	6
4	121
0	0
0	0
0	0
0	0
0	0
92	258
5	27
8	236
0	3
4	199
0	22
0	58
0	53
0	28
1	0
0	40
0	20
0	6
1888	96
43	122
0	0
1	0
0	39
0	44
0	78
636	2418
2	654
5	1120
22	2421
0	751
11	673
3	2437
0	1120
71	0
49	138
0	28
736	124
0	123
1	212
36	212
4	212
0	60
0	60
0	60
105	916
38	683
0	249
3	16
0	1
0	468
0	22
0	130
1	0
0	0
0	1
1996	28
2	28
2096	66
0	63
4	0
1397	85
4	80
69	13
11	1404
0	386
1	616
0	366
0	36
1	4
0	206
6	1225
0	88
10	39
277	339
38	446
0	110
0	110
16	163
41	131
1	25
1	290
73	892
0	63
1	290
0	0
0	0
0	28
0	32
0	9
7	570
0	0
270	2212
6	2850
0	106
563	5167
0	5266
0	364
4	61
21	20
0	46
0	0
0	0
0	0
52	98
0	98
1	1
0	1
0	0
0	0
0	0
0	0
0	0
3	0
0	0
0	0
0	14
29	1998
0	1829
18	197
35	182
0	101
0	1836
2	35
0	58
3	3
5	16
9	1762
2484	999
1	0
11	998
41	2875
6	829
680	1426
28	2701
1	13
0	2685
0	484
0	468
42	525
0	0
0	0
0	12
15	12
0	2
0	0
3	4
539	9
0	9
3	2
0	0
0	295
1	238
76	1530
45	1528
0	253
24	191
0	190
1	1
522	277
0	274
0	240
1	30
0	49
1	21
0	18
0	12
28	36
1	59
0	1
1	0
2	63
867	5055
0	5053
72	538
0	1
0	1
0	1
2	1
104	395
1	397
0	18
5	276
5	84
1	85
0	0
0	1
6	165
808	220
1	54
0	20
0	0
0	33
0	0
0	22
0	215
41	140
15	199
1	31
0	186
0	1
0	19
0	5
0	19
0	10
0	77
0	0
2	0
26	63
274	55
0	55
1	0
0	847
523	902
8	407
0	126
3	59
0	828
0	244
0	24
0	114
10	1914
9	2125
0	1905
2	1544
7	213
5	1631
0	16
1	32
2	103
7	168
0	117
13	156
27	474
2	11
33	163
13	2
8	2
0	2
0	0
0	0
3	43
0	43
0	6301
0	6258
0	24792
0	6930
1	2639
130	369
32	741
75	6862
9	8008
1	6993
0	6371
0	1
22	16827
11	22053
0	20754
1071	1452
62	2
1	1451
1	70
0	593
2	153
0	633
15	592
1	368
0	546
99	359
6	535
2	0
11	123
0	1
4	54
3	106
0	79
235	4
50	0
0	0
82	28
3	21
0	25
0	1
0	0
0	0
0	0
0	0
408	6
0	2
0	16
0	16
0	14
0	15
2	15
1	9
24	65
16	65
0	10
0	10
0	4
0	8
0	0
6	5
2	5
1096	177
7	100
2	77
5	9
1800	8844
26	7830
60	177
143	3837
0	0
0	0
0	0
0	0
4	0
51	1052
0	52
16	1052
10	0
60	3162
2	496
0	2964
496	1548
1	1155
9	209
5	474
314	2941
0	576
1	2177
0	125
1	4
0	179
0	303
15	103
8	148
11	499
7	501
17	518
5	499
12	55
0	184
52	354
1	72
17	309
0	205
4	31
0	145
0	49
0	24
0	3
3	126
3	153
0	102
0	88
0	116
1	41
0	2
0	0
6	24
2	2
0	3
1	6
0	2
2	5
0	0
0	11
0	5
5	5
0	0
0	0
0	0
0	11
3	199
0	223
1	231
0	255
0	157
0	255
0	0
260	872
103	857
7	283
18	344
0	2
7	92
21	92
1	38
583	398
29	259
0	374
5	0
5	2
0	2
0	0
0	0
0	2
90	81
0	54
0	23
0	23
0	11
0	4
346	193
0	193
0	706
0	682
0	706
0	682
2	622
1	10
0	6
89	0
0	0
0	0
0	0
7	102
1	81
0	91
0	1052
5	284
131	1628
98	1122
10	51
0	269
35	1027
1	92
14	32
7	67
6	1
7	19
0	68
0	84
0	1052
2	0
0	0
0	0
0	0
0	0
0	0
3	119
0	119
0	8
0	14
0	5
2	18
0	0
124	380
3	370
4	69
0	374
4	224
0	2
55	161
96	174
188	283
2	0
387	5
0	0
1	5
286	25
2	25
0	0
167	583
0	141
2	572
0	62
0	0
0	0
0	0
0	161
0	0
0	0
40	2277
0	2355
37	2356
280	572
45	565
2	37
16	0
9	560
17	560
0	0
0	0
51	3
0	0
0	3
9	40
0	93
49	1952
2	0
0	12
1	1942
0	69
0	1960
683	520
0	313
0	0
0	9
0	1
0	184
0	200
0	200
0	0
1121	4234
31	4061
22	4234
90	219
0	214
0	218
1	27
3	2
0	0
325	123
0	102
0	21
6	0
0	0
0	94
1031	2015
1	229
11	1834
0	0
0	0
0	0
21	159
0	13
270	1182
168	1234
123	254
2	132
3	1120
0	230
4	2
3	2
11	3
4	9
0	41
0	0
0	22
6	75
16	0
1152	185
1	130
0	55
0	0
0	0
1099	824
0	0
8	2
6	173
0	50
15	709
0	77
0	128
0	0
0	0
6	3404
18	3052
3	3243
6	3241
57	3518
2	540
6	394
4	117
4	4
0	3427
12	10
0	6
0	9
2	0
9	397
18	413
3	344
0	14
8	256
2	13
43	2445
159	2480
5	242
0	4
30	48
1	448
0	289
1	26
8	0
0	2445
189	130
0	74
0	46
0	9
5	3
204	63
0	63
0	0
0	0
0	31
0	28
3	32
0	5
2	2
0	2
0	2
0	3
0	0
0	1
0	0
0	0
0	0
0	0
58	584
0	26
0	4
0	12
2	8
0	81
6	63
5	135
4	78
1	105
1	45
16	863
17	855
0	385
0	317
3	21
17	0
0	863
0	855
4	0
0	0
1	626
4	10
0	32
3	604
2	601
12	601
0	586
0	601
5	620
0	24
2	0
4	528
444	547
0	127
0	494
48	509
0	122
0	594
0	46
0	55
0	59
0	58
0	13
2	14
0	0
0	0
0	1
0	8
1	0
0	0
0	0
0	56
68	2967
6	2202
0	2124
0	1168
5	1710
4	6
11	770
3	987
0	664
2	83
100	0
64	14
0	3
0	0
0	11
1	1046
46	1046
8	1153
147	1153
3	421
4	64
0	0
21	246
68	245
0	23
4	143
369	4
212	1
5	188
30	591
0	1382
76	1348
0	506
0	1426
0	1483
445	0
5	836
1	299
0	344
2	190
0	36
0	111
56	234
0	2
0	22
0	59
0	24
0	0
0	0
8	398
218	1900
0	537
0	1873
11	1036
15	22
0	316
0	260
0	185
0	80
1	0
2	0
2	91
0	92
0	26
64	106
8	28
2	6
37	84
14	88
2	16
0	6
0	1
2	8
0	134
0	66
0	133
0	143
1155	1001
1	1000
1514	3
13	0
173	466
13	637
11	702
17	172
0	16
57	520
15	454
37	431
1	389
5	79
6	96
1	2
26	418
0	57
0	0
2	0
0	0
8	471
0	689
15	1433
56	1547
0	815
32	822
56	972
0	115
1	0
0	19
0	14
0	11
2	13
0	8
12	0
10	45
38	158
26	104
0	248
2	152
6	80
0	0
0	0
39	449
0	449
4	143
14	292
3	3
0	6
0	432
3184	1648
6	70
0	54
4	66
0	1576
1931	1
5	72
2	235
180	758
3	721
0	85
3	25
0	122
37	122
0	10
0	12
156	1647
260	1149
6	507
21	319
115	521
0	224
41	193
0	0
0	0
0	817
796	817
0	9
3	467
0	1
196	1506
88	1503
646	947
9	543
1412	674
0	11
1	5
0	24
0	3
0	3
20	3
17	698
4	595
6	0
0	18
7	250
1	765
0	727
103	2
0	2
6	525
51	526
1	98
36	86
0	0
4	16
30	31
0	15
0	31
0	3
0	2
0	159
926	468
5	291
0	264
5	560
0	0
12	560
8	0
31	53
2	0
24	1799
15	1815
117	1815
40	515
25	678
620	210
0	155
12	53
1	0
46	0
0	0
852	524
3	520
5	14
9	2
14	52
0	4
357	1176
14	1035
8	61
0	261
5	2494
322	2316
10	2491
1	688
2	744
17	143
4	520
1	18
2	84
5	0
3	7
0	8
11	0
10	1204
102	2457
1	2455
0	616
199	625
0	605
4	602
61	524
8	162
0	33
87	74
0	0
0	2
0	0
286	681
33	686
0	682
72	683
12	0
0	0
1	64
0	54
0	11
0	0
173	653
0	4
0	114
0	9
0	410
0	305
0	497
0	408
0	408
0	408
0	363
0	0
1	140
2	19
0	28
0	0
544	3704
0	2704
0	574
14	592
27	485
0	0
0	0
0	0
0	0
0	0
10	5134
64	4586
1	375
0	951
3	52
5	3
0	737
9	154
27	1
0	74
0	48
129	53
3	50
0	29
0	27
2	24
0	23
0	22
1	18
0	11
0	16
0	0
0	5
0	0
5	148
3	39
0	121
0	68
0	70
0	93
4	1
5	8
7	2
0	13
32	13
6	192
8	192
7	14
0	15
0	0
0	0
0	0
0	477
5	588
3	419
37	4
0	4
0	4
34	294
48	279
2	13
0	261
78	244
1	9
0	14
0	47
1	15
0	4
0	1
1	7
1	5
16	509
2	1131
1	509
0	189
0	511
0	6
17	1239
10	124
0	1127
174	0
3	12
1	12
48	54
1	54
1	54
3	39
0	16
0	7
0	3
107	98
0	98
0	10
0	0
0	2
1	0
1	0
32	391
0	2
0	47
2	51
0	391
85	768
10	756
11	10
0	69
2	48
271	15
15	15
189	3658
1	0
145	3155
0	2048
68	3657
61	14
1	14
1	31
1	83
0	2
1	5
0	0
0	0
323	1175
0	968
0	259
6	49
104	0
0	4
0	0
1	4
0	0
0	4
0	4
0	0
0	2
0	0
0	4
6	357
9	353
0	356
1	14
1	6
1	4
1	4
0	0
0	0
0	0
0	0
0	0
0	0
63	685
7	258
5	481
29	115
0	216
6	259
8	126
241	1179
3	542
0	915
0	884
1	5
24	168
0	0
22	32
0	31
1	19
0	20
0	21
0	14
0	5
3	5
0	0
0	9
0	9
0	1
0	25
0	0
5	23
0	214
2	215
4	98
3	15
56	133
42	133
47	0
2	1156
11	1080
0	865
4	147
0	111
1	85
6	72
13	115
4	8
0	1124
59	4
0	14
0	14
0	14
0	2
0	13
0	13
0	0
0	0
0	0
12	2
21	308
3	307
0	146
424	0
0	740
5	1604
5	1465
0	225
3	421
0	216
5	7
14	0
2	33
0	0
0	3
51	534
3	54
0	87
1	480
0	52
0	543
3	67
0	0
0	47
4	15
5069	42
3	38
19	128
0	122
0	111
0	2
9	1
140	175
0	54
0	56
2	155
0	4
118	527
0	18
10	119
0	527
1	57
0	81
3	10
0	6
1	8
2	8
1	8302
0	8797
0	8496
307	664
1	360
0	16
0	94
0	193
3	125
0	79
2	0
3	12
3	15
5	129
0	815
34	811
2	202
1	36
0	73
3	64
2	16
5	0
3	113
0	0
7142	525
1	457
2	0
0	58
0	0
0	0
0	0
0	0
0	0
0	0
0	0
0	63
2	1829
2	25
56	590
4	392
3	54
39	10
19	0
4	13
5	1829
191	4800
72	4794
4	492
6	562
4	173
5	173
1	238
0	0
0	0
8	213
0	238
446	66
0	44
0	3
0	19
0	0
0	0
4761	1292
1	272
6	608
0	391
15	10
0	524
0	555
4	0
1908	803
8	785
1	726
0	721
3	732
4	23
0	99
6	475
20	473
67	524
0	544
3	523
0	611
9	17
0	39
13	1
0	190
0	122
6	98
0	132
0	0
0	0
21	296
0	296
1263	868
15	867
0	1
1	0
0	2
39	941
36	941
0	17
2	18
0	2
0	17
0	3
1	1
0	2
0	0
11	2
0	0
0	2
430	89
0	16
0	29
0	44
531	1538
11	1050
0	241
3	672
0	2
2	0
0	0
0	0
0	0
0	0
0	0
86	0
0	0
0	0
0	0
73	93
17	88
2	7
0	0
39	123
10	127
9	29
0	17
40	41
5	158
6	70
0	276
160	285
3	251
4	251
0	143
372	949
225	382
56	417
234	1041
0	522
3	0
252	776
0	511
0	13
20	312
0	293
2	192
0	8
0	64
72	463
87	302
92	236
2	70
21	79
16	303
3	301
6	242
0	0
0	0
367	271
0	269
456	780
2	778
0	0
0	22
0	1
0	0
0	22
0	0
0	0
0	0
0	0
0	0
0	0
0	0
1	0
0	0
0	0
0	0
2954	3
35	11576
0	11985
1	11587
0	19
11	3966
0	706
0	682
12	440
21	185
0	11934
1	11811
0	183
23	8259
6	406
0	10961
0	8896
2	3205
0	0
0	0
0	0
2	0
0	5
0	5
4	5
52	0
0	0
0	0
0	0
0	0
0	0
0	0
0	0
122	28
7	4
8	0
0	26
26	1
9	57
1	43
0	0
0	16
1	0
4	22
0	0
0	8
52	432
2	24
0	94
2	434
0	83
1	0
2	0
0	38
40	570
0	55
0	438
1	0
0	438
5	147
38	1446
0	1439
34	1855
6	2
4	2
38	1715
15	15
0	50
2	129
16	163
0	9
0	0
0	1
0	6
0	33
0	33
0	132
0	34
0	2
3	1019
0	983
27	862
13	333
1	224
0	217
0	41
0	22
0	26
0	0
0	0
46	375
118	375
3	375
13	795
3	499
1	472
17	363
3	68
0	0
0	12
0	843
18	9
0	9
1	0
0	0
0	0
0	0
0	0
0	0
0	0
0	0
0	0
0	0
0	0
49	295
11	295
0	0
0	0
0	0
0	0
46	1828
0	1626
0	1428
0	0
42	63
7	584
3	21
0	20
0	20
0	20
0	17
0	0
0	0
0	0
0	0
0	0
0	0
0	0
0	0
0	0
0	0
0	0
42	48
0	35
0	33
0	2
0	12
0	1
0	3
541	0
0	175
0	231
227	329
0	71
1	27
3	4
13	75
2	75
0	0
4	75
393	431
13	431
1	50
526	50
10	523
5	495
2	48
13	29
3	4
4	4
7	61
4	521
0	61
3424	2
0	2
0	367
1537	491
1	132
1	123
756	0
0	66
0	372
0	78
0	7
0	0
0	34
0	0
0	30
0	29
0	17
2	29
0	5
0	0
2	0
0	372
0	377
0	376
36	1050
10	799
62	576
7	1327
0	19
0	83
1	18
0	8
6	47
0	76
50	406
0	38
26	242
2	64
5	43
5	821
0	0
0	692
0	794
14	38
5	354
0	51
3	0
11	149
1	0
185	1418
0	1242
0	151
1	27
2	1
47	195
57	3669
94	131
0	0
1	1358
56	3461
42	73
4	0
12	160
0	158
5	62
0	91
0	8
0	4
0	2
0	2
0	0
0	0
0	0
11130	9
2	3
0	0
0	0
260	374
0	0
4	454
0	148
1	0
0	26
0	764
3	1818
1	25
0	1500
0	663
2	210
0	503
1	5
0	304
2773	26
1	24
0	0
0	0
0	0
0	0
0	0
0	0
20	66
0	66
0	65
11	35
0	53
197	0
8	14
1	14
0	3
16	112
1	98
19	99
0	0
0	3
0	1
0	1
0	1
2130	1223
3	206
24	696
1	494
0	380
2	0
0	313
0	213
8	262
0	309
3	331
0	98
5	7
1	84
0	29
2	5
2	0
0	962
0	68
0	3
0	847
0	437
0	4
0	1
0	1
0	0
3747	566
1	110
0	180
70	18
0	91
15	27
5	163
75	45
0	190
334	155
0	28
30	3622
0	3125
0	979
0	2476
0	2193
2	1013
5	494
1	314
2	491
7	7
0	0
78	301
5	262
0	7
0	118
0	33
0	0
6	91
85	2388
170	946
90	1704
1	9
37	40
0	1
225	685
9	685
0	14
0	23
0	15
0	25
0	11
2	1
0	16
0	0
0	19
2	1077
0	187
0	647
0	189
0	91
14	142
0	1114
0	100
0	30
1	64
0	36
0	2081
170	2213
7	233
0	76
0	2211
16	553
0	713
0	1804
2	1735
0	696
0	739
0	693
0	49
0	1503
0	0
0	0
0	0
0	0
0	0
63	6
1	3
335	2863
186	2866
1	426
1	176
163	430
0	430
1	132
43	30
693	5204
5	42
0	4193
0	597
0	1550
3	916
3	1559
0	443
0	0
0	1545
91	27
7	0
0	37
280	277
1	0
2	0
4	6
51	238
7	273
0	171
0	0
0	1
20	12
128	0
0	0
69	63
0	63
11494	3902
16	0
0	3749
1124	518
0	60
2	0
1	381
0	89
0	46
0	0
0	1
0	0
12	1
0	87
3	1858
28	1864
2	500
0	821
73	34
4	320
4	281
0	44
0	32
0	0
14	0
1	49
5	5
0	1
0	1
71	172
0	30
9	44
4	4
1	2
3	114
0	0
45	366
100	367
17	5
2	5
5	66
5	20
14	8
0	112
0	42
0	35
0	4
0	16
0	20
2	8
0	17
0	16
0	7
0	0
0	0
0	0
0	1
37	8
0	8
0	0
0	0
3744	816
1	0
0	810
1	221
0	59
0	29
0	56
41	97
2	97
2	7
0	0
0	0
441	1888
64	29
3	59
30	72
0	7
0	0
0	0
0	0
341	250
0	204
0	34
0	46
4	71
0	0
0	10
0	0
0	1327
3	12199
37	3518
22	3470
0	12179
1336	851
0	455
1	521
0	40
24	178
0	178
0	2
0	1
14	598
730	604
13	418
36	217
0	41
89	1634
5	1637
0	641
4	138
0	22
4	0
3	6
3	275
0	0
55	25
0	25
0	0
0	0
0	0
16	0
0	0
0	0
0	0
0	0
9	2789
3	37
2075	2766
0	21
3856	211
0	209
63	146
0	18
17	6
0	22
0	97
10	46
3	104
22	0
0	0
0	50
0	192
0	5
0	20
0	25
0	37
0	53
6	8
7	686
1	404
0	416
11	656
0	3
2	3
1	3
0	939
0	945
0	969
0	952
4	948
14	798
32	798
252	291
8	283
0	19
0	18
5	18
5	2
52	250
0	73
2	121
0	97
0	48
0	46
10	6
0	121
4	1455
46	1490
11	35
0	290
0	1498
3093	11776
390	11747
55	1216
7	182
12	3600
2	407
0	23
134	3258
0	295
4	0
57	1586
39	1492
1	151
3	155
0	45
4	4
19	244
20	233
0	34
3	0
0	0
0	0
2	0
3016	3
0	859
2	360
0	173
2	736
44	739
20	739
0	34
0	29
1	38
5	54
0	23
11	151
0	124
0	16
4	15
12	0
0	750
32	983
7	500
0	35
2	11
0	1025
0	0
0	0
467	0
0	16
0	2
0	0
0	16
0	0
0	0
0	0
82	22
124	77
12	0
0	22
0	77
0	136
1673	212
5	211
0	1
6	41
0	28
0	0
0	27
0	40
0	40
0	0
0	0
0	0
0	0
0	0
0	0
0	3
0	1
0	0
0	0
0	1
4	3
0	10
0	10
0	41
0	110
0	108
3	109
0	33
0	76
1	1
0	708
30	704
9	28
5	0
0	70
10	51
0	9
5	51
0	2
9	279
0	263
11	222
0	270
11	271
0	179
0	182
15	15
0	2
0	2
0	0
1174	3217
14	2686
32	2680
9	1588
0	368
1	366
160	150
0	31
1	1
0	0
796	612
3	612
0	54
0	0
0	0
204	339
1	309
9	31
2	0
31	1933
5	1483
12	496
7	641
1	874
10	367
0	410
0	711
0	516
6	337
0	1175
0	2813
0	225
7	402
0	1586
1	1
16	509
3	2216
0	2810
591	654
0	635
2	572
0	2
0	19
0	8
0	6
1	17
0	17
1	0
5	471
35	458
80	42
4	360
0	0
0	0
0	0
0	0
21	200
36	483
2	306
0	23
0	69
0	1
4	12
3	14
7	0
11	0
0	11
4	507
30	507
46	120
3	89
0	781
6	1007
17	32
2	961
0	70
6	0
0	18
1	111
0	0
0	0
0	0
0	0
457	88
0	10
0	78
78	2743
1	32
5	90
19	316
2	2631
0	0
0	0
1	0
2	2
0	0
16	440
9	79
4	443
0	442
1	26
76	209
10	48
2849	3
30	38
0	23
0	23
0	3
0	15
0	15
0	15
0	15
0	0
0	0
0	0
0	0
62	1287
3	1006
86	1245
2	2
0	3
0	3
0	0
0	0
0	0
174	31
25	21
0	30
2	2
0	0
0	0
0	0
0	0
0	0
0	0
1	1499
10	1651
1	1496
2	1287
20	1059
0	1163
4	1
0	1
0	1
3	92
0	144
0	128
2	2
0	126
0	9
1	10
0	0
0	0
0	0
0	0
0	0
2	0
301	0
7	523
21	578
2	558
5	550
0	558
1	3
6	94
8	0
0	44
18	92
0	88
0	84
0	0
1112	2
103	162
0	7
0	154
5	13
0	1
0	12
0	8
4	997
1	864
0	1990
0	1771
0	1781
0	1743
5	1339
0	1590
1	1586
0	1525
0	1628
1	110
0	128
1	7
39	0
2	43
3	199
36	138
0	863
1	2043
28	51
0	4
0	11
0	67
1	26
1	13
0	23
162	3150
95	3151
42	233
9	67
1	68
4	0
8	494
267	653
0	358
12	51
0	88
2	154
3	57
11	2
1	56
0	57
205	2419
21	1769
63	903
0	100
1	58
3	148
0	122
0	0
0	25
2	0
0	75
0	0
1	2840
0	2445
0	1534
0	116
17	112
6	106
0	1
0	15
0	0
12	0
0	0
0	0
0	0
16	193
0	193
2	193
0	78
0	2
0	412
56	412
1	6
2	6
2	453
36	467
8	22
1	1
2	65
0	0
0	4
18	133
0	133
0	49
0	621
0	52
0	643
0	611
0	10
1	10
0	1
0	21
1	516
0	41
1	502
0	38
0	86
2	117
22	117
4	0
0	0
0	0
0	0
0	0
0	0
429	12
0	12
0	1666
43	1782
31	218
1	10
0	155
14	38
0	128
324	132
0	47
0	81
0	1
69	0
3	9
0	6
0	3
0	16
0	16
0	16
0	7
0	0
0	2
0	0
0	16
0	0
0	0
0	0
0	0
0	0
0	0
0	0
0	0
0	1846
0	1843
0	1607
0	867
0	1785
0	121
0	93
8	0
1	178
0	1732
79	944
3	959
9	1010
94	236
1	277
1	226
0	212
28	178
0	0
0	2
1060	139
43	36
0	113
6	7
0	6
16	16
0	0
0	0
300	3177
1	1027
4	660
1	664
28	2925
0	59
0	943
5	0
0	1
1	0
0	0
25	3
0	3
0	0
47	847
9	479
0	31
8	26
1	373
0	3
0	51
0	0
0	2
4	2
2850	90
0	37
0	47
0	0
0	0
0	0
0	0
0	0
0	0
0	0
0	0
0	0
626	233
0	3
1120	77
1	75
1135	212
2	66
0	45
59	23
0	14
6	9
41	13
0	0
0	0
0	0
0	0
0	2
1	2
305	29
0	0
2	26
0	8
170	138
0	27
2	66
37	122
20	45
8	25
1	66
1	0
52	5
0	5
3663	6164
3	6223
17	1646
79	1168
0	659
10	136
1	131
0	11
0	0
0	0
0	0
0	0
5	27
2	47
3	9
0	0
0	1
0	0
0	0
0	0
234	1959
0	1584
33	1240
0	638
6	303
0	0
0	0
0	0
115	197
5	87
22	196
970	489
13	488
231	0
0	29
0	30
0	24
6	90
64	124
0	34
160	0
10	157
9	196
0	227
0	18
0	0
0	15
0	0
0	0
0	0
0	0
1795	9339
53	384
1	1575
26	8710
1	9
52	206
1	327
152	703
4	79
0	76
0	86
14	73
58	31
9	21
0	0
0	0
0	0
0	0
3	0
1080	630
0	184
0	603
479	310
3	1
0	6
4	310
0	22
0	24
0	562
0	485
0	513
0	601
0	560
0	514
0	128
0	486
0	457
1423	140
1	98
3	17
8	0
0	122
28	10
0	10
0	8
0	8
0	1
1414	23
0	0
0	0
0	0
4645	11
0	513
0	489
0	391
0	146
5	190
5	0
2	73
1884	2
0	0
21	41
0	41
0	41
3	41
599	75
1	69
34	6
0	0
0	0
20	528
27	526
3	439
72	5
3	929
63	940
18	939
4	907
4	161
2175	697
2	532
211	0
45	981
14	239
14	158
3	0
9	2
5	0
0	0
0	1
0	1
130	135
0	98
0	6
0	49
0	0
218	332
13	341
35	748
1	748
17	121
0	119
0	13
5	1
0	0
0	0
0	0
0	0
0	0
0	0
0	0
0	0
0	0
0	0
0	0
0	0
0	0
0	70
4	0
0	16
0	0
0	4
0	0
0	59
0	0
0	4842
19	1853
8	3549
0	436
1	22
7	67
0	63
0	58
14	487
0	1369
16	66
0	0
5	132
0	0
0	481
3	111
7	10
0	4890
1	270
0	1263
57	572
106	496
53	1610
0	11
36	1309
13	31
39	1613
303	680
2	94
1	167
21	120
0	13
5	315
0	218
0	0
0	23
2	10
699	2423
0	611
1	1658
1	25
0	1795
1	1504
17	197
0	66
14	63
3	4
3	4
15	954
0	956
0	0
0	0
0	0
169	295
21	284
1	90
4	116
2	14
0	1
0	0
0	0
0	0
0	0
0	0
0	0
0	0
0	0
0	0
0	0
2456	144
1	1
1	140
1	48
0	191
0	212
1	64
1	88
1	39
0	47
2	199
8	158
79	105
0	205
0	0
0	1
0	1
0	0
0	0
122	383
3	383
2	0
0	1
0	2
2	14
3	10
2	11
1	11
241	73
0	43
0	30
0	12
773	1
0	0
0	0
0	0
1	0
7497	8
8009	12
39	3
85	1
386	0
0	0
0	0
0	0
0	0
0	0
0	0
38	0
159	0
0	0
0	0
0	0
0	0
0	0
0	0
0	0
0	0
0	0
7	0
1	1857
1	1679
6	1693
1	1714
4	1696
0	23
3	4
2	104
10	0
3	10
2	784
2	784
0	784
0	37
0	37
0	30
4	9
0	7
0	9
9	34
0	51
0	18
0	90
0	0
0	0
426	168
0	166
7182	4113
5	1386
0	2055
0	9
0	1360
6	465
3	1233
2	0
0	0
0	0
0	0
1	1
0	1
2605	352
1	140
0	0
0	128
3	82
768	8
2	7
0	0
0	0
0	0
0	0
0	0
0	0
0	19
19	20
0	1
3	6555
0	2325
2	1010
0	433
39	1033
22	948
0	89
1	140
36	106
0	637
39	595
32	229
0	10
2	86
3	6509
27	376
5	58
0	234
1	301
9	0
12	42
155	121
0	47
0	3
0	7
0	0
0	43
0	51
0	84
0	3
0	0
71	5292
0	5436
29	5316
0	25
29	6
2	194
96	621
6	130
0	59
0	70
0	67
0	82
1	3
0	0
0	2
0	2
1	2
0	3
205	568
0	572
0	386
3	122
71	224
8	206
0	5
0	0
0	0
0	0
0	0
0	0
0	0
0	0
0	2
0	2
37	3
0	1
0	1
0	1
0	0
0	0
2528	1092
1	251
62	31
42	844
22	359
0	25
0	351
0	26
0	123
0	36
0	0
0	123
0	5
0	5
0	0
7	15
0	0
0	15
0	4
0	0
125	145
7	98
1	1154
0	65
6	77
0	37
0	1
0	1
0	1
0	0
0	0
4	25
2	205
0	172
9	183
1	166
0	39
2	23
0	31
1	22
0	0
0	0
0	0
302	397
44	396
0	0
0	0
0	0
0	0
0	0
0	179
5	1105
6	0
2	100
0	91
0	1113
0	1104
7	207
1	207
104	1739
0	739
3	528
4	23
0	2
0	50
11	1017
50	608
3	606
8	131
0	3
1	9
0	33
0	6
3	19
2	360
0	2
0	2
0	537
0	545
0	0
0	0
0	0
0	2263
1	1922
0	2279
1	2142
0	2277
0	227
0	998
0	998
0	62
0	71
0	535
8	203
1	24
0	0
1	144
3	0
0	124
0	119
0	84
0	70
0	13
0	0
0	2142
0	16
0	16
0	1
0	0
0	0
90	89
11	27
3	4
1	33
50	299
0	96
1	129
0	35
0	33
0	34
0	29
7	0
0	295
0	292
0	43
0	0
0	0
0	0
0	0
0	0
0	0
0	36
1	7
0	0
4	110
10	108
101	104
0	89
228	735
1	167
6	61
13	77
0	490
1	423
3	19
26	134
3	279
2	0
37	0
6	13
2	78
30	37
0	51
0	3
3	3
3	11
16	2858
1	323
0	1212
0	1782
0	1638
0	2645
0	1729
0	397
0	1541
0	2501
0	2704
0	1353
99	2654
4	112
0	1120
0	31
0	30
0	58
30	1238
2	11
1	131
0	1924
16	0
1	0
1	163
2	0
4	1187
0	2769
0	2610
1	2687
68	0
0	66
0	71
1	21
0	4
0	4
0	67
53	732
1	76
4	525
0	508
0	216
43	158
0	154
2	138
2	94
895	127
0	0
0	2
1	125
1213	45
0	45
3	0
21	588
1406	7117
0	14
21	171
32	6862
1	1146
1811	1991
0	1991
1408	1261
0	172
0	170
0	0
2	108
47	1768
3	1001
214	91
23	594
0	831
25	302
1	32
4	253
950	3877
0	3876
14	27
0	144
4	40
30	526
0	660
3	601
0	0
0	19
7	0
322	47
2	17
11	29
0	0
1	13
4	790
0	70
0	1502
32	146
8	13
0	16
1	0
0	2
1	90
7	70
0	62
27	0
0	0
13	0
8	5
0	1520
0	38
0	28
1	19
0	31
0	2
0	39
0	37
0	2
0	0
0	7
0	23
0	7
1	2
0	0
0	43
1	71
0	14
1	67
4	64
0	1
0	5
0	2
0	67
0	43
125	3
0	3
82	15
0	1
0	4
0	11
2056	477
0	477
12	0
10	2749
0	267
0	485
3	2581
7	282
0	0
6	1
135	159
72	36
14	6
0	2166
171	348
0	348
4	328
1	138
0	54
0	13
20	6
367	228
0	227
302	997
0	973
0	111
1	722
4	466
0	160
0	88
2	136
2	31
0	32
0	935
0	0
0	0
0	0
340	719
0	716
54	0
110	259
6	135
0	89
0	142
0	1
0	0
0	0
0	43
0	2
0	2
0	2
3	517
19	519
0	268
1	239
0	474
0	1
0	3
14	385
0	385
0	253
0	220
0	251
0	269
0	443
0	188
0	181
0	0
0	206
0	223
1	0
4	106
0	28
2	9
0	43
3	64
0	1
0	57
0	279
0	191
49	35
0	4
7	31
3	8
4	5
0	5
0	50
8	65
0	43
1	5
0	5
0	0
0	0
474	1334
0	873
0	235
0	185
0	239
1	492
0	1
0	129
16	69
1	215
1	0
0	0
0	0
0	0
0	0
0	0
0	0
19	704
3	672
0	721
18	49
1	100
1	53
1	35
0	122
35	51
2	47
2	123
0	75
19	145
0	138
0	12
0	16
457	704
748	795
1	574
0	542
88	204
21	148
1	348
1	3
0	49
1	327
0	0
539	2
0	0
0	0
766	9948
24	745
1248	9934
25	9889
18	9885
14	155
0	0
0	0
0	43
0	0
0	0
0	27
6	26
3	161
0	0
2	0
0	59
0	46
0	56
0	38
0	62
0	2
0	0
1	99
0	15
0	0
0	12
0	1394
6	1414
16	78
0	124
0	14
2	161
3	129
0	30
1170	2308
0	720
2	604
0	1370
0	718
0	199
1	250
0	178
0	31
0	328
2961	981
4	635
514	13513
0	11622
5	722
0	0
0	0
142	2419
52	2181
8	2156
4	37
13	428
0	603
0	0
0	75
101	511
0	509
8	53
2	11
43	0
0	143
50	143
1	0
5	8
440	446
0	440
0	3
0	16
0	16
0	5
0	0
0	0
0	0
1	0
0	0
0	0
0	16
83	0
132	6
0	2
0	2
0	4
0	9
12	44
0	11
0	66
151	4
0	0
92	53
3	0
0	0
0	0
0	1562
79	1565
0	976
0	546
0	301
0	259
0	3
3	0
0	0
0	202
0	215
0	200
16	159
1	144
2	15
60	95
1	1582
0	20
4	150
13	1528
0	1559
1	0
2101	259
0	54
3	202
2	2
0	21
2	23
32	5
1610	273
0	50
0	98
0	168
0	66
0	112
15	627
0	627
0	31
32	811
0	34
17	312
6	801
0	10
63	822
349	1996
0	1053
3	826
0	934
0	493
1	351
0	15
0	134
0	818
0	129
0	129
0	92
0	73
0	60
1	24
0	14
0	0
0	0
0	722
0	637
21	701
19	193
1	630
0	770
0	212
0	0
273	498
3	342
0	335
0	58
1	94
0	0
0	0
60	133
0	132
0	120
0	0
8	138
0	93
0	96
0	0
1	192
475	316
7	182
0	1
0	0
491	515
0	220
0	433
1	51
14	0
5	2
0	38
0	69
0	21
2	16
1	146
0	110
0	0
0	0
23950	12775
24	12751
0	4220
0	854
21	212
0	0
0	0
426	48
4	46
1	2
1	2
1530	28
0	22
6	9
17	2
14	3
0	0
0	0
0	0
8836	9
2	139
0	4
2	146
0	1
0	3
7	3
0	30
0	0
0	21
1	138
52	154
0	34
0	8
9	14
5	14
0	0
0	0
0	0
0	0
0	0
0	0
0	0
0	0
0	1
0	1
190	468
3	468
0	0
0	0
0	1
37	12
0	1
0	11
0	0
0	0
0	0
0	50
0	49
1	12
0	1
0	1
4	541
2	0
3	24
0	543
10	157
16	143
0	18
8	0
0	488
6	788
0	621
28	914
1	112
1	41
10	259
0	649
13	226
1	92
0	150
0	131
0	57
6	33
0	57
2	2903
0	2372
3	940
0	1471
2	972
0	756
1	170
0	15
0	0
0	179
0	0
0	2
0	0
0	2
0	0
0	0
756	44
3	0
0	36
1	4
0	8
0	0
0	0
0	0
0	0
60	25
0	25
1	23
0	23
391	4162
0	14
0	3855
9	3097
8	587
0	1769
6	460
299	3601
0	381
22	2144
0	2324
13	2446
4	714
0	28
2	723
0	165
3	319
3	168
0	146
1	130
0	131
0	67
8	10
17	0
0	0
0	0
0	0
0	0
0	0
0	0
492	2381
150	2316
0	241
8	184
1	54
3	105
0	155
0	72
0	1
0	87
74	19
4	0
0	5
0	0
4	0
0	13
0	65
0	16
0	16
0	60
8538	2347
1	2340
0	0
912	7756
15	7830
15	163
0	5
2	0
1121	192
2	9
0	7
2	156
4	61
2	35
1433	659
19	189
9	472
0	0
0	47
0	47
2998	0
0	67
0	50
0	18
3	1
0	0
0	9
0	43
0	9
5	23
167	1019
2	24
44	183
71	1003
3	141
14	6
31	71
0	21
7	235
1	193
4	49
1	173
0	1
0	60
5	212
251	92
1	0
0	16
0	50
0	0
0	0
0	0
0	0
0	0
0	0
0	0
0	0
2	0
0	0
0	0
44	85
1	4
1	3523
3661	600
65	599
0	2
0	1
0	0
3992	477
4	502
39	194
0	0
0	2
0	2
24	4
0	4
1	1
0	0
0	0
0	0
0	0
0	0
0	0
24	0
1461	6
14	148
854	275
1	54
1	103
0	231
4	1
0	1
0	1
0	1
10	231
2	221
7	30
0	3
0	37
1	6
0	82
4	82
0	43
0	10
0	0
0	0
0	0
26	92
0	20
0	29
0	37
0	8
24	54
15	54
1	11
2	2524
1	2568
0	674
1	76
0	669
2	31
1	50
48	2166
60	975
1	361
1	16
153	856
33	0
0	77
1	11
2	236
3	126
0	143
30	65
0	2415
0	0
104	255
6	255
1	0
0	0
0	1
0	1
0	1
0	1
0	0
0	0
1531	129
1	43
21	80
3	3
1	1
0	0
3	11
0	11
1	10
0	52
0	0
0	0
0	0
0	0
94	370
20453	390
0	4
0	4
23	569
1	569
9	567
0	363
0	363
1	359
4	107
51	196
0	138
0	19
0	0
150	184
25	184
0	0
0	0
0	0
778	868
0	306
4	131
0	162
4	0
22	95
0	15
0	15
2	82
8	234
0	12
24	85
23	0
0	42
8	310
0	12
0	3
0	6254
763	4380
0	11089
0	298
0	9431
26	1966
0	11132
111	2389
0	145
0	96
1	41
0	2345
15	115
1	109
0	34
0	32
0	0
0	0
0	0
0	5
0	5
27	162
75	3827
0	325
161	3755
3	86
0	365
1	115
70	0
3	70
6	126
219	952
6	952
3	1
6144	257
0	254
0	0
0	0
256	458
675	490
29	62
79	22
41	23
2	12
857	768
18	768
171	164
1	164
1	0
0	0
15	216
5	216
2	212
4	2
790	875
1	473
3	400
0	4
0	2
259	2965
1	2644
0	1059
6	1476
0	0
0	0
15	2394
48	2319
47	2329
58	443
1	445
0	0
3	217
0	0
35	1503
0	217
0	0
0	190
0	1410
0	177
2	131
1	19
0	168
4	21
76	174
0	56
90	968
0	726
16	12
1	274
12	83
1	201
1	34
3199	873
1	4
10	104
9	77
4	493
8	303
0	17
17	415
0	2530
27	1514
1462	2684
2	1013
0	0
0	711
0	0
0	0
0	0
0	0
0	0
0	0
0	0
0	0
0	0
43	83
0	78
0	49
823	80
1	41
2	13
3	36
11	1131
48	1189
32	910
0	241
1	104
0	337
212	505
2	43
0	160
0	72
14	137
3	73
0	76
12	12
6	0
0	0
797	0
0	0
0	0
0	4512
611	4517
2	509
0	821
0	718
0	395
1	105
0	525
0	1206
111	55
0	55
1842	273
12	623
24	618
1	5
8	10
0	2
0	2
0	2
0	0
0	0
0	0
0	0
127	92
14	92
9	3
3	13
207	145
0	0
0	0
5	145
151	146
0	138
13	123
567	1
2	0
0	158
1431	4113
38	4023
82	4066
4	2014
5	3556
2	1098
1	0
0	0
0	0
0	0
635	14
2	12
0	42
316	249
1	0
0	23
3	32
0	218
7	31
6	91
8	91
147	1583
34	562
0	107
2	1142
0	274
7	6
0	179
0	25
0	0
0	0
4	119
5	118
0	44
0	33
0	14
0	60
0	63
0	14
0	7
17	1731
1097	1729
0	1674
0	1331
0	1269
0	265
328	25
271	0
3	35
1	35
110	307
2	208
0	152
6	138
0	28
0	24
12	67
1	0
552	204
7	204
16	1116
3233	1116
0	0
0	1
0	1
4	3
0	30
0	30
0	0
0	0
0	0
363	2109
26	2278
15	2056
0	133
0	20
27	31
39	9
0	970
3	1110
0	1089
0	638
35	962
66	816
1	34
7	426
0	163
0	142
0	125
17	55
0	8
1	0
14	22
24	1
0	22
0	960
0	0
0	0
765	0
4	0
0	0
0	0
0	0
0	0
0	0
0	0
0	0
0	0
0	0
0	0
1085	2117
3	288
11	43
0	0
3	1534
0	0
0	52
8	0
2003	68
2	34
2	32
2424	625
21	303
0	176
2	150
2	80
11	40
10	0
4	165
1	30
0	83
5	66
2	222
4	62
4	15
2	4
2	69
0	83
0	942
1	942
2	17
1111	1120
3	804
16	445
5	998
1	332
0	220
0	357
0	796
0	59
2	19
0	112
16	44
9	2
493	1177
1	591
5	83
0	1
2	13
1325	7298
2	7351
54	7130
0	1900
18	1764
1338	7942
0	1756
6	17
24	1024
0	694
0	4677
34	299
6	2733
34	2489
13	2
38	526
0	0
0	0
9	163
802	542
1	379
100	3120
0	105
4	324
0	2
11	34
5	1
1	2851
10	2853
23	623
1	91
0	1163
1	360
10	369
1	2936
3	515
3	431
2	362
0	97
0	0
0	74
0	1
529	37
10	37
14	318
0	117
60	367
0	327
0	75
0	16
24	13
0	165
0	0
0	8253
16	8834
50	2615
0	5598
0	3661
63	1633
0	3077
3	3693
3	510
0	3479
0	1988
23	3956
0	499
0	78
0	174
0	2964
2	228
52	98
22	529
0	1657
30	332
0	186
6	42
13	945
3	999
5	842
0	0
0	0
0	0
0	0
8	2897
137	3511
27	3224
0	809
1	968
0	660
3	195
0	330
3	133
0	0
0	0
0	0
0	168
0	139
1	74
0	0
1	0
24	98
0	29
133	104
6	26
929	745
1	375
0	398
0	137
0	19
6	106
32	148
7	36
0	37
4	1
0	67
0	0
1	0
1	35
215	0
19	144
0	2
0	24
10	127
0	24
0	2638
78	3002
0	0
17	744
0	13
6	10
0	1206
7	2858
0	1
0	1
0	1
0	0
700	15
1	5
1	10
242	26
11	26
1158	748
0	220
0	291
10	464
7	20
2	0
0	0
56	1124
100	1133
207	875
30	531
20	84
24	104
0	143
0	178
0	223
0	57
0	33
0	0
0	25
0	24
0	15
27	10
0	9
0	10
3	27
3	26
8	2886
276	3321
0	1123
1	598
2	8
0	5
0	0
0	4
2	6
1	2
1	0
1	1
0	8
0	0
0	0
0	0
0	0
4	359
0	311
2	359
1	7
0	102
11	718
3	679
1	113
5	6
0	93
0	48
5	124
27	117
1	160
2	55
0	14
77	309
479	318
3	64
0	3
4	0
0	0
0	0
7	446
4	239
19	0
1	72
1	253
3	242
12	317
0	60
0	180
1	118
11	144
10	164
7	151
0	142
73	192
0	17
0	1
2	2
32	51
0	9
0	0
0	0
0	0
0	0
0	0
0	0
37	0
0	40
0	33
0	41
1	44
0	41
3	30
1	32
0	35
0	0
1	1
0	1
0	35
0	0
0	0
0	0
0	0
5	1
1	1
970	158
1	131
0	0
0	27
47	939
2	903
0	459
0	83
0	523
2	93
0	0
0	14
104	30638
925	31188
9	1616
999	2945
5	1347
1	24
166	338
1	0
8	336
1	8
92	398
441	398
1	97
0	123
0	61
1	25
0	13
0	1
0	0
14	0
992	0
0	0
607	473
57	370
2	7
0	103
2	61
1	36
0	4
0	40
0	2
0	2
0	0
0	0
198	0
0	0
0	0
0	0
0	0
0	0
436	0
0	0
35	10
2	0
0	5
112	709
984	842
33	708
0	160
35	0
0	106
18	0
11	32
0	0
0	0
0	0
0	0
0	21
3	21
0	4
1	1246
97	2255
0	2240
3	771
22	983
4	7
13	15
0	20
3	2175
1922	470
1	467
1	41
17	43
10	19
13	11
3	2
5	4029
4	83
54	4396
3	930
0	2669
0	2977
0	1164
0	2761
4	459
1	1492
16	4162
2	2752
0	3326
0	268
38	2957
61	1580
22	410
16	467
1	308
0	2
81	2736
1	995
0	674
3	617
54	672
3	398
1	132
7	92
0	2792
0	8
0	5
9	17
0	10
1	16
0	0
49	1079
0	1
0	1
0	0
536	0
0	444
0	1120
0	1282
56	1288
0	14
69	580
95	64
0	580
0	60
20	60
0	7
0	7
0	0
6	264
4	241
0	79
6	80
0	198
1	11
0	53
0	182
10	190
0	85
12	91
1	31
0	264
22	257
0	558
329	1007
0	95
0	44
0	6
40	13
4	434
3	26
0	0
0	0
0	0
0	0
0	0
0	0
0	0
2	0
49	2
86	2
80	27
2	27
0	266
0	230
231	356
2	0
1	30
0	8
0	271
1	54
0	75
435	187
4	187
9	4505
0	4200
0	2784
0	3679
6	4348
0	3383
0	3777
62	91
9	0
0	264
0	238
0	175
6	200
0	2749
0	32
0	3
10	133
973	4768
165	4768
4	326
3	45
1	161
0	11
3	37
0	161
0	1
0	1
0	1
2433	5290
14	5297
4	1128
2	19
34	147
13	142
0	44
1	16
0	1
0	7
1	986
567	1333
0	1328
1	310
0	2
308	410
3	441
21	55
0	443
0	0
0	0
0	0
0	498
6	538
2	469
0	173
25	53
2	203
0	212
0	0
1	7
4	17
0	19
1	6
0	290
11	288
3	245
1	267
0	264
0	271
0	26
0	208
4	96
8	41
3	4
1	3
0	34
3	5
14	26
0	31
3	8
0	7
0	1
781	504
5	8
0	1
0	0
205	0
3	953
13	883
0	338
0	301
1	33
25	27
2	16
6	9
0	687
352	25
1	3
0	22
0	2
0	0
1	0
0	0
0	0
4	409
8	26
1	341
0	10
1	24
5	294
0	45
24	8
0	186
0	239
0	295
53	633
458	1323
3	438
19	205
7	156
0	32
0	1
9	32
1	23
4	6
18	0
2057	155
0	152
19	591
207	1756
49	721
634	1478
15	1012
697	626
0	65
5	254
25	102
0	325
2	85
6	86
0	112
0	45
0	219
809	43
0	0
0	0
19	0
0	0
717	110
1	8
0	65
2	38
1397	32
7	27
27	29
19	0
731	18
1	1
4	16
2	40
1	40
8	74
1845	497
1	156
3	1
0	86
1	43
444	285
0	0
2	682
217	1067
2	81
0	894
5	18
0	0
6	814
0	71
7	239
0	318
0	54
0	2
55	142
16	81
0	90
0	0
0	0
0	0
0	0
0	0
0	0
0	0
3	0
0	0
0	0
0	0
0	0
0	0
1	0
0	0
0	0
0	0
0	0
0	0
0	0
0	0
0	0
0	0
0	0
0	0
8	0
49	502
16	490
40	36
40	314
3	0
1	0
0	314
8	383
15	1858
1	611
35	1069
1	47
2	1483
0	999
27	660
6	135
0	45
0	0
0	999
0	0
0	0
0	3251
13	2157
37	4787
3	94
156	4727
0	1940
0	2162
0	345
0	177
0	41
1	355
8	157
0	141
0	56
0	4740
0	4517
14724	6444
2	6430
5	1149
0	1097
5	99
0	26
12	906
1	15
0	11
1	51
1	95
0	1
0	10
5	8
3	62
0	0
2	22
174	290
1	297
4	286
16	11
0	0
63	0
4359	4160
3	3667
0	1387
0	520
0	316
0	0
0	0
0	0
0	0
0	0
0	0
0	0
0	0
308	0
0	0
0	0
0	0
0	0
5	625
11	709
0	514
0	444
50	578
8	109
1	0
0	0
0	0
0	731
13	925
0	112
0	328
0	700
0	739
114	210
0	8
1	998
9	247
6	886
6	143
7	58
1	125
2	6
3	72
21	28
32	112
1	33
0	491
239	495
0	164
0	0
0	0
0	0
55	199
10	625
2	629
1246	541
0	536
4	7
0	7
0	0
172	570
16	570
1	102
0	158
4	252
1	14
2	17
2	244
1	3
2	4789
11	6503
2	5723
0	4975
10	1164
10	47
89	2969
0	634
1	256
1	311
4	1
0	0
0	0
342	1408
119	1407
0	1295
0	89
0	233
0	0
0	0
0	0
23	1563
0	8
0	39
0	10
0	0
1	1533
28	1510
13	108
104	4825
26	4528
6	0
0	1018
0	375
1	115
15	994
0	571
3515	1436
4	1433
3	153
1247	391
0	181
13	240
11	90
433	444
1	120
29	21
0	0
241	4676
35	5327
1	4828
771	933
33	6461
0	8467
0	8056
357	1176
0	508
10	5
0	1172
211	2104
0	6511
248	8519
7	583
4	6
4	8519
2462	21197
10	16833
258	18850
0	938
0	880
0	0
1896	2
0	0
0	0
0	0
116	1289
1575	1292
2	0
1	0
0	0
0	0
802	992
4	992
2391	2
0	0
3	0
1136	579
30	1
24	237
0	577
1	1
42	20
1	1
0	19
286	102
0	47
1	48
37	0
0	48
0	0
2	0
2	51
12	33
2	51
0	4
0	0
0	0
0	113
7	112
0	73
2	147
1616	1525
1	246
26	1419
1	4
21	794
12	0
1015	4
5	3
5	750
82	750
83	750
3	205
0	63
0	1707
12	653
14	653
1	917
92	1704
1113	1953
0	112
1	99
0	352
15	1526
226	0
175	22
0	21
12	328
15	326
0	319
0	360
0	67
0	38
5	4
0	5
1	0
0	0
2	4
0	365
6	329
1982	1465
0	124
0	55
322	1558
1	29
0	76
14	177
132	223
1	48
0	190
2	30
2	0
5	24
11	7689
734	7690
24	378
0	70
0	13
0	0
14	1238
1	97
81	1133
0	5
0	91
4	6
2	32
4	90
0	646
28	2712
1	178
10	382
128	794
59	1792
1	1757
7	1302
17	32
1	381
0	37
128	1478
3	65
0	113
0	0
0	0
0	0
0	0
0	0
0	0
1	0
0	37
0	31
0	1
0	0
0	0
0	36
0	36
81	1517
13	2099
1	1230
19	530
1	140
7	1989
0	0
0	0
0	0
0	0
0	0
0	0
0	0
0	0
0	0
0	0
0	0
466	245
0	92
4	106
13	95
0	0
0	0
0	0
0	0
0	0
90	7807
0	14
0	5209
0	8120
14	7851
0	0
0	0
1771	3
271	1132
54	756
0	153
1	285
0	110
0	0
19	4
0	4
3	38
0	1
188	77
1	38
0	15
0	0
0	31
1	0
2	6
9	1
0	23
0	10
0	0
0	0
0	2
0	20
0	0
0	0
0	16
0	16
0	3
0	0
0	0
0	0
3710	1870
40	1868
24	0
695	114
0	113
0	0
0	40
299	283
2	243
0	0
0	0
0	0
0	0
1832	1271
339	1471
0	416
3	67
0	0
0	0
0	0
0	0
0	0
0	0
0	0
0	0
0	0
0	0
0	242
8	191
11	346
1	140
0	197
1	262
0	0
858	1096
0	952
1	14
0	0
1	2
0	27
837	154
5	155
0	0
4	55
0	0
15	772
2	793
1	64
2	113
1	96
0	95
0	0
0	10
1	5
0	81
6	1
0	0
0	0
0	0
0	1
52	114
0	1
0	53
15	15
0	2
313	4537
1	1180
0	1929
20	16
6	126
0	1213
1	745
2	447
8	796
0	33
0	130
0	4533
1	0
0	0
0	0
0	0
19	558
145	712
0	12
1	123
4	11
1	0
1	154
8	191
4	85
4	311
1	219
1	15
3	53
1	36
0	124
9	66
13	124
72	201
0	414
25	404
0	426
0	40
1	1
0	1
0	0
1185	245
5	95
4	31
619	2932
0	299
1	1085
16	2859
118	0
25	620
51	620
18	4
0	30
26	24
0	1182
100	1349
66	1082
2	100
0	1013
2	11
1	193
0	82
7	136
0	17
0	14
0	41
0	0
235	33
0	32
0	118
1	0
0	118
0	117
0	118
0	0
10	8
0	2
0	8
0	20
0	118
1285	0
0	49
4	9
0	10
3	0
0	54
5866	1745
9	487
0	442
0	102
0	1222
0	0
0	60
1	0
0	0
14	80
0	80
0	1
0	0
0	0
0	0
70	7
1	18
2	16
9	17
18	5
10	232
0	232
11	2
3	24
184	1
0	1
615	1249
1	1188
1	1148
0	311
1	225
0	122
0	0
0	2503
13	8118
1	6467
1	81
0	36
0	5019
0	783
1	2507
0	718
9	50
0	7186
0	1365
0	1450
4	1219
0	7186
1076	2
395	2
18	882
0	896
0	817
0	36
0	89
0	77
1	29
0	522
0	884
1422	1
10	764
32	816
0	36
0	54
15	1
0	1
0	1
0	0
2	72
18	102
0	72
0	2133
5	542
0	363
1	358
13	0
0	2133
0	20215
6	15758
35	5397
4	142
0	2
5	0
0	20215
13	1199
61	933
0	125
2	1202
0	60
44	1180
3	22
19	32
5	11
2028	445
13	426
49	15
0	83
0	0
0	1
0	1
3	47
1	83
0	0
0	0
0	0
40	167
92	167
92	157
1	89
205	5471
7	5456
2	5468
106	5019
111	4390
4	248
1559	1483
0	148
0	147
21	36
0	2
0	1150
0	9
0	106
2	29
0	0
0	0
0	0
0	0
0	0
173	829
33	825
0	43
3	164
0	177
0	104
17	61
18	57
53	786
12	741
48	95
54	523
0	494
10	0
28	41
11	34
1	131
0	47
0	0
10	0
0	0
0	0
903	109
1	79
0	29
0	896
0	854
4	174
0	51
11	540
138	152
8	19
4	73
0	53
0	24
0	0
0	0
0	0
6	668
21	668
2	33
0	654
14	53
12	17
9	10
0	1
15	546
0	21
13	488
14	486
5	80
27984	8293
34	8248
2	5157
11	4589
11	3586
16	77
18	5822
21	6020
119	6026
143	4312
9	146
2	29
75	51
1	8
36	53
27	4
6	4
0	0
0	0
2	1
190	254
2	101
0	1
2	25
0	17
0	2
2	152
3	4
2	4
3	13
0	4
0	4
1	8
0	3
1	10
1	1
0	5
30	1230
44	1230
13	2526
24	0
6	553
2	296
1	2174
2	2348
0	21
0	133
0	49
0	46
0	5
0	0
0	2
1	0
0	0
3	78
1	56
17	77
0	43
9	29
83	142
0	62
3	45
0	73
9	0
3	0
0	0
0	0
0	0
15953	10
1838	2727
13	2726
0	428
7	422
92	628
7	76
2	0
0	0
393	1199
8	490
7	779
44	614
0	19
2	0
0	966
8	8
9	968
0	226
0	962
0	32
1	27
5	3
0	32
174	2911
15	2629
100	1935
1	2
0	49
0	48
2	1085
0	227
0	1039
20	465
0	1086
0	0
0	0
0	0
0	0
10	20
68	1490
35	1536
0	1380
2	743
0	585
0	595
0	568
0	53
0	439
0	487
0	523
0	552
0	162
0	462
0	530
0	536
0	549
1	3
2	123
0	37
0	31
0	54
3	340
0	49
2	33
0	2
0	29
0	25
5	46
0	42
0	37
11	52
0	31
0	17
0	498
0	0
0	0
0	0
0	0
0	79
2	1793
9	863
2	757
0	566
0	473
2	308
3	1080
0	1207
0	53
28	311
0	1874
225	293
2	218
0	75
0	2
11	16
0	16
0	0
0	0
19	686
21	365
2	294
9	673
3	12
0	7
0	0
0	0
0	0
3506	4990
2	4583
0	1927
2	417
344	1046
0	1178
0	835
485	3631
20	1918
48	3628
0	270
10	668
11	3
6	267
68	414
2	283
0	0
0	0
0	0
1190	322
1	296
0	268
0	26
2114	0
0	0
0	0
9	708
119	866
3	1046
6	1282
0	2176
12	714
18	163
9	218
16	58
2	11
0	1967
26	13
6	13
874	907
2	830
0	117
1	397
3	494
1504	452
1	448
0	2
1	449
12	386
0	398
0	377
343	1691
0	1479
0	1276
3	156
9	788
0	788
0	118
3	140
1719	356
0	124
11	235
2	88
0	0
82	83
3	22
59	897
0	278
44	538
11	820
3	110
0	16
14	1
0	4
4	1
0	26
3	0
25	164
0	164
0	19
0	5
0	9
0	22
1	0
141	21
347	1311
50	915
48	126
1	680
147	680
0	182
0	1
0	1
0	0
0	0
0	0
0	0
9	802
6	945
22	901
1	745
16	90
0	251
0	0
29397	1654
39	717
3	898
0	0
0	530
13	168
0	328
0	393
0	408
0	138
0	123
0	649
0	75
3	42
0	50
0	656
24	454
2	466
74	738
363	682
2	148
0	5
0	68
0	78
87	211
0	1
0	138
6	54
0	6
0	8
0	0
0	0
0	46
4	72
54	4044
19	4042
1	2
0	571
1	55
0	87
0	50
0	0
9	0
0	0
0	0
0	0
0	0
0	0
1137	2971
1	2898
1	73
82	379
331	385
3	3
19	237
9	215
54	130
0	71
0	59
0	0
0	66
0	25
0	48
0	62
0	65
192	307
3	75
0	34
0	0
13	19
0	291
0	5
2	92
0	227
9	447
0	581
0	145
31	298
34	267
0	10
3	17
0	73
0	215
3	127
34	8
336	2793
0	173
0	29
0	170
3	40
3	204
21	252
13	640
42	100
1398	454
45	495
7	71
0	2768
201	1482
2	515
14	721
4	197
2	189
0	70
7	109
0	30
0	207
0	41
6	272
1	134
0	149
0	14
2	102
2	68
0	30
1	0
0	1
0	1
0	0
0	0
451	2844
22	1166
174	2785
61	4117
194	4055
1	24
0	1842
0	190
6	174
2	323
0	4884
53	4944
2	2244
0	3199
74	3143
0	3365
0	3594
25	890
2	522
2	288
4	5
1	4
0	4
0	4
0	0
0	0
0	0
0	0
0	3
0	3
0	0
0	2
0	3
0	3
0	0
0	3
27	1633
0	823
1	769
1	6
16	18
3	8
1	0
0	5
5	5
0	1683
2779	1141
0	520
4	757
0	610
47	170
4	181
0	181
0	181
0	37
363	1462
26	1145
1	1275
0	187
16	73
26	120
130	134
7	11
0	3
12	18
0	0
13	5677
0	5490
6	2282
11	1346
0	0
1	1141
1	12
3	816
8	632
0	316
0	0
0	202
0	56
7	0
0	0
0	182
6	281
28	324
7	330
5	29
0	15
0	129
1	134
0	169
407	153
38	25
125	154
0	19
5	4
15	0
7	325
91	1465
1	1199
53	97
18	16
57	45
0	44
36	0
0	6
0	1
0	1
0	0
0	0
0	6
2	0
767	0
190	774
0	14
0	497
2	216
1	87
0	4
0	0
0	0
0	0
826	249
7	208
91	179
2	4
0	1
1	4
0	0
2640	740
0	491
1	406
0	358
0	92
9	126
0	0
1	1328
0	293
8	14
0	14
0	0
0	0
0	0
1	42
18	11
5	11
27	1663
0	61
9	1405
1	217
10	3
2	109
17	88
0	131
0	86
0	7
1	621
0	190
164	24
0	82
8	15
0	18
0	186
0	0
303	376
0	50
0	2
4	325
4	0
1	0
0	0
0	0
0	0
0	0
0	0
0	499
9	629
0	628
0	541
0	16
1	103
211	86
13	44
0	44
0	0
0	18
0	513
0	7757
6	212
0	8286
0	8521
0	7792
0	160
2	809
29	1153
29	1
12	6129
0	8325
0	0
0	0
0	18
0	0
6	722
70	863
5	57
30	787
304	3355
0	2290
6	592
45	2391
0	2327
2	37
22	21
5	21
4788	1233
9	165
1	1179
2	707
28	11
13	719
0	369
0	64
0	719
5	3
0	0
1	6
0	0
0	6
0	0
0	0
0	0
0	0
1	4
0	4
7	2
1	1
0	0
1358	4719
1	2707
110	4528
1	563
1	0
5	5208
1	4732
0	4565
21	5208
49	511
0	15
862	510
3	65
0	16
2	141
0	277
0	0
0	53
11	195
0	243
0	208
1453	153
2	100
0	3598
0	2730
3	239
1100	423
37	227
21	196
9	4
36	19
5	535
1532	556
0	111
0	0
150	0
0	0
0	0
0	5
0	0
0	0
2	29
0	0
84	685
0	140
1	451
1	376
0	0
16	20
2	0
1	0
0	0
0	0
0	0
0	0
1803	62
0	61
0	773
41	73
0	23
0	2
0	80
474	1
0	338
1	337
5	341
2	344
3	58
2	32
5	40
2	6
0	17
36	81
0	7
0	7
0	5493
2	5711
7	1310
0	5839
190	5262
13	4616
0	1020
9	38
0	0
0	0
0	0
0	0
0	0
0	0
0	0
0	3590
0	386
0	3
1	13
0	0
0	0
0	144
10	65
4079	495
0	220
0	211
1	417
85	0
708	120
12	118
3	0
0	19
1	38
14	38
0	12
0	12
2	7
0	9
0	7
0	508
2	508
3574	446
634	6
10	2
1	3
494	101
22	11
9	35
0	45
0	37
0	2
3	38
4	0
0	1510
1	1257
0	1777
33	1852
0	1604
0	1358
0	7
1	201
12	6
1	13
8	27
5	28
0	0
0	31
4	26
0	0
0	0
2015	953
2	839
0	49
0	51
0	0
0	0
411	9611
394	9614
18	57
28	57
208	1035
3	707
2	976
0	93
23	0
0	0
349	3058
1	139
1	998
1	484
2	15
0	155
53	2989
3	0
3	270
16	0
15	3
24	146
1	104
0	10
0	146
3	24
78	24
2	5
291	104
9	104
190	8542
263	8359
3	7444
31	2
157	3236
1	2
17	2
1	5
3	1
88	598
0	72
0	12
0	58
0	470
235	220
1	143
4	67
1	7
12	0
1	8
0	8
0	0
922	0
21	83
0	59
0	35
1	83
1	27
0	78
0	0
0	0
0	0
0	0
0	0
0	0
0	0
14	105
1	84
1	5
2	80
267	739
28	468
5	78
31	271
7	479
4	49
31	0
0	0
0	213
1	323
6	407
9	3251
4	2825
0	1408
0	923
5	214
0	653
0	650
0	1784
17	2851
3	884
0	879
4	81
0	1850
0	1794
1	504
87	811
0	0
0	0
3	0
55	601
25	914
18	643
7	28
5	500
14	15
60	391
0	145
0	35
0	14
0	1
7	338
3	36
4	52
5	29
1	92
0	109
0	29
0	86
0	1
8	2
79	0
196	1855
0	1287
0	58
0	57
0	57
0	60
2	825
0	98
880	0
2332	762
2	730
2	141
1	8
16	29
68	5011
504	5012
10	113
2	71
16	31
81	2043
51	2529
24	2439
275	3915
2	2416
0	4369
10	986
1	1939
24	956
1	31
12	3
0	0
0	2
0	0
8	143
0	9
35	126
0	0
0	124
9	19
1	118
0	7920
622	8079
0	2615
2	2353
8	2
0	5
0	5
4	3187
231	3232
3	46
0	769
0	893
0	1272
24	243
0	386
5	4
0	231
7	73
0	866
0	21
0	304
0	32
1	59
9	1
0	96
6	9
1	57
13	23
0	279
0	398
0	1254
17	0
210	4
0	4
174	478
0	445
0	11
0	33
54	0
0	0
0	480
18	520
29	388
107	569
0	119
0	2
0	145
63	138
0	54
0	24
0	0
697	147
0	146
859	681
0	5
7	675
0	118
3278	535
23	532
0	2
24	257
2	223
3	228
9	1016
29	0
22	375
3	169
0	242
1	244
0	245
12	239
55	239
3	126
3	4
0	1
73	389
3	389
904	0
419	2693
1	198
0	207
0	194
0	13
0	196
0	192
1	3
0	0
27	99
22	147
68	246
22	135
0	17
2	62
0	1
10	234
14	168
0	234
3	6
1	5
2	2
7	1
0	0
16	66
0	234
272	1019
15	1018
1	0
13	403
0	220
0	2
0	0
0	0
0	2
0	1
55	438
15	450
9	30
1	50
0	66
0	0
4	0
2	37
0	23
1	0
0	62
0	35
3	65
0	64
0	67
0	0
0	0
0	0
1	128
4	62
0	19
0	0
0	51
3	5
2	2
1	113
7	290
0	18
0	297
2	16
0	125
0	11
0	183
0	202
0	114
4	103
0	0
0	104
0	0
0	17
7	33
0	93
0	113
0	103
0	95
0	107
22	841
0	42
14	1088
0	58
0	972
1387	990
2	961
1	75
0	0
0	0
0	0
0	0
530	0
197	0
193	123
0	123
2	32
0	31
0	0
0	0
0	0
0	0
0	4
3	2
88	22796
0	4587
0	293
6	9044
27	6301
10	2807
18	3060
5	70
0	20882
867	934
8	832
6	620
15	281
45749	8229
56	8197
35	623
1	623
2	623
2	618
0	623
0	221
9	254
0	566
0	92
0	2
0	3
0	1
4	0
27	1667
0	38
0	63
10	108
1173	1658
0	95
8	1395
0	55
1	1
13	1467
0	1317
50	1533
4	737
57	59
0	23
15	36
1	0
0	0
4	25
0	0
23	78
0	78
59	1008
1	590
12	693
0	900
0	83
0	29
0	89
0	5
0	73
3	264
1	346
0	9
0	40
0	61
0	101
1	87
1	8
0	116
2	3
0	0
0	2
0	3
0	0
0	2
0	2
770	3
0	30
0	51
20	743
0	114
18	2
0	0
0	0
103	5
3	5
30	0
0	1
0	1
0	1
0	4
0	16
0	16
0	3
0	2
5	12
3	12
812	485
0	89
0	0
43	264
0	485
0	0
0	0
0	0
0	0
0	0
0	0
0	2
0	2
1	2
0	0
0	0
732	333
0	255
2	331
17	185
71	145
0	122
0	90
1	2
6	51
13	0
11	15
51	222
0	18
6	219
1	6
1	2
21	25
13	32
0	0
0	1
0	6
22	23457
184	24334
317	10306
2	10156
5	6805
0	4869
0	14
0	24245
0	23450
0	1
1	6
1	0
0	6
41	570
0	552
0	445
0	32
2	66
0	20
0	491
58	498
0	517
24	504
0	712
0	838
0	783
0	725
0	774
21	838
0	657
0	353
703	110
44	307
1	306
0	31
0	64
0	831
0	845
0	835
0	0
0	0
1	17
20	17
6	25
0	8
0	26
0	17
1	3
0	0
296	438
83	438
0	598
21	563
1	317
4	80
0	28
6	0
0	0
0	0
0	0
1	0
0	0
2	5
1	386
0	4
1	335
11	363
6	3
11	26
1	14
1	0
1637	749
25	747
413	342
0	280
2	8
0	5
10	2
66	292
1	607
1	0
0	361
0	1366
0	1321
165	917
0	407
0	381
2	5
0	160
8	190
0	75
0	156
0	4
140	1857
0	0
10	1657
66	10
78	185
0	355
0	1670
105	165
0	28
0	105
3	932
3	31
0	18
1	106
25	105
0	15
0	908
7	5
0	5
808	644
11	643
0	0
0	0
0	2
0	2
0	1433
3	1516
0	1485
0	1189
0	997
0	865
0	1494
0	89
0	97
11	129
1	19
5	157
0	0
0	0
39	29
0	25
0	0
0	1
1	6
0	0
0	0
0	0
0	0
0	0
0	0
0	0
0	0
9	27
2	27
0	0
0	0
0	0
0	0
144	1579
0	1534
0	1489
0	42
4	39
6	136
18	346
0	62
6	22
10	0
1	18
2	45
0	11
54	240
0	46
0	73
7	22
0	129
1	101
12	99
72	81
550	4665
198	4664
4	214
21	345
0	3
23	336
15	198
0	8
0	662
98	662
28	662
6	321
0	313
0	14
44	1
5	0
26	47
2	52
0	12
7	3
1	26
0	2
12	96
0	96
0	3
0	6
1	6
1	6
0	0
4	6
2	4
0	4
1	0
2656	1404
16	276
6	5436
70	5384
5	4577
83	5555
8	2272
1	1858
37	1059
0	4
0	827
0	749
0	0
0	0
0	1
0	0
886	806
26	599
0	0
1	221
1	13
0	0
1590	134
0	134
12	0
0	0
0	1
0	1
0	1
0	1
0	70
0	69
3	5
1	23
5	448
9	392
6	236
0	50
0	0
2	2
1	1
0	31
0	8
0	1
3	448
32	331
10	279
4	40
0	50
2	231
0	320
0	40
0	0
0	0
2	1413
0	534
1	153
0	79
0	8
0	397
22	402
2	403
0	168
90	182
0	45
0	36
0	10
0	0
4	13
332	4989
14	4881
9	526
10	20
10	1369
0	144
12	168
0	175
0	591
33	129
32	2
76	1325
0	839
0	106
52	1402
14	1465
34	1453
0	1460
0	0
0	38
0	35
0	1449
2	0
309	2768
4	2083
6	3295
0	1645
18	162
13	1744
0	2360
1544	6901
449	4317
1	260
0	421
8	5567
1	1218
3	0
4	965
277	4557
1222	3085
57	2851
0	0
21	69
44	1
42	37
32	59
1	25
3	27
2	0
33	49
0	1
0	47
10	29
625	2714
49	0
3	233
0	340
2	155
0	171
3	181
0	64
0	3
0	38
0	16
0	70
3	1
0	1
0	785
15	601
24	626
0	256
0	249
0	445
0	54
0	5
1	1
0	748
0	83
0	70
1	76
81	302
3	10
3	2
0	0
1	293
3	19
0	999
430	998
5	6
24	383
0	826
11	13
0	25
0	682
0	655
0	763
0	814
11	784
0	738
0	996
0	980
0	390
0	28
9	0
3	780
36	780
1	17
11	328
6	382
13	315
3	32
2	211
4	88
15	84
0	76
10	1
0	10
2	10
0	6
0	7
0	6
0	1
0	0
0	336
0	0
0	16
165	1368
1	210
0	228
48	1276
0	0
0	30
0	0
0	0
0	0
0	0
0	0
0	0
0	0
0	0
0	0
0	0
0	0
0	0
2	5
0	5
3	0
5	19
424	78
1	41
0	34
368	88
12	78
1	46
1	28
4	0
0	0
0	0
176	0
9	0
358	1474
1	1267
2	114
0	8
1	36
0	60
1	8
0	8
0	8
0	17
0	2
16	126
4	0
1	29
0	50
13	54
0	39
1	45
4	85
0	84
0	12
0	38
0	1
5	79
394	786
37	162
7	7
0	21
0	9
0	10
1	10
0	3
0	1
1035	1
836	35
2	35
0	249
7	244
0	172
0	14
0	56
2	70
7	79
2	63
0	20
0	67
0	12
0	41
1	2
2	9
0	9
0	7
0	4
0	0
0	247
0	0
0	0
0	0
148	903
21	902
1	903
0	1
2	8
0	8
0	0
0	0
0	0
0	37
6	137
0	83
0	95
0	81
0	44
0	0
0	0
0	0
25	489
28	590
9	386
0	78
62	0
9	731
1745	657
0	0
0	0
0	0
0	0
0	0
19	190
0	89
0	63
3	14
0	190
2	0
0	0
0	0
0	0
1232	22173
20	21257
0	3286
1	4298
3	2788
1	6
0	7
0	7
0	1
0	0
75	1266
83	1341
0	623
0	347
0	193
0	585
0	472
0	404
0	704
1	807
0	1038
0	284
8	157
0	141
0	203
0	883
0	72
0	884
0	336
0	886
0	884
0	616
0	607
0	280
2	16
2	118
3	0
0	0
11	1
0	1
31	1909
28	516
54	1737
4	1496
1	1378
4	83
2	319
18	769
11	684
5	343
1	18
0	107
12	34
2	2
0	0
9191	13
0	10
0	0
0	0
5	1072
5	1049
83	213
65	927
234	202
40	205
29	939
0	65
0	93
4	176
2	9
47	5
0	50
0	92
0	0
0	0
221	0
0	11
590	11
0	288
2	281
0	279
1	176
76	186
0	308
0	36
0	34
5	34
1	2864
85	3567
51	690
7	1089
0	1384
110	2525
0	2393
1	3065
0	2395
1	1773
1	2427
6	2900
1	2107
9	670
15	2196
29	103
7	180
0	806
0	1097
122	267
4	651
13	685
103	30
1	30
0	1
460	11
12	10
4	275
3	297
1	10
0	2
4	164
12	105
0	40
0	32
1	0
0	0
2672	690
0	517
49	346
2	123
2	9
91	82
1	25
7	73
0	9
7	45
0	13
1	0
0	4
0	2
0	0
0	0
0	0
0	0
0	0
825	1
0	328
0	445
0	695
24	22
22	260
15	362
3	20
0	8
0	18
0	766
0	405
4	12
0	12
3	7
0	0
0	7
1	7
1	7
0	3
0	1
0	1
0	0
0	0
0	1
0	1
4	2137
209	2246
81	111
67	623
16	257
0	59
0	54
0	71
8	0
0	64
0	502
4	772
0	69
16	188
16	643
0	6
0	640
0	2
3	27
0	16
0	0
41	0
1	28
4	26
20	4
0	21
0	1
0	0
211	0
2	5
3	22
0	6
0	3
22	0
387	249
0	119
1	15
3	123
504	196
2	4
19	29
190	303
0	260
0	156
0	21
3	15
0	0
3	105
0	1386
0	46
1	118
0	1362
5	751
0	0
0	0
126	2
0	4
0	3
0	3
0	0
0	3
0	2
0	1
0	1207
34	1207
3	161
26	240
0	721
30	697
0	71
0	473
0	5
21	41
31	779
0	673
34	770
0	95
1	53
0	213
0	120
53	1541
54	50
2314	2581
0	2304
1	128
2	1324
0	0
0	0
3400	519
2	514
1	1
0	1
0	1
7	79
0	5
2	82
2	81
0	27
0	16
0	32
3	52
0	52
2	43
0	32
0	25
0	29
0	11
0	6
41	3425
0	1539
7	3363
34	2507
0	204
8	215
0	139
3	5
0	9
0	74
250	35
2	1972
4	1655
5	1721
0	1656
5	1278
0	888
6	549
3	371
13	64
6	28
4	19
1	13
0	813
0	0
0	51
46	93
0	93
0	100
0	0
4327	2
0	0
0	0
1	0
0	0
2	0
0	0
0	0
0	0
138	53
11	53
0	25
56	0
334	122
0	9
0	113
1148	3242
12	345
0	129
29	346
5	359
522	62
0	62
86	1948
1419	1925
0	229
0	649
0	286
4	70
47	197
1571	3240
0	0
7	0
0	0
2	5420
372	5466
807	5564
0	5434
6	1283
32	139
13	136
3	0
7	470
1	0
0	0
296	802
4	783
296	572
1	572
2	28
0	13
0	17
0	16
0	15
0	4
0	1
0	0
0	0
0	3
0	1
0	1
0	0
0	0
0	5
19	825
0	769
13	767
0	32
1	56
6	87
1	6
23	152
0	82
0	283
2	936
6	949
0	30
0	52
2	18
45	20
11	1300
63	1
5	1258
0	1
0	122
1	67
0	18
0	213
1	18
4	0
4	1288
0	0
0	71
0	0
1	160
0	738
3	54
1	30
1	0
0	0
264	21
0	1
5	18
2	5
7	98
1	112
27	24
0	1
0	48
0	2
1	1
0	1
0	1
0	219
419	743
3	469
41	637
0	68
3	743
4	6
6	18
6	1448
0	1493
34	1571
1	1372
8	1244
0	0
0	0
13	4466
0	4729
0	177
18	946
0	3770
0	3954
20	265
7	421
1	1053
0	2464
82	216
0	44
64	1371
0	0
1	0
10	1526
4	852
6	4595
0	4
0	4
0	0
0	0
266	20
0	19
1	85
14	66
0	56
32	78
3	66
0	0
0	0
0	0
0	0
960	256
16	157
13	126
29	882
6	1006
0	980
3	989
0	504
0	518
1	2
0	47
0	8
2	21
0	0
0	220
1	40
0	15
1	4
0	15
0	16
19	13
0	0
0	5
0	6
3473	491
21	491
2	313
21	0
8	498
0	481
0	0
0	0
313	0
1671	689
0	691
0	598
10	320
2	0
0	232
0	145
5	101
39	17
2	16
0	2
0	3
0	6
0	2
0	2
0	3
160	117
0	100
30	17
29	67
9	67
166	789
2	697
0	427
0	232
17	208
0	3
0	31
15	47
1	202
0	206
1	125
0	14
0	50
0	8
0	0
0	0
0	37
0	41
0	25
0	0
0	0
0	0
0	0
0	0
0	0
318	160
0	155
3	1
8	1
0	0
12	4
0	0
0	0
0	0
640	233
0	233
10	0
0	0
4	0
143	190
1	111
2	97
7	16
2	2
0	2
1	3
0	12
8	211
1	42
10	30
0	1
1	504
13	1
20	519
0	15
0	269
0	301
9	130
0	2
28	454
0	0
37	2
0	26
0	2
0	43
5	43
0	15
0	0
22588	15922
12	2156
2	1137
2	5719
4	3261
0	4789
2	2361
2	381
0	154
0	19
0	18
0	0
4	19
1	73
0	0
0	0
0	0
0	0
0	0
0	0
22	5
0	1
0	0
0	0
0	2
60	312
0	102
4	215
3	27
2	127
2303	568
0	0
0	0
0	0
0	0
0	0
13	0
0	0
309	1266
7	771
12	290
0	568
0	0
0	0
0	0
0	0
0	0
130	10
1	6
1	3
0	4
6	0
3874	5
0	0
0	0
146	1546
0	1546
0	83
0	156
6	7
1	0
0	0
0	1
0	1
0	0
0	0
2	60
1	3
1	4
0	3
0	54
0	52
0	0
0	0
0	0
0	0
0	0
0	0
0	0
0	0
0	0
0	1053
0	52
0	31
296	1162
2	30
0	32
0	88
0	77
0	958
0	123
0	219
2	321
2	0
2	0
17274	19477
16	14697
2	0
0	0
263	21613
92	8894
0	12
67	21629
17	21608
4	2
0	2
568	100
0	22
642	399
1	6
0	399
0	27
0	35
0	0
0	109
0	0
0	0
0	0
0	0
0	0
0	0
0	0
1013	170
0	10
1	14
0	55
0	107
0	232
0	252
198	407
38	83
0	1
4	75
2	86
4	16
2	140
0	0
7	25
6014	1027
0	43
146	1014
0	0
7	25
16	2801
292	2959
3	172
1	0
1	0
824	1374
75	866
0	512
3	68
4172	8252
9	8506
233	7880
28	163
1	691
8	370
50	414
11	414
3	38
0	86
1	83
0	415
43	1226
5	2639
5	87
0	1
0	2639
1	3
1	12
0	10
0	1
0	4
13	38
0	2
5	36
260	616
5242	3409
0	1662
0	470
0	1606
0	3336
0	1490
0	2363
1	1135
0	3339
0	0
8	1
0	1
0	0
0	0
0	0
1	0
0	860
5	2590
0	1577
6	2337
0	1549
0	0
0	0
0	1521
220	2792
54	1
5	1876
1	0
0	2792
6	200
19	1
1	762
27	903
1	358
11	0
27	904
0	94
4	99
4	82
2	72
0	24
0	9
1	32
0	1
7	34
3	11
1	0
0	2
0	5
0	8
0	1
0	0
1	0
0	0
0	0
0	0
5	37
0	3
0	1
0	37
0	1
0	0
0	0
0	0
0	1
0	0
0	0
0	0
0	0
844	645
1	478
0	24
0	110
1	0
0	0
9	74
0	16
4	1
0	25
0	25
0	623
0	0
0	0
0	0
0	0
0	0
1	42
0	40
2	39
2	39
0	3
0	40
0	0
139	92
5	8
0	14
0	47
0	5
0	46
0	0
0	0
0	0
0	0
0	0
0	0
0	0
0	0
0	0
0	0
0	0
0	0
0	0
0	0
0	322
17	183
0	259
16	584
0	594
0	611
21	3
0	3
0	0
0	0
0	0
0	0
0	0
0	0
0	0
0	0
0	0
0	0
0	0
0	0
0	0
0	0
0	0
0	0
32	0
336	1234
2	1243
17	1212
10	264
10	296
0	215
7	27
44	97
0	0
0	0
0	0
935	247
3	113
2	51
3	86
0	1
0	55
3	0
0	1501
1	1501
0	831
332	1497
21	8
1	316
0	0
0	0
0	0
83	6
0	6
920	1646
23	1234
10	565
0	339
0	404
0	428
1	411
0	402
4	270
0	185
314	2777
9	2821
0	815
1	373
40	372
0	74
9	24
0	22
0	10
0	10
7	37
0	511
0	331
0	35
0	37
0	85
1	104
0	618
25	290
20	348
22	293
8	99
72	299
4	0
4	174
0	71
4	0
1388	413
32	315
3	437
0	0
0	393
6	150
0	95
129	151
4	0
1	48
0	55
11	217
0	133
0	99
0	23
1	4
0	71
0	41
1	0
0	1708
6	483
39	470
0	490
1	26
17	1708
30	78
5	1373
126	100
2	1344
12	92
4	0
69	405
50	329
0	339
1	10
0	55
2	1
5	41
0	0
0	3
0	0
0	0
289	675
0	108
16	41
0	553
0	89
0	186
2	190
0	79
0	43
0	7
1	4
2	2
0	2
0	0
0	0
0	0
0	0
1	162
119	184
11	22
84	6
5	6
0	0
2	86
0	78
0	18
1	12
0	20
472	402
1	350
51	20
1	32
6	1
0	0
3	7
0	7
0	0
0	0
0	0
0	0
0	65
885	65
463	11094
0	47
325	12261
16	4277
993	28
0	27
2	1
1097	4637
20	2793
62	957
24	1954
48	778
3	44
0	0
0	0
209	9
0	1
0	9
0	9
0	0
0	0
0	61
134	61
7	108
15	616
37	567
0	8
0	180
4	51
0	9
0	0
45	1293
4	4
13	1296
10	15
10	25
1	1065
0	0
0	0
153	0
921	764
5	112
0	80
6	18
4	159
6	28
0	89
3	104
2	361
2	0
1	6
1	16
1	14
0	16
306	4048
0	3650
95	4392
84	3230
0	440
2	519
1	665
0	760
0	591
1	348
1	361
1	46
0	0
0	0
7	803
1	463
12	569
0	487
0	74
23	94
0	0
0	0
0	0
0	0
0	0
1	0
0	0
0	0
0	0
0	0
596	1
13	362
15	220
0	74
0	111
0	8
0	147
0	0
0	0
0	0
0	0
1370	745
15	745
0	125
2	28
5	0
3	220
1	184
0	126
0	264
0	0
0	39
0	54
0	14
0	66
1	54
15	3948
749	3949
2	2791
2	12
0	782
20	10
0	0
17	197
2	197
1	1
14	31
0	149
5	28
1	28
514	810
0	788
1	530
6	346
30	314
2	172
0	154
0	0
0	0
0	0
0	0
0	0
10	2
0	2
0	0
0	0
0	0
0	0
5	1
5	0
0	0
0	1
130	0
0	2
0	6
0	6
0	2
0	0
3	173
70	780
2	607
6	5
0	0
0	0
435	2
0	0
1	0
0	0
0	231
0	200
1	102
0	0
0	15
0	6
0	0
0	552
43	652
0	71
0	8
0	66
1	59
0	0
0	0
2037	4
0	0
0	221
0	0
17	221
0	0
1	0
181	247
702	247
132	17
19	12
0	2
0	2
0	0
0	1
1	2
0	0
0	3
0	13
2	11
0	13
0	4
0	13
0	0
0	0
0	175
107	406
66	241
2	8
0	1
7	24
1	23
2	4
1	19
0	23
4	2
0	1
6	4
0	1
0	0
0	1
0	5
0	5
53	13
5	13
3	27
5	27
0	6
0	0
17	0
5	86
0	86
0	2
2	15
152	1701
99	1695
0	3
33	280
81	41
0	41
0	0
0	0
0	0
144	30352
123	9681
0	8721
2	7374
9	12
1	1102
2	30152
7	181
0	119
0	130
12	836
1	836
15	837
0	54
2	20
0	3
2	108
3	58
0	80
4	2
0	0
0	2
15	815
9	19
5	19
0	33
14	822
0	24
17	138
2	160
0	101
0	3
1	292
601	2049
8	1885
6	165
0	0
0	0
0	0
1	0
18	0
0	38
5	1858
18	1493
3	1976
1	329
15	1350
3	0
62	32
7	35
0	33
5	52
0	52
5043	245
37	182
28	1138
0	0
1	3
2	41
1	38
0	1046
26	2
2	991
2	439
3	899
4	67
0	92
0	0
3	4
1	0
0	0
1404	1663
0	1663
2	168
0	2
0	2
0	0
0	0
0	1
0	2
24	0
0	5
0	0
0	5
7	0
0	0
117	11
0	11
342	1581
8	1588
16	1467
0	1409
6	1484
1	1343
76	1692
0	674
1	11
0	36
0	23
0	48
1	4
0	2
0	1
0	0
19	1452
11	511
0	212
21	1450
0	663
594	1
0	21
2	42
1	42
51	1343
5	486
4	200
0	849
0	1141
0	47
0	84
1	0
0	3
3	926
1	48
0	14
3	159
0	0
0	191
3	0
0	3
4	38
1	35
0	0
3185	2
0	0
0	0
0	0
1518	2
486	384
0	329
0	300
2	6
7	17
15	60
0	1
0	63
38	32
2	58
0	4
2	38
8	67
3	51
0	19
0	67
3	1165
18	1155
3	1051
0	1119
0	955
28	886
0	19
0	104
7	29
0	49
1	20
1	20
0	19
0	1129
0	1156
0	978
174	1264
6	1157
3	858
0	0
0	0
273	357
1	335
0	351
1	29
0	341
0	291
0	0
0	7
0	7
0	0
6	435
52	94
2	8
17	58
8	316
5	23
1	334
1	76
7	64
3454	2021
0	2017
0	0
2457	8
3	4
0	0
0	0
1730	291
0	0
0	21
0	136
23	146
9	137
0	266
0	0
216	9
0	9
3	0
0	0
0	0
12	462
2	435
0	327
0	289
2	133
2	55
2	4
0	3
2	3
0	0
0	0
1187	1249
19	16
0	5
5	1235
2	245
16	0
65	1036
0	38
0	105
3	247
44	952
0	161
1	167
0	493
0	394
0	189
1	166
28	326
0	0
0	8
0	7
161	15
18	1407
35	538
3	991
4	1093
13	455
138	75
1	69
0	0
0	6
0	0
0	0
0	0
5079	798
0	118
3	112
35	675
9	484
64	323
0	105
12	0
4	10
1	12
0	0
349	7770
1	7766
15	671
0	515
0	143
19	0
30	4195
0	4454
45	2786
153	1725
0	8
3	98
20	378
1	68
130	1
0	0
0	0
0	0
0	0
0	0
214	186
0	45
0	71
1	7
0	1
1	103
0	3
2	22
0	31
0	5
44	462
0	5826
2	5581
0	797
2	0
0	0
55	14361
4	14555
1670	13962
422	10954
2013	13499
1	1531
1	133
26	7
18	14
14	157
29	94
2661	269
7	262
1	7878
0	7878
260	47
0	1
4	19
0	27
0	0
0	0
445	2
19	1547
60	1543
2	1534
0	74
7	29
12	23
0	19
0	11
0	8
0	7
0	4
9	1
0	0
0	0
0	0
8	0
10	907
461	4276
97	4271
29	978
3	0
0	0
0	0
0	0
3	14
22	116
0	14
252	178
0	120
1	0
295	0
1719	84
18	84
0	0
0	0
0	0
0	0
0	192
5	192
0	192
1	192
0	0
0	0
4	2
0	0
0	2
3	0
0	0
0	0
0	0
0	11
52	69
0	0
0	11
0	69
0	14
0	40
0	1
4	4
0	20
188	1141
6	683
18	328
0	1014
0	245
5441	8
3293	2130
0	4
194	2128
0	0
0	0
4	0
0	0
0	344
0	320
3	265
0	437
6	273
0	104
3	84
13	31
1	389
0	141
0	281
0	0
0	122
1	66
0	43
30	776
7	773
1	327
0	235
0	182
1	180
0	51
1	23
0	89
0	24
0	16
0	1
0	5
8	122
147	124
0	0
168	10051
1	8509
2	556
0	103
0	121
1	121
0	104
6	101
0	0
0	49
0	68
0	56
0	82
0	45
312	295
141	295
90	1427
55	527
1259	1432
30	285
0	0
0	0
0	0
0	0
0	0
0	0
0	0
87	5984
20	2544
6	2672
6	40
38	1195
34	170
2	8
31	194
0	25
4	174
0	75
1	0
1	49
1	14
1281	583
3	34
0	188
0	59
0	54
0	54
0	302
0	49
2487	373
1	371
0	0
0	0
0	0
0	0
0	0
0	0
0	0
0	0
2	0
0	72
4	60
1	130
1	86
1	146
0	112
2	2
0	2
0	0
546	438
0	438
4	0
0	0
0	0
0	0
0	0
0	0
0	0
0	0
0	0
1	8
1	9
0	9
3	2
0	0
0	0
4043	348
0	84
0	218
0	1
3	24
1	12
0	119
4	13
1692	0
3455	1442
1417	1438
2	192
391	2165
0	1125
5	2
0	1304
1	1705
0	0
0	146
78	1364
0	0
0	0
0	0
0	0
0	0
460	414
2	180
0	3
0	0
3	51
0	34
7	568
0	2154
1	13
2	12
0	2118
0	13
1	1
10	441
109	169
2	2076
1693	310
10	211
0	110
4	209
0	86
3	16
0	15
102	282
1	216
19	35
54	122
1	25
2	15
1	5
0	15
0	0
0	104
0	62
33	2
4	0
18	776
3	748
7	420
14	428
24	410
0	243
3	212
0	93
18	98
0	77
20	95
2	90
0	9
0	7
0	0
0	91
0	3958
1	3092
13	712
0	47
1	130
9	3707
0	0
30	2
0	2
6	0
0	0
0	5
1	5
0	5
0	0
0	0
0	0
0	0
3038	674
0	674
0	0
0	0
0	0
12	5
46	538
19	538
0	28
5	7
4	56
1	61
74	108
0	100
0	71
0	83
0	35
0	0
0	99
3	103
8	2416
7	2589
0	1954
3	2256
103	2926
0	2506
0	972
92	457
36	559
0	65
6	94
3	45
4	45
0	170
140	87
1	10
3	61
62	332
1	471
7	1354
169	1404
12	69
5	47
2	46
23	1
1	0
0	0
0	0
306	1291
18	702
1	2
0	60
0	0
5	6
0	1288
0	550
2	16
0	717
0	21
17	323
8	908
14	520
0	157
1	593
17	1199
1	786
27	0
0	2984
10	4094
0	3516
0	3342
123	5214
191	261
26	1530
2	63
0	65
262	3622
41	3762
34	3932
221	1337
1	0
23	1337
0	15
0	8
1	1097
138	3553
12	447
496	2474
7	109
1	6
1	6
0	0
0	0
144	321
0	319
0	0
0	1
0	1
0	1
0	2
0	1435
48	1523
8	138
0	1482
2	0
5	1
0	0
0	0
0	1
0	390
0	521
12	1020
1	1032
2	812
1	802
5	1
5	11
0	10
3	272
5	904
16	1114
15	701
1	791
0	235
40	1249
2	239
0	0
0	0
0	0
0	0
53	0
11	714
22	756
0	820
0	95
0	696
0	2
0	1
0	0
0	1
0	1
0	0
0	0
0	0
0	0
0	2444
0	2363
74	106
0	106
16	19
0	4
0	6
0	6
0	9
1	573
5	429
0	10
3	163
0	1
0	67
0	25
0	2
8	40
29	268
1	105
1	0
6	22
0	537
0	0
1	0
0	0
22	199
9	199
26	0
8	176
0	350
236	623
0	289
1	1
5	17
823	225
0	39
2	186
7	28
0	25
1	12
4	1
33	0
33	0
31	709
47	730
0	720
19	159
0	86
0	14
2	349
0	336
6	337
19	338
24	286
2	138
49	1
0	720
0	485
0	605
2	428
62	545
0	538
0	552
0	541
4	428
1	477
1	202
1	207
3	0
3	0
404	213
11	213
2	53
0	0
45	55
5	11
3	2
4	20
10	33
1	15
15	296
13	1197
0	20
2	0
0	1626
39	471
2	409
11	250
0	4
2850	1589
113	327
5	327
1	1
0	1073
16	1657
0	1218
6	1270
1	483
7	630
0	41
9	1791
2	1524
0	1790
99	1879
2	339
1	34
2	39
0	250
3	76
280	951
2	545
8	214
0	29
4	198
0	287
0	2
1	12
0	14
0	8
31	405
127	1022
19	1684
31	1518
6	401
30	160
0	32
2	0
3	0
3	78
0	68
0	77
0	73
30	532
0	493
0	214
42	80
3	162
4	49
1370	1
6	22
0	837
62	944
27	0
4	58
0	947
4	732
22	576
0	641
71	690
1	20
0	65
0	23
1	24
0	0
558	717
0	44
3	43
0	103
0	369
1	422
178	342
96	875
0	809
0	533
5	1638
0	72
0	42
0	26
0	22
0	112
2	0
0	261
0	12
319	310
11	246
1	94
0	61
0	16
11	19
1	0
1	1670
0	5
0	5
0	0
0	0
0	0
0	0
37	1361
4	1325
22	22
10	207
0	0
1	20
0	38
1370	846
15	720
41	666
4	54
227	696
2	0
32	201
1	3
0	9
0	4678
185	4814
124	4119
0	336
35	276
1	260
14	272
0	15
0	23
0	0
0	3
0	1
0	0
0	0
0	0
1796	1653
0	41
6	197
39	1420
0	0
0	0
0	0
0	0
48	2397
1712	3960
29	598
0	298
19	702
1	337
3	21
0	44
2257	1963
69	1941
0	622
3	179
142	0
0	0
0	0
0	0
0	25
0	10
0	0
75	107
2	36
2	15
5	91
0	37
15	209
2	69
0	216
299	0
0	1
8	1
0	0
0	0
189	193
83	124
79	26
0	77
642	1
7	779
0	137
0	90
38	12
0	110
0	142
4	5
43	145
1	5
2	656
7	158
5	784
6	207
0	10
0	5
0	142
0	17
0	15
4	88
2	21
2	225
143	39
0	312
11	778
180	83
0	11
1	74
0	0
0	2
0	0
4	0
0	0
0	0
10	62
0	78
20	5
0	67
0	1
7	2
0	0
0	0
350	727
2	535
2	650
0	96
0	9
112	7
0	0
0	0
0	0
0	0
0	0
0	0
0	0
0	0
234	160
0	97
15	129
1	23
22	2910
169	366
1	125
0	241
17	84
0	137
154	1781
2	827
0	668
0	449
0	500
0	367
0	247
0	158
4	10
0	1
0	7
0	4
0	6
0	0
0	0
6	128
0	10
5	0
0	10
1	0
0	128
0	1
0	1
0	1
0	1
0	1
6	2
0	0
0	2
1	0
466	4566
27	4610
18	438
1	61
2	75
0	743
2	0
23	0
4	520
3126	1998
32	1074
0	415
11	493
19	208
5	208
1	150
1	208
0	182
0	208
0	189
0	189
0	182
1	190
0	190
0	130
4	0
0	0
0	0
0	0
1	0
84	0
18	103
0	144
0	60
0	45
67	1123
670	1205
0	0
0	70
0	286
9	249
0	122
0	142
0	76
1	53
44	2031
4	2133
44	2053
0	2208
0	64
4	1
1	91
1	0
27	85
0	0
71	0
37856	2317
22	2269
614	1
0	0
1	0
45	99
1	99
161	365
115	3534
7	119
0	289
2	3580
1	56
79	3224
5	0
1	532
8	281
4	0
1	138
37	918
1	2627
2	0
0	118
1	800
0	2696
2	0
76	0
0	5
11	34
0	46
1	22
0	342
663	352
0	255
0	149
0	181
0	84
1	57
0	1
2	46
142	46
162	3431
19	345
0	2760
201	3363
0	0
0	0
4	31
23	46
0	28
0	23
24	44
0	0
0	0
684	135
1	5
1	77
2	0
3	52
1	6
0	0
0	0
0	0
114	589
53	558
0	106
0	1
0	1
5	0
0	0
0	0
0	0
0	0
0	0
0	0
0	0
0	0
0	0
505	2360
5	1989
12	41
0	9
5	623
0	745
0	46
11	0
9373	6446
17	5635
0	2099
5	29
6	3
18	1366
0	0
236	0
0	0
0	0
0	762
0	589
1	378
1	152
0	193
0	65
0	762
0	0
159	238
4	238
11	0
0	0
14	2252
552	2178
12	259
44	181
5	231
31	503
2	72
2	446
0	44
0	55
55	72
1	71
0	4
0	16
0	29
0	18
14	4
0	0
741	28
1	20
0	0
233	163
0	254
0	112
0	153
88	434
0	35
0	131
0	20
0	0
0	1
8	74
0	0
2	1
1	72
2	0
0	0
0	0
0	0
1	0
133	8
0	8
0	1
0	0
0	0
511	413
1	378
0	229
8	22
0	2
0	11
1395	47
0	40
0	21
0	37
0	0
0	0
0	0
0	1
835	1
0	0
0	0
0	0
70	11434
55	11113
222	11334
84	2105
1	1353
0	1245
0	753
19	164
0	0
14	3
0	4
0	11442
5	30
0	0
5	53
0	53
0	4
1	24
2	5
0	25
0	0
0	0
0	0
0	1
0	0
0	6
15	3
0	1
0	2
49	0
11	525
16	196
12	266
2	589
0	239
0	231
0	211
180	722
1	0
266	0
0	0
178	84
12	84
0	0
654	141
14	1
15	140
102	254
3	158
0	0
0	0
0	32
1	45
5	33
0	28
0	0
0	33
0	0
2	254
0	33
0	13
26	7752
8	7054
6	3276
0	6865
0	2982
5	3071
1	203
3	161
0	7410
17	2388
74	622
0	7454
0	287
25	7715
1	320
1	327
1	6835
0	379
4	8
0	23
0	300
25	14
0	7505
0	347
0	329
371	10
30	10
2	5
0	30
6	33
1	15
0	25
0	7
2019	5320
14	82
0	81
0	0
0	0
0	0
1	0
0	0
0	16
0	22
0	18
0	15
2	7
7	1
956	25
0	4
0	19
0	2
0	2
0	2
0	0
0	2
1390	1127
18	1127
0	1
0	1
0	1
0	1
0	0
2338	1
12	387
87	330
0	105
14	43
13	34
3	31
587	5
72	5453
279	5477
150	764
4	21
4	330
23	306
0	636
0	736
4	10
0	15
0	3
0	0
0	4
0	15
6	0
3	502
0	60
7	35
12	52
1	26
3	115
0	571
7	0
0	14
0	7
24	864
0	864
6	573
4	401
0	391
30	567
10	183
2	397
10	658
172	450
153	471
13	11
1	154
2	99
0	1
33	0
466	1481
0	1468
2	22
0	1127
0	1305
0	0
0	8
1	0
3	543
0	383
45	545
1	396
0	153
0	169
185	426
484	1595
2	506
0	287
0	183
0	1390
3	164
0	130
8	505
27	24
0	10
0	0
0	3
0	4
0	0
0	1
0	0
0	0
243	638
10	638
0	0
0	0
0	0
0	0
564	623
0	5
0	539
0	275
0	0
404	6068
46	5976
0	526
14	532
13	428
1	107
10	0
0	6
3	16
0	4
1	19
0	5
0	4
1	0
0	0
0	0
1	5487
0	5484
64	5487
79	6303
0	13
0	0
0	5852
19	326
453	512
0	318
0	16
1	184
3	1
0	226
0	84
0	6
0	2
0	32
0	13
0	95
2	86
1	243
0	226
25	11
1	2
0	1
0	11
727	360
13	208
15	22
3	218
1	0
756	481
0	450
74	229
0	0
0	0
0	4
0	4
0	4
51	26
0	12
2	14
0	0
0	0
0	0
1	233
15	308
16	277
2	19
1	2
0	3
8	4
0	8
0	437
4	473
1	3
3	468
757	73
0	72
1	0
0	3
0	2
0	3
0	1
388	179
3	179
8	0
80	0
0	0
0	0
0	14
161	9
1	9
5	679
900	856
6	26
0	124
0	43
1	35
0	0
3	463
0	459
0	460
0	384
0	277
0	362
111	299
147	482
0	47
2872	5
47	669
20	813
1	615
1	64
7	9
7	30
2	75
2	19
3	23
289	73
1176	159
0	25
0	133
0	52
34	126
0	9
0	0
189	2843
25	0
1	131
0	555
4	764
0	242
0	2861
0	0
0	439
1	250
12	32
0	117
1	189
0	413
348	48
1	8
198	8
1	13
2	17
0	17
0	9
2	9
0	13
0	11
0	13
0	12
1	10
101	1196
39	1196
0	27
18	65
4	64
3	0
1	0
12	0
9	302
0	20
2	257
2	0
1	17
2	206
3	0
0	3
0	0
0	57
0	0
0	0
0	5
0	5
0	5
424	1232
13	950
0	455
18	263
279	0
0	0
0	0
0	0
0	0
0	0
223	9570
124	10307
0	2107
0	4870
0	4870
0	4492
2	2104
0	1537
0	4
16	0
3519	738
0	424
1	735
0	30
0	0
0	0
0	0
0	0
0	0
0	6
0	6
0	2
0	0
0	0
72	155
0	152
0	26
3	0
0	0
0	117
44	53
0	52
0	43
0	17
0	0
0	0
87	2894
27	61
1	137
7	0
0	15
3	2787
0	0
0	0
47	0
715	443
2	443
1	164
0	1
1	0
185	0
0	0
0	0
0	0
0	0
0	0
0	0
268	100
0	78
1	89
3	7
1	1
0	1
15	291
2	291
15	21
11	0
1	41
0	0
0	0
0	0
0	0
0	0
0	0
1	0
286	370
4	0
1	110
27	57
0	257
92	25
3	8
3	7
0	0
0	11
0	1
0	5
0	0
0	0
0	0
306	345
0	26
11	345
3	13
0	0
0	0
2259	5029
18	5028
0	0
0	0
0	0
0	0
0	1
0	0
0	0
109	168
54	158
1	17
1	3
0	1
0	3
3	5
30	2
34	2
0	0
0	0
148	1608
11	97
1	232
2	20
1	993
1	0
0	11
0	697
13	0
2	3
0	3
0	0
66	214
8	211
1	65
0	7
3	8
0	8
0	8
0	1
3823	528
2	526
0	0
0	0
26	39
9	31
1	6
3	37
15	37
1	0
39	33
0	0
21	0
0	0
0	0
0	0
0	0
0	0
14	10
0	10
0	9
1	7
0	0
0	0
325	753
2	430
0	252
21	236
0	200
8	67
0	0
6	2
0	1
0	0
14	173
2	6
16	176
7	114
0	109
4	11
11	11
3106	373
2	333
0	44
1	4
0	0
309	177
39	177
1591	237
2	235
0	236
3	517
0	356
83	330
0	237
6	269
1	36
0	0
4	21
6	22
1	21
0	19
11	18
0	23
2	3
66	0
0	0
1	0
197	464
32	465
2	149
53	102
1	27
0	0
0	0
0	0
0	0
0	0
1	0
0	0
0	7
52	157
0	7
0	32
1	61
0	37
0	61
0	1
6	58
0	29
0	0
0	0
0	15
106	602
1	308
0	216
8	269
0	14
646	1793
3	952
1	1
0	308
10	234
502	676
0	674
3	19
0	1
0	23
9	37
1	7
496	139
0	48
1	20
1	0
0	9
0	13
0	0
0	10
0	59
0	1843
20	958
0	1733
32	499
0	30
4	337
0	1844
0	0
0	0
0	22
36	411
0	4
0	192
2	294
0	327
0	187
739	407
0	0
131	199
10	199
0	0
0	0
0	0
501	639
20	639
0	239
3	37
0	0
0	0
0	1
0	1
0	0
0	1
0	1
159	716
8	643
8	649
0	67
0	0
0	0
0	0
18	0
0	36
0	0
143	11
0	11
81	1534
0	1572
2	1234
0	28
0	33
4	44
18	7
1	64
27	54
1	497
0	110
0	52
0	82
0	170
1	25
5	505
3	90
1	334
3	274
0	0
1	118
0	112
0	117
1	4
0	4
0	8
0	9
0	18
0	4
0	14
2	119
31	129
0	129
0	122
1597	278
0	3
6	223
6	146
0	89
1	181
0	126
15	0
9	0
0	95
0	212
7	201
0	59
38	65
0	37
0	27
1	27
0	5
0	1
0	0
0	4
0	2
0	0
0	4
0	2
0	2
0	1
0	2
7	90
1	0
1	88
0	0
0	0
0	14
90	1970
10	2159
16	1239
0	71
2	62
3	13
424	690
3	299
18	535
1	103
9	282
3	95
0	122
21	0
0	0
0	0
0	0
0	0
0	0
3	468
29	533
27	17
0	96
1	53
2	47
46	33
1	12
58	1
26	74
0	34
0	63
0	94
0	146
2316	637
0	157
1	154
4	368
4	167
0	300
0	289
0	0
2	7
0	21
2	23
0	4
0	3
0	1
0	21
713	0
41	1510
41	1439
0	1440
2	21
0	1480
0	1491
1	0
0	4
4209	389
0	381
0	115
0	115
30	115
0	88
784	325
3	324
94	0
2	143
6	142
0	106
2431	3
7	0
0	0
0	0
1095	0
2	0
0	0
0	0
0	0
0	0
0	0
0	0
0	0
0	0
67	23
2	8
0	0
0	15
46	238
0	0
0	238
4532	754
0	748
1012	278
1	275
0	3
14	0
9	0
460	655
3	373
2	135
2	19
9	250
0	7
2	4
4	0
0	3
0	0
7	54
2	20
40	54
63	443
1	443
4	332
1	253
5	4
0	4
0	0
0	0
8	211
1	189
1	164
0	99
2	3
9	20
14	2
1	4
0	45
0	36
1	8
0	0
0	0
0	0
2	2533
2	1443
0	1697
3	239
0	1446
40	926
0	1134
0	261
9	2320
4	313
0	229
0	755
68	1229
27	396
4	128
0	15
0	470
4	294
5	0
6	36
0	59
0	0
0	0
0	0
0	0
0	0
10	945
0	725
1	576
0	208
0	0
188	524
0	444
10	87
6	7
0	0
19	16
1	7
3	16
2	0
2	0
91	1
0	1
4	0
0	0
20	249
1	14
9	248
18	250
1	249
0	35
0	65
10	55
0	95
2253	3
26153	47026
1	1343
103	45930
0	45
0	3633
4	4167
6	17981
1293	1182
0	1165
739	3719
7	3718
2941	718
0	233
2	489
1	244
0	32
1	83
34	91
0	0
0	0
0	0
0	0
7432	14
7	2
0	0
0	0
0	739
5	859
0	150
1	77
0	22
2	0
0	0
7	0
3	1781
0	803
13	0
0	43
3	433
1	0
42	1810
0	0
0	0
0	0
0	0
0	0
0	30
0	25
0	25
0	14
0	4
0	30
84	11
0	11
0	11
0	0
0	0
0	0
0	0
11	15
40	1053
1	1029
12	991
0	4
0	0
0	0
3	1039
481	300
0	108
0	97
0	2
0	300
0	0
10	338
28	338
7	0
0	21
0	0
0	0
0	0
0	33
0	42
1	20
0	0
0	37
0	3
0	21
0	10
0	0
0	2
1253	129
0	127
4	0
1	1
430	170
1	38
3	33
0	32
0	132
0	4
12	61
0	0
3	59
0	59
0	0
0	4
1	40
40	91
0	57
0	39
0	1
0	49
2	69
1181	350
5	316
0	33
1	9
0	9
0	3
715	1
52	4270
0	432
0	61
757	4078
0	43
0	221
2407	1038
0	87
0	950
2	59
12	1
0	0
2	0
5	568
0	563
1	555
3	547
0	447
3	299
0	26
0	23
0	21
0	4
0	0
13	2
0	2
0	559
0	0
0	0
0	0
17	217
0	92
0	1
0	217
0	0
0	0
0	0
0	0
13	396
0	0
3	485
78	186
3	430
44	254
1	18
0	26
16	158
9	111
44	1078
410	1001
2	826
55	46
100	9
1	9
0	0
0	0
0	0
63	39
0	39
0	4
0	0
0	0
191	49
0	1
12	48
0	87
0	0
0	8
0	59
0	3
0	87
0	0
0	0
0	0
0	0
0	0
0	0
0	0
0	0
0	0
0	0
0	0
0	0
0	0
1	1400
4	1440
2	1654
6	282
2	169
2	1178
3	122
0	275
8	253
17	32
6	267
12	166
0	52
1	36
9	5
3	5
0	0
218	90
6	65
18	170
10	53
4	130
2	56
53	88
9	28
0	14
0	84
1	2
1	155
1	188
0	23
0	46
1	142
0	0
0	47
5	49
0	13
0	34
0	43
0	3
16	275
0	2490
2	2898
3	0
0	2219
0	11
4	22
0	1450
1	1431
20	2724
0	2819
20	850
0	129
2	111
0	194
0	2104
0	200
1	284
0	154
0	106
0	0
0	0
0	0
0	0
0	0
45	1018
12	2
0	233
0	1006
3	99
6	213
1	5
3	44
151	13
7	129
0	129
0	13
13	0
0	0
0	0
0	0
1764	1871
6	1489
3	1264
5	85
0	441
29	143
0	113
1	28
423	125
4	17
1	5
6	41
12	50
8	46
0	0
0	6
308	357
0	66
0	14
0	274
2	8
7	11
0	3850
907	5589
21	2145
98	4882
13	5086
350	4851
2	4860
39	4619
7	6
6	3328
13	6
45	4912
33	49
0	400
0	420
0	0
4	100
0	5
0	48
1	41
0	0
0	0
0	0
0	0
0	19
26	22
1	14
1	8
0	0
1	0
0	0
0	0
176	1364
63	1255
0	1313
2	69
16	88
2	0
0	34
5	37
3	4
0	6
3	222
1	60
0	60
0	19
0	0
0	0
0	0
421	12
8	12
0	0
0	0
0	0
0	0
0	0
0	0
0	1562
0	1542
0	1523
2294	3482
2	3413
0	7
0	11
1	156
8	1915
0	137
0	236
47	81
0	74
0	220
0	0
164	1273
6	1268
12	206
0	0
242	1450
0	1635
22	1273
1	203
4	0
0	151
101	34
76	123
12	0
668	0
0	0
0	0
0	0
5	12
0	125
0	201
0	113
0	156
0	194
0	119
0	197
19	152
0	2
1	3
0	97
0	4
0	175
0	0
0	0
246	10
2	9
0	8
3	1492
2	1540
0	554
0	510
5	407
3	36
1	15
0	2
0	707
0	1487
0	296
0	0
0	12
0	1
0	1
0	9
3	303
0	298
172	207
2	207
0	212
6	172
2797	5538
43	94
20	5525
21	0
0	0
0	0
1	12
0	4
0	12
0	10
154	10690
11	10850
0	10691
0	10939
0	9183
0	9505
0	9418
3	1386
0	1856
3	5
2	2
2	1135
44	420
1	227
0	5
0	30
39	228
3	231
21	12
0	128
11	7
5	11
1	2
1	21
1	22
12	361
10	425
20	68
4	390
0	7
73	34
18	28
0	0
0	7
2	1
0	0
0	0
71	0
422	0
1	0
73	1086
0	783
26	995
3	1024
0	93
0	0
0	0
0	0
0	0
0	0
0	0
16	3
0	3
0	408
69	365
4	168
0	34
2	8
0	3
16	4
0	416
33	532
0	594
9	284
0	34
0	7
37	13
0	1
1	6
0	12
276	4
0	0
243	12
1	11
22	178
0	1759
0	1551
77	29
5	649
0	545
0	0
0	19
1	97
0	160
0	1
15	55
0	0
0	0
0	0
0	0
0	0
0	0
0	0
0	0
0	0
66	618
53	618
5	3601
94	3601
0	826
2	583
7	712
0	730
54	789
15	198
3	77
3	32
0	0
0	826
1	1
0	1
0	2
0	2
0	0
0	2
0	0
0	0
0	702
0	806
0	980
3	169
26	487
0	398
2	495
0	632
1	94
3	162
7	254
3	56
0	5
1	224
20	224
2	9
19	226
0	0
0	2
0	0
0	37
3	147
0	143
8	148
8	20
7	26
0	2
0	80
0	73
0	48
0	53
17	454
0	365
4	611
15	16
0	0
1	0
6	211
4	49
0	721
0	5
10	342
15	308
0	0
0	0
0	0
3	116
0	136
0	123
0	236
2	70
0	183
0	170
1	40
4	139
0	144
0	19
17	125
3	124
0	16
2	7
0	134
0	132
0	126
0	119
0	10
0	118
0	7
0	7
0	16
0	8
38	104
4	54
3	53
0	19
0	19
0	6
0	6
0	0
6	11
2	13
0	0
0	244
0	245
0	243
2	13
0	13
4	3
0	1
0	4
0	0
0	2
0	6
0	101
1	4
0	14
0	21
0	93
0	0
1021	607
166	609
18	1156
19	1631
1	1399
2	8
709	34
12	34
0	0
245	738
83	728
28	435
4	388
19	327
19	68
0	3
0	386
0	219
266	236
50	2978
42	75
1	2779
23	65
4	50
26	2562
0	18
2	264
261	3361
11	1166
0	46
0	36
7	247
0	1
0	20
0	5
0	1
0	0
0	8
0	2
0	24
0	20
0	24
10	32
1	32
6	31
6	34
8	30
1	34
2097	3
0	0
0	0
0	0
0	15
387	15
1586	1
9	0
8	24
229	0
28	0
623	46
0	1
0	44
9	875
51	2278
1	2003
0	35
0	35
2306	78
0	67
0	5
2	4
1416	2165
4	2173
7	2161
1	92
30	0
0	0
0	0
5	1740
144	6872
168	6906
0	0
24	14
4	1101
0	19
0	135
52	2
0	2
0	0
5165	4
168	2385
2	102
0	102
0	48
5	816
1	99
3	2371
1	288
14	298
0	306
0	9
0	37
0	43
0	72
0	52
0	39
1	23
0	0
0	3
0	52
0	71
0	0
178	588
0	106
1	16
3	485
0	0
31	157
1	5
256	550
0	533
0	47
0	17
0	7
0	0
0	0
0	0
0	0
19	36
3	36
0	0
0	0
0	0
0	0
0	0
0	0
0	0
0	0
137	47
1	45
0	1
0	0
0	0
0	3
0	3
28	272
0	272
2	94
2	1
1	16
0	57
0	27
0	29
6	1
0	154
0	0
7	18
1	7
0	18
1	2
0	6
0	8
0	8
0	8
0	0
1	0
0	0
0	0
0	0
0	0
4	596
2	89
137	563
33	563
0	634
11	115
0	507
0	409
4	66
0	0
0	634
1	0
0	0
0	0
0	0
1	297
0	6
50	298
0	276
6	2
24	718
0	112
0	28
2	0
595	1018
7	691
30	252
11	447
19	268
0	0
0	0
0	0
0	0
0	0
0	0
0	0
0	0
0	0
78	333
1	2
0	325
0	330
6	281
0	261
0	283
2	261
33	248
0	218
17	2830
0	4044
399	3799
2	528
17	1984
2	1719
12	46
1	6
91	11
1	272
0	0
1498	1
86	127
1	78
2	67
0	14
3	38
2	60
2	6
0	6
415	463
1	0
0	439
33	386
1	424
0	0
1	0
43	474
1	474
35	23
0	15
0	9
0	8
0	8
0	8
0	9
3	1025
0	424
0	509
6	791
0	356
15	55
27	274
9	0
0	0
0	0
0	0
0	0
0	8
2357	111
0	103
6553	8
1017	80
1	49
5	79
0	0
0	0
0	0
0	0
2128	2241
86	1950
2	233
33	35
1	9
0	9
1	286
737	4
1	3
11	347
0	71
0	76
4	1
0	32
9	43
0	26
0	6
0	280
71	54
1	27
1	40
0	19
0	29
0	11
101	34
1	20
0	14
584	163
0	15
4	83
7	70
0	0
0	0
0	95
40	125
76	84
0	12
906	1
8	1
8	155
459	1019
1	358
13	849
0	398
5	377
0	0
2	29
0	0
0	0
0	0
32	158
23	63
2	158
6	379
3	366
1	339
4	398
775	342
0	0
0	0
0	0
545	728
46	864
5	581
0	328
50	178
2	24
13	129
8	108
1	28
0	68
0	15
0	10
2	0
1	1
30	16
146	2085
2	24
0	0
0	7
0	4
14	2060
23	2197
1	64
1	170
4	377
5	223
0	2065
0	2064
71	0
0	0
0	0
74	959
0	379
0	2
0	409
15	453
5	806
4	15
1035	1293
0	1177
2	1226
3	21
0	96
0	69
0	26
1	5920
0	5921
1	5921
0	5921
0	5922
0	5921
0	5921
0	5921
7	1697
0	517
0	374
0	403
1	454
18	441
0	0
0	2
6	5
0	5998
0	5920
0	5917
1	5924
0	5949
0	0
0	0
0	0
15	0
1	0
0	0
0	0
89	859
3	43
88	607
20	1048
7	538
6	343
7	257
29	3
3	14
0	3
1	10
0	6
0	5
0	7
0	0
367	3376
0	25
757	6079
17	5128
0	88
11	598
0	531
178	2054
53	562
9	27
4	171
0	603
15	97
53	295
0	0
26	4
4	324
153	311
0	76
0	257
0	8
2	0
2	69
1	58
289	828
5	513
9	816
5	718
0	0
3	425
3	56
42	420
2	79
0	42
0	42
2	42
0	0
0	0
0	0
107	94
1	587
1	125
0	0
0	0
0	0
46	0
500	0
0	2317
0	3305
18	2352
18	3299
0	12
34	1734
0	1835
0	783
62	88
0	79
0	1
0	12
0	36
0	37
0	0
0	0
4	0
70	481
1	449
5	62
0	15
0	449
0	0
0	0
0	0
796	10
11	6
2	4
0	0
658	247
0	7
0	39
0	188
0	8
0	1
0	40
0	35
0	9
612	276
0	273
0	0
0	3
0	0
0	0
22	71
0	16
0	63
0	36
460	166
6	9
4	147
0	0
0	0
0	0
91	108
1	90
1	60
0	20
3	7121
0	4270
0	7355
95	5383
5	5619
29	176
24	12
0	0
27	105
30	123
10	19
0	3196
0	34
4	75
46	941
16	116
12	51
98	214
6	119
3	114
28	760
492	160
3	768
4	56
4	1
10	0
0	0
0	0
0	0
0	0
68	16
0	16
0	3
1	14
0	1
0	0
2080	15
8	3
151	298
9	280
0	72
6	10
1	5
3	12
12	598
1646	898
0	194
0	666
117	902
141	550
32	524
0	109
0	393
7	85
0	243
6	258
0	228
0	213
0	25
1	109
0	0
2	9
1	53
0	189
0	219
12	1330
2481	2614
3	32
0	0
17	1814
0	15
434	130
6	129
19	1614
5	1538
7	1584
4	1138
4	1072
1	12
0	217
0	2
0	194
0	105
2	53
32	105
0	0
0	0
0	0
0	0
3	1
0	1
0	1
0	1
0	1
0	0
6	1
2	27
3	514
0	459
0	18
6	490
4	437
27	19
0	0
0	43
594	662
0	129
0	159
0	329
3	325
3	0
0	157
0	0
0	24
9	234
4	218
0	269
0	15
0	0
0	0
0	0
0	0
0	0
0	19
1	18
0	3
15	319
9	512
0	89
5	123
0	264
0	69
0	121
0	89
0	4
0	0
0	314
0	267
8	206
14	104
0	827
3	3
8	312
0	0
42	39
0	2
1	38
0	8
0	0
1	694
6	1530
0	1548
1	1112
3	1101
11	1092
0	289
0	254
3	7
1	0
4	26
1	0
1	17
0	2
0	16
0	18
1	16
1	0
0	0
1	9
0	0
8	73
0	72
0	0
73	51
0	0
6	48
0	45
3	36
12	35
0	0
0	26
0	16
571	1759
151	1658
0	1526
0	250
0	0
10	90
20	90
2	1
0	1
0	1
2	12
1	12
0	0
0	0
0	0
0	0
0	0
0	0
0	0
0	0
0	0
7	13
6	51
1	38
372	167
0	136
0	52
2	26
93	1734
11	1342
0	292
0	213
8	232
0	73
4	0
0	1719
0	0
0	197
3	11
0	7
0	53
25	212
428	1177
108	1177
1	309
1	0
0	104
14	59
0	0
0	4
0	580
1	819
2	710
6	669
0	3
3	1
2	53
0	660
2	1
0	0
1	24
1	103
5	162
15	11
5	614
35	614
0	11
2	22
2	17
537	629
0	458
0	628
5	82
0	0
4	1
878	3988
347	3839
5	9
7	0
7	529
0	29
0	31
1	55
0	493
40	765
20	1
2	1
11	727
18	4
14	47
11	292
8	292
36	1931
5	805
0	30
4	27
51	1645
0	15
3	89
21	13
1218	2
0	2
53	24
15	72
2143	74
5	23
3	5
0	17
196	12721
602	12721
0	914
4	893
4	93
328	3003
0	2034
0	2871
0	2629
0	2622
0	2871
0	2871
24	998
1	364
2	17
0	0
0	0
0	0
9	258
2	169
9	189
0	160
3	140
1917	10
0	9
17	143
9	140
1	10
29	21
7	20
14	2
0	11
0	3
0	0
0	11
0	0
0	0
15310	855
43	745
1	89
0	0
0	0
0	0
0	0
53	134
0	134
1265	420
1	245
0	206
0	203
0	40
41	1153
0	926
7	869
0	1001
1	992
0	807
2	29
14	195
0	31
62	0
0	1001
1	13
0	0
0	0
0	0
0	0
0	0
0	0
1	0
0	2
0	2
171	2680
0	729
0	0
30	59
1	115
0	65
10	1964
0	0
0	0
1719	2
0	0
0	0
0	969
1180	1348
0	1080
1	394
0	0
0	0
0	0
0	0
0	0
0	0
1	2114
0	402
0	398
1	204
1	251
1	403
8	192
1	1
0	34
0	212
0	2076
27	2062
0	5
5	6
0	2
0	4
0	1
8	37
0	18
0	19
0	5
2	109
12	148
0	20
0	12
0	18
0	15
0	1
0	1
0	26
2	0
0	12
0	14
3	0
2	6
0	6
0	0
0	0
0	0
37	1172
0	708
55	261
0	544
0	332
24	0
0	0
0	0
0	0
0	0
0	59
0	7
0	2
0	9
0	3
0	59
0	0
77	26
0	22
0	22
4	158
0	1575
809	1674
167	231
19	208
0	36
4	0
31	231
0	24
0	228
0	15
0	0
25	782
1	782
37	745
14	707
4	843
0	595
7	188
4	205
0	141
3	124
1	259
5	0
15	48
0	0
2	10
1	140
0	27
0	9
0	16
0	1
128	1093
0	406
50	966
5	197
7	0
109	7145
11	981
15	4431
29	5961
15	362
13	332
0	254
3	716
2	481
97	6553
1	738
13	580
0	165
24	1032
554	2169
207	1327
1	160
0	0
945	742
83	26
3	646
36	544
0	1
0	4
6	5
1076	2146
44	1983
32	120
0	1894
15	474
0	1082
2	94
0	8
0	29
0	4
0	1871
1	3
0	2083
161	1874
8	1305
30	1945
371	0
2	28
10	646
3	651
0	629
2	52
10	21
1	9
0	0
1	1
0	2
0	2
0	1
3318	325
0	3
0	281
0	281
1	59
3	5
1	5
583	2063
3	327
17	18
15	468
631	989
30	859
5	142
258	2124
13	2120
5	40
6	200
4	149
4	12
1	4
2546	6
0	2
528	2673
11	592
3	0
9	0
4	869
1	4
13	0
0	28
1085	0
596	36
0	35
358	0
0	0
0	0
944	640
1	517
1	137
0	6
0	6
0	6
0	3
149	4761
16	14
56	11
6	7
0	25
0	4761
10	240
4	650
2	622
17	212
18	53
6	12
72	3759
15	926
1	399
0	841
3	5
7	703
8	2622
135	4185
149	4145
0	0
122	2343
0	158
0	266
7	22
1	2341
151	38
0	0
0	0
185	0
1	0
0	0
35	96
0	105
0	105
358	815
3	119
1	533
24	11
0	49
0	229
2648	726
2	74
1	719
1	231
2	63
0	71
0	3
6	6
13	6
1020	0
0	0
0	0
506	261
0	261
0	159
54	12
1	10
1	3
0	2
0	0
0	0
0	0
0	0
1	22
478	594
4	570
2	319
0	0
28	153
0	145
0	31
4	46
8	34
0	38
0	52
4	5
463	525
2	83
0	19
4	4
0	491
32	571
2	19
9	76
0	1
0	53
0	118
0	11
0	633
0	277
143	623
3644	786
0	783
0	0
3909	121
3	17
65	98
0	0
1632	158
0	56
4	100
1	264
0	190
0	224
60	681
0	246
0	642
1	635
0	631
0	40
0	24
0	10
0	7
0	27
0	61
1	40
5	20
3	4
0	0
353	2268
0	2252
0	2344
23	2234
0	2160
0	2189
0	1478
0	1564
0	191
0	9
0	16
0	106
0	27
0	78
0	0
0	3
0	2177
0	2264
0	2263
0	0
5	1
0	1
4439	15073
0	70
0	7813
6	7610
7	4260
1	261
1	3639
44	1990
10	719
381	8835
23	1104
1	9123
7	7196
4	296
20	129
0	648
0	0
66	837
25	837
0	104
155	661
79	661
0	0
1	266
9	53
51	162
31	235
0	43
0	173
0	3
0	39
54	46
0	31
8	223
0	0
0	42
2	134
0	32
1	39
0	2
1	6
5986	1
0	0
0	0
0	0
0	0
0	0
0	0
0	0
0	0
44	0
831	5378
0	4684
1	189
22	702
0	226
3	0
15	4083
1214	9139
0	6452
0	0
0	0
0	0
62	142
0	142
5	109
0	5
0	5
0	3
0	3
0	3
0	3
0	0
0	0
0	5
157	124
0	53
11	71
0	0
0	0
0	0
0	0
43	339
0	337
1	152
0	0
0	0
2	33
1	1
2574	3
0	1
0	0
28	222
1	73
0	32
1	74
2	30
1	61
1	2
0	42
0	218
0	15
2	2
355	184
8	0
227	184
1	40
0	2
0	2
0	2
0	0
0	0
120	923
3	922
0	1
0	30
1	23
0	7
3	110
33	67
14	67
2	15
0	9
0	0
0	0
0	0
191	1786
0	1776
0	1252
77	591
0	0
0	0
77	1887
396	1963
2	76
0	1521
49	1515
0	1905
2	34
9	41
85	1478
11	74
570	979
0	105
63	355
2	344
39	289
0	353
1	33
7	40
1	59
0	0
0	0
0	0
160	70
0	24
2	47
0	119
8	422
4	359
294	7517
0	8858
117	3510
158	8283
3	171
15	14
8	1624
15	759
4	1379
0	824
4	426
14	53
590	639
3	515
0	95
2	365
3	364
0	19
3	11
17	225
0	0
32	363
0	330
0	52
0	1
0	1
0	0
0	0
0	0
1389	639
2	14
0	0
29	13
0	624
2	2078
1	2368
0	1249
9	1041
2	1
6	1152
0	0
0	0
0	0
162	243
2	243
0	243
35	0
0	0
0	0
0	0
0	0
19	48
400	114
1	66
0	0
0	0
0	0
0	0
0	0
0	0
14	279
37	506
0	324
33	287
0	259
0	22
0	24
1	0
1	0
0	0
323	411
0	408
0	156
0	1295
2	284
0	1222
0	1360
0	1028
1	931
0	670
0	759
0	161
0	100
2	117
1	14
0	376
0	11
0	106
1	0
0	1028
0	1207
0	916
2012	2126
0	1130
114	1267
3	5
22	37
1	1193
0	354
0	0
1	3
0	0
0	3
0	0
0	1
0	0
0	1
0	0
0	0
0	0
19	6
0	0
0	2
0	4
0	0
0	0
145	1009
0	843
1	958
2	195
2	71
0	121
6	169
9	158
6	67
0	7
40	109
0	106
2	0
0	3
8	9566
7	8441
8	8603
38	216
3	873
28	531
162	7049
29	760
31	5403
30	4461
44	313
0	6974
0	159
0	49
0	59
0	0
2	0
1	17
4	169
0	164
0	17
0	2
5	0
0	35
0	34
11	386
12	64
0	20
75	383
145	86
0	86
0	0
0	225
169	227
0	7
0	2
0	1
1	0
0	0
2	2
0	96
0	113
0	151
14	161
0	93
122	532
71	531
0	108
81	817
323	1098
7	182
14	437
1	13
1	142
0	24
4	19
250	0
23	255
3009	1264
35	1222
0	0
0	844
43	1240
339	0
1215	3880
1	3880
0	1472
0	274
0	826
4	596
0	335
15	884
0	739
2	269
32	71
0	20
11	675
1	207
0	193
0	615
5	281
4	14
1	6
7	317
5	0
12	1
5	127
5	2
27	821
1	665
0	35
0	1
0	34
2	835
27	487
6	124
0	250
4	385
144	1683
9	334
3	321
0	829
0	59
44	1681
1026	366
0	42
0	1
0	342
1	301
0	286
176	105
4	8
0	0
0	102
234	3547
0	37
12	346
0	0
3	377
0	257
3	18
114	3587
3	1372
1467	25
10	21
0	2
0	0
0	0
1	1
0	1
0	1
15	276
12	174
0	276
3	88
41	69
0	70
2	58
0	1
0	13
0	92
1	83
0	0
0	53
0	5
0	0
0	0
0	0
0	0
0	0
0	0
0	0
0	4
0	4
490	0
3	2940
180	3280
289	3285
1	963
0	1108
0	154
4	479
0	54
0	27
14	3222
1	0
10	0
12	37
0	7
0	3
0	0
0	36
1	34
13	39
6	5
0	17
0	20
0	0
0	16
12	23
5	9
0	930
1	319
0	18
0	1
0	617
486	1037
14	935
1	6207
0	1520
85	475
2	424
2	158
0	126
1	103
1	1
4	0
47	630
5	316
1	49
1	34
4	32
0	630
0	94
2	97
0	16
3	0
0	12
3	0
0	11
0	0
0	1
0	0
0	1
0	509
24	390
564	513
3763	1136
2	392
2	0
0	4
0	3
19	158
32	287
1	687
0	818
5908	1028
2	0
2	293
0	1759
768	2116
0	1642
0	1759
0	0
0	0
0	0
111	42
80	1915
0	1867
4	161
2	1325
0	3
0	1020
24	2
0	0
0	0
0	73
0	73
0	0
3360	1
0	100
1	41
2	7
0	110
38	32
374	111
0	1
0	36
4	155
12	59
0	10
16	13
0	438
11	312
0	390
0	297
19	534
3	101
7	86
3	165
25	174
0	625
0	508
14	507
29	506
7	97
0	227
0	318
0	0
0	0
0	1617
0	1424
54	1155
48	1260
60	1267
7	215
0	202
1	0
11	198
129	1321
149	1445
0	1272
0	0
1	6
1005	2013
1	2011
2	1908
4	600
13	4
0	0
194	0
35	547
34	16
0	531
484	0
511	1744
0	1718
0	33
0	4
0	8
4	9
156	335
0	4
0	1
0	1
0	1
0	4
0	4
0	1
0	1
2	7
0	3
3	7
0	1
0	331
1	334
7	2
0	2
0	3
2	0
1	33
4	0
2247	3905
157	3705
14	760
0	2806
108	2952
0	1761
0	2429
0	3710
3	1675
0	843
0	841
1	1030
0	552
0	689
0	1070
0	0
9	23
38	8
8	11
1	55
4	54
18	313
48	291
512	143
22	904
0	5
0	25
34	1171
3	1112
100	816
0	670
0	860
19	77
0	1545
0	901
0	0
0	0
0	0
0	0
0	0
22	97
1247	289
0	222
0	410
301	189
0	2
0	0
0	0
0	0
0	2
0	0
0	2
0	226
0	224
16	195
0	29
0	2
0	208
4	224
0	0
0	0
0	2
0	1
1	13
0	160
0	0
0	9
809	540
3	528
0	537
2381	2160
0	1028
3	1723
0	1936
0	2066
11	2055
6	181
2	1
153	799
88	788
4	14
4	0
57	2
0	0
0	13
0	33
5	74
0	150
13	4027
13	4428
0	206
0	4
1	39
1	828
57	2126
73	4572
47	4433
0	4615
7	546
6	351
3	2
1	122
14	111
2	274
0	171
0	131
2	355
31	358
0	168
0	153
26	138
0	8
0	141
1	11
1	19
9	18
0	15
0	15
0	0
0	116
0	0
0	0
125	0
20	483
19	499
0	63
0	7
28	18
0	327
0	72
0	32
0	0
0	0
0	0
33	521
244	422
3	142
44	382
1	450
0	461
25	4626
6	150
0	534
0	4300
0	169
11	594
0	141
0	4621
4	4261
70	702
0	682
0	208
0	132
0	72
8	41
12	21
2	30
2	622
2	8
49	5852
302	6771
164	7606
2	2942
75	5779
0	4456
21	2184
0	2495
0	242
0	403
0	106
0	132
1	133
0	14
4	195
11	2452
19	2325
0	2239
15	2238
277	2104
0	95
0	486
1	321
15	148
0	163
42	59
3	3
0	2352
31	2681
693	0
305	3
0	0
0	0
0	0
45	1192
1	1004
18	779
121	808
0	66
0	1
0	5
282	2
0	0
18	1
0	1
12	485
0	489
23	226
0	220
0	475
0	708
0	650
6	0
78	0
0	0
0	0
0	0
63	380
0	343
0	380
3	300
0	0
0	0
32	4
1	444
0	173
58	444
0	53
0	53
0	0
117	5197
442	5890
13	660
5	2724
8	5127
33	1635
0	1953
0	5108
1836	1735
35	1244
0	847
0	0
0	0
0	0
0	0
0	409
0	429
0	24
2	91
3	22
0	5
1	0
0	14
0	284
0	7
1	7
17	383
2	200
0	0
0	0
409	93
1	18
1	9
5	26
0	89
10	83
215	102
0	74
0	28
7	0
0	94
0	71
0	78
9	63
0	81
2	20
0	26
79	153
0	147
2	144
21	410
0	16
0	16
0	16
0	4
0	0
0	0
0	144
1	144
372	21
0	0
0	21
6	2
30	0
12945	112
82	99
23	0
0	1
5	1
0	1
0	1
0	1
163	1
137	183
0	79
2	16
1	30
1	14
0	5
84	801
7	801
0	58
141	1
25	378
0	301
11	166
0	71
12	11
0	45
9	4
83	1163
4	1200
0	158
7	251
0	120
16	78
4	8
12	227
0	13
4	36
0	79
1	59
2	8
0	7
0	6
8	6
0	5
0	2
2	0
2	3
4	10
7	9
5	27
0	9
0	5
0	6
5	0
0	15
45	1625
0	160
0	153
7	12
0	16
0	1653
0	179
1	186
0	380
17	207
45	417
85	350
0	349
0	29
9	9
0	0
5	130
13	94
22	66
0	0
0	0
4	208
0	37
0	209
30	3821
446	3821
0	0
0	0
0	0
850	131
1	5
0	17
0	107
697	91
1	91
0	1
19	1
0	0
0	0
0	0
463	953
86	942
9	11
7	7
564	2
0	0
0	202
0	0
0	0
0	0
0	0
0	0
0	0
9	124
0	140
0	139
0	118
0	11
1737	474
20	71
0	17
12	117
13	57
0	96
33	252
0	59
0	61
0	17
0	1
0	3
5	16
0	4
134	175
14	175
2394	656
1	656
0	206
0	0
0	0
0	0
0	0
0	0
0	0
174	0
201	353
0	334
0	16
5	3
0	12
0	1161
0	12
112	0
0	0
0	366
1	429
42	429
3	832
4	144
0	820
0	554
0	113
0	439
2	0
0	1
0	2
2	662
0	10
0	6
0	158
0	85
11	69
17	509
0	0
0	0
3	2
2	2
0	0
0	0
0	1
1756	1381
0	1401
1	1022
1	698
2	25
1	1
8	2
0	0
0	2
8	0
17	0
3	0
1	1
1	0
3	4
3	75
118	75
0	0
38	0
1	15
847	661
5	659
12	650
536	48
1	47
0	123
71	117
1	61
44	2144
0	20
236	2161
0	7
0	31
1570	1819
30	692
1	144
7	43
0	56
0	0
0	36
2	36
0	34
1	34
0	34
0	34
1	0
0	36
0	594
44	1857
2	454
0	903
8	442
3	734
1	204
0	136
1	239
0	2
24	21
7	204
0	21
0	193
0	31
0	141
4	4
1	0
22	89
1	8
184	108
2	15
0	105
0	12
7	12
0	9
2	12
0	12
1	0
0	1
0	1
69	3
83	1071
0	1071
0	1
2	1071
0	30
137	85
35	61
0	8
2	30
39	265
5	376
1	34
0	0
23	107
0	78
0	9
39	235
4648	876
6	872
4	10448
179	12030
0	10611
0	10405
0	9527
3	6799
0	4210
1	3294
0	2413
0	572
0	41
1	6
0	284
9	1080
2	3
0	0
0	11
25	5
4	0
0	0
0	0
0	0
0	233
132	258
0	38
0	66
0	34
0	1
0	2
0	19
0	14
0	0
0	2
6	0
0	0
0	2
1719	315
0	305
0	67
578	403
0	403
6	9
0	0
1	239
95	173
0	3
33	136
18	102
170	291
20	280
0	57
5	165
8	31
0	13
2	0
0	1
0	5
2	5
0	3
1564	0
0	767
1	729
28	138
33	2
12	740
4263	4
39	52
53	52
0	32
0	2
0	3
0	1
554	424
0	213
1	44
0	307
6	309
1	26
126	7
0	6
2	1
0	4
10	1
28	36
0	1
0	36
229	156
4	140
0	4
142	13
1	3
184	17439
8	13431
15	13519
2	15187
2157	11177
2	2746
0	1044
1	811
23	344
0	5073
0	7
0	1270
0	173
9	0
0	1210
0	2
0	10
62	2514
56	2474
0	8
71	147
11	286
2	250
545	513
0	513
0	501
29	637
0	18
0	7
2	11
0	624
21	1143
0	1143
0	17
2	0
20	8
8	875
2	214
253	3127
0	2962
6	3167
1	0
0	229
17	189
29	361
5	141
2	6
0	0
17	0
6	4628
9	455
0	267
4	12
2	47
8	115
36	12
0	4593
8	0
0	0
0	0
39	56
9	94
40	245
12	59
285	1056
11	898
5	158
111	348
31	5
5	83
0	0
0	0
0	0
0	0
0	0
0	0
0	0
0	0
2	58
0	246
27	186
20	28
7	38
0	246
858	101
2	99
4	106
13	86
0	0
3	0
0	0
16	888
28	950
363	948
2	3
0	3
9007	5169
0	2118
3	1921
0	0
0	0
2	9
0	9
221	0
0	0
0	0
20	1380
0	1260
0	1175
1	234
495	639
0	513
8	571
0	29
0	31
0	54
15	98
0	0
217	2487
0	0
0	342
0	921
0	326
2	604
0	643
5	636
0	640
0	284
0	0
1	568
15	451
0	1688
1	9
0	9
526	29
36	0
4	13
559	4680
434	3488
33	4690
14	201
0	4
0	4
22	36
11	117
0	353
4	356
47	425
39	69
5	267
7	43
23	71
9	8
0	8
272	2469
0	2475
1	629
27	320
0	11
2	38
6	40
4	3
13	1012
0	886
2	852
0	90
0	73
13	98
1	112
3	116
10	151
4	0
9	234
0	0
0	0
0	560
36	34
0	1
8	34
3	33
0	0
1	0
2	121
1	5
0	8
0	20
0	0
2	0
0	0
0	147
2	171
0	534
0	9
1	43
0	18
0	51
0	65
0	0
0	0
0	0
0	164
35	546
9	283
10	264
4	64
102	128
0	89
528	218
0	128
1	0
32	1060
0	1063
7	968
2	49
0	12
1	0
0	1060
0	0
0	9
1	96
0	0
0	0
100	265
34	262
5	28
8	0
1	5
2	91
10	23
0	10
1	10
0	465
18	180
4	175
0	1
0	29
0	11
35	89
1230	699
0	511
273	115
0	27
0	88
1	32
2	20
34	12
5	3
0	9
0	815
185	809
0	398
29	293
19	295
193	98
0	47
0	40
0	0
0	0
0	22
0	0
0	8
7	0
4	4
2	0
831	369
0	366
18	10
0	41
0	1
0	1
0	40
0	0
5131	1248
24	1026
7	215
67	724
5008	904
27	860
25	910
0	0
3	0
0	0
0	102
0	84
0	84
0	4
0	0
0	4
0	2
17	18
3	96
49	95
9	29
15	0
1009	7682
2	1187
135	6653
5	7398
154	4501
0	474
4	278
0	321
11	275
4	215
157	0
262	41
0	1
0	37
0	34
0	0
0	0
0	0
6	3
0	2
0	0
0	1
0	0
0	0
0	0
1018	28
3	1
2	7
0	19
8	2157
120	2028
1	2
0	1427
0	248
36	584
0	161
0	0
349	467
10	1
1	36
0	30
0	0
0	2075
0	0
0	0
2326	156
1	154
0	0
1072	478
0	37
0	442
0	52
0	0
0	0
0	0
0	0
0	0
0	0
66	1
0	1
2	0
244	7
0	7
2	9
1	9
0	9
0	0
22	52
16	25
1	65
0	390
10	1342
31	14
0	5
6	24
5	1284
93	167
130	164
5	5
7	0
1	3
0	3
109	803
3268	947
14	903
0	161
0	497
0	203
3	182
0	798
0	0
0	0
0	0
1778	51
0	48
0	0
290	53
0	53
672	3130
42	1092
7	1765
0	1407
4	0
7	0
13	82
3	57
1	52
386	195
0	195
0	0
0	0
41	382
4	367
0	4
2	8
0	36
0	2
0	3
0	3
0	2
0	2
0	0
9	2533
2	603
12	2442
7	2377
1	514
3	442
0	0
8	2
1	149
4	5
0	111
0	1859
13	0
0	0
573	1375
1	1277
1	98
1	4
2	45
0	0
1	45
11	15
5	18
0	2246
0	2286
0	2196
0	1838
1	413
0	1085
0	1623
8	77
13	1041
3	548
0	120
0	2041
0	2173
79	59
1	46
4	2
1	0
1	0
46	1821
0	1199
27	1745
0	1199
14	57
0	1
8	0
6	64
1028	2035
44	1997
10	332
0	3
7	3
45	112
1	18
2	3028
0	2959
0	753
1	332
12	89
0	3054
0	0
14	12
0	17
2	7
0	5
0	4
0	0
0	0
0	0
0	0
0	0
65	600
2	295
0	104
10	56
6	254
10	81
0	0
0	0
1	0
0	0
0	0
0	0
0	0
0	0
0	0
919	66
1	66
2	0
179	7923
4	7923
6	5281
1	336
0	361
4	305
0	2
0	6
19	6
1	13
258	13
3	9
10	0
0	0
0	0
64	382
85	510
66	90
11	287
1287	8786
28	10
0	30
1	5184
283	8715
0	60
18	9
0	0
0	0
0	0
24	37
3	0
8	0
0	37
0	0
23	1
0	1
45	258
12	137
0	135
9	230
0	104
0	26
1	3
0	0
0	0
0	146
1	169
20	191
0	183
2	14
0	0
0	1
0	0
0	0
23	0
0	0
0	44
0	44
0	0
2	44
1	28
0	28
0	343
1	450
0	455
0	509
13	439
1	304
4	266
11	114
1	0
1751	445
29	406
2	216
0	0
0	0
0	0
0	2
0	2
0	2
0	0
0	0
0	2
343	1023
0	875
0	510
0	756
10	600
1	76
0	756
0	0
22	0
0	40
0	13
18	51
0	0
2	0
0	2
6	0
0	0
0	0
2	0
10	2
0	2
0	0
0	0
0	0
1	293
0	293
0	309
0	306
0	287
0	301
0	296
3	18
1	10
0	0
0	11
0	0
0	11
844	436
21	351
4	424
0	41
1	21
63	38
1	834
4	834
213	835
850	841
3	6
0	7
0	6
0	9
1	8
0	7
0	7
0	8
0	2
0	0
3	0
0	0
0	0
0	0
0	69
92	69
0	5
0	29
0	10
0	25
0	25
0	28
0	0
3	0
0	0
0	0
0	0
0	0
0	0
0	0
0	0
13	316
2	15
0	37
0	313
53	266
0	266
2	2
0	0
43	5593
10	1968
6	20
1	57
30	3640
736	0
7	347
90	347
5	59
1	33
0	102
2	76
0	20
0	38
0	3
0	1461
3	1468
25	1615
0	1272
0	50
15	1335
0	1425
0	8
6	1325
0	943
1	4
11	52
0	226
0	1459
532	0
0	1
0	1
0	0
0	0
1548	214
0	1
6	211
247	3701
40	3738
4	3186
29	3064
10	2
0	19
2	200
4	231
2	1
3	1150
1427	1867
68	1361
30	1585
2	225
1	105
0	0
0	0
0	0
0	0
0	0
0	0
0	500
3	22
0	500
145	0
1	0
2490	7
0	0
1	4
1	2
513	44
0	44
473	53
0	51
0	7
0	3
0	57
0	57
3	55
1	27
2	448
0	261
1	197
0	5
2	13
3	0
16	448
11	1933
0	1771
23	1947
1	260
0	107
0	770
10	1696
4	115
26	4
2	312
69	655
2	269
0	0
6	209
2	209
0	209
3	0
0	0
0	9
0	1
0	199
13	2494
3	1
0	2444
0	89
1	83
1	57
1	83
0	10
0	77
390	2060
15	7
30	213
4	1034
47	40
0	830
0	1876
0	0
0	0
0	0
0	0
0	0
0	0
0	0
0	0
0	0
1	0
590	117
1	117
0	0
7	0
27	307
18	297
0	67
4	108
35	70
2	16
9	64
53	178
0	174
4	92
0	85
0	74
0	80
1	27
0	8
0	21
4	191
1	41
0	38
5	38
0	3
0	9
0	8
0	9
0	2
0	13
2	10
1	11
0	1
0	7
1	10
0	5
0	13
0	2
0	5
0	5
0	0
0	0
0	7
0	7
0	7
0	7
0	616
7	631
0	515
1	42
10	462
2	0
804	1
1	0
417	2821
73	311
24	172
347	2212
1	331
3	610
0	54
4	98
1151	1753
1	1687
4	99
0	532
13	4
13	90
1114	739
1	149
12	369
9	260
4	1
1171	943
1	942
41	1061
6	961
0	108
0	0
0	0
0	5
0	0
0	0
0	0
0	0
9	4
0	4
0	4
1238	349
18	146
1	203
2	12
159	4
1	4
14	0
0	15
1	16
0	2
0	1
314	276
0	17
14	249
1	113
0	10
2	8
0	9
118	0
1	0
0	517
2	517
11	87
0	12
7	243
12	420
0	113
0	14
1	1
89	14
0	17
0	324
935	550
0	4
0	268
5	0
3	1
553	635
1	0
0	0
8	663
1	9
0	0
25	658
3	12
1	199
0	67
0	249
5	454
41	454
4	9
6	18
188	1284
92	1073
1	235
9	162
0	267
7	262
0	152
3	80
1	12
4	39
1052	655
1	53
3	327
0	129
6	154
0	0
105	1782
0	4
10	1750
0	161
1	6
62	1341
138	2461
2	1324
0	14
0	27
0	25
0	21
0	30
0	22
0	21
0	17
0	0
0	32
0	19
0	14
1	19
5	9
368	5823
5	261
12	1593
15	683
5	4833
1	1549
0	321
5	7
291	125
3	125
0	1
0	0
0	0
0	0
0	1
0	1
0	0
0	0
358	354
2	218
2	18
0	0
0	19
0	0
0	6
0	2105
6	682
0	63
0	49
1	175
1	2123
15	2161
42	91
0	98
3008	287
1	209
1	79
316	7
4	7
0	570
0	556
1	21
0	31
0	38
12	583
23	0
4	24
0	33
16	82
23	127
0	314
2	326
11	145
7	92
18	145
0	8
3	22
0	166
7	44
12	53
0	0
0	0
0	0
0	0
15	493
21	1248
0	12
23	17
1	42
0	2
0	39
1	32
3	521
650	57
25	4
20	47
0	1190
30	1215
1	833
659	0
0	0
0	0
2	3
21	1001
4	0
11	84
4	0
3	0
0	2
0	979
0	0
2	994
14	44
4	76
0	208
27	97
0	1003
0	0
0	0
0	0
55	155
14	127
2	1
3	0
74	124
2	23
2	35
0	35
0	3
0	1
0	1
1280	943
20	494
1	308
3	231
0	7
1	81
13	208
10	0
0	208
9	171
3	328
25	28
0	122
2	42
0	4
1	0
3	1
0	56
0	21
0	12
0	38
0	13
0	9
0	335
1674	104
14	103
1	492
2	668
0	980
3	76
0	568
0	606
1	45
1	4
0	42
3	93
0	1
0	1
0	1
0	0
55	756
0	1196
0	1375
4	1491
1	33
6	110
0	302
0	90
0	69
0	7
34	198
3	170
0	11
2	4
0	0
0	23
0	24
0	11
23	4
0	4
103	27
0	10
5	4
9	21
3	121
0	97
0	132
0	80
1	113
1	28
0	29
1	29
0	116
0	30
10	111
6	76
5	56
3	55
1	1
354	69
0	12
1	43
1	14
3	25
1	62
1	8
1	1
23	38
0	2
86	1429
7	1429
1372	365
0	363
0	0
0	0
332	195
7	195
520	323
5	230
94	336
0	10
27	96
5	96
0	96
2	2701
0	187
2	51
2	11
0	2715
147	195
0	194
0	3
1	10
1	21
3	3
1	18
0	23
0	19
435	1487
22	1390
0	285
105	430
4	0
0	10121
1800	11968
21	11994
16	468
0	8
0	6
0	0
0	2
0	1
518	0
1	65
3	99
0	102
0	91
0	37
2	98
0	14
0	4
0	95
0	65
1270	1170
18	242
27	1
8	923
0	14
0	0
0	402
2	402
0	401
28	402
12	265
3	14
0	1
0	1
0	0
0	36
461	754
1	774
26	340
0	29
25	68
1	59
0	40
0	58
1	1
2	11
2	0
7	42
0	55
967	32
192	0
15	553
1	122
0	241
1	14
5	501
3	422
4	501
0	10
1	118
3	57
0	100
1	3
0	846
3403	3854
0	1733
8	1233
0	1921
0	46
0	24
4	6
1	120
28	644
0	644
16	400
681	799
3	565
0	461
2	406
0	81
4	108
1	100
0	415
2	415
0	0
0	165
73	148
4	53
5	2
125	0
6	0
0	0
0	0
0	0
0	0
0	2
0	0
0	0
0	0
0	0
0	0
637	563
3	231
2	90
4	14
5	8
4	0
14	1802
0	1786
31	1569
16	29
3	0
0	1802
1	411
269	1801
0	409
5	1621
93	1594
5	0
18	248
0	248
0	0
0	0
68	78
2	78
0	897
2	455
0	28
26	897
0	60
0	64
0	64
0	0
0	5
0	0
0	0
0	0
10	712
20	700
0	196
4056	6
27	2
0	2
258	213
5	0
3	215
13	152
0	2
44	346
2	309
6	100
0	62
1515	338
2	130
4	207
55	526
76	74
60	268
0	22
0	511
355	7
1	7
115	631
23	610
0	42
3	431
0	1
17	0
8	1140
14	0
0	0
62352	43
10	3484
406	3747
2	3351
0	1152
1	704
1	11
1	11
2	11
0	2
0	0
0	0
0	0
0	0
0	0
0	0
20	26
0	197
784	205
0	4
1	144
2	27
0	75
0	23
0	5
1	62
0	8
0	0
3	8
0	7
1	2
0	0
0	81
0	29
884	0
1	0
0	623
2	1138
0	1101
37	164
2	227
0	264
414	984
22	1258
1	440
3	287
0	161
25	352
1	4
2	0
9	0
0	183
959	1
179	76
0	76
0	76
78	12
0	0
1	2
0	2
0	3
0	2
0	2
0	1
0	0
2	0
0	0
75	647
5	647
1	26
2	24
0	22
0	2
0	4
0	0
0	0
0	115
0	43
0	94
0	10
0	0
10	85
0	4
0	158
0	4
0	4
1	0
0	1
0	1
1	5
0	4
0	1
0	36
0	36
2	153
0	0
0	0
833	1262
1949	1128
0	512
1	93
408	0
0	4
0	4
0	2
0	0
0	0
0	4
0	127
0	165
17	224
12	128
0	0
2	0
0	188
0	208
0	22
7	22
25	898
3	707
0	259
4	192
2	11
17	304
0	106
5	192
3	198
59	224
0	216
2	19
29	0
0	0
0	0
0	0
0	0
2	0
0	0
1	0
48	65
0	59
1	50
0	49
1	0
216	111
0	0
3	12
0	107
0	0
0	0
0	0
0	54
0	74
4	9
0	7
2	20
0	21
115	1
0	1
0	0
659	0
53	13
0	13
0	0
42	1685
0	2749
84	7
0	3
0	2
1	4
47	1162
9	608
210	781
0	145
9	0
0	757
0	753
0	756
0	754
0	331
0	330
0	736
21	736
0	142
0	6
0	0
0	0
103	211
3	204
11	90
0	9
0	0
0	0
0	0
13	34
0	42
1448	293
1	258
3	1
0	1
0	1
1	214
0	210
6	151
0	226
0	16
0	206
0	175
6	135
0	0
0	0
0	18
5	8
4	2
3944	1571
2	744
14	825
0	496
0	460
3	78
0	60
1	14
3	333
0	272
0	0
12	2
1452	141
1	82
0	20
19	0
0	29
2	7
0	0
0	0
0	0
0	0
419	2038
8	995
742	2062
0	78
6	1312
9	728
0	58
0	48
0	10
0	39
0	60
0	45
0	5
0	11
0	2
1	9
0	15
2	5
0	0
0	1
0	174
2037	178
8	184
0	106
2	38
16	271
0	237
10	108
2	82
2	85
6	56
2	4
11	17
0	243
1	3
0	0
0	3
7	2279
129	2446
0	1905
10	29
17	301
51	605
0	115
11	78
0	9
0	1904
300	597
5	1
5	108
1	17
0	439
6	375
4	281
60	475
3	413
0	156
0	99
36	475
0	1
0	152
2	10
5	10
11	63
0	1
0	8
0	4
0	2
0	6
2742	14856
5	9558
9	14324
14	3073
6	4
157	103
2	56
31	68
1	58
632	1887
5	990
0	1885
0	2
0	2
0	1
0	0
0	0
3	2815
0	1539
12	2853
1415	7480
6	1038
0	7118
13	949
0	2434
6	2644
1	1343
1	10
2	181
14	0
0	0
0	0
0	0
0	0
0	0
0	0
0	0
0	0
1	0
0	441
6	443
0	427
0	463
0	49
3	217
0	15
21	94
2	0
0	21
1853	5
0	0
899	424
5	50
10	4
0	373
0	0
0	0
0	318
9	323
7	238
0	313
0	308
1	296
1	400
3	411
0	13
6	4
3	4
9	9
8	26
8	7
0	0
0	0
58	0
125	62
0	0
0	0
0	117
0	112
18	44
0	47
2	0
0	12
0	111
2	59
2	108
7	30
0	66
14	4
91	146
5	27
1	48
0	0
0	0
0	1952
0	1921
0	1009
3	20
1	2066
3	359
0	2028
0	2078
10	2167
16	124
10	1889
0	867
0	1079
0	5
2	220
1	70
9	3
0	651
308	3316
7	436
2	807
2	218
3878	7732
361	7473
10	802
7	1387
415	1384
0	53
0	39
2	53
0	28
0	28
0	0
0	3
0	0
0	0
1530	439
0	119
0	383
0	3
1382	1106
4	1043
127	1109
1	854
0	781
0	770
2	370
0	146
62	144
0	8
0	97
0	67
0	0
0	114
2	26
3	1
0	1
0	0
0	0
18	20
0	1594
14	1645
30	993
1	1230
6	1328
21	1099
0	1364
1	214
6	1618
1	0
491	750
38	750
0	160
0	0
0	0
0	0
33	0
0	0
355	124
0	105
0	0
0	22
0	17
1	2
0	0
10	200
0	20
0	199
446	372
1	220
4	258
0	178
0	68
49	2689
0	2628
30	1412
1	0
0	12
0	83
0	210
1248	2663
1854	1527
0	73
2	765
3	242
14	15
0	12
0	0
2	691
0	101
0	952
0	1037
9	179
0	196
0	174
0	0
0	0
31	671
0	1262
0	1209
0	360
0	1100
21	1019
7	17
96	126
1	1100
0	961
86	26
0	23
1	3
0	0
3	0
1	0
0	0
30	0
46	177
6	132
0	65
2104	215
3	21
24	80
54	212
0	1
0	2
0	2
1	0
0	95
0	1
0	1
0	0
0	0
0	0
0	0
0	0
38	0
1	146
14	93
0	65
0	146
7	4
1	1
0	2
0	5
3	1
0	2
0	1
109	159
0	54
9	105
421	141
0	11
2	126
28	3
0	13
5	5
3	7
0	0
0	0
63	731
38	731
0	20
0	4
0	72
0	0
111	430
1	2478
2	974
3	963
0	24
1	238
2	1522
1	2258
0	2335
0	0
3	961
0	430
0	1899
0	1881
0	1974
0	1973
0	1880
0	1992
0	1965
0	1888
0	1889
0	55
0	1861
0	1887
0	1814
0	2088
0	2021
0	146
1	0
2	1509
0	3
11	1
7	1
0	2240
0	2159
44	2219
5	1902
0	123
0	444
44	980
11	334
206	42
14	107
9	427
1	507
1	180
0	204
0	173
0	231
0	81
1	93
65	344
9	291
4	12
0	7
3	7
0	94
3	285
2	0
0	0
0	0
0	0
0	0
484	270
0	121
0	0
0	101
0	61
32	14
105	2937
3	541
1	3302
4	3114
2	1034
0	921
1	961
0	171
0	0
0	0
5	6
1	15
4	107
0	109
0	33
9	3755
9	1429
0	3154
0	553
234	3388
0	1963
18	2530
5	193
2	23
3	429
232	1
1	406
0	3755
11	549
1	456
0	166
29	583
7	53
3	0
38	0
4	354
1	0
42	10
0	10
0	19
3	19
0	0
0	0
0	18
0	14
0	7
0	0
0	0
0	0
0	0
168	52
3	4
2	48
0	0
0	9
2	197
273	198
0	56
0	14
0	52
0	56
0	52
0	52
115	16591
5238	16930
0	12890
0	5483
1	5327
0	3401
0	1469
7	1994
24	2282
1	536
4	1036
0	0
0	127
0	0
0	1
0	0
0	1
0	1
263	982
25	932
0	478
0	447
6	5
5	414
0	12
4	56
1	19
0	2
1	0
0	0
0	0
0	0
0	0
39	15
0	7
0	8
1	0
0	1
0	2
0	394
0	0
2	25
2	24
2	17
3	44
1	60
3	15
3	5
4	18
0	394
6	0
176	1681
18	911
1	373
0	1367
0	1400
0	2
0	2
43	600
30	606
22	805
0	199
0	0
0	0
0	10
15	28
0	4
5	2
1	1
0	1
0	0
0	9
0	19
0	7
0	19
2	0
33	4
4	772
1112	771
6	0
0	483
1	1431
1	994
0	19
0	1037
0	1002
2	44
1	138
0	59
341	97
2	0
1	97
0	0
0	0
39	536
0	0
0	0
1	0
0	0
0	0
0	9
0	9
0	9
0	9
0	0
0	9
0	1
0	9
13	9
0	1
0	264
0	59
22	25
0	8
0	11
0	264
31	0
41	4404
37	4451
62	4353
0	246
49	152
11	197
11	149
0	4403
0	16
6789	885
25	666
0	0
23	0
3	2
0	2
0	0
0	1
0	1
0	0
0	0
0	0
0	0
0	1
3	2
0	3
0	2
0	0
0	0
0	0
0	0
1	1
0	0
0	1
1	1
0	0
12	366
8	359
2	277
0	37
0	20
1	23
0	25
2	4
1	0
44	6
0	6
48	331
0	752
77	738
2	8
36	1
0	0
0	382
18	81
6	61
3	14
0	17
11	866
24	864
12	833
1	31
0	68
4	669
5	25
1	29
0	0
15	130
336	2203
18	1981
3	13
4	861
0	44
0	965
7	388
2	754
0	33
0	62
2	720
8	17
0	17
0	17
0	2
0	0
0	0
0	0
0	0
285	923
0	918
0	923
21	1026
8	284
34	799
0	1
4	819
1	1407
1272	1408
5	3
0	150
0	29
4279	21
9	444
347	254
5	243
21	461
0	278
1	99
5	136
10	604
0	179
6	414
5	160
2	199
19	16
6	308
1	246
0	34
0	397
7	4
0	62
0	11
0	9
127	20
0	0
22678	13
2	1
0	231
963	2456
168	2318
2	2
0	230
8	230
988	3
599	300
1	98
0	142
1	142
9	24
5	105
7	31
2	8
0	0
0	0
0	0
0	30
17	36
1	34
0	1
0	3
3	1082
3	1120
0	1217
0	1117
0	951
30	167
3	57
8	1128
12	29
0	28
0	7
2	3
0	2
0	3
0	1
0	1
5	150
0	151
4	79
0	57
2	215
0	214
6	216
0	54
1	18
0	219
525	0
88	793
0	687
2	265
0	33
1	1294
25	408
24	1743
14	236
0	127
47	90
0	0
0	53
148	1295
0	746
4	577
0	235
0	392
180	7017
0	8644
707	11123
5	955
77	9363
2	818
1	804
0	9464
0	137
30	7511
1	5263
0	1522
1	7
0	1261
10	34
36	29
2	721
11	127
3	127
0	0
0	1
0	1
0	0
0	0
0	5
1	4
3	8
3	93
2	39
1334	2
0	0
0	0
0	0
247	0
0	5
3	5
0	490
4	18
3	101
1	4
0	138
1	9
3	112
10	59
4	0
1	0
5	19
64	29
0	65
1	1
154	1
0	5893
31	5112
10	1139
82	5001
8	3790
2	574
0	4677
1	273
2	164
11	38
0	0
15	32
411	1859
28	1292
0	350
256	506
0	302
0	99
0	0
0	35
1	115
7	115
0	148
37	165
0	41
0	6
1207	389
5	25
2	158
0	2
9	103
84	0
992	0
118	0
6	147
10	147
0	2
0	0
0	21
0	14
0	21
0	18
0	40
1	289
248	300
0	18
2	71
0	68
0	124
0	124
0	124
0	124
0	156
0	124
0	124
0	123
0	91
1	69
0	20
0	45
628	469
0	77
2	469
982	1607
8	1130
6	3
0	63
0	250
19	6
155	1
3975	3
1	370
16	324
73	193
8	201
22	35
3	36
1	35
1	12
0	0
9	30
0	39
0	22
0	14
0	34
0	0
0	0
0	0
6	1054
12	645
1	177
0	521
14	44
0	1026
4805	58
7	30
335	0
1700	987
61	891
16	79
4	47
2	1
15	16
2	149
0	0
0	0
0	0
16	818
22	801
0	298
0	55
0	3
7	182
0	90
1	136
0	517
0	0
0	0
6	86
677	167
0	17
19	105
41	47
0	0
0	0
10	90
0	28
0	0
6	72
0	26
0	3
0	3
0	0
365	1173
138	690
5	641
0	284
11	616
0	0
0	118
0	38
2	233
0	562
0	1062
674	3676
5	2977
0	1849
0	327
4	12
443	4884
0	4764
0	2284
1	65
0	794
1	42
1	2
1183	2
552	0
0	0
0	273
0	736
10	38
37	134
37	382
8	10
53	477
1	67
1	91
15	7
4	32
6	8
8	18
2	43
20	70
5	56
0	55
0	7
10	3496
356	3496
6	287
0	0
0	0
0	0
0	0
0	0
0	0
0	0
0	0
0	0
0	0
2	2397
164	2514
0	1586
2	400
0	34
7	548
0	622
17	523
10	796
46	128
0	120
6	121
0	0
0	0
0	0
0	0
0	1
0	1
0	0
0	0
0	0
0	1419
6	211
0	996
8	0
0	14
0	184
22	1268
0	868
1	1218
9	895
0	806
0	2
2	9
1	30
4	1
0	139
0	92
0	14
43	2
0	1
0	0
0	0
0	0
0	0
15	138
23	27
6	118
1	0
0	114
0	0
0	4
751	0
0	0
0	0
0	0
0	0
295	25
4	24
5	9
0	0
0	10918
0	11837
0	166
4	2061
8	539
18	198
0	519
82	827
4	519
0	527
37	241
27	0
458	2543
0	7
2	443
2	2107
0	1473
1	143
0	639
4	170
12	29
0	425
0	3
3	0
0	0
1	183
1	41
7	189
1	124
13	114
0	181
65	290
22	429
2	30
35	2685
170	2376
6	2395
0	18
3	0
0	0
0	26
2	234
154	228
0	24
3068	655
0	246
1	152
9	258
8	18
0	183
59	6469
17	6289
194	5213
61	2390
3	736
3	6
3	1153
20	419
13	11
0	6451
0	0
0	0
0	0
0	0
460	273
5	25
0	146
0	0
8	105
1	0
0	7
4	7
0	0
0	620
0	224
7	3446
4	1530
1069	3442
7	297
2	1368
12	2957
0	1162
0	2496
0	4246
228	1668
0	0
0	65
2	356
2	4
3	4135
24	18
0	0
108	426
164	1494
0	277
11	479
1	0
279	914
1	464
3	139
0	118
1	76
0	125
0	280
2	81
7	81
5	656
0	613
30	408
11	308
9	70
0	40
23	161
1	827
0	1230
15	481
2	1226
5	1199
0	1053
0	1019
0	762
0	898
4	24
3	8
19	659
0	570
0	28
0	38
0	56
0	110
0	0
0	2
0	12
2	0
69	64
330	8109
124	8142
7	8138
0	2126
42	48
0	485
1	187
0	106
8	13
0	100
2	84
1	2
1	4
3	0
0	0
0	0
0	0
0	0
0	0
26	477
55	477
5	418
32	1143
0	122
0	616
4	460
14	497
1	33
0	30
0	3
0	0
0	3
1128	1184
6	1132
3	29
0	1201
166	1065
677	141
0	136
0	5
40	117
27	1462
8	34
18	19
2	1344
16	210
2	1
0	353
9	195
17	490
0	490
5	1172
237	1172
2	45
38	2646
7	3690
19	890
1	2293
1	1759
100	1
922	3100
0	3050
2	1390
0	1160
21	21
7	5
0	596
0	110
0	513
0	374
0	280
0	32
0	514
0	386
1	613
79	613
2	3319
4	1121
19	610
4	134
1	94
11	429
2	1
0	3319
0	0
79	1902
1	1662
0	986
0	1429
0	1111
0	0
636	1
0	0
0	3
0	3
1	0
0	30
11	883
8	928
1149	924
0	748
12	66
16	50
10	98
1	748
0	6
0	4
0	6
0	5
0	5
0	5
0	3
0	0
28	95
0	95
0	25
0	25
0	526
179	80
36	79
6	68
2	3
946	1
2	2
0	2
0	0
0	0
340	80
596	351
61	262
0	0
22	87
3539	430
0	24
0	223
0	182
465	1281
1	386
0	26
0	1261
14803	333
6	318
0	59
0	26
1	0
0	52
1	26
0	0
0	268
0	262
8	195
66	259
35	185
0	268
0	1
0	1
0	1
0	1
0	1
80	3456
132	5077
20	5665
954	5465
0	349
499	3110
11	246
130	547
9	51
2	127
11	163
0	9
5	141
2	323
1	80
22	246
6	126
1	96
104	66
189	778
23	763
5	252
16	330
1	23
11	234
8	92
0	22
356	154
1	3
0	151
0	0
0	0
701	2864
9	2864
0	466
0	20
1	1928
2	2219
0	2714
98	2714
4	1346
16	1171
0	0
1	0
3	70
1	410
0	2650
0	0
0	0
0	0
0	8
0	4
0	8
0	3
1	3
0	2
0	0
0	1487
24	34
26	983
2	873
0	730
0	1038
0	45
5	0
0	12
5	614
0	18
0	83
0	77
0	52
1	0
0	1487
0	988
0	984
133	581
0	463
3	14
0	69
0	161
0	433
0	267
0	335
0	321
40	35
1	2
1	82
0	4
28	36
0	20
0	23
0	13
0	19
0	7
2	4
0	2
0	16
0	3
0	0
17	207
0	207
0	189
0	189
0	228
0	25
0	5
0	1
0	0
0	228
1	0
2	9
0	9
0	1
0	7
9	432
10	515
0	631
36	714
7	92
0	23
0	338
0	700
145	742
0	70
0	343
10	51
22	1
3	504
0	109
3	16
0	0
269	382
0	382
0	47
2	6
0	0
0	0
0	24
0	21
0	8
0	21
0	1
0	25
15	40
0	27
2	38
111	7
0	0
0	0
0	6
0	0
722	1403
0	52
200	1404
1198	2258
40	6
0	2257
162	313
12	33
6	188
0	193
11	119
42	0
36	778
0	957
0	730
0	635
0	717
0	743
0	627
0	313
0	1
0	539
0	87
3	0
3	313
1	13
0	271
0	0
0	0
0	2
2	62
4	62
3	62
0	4
319	440
6	4
2	116
4	0
417	156
7	65
6	54
2	116
208	269
0	4
0	2
1	47
1	1
9	200
1	0
263	274
0	61
1	61
0	0
0	0
0	0
1	122
3	124
0	90
0	9
15	0
27	2
0	2
5	63
1	64
7	10
4	2
1	0
0	53
76	48
1	28
0	48
9	17
5	2
0	0
0	0
1	70
0	83
0	60
0	81
0	7
0	59
0	5
6	60
0	41
0	3
0	3
0	24
0	1
0	1
0	1
132	415
0	415
0	22
0	1
0	6
0	1
0	1
1633	902
2	235
13	182
0	2
14	0
4	88
2	126
0	434
2	251
0	272
2	1
0	113
1	88
0	61
0	23
11	61
1	0
2	113
0	99
18	131
11	190
0	22
0	85
35	17
0	88
43	406
2	37
0	64
23	385
48	46
0	16
0	364
0	373
1084	379
2	288
9	291
0	0
3	36
2	4
0	4
40	193
2	166
13	93
0	93
29279	2713
16	466
9	2213
36	0
7610	948
0	941
3	7
3	6
0	12
137	0
3	32
0	0
0	0
0	0
0	0
0	0
0	3
0	3
0	6
12	1
0	5
0	32
380	46
26	59
0	48
0	0
114	965
0	959
11	808
15	795
1	653
3	77
0	330
0	94
2	39
0	34
2	0
0	2
0	2
761	814
3	515
10	54
0	759
0	49
43	1308
132	1308
1	4
0	22
2	22
0	22
2	8
0	0
3	0
5	675
2	21
1	21
39	673
0	552
97	409
3	13
153	101
2	393
5	0
0	71
0	46
6	139
3	771
4	486
17	718
0	765
4	490
0	441
16	6
0	30
33	3
3	243
27	83
55	1
0	81
0	4
0	5
1	76
0	755
0	1
0	1
0	1
5968	565
3	341
1	229
0	117
9	183
59	202
0	43
0	103
0	164
1	60
0	98
0	97
1	86
0	0
9	0
0	101
0	45
0	95
2	92
2	83
0	88
0	6
0	0
0	0
0	5
0	0
0	1
0	1
0	0
0	0
479	697
22	702
11	492
0	0
490	701
0	673
0	299
0	168
0	121
0	140
0	6
0	3
0	6
18	10
996	3884
3203	3889
44	376
6	486
765	487
1	111
0	2
111	111
30	10971
40	10916
7	10950
0	131
18	161
0	474
2	1
0	0
1	639
13	597
27	139
2	26
2	85
12	0
1670	0
3	446
0	241
0	450
234	549
0	530
0	377
6	0
1	68
16	27
5	6
125	197
0	197
28	95
0	0
0	0
0	989
0	1079
6	1083
0	878
0	108
6	161
0	49
4	73
1	53
0	6
0	13
0	1
0	76
286	42
1	0
1	42
1	23
296	465
10	437
1	36
0	32
0	4
10	62
2	223
0	0
0	0
0	0
0	0
0	0
0	0
40	8502
0	8585
9	7782
0	8542
0	7178
0	8958
3	7499
1	1609
3	2973
0	1042
1	1587
0	887
5	6
2	6
1	543
0	2330
0	1143
14	1369
0	2328
2	486
5	1990
3	723
0	606
0	248
0	1431
1	212
0	19
0	833
0	168
3	746
5	865
44	339
36	244
3	4
10	1
17	1550
1	1535
159	1383
91	300
0	146
119	1808
0	189
0	0
0	0
0	21
794	996
1	31
2	22
0	37
26	23
2813	118
4	116
2035	299
0	298
1	0
2	973
4	631
1	393
0	499
5	180
0	422
0	176
0	801
2	26
2	59
0	848
125	1900
0	122
4	1160
26	1863
0	2
0	3
0	1
2	2
0	2
0	2
1	0
3	14
232	151
2	137
66	18
7	9
114	16
1	234
6	199
2	207
0	211
0	45
5	211
0	5
217	0
0	0
0	4
0	4
0	4
0	4
0	1
0	4
0	1
0	1
0	3
0	4
0	2
0	4
0	4
0	4
0	4
0	1
0	4
0	3
0	4
110	56
0	28
0	9
0	28
656	946
0	752
0	30
0	31
0	1
0	3
6	10
0	6
6	193
0	91
0	1
9	90
2	1750
13	2274
1627	4942
137	3213
36	348
1	56
0	2
0	2
0	30
3	38
3	47
0	41
6	15
0	45
1	0
0	9
0	0
0	0
0	0
0	0
0	0
69	3
0	0
3	3
0	0
1603	0
0	0
1513	1387
0	582
11	938
0	7
1	0
1	0
0	0
0	0
0	0
0	0
0	0
0	27
409	27
870	231
0	158
0	37
0	8
1	65
1	44
10	30
2	0
0	16
626	40
1	40
80	63
0	581
0	5
1134	855
0	593
0	809
119	972
1	262
0	508
10	1
19	0
2	59
12	62
0	63
3	62
1	20
0	41
0	0
716	337
0	335
0	1
287	1
0	0
51	1
3	1688
0	23
0	1892
0	2448
3	5
63	2766
0	2007
3	1
0	192
0	1217
1	1162
0	255
9	169
8	201
5	152
1	124
1	5
1	5
0	7
0	8
1	4
0	1
1	1
0	0
0	0
3	0
1	0
0	0
147	352
4	352
115	30
0	16
6	15
1	1
1	0
0	0
0	0
0	0
0	0
0	0
0	0
0	0
0	0
0	0
0	0
0	0
0	0
0	0
0	0
0	0
0	0
0	0
0	0
0	0
0	0
0	0
0	0
0	0
0	0
0	0
0	0
0	0
8	765
30	65
0	0
50	622
1	18
81	772
0	29
0	624
2	368
0	276
6	29
0	141
23	319
51	330
2	24
0	25
1	0
0	0
0	0
5	1430
2	640
24	419
0	819
0	20
22	890
0	23
2	640
0	55
0	0
1	0
0	0
0	0
205	1380
0	716
6	423
1	714
0	123
0	34
132	567
0	191
2	0
3	568
0	0
0	0
0	0
0	0
0	0
235	0
0	442
0	16
2	0
0	0
0	27
0	451
1	0
144	67
2	26
7	49
0	0
0	0
392	3756
0	943
19	3476
0	3367
30	1538
20	3169
47	2777
84	2376
3	544
21	362
11	343
32	941
134	76
281	1
15	541
61	20
2	19
1410	357
2	268
0	28
0	85
7	0
117	253
0	253
1	0
680	90
0	7
0	83
5	10
795	8
0	4
6	3
15	1
0	0
1819	306
0	0
16	132
2	49
2	18
244	0
2	10
0	7
0	0
2676	270
3	11
1	143
1	193
0	159
27	32
9	131
49	1
8	17
5	29
211	252
2	0
2	0
0	0
0	9
13	194
0	47
4	0
0	3
1	3
26	857
45	847
0	373
7	426
0	671
474	28
0	28
197	2316
2	906
1	2172
4	1693
2	1767
0	360
1	15
0	147
1	74
0	274
0	433
36	444
2	311
18	199
0	0
0	0
0	0
0	0
11	0
2	0
0	0
0	0
0	0
1	2810
0	120
26	1517
0	0
0	11
14	14
1966	4372
0	412
0	2248
12	5043
1	4072
21	2116
11	3974
0	4972
9	4941
0	288
5	287
1	0
0	4152
0	5090
0	2738
0	1580
8	156
4	3
32	151
10	2394
1	4166
20	4015
1	60
1	60
1	463
0	4096
0	324
166	62
1	62
6	56
0	0
0	0
0	0
0	0
3	0
1	1121
1499	1731
0	445
0	1093
668	513
26	517
3	92
12	47
1	11
2	0
0	0
1	1
0	1
0	0
0	0
1054	2096
4	138
3	96
1	343
14	70
0	692
10	162
10	215
1	865
0	470
1	10161
42	858
0	6121
44	7346
0	6852
11	9743
0	141
0	169
0	213
0	275
1	1229
0	946
0	325
13	297
15	8042
9	2931
0	1077
0	8618
42	180
0	180
4	89
10	89
135	2783
726	2940
19	2720
139	2501
0	306
0	388
0	643
8	319
0	0
65	5015
59	891
0	843
28	4459
0	0
680	2
0	0
0	0
0	0
2	122
2	72
349	402
13	399
0	62
6	57
176	154
3	153
11	80
334	5
5	5
0	0
0	0
0	0
0	0
0	51
2	2
0	2
0	1
0	51
5	1385
57	1384
2	1390
0	67
1	32
0	2
0	1337
0	952
43	229
2	205
0	212
21	334
10	69
2	115
10	10
15	28
5	114
2	90
0	47
0	5
13	0
0	227
0	110
6	522
80	520
103	413
0	446
6	120
2	315
5	320
299	782
4	556
15	256
0	238
0	163
6	142
398	164
0	53
3	111
0	46
2	69
7	65
0	76
50	75
0	75
0	35
4	0
3	3293
147	276
2	103
266	350
0	57
0	76
0	45
4	128
0	49
0	48
2	49
11	45
0	20
1	3
0	2
0	0
2	1
0	0
0	0
0	0
1	455
21	462
8	355
4	6
23	10
7	7
2	260
0	283
16	148
0	8
0	1058
0	13
0	13
11	1069
1	13
46	594
0	943
0	5
340	415
3	0
1	175
0	188
0	18
0	18
0	1716
86	1799
2	416
1	238
0	1708
0	0
899	291
3	42
0	54
2	4
0	190
953	1509
841	414
2	411
0	1409
1	139
0	1409
13	0
0	5480
259	4605
22	1
10	2417
3	1221
9	66
0	5480
710	652
0	645
1	145
9	71
0	91
0	11
8	7
1	0
6	0
0	0
3473	55
105	46
0	0
22	2
0	1
0	1
0	0
102	3
89	108
19	448
7	6
1	2
2	86
1	2
22	13
0	12
26	898
636	2143
12	18
2	1251
0	0
0	0
133	1898
7	1882
0	53
0	26
0	16
0	1
265	1344
0	732
17	482
0	735
0	644
23	0
72	820
12	745
2	414
0	428
6	505
1	11
10	16137
231	17848
4	2152
3	3
0	2830
2	2134
0	1766
15	520
12	4965
24	1
7	1654
0	215
0	507
9	401
22	51
1	75
0	53
1	313
0	0
1939	2
2	482
0	401
0	202
0	10
0	33
0	110
3	126
3	171
1	187
0	3
4	50
1	0
0	0
0	0
0	0
0	0
0	0
0	0
0	0
0	0
0	0
0	0
142	78
1434	1508
0	22
478	56
1	3
35	4
0	0
6	392
21	1038
0	6
1	0
5	33
52	1
4	173
0	13
17	2
0	183
26	1
0	0
0	0
0	0
0	0
0	0
3425	718
0	304
21	30
0	237
115	210
2	59
87	14
5	20
0	1
0	20
0	12
0	2
0	4
0	0
7	1402
10	1296
22	0
0	1068
46	92
1	3
15	115
5	109
18	87
0	1
0	0
0	0
0	0
0	0
101	26
1	26
17	322
0	322
4	102
0	97
1	102
1	107
4	80
0	22
23	8
2	8
0	252
246	255
1	14
5	9
0	74
0	30
4	26
1	0
0	74
2	0
0	0
0	0
0	118
30	166
0	12
0	181
4	174
4	276
0	0
0	693
0	253
0	41
1	473
0	82
0	51
0	33
0	104
6	144
0	20
1	487
0	139
1	39
0	148
2	0
0	635
0	256
0	202
0	169
0	144
1	68
0	6
0	120
0	25
3	101
0	16
0	128
0	259
0	26
0	0
1	317
33	70
1	4
0	70
1420	3026
12	186
17	2845
90	26
12	6
259	2382
0	1673
0	2039
0	88
16	1881
28	4
0	349
1	77
16	177
5	7
0	0
0	491
2	0
0	0
0	0
0	0
1962	939
4	0
13	86
2	937
8	2
2	3
6	18
10	119
1308	340
0	298
0	173
235	605
14	318
0	437
0	19
122	60
0	0
0	54
39	38
0	0
121	227
154	2281
1	2062
1	8
0	288
17	0
5	339
6	0
4	164
2	116
0	12
3	132
8	2
14	31
0	15
1	15
0	3
3	37
0	6
0	37
17	37
0	1
198	792
0	163
32	535
16	440
2	80
1	69
0	4
484	817
0	742
0	658
14	620
0	170
0	386
0	378
0	378
0	0
0	0
84	476
0	476
93	436
78	436
10	9
0	2
0	2
0	1
0	0
3	4
0	0
0	4
0	0
0	4
229	1659
1188	1928
42	456
21	1118
6	695
1	82
3	158
1138	613
0	543
1	199
0	43
19	88
3	16
0	446
1549	1042
0	502
5	112
0	0
111	1415
0	5589
0	3312
162	5499
199	5382
135	5022
2	273
26	3649
0	3687
9	3824
0	181
8	12
138	2802
11	16
0	728
0	146
2	1187
0	845
6	3768
0	0
0	0
0	0
0	0
0	0
0	0
0	0
0	0
0	0
0	3
1	0
0	3
1332	71
4	70
0	8
0	0
0	0
0	0
3390	3
0	0
0	0
143	2
0	0
177	11
6	12
4	5
0	0
0	0
0	0
2	170
660	34
40	34
329	24
0	24
49	0
0	0
0	0
0	0
0	0
0	0
4878	8
0	0
0	0
0	0
0	0
0	0
1134	471
5	482
1	12
69	200
0	19
6	91
11	15
8	1
3	27
1	82
0	0
0	0
0	0
0	0
0	0
2	48
0	0
0	13
0	1
0	35
0	41
1241	296
0	1
0	180
8	77
0	9
7	30
2	323
3	323
0	1
0	6
0	0
313	226
5	112
0	113
11	573
1708	680
0	194
9	46
8	105
5	1
163	1312
14	842
3	871
0	551
0	258
2	1
0	13
0	279
3	70
1	182
1	25
11	24
18	635
0	577
0	534
67	345
0	189
0	82
0	421
1	992
1	830
0	996
1	721
33	1218
0	875
215	518
1	45
9	344
17	5
0	1036
0	0
2	0
0	173
11	173
15	77
3	78
0	65
3	8
8	10
0	11
0	1
0	0
0	0
0	2835
0	161
0	110
0	966
12	3062
3	79
156	79
1	0
18	721
3	606
9	373
0	251
0	54
13	21
0	0
0	60
0	14
1	47
0	83
3	54
75	287
5	209
32	26
3	468
0	3
0	0
0	0
0	0
1	3
0	3
0	0
0	1
0	0
0	0
0	0
0	2270
103	2236
76	1946
2	1498
21	1421
0	0
2	31
252	364
0	4
0	134
75	332
0	2
1	10
9	10
50	65
0	70
0	0
19	0
826	5637
10	4449
0	0
0	2339
0	880
0	147
1	381
0	1350
1	9
2	2
0	0
0	2
0	0
0	0
0	128
10	128
0	38
161	1536
2	1527
0	325
5	280
0	970
1	750
121	2741
36	2908
33	2644
11	255
26	692
0	2736
0	2
0	2
5	322
21	2737
0	2745
39	275
0	275
9	52
1	0
0	0
0	0
0	0
0	0
0	0
0	0
0	0
0	0
0	0
692	1
0	0
0	949
3	96
2	70
24	1009
127	1009
4	0
26	0
18	584
0	497
4	597
1	1
12	396
42	462
3	137
3	3
742	1
0	143
17	143
0	0
114	5382
0	0
0	312
5	6
0	949
0	0
0	0
0	0
0	0
0	0
0	0
0	0
0	0
0	0
0	0
6906	7
6831	1398
11	1368
0	36
0	0
0	0
0	0
0	887
6	885
0	827
4	41
0	1
0	106
0	21
0	28
9	4
0	0
12	0
24	0
0	0
1	0
0	0
0	0
0	0
0	0
0	0
2147	293
8	292
1	683
11	747
0	941
0	447
2	0
0	1
0	29
0	406
0	0
1	68
0	54
1	55
57	69
2	1332
3	1078
5	1356
2	1036
0	56
6	428
0	37
2	9
13	107
25	2415
6	0
1	294
4	60
2	6
0	43
0	62
0	101
0	60
1	0
0	0
0	2369
1	8
0	8
5672	2930
31	154
234	1649
1	2300
4	1424
2	152
0	0
0	0
72	0
2	33
1	33
0	326
0	1146
41	1146
215	1574
31	1191
0	3114
1	3080
1	70
2	3
4	121
97	1812
358	556
0	556
303	2579
0	2576
1	4
0	3
0	227
0	201
0	0
6	2
0	2
203	1815
0	1815
18	124
28	143
1	0
27	78
1	78
0	0
5	2181
95	2181
42	261
0	0
0	46
112	0
0	0
0	0
0	0
0	0
0	0
0	0
0	0
0	0
146	0
0	0
3520	341
7	341
1	5
96	438
1	713
47	1451
1	1449
0	67
0	137
11	52
1	34
2	21
0	1446
1	1458
148	0
0	0
130	2982
50	2948
7	6
395	3116
10	3002
36	181
0	2946
10	1397
5	1428
0	1262
0	1230
0	42
1	5
3	97
6	130
1	61
34	879
23	880
6	1614
0	1889
43	216
2	14
55	162
5	162
0	8
0	0
0	0
0	0
11	353
0	404
5	81
2	91
1	118
0	117
1	116
2	31
2	17
18	3
0	5
11	3
0	10
3	11
0	0
1	6
0	4
1	313
0	327
0	0
5	2
0	187
0	290
0	329
34	131
1	60
4	72
5	32
0	10
2	8
0	18
0	11
0	14
0	3
0	14
2	16
0	0
0	6
13	16
2	4
5	1
0	0
0	0
0	16
0	1
0	0
0	17
1	54
3	31
0	19
1	29
30	75
916	1143
0	1143
29	1614
2	1864
10	23
9	4901
7	1247
14	1826
3	3329
0	3522
5	433
2	1206
106	164
10	164
0	0
0	0
1069	492
8	461
30	468
6	0
0	0
0	0
2	4
0	4
0	0
0	0
0	0
0	0
0	0
4	45
3	56
0	10
1	12
0	9
0	0
0	0
1	2910
26	3225
0	2985
2	38
0	214
0	3000
5	131
0	2961
0	3204
0	28
0	2640
109	2067
0	82
89	0
23	1
1	0
0	0
0	0
0	0
23	72
0	72
0	1
0	10
11	1016
1	1026
0	227
0	480
0	100
0	147
8	805
17	862
14	73
0	0
10218	900
8	888
0	0
0	0
0	6
1	6
0	0
0	0
155	3
0	1
0	0
0	0
0	0
0	2
19	1544
238	1761
0	301
1	273
1	78
2	66
0	13
0	72
0	64
0	7
0	0
0	69
0	72
3	25
15	25
1	8
0	8
1	17
0	10
188	118
0	6
0	1
0	0
7	1116
12	1112
1141	1117
5	230
0	0
0	0
283	0
8	72
3	2
0	72
1	0
1	0
1	65
1	0
91	1
0	0
12	1127
17	1054
8	1037
16	982
0	90
1	54
2	0
0	32
0	767
0	147
27	305
0	32
0	24
0	158
0	5
443	84
0	84
0	0
618	859
1	569
0	82
0	179
4	333
0	581
0	356
5	4
0	559
0	494
1	156
0	345
0	323
0	331
0	329
5	490
0	288
0	177
0	318
0	217
6	109
12	0
0	0
0	0
205	837
87	873
3	620
8	0
2	870
4	152
273	609
19	607
0	45
1	85
0	8
74	23
0	0
0	0
0	2
0	4
0	9
3	26
7	39
6	1
33	22
6	23
2	4
28	58
0	8
0	0
4953	4072
2	156
2	0
6	8
0	248
0	0
0	0
3	0
16	218
80	260
5	63
3	9
16	878
0	40
102	780
0	105
0	268
2	160
3	3
11	171
0	0
9	0
42	0
2	0
0	0
1	0
0	6
0	0
1	0
6	5
1	0
1	0
1	0
0	0
1	2
1	1
0	1
0	6
1	2
0	28
0	28
0	28
0	16
7	21
1	28
0	7
18	18
0	12
0	3
1	2
2	0
0	0
418	81
12	29
16	52
0	1
14	14
3	14
8	441
146	563
2	121
2	131
0	131
1	7
4	14
0	0
0	10
0	10
0	10
0	15
0	18
0	14
2	13
0	14
0	1
0	80
0	77
0	66
0	41
0	28
0	86
0	82
0	81
20	52
0	14
34	52
0	17
748	608
0	17
6	598
1	278
21	278
0	1
0	1
0	1
2	168
0	387
0	452
0	61
148	514
0	453
0	82
2	11
0	1274
0	1271
6	11
1	0
2	0
3	259
0	207
21	47
0	0
2	175
3	117
2	50
0	16
0	41
734	0
0	0
0	0
0	0
7	0
16	425
2	443
0	39
0	0
0	0
33	139
1	125
0	106
0	97
7	1391
188	1392
25	240
7	240
0	16
0	5
13	90
0	0
0	0
0	0
0	0
0	0
2	7
5	227
14	134
2	113
0	37
0	62
1	106
0	0
0	0
56	0
494	18
0	18
3	251
2	281
1	19
2	6
0	33
2	2
0	281
23	309
36	246
57	1014
48	1013
32	320
0	141
0	348
17	223
32	230
4	212
56	54
0	9
0	0
0	209
94	19
0	19
0	8
0	6
0	6
0	7
0	0
0	0
1	0
33	278
3	440
5	440
4	306
17	450
0	193
1	32
4	16
1	1
0	54
0	63
0	121
5	65
0	0
76	174
0	29
11	8
0	112
1	116
7	0
0	0
34706	18689
0	8791
1	8049
3	1830
0	7
10	23
7	11
0	9
0	3
1	10
0	0
0	7
0	0
0	10
0	0
1058	592
0	592
5	31
0	54
1	160
0	479
6	459
0	115
0	63
0	478
2	0
10594	5
0	1658
20	3334
0	3542
0	59
0	2742
0	2763
0	280
6	178
0	0
6	2
0	2804
14	287
210	543
0	33
3	591
79	1397
12	1397
1	29
0	1
278	11
0	11
0	0
0	0
2035	468
16	465
751	140
7	81
4	48
28	11
4	5
3	966
100	967
0	967
0	157
0	1
2	5
3	0
0	24
6	24
147	23
0	23
0	0
0	0
210	1065
43	1190
559	1425
0	5
0	111
9	454
1	201
8	110
1116	1
0	1
13	402
4	18
0	3
0	5
3	30
1	0
0	0
0	0
0	0
0	402
5	3086
128	2876
308	2889
1430	2996
53	1904
0	3086
313	84
9	84
1	1909
335	2135
2	244
0	1523
12	653
2	449
3	1012
108	3070
17	2856
8	2664
15	962
5	2675
1	47
25	121
0	320
1	1811
3	104
0	126
8	118
23	0
856	61
0	44
1	10
4	5
8	332
2032	1113
10	474
0	998
5	210
0	110
5	210
0	0
0	5
0	3
8	238
0	7
0	235
0	0
7	12
0	12
0	33
0	33
0	33
1	13
0	0
77	258
5	31
40	2920
11	2920
0	79
4	57
3	21
12	580
3	6
0	178
0	94
3	77
0	37
552	37
0	0
0	1
0	0
140	13
0	13
0	0
0	0
0	0
3	6
0	6
0	0
54	0
0	0
913	0
0	0
0	3
1	3
0	3
0	57
3	57
0	5
3	3
0	28
0	0
2	2
0	28
0	28
1	0
0	0
405	0
198	153
0	0
16	153
0	3
0	0
0	0
306	38
6	37
20	0
9	1
40	45
4	102
0	89
0	52
1	0
0	0
0	52
6	79
4	87
59	247
1	159
2	123
0	119
0	37
0	0
0	0
39	240
10	240
0	23
1135	1
0	0
1788	1113
0	1101
0	2
14	144
0	0
0	3
0	3
0	0
0	0
294	1
0	0
0	0
629	0
418	5
1	5
0	3710
10	4841
5	4874
0	4872
10	4029
0	3918
19	697
25	358
0	137
120	161
14	158
22	1642
2	414
12	57
1	4935
660	217
1	162
0	149
1	79
0	17
0	27
28	282
0	141
1	131
0	32
0	18
0	59
0	24
0	0
0	36
0	0
1	186
0	186
1	176
0	0
0	0
0	186
0	0
0	17
4099	397
0	389
21	1
3	2
0	2
178	2196
1	2375
4	58
2	2020
0	2153
5	0
0	53
29	1101
0	103
1	39
13	75
0	68
1	0
0	0
0	0
6	0
3	114
1371	137
8	17
0	0
0	0
1244	360
3	19
3	343
2	1
0	1
37	433
33	1390
565	1520
102	1006
0	183
5	1
0	138
73	6
0	0
197	20
0	20
2	0
0	0
0	0
0	0
0	43
654	124
7	108
42	28
0	13
6	36
0	0
0	0
0	0
0	97
0	16
0	15
0	5
0	0
0	94
6	0
0	0
0	0
0	0
0	0
0	0
3697	10125
22	10095
0	508
11	175
4	349
5	238
0	204
3	115
7	1087
0	585
0	947
0	458
1	28
7	5
16	3
1	3
0	0
0	1
0	1
0	1
0	115
0	15
0	22
1	50
0	1
0	115
0	914
0	897
1	389
1	440
9	1
27	124
2	48
0	410
113	35
2	7
1	28
0	11
0	0
0	0
0	0
4884	6146
117	1403
57	4538
4	0
0	0
0	3936
4	1019
2	321
0	271
3	218
26	218
0	20
0	21
0	20
665	98
43	0
6	0
1	98
0	1168
0	1165
649	11165
14	5357
0	10608
238	4164
17	1027
1	128
0	23
3	118
0	860
0	11087
5	664
0	547
0	111
0	438
0	274
0	420
0	457
2	1
101	20
5	19
0	1
456	0
1	0
7	115
544	392
0	392
0	0
0	0
6	0
1	77
0	77
676	279
1	204
0	38
1	160
0	205
0	83
6	79
0	104
2	0
10	31
4	25
0	0
0	0
454	45
0	2
27	45
0	0
207	1257
1	1257
4	493
8	584
0	546
2	1231
0	0
0	51
0	0
14	6
0	4
3	2
1	0
137	529
258	526
27	457
0	7
0	82
0	3
0	49
0	4
695	1335
2	340
1	384
24	327
41	133
7	498
0	1
0	0
0	12
0	0
0	13
1	0
0	0
0	829
18	1031
0	811
39	2
114	730
0	2680
62	2709
0	332
0	493
51	330
2	383
4	299
0	5
15	3
0	187
6871	19087
8	7576
14	6132
1	18579
16	46
3	19
207	2242
6	541
0	15
0	945
47	828
11	1357
4	2243
17	0
0	27
2	1088
6	1223
0	48
1	135
0	8
1	6
0	26
59	21
7	188
0	0
0	1404
35	0
3	0
46	65
179	240
3	65
42	0
70	0
0	0
23	248
0	0
0	333
9	0
1	0
3	0
1	97
0	0
0	319
15	784
55	1058
206	1375
0	1436
14	314
9	42
0	2
23	826
2	610
3	793
0	4
94	1297
3	1297
10	1109
3073	5
0	96
0	96
0	29
0	0
0	1
0	3
2	0
0	0
1	88
0	0
0	0
0	0
0	0
0	0
0	0
33	6185
0	6096
0	1986
0	455
1	0
0	389
374	381
6	45
15	457
808	801
1	182
6	7
1	6
247	496
0	181
0	428
0	0
0	62
33	51
8475	1573
2	307
0	103
3	107
0	103
0	0
0	1571
0	0
0	0
0	0
0	0
0	0
0	0
0	0
0	0
0	0
0	0
0	0
0	0
0	0
0	0
0	0
0	0
0	0
0	0
0	0
0	1
0	0
2	0
2	72
0	72
0	0
0	84
1	66
0	151
14	151
4	126
0	16
0	38
0	38
0	63
0	55
3	37
9	92
0	92
0	92
0	0
0	0
0	0
0	593
0	265
3	45
3	8
0	1
0	587
3	37
0	37
7	2223
248	2863
0	1564
2	1431
13	183
0	408
0	523
0	1231
3	5
0	364
8	945
156	3
191	2503
7	684
376	684
25	62
0	3
0	365
11	4
4	3
50	1181
2265	1183
2	2
18	0
174	576
0	33
0	66
0	10
1	2
0	4
0	14
0	0
0	4
0	4
0	3
0	3
11	113
0	16
0	0
42	150
5	30
633	1203
3	529
1	1149
0	11
0	44
4	239
0	0
3	347
0	67
1	30
1	4
7	12
2	13
0	2
0	10
0	5
25	0
5	155
4	155
0	155
1	580
104	117
1233	1157
12	1153
0	1642
0	1518
2	3
99	275
0	151
17	35
0	90
44	462
3	462
4	108
3	2
0	308
9	36
0	19
9	10
25	5
1	838
0	946
19	349
0	0
8	442
0	803
10	93
258	232
0	232
0	1
0	1
0	0
29	80
61	767
1	74
1	767
2	24
1	19
0	9
0	28
2	28
15	28
0	3
0	0
7	3
0	0
0	0
0	0
0	0
3	138
2	133
0	13
0	39
0	36
0	31
2	29
0	10
5	0
0	9
4	11
0	11
0	9
0	0
0	0
1010	12
8	7
5	5
27	0
246	1599
11	1359
244	1575
0	0
0	0
0	0
0	0
775	147
2	147
1	0
2	0
4950	3
0	2563
165	1520
13	9
20	9
1	2826
14	0
15	7514
1	6318
0	6956
0	5742
2	7211
14	2056
6	728
0	632
1	1256
18	660
1	87
0	6015
7	0
0	33
0	31
0	29
0	28
0	28
0	9
0	0
0	0
0	2
0	0
0	0
0	31
0	1
0	1
0	0
1472	246
9	243
1	2
0	0
1	327
0	0
0	0
0	0
0	0
38	30
4	0
0	30
0	54
0	5
2	54
0	1902
0	191
0	87
0	1
0	68
0	12
55	1
1	1980
4	1218
1	1245
0	55
1	0
2	1101
0	63
6	25
13	563
6	195
0	62
0	0
0	0
0	0
191	661
0	565
0	68
0	29
0	2
2	127
0	315
0	0
0	91
0	26
3414	6
7943	4
9	60
0	60
1	0
215	0
654	493
0	171
8	139
0	194
1	88
1	154
0	5
15	4
10	1
0	1
4	26
0	0
13	47
124	103
0	10
0	49
1	87
0	4
0	0
0	0
13	15
1	12
0	2
0	0
0	2
1998	0
947	394
1	325
0	69
0	0
0	8
1	8
0	6
46	434
0	223
0	335
2	0
3	57
6	0
0	1
0	45
0	1757
0	2286
0	2319
5	2130
38	2048
78	24
78	172
0	81
0	178
4	0
0	15
3	101
2	0
1254	1157
53	629
11	203
7	1
18	122
0	183
1	138
1	96
0	24
0	0
0	0
0	0
0	0
0	0
30	341
42	472
110	483
0	111
3	142
10	104
2	0
0	0
6	348
0	0
0	79
2	313
1	227
23	263
2	36
0	187
4	52
288	172
2	171
0	112
0	71
4	4
0	5
1	5
4	1
0	0
0	0
0	0
0	0
0	0
88	0
0	2
0	2
0	0
0	0
0	0
34	820
7	634
0	392
6	3
15	13
0	30
0	42
34	31
0	79
4	119
127	119
520	848
13	848
0	51
0	0
8	0
0	0
0	0
0	0
8	0
902	234
9	233
0	15
1	1772
0	1771
0	1712
0	1614
0	644
0	81
0	668
0	2
0	1737
0	9
8	9
0	9
0	0
0	1
0	0
2	1
2	14
39	28
0	99
7	22
0	12
0	45
4	0
4	24
42	97
0	74
108	1
0	0
14	349
506	351
0	87
12	14
0	2
7	222
1	186
76	69
52	1496
145	1506
4	1396
65	683
0	167
0	581
2	5
0	1
1	461
5	0
0	182
5	46
1	185
14	1
2	177
0	1219
2	1151
2	988
46	542
4	213
0	113
14	35
19	7
2	12
6	745
0	3007
44	2922
25	2700
5	2998
62	1102
28	1264
49	999
50	356
30	1177
0	895
6	299
1	56
0	175
0	3
0	225
0	112
0	0
71	188
3	48
2	140
0	529
42	541
0	532
0	86
0	13
0	530
19	58
2	220
1	0
0	129
0	0
0	0
91	100
0	100
3	10
0	2
29	42
7	505
7	449
1	2
4	307
0	523
4	463
0	289
0	250
1	0
0	64
0	0
0	28
0	0
13	1
0	18
0	17
241	0
73	0
0	0
1	12
0	1
1	0
0	12
0	12
2	0
0	0
0	7
0	7
0	7
0	0
0	0
0	0
0	0
0	0
0	3
0	3
0	3
70	1927
16	1818
29	1674
4	1952
0	45
8	0
0	153
0	153
1	153
0	0
0	0
0	0
9	653
0	22
344	606
0	298
0	298
0	129
0	203
10	18
0	606
0	0
0	0
0	0
0	0
4	0
9	73
1	749
1	1090
62	949
0	0
0	235
6	42
0	1164
17	959
139	944
75	548
2	487
0	79
3	3
0	3
6	2
5	0
18	162
3	145
0	10
0	7
3	0
0	4
0	17
6	0
10	0
137	365
0	355
2	291
2	337
6	27
0	0
0	0
3	1
0	1
17	374
58	376
0	353
11	0
25	353
11	0
108	0
0	0
0	65
0	0
0	0
0	1
1	5
0	1
0	1
0	1
0	1
0	1
0	0
44	113
10	109
0	44
0	37
0	5
0	4
0	3
3	0
0	0
0	0
0	0
372	786
2	735
2	695
0	295
0	171
0	19
19	50
8	1
3	281
0	159
43	281
0	2
26	2
0	2
5	181
1653	181
7	5
0	0
4585	682
0	61
4	168
10	451
1	0
0	130
22	42
0	0
0	6
0	7
0	7
0	0
0	0
0	44
0	2
104	214
57	437
0	0
13	437
2	0
0	115
55	1047
3358	991
111	268
0	253
0	71
8	2
72	329
1	196
0	4
88	296
0	256
0	0
36	296
45	58
0	291
0	236
708	0
0	0
946	324
4	46
0	318
0	3
0	0
0	0
0	10
0	0
9	384
0	62
0	6
0	384
5	3532
197	3534
0	40
6	37
3	3496
5	516
56	73
7	150
37	647
44	582
0	0
0	0
19	41
0	36
592	46
3	46
3	2825
90	2096
3	1501
1	29
60	2790
0	653
228	1611
11	1600
0	9
0	207
0	93
1474	0
494	1
103	835
2	561
5	68
3	1
0	120
0	378
2695	1623
17	164
130	100
16	30
107	164
18	143
0	1565
0	0
0	0
462	0
189	90
6	6
0	0
0	84
50	296
16	260
2	30
2	3
0	102
27	824
5	780
1	80
14	376
1	39
0	0
294	4378
34	32
14	245
2	3963
26	52
9	105
151	4203
0	65
1	263
0	263
0	1678
0	124
14	0
107	647
33	10
39	742
0	453
0	819
32	596
519	431
0	767
0	2
0	541
0	336
1	10
0	1
0	341
0	354
2	189
0	0
112	58
18	26
4	0
1	47
2	65
0	0
0	4
2	0
0	65
0	0
0	0
0	0
0	717
20	589
0	94
23	88
0	111
0	84
0	0
48	1091
4	2019
246	2017
0	11
66	295
2	204
1	144
12	931
1	305
10	860
10	3
5	906
1	332
0	13
2	20
0	7038
2	6602
3	6454
0	6455
2	6454
92	5837
208	6558
0	6456
0	6459
2	5583
37	6019
240	6290
0	4012
8	676
18	2139
19	1185
0	1146
0	885
0	528
2	108
0	73
0	27
10	17
0	0
43	32
100	44
0	12
0	45
0	46
25	3
1	3400
23	3291
11	3190
37	1892
0	2108
1	2409
1	98
0	35
504	41
0	393
54	332
0	397
7	39
0	358
0	33
14	354
2	15
1	17
0	18
4	1
0	3
1	79
1	475
0	65
0	469
6	89
1	56
0	111
0	518
0	0
0	0
89	254
0	0
0	49
14823	14189
0	0
88	23
2	23
10	2
3	86
45	298
1	0
4	299
1	20
18	195
0	10
1	185
204	154
4	153
47	92
5360	2
11	673
39	578
20	97
0	76
0	36
9	411
0	329
1	82
0	12
0	9
1	46
27	202
0	0
0	0
0	0
4	2191
0	587
0	2465
8	17
0	2148
0	474
25	1651
11	229
2	29
14	460
0	2
0	0
0	1
1	12637
6626	12675
2	1829
219	115
2	113
15	0
7	0
230	1
18	38
0	38
0	21
2	21
0	0
4	0
0	4
0	4
0	0
0	75
0	67
0	61
0	53
0	70
1	63
0	16
0	6
0	0
8	1263
0	968
203	1310
0	707
0	83
9	400
0	721
0	201
0	5
3	0
232	0
61	1151
5	1113
0	233
0	218
1	201
41	1224
8	148
101	320
6	1081
0	380
36	202
23	128
76	184
1	0
28	74
0	7
0	7
0	7
0	7
0	0
269	59
3	23
0	4
0	5
0	1
0	0
0	1
0	0
0	1
0	2
0	1
0	0
0	0
0	14
0	2
0	2
0	0
0	6
0	0
0	4
0	4
0	0
0	0
0	0
0	0
106	1247
2	1061
1	1096
2	10
129	113
29	3735
21	3895
157	4575
1	1093
11	1688
1	221
2	1415
15	27
1	4
10	22
0	4
0	8
0	0
0	0
830	2631
17	2617
194	2133
0	0
8	38
0	38
0	32
1	3
3	0
510	700
4	700
2207	4470
0	2394
1	10
15	2505
0	1672
0	1
1	6
333	4054
26	555
92	555
0	7
0	0
0	0
16	68
0	68
0	50
14	584
0	75
44	1730
35	0
11	2378
0	2468
0	2420
3	99
3404	104
0	0
1	284
0	0
0	149
2	0
0	1023
0	0
6	1886
8	29
0	474
0	182
0	0
6	1333
3	1713
23	16
1	1250
1	1658
0	1478
91	282
0	208
35	22
6	278
0	310
0	99
26	2
0	6
0	7
0	7
2	20
15	138
12	60
0	16
0	121
0	17
0	21
0	14
0	14
0	65
11	64
42	234
16	236
4	260
28	372
35	170
32	357
24	80
3	60
2	313
22	308
1	188
18	29
12	36
4	26
7	2
0	0
0	61
0	0
0	3
0	3
0	0
1	28
0	4
933	804
0	768
5	699
0	15
0	697
3	45
8	56
1	58
53	22
4	0
14	14
0	2
11	84
0	41
4	28
0	3
0	3
11	37
0	3
2	2
0	0
0	0
0	0
1	2
0	2
2621	0
5	1209
30	1278
8	30
86	980
5	46
3	80
4	122
3	36
0	223
1	136
0	97
0	24
4	5
0	7
0	5
0	3
0	3
0	195
5	195
0	21
0	0
30	11667
1	1668
154	6240
203	6161
1	321
1	486
0	3199
0	46
0	166
0	1
1484	1500
6	1404
0	1134
11	40
5	11
1	135
580	179
3	10
0	10
0	116
1	21
2	14
1	0
0	5
0	3
0	113
0	116
1	120
0	3
0	84
0	0
33	119
171	7
0	5
5	5
460	100
1	86
2	2
0	0
1	57
130	66
0	0
1420	1997
10	1995
28	1681
75	717
568	717
0	219
7	17
1	0
0	12
15	1337
22	1319
8	783
1	69
0	19
0	37
0	32
0	27
2	0
0	0
0	0
0	0
1	8466
43	443
8	1810
0	8636
4	906
20	2
2	385
5	719
0	892
1	481
5	730
42	838
0	334
1	4
0	20
14	842
0	18
0	18
1	0
0	0
0	0
0	1
71	2438
2	2439
32	195
10	3
2	66
0	66
0	10
0	7
0	0
10	1258
37	1268
3	611
7	562
0	2
10	417
0	0
0	0
0	0
0	0
0	0
0	0
1	225
1	228
1	17
6	13
2	3
0	0
1526	1895
0	210
0	303
1	77
0	807
0	35
2	1553
0	145
3	88
1	2468
0	4483
0	1805
1	374
8	122
2	3750
0	335
0	328
66	749
10	724
0	444
1	33
0	321
0	0
0	0
0	0
1	1
0	1
74	708
3	793
560	1262
0	744
0	165
3	161
1	12
8	35
10	35
1	23
0	10
0	1
0	0
0	25
0	42
5	42
1	2
312	1
20029	1976
39	1957
10	198
46	483
5	138
2	2
1	2
0	0
16	5
11	16
0	0
239	4830
0	3376
5	739
0	2153
1	307
0	4136
0	0
26	583
0	106
0	2
0	32
0	583
17	30
256	30
0	0
0	0
609	0
5	1454
0	1002
6	122
0	95
2	21
0	87
5	367
0	326
0	18
7	206
1	185
0	35
1	0
0	18
0	1464
61	986
0	3
8	7
1	979
2	515
0	603
297	1318
1	1228
12	620
0	528
0	175
5	198
5	296
2	44
1	206
0	16
3	17
1	15
0	0
0	4
0	0
32	42
0	95
3	114
4	37
5	1
101	3965
0	557
0	3965
2	21
8	5
0	5
320	1877
0	1515
0	960
9	0
15	0
10	0
1	733
0	0
0	0
251	503
5	496
0	404
0	75
0	11
0	0
3	1
0	98
0	82
0	46
0	43
2	2154
28	31
5	162
442	2504
1	273
0	1
0	1
44	239
14	9
234	248
2	0
0	0
160	634
149	292
0	562
0	54
6	2
0	1
4	0
0	1
0	0
0	0
0	0
7	1875
21	1863
17	1730
2	8
0	8
380	175
2	175
10812	158
66	149
376	60
0	31
0	42
0	1665
42	2010
24	323
3	138
0	1700
1	1714
0	8
2	10
0	1510
948	1077
2	231
6	1076
0	20
0	16
3	20
0	7
0	8
2	6
0	6
0	0
0	16
931	44
5	11
2	43
16	1103
0	4440
8	4439
181	4470
3	321
3	501
26	0
3	437
1	439
0	33
1	130
1	56
8	40
0	176
13	191
1017	152
10	2
5	95
42	97
0	0
2	0
766	0
627	166
3	152
9	33
5	952
8	544
0	553
1	234
0	44
1	93
0	895
29	843
38	885
2	137
3	42
8	386
15	0
5	386
6	373
0	384
3	4
0	4
0	1
0	2
0	0
0	0
0	2
0	2
0	2
35	641
3	632
13	370
3	16
2	18
3	17
0	10
3605	1364
257	1348
1	110
21	125
7	74
793	228
0	43
2	30
0	32
12	180
347	403
0	298
6	5
0	4
4	2
0	0
0	0
0	0
0	0
0	0
0	0
0	0
0	0
0	0
5	86
0	64
2	35
0	28
10	647
20	674
41	639
12	155
5	5
2	0
0	1
309	48
0	48
0	0
0	0
302	1
768	0
0	704
25	552
0	166
6	286
13	146
21	98
21	70
37	423
1	334
5	204
78	1161
0	1105
7	331
7	32
4	72
0	73
0	46
30	49
0	0
5	0
0	0
0	0
0	0
259	179
2	175
0	64
17	134
4	47
0	2
0	0
7	877
28	988
0	924
0	113
1	320
0	11
0	41
0	1039
0	987
103	2012
56	2029
5	137
30	1961
0	2039
0	1854
0	1884
0	1860
0	1985
0	1885
0	1934
0	1882
0	2030
0	2099
0	1886
0	1951
0	1885
0	1936
0	1979
0	2003
0	31
6	129
5	31
5	0
148	107
0	2010
531	1613
2	1562
0	1632
0	2
1	113
0	113
0	0
10	36
0	0
0	0
0	4
1	3
0	0
3	7
0	8
0	2
65	0
2	1131
1	38
0	114
0	967
0	1042
1	93
0	32
2	114
1	68
4	17
681	706
20	343
1	369
0	285
1	157
0	61
171	95
0	95
8	5
22	320
0	150
0	268
0	28
14	124
3	1
0	320
10	2
0	2
0	0
61	16
1	16
0	0
0	0
0	0
0	0
0	0
0	0
0	0
8	15
0	151
0	52
0	0
0	3
0	12
0	132
409	242
19	81
4	9
0	272
7	0
0	17
204	731
0	89
2	425
0	81
0	300
7	266
0	20
0	1
0	0
0	1
4	20
0	22
0	19
5	24
15	103
0	1
0	41
0	145
0	104
0	41
0	1
0	145
9	2009
0	4231
14	1701
8	395
3	1816
5	3685
0	314
0	3779
10	0
2	223
65	0
11	37
0	551
0	25
0	1
2	0
1	73
3	35
14	20
10	6
0	20
0	27
5	26
0	13
0	553
0	0
18	257
16	257
0	7
0	0
0	0
0	0
1675	499
3	316
10	191
4	27
105	414
174	417
0	35
0	0
0	967
1	10
14	196
1	498
0	84
0	832
0	63
3	4
0	94
0	18
12	256
8	269
23	78
18	1
37	158
58	148
4	15
0	8
76	339
9	0
2	97
6	39
0	58
3	39
3	204
0	222
0	175
11	15
0	1
0	226
0	6
1	29
1	0
0	14
0	0
0	11
255	847
4	830
8	44
1	59
0	209
3	111
0	85
0	15
13	17
0	19
0	19
0	1
0	0
0	3
0	0
0	1
0	0
0	2
0	5
0	42
0	0
0	44
3	17
0	43
0	2
0	6
62	2
2	2
14	0
1	0
0	0
6	122
4	122
12	20
5	1
4	211
7	211
2	20
2	15
7	0
7	15
1273	106
71	42
8	28
7	47
0	714
23	2074
0	1932
0	1716
12	1812
13	1963
0	1729
0	141
1	290
0	79
0	53
39	84
15	106
5	0
4	2
47	680
0	0
2	373
5	465
0	318
0	43
0	2
0	0
352	254
0	162
0	90
0	3
2	0
577	4601
2	3827
32	3495
0	3827
54	4574
0	4
10	3089
31	3103
0	2933
28	3116
0	0
1	0
1	0
0	0
0	0
5	537
12	606
2	40
0	26
1	9
0	21
0	195
84	2266
8	1919
3	1811
0	1517
0	12
2	175
0	108
1	0
9	14
0	7
2	58
43	11
8	2
0	190
1	76
0	4
0	2202
840	2
333	28
0	15
0	13
59	106
0	0
0	106
14	4
2	256
0	0
0	8
0	255
3	172
1	199
0	0
6	4
7	0
0	25
0	0
0	0
0	0
0	0
0	0
2	1724
0	1854
0	65
2	0
26	11
144	182
0	1504
99	1713
21	545
0	27
0	30
5	30
1	18
0	1
4	0
1	4
3	0
0	0
0	0
53	51
3	51
0	13
245	79
0	79
5	6
0	8
23	1836
2	372
93	1997
1	10
1	51
1041	128
0	127
7	326
447	718
2	127
0	18
0	373
0	136
13	139
0	0
0	0
0	0
0	0
0	0
0	0
0	0
0	0
844	101
0	33
121	0
96	491
1	525
0	288
2	411
2	337
0	14
1	0
7	52
2	56
0	55
3	54
0	42
0	4
0	1
0	1
4	0
93	0
4	0
0	0
0	3
0	13
1	11
0	4
0	9
4	24
1083	795
4	779
3	15
7	13
0	1
0	1
4	2251
18	584
0	2251
0	130
1	163
8	150
74	0
3	101
131	189
2	81
1	129
5	0
0	29
0	0
1	6
2529	40
0	37
1	7
0	1
3	1
0	1
3	0
0	6
0	4
1	6
0	2
1	1
309	0
31	809
61	2068
0	2065
206	2050
80	1105
0	587
6	397
4	19
21	35
0	23
15	2
0	0
0	0
281	8
73	142
0	0
0	759
0	2091
0	2202
0	2111
5	2224
0	1753
0	49
3	42
0	292
9	27
5	1
0	0
0	0
0	0
0	0
0	0
0	0
0	21
0	9
14	21
0	0
0	0
317	0
0	0
0	0
0	0
0	0
0	0
0	5079
13	5079
77	5079
115	1984
1	0
1	2
0	3
0	0
29	341
22	342
0	295
4	0
0	68
0	1
0	1
0	281
22	277
0	33
0	31
0	0
0	0
0	0
0	0
1557	648
6	450
1	201
1	322
2	48
0	45
24	12
0	7
0	8
0	8
14	205
15	1278
0	350
0	192
2	1204
0	1238
1	104
3	143
4	103
8	47
2316	0
0	0
0	0
1	0
6	8
0	0
0	0
0	2
0	0
0	1
29	1
0	0
0	0
23	146
0	123
9	143
0	2
13	103
0	104
0	94
0	0
3	95
0	67
4	0
1	7
0	7
6	4
1	2
0	1
163	212
1	212
25	96
0	0
0	268
0	16
2	251
1	232
0	218
0	161
5	48
1	180
7	230
3	201
2	40
0	35
1	23
23	10
0	43
24	39
0	41
0	64
3	25
48	446
1	0
4	27
0	446
2	4
0	2
2	0
3	49
0	77
57	104
2	25
0	102
3	297
0	258
1	275
7	60
8	0
0	1
0	26
3	4
0	15
0	1065
103	1063
0	102
1	532
17	134
59	1017
1	221
33	0
1	127
4	151
0	32
20	187
0	469
0	86
11	282
16	258
0	160
0	242
0	110
2	64
0	460
20	1044
354	1232
0	218
8	7
0	23
0	57
1	2
0	93
4876	17274
17	15689
81	16776
0	4535
0	2564
4	256
2	0
0	104
13	1
10	0
0	0
0	0
0	0
592	168
3	72
11	96
128	0
14	923
24	913
2	55
3	12
5	943
0	0
0	0
0	0
0	0
0	0
0	0
275	7
0	0
0	0
0	0
0	0
0	0
0	0
0	0
0	0
0	0
0	0
0	0
45	366
78	1792
0	575
205	1806
19	83
420	33
102	523
1	523
0	3
0	3
0	0
0	0
0	3
0	0
0	3
0	1
155	825
2	699
36	411
22	396
0	204
0	41
0	9
0	0
0	0
36	0
1	1107
0	20
0	146
0	617
0	20
22	515
3	166
0	231
0	231
0	304
0	279
0	979
21	39
4	0
0	0
0	0
14	64
20	472
2	437
0	489
0	21
0	1
0	6841
517	7212
175	6850
0	3703
0	0
0	0
0	0
16	126
8	127
67	130
0	123
3	3
0	114
1156	0
1	2
0	2
0	0
0	2
5	0
309	2083
0	2083
3	81
0	0
0	0
27	47
1	44
1	8
1	5
2	447
5	376
0	364
0	364
0	380
0	364
0	364
0	306
0	306
0	393
0	377
0	380
0	286
3	268
7	258
0	344
0	29
0	340
0	390
0	341
0	85
0	37
0	53
0	242
0	95
0	27
0	70
17	23
3	0
42	372
24	339
15	171
101	236
0	153
297	1866
1	1867
1	73
428	127
0	47
0	80
2	5
0	5
2	0
2	0
22	703
0	0
18	237
0	5
31	750
2	3
0	43
2	12
10	57
56	376
75	203
0	0
0	107
0	103
0	183
553	236
0	72
3	235
0	13
608	145
6	148
1	44
0	0
0	902
6	1073
0	2
1	17
0	4
2	354
0	280
6	63
508	586
54	585
2	0
0	0
0	0
2155	165
10	162
5	30
214	36
4	36
453	4605
0	4598
27	419
0	179
12	147
39	119
2	772
403	841
9	126
4	65
0	0
2	1204
133	1190
1	16
7	190
14	1072
0	0
4	112
42	486
0	2
0	151
0	7
0	354
3	88
0	7
0	7
0	20
0	1
0	1
0	33
7	328
0	10
0	0
0	0
0	0
0	0
83	121
4	11
0	8
3	4
2	60
1	108
3	25
0	17
0	2
16	2
0	6
19	4
0	7
0	5
0	7
0	7
2	2
223	3455
204	3131
7	427
0	3297
3	1178
5	74
0	1
0	0
0	0
0	0
242	2261
880	2261
0	269
43	412
67	413
2549	406
2	0
1013	704
0	703
0	0
1	75
6	43
6	0
33	1098
0	898
0	520
0	972
12	485
1	566
0	1146
0	506
0	644
0	538
0	1033
0	958
9	1076
1	2
1	458
3	766
0	900
0	337
0	2
0	4
0	22
94	156
6	40
2	110
4	73
293	0
17	811
3	805
1	808
42	123
0	811
0	8
1	10
0	11
0	8
0	1
0	7
0	8
1	565
3	342
0	0
650	751
1	381
22	149
4	515
14	7
0	15
2	0
0	15
19	143
0	112
1	130
1	0
12	52
0	8
7	17
2	10
0	4
0	4
60	900
0	783
1	19
28	114
2	24
0	16
0	11
0	12
6	1
0	0
1	168
0	53
0	980
0	219
0	583
0	124
0	508
0	7
0	216
6	13
0	322
0	150
0	21
0	194
6	889
8	181
8	701
0	639
0	117
0	171
0	76
0	21
10	70
2	65
10	31
0	168
0	15
0	785
2	14
0	375
0	337
0	9
1	268
1	166
1	0
135	12
0	12
1	0
1437	1
0	2
51	200
0	844
0	848
5	155
0	286
0	245
1	27
0	586
0	790
0	1160
72	1119
2	28
0	730
0	0
0	0
0	0
0	0
3	1
258	8841
579	8583
0	8414
0	207
16	0
0	0
0	0
0	0
0	0
0	0
0	0
0	0
160	132
1	101
0	0
0	32
0	3
0	1
0	1
0	1
16	1350
60	1360
11	1358
7	11
2	31
2	13
2	249
5	149
2	1346
2	0
0	0
0	0
0	0
0	0
0	0
2	7214
20	5275
19	7578
1	665
0	177
3	220
2	195
0	195
0	4
0	498
229	94
0	90
0	37
0	4
0	0
0	0
0	0
0	4
1	4
0	4
0	4
0	4
0	4
0	5
0	5
0	4
0	2
1	0
0	1
0	1
0	0
0	1
0	1
160	841
59	845
0	15
3	9
37	29
0	83
0	21
34	2
0	1
5	96
192	134
0	72
0	91
0	110
0	153
7	186
0	97
1	207
86	1482
15	475
5	1488
0	310
0	122
0	411
0	1397
0	1488
0	1580
0	1537
0	38
0	274
1	37
0	11
0	6
0	27
59	1349
2	322
4	1287
0	261
0	0
0	0
0	0
749	106
4	96
0	3
0	2
0	0
0	2
188	91
0	91
0	9
0	9
0	9
23	8
0	3
0	0
0	0
0	0
0	0
0	3691
1157	3854
0	99
0	157
11	2572
0	2889
0	2791
7	0
0	2351
0	2351
0	2092
0	2253
0	1994
0	650
0	0
1	21
12	477
164	398
0	0
0	0
0	0
0	0
0	0
0	0
0	0
0	0
0	0
0	0
0	1237
0	1267
0	307
0	7
182	262
0	183
0	17
0	27
0	70
9	60
0	1
40	1309
7	1269
4	1265
10	709
15	95
1	8
0	7
1	9
5	9
0	2
1	2
0	2
1	0
0	2
154	2405
0	19
2	241
0	6
0	2405
2606	2874
22	2489
3	2657
1	112
0	242
1	7
352	60
0	59
0	0
1	0
0	0
0	0
0	0
0	0
6	0
0	0
599	1094
111	1193
0	428
21	1
1820	2
12	1881
0	1924
23	1261
53	544
0	1226
83	1102
1	756
9	28
0	253
244	290
1	143
0	11
25	7
0	0
253	57
16	2
1	55
1354	2
0	0
0	0
0	0
0	0
0	0
0	0
0	0
0	0
0	0
151	34
2	0
0	26
0	5
0	1
0	1
0	1
0	22
0	21
0	0
1	21
0	0
0	0
0	0
0	455
0	23
1	29
0	0
1	8
0	15
5	21
0	5
0	0
30	830
3973	1776
2	750
0	57
0	159
0	240
0	19
0	18
0	18
0	2
0	0
0	30
0	31
0	1
0	1
0	80
1	12
176	3461
0	3451
0	1551
308	746
8	727
1	0
3	1
0	96
637	23
0	23
21	5
0	0
1157	10
13	150
8	46
5	2
84	1438
62	1438
3	1321
15	2181
68	2202
355	1635
3	1476
4	255
3	186
6	124
0	214
0	0
0	185
206	1217
24	1215
3464	2
3	3
0	587
19	201
0	675
406	676
2169	2
80	734
1701	1791
14	1788
1	129
8	144
11	2
6	79
1	1
0	92
0	0
1	0
0	5
0	1
0	0
0	5
35	221
1	288
2	385
0	314
0	6
4	0
0	0
2755	1162
10	144
0	0
97	1015
1	702
0	956
140	959
8	0
0	0
0	0
0	0
0	0
279	0
3	2
0	0
0	0
0	0
0	0
0	2
0	0
1	223
0	26
5	221
0	223
0	0
869	421
105	64
9	294
0	124
1	1
0	62
4	23
0	1
0	0
0	0
13	1
0	1178
7	7
0	7
0	7
0	1
0	0
23	212
3	205
0	33
320	326
4	168
0	117
12	0
1	0
1	53
1	92
183	960
0	856
2	409
3	117
0	174
635	299
0	14
0	143
0	267
1	159
3	9
2	72
71	72
2	10
0	0
0	0
0	0
0	0
0	0
471	426
0	49
0	0
4	0
0	82
0	196
0	196
0	0
217	655
0	466
22	743
3	546
0	431
1	72
0	167
0	87
0	129
0	83
0	92
2	54
0	30
0	29
0	0
0	0
0	0
53	1971
52	3355
0	271
0	1276
0	3143
0	3350
0	0
0	0
0	2
0	0
0	0
0	0
0	0
0	0
0	0
0	3590
6	1633
0	3590
0	0
0	0
1465	1721
4	0
98	1830
210	1826
14	0
4	0
0	0
0	0
0	0
0	0
0	0
0	0
0	421
170	558
0	3
0	35
1	47
0	44
0	0
0	153
0	8
0	15
1	138
174	1482
7	1124
1	1432
1	4
3	22
1	82
1	10
0	16
3	175
5	42
198	141
1	1
2	141
0	35
0	57
134	57
0	20
4	23
0	10
7	430
21	61
0	92
65	449
302	48
2	47
2	32
21	339
7	75
1120	333
19	878
0	0
0	0
0	864
0	0
1	248
0	3
0	0
0	0
2	449
2	881
0	0
0	0
0	0
0	0
0	0
0	0
0	0
0	0
0	0
0	0
0	0
737	664
19	4
39	581
10	0
4	4
0	154
0	81
6	576
1	439
3	574
15	1369
21	1383
15	1599
0	1557
0	0
0	0
3	17
0	13
0	7
94	26
0	24
4	1
8	47
3	158
47	669
0	102
20	68
3	627
27	69
4	6
0	10
2	126
0	2
622	138
7	136
5	87
2	87
144	12
30	236
373	137
0	67
1	69
0	132
6	28
0	3
1	2
0	0
0	0
0	0
0	0
0	0
4	0
0	0
0	5
0	1
0	2
0	3
0	0
0	0
0	0
0	0
0	0
568	3978
47	0
120	3658
8	929
0	1108
0	0
0	0
0	0
78	121
0	5
0	0
1	103
1	10
0	14
75	453
0	269
5	229
0	1
1	0
4	28
1	2
1	22
0	0
2	2
0	22
3	0
1	2
0	8
0	2
6	53
0	35
0	5
0	0
3136	612
10	157
1963	237
10	45
57	223
1	12
3	2
1	2
2	3
0	3
0	0
10	181
55	1010
12	19
0	4
0	2
6	566
0	99
55	2066
0	95
4	9
0	4
2	81
25	1920
0	152
4	111
2	28
0	104
0	117
1	215
2	81
2	85
8	31
0	20
0	23
0	19
0	0
0	0
0	14
0	0
0	1
0	1
0	4
0	1
0	0
0	20
0	0
0	0
0	0
0	1
0	0
0	1
2	0
0	1
0	1
131	356
1	356
0	2
0	0
0	0
211	20
0	19
0	0
79	2892
0	0
0	456
20	2035
0	2051
0	1814
0	2205
12	2195
0	37
0	0
0	0
17	96
0	54
0	160
18	0
20	37
3	16
0	3143
0	0
1	282
55	4
21	2760
8180	11366
622	10168
9	933
9	276
268	7914
11	54
1	53
0	3
0	0
0	0
0	3
20	33
0	279
110	293
0	11
0	159
0	159
0	6
0	89
0	4
2	0
0	3
1	36
0	59
0	17
0	152
607	2078
285	2192
124	2191
101	2138
3	0
0	0
8	0
3	0
0	0
775	2842
84	2849
26	2849
27	2782
58	2849
0	1760
0	0
2	2
0	2
0	2
0	0
0	0
0	0
5	184
0	197
0	165
771	1135
0	2184
15	2239
22	1702
8	1790
92	1816
3	469
1	2261
2	0
0	2
0	2
0	0
0	0
0	0
298	73
0	72
0	0
0	0
362	371
6	164
11	207
0	1446
0	481
12	54
0	21
1	1480
0	25
0	0
69	126
18	270
6	168
3	146
0	35
5	35
30	0
2064	7255
6	3800
0	4461
40	1316
1	255
0	0
7	308
6	11
1	119
0	282
1	203
2	73
0	46
0	13
0	32
0	9
0	0
0	0
96	12
4	12
11	2
0	2
17	15
0	0
0	0
0	0
1	2
1	0
0	0
9	13
201	152
4	152
4	1
0	22
0	0
0	0
0	0
0	0
0	0
1	1093
0	199
0	1093
809	444
4	316
1	423
4	204
0	0
2	25
0	4
0	4
0	2
0	425
3	2
0	31
0	28
21	39
0	12
0	19
0	34
5	27
0	41
376	1731
0	1471
0	332
0	264
0	300
1	304
0	79
0	55
1	0
0	3
17	3
253	3436
1	2452
0	3275
161	1329
3	120
5	19
1	34
185	1175
0	322
0	453
0	338
1	2
169	8919
38	6778
0	0
0	2
32	7027
0	7277
1	2124
6	0
0	0
0	8864
3	585
2	576
1	31
6	179
0	33
7	54
2	31
1	209
0	175
6	38
0	4
8	12
0	266
0	2
0	39
0	569
31	219
2	185
5	215
0	25
0	15
0	220
1	0
0	0
0	0
3	0
0	3
12	293
3	23
0	2
0	4
0	5
0	0
0	0
0	0
0	0
325	248
13	31
3	175
0	61
0	5
9	125
0	114
4	125
0	114
10	88
0	433
12	391
0	0
0	0
686	1244
6	1075
4	1071
78	1079
22	4
0	53
1	0
0	0
10	0
0	0
41	209
1	65
6	30
0	0
0	23
0	186
1344	1
1	1
0	0
0	90
4	93
0	28
5	6
4	103
13	484
47	1207
0	509
0	9
0	1052
10	1011
619	511
8	117
0	68
0	29
0	19
19	139
0	72
0	1211
0	0
744	0
10	0
0	0
8	104
0	5
1	104
128	0
45	560
6	560
375	0
6	0
459	924
1	764
0	868
45	968
0	141
4	0
1	144
15	1
3	2
0	0
1	17
3	2
1459	3791
0	4044
12	3139
0	3725
4	104
4	505
0	116
2	530
5	2
38	512
0	50
34	520
1	495
0	0
1450	212
0	119
1	93
0	15
440	2
10	0
419	946
20	953
0	178
0	243
24	208
1	313
2	0
0	5
0	754
889	882
0	281
0	0
0	0
3	18
1	4
0	0
0	17
4	1006
7	49
3	15
0	5
6	3
0	0
288	1004
4	132
172	379
1	0
0	0
406	379
20	803
7	504
5	705
1	4
7	242
4	513
2	459
0	124
0	277
0	303
0	303
0	43
8	3
0	0
0	1
1591	0
385	101
0	48
169	499
13	499
0	1
0	1
0	1
0	1
1288	159
0	159
0	0
47	3
0	1
0	3
426	201
32	185
3	13
0	0
9	182
0	0
0	0
116	0
0	0
15	548
4	243
0	390
5	261
0	78
0	61
25	160
10	908
18	268
1	415
2	838
0	0
0	0
0	0
484	431
6	431
12	415
0	49
0	1
0	2
0	0
0	0
1	1
0	1
0	2
733	78
1	78
95	9
0	9
927	2571
1	328
1	2383
1	178
4	0
0	25
14	553
0	428
6	142
13	0
0	0
0	0
0	0
0	0
0	0
0	0
0	0
0	0
0	0
0	0
0	8
0	5
0	6
0	7
0	5
0	6
0	0
0	0
0	2
0	1
0	1
0	1
0	1
789	2982
20	23
13	647
0	2144
68	2406
0	280
0	0
0	2146
15	371
3	45
7	2364
103	0
0	0
0	0
2154	1
477	519
5	519
0	16
0	0
0	15
0	15
10	182
3	182
14	99
1	1084
124	1084
2	266
0	414
1	177
0	20
0	0
7	0
35	505
3	188
11	494
0	84
0	0
16	54
0	56
2	1
0	0
0	0
0	0
4	0
1	27
0	27
0	27
0	27
0	0
0	0
0	0
0	0
7	264
34	3020
141	3020
2	265
0	127
33	12
0	933
0	1000
11	301
40	320
21	0
17	201
24	205
0	141
2	59
0	2
0	217
0	220
33	0
3	3
0	3
3	3
0	0
8	129
6	112
0	133
0	123
0	67
0	114
0	8
0	5
0	14
0	10
0	0
0	2
2	2
0	1
0	131
0	129
0	129
1	1363
0	382
0	261
8	1277
6	811
0	110
1	16
7170	11
1911	5173
0	4610
146	3946
83	4389
21	4801
26	4767
10	4736
5	4790
27	379
0	121
4	386
0	132
0	134
0	4400
0	0
0	0
0	0
0	0
0	0
1	0
124	542
35	482
4	63
0	31
8	0
5	8
524	1686
2	1685
5	284
15	264
743	78
1	77
16	1
2	59
40	356
6	116
1	35
0	87
0	76
0	340
0	6
0	10
0	7
0	46
0	109
9	0
11	0
0	0
0	2
2	2
1	0
86	347
4	75
23	171
0	19
0	126
2	1
0	4
0	129
0	51
0	0
0	0
1	0
5	0
13	452
6	102
24	302
5	307
0	0
0	0
1	8
0	9
0	10
0	10
2	295
2	4902
36	4178
0	299
22	231
1	6
3	915
17	41
1	121
0	147
5	130
0	166
4	0
0	0
53	4507
0	0
0	0
0	0
28	6713
62	6326
161	3644
9	1782
0	3609
17	3618
0	1090
31	630
0	0
7	2
0	0
497	219
3	0
0	219
7	151
4	126
0	0
0	118
0	93
0	20
0	114
0	88
56	115
22	90
0	7
3	4
3	4
2	44
0	32
0	0
1	16
3	22
0	24
10	0
0	0
11	28
1	8
2	3
5	191
0	785
18	36
0	700
0	708
184	1917
231	1839
7	1462
27	359
3	107
0	1107
23	1165
0	982
5	623
10	33
0	88
110	29
18	23
0	1285
2931	1737
1	1083
4	390
7	167
32	246
12	339
0	354
0	780
25	782
7	20
37	2
1	2
0	1
2	2
0	1
0	2
0	0
0	1
10	79
2	1
2	78
0	0
0	0
266	567
0	161
0	569
0	8
5	0
2	10
0	8
2	8
0	10
0	0
0	0
0	0
133	2
73	1740
0	1186
8	1156
0	2
4	35
34	36
176	538
7	517
0	26
0	19
301	26
8	26
1	46
0	12
1	1
0	43
7	123
0	190
3	188
1	208
2	278
9	252
25	0
0	251
0	0
0	2
1	0
482	0
359	3
0	2
317	4077
0	4291
18	4101
116	358
51	140
1	84
0	13
0	13
148	1144
3	811
0	99
2	18
0	310
0	0
0	0
184	0
1050	589
0	54
0	54
3	561
0	121
0	0
0	8
0	0
0	0
3	2127
11	658
181	10943
0	70
1	5666
0	8261
19	4
1	5050
2	5590
12	5494
2	8267
0	7582
0	204
7	166
0	2186
11	1514
30	0
68	0
1735	1
162	207
0	53
1	65
15	155
0	122
1	108
7	0
0	336
30	370
0	52
0	1
32	2317
1	177
98	2359
18	1168
97	497
0	493
1	466
0	0
262	94
4	156
47	155
11	402
0	38
0	0
0	169
4	37
4	114
0	184
1	360
11	51
1	68
0	67
0	121
0	0
3	9
14	8
15	1
21	35
1	65
83	327
0	1
0	115
12	280
1	39
1	146
0	251
3	68
1	68
29	4
263	105
0	36
3	45
2	36
0	79
1	15
1	1
2	135
0	106
8	0
1	0
28	609
4	441
70	495
42	327
0	229
1	58
16	53
0	12
18	2
74	619
6	419
1	10
4	65
6	12
1	306
31	4
0	0
3	44
13	76
2	4150
6	500
37	7671
11	67
6	5386
1	135
4	6325
7	1827
0	397
0	0
0	0
434	3001
1	2603
0	323
1	329
1	450
1	11
2	170
3	22
1	232
9	79
1	386
1	0
1	0
0	0
3	0
1	0
0	0
0	0
1	0
0	336
7	1013
2	1160
19	1168
0	94
1	37
7	48
0	52
0	0
14	120
14	120
36	325
0	1
3	0
8	43
0	74
0	325
89	1376
7	1269
20	233
3	57
10	0
0	0
8	250
0	0
0	73
0	78
25	455
0	1
0	148
0	15
18	7
0	427
10	40
0	35
0	4
3	2
1	0
2342	2
2	1
1538	1605
0	1602
12	49
4	8
0	0
3	5
519	0
188	887
50	627
7	475
3	451
0	96
414	52
3	28
1	28
36	0
0	0
0	0
0	0
0	0
0	0
0	0
0	4
0	4
0	4
0	0
0	2
15	9
1	5
2	0
0	0
3	0
838	211
0	211
1	66
0	56
0	4
0	0
0	1
1	82
0	106
0	88
0	1
1	2
1	69
0	9
0	0
0	0
0	0
0	0
0	0
0	0
0	0
0	0
0	0
0	0
17	1802
0	1853
25	2200
0	2146
5	16
12	0
9	1858
84	890
0	1935
7	1889
2	5
2	361
0	1309
3	2
0	58
1	340
0	0
3	0
3	162
2	159
0	72
4	16
5	10
1	9
5	33
0	27
0	33
1311	0
0	0
8	0
288	938
14	823
1	576
0	166
0	22
0	0
347	50
0	39
1	11
5	38
3	38
247	30
0	0
0	1
0	9
0	21
1	1
0	0
0	0
2	0
54	461
0	367
3	2
0	412
1362	0
0	1
0	1
0	0
0	0
0	0
0	1
103	7322
0	2515
7	3686
3	5329
36	3319
0	853
14	1363
126	1384
566	1369
19	1368
5	96
167	37
0	37
0	0
4	0
239	51
10	51
6	18
6	16
11	0
0	391
175	422
0	360
0	6
0	0
0	0
2	6
0	1
3	401
197	316
3	316
2	27
0	68
0	1
0	0
217	2103
20	508
17	1401
1	846
2	176
0	892
9	949
0	41
307	712
0	137
5	343
1	710
0	558
0	98
2	126
0	0
0	0
0	0
0	0
0	0
0	0
0	0
6	1067
66	1067
287	418
2	418
1	0
0	54
1	173
1	2
20	355
21	355
5	33
6	139
0	315
0	24
27	25729
339	18307
260	566
7	209
15	4234
31	207
6	17766
0	25529
344	941
0	537
0	451
8	134
4	550
7	865
0	185
0	188
0	168
2295	115
0	22
1	91
1	0
3	1
0	0
0	0
1	0
3	0
0	0
0	1021
0	1021
2	34
593	1019
36	77
0	77
71	1372
17	1337
0	73
0	797
0	146
130	953
0	2076
3	38
0	2170
0	2054
0	0
0	0
0	0
0	5
17	52
0	7
0	5
0	6
0	49
0	0
0	2
2	0
0	0
83	5
38	32
50	32
2	39
108	39
172	32
0	32
38	5
0	0
0	0
14	1075
0	1196
0	1080
56	1021
0	1079
1	1082
0	692
0	34
0	166
6	115
2	1
0	33
14	50
44	0
0	51
0	207
169	365
10	13
114	158
0	0
0	0
0	0
0	0
0	0
0	0
0	0
0	0
0	0
0	5139
0	2714
48	79
6	2111
12	1150
0	99
6	5140
266	122
107	121
9	534
0	534
11	307
0	552
44	548
0	5
0	5
0	5
0	5
0	5
0	0
0	0
0	0
0	0
0	0
0	3
25	12
3	2
1	2
39	2
0	3
0	1
0	1
672	939
0	0
0	380
15	559
1	266
33	282
7	88
1	61
4	15
0	301
0	0
0	0
0	0
0	0
0	0
0	0
0	0
0	0
0	0
0	0
11	4
0	0
0	4
0	0
14	1
29	60
0	58
0	58
0	3
17	13
3	9
0	4
1	0
0	11
0	10
2	11
2	0
2559	433
0	2
1	430
0	237
112	1802
0	1874
0	271
11	350
0	278
265	1932
29	1463
0	1197
0	554
5	1085
9	0
7	2
0	2
0	0
0	0
14	1077
4	1039
6	10
5	46
5	71
0	362
8	9
0	522
9	65
3	103
29	194
0	0
3	38
0	1080
0	63
3	12
0	12
0	0
0	0
0	0
0	0
5	0
0	69
247	143
9	44
0	125
3	84
0	78
0	87
0	1
0	8
1482	4130
5	2393
0	3824
3	1132
37	51
15	604
46	853
12	1
204	274
0	0
53318	8387
0	8280
1	5983
0	6039
1	0
21	0
6	1
0	0
0	0
12	746
0	1140
0	903
0	2
558	90
2	730
16	726
0	83
0	4
0	0
17	10
0	10
0	0
2	743
31	5788
0	4737
20	502
0	5788
0	0
0	0
0	0
258	158
2	158
0	0
0	0
0	0
0	0
0	1
1	1
65	0
0	0
0	2
0	2
0	0
5	335
17	335
8	25
0	18
0	1
1728	0
1	1
0	1
0	0
0	0
0	0
0	0
0	0
0	0
0	0
0	0
0	0
0	0
15	244
9	230
448	997
2	0
42	770
795	423
0	2
0	6
0	1
1058	1210
0	47
115	1072
11	145
20	514
24	93
1	282
397	1342
12	652
2	191
44	1012
1	809
0	92
0	106
0	260
0	312
1	2
6	100
1	263
4	7
1	0
0	0
109	13
0	13
508	5923
0	5922
2	92
12	92
0	18
5	18
352	1246
57	1168
167	1398
0	1371
141	773
0	1
0	0
0	0
0	712
160	78
3	78
1	0
4	2
0	2837
922	2886
4	96
3	86
23	100
0	7
1	45
0	104
2	0
0	1
0	13
117	665
0	344
0	445
0	519
6	5
7	4
4	102
0	0
6	471
0	63
1	14
0	490
0	1681
46	1681
23	12
0	12
1	582
73	711
7	0
0	711
1	0
244	0
0	0
0	0
0	0
1552	386
3	169
8	352
6	76
0	28
0	25
0	95
1968	1770
1	1
9	467
0	1365
438	11
0	11
0	0
139	42
0	0
0	18
0	0
0	42
0	6
0	2
0	3
0	2
2	9
2	808
0	256
0	225
0	11
0	298
0	325
0	323
0	330
0	293
0	314
0	326
0	312
0	308
0	758
0	302
0	286
0	330
0	281
0	316
0	281
0	1
0	1
1	15
4	0
4	0
40	0
0	140
8	0
3	2
0	2
14	2
14	140
71	776
5	669
0	197
2	16
0	233
0	0
6	65
12	3
10	156
10	27
2	42
9	51
59	1133
2	886
6	793
8	180
6	1224
0	1080
1	930
0	1203
0	224
0	72
1	41
0	165
0	241
0	293
195	676
32	677
65	371
19	402
0	681
6	5
0	5
10	1326
74	1356
4	1380
0	1376
3	504
23	128
0	219
48	380
1	62
58	833
24	11
10	335
0	0
0	21
0	21
0	23
2	27
0	25
0	27
0	24
18	534
6	534
14	130
2	0
7	168
0	4
0	4
9	4
0	2
1	0
0	1
0	1
0	0
0	0
2063	1
791	973
17	790
2	213
26	406
0	8
0	73
0	58
5	179
39	100
2	99
14	1
4	14
0	6
18	291
3	21
1	3631
0	22
27	21
3	183
0	394
2	2
5	13
7	10
0	7
1	0
0	0
0	0
0	0
8	3564
422	2248
23	2765
4	33
4	1
73	35
44	432
1	573
0	0
15	524
0	946
2	896
1	274
7	11
0	55
5117	6843
204	2633
7	0
36	2204
22	64
2	0
8	3519
33	3361
12	252
0	21
0	17
0	0
0	0
0	457
1	21
32	0
0	0
60	367
0	367
0	336
0	15
1	85
0	104
0	6
0	0
0	0
0	0
0	843
321	1159
0	492
44	519
2	235
0	19
33	153
0	3
1	1
31	160
0	0
0	6
0	0
1	6
0	0
0	0
0	567
31	168
0	485
32	756
22	632
1	282
0	15
0	124
18	155
1	2
1	6
0	194
0	14
0	0
0	0
0	0
0	0
742	193
27	192
2	8
0	35
0	0
0	0
0	0
0	0
0	0
0	0
0	0
0	0
0	0
0	0
301	2293
2	52
0	2293
0	0
0	0
0	0
0	0
571	1959
240	1959
0	0
0	17
0	4
0	2
0	5
0	0
0	17
0	15
0	2
0	431
0	125
2	483
3	143
21	508
0	117
0	104
7	456
0	493
0	0
0	468
25	622
36	622
8	15
0	23
804	0
0	0
0	0
0	0
0	0
0	0
0	0
0	0
0	57
0	172
2	170
0	0
0	105
2	129
0	0
0	29
0	32
0	4
407	194
6	730
373	247
1	225
0	218
0	39
0	44
0	43
155	234
0	208
32	1162
3	1270
2	232
0	510
2	30
0	124
0	1060
0	178
4	68
0	99
35	514
2080	17026
514	10780
0	7517
0	4339
0	2769
0	1060
2	1476
2	296
119	6148
19	168
0	304
0	85
77	625
0	124
1	85
0	0
0	22
0	290
0	201
0	313
381	466
0	168
0	144
0	127
0	33
0	96
0	0
11	410
130	410
0	0
388	70
12	44
116	68
1	68
1	413
49	1878
35	1363
2	458
1	1678
11	72
1059	403
49	324
136	325
1	226
0	2814
0	106
0	374
0	2306
0	2124
1	698
0	465
0	2558
22	0
32	463
3	75
0	128
3	8
0	490
0	4
0	4
0	0
1	0
18	647
2	595
10	661
0	454
27	528
10	529
1	3
8	6
8	66
4	11
1	26
0	10
0	537
0	5
5	3
0	5
0	4
0	0
0	0
0	0
0	0
0	0
0	0
0	0
0	0
273	575
99	220
0	278
0	196
1	129
0	54
0	80
304	169
2	95
1	316
0	112
0	1
0	0
0	1
2	0
0	307
0	0
0	0
1591	908
0	911
1	194
10	36
0	4
0	0
0	0
0	0
0	0
0	0
0	0
2088	138
7	138
34	3
1	8
0	0
0	0
288	73
1	49
2	10
1	17
3709	2485
38	2140
2	394
0	0
0	265
1	266
0	0
0	0
0	2
0	1
0	1
0	2
0	0
718	0
4	599
2936	1355
12	762
2	287
6	0
13	5027
0	2362
0	2776
2	486
0	5024
0	2359
0	0
120	947
5	607
16	59
2	367
6	2
3	53
5	7
0	871
0	891
14	679
0	646
2	382
106	292
13	312
0	44
1	40
265	273
0	6
6	242
5	294
10	283
0	94
0	82
20	215
58	155
6	149
2	56
12	94
1	53
31	3
1	0
2	24
0	237
0	227
0	246
0	277
0	78
1	5
2	18
9	5
11	26
8	57
0	1
286	12327
143	12497
2	8460
0	1141
0	213
1	213
0	1106
646	1413
1	1292
1	0
1	12
1	93
1	91
15	595
0	738
7	702
0	0
1	12
0	76
4	14
0	0
0	0
1	0
0	0
0	5
0	0
0	0
0	0
0	5
0	0
1	0
0	0
0	0
0	0
0	0
0	0
819	714
0	694
12	349
4	3
0	0
0	10
0	2
57	32
0	31
8	77
0	1
0	0
319	2548
6	765
7	1033
10	629
86	1777
0	0
0	0
0	1
0	1
0	1
0	1
0	1
0	1
0	0
0	1115
0	944
3	204
8	335
0	0
5	3852
8053	17344
0	15383
0	0
0	0
8	3
0	3
30	231
13	229
6	15
1	43
2	37
0	11
1	12
0	15
0	1
3	0
3	24
0	11
0	27
0	2
0	7
0	12
0	9
0	8
3	6
6	10
2	10
7	105
44	440
0	1
3	393
0	2
1	5591
164	5084
0	5181
0	4447
0	5601
0	5335
0	5200
0	5123
5	555
2	18
0	3030
3	1
0	346
0	8
2	510
8	974
1	0
0	127
0	180
4	294
0	254
14	35
0	267
0	242
0	166
5	0
0	5857
0	5379
11	201
337	247
69	191
0	199
7	21
3	21
0	0
0	0
383	440
1	436
0	49
0	131
0	204
0	156
0	123
17	75
0	60
0	16
0	373
3	163
0	373
0	1
33	1
52	1
2	1
3	0
0	0
328	1841
0	1419
0	1232
1	1229
3	3
10	0
0	8
1	0
2	5
0	3
0	6
0	3
0	5
3643	0
0	0
0	0
0	102
441	102
697	87
2	55
0	37
0	63
1639	0
0	0
0	12
0	0
0	10
0	12
0	4
0	9
0	7
1	0
0	0
1	0
0	557
1	557
2	557
27	576
0	21
0	4
5	20
1	0
1	0
100	656
1201	2458
0	2308
51	710
2	13
1	11
0	13
0	1
0	2
0	0
118	605
10	48
0	143
0	31
4	1
15	737
1	911
52	911
187	192
0	180
0	10
1	3
0	0
0	111
27	1085
0	906
0	380
1	122
0	122
1	22
0	95
72	304
5	331
0	0
0	0
0	0
0	0
0	0
0	0
0	0
0	0
443	316
2	314
0	8
0	0
51	920
38	918
0	13
0	80
1	1
0	0
11	724
167	12037
237	995
9	2991
0	39
2	26
7	8391
1	1806
2	4
2	67
4	1018
1	2
8	54
1	33
11	53
0	1
0	0
5	21
1494	1101
25	608
75	181
2	42
0	6
10	261
2	466
2	252
0	44
0	38
0	3
0	14
0	3
0	2
0	3
0	1
0	19
0	34
0	34
0	33
0	14
0	33
23	154
0	134
0	17
0	11
0	9
0	464
1	304
0	21
14	492
1	431
0	66
0	46
0	101
0	68
27	11
3	42
2	42
10	247
8	196
0	220
2	18
0	0
0	0
0	0
162	58
0	58
2	187
0	108
1	206
0	83
0	0
0	0
0	0
213	1181
15	1002
4	246
0	109
2	119
1	109
0	0
0	0
0	0
17	254
6	209
0	108
3	37
0	8
1	0
0	0
0	0
0	0
0	0
0	0
0	0
558	712
2	494
14	486
188	5157
0	1010
0	1812
0	5155
3	22
1	138
1948	651
19	140
1	408
3	641
7	157
200	0
0	0
0	0
0	0
0	0
0	0
0	0
0	0
0	0
0	537
2	548
2	430
11	3
0	0
1	2
0	29
2	3
0	36
0	3
0	106
0	67
1	496
13	496
0	515
0	446
2	383
2	43
0	19
0	17
0	0
0	0
0	0
95	39
0	1
1	37
0	0
0	0
0	0
0	0
0	1
0	1
0	0
120	868
14	188
3	92
1	196
36	141
0	2
4	2
13	2
0	2939
0	134
89	2919
0	1236
0	28
2	1232
0	1116
83	1144
0	142
0	34
2	2931
0	0
0	0
0	6
0	6
0	4269
0	4230
0	314
43	18
0	3823
0	3862
28	2218
0	99
0	57
0	69
844	905
0	845
6	906
0	880
0	68
0	51
1	176
0	0
0	0
0	0
12	91
0	82
0	21
0	1
3	3
0	2
5	1
0	11
7	0
0	0
0	0
0	0
0	31
38	62
0	31
0	7
3	3
1	34
11	33
0	42
0	38
0	3
0	4
0	2
0	1
7	342
72	341
6	210
1	342
0	1
0	1
0	1
0	1
0	1
0	0
0	0
0	0
0	0
0	0
0	0
0	0
0	0
0	0
0	0
0	1046
0	0
0	0
0	0
0	0
0	0
0	0
5	681
5	600
2	358
2	153
0	618
0	1
0	5
0	1
0	34
1	306
0	2279
1	50
8	2279
0	418
1	465
0	42
1	51
0	106
0	11
5	0
1	406
6	0
12	5549
17	6394
8	6364
37	684
6	4
10	1
0	266
13	1132
20	1197
30	1197
32	165
8	33
0	247
4	301
17	276
0	0
0	0
2	0
0	0
502	2193
3	102
39	809
0	473
45	0
0	0
143	579
1	4
6536	420
4	257
15	225
0	18
3	0
350	1581
40	1509
0	0
0	108
4	91
10	1
1	137
26	4
2	4
0	4
0	2
2	773
0	149
60	672
38	86
4	21
0	873
0	506
35	663
30	508
11	113
4	50
12	17
14	615
7	598
0	120
334	3422
492	2525
0	12
93	1958
2	239
1	94
4	275
6	144
0	8
0	2
133	40
0	39
0	3
195	4202
0	0
0	0
8551	2528
2	2525
0	3
3	3
0	0
9	1161
10	819
0	187
0	187
0	512
15	872
0	335
0	659
1	3
0	529
0	93
0	21
501	612
8	576
2	555
0	590
8	0
5	55
6	149
0	1
0	1
43	45
2	26
2	45
121	3083
0	1989
108	1421
138	0
0	2
0	2
0	0
0	0
0	0
2	4
0	0
262	96
29	95
6	1
712	2978
13	2978
0	154
0	1
59	1347
24	1347
2	247
0	181
24	10
51	17
0	95
57	101
1	38
38	28
0	3
1	1
9	641
226	1235
2	179
0	597
0	757
0	713
138	171
0	241
0	99
2	9
10	86
1	18
0	0
0	0
0	0
0	0
10	0
5	14
0	4
0	18
0	2
0	4
0	1
0	0
1	1
0	4
0	3
0	0
1	1
0	3
0	1
31	2408
14	2262
49	430
34	215
23	3
0	3
52	518
16	518
2	84
2	0
0	84
10	77
10	34
421	408
2	183
0	65
0	101
0	44
1	93
0	18
0	0
0	0
0	2
0	23
0	3
2	24
28	575
6	584
2	59
0	58
0	107
0	0
0	0
0	13
4	118
0	34
102	116
12	3
0	583
11	549
1	391
7	141
4	382
77	250
21	4
76	40
0	8
0	39
0	10
2	25
0	18
67	18
0	18
364	2539
911	3336
0	449
3	1196
0	0
0	1801
0	0
1	6
1	0
1	67
4	246
0	1032
0	0
0	0
16	606
0	433
22	615
4	280
1	0
0	89
0	20
1	90
0	0
0	0
142	859
6	693
4	161
4	296
2	1
0	1
0	1
0	0
0	0
4	3218
18	626
9	2955
26	638
1362	163
56	163
0	4
0	3
0	0
0	0
0	0
0	4
21	376
72	371
12	353
1	278
0	229
14	228
0	5
0	375
61	8
8	0
0	7
2	2
0	0
5	98
0	2
0	98
0	0
49	40
1	9
0	31
0	0
5	0
0	49
0	37
1	0
0	43
0	13
1	662
67	122
0	0
0	0
5	672
0	542
1	520
0	176
0	184
0	521
0	124
1	138
0	73
0	0
0	0
0	0
0	0
0	59
56	70
0	0
0	0
567	0
5	3
13	3
0	3
0	3
2	595
2	704
0	186
7	12
8	62
0	37
14	160
2	160
1	2
4	56
10	153
0	687
35	1021
7	118
9	431
13	433
0	75
0	701
13	630
0	127
0	335
8	5
1	179
0	179
1	227
11	481
2	481
5	17
6	5
0	476
0	1
0	1
12	5
45	1168
0	1274
0	234
3	1461
0	708
0	68
1	48
0	0
0	7
0	7
0	0
0	0
0	0
0	8
164	425
28	350
16	123
1	118
0	5
3	3
4	5
10	26
2	26
0	23
0	11
0	32
0	2151
0	2252
0	2228
0	43
2	68
0	2544
1603	565
0	178
0	53
0	16
0	116
0	102
0	139
0	0
0	0
0	0
0	0
0	0
0	0
31	92
261	146
1	56
12	4
4	765
56	768
14	777
29	747
1	120
0	1
0	139
0	0
25	0
2	124
0	131
4	126
0	0
0	22
0	4
0	7
0	2
0	32
0	818
67	818
0	22
0	4
0	816
0	816
0	0
151	396
9	168
0	161
6	87
1	28
0	9
0	0
11	66
0	19
9	47
0	10
0	34
6	1
2	2
321	259
0	259
1	23
3660	750
3	271
1	584
0	58
2	51
0	1
0	0
0	0
0	0
0	0
2	0
0	0
1	7
0	8
0	4
0	0
0	0
0	1
0	2
930	2750
11	2342
0	0
0	1
0	1
0	0
0	0
323	26
0	26
0	4
63	135
5	37
3	137
0	3
1	7
13	13
1	12
6	1
19	851
0	848
6	669
0	719
1	545
0	142
0	145
22	28
0	4
0	0
0	0
0	0
0	0
2853	3950
2	1971
11	1287
0	1980
8	8
6	0
1381	1
1	1
1	1
50	656
3	131
665	809
51	673
1	78
0	6
39	6
55	173
0	173
0	78
0	59
5	266
0	1139
3	1280
50	1119
0	1203
6	798
7	597
0	163
0	338
8	184
4	31
0	54
2	20
0	21
3	18
1	0
0	2
0	0
0	0
0	0
0	380
30	502
1	19
26	304
0	380
130	6483
95	6440
204	6458
53	826
5	2
3	117
18	56
1	623
127	629
3	0
0	2
0	3
0	0
0	0
0	0
0	1
0	0
0	4
0	4
0	3
22	565
0	421
0	686
2	0
0	59
3	14
0	41
1	362
0	76
3	17
0	25
4	19
0	5
0	2
0	13
0	9
0	3
0	2
0	29
160	85
3	16
13	56
690	360
0	358
12	3
4	20
8	819
2	819
11	820
73	640
19	1377
24	1377
0	1376
18	1376
64	191
5	5
0	1376
43	0
0	120
0	190
60	5039
0	5485
0	5051
0	4924
1	1
2	113
19	4651
1	4386
0	4481
0	520
4	828
0	412
0	0
0	2695
2	127
0	2
0	911
9	149
0	512
0	21
0	1583
7	234
0	0
24	1489
4	17
5	1784
0	71
0	1588
4	54
2	275
3	869
1	1264
2	46
0	33
0	187
2	765
0	0
9	41
14	13
10	73
31	387
0	88
0	432
3	11
2	551
0	7
0	2
0	2
0	2
0	2
132	3
0	3
0	411
73	412
0	174
1	40
0	0
235	1272
29	2007
1	1261
12	1874
1	641
0	22
0	174
4	92
4	310
4	185
1	50
0	0
6	145
0	476
3	594
4	649
6	144
0	625
2	77
0	76
0	582
0	552
0	243
0	598
3	514
7	74
10	473
8	666
1286	1035
12	20
53	63833
0	5
581	65975
1082	67257
39	64890
3623	71887
71	3915
8	59598
0	2479
6	2487
1	1109
2	1124
7	59699
5	119
0	451
81	451
0	0
0	0
2636	245
0	7
0	233
10	24
0	58
1308	8
28	6
8	1
0	0
0	0
0	0
154	539
0	506
1	25
0	27
0	0
0	0
2	45
0	27
10	57
24	35
1	67
5	67
1547	557
0	506
0	517
3	55
0	3
0	0
2	562
0	41
0	28
0	20
2	1
19	581
0	0
1765	2517
15	2132
8	1748
0	1063
1	743
0	142
15	118
2	846
0	844
0	0
0	690
0	792
1	15
0	11
3	19
0	0
2	10974
34	3989
30	5781
30	1748
0	9078
28	8029
3	4469
0	3533
6	4544
6	7148
0	9925
16	8768
0	6385
1	2834
5	0
0	1576
0	2506
23	522
1	12
807	552
1	1
0	190
19	504
1	195
4	1
0	4
3	0
6	544
208	0
918	61
0	61
11	2
2	50
12	86
5	76
411	336
5	26
0	309
2	21
4	0
2	183
2	19
84	81
5	67
3	12
1	8
2	18
53	0
1	0
0	0
3	0
0	0
1643	152
0	39
0	36
12	72
1	3
0	17
0	17
0	0
0	0
0	0
1256	294
7	130
0	164
0	59
48	42
0	34
0	21
26	450
2	455
0	297
13	290
0	29
0	27
5	1049
0	713
0	61
4	41
9	0
8	156
1	42
0	32
0	0
0	987
37	420
8	422
108	470
2	49
1	49
3	419
166	17
0	11
0	6
28	328
0	263
0	37
14	36
0	89
0	235
0	182
9	0
3	188
596	391
1	268
0	124
1	109
0	0
2	287
7	718
171	750
0	23
0	239
4	79
61	184
0	193
2	0
95	121
0	40
2	39
2	44
0	18
27	18
0	2
1	0
0	0
0	0
0	0
0	0
0	0
0	0
5127	168
9	41
7	28
1	0
1	110
0	0
0	0
0	0
5	44
3	23
0	42
0	3
0	0
0	0
35	265
0	265
0	265
451	134
1	0
0	134
9	6
22	4
6	761
1	1006
0	1149
0	1408
11	2355
94	1861
2	455
0	1029
1	1865
0	591
0	475
0	518
1	13
0	118
4	563
2	64
148	77
0	13
6370	4
0	1
0	1
0	0
1	0
281	687
2	395
1	296
0	64
3	9
0	249
0	0
260	30
1	30
7	0
176	88
0	66
0	45
52	27
0	27
0	6
0	0
0	105
226	152
0	92
0	105
0	24
1356	2403
0	634
0	2151
0	634
0	625
0	50
2	41
6	185
0	87
0	53
0	6
92	302
0	298
0	368
7	272
2	0
0	2
2	2
0	2
0	17
83	8
208	470
78	368
0	57
0	64
0	0
0	0
0	0
0	0
34	687
0	132
0	324
0	675
0	384
5	601
0	85
2	41
1	159
0	2
0	1
0	1
0	2
5	0
635	0
0	4
0	6
0	2
0	4
0	4
1	4
0	0
65	0
0	0
0	1
0	153
0	1
0	0
0	2
0	1
0	0
62	0
263	10643
280	10125
254	1850
692	1075
486	62
0	61
1443	101
15	0
0	0
78	136
0	8
1	127
0	77
0	8
0	3
0	105
0	0
0	8
29	12
0	2
0	1
1	3
0	4
3	21
0	20
0	19
2	0
0	3
202	300
0	267
0	101
0	114
0	90
12	38
9	0
0	0
0	0
6300	18
6	2
0	13
132	3376
71	3379
1	3
0	2036
0	37
0	25
1	13
0	1
0	21
0	4
0	1
0	3
0	13
0	21
0	1
1	6
0	0
0	8
0	0
2	5
0	0
0	3
0	0
0	0
21	12176
28	10188
573	11614
11	9952
876	11601
0	7300
0	20
0	2139
0	0
2	1647
2	2
537	0
2	0
0	14
0	15
0	2
3	10
1553	11
0	0
209	127
0	125
21	31
0	287
1	235
0	271
2676	495
21	250
0	425
0	0
1469	1942
0	1635
0	1454
19	1018
13	0
11	47
20	46
0	31
6	4
0	125
11	125
0	17
1	7
0	0
105	715
4	334
0	285
0	39
0	74
3	94
0	0
0	33
0	460
0	0
0	0
748	50
0	49
161	1795
1	1485
129	1095
31	391
0	1438
2	1302
5	1790
0	1498
0	1142
0	1181
6	935
2	163
8	22
0	1769
0	0
0	0
0	0
0	2
0	782
24	973
0	510
72	1102
6	1
2	70
0	708
0	0
0	0
0	0
0	0
0	0
0	0
0	0
0	0
0	0
105	209
0	206
3	82
4	84
0	53
0	0
3	2
0	0
0	0
0	0
0	0
8	0
695	268
1412	266
25	0
0	0
0	0
0	0
0	0
0	0
0	0
0	0
13	1882
4	0
1	129
0	1882
0	1
0	1
0	0
8	28
4	0
0	28
0	3
0	0
0	0
0	0
0	0
510	716
3	144
2	303
5	24
10	325
64	239
0	396
34	3
9	43
2	3
0	43
0	0
0	0
0	0
0	0
6	405
0	90
0	405
5	365
15	0
47	372
0	224
0	22
9	3
0	0
5	3
11	1
2278	4308
5	1530
0	1942
1	586
4	493
8	508
0	666
0	6
1	928
10	16
22	713
12	576
6	1
2	758
3	75
0	436
21	501
2	108
4	408
0	43
0	0
0	0
0	0
0	0
0	0
0	0
1640	2
178	94
13	51
11	11
14	68
9	23
41	45
42	31
2	55
0	49
11	0
1506	13519
30	2900
0	38
0	10621
0	0
0	0
0	0
78	3421
25	432
84	3469
0	1460
4	69
0	0
216	0
4	313
999	597
9	524
1	19
8	57
0	0
0	0
0	0
0	0
0	0
2017	2428
381	1339
0	2364
0	794
0	82
0	344
10	14
21	1072
0	78
89	1054
4	69
0	166
0	634
14	112
1	112
0	648
0	95
0	0
12	95
4	775
14	27
11	13
19	1049
197	1049
0	516
0	230
0	91
2	5
0	142
1	137
7	21
0	101
0	84
1	96
0	1507
1	317
0	221
2	300
0	176
4	95
0	3
0	1577
15	0
0	0
0	0
0	0
0	0
304	2
0	0
1	257
4	255
0	259
0	2
0	2
0	188
0	154
0	24
0	4
0	5
0	33
0	22
0	254
85	1612
18	713
4	27
0	53
3	104
4	1613
0	0
1097	143
13	137
1	84
2	10
0	6
284	1
1	12
0	0
20	12
0	44
17	406
1	156
0	8
0	0
18	28
4	399
0	0
0	9
24	9
0	1
2	0
0	25
0	0
0	0
0	0
0	3
0	3
0	0
0	0
1590	2391
49	1081
39	2064
0	32
0	1
0	0
0	0
0	1
0	32
12	146
4	243
0	1299
0	235
0	0
0	1198
0	32
0	33
717	45
8	45
0	0
0	0
0	0
0	0
3	364
3	465
1131	559
0	74
3	0
0	163
0	27
0	150
0	6
0	4
0	945
0	1176
0	1098
0	2
0	2
8	0
0	1148
1	947
0	1193
0	17
0	1318
8	625
3	1096
1	820
101	335
0	1231
0	1332
3813	2
0	0
0	0
4	15
0	0
0	0
0	0
0	0
0	0
0	0
80	169
0	169
3	1
0	0
19	60
2	0
0	17
0	46
2	63
10	56
15	54
3	5
0	0
0	0
56	56
0	22
0	37
0	4
0	0
5	0
0	0
0	0
0	0
0	0
2056	81
13	76
289	0
280	107
0	107
0	0
0	0
0	0
0	0
0	0
0	0
0	0
145	0
0	1
0	0
0	1
0	1
0	1
0	5
0	0
0	0
0	0
0	1
0	0
0	0
0	5
693	187
3	186
4	1
3	11
0	280
63	280
0	219
2	209
0	0
0	0
0	1
0	1
0	1
2	7
0	1
0	748
0	1274
0	1186
2	1201
4	7
0	179
16	89
0	133
0	25
0	0
0	14
0	5
882	765
0	0
2	1346
0	1320
1	1058
1	207
2	276
2	335
8	276
0	598
8	554
0	0
0	8
3	367
53	35
0	296
1157	680
11	547
4	101
17	7
1	59
108	44
1	44
1	21
0	36
0	14
0	0
0	0
0	14
7	301
6	181
91	164
9	10
0	75
2	6
0	68
0	41
0	86
0	112
165	2594
0	2631
58	2462
0	2568
0	2620
929	1
0	0
0	0
0	0
2128	4
2	2178
6	1958
0	357
0	74
7	49
1	3
0	275
6	22
31	69
0	2178
1	397
1	7
0	1
0	354
0	218
0	173
0	363
0	36
0	156
3	2
0	38502
9	36546
3253	38293
5	37481
18	38288
0	319
9	309
0	326
0	8
4	24
0	0
0	0
0	4
41	6
0	5
441	3
0	2
1	5
0	4
0	4
0	2
0	0
0	0
0	0
9	152
9	479
0	474
1465	199
0	77
0	1
0	4
0	40
3	9
0	19
0	21
1	51
0	3
2206	2174
0	842
26	1630
5	380
0	0
303	1726
6	1725
0	1
28	249
0	82
2	288
3	541
1	0
0	0
0	7
0	0
0	0
2	0
75	8321
0	8525
10	4518
1	399
49	155
41	351
12	208
0	340
0	2158
0	1587
0	7
0	8539
1	23
3	23
2	5
0	8
1	48
0	0
3	31
1	27
0	4
0	6
0	43
0	969
0	895
0	711
0	737
0	273
0	266
0	76
0	105
0	510
9	1798
17	12
2	8
81	77
0	151
13	332
144	975
0	1415
1	396
0	352
0	127
0	1752
18	235
1	1321
0	67
0	75
266	5
1	18
0	85
0	54
0	57
2	52
10	209
297	120
0	79
20	6
2	27
6	1823
17	848
0	115
15	12
6	66
0	28
3	88
51	98
3	38
0	11
0	1850
788	7
0	0
0	0
392	23
2	1
10	20
5	655
32	666
0	627
24	657
0	57
40	231
0	15
0	0
0	0
0	0
0	0
15	76
11	55
0	101
1	66
2	6
10	19
0	0
0	101
0	0
0	0
0	0
79	0
0	0
0	0
0	0
0	578
623	609
0	147
0	77
1	5512
0	7280
2	6772
0	6673
18	607
20	261
0	585
38	1727
24	1726
6	994
8	7465
15	298
0	298
0	0
0	0
0	0
0	0
0	0
0	0
0	0
0	0
0	0
27	167
7	168
21	126
10	145
19	36
0	0
0	0
0	0
0	0
0	0
0	0
0	0
0	0
0	0
0	0
1219	369
3	167
1	164
1	147
0	35
0	5
0	0
5	0
202	4168
0	8
3	51
8	4108
5	0
0	26
177	420
22	423
281	80
0	6
0	4
0	70
4	104
1	95
0	1
0	0
0	20
0	1
0	0
26	33
2	33
0	2
18	24
14	38
0	28
0	0
2	0
75	50
0	50
0	0
85	603
10	602
73	286
0	51
0	67
0	32
13	38
27	14
2	1
0	1
627	3
12	277
0	326
0	275
1	322
3	154
16	41
0	315
0	0
1903	1
0	13
0	13
0	7
0	15
0	1
0	129
6	128
19	0
1	1
0	1
6	1112
2	1229
11	961
12	482
3	45
0	267
0	67
6	1
0	1
0	0
0	1
18	0
0	9
0	1
0	10
0	0
0	0
0	0
0	0
0	0
812	42
0	37
0	12
0	5
0	5
0	0
216	206
0	43
0	156
0	51
0	24
1	241
6	107
71	265
6	69
0	0
1	106
11	0
5	0
0	6
0	5
0	4
0	7
19	33
5	27
2	24
4	208
768	465
1	118
13	69
3	211
0	1
0	0
0	1
0	0
0	0
154	111
0	0
1	89
0	33
6	22
0	0
0	0
0	0
8	3
0	3
0	0
0	0
0	2
420	0
286	778
24	748
0	0
53	166
0	2
26	5
92	7
0	334
0	0
0	0
0	0
0	0
0	0
0	0
0	25
19	904
670	1616
1	1008
2	4
13	91
0	0
0	3
0	4
0	74
0	73
0	397
239	367
0	318
0	104
0	2
487	182
11	182
16	894
0	409
15	863
2	688
5	140
31	395
1	587
0	0
0	0
0	0
0	1
0	1
0	2
0	0
0	2
0	0
0	0
0	23
11	64
0	27
1	64
0	31
1	19
0	1
77	209
1	206
0	10
89	797
1	62
9	797
0	39
1	19
0	49
2	0
3	70
0	1
0	1
0	0
0	1
2	0
916	0
13	5
0	5
0	4
0	19
0	24
0	160
0	0
0	4
0	9
0	5
0	2
1	3
0	57
0	19
64	55
0	158
1	0
1	3546
2901	4725
42	4715
0	559
2	10
11	10
0	1339
1	3
0	3
0	0
793	1332
3	1335
4	1339
0	0
2	0
0	0
423	83
1	81
0	2
33	419
12	419
0	0
0	2
0	2
0	0
0	889
0	597
0	348
0	574
0	31
0	11
34	66
0	4
0	60
1	62
0	835
0	859
2	864
0	0
453	457
18	450
18	459
3	183
664	1
1251	1
22	2997
4	2347
0	1886
0	114
18	2581
4	2427
19	61
7	177
0	635
0	48
104	5
1	1
1	469
5	143
14	97
0	1
0	1
204	58
3	58
1	0
0	0
0	8
1	8
1822	126
0	125
4	92
92	551
26	566
6	74
0	54
2	99
2	10
5	1
0	53
0	35
2130	0
1	0
0	2143
1	0
0	0
70	1487
21	1468
0	164
0	50
0	75
0	12
0	57
0	0
0	0
0	0
8	0
0	0
0	0
0	0
0	0
0	0
0	0
0	0
190	413
10	424
22	377
0	30
0	15
0	12
0	0
23	1297
0	2272
19	2176
1	1484
1	1301
3	38
2	2356
0	0
1034	542
2	562
5	562
0	0
3	308
629	351
4	148
12	176
2	326
3	14
0	18
0	38
0	1
0	321
0	127
0	308
5	294
2	0
7	0
3	3
2652	37279
131	36667
6	36317
2	19195
0	14877
26	19310
43	16100
7	11318
37	7267
13	11074
0	7200
0	5769
53	2051
0	2051
6	1934
2	2052
14	871
0	39
4	226
25	178
21	2
0	0
15	63
1992	200
5	6
7	27
10	11
0	124
0	0
0	1624
0	1614
4	1142
6	491
36	82
1	1652
0	1934
1	1998
0	139
0	152
1	428
0	368
21	432
0	16
0	0
0	0
0	360
0	339
0	330
4	32
2	57
0	351
1	18
0	293
0	252
3	259
23	3
0	20
3	216
8	244
0	230
7	0
71	87
6	81
0	6
7	425
1	309
6	309
0	6
3	202
1	47
1	0
1	64
0	49
837	404
4	403
0	6
29	202
8	193
3	261
34	438
26	291
2	234
7	421
21	111
1	491
0	40
4	254
18	133
0	96
0	0
0	0
2456	740
0	246
0	410
1	82
72	647
9	171
3	590
11	25
0	657
246	1
0	0
8	12770
0	10062
28	9852
21	8491
0	11349
0	3
1	3
0	0
1	2
0	1
0	0
0	1
0	175
2301	176
13	1312
0	1418
36	1280
4	270
4	63
27	442
1	245
4	24
0	167
2	138
12	112
0	0
3103	1
243	1773
10	835
13	938
3	502
0	49
0	9
1	4
3	502
0	0
0	0
0	0
0	0
0	0
0	0
31	143
0	143
6	28
1	0
1	0
0	0
161	230
0	75
3	169
0	4
0	6
0	10
395	10
31	1444
72	1444
2	293
901	497
0	121
7	26
0	1
0	6
0	1
0	1
3	6
5488	8
2	0
9	32
315	424
0	424
1	0
190	22
42	22
81	935
11	935
1	6
0	75
2	55
2	15
0	27
0	27
0	0
0	0
8	2254
0	1512
0	1627
1	1653
1	1745
0	1166
18	164
2	0
0	0
0	0
0	0
0	0
0	0
2	629
260	629
109	121
0	1
0	120
0	2
0	1
0	2
2	2
10	2043
0	1501
18	1993
256	1240
0	0
0	0
17	1076
797	1076
28	168
11	2281
7	63
22	3
8	0
2	720
19	106
14	2281
0	0
17	27
3	1442
414	2591
5	2544
0	316
10	1936
4	62
7	0
85	819
99	25
0	27
0	0
0	0
0	0
0	280
408	355
0	69
0	225
0	3
0	12
0	13
0	12
0	8
0	5
0	0
0	0
0	0
0	1262
3	1200
0	116
1	59
6	374
0	58
0	11
175	74
0	50
0	43
0	63
0	0
0	10
1	1
2	0
0	0
0	0
0	3
0	4
0	3
0	4
0	0
0	0
12	34
0	33
0	18
1	0
0	0
0	0
0	0
0	0
0	0
0	0
0	0
0	0
0	0
0	0
0	0
0	0
6	499
15	110
1	39
49	12
0	5
4	499
16	1311
4	95
2	295
21	1244
0	746
1	641
1	129
6	166
17	150
0	7
2	2
0	17
3	9
2	22
30	405
123	477
5	450
4	0
227	5804
5	293
1	1098
21	5363
0	293
6	2296
0	31
393	250
24	237
4	238
19	144
0	0
153	806
0	806
19	287
0	81
0	17
9	105
48	43
0	0
0	0
0	0
0	0
0	0
0	12
0	12
0	0
0	0
0	0
0	0
0	0
5	429
0	27
5	402
1	2
2	55
0	0
0	0
11	0
32	5429
249	5175
460	5077
57	3361
12	3018
12	2192
0	590
1104	0
0	0
0	0
3	0
0	0
0	0
0	4
4	502
1	64
0	506
1	0
0	4
0	3
0	0
0	0
0	0
0	0
4184	600
1	225
1	370
0	358
2	52
21	104
13	104
0	3
0	46
2378	81988
7	9638
5	72373
7	2743
0	0
0	0
0	0
141	196
0	33
0	55
0	0
4	71
11	71
11	898
0	319
0	786
0	764
0	822
0	816
3	46
1	65
2	0
1	372
0	83
2	357
0	17
0	36
1	28
1	174
2	122
0	838
0	65
3	358
312	425
1	75
0	335
1	23
0	25
0	76
0	3
0	261
6	5
0	26
19	235
1	90
0	29
0	10
927	1
16	5017
1	1230
3	4027
0	7
0	2490
12	3034
0	0
0	192
0	1285
0	3846
9	0
7	0
1324	240
0	123
0	115
0	0
0	0
0	1
0	0
0	0
0	0
0	11
0	1
0	1
40	596
2	599
38	664
0	0
33	76
1	6
16	68
0	0
1	304
134	2896
18	239
0	107
0	5
0	2539
15	2409
0	43
305	2430
33	7
0	0
0	0
1	7
0	1
0	4
0	4
19	283
8	261
1	106
5	43
0	0
0	32
0	0
10	2015
0	788
3	19
240	1768
0	21
0	1
48	818
178	115
1	20
2	74
0	70
0	11
8	308
1	296
0	15
0	0
0	120
0	16
0	35
0	35
1	19
1	24
0	40
0	15
0	313
0	278
248	274
2	97
2	93
0	79
1	62
2	6
0	100
0	0
0	0
5	2297
3	2330
1	440
1	514
0	109
0	59
1180	264
0	0
39	264
908	1
0	0
0	0
0	0
0	0
0	0
12	0
0	0
0	1680
0	1764
0	1737
0	1592
10	22
8	0
20	101
0	13
2	13
0	14
0	0
0	1749
12	539
41	522
0	449
510	5580
7	3
0	0
0	0
0	0
0	0
0	1
0	5578
5	0
0	0
2	17
0	21
7	24
0	1
1	6
2	0
1	0
327	127
0	127
7	0
1	0
0	0
0	0
2	270
4882	388
16	277
15	20
0	0
0	0
0	0
0	0
0	0
0	0
2	0
0	0
0	1058
50	1058
0	0
1	60
0	86
0	0
0	0
0	0
60	2
0	0
1	0
0	0
0	0
0	0
0	0
0	0
174	6
0	6
217	638
0	638
135	541
0	285
3	0
0	0
0	2
6	277
429	277
0	0
0	0
4	2
246	0
0	0
3	357
0	138
13	347
9	5
0	14
2	71
50	251
23	274
175	2556
120	1674
0	1359
2	202
0	0
25	8
4	8
0	2
2	1710
28	6
21	2496
0	3
0	3
0	181
3	6417
1	6067
7	399
0	2428
0	2409
0	73
0	3738
0	1801
26	33
9	33
0	3
1	10
7	0
0	0
1	12
0	11
0	2
20	11
339	132
0	132
0	132
2	1087
9	141
0	780
0	7
29	766
15	573
0	12
1	208
45	91
0	130
28	1417
1	184
0	520
0	1394
0	1512
17	1419
0	264
4	73
3	0
87	99
101	275
0	8
0	19
1	21
0	250
1342	748
0	394
0	178
0	199
24	22
0	139
6	45
3	3
150	380
60	458
0	350
0	175
0	271
2	233
0	0
2185	35
5	35
1	0
0	91
5	904
16	861
0	5
5	15
11	53
1	34
0	45
34	45
15	18
0	15
13	2
4	1
5	11
6	10
0	861
6	732
12	0
0	81
2	152
10	81
5	671
0	32
0	563
0	3
0	0
0	0
1	0
1	0
0	0
0	0
0	0
4	107
91	377
9	140
4	0
0	0
4	202
0	37
0	51
81	689
8	344
1	27
4	304
0	0
0	662
11	315
0	1
0	1
0	1
3	1011
82	767
0	506
1	368
0	444
0	416
0	38
0	127
5	222
2	324
0	222
10	123
2564	2978
8	2784
10	208
873	224
2	11
0	212
77	4
0	22
0	41
172	823
68	824
0	100
1	100
0	39
2	49
0	8
0	8
0	0
0	0
0	0
0	0
0	0
1	987
0	1023
15	115
44	210
0	85
4	55
2	2
2	266
25	265
10	267
13	11
0	174
0	167
0	199
0	180
43	76
8	0
46	1127
5	1091
31	1131
1	12
0	0
1	1114
200	36
0	36
0	0
130	2102
0	172
107	534
25	1445
2	567
1	80
0	25
0	35
7	7
6	0
2	10
2	0
0	0
3240	4
0	0
0	0
0	0
0	0
2	614
0	1720
2	4089
124	4056
7	3929
0	144
1	52
0	0
0	0
0	0
0	0
65	585
18	565
19	174
0	22
11	79
0	61
92	15
9	28
30	1179
12	130
74	2
1	1051
0	0
4	34
0	149
0	0
6	0
0	0
568	3042
1	2824
0	498
0	0
0	0
0	0
0	0
0	0
2156	3262
2	65
13	3194
0	0
36	0
5	0
0	0
0	0
0	0
48	0
0	61
0	50
0	59
2	107
0	0
3	37
0	0
0	0
0	0
0	0
0	0
1	283
0	284
14	280
2	346
0	39
0	64
0	13
0	38
0	12
0	10
0	0
0	30
0	7
0	34
0	27
0	6
0	6
0	22
0	16
0	0
0	0
27	484
0	136
13	92
41	484
0	0
0	0
0	0
4	4
440	476
3	65
0	146
0	98
4	127
1	59
0	370
29	46
1	12
0	29
0	60
0	14
0	0
0	0
1882	1141
1	952
70	1141
1	0
11	845
10	797
32	708
8	716
2	30
6	211
0	201
1	3700
0	4057
20	14
12	71
29	1394
3	1203
24	60
0	0
0	123
58	381
3	291
2	392
0	479
0	463
0	562
1	28
11	191
0	72
2	3
0	112
0	67
0	43
1	37
0	4
0	11
2	64
0	51
2	0
0	0
0	0
0	0
0	1
90	1
409	626
0	626
0	0
0	33
7	50
10	0
0	2
0	6
0	0
0	4
0	4
454	383
6	111
1	1
0	10
0	0
0	269
8	1
0	13
1	13
0	0
0	0
0	1
380	0
4	12
97	321
13	8
40	262
1	128
1	65
0	38
0	27
0	0
0	255
1186	174
2	166
0	41
4	80
0	0
2	0
0	0
0	0
0	0
0	0
0	0
0	0
1003	479
11	478
0	1
165	655
10	60
0	189
0	417
0	304
0	112
2	250
2	92
1	384
3613	2127
128	979
1	44
9	1686
0	690
9	930
2	712
4	629
6	88
0	86
0	392
2	0
20	298
9	59
0	34
699	0
0	0
0	0
0	0
64	8
9	8
0	0
0	0
0	0
0	0
0	0
1	1
294	1151
4	1151
0	0
1	14
0	0
0	0
0	4
0	2
0	2
0	2
0	2
0	0
0	0
0	0
0	0
0	0
0	0
0	0
0	2
0	3
0	3
0	3
0	2
0	3
0	0
0	0
1678	12405
89	12468
6	2794
10	18
5	381
3	775
5	2570
0	0
0	0
0	0
0	0
351	1474
5	72
30	840
0	1252
2	166
2	18
0	6
4	91
4	91
0	0
0	0
252	1098
0	1098
22	147
15866	162
1	109
34	181
0	41
1	10
0	110
1	38
0	34
1667	36
0	0
0	0
1	340
83	339
0	302
0	41
0	57
4	25
2	6
27	297
5	79
1	56
1	0
0	227
0	4
0	0
0	0
0	0
1428	529
2	12
0	74
13	479
1	67
0	33
0	7
0	142
0	24
0	73
0	127
0	123
0	26
0	0
0	0
0	3
0	8
0	5
0	0
0	0
443	1
0	0
0	0
0	84
0	81
0	1163
15	1802
0	455
12	263
71	118
0	1802
0	0
0	0
9	0
1128	0
0	3
1	3
0	30
7	35
4	10
0	37
2	9
0	0
0	0
1837	0
5	84
1	100
0	78
2	50
2	49
0	1
3	34
0	1236
0	193
2	42
3	35
25	24
3	1236
1	0
0	0
7	2
0	2
12	0
788	829
0	829
0	25
0	0
0	0
2	708
18	839
1	44
4	225
0	3
0	3
0	3
0	3
0	3
0	0
0	0
0	0
0	3
0	0
0	2
0	0
1	3
56	80
0	39
1	74
0	36
0	50
0	3
0	32
0	8
0	8
0	8
29	267
4	0
45	278
0	303
0	18
778	48
0	2
0	3
1	43
694	259
70	257
22	110
79	0
280	836
2	820
0	115
47	65
10	220
51	438
2	229
0	826
0	0
3	19
0	19
157	0
263	44
2	0
0	42
8562	5
13	0
1872	322
18	178
8	12
4	132
1	176
88	176
4	160
0	56
0	56
0	0
0	0
5	1139
266	1777
350	1088
24	1025
49	163
10	171
3	17
29	2074
0	1524
536	6156
1	3509
3	948
90	8
3242	506
3	237
9	3
13	199
0	266
0	0
0	36
37	920
308	1023
2	144
0	154
0	183
28	253
97	278
24	75
0	0
0	2
1	22
2	0
64	114
0	108
0	6
2	69
0	37
0	4
1654	1
0	1
308	2
84	405
188	405
0	0
0	0
290	75
0	74
1	57
73	318
12	318
3	411
1	182
2	406
4	20
36	488
0	468
5	482
0	488
0	5
0	377
63	78
0	76
4	59
0	0
0	0
0	0
0	0
0	76
32	10
1205	654
27	243
0	639
12	144
9	191
6	38
0	128
0	0
0	0
2	101
52	154
30	277
6	636
0	747
9	843
0	34
0	0
0	0
17	1010
37	1010
0	2
33	0
0	0
542	120
1	119
0	30
0	47
230	1557
122	1502
11	371
6	151
90	581
6	390
2	98
0	85
3	743
2	807
73	783
4	125
0	773
6	12
0	100
2	59
4	79
10	26
0	0
1	4
4	0
6	9
16	11
155	249
0	0
0	246
0	0
201	55
1	55
1	2
2	0
0	125
69	125
502	0
46	305
7	305
0	5
0	22
1	0
13	0
0	0
33	0
320	912
16	1
1	10
2	10
2	9
0	0
39	167
0	261
0	251
996	0
1	0
282	219
0	208
0	1
0	124
0	12
0	0
0	0
0	0
0	0
0	0
0	706
12	707
0	12
0	1
0	1
0	1
0	1
22	1030
0	0
0	65
0	30
0	56
6	996
0	223
1355	756
4	484
0	25
0	0
0	267
8	2
1	0
570	1272
0	186
0	312
1	307
0	60
0	1114
15	109
37	15
0	57
16	2
10	0
3	3
38	181
0	5
0	10
3	178
2	8
0	6
9	9
5	1
1	1
10	745
0	97
0	1164
59	2032
7	29
0	112
0	3
0	2
1	1
2	958
0	1
0	1278
1986	2762
94	1172
0	2670
11	4
8	382
4	62
1	154
3	943
0	274
1940	161
32	74
8	73
0	84
1	0
6	343
0	463
10	418
0	80
0	21
3	38
47	138
1	6
3	10
0	20
6	81
376	156
0	89
0	70
49	1584
3	1367
8	42
27	1200
0	165
0	16
25	815
6	15
1451	16
41	2861
2	2190
21	353
3	353
13	2271
58	2240
0	2579
3	1463
9	186
27	0
19	6
1	1476
0	6
0	672
0	0
0	0
0	0
11	1007
2439	1237
1	96
1	68
1	67
3	13
0	13
25	18
1	3
0	5
2	1
14	121
0	0
0	123
4	121
2	5
2	20
1	7
0	0
0	0
149	21
7	21
5	0
2	960
0	14
0	3
0	70
8	61
0	26
0	0
0	3
0	6
1	42
0	12
0	11
10	3
1	0
0	149
0	4
1	953
16	9
2	26
0	25
0	767
0	767
0	0
589	0
878	161
0	3
0	160
452	7
200	295
0	129
0	129
0	124
1	61
600	488
16	413
12	140
1160	4
365	3485
146	2946
2	40
24	687
0	5
11	21
0	1737
34	2272
3	1990
1	811
2	63
11	91
2	0
1	913
0	53
0	53
2	0
25	5
0	5
0	5
1	4
0	4
0	4
0	0
0	0
0	0
0	0
0	0
0	0
3	4
0	4
2	22
2	32
1	27
0	83
0	123
12	42
0	70
0	110
0	1
0	0
0	0
331	404
0	321
0	62
0	0
0	46
0	2
5	0
90	305
19	175
0	316
3	48
1	1
0	5
1	382
4	32
0	28
1	66
0	379
27	42
1	299
0	84
0	64
0	382
0	0
1	2
0	2
0	2
0	0
0	0
0	0
1530	941
3	933
4	692
183	1031
0	33
48	155
0	665
0	499
2	11
1	460
62	48
368	633
15	179
0	31
2	79
30	383
8	4
8	3
11	146
0	266
19	427
0	129
0	143
0	121
0	343
0	328
0	464
0	271
0	1
0	1
2	0
0	0
0	520
25	1227
315	0
0	0
0	0
0	0
0	0
0	0
0	0
0	0
0	1
21	445
72	1015
44	1011
35	1133
7	947
0	1041
1506	854
26	432
12	618
52	46
2	8
0	20
0	1760
2	1777
0	23
0	1709
0	8
8	17
0	8
0	0
0	1709
16	8
14	408
5	336
1	120
16	103
0	6
0	0
0	376
8	0
3886	20745
24	20466
0	0
0	0
0	0
0	0
100	1709
137	1697
12	1318
0	1181
7	95
0	162
39	351
1	101
0	14
8	134
74	126
0	90
8	126
21	1373
0	3218
0	2639
6	3
0	460
2	3
2	3
0	0
274	78
8	59
0	10
3	57
4	19
0	17
0	0
0	0
0	0
4204	2178
6	799
0	393
0	311
2	812
0	4
290	227
12	20
0	113
14	1
0	1
0	0
0	0
0	42
3	14
0	36
0	33
0	1
4	377
207	449
8	414
3	0
0	292
1	0
0	0
0	1
0	0
0	0
0	1
0	1
7	353
2	273
25	58
0	323
0	220
0	78
1	0
6	33
0	31
9	309
5	4
1	214
4080	8691
45	8676
12	1
7	1603
3	1809
4	3762
7	2039
2	4
108	673
0	23
0	278
0	54
0	395
0	35
1	0
2	0
36	84
1	77
0	0
0	9
0	409
7	0
4609	2120
1	431
0	225
0	971
1	743
27	4
6	807
0	0
97	55
5	26
0	9
0	3
0	4
0	1
2	13
1037	719
12	693
0	470
2	34
0	719
3	51
0	28
46	638
0	7
0	60
1	638
0	54
6	71
3	130
0	99
3	74
2	54
18	99
6	118
0	0
0	25
1	46
0	58
7	2
0	9
0	0
0	163
1066	173
0	46
0	0
1	10
542	1
110	0
0	1
0	1
1	1830
0	2
1	3
0	0
0	142
0	275
0	2260
0	2785
0	1943
1	2799
0	1770
1	925
2	2797
0	2734
20	208
3	17
0	1830
3	37
2	1023
0	150
8	183
2	79
4	140
0	33
4	106
1	76
2	104
46	458
0	29
7	52
0	241
391	2
6	2
211	3
0	2075
14	1053
8	283
24	269
19	2075
0	106
0	102
0	93
0	99
0	5
0	74
0	81
0	0
0	0
0	0
305	120
1	102
7	18
0	2368
0	2234
14	0
25	2324
0	0
0	0
22	0
2	0
0	0
0	1334
35	1334
1021	0
22	851
1	851
2	0
0	0
258	8
0	8
1101	724
0	721
44	2569
62	142
0	17
128	1459
53	653
9	2258
0	0
14	192
4	24
0	35
4	77
0	10
0	0
0	0
0	0
0	149
2	1
0	207
0	565
1	356
0	149
5	352
0	588
0	497
0	586
0	623
0	752
58	783
208	679
0	270
0	246
3	9
4	68
0	0
0	3
0	4
0	7
0	7
0	0
0	122
2	5
27	558
3	9
13	104
0	554
0	0
0	0
0	0
0	0
25	0
204	2
0	2
4	0
1	61
1	0
0	0
0	0
2	112
0	122
0	90
0	91
0	34
0	0
0	29
0	9
0	2
3	0
0	116
0	115
1062	1784
113	1784
0	0
0	0
0	0
11	489
64	519
71	518
0	481
2	131
5	8
0	16
0	0
0	0
92	5236
162	5235
118	395
641	94
79	79
53	5
1	4830
148	3
1	1
0	2
0	541
180	2862
10	3159
1	409
178	790
0	132
0	384
10	365
6	13
3	4253
0	4365
1	410
346	4368
0	996
0	363
18	265
5	0
0	0
0	0
4	3962
20	2107
0	383
0	0
0	0
2	0
1	1023
0	82
2	1011
0	0
1	756
1	599
0	274
2	197
1	32
0	21
14	0
5	3873
106	1917
0	784
39	1662
0	254
0	1468
3	1105
8	51
0	198
5	602
1	516
0	72
0	130
22	354
12	146
1034	2
64	2
37	921
0	1778
8	76
1	80
1742	1716
70	699
0	50
1	8
0	212
3	75
0	17
1	2
23	0
139	0
0	108
0	39
0	755
1	18
0	361
4	0
0	314
0	209
0	1
4	383
7	4
2	0
0	394
0	45
0	3
5	3
0	45
74	130
302	178
0	128
32	62
1	62
5	51
0	1
0	0
2	1149
0	683
0	3510
0	292
19	121
0	271
0	501
11	3240
489	324
0	315
1	32
0	228
2	83
0	53
80	10022
0	6574
13	1257
29	10144
93	10112
1	641
0	244
12	273
62	16
100	147
177	9753
96	8575
1	8001
0	2587
4	242
2	136
3	136
0	0
4	72
0	65
0	56
1	53
0	19
0	27
0	4
0	7
1	1
0	0
0	70
46	370
12	354
0	24
20	141
0	122
2	60
0	0
3	20
0	6
0	0
6	606
3	693
26	1513
161	1619
4	106
28	92
1037	101
13	9
14	289
32	287
6	50
1	20
60	349
0	0
0	346
0	25
1	40
0	75
0	133
11	387
204	476
0	286
10	42
11	2
0	201
0	200
0	71
0	8
13	108
1	5
1	0
0	1
2	211
0	211
0	204
0	200
0	206
2	17
0	23
1	6
0	36
0	37
2	95
1	14
0	21
0	25
0	0
0	169
0	7
0	211
575	26
3	8
0	1
1	18
0	1
2	2615
105	2150
5	283
0	2464
0	144
15	228
0	350
29	336
0	161
0	62
0	126
3	36
0	68
4	1
0	4713
24	3516
190	4840
0	1059
14	1
0	16
1	235
0	255
0	18
0	31
37	65
0	34
2	0
1	0
2	0
0	0
0	0
0	0
0	0
0	0
625	1076
3	268
25	808
980	4894
4	3760
0	2665
1	872
1	0
3	228
0	183
2	302
137	309
0	55
0	10
0	3
0	4
0	0
0	0
2	0
93	1714
0	857
5	610
2	73
3	1095
30	84
11299	16250
122	15042
13	33
13	14325
11	7296
1295	390
4	389
0	126
2	126
0	25
7	126
0	0
1	1
7	393
0	113
7	10
0	341
0	339
0	34
0	265
0	185
1036	3965
31	3581
4	1051
1	29
129	0
0	84
3	84
0	4
0	4
0	0
0	0
0	0
0	0
0	0
0	0
0	0
0	0
0	0
1	701
0	693
0	32
9	43
9	172
1	256
1	275
6	525
0	575
0	1
517	422
11	383
0	32
21	53
21	39
0	13
0	0
0	0
67	375
19	768
1	609
3	152
10	434
0	52
0	3
0	2
480	84
52	5
2	19
0	6
2	68
0	2
4	5
0	0
0	0
0	0
0	0
83	76
1	0
4	5
4	17
7	37
0	81
0	85
0	295
85	550
6	529
0	27
6	34
881	121
0	119
0	0
0	0
0	0
0	0
0	0
0	0
139	21
8	21
2	0
603	1
357	28
1	28
4	47
0	47
4	323
0	291
1	287
0	65
0	94
11	67
0	15
0	3
2	3
0	133
196	261
15	7
0	4
0	254
0	51
0	9
0	0
0	0
0	0
0	0
37	85
130	85
0	5
0	9
0	59
0	58
4	59
0	2
0	3
0	54
615	411
0	338
0	22
0	17
0	12
1	5
0	0
0	3
12	25
98	677
7	677
1	72
1131	72
9	23
1	5
0	3
0	0
0	0
499	389
0	39
0	28
0	14
0	1
0	8
0	5
45	303
1	70
3	79
0	19
105	3599
63	3264
0	3611
108	3310
2094	3413
2	494
25	102
68	539
6	508
6	521
0	0
0	0
0	0
34	147
59	414
11	377
0	106
6	0
68	188
309	0
11	13
0	13
0	6
0	1
0	3
235	1449
147	1868
6	26
3	9
0	1838
3874	123
0	121
2	12
116	1718
5	9551
0	576
21	96
18	2
8	256
0	1450
7	106
27	9413
4	110
0	208
0	85
0	88
4	135
3	50
0	104
0	0
0	0
0	0
1159	238
1	23
4	135
13	53
0	63
2	107
29	373
1491	457
0	83
0	0
0	0
0	0
61	1095
1	1094
0	2
29	15
0	3
0	8
0	30
0	53
0	1
0	1
0	0
2644	992
63	975
49	57
10	41
20299	216
0	203
0	0
0	0
0	0
0	0
822	36
0	34
0	0
196	1459
18	1359
0	132
33	265
6	194
1	71
1	70
11	61
3	61
1	63
0	34
0	2
0	11
0	16
0	4
0	5
1	0
0	0
0	0
0	0
0	0
0	49
107	49
864	1421
1	243
0	88
10	1170
0	1844
71	1911
4	118
55	1213
1	123
1	23
4	0
1	46
1	0
0	0
0	1925
3	4
0	4
0	2
0	2
0	0
0	0
82	30
0	30
2	0
1116	3
0	3
0	88
0	86
0	24
0	19
2	17
1	0
889	8698
4	1066
0	3946
0	133
0	5707
0	8699
69	2634
3	2618
121	2705
24	2571
0	0
1	29
4	856
43	832
32	730
13	675
18	72
25	140
11	75
0	0
0	3316
0	0
0	106
1	542
1244	4317
0	515
0	4384
0	4476
0	4236
3	364
0	1837
15	49
198	4521
0	2352
0	354
0	46
0	300
0	281
0	1867
1	218
0	5
0	0
0	1648
0	2771
0	2761
0	2532
0	2531
1	1573
0	886
0	2730
16	2694
0	1857
0	487
1092	2896
7	18
4	1633
3	131
23	1839
9	2894
59	108
4	425
0	3001
0	1807
0	3024
0	2993
0	3117
0	0
174	787
6	788
49	746
3	125
0	86
0	0
605	0
169	48
1	27
0	21
63	2
0	0
0	0
0	0
0	0
7	3605
12	4358
4	1998
14	2314
2	6
1	2227
3	504
6	430
1	46
6	178
0	125
1	127
0	0
1	0
0	0
0	0
0	98
0	4
48	2158
23	50
77	2079
0	88
0	770
1	296
5	115
309	614
6	590
9	11
25	463
0	0
11	465
1	442
0	25
8	36
23	25
0	0
0	0
0	0
0	0
0	0
146	1529
25	539
1	126
1	123
1	27
0	1302
0	7
1516	3
0	126
1095	1682
2	2
25	868
0	694
2	1187
226	1347
19	1575
9	330
3	134
15	32
0	0
0	310
0	10
0	2
0	2
1	2
0	10
19	429
34	429
8	5
0	5
382	206
0	206
1	24
0	0
0	0
0	0
0	0
96	16956
10	2751
9	130
1	288
0	263
25	15
67	1546
0	11343
0	3439
7	7374
52	11558
47	3478
0	1296
18	17321
3	16969
0	0
0	0
2	1
0	0
0	0
0	0
0	13
0	0
0	0
24	0
0	0
0	0
0	0
0	0
0	0
63	1372
96	1360
0	1265
18	326
4	559
0	556
0	306
3	19
6	18
118	0
20	49
4	10
665	780
69	1336
0	1172
0	950
1	81
1	351
0	2
0	10
11	10
0	3
0	301
47	458
3	59
33	238
1	7
7	81
0	54
4	386
4	7
0	15
0	83
2	45
143	624
0	559
9	593
12	51
0	0
0	0
53	0
453	207
19	161
3	46
0	0
0	0
2	952
0	522
0	956
0	974
2	69
0	692
0	38
0	325
0	414
0	379
0	497
0	418
0	456
0	437
0	384
0	377
0	358
0	403
0	396
0	437
0	89
0	22
3	62
1	26
0	27
14	53
11	50
19	0
0	0
332	388
1	67
0	321
0	0
0	0
0	61
4	12
0	4
24	357
3	205
4	349
0	0
5	22
0	5
0	1
1	59
33	71
2	68
0	3
0	55
0	37
4	2
0	678
209	40
12	41
0	0
1	0
0	1
0	0
0	0
1	18
14	1033
6	16117
0	75
0	39
1	15263
0	340
2	209
5	1097
2	36
0	324
7	1136
0	33
1	0
0	143
9	149
20	101
3	25
0	0
0	126
0	13
8	9
1	107
0	1114
1	35
899	35
6	2641
0	2711
0	2782
0	2651
0	2734
0	2760
0	2700
0	2733
31	2707
0	2418
0	85
2	206
46	2
55	4
0	1329
29	2684
2	10
0	6
0	4
0	0
0	1
0	8
0	43
0	47
3	47
0	44
0	47
0	0
0	0
0	8
60	184
0	46
1	71
0	84
0	46
1	3
1	32
0	22
218	28
0	27
753	0
3	0
0	0
0	0
0	0
0	0
0	0
0	0
0	0
0	0
2	0
3	0
1	22
0	99
23	99
0	21
0	1
0	1
1	1
1	358
154	602
20	2
5	175
9	15
486	702
0	46
1	429
0	267
0	0
0	0
0	0
0	0
1177	592
24	592
0	0
620	722
1	528
3	201
0	193
0	57
1335	189
0	0
0	186
2	957
7	34
0	5
56	910
1	862
35	293
1	17
97	235
11	51
6	127
0	7
1	106
0	138
0	187
0	0
2	195
0	160
0	186
0	1069
49	1609
4	192
7	394
4	413
0	167
1	70
13	35
16	11
14	53
0	12
0	0
37	1105
133	529
12	1038
1	12
17	74
1	466
5	30
2	247
17	241
0	145
0	71
0	31
0	6
0	247
3	791
55	1849
1	18
0	132
0	30
0	0
0	14
0	5
2	9
0	3
0	31
1	1833
17	2380
2	2255
0	758
0	883
0	831
0	658
5	624
0	195
4	480
0	1
507	3476
93	2401
22	2004
3	23
9	1079
1	718
0	0
16	216
3	187
1	28
0	186
1	189
1	80
0	65
0	142
1	53
0	189
7	150
0	9
0	148
1	47
0	2
1	60
0	19
0	2
541	76
70	75
0	0
0	0
0	11
0	9
1	7
0	11
1	6
0	1
0	2
0	0
8	0
2626	19
2	17
0	0
0	1651
0	1642
0	1600
0	3
10	16
22	35
3	45
0	21
0	5
0	2
0	45
0	0
0	0
241	4303
179	4197
3	1412
10	388
18	222
11	0
12	378
3	1338
0	146
0	141
0	23
118	233
0	76
2	67
1	1
0	1
0	0
0	0
11	1
0	5
3	4
1	160
19	14
2	37
14	186
4	160
0	0
0	111
0	111
25	112
1504	131
1	1
2	45
9	110
6	62
371	444
6	563
492	3278
0	226
31	656
0	2703
60	447
0	29
0	168
0	26
2	158
0	0
42	0
2	0
0	0
0	0
0	0
37	2197
197	2487
0	0
6	296
0	0
49	1332
381	1406
28	1264
0	741
7	574
13	595
1	17
0	32
3	1
8	131
0	454
0	745
0	836
2	441
0	774
1	124
0	0
0	836
0	0
40	234
272	234
19	1712
0	78
0	186
11	134
4	20
12	0
0	197
0	180
3	70
0	114
0	195
6	2
0	0
70	1245
91	1124
80	1124
2	84
46	4
0	0
1	37
0	37
1	381
1286	850
3	654
0	73
2	159
2	35
0	0
0	0
0	0
0	0
0	0
0	0
0	101
125	228
11	0
0	30
8	116
6	0
0	44
0	111
2772	435
1	183
0	252
0	408
152	422
0	15
9	28
561	1200
0	92
4	1
0	1106
62	50
23	37
0	22
0	3
0	1
0	7
457	685
0	27
1	209
0	0
0	3
0	0
32	841
0	841
4	151
2342	301
26	151
21	180
15	8
4	0
1	9
7	703
0	0
5	832
0	832
0	0
131	95
0	72
0	48
5	61
0	56
0	10
2	10
0	0
0	0
0	0
0	0
0	0
90	17963
48	11917
52	16145
64	7230
2	1896
1	1561
0	8779
26	8375
0	63
0	831
3	4728
0	414
0	43
1	30
0	30
0	0
1	17
0	76
1	57
1	56
0	1
4	0
2	2
0	1
0	1
0	0
0	0
583	8
20	8
0	49
0	6910
0	6952
0	6905
0	7015
0	6734
0	1220
0	1264
11	156
136	227
4	6780
0	0
2	67
2	0
0	3
0	217
409	235
0	1
0	20
1	15
0	0
0	0
0	0
0	142
0	144
0	61
8	21
0	2
1	0
0	139
0	8
0	7
0	13
216	730
5	609
0	52
1	34
0	71
14	128
7	721
0	266
5	85
0	0
2	21
1	13
6	0
1	0
0	6
0	3
0	2
1	3
1	1
0	5
133	6658
0	5411
0	6652
16	6379
176	153
1	14
0	895
0	1212
11	387
3	585
0	827
32	955
24	32
1	39
32	29
0	190
31	515
0	0
660	777
0	85
1	109
0	10
0	114
0	295
19	170
26	279
0	0
0	0
0	0
0	0
0	0
0	0
0	0
0	0
0	0
0	0
0	0
0	0
0	0
0	0
786	782
4	782
46	2435
124	4211
1	3705
2947	4114
32	13
14	141
0	180
291	422
0	359
0	69
32	20
3	81
0	2
0	0
0	0
0	0
630	19
0	0
0	18
15	0
112	0
0	545
18	58
1	25
2	0
0	85
12	373
0	420
17	0
16	7
811	130
0	4
3	3
0	2
0	27
3	47
14	53
5	28
0	28
0	0
0	0
71	4957
659	4024
120	2515
236	2295
0	0
10	1686
0	36
303	1348
4	673
1	642
0	113
13	72
10	245
4	114
6	0
0	0
0	0
307	149
1	92
2	6
1	9
1	777
5	1007
0	2953
1	785
4	3094
0	2109
0	0
0	0
0	0
0	0
0	0
0	1167
7	189
21	1166
145	0
160	3930
6	3
5	420
11	3777
1	389
5	153
0	344
19	181
1	50
0	0
10	5
0	0
0	0
0	0
2	9761
24	1069
61	2596
22	255
38	16
296	2302
1	1270
43	5
4	583
2	46
14	653
0	904
2	1461
0	0
0	0
0	0
0	66
0	52
0	25
0	14
0	0
412	324
0	4
0	326
2	101
1	85
0	90
0	3
13	1696
25	1390
14	1195
3	99
1	387
0	112
2562	1
2	143
0	3079
82	0
3	929
1	75
0	898
9	131
1	893
5	109
5	1
2	16
9	56
71	48
717	13
0	13
2368	83
0	79
2	0
16	196
1	194
0	14
0	1
0	1
0	0
36	395
16	395
4	35
0	0
0	0
0	0
0	0
0	0
1	2467
45	2506
10	177
7	0
11	234
0	130
2	48
239	6686
132	240
211	225
5	6299
1	242
338	5912
1	553
564	50
0	50
1	4
0	0
2070	4047
0	4330
0	2718
0	2820
176	2748
9	1062
0	3840
0	1635
0	449
309	49
2	33
1	33
0	6
0	655
3	675
3	43
0	4
0	32
6	0
0	44
0	270
31	547
11	538
12	17
0	9
0	0
0	0
7040	1065
31	2
118	113
7	955
0	755
3	10
7	88
0	1
0	0
0	0
0	1
0	0
1	23
0	19
1	1
0	13
1	23
0	3
0	0
0	4
0	2
0	3
0	0
0	2
8	10
2	513
8	385
0	254
0	523
54	529
0	454
62	39
457	80
0	12
0	49
0	2
1	17
9	4
501	2
117	55
15	55
325	680
336	0
4	303
0	326
36	322
0	7
4	11
7	3
0	0
0	0
0	0
0	0
127	41
1	32
8	9
24859	3061
0	2201
4	1138
65	736
0	1460
0	0
169	3252
0	999
17	1240
12	986
43	2373
0	2231
1	702
0	21
0	1102
9	0
5	458
32	0
2	352
1	72
44	653
30	721
4	336
2	0
2	144
6	3
13	17
68	495
0	495
5	4
5	28
716	28
34258	25
11	265
0	233
4	219
5	161
11	34
0	0
0	0
0	0
0	0
1739	780
4	731
7	3
0	45
0	0
0	0
0	0
24	650
667	650
3	288
0	260
0	250
10	8
0	277
0	243
6	54
0	62
0	30
11	31
0	14
3	10
15	29
809	3624
0	188
0	2
247	3187
0	26
0	12
26	217
0	0
3	425
0	227
3	118
19	698
0	2
1	2
0	0
0	2
0	2
0	2
0	0
0	0
0	1
6	10
0	1
15	10
30	37
0	37
631	1459
11	181
23	10
0	8
1	8
591	0
0	0
17	287
8	279
1	282
0	5
34	188
27	377
0	290
9	170
0	3
0	20
0	3
0	18
0	246
17	246
0	49
0	41
0	21
15	21
0	19
0	49
0	22
2	31
0	165
2	201
3	223
1	127
24	24
82	6
342	0
2801	32
5	30
670	327
1	37
0	327
65	3
0	3
0	0
0	0
0	4
1	4
0	0
2	118
5	163
6	304
10	40
0	285
665	2
4	0
2878	767
6	392
3	479
0	418
0	12
0	418
0	305
1	6
0	0
0	35
0	50
0	0
0	0
0	0
2	611
0	591
2	583
23	246
0	275
8	12
0	42
0	18
15	15
17	55
6	19
0	15
0	1
0	1
1773	3848
1	3858
0	3207
7	896
0	75
0	258
1	250
1	228
0	8
36	5
7	1
3	78
0	7
0	0
87	76
0	40
0	38
0	0
0	0
0	0
0	0
0	0
0	0
0	0
0	0
39	127
1	127
0	6
0	0
0	0
0	0
0	0
0	0
0	0
0	0
0	0
0	0
114	927
0	766
1	128
0	417
0	30
0	5
0	0
0	0
4	1217
81	1217
1115	1216
0	14
0	196
0	0
0	0
0	0
0	0
0	0
0	0
0	0
0	0
0	0
19098	234
0	219
0	0
4	20
0	20
11	2
0	2
0	0
4	722
3	541
10	107
29	702
0	1135
206	521
0	541
8	23
0	0
0	0
0	0
0	0
0	2
0	0
0	0
1	1
0	1
1	1394
3	1580
31	924
0	854
0	701
3	446
11881	8320
0	1523
4	992
1	1352
1	832
8	4910
0	2996
0	2962
0	90
0	134
0	0
0	1
0	1
0	0
0	0
0	0
0	0
0	0
0	0
0	1
4533	381
8	324
11	55
0	2
1	2
0	0
0	0
0	0
0	3
10	401
32	401
0	62
0	66
0	0
0	0
6	174
5	992
23	864
3	40
0	1404
168	700
3	818
1	30
0	12
4	15
2	982
7	977
0	1
3	4
0	0
0	4
0	4
1	804
0	855
1	923
0	866
22	37
0	825
1	252
0	700
0	803
0	18
3	895
12	963
1	869
0	46
0	757
0	630
0	609
0	125
36	48
0	109
1	0
11	166
39	5606
2	1860
0	4569
20	5409
3	3820
6	3755
0	2531
1	3375
3	193
0	1437
0	930
0	1066
0	952
0	927
4	1192
5	0
1135	2887
15	37
1	54
299	3498
166	3512
247	79
16	209
93	444
0	388
0	56
0	0
142	163
0	97
1	88
1	72
1	37
0	53
0	51
0	18
9	6
2	3
3	19
3	25
1	10
1	16
0	6
0	2
0	277
0	1103
0	1257
2	86
0	1109
67	844
4	241
3	21
8	262
1	98
0	3
0	64
0	104
0	355
0	351
2	66
5	64
0	69
0	61
0	46
1	44
5	2
6	0
0	87
21	91
24	129
14	47
0	137
9	120
1167	0
6	9
2	50
2	231
0	10
0	33
3	233
16	220
0	7
0	11
0	0
0	0
0	0
9	13
124	1127
5	60
1	12
0	1066
8	57
187	1287
1	1211
3	877
2	74
377	3491
0	406
29	68
6	185
3	185
6	2378
3	1659
0	18
1	116
0	3
0	1658
0	0
0	0
0	0
0	7
0	7
0	2
0	0
0	2
0	2
0	2
3	350
49	296
17	234
0	94
0	12
0	0
0	0
0	3
2	12
0	0
158	77
11	60
2	17
0	6
0	5
1	4
0	1
9	20
0	14
1	0
0	0
2365	2482
62	228
0	2251
5	547
0	0
0	37
0	37
0	541
0	70
0	128
2	75
25	241
2	0
0	414
0	0
2	201
1	187
0	102
0	138
0	281
0	64
0	2
0	2
5	13
0	2
3	7
207	12
0	12
2	1
0	1
0	0
0	0
0	0
0	5
0	1
0	0
0	2
0	0
0	0
95	1433
25	1433
0	215
2	0
0	0
0	2
0	1
0	0
64	192
6	173
0	14
18	140
13	140
191	340
0	333
0	26
30	15
0	0
138	2154
73	1445
139	899
1	178
4	550
29	576
43	604
0	335
16	379
2	1869
22	631
0	26
1	27
0	0
0	0
0	0
0	0
437	114
0	113
0	0
23	14
0	14
0	2
0	0
0	0
97	168
8	21
364	1209
77	1210
1	0
158	0
2	63
2	65
0	2
0	10
0	0
3	1324
5	1258
18	219
4	0
3	7
0	5
0	0
19	32
0	11
3	30
11	457
0	49
103	0
0	0
0	0
0	0
0	3
0	3
0	0
0	1199
0	63
0	63
15	646
12	502
3	321
3	0
5	65
23	300
1	147
11	0
8640	5195
0	1785
6	1027
0	219
3	255
1	1714
0	22
1	1280
0	0
0	0
5	0
1054	144
87	0
1856	145
35	507
1	1
0	2
0	2
0	0
1	142
19	142
0	4443
0	3665
0	663
49	1998
0	512
22	117
11	3961
9	3686
0	223
2	89
8	303
9	281
5	3
6	31
5	98
8	4789
427	464
0	468
7	468
0	0
2	1159
27	1196
6	2674
317	803
722	10856
100	12290
3114	4105
0	852
10	2
0	198
3	18
0	175
63	164
23	7123
0	0
85	1052
272	1344
15	829
0	19
95	15
0	0
0	0
0	0
0	3
0	3
0	3
14	469
12	469
0	46
16	9
0	2
118	63
1	6
0	59
1	40
0	34
0	6
3	11
0	3
0	11
2	10
107	39
982	49
14	10
7	0
0	0
97	4559
71	2767
0	1193
82	787
0	594
25	3355
11	163
1	952
0	33
1	2744
25	2374
54	1224
3	401
33	823
0	12
0	0
17	22
1	10
0	0
0	0
0	0
0	0
34	5015
46	4967
230	5119
37	1290
0	374
32	1389
1	37
1	45
2	98
1	0
2	9
0	1
0	1
0	0
7	0
0	25
0	26
0	1
0	0
0	0
0	0
0	0
0	0
0	0
0	0
0	0
0	0
0	0
0	0
0	0
0	1
0	0
0	0
0	0
0	0
0	0
0	0
0	24
0	26
0	0
192	872
24	893
0	23
72	0
4	1
0	1
0	1658
1	2012
0	1895
5	60
3	58
1	58
0	0
0	0
320	349
0	287
1	158
1	0
2	11
98	0
1	0
30	1396
139	1423
0	2
2	21
9	118
0	683
11	0
0	0
0	0
0	3
0	3
5	127
57	334
9	218
0	28
2	6
1	1
47	1163
39	961
0	669
38	0
266	0
5	77
0	0
0	156
0	669
31	2766
4	3163
0	405
3	3563
0	0
0	3368
0	0
0	0
1678	41
0	4
12	38
0	16
0	16
76	482
7	0
1	482
1058	255
0	255
5	0
7	0
0	0
0	0
0	0
0	0
0	0
0	0
0	0
0	0
0	0
0	0
799	0
25	382
40	329
4	382
0	0
0	12
0	20
0	24
1	20
0	11
0	24
6	413
0	1269
0	1242
0	48
0	1239
0	17
0	160
29	1232
1	66
0	24
0	0
555	222
0	15
2	207
10	51
28	1
0	18
9	6
0	6
863	1193
0	1001
1	285
0	74
1	94
0	328
7	6
2	111
0	9
2	0
1596	427
3	426
2	1283
11	1083
7	781
10	15
5	367
6	2
0	41
0	717
3	173
2	172
0	0
6	7
14	155
2	6
0	0
0	0
4	54
0	54
214	44
0	50
11	56
5	983
1484	1116
10	0
9	1
0	12
0	11
5	75
0	0
0	0
0	735
1	2
77	737
704	21435
2	21437
0	19731
0	182
1	4939
222	4612
2	986
6	1035
3	910
3	457
3	0
16	148
133	135
12	1016
32	858
13	91
1	887
4	77
20	1
2	85
47	2
0	8
1	366
0	63
0	68
0	49
0	5
0	5
1	18
0	0
0	0
0	0
0	0
0	0
0	0
318	2035
52	2034
56	224
0	0
0	0
2	285
11	362
0	125
0	127
0	112
1	2
1	20
4	32
43	138
1	150
7	102
8	124
4	36
52	483
11	484
0	3
21709	11251
0	10995
20	270
18	258
5	14
1255	2
14	19
8	19
6	0
7	189
0	44
0	0
0	3
4	145
0	11
41	465
931	3046
73	159
8	2683
0	2147
1	22
1	592
0	30
9	36
1	11
0	21
0	13
0	6
0	2
1	3
0	3
2	0
0	0
37	1
122	188
108	188
0	13
0	5
0	5
2	2
0	2
1	19
3	25
5	12
8	9
0	7
0	0
0	0
72	0
0	0
0	2
0	0
0	2
0	2
0	0
0	0
0	0
0	2
0	0
0	0
0	0
0	0
0	0
0	0
0	0
0	0
0	0
0	0
0	0
0	0
0	0
0	0
0	0
716	117
6	0
0	0
0	0
0	4
0	113
139	127
110	23
0	254
1	254
0	252
1	250
0	31
0	24
0	0
0	0
1	1
22	171
1901	377
2	317
0	1
3503	77
14	74
10	501
0	3
7	502
95	502
6	93
4	32
1	19
0	55
0	35
6	35
54	41
0	7
0	11
0	0
0	0
0	0
628	898
0	554
23	332
6	70
0	0
0	2
0	16
0	2
9	0
0	2
0	3
0	887
0	2
0	2
282	131
0	47
11	131
2	2230
0	1754
0	2615
0	299
870	2377
183	2231
75	135
109	133
0	2
0	0
0	0
0	0
0	0
0	0
432	381
2	388
0	307
3	36
243	106
5	98
0	10
0	8
0	3
7981	9
19	271
14	195
3	76
0	172
118	15
0	14
29	203
0	203
0	127
0	54
1	70
1	79
2	40
1	68
0	46
0	6
1	5
1	0
0	0
0	208
0	0
0	32
0	5
0	5
0	208
226	526
286	1026
0	581
0	268
0	189
2	78
3	128
1	102
3	8
0	49
0	1
0	1
0	0
0	0
0	0
0	0
0	0
0	0
0	0
0	0
14	3
0	1
0	2
12	697
20	4
35	434
0	419
0	509
0	37
1	45
0	124
0	272
0	177
4	122
0	59
69	3461
101	723
24	0
12	2785
27	2151
26	2866
0	2011
4	2194
0	446
1	0
1	49
34	22
8	35
1040	2
0	1800
1214	3525
0	1634
0	2077
4	83
1	2077
0	40
3	566
2	263
57	863
139	423
1	363
3	263
0	5
0	77
0	0
2	150
391	83
7	82
69	128
0	126
1	18
186	365
17	12
52	129
0	121
0	65
0	145
10	10
0	0
0	0
0	0
0	4
0	4
0	0
0	0
0	305
3	323
0	305
1	274
0	39
0	31
0	6
0	18
0	32
0	8
0	1
0	1
5	0
5	2
0	2
3	1
0	2
10	6
0	5
18	26
0	26
2	1
0	0
0	0
0	20
0	24
0	48
0	23
0	0
0	0
0	0
0	1
0	32
0	1
0	6
0	33
9	33
0	0
0	17
0	11
0	2
0	3
0	1
0	13
0	21
1	30
0	53
0	71
0	52
0	52
0	99
112	93
0	86
0	108
0	77
0	59
0	62
1300	126
3	123
2	43
0	0
5	213
469	1066
6	4
2	3
0	346
6	59
0	84
20	324
2	199
26	1376
21	690
0	892
0	917
5	773
40	409
5	1085
8	22
0	2139
0	696
2	23
314	2411
0	204
2	1775
11	943
15	239
14	724
8	137
0	329
2	262
1	146
1	140
59	224
303	384
0	0
11	1070
0	11
15	480
17	330
35	893
0	1059
0	0
2	1607
906	1607
0	0
0	0
0	0
0	0
0	0
3	0
0	0
440	277
1	229
46	108
52	75
0	0
0	0
3	875
0	257
5	367
0	840
0	159
2	54
0	15
0	40
0	586
0	2
5	36
378	94
0	71
105	247
1	247
929	148
0	0
174	0
9	2
2	1
584	541
0	296
0	132
0	135
1	143
4	66
1	10
18	21
10	1084
232	860
6	183
0	2126
0	1055
0	1027
0	864
0	779
22	1575
8	0
0	163
0	11
0	1
0	25
0	1058
126	5048
0	4685
0	65
0	2129
306	4024
0	1609
0	1223
2	423
8	204
4	200
0	714
2	39
40	1
73	292
4	54
0	26
0	0
0	0
3721	7
42	4
0	4
0	0
0	0
3	2262
91	2262
0	46
0	233
234	390
0	91
4	390
43	3926
27	532
15	3836
0	3691
5	3592
19	4
0	1668
0	318
9	6
0	0
2	0
1	0
8	77
0	1722
0	1
0	1
11	5206
60	5026
0	4011
0	5025
4	4645
79	2897
5	4555
0	35
0	226
3	847
0	0
1	755
18	1319
2	1187
2	452
0	690
0	186
0	362
0	481
1	72
0	483
1	373
0	1
2	83
0	0
1	34
0	941
0	886
15	1161
3	541
16	400
3	83
8	0
0	289
0	49
57	65
0	3
6	28
3	24
0	2
24	3317
315	3318
2	614
284	3222
0	148
0	174
0	180
3	182
16	344
1	4
4	41
16	92
4	76
29	1798
3	1710
90	1570
5	840
26	294
8	169
13	124
4	44
13	285
15	82
0	161
3	215
10	285
123	491
33	73
10	35
0	22
1	1908
296	83
1	83
0	252
674	497
1	297
2	162
3467	762
0	735
0	26
1	2652
2	0
1278	50
0	25
1	25
4	41
4	17
8	2342
0	2317
0	2201
0	1237
7	857
2	237
3	284
24	240
0	212
1	39
0	2303
0	2317
1025	75
7	42
1	20
5	1
0	10
0	2
22	861
8	543
0	855
0	332
0	14
66	3
32	1
0	12
0	2
0	0
2457	2998
37	2997
68	734
618	480
0	477
16	379
2	46
305	77
4	70
0	3
1	9
0	4
0	0
4	6
0	6
0	2274
0	1769
1	941
0	1858
77	2461
0	1560
129	2463
38	2041
0	518
13	689
0	15
1	3
4	24
14	39
0	56
89	369
18	390
0	15
0	44
6	1807
361	1807
477	5789
6	5789
5	2457
0	95
1	0
0	1
0	7
2	95
4	480
0	450
4	239
0	473
3	45
1	0
0	0
1	0
0	0
17	99
0	52
0	32
0	47
1966	4
76	0
129	213
1	213
2	2
0	2
1	1
0	0
22	19
0	19
0	10
0	5
2	9
0	7
1	257
234	324
9	108
0	78
5	93
1	53
2	18
0	15
7	20
101	1678
0	1575
1	221
24	63
35	44
0	4
151	32
13	77
2	13
1297	54
0	28
0	3
2	5
0	1
0	17
1	0
16	500
2	483
0	507
0	121
0	139
0	79
0	58
0	4
0	65
9	35
2	18
1	4
11	7
6	452
0	66
3	318
6	65
3	433
0	26
0	26
7	63
1	48
1	149
363	149
0	41
3158	31
0	28
6	605
67	596
98	1180
25	606
0	73
2	170
0	206
1	2
3	2071
10	2198
0	1189
29	1207
11	160
5	80
0	46
20	73
0	0
441	2582
24	3002
0	2812
35	2205
0	1194
0	513
6	1060
29	897
0	928
0	898
16	227
37	685
1	173
0	215
0	26
0	2576
33	0
4	45
1	45
1	6
2	3
0	0
0	0
0	0
0	0
0	42
0	42
1	41
1	42
0	41
0	1
0	43
0	44
0	0
0	0
0	0
1173	0
0	0
0	0
0	0
0	0
0	1
0	1
764	42
4	31
10	39
1	0
19	471
28	249
1	177
2	70
0	104
0	493
0	232
13	587
0	0
0	0
0	0
0	0
0	0
525	5
12	5
0	0
0	0
0	0
0	79
8	108
3	220
4	16
0	396
23	511
0	511
1	882
0	739
0	1047
0	1072
2	340
0	583
205	877
69	17328
1152	17329
62	12553
1	1423
46	50
0	47
0	0
0	0
0	0
0	0
0	0
0	8
0	3
0	8
0	0
0	3
0	1
0	2
0	2
5797	2569
1	1992
25	2365
8	720
0	1757
60	1990
0	1538
0	2271
2	1
4	446
4	798
21	51
0	0
11	42
374	303
1	8
0	72
0	94
3	0
0	23
0	2
0	11
19	25
0	19
47	7
0	146
8	41
0	0
20	725
2	85
0	748
0	4
3	742
0	47
14	0
9	150
0	734
747	133
0	131
2	74
0	1
0	1
0	1
2	7
0	0
14	35
1	35
0	9
0	0
0	0
0	0
1613	0
0	0
8	0
64	1535
0	1587
1	558
0	450
1	158
2	356
22	147
0	90
3	29
0	23
0	1
26	5
4	5
5	27
1	13
0	12
1	2
0	1591
0	7
1	7
304	213
56	172
1	142
0	92
5	54
0	38
20	74
13	1
0	1
3	61
0	0
0	7171
1	135
0	131
0	80
0	89
1	8
1	5
0	1
0	5
0	1
3	0
8	456
4	53
0	365
0	12
0	18
0	7
0	4
0	152
2	456
3	0
0	0
2	2595
0	2768
0	3421
0	3418
3	3423
395	3885
0	1972
0	817
14	127
0	145
39	89
0	16
7	38
2	14
0	62
0	12
0	14
0	1258
0	1231
61	1441
0	1365
9	1361
3	505
0	139
0	162
3	3
0	24
18	1439
0	1384
11	1275
133	1457
11	779
0	10
14	71
0	945
1931	171
0	0
0	0
2	18
1	0
0	16
4	2
0	17
10	1
0	1
0	0
0	0
486	147
4	147
0	152
512	258
1	2
111	0
0	105
0	0
21	0
0	0
0	0
2	61
0	61
0	0
0	0
0	0
0	0
0	0
0	0
48	2805
0	2783
4	1253
47	164
112	833
8	686
107	13
166	4
2	0
0	25
1	28
792	26
2	0
1	94
0	172
0	117
0	25
0	29
0	41
1	43
4	70
42	100
1	0
0	1010
316	1011
3	882
176	804
3	103
0	12
0	804
0	0
0	0
0	0
0	0
0	0
2	0
53	64
678	205
0	152
0	78
0	90
0	77
0	0
0	5
0	52
0	0
0	0
0	29
5	77
1	1718
15	1718
50	1715
2	11
0	294
11	1577
3	1583
33	885
0	34
0	78
0	0
0	0
1	1
0	0
0	0
1	1
0	451
10	466
11	162
1	150
13	70
0	20
6	36
7	13
0	0
0	0
0	0
0	0
2	6
1	32
0	3
0	30
0	1
0	30
0	1
23	0
0	1
0	1
0	365
24	365
0	3
1	31
0	1
0	2
31	2085
5	1997
0	53
0	2004
851	286
1	286
0	218
0	0
0	0
0	0
15	0
7	1914
38	262
1	1567
6	1676
52	1404
0	1777
1	5
2	10
13	243
0	33
13	302
0	1
0	1
0	0
16	146
0	463
2	442
5	58
15	228
0	4
1	103
0	1
0	3
0	2
0	1
0	3
0	3
1	3
0	0
0	0
0	0
0	0
0	0
9	221
56	222
0	195
5	137
0	22
3	16
2	16
12	3
0	3
0	1
0	1
292	2935
0	177
1	345
2	137
0	440
2	2442
0	607
130	0
59	105
40	36
6	13
2	33
7	18
0	6
0	2
0	2
2	0
2	0
1	1
170	113
5	113
26	0
0	688
0	668
0	107
0	31
0	323
0	0
6	439
0	438
1	388
0	112
0	87
0	110
0	9
0	20
0	0
0	40
0	0
28	51
0	43
0	47
0	0
0	4
0	1045
35	1211
1	1279
1	59
0	1196
0	905
1	396
0	860
0	0
6	76
2	545
34	231
0	20
0	1162
0	148
0	114
0	1
0	155
1	0
0	0
0	0
3	1
0	1
0	0
6	55
0	53
0	36
1	7
3	10
0	5
0	5
0	5
0	5
0	5
0	5
0	5
0	2
0	0
0	0
0	0
0	0
0	0
0	0
0	0
0	0
0	0
0	0
0	0
0	0
3	5
10	3
226	299
0	291
8	282
2	56
0	17
0	1
0	0
23	1572
0	59
0	48
2	0
1	69
0	58
7	4
11	1
0	1572
33	3682
323	3682
0	47
0	0
0	0
890	4162
1	4157
15	43
1	57
2	0
0	0
1	0
0	0
0	0
0	0
0	0
0	0
0	0
0	0
0	0
0	0
3	1332
74	1492
2	653
21	869
0	266
0	1
286	352
4	351
0	251
9	14133
2434	14136
149	374
19	371
23	323
0	319
1	289
0	279
5	0
0	0
7	11
0	14
1	4
5	5
0	0
0	2
0	2
0	0
94	393
0	387
3	202
0	167
2	23
0	1
0	0
0	0
0	1
0	0
0	2
222	474
29	420
8	387
0	0
2	89
0	0
41	2564
9	0
0	2564
0	0
0	0
680	1030
4	1
0	122
0	1011
518	1120
0	5
5	1115
5	0
0	0
0	222
50	256
7	252
0	30
2	218
0	5
3	172
0	15
0	3
0	0
17	166
0	0
9	168
17	10
0	0
0	0
0	0
1	60
0	8
2	58
0	7
0	0
0	48
1	54
0	42
0	1
5210	5
81	26
1	2
0	2
3	0
0	0
52	24
7	2
0	0
0	0
0	0
97	203
1	128
0	157
25	4
31	473
0	230
12	249
0	36
41	277
65	327
0	146
0	111
0	208
0	1
2	79
0	15
0	0
3	14
3	14
0	10
0	14
1	2
0	2
0	2
82	979
0	28
3	3
0	1
0	971
22	606
14	604
7	561
2	642
0	0
0	400
0	95
0	102
1973	609
3	609
0	214
6	0
3	69
7	70
261	78
0	83
4	0
8	35
0	35
0	32
2661	51
1	48
0	0
35	566
7	14
0	198
5	283
0	25
1	576
1	0
47	482
0	0
16	5
1	5
0	0
6	33
0	37
346	2373
39	2369
0	0
0	0
40	5
0	5
0	0
0	0
0	0
0	0
1430	116
0	116
0	0
106	717
0	717
367	3890
3	3468
385	3887
0	173
0	381
0	632
1	348
0	0
0	3472
0	1467
11	824
0	1695
0	220
3	379
1	0
1	28
3	3707
1040	338
0	32
6	343
0	151
0	139
0	4
3	98
0	6
11490	14
1	0
141	1554
114	1554
0	0
0	1
4	103
0	103
1207	8
24	7
160	389
1374	430
2	358
0	352
0	283
0	91
64	101
0	34
59	34
47	154
0	93
17	48
27	41
0	23
0	37
0	61
1	2
35	52
0	2
6	2
0	0
0	3
0	1
0	45
45	0
0	0
0	0
0	0
0	0
97	0
3	0
0	0
0	0
93	0
613	287
0	252
0	252
0	194
1	199
1	159
0	144
5	117
3	57
0	59
1	0
0	194
807	275
0	7
0	90
0	130
0	104
697	19
4	19
151	0
1	374
4	444
24	412
3	85
0	0
0	245
1040	9
1	0
12	5
11	1323
24	3283
0	3012
84	2876
0	24
5	2323
0	5
0	0
3	2159
1	75
9	122
1	37
2	8
3268	1
1	0
0	0
0	0
0	0
1	5
0	13
0	9
22	0
104	32
0	32
0	5
76	1
0	161
0	1
655	163
0	68
299	713
141	149
0	290
0	434
25	89
2	374
4	686
91	728
193	892
14	281
0	745
2	1289
46	1229
0	633
0	97
3	22
0	31
6	0
4	120
6	79
20	147
21	1
0	57
0	100
3618	15
1	11
615	1
1	0
59	553
4	397
8	551
0	44
0	44
7	114
0	40
12	38
9	7
2	35
0	4
12	3
21	12
7	117
2	1043
5	965
0	327
0	74
5	53
2	3
0	1044
0	1051
3	79
480	1896
12	1849
5	3
8	780
40	488
0	0
0	0
109	852
3	1337
207	4150
74	675
24	3852
1	29
12	0
7	37
1	95
23	284
1	21
6	97
1	40
1	31
6944	1
38	323
36	378
28	368
6	14
4	60
4	7
2	10
17	8
0	3
11	3
8	2
0	7
0	0
0	0
0	0
0	111
11	111
0	6
1	15
3	7
0	21
64	4
0	0
0	21
0	24
0	1
2	0
0	22
400	0
0	0
3	346
0	345
1	93
8	1
0	39
7	110
4	83
1	15
0	0
0	1
0	0
0	0
29	360
76	428
0	29
57	1
28	274
11	0
0	83
0	61
10	1
0	1
0	2
1218	75
0	2
0	71
0	62
16	55
0	7
0	1
0	54
366	0
1420	493
3	496
1	266
0	0
0	0
0	0
587	895
6	409
2	663
0	1
5	7
0	813
37	553
99	3962
0	3738
4	138
0	2439
0	0
0	0
37	0
122	26
0	26
2	0
4	0
18	0
0	0
0	0
0	0
865	3551
53	3551
281	1
0	0
2	38
0	38
0	4
0	0
0	0
0	5
0	0
0	0
0	34
0	0
11	159
1	132
1	5
15	89
127	0
0	0
0	0
0	5
0	5
3183	3471
7	1644
0	2338
0	2862
1	0
16	118
2	1644
8	105
0	418
0	1655
1	620
31	488
76	487
0	190
20	38
0	25
19	109
1389	148
0	18
3	130
0	26
18	53
28	308
0	158
0	167
0	161
0	1
0	174
66	0
123	1557
31	592
0	556
43	104
0	402
1	93
10	26
1	120
0	18
25	1
1	366
0	0
0	28
0	947
4	810
46	824
1	402
0	328
0	183
0	93
14	402
4	1365
0	46
18	1034
13	226
0	708
66	455
31	1301
3	14
0	110
4	0
0	303
0	1368
0	23
1094	776
3	370
7	475
1	673
1	502
0	218
0	111
0	0
0	148
0	0
0	0
0	0
0	0
8	387
0	225
0	401
0	3
304	384
0	128
0	0
0	0
0	120
0	4
0	1
8	55
0	15
9	7
1	25
2	9
5	19
3	0
0	55
0	0
0	0
2	0
1	0
0	0
109	152
0	113
2	6
19	169
34	945
2	866
16	475
26	430
52	40
0	358
0	16
10	23
1	54
0	3
14	10187
5	527
275	3465
1	3659
6	9452
22	2887
2	2
14	604
0	661
0	677
1	167
0	247
0	247
0	247
4	1
0	18
0	2914
63	77
19	214
0	173
0	140
0	0
108	124
0	123
1	0
7	601
48	610
1	38
0	11
17	58
9	46
3	36
1	6
0	41
825	2801
8	216
0	3
0	1919
2	468
15	33
33	2660
20	2487
0	0
0	0
0	0
0	0
1115	208
1	206
0	153
0	0
0	0
0	0
6	2109
0	1030
5	744
0	1800
4	197
0	0
0	0
0	0
15	1450
0	1117
0	315
13	68
0	239
0	229
1	0
0	220
0	229
1	0
0	62
0	63
8	0
0	1378
0	0
1250	1
34	415
2	514
64	382
0	328
8	2
9	15
6	5
70	1121
0	1025
6	1012
22	856
1	74
2	10
3	95
2	283
0	41
0	11
1	19
0	2
0	0
2064	627
33	621
2	5
20	1
4	0
199	353
6	361
4	238
364	1
1912	565
29	565
0	0
37	0
278	96
0	96
2187	8826
0	8670
1	428
909	1254
233	1254
0	0
1807	1157
43	405
75	506
1	43
17	528
0	548
0	84
0	505
14	331
0	76
0	72
0	18
0	0
0	13
0	75
1	16
0	0
0	534
17	2132
13	2121
0	2075
2	221
0	65
0	0
2	7
57	355
0	5
7	4596
6	154
36	3241
2	144
20	4082
7	180
1	18
0	320
0	1
0	0
1	4
0	0
1	4
0	0
0	0
0	0
19	44
0	44
1	7961
2	8144
0	2458
9	2605
0	3726
0	22
1	136
0	424
0	9
0	410
0	3
16	104
113	16684
0	16596
1	1635
9	2336
29	377
3	2712
23	154
1	0
0	816
0	295
2	609
71	1091
114	1206
3	0
0	0
0	0
0	0
0	0
0	0
0	0
19	78
1	36
0	36
6	2
0	0
0	0
1238	449
7	7
31	442
0	525
0	509
0	492
0	515
0	482
0	296
0	148
7	53
0	120
11	132
20	94
1	72
0	76
0	81
0	90
0	63
1	72
0	30
0	29
0	39
0	26
0	0
0	10
0	8
0	488
1912	5
48	431
5	31
0	13
0	1
0	92
0	431
0	0
15	212
1	33
0	307
0	274
0	38
8	177
11	161
6	3
2	2
0	27
2	65
0	3
0	0
11	0
0	281
0	1
0	0
2	1
0	0
0	0
0	0
0	0
0	0
0	0
0	0
0	0
0	0
0	0
6	46
0	0
0	7
2	44
1307	1
304	8
2	8
0	7
0	0
5	107
0	72
0	70
0	100
0	11
31	58
0	59
1	60
0	0
0	0
0	0
0	0
0	0
28	11
0	11
1	1
0	1
0	616
123	616
2	103
0	609
0	2
99	2298
115	2329
1	747
1	167
1	2
0	504
25	506
30	96
22	844
6	12
20	593
0	340
1	323
13	220
0	89
1048	862
10	218
27	218
3	57
1149	57
0	0
0	0
6	0
0	1032
811	1123
3	18
2	0
0	635
0	3
0	134
12	664
0	777
0	496
3	744
1	625
3	290
20	7
0	132
22	187
3	76
1	0
4	0
236	158
0	92
3	8
0	0
4	25
1	25
0	6
0	5
0	3
4787	993
38	841
0	251
0	377
0	169
225	0
0	117
0	226
10	284
12	8
3	47
0	291
0	0
0	0
1	10
0	0
0	5
2	14
0	14
0	0
0	0
0	14
0	0
166	106
5	95
0	0
0	0
0	0
0	0
0	1
0	0
0	0
0	0
0	0
414	1101
0	1076
0	670
0	1008
0	84
6	68
2	139
1	42
10	97
0	98
0	83
9	0
0	6
2	6
628	1
0	0
0	0
0	0
0	0
182	188
1	8
0	8
0	171
14	0
11	1
0	11
0	4
0	188
33	66
4	7
1	9
1	50
4190	477
144	236
5	321
19	13
0	0
0	0
0	0
0	0
0	0
0	0
0	0
8234	564
8	325
1	169
0	60
2	63
534	0
4	0
0	0
78	818
0	603
5	47
2	98
0	21
0	8
0	0
0	41
0	28
0	796
0	1
0	0
0	0
195	33
507	269
3	155
0	0
275	155
7	141
28	22
0	18
1	0
26	0
1	398
0	352
1	311
0	343
0	385
1	39
34	49
1	0
0	1
14	8
1	9
10	0
609	58
0	25
0	0
0	32
0	0
0	0
0	0
40	5
0	1
0	4
0	0
0	0
0	0
0	0
36	200
22	115
1	101
3	29
0	20
0	11
0	2
0	1
0	0
0	1
45	55
0	55
1	10
5	0
3	7
8	7
38	514
16	430
0	90
6	0
0	0
1	27
0	28
0	1
0	0
0	0
0	23
0	2
0	3
0	3
0	0
20	803
18	116
0	798
7	559
13	0
2	57
0	0
109	377
22	377
0	1
0	1
0	0
0	0
0	1
13	3919
714	3919
0	0
0	0
0	0
0	0
0	0
254	15
1	15
0	4
0	2
0	4
0	0
5	0
2502	200
1	28
5	122
2	0
0	46
310	462
0	462
6	15
5	1678
9	1571
89	4
2	588
18	421
0	242
0	7
2	1221
363	3561
801	2332
262	2542
26	89
26	1962
25	217
5	143
19	90
0	0
6	2324
65	2425
2	339
0	120
12	160
3	0
1	74
9	21
2	1008
4	5
233	0
0	0
3	11
8	86
0	99
1	24
11	0
0	0
0	0
0	0
250	0
496	40
1	17
0	0
0	21
0	12
7743	20
345	235
26	138
26	50
4	99
0	13
2	14
165	1130
47	1214
13	140
3	276
0	84
18	117
0	400
17	356
4	72
0	0
0	0
22	743
13	743
0	507
0	20
43	190
0	34
9	4
0	550
115	724
0	204
4	577
8	435
4	405
10	165
0	363
0	13
2	3
6	1
1	3
2	2
0	1
3509	675
1	495
0	4
0	176
0	0
0	0
0	0
43	0
268	0
1	0
87	178
0	178
2123	10
3	8
2	0
5	0
3	0
9	70
69	70
0	9
0	3
0	1
1	0
0	0
0	0
0	0
3	2005
34	3133
34	1543
2	626
2	218
10	86
1	777
0	1
4	113
0	0
0	0
0	0
5	737
53	773
0	671
13	150
3	153
0	147
0	140
4	11
1	148
0	132
0	140
0	127
0	2
324	92
2	92
20	0
894	0
0	0
0	0
0	0
0	0
0	0
0	0
0	0
0	0
7	17
3	17
1	11
0	5
90	835
8	789
24	49
3	37
1	50
12	47
28	0
4	16
10	0
0	0
2	0
191	40
734	39
2	43
0	43
0	8
0	10
1	409
12	37
0	421
17	254
446	541
24	166
1	377
1	351
0	3
15	95
0	1
8	849
0	1
16	729
0	1162
6	0
1	0
0	946
249	1296
5	1173
5	0
141	999
26	838
42	100
0	828
100	621
2	4
0	0
1	452
0	427
4	239
2	384
0	44
4	133
0	183
5	137
0	76
7	86
0	1
863	635
8	288
3	56
0	259
1	351
0	0
0	0
379	382
0	285
0	38
0	34
0	78
4	0
98	2499
7	1
1	43
38	2257
0	1795
0	30
1	0
2405	814
5	566
9	53
1	142
0	252
0	0
3	259
21	145
0	117
0	23
22	1999
22	278
323	2322
0	390
29	103
143	102
0	5
0	0
3	5
35	0
3	2051
0	0
0	1720
55	2051
0	1998
4	1846
1	85
40	1071
1	0
0	0
0	0
0	0
0	0
870	61
0	41
0	26
15	2211
6	1790
19	1272
0	1421
12	166
0	1492
0	9
0	2068
0	1951
8	1
0	10
10	239
5	1046
30	181
0	18
8	282
0	0
0	0
481	13208
177	11046
7	12412
0	2365
0	1224
3	2696
29	96
0	76
9	106
4	41
0	0
0	0
0	0
1	7
171	40
1	33
13	0
2	1490
0	1490
0	2442
2	79
0	335
78	2423
0	0
5	529
14	494
0	442
11	147
0	56
0	20
9	2324
1	608
0	38
18	75
0	202
25	206
0	5
0	490
2	300
3	103
2	273
0	125
3	124
0	2468
0	0
0	0
0	0
0	0
2607	94
8	89
1	40
5	40
0	0
0	0
0	0
822	1098
0	1092
3	90
1	0
5	16
37	39
0	151
94	1301
4	1301
1	11
0	0
4	7
0	7
106	0
0	0
0	43
0	48
0	8
0	5
73	100
18	100
1	201
9	411
32	319
1	48
3	221
0	23
1	10
2	60
1	59
2	2
0	1
1	7
231	1390
7	1310
21	27
0	101
6	185
0	85
5	4
0	82
4	0
0	122
0	78
0	89
62	192
0	106
3	29
8	102
9	75
54	161
0	0
0	0
0	0
127	700
101	700
0	28
0	28
1	3
204	146
11	113
71	54
0	0
0	42
0	40
3	9
0	0
1	38
0	0
34	587
1	542
9	548
0	275
0	198
2	15
0	13
2	12
4	48
4	5
1	49
8	16
1	2
7	1
4	280
3	319
39	179
9	148
5	1
0	1
53	5
1	0
0	0
0	5
0	0
0	0
0	0
0	0
58	14
0	1
0	0
0	1
0	2
3	278
124	563
0	333
3	39
15	0
0	0
0	0
277	17
2	1
0	14
0	67
23	100
12	33
0	122
0	128
9	128
1	103
46	105
5	49
971	223
4	13
2	20
0	70
0	36
0	34
5	6
1	54
0	33
0	0
0	0
0	0
0	0
68	210
9	218
4	8
4335	3772
0	3547
0	3301
28	2378
0	2193
0	0
16	1699
19	146
2	30
17	7
328	47
31	49
3	2
0	1
0	1
93	38
0	0
0	17
0	38
0	0
252	0
0	0
9	0
1	0
95	130
8	130
0	0
0	0
82	37
0	37
1	0
52	99
10	63
0	18
2	80
0	0
1	0
0	0
0	0
821	1119
27	670
8	282
0	97
0	170
37	8
342	1
39553	16503
0	7192
2	9186
1	2857
104	0
168	177
27	106
21	197
49	44
3	17
1	192
0	264
0	239
1	157
0	13
0	22
22	2
0	2
0	0
20	9204
26	8470
18	1933
7	1091
0	1384
2	58
0	0
1	947
2	0
3	0
60	154
10	2
0	356
13	251
3	286
1	250
4	51
3	318
0	76
1	13
0	241
0	0
0	356
101	321
1	12
0	56
0	260
0	0
3	195
28	196
0	0
9	150
0	1
14	72
20	72
8	69
1	73
3	100
0	84
0	5
0	5
0	25
34	74
0	74
2	0
0	0
0	0
0	0
336	2
0	1
5	2337
4	1917
3	399
0	5
7	534
5	110
10	160
190	159
13	41
0	822
13	64
0	19
0	0
0	0
0	0
504	105
0	99
0	30
344	149
141	225
141	204
46	0
2	72
0	189
1	149
1262	2143
2	2043
439	218
0	186
0	31
16	751
25	750
5	1
2	0
1	0
0	22
0	25
1	21
0	1
11627	20901
166	21014
239	20645
0	19461
0	18077
1	1009
18	94
0	684
3	584
0	67
7	510
114	508
0	93
1	0
0	555
0	459
4	72
4	110
0	19
0	0
0	0
0	0
0	9
0	9
0	9
0	7
0	7
251	1081
0	929
0	771
8	30
0	502
0	27
1	25
8	888
6	780
0	555
18	626
31	854
2	876
0	126
3	240
0	238
10	187
1	10
0	236
0	893
592	1024
0	170
5	142
3	226
8	0
3	0
0	0
0	0
0	0
0	0
0	0
91	10
0	10
19	404
14	198
1412	465
1	117
265	673
15	275
0	19
27	7
4	353
0	62
202	82
0	82
2	107
2	163
99	163
0	10
8	7
0	0
11	1
0	0
0	0
0	1
62	140
0	114
0	67
5	34
0	0
0	522
1	507
0	652
0	1092
15	1048
1	1043
0	1108
0	653
0	637
0	603
0	0
2	0
24	606
10	5
0	0
0	131
2	45
0	87
4	87
0	35
0	61
3	0
2	0
1	6
0	3
0	0
0	0
0	0
0	0
0	0
0	0
0	5
15	39
4	4
670	219
8	215
9	9
0	9
44	213
0	0
0	212
0	0
0	1
0	18
0	13
1	2
4	9
2	2
0	0
0	22
0	355
6	336
0	317
0	339
15	160
4	112
0	4
0	4
0	3
0	4
0	3
0	0
0	1092
0	1001
1	292
5	153
38	58
0	1
0	2
0	1
0	0
0	0
29	55
0	55
24	3
4	0
2204	538
5	34
0	504
1	14
1	15
0	8
0	13
0	0
3	0
0	0
1	0
0	1791
0	1407
0	1791
1570	36
5	4
2	33
2	0
0	0
2086	2
4163	4
4	5740
464	5741
6	562
0	9
0	0
0	0
29	859
0	883
5	859
21	816
0	860
0	740
5	121
4	25
2	12
0	0
1	1496
48	1806
13	1719
13	1818
0	1653
33	1795
0	1494
76	23
0	1651
0	0
0	0
0	433
38	676
4	290
17	0
6	14
2	157
5	0
0	0
9	14
0	0
0	14
0	0
4	2
0	1
7	2
0	1
0	0
1	0
5	75
1	77
0	72
0	24
0	38
0	24
0	10
1	4
0	8
4	0
19	127
0	69
0	68
1	50
557	0
0	0
1080	1
0	19
4	0
12	229
280	112
1	187
5	38
36	244
398	669
2	669
1	205
1	14
1	433
0	109
1	27
89	625
0	185
20	456
0	3
2	33
0	10
0	37
7	37
0	33
0	21
0	6
0	3
0	3
0	3
0	0
0	6
880	0
14	8
0	6
0	4
1	2
0	2
8	2
0	0
503	1499
3	456
2	0
2	9
0	355
3	120
0	777
0	0
7	35
1998	2
1	37
0	22
8	14
4	4
0	8
3	6
0	11
29	385
16	401
0	208
6	32
203	5715
76	6709
0	235
0	1618
249	0
0	1479
0	12
0	33
0	134
3	84
0	119
0	11
0	1256
0	1479
0	159
5	136
0	83
2	70
9	1
4	33
0	46
0	186
0	0
0	0
0	0
0	0
0	0
0	0
0	0
0	0
0	0
0	0
0	0
0	0
0	0
2	29
1	4
0	57
28	219
84	191
7	148
1	20
0	77
4	239
5	21
2	25
2	41
11	41
127	818
9	820
0	15
0	0
0	0
463	185
2	61
17	154
5	382
26	382
0	0
0	0
0	1
0	1
8	0
0	0
0	0
0	0
0	0
0	0
5303	130
0	123
4	2
2	0
192	558
1	278
1	280
4	280
1	34
0	0
36	0
1	0
0	0
0	0
0	0
20	8
0	8
185	73
0	73
2	49
0	37
0	11
0	20
0	1
5	0
0	15
1	0
3	0
0	0
0	0
0	0
13	395
24	96
0	82
0	125
1	402
0	8
80	1498
1	17
0	107
0	47
0	1476
3	8
2236	1051
0	1045
0	25
0	0
0	0
0	0
0	0
0	0
149	0
0	0
0	0
0	0
1	0
0	0
0	0
0	0
0	0
0	0
0	6
842	64
0	0
0	0
0	0
0	0
286	5392
123	5392
0	0
2	2
1	0
0	0
0	2
12	0
6	165
0	4
8	107
0	109
0	106
2	88
2	20
0	9
8	2
0	0
0	104
0	0
0	0
5	1131
0	558
13	436
0	407
0	164
7	768
4	0
523	3160
3	3117
0	253
0	11
0	5037
0	102
61	6013
119	6083
0	73
0	86
150	6089
0	1428
16	14
0	4
0	13
0	14
0	2
0	0
159	1157
1	1051
0	204
35	56
4	0
12	84
11	52
47	70
2	130
56	71
35	543
1	538
1	104
1	4
0	560
0	0
0	0
29	30
0	5
0	2
0	23
55	3447
10	3330
13	3217
5	69
0	137
37	867
1	0
21	2198
0	99
0	1988
6	52
18	1207
2	825
15	425
495	263
9	77
15	10
31	135
0	0
0	0
0	0
12	44
0	39
0	13
0	0
0	0
780	586
0	371
2	0
0	186
2	215
0	19
5	0
0	175
0	176
4	126
3	179
3	41
17	171
0	175
0	93
6	57
2	16
2	10
6	5
1	4
4	4
0	175
0	176
0	143
0	180
4336	18921
14	17566
12	19107
8	2151
17	439
0	26
0	102
0	24
1	49
1	35
0	2151
41	0
38300	15792
1133	15107
77	2661
2	526
1368	1557
1	282
6	10
5	382
7	65
3	350
4	410
9	51
1	347
17	115
1	36
0	0
1	6
0	1
0	26
0	3
0	47
1	7
8	3
155	2664
14	2661
13	2174
2	101
0	416
6	0
1	235
1919	2301
0	904
3	1329
1	1185
0	503
0	85
0	1110
158	1153
5	561
2	796
0	247
276	387
0	399
0	17
2	65
0	0
1	0
0	387
0	4
7	221
2329	226
3	9
13	9
8	0
12	0
58	217
39	3196
425	3644
0	1561
1	1327
1	67
12436	7
0	0
0	0
1	0
0	0
335	748
0	730
15	0
41	532
6	749
7	145
0	199
0	389
1	29
0	472
0	74
1	114
0	264
810	1
0	0
0	0
0	0
2	0
3	91
1	105
0	1408
0	662
1	1312
6	1379
9	1148
1	122
0	907
16	48
2	48
0	0
0	31
0	75
0	0
0	0
95	0
0	0
0	0
2253	163
10	105
1	47
0	8
0	0
0	77
790	77
0	1
1	21
17	59
120	120
0	90
3	0
5	24
39	545
0	8
24	434
0	290
0	48
3	146
2	116
0	98
9	23
1	1
0	0
0	0
0	0
0	2120
0	2171
0	2394
0	2428
1	74
3	184
0	6
7	191
0	140
0	167
2	116
5	118
1	14
1	2
0	176
0	2542
0	2540
59	0
2	0
1440	186
2	0
0	0
1251	368
7	87
0	172
0	141
268	34
3	1
1	33
0	0
0	0
0	8
2	1
2	1
2	0
2	8
0	0
0	0
1392	320
0	319
0	99
0	88
0	15
1	38
2	7
5	41
92	237
0	3
0	56
24	237
0	7
7	34
0	14
0	13
792	103
1	8
1	90
6	15
129	742
6	29
4	81
0	14
0	2
0	331
544	268
0	238
9	124
4771	1965
7	873
0	1116
1	1114
1	1115
0	406
2	231
26	282
0	0
0	1
0	1
0	0
0	1
0	34
0	1
0	1
0	1
0	1
0	0
0	0
5	0
0	0
0	0
0	0
2843	1355
556	3067
0	2669
0	2849
1	0
0	0
2057	1095
0	437
3	633
4	642
0	4
571	726
1	153
0	0
0	13
0	497
0	1
0	0
0	16
0	16
5	19
3	0
1	0
0	0
0	0
0	0
7	949
26	27
0	949
267	0
0	0
0	0
0	0
128	13
0	2
1	12
1	2
6	16
0	16
0	16
0	0
1	0
2	518
17	567
1	269
0	0
0	0
0	0
0	0
28	801
1	163
4	265
0	0
0	731
3866	860
0	789
0	161
2	67
111	136
1	5
9	54
5	80
5	10
9	27
15	3
11	36
12	1
0	1647
2	0
2	964
3	957
15	940
10	745
16	1685
0	0
0	979
11	1753
0	150
0	62
0	83
9	61
0	0
0	1783
0	0
0	1
0	1
99	3623
0	67
0	257
11	154
10	2029
7	91
4	38
0	228
4	3620
0	0
9	2
1	14
0	6
4	4
7	4
0	24
0	17
0	14
0	0
760	2
1	92
3	93
101	388
0	282
64	282
0	41
7	0
0	0
0	0
0	0
0	0
5	2894
85	3215
0	281
83	835
0	1152
1	150
0	244
23	451
23	1242
15	1149
0	292
0	444
124	422
32	477
0	0
0	3
1	11
0	1297
0	0
0	0
0	0
0	0
0	0
0	0
7	304
0	370
1	63
8	242
3	171
0	57
11	65
9	170
0	64
0	311
200	861
2	765
238	346
5	0
0	0
276	1287
1	1197
1	500
0	12
0	0
0	0
2	15
112	0
2	0
1	16
0	850
0	781
7	774
0	755
23	699
0	743
0	20
1	713
0	709
0	623
48	610
2	5
26	36
0	36
3	124
12	271
45	269
5	7
4	0
1	0
0	0
0	0
1166	864
0	546
1	3
1	392
3	233
0	0
1	336
4	891
28	685
0	625
3	25
2	0
2	38
370	1713
0	1133
5	1546
0	501
6	272
13	207
1	93
96	0
11	471
0	0
0	0
0	0
23	2077
0	35
1	1944
0	1923
4	29
0	0
3	1
0	63
0	204
3	632
4	380
30	344
0	317
0	100
73	100
90	35
1	1
1	13
0	24
0	77
343	18
0	17
0	0
0	0
0	0
0	0
0	0
0	0
0	0
78	50
0	44
7	27
4	27
0	0
0	0
0	0
0	0
0	0
0	70
0	64
0	0
0	7
0	0
0	0
334	99
0	89
1	32
2	21
5	0
0	0
0	0
1264	330
19	247
193	79
9	0
0	0
0	0
0	0
0	0
0	0
0	0
0	0
0	0
0	0
0	0
8	14
7	14
9	0
60	64
1	9
1	0
0	58
0	26
0	24
0	0
1	19
3	8
0	19
1	4
0	1
1276	95
5	30
0	124
0	97
15	93
24	138
0	21
0	95
34	89
1	7
359	16
0	0
1	2
4	1
0	1219
5145	1227
3	437
2	447
0	0
118	24
4	24
0	9
20	36
0	32
0	17
0	8
0	6
0	0
1	4
189	408
9	36
0	11
78	395
7	329
0	47
3	29
3	142
7	138
0	19
0	19
0	16
0	5
0	3
1	0
0	0
0	0
0	0
0	10
1	24
0	36
0	35
17	43
5	17
0	1
3	0
0	43
78	10
0	2
0	4
0	0
1	5
160	257
8	38
19	257
0	0
0	186
0	0
0	0
0	0
0	0
0	0
5	1
4	0
1	0
7	107
0	79
2	44
0	191
112	191
0	0
0	10
2	161
0	150
0	91
0	78
0	10
0	47
4	47
5	0
0	0
0	0
0	0
0	0
0	442
96	278
0	440
0	205
0	203
0	141
0	144
2	141
6	109
0	96
0	108
0	0
0	26
1	39
0	20
63	39
0	1737
98	6352
0	316
0	2049
0	1
33	48
1	32
0	302
6	295
1	95
0	185
0	6458
13	6
0	6
0	0
0	0
1	6
0	0
2	10
0	101
0	5
1	13
6	102
2	5
0	89
1	83
0	5
0	1
0	52
1540	4
0	1
22	0
26	25
0	25
0	8
7	39
367	261
0	243
1	54
306	9030
0	2401
140	9267
0	7856
1	8193
29	8374
272	5161
42	5030
111	2366
0	3457
1	2711
0	779
4	2996
0	16
2	28
1	3108
0	1105
0	1208
0	72
5	312
117	15
0	15
0	0
18	416
35	112
13	188
0	742
0	699
23	538
4	131
61	62
8	49
0	59
33	243
4	184
16	140
0	0
0	0
4	3282
0	3105
175	3649
0	1873
1	251
0	3069
42	772
8	162
12	1259
10	1147
0	554
0	843
0	79
2	13
0	0
0	24
0	32
0	31
4	25
0	4
0	0
0	0
2	3
0	0
0	0
43	0
0	1045
685	1074
0	529
16	107
1	239
1	103
7	516
3	502
3	10
0	6
0	151
0	51
7	0
0	35
1	33
0	191
8	935
0	935
3	549
176	549
28	877
1	877
0	0
0	1
0	1
0	0
0	1
0	0
5	25
6	26
0	1
1	1
0	8
0	8
5	56
0	6
0	5
0	5
0	3
0	2
0	1
0	8
5	30
3	29
0	1
0	0
14	167
0	8
3	167
1479	4
0	53
801	343
0	194
6	0
12	40
32	104
61	2828
110	2849
71	2353
13	26
0	72
4	2849
0	0
3897	1802
2	1799
0	1688
1	334
6	78
0	316
49	4831
7	4554
78	3556
7	2294
57	1855
292	3
50	1843
8	2157
331	2106
47	1797
0	33
7	0
302	13
0	13
0	0
13	2848
924	2891
12	1946
11	1440
0	70
0	2
14	70
0	12
0	1
1	723
0	402
380	720
23	84
2	84
1413	407
27	246
5	255
2	186
1	39
1	19
0	6
0	14
3	0
885	1709
78	1385
14	865
0	1456
12	4
0	4
0	3
0	0
811	127
7	126
22	0
0	0
6	1231
65	1197
1	2
2	117
0	15
0	17
2	9
125	177
0	221
64	1204
383	1204
1	125
0	74
0	1190
0	1213
80	781
0	687
6	273
2	499
6	61
14	38
0	118
10	53
0	27
3	1211
88	5925
3	5548
0	3135
0	2810
3	2768
23	2743
28	2850
21	2763
56	2700
1	288
80	196
12	67
1	29
4	0
85	366
0	176
4	128
0	53
1	84
17	78
5	7
0	7
62	98
0	125
17	108
160	1246
84	1246
5	185
2	394
0	111
0	149
2	40
667	5616
0	170
4	5446
5	16
3	11
4	155
0	83
0	461
4	640
23	0
619	776
25	631
33	21
3	0
5	131
0	0
5	0
312	999
0	790
0	1017
0	796
5	6
0	69
0	74
0	0
1	5
0	0
35	0
596	0
1592	7
25	4690
150	2424
0	143
235	4443
4	169
0	5
1	4679
0	0
0	0
0	1891
233	1892
3	187
2	3
0	378
0	183
1	122
0	0
8	0
16	2
5	2
38	288
0	290
26	249
0	271
2	259
0	241
1207	2377
1	2033
164	2368
49	1068
211	1068
0	0
677	580
0	1071
2	939
7	3
139	376
8	65
2	298
0	46
1	29
2	151
0	281
0	0
1	4
0	75
9	2
2	30
732	10544
78	9781
2	1085
5	78
10	55
0	425
111	7051
97	6689
2	4276
39	6614
13	2
44	238
17	713
15	194
436	194
42	139
34	139
0	48
4404	4045
0	878
4	221
4	4026
0	422
0	22
0	165
19	115
8	114
0	93
0	16
1	6
0	670
180	452
3	129
15	57
3	90
0	217
15	251
0	2
4	246
4	41
3	113
0	131
13	5
2	5
438	2151
0	2201
0	895
2	1
0	996
0	1200
3	459
0	267
0	319
14	306
0	10
6	0
1	0
0	0
800	94
0	10
14	84
0	3
0	0
1103	2749
10	2388
20	422
22	2230
0	2181
0	1709
0	1379
1	1702
30	198
0	135
0	0
96	5
0	3
0	2
34	206
470	207
1	37
18	30
28	21
3	1
641	9
1	9
675	281
0	264
0	164
0	28
1	149
74	653
41	166
1	246
4	40
0	617
2	186
0	2048
2	2021
0	1460
0	912
0	1019
0	896
0	954
0	918
1	974
0	937
3	936
0	903
0	18
2	96
5	1
3371	2304
1	2091
17	237
0	165
35	178
5	146
0	75
21	105
0	8
2	10
0	14
8	4
0	36
0	3
0	0
0	0
1	0
1	0
0	0
0	0
0	0
1	0
0	0
639	0
0	0
12	728
0	1002
0	415
1	387
0	394
2	155
2	319
0	264
0	26
0	10
2	11
6	35
6	330
4	336
0	42
0	5
4	84
0	57
0	43
1	63
0	3
0	18
1	18
0	44
0	33
1	0
175	1
3	1
0	0
0	0
156	135
3	66
29	30
0	0
0	0
0	0
0	0
0	0
0	0
0	0
0	7
0	0
0	0
5	0
0	4
0	0
1	7
0	4
0	0
0	0
0	0
0	2
0	0
0	0
0	6
0	5
0	5
0	140
0	3
4	8
0	108
0	138
1	0
0	8
0	22
0	9
2	17
2	4
0	0
0	0
259	80
0	14
0	10
1	66
0	3
114	0
0	0
0	0
0	0
0	0
12	1923
113	1721
0	1198
9	243
1	52
0	63
0	13
0	4
0	22
0	15
0	0
9	12
0	2
0	119
0	123
4	2412
5	205
1	1390
0	2391
1	1460
2	0
1	1452
43	2392
0	1486
0	2461
0	7
0	1456
1	2447
0	170
0	0
0	2448
4	0
29	0
0	0
0	0
295	684
0	152
2	361
16	558
54	21
0	85
89	1334
0	10
64	1065
46	958
442	772
0	21
0	531
5	0
1	235
0	99
397	966
0	0
13	966
2	222
0	247
0	404
2	0
0	0
0	0
48	669
13	676
3	669
0	614
23	513
0	306
0	337
3	342
10	338
0	344
1	258
2	79
0	0
5	414
3	360
0	49
8	324
23	8
0	0
1	0
0	16
0	13
376	762
4	763
8	6
0	453
0	559
0	603
1	650
20	487
0	139
0	8
5	183
1	199
0	1
4	1
0	260
1	3
0	0
0	0
0	3
0	0
0	0
0	0
0	0
0	0
0	0
0	0
0	0
0	0
15	526
99	526
0	432
7	138
0	63
6	74
1	13
2	9
0	4
0	2
0	1
0	7
0	1
0	1
35	10
0	10
0	0
0	0
0	0
0	0
0	0
0	0
0	0
0	0
33	3
1612	1
0	0
0	0
1278	1972
311	2019
0	969
29	722
25	1484
21	216
0	1
1	110
1	232
0	86
0	1
2	0
1	0
368	1552
44	1515
1	550
10	361
0	4
79	0
0	0
0	0
193	997
59	1004
8	774
0	596
7	58
41	1893
0	2
0	1632
0	501
0	1
0	88
4	399
1	188
181	0
0	3788
16	97
132	3850
0	0
0	0
6	49
0	1
1	1
25	1
1	29
4	2
0	0
53	0
0	15
0	52
269	1058
1	84
20	42
0	7
0	4
19	4
0	0
0	1022
1	448
0	381
0	261
4	207
3	90
5	0
1	0
0	0
0	0
312	0
0	0
0	0
82	1353
2	501
5	987
108	1872
4	966
6	373
113	1834
5	18
17	1750
4	1296
0	1826
283	1850
0	2650
1	2810
1	3126
30	2839
2	2845
36	1355
0	266
0	347
0	198
0	71
0	11
3	3014
1007	122
5	121
57	5
0	5
524	4561
18	4560
33	15
2	142
2	61
0	146
0	178
16	713
9	441
54	669
0	67
1	45
11	105
0	152
9	105
0	67
2	2
0	713
10	4780
23	4721
40	562
11	177
63	25
0	0
15207	4662
0	4155
2	85
2	54
13	1272
110	3587
14	3392
0	1841
0	917
0	201
0	1301
3	195
5	99
7	61
0	90
1	89
0	63
0	0
0	65
0	70
0	0
0	0
135	1124
24	955
20	548
33	86
19	37
3	30
27	2
0	54
0	12
11	399
2	96
0	8
25	17
1	2235
1	1081
0	11
4	0
8	241
28	213
2	148
2	0
0	1
6	99
17	44
2	1
2	0
0	2234
968	741
0	692
1	2
0	50
460	1276
68	1242
0	280
25	246
38	197
4	23
0	0
9	368
57	2469
292	2468
1	371
467	0
321	731
7	734
0	18
369	181
0	180
0	0
180	57
0	57
1	0
1224	406
3	380
1	136
1	31
0	0
4655	2062
7	105
162	2073
12	1922
2	90
0	67
1215	67
17	2
0	2
408	1
1	0
0	0
0	0
224	375
0	164
3	0
0	0
5	210
0	0
0	0
0	0
0	0
0	0
0	0
0	0
103	1627
65	1538
5	1334
2	1436
0	13
1	29
0	416
0	229
0	1396
0	23
188	89
4	11
1	78
0	16
217	614
0	24
7	236
9	124
0	433
0	349
0	299
0	422
0	0
0	0
31	593
4	199
0	454
0	154
1	85
0	1638
8	0
0	105
132	691
0	123
0	174
5	1
0	0
0	1638
57	0
932	0
0	0
0	0
0	0
0	0
0	0
0	0
0	0
0	0
0	0
47	3191
4	3195
0	3100
1	3192
0	2982
23	2613
33	2680
0	1198
176	754
17	7
19	135
0	3083
3268	138
0	137
0	0
473	2997
0	513
6	2972
0	485
5	1482
5	141
34	118
13	33
0	3
0	3
0	1
25	2745
0	2470
2	324
0	2358
0	321
0	2606
0	6
79	0
0	451
5	367
1	377
0	168
11	182
0	188
11	168
0	0
430	229
0	228
0	0
0	2
0	0
18119	1957
0	1777
0	1161
17	3
0	2
2	165
1453	100
8	98
58	13
0	697
0	3
1	529
0	749
0	1
1	56
0	116
0	766
0	714
0	5
42	55
1	287
21	287
0	5
30	1342
0	652
9	68
0	1296
0	0
80	415
14	44
1	11
3	322
0	127
0	45
0	0
0	0
0	0
0	0
0	2
0	2
0	2
32	446
4	447
0	0
0	0
0	0
0	0
0	0
4	170
0	15
0	15
0	19
0	37
2	57
17	206
0	36
0	29
1	208
0	0
0	0
0	0
706	783
4	381
20	451
0	707
8	3
0	0
0	0
58	349
1	175
0	175
1	169
0	143
7	174
5	133
1	4
0	3
4	230
0	4
56	104
1	227
0	127
1	128
3	77
2	6
0	26
0	0
2	29
0	5
2	204
19	215
1	62
0	51
2	8
1	407
0	407
0	406
3	409
0	351
0	396
0	1
0	60
4	203
5	9
0	2
0	0
4	408
0	37
0	37
3422	870
0	853
2	16
17	4945
3	347
69	7213
0	3
22	378
32	378
9	219
1	318
0	180
0	0
82	0
0	67
0	271
15	226
2	157
4	98
4	0
0	1
0	0
56	251
0	238
11	125
1	29
31	0
0	5
0	1
0	0
1	5
0	4
3	108
17	108
0	108
0	43
0	13
14	1723
1	716
0	1711
3	1224
0	54
0	86
3	127
4	139
22	129
5	8
0	26
0	0
0	0
0	0
0	0
134	79
0	50
2	29
32	210
14	9
0	66
133	399
2	418
0	93
1	80
9	21
21	0
0	0
0	0
0	0
0	76
0	94
0	3
69	502
5	182
49	374
5	462
0	4
1993	43
0	31
0	3
0	11
1	21
0	6
4	23
0	39
0	2
0	0
38	360
0	254
5	162
1	194
15	2
6	419
794	487
9	486
12	58
3	0
79	1468
0	1150
23	1397
0	117
2	205
10	7
42	32
5	32
0	0
0	484
2	164
3	97
3	20
1	2
0	93
0	484
0	0
0	0
0	1087
10	1286
24	80
0	1215
6	1294
5	569
5	148
1	4
0	7
1	3
12	39
4	801
0	64
1	4
0	90
14	4
0	2
0	4
0	2
0	2
0	0
0	2
0	2
0	2
0	2
0	2
0	0
0	2
0	0
0	2
0	0
0	0
0	0
0	0
0	0
0	0
0	0
0	21
0	25
0	185
308	5631
897	5631
0	0
0	0
0	0
0	0
0	0
0	0
139	204
46	215
393	206
0	214
8	202
0	0
0	0
0	0
0	0
0	0
0	0
0	232
2	114
0	219
0	25
0	87
0	63
13	0
38	244
0	0
3978	650
52	565
0	122
1	20
1161	245
2	132
2	173
26	209
0	82
2	0
5	4
0	0
0	189
0	1
0	1
0	1
0	1
0	1
6	0
0	25
354	490
24	258
0	44
0	30
1	202
45	4382
52	3481
0	2629
77	946
161	764
1	67
9	0
0	4379
0	0
0	0
0	2
0	0
2	6
0	0
0	0
1	0
0	0
0	0
0	0
0	0
0	443
1388	444
0	0
0	0
27	1820
1	5
0	1560
0	9
0	2258
0	1470
0	188
0	0
5	184
0	4
1185	2324
0	1771
0	1488
0	1616
1	4
0	3
2	1856
0	2323
65	488
3	1578
0	1523
0	1695
8	10
0	2259
1	207
1	0
0	64
1	194
0	30
0	961
0	283
5	195
0	204
1	65
0	37
73	399
5	3886
438	7076
0	947
468	6806
0	0
0	0
5	190
1	5
23	185
2	0
79	60
2	2
0	62
0	2
0	6
1	4
1	0
15	895
9	519
38	888
5	644
1	0
9	228
10	297
9	81
10	105
0	0
71	556
5	40
51	154
0	0
0	556
3	10
0	0
0	10
0	10
0	0
1	5
0	0
0	0
1488	1995
2	19
0	101
0	116
0	24
0	1995
409	0
0	0
0	0
0	0
0	0
0	0
0	0
0	0
0	0
0	7
0	0
1	7
0	1
0	1
17	100
0	42
24	100
3	26
1	73
1	6
0	5
4	887
1140	705
1	26
0	9
5	0
15	638
54	99
0	1
0	0
3	2
0	99
145	164
0	58
0	8
1	14
0	85
0	8
1	39
0	41
2	9
0	9
0	0
0	1
9	25
0	0
0	0
4	69
17	85
1	8
2	35
13	63
0	23
0	15
0	9
135	728
0	728
0	52
0	70
0	1
0	0
778	897
1	781
2	320
0	0
48	33
36	108
0	1
0	39
0	21
3	39
0	39
0	0
136	1087
2	19
1	1035
0	238
9	336
3	323
0	323
0	59
0	13
0	0
0	0
7	0
5	0
0	0
260	1155
100	17
8	1080
22	68
0	126
19	25
0	235
0	221
0	209
11	220
0	93
0	221
0	991
62	991
0	185
0	43
0	43
18	1
0	1
345	23
9	23
0	0
1	590
45	642
0	625
47	927
89	1075
0	205
121	491
33	340
0	41
0	678
2	513
0	117
0	1
0	116
0	87
1075	1848
1	0
687	1850
0	18
0	0
0	0
79	1277
18	73
2	1267
0	3
30	0
0	0
0	0
218	151
0	63
0	82
0	77
0	62
1	6
1	8
0	1
671	0
0	95
0	100
0	11
0	16
0	0
0	0
0	15
0	0
0	89
0	0
2	0
0	0
0	1
0	20
12	4
0	21
1	20
1	27
64	155
0	26
0	0
1	8
0	1
0	33
0	122
0	1
0	0
0	1
0	1
0	0
0	0
0	0
1	203
0	255
1	227
0	67
0	4
0	9
0	231
0	133
0	235
4	140
0	63
0	87
1	13
1	28
0	357
35	357
0	7
0	8
12	9
0	0
4	18
0	48
3	33
4159	1923
0	1912
0	100
7	6
0	30
1	2
0	0
0	0
0	30
365	189
7	147
7	151
1	0
0	0
17	35
15	487
19	507
0	492
0	478
0	1
30	0
0	20
0	100
0	96
0	5
0	4
0	102
11	1016
5	2267
0	2078
25	21
132	31
0	31
835	1934
1	1842
15	1557
0	642
0	85
16	123
0	4
1587	564
43	562
10	461
4	45
2	242
22	446
35482	55
0	1189
0	1042
0	1149
0	1063
0	948
17	705
4	853
15	383
1	0
3	95
1	183
42	70
0	70
0	0
3	97
2	88
1	9
0	14
16	14
0	306
173	0
0	0
0	2
0	2
3	2
652	449
0	31
122	435
32	19
0	5
1	0
50	83
193	83
157	106
0	0
0	106
3140	3837
0	2108
41	58
622	2012
34	96
5	381
4	378
0	224
55	30
0	26
0	15
0	24
0	0
12218	49
1	44
8	0
117	2
0	0
0	2
1081	2050
0	1875
0	23
0	9
0	184
1	5
0	5
0	0
0	0
0	0
119	16
6	15
0	2
0	0
3	0
0	0
0	0
0	0
0	0
78	12
0	8
0	4
0	0
0	0
0	0
17	705
91	813
0	0
0	14
0	82
21	56
4	9
8	0
5	0
82	7
0	4
0	3
0	0
1	0
0	0
686	1762
3	1726
2	846
1	2
3	601
33	733
15	726
3	504
3	0
12	822
0	746
0	221
0	217
61	81
3	2
0	130
0	42
2	79
46	235
1	352
0	40
91	1225
68	59
19	8
4	350
10	224
11	390
71	1042
10	177
0	111
0	62
8	189
0	158
1	143
14	149
108	51
0	0
68	1255
0	1
139	1525
104	34
2	426
2	275
0	424
22	152
0	0
0	456
11	874
22	948
22	872
5	867
1	85
0	0
0	0
0	0
0	9
0	14
0	8
1	1
4	0
0	1
0	14
1	12
2	15
0	2
15	24
1	6
0	18
0	21
0	21
0	21
0	21
0	20
8	11
0	12
0	0
0	1
0	0
0	0
0	495
6	487
1	0
0	16
124	483
1	54
0	335
0	328
0	70
0	111
0	12
0	54
0	1
2	30
2	36
11	31
0	296
0	364
0	0
0	0
0	0
0	0
368	29
0	21
4	28
0	0
2	2429
33	2035
0	0
0	2429
0	127
4888	421
4	295
3	165
77	28
5	561
25	2
614	2680
6	1
0	503
1	430
0	661
4	93
2	933
3	0
5	333
3	1
0	0
7	273
0	375
20	833
1	253
0	38
12	352
5	921
4	2
0	1032
4	10
0	1
0	0
0	1
0	0
0	0
0	535
0	779
0	115
3979	909
0	54
27	4
2	0
2484	265
0	166
0	184
0	183
0	158
0	0
0	0
0	0
0	0
0	0
0	0
0	0
0	0
441	546
0	1
3	305
5	12
11	546
0	12
0	9
0	9
0	3
0	0
27	73
3	2217
0	1269
44	2183
0	1870
24	2034
2	16
0	179
11	2
1	11
2	125
536	2280
0	1788
13	832
1	10
3	410
4	430
26	408
0	178
0	316
4	276
25	117
26	703
8	611
0	564
0	252
38	414
2	3
10	188
0	0
18	56
3	2045
0	1296
116	55
5	607
0	0
7	158
4	684
4	1169
0	1289
3	40
0	1
1	73
2	7
0	904
0	133
0	99
0	60
0	22
0	135
0	1
0	1078
2	62
6	4
0	4
532	1100
2	916
56	324
29	114
3	0
1	8
10	8
0	8
0	0
0	17
2	47
1	12
7	326
216	360
0	360
0	28
0	72
3	2264
22	1323
3	0
0	0
49	518
3	399
0	536
0	34
1	84
0	0
0	0
0	37
0	0
0	9
6	79
0	0
0	0
0	1
0	1
434	140
0	31
3	109
1	0
0	0
0	13
0	1
1	1
0	128
1	123
0	20
0	0
0	39
1	3
1	1370
0	2142
1648	2712
1	221
10	1777
0	2384
0	50
5	325
0	323
0	3
0	2
3	218
0	137
2	584
1	25
0	208
10	123
2	140
0	2
0	0
631	1273
94	1170
48	175
4	449
20	0
0	14
206	913
0	439
62	546
82	912
0	322
0	1
11826	6
0	0
39	763
2	749
1	30
0	30
15	14610
136	16070
216	14765
0	14907
0	527
20	1465
1	1448
0	1444
7	888
2	0
1	73
553	16
1	16
1421	1018
1	934
0	783
0	39
5	237
0	27
0	0
0	0
2634	445
73	444
4	7
0	0
0	90
0	0
0	0
2	2
0	2
0	1
0	3
0	0
0	0
0	0
63	351
0	351
0	5
0	5
0	0
188	0
1671	522
1	97
4	448
2	31
44	174
5	42
0	0
3	178
9	182
1	26
0	186
8	4
0	0
1690	1233
9	1232
1	548
0	99
26	373
17	322
0	111
0	7
0	68
0	18
1	32
16	91
627	102
0	15
0	78
7	114
0	6
6	1
0	38
6	24
0	5
0	2
0	0
0	0
1	8
0	8
0	0
0	8
0	8
27	256
36	257
13	13
1	30
5	25
0	46
0	0
0	0
0	227
0	174
0	39
0	213
1	145
4	1
3	0
0	227
0	0
0	0
0	5
2	5
1	0
0	3
0	4
0	2
0	0
0	0
0	138
77	138
0	0
96	420
0	68
0	353
0	48
0	14
4	1
1	118
5	97
0	77
0	95
0	91
3	80
0	31
3	81
0	53
86	23
52	169
23	169
312	524
3	21
0	249
1	354
2	51
592	427
12	197
0	91
0	0
0	8
0	0
42	1317
7	1290
14	323
2	166
0	62
4	53
1	64
3	80
0	7
0	298
3	0
0	0
2	84
30	125
23	0
20	0
1	43
17	16
5	9
9	17
1	1
17	6
5	0
0	0
634	1592
0	1327
0	36
0	258
17	137
21	424
0	0
0	0
7	32
11	34
0	2
19	5
120	4247
83	3839
135	2760
0	28
0	29
73	0
0	0
0	0
0	0
0	0
2	15
256	112
0	10
0	100
11	30350
3	0
153	30451
1	2417
49	18820
0	12684
15	8143
0	1568
14	4162
7	310
96	437
3	395
0	3838
2252	3798
16	29
12	1
5	1
140	3958
42	207
0	289
17	526
3	199
23	295
156	827
22	1063
32	1486
2	463
3	0
0	183
1	6
0	162
1	18
0	160
0	2
0	15
0	1
0	9
6	188
5	1767
155	1768
5	262
0	1768
0	204
0	0
0	0
0	427
0	384
624	1058
64	733
0	0
58	2614
889	5905
3	5537
0	295
0	646
0	644
13	288
1090	3285
11	34
3	2973
1	781
0	1593
0	838
2	381
114	1091
8	1013
22	589
2	21
29	488
0	77
19	33
19	4
4	44
0	0
0	0
0	0
0	0
0	0
0	0
0	0
0	0
211	109
7	109
33	0
0	155
0	124
0	124
0	78
0	2
0	1
0	1
0	0
0	0
6	684
1	673
11	680
0	0
427	1
0	0
2	0
0	0
374	130
0	15
2	55
0	121
19	414
10	420
5	415
0	415
1	415
21	419
0	415
38	413
0	412
0	415
0	415
1	0
2	2860
0	1376
58	940
11	2836
5	188
0	899
82	1971
0	142
0	51
8236	7
0	0
5	0
6	244
0	730
1	56
0	205
3	750
56	178
1	108
0	66
0	24
3	660
0	8
0	67
4	440
0	479
8	8
14	1
2	2
0	268
0	38
0	2
4	119
30	6
595	125
2	0
0	0
0	0
0	0
0	0
0	0
37	694
0	40
0	1
0	1
0	1
0	1
0	0
0	215
0	0
0	0
1	0
8	28
0	28
0	13
0	28
82	150
0	121
0	102
9	84
0	0
0	0
0	0
0	0
0	0
0	0
0	0
0	0
0	0
12	7
0	7
0	0
3005	2313
14	2
10	7
2	169
1	200
2	92
1	218
3	185
61	51
0	137
24	490
0	534
0	20
23	263
5	1013
0	401
11	319
3	354
3	208
6	64
0	53
0	1
0	33
17	30
0	46
33	82
8	17
1772	35
0	0
42	7344
2	8316
3	258
0	8245
0	7487
29	368
315	7079
12	22
7	456
7	131
44	145
22	274
0	1
0	1
2	0
10	449
0	449
0	490
2	490
0	0
0	0
13	183
1	1139
0	738
13	590
6	16
31	2
0	0
0	0
393	2062
22	66
1	125
46	516
12	117
0	1651
0	0
0	0
0	0
1	0
195	178
3	88
82	7
4	123
0	50
10	0
1	79
9	242
16	239
0	11
0	11
4	0
0	0
139	4824
159	4824
44	818
7	112
0	116
0	0
0	20
0	19
0	48
0	673
65	703
0	702
0	27
0	21
0	14
16	4
0	1
0	0
0	0
1061	20
4	20
9	1723
6	5
9	481
12	1591
0	1191
0	0
6	513
0	4
1	4
0	3
0	2
0	8
0	5
0	7
0	5
0	5
0	4
0	2
0	4
0	4
178	185
12	185
955	1365
0	327
0	225
0	86
10	13
39	182
1	769
0	27
156	973
0	35
1	488
17	126
0	970
47	200
16	200
79	275
1	50
6	941
7	146
0	155
0	0
3	174
0	51
0	0
0	0
0	0
1	407
0	454
35	248
4	407
2	546
19	407
4	332
36	450
1	0
7	0
0	0
0	1026
33	945
0	861
0	0
0	808
0	1
0	112
0	33
0	6
0	22
3	625
27	541
0	0
0	2
0	15
0	13
0	12
0	12
0	1
48	21
1	17
0	6
5117	4
0	32
2	8
26	33
1	482
0	142
10	31
0	465
0	0
59	1079
2	1132
4	1050
0	135
5	0
0	6
0	6
0	6
0	3
0	0
0	0
558	0
1	140
25	141
0	8
20	67
0	0
0	0
0	0
0	0
0	0
0	0
0	0
5	17
2	17
0	8
2	3
1166	113
60	113
27	10
0	10
62	4
3	3
1	0
6	288
3	915
4	654
2	96
10	443
4	220
1	177
244	837
0	833
16	69
2	134
244	416
0	366
0	81
0	3
0	0
0	0
3	49
2	9
72	523
2	420
0	139
1	77
0	12
0	16
0	10
0	14
0	12
1	5
0	15
4	5
4	5
7	0
0	0
0	0
0	0
0	0
0	26
0	26
0	5
0	0
0	0
110	17
0	5
4	9
380	2
3	607
17	609
3	609
0	9
0	7
8855	352
3	30
0	314
0	0
0	0
2026	4461
25	892
23	293
6	217
3	45
281	2
1	0
2	4458
1317	46
0	46
0	24
1	0
6	182
0	227
20	207
0	206
0	72
2	399
53	399
11207	5967
3	3623
0	3119
30	909
21	42
0	40
0	0
3	42
0	1
428	47
0	47
0	355
2	1118
156	1066
0	1015
0	23
6	5
0	64
0	38
1	43
0	72
0	28
0	38
0	7
0	0
17875	20
0	68
0	47
3	47
0	11
0	11
0	10
0	10
0	18
1	68
0	339
6	28
20	4
41	618
0	173
1	502
0	6
4	456
2	30
3	551
0	540
1	1
0	7
1	105
0	7
1	509
1309	2033
2	1600
0	31
2	32
8	185
4	505
20	94
44	198
1651	251
11	66
2	91
5	102
19	122
1	37
24	8982
152	8407
1	163
0	1697
0	18
39	165
0	130
0	72
0	48
312	15
0	14
0	2
0	16
930	1067
0	1084
38	506
81	551
3	29
9	232
0	154
1	95
7	11
0	1
66	88
0	91
2	40
0	188
638	189
2	0
2	0
0	0
0	0
0	0
0	0
0	0
0	0
0	0
0	0
20	709
0	1264
0	1480
0	76
4931	4483
1	4481
181	48
0	48
893	0
96	569
2	620
6	141
0	276
11	0
53	0
0	0
0	40
0	40
0	45
1	45
2986	268
20	268
21	2964
7	2999
0	35
0	49
0	0
0	86
0	765
1	673
7	194
26	710
1	547
0	191
3	82
0	0
0	0
24	101
201	3905
472	3912
0	0
2	0
0	0
1334	130
0	86
2	70
0	0
0	0
0	0
0	0
0	0
0	144
0	188
0	49
0	156
0	172
0	48
1	31
0	33
0	20
462	152
3	50
5	130
0	32
0	0
0	0
313	300
0	3
4	297
1	78
28	739
0	234
0	241
5	378
2	308
4	381
321	217
11	676
4	9
0	310
1	288
0	297
1	88
5	19
0	1
0	1
0	64
2	245
0	248
0	247
2	129
0	15
13	0
16	172
0	172
0	0
0	0
1	0
126	568
7	568
14	242
15	60
5	219
0	24
0	3078
0	3565
318	3565
2037	966
0	902
0	64
4	1718
4	157
0	1631
34	1633
9	2
0	335
1	19
1	90
1	253
930	49
1	0
0	0
0	0
1	0
0	0
0	0
1	20
1	12
0	2
1	15
1785	1097
0	1096
2	26
98	67
0	67
0	0
0	0
0	36
0	48
3	9
24	84
0	2
0	2
4	82
72	48
1	48
0	0
0	0
9	1794
4	333
0	540
0	344
0	206
7	1
3	0
318	2071
8	6
0	6
3	0
1612	661
8	458
20	613
0	77
191	274
52	204
4	80
16	0
0	22
0	18
0	17
0	3
0	3
0	9
1	12
0	12
0	5
0	0
1858	1
3	1
0	0
0	0
0	0
0	0
1	9
0	9
0	0
0	0
46	213
1	1
1	27
0	166
0	213
1	1
0	1
1	0
0	0
0	445
8	407
1	401
0	325
0	287
1	287
0	73
0	9
0	0
52	1263
110	1299
0	1182
0	0
866	72
0	71
4	361
12	362
1	0
0	0
1	0
1	1
1233	1
27	104
2	2556
0	2029
375	2691
1	2552
2	2196
9	868
0	746
3	2252
41	2204
8	597
0	823
157	1879
2	345
0	153
1058	699
0	0
0	4
0	13
7	65
1	630
0	236
1	183
0	30
0	36
0	230
26	1
6	32
87	33
0	1
0	1
0	0
1541	540
0	525
0	442
0	324
3	0
14	938
5	874
1	786
1	196
0	238
2	5
5	19
2282	500
0	129
0	95
0	395
0	276
1	0
11	25
0	25
3053	735
21	741
59	218
0	182
0	210
20	256
6	302
1	281
17	282
26	298
15	293
0	48
5	119
0	87
2	0
2	1
1	24
0	0
0	259
0	375
207	1057
0	362
2	901
0	870
0	100
0	1
0	1
36	6
1	6
1	0
0	0
19	892
29	1045
12	550
1	755
0	25
0	58
0	13
1	16
0	0
0	0
0	0
5	1
12	850
3	851
0	2
0	2
0	1
0	30
0	0
0	0
0	0
48	1262
181	1364
0	1292
123	675
0	102
5	43
0	81
30	180
1	5
208	4
36	3
0	0
0	0
0	0
0	0
0	7489
189	8595
2	7619
6	6648
0	713
0	6888
186	628
0	190
24	255
13	37
31	316
2	315
49	8013
0	0
0	0
42	2462
0	1804
0	745
17	1223
5	759
0	630
0	299
17	658
1	494
0	5
25	23
0	0
0	0
0	0
0	0
0	0
168	2807
27	1201
0	486
0	296
0	2017
0	373
0	24
0	286
0	572
1	149
0	0
0	0
0	0
0	0
0	27
0	27
0	500
9	536
6	381
0	83
0	47
2	342
0	54
35	191
5	33
0	488
0	534
5	760
51	655
0	0
1	668
0	96
0	0
0	12
0	48
12	407
4	329
0	114
2	319
0	284
0	0
0	17
509	1
3	1
1	241
0	251
0	150
1	223
0	203
5	205
0	114
1	77
1	225
2	123
8	42
1	0
1	126
0	223
2	96
64	212
0	112
1	84
6	222
1	0
0	0
0	1176
12	3253
7	1289
83	4349
0	66
1	402
0	1053
1011	4731
2	24
1	803
245	196
1	4210
0	3554
0	60
8	1
5	2402
0	0
5	17
0	0
0	11
1	0
2	0
0	0
646	262
0	262
0	7
0	0
2340	307
0	236
2	133
0	7
22	57
0	8
4	1
0	1
47	120
187	120
0	4310
567	4364
1	787
1	55
0	0
10	2
0	0
0	0
0	2
112	943
15	353
42	753
11	77
11	194
19	4
37	0
4	2
0	119
66	121
1	3
0	3
0	0
0	0
63	1272
0	19
0	255
0	235
43	284
0	4
35	0
0	0
4	0
7	2606
9	707
1	2579
1	2114
2	45
2	3109
0	2812
91	2736
13	1439
0	2438
5	408
4	780
48	32
0	105
0	1818
3	1834
0	1838
2	1722
10	1757
0	1883
0	43
0	0
7	0
70	1830
1	127
4	1727
4	1825
31	13
71	1771
3	9
15	1438
0	1753
299	202
0	162
3	130
2	10
13	104
28	1013
8	1840
33	494
1	584
0	825
10	640
0	20
0	51
0	21
4	23
4	59
0	30
0	1
2	287
0	24
0	14
1	130
0	0
1	35
0	1544
0	0
0	0
0	0
0	0
0	0
0	0
0	0
0	0
0	0
0	0
0	0
0	336
527	337
1	2
6	286
1	3
3	81
0	0
0	0
0	0
0	0
0	0
0	0
0	0
20	1
152	5350
11	72
0	2929
0	1863
0	2113
0	5372
19	47
4	28
2514	792
0	789
0	177
0	94
178	1358
163	1358
0	46
0	53
42	642
321	652
0	11
11	234
17	76
2	35
45	6
3	1278
0	1333
1	1271
0	91
0	1218
0	45
8	0
0	9
0	74
132	755
32	543
89	741
3	690
1	22
0	18
21	8
7	231
7	290
0	220
0	196
2	58
2	0
0	57
577	6516
30	6516
5	69
43	69
49	13
42	48
0	10
7	83
0	82
0	0
2	8
2	0
0	14
30	13
0	0
0	0
6	1299
1	1074
0	376
0	442
3	149
41	204
1	143
0	74
0	1129
37	587
23	41
0	0
0	466
0	159
0	410
0	1
1	143
0	122
7245	4387
9	3831
1	103
2	547
4	1470
8	6
7	6
0	0
448	234
21	93
19	618
0	60
0	824
2	0
1	740
0	407
946	307
8	306
8	0
293	3576
61	3576
2	0
0	0
3	3
0	3
0	0
0	0
0	0
0	0
0	4
0	7
0	2
3	7
0	4540
0	40
23	3837
4	2447
12	42
0	877
4	261
7	345
1	253
0	4313
0	0
0	0
0	0
834	218
0	208
20	217
0	218
7	12
8	5
18732	1891
11	1459
32	126
0	125
0	0
0	0
2	505
1	504
0	118
0	152
29	315
2678	60
4	58
748	872
14	870
2	0
528	162
0	163
0	88
0	72
0	57
0	11
0	33
0	29
0	0
5	215
2	216
16	138
0	148
2	41
1	70
0	31
0	35
0	32
14	437
11	430
1	40
3	433
4	36
16	416
0	42
0	36
0	5
0	247
4	17
0	126
0	0
10	555
0	172
5	11
0	108
43	161
0	107
457	431
4	32
7	44
1	45
0	10
0	44
1	7
0	0
0	7
0	0
0	0
0	0
85	47
0	40
0	9
0	9
0	9
0	46
96	13
0	0
182	58
0	36
0	13
0	22
45	583
144	600
0	15
0	21
1	94
0	9
0	207
0	206
0	3
1	0
0	2
0	520
9	2
0	57
1	455
0	4
2	400
1	2
0	0
28	1
2	20
0	19
0	36
157	107
0	1987
96	721
2	732
8	109
27	384
0	19
1	4
14	2
3	0
1814	409
1	407
51	175
0	0
0	0
876	246
0	74
0	169
1	40
0	17
0	2
0	17
0	7
0	0
0	0
0	0
0	0
0	0
0	0
0	1
0	1
0	1
0	13
0	75
0	88
570	182
12	92
0	129
0	3
0	74
0	904
0	69
0	3
0	37
3	821
0	155
0	229
0	670
0	33
0	529
5	4
0	420
0	0
0	66
1	259
0	0
0	0
0	0
46	3578
325	3578
13	200
1	329
158	389
0	9
0	59
1554	161
0	160
651	1
0	1
87	1282
178	1141
179	1302
30	481
0	25
0	29
0	33
0	23
0	16
33	6939
1	12
0	5967
3920	7088
5	4509
4958	5908
0	3709
4	3704
2	0
2	270
90	4890
337	48955
11	48211
117	51321
955	48227
1	4395
2	6352
134	1266
1	10299
61	199
241	4
1274	130
0	130
7	0
0	0
0	0
0	0
2987	7
22	9
0	0
0	1
2	9
0	1
0	4
644	0
0	0
14	2484
0	1
1	2253
1	373
25	1335
0	1671
2	1998
3	60
1	302
0	250
0	524
6	2781
97	3099
239	3101
0	0
0	0
0	0
0	0
250	0
2	105
0	105
0	0
0	12
0	108
0	6
0	269
1	134
6	38
2	38
0	161
0	59
0	84
1	99
0	241
9	60
0	6
0	46
0	15
0	21
731	1394
37	1365
6	23
0	296
69	0
34	86
7	343
0	0
0	0
0	0
0	130
18	152
4	100
0	27
2	36
0	29
13	14
11	21
0	12
0	0
0	0
8	8
0	267
1	44
0	249
0	249
153	2523
0	1695
0	372
3	0
5	286
3	18
12	8
16	1334
2	0
0	0
0	0
0	0
0	0
0	0
0	0
0	0
371	0
0	0
1	379
0	1398
13	491
3	1001
6	66
16	575
9	5
2	22
3	1498
50	103
36	610
1	0
0	1471
201	0
11	0
2	0
0	0
0	30
0	15
1	1544
0	1592
0	107
9	182
0	1596
0	105
0	165
3	1204
41	75
0	0
0	1604
0	100
0	207
8	95
2	202
0	170
0	0
8	4
0	0
10	0
0	8
0	1
0	3
7	211
0	0
11	39
0	0
0	0
3	37
0	2
0	0
0	0
0	0
0	0
426	1
0	1
206	16
2	0
0	16
34	10
0	6
118	0
0	0
7515	158
0	144
0	157
0	2801
0	2771
0	2778
198	2748
15	475
0	219
0	1991
0	688
4	120
3	330
0	283
2	264
0	0
524	99
17	99
5	92
55	123
0	116
4	105
14	95
1	3
11	304
12	286
0	34
0	115
1	62
1	49
0	16
0	12
1	0
0	1
0	2
0	1
0	1
0	1
0	0
0	0
0	0
0	0
0	0
0	0
0	0
0	0
4	0
0	0
716	0
294	6
2	5
0	2
0	2
0	2
0	2
0	2
0	0
0	0
9941	9437
4	9431
19	3
1	2
0	1
27	94
441	94
4	401
63	401
1	9
0	565
0	563
19	599
0	484
52	614
3	0
2	18
151	18
9	1
12	0
0	0
72	117
680	16
5	16
6	0
96	475
0	94
43	482
30	157
186	0
630	447
0	205
0	0
37	1
0	116
0	23
14	113
0	162
0	0
0	0
0	0
0	0
0	0
0	0
0	0
0	0
0	0
0	0
0	0
0	0
0	0
562	440
0	186
9	155
1	0
2	184
5	27
0	27
0	21
0	0
0	0
3	0
0	3
34	25
0	5
1	17
67	519
4	519
4	90
61	84
72	234
401	229
0	16
0	13
0	126
0	0
0	0
11	1269
15	1252
4	709
0	112
6	3
4	98
0	1247
0	0
0	0
0	0
0	0
2670	915
0	1
2	166
3	481
5	231
1	36
3	196
0	10
0	188
0	182
0	182
0	7
43	180
0	188
7	1
0	0
0	0
0	0
0	0
0	0
0	0
12	192
0	372
3	341
1	246
2	40
0	22
2	245
237	2490
3	158
2	2367
30	0
7	21
1	0
0	732
0	388
0	544
0	0
0	26
1	123
0	93
1	88
5	38
538	0
412	1118
20	1116
3	51
1	1
0	0
52	82
0	82
0	0
0	0
0	1
0	1
42	1349
141	1307
1	244
2	538
0	0
2	90
27	90
2	60
0	54
0	1
431	803
5	6
0	52
9	0
3	3
1337	567
3	567
4	27
29	186
517	159
596	36
810	4253
144	4253
2	481
0	79
12	0
70	5
0	254
2	2174
0	1278
0	2122
24	2161
5	232
11	142
2	26
1	10
0	12
0	2132
308	608
0	28
0	595
0	5
2	7
0	117
51	48
38	1044
0	0
0	9
0	36
1	1018
0	12
1	1018
1	5
7	93
0	76
55	16
1	33
5751	2
13	307
4	591
0	120
9	116
5	117
8	3
0	17
1	33
1	592
4	42
0	11
0	0
0	57
1	137
2	791
0	112
4	336
0	102
0	228
5	728
0	17
2	82
2	90
0	89
9	44
8	78
1	46
0	1
27	38
0	2
0	2
0	1
0	6
0	6
0	6
0	1
0	0
0	1
44	487
25	308
125	128
0	1
7	0
235	289
2	46
0	1
0	241
0	0
0	0
0	1
0	1
42	914
4	225
0	943
0	701
0	935
0	813
0	6
8	2
0	70
1	1
3	50
0	0
0	39
3	39
44	0
0	16
2	46
0	1
21	687
0	4
0	2
0	2
0	66
0	4
0	66
0	0
0	0
0	0
0	0
0	0
0	56
0	40
10	57
0	8
7125	1094
39	218
1	236
17	471
0	184
2	54
0	337
21	1320
25	1320
1	1320
0	97
0	19
9	140
0	23
37	0
49	0
173	3820
0	3111
8	3882
0	0
53	205
0	205
0	0
0	0
0	0
0	0
0	0
6	521
46	348
1	478
209	3985
0	2363
110	2883
0	311
21	13
3	2329
0	192
3	358
30	177
0	8
2	0
460	5491
0	0
0	0
0	0
1383	1
0	0
0	0
100	22
3	1
3	0
0	22
0	0
0	1
0	1
0	0
0	0
0	0
0	0
203	176
2	45
0	99
1	122
0	6
0	0
0	0
0	0
28	39
0	1
1105	192
0	38
9	180
6	0
8	4163
0	4091
2	4296
0	4023
111	2785
0	3938
12	3941
16	1245
0	1584
0	1111
7	168
8	861
0	161
0	645
22	88
3	323
0	503
0	0
1	268
0	311
1	125
1	19
0	231
0	1
0	39
4	0
0	0
0	0
0	0
0	0
0	0
0	0
35	122
0	26
0	56
7	139
0	76
1	78
0	14
4	4843
0	4777
3	0
10	698
1	44
6	257
26	291
0	857
2	195
10	4490
11	458
12	4581
18	4648
0	4713
164	682
30	495
0	657
101	518
1	58
23	415
0	271
0	1
0	0
3	2
727	1043
29	1043
3	472
1	0
0	40
0	6
0	41
0	10
0	360
4	1
1	469
0	0
0	0
0	0
0	0
0	0
93	0
1	8
2	8
0	5
0	859
687	1805
0	669
0	1
1	204
0	583
8	1518
4	181
0	804
0	497
13	1715
3	9
0	173
0	0
0	0
0	0
26	2209
117	2439
7	12
3	422
7	2
4	109
12	303
19	3
12	8
25	354
3	40
2124	4860
8	4858
0	504
5	506
0	24
53	58
16319	10
0	106
0	98
0	105
0	13
0	97
6	2
61	27
0	25
23	92
0	92
0	0
0	0
0	0
0	0
0	0
0	0
0	0
0	0
0	0
228	415
323	384
0	6
4	6
576	30
0	29
0	9
453	150
1	21
1	129
0	0
0	0
195	1152
32	2149
1	5278
10	1273
0	2544
7	624
10	5085
0	1480
26	23
0	0
1	11
0	19
0	18
0	12
0	5
0	5
17	159
152	325
0	253
83	631
7	1130
22	1127
0	27
5	1099
0	40
15	221
2	344
50	133
2	198
0	224
0	272
1	272
0	273
0	234
0	255
0	29
0	21
0	36
0	16
0	6
1	9
485	1152
0	96
1	1
3	966
0	56
19	50
6	138
0	190
1	47
1	310
0	206
2	71
836	0
17	0
0	0
0	0
0	0
0	0
625	547
0	524
0	419
0	419
0	63
8	15
0	15
85	1
1	0
2	1574
0	1729
21	1573
0	36
120	1005
46	1369
10	488
0	0
0	80
3	0
1	85
0	112
0	1
1	1
0	0
0	0
0	0
0	0
20	167
1	17
0	150
0	0
8	0
0	0
579	94
2	94
0	1
6	6330
0	3369
3	933
1	47
4	405
18	323
4	81
0	404
1277	1604
1	1394
0	1687
3	105
0	70
38	626
0	626
2481	2
0	0
0	0
0	0
393	3071
0	3071
0	0
491	290
82	267
4	133
25	109
5	108
2	8
0	215
34	528
2	546
1	532
0	564
0	532
2	7
9	107
1	62
0	4
0	0
1	564
52	612
5	562
0	116
0	3
1	33
0	3
0	2
0	1
0	3
0	0
9	1081
3	740
1	216
2	462
1	285
885	55
2	55
55	271
5	270
32	58
0	70
1587	84
78	82
1287	737
0	67
0	3
9	6
4	429
0	242
0	0
0	0
0	0
0	1062
58	1083
2	68
434	0
0	208
0	6
0	208
0	292
7	286
8	209
1	200
0	16
1	0
1	0
0	0
22	2102
2	1653
371	2079
3	28
0	0
0	0
0	23
15	687
3	313
2	0
2	33
0	1
1	0
3	15
7	105
0	58
38	728
31	0
0	0
0	0
0	0
0	0
0	4
0	4
0	0
3	5
388	152
1	13
0	60
4	40
0	18
9	1534
84	1313
2	0
50	472
2	1545
41	745
385	969
47	363
0	359
5	220
264	0
5	0
0	2727
1	315
1	37
2	436
35	2212
2	3
2	1
2	2522
0	215
578	1926
0	1039
3	1374
2	642
7	460
6	202
0	7
111	587
0	62
3	519
0	3
2	463
2	60
0	0
10	82
0	82
137	613
48	628
8	15
0	0
0	107
0	68
110	1136
0	1136
0	0
0	0
0	0
0	0
27	1
1	1
104	1886
0	1945
0	1824
173	614
0	253
0	159
0	1
395	43
0	0
0	0
0	0
232	8709
78	5701
6	203
55	8709
122	117
4	116
3	35
0	4
8	1
13	1479
0	1377
0	638
2	201
37	314
38	1179
154	58
0	0
0	0
1	6097
37	455
24	469
0	5530
22	269
0	907
0	1088
0	5833
0	6127
0	5804
0	0
95	1136
0	64
10	73
0	0
3	12
0	1106
0	0
0	0
378	41
0	41
224	441
8	441
112	329
1	329
47	117
2	117
1605	113
749	6369
0	6369
30	1237
5	987
45	6
0	6
0	2
9	999
24	1010
88	1011
42	946
315	2
0	2
0	0
0	0
0	0
0	0
0	0
3	1413
1	959
6	273
1	978
7	1635
1	99
0	1707
0	1050
0	27
46	24
41	302
0	361
3	344
7	130
12	51
0	0
0	0
0	0
0	490
7	292
90	576
1	9
2	84
1	51
3	9
0	2
0	2
1	0
0	0
0	0
0	0
2	0
191	429
3	91
31	485
4	421
5	483
1	0
1	0
18	0
53	398
1	398
0	3
3	26
0	25
2	25
4	0
0	1
7	1
0	1
304	626
0	393
24	522
3	247
0	208
47	160
1	118
2	30
1	108
12	6
0	0
4588	21807
1	1061
9	17689
3	8884
128	17695
0	17459
41	129
693	106
6	0
51	44
0	44
0	0
0	0
0	0
0	0
0	0
0	0
0	0
0	0
0	0
0	0
0	0
0	0
6	185
17	138
19	161
20	177
1	15
0	22
0	0
0	1308
0	2945
141	2951
0	0
4	13
52	75
0	39
3	836
24	836
4	1
1	308
11	10
0	9
0	0
0	0
0	9
1	43
0	82
4	441
0	577
0	924
0	1142
0	1086
30	794
0	94
75	2300
62	2309
1	797
0	745
0	894
0	437
1	0
0	0
0	0
0	0
0	0
1475	351
1	320
0	339
18	271
0	270
10	26
2	180
4	5
0	294
0	306
92	801
4	211
53	779
23	6
0	6
0	0
38	579
0	472
0	577
1	593
0	576
0	494
1	111
1	34
0	54
7	45
12	39
0	3
1	5
0	272
0	0
0	0
9	427
4	412
0	182
12	127
0	1
0	2
0	2
0	33
8	58
6	62
0	6
7	38
5	10360
0	12035
3201	2985
0	566
15	2630
1	0
0	1369
28	1767
9	1390
4	1620
476	68
1	2
1	42
6	61
20	23
165	23
0	23
0	18
0	9
0	3
259	94
1	94
333	1
0	0
0	0
0	0
0	0
0	0
0	0
0	0
5	225
0	162
0	175
28	151
0	130
0	216
33	0
1	21
4	18
3	53
2	433
0	16
0	391
0	0
0	0
0	1
5	98
0	2
0	12
0	7
0	4
1	4
0	10
0	1
9	2
4	0
0	0
0	0
0	0
0	2
2	2
0	0
0	0
183	1316
10	1335
0	6
1	4
13	4
0	4
2	3
0	51
0	41
0	38
2	22
58	21
17	3
880	119
6	119
0	146
0	958
0	35
72	989
5	0
47	461
0	171
3	19
0	9
0	31
84	175
1	440
0	93
0	306
0	195
4	208
0	160
2	192
0	174
0	180
0	0
0	0
735	854
0	522
1	181
2	364
10	0
15	17
16	487
7	11
1	11
40	270
9	27
10	8
0	0
1	10
10	410
5	151
0	291
41	315
333	0
4	1
0	1
0	0
4	342
0	2367
5	83
17	1415
0	0
0	2367
10	20
0	2
0	0
0	0
0	21
0	21
20	276
0	306
7	41
0	2
3	21
0	275
0	7
1	21
2	86
803	415
2	241
0	303
0	306
1	122
4	129
1	65
3	92
0	363
6	357
2	60
6	0
135	114
5	52
68	92
19	100
1	32
5	71
17	6
0	94
0	0
7	92
11	94
0	92
0	93
364	674
5	391
1	217
0	132
0	618
0	27
0	285
15	77
14	659
8	558
3	62
0	71
5	535
2	6187
22	6020
0	6128
0	576
0	38
2	9
0	23
0	63
0	8
1	23
1	16
0	89
1	17
4	22
2	22
0	37
88	0
1	1543
0	1
28	549
3	182
21	119
2	6083
0	6184
0	0
0	0
0	1631
0	2012
198	2012
27	2
1006	2722
134	533
9	491
36	134
27	180
4949	1580
11	5
0	1395
0	699
1	576
11	379
2	522
0	42
0	483
0	0
0	0
0	2
0	2
0	6
0	7
0	3
0	3
0	1
0	0
0	7
0	6
278	0
0	0
0	0
2033	4420
0	4420
0	778
15	529
938	3960
11	88
0	4
69	849
1	585
0	0
0	363
58	339
0	3294
61	270
0	270
14	35
5	2
0	2
8	474
14	167
5	471
2	36
0	65
0	202
0	129
0	34
0	0
0	0
0	0
0	0
0	0
0	0
3	0
244	0
0	0
0	0
0	7
3	72
2	13
0	25
0	0
0	7
0	0
0	0
0	0
0	0
2	4
12	1042
4	0
0	152
0	887
0	92
0	55
11	214
0	5
0	212
9	181
1	42
0	682
0	0
0	246
0	33
0	195
0	51
1	10
1	44
0	107
2	44
0	887
0	837
0	0
2	57
0	57
6	5
0	5
18	2758
0	78
2	100
0	278
0	138
0	119
1	86
98	32
2	15
0	0
3	0
143	1
44	700
0	905
140	934
0	0
0	0
40	21
0	21
8	608
9	24
15	526
0	132
66	575
25	563
7	461
6	56
32	113
6	41
0	8
1756	0
13	1465
0	0
10	332
0	11
0	1473
5	38
0	127
112	1112
1	1397
0	1
4	17
0	6
10	105
2	106
3	6
9	30
0	86
11	197
4	41
5	1471
4	29
12	54
2	90
51	33
2	42
3	0
56	45
0	0
3901	823
5	2
2	0
85	48
44	894
0	191
2	1
0	0
0	3873
352	3876
1	139
0	166
0	21
18	141
0	9
1	13
0	0
15	98
0	94
0	31
0	5
0	6
0	5
0	4
0	4
0	3
0	2
0	3
2	1
1	0
0	3
0	0
0	0
63	883
0	888
11	728
2	38
2	886
1361	7
21	6
0	0
0	0
0	0
0	0
0	0
104	21
0	21
0	0
4	48
15	398
382	523
0	420
0	507
1	1
1	0
1	0
3	48
17	0
42	524
12	16
2	16
0	0
0	0
0	0
0	0
0	0
10	163
2	136
1	161
0	3
0	123
0	0
0	0
1	13
0	0
0	1
0	2
359	31
0	1
1	0
10	2237
0	3805
0	20
0	3
0	10219
0	10444
0	733
0	887
20	7297
17	7287
4	37
0	5658
0	729
0	4662
1	5762
0	829
2	534
0	716
0	385
0	360
3	11615
2	7
0	4973
0	1153
0	421
1	1002
0	857
0	1362
0	677
0	27
0	427
59	56
1	0
4	15
0	34
8	21
0	13
10	1700
48	1700
6	31
0	0
0	0
0	0
0	2
0	2
0	0
0	108
70	1724
267	1780
0	1473
0	1482
3	884
16	201
0	328
1	336
0	1633
13	586
12	569
0	309
0	301
3	327
0	31
1	57
0	42
2	0
0	0
0	0
0	0
0	0
0	0
11	93
41	211
4	50
1	3
0	70
389	140
335	508
0	4
1	304
0	349
0	311
0	187
0	0
0	0
25	563
194	872
228	697
5	53
0	0
0	84
17	257
12	239
1	266
0	142
8	78
0	0
0	0
0	0
4	1224
22	1168
1	0
0	265
0	119
0	149
1	177
1	147
0	1224
81	95
3	95
1	75
0	0
0	13
1	1
0	0
0	0
0	0
0	1770
0	1828
43	1821
0	26
0	0
0	0
1655	155
12	41
3	20
1	13
0	49
0	21
4	19
0	71
0	47
0	0
0	4
0	33
0	1
1	0
0	1
0	2
0	7
0	7
0	71
0	0
0	0
122	2028
41	2038
16	1815
9	1708
0	98
0	0
0	0
0	0
0	0
0	0
0	0
0	0
0	0
0	0
0	0
0	0
0	0
0	0
0	0
0	0
0	0
1252	6
1	5
246	28
2	0
8	28
0	0
0	0
0	0
0	3
0	3
64	274
0	251
0	32
0	1669
41	2951
2	1668
2	2842
17	200
0	842
10	80
0	25
0	0
4	7
0	7
3	0
0	0
0	0
0	6
0	6
0	5
0	2
127	153
0	15
2	138
0	168
0	157
0	0
4	1
0	164
0	164
0	175
0	0
0	0
661	1590
0	1569
1	462
1	0
1	22
0	0
0	0
0	0
143	1634
9	121
14	1517
24	116
0	0
0	0
0	0
0	0
3	0
33	488
57	498
1	120
3	14
0	0
63	41
0	0
12	31
2	8
0	24
9	31
0	23
0	1
0	132
844	6072
0	25
31	5932
13	5533
1	589
3	2759
0	911
2	33
22	25
0	9
0	25
0	0
0	0
0	0
0	12
44	18
0	2
0	2
0	0
0	4
30	0
0	0
0	0
56	251
0	198
24	101
1	59
11	43
10	11
8	19
1	1
280	115
0	82
0	10
0	6
3	34
124	100
0	44
0	0
2	38
0	22
24	16
11	11
25	13
0	0
69	220
2	149
0	150
6	228
1	49
0	47
2	17
2	15
5	44
7	51
94	11
57	145
2	20
14	145
0	28
52	347
4	347
428	152
0	152
12	110
0	40
4	0
18	448
1	0
49	457
3	1
0	1
13	324
0	0
870	542
46	347
3	23
0	151
572	1509
1	1407
0	551
9	347
0	7
0	331
0	130
5	72
1	79
3	13
0	70
24	96
5	89
0	10
9	163
6	164
0	30
7	19
0	0
0	0
0	0
0	0
0	0
0	0
0	0
0	422
0	162
2	380
0	146
0	114
690	3647
246	3323
38	3395
15	0
8	187
0	6
62	10
659	1010
0	734
25	630
0	296
7	328
1	210
0	60
0	7
0	27
0	64
0	1
1101	286
142	4850
8	4457
0	2788
2	2408
10	668
47	240
2	294
12	12
0	283
2	1035
0	0
0	0
1522	3244
9	0
0	2935
0	2988
2	379
0	254
0	3
0	0
0	3
516	3581
15	3112
2	1775
16	1732
1	1221
0	817
6	421
81	37
0	23
5	0
19	147
0	4
1	4
0	147
16	106
0	55
653	242
0	1
0	1
5	87
1	15
19	0
0	0
4	112
0	73
7	336
0	340
0	7
0	16
0	46
22	2954
14	2598
57	705
0	0
0	0
0	0
1855	661
0	658
281	68
0	52
0	9
4	2
0	430
56	430
7	26
0	11
0	28
1	14
7	23
0	10
6	0
0	0
12	0
4	12
1	11
13	0
0	0
0	0
0	0
0	0
0	0
0	0
0	0
0	0
0	0
0	0
0	0
0	0
0	0
51	748
0	592
0	480
54	583
0	385
2	0
0	0
0	0
0	0
190	422
1	336
17	361
761	751
27	304
0	377
0	471
1	36
19	200
0	0
0	76
505	167
0	158
0	168
0	0
0	0
0	0
0	0
0	0
22	642
2	642
2	42
0	172
14	2
4	124
0	0
1100	7115
0	5066
8	5252
12	6568
8	3572
2	1191
36	1978
724	215
0	0
2667	33
1	33
0	16
0	0
0	0
0	0
0	16
104	12
1	9
0	4
7	5
73	358
13	304
0	90
0	52
2	32
0	30
14	1133
4	237
49	199
0	79
24	33
2	124
0	1133
0	1002
2	2
0	2
0	0
0	0
0	0
0	0
0	0
0	0
0	0
0	0
0	0
24	2
3	1
0	1
1	0
283	58
0	19
0	38
0	1
0	1
0	1
8	1
0	0
0	0
200	0
0	0
0	274
0	60
0	84
0	287
0	277
0	16
0	274
1	6
0	54
0	283
0	280
1	293
0	1545
30	1532
0	1530
3	43
0	1427
0	78
5	0
168	3645
94	1364
1	3528
39	2462
5	2
552	180
2	144
1	19
1	6
0	2
0	2
1	0
175	84
3	94
1	0
2	10
0	0
0	236
31	804
1	787
0	836
0	64
0	0
0	0
0	0
0	0
21	180
0	26
0	180
0	0
0	4
0	2
3	4
0	2
4	2
0	0
225	1499
4	1497
3	1498
5	1147
3	0
0	9
0	9
0	7
0	1
1	0
0	0
397	517
0	117
2	440
0	92
1	507
0	14
2474	2600
24	1243
21	119
164	2061
0	867
22	183
53	390
0	1048
1	325
0	684
3	113
5	5
0	0
0	1
244	13
3	12
12	1096
0	125
43	1076
0	24
6	60
0	1140
1505	102
32	43
0	5145
11	4824
35	4347
15	2043
1	30
0	325
20	270
490	85
0	21
0	25
0	18
9049	817
54	812
751	224
0	173
1044	74
3217	24
9	5
24	5
1	4
0	4
0	4
0	2111
1	29
2	1056
2	904
1	634
0	594
0	645
0	608
0	360
2	490
0	659
0	670
0	615
0	3
3	240
6	85
9	46
7	11
0	17
0	70
0	17
0	0
0	2
0	14
1	2
0	16
25	31
0	6
0	1
6	3
0	2205
0	0
0	0
228	9
358	33
14	25
0	2373
44	2373
11	82
0	164
65	1067
3	945
12	987
1	43
1	118
1	16
12	443
0	186
0	6
1	10
8	4
5	0
0	79
43	96
0	161
43	218
2	8
0	42
5	27
0	53
4	0
2	0
0	0
0	342
72	379
0	91
0	40
0	1
2	0
5	35
0	33
0	19
0	0
1	1
0	1
0	0
1	0
0	1
0	617
6	471
2	503
0	175
2	446
6	151
0	71
0	55
0	22
0	7
0	7
3	143
1	115
3	61
0	40
0	5
2	3
1	51
0	23
0	614
28	0
23	7
0	7
0	2
0	1
0	1
0	2
2	34
0	23
0	8446
10	157
9	362
7	6313
0	1095
2	239
20	652
0	639
2	6
0	327
0	7032
0	506
0	188
5	1497
14	7987
6	162
8	224
14	669
0	90
0	7170
310	83
13	83
0	54
3	35
0	0
0	0
13	404
0	328
380	487
0	0
0	1
0	1
0	1
0	1
0	1
0	0
0	1
0	0
0	1
0	0
81	41
0	41
1014	446
2	254
0	171
3	227
0	0
0	0
0	0
41	531
5	420
19	514
1	12
89	78
0	2
0	0
0	0
0	0
24	0
141	563
5	562
1	1
2	1104
1	779
5	144
4	172
1	290
3	542
10	623
309	19
1	188
3	257
0	7
4	0
0	0
0	0
0	4
0	4
0	2
37	0
0	0
2	293
19	306
2	17
0	16
0	41
0	7
0	1
187	319
0	318
0	0
0	0
0	0
0	0
3781	2070
7	44
21	458
23	870
1	787
596	120
14	120
67	85
372	259
22	259
0	0
0	0
6	19
1	25
0	0
1	207
0	176
0	226
5	100
6	21
2	22
0	9
1	22
2	9
18	26
0	4
0	0
0	0
0	563
1	397
0	579
0	2273
3	2063
2	655
0	25
8	279
0	33
3	370
0	0
0	68
0	11
2	11
0	0
73	8
0	6
0	2
167	0
1	0
0	0
0	0
0	341
207	1183
0	1074
0	301
344	1128
0	170
1	894
0	103
0	53
0	0
0	202
18	9
41	9
262	1065
0	463
1	154
1	355
4301	886
10	878
511	161
2	0
0	158
1	103
0	132
0	47
0	171
0	0
0	6
10	1
0	167
1990	236
17	235
0	0
0	0
0	0
0	0
0	0
23	795
1	36
112	1489
58	279
0	1010
375	1183
0	0
461	172
3	170
32	1
0	0
1	0
0	0
0	0
0	0
0	1368
83	1260
5	17
0	956
5	1090
0	0
109	1686
0	1017
4	1609
6	783
0	113
2	448
0	341
0	178
0	3
1	93
0	69
0	461
1894	156
0	155
0	0
0	0
724	18
0	18
0	0
777	18
11	18
1	0
6	2
0	2
0	0
0	0
9	1
0	0
0	1
0	0
0	0
0	0
0	0
1	541
0	542
66	542
1	27
0	5
0	21
0	21
0	2
0	2
2948	1789
0	165
0	1346
1	17
0	116
17	625
2	137
2	1140
0	739
0	72
0	5
17	16
0	26
9	17
3	1
0	18
12	2
0	0
0	0
0	0
0	0
0	1
0	1
0	0
0	1
309	9
10	9
0	0
4	643
281	643
4	158
0	0
9	21
0	54
0	0
252	2451
197	1952
36	409
13	1426
0	247
1	960
0	43
0	37
0	0
156	65
0	21
177	976
73	976
381	272
32	138
13	232
3	115
0	0
2	137
0	53
3	58
0	38
1	0
0	0
1	7
12	9
0	15
0	2
0	0
0	0
561	1092
6	0
0	1091
68	0
1	0
0	2326
0	0
1	59
0	31
0	2208
0	62
1	2328
0	9
4	44
0	39
1	6
210	0
442	267
0	271
0	0
1	118
0	143
4	0
12	376
2	14
0	32
0	6
21	71
2	454
1	96
0	58
9	83
8	29
475	194
0	193
0	3
0	0
0	0
34	1731
0	1023
6	1025
0	1750
6	146
6	36
0	30
4	122
0	0
0	0
0	0
0	1
0	0
0	1
1	4
638	0
0	5
17	4
0	0
0	0
0	0
0	0
0	0
0	2
0	7
0	7
0	1
0	1
0	0
7	708
0	705
7	268
6	105
1	272
0	359
0	84
0	186
39	0
2085	1426
0	863
0	297
3557	25952
10	16978
313	64
7	22582
19	19645
0	0
3	0
30	141
1	86
2	141
0	7
0	4
0	3
232	0
21	134
0	499
0	484
30	513
3	488
2	532
3	5
0	44
18	12
2	12
51	1
1	0
0	0
1	325
0	389
0	54
5	364
13	60
1	135
0	90
0	179
4	73
0	45
0	6
0	79
4	11
0	7
0	6
0	7
1	9
0	0
0	182
1	2839
55	505
0	3
0	223
474	1627
203	1626
1	0
0	0
0	0
0	0
0	0
0	0
0	0
0	0
0	0
0	783
53	730
0	193
0	0
4	296
0	19
0	70
1	32
0	30
1	0
0	730
0	783
92	51
0	51
0	13971
9	12687
0	16699
0	1083
0	3
262	17132
1056	17413
114	2242
34	1237
212	2248
6	333
6	210
3	210
1	13215
0	13078
1	15097
0	1501
1	2469
12	1030
1	1969
1	493
1	92
789	875
0	781
0	268
0	0
9	2062
0	429
47	566
0	2074
4	1996
135	582
0	181
0	44
1	35
0	0
14	148
0	18
9	2
6	64
0	0
0	0
0	210
1	0
0	15
0	0
0	0
4	356
1	355
5	2
7	558
5	61
0	284
4	0
0	0
0	0
0	0
0	0
1155	0
71	23
5	23
555	1733
4	1424
0	733
11	222
0	218
0	145
0	65
10	13
17	0
0	29
773	0
1062	1
10	0
0	0
4760	2330
1	2328
22	194
70	957
4	885
7	174
2	882
4	710
2	441
4	48
29	41
2	1
0	1
0	198
38	198
2	25
0	0
0	0
0	0
0	0
0	0
0	891
139	1316
1	167
11	1226
2	808
0	342
0	11
3	55
0	1
1	56
2166	596
106	595
13	105
0	133
0	25
1	72
1	72
3517	1710
0	582
1	42
8	1083
4	7
0	87
3	787
0	653
118	2031
85	1697
2	1676
167	1886
3	1102
217	432
21	333
21	20
985	0
837	608
3	5
11	20
7	582
68	252
0	252
0	181
0	24
0	0
0	0
0	0
123	35
0	8
1	35
12	5
9	35
1	32
0	25
69	0
0	0
0	0
0	0
0	0
988	866
20	507
2	355
3	14
2	285
515	1330
2	0
2	1315
10	1736
0	2112
0	2896
1144	2901
39	795
0	2110
0	1816
0	0
0	57
0	1551
0	68
0	159
0	223
0	15
0	45
0	0
0	239
0	0
15	33
0	169
0	170
2	291
3	353
1	46
0	164
0	21
0	33
1	430
0	348
0	430
0	163
0	0
102	509
124	509
0	261
11	195
22	0
0	425
0	435
6	676
0	512
121	795
27	668
3031	680
0	768
0	520
0	536
658	8325
119	6820
3	0
40	3228
1	173
3	557
0	543
42	2807
0	2077
78	8444
206	1
0	0
0	1
41	0
0	0
0	0
0	0
11	127
2783	320
3	188
18	0
8	0
466	10
7	5
75	1054
655	1262
0	1124
6	1180
0	15
0	68
0	4
0	390
0	16
1	0
0	0
0	0
2	0
0	0
0	0
0	0
0	0
0	0
216	0
65	1343
15	126
1	226
1	214
3	1141
18	207
0	1082
0	222
7	504
24	441
0	243
23	6468
119	6590
11	6489
9	622
191	2581
0	194
35	315
36	309
292	423
21	99
29	1607
30	1306
0	18
1	866
1	361
3	113
0	76
47	196
4	39
0	143
13	165
3	0
1	33
6	4
35	60
1	10
0	4
0	0
0	48
1	48
0	0
0	0
0	0
0	0
0	0
0	0
1	2
0	2
61	171
5	135
16	203
15	55
1	86
0	11
18	79
2	22
0	0
3	69
5485	7
339	11
0	9
4	0
9	0
0	0
0	0
0	0
1032	487
1	53
10	45
0	34
8	205
0	303
3	0
0	5
0	0
0	0
0	0
0	0
13	937
12	845
11	1284
0	199
55	437
0	389
0	28
0	0
0	0
2	743
4	178
0	0
0	0
0	0
9	1
0	1
13	49
0	231
1	227
0	225
238	721
0	9
0	762
10	639
6	402
0	28
11	5
0	46
189	2618
2179	2763
0	288
34	8
1	684
7	663
1	689
42	1029
1530	3334
318	3215
2	1408
87	1781
0	0
0	0
2	3984
42	4113
0	4112
0	4112
10	50
42	20
0	89
0	0
0	0
0	0
156	1800
451	1840
45	0
2	400
9	0
9	0
6	6
0	0
2	200
6	199
4	169
0	9
42	23
0	0
4	14
291	33
0	19
17	6050
3538	6450
10	425
10	5682
28	812
0	3208
0	3309
3661	4051
0	2994
0	2310
0	206
6	3
1	26
17	81
0	46
7	0
1	62
12243	7
6	0
13	10
0	16
0	17
2	16
0	7
2	3
0	2
0	0
0	0
0	0
2	928
99	928
1	69
0	70
1	26
3	2
0	11
1	9
0	11
37	317
28	313
13	17
4	76
47	27
0	0
0	0
0	1
0	0
0	1
25	107
0	444
3	433
1	3
35	444
0	149
112	149
5	3
10	135
1	117
0	136
414	2775
0	491
1	802
4	0
0	2067
0	0
0	0
0	0
0	0
0	0
0	0
0	0
0	0
0	562
52	882
2	47
0	937
0	11
2	757
205	832
0	1078
0	1411
6	1839
1	286
0	0
0	107
0	778
0	1920
0	1891
0	797
0	0
0	0
0	0
0	0
0	0
183	2687
0	25
0	549
2	588
2	2375
0	194
2	570
3	798
1	2989
0	0
975	1370
0	171
0	181
4	21
15	1333
8	4
0	2
2	5
5	83
1	61
0	67
15182	1103
0	1094
21	510
0	0
0	0
0	1059
0	1513
114	1396
7	0
0	0
0	14
602	177
1	30
4	71
26	9
0	9
0	0
1	4
0	18
0	8
0	0
54	372
1	299
2	58
35	77
0	4
1	233
5	229
0	28
0	101
1	11
0	78
0	1373
28	1330
6	87
0	781
0	1213
0	35
655	0
1	0
0	2
0	2
0	3
0	11
0	8
0	0
32	2138
6	1484
0	800
5	1445
0	188
0	992
4	33
1	4
0	0
0	0
0	0
1	107
7	2
0	0
0	2
0	0
0	0
2	504
839	506
1378	282
8	280
0	15
19	399
304	400
2	2
0	0
0	0
0	0
0	0
0	0
0	0
70	6
1	3
0	3
1	1
3	1
1	0
577	1667
1	1667
64	787
28	166
0	106
0	246
435	6
23	8
18	8
9	10
11	4
0	4
3	7
0	0
0	0
59	96
5	64
0	91
134	125
2	72
3	48
10	99
2	37
10	2
0	0
0	0
0	0
0	0
1	0
0	0
0	0
0	0
0	0
43	2650
0	1822
0	2804
58	2464
16	575
0	37
1	19
2	129
0	196
0	1535
0	52
1	204
21	106
1040	430
3	330
0	117
0	2
2	150
1	117
0	51
0	11
401	322
5	24
3	314
1	6
4	1454
17	1876
0	1476
0	1690
3	699
18	775
18	6
0	905
1	192
22	6
66	0
0	1244
32	1301
0	409
0	366
3	175
2	123
0	17
0	83
0	31
0	30
0	1
3	0
121	0
0	1247
0	205
0	274
0	269
0	283
0	273
0	270
0	284
0	280
0	265
0	259
0	266
0	291
0	221
0	103
0	47
0	207
0	43
0	51
0	64
0	153
0	78
0	268
1	275
175	281
0	81
0	170
0	175
0	211
1	245
0	258
1	15
2	180
0	1
1	14
0	112
27	49
3	5
0	274
6	63
0	21
0	20
9	1
188	1
0	0
0	0
1	192
0	193
0	192
1170	484
0	482
14	416
0	69
0	20
0	0
0	0
0	1
0	1
0	0
0	0
112	4632
158	2120
0	3352
4	2920
12	498
0	57
0	21
3518	1949
6	229
14	837
5	590
2	6
40	276
2	612
36	85
0	84
2	17
3	1
60	2402
0	133
32	56
15	2365
38	280
17	216
0	60
0	89
0	15
0	127
513	9297
0	8530
0	6778
0	874
0	782
3	517
0	5
3	263
0	0
0	0
0	0
0	0
0	0
0	0
0	0
0	0
0	0
0	0
0	0
0	8524
4005	7
1	133
13	123
0	94
0	13
0	94
0	7
0	4
0	69
0	79
78	22
5	22
249	5478
0	6051
217	5812
32	563
29	389
1	20
77	4
6771	6
2559	2626
900	2625
21	812
2	254
0	571
54	486
1	60
6	483
0	407
0	363
26	58
0	55
2	53
16	42
0	0
6	395
199	194
0	194
0	97
0	315
2	312
16	310
1	13
0	60
1	95
25	66
0	15
0	0
0	78
405	2
69	2
109	601
6	50
3	555
10	15
1	7
44	405
13	0
0	1
3	21
13	2265
0	2268
47	143
0	1
1	2
0	2268
4	342
50	183
0	52
0	346
88	242
52	389
26	360
7	221
9	5
3	5
2	48
7	117
0	862
2	34
0	68
0	64
9	130
23	171
0	23
36	249
0	9
0	43
2	809
0	0
0	0
0	0
0	0
0	0
0	0
0	0
0	0
31	39
4	39
1	0
202	52
0	52
0	14
0	104
0	101
1	71
0	60
0	0
0	1
92	1832
0	1086
3	327
5	401
0	1207
3	6
0	351
0	921
22	425
5	43
0	4
0	0
363	89
3	84
0	60
2	0
0	1343
0	1429
0	1515
36	673
2	1
27	117
2	207
0	27
0	1423
0	1509
0	0
0	0
0	591
0	621
0	578
0	601
0	593
0	573
0	438
0	561
0	600
0	291
5	316
6	55
6	6
0	0
26	793
13	614
2	910
0	581
0	349
1	573
33	1217
8	337
2	503
2	364
69	208
0	54
0	52
51	17
9	177
0	116
0	29
0	1233
137	0
24	183
216	187
0	0
2	154
0	0
0	0
0	2322
29	2326
0	359
0	359
0	359
0	359
0	359
0	359
0	359
23	311
0	3
2	214
0	0
273	503
5	457
0	304
0	47
0	8
56	438
1	438
4	60
0	16
0	26
0	7
0	0
2486	77
0	74
12	125
16	125
224	510
1	0
1	510
1	0
9	0
0	5
0	2
2	2
0	0
0	0
2878	997
4	584
8	321
1	12
0	0
0	17
5	17
3	0
0	0
241	176
3	176
0	0
0	0
0	0
30	607
49	667
12	630
0	116
9	4
2	6
5	5
0	4
0	1
0	0
0	0
0	0
0	0
63	2
0	2
103	674
0	412
0	21
2	98
0	60
18	36
0	67
0	11
8	9
0	0
0	0
0	0
0	0
58	48
4	45
0	45
0	32
55	15
0	0
1	1188
17	642
0	684
0	94
4	412
2	155
0	0
0	0
1	0
0	0
1051	853
54	577
56	846
75	10
0	0
18	1977
2	1861
5	1673
31	314
0	0
0	0
0	0
0	0
0	0
0	0
0	0
0	0
49	0
0	1
0	1
1347	244
0	170
0	116
12	63
11	21
4	50
247	1152
0	1101
0	142
33	580
15	36
2	146
0	60
6	111
0	109
10	67
0	45
0	352
5	12
0	30
0	66
0	54
0	345
0	360
22	270
13	270
2	2
2	0
0	232
3	240
0	230
3	154
7	211
0	27
2	4
9	11
0	218
2794	1
1	53
7	361
2	188
0	293
0	293
0	3
0	1
3	0
1	16
0	5
0	328
1	1115
2	467
0	376
11	687
2	2
2	118
1	148
0	0
0	0
0	2
0	2
0	0
0	0
1108	1
31	792
1	384
2	790
0	3
3	44
0	8
6	32
2	0
1	28
0	15
0	1
47	329
0	55
0	333
0	0
0	0
0	0
0	0
0	0
6	98
0	98
0	0
0	0
0	0
396	34
90	34
254	0
0	0
0	0
545	406
1	197
2	0
1	8
1	5
15	17
0	1
2	178
4121	2156
2	2150
1	1501
1	297
0	1148
38	870
2	102
0	189
1	93
2	92
2	81
2	28
8	1005
0	100
0	0
0	2
0	189
0	369
9	0
0	0
372	168
8	31
15	152
5	0
0	18
0	0
30	763
0	43
0	721
0	164
405	216
1	2
60	166
8	17
0	56
0	0
0	0
0	0
0	0
0	0
47	198
1	193
47	37
0	116
0	63
0	1
12	1
4	7
76	42
28	1440
7	1439
90	1421
0	31
0	28
0	29
0	28
0	18
0	15
0	16
0	12
0	3
0	1
0	0
0	0
0	1
0	0
0	29
9	5
0	5
25	340
2	121
0	38
0	50
0	16
0	15
0	12
0	3
0	0
3	1
10	172
827	177
0	173
18	64
2	51
0	43
6	51
0	1547
0	0
302	846
2	780
2	64
1	124
0	0
0	7
125	732
0	35
39	735
13	716
0	74
5	26
0	0
0	162
0	95
2	43
0	92
0	0
5215	552
2	548
0	0
0	0
0	0
441	2175
26	430
0	1779
0	1779
63	2062
5	2039
3355	702
3	257
0	442
2	3213
77	3358
0	3205
28	932
11	1081
0	3016
4	23
0	3366
451	1430
10	1309
4	1117
18	659
16	688
0	118
0	6
0	0
0	0
612	280
0	49
11	150
2	64
0	64
1	0
1	318
0	0
2	324
0	324
158	0
0	37
0	129
2	42
0	4
0	1
87	119
62	0
3340	737
0	734
0	1
0	1
0	1
41	794
12	111
20	904
21	22
20	46
1	11
713	105
1	1
0	43
0	4
3	57
1	136
0	118
3	136
0	49
0	117
0	0
0	0
2	365
2	365
7	360
9	360
0	19
1	59
2	365
393	1834
36	1771
0	3
0	103
0	122
1	314
12	311
402	330
0	1
0	1
0	4
0	12
0	79
5	24
0	25
290	512
14	503
0	0
0	0
1	0
0	386
3	386
5	398
0	36
0	17
2	16
0	0
0	0
0	0
0	0
5	592
0	510
38	639
0	6
0	117
0	66
0	18
0	0
0	0
0	0
0	0
2	0
2	0
0	0
0	0
0	0
632	58
1	2
1	56
5	0
0	0
0	0
0	0
0	2
0	2
0	2
0	2
0	0
349	159
0	22
0	82
8	88
15	154
0	67
0	99
0	35
0	1
0	52
0	0
0	0
0	0
0	0
8	51
0	35
4	47
2	32
1	8
0	0
0	1
15	156
0	7
7	7
0	29
0	29
0	29
0	0
0	0
0	0
0	0
0	153
972	156
340	0
0	16
0	19
3	19
0	2
0	4
0	19
15	45
2	4
0	45
580	506
0	64
2	93
0	350
43	448
32	359
1205	427
2	427
0	0
119	1
0	1
1	0
0	0
0	0
15	757
5	114
0	78
8	5
0	781
0	0
0	0
0	0
3	1278
8	1210
0	1161
4	476
9	805
0	1120
0	1255
0	753
0	971
7	303
1	578
0	930
3	0
0	102
0	689
70	246
0	117
0	88
4	98
0	8
1	16
11	114
0	109
0	0
55	0
55	4127
34	4125
69	4122
392	291
0	262
11	124
0	24
1	29
0	19
184	586
19	554
2	14
0	3
3	10
14	11
3	13
4	0
1	40
0	9
8	2
479	191
23	191
0	0
102	669
0	667
5	569
1	0
0	88
0	0
155	2761
1150	3166
19	542
0	765
3	892
2	0
0	0
111	31
1	19
0	31
3	12
86	118
17	79
894	4326
6	3809
3	3303
4	497
0	0
0	0
25	746
1	729
0	589
1	67
0	595
0	555
0	147
58	326
2	152
21	227
54	208
62	21
1	207
1	15
0	0
0	0
0	0
199	18
0	18
0	11
167	12
0	12
71	163
0	163
0	163
0	0
0	0
0	0
0	0
0	0
138	151
1	106
2	117
0	12
0	12
2	0
0	0
2	0
319	8205
55	439
2	434
2	182
0	7964
43	8504
14	7243
1	5
2	3879
0	273
19	281
7	1008
30	4684
2	1330
20	503
0	1
0	1
1	1
0	0
1	0
0	823
285	1241
0	1239
1	149
0	5
355	0
14	329
743	330
1956	1493
0	935
7	679
0	5
1	144
0	242
0	314
25	49
8	433
109	305
0	357
13	410
4	22
0	71
0	14
0	25
5	7
0	7
0	0
1480	19
0	19
963	62
9	1
0	1
0	0
0	0
0	26
5	35
170	351
40	346
12	1
2872	6
0	1
0	2
1	3
0	1
1	0
0	1
0	323
1	390
0	282
0	490
1	294
0	363
0	397
4	221
0	0
0	0
0	0
5	744
31	207
0	884
38	784
4	121
1	8
7	11
265	5305
325	4715
36	592
34	10
11	1885
0	594
83	12285
3093	12757
0	6482
0	1021
0	480
5	397
0	4
0	531
0	649
0	51
1	593
3	146
0	204
5	17
3	130
435	889
2	202
3	676
11	1470
42	2007
1	237
5	45
40	55
0	46
1	0
0	12
7	28
1	0
0	20
0	2
554	621
2	143
0	228
9	3900
1	3922
14	2197
2	2875
629	4493
6	390
0	80
0	0
0	0
5	0
1	0
86	157
0	29
0	3
0	157
0	0
0	0
1282	0
0	248
7	307
0	153
2	322
2	100
0	142
0	9
11	55
0	18
11	31
18	8
3	69
4	69
26	146
0	138
295	204
0	79
94	1215
35	46
2	0
0	1343
0	138
3	1344
3	15
0	34
0	32
0	13
2	13
818	1
30	385
3	323
1	371
0	6
17	12
3	21
1	217
0	5
1	3
1	0
1	0
125	925
26	956
0	255
11	52
6	147
0	191
0	0
7	131
9	60
0	0
0	4
18	4
1	303
0	622
2	0
0	627
0	236
33	369
0	328
2	94
0	272
1	173
0	153
0	68
9	60
1	182
4	57
201	690
0	174
0	460
0	508
0	13
0	13
1	10
1	450
1	488
109	505
0	48
0	12
0	65
8	0
0	21
1	21
0	21
0	21
0	0
0	0
0	0
0	0
0	0
769	1162
38	77
0	0
8	51
15	1125
0	5
0	3
0	3
0	3
0	3
0	3
0	3
0	2
0	0
0	3
2127	1
0	0
0	0
0	0
0	0
0	0
0	0
0	0
0	0
0	0
4	4
0	4
1073	1204
5	82
2	57
5	46
1	928
1	37
0	0
0	78
4	112
10	93
8	12
1323	3
0	2
0	100
32	115
112	147
0	127
7	87
78	337
8	156
0	132
3	134
35	0
3	89
0	36
0	104
0	108
0	21
1	99
0	86
0	19
1	4
35	10
0	95
1	25
0	84
0	25
0	2
2	0
0	18
4	83
53	1408
5	58
0	83
2	1433
474	0
1	0
0	0
0	0
0	0
0	0
0	0
0	0
0	0
28	450
44	430
0	83
4	61
0	11
1	125
0	49
6	872
2	484
0	714
0	44
0	22
8	9
1	3
0	6
7	28
9	1
0	859
93	73
0	3
1	73
0	24
0	2201
5	25
1	1918
0	1822
2	2572
0	287
0	2018
473	2434
165	2525
0	1832
8	1427
9	149
0	280
1	821
18	151
0	0
0	0
0	0
0	0
867	1260
7	1259
8	190
218	286
0	109
0	35
0	40
1	26
0	0
16	4
0	23
0	241
377	347
1	99
1	2
0	33
0	252
2	0
115	144
450	133
22	116
530	0
834	460
23	85
7	371
19	325
3	94
2	19
0	22
0	0
0	0
0	0
1	12
1	21
0	8
0	3
0	8
0	1
7	2
0	4
19	32
0	31
4	1
2	7
0	10
7	834
1	716
0	486
1	20
0	156
20	480
0	148
0	143
0	915
1	1
1	5
0	4
0	0
0	4
78	1819
0	131
15	1818
1	148
0	55
1	0
0	4
0	25
1	16
1219	1583
12	1582
14	1132
5	652
23	1089
0	661
9	79
0	0
0	12
1	1
1	1
0	4829
40	4665
180	4903
3	66
1	546
0	801
20	4763
327	36
20	3
2	70
25	402
101	395
154	1763
1	1216
132	1565
25	0
1	1640
40	545
0	1379
0	1640
2	258
1	455
9	794
0	176
11	55
3	78
0	0
0	0
0	0
0	0
0	0
4	19
1475	794
0	456
0	254
0	14
2	94
4	284
132	118
0	117
3	0
3	0
278	1033
0	218
0	84
8	3
3	128
1	66
3	5
8	653
3	4
0	18
31	120
0	552
6	335
15	228
1	229
73	9
2	13
0	20
0	73
9	0
228	39
0	44
109	503
11	218
8	479
0	73
0	114
1	65
2	61
11	123
6	53
0	71
0	1
0	0
0	1
0	0
125	36
3	23
4	14
0	23
0	0
0	0
4721	899
0	101
2	333
0	129
11	75
0	53
0	143
0	280
12	322
9	315
0	20
0	20
0	0
0	0
0	0
0	18
0	14
2	13
1	15
0	15
6	11
0	2
0	2
11	0
0	0
0	0
123	23
0	23
127	0
4295	283
10	281
10	347
10	408
12	316
0	62
11	341
0	520
0	51
12	197
54	122
23	129
5	26
0	9
20	22
63	0
0	2172
675	3071
9	3
1	40
1	2395
0	117
2	934
1	4
0	2
0	4
0	0
1	308
0	693
1	655
0	81
7	79
0	0
159	156
0	96
0	22
1	60
0	0
23	89
746	1821
0	83
5	1732
159	248
8	248
75	154
3	177
0	1
0	1
0	0
0	1
271	1130
159	1133
874	1133
14	513
5	1
0	0
0	0
1	3
130	229
1	15
358	237
0	98
0	161
0	119
0	68
3	2
1	43
0	43
5	0
0	294
0	102
85	299
1	0
0	31
1	6
0	266
0	449
0	355
0	351
0	178
0	94
0	46
18	47
0	128
0	37
8	30
16	37
2	71
4	31
0	109
0	6
0	6
0	0
0	7
5	0
8	0
1	0
0	5
1	0
0	0
4	0
0	2
0	2
0	0
0	0
2941	3
0	1
0	1
0	0
0	0
0	0
0	0
0	0
0	1
0	2
0	0
639	10536
65	10536
79	1376
0	860
3	1655
498	1535
0	1211
0	1316
4	110
0	7
6	1
14	1902
32	2095
2	195
20	1146
0	1037
3	56
0	82
2	34
0	249
0	3
15	3
2	135
0	0
0	4
0	0
0	0
0	0
0	0
6	1298
2	1437
0	1443
0	698
0	1144
0	1122
0	1133
0	2
0	0
0	0
3	5
0	0
0	1
0	0
0	3
0	1
0	1
0	0
0	0
0	0
0	0
0	249
3	239
0	115
1	34
25	509
0	509
0	15
2	0
210	0
0	4
0	2
0	2
0	0
0	0
0	0
0	0
0	0
456	0
134	836
0	836
53	837
12	0
4	1
1	165
0	136
0	26
0	0
0	0
190	361
0	47
1	94
0	128
6	15
0	0
6	112
2	1
1	0
32	1763
15	7741
19	7849
202	578
0	100
9	7718
0	7846
0	7684
25	1635
31	1527
2	189
0	198
0	6
5	308
0	4
0	0
44	2556
31	2397
0	1104
2	31
103	32
3	3
1	1
0	0
0	0
57	295
1	73
0	66
0	106
1	147
0	0
320	125
0	124
2	20
2	6
0	0
279	498
0	431
1	159
2	18
6	155
165	1136
2	118
0	0
9	0
4	49
0	46
2	1102
0	15
0	537
2	1
0	11
36	2488
0	1796
1	2150
1	1797
0	465
0	519
0	519
0	514
2	814
0	0
3	0
9	0
49	59
0	55
0	3
0	3
0	1
3	0
1	286
1	0
1	311
3	21
0	310
0	1
0	0
0	379
285	379
1	0
0	68
0	17
1900	2145
4	1910
0	1145
0	1058
1	361
2471	334
18	334
0	40
1	47
72	7
0	5
19	3
34	0
0	1126
0	1058
94	1126
0	786
5	106
0	45
41	1964
6	253
0	0
30	0
16	1
41	1922
1	65
3695	526
2	449
36	10
2	0
3	3948
7350	8161
6	8156
0	5126
7	293
2	7654
2	8157
2869	4138
2	3664
0	4147
0	2
0	2
2	2
0	25
0	4
0	8
0	0
0	17
0	1
0	1
0	1
0	0
0	0
0	0
18	6318
112	4803
13	6212
0	6382
233	4504
2	1843
343	3013
23	240
0	92
231	1892
2	102
0	198
0	399
108	7
60	1
1	1
59	540
0	341
0	535
5	0
0	74
4	2878
434	6792
4	105
0	2046
3	1878
26	2040
0	3003
0	1585
0	209
0	48
2	1574
0	129
0	1917
0	1607
0	0
0	58
1	2044
0	33
0	2074
0	76
8	76
0	255
0	2012
0	130
0	156
3	1822
0	410
0	588
2	1840
9	348
0	1739
7	1871
4	138
19	226
17	1627
1	880
2	5
0	1
4	1802
0	108
0	62
0	267
0	371
0	145
22	1919
0	548
0	366
0	195
0	524
0	2764
3	8
0	12
0	351
15	201
9	430
1	272
0	1516
10	4
69	1474
8	422
0	6775
164	0
1	0
0	0
22	507
17	249
36	285
87	441
7	582
0	210
3	119
0	26
0	127
5	6953
6	5615
90	3047
5	543
1	52
8	41
19	2178
1	565
0	554
6	457
2	102
0	36
36	31
123	412
0	412
0	0
0	0
0	0
0	679
3	703
57	240
7	51
0	189
2	119
1	66
0	0
0	0
0	0
14	108
1471	268
0	159
0	0
0	0
28	1562
183	1638
17	519
0	1453
0	70
3	30
3	490
0	0
15	6
0	6
316	0
57	1396
55	1396
20	1014
267	817
3	659
0	95
1	101
0	80
0	178
5	652
0	1
0	722
0	3
0	0
0	5
0	5
3	495
0	446
17	70
8	607
0	83
0	1
0	193
2	163
0	40
33	9
1	9
256	78
0	9
0	0
0	22
1	18
0	32
0	4
5	524
1	501
62	618
0	62
0	607
34	172
54	50
15	62
2	0
3	94
3	0
2	630
27	1010
0	982
2	944
3	911
3	0
1	0
4	8
1	57
93	858
0	30
0	986
0	137
1	15
63	117
0	504
47	19
1	4
0	9
1	167
4547	2025
9	415
0	1166
7	2
0	0
0	0
0	0
0	0
0	0
0	0
3	1
2	0
19	10
4	10
2	4
0	0
1	2
0	5
6395	322
9	316
4	1007
289	1012
3	345
0	13
0	0
0	0
0	0
0	23
1	68
0	76
5	62
0	4
0	3
0	13
0	12
0	64
0	3
0	3
3	17
0	15
3	0
112	6
0	0
0	0
0	0
0	0
0	0
0	0
0	0
0	0
0	0
0	0
0	0
0	0
0	0
0	0
0	0
71	169
0	138
12	106
0	147
0	21
4	160
1	22
135	56
1	11
2	1
2	43
4	30
7	1074
21	1
0	1
1	1379
6627	1384
331	2
0	1
9	0
0	0
0	0
1	18
0	17
1	0
1	3
0	0
0	0
0	0
4	0
0	0
4	27
1	349
3	1
0	446
0	405
16	345
0	483
0	400
0	376
1	65
1	34
10	8
0	345
1413	1415
116	1228
5	153
1	1173
1	905
9	971
0	62
8	102
0	148
0	60
0	55
0	16
1	4
6	9
5	6
3	1
3	7
48	29
0	1
0	22
0	19
0	17
0	18
0	18
0	18
1	7
0	13
0	114
1	6
0	5
0	7
0	2
0	113
0	0
0	0
0	0
0	0
0	0
1	0
0	0
0	0
10	1194
30	1194
2	566
7	102
1	885
0	141
0	4
0	17
83	25
2625	1174
50	657
42	165
106	677
2	677
0	54
546	0
9	941
3386	942
10	425
0	1010
4	511
175	7129
0	255
0	105
4	984
3	7055
16	192
1	0
3	1
27	0
296	230
0	202
0	146
10	0
0	19
0	198
209	597
82	598
3	32
0	110
12	4
1	0
14	1474
5	122
0	258
55	1501
0	868
0	838
0	123
11	411
7	45
3	0
1	0
9	0
71	167
0	167
0	14
0	1
0	11
32	30
3	29
7	9
348	752
0	682
0	1
0	17
30	464
0	134
0	111
2	29
83	1110
53	1204
2335	1
35	40
3	35
0	7
101	232
96	233
0	0
0	0
0	0
2605	1
0	0
8	543
0	0
0	0
93	22
0	2
0	0
0	2
0	18
1	13
0	13
0	402
46	402
0	112
52	222
0	144
6	46
1	3
0	0
0	0
0	0
0	0
0	0
0	0
0	0
0	0
0	0
18	0
0	0
0	0
0	0
4	0
0	0
0	0
0	0
0	0
0	0
6	5
0	4
0	1
1581	2732
4	846
24	849
9	2096
0	285
31	51
49	251
1	207
3	19
0	411
0	493
8	260
101	219
0	350
2	82
1	127
88	199
0	0
0	57
2	47
9	26
2	0
0	417
339	3057
0	438
0	2515
2	2515
11	365
0	1696
0	1695
5	0
0	0
0	982
1	350
0	0
0	204
0	2
4	493
0	512
0	26
0	4
3	291
2	2
6	37
0	14
0	0
0	0
72	24
5	24
0	0
0	0
27	147
292	377
0	140
11	72
5	3
4	2
7	1
0	122
31	29
0	23
34	109
1490	109
4816	2742
24	149
6	716
40	684
1	2337
0	0
11	598
894	0
0	0
0	11
5	11
0	3
0	0
1	0
0	0
0	0
0	2
0	0
0	0
5	2
0	2
0	0
0	0
0	0
0	0
0	0
0	0
0	0
0	0
0	0
9	5252
1	4947
19	2799
16	2264
105	1312
35	619
7	288
0	58
14	30
0	6
2	6
113	1249
208	1249
2	419
3	1
1	15
3	0
7	0
12	673
9	673
14	3
6	22
8	5
5	2
0	129
0	11
2	137
2	351
1	299
1	301
0	291
4	381
0	152
0	237
4	208
0	198
0	8
1	18
0	0
0	0
253	545
4	497
0	12
0	10
0	47
0	10
3	5
0	252
13	263
8	57
0	56
3	126
1	111
0	4147
5	4231
0	4290
0	5289
9	4572
5	5181
0	4824
0	4290
0	4304
0	4018
0	4033
0	3927
0	4072
0	4009
0	3926
0	3898
25	0
14	524
3	67
0	67
6	40
32	2538
5	2553
0	245
0	372
0	2
0	5098
0	5101
0	372
18	0
2038	2337
0	2354
41	179
14	372
16	20
0	0
0	118
5	616
0	0
2	0
94	486
1	486
190	1908
33	158
0	1900
8	336
8	333
14	0
0	0
0	0
828	0
705	6541
0	2093
0	4977
0	5805
1	6367
2	5850
187	4797
0	2898
0	3799
46	2952
5	114
5	1616
4	144
7	2523
84	1975
179	43
0	40
5	846
1	27
0	0
0	7
0	7
6	111
4	283
0	2
1	0
0	0
0	0
0	2
0	4
0	2
0	0
0	0
0	0
8	4
2	4
3	1
25	657
19	102
1	551
3	594
539	1386
0	0
0	0
0	0
0	0
0	0
0	0
4	493
2	322
4	369
0	40
1	677
9	491
0	421
0	458
0	695
0	676
0	712
8	0
1654	2768
0	595
0	388
6	715
20	1620
0	1185
0	49
0	55
0	2
0	32
7	55
0	35
0	47
0	0
0	36
4	36
3	0
0	1
0	0
1	32
0	44
0	27
3	12
0	6
0	1
0	9
0	32
0	8
1	6
470	1900
1	0
6	1899
0	2
364	1270
5	1147
5	1225
31	139
5	111
2	0
1	21
0	134
0	0
0	0
0	0
0	0
0	0
1	5
21	5
19	650
1	77
189	650
0	73
1	673
0	52
2	47
2	314
0	16
0	341
0	0
0	486
6	4
0	665
368	785
0	724
0	331
0	290
9	274
1	0
0	35
0	20
0	0
0	0
22	0
54	71
0	1
0	1
5	518
39	518
0	67
1349	551
0	4
0	221
1	180
0	240
2	19
0	19
0	6
0	10
0	0
14	200
71	201
5	56
2701	6
0	3
0	1
1332	923
0	920
0	0
0	0
0	0
0	0
660	2445
74	2122
21	2128
0	2077
115	1068
6	101
7	678
0	2438
131	1738
0	1025
7	1801
0	620
0	866
4	1682
0	2507
3	1957
236	321
0	25
12	176
34	216
0	1502
0	0
0	0
0	0
43	26
0	3
0	0
0	23
0	118
2	11
0	63
0	4
0	60
0	6
0	0
0	119
0	118
0	0
0	0
0	0
0	0
4	0
100	4255
4	295
16	3960
433	244
0	228
2	16
2	94
21	0
5	42
0	0
1	39
0	33
0	0
0	29
1	0
2	11
0	19
80	129
1	0
0	0
3	3
0	1
0	2
0	0
0	0
5	0
416	263
0	262
0	37
5	35
3	27
0	0
1	8
9	37
1	6
2	1
0	0
0	3
0	0
0	0
0	0
1	3
3	3
0	1
11	0
17	327
0	327
0	0
2	122
48	122
0	28
0	36
2	10
0	2
1	0
0	25
7	13
0	8
0	8
0	0
0	25
77	53
0	49
0	4
0	4
0	0
5	0
0	0
0	0
0	0
1	430
1	432
60	482
7	7
74	4
0	0
0	1
0	1
0	403
35	429
0	0
623	258
0	258
76	1733
4	860
0	1370
9	27
0	126
7	17
1	354
0	61
9	95
4	81
2	2
1	476
0	0
81	1496
0	635
1	664
0	412
0	473
3	777
2	981
0	791
2	221
0	1059
0	803
0	941
0	117
0	3
0	587
0	3
0	0
0	0
8	375
0	409
0	390
9	2
2	248
0	274
0	84
0	108
0	85
0	0
0	0
0	0
2424	79
18	72
1	5
6	248
4	232
52	251
0	54
0	5
0	0
0	0
0	0
24	612
6	612
0	612
0	103
0	96
1	96
0	96
318	128
10	19
0	48
18	24
0	80
21	75
9	77
15	86
92	112
15	7
2	17
1	32
4	44
0	0
0	0
0	0
0	0
0	0
0	330
1	298
3	252
1	312
0	0
0	0
0	0
0	0
0	0
0	0
0	0
0	0
0	0
0	0
0	0
0	0
0	1693
0	343
6	287
0	69
1	91
3	11
2	233
0	425
1	97
4	426
0	1693
9	26
0	28
0	29
0	27
0	11
0	1
0	0
3	0
1	0
169	398
0	75
4	28
0	47
0	1752
0	1640
108	1686
0	121
0	1953
0	29
0	2
0	36
0	117
0	635
8	844
0	840
133	1394
1	1610
0	79
6	713
0	1961
55	10
1	4
0	6
953	8385
58	8385
205	659
11	271
0	145
0	162
2	16
0	61
0	332
2	382
0	368
0	95
1	1093
6	270
2	175
0	14
0	101
1	5
0	101
0	147
0	42
1	0
0	197
0	15
0	963
2	3
258	44
0	41
670	660
69	646
5	17
1	26
0	0
5	822
0	30
0	197
3	70
27	755
6	168
0	32
0	790
0	241
0	384
15	553
1	113
3	106
2	194
0	10
7	1
0	3
1385	7
59	361
27	106
10	3
3	396
0	116
8	0
0	0
0	1
376	488
1	488
360	1825
6	1574
60	87
0	1647
211	6
0	176
0	0
0	0
0	0
0	0
0	0
0	0
0	0
126	1
2	1640
18	1773
3	1780
1	1459
48	1664
0	1743
48	1656
0	29
2	28
192	1735
0	1735
0	131
0	3
0	3
1	0
1	0
4	0
561	49
3	48
6	0
0	35
0	28
0	28
2	3
8	1511
9	1522
47	839
1	0
0	96
0	98
4	98
2	96
1	11
0	9
1	0
0	0
0	1973
18	612
2	592
0	308
0	594
0	322
0	330
12	581
0	575
1	22
16	451
2	486
0	124
14	320
2	298
1	15
1	4
0	30
0	1
0	2
5	0
0	784
2	736
0	118
2	144
0	431
1	5
0	1
1	62
0	145
0	786
0	0
400	1
454	262
0	63
0	202
0	97
0	18
0	24
0	15
8	0
0	0
0	99
275	0
5	0
0	0
2	50
0	173
0	196
1	181
3	139
0	14
0	25
0	137
0	0
4	0
1	2
0	4
89	316
0	0
0	252
11	58
1	34
4	21
0	1
12	1
5	34
0	104
1	153
0	1373
0	0
13	163
1	191
0	55
0	1373
0	0
16	26
0	28
0	28
0	17
5	27
0	3
92	2702
0	2700
1	2503
6	70
10	4787
46	4787
0	4763
0	135
0	20
30	9
0	9
0	0
164	0
5	0
0	0
178	89
0	117
3	22
9	7
266	28
85	510
6	514
0	80
53	11
32	206
113	206
0	0
17	525
11	349
11	496
3	0
0	17
0	10
0	22
0	1
1	0
2	1
76	155
0	155
0	0
0	3
0	9
0	27
3	1
0	10
5	0
0	0
2	21
0	0
1	21
0	2
0	13
1	2
0	3
0	11
0	8
0	5
2	1243
4	1238
45	20
2	528
1	1343
0	876
0	822
25	1698
70	1696
2	947
21	72
0	69
0	91
0	52
0	41
0	0
70	3
0	0
0	0
0	0
0	0
0	761
0	55
1	99
0	88
0	111
0	65
0	0
0	17
0	41
0	86
0	92
3	57
0	45
0	57
1	9
1	0
0	0
0	749
11	4818
0	4336
15	4498
0	4980
4	13
2	128
7	8
1	47
32	925
0	470
8	1144
0	135
28	245
34	1030
1	7
0	7
0	6
0	21
794	21
94	217
8	26
12	196
5	15
0	4
21	128
5	70
3	7
0	3
0	5
1	116
0	114
1	33
1	0
0	102
4	1
0	11
0	11
0	0
0	0
0	1073
4534	1047
127	1048
0	54
0	43
130	232
0	232
42	106
3	1
0	70
0	2
1	15
0	34
0	76
1737	1810
20	1794
9	743
0	0
0	0
0	0
0	0
0	7
9	54
2	51
15	81
0	1
0	81
0	1
0	0
1	0
57	13
0	10
0	13
0	10
0	0
0	3
0	0
31	0
0	0
34	1886
1	1781
0	1397
6	25
21	0
0	129
0	15
1	12
139	7437
5729	8307
114	3236
1	10
16	44
3	1270
0	276
6	106
0	1422
2	839
14	99
0	445
6	43
0	49
10	89
0	546
0	830
1246	3438
91	3126
206	113
4	3
1	108
1	88
0	0
0	88
0	1
1	8
1	0
0	82
5	7
0	7
0	2
0	2
0	0
1	0
0	0
0	0
1	20
8	21
0	20
0	17
0	13
15	13
0	2
0	3
0	3
0	4
0	4
0	3
0	2
0	3
0	3
2	1
0	5
66	5
7	1
0	8
0	0
0	0
0	0
0	0
85	212
5	37
13	175
0	49
0	11
0	0
0	0
95	132
4	13924
0	16820
0	0
0	0
168	13932
86	1324
0	677
7	462
0	13082
0	16551
4	16094
2	1828
7	645
20	5780
34	3119
114	28
0	22
0	1741
1	1299
0	2218
13	1444
0	962
0	16764
0	16309
0	0
2	460
2	419
34	391
0	452
1	474
1	452
0	29
3	16
0	47
0	72
1	15
0	39
0	55
0	30
77	0
0	0
130	300
3	185
0	51
0	100
9	0
3	0
6	3585
211	6174
0	7049
131	6136
2	3586
0	25
0	0
1	105
0	276
367	555
0	56
0	10
0	555
33	67
0	56
284	907
0	24
4	707
0	170
0	173
5	233
7	185
166	0
0	0
2087	58
0	19
10	39
0	4
0	4
0	0
1	408
0	37
6	365
2	8
3	21
21	408
0	46
0	53
0	0
0	124
2167	1969
51	1963
2	1
1	0
79	5191
1631	5649
0	3405
0	598
3	60
13	1946
0	1892
5	95
10	2303
11	0
17	0
3	3536
0	2
0	1
0	2
0	1
5	253
0	33
0	246
0	247
0	13
0	0
0	0
0	5
0	2
0	4
0	26
1	743
2	260
56	1065
16	105
9	755
42	894
0	98
0	0
1	167
10	125
0	126
11	9
0	92
1	112
15	415
9	411
6	183
14	192
5	138
16	34
3	419
3	419
0	443
1	83
0	109
48	5383
153	5119
16	701
121	5152
3	299
5	173
8	404
6	209
8	200
8	63
10	14
0	334
6	517
0	13
211	573
1	8
0	560
2	1
0	0
11	1093
81	1021
7	923
0	199
2	136
534	129
0	129
0	44
0	14
171	575
0	378
6	474
37	462
17	482
0	169
7	20
43	223
6	325
5	321
1	19
0	2
1	0
0	0
469	539
0	134
28	491
4	369
0	8
116	8
1	8
47	257
4	83
5	95
3	139
1	31
0	22
0	29
0	0
2	0
143	0
0	0
0	0
0	0
0	0
0	0
0	0
62	115
26	44
772	1429
17	1381
0	276
127	4671
4	2991
0	129
0	3511
56	4081
0	0
12	189
2	933
37	1101
3	537
5	952
0	889
1	243
0	0
0	0
0	0
0	0
35	288
3	675
87	954
66	967
12	763
50	787
6	266
3	19
5	7
6	15
0	0
0	0
0	0
0	212
459	306
2	1
0	77
0	99
0	7
1	20
0	79
0	0
0	1
0	0
0	0
0	0
0	0
0	0
0	0
0	0
0	0
0	0
0	0
0	0
0	0
0	0
0	0
0	37
0	8
0	4
0	37
4	612
20	682
2	0
0	152
18	104
0	41
0	0
0	0
61	16
0	13
1	10
0	0
25	700
15	675
0	16
0	0
1483	1
0	0
0	0
9	3108
9	3792
80	2800
0	0
0	339
24	4584
404	166
0	156
0	165
0	1
0	64
9014	4
609	4208
20	4197
48	2129
7	1601
6	276
0	1195
11	658
5	260
0	166
2	0
99	4
1	4
0	0
0	0
0	0
143	398
79	398
0	0
3	0
0	0
0	0
0	0
0	0
340	758
1	757
0	375
213	272
1	203
0	203
99	67
1	66
0	3
0	2
0	0
1	69
1187	3676
0	3190
0	2702
2	1096
0	84
0	100
6	18
0	299
3	565
1	447
0	0
0	0
0	0
4	501
2	3
0	16
0	0
4	0
0	501
0	4
0	24
0	28
3	34
0	3
0	3
1114	1
1	0
33	901
2	918
25	598
9	158
0	914
1	0
19	235
215	169
1	0
3	2
0	16
44	5
1	14
205	62
0	14
1	9
0	49
523	397
20	87
0	23
2	61
7	255
2	15
0	8
0	0
0	1
0	8
3	190
91	331
10	44
3	318
3	296
75	16
57	338
49	48
0	44
1	47
0	18
0	0
0	0
0	0
0	0
203	1507
2	448
37	755
0	448
42	1088
0	244
16	164
2124	578
3	116
2	91
49	262
1	125
1	1372
13	103
826	1019
0	18
71	4407
52	4512
311	485
0	4583
28	4583
19	4518
0	2084
1	5144
0	3818
8	188
0	2487
43	3686
24	202
12	252
3	265
1	442
0	60
58	1019
0	161
0	1195
0	42
21	240
16	167
52	918
0	67
49	651
0	20
5	17
289	527
2	163
0	4970
0	2489
804	93
7	39
2	1856
414	1856
2	8
0	8
0	6
0	6
0	1
0	5
2	5
0	5
0	4
0	3
1	4
4	2
0	0
0	0
113	294
17	292
28	6
11	0
0	0
0	0
2	6
0	6
109	0
0	0
0	0
0	0
99	301
3	49
2	22
1	4
0	6
0	233
0	15
1	23
7	0
49	26
0	1
2	1
0	7
0	17
354	2
849	0
170	1448
4	7
0	1
1	579
0	1376
6	1242
9	1235
5	118
0	0
0	30
2	123
12	38
19	11
0	53
4	108
0	154
33	147
0	71
717	228
0	0
0	228
12	121
0	28
3	308
1750	1
0	2
0	89
0	89
0	4
0	3
0	3
0	3
0	0
0	213
0	476
0	1
752	4270
0	4268
900	179
39	179
63	431
19	277
18	213
5	23
0	28
7	1
0	27
20	15
2	0
4	16
0	1
0	1
0	1
0	0
0	0
0	0
1524	187
2	168
0	22
0	2
0	2
0	2
0	0
0	0
0	0
0	0
0	0
0	0
1	0
1861	2149
2	43
50	2137
85	58
0	335
11	30
199	336
4	84
0	21
0	29
22	367
35	393
0	59
0	1680
0	1683
1	1608
0	1814
0	1817
5	241
0	148
0	25
4	4
0	12
1	0
0	3020
0	3418
13	3418
0	718
0	728
0	465
0	426
0	1
0	1
2	260
0	17
1	20
1	256
0	1
0	237
0	0
0	259
0	228
0	198
0	178
0	9
0	6
3	50
0	255
4	266
0	2
35	26
6	1
8	333
5	225
1	218
1	18
6	25
6	155
24	40
0	72
5	1835
4	1382
2	1630
14	177
0	70
4	1116
0	884
8	2
1	7
21	131
4	304
697	1060
9	119
1	30
13	607
343	597
0	596
0	96
0	96
0	181
0	21
20	916
1	877
2	845
0	726
0	837
6	46
0	827
0	759
0	9
13	1
7	0
15	656
1	2
0	0
22	2
0	3435
3	248
1	387
98	3018
6	80
8	131
3	337
8	10
178	3436
0	0
0	0
0	0
1992	1363
42	286
2	578
85	861
0	664
52	679
128	643
2	408
12	2
0	1138
0	1197
118	1097
12	0
1	17
2	20
0	5
0	28
1	14
0	8
1	5
0	62
1	0
0	1202
58	513
0	8
2	1
0	1
0	163
0	20
0	2
4	0
0	366
6	170
0	17
2	29
2	29
267	100
0	100
0	29
0	0
0	0
0	0
0	0
0	0
545	2943
2	5
0	2938
2	0
0	0
80	327
17	12
0	12
0	57
0	2
0	78
14	92
0	9
0	54
0	8
0	5
19	290
0	5
80	4
3	14
3	9
8	10
1	9
0	1
0	0
0	69
9	0
3	11
1	4
1	43
4	4
0	1
0	0
0	0
0	0
0	5
3	1503
1	1299
0	1450
0	184
0	0
0	42
0	30
0	806
7	346
2	77
18	862
10	20
2	734
0	7
0	110
2	44
0	1430
0	1205
651	603
110	580
0	576
42	3
9	0
6	2512
0	2249
0	2243
0	2371
0	5340
7	96
33	333
5	0
0	35
2	0
0	1975
137	5341
0	3
3	264
0	12
0	3
1	264
0	9
0	15
0	3
0	9
0	0
88	3935
265	3935
34	624
0	455
0	0
3	1
20	160
13	2
6	488
110	188
0	59
5	15
0	28
23	855
0	857
48	850
6	268
12	233
2	80
74	522
65	448
7	60
16	37
0	29
0	45
31	242
0	123
5	41
6	30
7	29
0	0
9	0
1	509
341	493
1	296
103	0
2	202
0	0
0	7119
0	8077
0	9340
0	2319
3	4292
15	643
0	2639
5	682
0	0
2	106
0	0
3	9340
26	82
15	82
0	75
0	0
0	0
62	60
0	73
29	10
0	65
29	0
0	0
0	4
0	4
4	37
0	342
1	3
2	165
126	356
1	1
0	39
0	0
0	0
0	0
0	0
0	0
0	0
0	3
0	4
0	3
1	188
0	162
45	134
2	151
0	159
0	0
4423	4335
86	4335
2	1096
30	1077
8	805
1	84
2	28
0	0
0	0
229	733
390	733
0	0
0	0
130	83
1	83
0	0
1	0
0	0
0	0
0	0
2022	4
1	2412
19	2542
0	1760
56	1694
0	79
0	50
0	5
2	130
359	385
2	362
2	0
20	157
0	0
0	0
0	0
0	0
0	0
246	353
3	196
1	17
16	9
18	32
46	1284
5	1165
0	1243
0	996
0	32
0	77
1	46
4	764
3	0
0	101
0	0
13	267
24	96
0	0
1	1310
10	1221
15	1344
1	1310
13	2
5	237
22	182
1	73
2	5
0	28
77	244
178	3283
488	3388
0	20
52	411
2	408
8	409
0	291
0	171
3	62
0	0
0	0
0	0
438	705
130	710
12	382
0	58
2	377
6	217
3	64
1	0
0	2
0	4
0	4
0	0
1	0
0	2
2446	18990
13	163
6	19136
0	2461
3	279
1	3500
0	0
0	0
0	0
0	0
0	26
0	0
0	0
0	1102
3093	2036
2	155
1	217
0	1749
0	74
2	151
0	0
0	0
1015	412
3	407
1	347
5	322
0	347
0	2
2	3
0	1
527	1638
1	1450
2	0
3138	1289
5	1289
0	570
1	0
0	125
1	124
1	109
0	46
1	48
0	49
2	55
1	56
9	89
999	619
52	608
0	1
47	478
8	83
49	2
2	0
258	566
49	565
42	321
2	7
11	34
1	221
0	0
1	283
9	0
80	167
5	127
1	98
0	133
0	94
0	0
0	0
0	0
0	0
0	0
0	0
0	0
519	54
7	3
0	10
15	2
1	0
1	5
0	38
0	0
0	11
229	112
0	14
0	68
0	62
0	638
0	615
1	105
1	417
0	114
100	114
7	0
1	123
3	48
1	41
0	31
0	38
0	83
0	67
0	109
2	7
0	76
0	51
26	37
12	0
4	0
0	28
0	0
7	6
1	0
0	2703
0	2660
0	2275
0	2400
13	2918
0	2314
0	2607
1	220
0	247
1	177
10	157
0	2538
0	2608
0	2586
0	1932
0	0
0	2
0	0
0	824
1	837
0	215
12	563
12	196
13	0
0	71
1	0
1	0
667	359
5	331
0	44
0	39
12	39
4	13
41	67
0	33
14	19
0	0
0	0
0	0
19	27
0	27
0	27
1	3
0	2
53	620
60	324
0	657
2	417
2	10
14	70
0	74
0	189
3	65
3	0
27	34
0	49
0	0
0	0
6	23
0	188
0	250
0	38
0	248
0	292
1	130
0	241
0	144
0	229
0	273
0	193
0	327
0	280
5	35
1	251
0	264
0	5
0	52
0	1
0	102
1573	238
1	1
0	1
0	2
0	2
0	0
7	0
0	0
0	0
0	0
0	0
0	0
0	0
0	0
0	0
0	0
0	0
0	0
0	0
345	1
6	0
846	5
0	5
885	2
6	232
0	723
7	112
0	328
0	81
0	119
7	535
0	0
0	1
4	92
0	95
0	6
0	0
0	0
0	0
0	0
0	0
0	35
0	29
0	33
3	35
0	3
1	2
2	1
0	6
0	10
5	0
0	0
0	0
0	0
1285	2467
0	2466
0	0
19	56
0	48
1	26
0	0
4	0
614	2
0	0
0	0
1	2
81	662
7	109
8	264
0	0
19	520
0	58
2	583
0	0
1	120
0	61
651	880
135	880
5	74
3	0
0	74
4	21
1	21
1	0
0	500
22	1139
4	443
6	325
0	226
1	439
2	8
4	499
0	487
0	7
1	54
0	1173
895	0
0	206
0	85
0	0
1	587
0	227
0	21
0	12
3	159
0	504
1	137
0	7
0	76
13	486
8	26
27	302
5	10
0	225
0	0
502	24
3	24
122	1348
10	1335
0	840
5	76
7	174
2	74
3	117
13	59
106	428
0	41
56	56
3	15
2	0
0	446
1	32
0	422
4	111
0	41
607	663
0	480
0	461
1	405
0	180
0	25
0	248
0	77
1	250
0	136
1	3
2	8
5	12
0	0
0	0
0	0
0	0
0	548
2033	1968
0	1687
0	1638
5	200
43	264
2	19
12	222
0	142
7	0
0	17
1	10
0	3
1297	113
4	112
0	0
0	72
0	624
24	653
0	154
3	30
0	95
0	2
431	166
0	32
3	135
0	4
8	5
34	431
157	431
0	0
0	0
477	1
0	0
1812	81
3	8
4	72
0	0
0	3
0	209
25	1583
4	1606
0	285
0	2
71	671
0	1611
0	0
1008	3220
7	24
1	247
6	116
7	1194
0	582
7	1338
0	2278
0	1543
0	836
2	747
3	0
0	0
0	0
536	0
0	0
0	0
0	0
0	0
0	0
0	0
0	0
0	0
1561	462
11	457
61	43
0	43
0	0
0	0
0	0
0	1036
1	0
1	94
0	14
0	5
0	31
0	21
6	94
0	8
0	23
0	76
0	12
0	9
1	9
0	0
0	0
0	0
0	8
0	14
28	45
3	75
0	74
0	74
3	62
0	69
0	69
0	74
93	1357
1	517
5	1031
11	824
7	100
1	0
0	0
0	1
0	0
0	0
0	0
0	0
0	0
70	623
0	646
1	1
0	0
0	72
0	20
0	173
0	195
449	220
2	144
1	109
0	0
0	60
3	4
0	33
2	0
0	6
0	29
7	22
0	29
0	0
0	0
0	0
0	0
0	0
0	0
0	0
10	0
0	7
0	7
1	2
186	380
2	33
0	26
863	330
0	41
1478	1
11	34
9	14
6	0
1	9
4	18
1	0
0	1
0	0
0	0
0	0
2399	79
0	78
0	32
0	0
0	0
0	0
0	0
7	756
169	913
0	547
0	25
26	163
0	86
1206	1468
89	950
0	25
1	199
16	269
37	45
29	47
0	473
6	7
0	4
0	31
0	0
0	31
0	0
0	0
1083	572
1	148
0	397
0	219
0	290
22	189
25	132
1	209
35	127
4	54
2375	208
10	178
39	0
0	17
6	116
0	2
0	0
0	127
18	49
517	304
1	225
9	1
4448	1950
29	1396
0	1192
0	1328
0	923
0	1161
0	1310
0	1134
0	1090
0	1011
0	1266
0	1184
0	1159
0	1161
0	1207
0	1239
1	1159
0	1064
0	1132
0	1130
0	1184
0	218
0	464
0	322
0	197
2	14
0	71
0	0
0	128
0	1501
0	1044
0	1211
8	1051
0	1042
0	1637
0	999
0	944
0	1690
39	2045
6	2040
24	1032
0	302
0	8
5	8
13	545
14	545
0	1
0	0
0	0
12	407
13	407
2	239
1	0
371	1
122	4
0	4
0	0
0	0
45	0
0	0
0	28
1829	2
74	226
0	225
9	35
1	55
1	1
0	9
1	1
23	9
0	0
0	0
18	66
22	384
0	391
2	79
1	262
8	0
0	0
0	1141
245	1338
105	453
8	965
122	1046
19	910
10	987
15	533
5474	4992
11	4029
0	136
4	146
2	808
83	445
2	325
0	41
0	13
0	117
38	18
1	18
957	187
4	187
6905	3120
2	1540
0	3092
0	7
0	0
0	0
0	0
118	171
285	171
105	86
0	27
3	47
0	18
1	49
48	107
3	18
10	25
1086	120
7	43
1072	0
0	791
0	964
0	1058
14	1192
0	76
1	491
0	0
2	478
0	41
0	358
0	15
2	2
0	982
21	1063
33	1063
1	937
70	980
1	202
2	916
2	20
7	321
2	7
0	0
0	0
0	0
0	0
3343	710
126	704
2	0
0	0
0	0
0	0
0	0
4	1355
0	1241
0	1198
0	19
0	1249
0	518
0	538
9	88
0	141
3	57
0	43
2	28
0	0
0	521
0	0
179	0
16	1612
20	0
14	420
292	1654
39	477
1	380
571	774
0	773
1	766
0	256
286	0
14	0
1423	312
0	139
0	106
0	70
12	7
0	0
0	0
0	0
406	4
1	4
0	0
0	0
0	0
0	0
0	0
22	0
0	3
9	538
72	351
2	5
0	443
0	5
8	60
4	16
0	0
0	0
0	0
0	0
0	0
0	0
0	0
0	0
0	0
0	0
0	1
0	0
0	0
0	0
0	0
0	0
0	0
0	0
1	2
1	346
4	1479
73	1573
3	378
6	0
1	83
6	0
128	473
32	384
1	122
4	1565
3	0
0	0
0	0
0	0
729	112
0	112
0	50
0	52
0	46
0	46
0	0
0	3
0	2
3	2
0	21
0	19
0	3
0	0
3	0
0	54
0	57
0	55
1196	569
1	11
9	7
17	52
0	347
0	40
0	0
0	0
0	1
0	0
3	0
0	0
0	0
0	0
0	0
0	0
246	181
2	181
0	144
0	43
3	115
0	21
24	5
0	5
0	0
0	0
0	0
0	1
1	27
548	68
2	11
7	68
1	0
37	628
5	55
36	1655
0	77
262	6804
146	3639
0	2564
0	5
10	109
64	6919
0	6693
0	1
0	42
0	40
0	14
0	20
0	12
0	4
0	3
0	40
0	0
0	0
0	0
0	0
0	0
0	0
0	0
0	0
0	0
595	335
35	351
12	1120
0	1465
39	1494
65	1494
52	278
4	1
23	51
19	215
7	73
1	48
0	89
0	14
25	94
2022	2003
0	256
2	206
0	1746
0	241
0	137
0	0
44	929
0	1285
61	1211
0	1159
8	158
18	32
2	30
0	17
0	197
2	57
22	182
0	11
0	5
1	61
1	41
1	15
5	0
6	0
403	240
3	174
1107	0
694	13828
0	13828
209	1090
2	11
4	412
0	399
0	88
32	79
0	78
0	11
0	35
1	71
0	0
1	54
2	1
1	0
1	0
0	0
0	0
0	0
0	0
13	210
1	169
0	181
14	262
0	159
0	80
2	57
0	43
18	86
0	0
0	0
46	134
5	108
1	1
54	133
0	3877
356	3955
5	19
0	2772
2	5
0	348
0	94
161	662
2	26
0	26
15514	16133
0	3599
68	765
24	9190
0	3562
37	880
10	434
0	4084
0	806
9	119
8	118
10	14
3	36
0	36
0	6421
0	7529
1	7225
17	378
45	461
7	506
0	0
1	0
0	0
0	37
12	27
0	0
63	3047
0	2420
0	663
5	408
9	1262
25	2873
157	409
81	288
3036	4
92	386
13	0
1	386
1	7
1466	107
0	26
1	68
8	12
649	2
20	279
6	279
1	0
4	0
132	58
2	58
0	0
98	1519
52	1518
1	100
161	173
0	165
4	84
1	68
3	1
32	2001
42	1344
0	1074
0	544
12	349
3	2057
3	7
2	7
29	0
9	254
6	174
0	175
4	56
8	2
0	8
0	26
2	13
268	273
0	240
0	197
0	270
1	70
6	16
1	149
0	25
0	0
0	14
0	1
1	12
0	0
230	24
0	24
0	0
4	9
11	961
6	557
1	362
1	310
0	542
0	23
0	4
0	961
2	465
0	1
25	16
0	0
0	0
21	927
60	1570
76	1969
47	1377
19	109
0	32
9	808
0	103
0	0
0	0
1	165
6	131
0	82
0	0
0	18
0	1
0	0
0	165
0	0
21	135
1	0
3992	1531
2	1529
93	14
0	0
0	0
0	160
0	123
21	128
0	3
0	75
0	0
89	39
0	160
0	0
0	0
0	1663
1	1392
2	1563
129	687
1	227
0	190
0	5
0	311
1	205
3	65
0	1
0	0
13	2579
0	3082
7	2557
2	796
3	9
1	218
1	431
2	0
156	3085
12	2
69	183
11	3
0	4496
0	4341
0	4196
30	4171
82	4281
0	0
2	1476
3	0
2	93
20	24
84	727
0	484
10	3117
11	3013
2	3249
0	1240
0	899
0	813
0	938
0	684
0	772
0	689
5	649
41	520
8	181
5	10
2	186
0	21
1	10
0	2
0	226
0	170
0	2922
39	324
0	0
0	0
0	362
0	59
0	361
0	0
0	0
0	0
0	0
0	0
0	0
24	1122
1	835
0	870
180	1090
27	198
10	35
7	279
8	185
0	30
2	0
128	469
0	27
48	221
44	184
33	3
13	39
1	894
5	617
210	6
3	772
141	846
1	11
0	805
0	28
27	505
4	373
46	222
4	67
2	0
3	66
5	33
0	81
29	95
8	21
1	47
1	43
0	0
1005	720
1	719
3	275
0	418
0	53
0	0
0	0
7	1656
2	1881
27	585
117	248
2	91
0	0
1	25
0	21
0	0
0	0
0	10
0	0
0	5
16	1016
2	1015
46	1172
0	1158
14	1416
0	344
0	428
0	122
83	286
5	28
8	0
0	165
0	23
0	0
0	0
0	0
91	2
0	5
0	6
7	2
0	0
0	0
145	646
34	38
0	39
6	21
0	382
1	80
0	324
300	343
1	38
9	324
0	0
0	4
0	25
0	1006
15	1236
1	715
15	758
3	1097
0	864
9	1084
9	53
8	102
0	76
4	146
0	30
8	65
0	81
188	91
0	1
6	19
12	78
0	15
106	2558
1	1716
150	2437
2	104
0	2
0	794
9	406
0	104
0	88
4	0
230	1593
0	1378
3	248
2	1339
2	519
49	0
1	71
1	4
1	70
1	0
0	1
0	13
0	0
2	2
1	6
0	0
0	0
0	0
0	0
0	0
0	0
1235	128
47	127
1471	1963
6	588
9	82
59	952
5	857
9	3
5	116
0	153
23	2807
0	259
0	2546
0	631
0	0
2	7
0	33
0	579
1	0
0	109
0	29
0	13
0	13
0	11
0	1525
0	0
0	0
0	0
0	0
277	79
17	2961
318	3336
9	42
0	12
0	8
181	1558
171	200
0	200
0	20
2130	233
2	21
0	48
9	149
9	5
17	5
0	5
0	0
32	5
0	0
1	0
0	1534
57	5214
0	1092
10	40
5	61
6	47
8	62
350	2350
8	2187
87	19
4	0
1	0
0	3
0	115
0	0
0	162
91	626
0	626
149	13
0	13
0	0
1	0
0	0
0	73
0	64
5	2156
79	2205
16	121
1	633
0	58
140	1136
0	135
18	1136
105	1600
50	1509
4	0
0	6
0	1603
0	102
3	24
1	8
0	1622
0	10
0	10
0	10
676	673
0	673
1	5
0	2
0	0
0	2
0	2
5	30
23	107
0	17
12	0
1	84
10	51
0	9
134	0
111	702
1	474
0	0
0	229
3	2
781	200
3	199
1175	283
12	21
2	92
3	0
1	175
19	1242
14	1195
0	190
0	904
8	40
0	174
13	215
0	139
155	493
6	450
6	9
6	12
13	95
0	68
4	0
0	217
3	4
12	199
21	25
10	31
6	217
1223	3
837	125
0	120
1129	2
611	596
0	533
0	119
0	40
19	230
13	130
11	144
2	68
6	32
34	53
21	25
1	42
0	0
24	39
233	44
0	143
1618	285
3	65
1	126
0	110
0	0
0	0
0	0
0	0
0	0
0	0
0	0
0	0
0	0
0	0
6	11
0	7
0	2
0	4
0	320
1309	441
0	413
2	3
1	0
420	304
0	74
4	228
0	0
3	168
1	1
181	752
9	776
0	758
0	757
6	769
8	752
0	736
0	331
0	6
0	22
0	0
0	82
3	14
181	49
0	0
2	40
1648	2239
0	761
0	918
0	1056
1	0
7	0
0	0
0	0
39	237
46	208
0	30
1	15
6	8
0	25
2	7
0	0
0	29
0	0
0	0
0	602
0	0
0	0
0	0
7	0
834	23
3	23
0	0
0	0
0	0
0	0
0	0
236	3097
20	3097
117	180
0	141
12	186
3141	965
0	11
8	951
6	383
2	2
0	2
0	2
19	1432
131	1460
0	998
21	4
97	4
0	4
1858	1
2093	20
5	20
0	6
13	9
1	6
104	7
0	0
0	5
11	670
1	628
12	369
34	242
0	4
0	561
0	90
0	87
0	29
0	291
0	9
34	79
0	12
8	11
10	96
3	12
14	96
0	8
0	4
0	0
0	0
0	316
1	448
0	349
0	38
0	36
0	9
2	133
27	0
0	430
0	4
0	0
0	0
1	1
5	4
0	47
4	47
0	1
0	0
102	162
28	114
17	3
1	148
1	98
2	80
763	0
193	1755
3	1717
3	970
0	0
6	684
6	659
17	34
15	681
1	92
24	105
0	0
4	161
8	1
2	36
5	6
4	53
0	19
0	170
5	679
27	742
56	720
0	195
11	7
9	2
53	0
0	0
0	0
0	0
0	0
106	688
13	554
2	26
2	30
0	226
0	35
1	40
0	40
0	885
0	877
7	603
0	766
0	3
0	3
0	0
0	0
0	0
186	262
2	30
0	24
0	135
0	0
0	0
201	215
3	2
7	100
44	202
52	211
27	114
0	2
0	0
0	0
6	841
184	1712
1	178
0	938
0	591
219	379
1	352
0	0
676	161
9	124
3	14
4	37
1131	1558
0	404
0	492
11	1091
406	1091
0	361
12	28
0	116
0	0
706	1
6	0
0	31
0	28
0	14
0	5
0	1
0	15
0	12
0	15
0	12
0	0
1	23
0	0
0	15
0	19
0	19
0	165
108	823
197	825
0	630
0	16
6	33
0	875
61	665
333	120
21	80
0	508
0	5
0	665
0	0
60	462
6	97
0	95
0	0
571	533
2	1680
25	1536
49	1652
0	283
74	7
0	7
66	219
57	219
1	0
1	58
40	302
0	23
4	95
4	224
0	78
0	34
25	36
0	8
1	61
0	1
0	0
814	24
1	40
102	32
0	0
0	0
0	2
0	3
0	1
0	2
0	3
0	2
0	2
17	3441
0	3282
0	3145
1	4
0	617
20	731
1	3
0	2375
3	974
62	1139
2600	2349
0	2227
7	920
0	1093
1255	490
22	489
0	0
0	0
0	0
5227	10968
66	9593
5	819
1	973
1	926
4	1371
0	766
0	0
0	0
0	0
0	0
0	78
122	80
0	0
0	2
4	408
15	348
0	132
0	193
2	0
0	392
5	404
0	409
0	453
16	460
0	30
71	226
0	32
1	0
2	67
51	1523
0	2234
396	2366
0	1849
1	165
2	249
0	448
141	53
1	3
0	0
6	35
0	27
32	134
3	79
0	0
0	0
179	1744
144	1745
1	37
9	5
9	3569
0	3135
83	3656
25	3653
0	17
1	106
20	48
2	137
385	754
0	87
0	132
0	752
3	3
15	3604
23	33
1	154
6	77
67	3599
0	0
3	31
379	936
0	68
148	1106
10	1080
87	1051
8	4
0	364
2	638
0	3
1	250
5	196
0	46
2	221
8	83
1	40
1	0
24	0
0	0
0	0
0	0
412	140
0	14
3	4
0	3
4	18
0	0
187	129
0	2
1	107
2	16
0	0
0	0
0	0
0	0
0	0
1	1066
0	885
2	937
93	635
0	594
0	716
1	60
1	54
4	49
1	20
19	184
0	171
0	27
3	2
0	23
0	11
7	35
1	23
0	36
0	1
2	16
5	22
0	22
0	0
0	0
0	0
0	0
0	0
0	0
0	0
9	10
0	10
0	0
73	22
13	7
0	14
2	5
0	5
5	331
1	8
5	49
0	2
32	1
0	0
230	724
0	724
54	3
0	3
0	0
1	30
67	168
3	33
2	84
0	197
22	296
0	87
1743	2
242	0
0	0
0	0
80	1302
2	2
0	1302
17	661
0	424
10	64
0	0
1	131
130	309
4	21
0	13
0	19
0	0
0	0
16	301
32	61
11	101
0	21
22	94
3	38
0	0
52	82
0	35
2	30
135	2
0	45
2	44
1	93
17	83
1	2
8	4
0	4
9	11
1	0
10	32
0	21
71	1352
8	1322
18	1333
5	32
3	95
0	0
0	182
0	165
0	171
0	170
0	171
0	167
0	166
0	167
0	182
0	182
0	182
0	5
5	21
0	1
2	2
0	177
6	112
20	335
26	365
0	6
0	121
0	342
30	335
0	121
3	28
0	27
0	0
0	0
0	0
0	0
1048	0
34	0
0	0
0	0
0	0
0	0
150	590
0	586
2	138
0	1
0	371
0	11
0	240
16	265
2	114
771	2811
1	448
1	2718
11	2850
1	2022
7	2115
1	1943
0	1105
0	116
0	0
0	101
0	164
0	55
0	136
0	130
0	98
0	180
1	151
0	70
6	91
1	2
4	1
0	9
0	105
0	9
0	0
0	0
14	21
0	34
4	0
270	792
9	788
0	74
0	4
0	15
2	6
0	340
41	451
9	0
6	20
1	9
0	424
13	4252
116	4590
0	4732
3	916
0	4350
0	795
1	308
67	802
2	690
38	106
1	110
18	119
4	30
0	634
14	146
1	147
0	221
0	228
0	0
0	54
0	79
0	5
0	27
0	7
0	596
0	1
1	1
0	1
0	1
0	0
0	1
0	1
0	1
0	1
0	0
1	90
0	91
0	94
0	56
0	59
9	359
0	363
0	350
5	379
0	379
100	351
2	297
60	291
0	295
4	3
0	3
0	0
0	0
61	202
0	35
0	336
726	1246
0	954
0	0
0	0
29	8063
3	749
0	337
1302	8060
2	1070
5	938
0	0
0	0
0	0
44	247
0	182
1	123
0	0
1	0
0	2
0	2
0	2
0	2
1889	892
0	363
0	319
4	531
0	290
2	0
0	0
26	0
0	0
0	0
988	341
4	255
8	31
0	310
1	0
2	30
4	38
0	0
2	0
0	0
0	0
24	10471
530	10695
19	2554
0	1058
0	192
5	177
1	57
0	144
0	0
0	0
0	0
0	0
1	0
0	0
0	0
0	0
0	0
0	0
0	0
0	1
0	261
0	29
15	66
0	73
0	38
4	0
0	0
1	15
0	6
0	0
0	0
0	0
8	0
0	74
0	12
0	73
25	0
0	1
0	0
28	154
0	154
0	32
0	6
1	4
15	311
84	404
1	283
2	339
6	380
0	378
2	378
0	107
1	219
4	138
0	5
0	0
1	0
1	0
0	0
9	7
0	7
0	0
1	130
4	14
0	0
0	0
87	128
1	6
0	26
73	265
29	232
0	171
8	256
9	41
0	53
0	0
0	0
0	0
33	26
0	26
0	0
5	2
2	41
0	41
58	173
51	172
1	141
0	637
132	667
419	517
3	3
1113	3
21	1
0	0
0	0
0	0
0	0
1	8
1	9
54	0
0	0
0	27
0	26
0	27
0	24
0	40
0	0
1	40
0	40
0	748
11	44
22	718
8	0
0	65
0	67
7	13
1	3
2	2
19	80
4	40
4	5
0	4
0	746
559	175
1	168
0	31
1	4
0	31
446	254
1	87
3	3
0	167
0	53
0	0
53	1
0	1
0	0
0	0
0	7
0	11
0	8
15	1937
0	2570
0	2574
3	191
6	6
1	145
0	2574
0	4979
302	2190
40	3390
82	5846
2	578
3	864
9	3512
24	2
238	3755
0	3925
0	4061
15	1217
30	120
0	67
5	116
0	114
161	1244
0	1244
4	0
199	6141
0	5540
153	5557
277	2079
64	45
105	0
13	7
0	259
2	1364
2874	7404
0	13
79	10
0	9
0	0
10	0
2	10
100	10
12	1992
114	4668
0	4731
0	2940
0	1461
0	493
1	68
0	4785
1046	422
0	406
5	85
0	22
465	48
5	47
4	0
0	0
2	0
0	3
0	93
0	93
0	1825
0	1803
0	1875
0	1852
0	1727
0	1825
0	1878
0	1754
0	1901
0	1504
0	2026
0	1924
0	1800
0	1989
0	1822
0	1910
0	1875
0	1927
0	1849
0	1892
0	1840
2	1684
0	2021
1	136
0	131
0	162
0	12
1	4
0	1745
0	1986
1661	591
2	301
1	16
0	7
3	55
5	130
0	109
0	0
3	8
0	111
0	97
0	102
1	101
0	71
0	6
1098	111
0	0
0	21
0	0
0	73
0	57
0	1
413	19
41	282
0	3
0	28
0	260
0	0
0	0
0	0
0	0
65	144
4	113
46	92
13	35
2	22
0	22
0	0
0	12
0	121
0	291
6	0
1	64
0	291
0	0
0	0
0	0
627	178
0	49
0	27
0	56
0	71
0	0
0	0
26	13
2	410
12	17
31	5
44	16
15	215
0	346
32	1491
30	142
0	1530
0	316
2	80
2	84
17	277
2493	2671
1	2626
7	134
29	390
0	310
1223	310
0	57
8	505
1	191
0	566
0	22
0	644
0	554
0	1
1	48
3	502
0	32
2	35
0	53
0	8
0	0
0	0
4	15951
5312	15951
0	12042
0	3025
12	0
0	19931
0	98
11	58
0	51
1	88
5	7
87	92
19	92
0	18
0	735
0	433
0	367
0	328
8	430
1	44
743	1408
16	2631
0	0
0	201
15	141
0	2529
1	224
64	226
1	144
0	110
21	51
1	25
0	2
46	62
2	62
3	6
1	5
0	1
0	1
1	2
1	2
15	57
6	27
1	2520
13	156
10	10
3	133
0	9
0	74
0	2511
9	16
0	1018
13	859
17	839
4	795
7	689
4	37
3	29
0	18
0	62
38	1043
3	379
13	731
0	64
1	545
26	774
2	757
1	631
0	619
23	10
4	185
15	3
3	0
3	52
18	83
0	35
4	2
0	1
7	0
0	2
1251	610
1	490
13	99
22	41
7	628
0	7464
0	7450
0	7461
25	0
7	3948
3	5433
24	3105
0	4364
5	5538
0	21
0	12
0	21
239	479
12	200
3	291
18	48
247	701
5	660
27	46
18	4
170	1196
107	1196
0	93
0	1
2	1
69	160
0	4
0	160
0	9
1	12
1	0
0	5
0	0
67	361
5	93
0	5
0	274
0	0
151	81
0	11
0	81
3	7
1	105
48	3968
3394	3338
24	3945
211	2883
0	3238
1	897
0	0
1043	63
2	62
47	90
0	63
0	54
1	45
0	27
7	0
0	0
0	0
0	0
0	0
425	1502
16	1501
0	1
0	0
0	0
5	0
845	7199
2363	7199
9	3082
42	316
262	316
0	0
0	0
0	0
0	0
805	252
2	69
0	0
0	0
0	0
0	0
20	552
20	552
0	0
1	0
7	15
0	18
0	260
0	103
86	143
0	552
11	39
0	39
0	16
0	16
1	16
0	0
0	0
1	4
0	4
67	932
2	252
0	81
0	161
0	78
49	932
218	745
21	626
7	14
280	205
0	87
0	11432
0	13297
666	11907
10	6295
23	205
138	7212
33	400
10	807
31	587
2	14
6	0
1	0
0	0
0	136
25	175
0	131
2	21
1	2
1	2
0	126
0	161
0	15
1	63
12	211
2050	304
0	216
0	282
0	126
4	3
1	3
1	0
15	415
575	422
138	378
0	98
0	248
0	0
0	0
0	0
0	0
0	0
6	330
1	303
1	33
1	0
0	0
0	0
46	271
0	271
0	0
0	24
240	1
21	4146
0	192
60	4266
7	2425
35	4251
32	2195
4	0
0	1
0	0
131	3580
181	3688
0	628
25	999
439	1007
6	775
0	628
0	1119
0	274
13	166
2	3
75	81
0	80
307	2658
26	2646
228	2181
16	0
0	326
1	7
0	138
0	65
22	1376
0	226
0	0
0	0
0	0
0	0
6	2
0	2
0	0
0	0
0	0
0	0
0	0
0	0
0	369
0	325
30	149
0	12
4	28
9	47
377	2070
5	40
0	2070
0	0
6	0
4	23
3	36
1205	1362
636	785
44	1301
23	661
3	12
2	0
1	0
1	360
427	51
0	51
51	5901
590	5902
1	5
1	32
6	24
0	500
0	96
3	0
398	64
0	64
0	0
0	0
0	0
0	0
3	9
0	9
0	0
61	20
0	16
0	3
1	1
0	13
0	10
0	7
0	5
0	3
0	0
0	0
11	203
70	1111
1665	1104
4	1088
30	12
132	1756
6	31
24	159
24	1777
374	1017
1	985
8	312
0	320
4	26
431	792
2	84
7	100
4	710
8	0
111	1165
7	146
0	1249
0	1003
229	663
259	2556
100	2556
3	1628
169	135
11	44
0	109
6	53
4	63
1	38
30	54
0	52
0	23
7	5
0	1
0	1
0	1
0	1
0	0
0	0
118	384
0	194
0	144
0	61
22	29
3	29
0	81
0	0
0	0
0	0
0	0
4	24
0	30
3	25
0	21
0	14
0	17
0	20
0	20
0	21
0	14
0	20
2	21
0	15
0	11
0	21
0	19
7	38
0	16
0	0
0	14
0	14
0	24
0	24
0	20
0	20
0	20
0	21
0	20
0	21
0	20
0	20
0	20
0	5
0	0
7	137
24	252
0	252
54	250
6	229
327	216
121	112
2	37
3	75
0	40
64	1556
10	1730
0	451
76	542
4	0
8	1763
0	2149
0	1237
0	1437
1	1502
0	1431
7	2023
1	2051
0	2120
0	1743
0	1183
0	708
8	0
11	449
1	95
0	12
1	78
167	5232
0	442
16	1877
9	41
0	4139
0	67
4	1831
0	0
5	172
3	157
5	562
2	40
0	533
3	533
3	1
1	0
0	0
4	2
0	2
0	0
308	41
5	37
1	3
1706	175
0	116
0	2
0	0
29	0
3	58
23	2801
53	2762
33	2877
11	3125
0	0
0	37
0	10
0	24
2	29
250	0
51	275
13	0
0	126
8	77
3	135
9	0
5	14
6	34
12	38
0	0
0	7
5	9
3377	163
2	25
2	88
1	0
15	47
0	0
0	26
0	24
0	14
0	4
2	7
0	8
91	3663
73	2544
0	2316
240	3753
109	1125
109	1879
0	0
736	2603
3	1377
4	633
0	313
9	130
0	81
0	2597
0	0
0	0
0	0
4	0
1245	295
0	153
60	293
1	630
53	1723
5	544
13	1292
2	262
1	138
1	273
7	5
4	73
0	394
5	7
3	368
7	120
4	7482
307	7484
3	7578
0	3929
36	3505
3	3620
2	52
2	1474
0	476
3	389
19	374
1	210
2	287
1	88
0	38
3	0
6	0
39	3
0	5557
1	190
0	991
1	131
0	153
1	18
4	4
1	991
0	174
23	1475
10	1039
88	751
0	51
121	235
349	0
73	563
2	89
0	438
0	439
0	436
2	7
0	335
0	77
0	217
4	35
0	1
0	0
0	0
0	1
0	1
0	1
0	0
0	0
29	216
10	216
0	152
0	193
1	10
887	438
58	378
0	429
0	0
0	0
1	0
1	276
111	293
1	34
0	145
1	0
3	3
0	2
0	52
0	0
3714	651
35	586
4889	58
7	2
0	6
3	53
124	14
0	0
4	0
0	14
0	4
0	0
331	1156
47	1402
6	547
1	337
0	832
4	0
1	177
0	217
4	3
3275	2634
0	1700
2	1408
0	471
72	78
0	27
0	3
0	51
714	3965
11	1551
1	2469
25	1
4	1
780	383
0	329
0	3
2	51
0	0
0	0
42	116
0	110
0	0
0	11
2	5
0	103
0	6194
218	6389
0	5790
0	3784
0	351
21	1159
0	12
0	90
3	330
0	266
3	324
3	0
1	15
0	10
220	337
3	14
17	16
1	178
0	14
4	25
12	67
47	0
0	0
607	230
0	173
2	6
2	81
0	78
0	3
0	17
2	0
0	17
205	166
102	166
3	3
0	22
0	0
3	0
0	23
18	220
0	589
0	503
333	617
0	5
0	9
4	11
0	92
57	693
5	484
0	384
26	0
6	85
17	0
103	248
0	248
1	0
2	0
1742	711
2	706
0	701
0	0
0	0
0	43
0	44
1	44
0	13
4	31
244	5695
48	0
150	5495
79	257
0	864
67	37
0	2552
44	1459
15	346
18	60
0	1290
2	205
3	0
0	312
100	1438
63	2016
20	2114
438	2228
5	1955
0	263
1	69
2	381
0	12
0	11
1	1049
0	23
0	0
0	0
0	0
1	0
0	0
3	0
6	0
331	1
0	0
4	1133
0	18
5	192
7	86
2	29
3	3
0	17
0	126
21	32
5	4
3	2
0	1128
149	15
4	12
0	3
0	13
0	10
0	0
0	1148
35	1149
0	101
0	111
0	44
10	1111
285	0
0	103
0	101
0	2
0	0
164	101
0	30
5	70
225	864
0	659
0	1
2	21
14	412
9	112
0	3
3	4
5056	110
44	39
34	2
0	2
159	0
1	0
3	6
0	6
281	2
0	2
2026	1
10	0
3	0
150	336
16	96
9	204
0	1
2	2
0	55
17	346
0	348
0	251
4	0
1	7
0	1
0	1
0	1
3	0
0	0
0	0
980	2
0	0
0	0
0	0
0	0
0	0
0	0
0	0
0	0
0	0
400	2669
20	2166
4	520
14	1460
2	158
0	0
0	0
23047	845
11	630
26	0
0	165
3	75
347	75
0	72
0	0
0	0
0	0
0	0
35	0
0	33
2	33
0	33
7	9
1380	123
0	102
2	18
1	1014
64	1033
0	19
0	19
324	286
8	286
8	743
53	635
4	18
0	743
9	3
0	9
0	33
0	60
0	62
0	0
0	8
1	2
0	2
0	61
0	0
21	372
64	441
5	110
0	5
3	7
0	9
4	8
0	1
1	1
0	0
0	0
3843	895
8	770
38	1009
70	643
0	0
0	882
0	4
0	4
0	1
0	0
0	0
0	0
0	0
0	304
2	104
7	22
0	234
0	1
421	0
3	5
0	5
97	134
7	134
4	58
0	56
0	41
0	3
0	0
0	0
0	0
0	0
16	611
22	617
2	31
0	15
5	6
566	9561
1140	10540
0	3843
0	4770
5	1585
2	802
11	20
0	15
0	0
0	15
0	0
1	2
0	15
1	4
0	4
0	0
0	20
0	13
3	721
2	890
0	222
0	2
7	1046
0	0
0	118
24	989
0	18
0	13
1	8
6	543
2	65
893	2116
0	2079
0	95
0	301
13	146
5	99
4	704
5	119
0	538
1	322
0	356
3	2
2	141
5	0
49	302
0	256
112	240
6	14
0	63
18	4061
1	3696
14	579
4	348
5	295
22	0
1	75
0	161
0	0
0	0
19	0
205	1629
25	1459
0	1531
21	921
76	830
0	938
21	68
0	11
2	0
0	113
0	22
0	11
0	117
1	7
2	71
0	7
0	129
0	9
0	820
0	0
0	10232
2	4187
0	9009
0	2012
0	870
2	249
1	0
0	439
0	9134
1	9139
159	10718
0	10726
503	0
0	0
0	0
34	174
6	174
5	13
0	5
0	13
0	35
70	13
65	1852
60	1612
2	1860
4	836
0	1645
134	635
2	62
2	389
0	220
0	222
13304	3091
0	1
1	30
0	44
2	41
0	0
44	412
0	412
5	40
1	26
1	40
0	3
0	0
0	321
5	271
3	321
1	0
0	201
2	6
0	6
0	6
2	0
196	76
0	2
2	348
0	454
0	451
0	362
0	216
167	253
0	504
0	408
0	264
102	291
0	0
0	1
651	1057
4	350
4	189
0	85
14	516
0	46
12	50
43	50
1009	14
0	13
0	38
0	2
0	38
0	1
1	1
0	0
16	4
0	4
25	7
0	7
772	386
4	119
5	301
25	174
1	139
0	12
1	13
0	0
2	1
921	1558
1	365
1	1273
0	1574
0	1464
0	1509
0	1383
76	1201
0	1232
0	1162
0	1139
0	1154
0	1141
0	1164
0	1196
0	1105
0	1092
0	1047
0	1106
1	15
1	0
1	28
8	28
0	1380
0	1355
0	1471
0	1472
68	610
32	604
0	46
0	3
0	3
0	65
0	43
0	31
0	64
0	0
17	279
5	0
23	347
0	0
0	167
6	62
15	166
1	228
1	68
1	317
3	379
0	14
1937	234
50	233
2	0
534	198
1	145
0	23
2	53
89	3704
64	3658
4	482
35	593
2	313
0	1542
0	509
6	67
0	91
15	93
7	3257
22	44
0	2263
0	130
53	439
1	304
1	272
6	247
0	364
2	179
26	243
0	0
1	367
5	309
1	367
2	313
6	0
0	0
14	0
0	0
0	1
14	1
0	0
37	472
4	370
1	489
29	11
24	24
0	0
0	2
0	74
0	2
0	2
0	2
0	74
0	0
99	306
0	223
0	24
0	11
1	28
22	138
5	116
0	22
0	0
0	482
0	538
0	575
0	469
46	186
0	435
1	555
0	283
0	490
1	319
3	332
8	398
0	5
2	5
0	0
0	1
0	2
1	61
0	3
0	32
0	0
0	0
211	67
0	40
6	12
0	19
1	0
9147	75
0	69
80	86
0	62
0	30
0	86
0	0
0	0
0	0
0	0
378	261
5	261
15	15
0	261
987	1136
0	802
0	808
0	823
0	871
0	862
0	804
0	848
0	843
0	812
0	843
0	813
1	12
2	61
0	57
0	186
0	120
2	428
0	910
8	150
0	71
1	134
25	133
0	702
30	89
0	1
0	1
0	1
0	2
208	1139
34	82
0	1001
0	10
2	0
2	393
1	11
0	1006
0	1
0	1
191	1119
3	522
22	1119
3	0
0	11
6	23
0	38
0	0
21	287
1	22
0	265
4	47
0	1
0	47
1	0
0	0
458	548
2	545
3	25
0	0
0	0
0	0
3360	3195
0	113
422	0
32	0
0	0
0	0
0	0
0	884
726	835
1	5
0	36
5	9
10	846
172	62
0	62
5	0
8	743
4	81
0	0
5	36
0	1122
0	0
0	2
0	328
0	1105
11	1208
0	74
6	1634
3	35
13	34
0	75
0	1634
7	140
4	10708
49	13494
5	2701
50	8383
2	3780
3	3779
0	5411
104	1553
0	0
0	1
0	1
0	0
0	0
0	0
0	0
0	0
0	0
3	1938
5	399
9	123
0	608
0	694
1	1985
0	0
0	0
0	0
2723	0
0	241
2	43
2	957
0	2
133	980
14	0
0	0
4	1144
0	1036
0	0
0	954
0	19
1	1039
0	16
10	15
1	17
0	770
0	14
5	440
3	799
1	62
3	52
0	0
0	0
0	16
0	12
1	970
0	14
1	1
1	0
1	645
1	3
0	54
0	939
768	0
0	2
0	9
0	12
0	1
0	0
0	0
0	0
0	12
0	0
0	0
0	0
782	1032
9	0
43	1032
5	5
0	0
0	5
533	88
1	88
0	0
4	7
2	47
1	49
0	3
0	54
89	686
0	83
3	138
0	0
0	180
3	2
1	103
0	297
1	0
0	58
1	1
0	1
0	1
0	1
0	0
6	372
34	841
570	1237
10	399
26	344
3	649
1	294
404	565
14	739
99	915
15	942
8	958
13	133
0	155
23	479
18	544
0	353
0	535
4	1
0	124
4	105
647	29
1	29
0	27
3	0
29	129
24	962
26	833
17	424
5	364
3	301
1	336
3	85
3	92
0	2
0	4
0	5
2	8
0	4
0	0
0	0
0	0
0	0
0	3
0	1
10	3
0	56
181	353
5	349
7	41
20	9
2	31
3	101
212	49
0	49
2	33
0	122
17	10001
13	2889
15	2497
9	324
0	10180
3	1492
180	8619
138	10195
6	10186
2	9663
38	217
13	43
0	0
0	700
3	790
0	0
0	152
73	453
0	451
0	129
0	0
128	0
0	0
0	702
0	2934
25	2822
0	11
2	199
0	127
0	562
65	84
6	117
0	17
1	17
0	0
0	8
0	64
8	65
0	73
0	34
6	19
0	4
4	15
0	38
2	42
0	28
0	1
0	0
5	11
0	0
0	1
0	0
0	78
22	80
70	96
16	23
1	6
0	6
0	31
0	5
0	0
0	1
0	1
0	0
0	0
0	0
0	1
0	0
0	0
0	0
0	0
0	0
0	0
0	0
0	1
0	0
0	1
0	0
0	1
1	1
0	0
0	0
0	0
0	0
0	0
5616	3510
3	2165
1	863
2	105
0	132
1	1610
0	0
0	0
0	0
0	0
142	62
0	61
6	6
0	17
8	9
28	91
1	99
0	0
2	0
19	1284
20	1331
0	0
0	1303
18	225
0	6
1	5
0	1
0	0
0	0
2191	493
0	163
1	325
0	93
0	0
0	0
57	382
2	193
0	22
0	27
0	2
0	151
0	7
0	53
1	0
0	67
5	35
500	94
0	78
14	18
1	2
26	36
0	34
0	19
0	6
1	6
636	106
0	42
0	28
0	38
672	20
1	20
13	1621
4	835
0	1837
0	901
0	1003
1	867
1	976
0	956
3	752
13	238
0	73
5	393
0	63
13	38
182	800
934	2570
9	2663
0	799
89	198
0	190
0	5
0	10
21	10
0	11
0	0
816	1
36	131
0	129
4	3
21	172
393	650
0	5
18	100
1	85
0	18
0	99
0	524
55	512
3	229
0	1
1	32
0	13
2	216
0	321
911	1636
0	1218
209	1370
0	264
32	210
1	210
1	0
4	253
33	141
0	209
0	26
0	14
0	17
0	36
1	13
0	3
115	1246
0	1246
0	150
0	20
0	119
0	0
5	46
4	1
0	272
8	32
0	186
5	225
0	262
0	433
0	213
2	270
17	241
1	172
472	1606
0	287
100	1383
69	25
0	23
0	403
2	84
0	566
244	566
0	0
2019	593
5	592
0	0
0	0
0	0
0	0
0	280
78	281
113	77
5	21
0	12
1	18
0	18
1	15
586	1264
1	700
0	217
4	146
7	83
0	34
3	102
8	74
6	81
0	84
0	75
0	167
0	109
0	2
2	3
0	127
0	158
1	120
0	0
988	4719
15	4438
8	30
6	506
33	219
0	0
0	150
1	13
0	0
6	10
78	502
0	27
3	35
11	74
4	271
0	118
33	433
0	7
0	0
21	118
0	151
1	148
0	0
0	0
0	0
0	0
0	0
0	0
0	0
0	0
739	281
2	2
0	5
0	22
0	0
1	35
4	4
0	0
0	0
0	1
0	4
0	1
0	0
0	0
0	1
5	462
11274	472
0	0
0	0
74	3
0	3
0	0
9	14
0	14
84	6
3	6
1	0
6231	1
59	0
0	0
0	0
36	256
49	173
8	84
14	309
13	259
5	42
2	0
0	0
0	0
4	63
0	42
0	16
0	28
3	52
0	14
0	21
647	182
0	243
96	1520
70	1580
45	100
0	0
13	60
0	60
0	60
5	1
51	618
11	616
8	83
175	64
4	77
51	0
447	1314
4	1313
11	6
0	34
0	26
0	461
0	2
0	24
52	107
0	0
2	64
11	25
2	49
1	23
1	22
266	99
1	38
3	26
1	13
7	311
786	567
22	47
6	259
0	12
0	126
23	360
24	203
12	36
0	0
0	0
0	0
0	0
0	4
0	4
521	7
0	7
11	15
0	15
88	0
0	0
0	0
0	0
0	24
0	25
2	8
1	17
0	0
149	66
0	59
1	50
0	19
10	16
0	1
58	91
0	60
0	32
0	646
5	211
1	0
0	646
229	158
7	55
0	118
0	36
0	0
0	0
54	1344
8	51
0	42
7	89
0	114
71	207
12	579
0	4
0	286
15	12
5	48
13	3
1	142
0	5
1619	291
0	50
13	0
0	235
1125	0
1	42
0	40
0	4
0	2
0	4
0	13
1	2
0	11
0	0
0	4
0	4
2	8
0	11
0	11
0	1
0	9
1	13
0	8
0	6
0	0
220	155
6	155
10	2
0	0
0	0
0	5994
82	7308
35	7362
0	7280
0	7664
1	445
82	430
1	323
5	8
1	90
5	51
16	78
1	259
1208	272
1222	950
7	189
0	9967
2	72
7	648
3	588
5	9636
23	585
0	594
41	9178
11	13240
33	12024
26	13121
0	11954
148	8176
0	7604
105	5387
137	1983
2	0
0	30
1	1
0	0
0	0
0	0
98	97
5	94
3	143
4	0
0	0
0	0
0	0
0	0
0	0
0	0
0	0
0	0
0	0
6	129
2	128
0	5
54	23
0	5
2	18
0	4
511	213
0	70
0	185
0	11
0	0
1	102
16	551
6	585
12	484
1	615
8	448
13	551
25	30
0	0
0	0
0	0
0	0
243	1586
203	1695
0	144
55	229
30	43
6	2
62	1640
0	0
0	0
0	5
0	3
0	4
0	0
32	7
0	6
0	0
0	0
0	0
0	0
0	0
16	75
2	69
6	69
0	68
18	74
0	66
0	0
0	68
115	153
0	145
0	100
0	86
0	14
0	5
0	0
0	0
0	0
0	0
0	0
0	1176
3	526
1	4782
1	0
401	7133
3	335
2	978
0	6874
0	0
0	0
0	1985
105	2294
0	1752
3	118
91	83
2	248
457	908
0	907
0	7
516	92
0	164
341	523
0	2
2	0
58	46
1	0
0	8
0	38
4604	1180
4	465
2	190
0	303
0	220
26	11
213	12
0	6
0	0
0	0
0	6
1	1027
7	4761
0	507
0	1601
139	5139
2	328
7	1071
0	510
1	165
5	478
10	84
6	10
1	86
4	13
1	58
13	74
0	0
11	18
9	34
74	922
0	949
4	954
8	972
3	232
0	4
0	297
1674	655
101	799
4	10
0	0
0	10
0	10
15	18952
0	14269
16	17
4	96
6	381
407	6910
386	16125
1	693
0	1070
0	174
4	179
14	15771
0	14088
0	101
0	905
11	1665
27	42
122	2229
0	224
2	1501
13	48
0	938
0	14305
0	9429
17	5
0	1
0	927
8	138
0	1007
0	1
33	121
0	933
0	644
1	1
7	39
0	67
3	88
0	4
0	1000
0	1439
0	575
0	117
0	1439
12	0
0	1956
0	1757
6	1897
11	2132
0	1988
29	1339
7	1230
1	1017
3	51
102	507
110	469
0	20
35	499
79	644
0	93
0	33
23	556
0	66
0	210
1	19
0	556
0	19
8	186
0	556
26	624
0	388
41	428
19	85
95	82
0	0
0	30
21	27
0	3
128	703
48	272
1	59
18	26
0	186
1	148
31	141
2	115
4	81
0	67
0	362
22	363
1	0
2	0
0	0
1	0
0	0
5	176
391	574
6	504
7	74
0	396
0	19
2	38
5	85
0	5
0	0
0	0
0	0
0	0
0	0
0	0
0	0
0	0
0	0
208	3394
178	2262
4	8
7	237
16	475
1	149
0	2
1	138
0	2
2	29
0	6
0	3
0	6
12	130
2	105
3	89
0	11
2	87
0	2
0	31
0	1
0	1
0	1
50	0
45	137
0	137
611	306
2	0
4	23
1	0
0	146
0	122
0	202
3	3
0	18
0	0
0	0
0	0
0	0
0	0
0	0
15	44
0	28
0	23
213	1389
17	454
2	1385
3	460
0	280
2	1
15	4
0	0
6	155
0	144
5	95
0	112
1	109
2	70
0	40
0	83
0	26
0	9
5	36
0	2
0	0
0	0
12	60
2997	1496
3	29
24	14
0	1
12	1138
4	1233
7	85
0	29
0	22
0	21
0	34
37	43
0	22
0	43
0	11
0	15
3	28
2	35
0	32
0	14
0	18
4	13
0	3
0	5
0	2
1	2
0	2
0	2
0	0
1	0
0	5
0	0
2	0
2	327
0	252
0	47
0	76
0	91
1	80
0	22
25	161
0	104
3	32
0	1
4	0
0	0
230	847
1	827
1	842
1	821
0	85
2	318
2	0
2355	3216
2	1377
4	483
11	1385
11	3115
0	0
0	0
0	0
14	11
0	11
0	0
7	0
55	0
0	0
0	0
4	4429
0	4514
0	4203
0	3713
108	3445
107	2424
37	2420
3	248
0	653
1	40
1	70
0	6
2	3835
1079	1618
4	1088
0	102
2	5
219	1617
10	62
6	72
1	67
0	20
0	5
59	14
0	1
0	0
0	0
0	0
0	104
448	1231
0	126
11	547
0	367
0	921
2	244
3	140
0	0
1	1
1	1
0	1
86	394
44	73
2	48
4	170
0	29
7	26
0	314
3	46
11	491
7	491
4	23
0	6
25	914
0	583
5	648
0	635
8	590
6	47
3	0
516	1523
1	1425
0	115
0	132
0	0
0	125
169	102
6	102
893	265
0	114
23	264
0	499
0	528
0	510
0	556
0	120
0	165
1	21
1	15
0	527
130	394
94	347
0	32
2	15
0	5
0	0
0	5
0	4
0	1
1	0
0	3
1	295
6	10
0	267
25	246
1	274
0	19
1	0
8	0
419	18
0	0
1	18
1124	2855
0	1344
5	1209
0	1151
7	1398
8	1151
1	10
0	26
1	59
1	109
2	0
274	516
12	251
3	279
3	290
0	141
100	238
9	144
2	2
0	956
3	1202
0	1277
1	13
9	664
0	734
0	34
0	49
0	18
0	125
0	85
0	13
0	12
1	82
0	1329
0	1199
324	1
2126	81
4	63
0	0
0	0
0	0
0	0
2400	1408
14	1131
0	408
15	34
60	448
1	121
0	80
1	46
467	130
7	35
15	16
5	16
324	1811
2	1578
0	132
5	63
2	34
9	266
364	1695
10	1067
0	628
1	223
5	225
15	49
2	19
395	0
1	628
105	723
6	257
9	92
20	163
0	75
18	179
3	145
0	110
6	551
12	201
0	117
3	36
0	0
13	172
0	190
10	15
0	15
0	34
0	1
3	67
0	186
16	161
7	162
0	2
0	53
0	3
0	0
1	2
0	1
0	1
0	1
0	0
0	0
3086	2850
6	1022
0	306
0	1865
3	81
2	542
1417	182
2	184
2	44
37	20
0	16
0	16
0	16
0	8
2	0
19	2918
4	171
44	3
304	124
0	9
0	123
1683	450
1	232
1	363
2	797
13	607
10	723
8	1082
0	1320
2851	5
20	368
1	364
16	352
10	0
8	0
2677	1228
4	11
0	382
19	419
11	1093
0	49
0	1
5	332
0	305
0	47
0	49
16	18
1	12
3	21
2	7
0	2
17	330
0	357
10	218
0	9
0	0
8	842
0	579
59	3054
0	19
0	2781
0	2658
3	0
0	198
4	556
73	812
3	717
3	139
15	35
1	218
1	114
24	60
1030	3130
0	83
0	3045
367	28
1	17
0	11
0	0
0	0
0	0
0	0
0	0
0	0
0	0
0	0
0	0
0	0
0	0
0	0
0	0
0	178
0	201
0	104
0	18
198	45
2367	21
0	0
19	19
0	0
127	0
0	1
0	1
0	0
0	0
639	1
0	0
0	0
21937	3606
6	1068
0	1715
3	166
0	133
0	771
0	0
0	0
0	0
0	34
2	277
20	195
2	61
79	87
8	244
0	242
3	111
10	466
0	578
0	519
0	99
0	68
0	0
0	4
0	0
1	4
0	4
3	126
131	470
77	481
2	472
2	461
0	214
1	283
15	225
9	443
0	5
1	2
374	69
3	7
0	55
4765	3888
1	3887
584	256
0	53
0	49
0	30
3	248
11	0
0	77
0	77
0	0
0	0
3	131
2	15
1	8
1	13
4	141
649	1161
2	0
0	1150
2	0
0	0
7	14
19	1889
3	2913
301	5832
55	3030
3	5809
0	1914
2	24
0	30
0	2457
298	920
0	920
0	0
2	0
0	0
7	69
0	62
0	8
0	28
1	8
271	5
0	6
0	1560
0	5
17	1562
7	1053
0	698
0	731
8	798
0	904
2	52
5	35
4	86
0	180
3	84
0	127
0	30
0	15
1	6
0	4
0	4
2	1054
0	1087
0	1055
0	156
682	2818
73	2700
22	758
0	132
2	847
6	30
0	4
0	51
0	26
0	0
2	0
424	0
0	56
0	1009
2	16
7	1306
0	886
3	461
0	883
0	25
1	1248
4	3
836	881
2	29
0	156
0	303
5	245
8	11
13	58
0	51
4	584
3	0
0	673
1	1020
96	1963
0	215
1	868
0	599
1	381
0	834
0	1819
165	0
189	214
4	197
3	30
0	24
0	98
0	306
0	296
1	297
0	39
0	327
0	336
0	1177
109	1340
0	194
4	1162
0	1089
10	1182
0	50
0	1067
0	0
0	0
0	0
0	0
0	0
0	0
19	11
460	29
0	29
973	235
0	9
11	27
1	227
0	167
1271	409
1	171
37	245
0	58
2	0
13	4
116	0
9	446
1	68
0	0
8	5
0	3
5	0
0	2
0	30
0	19
0	1
0	29
0	321
0	336
4	324
116	350
2	0
0	4
0	15
0	2
0	0
2	33
0	42
1	154
0	7
0	8
0	3
0	0
11	21
0	14
0	11
2	0
0	0
0	0
0	41
6	25
0	38
28	21
0	1
0	1
0	60
0	35
0	56
9	50
2	9
1626	72
0	71
0	2
0	2
0	1
17	0
310	143
2	86
1	84
229	175
46	396
33	75
2	7
15	48
0	385
31	107
0	5
3	104
1	52
0	2
5	7
0	82
3	11
0	68
0	62
0	33
0	22
2	11
0	11
175	19
0	19
4	189
0	90
9	101
12	29
56	195
0	312
0	148
42	314
37	207
0	6
1	0
0	6
11	89
0	29
2	1
220	189
0	122
17	131
3	10
59	248
0	0
0	0
3	117
0	248
0	0
0	148
0	140
1	124
0	82
0	10
0	0
0	52
0	16
10	53
2	52
0	10
0	0
0	122
1	0
4	22
0	20
0	15
3	2
3	0
0	0
1685	117
0	107
5	0
0	203
4	207
6	206
0	17
0	125
944	2464
0	93
0	25
106	2221
0	830
1	0
15	188
1	86
3	1
1	13
0	2
0	27
0	135
30	438
0	4
0	4
60	108
106	672
0	41
4	209
0	18
1	25115
3	6917
14	0
280	6412
4	8183
2	4048
0	77
35	110
5	614
116	773
0	8167
1	24
0	22
4	1
85	7896
10	153
0	8180
29	7394
3	23994
1	4251
0	5
1	1
5	100
1	77
5	469
13	25145
11	25147
1	20115
0	1991
0	448
13	3860
6	4361
0	1249
0	2736
23	710
15	131
30	773
6	2061
1	0
0	86
42	2064
10	108
15	49
129	50
9	6
8	13
0	13
0	0
0	1
0	0
265	668
2	369
0	662
0	39
2692	1837
2	69
0	900
3	938
136	519
0	542
0	5
0	4
0	525
0	0
0	0
1	4
0	0
0	0
0	3
0	1
0	2
0	0
0	0
0	0
396	67
3	67
0	0
0	0
156	72
1	21
0	48
0	13
3	9
4	19
0	0
196	613
64	613
0	93
0	166
1	0
0	0
0	0
0	0
0	0
1	0
0	0
0	0
0	0
0	0
0	0
0	55
0	7
0	0
44	1806
0	1673
0	1037
0	126
0	4
0	32
0	31
0	31
0	16
0	4
1	33
752	5717
5	4
1	4575
8	558
0	1943
0	173
0	46
108	16
0	16
1	7
0	0
16	0
15	0
18	389
2	389
0	0
6	2
0	11
2071	53
0	0
0	0
8	52
2234	2
0	0
0	0
0	0
70	420
4	420
1	49
4	67
0	0
0	0
0	0
0	1
0	1
0	0
0	0
184	1973
68	1969
1	591
44	480
4	171
3	45
0	0
19	41
1	41
1	18
3	0
0	29
2	29
2762	4110
1	705
41	4383
113	4388
679	211
5026	788
9	780
0	124
0	46
0	0
0	0
0	22
691	1232
0	74
5	10
0	103
56	0
31	168
339	989
0	0
0	43
1	141
5	313
10	7
0	8
0	317
279	236
2	235
5	210
421	697
0	292
13	102
0	277
0	436
16	1311
0	842
4	1279
163	1322
0	1277
84	831
11	256
99	2510
33	2228
3	730
1	0
0	0
0	0
0	0
1	0
0	0
276	0
581	44
0	39
2	3
4	6
0	3
0	3
0	3
1	128
3	128
0	0
0	0
0	0
1	1
0	7
2	0
0	59
0	29885
46	3740
8	0
41	1145
0	30763
0	29331
0	28441
0	26918
0	0
0	44
32	1916
8	0
11	10
8	901
27	79
21	413
0	28696
271	5
1	0
0	59
8	110
475	1059
0	39
0	42
0	6
6	650
76	274
781	148
0	147
1	0
0	0
1152	743
1	742
0	0
983	4700
13	4705
0	410
3	10
17	14
5	12
24	1486
58	1447
1	836
2	48
7	39
7	89
4	182
0	140
92	204
96	40
0	31
0	0
0	9
0	0
0	11
0	0
0	188
3	32
0	6
0	46
0	201
26	135
243	180
0	225
14	115
0	161
0	0
16	3922
0	1565
41	3922
0	0
4	94
1	2
12	2
0	2
0	0
0	0
1	356
17	993
0	101
1	601
3	0
0	2
6	92
0	53
1	47
464	306
0	258
0	4
0	258
0	202
4	235
6	47
21	12
0	1422
1	1253
0	148
3	127
0	1182
0	652
0	1027
0	479
0	0
0	0
0	0
0	0
0	0
0	0
0	0
0	0
0	0
0	0
0	0
0	0
0	0
0	0
17	749
13	30
0	20
31	738
3	17
187	897
54	1157
0	1080
0	1029
0	1222
0	1284
278	1301
0	0
6	8
4	1
0	32
0	11
189	319
0	297
0	335
0	339
0	230
2	693
25	708
1	322
0	265
0	223
0	21
34	24
35	258
0	1769
0	1756
2	82
0	1777
0	336
3	321
0	1778
0	1765
4	54
0	111
0	106
0	106
0	105
0	90
0	1
0	0
1	0
0	254
0	666
0	671
0	714
1	399
88	710
0	6
9	276
20	103
8	55
0	0
464	55
4	0
200	1
1988	878
0	825
16	30
1	21
0	0
2	27
0	26
0	26
0	0
0	0
0	0
0	0
0	2
0	2
0	0
9	5
3	5
638	45
0	41
1	2
0	11
0	0
0	11
12	593
1	4
0	469
7	516
0	1
0	561
0	3170
30	6067
1	5109
2	32
46	2695
5	64
37	613
0	170
20	439
0	434
14	65
0	39
0	307
0	5922
577	5219
1	5014
40	2959
1446	1388
19	1387
1	1269
0	147
0	0
0	0
5	55
3	55
0	26
0	24
0	0
0	14
0	4
0	20
0	63
501	564
0	617
7	619
0	431
0	375
1	367
0	75
3	163
11	145
0	169
0	131
0	0
0	3
0	21
0	6
14	1
0	1
3	245
4	185
395	263
0	263
0	140
1	0
959	628
0	55
7	548
0	0
1	0
0	245
0	1
0	1
0	1
0	0
7	1125
23	1184
8	1765
95	518
7	1463
6	1175
1	1451
0	107
0	544
1	509
7	203
28	3022
4	2148
8	725
33	1775
0	64
3	4
5	2034
6	67
0	1497
32	1914
9	392
0	7
3	270
0	0
0	118
5	2041
0	40
3	73
13	62
6	5
0	0
0	0
216	9445
115	415
8	461
21	468
0	494
0	35
0	23
0	1029
0	0
26	2680
104	2677
14	1268
0	10838
0	10150
0	292
1	299
3	4
0	0
23	428
3	28
59	151
6	63
20	265
6	170
0	299
2927	625
4	624
0	0
0	4
0	4
0	608
10	220
32	243
6	38
2	58
4	6739
0	6586
46	1773
2	1
0	6739
0	6591
0	0
1	45
0	45
0	0
2097	5492
4	5397
2	5558
0	5558
0	2345
0	379
5	604
9	467
0	329
0	288
93	130
0	80
0	5541
4068	2
0	0
0	0
0	0
0	0
0	0
0	0
0	0
153	1227
9	465
0	618
25	437
0	0
0	0
97	1
846	0
352	0
0	1
0	0
0	0
0	1
55	762
0	575
1	259
0	40
0	112
1	7319
0	27
0	23
1	24
1	5
0	0
1	2
520	84
4	45
1	2
26	39
1	33
0	33
0	5
1	5
0	3
0	0
0	1643
0	1492
0	1508
5	1132
4	172
0	13
0	1547
0	1487
8	313
30	398
0	263
0	326
24	236
0	131
0	75
0	99
1139	863
13	55
1	79
0	689
0	122
294	1510
1	87
0	60
0	37
6	3
0	1335
198	1644
10	1304
0	488
15	78
104	105
1	7
178	473
11	473
17	1797
0	1684
379	1657
9	576
31	224
12	185
3	30
1	99
2	0
0	0
0	0
8	0
0	0
179	9442
185	41
0	6
253	2680
0	21
1	0
1	21
6	9
2	5
1	6
2	3
0	0
0	0
4	128
0	162
5	175
0	0
2	185
0	70
65	59
12	81
7	41
0	57
0	0
0	0
0	0
3	0
1	272
0	244
7	0
6	266
6	222
17	19
14	120
2	1
0	1
0	0
0	0
4	195
14	197
3	613
49	806
3	548
0	1
24	0
1	33
34	554
2	97
1	0
0	0
2	2
0	2
1	0
4	52
2	46
9	841
46	730
12	170
1	791
0	8
30	235
0	31
0	479
0	6
0	92
0	25
628	398
3	162
17	162
2	127
8	93
72	1231
0	1235
0	691
0	11
0	80
3	426
2	612
10	1115
2	937
0	959
4	0
12	315
0	0
0	0
833	109
1	44
0	60
0	3
37	2301
42	2323
0	0
0	16
0	893
1	0
0	2294
53	913
0	113
8	94
0	585
0	327
0	94
0	32
2	170
0	22
0	84
1771	1180
0	365
0	57
2	816
1	597
0	0
1	192
0	227
2	2
5	2026
0	2721
0	0
1	0
0	0
0	0
82	292
59	402
1	118
4	118
52	96
0	0
2	0
22	0
27	113
0	147
0	78
155	45
83	45
1	10
2035	1
133	9441
127	736
74	1124
0	904
14	904
3	49
35	3370
3	276
0	3177
28	242
0	31
95	3077
19	3090
31	161
0	3
62	15
9	720
3	38
0	827
14	188
1	515
0	140
0	41
225	975
0	61
0	85
0	117
2	33
0	7
0	920
0	0
1	745
1	1530
0	1433
1	0
1991	202
5	200
9949	12
44	2551
135	2551
3	46
0	310
0	74
0	0
0	116
14	118
5	101
5	8
8	55
0	50
0	4
66	26
11	378
0	370
5	389
3	341
4	376
9	317
0	49
2	20
0	90
0	40
5	2
5	13
1	19
0	1
13	16
0	1
0	0
0	0
0	1
0	1
0	0
0	0
368	26
0	0
0	0
0	0
0	0
0	0
0	0
0	0
0	0
0	0
0	0
0	0
0	0
3	43
1750	46
41	81
4	14
908	51
7	20
0	398
354	398
321	201
2	45
8	78
7	98
0	3
0	3
0	5
0	3
0	6
0	1
0	0
0	0
2	1
0	1
0	0
0	1
263	33
12	0
0	0
0	0
0	0
1	0
0	3
3	3
0	64
0	64
0	64
0	2
0	0
81	91
0	102
1	75
1	0
64	31
0	26
0	6
0	33
5055	1
22	0
0	396
0	7
0	385
2	5
0	361
0	318
0	4
0	1
0	317
0	331
6	13
323	0
1	0
0	31
365	310
5	21
0	70
0	140
0	7
0	167
1	68
0	626
64	171
0	17
0	83
0	47
155	626
209	0
27	1903
279	1961
1	116
4	123
1	71
0	0
5	1134
0	1303
0	1582
23	1116
0	216
14	658
3	1124
2	4
0	0
2	105
10	49
457	11777
10	178
89	896
15	2953
0	663
97	663
2	24
0	142
0	50
0	45
0	662
0	4
0	4
0	0
507	1
63	415
58	59
1	0
0	88
3	84
1	7
8	373
1	2
0	2
3	10
0	25
11	92
0	118
5	127
1	38
0	763
0	713
37	199
27	45
57	678
33	720
0	0
0	0
1	121
3	118
3	124
9	105
0	1
6	449
8	112
2	376
0	6
1	69
2	312
0	645
78	645
0	0
0	0
0	0
5	106
1	110
24	586
919	589
14	54
45	0
10	40
17	170
34	168
681	374
32	374
3	764
4	781
16	111
6	28
5	441
0	513
0	4
0	12
2	27
0	23
3	36
0	25
2	38
0	0
97	0
0	0
11	7
3	7
0	0
210	3997
60	3993
1	170
5	185
0	30
5	257
2	261
2	126
0	142
66	455
7	453
0	429
0	41
0	1
0	2
0	2
0	115
783	707
2	12
0	342
75	669
0	1
2	44
7	5
1	18
6	0
6	39
3623	0
112	458
0	2591
0	2388
4	2164
174	2140
24	2
1	330
0	14
4	213
0	249
0	247
1	207
0	69
0	2042
3	0
0	0
170	19
0	19
84	404
1	0
0	1
0	404
3	12
5	0
0	47
0	0
1	0
1772	2
88	3
7	1
0	0
0	0
0	0
418	0
3	18
0	298
0	372
0	14
0	3
3	18
1	72
13	205
0	3
0	12
1	0
0	5
1	60
0	0
4	52
1	53
1	178
0	0
10	176
0	2
0	128
2	154
0	109
0	15
1	8
2	153
168	223
0	250
1880	0
8	20
26	119
133	129
1	18
17	40
1	25
0	2
2	16
50	16
40	63
17	63
5	4
1	0
0	1
21	12
0	12
0	4
309	9452
76	2684
28	2810
1	124
0	2063
4	1
12	281
56	3365
5	3313
2	166
6	117
0	145
0	1008
1	1010
0	1
1	1
1	106
2	53
6	3132
0	152
1	146
0	1
3	3095
2	0
8	0
0	24
0	309
2	150
0	0
0	0
113	1160
0	1061
24	640
0	995
32	1598
69	1508
0	1032
79	120
2	61
0	0
63	3
82	875
13	1840
763	1900
1237	1939
9	1831
13	1876
6	46
0	35
0	8
0	7
1070	1
0	177
604	177
0	100
0	17
753	711
0	657
0	0
0	0
19	251
0	208
0	19
0	40
1	82
980	0
3	0
2	680
1452	1821
1	217
3	114
5	1190
7	1714
1046	2681
36	240
0	240
4894	1167
0	168
1	772
0	226
0	1
0	0
0	0
0	0
0	0
0	0
0	0
0	0
0	0
0	0
0	0
20	0
0	0
163	396
29	141
0	370
21	269
0	272
17	207
0	36
0	48
0	13
0	16
0	0
6	136
23	2941
1	25
6	2053
1	19
41	2396
13	1160
18	537
0	520
101	513
15	8
2	728
0	0
24	1
0	0
74	0
2	0
0	462
0	22
52	2482
506	2339
350	2474
3	136
1	2035
2	295
25	7
11	7
186	0
1	0
0	0
0	0
0	0
5	608
0	14
26	495
5	466
0	458
0	281
0	524
0	398
6	375
10	394
0	36
0	447
0	261
0	0
56	386
16	618
210	0
2669	9367
13	0
1	1587
16	5072
4	6803
224	0
64	0
140	1733
0	1534
2	1445
0	966
13	826
4	0
72	92
4	15
2	109
95	4
3	260
40	5149
439	2892
15	310
0	4752
0	2778
1	1908
0	0
0	0
0	0
0	1
0	1
0	0
0	0
0	0
0	0
398	2
2	1
125	11
0	11
8	323
7	756
1	569
0	835
0	235
0	443
19	411
4	347
97	165
0	1
3760	1477
0	1474
13	87
0	75
0	72
0	7
1558	4600
1	2009
0	1941
20	3985
14	1037
13	944
5	224
0	204
38	90
2	34
540	211
1	1619
55	1552
1	241
2	1516
30	190
0	90
1	6
0	7
0	0
0	0
0	0
0	0
0	0
0	0
0	0
4	2
70	3628
284	1947
149	1972
1	2066
33	1990
35	3888
0	1703
1	1005
9	1462
0	1331
7	442
7	752
0	122
0	133
43	987
0	1584
0	2117
61	0
0	0
0	0
0	0
0	0
0	0
0	0
0	0
3	511
373	1316
1	389
5	73
1	221
0	0
0	125
0	46
1	2
0	2
101	2685
48	0
0	0
52	34
0	32
0	22
0	2
0	0
6	291
531	887
3	887
13	214
7	1478
3	1546
18	1596
0	1633
0	1127
1	535
0	435
0	598
0	605
1	671
0	590
0	663
1	661
0	0
0	59
4	62
0	0
3	0
1	0
0	666
0	590
0	1246
269	1493
13	76
0	226
0	223
4	15
40	1
0	0
0	1
0	20
4	20
17	29
450	784
1	791
20	47
0	7
12	9532
2	91
94	11
27	193
2	193
0	53
1	1
0	2
0	110
2	116
0	2801
0	1930
1	166
1	7
0	5
0	0
0	2
111	0
0	0
0	0
3318	165
0	71
3	162
8	13
0	0
161	1036
0	1038
0	80
0	47
1	454
0	23
0	16
0	46
102	16
0	16
116	47
0	44
7	3
0	0
2	2
0	33
0	13
0	21
1	33
11	33
0	47
1	24
0	30
5	29
0	47
0	1414
62	1414
2	19
0	25
1	15
200	41
0	8
0	38
0	19
0	52
270	0
491	0
249	128
0	117
0	470
17	337
0	264
67	269
0	466
166	5183
184	4919
37	4789
38	4948
16	174
4	73
9	182
148	150
7	129
0	132
3	118
0	19
0	0
41	9778
2	332
0	101
0	101
13	101
0	0
0	0
5	54
0	2
2	52
0	51
186	49
0	19
0	30
83	13517
0	2233
2	1070
0	1232
4	1254
7	867
1	236
0	2
1	0
0	7
0	1
0	2
0	13487
0	13477
0	1
273	275
1	1
0	174
0	101
2198	1127
0	124
3	82
26	743
4	331
0	278
8	151
49	80
0	50
0	20
0	8
0	26
353	147
0	7
0	146
303	0
1	0
0	0
3357	515
0	118
1	189
0	169
0	45
0	17
0	0
0	0
0	0
6	146
4	49
53	488
45	325
0	443
10	6
184	283
0	202
17	114
5	46
2	46
15	0
21	4433
0	284
16	4497
0	4117
11	4223
13	199
0	74
13	1766
4	86
37	203
22	327
55	82
0	0
286	2670
0	2177
0	13
9	381
0	14
60	501
24	1
390	88
1	88
0	0
222	281
0	0
150	0
11	81
0	75
6	36
0	83
1	15
0	49
0	0
0	10
0	0
0	75
4	412
3	708
0	805
4	15
7	37
0	18
0	35
4	15
5	12
1	874
0	412
150	9456
2	174
0	63
120	47
0	7
0	13
0	8
0	13
0	5
1	4
0	5
1	8
0	3317
0	3452
0	3185
22	2801
4	2973
0	2016
22	2023
5	625
1	54
1159	3169
0	2999
0	42
10	5
4	2
3	0
0	341
2	258
22	174
3	118
0	0
0	0
61	1
1408	295
0	295
37	28
977	919
21	920
0	573
0	533
1	0
16	74
13	13543
307	5038
0	7176
48	13617
596	11177
0	0
4	4
0	1
0	3
0	1
0	0
0	0
2	1
0	62
0	62
0	78
0	75
0	83
0	25
0	25
0	35
0	21
0	5
0	1
1	0
0	0
0	1
1	0
0	0
158	4
5	4
435	920
66	902
0	18
0	0
0	0
0	0
0	1
0	1
0	0
0	0
0	0
0	0
0	0
33	2002
0	1076
0	927
6	1264
58	756
2	54
0	342
0	559
2	10
0	274
0	248
17	4
0	4
4	778
1	385
0	629
0	778
0	778
1	587
1	615
0	819
7	608
8	590
1	587
2	679
0	294
11	351
7	1
0	0
365	1
9	1321
4	923
1	1047
0	1226
1845	68
20	65
2	0
0	37
12	54
1	99
0	0
0	89
0	70
0	24
1	21
0	5
0	3
1	27
0	0
0	14
2	14
0	5
0	12
0	1
0	1
1	0
257	1
2362	5
156	9448
52	134
0	124
0	133
0	0
1	0
0	0
0	20
0	16
0	0
0	19
0	19
0	19
0	10
0	17
0	0
0	1
2	90
0	7
22	103
0	3
0	6
0	0
1	1
0	5
3	0
754	2
0	1
0	1
1014	3
56	2
0	0
0	0
96	3830
4	3621
36	3238
0	280
5	125
0	98
1	462
0	32
0	147
0	14
0	13
1	14
51	31
1	31
0	0
0	0
1	15
341	555
0	515
0	0
0	40
0	6
0	0
12	32
0	0
46	120
266	0
0	0
0	0
1	0
5	101
670	2
155	1199
14	533
54	623
1	829
1	1
0	0
42	80
0	28
268	1084
0	0
44	9771
0	324
313	264
0	89
0	37
1	10
414	3917
208	3583
1	1655
250	0
0	0
0	0
105	2372
0	635
0	306
0	2082
0	959
0	0
17	0
264	9689
1	80
0	0
14	866
0	779
2	335
0	352
2	283
4	25
0	62
3	9
16	0
159	427
0	0
0	103
6	328
0	47
37	47
6	47
0	0
1	4
0	13
0	0
3	360
28	395
57	346
0	16
0	17
106	9581
2	153
3	0
0	0
1	0
0	0
2	0
36	1764
8	1650
78	198
8	158
10	446
1	150
10	412
13	35
0	7
64	1787
212	0
552	358
2	307
18	357
2	60
4	0
16	88
0	80
8	88
0	4
4603	2
405	283
2	198
4	153
1	7
0	11
2	182
4	184
0	10
7	1
2	188
0	0
0	0
0	0
0	1
1	1
0	1
0	150
6	69
4	2
0	134
1	67
0	136
0	111
1	5
0	0
0	20
1181	1
0	0
0	0
0	0
0	0
294	1106
3	1034
98	826
1	323
0	762
14	111
94	64
9	89
3	75
0	861
8	3210
884	2848
2	1512
1	2329
0	0
0	0
0	0
0	0
13	788
378	1258
21	352
4	24
0	52
0	26
19	35
2	1
0	106
36	201
0	140
0	140
0	71
0	3
0	0
1	1
1729	177
96	176
0	2
0	0
1	224
79	411
5	255
0	22
1	341
0	0
0	0
0	0
0	0
101	2680
0	0
0	0
1	84
0	196
0	0
2	131
0	1
4	109
3	456
11	146
2	3
12	81
4	1
7	164
0	41
0	389
0	4
0	4
0	1
97	1
2	3108
0	95
7	483
0	83
3	2488
19	802
7	2765
1	16
0	57
59	914
10	14
0	1809
7	1770
0	1635
4	1191
30	995
0	1308
0	83
4	541
22	20
11	31
0	50
17	173
4	0
1061	4921
0	4
0	4922
0	4913
0	50
5	4930
4363	166
0	21
0	142
0	1
0	1
133	105
3	40
155	74
261	0
0	0
0	0
1	120
6	9569
130	1729
1	1721
0	40
8	312
0	10
3	64
4	85
0	0
0	0
0	0
0	0
0	0
107	0
258	9452
2	191
3	24
10	2034
645	2522
1	137
0	8
0	191
5	3
12	408
0	0
0	0
5	121
5	121
0	0
0	59
0	202
1	171
4	29
0	26
0	23
0	0
7	40
0	37
0	37
0	4
0	0
0	0
0	0
0	28
41	122
2	35
0	92
1	5
0	30
0	11
3	38
0	224
108	231
0	19
0	20
5	98
10	70
13	43
84	926
8	930
15	324
25	68
3	19
4	257
0	9
42	30
1	25
0	4
0	85
0	0
2	2
0	166
0	56
0	1610
0	1108
45	1605
0	0
0	111
18	215
0	127
5	0
2	63
3	83
22	154
0	132
0	36
2	171
29	4260
24	1783
0	0
1	4221
0	4110
434	1854
417	19
0	13
1	5
0	0
0	732
1	964
0	1054
3	946
0	990
0	590
2	239
51	565
2	384
0	76
0	228
0	212
5	22
0	17
0	36
1	0
0	0
0	12
0	41
2	10
0	561
40	3856
9	2007
0	3557
21	2703
0	98
13	365
275	496
3	120
9	348
4	98
5	179
0	24
2	365
0	91
0	67
10	10
191	0
2	663
8	64
2	345
0	680
0	622
0	1
4	80
2	1
0	0
0	0
0	0
0	0
0	0
0	0
0	0
6	1266
327	1291
14	908
13	708
2	31
31	19
660	2350
36	1664
4	1042
10	409
10	1458
3	550
0	258
0	501
148	16
30	402
271	402
2	2746
0	1879
0	1774
0	0
0	0
0	0
0	0
0	0
0	0
0	0
57	391
21	402
0	98
0	169
0	90
0	46
263	9442
0	0
102	2680
0	0
0	0
32	772
2	9
0	623
4	583
0	743
1	634
1	35
0	604
0	0
0	0
500	381
9	299
8	277
1	253
0	173
4	170
0	109
0	0
0	0
2	3897
3496	3982
0	1608
39	3449
7	11
7	453
0	13
2	13
720	356
11	355
25	2
14	9538
1	255
1	319
0	291
0	277
0	43
4	9
4	9
0	0
0	0
0	0
0	0
0	0
76	9436
2	141
41	229
10	30
28	35
93	2678
2736	3294
15	767
0	0
0	0
40	644
0	86
2	582
2	103
0	92
0	38
0	43
0	4
0	21
0	16
6	0
19	1443
8	1605
2	1275
36	60
2	287
0	2
15	2
0	1
50	444
2	338
1	263
0	395
5	80
0	131
1	35
0	0
80	390
0	221
31	120
13	610
34	417
0	79
0	79
0	183
1	22
0	0
0	0
0	964
0	21
40	930
0	944
22	0
57	149
2	91
40	311
3	688
24	687
30	696
6	541
22	45
0	366
0	356
11	8
6	0
0	133
0	9
1	11
6	5
0	28
1	1
103	978
222	978
418	88
1	5
5	8
0	75
1475	536
5	234
0	432
68	2266
71	2268
1	10
13	414
29	13
4	45
13	65
1	28
7	236
3	236
10	149
20	52
11	24
21	9568
2	118
218	0
1049	178
0	177
313	0
534	1
5	0
0	0
9	9535
0	95
9	2
886	262
0	203
11	172
16	135
23	9
0	366
22	366
0	366
231	0
56	154
4	1
0	134
22	106
0	11
0	0
21	94
0	8
1	31
23	61
1	48
0	11
23	24
0	0
0	0
12	0
0	0
0	0
0	0
86	9869
0	9452
4	422
517	2
3484	136
13	21
7	12
0	98
1478	1
0	37
38	566
17	168
0	438
7	555
0	0
0	0
0	0
0	4
0	4
0	0
0	0
0	79
0	93
1	83
0	93
1	0
3	3
0	0
0	0
0	0
0	3
29	749
179	3559
0	4299
0	1223
50	4422
1	161
0	143
13	1266
0	1291
1	221
0	99
6	299
1	84
0	641
0	0
0	1040
0	11
2	569
0	676
0	0
0	7
0	28
3	6
3	649
0	89
15	121
1	5
996	380
21	54
0	6
0	1
0	0
0	28
0	17
0	4
0	1
379	0
0	0
0	0
778	2249
16	60
0	104
0	51
3	54
0	3
14	10
0	18
5	31
8	2055
0	0
0	0
0	0
6	0
2	17
168	1746
0	1598
7	227
22	1594
15	987
0	2
1	8
0	6
0	8
0	2
0	2
0	2
14	2
50	6434
6	1007
207	6329
0	139
11	679
0	677
7	933
9	413
4	0
0	307
2	52
0	1282
600	29
0	29
3	268
0	106
2	0
1	223
0	373
0	2
0	1
1	2
1	2
1188	2
79	433
1	255
5	38
7	258
5	0
0	0
0	0
18	0
0	49
434	770
0	733
42	22
0	219
2	456
5	243
0	357
82	67
28	429
4	4290
3	25
0	68
0	28
127	986
0	4585
0	709
28	8
0	8
12	1107
25	1565
0	1612
40	636
0	124
17	322
40	540
23	233
5	60
1	212
4	83
0	7
5	101
44	78
0	76
0	71
0	6
0	5
2962	1037
719	1033
9	0
1	6444
0	6133
4	954
0	121
1	71
32	5742
13	1674
0	5943
0	5742
105	691
5	47
46	467
0	5
4	378
0	6128
0	6238
96	4
21	3
0	157
4	1197
5	428
7	155
0	127
0	149
36	401
0	230
0	1195
652	125
7	0
3	59
8	16
3	8
6	4
2327	756
0	335
0	420
6	223
0	9106
19177	9403
19	342
73	344
2	55
3	1
0	1
0	1
4	1
46	1872
56	1966
9	102
2	412
0	65
1	322
2	156
0	47
22	467
4	35
8	314
0	0
0	0
0	0
364	43
3	42
8	29
3562	871
72	867
3	66
0	0
0	0
5	0
0	0
0	0
0	0
0	775
9	483
3	673
1	7
0	56
4	4
7	0
0	774
0	0
468	71
0	70
1	0
0	0
0	0
0	0
1	314
172	5708
70	4719
6	5171
0	4433
0	290
29	0
33	13
0	11
0	13
0	0
238	373
4	15
1	14
218	245
3	343
0	8
1	957
19	66
2	8
1	356
1	0
0	212
31	1
0	18
0	957
57	518
1	4
77	518
0	18
1	1266
0	1278
0	411
0	635
0	579
0	555
2	558
0	13
2	25
0	26
0	9
11	41
0	19
0	30
0	28
0	10
0	1
8	4
0	0
0	5
0	1
1	0
0	1269
441	252
4	235
1	52
3	25
0	12
177	18
1	11
0	11
0	0
0	5
0	13
23	662
71	662
0	0
0	31
3	0
2	0
24	0
178	308
74	308
0	1
0	1
0	0
1344	1
0	0
55	81
2	94
861	0
6	0
9	817
85	612
3	186
40	11
0	494
18	710
0	464
0	155
0	159
3873	2
0	3
5	1487
25	1151
104	1492
5	49
0	12
1	9
0	6
11	75
0	0
0	2
0	0
0	3
1	2
0	0
3	72
31	161
0	161
1852	386
4	1
1	1
0	1
1193	424
7	423
475	4558
1	4544
1	109
4	77
6	36
4	4
15	1497
0	16
0	20
0	9
0	0
293	66
0	66
3	1
29	34
0	26
27	2
0	11
13	82
540	1751
10	163
0	343
2	1222
27	7
0	2840
18	1375
32	0
21	353
0	381
0	490
2	18
2	0
4	2052
7	4
0	305
2	0
2	20
13	25
486	236
8	259
2	34
352	0
18	770
63	771
6	540
102	912
37	926
87	158
2	866
1	622
123	747
0	44
4	87
5	0
41	1
7	37
56	0
1593	216
0	55
6	160
18	2592
0	3734
0	98
16	50
13	3
0	3703
229	4881
1	4659
11	2433
0	1525
0	1525
0	1515
0	1381
7	59
1	58
3	4737
5	955
0	705
0	376
14	34
0	117
3	555
5	2
65	8
2	24
0	43
3	4
1	3
0	653
0	696
307	683
3	663
0	173
9	4710
50	6102
0	856
0	725
0	345
0	5931
64	3337
0	3466
22	3491
2	2966
1	2256
0	1304
0	472
15	759
0	3
0	0
0	4
459	1686
3	1047
0	162
0	0
27	942
0	92
55	0
1	0
44	0
0	0
2735	682
0	114
28	427
1	391
8	62
0	62
18	62
3	658
0	269
0	20
4	5
0	660
0	0
0	0
1	379
0	322
8	349
2	10
1	19
0	379
0	299
5	0
8	706
19	711
87	2
9	704
1	560
0	16
637	1722
12	100
36	1596
0	317
4	36
0	396
0	35
11	309
49	23
5	85
0	71
0	54
1	72
0	1
0	71
5	2074
0	0
0	0
5	431
17	344
1	95
2	25
5	1
0	554
10	184
0	513
0	1989
0	1886
0	1962
55	1929
29	2127
514	391
0	391
0	0
1	9
0	0
0	4
0	367
1	4
0	0
0	0
0	0
0	0
0	362
0	0
0	0
0	0
1	7
0	0
0	4
0	1
0	393
0	352
3	158
8	95
4	146
0	160
2	162
3	108
3	5
1	9
0	3
0	1
0	0
0	0
4	9
0	11
0	28
0	45
1	0
0	31
0	42
10	31
9	0
0	0
74	1211
1	1202
7	1216
23	461
1	7
0	2
0	628
21	417
0	748
0	7
0	40
0	202
5	69
1	1151
2	1156
505	966
0	965
0	0
0	5
133	105
15	25
0	80
0	0
0	0
0	0
6	0
0	0
0	0
0	0
0	0
0	0
4170	10
145	7
7	0
1368	34
0	24
0	0
31	532
125	656
161	467
6	131
160	937
31	937
468	235
18	235
3	71
1775	71
0	143
1	138
21	301
0	26
0	289
3	0
1	19
5	1076
0	12
0	193
2	183
82	1066
0	219
0	74
14	136
5	55
8	66
325	1962
19	89
5	1887
50	47
0	36
2	13
2	2
81	272
6	204
0	1
0	303
2	27
0	307
0	0
345	0
0	34
192	34
181	0
0	927
0	975
8	801
1	8
170	352
0	77
0	0
3	27
0	977
3	810
18	810
64	823
8	149
1	0
6	0
7	16
689	0
0	13
2	5
12	6
0	0
0	5
0	5
0	3
44	225
0	4
17	0
0	225
0	0
0	0
0	0
98	2510
4	4
107	6
0	2508
517	228
0	32
0	195
0	113
2	1
0	2
24	591
0	162
0	0
0	590
4	66
9	670
928	841
0	79
6	10
7	29
0	114
0	73
180	45
32	44
0	400
12	6
166	409
0	400
15	124
0	753
9	138
0	22
14	345
1	624
0	753
2	17
3	0
0	0
0	0
0	0
0	0
0	0
0	0
0	0
0	0
0	0
0	1821
0	1
0	1
0	94
0	82
0	92
0	7
0	85
2	74
0	0
0	3
0	5
0	11
0	0
0	0
1	1
36	253
10	253
7	37
4	31
1	9
0	980
0	1221
0	638
0	18
8	68
5	1
0	1167
435	1221
15	125
0	96
0	50
704	0
0	0
0	824
2	1398
85	456
71	1381
14	1343
2	452
1	23
0	201
0	204
9	124
3	6
0	87
11	117
0	119
9	21
2	117
0	1
0	0
0	0
0	642
108	710
0	8
0	43
0	7
4721	1
599	785
3	149
0	51
0	636
96	540
2	205
0	145
2	55
32	99
0	2
0	1
14	1191
0	458
0	1
0	0
0	1
0	0
0	1
0	1
0	0
0	0
0	0
26	755
808	1930
12	35
1	221
28	1258
0	0
0	0
22	103
5052	3841
16	3224
28	623
79	1257
47	1362
0	1278
0	64
6	26
12	206
1	801
0	168
53	239
0	224
0	174
3	5
2	5
0	0
2	1090
2	96
0	715
1	389
0	38
0	61
0	126
1	1
0	2
0	2
0	1098
0	853
0	1134
2375	2301
18	2003
74	1315
40	1904
11	900
0	26
16	118
0	59
3	25
0	3
4	58
3	57
0	1
2	48
0	3103
259	3103
26	8606
40	10388
28	11065
12	10998
0	11807
0	11244
2	1688
34	8208
55	7784
1	117
2	610
26	56
5	56
91	22
23	7
3	749
0	531
162	80
1	566
0	11083
0	11389
0	0
7	1
0	1
0	0
0	0
5	4
3	147
0	4
5	9
1488	157
3	3
0	2
0	3
0	0
0	0
0	0
0	0
14	112
271	240
4	0
0	41
0	58
0	70
0	0
0	3
128	1661
0	219
2	502
2	197
85	1603
0	12
0	90
2	309
0	244
0	244
0	229
65	320
23	1268
12	1294
7	1236
0	1209
3	1199
0	1241
0	170
0	1023
0	980
1	18
12	8
1	111
0	43
1	105
9	0
1	12
5	49
0	0
0	0
0	0
0	1
0	0
0	0
0	1
11	0
0	0
0	0
50	2
0	1
0	2
383	0
2	0
1	0
0	0
0	407
0	387
5	372
0	343
8	370
9	27
2	0
2	5
0	0
0	5
0	1330
0	0
0	5
30	354
0	1364
0	0
2	16
0	794
7	1036
0	279
0	0
0	0
35	909
8	909
0	45
0	909
0	909
94	364
10	286
3	107
1	7
26	0
2	64
1	9
0	63
0	80
263	1653
2	1575
2	0
0	0
13	47
33	47
22	10
0	10
0	0
0	1
77	1176
0	442
0	1
0	1
0	1
0	0
0	0
0	1
326	0
12	7
4	39
0	39
2	6
1	3
0	2
0	0
0	1
0	1
7	0
1532	836
33	580
0	185
1	81
304	627
3	205
12	429
18	81
0	54
85	324
6	208
0	48
25	180
11	0
15	102
4	39
6	4
172	119
0	115
9	2
7	0
0	4
8	474
11	475
3	6
0	563
0	45
2	18
3	576
0	563
18	593
0	675
34	683
7	263
5	429
0	0
1	5
3	0
0	0
0	0
0	0
0	0
0	0
0	0
0	0
0	0
0	0
0	0
0	0
0	0
28	61
22	139
0	18
12	0
0	0
0	454
46	456
1	18
3	54
0	0
0	3
0	25
0	3
0	3
0	3
0	3
0	25
0	25
0	1
0	0
23	3175
0	2129
0	1569
0	0
0	1048
0	20
0	139
0	380
1	338
12	338
0	41
0	50
2	14
21	674
0	645
0	570
19	79
0	29
0	12
0	100
0	64
0	6
0	47
0	171
1	28
3	14
1	14
0	1
0	0
0	0
0	0
624	372
0	389
0	388
0	0
116	1071
0	878
0	164
2	733
2	62
4	460
2	609
16	1060
43	632
4	194
0	5
0	632
1	0
0	0
0	0
0	0
0	0
0	0
0	0
0	0
0	0
10	0
0	0
13	42
2	42
0	0
582	1673
0	220
158	1522
1	53
7	510
13	510
0	16
0	37
0	3
4	0
286	115
2	38
32	78
0	0
0	0
0	31
0	31
0	0
0	13
0	12
0	1
1549	1034
3	1
8	9
0	22
0	0
0	8
0	0
1	8
0	0
0	317
215	405
7	342
1	0
6364	6
15791	539
95	528
3	0
1	0
0	10
0	10
0	0
0	0
97	101
2	93
5	8
287	673
0	356
14	78
3	54
3	219
988	1039
2	19
0	17
36	177
63	2026
2	1
130	2025
2	4
0	12
1	2
4	0
0	0
0	67
3	67
1	48
0	8
0	8
2	3
0	0
219	15
0	15
0	0
97	117
0	117
3	1040
4	1171
977	1135
0	301
5	63
2	44
1	19
0	0
0	0
0	2
0	0
0	0
0	2
0	2
0	2
16	140
0	62
922	1
1402	3537
256	3536
1	0
0	0
5	0
0	0
0	4
0	4
0	0
0	0
0	0
0	0
0	0
0	0
0	0
0	0
21	301
2	1
4	29
3	298
4	45
0	48
0	55
1	26
2	37
0	46
7	0
0	0
0	0
24	387
8	282
0	59
0	130
10	47
13	53
11	4
0	23
6	248
0	313
5	0
0	0
0	1390
11	1900
2	2254
0	1683
1	1544
19	12
5	639
14	481
0	69
0	5
0	3
0	682
1	206
0	254
25	150
2	0
1	0
0	34
62	846
0	940
0	2
0	946
153	9816
38	9490
36	5914
4	398
2	6
0	2
0	6
0	0
0	0
0	0
0	0
0	0
0	7
0	7
0	11
1	5
7	3
3	3
48	11
0	11
47	1361
27	1361
13	2
0	2
4	24
0	24
0	3
0	0
5	3
3	3
0	3
2	3
1	0
0	0
2	0
0	0
3846	257
0	254
21	256
0	167
0	0
1	0
0	0
0	256
26	4
1	2
0	4
5	25
2	25
0	18
0	3
5	52
2	52
0	47
4	0
0	60
498	474
0	396
0	783
0	948
2	401
2	146
3	150
2	528
1841	525
245	1205
57	503
3	1041
0	575
19	403
43	981
1	953
1334	377
0	147
1	64
19	89
5	12
243	12
27	628
934	694
0	576
18	547
1	1
14	139
23	139
2	139
13	262
1	138
0	202
0	58
0	8
2	1
0	220
26	1
670	2
0	0
13	1
49	235
0	19
0	10
0	235
120	1086
6	1086
1	100
0	7
3	53
224	146
0	19
0	121
1	109
3	0
0	21
1	0
0	0
0	0
55	2689
28	2755
64	2485
0	0
0	0
0	6
2	6
6	165
6	157
2	114
64	163
0	102
4	6
0	0
0	29
0	148
14	462
8	459
0	458
0	461
0	457
0	457
0	457
4	874
0	997
0	133
0	160
4	310
2	124
0	190
45	5217
388	5216
1896	4052
4	316
1	318
35	998
104	1098
15	991
9	504
2	694
1	510
0	0
0	15
0	10
0	4
2	15
2	27
0	15
0	10
36	0
0	1
0	548
0	569
0	511
2	7
18	50
12	36
3	51
3	28
1	66
1	100
3	49
0	548
71	606
2	34
38	1269
5	7
2	5
11	12
3	95
0	0
42	1288
0	17
0	623
27	318
0	50
0	93
0	79
0	0
7	0
0	7
0	8
0	7
0	5
0	0
1	0
734	202
2	202
6	142
5	279
23	236
3	5
4	163
7	17
0	260
4	275
0	221
5	265
0	226
0	13
0	266
4	10
8	10
174	771
1	694
0	787
0	829
0	677
2	143
0	37
0	1
4	51
115	51
10	25
0	55
110	62
1	39
0	0
0	0
0	0
0	0
0	0
0	0
0	0
0	0
0	0
0	0
0	276
62	276
497	640
11	653
0	92
0	26
6	10
5	1
0	13
0	6
5053	4573
0	537
0	1792
1	4543
3	0
202	96
3	95
0	0
0	0
0	0
0	0
0	0
0	0
0	0
6090	3
131	0
66	192
35	193
0	0
0	187
13	1
0	1
306	0
74	675
0	475
35	685
6	14
0	12
0	0
0	0
24	777
7	777
0	0
138	344
35	162
53	3
266	184
0	0
0	0
0	0
3	252
17	252
13	248
5729	702
3	699
6	23
21	23
0	23
852	352
15	218
0	92
15	3920
21	633
25	1190
7	130
3	260
3	3433
0	3
182	3337
42	177
62	508
214	309
84	375
3	1308
2	112
2	111
1	15
3	28
0	74
0	0
0	1308
0	0
0	0
0	0
0	0
0	0
0	0
0	0
0	0
0	5
0	0
0	0
0	5
10	281
3	255
10	78
4	52
0	274
1	167
0	29
0	114
0	42
0	0
0	83
0	7
6	120
0	113
0	0
7	1
6	60
3	1
0	21
10	21
0	9
20	921
19	897
1	23
1	3
29	18
2	20
0	150
1	5
0	622
1	0
0	0
0	0
0	0
0	0
0	38
37	38
1	301
0	35
2	303
72	4015
58	2583
5	3575
29	4041
0	3423
3	15
277	2772
0	670
0	4
6	87
0	3
9	9
0	199
6	41
0	4176
22	825
3	705
1	133
36	22
13	193
0	113
0	85
1	94
2	75
0	39
0	94
3620	874
59	870
1	850
10	753
27	463
1	741
1	569
19	71
0	643
45	662
24	597
3	17
0	639
2358	279
68	278
17	2335
0	839
24	1625
5	10
1	803
9	0
0	80
1	352
3	228
1	27
0	2150
61	2827
16	2121
4	1835
8	2190
58	2136
166	2153
1	730
0	290
0	83
0	96
0	117
0	0
11	0
3	113
6	106
0	2340
234	0
11	54
9	538
0	658
2	269
69	612
515	322
4	27
19	282
0	195
43	291
4	34
0	23
4	19
6	116
0	1
0	0
0	0
0	1
0	0
0	1
0	0
0	0
0	0
0	0
108	0
0	2
0	0
0	2
0	0
0	0
0	0
1	2
0	0
1	0
0	23
0	23
5	82
4	106
7	24
432	1
0	1
0	0
0	191
0	16
0	8
0	8
4	201
0	8
0	30
0	0
0	1
322	551
69	132
0	5
0	116
0	128
0	330
39	743
65	832
1	146
1	138
6	53
713	1459
29	1441
0	18
1194	286
0	220
4	76
194	76
0	11
2	17
0	11
4	36
95	168
0	143
0	83
0	66
3	24
1	0
2	27
0	0
4	0
0	0
269	0
0	0
0	0
16	38
0	42
0	20
0	22
3	2
0	2
0	0
0	0
1359	1740
0	384
3	35
4	327
12	0
0	3
3	1357
10	0
0	0
4	28
0	24
0	18
0	24
0	24
0	5
0	316
64	406
0	364
0	128
1	59
0	0
5	43
0	0
0	43
2	0
55	1944
167	1434
0	1412
5	1506
0	939
0	678
5	0
0	1848
0	328
4	288
0	187
1	94
9	13
3	7
0	7
0	8
0	3
0	0
0	0
8	265
6	247
2	22
10	25
1	3
2	1580
251	1370
0	1566
413	0
1	12
0	0
0	0
38	0
49	39
0	2
44	1296
0	1023
87	654
8	624
0	637
11	318
0	1356
484	5
0	0
1	3
1	1570
0	0
0	5
2492	3889
902	2317
0	1589
2	9
19	0
0	1
0	0
0	0
8763	2228
13	538
15	1402
35	989
229	395
0	260
0	120
0	127
0	207
12	280
0	0
0	127
21	4
0	0
0	0
0	0
0	0
396	2
0	0
0	0
0	1999
203	1985
0	1921
0	153
22	17
71	753
2	10
7	10
0	2
3	44
3	18
0	0
0	0
0	0
0	0
0	5
0	5
17	2912
5	492
3	356
138	567
2	0
7	2779
5	504
71	18
0	0
4	0
0	0
9	21
1	122
0	83
0	0
0	116
1	0
0	2
73	3762
15	3680
0	3479
8	163
183	1746
19	76
31	88
0	15
0	129
27	351
2	109
4	39
4	55
11	60
0	0
0	26
0	34
0	3827
0	0
796	974
2	972
5	84
13	43
1	19
3	3
0	0
0	37
47	2812
7	29
2	84
14	2768
0	3
6	2462
0	2770
5	2768
13	157
6	124
1	37
0	0
1	0
12	4
0	17
1	4
796	1063
2	316
14	410
22	222
4	22
5	190
2	167
26	358
2	277
1	1
0	0
0	1
0	0
0	0
0	0
0	0
0	0
0	0
0	0
0	0
0	0
0	0
0	0
47	112
6	112
0	0
0	2
3	2
0	2
0	2
5	41
23	41
21	15
0	5
2	699
0	112
2	126
2	126
0	334
0	83
29	388
0	255
1	344
0	254
10	13
9	13
48	287
3	99
0	269
17	41
1	0
6	0
0	695
862	775
5	775
0	0
0	0
0	0
0	0
0	0
0	0
43	301
0	301
0	234
79	4
22	198
106	289
1	153
10	41
30	22
4	27
90	39
12	4
47	1646
40	1646
7	45
0	0
0	0
0	0
0	0
2	0
0	0
2210	98
0	0
3	35
26	61
8	192
388	192
1989	1962
9	1961
0	6
10	673
7	256
3	108
3	17
6	142
21	138
19	134
3	2
3	7
2	14
0	13
15	599
23	768
19	679
18	543
2	768
4	46
1	0
4	71
0	30
52	154
1	7
16	133
0	114
522	184
0	62
0	36
3	94
0	277
0	216
163	282
0	238
0	171
0	140
7	12
1	0
0	928
5	325
5	681
0	0
7	81
1	468
0	458
0	0
6	887
510	976
0	444
0	412
0	3100
0	2813
22	2652
28	668
4	57
7	166
13	10
4	997
0	51
14	51
1	0
9	27
24	341
0	2125
85	2581
52	2375
0	2897
68	2711
5	19
0	201
41	2424
6	3
1	327
3	1781
12	186
0	2421
0	18
11	23
2	23
2	217
141	873
3	38
0	43
0	873
274	195
0	182
5	36
0	54
0	0
210	4020
0	4029
65	4050
4	0
14	179
0	31
0	0
51	90
1	0
1	90
3	0
1	0
252	2103
0	1480
0	228
6	295
779	908
0	6
0	241
0	9
27	179
0	114
1	7
6	213
0	10
6	25
6	27
0	10
0	0
0	0
146	81
0	56
7	120
13	65
0	87
0	65
2	0
0	0
1	4099
34	3817
0	261
29	3
1	3185
8	35
10	1257
2	176
16	113
502	781
4	76
0	773
0	455
1	172
0	7
0	7
1	7
0	5
0	7
11	1135
228	1152
6	19
0	11730
0	12973
0	12619
0	11687
0	13480
0	12237
0	13126
8	12261
0	201
0	338
2	13
8	447
127	2098
19	1657
702	2481
0	21
0	2481
0	303
0	0
76	556
4	121
89	320
5	298
100	2515
55	2514
4	1
10	1
0	2404
9	55
0	1288
32	713
10	23
58	22
2	14
28	1242
0	1193
2	207
5	97
29	134
1	0
1	132
0	0
14	74
4	43
0	0
0	57
0	19
0	51
0	49
0	64
0	63
0	1
0	19
9	27
310	0
103	136
36	136
0	2586
0	2682
0	2941
18	2983
0	349
13	25
7	136
1	205
4	9
0	14
0	0
0	3027
0	2871
634	1964
3	720
0	1836
15	847
3	196
0	42
4	49
3	19
4	0
5	78
0	84
0	78
0	79
3	51
2	63
1	2
0	16
0	523
1	0
0	0
174	0
0	0
0	11
3	12
0	1
1	4
244	14
3	14
1	238
0	3
49	182
0	211
1	7
0	18
4	34
0	51
6	12
2	7
14	35
0	0
546	135
0	134
1	39
1	1
1	10
42	1859
29	570
30	1475
3	1251
9	692
5	1412
2	605
17	469
5	1262
0	1805
1	35
850	1684
0	85
3	1601
3	15
12	371
17	852
2	96
2	161
10	467
0	298
9	176
0	1143
0	129
0	258
105	1144
1	0
41	7
0	2
0	0
0	0
1	5
1	0
19	16
0	1
0	15
0	0
0	0
291	540
0	211
23	411
4	250
0	167
0	179
14	314
0	11
0	2
0	2
0	0
287	0
2073	2
731	132
15	45
62	45308
0	50435
86	47690
28	17929
0	4711
6	2783
24	748
0	1529
0	2783
3	129
14	177
1	152
5	33
0	18
23	46
1	8
1	0
11	4
22	0
0	0
0	0
0	0
701	0
0	1
0	0
26	0
138	3505
19	2878
2	764
0	1398
0	666
2	636
0	11
1	0
0	5
0	0
0	0
0	0
0	0
17795	1292
1	325
0	348
1	172
1	18
1	191
2	50
1	200
5	235
6	229
14	30
2	0
54	59
0	53
0	592
2	699
182	699
0	520
0	64
0	1
18	1
0	3876
513	4356
123	3129
140	2772
0	56
40	8
0	554
2	336
120	20
0	0
0	0
0	0
1	4
1	4
9	276
0	231
0	246
0	48
0	12
2	31
3	5
0	5
0	0
0	0
1	0
0	0
1	0
0	0
0	29
0	29
0	31
0	4
0	22
0	4
0	0
507	924
28	463
6	71
8	79
3	0
1304	4
1464	0
2422	203
2	6
4	196
306	155
2	155
0	15
0	0
0	0
0	0
24	97
33	662
1	199
4	33
13	0
0	21
10	678
0	7
281	91
0	12
1	1
0	63
0	42
276	317
15	317
0	0
0	0
0	0
0	0
3	0
0	0
24	3698
1	1025
1	3389
0	2221
19	293
2	29
7	499
1	58
74	1078
3	126
3	608
0	733
5	20
0	14
0	20
0	0
45	38
1	3
0	33
10	26
4	21
4	0
0	3
2	6
1	24
0	22
1	8
0	0
1400	1
331	430
13	430
10	1256
0	5
28	1299
1	24
20	224
0	2
1	68
7	0
113	1700
0	76
1	4
5	53
36	1727
0	4
2	118
0	1762
0	0
0	0
0	0
13	36
0	3180
11	1650
38	323
15	2575
4	1806
4	314
4	28
1	1338
15	610
4	856
4149	39
5	0
0	0
0	0
58	263
0	257
26	117
8	0
0	6
0	0
7	401
54	402
22	0
17	0
1	0
2700	1527
0	158
68	1244
1	180
0	463
1	354
0	0
0	0
0	0
0	0
96	446
3	9
0	445
1	3
0	0
0	1
0	1
3	3
0	2
0	0
0	0
4	773
0	16
0	773
3	331
0	293
0	291
0	654
3	97
0	0
143	89
0	9
1	80
0	38
1790	1340
0	604
43	539
11	264
0	0
0	0
0	0
0	0
15	29
20	25
0	0
1	28
0	0
0	0
0	0
48	536
0	21
0	1
0	207
1	544
110	382
5	329
8	163
1	1
4	44
0	64
3	40
0	13
0	458
1	518
27	538
0	472
0	358
0	5
1	0
35	445
23	437
0	445
3	56
1	69
1	31
8	0
0	25
1	0
1425	120
27	37
3	0
8	21
38	13
64	86
1	53
1	10
0	42
0	11
1	7
0	11
0	4
0	0
0	43
1	38
0	44
0	44
1	35
0	23
1	3
1	5
0	1
7	114
0	104
0	26
0	87
0	35
0	265
12	199
1	24
0	283
0	17
211	64
0	4
0	60
74	12
11	12
0	0
0	0
0	0
0	2
0	2
0	2
0	0
0	0
744	108
1	37
2	0
0	83
1	3
293	7088
12	5172
96	5106
179	5112
0	675
1	1242
19	59
25	420
0	385
9	419
0	420
0	2
105	14
0	14
0	1
0	2
60	2727
84	2727
1	48
5	207
11	75
0	0
0	0
16	0
0	0
9	0
1	1
8	144
0	47
1	12
0	1
10	144
4	377
2	315
0	59
72	313
7	311
0	207
2	230
0	166
9	47
1	38
3	15
0	1
12	24
0	24
1	14
82	785
0	48
62	813
20	55
5	17
0	0
18	6
0	6
0	545
5	86
2	140
0	83
58	347
1	205
3	6
0	0
0	1
3	48
74	1
532	647
16	647
68	201
0	0
117	2159
14	2178
9	46
0	0
0	0
0	0
0	2
2	2
9	206
2068	411
0	210
0	83
0	0
0	0
0	0
0	0
2603	6258
0	363
17	341
107	5546
18	0
17	1083
0	331
0	1178
185	1225
9	4
0	2
0	1192
0	0
0	0
0	0
0	0
0	0
0	0
0	0
303	297
14	297
2	35
0	46
3	186
69	0
176	46
6	46
1000	608
0	361
5	464
0	7
0	183
3	126
69	84
23	2963
0	2051
12	832
36	512
0	46
1	1
27	2
0	0
0	2961
0	61
0	56
0	42
4	48
0	33
12	38
0	38
0	3
1	1
0	3
1	3
0	4
0	6
188	91
4	1
2	115
6	85
1	1
0	1
137	91
10	91
3	0
0	55
3	111
3	168
2	164
0	19
0	1
0	0
5	3
0	168
4	1
0	1
0	0
41	921
4	78
30	12
0	893
0	12
12	18
14	254
7	498
3	509
5	226
69	89
4	12
0	193
10	49
3	146
0	136
4	67
93	5
2	0
9	4
2	4
0	0
116	2612
150	1996
0	6
0	10
0	1132
114	72
0	22
0	9
0	44
0	16
0	2603
0	1741
0	44
0	206
0	206
2	26
0	26
1452	171
1	80
4	98
3	54
9	7
9	52
0	14
11	88
4	1138
0	1100
0	1
1	69
2	296
0	1070
0	279
0	193
3	39
80	942
1	85
2	57
0	31
2	181
0	192
0	143
0	902
0	104
2	259
0	308
1	149
1	1
6	42
3	41
22	66
4	156
1	4
3	1294
1	533
17	2700
160	3366
1	128
4	81
1810	3633
6	105
7	32
19	2476
14	1186
7	837
7	1697
0	1713
9	2267
1	188
0	716
0	5
1	25
98	2075
1	23
1	40
1	12
5	177
16	141
1	85
0	101
0	59
3	58
0	100
1	77
0	76
0	76
30	952
5	807
109	659
1	1
2	527
3	177
25	416
4	114
4	472
0	0
0	1
1	47
4	54
0	56
138	3439
30	3824
4	2429
0	2443
0	204
0	0
0	0
0	0
0	0
0	295
0	358
2	343
0	235
0	219
0	296
2	34
1	241
4	211
0	227
0	224
3	1200
2	14
109	1200
1	0
26	73
0	0
0	0
1	0
0	0
10	112
0	91
1	27
0	21
10	0
0	0
355	654
22	497
9	538
5	0
0	0
0	0
0	0
140	127
0	62
5	19
0	3
0	80
0	66
0	0
139	692
0	17
0	598
5	560
0	4
0	1811
72	4610
13	4661
146	4636
28	2322
0	1429
4	1409
9	371
4	9
0	18
7	32
0	31
0	3
0	0
0	2306
0	7
3	94
0	47
199	128
1	128
0	4
0	2
1	3
0	1
1	3
396	1
0	380
224	828
0	342
4	311
254	0
0	0
0	0
1	30
307	93
0	22
0	2
2	34
1	27
0	0
3	0
1	488
0	377
1	29
0	430
0	290
0	87
0	99
0	4
5	33
4	13
0	0
0	0
0	0
0	0
3	431
32	427
29	430
6570	287
6	281
3376	11889
93	0
41	11888
0	147
0	0
0	0
0	0
0	0
0	0
0	0
0	109
2	88
2	108
2	23
3	6
0	116
0	5
0	10
0	19
0	6
0	0
367	1922
1	33
0	37
0	1921
94	0
15	1884
0	1767
0	64
41	1884
15	834
0	852
3	852
2	649
0	614
0	371
1	9
5	0
0	41
2	863
0	0
127	637
32	643
77	372
7	29
0	135
2129	493
159	490
0	49
2470	4885
1	4141
0	5892
82	3717
0	3804
36	152
0	2545
4	6131
0	0
0	0
191	496
4	34
2	422
23	6
3	0
1	0
4	150
1	0
41	0
7	0
0	0
0	62
7	60
0	14
1	23
0	21
0	6
0	4
0	0
0	0
447	758
99	65
6	0
0	728
0	14
0	631
31	1608
76	1600
0	640
2	630
224	1288
48	1629
0	1629
0	681
0	0
0	0
0	0
19	194
0	155
1	67
11	91
93	12
11	0
0	931
572	18
0	18
1	0
0	0
2	1
0	0
0	1
3	129
164	2522
2	3
264	2519
5	2541
1	6
0	6
0	0
0	0
0	0
0	2
0	2
0	3
1	0
0	0
0	0
48	48
0	2
0	48
0	5
0	578
6	894
770	1585
0	331
3	1235
1	113
4	230
0	27
0	29
29	20
0	12
0	6
0	1
1	0
0	375
2	373
28	93
52	189
18	180
1	50
14	75
0	75
5	382
4	16
2	253
9	271
12	4
1	82
1	49
19	19
11	12
20	17
0	0
0	0
5	120
18	1942
1	1052
1	1471
5	1881
4	187
1	12
670	19
1	18
3	293
9	2129
0	48
0	11
15	611
0	1587
91	1308
2	476
0	246
10	39
0	483
0	305
0	392
0	196
1250	689
2	688
51	618
1	636
10	516
2	42
16	0
2	341
1	43
32	4982
0	5439
133	4459
0	137
0	4324
9	5
0	0
0	0
631	0
12	152
1	165
0	121
3	106
0	29
3	361
0	442
0	449
6	63
2	3
0	416
1	0
3240	1323
1	1321
0	134
4493	2207
3	2207
21	0
5	0
9	1626
36	1626
7	132
0	112
0	210
3	2
1	2
0	1626
265	2835
0	2592
10	284
13	113
3	113
3	50
0	22
26	427
5	1009
0	1114
5	609
0	205
4	513
11	116
10	0
0	0
0	0
0	0
0	0
0	0
0	0
0	0
0	0
0	0
0	2
0	0
0	0
0	0
0	1
0	1
0	0
0	0
32	0
0	85
12	712
3	599
0	24
27	251
0	0
0	0
0	12
308	1688
151	1091
0	0
1	3
3	1619
3	0
0	19
0	0
2	0
0	1634
0	0
0	0
0	3
0	3
0	3
0	3
0	0
443	2614
4	2614
4	1476
0	338
0	88
0	0
0	0
198	309
9	309
0	0
0	0
0	2
0	0
0	2
0	2
0	3
0	3
0	3
0	3
0	3
0	0
0	1
0	1
0	0
0	0
0	0
0	0
0	0
0	0
3383	987
1	356
0	18
0	110
17	87
2	54
15	258
11	11
0	130
0	0
0	0
0	0
35	844
3	844
0	637
0	2
0	2
0	0
0	2
0	2
298	226
15	163
4	100
3	152
14	93
0	0
0	0
133	149
1	0
3	148
0	0
0	0
1	9
3	73
0	0
3	20
0	19
0	4
0	0
0	49
87	751
51	1602
0	96
3	129
0	1601
7	134
6	1439
0	1541
0	595
0	111
1	137
57	34
0	1
1	33
0	16
2	14
1	0
0	0
0	17
0	17
3	0
0	0
0	0
28	219
14	224
3	34
0	9
0	25
0	1
2	29
0	13
1	4
0	31
0	33
613	250
2	102
3	147
0	104
0	104
0	8
0	26
0	100
19	1348
6	0
1	10
1	365
0	0
1	225
0	54
165	1236
0	0
0	0
227	7130
0	907
0	157
0	318
10	1968
0	24
0	310
25	35
5	788
158	7100
6	96
14	108
0	25
0	2
0	2
3	0
0	24
20	46
0	22
0	17
0	3
362	201
4	201
1	70
0	0
0	0
0	0
0	0
0	0
25	107
137	145
20	38
115	1508
19	226
2	166
17	1314
2	73
8	2
5	3
7	129
31	63
0	568
12	10
7	0
0	0
0	0
2	1275
12	1314
129	444
8	411
0	317
0	46
0	0
55	773
0	31
17	187
2	569
0	1
0	83
9	6
0	188
6	28
0	19
7	33
0	119
11	119
10	10
9	409
1	406
0	48
1604	1130
7	1067
0	1129
8	753
1	128
1	54
3405	11
0	0
12	9
0	0
0	0
0	0
0	0
0	0
0	0
0	0
0	1
665	384
1	0
3	7
2	363
6	58
0	0
124	0
0	245
0	244
0	245
0	11
2	15
29	2
6	3
0	263
0	264
12	400
0	0
0	1
0	0
0	1
3	0
5	0
0	0
0	0
0	0
0	0
0	0
1207	335
7	280
4	1
0	40
14	54
27	0
14	11
5	11
0	6
21	2821
14	2345
2	555
814	1470
10	920
0	557
0	491
6	0
6	651
0	37
0	395
0	26
0	80
709	615
71	3329
20	3506
3	113
18	5
19	3498
1	4
0	4
39	10
0	6
1	4
1	691
0	187
6	10
5	148
0	284
298	16200
200	16218
0	3878
24	254
328	1383
2	41
10	293
11	1272
2	143
0	0
1	26
4	1
2	62
352	436
21	339
1	76
3	79
4241	0
0	359
35	36
9	4
213	669
0	628
26	31
6	265
113	978
0	978
0	648
384	1095
1	74
0	875
0	871
0	61
0	626
4	51
0	1081
0	850
1	475
0	566
2097	781
2	763
13	18
6330	15437
11	15431
36	139
11	3512
0	0
140	25
0	8
0	2
0	15
0	0
0	0
20	150
3	65
4	2
0	95
0	13
0	19
0	0
1113	36
5	32
1	0
29	2196
9	2140
6	312
1	296
4	249
6	297
3	171
7	128
0	27
0	522
0	522
0	181
18	163
10	109
0	0
0	2110
0	1
7	329
270	378
1	5
3	0
1	177
0	7
59	0
0	0
0	0
0	0
0	0
0	0
0	2
0	2
0	2
72	5723
10	5417
106	5481
0	671
347	0
0	0
0	0
75	611
1	1
0	1
240	206
2	2
0	19
4	121
1	121
0	91
3	47
1	34
3	57
1	99
4	0
27	50
0	13
1	27
0	20
0	6
0	30
0	1
0	1
18	171
4	171
0	0
4	177
22	177
3	16
0	24
2	3
1	3
0	0
10	553
1	38
3	515
16	496
0	49
4	6
3	62
0	1
5	657
0	6
0	12
0	11
0	0
0	2
7	1
0	496
0	413
0	6
0	29
36	14
0	35
0	361
0	43
0	657
0	0
0	0
0	0
952	940
0	5
1	5
74	852
31	554
57	556
87	141
0	141
0	17
5	41
0	21
0	0
1365	165
28	159
1332	1532
3	1507
1	337
28	3
6	0
0	0
1580	4225
0	4222
0	8
0	99
11	99
0	99
4	295
20	359
4	119
0	13
99	57
0	38
0	57
0	10
0	0
1	10
1055	38
8	3
1	33
1	72
26	73
0	0
0	16
5	32
0	11
13	0
0	0
1	53
0	26
1	0
0	53
0	176
0	199
5	125
0	0
34	12
0	3
28	17
633	18921
69	1844
495	18591
5	0
0	2
0	2
0	0
0	0
0	0
0	0
617	0
173	3256
0	105
0	169
4	209
0	1666
0	0
2	203
0	646
1	152
0	595
13	558
0	0
0	0
5	1358
0	1400
0	51
0	0
14	177
2	177
0	7
168	0
545	2598
0	523
96	2512
0	260
1	260
2	260
28	1092
7	1
0	0
0	0
1211	267
0	57
2	301
1	10
5	0
25	0
0	75
0	301
24	473
15	3
5	439
0	0
5	456
0	431
1	3
6	0
0	85
1	369
1	143
71	443
11	443
0	0
0	0
0	0
0	0
0	3
0	4
0	4
47	1819
16	1806
4	9
0	42
1	32
0	65
107	3838
92	1757
37	940
86	769
1	1064
0	1055
749	108
2	47
18	87
0	0
0	0
102	1182
4	66
1	1091
0	37
1	3
2	20
6	8
13	259
7	2
1	150
102	670
39	670
0	0
13	61
0	0
0	0
0	0
29	5
1	294
366	9579
23	9316
0	364
1	74
2	13
22	5
160	1470
156	2948
39	228
343	102
354	1064
40	1060
0	866
3	90
2	10
4	135
0	53
0	0
0	0
0	219
0	212
0	83
0	57
0	51
0	22
0	29
0	0
165	798
2	785
0	149
0	12
0	15
0	0
47	398
55	341
3	378
3	0
0	396
3	447
0	561
0	409
2	164
6	24
0	3
18	184
5	23
0	149
0	133
3	4
1	126
0	0
0	0
34	38
86	144
0	111
119	9
10	0
0	0
0	0
4932	433
1	425
2	76
0	13
3	12
15	12
0	1
0	15
6	18
0	5
44	1208
28	261
2	1198
24	167
0	35
21	115
1	115
1	54
0	114
3	1242
2	1058
25	1143
0	1148
0	1154
9	1061
9	997
5	955
1	65
0	639
0	55
0	437
22	204
0	109
1	128
0	106
9	81
0	2
2356	4038
2	559
60	3725
8	0
0	542
1	763
1	74
9	0
53	816
10	815
3	522
144	358
1	160
0	3
0	9
0	0
24	64
5	28
8	79
24	2
42	78
0	50
25	113
0	48
1	43
0	38
0	38
0	40
0	18
0	24
0	14
0	8
0	0
0	86
25	687
31	798
0	99
0	274
0	134
0	90
0	91
0	21
1	102
0	2
0	700
1108	0
0	0
0	0
0	0
3	2
0	2
0	0
0	0
0	0
0	0
0	0
0	0
0	0
181	391
0	391
0	184
0	6
0	0
0	2
0	0
0	0
428	8565
2	1537
0	3
4	206
52	8564
0	847
401	1468
0	1
538	1092
3	1087
2	957
0	102
0	0
0	0
80	1000
106	1025
0	328
293	423
0	423
0	0
0	15
0	317
0	318
0	309
0	278
6	65
260	453
0	448
0	0
0	27
0	21
0	0
0	1
0	76
0	118
0	79
0	9
0	0
0	0
1037	73
3	72
45	53
1	41
0	11
1	0
594	78
0	77
1	0
0	0
0	0
0	6
0	6
1362	10439
68	9213
7	1344
50	1272
564	1
164	1055
20	1055
0	2
5	131
0	67
1	14
0	0
0	0
0	0
0	0
0	0
0	0
65	15
0	15
0	0
0	0
39	2618
4	2825
4	333
8	263
53	439
35	146
13	332
57	1384
0	1269
0	0
0	236
0	637
0	0
0	0
0	0
0	0
0	0
0	0
0	0
0	0
0	0
0	0
9	217
519	1427
2	8
17	496
4	332
7	27
0	1
82	5
1	1427
76	277
0	122
0	94
1	41
8	26
0	0
68	0
0	0
2	3478
84	3357
6	2533
42	15
1	49
12	119
6	437
0	214
0	307
0	126
5	8
1	8
0	0
0	0
0	0
743	2080
0	1007
0	1105
21	275
6	316
2	55
0	316
6	51
3	28
29	35
0	14
1	0
1	18
0	0
0	18
21892	3800
66	587
2	3052
0	3199
4	156
13	136
1	7
1	27
9	191
2	1223
38	1301
2	37
17	1269
5	2
27	10784
2273	10783
58	12601
0	10802
27	62
68	1015
0	580
0	91
13	49
19	8
8	5
9	2
27	0
0	12670
0	42
0	109
4	124
0	65
125	150
1	0
1	0
797	1176
4	156
17	385
0	1111
0	192
79	475
0	0
37	675
1	9
6	283
0	20
0	0
76	3700
2	1313
298	3421
223	470
360	1473
8	416
4	1
12	544
0	200
0	61
2	38
145	134
0	74
98	2
0	2
1	0
6	1
0	0
0	1
0	0
0	0
2	19
18	277
0	40
2857	592
0	0
0	0
0	31
0	74
0	17
1	84
0	0
0	0
0	33
1	1
0	121
4	1
2766	485
18	381
6	162
0	120
2	1
0	599
0	610
3	424
2	352
2	18
0	22
0	0
7	62
0	62
0	62
294	0
38	2
9	1588
0	764
39	320
97	285
0	84
2	202
15	164
1	43
11	0
0	1617
0	0
0	0
0	0
160	6
5	4
0	1
0	0
1417	0
36	0
2806	612
0	640
86	250
1	177
2	177
5	3
0	1
0	0
128	702
2	254
0	93
0	473
3	61
0	2
0	27
0	359
0	20
0	11
0	24
0	87
0	87
0	615
0	0
0	0
0	0
2	217
0	217
56	177
2	986
0	68
0	12
0	917
0	690
3	132
0	0
5	393
0	378
0	383
16	388
8	339
6	375
0	370
1	15
0	5
1	134
0	116
0	12
0	20
0	21
44	978
0	11
0	10
8	0
0	0
0	0
1117	0
2	0
68	520
1	75
28	520
8659	702
4	174
137	5353
0	5436
0	146
10	861
17	21
1	1676
0	5137
726	300
2	300
0	0
59	47
2	47
0	8
0	0
0	24
18	71
0	24
0	40
0	9
0	24
0	12
0	25
0	0
0	2
0	12
1	7
1	7
0	0
19	2690
0	2398
96	1472
96	8
9	8
248	1206
5	514
0	1206
18	89
0	89
0	16
0	13
0	0
1	1
0	1
0	0
0	0
0	0
49	160
0	137
0	151
1	6
164	2468
19	1862
4	762
5	97
4	131
0	28
7	7333
194	7343
100	7028
1	4786
7	914
21	426
2	607
1	353
0	90
3	329
3	277
57	4165
0	378
0	582
7	60
3	109
7	110
0	55
0	8
0	0
0	0
6	30
6	30
1165	853
0	266
2	343
0	169
0	476
1	85
7	166
2	181
17	0
33	653
0	107
0	106
3	105
0	60
0	89
0	82
0	2
3466	25
10	1
5	19
0	7
29	266
265	266
0	102
0	0
0	0
0	0
348	1222
86	1222
1	0
0	0
0	0
0	0
0	0
37	38
1	23
2	32
0	0
1402	365
0	60
0	129
1	199
304	148
12	148
4	11
505	30
0	1
2	28
7	0
0	9
71	1873
6	1935
37	2603
6	2351
0	37
168	795
0	103
0	24
13	11
0	1
0	1
0	0
0	1
1	80
98	843
90	1221
3	164
12	799
0	373
3	492
12	491
53	19
0	19
0	4
0	0
4	562
76	867
39	569
1	561
117	53
54	205
8	195
2	2
42	121
1	101
79	385
0	42
0	130
0	76
0	0
0	57
0	59
0	59
0	239
28	73
377	1983
3	100
3	0
0	1865
4	607
0	1419
0	1420
3	0
9	0
0	0
0	0
0	0
0	0
0	0
0	0
0	0
63	0
0	0
92	211
0	211
0	1
0	1
407	0
1	0
241	548
4	150
0	491
0	11
0	6
39	3914
17	3422
3	174
1	52
0	1059
4	1586
14	1400
12	1466
7	1257
4	101
3	23
4	130
0	206
5	2
0	7
5	122
2	50
3	2
1411	4155
43	15
1	11
1	1968
11	1006
9	0
0	0
289	27
0	27
0	0
1045	708
5	63
3	644
6	427
5	133
160	2115
0	2164
0	0
0	0
0	0
5	215
4	715
0	715
0	6
87	2313
0	304
0	2003
23	465
6	168
8	6
8	56
65	155
0	2
0	38
6	126
0	0
0	0
0	0
353	592
0	41
7	545
0	91
2	18
0	6
1	0
0	0
0	0
2711	544
0	0
154	185
4	282
0	212
258	686
5	151
5	382
0	77
4	193
19	185
2	213
0	0
0	3
0	3
0	3
0	3
673	3695
0	9
16	568
168	3609
11	2404
290	3448
126	1326
0	0
25	386
1	22
11	26
1	52
10	28
1	0
2	4
8	4
0	3
0	0
0	0
270	836
1	1
0	835
0	42
0	612
1	0
2	100
1	198
0	44
0	0
0	1
0	75
0	75
355	317
9	232
0	145
1	114
19	126
1068	2606
97	1531
1	1165
0	0
5	6
0	6
0	0
26	71
2127	1197
83	405
2	1158
27	26
0	144
28	217
17	193
32	172
8	1059
1	1036
36	851
7	253
0	407
23	124
11	36
0	0
0	4832
23	10965
0	11246
1	3074
0	162
400	103
0	0
13	178
14	533
11	122
129	776
0	282
30	52
77	60
17	3132
1425	3408
0	493
0	151
20	31
2	10
18	2035
333	329
0	0
37	298
0	294
0	328
37	303
143	707
10	477
1	644
4	444
640	502
0	293
2	3
0	218
0	124
6	21
950	428
71	355
1	86
0	0
0	4
7	5
0	15
2	36
67	1713
2	2
1	1
0	23
1	1
5	77
3	16
4	117
0	13
0	28
7	44
37	1831
4	85
0	8
0	3
0	5
271	643
5	286
6	342
52	298
8	342
5	59
0	5
16	6
1908	1
0	35
20	46
0	39
0	38
1338	0
3	567
19	568
0	567
0	531
1	61
0	16
11	62
142	0
0	0
43	281
4	141
24	661
0	6
0	6
0	470
2718	2783
1	1547
0	568
3	394
1	0
3	0
1	0
0	0
0	0
0	0
0	0
0	0
0	0
2	330
0	3051
12	2827
0	1824
2	218
175	364
16	182
0	83
0	198
0	77
0	392
1	169
5	105
0	2578
0	2838
0	2706
0	2447
1	26
0	52
0	59
0	2
0	29
16	94
16	467
11	72
1	1
1	1
0	440
485	10337
9117	22293
20	4887
28	1545
13	6277
0	0
2	76
0	70
0	74
0	0
132	0
0	0
0	0
2	1
17	759
4	39
1	189
20	760
63	767
0	641
0	0
0	0
0	0
222	963
6	871
0	0
0	0
403	1
0	0
40	2877
3	883
1	922
2	37
15	268
30	1137
5	540
4	30
2	145
4	6
0	0
0	48
1	1
4	4
7	0
0	2873
3864	3603
1	546
0	1242
18	212
2	7
0	236
0	949
8	1359
19	0
0	1179
329	260
0	257
3	121
1	0
62	331
3	331
0	0
867	361
0	361
0	0
0	62
0	0
2	0
0	0
0	1
0	0
275	3891
229	3844
16	645
0	192
0	0
267	228
24	228
0	95
2	129
0	73
0	24
2700	2372
0	739
1	1748
2	1679
0	5
1	5
392	453
1	403
0	115
8	146
0	27
0	0
0	0
13	429
975	429
2	0
0	0
0	0
0	0
0	416
2150	659
10	7
2	125
7	108
6	26
25	118
0	24
4	29
0	123
2	91
0	0
0	0
5	59
0	248
0	309
0	314
0	303
0	272
76	320
87	298
320	95
1	106
22	106
0	4
0	669
25	649
45	444
1	418
0	188
0	2
1	177
0	327
0	2
6	51
35	16
33	454
0	3
10	35
0	191
0	441
7	511
0	878
3	48
26	217
49	674
1	7
1	0
17	328
5	171
0	6
6	28
0	2
320	57
2	26
1	18
0	13
0	0
0	0
2898	695
4	693
2	2
41	773
20	4882
15	5217
1	2664
70	3170
0	4042
0	4071
0	15
12	466
2	0
0	159
0	66
0	31
2	0
1	2
8	1811
1	222
8	4633
1	4077
0	2727
0	386
2	199
2	40
0	769
27	4
0	4
1	0
0	0
0	0
0	0
0	0
0	0
0	0
0	0
14	1830
2684	2006
0	0
4	1676
144	1822
0	4
4	76
0	1670
1	25
0	128
47	1244
69	1244
2	29
1647	166
0	166
7	5932
0	6688
51	6234
8	593
10	455
8	17
0	54
861	0
23	0
0	0
0	0
615	1007
0	914
0	6
0	92
1	68
28	70
2	70
0	786
0	646
2	293
0	853
0	0
219	5461
18	2330
0	462
1	58
24	360
4	5103
0	342
9	1730
18	1398
5	16
534	542
0	538
6	185
167	1
2	1
27	0
1	314
111	67
0	64
4	301
11	0
11	397
34	3098
13	2164
18	2245
1	2370
11	2323
1	2256
0	1668
0	44
0	7
0	2
4	47
0	46
1	49
4	50
1	9
1	5
1	54
0	52
0	1
0	15
0	13
0	0
0	42
0	42
118	314
15	314
1	115
43	116
2	9623
0	2060
0	1415
34	1421
5	1260
0	8434
0	368
83	1726
2015	1875
0	1
1	1161
0	6
0	6
0	0
0	0
0	0
0	6
4	1023
4	109
0	940
8	741
2	645
1	921
0	68
0	788
0	0
0	0
0	0
0	0
0	0
0	0
0	0
0	0
668	563
4	563
168	31
0	31
1	0
109	115
0	115
317	737
27	238
7	74
0	54
0	223
0	28
0	41
1	16
0	212
0	0
0	0
0	0
0	280
4	408
0	38
11	173
3	0
0	6
0	3
6	13
5	1
0	408
0	276
7	2271
1	2469
0	77
0	1815
0	168
10	104
0	499
0	113
0	140
5	0
30	380
0	92
6	1
5	85
172	390
0	22
0	389
2	1225
4	1093
1	146
13	102
14	117
5	68
3	6
0	1225
1192	975
40	975
3	0
0	14
14	0
0	0
2	155
0	179
0	132
5	147
67	36
0	54
0	40
0	11
0	58
1	47
7	25
1	34
18	466
53	447
0	59
3	5
2	14
0	43
0	2
713	3083
76	3169
11	1252
1	1062
3	1
0	81
0	1009
943	442
3	98
15	249
9	0
2	55
0	138
7	715
218	683
10	53
91	126
0	651
0	41
0	141
0	0
0	26
8	26
115	0
278	1040
35	1049
0	10
0	10
0	6
277	58
9	50
0	5
273	9
0	1
0	8
0	0
991	2920
645	2920
13	2643
399	601
18	481
0	114
4	0
0	120
6	215
7	496
3	497
0	130
0	164
7	632
0	8
172	24
3	0
0	24
0	0
0	0
0	0
0	0
0	0
0	0
309	1327
1618	1279
41	242
0	129
32	999
2	226
6	526
34	986
0	431
0	183
270	336
2	336
1	58
12994	18
0	0
0	0
240	184
4	102
0	13
4	15
3	64
1	18
0	0
208	1
755	13285
1	4998
59	73
1	930
7	2346
163	1442
5	34
11	1488
14	11573
0	3049
30	16
0	3914
249	3711
2	75
5	264
5	388
4	242
2	170
1	22
378	3914
0	0
0	0
0	0
58	14
2	14
0	10
0	763
3	12
11	81
2	97
4	763
8	793
63	762
2	42
2	42
10	12
0	706
6	12
0	94
0	105
0	48
0	222
2	61
0	84
43	273
0	45
0	173
0	763
1007	987
27	1
3	986
1	54
21	164
43	3
0	0
0	0
0	0
0	0
0	0
0	0
0	0
106	2004
1	1565
15	2020
10	200
0	48
1979	414
0	370
0	6
2	79
1	25
196	0
0	1
0	0
0	0
43	279
3	279
0	0
8	0
0	0
0	0
0	0
70	74
9	0
0	0
0	0
222	23
0	23
0	0
30	74
0	0
0	0
1050	102
3	0
0	101
0	0
0	0
0	0
0	0
15	0
0	0
1552	281
0	0
4	281
0	141
0	2
6	70
7	4
33	153
57	153
0	27
8	1261
0	1266
0	2519
6	1
14	51
50	446
2	11
0	2515
408	2467
0	2467
0	436
0	432
13	213
7	298
3	128
11	68
3	80
404	15
2	15
24	0
1099	925
0	312
42	716
151	385
18	272
60	228
3	118
0	273
0	521
889	668
3	436
0	232
0	100
0	15
0	12
0	2
3	11
0	1
0	0
0	0
460	5312
25	5129
2	322
2	407
0	265
86	32
0	32
0	25
1	20
4	31
0	22
0	3
0	0
0	0
0	0
0	0
0	86
1343	129
26	26
0	16
0	0
0	0
0	43
3	43
2	43
0	0
4	134
1	53
31	142
0	0
3	77
1	6
2	0
51	900
0	237
179	892
0	0
0	0
3286	2
1	179
0	168
4	162
1	0
0	7
0	2
0	0
0	0
0	0
0	0
79	0
0	0
0	0
0	0
0	0
0	218
414	324
4	82
0	99
0	10
2	44
0	27
0	14
2	0
0	106
6	0
0	0
0	2400
7	2339
25	2027
11	1811
1	1525
17	116
0	333
0	29
1	0
0	51
0	117
17	1
0	2343
255	92
1	92
3	0
20	4361
150	4361
0	0
0	0
0	0
0	0
0	0
0	0
0	0
0	0
0	0
0	0
9	173
12	300
0	116
3	112
0	282
0	300
0	224
30	225
0	31
2	0
4	9
0	10
6595	19
2	5
2	29
1	0
19	29
0	2
0	3
0	26
0	0
0	0
0	0
0	0
0	0
0	0
0	0
80	4
45	568
1	572
4	572
0	106
0	2345
0	1788
34	1065
9	1078
0	2030
0	493
0	1
56	937
0	867
25	512
11	1
31	13
1	558
2	133
0	151
4	13
5	8
3229	941
39	766
6	782
0	226
0	543
11	657
0	670
0	0
0	0
0	0
564	0
418	5
1	5
2	0
3	0
5	0
12	1
38	912
21	912
1	14
324	14
0	1
4	183
442	772
1	589
7	66
0	0
0	0
0	0
0	0
0	0
0	0
22	4
0	4
0	1
0	0
1324	2
17	1150
37	1150
35	342
5	0
4	59
0	8
0	59
9	152
194	152
6	4
0	4
4	4
0	4
0	0
0	759
0	1010
1	157
0	81
0	1425
0	1201
48	5
78	55
0	661
611	661
0	2
0	2
2564	3644
17	10
2	1093
4	2800
0	0
25	89
1	78
0	46
0	19
37	314
148	350
1	328
332	327
2	22
0	29
0	42
1	9
0	0
0	0
0	0
160	773
455	638
6	551
0	87
0	0
0	0
9	0
697	2
505	691
2	509
0	0
0	185
0	84
5206	3
0	0
0	0
43	7
5	1
0	6
3	518
51	567
7	517
1	567
0	94
23	78
0	4
0	7
0	2
0	1
0	3
0	0
0	0
0	0
9	0
11	82
18	3
30	3
4	3
136	18
13	0
0	10
0	8
0	82
0	0
6	10
0	0
0	10
0	3
8	13
45	80
0	13
0	25
6	67
0	61
0	63
0	38
2	5
0	0
5	40
0	0
6	1
0	0
0	0
0	0
0	0
0	20
0	20
4	19
2	2
0	30
0	0
0	0
10	12
0	0
0	0
0	12
2	10
16	122
6	151
0	149
0	96
0	26
7	16
1	1
0	35
1	450
9	59
0	326
4	7
4	12
19	0
3	83
3	138
0	18
0	66
0	24
0	450
426	871
4	0
0	137
1	54
11	712
20	152
0	21
0	120
1	33
15	55
235	84
0	5
2	5
0	1
4	42
47	42
1	7
0	286
0	747
6	235
4	514
0	719
0	71
0	77
0	67
0	53
0	6
37	2
0	7
0	14
0	0
12	40
0	3
0	38
0	0
0	7
3	1
17	0
104	456
1512	9310
10	8853
5	36
0	0
47	7611
10	501
7	0
0	3827
66	3913
34	0
400	1232
23	867
48	530
16	768
0	725
0	624
0	162
2	615
3	602
10	677
2	0
0	723
0	0
0	0
0	0
0	21
8	21
1	0
0	0
0	20
2	83
17	83
0	14
0	21
1	12
2	18
2	25
0	22
0	1
0	0
0	1
0	2
1	1
0	200
0	0
0	125
0	203
0	213
0	53
0	25
0	52
0	2
0	7
0	6
1	3
0	3
0	11
1	15
398	396
0	66
2	34
1	329
0	1
35	0
0	0
133	370
13	110
10	49
7	112
4	31
4	25
0	20
2	108
405	648
28	174
1	45
20	32
0	0
2	0
1	523
0	323
10	1599
0	12
0	64
8	52
0	129
0	1607
0	4
1	4
1	2
1	0
28	0
0	0
0	0
383	769
0	61
2	708
0	30
0	581
0	410
11	581
0	0
1	0
0	0
2	1856
5	780
2	1534
148	1789
30	1120
457	2047
106	652
12	583
49	945
0	25
0	12
0	14
41	10
27	6
747	208
0	193
0	73
0	82
8	5
0	5
3	1562
151	5066
2	4463
12	732
26	245
0	0
1619	34
0	34
0	4089
2	1283
0	392
1	454
0	4089
803	752
1	575
3	163
69	440
0	252
9	4
0	167
2	201
0	36
0	87
2	16
12	0
0	0
0	0
0	0
134	6
0	6
0	2
0	20
1	0
877	283
20	93
1	66
1	166
14	24
0	11
1	7
0	7
0	5
0	8
0	9
0	0
0	0
0	1
161	0
4	0
219	229
98	229
1	0
1	24
0	0
0	0
0	0
0	0
0	0
0	0
0	0
1	30
2	30
136	1060
3	902
2	117
1	190
0	2
4	0
0	0
0	0
500	524
0	508
2	493
0	59
0	191
0	11
1	9
0	0
0	5
0	11
0	0
474	34
3	18
0	18
2	0
0	6
0	2
0	4
0	0
0	1055
3	1040
0	1054
79	1036
0	40
0	4
0	1
17	0
1	0
0	0
0	0
0	0
0	0
0	3
0	3
0	0
0	0
10	36
107	171
0	88
0	0
0	9
0	94
0	7
0	0
0	127
316	251
0	74
2	21
0	67
0	0
0	0
0	0
335	1904
280	731
3	265
196	330
0	76
0	73
0	88
1	36
425	36
0	0
5	483
16	112
0	448
1	95
31	379
0	437
0	79
16	110
74	448
621	180
0	180
0	3
0	4
0	6
0	4
0	6
1	0
0	0
0	3
0	3
0	1
0	0
0	1163
56	1182
0	76
0	72
0	19
0	157
1039	517
0	233
0	23
7	111
0	289
0	247
0	374
0	298
1	0
0	0
44	281
24	281
0	281
0	4
26	5795
0	4
0	38
0	5751
1	0
0	5786
0	3555
13	3304
5	56
24	3576
0	5710
0	3649
1	5701
0	0
574	29135
35	27394
208	27802
0	30176
0	28218
58	28531
0	29387
328	13248
12	22168
13	1645
28	4499
50	23830
3	4241
3	1613
1	7893
5	2261
12	1947
0	0
204	655
16	340
0	185
0	43
7	13
1	92
2	151
8	50
0	0
0	0
0	0
12	25
0	25
0	1
2	9
0	0
0	0
0	5
0	1
0	0
0	0
0	0
0	0
0	0
3782	4323
2	479
81	0
2	1525
0	39
0	812
0	73
14	930
0	0
0	0
0	0
0	0
9	80
0	75
0	0
0	5
2881	1853
0	1360
11	1627
2	460
762	420
4	360
15	7
0	22
0	53
47	53
6	40
0	0
0	0
0	0
0	0
2	868
35	906
10	904
0	912
170	777
164	76
0	89
2	265
0	281
23	170
9	44
29	72
0	5
0	0
0	0
0	0
78	644
5	644
0	653
20	46
458	1941
12	881
4	100
95	1124
2	30
6	64
214	1309
0	209
5	216
10	2236
5226	2907
4	2256
0	1
2	1408
6	1963
16	1747
1	1918
34	2127
1	1482
3	1454
0	9
4	173
11	1118
5	693
16	928
7	234
26	151
6	66
238	474
28	481
0	449
0	8
48	0
0	0
8	434
215	434
305	181
11	169
0	155
0	18
2	7
0	0
0	0
0	0
6	33
246	270
6	270
0	5
16	194
0	3
0	3
0	3
0	3
0	3
0	0
0	0
0	0
0	0
0	0
34	5230
0	847
800	5987
60	300
17	38
8	308
6	200
0	484
0	0
1523	39
23	33
0	11
2	10
0	30
0	21
0	5
0	14
0	18
0	1
0	0
2	0
0	5
0	4
0	2
0	2
702	356
0	18
0	89
0	13
40	123
3	107
1	20
1	23
0	5
0	0
1	1114
11	351
13	378
0	2557
33	1212
141	17
0	2557
0	0
0	0
0	0
7	722
28	722
1	56
0	0
0	716
0	0
994	661
3	659
5	4
0	78
1	99
21	7461
0	4878
5	2884
0	2397
1	1342
0	1670
0	1153
122	2012
0	2024
0	1714
55	1327
2	451
1	656
27	480
0	8
27	362
10	277
2	112
5	103
4	55
10	61
0	62
2	0
4	1
0	0
0	8464
0	8122
0	7381
2	11
0	0
0	0
0	11
1462	627
1	33
0	70
0	444
1	619
232	12
14	11
12	3
15	3
39	1507
112	1570
165	1490
2	104
27	28
2867	619
0	15
2	413
1	49
3	50
0	3
0	7
10	193
0	6
18	2
11	34
1	60
0	53
2	46
0	59
0	31
1257	69
0	38
0	29
11	40
0	0
21	40
0	0
5	0
0	0
0	0
4	377
0	0
0	25
23	212
0	343
5	297
0	345
3	22
8	244
0	72
1	10
0	34
0	117
0	9
0	46
13	0
0	7
0	0
0	8
0	8
42	142
1	143
0	2
3	4
0	5
0	21
0	0
0	0
0	0
0	126
0	352
0	347
1116	369
205	222
2	0
3	20
0	0
0	0
0	0
0	0
0	0
0	0
0	51
0	51
3	37
0	15
0	3
0	0
0	0
5900	645
0	641
46	10438
19	19828
39	26277
13	21479
3	13974
0	2502
1	3694
1	195
0	140
14	810
0	3293
1	87
505	2668
7	90
2	1529
22	19
0	1706
0	3405
4	66
1	1611
14	0
0	2131
35	1
20	933
9	56
119	26
3	418
8	3023
9	0
0	0
0	0
0	0
0	0
0	0
0	0
0	0
109	761
3	1
4	657
0	11
0	0
0	28
0	0
0	22
1	261
0	0
1	25
1	4
0	4
523	2228
3	2220
12	12
15	31
147	83
0	10
8	52
3	1
0	1
0	0
0	0
0	0
0	0
0	0
0	0
0	0
0	0
0	105
4	2280
0	2438
0	4
0	220
1	2247
1	210
0	124
0	2146
0	0
4	62
1	2438
851	796
48	788
0	124
7	362
0	40
530	392
10	346
1	46
0	91
0	0
0	9
0	8
0	5
0	0
0	0
0	0
3588	1
22	1337
72	1125
4	1212
78	310
1	1170
35	36
1	0
28	212
4	211
0	129
0	13
15	488
27	488
0	72
4	0
87	48
0	17
0	79
5	0
0	400
31	91
1	514
97	642
0	417
1	443
0	148
0	28
0	81
1	2
0	67
6	6
455	0
9	1156
0	1237
3	130
0	268
37	966
1	0
0	78
0	19
8	77
1	0
8	47
0	28
0	4
2	58
0	17
1	1195
0	40
0	20
3	298
51	741
0	51
1	103
0	502
12	17
11	17
0	0
0	0
0	0
0	0
211	556
0	568
0	2
3	357
0	239
8	137
24	515
0	35
26	316
0	316
35	181
1	41
8977	25786
574	25857
11	75
0	3707
0	147
0	0
0	0
0	2242
0	1773
53	2751
38	9143
71	9900
0	10000
2	10000
0	10104
0	10363
56	526
223	279
9	1689
28	1725
2	384
1	216
1	1
0	10513
2	9560
0	10241
8032	142
3	75
0	65
0	20
0	172
0	29
0	0
19	186
0	80
0	19
0	0
0	17
0	0
0	147
0	0
0	56
7	38
0	35
0	0
0	4
0	76
0	0
0	0
0	5
0	5
0	5
0	4
0	4
0	4
0	4
0	0
0	4
0	4
1	7
0	8
0	5
0	1
0	0
2338	7576
0	1407
6	0
0	0
0	7577
12	312
142	611
1	204
612	598
0	8
0	0
0	0
0	0
5	1289
0	1266
0	189
2	10
0	1267
0	0
0	0
0	0
0	0
0	0
0	0
0	53
3	19
0	66
2	4
0	67
1029	1
0	0
0	1
0	1
0	1
0	0
0	0
812	1136
0	124
28	1069
0	13
1	149
0	331
0	137
19	3
0	0
42	680
104	495
7	46
2	98
3	225
0	0
0	0
1044	461
4	313
0	348
1	0
0	0
0	83
0	0
0	10
1	110
4	93
0	93
0	10
2	82
8	1
0	0
21	13
0	4
1	14
0	11
0	33
0	19
0	14
30	2413
0	0
0	0
3	38
1	58
1388	2500
56	2472
4	4
5	77
0	15
0	4
17	175
0	0
0	0
0	0
0	0
39	0
0	0
35	0
0	218
0	51
3	213
63	487
9	684
3	643
5	639
1	166
0	4
0	22
1	0
0	0
5	0
0	0
0	0
0	0
0	0
133	1599
178	1405
1	837
45	246
13	1
0	1599
4616	2
157	12
0	12
10	6000
5	5
4	1
109	1353
2	49
75	288
2	708
6	3
0	50
2	5
37	706
0	45
1	10
0	5993
49	1047
2	6
0	376
2	759
52	960
2	2
3	375
0	16
274	218
0	218
0	78
0	69
865	284
1	163
0	111
0	9
0	0
0	0
0	0
0	0
171	244
4	227
1	108
0	17
18	0
88	60
0	4
0	56
0	0
0	217
12	296
0	92
0	18
0	10
0	10
3	31
0	0
0	0
0	46
0	4
51	50
0	460
0	753
0	0
0	0
2	0
0	0
0	13
0	12
0	161
0	0
0	40
0	1
0	12
0	137
0	1
0	0
0	0
0	2
0	0
0	0
0	3
0	20
0	390
0	17
0	18
0	0
0	0
108	0
42	337
0	3220
0	0
669	0
0	19
0	0
0	0
0	47
0	932
0	893
122	0
0	0
2	6330
0	5342
0	309
0	0
0	0
0	0
0	0
0	0
0	0
0	0
1	157
0	0
0	0
0	0
0	34
0	503
0	321
0	0
1	127
0	0
0	0
0	542
0	0
0	2
0	1
0	1
0	5
0	4
0	1
0	2084
0	2
0	36
0	36
0	29
0	101
0	313
0	0
3	5
0	3
0	23
0	10
0	135
0	37
0	7
0	38
0	2
0	0
0	180
0	504
0	0
0	0
0	459
0	1
0	0
0	27
0	20
0	37
0	28
0	28
0	2217
0	9
0	14
0	2201
0	7
0	25
0	10
0	11
0	12
0	126
0	79
0	0
0	0
0	1
0	0
0	0
0	0
0	0
0	0
0	0
0	0
0	0
0	0
0	0
0	0
0	0
0	0
0	0
0	0
0	0
0	0
0	0
0	0
0	0
0	0
0	0
0	0
0	0
0	0
0	0
0	0
0	0
0	0
0	0
0	0
0	0
0	0
0	0
0	0
0	0
0	0
0	0
0	0
0	0
0	0
0	0
0	0
1	0
0	0
0	0
0	0
0	0
0	0
0	0
0	0
0	0
0	0
0	0
0	0
0	0
0	0
0	0
0	0
0	0
0	0
0	0
0	0
0	0
0	0
0	0
0	0
0	0
0	0
0	0
0	0
0	0
0	0
0	0
0	0
0	0
0	0
0	0
0	0
0	0
0	0
0	0
0	0
0	0
0	0
0	0
0	0
0	0
0	0
0	0
0	0
0	0
0	0
0	0
0	0
0	0
0	0
0	0
0	0
0	0
0	0
0	0
0	0
0	0
0	0
0	0
0	0
0	0
0	0
0	0
0	0
0	0
0	0
0	0
0	0
0	0
0	0
0	0
0	0
0	0
0	0
0	0
0	0
0	0
0	0
0	0
0	0
0	0
0	0
0	0
0	0
0	0
0	0
0	0
0	0
0	0
0	0
0	0
0	0
0	0
0	0
0	0
0	0
0	0
0	0
0	0
0	0
0	0
0	0
0	0
0	0
0	0
0	0
0	0
0	0
0	0
0	0
0	0
0	0
0	0
0	0
0	0
0	0
0	0
0	0
0	0
0	0
0	0
0	0
0	0
0	0
0	0
0	0
0	0
0	0
0	0
0	0
0	0
0	0
0	0
0	0
0	0
0	0
0	0
0	0
0	0
0	0
0	0
2	9
0	6
1	7
0	0
0	0
14	9
2	0
45	3
1	8
9	13
1	11
1	1
0	1
0	1
0	1
2	1
0	1
2	0
0	0
0	0
0	0
0	0
0	0
0	0
0	0
0	0
0	0
0	0
115	3
1	3
4	8
0	4
7	30
28	30
0	0
0	0
0	0
0	0
0	0
0	0
0	0
0	0
15	57
34	12
0	52
0	0
0	0
7	0
0	0
72	0
0	0
0	1
0	1
3	3
1	3
0	3
0	3
0	0
2	368
3	209
201	236
1	14
7	8
46	37
0	0
5	0
0	37
3	8
6	0
0	7
0	7
0	1
13	1
0	0
0	0
0	0
0	0
0	0
0	0
0	0
2	89
159	130
7	130
0	0
20	0
103	20
0	20
0	0
0	0
0	0
0	0
0	0
2	41
0	0
4	0
0	0
0	0
0	0
0	2
0	0
0	0
0	0
0	0
0	0
46	0
0	0
0	0
1	58
0	0
0	0
0	3
0	2
0	0
0	0
6	1
0	2
0	0
6	0
2	0
0	3
0	0
0	0
7	0
15	502
38	0
0	8
0	0
0	0
15	22
0	0
0	0
0	4
1	0
4	64
2	36
0	0
47	23
3	0
0	9
2	0
0	112
0	4
0	0
0	0
7	0
0	14
0	0
11	4
0	6
0	0
0	0
0	0
0	65
0	6
0	0
0	0
2	0
0	0
0	0
1	1
0	0
0	0
0	0
0	0
0	0
0	0
1	0
0	0
0	0
6	0
3	0
0	0
0	0
0	3
1	0
0	0
0	0
0	0
0	0
0	0
0	0
0	0
0	1
0	0
0	0
0	0
0	0
0	0
0	0
0	0
0	0
0	0
0	0
0	0
0	0
27	27
0	0
0	0
0	0
2	0
0	0
0	2
0	0
0	0
0	0
0	0
0	0
0	0
0	0
0	1
0	0
0	0
0	0
0	8
0	13
0	0
0	0
0	0
0	0
0	0
0	0
0	0
0	0
0	0
0	0
0	0
0	0
0	0
0	0
0	0
0	0
63	144
0	144
0	0
0	0
0	0
0	0
1	0
0	0
11	49
1	0
10	85
0	56
0	39
0	0
0	0
0	0
0	0
0	0
0	0
0	0
3	0
0	0
0	0
0	0
23	64
45	143
206	165
0	17
8	112
0	107
0	5
3	0
3	0
0	0
0	0
0	7
0	0
0	0
0	0
0	0
0	0
7	0
2	6
0	1
1	2
0	2
0	0
0	0
0	0
0	0
0	0
0	0
1	0
0	0
0	0
0	0
0	0
0	0
1	0
0	0
0	0
0	0
0	0
0	0
0	0
0	0
0	0
0	0
0	0
0	0
0	0
0	0
0	0
0	0
0	0
0	0
0	0
0	0
0	0
0	0
0	0
0	0
0	1
0	0
0	0
0	1
2	0
0	8
0	0
0	0
0	1
0	0
0	0
3	0
0	0
3	4
12	1
1	1
0	2
0	0
0	0
0	0
0	0
0	0
0	0
0	0
0	0
0	0
0	0
0	0
0	0
0	0
0	0
0	0
0	0
0	0
0	0
0	1
0	1
0	0
0	0
0	0
0	0
0	1
0	1
0	1
0	0
0	0
0	0
0	0
0	0
0	0
0	0
0	0
0	0
0	0
0	0
0	0
2	4
0	4
21	1
0	1
0	0
0	0
0	0
0	0
0	0
0	0
163	464
6	461
7	0
0	0
0	0
0	0
0	0
0	0
5	2
0	5
1	5
0	3
0	0
0	0
0	0
0	0
0	0
0	0
0	0
0	0
0	0
0	0
0	0
0	0
0	0
97	5
0	23
2	9
83	4
0	3
0	3
1290	1747
0	1490
5	249
2081	817
0	6
0	0
0	0
0	0
0	0
0	0
2	0
0	0
0	0
3	1
1	25
0	0
1	0
1	1
0	0
0	0
0	0
0	0
2	0
0	0
43	0
0	4
9	8
10	0
16	4
0	0
0	0
0	0
0	0
0	0
0	0
0	0
0	1
0	6
1	8
0	8
0	7
0	0
0	0
0	0
0	0
0	5
0	5
0	4
1	0
0	0
1	0
0	0
0	0
0	0
180	58
44	53
124	105
0	6
3	58
0	0
0	0
0	0
1	0
0	0
1	10
0	10
0	0
0	0
0	0
0	3
0	3
0	0
0	0
0	0
2	8
0	8
0	0
0	0
0	0
0	0
0	0
0	0
0	0
0	0
0	0
0	0
0	0
0	0
0	0
0	0
0	0
0	0
0	0
0	0
0	0
0	0
0	0
0	0
0	0
0	0
0	0
0	0
0	0
0	0
2	1
0	1
0	0
0	0
0	0
0	0
0	0
0	0
0	0
0	0
0	0
0	0
0	0
0	0
0	0
6	0
0	0
0	0
1	0
0	0
0	0
0	0
0	0
25	0
0	0
0	0
0	0
0	0
0	0
0	0
0	0
0	0
0	0
0	0
0	0
0	0
0	0
0	0
0	0
0	0
0	3
0	3
0	0
0	1
1	1
0	0
0	0
0	0
18	32
11	32
62	17
0	0
0	0
0	0
38	340
306	343
0	0
30	0
1	0
0	0
0	0
71	20
0	20
29	2
0	1
1	0
0	0
0	0
0	0
0	0
7	825
0	14
0	368
0	0
0	0
0	0
0	0
0	0
0	0
0	0
0	0
0	0
0	0
1	0
0	0
0	0
0	0
0	0
0	0
0	0
0	0
0	0
0	0
0	1
1	1
0	0
0	0
0	1
0	0
0	0
0	0
1	0
0	0
0	0
0	0
0	0
0	0
0	0
0	0
0	0
0	0
0	0
0	0
0	0
0	0
90	0
0	0
0	0
0	0
0	0
0	0
0	0
0	0
0	0
0	0
0	0
62	226
0	19
0	43
0	154
5	2
2	179
25	69
1	59
0	0
0	0
0	0
0	0
0	0
0	0
0	0
0	0
0	0
0	0
0	0
0	0
0	0
0	0
0	0
0	0
0	0
0	0
0	0
0	0
0	0
0	0
7	1
6	17
188	1126
5	8
92	127
0	11
3	132
0	0
0	0
0	0
0	0
0	1
0	0
0	0
0	0
0	0
0	0
0	0
0	0
1	586
115	587
732	182
0	181
0	0
0	0
0	0
0	0
0	0
0	0
0	0
0	0
0	0
0	0
0	0
0	0
0	0
14	13
33	14
0	0
0	0
0	0
0	0
0	0
0	0
1	0
0	0
0	0
0	0
0	0
0	0
0	0
0	0
1	2
0	0
0	0
0	0
0	0
0	0
2	0
0	0
0	0
0	0
0	0
0	0
0	0
0	0
1	0
0	0
0	0
0	0
0	0
0	1
0	2
6	17
0	0
0	0
0	0
0	0
0	0
0	0
0	3
11	1
0	0
0	0
0	0
0	0
0	0
0	0
0	0
0	0
0	0
0	0
1	0
0	0
0	0
0	0
0	0
0	0
0	0
0	0
0	0
599	127
0	127
0	0
0	0
0	0
0	0
0	0
0	0
0	0
0	0
0	0
0	3
0	3
0	0
0	0
0	0
0	0
5	169
0	127
24	17
23	17
12	63
10	37
0	0
0	0
0	0
0	0
0	0
0	0
0	0
4	0
0	0
0	0
0	9
0	9
0	1
0	1
0	0
0	0
0	0
0	0
22	123
4	74
5	70
0	15
7	122
9	10
0	5
2	36
0	11
0	3
0	6
0	5
0	1
0	1
0	0
0	2
0	1
0	1
0	0
0	2
2	2
0	2
0	0
0	0
0	0
4	0
0	0
0	0
7	13
1	14
28	7
23	49
8	17
6	33
16	109
1	109
0	0
0	0
0	0
0	0
0	0
0	0
0	0
0	0
0	0
0	0
0	0
0	0
0	0
0	0
0	0
0	0
0	0
0	0
2	0
0	0
0	0
0	0
0	0
4	41
0	26
0	0
0	0
0	0
0	0
0	0
0	1
0	1
0	0
0	0
0	0
0	0
0	0
0	0
38	1
7	1
0	0
0	0
0	0
0	0
0	0
13	0
0	0
0	0
0	0
0	0
0	0
13	53
100	0
22	75
1	18
23	85
12	41
0	27
1	0
0	0
141	520
2	0
0	0
0	0
0	0
5	0
1	0
2	2
0	0
0	0
0	0
0	0
0	0
0	0
0	0
0	0
0	0
0	0
0	0
0	0
0	0
0	0
5	3
0	3
0	0
0	0
1	2
0	2
1	1
0	0
0	1
0	1
4	0
0	0
871	645
1740	2135
6	2906
3	2332
5	1
0	1
0	0
0	0
0	0
0	0
0	0
0	0
0	0
0	0
0	0
0	0
0	0
0	0
0	0
0	0
0	16
3	0
2	0
1	309
133	2173
0	0
0	0
0	7
0	0
0	0
1	62
0	0
0	0
0	0
0	0
0	0
0	0
0	0
1	0
0	0
106	0
0	0
0	52
1	0
0	0
0	0
0	0
0	0
0	92
0	0
0	0
0	8
0	0
0	0
0	0
0	0
0	0
66	0
0	0
0	0
0	0
0	0
0	0
0	0
0	0
0	0
0	0
0	0
0	0
0	0
0	0
5	0
0	204
7	138
0	0
0	0
2	0
0	0
0	0
0	0
0	0
0	0
0	0
0	0
0	0
0	0
1	0
0	0
0	0
0	0
2	0
0	0
0	12
0	0
0	0
0	0
0	0
0	0
0	0
0	0
0	0
0	184
0	0
0	0
0	0
0	0
0	0
0	0
0	0
0	0
1	0
0	0
0	0
0	0
0	0
0	0
0	0
0	0
0	0
0	0
0	0
0	0
1	0
0	0
0	0
0	0
0	0
2	10589
0	0
0	0
0	0
0	0
0	0
0	0
0	50
0	0
0	0
0	0
0	0
0	0
2	0
0	0
0	0
0	0
0	0
0	0
0	0
0	0
0	0
0	0
0	0
1	110
0	0
0	0
0	0
0	4
3	0
0	0
0	0
0	0
0	0
0	0
0	0
1	0
0	0
0	0
0	0
0	0
0	0
0	0
0	0
0	0
0	0
0	0
4	2
0	0
1	0
0	0
0	0
0	0
0	0
0	0
0	0
0	0
0	0
0	0
0	0
0	0
0	0
0	0
0	0
0	0
0	6
0	0
0	0
0	0
0	0
0	0
0	0
0	0
0	0
0	0
0	0
0	0
0	0
0	0
0	0
0	0
0	0
0	0
0	0
0	0
0	0
0	0
0	0
0	0
0	0
0	0
2	0
0	0
0	0
0	0
0	0
5	0
0	0
0	0
0	0
2	0
1	0
0	0
0	0
0	0
0	0
0	0
0	0
0	0
0	0
0	0
0	0
0	0
0	3
0	0
0	0
0	0
2	0
0	3
0	0
0	0
1	2
0	0
0	0
0	0
0	0
0	0
3	1189
0	0
0	0
0	0
0	0
1	0
0	0
0	9
0	0
0	0
0	0
0	0
0	0
0	0
0	0
0	0
0	0
0	0
0	0
0	0
0	0
0	0
0	0
0	0
0	0
0	0
0	0
0	0
0	0
0	123
0	0
0	0
0	0
0	0
0	0
0	0
0	0
0	0
0	0
0	0
11	0
0	0
0	0
0	0
0	0
1	0
1	18
0	0
0	0
0	0
0	0
0	0
1	445
2	2
0	0
3	0
0	0
0	0
0	0
0	0
0	0
0	0
0	0
0	0
0	0
0	0
0	0
1	0
0	0
0	0
1	466
0	0
0	0
0	0
0	0
1	0
0	0
0	0
0	0
0	0
0	0
0	0
0	0
0	0
3	0
0	0
0	825
0	0
0	0
0	0
0	0
0	33
0	4
0	4
0	0
2	2
0	0
0	0
0	0
0	0
0	0
0	0
25	0
0	0
0	0
0	0
0	0
4	0
0	0
0	0
0	0
0	0
0	0
1	0
0	0
0	0
0	135
0	0
0	0
0	0
0	0
4	0
2	0
0	0
0	0
0	0
0	0
11	1204
1	0
0	0
0	0
7	1665
0	0
0	0
0	0
0	0
0	0
0	0
0	1498
0	0
0	0
30	4
0	0
0	0
0	0
0	0
0	0
0	0
2470	8275
0	321
0	0
1	0
1	0
0	0
0	0
0	0
0	0
0	92
1	0
0	10
0	0
2	0
0	0
0	0
1	668
0	0
0	0
0	0
0	0
0	0
0	0
0	0
0	0
0	0
0	0
0	0
0	0
0	0
0	0
0	0
0	0
0	0
0	0
0	0
0	0
0	0
0	0
0	0
0	0
0	0
0	0
0	22
0	0
0	0
0	0
0	0
0	0
0	0
0	0
0	0
0	28
0	0
0	0
0	0
0	0
1	0
0	0
0	0
0	0
0	0
0	0
1	789
0	0
0	0
0	0
1	70
0	0
2	0
0	0
0	0
0	0
0	0
0	0
0	0
0	0
0	0
0	0
0	0
0	2
0	0
0	0
0	0
0	0
0	0
0	0
0	0
0	0
0	0
0	0
0	0
0	0
0	0
0	0
0	0
0	0
0	0
0	0
0	96
0	0
0	0
0	0
0	0
1	0
0	10
0	0
0	0
0	0
0	4124
2	350
0	0
0	0
2	0
0	0
2	2
0	0
0	0
0	0
0	0
0	0
0	3
0	0
0	188
0	0
0	0
0	0
0	0
1	3
0	0
0	0
0	0
0	0
0	0
1	0
0	0
0	0
0	0
0	266
0	0
0	0
1	0
0	0
0	0
0	0
0	0
0	0
0	0
0	0
0	0
0	0
0	0
7	0
0	0
0	0
0	0
0	0
0	0
0	0
0	0
0	0
2	0
0	0
0	0
0	0
0	0
0	0
0	0
0	0
0	0
0	0
0	0
0	0
0	0
0	6
0	3
0	0
0	0
1	34
0	0
0	0
1	0
0	0
29	29
0	0
1	0
0	0
0	3
0	0
0	0
0	0
0	0
0	0
1	0
0	0
0	0
0	0
0	0
0	0
0	0
0	0
0	0
0	0
0	0
14	414
0	0
0	0
0	0
0	0
1	0
0	0
0	0
0	0
0	215
0	0
0	0
0	0
9	0
0	0
27	0
0	0
0	0
0	0
2	38
0	0
0	3
0	0
1	0
0	0
0	0
0	0
0	0
0	0
0	0
0	0
1	0
0	0
0	0
0	0
0	0
0	0
0	0
0	0
0	0
0	0
0	0
0	0
0	61
0	0
0	0
0	0
0	0
0	0
0	1
0	0
0	0
0	0
2	215
0	20
0	0
0	0
0	0
0	0
0	0
1	0
0	0
0	0
0	0
0	0
2	0
0	0
0	0
0	0
1	0
0	0
0	0
0	0
0	0
0	0
0	0
0	16
0	0
0	27
0	0
0	0
0	0
0	0
0	0
0	0
0	0
0	0
0	0
0	0
0	0
0	0
0	0
0	0
0	0
0	0
0	0
0	0
0	0
0	3
0	0
0	0
0	0
12	10
0	0
0	0
0	0
0	0
0	0
0	0
0	0
0	0
0	0
1	73
0	0
0	0
0	0
0	0
13	351
0	0
0	0
1	0
0	0
2	18
0	0
2	342
0	0
0	0
0	0
0	0
0	0
0	0
0	0
0	85
0	0
0	0
0	0
0	0
0	0
0	0
1	0
4	0
0	0
0	0
0	0
0	0
0	0
0	0
0	0
0	0
0	0
0	0
0	0
0	0
0	0
0	0
0	0
0	0
0	0
0	0
0	0
0	0
0	0
0	0
0	0
0	0
1	0
0	0
0	0
0	0
0	0
0	0
0	0
0	0
32	752
0	0
2	205
0	0
0	0
0	0
0	0
0	0
0	0
0	0
0	0
0	0
0	0
0	0
0	1
0	0
1	0
0	0
0	0
0	0
0	0
0	0
0	0
0	0
0	0
0	0
0	0
0	0
0	0
0	0
7	0
0	0
0	0
0	0
0	0
4	20
0	0
0	0
0	0
0	0
2	885
0	0
0	0
0	0
0	149
0	0
3	0
0	0
0	0
0	815
0	0
0	0
2	0
0	0
0	0
0	0
0	0
0	0
2	0
0	0
0	0
0	0
0	0
0	0
0	0
2	35
1	0
0	0
0	0
0	0
72	106
0	0
0	0
0	4136
0	0
0	0
0	0
0	0
25	0
0	0
2	0
0	7
0	0
0	0
0	58
0	0
1	86
0	0
0	0
0	0
2	0
7	0
0	0
0	0
0	0
2	1
0	0
0	0
0	0
0	0
6	4955
0	0
0	0
0	0
0	0
0	0
0	0
0	0
0	0
0	0
0	0
1	0
0	0
0	42
0	0
0	0
0	0
0	0
0	0
0	0
0	0
1	0
0	0
1	0
0	0
0	0
1	0
0	0
0	0
0	0
0	0
0	0
0	0
2	0
0	0
0	83
0	0
0	0
0	149
1	1
0	0
0	0
0	0
0	0
0	0
0	0
0	0
0	0
0	0
0	0
0	0
0	0
0	0
1	0
0	138
0	117
0	0
0	0
0	0
0	0
0	0
0	0
0	0
0	0
0	0
0	0
0	0
0	0
0	0
0	0
0	0
19	0
0	0
0	0
0	0
0	0
0	0
0	0
0	0
1	0
0	0
0	0
0	0
0	0
0	0
1	183
0	0
0	0
0	0
0	1
0	5
0	0
0	0
0	0
0	0
0	0
0	0
0	0
0	2
0	0
0	0
19	253
0	0
0	0
1	0
0	0
0	0
0	0
0	0
0	0
0	0
0	0
0	0
0	20
0	0
0	0
1	55
0	0
0	0
0	0
0	0
0	0
0	0
3	0
0	0
1	0
0	0
0	0
0	0
0	0
0	0
0	0
0	0
0	0
0	0
2	427
0	0
0	0
0	0
0	0
0	0
0	0
0	0
0	0
6	0
0	0
0	0
0	0
0	0
0	0
0	0
0	0
1	0
2	0
4	0
0	0
1	0
0	0
1	0
7	0
0	0
0	0
0	0
0	0
0	0
0	0
1	0
0	0
0	0
0	0
0	0
2	164
0	0
0	0
0	0
0	0
0	0
0	0
0	60
0	0
2	146
0	0
1	1251
0	2
0	0
0	0
7	0
1	0
0	0
0	0
0	0
0	3
0	0
0	0
0	0
0	0
0	0
0	0
0	0
1	0
4	0
0	0
0	0
0	0
0	0
10	109
0	0
0	0
0	0
0	0
0	0
0	0
0	0
0	0
0	0
0	0
0	0
0	0
0	0
0	0
1	85
0	32
0	0
0	0
0	0
0	0
0	0
0	0
0	0
0	0
0	0
1	127
0	0
0	0
0	0
0	769
0	7
0	6
0	0
0	0
0	0
0	0
0	0
0	0
0	0
0	0
0	0
0	0
0	0
0	2
0	0
0	186
1	1549
1	0
0	0
0	0
0	0
0	0
0	0
5	1344
0	0
0	0
0	0
0	3
0	0
0	0
0	0
0	0
0	0
0	0
0	775
0	0
0	0
0	0
0	0
0	0
0	0
0	0
0	0
0	0
0	9
0	0
0	0
0	0
0	0
0	0
0	1
0	0
0	0
0	0
0	0
0	0
0	0
0	0
0	0
0	0
0	0
0	1
0	0
0	0
0	0
0	0
46	2
4	0
0	0
0	0
0	0
0	44
0	0
1	0
0	0
8	4960
0	0
3	0
0	0
0	0
0	0
0	0
1	0
1	0
0	0
0	0
0	0
0	0
0	0
1	20
0	0
0	0
0	0
0	19
0	0
0	0
0	1
7	0
0	0
0	0
0	0
0	0
0	0
0	0
0	0
0	0
0	0
0	0
0	0
0	0
0	0
0	0
0	0
0	0
0	0
0	0
0	0
0	0
0	75
0	0
0	0
0	0
0	0
0	0
0	0
0	0
0	0
0	0
0	0
0	0
0	0
0	0
0	0
0	0
0	0
0	0
0	0
0	1
0	0
0	53
0	0
0	0
0	0
0	0
0	0
0	0
0	0
0	0
0	0
0	0
3	327
0	0
0	0
2	0
0	0
0	0
0	0
0	0
0	0
0	0
0	0
0	0
0	0
0	30
0	1
0	0
0	1
0	1
0	0
2	69
0	0
0	0
0	0
0	0
0	0
0	0
0	0
0	0
1	0
0	0
0	0
0	0
0	0
0	0
0	0
0	0
15	113
0	0
0	0
0	0
0	0
0	0
0	0
0	0
8	0
0	0
0	0
0	0
0	0
0	742
0	10
0	0
0	0
0	0
0	0
7	998
0	0
0	0
0	0
0	0
0	0
0	0
0	0
0	624
0	0
0	0
0	0
0	0
0	0
0	0
0	50
0	0
1	4
0	0
0	0
0	1
0	0
0	0
0	0
0	0
0	0
0	5
0	0
0	0
0	0
0	0
0	0
7	2
0	0
0	0
0	0
0	18
0	0
0	0
0	0
0	0
0	0
0	0
0	0
0	0
0	0
0	9
0	0
0	0
0	0
0	0
0	1
0	3
0	0
1	0
0	0
0	0
0	0
0	0
2	504
0	0
0	101
0	1
0	0
0	0
0	0
2	0
0	0
0	0
0	0
0	0
0	2
0	0
0	0
0	18
0	0
1	0
3	0
0	0
1	0
1	0
0	0
2	0
0	4
2	0
0	0
0	0
0	0
0	0
0	0
0	0
0	0
0	0
4	0
0	0
0	0
0	0
0	0
0	0
0	0
0	0
0	0
0	0
0	0
0	0
0	0
0	0
0	0
1	1
0	0
0	0
0	0
0	0
0	0
0	0
0	0
1	0
0	0
2	0
0	0
0	0
0	0
0	0
0	0
0	0
0	0
0	0
0	0
0	0
0	0
1	0
0	0
0	0
0	0
0	0
1	0
0	0
0	0
0	0
0	0
0	84
0	19
0	0
0	0
2	0
0	0
0	0
2	0
0	0
0	0
0	0
0	220
0	0
0	0
9	0
1	269
0	0
0	588
0	0
0	0
0	742
0	0
0	0
0	0
0	0
0	0
0	0
0	0
0	1304
0	0
0	1
0	0
0	0
0	0
0	0
0	0
0	0
28	0
16	0
0	0
0	0
0	0
0	0
0	0
0	0
0	274
0	0
0	0
0	3
0	0
0	0
10	0
0	0
0	0
0	0
0	0
0	0
0	0
0	0
0	0
0	0
2	15
0	522
1	71
0	0
0	0
0	0
0	0
0	0
0	0
0	0
1	0
0	0
0	0
0	0
0	0
0	0
0	0
0	0
0	0
0	0
0	0
0	0
0	0
0	0
0	0
0	0
0	0
0	0
0	0
0	0
2	0
0	0
1	0
0	0
0	0
0	0
0	0
0	0
0	0
0	0
0	0
0	0
4	0
0	0
0	0
0	0
0	0
0	0
0	0
0	130
0	0
0	0
0	0
0	0
0	0
0	0
0	0
0	0
0	0
0	0
0	0
0	0
0	0
0	0
0	0
2	0
0	0
0	0
0	0
0	0
0	0
0	2
0	0
0	0
0	0
0	0
7	0
0	0
1	0
4	2
0	0
0	0
0	0
2	0
0	0
0	0
0	0
2	0
0	0
0	0
2	0
0	5351
0	10
0	0
6	11
0	0
0	0
0	0
0	0
0	0
0	0
0	0
0	0
0	0
0	0
0	0
0	0
1	20
0	0
0	0
0	0
0	0
0	0
1	0
0	0
0	0
0	0
0	0
0	0
0	0
0	0
0	140
0	0
0	0
0	0
0	0
308	244
4	4
0	19
0	0
0	0
0	0
0	0
0	0
0	0
0	0
0	0
0	0
0	3
0	0
0	0
0	0
0	0
0	0
0	0
2	668
0	0
0	0
0	0
1	1
0	0
0	0
0	0
0	0
0	0
0	0
0	0
0	0
0	0
0	0
0	0
0	0
0	0
0	0
0	0
0	0
0	0
0	0
0	0
0	0
0	0
0	0
0	1
0	0
0	0
1096	69
0	1
0	0
0	0
0	0
0	0
0	0
0	0
0	0
0	0
0	0
0	0
73	0
0	0
0	0
0	0
0	0
0	0
0	0
0	0
0	1
0	0
0	0
0	244
0	0
0	86
0	0
168	651
0	0
0	0
0	0
1	0
0	0
0	0
0	0
0	0
0	0
0	0
0	0
0	0
0	0
0	0
0	0
0	0
0	0
0	0
0	0
0	0
0	0
0	0
0	0
0	0
0	0
0	0
0	0
0	0
0	0
152	1624
0	0
0	0
1	0
0	0
0	0
0	0
47	85
0	40
0	0
0	0
0	0
0	0
0	0
0	0
0	0
0	0
0	0
0	0
0	0
0	0
0	0
0	0
0	0
0	1
0	0
0	0
0	3
0	0
9	923
0	0
0	0
0	0
0	0
0	0
0	0
0	0
0	0
0	0
0	1
0	0
0	0
0	0
0	0
0	0
0	0
0	0
0	0
0	0
0	0
0	0
0	0
0	0
0	0
0	0
0	0
0	0
2	0
0	0
0	0
0	0
0	0
0	0
0	0
1	15
0	0
0	0
0	0
0	0
0	0
0	0
0	0
0	0
0	0
0	0
0	0
0	0
0	0
0	0
0	0
0	0
0	0
0	0
0	1275
0	0
1	0
1	0
0	0
0	0
0	0
0	0
0	0
0	2
0	0
0	0
0	0
0	0
0	0
0	0
0	0
0	0
2	5
0	0
1	0
0	0
0	0
0	0
0	0
0	0
0	0
0	0
0	0
2	95
0	0
0	0
0	0
0	0
0	0
1	0
2	0
0	0
0	0
0	0
0	0
0	0
0	0
0	0
0	0
0	0
0	0
0	0
0	0
0	0
0	0
0	0
0	0
0	0
0	0
0	1
0	0
0	0
2	2
0	0
0	0
0	0
0	0
0	0
2	1780
0	0
0	0
0	0
0	0
0	0
0	0
49	32
0	0
0	0
0	3
0	0
0	0
3	683
0	0
0	0
0	16
0	0
0	0
0	0
0	0
0	0
0	0
5	4333
0	0
0	0
0	0
0	0
0	0
0	0
0	0
0	0
0	0
0	0
0	0
0	0
0	0
0	0
0	0
0	0
1	0
0	0
0	0
0	0
0	0
0	0
0	10
0	0
0	0
0	0
0	0
0	0
0	4
0	0
0	0
0	0
0	0
0	9
0	0
0	0
94	615
3	0
0	0
0	136
0	2
0	0
0	2
0	0
0	0
0	2
0	0
0	0
0	5
0	0
1	0
0	0
0	0
0	0
0	0
0	0
0	0
0	0
0	0
1	0
0	0
2	643
0	0
0	0
0	0
0	0
0	0
0	0
0	0
0	0
0	0
0	0
0	0
0	0
0	0
0	0
0	0
0	0
0	0
1	0
0	5
0	0
0	0
0	0
0	0
0	0
0	0
0	0
0	0
0	0
0	1
0	0
0	50
0	0
0	0
0	0
0	0
0	0
0	0
0	1364
0	0
0	0
0	380
0	0
2	0
0	0
0	0
0	0
0	0
0	0
0	0
0	0
1	0
0	0
0	0
0	0
0	0
0	0
0	0
0	15
0	1
0	0
0	0
0	0
0	0
0	0
0	0
0	0
0	0
0	0
0	0
0	0
0	0
0	749
0	0
1	0
0	0
0	1
0	0
0	0
0	0
0	0
0	0
0	0
0	0
0	0
0	0
0	0
0	0
1	0
0	0
0	0
0	0
0	0
2	1700
0	0
0	0
0	0
0	0
0	0
0	0
0	0
0	0
0	0
0	0
0	0
0	0
0	0
0	592
14	3967
0	0
0	0
0	0
0	0
0	0
0	0
9	0
0	0
0	0
0	0
6	0
0	0
0	0
1	0
0	0
0	0
0	0
0	0
0	1
0	0
1	13
0	0
0	0
1	0
0	6
1	0
0	2116
0	0
4	11400
0	0
1	0
0	0
1	2
0	0
0	0
0	0
4	4267
0	0
0	0
0	0
0	0
0	0
0	0
0	0
0	0
0	0
0	0
0	0
0	0
0	0
3	0
0	0
0	0
0	0
0	0
6	42
0	0
0	0
0	0
0	0
0	0
0	0
0	0
0	0
0	0
0	0
32	3
0	0
0	0
0	0
2	954
0	0
2	0
0	0
0	0
0	0
0	1
0	0
0	0
0	0
0	0
0	0
2	11
0	0
0	0
0	0
0	0
0	0
0	0
4	6
0	0
0	0
0	0
0	0
0	0
0	0
0	0
3	3275
0	0
1	0
0	0
0	0
0	0
1	5
9	0
0	0
0	0
0	0
1	0
0	0
1	0
2	2203
0	0
2	1366
0	0
0	0
0	0
3	0
0	0
0	0
0	0
0	0
0	0
5	4038
0	0
3	61
0	0
1	0
9	1316
0	0
0	5
0	29
0	1
0	1
0	0
1	0
0	0
0	0
0	0
0	0
0	3510
0	0
16	3879
1	2
0	0
0	0
0	0
0	96
0	12
0	0
0	0
0	0
2	0
0	0
0	0
0	0
0	0
0	0
0	0
0	0
0	0
0	0
0	71
0	0
0	29
0	0
0	0
1	50
0	0
0	0
0	0
0	0
0	0
0	0
0	0
0	0
0	0
0	0
0	0
31	0
0	0
0	0
0	0
0	0
0	0
2	0
0	0
1	0
1	2063
0	15
0	0
0	0
0	0
0	0
0	0
0	0
0	0
0	0
0	0
0	0
0	0
0	0
0	0
0	0
2	0
0	0
0	0
0	0
0	0
0	0
0	0
0	0
1	0
0	0
0	0
21	0
0	1176
0	0
0	0
0	0
1	831
0	0
0	0
0	0
0	0
0	0
1	730
0	0
0	0
0	0
0	0
0	0
0	0
1	0
0	0
0	0
0	0
0	0
0	0
0	0
0	4
0	0
1	7
0	0
0	0
0	3716
0	0
0	0
0	0
2	0
0	0
0	1
0	0
0	0
0	0
1	0
0	0
0	0
0	0
0	0
0	0
3	1077
1	0
0	0
2	0
0	0
0	0
0	0
0	0
0	0
0	0
0	0
0	0
0	0
0	0
0	0
0	0
0	0
0	0
1	34
0	0
0	0
0	0
0	0
0	0
0	16
0	0
0	0
1	0
0	0
0	329
0	0
0	208
0	0
0	0
0	0
0	0
0	0
0	0
0	0
0	0
0	0
0	86
0	0
15	53
0	0
4	17
0	0
0	0
0	0
0	0
0	0
1	0
0	0
0	0
0	0
0	0
0	2946
3	0
0	0
0	0
0	1
1	0
0	0
0	0
0	0
0	0
0	0
1	3
0	0
0	0
0	0
0	0
2	1739
0	0
0	346
0	13
3	83
0	0
0	0
11	0
0	0
0	0
0	0
0	0
0	0
0	0
4	0
0	0
0	0
0	0
1	0
0	0
0	0
0	0
0	0
0	0
0	0
0	0
0	0
0	0
0	0
0	0
0	0
0	0
0	0
0	0
0	0
0	0
0	0
0	0
0	0
0	0
0	154
0	0
0	0
0	0
0	0
0	0
0	0
10	660
0	0
0	0
0	0
0	0
0	0
0	0
0	0
5	0
0	250
0	0
0	0
0	0
0	0
0	0
0	83
0	0
0	0
2	227
0	0
0	19
0	0
0	0
0	1
0	0
0	0
0	0
0	0
0	0
0	0
0	0
1	0
1	0
0	0
1	23
2	1515
0	0
0	0
0	0
0	0
1	0
0	0
2	0
0	0
0	0
0	0
1	0
0	0
3	0
0	0
0	0
3	0
0	0
0	0
0	0
0	0
3	1334
0	0
0	0
0	0
2	0
2	0
0	0
0	10
0	0
0	0
0	9
2	2915
0	0
0	0
0	0
0	0
0	0
0	0
0	0
0	0
0	0
0	0
0	0
0	1
0	0
2	17
0	0
0	0
0	0
0	1
0	0
0	91
0	0
0	0
0	0
0	1
0	0
0	0
0	0
1	0
0	0
0	8
0	0
0	0
0	0
0	0
0	0
0	0
0	0
0	0
0	0
0	0
1	134
0	0
0	0
0	0
0	0
0	0
0	0
0	0
0	31
0	0
1	0
11	41
4	0
2	0
0	0
2	366
0	0
0	0
0	0
0	0
0	0
0	0
1019	5100
0	0
1	0
0	0
0	0
0	0
0	0
0	0
0	0
0	0
0	0
0	0
1	18
0	0
0	0
0	0
0	0
0	0
4	0
0	0
11	0
0	0
0	0
0	0
0	0
0	0
0	0
4	101
0	0
0	0
0	0
0	0
0	0
0	0
0	0
0	0
0	0
0	0
0	0
0	0
0	0
0	0
0	0
0	0
0	0
0	0
0	0
0	0
0	0
1	14
0	0
0	1
0	0
0	0
0	0
0	0
0	0
2	7
0	0
4	0
0	0
0	0
0	0
0	0
0	0
0	0
0	154
0	0
0	0
0	0
0	0
0	0
0	0
0	0
0	0
0	0
0	0
0	0
1	7
0	0
0	0
1	6
0	0
0	0
0	0
0	0
0	0
0	0
0	0
0	0
0	0
0	0
0	0
0	0
0	0
0	3517
0	0
0	0
0	0
3	101
0	0
0	0
0	0
0	2
0	0
0	0
0	0
0	0
0	0
0	0
0	0
0	0
0	0
1	292
0	0
0	0
0	115
0	0
0	0
0	0
1	0
0	0
0	0
0	0
0	0
0	0
0	0
0	0
0	0
0	0
2	0
0	0
0	0
0	0
0	0
0	1
0	0
0	0
0	0
0	0
0	841
0	0
0	0
0	0
0	0
0	0
0	0
0	0
0	0
0	0
0	0
0	0
0	0
0	0
0	0
1	0
1	0
1	0
0	0
0	420
0	0
0	0
0	0
2	0
0	0
0	0
3	26
1	0
0	0
0	281
0	0
0	0
0	0
0	1
0	0
0	0
0	0
0	0
0	0
0	0
0	457
0	0
0	423
0	0
0	0
0	0
0	0
0	0
0	0
0	0
0	0
0	38
0	0
0	0
0	0
0	0
0	0
0	0
14	895
0	0
0	0
0	0
0	0
0	0
0	0
0	0
0	0
0	0
0	0
0	0
0	0
0	0
0	0
0	0
1	0
0	0
0	0
0	0
0	0
5	0
0	0
0	0
0	18
0	1
1	0
0	0
0	0
0	0
0	216
0	0
0	0
0	0
0	0
0	0
0	0
3	0
0	0
0	0
0	0
0	0
5	0
0	0
1	855
0	0
0	0
0	18
0	0
0	0
0	0
0	0
0	0
0	0
0	0
0	0
0	0
0	0
0	0
0	0
2	0
0	1
5	0
0	0
0	0
0	0
0	0
0	0
0	0
0	0
0	0
1	1
0	0
0	0
0	0
0	0
0	0
0	0
0	0
0	0
0	0
0	0
0	0
0	0
0	0
0	0
0	0
0	0
0	0
0	0
0	0
0	0
0	0
0	0
0	0
0	0
0	0
0	0
0	0
0	0
1	0
0	0
0	0
0	0
0	0
0	1
1	0
0	0
0	0
0	0
0	0
0	0
0	0
0	0
0	0
0	0
1	0
0	0
0	0
0	0
0	0
1	0
0	0
0	0
0	0
0	0
0	0
1	0
0	0
0	0
0	0
0	0
0	0
0	0
0	0
0	55
0	0
0	0
0	1
0	57
0	0
0	0
0	0
0	0
0	0
0	0
0	0
0	0
0	0
0	0
2	0
2	0
0	0
0	0
0	0
0	0
0	0
0	0
0	0
0	0
0	0
0	0
0	0
0	0
0	0
0	0
0	0
0	0
0	0
0	7
4	0
0	0
0	0
0	0
0	0
0	0
0	0
0	0
1	9
0	0
0	0
0	0
0	0
0	0
0	0
0	0
0	0
0	0
0	0
0	0
0	0
6	0
0	0
0	0
0	0
0	0
0	0
0	0
0	0
0	0
0	0
0	0
0	0
0	0
0	0
0	0
0	0
0	0
0	2194
0	0
2	0
0	447
0	0
0	0
0	0
0	0
0	2
0	0
0	0
1	0
0	0
0	0
9	716
47	83
0	0
0	0
0	0
0	0
1	13
23	2951
0	0
0	0
2	683
0	0
0	0
0	0
0	0
0	0
0	0
0	0
1	0
1	434
1	0
0	5
0	0
3	0
0	0
4	0
0	0
0	0
0	0
0	0
0	0
0	45
1	0
258	219
0	0
0	0
0	0
0	0
0	0
0	0
0	0
0	0
0	0
0	0
3	0
0	0
0	0
0	0
0	0
1	0
0	0
0	7
0	0
0	0
0	0
2	344
0	0
0	0
0	0
0	0
0	0
0	0
0	0
0	0
0	0
0	14
0	0
159	390
0	0
0	0
0	0
0	0
0	0
0	0
0	0
0	3327
0	0
0	0
0	714
0	0
0	0
0	0
0	0
0	28
0	0
0	0
0	0
0	0
0	0
0	1
1	3
2	0
4	0
4	0
3	215
0	0
1	0
18	0
0	0
0	14
0	0
0	0
0	0
0	0
1	2
1	3
0	0
0	0
0	0
0	8
0	363
0	0
0	0
0	0
0	0
0	0
0	0
0	0
0	0
2	0
0	16
0	0
0	0
0	0
0	0
0	0
0	0
2	0
0	0
0	6
0	0
0	0
0	0
0	0
0	0
0	0
0	0
0	0
0	0
0	0
0	0
0	0
0	0
0	0
0	0
0	0
0	0
0	0
0	0
0	0
0	0
1	0
21	0
0	0
0	0
0	0
0	1
0	0
0	0
0	0
0	0
0	0
0	0
0	0
0	0
0	0
0	0
0	0
0	0
0	0
0	0
0	0
0	0
2	0
0	0
0	0
0	0
0	0
0	0
0	0
0	0
0	0
0	0
1	1
0	0
0	0
0	881
1	0
0	0
0	0
0	0
8	15
0	0
1668	1110
0	0
0	0
0	0
7	476
0	327
1	95
0	0
0	0
0	0
0	0
0	0
173	431
0	0
0	0
0	0
0	0
0	0
0	132
0	0
0	0
0	0
0	0
0	0
0	1
0	0
0	0
0	0
0	0
0	0
0	0
0	0
3	0
0	0
0	1
0	5
0	0
31	0
4	4195
0	0
1	0
0	0
0	0
2	2366
0	0
0	0
0	0
0	0
0	0
0	0
0	0
0	0
4	29
1	0
3	0
2	0
1	1570
0	0
0	0
0	0
0	0
0	0
0	0
0	0
0	2
0	0
0	0
0	0
0	0
0	0
0	0
0	0
0	0
0	0
0	0
0	0
0	0
0	0
0	0
0	0
0	0
0	0
0	0
1	0
0	0
0	29
0	0
0	0
1	0
0	0
0	12
1	0
3	208
0	0
0	0
1	0
0	0
0	0
0	0
0	0
0	0
0	0
9	17541
1	1
0	0
0	0
0	0
0	0
0	0
0	0
0	0
0	0
0	305
0	0
0	0
181	7183
0	0
17	0
2	0
0	0
0	0
0	0
0	0
0	0
0	0
7	0
0	0
0	0
0	0
0	127
0	0
0	0
0	0
0	0
0	0
0	0
1	0
0	0
0	0
0	0
0	0
0	0
0	1425
0	0
0	0
0	0
0	0
0	0
0	0
0	0
0	0
0	0
0	0
0	0
0	0
0	0
0	0
0	0
0	0
0	0
0	0
0	0
0	0
1	0
0	0
0	0
0	0
0	1
0	0
0	0
0	0
0	0
0	0
0	0
0	0
0	0
0	0
0	0
0	0
0	0
0	0
0	0
0	0
0	0
0	0
0	0
0	0
0	0
0	0
0	0
0	0
0	0
0	0
0	0
0	0
0	348
0	0
2	0
2	0
1	0
0	0
0	44
0	0
0	0
0	0
0	0
22	16666
0	0
0	0
0	0
0	0
0	0
0	2375
0	0
0	3
0	0
0	0
0	14
0	0
0	0
0	0
0	0
0	0
0	0
0	0
1	0
0	0
3	4
7	6
0	0
0	0
5	0
0	0
0	0
3	0
0	0
0	0
0	0
0	0
0	0
0	0
0	0
0	0
0	0
0	392
0	0
0	0
0	420
0	0
2	0
2	132
0	0
0	0
0	0
0	0
0	0
0	0
0	0
0	0
0	0
0	0
0	0
0	0
0	0
0	171
0	0
2	0
0	0
0	0
0	0
0	0
0	0
0	0
0	0
2	0
4	0
0	0
0	57
0	0
0	0
0	0
0	0
0	0
0	0
0	0
0	0
0	0
0	0
0	0
0	378
0	0
1	0
0	0
0	0
0	42
0	0
1	3
1	0
0	0
3	0
3	0
0	0
0	0
6	1576
0	0
0	0
0	0
0	0
1	0
0	0
0	0
0	0
0	0
0	0
0	0
0	0
0	0
0	0
0	0
0	0
0	0
0	0
0	0
0	0
0	0
0	0
0	0
0	0
1	0
0	0
0	0
0	0
0	0
0	0
3	3
0	0
0	0
6	8
0	1
0	0
0	0
0	0
2	0
0	0
0	0
2	0
0	0
5	0
0	0
0	0
0	0
0	0
0	0
1	0
2	1
0	1
0	0
1	0
1	0
0	0
0	0
1	82
8	127
0	0
0	0
0	0
148	0
0	0
0	0
0	0
0	1
0	0
2	0
0	13165
0	0
0	0
0	0
0	0
0	0
0	0
0	0
0	0
0	0
0	0
0	0
0	252
0	0
0	0
0	0
0	0
0	0
0	0
2	0
0	0
0	0
2	0
0	55
0	0
0	117
0	132
0	0
583	0
0	10
0	0
0	0
0	0
0	0
0	0
0	5
0	0
0	0
0	0
0	0
0	0
0	3
0	0
0	0
0	0
0	0
0	0
0	0
0	1
0	15
0	0
0	0
2	0
0	0
0	0
0	0
0	0
0	0
0	228
0	0
0	0
0	0
0	0
0	0
0	1
0	0
1	277
0	0
0	0
0	0
0	0
0	0
0	0
0	0
0	0
0	0
0	8
0	0
0	715
0	0
0	0
0	0
0	0
0	0
0	0
0	0
0	4
0	0
0	0
0	0
0	0
0	2520
1	0
0	0
2	950
0	0
0	1
0	0
0	0
0	0
0	0
0	0
0	0
0	0
0	0
4	507
0	0
0	0
0	0
0	0
0	0
0	0
0	0
0	0
0	0
0	0
0	0
0	1
0	0
0	0
0	0
0	0
0	0
0	0
1	24
1	0
0	3
0	0
11	0
0	0
0	0
0	0
0	0
0	0
0	0
0	0
0	0
2	0
0	0
0	0
0	0
0	0
0	1
0	0
0	0
0	0
0	0
0	0
0	0
0	0
0	0
0	0
0	0
0	0
0	0
0	0
0	0
1	0
0	0
0	0
591	144
0	0
0	0
0	0
3	0
0	0
0	0
0	0
0	0
0	0
0	0
0	0
0	0
0	0
0	0
3	1783
0	0
0	0
0	0
0	0
1	0
0	0
4	44
0	0
7	0
0	1032
0	2
0	0
0	0
0	0
0	0
0	0
0	0
0	0
0	0
0	0
4	0
0	0
0	0
0	0
0	0
0	2
0	0
0	0
123	0
0	0
0	0
0	0
0	0
0	53
32	0
0	0
0	48
0	0
0	0
0	0
0	0
0	0
0	0
0	0
4	29
0	38
0	0
0	0
0	6
0	162
0	4
0	0
0	0
0	0
0	0
22	0
0	0
0	0
0	0
1	409
0	0
0	0
0	0
0	0
0	0
0	0
0	0
0	0
0	0
0	0
0	0
0	0
0	0
0	0
0	0
0	0
0	0
0	0
0	0
0	0
0	34
0	0
0	0
0	0
0	0
0	0
0	0
0	0
0	0
0	0
0	0
1	77
0	0
0	0
0	0
0	0
0	6
0	0
0	0
0	0
0	0
0	0
0	0
8	298
0	0
0	0
1	0
0	149
0	0
0	0
0	0
0	0
0	0
0	0
0	0
0	0
0	0
0	2
0	0
0	0
0	0
0	0
2	105
0	0
0	0
0	60
0	0
0	0
1	17
0	0
0	0
0	0
0	65
0	0
0	0
0	0
0	0
0	0
0	0
0	0
0	0
0	0
1	26
0	0
0	0
0	45
14	3
0	0
3	0
0	0
8	1884
2	0
0	0
0	5
1	0
0	0
0	0
0	0
0	0
0	2
0	0
0	0
2	3288
0	0
0	0
2	0
0	0
0	0
0	0
0	0
0	0
0	0
0	0
0	0
0	0
0	0
4	0
0	232
0	203
0	0
0	0
0	0
0	0
0	0
0	0
0	0
4	4491
0	0
0	0
0	0
0	0
0	0
2	0
0	0
0	0
0	0
4	0
6	15
0	8
0	0
0	0
5	1575
0	1
0	0
0	0
0	0
0	0
2	1
0	0
0	0
0	0
0	0
0	0
0	0
0	0
3	0
0	0
0	4
0	0
0	0
0	0
0	0
0	7
0	0
0	0
0	0
0	7
0	0
0	0
1	5
0	0
0	0
0	0
0	0
0	0
0	0
0	21
0	0
0	0
0	24
0	0
0	0
0	0
0	274
0	0
0	0
1	0
0	1
0	11
0	0
0	0
0	0
0	0
0	0
3	0
0	0
0	0
0	0
0	0
0	11
18	70
0	3
0	0
0	0
1	0
10	534
0	0
0	0
2	0
0	0
0	0
0	0
0	0
0	0
0	0
1	6
0	0
0	0
1	0
0	0
0	0
0	0
0	0
0	0
0	0
0	0
0	0
0	0
0	0
8	3
0	1724
0	0
1	0
0	0
0	0
0	0
0	72
0	0
0	2
0	230
0	0
0	0
0	0
0	1920
0	0
0	0
0	0
0	0
0	0
0	0
1	34
0	0
1	0
0	0
0	0
0	0
5	0
1	0
0	0
0	0
0	0
1	3
0	0
0	0
0	0
0	0
0	0
0	0
0	0
0	0
2	0
0	0
0	3
0	0
0	0
0	0
0	0
0	0
0	0
0	0
0	0
0	16
0	0
0	0
0	0
1	0
0	0
0	0
0	0
0	0
0	0
0	0
2	0
0	0
0	0
0	0
1	44
1	0
0	0
23	18
0	0
0	0
0	0
0	0
0	6
0	0
0	0
0	0
0	0
0	0
0	0
0	0
0	0
0	0
0	0
0	0
0	0
0	0
4	176
0	23
0	0
0	0
0	0
0	0
136	46
1	0
0	0
0	0
0	0
0	0
0	0
0	30
0	0
0	0
0	0
0	2
0	0
0	0
0	0
0	0
0	0
0	0
0	0
0	0
0	0
0	0
0	0
0	0
0	0
0	0
0	0
0	0
0	0
0	0
0	1
0	0
1	0
0	5
0	0
0	0
0	0
3	0
1	0
6	554
0	0
0	0
0	0
0	0
0	0
0	0
0	0
0	5
0	0
0	0
0	0
1	0
0	20
1	0
3	3441
0	0
0	0
0	85
5	290
0	0
6	0
1	0
0	0
0	0
0	0
0	0
0	0
0	0
0	0
0	0
0	0
5	0
0	0
0	0
0	0
0	0
0	2
0	0
1	0
0	2
0	0
0	0
0	29
0	0
0	0
0	0
0	440
0	0
0	0
0	27
0	0
0	0
0	0
0	0
0	2
1	3
0	0
0	0
2	0
0	0
0	0
0	0
0	0
0	0
4	0
0	0
1	6
0	0
0	0
0	0
0	0
0	0
0	0
0	0
0	103
0	0
0	0
0	0
0	0
0	0
0	0
0	0
0	0
0	0
0	0
0	24
0	0
0	0
0	0
0	0
0	0
0	0
0	0
1	0
0	2
0	0
0	0
0	0
0	0
0	0
0	0
0	0
1	0
0	0
0	18
0	0
0	0
0	0
0	0
0	0
0	10
0	0
0	3
0	0
0	0
0	0
0	0
0	0
0	0
0	0
0	0
0	0
0	0
0	0
0	4
0	0
1	0
0	0
0	1
0	0
1	4520
0	0
0	0
0	0
0	194
0	0
0	1
0	0
0	0
0	0
1	0
0	0
0	0
4	0
0	0
0	54
0	0
0	0
0	0
0	0
0	0
1	65
0	0
0	0
0	0
0	0
0	0
0	0
0	0
0	0
0	12
0	9
0	0
0	0
0	18
0	0
1	5
0	0
0	0
0	0
0	0
1	6
3	0
0	17
0	0
0	0
0	0
0	0
0	0
0	0
0	0
0	0
0	0
0	0
0	0
0	0
0	0
0	0
0	0
0	0
0	0
0	0
3	0
0	0
0	0
0	0
0	0
0	0
0	5
0	0
0	0
0	0
0	0
0	0
0	0
0	0
0	0
0	0
1	0
0	0
0	0
1	0
6	0
0	0
0	0
0	0
0	1
0	0
0	0
0	0
0	0
0	0
11	9
1	0
1	0
0	0
5	4
0	144
0	22
0	0
0	0
0	0
0	0
0	0
6	0
0	0
0	0
0	0
0	0
1	0
0	27
0	0
0	554
1	0
0	0
0	0
0	0
0	0
0	0
0	0
0	0
0	0
0	0
0	0
0	0
0	11
0	333
0	410
0	0
0	0
0	0
0	0
0	0
0	0
0	0
0	0
0	0
0	0
0	0
0	0
0	0
0	0
0	0
0	0
0	0
0	0
1	383
0	1
0	0
0	0
0	0
0	0
0	0
0	0
0	26
0	0
0	0
0	0
0	0
0	0
0	0
0	0
0	0
0	0
0	0
0	0
0	0
0	0
0	9
0	0
1	0
0	0
0	0
0	0
0	0
0	0
0	0
0	0
0	0
0	0
10	193
0	0
0	0
0	0
0	0
0	0
0	0
0	0
0	0
1	0
3	0
0	0
0	45
0	0
0	45
1	0
0	0
0	14
0	0
2	27
0	994
0	0
26	0
0	0
0	0
1	0
0	0
0	0
0	0
0	0
4	10
0	0
0	0
0	0
0	0
0	0
0	0
0	0
0	0
0	0
5	0
0	0
0	0
211	297
0	0
0	0
0	0
0	0
0	0
2	0
0	0
0	0
0	0
0	0
0	0
0	0
0	0
0	0
3	2981
0	0
0	20
1	0
0	0
0	0
0	0
0	0
0	0
0	0
0	0
0	0
5	0
0	0
0	0
0	0
0	0
0	0
0	0
0	0
0	0
0	0
0	0
0	0
0	0
0	0
0	0
0	0
0	0
0	0
0	0
0	0
0	0
0	0
0	0
0	0
0	0
0	0
0	0
0	0
0	0
0	0
0	0
0	0
0	0
0	0
0	0
1	3
1	0
0	0
0	0
0	0
0	0
0	0
0	0
0	193
0	0
0	0
0	0
0	0
0	0
0	0
0	0
0	0
0	0
0	0
0	0
0	0
0	0
0	0
0	0
0	0
0	0
0	0
0	0
0	0
0	0
0	0
1	0
0	0
0	0
0	1
0	141
0	0
0	0
0	0
0	0
0	0
0	0
0	0
0	0
0	0
0	0
0	0
0	0
1	0
0	0
0	0
0	0
0	0
0	0
0	0
0	0
0	0
3	1523
0	0
0	0
2	290
0	0
0	0
0	0
0	0
0	123
0	0
0	0
0	0
0	0
0	0
1	0
0	0
0	0
0	0
0	0
0	0
0	0
0	0
0	12
0	0
0	7
0	0
0	0
0	0
0	0
0	1
1	0
1	0
0	0
0	0
18	0
0	0
0	1027
0	0
0	0
0	0
0	0
1	0
0	0
0	0
0	0
0	0
0	0
0	0
0	0
0	0
2	0
0	0
0	0
0	0
0	77
0	0
0	0
0	0
0	0
0	0
0	0
0	0
0	0
0	0
0	0
0	0
0	0
0	444
0	0
0	0
0	0
0	0
0	0
1	0
0	0
0	0
0	0
0	0
0	0
0	0
0	0
0	0
0	0
0	0
0	0
0	0
0	0
0	0
0	0
6	64
0	0
0	0
0	0
0	0
0	195
0	0
0	0
0	0
0	9
0	0
0	0
0	0
2	0
0	0
0	1372
0	0
0	0
0	0
0	0
0	0
0	0
0	0
0	0
0	0
0	0
0	0
0	0
0	0
0	0
0	0
0	0
0	1
0	0
0	0
0	0
0	0
0	0
0	0
0	0
0	0
0	1
0	0
0	0
0	263
0	0
0	0
0	0
0	0
6	0
3	1
34	0
0	0
2	0
0	0
0	0
21	0
0	0
0	0
0	0
0	0
0	0
1	0
0	0
0	0
4	0
0	0
0	0
0	0
0	0
0	0
1	11
9	128
0	0
0	0
0	0
3	0
0	0
0	0
0	0
0	0
0	0
0	0
0	0
0	7
0	0
0	0
0	0
0	0
2	0
0	0
0	0
0	0
0	0
0	0
0	0
0	0
0	0
0	1
0	0
0	0
0	0
0	0
0	4
0	0
0	0
0	0
0	0
0	0
0	0
2	0
5	428
0	0
0	1
0	1
0	0
0	0
0	0
0	335
0	0
0	0
0	0
0	0
0	0
1	183
0	0
0	0
0	0
0	0
0	0
0	0
0	4
0	0
0	0
0	0
0	0
1	0
0	0
0	0
0	116
0	0
0	0
0	0
0	164
0	0
0	0
0	0
0	0
0	0
0	0
0	0
0	140
2	93
0	0
0	0
0	0
0	0
1	3
0	0
0	0
0	0
0	0
0	0
0	0
0	0
3	3
0	0
0	0
3	369
0	0
0	15
0	0
0	0
0	0
0	0
0	10
0	0
6	4181
0	0
0	0
0	0
2	0
0	0
0	34
0	0
0	0
0	0
0	0
0	0
0	0
0	0
0	0
0	0
0	3
0	0
0	0
0	0
0	0
0	3
0	0
0	0
0	0
0	0
0	0
0	0
0	0
0	0
0	0
2	7
0	0
0	0
0	0
0	0
0	0
0	0
0	0
0	0
0	0
0	0
0	0
0	0
1	2
0	0
0	0
0	0
0	0
0	0
0	0
0	0
0	0
0	0
0	0
0	0
0	0
0	0
0	0
0	0
0	0
1	0
0	0
0	0
0	0
0	0
0	0
0	0
0	0
0	0
0	0
0	0
0	0
0	0
0	0
2	3273
0	0
0	0
0	0
0	0
0	0
0	0
6	0
0	0
2	300
0	0
0	0
0	0
0	0
0	0
0	0
0	0
2	2
0	0
3	0
0	0
1	0
0	0
0	0
0	2
0	0
0	0
1	393
0	0
0	6
1	0
0	0
0	0
0	0
0	0
0	26
0	0
13	24
0	0
0	0
0	3531
0	0
0	0
2	0
0	0
0	0
0	0
1	10
0	0
0	0
0	0
0	0
0	0
0	0
0	0
0	0
0	0
0	0
2	0
0	0
0	0
0	0
0	0
0	0
0	2
0	0
1	0
0	0
0	0
0	0
0	0
0	0
11	15662
0	0
0	0
1	13
2	0
0	123
0	6
0	0
0	0
0	0
0	0
0	725
0	0
0	0
0	0
0	0
0	2
0	0
0	0
0	0
0	0
0	0
0	0
0	0
0	0
0	1
0	0
0	0
0	0
0	0
0	0
0	0
0	0
0	0
0	0
0	0
0	0
0	0
0	0
0	493
0	0
0	0
0	10
0	0
0	0
0	0
0	0
0	0
0	0
431	0
0	0
0	4
0	0
2	225
0	0
0	0
0	0
0	0
0	0
0	0
0	0
0	0
0	0
0	0
0	338
0	0
0	0
0	0
0	0
0	24
0	0
0	0
0	0
0	0
0	0
0	0
0	0
0	0
0	0
1	0
0	0
0	0
0	0
0	0
0	0
0	0
0	0
0	0
4	2006
0	0
0	0
0	0
0	0
0	0
0	0
0	0
0	0
0	0
0	0
10	19
0	0
0	0
1	308
0	0
0	0
0	0
0	0
0	0
0	0
0	0
0	0
0	0
0	0
0	0
0	0
0	0
0	0
0	0
0	0
0	0
0	0
0	0
0	0
0	0
0	0
0	0
0	0
0	0
0	0
0	0
0	0
0	0
0	0
0	42
0	0
0	0
0	0
0	0
0	0
0	0
0	0
0	0
0	0
0	0
0	0
1	0
0	0
0	0
0	0
0	32
0	0
0	0
0	0
0	0
1	8
0	0
0	0
0	8
0	0
0	0
0	0
0	0
0	0
0	0
0	0
0	0
0	77
0	0
2	846
0	0
0	0
0	492
0	0
13	0
0	3090
0	16
0	0
0	0
0	77
0	2
1	123
0	0
0	0
0	0
0	0
0	0
0	0
2	0
0	0
1	0
0	0
0	0
4277	5797
0	0
0	0
0	0
1	0
0	1
0	0
0	22
0	0
3	0
0	0
0	0
0	0
0	0
0	0
0	0
0	0
0	0
0	0
0	0
0	0
1	1
97	0
0	0
0	0
0	0
0	0
0	0
0	0
0	0
0	0
0	0
0	0
9	1614
0	0
0	0
0	0
0	0
0	0
0	0
0	0
0	0
0	0
0	0
0	0
0	0
0	0
0	0
0	0
0	2
0	0
0	0
0	0
0	0
0	0
0	0
0	0
0	0
0	0
0	0
0	0
0	0
0	7583
5	2
0	0
4	0
0	0
0	2
0	0
9	894
0	0
0	0
0	0
0	0
0	0
0	0
0	0
1	0
1	0
1	0
0	0
0	0
1	1
2	0
0	0
0	0
0	0
11	3974
0	199
8	1450
0	0
0	0
0	0
0	0
0	739
0	0
0	0
0	0
0	0
0	0
0	0
4	0
0	0
0	0
0	0
0	0
0	0
0	0
0	0
0	0
0	0
0	0
0	0
0	0
0	0
3	34
0	0
0	0
0	0
7	0
0	0
0	0
0	0
0	0
0	0
0	0
0	0
0	0
0	0
0	0
0	0
0	0
0	113
0	0
0	0
0	0
0	0
0	0
0	0
1	0
0	4
0	0
4	0
0	0
0	0
0	0
0	0
0	0
0	0
4	60
0	0
0	0
0	0
0	0
0	0
0	0
0	0
0	0
0	0
0	0
0	0
0	0
0	0
0	0
4	0
0	0
0	8
0	0
0	0
0	0
0	0
0	0
0	0
2	0
0	0
0	0
0	0
0	0
0	0
0	0
0	0
0	0
0	0
1	0
0	0
23	24221
1	0
0	0
0	0
0	0
0	24
0	0
147	20
0	0
0	0
0	0
0	0
0	0
0	0
1	0
0	0
0	0
0	0
0	0
0	0
12	1
0	0
1	4
4	0
1	0
1	0
0	0
0	0
0	37
0	0
0	0
0	1
0	0
1	0
0	251
0	0
0	0
0	2204
0	0
0	0
0	20
0	0
0	0
0	0
1	0
0	0
0	0
0	0
0	0
0	0
2	2
0	0
0	0
0	0
0	0
0	0
0	2109
0	0
0	0
0	0
1	191
0	0
0	0
0	0
0	1
0	0
0	0
0	0
0	0
0	0
0	0
0	0
0	0
0	0
0	0
0	0
0	0
0	0
0	0
0	0
0	0
0	0
0	0
6	91
0	0
0	0
1	0
0	0
0	0
0	0
0	0
0	0
0	0
0	0
0	0
0	0
1	0
1	0
0	0
0	0
0	0
0	0
1	0
0	0
0	0
0	0
0	0
0	0
0	0
0	0
0	0
0	0
0	392
0	0
1	0
0	0
0	0
4	0
0	0
0	0
0	120
0	9
7	0
0	0
0	0
0	0
0	0
2	0
0	0
0	0
0	0
0	0
0	0
0	0
0	0
0	0
0	0
0	0
6	0
0	0
0	0
0	0
0	0
0	0
0	0
0	0
0	0
0	0
0	0
0	0
2	0
0	0
2	0
0	0
1	0
0	24
0	0
0	0
0	0
0	0
0	0
0	0
0	0
0	0
0	0
0	0
0	0
0	0
0	0
9	0
0	0
0	0
0	0
0	0
0	0
0	0
0	0
0	0
0	0
0	0
1	0
0	0
2	2379
0	0
0	0
1	0
0	0
0	13
0	0
0	0
0	0
0	0
0	0
0	0
0	0
0	0
3	94
0	0
1	0
0	0
0	0
0	0
0	0
0	0
0	0
0	0
0	0
0	0
0	0
0	0
0	0
0	0
0	0
0	0
0	0
0	0
0	0
0	0
0	0
0	0
0	0
0	0
0	4
0	0
0	0
0	0
0	0
0	0
0	0
0	0
0	0
0	0
0	0
0	0
0	0
4	0
0	49
0	0
0	0
0	0
0	0
0	0
0	0
0	0
0	1
0	0
0	0
0	0
0	0
0	0
0	0
1	0
0	0
0	0
1	3
0	0
0	0
0	0
0	0
0	0
0	0
0	0
0	0
0	0
0	0
0	0
0	0
0	0
0	0
0	0
0	0
0	0
0	0
0	0
0	0
1	0
0	0
0	0
1	0
0	0
0	0
4	10
1	31
0	0
0	0
0	0
0	0
0	0
0	0
0	154
0	0
0	0
2	160
0	0
0	0
0	0
0	0
0	0
0	0
1	0
0	0
0	0
0	3
0	0
0	0
0	0
0	0
0	0
0	0
0	0
0	0
0	0
0	0
0	18
4	1482
0	0
0	0
0	0
0	0
0	0
0	0
2	0
0	0
0	0
0	0
0	0
0	0
0	0
0	0
0	0
0	1
0	0
0	0
0	0
0	0
0	0
0	0
0	0
0	0
0	0
1	0
0	0
0	0
0	0
0	0
0	0
0	0
1	1
0	0
0	0
0	0
0	0
0	0
3	0
0	0
0	0
0	7
0	0
0	0
1	0
0	0
0	0
0	0
0	0
0	0
0	0
0	0
0	0
0	0
0	29
0	0
0	0
0	0
0	0
0	0
0	0
0	0
0	0
0	0
0	0
0	0
0	0
0	2
0	0
0	0
0	0
1	484
0	0
0	0
5	770
0	0
0	0
0	0
0	0
0	0
0	0
0	0
0	0
0	0
0	0
0	0
0	2180
0	0
0	0
0	0
1	256
0	0
0	233
0	0
2	1
0	0
0	0
0	0
0	0
0	0
0	0
0	0
0	0
0	0
0	0
0	0
5	8
0	0
0	0
0	12
0	0
0	1
0	0
0	0
0	0
0	0
0	0
0	0
0	0
0	0
0	0
0	0
0	0
0	0
0	0
0	0
0	0
0	0
0	0
0	0
0	0
0	0
0	0
0	0
0	0
0	0
0	0
0	0
1	0
0	0
0	0
0	0
0	0
0	0
0	0
0	0
17	0
2	0
0	0
0	0
0	0
0	0
0	0
1	0
0	0
30	17613
0	0
0	0
0	0
0	0
0	0
0	0
0	0
1	0
0	0
8	3
0	0
0	0
0	0
0	0
0	0
0	0
0	0
0	0
2	0
1	0
1	0
0	0
0	0
0	0
0	0
0	2
0	0
0	0
0	0
0	0
1	0
0	0
0	0
0	0
0	18
9	2
83	22
0	0
0	0
0	0
0	0
0	0
25	55
0	0
0	0
0	0
0	0
0	0
0	0
0	0
0	0
0	0
0	0
0	0
0	0
0	0
0	0
0	0
0	0
0	0
0	0
0	0
25	3
0	0
0	0
1	1
0	0
0	3
0	0
0	0
1	0
0	0
0	0
0	0
0	0
9371	24077
0	0
0	0
0	0
0	0
0	0
0	0
0	0
0	0
0	0
0	0
1	7
0	0
0	0
23	0
0	69
0	0
0	3
0	0
0	0
0	0
0	0
0	0
0	0
0	0
0	0
2	0
2	11
0	0
0	0
0	0
0	0
1	0
0	0
3	0
0	0
0	0
0	0
0	0
0	0
0	0
0	0
0	0
0	0
1	33
16	1463
0	0
1	0
1	0
0	0
0	0
3	1550
0	0
0	0
0	52
1	13
1	0
0	0
0	0
0	0
1	0
0	0
4	552
0	0
3	17
0	0
0	0
1	0
0	0
0	0
0	0
7	9179
0	0
0	0
1	184
0	0
0	0
0	0
0	0
0	0
1	0
0	0
0	0
0	0
0	0
0	0
0	0
0	0
0	0
0	0
0	0
0	111
0	0
1	0
0	0
0	0
0	0
0	0
0	0
0	0
1	169
1	0
0	62
0	0
0	0
0	0
0	0
1	0
0	0
3	0
0	0
0	0
0	0
0	0
0	0
0	0
5	0
2	0
0	0
0	0
15	21
0	0
0	0
12	21
0	0
0	0
28	88
2	0
0	0
0	0
0	0
0	0
0	1
0	0
0	0
0	0
0	0
0	0
0	0
0	0
0	0
0	0
0	0
0	0
0	0
0	0
0	0
0	0
0	0
0	0
0	0
0	0
0	0
0	0
0	0
0	0
0	0
0	27
0	0
0	0
0	0
0	0
0	0
0	288
0	0
0	0
0	0
0	0
0	0
0	0
0	0
0	0
1	0
0	0
0	0
1	0
0	0
0	0
0	0
0	0
0	0
0	0
0	0
0	0
0	0
0	0
0	0
0	0
0	0
0	0
7	0
0	0
0	0
0	0
0	117
0	0
2	0
0	0
9	0
0	0
0	0
0	0
0	0
8	0
0	0
7	944
0	0
0	0
0	0
0	0
0	0
0	0
0	0
0	0
0	0
0	0
0	0
0	0
0	0
0	0
0	0
0	0
0	0
0	0
0	0
0	0
0	0
0	0
0	0
0	0
0	0
0	0
3	1024
0	0
0	0
1	226
0	0
0	0
0	0
1	0
0	0
0	16
0	0
4	0
0	1
0	0
0	0
1	0
0	0
1	0
0	0
0	0
0	0
0	205
0	0
0	0
0	0
0	0
0	0
0	0
0	0
0	0
0	0
0	0
0	0
0	0
2	0
0	0
0	0
0	0
0	0
0	0
0	0
0	0
0	0
0	0
0	0
0	0
3	0
0	0
0	0
0	0
0	0
0	0
1	77
0	0
0	0
0	7
0	0
0	0
0	0
0	0
0	0
1	0
0	0
0	0
0	0
0	0
0	0
0	0
0	0
0	0
0	0
0	0
0	0
0	0
0	0
0	0
0	0
0	0
0	0
0	0
0	0
0	0
0	0
0	0
0	0
0	0
0	0
0	0
0	0
0	0
0	0
0	0
0	0
0	0
0	0
1	0
0	0
0	0
0	0
0	0
2	207
57	307
0	0
0	0
0	0
0	0
0	0
0	0
0	0
0	0
0	0
0	0
0	0
0	0
3	51
0	0
0	0
0	5166
0	1
0	0
0	0
0	0
0	0
0	0
0	0
0	0
0	0
0	1
0	0
0	438
1	0
0	0
0	0
0	0
0	0
0	0
0	0
0	0
0	0
0	0
0	0
0	0
0	0
0	0
0	0
15	6
0	0
1	11
28	0
0	0
3	0
1	0
2	0
0	0
0	0
0	0
0	0
0	0
0	0
0	0
0	0
0	0
0	0
0	0
0	0
0	0
0	0
1	0
2	4
1	0
0	160
0	0
0	0
0	0
0	0
0	0
0	0
0	0
0	0
2	397
0	0
0	0
0	0
0	0
0	2
0	0
5	2513
0	0
0	0
0	0
0	0
0	0
0	0
0	0
5	0
0	0
0	2
2	670
1	0
0	0
0	1
0	54
0	0
0	0
7	0
0	0
0	0
0	0
0	0
0	0
0	0
0	0
0	0
2	0
0	0
0	0
6	3948
0	0
0	0
0	0
0	0
0	0
0	0
0	0
0	0
0	0
1	0
0	0
0	0
0	0
0	0
0	126
0	0
0	0
0	0
0	0
0	0
0	0
0	0
0	0
0	0
0	1
0	0
33	12
0	0
0	0
0	0
0	0
0	0
0	0
0	0
0	0
0	0
0	0
0	0
0	0
0	0
0	0
0	0
2	59
0	65
0	0
0	0
0	7
0	0
5	0
4	0
0	0
0	0
0	0
0	0
0	0
0	0
1	0
0	0
0	0
0	0
0	0
0	0
0	0
0	0
0	281
0	0
0	632
1	29
0	20
1	298
0	70
0	0
0	0
0	27642
2	0
0	0
0	0
0	0
0	0
2	14
0	0
0	0
0	0
37	13
0	0
0	0
0	0
0	0
0	0
4	0
0	0
0	0
0	0
0	0
0	0
0	0
0	0
1	1
20	0
4	0
0	0
0	0
0	0
0	0
0	0
0	0
0	0
0	0
0	0
0	0
0	0
5	157
0	0
0	0
0	0
1	0
0	0
0	0
0	0
0	0
0	0
0	0
0	0
0	0
0	0
0	0
0	0
0	64
0	0
0	0
0	0
0	0
0	0
0	0
0	0
1	22
0	0
0	0
0	0
0	0
0	0
0	0
0	0
0	0
1	0
0	0
0	0
0	0
0	0
0	5
0	0
0	0
0	0
0	0
0	0
0	0
0	0
0	0
0	0
0	0
4	0
0	0
0	0
0	0
0	0
0	0
2	0
0	0
0	0
4	1
2	0
14	4
0	0
0	0
0	0
1	0
0	0
0	0
0	0
0	1
0	848
0	0
0	0
0	0
0	0
1	0
0	383
0	0
0	0
0	0
0	41
0	0
0	0
0	0
0	0
0	0
0	0
0	0
0	0
0	0
0	0
0	10
0	0
0	45
0	0
0	0
0	0
0	0
0	0
1	0
0	0
0	0
0	0
0	0
0	0
1	2
0	0
0	0
0	0
0	0
0	70
0	0
0	0
0	0
0	0
0	0
0	0
0	0
0	0
0	0
0	0
0	0
0	222
0	0
0	0
0	0
0	0
0	34
0	0
0	0
0	0
0	0
0	0
0	117
0	0
1	0
0	0
0	0
1	0
0	0
0	0
1	0
0	0
0	0
0	0
0	0
0	0
0	0
7	0
0	0
0	0
0	0
0	0
0	0
0	4
0	0
0	0
0	0
0	0
0	0
0	0
0	81
0	0
0	0
0	0
0	0
0	0
0	0
0	0
0	0
0	0
0	0
0	0
0	0
0	0
0	0
0	0
0	0
0	0
0	30
0	0
0	0
1	18
0	1
0	0
0	0
0	0
1	133
0	2
0	0
0	0
0	0
0	0
0	0
0	0
0	0
0	0
0	0
0	0
0	0
0	0
0	0
0	0
0	0
1	0
0	10575
0	7
0	0
0	0
31	10
0	0
0	0
0	0
1	0
0	0
0	0
0	0
0	0
0	0
0	0
0	0
1	0
0	53
0	0
0	0
0	0
0	0
0	14
0	0
0	0
20	5631
0	0
1	0
0	0
0	0
0	0
0	0
0	0
0	0
0	0
1	0
0	0
15	1131
0	0
0	0
0	0
0	0
1	0
0	20
0	0
0	0
3	0
0	0
0	0
0	0
0	0
0	0
0	0
0	0
0	0
0	0
0	0
0	0
0	0
0	0
1	0
0	0
0	0
0	0
0	0
2	0
0	0
0	0
0	0
0	0
0	0
0	0
0	0
0	0
0	0
0	0
0	0
0	0
0	0
0	0
0	0
0	12
0	0
0	0
1	0
0	0
0	0
0	0
1	0
0	0
0	0
0	0
0	0
0	0
0	0
0	0
0	0
0	0
0	0
0	0
0	0
0	0
0	0
0	1
0	0
2	5
0	0
0	0
0	0
0	0
0	0
0	0
0	3008
1	0
0	0
0	76
0	0
0	0
0	0
0	0
0	2
0	0
0	0
0	0
0	0
10	0
0	0
0	0
0	0
0	0
0	0
0	0
0	0
0	0
0	0
0	0
0	0
0	0
0	0
0	27
0	0
0	0
0	0
0	0
0	0
1	0
0	13
1	0
0	0
0	0
0	0
0	0
0	0
0	0
0	0
0	0
2	0
0	0
0	7
0	3
1	0
0	0
0	0
0	0
0	0
0	0
1	0
0	0
0	0
6	1
0	0
0	0
0	0
0	0
0	0
0	0
0	0
0	0
0	0
0	0
0	0
0	0
0	0
0	0
0	2
0	0
0	0
0	0
0	0
0	0
0	0
2	0
0	1
0	0
0	0
0	0
0	0
0	0
0	0
1	25
0	0
0	22
0	0
0	0
0	0
0	0
2	20
0	0
0	0
0	0
0	0
0	0
0	3037
0	0
8	11050
0	0
0	0
0	0
0	0
0	0
0	0
0	0
0	0
0	0
3	286
0	0
0	0
0	0
0	0
0	0
4	0
0	0
0	0
0	0
0	906
0	0
0	0
1	4
0	0
0	0
3	30
0	0
0	0
0	0
0	0
0	0
0	0
0	0
0	0
0	0
0	0
0	0
0	0
0	0
0	0
0	0
0	0
0	0
0	0
0	0
0	0
2	0
1	22
0	0
0	0
0	0
0	0
0	0
0	0
0	27
0	0
0	23
0	0
2	17
0	0
0	0
0	0
0	0
0	0
0	1
0	0
0	0
0	0
0	0
0	0
0	0
0	0
0	0
0	0
1	0
0	0
0	0
0	0
0	0
0	0
0	0
0	0
1	100
0	0
0	2
0	0
0	0
0	0
0	0
0	0
0	0
0	0
0	0
0	0
0	0
0	0
0	0
0	0
0	0
1	0
0	0
0	0
0	0
0	0
0	0
0	0
0	0
0	0
0	0
0	0
0	0
0	0
0	0
0	0
0	0
0	0
0	0
0	0
0	0
0	0
0	0
0	0
0	0
0	0
0	0
0	0
1	115
7	9
0	13
0	36
0	6
0	0
0	0
0	0
0	0
0	0
0	0
0	0
0	0
0	0
0	0
0	0
0	0
0	0
0	0
0	0
0	0
0	0
0	0
0	0
0	0
0	0
1	0
11	0
0	0
0	0
0	1300
0	0
0	0
0	0
0	7
0	0
0	0
0	0
0	0
0	0
3	7
0	0
0	0
3	0
0	0
0	0
0	0
0	0
0	0
0	0
0	37
0	0
0	0
0	0
0	334
0	0
0	0
0	0
0	0
3	0
0	0
0	0
0	0
0	0
0	0
0	0
0	0
0	0
0	0
0	0
0	0
0	0
0	5
1	6
10	0
0	0
0	0
0	0
0	0
1	3
0	0
0	0
0	0
0	0
0	0
0	0
0	0
0	0
0	0
0	0
0	0
0	0
0	424
0	0
0	0
1	0
0	0
1	0
0	0
0	0
0	0
0	0
1	0
0	0
0	0
0	0
0	0
0	0
0	0
0	0
0	0
4	240
0	0
1	0
0	0
0	0
0	0
1	0
0	0
0	0
0	0
0	0
0	0
0	0
0	0
0	0
0	0
0	0
0	0
0	0
5	2
0	1
0	0
0	0
0	0
0	0
1	0
0	0
0	0
0	0
147	203
0	0
0	0
0	0
0	0
0	0
0	0
0	0
0	0
0	0
0	0
0	0
0	2
3	0
0	0
0	0
0	0
0	0
1	0
0	0
8	130
0	0
0	0
3	0
0	0
8	0
0	0
1	2
0	4
0	0
0	0
13	0
0	0
0	0
0	0
0	0
0	0
0	0
0	0
0	0
0	0
0	1
26	0
0	2
247	0
0	0
429	231
0	0
1	0
0	2
0	0
0	0
0	0
1	0
0	0
1	0
4	274
5	0
0	0
0	0
0	0
0	0
0	0
2	0
0	0
0	0
0	0
0	0
0	0
0	0
0	229
0	0
4	0
1	45
0	0
0	0
0	0
0	0
0	0
0	0
0	0
0	0
0	0
0	0
0	0
0	0
0	0
0	200
0	0
0	0
1	0
0	1
0	0
0	0
0	0
820	35572
0	0
0	0
0	0
0	0
0	0
0	0
2	0
0	0
0	0
0	0
1	0
0	0
0	0
0	0
0	0
0	0
0	0
0	0
0	0
0	0
0	0
0	0
3	0
1	0
11	0
0	0
0	0
0	0
1	0
0	0
0	0
0	0
0	0
0	0
0	0
0	4
0	0
0	0
0	0
0	0
0	0
1	0
0	0
2	0
0	0
0	2
0	0
0	0
0	0
0	0
4	1
0	0
0	0
0	0
0	5565
0	0
0	0
0	0
0	0
0	0
0	0
0	0
2	0
0	0
0	0
0	0
0	0
0	0
0	0
0	0
0	0
0	0
0	0
0	0
1	0
0	0
0	0
0	0
0	0
0	0
0	1
0	0
0	0
0	0
0	0
1	0
0	0
0	0
0	0
0	0
0	0
0	0
0	0
0	0
0	0
0	0
11	0
0	0
0	0
0	0
0	26
0	0
1	0
0	0
0	0
0	39
0	5
0	0
3	7
0	0
0	0
0	0
0	0
1	0
0	0
0	0
0	0
0	0
0	0
0	0
0	0
0	0
0	0
0	0
0	0
0	0
0	0
0	0
0	0
0	0
0	0
0	0
0	0
12	836
2	0
0	0
0	0
0	326
0	0
0	0
0	0
0	0
0	0
0	0
0	0
0	0
0	0
0	0
0	0
0	0
0	0
1	2
0	0
0	0
0	0
0	0
0	0
0	0
0	0
1	0
0	0
0	0
0	0
0	0
0	0
0	0
0	0
2	1576
0	0
1	0
0	0
0	0
0	0
0	0
0	15
3	3
0	0
2	3
0	0
0	0
0	0
0	0
0	0
2	0
0	0
0	0
0	0
0	0
0	0
0	0
0	0
0	0
0	15
0	0
0	0
0	0
0	0
0	0
0	0
0	0
0	0
0	0
0	282
1	3
0	0
0	0
1	12
0	0
0	0
0	0
0	0
0	0
0	0
0	0
0	0
0	0
0	0
0	0
0	0
0	13
1	0
0	0
1	0
0	0
0	0
0	0
0	0
0	0
0	0
0	0
3	0
0	0
0	0
0	0
0	0
0	0
821	982
0	0
0	0
0	0
0	0
1	0
0	0
0	0
1	0
0	0
2462	23
0	0
0	0
0	0
0	0
0	0
0	0
0	4
0	0
1	0
0	0
0	0
0	0
0	0
0	0
0	0
0	0
1	0
0	0
1	0
0	0
0	0
1	0
0	0
1	6
0	0
0	0
0	0
0	0
0	0
0	0
0	0
0	0
0	0
3	0
0	0
0	0
0	0
0	0
0	1
0	0
0	0
0	0
0	0
13	22
0	0
0	0
0	0
70	0
0	0
0	0
0	0
0	0
0	76
0	0
0	0
0	0
0	0
0	0
0	0
5	614
1	154
0	0
0	0
0	0
0	0
0	0
0	0
0	0
0	0
0	0
0	0
0	0
0	0
0	0
0	0
0	0
0	0
0	0
0	0
0	0
11	6
0	0
0	0
0	31
0	0
1	0
0	0
0	0
0	0
0	0
0	0
1	0
0	0
0	0
0	0
1	0
0	0
0	0
0	0
0	0
0	0
0	0
0	0
1	1
0	0
0	0
0	0
0	0
0	0
0	0
0	0
0	0
1	0
0	0
0	0
10	138
3	0
0	0
0	0
0	0
0	0
0	0
0	0
0	0
0	11
0	0
0	0
2	0
0	0
0	0
0	1
0	0
0	0
0	0
0	0
0	0
0	0
0	0
0	0
0	0
1	0
0	1
0	0
0	65
0	0
3	0
0	0
0	0
0	0
0	0
0	0
0	0
1	0
0	0
0	0
0	0
0	0
0	0
0	0
0	0
0	0
0	0
0	0
0	0
0	0
0	0
0	0
0	0
0	0
0	64
0	0
0	0
0	0
0	0
0	0
0	0
1	0
0	0
0	0
0	0
0	0
0	0
0	0
10	0
0	0
1	177
0	0
0	2
0	0
0	0
0	0
0	0
1	7
0	0
0	0
0	0
0	0
0	0
0	0
0	0
0	0
0	0
7	0
0	0
0	0
0	0
1	0
0	0
0	0
11	11
0	0
0	0
1	10333
0	0
0	0
0	0
0	0
0	0
0	0
0	0
0	0
0	0
0	0
0	0
0	0
0	0
0	0
0	0
2	491
1	9
0	0
0	0
0	0
0	98
0	1
0	0
0	0
0	1
0	0
0	0
0	0
0	0
0	0
0	0
0	0
0	7
0	68
0	0
0	0
0	0
0	0
0	0
3	0
0	0
0	0
1	0
1	0
0	0
0	0
0	0
0	0
0	30
0	0
0	0
0	0
0	10
0	0
0	780
0	0
0	0
0	0
0	0
0	0
0	0
0	1
0	1
0	33
0	0
0	0
0	0
0	383
0	0
0	0
0	0
0	0
0	0
1	2
0	0
9	0
0	0
0	0
0	0
0	0
0	0
0	0
0	1
0	0
0	0
0	0
0	0
0	0
0	0
0	0
3	0
0	0
5	1
0	195
0	0
0	0
0	0
0	0
6	0
18	2
0	0
0	6
0	0
0	0
5	7
0	0
0	0
0	0
0	0
0	0
0	0
0	0
0	0
0	0
0	0
0	3
6	11
0	8
0	0
0	26
0	0
0	0
0	2
0	1
0	0
0	2
0	0
9	5
0	0
0	0
0	0
8	3576
0	0
0	0
0	33
0	25
0	0
0	0
0	0
0	0
0	221
0	0
0	0
0	0
0	17
0	0
0	0
0	0
0	0
0	0
0	0
0	0
0	0
0	0
0	0
0	0
9	3179
0	0
0	0
1	0
0	0
0	0
0	0
0	0
1	33
0	0
0	0
0	1
2	22
0	0
12	729
0	0
0	0
0	0
0	0
0	0
0	0
0	0
0	0
0	0
0	0
0	0
0	0
0	0
0	0
0	12
0	0
0	0
0	0
0	0
0	0
0	0
0	0
0	0
1	0
0	0
0	0
0	0
0	0
0	5
1	0
0	0
0	0
0	0
0	0
0	0
0	0
0	0
1	1
0	0
13	0
0	0
0	0
0	0
0	0
0	0
2	38
1	0
1	0
0	0
8	164
0	7
0	0
1	36
0	0
0	1
2	0
0	0
0	0
0	0
0	0
0	0
0	0
0	0
0	0
0	0
0	0
0	0
0	0
3	3
5	52
0	0
0	0
0	0
0	0
0	0
0	0
0	0
0	0
0	0
0	0
0	0
0	0
0	25
0	0
0	0
0	0
1	0
0	0
0	0
0	0
0	0
0	0
1	0
0	0
0	0
0	0
0	0
0	0
0	0
0	0
1	0
0	0
0	0
0	0
1	437
0	2
1	12
0	0
1	0
0	0
1	0
290	759
0	13
0	0
0	0
0	0
1	0
0	0
0	0
0	0
0	234
0	0
0	0
0	0
0	0
3	0
0	0
0	0
0	0
5	0
0	1
0	0
0	0
0	0
0	0
0	0
0	0
0	0
0	0
1	363
0	0
0	0
90	84
1	101
0	0
0	0
1	0
0	0
2	419
0	0
0	0
0	0
0	0
0	0
0	0
0	0
0	0
0	0
0	1
0	0
0	0
0	0
0	0
0	0
0	21
0	0
0	0
0	0
0	0
0	0
0	0
0	0
0	0
0	0
0	0
0	0
0	0
0	0
0	0
0	0
0	0
1	0
0	0
0	0
0	0
0	68
0	0
0	0
0	0
1	97
0	0
0	0
0	0
0	0
4	1
0	0
0	0
0	219
0	0
0	0
0	0
0	0
0	0
0	0
0	0
0	0
0	101
1	0
1	0
1	9
0	0
0	0
0	0
0	0
0	0
0	0
4	14
0	0
0	0
0	0
0	0
0	0
0	4
0	0
0	2
0	0
0	0
0	44
0	0
0	0
0	0
0	0
0	0
0	0
0	0
14	0
0	0
0	0
0	0
0	0
0	0
0	0
0	0
2	0
0	0
0	0
0	0
0	0
0	0
0	0
0	0
0	0
2	1
0	0
0	86
0	0
0	0
0	0
0	0
0	0
0	220
0	0
0	0
0	0
0	618
0	0
0	0
1	0
0	0
0	0
0	0
0	0
0	0
0	0
0	0
0	0
1	0
0	0
0	0
1	0
0	10
0	0
0	1
3	0
0	0
0	0
0	0
0	0
0	0
0	0
0	0
15250	27719
0	0
1	0
0	0
0	0
0	0
0	0
0	0
0	0
0	0
0	0
0	0
0	209
0	0
0	0
0	0
0	0
0	0
0	0
0	0
8	2415
0	0
0	0
0	0
1	228
1	516
0	0
0	0
1	1
0	0
1	86
0	0
0	2
0	0
0	0
0	0
0	0
0	0
0	0
1	0
0	0
0	0
0	0
0	0
0	251
0	0
0	0
0	0
0	0
0	0
2	0
0	0
0	0
0	0
0	0
0	0
0	0
0	0
0	0
0	0
0	0
0	0
1	0
2	0
0	0
3	0
0	0
0	0
0	0
0	0
0	0
2	0
0	0
0	0
0	0
0	0
0	0
0	0
0	1
0	0
0	1
0	0
0	0
0	0
0	0
0	0
0	0
0	0
0	0
0	0
0	0
0	0
0	0
0	3
0	0
0	0
0	0
0	0
0	0
1	0
0	0
0	0
0	0
0	20
0	0
0	0
0	0
0	0
43	19
0	0
0	0
1	0
0	0
0	0
2	0
0	179
0	0
0	0
3	0
0	0
0	0
0	0
1	0
0	0
0	0
0	0
0	0
0	0
0	0
0	0
0	0
0	0
0	0
0	0
0	2
0	0
0	0
0	57
0	0
0	0
0	714
0	0
0	0
0	0
0	16
0	0
0	30
0	0
0	0
0	0
0	11
0	0
0	0
0	0
0	38
0	0
0	951
0	0
0	0
0	0
0	0
1	0
0	0
1	0
0	0
0	6479
0	0
0	0
0	0
0	0
0	0
0	0
0	0
0	0
0	0
1	0
0	0
0	0
0	0
0	0
0	0
0	0
0	0
0	0
0	0
0	0
0	0
0	0
0	0
0	0
0	0
0	0
0	21
0	0
0	0
0	0
0	0
0	0
0	0
0	0
0	0
0	0
0	0
2	0
0	0
0	0
0	0
0	0
0	0
0	406
0	0
0	0
0	0
0	0
0	0
27	25428
0	0
0	0
0	0
0	0
0	0
0	0
0	0
0	0
0	0
0	0
0	0
0	0
0	0
0	0
4	0
0	13
0	0
0	0
0	0
0	35
0	0
0	0
0	0
0	0
10	0
0	0
9	0
0	0
0	0
0	0
0	0
0	4
1	0
3	1873
0	0
0	0
1	1
0	0
0	0
0	0
0	0
0	5104
0	0
0	0
0	0
0	0
0	0
0	0
0	0
0	0
0	0
0	0
0	0
0	0
0	0
0	0
0	0
0	0
0	0
4	0
0	0
0	241
1	0
0	0
0	0
0	0
0	517
17	30
0	0
0	0
0	0
1	0
0	0
0	0
0	0
0	0
0	0
0	0
0	0
0	0
0	0
0	0
0	0
0	0
0	4
0	0
0	0
0	0
0	0
0	0
2	0
0	0
1	0
0	0
0	0
0	0
1312	2434
1	189
6	0
0	0
0	0
0	0
0	0
0	0
0	0
0	0
4	0
0	0
0	3
0	0
0	0
0	0
0	0
0	0
0	0
0	8
57	36
0	41
0	0
0	0
0	0
0	0
0	0
0	0
0	0
3	0
0	0
0	0
0	0
0	0
0	0
0	0
1	0
0	0
0	0
0	0
0	0
0	0
0	0
0	0
0	0
130	66
0	0
0	0
0	0
0	0
1	0
1	1
0	0
0	0
0	0
0	0
1	0
0	0
0	0
0	0
0	0
0	0
0	0
0	0
0	0
0	2
0	0
0	0
0	0
0	0
1	0
0	0
0	0
0	0
0	0
18	66
0	0
0	0
0	0
0	0
0	2
1	0
0	0
0	0
2	0
0	0
0	0
0	0
0	0
1	0
0	0
0	0
0	0
0	0
0	0
0	0
0	0
0	0
0	0
0	0
0	0
0	0
0	13
0	0
0	0
0	0
0	0
0	0
0	0
0	0
0	0
0	0
0	0
0	0
0	0
2	0
0	0
0	0
0	0
0	0
0	0
0	0
0	0
0	0
0	0
0	0
0	0
0	0
0	0
0	22
0	2
0	0
0	0
0	49
0	0
0	0
0	0
0	4
0	0
1	0
0	0
0	0
0	2
0	0
0	0
0	0
3	137
9	0
0	0
0	0
0	0
0	0
0	0
0	0
0	0
0	0
0	0
8	0
1	0
0	428
0	0
1	94
0	0
0	0
0	0
0	0
0	0
0	0
0	0
0	0
1	0
0	1
0	0
0	0
0	33
1	0
0	0
0	0
0	0
0	0
0	0
0	0
0	0
0	0
0	0
12	0
0	0
0	0
0	0
0	0
0	0
0	0
0	0
0	0
0	0
0	0
0	0
0	0
0	0
1	0
0	231
0	0
0	0
1	0
1	0
0	0
0	0
0	0
0	0
16	51
1	0
0	0
0	0
1	0
0	0
0	0
0	0
0	0
0	18
0	0
0	0
0	0
0	0
0	0
0	0
0	0
0	0
0	0
0	0
1	58
0	0
1	0
0	0
0	0
2	0
0	0
0	150
0	0
0	0
1	3
0	0
0	0
7	1039
11	0
0	0
0	5
0	14
0	0
0	0
0	0
0	0
0	0
1	0
0	0
0	0
0	0
0	0
0	0
9	0
2	0
0	0
0	0
0	0
0	0
0	0
0	0
0	0
0	0
0	0
0	8
2	0
0	0
0	0
5	2
0	0
0	0
0	0
0	0
0	0
0	0
0	0
0	0
0	0
0	0
0	0
0	0
0	0
0	0
0	1
0	0
0	0
0	0
0	0
0	0
0	0
0	0
0	0
1	0
0	0
0	0
0	0
0	0
0	0
0	0
3	0
0	0
0	0
0	0
0	0
0	0
0	0
0	0
0	6
0	0
0	0
0	0
0	0
0	0
0	0
0	0
0	0
0	0
0	0
0	0
0	0
0	0
0	0
0	0
0	0
1	0
0	0
0	0
0	0
0	0
0	0
0	0
0	0
0	0
0	0
0	0
0	0
0	0
0	0
0	0
0	0
0	0
0	0
3	0
0	0
6	0
138	90
0	0
0	0
0	0
0	0
0	0
0	0
0	0
0	0
0	0
1	35
0	0
0	0
0	0
0	0
9	5
1	12
0	0
1	0
0	0
0	0
0	0
0	0
0	0
0	0
0	0
0	0
0	285
0	0
0	0
0	0
0	0
0	744
0	0
0	0
0	0
6	0
0	0
0	0
0	0
0	0
0	0
0	0
0	0
0	0
0	0
0	0
0	0
0	0
0	0
0	0
0	0
0	0
0	0
0	0
0	0
0	0
0	0
0	0
0	0
0	0
4	0
0	0
0	0
0	0
0	0
0	95
0	0
0	0
0	0
0	0
0	0
0	0
2	0
0	0
0	0
6	0
0	0
0	0
0	0
0	1
0	0
0	10
0	0
9	15
0	0
2	32
0	1
0	0
0	0
0	0
0	0
0	0
0	0
0	1
0	0
0	29
0	0
0	0
0	0
0	0
0	0
4	0
0	0
0	0
0	0
0	0
0	0
0	0
0	0
0	0
0	0
4	0
0	0
0	0
0	0
0	0
0	0
0	0
0	0
0	0
0	0
0	0
0	0
0	0
0	0
0	2
0	0
0	0
0	0
3	0
0	0
0	56
0	0
0	0
0	0
0	0
4	0
0	0
3	0
0	0
0	0
2	246
0	0
0	0
0	0
3	0
1	7
0	0
0	0
0	1
0	0
0	1
1	0
0	0
0	0
0	0
0	0
0	0
0	0
2	0
0	0
0	0
0	0
0	0
0	0
2	255
3	77
0	0
0	0
0	0
0	0
0	247
1	1
0	0
0	0
0	0
0	0
0	0
0	0
0	0
0	50
0	0
0	0
0	0
0	0
1	0
0	0
0	0
0	0
0	0
0	0
0	0
0	0
0	0
0	0
4	0
0	0
0	0
0	0
0	0
0	0
0	0
0	0
0	0
0	0
1	0
0	0
0	0
2	0
0	0
0	0
1	0
0	0
3	0
0	0
0	0
0	0
0	0
4	0
0	0
0	0
0	0
0	0
0	0
0	0
0	0
0	0
0	0
1	236
0	0
0	0
0	0
0	0
0	0
0	0
0	0
1	53
0	0
3	0
0	0
0	0
0	0
0	0
0	0
7	2787
0	0
0	0
0	0
3	497
1	0
0	0
0	0
0	0
0	335
3	60
0	0
0	0
0	0
0	0
0	0
0	0
0	0
0	0
1	2
0	0
3	0
0	0
0	0
0	0
0	0
0	0
0	0
0	0
0	0
0	0
0	0
2	359
0	0
0	0
0	0
0	0
1	0
0	0
0	0
0	0
0	0
0	0
0	0
0	0
0	23
0	8
0	0
1	8
0	0
0	3
0	0
0	0
0	0
0	0
0	0
0	0
0	0
0	0
4	0
0	0
0	0
0	0
0	0
0	0
0	491
0	0
0	0
0	0
0	0
0	0
52	166
2	0
0	0
0	0
0	1
0	1
0	0
0	0
0	0
0	0
0	0
0	1
0	0
0	0
0	0
0	0
0	0
0	0
0	0
0	0
0	0
0	0
0	0
0	0
0	0
0	0
0	0
0	0
0	0
0	0
0	0
0	0
0	1
0	0
0	0
0	0
0	0
0	0
0	2
0	0
0	0
0	0
0	0
0	0
0	0
0	0
3	1451
0	29
2	1
0	0
0	0
0	0
0	0
0	0
1	0
0	0
0	0
0	0
0	0
0	0
0	0
0	0
0	0
1	0
0	0
0	0
0	0
0	0
0	754
0	0
0	0
4	1314
0	0
0	1
0	0
0	0
1	0
0	0
0	0
0	0
0	0
0	0
0	0
2	0
0	0
0	0
0	0
0	0
0	0
0	0
0	0
0	0
0	0
0	0
0	0
0	0
0	3
0	0
0	0
0	0
0	0
14	7997
1	1
0	0
3	47
1	0
0	3023
0	0
0	0
0	0
0	0
0	1
0	0
0	0
0	0
0	0
0	0
0	0
0	0
0	0
0	0
0	0
0	0
0	0
0	0
0	0
0	0
0	0
0	0
0	0
0	0
0	0
0	0
0	0
0	42
0	0
0	0
0	0
0	0
0	0
0	0
0	0
0	5
0	0
0	0
0	0
0	0
0	0
0	0
0	0
0	0
0	0
0	0
0	0
3	4
0	74
0	0
0	0
0	0
0	0
0	0
0	0
0	0
0	0
0	0
0	0
0	0
0	0
3	0
0	0
0	0
0	0
0	1
0	0
1	0
1	0
0	440
0	0
0	0
0	0
0	0
1	9
0	0
0	0
0	0
0	0
0	0
0	0
0	1
0	0
1	0
0	0
0	0
0	0
3	0
0	0
0	0
7	0
0	82
0	0
0	0
0	0
1	0
0	0
0	0
1	0
0	0
0	246
1	0
0	0
0	0
0	0
0	0
1	2159
0	0
0	0
0	0
0	0
0	0
0	0
0	0
1	824
0	0
6	2
0	0
0	0
0	0
0	0
8	9739
0	0
1	0
0	0
0	0
0	0
2	0
0	0
0	0
0	0
1	8
0	0
0	0
0	0
0	0
0	0
0	1
0	0
0	0
0	0
0	0
0	0
0	0
0	58
1	13
0	0
4	856
0	0
0	0
1	0
0	0
0	0
0	0
0	0
0	0
0	0
0	0
0	0
0	0
0	0
0	628
0	0
0	0
0	139
0	0
0	0
0	0
0	0
0	0
0	0
0	0
0	0
0	0
0	0
0	0
0	5
0	0
0	0
0	0
0	0
0	0
0	0
0	0
0	0
0	0
0	0
0	4
0	0
0	0
0	0
2	28
0	0
0	0
0	0
0	0
0	0
0	0
0	0
0	0
0	1
0	0
0	65
0	0
0	0
0	0
0	0
0	0
0	10
0	0
0	0
3	45
0	0
3	0
0	0
0	0
0	0
2	0
0	0
0	0
0	0
2	0
3	0
2	0
0	0
1	0
0	0
0	0
0	0
0	0
0	0
0	0
0	0
1	0
0	0
0	0
0	0
0	0
0	1
2	1046
0	1
0	0
0	0
0	0
0	0
0	0
0	0
0	0
0	0
0	0
0	0
0	0
0	0
0	0
0	0
0	0
0	0
0	0
0	0
0	0
0	540
0	0
0	0
0	0
2	842
2	0
4	19
1	0
0	0
0	0
0	0
0	0
0	0
0	0
0	0
0	0
0	0
0	7563
0	7
0	0
0	0
0	0
0	0
1	0
0	1
0	1
0	0
2	0
0	17
0	0
0	0
0	308
0	0
0	0
0	0
0	0
1	0
0	0
0	0
1	0
0	0
0	0
0	0
0	0
0	0
0	0
2	0
0	0
0	0
0	0
0	0
0	0
0	0
0	0
0	0
0	0
0	0
0	0
0	0
0	0
0	0
0	0
0	0
0	0
0	0
0	0
0	0
0	0
0	0
0	0
0	3
0	2081
1	0
0	0
0	0
0	0
0	0
1	0
0	0
0	0
0	0
0	0
0	0
0	0
0	0
0	0
0	0
1	0
0	0
0	0
0	0
0	0
0	12
0	0
11	0
0	2
1949	539
0	0
0	0
0	0
0	7
1	0
0	0
0	0
0	0
0	0
0	0
0	0
0	0
0	1
0	1
0	0
0	0
0	9
0	0
3	1033
0	0
3	4710
0	0
0	0
0	0
0	0
0	0
0	3
0	0
0	73
0	0
0	0
0	0
0	0
0	0
0	0
0	0
0	0
0	0
5	808
0	0
0	0
0	0
0	0
0	7
0	0
0	0
0	0
0	0
0	4
0	0
0	0
0	0
0	120
0	0
2	0
0	1805
3	4922
0	0
0	0
1	2
0	0
0	0
0	0
0	0
0	0
0	0
0	0
0	0
0	0
0	0
1	24
491	2871
0	0
0	0
0	0
0	0
0	0
0	0
0	0
0	0
0	2
0	0
0	0
0	0
0	0
0	0
0	0
0	0
0	1
0	1
0	0
0	0
0	0
0	10
0	0
0	0
1	0
0	0
0	0
0	0
0	0
0	0
0	0
2	10
0	0
0	0
0	0
0	737
0	1
0	0
0	0
0	0
0	0
0	0
0	0
0	0
0	0
0	0
0	0
0	0
2	415
0	0
0	0
0	0
0	0
0	0
1	2
0	1304
32	2
0	0
0	0
3	119
0	0
0	0
0	0
0	0
0	0
0	0
0	0
1	0
0	10
0	0
0	0
3	979
0	0
0	0
0	139
1	0
0	0
0	0
0	0
0	0
0	0
0	0
0	0
0	0
0	0
0	0
0	0
0	1
0	2
0	0
0	0
0	0
0	43
0	0
0	0
1	7
0	0
0	0
0	0
0	0
2	0
0	35
0	0
0	0
2	640
0	0
0	0
0	0
0	0
1	23
0	2
0	0
1	0
0	0
0	7
1149	1541
0	0
0	0
0	0
0	0
0	0
0	0
0	0
0	0
0	0
1	377
1	0
0	0
1	0
5	17
0	0
0	0
2	0
0	0
0	0
0	0
0	0
0	0
0	0
0	23
0	0
0	0
4	172
0	0
0	0
0	0
0	0
0	0
0	0
0	1
0	0
0	0
0	0
1	0
0	0
0	0
0	2
0	0
0	0
4	177
0	0
0	0
0	0
0	0
0	0
0	9
0	0
0	5
1	0
0	0
0	48
0	0
0	0
0	0
0	0
1	0
0	0
0	0
0	0
0	0
0	0
1	24
0	0
0	0
0	0
0	0
0	0
0	0
0	0
0	0
0	0
0	0
0	0
0	0
0	0
0	0
0	0
0	0
0	0
1	0
0	0
8	0
0	0
0	0
0	0
0	0
0	0
0	0
2	0
0	0
0	0
0	0
0	0
5	0
0	0
0	0
0	0
6	0
0	0
0	0
0	0
0	0
0	0
1	0
0	0
0	0
0	0
0	0
0	0
0	0
0	0
2	0
0	0
0	0
0	0
0	0
0	0
0	0
0	0
1	0
0	0
0	0
1	0
0	0
0	0
0	0
0	0
0	0
0	1
0	0
0	0
0	0
1	0
0	0
0	0
0	0
0	0
0	0
0	0
0	0
0	1953
0	1533
0	0
0	0
0	0
0	0
0	0
0	0
16	6
0	6
0	0
0	0
0	0
0	0
1	0
0	0
0	0
1	0
0	0
0	0
0	61
0	61
0	1
0	1
0	1
7	6655
0	4791
0	0
0	1
0	1
0	0
0	6
0	2
0	3
0	0
4	0
3	1
2	1
0	0
0	0
0	0
0	1
0	1
0	0
2	0
0	0
4	1
0	1
0	0
0	0
22	0
0	0
0	0
0	5
0	8
1	0
0	0
0	0
0	0
0	0
0	0
0	0
0	255
0	0
1	0
0	0
0	0
0	0
1	0
0	0
2	0
0	59
0	319
2	0
0	0
0	0
0	0
0	0
0	0
0	0
0	0
2	0
0	0
0	0
0	3
7	3
0	0
0	0
3	0
18	0
0	0
70	121
0	121
1	10
0	10
0	5
0	5
0	0
0	2
0	2
0	0
1	13
0	0
0	0
0	0
0	0
7	2
0	2
4	11
0	5
1	448
0	903
6	2338
1	0
0	0
38	68
1	68
0	40
0	0
0	0
0	0
0	0
0	0
0	0
0	0
0	0
0	2
3	5
3	5
0	3
0	0
0	0
0	0
0	0
0	0
0	0
0	0
0	0
0	0
13	318
0	195
0	2
88	0
0	0
0	0
0	4
0	0
0	0
45	12
13	12
13	0
21	42
0	42
2	0
0	0
0	0
0	0
0	0
0	0
0	0
0	1
0	0
0	0
0	0
0	0
0	5724
0	4765
0	0
0	0
1	2016
0	0
0	0
0	0
0	0
0	0
0	0
0	0
0	0
0	0
0	0
1	5
0	0
0	0
0	0
0	0
0	24
0	84
0	75
0	0
0	0
2	0
0	0
0	0
0	0
0	0
0	0
4	0
0	0
0	0
0	0
0	0
0	0
0	0
0	0
0	0
0	0
0	0
0	0
0	0
0	5837
0	3219
0	307
1	0
1	0
0	3263
0	1
0	1
1	0
0	0
0	0
0	0
0	0
0	0
0	0
0	0
0	0
0	0
0	0
0	0
0	0
0	3116
4	5385
1	4
0	2
0	0
0	0
0	0
0	0
0	0
0	0
0	0
0	0
54	3
0	3
0	1
1	7
0	0
1938	17483
0	17323
0	0
1	34
1	0
0	0
0	0
5	2
72	2
8	3
0	0
0	0
7	0
407	44
0	44
0	0
0	11
4	148
0	113
0	0
1	0
0	0
0	0
0	0
0	0
0	0
0	0
1	10
1	10
0	5
146	213
155	213
0	36
0	36
0	0
0	0
0	0
0	0
39	0
0	0
0	0
0	0
0	0
0	0
0	0
0	0
0	0
0	0
8	83
0	7
322	76
0	0
36	20
0	20
7	109
0	0
0	2
0	24
0	0
0	0
0	0
18	3
2	1
1	2
3	0
0	0
8	4
0	4
0	13
1	139
52	14
0	0
0	0
0	1
1	0
4	0
0	0
24	107
0	7
2	0
0	0
0	0
0	15
0	15
0	0
0	0
0	0
2	0
0	0
0	4936
0	0
0	0
0	0
0	0
2	0
0	0
0	0
0	0
0	0
0	0
0	0
0	0
0	0
0	0
0	0
0	0
0	0
0	21
7	21
0	12
4	0
0	0
0	0
2	0
0	0
0	0
0	165
5	9
0	9
0	0
0	0
0	0
0	0
0	0
1	0
2	2
0	2
7	0
0	0
9	14
0	14
1	0
84	288
18	0
49	3
7	4
0	288
0	0
0	0
0	0
1	0
0	0
0	40
0	18
79	1
0	0
4	0
12	2077
0	1614
0	0
0	0
0	0
0	0
2	1
0	1
0	0
0	0
0	0
1	0
1	0
0	0
0	0
0	0
0	0
0	0
24	3025
0	3042
0	1626
0	0
0	0
0	0
4	0
0	0
1	0
0	0
0	0
0	0
0	0
1	0
1	0
0	0
1	0
117	52
0	52
0	6
0	6
0	0
0	0
9	1
0	1
0	0
0	0
0	0
1	1082
4	1
2	1
0	0
0	0
0	0
1	0
1	0
0	0
0	0
1	0
0	0
0	0
0	1
0	1
0	3
2	20
0	515
0	441
0	0
0	0
1	1
0	1
0	0
2	0
1	284
0	601
0	15
0	289
0	114
0	0
0	0
0	0
0	0
0	589
0	589
4	35
0	0
0	3
0	0
0	0
0	0
1	600
0	318
0	0
0	0
0	0
0	0
0	0
0	0
0	29
1	1
1	1
0	0
7	0
0	0
3	0
0	0
0	0
0	0
0	0
110	24
0	20
3	4
31	0
0	0
0	1
0	1
0	0
2	0
0	0
0	0
0	0
0	0
1	0
0	0
6	0
0	0
0	0
0	1
0	0
0	0
1	0
0	0
0	1
0	1
0	9
0	0
0	0
0	0
0	0
0	0
0	0
0	0
0	0
0	0
0	0
0	0
0	0
0	136
3	69
0	76
0	110
0	61
0	9
0	4
0	0
0	0
0	4
0	14
5	3
0	3
0	4357
0	4030
0	1
0	1
0	0
0	0
5	315
2	0
0	0
0	0
0	0
2	1
1	1
0	0
0	0
0	0
0	0
0	0
0	0
0	0
0	0
0	0
0	0
96	5091
204	5773
0	0
0	0
0	0
0	0
66	4
0	1
1	0
17	16
0	140
0	23
0	0
774	2
0	0
0	0
5	0
0	0
0	0
0	0
0	0
0	0
0	0
0	0
0	0
0	0
0	0
0	0
0	0
0	0
0	0
0	0
0	0
0	0
0	0
0	0
0	0
0	0
0	0
0	0
0	0
0	0
15	119
0	0
0	0
0	0
1	0
0	0
0	0
0	0
0	0
0	0
0	0
0	0
0	0
0	0
0	0
0	0
0	0
0	0
0	0
0	0
4	0
0	0
4	13
0	0
0	0
0	0
0	0
0	0
0	0
0	0
0	0
0	0
0	0
0	0
0	0
0	0
0	0
0	0
0	0
0	0
0	0
0	0
0	0
0	0
0	0
0	0
0	0
0	0
0	0
0	0
0	0
17	2
0	0
138	715
0	0
3	0
0	0
0	0
0	0
0	0
0	0
0	0
0	0
1	0
0	0
0	0
0	11
0	0
0	0
0	0
0	0
0	0
0	0
0	0
0	0
0	0
0	0
0	0
0	0
0	0
0	0
0	15
0	0
0	0
0	0
6	0
0	0
0	0
0	0
0	0
0	0
0	0
0	0
1	0
29	12
13	0
6	0
6	21
0	0
0	2
0	0
0	0
0	0
0	0
0	0
0	0
0	0
0	0
2	0
1	0
0	0
2	0
0	0
0	0
0	0
1	0
0	0
2	0
0	0
0	0
0	0
1	0
0	0
0	0
0	0
0	0
0	0
0	0
0	0
0	0
0	0
0	0
0	0
0	0
0	0
3	0
0	0
0	0
0	0
0	0
0	0
0	6
0	0
0	0
4	5
0	0
0	0
0	0
0	0
0	0
0	0
0	0
0	0
0	0
0	0
0	0
0	0
0	0
0	0
0	0
0	0
0	0
0	0
0	0
0	0
0	0
0	0
0	0
0	0
0	0
0	0
0	0
0	0
0	0
0	0
0	0
0	0
0	0
0	0
0	0
0	0
0	0
0	0
0	0
0	0
0	0
0	0
0	0
0	0
0	0
0	0
0	0
0	0
0	0
0	0
0	0
0	0
0	0
0	0
0	0
0	0
0	0
0	0
0	0
0	3
0	0
0	0
0	0
0	0
0	18
0	10
0	0
0	0
0	0
0	0
0	0
0	0
0	1
2	2
0	0
0	0
0	0
0	0
0	0
0	0
0	0
0	0
0	0
3	0
0	0
0	0
0	0
0	0
0	0
0	0
0	0
0	0
0	0
0	0
0	0
0	0
0	0
0	0
0	0
0	0
0	0
0	0
0	0
0	0
0	0
0	0
0	0
0	0
0	0
0	0
0	0
0	0
0	0
0	0
0	0
0	0
0	0
0	0
0	0
0	0
0	0
0	0
19	0
0	0
0	0
0	0
0	0
0	0
0	0
0	0
0	0
0	0
0	0
0	0
0	0
0	0
0	0
0	0
0	0
0	0
0	0
0	0
0	0
1	0
0	0
0	0
0	0
0	0
0	0
0	0
0	0
0	0
0	0
0	0
0	0
0	0
0	0
0	0
0	0
0	0
0	55
0	0
0	0
0	0
0	0
0	0
0	0
0	0
0	0
0	0
0	5
0	0
0	0
0	0
0	0
0	0
0	0
0	0
0	0
0	0
0	0
0	0
0	0
0	0
0	1
1	0
2	0
0	0
0	0
0	0
0	0
0	0
0	0
0	0
0	0
0	0
0	0
0	0
0	0
0	1
0	0
0	0
0	0
0	0
0	0
0	1
0	3
0	0
0	0
0	0
0	0
0	0
0	21
0	0
0	0
0	3
0	0
0	0
0	0
0	0
0	0
0	1
0	0
0	0
0	0
0	0
0	0
0	0
0	0
0	0
0	0
0	0
0	0
0	0
0	0
0	1
0	1
0	0
0	0
1	0
0	0
0	0
0	0
1	0
0	0
2	0
0	0
0	0
0	0
0	0
0	4
0	0
0	0
0	0
0	0
0	0
0	0
1	8
0	0
0	0
0	0
0	0
0	0
0	0
0	0
1	0
0	0
0	0
0	0
0	0
0	0
0	0
0	0
0	0
0	0
0	0
0	0
0	0
0	0
0	0
0	0
0	0
0	0
0	0
0	0
0	0
0	0
0	0
0	0
0	0
0	0
1	0
0	0
0	0
0	0
0	0
0	0
0	0
0	0
0	0
0	0
0	0
0	0
0	0
0	0
0	0
0	0
0	0
0	0
0	0
0	0
0	0
0	0
0	0
0	0
0	0
0	0
4	58
0	0
0	0
0	0
0	0
0	0
0	0
0	0
0	0
0	7
0	0
0	0
0	0
0	0
0	0
0	0
0	0
0	0
0	0
0	0
0	0
0	0
0	1
0	1
0	0
0	0
0	0
0	0
0	0
3	0
0	0
0	0
0	0
1	0
0	0
0	0
0	0
0	0
0	0
0	0
0	0
0	0
0	0
0	0
0	0
0	0
0	0
0	0
0	0
0	0
0	0
0	0
1	0
0	0
0	0
0	0
0	0
0	0
0	0
0	0
0	0
0	0
0	0
0	0
0	0
0	0
0	0
0	0
0	0
0	0
0	0
0	0
0	0
0	0
0	0
0	0
0	0
0	0
0	0
0	0
0	0
0	0
0	0
0	0
0	0
0	0
0	0
0	0
0	0
0	0
0	0
0	0
0	0
0	0
0	0
0	0
0	0
0	0
0	0
0	0
0	0
0	0
0	0
0	0
0	0
0	0
0	0
0	0
0	0
2	0
0	0
0	0
0	0
0	0
0	0
0	0
0	0
0	0
0	0
0	0
0	0
0	0
0	0
0	0
0	0
0	0
0	0
0	0
0	0
0	0
0	0
0	0
21	0
0	0
0	0
0	0
0	0
0	0
3	0
0	0
0	0
0	0
0	0
0	0
0	0
0	0
0	0
0	0
0	0
0	0
0	0
0	0
0	0
0	0
0	0
0	0
0	0
0	0
0	0
0	0
0	0
0	0
0	0
0	0
0	0
0	0
0	0
0	0
0	0
0	0
0	0
0	0
0	0
0	0
0	0
0	0
0	0
0	0
0	0
0	0
0	0
0	0
0	0
0	0
0	0
0	0
0	0
0	0
0	0
0	0
0	0
0	0
0	0
0	0
0	0
0	0
1	0
0	0
0	0
0	0
0	0
0	0
0	0
0	0
0	0
0	607
0	1
0	0
0	0
0	0
0	0
0	0
0	0
14	434
0	0
0	0
0	0
0	0
0	0
0	0
0	194
0	0
0	0
0	0
0	0
0	0
0	0
0	0
0	0
0	0
0	0
0	0
0	0
0	0
0	0
0	0
0	0
269	801
0	0
0	0
0	0
0	5
0	0
0	0
0	0
0	0
0	0
0	0
0	0
0	7
0	0
0	0
0	0
0	0
0	0
0	0
0	0
0	0
0	1
1	0
0	0
0	0
0	0
0	0
0	0
1	0
0	0
0	0
0	0
0	0
0	0
0	0
0	0
0	0
0	0
0	0
0	0
0	0
0	0
0	0
0	82111
0	11647
0	0
0	3
58	22833
0	0
0	0
0	0
0	0
0	0
0	0
1	0
1	0
0	0
0	0
0	0
0	0
0	25
0	0
0	0
0	0
0	0
0	0
0	0
0	0
0	214348
0	154587
0	0
0	255064
72	98609
0	0
0	0
0	0
0	0
0	0
0	0
0	0
0	0
0	0
0	0
0	0
0	0
0	0
0	0
0	0
0	0
0	0
0	0
0	0
0	0
0	0
0	0
0	0
0	0
0	0
0	0
2	3
0	0
0	8
0	0
0	0
0	0
0	0
0	0
0	0
0	2
0	0
0	0
0	0
0	0
0	0
0	0
0	0
0	0
0	0
0	0
0	0
0	0
0	0
0	0
0	0
0	0
0	3
0	0
0	0
0	0
1	0
0	0
0	5
0	0
0	0
0	0
0	0
0	0
0	0
0	0
0	0
0	0
0	0
0	0
0	0
0	0
0	0
0	0
0	0
0	0
0	6
0	0
0	0
0	0
0	0
6	29
0	0
0	0
0	0
0	0
0	0
0	0
0	0
0	0
0	0
0	0
0	7
0	0
0	0
0	0
0	0
0	0
0	0
0	0
0	0
0	0
0	0
0	0
0	0
0	0
0	0
1	0
0	11
0	0
0	0
0	0
0	0
0	8
0	8
1	0
0	0
0	0
0	0
0	0
0	0
0	0
0	0
0	0
0	0
0	0
0	8
0	0
0	0
0	0
0	0
0	0
0	0
0	0
0	10
0	0
0	0
0	0
0	0
0	0
1	5
0	0
0	0
0	0
0	0
0	0
0	0
0	0
0	0
0	0
0	0
0	0
0	0
0	0
0	0
0	0
0	0
0	0
0	0
0	0
0	0
0	0
0	0
0	0
0	0
0	0
0	0
0	0
0	0
0	0
0	0
0	0
0	0
0	0
0	0
3	0
0	0
0	0
0	0
0	0
0	0
0	0
0	0
0	0
0	0
0	0
0	0
0	0
0	0
0	0
0	0
0	0
0	0
0	0
0	0
0	0
0	0
0	0
0	0
0	0
0	0
0	0
0	0
0	0
0	0
0	0
0	0
0	0
0	0
0	0
0	0
0	0
0	0
0	0
0	0
0	0
0	0
0	0
0	0
0	0
0	0
0	0
0	0
0	0
0	0
0	0
0	0
0	0
0	0
0	0
0	0
47	63
0	0
0	0
0	0
0	0
0	0
0	0
0	0
0	0
0	0
0	0
0	0
0	0
0	0
0	0
0	0
0	0
0	0
0	0
0	0
0	0
0	0
0	0
0	0
0	0
0	0
0	0
0	0
0	0
0	48
0	0
0	0
0	0
0	0
0	0
0	0
0	0
0	0
0	0
0	0
0	0
0	0
0	0
0	0
0	0
3	0
0	0
0	0
0	0
0	0
0	0
0	0
0	0
0	0
0	0
0	0
0	0
0	0
0	0
0	0
0	0
0	0
0	0
0	0
0	0
0	0
0	0
0	0
0	0
6	0
0	0
0	0
0	0
0	0
0	0
0	0
0	0
0	0
0	0
0	0
0	0
0	0
0	0
0	0
0	0
0	0
0	0
0	0
0	0
0	0
0	0
0	0
0	0
0	0
0	0
0	0
0	0
0	0
0	0
0	0
0	0
0	0
0	0
0	46
0	0
0	0
0	0
0	0
0	0
0	0
0	0
0	0
0	0
0	0
4	0
0	0
0	0
0	0
0	0
0	0
0	0
0	0
0	0
0	34
0	15
19	0
1	8
0	0
0	0
0	0
0	0
0	0
0	0
0	0
0	0
0	0
0	0
0	0
0	0
0	0
0	0
0	0
0	0
0	0
0	0
0	0
0	0
0	0
0	0
0	0
0	0
0	0
0	0
0	0
0	0
0	0
0	0
0	0
0	0
0	0
0	0
0	0
0	0
0	0
0	0
0	0
0	0
0	0
0	0
0	0
0	91
2	12
0	0
0	0
0	0
0	0
0	0
0	0
0	0
0	0
0	0
0	0
0	0
0	0
0	0
0	0
0	0
0	0
0	0
0	0
0	0
0	0
0	0
0	0
0	0
0	0
0	0
1	2
0	0
0	0
0	0
0	0
0	0
0	0
0	0
0	0
0	0
0	0
0	0
0	0
0	0
0	0
0	0
0	0
0	0
0	0
0	0
0	0
0	0
0	0
0	0
0	0
0	0
0	0
0	0
0	0
0	0
0	0
0	0
0	0
0	0
0	0
0	0
2	0
0	0
0	0
0	0
0	0
0	0
0	0
0	0
0	0
0	0
0	0
0	0
0	0
0	0
0	0
0	0
0	0
0	0
0	0
0	0
0	0
0	0
0	0
0	0
0	0
0	0
0	0
0	0
0	0
0	0
47	122
0	0
0	0
0	0
0	0
0	0
0	0
0	0
0	0
0	0
0	0
0	0
0	0
0	0
0	2
0	0
0	0
0	0
0	0
0	0
0	0
0	0
0	0
0	0
0	0
0	0
0	0
0	0
0	0
0	0
0	0
0	0
0	0
0	0
0	0
0	0
0	0
0	0
0	0
0	0
0	0
0	0
0	0
0	0
0	0
0	0
0	0
0	0
0	0
0	0
0	0
0	0
0	0
0	0
0	0
0	0
0	0
0	0
0	0
0	0
0	0
0	0
0	0
0	0
0	0
0	0
0	8
0	0
0	0
0	0
0	0
0	0
0	0
0	0
0	0
0	0
0	0
0	0
0	0
0	0
0	0
0	0
0	0
0	0
0	0
0	0
0	0
0	0
0	0
0	0
0	0
0	0
0	0
0	0
0	0
0	0
0	0
0	0
0	0
0	163
0	0
0	0
0	0
0	0
0	0
0	0
0	0
0	0
0	0
0	0
0	0
0	0
0	0
0	0
0	0
0	0
0	0
0	0
0	0
0	0
0	0
0	0
0	0
0	0
0	0
0	0
0	0
0	0
0	0
0	0
0	0
0	0
0	0
0	0
0	0
0	0
0	0
0	0
0	0
0	0
0	0
0	0
0	0
0	0
0	0
0	0
0	0
0	0
0	0
0	0
0	0
0	0
0	0
0	0
0	0
0	0
0	0
0	0
0	0
0	0
0	0
0	0
0	0
0	142
0	0
0	0
0	0
0	0
9	1
0	0
0	2
0	0
0	0
0	199
0	12
0	0
0	443
0	0
0	0
0	0
0	0
0	0
0	0
0	0
0	0
0	0
0	0
0	0
0	0
0	0
0	0
0	0
0	0
0	0
0	0
0	0
0	0
0	0
0	0
0	0
0	0
0	235
0	0
0	0
0	0
0	0
0	0
0	0
0	0
0	0
0	0
0	0
0	0
0	0
0	0
0	0
0	0
0	0
0	0
0	0
0	0
0	0
0	0
0	0
0	0
0	0
0	0
0	0
0	0
0	0
0	0
0	0
0	156
0	0
0	0
0	0
3	0
0	0
0	0
0	0
0	0
0	0
0	0
0	0
0	0
0	0
0	0
0	0
0	0
0	0
0	0
0	0
0	0
0	0
0	0
0	0
0	0
0	0
0	0
0	0
0	0
0	0
0	0
3	1
0	0
0	0
0	0
0	0
0	0
0	0
0	0
0	0
0	0
0	0
0	0
0	0
0	0
0	0
0	0
0	0
0	0
0	0
0	0
0	0
1	0
0	0
0	0
7	5
0	0
0	0
0	0
0	0
0	0
0	0
0	0
0	0
1	0
0	0
0	0
0	0
0	0
0	0
0	0
0	0
0	0
0	0
0	0
0	0
0	0
0	0
0	0
0	0
0	0
0	0
0	0
0	0
0	0
0	0
0	0
17	20
0	0
0	0
0	0
0	0
0	0
0	0
0	0
0	0
0	0
0	0
0	0
0	0
0	0
0	0
0	0
0	0
0	0
0	0
0	0
0	2
0	0
0	7
10	0
0	0
0	0
0	0
0	0
0	0
0	0
0	35
0	0
0	0
0	0
0	0
0	0
0	0
0	0
0	0
0	0
0	0
0	0
0	0
0	0
0	0
0	0
0	0
0	0
0	0
0	0
0	0
0	0
0	0
0	0
0	0
0	0
0	0
0	0
0	0
0	2
0	0
0	0
0	0
0	0
0	0
0	1
0	0
0	0
0	0
0	0
0	0
0	0
0	0
0	0
0	0
0	0
0	0
0	0
0	0
0	0
0	0
0	0
0	0
0	0
0	0
0	0
0	0
0	0
0	0
0	0
0	0
0	0
0	0
0	0
0	0
0	0
0	0
0	0
0	0
0	0
0	0
0	0
0	0
0	0
0	0
0	0
0	0
0	0
0	0
1	0
0	0
0	0
0	0
0	0
0	0
0	5
0	11
0	0
0	0
0	0
0	0
0	0
0	0
0	0
0	0
40	496
159	6
0	0
0	0
0	0
1	0
0	0
0	0
0	0
7	0
0	0
0	0
0	0
0	0
0	0
0	0
0	0
0	0
0	0
0	0
0	0
0	0
0	0
0	8
0	20
0	0
0	0
0	0
0	0
0	0
0	0
0	0
0	0
0	0
0	0
0	0
69	9
0	0
0	0
0	0
0	1
0	0
0	0
0	0
0	0
0	0
0	0
0	0
0	0
0	0
0	0
0	0
0	0
0	0
0	0
0	0
0	0
0	0
0	0
0	0
0	0
0	0
0	0
0	0
0	0
0	0
0	0
0	0
0	0
0	0
0	0
0	0
0	0
0	0
0	0
0	0
0	0
0	0
0	0
0	0
0	0
0	0
0	0
0	0
0	0
0	0
0	0
0	0
0	0
0	0
0	0
0	0
0	0
0	0
0	0
0	0
0	0
0	0
0	0
0	0
0	0
0	0
0	0
0	0
0	0
0	0
0	0
0	0
0	0
0	0
0	0
0	0
0	0
0	0
0	0
0	0
0	0
0	0
0	0
0	0
0	0
0	0
0	0
0	32
0	0
0	0
0	0
6	1
30	766
33	32
0	0
0	0
0	0
0	0
0	0
0	0
0	0
0	0
0	0
0	0
0	0
0	0
0	0
0	0
0	0
0	0
0	0
0	0
0	0
0	0
0	0
0	0
0	0
0	0
0	0
0	0
0	0
0	0
0	0
0	0
0	0
0	0
0	0
0	0
0	0
0	0
0	0
0	0
0	0
0	0
0	0
0	0
0	0
0	0
0	0
0	0
0	0
0	0
0	0
0	0
0	0
0	0
0	0
0	0
0	0
0	0
0	0
0	0
0	0
0	0
0	0
0	0
0	0
0	0
0	0
0	0
0	0
0	0
0	0
0	0
0	0
0	2
0	0
0	0
0	0
0	0
0	0
0	0
0	0
0	0
0	0
0	0
0	0
0	0
0	0
0	0
0	0
0	0
0	0
0	0
0	0
0	0
0	0
0	0
0	0
0	0
0	0
0	0
0	0
0	0
0	0
0	0
0	0
0	0
0	0
0	0
0	0
0	0
0	0
0	0
0	0
0	0
0	0
0	0
0	0
0	0
0	0
0	0
0	0
0	0
0	0
0	0
0	0
0	0
0	0
0	0
0	0
0	0
0	0
0	0
0	0
0	0
0	0
0	0
0	0
0	0
0	0
0	0
0	0
0	0
15	0
4	1
0	0
0	0
0	0
0	0
0	0
0	0
0	0
0	0
0	0
0	0
0	0
0	0
0	0
0	0
0	0
0	0
0	0
0	0
0	0
0	0
0	0
0	0
0	0
0	0
0	0
0	0
0	0
0	0
0	0
0	0
0	0
0	0
0	0
0	0
0	0
0	0
0	0
0	0
6	0
0	0
0	0
0	0
0	0
0	0
0	0
0	0
0	0
0	0
0	0
0	0
0	0
0	0
0	0
0	0
0	0
0	0
0	0
0	0
0	48
0	0
0	0
0	0
0	0
0	0
0	0
0	0
0	0
0	0
0	0
0	0
0	0
0	0
0	0
3	29
0	0
0	0
0	0
0	0
0	0
0	0
0	10
0	0
0	0
0	0
0	0
0	0
0	0
0	0
0	0
0	0
0	0
0	0
0	0
0	0
0	0
0	0
0	0
0	0
0	0
0	0
0	0
0	0
0	0
0	0
0	0
0	0
0	0
0	5
0	0
0	0
0	0
0	0
0	0
0	0
0	0
0	720
0	0
0	0
0	0
0	0
0	0
0	0
0	0
0	0
0	0
0	0
0	0
0	0
0	0
0	0
0	0
0	0
0	0
0	0
1	0
0	0
0	0
0	0
0	0
0	0
0	0
0	0
7	0
0	0
0	0
0	0
0	0
0	0
0	0
0	0
0	0
0	0
0	0
0	0
0	0
0	0
2	405
5	3
0	0
0	0
0	0
1	0
0	0
0	0
0	0
0	0
0	0
0	0
1	2
0	0
0	0
0	0
0	0
0	0
0	0
0	0
0	0
0	0
0	0
0	0
0	0
0	0
0	0
0	0
0	0
0	0
0	0
0	0
0	0
0	0
0	0
0	0
0	0
0	0
0	0
0	8
0	0
0	0
0	0
0	0
0	0
0	0
0	0
0	0
0	0
0	0
0	0
0	0
0	0
0	0
0	0
0	0
0	0
0	0
0	0
0	0
0	0
0	0
0	0
0	0
0	0
0	0
0	0
3	0
0	0
0	0
0	0
0	0
0	0
0	0
0	0
0	0
0	0
0	0
0	0
0	0
0	0
2	0
0	0
0	0
0	0
0	0
0	0
0	0
0	0
0	0
0	0
1	0
29	1
0	0
0	0
0	0
0	0
0	0
3	0
0	0
0	0
0	0
0	0
0	0
0	0
0	0
0	0
0	0
0	0
0	0
0	0
0	0
0	0
0	0
0	0
0	0
0	0
0	0
0	0
0	0
0	0
0	0
0	1
0	0
0	0
0	0
0	0
0	0
0	0
0	0
0	0
0	0
0	0
0	0
0	0
0	0
0	0
0	0
0	0
0	0
0	0
1	1
0	0
0	0
0	0
0	0
0	0
0	0
0	0
0	0
0	0
0	0
0	0
0	0
92	216
0	0
0	0
0	0
0	0
0	0
0	0
0	0
0	0
0	0
0	0
0	0
0	0
0	0
0	0
0	0
0	0
0	0
0	0
0	0
0	0
0	0
0	0
0	0
4	2
0	0
0	0
0	0
0	0
0	0
0	0
0	1
0	0
0	0
0	0
0	0
0	0
0	0
0	0
0	0
0	0
0	0
0	0
0	0
0	0
0	0
0	0
0	0
0	0
0	0
0	0
0	0
0	0
0	0
0	0
0	0
0	0
0	0
0	0
0	0
0	0
0	0
0	0
0	0
0	0
0	0
0	0
0	0
0	0
0	0
0	0
0	0
0	0
0	0
0	0
0	0
0	0
0	0
0	0
0	1
0	0
0	0
0	0
0	0
0	0
0	0
0	0
0	0
0	0
0	0
0	0
0	0
0	0
0	0
0	32
0	0
0	0
0	0
0	194
0	0
0	0
0	0
18	28
0	0
0	0
0	6
0	0
0	0
0	21
0	0
0	0
0	0
0	0
0	0
0	0
0	0
0	5
0	0
0	0
0	10
0	0
0	0
0	943
0	1
0	0
0	0
0	0
0	0
0	0
0	0
0	0
0	0
4	0
0	0
0	0
0	7
41	394
0	0
0	0
11	19
0	0
0	0
0	0
0	0
0	0
0	0
0	0
0	799
0	0
0	1
0	5
0	0
0	0
0	0
0	0
0	0
0	0
0	0
0	0
