UniqueCount	AmbigCount
0	0
0	0
0	0
0	0
0	0
0	0
0	0
0	0
0	0
0	0
0	0
0	0
0	0
0	0
0	0
0	0
0	0
0	0
0	0
0	0
0	0
6	0
0	0
0	0
0	0
0	0
0	0
0	0
0	0
0	0
0	0
0	0
0	0
0	0
0	0
0	0
0	0
0	0
0	0
0	0
0	0
0	0
0	0
0	0
0	0
0	0
0	0
0	0
0	0
0	0
0	0
0	0
0	0
0	0
0	0
0	0
0	0
0	0
0	0
0	0
0	0
2	0
1	0
0	0
0	0
0	0
0	0
0	0
0	0
4	1
0	1
0	1
0	0
0	0
2	0
0	0
0	0
0	0
0	0
0	0
0	0
0	0
0	0
0	1
0	0
0	0
0	0
0	0
0	0
0	0
0	0
0	0
0	0
0	0
0	0
0	0
0	0
0	0
0	0
0	0
0	0
0	0
0	0
0	0
0	0
0	0
0	0
0	0
0	0
0	0
0	0
0	0
0	0
0	0
0	0
0	1
0	0
0	0
0	0
0	0
0	0
0	0
0	0
0	0
0	0
0	0
0	0
0	0
0	0
0	0
0	0
0	0
0	0
0	0
0	0
0	0
0	0
0	0
0	0
0	0
0	0
0	0
0	0
0	0
0	0
0	0
0	0
0	0
0	0
0	0
0	0
0	0
0	0
0	0
0	0
0	0
0	0
0	0
0	0
0	0
0	0
0	0
0	0
0	0
0	0
0	0
0	0
0	0
0	0
0	0
0	0
0	0
0	0
0	0
0	0
0	0
0	0
0	0
0	0
0	0
0	0
0	0
0	0
0	0
0	0
0	0
0	0
0	0
0	0
0	0
0	0
0	0
0	0
0	0
0	0
0	0
0	0
0	0
0	0
0	0
0	0
0	0
0	0
0	0
0	0
1	7
0	3
11	7
0	0
0	0
0	0
0	0
2	0
0	0
0	0
0	0
13	7
0	0
0	0
0	0
0	1
0	1
0	1
0	0
0	0
0	0
0	0
0	0
0	0
1	2
0	2
8	97
32	2
1	70
25	43
0	97
0	0
0	0
0	0
0	0
0	0
0	0
0	0
0	0
0	0
0	0
0	0
0	0
0	0
0	0
0	0
0	0
0	0
0	0
5	13
2	14
0	0
0	0
0	0
0	0
15	44
15	44
0	0
0	0
0	20
11	20
0	0
0	0
0	0
0	0
0	0
0	0
0	0
0	0
96	163
0	11
0	138
0	102
0	25
0	87
0	0
0	0
0	0
34	16
0	16
0	4
0	4
0	4
3	2
107	12
0	2
0	0
3	0
0	6
0	0
0	1
0	1
0	0
0	2
0	0
0	0
3	12
1	5
0	1
0	12
0	0
0	0
0	0
0	0
0	0
0	0
0	0
0	0
0	0
0	0
0	0
0	0
0	0
0	0
0	0
0	0
0	0
0	0
0	0
2	2
2	13
0	13
0	0
33	399
0	399
0	0
0	0
0	0
0	0
0	0
83	9263
0	0
0	3
0	24
0	2
0	24
0	2
0	24
0	2
0	0
0	0
0	0
0	24
0	0
0	2
0	3
0	3
0	1
0	0
0	0
0	0
0	0
0	0
0	0
0	3
0	1
56	34
2	59
3	51
0	18
0	27
1	0
1	4
0	27
0	0
0	3
0	0
0	0
7	10
0	10
5	0
0	19
0	19
113	19
0	0
0	0
0	0
0	0
0	0
0	0
0	0
0	0
0	0
0	0
0	0
0	0
0	0
0	0
0	0
0	0
0	0
0	0
0	0
0	0
0	0
0	0
0	0
0	0
0	0
0	0
0	0
0	0
0	0
0	0
0	0
0	0
0	0
0	0
0	0
0	0
0	0
0	0
4	2
0	2
18	111
4	111
5	0
0	1
0	1
0	0
0	0
0	0
0	0
0	0
0	0
0	0
0	0
0	0
0	0
0	0
0	0
0	0
0	0
0	0
0	0
0	0
0	0
0	0
0	0
0	0
0	0
0	0
0	0
0	0
0	0
0	0
0	0
0	0
0	0
0	0
0	0
1	0
0	0
0	0
0	0
0	0
0	0
0	0
0	0
0	0
0	0
0	0
0	0
0	0
0	0
0	0
0	0
0	0
0	0
0	0
0	0
0	0
0	0
0	0
0	0
0	0
0	0
0	0
0	0
0	0
0	0
0	0
0	0
0	0
0	0
0	0
0	0
0	0
0	0
0	0
0	0
0	0
0	0
0	0
0	0
0	0
0	0
0	0
0	0
0	0
0	0
0	0
0	0
0	0
0	0
0	0
0	0
0	0
0	0
0	0
0	0
0	0
0	0
0	0
0	0
0	0
0	0
0	0
0	0
0	0
0	0
0	0
0	0
0	0
0	0
0	0
0	0
0	0
0	0
0	0
0	0
0	0
0	0
0	0
0	0
0	0
0	0
0	0
0	0
0	0
0	0
0	0
0	0
0	0
0	0
0	0
0	0
0	0
0	0
0	0
0	0
0	0
0	0
0	0
0	0
0	0
0	0
0	0
0	0
0	0
0	0
0	0
0	0
0	0
0	0
0	0
0	0
0	0
0	0
0	0
0	0
0	0
0	0
0	0
0	0
0	0
0	0
0	0
0	0
0	0
0	0
0	0
0	0
0	0
0	0
0	0
0	0
0	0
0	0
1	0
0	0
0	0
0	0
0	0
0	0
0	0
0	0
0	0
0	0
0	0
0	0
0	0
0	0
0	0
1	0
0	0
0	0
0	0
1	0
0	0
0	0
0	0
0	0
0	0
0	0
0	0
0	0
0	0
0	0
0	0
0	0
0	0
0	0
0	0
0	0
0	0
0	0
0	0
0	0
0	0
0	0
0	0
0	0
0	0
0	0
0	0
0	0
0	0
0	0
0	0
0	0
0	0
0	0
0	0
0	0
0	0
0	0
0	0
0	0
0	0
0	0
0	0
0	0
0	0
0	0
0	0
0	0
0	0
0	0
0	0
0	0
0	0
0	0
0	0
0	0
0	0
0	0
0	0
0	0
0	0
0	0
0	0
0	0
0	0
0	0
0	0
0	0
0	0
0	0
0	0
0	0
0	0
0	0
0	0
0	0
0	0
0	0
0	0
0	0
0	0
0	0
0	0
0	0
0	0
0	0
0	0
0	0
0	0
0	0
0	0
0	0
0	0
0	0
0	0
0	0
0	0
0	0
0	0
0	0
0	0
0	0
0	0
0	0
0	0
0	0
0	0
0	0
0	0
0	0
0	0
0	0
0	0
0	0
0	0
0	0
0	0
0	0
0	0
0	0
0	0
0	0
0	0
0	0
0	0
0	0
0	0
0	0
0	0
0	0
0	0
0	0
0	0
0	0
0	0
0	0
0	0
0	0
0	0
0	0
0	0
0	0
0	0
0	0
0	0
0	0
0	0
0	0
0	0
0	0
0	0
0	0
0	0
0	0
0	0
0	0
0	0
0	0
0	0
0	0
0	0
0	0
0	0
0	0
0	0
0	0
0	0
0	0
0	0
0	0
0	0
0	0
0	0
0	0
0	0
0	0
0	0
0	0
0	0
0	0
0	0
0	0
0	0
0	0
0	0
0	0
0	0
0	0
0	0
0	0
0	0
0	0
0	0
0	0
0	0
229662	180
25870	52
136596	118
105162	88873
318	13957
488	21179
188	220601
187	162550
1789	20
365	262803
591667	107991
109119	131
166014	125
30	0
0	0
0	29
0	105
0	0
0	0
0	0
6	0
43	252
0	0
0	0
0	0
0	0
0	0
0	0
0	6
0	0
0	0
0	1
0	16
3	14
0	0
0	0
0	0
0	0
0	0
0	0
0	0
0	0
2	24156
0	0
515	0
0	0
0	3
0	0
0	0
455	1148
86	1423
3	43
0	0
0	0
0	0
0	0
0	0
1	0
0	0
0	0
0	0
0	0
0	0
0	320
0	0
0	0
0	148
0	0
0	0
0	0
0	0
327	0
0	0
0	0
0	0
0	0
274	1
0	0
0	0
0	0
0	0
0	0
0	0
0	0
0	0
0	0
0	0
0	0
0	0
0	0
0	0
0	0
276	1
0	0
0	0
0	0
0	0
0	96
0	19
0	0
0	0
0	0
0	0
0	0
0	0
0	0
2110	0
0	0
0	0
0	0
4	322
0	0
0	0
0	0
3	209
0	0
0	2
0	0
0	0
0	0
0	0
0	0
0	0
0	0
0	318
0	0
0	8
0	1
0	44
0	11
0	0
40	4089
0	0
0	0
0	0
0	0
0	0
0	0
0	0
0	2
0	3
0	0
0	0
0	0
0	0
0	0
26	28
0	0
0	0
0	0
0	0
0	0
0	0
0	0
0	0
0	0
0	0
0	0
0	0
0	0
0	0
0	0
0	0
0	0
0	0
0	0
0	0
0	1
0	0
0	175
130	0
3069	3
0	144
0	0
0	0
0	2
0	0
0	0
0	0
6	14
0	0
52	591
0	591
0	25
0	0
0	0
0	0
6	0
0	0
0	161
50	293
0	0
1	0
0	0
0	0
0	0
0	0
0	0
0	0
0	0
1329	0
0	0
0	0
0	1
0	13
0	0
0	1
1	0
42	0
0	0
0	0
0	2
0	0
0	0
0	0
0	0
0	0
0	0
0	0
0	0
0	0
0	19
0	0
9	3
0	0
123	1022
1	340
0	1014
1	415
1	256
0	4
2	479
0	0
0	0
0	0
0	0
0	0
0	0
50	142
0	38
0	34
0	41
0	123
0	133
0	135
22	135
1	135
1	10
5	12
1	6
0	6
0	0
4	0
0	0
12	1271
0	3251
0	3072
44	1361
9	1898
20	2661
15	663
0	559
22	0
19	92
0	71
6	284
1	27
0	27
4	3104
0	114
3	657
0	44
0	140
0	644
153	576
10	300
1	0
87	5413
0	2587
2	5489
0	73
0	166
0	380
10	513
8	505
2	315
0	299
0	334
0	180
0	196
1	0
0	0
0	128
1	0
0	9
0	0
4038	281
5	271
1199	928
0	0
0	0
683	927
3	1
0	702
502	2
1	0
0	0
0	2
421	12
8	0
2	0
0	0
0	0
0	0
0	0
1	0
0	0
0	0
0	0
0	0
0	6
0	0
0	7
0	5
0	2
0	1
0	0
0	0
0	0
5	11
201	1891
2	1894
0	1793
0	597
0	149
0	321
0	390
0	290
0	217
0	0
0	10
0	0
1	2
7	1
0	1888
4863	1225
1	1107
35	7
152	189
21	188
701	0
0	0
1	38
0	38
0	35
4	1
0	5
4	0
4	12
1	1
0	0
0	73
670	233
0	6
0	0
4	159
2	45
2	159
1	84
1	159
0	165
2161	179
0	12
0	177
13	623
600	1514
35	1170
7	23
6	651
211	130
0	130
10	13
0	13
0	0
0	0
0	0
79	5332
164	13090
346	13228
68	13093
69	5308
1	5
13	661
0	4189
15	2185
31	50
148	870
0	0
0	0
284	158
0	0
20	3
0	3
42	155
24	65
0	3
0	0
0	0
0	0
54	4924
138	3315
71	12
5	75
5	10
4	783
4	770
0	32
0	4924
0	721
2272	722
87	716
0	4
0	4
0	0
1	0
91	9616
0	8917
0	9988
11	9123
9	8752
346	9118
1	1025
119	8
0	5
18	9359
0	19
3	17
0	0
0	56
0	16
0	30
0	49
0	7
2	52
9	34
0	38
0	12
0	6
0	10
0	0
3	24
0	0
0	7
0	63
0	57
258	583
9	578
18	12
62	48
0	46
0	2
3	3990
18	2600
77	37
0	4101
0	4192
64	3564
3	4102
0	4021
2	4217
2	82
16	4190
3	2374
0	2488
303	7
11	7
0	0
579	48
3	33
44	18
4	12
1162	345
0	343
0	3
0	2
0	1
0	1
10	0
3	86
708	88
0	21
0	23
0	0
14	0
11	109
409	346
0	7
0	229
0	15
0	38
0	58
53	12
4	46
4	2760
0	3120
2	3019
0	3159
0	3058
4	2965
1	2964
27	7
1	392
0	112
0	30
0	205
6	923
9	1516
29	4793
1151	4793
0	4676
17	3255
53	2140
0	3407
0	2
0	2
0	724
0	110
23	388
0	747
0	751
698	35
0	33
1	33
0	0
10	7629
47	6343
19	4560
227	5030
0	7625
180	52
0	47
0	35
0	12
2	0
2	5
0	0
0	0
0	0
0	0
0	0
0	0
8	872
20	595
0	964
0	1015
1	1058
0	990
5	39
18	590
6	128
1	861
5	34
0	0
0	75
48	324
14	273
0	24
0	0
0	22
3	27
4	18
0	9
5	6
0	2
0	0
1	2
424	321
25	321
4	1
1	0
0	0
946	2262
1	704
0	129
19	1675
0	304
8	500
20	222
0	0
6	45
4	53
0	9
0	0
0	0
0	0
0	0
10	86
0	86
0	24
0	11
0	1
0	0
0	2
0	0
0	0
0	0
70	576
4	341
0	308
0	223
0	101
0	15
0	0
0	5
39	5
9	23
0	23
132	1038
0	1038
12	137
4	17
19	2
4	215
2	5
2	0
0	5
0	3
967	122
0	76
0	11
0	35
0	35
1	11
7	802
1	0
8	802
1	59
0	622
0	170
257	0
0	0
0	0
0	0
0	0
0	0
0	0
0	30
1	30
1	21
0	0
0	0
1	2
6	19
0	1
2	37
0	1
0	5
0	0
0	0
0	34
0	0
0	11
0	0
0	7
4	11
10	4802
0	3308
152	5866
0	12
8	1512
2	25
11	0
12	651
0	446
6	541
10	52
77	222
0	78
37	2
0	2
1630	0
0	643
132	1223
0	572
30	438
1	669
1	637
2	640
20	169
33	278
0	29
0	18
12	246
0	92
0	24
0	12
0	17
0	6
911	0
0	0
0	0
977	988
0	908
0	21
8	272
1	23
0	376
7	101
9	218
0	376
0	0
0	0
0	0
0	2
0	2
3	2
1	35
0	22
7	34
0	36
1	15
0	0
0	0
0	0
0	0
15	1084
0	1104
1	1059
13	30
0	310
284	6177
15	6007
124	5974
0	2284
0	2368
62	507
0	878
3	650
29	324
10	0
23	3
0	3
0	0
0	222
1322	979
41	885
12	154
1	216
0	257
17	431
63	419
16	114
857	473
2	470
4	30
1	0
0	80
1	50
0	38
1034	0
0	0
0	0
0	0
0	0
0	0
0	0
0	0
2670	854
5	854
1	7
0	28
2	80
0	88
12	84
1	0
0	13
4	11
0	11
0	2
0	3
0	0
30	17
6329	2989
8	46
56	2974
1	713
105	6813
3	3919
18	2948
0	2192
4	4893
0	2535
16	4346
0	1977
38	147
0	117
0	121
32	138
25	62
40	2
7	0
0	12
0	4
72	0
0	0
0	443
39	458
1	177
8	132
0	40
6	100
0	23
0	0
0	1143
0	1173
67	1188
23	1188
0	1121
3	438
1	196
3	93
0	145
17	44
0	35
0	25
0	25
0	35
0	1
0	0
0	3
5	0
0	0
0	0
0	11
0	8
0	8
0	7
0	0
0	9
176	270
0	19
1	241
0	38
8	2
0	0
0	89
3	668
27	802
15	769
1	699
0	576
14	433
3	44
1	17
0	69
0	3
17	81
0	78
0	420
0	0
11	145
0	0
5	15
0	147
5	146
0	1
0	146
3200	2032
0	1588
2	348
14	0
2	248
16	0
0	17
0	0
0	0
0	0
0	0
0	0
0	0
20	76
41	79
2	9
2	8
1	6
4	6
2	1
0	1443
1	1429
1	754
0	717
9	15
0	2
19	30
0	0
2008	736
7	20
0	716
1	0
0	1076
16	1161
12	1198
0	1157
0	9
73	22
5	17
0	3
0	22
3111	6
36	1
147	44
0	27
0	24
9	0
71	0
0	0
0	0
0	0
2	78
2303	187
0	2
3	11
6	0
2	84
3	20
2	29
70	1518
54	1542
356	1507
0	233
0	177
5	5
0	23
0	2
0	0
0	3838
39	261
1	165
8	275
0	108
0	90
23	264
0	78
0	117
1	672
56	97
0	297
3	362
0	672
0	0
0	0
0	0
0	0
0	0
0	0
0	0
0	0
0	0
0	0
2	28
182	1808
0	129
0	1677
0	0
6	5
0	353
0	78
1	5
4	206
8	1053
0	296
48	416
0	1221
0	53
2	0
5	0
10	1937
0	2707
0	2609
0	2862
2	2765
20	2783
1	2596
0	789
16	822
0	327
0	442
0	182
0	352
0	0
0	143
0	157
0	18
0	2746
0	1646
232	502
111	292
23	365
30	3960
1672	4868
6	816
25	98
11	86
0	725
0	1727
6	19
0	57
0	0
1	0
0	0
0	0
0	0
3388	5668
3	5665
145	835
5	0
0	813
134	0
24	16
43	13
266	244
1	62
35	83
30	91
24	82
0	4
0	2
0	0
0	0
0	102
0	109
1	0
2523	5415
1	3595
91	2383
5	1110
0	1110
0	604
1	586
2	62
0	89
35	114
0	0
50	0
0	0
0	0
222	1
0	2
0	2
1	0
0	0
0	2
0	0
2468	4122
30	3497
1	0
0	0
0	0
0	0
1500	154
20	81
6	0
0	73
0	0
0	0
0	0
0	0
0	6
0	6
0	1
0	0
0	0
0	152
66	152
3	54
81	2541
6	2425
1	48
0	58
0	0
274	2414
3	0
0	20
10	14483
14	23388
268	26408
0	3182
0	555
0	2021
89	553
35	11303
7	128
0	12
0	27
11	100
4	100
1	31
0	7
0	0
0	1
9	10
1	3
14	272
8	793
0	65
364	731
45	99
0	1
61	98
146	9848
1	4592
0	36
0	90
0	76
1	14
0	394
64	11
15	12
1	9468
1339	2
0	0
6	28
0	0
0	153
0	0
0	2
0	123
0	1
0	169
6	210
162	238
0	24
0	8
0	8
0	319
22	1709
14	1711
99	1329
79	1705
0	1699
0	160
1	66
5	32
30	0
0	233
0	255
0	184
25	89
5	5
8	6730
77	6755
0	7483
10	7902
7	8447
0	8117
0	0
0	0
0	0
0	0
0	0
0	0
0	0
0	0
0	0
112	294
65	313
0	172
46	134
0	13
1	7
5	2
0	126
0	14
0	0
0	79
866	1413
12	1413
183	127
1	257
0	0
0	0
0	0
0	0
1	147
0	157
6	21
0	4
0	129
0	1054
0	1053
0	1058
6	1027
0	1404
0	1404
0	826
8	1313
8	513
39	1435
0	3
0	171
0	87
0	4
0	82
0	7
0	0
32	0
4	0
496	60
0	59
1	0
3	1359
19	1101
28	1128
1	1182
0	0
6	8
15	417
4	13
6	190
1	84
2269	146
1	142
63	1
0	14
0	14
16	1844
1	0
34	11022
0	6851
0	6910
1	0
4	63
0	35
0	5164
24	17
0	10
0	8
0	972
13	26
0	339
5	313
0	11134
0	11019
1271	192
0	35
3	56
0	85
0	52
2368	441
62	441
2	1
9	937
0	829
0	707
0	229
1	670
0	75
2	195
0	2
0	0
0	0
0	0
0	2
1	6
0	6
0	6
1	6
0	0
0	6
0	251
2	46
0	154
2	209
2	3
4	0
0	0
0	0
28	198
0	187
0	14
0	15
0	14
0	15
0	18
0	17
0	17
0	18
0	15
2	1
0	0
0	15
7	253
2	170
3	187
3	205
17	71
0	0
7	95
0	76
8	0
0	0
0	5
0	0
0	0
0	21
0	5
1	5
7	10
0	9
0	21
0	0
0	0
0	0
0	0
0	0
0	0
0	0
0	0
0	0
0	0
0	0
0	0
16	3
0	0
0	3
0	7367
15	6219
473	7358
5	0
45	38
1	13
2	13
0	9
0	38
4	126
9	126
0	80
0	6
3	6
3	14
21	83
25	87
0	36
0	14
0	0
8	1814
10	1817
18	4
0	1813
5	2
0	2
1682	695
9	86
28	271
5	271
0	25
1	16
3	52
0	28
0	20
2	0
815	77
2	77
24	937
29	400
46	694
4	42
0	0
35	16
0	12
0	877
1572	717
11	21
161	137
0	50
1	2
0	1
0	57
2	0
2	18
0	26
3	3
0	88
6	0
24	109
28	114
0	2
0	3
0	3
7023	1
134	2013
100	2070
65	2006
0	1619
13	21
1	11
0	25
1	26
1	37
0	0
0	2
1	21
0	0
2	1
1	4
2	19
4	17
0	17
0	18
0	0
0	0
111	3
119	228
12	4
0	0
0	227
337	129
8	129
0	0
0	0
0	0
0	0
1015	461
24	366
24	11
0	171
67	210
0	64
0	61
0	28
8	27
0	7
6	8
0	3
0	62
0	64
0	42
0	18
0	35
0	40
0	27
0	1
0	47
4	1311
12	4
3	1308
1	1468
0	3503
0	2757
0	1473
1	354
12	5
7	3
0	0
0	3
0	3
0	0
59	1880
1	1660
24	147
0	1694
4	157
17	179
0	30
0	1414
16	897
120	91
0	82
0	9
3165	16
3	15
0	0
0	0
48	0
58	665
12	71
9	68
7	789
15	784
21	418
0	403
4	12
0	43
0	8
0	43
1274	0
281	297
0	103
6	254
1	285
4	30
315	4523
34	2325
1	301
8	10
22	193
34	1936
5	34
50	884
0	13
7	12
0	1
11	10
2	4
64	20
0	5
1	1
0	1
0	1
0	3
0	3
22	2
18	10
9	4
0	4
0	5
0	1
9	0
2592	3504
105	3504
0	115
13	30
0	54
9	933
0	57
0	61
102	1
6046	522
2	519
7316	1371
9	6
3	722
0	722
16	1356
0	0
0	0
617	2014
6	2014
0	0
0	0
0	0
0	0
0	0
0	0
0	0
0	0
0	0
11	143
0	14
3	130
3	0
0	3
58	287
7	287
0	10
1	0
0	0
0	0
630	1809
78	1737
16	324
27	62
143	35
47	873
59	33
1	0
21	5
1	509
9	361
3	20
437	3365
15	531
0	2264
210	1847
9	2127
14	96
0	2290
5	2981
5	2994
0	1
0	197
1	73
0	267
0	271
0	72
221	1203
5	7
129	12
21	63
0	0
0	15
13	265
0	246
0	8
0	0
427	1515
11	517
3	365
2	1123
0	13
23	526
19	205
109	615
0	176
6	452
13	49
1	49
1	10
30	5
0	5
0	27
10	1815
2	2072
1	26
0	1639
1	24
53	0
0	11
29	59
0	352
109	107
8	400
68	28
0	24
6	175
0	201
68	179
10	109
941	1987
1334	1937
23	1638
0	35
0	1608
1	30
1007	2663
2	150
1	38
3	220
0	0
0	279
33	0
0	142
11	2371
851	933
5	74
5	0
10	1
0	4
1	43
70	157
44	940
0	883
0	863
0	920
9	503
25	309
0	240
0	1
0	152
0	128
0	123
0	22
0	0
0	0
0	0
722	4116
2	140
0	3943
0	1688
0	12
0	24
0	16
5	192
1	0
1	13
4	12
0	1
0	12
1	32
0	32
0	2
370	1
31	6951
0	1559
0	150
0	38
0	31
0	443
0	64
1	21
5	2101
4	863
19	458
0	394
2	345
2	1393
3	34
1	2474
0	215
0	895
0	273
0	1044
0	997
0	1024
0	624
0	1735
0	769
1	349
0	308
0	5172
0	5168
1	5078
0	66
0	22
0	15
0	36
0	0
0	11
0	6
0	68
5	68
0	7
0	7
0	7
0	7
1	3
0	2
1	1
0	1
0	0
0	0
0	0
0	0
0	68
3	0
5	0
0	0
146	20
3	20
499	334
0	267
4	15
7	48
29	715
22	667
40	437
2	53
0	0
1155	2412
286	34
0	370
155	2223
3	22
36	0
2	192
10	809
70	793
4	754
0	599
0	2
1	2
4	1
11	29
0	227
0	52
2	2
0	10
17	178
447	89
10	88
0	29
823	804
32	424
0	92
1	128
1	20
0	133
0	268
7	987
5	987
65	987
29	376
7	387
0	13
0	2
0	0
5	0
185	223
0	123
0	7
0	14
0	0
0	28
0	601
149	3064
61	2797
4	1543
0	123
7	103
0	150
6	3382
541	4241
2	7
1	0
4	2665
2	672
13	300
181	609
12	182
115	665
4	342
35	24
7	66
0	49
15	45
2	2
0	0
0	2
0	0
1	177
5	176
0	56
0	5
0	0
0	0
0	0
0	0
12	2654
0	2549
134	2629
0	435
14	1
10	154
4	256
1	2
0	2956
12	157
14	2918
0	3169
0	154
0	82
15	21
3	143
1	38
0	0
3	159
0	1472
123	1165
3	1206
18	572
0	945
0	273
67	92
0	92
20	61
0	0
11	13
26	12
0	5
3	3
0	0
325	594
0	482
0	586
3	283
1	275
3	40
0	52
7	403
1943	94
4	75
0	19
20	0
1	513
0	66
8	432
0	31
1	291
0	72
0	4
0	19
27	4
1483	1
0	4
125	5609
336	5938
32	1668
12	0
0	83
12	470
14	15
1	8
0	70
0	13
0	13
13	0
21	11
5	122
0	59
7	87
0	21
0	14
7	7
0	0
0	122
980	400
0	379
0	250
3	20
2	0
0	0
0	0
30	2239
0	2210
34	1381
4	13
4	83
0	49
1	5
1	120
1	83
0	0
0	0
0	0
59	243
10	162
14	180
0	140
0	747
18	713
1	0
1	666
1	97
9	104
2	0
0	0
0	0
0	0
22	230
168	215
3	25
0	2
0	16
0	4
5	5
0	2
0	3
1	2
0	2
1	2
0	0
0	2
247	480
63	21
8	480
520	262
5	23
15	239
0	67
14	85
12	36
1	19
1	336
0	634
0	207
0	497
519	64
0	64
1	3
0	3
5	28
0	0
0	0
0	28
93	2284
3	2284
221	2206
0	0
1	21
0	6
0	626
43	668
0	653
0	75
0	4
1	19
0	18
11	0
0	1808
16	1580
0	1158
0	0
0	0
7	0
3	179
0	5
0	5
0	1
0	0
0	0
0	0
0	0
0	0
0	0
903	1
391	0
0	0
0	0
0	0
0	0
0	0
659	504
245	946
0	957
0	1014
0	469
5	72
137	145
0	135
2	58
0	15
0	9
0	4
6	3
0	3
0	1
0	0
0	47
1981	135
12	107
11	234
19	267
1	174
0	1
32	1510
0	328
1	1497
0	410
0	58
8	59
32	1691
41	2053
0	1600
77	1347
0	1379
10	1170
2	0
5	359
2	0
3	26
0	33
0	146
1	76
5	41
0	41
2	78
115	114
0	19
2	113
0	0
0	0
0	0
21	274
17	264
0	149
0	152
7	57
0	0
0	273
0	10
0	10
0	11
2	11
0	0
0	0
0	0
0	0
0	0
67	0
878	1196
5	1096
28	1172
4	124
70	0
7	18
0	54
39	63
0	35
10	0
0	0
0	0
688	2734
122	2233
0	1240
55	420
22	16
17	1480
0	138
0	882
0	444
0	0
0	0
0	0
0	0
432	3012
8	2654
0	1185
0	0
13	500
3	500
15	29
2	12
128	320
0	320
0	22
82	175
1	48
0	0
0	14
0	81
0	48
6	36
0	49
2	2
0	1
1	4
1	0
0	0
3	16
0	13
3	2
0	0
2	3
0	13
162	46
0	0
0	1
2	45
0	0
0	0
0	0
0	0
5	2
0	2
0	0
4	4
1	3560
13075	19822
2574	16259
1	2157
3	1
0	0
1	294
4	3
0	30
477	256
0	75
330	164
2	27
65	303
0	1030
129	1149
7	45
0	0
33	748
0	23
2	39
123	40
1	0
2	0
268	239
0	14
0	24
2	6
4	209
0	72
0	28
288	1286
0	3
0	91
6	1290
1	0
0	1286
0	567
0	552
1	0
6	99
0	99
48	11425
148	10835
0	2588
0	0
1	143
2	862
0	8
9	11059
5	0
5	1646
4	255
9	226
3	86
4	2
25	2
0	179
26	70
323	1495
0	11
0	1105
0	161
2	246
0	1175
6	153
7	232
0	2
0	0
0	0
0	0
0	0
0	2
0	0
30	1822
2	290
0	4157
0	0
3	2
0	1917
52	644
81	658
33	1890
0	161
6758	4164
7	14
1640	15
0	0
0	0
0	76
34	369
1	131
0	178
2	143
17	182
1	74
0	18
3	18
1	1
0	0
0	22
1	20
0	22
902	154
1	53
12	102
2	5286
27	149
109	5287
43	357
0	357
20	357
0	358
0	38
2	15
0	0
0	1
163	679
0	662
0	1
0	1
0	0
0	0
0	0
84	1157
4	1145
0	1007
1	417
0	9
0	144
1	0
0	83
5	14
0	0
0	2
0	0
0	0
15	45
0	59
9	58
5	9
0	7
1	0
0	0
0	0
0	0
5	307
0	309
0	307
0	307
37	78
4	10
20	64
0	14
0	307
0	307
666	596
1	291
0	461
1	350
116	19
1	21
1	18
0	79
34	69
0	0
0	0
10	37
0	37
440	754
2	735
1	25
2948	93
2	93
209	1613
22	1522
6	481
3	326
0	271
7	198
45	196
0	120
2	70
0	12
1	0
0	87
0	5
0	94
5	471
0	0
0	0
0	254
9	257
9	254
0	257
0	4
0	471
0	25
0	26
0	0
0	0
1344	1075
1	6
27	437
17	589
0	318
0	586
2	394
15	28
0	92
13	460
0	5230
1161	5375
11	2222
0	2489
1	672
0	230
0	181
1	179
0	178
0	176
0	176
0	168
0	0
0	0
0	19
0	173
0	25
0	21
49	587
2	0
7	19
5	9
1180	793
2	197
4	0
79	25
1	32
5	33
0	15
0	0
0	0
0	0
0	0
143	201
25	33
7	23
34	24
0	1
1	3
0	0
3	3
0	3
0	2
0	3
0	0
0	342
7	283
0	248
49	100
5	137
11	156
1	28
1	42
4	23
56	52
1	25
0	25
0	26
0	0
7	0
0	0
87	567
0	430
2	15
4	29
2	0
0	1
1	139
0	0
210	0
0	0
0	81
0	90
0	99
0	61
0	25
0	2
0	19
1	7
0	2
0	0
0	5
0	5
1624	37
0	34
0	0
3	26
77	26
23	290
5	290
0	0
1	0
55	0
0	0
2673	812
8	461
4	586
0	574
4	246
0	809
4922	916
3	914
8873	1504
35	1367
0	0
10	128
0	0
48	631
0	622
0	70
0	33
0	9
0	0
0	0
0	0
0	0
0	0
145	16
0	140
0	276
2	109
1	252
0	126
2	215
15	213
56	193
0	175
0	0
0	215
2138	432
0	233
1	432
59	860
85	846
5	997
0	498
4	0
3794	77
0	0
3	75
111	468
192	424
0	246
0	74
9	151
417	441
0	93
0	340
2	95
8	11
0	3
1	70
231	70
0	0
0	0
0	0
0	0
0	0
0	0
12	1377
2	1340
7	1325
5	1310
1	630
14	829
1	0
1	0
25	765
0	1304
19	1343
9	891
5	1109
0	705
3	745
0	833
0	687
0	78
0	322
5	7
162	3195
8	1000
0	295
0	115
9	102
14	33
216	32
58	576
0	213
0	0
0	0
1	6
87	3190
0	1027
1	953
0	946
12	897
0	327
2	143
1	15
0	946
9	444
12	531
0	452
1079	293
1	15
1	277
597	324
16	252
3	168
8	110
0	2
0	169
19	169
0	14
0	1
0	87
0	96
0	90
1	128
4	13
1	0
0	35
1	4
0	0
857	133
0	2
0	117
1	131
6	64
194	762
36	5
0	5
23	2
0	28
0	1
0	33
0	762
4	28
0	28
0	7
0	41
0	41
1	41
10	3
0	178
10	161
2	0
15	29
3	149
0	49
0	49
18	35
2	126
3	6
2	0
1	40
109	55
143	593
30	609
0	242
1	269
3	1731
2	123
1	28
1	25
0	28
0	25
65	1471
0	1617
74	3
0	87
28	1364
0	0
1	0
0	0
0	0
0	0
149	1349
8	1149
7329	3232
12	111
0	261
3	195
21	1177
117	173
0	173
49	10157
1369	12515
0	731
6	4161
10	11
48	121
47	1647
72	1683
0	0
0	28
1	28
1	4
1	4
1	3
0	0
0	0
0	28
0	0
0	0
0	0
7	3358
872	3646
2	2617
0	3200
10	3128
5	313
16	0
3	320
61	0
0	1051
0	2
5	0
1	48
2	179
0	241
0	445
0	36
1	490
4	829
25	368
4	252
25	347
1	114
13	38
1	0
0	0
1646	0
0	696
7	23
42	612
4	644
0	36
0	42
0	0
7	0
6	46
0	26
0	26
0	11
0	1
140	1773
1	1773
0	624
8	170
0	93
3	33
7	52
318	402
0	1
0	0
0	1
0	1
0	192
0	10
0	0
0	361
2	0
0	0
0	0
9	269
2	6
0	16
0	13
0	12
3	9
0	7
0	2
0	0
0	268
0	269
1544	71
2	71
942	0
940	249
0	247
111	493
1	36
5	347
59	114
0	492
4	60
53	146
200	771
493	1778
61	1726
0	82
0	28
3	2
0	412
9	927
0	0
0	0
0	19
30	1007
453	1452
18	1181
0	113
0	110
0	21
0	381
0	146
4	129
0	243
0	234
0	45
0	234
0	34
0	0
4428	3
2	4
9	10
1	9
28	147
20	162
3	168
6	24
4	68
31	93
2	2
437	414
0	219
37	195
13	29
10	2359
56	594
0	1973
0	1579
2	369
0	686
88	115
1868	153
2	21
14	11
0	176
1	150
62	372
16	552
0	520
1	109
0	0
59	112
0	2
54	112
1	37
1	18
0	24
0	1
0	5
1	1
0	0
0	5
0	3
5	1824
0	1596
21	1141
162	1613
1	1148
0	1486
0	343
7	384
0	176
0	325
1	88
1062	301
0	0
0	14
0	93
0	134
0	151
22	626
2	182
17	793
28	714
0	52
4	205
0	0
1	92
0	0
1	30
0	0
0	0
1334	0
0	2050
145	2360
22	1321
99	1955
4	1899
0	2100
0	300
3	2066
0	928
303	813
6	10
40	19
2	18
0	52
1	2255
35	2667
0	405
8	247
0	0
3	15
0	260
0	158
1	34
0	6
1	13
11	1054
0	809
0	926
0	1063
0	1236
0	472
0	139
0	286
0	275
0	177
3	368
0	161
0	318
0	265
0	0
0	46
0	156
9	15
0	70
4641	3
0	2
0	2
0	2
0	0
0	0
0	0
0	0
2	7
0	19
1	15
0	0
0	0
0	0
0	0
0	0
0	0
0	69
0	69
0	33
43	3881
106	2314
0	4022
16	399
2	108
8	824
19	3859
547	26
1	26
17	1644
0	1993
6	1641
0	36
0	1218
1	0
5	1993
11	2140
53	1036
3	1946
141	2034
14	30
7	186
4	785
1	134
0	329
0	419
15	323
2	236
13	5
995	464
97	463
18	1211
0	56
3	0
7	59
1	45
0	40
1	54
0	24
5	56
4	16
1	2
0	1198
36	1086
10	94
7	517
1	700
0	1406
0	1422
1	205
0	101
0	32
2	33
0	288
4	1520
9	1587
11	1197
1	302
0	9
0	21
0	139
0	132
0	1589
82	8
0	8
0	0
0	0
35	6067
1	580
3	230
431	6068
2	174
4	306
164	3703
1	223
71	1270
4	1270
0	42
0	0
3	123
0	93
0	89
2	4
1856	2558
0	2383
18	413
6	1217
14	0
4	193
5	0
2	0
0	0
0	0
1	0
0	0
0	0
2	0
91	9
3	7
0	5
1	8
0	53
2	56
0	0
1	83
0	51
11	2
0	11
0	4
17	18
0	85
0	0
0	97
0	261
0	245
0	129
0	216
15	180
2	0
0	194
1	14
0	2
0	2
0	13
2	14
2	29
0	29
0	0
0	0
0	0
0	0
0	0
0	0
452	110
0	0
1	0
1	3
0	107
21	10
3	8
0	4
0	2
18	92
0	77
0	56
24	52
0	40
0	29
1	41
0	29
0	37
0	16
0	34
2	0
2	136
0	110
1	42
0	0
0	128
4	33
0	7
1	3
0	81
0	0
0	0
0	0
0	0
0	0
0	0
0	0
0	0
0	0
0	0
0	0
0	602
6	858
0	20
0	129
0	129
0	109
4	4
0	495
0	2
63	170
1	78
80	173
0	68
3	2
0	0
0	0
0	0
0	0
0	0
1544	2902
0	2458
0	2386
0	1972
6	894
0	323
11	371
52	723
3	12
0	392
0	101
1	0
0	0
0	1153
151	4614
6	1
4	4570
377	260
0	107
450	512
0	0
0	512
0	0
0	0
0	162
0	5
0	49
0	217
83	1951
2	791
8	1913
1	1
55	178
3	0
0	120
2	88
0	124
24	1
22	316
55	208
0	250
1	61
0	94
0	69
2	9
0	16
3	52
1	88
7590	11301
2	11291
0	4782
0	680
6	8
76	289
19	288
14	289
0	0
0	40
0	12
5	2
44	41
0	0
0	0
0	3
0	3
0	3
453	18
0	18
485	48
4	44
3	4
2284	840
1	786
0	2
33	519
0	54
0	6
0	86
1	5
0	2
1019	1266
37	151
27	1249
0	0
0	0
0	0
753	658
33	671
12	17
1	0
0	0
0	0
0	0
0	0
0	0
303	1649
43	1652
0	563
0	35
2	3
213	0
43	417
4	415
3	129
6	337
2	98
2	308
5	106
0	123
32	171
15	61
0	39
6	6014
86	6002
34	6014
1496	6036
92	6037
1	5986
0	5965
4	4146
0	3932
0	3887
4	397
2	1261
43	6014
7	429
121	41
91	463
62	454
2	20
3	33
0	0
0	5
0	5
0	7
0	7
0	1
3	311
0	504
4	57
0	109
0	0
1328	34
0	0
8	166
31	166
0	51
3	0
1354	366
29	366
0	0
0	0
0	0
1008	389
3	62
1	0
3	8
4	0
11	387
13	0
1111	6292
341	6289
0	889
0	588
1	2407
0	242
34	192
19	467
0	14
203	18
0	111
1887	2244
1	916
226	2154
0	1801
0	174
0	1337
0	9
0	96
0	1335
0	1452
1	31
32	12
0	0
3	849
24	0
9	517
263	1799
0	11
3498	2634
10	1692
31	2357
29	1921
0	260
0	2175
0	0
0	7
0	7
0	7
7	174
20	170
13	4
201	285
0	284
0	0
362	0
22	495
40	495
0	60
9	19
1	1
1	18
0	0
39	2871
13	1
41	2880
5	27
40	417
9	34
412	563
4	2792
1	1996
3696	19
0	19
632	589
9	34
2	433
2	243
13	24
23	10
40	1801
18	1808
0	183
0	140
0	108
0	91
0	112
0	70
0	38
2	26
0	2
4	5
0	0
0	1801
0	1766
0	1778
0	1802
112	7
0	7
0	0
0	0
424	12389
0	116
46	4077
0	3646
14	3688
11	8550
1	2114
0	3417
1	573
2	1958
2	3309
2	58
1306	7517
0	1715
1	5423
0	1
3	3187
4	28
7	0
16	48
0	48
0	0
2098	280
1	1
0	276
2	12
35	4
0	0
9	0
2	0
129	5711
0	1799
0	3801
5	4797
1057	4322
340	579
19	4240
4	2869
0	2935
1	564
3	562
6	1910
7	2459
5	608
1	41
41	595
52	933
2	81
33	23
2	460
0	4
0	24
0	243
0	181
0	191
2	351
1	17
0	105
2	91
7	649
3	9
1	74
5	50
644	675
1	14
0	37
0	26
1	179
0	83
0	133
0	19
0	48
0	102
165	1
77	2994
6	0
345	2994
35	17
0	8395
588	8395
398	167
34	118
203	166
0	3
1	1
1	26
0	156
0	0
0	0
0	0
0	0
0	0
1	74
3613	2899
0	352
0	835
533	1438
0	1777
0	1
7	107
166	688
0	240
0	236
37	430
0	228
70	108
0	58
1	145
0	12
0	238
8	0
846	14
0	15
4	3
0	0
382	11210
1389	11210
5	5373
57	233
169	2796
0	2781
0	2572
0	2649
41	780
6	2
0	2
3	2
877	787
32	89
0	2
2	664
0	0
0	56
0	148
1	89
13	37
3	0
0	0
0	0
0	0
4	206
0	0
0	27
0	180
0	0
0	18
3	99
8	7
2	86
0	0
0	0
0	0
0	0
0	0
0	0
0	0
0	0
0	0
0	0
0	6
5	6
3429	536
70	532
10	459
20	361
24	5
888	103
0	71
1	104
700	380
0	378
35	117
2	28
3	106
0	32
221	25
1	25
4	3
0	0
489	1
3	1370
0	1319
4	1220
0	16
10	233
5	30
12	45
6	34
6	5
0	26
9	331
0	1370
0	0
84	566
4	574
0	16
0	0
1	273
1	1
0	1
122	285
1	44
0	85
8	1
0	6
6	187
9	730
0	0
0	1
1	2
0	2
9	2
9	725
0	287
0	297
1	52
0	53
0	297
0	57
0	25
0	1
0	11
1241	80
0	80
267	485
2	342
0	318
136	380
0	322
64	413
1	108
0	57
24	2
3	231
1940	972
1	286
4	30
3	607
0	0
263	2354
0	2514
0	2439
0	147
105	1638
0	1694
94	1031
0	0
1	69
2	26
3	123
20	210
0	45
5	3
1	2
5	1
4951	2
26	65
0	18
0	65
0	0
0	2
1	717
1	833
165	720
17	800
35	629
10	314
0	27
0	58
20	2
39	91
0	90
1139	215
2	214
53	1356
44	86
322	1284
1	0
0	1284
3	13
0	37
0	23
0	2
0	0
0	0
0	0
40	0
2	0
0	0
0	0
0	0
0	0
0	0
19	0
0	34
2	34
49	39
0	23
4	0
2	45
6	413
72	456
0	63
0	39
0	0
0	1
0	1
0	0
0	516
0	3
0	0
0	0
0	0
3	1835
4	0
40	1992
1	2
0	158
0	1427
0	163
4	463
25	395
1	99
0	72
4	159
9	37
1	95
10	91
963	198
5	11
1466	227
0	224
0	2
0	0
0	0
86	476
39	0
31	475
0	0
0	0
0	0
0	0
7	270
3	71
0	259
3	1
17	7
3	34
569	4776
15	187
0	4775
0	731
7	3948
38	379
0	0
0	0
0	0
0	0
1	0
0	0
0	0
1	0
5	172
0	1
0	0
0	0
0	0
3	171
1142	1240
11	298
41	967
3	16
30	0
0	24847
3	31930
178	5225
2	1
0	31925
0	211
42	211
0	211
576	0
0	0
31	3678
0	3303
0	48
0	10
14	2878
121	191
29	54
0	28
0	54
0	2052
0	0
0	0
13	2288
0	1339
32	1752
216	21
0	19
8	4
678	320
5	310
0	11
0	184
1	0
0	0
0	0
0	0
2	18
0	18
1170	1191
1	1184
0	7
176	90
2	5
3	50
0	37
0	3620
6	4
0	0
0	84
1	228
870	3848
12	0
0	68
0	82
0	100
0	61
0	42
1	32
0	52
0	56
0	46
0	32
0	10
1	10
2	0
0	3
0	0
0	0
0	0
60	44
0	1397
0	13
1	2440
0	426
0	2247
2	196
7	2647
223	1998
124	179
7	16
1660	0
32	2037
0	0
0	0
0	0
0	0
0	0
1	0
0	0
167	96
42	96
409	2438
19	81
26	1316
0	357
0	1787
0	46
1	79
6	1
1	43
1	0
0	0
162	361
32	365
32	4
12214	9
0	59
7	1795
0	116
2	4
1	0
48	1850
1	1846
1	1817
8	0
3	0
1	58
0	0
2	1875
0	1840
2	39
2	49
2	0
1	39
0	8
1	2
0	15
60	10125
1	3039
0	3467
1	2314
0	2084
9	1262
0	10057
0	6102
500	8492
0	1329
16	1564
16	22
0	663
28	2752
208	2963
17	22
5	3
58	47
37	2738
199	2842
1	498
3	2664
10	221
1	110
0	0
1981	4352
189	1968
0	1880
20	2768
1	60
12	406
428	1423
848	1428
0	10
0	0
12	2
1	218
140	453
0	452
1	1
0	0
0	0
0	0
0	278
12	371
210	296
0	119
1014	891
13	733
2	49
4	21
46	889
1	55
0	55
13	18
65	100
2	100
4	0
2	27
55	794
0	155
11	788
1	114
0	87
2	119
5	725
6	20
11	48
7	1749
0	1794
158	955
0	426
175	1813
26	1406
4709	2606
1	46
94	20
6	0
1	1821
0	0
0	0
0	0
0	0
0	0
47	3
5	188
0	226
0	293
0	14
0	651
0	0
1	702
0	0
0	0
553	0
9	32
29	116
424	326
110	210
145	3836
79	3836
0	4
5	86
6	1026
20	1031
0	794
2	113
0	4
2	5
6	157
1	743
49	86
2	36
0	10
1	75
0	83
2	80
0	6
0	0
952	893
20	892
0	0
0	0
0	0
294	18
6	18
0	0
1	0
1588	389
12	382
0	25
7	29
0	360
0	357
110	4
0	0
0	0
588	514
16	512
0	2
0	4
23	85
23	144
15	2
462	51
0	51
9	284
4	336
0	55
0	23
0	23
0	80
0	243
786	243
55	220
27	211
32	0
0	47
0	9
0	7
0	9
671	198
0	4
2	3
0	1
10	17
0	13
13	24
4	16
2	15
3	1
5	14
0	0
0	22
12	2
452	2586
449	2182
4	894
0	156
9	196
14	167
345	110
0	110
155	25
1	49
1916	473
0	471
62	3
44	3
1197	790
0	88
3	347
0	216
9	19
0	11
1	306
3	307
825	1092
11	185
3	907
11	3
81	689
2	687
64	178
0	69
1	19
3	40
1	1066
1	1066
107	1097
0	31
20	1018
0	0
4	0
302	0
0	227
0	237
0	73
0	18
0	48
0	0
0	0
0	15
0	0
0	0
0	0
2	3
0	3
0	0
0	0
0	0
0	0
733	9086
12	2241
6	685
1	2229
19	6116
47	1379
13	0
2254	686
154	686
0	14
0	0
0	11
0	0
0	0
0	14
16	5931
0	5485
18	5503
0	5396
0	272
11	5268
1	21
3	25
2	0
0	826
0	11
0	281
2	851
0	164
3	117
0	158
1	181
0	0
29	2034
0	336
5	69
0	512
0	0
0	0
0	0
0	6
0	6
0	6
9	6
0	0
87	1931
37	1751
10	1156
38	139
2	4
0	0
0	0
0	0
0	0
749	0
0	0
0	0
0	0
119	1620
586	1615
1	1459
9	526
0	649
10	1010
0	30
11	490
2	427
9	380
0	1620
0	0
0	0
27	70
2	38
4	0
5	11
0	57
3	6
4	1
0	4
3	18
27	118
199	3
90	121
462	0
0	0
0	0
0	54
182	279
1	14
0	18
0	54
2	17
5	35
0	24
8	7
0	30
1	43
1	15
0	16
0	36
0	48
0	47
3	30
2	15
0	3
0	0
0	7
0	0
0	0
0	2
0	0
0	0
45	698
442	963
5	697
0	263
0	1
0	1
217	303
4	77
0	26
94	206
1	20
0	20
0	4
1	4
638	266
249	266
570	330
0	306
24	16
0	12
7	4
40	43
2	31
26	4305
114	883
0	816
5	637
12	3250
0	605
3	8
1	39
5	0
0	3600
3018	401
5	0
1	360
0	268
9	41
8	34
0	38
0	19
0	0
0	12
0	0
0	0
318	86
0	86
0	51
3	40
0	0
0	26
0	24
0	0
0	23
0	27
0	25
0	22
0	23
1009	200
1	7
0	193
6	187
9	94
0	7
0	94
0	0
0	0
0	0
0	0
0	0
0	0
0	0
0	0
0	0
3	154
0	76
0	64
27	121
16	456
26	456
9	0
11	6
0	218
4	565
5	563
0	973
311	973
0	718
0	0
0	0
0	0
0	0
2911	5
80	298
0	21
0	16
0	8590
91	7597
44	16087
1	16887
0	17044
2	0
47	1850
0	2395
0	0
27	651
190	55
0	55
1	178
44	180
1	145
336	2034
139	800
2	266
11	37
31	1045
0	0
14	66
952	1532
24	1491
7	41
30	597
0	109
0	0
0	0
0	0
0	0
0	0
0	0
0	0
363	291
3	136
8	224
1	70
7	53
446	0
2	272
0	161
2	269
1	90
27	272
1	198
14	17
10	0
0	0
0	0
0	0
0	0
0	0
0	0
14	45
0	0
0	0
0	0
0	0
0	0
0	0
0	0
0	0
0	0
1	179
1255	378
164	378
15	295
0	330
0	6
8	1198
17	128
1	6
0	6
15	7
0	1
4	55
4	55
0	2
0	0
0	0
2	15
0	15
0	9
0	9
114	218
4	154
0	1
0	52
3	14
0	3
1	38
0	37
0	3
1	3
0	3
1	0
0	4
0	34
0	1
1	10
1	4591
10	561
1192	4574
0	178
6	0
1	15
0	2
0	0
6	179
188	0
1	0
0	19
80	298
3	43
0	51
0	147
1	240
0	128
0	26
6	57
675	472
3	78
0	294
18	93
0	37
0	108
0	31
13	8
0	8
9	0
0	18
0	52
7	8
0	0
0	52
0	566
78	1793
3	1574
13	799
2	363
14	41
8	12
670	1070
1	75
3	52
0	1
0	2
0	75
0	4
0	4
1	4
1	0
9	1
0	1
5	0
19	1
0	60
0	21
0	58
0	39
0	24
0	61
0	24
102	1
0	1
0	439
117	879
0	24
0	510
53	22
2	385
0	61
1	4758
42	4522
92	4166
28	3108
96	154
37	0
19	3
0	812
6	8
4	195
6	1
0	7
4	5
0	6
0	18
0	36
0	54
0	49
0	52
8	31
0	0
0	0
1	6
8	6
17	6
10	52
1	52
0	0
0	0
0	0
0	0
0	0
0	0
0	4
0	4
0	15
14	908
3	908
0	0
0	0
0	0
0	0
0	0
381	1
9	325
168	4160
6	257
2	306
0	0
82	1505
5395	4100
2	0
156	161
2	23
0	1403
19	1285
11	1144
23	59
48	7
3	136
3	7
7	94
128	949
1	98
0	0
0	0
0	0
0	0
0	261
20	261
0	0
0	3
0	3
0	1
2	126
2	15
0	74
50	170
7	170
3	32
0	1
610	654
13	649
0	666
10	428
0	499
0	10
28	124
6	81
3	2
0	2
496	0
3	146
623	151
0	0
0	0
0	0
0	0
1392	650
12	180
7	10
0	11
0	385
10	381
12	123
0	14
0	0
0	0
20	0
0	0
0	0
0	0
38	3677
27	532
0	3674
0	55
1	20
1	97
0	978
12	6
0	217
0	152
654	1
0	0
30	294
46	294
18	100
0	0
0	0
0	3
0	3
0	0
0	1
0	0
0	0
0	0
0	3
4	254
30	817
0	307
2	205
0	228
3	12
10	839
11	203
1	144
0	881
9	33
0	224
0	3
7	3
415	39
0	1
3	34
42	1407
29	9231
2	9740
17	9063
63	0
2	0
25	109
0	109
0	596
0	94
3	160
0	160
0	19
0	15
0	5
289	12042
5	6
163	0
22	1604
299	9197
12	3
1	1
215	27
115	99
19	11377
0	1
0	1
0	1
0	0
0	0
0	0
0	40
2	43
0	44
0	139
8	30
12	1930
2	491
0	2094
3	258
4	86
21	331
1	232
1	18
2	2094
233	48
1	5
3	39
0	14
0	1
1	1
0	1
0	0
635	107
2	110
0	3
1	0
4	38
0	0
0	38
43	1660
4	1101
73	1509
10	163
40	150
3	11
0	0
0	1
10	58
0	279
0	536
0	96
0	0
0	0
0	0
0	0
0	0
0	0
0	0
0	0
0	0
53	4837
25	4104
185	4076
4	10
1	14
2	13
31	6
27	8
575	15027
0	17063
0	983
0	3995
18	577
0	12802
0	2379
14	3530
48	15504
0	12
0	0
0	4
0	0
0	8
1	0
4	2
4	257
770	1167
4	440
0	199
42	1016
3	28
0	0
0	0
1	52
1	52
0	5
5	5
5	485
27	486
0	8
0	1
0	7
61	30
1	10
7	0
0	20
9	193
16	97
0	11
1	133
0	182
1	99
0	56
19	45
19	1
0	912
4	602
0	912
1708	4190
0	4145
0	1776
1	92
22	199
7	44
0	0
7683	339
21	16
22	331
19	13
605	931
4	137
18	514
1	181
7	372
1	0
0	0
10	476
207	475
0	261
0	31
13	17
0	0
10	95
5	38
4	54
0	4
0	12
0	0
0	0
0	0
0	0
0	0
0	0
2769	43
0	40
64	1
0	0
0	0
1935	1110
1	193
54	621
1	0
86	7
8	550
974	9244
0	8250
0	7079
6	5729
0	5232
2	956
40	579
4	59
1548	1592
19	1457
0	189
0	0
0	0
4456	1
0	0
0	0
0	0
0	0
1	0
1	0
0	0
54	797
20	738
0	3
0	539
2	630
0	570
2	123
0	64
2	0
0	0
0	21
0	1
0	9
0	1
0	0
0	8
0	20
0	8
394	891
1	839
0	495
0	0
1	0
0	10
3	926
0	772
0	251
8	300
43	184
3	23
0	12
224	0
31	0
7271	2395
20	11
1	218
20	500
0	602
0	717
0	347
3	293
1	1770
9	6676
53	5607
12	5509
0	1859
1	1466
0	862
12	447
9	42
5	0
0	287
0	6
3	389
6	2
56	0
8	21
2	449
43	627
0	28
0	276
0	259
0	88
0	30
0	0
1083	358
0	281
4	125
1	126
208	4224
4	4224
173	288
0	148
8	35
4	86
37	170
141	4171
0	0
3589	860
25	315
0	89
0	222
0	277
0	272
0	0
0	0
1	429
0	451
1	406
0	112
1	183
0	32
12	132
0	116
69	0
22	1
3	3
71	38
3	28
3	25
1	0
0	0
0	0
90	572
97	541
3	5
16	11
15	145
24	490
5	170
30	176
0	504
27	4724
300	4956
443	3619
5	806
11	4555
12	4902
9	4409
111	171
64	51
0	0
0	0
0	0
0	0
0	0
65	145
16	145
1388	12
11	12
36	300
0	308
0	0
98	380
9286	2260
0	357
0	898
15	461
22	813
478	3
30	2
0	1
0	1
0	0
196	1106
1	1103
7	1103
2	1106
8	541
160	55
15	404
0	0
0	1
31	7354
0	1047
220	7038
0	435
0	343
0	7219
0	0
145	7325
0	16
221	16
0	2
0	1
0	1
47	5
4	13
86	992
127	6252
152	6141
5	4
64	24
0	1
0	1
17	781
0	781
6	755
2	727
3	68
0	1
5	0
475	100
0	53
4	36
0	0
0	4
17	41
6	38
0	94
0	74
0	50
1	5
0	5
0	5
10	126
124	2538
330	4436
0	77
109	112
0	2619
8	27
1	2759
0	12
0	94
43	3
85	1496
0	4331
3	0
0	0
27	5570
101	8215
49	8302
338	7830
19	22
5	177
513	397
1	396
0	1
110	31
0	31
27	31
0	28
0	3
2	0
0	0
0	0
0	0
0	0
0	0
3278	988
10	0
21	983
0	544
1	0
9	0
0	2758
0	321
0	484
0	1193
3	85
26	27
0	32
5	39
0	205
0	44
0	538
6	50
0	2655
0	2843
0	2697
48	1159
9	4
31	1157
0	59
12	29
6	8
35	950
12	76
10	3
2	52
1	0
1	27
437	536
79	536
4564	3
1	0
0	5
5	0
0	3
0	1
0	3
27	3
1	3
0	2173
0	4969
92	1703
15	3853
4	434
2	1628
0	2283
7	3593
5	3896
0	1150
0	2373
5	4673
0	1466
20	1780
0	1490
45	1818
0	1253
0	1015
0	1260
8	994
0	1156
1	1125
9	499
9	168
0	1068
11	355
21	660
0	2679
34	24
165	2
99	439
0	0
12	13
0	13
765	216
37	4
0	0
0	0
0	0
0	3029
81	308
27	861
0	2986
73	2908
220	1347
32	306
0	3
30	1041
2	342
5	335
0	335
0	45
2	51
0	24
0	0
2	13
0	0
0	1
0	1
0	474
538	606
2	358
0	167
0	331
0	337
0	309
0	298
8	187
0	6
0	14
5	122
0	5
0	1
0	4
0	3
205	0
0	1
0	1
2444	123
6	123
0	69
5	69
0	67
89	672
74	667
1	75
13	49
1	15
15	61
529	1862
1	17
0	39
0	1848
3	2
923	1406
131	1253
0	19
9	94
6	146
0	0
316	3971
16	216
0	38
0	2410
0	3737
32	3055
1	2350
3	307
0	0
0	0
0	0
0	0
0	0
366	148
1	27
5	5
3	84
5	85
0	18
28	19
0	19
0	0
0	0
0	0
0	0
0	0
0	0
47	629
1	509
0	410
4	334
1	305
0	36
1	45
0	16
4	22
5	29
0	12
17	0
152	0
517	238
11	237
0	4
0	101
2	924
0	1258
0	429
0	0
1	17
73	1258
0	0
0	0
8	2
0	2
0	0
0	0
0	0
0	0
0	0
0	693
231	1870
0	806
51	1655
0	125
3	47
114	2336
0	707
0	177
0	1789
20	383
8	2
64	1036
4	281
2	91
0	6
6	81
254	29
0	448
8	402
0	9
22	48
49	19
1	2
0	33
0	171
2	455
36	466
0	19
0	12
18	50
0	0
3147	2
0	1
0	1
0	1
0	28
0	15
0	1
0	1
0	25
0	0
0	0
0	0
3	18
937	0
41	248
927	248
2	0
598	1580
1	936
21	644
0	175
10	34
1	198
70	1902
5	1902
0	590
0	95
0	0
0	0
0	0
19	275
12	694
37	581
25	50
0	319
0	0
0	0
22	2
1	2
0	0
0	0
0	0
0	0
0	0
0	0
0	4
0	4
248	618
0	618
56	0
167	566
1	603
24	605
0	6
0	7
3	7
0	6
927	2962
0	2962
3385	769
3	352
15	413
2	65
17	59
0	2
1	2
0	9
0	60
3	0
3	11
25	171
0	137
0	8
0	5
0	33
0	6
0	21
0	22
0	77
0	55
0	0
0	0
3059	3406
0	90
0	183
30	3315
50	0
0	2681
0	2574
3	1754
3	1272
24	75
584	2562
2	0
0	0
0	0
0	0
0	0
61	715
9	583
53	115
1	397
0	120
0	99
0	0
0	0
2	0
0	0
0	21
0	0
0	0
120	21
1	21
0	0
0	0
1	0
0	0
530	117
9	95
8	65
2	84
11	187
0	20
0	178
0	81
4	162
1	5
1	1
0	0
4	8
0	181
42	0
0	0
0	4
0	4
0	0
0	2
1425	1
6	0
0	16
0	24
2	3
0	17
2	12
1	804
6	0
0	4
0	804
0	0
6	496
25	614
66	629
25	216
11	169
0	0
358	0
1	0
2	0
368	549
92	679
1	535
5	603
0	418
0	1
0	0
0	1
0	0
0	0
0	0
5	18866
0	25615
40	24541
35	4031
0	4195
14	881
33	527
2074	757
5	446
21	591
0	742
9	48
0	502
4	102
0	651
10	1172
48	346
0	909
6	1083
11	1074
22	387
5	3
1	182
24	181
3	99
0	66
1	259
33	6
28	182
1	24
2	122
3	89
8	156
8	80
2	14
3	64
0	8
0	28
10	0
0	846
0	1087
0	0
7	836
74	879
0	897
17	755
1	0
9	91
1	12
0	1
2	467
6	317
72	143
3	125
13	251
0	2276
1	1893
81	98
2	0
0	2276
0	0
38	1557
10	1507
125	1551
7	80
14	248
76	20
0	341
0	2
0	475
7	403
4	648
0	967
0	991
898	987
2	594
0	135
16	29
0	503
0	6
0	0
0	480
0	480
0	480
0	360
0	345
0	0
17	114
2	4
0	472
0	0
1	0
0	33
0	35
0	3
3	0
24	27
0	34
0	34
0	34
0	29
0	29
0	0
0	0
0	0
62	8596
14	4479
0	4579
0	3243
0	219
2	210
0	481
0	434
1	239
11	8286
23	0
12	0
0	0
0	0
266	813
21	726
0	0
2	87
2238	2
6	16
0	16
2	16
0	0
0	0
0	13
2	0
0	11
0	11
0	12
0	12
1	9
0	2
634	194
5	160
114	163
4	19
0	0
164	1311
0	343
0	369
0	1050
0	1343
20	1306
0	1349
1	354
0	316
0	38
0	12
0	12
0	0
0	31
0	75
0	117
0	253
0	32
1	0
5	62
0	1
0	0
0	59
339	104
0	104
0	345
3	345
0	0
0	0
0	0
0	0
1163	1221
6	585
1	713
0	0
4	879
27	30
15	467
0	0
0	0
1754	2
1	16
0	0
7	23
0	11
3	20
43	4
1	4
6018	8
0	3
1	0
9	462
119	497
29	79
10	4
0	0
0	0
14	1220
0	351
3	96
4	95
25	766
1	1006
0	87
0	355
7	121
19	12
0	12
1	58
0	43
0	43
0	2
0	7
0	0
0	0
0	56
0	58
934	132
0	123
32	81
2	72
471	0
1	87
0	100
22	100
2	1
0	18
752	337
0	333
0	218
1	311
0	135
7	165
0	131
0	68
0	47
0	48
6	2
2	2
0	2
0	0
0	1597
4	1651
21	1746
0	1758
8	369
0	177
20	0
0	1682
0	10
2	158
0	1
2	1
12	13385
27	13951
343	14255
57	692
2	0
0	929
0	4860
0	517
25	448
180	100
188	507
8	127
13	66
13	650
32	74
5	65
12	1444
100	1327
0	0
2	20
12	4
200	1741
2	1071
27	968
72	433
3	72
7	0
6	31
9	53
24	142
289	201
0	181
0	65
0	61
0	26
0	6
146	114
0	114
0	5
4	13
1776	210
0	210
655	455
4	0
0	4
3	28
0	51
14	141
1	1
0	8
0	0
0	0
2	0
0	8
0	8
38	95
0	95
10	79
4	127
1433	524
29	1
0	242
7	28
34	195
1	72
13	18
6	47
0	26
2	0
163	2382
0	765
31	2074
4	52
0	2384
52	0
2	118
0	9
84	118
0	0
0	0
0	0
581	99
0	57
2	43
0	0
0	0
0	0
1	0
25	318
170	355
4	14
0	227
7	33
43	6
0	6
7	1278
0	2490
6	380
14	459
14	49
1	171
4	111
14	3
16	1319
1	1199
0	0
0	0
1	45
0	4
0	0
0	45
1399	3632
4	2298
2	2323
2	823
18	1021
1	34
0	31
73	29
0	122
43	333
0	11
3	11
1	5
0	11
0	11
0	10
0	10
0	8
0	0
0	0
0	2
0	0
0	1
0	1
0	1
0	1
0	1
10	0
3	58
7	82
4	153
1	78
7	32
5	22
26	1085
0	1048
1	979
97	1074
7	25
0	29
15	2
0	76
0	119
0	0
0	178
3	10
0	157
0	0
0	17
0	0
49	2
72	759
6	582
42	632
322	1654
24	1653
0	1391
0	3
0	1
0	0
0	0
0	0
70	0
2	8897
9	8954
49	8956
4	492
0	344
162	8727
0	8614
4	0
329	140
1	3
6	3
1	0
80	202
14	22
1	126
0	132
2055	2129
1	1007
4	113
0	955
220	714
7	0
760	3971
2	1615
32	3264
1342	104
61	112
2	15
14	9
0	0
1	9
1	9
0	0
0	0
920	0
0	1024
125	6938
0	4
1	79
389	519
27	475
95	150
36	463
3	295
9	283
2	7171
0	3
0	1
0	1
0	0
6	3
0	0
0	2
131	3285
52	3923
31	3018
1	1410
15	1139
2	490
26	570
0	135
956	514
13	42
0	81
0	12
2	0
11	412
1	208
0	230
0	287
0	37
0	182
0	0
0	0
0	0
0	43
0	43
0	1
0	43
0	0
0	0
11	428
10	161
2	308
3	171
19	305
3	51
16	3
0	205
10	619
2	104
1	48
1	0
24	614
0	5
9	130
1	378
2	334
4457	36
0	10
4	26
0	15
11	71
1	73
0	72
12	58
19	26
0	30
0	72
11	174
0	181
1	168
0	0
0	88
0	6
0	10
727	543
3	504
76	235
97	127
0	7
11	130
1	231
852	230
1	41
0	0
2654	3
51	1336
0	1336
8	1336
0	1332
62	1299
0	10
5	9
0	19
0	0
6	39
5	7
59	8
83	549
12	581
0	150
0	141
0	109
0	66
0	18
0	12
0	0
0	0
16	43
0	42
0	25
2	13
1	3
708	334
15	253
15	74
59	17
5	65
0	44
5	753
0	50
2	2
0	711
0	60
0	580
0	584
0	0
0	0
0	43
0	16
18	177
0	144
2	53
13	442
79	2900
0	2700
0	625
120	558
1	11
32	384
2	368
1	71
29	608
0	30
0	0
0	0
0	0
0	0
3	705
391	760
39	445
6	10
1	119
3848	4532
1	3661
13	2
0	2
1	414
0	1626
2	185
0	480
5	364
2	1946
23	2051
3	1998
0	60
12	1317
6	124
2	120
0	130
0	175
3	213
1	21
9	147
0	55
0	4
7	52
11	91
8	17
289	438
119	628
3	616
0	607
7	245
5	495
2	308
1	26
0	5
0	0
0	2
0	1
0	5
1	1
0	1
1	383
0	40
0	450
0	727
701	795
1	8
0	47
4	13
0	519
0	397
31	0
165	212
32	212
0	0
0	0
0	0
955	40
0	39
13054	5993
46	1125
59	9
7	3146
54	995
0	2851
1	4192
40	3349
178	4263
24	549
56	152
38	1
11	955
108	197
5	229
0	1022
76	586
2	2
11	128
2	49
0	0
557	140
3	140
2	61
5	86
0	52
0	73
3	1
0	9
0	0
0	4
0	0
55	40
3	2
4	41
43	9965
1	10118
1	1793
11	6361
38	0
0	0
0	9810
0	9347
5	967
3	9416
31	334
22	6053
0	2544
8	1
3	501
7	4256
0	399
0	205
1	342
129	96
8	52
3	31
0	44
125	982
19	987
2	833
7	851
0	134
14	102
8	107
0	57
149	3015
43	2829
30	837
0	325
14	40
64	297
1	113
442	84
0	26
0	1
33	56
31	0
40	2
9	1
789	2111
4	1888
9	165
1	1102
7	2512
54	21
18	22
51	2512
29	11
102	144
2	113
75	6
53	53
0	205
0	224
0	2
2	0
0	99
0	206
2	193
0	3
0	0
0	59
50	1289
141	876
833	2331
6	640
0	126
0	0
2	222
2	1303
7	261
28	156
2	552
3	823
8	194
2	10
21	6
0	255
1	241
1	242
15	11
7	10
12	3
0	1314
41	1436
1	960
0	1253
0	1170
13	117
43	100
0	80
7	310
10	776
21	491
0	325
0	210
156	8
0	8
0	0
3	1
0	1
0	1
151	1497
2	9
21	44
23	1434
33	147
4	24
13	62
0	169
396	68
26	67
1911	249
0	37
4	212
0	0
16	4024
0	3812
3	3729
22	1299
5	3894
4	652
2	1111
7	1543
35	1381
1	1824
0	2247
0	3971
0	1699
0	119
2	1722
10	2429
22	2
0	379
1	290
0	290
0	1195
0	250
13	259
0	603
140	0
0	336
91	1
1	5
3	5
0	0
0	0
0	0
0	0
0	0
0	0
0	0
11	0
29	2158
0	78
19	202
23	1364
9	1740
0	2026
8	36
0	47
0	0
7	100
0	0
0	0
0	0
0	0
0	0
21	1595
60	1985
13	436
0	521
0	122
1	71
4	628
34	506
5	0
12	55
0	96
55	245
54	190
4	95
16	52
17	7
17	79
0	31
0	1
0	1
0	1
0	1
0	1
1	0
687	3189
11	2618
5	1456
0	1098
27	111
1	9
0	11
414	278
0	156
0	116
1	0
0	0
2	2
60	1051
7	1003
0	45
0	5
0	1
23	168
677	25376
1	25337
427	25304
60	283
1	24883
876	0
0	958
0	958
2977	1300
15	581
0	82
11	44
59	316
0	188
771	48
2	14
5	16
0	42
4	34
1	33
0	34
72	1476
0	23
0	219
2	1298
0	55
323	1500
0	143
0	306
5	2
0	409
10	556
3	85
2	51
1	24
0	0
6	738
1	58
20	30
1	28
81	738
0	3
0	3
47	19
0	59
0	59
0	2
47	14
0	1
30	84
1	84
0	8
0	0
0	5
0	0
0	4
0	3
0	9
26	0
109	463
0	643
0	107
0	107
402	163
226	162
17	2561
2493	2564
27	317
560	200
92	169
323	0
0	1
0	1
0	10
0	2
0	1796
3	1873
75	1715
0	1526
0	944
0	145
3	27
8	0
5	116
0	0
1	32
0	2435
9	2349
2	2347
93	2445
0	0
16	130
120	180
2	81
0	119
1	21
0	48
4	24
0	24
57	797
16	797
45	2745
4	2968
3	737
15	393
92	281
22	3012
0	116
0	118
1	43
1	3
2	5
3	28
25	1760
26	1728
0	77
0	1600
0	37
0	208
4	368
80	53
0	321
109	421
2	28
9	393
415	280
12	171
10	113
43	180
38	162
2	28
3	9
2	29
0	0
1	1909
18	629
2	126
3	9
14	1771
0	2
0	2
0	0
0	0
0	0
0	0
0	0
2	0
0	0
0	0
4	0
28	721
1	0
0	57
18	721
21	191
0	2
107	1
129	453
0	295
1	268
2	113
0	62
4	4
0	453
0	18
0	225
32	589
127	330
0	234
0	156
0	223
0	164
0	258
5	93
10	0
3	4
0	6
107	189
5	189
54	5
29	61
1	48
2	54
0	27
1	6
0	366
0	342
18	322
0	287
6	63
0	327
9	62
0	174
6	235
16	10
0	78
1	39
14	176
0	5
2	83
2	0
4908	4172
3	3444
1	3439
5	3288
29	1
1	0
2824	3639
533	3623
4	1227
284	1667
1	36
1	153
6	54
385	4981
298	4981
1	605
0	97
8	127
11	127
0	0
1	7
0	834
4	0
3	21
0	111
162	159
1	49
0	0
0	0
0	28
0	32
2	158
0	158
814	126
13	125
1	3
0	12
0	11
0	0
0	0
3	1
0	1
0	0
49	1226
11	1221
3	952
0	837
16	151
3	1
0	0
54	1852
171	1766
0	4
2	40
1	92
0	611
0	518
0	275
11	61
3	68
0	25
2	70
0	85
1	53
9	0
0	610
0	0
0	0
31	811
0	580
6	575
0	6
2	1
6	86
0	824
0	0
0	0
0	0
35	661
8	598
0	38
0	254
5	169
4	143
9	97
7	156
0	91
7	57
2	7
2	12
1	0
0	14
0	38
0	611
1	600
3	15
0	15
18	6
0	0
59	0
1	1
1	21
19	21
113	758
8	127
38	201
0	383
0	0
0	0
1	43
1	0
0	275
3	36
0	147
1190	0
11	85
1	15
0	54
0	16
0	60
0	27
0	30
3	31
0	71
2	43
13	15
268	81
0	81
82	331
5	318
0	18
6	9
0	12
14	10
0	3
7	2
0	2
0	0
0	0
0	14
0	0
0	0
0	0
0	0
13	8
10	0
0	1
0	1
94	656
183	693
7	707
5	584
50	576
32	575
0	12
23	10
57	0
21	16
0	232
246	190
1	335
2	70
6	0
0	322
0	1
0	1
1	0
0	0
0	0
0	0
5	342
0	0
27	345
7	218
2	4
13	7
340	750
1	653
55	1
0	594
13	113
0	511
0	82
19	511
6	1284
0	226
1	132
47	885
2	1
0	47
0	77
17	1289
0	1263
0	0
0	0
0	0
0	0
0	0
0	0
0	0
0	0
0	0
36	5
0	5
0	0
0	0
0	0
54	8112
4719	8126
0	2967
11	730
5	11
32	12028
0	8659
3	116
5	875
0	2008
0	5440
0	1041
0	8974
0	4396
0	4183
57	3670
38	4517
34	111
2	68
2	3184
6	10987
0	4729
6	1088
0	4299
0	3019
48	444
6	128
351	771
0	797
0	21
1	0
34	359
0	2
0	0
2	9
0	12
6	69
0	45
0	0
0	4
0	0
0	6
0	1
0	13
0	0
0	0
2	13
0	0
211	86
0	33
0	57
0	82
2014	16
5	12
197	0
4	103
5	103
131	181
0	181
303	664
0	731
0	673
0	622
75	3
3	1
0	0
0	0
0	2
0	0
0	0
0	2041
464	4316
0	3205
0	0
12	3
11	0
3480	53
0	22
5	30
92	454
245	563
2	186
2	9
1	11
0	3
593	6224
909	6109
18	0
0	33
0	213
0	1840
1822	238
1	47
0	190
0	0
1129	495
1	125
31	307
5	153
8	119
0	17
1	30
0	1
0	1
12	956
0	977
39	844
10	9
0	797
0	104
19	256
0	153
2	182
15	134
0	134
0	133
4	12
1	1
3429	137
27	135
500	1552
8	135
2	368
9	816
0	710
1	32
0	32
0	0
0	0
46	638
888	1507
121	763
0	20
11	595
472	773
21	358
1	454
0	66
4586	7041
116	6917
0	85
237	341
13	367
6	434
15	233
17	300
1	11
0	0
0	9
0	8
0	8
0	8
0	11
0	11
0	8
0	8
1646	9
2	2090
22	2056
8	424
7	1089
52	3
26	339
0	329
0	105
2	1
2	414
0	401
3	256
4	0
386	4865
339	5454
86	2493
6	144
32	256
4818	201
10	198
1713	365
0	0
2	100
0	265
28	649
3	146
1	78
2	134
4	179
1	61
0	236
10	115
1	0
0	382
0	0
0	0
0	0
1835	918
42	917
11848	21316
2	397
22	21177
0	0
0	0
2	5
0	5
0	0
162	344
0	117
2	42
0	263
0	167
1	59
2	4
1	58
0	58
22	5
0	0
0	0
16	22
0	18
0	8
1	12
0	0
21	22
122	951
12	919
2	32
0	0
0	0
0	0
0	0
40	9
0	1
0	0
0	1
402	31
0	31
20	377
0	129
0	136
0	1
21	377
67	200
2	12
381	1384
1	43
6	41
0	85
2	30
0	82
0	97
0	800
43	217
1	279
25	116
1	481
4	117
4	148
0	49
8	123
7	117
1	120
80	121
11	2
0	28
173	1059
2	1059
12	518
17	0
8	4
47	14
0	14
0	8
0	0
16	131
8	131
0	2389
10	2389
153	1552
2	0
0	185
8	2463
21	242
4	155
39	3058
3	150
0	390
3	916
53	169
7	763
0	405
20	376
0	242
0	124
0	39
4	2
9	27
1	229
12	137
76	134
8	45
0	28
0	45
0	1
0	1
1524	245
4	231
0	11
4	350
131	1052
0	879
30	752
0	0
12	135
0	5
53	89
1356	785
30	707
13	15
1	203
1	37
46	190
0	77
0	2
15	2563
0	1943
13	656
0	161
0	3
0	2433
0	2339
3	22
9	0
0	18
5	8
0	0
0	8
1	5
16	1014
284	1304
0	180
16	146
0	1042
253	1042
51	0
563	1
2	440
13	440
0	46
0	1
16	43
10	42
52	320
1	86
0	15
0	263
0	0
0	3
12	299
0	250
0	214
0	20
0	302
1	302
2	125
138	190
8	65
1195	120
6	40
0	80
62	276
0	23
4	53
0	276
53	0
87	0
0	1
0	2
0	2
0	0
45	54
0	54
0	10
0	15
0	0
0	3
0	1
0	0
5838	2526
7	2526
9241	15804
0	14720
17	3176
0	0
0	0
0	0
0	0
0	0
2	0
0	1299
0	972
5	741
347	852
0	296
1	77
0	359
3	3
0	1312
0	1006
3	2
0	3
0	1
5908	3
101	60
13	63
9	3
16	664
6	112
845	1543
2	1665
0	644
6	83
4	105
10	129
0	14
4	68
0	125
0	14
0	3
0	9
0	17
0	15
0	0
0	0
0	0
0	0
51	14606
1	13555
1	6420
0	3076
32	2127
57	908
1	625
0	356
2434	824
3	822
19	16
0	16
0	0
0	0
115	1355
936	1212
5	185
0	16
0	122
7	10
0	5
0	0
0	56
134	108
3	72
3	46
0	70
270	3749
3	1886
2	256
0	587
1	193
120	422
5	69
6	224
19	382
100	45
0	279
125	0
0	0
52	322
9	322
0	0
118	0
93	20
3	11
0	3
5	1
21	12
2	11
0	10
1201	1005
34	1003
1	13
0	13
0	0
0	13
0	0
0	6
0	7
0	0
7	3
0	3
4	1
3593	6
18	209
3	209
1	7407
237	3
8	3
430	142
0	101
0	41
1	1
0	0
98	708
4	341
110	497
5	508
5	65
0	0
9	91
4	91
2	55
1	28
2	26
0	27
0	27
0	27
0	24
0	1
0	0
12	0
0	0
0	274
0	343
0	291
0	330
9	309
0	262
71	0
0	35
45	111
1	7
0	0
917	3335
9	2185
3	12
1	365
100	365
57	400
8	11
4	100
0	262
0	0
0	0
0	0
4	176
4	2
1	1
0	0
5	0
12	3
7	0
3	3
1	0
115	1591
30	1557
0	1348
123	431
0	280
1	309
0	204
3	190
0	66
0	10
5	2
5	759
547	759
0	434
686	1297
16	23
14	559
179	1266
2	31
0	30
0	2
0	5
0	2
0	8
0	31
0	0
0	0
73	4260
0	4285
78	4301
0	68
3	82
2	35
1	148
6	0
9	926
1	3542
0	206
0	0
3	1
0	3729
0	3770
66	1739
3	628
304	1130
3	231
1	154
1	107
480	438
14	7
0	136
7	11
1	0
10	316
25	362
4	109
0	41
0	289
0	352
0	190
0	202
0	190
2	25
26	123
1	0
66	797
9	441
0	203
0	210
5	116
1	39
2	107
0	5
0	1
0	17
8	1
1	0
0	803
0	808
0	804
0	210
3	1241
2	1335
0	759
5	242
52	588
184	624
4	72
0	16
0	8
41	0
11977	4222
167	4217
1	6
6	19
167	19
0	10
1	3
0	10
0	7
0	1
1	9
111	83
124	4
228	48
0	47
0	21
0	0
0	0
151	44
3	44
0	25
146	63
2	50
0	60
21	45
2	20
10	266
83	293
467	1037
0	136
1	54
0	934
19	370
0	442
0	63
0	0
3	14
1	5
736	261
0	100
0	12
0	27
1	126
1	83
0	59
0	12
0	0
1083	79
12	69
163	9
2	41
6	41
0	0
0	0
0	0
992	737
1	737
0	0
0	0
0	60
98	1209
4	1209
5	401
1	1
12	7
0	0
0	0
0	0
0	0
5	877
19	542
56	989
0	283
0	417
10	481
0	206
1	866
308	115
137	115
5	0
5	5
0	0
0	0
0	0
0	11
0	3
0	0
1	4
0	0
1	10
292	0
0	0
0	19
1	19
0	11
3985	275
2	270
0	0
0	0
0	0
0	0
0	0
0	0
314	76
0	63
1	44
0	1
0	4
0	5
0	2
3	136
0	136
32	65
2053	1962
0	23
0	1937
10	1595
16	1
0	0
841	749
0	256
9	68
59	629
0	0
0	88
1	29
5	75
0	4
0	9
0	24
2	49
0	88
15	369
0	0
0	542
0	255
0	193
7	22
0	193
0	135
0	136
17	125
2	108
0	0
45	1427
59	1750
0	1662
3	0
50	1020
37	1755
7	0
0	0
0	0
0	0
0	0
0	0
0	0
0	0
0	0
0	3
0	0
0	3
0	0
0	0
0	0
0	0
445	169
4	71
20	114
1	0
2463	61
0	0
23	0
0	0
0	0
0	0
593	0
974	5425
1023	3644
0	49
0	5424
5	0
0	5
0	5
0	0
0	0
1117	2365
0	742
118	903
8	1463
16	838
39	0
29	435
0	0
0	0
0	0
0	0
9	849
0	833
17	17
0	14
2	0
0	72
9	293
1	221
0	310
0	301
41	778
0	493
0	535
29	8
1	542
15	84
3	41
0	84
529	375
2	124
0	251
10	1
11	920
1	1064
3	349
12	1009
3	875
0	1041
0	996
11	0
0	74
3	1015
6	329
1	1
0	4
0	11
0	116
41	0
40	184
0	60
2	4
0	53
34	9
0	16
4	7
12	11
1	1
0	0
0	0
0	28
0	0
0	28
2	0
12	0
35	282
905	479
0	197
49	0
0	0
16	983
2	186
0	86
0	927
0	159
0	745
32	762
6	0
2	9
0	56
72	369
0	2
0	2
0	2
0	0
0	0
0	0
0	0
0	0
0	0
0	1
0	1
0	0
0	0
0	0
0	0
0	0
0	0
0	0
0	0
11	2841
1	2269
0	786
54	1042
0	743
0	0
0	0
4	132
37	713
0	17
0	29
2	318
0	710
0	0
0	0
0	0
4016	6820
3	6828
527	5850
1	4133
3	318
119	621
2	0
6	17
153	111
0	0
0	111
0	0
22	577
16	581
25	415
0	566
0	120
0	21
0	357
0	0
0	0
0	0
0	0
0	5900
5	1131
2	3466
82	6
22	5900
1	2
11	375
0	112
1	167
11	176
24	250
0	14
1	54
6	1
2	0
0	0
0	0
0	2
0	2
75	28
0	26
3	21
1	272
177	272
33	28
4	16
1	0
0	0
0	0
0	0
0	0
0	0
0	0
0	0
7	0
0	0
1	54
62	360
2	0
3	7
0	306
0	18
0	18
1	18
0	8
0	1
0	0
0	18
26	98
0	4
12	94
1	0
0	0
18	1006
11	362
4	757
1	513
0	608
1036	8
23	8
17	2880
0	3290
478	3177
0	3283
43	3283
146	107
43	1355
85	576
31	309
3	416
6	135
1	50
2	6
0	126
4	15
133	0
3	26
10	746
17	209
0	0
14	3
3	679
2	15
0	2985
0	2737
0	2745
0	2886
0	2893
57	2915
1	2993
19	1316
1	60
0	317
0	128
9	30
20	572
1	16
0	346
0	236
0	52
0	0
0	0
0	0
322	52
0	17
7	7
3	40
3	0
1	284
0	206
1	133
0	3
0	15
0	14
5	11
0	4
0	298
0	226
0	268
2	248
0	127
0	20
0	26
0	8
0	0
0	4
0	4
0	2
0	266
7	0
0	0
0	0
0	0
0	0
2	0
0	0
3	21
0	5
3	5
15	5
23	26
0	5
2	0
0	6
0	0
0	6
3	208
1	795
67	337
102	1606
1	296
8	512
5	60
0	474
5	129
20	360
0	1667
3	6
42	722
2	158
0	168
13	102
1	72
47	209
3	20
93	18
16	8
991	1997
36	1040
2	955
703	0
1	226
63	178
0	193
0	82
0	14
1	0
4	159
0	1
0	80
0	53
0	45
0	9
0	200
1	0
0	0
0	0
0	0
2539	3
6	0
4	90
0	0
0	113
0	110
76	112
0	38
0	0
6	13
1	18
0	23
0	0
4	12
0	4
0	0
10	742
0	2222
0	405
11	637
1	0
9	12
12	2116
0	44
1	120
91	208
4	69
0	97
14	91
0	11
0	3
0	1181
67	1000
17	1328
1114	1064
20	1113
0	0
0	372
16	334
0	3
63	1127
11	985
0	244
243	351
141	746
1	737
9	34
755	6394
4	739
0	119
54	628
0	3184
0	275
468	414
0	21
0	41
0	15
0	44
0	80
2	49
13	310
12	133
0	0
0	0
0	0
2	62
6	62
0	0
2	5
0	1
259	2406
5	2119
0	1097
0	0
0	641
3	561
0	220
0	1
67	33
0	0
0	0
0	32
0	13
0	2
4	2
43	0
8	190
24	192
0	129
19	38
13	140
36	67
0	189
1	188
1	145
1	169
2	15
0	5
0	15
5	0
0	2
1	5
36	29
1	17
22	12
557	7111
0	6360
1	748
0	28
8	9
7	64
487	1086
1	137
22	87
2	53
6	18
0	192
0	750
0	90
0	215
1	219
0	5
2	11
0	52
0	22
0	219
1968	454
1	147
21	193
0	52
3	103
25	8
12	37
2988	38
98	2383
519	2383
3	166
0	2
13	1354
109	2489
703	2899
17	857
0	231
122	747
45	41
35	286
0	35
0	7
0	5
0	7
0	0
0	0
0	0
53	281
62	281
19	9
12	2
6	146
27	5216
1	0
0	1463
6	3
0	0
0	79
2	32
53	2201
1	2
32	5084
1	397
6	277
0	8
0	4109
0	4818
0	110
1	353
2	2
1404	797
2	1339
1396	1434
0	187
6	55
1	142
4	113
608	796
0	524
4	3
910	585
2	110
0	2
2497	1873
2702	1876
3	0
432	0
24	184
15	139
2	151
1	58
16	73
4	12
0	0
0	1
7	1
0	0
2	6
9	1
0	0
242	432
0	409
1	6
2	17
20	0
0	0
0	0
0	0
1	0
51	601
6	47
9	35
4	524
0	2
0	151
0	0
0	0
0	0
806	800
1	186
21	51
2	0
45	1682
2	1749
0	920
18	0
21	86
0	189
4	111
0	0
0	0
15	628
0	0
0	6
0	1
1	6
46	0
28	1
1	4
0	4
0	0
0	2
0	0
0	2
6	5620
0	4746
0	5114
0	5507
12	3936
33	3906
2	877
51	1529
2	514
0	108
11	29
0	834
0	2
23	406
8	40
10	492
10	446
80	84
6	39
3	489
0	658
39	587
10	423
200	623
22	420
69	54
0	54
0	5
0	1
41	0
17	0
27	5
0	0
0	2
46	168
14	168
0	18
0	22
0	13
0	4
0	0
0	1
0	5
0	0
44	1081
40	380
0	896
0	635
3	28
3	77
0	0
115	435
0	435
3	132
9	0
6022	10
315	61
5	15
21	40
128	8
8	7
0	0
0	0
0	0
0	1
2	2
0	1
1025	1291
99	1288
17	99
4	67
15	43
1813	332
15	329
7	3
0	52
0	17
0	0
1	7
0	7
0	7
0	4
0	6
1	0
22	526
35	529
0	625
8	338
124	335
0	92
11	0
1	174
5	30
3	53
0	0
0	0
0	0
0	0
0	0
0	0
11	11
1	16
8	0
0	1
0	34
24	149
2	114
12	88
0	1
0	0
0	1
0	0
1	0
0	1705
0	1688
14	53
2	112
0	1572
17	986
0	448
306	1134
0	431
28	363
1	8
6	539
66	0
13	2
14	37
1	6
0	6
0	0
0	0
0	24
9	24
206	202
0	144
6	58
0	2586
228	2578
1	2301
0	9
3222	2925
3	10
1	2745
22	494
1	591
96	150
2	480
0	1
0	2541
5	50
5	525
4	36
3	185
34	56
0	56
0	5
1	4
0	5
0	2171
2	2042
2	1759
1	136
38	9
0	370
5	5
1	79
4	90
12	90
2	0
4	2983
1	2566
56	985
0	1710
0	163
12099	7512
5	22
1	0
2	1828
4	152
15	661
29	1283
9	384
8	3228
36	745
1	594
0	35
3	590
7	512
13	4
0	411
3	6
0	494
15	66
0	66
1	23
0	745
781	794
19	778
5	38
0	527
81	105
0	435
1	11
0	444
0	527
0	0
0	0
0	84
0	0
1057	528
31	507
9	39
5	2
0	423
14	516
0	249
0	21
0	0
0	5
0	0
0	1143
20	168
68	196
7	65
368	1146
0	0
0	0
7	60
11	92
8	81
0	32
100	128
0	124
3	4
148	18
0	18
0	0
6	26
0	22
2	17
0	16
0	0
2	0
17	212
0	40
0	217
1735	469
9	362
0	150
1576	155
354	155
0	0
0	0
0	0
0	0
208	865
2	871
0	803
0	162
4	149
6	111
0	60
1	0
0	0
78	5218
59	4962
6	1631
7	1612
138	985
0	4697
481	53
57	10
0	4
89	351
1	350
0	54
0	4
10	1
11	26
2	14
0	12
1	21
0	0
0	10
26	0
0	14
0	19
7	4
0	38
0	7
5	45
1196	3568
2	1622
3	1679
6	1463
672	1078
1	1077
0	25
0	0
24	39
0	39
5715	146
0	141
21	1425
3	36
58	1645
0	939
0	1494
13	657
3	1389
7	45
4	19
4	122
0	11
3	189
33	1041
0	1041
33	1030
3076	3328
0	2259
0	248
9	1451
20	772
65	457
117	457
684	1738
22	713
7	140
8	166
44	559
16	869
0	712
2139	712
0	712
202	0
1506	114
0	133
0	133
0	274
40	290
4	45
0	145
0	8
5588	783
0	260
31	784
4	228
1	436
1	269
2018	1761
0	1318
8	34
92	803
3	34
413	1609
33	1062
0	819
23	78
494	1719
8	527
7	60
2	60
0	2
2	0
17	1542
32	1541
57	1360
5	497
9	498
5	1043
24	685
5	1017
0	952
811	134
27	441
32	441
10	2
3	0
0	31
0	92
0	443
0	0
10	259
10	732
0	528
0	755
0	269
6	18
1	74
0	2
2	11
7	240
31	8
0	8
1	0
5	0
0	0
0	0
120	1
0	1572
0	1340
0	1166
0	1082
25	556
0	666
0	750
28	723
21	77
9	78
18	281
0	16
0	1488
306	185
30	27
5	176
2	9
0	1
0	3
0	0
0	2
0	0
0	0
12	0
0	0
2	7
0	0
0	17
2	17
0	0
0	0
0	0
0	0
0	0
11	259
0	206
0	188
4	4
1	1277
0	1022
0	1161
0	1182
4	1098
0	1137
0	1066
5	1
2	35
27	203
11	335
54	273
1	297
11	319
9	291
4	21
19	2560
0	2537
5	2264
0	2202
0	2404
5	115
0	0
0	0
1	0
645	988
0	635
18	272
129	0
0	2
0	0
0	0
13	0
0	0
0	1
0	1
0	0
0	0
2	0
733	1041
32	918
93	356
4	168
0	118
0	7
11	1422
1	1384
9	1425
0	1427
3	240
0	248
6	156
4	145
5	113
2	85
0	1
0	0
0	0
410	733
0	0
0	257
123	2575
8	2344
170	1825
0	1327
0	751
6	205
40	3076
176	3120
0	834
9	7
0	51
0	56
58	280
74	280
0	0
30	2050
21	1017
0	2001
0	38
0	110
3	28
0	0
1	152
0	0
1	541
31	141
0	2080
1	989
581	989
210	88
5	88
1	22
0	12
4	0
1	0
0	48
12	792
63	494
0	871
3	351
0	3
88	547
17	12
0	830
2	100
49	677
73	469
1	16
104	71
0	13
140	65
0	11
0	11
5	3281
10	3040
9	3230
0	4459
1	4213
5	3269
0	2053
17	3223
20	507
29	172
1	434
107	696
27	149
198	618
2	196
4	78
4	32
2	15
2	7
63	69
6	20
3	136
1	334
12	149
0	113
0	3285
0	10
0	23
21	23
11	348
26	274
7	158
0	129
0	298
29	121
4	9
2	15
1	69
1	5
0	25
12	15
2	1
0	15
3	496
20	517
0	85
3	13
12	126
0	32
40	24
0	292
2	316
19	328
6	328
12	16
1	53
0	12
0	1
490	37
1814	436
33	436
44	359
23	61
0	272
1	33
20	11
6	14
0	3
20	26
3	147
6	6
140	156
3	10
35	150
90	4856
54	5209
2	3778
1	508
1	23
8	348
2	22
53	96
32	230
0	189
3	333
0	106
0	69
20	17
0	8
0	9
0	6
12	586
10	39
45	157
1	151
100	2
111	561
0	467
1298	165
0	165
2	76
0	1
0	1
0	1
0	1
0	0
0	0
0	0
0	0
0	0
0	0
42	1366
0	616
0	1406
1	20
0	771
0	561
0	11
25	5
0	0
1995	147
4	1
3	145
40	4
19	1663
2	4
39	1590
4	19
60	1541
1	1719
0	0
0	0
3446	1246
29	234
7	998
0	218
0	830
106	2101
37	28
0	28
0	0
3	1
0	1
0	0
0	0
769	4
4	267
445	585
7	359
22	296
0	178
0	0
8	2
3	0
0	0
5	398
9	398
0	92
0	35
0	1
0	92
1367	306
1	43
1	256
0	8
12	1
0	50
0	256
0	24
2	24
0	0
20	9
0	9
0	9
0	104
11	581
6	581
27	146
0	5
2	2
0	23
1	28
0	10
258	0
1	0
0	1
4	7
0	6
0	0
0	0
0	0
0	0
0	0
0	0
0	0
291	739
0	6
1	0
3	739
1	0
232	1001
0	76
23	878
1	0
0	122
4	293
0	0
6	0
0	2
0	1
0	1
1	1
0	2
0	2
0	1
0	1
0	0
0	37
0	32
1	6
3	28
1252	16712
7	16704
90	1065
1	0
0	0
0	0
0	0
2	0
0	0
2425	345
9	51
12	43
4	166
598	323
0	196
0	1
8	162
15	20
0	92
0	196
0	0
82	134
0	104
0	105
0	0
1	3
19	44
0	29
0	15
20	62
6	15
0	58
0	45
1	158
18	174
0	167
0	160
0	18
27	0
0	0
0	0
0	0
0	0
2944	656
13	569
0	74
0	83
5	87
9	73
0	78
0	78
1	85
4	0
0	38
0	0
0	0
1522	1549
0	1268
0	812
0	655
0	31
0	260
3	195
166	57
109	428
0	105
2	151
165	14852
151	13865
0	448
6	7
1	12265
0	102
84	146
0	122
3	26
0	0
6	534
0	678
0	678
1	4
0	147
0	679
27	65
1	5
0	77
1	71
0	72
25	64
1	965
0	25
18	1061
0	1087
0	177
0	0
0	13
0	929
1	123
0	8
0	5
0	118
0	0
0	3
0	0
4	26
6	80
0	78
8	60
0	67
0	65
0	8
0	7
0	7
0	16
0	0
0	0
0	0
0	0
0	269
239	1954
0	1570
0	1371
0	970
0	231
1	91
0	248
10	716
0	213
0	1
10	0
26	4
0	4
0	7874
0	0
5	654
98	2513
82	7710
0	845
2	340
2	5
6	3175
756	5186
0	7876
0	0
0	0
762	14181
1076	13405
3	2899
17	1975
12	316
0	0
0	0
0	0
6	210
39	214
2	179
0	142
0	133
0	28
1	7
0	77
0	42
0	3
0	8
0	10
0	11
0	11
0	0
0	0
38	1174
42	1720
9	1711
4	1711
0	1083
0	0
0	0
0	0
0	0
0	0
0	0
0	0
532	1007
1	967
10	866
3	0
0	0
0	0
5	656
72	652
39	653
0	609
0	69
0	0
0	0
0	25
2	79
2	110
0	656
0	34
0	7
8	5
0	4
4	4
0	0
0	0
2	15
0	13
0	15
1	4
0	2
0	0
5845	8
0	0
0	0
4	0
18	0
3	4
3	1
0	4
113	58
9	58
0	2
0	85
0	95
0	90
3	25
0	0
1	78
8	72
0	61
0	0
0	1
6	5
0	5
0	5
0	0
720	1740
0	1740
1246	3
0	3
0	0
1	0
1845	0
2	12
2	12
0	3
0	1
0	1
0	6
0	0
0	0
0	1
2	3
0	0
0	0
0	6
21	515
2	491
0	529
2	0
1	380
8	418
1	537
0	12
1	59
0	435
71	17
63	47
0	129
31	1301
10	108
3	24
3	1
0	311
2	118
0	813
0	9
0	2
0	990
11	2
4	64
6	228
0	1211
0	8
0	8
6	0
0	0
0	0
0	0
15	1
0	1
746	4688
193	3272
18	4539
73	3613
3543	172
0	0
1	171
21	404
157	532
0	34
7	98
14	436
0	0
1	32
92	436
397	2733
17	2643
0	103
48	103
5	42
3	169
83	1206
0	1212
16	1222
1	377
0	1295
1	89
0	1233
48	7
1	7
0	68
20	478
28	516
8	456
2	325
5	238
0	64
10	260
2	6
35	264
13	4
0	1
3	68
0	68
0	15
0	26
0	71
2	9
0	7
0	0
0	3
0	49
0	8
3	1
16	78
9	355
3	334
21	153
18	286
0	234
4	5
10	85
0	44
7	68
25	18
0	8
0	1
0	5
0	1
0	0
0	0
0	0
0	0
2	2507
125	2525
164	342
14	131
0	53
12	2372
9	1
0	0
0	49
1	1
28	46
0	152
6	79
0	47
22	34
0	95
706	1158
5	594
0	67
0	556
59	195
0	81
4	6
6	6
0	4
97	1749
28	1629
24	1543
0	155
0	134
12	134
0	0
0	5
0	24
0	9
11	0
18	23
148	414
14	222
0	181
0	4
0	93
0	67
0	18
0	0
0	0
260	3030
0	2974
0	13
0	0
0	67
0	1
0	1
0	1
0	0
0	0
0	0
0	0
0	0
0	516
180	525
62	336
1	0
2	784
43	723
0	762
4	763
109	512
0	0
0	158
466	1296
161	987
0	1152
2	215
2	254
560	466
0	255
0	41
0	21
4	278
0	149
62	22
9	2
589	116
0	15
3	54
1	100
775	1497
45	1106
14	1289
4	188
0	0
0	0
0	0
123	29
10	35
0	2
35	6
0	0
0	0
0	0
2	7
40	27
0	24
14	2
0	2
5	1
3	1
14	644
9	643
10	8
0	0
0	12
26	2354
39	2040
361	0
0	0
0	0
0	0
840	0
674	3027
1	214
6	35
2	42
37	2773
505	0
3	142
5	2
1	730
18	667
1420	2768
902	2768
1	10
592	60
0	20
0	40
659	19
0	19
207	2984
1	2984
152	0
7	325
59	127
0	256
18	314
0	313
0	42
0	43
1	108
9	5
0	5
1	0
0	8
0	8
0	8
0	0
0	0
0	0
0	0
885	0
2	0
2716	192
0	190
1	4
829	1117
25	281
0	96
2	59
0	678
0	112
7	213
3	8
0	3
0	10
2	39
1	7
0	10
0	26
0	15
0	27
0	0
5	19
1	9
1	2
0	0
0	0
0	0
0	7
20	7
0	0
60	0
0	0
0	0
0	0
0	0
0	0
13	282
0	282
0	581
17	327
1	17
3	13
0	0
0	578
0	0
0	0
35	1752
15	1163
1	1830
0	0
0	0
0	0
0	0
0	0
0	0
0	0
1	0
0	0
4	0
2294	386
3	364
35	802
4	404
51	733
4	221
38	115
12	46
18	32
14	68
37	25
11	26
4	16
0	74
0	1
19	1
0	0
316	538
11	537
301	82
0	8
0	17
5	37
0	36
4491	4932
450	3973
6	1486
14	1857
38	75
2689	2446
0	2242
0	2621
11	1716
6	3
1	154
9	1395
58	476
7666	11098
3	973
0	9789
1	3548
10	10949
0	377
1	4176
0	284
1	50
0	2815
1	180
3	0
3	381
1	0
0	0
0	0
0	0
0	0
0	0
0	0
0	0
0	0
0	0
0	0
0	0
0	0
0	0
0	0
1	0
0	47
8	1268
43	1279
17	423
34	1015
0	677
0	650
29	19
0	159
1	2
2	370
0	22
1	103
0	0
1	4
0	932
0	954
577	325
0	150
7	175
17	1
0	1
1	5017
0	15548
1448	15550
0	1697
72	1434
1	117
75	41
2	1
0	37
0	115
1	0
3	0
0	16
0	82
0	82
29	62
4	86
0	0
0	82
0	82
0	114
0	82
0	105
0	86
0	186
39	86
0	152
1	0
0	12
40	0
1270	3983
14	3229
7	70
27	35
0	3
5	67
8	70
0	71
1	22
0	19
2	11
0	1
0	26
33	758
3	425
0	571
1	5
38	474
0	26
0	18
29	2158
44	2158
0	1545
2	0
2	43
366	2104
4	1142
0	1296
19	1702
95	754
218	898
4	474
10	458
8	778
3	53
10	397
189	3086
0	2936
0	3021
2	1475
2	525
0	190
6	339
0	0
0	0
0	0
3	0
2	122
4	12
1	36
4	83
7	0
0	66
15	22
0	0
0	16
1	16
3	16
0	0
0	7
0	7
0	0
0	50
0	0
13	50
0	47
0	0
4	6
1	8
2	6
0	4
0	5
398	0
1	0
0	6
4	4
0	6
7	0
5	0
0	0
2698	2066
0	29
6	114
3	39
18	215
0	851
14	430
0	1973
0	44
0	364
0	78
0	226
4	214
36	0
0	36
24	0
2	16
1	190
55	148
5	21
3	221
0	133
0	8
0	0
5	20
0	0
21	0
2390	1351
0	462
7	852
12	21
15	41
1144	4181
207	4067
0	732
6	15
1	12
13	794
0	3859
577	611
10	291
1	450
0	0
0	0
0	0
0	0
17	794
0	805
9	1088
20	835
4	662
6	1006
2	18
8	63
1	15
61	529
4	23
28	1
5	4
3	17
0	0
26	2
0	0
0	0
24	15
0	6
0	81
0	48
0	74
0	1
0	6
0	1
0	83
7	3
1	6
0	10
14	200
0	202
0	159
0	177
0	210
4	174
0	174
0	185
0	190
0	221
0	137
0	162
0	6
0	8
0	39
2	361
6	12
0	16
0	12
0	0
20	60
187	60
0	0
391	419
0	184
52	235
2	3
11	431
3	518
81	328
0	262
17	421
0	268
7	246
0	70
21	113
13	0
92	0
8	0
1	0
6	973
0	552
45	2003
426	6025
5	0
79	1074
20	132
0	445
55	1
3	100
112	828
1	90
59	618
94	52
765	4238
6	2973
281	0
1	56
4	21
1	180
3	639
0	0
11	77
0	656
0	137
0	512
145	700
0	39
3	5
0	0
0	656
0	16
469	759
27	8
2	767
0	108
0	621
11	391
0	86
2522	475
0	97
1	0
13	379
16	87
31	15
0	15
2	1
1	7
36	323
0	68
0	14
0	1
158	381
0	13
0	167
0	226
1	1064
1107	1592
18	1524
2	1171
25	54
115	0
5886	541
3	539
1	78
26	327
13	327
32	15
0	327
27	145
0	33
0	20
0	0
0	3261
0	0
28	5159
7	5768
0	114
0	3286
20	2920
0	2
59	73
11	2890
46	3175
0	5437
63	2742
0	2017
106	5291
42	4546
0	2739
18	460
0	152
50	1
0	242
33	328
4726	1
0	0
0	0
29	121
120	131
18	7
0	7
0	0
1	16
1	18
556	58
0	57
0	7
105	116
0	80
0	86
0	0
0	0
1	4
1	7
0	7
1196	818
10	825
39	9
1	132
4	82
0	7
0	86
0	84
0	28
0	24
14	24
0	24
1	1
0	0
0	0
0	3
248	939
0	294
10	290
5	285
1	117
2	178
1	492
4	257
0	215
53	178
0	1211
4	1141
0	1144
0	1170
0	1146
15	474
1	1148
65	146
0	42
0	35
0	82
2	40
0	267
6	496
1	44
6	790
3	2590
3	34
26	268
0	2399
0	17
0	97
11	674
0	0
19	4
0	4
33	68
0	68
0	0
0	0
197	5207
0	1910
3	15
379	5098
22	2
3	23
0	3236
1	1258
39	2852
41	1572
27	71
2	133
0	449
2	142
10	30
0	3136
105	52
0	57
7	46
146	176
41	390
0	0
2	297
0	246
1	86
33	524
0	444
0	434
1	4
0	428
0	21
0	0
0	0
0	0
0	0
1073	71
6	2
2	69
0	0
0	0
0	0
0	0
0	0
6	3064
0	2742
85	4151
33	868
0	844
0	1614
7	18
0	1488
1	1382
79	1072
11	1
8	91
0	76
0	53
0	9
1	0
0	0
0	9
2	0
1	30
0	0
0	8
0	8
0	0
1	0
0	95
0	0
18	1875
25	1716
9	141
31	1709
3	1678
1	1388
5	90
4	1754
0	546
5	420
0	397
4	1
0	0
0	1
0	0
159	1953
6	251
29	608
2	869
5	313
4	116
14	2
3	1268
0	0
0	0
0	0
0	0
0	17
7	5
1	0
44	228
1	0
0	137
2	228
646	527
1	135
11	468
16	2
0	2
0	0
0	0
17	0
0	0
0	0
0	0
0	0
0	0
4	1246
0	515
4	11
3	7
113	154
0	876
4	1422
314	2217
0	146
0	780
2	590
43	15
0	221
12	941
206	185
3	44
4	455
64	196
1	121
1	133
4523	2784
2	2452
0	2586
0	828
0	134
0	114
0	0
0	0
530	3883
22	1537
7	3281
2	4366
0	4086
1	4300
0	4102
13	4192
5	357
16	69
5	208
6	433
49	304
1	2497
0	905
1	1652
1	112
45	433
5	972
1	731
0	91
0	0
4	24
0	0
0	24
0	0
0	1
3	18
22	12
0	7
0	14
0	0
0	3
0	0
13	28
0	28
0	2171
0	2128
16	1772
0	22
8	260
0	1958
3	3
6	1673
11	112
0	103
0	201
12	131
0	45
0	0
0	49
0	0
0	2231
0	1981
6	26
0	0
0	26
0	0
240	945
0	945
0	98
20	0
0	4
1	4
0	4
0	4
2	0
0	4
0	0
0	0
0	0
0	1
24	7
3	250
3	243
2	244
0	38
0	126
6	57
0	32
1	25
0	0
1	0
0	13
0	0
34	379
1764	1248
0	576
1	23
1	2
0	5
0	0
3	114
16	126
0	190
122	654
4	661
12	396
645	598
0	345
232	54
0	4
2403	73
0	55
5	31
2	5
118	1194
50	1188
26	13
7	172
23	74
0	44
10	6
0	4
3	0
0	44
48	536
7	139
0	7
9	86
5	443
0	4
3883	47
3	46
0	126
436	294
0	29
2	269
0	158
56	92
3	57
6	75
2	74
7	43
0	36
541	528
1	418
2	63
49	110
8	119
6	571
9	88
5	85
10	465
0	544
27	1071
1	98
0	0
1	171
0	1055
68	24
1	11
0	13
0	0
0	3
0	3
0	36
0	99
1	75
2	35
1	22
6	7
0	4
10	0
6	1
572	3463
10	58
5	5
4	6
52	3466
10	2538
0	0
0	0
0	0
0	0
0	0
0	0
0	0
558	1043
2	18
45	26
0	15
3	117
0	825
2	114
0	0
0	0
0	0
0	0
2269	2
11	471
484	471
82	611
7	26
2	46
0	72
275	501
16	158
0	0
0	2
0	2
0	0
0	0
0	0
1055	0
6	24
434	24
14	376
34	126
127	567
11	81
0	279
13	1
41	178
3	91
2	178
0	0
0	0
0	0
0	0
0	0
0	0
0	0
0	0
0	0
0	0
0	0
20	25
0	9
2	4
2	16
0	0
403	97
0	2
0	68
0	18
1	51
0	8
0	2
0	2
0	389
2	375
0	382
2	387
0	2
0	1
0	20
2	44
0	14
0	0
0	7
0	33
0	394
81	11685
363	11424
137	267
514	1065
127	460
4	1053
66	20
0	20
3	2
0	0
0	1
0	3
0	0
26	201
0	3
0	0
0	201
74	32
0	72
3	66
4	28
92	155
0	23
0	28
0	46
1	55
1	55
0	14
0	0
0	0
5334	260
0	258
66	2467
8	2472
220	2448
23	0
8	1
29	8
287	66
16	66
0	66
0	7
8	1540
17	2066
9	467
0	2143
15	2031
29	1627
0	10
0	372
8	99
0	1990
361	34
0	9
3	0
0	0
0	25
11	0
2234	1
0	24
204	2494
5	2469
14	54
6	36
2	623
6	18
0	165
9	8
3	78
8	83
0	64
0	40
5	11
0	0
0	0
0	0
6	3223
7	3318
111	1848
1	876
4	106
5	108
0	58
0	18
3	12
179	356
6	356
1	0
0	87
0	164
3	168
0	23
0	21
0	30
1	13
13	1202
61	1163
1	1039
1	1029
4	976
0	89
1	117
1	12
0	0
1170	1418
23	647
0	907
0	1098
0	505
0	291
4	377
501	389
0	30
0	11
112	12
0	12
173	2271
20	2228
0	273
0	0
8	0
102	1459
1789	1460
3	654
6	205
15	0
1670	73
2	72
16	13
113	170
0	1
6	169
4	1028
7	814
13	85
0	816
0	902
8	20
33	22
6	15
8	194
8	280
55	426
0	41
0	0
0	0
0	0
9	515
481	1626
2	0
0	366
3	1111
35	4280
0	4376
5	4325
0	4211
0	1179
4	248
34	257
9	160
4	81
1	97
0	14
5	1
3	24
3	73
0	2
1	50
0	5
15	4358
1	1
0	1
776	486
3	482
0	274
2	4
0	49
1	567
1	16
0	581
0	25
0	527
1	0
2	112
0	503
0	414
0	74
0	6
2	4
2	2880
101	7447
0	5804
2	5827
7	112
35	412
4	6
6	7
126	0
0	561
0	249
2	110
57	763
0	204
0	96
6	156
0	511
1	591
0	1790
0	54
7	154
0	57
0	54
1	53
15	7353
18	7473
0	0
1	0
2	0
1	1
0	2
4863	300
0	32
0	0
0	279
0	2
0	16
2	28
0	25
3	3
6	4
1	55
0	4
0	2
1	278
0	294
0	287
283	0
1	6
0	7
0	0
115	4060
0	1853
58	3999
2	126
0	122
0	85
672	0
96	5532
19	2137
90	1720
105	2618
22	5570
0	247
0	1678
23	1600
0	0
1	1471
58	1662
790	102
2	97
0	5
35	0
14	0
0	0
16	2
287	1832
1	1785
8	1204
0	51
0	0
13	211
3	35
0	210
1748	5555
29	2114
0	5627
14	38
3	1283
1	0
0	0
3619	5
4	333
0	25
14	358
4	0
0	51
0	0
2	0
0	0
25	531
2	1142
0	25
13	1198
2	104
9	423
156	1135
14	1150
1	5
6240	403
0	398
2	95
0	0
17	30
0	1
8	65
1	40
7	35
347	582
1	602
0	191
3	275
1	4
0	4
0	0
707	372
7	372
1	0
6	189
3	195
0	163
0	88
0	21
4	1
0	0
0	0
0	1
0	1
0	1
0	0
0	0
0	0
0	0
101	3492
144	3522
0	971
672	114
0	175
0	64
7	42
0	22
0	96
16	129
20	2
38	429
1	9
0	19
0	56
0	148
0	2198
665	1673
20	1545
2	19
1	477
0	47
0	91
1	17
175	984
8	981
6	536
0	535
0	18
11	299
9	185
3	172
0	0
0	974
1849	2
9	5424
0	5489
149	5266
14	4523
9	3665
1	3234
0	12
0	185
34	87
0	91
0	130
7	2
0	24
1	10
0	0
0	0
207	61
2	58
16	72
6	9
0	0
0	60
1233	208
4	123
41	27
12	85
0	0
0	0
0	0
2	192
0	0
7	632
14	599
122	701
0	195
7	257
6	742
0	14
72	728
4	652
1	240
4	102
0	22
1	0
0	0
0	0
0	0
0	0
0	0
0	0
0	0
593	624
67	993
0	486
0	3243
924	3314
5	968
4	13
4	859
11	386
4	78
0	2321
4	95
82	626
11	626
2	47
0	4
0	114
0	1335
129	870
0	646
0	35
0	36
0	402
2	0
0	26
2	209
0	986
0	0
0	0
103	1937
4	648
1	29
0	517
21	1744
0	1333
0	1307
0	1307
11	938
8	422
0	20
24	258
1	133
0	6
0	138
0	92
0	128
0	152
0	2
0	0
0	5
1	5
3	3
0	1
0	0
0	0
0	0
0	0
0	0
0	0
0	23
1	25
0	3
0	1
0	22
0	3
215	3
16	67
0	67
0	67
1	33
0	23
0	0
0	0
0	0
25	3744
395	3744
0	788
138	9
0	9
17	738
0	317
0	674
0	32
0	10
0	64
12	64
0	9
1	7
2	11
0	0
0	0
32	94
25	387
0	22
3	399
0	13
0	13
1036	1
9	6
0	2
0	0
0	4
0	0
0	0
55	42
926	401
0	383
0	141
0	85
6	275
0	298
0	263
5	105
0	78
0	56
0	0
0	44
0	1391
0	1142
8	82
0	16
617	25
1	0
0	25
19	14
0	1
3813	1269
3	1272
0	70
0	79
117	61
0	1203
200	968
11	895
1	5
0	0
653	275
0	91
0	0
1	29
34	153
644	803
0	85
15	94
0	627
4	139
254	139
72	149
0	1142
0	1230
0	1391
73	219
0	219
15	6
0	0
3	0
0	0
4334	5
0	0
13	2999
3	57
38	896
3	138
2	38
4	2888
3	0
3	1
2	1
104	689
0	705
1	561
9	5
0	2
0	3
0	709
7	862
0	32
10	784
5	40
2	184
66	159
2	131
2	109
9	1748
160	1453
4	1290
142	1718
0	270
2	148
9	300
280	95
23	7
60	1482
13	626
3	674
0	33
23	283
0	194
1	2
6	0
16	10
0	0
0	0
0	0
0	804
3	364
0	618
1	560
0	0
0	516
0	509
1	14
14	8
0	800
0	859
0	147
1	87
0	33
0	100
0	94
0	22
1	22
0	1
0	12
0	2
0	0
1	1
0	22
0	29
0	156
205	3415
1	3222
1	0
2	146
0	1
0	180
0	54
4	1
0	31
0	484
3	3
1	4
0	4
12	611
268	631
0	118
3	116
2	131
9	96
0	58
61	2092
10	2198
16	2198
20	2317
0	230
0	148
6	298
6	108
0	295
0	193
2	33
75	255
1	0
3	97
8	5
50	9
0	128
24	6
56	93
20	75
1266	148
3	72
44	945
4	920
15	940
0	869
1	32
0	715
6	79
1	5
0	67
0	359
1	117
0	101
0	36
7	0
40	224
18	224
0	0
649	200
5	1
0	73
1	119
2	160
3	14
0	103
0	0
1	0
131	1797
3	0
0	1797
713	47271
2	1
218	47504
2	283
0	1
0	1
0	5
0	0
0	0
0	4
780	277
26	3
66	1
0	100
171	204
21	105
2	0
0	0
0	0
0	0
6004	13487
398	13749
48	11647
676	9697
747	6002
0	8204
0	6411
25	1272
2	366
0	821
5	785
12	591
4	624
6	619
0	673
49	109
1	1
144	202
308	17
9	239
0	41
0	64
0	81
0	91
2	1
0	4
2	4
0	0
0	64
57	379
74	1174
8818	2335
13	0
79	1137
26	25
1	23
0	5
0	0
1036	0
133	1742
71	3095
843	3702
0	3587
1	3573
2	2079
6	470
11	4
0	185
0	773
2	459
2	1
1036	241
1	9452
11	294
0	10
5204	9568
16	206
5	312
53	1458
271	29
0	2023
0	1978
58	2239
0	2561
1783	3162
0	2055
0	1120
0	1281
0	1500
0	963
1	1657
0	886
8	1213
0	602
2	1669
0	1196
0	738
56	1222
103	0
31	412
0	285
0	3683
41	3711
2	3373
0	3757
1	1588
0	101
31	3182
2	770
0	2477
22	433
0	305
11	1
0	1103
1	1169
54	0
12	254
38	280
20	4
0	27
0	109
0	0
0	0
0	0
6969	9455
2	9451
10	2020
4	11464
197	7585
2	11943
0	0
280	1419
6	1519
49	1386
68	1061
27	14
0	163
7	269
19	135
2	869
0	3
9	254
0	10
0	16
152	157
18	0
171	382
15	369
4129	7649
0	892
0	3244
56	3496
204	1284
2	1106
42	17
483	348
4	222
2	12
0	114
0	0
492	2009
0	1592
0	1415
2	6
0	6
0	0
0	0
0	0
0	424
0	32
27	932
0	9
0	884
0	0
4	45
1	896
0	2
2	883
0	903
0	51
0	11
0	12
0	462
13	22
0	916
1	3601
0	3156
1	3064
367	4007
78	2341
6	799
0	250
62	467
9	341
47	879
2	222
10	1106
95	527
16	3738
0	0
0	0
0	0
17	13
1	0
0	0
0	0
0	0
0	0
0	0
0	0
0	0
0	0
0	0
0	0
0	0
0	0
0	0
557	702
0	315
0	71
8	127
1	139
199	132
1	49
30	14
0	2
0	6
0	11
0	11
0	0
0	0
18	853
34	853
363	6032
7	5547
2183	6061
1	4759
6	3191
0	4739
23	32
57	6541
35	1283
1	6552
2	0
55	50
14	53
0	0
2470	2839
9	2410
8	1807
13	29
2	48
4	1
0	249
159	719
0	471
0	6512
5	6512
194	6524
0	105
2	139
2	2069
0	3263
0	1
2	1551
6	107
22	222
0	6512
0	7426
1	6443
0	6521
594	777
2	205
0	1
0	572
0	0
0	1447
126	678
0	15
25	607
14	876
12	1257
0	128
12	766
0	98
30	1403
0	7
0	7
20231	12821
0	2833
29	12813
76	1506
11	587
15	577
48	1124
2	152
270	0
1	221
0	230
1	11
2	193
0	31
3	2
0	10
0	28
0	13
0	0
4	5
1	11
4	37
91	34
5	6
5	16
0	6
0	16
0	0
0	1
0	5
594	1
1824	3
27	3
0	0
0	0
0	36
0	37
0	36
2	3
0	12
0	9
5	71
0	70
2	1226
0	1284
4	72
15	4
5	173
0	105
3	18
0	0
0	0
97	671
0	671
14	0
5	1471
6	357
0	246
2	6
0	34
0	0
1	2
0	1457
2295	3574
225	12079
0	1353
1448	11774
4	2317
12	1692
30	3175
3	660
3	2156
85	7404
38	675
0	2122
0	4521
2116	1438
1	257
33	1178
20	586
46	435
20	11
6	156
9	1
78	156
0	0
13	933
3	154
10	654
1	685
0	3
6218	2985
18	793
0	833
195	2724
62	1120
5	647
10	692
0	0
63	1450
0	0
0	0
0	0
22	392
22	4
5	3
0	44
0	351
0	112
0	150
11	0
0	50
0	17
0	15
0	2784
1086	3125
5	0
0	201
5	44
0	690
1	134
0	0
1	0
0	0
25	1183
44	1323
16	1479
12	1422
3	204
0	44
11	37
10	19
140	5087
2	64
1	5097
488	314
1	314
0	66
0	0
0	217
4	228
1	1
1	10
0	0
0	0
0	73
0	76
0	88
9	58
0	12
3	27
50	15
2	7
17	29
0	14
0	88
105	77
0	554
0	0
0	9
0	3
0	6
2	7
0	1
0	3
2413	68
7	158
1	116
0	920
2	1055
3	566
0	5744
0	123
39	2342
0	15
0	656
0	44
0	135
3	2398
0	2569
0	2342
1	115
26	33
2	32
26	536
39	95
0	36
17	10
0	5838
1358	1
751	0
1991	383
0	49
0	30
3	30
0	214
0	90
47	227
0	175
0	1
0	9
0	108
0	7
2	10
10	0
5	0
2	0
0	0
2	28
0	28
0	112
283	227
0	217
2	191
9	122
1	20
5	6
4	9
1	16
26	104
0	217
702	308
5	234
1	24
0	291
1	1
2	0
51	215
0	8
62	216
1	0
16	20
0	6
0	1
0	1
0	0
0	0
0	6
0	0
0	2
3	2
0	1
0	3
0	4
1	0
0	2095
1219	4215
87	3906
32	1984
294	127
289	244
5	2095
71	3643
1	28
0	81
97	88
1	56
0	11
0	49
0	16
0	12
11	12
0	7
0	6
0	2
0	0
0	49
19	948
0	173
109	948
12	135
0	211
6	947
57	5
1	113
2	29
0	0
0	0
3430	2980
2	2975
0	0
0	0
58	808
60	234
0	216
22	757
0	63
29	75
6	144
0	0
24	0
0	0
114	17941
12	17702
17	3197
45	2605
0	2613
146	1482
0	679
3	521
2	2
82	4015
1	0
37	2277
1	1098
0	2763
0	3390
0	3217
2	1268
0	452
0	99
0	4
324	104
36	103
21	975
49	3920
1	61
4	4017
4	221
60	107
372	3037
0	756
3	370
1	19
46	108
1	273
16	1524
5	327
27	598
0	1414
0	77
0	1098
0	352
0	5
14	25
0	21
1	10
99	395
0	29
0	0
0	395
0	0
0	0
0	0
943	0
15	1
0	1
209	0
0	0
1	481
0	423
0	466
2	535
0	296
0	46
2	29
218	24
0	23
0	10
0	20
0	22
0	16
0	14
0	16
0	0
130	553
582	554
23	0
3	0
47	2666
13	2451
20	679
369	512
0	585
0	604
1	60
0	718
22	61
8	69
0	0
1	4
0	4
0	0
0	0
4	1607
2	1420
1	129
2	1082
0	0
0	22
0	1
3092	5
0	7
0	311
0	344
1	1169
0	125
0	127
0	381
0	1215
29	452
0	372
38	26
17	1436
0	1309
6	1389
2	433
0	328
0	0
0	0
0	0
15	612
3	31
3	22
8	34
3	28
0	612
918	2075
20	2069
1	1036
206	916
51	864
0	332
18	274
36	74
0	13
2	13
0	1
480	345
0	137
1	18
24	22
4	66
0	84
2	20
2	181
0	60
0	113
0	85
4	6
5	31
0	798
1700	1111
0	429
0	37
0	36
0	42
21	1052
580	248
2	231
13	108
9	0
15	0
0	0
0	2
0	2
0	2
0	0
0	2
0	2
0	2
28	318
28	109
1	243
30	146
2	7
0	29
5	383
11	43
6	114
3	14
21	104
1	20
0	123
16	21
21	1094
26	828
30	531
1	0
5	0
11	119
2	1
0	1
27	7
0	7
136	0
0	0
0	0
3	212
3	210
0	104
0	97
13	23
0	1
0	1
0	1
1	1
0	1
16	7
0	7
0	0
4	0
1225	0
6894	7
1	0
183	2243
229	2486
112	2762
18	688
46	127
12	5
0	46
3	4
0	120
0	10
0	1
0	34
813	483
8	113
0	390
18	366
0	1
410	722
10	270
0	47
86	17
1	167
0	57
0	162
0	197
10	141
0	0
0	0
5	558
0	549
46	242
0	132
0	44
13	29
0	0
0	0
0	0
172	13686
30	3147
0	13464
0	2340
25	2853
0	3121
0	2717
0	6243
0	3629
14	3797
2	3226
0	374
2	208
307	481
0	1910
44	1476
7	1646
1	1218
1	1227
0	1118
29	643
1161	2
9	134
0	2
2	0
0	0
0	2
0	60
11	62
0	10
0	49
0	10
0	0
1322	0
0	60
5	206
136	29
16	139
2	140
0	30
19	8
1	0
0	20
0	9
0	41
4	27
136	335
0	185
0	18
5	109
0	6
0	0
21	55
6	0
0	0
0	11
0	11
0	0
1	0
1218	406
2	46
24	388
8	1
0	13
530	0
233	835
0	555
3	693
0	156
0	0
4	0
0	42
0	11
15	165
0	4
2	0
0	0
0	0
16	0
1	26
7	3
6	9
54	557
1	452
15	123
0	0
0	0
0	0
0	0
0	0
0	0
825	936
1	796
9	756
4	4
4	135
293	202
1	15
17	190
6	41
0	0
1	37
10	422
44	142
2	142
0	3
0	2
0	3
0	0
3	1
0	2
0	2
0	3
0	2
0	3
0	2
0	2
0	2
0	3
0	0
0	0
34	0
2790	339
0	0
0	0
0	0
0	0
18	3896
6	3896
52	1670
2	0
0	208
62	2900
2	62
1	4
3	44
1	48
1	310
0	0
0	0
0	0
0	0
6	45
3	57
4	0
16	23
55	61
0	34
1	29
0	13
6	7
0	746
45	730
0	58
0	32
0	156
0	87
0	230
0	107
11	22
0	29
0	11
1	0
1	35
0	0
4	315
28	2850
0	405
0	2687
7	153
695	331
2	313
5	176
0	161
3	66
2	25
0	65
0	19
0	19
0	0
0	14
0	17
3	1839
43	2249
1	1507
9	0
2	54
1	9
28	97
0	103
0	28
2	20
1	26
20	16
1	43
0	62
0	2
1	0
0	7
0	5
5	14
10	53
0	13
0	14
0	103
13	2076
55	148
2	332
14	662
0	2010
0	1963
10	1811
2	1724
0	1720
14	670
0	37
0	2
32	5
277	0
394	905
6	293
51	873
1	0
0	0
0	0
0	0
3	3
0	3
0	0
0	0
0	3787
30	3025
308	3475
201	218
0	316
11	102
24	1308
6	169
0	0
0	0
0	1
0	1
0	1
0	0
0	1
0	0
236	458
0	478
18	108
1060	865
21	691
0	172
821	544
10	1
0	1
0	32
0	8
1	545
18	1173
7	1105
2	967
6	2
3	1
1	664
3	13
9	20
12	470
2	17
13	182
1	45
1	45
3	45
0	0
352	1878
97	1802
54	1809
0	201
2	274
0	0
97	0
0	1304
3	89
0	202
537	354
1	317
1	2274
126	4174
86	634
14	2041
2	298
1	40
570	3984
22	1306
57	59
1	2
0	57
615	3060
27	3060
1	1939
0	504
0	91
0	74
6	78
3	124
62	67
1	72
372	359
0	308
0	108
1	20
0	0
0	0
0	0
13	65
3	87
0	286
0	299
0	29
14	132
2	26
1	31
0	5
0	130
32	0
32	1119
1	935
1	900
5	937
1	71
28	1646
0	1605
4	49
1	82
13	211
10	153
1	126
361	166
0	76
0	141
0	1
0	28
3	38
17	177
15	212
0	157
0	17
0	53
73	20
0	22
0	2
196	1510
0	1303
1	1644
2546	906
4	412
98	683
2	502
33	182
362	5748
360	5737
0	1578
0	106
17	469
1	561
3	335
6	0
0	500
0	546
32	547
0	380
1	1
0	58
1	31
0	46
0	1
0	1
1	4
2	1
0	1
8	4
0	0
2	3
0	0
0	0
0	0
0	46
120	0
1	0
101	542
15	540
11	269
0	99
1	163
0	2
0	0
0	4504
0	4538
23	5
0	4537
0	4538
83	114
2	100
29	259
24	4504
0	4537
0	0
0	0
0	0
142	810
0	297
59	568
7	54
18	1410
0	1404
20	1410
172	1408
0	1409
6	1404
41	1398
0	191
0	0
0	0
0	0
4	8
0	8
0	0
0	1
8	195
1	261
0	187
0	156
1	1815
0	1658
0	164
14	485
2	1
0	0
0	0
0	0
0	0
0	0
0	0
0	0
0	0
288	83
0	83
0	10
0	0
0	0
7	299
3	298
1	251
0	727
0	0
0	678
134	100
0	6
0	0
15	30
6	6
0	2
13	1
1	10
0	155
0	0
0	0
0	3
39	3
0	0
59	0
0	0
1	1
0	1
0	1
0	0
0	0
0	0
1	0
0	0
0	0
2	1469
0	1585
12	1051
0	913
0	566
0	346
0	222
0	1
0	0
0	12
73	122
0	58
57	0
2	40
298	56
373	17
155	2144
497	2144
2	104
0	104
0	0
1	9
2	115
39	202
0	160
0	122
0	120
0	30
0	33
0	3
0	2
0	0
0	0
0	46
0	49
3	50
2	1
37	0
42	1
81	3377
15	334
2	0
0	884
1242	0
62	983
0	30
1	983
3	39
23	134
1	47
221	601
0	459
3	592
129	75
0	0
0	0
0	0
1	58
178	10498
10053	3727
0	2
0	0
0	2
0	0
4	3
0	3
11	67
2	69
0	69
0	68
2	75
2	1
1	9
7	105
0	18
113	125
3	1
0	1
12840	6788
194	2505
2	491
0	1470
165	1961
2	123
11	1108
5	443
0	365
9	0
92	3
0	3
0	0
25	140
0	170
1	3559
48	2387
40	2581
0	2356
0	881
0	144
0	2
2	16
0	1
2	0
41	396
0	113
30	427
30	1066
0	3355
0	0
0	0
0	0
0	0
0	0
0	0
1	0
0	0
0	0
0	0
8	27
1	25
1	24
0	24
0	10
0	2
0	4
0	1
0	0
8	1
0	0
0	28
0	0
0	0
0	0
5	540
0	442
0	141
0	73
2	0
0	29
0	124
675	1916
3	1770
0	163
0	160
89	389
0	380
0	55
0	135
0	119
7	82
0	42
9	233
0	0
0	9
2	80
19	70
1	98
0	1
2	35
0	226
32	1598
0	1564
0	968
0	988
68	1313
13	1014
18	236
0	161
1	149
5	55
1	47
1	2
0	3
0	3
0	0
389	113
2	105
1	8
14	153
0	0
0	0
1	0
1	65
0	153
0	17
0	65
0	29
19	46
25	46
8	23
0	14
0	9
0	12
7	0
713	33
9	33
0	112
2092	454
11	320
9	20
2153	375
0	373
0	80
122	837
24	378
21	775
3	135
1	123
1	122
2	0
37	0
6	48
0	4381
44	2752
0	2898
0	2937
145	4211
49	4341
22	2394
0	3650
0	4205
0	451
13	2
0	372
0	366
99	141
47	329
12	230
0	80
0	0
2	8
0	0
0	8
0	0
5	1
2	15
1	14
226	1900
490	1900
47	22
2	22
0	31
54	78
17	74
0	0
0	0
0	0
6	56
0	56
0	0
1	5
0	0
15	0
13	5934
0	5
3	6224
63	5771
6	5813
1	5793
1	3
1	5280
0	5
0	0
6	68
0	233
15	4283
0	238
0	0
2	430
17	338
5	103
0	4112
0	0
0	3919
3	982
4	24
0	32
0	12
6	1
5	68
25	601
0	12
2	75
30	14
0	986
162	280
2	67
47	275
0	28
0	0
0	0
702	62
9	62
156	573
0	254
2	143
0	127
1	35
0	0
0	573
0	0
0	0
0	0
0	0
0	0
0	0
0	0
0	0
5	694
0	696
30	754
0	433
21	0
7	6
26	62
5	9
1	0
1	817
18	1183
0	173
35	496
25	1
4	117
81	285
197	35
0	0
4	128
6	78
3	70
4	28
0	7
9	56
0	0
0	5794
0	15
64	177
0	3
0	53
197	1273
6	40
25	6092
0	0
1	2
0	218
2	13
0	0
3	51
0	25
0	74
2	234
1	52
4	50
8	34
0	140
17	31
3	34
0	0
0	67
4	93
0	107
0	172
0	39
0	23
0	13
0	191
6	45
903	2654
83	2655
1	2600
64	2653
9	16
2	7
0	3
0	46
578	533
25	486
0	39
2847	121
0	2
2	23
1	2
0	54
84	1853
15	1935
0	426
0	322
0	306
5	18
3	1895
0	7
2	6
0	12
0	5
0	0
0	10
60	3455
3	3299
293	1451
0	3731
260	22
5637	2693
0	2693
1	25
1	26
13	56
1	260
930	270
0	5
1	13
269	381
8	381
1	0
0	0
6	113
736	319
2	320
14	23
21	8
2	13
5	24
0	4
0	24
0	0
4	21
20	12
3	0
19	0
0	0
1	2
3	1
0	2
3	0
0	0
0	42
0	0
1647	128
0	0
0	32
0	51
0	0
0	0
0	0
0	0
101	1948
96	1452
11	1661
0	1961
3	1695
3	286
5	577
9	7
1	212
1	149
0	0
0	6
1	6
0	0
10	269
65	274
2	102
6	7
24	388
0	312
6	226
0	285
2	48
147	425
8	242
2	78
2	36
0	3
2	2
0	16
0	0
2	22
9	190
25	189
0	4
8	2
0	1
0	0
7	659
0	828
16	1188
0	1265
58	1341
0	636
4	250
0	36
8	25
0	25
0	7
0	4
41	25
2	17
13	1467
0	90
2	1459
5	0
40	7
9	0
198	1508
22	1465
295	1406
22	1353
57	997
7	1
1	93
1	1147
0	56
3	60
1	26
0	3
0	2
0	8
0	1
2	2
1	521
3	472
0	508
2	723
1	624
4	17
0	531
19	443
1	5
3	34
0	2
129	78
11	78
0	0
0	0
0	0
0	6
0	3
0	5
0	5
0	0
0	6
1	13
91	669
3	533
0	10
1	454
0	0
11	0
0	0
0	0
0	2
8	2
0	40
3	40
3	1
0	1
1	0
1	2294
103	2294
258	2291
13	0
0	0
0	0
0	0
4420	39724
8	36072
2	1693
1	1389
28	5594
42	1599
126	1699
0	1596
1	92
18	118
16	2
5	108
14	197
14	0
1867	1720
0	77
0	1203
40	122
7	450
0	56
726	695
55	648
14	652
2286	469
0	464
4	37
0	5
0	1
0	1
0	1
1	4
0	4
0	640
2	622
0	640
14	20
5	20
83	129
22	100
56	100
0	0
1	304
222	321
14	16
24	32
195	85
0	84
19	697
1	1210
1	1008
1	1140
12	1043
4	108
2	76
0	6
1	0
0	216
10	216
5	216
0	0
0	0
27	930
3	1
3	78
36	373
1	86
1	0
1	690
0	18
8	10
0	9
0	4
0	0
2	444
0	712
0	395
4	668
4	44
0	401
0	2
0	53
0	578
3	6
0	347
1	72
7612	10
1272	2961
1	2846
0	3081
9	1256
0	2488
0	121
12	9
0	0
39	3
17	49
0	934
0	1344
28	323
12	927
0	1003
0	311
6	1038
10	5
0	6
0	76
3	76
0	1
4	18
2	0
1835	1593
11	759
0	1056
0	93
2	964
1	88
203	291
0	291
0	178
0	6
0	21
4	10
88	1358
4	669
0	1135
0	1332
0	118
0	180
2	138
1	0
0	0
4	428
19	830
249	894
1368	732
15	389
1	0
0	0
0	0
3226	1012
1	1
6	944
0	72
0	400
41	6
0	6
482	84
7	107
17	2
11	2
3	0
3	25
2	9112
103	1629
1	418
5	12
8	914
1	862
0	411
1	831
0	464
24	191
15	363
1	0
4	338
3	303
0	181
0	32
9	42
0	19
34	83
27	24
2	103
45	78
1	257
14	544
36	177
0	443
6	522
0	366
1	11
0	17
2	19
0	20
1	66
3	21
2	0
0	2
421	347
213	399
0	152
157	9042
0	8860
13	9147
1	9247
0	15
107	23
4	1237
9	94
0	115
0	1
18	0
0	8863
33	38
0	38
439	1647
8849	9400
11	3978
10	134
20	0
170	947
12	887
969	3368
1	2442
106	3262
12	2
1	5
6	5
37942	19153
18	2601
266	5343
454	15257
544	2104
12	2543
63	3798
5	895
2	137
0	9
0	21
32	913
0	970
0	0
8	972
1	0
20	821
4	463
0	63
33	70
0	26
9	108
0	0
11	2
3	9
9	6322
400	6723
1	2502
2	1712
10	2
7	40
6	480
29	35898
1	13481
0	786
8	67
0	27316
2	27298
0	32234
17	7564
137	27497
117	786
51	329
98	957
1091	44383
0	8222
65	37000
1	31802
59	35862
590	1248
0	2452
0	22660
0	22669
31	2349
0	34482
0	41605
22	1332
11	281
67	281
1	50
0	63
46	50
1053	227
0	133
1	2
0	12
0	94
0	0
11	39
0	15
14	183
2	2
0	41
0	10
4	176
475	0
215	2
633	2
693	476
0	47
3	38
0	26
0	2
1	334
1	332
0	163
2	121
8	109
0	95
0	55
0	47
0	41
2	7
0	3
11	222
111	222
0	28
0	2
7	985
66	1738
1	396
170	1738
126	2
0	2
20	777
1	13
3035	3524
51	23
277	3212
2	85
0	2511
825	781
80	513
0	8
14	8
2	0
37	19
0	2
8	17
7	681
20	681
0	0
0	73
2	8079
0	7517
9	114
5	1177
1	812
0	685
2	50
0	18
0	0
0	7703
0	8079
1776	204
2	200
0	0
0	85
0	38
1	0
2	528
518	1759
1	1241
0	1201
529	0
0	0
20	0
27	1976
4	2
2	10
26	163
13	1947
171	589
0	17
0	1801
5	4
1	316
0	1966
26	2096
1	2134
22	1856
0	1438
0	1636
4	0
0	280
62	0
379	2094
1	2094
0	6
9	191
24	125
2	760
0	783
0	149
23	128
4	21
3	2547
146	1567
9	203
2	2261
1	4
1	37
1	0
5	842
3	231
20	397
776	7788
154	5004
0	4575
0	1647
18	642
0	671
0	658
2	622
0	28
0	1
2	179
0	95
0	108
0	97
0	32
0	0
0	0
0	0
0	3
0	3
958	390
22	100
0	306
0	179
30	4
0	4
21	671
46	1705
6	2027
13	653
0	70
0	50
33	299
2	42
13	180
2	162
23	2
0	1842
0	0
20	0
0	9
2	5
4	193
0	349
0	5
0	0
0	0
0	344
0	0
0	0
0	0
112	563
4	563
0	0
0	0
18	0
744	211
36	1025
0	1229
0	1302
55	1135
2	0
0	17
1	17
4	0
0	3
0	2
0	0
0	2
0	2
4	39
3	39
0	11
0	0
18	113
29	2449
2	2370
84	192
5	53
10	766
1	161
0	10
0	0
0	0
0	0
0	0
0	0
0	0
0	0
1	470
10	10
0	371
2	0
0	470
474	497
102	496
176	3188
66	3188
13162	8766
7	2114
31	10
109	8207
2	7019
2	6700
43	5310
13	1449
7	5401
29	401
3	1
18	401
1	39
0	0
63	945
2	944
10	747
16	317
5	353
0	0
3	0
1	731
37	225
0	255
0	229
2	911
1	781
0	87
498	1132
67	1073
1	782
0	132
4	9
308	555
0	79
10	345
0	257
1	0
32	751
0	696
2	99
23	7
2	3661
9	460
0	13
0	4
0	0
0	0
0	84
0	0
0	84
0	84
0	0
0	84
10	12
3676	589
0	57
11	88
2	86
0	67
0	14
0	0
2	157
0	15
0	388
0	0
1	3
0	2
2	204
4	31
1390	4900
0	4520
18	884
8	434
10	1033
1	687
3	77
16	222
0	842
5	12
18	0
0	0
81	735
0	513
0	513
0	513
1	514
3	450
0	278
0	91
0	81
0	8
2382	512
1	1
0	42
1	23
0	277
0	300
2	303
4	187
1	104
10	41
0	2
56	224
1	226
0	52
2471	1382
1	1371
8	88
0	90
2	25
1	9
0	449
9	450
46	271
0	31
1	1
1	440
0	34
2	34
3	3
0	1
43	232
10	232
0	1
0	0
348	1597
83	420
1	517
27	973
52	0
172	5
0	0
0	0
0	0
0	0
0	0
0	0
0	0
17	47
0	38
0	8
0	27
0	4
1	622
0	2
3	1669
6	277
72	188
15	1364
29	347
0	1550
7	0
0	0
0	153
0	66
5	75
55	151
0	4
1	20
0	24
0	0
35	255
17	252
0	0
0	3
4183	3036
25	3032
39	1171
27	26
41	1008
3	577
0	304
12	236
53	794
0	53
5	122
10	4
1139	332
10	201
6	208
1	8
24	9
7	25
6	0
568	68
0	13
0	12
0	51
8	15
0	3
0	69
0	69
4	34
0	1
3	0
0	13
0	64
1080	51
3	51
354	693
1	521
1	514
1	53
0	0
1	173
15	9
0	0
0	0
0	0
0	0
0	0
0	0
0	0
0	0
0	0
0	0
286	0
1	0
6	0
3	340
0	454
0	384
0	173
0	264
0	279
1	385
0	8
0	10
1	17
0	7
0	7
0	0
0	4
0	3
0	0
0	0
0	0
0	0
0	0
0	0
8	402
50	366
0	175
0	107
2	15
0	0
0	0
0	404
1	207
12	305
0	190
53	382
1	21
12	269
0	69
0	49
0	122
0	201
0	50
1	7
0	109
9	163
225	1
29	224
657	224
0	0
0	0
0	0
0	0
0	0
12	0
1136	1
0	0
0	0
29	692
0	509
31	693
15	656
60	1
3	732
0	823
7	1891
81	1608
48	594
2	0
0	1
0	1
0	0
3	1
0	0
0	0
0	0
152	2464
0	2559
0	370
14	661
0	2346
0	434
0	2140
0	0
26	102
0	2378
5	0
0	0
0	4966
89	3133
191	5199
682	4906
0	3330
1407	9
0	8
0	0
0	77
0	77
0	1
0	5
0	7
22	474
18	475
6	513
0	5
0	10
0	16
0	503
0	0
9	95
0	1
0	1
0	95
10	1
0	1
2	466
0	138
0	427
0	421
3	195
4	140
0	0
4	0
25	44
0	44
3	14
0	9
1	9
0	15
0	0
0	0
146	1135
29	1205
0	89
0	207
3	0
8	14
21	14
5	1
3	6
0	11
0	8098
83	8086
2	721
1	1475
0	1444
1	73
646	2222
0	2251
0	2080
42	2907
0	3051
0	3146
60	1122
0	995
5	1202
1	1174
5	0
0	0
5	0
0	0
0	3
0	1
0	0
1	3
0	0
6	2262
0	48
1	24
0	7
11	35
0	34
0	21
0	10
0	64
50	1675
0	0
0	76
0	1722
190	486
34	486
0	1653
1	0
181	1824
4	702
267	525
22	525
55	525
94	670
1	670
4	518
0	658
24	83
0	57
1	228
1	41
2	59
0	773
2	624
21	3444
1	185
7	248
262	3323
0	0
1	121
378	337
0	286
0	0
0	0
0	0
168	7734
0	760
43	36
18	854
0	6903
1	5584
2	1122
0	613
6	3918
11	193
12	499
0	887
3	2369
0	378
0	3
2	1307
13	140
0	67
7	67
0	5
8	5
10	7
0	7
0	3
5	2440
2	67
26	832
59	102
11	272
61	2372
3	65
1	155
1	15
5	0
7	9
3	27
47	393
3	179
207	32
2	61
2	84
0	1
32	192
33	2
0	0
0	0
0	0
40	615
3	73
2	542
0	506
0	506
1	412
0	45
1933	604
4	153
11	417
0	410
1	186
678	775
1	346
4	775
62	804
29	804
0	156
42	7191
0	3970
0	454
0	4940
0	7471
0	230
1	3931
1	4732
0	4896
3	1463
3	1880
0	4494
0	1397
280	2999
0	455
1	437
0	1275
1	44
0	1094
258	1569
13	795
85	1572
0	1198
32	771
0	0
0	0
0	0
0	899
1	0
0	0
0	0
0	0
0	0
2694	400
0	399
1	1
0	78
5	675
12	622
22	22
1	8
0	16
0	3
2	2
0	0
0	0
0	0
136	0
854	782
4	713
0	97
5	74
0	249
0	1
151	6310
111	5743
22	3721
6	2535
0	110
438	2
13	2
10	1380
188	1864
184	2237
0	1455
3	799
1	780
1	72
2	0
191	123
5	123
0	1
0	0
0	0
1	136
0	106
0	0
4	136
0	0
0	126
0	136
0	8
0	42
0	0
0	11
2866	3547
127	3285
456	1820
0	294
32	2513
0	265
2	122
0	123
58	1215
11	1134
4	40
517	629
0	628
39	3
2912	2502
1	2860
418	160
0	82
0	126
0	444
0	347
0	444
2	446
59	539
0	14
0	62
1	13
10	175
312	451
0	30
7	221
0	80
9	47
47	1134
54	2963
8	14
353	2964
2	1273
87	19
578	1162
8	0
12	459
5	1373
7	1043
81	1241
10	117
51	1116
11	67
0	0
0	10
384	44
1	43
205	4444
3	4014
1	415
1	180
0	595
0	296
1	419
0	2598
0	1207
2	152
589	971
3	305
45	358
3	460
7	7
0	82
33	169
0	180
0	69
0	77
0	41
1	67
0	8
0	96
29	0
0	39
0	0
1	1
0	1
127	0
0	0
0	0
0	429
149	2391
0	1729
0	1834
35	1152
0	1544
16	308
31	640
0	127
5	483
53	504
0	7
4	27
0	0
0	22
1283	0
0	25
5	25
362	1512
341	1511
2	241
451	1031
0	663
0	279
0	104
4	93
5	240
0	64
8	485
10	10
0	0
1	196
5	9
2	44
7	184
0	117
0	118
5	48
30	743
8	738
20	753
37	259
1416	101
10	100
1	0
0	0
413	3672
0	2474
9	858
169	774
2	1045
1	2241
31	2019
96	2161
0	2173
36	1871
1	45
0	164
1	338
2	136
0	36
5	5
0	272
2	0
0	0
0	0
0	0
0	0
5	58
1	44
0	8
0	28
0	35
0	42
0	7
1	10
0	0
0	0
0	0
0	0
0	0
705	1056
12	146
14	791
12	149
2	212
0	740
2	244
1	211
0	134
1	25
3	0
1	0
9	8
0	0
0	0
0	0
0	0
17	75
2	75
0	0
0	0
0	0
0	0
0	0
0	0
0	0
0	0
0	0
1	0
0	0
27	408
0	22
0	271
0	60
0	407
0	271
0	364
9	975
20	976
3	964
0	976
0	820
0	1115
1	602
1	9
16	558
4	91
0	233
4	167
5	69
25	151
0	102
3	58
127	3
61	116
7	47
20	0
1	24
0	23
0	5
0	5
0	0
0	1
6	42
36	37
15	29
2	38
1	1
0	0
5	14
0	8
0	0
0	0
0	0
1138	2143
90	2143
2	39
0	1008
0	602
0	367
0	12
0	12
0	8
0	5
9	169
7	140
0	162
0	166
1	5440
1	222
64	809
0	809
18	4039
12	2
0	4584
6	167
0	0
41	5338
0	4
0	1
0	1
1	0
0	0
3	1943
6293	704
2	307
14	391
92	2635
7	2186
35	83
0	81
0	80
0	83
0	2515
3	141
0	497
15	356
2	55
0	146
4	180
2474	270
10	1
0	100
70	158
0	57
0	145
0	21
0	14
21	694
0	1
0	0
0	1
2	650
3	572
4	17
0	0
0	2
0	4
0	1
0	20
2	90
3	467
1	2
0	0
0	0
0	47
7	0
4	110
8	394
0	1
0	73
27	73
1	345
5	372
0	15
0	136
42	224
29	74
14	50
0	108
0	102
0	6
0	14
14	15
7	10
0	235
0	10
0	0
0	0
0	8
0	3
0	0
0	2
0	2
0	0
0	0
0	0
187	0
0	0
1	1115
12	1239
85	1210
2	134
3	68
0	93
0	0
0	0
31	46
0	18
0	34
0	23
0	3
0	1
0	14
1	1
0	6
0	0
0	0
0	0
0	0
3	860
0	441
50	599
1	568
1	743
2	221
1	1
17	84
1	5
0	4
10	1
0	5
0	1
6	1
0	755
0	6
0	16
0	12
0	14
0	3
0	8
0	0
0	0
0	2
0	4
0	0
0	1
0	1
0	0
0	176
132	283
4	18
2	32
0	265
1785	507
150	7
1	146
0	74
0	117
0	301
7	278
0	59
0	274
23	241
6	585
10	627
278	568
0	52
0	97
0	97
0	37
0	37
0	0
0	0
130	0
2	0
23	249
0	128
0	226
1	27
545	286
0	243
42	1
1	87
0	65
10	39
0	45
102	871
0	92
0	871
387	265
3	0
54	518
0	1
0	1
12	670
5	0
12	179
6	1757
3	139
9	46
8	1847
0	0
3	38
52	118
50	112
28	112
0	12
1	112
0	4
0	4
0	4
0	4
0	4
0	0
0	0
0	0
0	0
0	0
6538	5762
33	5004
42	2135
125	750
0	0
111	9
0	243
1	99
0	273
20	72
19	250
0	11
0	8
0	11
0	38
0	53
0	105
2	29
0	1
33	103
0	2
0	16
0	282
140	77
41	17
0	66
0	17
0	45
102	6014
3	0
4	9
0	6006
0	598
0	217
0	270
7	502
0	236
7	568
0	28
0	18
1	0
10	106
7	8
0	129
2	120
0	89
0	50
6	400
52	1
0	0
16	2577
75	2577
261	29
0	29
251	2936
15	2853
9	556
2	215
0	189
0	458
0	370
4	119
0	393
0	0
0	1043
992	1118
5	25
3	232
0	778
5	68
0	0
0	35
0	22
10	38
0	45
2	9
13	6
0	5
0	2
0	1
0	0
0	0
0	0
179	1921
16	1753
151	2417
3	11
19	45
45	555
2	41
5	0
17	17
2	17
1	13
1136	0
0	0
1859	1455
0	787
0	0
2	1161
0	584
0	0
1	0
1	13
0	1
0	10
1	3
137	191
1	182
8	58
0	5
8	4
4	50
0	15
0	1
0	5
0	1
0	15
0	188
0	119
0	24
0	0
26	119
0	12
6	14
0	188
1	758
90	758
0	54
863	3408
1	3408
21	1241
12	724
2	103
15	15
328	1497
31	1497
6	242
8	268
3	13
0	69
0	58
347	0
0	0
0	0
0	0
0	1415
0	1379
0	756
1	722
1	800
0	821
6	894
0	123
3	27
0	493
0	572
0	104
0	236
51	20
0	14
1	23
3	14
10	48
10	182
6	20
1	13
10	87
0	0
171	3
2	0
0	0
2972	269
1	2
1	260
0	11
0	11
0	11
43	312
962	560
14	380
0	184
0	0
0	0
0	0
0	0
0	0
0	0
0	0
0	0
22	43
0	377
0	150
0	151
2	178
34	379
0	177
2	36
8	390
0	64
0	48
0	101
15	72
10	0
0	0
7	4259
228	4259
16	3277
13	2663
215	12
34	46
0	0
0	0
0	0
0	0
1	0
11	0
0	17
1219	152
7	52
2	22
0	0
3	71
16	14
4728	1786
3	1783
8	1764
2	11
0	39
16142	1767
165	6
8	901
31	909
13	627
3	842
42	1
2	1
0	0
0	0
0	0
0	0
7	64
13	426
0	381
0	0
0	69
7	348
0	344
1	295
0	0
6	36
2795	1
0	0
0	0
519	79
0	22
26	57
2232	385
0	47
165	173
336	64
0	0
0	24
1178	1949
7	2048
1	1681
1	1598
0	1813
1	434
0	1825
0	341
7	1198
8	96
0	222
170	195
3	82
0	92
2	105
3	179
3	208
0	120
1	32
0	1
0	1748
17	0
6	40
0	14
0	14
2	14
1	22
0	0
23	506
0	562
9	513
1	522
8	46
0	24
0	0
2	21
0	21
0	0
1	15
20	2195
81	2195
63	2055
0	0
0	0
0	1
0	1
0	0
7	11
0	11
0	0
0	0
0	3
0	2
0	3
40	131
60	411
82	624
2	654
3	33
8	34
41	10
18	12
87	0
0	1
0	4
1	4
0	5
6	6
0	6
1399	25
1	25
273	4
0	4
975	0
0	0
3	1
0	1
11	400
0	454
8	363
1	63
0	4
1	66
220	751
0	445
11	418
61	719
0	44
0	7
14	354
0	0
0	0
0	0
0	0
0	0
0	0
0	1
0	1
1	0
0	0
0	0
0	830
0	1024
22	973
3	392
0	32
2	1042
2612	1375
31	1375
501	45
0	45
0	148
31	148
0	1
0	0
4693	844
0	14
0	0
0	0
0	0
0	0
5	807
656	809
86	809
0	69
970	8
0	2
53	299
342	122
2	103
1	15
0	28
3	404
30	430
0	114
2	107
11	28
3	14
0	2
0	70
0	41
0	53
0	52
37	1
16	1
1	2
0	2
8	0
1105	2197
0	2159
0	368
0	38
18	189
12	236
14	1097
0	12
0	0
0	0
0	0
506	472
5	254
0	219
272	63
1	63
56	3089
0	2405
29	1075
3	124
1	56
111	0
0	786
108	795
6	27
0	95
12	2
1	461
7	52
0	2574
0	2641
0	0
5	0
6	0
607	365
4	358
0	227
10	54
35	60
2	52
684	592
0	0
0	0
0	0
85	88
149	181
3	28
8	101
21	147
0	1
321	122
2	52
0	74
127	2074
42	2074
5	757
0	76
407	129
11	129
0	1
0	0
0	1
0	1
0	1
0	0
0	1
13	3
0	0
0	3
13	18
0	4
1	2
1	0
17	2
0	0
0	0
0	0
0	0
0	0
83	2956
12	1225
8	478
0	8
6	1
0	2956
17	1
0	1
0	0
0	0
2997	205
0	201
0	68
221	1051
14	1051
0	0
4	2
1	0
0	16
75	1708
6	10
1423	1698
6	425
3682	197
110	195
1	0
1	0
0	0
0	0
442	2167
3	2326
0	606
26	1769
33	1239
17	1641
0	56
6	9
109	3952
7	3799
0	4122
1	4222
0	4333
99	716
1	5
17	203
7	34
0	2802
7	65
10	282
2	202
7	456
3	456
209	113
0	5556
77	4290
716	4144
2	15
0	319
1	1
0	10
3	10
1	0
0	3
0	0
0	0
0	0
2	0
1	807
1054	86
0	83
0	75
3047	715
1	123
1	64
46	1
0	0
0	0
2262	1312
0	1310
10	157
0	0
326	189
55	189
0	0
0	0
0	0
8	84
20	172
0	155
5	0
0	0
13	295
194	295
18	93
1	1
1332	34
1	34
5	0
2	1
0	17
2	18
0	19
0	0
0	18
1	0
0	16
57	35
23	0
374	1001
1	405
1	708
3	171
3	667
6	71
0	2
1	14
0	95
0	92
10	59
0	89
0	1
0	3
0	2
0	0
0	0
0	0
0	0
9	0
0	258
320	6184
18	3311
20	160
4	4650
2	2041
0	489
761	1475
19	517
8	450
0	888
1	0
1484	506
0	14
0	133
0	20
4	58
0	67
0	94
0	102
7	100
0	11
0	0
299	3205
0	11
0	57
7	382
4	3210
543	9173
8	9173
21	30
1	278
0	3085
372	3896
48	2737
0	58
40	86
14	21
125	118
0	0
163	1443
50	1426
36	838
308	951
6	734
20	93
0	130
5	56
17	27
2	1
0	40
135	2665
0	191
67	2667
1361	1161
42	536
7	567
9247	369
5	361
12	422
9	434
2	26
0	0
0	0
1	13
11	10
0	5
5829	4
1807	0
4092	0
4	427
21	463
110	424
1	484
0	440
51	22
0	0
389	0
290	655
1	4
27	650
7	0
0	4
17	142
2	104
9	26
2380	477
0	313
0	351
15	32
1	348
17	259
2	215
1	21
0	29
0	1
37	2672
75	4288
112	2460
55	109
3	2025
0	0
0	0
0	0
0	0
0	0
0	0
0	0
2650	2011
28	2008
54	216
2	0
0	0
0	0
0	48
0	10
0	512
0	26
0	37
1	43
0	53
0	4
0	208
0	524
6	0
1893	1
0	0
0	0
0	0
0	0
1	0
801	315
15	311
11	3
0	195
4	17
22	174
18	190
8	41
51	64
0	187
0	0
24	2693
0	36
0	0
5	1665
121	735
6	1667
0	1235
2	2805
0	2809
20	2770
0	2822
6	1465
13414	2624
1	1447
138	1446
49	1534
14	1
0	1
0	1
0	243
0	243
46	243
0	26
129	941
1	857
1	85
1	68
0	0
0	0
912	396
13	169
189	1749
0	1004
14	371
4	296
6	15
0	189
3	54
1345	228
0	93
0	132
14	0
1474	344
5	30
3	82
3	229
0	119
31	427
20	70
1	448
60	471
4	66
0	26
0	340
0	0
0	65
0	0
17	417
0	308
0	287
3	99
0	5
0	18
0	156
4	1
0	409
394	1346
4	1220
4	101
3	129
2	92
428	1903
3	601
6	944
13	678
28	284
20	1352
22	1352
0	40
0	0
0	50
4	125
0	814
6	1
2590	929
4	507
1	423
30	254
1061	690
0	225
24	2
28	485
0	20
16	175
0	7
0	74
0	69
11	102
0	242
21	244
5	254
7	18
40	932
188	932
0	25
0	0
712	366
0	189
7	363
15	0
0	830
2	1182
110	1227
0	768
2	943
0	536
0	334
0	4
0	31
1	0
0	0
0	0
0	0
0	251
7	296
1	75
5	341
1	12
0	75
0	241
25	196
2	24
23	7
0	185
16	32
0	35
0	31
3	87
1	52
34	9801
0	9005
0	8890
63	8839
0	12452
2	7830
63	10333
0	4550
0	5550
0	2350
3	781
17	1391
0	2382
1	1974
1	1438
1	770
21	939
0	816
2	499
3	723
0	9446
98	299
37	347
1	122
3	127
2761	5
1309	4
5	562
90	2864
0	191
32	2280
5	1844
0	2409
0	1516
0	141
50	1367
6	110
3	27
29	105
5	0
61	36
0	36
0	0
0	0
0	0
14	2563
217	3517
0	0
15	857
17	854
14	20
114	0
116	6023
15	4725
1	1311
9	5665
1105	1600
34	1
21	465
0	4725
2	518
1689	520
94	196
61	74
5	71
0	1
0	3
0	0
565	164
1	165
0	122
3	30
10	19
0	0
0	4
0	19
815	702
1	701
0	160
0	54
30	0
17	569
1	473
0	236
4	0
5	189
0	5
2	55
15	27
0	0
0	0
0	0
0	0
0	0
5	2
192	266
0	12
2	38
0	242
3	25
3	13
0	11
3	141
0	904
2	421
2	84
0	925
0	663
18	390
0	0
159	244
0	133
0	111
2763	2
1704	0
1	113
3	3
178	126
2	113
0	113
0	103
0	76
1	53
7	2028
0	1313
0	1792
10	375
2	524
0	925
0	1219
0	184
0	175
0	435
2	106
0	99
2	51
3	59
1	38
72	4
163	0
6	1238
21	470
20	1524
2	2084
84	2859
5	0
0	0
0	0
0	0
0	6
0	11
0	6
0	8
0	25
0	12
0	0
0	16
2062	102
43	100
699	564
10	0
20	3
2	31
1	0
506	365
2	454
0	600
0	248
103	284
0	3
0	0
2	36
0	26
0	40
4	0
0	0
0	2
0	37
0	0
0	0
0	0
0	0
0	0
47	14
3	14
322	3265
2691	3302
168	35
19	3
16	1517
6	1576
3	64
7	196
0	16
1	139
0	16
2	0
0	0
0	0
49	7484
92	6905
0	7511
2	2417
1	3076
1	826
5	593
0	23
0	13
1857	693
5	152
27	478
886	1413
91	1370
2	40
0	82
3	186
0	8
13923	670
23	664
69	2970
1	274
1	446
15	2918
39	1448
41	240
10	206
0	126
13	67
52	0
7	187
63	187
0	0
5271	211
21	106
16	96
46	26
0	161
0	159
0	2
0	7
0	17
0	139
0	3
0	187
0	9
0	2
0	114
1	2
1	114
9	4
0	0
0	0
0	0
0	0
0	0
180	2102
4	0
473	2769
1	674
9	1737
4	1086
9	6
72	49
5	0
0	2020
6	11
23	130
10	171
20	240
9	529
3	0
23	2007
0	5560
90	5553
38	971
0	5056
0	5560
637	380
0	206
11	353
0	2
6	8
13	15
0	0
0	0
0	0
0	0
1193	1223
0	1223
0	45
9	67
31	16748
4	1438
6	1358
2	1271
0	2052
40	1997
22	82
4	47
98	16293
0	305
3	296
1	11
10	164
0	0
3	91
1	72
0	2
49	29
0	12
1245	2478
0	12
24	1915
3	4
10	48
0	562
0	0
178	130
0	124
0	10
3	0
18	62
2	47
0	1
0	0
1	5
0	44
2	44
3	23
0	676
9	1796
10	4
2	20
34	1866
19	114
16	578
5	713
60	608
48	2
1434	204
0	169
0	2
0	33
16	43
0	21
14	43
114	0
0	0
0	205
0	207
2	184
19	1069
1	840
0	904
0	414
0	449
0	491
0	95
0	55
8	79
3	41
1	9
0	3
234	356
8	194
0	54
0	182
43	126
0	73
86	146
123	1474
27	714
4	0
56	838
1	41
0	62
4	1312
24	1081
2	0
1735	257
0	255
0	42
379	600
0	563
3	87
0	46
12	133
0	76
2	19
3	7
0	0
0	0
693	1
5	1
0	1
0	1
0	0
0	0
6	86
54	348
48	283
1	9
0	219
62	1
0	0
508	643
17	479
12	164
674	83
1	2
0	79
0	1
4	0
0	0
0	0
0	1
0	1
0	1
0	0
9554	3329
14	1743
10	1581
0	38
0	43
2	28
2	58
0	0
0	17
0	19
0	14
3	972
166	972
0	102
16	153
0	5
4	185
0	3
6	57
0	187
0	267
2	161
0	146
0	6
1	9
0	16
0	207
11	899
16	870
3	743
0	28
0	0
0	46
13	22
1196	1645
3	777
0	1275
2	803
72	1391
0	612
0	869
86	472
10	21
308	21
374	1061
8	41
47	1061
0	0
57	10
1	1
0	6
0	4
2	377
1	11
12	9
0	377
135	398
19	54
0	36
3	159
57	393
4	370
2	167
6	313
2	144
0	1
23	2
1	1
0	386
1	10153
489	10034
1724	10970
14	10846
594	67
6	27
4	40
0	162
0	157
0	157
0	143
4	117
600	1
1	2
0	9
9	9
18	172
295	867
4	550
0	703
361	792
20	791
3	15
1	137
0	4670
8	4371
129	4655
12	1463
6	142
0	406
7	0
16	733
0	226
0	549
5	7
718	204
1	52
0	162
0	0
4	54
4	6
0	5
0	2
0	2
0	1
0	0
0	0
2870	540
0	0
0	538
0	28
0	4
0	4
0	0
0	1
0	3
6	749
35	172
3	172
0	723
1	556
40	550
5	599
0	599
0	519
24	304
0	22
23	296
0	0
0	61
0	57
0	27
2	23
0	13
0	0
0	0
264	169
0	169
0	0
0	0
370	5304
1	5132
15	5140
2	4276
15	99
4	275
0	862
1716	1190
96	1190
45	431
1	428
0	95
2	65
0	54
1	44
1	17
0	11
1	0
10	87
89	141
5	155
0	103
0	0
2078	459
0	457
40	100
6	100
1601	396
0	1
0	25
0	13
0	6
5	14
0	0
0	0
0	4
0	7
121	3173
0	2620
2	199
14	302
4	0
6	1062
2	91
15	139
7	139
0	0
0	0
0	0
0	0
1194	188
51	10
6	177
7	4060
66	3609
2	1472
2	104
2	53
1	57
5	8
4	12
0	4060
314	0
0	0
3	12
0	0
1	12
0	0
21	137
0	2716
0	2718
571	0
203	712
12	686
0	701
27	718
1	0
0	0
37	24
0	24
244	1412
10	37
1	935
0	357
6	216
701	334
0	100
4	223
4	155
0	0
0	0
0	2
6455	1556
12	223
11	2
1	1326
112	386
25	7
373	1376
11	915
9	94
0	119
0	744
0	0
0	0
0	0
0	0
0	333
12	288
0	313
1	5
1	202
1	19
0	13
0	28
399	148
12	13
3	135
0	135
97	1504
16	1123
0	301
69	1602
5	1163
5	95
6	3
8	735
25	703
0	531
7	8
22	8
0	6
148	2283
0	866
0	853
0	1458
0	193
8	791
0	3898
0	3726
0	3707
84	3727
4	3477
5	3669
0	3274
18	2964
17	136
17	102
0	97
4	311
0	3879
4	1330
1	900
40	367
1	1330
0	1324
5	0
0	0
1816	790
0	226
3	45
0	34
13	419
17	415
1	321
7	1146
4	1072
0	192
2	676
32	556
13	28
17	89
0	739
2	78
23	23
367	0
0	0
67	3494
404	3495
5	97
61	37
4	2
2	17
8	17
283	41
0	41
0	2
0	14
0	0
0	0
4	17
0	17
0	5
165	84
0	1
23	84
0	17
1	10
4	5
43	0
0	0
1	7
24	7
147	16144
731	16143
51	11274
0	1026
1	954
3	960
0	1127
0	179
4	14
1	168
0	183
3	190
19	12
0	6
0	0
0	0
0	0
2	2680
0	2889
6	1901
46	1974
1	45
25	282
0	149
0	137
0	124
0	143
182	581
5	23
2	0
5	296
1	471
6	244
3	1
0	0
0	0
0	0
0	0
0	0
0	0
0	0
3	106
3	101
0	133
1	0
0	0
0	0
0	4590
19	5108
36	836
0	375
3	2397
3	1913
0	143
7	66
5	137
0	253
0	1179
0	717
14	1036
2	1073
0	1052
0	174
0	0
0	7
5	45
0	6
0	28
173	1607
289	1391
0	466
96	1598
3258	176
2	176
0	0
11	101
0	1
0	0
1	1
0	100
0	0
0	100
0	0
4	1382
5	198
3	564
10	785
12	1378
0	57
0	444
0	343
0	207
4	3
0	242
10	1506
10	530
55	489
0	38
983	1879
1	324
0	1879
26	60
7	0
0	219
1	188
0	136
27	47
2	173
0	0
0	0
0	0
2	0
151	2076
0	1409
0	644
32	613
3	493
52	325
7	306
1	2
13	21
189	70
9	50
1	18
238	63
8	15
0	6
0	104
1	97
0	97
4	1
729	1
0	1
2	1
0	1269
0	1287
0	1157
0	1206
4	276
35	891
0	1172
0	1172
0	23
7	36
0	52
19	1
2	98
0	249
2	66
12	1
5	37
12	49
0	39
23	268
2	281
5919	2844
9	2607
9	196
14	77
0	5
0	5
4	77
0	0
0	1
0	0
4	10
0	0
0	0
162	0
99	252
0	233
2	251
0	133
0	0
2	0
0	62
47	677
6	665
15	677
0	12
511	0
19	159
93	320
27	153
11	109
0	0
0	1
0	1
0	1
0	0
0	1592
0	1791
0	1427
0	1255
4	221
120	1102
148	0
67	956
65	61
3	0
151	286
4	73
11	9
1	237
3	134
0	1833
0	1851
0	842
0	187
5	837
17	172
0	15
0	929
1	1
37	41
0	3
1	56
8	26
1	21
0	11
0	19
3	11
1038	1230
0	0
5	1230
14	1
0	0
58	928
140	928
239	54
0	2
0	0
0	52
0	0
50	58
3	25
1567	102
7	0
0	18
705	0
351	0
0	0
5	35
64	25
2	35
1228	2
431	145
0	145
232	34
3	33
562	964
1067	353
15	84
0	139
0	25
0	100
14	106
4	18
0	0
0	14
44	780
6	793
1	1
0	13
1	65
0	11
38	2148
7	203
0	454
8	895
1	1134
0	668
43	149
6	286
0	0
2086	172
0	44
0	82
0	81
0	10
0	0
0	472
0	358
0	299
0	8
1	6
5	455
605	326
1	88
0	4
34	241
0	36
5728	41
71	1745
91	1745
0	1466
0	1687
0	103
1	0
21	130
0	0
0	0
232	659
5	0
7	466
0	1
3	598
0	7
0	27
8	2
143	2287
20	1928
1	1023
4	141
2	11
74	37
0	23
0	0
0	14
8	3
0	3
37	334
0	327
0	295
0	0
0	9
21	23
676	461
16	586
8	193
9	223
0	4
0	4
0	0
0	0
10	0
24	32
2	13
0	26
0	33
2036	1585
14	1341
0	791
2	98
11	204
2	198
0	91
14	9
2	9
7	922
438	996
6	175
1	35
103	133
7	133
17	69
1	69
0	69
2	69
0	68
0	0
487	2378
1610	2418
8	1674
0	1679
2	1675
0	1705
0	1676
1	1673
0	1599
0	9933
5	12
36	93
0	6830
7	20
2	1404
0	75
0	55
0	9673
7	2
0	2
9	11
0	0
4	715
7	688
0	23
2	58
4	22
0	62
0	61
0	0
0	175
8	692
0	303
6	6
14	0
2	7
0	178
0	7
0	48
0	453
0	652
7	0
0	0
0	0
2	52
69	518
1	473
0	661
1132	662
794	294
0	248
0	6
27	259
0	25
0	0
2	0
2	0
0	0
0	0
0	0
0	0
0	0
0	1
0	1
2918	0
54	354
44	717
4	1831
0	17
1	712
2	4
16	1462
2	39
1	499
14	1529
2	106
22	1030
2	217
0	175
8	356
0	1023
1	1
0	0
0	0
0	0
0	0
279	30
1	6
1	24
0	0
106	1875
1	1875
3	1834
0	40
0	158
0	126
0	75
1	46
0	1875
14613	1348
25	1346
0	0
1	0
2	0
0	0
0	0
0	0
0	0
0	0
0	0
0	0
0	0
0	2
0	2
0	2
2	3
8	26
0	26
0	0
6	297
0	465
0	2725
0	2651
31	2578
0	214
0	195
399	11102
1	7003
9	2589
12	86
14	4719
2	6998
17	1116
0	1520
682	126
5	126
0	0
22	70
0	6
0	8
1	1
3400	595
18	594
0	93
91	358
1016	1872
1	1350
0	12
9	39
11	229
2	19
0	0
0	0
0	0
0	0
0	0
19	7404
80	6353
179	2947
7	411
207	1047
16	217
388	1657
2	1
0	1881
144	2
7	37
0	566
0	494
0	7622
4	570
0	89
15	1588
0	60
0	9
1	550
5	947
17	0
5	124
0	1577
582	0
2	24
117	219
0	0
0	0
3	4
3	2
2	195
681	1681
6	1574
0	217
14	75
0	71
0	31
3	308
6	275
0	282
0	293
0	5
0	26
0	0
0	0
0	0
0	16
0	0
4	227
24	113
0	255
1	301
5	3
93	4179
8	2152
16	4152
0	4464
2	2565
3	2267
0	605
60	876
4	691
0	408
1	161
15	5
0	3
4	183
1519	5
2	1
0	1
0	0
0	0
0	1
0	0
0	1
0	0
1	0
0	0
0	0
0	0
1	11
0	11
1	43
9	47
0	0
4506	3
946	2524
0	56
38	2338
0	2595
0	0
6	95
0	0
3	1233
0	0
0	0
0	0
0	0
0	0
0	0
0	0
0	0
0	0
0	0
0	0
0	1161
0	688
82	1147
0	46
0	709
1	40
0	127
28	110
0	0
0	0
1	0
0	6
1	0
307	13782
0	7314
58	24431
634	18982
114	1780
0	10
221	0
12	118
0	188
0	319
28	3453
392	5205
44	5113
110	33
23	146
34	1230
0	1574
87	1608
0	1324
35	63
1	367
0	1
0	9
0	0
2	161
5	14
1	25
2	63
0	13
2	876
6	117
5	802
4	797
9	0
0	2
0	29
0	876
7	8
1	350
1	1315
0	926
2	1001
0	793
0	1220
0	1211
10	146
2	47
33	96
56	89
0	13
639	27
0	0
0	14
0	0
0	50
1	62
11	157
0	48
0	0
0	0
0	22
0	181
0	66
0	18
0	7
0	0
0	0
0	0
0	0
6	65
12	66
1226	492
1	0
15	426
4786	4
7	25
0	25
81	354
39	354
0	269
2	0
0	0
0	0
1	0
6	493
2	438
0	429
9	117
2	2
0	337
0	20
0	85
5	110
1	17
3	178
126	1845
420	1997
5	1579
5	153
2	186
0	31
1	16
41	3
0	3
0	1252
7	60
0	54
1	32
0	389
1	10
3	758
0	324
0	756
7	251
0	84
0	89
0	331
1	1671
1	0
6016	10494
59	6648
0	9007
45	1267
52	1128
105	818
2716	1278
259	720
0	1052
1	281
0	0
878	279
20	188
2	190
0	24
12	180
0	182
0	185
21	157
4	107
81	298
0	278
1	160
51	13
9	1304
1047	1323
3	959
0	977
0	164
0	791
0	1338
0	705
0	654
0	1022
13	744
0	99
1	671
0	827
20	0
62	27
0	981
1	35
0	57
26	3
0	203
0	249
0	81
353	760
0	287
0	160
0	22
0	253
2	163
5	250
1	92
170	501
0	501
2	78
5	2
15	8
3	1
1	0
0	303
2087	369
21	265
5	237
0	166
0	0
0	3
0	0
0	0
0	0
0	0
0	0
209	143
5	143
83	416
17	416
0	36
409	845
40	1921
0	1670
0	74
4	39
18	3
1391	231
1	231
0	104
0	0
47	0
3	0
0	0
0	0
0	0
0	0
6	0
8	4
0	1
0	1
2	0
0	3
0	0
3	4
21	6
0	4
195	680
3	640
6	104
0	27
16131	37625
21	7918
4	8191
6	21618
31	6337
5	20445
4	17201
23	15660
408	1638
4	1484
5	154
0	508
2	930
811	1396
3	1352
0	1105
0	228
130	1192
311	78
0	2
1	2
1	2
153	4568
76	1622
0	4483
23	33
301	3321
55	6
0	1236
18	2452
1380	1497
0	0
442	1492
13	564
12	1654
586	1506
3	29
27	1287
2	239
2	1298
1	290
0	184
0	1214
0	87
1	87
5	20
18	67
0	23
29	986
0	895
5	200
16	291
11	277
6	238
3	197
0	202
0	36
0	38
8	1
0	2510
0	2466
1	2029
0	3507
2	3658
0	73
14	2594
1	177
82	2799
0	3814
1	3503
0	3695
0	2309
3	78
14	2508
3	4
0	49
0	7
0	12
0	28
0	57
1	581
0	83
7	15
1	37
5	409
1	66
2	26
0	0
0	553
0	46
1	561
0	12
0	2
2	107
0	536
6	12
0	219
0	109
0	2
6	28
0	576
0	438
643	114
3	114
3371	803
56	269
60	722
0	0
0	0
0	0
0	0
0	0
0	0
612	1
2	0
0	0
0	0
43	1579
14	1488
1	1434
0	1384
408	1492
0	1308
10	1307
27	136
10	1113
22	89
42	1232
24	0
0	0
18	32
0	155
13	8
2	19
2	28
3	95
0	33
1	2
9	2
1	0
0	1243
0	1042
0	908
12	963
3	839
1	500
1	627
3	67
13	697
0	16
1	150
8	114
3	344
4	275
1	361
0	114
1	218
665	823
207	766
1	25
23	508
0	234
619	191
0	3
23	188
16	8923
45	2527
2	135
126	1295
0	98
26	84
224	8883
0	0
0	0
0	0
0	692
1058	1079
0	158
1	557
1	7
5	93
3	35
2	62
25	241
4102	1122
25	0
201	166
0	1204
1	9
90	2
0	2
4222	2518
4	2518
3	3
0	3
183	6947
0	8118
76	744
7	7001
89	142
231	2157
29	1629
6	677
2	53
0	54
0	211
12	8
4	57
0	212
165	4
0	0
1	0
1	4
1033	0
296	1
4	136
2	114
4	88
2	32
0	13
1	9
1	21
39	5
3	6
0	0
43	8291
596	8443
41	471
8	0
40	1233
2	171
1110	864
6	246
0	198
59	359
8	2
0	28
18	193
0	14
2	4
0	1
1	51
1	1
143	766
87	803
0	67
20	56
0	108
5708	2182
628	2180
87	1083
0	375
2437	1416
0	1342
0	462
4	472
0	508
30	200
0	0
1	52
0	24
0	61
0	33
1281	217
13	216
4	111
0	1
0	1
1	68
0	142
36	157
0	96
1	100
3	105
5	117
7	4
2	5
0	7
1	24
13	0
0	0
1	319
87	2702
0	75
15	611
59	55
88	808
0	2624
0	2715
1335	0
104	108
10	108
13	67
81	4145
7	3830
510	3904
2	2885
0	2772
15	203
25	2
5	397
20	258
365	125
1	8
0	6
0	115
2	0
31	70
61	70
0	0
19810	13285
197	13302
12	13215
29	696
3	4225
0	1895
0	40
0	38
0	3
0	6
1	5
0	8
0	1
0	1
0	0
54	662
35	1113
0	1111
0	25
7	14
0	14
0	11
0	1111
165	8
0	8
0	5
0	0
0	36
0	36
0	17
0	0
0	17
7	169
0	199
8	88
1	16
0	0
0	97
37	0
0	0
0	0
0	0
0	0
0	0
4	4
0	0
0	0
0	4
0	0
0	0
0	0
0	8
921	82
24	69
0	3
0	12
0	0
37	449
4	428
0	67
4	117
0	120
20	1
2	68
5	26
0	17
3	19
1750	161
1	161
0	49
8	50
0	49
0	1
24	0
1	155
232	155
0	33
0	82
0	13
0	68
0	7
1138	42
9	41
0	0
412	0
339	10274
345	9956
4	366
9	814
1	659
5	96
23	140
0	0
1	140
4	9
0	0
0	0
40	0
2580	1014
238	712
1	309
0	21
13	383
7	545
40	667
87	667
0	0
0	286
909	344
11	0
0	26
0	39
2	0
12	0
3	0
0	1
0	0
0	0
2	15
16	2915
14	2
4	0
4	426
0	2834
0	1646
0	334
0	13
0	398
1	47
1	67
8	332
0	142
0	171
0	129
0	1444
0	1300
0	407
29	1443
0	135
8	476
0	1274
0	120
0	201
4	83
0	77
0	0
0	244
3	39
5	9
0	171
0	196
0	97
0	133
0	142
5	130
0	21
2	5
1	39
282	522
0	391
1	131
515	1110
4	762
5	356
168	3
0	0
274	167
0	574
1	80
403	575
253	573
8	541
4	34
2	41
30	178
9	0
0	30
0	47
4	18
0	2
0	4
7	0
0	0
12	553
0	517
0	102
0	137
1	116
0	30
61	0
0	144
20	55
4	106
2	103
0	102
0	1
4	32
216	0
0	0
0	522
11	1334
117	1161
0	160
2	82
1	513
2	291
2	553
12	194
7	32
0	0
0	0
5	75
98	331
0	278
0	33
28	2
0	1
336	4762
492	4621
32	4761
9	4760
2	2469
0	0
44	0
1499	1056
21	273
1	913
41	706
7	695
0	139
0	3
0	602
0	2
0	451
484	1131
3	2
341	1194
18	105
10	1003
0	2
12	1741
24	708
5	433
0	494
1	1633
18	1556
0	296
1	221
0	117
2929	124
1	43
0	105
0	19
828	798
0	412
7	326
13	84
0	373
4	6
1	1
25	695
37	746
22	469
0	7
3	31
29	6
24	13
1	17
0	0
0	0
0	0
0	0
0	17
87	83
4	31
0	62
4	22
0	3303
13	2866
4	37
0	82
9	169
103	2890
33	2894
0	0
5	149
1	1922
0	11
5	193
0	5
4	7
65	0
45	5
180	99
0	229
0	30
1	746
0	0
0	3200
15	820
0	1023
0	918
0	1072
1	947
10	498
0	47
0	67
1117	2030
7	1557
1	1868
93	965
0	464
0	2
0	0
0	0
2	2
0	0
1	2
2	0
2395	52
7	50
108	1716
3	816
114	794
0	1
0	272
0	290
0	342
2	184
1	212
1	303
5	60
0	34
0	66
0	0
6	66
0	56
0	0
0	0
0	278
0	226
28	13
0	2
0	3
0	3
0	12
0	3
0	2
0	1
0	0
0	0
0	0
21	508
0	179
2	44
5	456
2	21
0	5
0	218
0	63
0	26
11	23
0	21
0	0
0	0
0	2
0	0
0	0
33	431
1	431
2	1027
0	52
0	15
0	30
7	24
3	1
1	18
0	256
1	7
0	809
29	5208
0	2356
0	1035
59	4134
1	1321
0	1781
4	1459
0	0
0	10
2	734
0	5208
0	424
105	248
0	167
20	212
6	145
11	7
24	8
12	0
3	0
33	2437
41	1807
54	1482
14	165
8	210
239	377
0	0
17	5
156	148
27	2299
26	4752
4	10
2	556
2	400
1	711
4	284
0	4905
1	692
3	150
0	4962
178	89
0	87
18	7
0	0
0	0
0	0
0	0
0	0
1964	3
712	40
6	2
3	38
190	0
4	0
0	882
47	504
10	101
4	44
2	2
0	68
0	75
0	19
0	882
69	1627
546	1728
10	377
84	482
1	373
38	35
0	35
8	34
4565	3654
45	810
13	482
46	2840
0	108
0	669
1	189
0	668
46	671
4	219
2	501
38	811
0	96
0	339
0	334
1	72
0	348
0	0
0	0
0	0
192	0
0	0
1218	337
21	337
189	55
36	109
8	109
1	0
0	0
1	1767
0	431
7	331
0	1767
0	10
0	8
1	8
2	9
2	3
4	0
0	0
0	0
0	0
0	0
1	5
0	5
778	747
2	559
0	658
0	107
12	89
616	3819
0	3616
0	1035
21	1231
0	1361
0	1353
0	1342
0	91
0	448
0	201
25	0
0	0
90	1845
1	3
21	1845
13	6
0	6
0	0
0	0
0	0
0	0
0	0
0	0
0	0
0	0
41	1019
2	563
0	911
0	8
0	989
11	634
242	671
6	620
243	3738
11	4278
10	4096
10	43
0	310
1	404
0	0
7	100
0	0
518	1073
0	1057
0	174
4	1073
0	200
0	56
0	224
0	98
0	38
0	0
71	914
138	901
0	352
1865	1405
3	1388
4	13
236	10347
452	10348
0	51
90	20
1	47
5	65
0	13
0	12
0	12
0	2747
0	3463
0	4833
46	8737
1438	9405
8	666
5	3475
33	54
0	52
2	54
0	52
0	26
38	6
159	177
3	80
0	181
16	77
1	13350
38	11963
46	3668
4	2146
11	523
0	898
33	522
733	897
0	0
14	432
44	432
0	44
0	13
0	0
0	0
1	10
0	10
7	0
56	0
44301	45540
45	43930
0	3930
0	0
0	0
0	0
0	0
0	0
0	0
0	0
50	191
5	139
4	154
260	1572
4	1586
3	87
11	0
4	359
3	412
0	372
8	23
0	0
2	3
0	3
190	4105
0	3425
282	700
58	279
0	1
12	283
210	0
545	77
0	6
0	0
0	0
0	0
4	0
0	71
264	1131
1	71
0	963
3	27
0	74
0	4
0	4
1	4
0	4
2	0
0	1
0	1
0	0
264	0
0	180
2	180
8	6
0	6
0	1
0	12
0	25
0	10
0	13
0	0
0	1
0	12
0	196
0	183
2	4
2	5
0	5
0	0
0	0
0	0
218	2758
2	2725
17	248
6	1988
0	149
158	1274
111	1274
24	792
218	71
0	3
8	68
14	1689
6	164
167	1777
1942	2468
8	1747
0	551
8	44
40	656
1	30
3	4
8	0
100	82
964	127
0	56
0	35
7	1
6	70
377	168
0	168
0	134
12	85
130	194
16	2
4	1
1	10
0	80
0	33
1753	1585
9	1573
0	8
1	610
0	14
60	998
20	875
0	721
118	0
0	0
8	371
507	380
0	47
11	28
0	9
8	502
24	2357
33	491
0	2088
6	2245
7	1871
1	0
0	207
8	1460
0	151
0	139
0	145
2	770
0	177
0	239
0	0
0	0
0	0
925	1915
0	1913
0	380
1	12
1	862
0	21
10	0
15	35
1	63
3	693
1	377
2	865
0	0
0	0
677	1
106	139
0	139
0	0
0	0
0	0
806	170
0	2
12	141
0	27
38	216
0	849
13	202
22	672
0	734
10	16
0	849
2	23
0	13
0	0
0	0
0	18
432	0
0	0
0	0
0	0
0	0
0	0
0	0
0	0
59	869
24	869
0	2
0	231
0	18
3	67
5	1
11	491
22	506
0	222
11	34
2480	3885
0	9
0	3665
0	243
31	409
31	111
0	234
1	197
0	2
9	0
0	2
1	2
0	0
53	0
137	0
0	0
0	0
0	0
7	44
0	129
54	249
120	162
0	89
12	5
56	2365
2	2074
0	0
1	221
19	118
3	76
5	122
1	55
0	650
40	186
1	140
1	77
0	5
2	389
0	3
0	3
0	3
0	0
0	0
118	2446
25	2287
0	2504
0	16
1	2475
0	136
3	141
4	940
53	966
0	1019
33	1002
8	780
3	23
1	92
0	0
0	0
0	0
0	0
9	1696
12147	1703
1465	1280
5	1658
26	930
0	1553
0	1452
28	1382
1	970
0	1652
30	1143
0	25
345	747
5	629
7	411
59	232
4	181
8	15
124	12176
7	2
492	14307
8	11510
2	13409
7	583
0	0
0	146
0	1042
795	1041
0	0
0	0
0	0
270	59
0	0
0	3
0	19
0	35
0	0
0	59
0	0
0	0
0	0
0	0
0	0
0	404
21	513
26	600
4	380
4	624
0	159
2260	433
281	1560
261	1002
47	1346
1	88
11	515
17	618
0	481
34	469
0	0
2	5
0	5
0	3
0	0
0	3
0	0
14	21
76	41
2	28
0	41
1	0
47	127
13	142
0	39
0	130
8	164
5	0
0	64
21	31
2709	1
0	2
0	6
0	0
1	199
4	16
80	212
7	342
0	6905
0	6758
0	6056
0	1
4	33
39	5
0	4724
0	4799
13	6761
9	675
2	0
0	6469
0	6925
52	5730
0	5821
0	5275
2	5805
29	0
0	5062
43	6140
935	889
327	829
40	767
9	2
26	12
160	0
255	0
92	508
9	236
20	97
0	228
24	7
24	1
5	1
0	0
0	119
0	71
0	135
650	740
0	740
4	361
88	2132
1565	2132
1	3
4	324
5	125
0	148
0	33
1	174
5	84
1855	503
4	326
0	56
0	0
0	0
0	0
0	0
27	340
80	823
5	219
3	127
41	449
1	14
0	0
1	48
0	14
0	786
54	505
37	426
5	19
0	98
710	222
0	222
779	343
0	341
0	0
0	0
0	0
0	0
16	3679
89	3216
3	3416
1	1625
63	1496
0	421
3	25
0	184
112	482
4	14
10	510
0	271
0	3
7	29
381	424
951	500
0	272
14	57
0	155
6	878
11	904
121	0
1	6
1	402
0	624
0	24
0	19
0	0
3	8
0	8
0	8
0	0
0	0
0	0
0	0
0	0
0	0
0	0
19	0
4	0
0	0
0	0
0	0
0	1
0	0
0	1
526	2512
49	2444
29	795
14	19
13	1
392	1
2	0
0	0
0	0
0	0
10	77
0	77
3	4
0	12
4	0
0	0
0	0
0	0
0	0
0	0
0	0
310	119
1	119
0	575
37	603
10	216
8	31
206	631
0	377
42	616
0	232
16	2
40	183
0	232
1	2965
535	3091
0	1873
0	23
10	15
0	3092
35	0
0	33
0	33
0	31
0	8
70	803
2	409
39	663
7	372
28	116
6	0
22	11
78	54
1	11
0	54
1	19
4	19
184	602
29	612
0	30
0	0
26	242
4	11
1	187
2154	8437
0	2032
0	6984
300	6926
0	96
26	1712
0	81
209	514
16	514
0	0
5	4
1	10
0	0
0	1
1	1
6418	13523
23	13292
0	13424
0	12912
0	12873
1	611
8	12085
0	1125
3	381
0	819
2	1458
252	1455
3	264
2	59
1	385
0	185
39	4
2361	1
43	22
0	22
15	130
2	422
0	4
2	3
0	31
0	292
0	247
9	234
0	37
1	37
0	0
0	0
0	3
0	5
0	1
0	0
0	3
5	29
2	21
0	21
0	0
0	0
0	0
0	0
0	0
0	0
40	4
0	2
0	3
1	0
164	772
0	599
1	30
0	40
6	0
13	229
7	0
346	443
18	365
18	14
2	64
1	2273
320	5038
3	2
0	173
29	4687
75	266
0	0
0	0
0	0
0	3
0	1
0	3
0	0
3	0
0	0
0	0
0	0
0	2877
92	4577
287	4578
116	385
70	535
9	62
1	43
0	0
2	950
80	4571
50	3330
57	3569
0	1790
11	1883
32	1570
0	1672
18	0
0	15
13	17
2	18
2	15
0	15
174	3
0	0
0	0
44	1721
16088	2610
3	157
2	877
480	45
0	6
0	39
2	2
0	2
1231	3150
0	1541
3	163
1	1466
0	11
0	698
0	23
0	0
0	1288
0	3100
136	164
0	84
1	159
0	61
0	0
0	1
0	1
0	0
0	1
0	0
180	409
9	319
0	26
1	11
0	54
0	51
0	7
0	0
6	1635
22	1489
1	1495
0	1525
0	438
0	1091
0	184
67	1117
10	60
1	149
11	3
0	25
2	153
0	93
6	134
1	18
3	8
12	0
0	1155
42	975
0	1038
22	1031
2	203
38	454
0	318
7	590
0	442
0	24
0	0
1	21
1	0
0	1155
9	424
0	216
19	438
1	1
4	118
9	0
0	471
43	9
0	0
0	0
0	1
0	6
0	0
0	2
1	1
1	1
0	0
0	0
0	0
28	8022
2	109
15	7059
92	5337
8	1039
25	2283
7	3
0	0
742	28
1	10
0	18
178	95
0	67
0	52
12	19
0	7
0	0
0	0
2009	1756
11	586
19	413
0	69
0	109
13	239
0	367
0	921
2	112
105	2
0	2
0	0
1	68
35	71
0	39
0	8
2	325
0	157
0	4
0	40
0	0
0	82
0	100
0	0
0	0
2	0
0	0
4	142
0	178
0	0
3	185
2480	243
73	133
9	109
0	3
0	3
0	0
0	0
477	184
8	183
15	36
8	33
33	566
37	566
169	13
3	5
9	17
2	566
3	116
38	25
0	9
14	397
1	564
67	34
0	34
0	12
0	12
0	0
3	975
302	1067
5	439
0	8
553	0
0	212
45	633
440	1146
12	881
1	763
0	0
0	0
0	0
0	0
5	28
326	69
0	2
0	2
0	3
0	2
0	2
0	0
0	4
4	3
0	45
0	4
3	46
0	0
0	0
0	0
0	0
0	0
0	0
0	0
0	1
0	8
0	0
0	7
0	0
0	0
0	0
0	1
0	0
0	7
1	1121
3	86
1	1071
12	1078
0	1129
1	50
0	8
0	113
5	179
3	90
0	63
0	126
9	355
7	330
18	316
0	1
0	0
0	7
0	3
0	52
0	22
0	10
164	2192
370	2741
185	2954
158	2734
61	7
0	136
212	164
1	70
0	107
0	0
0	16
0	0
0	0
0	0
452	704
0	676
8	496
0	4
0	4
1	433
163	825
16	183
9	235
0	36
0	37
0	49
10	24
0	27
0	16
0	178
0	0
8	31
2	200
1	0
0	0
0	41
10	63
0	511
40	526
2	351
16	206
2	5
206	129
0	0
299	1150
6	1242
4	272
29	648
3	2
0	194
17	90
0	0
990	183
24	183
1	9
0	4
2	4
0	2748
2897	1105
0	645
0	457
7	8
0	12
3	47
4	2
1	22
0	7
1	35
0	19
0	0
0	0
0	0
0	0
1	0
0	970
1	689
0	972
1	202
0	680
12	168
0	168
22	3793
352	4033
30	794
2	675
0	0
0	0
1	1
0	1
1	0
0	0
0	46
0	45
0	77
3	52
2	38
6	60
0	24
0	25
3	24
1	0
0	0
0	0
97	38
0	6
16	2
12	6
17	22
0	0
0	0
0	0
0	0
1739	115
0	76
0	38
10	7
27	19
10	151
0	525
19	142
0	137
8	78
0	461
3	172
0	460
10	534
4	0
0	0
0	0
0	0
0	0
0	0
17	0
0	0
0	0
0	0
0	0
0	0
0	0
0	30
0	1
0	9
16	150
0	95
4	28
0	23
0	0
9	122
7	2
8	42
2	13
0	13
0	0
0	18
0	0
1	11
0	0
0	0
0	0
0	0
0	0
0	0
0	0
0	0
0	0
0	0
0	0
0	0
0	0
0	0
19889	6096
9	3102
0	2574
0	1
4	136
0	708
36	20
9	7
2	2111
6	1030
30	112
10	203
12	184
13	103
0	56
3615	1348
1	18
0	242
0	1088
54	21
0	16
0	9
467	1964
0	1964
6	591
7	183
0	158
2	38
7	157
8	44
1	0
0	0
0	1899
72	339
32	621
32	611
974	312
0	213
0	171
57	249
19	61
0	0
0	0
0	0
952	847
189	847
716	1
573	116
31	128
0	12
0	8
0	2
1	1
0	1
0	1
1	187
0	83
875	280
4	280
1955	2
621	0
1	0
606	896
16	146
2	103
4	254
0	3
2	478
0	2
0	642
0	3
0	1
0	0
0	1
0	1
0	0
0	0
0	0
0	0
0	0
0	0
0	0
27	175
0	92
4	825
0	807
0	45
1	46
2	10
0	0
6	813
69	5
2050	674
68	673
0	67
649	2062
21	2304
0	568
0	790
6	9
9	17
0	3
0	3
0	3
0	2
0	2
184	183
515	6092
136	5939
386	1090
0	376
5	355
26	497
15	3
0	790
0	89
9	21
4	829
1	3
2	223
0	4
2	195
2789	132
10	71
4	14
13	3
3	8
5	34
0	63
0	0
0	0
0	13
0	13
1	11
0	2
0	1
0	0
0	0
20	13
0	13
24	3732
23	3624
3	658
0	150
0	0
0	1
0	1
0	0
0	0
0	0
43	14
0	2
1	3
0	9
1	43
1	29
0	41
1	7
1	0
0	1
0	2
17	1381
435	1381
0	82
0	127
0	0
0	0
0	0
0	0
45	355
47	389
2	389
3	11
416	0
224	314
26	29
2	285
8	3423
0	3072
3	3428
1	1341
53	3424
648	3073
0	3072
33	0
13918	1713
8	175
2	217
1	15
7	61
0	1487
0	452
0	1
0	452
2158	2080
2	1693
10	1913
13	1
77	461
7	11
35	434
0	52
9	22
0	0
1	51
0	40
2	16
3	26
0	26
0	0
0	0
22	276
53	37
18	38
6	1202
0	2019
105	1947
8	33
2	60
6	182
81	115
26	87
2	91
4	228
11	14
0	0
0	0
0	0
111	3645
16	3640
204	3207
27	2846
98	3764
327	738
230	640
4	0
89	0
1	393
0	641
2	8
42	0
0	0
0	0
309	61
0	14
0	7
0	2
2	31
0	18
0	0
0	0
0	0
341	0
308	534
0	0
0	533
2	59
15	166
9	110
0	110
8	0
8	21
3	19
64	32
0	32
0	0
0	0
0	0
0	0
0	0
112	2326
13	18
0	155
0	0
42	426
0	1438
0	2
2	2
0	2
11	243
4	1
15	69
5	0
2	224
3	42
24	68
0	0
0	0
0	0
88	0
0	0
0	0
0	0
0	0
109	0
0	7378
0	7972
10	8086
0	7331
23	8380
0	7786
23	6976
17	112
5	7094
1	73
0	134
49	960
4	5
0	28
3	55
0	1006
0	796
0	768
0	738
8	22
0	0
4	22
1889	196
5	8
6	195
0	0
176	181
2	117
24	90
16	2936
3	435
0	790
0	476
0	1026
1	25
0	2866
905	1936
4	28
1	377
2	15
3	90
20	508
2	163
0	887
0	4
4	11
2	671
2	57
5	199
1	123
1	103
0	671
0	4
0	0
0	0
0	0
3743	922
3	556
0	432
0	974
24	3438
375	202
4	120
1	85
1	5
53	0
201	933
0	1604
27	1580
2	2341
8	2387
0	1452
0	738
163	839
0	2682
1	203
0	202
0	203
1	87
0	18
0	23
999	687
27	58
0	1
1	156
10	53
11	202
0	455
4	2
36	428
0	416
0	14
0	17
0	0
0	32
0	2
3	37
0	32
5639	6938
0	1573
0	5968
0	502
1	157
0	0
0	0
5	0
628	532
0	532
13	159
3	158
9	127
0	0
0	1
0	1
0	0
0	0
0	0
0	0
0	0
0	0
383	0
5	0
0	0
0	0
0	0
0	0
0	1
0	1
0	1
0	0
0	0
1	5
1	5
0	1
0	1
245	977
0	290
13	2
7	134
22	294
16	1
0	0
0	0
0	0
0	0
0	0
0	0
0	0
44	626
9	626
0	233
2	501
1	146
0	501
20	4
0	0
1	4
0	0
0	0
0	0
0	0
0	0
0	0
0	0
0	0
1	22
22	22
42	26
4	26
0	7
0	223
18	265
15	192
122	247
0	20
0	18
3	34
2	10
4	47
23	95
3	35
4	1
20	17
1	33
3478	1
0	0
3632	2
0	514
13	315
641	581
3	581
0	471
1	0
0	0
1	14
0	25
0	25
2	12
0	0
0	5
0	2
0	1
0	1
3120	0
562	266
1	122
26	153
15	112
12	0
0	0
0	0
0	0
0	0
0	0
0	0
0	0
0	0
0	0
0	0
0	322
0	147
0	130
0	126
6	235
0	265
15	0
0	84
0	64
3	62
0	54
0	57
0	52
0	59
0	56
0	4
0	4
0	4
0	4
0	4
0	4
0	3
0	3
0	3
0	3
38	6
14	136
0	121
4	36
1	16
8	160
0	157
1	0
1	0
0	0
0	2
0	93
0	0
0	4
3076	2496
41	2348
0	532
10	351
2	1364
67	2190
0	2284
117	2190
2	223
79	0
9	137
8	190
14	0
0	98
0	3359
0	2689
0	984
3380	1357
0	3
0	874
690	1987
0	1750
2	16
2	200
0	155
127	1055
6	731
0	998
6	43
0	109
2	93
1	54
8406	371
0	0
0	0
0	0
0	0
0	0
31	327
20	14
9	279
3	274
0	66
0	125
2	73
1	80
3	26
1	2770
4430	2993
0	415
36	2408
3	1429
0	0
495	1047
5	524
21	189
31	115
6	56
239	247
1	163
3	365
1	0
0	3
0	1
0	2
0	2
0	823
0	829
7	878
17	337
0	729
0	774
0	859
0	829
0	767
81	872
9	337
0	56
15	127
1	431
0	501
0	452
0	259
0	33
0	0
0	28
0	31
0	30
0	33
0	28
0	0
0	0
0	0
0	0
0	0
1	965
564	563
2	46
6	563
0	103
102	68
7	2
0	2
0	0
735	7310
1	6092
1	33
20	1565
13	778
12	596
1	7340
0	0
0	0
0	0
0	0
201	0
15	0
0	0
1257	904
0	0
15	123
36	769
0	174
4	679
6	19
0	19
26	497
0	1
0	1
5	413
2	152
563	5407
33	5255
2263	0
27	362
2271	363
0	52
0	318
9	61
0	114
0	341
17	162
0	334
0	6
1	14
7	180
0	320
0	335
0	356
569	1800
0	86
20	80
21	1795
2	220
4	2
191	455
0	93
0	46
12	1610
0	23
59	783
102	1683
57	133
14	398
30	81
0	0
0	0
0	0
0	12
9	304
99	127
7	46
0	136
0	128
62	364
0	56
42	116
1	101
0	111
703	309
0	54
0	0
0	0
0	0
0	0
0	0
0	0
0	0
0	0
0	0
0	3762
341	2659
158	7070
4	1516
0	4659
0	3037
0	0
13	620
150	4143
22	7132
234	0
0	0
0	0
1	0
127	1189
37	974
6	2
0	978
1	200
1	79
2	14
3	1132
28	1135
47	116
1	25
0	10
1	12
0	2
0	79
0	0
0	3
1	0
7	9
2	49
24	49
7	0
0	0
0	0
148	1505
58	877
45	732
9	167
0	18
0	5
0	7
4	109
7	57
2	194
22	112
0	7
2	0
2	937
15	530
0	279
1	295
1	59
5	106
0	34
0	7
8	83
1	43
1	22
2	12
0	15
0	939
53	13
0	0
0	13
5	22
0	7
0	1
0	17
0	0
0	1
0	7
0	10
0	14
0	0
30	10
0	0
0	10
225	21
17	21
21	1969
3	1974
2	1916
8	1930
10	1911
32	1947
1	6
0	19
4	187
17	24
971	166
5	166
1	0
9	25
0	0
0	0
0	0
108	4
0	3
1	68
4	73
0	59
0	4
11	4
0	4
0	0
3	1
7	3120
0	165
0	97
1	24
71	2934
0	904
7	1971
0	235
0	25
0	70
16	23
0	764
9	28
1	214
182	3934
280	3624
225	3491
51	85
1	339
19	538
2	98
1	49
0	62
0	17
0	2
439	16
0	15
3539	4
98	2998
169	2998
1705	208
0	128
10	196
7	5
1	1760
0	1482
0	1558
64	1597
0	1294
1	947
7	955
0	1215
8	270
0	929
0	804
2	538
0	728
108	615
0	474
0	439
0	205
0	65
14	388
0	299
3	16
0	1869
152	783
0	0
860	4328
0	3648
57	3566
14	415
13	92
7	21
46	4
25	252
0	9
0	68
0	0
0	69
0	1
0	245
0	255
0	55
0	46
338	1482
0	1486
86	453
49	138
14	98
40	0
1	154
162	95
12	79
0	14
1	0
2215	338
0	311
0	182
0	1
0	8
2	15
0	15
0	15
0	0
180	327
30	358
45	317
21	173
8	61
0	96
1	93
0	0
1	7
8	8
4	1372
3	9
1	55
2	418
1	1255
6	1166
2	1036
45	163
0	159
0	16
8	59
0	107
0	1232
0	6
0	36
0	31
1	5
0	7
0	3
0	36
0	35
48	8697
1	433
8	8132
0	8790
28	276
161	76
7	625
8	292
0	8660
0	20
0	705
0	705
0	20
0	43
0	705
0	43
13	706
245	814
1	116
0	450
1	84
0	48
0	0
0	0
0	0
0	15
0	15
0	0
0	15
0	3
293	312
758	318
0	0
54	141
45	141
9	5
0	5
0	752
6	28
0	204
3	164
3	280
7	40
0	3
4	2
2	49
0	752
0	0
0	114
11	149
29	110
5	22
0	15
0	0
10	30
0	44
43	86
2116	89
5	1
840	613
9	470
3	249
0	66
0	190
66	3399
3	134
3	10
0	1014
0	2915
3	370
0	1167
4	1
3	365
4	3
0	68
5	303
43	1
1	717
527	86
0	14
2	16
2	33
0	4
1	26
7	2348
0	2444
0	31
10	671
6	0
793	633
0	569
0	629
30	83
1	7
0	29
1	142
5	4
0	163
0	143
0	122
0	126
0	126
2	95
0	21
7	19
1	8
0	163
29	0
30	932
0	2237
274	987
1	363
32	337
24	441
261	394
16	2016
4	240
3	355
0	110
6	179
15	7
0	5
0	2
28	2858
0	3028
5	122
0	1
55	83
97	1052
8	815
97	801
58	700
0	492
1	178
0	0
25	0
0	0
0	1076
13	1195
0	294
0	56
0	83
1	1116
1	0
25	199
0	117
6	175
5411	5
0	0
1985	180
7	58
1	4
0	0
7	9
11	112
1	0
0	0
0	0
8	4095
5	5
2	3923
27	2176
2	2126
3	3821
11	3638
1	14
0	6
37	349
0	54
10	584
0	0
0	0
1170	1139
0	1194
4	442
0	1146
3	1132
0	1131
3	439
0	0
1	0
0	5
182	6
0	0
0	0
0	0
3395	1
0	4
0	1
0	4
0	0
0	1
0	1
2160	730
0	1
0	66
0	133
0	612
18	105
2	1
3935	3018
0	3014
29	4515
128	4628
0	192
5	149
10	9
9	9
0	422
82	84
0	4
1	26
2	92
4	8
348	2294
21	2181
0	339
20	1
58	474
8	378
0	94
53	54
71	2590
0	36
152	2353
10	875
0	993
0	2362
0	2587
0	2630
3	16599
18	13110
6	1099
1947	15167
10	16417
14	15324
420	16404
50	724
24	970
373	91
1	16
3	75
3	0
481	927
0	423
2	729
287	1039
11	887
2	55
3	273
0	71
22	0
8	47
2584	4256
21	4277
245	507
25	3477
0	0
0	0
0	0
0	0
45	0
0	0
4	1
28	0
0	37
2	146
9	38
0	32
95	1163
1	154
46	1162
1	44
4	29
0	42
0	19
0	24
0	16
0	20
0	7
0	3
219	179
0	94
0	0
0	0
0	0
0	0
118	0
1	0
65	0
0	2357
1	1740
1	1487
0	277
2	0
0	0
0	0
141	12130
2	1506
1	11697
56	3353
1	530
284	11479
2	11349
4	467
2	10396
1	1274
1	8600
33	10221
48	673
0	6617
175	4
2	45
18	462
1	11417
2	1
0	1
0	1
0	1
36	2671
36	1768
22	410
1	135
2	18
603	2702
0	0
0	0
1	3
300	4297
5	711
3	4180
3309	1
0	3
24	3
0	0
13	210
0	100
29	187
0	176
0	126
0	156
0	138
20	0
2	133
0	0
0	0
0	0
0	0
899	160
3	79
0	77
71	1214
0	923
0	856
4	866
0	26
3	858
3	761
0	993
0	20
16	844
0	27
0	14
0	55
0	149
0	567
0	9
0	1
0	500
0	85
0	4
0	0
0	0
0	0
0	0
4	1154
204	1746
13	1265
8	861
9	7
0	13
0	146
56	392
0	179
8	329
0	266
2	0
1343	789
3	693
3	722
0	77
3	642
55	49
216	6
0	2
4	82
1	4071
5136	4622
3	3723
14	3357
0	1503
23	7367
675	7425
1	1
0	7
0	6
0	7
0	0
0	0
0	0
59	289
15	65
4	16
0	0
12	14
0	59
2	210
22	47
1592	2096
22	987
0	1586
0	1887
6	379
7	19
0	1793
2273	269
0	2
0	0
0	269
0	6
0	0
0	1
0	6
0	0
0	1
0	1
0	1
0	0
0	6
0	6
0	0
13	0
700	1482
64	1518
0	581
12	108
0	38
0	260
26	2
0	357
0	36
1	37
35	552
4	673
3	493
4566	23
0	21
678	2
1	0
398	109
1	73
4	9
10	59
0	2
9	0
1	857
0	1750
1	77
1657	1897
17	68
1	62
5	42
2	5
0	42
2	1026
33	82
0	63
0	17
1	6
0	0
0	0
889	495
488	490
0	0
1	0
1	3
0	1
0	4
0	1
0	0
0	0
0	0
71	1361
6	55
0	156
101	1328
45	79
0	56
3	40
0	1
2	27
1674	4217
15	3592
213	3815
6	2
15	0
4	429
18	429
0	57
0	931
5	510
0	916
4	3873
0	0
9	2
20	3925
0	1128
7	436
33	410
2	9
146	485
0	421
15	7
4277	1891
35	175
4	6
5	175
42	475
5	475
4	17
1	17
0	2
488	73
7	73
0	0
0	0
0	0
0	0
0	0
0	0
0	0
4	388
3	353
1	296
0	16
52	488
0	60
15	470
14	1656
11	1656
134	1540
0	0
0	0
910	791
6	796
0	105
0	12
13	297
4	2
24	16
1985	0
0	0
424	0
0	9
0	9
0	0
0	0
0	0
26	1550
63	1590
0	99
6	58
24	83
4	122
43	751
27	3013
1	3075
26	2248
15	60
18	584
0	292
96	91
9	407
8	392
3	111
0	153
0	2883
0	875
0	184
3	15
5	2
3	0
1319	878
614	24
102	74
0	36
11	15
242	2095
0	628
7	50
0	68
0	268
0	215
0	9
0	32
37	4
0	294
0	1340
0	351
0	1
0	1
0	1
17263	30179
10	30173
1402	29928
9	247
1944	451
0	149
111	92
0	1
0	1
78	93
4	70
0	1
0	18
2	27
27	1215
0	1269
0	1317
0	1260
27	40
4	16
54	512
0	105
0	34
11	9
19	9
0	0
0	0
2	136
0	0
0	0
0	35
0	0
0	13
3	2
0	136
1472	273
0	102
0	116
15	15
5	197
0	51
0	62
5	197
0	62
3	42
0	71
0	48
20	48
0	72
2	16
671	0
0	552
0	543
15	514
6	268
0	346
11	72
0	18
4	28
6	286
0	158
1	0
0	1
0	42
288	54
5791	412
6	7
16	322
7	352
317	83
0	117
40	277
9	239
7	2
26	168
52	36
0	106
1	2
0	111
0	46
3	160
0	249
15	0
0	18
0	17
0	14
0	0
5	7
0	16
13	0
763	10
0	10
495	143
2	143
11	0
0	0
0	0
285	926
0	892
0	6
1	46
1	37
20	1828
0	2018
144	2024
4	1863
0	173
3	239
9	428
0	550
2	12
0	0
21	507
41	506
3	22
3	1
3	89
5	77
0	1
3	5
0	5
0	5
0	5
0	1
1	0
0	0
0	0
0	0
0	0
1337	429
0	204
0	205
5	13
3	20
1	0
0	0
1	2
0	2
0	2
6	0
0	0
0	0
0	2660
104	3411
0	3657
25	3409
121	5
103	220
19	104
10	1025
58	761
5	0
228	0
0	0
1	10
4	10
3	0
0	52
15	25
0	25
0	0
0	0
0	0
4640	1705
0	147
7	262
4	760
3	858
2	0
0	20
2	0
0	193
2	421
0	394
0	169
3	173
1	7
0	7
0	274
0	0
0	0
1	0
7	81
766	160
5	111
0	143
4	124
0	102
0	28
1	0
0	0
1	0
0	0
0	0
0	1
0	1
6	7
0	0
15	236
0	109
2	147
1264	147
1068	2345
16	584
4	1797
12	34
0	19
2	1175
7	1927
325	1928
10	388
1	0
0	0
0	0
0	0
0	0
0	0
0	0
4	18
0	24
1	7
0	6
9	48
1	48
0	0
0	0
57	481
0	16
0	11
4	43
43	19
0	47
2	25
6	421
31	56
1	3510
59	1029
13	3875
27	3877
1	30
0	96
0	5
0	5
0	5
5	510
0	374
437	1377
8	335
3	40
2	263
2	155
3	92
83	91
0	20
33	173
2	426
1	2
720	2027
0	19
0	1
0	3
4	153
13	105
16	16
4	0
766	171
23	1818
43	1814
4	5
0	0
0	0
0	233
4	73
0	214
0	78
34	131
10	79
2	8
2	180
0	158
246	370
27	667
115	859
0	1230
11	142
0	19
0	24
0	24
9	0
11	0
7	887
0	1329
41	103
0	0
0	81
1	66
0	819
157	753
0	957
939	0
76	0
2613	255
0	0
0	0
0	0
0	0
0	0
0	0
25	2058
12	1873
10	0
199	1957
24	72
1	73
0	915
0	2172
4	2115
0	0
0	0
40	155
18	31
0	640
1277	640
6	0
62	348
30	348
7	1771
0	1788
2	122
7	409
77	463
8	1649
0	105
170	2123
174	2393
0	2467
0	1331
0	32
0	177
0	22
0	1
122	9
0	8
0	221
145	221
0	0
0	0
279	940
5	940
1	0
0	1
0	46
4	46
2	84
7	4
0	850
0	87
1	88
0	5
10	891
0	714
92	898
5	9
0	9
0	7
0	0
6	4307
25	162
0	2084
13	0
22	25
0	8
24	135
28	65
36	634
3	4040
28	382
0	623
0	721
1	511
12	25
858	0
0	3
1	19
7	49
5	44
5	22
3	8
59	85
2	58
0	23
0	8
0	35
0	0
0	0
0	0
0	0
0	0
22	0
0	0
0	0
537	475
422	476
0	0
0	0
0	0
0	0
0	0
0	0
0	4
0	4
135	10
0	0
0	0
0	0
17	243
2090	1582
0	954
1	1470
0	60
5	24
17	1
985	14
3	12
112	3897
87	3859
15	247
2	5
33	231
829	0
24	9
6	9
0	0
3	0
0	0
5	4715
1804	8421
0	1568
39	7445
15	6652
3	43
1	208
110	429
0	477
39	491
5	527
0	76
18	90
0	0
0	1
0	0
2	0
8	0
0	0
0	0
0	0
0	0
2491	3
0	802
1	910
34	827
2	61
0	174
0	111
1	0
1	62
5	7
0	0
0	0
0	0
0	0
0	4
1	4
0	2913
1	2672
6	2348
1	676
3	261
0	261
7	2198
106	145
0	269
79	1523
0	286
25	0
0	0
0	0
0	0
0	1
1	1
40	4
0	4
0	1
1	0
0	0
5540	184
0	177
1	2
682	25
2	25
47	3174
0	3030
6	359
1	862
217	2239
4	446
1	239
5	79
0	395
0	13
0	324
6	1349
3	46
1	184
0	275
0	929
2	3
0	6
1	234
0	0
21	984
6	819
89	874
2	354
17	87
1	308
0	248
0	26
0	872
584	200
1439	339
9	137
0	206
40	0
0	1
2	1
0	0
0	0
0	0
0	0
0	0
0	0
13	1276
1	1856
117	1935
12	261
0	127
1	637
0	47
29	31
7	144
0	25
239	24
0	24
4	0
20	1194
0	1252
6	1107
0	225
2	2
0	331
0	20
0	410
0	11
1	387
0	71
0	182
0	19
0	242
0	113
193	616
4	89
0	76
0	79
0	0
330	818
61	278
1	2
0	538
14	70
1	719
123	620
0	301
12	7
26	100
7	199
0	5
3	109
5727	1449
5	1198
4	1032
3	255
2	96
11	74
0	20
0	0
8	0
59	62
0	61
0	20
0	1
0	14
0	0
1	78
0	1
0	3
0	2
0	13
0	9
0	19
0	2434
5	2488
0	2483
0	2632
51	1313
0	1829
0	1414
8	100
4	126
147	511
0	157
1	25
4	121
4	7
5	50
2	24
0	0
3	0
32	227
0	216
2	0
15	189
11	131
9	136
22	28
0	0
0	0
44	716
106	696
12	564
1	20
5	12
0	1
60	200
0	195
13	151
27	68
0	44
0	106
2	35
6	105
0	2
2	24
1	26
0	136
0	1802
94	2174
28	422
32	994
2	10
12	767
51	796
15	208
14	63
2	59
29	3
12	27
11	3
5	163
93	163
1	43
4	0
2961	190
15	186
0	4
9	3924
102	3375
16	2898
31	2917
76	3465
0	23
11	367
0	3171
3	6
0	0
0	6
1786	372
67	372
6	3
0	2
0	9
0	7
0	6
1	0
0	0
0	0
4	70
13	70
0	65
0	82
1	21
1	0
697	987
8	988
1	137
0	0
2	0
6	2691
0	4381
5	563
0	2692
5	2206
32	1145
1	429
16	11
0	4351
0	4345
8	4276
0	0
0	4
0	4
0	0
0	0
2	10
0	0
0	2
0	8
0	2
3	1647
6	137
0	1259
1	88
0	275
7	359
0	111
163	321
16	22
5	251
0	6
0	0
1	80
2	61
0	98
0	75
0	89
3	33
0	37
0	1
0	98
13	0
364	4
1	4
0	0
0	0
1111	650
0	617
0	1
2	1
3	48
0	526
0	464
0	5
0	0
0	0
0	0
0	0
10	54
2	54
3	0
0	5
1026	1
3640	85
8	80
0	0
0	0
0	0
2	462
27	1035
3	1035
0	7
1	104
2	97
6	0
1	83
0	83
5	40
1	6
2	0
0	83
0	0
2	2
1	2
11	325
6	325
0	104
7	174
102	4738
402	4792
0	4052
0	3872
5	4308
21	4106
0	4552
16	369
0	1058
0	0
26	379
1	53
0	1248
20	736
223	2369
45	1255
0	570
18	716
4	404
42	404
0	46
0	74
0	3
679	1137
0	925
1	134
0	110
0	8
27	57
9	214
0	7
1	27
0	21
0	27
1	8
0	9
0	19
0	20
0	16
0	20
0	20
0	20
0	20
0	21
0	8
0	0
588	218
0	217
0	596
0	598
80	598
2	70
5	70
1	5
1	0
0	1
2	7
18	7
192	56
0	43
0	13
6422	0
0	28
0	20
1	17
295	54
0	29
1	0
7	14
0	11
600	470
4	0
16	470
0	0
0	0
0	0
0	0
5	4
0	4
0	0
6	222
0	1
5	724
2	712
0	719
13	255
2	0
10	4
0	0
1	4
5	0
0	263
63	181
0	781
0	35
3	26
0	39
2	241
0	95
0	30
0	720
2	81
5	81
3	1
0	0
13	3
2	33
0	3
2	26
159	42
3003	435
172	433
8	0
1	38
70	38
5	1
311	290
5	290
0	674
0	604
0	293
5	66
0	66
1	64
8	112
0	720
27	1543
2	1446
0	985
0	753
0	615
8	461
4	37
0	16
0	67
0	0
0	0
2	0
0	0
0	42
72	1401
0	85
94	259
0	58
0	258
9	3
0	19
1	1
1	40
85	0
0	11
12	23
8	29
0	7
0	17
0	0
0	11
0	6
0	4
0	0
0	0
28	0
1583	631
16	658
0	0
69	197
50	469
1	102
304	81
10	81
0	2
0	1
0	0
0	1
0	0
214	1104
27	1104
0	2
2	3
0	10
0	10
0	3
0	0
0	0
0	0
1113	1515
8	925
4	0
1	591
0	0
38	2
5	256
13	1
0	319
0	4
2	0
1	11
1	155
5	0
0	66
3	56
0	77
2	142
1	70
3	154
0	13
0	5
0	0
0	6
0	0
0	0
0	686
12	113
1	397
0	304
0	31
0	56
1	41
1	340
24	697
0	28
0	118
8	671
191	783
10	378
4	16
3	119
10	77
13	749
1	20
20	34
13	112
0	682
0	0
809	55
0	0
0	0
0	0
0	0
0	0
0	0
2590	0
2	0
0	1
0	1
0	1
0	1
0	1
0	0
959	321
64	94
7	226
11	2
0	81
0	0
0	0
0	0
0	0
0	0
528	1935
0	1935
20	75
1	284
3	220
72	25
23	27
2	6
0	16
0	1
0	23
1	16
0	16
0	0
0	0
0	0
10	3
27	254
0	255
0	132
0	201
0	138
13	0
7	4
0	3
56	124
1	3
941	1844
11	102
0	432
89	1403
1	13
7	395
1	145
0	256
139	533
1	243
12	513
1	48
4	4
0	0
5	3
94	130
1	1
4	127
0	5
2	5
0	0
1	25
529	123
0	108
0	37
1	23
2467	30
4	28
42	1419
0	10
8	216
58	1111
4	1216
6	227
0	631
3	248
0	164
2	48
0	7
0	13
0	42
0	247
1333	50193
21	13071
2	35972
0	44839
6632	49658
0	44757
0	47984
2	6677
0	1417
5	25394
9	789
481	257
1	132
0	17
0	37
0	8
0	35
0	1
0	0
0	202
66	0
157	44
2402	1307
11	26
1	664
0	1627
17	0
99	854
3	149
0	71
2	862
51	3110
131	3110
6	277
0	34
10	1
2	124
4	0
0	0
82	1558
0	655
9	1548
6494	2995
33	2798
4	90
0	344
14	2
3	21
0	222
0	365
4	409
367	671
77	871
58	824
0	370
1	80
0	215
3	0
345	897
2	850
4	667
0	80
0	56
1	33
0	32
0	1
0	0
0	5
0	5
2	5
0	5
0	0
0	0
665	347
4	58
8	99
3	4
2	1
0	0
0	0
0	0
0	0
1635	259
15	1
19	233
0	119
7	533
0	605
0	489
0	487
0	145
6	71
9	117
0	13
0	1
0	25
5061	24569
0	2827
16	24359
0	24352
20	393
6	105
3	87
96	483
0	162
0	1
0	0
1	26
7	26
2	124
0	7762
28	4825
0	67
14	7762
0	5379
258	1562
12	1340
4	426
5	73
205	2532
0	1917
1	1698
5	2337
72	1479
278	13
0	0
0	0
0	0
0	0
0	0
0	32
6	3
0	3
0	6
0	3
0	3
0	0
0	32
592	432
0	359
0	367
1254	333
63	195
0	335
375	4879
14	3596
18	2000
0	1518
2	784
0	93
6	19
0	0
1	0
0	0
9	565
36	850
0	796
1	309
4	237
41	46
43	33
2	31
0	0
7	5
0	1
0	0
0	0
0	4
1	0
1215	17
13	10
10	26
9	0
48	727
40	752
1	43
2	506
0	435
34	60
2	34
3	10
0	27
0	0
0	0
0	0
0	0
0	0
0	0
0	0
0	0
432	0
40	0
108	88
13	11
32	76
1	0
142	0
1	4
4	4
0	0
0	4
0	0
0	0
0	0
343	0
5	0
79	1876
5	1821
1	449
8	241
4	186
3	22
0	2
68	3632
493	3550
3	2424
93	2069
0	478
27	408
19	548
9	534
0	131
5	274
145	433
10	62
50	325
1131	1
0	0
1	1
0	171
0	1
670	172
7	186
0	195
1	88
3	92
295	88
3	1
1	57
0	40
0	22
1	1
1	0
0	0
0	625
0	289
2	636
13	436
0	41
4	663
3	14
3	6
0	14
0	92
7	0
0	100
8	11
0	0
0	0
0	0
0	0
0	0
3222	1044
60	982
7	0
153	0
17	2508
7	2356
1	67
541	2580
0	2444
2	1294
10	751
17	84
4	34
0	147
15	12
83	131
0	0
183	0
8	1936
9	1963
8	1847
0	2070
0	2122
7	476
0	3
1	86
0	0
1	0
97	281
53	269
4	49
17	19
3	28
6	66
0	10
1	48
578	203
0	84
6	135
2	26
11	23
6	4
0	22
33	5
0	1
15	231
3	242
0	243
41	570
2	81
1	352
18	213
4	327
18	308
1169	4046
406	3839
33	728
27	1428
89	760
0	58
83	854
4580	753
3	135
21	136
0	387
15	223
0	106
10	99
0	2223
0	400
0	2106
7	2015
104	1536
132	681
0	433
0	245
5	2585
1	126
1544	241
3	0
1	72
3	131
1158	840
73	331
10	450
8	435
0	168
11	854
1	199
19	383
16	43
0	3
0	3
0	2
0	0
10	7646
0	2833
0	3646
0	2780
0	471
1	389
0	554
132	13
0	2
61	1986
0	7743
129	1681
99	1732
0	52
2	1302
1	1038
2	183
0	237
9	3
10	528
2	519
1619	174
17	172
10	0
39	144
2	9
0	143
1258	1008
0	303
20	530
19	74
1	117
0	35
1	4
0	0
0	43
1816	10886
165	8693
231	9346
0	8660
10	31
483	5424
0	2404
1	725
19	3
0	12
0	68
5	60
2	4
0	24
1	6
57	9
0	0
0	0
0	0
0	0
0	12
0	12
0	15
0	0
0	4
0	3
38	600
2	662
0	6
0	362
28	238
13	64
0	155
0	613
55	597
27	439
91	1528
0	6839
0	6
7	119
0	5720
0	198
0	4670
3	2419
1	414
1	51
4	19
33	6629
0	6753
4	20
0	19
0	21
0	19
0	1
0	0
0	0
0	0
0	0
0	1827
10	1644
592	1898
3	1
24	47
1	22
0	25
0	106
0	73
10	220
0	50
1556	43
2	42
43	3839
0	3515
0	0
3	719
5	174
49	3569
53	83
0	31
0	52
24	11
0	4
0	0
2	0
1	917
2227	1008
0	0
0	138
0	0
0	0
0	0
0	4297
0	3796
0	4287
223	1414
1	2426
2	218
0	4611
0	4497
0	4368
0	4032
0	4298
1	734
17	134
23	223
181	734
0	4
0	4
0	0
0	0
0	0
0	0
0	0
286	1
1130	876
5	1522
0	25
7	224
0	440
4	95
0	429
290	0
299	2241
41	1973
4	0
0	100
15	268
8	235
0	66
26	94
3	11
0	3
67	43
24	2669
0	2738
0	118
0	153
0	1265
0	0
0	0
0	0
0	0
276	0
4	0
28	6695
1064	5502
0	5489
27	148
6	39
48	108
0	0
0	6639
0	6
0	36
150	228
0	34
6	36
1	38
0	104
0	72
1	85
0	4
0	423
45	437
0	24
0	46
0	0
0	462
20	316
5	4
6	31
1	313
1873	166
0	47
0	68
1	112
0	0
0	0
0	0
0	0
0	0
0	0
5	80
2	16
0	14
0	30
0	79
0	66
0	24
0	0
0	12
0	1
0	22
0	17
0	11
0	23
0	4
0	6
0	12
0	79
20	1821
11	1820
0	1773
61	453
17	283
1	1
32	31
2	267
30	160
0	1454
210	1825
416	5689
0	2428
222	850
128	6164
86	2046
19	1155
39	1564
229	3425
69	2168
11	3430
5	925
0	639
0	112
1	155
0	111
0	925
559	230
0	120
0	63
7	2
5	61
12	307
0	25
0	160
18	13
1	116
0	120
0	12
0	7
0	0
3	138
1	1
6	6
0	3
0	2
163	29
5	2
0	0
0	20
0	2
0	4
0	2
0	0
0	0
13	361
0	9
8	278
0	272
68	350
6	952
125	938
0	23
0	100
2	26
333	2446
134	2446
0	1254
1	19
13	3
0	3
56	28
0	18
0	28
0	0
0	0
0	0
138	1032
2	1030
10	131
0	0
0	0
0	0
76	714
2	52
15	69
8	228
11	598
10	678
0	15
0	3
0	1863
2	514
0	1353
36	199
1	392
1	64
0	8
1	1
0	2029
0	0
6	414
19	414
133	10644
62	893
6	776
0	975
4	106
1	311
1	366
7	10564
61	5204
14	664
0	534
0	348
21	0
0	5146
11	644
1841	719
57	13
4	501
0	8
4	8
1	1
9	1
0	0
0	0
0	0
0	0
0	0
422	1690
0	1692
1	206
0	9
9	0
10	31
0	31
0	0
0	0
0	0
483	474
2	473
0	106
3	5
0	0
208	1914
18	1820
0	34
0	45
7	8
4	64
3	43
0	127
0	28
0	0
1165	1078
7	1077
25	607
7	899
0	2
0	605
1	20
4	779
0	327
14	54
2	0
5	7782
23	858
6	785
30	410
0	39
1	370
0	13
0	0
0	0
0	0
1257	446
0	446
0	0
2	0
0	0
0	0
0	0
0	1
0	2
0	2
127	2172
212	339
8	339
0	24
3	615
0	612
38	592
0	3
19	18
292	720
2	4
16	0
0	697
5	7
0	7
1	2
0	0
0	0
0	0
0	0
0	0
0	0
0	0
19	19
0	19
0	13
0	1
0	3
1821	16861
107	17018
8	6279
0	2404
1	1927
3	125
11	21
14	163
2	544
833	0
0	0
0	0
0	0
0	0
0	0
0	0
0	0
0	0
0	76
7	20
5	3
6	0
0	75
2902	4
0	0
7	2035
120	295
25	431
413	101
20	101
0	34
138	857
0	1
1	857
1382	0
12	0
18	1372
33	1275
128	1352
0	1232
6	243
4	429
1	215
0	242
1	165
0	1195
21	649
72	649
0	0
7	90
1	39
45	3942
3134	6276
1	2864
0	2324
0	119
29	189
0	0
38	24
26	24
63	703
2	104
197	845
4	13
373	88
0	88
15	1
0	0
0	1
0	0
0	0
0	0
5	2479
7	2835
8	2718
3	2
11	13
1	288
16	2694
0	4
9	4
0	2
0	2
0	4
0	2
0	2
0	0
0	0
0	0
0	0
0	0
0	0
52	0
2	615
0	533
26	549
13	169
22	127
12	600
445	406
0	1
2	81
2	15
0	0
0	27
0	23
0	27
0	20
0	25
1	35
3	101
2	0
0	58
0	7
3	57
1	91
1	1
2	19
0	26
0	71
1	2
0	8
0	12
1	33
51	507
0	507
0	6
4	3
3	60
297	184
43	69
0	118
713	5681
267	5575
1	2701
11	1433
37	531
133	0
16	1805
399	2788
67	2854
0	0
26	690
23	690
3	11
9	51
0	16
0	24
277	50
0	12
0	0
0	10
0	21
0	21
1	22
3	12
0	12
67	297
15	27
0	53
11	75
10	229
12	2
2	0
0	0
0	0
0	2
1134	500
36	499
6	53
0	17
0	9
0	0
0	0
0	93
0	90
11	90
0	0
4	1
0	0
0	501
27	34
0	34
0	12
0	0
0	14
0	2
0	12
0	14
0	12
0	0
0	12
0	4
0	4
0	14
0	23
0	143
32	143
0	25
6	25
0	4
0	0
2	0
2	0
6	138
83	652
26	736
3	78
8	152
6	85
5	28
21	204
9	2
0	2336
57	2614
14	2042
16	2163
3	55
2	35
0	1841
181	145
6	14
1	120
0	38
0	33
28	16
2	0
0	0
101	186
0	297
0	297
7	70
0	715
1	252
0	715
12	32
0	46
5	0
0	0
0	0
1	0
6	45
2	45
0	48
6	48
1	39
6	123
5	112
0	94
2	3
3	1
1	1
0	0
5	5
69	59
0	58
61	1404
0	1209
5	844
7	169
3	257
14	257
16	257
0	0
0	0
0	0
0	0
11	0
738	47
2	47
0	28
0	112
73	112
466	175
3	155
1	0
0	0
0	0
0	0
0	0
0	0
2138	303
144	303
0	36
16	26
0	28
0	24
1	0
1016	141
1	35
1	24
3	82
0	0
0	0
13	0
124	602
1	274
7	594
1	308
0	300
83	0
28	4
3	3
1	1
8	72
334	72
3	44
2	19
0	20
1	20
17	940
0	925
55	939
3	932
10	171
4	280
0	0
0	0
1311	125
0	20
18	105
114	841
73	901
6	60
4	415
0	276
5	46
11	265
7	226
0	0
0	0
0	1
0	1
0	0
0	1
22	59
8	50
1	91
1	41
5	20
0	4
9	4
0	0
0	2
0	0
0	0
0	1
0	1
37	9842
4117	2076
0	9494
26	1468
1	6
29	711
1	9151
1	6931
0	5359
242	254
0	1191
266	1980
15	596
10	396
18	13
4	617
1	1243
13	50
2	50
1	0
710	1211
4	984
0	547
0	173
0	228
1	4
0	4
0	4
8	67
1	264
0	325
8	22
0	54
0	189
1	16
0	21
30	2902
17	2733
3	2520
0	2
48	23
23	1018
4	46
0	210
0	44
1	106
0	2
0	2
0	2
0	0
0	2
1310	1783
7	1733
0	277
14	45
1	75
0	0
176	126
8	6
0	32
0	0
0	0
2	6
17	6
120	430
8	267
10	82
8	169
0	32
2	35
34	236
0	64
1	23
4	96
6	44
2	339
16	785
27	183
4	378
189	276
3	511
2	1118
38	237
0	4
1	1415
0	810
0	110
0	1
0	0
0	2
8	1421
487	749
0	757
0	0
0	84
1	8
0	757
0	0
966	2298
0	663
46	1728
15	5433
12	2460
0	5046
2	4952
5	2058
5	4762
70	3870
3	94
6	283
12	30
18	36
0	0
384	283
34	283
1	2211
0	292
0	222
10	229
3	414
20	2040
0	22
2	14
17	0
0	8
7	242
0	226
53	301
6	697
2	504
8	91
17	299
0	2182
1	260
0	2
2	2
0	9
2	0
0	2
2	2
0	0
1	262
2	269
28	2883
57	2420
2	2209
2	1806
11	1275
0	1480
0	629
0	974
9	755
0	270
0	1
0	526
4	225
4	203
7786	31692
30	24293
34	16865
7	14143
0	6664
3	36
0	8
1	15
0	18
0	18
0	36
1355	1298
18	1483
0	1132
0	1043
51	510
0	135
0	183
0	93
1	10
0	19
1	18
21	16
0	16
0	1
7	1671
1	265
63	1638
3	64
0	23
0	1414
0	5
0	15
0	2
721	1046
1	1022
3	148
46	1644
8	1444
0	13
1	0
0	0
0	184
2	214
66	296
2	307
8	294
0	13
0	14
3	319
0	346
19	90
0	76
0	23
2	38
0	37
0	6
0	41
0	41
12	0
0	302
1	2
0	2
1	60
0	46
0	59
0	59
0	19
0	6
0	4
0	11
0	3
0	0
1	1
0	0
0	31
0	294
0	294
0	1
0	0
0	28
3	297
1	149
6	232
0	12
0	48
1	12
74	569
103	643
6	646
1	0
1962	1564
1	1175
120	1560
4	1023
0	5
0	5
0	4
166	1790
0	1790
0	613
0	0
0	8
0	0
0	0
1	0
3	0
0	49
2	12
1	5
2	3
18	1
2	49
0	8
0	0
0	0
2	4
1364	720
6	30
21	2
0	26
5	690
481	0
11	135
0	135
302	1193
11	1193
0	0
0	1
0	1
1	22
0	22
0	0
878	2
0	0
0	0
0	0
0	0
0	0
315	126
11	1
52	125
40	0
0	0
0	131
0	10
3	450
19	459
46	224
0	10
1	124
10	10
0	9
0	66
0	69
0	1
0	0
0	2
0	3
0	3
0	1
2	2
0	0
14	4211
802	5403
18	0
4	0
0	5350
4	0
0	0
144	10554
284	10703
31	10458
8	1563
0	46
71	8
4	1363
47	2058
288	1
0	5
0	10700
0	10421
0	19
263	73
0	69
0	17
0	11
1	12
0	19
0	12
589	51
0	21
20	32
13	1
0	1
0	5
0	5
0	4
0	4
92	765
169	3320
8	98
42	3281
277	45
177	44
134	90
8	1
6	1
1	125
0	118
1	86
1	130
0	76
4	283
683	303
20	20
1	11
1	156
1	6
1	15
6	19
3	25
12	155
370	0
0	6772
0	3623
0	4196
0	282
15	663
0	1687
288	1229
21	574
0	185
0	1133
60	1228
159	3720
0	178
0	6924
5957	6
0	5
0	5
1346	198
0	104
0	28
3	66
1087	1598
36	1593
6	1556
510	630
0	626
0	73
0	26
3	28
3	1
2	2
0	0
0	0
0	0
0	0
0	0
0	0
0	0
0	0
0	0
19	144
0	0
0	0
0	0
0	0
0	0
0	0
0	0
0	0
0	0
0	0
0	0
82	479
29	432
3	171
2	200
6	96
46	66
0	10
34	59
0	475
7657	1816
69	1264
0	588
7	279
15	7
0	1
2	6
0	0
0	0
60	982
2061	984
0	0
0	0
20	0
31	11
2	11
0	0
902	1910
1	112
20	49
1	643
1	655
1	674
0	0
0	0
0	0
2	141
0	35
0	34
280	727
1	263
5	52
2	34
6	5
59	570
4	45
0	232
0	125
1	25
0	28
1	205
0	5
0	0
0	16
0	6
0	2
0	150
0	467
33	165
3	521
0	416
2	425
0	322
4	225
0	16
3	212
0	0
0	0
0	0
0	0
26	3374
2	3874
0	3382
0	3720
0	114
80	285
0	565
59	23
72	314
0	1001
0	684
1	815
12	498
8	796
6	204
2	82
55	39
7	58
230	18
1	0
2	5
0	1
4	16
0	0
0	0
0	0
1	7
1	7
0	10
0	20
0	20
2	10
0	1
0	0
0	0
0	0
0	0
0	0
201	3
0	0
0	3
455	476
6	78
1	429
0	34
1	24
0	25
0	0
0	0
1	65
0	48
7	65
0	0
0	35
6	17
0	81
0	9
21	111
0	47
0	0
0	0
9270	38320
5810	41241
83	25814
7	4328
5	5457
0	5021
0	39
0	5287
7	8592
15	1404
48	3650
145	1745
3	1707
2	1708
0	30
18	37
0	253
9	184
1	6
0	3
0	0
0	0
0	0
0	0
0	0
0	34
14	140
1	33
1581	209
0	0
0	0
0	0
0	1
0	0
0	0
0	0
0	0
0	0
112	684
188	255
75	11
0	631
316	10685
0	19857
88	17847
10	14006
0	14742
0	13213
718	20333
0	8853
0	22275
1	9776
3	2367
0	19874
0	0
0	0
0	0
163	1
0	0
0	0
0	0
0	0
0	0
0	0
0	0
546	101
0	39
2	62
0	0
1226	902
0	657
4	102
0	232
2	41
17	104
0	0
0	0
0	0
154	1226
3	107
12	733
248	157
5	86
0	459
2	281
3	368
2	236
1	450
30	418
4	418
3	30
18	0
15	1423
163	1423
0	9943
6	8078
54	8450
8	4539
10	239
82	10
0	17
72	1611
5	1352
0	10191
0	11177
0	3
354	1927
0	1967
2162	1274
153	2334
0	253
0	277
0	1968
8	625
0	280
2	447
547	1794
2	16
0	16
0	0
0	0
0	0
0	0
0	0
0	0
0	0
0	0
15	12
0	2
0	0
0	5
0	3
0	4
0	0
0	0
0	0
18	4763
0	0
15	3633
140	3633
7	66
2	3
232	1504
7327	1511
1	53
0	0
2	1
81	1858
4	527
0	977
26	1218
0	1858
1	283
0	1
34	1
464	2
13	5114
0	3838
0	2624
0	0
774	1752
0	4177
0	0
9	0
209	1346
4	1346
0	1290
12	9
15	88
40	62
1328	2401
0	2378
1	8
4	9
0	6
23	100
39	677
2	723
24	105
1	190
0	237
1	203
3	191
9	232
6	6
11	169
3	84
0	249
35	37
19	4819
3	4819
15	4807
76	0
0	0
0	0
0	42
1	42
17	26
0	3
1	6
2	1269
0	1555
35	1838
4	1546
0	830
0	597
8	294
199	5826
14	432
0	1478
5	985
12	5709
0	129
0	264
4	302
0	2626
0	119
0	0
1	0
25	0
34	1
69	12748
17	12747
3	1463
8	11719
3	9
0	212
0	32
550	2
4	393
35	838
73	840
3	0
0	342
0	930
8	1178
49	444
1	683
0	336
4	495
9	495
73	719
1	448
24	305
1	398
23	1
0	1153
22	3570
20	3746
5	3752
40	3792
0	70
0	73
30	3237
15	3571
0	3650
39	3773
6	207
0	78
6	81
11	384
0	161
1	193
0	8
2	42
5	96
1	11
2	12
39	18
0	17
0	13
1	0
0	3665
2	3428
234	3380
0	1678
0	2202
1	596
8	0
0	6
0	6
0	50
1	39
0	39
0	0
18	52
0	42
1850	1032
4	226
1	59
186	414
210	759
2400	820
0	6
0	814
6	4
1	3
3	38
7	0
174	7
0	2
1	2
2	2
0	1016
1	934
0	1038
18	610
0	196
5	172
2	1075
170	1142
6	190
13	89
1	27
13	86
5	10
625	49
0	23
0	26
7	4
17	532
0	176
5	549
14	548
0	529
0	0
0	2
520	2
21	442
161	496
6	430
25	332
0	138
89	262
21	15
0	28
8	1826
64	1561
0	1529
0	1508
0	1347
0	252
77	172
7	413
8	71
1	422
3	34
1	47
0	151
445	1
0	0
0	0
0	0
0	0
0	501
17	185
0	212
56	501
3	0
36	236
40	256
0	448
2	467
9	137
3	75
4	40
19	43
0	0
0	0
0	0
0	0
0	0
0	0
181	1661
47	1096
151	1125
19	1440
0	4
1	292
13	178
0	1484
2	4
0	0
0	4
0	5
0	4
0	3
0	4
0	4
0	0
0	4
9	1
3	24
2	24
20	135
0	2
0	4
1	0
0	0
0	31
0	30
0	42
7	79
235	327
1	21
0	11
3	103
13	39
0	0
89	5101
0	7021
212	6157
1	8622
200	5480
78	303
3	4441
7	3618
0	139
0	416
0	0
0	0
39	2197
420	2262
94	2121
3	1183
0	0
0	0
0	0
0	0
0	0
0	0
0	1
733	2276
1	642
12	1046
7	815
1	1083
60	4507
53	2739
8	657
0	425
1	43
24	3092
53	281
0	810
5	429
1021	0
2213	320
0	71
3	1784
9	248
3	1208
182	149
1	1548
2	0
0	240
0	633
0	1377
2	1
19	273
12	0
11	11
10	163
8	116
0	110
21	139
0	643
79	187
1	464
9	214
14	127
237	7415
5	8143
8	4417
677	6169
84	6686
0	1
0	1
0	205
468	306
0	4
9	300
0	11039
12	4363
4	10213
278	4828
1	7608
90	990
0	2944
0	10672
1151	4141
0	4170
4	1690
0	1125
1	275
0	23
185	830
0	286
1	224
0	110
85	2615
5	4095
52	4059
0	4166
705	4
0	54
673	11485
6	1
1	1
564	460
1	0
0	387
1053	11297
1	116
1	13
163	960
3	5558
10	5073
16	4754
11	347
0	788
0	9
0	4
0	4
0	19
9	196
73	180
0	31
1	36
0	16
174	984
6	739
5	500
18	520
14	838
0	130
0	0
10	16
34	16
0	31
803	820
11	842
161	1749
42	94
20	316
0	17
0	66
20	1628
124	682
11	478
18	247
0	30
0	207
2966	1417
0	268
6	236
38	172
0	37
0	579
0	560
0	1575
49	1657
0	1719
1	1379
2	1284
0	745
3	30
4	302
4	143
0	155
0	31
20	257
1	214
0	1
0	71
0	10
0	4
0	75
2	1600
11	226
0	11
2911	335
6	9
8	187
0	12
1	0
0	4
3	7
0	95
2646	30003
28	33462
333	33817
315	31053
41	11531
666	194
3	0
7	23
32	170
16	5
0	1
0	1
3	1
1	0
0	0
0	0
95	304
38	284
2	63
1	31
2	1049
13	1051
18	986
0	11
0	983
0	61
1	66
0	1041
0	0
0	0
14	329
29	329
51	329
0	0
0	0
3	0
0	0
354	192
0	168
2	24
0	4
1993	258
5	154
9	19
15	87
0	0
7	0
0	0
8	1
0	1
0	1
2	0
0	0
0	0
47	267
19	267
1	0
2	0
2	0
0	0
0	0
0	0
0	0
1	1188
0	1087
1	1037
23	1131
11	0
0	73
3	59
1541	18427
0	17992
263	17704
2	12867
99	10076
23	2781
1	151
10	28
132	382
9	286
4	345
65	293
0	41
4	97
0	0
6	3
2	6
0	0
0	0
1	3
0	3
109	41
0	41
0	0
1023	664
0	250
2	564
2282	482
0	26
0	128
1	59
0	0
51	1
0	4
4	106
18	104
4	75
3	106
0	721
4	13574
3	875
1103	13572
0	13582
0	0
0	0
0	0
0	0
0	137
0	137
0	20
7	37
0	0
0	0
0	0
6631	7
13	32
2	34
0	1
0	0
0	2
17	3
0	0
9	1404
31	897
70	1163
6	972
181	19
3	205
167	1324
0	0
0	0
0	0
0	0
0	0
485	106
0	27
1	1
4	79
0	0
0	0
0	0
168	1652
4	1100
123	1546
47	1291
26	14
4	55
13	992
5934	3181
5	1005
9	842
30	666
0	1071
212	726
1541	17472
469	17370
219	17364
7	17369
7	2322
0	881
0	882
5	105
344	515
17	155
0	139
5	9
99	0
0	0
0	2103
141	2113
0	862
0	51
7	37
0	2183
1	11
0	17
2	9
5	3
0	0
24	316
2	9
3	5
2	5
8	0
5916	4854
1	3698
0	930
31	30
33	34
1	282
82	3893
107	1442
14	1465
0	44
11	448
6	395
87	148
62	282
399	100
3	390
24	102
5	0
0	7
0	7
7	535
13	11
1	27
0	28
0	531
56	453
6	42
2	39
128	63
2	16
4	62
0	0
112	214
2	213
0	17
0	4
0	11
0	1
0	0
0	0
0	0
0	0
0	0
0	19
4	18
0	20
3	19
5	19
0	1
0	19
4	0
4	143
0	137
0	2
1	0
0	6
0	0
0	0
5	42
7	49
1	4
0	0
5	11
0	8
706	471
28	472
68	473
0	469
94	1645
13	1570
242	1228
0	15
210	15
0	16
0	0
1	0
0	0
0	0
6	1051
0	887
0	773
5	3
3	2
324	59
5	4
0	53
4	5
1329	1
0	46
0	27
0	0
2	484
3	484
284	865
715	1538
33	17
0	752
6	84
8	103
0	21
0	14
22	13
89	1286
0	860
0	622
0	627
1	441
0	1033
8	1016
0	717
0	818
0	502
0	99
0	72
3	149
0	67
0	0
0	1
0	1
0	1
0	0
0	0
0	0
0	0
0	0
0	0
287	7581
6	7567
1	315
14	11
0	655
2	28
19	54
54	2364
6	6
7	22
4	2364
0	1
0	1
462	1078
2	549
64	340
0	166
76	333
0	0
0	332
0	110
0	0
0	6
0	7
0	11
0	11
0	25
3	332
0	232
0	1
0	0
3	21
297	2144
0	2006
0	97
0	120
19	85
36	976
14	208
11	203
3	143
3	223
2	0
0	0
2	0
0	0
227	1981
36	2071
0	14
9	32
5	310
5	418
50	1120
0	153
0	152
0	153
63	79
6	125
6	97
13	47
5	85
30	78
10	91
4	64
61	796
9	437
356	1232
0	0
0	0
0	6
0	6
0	0
0	0
0	0
0	6
1	6
0	6
174	0
3	0
0	1
0	1
0	1
0	1
20	22
0	18
1	0
5	4
0	0
0	0
0	0
2	396
385	1280
3	41
0	1079
10	30
0	10
17	115
0	482
0	8
31	6839
127	1122
1	1002
31	746
0	6031
295	0
0	2
0	0
0	0
0	0
0	2
0	0
0	0
0	0
0	0
0	0
0	0
0	953
416	957
0	124
4	48
92	2819
24	2543
0	1389
0	1544
14	1803
0	1172
83	1374
0	748
1	51
0	197
7	11
0	73
214	4
3	3
16	1549
0	1777
7	1923
0	1348
0	374
0	24
27	80
0	2
0	2
0	1
0	1
8	377
16	398
0	47
0	4
0	641
0	631
0	307
0	502
6	0
3	1
0	0
0	1
0	0
0	74
19	641
21	15
0	15
1985	20
2	15
0	5
72	0
11	900
0	4
0	296
1	22
0	2
0	8
0	1
0	0
0	8
306	205
12	76
14	63
0	0
0	66
0	18
116	93
0	93
29	1601
1216	2305
8	2357
121	2116
47	1295
2	798
0	623
1	576
3	490
332	496
422	204
0	1886
35	1697
47	299
150	525
123	715
8	407
17	1863
637	3059
0	2864
11	7
6	78
9	19
16	35
0	0
0	453
2	755
3	535
0	77
1	0
3	908
34	1618
0	1459
2	292
3	280
2	32
0	1722
0	1625
1	2566
0	0
69	2702
30	1583
1	1338
0	132
128	647
0	643
0	1637
0	186
5	1
13	0
0	727
106	727
1	0
0	21
2	0
3	343
363	673
9	214
7	356
12	125
0	0
25	2741
16	1229
2	585
82	2397
276	460
1	0
1	27
0	39
3	98
0	159
2	117
3	110
14	225
0	19
0	0
0	0
0	0
0	0
0	0
0	0
0	0
0	0
1	1607
4	23
1	168
0	1539
7	53
0	1205
0	0
0	0
1	24
0	1404
27	1404
0	204
0	90
7	674
0	53
0	0
0	590
0	760
0	868
0	698
0	647
0	770
0	31
23	294
8	55
67	6
1	6
0	0
0	0
0	0
86	30
0	30
0	4
105	0
111	1519
56	600
7	1477
0	1
0	3
6	233
0	0
1	0
0	0
0	0
0	0
0	744
2	757
0	439
4	4
6	28
4	12
0	22
4	14
0	14
252	788
318	188
0	187
0	27
2	2
0	2
0	0
1	184
7	181
0	22
0	48
0	1
0	205
0	1777
8	802
0	1209
2	1585
0	1849
1	1417
2	0
2	268
0	1777
0	0
0	0
0	0
0	0
0	0
0	43
22	43
0	0
0	0
1385	888
37	888
0	2861
17	2935
0	2926
2	2528
0	243
86	258
55	86
0	144
20	108
0	89
5	34
0	104
0	68
0	35
20	5
0	2929
619	326
1	159
0	158
0	160
2	233
1	0
0	33
0	24
3	68
0	82
4	68
0	140
0	74
2	0
155	336
1	111
7	317
2	53
0	97
0	0
0	0
0	0
0	0
0	0
1	221
39	221
0	1
1	0
564	6
15	6
14	686
5	1085
1	1022
1	122
0	862
0	22
8	319
2	7
0	657
0	6
3	17
6	0
1	5
0	5
68	3208
0	1
17	1
11	2
3	1
2	1
1	201
26	2338
0	2511
42	568
0	0
4	250
1	0
5	0
0	3238
0	45
17	211
1	77
0	459
4	352
0	13
0	0
0	0
48	0
0	318
0	154
24	319
4	15
0	14
0	31
0	31
0	0
0	0
15	3
0	3
1046	76
2	74
2378	1447
5	1308
43	146
1	4899
1211	4901
1071	27
1	15
5	11
2	1
1	177
0	3
0	344
0	694
0	2562
28	2695
0	146
0	511
8	1349
0	793
0	2417
0	2073
1	909
0	450
0	0
3	1450
41	3
0	471
0	1464
0	0
6	1
5	446
3	452
1	1
2	451
0	3
4	26
12	381
11	407
4	407
17	290
0	267
0	268
1	608
1	665
0	30
0	10
0	50
0	2
0	11
0	665
0	0
0	0
0	0
0	0
0	0
0	0
8	34841
0	35674
1	11394
1	11873
0	17531
3	31
1	891
1	1027
376	4262
1	696
19	2723
0	514
878	0
322	134
19	134
367	1
1	0
0	0
112	5
0	12
0	1
2	9
0	2
0	14
0	0
0	11
80	23
1	0
0	0
3	2
0	1
0	0
0	0
7	1
1	1
3	0
59	317
0	317
6	91
1	66
0	0
0	3
0	10
10	3
0	2
0	0
39	7
4	0
0	7
0	4
0	4
12	4
0	0
0	0
11	0
0	0
0	0
21858	20
694	294
0	155
0	93
0	160
1550	2
160	0
4	4
2	0
0	4
0	0
0	0
0	0
0	0
0	0
0	0
0	0
0	0
25	0
0	0
74	0
2	0
396	0
27	0
1	519
0	528
7	303
14	168
1	136
0	15
0	23
2	10
0	10
0	0
3	0
0	0
0	0
0	0
0	0
0	0
0	0
0	0
0	0
0	0
0	0
0	0
0	0
0	0
0	0
0	0
0	0
0	0
0	0
0	0
0	0
494	144
12	144
0	0
0	0
0	474
22	484
129	958
455	9680
1679	9679
0	914
2	0
92	2360
0	1341
31	498
2	97
3	6
0	2
8	659
0	686
0	630
0	34
349	672
0	1113
0	0
2	8
0	9
0	7
0	1
0	0
0	0
0	0
0	0
0	0
0	0
0	0
0	3
0	3
0	3
0	0
0	0
0	0
3	32
1	32
0	11
0	0
1	1
0	1
0	1
0	0
100	1657
27	1657
0	3
0	3
0	1
428	0
361	369
2	1
0	369
0	0
0	0
0	0
0	0
0	0
0	3
0	8
0	10
0	7
0	6
0	8
0	9
0	10
3	0
0	0
0	8
0	8
110	1802
0	1635
12	1174
3	104
0	1448
0	234
4	833
9	866
1	438
0	685
0	679
0	435
0	7
1	424
0	0
1	322
0	409
0	38
0	789
2	13
15	1
12	48
0	797
0	10
0	10
0	10
0	3
0	2
0	0
4	0
0	0
0	0
95	479
0	479
0	32
0	7095
98	5250
0	2936
8	6040
3	165
24	2771
4	29
3	36
18	18
15	6230
0	644
0	4230
6	271
0	6329
0	0
0	2
0	79
0	25
0	17
0	28
0	59
0	19
1	78
0	78
2120	1662
1	232
0	1431
26	1956
215	1518
12	4
2	236
4	449
3	264
3051	814
1	15
0	149
1	177
0	217
5	68
2	42
18	236
1	236
987	731
0	65
0	548
0	189
1	87
0	75
0	31
2	72
0	648
35	126
2	128
0	46
2	2
2	2
213	16
0	16
38	6
0	0
0	4
0	2
0	3826
2346	3827
0	1319
0	0
0	0
0	0
0	0
34	0
13	110
0	0
0	0
0	0
0	1
457	589
0	238
1	0
77	294
3	192
0	326
0	302
6	98
7	56
0	56
0	155
0	4
0	25
1	12
5	17
1	5
0	68
112	808
0	808
3	801
6	160
0	166
0	276
16	316
3	383
1	436
7	112
252	57573
0	31796
9	51035
0	50967
0	51040
5	30027
2	29973
71	8122
0	7172
6	3869
0	1280
1	191
14	408
0	400
0	243
0	1080
0	46
0	1
0	5
2	585
0	391
0	1071
51	946
45	815
0	176
0	187
0	243
1	581
0	0
0	430
289	2433
0	2431
6	448
9	4
1	561
3	144
376	411
5	159
3	1
6	99
0	77
0	78
30	80
3	80
4	92
1	96
0	11
3	0
0	6
4	6
131	738
120	738
13	160
0	127
0	132
0	22
0	150
0	166
0	141
0	125
0	0
0	126
0	104
0	100
4	99
0	33
739	967
5	58
0	0
0	11
3	47
0	1013
51	311
0	0
14	246
0	368
23	18
0	0
0	277
2	24
0	23
0	21
0	69
17	628
0	51
6	171
17	67
7	530
0	0
0	0
766	339
1	52
0	179
1	189
6	189
0	226
0	9
0	49
3	0
20	59
1	1
0	1
0	1
0	0
0	0
73	140
0	138
2	25
0	26
0	0
26	1
0	0
0	0
14	3413
2940	3416
1	126
508	663
0	22
1	1
99	464
1	463
1	524
24	548
44	114
0	110
3068	10255
15	382
1	87
75	9986
209	507
20	374
13	595
14	85
24	1266
0	472
7	469
45	527
0	3
1	508
0	52
1	1244
0	494
3	2394
24	1516
16	1583
4	1383
1	13
3	166
4	1
0	0
0	0
0	0
1235	0
0	0
0	0
13927	7
3	0
797	27
1	25
1525	7122
0	7121
2	82
13	92
0	10
0	0
5	14
0	0
0	14
0	0
0	3
0	3
0	0
1	67
0	0
4	67
8	1
6	142
0	125
0	118
1	86
11	0
1	5
17	8
269	868
0	586
1	171
0	272
0	631
4	281
441	39
10	39
0	8
0	9
4	943
0	982
1	771
38	794
5	364
0	569
28	0
2	558
0	1679
4	519
0	637
0	630
0	1754
0	90
8	404
0	763
0	398
0	45
2	3
3	0
3	77
0	0
1	32
93	4673
6	0
261	4121
0	4774
69	3527
51	685
6	642
0	703
16	73
6158	1271
1	308
0	662
2	0
2543	16143
25	14839
85	1328
22	366
95	1458
93	299
6	1806
239	1651
0	3723
0	1735
313	3644
979	3673
114	1280
52	8
0	133
65	1
2	464
68	1422
23	1441
27	1373
0	0
1	110
0	1
0	3033
86	2931
0	3743
89	3699
0	2361
2	1893
101	1680
0	1815
10	1353
40	1344
0	1066
0	1016
6	986
0	9177
394	9084
0	8351
1	1058
8	674
2	469
136	234
0	16
0	6
64	5
1	10
4	10
3	0
0	8375
29	9181
0	3779
0	3064
0	3446
0	4
2	5
0	13
0	58
0	14
6	1179
6	1158
0	1111
0	1092
0	1024
29	741
31	909
1	7
4	119
5	3
364	3437
0	1812
2	3437
936	53
0	449
9	74
0	185
312	738
0	16
5	8
0	20
0	252
11	661
0	128
0	152
0	30
0	29
0	20
7	34
0	16
33	0
2	1
2	9
0	32
0	124
1	68
32	9
1	96
0	1
2	0
13	91
9	23
0	0
0	34
0	0
967	123
1	119
117	1199
0	1097
0	1120
0	1227
0	17
120	3
1	0
0	34
0	8
1295	1329
25	1229
52	1138
0	318
34	41
4	65
9	0
304	147
2	147
383	3295
262	3295
0	346
707	346
2	344
0	0
789	0
11	0
238	116
3	116
141	41
4	41
0	1340
0	1146
4	936
0	900
0	471
3	99
58	201
0	2483
0	1457
0	3398
0	2262
13	0
4	210
0	35
0	3247
1626	3525
1	14
21	14
3	0
35624	264
3	58
80	171
1034	575
24	575
10961	675
51	650
14	16
0	20
1	11
0	12
0	12
0	9
0	21
0	155
0	143
8	0
0	0
0	0
0	30
606	1296
30	1283
14	0
25	898
0	75
2	11
0	31
8	1
30693	413
3	388
828	766
6	351
9	496
0	303
0	150
2	0
0	0
0	0
0	0
0	3
0	3
23	7
0	2
3	0
0	0
0	0
0	0
0	0
0	116
5	323
4	258
0	0
0	0
0	209
1	52
1	101
0	0
1	47
1	14
0	1379
14	1673
0	272
5	1243
0	503
1	317
1	536
0	202
2	65
0	411
2	300
6	295
2	234
0	26
4	2
0	43
8	350
0	332
0	429
0	503
0	30
1	0
49	8072
1	6622
0	2009
132	7950
52	78
15	3004
10	2463
5	3217
13	21
3	220
27	43
0	71
313	236
16	104
0	187
10	167
12	0
587	10397
6	14129
0	10032
108	9216
1	5721
17	4
13	0
66	589
15	894
3	13
1	1232
8	0
0	97
1	97
0	97
2	97
0	97
1	96
0	49
0	2
0	1
2	93
2	4
369	393
1	46
0	153
0	49
0	0
3	150
0	11
0	9
0	11
6	116
1	57
1535	82
0	16
0	66
0	1
0	1
5607	1
2	546
5	380
3	404
1	397
0	129
6	2
46	1
3	301
3	41
6	29
0	19
3	1
0	0
0	241
2	252
0	209
0	7
0	136
2	59
3	49
1	10
2	15
39	365
0	365
0	92
0	10
0	2
0	2
0	1
0	0
0	3678
44	3233
139	3700
2	10
1	195
0	222
1	176
0	871
4	561
3	153
0	368
1160	1666
38	1667
7	85
0	36
4	102
6	59
1	0
0	0
0	0
0	0
0	0
0	2
2	0
3	3
10	6669
0	314
0	48
11	106
0	6660
240	497
2	0
717	1833
597	1740
0	0
0	1
0	1
0	0
0	0
0	0
0	1
61	2262
43	2006
13	78
0	4
12	9
26	471
20	35
18	34
5	3
45	1436
14	34
6	478
194	14362
23	1004
19	1623
1	35
2	37
8	279
0	1488
0	14148
0	169
0	2453
3	126
0	1
32	220
0	56
4	126
1	57
8	414
11	16
28	164
106	164
0	8
2	0
0	1
20	984
104	147
2	134
14	918
87	934
3	347
5	428
7	919
10	294
2	273
0	262
0	236
0	105
2	113
0	40
40	39
0	190
2	294
1	185
0	186
0	21
0	19
0	18
0	19
0	20
0	1
0	3
0	3
0	0
0	0
0	0
0	0
118	740
0	740
0	138
5	79
3	3
11	0
1	0
1	0
0	1782
68	1856
54	1469
37	472
0	208
1	96
59	381
137	142
0	196
2828	1551
29	738
21	174
51	587
7	40
4	187
0	53
4	53
0	0
27	460
457	1073
48	197
24	888
0	52
13	41
10	56
0	16
0	5
2	1
1	1
770	98
0	25
7	91
0	1
905	4
0	3
0	3
0	6
0	3
0	0
0	0
0	0
0	0
0	3
0	0
36	2630
15	1938
44	1739
27	1067
14	1832
20	1932
14	1268
20	337
5	34
0	23
9	11
1	12
1	0
2	12
0	23
4	0
0	0
11	2637
0	267
0	0
11	57
91	234
104	1777
1631	7679
0	6721
3	6320
23	6018
111	6036
0	91
7	127
25	102
1	41
12	56
0	34
0	41
0	40
1	0
0	0
0	7
0	2
0	6
0	1
0	5
71	11
0	11
0	0
3529	795
0	574
16	152
16	227
159	0
39	289
0	20
0	2
0	265
6	0
0	4
0	3
2	63
0	17
0	16
0	14
35	512
0	597
7	618
0	73
0	0
4076	1089
43	485
8	972
0	0
0	0
0	0
0	0
0	0
0	0
2	403
18	1446
323	1446
4	176
17	152
4053	1468
6	10
1	9
0	1291
2	2786
4	936
8	386
0	2474
0	2888
0	1009
13	92
1	12
0	25
0	2368
6	6
0	6
0	0
0	0
0	0
0	0
0	0
2	0
0	0
0	28
90	28
1	1
4	1
319	1638
33	1622
50	1570
14	839
5	758
3	13
0	662
4	69
15	0
0	109
11	0
87	0
0	21
8	41
0	44
0	34
8	3
15	0
268	170
1	0
0	3
4	105
0	4
0	103
0	22
11	108
0	15
69	2309
0	533
46	177
0	397
66	2099
2136	1624
0	503
1490	1059
4	57
6	94
6	74
103	91
71	1
6	0
0	0
0	0
0	0
2095	555
42	1
7	0
0	110
0	377
3	0
3	90
0	0
0	0
0	0
15	2798
0	3797
7	1253
0	28
0	369
0	188
0	71
2	154
3	0
1	31
0	77
0	62
1	48
1	34
0	45
10	35
0	1
0	0
0	1147
0	0
0	0
0	0
0	0
521	0
8641	9097
1119	7778
145	7875
0	1586
0	41
38	83
19	484
34	414
1	0
0	0
0	0
0	0
0	0
41	143
0	133
0	139
1	0
0	0
4	0
4	0
0	1
81	22996
1	2243
0	22996
2	251
9	314
6	244
3	51
496	309
0	1
1	307
0	126
0	0
24	34
0	30
0	10
0	15
5	0
0	21
11	10
41	11
7	21
0	0
0	8
3	2412
99	3077
23	2676
0	926
3	107
2	15
5	914
3	2868
0	3909
0	139
0	503
0	10
0	3611
0	3603
0	3673
44	6954
41	10122
31	1828
0	5176
0	5507
28	5453
2	128
1	23
0	98
0	4166
48	353
3	1
78	7320
0	2210
49	150
27	65
0	242
21	301
440	1
10	72
0	64
0	2301
0	2498
0	15
9	109
12	156
3	93
18	2
0	13
0	4
0	12
0	1250
2	120
1488	192
0	192
3	0
2476	504
1	81
0	0
0	0
51	502
9	878
1	635
0	784
6	191
58	638
4	1
0	1
2	0
0	1
0	0
15	1
0	0
10541	5797
6	5792
0	897
0	826
57	139
0	40
0	20
18	603
11	342
0	0
2	28
24	850
65	8239
315	2440
0	6705
39	7095
0	2605
0	1706
0	11
0	24
221	1331
40	1331
10	447
0	71
8	1
0	143
0	199
1	240
0	0
0	0
0	0
0	0
0	0
0	1128
1905	1327
0	21
1	36
11	81
13	61
344	358
3	261
13	95
0	204
2457	2198
4	1767
5	1916
0	0
1	550
3	367
0	270
0	0
0	0
0	0
0	0
0	0
0	0
0	0
2	47
2	68
0	72
0	8
59	1531
1	1600
48	822
0	28
0	1
160	0
1	0
127	180
63	175
0	2
0	20
0	6
2	22
0	11
3	1
0	1
1	6
0	0
0	0
0	0
0	0
0	0
2522	1322
8	1215
17	38
8	4
8	4
1	592
5	100
5	0
0	0
0	0
0	0
8	5
0	5
7170	3051
46	311
55	784
34	430
97	42
125	624
64	755
0	0
0	0
7141	269
21	102
2	257
0	257
20	367
129	4234
1	388
35	3090
12	2882
9	32
2	0
24	157
0	1146
0	1036
205	1154
0	106
4156	1150
2	0
70	1313
197	1313
1	89
0	0
0	69
0	13
0	13
0	0
0	0
1	0
0	0
0	0
5298	204
3	200
1	5330
0	5010
32	149
7	146
0	75
2	3904
11	5143
1114	1263
1	1081
0	1264
11	2
0	0
0	2
1230	28
8	3
2	25
8	7
123	392
1336	611
0	142
48	16
0	43
15	125
31	511
0	142
0	102
3	418
0	237
2	0
0	38
0	38
0	24
0	78
217	5145
0	1
2	214
0	4108
0	3286
1	4184
0	89
1	2071
20	317
0	196
0	305
2951	2
12	1566
115	1547
7	643
141	4
4	86
93	79
12	135
4	13
14	2
927	21
0	0
5	0
0	21
94	0
0	17
0	17
0	4
0	15
0	9
58	775
51	784
20	408
16	216
17	87
0	103
7	4
0	241
12	964
259	965
4	2
0	7
0	5
1	70
3	14
0	20
0	11
0	1
4	0
0	0
0	0
1	7
0	0
0	0
0	70
295	119
0	55
1550	955
126	957
193	265
0	99
0	114
2	117
3	106
5	0
47	67
0	23
353	5702
14	5702
23	335
0	334
0	144
4	143
64	181
1	209
4366	1045
2	670
113	1042
18	10
349	530
8	206
0	8
0	0
0	8
312	225
83	174
15	230
0	63
26	199
14	1
2	1
0	45
1	22
0	233
804	6
0	0
0	0
0	0
0	0
0	0
0	526
4	526
23	302
45	846
0	651
0	731
0	392
10	3
0	24
0	800
0	3
0	42
0	43
0	41
0	65
1	38
1	11
0	16
0	56
0	3273
68	2573
0	3224
0	2151
1	28
1	191
15	3006
284	12022
2	831
440	7944
11	0
7	11125
0	10274
0	212
2	0
0	957
5	424
0	543
31	1456
301	2437
0	1057
1	1544
0	1119
0	2839
0	2676
25	337
16	224
3	181
3	246
3	136
97	124
0	20
8	23
0	37
28	3
5	185
21	120
0	100
46	159
20	6
0	135
8	658
10	569
5	326
26	374
48	337
1	38
3	751
156	1334
3	1093
3	206
5	179
0	0
44	2877
7	2877
179	2870
1	16
10	15
12	365
0	17
12	2299
1921	2306
35	6
315	0
0	76
1	83
0	76
0	4
0	12
0	0
0	0
0	0
0	0
0	0
0	0
2	0
0	0
0	0
49	315
11	313
158	32
2	31
4022	71
0	0
1	71
5	50
33	1256
0	44
3	35
4	87
306	1269
181	544
4	544
220	181
8	181
0	57
0	201
0	687
0	694
171	357
51	239
87	2
26	406
0	37
0	166
15	168
0	144
6	5
0	75
311	0
0	0
0	0
0	0
1937	573
0	569
30	0
180	6102
92	6540
1	180
0	0
41	6380
514	179
0	134
10	5
3	0
0	40
107	1336
1	1366
3	1336
92	1380
5	728
5	400
0	132
15	68
0	70
298	6231
3	4077
78	0
0	3799
0	6231
44	0
52	5
80	5281
30	3114
9	5276
156	1564
4	448
0	213
0	1084
3	32
0	9
8	39
0	56
1	18
0	17
14	229
31	2425
0	2814
13	1494
0	301
7	566
1	28
0	1386
12	299
2	441
69	19
0	18
82	254
372	434
5431	3
3	719
0	1023
10	1011
18	1013
9	1
3	235
67	257
0	1006
6	9944
397	10198
172	198
12	1433
128	1670
15	974
4	13
21	329
0	1
46	256
2	10
21	0
9	0
0	8623
0	8608
14	796
17	1654
83	2114
0	2237
3	0
0	66
0	25
0	2071
16	422
2603	422
0	6
808	6
0	2
0	1
16	44
1	40
17	18
1	0
0	0
804	1212
0	1142
0	5
1	87
4	740
110	735
15	318
11	351
0	499
29	16
1	9
0	8
4924	11
0	5
2	1
9	0
1	0
1103	2806
0	1991
2	957
0	14
9	2120
212	1899
88	881
9	171
20	153
2	48
0	137
0	36
0	0
6	0
0	2
126	3414
1	2961
4	2226
7	661
8	3
0	4719
151	724
3	723
0	152
2	613
0	2
35	254
1	191
0	618
173	15733
572	15729
68	15733
6	13738
3	6464
79	679
2	581
50	2112
1	622
84	732
0	423
3	99
0	15330
2614	0
41	518
0	489
0	290
3	301
0	0
44	510
0	4
0	91
5	4
0	17
0	6
0	5
0	8
0	0
0	0
0	1
1	8
0	2
0	0
0	0
0	17
0	0
164	377
24	376
2	3873
173	4375
0	1038
0	380
2	183
0	174
1	15
44	2212
3	54
1	263
0	2242
7	1858
96	40
71	70
29	4
1506	0
985	0
5	0
10	896
1	412
484	1566
735	90
13	90
1	1354
0	648
29	719
6	889
5	1
8	2
15	273
2098	872
3	871
12	442
761	278
0	307
1	116
6	151
0	171
1	171
5	168
1	144
0	21
0	105
0	34
0	50
1	3
14	0
6	0
17	93
3	93
18	6554
7	1112
2274	7188
0	746
1208	1388
123	1202
339	5566
0	0
0	1154
8	1154
5	635
19	1158
0	6
13	867
50	0
0	4
0	31
0	4
63	8
2	271
0	304
6679	1409
0	1261
0	1351
69	785
0	1229
0	1218
130	2341
0	1186
3	1904
21	466
11	203
1	0
0	0
0	0
0	0
0	0
0	0
1	0
1	0
213	161
1	5
0	90
1	105
485	631
0	510
0	475
17	468
0	419
7	0
0	409
0	29
2	6
0	39
0	51
0	115
1	9
1	2
1	2
1760	364
0	24
8	19
0	0
12	362
76	1159
90	1159
4	93
78	0
3	2102
42	5056
1	4250
0	3944
28	1472
0	338
0	158
2	336
3	49
1	2712
0	3670
2	3576
0	3603
11	3576
21	1091
3	151
0	4
8	5
7	783
506	151
0	90
0	705
0	861
1	10
2	8
121	784
60	716
5	43
0	0
2	0
0	2
0	0
428	0
0	4
7	4
3	0
10	188
0	184
0	152
16	130
1	0
0	28
0	6
1	130
0	0
5	1
0	1
0	0
0	0
0	0
0	0
0	0
0	0
0	0
0	0
0	0
0	0
0	0
0	0
0	0
0	0
0	0
0	0
0	0
0	0
1137	1503
0	1501
0	136
1	126
51	38
0	38
3	27
0	1
0	1
0	1
0	0
0	0
11	864
128	887
0	272
1	63
0	17
28	0
13	0
0	35
0	34
0	13
0	0
2	0
1	0
1	0
2	0
0	0
0	32
15	0
0	0
3	745
0	568
0	762
0	194
10	352
0	175
65	0
0	0
0	730
392	1412
10	1412
146	397
8	1108
253	3758
302	3758
11	0
145	471
3	33
5	3
4	1
915	438
8	83
1	178
36	58
0	3159
23	3109
0	21
12	2
3	31
1	47
25	62
1	499
7	462
0	66
21	2884
22	65
4	60
0	64
0	0
0	0
243	0
0	272
2	284
0	289
2	276
2	272
0	100
2	46
19	5
13	14
0	0
0	1
0	0
4	13
2	17
285	2933
212	2362
1	2754
7	341
2	129
0	2401
0	0
0	43
33	151
2	23
167	2
0	2
303	1
0	120
0	118
48	39
0	423
15	421
1	326
0	370
18	36
0	8
1	0
0	8
970	5295
27	5187
0	838
0	95
6	189
4	189
3	143
0	7
1	1
0	0
11	29
0	29
0	11
0	0
0	0
30467	59341
1238	57753
487	2251
40	325
0	67
0	67
0	27
614	19
1	19
6	28
6	545
28	379
0	25
0	90
0	77
0	2
10	55
1	69
0	11
0	141
2	7
27	1043
0	949
245	166
5	21
13	18
14	18
0	34
31	54
0	48
2	179
3	53
29	117
6	0
1	513
0	473
7	452
4	552
9	591
1333	2
62	3221
62	3637
38	1725
1	551
3	135
0	294
1155	8116
13	2295
0	2165
6	7877
64	1655
0	1067
5	1170
0	411
23	479
0	60
1909	789
7	786
9	113
2	210
5	205
0	123
5	96
6	3
47	17
101	451
5	535
0	478
0	55
0	94
8	45
0	0
0	0
0	0
17	47
0	47
27	71
1	186
15	138
0	188
1383	0
0	0
1	3
8	3
0	1089
0	108
13	648
1	9
0	12
0	1173
0	0
5	168
0	167
1	80
6	62
1	75
47	157
0	70
0	29
34	276
1	169
2	107
0	0
0	0
4	66
63	89
0	5
0	62
3	44
82	34
40	28
0	1
38	5
339	714
3	714
95	1046
185	1122
8	124
1	23
1	5
0	0
0	5
0	0
0	0
0	1
0	2
0	0
1	5
28	12
0	12
0	53
3	241
0	276
13	272
0	69
1	55
0	264
0	84
58	69
0	157
0	352
2	217
5	236
3	302
3	3
1	0
0	0
0	21
0	52
8	29
1	15
0	132
0	140
0	0
0	0
0	0
0	0
0	0
0	0
0	45
0	0
0	0
0	0
0	50
0	20
1	0
2	50
0	49
0	10
0	1
0	0
0	1
585	9290
349	7954
552	9113
17	151
72	2452
12	90
2	133
4	174
1	6
9	18
0	2452
6	47
7	0
8	47
1	4911
107	4860
38	3843
25	3722
0	0
6	308
8	2075
0	2717
0	0
0	8
0	2
0	2
1	3
8	3
0	9
2	3
3	3
0	1
34282	25
11	307
77	300
51	226
3	95
0	104
1	90
1	45
0	1
0	0
1526	1426
0	1021
0	689
9	32
220	111
3	111
294	18374
40	14724
2	2020
36	15026
0	173
1	512
0	2203
1	1817
0	2107
0	1230
703	0
1	374
2	228
11	43
17	41
6	746
2	253
522	1530
4	1293
92	845
107	416
195	614
15	608
84	486
98	452
8	477
5	283
1479	2
27	40
0	40
42	2
0	1
0	1
0	0
455	35
1	35
484	2
2	0
47	782
3	273
0	50
0	509
1	0
0	14
3	21
17	21
1	6
15	112
5	180
0	110
0	181
0	19
3	41
18	0
234	233
92	233
2	0
0	0
0	0
0	0
233	4180
19	221
56	1156
11	276
0	339
56	0
3	72
83	2855
4	87
5	63
12	73
0	2
39	2
64	1844
37	1724
23	766
5	946
152	777
9	1207
0	0
8	68
5	91
0	60
0	3
0	2
2	2
0	22
0	45
0	43
0	20
0	1
1	1
0	1
0	1
0	0
16	98
1	45
0	77
800	156
0	47
0	24
21	111
41	19664
0	14776
0	14820
3	3100
8	2953
0	20067
0	21046
0	15179
0	16158
0	15223
0	16202
45	989
423	0
261	97
0	11
0	89
0	15
0	9
0	2
630	1098
0	807
0	1098
0	676
0	1
4	438
0	452
10	162
0	3851
24	1
24	3931
4	3
1	275
0	3580
0	1914
2	4027
0	0
0	15
4	13
0	10
0	0
0	10
0	4
0	0
0	2
0	0
0	274
0	71
0	317
13	180
0	336
3	6
0	6
0	0
0	1
0	5
0	282
7	284
0	299
22	11
0	55
1	55
0	210
0	0
0	1539
105	1539
3	123
0	194
5	40
5	266
0	1517
0	38
0	39
0	39
0	30
0	36
1	41
14	92
1	47
0	62
1	2
2	3
0	1
1	88
108	3293
2	3126
1	664
22	163
2	0
0	0
0	0
0	0
4	247
396	227
1	139
4	23
0	44
1	67
10	18
0	0
1327	890
6	890
31	1
0	20
1662	678
0	677
5	434
2	186
0	0
0	200
0	0
0	29
0	36
0	34
0	200
0	196
0	199
0	119
6	274
18	863
227	585
32	154
0	460
0	126
1	111
5	166
1	20
1	12
5	86
0	0
1	80
1	8
15	212
0	7
0	213
8	205
0	176
0	0
18864	13
0	7
0	1
0	0
0	0
0	1
0	13
0	0
0	13
52	89
3	89
0	4
7	156
120	156
0	19
0	22
0	4
14	118
205	624
17	602
13	547
0	544
11	598
3	75
0	300
2	213
3	177
3	84
6	116
0	108
0	69
115	66
0	15
20	3
2	61
21	40
7	1
6	243
0	204
0	0
0	242
0	506
162	506
0	115
21	154
0	3
17	0
124	149
0	15
2	147
1	33
0	9
0	4
0	0
0	0
0	9
0	0
276	18
0	18
208	80
2	80
0	0
0	19
0	19
59	2
0	0
0	2
3	88
51	506
17	304
0	2042
0	2140
1	1711
156	184
412	259
0	2046
752	342
0	156
0	0
20	45
1	19
0	340
53	1097
41	169
9	717
0	965
1456	5420
3	4062
15	1809
102	2176
0	615
0	364
0	444
310	1
616	344
0	328
0	15
36	6
0	2
0	4
85	0
8	59
2	59
4	22
0	10
5	151
2	114
9	141
0	17
0	5
3	32
1	32
0	17
0	7
0	1
5643	9197
15	9195
32	3636
0	1
0	0
0	0
0	0
0	1
10	2581
0	1027
1	2426
2	6
0	178
15	282
1	1
19	21
124	90
0	2
0	76
3	79
0	73
0	0
0	0
0	0
877	47
0	47
4	5
0	0
0	5
953	881
1	57
2	0
0	1052
2	1052
0	900
19	1548
31	1142
0	1493
0	1215
0	1285
0	1224
0	1015
0	321
0	580
3	348
0	111
0	102
0	153
0	113
0	90
0	90
14	71
0	0
2	126
0	211
26	1
0	397
0	397
0	248
1	15
45	7
0	0
434	287
3	89
1	2
5	1
2	195
0	187
0	2
465	12373
3	8344
6	308
47	10379
11	1719
0	123
2085	4495
29	4503
81	2412
3987	8342
29479	10792
3	2922
39	2632
3	415
0	97
8	373
0	433
0	405
0	362
0	408
0	25
0	323
11	13
0	4
4	0
5	73
7	0
61	39
0	6
0	58
3	20
0	7
0	4
0	7
1	137
1540	658
0	616
5	2
3	15
0	456
2321	457
505	57
5	54
556	5787
32	5752
17	2141
13	2619
3	1499
0	957
1	57
0	1
3	73
0	66
0	51
0	60
6	52
0	16
0	11
11	15
37	14521
0	14395
9	6667
1	9345
0	718
21	1102
0	6476
0	759
2	1022
0	1958
0	554
38	1180
3	468
9	4978
4	2340
10	2346
60	1696
0	1479
1	1478
22	1133
0	2341
18	538
43	518
1	203
19	273
0	0
0	0
0	0
0	0
0	0
5	27
25	673
140	671
14	459
0	49
0	73
0	123
30	483
0	486
0	459
18	6167
82	5984
8	5565
3	1487
1	106
0	221
6	591
0	52
22	231
0	171
1	411
18	329
30	289
0	152
4	151
2	128
2	1
0	0
1	0
0	0
0	0
0	0
0	128
2	133
0	0
5	78
0	151
3	168
0	0
0	0
0	0
0	0
0	0
1	897
22	587
1	1248
0	563
5	1052
2	1
0	1
0	19
0	1180
11	1041
1	162
0	0
0	2
2	77
0	10
0	27
7	2
2	2
0	82
0	253
3	583
0	0
0	0
0	0
0	0
0	0
0	0
4	553
17	513
15	345
0	521
0	72
0	85
0	1
1	22
0	2
1	57
0	283
0	209
48	78
5	64
6	59
3	75
0	64
2	58
1	0
1	33
0	5
0	10
0	26
0	52
1	22
0	54
0	43
116	249
0	691
18	605
17	3581
0	3931
55	3635
53	3606
0	126
4	140
3	398
13	1
2	413
1	246
1	3
4	223
6	319
71	349
0	5
13	22
1	23
0	20
0	15
6	12
8	17
0	0
13	10
0	10
0	0
0	0
4	59
0	12
0	0
3	0
0	71
0	569
0	530
51	596
10	175
15	21
60	213
20	199
0	16
0	614
0	1320
17	99
0	79
0	80
2	10
1	8
2	1320
0	16362
1	15815
0	402
11	1866
0	666
0	0
0	84
0	1579
10	14241
0	3575
3	702
27	7
13305	68
8	62
227	1026
16	1021
14	56
0	5
118	2
0	2
1968	1
157	0
10	1
0	3195
65	2927
1	61
0	3150
9	0
0	3361
13	2954
35	413
1	2909
25	1
0	163
99	6
20	5
37	1531
0	564
1	181
61	1
0	20
4	0
4	0
0	384
0	993
2	47
0	69
274	8275
22	120
13	4486
1	961
2	4459
2	462
9	127
46	3
17	5834
4	3076
1	21
0	21
0	4
0	4
84	577
0	381
16	625
0	223
3	189
0	22
1	174
0	0
3	239
18	96
9	7
236	0
78	1459
4	1459
11	321
22	332
3	22
0	126
0	1508
3	1518
0	1412
0	219
0	1173
4	45
0	1378
6	608
0	21
0	787
2	1210
0	797
0	0
0	677
3	159
102	978
0	31
0	1647
0	1
0	1
14	228
0	229
0	169
5	23
0	15
0	34
1	65
109	38
0	38
1	6
1	6
0	0
0	0
10	7
0	6
0	3
0	1
0	0
7	0
1	744
0	448
14	576
0	483
4	280
1	254
0	234
0	67
11	280
0	3
1913	103
1	100
12	88
23	18
4	12
8	8
0	2
0	0
0	0
0	444
2080	448
0	125
4	1376
9	50
0	30
0	437
10	338
6	135
13	1632
16	1895
11	2866
230	3054
11	59
8	291
22	605
1	723
23	436
0	367
62	260
20	178
8	61
2	91
2	10
10	71
7	23
0	576
268	375
287	386
55	207
6	13
0	2620
895	2621
206	2959
824	3026
14	2892
51	1371
10	1181
9	1
8	124
364	270
1	0
30	140
20	179
8	1022
14	302
4	2
10	68
0	1005
0	0
0	0
1	0
0	0
128	382
58	382
12084	211
186	151
28	87
0	71
0	0
0	133
127	60
14	1
8	5
1	0
0	3
7	20
0	2
0	2
0	0
3	14
0	0
0	1
0	10
0	5
0	2
0	0
24	11269
0	13036
22	5990
0	485
278	13864
38	4593
0	2272
112	1698
756	1331
8	2443
0	9
2	2406
2	182
35	199
0	539
37	2465
16	756
1	47
18	2202
0	1769
5	67
8	325
16	382
17	79
0	23
0	46
1	266
18	1290
7	1246
0	141
6	1264
28	1025
1	142
166	467
78	129
2	51
53	111
23	137
0	44
4	109
45	1078
0	368
0	0
6	3
0	1071
0	0
1	0
1	0
0	0
0	0
3538	88
0	86
2	0
3672	10429
80	9217
78	9758
9	624
0	2449
29	1071
61	1954
16	488
2	816
6	1302
0	1409
10	505
1	2337
2146	3541
5	1317
0	2401
499	0
1	0
242	3032
19	2985
11	2127
36	305
4	140
4	289
24	26
68	482
2	14
5	155
8	107
3	94
13	187
2	131
16	67
0	149
0	17
3376	1366
22	190
3	964
19	2
0	110
0	96
10	298
10	183
0	183
7	112
0	8
0	88
43	506
8	45
3	381
9	61
1	147
0	21
24	46
52	46
0	85
0	147
31	0
6	89
0	123
2	21
4	106
0	109
7	17
47	1916
93	1881
8	194
0	1
11	3
25	23
6	85
16	59
1	54
18	57
3	19
0	2278
22	1183
6	2278
55	622
49	621
14	41
444	0
0	0
0	0
0	5
0	5
0	426
0	182
1086	1601
456	509
3	1092
0	2
0	0
0	0
0	0
0	0
145	0
0	0
0	0
0	0
0	9
0	2
0	2
0	0
0	0
393	2018
1443	2007
0	0
0	0
0	0
0	0
0	0
0	116
0	0
0	0
0	0
0	0
0	0
0	0
0	43
0	0
0	0
394	2
0	1
56	12
0	0
0	0
0	0
0	0
0	13
0	0
0	147
0	0
0	23
0	0
0	0
0	0
0	0
0	0
0	0
0	0
0	0
0	0
0	1059
0	28
0	624
40	649
47	525
0	668
0	0
0	0
0	0
42	631
44	631
1	41
31	4961
1	315
17	3563
68	3894
0	3249
5	540
29	22
0	987
116	71
87	2575
67	274
0	319
0	451
20	478
82	1697
32	1799
9	666
29	208
0	1
3	40
3	753
624	601
0	545
0	136
5	0
0	599
4	555
0	0
40	539
5	0
11	17
2	14
0	42
0	348
8	0
180	1090
1420	1380
6	322
0	1109
15	910
0	1050
117	905
1	59
253	654
42	0
23	195
6	166
0	10
7	111
1	96
1	10
9	5
0	135
172	200
0	8
0	70
0	95
0	40
4	42
4	5
278	12946
324	12944
2286	4217
1615	4194
8	0
3	342
0	1597
1	1348
1	1279
1	143
1	7
506	0
473	739
0	140
0	599
5307	3758
29	528
139	3227
121	89
0	89
13	2600
0	1810
0	1606
0	1562
378	1676
9	1516
4	74
0	207
1	145
0	9
4	51
0	0
0	0
4	2600
0	1808
10	1868
4	122
4	183
20	82
52	11
4	111
2	1395
0	0
0	0
43	43
0	9
0	8
0	27
570	0
0	0
0	0
0	0
0	0
0	0
13	0
929	1122
0	937
0	40
13	202
0	116
1	41
408	5801
20	227
12	82
62	2239
2	5492
0	22
9	28
9	17
1	13
0	6
0	8
3	0
1	0
6	0
740	566
6	149
1	182
2	341
0	37
0	0
0	0
0	9
184	2027
786	233
15	1503
15	1810
22	19
3	6
3	8
1	54
4	807
5	1277
427	1277
182	645
14	87
0	645
0	77
39	40
76	0
82	5826
42	4901
239	5290
0	1635
6	1406
6	1549
9	867
33	3
201	5255
940	26
1	26
5	417
238	527
2	24
1	89
0	0
301	714
6	1
0	9
0	27
40	691
0	5
15	2
0	143
0	0
0	0
0	0
0	0
35	535
0	195
1	110
28	676
0	93
13	9
1	2
11	376
1	246
12	1
29	97
0	0
0	0
1	294
0	563
13	578
9	240
0	561
3	118
0	429
4	347
0	129
13	208
2	4
0	0
0	0
152	1
6	1
6	356
1	291
6	26
2	311
0	274
0	109
1	5
3	24
0	0
0	0
0	0
0	0
0	4
21	330
10	40
36	329
1	9
798	3855
6	3855
0	181
21	181
0	115
1799	425
0	0
0	0
97	2777
0	2935
2	2810
19	85
0	448
0	2878
41	389
7	306
18	88
1	0
1	8
100	8
54	0
3	7
2	7
1438	327
0	157
0	97
6	0
4	49
0	121
125	0
0	0
0	0
0	0
0	0
48	1646
77	1831
0	1977
74	1945
995	2
19	4008
0	6763
0	8612
3	8538
334	9640
496	10589
96	193
0	12
1	1566
76	565
56	3177
0	3836
13	92
2	241
0	0
78	438
1714	555
0	442
0	112
0	0
0	0
0	0
0	0
0	0
8	212
304	1395
1	85
4	101
2099	1393
896	148
0	0
7	14
0	3
5	135
0	1526
62	2240
4	1857
10	1472
2	397
3	183
2274	8448
37	3534
6	2
31	406
6	705
0	700
27	189
0	0
0	8336
225	2114
7	66
31	52
4	3
38	1996
2	32
1	109
3	0
6	107
8	135
0	18
0	144
0	3
1	76
0	0
0	0
0	25
84	6071
4	64
25	7
12	5401
0	5152
5	128
0	3626
32	3233
0	5805
0	5427
1	0
6	11
1	4462
0	598
62	142
26	190
3	121
1	1020
0	6024
0	5951
29	150
5	44
1	43
1	14
1	9
3	6
75	367
0	56
0	25
0	313
0	2
2	15
0	0
113	283
0	136
4	208
12	1
3	21
0	0
0	0
0	0
4	304
0	1056
1	1510
7	1589
44	613
3	846
2	2
2	92
3	57
0	0
1403	1518
0	317
1	1241
0	1324
2	983
3	1304
7	174
18	44
0	5
1	169
12	114
1	0
4	1202
4	0
15	3969
0	0
0	0
0	0
4	58
0	25
0	58
0	1
0	1
0	1
0	1
0	0
0	0
177	3235
10	1227
4	2152
1	2039
0	1406
5	2503
0	0
166	1055
21	382
0	0
0	941
0	76
0	103
1	38
11	38
13	31
28	33
0	7
1	0
6	9
2	6
0	4
0	4
59	114
0	121
3	98
0	105
3	63
11	10
0	6
0	2
1	9
1910	14
0	14
0	0
671	750
1	656
4	93
1	0
178	0
0	598
0	370
13	140
0	21
6	140
9	102
0	25
0	42
0	22
25	3
19	1
5	157
2	204
15	131
102	25
9	25
60	1346
23	1347
3	633
825	1702
23	23
23	156
0	1463
17	1463
5	30
0	19
2155	800
0	556
1	202
231	166
2	166
1	0
10	0
18	0
0	1007
0	1286
7	1149
67	1079
0	335
37	3367
505	3336
23	2539
19	1
0	2328
0	2328
0	2219
0	54
255	760
38	763
0	540
0	20
0	496
3	277
6	53
0	31
5	157
0	117
0	8
505	0
10	204
11	198
0	0
1	1
0	7
0	0
39	0
3747	6
0	97
0	5
0	97
0	5
0	1903
0	187
18	232
0	0
0	0
0	1966
0	1962
377	1452
190	1462
21	12
0	229
96	125
0	10
8	78
8	38
22	71
3	93
4	63
0	27
7	60
0	93
29	48
2	1
20	9
27	2
0	1
0	1
2	0
0	0
0	0
0	0
0	5
8	89
24	89
0	0
0	1
0	0
502	32
0	4
6	0
0	27
92	99
30	49
4	0
15	4
0	2
3	0
0	13
0	5
0	8
30	26
0	9
0	9
0	9
0	0
0	0
2995	2
1602	1
0	1
0	0
0	0
134	158
1	7
1	0
4	138
0	55
0	1
3	1
123	0
0	0
0	0
0	0
10	557
14	550
0	293
0	124
0	293
1	0
0	1
0	0
0	1
136	1
13	357
24	532
2	152
2	67
0	147
2	115
1	0
0	0
1	0
0	0
1952	852
3	13
155	744
3	504
22	617
64	540
1	7
2	143
0	0
1	0
0	0
0	0
0	2
0	2
0	2
7	643
202	653
0	574
14	5
42	2
1745	3908
19	3501
0	194
3	1539
0	125
0	1047
0	80
0	0
100	3
153	79
69	135
0	9
0	0
0	0
0	9
727	80
9	80
0	25
0	7
1	7
0	0
153	1136
1	1303
1013	2852
67	2338
13	59
1464	3950
7	3749
120	3763
0	372
4	152
13	228
0	34
10	65
7	5
1	330
0	326
33	55
0	558
1	234
0	537
0	9
1	0
0	0
0	9
2	10
29	1
16	193
584	280
0	30
0	65
0	58
1808	1196
0	1196
1	1
1	2
0	0
0	2
0	2
0	0
529	1569
1	2259
13	1111
1	1556
0	516
520	897
26	2259
1022	39
2	38
1	0
10	0
349	370
0	432
32	430
28	124
0	111
1	51
0	0
2	23
46	478
2	478
2	0
0	450
41	470
0	31
2	470
12	103
0	115
10	11
0	124
12	77
0	236
0	167
0	138
1	176
2	161
0	172
0	123
0	173
0	82
0	11
0	120
0	119
341	289
112	288
28	289
1	0
9	266
52	349
5	70
0	74
2	77
0	25
1	64
3	10
4	28
0	23
22	0
5	38
29	24
0	14
0	42
0	0
0	0
0	0
0	0
71	1676
293	1997
18	842
365	1456
0	317
30	1347
1	571
17	0
0	396
105	157
2	30
0	28
0	116
0	113
3766	3
0	6
0	6
0	6
0	6
0	6
0	6
0	6
64	1472
9	1465
0	1247
0	482
0	399
0	35
0	126
0	0
21	2
843	2
0	42
0	0
0	42
0	0
0	1
0	8
0	1
0	0
0	0
97	4829
11	9
0	4829
340	637
0	602
0	23
19	35
0	50
0	0
0	1
21	243
0	718
0	2797
0	312
5	3541
0	3543
4	116
2	156
0	3942
0	0
3	10
11	766
0	4
1	290
0	2875
2	4
2	1296
0	5
68	2
0	156
0	5
5	2521
0	30
0	0
17	0
0	3705
9	116
0	56
2	113
2	30
1	149
30	2
3	0
92	1950
14	0
1	3988
858	75
0	11
0	63
3	0
0	1
0	1
182	298
4	298
0	0
1	68
0	0
48	0
0	68
0	0
1348	606
17	606
0	138
0	268
0	387
5	1
37	1
0	0
0	0
0	0
5	0
2055	1707
3	13
0	1302
0	679
6	1694
1	1348
221	101
4	12
3	38
4	62
6	112
104	296
30	7489
12	6329
42	1996
0	7596
0	5342
229	6169
27	4686
7	3471
0	3666
274	5436
4	316
15	2359
1	568
20	0
14	57
52	607
133	3664
6	7099
1877	0
14	636
11	654
3	536
9	490
0	658
8	659
2	74
18	2
109	1522
6	1609
23	1
33	0
0	89
0	30
23	42
3	30
0	17
0	8
0	12
0	11
0	0
0	1
4	1419
0	4808
38	5143
0	2433
5	169
0	207
8	346
0	174
38	532
1	245
2	44
65	1592
3	6
0	12
10	110
0	389
1	23
14	221
1	81
10	1577
32	1606
118	1350
17	1487
5	1438
0	1148
114	1027
17	26
13	84
0	378
479	1042
9	26
0	14
31	75
0	1041
123	0
9	1758
105	1775
2	12
0	940
0	9
1	17
0	14
0	3
20	64
4	4971
51	4755
78	2827
20	4887
0	10
58	210
1	30
0	200
135	103
0	102
0	110
11	31
0	0
4	0
82	397
5	277
0	326
0	194
1	0
0	0
0	0
3	31
0	46
36	3743
311	3697
3	834
698	1042
6	241
0	46
393	1964
110	1878
0	313
5	210
3	97
9	466
10	26
0	14
0	11
34	448
0	324
0	331
1	140
0	110
10	101
1	109
2	1
4	33
5	6
7496	14733
5188	14918
0	3678
0	950
0	1251
99	878
59	248
104	3674
76	3264
0	0
0	0
0	0
0	0
0	55
2	35
0	28
0	41
0	27
0	37
0	4
2	4
1	17
76	1632
2	12
2	8
0	98
0	1424
0	51
0	0
6	1507
0	0
0	0
0	314
7	0
11	1735
8	39
281	1989
43	1999
1	952
1	18
11	4
135	39
61	0
499	72
0	62
25	10
43	479
10	444
0	58
26	23
0	13
0	6
0	87
0	2
0	20
754	9100
480	8939
39	1588
38	1048
22	0
11	30
46	230
925	460
8	183
7	135
2	254
89	531
14	327
9	158
0	24
34	78
1	19
43	173
0	17
0	178
13	3
0	1
1	2
0	2
0	0
0	0
0	0
0	0
0	0
0	0
0	0
0	0
0	0
0	1941
239	1942
1	2
0	0
0	41
0	18
0	1742
27	156
0	0
0	4
0	4
12	43
1	0
3	1105
3	1057
5	1378
0	1838
1	1364
1	38
0	133
3	1767
0	1244
0	102
0	252
5	1789
1	1057
0	0
0	1102
0	1398
1	1054
0	0
0	82
0	164
0	39
69	45
187	6
3547	16
2	16
163	4974
2	583
347	4755
2	841
0	457
1	279
2	336
1	295
2	13
0	375
1	279
4	0
9	42
2033	2
55	5446
14	5019
5	681
5	14
111	1357
10	32
7	463
4	1531
4	0
0	0
495	1067
3	1041
49	4
0	148
4	0
10	7
7	27
2592	3775
0	3492
0	2479
14	557
139	2645
0	1694
23	116
0	546
8	191
13	26
6	450
3	6
1	2652
4	66
0	66
1	64
0	64
0	9
0	6
0	12
0	8
0	7
1	7
0	0
0	0
0	0
0	1
0	0
0	1
0	0
336	6058
12	15739
0	52008
68	57319
0	27549
0	297
0	3416
1	7239
16	1692
0	111
10	7
105	33
0	52008
81	362
0	89
2	170
14	104
0	55
0	194
20	10
1	64
0	0
57	7587
89	7587
13	7759
0	0
12	7
6	7460
1283	2917
3	657
0	7
27	85
0	134
0	359
244	2605
1	978
0	1522
7	577
0	889
4	879
0	1469
0	806
0	895
624	621
0	35
2	185
0	15
0	141
4	99
0	479
0	321
8	37
2	1647
0	1365
0	966
9	1003
0	283
0	774
0	669
0	458
3	0
0	209
4	186
0	108
0	1616
0	925
0	2135
0	1640
969	2138
253	374
3	60
7	294
3	186
1	43
2	112
0	0
44	166
37	165
0	101
579	970
110	970
3	2
0	2
0	2
0	2
0	0
1303	1876
8	779
11	956
0	219
8	1104
0	15
2	1139
2	480
373	495
7	496
2	215
0	0
58	18
5	16
11	3002
86	1711
21	0
0	5
0	126
7	1020
6	880
9	215
0	191
0	66
0	3064
2468	2153
4	7
8	2126
1	0
140	881
5	862
0	213
331	5727
260	1863
0	4672
2	5
60	9
3	4
3	3
0	1105
6	0
15	0
48	42
0	0
1	0
7	42
26	37
216	530
7	532
11	3
41	109
9	90
0	28
0	81
0	19
154	139
3	1
0	120
0	24
0	5
1	0
0	0
0	0
0	22
29	6
2	66
0	0
4	36
872	366
0	47
14	231
2	263
0	86
222	217
0	11
1	29
36	69
0	27
44	40
1	3
0	0
123	8771
0	8771
33	6613
2	0
0	100
18	79
3	0
0	187
7	103
0	8767
0	4947
187	1124
0	3303
2	2514
1	193
22	2158
18	2524
11	2454
1	2459
18	849
16	49
1	207
4226	4
19	1
0	0
1	45
1268	1223
38	1134
15	50
51	2045
0	2179
0	214
0	78
6	1668
0	0
3	6
20	16
0	16
89	5
15	0
0	0
0	0
0	0
0	0
19	443
2	385
13	62
29	0
2	61
22	95
0	4
1	14
0	1
14	4
0	4
0	1
15	11
3	42
663	3452
5	1529
2	484
160	2813
144	413
2	284
2	11
4	32
68	1634
120	107
0	95
7	7
34	136
0	175
119	465
0	543
196	724
20	213
42	179
0	105
0	6
7	41
0	1
0	802
67	801
6	3
2	678
315	69
0	0
0	69
0	0
0	0
0	0
20	764
48	97
15	526
0	328
0	292
14	208
9	3
27	8
4	414
2	147
5	669
4	670
1	438
192	135
0	5
0	12
0	127
0	1467
2	1469
0	774
0	761
98	178
2	448
26	293
0	135
0	143
0	74
0	144
9	5
46	36
8	91
0	0
0	0
0	0
16	0
0	0
0	0
14	29
11	29
0	1
0	0
2	8
22	8
76	657
0	657
0	104
1	2
3034	117
1	56
6	58
1	1
0	1
0	1
0	1
0	0
0	0
0	0
0	98
0	72
131	367
0	25
3	406
100	206
0	39
2	0
0	0
4	0
1707	4965
0	4963
0	4
0	4
5	754
9	736
0	147
0	44
0	46
0	1
0	1
0	4
0	0
0	4
0	2
0	1
0	2
0	0
0	64
13	64
1	0
0	1
0	815
6	160
10	815
3	10
7	0
35	1169
0	1446
3	1316
340	479
0	113
0	88
0	121
36	46
0	116
7	275
1	446
0	0
0	0
0	0
0	0
0	0
0	0
0	0
48	43
8	435
45	428
4362	3
157	852
35	55
0	663
17	666
7	352
4	137
0	365
2	399
3	461
0	0
0	0
0	0
0	0
1030	0
0	0
0	0
0	0
2	22
0	24
0	8
27	4
33	80
0	9
0	0
0	0
0	115
1	115
0	77
399	1218
1	1150
0	718
0	76
0	0
0	5
0	0
0	5
0	0
0	0
0	0
0	5
0	0
448	0
65	163
42	173
0	7
3	56
16	25
8	1337
0	1215
8	384
8	189
6	16
4	18
470	635
6	39
0	44
0	84
0	642
11	3
1	2
0	505
16	64
9	1363
0	1480
30	1421
0	25
0	532
0	48
6	158
3	473
2	266
6	0
0	407
0	226
0	74
1	164
0	114
0	52
0	35
0	50
2	593
11	561
0	507
0	32
3	0
2263	50
1	14
0	36
52	814
35	646
12	461
2	598
0	0
0	0
13	34
0	34
0	4
0	7
0	7
0	7
0	7
0	7
0	7
0	0
18228	11
0	0
303	592
8	305
130	576
2	253
5	6
0	0
0	40
6	47
0	31
0	0
0	0
1162	448
6	110
1	338
0	1579
9	291
0	1708
38	1186
4	1582
2	158
26	1344
35	64
18	164
9	74
0	0
0	0
0	0
0	0
0	0
0	6
0	6
0	3
9	3
2	2
0	3
0	0
0	0
129	1059
351	2302
305	2581
37	1166
7	1180
0	230
41	1734
7	123
4	1492
242	1675
16	890
4	991
6	133
0	9
7	35
0	89
29	3448
46	3448
0	45
1	32
0	0
18	46
50	719
0	47
0	79
0	719
2	0
0	0
2643	2
835	1959
10	1963
7	565
0	256
1	256
289	156
13	156
1309	1702
41	288
198	1715
287	1200
2	45
70	380
0	884
0	669
22	280
1	157
0	28
4	151
1	43
0	0
7	114
0	45
0	24
0	7
0	97
0	68
0	53
17	37
250	1571
0	1505
1	239
0	113
0	0
2	0
0	0
0	0
0	0
14	574
5	575
3	575
27	574
5	65
0	29
2	2
0	2
2763	621
0	32
0	590
451	17
5	17
0	6
0	6
691	3425
6	23
0	376
2	3397
33	84
6	4
0	80
8	5
3	6
13	1500
2	70
82	11
0	11
0	0
0	0
0	0
0	0
7	1865
26	1878
0	0
0	13
4	53
643	916
1	559
2	385
5	6
0	11
35	71
48	79
0	65
0	5
0	9
234	1067
28	324
17	468
0	327
40	659
4	155
0	0
0	58
1	58
0	17
0	1013
0	0
0	95
0	0
0	3
0	95
0	0
0	0
0	395
7	486
0	32
0	36
3	57
0	42
0	89
1394	139
2	17
93	61
6	61
7	44
0	13
143	1361
1	148
6	1354
691	3951
10	2005
167	2821
0	16
10	16
2896	3503
12	3490
1824	128
0	125
10	1169
2479	1233
104	64
6	15
4	6
0	8
1	7
152	28913
0	23010
1149	26865
21	1
6	1464
0	0
0	0
107	846
14	859
20	719
0	2
1	114
5	94
0	141
1112	887
20	864
8	744
0	28
22	7
18	0
246	39
0	77
3	363
3	189
0	0
0	77
807	931
30	112
0	217
0	10
0	970
0	24
2267	48
2	45
328	1665
25	1572
85	1413
0	1582
8	1302
1	0
4	12
18	29
20	714
45	66
3	1362
0	0
0	0
32	70
10	70
1	4
0	61
0	58
4	58
0	0
2	0
4	3
1	306
0	166
0	29
18	197
0	3
0	306
390	148
30	182
13	83
0	0
0	0
1	379
42	393
0	300
0	2
8	65
11	41
59	204
1	5
0	199
12	904
33	805
6	858
8	849
134	70
0	43
11	35
0	6
0	24
0	2
9	52
21	0
14	7
4	29
0	0
0	0
0	861
0	0
49	1400
0	239
1	398
0	434
84	740
29	101
44	441
37	103
1	165
0	0
0	0
0	0
0	0
0	0
0	0
0	0
0	0
0	0
0	0
25	524
1	482
6	11
161	413
0	52
3	145
0	24
11	11
0	0
0	40
0	135
0	0
30	0
0	0
2	58
0	1040
166	1041
0	0
2	2718
176	2745
16	1464
3	112
0	3
0	3151
2435	25
0	3
0	21
0	0
0	0
0	0
872	1
1	243
0	303
8	441
16	215
1	194
6	68
0	0
617	0
0	0
32	188
0	105
4	107
2	109
3	32
10	2
22	60
0	128
0	0
0	0
0	0
0	0
0	0
4	328
1	3
0	328
0	322
88	321
0	0
0	320
11	321
0	88
40	3
30	3481
98	2087
3	371
0	62
0	0
0	57
114	3227
17	2535
3	134
0	16
4	107
38	29
10	209
4	0
1824	0
4026	1487
1	0
3	0
0	1432
6	2
1	193
6	15
94	2598
38	2595
97	1308
65	1003
0	0
0	0
0	0
0	0
0	0
0	0
0	0
178	640
3	448
1	315
0	0
0	0
0	0
0	0
0	167
0	167
1	27
1	0
0	0
0	0
1	0
282	43
0	42
3	192
1814	33
0	26
0	0
13	2672
1	142
0	1
70	2623
1	239
0	161
0	64
1	19
1	0
2	25
2	200
0	6
3	123
21	582
7	459
10	631
0	589
1559	246
0	202
0	29
12	3
0	14
0	0
0	0
0	0
0	0
3	8
0	8
0	3
1	0
0	0
0	0
206	347
18	228
0	20
0	141
0	33
0	0
0	0
0	0
195	53
1937	54
0	0
0	0
0	0
0	0
0	0
0	0
0	0
0	0
0	0
0	0
0	98
69	1453
24	1463
0	236
5	99
0	35
2	23
0	0
0	12
15	1
24	1
71	0
30	233
0	0
5	1
15	16
17	13
4	15
9	233
0	0
0	0
0	0
0	0
0	0
1	0
0	0
0	0
0	0
0	0
949	646
8	22
5	29
6	161
0	0
0	3
0	3
2	3
0	2
0	2
0	1
0	1
0	0
0	0
11	424
6	584
1	370
0	420
0	10
2	12
0	41
6	14
12	12
16	268
0	259
2	195
0	57
0	31
0	16
2	26
2	63
0	1
0	14
11	2297
4	583
10	356
0	514
0	708
10	529
31	145
0	491
0	2077
14	1003
10	1599
4	165
54	0
0	721
9	2551
1	2336
160	883
78	457
153	243
1	426
83	59
73	40
0	4
0	11
0	32
0	88
33	159
21	73
58	3088
0	359
3	106
0	2231
0	2236
52	2893
0	2666
0	0
0	0
0	0
249	514
0	404
4	133
3	323
0	50
1	1
2	1
0	418
9	8
160	642
9	21
14	124
4	28
1	21
0	7
5	122
2	4215
2	586
11	208
2	15
15	523
5	55
0	70
0	111
0	186
0	235
114	89
0	85
0	593
5	397
0	506
0	612
17	621
6	622
0	621
5	540
0	51
0	211
4	5
0	0
0	604
32	0
0	0
4	6
0	2
0	6
0	73
6	98
0	90
1	79
0	95
0	75
0	3
7	204
0	299
0	5
0	74
4	243
0	5
0	19
0	60
0	62
0	38
0	79
0	111
3	23
0	0
0	0
3450	1
0	649
15	379
0	305
10	422
9	471
0	38
8	0
47	144
1	0
0	479
6	218
2	197
8	8
0	15
26	0
26	111
43	1920
0	9
35	1920
53	1839
0	37
4	70
0	10
19	6
1	6
5	18565
0	17969
7	11190
0	630
106	2051
2	63
103	2907
0	269
10	429
15	4
443	882
36	870
4	228
14	195
44	76
0	51
0	8
2	23
0	6
0	20
0	1
0	0
0	49
11	53
0	40
2973	221
3	5
0	138
0	78
0	0
0	0
0	0
0	0
0	0
0	0
0	0
0	0
0	0
422	0
8	7
0	7
0	0
41	0
0	0
402	2023
70	2222
47	112
2	659
1	497
0	498
2	1
72	295
0	205
10	193
1259	2
1	1045
0	0
581	5226
0	14
62	5212
52	499
2	610
0	451
18	130
15	6
1304	2419
25	2394
106	2409
4	620
89	235
54	40
106	0
37	64
0	436
0	474
0	570
0	206
275	371
17	4
0	245
0	149
17	25
0	525
0	0
0	0
1144	343
0	290
55	169
0	184
0	173
0	6
16	185
0	27
0	27
12	80
9	65
13	191
0	4
0	28
10	0
0	0
0	0
0	0
0	471
124	810
389	1433
0	78
0	124
2	406
1	992
0	585
5	615
42	1
177	661
93	518
442	338
1	18
0	32
3	23
2	4
0	0
24	641
28	485
7	453
0	93
6	502
22	498
11	7
0	99
0	0
0	601
22	33
0	601
1	1
0	1
70	983
54	1001
0	798
3	2
3	1
3	9
0	8
0	6
0	7
0	3
3	62
1	39
1163	966
5	555
1	274
0	28
6	620
29	20
2134	805
29	95
123	691
1	839
56	747
1	672
1	115
66	668
1	747
0	79
0	745
0	0
0	0
633	0
197	1938
54	1213
102	2035
0	16
0	943
17	80
4	119
26	1002
0	974
51	801
3	622
44	99
17	641
0	124
0	0
0	3
0	0
0	0
0	0
1	1
0	1
77	1249
0	0
0	0
0	91
0	8
0	1249
12	548
9	617
31	619
0	58
0	47
2	15
7	2063
41	2750
8	295
11	1301
43	417
22	79
0	135
3	112
0	130
44	70
1332	635
9	164
33	1
3	26
373	44
10	12
20	9
0	15
409	71
0	38
0	71
0	5
15	47
0	546
1	561
1591	579
1	119
0	1
0	1
0	0
0	0
0	0
3809	244
13	98
0	50
14	120
278	1280
0	816
1	1197
0	2867
0	2443
17	2592
62	1599
5	211
0	137
12	416
6	455
101	2521
0	102
5	270
11	290
0	1165
1	846
0	1013
7	194
0	1025
6	8
11	58
2	60
3	1044
0	781
1	1
0	156
0	643
0	188
9	341
0	152
0	143
34	845
1	192
0	0
30	22
0	22
904	1
67	645
0	503
0	337
0	25
0	301
1	95
0	0
145	268
0	244
0	35
1	239
30	240
1	7
3	48
10	47
1	45
6	34
0	6
24	20
26	6
3	9
0	0
1	0
0	10
0	10
0	0
0	9
104	2729
4	2797
23	3370
79	1760
0	2937
287	2516
2	874
34	236
1	2663
5	2444
2	492
0	0
0	0
0	4
0	489
6	398
0	552
1	405
20	484
1	20
0	185
34	78
0	328
28	128
1	1
6	90
3	27
2	233
1	108
104	34
3	26
46	25
0	489
0	553
0	0
670	366
3	361
6	10
1	0
0	0
0	8
0	0
0	0
0	2
119	201
0	214
37	183
1	58
43285	14000
0	2770
8	6979
26	3230
2675	548
1	422
4	150
1101	1
2	2550
23	586
0	9
0	2550
536	3067
208	3066
39	0
0	0
0	2
0	2
0	1
0	0
0	0
34	11
0	1
0	10
0	4
2	4
0	0
0	0
0	0
0	0
0	0
0	0
9	391
4	377
1	355
843	544
1	543
59	340
0	68
2	0
0	0
0	0
406	1
22	0
0	0
0	0
1	365
1	1075
17	1135
53	1100
4	1065
0	142
0	176
0	24
11	7
0	28
699	2633
92	1227
12	1977
63	330
2	6
0	999
2	285
35	10
0	10
0	124
25	124
2	233
0	38
0	266
0	69
0	201
206	338
0	315
1	25
0	6
0	23
1478	2
4	1
2	1
0	0
1	0
14	0
4	0
0	0
42	70
46	84
1	10
0	91
3	81
7	1
2	7
0	2
0	2
12	17
140	698
12	681
17	1447
9	1787
0	2108
0	85
21	278
0	126
0	286
10	245
8	250
9	61
67	714
0	0
0	701
0	188
0	273
12	668
0	671
12	12
1	12
0	0
0	0
0	0
0	0
0	0
0	0
3	2
2	2
0	1
0	0
0	2
1119	1796
2	1151
10	210
14	2
0	1637
1013	0
12150	8925
0	5160
1	7674
36	2396
8	4779
1	14
5	13
0	12
614	631
15	517
1	636
5	0
6	83
0	496
0	0
0	0
0	0
190	1449
1	1168
42	387
8	335
0	10
3	6
1	3
3	35
1	0
0	0
0	6
0	6
0	0
2	0
0	2
77	938
45	526
18	668
50	109
5	13
0	4
12	239
6	168
3	99
1	216
0	76
0	194
0	122
0	321
1	103
0	203
117	214
880	0
1	543
0	504
24	348
14	77
0	215
7	0
3	26
0	517
4669	5573
0	5066
0	2933
25	3351
3	1933
17	906
0	152
3	817
5	828
0	877
0	86
0	64
1	33
37	39
2	24
20	17
3	32
2	32
0	1
0	0
0	0
0	0
0	0
0	0
0	0
0	0
0	0
0	0
1	1139
12	965
13	880
11	1148
2	371
1794	24
0	19
20	0
4	106
4	20
0	88
1	7
2	43
0	21
0	225
0	20
2	0
0	0
0	31
0	0
0	2
0	2
6	45
0	45
0	0
0	414
2	232
0	432
0	140
0	160
1005	528
21	2
33	1027
0	474
13	478
23	528
0	449
3	523
1	296
8	1011
0	0
0	0
0	0
0	0
0	0
160	97
5	95
0	7
1	25
0	0
0	0
0	0
0	0
0	0
3	369
683	409
1	40
0	0
1	14
0	0
0	0
0	0
9	547
2	251
0	428
0	37
0	57
8	33
0	124
5	55
15	187
0	108
0	0
0	0
685	6704
194	6704
7	3
0	0
0	3
0	0
0	0
0	0
0	0
0	0
3	324
14	860
80	1534
164	1535
1349	114
36	105
0	10
37	0
4	192
4	183
3	149
0	0
0	12
0	82
0	9
128	344
22	344
3634	1458
10	796
1	1305
5	41
14	156
42	0
0	0
25	207
10	207
0	41
3	12
0	62
0	24
0	3
11	49
0	0
1	49
4	12
35	22
1	19
4	2
32	4
0	1
0	29
1	2
0	7
0	28
2	32
0	15
0	28
2450	2
6	85
3	157
12	290
1073	291
0	17
0	0
0	0
42	138
0	120
10	159
0	91
4	21
291	1932
1551	2248
8	972
62	900
0	245
0	0
1	2007
0	0
0	2
0	0
0	0
0	0
0	0
3	1
0	0
0	1
0	0
0	0
130	1433
14	1402
13	39
0	29
4	0
0	0
361	53
36	49
0	47
16	38
0	23
0	0
9	22
1	18
17	894
2	280
3	61
7	18
0	873
1	411
639	1685
22	1486
0	4
1	276
0	143
70	471
1	0
0	24
6	172
22	4767
10	4766
202	4805
4	0
0	31
0	7
4634	1
28	0
0	567
4	501
0	162
4	163
0	27
16	58
67	0
954	531
3	529
2	6
5	289
0	805
1033	862
24	203
2	0
0	57
12	88
0	88
19	0
0	5285
107	5263
8	2859
72	2240
4	90
1	4
3276	68
0	68
7410	2117
4	1767
0	165
0	333
0	0
0	0
0	0
0	0
0	0
2851	445
4	301
1	228
0	56
112	9
0	9
332	366
0	346
0	344
0	41
0	20
1	5
0	5
2	476
41	516
3	93
0	1
0	42
0	133
10	135
0	100
0	0
0	17
0	0
0	8
0	7
0	8
904	911
0	51
1	26
35	4165
2	2954
0	3038
3	3338
40	225
0	2918
47	948
0	2784
560	14191
57	10454
0	4106
1	4812
18	11737
9	3231
12	0
35	127
4	7
1	111
2	114
1	3
1	0
0	0
0	1
1	485
0	1
840	485
0	1
0	0
4	422
3	139
9	19
13	17
20	384
10	40
6	150
2	51
1	51
445	176
3	17
4	12
0	13
0	0
1	4
0	1
0	0
0	0
0	0
0	0
0	0
0	0
0	0
0	0
0	0
1	8
0	8
3	0
0	0
0	0
57	385
0	38
0	1
1	401
0	2
1	2
0	0
0	30
0	30
0	30
0	25
1	22
0	10
0	30
12	2541
188	111
2	2494
7	1939
0	1938
12	255
2	104
0	46
13	16
2	197
0	2985
2	3216
1	3167
19	4663
67	5007
7	4633
0	1656
2	0
3	478
9	2457
4	104
0	741
0	691
1	175
0	511
28	922
0	278
0	255
4	161
73	430
3	0
55	90
10	82
0	55
0	1
0	4
0	7
0	0
728	85
9	9
14	9
0	67
8	10
1	10
11	1076
0	925
1	43
1	48
0	1038
5	2
0	600
0	638
1	69
11	194
1	103
2	7
0	5
631	327
8	263
6	64
7	459
17	600
0	10
27	609
15	254
7	350
3	178
2	140
1	144
0	95
12	109
1	35
0	3
24	7977
133	6901
1	2332
54	1559
22	1264
13	1392
0	651
38	2154
29	494
23	693
25	321
6	622
0	702
10	1291
0	108
1	109
0	108
2	111
1	6
0	0
6	0
0	33
0	31
0	0
5726	4649
460	797
0	91
199	933
0	853
47	31
27	999
144	1824
0	197
0	1
1	549
2	298
4	513
2	473
0	40
24	155
0	17
3	27
128	827
154	722
36	827
2	719
1	7
15	1860
2	1514
41	1305
0	204
5	1710
1	1774
0	1914
2	1715
3	1760
8	22
2	118
0	139
33	1224
36	1241
4	60
14	49
101	0
0	614
8	685
64	455
19	500
0	6
6	423
0	25
0	14
1	42
8	576
0	575
0	0
0	0
0	0
0	0
0	0
0	0
0	0
7	0
0	0
0	0
0	0
0	0
0	565
28	26
207	1053
2	280
21	26
0	9
22	321
111	502
1928	112
2	0
1	29
1	12
0	64
695	3011
0	3010
0	0
357	69
0	39
1	30
21	59
695	59
317	1
0	0
0	28
0	16
4	1109
3361	1385
0	1
124	277
341	60
1	47
0	13
2067	4796
51	486
0	446
0	3566
1	590
1	298
12	87
2	358
7	292
2	395
0	13
39	92
43	15
0	32
0	19
0	6
1	190
1	207
2	193
0	190
0	190
1	19
0	1
0	25
0	20
0	20
0	2
1	2
0	0
0	191
9727	2872
23	1885
160	2703
3	900
1	210
64	2
11	0
14	296
0	57
3	239
19	1
0	1
7	35
24	32
8	35
23	5
0	5
0	0
316	1117
23	36
313	1081
2	17
2442	3
9	1396
0	1525
0	1409
1	48
0	1500
4	0
18	1158
32	121
58	47
2	6
19	1155
10	151
17	6
0	14
15	1
27	292
48	305
1	31
7	0
128	141
0	12
26	99
11	6
0	5
0	24
0	41
0	41
0	8
215	685
139	959
4	803
0	0
0	0
48	951
26	227
0	5
0	0
2	57
16	20
0	1685
0	1622
0	20
0	8
0	59
0	59
0	15
1	36
18	695
10	236
0	456
0	117
3	595
0	52
0	0
52	107
0	38
0	2
0	2
0	2
0	1
0	1
0	0
0	0
0	0
0	0
2350	3
42	3
0	1
61	737
0	627
0	722
9	627
2	0
9	2
0	0
0	0
0	0
0	0
1639	0
0	15
0	8
1	15
0	7
0	10
0	1
1	24
1848	3063
4	24
23	2321
0	1845
0	2550
0	2000
0	567
0	1685
0	1282
0	1599
0	127
0	1130
0	513
1	588
10	447
11	0
1	61
3	7
2157	2
198	805
0	764
1	142
0	1
7	39
1	1
26	4
6	1
1	18
0	22
2	2
1	15
0	12
0	0
7	9
0	22
0	1
7	20
0	1
1	9
4	2
0	32
58	2265
1	802
1	1518
657	3217
15	2983
7	1
0	2
1	295
3	407
38	296
0	3216
0	946
35	966
52	911
23	891
1	181
0	152
0	33
2	0
7	0
8	5345
11	1442
58	364
0	5342
0	1
0	1
476	0
8102	885
3	682
1	263
0	253
6	1
37	338
6	612
4	530
1	8
1	39
1	2
1	293
0	3
2	2
0	26
1	306
0	1
0	29
5	0
7	0
5	14
415	249
101	255
0	187
29	255
219	39
8	16
1	4
0	6
3	8
6	10
3	154
3	149
0	13
4	0
0	0
0	0
0	0
0	0
0	199
22	211
7	208
0	48
7	10
292	850
0	13
1	255
1	694
0	98
7	169
0	40
0	12
5	477
27	22
0	361
0	1840
34	1811
0	1077
0	432
50	1806
0	52
0	0
1	21
0	1797
6	0
3	399
43	625
9	498
0	172
0	0
0	0
0	0
0	0
0	0
7	536
0	0
27	582
23	386
0	186
0	73
0	439
1	422
0	484
0	374
1	135
14	10
5	10
0	99
0	60
1	16
0	0
165	0
412	744
0	58
2	24
0	27
1	41
1	638
0	53
0	39
0	168
0	7
0	7
131	933
8	87
2	404
7	532
43	3
1	145
764	93
0	93
300	39
3	2
2	9
0	0
3	28
0	0
17	459
8	402
2	1
12	2
0	431
0	7
0	7
2	7
0	7
519	85
6	2
32	83
3	125
1	1137
0	1156
0	612
0	561
1	0
0	77
0	151
0	327
1	153
12	187
0	187
0	158
4	13
0	4
3	5
0	9
1609	870
1	550
3	485
0	132
0	78
25	2
2	168
14	29
2	9
0	209
905	454
4	451
2	202
0	1
0	73
38	73
2	3
2	51
57	182
11	53
0	177
0	1
75	819
0	94
1	0
0	64
46	798
75	56
1	4
7	56
0	0
0	0
4	0
298	0
4	0
192	109
29	109
0	2
2939	1
3	0
0	13
1	0
15	13
2	0
0	9
1	36
54	36
0	0
0	11
0	0
0	0
6	0
0	0
0	0
0	0
0	0
0	0
416	44
0	44
58	1
2	7
22	802
29	2245
773	2669
9	275
1	163
0	158
11	758
70	1303
0	7
11	369
348	2032
26	1765
4	0
28	470
0	242
1	363
71	591
5	524
0	286
0	0
20	136
6	35
0	124
0	141
0	399
0	1327
0	429
0	0
0	42
0	145
1	920
0	1147
0	28
0	111
0	107
0	1327
0	1331
0	1327
0	1271
1	2310
161	2304
14	77
15	33
174	6
0	228
25	228
4	226
0	0
105	500
2	500
0	0
0	3
0	34
2	8
0	29
311	34
3	34
0	2
6	0
0	1207
0	1145
0	0
0	0
0	0
3401	4757
64	4615
1	3088
5	613
3	595
3	323
1	34
0	0
0	6
0	5
1	20
1	7
0	0
92	748
5	626
1725	754
0	121
0	1
1412	3236
12	85
7	3200
4	650
186	784
0	0
346	528
5	171
49	102
5	68
5	489
0	163
57	191
3	157
0	156
0	54
10	285
0	271
2	55
0	0
916	773
0	3
0	501
0	504
74	525
0	170
0	151
0	144
169	18406
0	2922
0	356
1	312
0	1551
9	20101
5	20237
0	117
1	23
19	98
11	2023
176	2604
0	18389
4	136
1	28
66	4309
0	8873
0	79
0	502
15	389
0	19402
29	0
0	0
0	13
3115	4180
2	2035
0	4694
25	132
45	408
2	153
36	14
0	1
0	14
0	7
0	0
0	0
0	0
744	2230
0	1668
1	1
0	1752
5	153
21	856
311	164
7	22
0	22
2	13
642	0
4614	3124
41	3123
0	2204
20	712
0	1683
9	0
0	0
836	153
0	8
0	144
0	7
0	1
0	1
0	1
0	0
0	0
9	2805
583	3726
134	942
73	688
16	744
16	684
82	216
130	1
0	0
4	569
25	544
9	447
0	94
0	20
0	153
0	261
0	96
4	5
0	0
0	0
36	1639
149	1640
0	38
4	133
13	264
1	0
0	29
1079	260
0	260
104	637
20	1089
17	762
39	20
2	17
19	56
0	342
11860	3453
0	3167
48	609
3	166
3	0
0	0
84	1414
113	1257
33	1275
0	63
28	676
2	0
1	6
0	0
7710	5440
1	4845
0	3046
7	249
0	0
0	0
0	0
0	0
0	0
0	0
0	5
405	429
0	428
0	0
9	75
0	2570
0	0
438	2590
22	2590
1	15
4	0
3	0
0	0
0	0
0	0
1957	328
2	301
0	27
98	0
0	0
0	0
0	0
0	0
0	0
1	0
0	0
0	0
111	319
10	320
0	83
0	5
0	13
0	4
101	76
20	76
820	9327
41	32
22	31
0	20
2	5
81	9326
906	6818
53	4364
811	7244
7	6831
9	2161
1	6
7	65
15	61
56	6866
25	1235
0	22
0	22
1	0
0	0
0	0
0	0
0	0
0	0
0	0
0	0
0	0
0	0
71	36
3523	1455
17	487
0	953
0	27
74	168
90	182
10	729
0	0
0	0
17	56
1	56
0	3
0	0
0	8
0	54
0	13
3	57
1	0
0	57
43	0
14	37
255	108
1	182
1	250
2	249
0	248
5	84
1	30
0	45
1	32
18	26
0	45
0	0
575	420
1	419
18	292
2	24
528	21
2	21
18	1705
44	1212
53	1553
0	1410
1	1242
94	1260
116	140
24	128
1	121
2	18
3	143
0	381
35	386
2	83
12	0
9	386
4	940
0	114
0	0
0	1230
0	921
0	586
0	106
4232	452
0	267
2	168
0	0
1846	622
0	515
1	464
4	2
5	2
10	938
550	425
0	416
0	0
3	720
0	58
0	706
9	78
12	1
18	583
0	114
0	706
1	2278
2	1149
391	2022
27	2046
51	2065
11	945
2	37
22	101
0	954
0	901
6	86
10	81
0	896
7	481
1	28
2	428
2	674
0	43
0	574
4	669
0	7
1	9
65	1124
2	829
0	977
125	1547
370	1496
81	49
6	547
0	0
2	872
0	1302
1	542
0	539
35	666
23	539
325	1381
10432	4
42	362
0	292
9	115
0	164
1	6
0	300
0	84
105	1680
1	1712
76	276
0	2
0	2
0	2
0	2
0	1
0	15
6	15
0	0
0	0
838	811
4	81
0	729
17	0
2327	1636
0	251
19	1515
91	1
1	0
4	0
0	228
12	1456
0	770
11	699
0	426
1	534
7	247
6	939
0	637
1	551
3	255
5	208
1	4
4	285
53	5
13	277
6	1
76	0
0	1
0	1
0	1
0	0
0	0
0	0
1255	686
2	576
5	558
339	385
0	46
89	4250
10	4416
28	0
0	2
0	360
1	151
0	0
0	0
1364	720
0	114
49	33
3	142
8	130
0	703
5	0
0	0
0	0
25	9
0	9
1	0
1712	2
1834	798
74	798
17	95
7	8
4	135
0	17
0	2
28	15
0	4
0	4
0	0
2	93
0	93
0	3
1	6
0	9
11	23
345	0
14	794
0	1
4	30
72	47
0	1
220	51
2	645
7	176
7	150
0	1558
60	468
21	14
117	1777
56	44
6	36
3	44
616	2151
115	221
74	1930
0	0
22	337
141	337
5	98
4	2
17	0
62	2936
25	3306
1	3131
9	8057
55	8228
4	697
15	139
1666	2920
0	276
1773	2861
381	1666
0	0
0	0
0	0
0	0
104	1
133	2487
6	1171
158	2609
13	2523
4	185
0	1428
1	662
7	821
2	1076
293	687
2	27
14	756
11	254
7	499
0	6
3	62
34	10
1	47
24	94
2	21
0	4
0	135
0	1310
5	1193
13	1182
9	1172
3	0
42	306
84	201
0	6
3643	3092
2352	3092
19	0
1	0
0	0
0	0
0	0
2	0
0	0
0	0
885	45
0	0
0	45
8	76
84	76
53	75
400	101
7	101
0	0
0	81
1	36
20	283
3	346
43	6
2	224
7	19
28	1
2	29
0	17
0	15
94	38
66	34
2	4
7	0
39	697
0	37
0	7
9	16
0	50
0	0
4	3
1	724
0	755
0	785
6	164
38	59
3	78
8	57
2	125
1	105
3	44
201	110
8	114
3	71
0	90
0	56
1	275
95	436
0	386
3	105
0	251
0	6
0	13
0	0
0	144
2044	949
2	0
4	79
0	25
1	912
1	167
9	11
3	11
0	0
0	0
0	0
0	0
0	0
0	0
0	0
3	121
224	130
0	130
2	23
0	21
0	2
0	15
0	7
0	6
0	7
0	1
775	75
3	15
2	0
0	59
0	18
348	148
2	121
0	21
0	20
13	17
397	24
452	14
0	0
0	0
0	0
0	0
3	2
4	369
140	1308
150	141
9114	5038
99	302
6	1476
0	2560
1078	25
0	0
0	0
0	0
0	0
0	0
0	0
0	0
0	0
0	0
0	0
0	0
125	558
65	516
83	74
42	40
45	536
484	536
11	142
4	125
0	17
0	99
4	59
9	63
1	16
1	26
2	11
13	10
0	2
1	4
1	2
0	0
0	0
0	0
0	1
143	1840
16	1743
87	1786
2	7
181	1058
0	0
33	52
1	20
2	130
20	24
7	8
2	113
1	36
13	263
7	400
0	455
4	241
0	0
0	0
0	0
1114	4027
0	833
1	3170
17	589
2	20
0	586
5	628
0	890
111	299
11	395
2	16
0	316
0	472
35	359
0	121
0	105
5644	31
15	1
0	26
0	15
0	0
1	0
0	0
0	0
181	803
0	678
1	386
0	0
0	29
166	1785
129	1784
57	1
165	3285
113	2768
0	3202
2	2691
0	1775
6	1552
17	40
0	0
0	325
0	434
2	827
0	397
22	148
0	512
3	84
0	368
8	74
20	0
0	154
0	7
0	0
0	0
0	158
391	81
0	81
0	1
2	9
0	8
33	13
553	370
7	234
0	47
1	43
0	0
0	0
0	0
0	0
0	390
6049	5
1913	8
0	5
0	5
4	419
0	42
0	5
0	5
0	208
0	0
0	0
0	0
0	0
0	0
183	1
0	0
2	0
0	1
0	1
0	1
37	456
1054	1600
112	536
1	281
52	576
1	382
13	115
0	164
1	16
48	387
3	115
1	577
0	0
22	19
0	19
6	0
0	0
0	0
0	0
0	0
0	0
0	0
0	0
0	0
0	0
34	0
0	0
5	908
46	1718
1	569
13	6
10	90
0	25
27	385
24	481
5	85
11	100
3	88
3	210
1	7
0	584
40	768
216	768
1254	15
56	14
15	58
0	70
13	35
401	1285
0	0
0	0
1	1314
36	444
4	929
7	1142
8	145
148	852
19	95
16	121
0	0
0	0
0	121
2	6
0	1
0	1
0	0
0	6
0	6
0	207
4	321
0	258
0	65
0	12
0	236
6	58
0	67
18	8
849	291
1	145
4	49
3	9
48	90
113	293
15	201
1	270
10	52
0	10
5685	623
2	622
0	0
0	0
0	0
0	0
0	0
0	0
2828	0
2748	1
21	191
0	191
0	0
0	683
45	745
2	2
1	334
1	35
15	0
1	0
0	59
495	4605
25	288
15	0
0	3
1	4605
0	4
1	0
107	4
0	0
0	4
12	4
625	73
0	73
0	361
4	598
0	359
3	538
0	562
1	2
0	199
2	79
6	34
0	50
0	2
1	12
0	581
834	3193
5	2334
277	154
1	970
471	1597
0	1226
24	565
2	13
17	0
0	0
315	1498
1	5713
681	6297
41	1246
181	1264
0	1267
0	1267
2	3109
62	2886
65	1904
9	238
2	0
0	650
0	0
0	0
17	771
4366	772
97	3537
62	3520
4	12
50	2935
96	217
18	217
0	6
25	1385
41	1629
3	257
0	1073
2	211
73	22
11	394
1	6
0	3
2	649
210	610
8	0
2	136
0	415
1	567
0	0
0	65
1	135
0	649
1	0
11	5095
30	8594
10	6507
0	1862
1	257
107	154
11	72
17	54
5	17
3	81
23	14
0	4
0	5
0	0
0	0
0	0
0	0
0	5
0	2
0	5
0	3
0	3
0	0
0	0
6	3
0	2
0	0
0	1
0	3
0	0
91	373
179	373
141	507
47	507
1	44
1	6
0	0
0	21
0	12
0	0
0	1
15	7
0	8
238	199
0	112
22	166
0	13
0	13
0	1
0	0
0	0
11	2117
6	1921
0	1726
0	1362
9	147
3	70
0	396
28	262
0	0
0	0
0	0
823	201
325	201
0	0
0	0
666	1792
0	1626
0	448
39	156
2	0
0	0
0	0
3432	294
23	159
0	292
13	0
28	87
0	67
0	8
0	9
0	56
180	435
0	42
0	391
1	33
0	0
0	0
2029	2379
5	2297
0	0
0	0
0	0
87	44
0	1
5	0
6	41
2	5
6	930
522	990
3	0
0	67
2717	1
4	3
2	3
0	2
0	23
0	219
0	7
0	9
0	0
0	7
0	0
1	204
5	230
0	4
10	302
16	90
1218	630
0	615
3	14
697	19966
17	16389
2	7264
16	40
19	4416
1	2
615	16565
20	831
9	42
54	3
23	99
3	18
0	8
2	17
0	1
0	9
0	9
4	0
39	213
115	211
7	177
3	310
9	359
1	23
3	80
0	16
4	156
0	0
1844	1234
12	353
22	647
2	346
7	51
318	119
0	119
168	69
0	57
3	107
1709	84
0	82
222	5471
0	4762
32	5688
0	720
0	754
0	233
7	29
2	82
0	4803
0	0
0	0
754	1950
10	1950
64	2918
132	2914
103	325
0	6
19	48
0	265
2	93
0	518
0	63
0	76
0	75
17	77
535	929
37	899
18	923
33	205
0	502
0	0
125	942
0	701
4126	924
0	78
7	2369
67	2271
5	2274
0	686
0	270
0	49
0	25
0	5
0	1680
8	49
1	27
0	34
2711	129
34	128
3	1032
6126	1042
0	0
0	0
0	0
1	0
390	5716
0	466
5	1114
2	968
358	4366
0	4138
34	1052
0	25
1	95
0	75
0	77
4	67
0	3
0	21
0	3
4	0
25	410
0	223
21	324
2	10
9	42
1	126
0	9
5	2244
46	1474
4	209
2	52
24	24
0	7
0	883
767	167
10	65
1	86
0	74
2	11
2	0
0	5
5	333
0	268
0	179
0	179
0	42
16	28
1	69
2	69
4	221
10	221
4	132
0	17
0	0
5319	60
15	59
1	75
0	84
10	68
0	31
3	30
1	3
165	35
5	27
1	1153
4	1153
0	45
134	5581
4	1
1	976
4	5078
1	10
1	2608
18	322
0	1
0	1
1147	1
29	0
519	562
0	410
0	94
1	247
64	0
58	90
20	21
8	306
0	306
0	0
0	0
4	5
0	2
0	5
0	5
2	1
0	0
284	35
0	19
0	16
68	18957
0	19159
50	6076
0	17883
0	18218
3	22
0	22
13	1182
0	8
0	0
76	14
3	9
8	1219
0	111
14	3
1	894
10	19
0	1217
0	1217
8	680
11	1616
1	615
9	1332
13	1565
3	630
0	1328
1	167
0	37
0	84
2	448
0	1137
0	156
0	91
0	444
0	1358
1	442
0	0
3	0
784	2181
0	650
0	0
25	43
12	18
11	2175
7	43
0	2181
0	11
0	0
8	3990
147	5128
0	537
0	38
7	1067
64	4014
0	718
0	466
3	154
3	1086
2	135
4	2475
205	2500
0	29
2	120
1	50
0	25
0	2475
10	2271
1	0
4	38
0	0
948	1183
0	105
16	3
6	1183
0	860
0	1182
0	0
0	0
0	0
2228	0
0	0
892	0
0	3
0	3
0	0
0	0
0	0
0	0
1	3599
3	193
88	2432
4	19
0	19
0	19
1	18
0	0
0	0
2763	1526
0	212
5	248
4	85
24	1151
0	26
30	890
0	84
1	19
6	149
5	255
0	0
0	0
0	0
16	0
66	463
142	464
1	451
0	0
23	0
0	0
6	0
969	0
6	526
0	182
0	53
0	68
5	32
0	548
0	27
0	27
5	1
0	1
316	0
1	0
0	0
0	0
90	253
0	6
1	224
3	26
5	19
0	228
6	0
687	0
0	0
574	282
0	172
0	15
3	0
0	47
39	107
1	0
1	66
0	212
10	288
2	225
0	125
2	159
30	326
6	19
26	2
1	48
84	291
91	370
0	322
2	0
0	15
24	83
44	126
8	35
2	21
0	20
0	20
0	20
0	20
5	9
4	2
0	3
3	603
0	403
5	0
1	11
12	2
2	364
0	519
299	1350
6	1288
4	1000
67	17
3	35
0	45
0	81
2	25
0	9
0	9
0	0
0	0
0	0
0	0
0	51
3	179
22	186
0	41
3	5
436	0
467	7509
1156	6422
235	6840
0	0
0	0
28	4
2	692
979	1469
363	257
0	105
0	4
0	156
833	32
0	19
0	9
3	13
0	2602
73	1764
0	228
0	2024
0	457
0	1309
0	1309
0	0
0	0
0	0
2	0
10	1998
200	1374
7	1802
1	508
0	0
0	210
9	921
33	0
66	0
153	1
9	0
0	0
13	0
0	0
0	0
0	0
0	0
0	0
0	0
0	0
24	0
0	0
0	0
0	0
0	0
2	1
0	0
0	1
0	0
0	0
0	0
1310	718
4	731
0	21
9	264
0	1501
6	1798
3	1291
0	1121
2	868
5	1288
4	1286
0	935
27	1067
0	1060
2	439
0	336
2	0
2	43
102	39
575	977
1	309
10	883
0	92
2	97
77	288
1	0
893	1516
6	1376
2	1358
74	1289
0	1206
3	1043
0	900
3	3
21	46
8	6
0	139
2	126
7	2807
211	435
52	435
4	133
795	133
13	23
13	70
0	0
0	0
0	0
187	821
0	821
13	2
0	2
1	0
0	1
1	1
0	0
0	131
0	104
2	14
0	6
0	138
113	64
3	64
0	6
0	2
0	18
2681	2
322	382
48	382
0	0
0	0
0	0
0	2
0	2
0	0
88	371
4	677
0	518
0	486
4	16
8	0
0	186
0	9
0	34
238	402
2	402
0	1
6	1887
126	1945
15	7
0	5
0	2
4	176
1	11
0	30
1	175
1367	922
0	922
0	831
91	799
0	226
0	72
1481	686
4	688
0	615
5	2
7	21
1	16
12	3053
9716	3059
12	1735
24	984
300	991
32	104
164	1004
4	477
0	402
7	79
0	2
0	0
275	75
19	50
224	2914
15	346
0	706
0	581
21	2354
38	393
0	433
123	0
0	0
459	154
2	0
1	8
4	56
0	2
0	32
0	0
2	8
0	29
1	33
7	0
0	36
3	38
0	7
0	4
0	11
15	1008
0	1022
0	1073
0	1020
22	1034
1	927
3	4718
9	122
0	2
37	1184
77	37
21	934
1	613
18	6
3	362
120	475
1842	465
118	21
758	287
0	168
0	119
24	24
4	24
42	54
27	52
0	0
0	0
0	0
0	0
0	0
0	0
0	0
0	0
637	584
0	25
168	559
0	181
4	2860
241	895
0	2614
14	3758
2	1026
0	274
0	635
0	634
0	963
13	2205
4	111
0	750
106	234
0	96
8	205
0	0
141	498
24	511
0	119
6	153
0	0
19	223
0	2
0	26
1	0
2	12
3279	598
72	595
0	11
5	94
140	4
0	4
32	130
3	0
8	130
8887	201
0	195
1	2
0	2
0	0
571	1174
0	0
1	1174
0	96
1	0
0	87
51	790
4	30
0	167
804	773
3	86
0	66
16	242
62	514
0	79
19	171
0	339
69	440
1	0
2	103
13	98
1097	166
196	330
31	240
17	20
7	64
0	0
0	0
8008	18
10	14
5	223
0	225
0	306
30	303
0	313
1	126
1	91
9	91
0	0
3	50
4	240
0	7
1856	1464
0	1419
21	1106
3	718
0	695
0	67
53	98
119	2
8	78
14	75
0	25
4	3
16	33
2	1
0	0
0	32
73	412
8	106
293	340
0	276
51	5653
70	5875
0	6397
19	41
0	4369
5	34
0	329
3	51
3	486
22	7
3	951
280	562
2	530
1	32
4	10009
84	10513
8	10446
277	5527
15	6049
1	5940
148	5353
10	961
73	55
10	7
0	0
0	0
0	0
0	3433
0	3935
28	1950
432	2614
0	3159
0	2225
0	596
0	3935
0	2303
1	443
2	308
16	1016
56	2975
0	1758
0	2606
0	2597
27	187
205	4415
0	4371
28	221
0	2477
25	2857
131	2288
2	129
2	0
0	2838
8	48
0	21
0	3
0	41
0	42
0	42
7	26
4	9
0	2
0	2
0	2
52	0
2	548
48	579
3	27
1	88
5	11
2	11
0	0
0	1
0	18
4	23
0	18
3	42
2	41
0	38
0	15
0	35
3	0
0	2
0	0
0	0
0	3
0	3
0	2
0	1
0	0
0	0
0	0
0	0
0	0
0	0
0	0
0	0
0	0
0	0
0	2
0	2
0	0
0	2
0	0
0	2
0	0
0	2
0	1
0	0
0	0
0	0
0	0
248	0
0	0
0	0
1	0
12	726
0	355
261	720
30	1
12	1
36	358
19	147
6	80
0	726
43	327
53	1266
23	29
2	84
30	1268
0	0
13	141
11	3
0	3
0	0
0	3
0	1
10	0
0	0
0	0
0	0
10	355
0	331
0	212
0	329
2	13
2	60
0	10
0	0
0	327
16	1753
0	24
0	2
1	1747
54	111
0	326
0	0
0	27
292	895
0	1729
0	0
0	0
0	0
0	0
0	0
0	0
0	0
0	0
0	0
346	298
2	297
4	445
0	941
49	1118
16	442
48	468
0	0
0	0
0	0
0	0
0	50
0	50
0	50
2	50
174	26
3	26
0	0
2557	1
4	0
34	2266
19	1390
1	470
0	469
3	205
206	2303
0	130
2	5
16	5
2	1
0	1
0	0
0	0
1	0
0	0
0	0
0	0
0	0
0	0
0	5
0	5
0	0
0	0
1	225
4838	356
0	283
308	0
4	0
44	1161
10	974
13	2
11	509
3	913
106	408
7	964
0	134
0	11
0	149
15	101
4	0
34	101
0	0
72	538
14	532
1	49
3	70
2	7
1	6
8	0
0	4
0	1
837	1
507	91
3	90
3	32
0	36
0	56
0	40
11	20
0	0
506	3
3	1635
0	167
0	27
0	14
5	13
0	101
11	1465
20	88
1	1
0	53
0	0
6	136
0	39
0	1
3	0
0	0
2	0
1859	1120
38	1094
0	425
0	42
7	0
188	1253
0	285
10	285
0	152
0	50
0	3
6	1236
1143	2
1	1808
0	2142
18	2118
0	1882
9	312
5	188
1	250
0	267
0	175
58	2260
1436	1906
3	73
7	42
2	91
19	1778
3	343
1	58
3	6
0	1
63	2711
89	2528
0	1265
6	521
359	230
31	42
0	0
8	0
0	2
0	2
0	1
1	0
0	2
0	2
0	10
0	10
251	230
2	21
0	212
3	0
1	203
0	86
1	185
0	0
3	92
0	75
0	68
0	56
13	1
0	1
33	12
0	6
0	12
0	12
24	3
215	103
0	27
2	67
22	62
5	43
3	65
1	9
1731	305
4	5
0	18
45	33
0	24
0	169
0	0
2	122
2	0
263	126
0	71
0	43
0	5
0	0
0	0
10	245
0	251
14	252
10	247
1	1
8	1
0	0
0	0
422	479
224	432
8	47
212	955
8	955
0	39
0	25
189	10
2	0
51	1
86	49
66	498
0	498
11944	248
20	238
0	0
821	0
1932	136
0	16
7	38
1	10
0	65
1	7
9	574
211	574
0	3
0	3
0	3
0	3
4	67
2	67
0	0
0	6
0	3
1	73
1	73
604	389
2	389
30	1590
7	1544
34	781
40	162
0	68
20	142
127	439
3	39
0	932
0	883
0	885
0	864
0	36
0	12
2	905
1	1
0	1
0	0
43	44
1	19
1	9
0	0
0	0
0	9
0	23
448	192
0	6
1	88
0	8
0	76
0	103
0	5
0	33
1	2
10	32
1	131
0	118
997	222
36	173
4	33
15	368
1	299
6	54
95	366
0	498
49	565
12	614
1	574
2	560
79	536
0	0
0	0
156	7015
10	4789
1	1495
0	0
0	0
0	0
0	0
13	30
291	1148
0	210
7	165
0	921
38	0
41	0
2145	56
4	53
2	12
22	31
3	0
1362	1805
23	1474
0	331
49	6
21	1248
2	39
268	1161
18	1171
0	133
3	1167
0	27
0	26
0	0
0	27
0	36
528	227
7	223
7	6
0	6
2	724
4736	5997
0	2713
11	5019
36	5255
8	5
0	4106
23	436
7	433
0	19
3	6
1	22
11	0
3	460
69	2542
2	30
10	133
0	2473
3	132
0	38
3	22
0	16
0	18
0	2
0	13
0	132
1094	2
66	4
0	4
1	8
2	17
1	17
0	0
0	5
0	17
114	390
32	142
4	131
0	47
2	117
0	85
6	10
14	12
3	0
7	21
3	105
0	71
0	4130
0	1127
13	89
0	1265
0	1538
0	74
4	1554
0	426
0	265
14	1544
0	67
0	59
0	4061
0	4151
1	10
50	1472
0	1472
0	13
10	59
15	927
0	956
0	1022
0	63
20	41
338	1049
1	0
54	308
27	93
0	30
17	89
27	457
31	112
9	437
46	1853
0	1988
0	1461
1	2344
14	67
6	510
19	8
1601	443
16	176
21	5
8	129
7	135
42	107
5	0
334	105
0	107
0	43
1318	0
2373	102
1	100
0	3164
653	2578
0	1394
70	598
1	244
7	365
0	20
0	215
3	23
3	0
21	6
0	310
1	243
0	66
1000	196
66	3144
240	50
13	50
789	347
0	238
6	120
11	209
2	53
0	28
2	13
1	0
146	189
40	147
0	45
3	0
4	22
1	0
0	0
0	0
20	312
0	0
79	124
11	111
0	93
0	1
0	1
11	18
353	195
4	193
0	11
14	0
16	54
4	0
56	0
6	0
0	0
40	21
296	23
13	61
33	99
3	2708
2670	2649
0	32
0	0
2	0
0	83
126	84
4	23
318	936
0	116
27	794
1	0
24	17
2	128
0	27
21	364
4	200
15	190
4	460
4	396
1	442
0	78
80	63
0	63
2	66
15	20
1	0
0	1138
26	1130
12	1090
0	411
0	117
2	23
8	28
4	17
0	0
7	9
0	2
0	1
0	0
0	1
370	318
29	7
58	317
343	281
1	255
0	118
0	0
0	0
0	3360
22	2125
260	2074
10	1725
0	1308
5	215
7	63
8	28
1	0
0	2900
0	2653
47	535
9	394
0	349
6	3
0	423
0	0
0	0
1685	1125
25	654
0	774
145	1207
0	196
22	284
12	220
4	214
0	330
0	0
0	0
0	0
0	0
7973	6080
3	721
0	3757
14	1432
0	4511
0	0
0	0
334	0
0	0
0	0
124	588
0	258
2	312
1	170
4	59
0	138
7	192
3	0
0	2
0	2
0	0
0	0
26	4392
193	4619
4	4518
2	0
542	329
1	303
6	256
15	1
0	0
0	0
0	1
0	0
0	0
0	0
0	1
0	1
0	1
469	27
0	0
0	0
0	26
294	1245
8	1245
2	409
5879	4
0	0
0	0
0	0
0	0
1509	0
30	234
0	201
4	60
1	0
0	0
459	2176
1	1832
0	396
0	153
10	476
1	358
15	484
11	360
137	170
42	3636
5	94
12	58
28	1354
0	3564
81	474
0	2499
0	11
13	515
44	7
2	1275
5	7
0	3586
66	0
35	0
0	0
4	0
0	0
0	0
0	0
0	587
0	10
197	1081
1	115
0	270
2	353
0	104
687	668
76	668
2	1
1	178
2746	1105
84	101
91	393
3	831
0	430
0	522
1	182
6	58
1	2
204	0
17	476
1	280
18	126
0	15
0	19
0	20
13	353
0	177
351	501
0	8
0	0
26	35
1	0
0	289
0	1
0	1
0	0
0	0
0	0
0	0
482	124
0	44
8	45
2	1
425	168
0	61
0	38
0	119
458	157
38	48
70	87
0	111
137	38
26	362
135	485
3	0
393	0
0	3
2	0
0	3
0	2935
77	2013
19	314
149	244
238	2694
3	214
22	275
3	131
12	131
0	24
74	734
0	594
0	576
2	0
43	0
1	24
0	52
0	52
4	1
0	0
0	2
0	0
2571	464
7	462
24	0
32	3
247	399
1	396
0	25
6	46
5	0
2	0
1	0
120	2754
0	33
80	2905
0	30
0	25
3	614
4	28
0	312
36	99
2	396
1	28
6	548
5	247
0	122
7	11
4	14
41	846
0	0
0	846
1	760
17	3044
4	424
0	2863
11	6
1	40
8	380
0	377
287	2312
0	1575
4	2303
2	188
0	71
11	536
1	459
1	2371
5	502
3	2149
2	69
0	82
0	0
4	286
2	126
1	202
0	2109
2	0
5	1536
0	7
522	19
0	11
1	0
0	0
7	0
7	223
0	183
0	44
0	7
0	37
0	57
0	58
29	56
21	69
11	46
0	0
0	0
0	0
0	0
0	0
27	5
1	5
0	0
0	0
0	0
0	0
0	0
0	0
0	0
0	0
0	0
0	0
40	183
5	183
0	108
0	2
0	45
0	29
0	32
0	28
0	33
0	34
0	29
36	182
0	0
5	0
5	4229
0	3527
10	4209
0	3974
1	165
8	4106
1	4335
0	3498
0	3834
28	299
59	2082
6	567
136	0
0	0
0	0
18	0
851	0
0	1010
1	1117
0	1099
0	1002
1	121
0	0
0	0
29	54
0	1011
0	1005
2	0
0	0
3	334
622	1023
0	0
0	241
1	525
2	303
0	0
0	0
0	0
17592	1898
133	1885
2	0
0	0
0	0
1421	2
0	0
0	0
0	0
76	966
0	1403
87	2108
0	1133
0	841
0	1008
1	564
10	367
0	604
11	643
1	565
1	69
36	286
19	89
23	179
289	221
0	138
2	133
45	197
0	0
0	2
1	21
9	1
5	95
3	477
59	479
0	475
10	116
1	477
0	0
0	129
0	218
493	1371
0	18
14	1311
0	158
11	0
1960	293
26	291
0	0
0	0
240	287
7	284
1	3
0	12
316	52
0	26
0	50
0	24
0	4
1	3
0	3
8	1277
3419	2090
1	263
14	227
0	361
0	133
0	100
30	6
193	0
41	43
0	20
4	26
0	81
30	81
0	15
105	382
38	399
35	313
38	35
1	15
2	0
0	0
0	0
2031	923
0	808
2	126
1	1
1	17
0	84
0	244
5	224
1	85
2	84
18	196
1	112
1	0
91	542
48	1673
39	105
9	692
17	272
3	0
0	213
12	68
0	781
18	0
0	0
0	83
25	82
0	80
3	83
0	0
2	63
5	83
0	0
0	0
6	1025
34	1050
8	1025
22	0
0	132
11	6
0	6
19	394
29	394
0	0
44	422
1	328
0	15
0	0
0	0
0	0
0	3
4	3
0	0
0	0
0	0
0	0
0	16
0	18
0	0
0	0
0	0
1077	116
0	116
0	39
2651	688
3	681
2969	853
0	56
0	133
5	146
0	365
8	8
0	14
72	0
0	12
0	8
0	30
0	2
0	7
0	26
0	28
0	18
6	0
2175	128
0	4
2	46
2	74
523	4743
69	5666
1924	3483
92	1714
0	3256
13	1665
73	3143
13	6
0	1887
17	1
1	1
0	0
0	0
0	1
0	0
58	1204
9	996
0	772
0	0
0	0
0	0
0	0
43	3
0	1
1	2
0	0
21	169
13	19
22	174
76	296
814	295
0	47
0	32
33	201
0	38
0	174
28	2
43	32
0	5
1	9
7	0
7	4
20	4
647	850
2	626
0	628
10	42
110	899
0	670
1	226
0	266
0	48
0	0
0	0
0	1
0	1
0	0
0	1
0	0
3	610
59	610
3	610
1	613
0	132
2	36
0	3
746	157
1	60
0	38
0	58
30	1867
15	8
2	0
0	1867
91	34
16	103
0	43
0	52
1129	56
0	0
0	0
0	0
0	0
0	0
0	0
0	0
433	2233
23	1529
35	1686
0	1500
0	552
37	0
64	1456
6	440
0	2
0	37
49	37
264	469
0	469
0	1
1	8
0	15
738	104
0	5
0	86
0	1
459	473
7	408
0	10
4	104
0	1
0	0
0	0
0	0
0	0
0	0
0	1
0	0
0	18
2	18
705	2927
0	1727
0	3137
35	359
0	1502
4	230
0	2473
11	372
59	857
0	53
6	14
0	58
0	2313
0	0
0	0
151	534
1	0
0	73
0	2
0	21
112	442
169	104
10	917
6	933
78	1231
11	95
0	3
0	62
2	127
5	0
16	591
224	1231
0	1
0	1
0	1
0	19
0	44
0	80
70	113
0	0
12	17
0	33
0	0
0	0
0	0
0	0
3	296
0	409
6	46
0	347
0	348
0	343
1	213
0	186
2	22
16	399
17	691
0	521
5	4
20	468
0	125
0	224
0	385
1	164
0	96
0	0
0	18
2	35
66	467
56	9722
532	9577
374	7437
10	553
22	728
738	213
5	0
2	213
5	5
0	0
0	0
0	0
0	4
0	2
0	1
0	4
0	0
2	2
1	757
0	707
14	373
5	67
7	0
45	56
5	42
2	2
0	0
349	732
5	732
33	24
0	24
0	0
0	0
3	0
0	2
1	2
0	2
0	0
21	7
32	442
12	442
16	0
49	177
0	55
83	160
1	225
1	182
6	84
0	0
0	0
3	58
62	869
0	19
0	20
1	41
1	20
0	27
8	209
0	771
0	1
0	35
0	51
3	0
2	0
6	5
62	398
25	398
23	305
10	305
0	103
6	34
0	8759
0	10
0	9338
4	8905
213	8359
0	238
0	236
2	317
0	2316
4	11
1	511
0	1219
4	3631
0	1306
1	1182
0	0
0	216
0	519
0	226
0	3463
2	626
0	1316
8	880
3	3492
0	3468
0	1725
3	3531
0	1915
2	1353
0	942
0	878
0	978
0	694
0	532
0	12
1	492
24	761
0	1033
5	10
1	1275
16	522
0	166
0	1769
1	1042
24	0
0	3507
5	0
23	0
0	213
2	212
1397	558
45	464
3033	169
34	195
0	1574
19	1048
21	917
0	872
3	83
3	80
2	22
66	1599
0	0
0	0
0	24
0	39
0	0
1	65
1	29
4	29
2	8
0	0
0	25
0	64
0	61
0	52
0	49
0	17
0	50
2	41
0	24
0	0
0	78
0	0
0	0
55	273
8	7
0	201
24	219
1	0
587	719
33	598
15	463
4	143
19	760
18	643
5	126
0	102
0	442
0	569
6	8
100	843
312	843
1	0
0	0
0	0
0	0
0	0
0	0
0	0
0	0
0	0
149	275
3	207
0	207
0	158
0	170
0	143
0	160
0	98
4	98
0	31
6	22
0	1
0	1
0	1
0	1
0	1
0	1
0	1
0	1
0	1
0	1
0	1
0	1
0	0
4	2295
39	0
25	363
0	2270
1	2187
2	15
0	0
6	0
10	11
71	133
2	2274
2	1044
41	441
9	327
3	105
0	38
14	9
3	83
1	6
101	1338
1	192
31	1312
0	0
118	1338
694	322
0	359
94	365
0	1
0	1
0	1
2	0
0	0
1294	1035
17	707
4	47
0	284
12	33
1	320
0	0
0	0
0	0
0	0
0	0
0	3
5	37
0	0
0	34
3	0
594	629
0	535
5	2
0	94
0	0
0	0
3	1
390	843
4	848
32	14
22	35
0	15
0	42
0	36
31	117
28	4976
12	8007
1500	24825
100	3234
0	18686
31	96
3	0
1	225
11	735
79	109
0	20466
0	1
0	1
0	1
0	0
0	0
0	0
205	1
1	0
7	130
0	185
0	162
0	26
0	11
6	865
0	881
0	894
0	837
3	659
28	709
0	121
0	9
0	27
27	1410
0	1169
25	1498
4	26
0	169
0	149
5	137
0	293
0	0
2851	0
0	6
0	6
0	1
85	3
3	3
0	0
0	0
0	0
0	0
0	3449
13	131
0	231
0	80
0	3321
0	3485
0	3413
0	3304
0	3430
42	105
0	105
1	0
8	3
0	3
0	0
0	1
0	47
0	1
0	1
0	1
0	0
2860	3023
25	647
6	1706
9	537
0	1275
8	18
2	10
1	8
0	3
0	1
0	47
0	1
69	1680
10	939
11	1226
0	2
3	23
4	33
0	23
2775	617
0	2
6	96
0	138
3	338
4	234
0	202
0	123
1	145
41	457
4	195
1	47
6	452
112	87
0	16
0	71
0	0
0	9
0	47
0	39
0	32
0	0
4	0
1	2
0	2
0	0
0	0
0	0
0	0
0	0
0	0
0	0
0	0
0	0
0	0
0	0
1171	1255
161	890
5	820
896	146
0	0
10	144
0	0
1	9893
182	10866
795	10866
0	10866
104	10859
0	9751
5	621
24	132
11	540
2	219
58	133
6	1142
0	1244
0	290
177	24154
261	24550
0	3441
818	8312
0	2083
310	5581
1	3868
46	1698
5	924
17	444
29	135
11	131
130	0
0	0
0	0
0	0
5377	162
26	160
1	156
7	1
30	3571
1	111
47	6
1250	3494
1	52
4	55
9	38
27	39
1	0
0	16
0	0
0	0
0	24
0	24
0	0
0	9
0	9
0	1
0	3
0	190
0	105
61	477
188	195
3	128
1	112
538	1
3	0
0	4023
4	4324
60	961
9	3665
0	174
0	211
14	0
2	68
6	112
5	1
17	941
0	152
0	94
20	832
0	0
0	442
0	4409
66	0
15	0
0	762
82	1364
0	967
0	1087
0	1018
0	779
1	85
0	39
119	187
0	187
0	0
0	0
0	0
45	77
0	0
0	0
0	0
2	1180
5	1180
540	0
78	1
1	0
0	0
1	17
65	997
0	997
33	162
321	162
388	4988
0	3530
0	1619
72	12
7	22
5	4
8	4708
0	4988
3343	6214
1	109
57	6106
0	2592
0	0
0	0
0	0
44	2911
0	2883
78	3264
18	2532
0	795
21	1096
1	329
58	203
50	192
0	70
0	780
0	0
0	0
3	495
29	735
0	523
68	4
0	524
1	34
11	1
0	7
0	7
0	0
2	141
40	337
0	13
3	10
4	10
0	7
0	203
0	0
0	0
0	0
0	0
4	11
0	1
1	11
1242	4155
79	101
12	0
0	0
173	4197
0	2407
2	13
10	170
1	3547
0	3
0	2
23	109
4	29
0	94
0	4290
205	59
0	59
1440	507
110	506
116	592
0	599
0	227
0	63
2	678
8	580
0	701
23	169
10	192
0	2
0	2
0	2
3	0
0	0
0	0
349	268
32	268
0	0
230	807
342	781
15	472
1	491
12	108
4	1
0	1
76	0
0	0
0	13
1	13
0	0
0	0
2876	2289
0	2084
20	143
0	784
3	66
3	984
8	612
2	118
0	59
1222	598
76	598
41	249
0	239
0	244
0	11
0	74
0	853
47	900
0	21
5	2
2	238
0	0
0	853
2	347
2	13
1	0
0	0
0	93
0	346
0	0
0	0
0	0
2801	595
4	492
21	102
144	433
1	433
0	55
300	109
7	17
5	113
1	8
5	1
0	0
4	24
0	16
7	9
0	0
2	112
121	2011
1	140
59	260
2	0
18	1892
10	71
134	646
0	0
0	0
0	0
795	4280
15	1821
116	4017
2164	3986
56	1843
657	392
1	118
1	77
0	77
0	42
0	72
1	51
1	21
0	0
45	0
202	1431
23	1117
0	98
8	43
313	273
3	102
3	171
0	5
0	5
0	1
0	0
5	21
4	21
33	10
5	10
0	1
0	0
0	0
496	2191
28	2191
4	491
323	0
2	0
0	0
48	682
5	131
2	121
106	603
11	0
0	1
0	1
0	0
822	0
299	404
50	374
0	6
0	0
0	0
30	0
499	372
0	160
2	225
0	0
1	2
1265	928
4	286
1	928
3	70
0	276
1	303
0	289
0	328
6	7
0	21
0	20
0	0
0	297
0	64
0	144
3	8
0	0
0	74
0	156
0	142
0	137
0	0
0	0
0	0
0	0
1	618
1057	664
0	258
1	159
43	43
0	0
1	3
0	3
5	7
9	110
19	57
0	704
0	1072
252	794
17	527
0	450
3	456
18	81
114	4209
118	4864
474	4843
1774	4828
0	342
1	400
781	551
0	171
10	1
24	27
76	722
0	471
6	389
0	79
4	1
0	90
2	105
0	89
1	5
0	0
1	0
0	3
0	23
20	2007
5	1224
52	3
4	378
10	163
30	123
0	48
0	2006
506	212
1	124
0	16
7	123
0	119
0	84
0	0
0	0
0	0
1	0
2	10
7	83
0	9
5	70
1	40
14	43
11	0
28	164
1	2170
16	1434
19	2230
1	1187
26	1885
0	18
1	787
0	0
1517	0
0	461
4	393
1	109
0	413
0	362
1	344
0	206
5	76
174	409
0	206
10	344
9	32
6	40
0	2
11	54
2	23
1595	688
14	688
4	0
0	2422
1880	7436
103	2819
25	0
0	3495
0	7420
11	10
0	0
3	10
0	0
0	0
0	0
14	0
240	71
34	46
20	71
0	0
0	0
64	1523
4	1523
283	1523
0	0
0	0
0	0
0	0
0	0
0	0
1	0
4	11
3	8
116	11
0	6
647	26
3	7
11	19
20	66
6	66
0	0
0	0
2	0
0	0
0	0
2	57
0	16
0	0
0	6
2	1
0	2
11	0
5	0
1	0
265	0
0	0
4	0
51	0
3	141
0	11
0	68
1	9
0	75
2	48
0	12
8	23
13	38
0	3
0	138
175	1232
14	1234
6	207
0	744
0	4
0	80
1	100
0	0
7	1232
0	0
0	0
2	3
9	20
1	17
1	0
0	0
0	0
0	0
0	0
0	0
1	184
488	1164
47	339
1	31
0	101
0	316
7	310
4	0
0	7
0	8
2	92
17	0
6	38
0	0
18	72
2	6
0	0
2	16
0	56
3	352
301	939
3	612
0	17
25	728
286	728
0	31
4	5
8	236
7	31
13	172
1	0
20	169
0	163
26	28
1	32
1	136
4	142
0	17
0	57
2	11
333	914
356	914
3	0
14	988
0	988
0	2
0	2
0	2
0	34
11	34
0	2
0	31
2	0
1	8
0	0
0	0
0	6
232	258
31	33
0	225
1202	1000
33	307
46	599
0	3335
3	3484
181	2753
0	4160
170	3198
0	3384
0	2479
1	783
1	7
0	0
78	4915
0	405
0	1763
16	1969
1	1383
3	3319
7	1654
197	1654
90	1654
23	459
5	646
52	300
2	162
3	135
3	92
2	12
7	398
1	246
0	306
10	3
3	31
26	6
11	54
0	75
0	28
0	3
9	53
0	2
0	0
0	0
0	26
0	838
11	838
0	190
129	760
12	759
0	20
0	3
11	39
6	19
0	2
0	17
10	5
0	5
0	0
0	0
0	1
0	1
0	0
29	209
2946	1092
1	376
1	748
9	32
7	0
0	48
6	16
1	2
0	0
0	0
2	1
1	7
1	0
0	0
0	7
3196	1804
130	959
5	470
0	4
0	4
0	3
0	1832
0	1873
0	2255
0	2311
14	1912
0	1842
0	590
1	54
0	300
0	14
0	0
12	8
0	0
0	17
8	237
1	0
7	164
9	136
1	6
25	1000
0	1004
0	793
2	654
0	8
0	31
0	30
0	39
0	0
0	0
4	4
2	7
0	9
2	1
1	0
0	0
5	0
1	0
0	0
0	0
0	9
0	0
0	0
0	0
68	921
0	914
36	933
0	214
6	156
0	3
0	50
0	8
4	195
0	149
0	21
0	940
19	620
717	790
13	336
14	122
6	26
3	285
0	210
0	327
0	128
0	113
901	606
0	540
0	453
0	274
13	179
3	23
24	179
17	18
5	2
0	0
374	445
0	3
0	126
1	0
1	316
11	169
1	0
2	2
0	3
0	1
9	0
83	17
0	16
0	7
1	8
0	11
1	11
0	1
94	291
0	3
10	102
2	73
22	226
13	2303
102	2333
48	942
21	2220
3	272
0	1545
2	1066
10	53
2	48
10	702
4	2402
0	0
0	0
0	2
0	0
1	0
0	0
0	0
0	3
0	3
45	5
1	5
0	0
0	0
139	2471
412	2365
0	1109
1	2389
0	2389
42	998
0	20
6	638
0	58
108	182
3	10
0	10
0	0
0	0
1674	0
549	319
0	108
0	281
4	26
0	0
2	79
34	79
0	0
0	0
0	0
0	0
1142	0
0	11
0	11
0	11
0	2
2781	4686
7	205
3	515
6	492
0	1272
0	0
135	3698
4	215
54	39
0	30
0	7
624	393
0	392
0	0
0	0
0	0
0	0
0	0
0	0
1174	52
0	52
0	0
2	0
102	8
0	0
0	0
0	3
0	5
0	0
0	7
0	0
0	7
1	0
1114	656
18	113
1	12
2	109
0	429
4	6
0	443
1	60
5	338
38	63
1	2
0	185
5	148
0	98
0	128
0	7
0	63
12011	3513
6	2057
22	2057
5	31
2	376
4	2538
108	2511
13	248
3	738
20	318
26	21
23	35
45	2236
3	2219
40	1931
5	1
11	92
18	518
0	183
1752	865
26	864
286	2302
0	167
6	271
0	384
3	210
8	1521
4	595
22	674
2	714
9	29
1	618
5	294
0	20
0	20
1	9
0	20
0	0
0	0
0	0
0	20
12	44
0	30
0	598
0	627
5	541
100	674
10	600
0	254
13	59
0	27
133	0
4	47
0	0
19	0
7	372
19	478
25	351
7	24
0	24
2	0
0	0
0	0
0	0
0	0
1	1730
297	1754
7	25
3	19
1	0
0	6
0	17
0	19
0	0
0	0
0	0
0	0
0	0
0	0
0	0
0	0
0	921
0	52
2	194
1	44
5	187
2	28
28	0
11	1
0	0
0	1
0	0
0	0
0	0
14	783
0	0
0	211
0	102
0	6
18	66
0	720
0	0
0	0
11	35
0	13
0	0
0	0
4	1556
30	1964
15	0
3	438
0	549
0	212
14	7
0	0
0	1
0	7
3	2
35	2
5	1431
0	271
18	0
4	1083
1	345
1	310
101	627
10	808
0	621
6	376
0	784
7	237
0	1048
3	783
0	1185
0	143
0	1405
0	0
0	0
0	0
0	0
0	3
0	3
1	3
21	3
0	3
0	0
0	0
0	0
0	0
0	0
28	0
0	0
2	0
0	0
0	0
0	0
0	0
0	0
0	0
2	32
0	260
1	344
5	16
47	179
21	115
12	29
1	2
0	146
0	144
0	99
1	98
9	146
23	3
0	3
0	0
871	2951
11	1375
115	2542
2	2563
2	11
9	46
89	448
63	51
0	51
29	207
0	72
1	0
286	33
1	32
3017	5914
39	4311
11	6
0	93
2	188
2	384
2	306
0	2
15	758
2	379
0	52
1057	284
0	153
0	0
8	27
0	142
4	51
3	20
0	40
2	1458
1	1326
285	2184
0	960
0	108
2	707
64	185
4	97
7	6
1	0
2	83
0	532
7	35
52	27
0	14
4	0
1	0
0	12
1041	1605
0	478
0	141
2	0
6	920
1	0
0	21
1	0
5	163
14	0
32	683
138	39
4	29
1	10
23	476
0	335
0	236
177	4664
95	4487
0	1369
8	11
48	197
1	21
0	12
0	47
0	8972
2	459
4	1445
0	3219
1673	10286
46	2485
12	5
0	0
0	3
0	3
0	3
0	1
0	1
0	0
0	0
15	2262
219	2232
7	413
0	342
280	21
0	21
276	3397
0	3397
0	3024
0	102
0	2907
174	2907
3239	0
239	1131
1	793
0	211
83	885
421	0
12	7
0	7
1	0
5	4
0	4
0	2
13337	12
5	825
25	815
256	806
0	397
2	177
0	8
0	4
0	0
0	0
0	0
59	5136
0	78
106	5110
1	208
684	2474
9	2309
19	1854
0	1
14	101
0	0
0	0
0	0
1068	365
7	357
2	196
0	0
27	139
0	226
302	879
13	266
0	312
0	135
0	0
0	0
0	0
0	0
0	0
0	0
52	40
3	79
5	1
416	170
0	52
0	75
0	54
0	45
3	0
0	0
11	487
1617	489
3	0
5	8
2	8
0	1
3	14
8	14
5	7
48	0
0	0
0	0
88	143
0	153
2	165
0	82
1	12
16	457
2	377
1	406
0	57
793	397
6	397
8	2
131	571
1	401
3	444
7	384
6	288
5	252
0	46
0	85
2	23
0	0
2177	4433
3	373
0	274
0	130
0	4407
1940	3723
0	3723
4	27
1	0
2	0
18	581
0	494
0	101
122	70
0	74
1	128
22	53
1	77
4	8
6371	2
433	840
0	840
16	9
0	76
2	441
170	441
25	133
0	14
0	73
0	97
0	88
0	35
0	1008
0	325
0	193
0	1008
0	943
0	14
0	23
0	20
0	16
0	5
0	14
0	0
3	0
6	994
8	993
0	20
215	1004
5	339
1	993
31	991
2	0
2833	320
82	318
0	782
20	782
0	782
15	801
1	373
0	0
1	35
0	84
0	80
4	22
0	95
6	44
0	38
2	0
5	107
0	50
0	37
25	132
1	304
870	933
5	265
0	200
20	62
24	75
0	317
4	63
0	0
912	3606
29	112
4	3494
1	0
32	363
12	344
0	5
0	30
0	311
0	0
4	136
0	136
0	0
0	0
0	0
362	477
1008	477
0	0
85	1050
35	243
0	228
0	1
4	23817
18	51
7	3650
0	4254
5	23817
9	520
0	521
0	36
2	5
0	16
0	1
0	0
3	513
0	590
0	366
0	28
31	608
4	73
5	47
57	195
25	195
0	0
0	7
0	18
0	2
8	16
1	16
2	7
0	7
1	0
3	4
0	4
24	0
8	0
482	1169
0	1102
0	0
15	308
6	13
5	0
0	74
935	49
32	47
4	1
0	1
0	0
1	1
0	0
0	0
0	0
0	0
0	0
0	0
0	2
3	5
0	5
0	0
3629	690
0	656
218	188
0	38
0	1
0	1
0	14
0	22
0	19
0	0
0	2
0	0
0	0
3126	1645
11	1572
1	0
2	1127
0	288
2	100
0	350
0	0
29	1394
1687	2353
0	1555
11	1463
0	125
0	44
12	0
13	2113
0	0
0	142
24	438
3	439
0	20
0	20
8	181
2	174
1	187
1	167
2	0
1	0
63	954
21	1134
119	1091
1	1
4	2
0	133
1	32
6	18
0	90
53	382
10	316
0	307
0	6
0	315
1	70
33	57
4	32
0	6
14	79
0	13
0	1
4	6
0	16
11	2
0	0
67	438
56	411
4	118
280	87
23	10
0	80
0	200
22	7
0	22
4	3
0	3
211	801
0	772
22	417
0	468
0	14
1	303
0	81
3	0
0	11
0	0
566	4425
91	64
168	482
29	4189
0	451
3	895
0	74
238	8629
0	5
3	249
0	642
236	8349
3	235
0	5058
0	798
0	15
0	551
80	619
2	443
25	86
4	38
7	122
0	497
2	18
2	53
37	368
6	339
1	338
0	296
16	329
14	327
0	0
22	3129
0	2813
105	829
133	130
8	234
2	216
2	292
11	57
0	45
0	9
210	63
0	0
1	26
1	5
0	28
0	0
0	0
0	0
0	0
0	0
0	0
0	0
30	1022
0	1026
40	909
8	1061
6	846
0	112
25	140
0	1007
0	0
67	1891
42	1893
4	1904
104	21
170	602
0	183
101	2
10	126
3	6
1	19
2	6
14	9
1567	2328
10	608
69	389
0	890
0	713
5	65
8	246
460	1295
31	271
0	0
22	1071
2	0
0	0
0	0
0	0
0	0
1	3
0	12
0	12
3606	1551
24	748
0	1195
1	789
1	0
2	0
5	2
1	65
2	6
2	317
0	0
8	258
0	113
1	28
1	192
0	71
5	6
0	8
0	0
22	1171
83	1177
1	174
1	33
1435	0
1955	195
0	194
62	4
2	4
0	310
0	113
0	1954
8	2380
98	1748
0	931
10	238
0	17
0	289
0	0
0	0
1	0
0	0
663	113
0	93
38	20
8	0
0	83
0	2
0	110
0	0
0	26
0	114
2	375
5	392
135	380
4	80
0	10
1	137
41	301
0	186
6	139
21	101
0	5329
27	4843
10	169
30	557
1	4925
0	548
7	118
0	0
11	2
0	0
0	0
0	2
839	80
1	79
1	5074
296	5538
9	4118
1	2063
0	1375
3	40
56	117
32	77
0	83
0	89
0	5
0	1
0	3
1368	1042
2	1041
4	265
351	1410
10	218
16	1309
48	238
32	1147
0	871
5	11
0	263
0	2
24	1
27	374
0	533
1	525
0	546
11	207
9	493
0	329
0	0
0	0
488	239
0	74
0	160
0	155
1	87
0	1
0	0
1	2
310	25
6	2
3	18
0	4
2	66
0	15
0	15
0	0
92	268
0	205
0	151
1	5
360	1261
0	1261
0	246
0	408
0	408
41	479
2442	2751
0	2559
0	188
3	128
0	27
0	0
0	32
0	28
0	26
48	127
1	127
3	35
3	2
416	44
68	44
1	30
162	1127
1	65
0	1127
362	1119
60	1094
25	135
0	11
52	0
8	9
4	5
0	67
15	13
18	406
64	672
3	693
2	9
15	8
3	33
0	0
0	0
0	0
0	0
1879	86
0	86
0	0
0	0
0	0
0	0
0	13
125	687
1	670
1	42
7	606
0	30
0	438
0	675
1023	26
26	26
317	250
0	248
0	11
0	17
6	2
6	16
0	87
498	1691
20	1379
1087	1633
0	1877
3	1
0	1
0	0
0	0
5	251
3	1
217	1783
6	1212
0	246
6	637
7	90
0	1
0	1
0	1
0	0
0	1
121	1007
1653	1290
4	597
8	3546
8	4717
0	3455
0	1365
24	1294
0	694
16	2
0	4715
246	421
3	153
2	297
1	83
0	44
0	11
3	15
4	33
15	7
2	131
0	0
0	0
0	0
0	0
0	0
102	287
28	36
13	258
0	4
0	210
0	11
0	28
0	26
0	13
0	0
0	19
0	8
0	0
2408	119
20	63
1	0
2	0
0	8
0	9
0	54
1062	3346
2	892
18	1540
17	3349
2	1033
4	910
3	3373
0	1540
110	2
78	143
1	21
851	141
0	141
7	289
63	289
2	288
0	51
0	51
0	51
155	1291
76	990
0	309
5	11
0	3
0	721
1	44
0	184
5	0
0	0
0	0
984	15
2	15
2306	59
0	57
4	0
1462	91
4	77
123	22
1	125
0	28
3	52
0	37
0	4
5	3
1	19
4	115
0	10
1	4
312	398
47	543
0	107
0	107
25	176
36	141
1	46
7	445
100	1354
0	109
0	484
0	0
0	1
0	48
0	45
0	7
16	839
0	0
434	3350
20	4356
0	139
895	7956
0	8101
0	640
0	67
22	17
4	58
0	0
0	0
0	0
59	141
0	141
1	3
0	3
0	2
0	2
0	0
0	0
0	0
2	0
0	0
0	0
0	30
23	2774
1	2467
15	315
57	294
0	176
1	2504
4	61
2	89
2	5
13	23
13	2395
3020	1026
0	1
33	1025
51	3943
2	1121
1169	1977
46	3680
0	14
1	3654
0	483
0	455
40	514
0	0
0	2
0	27
25	27
0	2
0	2
0	13
664	7
0	6
5	3
0	0
0	392
0	315
115	1982
62	1982
0	320
38	249
0	249
1	0
832	382
0	380
0	311
0	26
0	75
0	33
0	16
0	29
36	34
0	90
0	3
1	2
6	85
1080	6183
0	6181
106	595
1	0
0	0
0	0
0	0
135	538
1	545
0	26
5	361
8	112
6	112
0	5
0	5
7	247
1125	299
1	50
0	22
0	2
5	55
0	0
0	74
0	423
89	315
19	395
0	91
0	354
0	4
0	67
0	8
6	67
0	51
0	154
2	0
8	4
54	81
404	63
0	63
0	0
0	1137
718	1230
8	518
0	183
1	100
0	1103
0	332
1	23
0	123
43	3123
11	3323
0	2914
2	2344
4	286
8	2730
0	19
3	49
2	170
10	264
7	189
18	238
39	1019
0	26
80	351
11	1
7	0
0	0
0	0
0	0
5	68
0	68
1	7121
1	7056
0	26770
0	7669
4	3053
183	415
28	841
142	7923
21	8800
3	7733
0	7015
0	5
36	18019
8	24092
0	22182
1382	1843
130	6
5	1838
0	79
4	806
5	198
0	847
26	793
1	479
0	750
120	525
9	718
1	0
15	166
0	1
0	66
3	106
1	99
281	2
7	0
0	0
90	28
0	21
0	23
1	8
0	0
0	0
0	0
0	0
415	3
0	4
0	46
0	46
0	50
0	50
14	39
5	30
33	59
24	59
0	15
0	11
0	5
0	14
0	4
12	6
2	6
1205	200
9	123
1	77
13	7
1703	9504
42	8306
65	169
256	4218
0	0
0	0
0	0
0	0
12	0
72	1279
0	66
11	1279
16	0
76	4080
8	582
0	3821
607	1942
1	1448
16	250
15	613
382	3434
1	756
3	2497
1	169
1	3
0	178
0	353
48	139
24	198
20	701
13	718
23	744
8	701
17	94
0	234
86	470
0	109
25	398
0	232
4	47
0	171
0	76
0	31
0	4
5	154
4	168
5	110
0	83
0	117
4	49
0	6
0	2
9	26
1	3
1	0
0	4
0	1
14	5
0	0
0	50
0	23
4	30
0	0
0	0
2	0
0	52
5	194
0	217
8	227
0	256
0	164
3	257
0	0
308	988
136	965
15	337
27	366
3	0
17	140
21	140
0	46
670	469
54	305
0	448
12	4
8	5
0	5
0	1
0	0
0	5
131	140
0	88
0	41
0	41
0	12
0	8
393	208
0	208
0	951
0	910
0	961
0	920
6	830
3	23
1	8
155	0
0	0
0	0
0	0
8	117
7	98
0	97
0	1822
11	548
273	2845
234	2030
11	93
0	515
92	1762
1	200
27	51
22	120
20	1
5	28
0	116
1	151
0	1821
0	0
0	0
0	0
0	0
0	0
0	0
3	50
0	50
0	1
0	3
0	2
3	9
0	0
156	373
5	362
1	88
0	365
6	193
9	2
52	185
104	200
280	331
0	3
539	13
0	0
0	13
263	48
1	47
3	0
235	851
0	223
8	840
0	92
0	0
0	0
0	0
0	207
0	0
0	0
1	64
0	66
3	66
335	627
83	619
4	53
36	0
14	611
22	613
0	0
0	0
50	4
2	0
0	4
9	68
0	156
60	3421
5	0
0	31
4	3414
6	122
0	3445
666	576
0	350
0	0
1	13
0	2
5	203
0	222
0	222
0	0
22	51
0	50
0	51
67	184
0	183
0	184
0	17
1	13
0	0
396	159
0	136
0	24
12	1
0	0
0	114
1269	2431
4	351
7	2162
0	0
0	0
0	0
48	213
0	23
376	1723
304	1745
195	326
1	152
0	1664
0	287
11	4
6	2
10	2
9	13
0	53
0	0
0	17
6	101
21	0
1456	193
0	137
0	56
0	0
0	0
1506	1183
2	0
9	8
14	309
1	83
15	969
0	99
2	179
0	0
0	0
16	4269
34	3854
18	4074
6	4059
84	4417
0	656
10	544
0	165
3	12
0	4277
3	9
0	4
0	6
3	0
36	778
36	799
8	664
0	18
6	506
0	35
69	2893
194	2923
4	293
1	4
55	39
0	600
0	413
4	38
23	2
0	2893
254	127
0	83
0	40
5	4
6	2
381	152
0	152
0	1
0	1
0	50
0	56
2	57
1	4
0	0
0	0
1	0
0	4
0	0
0	0
0	0
0	0
0	0
0	0
52	990
1	37
0	4
0	18
2	5
0	6
0	4
2	15
0	5
0	13
0	3
34	1437
20	1420
0	736
0	602
2	26
19	0
0	1437
0	1420
3	0
0	1
1	694
2	17
1	66
11	666
0	662
26	663
0	638
0	661
3	697
0	56
0	0
3	567
586	594
0	133
0	517
44	541
0	142
0	641
0	82
0	112
0	113
0	110
0	18
6	24
0	2
0	0
0	3
0	13
0	1
0	0
0	0
0	116
79	3505
8	2586
0	2496
0	1352
7	2034
7	9
11	974
4	1231
0	827
1	135
82	0
67	8
0	2
0	0
0	6
0	1653
92	1653
8	1256
151	1256
10	518
8	72
0	0
30	266
85	266
0	26
2	168
409	1
340	1
16	266
45	693
0	1760
54	1738
2	576
0	1802
0	1897
743	0
3	1462
3	572
0	633
8	353
0	67
0	172
92	431
0	13
1	49
0	95
3	28
0	0
0	0
21	550
310	2525
0	724
0	2485
12	1350
13	33
1	405
0	404
0	211
0	105
4	0
5	0
0	149
0	148
0	32
95	209
8	47
2	7
17	147
37	175
11	17
0	14
1	3
0	7
0	174
0	109
1	174
0	184
1331	1147
3	1147
1639	5
13	2
187	614
9	861
16	966
34	187
0	25
81	755
19	649
37	428
0	392
3	76
10	93
1	3
47	410
0	46
0	0
6	0
0	0
5	579
0	657
17	1503
64	1720
0	969
61	973
52	1194
6	177
0	3
0	34
0	7
0	8
0	8
0	4
18	1
5	80
48	195
54	126
0	306
0	192
7	94
0	1
0	1
82	510
0	510
4	170
23	340
11	4
0	4
0	478
4317	2248
17	117
2	51
6	73
0	2130
2973	7
3	109
5	381
268	1189
4	1129
0	121
4	54
2	146
31	152
0	23
3	12
318	2727
450	1693
5	878
54	476
152	1024
5	417
97	392
0	0
0	0
1	1137
1284	1137
2	21
3	702
0	6
341	2611
238	2618
953	1565
18	942
2722	1142
0	22
3	3
0	27
0	5
2	9
42	9
23	775
0	657
16	0
0	20
12	246
2	858
0	817
133	4
0	4
1	791
82	800
2	207
68	114
2	0
13	10
80	30
0	19
8	33
0	3
1	0
0	302
1008	500
13	313
0	280
7	745
0	0
22	745
6	0
52	118
0	1
46	2324
30	2343
185	2342
74	636
47	885
830	271
5	195
3	76
1	2
49	4
0	2
1424	875
3	857
5	22
23	0
25	61
0	17
423	1363
20	1191
7	91
0	285
2	3312
564	3119
19	3303
0	939
0	992
28	216
14	682
0	29
8	128
7	0
1	6
1	10
21	0
21	1669
186	3281
8	3280
1	1078
312	1085
0	1067
2	1076
200	904
11	247
1	40
217	166
0	0
0	0
0	0
258	655
41	656
0	654
90	654
11	0
0	0
3	40
2	34
1	6
0	0
211	709
2	2
0	111
1	10
2	422
0	292
0	557
0	481
0	481
0	481
0	438
0	3
1	127
2	21
0	21
1	0
636	4704
0	3433
0	772
14	816
36	617
0	0
1	2
0	2
1	0
0	0
22	6289
115	5606
2	493
0	1148
1	47
8	6
0	885
15	163
47	1
1	73
0	41
198	57
1	47
0	50
0	40
1	31
0	33
0	32
0	37
0	25
0	34
0	0
0	10
0	0
19	205
5	69
0	160
0	86
0	95
1	99
4	2
2	12
12	0
1	18
33	15
6	215
15	215
6	14
0	25
0	0
0	0
0	0
0	513
9	642
4	432
35	5
0	5
0	0
40	408
35	365
2	12
0	368
186	332
0	18
0	31
0	78
1	18
0	13
0	2
7	11
4	11
46	928
4	1942
3	929
0	447
2	929
2	13
36	2232
18	167
0	1940
338	0
6	21
0	21
69	86
0	93
0	92
1	64
0	33
0	9
0	7
123	169
0	169
0	21
0	1
0	4
10	0
0	0
38	474
1	0
0	42
2	53
0	475
93	956
32	917
12	30
1	81
9	79
298	20
16	20
278	5085
0	0
219	4452
0	2868
100	5084
50	28
12	27
2	30
0	76
0	2
0	1
0	0
0	0
339	1265
0	1034
1	289
8	58
225	0
0	2
0	0
8	2
0	0
0	2
0	2
0	0
0	0
0	0
0	2
11	412
3	403
0	419
2	16
0	19
5	4
0	3
5	0
0	0
0	0
0	0
0	0
0	0
86	762
12	326
31	532
73	136
0	280
4	300
12	142
334	1553
8	745
4	1228
0	1195
1	16
24	220
0	2
22	28
0	33
2	10
0	14
0	19
0	16
0	4
5	8
0	0
0	13
0	13
0	2
1	15
0	0
0	12
0	241
6	241
4	100
3	15
106	158
44	161
54	0
0	1438
22	1319
0	1042
2	193
0	158
0	116
6	79
21	123
8	23
0	1400
118	18
1	9
0	9
0	7
0	0
0	9
0	7
0	0
0	0
0	0
24	12
16	490
2	485
0	247
665	1
4	944
3	1874
7	1703
0	294
5	521
4	269
4	12
13	0
0	29
0	0
0	3
52	543
4	46
0	85
1	486
0	45
0	549
1	72
0	0
0	59
11	7
6090	62
7	59
12	116
0	117
0	94
0	3
5	0
186	262
0	75
3	78
2	221
0	9
140	623
0	27
9	150
0	623
3	55
0	67
3	4
1	9
1	12
2	12
0	11805
0	12530
2	12057
446	820
0	405
0	21
0	155
0	236
10	155
4	105
0	0
11	22
2	38
6	178
4	1027
37	1012
2	228
4	44
0	113
5	70
11	16
3	0
2	155
0	0
8739	572
1	506
2	0
0	56
0	0
0	0
0	0
0	0
0	0
2	0
0	0
0	70
0	1954
0	27
57	655
4	411
3	67
72	23
33	1
12	20
3	1954
216	5730
92	5722
5	635
19	773
14	259
4	259
0	333
0	0
0	4
13	292
0	333
523	72
0	55
0	0
2	17
0	0
0	0
4826	1253
0	240
1	609
1	421
30	9
1	497
0	527
8	0
2855	1293
11	1260
5	1137
2	1136
1	1155
3	55
0	153
8	592
42	598
121	682
0	668
2	659
4	733
9	24
3	53
13	2
1	226
0	126
8	88
0	116
0	0
0	0
30	324
0	324
1754	1444
16	1442
0	0
1	5
0	3
37	1286
30	1286
0	36
1	39
5	4
1	38
0	1
0	5
0	0
0	0
19	2
0	0
0	2
579	76
2	5
1	43
0	28
559	1590
10	1127
2	273
13	660
1	0
12	2
0	2
0	0
0	0
0	0
0	0
60	0
0	0
0	0
0	0
95	128
22	117
7	10
0	2
48	157
5	160
9	33
0	27
51	66
3	215
3	85
0	371
224	385
8	346
9	346
0	198
486	1192
378	476
65	531
307	1284
0	660
4	0
266	901
0	578
0	10
23	420
0	375
1	238
0	12
0	61
79	440
130	257
147	244
2	63
41	62
15	255
2	257
9	205
0	0
12	0
515	392
0	392
654	1214
7	1214
1	0
0	51
0	5
1	0
0	51
0	0
0	0
0	0
0	0
0	0
0	0
0	0
0	0
0	0
0	0
0	0
1671	0
42	13888
0	14421
2	13897
0	20
11	4792
1	855
1	827
9	546
29	206
0	14306
1	14243
0	336
34	9747
5	504
1	12684
0	10195
7	3635
0	0
0	0
0	0
0	0
0	4
0	4
2	4
49	0
0	0
0	0
0	0
0	0
0	0
0	0
0	0
159	33
1	0
16	0
4	32
22	1
14	71
5	57
0	2
1	16
0	2
1	28
0	0
0	11
50	506
4	20
1	120
7	512
0	114
0	0
0	0
3	34
30	560
0	66
0	422
0	0
0	396
11	118
59	1842
0	1873
46	2156
6	2
1	0
94	1990
29	15
0	41
4	166
15	195
4	14
0	0
2	0
0	3
0	28
0	28
0	134
0	28
0	1
4	1137
2	1094
27	989
20	375
0	228
0	216
1	28
0	12
1	29
0	0
0	0
57	481
123	481
6	479
20	971
6	618
0	564
37	395
4	72
0	0
2	11
0	1012
15	14
0	14
1	2
0	2
0	2
0	2
0	0
0	2
0	2
0	0
0	0
0	0
0	0
81	529
30	529
0	0
0	0
0	0
0	0
97	3289
0	2880
3	2504
2	1
67	120
20	1044
3	26
3	25
0	24
0	24
0	21
0	0
7	1
0	0
0	0
0	0
0	0
0	0
0	0
0	0
0	0
0	0
38	59
0	30
0	28
0	1
0	26
0	3
1	13
437	0
1	189
0	262
277	367
0	71
1	29
2	8
8	111
9	110
0	1
2	111
530	575
18	575
0	99
812	99
8	603
11	580
2	66
14	47
9	6
2	1
13	95
1	603
0	95
5015	2
0	0
0	474
2065	617
1	123
0	143
932	1
0	117
0	692
0	152
1	8
0	0
0	55
0	0
2	49
0	49
0	33
0	51
0	7
0	0
8	0
0	692
0	698
0	697
41	1715
8	1271
143	1113
18	2333
3	16
0	187
0	44
0	6
19	44
0	112
83	683
0	59
51	401
1	81
3	87
23	1092
0	0
0	926
0	1049
10	58
6	523
2	104
3	0
5	187
0	1
224	1592
3	1372
0	185
0	40
4	3
5	34
53	4857
122	150
0	0
2	1907
98	4672
56	148
12	0
18	267
3	267
4	144
0	126
0	7
0	24
0	9
0	1
0	0
0	0
0	0
12519	15
3	1
0	0
0	0
324	440
2	0
11	532
0	178
0	0
0	39
0	885
0	2058
0	38
0	1730
1	788
7	218
3	556
4	12
0	397
3541	53
5	51
0	0
0	0
0	0
0	0
0	0
0	0
17	134
4	137
0	134
9	71
0	126
224	0
0	6
1	6
0	1
19	162
1	136
26	152
0	2
0	8
0	7
0	6
0	7
2462	1362
1	258
52	812
0	569
0	435
5	0
2	317
4	235
16	318
1	363
2	395
0	138
1	11
2	92
0	43
13	7
4	0
0	1071
0	93
0	2
0	956
0	478
1	6
2	0
0	0
0	0
5039	783
12	143
5	235
107	25
1	138
46	56
3	232
90	73
0	249
460	198
0	33
43	4048
10	3508
0	1163
0	2704
0	2335
1	1150
0	561
2	375
3	562
1	4
0	0
92	414
9	365
0	7
8	164
0	48
0	0
18	107
94	2893
303	1084
128	2114
0	15
63	33
1	1
222	632
10	632
0	8
0	20
0	6
0	27
0	13
2	5
0	14
0	0
0	19
7	1282
0	230
0	728
0	240
0	122
16	147
2	1323
1	95
0	33
0	84
0	54
0	2879
171	3029
4	297
0	88
0	3024
58	1036
2	1262
0	3321
2	3215
0	1260
0	1368
0	1258
0	62
0	2848
0	0
0	0
0	0
0	0
0	0
50	14
0	10
324	2739
158	2741
0	430
1	140
185	487
0	487
1	158
48	24
997	7972
17	64
0	6315
0	900
0	2446
5	1470
0	2542
3	735
0	0
0	2444
74	33
14	1
0	65
323	308
0	0
6	1
5	4
94	281
6	303
3	160
0	0
0	1
1	0
180	0
0	0
77	70
0	70
14661	4963
17	2
2	4699
1458	710
0	96
3	0
1	530
0	116
2	73
1	0
1	2
0	0
19	2
2	109
4	2140
26	2145
7	630
1	997
111	53
2	433
1	349
0	43
3	50
0	0
25	0
8	77
8	12
0	2
0	2
105	175
0	23
12	43
6	1
0	4
1	124
0	0
48	458
122	458
12	7
1	7
2	61
4	16
10	9
5	104
0	35
0	25
0	6
0	14
1	13
0	8
0	9
0	7
0	15
0	0
0	0
0	0
0	1
18	4
0	4
0	0
0	0
4710	956
1	0
0	949
12	255
0	2
0	0
0	2
64	112
17	112
0	4
0	0
0	0
732	2272
37	40
18	109
40	136
0	3
0	0
0	0
0	0
512	367
0	300
2	34
4	72
2	88
0	0
0	10
0	0
0	1652
7	15409
54	4487
15	4373
0	15374
1689	1078
0	606
4	616
0	59
42	375
0	374
0	4
0	1
34	906
827	906
10	621
27	341
0	55
103	2012
1	2019
0	806
10	178
0	34
3	0
2	11
6	308
0	0
118	59
0	59
0	0
0	0
0	0
13	0
0	0
0	0
0	0
0	0
10	3371
2	46
2434	3338
0	30
5638	257
0	255
57	157
0	26
28	8
0	31
0	94
3	40
4	102
26	0
0	0
0	79
0	337
0	1
0	16
4	24
0	73
0	106
9	14
6	984
3	602
0	630
34	965
1	6
0	8
7	8
0	1304
0	1326
0	1359
0	1306
4	1305
16	796
54	796
292	409
3	397
0	22
1	22
9	22
10	1
63	291
0	72
1	152
7	118
0	49
0	55
9	14
1	136
12	2584
71	2649
19	49
0	589
0	2633
396	1454
60	1453
12	149
20	149
11	4213
3	468
0	10
167	3881
0	376
11	0
50	1811
69	1710
0	174
3	214
0	48
1	3
33	278
38	268
0	38
3	0
0	0
0	0
0	1
4599	5
0	942
1	355
2	174
0	818
81	1076
35	1075
0	35
1	27
0	60
33	53
0	19
21	247
0	208
1	19
5	13
12	0
0	976
44	1293
8	653
8	53
13	8
0	1346
0	0
0	0
637	1
0	9
0	0
0	0
0	9
0	0
0	0
0	0
72	15
217	102
7	0
1	14
0	101
2	288
1606	246
5	242
0	10
8	104
0	77
0	0
0	73
0	100
0	97
0	5
0	0
0	2
0	0
0	0
0	0
0	7
0	2
0	0
0	4
0	3
2	5
0	8
2	8
0	104
4	141
0	140
1	140
0	70
0	100
1	5
0	1030
52	1018
7	38
8	1
0	123
11	61
7	13
6	61
1	2
3	339
1	314
14	270
6	339
24	341
0	208
0	214
17	21
1	2
0	2
0	0
1175	3512
17	2943
53	2935
14	1945
2	508
5	502
86	67
0	7
0	0
0	0
779	711
11	711
0	58
0	0
0	0
212	426
2	401
7	25
0	0
20	2305
10	1722
15	522
17	718
0	1143
11	463
0	486
0	943
1	712
3	474
0	1611
2	3663
0	271
4	532
0	2066
0	1
28	710
1	2943
0	3677
1079	1244
0	1198
1	1062
0	10
0	45
0	16
0	9
9	53
0	53
0	0
0	453
35	443
65	39
11	349
0	0
0	0
0	0
0	0
20	311
56	674
6	413
0	38
0	85
1	2
6	19
8	17
24	1
20	0
0	12
6	615
46	614
72	132
3	99
0	999
6	1357
34	31
1	1309
0	86
4	0
0	27
0	143
0	0
0	0
0	0
0	0
546	93
0	6
0	86
83	3665
4	42
10	124
29	451
5	3532
0	0
0	0
0	0
4	1
0	0
15	462
15	92
4	469
1	463
6	47
50	216
8	62
4054	5
38	33
0	24
0	19
0	3
0	43
0	43
0	43
0	43
0	0
0	0
0	0
0	0
100	1798
4	1420
122	1761
1	4
0	0
0	0
0	0
0	0
0	0
224	70
30	43
0	65
3	7
0	0
0	0
0	0
0	0
0	0
0	0
0	1909
30	2119
1	1924
6	1724
47	1304
0	1437
7	0
0	0
0	0
10	119
0	203
0	169
3	6
0	178
0	9
2	18
0	0
0	0
0	0
0	0
0	0
1	0
412	0
16	734
29	788
17	768
10	756
6	767
2	8
9	147
14	0
0	64
15	106
0	104
0	105
0	0
1408	0
156	234
0	9
0	225
2	28
0	15
4	13
0	7
7	1168
0	1029
0	2536
0	2246
0	2262
1	2210
1	1738
0	2065
0	2045
0	2034
0	2114
2	113
0	118
3	13
95	1
10	49
13	204
49	143
0	1029
0	2541
19	53
1	5
0	8
0	64
1	25
0	16
0	18
177	3621
105	3621
65	340
8	71
2	70
4	0
21	587
303	777
0	418
10	51
1	116
12	175
13	75
6	0
0	75
1	75
325	3316
29	2473
81	1127
0	151
2	72
7	174
0	137
0	0
0	37
3	0
0	120
0	0
3	3959
0	3345
0	2165
0	55
8	54
3	51
1	0
0	6
0	0
17	0
0	0
0	0
0	0
21	204
3	204
3	204
0	101
0	1
5	447
60	447
0	9
6	9
2	567
25	587
5	32
2	2
3	91
1	0
0	8
27	106
0	106
0	72
0	1084
3	74
0	1131
0	1058
3	11
1	11
0	0
0	19
0	935
0	81
19	902
0	57
2	169
0	72
20	72
2	0
0	0
0	0
0	0
0	0
0	0
554	16
0	16
1	2401
82	2544
70	359
3	33
3	237
8	58
1	164
379	177
1	69
0	102
0	2
100	0
1	11
0	11
0	0
0	34
0	34
0	32
0	15
1	2
0	1
0	2
0	32
0	0
0	0
0	0
0	0
0	0
0	0
0	0
0	0
0	2876
0	2804
0	2519
0	1376
0	2702
0	176
0	132
64	0
4	203
1	2639
102	970
6	974
7	1030
183	205
2	307
0	256
3	254
69	223
0	1
3	4
1437	188
66	50
0	159
11	4
2	16
27	26
0	0
0	0
321	3415
7	1171
2	614
1	764
19	3101
2	66
0	1072
10	0
2	1
0	1
0	0
41	14
1	14
0	0
63	1504
5	888
0	69
26	66
0	623
0	8
0	80
0	1
0	0
7	0
4646	184
1	70
0	109
0	0
0	0
0	0
0	0
0	0
0	0
0	0
0	0
0	0
741	255
0	4
1614	129
5	129
1361	235
2	50
0	50
103	23
0	17
6	6
39	11
0	0
0	0
0	0
0	0
0	1
0	1
335	48
0	0
0	37
0	19
165	120
0	35
4	47
55	101
22	43
13	29
3	47
2	0
59	15
0	15
4646	7758
1	7831
32	1974
173	1544
0	846
9	116
9	112
0	12
0	1
0	1
0	0
0	0
3	33
11	64
0	17
0	0
0	7
0	0
0	0
0	0
305	2064
1	1699
65	1334
2	614
7	281
0	0
0	0
0	0
118	192
3	78
15	189
1185	462
10	462
338	0
1	42
0	45
0	41
12	133
77	158
0	25
168	0
7	161
16	201
1	239
0	18
0	0
5	24
0	0
0	0
1	0
0	0
3248	13126
112	655
0	2288
36	12081
3	11
77	377
2	591
249	974
11	177
5	69
0	81
17	70
59	43
3	27
0	0
0	0
0	0
0	0
2	1
1265	751
2	229
6	727
594	439
3	0
0	7
1	439
0	29
0	27
0	745
0	622
0	629
0	761
5	707
0	629
4	177
0	629
0	590
1653	147
8	90
2	16
1	0
0	133
54	8
0	8
0	8
0	8
0	0
1656	32
0	0
0	0
0	0
7155	8
0	742
0	705
0	517
0	199
11	253
5	0
0	115
2255	1
0	0
29	35
0	35
3	35
4	35
847	85
0	75
45	8
1	1
0	0
17	526
10	524
2	443
107	3
2	1088
74	1107
9	1107
3	1063
1	214
3049	1112
10	894
392	1
55	1193
13	328
15	198
8	2
12	2
2	0
0	0
1	0
0	0
247	277
0	218
0	19
0	88
0	0
237	276
16	298
62	905
5	905
26	137
0	139
0	19
8	5
0	0
0	0
0	0
0	0
0	0
0	0
0	0
0	0
0	0
0	0
0	0
0	0
0	0
2	32
0	0
0	9
0	0
2	0
0	0
0	23
0	0
1	6619
23	2477
4	4974
0	605
8	26
24	98
0	85
0	62
18	707
0	2098
36	99
0	0
8	160
1	0
0	718
3	237
5	27
0	6691
0	324
0	1688
91	805
133	696
68	2313
4	14
72	1894
4	44
47	2314
346	915
8	130
3	227
18	162
2	12
8	418
0	291
0	1
0	45
0	22
953	2813
0	710
2	1806
7	43
12	2076
3	1636
22	286
0	77
14	58
1	0
0	0
32	1150
0	1158
0	0
0	0
0	0
222	412
33	388
4	127
9	155
0	26
0	10
0	0
0	0
0	0
0	0
0	0
0	0
0	0
0	0
0	0
0	0
2881	159
0	0
0	158
7	55
0	261
0	267
11	79
0	113
5	46
0	62
0	271
10	212
98	160
0	256
0	0
0	1
0	1
0	0
0	0
162	512
9	512
0	0
0	0
0	0
1	6
0	6
0	6
1	6
190	66
0	43
0	23
0	5
958	1
0	0
0	0
0	0
1	0
11570	4
10107	22
56	9
149	9
590	0
0	0
0	0
0	0
0	0
0	0
0	0
48	0
274	0
0	0
0	0
0	0
0	0
0	0
0	0
0	0
0	0
0	0
16	0
10	2325
4	2059
7	2067
2	2113
2	2128
0	21
6	9
0	138
20	0
1	8
8	85
0	89
0	89
0	10
0	11
0	9
1	4
1	3
1	4
8	39
0	60
0	19
1	113
0	0
0	0
1029	352
0	351
9309	5074
31	1636
0	2626
0	9
0	1742
7	538
2	1579
3	0
0	0
0	0
0	0
3	4
0	4
2286	281
2	99
0	0
1	120
0	61
1131	8
2	7
0	0
0	0
0	0
0	0
0	0
0	0
0	45
40	49
0	4
3	8792
0	3333
1	1369
0	624
85	1459
30	1265
0	133
1	211
38	125
0	844
53	759
66	299
0	9
1	104
1	8829
19	498
9	96
1	307
4	406
17	0
19	45
217	161
0	59
4	0
0	0
0	0
0	58
0	78
0	124
0	1
0	0
114	6994
0	7184
45	6998
0	39
83	10
9	254
91	809
23	155
0	136
0	157
0	121
0	165
2	6
0	0
2	2
0	6
0	6
0	6
237	719
0	725
0	520
1	184
60	256
8	235
0	4
0	0
0	0
0	0
0	2
0	2
0	1
0	1
2	4
0	4
83	8
0	6
1	1
0	2
0	16
5	16
3033	1562
0	309
85	44
50	1265
31	452
2	25
0	437
0	21
1	169
0	54
0	0
0	169
0	15
2	15
2	0
10	17
0	0
3	17
0	0
0	0
187	174
11	129
7	1958
1	96
16	117
0	27
0	2
0	2
0	0
0	2
0	2
15	34
2	281
0	239
10	235
7	231
0	31
7	36
0	41
0	30
1	0
0	0
0	0
337	494
48	494
0	0
0	0
0	0
0	0
0	0
0	236
7	1593
18	0
4	141
0	110
0	1612
0	1583
8	294
1	294
192	2495
1	1068
5	752
9	42
18	4
0	83
17	1469
70	856
2	853
21	169
2	3
2	3
0	50
0	12
4	24
17	769
3	5
2	6
0	1107
0	1117
0	0
0	0
0	0
0	2520
4	2126
0	2536
3	2434
0	2525
2	262
0	1122
0	1121
0	69
0	75
0	673
26	273
2	28
0	0
1	153
0	0
0	135
0	130
0	96
0	81
0	18
0	0
0	2434
0	15
0	14
0	1
3	1
0	0
100	98
23	42
2	2
2	22
62	299
0	91
0	124
2	35
0	37
0	31
0	23
8	2
0	297
0	297
0	74
0	0
0	0
0	0
0	0
0	0
0	0
0	45
0	11
0	0
12	142
10	134
132	136
1	111
249	779
5	148
10	43
19	81
0	561
3	512
21	19
18	158
0	309
5	5
34	0
5	10
13	82
53	50
0	62
0	7
2	6
8	4
19	4030
0	473
0	1809
0	2582
0	2423
0	3795
0	2569
4	582
0	2266
0	3602
0	3904
0	2009
126	3794
8	176
0	1705
0	52
0	51
2	88
22	1795
5	10
12	142
0	2703
20	0
0	0
1	238
4	0
8	1630
0	3978
0	3738
0	3848
84	0
0	61
0	65
0	22
1	6
2	2
0	62
45	909
2	144
0	659
1	557
0	256
64	275
2	268
7	192
8	120
1067	142
0	0
0	0
5	141
1770	83
0	83
5	0
31	720
1613	8169
0	12
13	216
50	7866
0	1420
2161	2361
1	2361
2683	2224
0	365
0	362
0	0
5	109
48	2038
11	1211
203	86
44	634
0	891
24	337
0	39
7	248
1495	4798
0	4797
36	47
0	221
1	75
49	766
0	935
6	817
0	0
0	33
19	2
560	85
11	29
10	56
0	0
2	11
7	1138
0	95
0	1994
23	198
2	27
0	31
1	0
0	0
1	132
8	106
0	92
40	0
4	1
42	0
14	13
0	2014
0	22
0	18
0	13
0	17
4	1
0	23
2	21
0	1
0	0
1	1
0	14
0	3
0	0
0	0
0	74
1	97
0	17
1	91
9	96
0	5
0	2
0	1
0	92
0	74
0	0
0	0
67	11
0	5
0	5
1	6
2846	636
1	633
8	0
13	3656
0	350
10	691
7	3347
21	365
0	0
8	0
225	207
118	47
21	10
0	2851
230	430
0	430
7	407
0	183
0	57
2	22
22	1
731	440
1	439
367	1134
0	1088
0	125
3	790
1	531
0	212
0	110
3	189
5	58
0	57
0	1066
0	0
0	0
0	0
463	992
0	992
49	0
147	290
2	169
2	116
0	149
0	1
0	0
0	0
0	74
0	0
0	0
0	0
2	728
32	735
0	393
0	345
0	651
0	1
0	1
13	519
0	514
0	330
0	275
0	323
0	366
0	595
0	241
0	208
0	0
0	263
0	270
2	0
4	138
0	32
0	14
0	52
2	84
0	3
0	59
0	394
0	244
91	66
0	11
16	55
1	7
7	6
0	11
0	29
4	32
0	19
0	9
0	9
0	0
0	0
642	1870
0	1198
0	329
0	228
0	283
3	628
0	1
0	182
32	100
4	338
0	0
0	0
0	0
0	0
0	0
0	0
0	0
28	981
4	946
0	1003
23	87
2	159
0	78
0	74
0	139
37	69
0	63
2	135
0	85
7	155
0	159
0	5
0	24
439	603
744	664
4	474
0	447
67	202
26	111
1	538
0	2
0	95
2	500
0	1
580	1
0	0
0	0
951	12128
20	1035
1729	12118
55	12054
21	12052
26	182
0	0
0	0
0	74
0	0
0	0
2	36
14	36
3	210
0	3
2	0
1	53
0	37
0	44
0	29
1	52
8	3
0	0
3	147
0	10
0	0
0	9
3	1794
16	1811
36	83
1	167
0	15
3	197
16	171
0	35
1275	2611
3	795
4	670
0	1602
0	847
0	223
0	276
0	208
0	26
0	490
3289	1295
2	780
520	15699
1	13675
4	883
0	0
0	0
133	2991
73	2706
13	2641
4	40
28	514
0	751
0	0
1	100
77	569
0	561
9	76
2	28
98	0
0	276
72	276
2	0
8	18
589	634
1	630
0	4
0	17
0	14
0	7
0	0
0	2
0	2
0	0
0	0
0	0
0	17
113	1
247	14
0	8
0	2
0	6
0	10
5	75
0	20
0	105
165	7
0	0
10	5
2	0
0	1
0	1
0	1895
116	1897
0	1235
0	692
0	389
0	346
0	0
1	0
1	0
1	165
0	174
0	168
34	132
3	104
3	10
88	84
1	2246
0	31
9	185
15	2176
1	2232
3	0
2883	329
0	76
3	253
1	4
1	22
1	23
56	2
1219	189
3	33
0	65
0	114
0	46
0	76
7	710
0	710
1	23
39	1248
0	58
43	490
14	1218
0	17
108	1260
452	2782
0	1303
0	1273
0	1484
0	696
0	550
0	18
0	160
0	1250
0	155
0	155
0	120
0	80
0	81
1	13
0	8
0	0
2	0
0	1119
0	1016
60	1079
30	299
4	986
0	1224
0	299
0	0
444	726
12	493
0	493
0	76
0	151
0	0
0	0
112	171
0	171
3	149
0	0
26	218
0	182
0	195
2	1
1	329
803	560
8	296
0	7
0	0
708	632
0	264
3	544
2	63
13	0
9	2
8	60
0	77
0	25
0	13
5	191
0	129
0	0
2	0
38845	21285
35	21265
0	7295
4	1479
27	323
0	0
0	0
453	76
10	73
5	2
0	2
1892	24
1	23
0	4
32	0
17	1
0	0
0	0
0	0
9950	6
7	207
0	2
3	220
0	4
0	15
30	10
0	48
0	3
0	38
2	205
103	227
7	50
0	16
6	6
16	6
0	0
0	0
0	0
0	0
0	0
3	0
0	1
0	1
0	1
2	1
197	422
3	422
0	0
0	0
2	1
48	27
0	1
0	26
0	0
0	0
0	0
0	78
0	78
0	16
0	2
0	1
3	715
2	1
0	28
0	718
12	136
16	126
0	12
32	2
0	650
10	1064
0	839
32	1210
0	149
2	37
11	343
0	821
25	313
6	169
0	187
2	151
0	98
19	54
0	98
5	4879
0	3957
19	1580
0	2502
0	1639
1	1226
4	278
1	31
3	6
2	369
2	0
0	0
0	0
0	0
0	0
0	0
816	66
3	1
0	59
1	12
3	8
0	0
2	0
0	0
0	0
89	61
0	59
4	56
0	55
480	5043
0	16
0	4693
14	3847
19	632
0	2088
8	550
337	4453
0	481
48	2700
0	2890
26	3108
7	812
0	9
0	837
0	200
11	418
3	213
0	216
0	180
0	181
0	83
16	4
17	0
0	0
0	0
0	0
0	0
0	0
0	0
696	3265
313	3164
0	341
7	278
3	80
1	139
0	253
0	151
0	3
0	152
103	14
1	3
0	8
0	0
3	0
0	7
0	104
4	24
0	16
0	99
9461	2357
4	2353
1	0
822	7733
35	7864
17	194
0	16
9	0
1207	171
0	7
0	1
4	137
4	46
14	39
1627	848
36	177
6	672
0	0
0	37
0	37
3213	2
0	134
0	104
0	48
16	7
2	0
0	10
0	74
0	3
18	22
246	1426
3	23
96	236
138	1402
0	197
55	1
42	81
9	38
5	344
0	282
15	95
1	252
0	2
0	91
4	331
325	118
1	0
0	21
0	65
0	0
0	0
0	0
0	0
0	0
0	0
0	0
0	0
0	0
0	0
0	0
13	29
0	1
1	3345
4094	710
56	709
0	0
2	1
0	0
6619	642
9	667
27	191
1	0
0	1
0	1
38	2
0	2
1	0
0	0
0	0
0	0
0	0
0	0
0	0
16	0
1770	6
25	176
1086	318
0	62
1	115
0	261
6	3
0	3
0	1
0	3
24	283
0	244
16	36
1	0
0	69
5	18
2	151
15	151
0	99
2	22
0	11
5	0
0	0
23	74
0	15
0	20
0	25
0	8
46	45
19	45
1	11
5	3091
0	3124
0	926
0	130
0	922
3	45
5	82
65	2587
63	1255
3	478
3	24
174	1022
65	0
0	73
2	16
2	287
6	137
2	181
30	69
0	2948
0	0
172	390
6	390
0	0
0	0
0	1
0	1
0	1
0	1
0	0
0	0
1842	159
1	56
19	102
5	7
0	0
0	0
6	11
1	11
15	9
1	108
0	3
0	0
0	0
0	0
133	518
24749	532
1	8
0	8
34	588
1	588
12	588
0	376
5	376
4	373
1	122
71	210
0	166
0	47
0	0
227	227
33	227
0	0
0	0
0	0
921	880
0	279
1	90
0	200
2	0
29	143
0	24
1	24
0	103
15	300
0	8
35	114
42	0
0	64
14	399
0	13
0	7
0	7349
827	5099
0	12990
0	312
0	10878
35	2127
0	13057
170	3126
3	229
0	161
0	61
0	3038
19	175
1	169
0	48
0	25
0	0
0	0
0	0
0	11
0	11
35	188
103	4071
0	324
144	3979
7	97
0	377
3	145
134	2
4	81
4	161
300	1336
8	1336
1	1
5350	239
4	235
0	0
1	0
356	588
851	625
48	94
88	36
45	40
2	32
1067	806
22	806
243	242
2	242
0	0
5	0
21	284
13	278
4	277
21	6
951	1075
0	582
0	493
0	3
1	0
288	3119
1	2798
0	1049
0	1449
0	0
0	0
21	2765
40	2698
51	2715
120	489
1	488
0	0
0	216
4	0
39	1656
1	216
0	0
0	192
1	1553
0	184
1	124
5	23
0	164
7	18
74	236
0	72
149	1155
0	872
21	19
0	300
14	102
2	228
1	39
3360	743
2	0
4	104
28	38
21	431
5	250
0	22
16	438
1	2745
32	1663
1448	2930
3	1055
1	0
0	714
0	0
0	0
0	0
0	0
0	0
0	0
0	0
0	0
0	0
66	120
2	113
0	52
1029	82
2	32
1	11
3	36
22	1461
50	1520
36	1183
4	299
5	121
0	367
267	502
0	65
0	189
0	99
31	176
2	45
0	61
5	36
7	0
0	0
1186	2
1	0
0	0
0	6193
668	6201
9	708
0	1174
2	994
0	502
3	164
0	683
0	1612
196	106
0	106
1625	254
7	671
22	657
1	3
7	17
0	1
0	1
0	1
0	0
0	0
0	0
0	0
176	112
30	110
26	2
7	9
280	190
0	0
0	0
19	190
221	238
0	221
13	205
814	3
9	0
0	253
1498	4147
43	4065
151	4103
2	1926
14	3691
0	1213
0	1
0	0
3	0
0	1
665	16
9	15
0	69
398	332
0	5
0	27
1	39
1	294
6	32
6	115
11	115
268	2152
59	794
0	164
0	1528
0	393
5	14
2	226
0	33
0	0
0	0
8	165
7	164
0	62
1	45
0	12
0	86
0	88
0	22
0	9
20	2061
1289	2052
0	1982
2	1526
0	1452
1	310
739	43
448	2
9	31
0	31
108	370
2	253
0	180
8	189
2	39
0	37
15	86
5	0
1111	458
9	458
24	1563
4142	1568
0	0
0	0
0	0
9	4
0	46
0	46
0	0
0	0
0	0
496	2779
29	3005
7	2744
0	187
0	31
40	47
79	8
0	1319
2	1531
0	1509
0	883
50	1332
63	1071
7	53
14	561
0	211
0	176
0	168
9	65
0	7
0	1
32	49
28	1
0	22
0	1311
0	0
0	0
1229	0
9	0
0	0
0	0
0	0
0	0
0	0
0	0
0	0
0	0
0	0
0	0
1354	2661
5	324
34	50
0	0
2	1892
0	4
1	65
0	0
2611	80
1	38
2	38
3305	883
19	405
0	245
5	244
5	155
14	72
18	0
8	242
1	44
0	116
8	87
1	331
3	98
17	20
5	12
2	88
10	116
0	1351
3	1351
2	28
1351	1502
8	1074
38	593
0	1328
2	431
0	265
0	482
1	1070
0	77
2	32
0	153
30	54
11	1
642	1396
1	633
6	90
0	0
5	17
108	721
3	753
12	713
0	166
2	172
92	776
0	156
0	2
4	102
0	50
0	496
6	32
1	272
5	243
0	2
7	57
0	0
0	0
17	235
972	764
0	529
128	2998
0	104
5	266
0	0
16	38
0	0
3	2718
12	2719
11	562
1	89
0	1049
7	329
12	338
0	2812
7	594
9	512
4	416
0	103
0	0
0	85
0	0
725	42
14	42
15	352
0	154
61	420
0	348
0	92
0	14
34	22
3	159
0	1
0	9602
23	10329
68	2934
0	6552
0	3800
97	1785
0	3193
5	4337
0	494
0	4176
0	1952
23	4828
0	523
0	89
0	195
0	3807
0	328
70	126
40	441
0	2168
47	471
0	191
16	65
9	1247
8	1323
6	1051
0	0
0	0
0	3
0	3
14	3186
167	3883
26	3521
0	906
3	1108
1	771
1	197
3	402
4	134
1	2
0	0
0	0
0	246
0	212
0	148
0	2
0	2
32	159
1	48
158	168
16	49
1080	791
2	384
1	455
2	150
2	18
16	149
37	231
17	64
7	57
1	0
1	103
1	1
0	1
2	60
309	0
14	218
0	1
1	17
10	172
0	16
0	3268
95	3628
0	0
39	982
0	23
20	14
2	1391
7	3493
0	3
0	3
1	1
0	0
892	10
7	4
0	6
339	41
28	41
1349	846
0	232
0	304
23	529
16	24
4	0
0	0
37	1843
210	1917
419	1492
56	848
46	125
51	183
0	219
0	241
0	333
0	82
2	46
0	0
0	50
0	43
0	41
40	14
0	9
0	7
2	56
17	55
12	4535
366	5092
0	1557
0	862
0	14
0	10
0	4
0	9
2	12
2	2
0	6
0	0
0	12
0	0
0	0
0	0
0	0
4	426
0	350
0	421
1	11
2	119
16	869
1	802
3	135
4	20
0	143
0	61
12	179
38	160
2	180
5	78
3	11
107	358
520	369
6	66
0	4
9	0
0	0
0	0
5	538
2	263
37	0
3	98
0	292
0	314
26	392
1	11
0	39
0	29
2	34
7	37
9	35
3	34
20	43
0	2
0	0
1	0
14	9
0	1
0	111
2	111
0	0
0	0
0	0
0	0
141	0
0	37
0	28
1	38
0	40
0	33
1	26
0	29
0	30
0	2
0	0
0	3
0	31
0	1
0	1
0	1
0	0
7	0
0	0
1279	202
5	162
0	0
0	40
72	1271
5	1221
1	633
6	121
0	710
2	126
0	2
1	21
132	31134
866	31705
17	1697
969	3125
1	1591
0	28
190	494
2	0
2	494
0	20
137	523
596	523
1	163
0	168
0	79
1	27
0	13
0	4
0	0
20	0
904	3
1	0
886	695
76	555
10	10
1	140
0	66
10	41
0	2
0	39
2	3
0	1
0	0
0	0
167	0
1	0
0	0
2	0
0	0
0	0
646	1
2	0
31	10
1	1
0	2
107	792
1603	1025
52	791
0	198
71	4
0	166
35	1
11	65
0	0
0	0
0	0
0	0
0	11
3	11
0	0
1	1595
97	3030
0	3025
12	1053
46	1374
21	9
11	21
0	25
2	2946
2084	541
1	539
4	42
19	42
15	19
24	6
5	0
0	5186
0	117
69	5759
5	1026
0	3384
2	4029
0	1699
0	3565
16	643
0	1804
35	5356
7	3546
0	4362
0	366
58	3874
101	2013
17	558
18	650
4	359
0	0
87	3770
3	1337
0	903
3	803
88	912
4	510
10	199
15	142
0	3874
0	11
0	4
2	8
0	5
0	8
0	0
86	1796
0	2
0	2
0	0
666	0
0	571
0	1521
0	1723
68	1734
0	20
60	540
68	72
0	540
0	62
26	62
0	2
0	2
0	0
30	593
5	566
0	201
9	225
0	447
4	34
0	150
0	431
30	445
0	167
24	198
5	77
0	593
42	336
11	725
466	1347
0	127
5	44
0	6
56	29
19	593
3	30
0	0
0	0
0	0
0	0
0	0
0	0
0	0
0	0
63	4
89	6
210	59
0	59
0	316
0	284
309	437
3	0
0	27
0	17
1	323
0	65
0	112
486	188
5	188
18	5303
0	4992
0	3274
0	4391
3	5166
0	4014
3	4503
95	113
6	0
3	354
0	320
0	241
3	286
0	3142
0	37
0	0
9	135
1294	6269
275	6269
7	462
4	36
0	225
0	3
10	57
0	225
0	0
0	0
0	0
2598	5560
17	5567
5	1275
6	21
33	151
30	150
0	43
0	9
0	0
0	7
0	1288
844	1768
0	1765
0	401
0	8
410	468
13	510
40	75
0	512
0	0
0	0
0	0
0	560
2	617
7	511
0	193
32	75
5	262
0	290
0	6
1	11
6	36
0	38
0	13
4	334
8	330
3	284
11	292
0	293
0	300
0	19
0	219
6	86
5	59
9	1
0	3
0	25
1	1
14	42
0	49
2	0
0	0
0	0
1250	845
4	19
0	2
0	0
317	2
1	1371
10	1240
1	462
0	448
0	48
54	40
1	19
7	8
0	963
495	55
0	6
0	49
2	1
0	0
1	0
0	0
0	0
4	549
7	42
2	443
0	25
2	39
6	411
1	74
42	11
0	248
0	326
0	415
114	748
508	1546
2	520
30	222
29	195
0	10
2	4
9	10
0	3
0	5
8	0
2675	197
0	196
24	839
308	2515
36	1047
1329	2113
19	1456
610	584
0	50
2	266
18	97
0	333
1	70
8	66
0	106
0	51
0	175
821	27
0	0
0	0
30	0
0	0
941	182
1	9
0	97
5	76
2543	44
12	41
41	39
50	0
891	20
2	4
3	17
5	65
1	65
31	169
2706	858
1	347
1	0
0	183
10	65
585	420
0	0
1	850
293	1313
7	100
0	1121
11	29
2	0
7	1004
0	85
4	328
1	416
0	114
1	2
78	157
14	89
1	112
0	0
0	0
0	0
0	0
0	0
0	0
0	0
4	0
0	0
0	0
0	0
0	0
0	0
11	0
0	0
0	0
0	0
0	0
0	0
0	0
0	0
0	0
0	0
0	0
0	0
7	0
63	654
27	642
68	58
25	319
3	0
1	0
0	318
18	538
37	2475
4	884
48	1453
5	86
0	1939
0	1179
27	772
4	111
0	59
0	0
0	1179
0	0
0	0
0	4312
15	2868
35	5997
0	137
203	5885
0	2611
0	2849
0	457
0	198
0	51
11	496
6	215
0	149
9	53
0	5883
0	5651
15586	7061
1	7047
7	1404
0	1333
9	137
0	32
9	1072
6	20
0	8
2	44
0	102
3	1
0	14
3	16
8	74
0	0
11	30
171	359
3	363
3	358
25	22
0	0
70	0
4393	4323
1	3851
0	1394
0	507
0	303
0	0
0	0
0	0
0	0
0	0
0	0
0	0
0	0
358	1
0	0
0	0
0	0
0	0
2	860
20	1000
0	732
2	638
123	828
13	134
0	0
0	0
0	0
3	801
13	1036
0	113
1	338
0	795
3	853
219	310
0	5
0	1197
7	289
13	1071
15	238
12	64
0	148
8	5
3	88
24	43
53	153
1	59
0	508
286	512
0	157
0	0
0	0
0	0
56	230
17	752
7	752
1400	647
0	647
2	5
0	5
0	2
188	771
31	770
2	121
1	213
5	356
1	37
9	39
4	331
1	2
2	6763
17	9097
20	8114
1	7054
28	1617
14	75
175	4294
0	905
0	447
0	423
0	2
0	0
0	0
593	2362
186	2360
1	2171
1	111
0	443
0	0
0	0
0	0
39	2141
0	16
0	37
0	16
0	0
3	2117
38	2080
18	130
96	5366
33	4996
6	0
1	1208
0	453
1	140
24	1162
0	657
3779	1554
5	1553
3	199
1398	466
0	213
29	299
3	125
531	643
1	194
70	36
0	0
331	6613
51	7308
4	6858
1627	1366
22	8482
0	11178
0	10619
782	1517
1	657
19	3
3	1705
433	2854
0	9126
353	13003
7	929
8	19
1	13003
2797	26990
21	20926
463	24290
1	1197
3	1110
1	0
2611	0
0	0
0	0
0	0
133	1679
2120	1680
7	0
1	0
0	0
0	0
965	1205
9	1205
2157	2
0	0
2	0
1463	720
43	0
68	273
0	724
2	1
52	30
0	0
0	30
323	89
0	41
0	38
61	1
0	47
10	0
1	1
5	35
10	25
2	35
0	2
0	0
0	0
2	173
6	177
0	115
1	211
1961	1955
2	329
28	1824
5	5
47	1002
16	0
1520	3
19	0
9	983
122	984
88	984
0	276
0	134
0	1671
12	675
14	675
3	916
85	1666
1322	2125
1	126
1	99
0	404
19	1646
264	0
272	27
0	27
19	372
30	369
8	360
0	404
0	80
0	50
11	3
0	5
0	1
1	0
1	6
0	411
6	375
2363	1870
1	148
0	63
373	1922
1	24
0	85
11	162
164	253
0	38
0	200
3	49
1	0
2	38
23	9096
953	9097
26	476
2	83
0	7
0	0
10	1210
0	84
73	1095
0	0
0	95
6	0
15	23
4	103
0	625
85	4322
1	271
22	533
171	1181
90	2718
4	2676
9	2017
19	43
1	540
0	64
223	2532
6	102
0	160
0	0
0	0
0	0
0	0
0	0
0	0
0	0
0	27
0	20
0	4
0	0
0	0
0	22
1	26
117	1726
13	2330
0	1365
12	625
5	149
12	2251
0	0
0	0
0	0
0	0
0	0
0	0
0	0
0	0
0	0
0	0
0	0
589	281
0	82
6	103
16	126
0	0
0	0
0	0
0	0
0	0
123	10758
0	14
0	7381
0	11191
28	10821
0	0
0	0
2003	1
284	1324
90	899
0	197
1	293
0	119
0	0
2	0
0	0
4	49
0	4
223	115
2	46
0	20
0	1
0	36
0	0
1	11
13	7
0	43
0	13
0	0
0	0
0	1
0	18
0	1
0	1
0	15
0	14
0	1
0	0
0	0
0	0
3740	1908
59	1905
38	0
1043	150
0	149
0	0
6	98
455	533
1	435
0	0
0	0
0	0
0	0
2055	1776
556	2063
0	618
7	89
0	0
0	0
0	0
0	0
0	0
0	0
0	0
0	0
3	0
2	0
0	243
6	258
11	392
3	186
0	221
0	271
0	0
959	1550
0	1348
0	21
0	1
0	1
3	20
1064	201
14	201
0	7
10	67
0	0
20	905
0	929
3	100
0	149
0	135
0	130
0	0
1	11
0	8
0	78
9	0
0	0
0	0
0	0
0	0
71	173
1	1
0	86
16	26
0	4
352	5000
1	1285
0	1999
48	23
15	157
0	1304
0	805
0	465
2	796
3	31
0	127
0	5001
4	0
0	0
0	0
0	0
39	572
181	759
3	21
2	150
2	9
2	0
1	187
6	348
14	177
5	435
8	345
1	32
3	64
1	56
0	177
12	132
7	98
52	152
0	310
20	302
6	319
0	37
3	0
0	0
0	0
1574	274
8	87
0	49
811	3704
0	405
7	1463
28	3638
168	0
22	715
61	715
23	4
1	26
18	43
0	1691
115	1879
72	1601
0	146
0	1452
9	9
2	299
2	74
10	183
2	11
0	9
0	64
0	0
301	30
0	30
0	118
1	0
0	118
0	118
0	118
0	0
5	13
0	0
0	8
1	17
0	118
1446	5
0	79
2	12
0	13
8	0
0	83
9199	2913
20	787
4	707
0	208
0	2068
0	2
1	104
0	0
0	0
17	68
3	68
0	0
0	0
0	0
0	0
92	8
0	20
0	21
8	25
24	7
3	293
0	293
17	4
4	43
411	0
0	0
659	1403
3	1354
2	1305
1	428
0	281
0	134
0	0
2	2498
15	8109
0	6483
1	61
0	34
0	5135
0	789
0	2500
0	737
2	50
0	7215
0	1309
0	1454
6	1199
1	7215
1820	0
429	3
35	1826
2	1896
0	1726
0	66
0	115
5	183
0	34
0	1198
0	1836
1579	1
5	853
27	916
0	24
0	69
16	5
0	5
2	2
0	0
2	8
0	8
0	7
0	2785
6	730
0	468
1	463
47	0
2	2785
0	21174
8	16063
40	5845
3	154
0	0
6	0
0	21173
15	1802
112	1408
0	221
1	1805
2	126
73	1771
1	33
11	73
7	28
2332	503
13	476
56	22
0	91
0	0
0	0
0	3
18	46
5	91
0	0
0	0
0	0
29	219
130	219
86	210
0	121
300	6992
12	6974
3	6994
119	6437
182	5726
10	352
1912	1865
0	155
2	195
28	37
0	0
0	1478
2	15
0	139
8	30
0	2
0	0
0	0
0	0
0	2
226	1005
63	983
0	51
2	177
1	184
0	97
17	49
30	47
45	772
5	733
53	81
51	580
0	493
13	0
43	42
8	23
1	165
0	36
0	0
36	1
0	1
0	0
1114	176
1	137
0	35
0	1384
0	1340
4	276
1	97
25	779
283	230
22	23
4	114
0	79
0	31
0	0
0	0
0	0
2	973
26	980
3	45
0	959
19	98
29	23
13	27
0	1
32	772
1	15
13	579
26	579
12	83
32188	9949
63	9924
8	6258
4	5542
23	4283
36	85
24	7741
26	8003
196	8021
194	5743
9	216
5	39
163	108
2	31
85	131
69	12
30	9
0	0
0	0
9	2
264	423
4	222
0	0
2	38
0	16
0	5
6	199
2	9
0	5
2	35
0	5
0	5
0	12
0	12
0	20
5	5
0	10
59	1439
76	1439
27	3468
37	0
8	785
1	436
0	3020
1	3231
0	52
0	216
0	106
0	106
0	8
0	0
6	12
2	5
2	5
5	113
0	72
12	113
1	66
20	59
104	190
0	107
6	41
0	78
16	0
0	0
0	0
0	0
0	0
16043	6
2895	4370
10	4364
0	688
6	663
120	971
8	111
4	0
0	0
400	1408
12	571
1	914
53	691
0	26
3	0
0	1185
7	11
7	1176
3	258
0	1176
0	64
1	57
7	19
0	64
224	3575
33	3225
103	2409
3	2
0	80
0	80
4	56
1	13
0	53
0	19
0	56
0	0
0	0
0	0
0	0
21	53
48	2076
49	2161
0	1958
7	1086
0	715
0	739
0	703
1	63
0	548
0	580
2	646
0	691
0	193
0	597
0	709
0	717
0	729
2	5
7	158
0	49
0	22
0	53
14	441
2	59
1	43
8	3
0	24
0	42
1	67
0	78
0	44
27	47
0	23
0	7
0	599
0	0
0	0
0	0
0	0
1	112
3	2496
15	1156
0	990
0	824
0	712
11	444
1	1526
5	1761
0	81
28	408
0	2584
255	346
2	269
0	77
0	11
22	42
2	42
0	3
0	3
24	740
40	400
1	349
10	734
1	8
0	8
0	0
0	0
0	0
5047	6872
2	6307
3	2568
3	582
596	1493
0	1681
0	1283
619	4241
54	2205
65	4240
0	283
9	829
5	4
26	358
111	519
1	336
0	0
0	0
0	0
1348	320
1	294
0	270
0	25
3413	1
0	0
0	0
30	910
173	1093
3	1374
12	1631
0	2791
7	903
35	235
10	306
43	111
0	10
0	2510
21	23
0	23
1200	1361
1	1258
0	168
0	591
12	738
1610	536
0	536
6	2
0	549
5	483
3	480
0	477
344	2071
1	1805
0	1477
5	207
7	1002
0	999
0	137
5	173
2255	432
1	147
16	288
1	81
1	0
170	116
5	28
93	1381
0	421
58	841
10	1289
3	158
0	24
35	0
0	3
10	3
0	52
5	5
21	171
0	171
0	10
0	0
0	6
0	21
1	0
206	27
422	1517
64	1074
65	149
4	724
162	724
0	219
1	0
0	0
0	0
0	0
0	0
1	0
11	1053
22	1289
19	1224
1	1013
30	112
0	363
0	0
25857	1485
41	694
3	774
0	0
0	746
40	285
0	474
0	576
0	589
0	192
0	179
0	917
0	90
8	55
0	54
0	913
34	524
2	531
75	890
455	823
5	175
0	6
1	124
3	133
180	354
0	2
1	238
4	100
0	5
0	24
0	5
0	1
2	77
0	103
96	7202
36	7220
1	7
1	928
0	81
0	155
5	87
0	0
18	0
0	0
0	0
0	0
0	0
0	0
1589	3999
3	3879
0	119
63	354
365	367
7	8
23	210
15	231
47	133
0	77
1	67
0	0
0	63
0	24
0	53
0	70
0	74
378	540
11	111
0	55
3	0
15	29
1	511
0	6
0	121
2	332
6	539
0	766
1	183
38	414
47	367
0	18
2	32
0	113
1	271
5	154
42	11
655	4845
0	388
0	72
5	307
5	59
4	327
66	410
17	1033
93	187
2700	676
42	760
12	108
0	4808
309	2301
9	855
23	1273
12	337
0	360
0	90
18	153
0	48
0	262
3	78
16	374
1	187
1	213
0	7
0	141
3	74
1	52
1	0
0	2
0	2
0	0
0	0
559	4349
8	1552
262	4308
159	6282
260	6253
3	24
7	2915
4	293
20	273
2	553
0	6274
44	6362
4	2798
0	4166
112	4166
0	4424
0	4739
29	1308
3	805
1	425
5	6
0	3
0	4
2	6
0	3
0	0
0	0
0	0
0	6
0	10
0	4
0	7
0	7
0	7
0	0
0	10
60	2157
0	1161
1	1085
2	10
36	27
3	13
6	0
0	11
6	6
0	2221
3123	1409
0	661
5	957
0	773
94	458
6	477
3	477
5	477
0	139
464	1915
20	1477
5	1632
1	283
36	80
25	153
198	163
17	12
0	0
13	13
0	0
22	7268
0	7011
19	3070
17	1803
2	0
3	1524
3	17
1	1073
15	817
0	435
0	0
0	255
0	70
3	1
0	4
0	222
9	300
27	399
9	400
5	48
0	20
0	148
3	147
3	221
589	227
48	43
171	240
1	22
6	6
38	0
8	339
117	1750
1	1463
86	147
23	4
114	67
2	64
35	0
1	3
0	3
0	2
0	0
0	1
0	3
0	0
856	0
297	1080
0	20
0	668
4	354
0	147
0	18
0	0
0	0
0	0
1151	310
4	254
101	220
3	6
0	0
0	6
0	0
3796	1203
0	828
5	615
0	559
0	119
11	210
0	0
1	1595
0	367
31	154
3	154
0	0
0	0
0	0
1	43
59	13
5	13
35	1982
2	52
14	1671
9	252
31	3
1	138
37	120
0	180
0	113
0	5
0	703
0	221
291	40
0	89
3	8
1	26
0	200
0	0
366	428
2	78
3	2
13	350
0	0
2	0
0	0
0	0
0	0
0	0
0	0
5	765
16	949
0	941
0	792
0	28
0	151
420	115
10	28
0	28
2	0
0	13
0	513
0	8255
2	209
0	8898
1	9204
0	8327
0	173
0	867
31	1195
56	0
15	6613
0	8930
0	0
0	0
0	4
0	0
5	852
61	1000
6	44
41	949
351	3763
0	2625
16	567
34	2701
1	2619
9	31
23	24
9	24
5076	1520
21	243
3	1454
2	866
43	17
35	850
0	447
0	67
0	850
0	4
0	0
0	4
0	0
0	3
0	0
2	0
0	0
0	0
1	3
0	6
0	8
0	3
0	0
1772	5457
1	3085
177	5247
0	579
0	0
12	5978
2	5476
0	5302
16	5978
54	564
0	17
1083	566
0	69
0	15
6	176
0	321
0	0
0	20
17	284
0	343
0	298
1709	111
11	90
0	4126
0	3057
7	196
995	380
32	179
12	189
7	0
49	6
4	734
2166	771
2	122
0	0
156	0
0	0
0	1
0	6
0	1
1	1
0	58
0	0
133	915
0	212
4	609
2	496
2	0
29	35
2	0
9	2
0	0
0	0
0	0
0	0
2213	118
0	113
0	908
105	90
0	47
0	4
0	115
24	0
0	533
0	533
2	540
5	549
13	92
4	46
6	77
4	24
2	21
68	127
1	13
0	11
0	5892
1	6117
3	1370
0	6257
239	5644
14	4912
0	1054
24	43
0	0
0	0
0	0
0	0
0	0
0	0
0	0
0	4085
2	516
1	13
9	34
0	0
0	0
0	178
19	86
5040	604
0	273
5	263
2	516
66	0
834	137
10	135
6	0
2	13
0	21
11	21
0	14
0	14
2	12
0	11
0	11
0	571
0	571
4608	539
785	5
24	4
2	1
607	133
37	20
30	51
0	57
0	54
0	4
2	49
6	0
0	1526
1	1328
0	1824
22	1920
2	1669
0	1424
0	7
2	202
29	0
0	11
19	21
6	36
5	1
4	39
8	30
2	1
0	0
2333	1226
5	1096
0	78
1	62
0	0
0	0
577	10710
538	10710
19	79
33	79
249	1191
1	831
0	1100
0	96
33	1
1	0
445	3986
1	196
3	1434
1	738
2	24
0	234
91	3882
0	0
14	333
27	3
10	3
21	120
0	88
0	10
0	120
0	16
63	16
1	4
456	176
22	175
181	9103
276	8866
1	8053
42	1
234	3770
0	3
37	3
1	9
0	2
127	760
0	112
0	17
0	57
2	600
277	208
2	134
3	65
1	10
17	0
0	2
0	2
0	0
311	1
58	174
2	153
0	40
2	174
0	94
0	171
0	0
0	0
0	0
0	0
0	0
0	0
0	0
15	103
0	81
0	10
13	111
313	951
42	578
12	106
18	377
14	612
7	62
67	0
1	0
1	232
10	311
12	409
11	3324
7	2718
0	1325
0	1056
1	281
0	659
0	647
1	1709
14	2757
0	1047
1	1014
2	107
0	1799
2	1696
0	497
136	776
0	1
0	1
1	0
50	677
53	1031
26	694
25	35
8	578
17	27
56	559
0	201
4	40
0	14
0	3
17	554
3	71
13	58
9	37
17	138
0	150
0	58
1	128
0	7
10	10
90	0
259	2637
0	1837
0	87
0	87
0	87
0	95
1	1171
0	144
1132	0
2777	971
17	953
9	166
1	10
45	16
134	6035
617	6035
23	121
0	72
23	26
110	2594
44	3214
34	3071
498	4982
0	3035
1	5562
8	1269
0	2421
62	1316
0	35
5	2
0	1
0	1
6	0
13	231
0	4
64	216
0	0
0	225
19	27
1	206
1	10333
701	10599
0	3393
2	3026
13	0
0	6
0	6
11	4338
340	4416
10	84
0	1041
0	1182
0	1577
43	283
0	463
5	6
0	269
13	104
0	1159
0	26
0	369
0	37
0	69
22	1
0	115
9	14
2	71
7	33
0	329
0	482
0	1580
21	0
347	4
0	3
329	836
0	747
0	14
1	89
76	0
0	0
1	490
27	533
34	375
86	574
0	114
0	0
0	189
113	186
0	62
6	31
0	0
847	189
0	189
995	745
0	5
8	739
6	126
3901	698
39	695
1	5
40	279
2	227
9	256
5	1251
43	0
64	625
6	246
0	203
5	202
1	203
16	202
65	200
0	103
2	2
0	0
116	580
3	580
1014	1
474	3153
0	238
0	242
0	225
0	28
0	232
0	228
0	5
0	0
48	99
14	172
109	276
20	143
0	12
2	79
0	0
32	375
8	297
0	375
5	13
2	6
0	5
27	7
0	0
29	92
0	375
257	1125
16	1125
0	0
15	439
1	272
6	2
0	1
0	0
1	1
0	1
70	622
31	638
7	27
4	75
0	124
0	0
11	5
1	38
1	48
0	0
0	105
0	50
3	86
0	85
0	86
0	0
0	0
0	0
0	109
4	48
0	8
0	0
0	37
0	9
0	0
0	101
13	520
0	33
0	526
0	26
0	215
0	18
0	308
0	353
0	202
4	185
3	5
1	178
3	0
0	29
3	62
0	173
0	206
0	189
0	166
0	193
50	1052
4	63
30	1303
0	70
0	1173
1584	1212
5	1148
0	112
0	0
0	0
0	0
0	0
765	0
188	0
294	170
1	170
5	62
2	58
0	0
0	1
0	0
0	3
0	10
4	6
119	23624
2	4878
0	257
4	9690
46	6163
17	3165
27	3589
1	80
0	21188
680	685
8	615
2	448
14	187
66029	11919
69	11875
46	820
2	820
0	820
2	814
0	819
2	314
10	321
0	733
0	120
0	7
0	1
0	1
6	0
22	1778
0	33
0	61
19	156
1253	1820
1	93
3	1499
1	53
3	2
22	1600
0	1441
29	1659
5	827
83	89
0	30
42	59
0	0
0	0
7	33
5	0
46	94
6	94
45	1056
1	576
12	755
0	968
0	85
3	25
3	88
0	0
0	119
12	423
3	516
0	26
0	58
1	93
0	165
23	143
0	13
0	157
1	7
0	0
0	4
0	7
0	0
0	7
0	3
815	0
2	22
0	34
15	820
2	117
30	6
0	0
0	0
233	15
0	15
53	0
0	3
0	3
0	3
0	0
0	19
1	18
0	4
0	0
4	22
1	22
1130	628
3	117
0	0
94	365
0	626
0	0
0	0
0	0
0	0
0	0
0	0
0	8
0	2
0	7
0	0
0	0
727	317
0	248
9	316
12	206
74	201
0	183
0	146
2	4
20	68
12	0
11	17
60	344
0	24
6	344
0	17
1	6
47	42
9	58
2	4
0	7
0	9
37	20991
197	21810
277	9234
10	9050
8	6157
0	4398
0	11
0	21734
0	21016
4	0
0	2
0	0
0	2
99	613
0	598
1	469
0	35
2	87
0	29
0	826
153	846
0	845
45	855
0	1153
0	1323
1	1238
2	1142
1	1231
40	1322
0	1017
0	541
1197	163
58	473
1	472
0	35
0	80
0	1333
0	1334
0	1326
0	0
0	0
0	23
15	14
12	28
4	17
2	36
1	20
0	6
0	0
267	457
75	457
2	1154
39	1094
0	569
11	127
4	34
1	0
0	0
0	0
0	0
4	0
0	0
0	11
0	521
1	5
3	433
12	509
7	5
9	37
4	22
0	0
1628	763
21	763
452	415
0	335
2	5
0	3
7	3
112	473
0	697
1	0
0	425
0	1677
0	1613
265	1116
0	479
0	443
1	6
1	226
10	266
0	87
4	242
0	18
175	2502
0	0
13	3491
109	38
237	375
0	760
0	3526
10	2
0	1
0	1
9	1485
27	57
0	44
3	182
35	182
0	22
0	1433
4	11
3	11
815	806
24	806
0	0
0	0
6	0
0	0
0	1873
8	1959
0	1940
1	1560
0	1361
0	1196
0	1953
0	109
0	122
12	150
0	34
4	190
0	0
0	0
21	29
0	26
0	0
0	0
1	7
0	0
0	0
0	0
0	0
0	0
0	0
0	0
0	0
10	19
2	19
0	0
0	0
0	0
0	0
178	1815
1	1753
0	1696
2	63
7	42
8	159
37	498
1	89
6	38
10	1
1	37
2	62
0	17
67	273
0	70
0	82
13	28
0	133
0	95
17	94
168	105
550	5021
343	5020
9	178
20	396
0	1
24	506
36	237
1	8
2	940
142	944
53	935
6	455
2	450
0	29
76	3
3	2
28	59
4	60
0	13
11	6
0	28
0	1
18	97
1	97
0	5
0	6
4	6
0	6
0	1
7	13
1	10
0	8
7	0
3694	1953
50	377
7	7375
73	7301
7	6185
115	7545
11	3177
0	2624
63	2031
1	4
0	1608
0	1354
0	0
0	0
0	0
0	0
1040	1048
30	724
0	0
1	270
1	11
0	0
1445	140
0	139
20	3
0	2
0	0
0	0
0	0
0	0
0	64
0	63
1	5
4	8
5	701
16	612
6	362
0	64
1	1
5	3
8	2
0	45
0	18
0	5
4	705
60	466
5	374
7	38
0	85
0	309
1	458
0	58
0	0
0	0
0	1974
0	781
4	258
1	109
1	19
0	591
45	592
2	599
0	223
99	243
0	64
0	54
0	15
0	0
4	24
397	5256
32	5120
10	611
8	22
15	1478
0	169
10	158
1	182
0	613
44	166
37	0
130	1452
0	733
0	88
65	1926
33	2022
39	2034
0	2009
0	0
0	31
1	34
0	1965
0	0
243	2602
16	2019
3	3160
0	1540
17	128
16	1667
1	2318
1937	9440
563	5691
3	376
0	587
23	7504
0	1594
8	0
3	1430
398	6141
1108	3968
104	4141
0	0
57	97
76	0
71	53
50	73
1	27
10	34
0	1
50	43
0	4
1	38
5	23
671	3178
64	0
0	295
0	400
3	186
0	214
2	208
0	81
0	9
0	34
0	22
1	80
8	4
0	4
0	1022
35	735
18	762
0	340
2	335
0	548
0	77
0	7
0	8
0	974
1	58
0	50
1	53
69	353
0	18
2	5
0	0
0	336
1	31
0	1558
535	1540
14	2
29	602
0	1296
12	33
0	31
0	1054
0	981
0	1190
0	1307
14	1244
0	1099
0	1556
0	1520
0	592
10	48
15	0
10	1198
57	1198
1	22
16	284
11	356
11	272
0	29
2	205
2	85
7	82
0	78
19	0
0	10
0	10
0	2
0	1
0	2
0	0
0	0
0	321
0	0
0	14
146	1393
1	202
0	240
54	1316
0	0
0	25
0	0
0	0
0	0
0	0
0	0
0	0
0	0
0	0
0	0
0	0
0	0
0	0
1	1
0	1
2	0
1	15
690	77
1	36
0	40
575	127
14	114
0	57
0	31
0	0
0	0
0	0
210	0
12	0
581	2087
10	1782
0	182
0	15
0	68
0	95
0	11
0	18
0	18
1	23
0	1
12	200
4	0
2	31
0	76
23	82
0	82
0	72
9	364
0	357
4	52
0	144
0	6
6	348
384	896
56	190
4	15
1	40
0	5
0	5
0	5
0	1
0	0
969	0
964	31
2	31
3	343
12	328
0	211
0	16
1	61
5	71
10	149
1	106
5	54
1	106
0	26
1	58
8	7
1	16
1	27
3	25
0	5
0	1
0	339
0	0
0	0
0	0
191	1187
43	1182
0	1187
0	1
0	2
0	2
0	0
0	0
0	0
0	50
1	187
0	121
0	130
0	110
0	56
0	0
0	0
0	0
16	497
27	611
10	374
0	79
137	1
16	813
1887	722
5	0
0	0
0	0
0	0
0	0
22	178
0	72
0	54
8	10
0	178
2	0
0	0
0	0
0	0
1539	25922
58	24673
0	4018
3	4940
3	3245
0	22
0	26
0	27
0	5
0	0
75	1450
127	1575
0	771
2	428
0	207
0	693
0	617
0	508
0	851
0	986
2	1212
0	339
9	184
0	188
0	296
0	1104
0	101
0	1106
0	444
0	1104
0	1106
0	780
0	758
0	352
2	18
2	105
2	0
0	0
10	0
0	0
8	71
2	21
4	72
0	42
0	61
0	4
0	6
23	1006
8	925
2	458
1	24
0	127
14	30
3	3
13	0
9496	13
3	6
0	0
0	0
14	1765
4	1726
191	356
109	1518
509	336
79	343
44	1529
0	115
0	175
3	290
4	7
75	6
3	82
0	188
0	0
0	0
254	0
0	30
1000	30
0	328
5	322
2	343
1	201
123	214
0	381
1	112
5	110
11	89
1	3556
75	4425
70	952
10	1368
1	1755
177	3119
0	2942
0	3800
0	2942
2	2232
1	3076
4	3666
7	2684
18	861
19	2815
46	93
12	212
0	1003
0	1288
216	385
4	816
24	844
128	27
0	27
0	4
715	11
43	8
8	374
5	392
0	23
0	6
2	236
16	118
0	57
0	48
1	0
0	0
3286	798
0	582
83	432
3	129
13	8
150	101
2	19
11	94
0	8
3	76
0	24
0	0
1	7
0	6
0	1
0	0
0	0
0	0
0	0
1175	0
0	511
0	680
0	1042
28	27
50	417
35	550
6	25
0	15
0	16
0	1159
0	627
13	14
3	14
2	3
3	0
0	4
0	3
0	4
0	0
0	1
0	0
1	1
1	0
0	0
0	0
7	2205
182	2328
168	124
59	732
6	333
0	85
3	70
0	84
12	0
0	68
0	570
3	832
2	64
32	201
15	692
0	11
0	688
0	0
4	59
0	30
0	0
140	3
0	61
3	53
40	6
0	34
0	3
0	1
437	0
14	8
0	41
0	13
0	7
59	0
553	334
0	131
1	21
3	184
581	212
4	6
30	31
288	452
0	397
0	258
0	46
5	41
2	0
7	217
0	2265
0	70
0	253
0	2227
6	1272
0	0
0	0
144	7
0	7
0	5
0	5
0	0
0	7
0	6
2	1
0	1679
31	1679
2	182
31	300
0	898
15	876
0	111
1	612
0	18
21	50
26	967
1	850
54	948
1	110
6	51
0	229
0	108
79	2246
65	82
2924	3696
5	3288
2	150
7	1872
0	0
0	0
4347	537
3	537
0	1
0	0
0	1
9	102
0	6
3	106
1	106
1	25
0	14
0	27
0	66
0	66
2	50
0	55
0	49
0	58
1	14
0	10
73	5487
0	2306
13	5372
73	4029
0	304
34	319
0	207
5	7
0	14
2	125
280	32
2	2964
7	2446
6	2585
0	2460
20	1894
0	1366
2	828
0	593
17	122
23	40
7	31
1	17
0	702
0	2
0	59
53	98
0	102
3	109
0	0
4011	1
0	0
2	0
1	0
1	0
2	1
0	0
0	1
0	0
229	74
13	74
2	55
121	0
405	129
0	12
0	117
1551	4150
8	350
0	138
16	350
2	367
731	57
0	56
108	2691
1799	2647
5	337
0	902
0	408
7	95
57	272
2087	4154
0	0
6	0
0	0
0	7278
575	7354
1115	7445
0	7309
4	1659
47	153
32	184
14	0
29	702
0	0
0	0
281	694
3	671
363	821
3	821
6	54
0	20
0	48
0	46
3	43
0	8
0	11
0	0
0	5
0	13
0	4
0	0
0	1
0	2
0	6
24	972
0	925
26	925
7	20
2	48
4	93
0	4
31	153
0	81
0	365
5	1215
6	1226
5	38
4	73
1	13
53	13
18	1835
112	4
12	1813
0	0
1	185
3	94
0	32
1	306
0	31
9	0
3	1831
0	0
0	101
0	1
4	230
0	1109
8	88
0	53
1	0
0	0
267	25
0	4
12	18
4	8
13	89
0	103
33	27
0	1
0	81
0	1
0	1
0	0
0	0
0	362
13	22
0	9
2	19
0	1
0	22
0	0
1	0
7	1625
5	1688
49	1761
0	1573
16	1455
0	0
0	0
21	6235
0	7405
0	257
29	1336
0	6098
0	5558
47	423
2	554
3	1522
0	3611
140	371
0	95
149	1892
0	2
0	0
12	2108
4	1227
11	6441
4	10
1	10
0	0
0	0
270	14
0	14
1	92
14	73
2	61
77	84
6	64
0	0
0	0
0	0
0	0
1056	353
19	195
20	202
59	1279
9	1545
1	1424
9	1424
0	781
0	833
0	4
0	103
1	5
1	38
0	0
2	331
1	75
0	23
0	8
0	16
0	17
28	11
0	0
0	6
0	7
4135	581
25	579
1	345
15	0
15	599
2	582
0	0
0	0
304	1
2192	1088
0	1084
0	920
23	537
0	0
2	384
4	191
4	151
86	40
1	37
0	10
0	4
1	27
0	11
0	11
0	4
221	165
0	152
56	17
42	104
16	104
252	1126
4	964
0	610
0	382
18	262
4	3
0	43
18	50
2	262
1	247
5	169
0	12
0	41
0	7
0	0
0	0
0	52
0	54
0	42
0	0
0	0
0	0
0	0
0	0
0	0
340	119
0	117
1	0
4	0
0	0
22	3
0	0
0	0
0	0
804	259
6	259
3	0
0	0
10	1
185	186
5	102
0	98
15	24
6	6
0	6
7	1
0	0
7	216
0	55
1	32
3	0
0	648
19	2
47	663
0	15
1	340
1	377
27	180
0	14
50	564
0	4
48	1
2	48
0	0
1	50
5	47
0	33
1	0
28526	20334
10	2836
0	1570
6	6862
8	4300
3	6356
7	3036
6	466
0	179
0	26
1	28
0	0
28	48
0	74
0	0
0	0
0	0
0	0
0	0
0	0
24	8
0	0
0	1
0	3
0	1
60	374
0	114
3	213
9	30
3	161
2577	681
0	0
0	0
0	0
0	0
0	0
14	0
0	0
323	1475
10	918
15	396
0	628
0	3096
0	146
325	2563
1	3098
0	0
140	28
0	25
0	15
0	3
6	0
4557	2
0	0
0	0
186	1958
3	1958
8	84
1	208
7	6
3	0
0	0
0	5
0	5
0	0
0	0
2	103
1	0
5	5
0	14
0	89
0	81
0	0
0	0
0	0
0	0
0	0
0	0
0	0
0	0
0	0
3	1188
1	57
0	29
311	1341
1	27
0	48
0	114
0	98
0	1103
0	145
0	240
1	388
2	0
6	0
18450	21241
25	15828
0	1
0	1
365	25350
160	10378
0	23
68	25374
19	25349
8	1
0	1
705	106
0	22
622	439
3	5
0	439
3	38
0	50
0	0
2	146
0	0
0	0
0	0
0	0
0	0
0	0
0	0
1429	279
0	22
3	40
0	109
0	148
0	279
1	300
200	466
57	94
1	6
16	91
8	83
2	10
2	181
4	0
5	35
7889	1397
1	80
255	1387
0	0
12	28
45	3051
320	3253
2	212
0	0
3	0
994	1580
122	982
0	621
5	70
4902	10113
7	10387
252	9611
59	199
3	812
12	432
30	436
6	436
1	34
0	79
1	75
0	436
44	1388
6	3312
5	115
0	1
0	3312
1	6
0	23
1	20
0	3
0	3
8	41
2	1
2	40
347	694
6051	3676
0	1862
0	531
0	1802
0	3585
0	1615
0	2591
3	1347
0	3590
1	0
15	9
0	9
1	2
1	0
0	0
0	0
0	930
5	2793
1	1677
5	2558
2	1660
0	0
0	0
0	1814
314	3191
99	0
10	2087
0	0
0	3191
6	231
49	0
3	912
40	1053
3	449
11	0
41	1053
2	141
1	145
7	124
12	110
2	30
0	11
2	39
2	0
15	40
5	29
0	0
0	0
0	9
0	11
0	0
0	0
0	0
0	0
0	0
0	0
3	43
0	1
0	0
0	43
1	0
0	0
0	0
0	0
0	0
0	0
0	0
0	0
0	0
1229	1004
1	785
3	40
0	202
2	0
0	0
20	105
0	13
0	2
0	51
0	50
0	962
0	0
0	0
0	0
0	0
0	0
0	45
0	45
6	42
0	42
0	11
1	45
0	0
24	16
1	4
0	4
0	8
0	0
3	3
0	0
0	0
0	0
0	0
0	0
0	0
0	0
0	0
0	0
0	0
0	0
0	0
0	0
0	0
0	435
11	252
0	343
15	747
0	781
0	803
11	2
0	2
0	0
0	0
0	0
0	0
0	0
0	0
0	0
0	0
0	0
0	0
0	0
0	0
0	0
1	0
0	0
0	0
63	0
347	1527
0	1531
26	1518
6	329
18	388
0	271
8	36
95	116
0	0
0	0
0	0
1122	304
0	137
2	64
0	101
0	1
3	65
1	0
0	2187
0	2187
0	1283
443	2183
41	13
0	489
0	0
0	0
0	0
72	4
1	4
889	1800
26	1393
21	641
0	353
0	402
0	654
4	616
10	608
1	430
0	252
278	2984
7	3028
0	984
1	506
78	505
0	91
11	17
0	13
0	6
0	9
5	70
1	718
0	445
0	78
0	68
1	94
9	138
0	863
51	420
10	507
27	448
30	145
90	391
1	0
5	259
0	104
10	0
2221	632
88	486
3	682
0	0
0	600
7	197
1	134
123	195
4	1
0	58
0	83
20	353
0	215
1	143
0	61
0	12
0	99
0	77
0	2
0	2120
18	612
42	600
0	602
0	31
29	2120
39	112
25	1572
143	139
3	1522
23	87
3	0
122	583
64	474
0	494
1	14
1	89
6	3
1	65
0	0
0	3
0	0
0	0
333	837
0	145
9	44
0	679
2	83
0	211
1	254
2	92
0	54
0	12
4	6
2	2
0	2
0	0
0	0
0	0
0	0
0	184
138	218
10	34
29	3
0	3
0	0
3	69
2	62
0	16
0	12
0	11
522	383
1	355
80	9
0	23
5	2
0	0
1	2
0	2
0	0
0	0
0	0
0	0
2	128
1181	128
694	12240
0	43
389	13427
11	4643
994	30
0	29
5	0
1357	5435
29	3244
117	1103
41	2269
82	969
7	52
0	0
0	0
259	19
0	0
0	19
0	18
0	0
1	0
0	56
202	56
15	144
15	770
28	697
0	14
1	259
9	34
2	7
0	0
72	1801
7	8
24	1799
23	18
15	23
3	1488
0	0
0	0
310	0
1236	1155
0	136
0	111
16	45
5	241
14	27
0	109
4	161
1	581
11	3
4	18
0	2
0	2
0	2
344	5073
0	4544
102	5620
128	4190
0	626
7	655
0	861
0	968
0	780
3	424
7	492
1	80
0	0
0	0
8	823
2	496
7	603
0	508
0	74
52	86
0	0
0	0
0	0
0	0
0	0
1	0
0	0
1	0
0	0
0	0
567	0
23	418
6	255
0	67
1	107
0	8
2	167
0	0
0	3
0	3
0	2
1770	891
27	888
0	169
3	36
3	0
10	292
5	226
0	152
0	316
0	0
0	37
0	50
4	11
0	61
1	58
28	4318
840	4318
3	3063
5	14
0	811
17	15
0	0
41	136
4	136
4	0
15	23
0	90
5	44
0	43
770	1133
0	1156
1	764
10	568
70	513
1	212
4	198
0	0
0	0
0	0
0	0
0	0
13	7
2	7
0	0
0	0
0	0
0	0
1	0
1	0
0	0
0	0
182	0
0	1
0	4
0	4
0	2
2	1
4	244
85	1196
6	952
7	2
0	0
0	0
630	0
2	0
0	0
0	0
0	401
0	344
14	182
0	0
6	35
6	13
0	0
2	814
54	940
0	88
0	12
0	91
1	78
0	0
0	0
3041	5
1	0
0	246
0	0
45	246
0	0
0	0
176	377
895	377
145	19
26	7
0	0
0	0
0	0
0	0
0	0
0	0
2	3
0	8
0	5
5	8
0	3
0	8
0	0
0	0
0	244
149	538
100	316
2	4
0	3
5	21
2	19
0	6
0	18
2	16
7	2
0	1
2	6
0	2
7	0
0	0
0	2
0	2
58	21
11	21
4	24
7	21
0	7
0	1
43	0
12	111
0	111
0	1
2	29
181	2007
143	2003
0	7
63	331
85	50
3	50
0	0
0	0
0	0
134	45968
165	14501
1	13067
4	10940
21	19
1	1720
1	45681
6	254
0	140
1	155
20	1125
0	1127
30	1130
1	40
13	5
0	0
0	139
1	74
0	98
8	0
0	0
0	0
15	1029
4	32
3	31
0	40
18	1037
1	31
33	151
0	192
0	164
0	4
7	401
642	2223
13	2069
13	154
0	1
0	1
0	0
0	0
18	0
0	55
9	2274
34	1812
0	2420
0	405
17	1687
1	0
78	33
4	41
0	41
1	85
0	85
8506	480
71	249
16	1501
0	3
2	9
5	64
0	59
0	1370
46	0
3	1088
1	492
8	1000
2	58
1	85
0	0
1	3
0	1
4	0
1576	1921
0	1920
2	173
0	0
0	0
0	0
0	0
0	0
0	0
36	0
1	4
0	0
0	4
13	0
0	0
112	20
0	20
482	2068
24	2084
27	1929
0	1844
10	1924
1	1782
91	2361
0	946
0	10
0	29
0	29
1	59
3	11
0	0
0	0
0	0
17	1969
7	724
1	303
32	1963
0	925
713	0
1	8
3	24
3	24
76	1904
2	632
2	278
0	1214
0	1607
0	79
0	125
1	0
1	3
3	1358
0	64
1	15
3	245
0	0
0	294
11	0
0	3
3	42
0	39
0	0
2775	0
0	0
0	0
0	0
2242	5
726	709
0	591
0	545
4	11
10	31
36	108
0	5
1	94
71	52
1	112
0	4
0	65
16	68
1	45
0	24
1	68
1	1708
29	1698
0	1529
0	1630
0	1435
64	1314
0	21
0	151
9	38
0	66
0	35
1	32
0	29
0	1634
0	1693
0	1452
228	1708
18	1536
7	1163
0	0
0	0
304	444
3	422
0	430
0	37
1	418
0	354
0	0
0	256
0	256
0	0
5	528
76	131
0	14
21	82
12	381
14	31
1	395
0	89
20	75
5112	3055
0	3053
0	0
3116	6
11	6
0	0
0	0
1504	241
0	0
3	17
0	133
35	151
6	155
0	246
0	0
235	12
0	12
5	0
0	0
3	0
14	594
2	556
0	429
1	380
5	136
0	77
4	4
0	5
0	5
0	0
0	0
1435	1467
25	24
0	9
10	1443
0	252
28	0
75	1273
0	69
0	131
13	364
71	1225
0	245
5	250
0	639
0	512
0	262
4	196
39	387
0	0
0	6
0	12
200	18
29	1373
49	479
6	1020
10	1102
17	402
153	74
0	71
0	0
0	5
0	0
0	0
0	0
6354	992
0	149
15	123
35	841
12	620
98	414
0	125
5	0
15	8
4	17
0	0
569	10741
0	10741
20	822
1	642
1	213
11	0
55	5420
0	5761
72	3510
136	2193
0	3
14	139
48	475
1	109
145	3
0	0
0	0
0	0
0	0
0	0
285	292
0	72
0	129
6	15
0	4
3	138
0	4
0	31
0	46
0	9
54	692
0	8469
4	8065
0	1047
1	0
0	0
84	17580
10	17820
1954	16801
492	13118
2087	16081
1	1852
0	194
36	18
46	21
11	198
54	121
3070	276
20	274
2	9247
0	9247
351	74
0	0
2	34
1	40
0	1
0	1
557	5
14	1863
69	1856
0	1845
0	86
11	45
10	37
0	26
0	15
0	7
0	7
1	5
11	1
0	1
33	2
0	2
19	0
4	941
617	4586
98	4578
35	1209
0	0
0	0
1	0
0	0
7	33
34	215
0	33
322	267
1	148
0	0
341	0
2288	126
14	125
0	0
0	0
0	0
2	2
0	99
3	99
0	99
2	99
1	0
1	1
8	0
0	0
0	0
3	0
0	0
0	0
0	0
0	11
61	93
0	0
1	11
0	93
0	14
0	50
0	6
1	3
0	23
219	1435
8	873
16	380
1	1303
0	307
6674	1
4710	3154
0	10
360	3152
0	0
0	0
5	1
0	1
2	391
1	353
1	297
0	501
8	298
0	107
3	93
19	30
1	434
0	140
1	315
0	0
0	139
2	93
4	51
32	879
2	880
0	411
0	292
0	220
2	212
0	53
0	8
0	92
0	26
0	14
0	2
0	7
4	117
158	117
0	0
236	11649
0	9811
3	670
0	192
0	218
2	218
0	190
8	184
1	0
0	102
0	140
0	129
0	148
0	91
306	370
159	370
118	1678
70	601
1490	1683
34	344
0	0
0	0
0	0
0	0
0	0
0	0
0	0
89	6281
22	2692
7	2787
2	26
37	1243
45	135
3	12
34	229
11	37
7	211
0	110
8	0
0	40
2	8
1720	784
2	51
0	246
0	94
0	85
0	76
0	395
0	85
3179	472
1	468
0	0
0	0
0	0
0	0
0	0
0	0
0	0
0	0
1	0
0	97
18	73
5	147
6	99
0	176
0	135
3	0
0	0
0	0
852	576
1	576
17	0
0	0
0	0
0	0
0	0
0	0
0	0
0	0
1	0
4	5
0	6
0	6
0	1
0	0
0	0
4884	478
2	96
0	270
0	7
3	58
1	20
0	193
4	12
861	0
4889	2244
2430	2242
0	336
437	2725
1	1443
8	4
0	1688
0	2125
0	0
3	173
144	1700
0	0
0	0
0	0
0	0
1	0
544	509
0	253
0	5
0	0
6	94
1	65
5	926
0	3087
1	10
13	20
0	3043
0	15
8	6
11	593
160	252
4	2969
2561	393
27	264
0	142
7	291
1	86
2	22
4	22
88	359
0	298
29	53
100	191
2	34
2	18
0	5
0	29
0	0
0	168
0	97
49	6
0	0
56	951
1	905
18	445
21	463
30	452
0	254
8	275
0	96
28	133
0	571
116	659
8	634
0	79
0	59
0	1
0	642
0	5223
4	4039
7	977
0	68
3	143
7	4905
0	0
33	1
1	1
2	0
0	0
0	13
2	13
0	13
0	0
0	1
0	1
0	0
3852	959
3	959
0	0
0	0
0	0
20	4
54	664
27	664
0	31
7	15
7	65
1	84
126	159
0	174
1	124
0	130
1	34
0	0
0	173
3	164
13	2875
12	3198
1	2534
4	2692
72	3626
0	3048
0	1120
91	532
34	673
0	96
5	138
7	65
9	70
0	209
196	107
0	14
3	78
128	512
10	688
18	2090
236	2170
14	123
0	66
1	67
42	0
0	0
0	0
0	0
316	1711
24	945
1	4
0	61
0	0
6	5
0	1703
0	753
0	14
0	941
0	18
27	340
16	1040
18	631
1	161
0	756
25	1434
3	918
19	0
0	3762
32	6633
0	4387
0	4347
229	8313
226	378
89	2506
4	78
2	79
392	4554
54	6256
50	5083
53	322
0	1
5	321
0	6
0	2
3	1407
165	4499
36	529
616	3112
12	154
1	15
0	15
0	0
0	0
193	361
0	361
0	0
1	0
0	1
0	0
0	1
1	1714
55	1837
6	161
0	1765
2	0
2	1
0	1
0	0
0	0
0	668
0	892
14	1739
3	1797
7	1379
7	1382
6	2
27	9
0	17
13	463
5	1570
41	1905
38	1188
1	1329
1	448
62	2138
1	406
0	0
0	0
0	0
0	0
270	0
22	787
14	803
0	886
0	118
0	749
0	7
0	2
0	0
0	2
0	2
0	0
0	0
0	0
0	0
2	2849
2	2796
96	124
0	123
20	25
0	5
0	10
0	10
3	12
1	682
12	503
0	6
6	197
1	2
0	91
0	14
0	1
18	62
23	325
0	98
4	0
14	12
0	629
0	1
2	1
0	0
21	213
7	213
41	1
11	187
0	320
199	544
0	227
3	0
10	16
904	272
0	56
2	216
12	42
0	27
3	25
5	5
33	1
24	0
43	913
79	932
0	917
36	202
0	102
4	16
4	449
0	434
17	414
19	427
26	372
0	216
54	0
0	921
0	569
0	721
0	505
68	650
1	638
0	659
1	650
5	488
6	519
0	193
2	228
4	0
9	0
600	276
21	276
2	74
0	0
41	77
3	10
9	9
4	24
25	56
2	24
15	239
20	1601
1	19
3	0
0	2160
60	579
3	499
8	304
0	0
3319	2120
145	432
6	432
0	5
0	37
1	65
0	46
0	54
0	22
2	23
0	0
11	2160
0	1809
0	2164
95	2264
1	361
1	35
0	38
0	265
2	78
282	1020
6	574
20	246
0	24
12	184
0	323
0	4
0	3
0	19
1	6
33	317
139	821
31	1426
35	1262
2	315
15	139
0	23
0	0
3	0
0	111
0	96
0	111
0	103
34	676
0	588
0	232
96	91
2	180
2	104
1780	2
10	19
0	1070
64	1201
52	0
7	63
0	1200
3	1121
52	881
4	979
187	1073
1	17
0	88
0	32
1	37
0	0
615	801
0	32
0	30
0	116
0	438
0	493
252	378
133	1152
0	1093
0	675
4	2118
0	74
0	52
0	35
1	22
0	134
3	0
0	324
0	19
532	470
33	358
3	105
0	91
0	15
22	18
2	0
1	2127
2	5
0	5
0	0
0	0
0	0
0	0
46	1704
0	1652
32	25
28	275
0	0
2	24
0	64
1938	1343
19	1183
30	1067
7	140
419	1095
4	8
61	355
0	3
0	3
1	6026
253	6197
140	5373
1	386
63	416
0	274
39	291
0	28
1	36
0	0
0	1
0	1
0	1
0	0
0	0
1836	1626
0	39
4	207
54	1386
0	0
0	0
0	0
0	0
72	2981
2054	4952
78	744
0	369
28	941
0	392
7	23
0	78
2574	2243
102	2226
0	654
3	190
74	0
0	0
0	0
0	0
0	35
0	9
0	0
98	164
1	42
5	28
4	134
0	32
21	201
3	72
0	209
559	0
0	0
8	0
2	0
0	0
211	278
105	181
84	49
0	110
817	1
17	1111
0	222
0	152
65	26
2	177
2	218
5	9
164	224
0	5
1	905
6	238
4	1116
8	324
0	8
0	7
0	224
0	24
0	17
0	123
17	28
0	293
276	59
0	452
2	1108
262	89
1	23
3	64
0	0
1	2
0	0
23	0
0	0
0	0
14	87
0	104
25	9
2	87
0	0
4	8
0	3
0	0
368	864
0	649
1	776
1	97
1	7
99	2
0	0
0	0
0	0
0	0
0	0
0	0
0	0
0	0
225	155
0	100
18	110
9	43
27	2964
224	444
2	118
5	326
18	118
1	179
165	1981
2	921
1	745
0	490
1	533
1	385
0	282
0	195
1	1
0	0
0	0
0	0
0	1
0	0
0	0
0	106
1	10
1	1
0	10
0	0
0	106
0	0
0	0
0	0
0	0
0	0
3	0
0	0
0	0
0	0
537	5773
26	5845
29	629
1	98
2	115
4	989
2	0
38	2
12	728
5241	3299
98	1810
0	670
9	770
38	289
18	296
1	193
2	294
0	229
0	288
0	238
0	245
0	244
1	250
0	257
0	163
9	0
0	0
0	0
0	0
0	0
119	0
8	129
2	154
0	60
0	47
85	1871
1172	2049
0	0
0	141
0	504
7	407
0	161
0	244
0	130
1	87
64	2568
12	2676
95	2569
0	2772
0	80
3	2
2	122
2	0
33	126
0	0
91	0
30894	1727
10	1705
675	0
0	0
2	0
62	138
0	138
186	502
197	5805
22	201
1	512
7	5740
0	94
101	5245
1	0
1	667
15	363
1	0
1	173
43	1200
5	3104
3	3
0	163
2	1016
0	3181
2	0
99	0
4	7
5	36
0	52
0	24
0	567
747	390
0	257
0	172
0	211
0	116
0	70
0	2
5	108
219	108
170	4807
28	465
0	3877
285	4762
0	0
0	0
4	22
19	43
0	20
0	21
42	43
0	0
0	0
861	159
0	8
0	77
15	1
3	70
3	5
0	0
3	0
0	0
171	765
99	723
6	128
0	1
0	1
25	0
0	0
0	0
0	0
0	0
0	0
0	0
0	0
0	0
0	0
729	3120
3	2637
17	50
0	10
6	867
0	1016
0	73
12	0
11741	8807
28	7777
2	3033
15	39
14	5
9	1806
0	0
371	0
0	0
0	0
0	978
0	766
0	469
0	187
0	236
0	94
0	978
0	0
213	290
4	290
98	0
0	0
20	2724
696	2638
5	315
81	206
10	290
69	652
4	116
2	578
0	68
0	81
102	112
5	92
5	16
0	26
0	49
2	23
5	3
0	0
842	36
1	19
0	0
282	204
1	267
1	108
0	178
97	494
1	37
0	111
0	22
0	0
0	3
4	92
0	2
0	4
1	84
1	0
0	0
0	7
1	7
0	7
17	0
0	0
0	0
0	0
0	0
649	468
1	429
0	262
4	13
1	0
0	10
1258	34
0	26
0	10
0	23
0	0
0	0
0	0
0	1
1076	0
0	0
0	0
0	0
68	10487
41	10213
233	10428
54	1891
2	1198
0	1141
0	686
19	148
3	0
10	6
2	3
0	10501
6	28
0	0
5	39
0	39
0	3
0	13
0	5
0	12
0	0
0	2
0	1
0	0
0	0
0	4
39	10
0	1
0	9
11	0
14	832
26	351
24	437
1	892
8	405
0	411
0	338
200	1034
9	0
427	0
0	0
229	114
19	114
0	0
845	137
29	1
33	136
127	310
5	208
1	0
0	0
0	56
0	22
12	15
0	14
0	0
0	12
0	0
2	310
0	12
0	11
50	10431
6	9533
17	4388
1	9308
0	4023
4	4136
0	236
7	208
0	10014
23	3068
102	773
0	10026
0	362
65	10379
1	353
3	405
1	9284
1	536
3	13
0	23
0	387
74	15
0	10114
0	433
0	418
489	27
63	28
3	14
0	38
4	43
0	24
0	18
0	0
1945	6184
7	62
0	62
0	2
0	2
0	0
0	0
0	2
0	14
0	18
0	18
0	17
0	10
13	1
1210	23
1	3
0	20
0	1
0	1
0	0
0	0
0	1
1238	1041
23	1038
0	0
0	0
0	0
0	0
0	0
2519	0
18	508
170	466
0	113
35	84
18	75
1	70
643	6
87	5668
313	5645
261	794
7	21
10	335
28	326
0	607
0	746
6	31
0	33
0	3
0	0
0	0
0	33
11	0
0	449
0	54
4	51
19	71
0	39
0	123
0	511
7	3
1	16
5	9
28	1238
0	1238
4	803
3	586
0	455
69	663
5	232
9	468
6	714
200	468
296	568
18	11
10	189
4	109
0	1
70	0
549	1782
0	1770
1	30
0	1363
0	1552
0	0
0	9
1	0
0	639
0	474
23	651
3	466
2	180
0	197
342	481
813	2651
2	911
0	525
1	361
0	2287
0	288
1	220
18	808
33	41
0	6
0	0
86	58
0	120
4	6
5	68
0	0
0	0
286	785
22	785
0	0
1	9
0	9
1	0
734	787
0	7
0	701
1	321
0	0
609	8513
92	8420
0	767
24	737
33	643
2	124
3	0
0	2
5	8
1	1
2	10
0	3
0	1
0	0
0	0
0	0
5	9161
0	9161
144	9161
149	10457
0	22
1	0
1	9861
17	363
504	583
5	356
0	21
1	220
0	9
0	1114
0	434
0	29
0	1
0	144
2	46
0	421
0	451
2	1219
0	1114
18	33
5	6
0	6
0	32
773	442
8	280
13	15
5	245
6	0
856	608
0	573
67	299
0	0
0	0
0	1
0	1
0	1
94	26
1	14
5	12
0	0
0	0
0	0
1	463
39	611
42	534
0	39
8	5
0	10
12	19
0	13
0	500
5	550
0	3
0	539
743	61
0	61
0	0
1	26
0	25
0	27
0	18
345	135
11	133
9	1
116	1
0	0
0	0
0	13
143	11
2	11
15	996
1472	1284
6	49
0	180
2	92
0	75
0	0
1	600
0	593
0	599
0	559
1	395
0	525
156	383
218	672
1	58
3221	1
90	849
37	1034
0	805
0	91
14	10
7	54
2	96
2	27
0	39
335	83
1433	217
1	39
0	183
0	83
34	157
0	9
0	2
230	2828
56	0
0	124
1	511
1	764
0	261
0	2837
0	0
0	485
0	298
10	25
1	174
0	226
0	475
399	58
0	8
346	8
4	16
1	18
0	18
0	10
0	10
0	16
0	8
1	16
0	18
0	14
121	1456
43	1456
1	24
32	59
1	56
2	0
0	0
19	0
12	449
3	38
3	388
12	0
1	31
3	283
2	0
0	5
0	0
0	86
0	0
0	0
0	9
0	9
0	7
522	1379
13	1099
0	540
17	274
566	0
1	0
0	0
0	0
0	0
0	0
452	22280
366	24212
2	4809
0	11292
0	11292
0	10199
0	4812
0	3388
1	7
20	0
4588	953
2	568
8	952
0	42
0	0
0	0
0	0
0	0
0	0
0	11
0	11
0	5
0	0
0	0
94	218
0	213
0	14
2	1
0	2
0	146
57	68
1	72
0	56
2	29
0	1
0	0
147	4048
21	77
1	203
6	0
0	20
0	3884
0	0
0	0
43	0
884	553
2	553
0	189
0	2
0	0
260	0
0	1
0	1
0	1
0	1
0	0
0	0
313	122
1	94
3	102
7	20
2	13
0	12
32	480
5	480
24	50
24	0
0	57
0	0
0	0
0	0
0	0
0	0
0	0
1	1
348	577
8	0
0	205
28	114
1	358
22	5
1	0
1	0
0	0
0	2
0	0
0	3
0	0
0	0
0	0
487	546
0	44
11	546
3	39
0	0
0	0
2638	5840
18	5840
0	11
0	11
0	0
0	0
0	2
0	0
0	0
151	209
66	203
1	14
0	5
1	1
0	3
5	7
41	0
45	0
0	0
0	0
135	1887
15	112
1	261
2	27
0	1191
0	0
0	5
0	836
15	0
8	14
0	14
0	0
111	412
33	405
4	113
0	21
3	22
0	22
0	21
0	5
5028	712
6	711
0	0
0	0
42	45
38	25
3	4
1	45
6	27
6	0
34	31
0	0
42	2
0	1
0	1
0	0
0	0
0	1
34	52
0	52
0	52
3	34
0	0
0	0
459	1068
2	606
1	345
23	324
0	234
15	132
0	0
0	5
0	3
0	0
18	199
3	11
30	205
5	147
0	148
2	8
13	8
3565	423
4	379
0	49
2	6
0	0
201	114
38	114
1823	260
0	258
0	295
3	652
0	435
122	411
0	280
1	340
2	29
0	0
9	42
19	39
0	42
1	37
15	32
2	39
9	7
102	1
0	0
0	0
199	433
44	434
3	139
74	105
8	36
0	0
0	0
0	0
0	0
0	0
0	0
0	0
0	12
68	214
0	12
0	42
2	86
0	69
0	85
0	0
7	78
0	36
0	0
0	0
0	3
157	857
6	416
4	332
3	411
0	10
881	2250
1	1209
1	0
1	373
17	274
704	912
0	911
3	42
0	0
0	9
7	12
2	1
547	140
0	49
2	16
0	1
0	14
0	20
0	0
0	5
0	52
0	1955
25	974
0	1871
18	495
0	45
3	448
0	1957
0	0
0	0
0	27
47	687
0	11
0	330
7	528
0	572
0	316
1227	675
0	0
273	441
27	441
0	0
0	0
0	0
738	953
37	952
1	381
1	43
0	0
0	0
0	1
0	0
0	0
0	0
0	1
187	813
9	727
9	730
0	82
0	0
0	0
0	0
28	0
0	49
0	0
185	22
0	22
88	1968
0	2036
4	1648
0	47
0	39
8	59
38	18
4	99
53	81
11	690
1	145
0	78
0	109
1	265
0	47
3	498
11	95
0	345
10	238
0	0
7	124
1	113
0	118
0	8
0	2
1	13
2	15
0	19
0	5
1	14
1	122
56	132
0	132
0	129
2295	464
1	9
19	376
12	258
0	150
0	279
1	184
47	2
8	1
0	110
0	268
6	261
0	58
72	93
0	54
0	14
4	14
2	5
0	0
0	0
0	5
0	5
0	0
0	6
0	5
0	5
0	3
0	6
12	110
1	0
1	108
0	0
0	0
0	11
111	2586
15	2875
30	1696
0	92
2	92
14	33
518	743
0	324
39	587
0	96
19	283
1	127
0	126
58	0
0	1
0	1
0	1
0	1
0	0
9	534
41	619
24	17
2	88
1	65
2	70
52	36
2	13
69	6
48	69
0	52
2	62
0	119
2	156
2438	599
0	169
0	135
3	343
7	244
0	427
0	397
0	0
0	10
2	23
4	29
0	3
0	5
0	2
0	26
637	1
55	1884
37	1802
0	1803
0	31
0	1828
0	1839
2	0
0	3
4904	441
0	432
2	148
0	148
30	148
0	118
1159	530
5	527
171	3
6	208
4	208
0	169
2625	1
8	0
0	0
0	0
1352	0
0	0
0	0
0	0
0	0
0	0
0	0
0	0
0	0
0	0
77	19
0	13
0	0
0	6
48	316
0	0
1	316
5204	980
0	977
1296	382
4	379
6	3
29	1
10	0
688	901
5	506
1	186
5	30
17	350
0	10
3	10
6	0
0	0
0	0
8	59
2	21
30	59
80	576
1	576
26	419
0	323
1	15
1	16
0	0
1	1
6	255
5	241
5	225
0	129
10	2
20	24
18	12
3	0
2	44
0	36
3	8
0	0
0	0
0	0
4	3426
10	1896
0	2202
2	344
0	1928
39	1169
1	1491
3	327
10	3142
2	380
0	308
0	958
82	1689
35	508
6	166
0	14
0	704
10	359
18	0
16	58
0	60
0	0
0	0
0	0
0	0
0	0
28	1097
0	794
0	719
0	252
0	0
230	680
0	576
15	123
10	19
2	1
47	19
0	8
0	19
2	0
0	0
92	1
0	1
11	0
0	0
17	228
3	9
4	229
8	229
0	228
0	42
0	65
8	58
6	119
2137	4
25357	44699
3	1393
168	43838
0	63
2	3508
3	4155
20	17697
1258	1070
0	1053
1001	4983
19	4983
3570	974
1	280
0	639
4	301
0	51
3	131
69	121
0	0
0	0
0	0
0	0
9245	33
5	9
0	3
0	3
0	1069
4	1267
1	246
0	130
0	40
4	0
0	0
4	0
1	2848
1	1313
6	0
2	66
1	718
0	0
47	2889
0	0
0	0
0	0
0	0
0	0
0	59
0	54
8	50
4	20
1	2
0	57
118	15
0	15
0	14
0	0
0	0
0	0
0	0
18	12
49	1355
2	1326
16	1287
0	6
0	0
0	0
2	1348
745	455
0	154
0	125
0	3
0	455
0	0
32	478
34	478
13	0
1	40
0	0
0	0
0	0
1	29
0	42
0	10
0	0
0	37
0	6
0	29
6	21
0	0
0	3
2072	215
0	215
5	0
2	0
525	202
2	32
7	31
0	30
0	164
0	11
27	74
0	0
13	96
1	91
0	4
0	6
8	54
47	130
2	92
0	54
6	2
0	70
0	87
1542	458
0	414
0	42
1	7
0	7
0	5
841	0
56	5490
0	590
0	93
885	5175
6	45
0	271
3448	1600
0	130
1	1467
8	88
31	1
0	1
0	0
6	711
0	720
0	707
6	694
0	572
0	393
0	55
0	54
0	44
0	9
0	0
12	1
0	0
0	717
0	0
0	0
0	0
37	332
0	147
1	6
0	332
0	0
0	0
0	0
0	0
29	516
0	0
1	659
92	281
7	550
78	334
6	20
0	32
24	182
21	139
48	1450
511	1346
1	1097
108	77
124	12
0	11
0	0
0	0
0	0
63	54
0	54
2	1
0	0
0	0
264	61
0	0
2	60
0	60
0	0
0	16
0	44
0	0
1	60
0	0
0	0
0	0
0	0
0	0
0	0
0	0
0	0
0	0
0	0
0	0
0	0
0	0
0	1516
14	1558
1	1771
13	396
0	256
1	1231
0	174
0	277
4	225
29	46
1	286
16	182
0	40
3	38
3	1
0	1
0	0
273	104
4	71
20	206
7	62
2	128
3	67
55	95
8	28
1	15
0	119
1	1
7	197
4	233
0	27
0	71
1	190
1	4
0	46
7	59
0	14
0	44
0	50
0	3
21	410
0	3637
7	4208
5	0
1	3236
0	18
3	28
0	2070
1	1999
32	3955
0	4076
40	1207
0	172
2	146
1	297
0	3058
0	321
0	444
0	204
0	139
0	0
0	0
0	0
0	0
0	0
61	1435
20	1
4	328
1	1417
12	133
6	276
2	7
11	61
245	22
1	193
0	193
0	23
14	0
0	1
0	1
0	0
2434	2688
4	2073
7	1618
16	121
0	698
63	218
0	170
1	69
550	188
3	40
2	13
22	66
12	74
4	64
0	0
0	4
424	490
0	89
0	14
0	385
0	12
10	18
0	4307
835	6265
34	2578
80	5485
19	5736
502	5442
5	5460
68	5151
20	10
8	3763
10	18
35	5507
54	75
7	605
0	598
0	0
3	132
2	12
0	67
9	61
0	0
0	0
0	0
0	0
0	16
48	27
2	18
0	8
0	0
2	0
0	1
0	0
211	1829
121	1678
1	1785
0	93
20	111
2	0
0	26
2	27
0	0
1	3
3	307
0	108
0	107
0	58
0	3
0	0
0	0
584	9
7	9
0	0
0	0
0	0
0	0
0	0
0	0
0	3726
0	3678
0	3586
3157	5330
3	5240
6	7
0	8
0	286
15	2887
0	171
0	335
72	154
2	108
0	324
0	0
195	1463
15	1455
10	266
0	0
295	2031
0	2278
19	1748
2	275
7	1
0	185
183	52
118	181
12	0
732	1
1	0
0	0
0	0
8	24
0	258
0	383
0	228
0	304
4	361
0	243
0	376
59	297
0	0
0	4
0	197
0	18
2	329
0	0
0	0
325	18
4	22
0	14
9	2201
0	2262
0	826
0	771
18	602
1	51
2	22
0	1
0	1048
0	2190
2	524
0	1
0	31
0	1
3	7
1	13
6	548
0	531
82	106
0	106
0	107
1	83
3079	6352
85	97
15	6331
49	0
0	0
0	0
0	20
0	2
0	20
0	9
233	11708
11	11928
0	11723
0	12031
0	10152
0	10521
0	10374
10	1298
0	1811
2	4
6	0
2	1336
72	525
0	370
4	6
0	62
89	370
4	374
61	39
0	182
14	17
17	22
7	6
1	34
0	21
13	404
10	487
29	73
2	447
0	9
90	87
6	69
0	3
0	16
3	2
0	1
0	1
107	0
512	2
1	0
81	1198
0	835
19	1076
3	1133
0	118
0	0
0	0
0	0
0	0
0	0
0	0
0	0
0	0
0	572
125	528
3	211
0	58
5	15
1	4
56	12
0	587
50	853
0	924
10	381
0	48
0	3
29	8
0	1
0	4
0	5
193	10
0	0
292	22
0	22
42	238
0	2521
0	2240
131	51
10	869
0	724
0	0
0	29
5	159
2	277
0	10
19	93
0	0
0	0
0	0
0	0
0	0
0	0
0	0
0	0
0	0
79	691
82	691
9	4859
185	4859
0	1116
6	785
9	962
0	995
59	1076
22	299
1	115
2	51
0	0
0	1116
1	1
0	1
1	5
2	5
0	6
0	6
0	1
0	2
0	1071
0	1249
0	1518
0	248
50	803
0	605
1	735
0	1040
0	186
3	213
24	414
4	117
0	13
6	90
6	90
2	5
3	91
0	0
0	3
0	0
0	34
1	136
2	126
7	145
15	26
3	32
0	5
0	112
0	103
0	72
0	80
35	731
0	524
9	885
20	49
0	3
4	4
10	305
0	94
0	1079
1	13
20	513
22	438
0	0
0	0
0	0
14	234
0	259
0	247
0	402
7	157
0	299
1	258
0	90
8	219
0	213
0	33
23	171
5	167
0	20
6	12
0	187
0	183
0	169
0	165
0	15
2	165
0	20
0	16
0	28
0	13
35	139
3	74
1	71
0	32
0	32
0	9
3	9
0	0
18	13
3	15
1	0
0	396
0	406
0	412
1	16
0	16
0	3
0	1
0	2
0	1
0	2
0	10
0	143
1	3
0	19
0	47
0	131
0	0
1335	869
214	870
18	1430
25	1939
0	1649
2	12
953	48
28	45
2	3
361	1077
84	1064
46	624
9	487
16	419
31	81
0	3
0	487
0	257
818	283
80	3606
41	91
1	3408
39	75
4	56
23	3168
1	13
5	305
396	4159
18	1454
1	63
5	39
10	318
0	1
0	3
0	1
0	1
0	0
0	2
0	1
0	4
0	3
0	12
6	14
6	13
2	12
4	12
3	13
3	13
2629	3
0	0
0	0
0	0
0	27
554	27
2070	1
25	0
14	23
274	2
38	0
646	43
0	1
3	42
8	877
64	2285
3	1986
0	30
0	30
2629	103
0	93
1	5
4	3
1578	2261
5	2267
6	2256
2	83
50	0
0	0
0	0
4	2261
198	9312
199	9371
11	4
55	13
20	1576
1	41
0	187
19	1
0	1
0	0
5555	5
251	2979
0	110
0	110
0	59
5	1106
4	122
4	2954
0	366
22	387
0	399
0	11
0	35
0	50
0	452
0	329
3	242
7	148
5	0
0	25
0	329
0	450
0	0
211	796
4	157
1	22
9	642
0	0
56	176
1	2
357	675
0	652
0	50
0	23
0	5
0	0
0	0
0	0
0	0
13	31
0	31
0	0
0	0
0	0
0	0
0	0
0	0
0	0
0	0
189	52
14	48
0	4
0	0
0	0
0	8
0	8
56	383
0	381
4	116
1	1
3	16
0	86
0	52
0	67
2	5
0	179
0	0
7	37
3	15
1	37
0	6
0	6
0	12
1	12
0	14
0	0
0	0
0	0
0	0
0	0
0	0
3	655
6	119
224	599
48	599
1	770
3	158
0	611
0	486
2	84
4	0
0	770
1	0
0	0
0	0
0	0
4	368
0	3
78	368
3	329
5	0
27	974
0	76
2	15
1	0
727	1338
5	896
62	369
12	572
31	328
0	0
0	0
0	0
0	0
0	0
0	0
0	0
0	0
0	0
94	413
3	11
0	410
0	413
24	392
1	362
0	397
8	380
58	361
0	305
5	3163
1	4667
481	4409
3	667
24	2431
6	2130
20	41
0	1
93	8
0	336
1	0
1561	1
134	183
2	114
0	88
0	23
6	45
4	95
2	7
2	8
595	536
0	0
0	489
46	458
0	478
0	0
0	0
30	418
2	418
52	28
0	18
0	16
0	18
0	14
0	18
0	18
7	1055
0	379
1	552
18	823
0	318
23	53
26	326
18	0
0	0
0	0
0	0
0	0
0	20
2808	157
0	135
6809	6
1248	123
0	77
7	123
0	0
0	0
0	0
0	0
2632	2915
107	2500
2	301
48	50
3	5
0	15
0	406
900	3
0	2
9	390
0	103
0	81
7	2
0	27
5	44
0	33
4	7
0	320
94	85
3	44
0	54
0	21
3	34
0	11
131	52
0	23
0	29
814	260
0	25
9	114
12	126
0	0
0	0
0	121
38	131
106	86
1	12
944	7
6	3
17	154
508	1058
1	330
32	896
0	403
6	434
1	5
5	42
0	0
0	0
0	0
33	197
46	77
2	195
6	386
1	366
1	336
5	404
821	341
0	0
0	0
0	0
853	935
52	1259
5	748
0	416
48	192
7	17
14	141
3	136
0	33
0	76
0	11
4	14
12	2
3	4
39	31
193	3361
2	18
0	0
0	18
0	11
26	3337
35	3617
0	165
1	374
4	729
6	388
0	3344
0	3345
50	0
0	0
0	0
96	1310
2	457
0	10
2	516
12	598
4	1077
10	24
1173	1427
0	1301
2	1352
0	15
0	93
0	67
2	28
1	8621
8	8621
0	8621
0	8621
0	8623
0	8621
0	8628
0	8621
6	2327
0	840
0	631
0	649
4	719
18	702
0	0
3	1
6	10
0	8717
0	8635
0	8639
1	8622
0	8653
0	0
0	0
0	0
35	0
5	0
0	0
2	0
101	871
7	40
90	603
9	1055
10	541
1	361
26	225
50	2
4	9
1	1
1	5
0	6
0	6
0	4
0	0
525	5266
0	38
1176	9608
35	8104
0	136
8	895
3	879
321	3436
75	875
20	44
2	285
0	918
36	160
109	418
0	0
60	8
10	518
173	349
0	77
0	289
0	4
16	0
1	98
1	59
366	698
6	418
12	690
3	616
0	0
4	729
11	110
73	722
2	170
2	78
0	78
5	78
0	0
0	0
0	0
107	162
1	877
0	206
0	0
0	0
0	0
43	0
726	0
0	2625
0	3870
19	2723
25	3871
0	15
32	1944
0	2072
0	876
77	107
0	89
10	5
0	11
0	38
0	44
0	0
0	0
5	0
92	476
1	435
10	66
0	21
0	435
0	0
0	0
0	0
903	13
13	2
8	10
0	1
809	342
1	10
2	60
0	260
0	12
0	4
1	57
0	47
0	9
879	385
1	381
0	0
2	4
0	0
0	0
33	108
3	21
0	102
0	48
558	226
2	19
4	204
0	1
0	1
0	1
157	129
1	101
0	73
1	32
4	10565
0	6319
0	10920
164	8001
11	8387
57	293
35	19
0	0
41	132
18	154
13	28
0	4770
0	54
2	85
34	1326
10	177
19	89
139	356
6	185
9	170
24	1003
784	207
2	1013
7	85
10	4
2	3
0	0
0	0
0	0
0	0
10	0
0	0
0	0
0	0
0	0
0	0
2712	7
5	2
151	334
11	296
1	77
4	7
0	7
6	12
22	811
2095	1198
0	222
1	881
211	1168
216	716
17	676
0	125
0	519
4	118
1	300
3	328
0	291
0	255
1	41
1	143
0	4
1	21
2	59
0	224
0	268
15	1302
2257	2561
2	21
0	0
14	1769
0	18
607	193
6	191
19	2525
5	2382
8	2328
7	1747
10	1617
0	19
1	360
2	1
3	237
1	86
0	105
49	162
0	0
0	0
0	0
0	0
4	0
0	3
0	3
0	3
0	3
0	0
7	3
0	45
0	487
0	467
0	21
7	502
2	412
20	30
0	0
0	54
779	936
0	152
0	184
0	506
4	451
4	3
0	188
0	1
0	57
14	304
11	272
0	399
0	33
0	0
0	0
0	0
0	0
0	0
1	50
1	43
0	15
18	369
7	557
0	112
6	135
0	249
1	67
0	116
0	80
7	4
1	0
0	483
2	404
12	303
31	133
0	864
2	4
9	480
1	0
33	66
5	4
4	64
0	25
0	0
6	1205
11	2674
0	2699
5	1950
1	1915
15	1903
0	498
6	430
11	8
3	0
13	32
5	0
0	19
0	14
2	19
0	18
0	18
2	0
0	0
0	11
0	0
11	83
0	83
0	0
55	59
0	0
17	55
0	56
8	35
14	35
0	0
0	24
0	13
691	2248
183	2135
0	1904
0	257
0	0
12	99
50	99
1	7
0	2
0	2
2	11
2	11
0	0
0	0
0	0
0	0
0	0
0	0
0	0
0	0
0	0
4	11
12	36
0	25
519	232
0	173
1	84
0	43
127	2057
9	1608
0	355
0	247
1	274
0	107
6	2
0	2040
2	0
0	194
2	18
0	4
0	48
22	207
474	1516
130	1517
1	423
1	0
0	129
16	64
0	0
6	4
5	657
2	999
13	879
4	817
0	6
2	1
0	57
1	778
0	1
0	0
3	58
0	156
8	150
14	9
6	763
24	763
0	6
1	30
3	30
663	835
0	583
0	831
6	113
0	0
0	4
59	287
15	279
3	4
3	0
1	431
0	28
0	12
1	53
0	397
52	905
17	4
1	4
2	848
23	6
4	80
18	319
2	319
58	2527
4	1039
0	38
2	34
68	2205
0	16
3	170
48	14
1575	5
4	3
61	26
11	133
3108	142
3	10
2	4
0	7
313	15099
820	15099
0	1031
9	1086
5	133
343	3389
0	2213
0	3225
0	2928
0	2954
0	3225
0	3225
46	1211
0	468
1	35
0	0
0	0
0	0
24	254
1	91
8	112
0	97
2	75
2385	15
0	13
26	153
4	155
1	6
36	21
5	18
20	2
0	5
0	1
0	1
0	5
0	0
0	0
21684	1186
79	1052
3	120
0	0
0	0
0	0
0	0
71	170
0	170
1441	566
1	321
0	257
0	269
3	45
60	1518
0	1214
27	1139
0	1307
1	1291
0	1054
0	43
48	299
1	78
101	3
0	1306
0	14
0	1
0	1
0	1
0	1
0	1
0	0
0	1
1	2
0	2
273	3147
0	836
0	0
36	54
4	114
0	126
13	2340
0	1
0	1
2045	1
0	0
0	0
0	1043
1326	1428
0	1119
0	438
0	0
0	0
0	0
0	0
0	0
3	0
4	2637
0	613
1	605
0	314
2	358
4	603
9	297
1	1
0	44
1	348
0	2571
46	2548
0	14
7	19
0	2
0	16
0	7
6	76
0	50
3	26
0	9
1	111
9	162
0	22
0	10
0	20
0	14
0	0
0	1
0	34
4	0
0	17
1	24
0	4
3	9
0	9
0	0
0	0
0	0
48	1845
0	1189
119	360
1	751
1	470
28	0
0	1
0	1
0	1
0	0
1	116
0	15
3	6
0	31
0	3
3	116
0	0
85	50
1	37
0	41
7	275
3	2463
1199	2584
204	365
31	330
0	49
15	0
53	286
0	24
0	282
0	22
0	0
12	926
1	934
18	870
13	844
6	1011
3	687
4	210
5	246
0	165
2	136
2	305
13	0
14	62
0	0
2	26
6	172
1	45
1	3
0	23
2	0
212	1307
0	518
97	1164
6	265
23	0
129	7570
25	1154
22	4678
17	6351
27	463
23	357
0	326
3	869
1	458
77	6818
1	805
27	664
0	204
24	1072
689	2346
212	1403
1	167
0	0
1239	935
105	35
3	840
63	677
0	0
0	5
4	6
1448	2666
57	2511
42	127
0	2380
41	591
0	1428
4	135
1	18
1	17
0	3
0	2216
2	3
3	2511
224	2217
5	1508
34	2367
518	0
0	45
14	820
10	831
2	799
5	73
4	34
2	19
0	0
0	0
0	1
0	1
0	0
3653	384
0	7
1	339
0	340
1	76
4	2
0	2
733	2432
13	338
12	25
13	659
864	1375
36	1178
16	193
268	2242
17	2225
9	34
4	243
1	159
5	10
0	8
3584	5
0	1
699	3351
13	806
3	2
13	2
4	1183
0	13
22	0
0	42
1054	1
873	88
0	88
411	0
0	0
0	0
956	697
2	603
1	103
0	0
0	0
0	0
0	0
169	6671
28	26
112	15
10	20
0	41
0	6669
3	417
9	1236
1	1231
16	412
30	88
35	32
160	5527
24	1434
4	623
0	1276
2	6
21	956
18	3924
122	6143
195	6064
0	0
147	3180
0	217
0	376
4	26
0	3179
176	45
0	0
0	0
110	0
0	0
0	0
91	169
1	176
0	176
441	970
4	137
1	639
42	12
0	71
1	302
3224	879
11	93
0	870
1	283
0	88
4	97
0	1
3	7
23	7
1209	1
0	0
0	0
491	275
0	273
1	183
152	33
1	24
7	10
0	2
0	0
0	0
0	0
0	0
4	32
574	704
4	667
6	373
0	0
29	242
0	224
1	38
4	65
6	42
1	70
0	76
1	16
651	784
10	168
0	35
7	5
0	701
37	576
5	19
2	56
1	0
0	43
0	114
0	7
0	644
0	260
171	723
4076	896
2	895
1	0
3853	190
13	33
179	154
0	0
1842	197
0	49
3	146
0	291
0	222
0	242
72	952
0	324
0	871
0	869
0	880
0	39
0	22
0	16
1	7
1	31
0	69
1	57
5	38
2	9
0	0
576	2805
0	2780
0	2868
26	2728
0	2653
0	2673
0	1780
0	1901
1	193
0	8
0	17
0	159
0	22
1	127
0	0
0	3
0	2656
0	2763
0	2765
5	4
10	6
2	6
4670	16291
1	48
0	8806
7	7739
4	4602
1	321
4	3615
48	2031
8	757
567	13701
44	1763
2	14137
15	11107
8	535
36	150
1	790
0	0
71	952
27	952
0	136
185	797
107	797
0	0
0	394
32	95
95	228
52	342
0	50
0	254
0	9
0	72
85	61
2	39
13	316
0	0
1	45
0	152
0	39
0	44
0	1
0	4
7063	1
0	0
0	0
0	0
0	0
0	0
0	0
0	0
0	0
28	0
960	6258
1	5330
1	249
35	932
4	238
3	0
39	5202
1751	11631
0	8352
2	2
0	2
0	2
56	139
0	139
5	91
1	10
0	9
0	6
0	5
0	6
0	6
0	2
0	0
0	11
127	95
1	43
11	52
0	0
0	0
0	0
0	0
68	439
0	439
0	163
0	0
0	0
0	34
0	0
3973	6
0	5
0	0
29	264
4	82
0	28
1	83
2	35
2	90
0	1
0	38
0	260
0	21
1	6
363	222
21	0
316	222
1	40
0	4
1	2
0	4
0	0
0	0
120	1131
4	1131
0	0
0	31
5	19
0	15
0	139
23	67
15	67
0	14
0	15
0	0
0	0
0	0
310	2256
0	2229
0	1637
136	723
0	0
0	0
157	3132
527	3262
0	128
0	2150
87	2146
0	2519
8	34
14	39
139	1928
16	99
732	1226
0	130
70	501
0	360
75	307
0	408
0	44
5	59
0	84
0	0
0	0
0	0
198	65
1	26
0	39
0	149
5	439
1	367
328	8556
0	10042
200	4043
156	9267
4	231
13	16
5	1707
26	834
4	1562
0	931
1	450
17	82
773	963
13	764
1	129
1	564
4	558
2	54
0	29
24	332
0	0
25	420
0	402
5	39
0	1
0	1
0	1
0	0
0	0
1297	585
1	9
0	0
34	7
0	575
2	2407
3	2729
0	1355
9	1272
2	0
7	1234
0	0
0	0
0	0
215	215
0	215
0	215
99	1
0	0
0	0
0	0
0	0
22	36
450	89
5	53
0	0
0	0
0	0
0	0
0	0
1	0
14	374
59	651
0	415
80	371
0	334
4	36
1	27
1	0
2	0
1	0
339	580
0	580
2	209
0	874
2	171
0	787
0	905
0	666
2	611
0	456
0	514
0	116
3	70
2	76
1	10
0	249
0	3
0	56
0	0
0	666
0	781
0	605
2688	2814
0	1458
149	1714
12	5
33	35
2	1569
1	473
0	0
3	1
0	0
0	0
0	1
0	0
0	0
0	0
0	0
0	0
1	0
141	34
0	0
0	21
0	13
2	0
0	0
165	1412
0	1143
2	1345
1	313
0	85
0	207
0	287
13	277
6	74
0	4
54	128
0	128
2	1
1	0
41	12450
5	11010
12	11160
63	359
5	910
43	532
201	8556
26	782
31	6538
26	5539
56	340
0	8473
0	116
0	26
0	44
0	0
1	0
1	9
5	117
0	121
0	14
0	0
0	0
0	47
0	46
9	519
20	94
0	53
92	519
361	264
0	264
0	0
0	286
191	289
0	14
0	3
1	1
0	0
0	1
6	11
0	144
0	159
0	198
23	211
0	88
170	607
79	608
0	80
89	953
404	1295
3	226
21	517
3	16
6	154
0	37
5	35
479	0
34	308
3875	1721
26	1666
0	0
1	1132
68	1685
434	0
1490	4795
0	4795
0	1789
1	333
0	1024
0	715
1	392
33	1165
6	987
3	336
43	94
2	30
38	865
5	262
1	233
0	823
20	352
4	29
5	16
10	445
7	0
13	5
3	193
4	2
35	1107
5	882
2	48
0	3
0	44
5	1118
34	517
6	128
0	252
5	408
187	1744
3	335
3	322
0	848
4	65
22	1736
938	285
0	32
0	2
0	271
0	214
0	204
227	101
12	7
0	0
0	93
264	4803
0	66
26	528
0	0
0	522
0	352
3	27
102	4896
1	1831
1883	48
11	45
11	1
0	0
0	0
1	0
0	0
0	0
14	312
19	200
0	312
1	84
45	69
0	69
1	53
0	2
0	15
0	84
0	81
0	0
0	59
0	10
0	0
0	0
0	0
0	0
0	0
0	0
0	0
0	4
0	4
612	1
0	2588
216	2896
227	2914
4	874
0	1038
0	119
7	438
0	50
0	22
7	2862
0	2
18	0
16	67
0	16
0	10
0	0
0	60
0	30
9	37
4	8
0	9
0	12
0	0
0	12
5	28
2	17
0	1228
1	482
0	28
1	3
0	863
574	1383
11	1253
1	6506
0	1690
99	550
3	473
6	185
0	119
0	106
0	0
4	0
79	758
6	403
3	51
2	36
8	43
0	758
0	118
0	128
0	18
4	0
1	13
2	0
1	19
0	0
0	0
0	0
0	0
0	625
33	425
720	633
5202	1646
0	593
0	0
0	1
1	0
43	219
55	420
3	1002
0	895
5987	1136
2	0
0	343
0	2579
1022	3133
0	2417
0	2598
0	0
0	2
0	0
182	60
142	2853
0	2752
5	250
6	1915
0	3
0	1476
69	8
0	2
0	2
0	108
0	108
0	1
2546	3
0	131
3	62
1	14
0	165
44	51
477	166
0	0
0	34
6	186
7	53
0	12
28	12
0	531
14	432
0	491
1	416
19	630
5	133
20	102
8	202
45	229
0	831
0	688
22	704
37	720
7	163
0	277
2	409
0	0
0	0
0	2028
0	1807
67	1480
43	1575
98	1570
27	252
0	231
3	0
8	186
148	1266
138	1363
1	1210
0	0
2	6
1152	2166
8	2165
0	2089
8	613
11	1
0	0
271	0
37	628
34	21
0	617
791	0
13	115
0	115
1	51
0	1
4	3
9	7
254	520
3	2
0	0
0	0
1	2
0	3
0	3
0	0
0	2
0	5
0	2
5	5
0	1
0	514
0	517
17	16
0	12
0	18
5	1
0	48
13	4
2582	4505
190	4276
32	1021
1	3267
133	3422
2	2145
0	2815
0	4195
10	2052
0	1026
0	1028
2	1259
0	633
1	707
0	1121
0	0
11	55
107	22
19	32
0	86
12	101
45	565
119	536
647	161
24	950
1	1
2	8
38	1305
4	1213
115	856
0	742
0	926
20	111
1	1712
0	1071
0	0
0	0
0	0
0	0
0	0
42	108
1048	250
0	171
0	557
442	318
0	7
0	7
0	0
0	2
0	7
0	4
0	8
0	191
0	186
8	180
0	45
0	8
0	176
0	190
0	0
0	0
0	2
0	1
2	8
0	106
1	0
0	9
934	607
3	600
0	607
2896	2772
0	1296
3	2197
0	2521
0	2637
22	2606
3	246
6	9
186	966
96	959
0	10
5	0
120	4
0	2
0	12
0	40
9	83
10	194
25	5997
12	6659
2	303
0	5
8	35
4	1233
91	3194
78	6787
71	6678
0	6894
5	834
8	408
10	0
1	190
25	175
5	432
0	299
0	197
8	569
42	572
0	243
0	225
31	195
0	9
0	212
1	12
2	27
15	20
0	20
0	15
0	1
6	186
0	0
0	0
179	0
12	559
15	582
1	72
0	7
30	30
1	386
0	93
0	43
0	1
0	0
4	0
0	34
8	21
1	11
4	22
0	24
0	24
45	5885
8	221
0	765
0	5436
1	241
11	746
0	136
0	5877
4	5496
113	1000
0	948
0	293
0	210
0	90
7	72
12	26
4	43
4	875
5	25
60	5985
387	6992
179	7954
3	2751
91	5932
0	4827
47	2356
0	2722
0	381
4	617
0	154
0	192
1	203
0	25
7	297
19	3050
27	2846
3	2803
23	2791
309	2588
0	156
0	687
0	453
4	206
0	235
38	74
6	1
2	2912
31	3290
843	0
428	1
1	0
0	0
0	0
61	1822
2	1561
15	1214
233	1273
0	146
0	0
3	5
324	1
0	0
24	10
0	10
10	560
0	529
36	229
0	268
0	536
0	798
0	726
8	0
154	0
0	0
0	0
0	0
46	358
0	314
0	358
3	297
0	0
0	0
33	1
1	650
2	250
93	650
0	82
3	81
0	2
148	5709
572	6573
20	780
10	3150
6	5635
36	1849
1	2032
0	5616
2173	2417
53	1673
0	1202
0	2
0	1
0	1
0	0
0	1077
0	1161
1	60
1	199
4	56
0	7
0	0
3	21
0	786
0	15
0	6
71	1076
1	539
0	0
0	0
561	93
2	44
1	24
2	30
0	78
9	72
282	162
0	127
0	35
11	0
0	133
0	112
0	115
27	116
0	105
1	25
0	30
128	165
3	157
0	160
31	557
0	14
0	14
0	14
0	4
0	1
0	0
0	206
0	206
460	16
1	0
0	16
7	1
27	0
14428	106
99	96
21	0
0	0
8	0
0	0
0	0
0	0
190	0
341	429
2	185
5	17
1	80
4	34
0	14
154	1208
15	1208
0	104
116	1
53	523
2	407
3	224
0	107
12	14
4	64
6	4
119	1833
8	1884
1	257
13	379
2	191
19	100
7	9
15	376
2	22
2	61
0	161
15	110
1	16
0	10
0	9
11	6
0	6
0	7
8	0
0	2
9	21
7	16
5	40
2	16
1	8
1	11
7	0
0	16
74	2339
2	226
0	206
3	4
0	22
0	2380
0	217
4	230
1	499
18	266
70	538
229	459
0	454
1	61
14	24
0	0
9	208
11	150
19	91
0	0
0	0
6	438
0	102
2	443
10	1519
182	1519
0	0
0	0
0	0
959	148
1	6
0	16
0	125
41	6
0	6
3	2
27	2
0	0
0	0
2	0
471	1030
123	1024
11	6
12	6
638	0
0	0
4	243
0	2
0	2
0	2
0	0
0	0
0	2
2	116
0	133
0	124
0	108
1	5
2135	604
20	78
2	11
15	137
10	80
3	131
50	339
0	84
2	87
4	19
0	8
4	4
4	27
0	6
163	217
21	217
3264	886
1	886
1	262
0	0
0	0
0	0
0	0
0	0
0	0
254	0
304	435
0	401
0	34
3	1
0	5
0	1679
1	23
115	0
0	0
0	464
0	530
59	530
4	1063
4	146
1	1040
2	724
0	120
2	552
1	1
0	0
0	0
1	831
0	16
0	2
0	181
1	125
10	88
30	650
0	2
0	2
6	6
2	6
0	0
0	1
0	1
2247	2113
0	2131
4	1579
2	1030
0	50
0	0
19	1
0	0
0	0
58	0
24	2
5	0
5	0
2	0
3	8
4	79
152	79
0	0
99	0
2	16
1269	1036
1	1060
27	1034
881	105
1	105
0	12
15	8
1	9
138	2674
0	19
219	2699
0	6
0	33
2011	2140
44	857
0	190
4	68
1	84
0	0
0	32
1	32
0	32
0	31
0	31
0	31
0	0
5	33
0	29
1	92
0	17
0	57
1	17
0	32
0	15
0	11
1	168
0	0
19	16
4	138
0	18
3	129
3	29
0	79
5	1
1	0
13	51
0	0
176	112
0	27
0	110
0	11
4	11
0	8
3	10
0	11
0	0
0	0
1	0
164	1
128	1182
0	1182
3	5
1	1182
1	43
334	171
66	131
0	24
1	63
75	312
13	510
0	58
0	0
20	148
1	109
0	11
72	302
5716	1030
11	1028
3	12922
245	15062
7	13155
0	13108
0	11986
0	8205
0	4954
1	3793
0	2883
0	714
0	52
1	8
0	396
8	1496
4	6
0	2
0	3
18	4
9	0
0	1
0	1
0	0
2	264
167	300
0	36
0	69
0	49
0	1
0	3
0	27
0	24
0	1
0	4
3	3
0	0
0	4
2279	477
0	465
0	99
843	708
0	707
14	28
2	1
3	370
111	204
0	4
55	170
22	120
209	332
34	314
0	70
18	200
7	30
2	13
1	0
0	0
0	4
7	4
0	1
2044	1
0	1035
0	1013
47	182
71	2
10	1019
5234	2
47	47
77	46
0	27
0	1
0	1
0	0
659	453
7	221
3	49
0	337
17	337
12	19
215	17
0	12
2	5
0	12
30	0
35	62
0	7
0	62
232	161
4	145
0	7
166	17
5	4
230	20365
9	14570
6	14699
6	17035
1867	11232
0	2871
0	1103
0	864
40	359
1	5291
0	3
0	1570
0	263
7	0
0	1498
0	0
0	17
105	3294
79	3211
0	10
65	225
21	396
2	324
736	751
0	751
0	729
13	787
0	36
0	12
3	18
0	766
28	1448
4	1448
0	29
4	0
36	18
8	1119
1	223
258	3939
0	3798
12	4038
5	0
5	335
34	263
54	427
6	168
0	8
1	0
19	0
5	5350
13	521
0	310
0	12
7	64
5	132
65	8
0	5316
6	0
0	0
0	0
42	66
11	95
44	263
18	74
337	1274
8	1099
4	134
192	409
35	9
7	90
0	0
0	0
0	0
0	0
0	0
0	0
0	0
0	0
0	101
0	358
44	276
20	51
9	62
0	358
1041	161
4	151
8	131
14	106
0	0
6	0
0	0
44	1136
18	1220
449	1212
4	2
10	8
10343	5954
0	2421
4	2198
0	0
0	0
12	14
0	14
306	0
0	1
8	1
38	1752
0	1587
3	1461
3	303
811	922
1	734
31	825
0	38
0	59
0	83
22	128
0	0
250	2842
1	0
0	385
0	965
0	371
1	681
1	651
4	631
0	652
0	310
1	0
0	586
27	485
2	2001
1	4
0	4
624	16
25	2
8	3
837	6108
863	4616
68	6126
9	265
0	0
0	0
36	41
19	141
0	504
12	484
47	590
37	70
13	402
4	64
37	84
20	20
2	20
404	3292
11	3306
0	843
34	445
0	20
2	83
16	83
13	10
15	1261
0	1100
14	1075
0	114
0	93
36	116
0	129
4	131
7	163
9	0
17	268
0	0
0	0
0	708
48	37
0	4
5	34
2	33
0	0
0	0
4	151
0	6
0	7
0	15
0	0
1	1
0	0
0	184
3	232
0	683
0	13
0	74
0	41
0	69
0	99
0	0
0	0
0	0
0	231
41	686
12	501
11	471
5	119
234	232
0	67
628	207
0	140
4	0
56	1371
0	1375
16	1279
4	65
1	23
0	4
0	1371
0	0
0	9
2	56
0	0
1	0
90	277
27	266
3	32
11	5
3	15
3	57
13	18
0	28
2	28
0	582
36	354
0	338
0	1
0	71
0	27
45	146
1708	973
0	715
389	136
1	27
0	109
0	34
0	19
57	33
7	10
0	23
1	953
243	949
4	481
28	363
30	365
200	102
0	46
0	40
3	0
1	1
0	17
0	2
0	8
11	0
0	6
1	0
1322	647
1	640
42	13
0	29
0	2
0	1
0	28
0	0
5408	1544
56	1280
11	253
120	793
4949	951
23	916
38	959
0	0
11	0
0	0
0	126
0	108
0	103
0	2
0	1
0	2
0	1
24	28
4	105
41	100
7	27
16	1
1392	10841
0	1699
181	9177
1	10417
136	5826
0	612
11	363
0	376
8	313
5	211
205	0
128	33
0	2
0	27
1	31
0	0
0	0
0	0
9	0
0	0
0	0
0	0
0	0
0	0
0	0
1276	33
12	6
0	6
0	21
11	2985
154	2781
0	4
1	1881
0	332
72	734
2	164
0	1
505	676
19	2
3	42
0	33
0	0
0	2871
0	0
0	0
3003	175
0	174
0	0
1442	591
0	39
0	554
0	63
0	0
0	0
0	0
0	0
0	0
0	0
66	1
0	1
0	0
407	9
1	9
2	7
0	7
0	4
0	0
39	81
27	41
1	117
0	638
9	2235
37	32
0	6
3	47
22	2120
102	163
119	163
7	7
11	0
3	1
0	1
143	960
3564	1137
8	1089
0	191
0	603
0	245
7	221
0	956
0	0
0	0
0	0
1962	43
0	42
0	0
91	11
0	11
826	4032
58	1425
13	2293
0	1784
5	1
10	1
16	130
5	96
0	75
510	271
0	271
0	0
0	0
66	525
0	504
0	2
3	11
0	58
0	4
0	1
0	1
0	1
0	1
0	0
2	2701
5	644
31	2587
17	2507
0	486
11	407
0	0
10	0
1	152
2	7
1	133
0	2024
23	1
0	1
832	1879
2	1745
5	134
2	2
0	76
0	0
1	78
7	32
12	19
1	2285
0	2314
0	2208
0	1885
2	414
0	1120
0	1656
4	62
12	1069
6	573
0	138
0	2068
1	2225
100	105
4	79
23	2
3	5
0	6
38	1749
0	1149
23	1661
3	1149
18	66
0	0
8	0
10	66
1358	2753
82	2709
35	446
0	0
5	4
88	175
3	36
5	5431
0	5268
0	1343
0	567
24	169
1	5445
0	0
2	8
2	14
0	7
0	2
0	1
0	0
0	0
0	2
0	2
0	0
103	761
2	375
2	166
17	63
11	334
14	102
0	2
0	1
0	2
0	3
0	1
0	2
0	1
0	0
1	0
1162	66
0	65
1	0
243	9176
6	9176
2	5903
1	469
0	496
17	429
0	1
2	20
44	20
5	34
336	34
6	27
6	0
1	0
0	0
79	419
114	583
93	120
46	310
1323	9190
48	26
0	56
3	5424
251	9063
0	48
25	14
0	0
0	0
0	0
23	49
14	0
8	0
0	49
0	0
42	8
0	8
66	376
12	213
0	201
18	347
0	163
0	22
3	6
0	0
1	0
3	278
1	316
19	349
0	329
0	26
0	0
0	0
0	0
0	0
19	0
0	0
0	9
0	9
0	0
0	9
0	8
0	6
0	405
1	491
0	519
0	567
4	477
0	373
2	324
12	156
1	0
1540	450
28	398
1	240
0	0
0	0
0	0
0	5
1	9
0	4
0	2
0	1
0	2
551	1498
0	1286
1	761
0	1118
3	858
7	129
0	1118
1	0
46	0
0	52
3	22
22	66
0	0
0	0
2	0
8	0
0	0
0	0
1	2
20	3
0	0
0	1
0	0
0	0
3	286
0	285
0	292
0	288
0	284
0	294
0	283
7	14
1	10
0	0
2	16
0	0
0	14
1009	538
79	438
6	524
0	47
1	37
100	45
0	693
2	694
287	696
858	695
12	0
0	5
0	4
0	6
0	6
1	4
0	5
0	5
0	3
0	0
4	0
0	0
0	0
0	0
0	119
140	119
0	1
0	16
0	4
0	16
0	17
0	15
0	0
4	0
0	0
0	0
0	0
0	0
0	0
0	0
0	0
18	309
0	17
1	48
0	305
79	461
0	461
2	0
2	0
55	6804
8	2391
2	31
1	54
43	4420
1033	0
10	496
99	494
10	99
0	67
0	141
4	87
0	28
0	38
1	2
0	1801
3	1793
48	1998
0	1569
0	56
34	1602
0	1732
0	3
2	1621
0	1131
0	14
14	44
0	290
0	1797
700	2
0	1
1	1
0	0
0	0
1956	188
0	0
4	188
403	5060
56	5110
8	4321
37	4231
45	8
3	30
6	274
2	363
3	0
5	1489
1782	2386
94	1845
32	2105
6	223
1	91
0	0
0	0
0	0
0	0
0	0
0	0
7	591
3	28
0	591
231	1
0	0
3074	12
0	3
1	7
14	1
764	82
1	82
551	56
0	53
0	5
0	6
0	87
1	87
2	84
0	48
0	586
0	355
2	269
4	3
5	15
4	0
38	586
15	2722
1	2508
11	2749
2	339
0	135
0	1134
18	2411
8	168
39	0
5	433
131	1005
2	416
2	0
8	301
7	301
1	300
11	0
0	0
0	15
0	7
4	345
21	3739
3	0
6	3670
0	104
1	95
0	59
1	97
0	7
0	99
453	2246
13	7
36	235
14	1175
59	48
0	934
0	2026
0	0
0	0
0	0
0	0
0	0
0	0
0	0
0	0
0	0
0	0
461	83
0	83
0	0
8	0
32	307
24	311
0	63
9	102
44	64
10	26
13	63
42	144
0	133
5	68
1	57
0	49
0	51
0	11
0	8
0	3
3	152
2	60
0	57
11	59
0	1
0	0
0	0
0	4
0	0
0	2
0	6
0	2
0	0
0	0
0	2
0	0
0	2
0	0
6	30
0	30
0	0
1	0
0	6
0	5
0	6
0	6
0	692
8	721
0	596
0	46
9	507
1	0
1226	0
5	0
537	3739
64	417
59	183
512	2903
0	389
3	841
0	72
2	133
1464	2582
2	2453
12	134
0	806
24	3
20	149
1243	810
1	154
18	423
8	259
4	0
1357	1153
6	1153
81	1343
5	1212
3	149
0	0
0	0
0	5
0	0
0	0
0	0
0	0
9	2
0	2
0	2
1700	452
34	190
0	261
2	16
80	3
0	2
26	0
0	26
2	25
0	10
0	9
293	210
1	21
19	176
4	83
0	2
0	2
0	2
187	3
3	3
0	771
4	771
17	117
0	20
9	318
16	509
0	156
0	28
3	0
120	26
0	23
2	550
2095	1032
0	6
0	457
3	1
10	7
611	802
0	0
3	0
17	821
2	7
0	0
36	807
4	8
0	224
1	100
0	334
24	641
33	641
6	18
15	24
263	1752
161	1464
2	339
6	208
0	330
24	330
0	156
1	71
0	9
10	48
1297	810
8	85
10	406
2	180
4	169
0	0
128	1985
1	1
5	1953
0	204
6	12
58	1391
169	2719
4	1378
0	3
0	14
0	5
0	5
0	13
0	5
0	3
0	0
0	0
0	11
0	3
0	3
0	5
4	3
405	5864
6	306
22	1810
19	793
6	4725
2	1492
2	326
7	4
261	108
2	107
0	0
0	0
0	0
0	0
0	0
0	0
0	0
0	0
531	586
4	384
3	37
0	1
9	42
0	0
1	10
2	2899
8	893
0	101
0	67
0	241
1	2928
8	2973
64	85
3	86
3121	270
0	210
8	64
370	5
8	5
0	573
0	557
3	17
0	22
0	17
7	579
24	0
15	22
0	20
19	88
23	157
3	309
6	297
7	165
11	106
20	154
1	12
2	26
0	165
9	40
31	48
0	0
0	0
0	0
0	0
29	694
21	2146
0	16
36	40
1	65
0	3
0	38
4	56
9	739
1017	64
28	7
32	56
0	1051
33	1071
0	738
929	2
0	0
0	0
2	9
22	1228
5	5
8	154
0	1
3	7
1	0
0	1196
0	0
1	1218
26	90
4	127
0	250
23	134
0	1240
0	0
0	0
0	0
74	253
14	189
3	2
8	0
83	216
11	25
0	29
1	29
0	2
0	2
0	0
1468	1191
22	648
0	348
3	259
0	12
2	124
11	279
33	0
0	279
13	230
5	434
19	19
0	153
2	46
0	4
0	0
2	3
4	80
0	20
0	17
0	52
0	20
0	7
0	440
1629	132
20	130
1	609
4	862
0	1331
6	106
0	800
0	828
2	67
3	5
0	51
5	125
0	0
0	0
0	0
0	0
97	1018
0	1783
0	1996
7	2091
5	72
9	189
3	403
0	152
0	104
0	30
43	259
6	229
0	14
7	8
1	1
0	39
0	25
0	21
11	6
0	6
191	36
1	12
12	5
5	27
6	242
0	195
0	296
0	197
0	218
1	65
0	45
0	39
0	231
3	34
5	120
4	82
10	53
4	64
2	1
507	92
0	15
0	46
2	28
5	49
5	128
1	24
2	2
29	79
4	0
146	2384
22	2384
1576	448
0	447
0	0
0	0
383	210
8	210
595	313
9	261
130	319
5	11
31	141
5	141
5	138
2	3540
0	310
0	91
1	32
0	3558
223	332
0	332
0	6
0	27
2	54
18	6
0	6
0	5
0	2
549	1858
30	1732
0	307
81	570
2	0
0	11555
2129	13891
40	13903
42	476
2	9
0	9
0	2
0	0
4	0
488	0
4	72
1	95
4	99
0	97
0	48
3	94
0	16
0	2
0	88
0	72
1370	1298
22	315
40	6
8	979
0	17
0	0
0	621
1	627
0	625
40	627
4	418
2	17
0	1
0	1
0	0
0	35
644	975
0	1002
29	440
0	37
39	101
3	98
3	52
0	75
1	1
1	21
2	0
6	63
1	98
1451	70
354	2
22	626
1	121
0	305
0	25
7	560
0	478
9	561
0	18
4	150
1	68
0	108
1	7
0	1122
5107	6337
6	2667
18	2163
0	3313
2	81
0	15
5	20
0	72
16	409
0	409
23	467
788	943
1	702
0	576
1	504
1	98
16	126
7	107
1	857
2	857
4	1
0	309
92	235
16	92
4	3
92	0
7	1
0	1
0	0
0	0
0	0
0	6
0	0
0	0
0	0
0	0
3	0
891	638
11	265
2	92
10	25
7	10
29	0
32	3146
3	3099
36	2780
27	61
10	1
0	3146
0	644
355	2485
2	641
4	2192
112	2191
7	0
41	344
0	344
0	0
0	0
525	534
36	534
0	1131
0	528
0	41
44	1131
0	133
0	151
2	151
0	0
1	15
1	0
1	5
0	0
5	813
26	802
0	265
3282	2
26	4
0	4
288	231
3	0
2	233
12	171
0	2
47	348
3	322
6	96
2	51
1515	366
6	133
0	232
46	614
103	82
80	283
0	25
0	602
617	12
1	9
150	768
28	732
0	53
6	525
1	1
25	0
17	1004
26	0
0	0
55020	19
15	4124
651	4511
3	4010
1	1318
0	891
0	4
0	4
1	4
1	1
0	0
0	0
0	1
0	0
0	0
0	0
22	38
0	218
859	222
0	4
1	117
5	31
2	123
0	41
0	12
3	90
0	5
0	3
0	13
0	9
0	3
0	1
0	130
0	48
653	0
1	0
0	510
6	953
1	937
52	134
0	213
0	205
474	1154
29	1506
11	543
6	334
1	184
21	466
0	4
4	0
2	0
0	172
1150	2
198	129
0	128
0	129
116	11
0	0
0	0
0	0
0	0
0	0
0	0
0	0
0	0
0	0
0	0
66	749
4	749
2	44
0	18
0	18
0	1
0	3
0	1
0	1
6	156
0	63
0	131
0	6
0	0
8	113
0	1
0	219
0	1
0	1
0	0
0	0
0	7
0	9
1	1
0	0
0	53
0	53
0	215
0	5
0	0
1344	1848
3419	1601
0	768
1	165
698	0
0	7
0	5
0	4
0	0
0	2
0	7
0	198
0	281
17	338
27	200
0	0
0	0
0	315
0	309
0	14
5	14
22	1036
0	834
3	315
6	286
0	7
7	381
0	132
9	294
1	312
101	356
0	333
4	18
83	0
12	0
0	0
0	0
0	0
0	0
0	0
13	0
86	97
1	90
1	72
0	67
1	0
286	121
0	2
1	27
0	118
6	0
0	0
0	0
0	65
0	118
19	15
4	3
3	29
0	18
138	1
0	1
0	0
723	0
126	27
0	27
0	0
61	1739
0	2990
88	11
0	7
0	2
2	4
57	1367
14	720
365	926
1	196
46	0
0	867
0	854
0	864
0	862
0	378
0	383
0	817
23	817
0	146
0	4
0	0
0	1
111	229
6	219
2	99
0	10
0	0
0	0
0	0
12	46
0	78
1877	375
4	328
0	2
0	2
1	2
1	289
1	313
8	223
0	323
0	39
1	287
0	221
6	207
0	0
0	0
0	17
3	18
4	0
4485	1744
3	872
16	871
0	550
0	779
11	140
0	110
1	31
5	548
0	454
1	0
6	12
1714	202
0	116
0	16
32	2
2	61
4	8
10	1
0	1
1	0
0	0
647	2352
8	1096
806	2352
3	70
4	1563
19	916
0	60
0	47
0	6
1	29
0	60
4	47
0	7
1	8
1	5
0	17
0	22
2	7
0	2
0	2
0	239
2416	241
5	171
0	105
1	47
19	269
0	226
1	128
0	70
3	71
1	59
3	3
16	14
0	232
0	6
0	0
0	6
12	3898
188	4058
0	3209
18	55
23	522
87	1057
3	174
12	197
1	16
0	3205
503	906
8	0
17	152
1	23
0	660
9	591
10	456
64	676
2	600
0	227
0	161
69	678
0	0
4	188
11	22
5	20
8	87
1	1
0	8
0	3
0	0
0	6
3247	14346
5	9055
8	13753
10	2988
10	9
159	126
0	74
43	76
0	54
700	2080
7	1113
0	2080
0	1
0	1
0	0
0	0
0	0
6	3233
0	1719
20	3211
1483	8240
3	1129
0	7824
14	1021
0	2793
8	2991
1	1615
1	23
0	250
26	0
0	0
0	0
0	0
0	0
0	0
0	0
0	0
0	0
8	0
0	640
1	629
0	623
0	666
0	93
7	302
0	20
27	133
7	2
0	40
2154	0
0	0
1180	532
7	56
14	4
0	475
1	0
0	0
0	369
15	367
12	282
1	361
0	366
0	335
0	472
3	474
10	13
7	5
3	2
5	2
12	43
30	13
0	0
0	0
65	1
165	87
0	0
0	0
0	295
0	280
77	104
0	118
13	0
0	21
0	279
1	74
1	133
6	45
1	76
11	3
113	208
13	46
1	95
0	0
0	0
0	2535
0	2444
0	1340
1	23
0	2725
1	509
0	2652
0	2712
15	2840
33	225
16	2401
0	1160
0	1460
0	3
1	303
1	85
10	5
0	875
445	3815
11	636
5	1094
0	269
4305	8791
449	8424
24	876
17	1654
423	1439
0	62
0	46
0	62
2	36
0	34
0	0
0	2
0	3
0	0
2952	799
0	225
0	690
0	1
1660	1615
8	1556
149	1563
5	1222
0	1128
0	1121
2	563
0	201
67	179
0	8
1	132
0	90
0	0
0	138
3	21
0	1
0	1
0	0
0	0
36	44
0	2201
16	2253
39	1269
0	1662
8	1873
41	1594
0	1921
0	346
10	2223
0	0
556	830
47	830
1	227
0	0
0	0
0	0
21	0
0	0
375	140
0	105
0	2
0	38
0	24
0	2
0	0
8	234
0	32
0	234
516	422
0	205
2	284
0	186
1	130
67	3793
3	3664
53	1917
1	1
0	22
0	91
0	219
1587	3747
2337	2004
0	76
1	1127
4	373
24	21
1	5
0	0
5	890
4	128
0	1201
0	1342
10	349
0	371
0	326
0	0
0	0
38	873
0	1586
0	1512
0	528
0	1580
15	1477
16	25
147	185
0	1582
0	1395
198	73
1	66
3	7
0	3
4	3
0	3
0	0
12	0
59	198
4	163
2	61
2504	297
10	21
31	123
68	294
0	1
8	4
0	3
0	0
2	132
0	1
0	1
0	0
0	0
0	0
0	0
0	0
44	0
0	172
27	107
0	87
0	172
24	5
4	1
0	1
0	5
0	1
0	1
0	3
142	196
0	80
19	116
640	254
1	7
2	244
48	3
1	12
1	10
0	2
0	0
0	0
52	738
42	737
0	11
0	4
0	79
0	2
160	580
0	3217
1	1334
16	1322
3	51
4	308
6	1950
5	2915
2	3060
8	0
4	1284
0	602
0	2452
0	2446
0	2547
0	2542
0	2441
0	2553
0	2559
0	2424
0	2429
0	100
0	2406
0	2472
0	2384
0	2718
0	2616
0	213
1	2
2	1926
0	3
5	2
13	0
0	2894
0	2767
69	2363
5	1982
0	145
1	505
66	1023
9	349
277	51
15	94
9	488
9	596
0	218
0	247
0	215
0	284
0	123
1	118
106	434
9	382
8	7
0	5
12	3
1	119
2	387
2	0
0	0
0	0
0	0
0	0
488	366
0	174
0	0
0	125
0	79
40	12
118	3200
3	610
2	3570
6	3420
4	1075
0	1054
6	1007
1	170
1	0
0	0
0	3
6	10
2	141
0	140
1	37
20	4298
16	1828
0	3508
0	647
224	3879
1	2526
29	2881
5	244
4	34
7	469
403	0
1	438
0	4298
27	703
0	573
1	202
39	742
3	72
14	0
82	0
6	461
12	0
76	23
0	23
0	19
3	19
0	0
0	0
0	13
1	11
0	5
1	1
0	0
0	0
0	0
292	104
11	7
4	97
0	0
0	25
1	225
405	225
1	73
0	23
0	70
2	75
0	70
0	70
75	15748
4854	16048
3	12144
2	5277
7	5151
0	3404
0	1329
21	1984
28	2283
2	512
11	1104
0	0
0	176
0	0
0	0
0	0
0	0
0	0
403	1227
17	1180
0	563
0	523
10	2
5	547
0	16
7	87
1	32
0	6
0	1
0	3
0	0
0	0
0	0
67	30
0	19
1	13
2	4
0	0
0	5
0	680
1	0
7	47
0	42
0	15
11	74
3	75
8	29
7	2
14	26
0	680
8	0
255	1746
23	937
1	419
0	1404
0	1436
0	2
0	2
41	681
34	682
23	880
0	198
0	0
1	0
0	14
21	54
0	8
0	6
0	6
0	6
3	0
0	13
0	37
0	18
0	41
1	0
117	11
6	2466
3453	2466
13	0
0	1048
5	3347
1	2374
0	61
0	2463
0	2354
4	69
3	267
2	197
373	152
0	0
1	151
0	0
0	0
64	895
0	0
0	0
3	1
0	1
0	0
0	11
0	11
0	10
0	11
0	0
0	12
0	0
0	13
7	13
0	0
0	310
1	69
26	29
0	3
0	13
0	310
36	0
36	4356
29	4403
62	4292
0	264
81	158
15	146
36	87
0	4348
0	21
8287	1218
67	905
2	0
36	0
2	2
0	2
0	0
0	4
0	4
0	0
0	0
0	0
0	0
0	4
0	2
2	5
0	2
0	3
0	1
0	0
0	0
1	0
0	0
0	0
3	0
0	0
16	496
0	486
1	363
0	53
0	32
0	40
0	43
9	4
0	1
33	1
0	1
58	476
0	1221
83	1188
6	4
72	2
1	0
0	671
15	54
6	24
2	14
0	17
21	958
47	958
13	915
4	35
0	66
10	730
6	21
0	44
1	0
21	168
313	2606
37	2304
11	16
0	932
0	69
0	1052
10	383
0	929
0	30
0	44
6	933
7	46
2	46
0	46
1	5
0	0
0	0
0	0
0	0
400	1087
1	1081
0	1087
28	1181
6	301
48	910
0	1
6	934
2	1751
1728	1752
7	4
0	216
0	38
6383	23
35	526
586	388
4	336
20	539
1	363
1	162
8	187
18	774
5	245
10	513
7	219
1	247
23	29
18	336
1	276
1	23
0	409
16	0
1	85
0	29
0	36
350	61
0	0
25155	17
10	0
0	342
1382	3436
219	3257
1	1
2	291
13	292
1229	1
743	365
5	145
0	195
1	195
19	39
11	111
11	28
6	7
0	0
0	0
0	0
0	305
144	365
26	332
0	3
0	2
1	1243
5	1273
0	1393
0	1276
0	1081
102	212
8	75
20	1295
17	37
7	32
0	5
2	5
0	2
0	2
0	3
0	3
8	89
0	90
9	51
0	31
6	212
0	216
2	219
0	82
2	46
0	220
583	1
117	1008
1	861
0	372
0	47
0	1432
40	533
36	2005
7	280
2	148
122	172
0	0
0	125
4	60
0	44
1	23
0	8
0	498
330	9110
0	11473
1207	14594
18	1287
52	12379
1	1116
1	967
0	12376
6	199
56	9953
0	6617
0	2029
9	9
7	1546
18	75
41	70
3	923
6	223
6	223
0	2
0	7
0	7
0	1
1	6
0	7
0	5
4	18
3	150
0	78
1170	0
0	0
0	0
0	0
367	1
0	2
2	2
0	630
0	23
1	129
0	1
0	194
0	23
7	168
20	88
7	0
2	0
0	49
89	42
0	119
1	3
211	3
1	6080
43	5338
10	1163
80	5188
5	3869
0	566
0	4778
4	270
1	171
15	71
1	0
22	52
500	2337
31	1624
0	480
313	700
1	465
0	167
0	0
1	49
0	128
11	124
2	176
42	192
2	49
0	10
1560	608
5	33
4	208
0	14
22	163
148	0
1367	1
173	0
1	181
9	181
0	1
0	0
0	21
0	24
2	9
0	11
1	43
0	394
318	404
2	22
5	92
0	83
0	164
0	164
0	164
0	164
0	209
0	164
0	164
0	162
0	117
3	88
1	19
0	49
706	534
1	83
2	534
1086	1699
22	1135
5	9
1	80
0	287
47	6
177	1
5290	6
3	413
17	342
78	201
7	208
28	51
9	27
1	38
1	5
0	0
12	31
0	38
0	18
0	12
0	38
0	4
0	0
0	2
5	1407
28	844
1	228
0	750
21	84
0	1346
4620	41
12	16
419	1
2158	1264
85	1102
13	125
13	61
0	0
27	30
3	196
0	0
0	0
0	0
18	1009
27	993
0	371
0	60
0	2
18	251
0	117
1	181
0	655
0	0
0	0
12	127
795	230
0	9
26	142
82	39
0	0
0	0
32	166
0	50
0	0
9	137
1	50
0	7
0	7
1	0
494	1452
205	730
6	841
1	322
13	841
0	1
0	168
0	63
5	337
0	753
0	1301
914	4419
2	3581
0	2246
0	385
3	16
544	6125
3	5991
1	2984
0	80
1	954
1	71
2	4
2120	0
658	2
0	0
0	341
0	1005
14	61
64	202
77	522
16	19
87	640
5	66
0	111
19	2
1	48
4	10
29	37
1	30
15	45
1	33
0	33
0	1
12	4723
468	4724
5	433
0	0
0	0
1	2
0	0
0	0
0	0
0	0
0	0
0	0
0	0
4	1975
127	2101
0	1227
1	341
0	37
15	420
0	451
6	388
6	589
45	122
0	114
7	135
0	0
0	0
0	0
0	0
1	2
0	2
0	0
0	0
0	0
0	1526
3	271
0	1149
0	0
0	16
0	215
24	1309
0	953
0	1270
10	977
0	891
1	0
1	26
2	48
5	4
1	128
1	99
0	8
75	0
0	0
0	0
0	0
0	0
0	0
23	210
33	50
1	191
3	0
0	160
1	0
0	2
939	0
0	0
0	0
0	0
0	0
342	44
3	44
10	15
1993	1
0	14396
0	15741
1	236
0	2702
9	692
28	331
0	720
118	1246
2	788
0	728
49	321
46	0
606	3428
0	13
6	584
4	2925
1	2085
0	250
0	806
10	246
18	40
1	553
0	7
1	0
0	0
1	150
6	40
9	179
7	99
20	99
0	138
46	277
15	369
2	23
65	3098
171	2722
3	2780
0	27
5	4
0	4
1	22
5	218
170	216
0	20
3643	700
0	264
0	164
29	277
9	18
0	181
92	7531
28	7322
228	6013
119	2717
19	847
11	10
6	1314
35	500
10	11
0	7520
0	0
0	0
0	0
0	0
538	323
4	16
0	190
0	0
18	119
2	0
0	18
4	18
3	0
0	807
1	281
11	4093
1	1899
1314	4081
22	384
1	1602
6	3723
1	1415
0	3096
0	5382
237	2081
0	0
0	62
17	431
3	9
6	5267
29	28
1	0
167	488
225	1911
1	345
24	644
0	0
369	1176
1	625
2	161
1	126
1	90
0	143
0	340
8	139
14	139
2	1018
0	944
40	622
30	445
14	71
0	45
49	222
4	974
0	1534
38	603
1	1506
27	1504
0	1316
0	1267
3	982
0	1129
20	22
7	9
66	860
3	769
0	37
0	74
0	107
0	135
0	0
0	4
0	13
0	1
58	77
348	8894
186	8950
12	8948
0	2427
66	54
2	614
0	233
1	110
12	13
0	107
9	91
0	3
0	4
8	0
0	0
0	0
0	0
0	0
0	0
80	711
71	711
13	650
32	1611
0	162
7	971
4	705
23	809
1	59
0	53
0	9
0	4
0	9
1494	1649
3	1615
1	35
0	1667
343	1529
814	151
0	145
2	5
71	174
43	1788
4	50
20	15
3	1603
37	281
0	3
2	387
6	197
36	716
0	716
7	1878
358	1878
2	56
48	2890
9	4045
24	857
2	2593
3	2035
136	6
1041	3740
0	3682
1	1736
0	1487
19	41
9	8
0	763
0	163
0	635
0	477
0	388
0	38
0	635
0	495
3	829
137	829
3	4145
9	1418
30	699
4	141
2	162
15	614
2	0
0	4145
2	0
2	47
0	42
0	27
0	30
0	34
0	0
844	2
2	2
0	2
0	2
1	0
0	36
17	1097
9	1148
1380	1139
0	947
7	86
21	89
21	141
3	947
0	3
0	3
0	3
0	3
0	3
0	3
0	2
0	0
32	64
0	64
0	37
0	37
0	726
169	77
46	77
3	54
1	0
1124	1
0	0
0	0
0	0
0	0
491	115
511	236
44	169
0	0
23	67
4917	662
3	24
0	319
0	316
510	1394
0	405
0	32
0	1374
18912	428
7	405
1	95
0	50
0	2
0	82
2	37
7	0
0	344
0	337
13	228
80	327
91	252
0	344
0	3
0	6
0	6
0	3
0	3
134	4577
144	6691
30	7427
1295	7096
0	465
897	3971
23	270
159	641
6	62
3	140
10	168
0	9
13	208
8	429
1	75
28	317
7	181
0	129
139	112
286	1148
32	1105
8	382
29	465
2	52
22	339
10	155
5	51
406	203
1	3
0	200
0	0
0	0
759	3210
6	3210
0	545
0	32
1	2041
15	2545
0	3131
90	3131
5	1396
58	1226
0	0
2	0
5	54
0	572
0	3062
0	0
0	0
0	0
0	8
0	7
0	6
0	0
1	0
0	0
0	0
1	1805
19	27
29	1199
2	1062
6	900
0	1285
4	68
9	0
0	13
8	746
3	19
1	85
0	75
0	38
0	0
0	1805
0	1206
0	1196
196	669
0	488
6	17
0	80
0	166
0	472
0	284
0	364
0	343
72	38
0	2
0	68
2	0
36	41
0	20
0	21
0	11
0	22
0	4
0	2
0	1
0	22
0	4
0	1
15	215
0	214
0	203
0	204
0	235
0	20
0	2
0	1
0	0
0	235
2	0
8	24
1	24
0	5
0	17
18	637
5	762
0	923
44	1051
7	162
0	49
0	517
1	1011
232	1088
0	130
0	512
17	75
56	0
2	736
0	169
4	20
0	0
325	486
0	486
0	60
2	10
0	0
0	0
0	32
0	36
0	10
0	34
0	2
0	36
19	53
3	42
2	51
184	19
0	0
0	1
0	16
0	0
921	1775
0	67
238	1775
1254	2099
41	10
0	2099
216	369
13	40
12	246
0	203
31	112
52	0
92	980
2	1206
0	863
0	785
0	855
0	908
0	773
0	400
3	0
0	662
0	120
9	0
6	375
7	10
1	326
0	0
0	2
0	3
5	84
15	89
4	87
4	9
442	621
4	5
4	181
3	1
502	171
7	90
13	81
2	119
275	354
0	2
0	1
2	50
0	1
12	236
2	1
289	359
0	55
0	98
0	4
0	6
0	9
0	159
10	159
0	125
0	6
18	0
11	3
0	3
7	97
1	97
27	11
3	0
4	0
0	72
76	55
7	33
3	55
6	32
1	0
0	0
0	0
2	37
0	54
0	40
1	56
0	4
0	41
0	2
8	38
0	20
0	2
0	1
0	20
0	0
0	0
0	0
178	519
2	519
0	50
0	5
1	9
0	0
0	0
2368	1309
2	387
5	292
0	11
25	0
7	150
3	198
0	613
5	327
0	388
8	0
1	151
0	154
0	86
1	36
12	86
5	1
0	138
2	91
14	163
6	212
0	34
0	77
35	17
3	120
83	546
1	56
0	71
37	524
63	78
1	26
0	503
0	514
1985	737
6	555
17	522
0	0
3	79
1	2
0	7
105	333
1	253
12	93
0	93
38578	3457
19	675
23	2740
31	0
11545	1450
7	1443
12	18
2	5
0	22
232	0
5	62
0	5
0	1
0	3
0	5
0	6
0	5
0	4
0	9
11	1
0	6
0	62
480	96
11	110
0	94
0	0
180	1470
0	1494
19	1238
12	1239
2	1102
7	117
0	521
0	146
6	65
1	53
5	0
0	6
0	6
924	959
9	617
6	60
0	911
0	49
68	1728
157	1728
3	5
1	18
0	18
3	18
0	7
0	0
4	0
6	952
3	33
2	33
58	952
2	640
157	467
2	18
155	116
2	451
8	0
3	89
0	47
2	162
2	1077
3	684
26	1019
0	1074
7	660
0	587
42	7
1	40
36	9
7	301
31	100
110	1
0	97
0	6
0	5
2	100
0	1062
0	0
0	0
0	0
8326	938
5	544
10	433
0	216
9	245
76	266
0	56
0	132
0	228
2	51
0	97
0	90
0	77
1	0
13	0
1	126
0	49
0	115
0	111
0	101
0	118
2	3
0	0
0	0
0	5
0	2
0	0
0	7
0	0
0	2
755	1064
26	1075
23	749
0	0
668	970
1	943
2	377
0	236
0	148
0	226
0	0
0	0
0	0
28	10
898	3798
4772	3799
56	424
6	625
1101	625
7	112
0	3
102	112
40	11774
34	11660
15	11706
2	149
56	199
0	574
0	2
0	0
0	704
17	618
31	187
3	21
19	72
8	0
2152	1
6	444
0	239
0	456
265	555
0	539
0	384
6	0
0	68
53	32
7	13
126	191
0	191
36	84
0	0
0	0
1	1084
0	1175
8	1166
0	940
0	97
12	176
2	49
9	105
0	82
3	4
0	15
3	0
0	106
358	67
0	0
4	67
0	37
361	586
12	562
0	46
0	40
2	5
3	88
0	275
0	0
1	0
0	0
0	0
0	0
0	0
21	9792
0	9973
6	8866
0	9810
0	8314
0	10346
6	8723
0	1855
3	3299
0	1186
4	1827
0	900
7	9
1	10
0	534
1	2811
0	1435
20	1613
0	2744
0	641
1	2327
1	921
0	803
2	316
0	1661
2	263
0	30
1	954
0	307
4	847
12	969
57	421
42	402
0	4
14	4
17	1763
2	1742
125	1601
101	323
0	134
109	2053
0	206
0	0
0	0
0	29
915	1176
5	72
0	52
0	88
66	51
3722	131
7	127
2368	366
0	364
1	0
1	1135
3	709
8	522
0	553
4	219
0	457
0	214
0	949
0	51
3	109
0	989
125	2181
0	138
8	1350
34	2153
0	2
1	0
0	0
1	2
0	1
0	1
0	2
3	19
555	326
0	307
89	43
16	16
111	36
5	281
18	230
2	259
0	260
0	49
5	264
0	5
108	0
0	2
0	3
0	3
0	3
0	2
0	3
0	3
0	2
0	3
0	2
0	2
0	3
0	2
0	2
0	2
0	2
0	2
0	2
0	2
0	2
106	58
0	24
0	9
0	32
746	1213
1	944
2	40
2	35
3	1
0	5
8	12
0	7
11	267
0	167
0	6
5	161
5	1466
8	1949
1654	4300
141	2771
41	277
0	30
0	0
0	0
0	58
1	62
1	96
0	77
10	38
2	85
0	0
2	15
0	2
0	2
0	1
0	0
0	0
72	5
2	0
5	5
0	3
1801	1
1	0
1652	1653
0	594
36	1197
0	17
1	2
0	0
0	0
0	0
0	0
0	0
0	0
1	50
499	50
967	258
0	176
0	45
0	8
1	76
1	51
5	32
1	0
0	16
954	40
3	40
141	103
0	730
0	30
1846	1058
0	710
0	954
113	1137
16	295
0	581
21	1
57	0
1	49
10	49
0	49
0	49
3	9
0	38
0	0
833	372
2	370
0	2
275	2
0	0
43	2
0	2070
0	38
0	2291
0	3003
5	6
57	3309
0	2374
2	1
0	247
0	1376
2	1297
0	269
7	147
6	227
7	282
2	145
0	6
0	6
2	4
4	3
0	3
0	2
0	2
2	0
0	0
6	0
0	0
0	0
193	436
3	436
127	32
0	20
4	20
1	3
0	0
0	1
0	1
1	1
0	1
0	1
0	1
0	1
0	0
0	1
0	1
0	0
0	1
0	1
0	1
0	1
0	1
0	1
0	1
0	1
0	1
0	1
0	0
0	1
0	1
0	1
0	1
0	1
7	963
54	73
2	0
117	770
0	13
125	985
0	45
0	780
1	446
0	342
18	57
0	153
18	506
88	518
3	31
0	31
4	0
0	0
0	2
13	1768
1	795
50	534
0	1011
0	36
37	1052
0	31
5	797
0	97
0	0
0	0
0	0
0	0
288	1726
0	917
13	566
5	898
0	153
0	25
31	172
0	63
1	0
0	172
0	0
0	0
0	0
0	0
0	0
326	0
0	315
0	11
1	0
0	0
0	17
0	324
1	0
240	83
0	17
5	69
1	0
0	0
488	4479
0	1176
38	4140
0	3933
51	1812
20	3782
131	3277
59	2697
3	608
60	426
12	408
19	1143
136	108
451	1
33	673
84	27
4	16
2014	570
8	407
0	36
1	163
14	0
164	267
0	267
1	0
784	65
0	15
1	51
13	6
779	11
0	5
3	5
17	1
0	0
2510	451
0	0
14	229
4	78
0	31
236	1
2	3
0	1
0	1
3154	337
6	20
3	196
0	216
0	185
33	51
6	156
132	0
22	22
19	48
281	349
1	0
0	0
0	2
0	14
8	259
0	70
4	0
1	4
0	4
30	1059
76	1046
0	429
14	485
0	806
434	43
0	43
219	3149
4	1273
5	2965
7	2340
3	2452
0	474
7	12
1	141
1	128
0	365
0	592
28	603
5	428
30	318
0	0
0	0
0	1
0	0
14	0
0	0
1	0
0	0
0	0
4	3190
0	151
22	1584
0	0
0	12
26	15
2290	4797
0	451
0	2537
14	5560
7	4452
24	2347
12	4518
0	5444
21	5378
0	309
2	309
3	1
0	4711
0	5581
0	3047
0	1777
6	191
11	4
31	187
18	2673
1	4637
19	4536
0	70
5	72
2	480
0	4557
0	379
106	41
8	41
5	37
0	0
0	1
0	1
0	0
6	0
4	1232
2854	2537
1	755
0	1213
809	650
34	655
1	106
7	63
1	10
1	0
0	0
2	2
0	2
0	2
0	0
1248	2311
0	140
3	102
2	362
8	90
0	723
13	216
14	249
9	999
0	480
1	12392
121	1241
0	7754
81	8868
0	8401
20	11781
0	202
0	226
1	304
0	367
2	1740
0	1324
0	452
7	314
19	8863
4	3004
0	1029
0	10525
58	231
0	231
1	47
0	47
158	3498
947	3760
8	3418
174	3136
4	409
0	531
0	749
20	426
0	0
82	5365
126	961
0	881
34	4774
0	0
1067	0
0	0
0	0
0	0
4	177
2	112
434	501
13	495
0	85
5	82
181	139
8	139
15	39
469	16
14	15
0	0
0	0
0	0
0	0
0	51
2	4
0	3
0	3
0	48
8	1810
72	1809
2	1814
0	75
2	47
0	3
0	1744
0	1250
31	252
5	221
0	240
25	376
14	83
6	134
7	3
15	22
0	116
1	88
1	48
0	8
10	0
0	256
0	113
11	695
102	683
157	571
2	614
5	144
3	404
5	416
363	1101
1	793
49	404
0	340
0	206
8	175
344	158
0	70
5	88
1	34
1	84
11	66
0	93
68	148
0	148
3	47
14	0
9	3695
171	287
9	194
279	380
3	76
0	98
2	31
10	232
0	105
0	105
11	110
12	99
0	60
4	3
0	0
0	0
5	0
0	0
0	0
0	0
1	597
35	611
11	493
7	7
33	20
9	11
10	363
0	422
35	219
0	12
0	1272
0	22
0	21
25	1293
0	21
65	722
0	1148
0	1
445	526
6	0
0	204
0	229
0	24
0	25
0	2216
92	2304
1	504
0	295
0	2199
2	0
1278	423
3	63
0	86
1	4
0	266
1308	2096
1300	549
2	547
0	1988
0	196
0	1988
26	0
1	5952
248	4994
13	2
15	2721
2	1395
9	74
0	5952
1004	909
0	889
0	222
8	122
0	137
1	17
11	8
2	0
13	12
0	0
4744	57
128	56
0	1
39	1
0	0
0	0
0	0
142	9
76	132
34	576
11	3
0	0
1	110
3	2
20	6
2	7
23	1184
798	2640
28	21
1	1465
0	0
0	0
154	2237
12	2215
0	36
2	30
0	22
0	0
469	2012
0	1081
22	752
0	1096
0	943
37	0
93	755
39	718
11	386
1	343
11	444
2	11
24	17455
316	19408
3	2229
5	13
0	3217
5	2342
0	1997
33	663
17	5315
34	2
12	1900
0	259
0	572
2	465
24	72
0	105
0	64
4	355
4	0
2013	1
3	629
0	523
0	278
0	16
0	41
0	168
3	159
4	218
6	252
0	1
9	67
0	1
0	0
0	0
0	0
0	0
0	0
0	0
0	0
0	0
0	0
0	0
290	151
2273	2709
0	47
1193	109
1	18
90	17
0	0
11	659
29	1870
3	9
2	4
10	68
103	3
9	355
0	23
38	2
0	285
52	5
0	0
0	0
0	0
0	0
0	0
4732	1075
1	450
37	55
1	430
184	279
0	95
170	30
8	9
0	0
0	9
0	5
0	0
0	0
0	0
11	1611
2	1479
41	0
0	1202
54	117
11	2
13	151
5	143
25	113
0	2
0	0
0	0
0	0
0	0
83	12
0	12
18	488
1	488
13	90
0	87
0	92
0	74
2	55
0	36
15	3
2	3
0	306
318	315
1	28
11	15
0	92
0	45
3	38
0	0
0	92
12	0
0	0
0	0
0	120
30	199
2	5
0	209
7	214
1	294
0	4
0	753
0	314
3	62
0	482
0	102
0	60
0	40
0	110
7	145
0	23
0	529
1	175
1	51
0	155
2	0
0	660
0	267
0	264
0	188
0	159
0	82
0	13
0	165
0	31
3	129
0	27
0	132
0	267
1	24
0	0
1	339
37	76
2	7
0	76
1512	3693
7	236
30	3462
200	35
21	13
395	3773
0	2554
0	3221
0	146
30	2968
40	5
0	461
1	139
38	241
7	21
2	0
5	883
5	0
0	0
2	0
2	0
2324	1040
8	3
9	103
0	1039
6	5
2	7
5	27
14	117
1838	524
0	454
0	289
246	692
10	326
3	519
4	17
166	70
0	0
0	64
43	45
0	0
156	254
178	2317
0	2071
6	4
3	291
26	0
13	335
1	0
10	215
2	151
1	18
1	154
11	1
19	48
0	36
1	32
0	10
1	49
1	10
3	47
35	49
2	5
267	999
0	230
46	674
9	502
8	72
0	121
1	1
514	962
0	882
1	781
11	737
4	236
3	430
0	412
0	412
0	0
0	0
79	488
0	488
132	600
126	600
11	6
0	3
0	3
0	1
0	0
0	0
0	0
0	0
0	0
0	0
271	1779
1366	2059
46	514
24	1172
15	675
2	88
7	201
1336	809
0	703
0	270
0	55
47	85
6	17
0	92
322	235
0	129
2	20
0	0
119	1718
0	7288
0	4416
277	7386
332	7219
196	6605
8	304
103	5282
0	5338
4	5540
0	229
30	12
239	4151
29	18
2	1111
0	208
5	1819
0	1439
11	5492
0	0
0	0
0	0
0	0
0	0
0	0
0	0
0	0
0	0
0	3
0	0
2	3
1439	81
7	71
0	11
0	0
0	0
0	0
4513	5
0	0
0	0
168	0
1	0
222	22
6	23
3	3
0	0
0	0
0	0
5	219
741	43
46	43
324	15
0	15
67	0
0	0
0	0
0	0
0	0
0	0
5762	6
0	0
0	0
0	0
0	0
0	0
1361	627
13	638
5	14
113	218
2	22
13	100
19	6
3	1
11	27
8	93
0	0
0	0
0	0
0	0
0	0
0	12
0	0
0	3
0	1
0	10
0	11
1666	455
1	1
4	266
19	98
0	5
7	85
8	455
10	448
2	1
0	5
1	7
322	270
7	136
3	134
28	685
2009	800
2	208
7	65
10	114
4	0
201	1724
29	1257
4	1259
0	778
2	343
6	0
2	25
0	317
4	66
4	254
0	44
11	17
21	892
0	720
0	659
60	453
0	236
0	105
1	509
1	1043
0	818
0	1050
3	754
52	1320
0	888
195	486
4	46
9	459
26	13
0	1117
0	5
3	5
0	220
16	220
31	99
5	100
0	106
0	10
7	12
0	17
0	1
0	0
0	0
0	2626
0	175
0	119
0	870
3	2862
1	50
80	52
6	0
28	863
5	714
19	438
0	307
2	81
11	43
0	2
0	83
0	24
0	76
0	104
6	69
74	387
5	250
56	25
5	602
0	8
1	7
0	0
0	7
8	2
0	2
0	1
0	1
0	0
0	0
0	0
0	2584
121	2540
103	2197
0	1695
19	1596
0	0
7	34
300	433
1	2
1	139
71	400
1	1
1	7
14	7
68	93
2	91
0	0
17	0
1126	6840
4	5634
0	0
0	2639
0	995
0	148
0	495
2	1705
11	12
0	2
0	0
0	2
0	0
0	0
0	204
14	204
0	65
184	1919
5	1916
0	381
4	322
0	1071
0	786
143	3107
45	3272
59	2958
9	266
30	738
0	3098
1	8
1	0
7	298
29	3100
0	3110
49	377
0	377
17	95
0	0
0	0
1	0
0	0
0	0
0	0
0	0
0	0
0	0
0	0
856	0
0	0
2	1361
4	176
3	103
23	1144
114	1144
4	0
51	0
22	803
0	666
4	831
2	2
18	736
77	857
1	246
5	8
884	0
0	172
34	172
0	0
157	6968
0	0
0	424
5	6
0	1361
0	0
0	0
0	0
0	0
0	0
5	0
0	0
0	0
0	0
0	0
7029	7
7716	1726
16	1674
0	57
1	0
1	0
0	0
0	1048
0	1045
5	971
6	50
2	1
2	131
0	26
0	36
13	4
0	0
7	0
82	0
0	0
0	0
0	0
0	0
0	0
0	0
1	0
2233	297
13	295
2	956
9	1048
0	1312
1	641
2	0
0	0
1	132
0	549
0	0
0	60
0	52
1	52
58	60
1	1526
5	1147
5	1559
2	1237
0	74
8	552
0	45
5	14
9	147
30	2991
19	0
8	372
6	81
1	18
0	61
1	95
0	124
0	64
3	1
2	0
0	2955
2	1
0	1
7376	4110
43	213
299	2242
0	3222
12	2043
1	181
0	0
1	0
140	0
13	38
4	38
0	379
0	1299
28	1299
312	2082
66	1591
0	4266
9	4223
1	98
6	4
5	162
167	2588
496	744
0	744
300	2357
0	2348
1	5
0	7
0	241
0	211
1	0
5	2
0	2
210	2383
0	2383
54	142
77	174
0	0
36	102
5	102
0	0
16	3087
117	3087
62	461
0	0
0	90
113	1
0	1
0	0
0	0
0	0
0	0
0	0
0	0
0	0
129	0
0	0
4052	454
7	454
4	5
183	645
5	1051
90	2180
0	2210
1	82
0	198
16	79
2	89
3	76
0	2201
0	2197
191	0
0	0
143	4169
39	4141
5	20
658	4420
22	4236
49	284
0	4127
16	1678
9	1708
0	1456
0	1423
0	65
3	9
4	145
0	152
2	68
27	970
45	970
5	1877
0	2185
83	217
3	9
53	149
10	149
0	9
0	0
0	0
0	0
12	403
5	449
3	81
1	87
2	129
0	121
2	137
2	36
4	17
24	9
0	12
8	4
0	16
9	18
0	0
7	11
0	9
1	481
0	496
4	0
14	1
0	302
0	449
0	503
35	129
0	65
4	55
8	32
4	8
2	16
0	25
0	12
0	20
0	4
0	17
9	21
0	0
0	13
10	27
4	3
1	7
0	5
0	0
0	16
1	2
0	1
0	6
0	15
0	11
0	8
0	10
10	21
1047	1443
0	1442
34	1576
0	2041
19	36
12	5202
15	1392
21	1777
2	3475
1	3680
1	471
4	1274
103	137
8	137
0	0
0	0
1398	756
13	711
43	718
5	2
0	0
0	0
1	1
0	1
0	0
0	0
0	0
0	0
0	0
1	39
5	51
0	13
2	10
0	6
1	0
0	0
0	3979
42	4359
0	4033
6	77
0	317
0	4073
11	178
0	4020
0	4320
0	33
0	3561
116	2684
0	111
225	0
66	1
2	0
0	0
0	0
0	0
31	145
1	145
0	5
0	10
8	1486
3	1473
1	348
1	741
1	176
0	262
1	1186
38	1292
13	89
2	0
10831	879
3	875
0	0
0	0
0	1
0	1
0	1
0	1
95	3
0	3
0	0
0	0
0	0
0	0
13	1822
299	2028
0	265
0	259
0	56
2	48
0	12
0	106
0	94
0	12
0	0
0	94
0	106
3	34
39	34
2	9
0	9
1	20
0	19
193	107
0	6
0	1
0	0
14	1152
16	1155
1382	1153
8	267
0	0
0	0
420	0
7	70
3	2
0	69
2	0
6	0
0	63
1	0
99	1
0	0
15	1361
33	1265
16	1243
16	1172
0	129
0	46
5	1
0	35
0	968
0	204
39	462
0	48
0	25
0	258
0	3
545	98
0	98
0	0
800	1077
1	680
0	93
0	300
6	483
0	766
0	473
13	14
0	745
0	641
3	196
0	461
0	473
0	453
0	438
2	642
0	401
1	285
0	465
0	324
5	195
1	0
0	0
0	0
215	936
127	1016
3	701
10	0
3	1015
5	160
320	734
24	734
0	45
3	125
0	16
181	58
0	0
0	0
0	5
0	14
0	23
6	37
8	53
9	1
44	35
6	20
0	8
18	67
0	15
0	0
5977	5157
3	188
8	1
13	4
0	271
0	0
0	0
0	0
11	284
111	350
15	99
6	14
27	1272
0	67
116	1145
0	154
0	385
1	231
3	4
20	198
0	0
5	0
33	0
0	1
0	0
3	1
1	19
0	1
1	2
7	16
0	0
0	1
2	0
0	0
0	1
1	0
0	1
0	19
6	6
0	31
0	20
0	19
0	17
7	14
0	20
0	4
19	21
0	18
0	1
0	2
0	0
2	0
509	132
11	72
16	60
0	1
18	8
9	8
3	450
181	601
3	152
1	61
0	61
0	3
5	9
0	0
0	47
0	47
0	47
0	37
0	56
0	46
3	42
0	43
0	11
0	124
0	114
2	101
0	72
0	29
0	127
0	127
0	115
13	74
5	22
41	74
0	22
1097	882
5	32
4	873
0	327
22	327
0	0
0	0
0	0
5	204
2	491
0	590
13	129
224	723
0	593
0	111
4	12
0	173
0	172
1	0
0	0
3	0
2	354
0	298
30	81
0	0
20	233
9	165
9	104
0	39
0	46
915	1
0	0
0	0
4	0
15	0
34	410
11	437
1	52
0	0
0	0
37	166
1	149
0	123
0	116
6	2234
311	2234
61	357
6	357
3	12
2	14
15	115
0	0
0	0
0	0
0	0
2	0
0	11
11	295
30	151
3	169
0	48
1	72
1	133
0	0
0	0
57	0
529	21
1	21
1	306
9	314
0	20
0	16
0	18
1	2
0	331
24	348
53	295
87	1196
52	1196
79	394
0	159
0	411
13	292
44	297
9	272
109	85
0	8
0	0
0	272
150	45
0	43
7	36
0	22
0	15
0	17
0	1
0	0
0	0
25	353
1	544
3	542
2	365
26	558
1	227
4	48
6	5
5	3
0	65
0	78
1	157
1	74
0	1
86	196
0	52
10	13
0	113
1	130
9	0
0	0
36578	17901
0	7859
0	7989
4	2025
1	6
3	38
10	16
0	21
4	5
1	11
0	0
0	4
0	0
0	11
0	0
1487	919
0	919
5	55
0	103
5	247
0	792
30	771
2	180
0	105
0	790
2	0
16919	14
3	2239
27	4178
0	4405
0	88
0	3370
0	3401
0	318
4	264
0	0
17	5
0	3464
25	295
197	576
0	31
13	635
99	1831
11	1831
1	49
0	3
631	31
0	26
0	5
0	0
2100	574
20	573
756	170
4	92
3	75
33	19
21	12
11	1205
99	1204
0	1207
1	132
0	2
3	5
3	0
3	52
4	52
176	41
0	41
0	0
0	0
303	1852
64	2112
1048	2655
0	15
1	185
28	888
0	421
14	281
1258	8
0	6
20	492
9	36
0	2
0	8
7	47
0	0
0	0
0	0
0	0
0	492
4	3646
97	3446
434	3488
1301	3606
56	2112
0	3646
366	116
24	113
1	2268
414	2608
12	359
0	1775
8	745
14	655
1	1372
171	3933
24	3671
14	3424
16	1307
7	3356
5	52
31	140
0	395
2	2266
6	120
1	154
5	143
25	0
922	97
0	74
0	18
9	4
9	429
2378	1369
22	610
0	1223
12	154
0	89
7	154
0	0
0	12
0	7
2	290
0	10
0	288
0	0
4	3
0	3
1	40
0	40
0	40
0	19
0	1
115	449
1	52
57	4419
38	4419
1	139
13	94
8	25
6	944
5	11
5	234
0	121
9	138
0	26
717	26
0	0
2	10
0	3
102	25
0	25
0	0
0	0
0	0
5	13
0	13
0	0
90	1
0	1
1111	0
0	0
0	2
0	2
0	2
1	55
0	55
0	0
1	2
0	47
0	0
3	9
0	48
0	48
8	0
0	0
499	0
345	216
0	1
36	213
0	3
0	0
0	0
288	60
4	60
12	0
24	9
42	50
1	145
0	114
0	80
2	6
0	0
0	79
8	278
17	281
141	756
3	428
4	355
3	341
1	121
0	0
0	0
68	278
6	278
0	26
1261	0
0	0
1968	1173
0	1163
2	3
11	190
0	0
0	5
0	3
0	0
1	2
327	0
0	0
0	0
741	1
475	9
2	9
0	5259
18	6993
12	7033
1	6958
16	5785
0	5534
40	1037
62	497
9	192
189	220
51	215
39	2175
0	527
28	84
6	7121
714	230
3	156
0	180
0	66
1	19
0	17
19	286
0	139
3	134
0	35
0	28
0	57
0	31
0	0
0	20
0	0
1	226
0	227
0	211
0	0
4	1
0	226
0	0
1	23
4562	456
0	446
16	0
1	6
0	6
295	2847
0	3109
7	111
4	2575
0	2783
11	0
0	64
26	1434
2	127
0	41
17	116
0	99
9	0
0	0
0	0
13	0
2	179
1697	199
7	20
0	0
0	0
1618	409
2	25
12	387
1	0
1	0
52	744
51	2366
1113	2572
226	1765
0	383
5	7
0	219
149	6
0	0
312	32
0	32
3	4
0	4
0	0
0	0
0	59
839	158
2	132
52	38
0	26
8	43
0	0
0	0
0	0
2	144
0	27
0	25
0	14
0	0
0	132
5	0
0	0
0	0
0	0
0	0
0	0
4675	13438
37	13411
0	599
16	219
29	419
4	311
4	227
3	186
13	1426
3	743
2	1280
1	621
11	29
3	3
28	9
0	8
0	2
0	4
0	4
0	3
0	119
0	21
0	34
2	57
2	1
0	119
0	1494
0	1451
5	557
1	678
15	2
24	214
3	92
0	710
140	70
2	20
7	50
0	18
0	0
0	0
0	0
7079	8887
190	2063
119	6469
8	3
3	0
0	5773
31	1544
2	397
3	334
3	277
63	269
0	26
0	22
0	19
770	103
129	1
9	1
3	101
0	160
0	159
905	13758
23	6796
0	13104
515	5237
71	1217
0	207
2	53
3	158
1	1070
0	13675
1	711
1	596
0	127
1	433
0	272
0	418
0	471
3	1
140	35
3	31
0	4
664	0
0	0
0	36
141	131
0	131
0	0
0	0
29	0
1	105
1	104
683	303
2	258
2	42
0	185
1	242
0	112
4	103
1	103
5	1
21	22
3	47
0	0
0	0
421	64
0	14
36	63
0	0
313	1477
2	1477
10	574
12	672
0	638
0	1451
1	1
0	48
0	1
19	8
0	0
11	7
1	0
285	1000
414	992
62	859
1	5
1	154
1	3
3	98
0	8
747	1461
3	362
0	405
20	355
49	158
16	549
8	0
0	0
0	16
6	0
3	16
0	0
0	0
0	1096
18	1413
0	1172
67	3
213	1049
0	3703
102	3751
0	434
0	661
79	407
8	479
3	413
1	4
23	9
0	256
7557	20237
16	8093
6	6382
0	19700
17	67
1	21
286	2873
8	700
0	21
0	1197
59	1094
11	1722
2	2855
37	0
1	26
0	1445
6	1580
0	77
1	195
1	3
0	6
0	42
97	10
4	194
0	1
0	1789
31	1
3	1
57	89
255	353
1	96
67	0
84	0
0	0
39	312
0	1
0	448
11	1
0	2
1	1
3	146
0	0
0	432
28	1144
118	1523
281	1779
1	1914
29	538
8	51
0	1
42	1005
5	798
5	971
0	10
97	1546
11	1544
22	1291
4013	7
0	75
0	75
0	27
0	0
1	0
1	3
0	0
0	0
1	70
0	0
0	0
0	0
0	0
0	0
0	0
51	8083
3	7955
0	2667
0	580
0	0
5	452
430	442
13	42
16	445
984	863
0	199
15	21
0	18
359	672
2	274
1	553
0	0
0	71
36	47
9359	2205
1	428
0	130
1	136
0	129
3	0
0	2202
0	0
0	0
0	0
0	0
0	0
0	0
0	0
0	0
0	0
0	0
0	0
0	0
0	0
0	0
0	0
0	0
0	0
0	0
0	0
0	1
0	0
4	0
6	106
1	106
0	0
0	124
2	108
0	166
11	166
9	144
7	17
0	27
0	31
0	72
0	68
11	58
15	121
0	121
0	121
0	0
0	0
0	0
0	794
0	366
4	48
19	14
0	0
0	788
22	239
2	239
2	3371
280	4162
0	2393
1	2161
31	322
0	747
0	900
0	1784
5	1
0	543
15	1332
238	5
318	3543
7	817
498	817
13	125
0	2
1	414
7	6
6	0
69	1529
2360	1529
20	0
32	0
239	570
0	40
0	58
0	5
2	1
0	5
2	19
0	6
0	6
0	1
0	2
0	4
11	127
0	15
0	1
44	207
15	40
852	1605
8	713
2	1532
3	11
0	38
5	309
1	0
1	452
1	107
0	36
1	4
7	17
6	19
0	5
0	9
0	7
30	0
12	268
5	268
0	267
0	596
220	106
1389	1234
19	1232
0	2244
0	2062
10	1
159	408
0	226
16	51
0	82
78	566
0	566
3	91
2	0
0	312
4	39
3	15
7	10
55	3
0	1100
0	1209
24	513
1	0
7	585
3	1049
5	129
322	289
0	289
0	0
0	0
0	0
18	81
76	844
0	79
4	850
1	31
0	25
0	3
0	30
8	30
10	30
0	1
1	0
8	0
0	0
2	0
1	0
0	0
1	176
2	166
0	30
0	37
0	31
0	34
0	25
0	11
2	0
0	13
1	6
0	6
0	4
0	0
0	0
1314	31
17	19
6	11
39	0
260	1805
17	1536
252	1778
0	0
0	0
0	0
0	0
915	226
4	226
2	0
2	0
5285	3
1	3172
187	1984
34	15
36	9
0	3537
59	0
36	11516
6	9682
0	10626
0	8773
5	11116
22	3038
7	1019
0	1002
0	1880
50	1051
0	108
0	9282
11	0
0	24
0	21
0	20
0	22
0	20
0	4
0	4
0	0
0	1
0	0
0	0
0	21
0	2
0	2
0	0
1484	275
2	273
3	1
0	0
6	421
0	0
0	0
0	0
0	0
31	32
9	0
0	32
1	163
3	13
5	163
0	2460
0	290
0	155
1	3
1	106
0	26
126	4
0	2566
8	1671
3	1719
0	91
0	0
0	1475
0	73
11	42
23	795
11	237
1	97
0	0
0	0
0	0
243	648
0	554
0	81
0	30
1	7
2	137
1	339
0	0
4	109
0	30
3962	2
9442	5
14	89
0	89
0	1
326	1
706	636
0	240
8	156
0	230
1	91
4	230
0	11
14	8
22	11
0	11
7	43
2	0
24	95
225	174
0	11
0	90
0	136
0	8
0	0
0	0
6	26
0	21
0	5
0	1
0	2
2655	0
1213	518
3	428
0	90
0	0
0	9
0	8
0	7
42	537
0	255
2	409
1	0
8	76
6	0
0	1
0	59
0	2674
0	3372
0	3440
7	3150
71	3062
109	36
145	209
0	109
2	229
3	0
0	25
0	129
1	0
1417	1302
65	713
8	252
16	3
15	126
0	212
1	150
0	108
0	21
0	0
0	0
0	0
0	0
0	0
47	437
62	575
113	557
0	120
1	143
13	107
5	5
0	0
4	419
1	0
0	84
1	389
3	283
9	315
0	51
0	221
18	54
458	270
2	270
0	185
0	120
0	7
0	6
6	5
4	0
0	0
0	0
0	0
0	0
0	0
176	0
0	1
0	1
0	0
0	0
0	0
42	924
4	702
0	472
9	9
8	20
3	39
1	45
64	36
1	81
12	151
179	151
517	842
26	842
1	52
0	0
15	1
0	1
0	0
0	0
5	0
93	15
2	15
1	1
0	2329
0	2322
0	2259
0	2049
0	878
0	131
0	945
0	2
0	2236
0	22
18	22
0	22
0	0
0	2
0	0
5	1
2	20
26	38
0	92
15	31
0	12
1	56
0	0
0	35
60	99
1	71
214	0
1	0
20	540
656	548
1	178
15	17
2	2
7	295
0	292
88	90
45	1769
195	1782
11	1664
84	925
0	215
0	788
1	6
3	1
1	595
7	0
0	243
13	38
1	243
35	7
4	229
4	1457
2	1384
0	1153
96	606
17	227
0	161
20	49
36	9
4	12
7	1169
0	4472
75	4329
26	4008
5	4448
2	48
1	65
0	53
6	15
3	53
0	40
0	18
0	4
0	4
0	0
0	7
0	8
0	0
81	191
7	45
2	148
0	580
38	586
0	580
1	94
1	3
0	583
35	86
7	254
2	0
0	142
0	0
0	0
92	128
0	128
1	8
4	6
65	66
4	598
18	541
0	4
5	418
0	631
4	565
0	394
0	284
2	0
0	52
0	0
0	30
0	0
19	1
0	40
1	39
292	1
154	0
0	0
4	9
0	0
0	0
0	8
0	9
0	0
0	0
0	18
0	20
0	20
0	2
0	0
0	0
0	0
0	0
0	11
0	10
0	11
126	3204
35	2989
50	2806
8	3255
0	90
17	0
0	214
0	214
3	214
0	0
0	0
0	0
21	876
0	65
581	1127
0	552
0	552
0	239
0	353
10	44
0	1127
0	0
0	0
0	0
0	0
0	0
7	86
4	1087
3	1582
75	1365
0	0
0	311
11	52
2	1688
19	1002
162	1003
70	520
2	448
0	99
8	5
0	16
7	8
6	0
30	266
12	242
4	10
2	18
10	10
4	9
2	24
12	0
11	0
163	433
2	424
1	321
20	394
5	20
0	0
0	0
1	0
0	0
25	543
84	544
0	516
22	1
51	516
7	0
76	0
0	0
0	41
0	0
0	0
0	1
2	9
0	1
0	1
0	1
0	1
0	0
0	0
63	124
9	121
1	44
0	44
0	9
0	4
0	6
1	0
0	0
0	0
0	0
324	745
5	695
4	645
0	290
0	220
1	19
31	39
8	0
19	317
0	185
46	316
3	10
32	12
0	4
5	259
1553	259
4	8
0	0
5469	823
0	76
5	198
24	548
4	0
0	131
22	68
0	0
0	13
0	13
0	13
0	0
0	0
0	66
0	1
135	231
73	467
3	0
12	467
6	0
0	158
75	1149
3581	1096
166	277
0	253
0	82
26	0
106	486
2	322
1	3
71	275
0	262
0	0
32	374
77	86
4	354
3	288
813	2
0	0
908	292
3	44
0	286
0	1
0	0
0	0
0	21
0	0
13	474
10	91
0	11
0	471
1	3703
233	3707
0	35
3	69
17	3643
7	595
81	105
14	203
26	829
54	719
0	0
0	0
18	65
0	62
565	59
6	58
16	3209
90	2382
4	1779
2	39
82	3166
0	700
253	2108
6	2091
0	10
0	300
0	147
1918	0
576	0
173	1092
2	758
14	148
12	2
5	165
0	618
3824	2528
18	252
227	172
58	29
192	286
22	258
0	2421
0	0
0	0
640	0
245	124
14	7
0	0
0	117
68	306
13	278
3	28
14	1
2	118
45	907
9	836
1	112
22	394
7	26
0	0
469	5539
33	51
11	333
2	5062
34	81
9	129
224	5385
0	95
7	318
0	352
0	2157
0	128
17	0
125	618
45	6
49	744
0	492
0	853
18	655
367	385
0	721
2	0
0	531
0	323
2	9
0	0
0	309
0	321
0	160
0	0
138	57
26	39
1	2
2	25
3	91
1	0
0	7
0	0
0	91
0	0
0	0
0	0
1	908
13	767
1	112
45	132
3	165
0	120
1	2
94	1299
4	2373
333	2373
1	23
78	404
1	275
0	143
10	1413
7	514
29	1309
35	7
8	1378
1	601
0	16
0	23
2	6610
4	6022
8	5877
0	5877
1	5877
82	5500
275	6025
0	5877
0	5882
2	5111
42	5598
164	5670
0	3648
5	558
10	1860
20	1086
0	941
1	762
0	497
4	119
0	81
0	40
14	25
1	0
99	41
189	65
0	24
0	48
1	54
35	5
0	4390
57	4246
20	4138
27	2354
3	2744
2	3118
5	92
1	48
614	53
5	634
97	563
0	645
20	59
0	606
0	41
15	564
0	28
16	25
1	33
10	2
0	4
1	122
0	646
14	99
0	666
4	121
2	94
0	146
0	731
0	0
0	0
124	273
0	0
1	54
14901	16104
0	0
152	28
3	28
6	5
6	115
69	370
2	0
3	372
5	7
10	148
0	5
6	143
205	145
2	143
91	85
5987	4
21	862
83	779
39	156
0	100
0	39
7	530
1	400
0	88
3	9
0	24
2	83
37	253
0	0
0	0
0	0
0	2835
0	784
0	3151
13	29
0	2744
0	650
50	2170
18	346
4	59
29	569
0	3
0	0
0	0
0	14708
8932	16558
8	2778
239	123
6	122
23	1
15	1
278	1
14	50
0	50
3	27
4	27
0	0
6	0
0	11
0	11
0	0
0	62
0	60
0	53
0	46
0	57
0	56
0	17
0	2
0	0
4	1551
0	1209
267	1617
3	881
0	115
18	493
1	892
4	228
0	3
4	0
262	0
92	1153
18	1180
1	248
0	232
8	244
49	1304
7	168
87	363
6	1151
0	407
55	224
33	151
79	206
7	0
44	106
0	8
0	8
0	8
0	8
0	0
338	49
4	27
0	3
0	5
0	0
0	0
0	0
0	0
0	2
0	3
0	0
0	1
0	2
3	20
0	0
0	0
0	0
0	13
0	2
0	6
0	6
0	0
0	0
0	2
0	0
130	1563
0	1314
0	1394
6	11
232	138
35	4455
15	4784
254	5526
2	1381
23	2150
0	282
2	1774
9	64
1	6
19	57
2	20
0	25
0	11
0	10
850	2970
16	2962
265	2465
0	1
15	28
0	28
0	22
2	2
2	0
592	871
8	871
2441	5548
0	3165
6	24
11	3206
0	2105
0	0
2	14
364	4885
38	695
79	692
0	13
0	0
0	0
17	74
0	74
0	45
6	806
0	110
64	2377
59	0
14	3249
1	3386
0	3318
7	147
4494	155
0	1
1	480
0	0
0	279
0	0
0	1489
0	1
4	2727
11	58
0	642
1	301
0	2
8	1939
16	2518
43	20
1	1931
2	2453
2	2242
182	495
0	357
38	47
4	419
0	484
1	179
59	2
0	0
0	0
0	0
1	29
27	186
12	70
0	17
0	171
0	23
0	29
0	23
0	19
0	30
20	31
47	163
8	165
0	195
17	264
17	94
32	257
8	63
6	42
2	262
8	261
0	198
12	16
5	22
0	16
3	1
0	1
0	28
0	0
0	0
0	0
0	0
2	94
0	4
1841	1699
1	1611
3	1424
0	38
0	1405
8	54
16	66
0	70
100	31
21	0
20	22
0	1
3	97
2	17
2	13
0	1
0	0
5	17
0	1
8	0
0	0
0	0
0	0
1	0
0	0
3650	5
14	1910
34	2032
3	42
158	1601
6	84
5	152
6	201
10	62
0	336
3	197
0	170
2	40
0	2
0	2
0	2
0	1
0	1
0	285
8	285
0	25
0	0
25	14238
0	2220
147	5710
164	5646
2	345
1	501
0	3073
0	59
0	140
0	0
1246	1239
9	1170
0	933
5	19
9	6
4	174
659	206
3	4
0	4
0	155
0	15
4	19
2	0
0	5
0	2
0	151
0	151
1	105
1	1
2	83
3	0
34	105
207	2
0	2
3	2
596	136
3	110
0	0
0	1
3	78
154	87
0	0
1528	2134
11	2131
56	1797
88	904
706	904
0	269
5	18
1	0
4	15
21	1798
50	1783
14	1046
15	117
0	15
0	31
0	23
2	22
0	0
0	0
0	0
0	0
0	10911
44	593
20	2295
0	11190
11	1120
68	3
7	477
6	906
0	1095
0	607
7	962
42	1054
0	467
0	9
0	32
8	1070
0	4
1	4
0	0
0	1
0	0
0	0
108	2650
0	2653
29	200
12	4
8	93
0	93
0	16
0	14
0	0
17	1486
31	1491
0	736
8	649
0	10
13	506
0	0
0	0
0	0
0	0
0	0
0	0
1	443
0	448
0	46
10	29
9	10
0	0
1869	2404
3	283
0	429
3	105
1	1016
0	40
3	1930
0	153
1	73
0	2692
0	5044
0	1953
3	466
3	125
3	4230
0	359
0	398
131	1112
32	1035
0	659
1	66
2	487
0	0
0	0
0	0
1	2
0	2
131	1059
6	1150
887	1698
1	1006
0	201
7	208
2	56
22	82
25	75
0	61
3	53
0	3
0	0
4	138
0	197
57	194
3	0
389	0
21768	2471
98	2474
20	283
82	530
5	116
5	4
2	4
0	0
53	1
14	25
0	0
253	5639
1	3902
11	874
0	2657
8	384
0	4820
0	0
31	953
0	165
0	2
0	41
0	955
17	47
260	47
0	0
0	0
892	1
8	1964
0	1293
1	142
0	114
4	58
0	115
3	528
0	427
0	34
18	300
0	289
0	52
1	0
1	20
0	1963
68	1091
0	2
4	21
1	1072
7	633
0	730
372	1676
1	1580
11	781
3	629
0	207
2	223
9	359
1	56
0	265
0	19
4	21
0	19
1	0
2	3
0	1
40	67
0	171
1	217
2	58
7	0
191	6186
0	965
0	6187
0	34
12	10
1	10
407	2871
0	2342
1	1497
26	0
27	0
33	0
1	1128
0	0
0	0
302	606
4	619
0	500
1	86
1	13
0	3
2	1
0	140
3	107
0	59
0	46
6	2359
46	40
3	172
500	2750
3	314
0	3
0	1
73	302
18	7
291	303
4	0
0	0
151	752
158	355
0	615
0	72
8	6
0	2
5	0
0	0
0	0
0	0
0	0
12	2369
27	2358
30	2170
3	10
0	10
103	56
0	55
12300	195
65	190
721	123
0	65
2	102
0	2187
63	2627
43	418
3	149
3	2222
0	2248
0	8
0	10
0	2015
1120	1253
0	304
5	1253
2	13
0	9
0	13
0	1
0	5
1	4
0	4
0	0
0	9
864	49
10	10
0	49
14	1584
3	6664
15	6662
276	6720
17	486
4	745
52	0
6	685
6	689
0	66
6	233
2	93
7	58
11	260
12	277
1171	161
6	0
5	160
98	160
0	0
3	0
1103	0
696	188
0	173
14	38
11	1181
15	665
0	673
3	298
0	76
1	95
0	1095
38	1114
61	1162
3	145
3	48
9	429
10	1
4	429
3	413
0	427
0	3
0	3
0	1
0	1
0	1
0	0
0	1
0	0
1	1
8	131
0	127
0	64
2	2
0	2
0	1
0	4
4389	1533
397	1525
1	179
23	191
12	106
1198	258
0	39
0	33
0	32
20	240
446	603
0	492
11	12
0	10
4	4
1	1
0	0
0	0
0	0
0	0
0	0
0	0
0	0
0	0
13	180
0	126
3	87
0	50
19	1105
37	1132
69	1086
36	251
8	4
3	2
8	3
323	56
0	56
3	0
2	0
381	0
894	0
0	794
45	607
0	214
9	332
5	138
16	120
55	85
43	460
6	328
7	188
104	1597
0	1506
9	398
19	57
8	100
0	97
0	46
41	82
0	0
2	0
0	0
0	0
0	0
401	233
2	216
4	76
29	177
8	62
0	8
0	0
12	1104
31	1268
0	1155
0	169
2	401
0	26
3	73
0	1311
0	1268
144	2447
102	2485
20	171
26	2452
0	2419
0	2267
0	2347
0	2296
0	2437
0	2306
0	2327
0	2290
0	2466
0	2462
0	2366
0	2363
0	2358
0	2387
0	2437
0	2403
3	33
13	156
9	37
4	0
255	138
0	2446
806	2437
0	2361
1	2485
1	2
1	207
0	207
0	1
6	43
1	0
0	0
0	2
0	3
4	0
3	36
0	42
0	16
101	0
2	1722
1	82
1	197
1	1459
0	1562
3	155
0	48
3	150
5	97
9	22
862	937
38	487
1	454
1	334
0	201
0	73
180	133
0	133
10	1
28	376
0	183
0	320
0	21
24	128
0	0
0	376
5	2
1	2
0	0
125	31
1	31
0	0
0	0
0	0
0	0
0	0
0	0
0	0
4	19
1	200
0	51
0	0
7	1
0	18
0	157
425	329
8	80
1	18
0	360
5	0
0	30
223	766
0	79
0	463
1	82
0	304
16	244
0	18
1	0
0	0
0	0
1	22
0	20
0	21
3	23
8	117
0	3
0	76
0	190
0	117
0	76
0	3
0	190
12	2692
0	5531
25	2303
15	554
8	2453
3	4807
0	432
0	4887
33	0
14	293
171	0
24	37
0	730
3	48
0	5
5	0
1	96
1	29
23	31
11	14
3	20
0	40
7	43
0	12
0	731
0	0
64	364
36	364
0	21
0	0
0	0
0	0
1644	535
5	367
2	175
3	33
137	446
282	455
2	28
0	0
2	922
1	6
26	198
1	503
0	67
0	807
2	73
16	0
0	90
0	9
5	299
11	308
10	97
5	0
42	183
73	174
2	12
0	7
80	418
36	0
5	108
21	36
0	63
8	49
14	271
0	323
0	256
12	20
0	1
0	326
0	10
1	53
2	1
0	17
1	0
0	15
271	1180
4	1148
19	60
0	74
0	296
20	165
0	117
1	25
28	37
1	42
2	42
0	2
0	1
0	4
0	1
0	1
0	1
0	3
0	7
0	61
0	1
0	58
1	32
0	62
1	2
2	7
124	7
6	7
12	0
1	1
0	0
8	130
2	130
16	10
3	0
9	352
16	351
3	30
5	20
18	0
28	22
1483	142
126	74
13	29
6	45
0	887
72	2680
0	2470
0	2176
23	2372
7	2566
0	2220
0	192
0	357
0	108
2	75
81	104
17	141
11	0
6	3
85	948
0	0
0	480
14	628
0	395
0	44
2	0
0	0
443	285
0	166
0	110
2	10
3	0
792	6428
2	5375
80	4942
0	5374
72	6403
0	18
22	4622
51	4609
0	4341
31	4643
0	0
0	0
0	0
0	0
0	0
14	634
11	714
1	61
0	21
1	11
0	26
0	230
159	3477
25	2933
11	2873
0	2375
0	35
0	246
0	159
0	0
10	22
0	8
7	71
58	18
12	14
0	337
1	108
0	4
0	3389
866	2
745	86
0	54
0	32
126	171
0	1
0	171
13	14
5	455
0	0
0	10
0	470
2	317
1	354
1	0
6	13
18	0
0	46
0	0
0	0
0	0
0	0
0	0
9	1375
1	1459
0	123
0	0
40	15
122	128
0	1090
65	1236
23	407
1	19
0	20
2	20
0	6
0	1
2	3
1	3
13	3
0	1
0	0
54	65
2	65
0	26
364	134
0	134
8	25
0	25
48	2306
1	500
154	2510
3	18
4	72
1263	121
0	118
10	481
492	941
2	192
0	36
0	424
0	139
19	143
0	0
0	0
0	0
0	0
0	0
0	0
0	0
0	0
1053	124
1	39
155	0
167	527
3	585
0	271
4	427
6	333
5	18
3	0
17	84
2	84
0	83
3	96
1	77
1	2
0	2
0	0
6	0
239	0
6	0
0	0
1	8
6	28
0	20
0	7
4	13
10	32
1303	829
20	806
5	15
23	17
5	32
1	32
5	2351
10	631
0	2351
0	196
3	229
9	217
97	6
8	138
200	269
0	98
5	170
5	0
0	34
1	0
1	1
3172	40
0	39
1	5
0	1
1	1
0	1
4	0
3	4
0	9
1	10
1	1
0	0
415	0
31	1184
108	2896
0	2886
314	2877
116	1577
0	867
1	596
12	20
20	39
0	25
21	2
0	0
0	0
269	12
89	160
0	0
0	903
1	2138
0	2315
0	2196
1	2280
0	1798
0	69
5	49
3	385
13	43
4	1
0	0
0	0
0	0
0	0
0	0
0	0
0	25
0	11
7	25
0	1
0	3
497	0
1	1
0	0
0	0
0	0
0	0
0	5833
9	5837
95	5833
212	2211
0	0
1	6
0	6
0	0
33	315
26	312
0	282
4	6
2	65
3	2
0	2
0	340
23	339
0	38
0	20
0	0
0	0
0	0
0	0
2081	851
6	615
3	261
2	373
7	46
0	64
20	13
0	5
0	9
0	8
24	412
36	2083
0	611
0	384
3	1936
0	1985
4	101
0	126
3	100
12	52
1905	1
0	0
0	0
4	0
9	11
0	0
0	0
0	3
0	0
0	1
48	1
0	0
0	0
41	212
1	177
8	207
0	5
12	103
0	103
0	89
0	0
3	96
0	71
2	1
1	0
0	0
5	2
0	1
0	0
124	136
0	135
19	61
0	0
3	555
0	24
5	514
1	482
1	433
0	347
8	121
0	382
20	493
3	403
4	97
1	85
1	47
46	18
0	63
50	64
0	76
0	119
2	51
60	546
4	8
3	31
0	543
1	10
3	1
1	0
3	45
0	87
68	118
4	38
0	113
3	423
0	374
0	396
7	81
20	3
0	4
0	29
0	5
2	20
0	1425
108	1421
0	171
1	722
36	190
62	1318
2	274
91	0
4	165
3	191
0	29
18	214
6	1052
0	237
21	680
24	634
0	347
0	576
0	296
6	197
0	1020
44	1219
432	1442
2	228
12	1
0	16
0	46
0	0
0	149
5443	20186
12	18142
138	19653
4	5473
0	3027
4	337
0	1
0	145
14	0
111	0
0	0
0	0
0	0
662	187
3	83
10	104
137	0
18	1245
28	1218
7	101
0	31
10	1270
1	0
3	0
0	0
0	0
0	0
0	0
249	6
0	1
0	1
0	0
0	0
0	0
0	0
0	0
0	0
0	0
0	0
0	0
48	352
74	1691
0	563
235	1699
13	91
524	27
144	801
0	801
0	3
0	3
0	1
0	1
0	2
0	1
0	2
0	1
246	1030
4	885
48	501
25	492
1	269
5	61
0	8
0	0
0	0
18	0
6	1593
2	29
0	208
0	968
9	23
31	783
10	250
0	344
0	344
0	450
1	439
0	1421
22	69
5	0
0	0
0	0
5	14
2	103
1	89
0	108
0	4
1	0
0	8826
738	9327
274	8820
0	4857
0	0
0	0
0	0
15	171
27	170
124	180
0	171
0	0
0	157
1317	0
2	4
0	3
0	0
0	3
2	0
644	3825
0	3825
5	102
0	0
0	0
36	110
2	102
5	35
3	26
8	580
9	486
0	432
0	432
0	463
0	432
0	434
0	349
0	349
0	472
0	454
1	460
1	390
5	346
12	335
0	411
0	67
6	407
0	472
0	405
0	129
0	39
0	57
0	270
5	111
0	39
0	81
16	22
1	3
44	423
43	397
10	185
99	264
3	169
339	2096
0	2096
0	110
562	165
0	62
0	101
1	9
0	9
1	0
4	0
16	1333
0	0
55	528
0	19
53	1452
2	4
2	70
2	38
17	143
92	805
101	274
0	0
0	126
0	116
0	203
652	279
0	95
5	278
0	24
649	167
28	172
1	59
0	3
1	1343
24	1561
1	1
1	30
4	7
0	514
0	414
11	91
428	449
41	449
7	0
0	0
0	0
2419	177
5	175
5	43
202	49
0	49
5	55
0	56
0	6
0	2
0	1
0	0
1	813
355	889
2	111
9	67
1	0
1	1598
130	1589
0	24
18	269
10	1462
0	0
3	170
74	629
0	0
0	192
0	9
0	426
8	85
0	8
0	12
0	21
0	7
0	0
0	49
8	397
0	4
0	1
0	1
0	0
0	0
84	184
5	30
0	16
7	12
0	83
0	157
2	40
2	21
1	0
25	4
0	4
16	2
0	2
0	1
0	2
0	3
2	0
278	4124
351	3719
10	557
0	3933
3	1487
4	84
2	4
0	0
0	0
0	0
370	2964
1125	2963
0	376
41	480
87	480
2949	472
2	3
1560	1053
0	1052
0	0
0	91
9	94
12	0
40	1095
0	892
0	496
1	961
12	546
6	651
0	1167
0	489
0	625
1	611
0	1012
0	997
8	1060
1	2
7	443
0	736
0	845
0	266
0	3
0	2
0	27
86	135
4	35
3	98
5	66
221	0
5	833
1	830
1	832
54	108
0	833
0	12
0	16
0	16
0	14
0	1
1	8
0	8
0	738
3	440
0	0
927	1074
4	515
25	171
1	733
23	7
0	20
0	0
0	20
37	250
0	192
0	235
11	3
16	100
0	17
13	25
0	21
0	3
0	3
138	1102
0	946
2	29
33	150
1	54
0	29
0	25
0	26
13	2
0	0
4	192
0	40
0	1102
0	266
0	636
0	153
0	562
0	6
0	233
9	22
0	377
0	162
0	13
0	240
21	978
23	215
3	801
0	762
0	175
0	199
0	66
0	24
8	112
11	108
0	49
0	192
0	22
0	860
3	17
0	390
0	393
0	14
3	316
0	197
0	0
122	27
0	27
1	0
1966	5
0	2
87	197
0	951
0	973
3	149
0	305
0	243
4	31
0	673
2	896
1	113
7	103
0	2
0	64
0	0
0	0
0	0
0	0
5	0
392	10586
678	10243
2	10072
0	226
10	0
0	0
0	0
0	0
0	0
0	0
0	0
1	0
209	210
2	170
0	0
2	44
0	4
0	0
0	0
0	0
19	1659
74	1677
6	1666
5	15
5	48
7	27
5	380
5	190
1	1659
2	1
0	1
0	1
0	0
0	3
0	3
0	7355
21	5430
22	7726
0	702
1	173
9	195
2	365
2	365
0	10
2	765
277	117
0	108
0	48
0	9
0	0
0	0
0	0
0	1
0	1
0	1
1	1
0	1
0	3
0	4
0	3
0	3
0	1
0	0
0	0
0	0
0	1
0	0
1	0
207	1203
101	1226
0	39
2	8
68	44
0	142
1	37
66	2
5	2
7	115
323	158
1	80
0	105
0	125
0	0
0	0
0	0
0	0
66	1587
12	513
0	1596
8	353
0	186
0	450
1	1523
1	1596
0	1742
0	1682
0	81
1	318
0	49
0	12
0	8
1	21
71	1448
0	341
5	1358
0	288
0	0
0	0
0	0
1066	153
3	138
0	3
0	1
0	0
0	0
257	143
0	143
0	14
0	14
0	13
24	11
0	5
0	2
0	1
0	0
0	0
1	4683
997	4893
0	115
0	183
25	3118
0	3535
0	3388
9	0
0	2934
0	2929
0	2650
0	2782
0	2503
0	802
1	0
9	40
20	601
218	470
0	0
0	0
0	0
0	0
0	0
0	0
0	0
0	0
0	0
0	0
0	1830
0	1867
0	481
0	20
260	338
0	235
0	25
3	30
5	87
4	75
0	0
66	2102
9	2030
10	2016
13	1181
24	168
0	18
0	13
1	13
19	22
1	0
2	1
0	1
0	0
0	1
241	3567
1	39
4	361
3	10
0	3566
2842	2957
28	2572
0	2717
0	110
1	249
0	9
345	51
0	51
0	0
1	1
0	1
0	0
0	0
0	0
1	0
0	0
648	1230
162	1368
0	519
47	8
2187	10
4	2148
0	2201
16	1408
105	617
1	1376
92	1240
1	840
13	33
1	238
398	303
1	136
0	11
39	10
2	0
310	79
13	7
0	72
2101	0
0	0
0	0
0	0
0	0
0	0
0	0
0	0
0	0
0	0
157	31
1	0
0	19
0	8
0	1
0	2
0	3
1	109
0	116
0	0
13	120
0	0
0	0
0	0
0	582
0	51
12	73
0	0
2	12
0	34
17	46
2	17
0	0
34	1171
5299	2390
6	1099
0	88
0	192
2	255
0	58
0	61
0	59
0	2
2	0
0	75
4	77
0	0
0	0
2	150
1	22
327	4216
0	4156
0	1829
429	881
5	861
1	2
3	1
0	107
836	44
2	43
31	9
0	0
1294	14
18	206
11	82
2	4
71	1628
56	1628
9	1489
33	2838
110	2867
396	2022
4	1872
22	425
3	322
8	231
0	371
0	0
0	312
287	1482
29	1482
3378	5
0	16
0	664
17	223
0	764
517	764
2436	1
120	859
2057	2027
20	2026
6	210
25	234
15	0
15	126
1	0
3	107
0	0
0	0
0	10
0	1
0	0
0	10
65	313
0	419
5	530
0	417
0	7
0	0
7	0
2349	975
5	105
0	0
129	869
3	979
0	1352
228	1355
15	0
4	0
0	0
0	0
0	0
371	0
3	3
0	0
0	1
0	1
0	1
0	2
0	0
4	365
0	38
10	364
0	369
1	0
993	594
125	97
7	433
0	157
1	3
0	83
3	62
0	0
0	0
2	0
11	0
0	1612
15	18
0	14
0	14
0	0
0	0
17	270
10	266
1	45
408	358
6	192
0	122
28	0
0	0
0	53
2	101
196	1088
0	963
2	439
6	151
0	230
934	409
0	42
0	202
1	335
9	211
5	11
2	136
193	136
0	14
0	0
0	0
0	0
0	0
0	0
680	678
0	64
2	0
11	2
1	166
2	384
0	388
2	0
308	849
0	598
33	950
1	706
0	561
3	103
2	221
0	78
0	157
0	119
2	105
0	88
0	52
0	52
0	0
0	0
0	0
79	2339
75	3970
0	353
0	1511
0	3734
0	3966
0	4
0	4
0	4
0	1
0	0
0	0
0	0
0	0
0	0
0	3253
6	1527
0	3253
0	0
0	0
1792	2077
2	0
77	2161
182	2161
10	0
18	1
0	0
0	0
0	0
0	0
0	0
0	0
0	443
224	581
0	9
1	32
1	56
0	33
0	0
0	142
0	4
1	9
8	144
177	1437
3	1109
1	1397
3	1
7	12
0	92
1	9
0	15
3	185
5	33
244	194
0	1
1	194
0	43
0	52
117	52
0	16
3	20
0	10
10	524
32	72
0	120
85	559
352	37
4	37
5	26
27	392
3	71
1100	388
45	1684
8	3
0	0
0	1665
0	3
3	524
0	1
0	0
1	3
2	811
10	1694
0	0
0	0
0	0
0	0
0	0
0	0
0	0
0	0
0	0
0	0
0	0
892	682
18	5
48	590
9	0
12	6
0	148
0	77
2	585
2	435
7	589
48	1615
24	1619
26	1911
0	1853
0	0
0	0
4	7
0	3
0	4
127	39
0	31
1	3
12	47
1	225
63	886
0	155
38	113
2	830
31	81
8	8
0	9
3	142
1	4
941	204
10	200
10	135
1	135
174	1
61	321
520	204
0	89
2	99
1	200
34	26
0	3
0	0
0	0
0	0
0	0
0	0
0	1
3	1
0	0
7	23
0	5
0	11
0	10
0	1
0	1
0	4
0	1
0	1
744	5346
89	0
171	4948
17	1179
0	1393
0	0
0	0
0	0
71	146
0	5
0	1
0	117
1	14
1	26
71	620
0	380
1	323
0	0
2	0
2	26
0	0
1	12
0	0
0	7
0	17
0	0
1	1
0	8
0	1
11	84
0	41
0	1
0	0
2522	598
22	123
2465	288
3	59
51	268
1	19
2	1
1	1
4	0
5	0
0	0
8	181
51	1079
13	32
2	3
0	3
15	543
2	92
62	2637
0	117
2	11
0	14
2	106
42	2427
4	193
3	157
1	45
1	192
1	132
4	272
4	97
1	87
9	33
0	19
0	20
1	17
0	1
0	0
0	7
0	0
0	0
0	1
0	4
0	0
0	1
0	18
0	0
0	0
1	0
1	1
0	0
0	1
4	2
0	3
0	3
149	347
1	347
0	4
2	0
0	0
185	20
0	18
1	0
131	4103
6	0
0	669
36	2807
0	2823
0	2525
0	3049
32	3022
0	62
0	0
0	0
22	104
1	52
0	212
29	0
22	55
6	20
0	4438
1	0
0	326
49	2
40	3365
8908	12965
668	11574
12	1060
12	319
309	8830
10	47
0	46
0	8
0	0
0	0
0	3
35	42
0	388
141	406
0	13
0	223
0	221
0	10
0	137
0	4
2	1
0	2
2	59
0	69
0	25
0	214
740	2179
293	2307
145	2310
115	2265
3	0
0	0
7	5
4	4
0	5
920	3213
105	3177
30	3179
40	3110
50	3179
0	2046
0	0
1	1
0	1
0	1
0	0
0	1
0	0
3	277
0	306
0	292
968	1377
0	3024
18	3114
20	2425
15	2559
103	2608
4	752
0	3134
0	2
2	3
0	3
0	0
0	0
0	2
340	101
0	101
0	3
0	3
439	429
17	190
26	239
7	2494
0	873
24	96
0	44
8	2546
2	58
0	0
67	121
19	266
7	187
4	154
0	35
2	48
16	0
2372	8070
8	4280
0	5062
65	1470
2	252
0	0
23	342
7	7
0	147
0	295
2	216
1	89
0	46
0	5
0	40
1	4
0	0
0	1
84	25
6	25
6	1
0	1
13	22
0	0
2	1
0	1
0	6
0	2
0	0
13	17
196	175
5	175
7	0
1	20
0	0
0	0
0	0
0	0
0	0
1	1210
0	201
0	1210
918	592
5	438
1	562
6	250
0	0
0	31
0	9
0	5
0	0
1	562
0	3
0	28
0	23
16	34
2	6
0	12
0	34
7	32
0	45
462	2224
1	1922
0	362
0	335
0	422
0	440
0	118
0	85
3	0
0	0
8	1
304	4175
0	2918
0	3972
213	1578
7	129
12	18
1	58
187	1427
0	377
0	556
0	378
4	6
201	9785
41	7453
0	1
1	5
27	7755
0	8084
0	2359
13	4
2	0
0	9704
9	738
2	758
0	34
9	182
0	49
2	65
10	45
1	243
3	222
9	38
0	4
12	2
2	352
0	1
2	51
0	751
45	201
1	166
8	199
0	26
0	15
0	204
0	0
0	0
0	0
1	1
0	2
5	420
2	34
0	0
1	0
2	3
0	0
0	0
0	0
0	0
499	385
21	56
0	265
0	110
4	3
15	91
0	83
1	91
1	83
11	114
0	496
15	459
0	0
0	0
878	1652
12	1454
13	1419
85	1428
51	16
0	58
0	0
0	0
5	0
0	0
24	211
0	70
1	27
0	0
0	18
0	193
994	2
1	1
0	0
0	91
1	100
0	17
3	9
0	131
40	756
63	1928
1	804
1	15
0	1635
10	1661
757	800
11	201
0	95
0	33
0	34
33	244
0	156
0	1945
0	0
917	0
6	0
0	0
13	171
3	8
0	171
82	0
58	651
11	651
283	0
3	0
539	1165
0	984
0	1110
59	1246
1	149
8	0
4	206
27	2
3	2
0	0
1	36
3	0
1961	5122
0	5572
16	4383
0	5146
2	149
4	692
1	167
5	719
14	2
64	632
0	69
36	649
2	609
3	0
1864	348
0	224
4	124
0	36
489	0
25	0
465	946
27	955
0	171
0	231
20	195
5	302
0	0
6	0
1	939
1005	1117
0	351
0	0
0	0
2	27
1	2
0	0
0	27
14	917
4	43
2	7
0	3
7	1
0	2
298	916
3	167
188	492
1	0
0	0
471	492
8	969
8	569
16	848
4	9
44	335
10	598
4	534
0	131
0	355
1	404
0	403
0	51
15	5
0	1
0	0
2271	5
546	98
0	43
184	610
34	610
0	0
0	0
0	0
0	0
1353	160
4	160
0	0
45	13
0	10
0	6
452	249
30	229
5	23
0	3
5	226
0	0
0	0
372	0
0	0
26	644
5	310
0	471
4	302
1	77
0	60
49	175
8	995
31	310
0	470
0	928
0	2
0	1
0	1
586	559
12	559
20	542
6	86
0	4
0	3
0	0
0	0
0	3
0	4
0	3
898	93
5	92
188	17
0	17
1169	3224
0	364
6	2952
1	198
8	0
0	24
28	641
0	518
16	234
23	1
0	2
1	0
0	0
0	0
0	0
0	0
0	0
0	0
0	0
0	0
0	0
0	0
0	0
0	0
0	0
0	0
0	0
0	0
0	0
0	4
0	0
0	4
0	4
1022	3918
18	44
11	888
2	2781
238	3171
0	415
0	0
0	2832
17	522
7	100
15	3082
90	0
0	0
0	0
2331	1
602	630
8	630
0	24
0	0
0	28
1	28
15	302
8	302
19	167
4	1278
168	1277
3	300
0	509
0	229
0	33
0	2
11	0
83	797
8	315
15	790
0	107
0	0
33	102
1	73
14	1
0	0
0	0
0	0
2	2
1	16
0	16
0	16
0	16
0	0
0	0
0	0
0	0
8	316
55	3594
172	3594
8	347
0	151
40	19
0	1314
5	1407
8	507
73	509
42	0
49	268
38	278
0	193
6	80
0	1
0	306
0	310
25	0
0	1
1	1
4	1
0	0
11	205
0	186
0	221
0	199
2	112
0	193
4	7
0	4
0	30
0	23
0	0
0	6
7	16
0	12
0	216
0	216
0	216
1	1633
0	408
0	264
3	1546
12	943
0	100
2	19
8806	2
2154	5792
0	5109
155	4379
81	4886
38	5420
56	5300
3	5271
12	5388
83	413
0	157
3	463
0	167
0	201
0	4928
0	0
0	0
0	0
0	0
0	0
1	0
201	641
62	557
6	95
0	54
9	0
1	11
579	1694
7	1693
9	315
19	281
939	101
0	99
15	0
0	95
64	464
13	186
4	57
0	136
0	128
0	455
1	24
0	21
0	18
1	49
0	147
11	0
29	0
0	0
0	0
2	6
0	6
72	441
5	106
24	200
0	21
1	161
0	2
0	3
0	161
0	76
0	0
0	0
2	0
23	0
35	471
3	97
35	297
4	328
0	0
0	1
0	12
0	9
0	12
2	12
0	433
1	7002
37	5942
1	366
21	301
4	9
3	1238
31	25
1	175
0	184
2	173
0	308
9	0
2	0
105	6501
0	0
0	0
0	0
40	7022
53	6531
220	3769
4	1762
0	3606
12	3714
0	1058
53	628
1	2
8	5
0	0
445	209
2	0
0	209
7	215
12	175
4	1
0	164
0	124
0	40
0	211
0	167
81	213
24	175
0	15
11	5
1	3
0	53
0	41
0	3
10	26
0	23
0	22
2	1
0	1
23	79
2	31
3	0
2	208
0	906
26	48
0	800
2	825
258	2999
361	2943
12	2340
38	553
2	172
0	1790
49	1893
0	1569
10	1019
8	50
4	152
229	58
48	54
0	2067
3511	2108
0	1288
9	510
5	200
43	324
9	438
0	443
0	1197
33	1203
7	33
16	4
4	4
0	0
0	1
0	0
0	1
0	0
0	0
4	79
2	2
4	77
0	0
0	0
277	619
0	188
0	633
0	2
11	0
1	5
0	2
0	2
0	5
0	0
0	0
0	0
215	0
84	2497
0	1719
16	1672
0	5
4	80
61	82
233	820
10	794
2	46
0	44
347	16
9	16
0	69
0	5
0	1
2	51
13	129
0	236
0	217
1	236
1	332
12	307
21	0
0	304
0	1
0	14
0	1
681	0
405	4
0	4
400	4765
0	4988
20	4791
142	378
79	149
1	113
1	5
2	5
248	1455
4	1044
0	119
3	28
0	378
0	0
0	0
319	0
1187	709
2	94
0	93
4	654
0	172
0	0
1	5
0	0
0	0
14	2638
27	778
166	12497
0	85
1	6333
2	9176
41	9
1	5605
7	6279
13	6180
9	9354
0	8639
0	250
13	201
0	2596
40	1820
60	4
85	0
2819	0
147	181
0	40
0	62
24	135
0	106
2	92
9	0
1	607
47	686
0	101
0	0
25	2983
2	259
122	3051
16	1456
155	668
0	665
0	628
0	0
362	140
3	202
51	201
17	598
1	77
0	2
3	227
8	63
21	158
0	269
0	524
14	78
1	90
0	91
0	176
0	0
0	12
31	9
18	4
32	57
1	91
108	393
0	0
0	156
17	351
0	52
4	181
0	310
7	86
4	88
56	5
290	95
0	43
0	43
6	43
0	71
1	18
0	1
4	117
0	103
10	0
0	0
40	669
2	462
123	523
38	384
0	235
3	55
16	100
0	23
25	5
89	775
5	502
4	18
6	81
19	11
0	374
55	6
0	0
4	37
18	63
2	4877
10	615
36	8904
11	131
0	6242
0	139
5	7506
6	1980
0	477
0	0
0	0
490	3374
2	2970
0	395
7	382
1	467
5	22
0	195
8	48
0	270
6	91
0	379
3	0
0	0
0	0
2	0
0	0
0	0
0	0
0	0
0	587
3	1650
3	1951
36	1957
0	136
4	30
17	86
0	54
0	0
25	137
42	137
82	497
0	3
2	0
6	82
0	106
0	497
146	1784
4	1597
24	335
2	82
15	0
0	0
16	310
2	0
1	128
0	149
50	947
0	0
0	310
0	34
31	16
0	879
30	57
0	47
5	7
3	2
1	0
2781	5
0	3
1824	1809
0	1809
14	61
5	8
0	0
5	2
521	0
359	1563
92	1102
24	852
2	823
0	151
406	68
6	50
1	50
12	0
0	0
0	0
0	0
0	0
0	0
0	0
0	3
0	3
0	3
0	0
0	0
11	9
1	6
4	0
0	0
2	0
977	219
0	216
0	84
0	72
0	6
2	0
0	1
0	85
0	112
0	89
0	0
0	5
1	63
0	5
0	0
0	0
0	0
0	0
0	0
0	0
0	0
0	0
0	0
0	0
29	2426
4	2424
20	2883
0	2808
13	32
19	2
18	2467
133	1160
0	2501
10	2433
1	7
1	470
0	1698
2	1
0	80
5	444
0	0
6	0
4	196
6	175
0	62
3	24
7	11
3	4
0	12
0	10
0	12
1440	0
1	0
15	0
320	1006
13	859
0	570
1	221
3	33
0	0
755	153
0	110
3	43
9	57
1	57
148	15
0	2
0	0
0	4
0	9
0	0
0	0
0	0
0	0
79	531
0	415
0	0
0	483
1266	0
0	0
0	0
0	0
0	0
0	0
0	0
114	8626
6	2930
1	4281
3	6360
37	3932
0	988
18	1445
178	1489
544	1446
12	1468
4	79
224	55
0	55
0	0
9	0
290	59
1	59
4	38
11	29
13	0
0	529
180	569
0	498
0	6
0	0
0	0
0	6
1	0
7	432
205	334
5	334
2	25
0	74
0	1
1	0
294	2739
16	712
25	1861
0	1153
10	333
1	1154
16	1231
1	57
284	757
0	191
3	337
0	715
0	534
1	112
0	143
0	0
0	0
0	0
0	0
0	0
0	0
0	0
5	1253
129	1253
320	563
2	563
1	1
1	72
0	212
1	6
27	423
36	423
3	44
15	191
0	386
0	34
46	31611
571	22443
403	743
10	243
21	5243
41	352
9	21970
0	31259
384	1042
0	566
0	469
5	132
2	581
3	943
0	200
1	199
3	184
3663	181
0	42
1	137
5	2
11	0
0	0
0	0
3	0
1	0
2	0
0	1079
0	1079
0	41
564	1080
39	78
0	78
128	1720
12	1673
0	97
0	983
0	164
288	1299
0	2697
1	75
0	2825
0	2705
0	0
0	0
0	0
2	16
30	128
13	15
4	12
0	21
0	121
0	1
0	9
0	3
0	2
91	2
88	33
48	33
3	44
113	44
185	48
0	48
34	2
0	0
0	0
46	1447
3	1601
0	1433
100	1370
2	1459
0	1455
1	951
0	40
0	226
10	164
1	0
0	73
13	99
42	0
0	76
1	300
177	528
6	20
202	228
0	0
0	0
0	0
0	0
0	0
0	0
0	0
0	0
0	0
0	5463
0	2887
60	80
4	2232
24	1258
0	113
5	5467
376	158
168	158
13	579
1	580
10	346
0	1020
55	998
0	3
0	3
0	3
0	3
0	3
0	0
0	0
0	0
0	0
0	0
1	4
22	9
2	0
6	4
53	0
0	1
0	0
0	0
672	954
0	0
0	418
14	536
0	346
76	392
4	100
0	72
6	14
0	407
0	0
0	0
0	0
0	0
0	0
0	0
0	0
0	0
0	0
0	0
19	10
0	0
0	10
0	0
21	4
53	79
0	79
3	78
0	11
33	21
1	9
0	3
0	2
0	16
0	16
0	14
5	0
3019	549
7	3
1	543
0	314
112	1566
0	1637
1	244
10	246
0	175
301	2493
33	1841
0	1511
0	749
6	1391
13	0
5	1
0	1
0	0
0	0
16	1357
2	1309
8	8
2	71
10	96
0	423
14	13
0	624
14	71
5	109
32	231
0	0
7	57
0	1363
0	116
5	35
0	35
0	0
0	0
0	0
0	0
3	0
0	78
337	199
7	46
0	172
2	107
0	121
1	130
1	1
1	2
1550	4755
10	2680
1	4324
4	1380
80	95
19	694
93	1245
34	2
369	492
0	0
66597	10823
0	10720
10	7874
0	7931
1	0
20	1
8	2
0	0
0	0
20	907
0	1546
1	1079
0	4
652	84
1	778
17	772
0	70
0	4
0	0
39	11
0	11
0	0
6	783
56	11483
0	9162
30	769
0	11483
2	0
0	0
0	0
315	210
1	210
3	0
0	0
0	0
0	0
0	3
1	3
168	0
0	0
0	1
0	1
0	0
12	452
18	452
16	38
0	31
0	1
2290	2
3	0
0	0
0	0
0	0
0	0
3	0
0	0
0	0
0	0
0	0
0	0
0	0
22	391
34	367
663	1457
3	1
54	1096
1347	650
0	8
0	12
0	0
1469	1533
0	75
132	1369
27	170
28	676
32	139
2	300
525	1539
31	718
1	216
81	1190
0	968
2	152
0	125
0	260
2	344
8	7
4	85
0	374
16	1
4	0
0	0
263	39
1	39
588	6199
0	6199
1	79
9	79
0	9
7	9
635	1585
104	1520
203	1751
0	1741
203	898
3	1
1	0
0	0
4	910
402	187
7	185
4	0
0	2
0	4142
1296	4207
6	148
4	124
50	150
0	10
1	70
0	148
1	0
4	3
3	32
184	819
0	439
1	558
3	626
15	8
21	9
4	144
0	1
1	532
0	67
1	17
0	553
0	2261
42	2261
43	14
0	14
0	700
137	854
24	1
3	853
0	0
324	0
0	0
0	0
0	0
2075	577
12	295
8	525
10	102
0	25
0	28
0	111
2309	2220
0	0
9	592
0	1691
450	7
0	7
1	0
214	61
0	2
0	28
0	0
0	58
0	10
0	0
0	2
0	2
2	18
5	1293
0	411
0	376
0	14
0	509
0	544
0	526
0	550
0	505
0	511
0	541
0	513
0	521
0	1209
0	516
0	511
0	564
0	507
0	544
0	506
0	3
1	0
4	19
16	2
3	0
32	1
0	187
6	2
3	10
3	4
19	4
41	188
66	775
2	658
0	160
0	23
0	271
0	1
7	79
13	4
20	154
20	54
5	85
18	76
162	1633
1	1327
19	1174
11	276
4	1741
0	1561
0	1363
0	1715
0	333
0	122
0	33
4	241
0	311
0	385
226	765
49	767
77	391
13	486
0	772
5	0
2	0
8	1666
112	1953
3	1710
0	1957
0	811
27	207
0	249
87	509
4	74
105	1101
26	21
20	484
0	0
0	15
0	15
0	16
2	23
0	22
0	23
0	20
40	1064
11	1063
10	218
6	1
6	301
0	5
0	5
8	1
0	0
0	0
0	1
0	0
0	0
0	0
2316	1
1094	1249
31	1033
3	239
27	478
1	11
0	90
1	83
12	240
42	146
0	151
31	3
10	35
1	9
21	325
2	36
0	4129
1	31
39	35
5	231
0	460
0	6
11	7
22	6
0	1
0	0
0	2
0	3
0	1
6	3834
594	2436
32	2971
7	43
3	2
79	51
31	465
1	641
0	0
19	602
1	978
0	946
0	275
4	6
0	55
9176	9906
310	3682
4	0
38	3262
33	78
11	1
17	4692
36	4362
17	480
0	34
0	28
2	1
0	0
0	608
3	34
48	0
0	0
38	364
1	364
0	314
0	33
0	79
0	98
0	6
0	0
0	0
0	0
4	1021
385	1508
3	619
91	731
6	376
0	25
35	263
0	10
1	3
41	264
0	0
0	4
0	1
1	10
5	0
0	0
2	704
48	196
0	608
37	974
14	777
3	363
4	22
2	191
14	269
0	7
2	5
0	273
0	17
0	0
0	0
0	0
0	0
851	275
59	275
2	19
0	68
0	0
0	0
0	0
0	0
0	0
0	0
0	0
0	0
0	0
0	0
392	4040
8	85
0	4040
0	0
0	0
0	0
0	0
550	1836
218	1836
0	0
0	2
0	0
0	0
0	0
0	0
0	2
0	2
1	0
0	577
0	145
0	593
4	161
16	619
0	167
0	163
13	596
0	612
0	0
0	622
23	772
37	772
10	17
2	32
1093	0
0	0
0	0
0	0
0	0
0	0
0	0
0	0
0	118
2	292
1	274
0	0
0	151
4	179
0	0
0	29
0	38
0	6
498	306
5	908
556	377
1	331
0	327
9	49
0	72
0	61
168	286
0	259
24	1394
4	1560
10	335
0	711
6	39
4	132
0	1260
0	256
11	105
0	156
72	670
2588	20250
1132	12419
0	8662
1	5357
0	3498
0	1381
6	1752
0	402
323	7693
19	202
0	415
1	94
68	727
0	128
0	97
0	0
0	23
0	325
0	220
1	369
544	549
0	165
0	138
0	128
0	45
0	126
0	0
15	741
171	741
0	0
436	75
27	47
410	251
1	249
3	659
94	2747
49	1971
2	699
1	2412
28	80
1447	530
72	396
217	397
2	272
0	3388
0	150
2	457
0	2790
0	2586
0	809
0	525
0	3106
28	0
46	609
1	94
0	149
1	13
1	619
0	9
0	9
0	0
0	0
40	805
0	726
9	818
0	544
27	644
8	644
2	1
20	7
6	84
2	10
0	34
0	15
0	662
0	5
0	5
2	5
0	5
0	0
0	0
0	0
0	0
0	1
0	1
0	1
0	0
328	744
133	283
0	381
0	293
0	185
2	86
0	134
369	196
9	113
1	437
0	158
0	0
0	0
0	0
1	2
0	419
0	0
0	0
2150	1085
0	1088
4	210
16	32
0	4
0	0
0	0
0	0
0	0
0	0
0	0
1927	168
6	168
25	0
1	18
0	0
0	0
298	115
1	66
0	22
0	33
4549	3256
95	2787
2	508
0	0
1	394
0	394
0	0
0	0
0	1
0	1
0	0
0	1
0	0
929	0
6	876
3529	1927
30	1131
2	408
4	0
15	4558
0	2016
1	2540
0	462
0	4557
0	2015
0	0
181	979
2	588
24	62
0	336
17	4
3	84
8	8
0	1051
0	1064
22	776
0	730
2	431
240	307
33	329
0	62
2	39
406	367
0	5
9	255
5	408
31	309
0	99
0	88
28	222
106	234
9	162
1	65
37	90
3	55
23	6
5	1
3	26
0	281
0	308
0	308
0	350
0	90
1	12
5	20
2	7
12	49
10	96
1	0
301	11290
115	11436
8	7883
0	1043
0	197
0	197
0	1064
712	1542
2	1420
0	0
0	5
2	99
1	94
11	754
0	915
16	878
0	0
0	7
2	99
7	28
0	0
0	0
0	0
0	0
0	11
0	1
0	0
0	0
0	11
0	0
1	1
0	0
0	0
0	0
0	0
0	0
1031	960
2	942
13	459
5	3
2	0
0	12
0	6
162	94
0	94
10	84
0	4
0	0
363	2975
14	893
12	1215
4	731
39	2079
2	3
0	3
0	0
0	0
0	0
0	0
0	0
0	0
0	0
1	1349
2	1113
15	283
21	373
0	0
16	5828
11520	25991
0	23074
0	0
0	0
0	0
0	0
40	291
16	287
8	12
3	59
3	49
0	15
1	33
2	22
2	5
3	0
1	22
0	11
0	24
0	6
0	10
0	13
0	11
0	13
4	7
12	17
4	17
10	121
35	459
0	4
14	394
2	5
11	7478
199	6801
7	6935
0	5930
0	7319
0	7092
0	6935
0	6861
20	770
2	28
2	4145
13	1
2	495
0	11
1	695
19	1368
4	1
0	174
1	206
3	417
1	353
12	45
7	345
0	361
0	199
2	0
0	7705
0	7247
14	291
401	334
86	280
0	270
15	35
4	36
0	3
0	1
435	497
1	493
1	56
0	148
0	228
0	165
1	121
31	71
0	57
0	24
0	449
10	197
0	449
1	0
56	0
43	4
0	2
3	0
2	2
477	2664
0	2153
0	1750
0	1746
7	5
13	2
0	13
0	0
1	11
0	8
0	11
0	10
2	7
4307	2
0	0
0	0
0	180
595	180
1000	148
4	105
2	43
11	85
2067	5
0	0
0	46
0	1
0	44
1	45
0	16
0	21
0	35
3	0
0	0
0	0
0	1018
2	1018
3	1018
61	1033
0	29
0	16
4	29
13	1
1	0
171	865
1537	3252
1	3025
98	922
3	15
1	13
0	15
0	3
0	0
0	0
145	736
20	55
0	156
4	30
3	3
28	884
1	857
88	857
241	252
0	237
0	15
1	6
0	0
0	118
33	1306
0	1106
0	474
0	152
0	152
0	41
0	106
101	396
6	399
0	0
0	0
0	0
0	0
0	0
0	1
0	0
0	1
668	355
2	355
3	3
0	0
40	1100
47	1100
0	15
1	80
4	1
0	0
17	1052
240	15478
301	1464
11	4090
1	43
9	51
21	10433
3	2323
6	3
1	85
5	1228
0	1
1	29
2	19
2	28
0	3
0	0
1	14
1676	1426
21	745
138	279
6	43
0	17
22	303
2	661
2	414
2	60
0	69
1	4
0	23
0	0
0	0
3	0
0	0
0	25
0	44
0	42
0	42
0	19
0	43
21	208
0	195
0	6
1	4
0	9
3	538
3	360
0	15
5	572
2	494
0	82
0	46
0	127
2	80
46	9
5	39
0	39
17	291
12	230
0	242
1	33
0	0
0	0
0	0
215	66
4	66
6	217
0	169
9	255
0	112
0	0
0	0
0	0
219	1329
17	1117
17	297
2	124
5	146
0	123
0	0
0	0
0	0
16	328
4	279
6	121
2	38
3	8
4	0
0	0
0	0
0	0
0	0
0	0
0	0
644	771
5	541
27	518
265	6608
0	1299
0	2316
1	6617
3	22
0	136
2467	710
29	174
0	468
2	700
13	196
213	0
0	0
0	0
0	0
0	0
0	0
0	0
0	0
0	0
0	644
3	649
1	526
6	1
0	0
2	0
0	43
0	0
0	50
0	2
1	126
0	82
3	595
23	595
0	606
0	545
4	468
5	32
0	17
0	14
0	0
0	0
0	0
233	45
1	1
1	44
0	1
1	0
0	0
0	0
0	0
0	0
0	0
224	1006
36	207
15	101
2	221
41	146
0	3
0	1
18	1
0	3899
1	204
90	3864
0	1619
0	14
2	1607
0	1492
100	1527
0	218
0	37
1	3884
0	0
0	0
0	5
1	5
0	4817
0	4781
0	351
59	12
0	4343
0	4379
48	2553
0	143
0	58
0	73
1497	1610
0	1452
10	1541
0	1539
3	139
0	89
2	314
0	0
0	0
0	0
12	187
0	159
1	42
0	1
0	7
0	5
4	3
0	33
1	0
0	0
0	0
0	0
0	28
34	51
0	23
0	4
2	5
1	71
10	73
0	85
0	84
1	5
1	4
0	0
1	5
4	386
61	379
4	247
4	386
0	0
0	0
0	0
0	0
0	0
0	0
0	0
0	0
0	0
0	0
0	0
0	0
0	0
0	0
0	0
0	1164
0	0
0	0
0	0
0	0
0	0
0	0
4	670
5	579
1	355
2	167
0	592
0	1
0	6
4	8
0	41
2	292
0	2651
2	58
7	2651
0	467
3	529
0	49
1	70
0	157
0	34
5	2
6	437
3	0
20	6968
25	7914
16	7855
43	992
6	1
16	7
0	394
13	1461
15	1586
59	1586
60	230
9	56
0	342
2	343
30	331
0	0
0	0
1	0
0	0
3	53
0	1
70	1000
1	582
78	0
0	0
173	705
4	10
7306	567
2	369
25	311
0	21
0	0
450	2055
74	1936
0	0
0	171
8	113
6	2
0	189
39	1
1	1
1	3
0	8
1	749
2	137
91	673
27	60
8	32
0	869
1	682
57	826
40	667
4	134
7	61
2	6
11	652
18	646
0	120
402	4019
534	2956
0	16
119	2324
2	300
2	110
9	335
4	186
0	11
0	3
119	25
0	24
0	2
5	133
0	0
0	0
10276	2767
1	2764
3	20
3	21
0	8
10	1416
14	973
1	168
0	168
0	606
17	1040
0	393
0	832
0	7
0	673
0	121
0	27
629	850
12	809
0	784
1	824
17	0
6	117
9	149
0	3
0	1
53	50
3	32
5	48
3	104
0	79
7	61
194	0
0	3
0	3
0	0
0	0
0	0
0	6
0	5
299	97
45	97
14	1
751	3356
9	3355
0	189
0	1
51	2076
31	2076
5	308
0	237
43	17
71	35
0	104
105	145
3	58
41	37
2	11
4	0
22	833
213	1481
8	258
0	646
0	955
0	909
162	218
0	323
3	125
1	12
7	94
3	20
0	0
0	0
0	0
0	0
7	0
3	39
0	13
0	28
0	2
0	6
0	4
0	0
0	0
0	17
0	16
0	1
0	3
0	7
0	4
33	2412
31	2252
62	479
43	266
20	5
0	5
62	708
19	708
4	114
1	2
0	114
8	110
15	50
550	615
2	269
0	107
0	175
0	98
2	151
0	39
0	0
0	0
1	3
0	18
0	9
5	22
47	911
5	930
3	101
0	105
0	171
0	0
0	0
3	26
13	209
1	60
139	209
16	0
1	1104
49	1030
3	767
6	259
0	769
285	547
36	13
168	105
3	26
1	64
0	20
11	52
0	37
83	25
1	25
504	2956
1028	3853
0	516
3	1361
0	0
0	2103
0	0
0	3
0	9
0	62
10	259
1	1162
0	0
0	0
25	600
1	415
47	617
17	280
4	0
0	149
0	29
10	153
0	0
0	0
167	960
7	800
4	155
5	317
1	1
0	3
0	3
1	0
0	0
3	4158
23	864
23	3786
40	880
1684	246
79	243
0	0
0	0
0	0
0	0
0	0
0	0
30	333
77	330
15	319
0	242
1	192
18	192
0	3
0	337
104	41
1	2
7	37
0	3
0	2
8	127
0	3
0	127
0	0
45	30
0	7
1	24
0	1
4	0
2	66
0	51
0	1
0	53
0	10
0	788
98	177
0	0
0	0
8	766
0	574
3	564
0	230
0	206
0	570
0	169
0	195
1	83
0	0
0	0
0	0
0	0
0	76
76	104
0	0
0	0
405	0
4	2
17	6
0	6
0	6
0	691
4	839
0	224
9	9
9	52
0	48
10	217
7	220
0	1
0	81
5	199
0	817
57	1250
11	152
19	553
7	577
1	98
0	859
12	756
0	157
4	403
10	1
0	219
0	219
9	317
15	680
3	680
4	35
9	6
0	674
0	2
0	1
18	1
83	1358
2	1557
0	276
1	1732
0	859
2	81
0	54
0	0
0	12
0	12
0	0
0	0
1	0
1	6
229	530
34	453
20	150
1	115
0	1
4	2
7	5
11	16
2	14
2	16
0	5
0	29
0	2673
0	2824
0	2723
0	32
2	65
0	3191
1965	820
0	277
0	93
0	22
0	151
1	136
0	195
0	0
0	1
0	1
0	0
0	1
0	0
22	118
275	182
5	66
15	3
4	878
56	881
17	897
26	859
2	122
3	0
0	129
0	1
11	1
11	230
0	242
6	234
2	0
0	40
2	7
1	11
0	3
0	59
0	1585
111	1585
0	60
0	23
0	1584
0	1584
0	0
233	558
32	287
5	210
14	109
0	25
1	26
0	0
21	156
1	47
14	113
0	26
0	86
14	2
8	3
389	339
0	339
6	35
3340	661
2	220
0	525
4	39
3	47
0	3
0	0
0	0
0	0
0	0
3	1
1	1
0	4
6	3
0	4
0	0
0	0
0	3
0	1
1007	3350
19	2817
0	0
0	6
0	6
0	0
0	0
529	33
1	33
1	0
126	263
3	67
7	263
0	2
3	13
6	22
0	18
11	4
45	1145
0	1145
7	896
1	985
3	746
0	200
0	200
32	50
0	7
0	1
0	0
0	0
0	0
2897	4334
1	2086
7	1450
0	2252
10	3
34	0
1762	4
2	2
2	2
54	904
4	159
780	1073
99	894
1	106
1	12
62	12
85	268
0	268
0	135
0	107
16	339
6	1299
1	1525
90	1438
0	1566
6	1055
20	750
0	187
0	322
7	248
7	42
1	65
2	29
3	29
0	26
1	0
0	1
0	0
0	0
0	0
0	468
36	601
7	34
34	363
2	468
123	7416
145	7361
287	7383
78	954
5	1
6	135
29	75
6	809
201	825
1	4
0	10
0	2
0	0
0	7
0	7
0	1
0	1
0	4
0	3
0	1
65	815
3	618
0	962
0	0
0	88
3	22
0	67
0	458
3	85
7	37
4	52
5	15
0	2
0	0
0	12
0	11
0	3
0	4
3	50
227	151
0	21
27	101
742	401
0	387
21	5
9	35
5	886
6	890
13	890
98	671
34	1657
25	1645
0	1645
38	1645
56	242
7	9
0	1652
7	0
2	203
0	319
123	8163
0	8732
0	8196
0	7934
2	0
0	196
35	7364
1	7068
0	7186
0	858
4	1256
0	620
0	0
0	4379
0	312
1	4
0	1354
46	250
0	911
0	45
0	2560
19	347
0	0
49	2547
9	33
11	3022
0	136
1	2648
12	100
0	446
4	1414
0	2043
1	117
0	69
0	346
5	1272
0	0
29	55
43	27
12	111
47	638
1	142
0	683
6	3
2	1004
0	11
0	0
0	1
0	0
1	1
140	8
0	8
0	531
85	532
0	220
0	43
0	0
184	1087
40	1826
1	1082
11	1744
2	648
1	22
0	122
1	59
15	351
2	214
0	51
2	1
7	179
0	664
4	831
7	891
22	210
0	881
2	110
0	109
0	825
0	767
0	320
0	851
4	744
8	128
19	699
10	910
1922	1714
12	25
88	101756
1	5
737	104223
1708	106938
68	103311
5265	114797
102	6289
4	93315
0	4233
13	4180
6	1621
1	1630
14	93719
8	187
5	568
103	568
0	0
0	0
3443	314
1	14
0	293
15	37
0	66
1439	6
44	4
10	1
0	0
0	0
0	0
199	685
0	635
0	50
0	34
0	0
0	0
3	66
0	27
19	61
62	48
0	108
15	108
1776	808
1	721
0	746
6	68
1	6
0	2
5	784
0	60
0	43
0	13
6	3
38	794
0	0
2109	3303
17	2816
14	2244
0	1334
1	952
0	194
13	140
2	1109
0	1114
0	0
0	941
0	1048
0	15
0	6
17	16
0	0
9	13210
77	4573
74	6785
46	2159
1	10493
14	9287
5	5251
1	4167
17	5313
5	8355
0	12002
13	10585
1	7557
0	3238
1	6
0	1809
0	3127
44	625
0	1
955	754
1	0
0	305
12	691
1	314
8	0
0	9
8	0
17	731
370	0
1417	141
0	139
16	2
1	41
17	85
12	70
569	372
3	36
0	336
8	20
1	0
4	208
0	14
137	132
13	103
1	18
6	19
4	30
109	0
0	0
0	0
3	0
0	0
2312	217
1	36
0	63
13	112
1	5
0	13
0	13
0	0
0	0
0	0
1989	477
4	187
1	288
0	78
74	71
0	51
1	42
42	480
2	478
2	308
18	299
0	34
0	28
13	1403
0	944
4	86
13	69
16	1
14	222
1	65
0	50
0	0
0	1313
46	503
16	504
114	588
1	85
1	84
1	502
189	26
0	15
0	11
24	365
0	295
0	59
21	59
0	84
0	273
7	211
17	0
6	216
678	407
1	267
0	144
0	124
1	0
0	317
14	822
190	857
0	28
0	262
9	82
54	268
0	258
5	1
187	172
0	72
5	68
7	51
0	2
1	2
0	1
0	0
0	0
0	0
0	0
0	0
0	0
0	0
6378	230
4	49
11	31
0	0
2	150
0	0
0	0
0	0
2	53
8	25
0	49
0	0
0	0
0	0
48	300
0	301
0	301
675	208
1	0
0	207
14	2
30	0
19	1158
2	1440
1	1607
1	2062
21	3414
157	2694
3	671
0	1410
2	2639
4	790
0	702
0	644
1	6
6	131
8	761
0	32
79	45
0	13
6057	4
1	2
1	2
1	1
1	2
288	709
5	439
0	294
1	64
5	7
3	237
0	0
212	39
2	39
6	0
200	83
0	62
0	54
55	30
0	30
1	6
0	0
2	145
221	185
0	117
0	129
0	29
1660	3102
0	867
0	2768
0	813
0	824
0	74
5	67
6	224
0	97
0	62
3	5
132	286
0	289
0	336
11	249
0	0
0	1
3	1
0	0
0	12
168	3
284	645
150	528
0	68
0	93
0	0
0	0
0	0
0	0
63	805
0	173
0	366
0	772
0	474
8	697
2	114
3	50
2	200
0	10
0	8
0	3
0	10
1	0
732	0
0	4
0	4
0	0
0	4
0	4
0	0
0	0
79	0
2	0
0	1
0	203
0	1
0	0
0	1
0	1
0	0
103	0
307	12842
411	12217
387	2309
886	1371
635	88
0	88
1554	103
40	0
0	0
77	187
1	12
0	172
0	97
0	19
0	2
0	149
0	0
1	12
53	13
0	4
0	0
0	7
0	1
0	38
0	36
0	30
0	2
0	12
306	461
0	398
0	162
0	180
4	167
35	85
12	1
0	1
0	0
7063	25
29	5
0	16
183	3833
89	3842
0	9
0	2353
0	71
1	50
1	26
0	0
0	32
0	2
0	0
0	2
0	22
0	36
0	9
0	11
0	0
0	14
0	0
1	19
0	2
0	3
0	0
0	0
32	15847
30	13276
709	15084
29	13018
1519	15167
0	9349
0	23
0	2685
0	0
8	2142
0	0
562	0
1	0
2	72
0	77
0	9
2	33
428	33
0	0
272	168
0	167
22	51
1	466
11	406
0	442
3877	758
54	403
1	671
0	0
1834	2207
3	1842
0	1692
23	1175
50	0
15	46
53	46
0	38
18	10
0	111
15	111
0	12
0	7
0	0
142	915
5	439
0	357
0	46
0	121
3	141
1	0
0	34
0	594
0	0
0	0
876	51
0	51
199	2304
0	1899
158	1373
51	503
0	1836
5	1697
3	2298
0	1914
0	1432
0	1503
11	1221
0	212
16	38
0	2257
0	0
0	0
4	0
0	6
0	1089
68	1311
0	737
86	1468
11	3
5	88
3	938
0	0
0	0
0	0
0	0
0	0
0	0
0	0
0	0
0	0
103	200
1	196
9	82
4	82
0	63
0	0
6	1
0	0
0	0
0	0
0	0
2	0
942	313
1592	308
36	0
0	0
0	0
0	0
0	0
0	0
0	0
0	0
9	2381
8	0
0	147
0	2381
0	0
0	0
0	0
6	15
6	1
0	15
0	1
0	0
0	0
0	0
0	0
521	652
1	154
1	296
13	16
8	316
85	237
0	335
58	2
12	72
0	6
0	72
0	0
0	0
0	0
0	0
10	505
1	117
1	505
8	433
11	0
58	462
2	258
0	28
15	7
5	0
3	7
14	0
2921	5114
4	1797
0	2401
5	676
11	594
26	614
0	752
1	1
1	1045
15	21
22	835
11	894
27	1
10	1186
7	120
0	678
33	775
3	188
27	617
0	75
0	0
0	0
0	0
0	0
0	0
0	0
1604	1
209	94
7	52
25	11
21	62
1	16
27	38
29	29
0	42
0	37
10	0
1419	12507
46	2833
0	45
0	9681
0	0
0	0
0	0
95	4264
36	542
122	4347
0	1749
4	61
0	0
342	0
1	422
1207	765
23	679
5	26
2	70
0	0
0	0
0	0
0	0
0	0
2526	3266
518	1693
1	3209
0	1110
0	97
1	525
17	19
42	1362
0	90
90	1324
6	66
0	168
0	724
8	145
0	147
0	769
2	102
0	0
40	103
7	919
30	25
15	15
29	1187
260	1187
0	639
0	280
0	123
7	5
0	159
1	157
17	21
0	81
0	68
0	76
0	1845
0	410
0	281
2	388
0	229
17	149
1	2
1	1908
1	0
0	0
1	1
0	1
0	0
413	0
0	0
3	433
9	431
0	430
0	0
2	1
1	321
3	278
0	43
0	5
0	9
0	60
1	36
0	432
140	2151
15	854
7	32
0	93
5	109
8	2152
0	0
1258	165
14	147
0	82
1	8
0	17
408	0
0	1
0	0
4	1
0	75
10	570
6	225
1	12
10	0
40	51
7	565
0	0
1	3
20	3
6	1
4	0
0	19
0	0
0	0
0	0
1	18
1	18
0	0
0	0
2096	2841
39	1263
47	2383
0	20
0	0
0	3
0	0
0	0
0	20
7	191
3	332
0	1587
0	316
0	0
0	1449
0	37
0	39
461	17
7	17
0	0
0	0
0	0
0	0
3	407
2	527
1467	631
0	102
0	0
0	191
0	33
0	184
1	13
0	12
2	1147
1	1445
0	1339
1	1
0	1
4	2
1	1420
1	1178
0	1455
0	26
0	1587
7	793
3	1294
4	958
173	394
0	1501
0	1621
4497	4
0	0
0	0
8	71
0	0
0	0
0	0
0	0
0	0
0	0
110	180
0	180
7	4
0	0
16	69
4	2
0	18
0	50
6	69
9	54
17	51
7	0
0	0
0	0
28	21
0	7
0	16
0	3
1	0
3	0
0	0
0	0
0	0
0	0
2167	89
21	89
479	0
296	138
0	138
0	0
0	0
0	0
0	0
0	0
0	0
0	0
303	0
0	2
0	0
0	2
0	2
0	2
1	12
0	3
0	4
0	0
0	2
0	0
0	3
0	12
801	172
3	168
5	4
5	21
0	404
118	404
0	323
1	298
0	0
0	0
0	1
0	1
0	1
2	12
0	2
1	1114
0	1965
0	1827
5	1865
8	6
0	240
20	122
9	184
0	28
1	0
0	18
0	7
776	766
0	0
2	1643
0	1615
0	1320
1	283
2	372
0	441
2	372
0	733
5	684
1	5
0	11
8	419
66	66
0	354
1133	755
15	601
1	121
30	11
1	66
138	73
0	74
0	39
0	52
0	22
0	0
0	0
0	22
13	461
1	276
158	237
8	12
0	128
0	16
0	98
1	46
1	132
0	150
155	2971
1	3027
70	2892
0	2942
0	3023
1622	0
0	0
0	0
0	0
3609	3
0	2629
2	2437
0	321
0	70
9	59
5	5
0	315
9	28
47	65
0	2629
4	379
0	3
0	0
0	341
0	200
6	150
2	327
0	46
0	140
2	0
1	47683
1	44871
3984	47433
10	46431
26	47419
0	394
8	378
0	400
2	8
4	20
0	1
1	0
1	2
28	18
0	11
780	7
0	2
4	1
0	0
0	0
0	0
0	0
0	0
0	0
6	190
18	541
0	533
1981	251
0	117
1	2
0	0
4	49
0	7
0	12
0	15
0	65
0	3
2505	2841
0	1178
39	2096
5	508
0	0
390	2213
8	2211
0	2
36	266
0	128
2	398
12	697
0	0
1	0
4	1
0	0
0	0
0	0
137	11874
0	12244
18	6315
2	525
71	213
80	544
46	317
0	483
0	3274
0	2442
4	18
0	12295
1	49
5	49
2	9
0	11
2	68
0	0
1	44
3	44
0	11
0	3
0	52
0	978
0	911
1	731
0	757
0	275
0	268
0	74
0	179
0	858
11	2893
30	36
0	29
133	161
2	260
12	569
296	1730
0	2333
10	656
0	573
0	212
1	2797
30	438
2	2167
0	106
1	156
475	10
1	43
0	185
0	117
0	114
6	102
16	352
532	175
0	101
25	11
7	61
10	2636
25	1217
0	169
22	7
10	86
0	33
5	138
66	152
7	65
0	16
0	2680
1042	11
0	0
0	0
498	28
5	1
6	27
3	712
40	717
3	672
13	714
0	62
26	244
0	7
0	0
0	0
0	0
0	0
16	103
26	88
0	144
5	107
0	14
5	30
0	0
0	147
0	0
0	1
0	1
170	0
0	0
1	0
0	0
1	793
720	840
0	201
2	100
0	7337
0	9743
0	9028
2	8886
13	794
23	369
0	762
51	2389
73	2391
17	1417
8	9985
2	32
0	32
0	0
0	0
0	0
0	0
0	0
0	0
0	0
0	0
0	0
28	179
7	183
9	137
20	160
16	41
0	0
0	0
0	0
0	0
0	0
0	0
0	0
0	0
0	0
0	0
1147	438
9	196
2	176
1	195
0	47
0	2
0	0
13	1
287	6250
0	10
2	58
33	6182
4	3
1	37
235	660
30	661
404	117
0	6
0	5
0	110
5	132
0	122
0	5
0	0
0	21
0	3
0	0
22	27
1	27
0	3
23	43
34	54
0	42
0	1
1	0
103	57
0	57
0	0
105	969
14	967
129	491
0	105
3	88
4	45
14	42
52	12
3	11
0	1
1186	11
7	279
0	335
0	295
1	330
3	154
18	63
0	315
0	0
3598	3
0	15
0	15
0	4
0	18
0	0
2	187
7	185
65	0
0	0
0	0
7	1477
3	1619
4	1290
13	647
5	75
0	309
2	124
2	2
5	2
0	0
0	0
21	0
0	13
0	1
0	13
0	0
0	0
0	0
0	0
0	0
1150	77
0	72
0	32
0	2
0	4
0	0
262	249
0	43
0	186
0	56
2	51
4	277
2	130
61	304
6	87
0	0
6	128
2	0
7	0
0	10
0	8
0	3
7	7
18	69
8	61
6	60
18	269
816	632
3	150
8	90
0	315
0	0
0	0
0	0
0	0
0	0
167	141
0	0
3	109
3	27
10	32
0	0
0	0
0	0
4	3
0	3
0	0
0	0
0	0
580	0
418	1478
49	1378
0	0
74	257
0	1
30	9
192	19
0	646
0	0
0	0
0	0
0	0
0	0
0	0
0	20
20	1168
834	1933
1	1234
3	3
4	96
0	0
0	2
0	11
0	118
0	119
9	391
333	545
1	464
2	162
2	4
508	162
11	161
20	1590
14	759
29	1549
4	1231
6	242
52	783
2	1059
0	0
0	0
0	0
0	0
0	0
0	2
0	0
0	2
0	0
0	0
0	18
12	57
0	21
3	57
0	26
1	14
1	3
183	487
0	487
2	42
93	1248
4	123
11	1248
0	70
1	19
0	56
3	1
11	117
0	1
0	1
0	0
0	1
9	0
1007	0
5	0
1	0
0	1
0	17
0	27
0	169
0	0
0	0
0	8
0	4
0	1
2	3
1	79
0	28
99	73
0	168
0	0
0	3899
3254	5153
56	5144
0	529
2	17
13	17
1	1852
5	0
0	0
0	1
1127	1848
6	1848
6	1852
0	0
0	0
0	0
452	94
0	94
0	2
40	356
13	356
0	0
0	0
0	0
0	0
0	975
0	656
0	402
0	637
0	31
0	11
37	70
0	8
0	69
0	52
1	902
0	933
1	948
0	0
476	505
17	489
24	515
8	177
842	0
1870	0
26	4226
0	3321
0	2571
1	166
18	3600
14	3465
36	93
4	230
3	861
0	79
206	17
10	2
1	661
0	230
17	143
0	9
0	9
222	70
0	70
0	1
0	1
0	6
0	6
1907	109
0	109
10	117
102	637
34	653
0	100
0	76
5	150
5	22
16	0
0	60
4	57
2731	3
0	2
0	2436
0	0
0	0
78	1759
35	1746
0	191
0	94
0	92
0	15
0	91
0	0
0	0
0	0
4	0
0	0
0	0
0	0
1	0
0	0
0	0
0	0
242	585
13	597
33	544
0	49
0	28
0	19
0	0
54	1770
0	3055
24	2882
3	1945
0	1693
12	59
1	3191
3	0
1087	609
3	622
9	622
0	0
9	444
897	489
5	194
15	221
2	447
0	17
0	22
0	45
0	0
0	443
1	168
0	425
5	413
0	0
17	0
6	3
3698	44428
167	43428
5	43061
3	22482
0	17532
51	22650
89	18682
9	13335
51	8847
13	12955
0	8375
0	6735
67	2338
3	2338
16	2211
0	2335
12	1005
0	42
2	217
43	185
19	4
0	0
11	41
2453	190
17	4
7	36
11	15
1	130
0	0
0	2666
0	2642
2	1815
8	808
61	132
0	2690
0	2589
4	2659
3	152
0	188
4	604
0	534
22	604
0	29
0	0
0	0
0	847
3	800
1	782
17	89
6	161
0	781
1	73
0	746
0	629
2	567
44	17
0	41
2	462
34	557
4	483
5	0
59	56
12	50
0	5
3	545
4	408
7	372
0	4
5	250
0	57
7	0
0	68
1	55
1090	556
0	556
0	3
48	267
5	237
5	311
58	587
28	396
5	379
10	537
33	142
3	636
0	56
10	309
26	177
1	109
0	0
0	0
2096	599
2	214
2	321
0	64
73	862
13	256
3	775
15	36
0	877
389	0
0	0
21	13401
0	10212
49	9186
25	7308
0	11452
0	3
1	3
0	0
0	1
0	0
0	0
0	1
1	171
2326	171
34	1767
0	1921
28	1703
4	295
7	90
46	616
4	306
2	26
0	207
8	173
20	137
0	0
2986	1
260	2142
23	1105
11	1037
4	572
0	56
2	8
0	8
0	575
0	0
0	0
0	0
0	0
0	0
0	0
38	197
0	196
11	43
5	1
2	0
0	0
248	352
5	94
4	281
0	4
0	20
0	39
577	39
40	1328
59	1328
3	305
918	565
0	146
5	39
1	3
0	11
0	5
0	5
4	11
7168	5
2	0
10	31
515	575
0	574
3	0
117	31
25	31
107	1108
12	1109
4	19
2	92
2	58
2	11
1	49
0	49
0	0
0	1
13	2900
0	1828
0	2063
1	2046
2	2270
0	1426
32	190
9	0
0	0
0	0
0	0
1	0
0	0
3	698
324	698
205	188
5	1
0	187
0	7
0	0
0	8
3	8
49	3671
0	2650
45	3555
524	2351
1	3
1	0
39	1546
1051	1547
16	64
5	865
3	18
11	0
0	0
1	293
8	37
5	865
0	0
25	43
4	2149
608	3815
12	3732
0	495
16	2770
1	111
3	0
126	1172
142	43
3	39
0	0
0	0
0	0
5	411
626	557
4	92
0	392
0	2
0	8
0	8
1	8
0	6
0	3
0	0
0	0
0	0
0	1701
4	1595
0	156
1	65
14	601
3	86
0	22
199	85
0	72
0	56
0	72
0	0
0	2
5	0
1	0
0	0
0	0
0	0
0	0
0	0
0	0
0	0
0	0
8	62
0	56
0	38
0	0
0	0
0	4
0	2
0	0
0	0
0	0
0	0
0	0
0	0
0	0
0	0
0	0
16	763
23	196
0	75
116	15
0	9
2	759
12	1424
3	86
1	317
27	1352
0	856
7	650
3	183
4	228
39	222
0	10
3	5
0	35
1	18
0	35
20	547
135	633
15	600
6	0
243	5831
1	263
2	1035
31	5418
0	259
3	2382
3	24
591	298
32	280
11	284
17	193
0	0
185	1142
0	1142
32	399
0	92
0	34
7	133
57	47
0	0
0	0
0	0
0	0
0	0
0	12
0	12
0	0
0	0
0	0
0	0
0	0
7	520
0	50
2	469
3	11
2	60
0	0
0	0
9	0
52	7170
329	6803
535	6648
118	4307
13	3967
15	2913
7	863
1215	0
0	0
0	0
1	0
0	0
0	0
1	23
4	929
1	134
7	955
0	0
0	4
0	1
0	0
0	0
0	0
0	0
4805	688
0	284
0	398
0	405
4	54
27	148
24	148
0	6
0	72
2472	82907
7	10547
1	72381
26	2522
0	0
0	0
0	0
194	294
1	57
0	84
0	0
5	103
15	103
26	1133
2	403
0	984
0	949
0	1058
0	1039
4	73
3	63
7	0
0	463
0	80
7	453
0	53
0	68
1	50
5	180
4	138
0	1047
0	95
12	503
437	596
0	118
0	487
0	46
0	40
0	112
6	4
0	383
0	5
2	37
18	323
8	123
0	37
0	13
1002	0
9	5674
1	1554
3	4639
0	6
0	2822
20	3297
1	0
0	231
0	1427
0	4182
14	0
4	0
2166	463
0	244
0	219
0	0
2	0
0	0
0	0
0	0
0	0
0	18
0	0
0	0
46	715
2	730
46	825
0	4
39	86
0	12
33	105
0	0
9	432
192	4226
72	324
0	153
0	5
5	3705
12	3510
0	83
402	3584
20	4
0	0
0	0
1	4
0	1
0	3
0	3
16	367
8	329
0	161
3	45
0	0
0	41
1	0
28	2628
0	1117
4	29
235	2266
0	35
0	0
69	1058
254	182
0	22
2	98
0	126
0	13
14	420
3	400
0	13
3	0
0	153
0	18
0	44
0	43
2	20
2	27
0	50
0	17
0	424
0	373
410	399
0	147
0	128
0	134
1	84
1	9
0	174
0	0
0	0
2	3610
4	3660
2	738
9	929
4	208
1	112
1205	262
0	0
77	259
942	0
0	0
0	0
0	0
0	0
0	0
10	4
0	4
0	3012
0	3199
0	3133
0	2922
15	26
17	0
32	205
3	23
7	16
0	24
0	0
0	3172
19	838
26	775
0	665
914	7607
15	7
0	6
0	0
0	0
0	0
0	0
0	7600
2	0
0	0
3	25
0	29
12	36
0	6
4	5
0	0
1	0
521	175
0	175
11	0
2	0
0	0
0	0
5	301
5559	413
24	304
22	15
0	0
0	0
0	0
0	0
0	0
1	0
0	0
0	0
0	1180
72	1180
1	0
1	77
1	96
0	0
0	0
0	0
83	0
0	0
1	0
0	0
0	0
0	0
0	0
0	0
209	12
0	12
224	618
0	616
125	525
1	303
4	0
0	0
2	2
16	491
505	491
0	0
0	0
9	4
381	0
0	0
4	637
1	235
31	616
8	9
1	26
3	105
91	476
38	510
231	3436
153	2261
0	1769
7	256
0	0
61	13
2	12
0	3
0	1435
35	13
36	2193
1	0
0	2
0	147
10	5654
3	5424
10	265
0	2113
1	2089
0	56
0	3277
0	1680
39	29
11	29
0	4
2	8
16	0
0	0
1	30
0	25
0	3
26	26
386	216
0	216
0	216
0	1303
10	139
0	956
2	16
44	943
32	725
0	18
0	239
33	137
0	160
25	1728
5	231
0	650
0	1695
0	1860
21	1795
0	316
8	74
8	0
172	126
119	343
0	8
0	20
3	39
0	318
1785	895
0	469
3	206
0	243
19	30
0	160
5	54
6	7
188	444
121	568
0	446
1	228
0	325
2	296
3	0
2031	24
7	23
3	0
3	139
5	1221
19	1368
1	12
8	11
29	76
17	46
1	64
40	77
35	40
1	20
25	8
7	1
6	16
3	16
0	1367
12	907
19	1
0	129
5	239
11	130
1	808
1	55
5	643
0	3
0	0
0	0
12	0
2	0
0	0
0	0
0	0
5	154
166	597
6	204
8	0
0	0
3	340
1	73
1	98
75	776
8	386
0	36
7	326
2	0
0	738
8	344
0	0
0	0
0	0
5	1139
110	890
0	569
4	459
0	501
0	469
0	31
3	125
7	323
2	419
0	314
29	177
3413	4013
12	3694
18	324
294	64
0	0
1	63
62	0
1	8
0	18
214	1129
92	1130
4	154
3	148
0	44
1	59
0	9
0	9
0	2
0	2
0	2
0	0
0	0
2	1439
0	1506
8	172
47	317
0	114
12	97
4	1
3	275
38	276
8	274
7	11
0	270
0	254
0	323
0	294
98	125
7	0
34	1384
20	1325
35	1397
13	28
0	0
8	1366
289	44
0	44
1	0
169	2461
3	227
154	679
36	1631
0	731
0	102
3	39
0	48
6	12
23	0
0	19
4	0
0	0
4649	5
0	1
2	0
0	0
0	0
1	1046
0	2872
3	6973
153	6896
5	6659
20	155
0	83
1	0
0	0
0	0
0	0
81	769
21	715
22	201
0	19
11	161
0	110
137	27
9	37
60	1522
34	173
96	3
0	1335
0	0
18	37
0	190
0	0
12	0
0	0
766	3889
0	3651
0	626
0	0
0	0
0	0
0	0
0	0
3002	4924
3	93
23	4829
0	0
61	0
15	0
0	0
0	0
0	0
32	0
0	50
0	44
0	54
2	143
0	0
5	83
0	3
0	0
0	0
0	0
0	0
3	526
0	526
10	523
17	633
0	101
0	134
2	16
0	69
0	13
0	3
0	0
0	50
0	3
0	69
0	49
0	3
0	7
0	39
0	19
0	0
0	0
35	715
1	205
14	121
46	715
0	0
0	0
0	0
13	3
588	772
31	125
0	252
8	150
2	203
5	111
0	611
51	89
9	13
0	43
0	113
0	19
0	0
0	0
1777	1078
2	924
68	1077
0	0
9	937
8	877
46	803
13	790
7	26
1	243
2	230
6	5180
0	5647
40	10
28	70
42	1960
2	1713
53	76
0	1
0	158
83	532
1	390
0	528
0	693
0	674
0	791
1	37
45	260
0	94
8	4
0	138
0	109
0	47
5	38
0	3
0	9
0	92
2	44
10	0
0	0
0	0
0	0
1	1
139	1
451	874
1	874
0	0
0	45
12	65
30	0
0	4
0	7
0	0
1	1
0	1
641	557
8	178
1	7
0	21
4	0
0	370
5	3
0	10
1	12
0	2
0	0
1	0
170	0
1	12
116	382
14	7
51	324
0	172
0	74
1	48
2	42
0	0
0	299
1519	303
6	284
0	72
4	139
0	0
1	0
0	0
0	2
0	2
0	2
0	2
0	0
1333	640
14	640
0	0
191	806
5	86
0	272
0	499
0	404
0	140
3	291
3	103
0	337
3750	2200
138	1055
0	52
3	1677
0	677
1	913
14	735
9	662
6	98
0	98
0	370
1	0
24	269
15	65
0	29
865	1
0	0
0	0
0	0
42	13
7	13
0	0
0	0
0	0
0	0
0	0
6	19
178	721
5	720
0	1
0	4
0	0
0	0
1	11
2	9
1	9
0	2
0	0
0	0
0	0
0	0
0	0
0	0
0	0
0	0
0	0
0	0
1	0
0	0
0	0
0	0
0	0
0	1
2195	15923
200	16041
1	3760
8	23
12	574
2	1012
10	3411
0	0
0	0
0	0
0	0
368	1755
3	98
45	975
4	1449
2	193
2	20
0	8
0	116
4	116
0	0
0	0
201	884
1	884
21	158
16080	171
1	3
0	5
0	1
0	1
0	2
0	1
0	29
1711	30
0	0
0	0
0	499
100	511
1	426
1	50
1	99
14	44
0	11
25	349
4	107
0	56
4	0
0	281
0	3
0	0
0	0
0	0
2575	1165
3	32
0	160
30	1058
0	173
0	89
0	9
0	326
0	78
0	146
0	283
0	270
0	56
0	0
0	0
0	2
0	3
0	1
0	0
3	0
570	0
0	0
0	0
1	72
0	67
4	1612
17	2467
1	498
8	259
89	190
0	2466
0	0
0	0
6	0
1059	0
0	1
0	1
0	21
4	34
0	6
0	34
3	3
0	0
0	0
84	0
5	101
0	112
0	81
0	56
2	50
1	0
4	54
0	1499
2	275
2	77
7	63
60	44
4	1499
0	0
0	0
15	2
0	2
28	0
929	861
0	861
1	19
0	0
0	0
2	929
11	1060
3	49
16	313
0	5
0	7
0	7
0	7
0	7
0	0
0	0
0	0
0	7
0	0
0	4
0	0
0	7
94	86
0	30
1	79
0	27
0	56
0	0
0	49
0	9
0	10
0	9
32	321
2	0
44	307
0	359
0	27
1093	60
0	4
0	4
0	52
721	296
84	296
24	137
89	0
282	1049
3	1044
0	154
53	66
11	320
62	550
0	283
0	1043
0	0
1	24
0	24
166	0
376	54
11	2
0	51
10075	10
15	0
2359	478
12	256
12	15
14	203
4	218
116	218
9	205
1	91
0	90
0	0
0	0
8	1683
355	2554
516	1493
32	1503
72	238
8	283
1	29
34	2624
0	1744
638	7120
2	3835
0	1190
101	3
3886	641
1	284
28	12
8	233
2	353
0	0
0	61
32	1298
378	1457
0	223
0	235
1	168
24	231
80	280
39	56
0	0
0	4
0	40
1	0
85	115
0	102
0	2
0	67
0	38
0	11
1703	5
0	4
353	0
117	462
177	462
0	0
0	0
365	90
0	90
0	63
106	357
21	357
8	616
1	249
2	612
2	23
47	573
3	545
7	562
0	573
0	6
0	446
71	83
1	90
4	59
0	0
0	0
0	0
0	0
0	90
34	17
1479	797
23	309
0	767
14	204
14	224
0	69
0	170
19	2
0	2
12	138
86	211
32	369
12	819
0	946
9	1074
0	50
1	0
0	0
19	1064
24	1066
0	5
30	0
0	0
686	138
5	138
0	27
0	92
322	2112
134	2028
30	497
10	211
131	888
17	539
5	172
0	156
0	667
5	706
74	708
1	137
0	699
7	20
0	90
7	57
2	66
8	21
0	0
0	0
3	0
7	20
13	20
220	379
0	0
0	376
0	0
314	68
0	68
1	6
7	0
0	138
72	138
642	0
54	608
15	608
0	7
0	66
2	3
17	0
1	0
36	0
364	1300
24	3
7	53
8	59
5	39
1	0
87	285
1	413
0	404
1407	0
1	0
256	228
0	219
0	0
0	129
1	9
0	0
0	0
0	0
0	0
0	0
0	982
16	982
0	14
0	0
0	0
0	0
0	0
49	1260
1	1
0	64
0	25
0	53
9	1224
0	348
1868	1154
2	736
0	31
0	0
0	406
9	9
2	1
769	1737
0	293
1	486
0	451
0	74
0	1490
24	160
32	20
6	63
12	0
12	4
1	9
79	257
1	16
0	25
5	247
0	17
0	21
30	12
12	5
0	3
27	1185
1	166
0	1798
71	3180
8	43
0	173
1	5
2	0
4	2
1	1474
1	1
0	2058
2560	3340
130	1424
0	3176
7	10
16	373
6	91
1	167
1	1183
0	420
2977	240
43	124
10	121
0	115
3	0
14	457
2	598
7	527
0	131
0	27
0	58
74	127
2	7
13	12
1	25
17	137
565	265
0	152
0	100
63	1848
2	1595
1	84
45	1383
0	189
0	11
25	966
5	12
2149	13
49	3556
1	2727
56	420
6	465
7	2809
64	2829
0	3190
1	1864
7	256
52	0
26	4
5	1733
0	9
0	849
0	0
0	0
0	0
11	1340
2785	1624
0	130
1	79
9	74
3	9
1	9
25	30
8	14
0	4
0	0
25	175
0	1
3	185
7	165
1	7
0	14
1	16
0	1
0	0
181	51
24	51
7	0
3	1514
0	35
0	11
0	133
10	82
2	40
0	0
0	5
0	10
0	56
0	21
0	23
14	0
0	0
1	208
0	5
0	1504
15	21
10	43
0	38
1	976
0	976
1	0
783	0
985	228
0	11
6	225
512	10
198	290
0	106
1	108
0	126
0	52
796	536
28	438
13	190
1469	0
388	3860
150	3296
4	43
45	737
1	4
13	20
0	1975
48	2528
0	2230
1	1167
0	60
19	117
0	0
0	1303
0	53
0	53
0	0
28	6
0	3
0	6
1	0
0	0
0	0
0	0
0	0
0	0
0	0
0	0
0	0
0	1
0	1
4	22
2	44
0	27
0	93
0	164
9	61
2	84
0	155
0	1
0	0
0	0
355	628
1	536
0	74
0	0
0	62
0	3
12	0
113	475
13	242
0	489
6	93
0	5
0	7
0	515
1	42
0	40
12	83
0	511
41	53
3	388
0	109
0	102
0	515
0	0
0	0
0	0
0	0
0	1
0	0
0	0
1419	999
5	991
3	709
219	1472
2	65
126	271
2	944
0	659
9	16
3	568
86	33
554	897
34	232
5	41
3	101
52	585
18	4
6	2
28	219
0	390
11	630
1	171
3	213
0	161
0	483
0	478
0	678
0	340
0	1
0	1
0	0
0	0
2	547
36	1444
635	0
0	2
0	1
0	1
0	0
0	0
0	0
0	0
0	2
32	517
94	1066
47	1061
29	1186
12	976
0	1104
1729	964
48	608
8	589
73	78
4	12
0	30
2	3051
2	3079
0	31
0	2936
0	6
14	30
1	22
0	0
1	2936
21	12
19	517
4	436
0	176
17	149
1	12
1	0
0	477
20	1
4741	23817
30	23546
1	0
0	0
0	0
0	0
120	2140
181	2154
18	1733
0	1564
13	111
1	179
37	440
2	87
0	3
1	194
83	184
0	124
12	184
39	2324
0	5425
0	4386
6	2
0	804
0	5
3	5
0	0
355	118
22	84
0	10
4	84
1	32
1	32
0	0
0	0
0	0
4961	2441
7	959
0	348
0	284
1	998
0	7
324	243
7	27
0	132
16	0
0	0
0	0
0	0
0	63
3	25
0	60
0	48
0	4
6	437
331	525
6	477
13	0
0	310
1	0
0	0
1	6
0	0
0	0
0	3
0	6
22	402
0	318
37	67
0	361
0	246
1	101
0	0
0	38
0	39
11	323
19	2
2	209
5241	10886
65	10874
24	4
2	1968
2	2202
13	4630
2	2419
5	7
75	710
0	27
0	271
0	57
1	439
0	52
7	0
1	0
19	45
0	41
0	0
1	5
0	641
7	0
6808	3315
1	709
1	311
9	1479
4	1138
45	5
10	1276
0	0
204	111
9	52
1	23
0	5
1	10
2	10
4	21
1146	845
18	819
1	523
2	36
0	845
5	52
1	28
59	678
0	7
0	64
4	678
0	55
2	82
1	137
0	92
1	78
6	54
19	124
2	140
0	0
0	22
3	46
0	52
9	4
0	11
0	0
6	194
1363	216
0	64
2	0
1	22
782	1
186	0
0	0
1	0
0	2081
0	0
0	1
0	0
0	88
0	266
1	2507
0	3289
0	2176
8	3312
0	2051
0	1078
3	3306
1	3189
43	256
0	22
0	2088
0	26
4	1174
0	97
11	192
0	94
3	136
0	25
2	157
0	64
5	64
76	625
0	46
15	76
0	250
604	5
10	5
335	4
0	2390
47	1173
2	331
38	330
60	2390
0	122
0	109
0	103
0	118
0	13
0	89
0	93
0	0
0	0
0	0
416	110
4	97
8	13
0	3061
0	2882
10	5
26	2996
0	0
0	0
22	0
2	0
0	0
0	1542
67	1542
1180	1
37	1161
3	1161
3	1
0	1
311	4
1	4
1292	912
0	912
50	3065
109	167
2	10
139	1708
110	804
8	2635
0	0
18	211
1	30
0	50
2	92
0	15
1	0
0	0
0	0
0	200
0	1
0	276
0	747
0	531
0	199
2	526
0	779
0	633
0	778
0	843
0	1021
111	1072
265	862
0	417
0	375
2	11
6	125
0	0
0	2
0	4
0	5
0	5
2	0
0	13
0	4
6	29
0	1
4	3
0	25
0	0
0	0
0	0
0	0
28	0
162	1
0	1
1	0
0	50
0	0
0	0
0	0
0	120
2	129
0	100
0	107
0	28
0	0
0	22
0	8
4	1
2	0
0	122
0	125
1162	2000
172	2000
0	0
0	4
0	4
15	625
52	659
106	658
3	613
3	178
13	22
2	40
0	0
0	0
136	7279
254	7279
214	568
940	103
211	72
152	7
1	6733
319	12
5	8
1	4
1	691
243	3776
12	4202
5	678
212	1099
23	224
2	566
10	559
7	20
2	4682
0	4817
1	473
449	4817
2	1178
0	337
16	239
7	0
0	0
0	0
16	4976
25	2581
0	462
3	0
4	0
11	0
0	1263
1	106
0	1214
0	0
0	940
15	755
0	356
4	239
1	31
0	14
27	0
3	4831
141	2233
0	982
42	1873
0	330
0	1664
0	1271
11	60
0	223
23	633
0	588
0	105
0	147
38	370
8	175
276	0
41	0
98	1431
0	2704
3	147
0	161
2266	2588
160	1092
0	100
2	5
0	360
5	99
0	25
16	2
27	0
304	0
0	152
0	66
0	1125
7	15
4	833
3	2
0	691
0	490
0	1
22	846
9	12
2	0
0	884
0	107
0	5
6	13
4	114
68	124
268	153
0	112
24	68
2	68
4	54
0	2
0	0
5	1847
1	1140
0	5165
0	474
24	234
1	429
0	822
5	4665
431	290
2	282
0	19
0	209
0	51
0	46
103	10391
0	6629
17	1289
26	10379
76	10495
1	658
2	292
7	308
108	27
139	181
180	11253
129	9877
2	9300
0	3262
7	275
1	210
2	210
0	0
5	155
0	141
0	117
0	103
0	49
1	67
0	5
0	10
3	3
5	0
0	154
67	504
15	500
0	35
31	218
0	164
3	78
1	0
11	21
1	10
0	0
1	638
3	752
51	1601
154	1703
18	102
67	89
1133	115
3	23
9	352
45	351
5	63
0	21
46	427
0	0
1	422
0	26
4	63
0	75
0	159
26	531
389	636
0	410
7	57
9	5
0	206
0	222
0	91
0	7
13	120
0	3
0	0
0	3
8	228
0	212
0	214
0	205
0	236
5	5
0	28
3	10
0	30
3	45
1	111
1	10
0	13
0	34
1	0
0	182
0	4
0	212
555	36
3	3
0	3
0	31
0	1
6	3324
143	2708
5	375
6	3142
0	130
21	284
3	422
33	404
0	198
0	63
0	130
0	48
1	77
0	1
0	6319
48	4840
233	6518
0	1381
17	0
1	33
8	348
0	402
0	22
0	48
31	102
0	54
0	0
0	0
0	0
0	0
0	0
0	0
0	4
0	4
778	1410
14	333
32	1076
922	4790
1	3719
0	2701
0	824
8	0
0	312
0	247
6	403
159	420
0	84
1	13
0	7
0	10
0	1
0	1
2	0
137	1912
0	899
7	628
4	93
15	1210
37	106
19895	29340
296	27266
21	36
26	25781
27	13790
1882	596
1	595
0	194
2	194
0	63
3	194
0	0
1	3
6	279
0	106
3	16
0	247
0	247
0	42
0	295
0	214
1276	4492
45	4041
2	1294
2	33
197	0
0	86
12	86
1	3
0	2
0	0
0	0
0	0
0	0
0	0
0	0
0	1
0	1
0	1
4	844
3	833
0	35
8	50
25	264
0	391
0	420
3	732
0	811
0	2
804	756
7	683
0	47
35	84
33	71
0	25
2	0
0	0
95	443
20	786
0	700
5	155
27	451
0	48
1	5
0	2
633	113
49	10
0	21
1	3
1	93
2	6
12	6
0	0
0	0
0	0
0	0
115	78
0	0
10	9
0	18
8	41
0	67
7	72
0	430
100	772
7	741
4	45
14	39
1215	164
4	164
0	0
0	0
0	0
0	0
0	0
0	0
197	44
16	44
1	0
729	4
595	41
5	41
8	79
0	79
6	425
0	369
6	367
5	80
0	119
33	97
0	13
3	5
0	3
0	42
88	82
25	3
0	3
1	79
0	12
0	2
0	0
0	0
0	0
1	0
68	90
164	90
0	5
0	9
0	72
2	68
9	69
2	5
0	8
0	62
795	464
1	391
0	39
1	30
0	26
0	10
0	4
0	9
13	45
112	804
2	804
3	77
1299	73
3	18
0	7
0	8
0	0
0	0
806	519
0	52
1	16
2	38
0	1
2	4
0	1
61	423
0	67
1	88
1	14
79	4157
48	3807
0	4171
130	3806
2474	3877
4	544
28	123
79	644
11	620
15	602
4	0
0	0
0	0
72	220
107	539
14	476
0	154
21	1
86	230
147	0
24	13
1	13
0	5
0	0
0	3
260	1459
133	1820
6	24
1	9
0	1802
5145	148
0	142
7	13
170	2280
7	12025
2	862
20	163
43	0
9	457
0	1960
13	137
48	11845
2	152
0	262
0	110
0	110
4	185
1	43
0	129
0	0
0	0
0	0
1326	261
5	27
11	131
18	66
1	51
1	136
87	605
2496	728
0	122
1	0
0	0
0	0
64	1080
0	1081
0	1
53	21
0	1
0	4
0	26
0	52
0	0
1	0
0	0
3210	1059
94	1036
96	110
13	88
27629	291
1	282
0	0
0	0
0	0
0	0
1030	38
0	37
0	0
213	1577
21	1497
0	122
28	384
5	273
0	111
1	122
4	100
4	97
1	112
0	43
0	1
0	15
0	18
0	7
0	7
0	0
0	1
0	1
0	0
0	0
0	100
154	100
985	1627
0	291
0	105
7	1328
0	2633
100	2735
4	184
157	1637
0	155
3	61
0	2
8	93
0	0
0	0
0	2769
3	4
2	4
1	0
0	0
0	0
0	0
112	26
1	26
0	0
1352	6
0	5
0	73
0	71
0	19
0	17
0	14
0	0
1124	10782
9	1336
0	4919
1	152
0	7147
0	10780
115	3694
21	3660
189	3765
29	3534
3	0
0	60
3	1064
55	1199
48	1086
17	927
19	120
54	190
17	132
0	0
0	5138
0	0
0	154
7	944
1851	6652
0	870
0	6708
0	6858
0	6555
6	620
0	2734
29	87
259	7051
2	3773
0	638
0	86
0	541
2	473
0	2832
0	328
0	17
3	2
0	2537
0	4149
0	4088
0	3808
0	3809
2	2401
0	1342
0	4048
28	3997
0	2766
0	715
1712	4667
9	22
4	2465
2	181
38	2719
5	4591
100	169
6	593
0	4761
0	2696
0	4791
0	4756
0	4933
1	0
197	971
3	986
33	921
5	150
0	125
0	0
919	1
280	50
6	27
0	23
78	0
0	0
0	0
0	0
0	0
14	3657
15	4478
16	2175
28	2541
1	3
1	2421
8	557
12	481
0	57
7	191
0	133
1	138
0	0
0	0
0	0
0	0
0	40
0	1
29	1027
37	33
26	982
1	39
0	321
1	117
2	61
394	835
13	819
6	14
24	672
0	0
8	680
2	649
0	30
10	65
52	23
0	0
0	0
0	0
0	0
0	0
252	2080
58	832
2	186
0	173
2	37
0	1722
3	14
2080	2
1	162
1266	2027
2	6
35	958
0	844
6	1481
265	1545
26	1793
4	353
7	151
14	43
0	0
0	351
0	5
0	0
0	0
0	0
0	5
31	579
31	579
13	20
0	20
511	255
0	252
2	23
0	3
7	0
0	0
0	0
99	17758
12	3588
7	147
0	294
0	308
29	16
141	2298
0	12564
8	3733
2	8081
36	12578
67	3714
1	1444
21	17994
3	17817
0	0
0	0
4	0
2	0
0	0
0	0
0	23
3	0
0	0
12	5
0	0
0	5
0	2
0	0
1	0
79	1458
115	1439
0	1336
10	308
0	638
2	638
4	361
4	33
6	29
137	0
24	57
1	10
1090	1075
183	1769
0	1528
0	1236
2	136
11	500
0	3
1	10
21	10
0	3
7	354
48	514
0	81
38	276
5	15
4	108
0	75
2	420
6	9
0	34
2	87
4	44
209	858
0	765
18	819
25	60
0	0
0	0
53	0
561	261
28	196
1	64
1	0
0	0
1	1279
0	683
0	1302
0	1330
0	107
0	962
0	69
0	411
0	528
0	494
0	664
0	535
0	590
0	556
0	491
0	488
0	454
0	512
0	509
0	583
1	110
0	21
3	79
4	34
0	22
29	92
6	85
25	0
0	0
417	480
0	83
5	395
0	0
0	0
0	112
1	32
0	20
23	468
6	239
8	456
0	0
4	27
0	8
0	1
1	57
49	66
1	64
0	5
0	53
1	36
5	6
0	825
198	58
11	54
0	2
1	2
0	2
0	2
0	2
4	16
20	1447
5	21897
3	123
0	75
1	20691
0	432
2	245
2	1406
9	57
0	394
6	1457
0	39
4	1
0	169
10	176
33	135
2	51
0	0
0	157
0	22
15	8
0	137
0	1421
0	36
952	37
6	3656
0	3719
0	3823
0	3641
0	3738
0	3772
0	3694
0	3770
58	3718
0	3340
6	84
7	284
74	6
112	9
1	1816
36	3684
3	19
0	9
0	5
0	0
0	2
0	15
0	61
0	66
8	66
0	63
0	66
0	0
0	0
0	11
66	224
0	46
2	83
0	112
0	88
5	5
0	37
0	23
364	53
0	53
734	0
6	0
1	0
0	0
0	0
0	0
0	0
0	0
0	0
1	0
3	0
5	0
6	21
0	123
20	125
0	52
0	3
0	2
0	0
2	381
119	645
25	3
10	219
6	4
589	727
0	46
1	423
0	290
0	0
0	0
0	0
0	0
1508	817
43	817
0	0
840	850
3	625
8	230
0	222
0	43
1501	258
4	1
0	257
2	1106
4	66
7	17
69	1048
0	959
38	401
0	32
177	267
17	59
0	151
0	12
1	91
0	127
0	202
0	0
0	209
0	150
0	202
2	1141
43	1762
3	239
5	441
2	461
0	199
1	88
20	49
33	13
30	60
3	15
0	0
47	1512
250	758
15	1415
0	7
11	124
4	594
2	22
1	335
28	386
0	233
0	119
0	69
0	8
0	394
3	1099
89	3701
0	26
1	265
0	64
0	7
0	26
0	18
3	23
0	11
0	63
2	3660
7	3251
7	3139
0	1050
0	1162
0	1142
0	891
5	859
0	286
5	615
0	1
597	4231
178	2897
28	2501
9	31
12	1341
3	972
0	0
15	247
4	262
0	33
1	255
7	254
1	90
0	86
0	183
0	63
5	266
19	196
0	11
0	200
0	57
0	0
3	77
1	32
0	2
867	117
136	116
0	0
0	0
0	15
0	14
0	13
0	15
2	5
0	0
1	0
0	0
11	0
2869	44
0	42
0	0
0	2119
0	2106
0	2033
1	2
14	15
47	60
1	62
0	35
0	12
0	9
1	62
0	0
0	0
326	4943
149	4816
4	1570
10	489
34	304
22	1
22	448
2	1578
3	171
0	174
0	0
12	22
0	5
1	3
2	1
1	1
0	0
0	0
12	4
1	11
1	7
2	172
34	9
1	41
20	202
7	173
0	0
0	0
0	0
3	0
2536	240
7	2
6	75
19	211
4	127
453	554
5	513
476	3094
0	204
50	604
0	2560
88	500
0	36
0	192
0	30
4	178
2	0
68	0
9	0
0	0
0	0
0	0
95	2057
161	2357
0	0
2	302
0	0
63	1488
436	1556
24	1363
0	988
10	829
8	784
0	45
0	60
0	0
5	171
0	629
0	1067
0	1206
2	619
0	1095
4	175
0	0
0	1206
0	0
44	289
373	289
22	2208
0	135
0	313
25	226
8	34
17	0
0	329
0	306
1	134
3	197
0	321
14	0
0	0
140	2264
167	1949
216	2044
0	216
101	2
0	0
1	22
0	22
0	432
1613	1015
2	787
8	78
5	186
12	42
0	0
0	0
0	0
0	0
0	0
0	0
0	103
121	261
25	1
0	55
3	117
7	0
0	65
2	140
3387	564
0	250
1	310
0	946
355	961
1	21
23	40
483	1044
0	68
3	0
1	976
88	72
62	62
1	29
0	21
1	0
0	1
448	652
0	25
2	193
0	0
0	7
0	0
30	1284
0	1284
5	165
2364	292
44	139
40	179
26	10
5	0
0	21
27	1224
0	0
19	1358
1	1358
0	0
186	109
0	85
0	50
8	69
0	58
6	10
0	7
0	0
0	0
0	0
0	0
0	0
101	16196
40	11011
51	14678
46	6294
6	1760
8	2172
0	11240
19	10710
0	80
5	1091
6	5990
0	518
0	87
13	38
2	38
1	0
1	13
0	98
1	79
0	82
3	0
1	0
1	0
0	0
0	0
0	0
0	0
589	8
14	8
0	51
0	9335
0	9406
0	9366
5	9529
0	9057
0	1742
0	1781
20	230
247	341
4	9158
2	0
1	77
0	0
0	10
0	302
484	329
1	5
0	27
0	18
0	0
0	0
0	0
0	168
0	171
0	75
18	21
0	7
0	0
0	159
0	9
0	17
0	23
237	937
0	742
7	57
0	60
0	99
7	179
13	734
2	290
10	91
1	0
6	19
0	8
7	2
3	0
0	6
0	1
0	3
1	1
5	1
0	6
158	7494
0	6144
0	7497
13	7236
189	134
2	12
2	1007
0	1324
4	425
7	597
0	873
51	1049
16	21
5	47
13	22
0	171
52	579
0	0
791	973
0	113
0	146
0	14
0	157
0	378
36	199
60	334
0	0
0	0
0	0
0	0
0	0
0	0
0	0
0	0
0	0
0	0
0	0
0	0
0	0
0	0
876	933
8	932
105	2272
103	3905
1	3476
2669	3844
38	8
21	169
0	178
386	458
2	410
1	57
83	16
1	100
0	7
0	1
0	1
0	0
834	15
2	1
0	14
29	0
207	0
1	397
10	35
0	18
0	0
0	60
7	271
0	290
40	0
26	3
1069	185
3	1
9	1
0	0
3	39
3	64
22	77
12	85
0	84
0	0
0	0
110	7023
1014	5584
158	3655
359	3460
0	0
25	2448
0	68
419	1840
3	855
3	949
0	163
39	137
6	337
0	186
4	3
0	0
0	0
354	144
0	97
3	15
6	15
1	899
7	1160
0	3116
0	916
2	3269
0	2280
0	0
0	0
0	0
0	0
0	0
0	1194
10	181
41	1194
90	0
210	4522
11	3
2	409
30	4343
2	417
11	174
1	399
20	244
1	54
0	1
13	5
0	0
0	0
0	0
2	8554
32	811
112	2229
26	250
41	16
358	2831
0	1590
87	7
4	685
3	58
17	794
0	1129
3	1761
0	0
0	1
0	1
0	80
0	59
0	22
0	11
0	0
450	350
3	4
0	352
0	74
0	64
0	63
0	1
27	2448
55	2016
28	1777
3	140
1	529
2	150
4855	2
3	150
0	3012
106	0
7	1201
2	120
0	1158
34	207
1	1136
4	138
0	2
10	16
9	66
92	59
906	14
0	14
3755	123
2	122
2	0
9	137
2	136
0	6
0	4
0	1
0	0
52	508
31	508
4	45
0	0
0	0
0	0
0	0
0	0
1	2738
50	2814
22	158
13	0
12	250
0	161
0	50
340	7817
182	361
239	308
7	7260
0	322
342	6790
2	681
702	93
0	93
0	13
1	4
2372	4702
0	5012
0	3130
0	3273
295	3171
9	1272
1	4450
0	1877
1	483
522	80
12	35
0	35
0	3
0	850
5	898
1	88
0	8
0	62
17	0
0	55
0	413
30	680
9	667
16	29
0	17
0	0
0	0
8592	1263
50	2
153	144
12	1115
0	872
2	9
9	107
0	0
0	0
0	0
0	0
0	0
1	19
0	18
0	1
0	15
0	19
0	0
0	0
0	11
0	0
0	9
0	0
1	0
1	16
8	700
14	565
0	342
3	723
112	716
0	604
83	58
555	86
0	7
0	52
8	0
2	25
10	4
544	0
290	121
51	121
281	450
411	0
7	353
0	381
39	381
4	3
6	12
3	2
0	0
0	0
0	0
0	0
225	82
1	60
9	22
26824	3378
1	2370
5	1272
110	886
0	1520
0	0
211	3796
0	1238
34	1500
16	1220
46	2756
0	2559
4	841
2	30
0	1315
8	0
8	527
45	0
17	432
4	117
53	872
67	980
3	433
0	0
0	187
10	2
20	21
69	509
4	509
3	7
3	32
662	32
32781	13
8	383
1	338
12	330
4	226
20	54
0	0
9	3
0	0
0	3
2169	916
4	862
20	4
2	48
0	0
0	0
0	0
20	622
750	622
7	511
0	459
0	451
15	13
0	500
0	425
21	94
0	137
0	45
19	81
0	30
0	20
36	44
907	4359
0	265
1	0
318	3799
4	39
0	20
30	299
0	0
6	434
0	258
4	122
29	915
0	0
4	0
0	0
0	0
0	0
0	0
1	0
0	0
0	0
1	0
0	0
9	0
67	74
0	74
696	1650
12	161
47	11
0	19
4	19
657	0
0	0
21	305
16	301
6	303
0	3
24	217
19	478
0	377
7	219
1	4
0	22
0	0
0	22
0	287
13	287
0	26
0	20
0	8
1	13
2	13
0	26
0	24
2	36
0	176
3	213
3	242
1	134
59	24
91	9
384	0
3919	48
10	46
706	343
0	24
4	343
77	10
1	10
0	0
0	0
0	0
1	0
0	0
1	126
17	179
16	324
6	49
0	310
734	1
4	0
2827	792
7	432
7	454
0	514
0	16
0	510
0	354
0	5
0	0
1	47
0	61
0	0
0	0
0	0
5	824
2	803
1	800
21	356
0	382
3	18
0	60
7	21
16	15
36	83
6	22
1	23
0	3
0	0
2180	5165
3	5193
0	4324
39	1184
0	105
0	340
5	341
2	313
2	4
26	5
9	1
12	109
0	6
1	0
123	108
0	62
0	61
0	0
0	0
0	0
0	0
0	0
0	0
0	0
0	0
48	114
0	114
0	1
0	0
0	0
0	0
0	0
0	0
0	0
0	0
0	0
0	0
108	1046
0	844
3	127
1	445
0	31
0	14
0	0
0	0
12	1288
87	1288
1217	1287
0	14
0	202
0	0
0	0
0	0
0	0
0	0
0	0
0	0
0	0
0	0
19628	271
0	260
1	0
5	3
1	3
4	0
0	0
2	0
4	969
16	736
16	141
33	929
0	1496
273	679
0	735
14	33
0	0
0	0
0	0
0	0
0	5
0	0
0	0
1	5
0	0
2	1992
11	2305
73	1427
0	1298
0	1047
0	731
15811	11694
0	2115
7	1365
0	1854
0	1144
16	7044
1	4378
0	4325
1	168
0	246
0	0
0	1
0	1
0	0
0	0
0	0
0	0
0	0
0	0
0	1
5604	445
15	385
36	57
0	0
0	0
0	0
0	0
0	0
0	2
15	520
43	520
0	47
0	55
0	0
0	0
10	167
7	1007
37	886
0	43
11	1843
190	944
7	1037
2	16
0	6
7	12
5	1283
3	1279
0	1
1	7
0	0
0	7
0	9
5	1043
1	1118
4	1192
0	1145
17	51
0	1077
0	296
0	901
0	1014
0	30
6	1195
15	1265
2	1175
0	91
0	1004
0	833
0	783
0	134
75	68
0	130
1	0
35	203
49	7457
4	2501
0	6087
31	7173
4	5090
17	4936
0	3344
0	4435
3	279
0	1884
2	1233
1	1377
0	1269
3	1206
0	1558
2	0
1590	3616
18	61
3	69
289	4183
168	4213
397	86
22	269
84	461
0	399
1	62
0	5
204	192
2	116
5	110
0	80
1	43
0	45
0	38
0	31
7	15
1	5
1	37
3	43
1	10
4	14
0	5
2	1
0	379
0	1417
2	1607
0	108
0	1404
160	1124
3	306
7	23
5	327
6	136
15	1
0	80
0	119
0	412
0	403
6	74
5	71
0	82
1	75
0	58
4	56
7	0
7	0
1	140
20	133
25	193
20	71
0	206
2	198
1256	1
1	3
0	62
3	263
0	6
0	17
2	271
41	240
0	9
0	15
0	0
0	0
0	0
2	16
150	1453
4	97
0	12
0	1355
18	91
225	1421
1	1321
8	982
1	80
402	4237
1	531
16	79
7	237
0	238
3	2900
5	2044
0	48
0	146
2	6
0	2044
0	0
0	0
0	0
0	9
0	9
0	3
0	3
0	11
0	3
0	11
4	265
55	220
18	167
0	77
0	0
0	0
0	0
0	0
0	0
0	0
241	102
33	84
7	17
0	4
0	3
0	2
0	1
12	28
0	25
4	0
0	0
2343	2387
78	262
0	2125
13	891
0	4
0	83
0	83
0	874
0	136
9	198
2	147
57	400
2	1
0	649
0	0
3	296
4	255
0	152
2	222
2	490
0	101
0	0
1	0
10	36
0	5
8	6
228	23
0	22
2	1
0	0
0	0
0	0
0	1
0	1
0	0
0	0
0	0
0	0
0	0
143	1701
35	1700
0	200
2	1
0	0
0	2
0	1
0	0
109	336
14	297
0	29
9	79
3	79
259	420
1	410
3	31
43	13
0	0
206	2840
70	1902
150	1221
1	242
2	815
31	821
104	820
1	438
20	538
3	2466
23	801
0	42
4	44
0	0
0	0
0	0
0	0
656	193
1	193
0	0
44	16
0	13
0	3
0	0
0	0
156	233
4	42
425	1453
98	1452
2	0
191	0
1	72
1	73
0	0
0	7
0	0
2	1604
12	1506
39	286
2	0
2	10
1	6
0	0
42	33
0	15
0	39
6	522
0	68
106	0
0	0
0	0
0	0
0	0
0	0
0	0
0	1079
0	76
0	76
18	700
20	542
2	334
7	0
3	60
55	351
0	184
17	0
9984	5974
0	2039
9	1130
1	244
2	265
6	2048
0	36
3	1450
0	0
0	0
8	0
153	20
72	0
152	20
31	715
1	2
0	4
0	4
0	0
4	34
3	34
0	6148
1	5085
0	923
75	2852
0	793
55	180
19	5453
10	5075
2	338
2	119
25	333
21	363
8	7
3	21
19	119
5	6623
547	468
0	472
8	472
0	0
0	1012
27	1027
3	2805
355	1092
830	12267
109	14252
3926	4509
1	952
11	0
0	178
1	14
0	249
143	205
61	8552
0	0
136	1338
260	1719
16	1065
1	16
106	9
0	0
0	0
0	0
0	11
0	11
0	11
23	654
17	653
3	106
26	14
0	9
175	118
1	9
0	113
1	67
0	59
0	3
0	6
0	4
0	4
1	4
201	88
1604	111
32	23
12	0
0	0
171	5300
101	3223
0	1358
165	923
0	688
16	3905
29	169
1	1040
0	83
1	3029
74	2693
78	1523
2	493
47	984
0	6
0	0
5	12
1	6
0	0
0	0
0	0
0	0
45	5777
94	5704
230	5875
53	1490
0	483
47	1622
1	29
0	66
0	139
4	0
6	16
0	2
0	2
0	0
11	0
0	129
0	147
0	17
0	5
0	1
0	1
0	1
0	1
0	7
0	1
0	0
0	0
0	0
0	0
0	1
0	9
0	1
3	6
0	1
0	2
0	2
0	0
0	143
0	145
0	0
216	967
27	993
1	29
117	0
10	2
0	2
4	2403
2	2972
2	2814
15	69
12	67
2	67
1	0
0	2
464	481
0	397
3	210
9	0
2	25
71	0
1	0
28	1535
203	1587
0	3
2	46
18	151
0	648
9	0
0	0
0	0
0	2
0	1
0	120
45	284
10	188
0	16
1	5
0	1
41	1468
79	1269
1	873
80	1
471	0
12	89
0	2
0	159
0	873
36	3127
6	3548
1	466
2	3996
0	0
0	3747
0	0
0	0
2176	63
0	4
15	58
0	15
0	15
69	709
3	0
1	709
1846	478
0	477
5	0
13	0
0	0
0	0
0	0
0	0
0	0
0	0
0	0
0	0
0	0
0	0
1005	1
12	399
46	344
9	399
0	0
0	45
0	95
2	108
0	84
0	35
0	42
10	645
0	1736
5	1673
0	61
0	1670
0	26
0	242
28	1668
2	112
0	41
0	0
658	296
0	18
3	278
22	64
47	0
0	17
10	12
0	12
926	1317
4	1104
1	322
0	89
2	83
2	383
12	5
2	121
3	22
16	1
2363	576
5	575
8	1776
21	1461
5	1108
20	15
2	557
32	1
0	38
0	1037
6	218
3	222
0	0
6	15
16	208
0	13
0	0
0	0
4	46
0	46
360	98
1	81
16	111
14	1143
1923	1330
18	1
21	3
0	23
1	13
8	95
0	0
0	0
2	1102
0	1
130	1104
921	23531
7	23535
0	21646
2	152
0	5490
193	5041
2	1045
3	1178
1	1030
8	534
6	0
1	4
6	4
9	1232
44	1053
8	140
2	1056
3	96
27	0
4	97
21	2
0	9
0	391
3	84
0	87
0	60
0	3
0	13
0	26
0	1
0	1
0	0
0	0
0	0
0	0
419	2391
52	2391
85	274
0	0
0	0
4	386
22	452
0	148
0	165
0	194
6	0
5	46
12	38
37	179
5	204
2	146
27	186
1	40
70	618
12	618
3	4
31821	16990
0	16540
20	360
19	345
1	16
75	2
19	40
21	40
10	0
17	323
0	92
0	2
3	2
0	231
0	20
49	430
1242	3248
111	212
6	2766
2	2171
0	29
3	687
2	20
13	63
1	9
0	16
0	9
0	2
0	1
0	3
0	1
0	0
0	0
64	0
170	219
137	218
0	25
0	10
0	9
0	10
0	10
0	27
4	34
6	24
7	21
0	11
0	0
0	3
118	0
0	0
0	1
0	1
0	1
0	0
0	1
0	0
0	2
0	1
0	0
0	2
0	1
0	0
0	0
0	0
0	0
0	0
0	0
0	0
1	0
0	0
0	0
0	0
0	2
1300	184
10	0
1	0
0	1
0	4
0	179
204	256
170	50
0	457
8	457
0	457
10	453
0	44
4	33
0	0
0	0
1	0
15	197
2613	422
8	347
0	0
4091	116
12	112
13	792
1	2
4	791
119	792
27	148
26	42
0	29
0	84
0	39
13	39
68	44
0	4
1	14
0	0
0	0
0	0
802	1193
5	816
37	503
2	122
0	1
0	2
8	27
3	13
15	1
0	3
0	3
0	1174
0	0
0	0
349	172
1	61
11	172
4	2244
0	1764
0	2763
3	323
1040	2514
246	2248
76	139
100	134
3	5
0	0
0	0
0	0
0	0
0	0
573	534
4	538
0	407
2	38
461	196
3	178
0	17
1	18
0	10
9246	11
36	349
15	261
0	90
0	224
144	24
0	24
39	337
0	337
0	199
1	104
4	119
0	127
0	90
8	118
1	90
0	11
1	7
8	0
0	0
7	404
1	0
1	55
0	3
2	5
0	404
236	575
400	1150
2	672
3	275
3	195
11	92
13	146
1	122
5	15
0	66
0	2
0	2
0	0
0	0
0	0
0	0
0	0
0	0
0	0
0	0
11	3
0	1
0	2
28	860
33	14
20	526
1	499
0	610
0	52
0	54
0	113
2	353
0	194
0	116
0	59
72	4059
88	788
35	2
19	3378
18	2538
29	3255
0	2354
3	2595
0	454
0	0
13	164
58	94
32	114
1387	1
0	2161
1463	4346
3	1984
0	2577
1	87
1	2576
0	30
10	642
7	315
112	1029
196	498
0	430
0	335
0	7
0	70
0	0
4	174
529	98
15	96
137	175
0	171
0	14
246	415
22	21
52	163
0	128
1	62
1	145
7	23
0	0
0	0
0	1
0	2
0	2
0	0
0	0
0	384
2	402
0	384
2	353
1	57
0	41
2	6
0	10
0	29
0	5
0	0
0	0
0	0
12	2
0	2
0	0
0	1
12	5
0	4
26	14
0	14
0	0
0	0
0	0
0	44
0	47
0	116
0	45
0	0
0	0
0	0
0	5
0	40
0	3
0	22
0	86
17	49
0	1
0	53
0	14
0	4
0	13
0	2
0	42
0	44
1	62
0	150
0	194
0	129
0	124
0	245
207	218
0	203
0	231
0	193
0	147
0	170
1564	183
3	180
0	73
0	0
8	190
471	1037
3	2
8	4
1	372
5	56
0	69
31	328
4	211
37	2191
65	1152
0	1397
0	1413
12	1218
103	616
6	1430
7	37
0	2811
0	967
0	42
295	3208
0	291
4	2381
15	1226
8	354
15	963
4	200
0	426
1	278
2	219
0	212
62	259
297	467
2	0
8	1205
0	22
26	479
15	337
73	992
0	1184
0	0
0	1803
1153	1803
0	0
0	0
0	0
0	0
0	0
2	0
0	0
624	447
1	349
81	188
62	115
0	0
0	0
9	1145
0	331
5	486
0	1115
0	207
1	95
0	25
3	39
0	752
0	1
16	84
627	192
0	159
111	219
2	219
1295	209
0	0
221	0
11	1
0	1
1016	755
0	436
2	174
0	194
6	222
3	107
1	6
30	26
25	1476
447	1221
6	231
0	2957
0	1438
0	1412
1	1147
0	1072
24	2176
17	0
0	207
1	27
3	2
0	28
0	1443
141	4993
0	4602
0	62
0	3072
657	5386
0	1664
0	2091
16	471
2	225
4	464
0	802
0	45
103	1
92	333
21	93
0	32
0	2
0	2
5116	11
81	8
0	8
0	0
0	0
7	3099
118	3099
0	72
2	396
296	449
0	108
0	447
65	5460
41	686
22	5336
0	5147
14	4978
31	8
0	2282
1	412
12	6
3	0
3	0
1	0
8	142
0	2412
0	0
0	0
13	5839
80	5688
0	4497
0	5684
2	5211
86	3373
4	5096
0	37
0	304
7	920
0	0
0	907
27	1492
1	1340
2	500
2	785
3	209
0	426
0	511
2	91
0	516
1	412
0	2
4	95
0	0
0	49
0	975
1	896
23	1261
1	670
24	502
5	147
5	3
0	361
0	76
97	68
6	2
5	38
5	29
3	0
26	3793
370	3808
3	682
297	3684
2	178
0	177
2	208
8	220
23	408
0	2
10	55
22	122
15	80
47	3106
10	3010
195	2737
3	1431
38	542
10	268
16	180
7	65
16	493
28	135
1	262
1	380
20	435
223	881
59	113
4	60
2	52
2	3332
352	142
4	142
3	303
860	534
0	326
0	136
5699	1223
0	1178
0	44
1	2681
1	0
2283	102
0	50
1	49
3	81
0	32
12	2797
0	2767
0	2671
0	1486
5	1036
0	274
9	352
20	291
0	250
5	50
0	2758
0	2767
2465	213
13	133
0	63
33	1
0	19
1	2
23	1245
10	805
2	1234
2	524
0	9
108	0
53	0
0	5
0	5
0	0
2501	2786
59	2786
97	721
937	772
0	769
17	605
3	65
294	70
2	63
0	6
0	15
0	2
0	0
0	0
0	0
0	2427
0	1872
0	954
0	1938
95	2620
0	1667
155	2625
32	2187
0	549
14	726
0	6
6	2
0	58
18	79
0	123
126	550
28	582
0	21
0	70
10	1714
341	1714
706	7292
10	7292
8	3277
0	257
4	1
0	6
0	11
4	257
3	364
0	348
7	180
0	361
1	25
0	6
0	3
0	0
1	3
38	181
0	87
0	55
0	94
3201	0
75	0
148	216
3	216
5	1
0	1
0	1
0	0
12	12
0	12
0	9
1	4
0	3
0	2
3	278
216	322
12	126
1	85
23	97
0	72
0	22
0	18
13	15
182	2530
0	2326
5	412
27	120
56	106
0	6
282	82
14	156
3	20
1874	81
0	22
4	10
9	27
0	3
0	22
1	0
17	697
1	677
1	731
0	149
0	199
0	100
0	72
4	11
0	97
12	60
7	26
2	2
34	11
9	573
1	77
14	424
11	76
8	552
0	34
0	53
19	67
0	47
0	395
840	396
0	126
5103	43
0	41
13	773
70	735
164	1496
35	773
0	100
9	245
0	233
2	3
4	3027
9	3225
0	1745
54	1743
16	190
6	115
0	58
30	95
0	0
646	3994
31	4763
0	4461
42	3607
0	1908
0	800
5	1636
40	1396
4	1455
2	1398
14	429
75	1040
1	281
0	315
0	28
0	4070
69	0
1	54
1	54
1	4
0	2
0	0
0	0
0	0
0	0
1	95
0	95
0	93
0	93
4	93
0	0
0	95
0	95
0	0
0	0
0	0
1328	1
0	0
0	0
0	0
0	0
0	1
1	1
832	56
8	43
29	47
0	0
20	517
48	270
1	229
7	78
0	117
0	600
0	277
5	736
0	0
0	0
0	0
0	0
0	0
585	4
7	4
0	0
0	0
0	0
0	142
11	129
0	323
8	32
0	591
24	750
0	738
3	1336
0	883
0	1317
0	1370
3	425
0	794
293	1313
125	20251
1584	20253
66	14506
1	1724
40	72
1	71
1	0
0	0
0	0
0	0
0	0
3	7
0	0
0	7
0	0
0	3
0	2
0	3
0	4
6713	3326
3	2575
32	3077
4	989
0	2334
74	2578
1	2025
1	2958
3	0
5	656
3	963
35	43
1	0
13	73
593	541
8	21
2	141
1	158
1	0
6	50
0	0
0	32
50	50
0	29
118	16
0	253
29	60
0	0
31	838
0	91
1	850
1	7
7	838
0	55
15	0
12	151
0	825
973	180
0	178
2	105
0	0
0	0
0	0
0	4
0	0
29	47
0	47
0	22
0	0
0	0
0	0
2494	1
0	0
8	0
74	1730
1	1784
1	580
0	465
2	155
3	450
34	210
0	119
5	51
2	50
2	5
63	3
6	4
9	66
1	45
0	20
0	7
0	1787
0	17
0	17
364	291
76	241
0	201
0	114
11	56
1	44
20	79
13	4
0	4
18	79
0	0
0	8067
0	193
0	182
0	93
0	120
0	30
1	3
0	1
0	5
0	0
6	0
9	454
10	59
0	367
0	18
0	16
0	5
1	3
0	129
6	454
13	3
0	3
5	3853
0	4161
0	5147
0	5144
9	5145
645	5873
0	3086
0	1143
13	209
1	215
60	93
2	13
4	27
1	13
0	78
0	12
0	12
0	1250
0	1258
70	1434
0	1344
4	1340
11	502
0	165
0	151
2	6
2	10
18	2021
0	1974
10	1787
226	2070
18	1105
0	9
27	47
0	1342
2783	284
0	0
0	0
0	14
0	0
2	9
3	5
3	14
3	0
0	0
0	0
0	0
521	194
17	194
0	251
718	408
2	1
199	0
0	157
0	0
32	0
0	0
0	0
4	64
0	64
0	0
0	0
0	0
0	0
0	0
0	0
65	3908
0	3878
4	1892
69	254
158	1333
22	1101
149	19
215	5
0	0
0	22
0	28
958	21
3	0
2	133
7	254
0	181
0	39
0	39
0	69
0	79
3	105
68	157
1	0
0	1203
328	1203
2	1049
233	942
0	109
0	19
0	940
0	0
0	0
0	0
0	0
0	0
4	0
72	77
813	233
0	187
0	99
1	84
0	60
0	0
0	2
1	42
0	0
0	0
0	21
0	60
0	1950
8	1950
82	1950
4	3
0	300
29	1804
6	1818
40	1031
0	51
0	96
0	0
0	0
0	1
0	1
0	0
5	0
2	581
15	610
24	178
1	153
19	68
0	33
5	43
12	15
0	0
0	2
0	2
0	2
1	28
5	75
1	16
0	65
0	2
0	65
0	8
50	0
0	2
0	2
2	286
17	286
0	1
0	39
0	1
0	3
36	2242
4	2119
0	74
0	2141
935	338
1	338
0	253
0	0
0	0
0	0
20	0
8	2177
62	364
1	1751
7	1876
103	1650
0	1982
0	10
8	33
26	302
0	43
10	377
0	1
0	1
0	0
29	181
0	559
7	537
4	62
18	277
0	5
12	144
0	0
0	0
0	0
0	0
0	0
0	0
2	0
2	0
0	0
0	0
0	0
1	0
15	229
56	231
2	201
3	162
1	24
5	33
0	33
12	0
0	0
0	0
0	0
17	116
0	6
0	15
0	6
0	19
0	93
0	19
5	0
5	6
41	38
7	15
3	37
16	14
0	5
0	0
0	0
4	0
1	0
3	0
240	177
8	177
44	0
2	837
0	815
0	106
0	38
0	403
0	0
5	538
0	537
0	472
0	112
0	85
0	108
0	7
0	17
0	0
0	41
1	3
36	96
3	88
0	92
0	0
0	4
2	1409
47	1758
0	1839
10	96
0	1730
0	1195
0	507
0	1162
0	0
8	94
1	760
74	349
0	35
0	1682
0	158
0	117
0	0
0	165
0	0
0	0
1	3
12	7
0	4
0	0
14	56
2	56
0	35
3	6
0	8
0	3
0	3
0	3
0	3
0	3
0	3
0	2
0	2
0	0
0	0
0	1
0	0
0	0
0	0
0	0
0	0
0	0
0	0
0	0
0	0
2	9
30	9
267	452
0	435
9	427
0	82
0	21
0	2
0	0
34	1997
0	71
0	62
2	0
0	78
1	76
17	1
28	0
0	1997
45	4875
428	4875
0	63
0	0
0	0
1127	5004
0	4998
15	64
10	60
1	2
0	0
0	0
0	2
0	0
0	0
0	0
0	0
0	1
1	1
0	0
0	0
0	1668
78	1832
11	818
25	1089
3	270
0	0
298	348
4	348
0	254
12	14935
2746	14935
155	417
11	412
16	346
0	342
2	305
0	293
0	0
0	0
5	15
0	16
1	1
2	12
0	0
0	11
0	12
0	2
96	634
0	608
16	329
0	262
0	34
0	0
0	0
0	0
0	0
0	0
0	3
230	533
36	500
10	422
0	0
1	107
0	1
26	3368
12	0
0	3368
0	0
0	0
638	1058
2	0
1	131
0	1041
428	857
0	0
4	857
4	0
0	0
1	335
90	384
6	295
1	48
1	262
3	7
1	191
0	28
0	8
0	0
20	198
0	0
16	170
20	17
0	0
0	0
0	0
4	55
0	13
1	49
0	11
0	0
0	63
2	66
0	55
0	1
6507	5
51	42
0	2
1	2
2	1
0	0
71	40
6	1
0	0
0	0
0	0
110	233
0	139
0	180
20	5
49	532
0	269
7	274
0	35
72	329
88	413
0	184
0	134
0	259
0	3
2	87
0	25
0	0
7	13
4	13
0	9
0	13
3	2
0	2
0	2
95	1179
0	32
3	3
0	0
0	1165
30	673
25	675
1	590
0	697
3	0
1	433
0	95
0	136
1671	575
0	574
4	162
5	0
0	74
5	73
362	88
1	92
5	0
5	28
4	28
0	33
3038	61
2	61
2	0
47	727
17	41
0	305
3	397
0	27
8	739
3	0
87	420
2	0
18	7
2	6
2	1
2	39
0	53
315	2219
38	2204
0	1
0	1
49	0
0	0
0	0
0	0
0	0
0	0
2028	167
0	167
0	0
111	889
0	889
445	5187
0	4536
491	5183
0	273
0	500
0	797
0	463
0	0
0	4466
0	1855
31	1096
0	2141
0	324
5	447
5	0
4	32
0	4722
1277	469
1	33
10	478
0	71
0	63
0	0
0	49
0	7
8494	3
3	0
155	1835
123	1835
0	0
0	0
6	118
0	118
1242	2
31	1
461	789
1961	750
0	716
1	725
0	488
0	144
149	156
0	43
62	43
67	219
0	120
27	65
54	54
0	33
0	53
0	99
2	3
50	72
0	2
9	0
0	0
0	6
1	2
1	60
39	0
0	0
0	0
0	0
0	0
19	0
0	0
0	0
0	0
278	0
783	418
0	363
0	345
0	274
2	293
1	226
0	173
9	127
6	83
0	83
0	11
0	273
774	263
0	2
0	91
4	127
0	107
783	18
2	18
191	0
0	521
2	613
22	530
5	170
3	0
0	291
1250	3
0	0
18	3
10	1779
40	4409
0	4072
145	3868
0	24
16	3170
1	12
0	0
4	2864
1	108
19	203
1	30
0	13
5243	4
0	0
0	0
1	0
0	0
1	4
0	7
0	5
39	0
156	56
0	56
0	6
74	0
2	165
2	8
805	173
1	51
368	775
181	149
0	306
0	468
49	97
4	469
5	741
113	787
251	950
18	310
0	795
7	1676
57	1569
0	876
0	98
3	25
0	25
12	0
2	134
13	76
32	150
16	2
0	65
0	99
4633	22
5	18
896	0
4	0
67	831
9	618
6	822
0	42
0	42
6	111
2	40
31	28
8	7
4	36
1	1
20	1
24	3
7	119
6	1485
5	1355
0	456
0	98
3	86
0	0
0	1486
0	1499
5	115
618	2618
14	2537
0	2
15	1110
96	777
0	0
0	0
161	1215
12	1920
375	6176
93	950
62	5776
3	24
11	2
15	79
3	145
54	328
0	10
2	189
12	78
5	78
12900	1
88	343
49	374
44	382
6	13
1	68
2	6
4	15
10	7
1	6
14	4
6	3
0	7
0	3
0	3
0	3
0	8
0	8
0	0
0	1
0	1
0	0
108	0
1	0
5	25
3	41
0	0
2	0
0	35
485	2
0	0
0	363
0	361
0	100
4	3
1	33
4	140
4	104
2	14
1	0
0	2
0	0
0	0
59	548
81	656
0	20
108	4
40	426
15	0
1	172
0	93
14	4
0	4
1	0
1944	82
4	3
1	79
4	65
31	64
0	6
1	0
0	60
426	0
1656	461
7	464
2	228
0	0
0	2
0	2
714	1075
24	510
2	807
0	0
2	6
0	952
64	723
102	5013
0	4679
7	181
0	3057
0	0
0	0
26	0
194	34
1	34
2	0
11	0
12	0
0	0
0	0
0	0
1102	3434
62	3434
357	0
0	1
0	33
0	32
0	1
0	0
0	1
0	2
0	0
0	0
0	28
3	0
12	230
0	191
1	7
15	129
191	0
0	0
1	0
0	0
0	0
4353	4830
4	2260
0	3294
0	3960
0	0
33	183
2	2375
21	158
0	630
1	2392
1	922
18	369
53	368
0	129
13	47
0	32
12	67
2055	222
1	22
1	193
0	40
22	88
30	346
0	143
1	158
0	151
1	0
0	235
42	0
151	2094
40	810
1	751
68	156
0	476
1	110
10	40
2	138
5	14
58	0
0	543
0	0
0	36
0	1257
4	965
53	986
3	426
0	362
0	201
1	99
44	427
7	1528
0	41
39	1176
10	256
1	721
45	497
41	1428
6	5
0	129
2	0
0	335
0	1530
2	38
1358	941
0	505
10	609
3	845
0	645
0	284
0	121
0	0
0	146
0	0
0	0
0	0
0	0
13	734
0	464
0	757
1	2
541	732
0	241
0	0
0	0
0	282
0	2
0	5
6	77
0	23
17	13
1	28
0	8
2	13
5	0
0	77
0	0
0	0
9	0
1	0
0	0
80	104
0	69
5	1
19	111
45	1270
1	1185
20	668
36	621
70	96
0	526
1	41
1	30
0	66
0	2
13	10483
3	498
228	3262
0	3428
6	9925
38	2793
0	3
19	527
0	643
0	656
2	219
0	252
0	252
0	250
4	4
0	5
0	2835
125	65
24	271
0	243
0	196
0	0
172	137
0	134
2	0
16	695
46	707
0	35
6	14
10	29
12	24
3	19
0	0
0	19
1009	3378
2	232
1	4
0	2283
2	573
13	51
90	3243
29	3046
0	0
0	0
0	0
0	0
1067	218
2	214
1	160
0	0
0	0
0	0
6	2410
0	1192
16	885
0	2065
5	236
0	0
0	0
0	0
17	1684
0	1340
0	311
14	64
0	266
0	246
0	0
0	212
0	216
0	4
1	53
0	54
6	0
0	1618
0	0
1499	0
35	438
1	611
118	489
8	342
13	4
7	9
8	7
90	1509
0	1400
9	1381
21	1192
2	101
0	8
8	114
1	416
0	57
0	14
11	30
0	0
0	0
2323	678
38	669
1	8
30	1
3	0
230	468
14	477
6	315
443	1
1993	586
48	586
0	0
63	0
306	121
0	121
1832	7193
0	7086
0	358
1231	1633
306	1633
0	0
2256	1295
56	451
32	473
1	65
53	505
0	534
0	117
0	458
19	273
1	77
0	61
0	23
3	0
1	11
0	67
0	19
0	0
0	516
18	3251
13	3205
2	3166
1	353
1	113
0	0
2	15
117	689
2	8
13	9086
14	356
45	6135
1	341
36	8047
6	355
0	39
2	645
1	0
0	0
1	2
0	0
6	2
0	0
0	0
0	0
12	28
0	28
7	8982
5	9211
3	2779
3	2987
0	4294
0	36
0	166
1	451
0	3
0	492
2	1
25	148
110	16822
0	16679
0	1640
15	2270
44	407
9	2846
26	172
1	3
0	1110
0	373
1	815
87	1372
183	1532
2	0
0	0
0	0
0	0
0	0
0	0
0	0
32	68
1	53
0	53
3	1
0	0
0	0
1445	651
6	29
42	622
0	629
0	599
0	582
0	600
0	570
0	369
4	213
20	56
0	172
19	185
28	181
0	96
0	142
0	137
0	137
0	109
0	121
0	77
2	74
0	74
0	38
0	3
1	7
0	6
0	573
2400	3
59	535
1	29
9	10
1	0
1	120
0	535
0	0
12	304
1	19
0	409
0	353
1	41
8	273
10	237
7	11
1	0
0	40
4	70
0	7
0	0
9	0
0	383
0	2
0	0
6	2
0	0
0	0
0	0
0	0
0	0
0	0
0	0
0	0
0	0
0	0
4	31
0	0
0	5
0	26
1344	4
364	8
1	8
0	8
0	0
3	133
0	91
0	90
1	127
0	15
41	58
0	65
6	64
0	0
0	0
0	0
0	0
0	0
82	29
0	29
3	5
0	2
0	852
182	855
0	140
0	842
0	3
163	2888
207	2927
7	978
2	240
0	3
0	699
45	705
35	122
16	1090
20	6
33	613
0	377
20	308
15	222
0	69
1009	1060
17	289
33	289
12	95
2672	103
0	0
0	0
11	3
7	1321
1024	1427
9	34
12	0
1	796
0	4
1	124
15	806
1	953
0	612
1	936
1	790
2	314
41	9
0	170
41	271
2	115
0	1
7	0
222	171
1	59
4	8
0	0
1	22
0	22
0	6
0	8
0	6
6427	1439
80	1230
0	340
5	536
0	227
287	0
0	164
0	352
2	450
25	14
3	78
0	463
1	0
0	0
1	17
0	0
0	11
1	35
2	35
0	0
0	0
0	31
0	0
214	110
9	107
0	0
0	0
0	0
0	0
0	0
0	0
0	0
0	0
0	0
478	1316
0	1283
0	840
0	1191
0	95
15	82
5	191
0	54
24	131
0	123
0	107
8	1
0	3
0	3
891	0
0	0
0	0
0	0
0	0
276	367
0	12
2	12
0	327
23	0
25	0
2	25
2	10
0	369
36	59
4	2
4	10
1	47
4339	448
207	213
9	297
32	13
0	0
0	0
0	0
0	0
0	0
0	0
0	0
10009	641
5	351
0	208
0	71
1	80
232	0
0	0
0	0
175	1457
0	1049
5	81
1	188
1	19
0	7
0	0
0	76
0	53
0	1402
0	0
0	0
0	0
241	47
651	345
23	227
0	0
274	161
5	144
21	24
0	18
0	0
34	0
0	469
0	419
3	383
0	377
0	420
3	86
31	57
0	0
2	3
34	9
3	12
16	0
785	80
0	33
0	1
0	47
3	0
1	0
0	0
83	15
0	10
0	5
0	0
0	0
0	0
0	0
91	260
18	183
2	162
5	45
0	33
0	12
1	1
0	1
0	0
0	1
94	78
0	78
0	11
8	0
2	10
14	10
71	616
21	513
0	123
42	0
0	0
0	21
0	22
0	1
0	0
0	0
0	17
0	1
0	0
0	0
0	0
38	1154
24	154
0	1144
27	803
18	1
3	82
0	0
109	457
24	457
0	0
0	0
0	0
0	0
0	0
22	6026
1114	6026
0	0
0	0
0	0
0	0
0	0
177	9
3	8
0	7
0	4
0	8
0	0
8	0
2860	248
1	18
4	157
4	1
4	70
449	704
0	704
7	43
7	2011
9	1893
102	5
3	685
17	461
0	240
0	7
2	1256
231	3442
1168	2365
301	2526
31	171
49	1939
43	280
4	160
32	89
0	0
14	3400
69	3505
6	531
0	202
18	200
1	0
1	92
21	24
3	1473
14	7
355	0
0	0
1	26
9	103
6	108
4	31
17	0
0	0
0	0
0	0
265	0
556	38
2	16
0	0
5	22
0	23
9713	28
353	242
28	148
46	54
5	94
0	19
5	13
278	1442
55	1495
9	180
0	293
1	101
29	170
0	530
40	481
9	108
0	0
0	0
42	928
17	928
0	635
0	30
56	234
0	43
13	7
1	680
145	898
0	252
11	738
15	590
9	536
9	266
0	468
0	30
0	8
14	0
0	11
0	11
0	1
4000	844
1	616
0	4
2	222
0	1
0	0
0	1
31	0
299	0
0	0
112	224
3	224
2174	3
1	1
4	0
33	0
3	0
24	79
119	79
3	12
0	1
0	0
0	0
0	0
0	0
0	0
26	2482
32	3839
30	1895
0	690
0	322
10	112
7	998
1	1
8	121
0	0
0	0
0	0
10	1111
80	1200
0	1056
19	251
0	269
2	244
0	235
1	27
2	250
0	217
0	243
0	210
0	3
371	98
3	97
156	0
973	0
0	0
0	0
0	0
0	0
0	0
0	0
0	0
0	0
13	66
8	66
5	53
0	40
146	1116
7	1081
39	54
10	51
3	39
18	39
55	0
5	31
3	0
0	0
0	0
273	66
896	66
10	34
0	34
0	10
0	4
2	597
23	59
0	614
33	397
546	759
25	240
5	539
1	490
0	6
12	117
0	2
22	884
0	2
10	759
0	1209
5	2
2	2
0	1017
262	1348
18	1226
0	0
186	1375
25	1185
64	123
4	1134
124	891
2	9
0	0
7	614
0	566
0	267
4	497
0	57
13	212
3	283
4	237
0	159
6	163
0	5
1032	738
24	330
3	67
0	276
0	411
0	0
0	0
607	626
0	455
0	34
1	57
0	123
7	0
139	3047
4	2
1	55
43	2848
0	2215
0	42
0	0
2913	971
13	736
20	121
1	139
3	266
0	0
5	311
38	201
0	135
0	35
21	2343
57	302
461	2700
0	444
35	80
185	80
0	20
0	2
7	20
29	0
2	2260
0	0
0	1938
39	2260
0	2188
8	2057
1	63
70	1184
2	0
0	0
0	0
0	0
0	0
1167	85
0	42
0	45
44	2813
11	2284
19	1612
0	1824
8	204
5	1931
0	13
0	2618
0	2472
8	0
0	8
2	294
9	1342
56	236
0	17
14	327
0	0
0	0
727	19092
367	16318
12	17861
0	3350
0	1552
15	3501
52	117
0	109
12	135
6	41
0	0
0	0
0	0
1	19
198	50
3	33
11	2
2	1948
0	1948
0	3910
0	117
0	585
140	3881
0	0
2	451
11	422
0	374
37	121
0	52
0	15
24	3118
0	841
0	84
22	119
0	202
40	198
0	3
0	760
6	486
2	158
0	487
0	261
4	262
0	3412
0	0
0	0
0	0
0	0
3265	98
9	93
2	54
6	54
0	0
0	0
0	0
1022	1309
1	1300
2	116
1	0
5	38
49	47
0	192
134	1513
7	1512
0	8
0	0
7	9
1	9
148	0
0	0
0	2
0	2
0	1
0	0
70	116
19	116
0	192
10	359
63	280
1	52
12	192
0	13
5	16
1	57
0	56
3	1
0	2
12	20
298	2229
15	2084
46	50
0	163
13	317
0	141
7	8
5	142
4	0
0	133
2	168
0	109
129	363
3	86
3	30
16	130
28	111
65	171
0	0
0	0
0	0
158	801
98	801
0	38
0	38
1	15
301	180
9	151
131	73
0	0
0	49
0	43
0	24
21	1
0	41
0	0
36	747
0	675
10	682
0	366
0	250
2	36
2	14
5	21
1	72
4	7
0	72
2	19
0	4
8	1
8	298
1	335
36	186
13	149
13	6
2	6
52	3
2	0
0	0
0	2
0	1
0	0
0	0
0	0
81	43
0	3
0	1
0	5
0	7
14	353
166	692
0	372
5	60
37	0
0	1
0	1
366	19
4	3
0	16
0	61
33	102
9	41
0	188
0	190
6	190
4	88
34	92
4	41
1340	327
8	21
2	44
0	108
0	55
0	36
10	7
2	72
0	48
0	0
0	0
0	0
0	0
122	229
8	234
4	5
6407	5582
5	5281
3	4726
56	3509
0	3185
0	0
26	2502
19	178
21	41
13	5
450	68
36	69
3	1
0	0
1	0
113	26
0	0
0	18
1	26
0	2
388	0
0	3
12	10
2	7
98	182
10	182
0	0
0	0
92	38
1	38
0	0
82	153
27	103
2	24
0	127
0	0
0	0
0	0
0	0
1072	1414
20	878
2	314
0	150
0	222
52	16
436	0
49464	20278
0	8873
1	11247
2	3592
113	0
158	198
31	110
13	202
84	59
13	25
5	241
1	331
5	300
7	231
2	16
1	42
21	3
0	3
2	0
13	13567
32	12363
22	2922
5	1620
5	1978
0	75
0	0
2	1311
2	3
6	3
91	228
26	4
0	442
29	329
11	384
0	334
10	92
4	403
0	104
1	15
0	269
3	0
0	442
104	398
1	7
0	66
1	331
0	0
10	261
33	265
0	11
11	209
0	0
22	58
6	58
10	88
1	89
8	133
0	106
0	9
0	9
0	27
50	99
0	99
5	0
0	0
0	0
0	0
479	0
1	0
9	2839
1	2359
7	483
1	9
19	627
10	110
7	211
324	205
16	55
0	999
15	63
0	12
0	0
0	0
0	0
539	138
0	127
0	45
405	166
160	237
156	203
87	0
2	77
0	168
1	201
1406	2887
1	2753
498	177
0	160
1	17
15	1090
38	1090
11	0
0	1
0	1
0	30
0	35
2	26
0	1
17113	31885
225	32063
360	31692
0	29909
0	27703
6	1471
16	168
1	1125
5	880
0	136
6	775
160	607
0	142
2	0
0	659
0	547
5	118
5	103
2	24
0	0
0	0
0	0
0	7
0	7
0	5
0	2
0	2
288	1167
0	968
0	866
1	26
0	580
0	29
0	48
12	988
11	869
0	634
32	705
32	952
9	976
0	138
9	255
0	331
14	252
1	14
1	312
0	1158
673	1333
0	239
3	229
6	324
8	0
7	0
0	1
0	1
0	1
0	1
0	0
108	22
0	21
17	531
16	279
1978	603
0	109
270	709
30	296
1	35
62	5
11	381
0	62
195	80
0	80
2	142
0	145
83	145
0	25
14	12
0	0
15	1
1	1
0	1
0	0
95	131
0	102
0	54
7	52
1	0
0	887
4	842
0	1057
0	1680
16	1624
2	1582
0	1649
0	978
0	1008
0	947
0	0
2	0
25	893
24	5
1	0
1	196
0	54
0	119
7	115
0	31
1	97
3	1
4	0
12	30
0	0
0	0
0	0
1	0
0	0
0	0
0	0
0	18
26	61
6	7
780	312
13	305
5	11
1	11
94	543
3	0
0	539
0	0
0	4
0	39
0	26
5	6
2	21
0	8
0	1
2	55
0	429
4	422
0	395
0	402
21	195
7	152
0	9
2	8
0	6
0	3
0	1
1	0
2	1177
0	1043
3	357
2	187
36	103
0	3
5	18
1	18
2	3
0	3
47	104
0	104
22	8
1	0
2781	619
3	27
1	589
0	15
3	16
0	9
0	9
0	0
3	0
0	0
1	0
0	2239
1	1744
0	2239
1905	70
8	4
16	67
6	1
0	1
2530	0
3886	5
4	7194
604	7194
10	682
0	3
0	0
0	0
50	1149
0	1178
8	1158
41	1115
0	1153
0	999
17	136
0	18
5	3
1	10
2	1707
40	2118
17	2012
17	2115
0	1868
36	2091
0	1749
89	28
0	1864
0	2
0	2
0	434
23	751
0	366
14	0
1	13
2	206
10	0
7	0
15	24
0	0
0	24
0	3
0	3
0	0
2	3
0	2
0	0
0	0
0	28
0	29
0	26
0	4
0	18
0	3
0	1
0	2
0	2
0	0
27	128
0	68
1	66
1	43
499	1
0	1
1725	0
1	19
5	1
11	236
334	155
0	192
5	38
30	244
463	750
9	750
4	246
3	12
0	585
0	122
5	56
113	866
0	216
19	616
0	1
1	39
0	3
1	106
13	106
2	91
0	56
0	2
0	1
0	1
0	1
0	0
0	2
1226	3
1	0
0	0
0	0
0	0
2	5
18	5
0	0
627	1840
1	539
9	0
3	17
0	405
6	102
0	955
2	0
4	42
2088	1
0	27
0	20
12	13
2	4
0	6
2	5
0	11
36	493
20	523
1	292
6	41
214	4777
72	5686
0	216
0	1503
220	0
0	2056
0	16
2	36
0	225
2	123
0	163
0	20
0	1776
0	2056
0	190
13	155
0	97
0	108
6	1
15	30
0	37
0	215
0	0
0	0
0	0
0	0
0	0
0	0
0	0
0	0
0	0
0	0
0	0
0	0
0	0
9	35
13	4
0	75
29	392
125	250
18	186
2	18
0	100
6	419
4	24
0	36
0	53
9	46
201	1174
13	1174
0	33
0	0
0	0
613	281
5	104
38	241
3	401
28	401
0	0
0	0
0	0
0	0
4	0
0	0
0	0
0	0
0	0
0	0
7162	216
0	209
2	2
4	1
230	759
4	353
0	407
5	407
0	36
0	0
28	0
2	0
0	0
0	0
0	0
20	8
0	8
230	83
0	83
2	62
0	58
0	5
2	20
1	2
3	0
0	20
7	0
10	0
0	0
0	0
0	0
17	423
45	92
0	61
0	100
0	423
1	18
106	1882
1	12
1	133
0	68
0	1850
1	8
2343	1208
1	1196
3	29
0	0
0	0
0	0
0	0
0	0
140	0
0	0
0	0
0	0
1	0
0	0
0	0
0	0
0	0
0	0
0	6
955	59
0	0
0	0
1	0
0	0
368	6544
184	6544
0	0
1	1
0	0
0	0
0	1
20	0
11	236
0	12
10	192
0	194
0	189
2	159
4	24
2	9
8	2
0	2
0	187
0	0
0	0
2	1559
0	728
21	659
0	568
0	230
12	1043
4	0
626	4053
0	4004
1	372
3	17
0	7209
2	136
100	8433
186	8570
0	139
0	130
195	8545
1	1952
9	12
0	6
0	9
0	12
2	3
0	1
257	1553
0	1409
3	295
37	64
22	0
7	125
13	79
80	106
0	210
119	133
55	689
0	707
0	153
3	1
0	724
0	0
0	0
49	57
0	10
0	1
0	46
97	4915
8	4714
28	4579
12	79
0	227
79	1290
5	0
59	3115
5	131
0	2806
22	103
29	1731
6	1193
19	582
348	254
4	65
35	9
45	121
0	0
0	2
0	2
4	40
0	35
0	11
0	0
0	0
1092	788
0	512
2	0
4	261
4	274
0	14
7	0
0	254
0	257
8	194
0	249
0	60
34	238
0	251
0	136
2	66
0	17
0	18
5	6
1	5
3	5
0	255
0	251
0	200
0	256
3933	18944
23	17928
10	19245
10	2683
41	587
7	46
3	138
0	33
0	60
0	44
0	2683
42	0
43832	18297
1007	17404
165	3643
4	633
1714	1918
5	364
16	16
7	478
5	89
3	449
10	541
9	43
4	426
17	159
3	40
0	0
1	10
0	6
0	44
0	3
0	70
2	7
6	1
196	2909
46	2908
8	2428
1	108
0	469
3	0
3	302
2462	3049
0	1204
2	1764
1	1552
1	645
0	138
0	1463
259	1723
20	838
2	1150
1	365
368	511
0	509
1	31
0	84
0	0
0	0
0	510
0	3
20	359
3380	361
13	24
20	24
2	0
16	0
62	292
78	3539
474	4064
0	1773
0	1492
0	70
1609	0
0	0
0	0
1	0
0	0
509	980
0	946
26	0
61	681
4	988
9	170
2	230
0	486
0	29
0	611
0	89
5	167
0	341
1233	0
0	0
0	0
0	0
4	0
7	114
0	130
0	1788
4	851
0	1686
7	1749
18	1509
0	157
0	1146
20	50
1	50
0	0
0	41
0	174
0	0
0	0
87	0
0	0
0	0
2864	169
16	102
3	54
1	12
0	0
1	90
1005	91
2	1
0	21
28	101
143	168
0	115
9	0
4	40
60	690
0	7
54	541
2	340
1	35
4	141
7	161
0	160
10	49
2	3
0	0
0	0
0	0
0	3273
0	3344
0	3591
0	3658
4	112
5	230
1	3
9	326
3	234
0	236
11	171
6	199
1	32
10	1
1	200
0	3819
0	3820
143	0
5	0
1539	262
3	0
0	0
1571	411
5	96
0	177
0	175
326	52
10	0
4	52
0	0
0	0
0	7
3	7
7	7
17	0
5	7
0	0
0	0
1945	435
0	435
0	102
1	89
0	11
3	45
4	2
7	63
134	329
0	9
1	85
62	327
3	9
23	59
0	29
0	17
970	141
0	7
0	124
19	23
204	969
23	38
6	100
0	20
3	3
0	378
744	343
0	286
11	154
5454	2210
14	930
6	1273
0	1274
0	1274
1	487
11	278
37	366
0	0
0	0
0	0
0	0
0	0
1	42
0	0
0	0
0	0
0	0
0	0
2	0
6	0
0	1
0	1
0	1
3164	1475
586	3331
0	2844
0	3049
0	1
0	2
3166	1894
2	764
13	1090
19	1098
0	16
809	1138
0	210
0	0
0	17
2	800
0	0
0	0
0	25
0	26
14	34
1	0
2	0
0	0
0	0
0	0
4	735
16	23
0	735
337	0
0	0
0	0
0	0
165	26
0	4
2	25
1	4
2	23
0	22
0	23
0	0
3	0
1	520
27	563
1	267
0	0
0	0
0	0
0	0
49	938
1	220
6	346
0	0
0	848
4514	1064
1	961
0	175
7	101
158	201
5	4
22	93
7	145
6	24
18	31
13	0
28	50
23	1
0	1828
1	0
4	1083
9	1084
18	1060
16	824
30	1884
0	0
0	1307
38	2354
7	208
0	79
4	120
10	66
0	0
0	2388
1	0
0	2
0	2
158	4721
2	94
0	356
8	207
12	2707
8	119
1	41
2	320
1	4720
0	0
23	0
0	56
0	13
8	10
9	9
0	77
0	57
3	55
0	2
798	0
3	196
5	184
187	782
5	572
153	554
1	95
7	0
0	0
0	0
0	0
0	0
17	3302
98	3682
0	338
129	885
0	1260
3	197
4	251
23	480
19	1406
18	1277
0	346
0	525
168	486
35	552
0	0
0	1
0	12
0	1472
0	0
0	0
0	0
0	0
0	0
0	0
10	354
0	444
1	112
3	267
1	206
7	108
7	113
13	206
1	69
0	381
223	1076
7	940
262	457
9	0
0	0
400	1751
1	1633
0	694
0	22
4	0
0	0
6	24
148	0
2	1
0	10
0	1068
0	983
11	980
2	944
24	883
2	934
0	14
0	874
0	873
0	765
69	763
6	0
27	36
0	36
2	192
30	386
89	378
5	4
1	0
0	2
0	3
0	3
887	700
1	439
7	3
3	326
0	197
1	0
2	509
2	1328
44	995
0	908
2	53
4	0
1	42
410	1960
1	1382
9	1757
0	642
7	270
32	196
1	80
174	0
27	619
0	0
0	0
0	0
58	2525
0	39
0	2365
0	2332
0	41
0	1
1	0
2	93
1	224
14	783
8	332
26	310
0	274
0	86
102	184
147	57
0	3
1	19
0	43
0	143
540	26
0	26
0	0
0	0
0	0
0	0
0	0
0	0
0	0
122	51
2	46
11	91
17	91
0	0
0	0
0	0
0	0
0	0
0	156
7	142
0	10
2	23
0	0
0	0
386	161
0	155
2	37
15	14
7	0
0	0
0	0
2261	576
47	441
354	135
19	0
0	0
0	0
0	0
0	0
0	0
0	0
0	0
0	0
0	0
0	0
28	16
22	16
2	0
58	69
0	7
0	0
0	65
0	32
1	54
1	3
1	46
4	47
1	43
0	4
0	4
1761	138
9	29
0	157
0	139
29	129
21	126
2	15
0	93
26	77
1	16
447	27
0	0
0	2
11	1
0	1373
5520	1374
14	527
5	542
0	0
219	46
3	46
0	5
29	13
0	10
0	3
0	0
0	0
0	0
0	0
246	479
15	34
0	16
87	482
14	403
0	49
5	47
9	195
26	194
0	52
1	52
0	43
0	14
0	11
3	0
2	2
0	1
0	0
0	2
0	13
0	20
1	19
13	21
3	9
1	2
5	1
0	21
148	13
0	7
0	3
0	0
0	3
162	293
7	37
31	294
0	0
0	199
0	0
0	0
0	0
0	0
0	0
7	0
1	0
3	0
1	128
3	86
13	66
0	223
128	229
0	0
0	9
0	187
0	156
0	95
0	78
0	10
0	51
3	51
3	0
0	1
0	0
0	1
0	0
1	551
73	340
0	549
0	187
0	185
0	111
0	117
5	112
1	80
0	61
0	82
0	0
0	30
8	47
1	21
86	47
0	2915
189	11003
0	529
0	3764
0	4
92	72
3	41
0	491
6	479
9	150
0	311
0	11202
25	9
0	9
0	0
0	0
0	8
0	0
0	18
6	108
0	6
1	15
3	110
0	7
0	91
3	91
0	3
1	4
0	55
1911	0
0	0
27	0
51	32
0	32
0	14
20	74
514	359
1	323
1	76
237	9767
0	2560
159	10043
0	8430
7	8921
70	9134
399	5667
56	5519
101	2549
0	3770
0	2947
0	893
1	3196
2	12
2	35
0	3208
0	1082
0	1196
0	70
0	371
101	26
0	26
0	0
18	464
46	131
39	239
0	849
1	826
45	615
1	113
96	43
12	46
0	42
41	345
17	262
19	217
0	0
0	0
1	4234
0	3974
234	4781
0	2439
1	321
0	3972
51	1000
23	214
18	1726
24	1575
0	822
1	1197
0	127
1	20
0	0
2	36
1	41
3	44
2	35
0	1
0	0
0	0
2	7
0	0
0	0
49	0
0	1325
713	1347
0	654
12	150
3	319
5	200
7	774
3	735
6	30
4	21
0	227
0	66
6	2
0	42
2	39
0	310
11	1323
0	1324
1	864
298	863
31	1209
0	1210
0	0
0	1
0	1
0	0
0	1
0	0
1	14
9	14
0	0
0	0
0	19
0	19
6	87
0	14
0	11
0	10
0	8
0	8
0	2
0	18
14	26
1	26
0	0
0	2
22	210
0	10
6	210
1721	0
0	87
1098	427
3	269
2	5
12	33
69	112
87	3626
152	3636
74	2975
39	27
1	89
12	3637
0	0
4304	1904
1	1900
0	1786
1	275
6	71
0	327
25	6204
13	5831
129	4701
12	3231
49	2558
705	0
151	2640
16	3200
604	3137
60	2591
0	50
5	0
384	12
3	11
0	0
15	2970
1144	3021
19	2127
13	1563
0	99
0	4
11	99
0	18
0	7
17	884
1	503
419	884
24	95
5	95
2366	629
64	438
13	394
2	293
0	48
1	19
0	7
0	14
5	0
1158	2223
90	1803
27	1082
0	1859
49	4
0	4
0	0
0	0
947	234
3	234
33	0
0	0
10	1517
77	1481
0	2
3	171
0	27
2	26
4	14
122	221
0	265
42	1400
429	1400
0	146
0	112
2	1307
0	1330
131	866
2	756
16	267
1	571
9	90
12	57
0	118
23	54
2	37
4	1328
136	8121
20	7487
0	4474
0	4003
2	3981
22	3921
30	4047
36	4048
109	3819
1	381
167	360
9	158
2	55
12	1
132	512
0	231
0	197
2	90
7	126
20	122
6	9
1	9
48	121
0	155
14	115
173	1392
99	1392
5	180
3	426
0	128
4	167
0	50
758	6570
0	196
2	6375
11	21
5	8
3	179
0	65
2	530
7	710
97	0
817	993
35	824
21	16
0	0
7	156
0	0
4	0
371	1119
0	881
0	1158
0	918
8	9
0	112
0	89
0	3
0	4
0	0
44	0
786	0
1774	5
34	5980
137	3027
0	218
316	5736
9	221
1	2
0	5973
0	17
3	17
0	2216
262	2216
2	256
4	9
2	475
0	272
0	178
0	0
19	0
21	2
0	2
75	421
0	421
48	375
0	397
5	374
0	366
1586	2583
0	2201
216	2573
39	1153
278	1154
1	1
768	600
0	1084
6	995
17	2
218	491
11	115
2	411
0	75
0	52
9	186
0	378
0	0
2	19
1	121
25	2
1	32
917	13822
101	12807
2	1414
13	110
20	55
0	570
133	7969
149	7584
10	4803
98	7512
24	3
68	253
23	817
41	128
363	127
40	182
32	182
0	49
6558	5772
0	1292
4	311
10	5756
0	497
0	33
0	234
28	175
3	179
0	155
5	30
0	25
0	903
267	541
5	144
15	66
13	85
1	216
12	353
0	1
1	347
4	59
4	157
0	173
4	6
1	6
574	2617
0	2691
0	1121
7	2
1	1210
0	1413
3	532
1	329
0	378
30	365
0	6
2	0
0	0
0	0
1085	122
3	6
28	115
0	1
0	0
1297	3614
13	3144
18	570
31	2844
2	2906
3	2322
0	1907
0	2274
35	254
1	167
0	0
78	8
0	8
0	0
34	303
667	321
1	49
52	34
38	10
5	1
715	13
0	13
786	416
0	385
0	239
0	48
0	251
103	767
97	254
0	309
1	68
1	714
2	192
1	2652
1	2585
0	1875
0	1193
0	1390
0	1213
0	1252
0	1225
5	1311
0	1239
0	1237
0	1223
0	28
0	93
10	1
3999	2924
3	2603
16	350
1	235
68	240
12	201
1	87
30	172
0	14
0	20
2	27
19	0
1	41
1	5
0	0
0	0
5	3
1	0
0	1
0	3
0	0
5	3
0	1
836	1
0	4
8	963
0	1340
1	547
0	393
0	417
7	143
2	347
0	255
1	34
0	17
0	18
7	43
5	343
5	358
4	60
0	2
13	106
0	66
1	69
1	77
0	0
0	17
0	15
0	59
0	37
0	1
150	1
0	0
0	0
0	0
317	274
5	162
73	89
0	2
0	1
0	1
0	0
0	1
0	0
0	0
0	10
0	0
0	0
3	0
0	9
0	0
0	10
0	9
2	0
0	0
0	0
0	4
0	0
0	0
0	6
6	6
0	6
0	179
1	5
16	9
0	136
0	179
2	2
0	6
0	34
0	13
6	8
3	8
0	0
0	0
293	90
0	10
0	6
0	72
1	8
179	0
0	0
0	1
0	1
0	0
27	2408
159	2116
2	1471
9	294
4	77
0	87
0	9
0	2
1	22
0	21
0	0
12	20
0	8
1	150
0	145
6	3250
5	300
1	1992
0	3151
0	2070
1	0
0	2056
60	3184
0	2091
0	3197
0	8
0	2064
0	3171
1	220
0	0
0	3171
4	0
40	0
0	0
0	0
408	870
0	197
4	462
24	692
74	29
0	136
161	1603
0	15
60	1193
51	1142
489	838
2	42
0	589
5	0
2	244
5	99
348	925
0	1
10	924
0	197
0	229
0	368
2	0
0	0
0	0
105	888
8	899
2	892
0	819
28	680
0	327
0	441
5	444
7	441
0	452
0	346
0	140
0	0
10	402
7	338
0	32
9	329
27	9
1	0
1	1
0	27
0	17
445	822
0	821
11	12
1	520
1	628
0	675
0	738
28	564
0	147
1	5
8	233
0	251
2	0
3	0
0	270
2	5
0	2
0	0
0	3
0	0
0	0
0	0
0	0
0	0
0	0
0	0
0	0
0	0
16	557
80	557
0	469
4	151
0	49
5	53
9	14
1	5
0	3
0	3
0	0
0	4
0	0
0	0
36	8
1	8
0	0
0	0
0	0
0	0
0	1
0	1
0	1
0	0
54	5
1656	0
0	0
0	0
1632	2426
370	2479
1	1323
86	964
14	1701
45	271
0	1
1	147
0	252
0	104
2	1
1	0
0	0
707	2931
66	2793
0	1006
54	823
0	24
102	0
0	0
0	0
246	1261
98	1268
10	947
2	754
2	113
37	2410
2	2
0	2043
0	710
1	3
0	134
1	570
0	269
201	0
0	5278
22	174
205	5393
0	0
0	0
6	65
0	5
3	5
67	0
1	34
4	1
0	3
80	0
1	16
0	65
346	1443
4	110
34	72
1	8
0	6
27	6
1	0
0	1393
4	527
1	453
0	295
9	258
26	123
0	0
1	0
0	0
0	0
418	0
0	0
0	0
108	1367
2	499
11	991
115	1925
3	1018
3	407
135	2364
2	19
12	2261
2	1710
0	2352
357	1944
0	2815
4	2962
1	3240
59	3002
0	2959
48	1461
0	290
0	294
0	168
1	76
3	8
5	3145
1147	164
11	164
82	13
2	11
644	5185
52	5185
51	19
2	170
5	87
1	266
2	313
28	1010
7	644
59	942
0	90
0	74
4	126
0	203
18	133
0	102
3	0
0	1010
15	5902
29	5825
49	670
16	186
66	39
0	0
15601	4829
0	4252
1	118
5	61
9	1272
106	4279
24	4032
1	2236
0	1131
0	285
0	1594
4	270
44	129
8	57
0	14
0	14
2	11
0	0
0	11
0	10
0	2
0	0
187	1528
52	1306
34	749
70	92
24	59
5	58
52	7
0	82
1	17
9	554
0	139
0	15
64	40
0	3127
0	1421
2	12
24	2
29	370
39	347
8	235
1	0
0	0
5	175
18	90
4	0
1	0
0	3126
1228	948
2	885
5	4
0	66
570	1527
88	1479
2	358
31	335
47	278
6	29
0	0
1	565
97	3529
439	3532
1	569
506	0
384	1093
11	1094
4	29
562	341
0	337
0	0
271	104
0	104
1	0
3134	1253
9	1163
2	403
2	102
0	0
4201	1998
21	137
190	2057
6	1881
6	76
1	122
1645	122
17	0
1	0
657	0
0	11
0	2
0	11
377	536
0	255
8	0
0	0
1	281
0	0
0	0
0	0
0	0
0	0
0	0
0	0
104	1864
93	1758
1	1547
7	1677
1	23
0	50
0	462
1	275
0	1598
0	16
250	137
6	19
2	118
0	32
297	861
1	33
7	315
8	187
0	613
0	487
1	439
1	584
0	0
0	0
26	469
2	165
1	356
0	108
1	56
1	2006
20	2
0	153
240	913
0	177
0	248
10	0
0	0
0	2006
92	0
1153	0
0	0
0	0
0	0
0	0
0	0
0	0
0	0
0	0
0	0
109	5219
5	5225
0	5110
0	5228
0	4927
61	4307
71	4443
0	2039
358	1213
21	15
23	191
0	5066
3939	177
2	173
0	0
646	3403
0	599
7	3374
0	565
3	1786
19	202
73	116
22	43
0	8
0	0
0	0
45	4007
0	3604
4	400
0	3474
0	399
0	3852
0	4
146	0
0	708
1	471
0	555
0	276
25	310
0	310
33	278
0	0
480	256
2	256
0	0
0	0
0	0
31085	3633
0	3238
0	2207
24	5
0	1
2	385
1430	154
10	153
37	23
0	899
0	1
1	675
3	968
6	6
0	73
0	174
0	985
0	916
0	3
55	53
0	278
20	278
0	11
47	1660
2	766
13	116
0	1586
0	0
110	481
22	45
5	20
1	361
1	158
3	65
0	0
0	0
0	0
0	0
2	0
0	0
0	0
15	429
6	432
0	0
0	0
0	0
0	0
0	0
6	339
0	43
0	36
0	38
0	86
12	131
46	404
0	100
0	64
9	407
0	0
0	0
0	0
845	817
10	359
20	437
0	730
16	5
0	0
0	0
21	240
0	123
0	123
3	120
0	105
2	123
1	100
0	0
0	5
7	292
1	2
89	138
1	282
2	136
2	139
3	83
0	10
1	30
0	2
7	37
3	3
1	246
4	284
1	98
0	47
0	17
2	561
0	561
2	561
5	565
0	470
0	541
0	0
0	80
3	282
2	6
1	4
0	0
2	561
2	24
0	24
3243	818
0	807
4	11
28	5188
5	350
73	7866
0	4
43	517
30	514
12	288
0	436
0	268
0	0
128	1
1	70
0	348
11	293
3	194
1	144
5	2
2	0
0	0
70	342
0	335
12	145
1	32
26	0
0	4
0	0
0	0
0	4
0	3
6	108
26	108
0	107
2	48
9	20
12	2087
2	860
0	2057
5	1518
0	112
0	91
4	138
8	179
37	174
14	8
2	51
0	0
0	0
0	0
0	0
149	102
0	66
0	36
83	308
15	19
0	85
218	554
1	578
0	113
1	106
23	36
55	3
0	0
0	0
1	3
0	64
0	95
0	0
78	422
2	123
40	292
5	389
0	4
2296	39
1	33
0	0
0	5
1	20
1	9
3	28
0	39
0	0
0	0
39	418
0	316
4	164
0	215
12	1
1	413
869	481
14	480
4	75
3	0
109	1997
0	1531
34	1886
0	164
4	275
14	7
36	26
7	26
0	0
0	658
3	237
5	121
1	28
1	2
4	136
1	658
0	0
0	0
7	1342
23	1535
23	100
0	1437
9	1539
7	661
13	179
0	4
0	10
1	12
18	64
11	964
1	82
1	6
0	67
123	22
0	19
0	18
0	19
0	17
0	16
0	10
0	17
0	11
0	1
0	15
0	18
0	12
0	1
0	3
8	12
0	6
0	0
0	0
0	0
0	0
0	0
0	24
0	32
0	137
750	11586
1705	11586
0	0
0	0
0	0
0	0
0	0
0	0
131	259
76	284
530	264
3	281
8	257
0	0
0	0
0	0
0	0
0	0
0	0
0	307
10	162
2	294
0	30
0	110
1	77
17	0
75	326
0	0
4180	707
79	617
0	122
0	21
1488	302
2	127
7	182
47	233
0	121
8	0
21	7
0	0
0	257
0	2
0	4
0	5
0	4
2	3
10	0
0	33
410	549
29	342
1	70
0	22
0	185
45	6096
79	4620
0	3497
187	1280
207	994
7	103
31	3
1	6096
0	0
0	0
0	0
0	0
0	11
0	0
0	0
0	0
0	0
0	0
0	0
0	0
5	649
1761	649
0	0
0	0
36	2051
2	4
0	1787
0	6
0	2646
0	1691
0	203
0	0
0	201
0	6
1122	2709
0	1999
0	1657
0	1851
0	6
0	4
5	2100
0	2709
106	552
5	1788
2	1747
0	1920
21	13
0	2645
0	225
9	0
2	68
0	220
0	34
2	1132
0	332
3	217
0	227
3	79
0	48
59	456
2	4350
587	7905
0	985
586	7544
0	0
0	0
18	395
11	26
51	369
7	0
68	77
1	1
3	76
0	1
0	6
2	5
1	1
13	875
15	524
50	907
5	604
20	0
11	180
3	283
12	99
18	103
0	0
89	653
10	60
83	227
0	0
0	653
4	10
5	0
0	10
0	10
0	3
3	11
0	5
0	0
1966	2657
0	44
4	161
0	164
1	40
0	2657
475	1
0	0
1	0
0	0
0	0
0	0
0	0
0	0
0	0
14	50
1	10
5	50
0	0
0	0
24	134
0	48
25	131
1	35
0	78
1	6
0	7
5	1561
1361	873
1	45
0	10
12	1
20	793
79	154
0	0
0	1
8	3
0	154
216	170
0	66
0	10
0	10
0	91
0	5
0	55
0	61
4	18
2	17
0	0
0	0
6	47
0	0
0	0
5	77
20	89
0	10
4	37
12	67
0	18
3	15
0	11
283	1472
0	1472
2	111
2	157
0	0
0	0
1066	1325
1	1116
5	487
0	1
100	63
37	193
0	0
0	70
0	45
6	68
0	70
0	0
164	1209
15	30
5	1151
0	276
8	421
0	396
1	395
0	82
0	26
0	0
0	0
15	0
11	0
0	0
379	1402
188	24
16	1330
51	77
0	138
48	27
0	276
0	270
0	256
14	260
0	115
0	270
0	1039
52	1039
0	198
0	45
0	45
26	3
0	0
403	19
7	19
0	0
0	863
53	904
0	885
57	1213
117	1422
4	231
202	735
28	446
1	42
2	782
2	599
0	129
0	1
0	125
0	96
1257	2025
2	0
686	2024
0	31
0	0
0	0
67	1411
32	83
2	1406
0	6
40	0
0	0
0	0
278	167
0	63
0	85
0	81
0	70
1	5
1	13
0	1
641	0
1	57
0	58
0	7
0	11
0	0
0	0
0	7
0	0
0	51
5	0
0	1
0	1
0	1
0	5
9	1
0	5
1	5
2	51
127	282
0	54
3	0
0	32
0	0
0	61
0	220
0	1
0	0
0	1
0	1
0	0
0	0
0	0
0	292
0	339
1	309
3	76
0	10
0	2
5	336
1	203
0	339
3	197
0	88
0	127
5	13
3	35
2	468
38	468
0	9
1	7
33	12
0	0
14	13
2	69
0	38
5055	2232
1	2219
1	130
1	10
0	26
0	4
0	0
0	0
0	26
498	252
2	210
5	199
2	0
0	0
34	66
7	789
15	814
2	801
0	784
0	1
55	0
0	34
1	160
3	148
3	13
0	3
0	162
11	1421
7	2967
4	2715
62	13
115	39
0	39
835	1920
0	1824
14	1529
0	667
0	67
23	131
1	5
1505	519
27	519
14	529
11	36
0	286
20	475
38068	25
0	1908
0	1672
0	1833
0	1687
0	1443
68	1137
2	1333
32	626
3	12
10	149
1	270
122	202
0	201
0	0
8	172
3	166
1	6
0	10
22	10
0	359
284	0
0	0
0	4
0	4
3	4
703	539
0	21
183	533
39	16
0	8
0	0
53	76
209	76
182	157
2	1
8	156
3985	4485
0	2361
55	58
990	2636
43	171
7	559
5	548
0	404
48	19
1	18
0	5
0	18
0	0
13896	54
10	43
5	0
246	1
3	0
0	1
1319	2549
0	2337
3	22
0	7
0	226
0	8
0	6
0	2
0	4
0	0
168	19
9	19
0	8
0	1
1	0
0	0
0	0
0	0
4	0
40	5
0	5
0	0
1	0
0	0
0	0
24	932
122	1029
0	2
0	26
0	120
15	83
9	27
9	7
6	0
97	25
0	14
0	11
0	3
0	0
1	0
880	2334
0	2316
3	1081
0	0
3	762
48	1013
45	991
8	672
4	0
11	1191
0	1072
0	346
0	293
92	96
4	3
0	200
0	51
1	121
95	355
1	334
0	54
97	1423
124	90
11	10
1	331
9	251
16	414
104	1215
19	290
3	94
0	61
8	246
1	201
3	188
17	195
101	69
0	0
140	1700
2	2
151	1986
191	36
1	567
0	286
0	566
43	189
0	0
7	634
16	1154
55	1246
29	1151
6	1149
8	100
0	0
0	0
0	0
0	7
0	22
0	8
0	2
0	0
0	3
0	22
3	35
6	15
0	0
26	54
2	21
2	31
0	16
0	16
0	16
0	16
0	16
7	15
0	17
0	0
0	1
1	0
0	0
0	623
11	607
1	1
1	41
150	611
1	72
0	550
0	528
0	99
0	201
0	13
0	80
0	2
0	27
7	37
28	55
0	500
0	599
0	0
0	0
0	0
0	0
478	34
0	24
10	32
0	0
3	2956
33	2451
0	0
0	2956
0	168
6929	602
11	441
9	261
113	46
5	636
47	1
859	3205
8	1
0	545
0	454
2	748
10	130
15	1008
5	0
3	368
19	0
0	0
8	332
0	453
24	1064
1	296
1	30
41	447
4	1058
3	1
0	1221
4	12
0	0
0	0
0	0
0	0
0	0
0	604
0	902
0	197
4761	1127
0	64
38	6
4	0
3046	392
4	275
0	245
0	292
3	271
13	4
0	1
0	3
0	2
0	4
0	1
0	0
2	0
578	526
0	2
3	293
5	26
18	524
0	5
0	4
0	4
0	1
0	0
43	107
1	3075
1	1784
45	3019
0	2620
18	2807
20	21
1	230
17	0
4	21
4	184
503	2518
0	1940
15	908
1	2
2	471
5	490
49	471
0	224
0	375
5	344
20	155
45	834
15	721
4	731
0	278
51	576
6	12
6	194
0	0
15	72
2	2704
0	1740
143	70
8	825
6	0
9	197
10	951
3	1577
0	1758
7	53
0	0
0	125
2	11
0	1257
0	181
0	118
0	71
0	20
1	190
0	1
2	1390
4	85
2	1
0	1
707	1347
4	1126
108	431
33	134
3	0
2	11
10	12
0	12
0	0
0	19
5	59
0	14
12	390
270	458
1	458
0	40
3	87
7	2751
31	1574
0	1
0	0
51	787
2	651
0	803
0	40
0	109
0	0
1	0
14	45
0	0
6	18
5	101
0	0
0	0
0	0
0	0
477	191
1	45
2	145
1	0
0	0
0	23
0	0
0	0
0	172
1	150
0	17
0	0
0	70
2	5
0	1925
0	3120
2253	3891
1	326
13	2577
1	3382
2	68
15	517
0	505
0	3
7	5
2	308
0	166
7	787
3	40
3	256
15	197
4	218
0	2
0	0
850	1629
130	1478
54	227
3	602
23	0
0	41
220	1049
0	512
107	636
83	1049
0	389
0	6
15736	14
0	0
90	965
3	950
0	25
0	34
20	18095
207	20123
230	18453
1	18611
1	729
31	1908
13	1894
0	1883
28	1123
2	0
3	103
518	15
1	15
1839	1266
4	1153
1	981
1	44
14	302
1	58
0	0
0	0
3741	597
113	596
10	11
0	0
0	96
0	0
0	0
0	5
0	5
0	0
0	10
0	0
3	0
0	0
48	319
3	319
0	4
0	3
0	0
128	0
2002	601
1	110
10	485
5	23
57	251
2	64
0	1
3	261
4	265
2	42
0	266
3	1
0	1
3250	2616
24	2615
4	1177
3	235
59	422
47	387
0	136
0	0
0	74
0	36
1	33
15	88
642	99
0	15
0	92
14	132
0	4
9	6
0	44
3	34
0	7
0	6
0	0
0	0
0	6
0	7
0	0
0	7
0	7
46	322
34	322
7	12
0	38
4	22
0	65
0	0
0	0
0	315
0	232
4	91
1	283
8	203
5	4
5	0
1	315
0	0
0	0
0	11
0	6
0	0
0	1
0	3
0	9
1	0
0	4
0	233
132	233
1	0
123	582
0	102
0	504
1	60
0	10
0	2
0	109
4	92
0	63
0	91
2	91
3	74
0	22
2	66
2	58
180	27
83	277
42	277
323	481
5	13
0	240
2	322
0	63
757	474
14	222
0	106
1	1
1	8
0	0
88	2127
6	2082
36	536
3	244
0	82
2	78
3	97
8	125
0	27
0	458
0	5
0	0
0	85
37	120
53	0
43	0
1	37
12	18
5	8
5	11
1	1
11	2
2	1
0	1
742	2027
0	1678
0	53
1	329
29	159
53	530
0	0
0	0
12	98
16	101
0	2
29	8
149	5228
67	4712
178	3551
0	28
0	35
137	2
0	0
0	0
0	0
0	0
3	20
237	158
0	13
1	139
16	35223
1	0
142	35345
1	3083
72	21283
0	15531
29	9404
0	1813
10	4774
5	407
125	576
2	522
0	4298
2528	4244
4	25
11	0
4	0
175	4429
55	249
0	361
10	620
4	229
41	311
201	930
21	1253
42	1744
2	526
6	0
0	276
0	13
2	232
3	34
0	234
0	4
5	22
0	4
0	15
4	253
2	2219
221	2220
8	340
0	2216
0	248
0	1
0	1
2	447
0	401
784	1150
88	778
0	0
124	3188
1205	7200
4	6792
0	343
0	838
0	845
43	360
2095	3999
25	57
6	3635
2	969
0	1998
0	1055
6	378
139	1223
21	1125
37	637
6	41
51	581
0	89
30	40
36	7
4	55
0	0
0	0
0	0
0	0
0	0
0	0
0	0
0	0
273	132
13	133
79	0
0	161
0	131
0	131
0	71
0	1
0	1
0	1
0	0
0	0
7	730
4	708
12	728
0	1
594	1
0	0
1	0
0	0
354	143
0	9
1	55
0	138
84	796
21	812
3	806
0	796
1	796
34	802
0	798
53	796
0	796
0	798
0	798
0	0
4	4041
0	1844
95	1293
3	4004
1	226
1	1257
116	2734
0	176
2	76
6983	3
0	2
1	2
16	336
1	971
7	81
1	291
1	1007
118	246
2	154
0	104
0	37
4	885
4	15
6	97
12	547
1	636
17	9
20	2
3	1
0	342
1	36
0	0
2	82
22	7
571	87
5	5
1	0
0	0
0	0
0	0
0	0
34	667
1	38
0	0
0	0
0	0
0	0
0	0
0	215
0	0
0	0
3	0
16	52
0	52
0	24
0	52
120	229
0	177
0	139
15	129
0	0
0	2
0	1
0	1
0	1
0	0
0	0
0	1
0	0
42	19
0	19
0	0
3411	3158
17	4
4	18
0	245
2	317
1	149
4	285
3	261
113	54
3	156
41	616
0	657
0	38
35	328
12	1399
0	538
19	432
4	487
0	265
4	90
0	78
16	2
0	71
37	69
0	83
50	117
11	25
2183	47
0	0
42	10138
2	11423
5	354
0	11433
0	10466
33	516
391	9800
44	21
30	669
21	225
67	164
41	355
0	5
0	5
1	1
23	431
0	430
0	322
0	322
0	0
0	0
21	162
0	1434
8	806
8	616
14	20
58	2
0	0
0	0
483	2659
44	76
0	116
124	707
50	165
4	2127
0	0
0	0
0	0
2	0
238	229
2	111
160	5
7	165
0	66
10	0
6	103
18	297
34	289
1	18
2	15
1	0
0	0
197	6020
154	6022
85	1087
4	157
2	163
0	0
0	16
0	16
0	73
0	1014
93	1081
1	1076
0	56
0	48
0	40
17	10
1	0
0	0
0	0
1418	20
2	20
30	3038
20	8
16	836
38	2817
1	2144
1	0
3	880
0	14
0	11
0	9
0	6
0	9
0	9
0	8
1	3
0	8
0	12
0	8
0	7
0	9
249	232
11	232
1285	1832
1	485
0	279
1	121
12	10
56	221
1	1011
2	30
239	1092
0	57
3	588
28	175
15	1083
48	312
31	312
151	331
14	50
7	1018
4	195
9	207
0	0
0	229
0	63
0	0
0	0
1	0
1	362
0	420
19	265
3	362
2	542
33	362
13	346
50	418
5	3
10	0
1	0
0	1044
22	970
0	897
2	0
2	826
0	3
3	89
1	23
0	2
0	14
0	644
42	555
0	0
0	2
0	12
0	10
0	8
0	10
0	0
46	40
0	24
0	16
6669	3
1	24
1	7
20	26
0	545
0	176
20	31
0	527
0	0
93	1498
1	1589
20	1443
3	189
7	0
1	24
3	22
0	15
0	7
0	11
1	0
801	0
0	195
29	198
0	9
31	76
1	0
0	0
0	0
0	0
0	0
0	0
0	0
2	30
2	30
0	15
0	1
1542	171
98	169
35	9
0	8
86	12
22	10
0	0
9	324
9	993
6	703
2	107
13	479
12	291
3	185
245	864
2	865
16	82
10	142
396	566
0	489
0	129
0	7
2	0
0	0
1	71
1	17
97	619
7	524
2	146
3	74
0	25
0	29
0	25
0	26
0	25
0	5
0	27
1	3
4	3
11	0
0	0
0	0
0	0
0	0
2	20
1	20
0	2
0	0
0	3
166	22
2	10
4	13
453	2
7	776
23	776
8	776
0	11
1	5
12105	497
10	53
0	441
0	0
0	0
1947	4083
45	836
21	264
4	207
0	62
552	3
1	1
0	4081
1025	34
0	33
0	22
0	0
6	180
0	219
30	199
0	198
0	66
8	406
76	406
12912	6830
5	4320
0	3510
47	1116
46	81
1	77
0	1
1	81
0	13
654	77
0	77
0	132
4	426
82	411
0	375
0	11
10	2
1	17
0	11
0	23
0	38
0	18
0	18
0	4
0	0
23695	8
0	106
0	80
9	80
0	21
0	22
0	21
0	21
0	19
0	106
1	379
7	26
14	2
59	703
0	202
0	577
1	13
9	745
6	52
12	904
3	883
1	2
0	11
0	171
0	15
0	843
1385	2133
0	1647
1	45
3	49
5	215
7	523
35	90
37	247
1751	305
17	68
1	76
27	158
15	186
7	51
54	12472
245	11654
7	203
0	2485
0	22
45	187
0	163
0	79
0	40
294	13
0	13
0	0
0	8
1114	1271
0	1275
36	585
147	637
1	25
26	277
0	176
1	121
21	5
0	3
7	14
0	15
0	6
0	186
603	187
3	0
4	1
0	2
0	0
0	0
0	2
0	0
0	0
0	2
1	0
28	906
0	1553
0	1804
0	84
4716	4381
0	4381
298	88
4	88
1058	0
65	546
4	598
0	141
0	261
15	0
41	0
0	0
0	72
0	72
0	82
0	82
3697	267
37	266
28	3778
14	3820
0	54
0	61
0	0
0	156
0	939
0	830
9	283
41	894
1	692
3	231
1	106
0	0
0	0
9	14
12	202
28	203
2	0
1	0
0	0
1931	251
0	154
0	132
0	0
0	0
0	0
0	0
0	0
0	229
0	308
0	85
0	260
0	270
0	78
0	47
1	52
0	41
642	163
6	43
4	141
0	26
0	0
0	0
62	84
0	0
0	84
2	24
32	780
0	257
0	193
2	442
1	361
9	497
458	337
5	708
2	2
0	268
4	285
0	244
2	68
0	28
0	0
0	0
1	37
3	107
0	105
0	103
2	61
0	3
12	4
40	296
0	296
0	0
0	0
0	0
164	639
14	639
16	465
61	122
3	419
3	75
0	3394
0	3852
377	3852
3703	1849
0	1748
0	100
2	2450
5	253
1	2314
59	2322
26	0
0	529
3	31
0	158
0	358
1292	79
1	0
0	0
0	0
0	2
0	2
0	2
0	19
0	18
0	1
1	38
2011	1274
0	1274
2	40
68	49
0	49
0	0
0	0
0	30
0	37
0	8
53	166
0	3
0	4
12	163
75	47
0	47
6	0
0	0
4	2132
11	465
3	701
0	477
0	302
8	0
3	0
345	2516
18	5
3	5
8	0
1874	880
15	630
22	779
0	131
254	349
61	270
7	91
19	0
0	7
0	7
0	6
0	1
0	4
0	13
1	16
0	14
3	8
0	0
2298	5
1	5
0	0
0	0
0	0
0	0
0	14
0	12
0	2
0	0
22	90
0	0
1	8
0	68
0	90
1	5
0	5
0	0
0	0
1	543
2	495
0	486
2	389
0	347
0	355
1	107
0	6
0	0
90	1775
126	1844
0	1658
0	0
1149	91
1	91
10	363
9	365
0	0
0	0
0	2
0	0
1536	0
23	139
3	2484
0	2040
384	2652
1	2502
2	2212
22	823
0	683
7	2158
49	2152
16	567
0	752
343	1883
3	334
0	254
1202	890
3	0
1	2
1	33
11	101
0	785
0	226
5	192
1	25
0	30
0	216
47	1
3	52
101	52
0	0
0	0
0	0
1646	505
2	490
0	410
0	278
1	0
13	1208
5	1106
0	986
2	259
0	315
3	3
6	32
2796	695
0	150
0	143
0	575
4	386
1	1
11	29
0	29
3923	914
17	907
59	326
1	211
0	234
27	372
5	469
1	438
53	432
65	469
11	452
0	116
1	162
0	132
1	0
0	2
4	36
0	1
0	396
0	510
267	1415
1	465
0	1224
1	1188
0	144
0	0
0	0
40	8
0	8
2	0
0	0
25	1623
99	1869
12	1015
6	1387
3	30
1	93
0	14
6	18
0	1
4	0
0	0
2	1
10	1351
4	1352
0	1
0	2
0	2
0	59
0	0
0	0
0	0
71	1680
210	1834
0	1707
178	810
0	157
5	79
0	135
65	288
2	7
198	7
31	7
0	0
0	0
0	4
0	4
0	9136
208	10253
4	9059
5	7844
0	852
0	8355
206	720
0	214
35	256
44	52
74	362
4	362
60	9715
0	0
0	0
75	2973
0	2086
0	956
16	1568
6	995
0	798
0	413
19	843
2	612
1	4
25	30
0	0
0	0
0	0
0	0
0	0
182	3111
22	1269
0	518
0	348
0	2263
0	385
0	14
2	312
0	598
1	151
0	0
0	0
0	0
0	0
0	251
21	251
0	647
11	728
7	502
2	168
0	88
3	424
2	96
21	236
10	50
0	632
0	649
9	910
87	790
0	0
2	799
0	117
0	0
0	18
0	46
16	513
16	417
0	155
3	404
0	352
2	1
0	16
905	1
1	1
2	496
0	511
0	316
0	409
0	374
6	378
0	224
0	151
11	413
0	149
9	41
0	0
1	165
0	276
2	127
119	260
0	148
1	109
5	277
0	0
0	0
0	1336
20	3614
11	1444
101	4951
1	90
0	512
0	1207
1177	5375
2	28
7	889
376	302
0	4905
2	4153
1	93
27	3
4	2764
0	0
4	18
0	1
0	13
0	0
3	0
0	0
864	365
0	365
2	13
0	0
2647	401
0	291
9	182
0	23
25	74
1	18
6	0
0	0
158	312
395	312
1	4814
727	4892
1	863
1	78
1	3
9	6
0	3
0	0
0	3
96	1231
13	460
62	986
9	103
9	249
15	6
34	0
1	1
0	156
90	157
2	1
2	1
0	0
0	0
111	1572
1	25
0	338
0	303
68	360
0	7
49	1
0	0
2	1
4	2960
17	763
3	2925
2	2382
2	23
1	3468
0	3023
121	3033
19	1503
0	2587
7	365
0	904
66	26
0	99
0	1589
1	1599
0	1610
0	1523
9	1570
0	1664
0	29
0	0
16	0
49	1601
2	121
3	1529
3	1601
45	8
46	1532
12	9
7	1258
0	1553
371	243
0	186
3	164
2	10
10	122
28	1542
8	2930
62	731
0	887
9	1328
15	1030
0	53
0	64
2	45
3	36
4	90
0	25
0	4
8	467
0	42
0	19
2	242
0	0
0	89
0	2469
0	0
0	0
0	0
0	0
0	0
0	0
0	0
0	0
0	0
0	0
0	0
0	485
865	486
3	0
4	395
0	6
1	86
0	0
0	0
0	0
0	0
0	0
0	0
0	0
42	1
196	6929
32	109
0	3844
0	2513
0	2867
0	6931
43	50
18	41
3970	1353
0	1348
0	343
1	179
263	1723
202	1723
2	68
0	83
56	820
478	832
0	12
19	306
27	103
2	75
51	2
8	1791
0	1867
0	1793
2	155
0	1672
0	51
20	3
0	3
2	83
181	1083
88	774
124	1069
1	990
10	29
0	21
44	16
25	328
11	419
0	318
2	279
4	102
0	0
0	91
609	7608
32	7608
1	67
36	64
57	11
34	40
0	8
12	92
2	88
2	1
2	9
2	0
0	17
18	13
0	0
0	0
14	1582
2	1303
0	475
0	555
3	170
43	236
4	187
0	93
0	1373
58	607
21	44
1	0
0	492
0	143
2	398
0	0
2	140
0	118
8794	5368
12	4576
3	149
6	779
4	1798
6	4
0	4
0	0
416	266
5	114
20	791
3	79
0	1049
2	0
0	950
2	549
1161	400
16	400
6	0
440	4907
72	4907
3	0
0	0
1	0
0	0
0	0
0	0
0	0
0	0
0	1
0	1
0	0
6	1
1	6252
0	33
30	5285
8	3305
17	82
3	1279
5	359
16	498
0	379
0	5893
0	0
0	0
0	0
945	281
0	262
30	274
0	279
5	26
8	2
18170	1802
6	1392
31	144
0	132
0	0
0	0
3	850
1	850
0	183
0	285
86	510
3062	79
4	77
1092	1168
27	1168
3	1
869	217
0	215
0	150
3	129
1	104
0	22
0	59
0	52
0	2
5	126
0	132
17	77
0	77
3	24
0	44
0	19
0	22
0	19
19	554
6	560
0	46
10	557
5	38
41	524
0	75
0	41
0	5
0	291
6	33
0	146
0	0
16	897
0	401
0	35
0	222
93	372
0	144
930	653
1	45
6	103
0	108
0	23
0	107
1	19
0	0
0	19
0	0
0	0
0	0
106	58
0	52
0	26
1	25
0	20
0	58
87	13
0	1
206	63
0	49
0	26
0	14
56	995
215	1014
0	19
0	31
3	121
0	24
1	338
0	358
0	5
3	0
1	11
6	856
5	6
0	82
3	757
1	4
1	677
9	11
0	1
63	5
1	37
1	28
0	61
201	119
0	1911
94	726
5	741
2	108
46	380
0	32
3	9
25	7
3	0
2343	568
0	566
55	148
0	0
0	0
1039	265
0	69
0	183
0	52
0	31
0	2
0	13
0	13
4	5
0	0
0	0
0	0
0	0
0	0
0	8
0	1
1	1
0	26
0	129
0	151
668	190
10	103
1	143
0	4
0	99
0	1247
0	84
0	7
0	40
0	1141
0	222
0	318
0	920
1	52
0	751
2	5
0	557
0	0
0	87
2	381
0	2
0	2
0	2
49	4423
328	4423
27	225
2	378
152	428
0	24
2	49
1857	206
1	206
700	1
0	1
133	1574
237	1415
184	1583
39	601
0	21
0	22
0	24
0	16
0	13
65	9231
0	16
0	8384
4717	9443
12	6197
8313	8276
0	5038
4	5028
1	0
2	310
126	5821
349	56313
7	55622
155	59773
1031	55829
1	5515
3	7453
188	1444
6	12689
86	289
364	16
1554	159
0	156
5	0
0	0
0	0
0	0
3444	0
20	11
0	0
0	0
1	13
0	2
0	5
690	0
0	0
17	2938
0	1
1	2629
1	483
31	1595
0	1956
8	2296
12	91
4	335
0	310
0	628
5	3829
115	4297
325	4297
0	1
0	1
0	0
0	0
334	0
3	97
2	105
0	1
0	8
3	108
0	3
1	320
4	186
13	57
2	56
0	207
2	69
0	82
2	132
0	285
5	69
0	2
0	60
0	10
3	20
1048	1688
54	1634
10	31
0	351
125	1
81	123
3	486
0	0
0	0
0	0
1	156
21	178
6	125
0	48
5	50
0	51
5	19
11	32
0	12
0	0
0	0
23	6
1	337
3	45
0	312
0	312
155	3208
0	2122
0	528
9	0
18	422
0	19
21	4
16	1618
3	1
0	0
0	0
0	0
0	0
0	0
0	0
0	0
415	0
0	0
2	461
0	1711
17	563
0	1246
7	55
18	609
6	1
4	30
0	2312
81	151
81	947
0	0
1	2263
295	0
22	0
0	0
0	0
0	49
0	13
0	1784
0	1858
0	173
6	233
0	1850
5	168
0	214
4	1381
62	98
0	0
0	1863
0	131
0	282
9	148
2	268
0	258
0	0
5	7
0	0
27	0
1	13
2	4
0	11
8	290
0	0
17	55
1	0
0	0
2	56
0	1
0	0
0	0
0	0
0	0
442	0
0	0
222	15
1	2
0	17
102	22
0	12
0	0
0	0
10347	233
2	226
0	200
0	3714
0	3680
0	3670
268	3636
44	583
1	262
1	2684
0	879
5	138
3	478
0	404
0	308
0	0
725	148
26	147
10	129
66	110
0	102
7	95
17	96
4	3
10	326
23	314
1	33
0	112
0	67
0	41
0	20
0	21
4	0
0	0
0	1
0	0
0	0
0	1
0	0
0	0
0	0
0	0
0	0
0	0
0	0
0	0
0	0
0	0
864	3
469	13
4	13
0	1
0	1
0	1
0	1
0	1
0	0
0	0
11661	12238
18	12233
11	2
2	2
0	0
48	122
682	122
10	492
78	492
1	8
0	848
0	845
26	889
1	737
60	913
9	1
8	21
289	22
10	1
17	0
0	0
69	144
638	14
4	14
21	0
165	736
0	152
64	747
26	264
12	0
737	404
3	198
2	0
66	1
0	105
0	18
19	72
3	139
0	0
0	0
0	0
0	0
0	0
0	0
0	0
0	0
0	0
0	0
0	0
0	0
0	0
631	560
1	270
14	141
0	4
0	197
15	55
4	54
1	45
0	1
0	0
0	1
0	14
30	49
0	16
6	23
102	797
3	797
0	156
207	141
119	371
695	358
0	22
0	10
0	219
0	0
0	0
13	2146
22	2118
7	1164
1	196
10	6
0	150
0	2090
0	0
0	0
0	0
0	0
3955	1145
2	0
5	230
3	561
15	286
0	67
14	395
0	10
0	385
2	383
0	383
0	25
93	375
0	386
10	1
0	0
0	0
0	0
0	0
0	0
0	0
11	263
0	501
0	445
1	346
0	57
0	25
1	344
307	3219
15	187
11	3059
58	0
8	42
2	1
0	886
0	516
0	794
0	0
0	44
0	210
0	148
3	128
3	76
216	0
429	1283
14	1282
4	41
3	0
0	0
64	83
2	83
0	0
0	0
0	0
0	1
45	1598
212	1571
3	345
0	667
6	0
0	93
29	93
2	49
2	40
0	3
443	811
3	2
0	45
5	0
8	1
1458	644
4	644
9	52
44	284
730	237
1046	63
2087	11904
328	11903
0	1600
0	295
25	0
71	9
3	363
5	3279
0	1819
0	3184
29	3246
29	351
22	223
0	36
1	10
0	15
1	3209
313	797
2	26
0	784
2	7
0	8
0	146
70	68
46	1627
0	0
0	14
1	52
0	1583
0	15
1	1583
3	6
8	145
3	148
126	60
9	61
5908	4
14	427
7	765
0	187
17	171
7	171
49	6
5	18
10	43
2	764
3	55
0	24
4	0
0	84
2	194
4	873
0	120
2	408
0	79
0	231
7	802
0	15
2	77
9	77
0	76
15	39
11	71
0	39
0	1
26	64
0	1
0	1
0	0
0	16
0	15
0	16
0	2
0	0
7	1
41	505
43	290
179	138
0	0
4	0
278	408
2	79
4	2
0	327
1	1
0	1
0	0
0	0
70	1282
2	359
0	1295
0	990
0	1267
0	1138
0	7
20	3
0	123
4	2
8	73
0	0
0	53
7	65
64	0
0	24
13	46
0	0
18	699
0	2
0	0
0	0
0	67
0	2
0	67
0	0
0	0
0	0
0	0
0	0
1	214
1	170
50	214
1	16
12037	1855
83	388
0	435
17	717
8	299
7	100
0	586
23	1821
38	1821
3	1821
4	136
0	21
6	183
0	31
0	0
0	0
3	27
0	25
0	30
0	0
59	265
0	265
0	0
0	0
0	0
0	0
0	0
2	755
45	482
2	681
278	5577
0	3349
150	4078
0	460
42	19
10	3335
0	256
3	518
77	293
0	27
9	1
776	7832
0	0
0	0
0	0
1450	1
0	1
0	1
99	25
1	3
0	0
0	23
0	0
5	2
0	2
0	1
1	0
0	0
0	1
224	183
1	53
4	88
2	110
4	8
0	3
0	3
0	0
35	63
0	2
1298	268
0	69
8	242
2	0
4	5225
0	5072
6	5288
1	4972
256	3510
0	4872
17	4950
16	1539
0	2066
2	1390
7	266
7	1283
0	167
5	965
38	107
3	458
0	741
0	0
0	344
1	464
2	186
0	17
0	318
0	1
7	37
6	0
0	0
0	0
0	0
0	0
0	0
0	0
42	102
0	20
1	58
11	139
2	47
2	66
0	7
28	6113
0	5918
7	2
12	877
2	73
4	371
30	362
0	1070
7	213
25	5640
8	556
5	5769
19	5805
0	6000
236	813
46	547
0	756
167	610
0	87
50	523
0	340
4	0
0	0
7	8
1008	1675
50	1675
8	598
0	0
0	44
0	8
0	47
0	7
1	446
0	1
1	595
0	0
0	0
0	0
0	0
0	0
140	2
0	2
0	2
0	1
0	1292
743	2581
2	902
0	1
0	239
0	775
7	2225
3	221
1	1109
0	697
11	2445
2	18
0	230
0	0
0	0
0	0
57	2900
170	3266
11	26
5	588
13	10
6	135
13	412
31	7
22	15
35	543
14	47
2516	5823
14	5821
7	549
7	539
9	38
56	68
18969	12
0	164
0	147
0	174
0	32
0	157
14	4
91	45
0	41
32	104
0	104
0	0
0	0
0	0
0	0
0	0
0	0
0	0
0	0
0	0
265	408
384	354
2	0
1	0
664	30
0	26
0	14
586	152
0	35
0	117
29	2
0	2
294	1428
27	2467
1	6386
6	1800
1	2858
16	732
23	6133
0	1898
34	33
0	0
0	9
0	35
1	22
0	2
0	13
0	11
18	274
170	510
0	339
148	1047
12	1770
42	1767
0	53
7	1726
0	39
22	228
5	365
74	161
10	247
0	232
0	302
5	281
0	305
0	236
0	310
0	50
0	17
0	39
2	12
1	9
0	15
587	1248
4	118
8	0
6	1018
0	79
29	50
5	107
0	149
4	54
5	393
2	282
0	99
1084	0
69	0
0	0
0	0
0	0
0	0
834	860
0	847
0	678
0	638
0	60
3	12
0	12
108	0
3	0
7	1950
0	2135
46	1926
2	46
123	1265
36	1699
16	586
1	0
0	105
3	0
3	90
0	154
1	1
0	2
0	1
0	1
0	1
0	0
22	159
5	27
0	132
0	0
5	0
0	0
594	100
1	100
0	4
2	6996
0	3875
0	970
2	49
1	464
7	362
5	78
0	464
1918	2140
6	1920
0	2296
0	149
2	68
72	897
0	897
3003	2
0	0
0	0
0	0
510	4521
0	4521
0	0
641	310
69	294
2	132
39	121
7	118
2	15
0	322
37	673
0	694
0	646
0	715
0	646
0	16
17	139
8	117
0	3
0	0
0	715
49	723
1	664
0	156
2	5
2	39
1	2
0	2
0	0
0	2
0	1
13	1263
0	819
1	201
9	602
2	379
1343	90
3	89
81	446
6	446
52	80
1	102
1304	54
64	54
1680	1031
0	111
0	3
5	4
8	613
0	311
33	6
0	2
0	6
5	1478
99	1504
17	97
423	1
0	205
0	13
0	204
0	287
5	282
6	208
0	202
0	19
5	0
0	0
0	0
34	2008
0	1618
390	1969
0	36
0	0
0	0
0	44
35	857
2	435
1	1
2	49
0	3
0	0
2	23
26	94
0	49
45	897
46	0
0	0
0	0
0	0
0	0
0	3
0	3
0	0
3	8
488	203
0	36
0	76
5	40
2	25
8	1795
117	1558
2	1
104	563
3	1817
79	1110
521	1498
84	553
0	545
3	383
281	0
7	0
0	3640
2	506
1	70
0	560
62	2956
4	0
3	3
3	3316
0	355
713	2222
2	1087
7	1540
7	769
7	557
8	318
2	14
113	638
0	49
7	554
1	6
1	533
7	75
0	0
17	96
0	96
185	1100
85	1135
15	36
0	0
0	189
0	115
139	1613
2	1613
0	0
0	0
0	0
0	0
17	2
0	2
142	2291
0	2373
0	2215
179	764
0	303
0	180
0	2
505	76
0	0
0	0
0	0
260	9580
83	6230
12	198
66	9580
98	117
3	112
3	45
0	5
16	6
19	1939
0	1817
0	788
0	269
28	388
78	1551
167	79
0	0
0	0
2	7950
83	748
41	686
0	7102
38	382
0	1182
0	1526
0	7662
0	8089
0	7524
0	0
112	1505
0	98
13	98
0	0
5	26
0	1444
0	0
0	0
432	42
0	41
313	646
12	646
130	408
4	408
37	109
1	108
1610	105
706	5612
0	5611
38	1038
10	850
50	23
0	23
2	7
7	1035
31	1051
82	1051
49	967
505	4
4	4
0	0
0	0
0	1
0	1
0	0
0	1615
3	1141
12	289
2	1064
1	1764
0	101
3	1884
0	1115
0	33
49	26
54	331
0	381
3	388
6	142
23	67
0	0
0	0
0	0
0	631
10	374
99	724
1	12
12	105
3	55
3	5
3	1
0	1
0	0
0	0
0	0
0	0
2	0
217	522
1	128
36	619
9	552
6	641
2	0
1	0
33	0
129	754
9	754
1	3
0	21
0	24
5	24
9	0
0	1
22	1
0	1
354	778
0	493
23	632
12	281
0	269
57	181
6	130
4	53
6	141
28	4
0	0
5538	24289
1	1363
8	19348
2	10145
212	19399
1	19221
66	167
862	119
5	0
50	41
0	41
0	0
0	0
0	0
0	0
0	0
0	0
0	0
0	0
0	0
0	0
0	0
0	0
10	174
23	112
17	162
24	179
0	16
0	27
0	0
1	1677
0	3636
231	3642
0	0
4	18
87	116
0	58
1	1048
26	1048
9	4
3	402
24	13
2	41
0	7
1	12
0	41
11	69
0	152
8	634
0	824
0	1278
0	1623
1	1544
39	1076
0	119
85	2065
41	2071
0	737
1	722
0	833
0	377
1	0
0	0
0	0
0	0
0	0
2001	653
3	594
0	624
21	515
2	484
17	79
0	326
12	18
0	515
0	544
76	910
4	226
70	873
26	6
2	5
0	0
37	729
0	573
0	729
1	740
0	719
0	602
1	147
7	51
0	75
0	49
24	29
0	4
0	6
0	337
0	0
0	0
16	538
9	486
0	244
20	153
0	4
0	0
0	6
0	27
0	96
7	98
0	2
12	51
1	13182
0	15639
4057	3733
2	607
30	3361
0	0
0	1707
50	2216
4	1713
6	2026
690	115
4	7
0	79
2	91
15	47
291	47
0	44
0	32
0	12
0	1
273	113
5	113
401	1
0	0
0	0
0	0
0	0
0	0
0	0
0	0
3	243
0	201
0	197
53	210
0	184
0	254
53	1
1	36
3	20
6	71
0	516
0	29
0	462
0	0
0	0
0	2
0	122
0	0
0	14
0	8
0	3
0	4
3	14
0	0
5	3
1	0
0	0
0	3
0	0
0	8
2	8
0	0
0	0
333	2203
24	2216
0	16
1	11
32	10
0	9
3	8
0	84
0	72
0	71
9	31
93	39
27	8
608	76
9	75
2	210
0	1528
0	50
119	1562
4	0
80	710
0	296
4	14
2	26
0	42
142	257
2	657
2	160
0	445
4	294
1	231
0	184
1	210
0	200
0	199
0	0
0	0
798	848
1	521
5	182
4	374
7	0
24	16
27	724
15	11
0	6
35	362
8	38
17	9
0	0
4	20
9	594
10	198
1	466
64	497
382	0
1	2
0	2
0	0
5	409
0	2855
6	87
22	1654
0	0
0	2853
11	17
0	1
0	0
0	0
0	17
0	17
32	387
0	416
4	33
0	0
0	13
0	380
2	5
0	54
3	108
1054	507
2	308
0	361
0	386
2	130
10	179
7	111
12	125
0	399
11	396
3	64
3	0
177	135
21	75
61	110
16	88
1	25
13	61
6	5
0	60
0	0
0	64
3	61
1	64
0	62
477	782
3	484
4	195
0	136
0	704
1	56
1	336
10	89
30	807
6	718
0	62
1	68
14	701
3	7598
20	7397
0	7520
0	749
0	34
0	27
2	20
0	101
0	18
2	35
2	31
0	128
0	26
2	41
0	34
0	44
201	0
0	1958
0	2
58	676
8	203
32	128
12	7455
1	7569
0	0
0	0
1	1927
1	2274
182	2271
46	0
2021	4048
105	519
19	481
49	104
40	141
7123	2327
29	15
2	2053
1	1002
0	816
24	494
7	690
0	55
0	627
0	0
0	0
0	2
0	2
1	29
0	31
0	19
0	19
0	3
0	0
0	31
0	26
213	0
0	0
0	0
2321	4996
0	4996
0	873
2	655
1278	4948
21	118
0	5
67	1065
0	776
0	0
2	467
111	380
0	4146
64	312
0	312
13	49
2	2
0	2
17	895
33	299
19	894
2	54
2	108
0	392
0	239
0	77
0	0
0	0
0	0
0	0
0	0
0	1
6	1
232	0
0	0
0	0
0	8
2	75
3	17
1	30
0	0
0	8
0	0
0	0
0	0
0	0
3	9
10	1102
10	0
0	143
0	949
0	90
0	57
4	281
0	5
0	276
17	231
1	32
0	779
0	0
0	316
0	47
1	181
0	50
3	11
1	46
1	96
4	46
0	949
0	931
0	0
2	90
0	90
2	13
0	13
20	4088
0	82
1	164
3	468
0	234
12	212
3	130
143	57
0	37
0	0
3	1
190	1
87	874
6	1113
149	1142
0	0
0	0
23	5
0	5
6	817
9	55
17	703
0	170
115	801
51	792
8	604
8	112
62	142
7	54
0	24
1772	2
35	2413
2	0
21	570
3	30
0	2464
0	84
0	209
155	1859
0	2295
4	3
1	28
0	10
20	163
0	161
3	3
9	48
0	117
13	262
14	42
1	2440
6	33
22	67
1	138
82	56
0	67
9	0
84	76
2	0
3808	867
2	5
0	0
87	68
50	953
1	223
0	3
0	0
1	3991
358	3993
1	127
0	153
0	22
25	189
0	7
1	21
0	0
9	79
4	73
0	24
1	2
0	3
0	13
0	9
0	12
0	7
0	3
0	4
6	3
0	3
0	4
0	0
0	0
59	1087
0	1091
11	891
8	54
5	1091
2151	11
71	10
0	0
0	0
0	0
0	0
0	0
172	26
1	26
0	0
8	63
11	446
451	624
0	489
1	615
0	0
0	0
4	0
2	56
16	0
62	627
4	11
0	11
0	0
0	0
0	0
0	0
0	0
6	67
5	53
0	60
0	1
0	50
0	0
0	0
0	7
0	0
0	1
0	7
406	40
0	6
3	0
14	1901
0	3177
0	22
0	1
0	8366
0	8542
0	561
0	702
35	6131
22	6103
7	33
0	4694
0	628
0	3923
1	4832
0	619
2	449
0	553
0	305
0	296
0	9547
2	7
0	4190
0	922
0	330
0	787
0	697
0	1150
0	544
0	15
0	405
25	32
0	0
6	7
0	11
4	14
3	9
9	1858
68	1858
4	32
0	0
0	0
0	0
0	0
0	0
0	0
0	143
89	2304
313	2303
0	1997
0	2004
3	1166
37	229
0	359
4	364
0	2199
17	780
11	758
0	392
1	396
0	418
0	38
1	65
0	45
2	0
0	0
0	0
0	0
0	0
0	0
23	98
45	240
10	71
1	2
3	53
368	139
460	688
0	5
0	430
0	488
0	441
0	227
0	0
0	0
24	602
184	885
290	697
13	82
0	0
0	64
21	306
10	280
0	332
0	210
7	119
0	0
0	0
0	0
7	2090
41	2011
0	3
0	451
5	158
0	224
1	329
2	258
0	2090
139	182
1	182
6	145
0	0
1	18
6	2
0	0
0	3
0	3
0	2473
0	2547
70	2536
0	42
0	0
0	0
1999	208
20	70
8	26
0	12
0	68
0	24
7	26
0	164
0	114
0	1
0	7
1	83
0	5
4	0
0	3
0	0
0	23
0	10
0	164
0	0
0	0
162	2651
83	2666
35	2385
17	2219
0	106
0	0
0	0
0	0
0	0
0	0
0	0
0	0
0	0
0	0
0	0
0	0
0	0
0	0
0	0
0	0
0	0
1122	3
6	1
237	21
5	0
8	21
0	0
0	0
0	0
0	0
0	0
77	350
0	330
3	43
0	2103
58	3816
0	2101
1	3639
29	277
0	1056
25	113
0	40
0	0
16	8
0	8
2	0
0	0
0	0
0	18
0	18
0	18
0	2
133	234
0	28
0	206
0	341
0	329
0	0
2	9
4	339
0	340
0	352
0	0
0	0
819	1781
0	1747
1	454
4	0
0	37
0	0
0	0
0	0
151	1747
10	131
13	1601
19	148
0	0
0	0
0	0
0	0
15	0
41	616
89	620
1	158
7	28
2	0
45	49
0	0
23	53
1	26
0	47
17	50
0	43
0	7
3	150
757	6893
0	27
27	6726
19	6352
2	677
14	3118
4	957
2	41
72	52
1	22
0	45
0	0
0	0
0	0
0	1
8	3
1	1
0	1
0	0
0	1
29	0
0	0
0	0
69	232
5	193
29	104
3	51
10	40
10	16
11	12
9	1
320	164
0	131
0	16
0	11
6	40
130	119
0	50
0	0
3	52
0	36
29	32
10	30
46	16
0	0
55	199
5	113
0	114
5	202
0	36
1	44
2	9
0	7
3	46
0	53
189	11
90	177
0	26
15	177
0	27
69	368
5	366
432	195
0	195
8	159
0	56
1	0
11	328
2	0
40	336
4	0
2	0
8	286
0	0
855	542
48	306
6	25
4	186
807	2104
0	1985
0	766
19	482
5	5
0	468
1	175
4	91
0	86
0	6
0	69
29	100
12	98
0	7
2	207
6	208
0	53
4	34
0	0
0	0
0	0
0	0
0	0
0	0
0	0
0	468
0	198
5	436
0	179
0	138
1021	4368
358	3970
34	4055
9	2
23	189
0	7
82	5
883	1222
0	867
35	792
0	339
12	379
2	231
0	75
0	8
0	30
3	89
3	2
1313	322
198	6065
12	5497
0	3486
3	2937
7	883
70	247
1	290
12	23
0	284
5	1286
0	0
0	0
1773	3922
22	0
0	3616
0	3583
4	537
2	369
0	6
0	2
0	4
756	4399
17	3793
2	2185
25	2098
0	1432
0	1023
10	567
107	66
0	34
10	0
20	181
0	8
0	2
0	181
25	167
0	102
799	341
0	2
1	0
10	132
4	44
31	1
0	1
11	146
0	112
16	391
0	393
0	21
0	20
0	83
51	3562
10	3063
74	924
0	0
0	0
0	0
2543	913
0	913
300	85
0	75
0	8
6	2
0	726
61	726
9	63
0	12
0	44
0	35
24	41
0	26
12	0
0	0
39	0
9	17
8	10
16	0
0	0
0	0
0	0
0	0
0	0
0	0
0	0
0	1
0	1
0	0
0	0
0	0
1	0
57	949
1	738
0	575
92	736
2	517
0	1
0	0
0	0
0	0
173	378
4	290
8	330
786	785
25	293
0	422
1	533
1	35
27	188
0	0
0	80
612	183
0	176
0	188
0	0
0	5
0	0
0	0
0	0
43	720
2	720
5	51
0	205
10	3
11	144
0	0
1492	9152
1	6422
9	6675
31	8445
23	4556
0	1457
104	2632
1488	346
0	0
3281	65
7	60
0	40
1	0
0	1
1	0
0	40
104	20
0	15
0	9
3	4
90	421
22	346
0	111
5	75
1	44
0	38
9	1378
0	294
33	255
2	98
22	54
1	156
0	1378
0	1215
5	2
1	2
6	0
0	0
0	0
0	0
0	0
0	0
0	0
0	0
0	0
51	4
1	2
0	2
0	0
431	92
0	22
0	70
0	2
0	2
0	3
21	3
0	0
0	1
231	3
1	0
0	456
1	89
0	130
0	471
0	458
2	13
0	456
2	4
1	91
0	464
0	462
1	480
0	2121
65	2110
0	2095
12	61
0	2013
0	88
11	0
214	4987
124	2098
1	4842
75	3630
12	7
801	235
2	175
3	22
0	13
6	4
0	3
0	0
299	184
9	201
0	0
5	19
0	0
0	382
54	1670
11	1645
0	1703
0	132
0	0
0	0
0	0
0	0
13	225
1	31
0	225
0	2
0	3
0	2
4	3
0	2
2	2
0	0
305	1657
2	1657
2	1657
8	1198
5	0
0	12
0	12
1	11
0	0
0	0
0	0
510	828
0	180
5	717
0	137
4	805
0	28
2645	2746
45	1242
36	106
178	2220
2	828
33	236
113	433
3	1097
4	343
1	739
0	105
14	12
1	4
0	4
249	16
6	16
10	1423
0	171
62	1401
1	48
7	63
2	1499
1581	118
23	47
0	6479
25	6101
40	5566
20	2619
1	64
0	415
37	334
718	124
0	32
0	33
0	26
9063	719
68	717
994	291
2	223
1312	86
3842	19
7	7
29	7
1	5
0	5
0	5
1	2167
1	37
3	998
0	861
2	606
0	593
0	618
0	610
0	348
1	440
0	626
0	649
0	593
1	2
1	225
3	87
2	35
6	13
0	23
2	54
3	5
0	0
0	3
0	7
1	0
0	7
23	37
2	12
0	3
10	3
0	2269
0	0
0	0
288	14
459	42
8	27
0	1910
66	1910
15	90
2	138
97	1452
8	1303
31	1290
0	68
2	198
0	24
9	579
0	229
0	6
7	6
4	8
4	0
0	109
75	115
3	165
51	222
2	12
2	43
8	34
0	51
2	2
4	0
0	0
0	462
94	508
0	133
0	64
0	0
2	1
7	58
1	47
0	31
0	1
2	8
0	4
0	1
0	0
1	0
0	888
8	636
8	722
0	317
0	652
22	210
0	87
0	61
0	40
0	8
0	8
14	243
0	204
2	103
0	68
0	19
5	15
2	106
0	58
0	883
180	2
33	9
0	9
1	0
0	0
0	0
0	0
0	41
0	24
1	10079
22	224
5	420
5	7455
0	1345
7	277
28	800
1	756
4	5
0	383
0	8356
0	598
4	258
12	1822
29	9552
9	189
14	260
33	831
4	87
0	8531
302	114
23	114
0	70
3	56
0	0
0	0
19	449
0	348
493	551
0	0
0	0
0	0
0	0
0	0
0	0
0	0
0	0
0	0
0	0
0	0
63	16
0	16
1186	535
4	293
1	206
2	285
0	0
0	0
0	0
49	725
6	576
8	704
2	8
108	105
0	6
0	0
0	0
0	0
11	0
158	632
1	630
2	2
0	1371
3	950
6	206
4	204
1	398
9	668
11	782
398	17
4	255
7	349
1	9
4	0
0	0
0	0
1	2
0	2
0	1
72	0
0	0
12	387
27	389
2	14
2	15
0	43
0	10
0	2
216	370
0	370
0	0
0	0
0	0
0	0
4376	2325
13	56
28	477
34	1020
0	845
740	171
19	170
79	79
378	255
29	252
0	0
0	0
7	24
0	24
3	0
0	218
0	206
4	251
13	127
7	25
3	29
0	1
0	1
0	1
0	1
0	0
0	0
0	0
0	787
0	565
4	809
0	2943
6	2630
0	788
0	47
5	343
0	44
8	477
2	0
0	87
4	9
2	9
0	0
48	6
0	5
0	1
319	0
1	2
0	2
0	0
0	441
263	1464
0	1310
0	399
511	1427
0	230
0	1136
0	153
0	96
0	0
0	234
19	8
76	8
330	1192
0	398
0	141
1	449
5049	1139
9	1132
699	199
1	0
0	197
4	101
0	147
0	60
0	186
1	0
0	9
21	0
0	207
2354	279
15	278
0	0
0	0
0	0
0	0
0	0
26	693
0	25
138	1543
58	272
0	921
421	1291
0	0
496	207
13	207
45	0
0	0
0	0
0	0
0	0
0	0
0	2099
145	1924
8	33
0	1411
17	1642
0	0
137	1976
2	1167
3	1877
15	974
0	138
6	538
0	434
1	226
0	6
4	103
0	72
0	486
2184	169
0	167
0	0
0	0
193	3
0	3
0	0
774	24
15	19
5	0
16	0
0	0
0	0
2	0
9	0
0	0
0	0
0	0
0	0
0	0
0	0
1	447
0	449
46	449
0	49
0	5
0	12
0	12
0	1
0	1
3637	2145
1	190
1	1618
4	19
2	145
21	791
1	148
6	1414
0	912
0	88
0	12
24	36
0	41
8	30
0	5
0	27
29	1
0	0
0	0
0	0
0	0
0	1
0	1
0	0
0	0
379	21
9	21
0	0
7	690
296	690
0	162
0	3
15	27
0	62
3	0
380	3614
260	2900
69	575
23	2149
0	351
3	1448
0	65
0	40
1	0
160	74
0	21
178	1192
116	1192
569	342
25	182
42	312
7	151
0	0
2	157
0	83
8	87
0	58
0	0
0	0
2	6
14	11
3	14
0	1
2	1
0	0
598	1303
15	0
0	1303
117	0
0	0
0	2958
0	0
0	65
0	36
0	2776
0	70
1	2960
0	16
5	51
0	40
6	5
299	0
619	371
0	379
0	0
3	164
0	189
7	0
7	521
3	31
3	63
0	19
42	104
2	652
5	163
0	108
12	101
9	44
464	252
4	252
1	9
0	0
0	0
69	2088
0	1224
16	1224
0	2110
5	132
7	31
1	31
0	107
0	1
0	1
0	1
0	0
0	0
1	1
1	0
636	0
0	3
14	10
0	0
0	0
0	0
0	0
0	0
0	0
3	13
0	13
0	3
0	3
0	3
7	794
0	803
9	321
10	141
1	360
0	438
0	117
0	237
44	0
2062	1489
4	866
0	311
3278	22874
4	14923
445	53
16	20065
19	17485
0	0
4	0
42	178
0	94
2	178
0	0
0	0
0	0
263	0
28	156
0	599
0	560
40	609
5	607
0	668
0	10
1	50
11	5
0	5
59	0
6	0
0	0
0	462
0	546
0	78
13	514
26	106
0	205
0	97
1	162
0	85
0	61
0	9
0	87
2	19
3	3
0	3
0	10
0	10
0	0
0	169
4	2942
79	759
1	6
1	329
504	1677
216	1677
0	0
0	0
0	0
0	0
0	0
0	0
2	0
0	7
0	7
0	1119
124	1044
2	264
0	0
7	406
0	21
0	140
1	76
0	67
0	0
0	1046
3	1114
132	92
0	92
1	14587
14	13391
0	17621
0	1210
0	5
337	18055
1203	18360
139	2491
52	1396
474	2473
13	326
23	226
11	214
8	13783
0	13618
1	15855
2	1729
1	2716
25	1127
6	2207
5	576
8	97
827	934
3	818
0	244
2	0
6	2779
1	614
75	818
0	2799
3	2709
147	789
0	252
1	35
2	40
1	0
25	199
0	17
4	0
7	104
0	0
0	0
1	326
1	2
0	21
0	0
0	0
10	424
5	423
9	1
9	647
7	46
0	308
0	0
0	0
0	0
0	0
0	0
1491	0
19	3
1	3
626	2277
5	1895
0	934
15	258
0	271
0	170
0	71
3	16
18	1
0	39
923	1
1632	3
5	0
0	0
6255	3298
5	3292
45	241
105	1183
0	1099
6	188
7	1086
7	913
0	564
8	60
56	50
2	1
0	1
0	220
46	220
0	20
0	0
0	0
0	0
0	0
0	0
0	891
134	1433
0	223
11	1338
1	800
0	316
0	14
5	93
0	1
2	92
3403	954
163	945
46	136
0	227
8	44
0	124
0	126
4255	2152
0	732
9	54
17	1365
3	4
2	188
1	840
1	648
97	1747
99	1549
2	1501
101	1625
0	1020
331	374
34	355
32	27
1235	3
1243	945
12	3
15	27
25	914
91	301
0	300
0	218
0	34
0	0
0	0
0	0
136	29
0	17
9	31
19	12
4	27
0	29
1	16
98	0
0	0
0	0
0	0
0	0
1036	982
24	540
3	437
1	17
0	360
618	1599
2	0
1	1588
21	2922
0	3542
0	4867
2253	4932
58	1457
0	3594
0	3145
0	4
0	104
0	2623
6	125
0	285
0	411
0	32
0	69
0	0
0	468
1	0
7	60
0	281
0	279
2	398
12	599
0	73
0	341
0	28
0	60
0	717
0	579
0	717
0	279
0	0
125	542
122	542
0	267
13	191
17	0
0	455
0	465
7	852
0	651
195	1029
5	825
3590	815
0	978
0	630
0	646
936	10266
162	8344
4	0
42	4143
6	227
4	750
0	750
42	3453
0	2587
97	10367
235	8
0	0
0	8
56	0
0	0
0	0
0	0
13	219
3842	444
3	224
11	0
7	0
1266	54
9	18
100	1300
1051	1655
0	1469
14	1468
0	20
0	87
0	5
0	504
1	11
1	0
0	0
0	0
0	0
2	0
0	0
0	0
0	0
0	0
310	0
62	1466
24	125
2	242
3	229
3	1255
28	226
0	1173
0	246
20	567
42	485
1	263
66	8230
165	8342
8	8239
13	715
207	3047
0	240
33	428
33	306
292	396
9	106
59	1904
84	1606
0	16
0	1056
11	447
12	137
0	93
41	184
3	24
0	105
4	166
1	3
0	27
7	3
34	86
0	16
0	6
0	1
1	69
2	68
0	0
0	0
0	0
0	0
0	0
0	0
0	0
0	0
75	144
4	131
12	187
10	48
1	86
0	3
22	81
2	21
1	0
5	84
5887	7
432	11
0	11
10	0
41	0
0	0
0	0
0	0
1253	578
0	59
7	56
0	34
10	254
0	362
2	0
0	36
0	0
0	0
0	0
0	0
15	1191
24	1065
16	1596
0	241
68	558
0	451
1	37
0	0
0	0
0	818
8	181
0	0
0	0
1	0
24	1
0	1
60	84
0	427
2	409
0	399
397	1332
0	16
0	1394
22	1156
8	734
0	57
19	5
3	70
256	3773
3088	4004
1	428
41	8
2	974
6	931
1	967
40	1430
1567	3698
377	3616
2	1564
118	1999
0	0
0	0
1	4475
30	4616
0	4616
0	4616
10	37
39	24
0	116
0	0
0	0
0	0
186	2272
581	2341
27	0
2	509
28	0
29	0
5	6
0	0
5	436
8	435
3	392
0	19
233	106
1	0
6	23
412	45
0	22
22	7199
3910	7581
10	649
10	6691
36	1058
0	3816
0	3954
4773	4604
0	3329
0	2642
0	228
14	33
18	139
28	75
0	50
20	0
2	123
14812	7
10	0
2	2
0	6
1	7
0	6
0	1
0	0
0	0
0	0
0	0
0	0
3	819
113	819
5	60
0	47
0	29
6	0
0	14
0	12
0	14
42	372
29	371
15	17
6	68
63	23
0	0
0	0
0	1
0	0
0	1
57	136
0	544
0	529
6	8
30	547
0	234
133	234
10	3
23	221
2	181
0	205
550	3095
0	477
0	849
3	0
0	2362
0	0
0	0
0	0
0	0
0	0
0	0
0	0
0	0
1	858
59	1236
0	90
0	1447
0	37
3	1099
251	1161
0	1695
0	2342
11	3169
0	543
3	0
0	155
0	1057
0	3314
0	3241
0	1172
0	0
0	0
0	0
0	0
0	0
160	2517
1	25
0	540
5	603
1	2211
1	169
0	474
2	704
0	2727
0	0
1493	1815
0	221
0	244
3	24
24	1763
31	8
0	9
2	7
14	114
0	75
2	88
16936	1305
1	1301
21	610
0	0
0	0
0	1185
0	1748
125	1597
3	0
2	0
0	28
578	180
5	30
1	78
38	13
0	8
0	1
1	0
0	5
0	4
0	0
82	414
3	314
1	83
66	104
0	7
1	313
5	312
1	27
0	123
1	19
0	121
0	2008
23	1933
4	135
0	1202
0	1766
0	54
842	0
0	0
1	5
0	5
0	3
1	10
0	7
0	0
65	2563
5	1837
0	851
8	1635
0	224
0	1103
0	55
0	15
0	0
0	0
0	0
3	120
17	4
0	0
0	2
0	0
0	2
15	1293
1979	1295
1609	369
7	369
0	28
51	551
372	550
2	12
0	0
0	0
0	0
0	0
0	0
0	0
94	16
2	2
0	13
0	3
2	3
1	3
931	2088
3	2089
64	1079
36	198
0	136
0	243
582	13
39	14
24	10
11	13
16	9
0	9
0	11
0	0
0	0
50	93
3	66
1	79
149	114
2	55
0	45
9	85
6	34
4	0
0	0
0	0
0	0
0	0
0	3
0	3
0	3
0	0
0	0
46	2802
0	2001
0	2945
72	2578
21	620
2	28
1	29
0	138
0	207
0	1606
0	34
0	238
26	132
1554	540
6	439
0	182
0	0
0	210
1	182
0	98
0	45
445	394
7	17
3	386
1	7
10	1638
24	2111
0	1656
0	1920
5	742
16	864
51	13
0	958
1	217
26	6
91	0
1	1244
35	1314
0	499
1	412
3	201
4	134
1	27
1	93
0	32
4	45
0	0
0	0
169	1
0	1251
0	322
0	419
0	415
0	432
0	424
3	409
0	434
0	423
0	413
0	398
0	415
0	438
0	348
0	145
0	67
0	324
0	52
0	67
0	81
0	265
2	108
0	410
0	422
301	427
0	95
0	257
0	262
0	330
0	366
0	395
0	17
1	301
0	0
5	20
1	158
54	82
1	6
0	424
12	73
0	31
2	27
5	2
211	2
0	0
0	0
0	208
0	207
0	208
1491	588
2	585
28	519
2	85
1	21
0	0
0	0
0	6
3	6
0	0
0	0
156	5881
141	2651
0	4212
2	3658
30	604
0	55
0	20
3704	2116
7	243
24	896
3	598
5	14
92	298
6	675
44	137
3	134
1	18
7	2
64	2721
0	158
35	59
36	2684
58	347
20	338
0	62
1	111
0	7
0	227
634	11293
0	10386
0	8440
0	1131
0	1009
2	663
0	16
2	348
0	0
0	0
0	0
0	0
0	0
0	0
0	0
0	0
0	0
0	0
0	0
0	10380
5183	2
3	223
17	207
0	148
0	25
0	151
0	10
0	6
0	103
0	114
96	46
10	46
357	6199
0	6684
198	6330
36	733
41	531
0	17
116	4
8426	7
4124	4421
1281	4419
48	1370
8	420
0	986
76	579
0	92
14	578
0	527
0	456
23	60
2	72
5	72
22	61
0	0
5	504
289	278
0	278
1	141
6	358
3	349
13	357
1	14
0	65
0	26
6	22
0	3
0	0
0	21
453	3
58	3
168	776
12	75
1	736
7	15
6	20
76	541
26	1
0	2
6	31
17	3875
4	3877
83	211
0	1
1	0
0	3877
12	410
66	211
0	40
2	410
74	199
44	300
26	267
17	150
21	3
1	3
4	99
9	188
0	1255
5	41
0	111
0	103
13	199
31	220
0	23
70	353
0	19
0	70
7	1172
0	0
0	0
0	0
0	0
0	0
0	0
0	0
0	0
40	45
3	45
3	0
489	91
0	90
0	24
0	110
2	100
0	79
1	67
0	0
0	10
106	2122
1	1287
3	383
17	480
0	1400
3	10
0	391
0	1078
42	494
3	34
0	3
0	0
357	154
0	153
0	105
4	0
0	1742
0	1855
0	1978
45	848
1	1
37	157
1	292
0	34
0	1836
0	1958
0	0
0	0
0	690
0	718
0	652
0	695
0	651
0	628
0	515
2	671
0	709
0	339
3	351
17	71
6	5
0	0
42	1161
11	905
1	1341
0	857
0	475
2	842
64	1744
6	457
11	743
5	511
53	340
0	73
2	65
93	56
3	263
0	163
0	48
0	1770
176	1
32	295
323	310
1	0
4	282
0	0
0	0
0	3387
72	3393
0	585
0	585
0	585
0	585
0	585
0	585
0	585
24	534
0	2
3	357
0	0
335	616
9	552
0	349
0	62
1	16
27	305
0	305
1	47
0	24
0	10
0	7
0	0
2826	79
0	78
9	151
9	151
300	676
8	0
2	676
2	1
18	0
2	10
0	6
2	9
0	0
0	0
3276	1098
6	582
9	390
0	20
1	0
0	29
4	29
3	2
0	2
276	209
2	209
0	1
0	1
0	0
20	510
20	570
7	542
0	105
12	5
3	10
9	12
0	3
0	5
0	0
0	0
0	0
0	0
48	0
2	0
140	862
0	558
0	32
0	151
1	86
15	35
0	84
0	8
11	23
0	0
0	0
0	0
0	0
76	46
10	46
8	46
0	36
63	21
0	0
3	1549
20	828
1	873
0	80
13	567
7	205
0	0
0	0
1	0
0	0
1462	1046
81	712
51	1034
169	22
0	0
33	2247
2	2065
0	1921
50	355
0	0
0	0
9	0
0	0
0	0
0	0
0	0
0	0
34	1
0	0
0	0
1397	273
3	174
6	122
9	69
10	28
0	73
216	1193
0	1148
0	130
39	607
18	21
7	202
0	92
19	129
0	127
6	79
0	63
0	396
7	9
0	24
0	93
0	77
0	391
0	411
29	343
21	344
6	2
9	0
0	237
1	245
0	237
0	179
13	211
0	29
2	4
7	15
0	220
3425	2
2	82
6	445
8	245
0	374
2	375
0	12
0	0
11	0
0	18
0	8
0	402
0	1517
0	626
0	502
9	922
9	0
8	160
2	204
0	0
0	0
0	1
0	1
0	0
0	0
983	2
56	1006
0	524
0	1005
0	1
21	81
0	17
2	39
3	0
2	27
0	13
0	2
95	547
0	93
0	549
0	0
0	0
0	0
0	0
0	0
4	71
0	71
1	0
0	0
0	0
507	58
101	58
341	0
0	0
0	0
704	479
2	228
5	0
0	1
1	1
19	11
0	0
0	198
4791	2682
3	2679
0	1862
0	406
0	1262
31	952
3	134
0	241
3	130
2	126
0	93
1	39
3	1083
0	136
0	0
0	0
0	241
0	425
1	0
0	0
500	265
8	44
10	242
11	0
0	24
0	0
47	1068
0	70
0	998
0	182
448	270
8	0
93	222
15	17
0	55
0	0
0	0
0	0
0	0
0	0
61	299
3	281
64	42
0	160
0	103
1	2
46	0
9	4
42	65
46	1349
2	1349
47	1330
1	41
0	32
0	35
0	32
0	17
0	11
0	16
0	5
0	1
0	0
0	0
0	0
0	0
0	0
0	35
10	10
0	10
33	427
0	169
0	48
0	55
0	27
2	24
0	13
0	4
0	0
4	5
12	200
914	213
0	205
20	59
1	49
0	40
2	42
0	1851
0	0
330	1010
2	916
5	93
7	123
0	0
0	8
228	888
0	68
38	893
21	799
0	111
4	19
4	0
0	197
0	152
2	85
0	146
0	0
9581	1013
0	1006
0	4
0	4
0	4
656	2660
42	473
0	2130
2	2130
77	2510
3	2496
3736	920
9	306
0	610
0	3062
113	3212
1	3060
39	844
8	1004
0	2840
12	21
0	3214
549	1867
9	1758
3	1487
17	881
8	937
0	153
0	12
0	2
0	2
705	348
1	66
4	172
11	89
1	99
5	0
1	464
1	0
10	465
0	465
145	1
3	85
0	214
7	108
0	1
0	3
116	174
83	0
4689	1057
0	1057
0	3
0	0
0	0
46	946
23	150
14	1096
34	21
9	55
2	6
859	113
0	1
0	47
2	4
4	60
4	115
0	97
3	116
0	34
2	96
0	0
0	0
2	370
7	373
4	368
14	368
0	29
0	61
4	373
519	2288
52	2221
0	8
0	136
0	174
5	443
15	436
620	475
0	8
0	9
0	22
3	20
5	102
5	41
0	73
308	613
18	598
0	0
0	0
1	0
0	433
9	433
3	458
0	35
0	27
16	15
0	0
0	0
0	0
0	0
7	873
0	758
30	933
0	13
3	165
0	103
2	17
0	0
0	0
0	3
0	3
4	2
5	2
0	0
0	0
2	0
44	6
0	0
0	6
1	0
0	0
0	0
0	0
0	0
0	0
0	0
0	0
0	0
409	218
0	34
0	100
5	114
26	213
0	81
1	121
0	43
0	1
0	74
0	0
0	0
1	0
0	0
34	76
0	49
1	67
1	47
1	13
0	0
0	0
27	169
0	9
13	9
0	51
0	51
0	51
0	2
0	0
0	0
0	0
0	171
1095	181
329	0
0	33
0	36
3	32
0	2
0	5
2	32
1	37
0	3
0	37
677	528
1	88
1	94
0	346
94	472
36	374
1762	630
14	629
0	0
166	12
0	12
3	8
0	0
0	0
27	862
3	154
0	76
16	4
0	887
0	0
0	0
0	0
5	2206
9	2054
0	1992
3	846
16	1464
0	1954
0	2128
0	1318
0	1666
14	558
1	1064
0	1634
3	0
0	209
0	1183
111	423
0	204
0	162
4	168
2	19
7	27
13	144
0	136
0	0
77	3
77	4667
42	4665
60	4664
510	355
0	315
19	141
0	36
0	42
0	24
256	771
47	703
3	26
0	3
6	14
17	10
6	6
1	4
0	63
2	10
3	1
592	240
26	240
0	0
106	785
0	781
3	678
0	0
0	81
0	0
291	3060
1253	3486
33	615
0	865
1	957
5	3
0	0
33	17
0	10
0	17
1	6
165	171
47	115
1054	4758
9	4220
3	3613
13	523
0	0
0	0
31	957
5	919
3	765
0	90
0	770
1	718
4	190
68	394
0	188
54	288
78	269
118	51
3	279
0	19
0	4
0	4
0	4
226	31
0	31
0	14
265	20
1	20
185	295
2	295
0	295
0	0
0	0
0	0
0	0
0	0
255	261
0	205
4	186
1	24
0	12
3	0
0	2
3	1
371	10271
53	537
3	528
2	250
0	9966
36	10420
17	8931
4	6
0	4729
1	353
21	312
6	1110
46	5857
1	1475
18	574
0	1
0	0
0	1
0	1
0	0
0	1062
329	1542
2	1541
5	178
0	9
611	0
35	392
916	394
2175	1596
0	1018
3	737
0	5
1	160
2	248
0	328
42	50
8	498
178	317
2	428
32	439
4	16
0	103
4	8
0	21
3	0
0	0
0	0
1878	36
0	35
1201	57
17	2
0	1
0	0
0	0
2	26
5	28
207	399
49	392
27	0
2372	2
0	1
0	3
0	4
1	3
2	0
0	3
0	480
4	584
0	412
0	701
1	431
0	492
0	562
1	316
0	0
0	0
0	0
7	1121
36	341
0	1324
43	1149
4	171
3	24
8	27
366	5710
501	5101
47	696
83	6
11	1869
0	559
120	15301
3988	15867
0	7996
0	1261
0	653
3	551
0	9
0	662
2	835
0	81
4	796
6	208
6	315
6	17
0	199
508	1214
5	238
7	906
10	2135
55	2828
0	334
6	54
57	88
0	79
0	0
0	22
11	42
0	3
4	25
0	1
590	669
0	164
1	283
27	3723
1	3750
18	2147
1	2785
609	4315
11	362
2	72
0	0
0	0
5	0
1	0
91	174
1	31
0	4
0	174
0	0
0	0
981	0
1	313
9	359
7	213
2	406
6	153
0	176
0	22
16	84
0	11
13	46
17	5
2	87
9	87
48	136
1	129
344	210
0	68
86	1286
62	49
3	0
0	1411
0	138
11	1414
5	19
0	71
0	56
6	17
6	17
1014	2
25	435
1	372
0	408
0	13
27	16
6	32
1	246
0	15
0	1
0	0
1	0
137	1172
44	1220
2	303
5	89
10	195
1	269
0	0
9	185
12	72
0	3
1	3
27	4
1	628
1	1226
3	0
0	1242
0	497
44	437
0	383
4	124
1	331
0	222
0	178
0	101
10	81
1	228
1	82
213	774
0	185
0	556
0	560
1	7
1	7
0	6
0	567
4	615
163	637
0	48
2	6
0	88
26	0
0	41
1	43
0	43
0	41
0	0
0	0
1	0
0	0
1	1
900	1227
62	76
0	0
19	46
19	1202
0	10
0	6
0	6
0	6
0	6
0	2
0	2
0	2
0	0
0	9
2466	0
0	0
0	0
0	0
0	0
0	0
0	0
0	0
0	0
0	0
5	8
0	8
1379	1514
16	100
4	67
4	67
4	1191
0	66
5	5
0	83
13	123
20	110
7	22
1649	3
0	0
0	107
31	135
133	189
0	157
21	94
40	214
7	110
0	88
7	78
42	1
2	110
0	69
0	114
2	124
2	24
0	109
0	95
1	19
0	3
41	5
1	96
0	19
0	86
0	21
0	3
1	0
0	25
4	88
61	1700
4	70
0	111
8	1742
509	1
12	0
0	0
0	0
0	0
0	0
0	0
0	0
0	0
27	619
48	597
0	110
8	102
0	27
3	179
0	62
9	1176
2	725
0	960
1	68
0	25
13	8
5	5
1	5
12	42
7	0
0	1152
192	151
10	4
2	151
0	43
3	3288
1	75
0	2806
0	2660
1	3798
3	454
3	2960
902	3574
290	3736
0	2679
19	2025
18	236
0	379
10	1224
78	258
0	1
0	1
0	1
0	0
1051	1578
26	1579
8	237
252	316
0	112
0	34
0	41
0	20
0	0
11	7
0	19
0	262
355	334
1	102
0	6
2	33
0	227
0	1
106	192
481	168
40	158
932	1
846	426
26	70
8	371
23	339
7	84
0	17
0	18
0	0
0	0
0	0
0	7
0	18
0	3
0	3
0	2
0	0
14	2
0	3
22	40
0	40
5	3
1	6
0	7
7	873
0	752
0	494
3	19
0	157
30	464
0	138
0	128
0	960
1	0
13	15
0	15
0	0
1	4
99	2232
0	171
20	2231
0	216
0	72
0	1
0	3
4	37
3	20
1415	1669
27	1668
17	1147
2	672
30	1101
0	646
14	96
0	0
0	8
1	3
0	3
0	5200
33	5026
215	5334
8	56
1	568
0	932
25	5130
471	66
57	4
1	88
30	438
199	431
222	2198
1	1532
297	1968
39	0
0	2047
45	681
1	1753
0	2048
6	332
1	537
8	978
0	225
22	51
3	107
0	0
0	0
0	0
0	0
0	0
3	46
1954	1031
0	662
0	257
0	16
4	127
7	387
118	157
0	157
4	1
1	1
359	1391
1	249
1	95
8	4
8	164
1	81
5	6
13	935
10	3
0	28
50	188
1	639
1	409
16	312
4	312
108	10
10	15
0	42
0	110
6	0
244	57
2	69
124	643
24	311
16	591
0	123
0	173
0	96
2	87
9	219
3	75
0	146
0	0
0	0
0	0
0	0
158	32
5	24
2	8
0	24
0	0
0	0
6637	1346
3	131
5	555
0	228
24	98
0	83
11	187
3	412
14	191
3	187
1	15
0	17
0	0
0	0
0	0
0	46
0	32
8	17
0	20
0	20
1	25
1	1
0	0
22	0
0	0
0	0
168	15
0	15
134	0
5033	343
3	339
4	344
15	491
13	298
0	56
12	387
0	592
0	63
14	162
68	139
26	101
8	44
0	6
16	21
93	0
0	2641
845	3587
6	6
0	55
1	2822
0	118
1	1064
0	0
0	0
0	0
0	0
1	376
0	785
0	728
0	94
2	85
0	0
218	185
0	113
0	26
0	72
0	1
41	188
1276	2977
0	172
2	2789
185	255
18	254
128	133
1	197
0	1
0	1
0	0
0	1
334	1234
185	1236
936	1236
5	544
13	3
0	0
0	0
0	1
170	292
1	21
422	311
0	123
0	190
1	140
0	68
7	1
0	68
0	68
13	1
2	409
0	135
81	410
5	0
0	38
3	4
0	277
0	442
1	342
0	344
0	162
0	103
0	64
53	89
2	128
0	44
12	58
17	44
1	53
12	42
7	135
0	16
0	11
0	5
3	17
11	6
9	6
1	0
0	12
0	0
0	1
0	1
0	0
0	1
0	1
0	0
3238	2
0	0
0	0
0	0
0	0
0	0
0	0
0	0
0	0
0	0
0	0
772	11349
94	11349
69	1291
0	782
2	1570
448	1451
0	1137
0	1231
3	130
0	11
4	0
14	1726
31	1897
7	190
17	1096
0	958
3	42
0	68
3	28
0	200
0	0
8	0
4	150
2	1
0	1
0	0
0	0
0	0
0	0
7	1596
2	1773
0	1730
0	834
0	1305
0	1324
0	1334
0	2
0	0
0	0
4	6
1	0
0	1
0	0
0	4
2	5
0	5
0	1
0	1
0	3
0	2
0	34
0	34
0	20
0	0
29	757
0	757
0	26
2	0
204	0
3	6
0	2
0	4
0	0
0	0
0	0
0	0
0	0
622	1
285	951
0	947
98	951
18	2
3	1
3	176
0	142
0	42
0	0
0	0
218	502
3	84
0	130
0	146
34	17
0	2
7	184
1	5
9	0
56	2412
20	9742
30	9981
176	853
0	186
11	9715
0	9976
0	9685
27	2071
24	1943
4	257
0	230
0	8
6	415
0	4
0	0
54	3531
63	3288
0	1449
2	32
140	35
5	4
1	3
0	0
0	0
66	298
0	77
0	77
0	94
2	141
0	0
446	199
0	198
0	24
2	6
3	1
384	636
0	517
3	205
0	20
8	243
159	1283
16	144
0	1
3	0
4	66
0	49
7	1235
1	27
0	583
0	3
1	9
53	2898
0	2106
0	2477
2	2106
0	523
0	599
0	599
0	596
2	894
0	0
2	5
9	2
45	64
0	46
0	0
0	0
0	16
4	0
0	347
0	0
0	258
6	16
0	257
0	2
0	0
0	477
372	477
3	1
0	97
0	32
1943	2513
6	2206
0	1314
0	1194
0	469
3100	420
12	419
0	31
8	76
111	9
0	5
46	4
32	1
0	1270
3	1170
82	1270
0	906
9	122
0	46
63	2956
6	411
0	0
52	0
26	0
36	2891
0	86
4651	602
2	510
52	1
4	0
7	3014
4999	6338
3	6335
2	3899
3	230
2	5975
2	6335
2890	4628
3	4137
0	4636
0	0
0	0
0	0
0	17
0	0
0	6
0	3
0	11
0	0
0	0
0	0
0	0
5	0
0	0
35	9155
158	7221
11	9025
0	9162
353	6822
2	2278
640	4042
23	339
2	152
431	2517
0	104
2	242
0	560
171	3
54	3
0	3
119	763
0	481
0	745
5	0
0	100
0	3553
369	7867
2	162
0	2630
4	2362
41	2590
0	3669
0	2014
0	281
1	68
0	2010
0	185
0	2469
0	2057
0	0
0	90
1	2619
0	53
0	2679
0	118
6	116
0	347
0	2567
0	185
0	228
2	2290
0	553
0	758
4	2320
12	457
0	2187
11	2382
4	189
20	300
15	2061
2	1095
1	8
0	6
2	2250
0	146
1	72
0	335
3	448
0	196
49	2470
0	716
0	468
1	295
0	681
0	3355
5	18
0	26
0	490
17	265
1	593
0	364
0	1923
11	3
145	1700
8	514
0	7848
144	0
0	0
0	0
35	586
16	260
55	333
165	554
7	641
0	222
1	140
0	20
0	116
2	7256
5	5963
159	3372
6	599
11	47
16	59
24	2206
0	547
2	541
7	547
7	129
0	60
42	70
140	614
0	614
0	0
0	0
0	0
1	662
3	685
50	247
21	51
0	180
1	120
7	67
0	0
0	0
0	0
8	121
1437	290
0	169
0	0
0	0
37	2077
210	2233
37	768
0	1977
0	104
6	68
11	690
0	0
11	1
0	1
396	0
66	1866
71	1865
44	1320
370	1095
9	917
0	113
10	116
0	148
0	235
8	906
1	2
0	983
0	13
0	0
0	9
0	15
3	645
2	596
77	90
11	770
1	108
0	0
2	247
4	219
0	58
25	8
0	8
353	129
0	18
0	0
0	57
4	22
0	36
0	11
10	773
0	715
62	927
0	102
0	876
73	251
52	52
21	99
12	0
7	116
4	2
1	898
35	1550
0	1520
0	1438
0	1400
1	0
1	0
10	7
3	102
208	1346
0	57
1	1547
0	211
6	41
161	225
0	721
99	55
0	1
0	20
3	307
5889	2533
10	603
0	1398
4	3
0	0
0	0
0	0
0	0
0	0
0	0
3	0
1	0
19	16
0	16
4	7
0	0
3	2
0	7
8336	439
15	437
1	1420
484	1430
10	484
0	15
0	0
0	0
0	0
0	30
3	83
0	94
4	76
0	11
0	11
0	13
0	13
0	70
0	1
0	6
10	22
0	17
4	0
99	7
0	0
0	0
0	0
0	0
0	0
0	0
0	0
0	0
0	0
0	0
0	0
0	0
0	0
0	0
0	0
86	206
0	167
23	119
1	174
0	26
0	195
2	21
138	84
0	10
9	0
3	74
6	53
27	1336
32	5
0	8
1	1679
7839	1683
323	1
0	1
9	0
6	0
0	0
0	18
0	14
0	1
2	4
0	0
0	0
0	0
10	6
2	5
4	41
4	588
7	3
0	669
0	639
63	538
0	733
0	625
0	567
3	112
3	55
18	10
0	527
1757	1792
113	1502
11	188
4	1515
0	1145
3	1240
0	78
18	142
0	196
0	86
4	84
0	29
1	2
7	20
1	9
9	2
5	17
37	23
0	0
0	47
0	47
0	29
0	37
0	34
0	39
0	36
0	43
0	179
10	31
0	22
0	35
0	0
0	173
0	0
0	0
0	0
0	0
0	0
0	0
0	0
0	0
5	1670
41	1667
1	804
19	144
8	1241
1	175
0	12
0	30
121	47
2859	1279
38	779
75	185
125	834
1	834
0	73
615	0
18	1931
5938	1932
39	913
7	1609
2	850
262	10755
0	405
1	160
4	1565
9	10616
24	231
1	1
0	3
52	0
330	262
0	217
0	162
17	1
0	17
0	213
249	698
89	701
3	51
0	116
14	6
1	0
4	1841
16	166
1	334
70	1889
0	1105
0	1022
0	148
20	522
7	41
2	0
0	0
74	0
74	229
0	229
3	33
0	0
0	20
19	36
5	35
16	4
400	859
0	764
2	0
0	17
34	550
1	155
1	114
0	53
115	1325
82	1438
2467	1
34	71
3	62
0	14
107	260
132	259
0	0
0	0
0	0
3121	3
0	0
10	766
0	0
0	0
58	12
0	4
1	2
2	0
0	6
0	8
0	8
0	269
30	269
0	128
74	270
1	174
7	50
5	2
1	0
0	0
1	1
0	0
0	0
0	0
0	0
0	0
0	0
12	0
3	0
0	0
0	0
8	0
0	0
0	0
0	0
0	0
0	0
11	8
0	8
0	3
2069	3259
5	1003
18	1017
8	2480
0	306
46	62
60	340
4	296
0	18
4	495
0	604
3	292
141	284
0	417
8	113
0	175
136	247
0	0
0	65
2	66
13	47
2	9
0	505
400	4093
0	591
0	3355
2	3358
16	484
0	2249
3	2247
9	0
0	0
0	1362
1	471
0	0
0	261
0	1
6	697
0	726
0	47
3	5
6	408
0	4
2	42
0	24
0	0
0	0
82	21
8	21
0	1
0	1
31	165
271	382
0	145
5	59
4	4
9	1
11	8
1	116
50	46
0	38
39	201
2424	202
5791	3356
71	246
0	932
52	851
2	2885
0	0
12	743
1192	2
0	0
0	25
4	25
0	4
0	0
0	0
0	5
0	0
0	1
0	0
0	0
18	0
0	0
0	0
0	0
0	0
0	0
0	0
0	0
0	0
0	0
0	0
4	6416
1	6024
26	3384
21	2699
100	1512
62	693
24	352
2	128
14	26
0	15
4	15
163	1537
267	1536
6	502
15	0
4	10
4	0
10	0
10	972
17	972
20	5
8	35
20	11
13	4
0	126
0	17
5	253
11	541
0	493
0	512
1	470
4	602
0	212
0	358
5	320
0	316
1	13
3	51
0	0
0	0
327	873
6	774
4	34
1	14
0	90
0	26
5	5
0	384
13	410
18	114
4	72
2	174
2	165
0	5366
2	5537
0	5569
0	6971
15	6095
9	6913
0	6388
0	5651
0	5600
0	5255
0	5204
0	5120
0	5295
0	5273
0	5110
0	5072
72	0
21	704
6	99
2	102
21	32
75	3437
5	3386
0	283
0	539
0	2
0	6690
0	6691
1	605
41	0
3319	3767
0	3792
74	292
17	602
46	32
1	1
0	232
5	822
0	0
0	0
97	457
2	457
250	2120
30	200
0	2108
8	541
13	537
9	3
2	0
0	0
1096	0
819	6780
0	2288
0	5371
0	6022
1	6571
4	6067
262	4874
0	3128
0	3961
65	3142
21	161
10	1748
6	211
19	2445
118	1822
174	44
1	43
13	1057
5	52
0	0
0	6
1	7
6	165
7	368
0	8
2	3
0	4
0	3
0	4
1	9
0	9
0	0
0	0
0	0
2	7
3	7
4	0
24	677
32	98
0	547
3	604
594	1441
0	0
0	0
0	0
0	0
0	0
0	0
8	493
3	347
6	367
0	28
2	690
4	520
0	430
0	477
0	710
0	689
0	733
7	0
2217	3510
0	751
1	562
7	1019
31	1964
0	1669
0	82
0	83
0	3
0	44
6	81
0	55
0	72
0	0
0	47
3	47
0	0
0	0
0	0
0	29
0	41
0	26
2	11
1	2
0	0
0	4
0	29
0	12
2	5
674	2358
8	0
11	2357
5	6
634	2179
8	1990
10	2076
27	202
7	162
3	3
0	31
0	201
0	0
0	0
0	0
0	0
0	0
3	13
32	13
20	701
0	105
254	702
0	70
4	1090
0	115
3	93
1	518
0	39
0	529
0	0
0	788
2	5
0	1060
372	850
0	796
0	402
0	348
14	338
1	0
0	37
1	29
6	0
0	0
39	0
83	111
1	0
0	0
12	608
39	608
0	95
1947	759
1	6
0	264
4	277
0	388
2	11
0	10
1	1
1	3
0	1
16	450
113	450
7	141
4091	16
0	8
0	3
1575	1133
0	1132
0	0
0	0
0	0
0	0
751	2902
98	2571
15	2422
0	2388
186	1198
14	115
8	751
0	2900
146	2238
0	1279
23	2318
0	810
0	1157
5	2350
0	3692
6	2872
350	442
3	56
23	234
61	290
0	2113
0	0
0	0
0	0
1	2
0	0
0	0
0	2
0	191
2	1
0	79
0	3
0	95
0	1
0	0
0	194
0	191
0	0
0	0
0	0
0	0
3	0
95	4686
5	340
20	4346
490	296
4	274
4	22
2	98
46	1
7	71
0	0
1	50
0	42
0	0
0	34
8	0
1	6
0	17
84	148
0	1
0	0
4	2
0	0
0	2
3	0
0	0
46	0
570	396
0	394
0	67
1	63
5	49
0	5
1	22
3	62
2	6
0	4
0	2
0	5
0	13
0	0
0	0
6	2
9	2
0	0
17	1
32	461
3	461
0	0
1	229
52	229
0	48
0	70
3	12
0	9
0	2
0	50
17	30
0	8
0	24
3	0
0	35
107	67
0	63
0	2
0	2
0	0
2	0
5	2
0	0
0	0
1	487
0	488
62	537
7	7
64	8
0	1
0	2
0	7
0	448
48	486
0	0
1112	374
0	374
82	2352
5	1058
0	1793
24	20
0	164
5	15
2	523
0	103
9	132
1	108
2	6
5	734
0	0
80	1891
2	788
0	815
0	460
1	543
8	918
6	1236
0	966
3	259
0	1298
0	999
0	1227
3	160
1	5
0	774
5	1
0	0
0	0
7	493
1	530
0	509
12	1
7	326
0	371
0	92
0	124
0	91
0	0
0	0
0	0
2820	75
22	67
7	6
7	363
18	328
90	367
0	77
0	4
0	0
0	0
0	0
47	809
6	809
0	809
0	111
0	99
4	99
0	99
458	175
4	30
0	66
45	44
0	112
30	108
23	112
29	102
111	138
17	14
0	27
6	51
2	54
0	0
0	0
0	0
0	0
0	0
0	367
0	344
1	288
0	354
0	0
0	0
0	0
0	0
0	0
0	0
0	0
0	0
0	0
0	0
0	0
0	0
0	1580
1	332
1	291
0	67
0	77
1	18
0	238
1	401
0	115
2	404
0	1578
12	37
0	40
5	38
0	37
2	16
0	3
0	0
5	1
5	4
198	461
0	55
1	19
0	47
0	1946
3	1823
91	1853
1	116
0	2238
2	27
0	4
0	35
0	132
0	744
24	983
0	992
154	1589
0	1857
0	84
10	766
0	2240
16	8
1	2
0	7
871	6610
20	6610
258	784
22	294
3	204
1	176
7	28
0	77
0	406
1	459
0	431
0	112
0	1122
6	307
1	214
0	15
0	124
0	8
0	124
0	126
0	61
3	3
1	176
0	15
0	971
2	5
356	41
0	36
753	737
88	733
5	24
1	16
0	0
8	1528
1	72
0	333
5	145
76	1427
28	288
0	88
0	1478
0	327
0	491
9	728
2	138
5	168
7	250
0	28
26	6
2	6
1692	0
53	385
42	127
21	2
10	440
0	142
14	0
0	0
5	5
504	737
3	737
492	2344
10	1999
68	94
0	2041
335	9
0	210
0	0
0	0
0	0
0	0
0	0
0	0
0	0
235	0
7	1897
32	2065
1	2068
1	1694
57	1921
0	2043
50	1954
0	39
2	35
240	2216
0	2216
0	174
0	3
0	9
2	0
0	0
4	0
801	71
14	69
7	0
1	36
0	29
2	29
4	1
4	2094
16	2459
77	1180
1	1
0	177
0	190
6	192
13	180
1	22
0	20
0	0
0	0
0	3019
43	849
4	832
0	421
0	817
1	429
0	449
20	800
0	794
0	45
30	636
5	658
0	159
17	323
0	283
2	33
1	5
0	46
1	2
0	2
7	0
0	1010
0	959
2	136
0	188
0	555
0	5
0	0
6	59
0	201
0	1012
0	0
451	0
586	308
1	71
2	238
0	77
0	5
0	7
0	3
13	0
0	0
0	66
401	1
5	0
0	0
10	56
0	180
0	202
0	184
8	137
0	12
0	28
1	144
0	0
1	0
1	5
0	0
97	368
0	0
0	308
7	69
1	54
0	37
0	0
20	1
22	32
1	113
0	181
0	1637
0	0
18	203
0	247
1	52
0	1634
0	0
10	23
0	24
0	24
0	13
1	23
0	3
82	2671
1	2672
0	2513
4	79
4	4771
55	4770
2	4745
0	131
1	15
48	9
0	6
0	0
310	0
13	0
0	0
319	140
0	191
22	47
8	15
367	51
100	599
11	607
0	84
67	32
76	213
120	213
0	1
23	655
3	452
24	625
2	0
0	23
2	18
0	30
0	1
1	0
8	11
130	216
0	216
0	0
0	5
0	28
2	30
3	0
0	2
8	0
0	0
3	57
1	1
21	57
0	5
0	37
0	20
0	11
0	28
0	22
0	19
1	1476
0	1478
81	29
5	691
1	1620
0	1006
0	934
45	1991
60	1992
3	1115
24	90
0	88
0	86
0	56
0	60
0	0
117	1
0	0
0	0
0	0
0	0
0	1260
0	150
2	230
0	207
0	245
0	166
0	0
0	27
0	81
0	190
0	216
2	150
0	130
4	128
2	21
0	0
1	0
0	1245
24	5777
0	5154
18	5392
0	6019
15	9
2	159
23	6
2	49
47	1153
0	527
11	1374
0	164
23	266
56	1208
4	25
0	25
0	24
1	16
771	17
96	247
11	39
10	221
3	23
0	4
34	145
5	83
1	17
0	5
0	16
0	122
0	127
3	38
1	0
0	108
0	0
0	16
0	22
0	3
0	3
2	1606
4866	1564
143	1567
2	94
1	44
126	224
4	224
50	142
9	1
0	95
0	4
2	18
0	55
0	130
1805	1503
26	1497
5	580
0	0
0	0
0	0
0	0
0	2
19	54
6	53
10	70
0	0
0	70
0	0
0	1
3	0
74	16
0	9
0	11
2	11
0	2
0	4
0	0
43	5
0	5
47	2541
5	2426
0	1859
6	19
36	0
0	163
2	28
2	15
151	7641
5565	8582
149	3283
12	2
40	40
1	1354
0	298
16	135
0	1434
5	1017
23	130
0	569
24	59
0	69
9	101
0	686
0	1018
1566	3954
98	3628
201	118
5	5
3	110
1	123
0	0
0	123
1	3
1	12
0	2
0	120
1	6
0	6
0	4
0	4
0	0
0	0
0	0
0	2
0	40
11	34
2	14
0	16
0	16
13	16
0	7
0	11
0	5
0	9
0	11
0	7
0	9
0	13
0	5
1	9
0	10
79	8
5	8
0	9
0	0
0	0
0	0
0	0
140	308
12	42
30	266
0	84
1	14
0	0
0	0
157	197
8	19400
0	23041
1	0
0	0
307	20767
221	1852
2	922
8	740
9	19628
0	22634
7	22019
12	2818
8	968
59	8292
45	5025
213	38
0	21
1	2339
2	1742
0	3054
28	1898
0	1405
0	22980
0	22329
0	0
0	581
1	514
54	491
0	592
1	590
6	571
0	45
3	18
0	49
1	76
1	33
0	92
0	83
0	90
139	1
0	0
174	384
5	221
0	62
0	149
6	0
157	0
19	3701
347	6433
1	7193
138	6182
7	3700
1	24
0	0
2	116
1	264
425	551
0	42
0	11
0	551
54	114
0	92
283	1062
0	39
17	828
0	209
0	203
23	297
10	259
252	2
0	0
2447	52
2	17
7	34
0	5
1	5
0	0
3	594
1	74
8	521
6	12
3	23
22	585
0	86
0	84
0	0
2	176
2303	2107
67	2098
2	0
5	2
128	6656
2269	7322
0	4323
0	706
14	75
27	2814
2	2707
13	131
9	3457
18	4
26	0
8	5155
0	1
0	1
0	1
0	1
7	280
1	38
0	276
1	279
0	10
0	1
5	2
1	7
0	6
0	9
0	21
0	934
5	328
70	1318
23	152
6	923
44	1090
0	126
0	0
4	226
27	153
0	160
5	25
0	132
6	152
8	555
19	637
8	217
27	323
5	179
20	33
5	551
9	551
0	582
0	115
0	142
68	7277
322	6893
27	1006
150	6923
6	359
12	199
6	553
8	311
17	265
23	75
1	10
10	427
6	622
0	18
235	641
7	11
0	623
1	0
0	0
17	1259
106	1158
7	1052
0	267
4	204
589	175
0	174
0	62
0	14
236	754
0	443
11	639
59	622
14	645
0	173
7	7
50	335
3	475
9	472
1	36
0	0
0	0
0	0
521	581
0	133
26	551
7	425
0	14
164	10
2	10
63	356
5	128
0	152
7	159
11	37
1	31
4	39
0	0
1	1
731	0
0	0
0	0
0	0
0	0
0	0
0	0
80	218
54	48
862	1827
19	1748
0	393
162	5749
3	3654
0	176
0	4274
95	5051
0	0
28	260
2	1186
27	1433
6	718
3	1194
0	1155
1	345
0	0
0	0
0	0
0	0
50	303
6	834
121	1130
113	1140
10	934
62	967
16	364
2	24
7	18
4	40
0	0
0	0
0	0
0	257
707	386
0	0
0	88
0	117
0	11
0	30
0	102
0	1
0	0
1	0
0	0
0	0
0	0
0	0
0	0
0	0
0	0
0	0
0	0
0	0
0	0
0	0
0	0
0	55
2	20
0	5
0	54
3	613
25	678
0	0
0	169
6	118
1	33
0	0
0	0
33	10
0	8
0	6
0	1
30	705
24	668
0	12
1	1
2165	2
0	4
0	0
4	3800
21	4722
125	3520
0	0
1	474
37	5770
610	231
0	220
0	230
0	0
0	64
11073	6
594	4401
21	4375
59	2231
1	1657
7	337
0	1232
5	647
8	252
0	164
7	0
100	8
2	8
1	0
0	0
0	0
159	415
93	415
0	0
2	4
0	3
0	1
0	1
0	0
565	1077
2	1075
2	527
288	373
3	280
2	280
145	98
2	98
0	9
0	0
0	0
0	95
1351	4589
0	3900
0	3258
0	1293
4	73
0	97
6	29
0	400
1	770
4	646
0	2
0	0
0	2
15	734
1	2
0	27
0	0
0	0
0	734
0	6
0	29
0	48
7	56
0	6
1	3
1388	0
2	0
27	756
5	782
24	496
5	137
0	777
2	4
25	273
269	191
1	0
0	0
0	16
35	5
4	16
221	84
0	16
2	13
0	69
671	616
37	125
0	27
0	60
8	439
11	30
0	9
0	0
0	1
0	9
2	201
104	338
13	61
3	326
4	296
76	14
53	340
43	39
0	30
1	37
1	21
0	0
0	0
0	0
0	0
248	1856
0	584
26	945
0	569
59	1332
12	342
26	208
2819	839
7	176
0	145
116	355
1	200
0	1606
15	186
923	1213
2	27
80	5030
52	5143
317	527
0	5206
11	5205
15	5158
0	2366
9	6455
0	4759
18	271
0	3116
35	4580
24	240
8	283
0	299
2	572
4	53
77	1300
1	181
0	1577
0	56
21	313
21	231
77	1172
0	104
56	846
0	9
4	35
374	747
1	191
0	6163
0	3122
995	114
8	62
3	2168
520	2170
21	135
0	99
2	112
1	112
0	25
0	1
1	1
0	1
1	1
0	10
0	16
2	15
0	0
0	0
128	338
20	330
38	14
16	0
0	0
0	0
3	19
0	19
137	0
0	0
0	0
0	0
111	373
0	66
1	39
3	3
0	4
2	279
0	16
0	29
6	0
84	36
0	13
2	1
0	7
3	15
408	4
1246	0
262	2024
4	19
0	2
4	759
0	1902
7	1785
15	1715
7	197
0	0
0	68
7	142
39	49
18	16
0	109
1	161
0	247
73	193
0	109
1026	306
0	0
0	305
17	162
0	31
1	366
1742	2
2	7
3	93
0	90
0	14
0	7
0	7
0	7
0	1
0	295
1	289
0	0
909	5276
0	5276
1378	305
38	305
87	569
14	339
30	229
4	35
0	17
4	0
0	41
40	22
5	0
1	17
0	1
0	1
0	0
0	0
0	0
0	0
1722	232
1	208
1	26
0	3
0	3
0	3
0	1
0	0
0	0
0	0
0	0
0	0
1	0
2070	1975
3	27
53	1967
76	35
0	388
18	41
251	391
15	102
0	25
0	27
41	456
21	472
0	49
0	2118
0	2080
0	1970
0	2286
0	2248
8	328
0	146
0	20
5	2
0	9
1	0
0	3087
1	3642
28	3642
0	429
0	431
0	287
0	297
0	2
0	0
4	385
7	35
2	33
13	386
0	0
0	351
0	2
0	381
0	348
0	302
0	242
0	10
0	7
2	58
0	379
6	315
0	1
44	39
2	1
5	408
11	295
0	264
1	14
6	44
6	164
53	51
0	95
11	2012
5	1559
5	1803
14	240
0	88
4	1135
4	914
5	0
2	8
28	216
11	480
995	1626
31	158
0	46
17	941
435	846
0	846
0	129
0	150
0	256
0	32
24	1074
0	1003
1	986
0	815
0	978
7	47
0	962
0	874
0	9
19	1
16	0
29	762
0	5
1	0
17	5
0	4220
2	326
3	532
151	3661
25	97
11	167
7	456
16	8
263	4220
0	0
0	0
0	0
2498	1768
73	369
0	803
168	1081
2	730
62	748
165	695
1	413
17	3
0	1502
0	1610
128	1454
22	1
2	26
4	27
0	5
0	31
0	24
0	3
0	6
0	119
1	1
0	1623
61	815
0	26
2	3
0	10
0	284
0	42
0	3
15	0
0	560
9	297
0	36
8	17
0	17
253	105
0	105
2	36
0	0
0	0
0	0
0	0
0	0
623	3885
1	14
0	3871
1	0
1	0
125	536
44	25
0	24
0	92
0	6
6	115
15	148
0	29
0	107
1	16
0	9
39	485
0	16
160	10
5	23
13	9
3	6
7	6
0	4
0	2
2	128
6	1
8	18
2	7
1	79
4	1
0	1
0	0
0	0
0	0
0	7
8	3141
2	2675
0	3007
0	339
0	2
0	106
0	87
0	1684
18	735
4	158
70	1775
40	56
3	1528
0	14
1	195
3	105
1	2930
0	2463
777	657
105	633
0	620
103	2
12	2
15	2732
0	2423
0	2420
0	2607
0	5730
12	109
82	336
11	3
1	27
0	0
0	2196
139	5729
0	3
0	277
2	13
0	3
0	277
0	15
0	20
0	4
0	8
0	0
91	3662
268	3662
62	819
0	637
0	0
14	2
13	225
15	1
12	674
177	277
0	60
6	23
0	38
36	1030
1	1035
39	1016
5	329
22	326
4	116
94	729
122	641
52	83
21	50
0	34
0	54
39	343
0	149
7	60
4	25
13	34
0	0
8	0
1	557
382	527
2	325
186	0
7	244
0	0
0	7871
1	9015
0	10534
0	2439
3	4988
16	740
0	3129
4	869
1	0
1	150
0	0
0	10534
38	88
3	88
0	82
0	0
0	0
76	76
0	97
52	14
0	88
71	0
0	0
0	5
0	5
0	55
0	425
0	4
4	215
202	434
0	2
0	46
0	0
0	0
0	0
0	0
0	0
0	0
0	3
0	3
0	0
0	285
0	246
93	201
1	222
0	259
0	0
5547	5910
108	5908
4	1612
44	1576
9	1139
0	116
0	29
0	0
0	0
237	969
421	969
0	0
0	0
189	130
1	130
0	0
0	0
0	0
0	0
0	0
2360	4
2	2213
27	2333
0	1608
73	1554
0	77
0	53
0	9
2	120
460	478
11	449
14	0
19	188
0	0
0	0
0	0
0	0
0	0
370	410
3	234
0	13
16	13
17	39
47	1789
7	1610
0	1717
0	1365
5	57
1	117
11	71
4	1023
4	5
0	150
0	0
9	347
37	135
0	0
2	1728
10	1616
23	1775
0	1729
37	0
23	345
48	277
0	127
1	10
0	24
84	223
160	3145
434	3253
0	48
78	469
1	469
4	469
0	332
2	191
2	63
0	0
0	0
0	0
578	731
117	737
9	353
0	44
4	353
6	184
3	76
1	0
0	1
0	3
0	3
0	0
0	0
0	3
4282	29586
28	243
15	29799
0	4254
5	420
8	5415
0	0
0	0
0	0
0	0
0	29
0	0
0	0
0	1848
4923	3383
0	251
4	370
0	2917
7	116
6	283
0	0
0	0
1337	613
5	614
7	489
11	447
0	498
0	3
3	3
0	0
694	2158
0	1889
3	6
3770	1488
1	1483
1	615
0	0
0	136
0	134
1	121
0	68
0	71
0	78
6	76
2	81
3	111
848	710
61	700
0	1
75	542
16	109
82	5
1	0
448	957
68	957
50	420
5	14
23	43
2	272
1	1
1	375
14	0
130	185
4	178
4	124
0	141
4	130
0	0
0	0
0	0
0	0
0	0
0	0
1	0
744	71
12	5
1	13
21	2
7	0
0	9
0	50
0	0
0	12
218	95
0	11
0	53
0	46
0	1108
0	1050
0	197
1	741
1	161
270	160
7	3
3	253
5	74
2	56
0	34
0	68
1	184
0	128
0	201
0	20
6	206
0	137
66	110
22	3
5	0
0	87
0	0
11	6
1	0
0	2817
0	2813
0	2382
0	2506
14	3048
0	2500
4	2719
0	251
0	224
2	224
12	204
0	2698
0	2768
0	2712
0	2065
0	0
0	3
0	0
0	1120
5	1132
3	317
20	734
23	266
14	0
0	102
0	0
0	0
879	504
11	459
0	65
0	60
43	58
5	32
72	85
1	58
28	31
0	0
0	0
0	0
18	27
0	25
0	27
0	7
0	3
56	702
84	378
0	744
11	465
6	18
15	95
3	95
0	215
12	65
1	0
38	45
2	47
0	0
0	0
10	27
0	251
0	355
0	59
0	360
0	419
0	214
0	347
0	192
0	337
0	396
0	251
0	469
0	407
8	33
2	385
0	403
0	6
0	51
0	2
0	174
1913	293
2	0
0	0
0	0
0	0
0	0
0	0
0	3
0	3
0	1
0	1
0	1
0	0
0	0
0	0
0	0
0	0
0	0
0	0
438	0
10	0
1010	1
0	1
908	0
17	351
0	906
5	136
7	454
0	100
0	161
9	672
0	0
0	3
1	110
1	115
0	7
0	1
0	0
0	0
0	0
0	0
0	54
2	51
0	54
1	54
0	13
2	4
4	3
1	0
0	3
7	0
0	0
0	0
0	0
1648	3060
1	3060
0	0
33	83
0	73
1	47
0	1
8	1
753	1
0	0
0	0
1	7
67	943
10	120
8	360
0	0
28	843
3	85
2	914
1	1
1	127
0	57
733	979
167	979
8	77
1	0
0	77
2	21
1	20
2	0
0	611
45	1258
2	538
5	372
0	275
0	523
9	15
1	537
0	541
2	19
3	65
0	1306
1101	0
0	341
0	148
0	0
2	856
0	365
0	41
0	19
8	271
0	716
1	207
4	23
0	148
35	681
19	54
36	384
1	10
0	308
0	0
704	31
1	31
180	1871
8	1848
2	1204
7	111
25	301
10	132
3	160
17	68
135	543
0	48
93	83
1	21
5	4
0	571
4	49
0	534
0	169
0	75
910	941
0	639
0	616
0	559
0	257
0	25
0	382
0	106
3	375
0	178
6	11
0	11
2	24
0	0
0	0
0	0
0	0
0	761
2729	2585
0	2197
0	2128
11	266
30	262
0	16
12	223
1	154
12	0
0	24
0	7
0	9
1550	128
9	127
0	0
0	82
1	757
11	801
0	193
0	44
0	116
0	8
530	198
0	36
5	163
2	7
26	7
31	568
155	568
0	0
0	0
725	0
0	0
1837	89
3	10
4	78
0	0
0	3
0	359
50	2336
8	2371
0	443
0	3
111	938
0	2381
0	0
1604	5117
14	47
2	385
11	197
6	1968
0	863
3	2047
0	3517
0	2421
0	1300
7	1162
5	0
0	0
0	0
798	0
0	0
0	0
0	0
0	0
0	0
0	0
0	0
0	0
2090	563
31	563
40	63
1	63
1	0
0	0
0	0
0	1172
0	0
0	97
1	19
0	6
0	26
3	19
18	95
0	8
0	19
0	77
0	18
0	5
0	5
2	0
0	0
0	0
0	5
0	11
50	64
11	144
0	157
0	158
9	127
0	133
2	147
0	158
90	1510
0	562
15	1150
7	932
16	107
0	0
0	0
0	3
0	1
0	1
0	1
0	1
0	0
55	720
0	741
3	5
0	2
0	69
0	25
0	178
1	249
625	290
7	226
1	180
0	0
0	91
2	4
0	48
1	0
1	5
0	47
6	34
0	47
0	0
0	0
0	0
0	0
0	0
0	0
0	0
9	0
1	13
0	13
0	2
272	453
0	46
0	38
1112	378
0	53
2012	0
7	35
7	12
8	3
0	1
6	26
0	0
0	2
0	0
0	0
0	0
2176	79
1	78
0	34
0	0
0	0
0	0
0	0
6	1016
168	1245
2	746
0	48
30	240
0	134
1583	1854
131	1227
1	28
3	245
12	365
46	45
44	66
0	584
6	3
0	14
1	56
0	0
0	56
0	0
0	0
1365	679
5	165
0	482
0	269
0	359
49	249
35	157
2	256
35	149
3	87
3154	276
13	216
88	0
2	41
1	143
0	11
0	0
0	124
22	41
648	390
4	297
9	1
4838	2379
29	1692
0	1422
0	1608
1	1074
0	1371
0	1573
0	1340
2	1302
0	1200
0	1524
0	1411
0	1386
0	1386
0	1438
0	1488
0	1384
0	1260
0	1342
0	1344
0	1413
0	272
0	546
0	410
0	258
10	21
0	73
2	0
0	156
0	1771
0	1214
0	1441
10	1242
0	1212
0	1957
0	1154
0	1092
0	2029
61	2481
14	2475
36	1239
0	384
0	11
1	13
24	1005
11	1005
0	0
0	0
0	0
18	500
7	500
0	296
1	0
332	0
155	4
2	4
0	0
0	0
21	0
2	0
0	24
1912	1
73	255
1	259
9	43
1	55
6	0
0	22
1	0
33	23
0	0
0	0
47	131
24	522
0	524
0	104
2	343
8	1
0	0
2	1710
362	1963
165	637
23	1066
171	1131
16	1020
9	1080
43	533
5737	5718
11	4643
0	237
4	188
2	825
74	350
6	247
0	39
0	11
0	99
2	0
0	0
1082	266
4	266
8062	3639
0	1724
1	3620
0	8
3	0
0	0
0	0
199	277
607	277
123	98
3	22
2	45
0	28
4	64
42	108
8	13
19	47
1061	150
3	68
1545	0
0	851
0	1024
0	1157
22	1279
0	80
0	531
0	0
4	536
1	54
0	383
0	23
6	3
0	1236
23	1313
37	1315
0	1174
116	1199
3	270
1	1117
0	33
7	426
1	10
0	0
0	0
1	0
0	0
3836	811
224	805
1	0
0	0
1	0
0	0
0	0
11	2120
0	1941
0	1882
5	38
0	1946
0	899
0	927
8	137
0	249
20	118
0	106
2	33
0	0
0	899
0	7
201	0
18	1806
38	0
15	462
354	1847
58	533
2	408
653	812
0	807
2	803
1	262
342	0
43	0
1894	376
1	170
0	129
0	80
17	17
0	0
0	0
0	0
488	4
0	4
0	0
0	0
0	0
0	0
0	0
1	0
0	6
14	678
120	463
0	7
0	547
0	11
14	88
4	19
0	2
0	0
0	0
0	0
0	0
0	0
0	0
0	0
0	0
0	0
0	9
0	0
0	2
0	0
0	0
0	0
0	0
0	4
0	1
1	458
1	1801
104	1927
7	515
11	0
0	97
1	0
199	582
48	475
1	136
3	1920
0	0
0	0
0	0
0	0
861	112
0	112
0	152
0	156
0	139
0	139
0	0
0	9
0	12
3	12
0	52
0	48
3	3
0	5
18	0
0	165
0	169
0	168
1528	690
2	6
6	18
21	52
0	453
0	52
0	0
0	0
0	11
0	0
5	0
0	0
0	0
0	0
0	0
0	0
360	266
2	266
13	196
3	48
4	176
0	44
12	2
0	2
0	0
0	0
0	0
0	1
0	32
559	55
23	6
17	55
1	0
46	838
12	87
53	2157
0	127
341	8263
165	4301
0	3080
1	12
19	164
105	8325
0	8099
0	0
0	66
0	66
0	30
0	23
0	19
0	8
2	2
0	66
0	0
0	0
0	0
0	0
0	0
0	0
0	0
0	0
0	0
486	339
27	415
16	1408
0	1764
33	1818
111	1789
92	373
14	0
44	110
22	297
14	136
3	96
1	151
0	14
49	154
2410	2133
0	303
1	235
0	1829
1	254
0	155
0	0
49	1083
0	1537
60	1474
1	1390
9	209
22	27
3	34
0	19
1	222
0	70
26	256
2	17
2	8
3	105
8	60
0	13
4	0
10	0
433	187
2	126
1159	2
1006	18021
1	18021
296	1476
6	18
10	505
1	485
0	64
30	57
5	54
0	9
0	17
0	51
0	0
0	27
0	0
0	0
0	0
0	0
0	0
0	0
0	0
22	227
0	198
0	210
31	296
0	175
0	93
2	70
0	38
12	90
0	0
0	0
30	132
1	109
1	0
62	132
0	4985
466	5106
10	26
1	3595
4	3
0	466
1	135
250	836
4	20
1	20
19015	20359
5	5229
118	979
43	11249
3	4267
64	995
31	537
0	4860
1	920
0	12
1	12
0	2
2	40
0	40
0	8058
0	9455
0	9026
19	436
59	569
21	659
0	4
8	1
1	1
0	23
31	81
0	0
96	3329
1	2634
0	671
8	422
32	1298
22	3094
229	526
87	400
3211	2
79	421
18	2
1	421
0	10
1973	137
0	35
0	69
9	33
831	0
32	366
11	366
23	1
0	0
4	1
0	1
0	0
192	1958
87	1958
1	119
209	302
0	258
4	166
3	113
10	7
33	2509
57	1634
0	1332
0	669
15	438
0	2615
1	14
0	14
33	0
23	273
5	184
0	204
5	63
5	2
0	9
1	23
8	32
364	317
0	284
0	239
1	314
5	78
2	17
5	170
0	54
11	0
0	14
0	11
3	23
0	0
282	50
2	50
0	0
10	9
18	1711
22	1017
1	647
2	570
0	957
0	49
0	4
2	1711
3	806
0	0
17	8
0	0
0	0
20	959
96	1682
80	2065
71	1429
31	125
0	43
19	866
0	87
0	0
0	0
5	232
3	182
0	105
0	0
0	16
0	0
0	0
0	232
0	0
46	130
5	0
5021	1898
2	1897
160	22
0	0
0	0
0	145
0	106
14	131
0	0
4	76
0	0
165	51
0	145
0	0
0	0
1	2478
0	2122
6	2317
252	1130
0	330
0	296
8	8
0	452
0	314
4	102
0	0
0	0
24	2984
0	3619
13	2993
4	980
5	8
0	312
0	506
3	1
173	3624
18	1
106	296
22	8
0	6449
0	6228
0	6073
60	6016
126	6079
1	1
1	2101
0	0
1	136
39	25
155	1006
0	644
14	4459
20	4300
5	4628
0	1797
0	1310
0	1190
0	1352
0	965
0	1044
0	934
1	893
98	708
16	244
4	32
14	252
0	50
0	8
2	13
0	286
0	232
0	4182
88	446
0	0
0	0
0	494
0	127
0	493
0	0
0	0
0	0
0	0
0	0
0	0
43	1677
1	1216
0	1303
244	1639
72	289
35	35
13	457
11	291
0	46
2	0
139	729
0	29
82	377
59	292
71	14
28	71
2	1268
10	926
388	9
6	1092
213	1223
0	8
1	1162
0	43
46	738
14	555
71	246
3	67
10	4
7	54
8	15
0	72
23	133
12	15
5	73
0	73
0	0
1252	898
0	894
1	398
0	492
0	67
0	0
0	0
8	2017
2	2339
44	801
101	346
5	172
3	0
0	2
0	1
0	0
0	0
0	0
0	0
0	1
18	1047
10	1042
35	1192
2	1190
18	1444
0	329
1	477
0	141
97	325
4	41
1	0
0	176
0	29
0	0
0	0
0	0
99	5
0	0
2	3
24	0
0	0
0	0
172	701
39	47
0	44
8	29
0	415
3	93
0	380
396	406
5	28
29	390
1	0
0	15
0	43
0	1214
26	1535
3	868
30	925
6	1334
0	1003
6	1296
17	66
10	135
0	89
4	182
1	32
15	77
0	109
191	78
0	2
6	22
18	75
0	3
117	2766
3	1822
224	2624
1	116
0	8
0	894
20	454
0	112
0	89
8	0
355	2111
2	1821
5	337
15	1754
0	643
0	0
0	77
0	9
2	74
0	0
0	2
0	13
0	0
0	3
1	4
0	0
0	0
0	0
0	0
0	0
0	0
1478	139
62	139
1872	2367
11	640
7	95
64	1175
14	1109
13	3
10	159
0	205
42	3956
0	390
1	3605
1	881
0	0
1	18
0	40
0	816
1	0
1	159
0	25
0	11
0	15
0	7
0	2110
0	0
0	0
0	0
0	0
22	6
21	3143
349	3586
18	62
0	6
0	5
222	2598
127	181
0	181
0	31
2795	313
0	30
0	69
8	193
7	16
21	16
0	3
0	0
66	4
0	0
6	1
0	2090
102	7277
0	1475
21	58
6	92
9	84
15	104
497	3268
17	3073
121	29
1	0
4	0
1	0
3	147
2	0
0	220
133	906
0	906
114	8
0	8
0	0
0	0
0	0
0	109
0	97
1	2674
105	2743
23	166
4	806
0	82
204	1274
4	149
17	1274
129	2157
78	2094
11	0
0	13
1	2188
0	153
1	30
3	5
0	2200
0	3
0	3
0	3
791	736
0	736
1	4
0	4
0	2
0	3
0	3
9	76
71	296
0	55
37	1
10	230
3	78
0	16
217	0
118	831
0	577
0	0
0	256
10	2
854	250
4	249
1704	416
22	25
3	118
9	0
3	276
33	1624
6	1566
0	269
1	1220
15	89
1	252
25	288
1	220
221	632
19	578
2	12
4	7
16	113
0	81
9	0
0	317
6	8
15	288
23	61
12	74
8	319
1620	0
1334	235
0	235
1435	1
787	796
0	725
2	132
2	43
15	265
13	140
14	155
3	80
10	54
50	57
19	44
7	55
0	2
18	42
268	57
0	235
2141	428
0	90
0	189
0	153
0	0
0	0
0	0
0	0
0	0
0	0
0	0
0	0
0	0
0	0
2	6
0	6
0	0
0	0
1	453
1701	581
0	523
4	1
0	0
586	418
0	100
26	318
0	2
10	229
2	11
328	1430
14	1469
0	1440
0	1439
18	1459
27	1429
0	1423
0	612
0	3
0	41
0	4
0	192
8	29
291	110
0	0
7	87
2496	3052
0	1063
2	1244
1	1368
5	0
11	0
0	0
0	0
55	343
78	277
0	35
0	25
16	7
0	40
5	19
0	4
0	66
0	0
0	0
0	757
0	0
1	0
0	0
4	0
1010	22
4	22
0	0
1	0
0	0
0	0
0	0
332	4821
55	4821
157	210
0	184
33	224
4021	1084
2	12
2	1066
14	395
4	7
0	2
0	2
20	1939
178	1998
0	1421
21	19
116	5
0	5
1886	0
2490	14
12	12
2	4
17	7
5	2
134	8
0	1
1	7
8	984
0	920
15	553
60	369
0	3
0	835
0	105
0	99
0	25
0	434
3	10
112	115
0	7
17	14
23	132
8	16
22	132
0	8
1	5
0	0
0	0
0	409
5	574
2	457
0	60
0	53
0	15
2	175
39	0
0	547
1	8
0	2
0	7
0	9
9	8
1	44
5	44
2	0
5	0
106	126
11	96
33	7
0	111
0	81
2	61
913	0
279	2265
15	2205
2	1314
0	0
10	826
2	795
25	29
26	819
1	89
20	111
1	0
5	196
21	0
6	63
6	2
9	66
1	23
3	215
10	818
26	943
64	920
0	254
18	2
9	3
105	1
0	0
0	0
0	0
0	0
77	703
22	546
5	15
0	23
0	225
0	28
0	44
0	49
0	1172
0	1173
3	750
0	1021
2	3
0	1
0	2
0	2
1	0
280	341
1	21
0	41
0	204
0	0
0	0
260	350
9	3
6	144
86	311
85	348
66	211
0	11
0	0
0	0
5	891
275	1916
1	216
0	1014
0	577
244	335
1	333
0	0
781	202
7	169
6	25
5	39
2020	2599
1	638
0	833
43	1813
635	1813
2	538
35	47
2	197
0	0
746	0
7	0
0	36
0	35
0	20
0	9
0	1
0	24
0	23
0	24
0	23
0	0
2	20
0	1
0	6
1	18
0	18
2	246
151	1062
288	1062
0	797
1	20
15	54
0	1145
62	704
356	112
43	99
0	534
0	5
0	703
0	0
75	397
13	66
0	66
1	0
526	443
6	1795
22	1633
62	1776
0	265
81	25
0	23
217	706
186	706
0	1
1	57
48	355
1	37
8	117
0	275
1	92
0	51
48	57
0	4
1	71
0	0
1	0
1326	31
2	76
213	58
0	1
0	0
0	1
0	2
0	0
0	2
0	2
2	2
0	0
12	3652
0	3516
0	3380
2	0
0	647
37	830
0	3
0	2522
2	1117
82	1252
3015	2520
0	2429
13	1043
0	1197
1057	448
25	446
0	0
0	0
0	0
5001	11454
87	9870
1	795
8	1106
0	1041
2	1582
1	928
0	0
0	0
0	0
0	0
1	126
168	131
1	0
0	5
11	384
10	318
0	124
0	179
0	0
0	358
6	585
2	608
0	643
23	656
1	31
74	278
1	36
1	0
2	98
57	1930
0	2721
542	2858
0	2270
2	208
3	334
0	522
160	53
0	3
0	0
9	44
0	37
51	151
5	92
0	1
0	1
188	2059
194	2059
2	50
23	15
17	4377
3	3872
111	4494
55	4492
0	14
4	193
78	99
5	155
437	925
1	101
1	158
0	924
5	9
25	5132
26	43
0	217
7	117
87	5123
9	0
8	44
523	1117
0	108
172	1382
10	1337
111	1302
22	13
0	472
0	796
2	3
7	346
4	238
0	52
7	285
9	132
7	66
0	0
29	0
0	0
0	0
0	0
470	160
0	15
2	7
3	7
3	18
0	2
277	199
0	6
1	181
5	10
0	0
0	0
0	0
0	0
0	0
7	1359
0	1157
2	1199
109	806
0	778
0	917
0	69
5	78
17	65
3	17
23	208
5	208
0	18
9	3
0	15
0	9
10	29
0	25
0	28
0	4
1	16
14	47
0	47
0	0
0	0
0	0
0	0
0	0
0	0
0	0
0	0
0	0
0	0
110	62
28	11
9	51
9	3
0	3
5	538
0	4
11	51
0	2
57	0
0	0
216	818
0	818
155	17
2	17
0	1
0	26
88	181
0	52
3	107
0	238
28	341
0	81
2315	0
438	0
0	0
0	0
78	1541
0	0
1	1541
10	922
0	625
14	105
0	0
6	178
220	391
1	9
0	7
0	9
0	1
0	1
17	489
83	116
6	163
0	23
20	172
4	83
0	0
93	121
0	79
4	75
110	0
0	71
4	92
0	151
30	123
0	5
5	7
2	7
4	6
1	0
13	40
0	34
105	1582
19	1552
22	1558
10	33
5	109
0	0
4	246
0	231
0	240
0	233
0	236
0	230
0	223
0	231
0	239
0	240
0	240
0	15
3	34
0	16
0	1
0	236
14	143
27	384
26	444
0	18
0	150
0	389
26	384
0	162
7	26
1	22
0	3
0	3
0	3
0	2
1120	0
38	0
0	0
0	0
0	0
0	0
185	693
0	690
2	170
0	2
0	403
0	11
2	278
22	277
7	98
706	3026
0	514
1	2910
6	3062
0	2169
8	2238
2	2085
0	1139
0	142
0	0
0	108
0	176
1	52
0	151
0	137
0	112
0	218
5	166
0	78
1	120
0	1
13	1
0	19
0	124
0	19
0	0
0	1
34	44
0	33
7	0
356	1045
11	1036
0	96
0	9
0	25
1	6
0	396
81	556
24	0
1	22
6	11
0	538
15	5113
123	5542
0	5792
2	1071
0	5308
0	974
2	358
59	982
7	843
53	125
0	146
19	154
2	45
0	768
7	138
0	139
5	300
2	310
0	0
1	72
2	104
0	5
0	29
0	7
0	720
0	2
0	2
0	2
0	2
0	1
0	0
0	0
0	0
0	0
0	0
0	99
0	103
0	108
0	58
0	64
16	605
0	617
0	598
4	659
0	659
121	426
7	366
67	366
0	366
9	3
0	3
5	1
0	1
83	284
5	44
0	403
1073	1722
0	1228
0	0
0	0
31	11179
0	997
0	492
1885	11185
5	1459
6	1286
0	0
0	0
0	0
71	280
1	212
7	152
0	0
1	0
0	0
0	1
0	1
0	1
2366	1088
0	451
0	346
7	605
0	343
4	0
0	0
33	0
0	0
0	0
1347	397
0	312
4	39
0	365
7	0
13	38
1	50
0	0
6	0
0	0
0	0
20	12016
619	12305
17	2845
0	1150
0	212
7	212
7	81
0	185
0	0
0	0
0	0
0	0
0	0
0	0
0	0
0	0
0	0
0	0
0	0
0	2
0	391
0	53
24	124
0	127
0	46
13	0
0	1
0	32
0	8
0	2
0	0
0	0
15	0
0	168
6	27
0	156
33	0
1	2
0	0
77	369
0	369
0	83
0	16
1	9
24	465
126	676
1	387
7	564
3	448
0	455
4	455
0	132
1	249
7	172
0	14
0	0
3	0
0	0
0	0
24	30
4	29
2	5
0	186
6	32
3	1
0	0
93	185
3	16
0	35
118	315
21	286
0	209
1	301
20	46
1	41
0	0
0	0
0	0
57	48
0	48
0	0
11	2
2	44
5	44
81	220
52	222
5	188
0	754
154	789
588	593
7	4
1517	4
48	4
0	0
0	0
0	0
0	0
0	6
0	14
51	2
0	0
0	15
0	19
0	19
0	18
0	25
0	1
1	25
0	25
0	1155
25	78
27	1097
11	0
1	99
0	96
11	16
1	12
0	8
48	153
8	67
17	6
8	4
0	1154
656	203
0	199
1	33
2	8
0	33
511	268
5	88
0	1
4	180
0	56
2	1
72	2
0	2
0	0
1	0
0	5
0	14
0	8
20	2180
0	3004
0	3018
9	254
11	3
11	145
0	3018
0	6720
444	2929
59	4472
123	7804
2	735
2	1102
4	4490
23	2
469	6896
0	7174
0	7384
55	2140
44	107
0	82
5	106
0	102
242	1616
0	1616
6	0
220	7807
7	6946
230	7007
385	2822
43	49
135	0
23	17
0	307
8	1608
3788	9417
0	18
135	24
0	14
0	0
1	0
3	30
146	30
14	3219
238	7864
0	7971
0	4906
0	2490
0	859
21	154
0	8107
1345	619
0	600
3	137
0	55
228	29
0	29
2	0
0	0
1	0
0	8
1	131
1	131
0	2334
0	2318
0	2401
0	2352
0	2236
0	2344
0	2413
0	2254
0	2416
0	1988
0	2573
0	2465
0	2306
0	2528
0	2352
0	2454
0	2401
0	2447
0	2369
1	2445
0	2379
5	2159
0	2550
2	213
0	171
1	236
0	7
0	3
2	2233
0	2543
1994	732
4	331
1	21
0	4
7	94
11	190
0	137
1	0
1	15
0	181
4	151
3	162
5	161
0	107
0	21
1804	200
0	1
0	49
0	0
1	139
0	95
0	2
511	9
59	397
0	5
0	40
0	378
0	0
0	0
0	0
0	0
101	192
2	139
72	137
23	50
0	28
2	20
0	4
0	21
0	149
1	398
5	0
6	84
0	398
0	0
0	0
0	0
718	149
0	32
0	18
0	45
0	71
0	0
0	0
25	5
1	438
18	10
44	6
85	29
31	274
0	401
14	1537
33	150
0	1612
0	328
5	109
0	109
34	288
3681	3882
1	3809
17	186
61	599
0	408
1709	410
0	62
7	804
2	301
1	886
0	28
0	985
0	864
0	0
1	81
0	767
1	75
6	52
0	86
0	7
0	0
0	0
2	17604
6656	17607
0	13515
1	3484
18	0
0	22190
0	125
10	69
1	69
6	115
1	7
128	155
34	155
1	57
0	955
0	614
3	477
4	436
18	536
0	62
846	1876
36	3445
0	2
4	265
31	180
0	3313
0	276
107	284
2	197
0	145
21	59
2	45
0	7
61	89
2	86
2	6
3	2
0	0
0	0
2	2
1	1
38	110
11	51
0	3964
16	222
13	34
14	196
0	34
0	143
0	3937
20	45
0	1291
26	1137
24	1039
4	988
7	876
5	38
8	53
0	23
0	80
53	1209
2	459
16	865
0	83
2	638
25	947
3	928
0	728
0	786
40	14
15	200
11	5
8	7
4	60
29	94
0	33
3	0
0	7
13	0
0	9
1253	599
0	486
14	87
28	38
1	587
0	7559
0	7551
1	7559
26	0
12	3954
1	5391
6	3133
0	4300
9	5465
0	15
0	5
0	15
270	593
15	228
6	379
13	80
362	825
12	779
75	50
44	4
181	1500
192	1500
0	102
0	2
0	2
83	170
0	4
0	166
0	12
0	13
1	3
0	1
0	4
72	397
12	84
0	4
1	316
0	1
206	175
0	31
0	173
1	8
1	146
62	5013
3633	4029
54	4965
234	3566
0	3952
0	1015
0	0
1853	91
1	89
83	183
0	144
0	114
1	88
1	48
11	0
0	0
0	0
0	0
0	0
628	2475
46	2471
4	5
3	1
6	1
22	0
846	8582
3158	8580
21	3734
40	373
330	373
0	0
0	0
0	0
0	0
868	254
6	55
0	0
0	0
0	0
0	0
26	800
29	800
0	0
0	0
8	26
0	24
0	358
2	148
111	198
0	800
38	65
0	65
3	21
0	21
0	16
0	0
2	0
1	4
0	4
85	1059
2	278
0	84
0	185
0	87
39	1059
309	872
25	751
8	31
409	234
0	113
0	16375
0	18098
1056	17048
13	8784
52	292
214	9584
51	556
12	928
63	776
3	27
6	0
2	0
0	0
0	181
34	227
1	156
3	18
5	3
0	4
0	100
0	142
0	13
1	60
9	204
1948	358
0	193
0	314
0	100
5	6
0	6
2	0
29	582
727	586
197	533
1	180
0	341
0	0
0	0
0	0
0	0
0	0
18	466
0	425
0	49
0	0
0	0
0	0
109	518
0	518
0	0
0	50
247	0
11	5038
0	232
56	5180
16	2892
44	5180
48	2627
7	0
0	3
0	0
127	4484
200	4617
0	794
40	1300
537	1313
10	995
0	799
0	1471
0	345
4	202
7	7
96	87
0	87
340	2812
28	2772
313	2474
23	0
0	328
0	16
0	198
0	91
32	1572
1	243
0	0
0	0
0	0
0	0
8	3
0	3
0	0
0	0
0	0
0	0
0	0
0	0
0	474
0	418
43	199
1	18
5	29
18	55
498	2734
3	64
0	2734
0	0
14	0
1	23
11	60
2099	2008
724	1043
95	1931
17	853
1	31
0	0
0	0
0	546
460	49
2	49
64	7217
859	7220
0	10
0	25
1	23
0	635
0	129
4	0
582	96
1	96
1	0
0	0
0	0
0	0
3	18
0	18
0	1
81	32
1	24
0	4
3	3
0	12
0	6
0	7
0	8
1	0
0	0
0	0
8	219
88	1180
2235	1185
4	1157
39	7
167	2201
19	29
19	218
58	2222
634	1616
9	1556
12	484
2	331
1	22
583	856
4	93
5	103
4	763
7	0
178	1595
15	179
0	1689
0	1319
270	887
336	3113
132	3112
9	1940
222	144
17	44
0	116
5	65
9	68
2	41
15	49
0	49
7	25
13	7
0	0
0	0
0	0
0	0
0	0
0	0
127	483
0	258
0	191
0	76
31	35
1	56
3	104
0	0
0	0
0	0
0	0
12	33
0	35
1	27
3	68
0	41
0	61
0	68
0	68
0	67
0	41
0	67
0	67
0	33
0	26
0	67
0	64
19	138
0	57
0	1
0	48
0	48
0	80
0	80
0	67
2	67
0	67
1	64
0	67
2	67
0	67
0	64
0	67
0	11
0	0
2	150
25	267
0	267
51	261
10	239
392	262
149	147
1	53
1	79
0	49
78	1727
15	1962
0	517
98	632
15	0
29	4141
0	5150
1	3087
0	3499
7	3691
0	3530
13	4768
7	4862
0	5049
0	4208
1	2908
0	1644
19	1
35	1011
2	182
0	12
2	161
184	6116
2	530
11	2247
18	47
0	4877
0	73
12	2125
0	0
6	194
3	174
10	629
1	60
0	594
5	592
2	7
1	0
0	0
0	1
0	1
1	0
377	25
7	18
0	7
2837	344
0	245
1	14
0	2
61	2
5	101
16	3098
52	2939
30	3139
7	3462
0	0
3	37
0	16
0	23
4	22
296	2
74	295
15	0
2	134
5	73
3	151
18	0
15	31
27	69
26	78
0	0
0	7
2	8
4242	196
2	21
2	96
0	5
5	70
0	0
0	51
0	44
0	23
0	7
0	6
0	13
139	4655
102	3014
0	2664
296	4098
186	1642
146	1960
0	0
832	3099
1	1388
0	713
0	330
14	172
0	96
0	3097
0	1
0	0
0	1
11	0
1650	417
0	205
92	413
0	830
79	2255
7	684
26	1700
2	313
2	153
1	334
15	21
20	90
0	552
8	31
6	515
20	168
6	9424
462	9426
0	9535
0	5059
51	4507
7	4714
1	44
13	1951
0	566
1	529
18	519
0	294
5	382
2	112
0	39
2	1
3	0
31	4
0	7213
1	236
0	1053
1	128
0	173
0	17
4	0
0	1053
0	218
30	1328
15	967
138	673
0	32
168	213
450	0
120	619
2	88
0	459
0	455
0	455
2	8
0	418
0	79
1	252
8	38
0	0
0	1
0	0
0	1
0	1
0	1
0	0
0	0
27	274
9	276
0	184
0	247
0	10
1273	606
101	519
2	584
0	4
0	0
0	0
1	256
146	275
0	32
0	132
0	0
2	7
0	3
0	62
0	0
4837	852
66	788
5742	106
5	2
1	9
0	102
125	10
0	0
1	0
0	10
3	2
0	0
457	1637
65	1966
11	768
0	502
0	1207
7	0
1	269
0	313
10	1
3063	2809
1	1777
6	1586
0	552
37	48
0	15
1	3
0	33
727	4163
9	1801
2	2392
65	8
7	8
1222	552
1	437
0	6
1	109
0	0
0	0
44	95
2	94
0	0
0	4
2	3
0	88
0	7768
255	8024
0	7426
0	4940
0	438
29	1506
2	15
0	126
1	433
0	340
5	428
2	0
0	4
0	4
334	420
2	28
37	18
1	209
0	17
0	17
19	82
77	0
2	0
814	283
1	241
0	6
6	98
0	72
0	5
2	11
1	1
0	11
263	202
106	202
4	4
0	24
0	1
10	0
0	24
33	290
0	788
0	693
351	817
4	3
0	2
8	9
0	135
97	1016
3	679
0	575
51	0
19	146
17	0
131	319
5	318
1	0
12	0
1999	921
1	918
1	913
0	0
0	0
3	34
0	34
1	34
0	11
1	24
457	9936
70	0
200	9555
115	366
0	1446
128	70
0	4276
22	1897
14	458
36	80
0	1672
5	240
3	1
0	417
95	1870
60	2245
34	2350
729	2506
4	2193
0	315
9	62
2	437
0	12
0	15
0	1118
0	57
0	0
2	0
0	0
0	0
0	0
0	0
2	0
485	0
0	0
6	1124
0	17
4	191
13	84
2	29
7	3
0	16
0	126
21	38
17	11
14	1
1	1121
260	21
20	14
0	9
2	23
2	15
0	0
0	1587
51	1587
0	114
0	186
0	82
12	1535
326	0
1	81
0	79
0	0
0	0
340	133
0	36
2	98
321	937
3	758
0	0
1	24
19	509
10	109
1	0
0	2
5547	146
66	60
13	1
0	1
208	0
1	0
0	13
1	13
750	8
1	8
2957	1
9	0
2	0
183	357
28	99
15	225
0	1
0	3
0	54
32	422
0	423
4	311
7	0
0	4
2	4
0	0
0	0
8	0
0	4
0	0
759	0
0	0
0	0
0	0
0	0
0	0
0	0
0	0
0	0
0	0
413	3082
29	2418
15	683
6	1661
4	154
0	0
0	0
26268	1026
20	782
40	1
0	205
5	111
446	111
0	108
0	1
0	1
0	1
0	1
40	0
0	27
4	27
0	27
6	7
1633	113
0	99
11	12
2	1286
86	1301
0	15
0	19
315	319
7	319
9	862
51	747
0	37
0	862
7	3
0	23
0	52
0	86
0	85
7	1
5	9
2	0
0	3
0	85
0	0
19	508
84	599
11	164
0	4
3	6
0	17
3	16
0	3
0	0
2	0
0	0
4053	985
4	871
35	1088
93	727
4	0
0	976
0	1
0	1
0	1
0	0
0	0
0	0
0	0
0	783
1	239
19	50
0	651
2	0
555	0
8	10
0	10
122	138
13	138
5	76
0	69
0	47
0	5
0	0
0	0
1	0
0	0
16	840
30	839
6	61
1	25
10	1
619	11889
1475	13182
0	4448
2	6208
9	1985
2	1062
17	37
0	10
0	0
2	10
0	0
1	0
0	10
0	1
1	1
0	1
0	28
1	19
3	868
1	1095
0	283
0	1
3	1274
0	3
0	140
30	1187
0	35
0	17
0	8
22	666
0	61
1059	2580
1	2550
0	87
0	347
6	187
10	100
15	821
3	164
1	652
4	387
0	390
2	4
0	161
9	0
46	400
3	364
188	329
11	29
0	64
35	5886
1	5261
24	995
7	584
0	502
42	1
0	102
1	220
0	0
0	0
28	0
295	2184
28	1909
0	2061
19	1251
89	1143
0	1288
31	90
0	12
3	0
0	155
0	27
1	12
4	205
2	8
1	131
0	22
0	223
0	26
0	1135
0	0
0	12778
0	5199
0	11170
0	2501
0	1063
7	295
2	0
0	561
0	11429
3	11438
250	13401
0	13418
622	1
0	0
0	0
59	253
13	252
9	22
0	8
0	21
0	45
81	26
51	2557
69	2258
9	2569
1	1154
0	2245
96	629
9	77
0	368
2	227
0	227
15828	3614
0	0
0	7
0	8
1	9
0	0
84	456
0	456
1	35
0	24
5	35
0	3
0	1
0	378
9	301
7	378
2	0
0	254
1	1
0	1
0	1
0	0
176	59
0	2
4	468
0	605
1	593
0	484
0	319
304	369
0	637
0	617
2	336
205	420
0	0
0	2
660	1192
4	357
2	209
0	87
25	625
0	53
19	74
67	74
1164	37
0	36
0	37
0	8
0	37
0	1
3	1
0	0
65	29
2	29
112	35
0	35
995	508
5	150
7	406
38	241
7	189
0	22
1	22
0	0
2	0
1264	2283
0	511
2	1898
0	2328
0	2189
0	2253
0	2056
82	1854
0	1863
0	1732
0	1700
0	1717
0	1705
0	1742
0	1777
0	1681
0	1638
0	1579
0	1679
5	21
4	0
0	34
19	34
0	2068
0	2023
0	2162
0	2168
109	933
110	926
0	94
2	0
0	0
0	102
2	56
0	55
1	96
0	0
12	251
22	0
6	329
0	0
1	154
9	46
39	253
1	348
0	99
0	435
6	518
0	12
2254	308
37	307
0	0
660	211
2	158
1	21
2	57
78	3986
56	3871
2	469
30	617
4	319
0	1645
0	523
1	83
0	108
8	115
8	3519
29	44
0	2406
0	146
83	559
1	391
3	342
16	324
1	468
2	216
38	299
0	0
0	403
9	328
0	403
5	331
9	2
0	1
17	2
0	0
0	0
9	0
0	0
88	634
4	497
0	671
31	22
38	20
0	0
0	44
1	87
6	44
4	45
7	45
2	88
1	2
89	397
0	340
0	34
0	14
2	36
11	144
23	125
1	40
0	0
0	630
0	717
0	765
4	616
67	342
0	552
4	713
1	368
1	680
4	455
5	563
2	569
1	10
8	15
0	0
0	0
0	0
4	93
0	3
2	41
0	0
0	0
221	70
0	42
11	9
0	22
0	0
8752	71
1	70
81	112
0	90
0	39
0	112
0	0
0	0
0	0
0	0
409	315
12	311
25	27
0	311
1700	2299
0	1637
0	1654
0	1697
0	1773
0	1765
0	1663
0	1730
0	1744
2	1682
0	1735
0	1647
0	21
1	101
1	116
1	354
3	218
3	930
0	1945
17	281
0	120
1	266
43	265
1	1416
40	145
0	1
0	9
0	9
0	9
297	1351
16	104
0	1194
1	14
1	0
0	449
4	8
0	1196
0	0
0	0
202	1152
6	529
39	1152
1	0
0	10
12	26
0	43
0	0
28	398
2	49
0	349
6	59
0	10
0	59
2	0
0	0
626	712
12	706
4	56
0	0
0	0
0	0
3008	3706
0	108
757	0
4	0
0	0
0	0
0	0
0	1373
1106	1336
0	11
0	61
3	20
6	1311
98	26
0	26
1	0
18	989
8	134
4	0
2	55
0	1455
0	0
0	2
0	478
0	1422
12	1671
1	85
3	2166
2	48
19	45
0	103
0	2166
7	249
5	13158
79	16611
12	3305
56	10576
5	4619
4	4571
6	6954
153	2066
2	120
4	130
1	72
0	0
0	0
0	0
0	0
0	0
0	0
0	2478
17	540
10	180
0	819
0	932
1	2540
0	0
0	0
0	0
3877	4
0	262
1	47
0	1023
0	0
156	1042
25	0
0	0
21	1425
0	1274
0	1
0	1222
0	23
2	1312
0	32
6	29
1	18
0	979
3	29
4	585
1	1036
0	94
0	80
0	0
0	0
0	32
0	11
3	1217
0	29
1	1
0	1
1	776
8	2
3	85
0	1170
1366	0
0	6
0	13
0	24
0	0
0	0
0	0
0	0
0	23
0	0
0	0
0	0
767	1029
32	3
34	1025
3	2
0	0
0	2
101	13
0	13
0	0
9	7
1	40
0	41
0	3
0	54
113	620
0	80
2	133
0	1
0	173
0	0
5	88
0	261
0	1
0	39
3	2
0	2
0	2
0	1
0	0
5	198
37	477
322	645
22	263
19	225
1	287
1	106
306	128
19	171
22	180
5	190
6	187
13	171
0	204
26	575
31	643
0	467
0	648
13	1
4	121
16	127
999	48
4	48
5	48
2	1
25	171
24	1263
50	1092
25	418
15	368
4	307
1	337
3	88
8	92
0	0
0	1
0	4
9	9
0	8
0	0
0	0
0	3
0	0
0	3
0	3
11	3
0	80
270	436
2	433
24	69
25	14
5	20
18	100
228	31
0	31
4	77
5	254
26	13708
15	3921
20	3560
2	482
0	13897
8	1999
430	11772
266	13883
18	13871
2	13107
41	318
25	62
0	2
0	848
2	959
0	0
0	272
164	789
1	789
1	214
0	0
230	2
0	1
0	979
0	3932
23	3761
0	9
4	298
1	221
0	709
107	99
9	141
0	13
1	13
3	0
0	8
0	69
8	68
0	80
0	27
13	23
0	5
5	17
1	42
1	51
0	40
3	5
0	0
3	18
4	2
0	1
1	0
0	122
45	124
127	152
42	42
0	10
0	10
0	39
0	3
0	0
0	0
0	1
0	0
0	0
0	0
0	1
0	0
0	0
0	0
0	0
0	0
0	0
0	0
0	9
0	3
0	10
0	3
0	10
2	8
0	0
0	1
0	1
0	0
0	0
6378	4287
1	2531
1	991
1	160
0	148
1	2013
0	0
0	0
0	0
0	0
295	140
0	140
8	12
0	33
19	23
38	119
6	131
0	0
0	0
23	2091
52	2173
0	0
1	2110
23	262
0	10
3	10
0	0
0	0
0	0
2814	555
1	141
0	398
0	129
0	0
0	0
45	495
4	240
0	37
0	48
0	3
0	201
0	7
0	78
1	0
0	85
7	66
728	172
0	127
32	45
1	0
119	154
1	138
2	86
0	9
1	13
755	132
0	50
1	41
0	42
824	23
0	21
17	1819
2	886
0	2133
0	969
0	1149
0	1014
3	1079
0	1119
4	900
19	327
0	75
11	550
0	81
11	44
17	73
73	194
3	211
0	69
123	195
0	185
0	9
0	13
26	15
0	19
0	2
1124	1
91	186
0	181
9	5
12	244
576	964
1	14
29	101
0	86
0	26
0	101
0	646
60	632
6	285
0	2
0	35
0	13
2	243
0	415
1128	1983
0	1486
291	1651
0	320
52	343
3	343
3	0
2	388
56	234
0	322
0	38
4	21
0	22
0	44
1	14
0	0
165	1533
0	1533
0	154
0	26
0	128
0	0
0	76
1	0
0	323
36	37
0	204
12	224
4	373
0	565
0	286
2	376
35	323
0	251
576	2013
1	325
97	1760
165	43
0	28
0	601
1	99
5	908
365	908
0	0
2897	896
16	896
0	0
0	0
0	0
0	0
0	302
79	304
171	106
6	27
0	11
0	18
6	28
0	28
784	1779
0	963
0	328
8	215
3	114
0	53
3	125
6	113
9	111
0	115
1	108
0	366
0	235
1	15
15	31
0	276
7	336
0	260
0	0
1190	5893
34	5533
12	35
2	636
64	297
2	0
0	214
2	11
0	0
13	4
104	767
1	17
2	32
32	122
9	381
0	186
34	624
0	13
0	0
43	198
0	268
1	232
0	0
0	0
0	0
0	0
0	0
0	0
0	0
0	0
992	357
0	3
0	13
2	39
0	0
0	48
0	1
0	0
0	0
0	0
0	1
0	0
0	0
0	0
0	0
7	378
9746	384
0	0
0	0
75	4
0	4
0	0
7	18
0	18
91	6
0	6
1	0
7969	2
31	0
0	0
0	0
73	349
72	236
20	156
38	479
24	396
4	72
3	0
0	0
0	0
2	81
0	71
1	3
0	57
4	75
0	33
0	37
772	229
0	289
127	2252
141	2326
144	129
0	0
16	70
1	71
0	71
6	0
89	1201
8	1201
15	143
373	92
7	168
59	0
651	2109
7	2108
16	17
0	54
0	32
1	792
0	4
0	46
62	121
0	0
1	63
11	21
8	51
3	31
3	20
286	109
1	48
3	35
0	15
7	427
1209	792
39	81
3	391
0	36
0	193
54	474
43	317
28	52
0	0
0	0
0	0
0	0
0	5
0	5
1009	13
0	12
29	32
0	32
128	0
0	0
0	0
0	0
1	31
1	33
4	10
2	22
0	0
131	49
1	43
0	40
0	14
10	11
1	0
93	122
2	79
0	43
2	844
2	321
3	0
0	844
379	229
16	127
0	145
0	77
0	0
0	0
96	1732
8	77
0	57
11	126
2	145
112	321
30	892
0	7
0	414
14	40
7	84
30	5
2	202
0	9
2210	383
0	72
20	0
0	301
1407	1
0	52
0	50
0	4
0	3
1	5
0	17
1	2
0	11
0	0
0	4
0	4
0	11
1	15
0	15
0	1
0	10
1	15
0	2
0	9
0	0
222	174
2	174
8	3
1	0
0	0
0	8555
127	10455
51	10631
3	10427
0	11001
0	697
139	633
1	491
6	14
1	173
8	92
30	135
5	442
1874	480
1717	1365
6	289
0	10118
8	81
14	819
1	759
5	9590
17	736
0	765
71	8975
2	12438
25	10948
35	12353
0	10939
121	7666
0	7384
92	5075
204	1832
0	0
0	25
0	1
0	0
0	0
1	0
211	183
4	136
8	240
10	0
0	0
0	0
0	0
0	0
0	0
0	0
0	0
0	0
0	0
13	127
3	126
2	1
84	21
3	5
1	16
0	3
705	350
0	136
0	291
0	12
0	0
1	104
21	667
8	708
16	577
0	751
10	553
25	666
35	26
0	0
2	0
0	0
0	0
330	2221
276	2337
0	168
84	333
62	64
11	4
70	2253
0	0
0	0
1	2
0	2
0	2
0	0
31	3
0	3
0	0
1	0
0	0
0	0
0	0
27	139
5	118
4	118
1	115
52	130
0	112
0	0
0	115
152	245
0	227
0	161
0	143
0	36
0	9
0	0
0	0
0	0
0	0
3	0
0	1642
10	744
1	6174
0	0
478	9330
2	490
5	1347
3	8939
0	0
0	0
0	1758
95	2041
0	1558
1	134
62	91
10	198
648	1256
0	1256
0	12
652	114
3	185
458	638
0	1
0	1
58	61
2	2
0	5
0	54
6435	1716
4	608
4	317
10	479
1	308
41	17
201	17
0	4
0	0
0	0
0	4
1	1632
8	7096
0	798
0	2508
193	7702
1	478
17	1706
0	851
3	290
8	665
24	104
2	7
5	105
2	8
8	81
10	99
0	0
6	22
12	48
169	1299
0	1351
7	1368
16	1400
4	393
2	11
0	323
2030	840
108	994
35	32
0	1
0	28
0	31
17	21214
0	15930
31	25
2	101
2	405
398	7945
526	18034
1	850
1	1343
0	223
5	211
11	17713
1	15710
0	120
0	1162
12	1809
52	47
139	2737
0	242
3	1710
4	53
0	1083
0	15987
0	10827
19	8
0	1
0	1252
0	180
0	1394
0	10
65	153
0	1254
0	921
0	0
11	45
3	113
5	125
0	6
0	1373
0	1636
0	699
0	148
0	1636
26	0
1	2721
0	2455
8	2620
23	2961
0	2766
50	1902
9	1747
0	1447
3	73
127	691
162	636
0	24
40	563
74	755
0	131
0	52
36	635
0	66
0	279
4	24
0	651
8	20
16	210
0	650
33	744
0	579
53	618
26	111
174	136
0	0
0	47
29	44
0	2
189	932
96	396
2	67
38	34
2	254
3	208
46	215
2	148
3	119
0	75
0	368
17	369
10	0
0	0
0	0
1	0
0	0
3	223
510	719
1	609
17	90
1	440
1	19
3	34
10	90
0	0
0	0
0	0
0	0
0	0
0	0
0	0
0	0
0	0
0	0
266	3964
243	2677
4	9
32	270
24	553
5	133
0	0
0	134
4	4
0	47
0	2
0	0
0	2
33	168
0	130
7	125
1	19
1	121
3	2
2	30
1	1
0	1
0	1
52	0
63	165
0	165
1181	655
7	2
18	56
0	0
0	317
0	289
1	451
7	1
0	31
2	0
0	0
0	0
0	0
0	0
0	0
69	137
2	92
1	93
340	1627
51	498
1	1627
1	516
0	314
12	0
21	2
0	0
10	197
2	130
6	89
0	114
0	104
0	65
0	42
0	80
0	25
1	4
6	39
1	3
0	0
0	0
16	100
4025	2263
7	55
43	29
0	1
18	1729
5	1816
26	124
0	45
0	41
0	22
0	36
63	44
0	23
0	44
0	14
1	22
3	35
2	28
0	34
0	16
0	19
1	20
0	5
0	11
0	10
0	10
0	13
0	6
0	7
0	4
0	14
0	0
0	1
5	443
0	321
2	65
0	107
0	123
4	82
0	31
42	218
0	144
6	28
0	1
22	0
0	0
267	866
2	851
0	861
1	853
1	100
2	333
3	5
2616	3689
5	1671
8	539
12	1680
8	3576
0	0
0	0
0	0
14	13
0	13
0	0
6	0
54	0
0	0
0	0
22	5645
0	5801
1	5318
0	4851
131	4507
108	3295
41	3227
7	346
1	974
2	63
8	74
0	9
11	4751
1588	2280
17	1559
1	140
9	1
323	2277
24	55
4	72
1	63
0	19
0	2
64	19
0	0
0	0
0	0
0	0
0	108
545	1355
0	161
18	672
0	397
0	954
1	255
4	170
0	0
0	4
1	4
0	2
68	374
65	81
0	46
4	188
0	24
0	33
0	288
9	51
10	660
9	666
23	46
0	24
35	1115
0	741
5	811
0	777
6	731
10	50
6	0
602	1885
2	1784
1	117
0	202
0	0
1	172
151	72
2	72
1345	365
0	169
15	363
0	435
0	452
0	447
0	478
0	98
0	151
0	21
0	14
0	461
138	433
137	380
0	37
1	19
1	5
0	0
2	5
0	6
0	6
0	5
0	5
2	404
21	18
0	370
75	348
4	375
0	23
7	0
14	0
539	27
0	0
2	27
1174	3044
0	1427
9	1349
1	1270
30	1755
17	1444
5	4
0	29
0	74
10	134
4	0
404	732
15	360
9	418
3	356
1	195
147	366
10	204
0	2
1	1181
7	1425
0	1526
7	6
15	819
0	832
0	35
0	50
0	18
0	146
0	87
0	8
0	4
1	69
0	1593
1	1415
599	0
2573	125
22	96
0	0
0	0
0	0
0	0
2949	1794
14	1448
0	534
23	45
73	540
6	164
0	119
0	55
642	184
7	59
17	26
10	26
394	2156
1	1882
0	172
2	65
3	48
12	319
499	2392
26	1466
1	926
0	317
2	308
19	80
0	29
478	0
5	843
152	1000
27	346
17	116
52	230
0	116
29	247
3	226
0	155
11	579
10	198
0	144
2	42
4	0
13	250
0	272
10	40
0	41
1	76
0	11
3	99
0	272
30	232
13	235
0	4
0	87
0	7
0	0
7	5
0	0
0	0
0	0
0	0
0	0
3601	3301
8	1293
0	344
0	2231
0	81
0	608
1032	161
0	161
13	43
24	27
0	61
0	61
0	61
0	24
2	1
55	4029
0	226
50	5
235	96
0	9
0	94
1728	511
4	243
0	415
3	794
14	608
3	724
12	1111
0	1321
3250	11
14	395
1	388
11	394
10	0
17	0
3135	1432
2	6
0	487
19	483
3	1251
0	60
0	2
9	388
1	361
0	55
0	66
8	20
2	20
5	33
0	14
2	2
15	497
0	551
3	356
0	25
1	0
2	1191
0	848
84	4229
3	40
5	3816
0	3649
2	7
0	339
17	832
90	974
7	875
1	167
30	53
0	242
5	166
37	63
1472	4409
4	111
0	4298
431	52
3	27
1	25
0	0
0	0
0	0
0	0
0	0
0	0
0	0
0	0
0	0
0	0
0	0
0	0
0	0
0	175
0	198
0	87
0	29
251	73
3041	18
0	0
18	15
0	0
114	0
0	0
0	0
0	0
0	0
681	0
8	0
0	0
26433	4492
0	1235
0	2188
0	211
2	141
4	1029
0	0
0	0
0	0
0	23
5	315
27	216
0	65
122	91
11	278
0	278
10	113
4	708
1	897
0	787
0	167
0	112
0	0
0	5
0	0
3	5
0	5
3	77
133	389
44	393
13	387
0	380
5	205
2	202
18	156
9	467
0	5
1	3
348	73
0	11
1	60
4533	3934
2	3926
865	381
5	86
1	80
0	49
8	361
23	2
0	66
0	66
0	0
0	0
15	200
0	7
2	7
0	9
7	208
851	1269
3	1
0	1265
0	0
0	0
6	20
36	2024
0	3214
301	6253
89	3345
9	6219
0	2045
2	18
0	41
0	2697
469	1439
0	1439
0	0
1	0
0	0
7	79
1	70
0	14
0	42
0	12
295	7
6	1
0	1561
0	9
38	1562
9	1384
1	969
1	1043
10	1120
1	1230
1	43
10	37
5	85
0	209
11	112
0	129
2	36
0	17
0	10
0	4
0	4
5	1379
0	1446
1	1391
0	164
743	3076
73	2940
21	894
0	193
1	894
6	56
0	2
1	85
0	47
0	5
3	0
590	0
3	76
1	1359
5	28
7	1734
0	1175
9	592
0	1165
0	29
0	1640
5	0
1046	1360
0	34
0	215
0	460
2	364
11	8
19	89
1	75
1	923
2	0
0	1056
0	1118
130	2131
0	247
0	961
0	616
0	395
0	863
0	1949
207	0
161	199
3	179
14	28
0	25
0	112
5	388
0	373
4	375
0	31
0	398
3	410
1	1265
125	1437
0	214
5	1254
0	1179
4	1268
0	57
0	1125
0	0
0	0
0	0
0	0
0	0
0	0
17	10
756	19
1	18
1264	376
1	6
11	18
0	369
0	299
1854	606
0	262
58	360
0	83
1	0
17	8
104	0
16	482
5	84
0	1
11	4
0	6
5	6
0	1
0	31
1	25
0	4
0	27
0	446
0	472
0	449
144	487
1	0
0	11
0	23
0	3
0	0
6	55
0	44
0	188
0	5
0	5
0	0
0	0
8	10
0	5
0	5
0	1
0	1
0	0
0	75
3	38
2	67
52	38
0	0
0	0
0	39
0	29
0	41
7	32
5	3
2068	66
0	66
0	1
0	1
0	1
13	0
276	106
1	66
2	60
387	278
56	439
39	72
5	1
14	40
0	429
31	145
0	5
5	140
0	74
0	3
7	8
4	110
1	12
0	109
0	86
0	32
1	18
1	9
0	24
112	10
0	9
3	191
0	80
4	100
20	20
77	199
0	356
3	190
89	381
48	207
0	17
0	0
0	8
24	79
0	42
14	3
407	305
0	92
27	101
4	11
122	322
0	2
1	0
2	158
0	320
0	0
0	224
0	209
0	181
0	136
2	4
0	0
1	87
0	16
23	101
9	96
0	24
0	0
1	162
1	0
6	25
0	28
0	17
2	0
4	0
0	0
2112	122
0	120
16	0
0	313
7	320
6	318
0	42
0	191
1520	2954
0	93
3	18
90	2652
0	1004
0	0
6	141
0	71
0	0
0	11
0	2
3	30
0	96
32	493
0	1
2	2
112	85
114	799
0	64
3	256
2	15
5	34188
6	9918
22	1
431	9179
10	11799
8	5653
0	141
59	149
8	833
206	1276
0	11785
1	32
2	31
12	0
153	11406
16	236
0	11785
49	10599
2	32452
2	5923
0	9
1	5
23	157
1	117
13	765
19	34225
38	34225
8	27569
0	2736
0	681
18	5255
9	5898
0	1662
0	3567
31	928
20	142
35	869
8	2391
0	0
1	97
26	2394
15	118
8	118
205	118
10	15
13	16
2	16
0	0
0	1
0	0
328	826
0	504
0	814
0	63
3144	2121
3	68
2	926
4	1195
197	643
0	664
1	6
0	5
0	636
0	0
0	0
1	10
0	0
0	0
0	10
0	1
0	3
4	0
0	0
0	0
503	72
2	72
0	0
0	0
223	89
6	13
0	73
0	11
2	3
6	14
0	0
315	757
89	755
3	125
2	237
2	0
0	0
0	0
0	0
0	8
2	3
0	2
0	0
0	0
0	0
0	0
0	83
0	4
0	0
94	3943
0	3652
0	2296
0	256
0	3
0	63
0	62
5	63
0	22
0	4
1	98
921	7294
7	12
5	5735
19	848
0	2224
0	284
1	78
137	16
0	20
0	10
0	0
45	0
23	0
15	476
4	470
0	6
18	3
0	24
2799	85
0	2
0	0
7	80
2722	0
0	0
0	0
0	0
63	570
12	569
0	80
6	91
0	0
0	0
0	0
0	0
0	0
0	0
0	0
280	2496
86	2494
3	821
64	620
5	191
0	44
1	1
41	60
0	60
2	17
5	0
6	18
0	18
3750	6200
6	983
84	6697
175	6699
989	323
4979	775
10	773
3	179
0	71
0	0
0	0
0	20
877	1505
0	110
18	22
2	132
102	1
61	217
557	1170
0	0
0	44
4	146
11	363
14	4
0	8
0	370
312	295
2	295
6	275
437	717
0	313
5	118
0	278
0	433
14	1404
0	891
7	1356
168	1404
0	1364
126	932
19	283
99	2939
25	2581
1	820
2	1
1	0
0	0
0	0
2	0
0	0
369	0
832	76
0	70
1	4
5	7
0	2
0	2
0	2
4	202
4	202
0	0
3	1
1	0
0	1
1	10
8	0
1	95
0	36746
64	4943
17	0
58	1480
0	37866
0	35993
0	34860
0	33386
0	0
1	50
69	2298
9	1
23	8
8	1029
38	99
43	546
0	35466
304	6
1	0
0	88
4	175
664	1493
1	64
0	63
1	7
1	904
105	384
1109	242
1	241
5	0
0	0
1290	755
1	753
0	0
1076	5306
9	5299
0	470
3	12
11	7
5	4
30	1809
100	1742
0	1020
15	77
17	44
7	124
9	221
0	184
85	234
119	44
0	31
0	0
0	13
0	0
1	11
2	0
0	268
15	48
1	4
0	70
0	297
26	183
401	265
3	306
36	156
0	207
0	0
25	4916
1	2076
53	4916
4	0
7	125
0	1
17	0
0	0
0	0
0	0
6	480
46	1404
0	135
6	869
6	1
0	9
19	133
0	77
1	73
519	358
0	283
2	7
0	309
1	225
7	272
13	45
25	13
1	1884
3	1529
0	222
2	130
3	1548
0	724
0	1212
0	506
0	0
0	0
0	0
0	0
0	0
0	0
0	0
0	0
0	0
0	0
0	0
0	0
0	0
0	0
16	1048
21	40
0	27
13	1025
3	19
228	1247
51	1589
0	1524
1	1402
0	1687
0	1811
364	1845
0	0
8	12
10	0
1	44
0	20
271	460
0	384
0	468
2	468
0	325
4	827
35	891
2	400
0	369
0	286
0	33
83	36
41	348
0	2457
0	2438
7	127
0	2461
0	437
4	420
0	2461
0	2442
8	94
0	29
0	25
0	26
0	25
0	20
0	0
0	1
2	0
0	341
0	873
0	893
0	938
10	537
96	955
0	7
4	369
34	179
7	122
1	0
942	123
1	0
121	0
2283	987
0	908
10	45
0	32
0	0
0	20
0	15
0	19
0	0
0	0
0	0
0	0
0	2
0	2
0	0
16	21
0	21
1010	57
1	56
1	1
0	12
0	1
0	12
21	688
0	4
0	508
5	585
0	0
0	653
0	3470
28	6996
4	5985
2	42
78	3236
8	63
44	751
0	59
8	158
0	155
8	16
0	7
0	105
0	8411
1073	7925
10	7647
60	3907
1929	1936
23	1931
3	1793
0	190
0	0
0	0
0	45
5	44
0	18
0	21
0	0
0	11
0	3
0	19
0	49
627	806
0	925
8	887
0	661
0	593
3	566
0	110
7	300
15	265
0	310
0	237
2	6
0	7
1	74
2	14
9	2
0	2
3	401
4	290
636	424
0	424
0	229
0	1
1234	816
0	79
24	690
4	0
6	0
2	328
0	4
0	2
0	4
0	1
13	1352
45	1406
14	2124
188	767
6	1731
15	1380
1	1774
5	166
0	676
1	642
19	284
35	3329
2	2302
16	745
64	2006
0	57
2	6
0	2320
13	50
5	1760
77	2240
9	451
0	13
2	305
5	0
0	133
3	2324
2	52
1	96
16	78
8	9
0	0
0	0
246	9280
132	648
8	697
19	712
0	737
0	59
0	22
0	1081
0	0
22	3078
101	3078
14	1670
0	11094
0	10230
0	370
2	382
11	5
0	1
36	578
3	29
75	218
15	90
23	346
18	206
0	382
4802	933
4	928
0	0
0	0
0	0
3	629
8	226
15	257
0	36
5	46
1	6055
0	5933
42	1572
1	2
0	6055
0	5934
2	5
4	68
0	65
1	0
2803	7099
6	6967
1	7169
0	7169
0	2837
1	466
19	738
13	602
1	423
0	371
143	176
0	93
0	7154
4924	5
0	0
0	0
0	0
0	0
0	0
0	0
0	0
234	1437
21	601
0	806
19	577
0	0
0	0
57	0
1218	0
469	0
0	0
0	0
0	0
0	0
91	865
0	684
0	297
0	58
0	166
9	7746
0	27
0	27
0	29
1	12
0	1
0	3
560	119
0	62
6	1
33	57
0	43
0	43
0	1
0	1
0	0
0	0
0	1998
0	1803
0	1871
7	1333
6	169
1	16
0	1920
0	1796
18	421
38	517
0	367
0	388
28	313
0	171
1	87
0	157
1232	1211
38	101
0	146
0	909
0	134
507	2187
0	91
0	63
0	41
12	0
0	1891
194	1575
16	1260
0	470
13	60
136	123
3	6
262	701
13	701
13	2412
1	2125
500	2093
16	721
46	313
7	266
3	55
9	137
5	0
0	0
0	0
2	0
0	0
238	9273
246	66
0	6
334	3079
0	50
2	0
0	50
16	13
1	28
3	23
6	1
1	0
0	0
0	135
2	169
4	170
0	3
0	188
0	60
58	103
26	139
7	74
4	108
0	0
0	0
0	0
12	2
5	434
0	373
11	5
9	419
26	374
32	27
28	203
1	5
0	5
0	0
0	0
1	204
41	207
2	702
91	971
5	634
0	0
60	0
0	66
60	638
3	123
0	0
0	0
7	5
0	5
0	1
2	74
11	64
7	1133
79	1005
11	229
3	1068
0	16
75	357
0	66
0	700
0	12
1	111
0	33
738	526
0	130
18	130
1	107
5	136
116	1504
5	1529
0	798
1	13
0	95
5	459
6	679
19	1401
1	1164
0	1196
8	1
13	434
0	0
0	0
946	124
0	55
1	62
0	7
55	3788
50	3821
0	0
0	18
0	1563
0	0
0	3781
53	1209
0	108
6	96
2	770
0	492
0	91
0	29
11	278
0	21
0	112
1841	1186
0	378
1	56
3	794
2	604
4	0
0	169
0	237
8	12
6	2231
0	3126
0	0
0	0
0	0
0	0
144	252
42	357
1	112
2	112
58	104
0	0
0	0
12	0
61	125
0	179
0	101
239	44
113	44
2	13
3059	2
111	9271
185	957
130	1428
0	1078
20	1078
2	54
42	4084
1	361
0	3816
41	341
0	33
121	3745
32	3724
34	158
1	4
154	33
15	1095
5	83
0	1252
20	281
2	744
1	249
0	59
281	1194
0	89
0	135
0	189
2	52
0	14
0	1117
0	0
0	1045
2	2008
0	1870
0	0
3045	306
11	306
9707	3
60	2875
142	2875
2	48
1	362
0	82
0	0
0	4
1	4
0	4
0	1
0	3
0	2
0	0
85	34
15	497
1	479
5	521
4	469
5	503
32	426
0	70
1	26
0	125
4	42
11	0
4	17
1	23
0	0
13	20
0	5
0	0
0	0
0	5
3	5
0	5
0	1
511	34
0	0
0	0
0	0
0	0
0	0
0	0
0	0
0	0
0	0
0	0
0	0
0	0
2	48
2034	48
56	97
16	18
1200	64
20	24
0	473
413	474
432	192
2	26
18	83
8	93
0	5
0	1
1	4
0	0
0	4
1	1
0	0
0	0
5	1
0	1
0	0
0	1
284	34
7	0
0	0
0	0
0	0
0	0
0	2
12	2
7	2273
425	2297
319	2335
1	149
0	3
76	101
0	119
0	90
0	0
52	21
0	16
0	5
0	34
6070	2
27	0
0	313
0	6
0	306
3	6
0	277
0	240
0	1
0	0
0	247
0	272
0	6
410	0
17	0
1	18
385	343
1	27
0	110
2	163
6	13
0	170
4	84
1	798
72	207
0	26
0	99
4	96
188	798
259	0
31	2515
384	2593
2	165
7	159
2	104
0	0
3	1456
0	1674
0	1983
33	1470
0	282
19	865
4	1356
1	6
0	0
1	159
7	86
424	11164
2	197
69	890
36	2561
0	847
120	847
5	24
0	208
2	61
0	63
0	845
0	18
0	18
0	0
588	0
62	562
91	73
1	0
3	146
6	111
0	3
4	521
1	2
1	3
3	37
0	32
21	137
0	161
1	168
0	46
0	1028
2	969
48	287
60	74
82	922
75	970
0	0
0	0
1	172
5	159
1	172
11	141
0	0
15	622
16	151
1	520
0	7
3	87
2	438
0	869
85	869
0	0
0	0
0	0
20	161
0	168
23	868
1159	867
20	71
78	0
2	47
42	214
50	210
690	471
44	471
11	1236
4	1278
26	217
4	51
4	761
1	863
0	5
0	7
0	31
0	44
10	58
0	41
1	51
0	0
120	0
0	0
9	6
0	6
0	0
267	5534
172	5534
11	250
25	261
4	54
7	343
7	329
0	200
0	228
93	664
6	660
0	637
0	62
0	1
0	0
0	1
0	157
1082	1001
1	22
1	457
132	938
1	0
9	57
6	8
2	20
4	0
10	39
3174	1
113	653
0	3898
0	3575
1	3040
191	2989
50	6
4	429
0	23
2	273
3	375
0	387
4	325
4	103
0	2821
1	0
0	0
246	43
1	42
95	498
1	0
0	1
0	497
9	24
7	0
1	69
0	1
0	1
2032	7
97	10
19	7
7	1
0	0
0	1
489	2
13	23
1	382
0	521
3	14
0	10
4	17
2	91
10	256
0	0
0	16
0	0
0	6
1	81
0	0
7	70
0	64
2	220
0	2
8	214
0	1
0	162
8	186
0	134
1	27
5	8
1	209
254	314
0	331
2356	1
16	38
45	142
162	146
0	38
28	61
1	41
2	1
2	8
92	9
47	59
34	59
3	6
0	2
0	1
14	15
0	15
0	3
419	9279
70	3083
19	3262
9	184
0	2285
4	3
25	454
83	5121
9	5037
3	269
9	202
0	293
0	1605
0	1612
0	0
3	8
1	206
2	87
5	4731
0	306
3	289
0	1
7	4633
5	0
7	0
3	43
2	491
2	241
0	0
0	0
176	1536
5	1410
19	820
0	1298
51	3373
228	3201
0	2232
120	258
1	156
0	0
187	11
82	992
29	2032
844	2157
1788	2232
14	2127
10	2174
10	40
0	34
0	6
0	4
1463	1
1	202
760	202
0	125
0	21
897	813
0	741
0	0
0	0
28	291
0	237
1	21
0	53
3	96
1044	1
0	0
0	815
1689	2183
8	280
9	175
5	1426
2	2026
1264	3076
63	335
0	335
5511	1468
0	210
0	944
3	309
0	0
0	0
0	0
0	0
0	0
0	0
0	0
0	0
0	0
0	0
2	3
19	3
0	0
226	474
43	187
1	436
22	295
0	285
37	212
0	62
2	40
0	8
3	22
0	0
6	178
38	3667
3	47
12	2528
8	23
33	3004
11	1345
42	635
4	618
95	580
11	7
2	811
1	0
20	0
5	0
90	1
2	1
0	640
0	46
73	3943
975	3688
547	3943
6	202
8	3261
9	492
88	4
37	4
214	1
29	14
1	14
0	0
0	0
3	629
0	21
22	504
4	456
0	446
0	291
2	548
1	429
8	371
4	361
0	34
0	401
1	259
0	0
125	363
22	635
260	1
2686	9470
30	0
3	1529
25	5298
21	6576
339	0
84	0
155	1985
3	1763
3	1647
0	1107
16	945
4	2
121	130
4	29
0	125
111	1
4	300
40	6836
609	3820
33	399
0	6267
2	3231
1	2155
0	1
0	1
0	1
1	0
0	0
0	0
0	0
0	0
0	0
634	2
0	2
148	13
0	13
5	435
6	988
0	749
0	1107
2	325
0	620
28	517
9	446
199	230
0	0
4833	2011
0	2010
19	131
0	116
0	109
0	8
2096	5369
2	2295
0	2232
19	4634
15	1236
43	1148
5	188
0	169
43	77
3	20
51	35
0	2059
97	1935
0	365
1	1933
53	211
0	76
2	16
0	16
0	0
0	0
0	0
0	0
0	0
0	0
0	0
0	0
120	4602
254	2500
191	2535
2	2625
30	2532
43	4888
0	2186
0	1316
13	1914
0	1643
10	565
10	987
0	153
0	160
74	1330
2	1954
0	2755
254	0
0	0
0	0
0	0
0	0
0	0
0	0
0	0
5	672
446	1519
0	404
23	90
0	215
0	0
0	139
1	50
2	1
0	1
134	3078
76	0
0	0
75	31
0	29
0	16
0	1
0	0
5	397
671	1132
0	1131
10	279
8	1433
0	1464
27	1542
0	1536
0	1117
0	466
1	386
0	511
0	525
7	581
0	506
1	576
3	568
0	0
0	55
1	31
1	1
4	0
0	0
0	580
0	503
0	1473
317	1739
30	78
0	248
0	231
1	26
53	6
0	0
0	6
0	28
1	28
40	49
566	996
6	993
31	69
5	5
7	9353
4	89
148	4
53	368
3	368
0	107
0	0
0	2
0	130
1	133
0	3205
0	2128
0	211
18	18
0	10
0	1
1	7
138	0
0	0
0	0
3918	185
0	74
18	179
8	5
0	0
240	1434
0	1438
0	102
1	52
3	650
0	22
0	36
0	89
91	11
0	11
184	58
2	53
4	7
1	1
3	7
0	41
0	16
0	30
1	43
9	41
0	68
3	29
0	43
2	37
0	73
0	1861
87	1861
3	27
0	31
1	26
269	53
0	2
0	41
8	23
0	54
390	0
472	1
269	138
0	134
0	486
26	369
0	214
65	212
0	475
232	7504
280	7109
41	6941
60	7131
23	287
2	117
4	338
193	206
11	175
3	171
2	144
0	9
0	0
46	9556
2	285
0	106
0	106
10	106
0	0
0	0
1	64
2	0
2	64
0	58
140	57
0	26
0	31
103	15318
0	2817
2	1276
1	1516
2	1565
2	1026
3	378
1	3
1	0
2	20
0	2
0	3
0	15373
0	15364
0	3
520	589
4	10
0	376
0	213
2769	1333
0	123
6	90
14	930
5	392
0	340
15	198
63	78
0	54
0	15
0	8
0	25
530	214
0	9
4	214
369	0
12	2
0	2
3693	623
0	129
3	208
0	232
1	48
0	29
0	0
0	0
0	1
13	154
3	56
72	628
79	380
0	567
29	13
391	552
1	405
32	236
15	99
1	99
19	0
31	6307
1	420
15	6421
0	5898
16	6006
32	244
2	115
17	2417
4	140
90	263
61	484
71	97
0	6
221	2194
1	1799
0	10
3	303
0	8
38	402
23	1
422	95
0	95
1	0
300	290
0	0
183	0
13	92
0	84
9	47
0	95
0	22
0	61
0	3
0	12
0	0
0	84
3	497
8	879
0	1007
5	14
7	57
1	37
0	32
3	26
13	24
2	1075
0	497
125	9280
5	210
0	78
159	45
1	6
0	16
1	6
0	6
0	3
0	2
0	8
0	9
0	3881
0	4106
2	3775
23	3214
5	3488
0	2295
14	2419
4	800
3	81
1629	5951
0	5691
0	87
23	10
3	0
1	0
0	622
2	444
38	287
3	216
0	1
0	1
48	0
1561	327
0	323
46	46
1454	1246
44	1245
0	755
0	702
4	0
28	80
11	34465
1418	12795
0	17419
76	34649
1470	29228
0	2
2	13
0	3
0	9
0	8
0	0
1	0
2	1
0	67
1	67
0	94
1	90
0	102
1	27
0	28
0	57
0	31
0	14
0	10
3	9
0	5
0	2
0	1
0	0
104	1
2	1
523	1015
62	976
0	39
1	0
1	0
0	0
0	0
0	0
0	0
0	0
0	0
0	0
0	0
48	2367
0	1391
0	1178
8	1556
132	895
8	115
4	416
2	713
1	7
0	313
1	312
44	14
0	14
4	766
0	379
0	591
0	766
0	766
0	545
3	617
0	811
16	605
4	547
0	544
10	655
2	318
8	358
5	4
0	1
507	0
13	1527
8	1051
4	1185
0	1410
2036	88
14	85
7	0
2	59
20	77
3	126
0	0
1	118
0	97
0	27
4	35
0	9
0	5
1	37
0	0
0	17
3	14
0	6
0	10
0	2
1	3
0	0
343	0
316	0
173	9272
36	103
1	99
0	103
0	0
0	0
0	0
1	20
3	17
0	0
0	20
0	18
0	18
0	9
0	17
0	0
2	4
7	127
0	11
21	142
0	2
0	3
0	0
0	0
0	6
1	0
873	0
0	0
0	0
1473	3
182	3
0	1
0	0
109	4827
19	4597
54	4011
2	393
29	172
0	105
0	612
1	38
0	239
0	2
2	2
0	2
76	36
6	36
0	3
0	3
1	13
398	685
0	638
1	0
0	47
0	13
0	0
9	35
0	0
70	185
343	0
0	0
4	0
0	0
4	161
679	0
193	1046
14	458
63	522
0	716
0	5
0	0
79	134
0	37
496	1549
0	0
54	9627
1	355
413	252
1	63
0	29
5	13
518	4346
201	3953
7	1862
331	0
0	0
0	0
123	2482
3	729
0	375
0	2125
0	1082
0	0
9	0
265	9564
0	99
0	0
22	1426
0	1249
2	538
0	615
10	520
11	25
2	123
2	16
13	0
196	584
0	0
0	157
16	434
0	92
62	92
25	92
0	0
0	6
0	16
0	1
1	349
27	385
72	334
0	21
0	16
105	9400
0	150
7	0
0	0
3	0
0	0
8	0
49	2251
12	2110
89	269
11	210
17	574
3	188
55	519
9	29
0	6
93	2281
315	0
625	374
2	318
29	373
1	64
9	0
20	59
0	52
1	59
0	0
4528	3
491	331
4	236
5	166
0	6
0	9
3	239
8	252
2	21
5	3
0	253
2	16
0	13
0	16
0	1
0	1
0	0
0	187
8	106
4	3
1	161
1	97
0	169
0	145
0	4
0	0
0	12
1157	0
0	1
1	1
0	0
0	1
588	2143
18	2071
112	1614
0	608
0	1374
33	208
155	81
23	114
5	97
0	21
1	79
20	71
0	41
0	56
0	0
0	0
0	0
0	0
12	964
501	1544
20	425
0	30
1	46
0	17
16	59
2	2
0	126
50	222
0	173
0	185
0	86
0	0
0	0
0	0
2209	203
164	203
0	1
0	0
2	226
67	401
5	257
1	35
3	324
0	0
0	0
0	0
0	0
156	3078
0	0
0	0
0	123
0	250
0	1
1	159
2	8
4	131
10	569
14	201
2	3
16	126
16	9
5	218
0	44
0	455
0	0
0	0
0	2
119	3
15	3856
0	126
18	638
0	90
4	3103
21	1022
8	3456
2	20
4	88
58	1131
20	22
0	2324
17	2269
0	2036
18	1499
36	1222
1	1621
0	108
0	677
17	10
6	34
0	60
41	216
9	0
1642	6657
1	1
0	6660
0	6647
0	68
18	6669
6786	322
0	32
5	287
0	0
0	0
195	170
2	65
203	110
358	0
0	0
0	0
0	194
12	9468
151	2235
1	2223
0	51
14	437
4	7
3	94
10	99
0	0
0	0
0	0
0	0
0	0
186	0
238	9277
0	262
2	36
5	2302
699	2919
0	226
0	9
1	198
6	6
12	488
0	0
0	0
0	200
4	200
0	0
0	81
0	238
3	192
6	52
0	39
0	43
0	2
3	24
0	21
0	21
0	3
0	0
0	0
0	0
0	29
57	161
6	41
0	118
1	8
0	42
5	12
1	42
0	220
118	222
1	24
0	15
2	117
11	90
22	55
148	1243
23	1263
25	430
38	91
2	23
17	330
0	10
58	27
2	43
3	7
3	99
0	3
4	4
0	272
0	79
1	2675
0	1818
78	2673
3	2
0	178
28	352
11	221
2	1
3	97
0	120
57	234
0	206
3	50
1	270
44	4476
48	1925
0	0
1	4431
0	4311
517	2017
686	32
0	10
0	21
0	0
3	1076
3	1372
1	1482
5	1343
0	1390
0	857
4	365
63	750
6	511
1	104
0	280
0	261
4	24
0	22
0	58
0	1
0	0
0	31
0	59
3	12
0	749
52	5109
17	2704
0	4583
88	3544
0	139
26	516
349	696
1	168
8	505
4	145
3	266
4	31
1	514
0	133
0	89
10	14
183	0
1	1016
36	88
4	528
1	1052
2	995
0	7
2	111
5	0
0	0
0	0
0	0
0	0
0	0
0	1
0	1
2	1687
546	1724
31	1269
23	1032
2	43
27	27
838	2583
47	1782
12	1174
10	449
9	1589
0	584
0	274
0	517
254	19
32	256
185	256
1	3172
0	2097
0	1952
0	4
0	4
0	4
0	1
0	2
0	2
0	0
71	309
32	338
0	75
0	163
0	86
0	45
228	9271
0	0
135	3082
0	0
5	0
26	717
2	12
0	672
1	501
0	689
5	672
10	36
0	644
0	0
0	0
602	522
12	421
17	378
0	334
0	249
10	238
3	129
0	0
0	0
2	4518
4390	4624
2	1982
66	3929
6	17
7	570
0	8
0	8
1135	561
19	561
42	2
9	9391
2	315
1	423
0	383
0	351
2	68
0	14
10	14
0	0
0	0
0	0
0	0
0	0
102	9266
2	220
55	276
15	35
35	50
110	3076
3008	3695
23	878
0	0
0	0
61	610
0	65
8	561
2	95
2	72
1	28
0	43
0	2
1	28
0	25
13	0
23	1769
16	1941
2	1560
54	79
7	324
0	1
8	4
1	1
37	558
3	405
1	391
0	497
2	121
0	191
7	41
2	0
104	469
0	255
30	116
13	798
47	495
2	108
2	78
0	204
4	26
0	0
0	0
0	1207
0	24
44	1163
0	1185
27	0
146	340
2	226
23	442
1	881
26	885
38	874
5	682
40	49
0	484
0	475
7	9
22	0
0	189
0	6
0	24
6	2
0	35
4	2
176	1236
245	1236
510	93
1	6
1	29
0	58
1637	696
13	290
1	569
80	3260
108	3274
2	13
58	595
37	30
3	81
20	136
0	64
6	373
3	375
25	252
63	102
7	26
19	9396
0	125
239	2
1303	215
0	215
397	0
594	2
5	1
1	1
13	9384
0	114
14	4
1089	324
0	245
17	193
3	171
23	13
0	498
34	498
1	498
216	0
73	229
17	0
0	217
64	177
0	26
0	2
48	143
0	12
1	57
31	98
1	78
0	26
26	39
0	0
0	0
6	2
0	2
0	0
0	0
143	9955
0	9275
4	684
637	1
4167	147
26	14
6	12
3	120
1457	1
2	58
31	669
24	206
3	529
11	647
0	0
0	2
0	2
1	496
21	496
0	29
5	22
2	90
0	116
2	101
0	116
0	0
4	3
0	0
0	0
0	0
0	3
53	1113
277	5733
0	6883
3	1918
77	7171
1	316
0	222
8	1922
0	1979
0	367
0	140
12	439
1	114
0	912
0	1
0	1588
0	9
1	917
0	1068
0	0
0	11
0	27
4	20
1	919
0	124
29	182
4	3
1091	480
35	45
0	2
2	0
0	0
0	26
0	15
0	2
0	0
444	0
0	0
0	0
874	2851
19	93
3	153
1	61
1	66
0	7
27	7
0	17
5	39
17	2590
4	1
0	1
0	0
1	0
11	43
237	2085
0	1921
10	306
32	1920
17	1256
0	0
0	0
0	0
0	0
0	0
0	0
0	0
18	2
59	6962
12	1134
212	6870
0	189
10	695
0	699
1	908
14	378
6	0
0	288
0	65
0	1314
732	25
0	24
8	338
0	112
0	2
0	289
0	466
0	4
0	2
0	0
0	0
1390	1
124	470
1	303
6	43
20	289
5	0
0	0
0	0
24	0
0	48
445	778
0	739
67	11
1	218
7	709
2	304
1	377
106	75
69	674
4	6592
6	33
0	76
0	35
241	1465
0	7036
1	1041
27	14
0	14
22	1461
17	2066
0	2129
43	895
10	156
22	402
34	635
34	248
8	74
1	220
7	74
0	12
12	126
53	74
0	73
0	63
0	8
0	6
3759	1264
964	1264
2	0
2	7980
0	7591
4	1214
0	204
1	90
83	7115
29	2111
0	7363
0	7115
134	878
5	58
60	615
1	0
10	501
0	7585
0	7726
70	8
25	8
0	182
13	1290
2	500
12	177
0	108
0	140
40	428
0	225
0	1289
721	145
5	0
9	50
12	15
9	8
1	2
3097	1073
0	419
1	658
1	371
0	11553
25128	12024
11	532
96	539
11	69
6	4
0	4
0	9
5	9
85	2325
58	2443
13	163
8	530
0	96
1	398
5	209
0	90
48	587
3	49
10	365
0	0
0	0
0	0
369	54
1	50
8	40
4212	1074
121	1071
0	72
0	0
0	0
3	0
0	0
0	0
0	0
0	767
4	462
1	667
0	0
0	52
4	5
7	2
0	767
0	0
564	131
1	130
0	0
0	0
0	0
0	0
3	530
268	7661
86	6312
12	6974
1	5890
0	388
76	1
65	36
0	14
0	36
0	0
377	505
2	32
0	27
305	327
4	476
0	15
1	1379
18	106
7	12
4	493
10	0
0	310
57	0
0	16
0	1379
76	578
5	7
90	578
0	17
2	2571
0	2590
1	827
0	1213
1	1129
6	1027
0	1026
0	28
3	54
0	55
3	29
11	70
4	48
0	34
0	32
0	14
0	5
17	15
3	0
0	6
0	1
0	0
0	2569
481	282
2	271
4	49
2	20
0	10
149	18
2	11
2	12
0	0
0	4
0	14
24	854
93	854
0	0
1	43
3	0
0	4
24	4
268	432
116	432
0	0
0	0
0	0
2213	4
0	0
92	106
9	127
809	0
4	0
8	955
137	655
4	231
64	10
0	521
17	730
1	481
0	174
0	138
5041	2
0	2
4	1657
24	1321
145	1675
3	66
0	16
1	15
0	5
7	90
0	1
0	0
0	0
0	6
0	0
0	0
1	88
40	155
0	155
2338	500
6	0
5	2
0	2
1453	419
5	419
835	7227
2	7204
6	203
0	133
1	62
13	7
16	1894
0	12
2	14
0	2
0	0
365	99
0	99
9	0
25	38
0	35
46	0
0	6
3	79
571	1996
20	162
16	384
4	1409
44	1
0	3651
33	1770
38	0
34	410
0	441
4	580
1	17
18	1
3	2604
16	2
7	395
0	0
11	23
29	49
621	316
14	334
1	31
357	0
12	469
75	469
2	311
151	1265
50	1268
217	281
12	1187
0	902
176	1035
1	57
8	166
8	6
93	3
34	55
91	0
1840	223
1	60
11	163
20	3044
0	4318
0	147
33	68
20	6
0	4264
198	4396
0	4254
23	2318
0	1377
0	1377
0	1367
0	1254
13	72
0	77
1	4262
10	1068
0	818
0	398
29	34
0	121
4	610
8	3
81	6
0	25
0	56
6	2
0	1
0	730
0	813
378	939
3	907
0	205
5	5890
57	7587
0	1169
0	1045
0	449
0	7383
81	4176
0	4343
31	4364
0	3689
4	2847
2	1672
7	610
13	987
0	1
0	0
0	12
602	2066
15	1286
0	233
0	0
42	1144
0	84
62	0
1	0
32	0
0	0
3715	1006
0	183
31	607
0	546
1	18
0	18
5	18
6	803
0	329
0	12
6	0
0	803
0	0
0	0
1	525
1	441
8	494
15	12
15	22
0	525
0	417
30	0
9	731
20	734
137	0
15	729
6	566
3	4
629	1874
26	164
37	1818
1	332
6	50
0	459
0	35
22	317
53	27
3	158
0	144
0	82
0	146
0	3
0	144
7	3254
5	3
1	0
2	676
43	508
0	124
3	28
6	0
0	911
18	291
0	745
2	3080
0	2904
2	3017
72	2926
54	3322
563	493
0	493
0	0
2	15
0	0
2	7
0	477
0	10
0	0
0	0
0	0
0	0
0	475
0	0
0	0
0	0
0	12
0	0
0	8
1	1
0	511
0	465
1	244
7	166
1	231
0	257
8	261
6	171
1	5
1	10
0	4
0	1
0	0
0	0
0	5
0	8
0	26
0	45
0	1
0	30
0	41
18	30
14	2
3	2
77	1336
0	1325
11	1343
26	560
4	10
1	1
0	741
26	472
0	863
2	10
0	57
0	256
6	94
0	1333
6	1348
637	1329
0	1329
0	0
0	7
122	130
10	23
0	107
0	0
0	0
1	0
2	0
0	0
0	0
0	0
0	0
0	0
3909	12
167	11
10	0
1909	40
1	36
0	2
38	537
141	685
187	486
9	150
263	1115
43	1115
452	223
25	223
1	115
2527	117
0	203
1	199
15	357
3	34
0	340
8	0
5	35
15	1512
0	23
0	290
5	251
125	1474
2	284
0	107
32	192
35	86
15	70
297	1901
11	73
4	1835
72	58
0	41
3	17
0	4
113	357
11	263
0	0
2	567
5	41
0	570
0	0
396	1
4	57
276	57
173	0
0	1007
1	1036
10	843
2	12
196	353
0	93
0	0
3	15
0	1039
2	918
20	917
53	944
3	186
5	0
5	0
5	22
745	3
1	28
9	3
16	16
0	1
0	1
0	2
0	0
130	465
2	9
33	0
0	465
0	0
0	0
0	0
171	3415
5	1
89	3
0	3414
600	246
0	17
0	229
0	141
0	0
0	2
44	987
1	299
0	0
0	987
4	110
6	813
1028	1035
0	94
15	9
3	42
0	149
0	93
143	30
37	30
0	582
21	16
230	608
0	584
24	199
0	840
11	199
6	27
35	385
0	664
0	840
3	19
9	0
0	0
0	0
0	0
1	2
0	0
0	0
0	0
0	2
0	2
0	2343
0	0
0	0
0	77
0	77
0	80
0	9
0	70
0	59
0	2
1	1
0	5
0	7
0	0
0	0
0	0
51	278
6	279
6	33
13	33
1	24
0	1168
0	1488
2	783
0	25
22	85
5	1
0	1413
656	1489
14	146
0	111
0	60
809	2
1	0
1	1052
5	1693
74	609
59	1567
19	1530
4	494
0	25
1	243
3	241
10	137
20	9
0	121
28	168
0	169
5	44
8	168
0	0
0	0
0	0
0	825
126	901
1	6
0	50
0	6
5602	2
658	793
0	152
1	53
0	641
142	599
4	242
0	183
1	70
32	113
0	0
0	0
56	3807
0	1411
0	1
0	0
0	1
0	0
0	1
0	0
0	0
0	0
0	0
24	1099
1094	2667
18	51
1	302
48	1668
0	1
0	0
27	132
6673	4908
9	4092
66	824
105	1576
45	1709
0	1587
4	80
1	27
25	305
1	988
0	169
57	276
0	246
0	188
0	7
0	7
1	0
0	1794
0	168
0	1124
2	584
0	88
0	74
0	169
4	0
0	6
2	0
0	1808
0	1391
0	1834
2668	2752
24	2443
99	1544
27	2253
12	1028
0	36
23	139
0	69
1	16
7	0
1	29
1	28
0	2
3	59
4	3449
264	3449
37	11739
66	14204
98	15377
8	15249
0	16231
0	15542
1	2355
38	11450
55	10834
0	177
16	850
51	71
7	82
142	27
71	13
10	1089
1	770
317	79
0	811
8	15257
0	15572
0	0
5	1
0	1
0	0
0	0
2	1
2	143
0	1
10	9
1846	151
5	4
0	4
0	4
0	0
0	0
0	0
0	0
20	182
355	368
7	0
1	60
1	89
0	102
0	0
0	4
148	2255
0	283
5	655
1	258
140	2187
1	9
0	85
3	346
0	258
0	260
0	242
87	355
22	1832
22	1914
4	1829
0	1751
1	1740
0	1788
0	238
1	1440
5	1386
5	35
18	9
2	129
0	68
4	170
11	0
0	14
2	83
0	0
0	0
0	0
0	0
1	0
2	0
0	0
8	0
0	0
0	0
48	2
0	0
0	2
400	0
3	0
1	0
0	0
2	553
1	533
12	513
3	471
11	517
16	33
0	0
5	17
0	0
0	4
0	1847
0	0
0	4
73	529
0	1894
0	0
2	44
0	1123
8	1436
0	389
0	0
0	0
130	1981
24	1980
0	87
0	1980
0	1980
87	402
9	344
1	79
1	2
18	0
3	65
1	13
0	51
4	53
491	2444
2	2338
0	1
2	1
7	40
33	40
133	41
0	41
0	5
0	3
125	3738
0	1336
0	0
0	0
0	0
0	0
0	0
2	0
388	0
19	18
3	47
0	47
1	1
1	0
3	4
0	0
0	0
0	0
5	0
2078	1086
37	751
0	244
0	103
394	811
3	239
19	602
20	113
0	84
136	444
11	269
0	46
40	224
44	1
34	146
11	43
5	1
198	148
0	138
6	3
13	1
1	10
18	807
11	807
4	25
0	655
0	52
2	17
1	671
0	655
46	723
0	840
44	854
7	348
11	554
1	0
1	8
1	0
0	0
0	0
0	0
0	0
0	0
0	0
0	0
0	0
0	0
0	0
0	0
0	0
15	72
9	176
2	22
12	2
0	0
0	640
61	641
2	16
2	76
0	0
0	4
0	40
0	4
0	4
0	4
0	4
0	40
0	40
0	1
0	0
11	3456
0	2231
0	1700
2	0
2	1225
0	27
0	123
0	277
2	255
5	255
0	33
0	61
0	21
44	915
1	858
0	743
33	180
1	64
2	22
0	181
1	135
0	24
0	71
0	234
5	42
3	28
0	28
0	2
0	0
0	3
0	3
1057	576
0	612
0	611
0	2
118	1165
1	933
1	162
0	782
1	76
1	488
4	647
25	1145
46	674
3	217
0	1
0	674
1	0
0	0
0	0
0	0
0	0
0	0
0	0
0	0
0	0
6	0
0	0
5	35
2	35
0	0
894	2642
0	366
242	2414
0	71
13	547
18	547
5	25
0	48
0	4
4	0
244	131
1	38
49	93
0	0
0	0
0	54
2	54
0	0
0	13
0	11
0	1
2231	1643
2	1
3	32
2	33
0	0
0	20
0	7
0	20
0	0
0	289
193	370
11	333
9	1
8030	6
22341	823
133	804
3	0
8	0
0	9
0	9
0	0
0	0
122	116
0	83
17	33
377	829
0	402
13	109
7	78
13	297
2036	1653
4	47
0	30
32	188
61	2424
0	0
122	2424
1	3
0	11
4	2
6	1
0	1
1	59
3	63
5	46
0	13
0	17
0	12
0	4
251	18
0	14
0	0
125	154
0	154
8	1170
8	1280
1093	1243
0	310
20	51
2	38
1	13
0	0
0	0
0	0
0	0
0	0
0	0
0	0
0	0
19	224
0	112
899	0
1671	4427
396	4426
3	0
0	0
8	0
0	0
0	0
0	0
0	0
0	0
0	0
0	1
0	0
0	0
0	0
0	1
44	348
4	4
3	48
6	343
3	56
0	63
0	57
9	19
6	35
0	55
6	0
0	0
0	0
39	447
12	339
0	62
0	123
4	59
25	58
5	4
0	21
16	289
0	335
5	0
0	0
0	1394
4	1937
1	2280
0	1691
0	1532
19	16
10	881
12	638
0	80
1	11
0	6
0	900
1	261
0	330
26	235
0	0
0	0
1	38
50	981
0	1076
0	3
0	1083
249	12901
21	12350
39	7909
4	639
4	10
0	3
0	10
0	1
1	1
0	0
0	0
0	0
0	3
0	5
0	11
0	10
4	2
6	2
25	11
0	11
80	1732
25	1732
31	7
0	7
5	19
0	19
1	6
0	0
15	6
5	6
0	6
8	6
1	0
0	0
1	0
0	0
4944	312
1	309
17	203
0	137
0	0
2	0
0	0
0	203
19	8
0	8
0	6
13	21
1	21
0	16
0	2
4	43
0	43
1	38
3	7
0	107
830	755
0	670
0	1305
0	1554
9	663
0	269
5	282
5	714
2325	706
301	1327
96	537
5	1104
0	617
20	427
61	1056
0	1051
1614	421
0	159
2	71
24	110
3	5
77	5
30	1003
1369	1115
3	931
22	875
1	0
12	212
36	212
5	212
17	342
0	182
1	269
2	67
0	15
6	6
0	297
50	1
759	3
0	0
15	2
36	212
0	25
0	21
0	211
171	1566
23	1563
1	170
0	20
13	99
303	185
0	34
0	147
4	143
8	0
0	20
5	0
0	0
0	0
72	3032
61	3116
77	2795
0	0
0	0
1	4
3	4
2	187
6	170
3	140
86	184
0	128
2	4
0	0
1	45
0	163
24	567
11	567
0	567
1	567
1	568
0	567
0	568
3	1043
3	1244
0	213
0	266
17	378
5	174
0	248
68	6355
582	6353
2315	4886
9	408
0	423
56	1413
143	1427
54	1363
6	620
7	1012
1	619
0	0
0	13
0	19
0	5
4	7
5	32
0	13
0	4
40	0
3	0
0	728
2	766
0	695
3	5
22	63
18	43
7	61
6	33
1	101
1	119
5	62
6	728
111	792
3	44
29	1663
13	12
0	6
7	7
13	121
0	0
49	1752
0	15
0	841
38	447
0	77
1	123
0	102
0	0
23	0
0	13
0	17
0	13
0	9
0	0
0	0
1001	248
6	248
2	172
9	295
21	248
2	3
4	179
9	17
0	277
2	294
0	251
12	277
0	251
1	20
0	287
5	6
13	6
280	1017
3	916
0	1040
0	1090
0	880
6	162
0	71
1	1
9	62
143	62
15	30
0	62
174	77
8	53
0	0
0	0
0	1
0	3
0	0
0	3
0	3
0	1
0	3
0	1
0	367
78	367
559	760
10	776
1	65
0	19
5	18
10	4
0	9
0	4
5569	5221
0	699
0	2276
2	5151
9	0
47	38
0	38
0	0
0	0
0	0
0	0
0	0
0	0
0	0
5916	4
232	0
114	273
65	273
0	0
0	261
14	5
0	5
354	0
109	888
0	585
31	897
8	28
2	10
4	1
1	1
32	1082
9	1082
0	0
138	369
70	177
49	4
302	193
0	0
0	0
0	0
15	321
37	321
30	303
6876	853
2	851
3	36
42	36
3	36
929	399
25	237
4	108
10	4887
42	832
50	1542
12	197
12	407
8	4312
0	0
202	4161
99	234
128	644
459	464
178	507
2	1822
5	177
1	169
1	21
4	24
0	107
0	0
0	1822
0	0
0	1
0	2
0	2
0	2
0	0
0	0
0	0
0	3
0	0
1	0
0	3
16	378
7	363
16	117
4	87
0	382
0	224
0	84
2	183
3	43
0	0
0	110
0	5
3	156
0	144
0	0
11	0
10	69
2	1
0	41
21	18
1	7
29	1047
29	1026
1	18
0	2
20	15
5	22
0	173
1	4
0	744
30	0
0	0
0	0
0	0
0	0
0	0
0	0
2	507
0	46
3	511
56	4709
72	2939
2	4238
42	4758
0	4087
2	7
349	3169
0	804
0	5
13	103
2	3
21	13
2	193
5	62
0	4923
35	842
2	715
4	103
30	29
16	196
0	111
1	83
2	101
3	66
0	29
6	81
4705	1022
86	1020
3	1094
19	984
56	576
1	975
5	758
22	78
2	674
44	702
30	637
3	10
1	672
2750	368
98	366
28	2744
0	946
31	1900
4	13
0	1041
13	0
0	82
2	481
4	321
0	40
0	2487
87	3284
32	2388
2	2030
4	2564
88	2503
176	2522
1	821
0	352
1	104
4	120
0	91
0	0
29	3
4	134
0	127
0	2741
327	0
12	60
5	688
0	805
2	388
110	744
651	385
4	35
38	304
0	230
47	335
7	28
0	27
2	16
9	127
0	0
0	0
0	0
0	0
0	0
0	0
0	0
0	0
0	0
0	0
68	0
0	2
0	0
0	2
0	0
0	0
1	0
0	1
0	0
0	0
0	35
1	35
7	97
2	145
7	48
490	0
2	0
0	0
2	318
0	49
0	32
0	32
11	329
0	32
0	54
0	2
0	7
435	651
84	166
0	2
3	135
1	151
0	382
83	1032
76	1149
3	166
10	274
14	66
1169	2323
61	2293
1	32
1701	351
0	262
3	98
248	99
2	4
3	25
0	22
7	59
102	233
0	193
0	92
0	54
5	26
0	2
14	44
0	13
6	0
0	0
325	0
0	0
0	0
43	72
1	71
0	38
0	23
6	4
0	4
0	0
0	0
2153	2803
0	678
7	47
13	584
8	0
0	8
0	2131
7	1
0	6
11	70
0	43
0	37
0	43
0	43
0	5
0	325
62	404
1	360
0	149
0	62
2	0
1	61
0	1
0	61
0	0
81	2727
330	2002
1	1995
5	2102
0	1286
0	985
18	0
1	2603
0	562
13	511
1	290
1	181
17	12
8	12
0	4
0	4
0	2
0	0
0	0
5	450
6	427
6	27
5	29
1	5
0	1983
306	1760
0	1977
395	0
0	32
0	0
0	0
49	0
69	42
0	5
46	1632
0	1315
139	791
21	746
0	767
24	413
0	1698
541	0
1	0
0	0
0	1872
0	0
0	17
3088	4782
1216	2909
1	1959
4	16
53	2
1	0
13	0
0	0
10436	2701
23	621
39	1704
29	1167
296	551
0	365
0	174
0	202
0	268
25	396
0	0
0	180
37	12
0	0
0	0
0	0
0	0
349	0
0	0
0	0
1	2068
237	2046
1	1971
0	139
31	20
56	790
2	9
9	5
0	0
2	63
1	19
0	0
0	0
0	0
1	0
0	2
0	1
14	4147
16	826
1	561
202	892
2	0
13	3936
10	737
76	32
0	0
4	3
0	3
12	31
0	85
0	68
0	0
0	81
0	1
0	13
105	5606
22	5499
0	5168
15	222
209	2662
36	105
61	80
0	25
0	178
47	559
1	194
4	58
11	89
17	74
0	0
0	57
0	70
0	5680
0	0
1026	1156
4	1155
2	116
30	58
0	24
9	2
0	0
1	64
53	3324
8	41
1	105
14	3264
0	1
2	2844
1	3263
8	3263
15	246
12	178
6	57
0	0
0	0
17	0
0	9
0	9
918	1171
0	350
10	481
25	231
0	37
21	216
0	174
79	379
1	256
0	0
0	0
0	0
0	0
0	0
0	0
0	0
0	0
0	0
0	0
0	0
0	0
0	0
0	0
102	99
13	99
0	0
0	5
3	5
0	2
0	5
6	137
34	138
38	42
0	23
0	797
0	121
1	141
0	141
2	385
0	69
39	466
3	304
0	394
0	299
13	15
20	15
87	310
5	120
0	288
19	43
3	0
10	2
0	797
1222	965
9	965
0	0
0	0
0	0
0	0
0	0
0	0
51	336
0	334
1	253
111	10
18	220
114	328
4	160
17	64
53	25
5	47
164	60
20	4
65	2169
42	2164
14	63
0	0
0	0
0	0
0	0
0	0
0	0
2818	128
0	0
3	56
54	70
16	244
501	244
2519	2821
13	2820
0	11
15	848
3	323
0	185
6	23
2	128
61	112
36	113
0	7
1	11
1	15
1	13
22	780
31	1031
34	909
75	723
6	1031
2	45
0	0
3	78
0	24
58	205
0	4
13	177
0	142
678	270
0	79
0	47
14	112
0	312
0	247
196	315
0	255
0	185
3	145
10	16
2	0
1	1421
25	573
9	979
0	6
14	104
6	684
3	661
1	1
5	1193
614	1318
0	554
0	516
0	4074
0	3747
30	3507
55	902
5	88
0	235
27	14
23	1377
0	59
17	58
0	0
9	45
28	363
0	2608
106	3046
29	2795
0	3462
91	3265
21	21
3	276
30	3164
1	2
6	470
5	2262
15	220
0	3160
8	29
7	16
2	16
0	140
125	659
5	26
0	29
0	659
307	200
0	190
1	45
5	70
2	0
249	3861
0	3867
56	3881
1	0
19	155
1	21
0	0
50	105
4	1
0	105
0	0
4	0
389	2911
0	2167
14	336
2	383
1091	1124
0	3
0	252
0	6
28	206
3	170
0	23
3	287
0	18
7	23
11	24
0	3
1	0
0	0
223	155
0	123
3	200
18	112
0	145
0	108
2	4
0	4
1	5082
39	4738
0	293
48	8
2	3948
12	52
30	1450
1	158
16	154
446	814
5	54
0	812
0	500
3	210
1	5
0	5
0	5
0	4
0	5
18	1464
352	1507
4	44
0	13987
0	15363
0	14991
0	14116
0	15929
0	14553
0	15557
6	14785
0	334
1	442
17	9
12	524
213	2613
48	2064
884	3017
2	29
0	3017
0	427
0	0
76	681
5	178
123	480
12	454
130	2792
44	2792
3	4
10	5
0	2666
14	80
0	1710
61	1006
10	40
112	33
0	14
52	1642
0	1607
2	239
2	118
39	151
0	0
0	97
0	1
16	79
18	59
0	0
2	60
0	7
0	60
0	59
0	97
0	97
0	4
0	13
2	40
298	0
98	162
26	162
0	3548
0	3658
0	4096
18	4145
0	483
25	43
8	203
6	303
6	8
0	7
0	0
0	4141
0	3960
908	3317
2	1247
0	3022
43	1375
10	317
2	78
5	132
2	39
7	4
25	186
2	146
0	146
0	145
0	106
0	127
1	5
0	18
0	349
3	0
0	0
194	0
0	0
0	22
18	28
0	6
0	7
330	8
2	8
2	334
0	6
101	271
0	295
5	12
2	27
7	53
0	50
9	20
0	10
11	38
0	0
780	188
0	187
2	54
0	1
3	12
55	2105
23	585
33	1634
5	1454
17	761
1	1546
1	638
12	470
7	1426
0	2036
0	56
1246	2621
1	139
1	2454
10	33
40	588
35	1265
3	138
0	240
14	694
0	467
5	275
0	1309
0	154
0	274
124	1310
0	0
75	6
0	1
0	0
0	0
1	5
0	0
27	21
0	0
0	21
0	0
0	0
320	625
4	219
20	473
5	296
0	208
0	207
30	364
0	17
0	0
0	0
0	0
331	0
6434	11
777	170
24	70
79	66363
0	73512
102	68824
50	26730
0	7423
3	3548
39	1004
0	1992
0	3545
1	145
18	212
3	164
4	42
0	20
62	63
1	17
0	0
10	3
27	1
0	3
0	3
0	3
1117	1
0	0
0	0
25	2
226	4861
23	4132
0	1193
0	1945
2	1007
0	962
0	19
1	0
1	12
0	0
0	0
0	0
0	0
27116	1891
2	447
0	611
0	231
2	39
3	274
1	45
6	247
3	235
9	231
11	20
3	0
20	15
0	13
0	785
1	898
187	898
0	727
0	59
1	0
6	0
0	5092
527	5560
174	4149
313	3520
2	65
75	21
0	793
1	536
126	43
0	0
0	0
0	0
0	1
0	1
12	407
2	358
0	364
0	70
4	10
5	56
4	5
0	5
0	0
0	0
0	0
0	0
0	0
0	0
0	36
0	36
0	36
0	8
0	24
0	1
0	0
539	903
22	367
9	92
2	101
3	1
1798	1
1416	1
3516	287
3	9
4	274
527	238
10	236
0	24
0	0
0	0
0	0
40	157
67	788
4	241
10	38
36	1
0	11
22	796
1	15
321	123
0	15
0	1
0	85
1	52
66	120
6	120
2	0
0	0
0	0
3	0
0	0
0	0
39	3857
2	1012
0	3417
0	2460
33	338
0	40
7	585
0	68
60	1072
0	113
5	631
0	704
0	1
0	1
0	2
0	0
64	54
0	12
0	42
11	26
3	25
8	0
0	5
0	7
5	36
1	21
3	22
0	4
1606	0
472	472
19	472
12	1620
0	4
31	1660
0	41
17	268
1	4
6	75
7	1
138	2274
1	85
5	3
21	47
43	2277
3	5
2	105
0	2330
0	0
0	0
0	0
13	42
0	3720
10	1943
61	400
15	2953
1	2076
16	321
12	35
2	1545
12	726
8	1012
4865	43
7	0
0	0
0	0
64	370
3	364
38	150
11	0
3	6
0	0
3	362
71	362
42	1
23	0
0	0
3552	2037
5	236
143	1615
1	230
0	535
0	500
0	0
0	0
4	7
0	7
105	431
2	6
0	430
1	2
0	0
1	0
2	0
1	2
0	2
0	0
0	0
10	1133
1	21
0	1133
2	498
0	459
0	454
0	965
12	152
0	0
145	87
0	4
0	83
0	44
2180	1682
1	735
113	703
10	330
0	0
0	0
0	0
0	0
21	26
21	25
3	0
0	26
0	0
0	0
0	0
82	743
0	35
0	3
0	320
0	756
109	326
1	274
12	152
1	4
7	69
0	98
4	75
0	30
0	672
1	752
32	782
0	681
3	511
1	15
0	1
36	637
25	622
0	634
1	82
1	92
0	41
30	2
0	32
4	0
2755	253
57	70
7	4
13	37
77	21
115	211
6	134
1	18
0	76
2	21
1	15
0	20
4	8
0	2
0	77
6	43
3	52
0	52
1	42
0	19
4	0
0	2
0	0
12	138
0	124
5	32
0	90
0	51
0	381
17	321
1	20
0	421
0	11
321	91
0	7
0	84
100	12
33	12
0	0
0	2
0	0
0	2
0	2
0	2
0	0
3	0
864	124
2	43
1	0
2	99
0	0
249	7011
10	5186
80	5173
189	5177
0	761
3	1131
16	63
31	379
0	343
10	384
0	379
0	8
107	24
0	24
0	2
0	3
77	3592
151	3593
2	41
11	239
11	115
1	0
0	0
38	0
0	0
12	0
0	0
3	110
0	37
2	9
0	0
14	110
7	570
4	523
0	85
118	530
25	524
0	283
0	353
0	243
15	71
3	59
2	39
0	9
11	19
0	19
0	11
131	878
0	62
60	916
29	87
1	16
0	0
1	0
0	0
0	172
0	15
0	32
0	19
9	113
0	74
0	2
0	0
0	3
0	18
101	0
655	753
35	753
90	251
0	2
127	2967
13	2984
13	59
0	2
0	0
0	0
0	4
0	4
6	304
2508	551
0	255
0	85
0	0
0	0
0	0
0	0
3900	10603
0	694
9	659
213	9476
61	1
45	1778
8	469
2	1574
237	1686
12	10
0	7
0	1610
0	0
0	0
0	0
0	0
0	0
0	0
0	0
349	389
30	389
0	56
1	53
7	257
80	0
220	62
15	61
1200	753
0	400
9	554
0	5
0	253
3	184
88	125
26	3052
0	2153
5	857
76	564
2	45
11	0
15	0
0	0
0	3052
0	78
0	71
0	52
11	58
0	45
14	54
0	47
0	3
1	1
0	3
2	8
0	7
0	11
214	91
7	4
6	155
17	89
0	3
0	0
397	205
28	204
12	1
0	129
1	108
0	195
3	189
0	39
4	1
0	0
3	4
0	198
3	7
0	7
0	0
49	1143
4	109
79	10
0	1102
0	10
21	28
31	375
11	757
6	761
5	334
121	107
6	14
0	295
19	74
3	222
3	189
2	110
127	9
2	0
14	11
1	0
1	0
157	3524
192	2740
0	6
0	5
0	1555
145	81
0	20
0	12
1	44
0	36
0	3518
0	2387
0	45
0	303
0	303
0	5
0	5
1848	232
2	87
8	156
9	101
12	11
13	87
0	30
14	125
17	1430
0	1367
0	1
1	125
3	363
0	1325
1	375
0	236
2	63
211	1219
1	130
10	93
0	46
4	226
0	232
0	173
1	1110
0	137
0	299
4	393
25	170
4	1
9	36
3	35
6	85
5	152
1	0
3	1370
1	561
19	3140
153	3875
5	166
12	95
1971	4225
7	103
5	41
19	2903
20	1481
5	1074
8	2168
0	2114
4	3425
8	318
0	1109
0	4
2	68
128	3128
4	46
3	64
0	30
15	258
20	217
1	122
0	117
0	80
16	74
2	188
0	103
0	101
0	101
45	1039
5	872
169	737
0	1
0	617
2	224
26	492
7	129
3	547
0	0
0	5
3	57
6	72
0	73
183	4389
47	4859
3	3124
0	3094
0	268
0	0
0	0
0	0
0	0
0	463
0	563
1	525
0	368
0	355
0	488
9	55
1	389
8	338
3	359
0	357
20	1758
7	18
146	1758
2	1
35	121
0	0
0	0
3	3
0	3
16	260
0	185
3	71
0	75
4	0
0	0
413	743
27	573
15	636
6	0
0	0
0	0
0	0
136	177
4	71
4	18
0	1
0	123
0	101
4	0
161	728
0	7
0	627
16	620
2	8
0	2594
132	6822
12	6905
179	6863
36	3298
0	2056
15	2016
15	533
19	20
0	18
11	35
0	33
0	0
0	0
0	3304
0	15
11	177
0	83
255	178
0	178
0	0
0	0
1	0
0	0
0	0
695	0
2	768
504	1638
3	611
8	603
288	0
0	0
0	0
0	90
660	263
0	61
0	7
5	97
1	73
0	2
2	1
0	623
0	478
12	38
0	528
0	358
0	90
0	112
0	1
2	35
5	19
0	0
0	0
0	0
0	0
4	449
43	443
13	449
8195	371
13	366
4302	14314
166	2
51	14312
0	174
0	0
0	0
0	0
0	0
0	0
0	0
0	108
2	97
10	102
1	11
5	2
0	114
0	2
0	3
0	13
2	6
5	0
538	2406
1	38
1	43
0	2406
119	0
26	2591
0	2429
0	78
62	2591
26	1520
0	1545
2	1545
3	1249
2	1170
0	764
2	3
9	0
4	115
5	1578
0	0
135	577
33	575
70	349
13	25
0	124
2423	534
301	530
0	43
3524	6488
4	5534
0	7904
131	4857
0	4922
56	248
0	3336
12	8198
0	0
0	0
305	778
7	57
11	647
48	9
12	0
1	2
7	244
1	0
60	0
0	0
0	0
0	76
17	73
0	5
7	29
0	39
0	12
0	6
0	0
0	0
625	1166
152	107
6	0
0	1128
0	8
0	547
35	1388
52	1381
0	548
2	539
316	1119
40	1412
0	1414
0	596
0	0
0	0
0	0
21	192
1	157
3	75
12	96
153	33
24	0
3	1117
58	6
0	6
0	0
0	0
29	5
0	0
0	5
6	154
225	2766
7	7
425	2771
11	2781
0	2
0	2
0	0
0	0
0	0
1	5
3	5
0	5
2	1
0	0
0	0
98	62
0	0
0	62
0	12
0	723
5	1124
855	1937
3	400
12	1488
0	125
3	356
0	45
0	33
36	21
0	5
0	3
0	1
3	0
0	549
1	551
50	181
75	268
40	257
1	75
7	33
0	33
1	328
3	14
6	245
13	260
12	7
4	82
0	65
34	21
51	3
32	10
0	0
0	0
2	115
16	2189
3	1262
4	1668
9	2104
2	202
3	10
985	20
0	20
3	283
9	2016
0	54
0	19
12	622
0	1485
95	1253
0	453
0	233
14	36
0	464
1	284
0	339
0	159
1587	818
3	818
70	766
5	784
14	632
0	65
27	0
1	435
1	59
31	5789
3	6369
173	5346
0	138
0	5123
12	5
4	2
0	0
947	1
9	234
2	244
0	165
6	149
0	40
14	405
0	517
0	537
14	67
2	0
0	489
0	0
2495	1008
0	1006
0	112
4826	2299
2	2297
23	2
3	0
6	1904
51	1904
22	114
0	148
0	262
11	1
7	0
0	1903
305	3306
0	3008
7	328
10	185
10	185
6	77
0	38
27	484
1	1086
0	1218
8	656
1	255
7	539
23	142
6	0
0	4
0	4
1	2
0	0
0	0
0	0
0	0
0	0
0	0
0	0
0	0
0	0
0	0
0	5
1	5
0	0
1	0
17	0
0	74
14	884
3	751
0	30
30	289
0	0
0	0
0	20
467	2026
194	1356
1	0
1	5
3	1981
0	1
0	28
1	0
4	0
0	1994
0	0
0	0
1	1
0	1
0	1
0	1
0	0
634	3531
8	3531
7	1990
0	507
0	146
0	0
0	0
233	327
13	327
0	0
2	5
0	8
0	4
0	8
1	8
0	3
0	3
0	3
0	3
0	3
0	0
0	4
0	4
0	0
0	0
0	0
0	0
0	0
0	0
4105	1315
0	515
0	28
0	122
25	109
6	84
9	317
47	22
0	174
0	0
0	0
0	0
59	1212
3	1212
0	917
0	2
0	2
0	0
0	2
0	2
319	279
30	208
3	143
4	208
7	135
0	5
1	0
158	214
0	1
9	214
0	0
0	0
0	15
14	101
0	0
1	14
0	14
0	4
0	0
3	70
85	929
67	2019
0	106
13	139
0	2015
19	176
7	1897
0	2040
0	814
2	159
0	193
43	42
1	0
0	42
1	19
0	19
0	0
2	0
2	38
0	38
2	1
1	0
0	0
31	211
21	215
7	24
1	1
0	11
1	6
3	25
0	9
0	3
1	33
0	45
694	331
9	159
4	172
0	6
0	6
0	0
0	1
0	6
22	1656
12	0
0	13
0	497
0	0
0	271
1	86
180	1526
0	0
0	0
257	8003
0	1061
0	215
0	380
11	2255
1	28
0	358
36	53
9	844
130	7957
4	130
15	144
0	34
3	5
0	5
1	0
2	24
23	39
0	15
0	19
0	3
368	266
3	266
0	83
0	0
0	0
0	0
0	0
0	0
27	154
158	204
24	50
116	2122
51	351
0	267
28	1832
2	134
17	4
14	4
11	193
66	68
0	772
3	8
20	0
0	2
0	2
0	1372
13	1334
232	796
28	724
0	531
0	85
0	0
51	655
0	17
9	152
0	484
0	0
0	77
12	5
0	154
2	13
0	19
1	28
1	89
10	89
2	3
10	487
3	480
2	49
1257	943
6	879
0	943
13	596
2	95
2	42
4887	11
0	0
36	9
0	0
0	0
0	0
0	1
0	0
0	0
0	0
0	1
971	667
4	1
3	18
0	651
11	85
3	0
156	0
0	194
0	192
0	194
0	10
1	8
20	2
5	4
0	217
0	219
16	364
0	0
0	1
0	0
0	0
1	0
6	10
0	10
0	5
0	5
0	0
0	1
1679	547
2	475
4	1
0	78
16	72
38	0
1	3
0	3
0	3
38	3265
8	2740
4	613
928	1739
15	1091
0	664
0	554
15	0
5	1030
0	64
0	575
0	50
0	155
984	978
99	4075
23	4256
2	122
23	4
18	4256
3	44
0	44
47	6
0	0
2	6
1	639
2	171
2	11
4	129
0	259
273	17402
205	17427
0	4193
38	240
311	1581
3	49
9	293
10	1305
2	140
0	0
0	33
6	0
2	56
498	508
9	388
2	89
7	89
4580	5
0	419
44	58
7	7
245	811
0	789
27	53
9	330
169	1224
0	1224
8	919
529	1509
1	104
0	1252
0	1236
3	90
0	858
2	104
0	1624
1	1298
3	792
0	775
2685	851
4	822
21	25
6651	15072
15	15066
20	159
17	3904
0	0
252	59
0	7
0	7
1	43
0	0
0	0
29	235
0	109
6	2
0	144
0	18
0	44
0	0
1213	36
3	35
2	0
39	2769
9	2699
20	377
0	354
20	367
19	414
3	258
4	183
1	43
1	646
0	646
0	242
28	217
9	144
0	0
0	2656
0	0
26	333
364	382
4	1
9	0
1	174
0	9
33	0
0	0
0	0
0	0
0	0
0	0
0	2
0	2
0	2
87	8016
26	7640
126	7613
0	927
481	1
0	0
0	0
131	772
1	0
0	0
253	257
4	6
0	38
1	169
4	167
0	127
2	89
4	55
0	48
3	102
4	0
55	124
0	32
0	60
0	47
0	15
0	73
0	0
0	4
19	132
2	132
0	0
15	228
22	228
12	12
1	37
6	3
3	0
1	0
27	710
5	55
5	643
40	627
0	69
21	7
6	88
0	5
7	1107
0	20
2	34
0	30
0	1
0	1
4	4
0	743
0	598
0	12
0	35
41	14
0	39
2	477
0	58
0	1106
0	0
0	0
0	0
1074	1086
0	3
0	1
91	982
33	697
51	691
76	126
0	126
1	16
5	44
0	34
0	0
1711	212
30	208
1467	1712
5	1685
3	370
47	2
6	2
0	0
2056	5924
0	5922
0	4
0	96
14	96
1	96
1	379
32	459
8	179
1	16
150	60
0	43
0	60
0	8
0	0
0	8
1279	41
7	1
4	38
0	72
30	77
1	0
0	12
11	33
0	11
10	0
1	0
1	125
0	71
3	0
0	125
0	207
2	242
6	159
0	0
30	12
0	0
29	15
762	24069
116	2441
764	23702
9	0
4	0
0	0
0	0
0	0
0	0
0	0
819	0
208	3669
0	147
0	237
2	288
0	1926
1	0
2	289
0	752
5	220
0	683
10	622
0	0
0	0
4	1460
0	1518
4	65
0	0
7	218
1	218
0	12
208	0
661	3053
1	599
119	2939
1	286
0	287
5	286
48	1233
4	0
0	0
0	0
1543	393
0	79
0	449
2	16
14	0
42	0
0	99
0	449
36	675
16	14
5	620
0	0
5	642
1	607
2	16
17	0
0	101
1	488
0	167
48	310
10	310
0	0
0	0
0	0
0	0
0	0
0	2
0	2
47	2262
24	2245
2	21
4	43
1	36
0	110
135	4113
137	1993
59	972
141	769
9	1337
0	1314
804	165
6	69
13	131
0	0
0	0
161	1543
1	72
2	1440
1	68
0	5
5	23
5	8
48	336
8	3
3	194
108	867
39	867
0	0
11	92
0	0
0	0
0	0
35	16
6	588
759	18232
32	17717
0	713
0	151
0	19
50	8
376	2961
406	5329
56	356
754	206
519	1519
45	1484
0	1203
5	148
5	13
4	209
0	81
0	0
0	0
0	291
0	279
0	116
0	91
0	69
0	35
0	47
0	0
201	1132
0	1111
0	203
4	21
0	20
0	0
78	412
64	332
1	441
12	0
0	536
0	607
0	759
0	556
1	256
8	30
0	0
33	265
18	50
0	201
1	185
17	5
0	180
0	0
0	0
40	56
91	128
0	96
160	24
11	0
0	0
0	0
6468	605
4	601
0	111
0	3
0	2
1	2
0	1
0	21
10	23
0	2
58	1481
17	286
2	1477
23	213
0	44
48	295
1	295
5	98
1	295
7	1848
1	1602
38	1734
0	1717
0	1724
14	1602
12	1504
11	1481
3	147
0	897
3	68
0	620
51	283
0	170
0	182
0	149
19	102
0	2
2732	4611
5	697
96	4302
7	1
0	655
0	878
1	85
42	0
62	1079
7	1079
5	675
209	505
3	187
0	1
0	5
0	0
26	105
4	61
8	108
29	0
26	60
2	47
30	145
1	51
0	50
0	46
0	44
0	45
0	24
0	10
0	7
0	4
1	0
0	124
22	716
22	883
0	88
0	294
0	143
0	102
0	107
0	26
3	155
0	1
0	732
1504	0
0	0
0	0
0	0
4	4
0	3
0	0
0	0
0	0
0	0
0	2
0	2
0	0
212	445
0	447
0	206
0	6
0	0
0	5
0	0
0	0
562	10635
0	1902
0	1
5	322
80	10635
1	1370
659	2259
1	2
694	1671
6	1667
5	1466
3	143
0	0
0	0
120	1316
119	1344
2	416
381	543
1	541
0	0
0	20
0	394
0	404
0	394
0	347
6	57
318	716
1	697
2	0
0	32
0	21
0	1
0	1
0	108
0	159
0	94
0	13
0	0
0	0
909	46
15	46
48	49
0	36
0	13
2	3
716	98
0	98
0	3
0	0
0	0
0	8
0	8
1521	12216
123	10631
16	1518
61	1620
578	0
251	1687
11	1687
1	3
10	217
1	104
9	24
0	0
0	0
0	0
0	0
0	0
0	0
139	28
0	28
0	0
0	0
37	3106
8	3335
7	374
8	282
57	514
43	193
22	410
84	1726
0	1570
0	0
0	297
0	829
0	0
0	0
0	0
0	0
0	0
0	0
0	0
0	0
0	0
0	0
6	288
490	1603
8	9
51	529
10	332
8	23
2	6
173	11
1	1603
111	364
2	177
0	117
9	45
19	38
0	3
122	1
0	0
2	4367
120	4197
12	3202
51	14
2	67
6	163
21	548
0	257
0	374
2	165
7	9
1	9
0	0
0	0
0	0
828	2627
0	1300
0	1385
23	320
16	368
2	42
0	351
17	37
3	24
47	47
9	23
7	0
0	18
0	0
0	18
23007	4016
109	747
0	3115
0	3251
2	181
22	139
0	2
0	35
14	220
5	1624
57	1751
3	61
23	1667
11	1
17	9934
2282	9933
84	11913
0	10260
51	70
115	1113
0	576
0	88
9	66
34	16
7	8
12	1
41	1
0	11978
0	81
0	209
10	232
0	113
210	266
1	0
1	0
1143	1627
2	245
26	512
0	1533
0	269
165	618
0	0
40	861
1	23
10	408
0	34
0	0
94	6857
3	2644
636	6256
380	903
613	3035
7	798
5	11
22	1085
0	392
0	124
6	77
327	183
0	124
140	1
0	1
0	0
2	0
0	0
0	0
0	0
0	0
5	27
20	394
0	75
3739	793
0	3
0	0
0	45
0	78
0	15
2	126
1	0
2	1
0	41
3	5
0	150
1	0
3355	561
20	413
8	225
2	160
2	3
0	767
1	797
1	555
4	460
3	29
0	15
0	0
21	77
0	77
0	77
352	0
34	0
18	2083
0	1009
58	399
171	352
0	127
2	230
25	226
5	67
19	0
0	2140
0	2
0	2
0	2
142	6
1	5
0	1
0	0
1806	1
32	0
3627	774
1	834
118	365
1	181
7	181
6	3
0	0
2	0
140	957
2	361
0	162
0	603
0	72
0	0
0	42
0	446
0	30
0	9
0	20
0	91
0	91
0	866
0	0
0	0
0	0
2	245
0	245
81	220
4	1187
0	91
0	21
0	1066
0	801
2	167
0	0
18	557
0	550
2	554
16	539
15	476
10	528
0	532
4	24
0	15
1	126
0	120
0	9
0	17
0	9
82	1342
8	13
0	6
12	0
0	0
0	0
1364	0
0	0
106	710
0	98
29	710
10342	725
2	190
171	7538
0	7700
4	248
20	1158
28	24
1	2269
0	7322
1045	430
4	430
0	0
62	56
3	54
0	3
0	0
0	48
29	122
0	48
0	95
0	5
0	19
0	12
0	24
0	0
0	2
0	10
0	6
0	5
0	0
30	3106
0	2745
142	1625
160	16
13	16
218	1135
7	469
0	1135
8	81
0	81
0	20
0	11
0	0
0	0
0	0
0	0
0	0
0	0
65	178
0	138
0	166
0	6
248	3866
40	2900
10	1226
28	157
9	236
5	32
1	7626
237	7638
101	7376
0	4890
21	965
35	435
10	680
2	399
0	136
5	351
2	245
68	4331
5	367
0	596
5	54
1	99
2	100
0	56
0	9
0	0
0	0
2	44
9	44
1470	1094
0	355
0	440
0	243
0	649
2	131
3	210
0	192
64	0
29	509
0	115
1	116
1	113
3	71
0	99
0	86
0	0
4417	41
24	1
4	38
0	6
58	338
324	338
0	135
0	0
0	0
0	0
462	1497
89	1497
0	0
0	0
0	0
0	0
0	0
36	25
0	16
0	19
0	0
1809	489
0	98
3	139
2	283
320	177
13	177
2	42
693	37
3	2
1	52
9	0
0	23
122	2552
4	2635
46	3562
9	3250
0	76
334	1118
0	188
0	46
9	17
0	0
0	0
0	0
0	0
0	87
111	833
102	1275
1	198
14	790
2	429
0	564
22	432
116	37
2	37
0	3
0	0
11	827
126	1265
46	832
0	825
175	49
97	278
20	264
0	2
68	190
0	146
97	567
0	69
0	203
0	110
0	0
0	79
0	83
0	83
0	335
25	108
418	2183
3	141
3	0
0	2023
7	645
0	1569
1	1570
4	0
20	1
0	1
0	1
0	0
0	0
0	0
0	0
0	0
121	0
0	0
66	234
0	234
0	0
0	0
599	0
4	0
272	654
11	176
0	580
0	15
0	5
53	4929
53	4294
2	238
0	71
0	1339
8	2033
15	1752
31	1885
14	1596
12	104
1	46
5	128
0	244
6	2
0	5
12	158
1	60
6	4
1539	4609
57	11
1	8
1	2092
9	1145
13	0
0	0
371	31
2	31
0	0
1117	819
4	91
8	728
18	645
10	172
194	3092
0	3172
0	0
0	0
0	0
10	292
10	982
0	982
0	7
91	2952
0	379
0	2520
42	594
20	246
13	4
10	68
41	173
0	4
0	28
3	157
0	0
0	0
0	0
372	660
0	55
5	595
1	113
0	16
0	10
0	0
0	0
0	0
3072	602
1	0
240	368
10	511
0	369
271	755
3	206
1	418
1	118
4	197
25	213
4	241
0	0
0	0
0	0
0	0
0	0
1023	4924
0	20
25	774
253	5140
23	3437
511	4826
208	1903
4	0
34	467
2	12
8	25
1	64
13	19
9	0
5	9
7	9
0	9
0	0
0	0
335	984
3	0
1	983
0	61
0	721
0	0
3	149
4	268
0	50
0	0
0	0
0	62
0	62
466	391
9	271
0	198
1	129
10	94
1093	2671
104	1621
3	1115
0	0
4	7
0	7
0	0
21	89
2742	1604
145	558
0	1565
58	34
1	207
34	243
9	211
55	250
9	1281
1	1252
31	994
20	310
1	533
45	108
10	62
0	0
0	6025
79	22226
1	22844
3	6609
1	369
1192	245
0	0
22	198
25	576
17	126
162	938
1	395
59	66
112	56
26	4589
2172	5013
0	762
0	201
27	39
1	8
32	3063
649	618
1	0
53	564
0	556
0	618
85	565
201	980
23	640
0	879
11	573
886	704
2	410
0	8
0	263
0	140
4	22
1058	490
100	404
8	82
0	0
0	2
12	7
0	17
2	43
84	1788
1	4
0	3
1	20
0	0
7	70
3	27
5	128
1	22
0	31
3	39
23	1913
17	73
4	1
0	0
2	1
293	728
4	321
11	364
45	306
3	377
5	58
1	8
34	8
605	0
0	51
51	65
0	37
0	55
1837	2
6	856
19	860
5	856
0	800
2	77
0	28
11	91
128	0
0	0
54	452
8	210
25	865
0	9
0	9
0	566
3056	2974
0	1624
0	636
1	373
3	0
2	0
1	0
0	0
0	0
0	0
0	0
1	0
0	0
1	519
0	5866
28	5483
0	3468
2	356
478	691
16	295
0	209
4	415
0	129
0	773
6	331
9	265
0	4992
0	5428
0	5204
0	4695
4	17
4	45
0	66
1	10
0	26
24	93
17	431
4	78
5	2
1	2
0	388
779	13920
13102	31238
15	6590
67	2007
25	9582
0	0
0	28
0	23
0	27
0	0
45	0
1	0
0	0
10	0
20	876
9	64
5	255
25	871
64	879
0	744
0	0
0	0
0	0
290	923
7	843
0	0
0	0
494	0
0	0
66	3930
4	1158
3	1220
0	55
35	382
33	1577
9	728
5	33
5	191
9	6
1	3
0	64
1	8
12	12
6	0
0	3918
5166	4740
6	723
0	1691
22	267
0	10
0	283
6	1268
14	1759
45	1
0	1507
368	319
0	319
11	146
0	0
72	378
1	378
0	0
1213	537
0	535
0	0
0	129
0	0
1	0
0	0
0	1
0	0
368	5505
317	5448
19	1000
0	304
0	0
334	286
40	287
0	140
1	174
1	95
1	33
2917	2728
0	857
0	1932
1	1970
10	6
1	6
473	606
5	540
0	171
16	188
0	44
0	0
0	0
21	605
1361	607
19	0
0	0
0	0
0	0
0	448
2515	721
16	13
2	130
32	130
13	23
29	85
0	20
1	25
0	92
2	63
0	0
0	0
9	79
1	243
0	297
0	309
0	297
0	269
69	309
86	291
320	152
4	155
39	155
0	12
0	742
26	712
81	475
0	441
1	193
2	2
1	176
0	323
0	2
9	54
31	22
37	228
2	9
12	16
0	96
0	215
18	961
0	1635
0	109
45	402
171	1251
0	32
1	1
47	591
5	351
0	10
25	69
0	0
374	55
10	35
5	11
0	8
0	0
0	0
3189	797
11	793
2	3
58	908
37	7384
17	7801
0	3824
101	4529
0	6160
0	6159
0	11
25	744
1	0
0	273
1	123
2	55
1	0
0	0
14	2046
3	288
12	5060
1	4421
0	2922
0	452
3	218
5	46
0	793
24	5
0	5
1	0
0	0
0	0
0	0
0	0
0	0
0	0
0	0
35	3054
4221	3359
0	0
9	2767
246	3035
5	11
21	130
0	2698
1	38
0	192
100	1629
99	1629
3	40
1996	209
0	208
6	5588
1	6276
77	5855
11	534
13	405
9	10
0	65
1027	1
6	0
0	0
1	0
643	1049
0	959
0	7
0	90
5	69
51	124
8	124
4	879
0	706
2	360
1	960
0	0
235	5793
23	2643
1	512
0	50
24	441
3	5434
0	374
5	1997
18	1569
3	19
537	547
0	539
9	206
207	2
1	2
27	0
2	353
124	84
1	76
15	339
5	1
12	464
62	3883
35	2656
62	2762
1	3055
12	2987
3	2774
0	2127
0	106
0	20
0	5
4	110
1	101
2	109
9	113
0	26
0	21
0	129
3	123
0	8
1	37
0	29
0	3
0	92
0	92
156	312
16	312
2	206
59	206
2	12304
1	2679
0	1783
33	1792
33	1600
2	10734
0	514
119	2237
2744	2263
0	0
2	1399
0	7
0	7
0	0
0	0
1	1
0	7
6	1236
1	166
0	1144
13	919
7	823
0	1111
0	86
0	965
0	0
0	0
0	0
0	0
0	0
0	0
0	0
0	0
813	700
8	700
241	48
0	48
0	0
152	191
1	191
392	855
32	274
5	91
2	82
1	254
0	32
0	48
6	28
0	276
0	0
0	0
0	0
0	362
10	587
0	41
30	318
1	0
2	11
0	7
5	10
3	0
0	578
0	361
13	2394
4	2612
0	67
0	1923
1	147
4	125
0	509
3	161
0	200
15	3
88	379
0	95
2	0
0	75
167	380
0	18
0	380
3	1518
6	1379
10	197
16	110
10	162
7	72
5	15
0	1518
1436	1249
97	1249
1	3
1	19
4	0
0	1
1	189
6	233
7	165
9	177
127	37
0	55
0	42
0	9
0	97
6	70
10	40
3	57
16	627
101	593
0	103
9	0
3	17
0	48
0	0
922	3735
121	3892
13	1537
1	1270
1	3
0	135
0	1233
1163	542
1	119
31	298
23	0
7	73
0	169
4	906
284	868
2	67
83	161
0	814
0	56
0	178
0	0
2	55
14	55
112	0
321	1121
43	1124
2	4
0	3
1	5
409	76
7	67
0	7
346	18
0	1
0	17
0	0
1116	3070
791	3071
13	2744
611	739
26	535
0	136
7	3
0	201
14	237
5	591
4	529
0	154
0	187
24	707
0	1
173	36
0	0
0	36
0	0
0	0
0	0
0	0
0	0
0	0
351	1237
1465	1164
23	250
0	144
28	1182
0	278
11	637
22	1174
0	550
0	233
234	328
3	328
0	72
19204	8
0	0
0	0
380	276
3	163
0	22
1	29
4	84
1	28
0	0
278	0
779	12510
0	4601
112	73
1	902
9	2247
102	1477
8	29
9	1391
6	10894
0	2781
36	28
0	5253
316	4928
3	98
13	375
13	527
14	329
0	182
3	35
484	5255
0	0
0	0
0	0
61	14
0	14
0	11
0	966
0	21
32	117
2	142
5	965
28	984
99	1091
1	68
0	62
24	25
1	885
19	24
0	110
0	135
0	59
0	247
6	89
0	127
81	425
0	97
0	238
0	964
1248	1138
51	1
5	1133
3	54
21	201
46	2
0	0
0	0
0	0
0	0
0	0
0	0
0	0
125	2667
2	2143
34	2714
15	218
2	54
2009	447
0	393
0	2
1	72
5	43
204	0
0	1
0	0
0	0
60	388
1	388
0	0
4	0
0	0
0	0
0	0
63	95
10	0
0	0
0	0
271	9
0	9
3	0
26	95
0	0
0	0
1280	114
5	0
2	114
0	0
0	0
0	0
0	0
15	0
0	0
2046	422
0	0
8	422
0	203
0	5
12	87
17	5
36	172
62	172
0	29
0	1418
0	1423
0	2756
6	2
19	70
36	480
1	15
0	2756
725	4725
1	4725
0	1004
0	1000
29	317
3	469
6	211
18	114
8	124
671	26
2	26
44	0
1259	1109
0	389
63	823
231	429
21	300
84	252
9	134
0	332
4	610
1062	801
5	545
0	280
0	144
1	16
0	10
1	3
4	11
0	0
0	0
0	0
413	5954
20	5723
0	341
0	459
0	312
93	46
0	46
0	38
0	23
5	23
0	8
0	6
0	0
0	0
0	0
0	0
1	135
2241	224
60	47
8	40
0	0
0	0
0	94
18	94
3	94
0	2
2	189
0	92
41	194
0	1
0	118
2	6
8	0
73	1101
0	269
219	1090
0	0
0	0
3863	3
2	184
0	162
2	168
0	0
0	0
1	0
0	0
0	0
0	0
0	0
107	0
0	0
0	0
0	0
0	0
0	320
426	472
6	103
0	155
1	16
6	75
1	63
0	35
8	0
0	152
4	0
0	0
0	2967
2	2895
43	2460
16	2227
0	1843
24	171
0	359
0	36
0	1
0	70
3	147
20	7
0	2889
251	101
4	101
11	0
13	5017
172	5017
0	0
0	0
0	0
0	0
0	0
0	0
0	0
0	0
0	0
0	0
11	245
28	378
0	165
2	140
0	369
0	379
0	217
39	219
0	33
2	2
8	21
0	20
7159	30
5	10
8	51
4	0
17	51
0	4
0	5
0	46
0	0
0	0
0	0
0	0
0	0
0	0
0	0
76	4
69	644
6	654
7	655
0	113
0	3140
0	2325
9	1247
37	1218
0	2774
0	579
0	0
81	1530
0	1431
41	864
18	1
36	29
3	939
1	220
0	245
11	29
11	24
3760	1129
49	964
15	963
0	297
0	634
18	835
1	847
0	0
0	0
0	0
769	0
522	6
1	6
1	0
4	0
2	5
14	5
50	922
32	922
4	25
551	25
2	2
2	216
486	805
1	590
5	61
0	0
0	0
0	0
0	0
0	0
0	0
49	3
1	3
1	0
0	0
1542	0
19	1893
36	1893
56	572
3	0
8	136
0	30
0	136
8	263
294	264
23	14
0	14
6	4
0	4
0	0
0	711
0	1002
0	128
0	109
0	1390
0	1174
39	6
90	68
0	793
634	793
0	2
0	2
2657	3733
12	18
1	1313
8	2693
0	0
25	117
0	100
0	58
0	38
37	372
192	423
0	407
468	406
0	26
0	49
2	44
2	9
0	0
0	0
0	0
153	859
497	748
4	671
0	77
0	0
0	0
2	0
1111	2
601	789
3	574
0	0
1	218
0	121
7426	10
1	0
0	0
47	7
4	1
0	6
0	645
80	747
8	646
0	747
0	140
35	92
0	4
1	4
0	3
0	1
2	1
0	0
0	1
0	1
7	0
14	88
27	3
17	3
1	5
173	21
28	0
0	15
0	14
0	88
0	0
8	21
0	0
0	21
0	7
17	17
39	101
1	14
0	19
4	85
0	74
0	83
0	72
8	1
0	0
6	68
0	0
2	0
0	0
0	0
0	0
0	0
0	23
0	23
15	22
6	5
0	32
0	0
1	0
15	21
0	2
0	3
0	21
1	11
15	161
3	201
0	193
0	133
0	26
7	17
0	2
0	36
2	581
15	62
0	421
17	2
6	24
16	0
2	86
3	185
0	25
0	87
1	37
0	581
584	1232
13	0
0	211
0	96
28	988
57	212
2	30
1	162
0	45
22	73
429	129
0	5
0	5
0	0
7	63
65	70
5	26
0	316
0	957
13	263
8	710
0	910
0	90
0	93
0	85
0	54
0	17
53	3
0	11
0	20
2	0
19	38
0	11
0	28
0	5
0	7
1	0
24	0
227	881
2275	12254
12	11372
5	45
0	0
117	9836
20	648
14	2
0	5016
82	4877
26	0
458	1454
26	1013
58	634
20	831
0	855
0	733
0	142
5	714
6	732
16	761
2	0
0	855
0	0
0	0
0	0
4	64
20	64
5	0
0	0
0	58
1	96
15	96
2	20
0	37
1	17
5	19
3	29
0	40
0	0
0	1
0	0
0	0
0	0
0	268
0	0
0	186
0	275
0	289
3	44
0	24
0	43
0	6
0	6
0	6
1	3
0	2
0	4
1	5
469	538
2	101
0	60
2	437
0	0
32	0
0	0
173	576
9	166
19	79
18	156
15	36
1	30
0	23
3	216
881	1311
79	388
0	98
41	79
0	0
2	0
0	1064
0	674
10	2301
0	15
0	91
18	105
2	193
0	2311
1	1
0	1
0	1
0	0
31	0
0	0
0	0
454	904
0	59
3	845
4	31
0	557
0	371
9	557
0	0
0	1
0	0
0	634
2	266
0	523
42	618
22	391
144	671
72	225
1	203
19	293
0	24
0	29
0	30
69	12
28	11
851	188
0	167
3	56
0	64
8	8
0	8
14	1687
193	5684
4	4954
18	808
32	312
1	0
1632	68
0	68
0	5186
0	1694
0	542
0	540
0	5186
1135	1120
0	804
4	192
87	699
0	483
19	3
0	285
0	343
0	46
2	143
3	49
10	0
0	0
0	0
0	0
161	8
0	8
0	1
0	15
0	0
1099	295
28	120
2	47
8	136
39	39
7	25
2	18
0	18
2	16
0	20
0	21
0	0
0	0
0	1
149	0
2	0
263	193
84	192
2	1
0	17
0	0
0	0
0	0
0	0
0	0
0	0
0	0
2	23
2	23
271	1389
9	1211
2	137
2	241
0	3
27	0
0	0
0	0
609	528
2	513
0	493
1	54
0	176
0	18
5	23
0	2
0	16
0	19
4	0
629	37
1	25
2	12
0	0
0	3
0	2
0	2
0	0
0	1718
4	1692
0	1715
176	1688
5	65
0	1
1	1
1	0
0	0
0	0
0	0
0	0
0	0
0	2
0	2
0	0
0	0
15	33
132	253
0	145
0	0
0	13
0	143
0	8
0	0
0	105
326	247
0	92
0	19
0	66
0	0
0	0
0	0
454	2406
330	917
7	331
234	407
1	125
0	80
0	127
3	40
461	40
0	0
3	608
32	134
0	573
0	116
90	506
0	560
0	108
10	130
92	573
419	128
0	128
0	0
0	0
0	0
0	0
0	0
0	0
0	0
0	8
1	8
0	7
0	0
0	1324
68	1370
0	101
3	103
0	45
0	250
1415	779
0	372
0	43
14	136
0	496
1	408
1	579
0	414
1	0
0	0
30	371
39	371
4	372
0	12
32	6713
0	1
0	37
0	6635
2	0
0	6668
0	4126
18	3853
11	48
32	4160
0	6568
0	4278
1	6552
0	0
849	34179
37	32073
204	32264
0	35151
0	33190
89	33097
0	33651
282	14779
12	25848
20	1945
74	4743
81	28118
1	4492
1	1596
0	8694
11	2274
3	2256
0	0
317	775
22	430
0	248
2	70
3	16
0	127
8	179
6	88
0	0
0	0
0	0
17	78
0	75
0	10
11	13
1	0
1	4
0	6
0	0
0	1
0	0
0	0
0	1
0	1
4227	4974
3	607
142	0
4	1956
3	33
0	872
2	99
10	973
0	0
0	0
0	0
0	0
28	78
0	75
0	0
0	3
2808	2001
0	1448
11	1732
1	511
982	491
5	407
17	3
0	30
0	54
39	54
4	40
0	1
0	0
0	0
0	0
7	1191
70	1230
16	1260
3	1252
259	1079
309	70
2	82
2	358
0	379
43	191
10	60
45	99
2	9
0	0
0	0
0	0
84	738
16	738
2	1179
32	90
752	3262
25	1551
17	215
147	1812
0	46
15	113
354	1512
1	251
19	214
6	2381
6192	3267
1	2674
0	1
3	1573
8	2120
12	1892
1	2059
62	2275
0	1659
3	1617
0	28
4	264
16	1652
10	1147
23	1377
30	395
63	248
23	84
373	719
38	722
0	685
0	12
55	1
0	0
9	708
345	709
421	275
3	272
0	248
0	29
0	11
0	0
0	0
0	0
0	2
253	308
14	308
2	7
21	214
0	1
0	1
0	1
0	1
0	1
0	0
0	0
0	0
0	0
0	0
39	6189
1	979
1107	7078
122	375
24	41
38	350
21	258
3	572
0	0
2100	57
29	49
0	5
3	12
0	1
0	1
0	1
0	0
0	0
0	0
0	0
0	1
1	6
0	6
0	1
0	2
849	381
2	19
1	99
2	6
23	149
6	130
4	13
3	24
0	6
0	0
1	1286
6	346
21	404
2	2920
28	1377
199	36
0	2920
0	0
0	0
0	0
2	939
44	939
1	70
0	0
0	924
0	0
1064	698
6	698
2	4
0	98
1	102
26	8159
0	5858
3	3541
0	3078
0	1803
0	2201
4	1450
134	2357
0	2363
0	2072
90	1629
1	480
0	883
35	604
0	3
49	451
23	271
0	122
4	106
4	65
6	73
0	67
1	0
2	2
1	0
1	9326
0	8987
0	8080
0	1
0	0
0	0
0	1
2076	838
0	57
0	73
0	582
2	830
251	17
13	17
13	5
11	1
50	1926
136	2013
193	1939
4	169
31	17
3703	855
0	22
3	589
2	78
3	79
0	2
0	14
16	250
4	5
36	1
22	33
1	5
0	5
0	6
0	5
0	4
1439	81
0	46
0	34
1	55
0	0
29	55
0	0
10	0
0	0
0	0
8	813
0	0
0	52
51	444
0	733
4	607
0	686
0	58
18	482
0	174
2	15
0	70
1	199
0	9
0	71
29	0
1	8
0	0
0	16
0	16
45	207
1	205
0	1
2	5
0	2
0	37
1	0
0	0
0	0
2	160
0	520
3	516
1236	545
321	352
1	2
1	25
0	0
0	0
0	0
0	0
0	0
0	0
1	52
0	52
3	25
0	6
1	7
0	0
0	0
6519	760
4	751
77	12534
40	23833
58	31444
47	25504
9	16809
0	2976
5	4339
1	324
0	199
23	1008
1	3785
0	123
567	3167
7	124
2	2015
34	30
0	2253
0	4228
14	60
1	2097
15	0
0	2711
60	2
31	1310
17	108
232	43
4	520
0	3771
21	0
0	0
0	1
0	1
2	1
0	1
0	0
1	0
134	941
0	6
0	830
1	18
1	0
0	36
1	0
0	33
0	302
2	4
2	18
0	2
0	2
649	2373
6	2363
3	14
12	52
209	117
0	23
17	65
7	0
0	0
0	0
0	2
0	2
0	2
0	0
0	0
0	0
0	0
0	134
1	3109
0	3323
0	7
0	306
3	3067
0	290
0	177
0	2880
2	0
10	81
2	3325
1040	1030
47	1017
2	154
15	435
6	56
749	485
20	431
1	54
0	145
0	0
0	4
0	3
0	1
0	0
0	0
0	0
3806	2
38	1988
84	1662
5	1801
137	447
2	1751
59	52
10	0
47	337
7	346
2	214
3	20
13	696
32	696
0	100
8	0
123	68
2	29
0	122
13	0
0	595
57	108
1	590
149	720
1	483
1	492
0	177
0	31
0	76
0	4
0	78
3	9
469	0
9	1835
0	1973
7	224
0	434
24	1572
7	1
0	105
16	46
17	117
5	0
15	74
0	37
0	9
0	88
6	41
2	1920
0	5
0	2
6	378
53	900
0	62
0	92
2	567
9	13
4	13
0	0
0	0
0	0
0	0
251	772
0	785
0	5
1	526
1	337
6	192
46	695
1	29
4	48
2	48
53	29
0	6
10371	27369
625	27454
11	94
1	3961
0	174
0	0
0	0
2	3549
0	2849
60	4313
63	16046
155	17509
0	17504
3	17504
0	17682
0	18254
106	843
431	484
20	3385
56	3445
6	728
2	407
0	6
0	18466
2	16702
0	17930
10008	165
2	90
0	67
0	11
0	131
0	19
0	1
22	145
0	56
0	11
0	0
2	17
0	0
0	115
0	0
1	43
8	38
0	25
0	0
0	2
0	64
0	0
0	0
0	0
0	0
1	0
0	0
0	0
0	0
0	0
0	0
0	0
0	0
0	15
0	14
0	11
0	9
3	1
2568	8556
0	1587
6	2
0	0
0	8553
10	491
205	887
2	281
783	866
1	4
0	0
0	0
0	0
5	1740
0	1703
0	249
10	17
0	1703
0	0
0	0
0	0
0	0
0	0
0	0
0	71
14	25
0	96
6	5
0	99
1282	0
0	0
0	0
0	0
0	0
0	0
0	0
996	1704
2	207
41	1578
0	26
2	249
0	535
0	226
29	3
0	0
44	762
126	593
3	58
0	115
4	215
0	0
0	0
1223	582
6	419
0	430
5	0
0	2
0	94
0	0
0	8
2	149
2	125
0	125
0	13
6	116
10	0
6	0
39	25
0	7
0	28
0	17
1	33
0	18
1	19
62	3877
0	0
0	1
1	57
8	101
1890	4022
79	4005
4	12
3	99
1	8
6	2
23	259
0	0
0	0
0	0
0	0
42	0
4	0
31	2
0	341
0	67
0	307
56	615
11	881
1	824
5	793
0	214
1	3
0	21
0	1
0	0
1	0
0	0
0	0
0	0
0	0
231	2282
337	2004
0	1140
43	352
9	0
0	2282
5463	1
177	14
2	14
24	9019
6	4
16	0
147	1897
12	60
148	380
2	1081
7	2
0	66
2	9
75	1164
1	90
0	23
0	9012
60	1010
6	7
1	376
1	764
31	918
3	1
6	388
0	10
323	246
0	246
0	89
0	79
1120	398
1	251
2	135
0	10
0	0
0	0
0	0
0	0
191	214
7	198
15	100
2	19
17	0
79	55
0	5
0	50
0	0
1	431
37	558
4	153
0	27
0	8
0	8
10	64
0	0
0	0
0	63
0	11
82	74
0	413
0	1055
0	0
1	0
0	0
0	0
0	2
0	2
0	29
0	0
0	52
0	0
0	0
0	44
0	2
0	0
0	0
0	0
0	0
0	0
0	2
0	7
0	572
0	6
0	7
0	0
0	0
75	0
25	380
0	4215
0	0
848	0
0	103
0	0
0	0
0	205
0	1318
0	1252
134	0
1	0
6	6996
0	5962
0	509
0	0
0	0
0	0
0	0
0	0
0	0
0	0
0	195
0	0
0	0
0	0
0	45
0	776
0	467
0	0
4	115
0	1
0	0
0	708
0	0
0	1
0	0
0	0
0	6
0	4
0	2
0	29
0	0
0	8
0	9
0	7
0	21
0	433
0	0
0	2
0	0
0	7
0	1
0	49
0	53
0	3
0	23
0	0
0	0
0	66
0	206
0	0
0	0
0	11
0	0
0	0
0	3
0	5
0	9
0	31
0	0
0	112
0	0
0	1
0	112
0	2
0	26
0	1
0	7
0	8
0	26
0	100
0	0
0	0
0	0
0	0
0	0
0	0
0	0
0	0
0	0
0	0
0	0
0	0
0	0
0	0
0	0
0	0
0	0
0	0
0	0
0	0
0	0
0	0
0	0
0	0
0	0
0	0
0	0
0	0
0	0
0	0
0	0
0	0
0	0
0	0
0	0
0	0
0	0
0	0
0	0
0	0
0	0
0	0
0	0
0	0
0	0
0	0
0	0
0	0
0	0
0	0
0	0
0	0
0	0
0	0
0	0
0	0
0	0
0	0
0	0
0	0
0	0
0	0
0	0
0	0
0	0
0	0
0	0
0	0
0	0
0	0
0	0
0	0
0	0
0	0
0	0
0	0
0	0
0	0
0	0
0	0
0	0
0	0
0	0
0	0
0	0
0	0
0	0
0	0
0	0
0	0
0	0
0	0
0	0
0	0
0	0
0	0
0	0
0	0
0	0
0	0
0	0
0	0
0	0
0	0
0	0
0	0
0	0
0	0
0	0
0	0
0	0
0	0
0	0
0	0
0	0
0	0
0	0
0	0
0	0
0	0
0	0
0	0
0	0
0	0
0	0
0	0
0	0
0	0
0	0
0	0
0	0
0	0
0	0
0	0
0	0
0	0
0	0
0	0
0	0
0	0
0	0
0	0
0	0
0	0
0	0
0	0
0	0
0	0
0	0
0	0
0	0
0	0
0	0
0	0
0	0
0	0
0	0
0	0
0	0
0	0
0	0
0	0
0	0
0	0
0	0
0	0
0	0
0	0
0	0
0	0
0	0
0	0
0	0
0	0
0	0
0	0
0	0
0	0
0	0
0	0
0	0
0	0
0	0
0	0
0	0
0	0
0	0
0	0
0	0
0	0
0	0
7	7
0	4
5	2
0	0
0	0
31	11
2	1
106	0
1	17
23	14
1	8
1	12
0	12
0	10
0	1
1	3
0	1
1	1
0	0
0	0
0	0
0	0
0	0
0	0
0	0
0	0
1	0
0	0
243	4
0	3
2	12
0	3
17	15
24	15
0	0
0	0
0	0
0	0
0	0
0	0
0	0
0	0
23	45
45	9
0	41
0	0
0	0
21	7
0	7
73	0
0	0
0	2
0	2
5	3
0	3
0	4
0	4
0	0
8	457
2	242
342	296
0	27
5	19
47	25
0	0
6	0
0	25
5	2
3	0
0	13
0	10
1	0
11	3
0	0
0	0
0	0
0	0
0	1
0	1
0	0
0	116
154	161
10	159
1	0
30	0
112	28
0	28
0	0
0	0
0	0
0	0
0	0
0	26
0	0
0	0
0	0
0	2
0	0
0	2
0	0
0	0
0	0
0	0
0	0
50	0
0	0
0	0
1	67
0	0
0	0
0	1
0	0
0	0
0	0
19	0
0	1
0	0
1	0
8	0
0	2
0	0
0	0
3	0
14	839
63	1
5	12
3	0
0	0
12	66
0	0
0	0
0	5
0	0
9	120
2	65
0	0
100	65
0	0
0	19
3	0
0	152
0	5
0	1
0	0
26	0
0	19
0	0
11	14
0	5
0	0
1	0
0	0
0	41
1	12
0	0
0	0
0	0
0	0
0	0
0	0
0	0
0	0
0	0
0	0
0	0
0	0
1	0
0	0
0	0
10	5
0	0
0	0
1	0
0	10
0	0
0	0
0	0
0	0
0	0
0	0
0	0
0	0
0	1
0	0
1	0
0	0
1	0
1	0
0	0
1	0
0	0
0	0
0	0
0	0
0	0
30	81
0	0
0	0
0	0
6	4
0	0
0	0
0	0
0	0
0	0
0	0
0	0
0	0
0	0
0	0
0	0
0	0
0	0
1	17
0	23
0	0
0	0
0	0
0	0
0	0
0	0
0	0
0	0
0	0
0	0
0	0
0	0
0	0
0	0
0	0
0	0
109	295
0	295
0	0
0	0
0	0
0	0
0	0
0	0
13	74
0	0
17	175
0	78
0	58
0	0
0	0
0	0
0	0
0	0
0	0
0	0
0	0
0	0
0	0
0	0
41	108
116	225
310	286
2	16
14	231
0	209
1	12
1	0
1	0
1	0
0	0
5	23
0	0
0	0
0	0
0	0
1	0
6	0
7	8
1	7
1	8
0	8
0	0
0	0
0	0
0	1
0	0
0	1
2	0
0	0
0	0
0	0
0	0
0	0
2	0
0	0
0	0
0	0
1	0
0	0
0	0
0	0
0	0
0	0
0	0
0	0
0	0
0	0
0	0
0	0
0	0
0	0
0	0
0	0
0	0
0	0
0	0
0	0
0	0
0	0
0	0
0	0
1	0
0	26
0	0
0	0
0	1
0	0
0	0
2	0
0	0
3	3
16	1
0	2
0	1
0	0
0	0
0	0
0	0
0	0
0	0
0	0
0	0
0	0
0	0
0	0
0	0
0	0
0	0
0	0
0	0
0	0
0	0
0	0
0	0
0	0
0	0
0	0
0	0
0	1
0	1
0	0
0	0
0	1
0	0
0	0
0	0
0	0
0	0
0	0
0	0
0	0
0	0
0	0
2	6
0	6
64	8
0	8
0	0
1	0
0	0
0	0
0	0
0	0
11	41
0	41
13	0
0	0
0	0
0	0
0	0
0	0
2	1
0	2
0	1
0	1
0	0
1	0
0	0
0	0
0	0
0	0
0	0
0	0
0	0
0	0
0	0
0	0
0	0
83	1
0	42
6	9
176	15
0	4
0	4
1753	2073
0	1755
11	323
2762	1037
0	9
0	0
0	0
0	0
0	0
0	0
1	0
0	0
0	0
11	4
0	31
1	0
0	0
0	0
0	0
0	0
0	0
0	0
0	0
0	0
48	0
0	4
11	6
11	0
33	3
0	0
0	0
0	0
0	0
0	0
0	0
0	0
2	3
0	4
11	11
0	19
0	16
0	0
0	0
0	0
0	0
1	10
0	3
2	6
0	0
0	0
2	0
0	0
0	0
0	0
278	56
49	53
139	109
1	4
2	59
0	0
0	0
0	0
2	0
0	0
0	27
0	27
0	0
0	0
0	0
0	4
0	3
0	0
0	0
0	0
0	12
0	12
0	0
0	0
0	0
0	0
0	0
0	0
0	0
0	0
0	0
0	0
0	0
0	0
0	0
0	0
0	0
0	0
0	0
0	0
0	0
0	0
0	0
0	0
0	0
0	0
0	0
0	0
0	0
0	0
0	1
0	1
0	1
0	0
0	0
0	0
0	0
0	0
0	0
0	0
0	0
0	0
1	0
0	0
0	0
12	0
0	0
0	0
3	0
0	0
0	0
0	0
0	0
24	0
0	0
0	0
0	0
0	0
0	0
0	0
0	0
0	0
0	0
0	0
0	0
0	0
0	0
0	0
0	0
0	0
3	2
0	2
0	0
0	0
1	0
0	0
0	0
0	0
27	43
5	43
101	23
0	0
0	0
0	0
6	42
62	42
0	0
50	0
3	0
3	0
0	0
81	18
0	18
33	0
0	0
0	0
0	0
0	0
0	0
0	0
1	968
0	12
1	465
0	0
0	0
0	0
0	0
0	0
0	0
0	0
0	0
0	0
0	0
1	0
0	0
0	0
0	0
0	0
0	0
0	0
0	0
0	0
0	0
0	0
0	0
0	0
0	0
0	3
0	0
0	0
0	0
1	0
0	0
0	0
0	2
0	2
0	0
0	0
0	0
0	0
0	0
0	0
0	0
0	0
0	0
76	0
0	0
0	0
0	0
0	0
0	0
0	0
0	0
0	0
0	0
0	0
82	318
0	50
0	45
0	208
15	2
2	257
36	89
4	62
0	0
0	0
0	0
0	0
0	0
0	0
0	0
0	0
0	0
0	0
0	0
0	0
0	0
0	0
0	0
0	0
0	0
0	0
0	0
0	0
0	0
0	0
14	3
10	32
277	1278
24	15
128	166
2	17
4	176
1	0
0	0
0	0
0	0
0	3
0	0
0	0
0	0
0	0
0	0
0	0
0	0
0	22
6	23
1025	195
0	195
0	0
0	0
0	0
0	0
0	0
0	0
0	0
0	0
0	0
0	0
0	0
0	1
0	1
15	15
41	15
7	2
0	0
0	0
0	0
0	0
0	0
5	0
0	0
0	0
0	0
0	0
0	0
0	0
0	0
1	1
0	0
0	0
0	0
0	0
0	0
0	0
0	0
0	0
0	0
0	0
0	0
0	0
0	0
0	0
0	0
0	0
0	0
0	0
0	0
0	0
5	5
0	0
0	0
0	0
0	0
0	0
0	0
0	9
0	3
0	1
0	0
0	1
0	1
0	1
0	2
0	0
0	1
0	0
0	0
4	0
0	1
0	0
0	0
0	0
0	0
0	0
0	0
0	0
669	123
0	123
0	0
1	0
0	0
0	0
0	0
0	0
0	0
0	0
0	0
0	1
0	2
0	0
0	0
0	0
0	0
0	266
0	212
34	24
16	28
19	83
14	58
0	0
0	0
0	0
0	0
0	0
1	0
0	0
3	0
0	0
2	0
1	10
0	10
0	0
0	0
0	0
1	0
0	0
0	0
54	137
2	104
17	102
0	19
5	128
4	22
0	5
4	39
0	18
0	3
0	8
0	8
0	1
2	1
0	1
0	5
0	1
0	1
0	1
0	0
0	7
0	0
0	0
0	0
0	0
3	1
0	0
2	1
12	8
0	8
22	6
38	74
19	13
17	62
20	132
6	132
0	0
0	0
0	2
0	2
0	0
0	0
0	0
0	0
0	0
0	0
0	0
0	0
0	0
0	0
0	0
0	0
0	0
0	0
1	0
0	0
0	0
0	0
0	0
7	78
0	51
0	0
0	0
0	0
0	5
0	7
0	1
2	7
0	0
0	0
0	0
0	0
0	0
0	0
81	2
28	2
0	0
0	0
0	0
0	0
2	0
8	1
0	0
0	0
0	0
0	0
0	0
17	66
163	0
31	93
0	27
31	124
11	60
0	39
0	0
0	0
22	57
0	0
0	0
0	0
0	1
3	1
0	0
3	2
0	0
0	0
0	0
0	0
0	0
0	0
0	0
0	0
1	0
0	3
0	0
0	3
0	3
0	0
7	1
0	1
0	0
0	0
1	0
3	0
0	2
0	2
0	0
0	0
1	0
0	0
1318	1000
2320	3144
8	4299
2	3446
0	0
0	0
0	0
0	0
0	0
0	0
0	0
0	0
0	0
0	0
0	0
0	0
0	0
0	0
2	1
0	0
0	8
3	1
1	0
0	424
129	2263
0	0
0	0
0	13
0	0
1	0
0	51
0	0
0	0
0	0
0	0
0	0
0	0
0	0
1	0
0	0
135	0
0	0
0	39
0	0
0	0
0	0
0	0
0	0
0	137
0	0
5	0
0	29
0	0
0	0
0	0
0	0
0	0
87	0
0	0
0	0
0	0
0	0
0	0
0	0
0	0
0	0
0	0
0	0
0	0
0	0
0	1
1	0
0	270
10	283
0	0
0	0
0	0
0	0
0	0
0	0
0	0
0	0
0	0
0	0
0	0
0	0
0	0
0	0
0	0
0	0
0	0
0	0
1	15
0	0
0	0
0	0
0	0
0	0
0	0
0	0
0	0
1	213
0	0
0	0
0	0
0	0
0	0
0	0
0	0
0	0
0	0
0	0
0	0
0	0
0	0
0	0
0	0
0	0
0	0
0	0
0	0
0	0
0	0
0	0
0	1
0	0
0	1
3	13413
0	0
0	0
0	0
0	0
0	0
0	1
0	69
0	0
0	0
0	0
0	0
0	0
0	0
0	0
0	0
1	0
0	0
0	0
0	0
0	0
0	0
0	0
0	0
1	108
0	0
0	0
0	0
0	5
4	0
0	0
0	0
0	0
0	0
0	0
0	0
0	0
0	0
0	0
0	0
0	0
0	0
0	0
0	0
0	0
0	0
0	0
6	1
0	0
0	0
0	0
0	0
0	0
0	0
0	0
0	0
0	0
0	0
0	0
0	0
0	0
0	0
0	0
0	0
0	0
0	6
0	0
0	0
0	0
3	0
0	0
0	0
0	0
0	0
0	0
0	0
0	0
0	0
0	0
0	0
0	1
0	0
0	0
0	0
0	0
0	0
0	0
0	0
0	0
0	0
0	0
0	0
0	0
0	0
0	0
0	0
5	0
0	0
0	0
2	0
7	0
6	0
0	0
0	0
0	0
0	0
0	0
0	0
0	0
0	0
0	0
0	0
0	0
0	7
0	0
0	0
0	0
1	0
0	1
1	0
0	0
2	6
0	0
0	0
0	0
0	0
0	0
4	1085
0	0
0	0
0	0
0	0
0	0
0	0
0	7
0	0
0	0
0	0
0	0
0	0
0	0
0	0
0	0
1	0
0	0
0	0
0	0
0	0
1	0
0	0
0	0
0	0
0	0
0	0
0	0
0	0
0	153
0	0
0	0
0	0
0	0
0	0
0	0
0	0
0	0
0	0
0	0
6	0
0	0
0	0
0	0
0	0
0	0
5	38
1	0
0	0
0	0
0	0
0	0
7	611
3	3
0	0
1	0
0	0
0	0
0	0
0	0
0	0
0	0
0	0
0	0
0	0
0	0
0	0
10	0
0	0
0	0
8	571
0	0
0	0
0	0
0	0
1	0
0	0
0	0
0	0
0	0
0	0
0	0
0	0
0	0
0	0
0	0
1	1235
0	0
0	0
0	0
1	1
0	34
0	1
0	1
0	0
0	6
0	0
0	0
0	0
0	0
0	0
0	0
25	0
0	0
0	0
0	0
0	0
0	0
0	0
0	0
0	0
0	0
0	0
4	0
0	0
0	0
0	64
0	0
0	0
0	0
0	0
3	0
3	0
0	0
0	0
0	0
0	0
15	1178
1	0
0	0
0	0
17	1586
0	0
2	0
2	0
0	0
0	0
0	0
0	2005
0	0
0	1
24	4
0	0
0	0
0	0
0	0
0	0
0	0
3039	9529
0	329
0	0
1	0
6	0
0	0
0	0
0	0
0	0
0	100
3	0
0	13
0	0
1	0
0	0
0	2
0	908
0	0
0	0
2	0
0	0
0	0
0	0
0	0
0	0
1	0
0	0
0	0
0	0
0	0
0	0
0	0
0	0
0	0
0	0
0	0
0	0
0	0
0	0
0	0
0	0
0	0
0	0
1	34
0	0
1	0
0	0
0	0
0	0
0	0
0	0
0	0
0	28
0	0
0	0
0	0
0	0
0	0
0	0
0	0
0	0
0	0
0	0
2	960
0	0
0	3
0	0
1	70
0	0
6	1
0	0
0	0
0	0
0	0
0	0
0	0
0	0
0	0
0	0
0	0
0	0
0	0
0	0
1	0
0	0
0	0
0	0
0	0
0	0
0	0
1	1
0	0
0	0
0	0
0	0
0	0
0	0
0	0
0	0
0	125
0	0
4	0
1	0
0	0
0	0
0	16
0	0
0	0
0	0
0	4291
3	397
0	0
0	0
0	0
0	0
0	5
0	0
0	0
0	0
0	0
0	0
0	1
0	0
0	181
0	0
0	0
0	0
0	0
3	2
0	0
0	0
0	0
0	0
0	0
5	0
0	0
0	0
0	0
3	307
0	0
0	0
0	0
0	1
0	0
0	0
0	0
0	0
0	0
1	0
0	0
0	0
0	0
0	0
0	0
1	0
0	0
0	0
0	0
0	0
0	0
0	0
0	0
0	0
0	0
0	0
0	0
0	0
0	0
0	0
0	0
0	0
0	0
0	0
1	0
0	8
5	4
0	0
0	0
2	46
0	0
0	0
0	0
0	0
24	18
0	0
0	0
0	0
0	0
1	0
0	0
0	0
0	0
0	0
2	0
0	0
0	0
0	0
0	0
0	0
0	0
1	0
0	0
0	0
0	0
12	504
0	0
0	0
0	0
0	0
2	2
0	0
0	0
0	0
0	288
0	0
0	0
0	0
2	0
0	0
3	0
0	0
0	0
0	0
0	43
0	0
0	1
0	0
0	0
0	0
0	0
0	0
0	0
0	0
0	0
0	0
0	0
0	0
0	0
0	0
1	0
0	0
0	0
0	0
0	0
0	0
0	0
2	0
1	90
0	0
0	0
0	0
0	0
0	0
2	11
0	0
0	0
0	0
2	222
0	8
3	0
0	0
0	0
0	0
0	0
0	0
0	0
3	0
0	0
1	0
1	0
0	0
0	0
0	0
3	0
0	0
0	0
0	0
0	0
0	0
1	0
0	6
0	0
0	30
0	0
0	0
0	0
0	0
0	0
6	0
0	0
0	0
0	0
0	0
0	0
0	0
0	0
0	0
0	0
0	0
0	0
0	0
0	0
0	3
0	0
0	0
0	0
8	18
0	0
0	2
0	0
0	0
0	0
0	0
0	0
0	0
0	0
3	89
0	0
0	0
0	0
0	0
4	402
0	0
0	0
0	1
0	0
3	39
0	0
1	373
0	0
0	0
0	0
0	0
0	0
0	0
0	0
0	84
0	0
0	0
0	0
0	0
0	0
0	0
0	0
4	0
1	0
0	0
0	0
0	0
0	0
0	0
0	0
0	0
0	0
0	0
0	0
0	0
0	0
0	0
0	0
0	0
0	0
0	0
0	0
0	0
0	1
0	0
0	0
0	0
0	0
0	0
0	0
0	0
0	0
0	0
0	0
0	0
59	749
0	0
0	242
0	0
0	0
0	2
0	2
0	2
0	0
0	2
0	2
0	2
1	0
0	0
0	0
0	0
0	0
0	0
1	0
0	0
0	0
0	0
0	0
0	0
0	0
0	0
0	0
0	0
0	0
0	0
15	0
0	0
0	0
1	0
1	0
1	21
0	0
0	1
0	0
0	0
1	1018
0	0
0	0
0	0
0	222
0	0
9	0
0	0
0	0
0	1156
0	0
1	0
2	0
0	0
0	0
0	0
0	0
0	0
2	0
0	0
0	0
0	0
0	0
0	0
0	0
2	44
5	0
0	0
0	0
0	0
62	116
0	0
2	0
1	4954
0	0
0	0
0	0
0	0
36	0
0	0
0	0
0	4
0	0
0	0
0	76
0	0
0	103
0	0
0	0
0	0
0	1
10	0
0	0
0	0
0	0
2	0
0	0
0	0
0	0
0	0
2	5591
0	0
0	0
0	0
0	0
0	0
0	0
0	0
0	0
0	0
0	0
0	0
0	0
0	51
0	0
0	0
0	0
0	0
0	0
0	0
0	0
0	0
0	0
0	0
0	0
0	0
6	0
0	0
0	0
0	0
0	0
0	0
0	0
2	0
0	0
0	94
0	0
0	0
0	189
0	3
0	0
0	0
0	0
0	0
0	0
0	0
1	0
0	0
0	0
0	0
0	0
0	0
4	0
1	0
0	207
3	110
0	0
0	0
2	0
0	0
0	0
0	0
0	0
0	0
0	0
0	0
0	0
0	0
0	0
0	0
0	0
24	2
0	0
1	0
0	0
0	0
0	0
0	0
1	0
0	0
0	0
0	0
0	0
0	0
0	0
2	216
0	0
0	0
0	0
0	3
0	5
0	0
0	0
0	0
0	0
0	0
0	0
0	0
0	1
0	0
0	0
18	264
0	0
0	0
0	0
0	0
0	0
0	0
0	0
0	0
0	0
0	0
0	0
0	15
0	0
0	0
1	74
0	0
0	0
0	0
0	0
0	0
0	0
1	0
0	0
1	0
0	0
0	0
0	0
0	0
0	0
0	0
0	0
0	0
0	0
9	356
0	0
0	0
0	0
0	0
2	0
0	0
0	0
0	0
14	0
0	0
0	0
0	0
0	0
0	0
0	0
0	0
0	0
4	0
5	0
0	0
0	1
0	0
0	0
12	0
0	0
0	0
0	0
0	0
0	0
0	0
0	0
0	0
0	0
0	0
0	0
4	220
0	0
0	0
0	0
0	0
0	0
0	0
1	72
0	0
3	177
0	0
1	1202
0	11
0	0
0	1
10	0
1	0
0	0
0	0
0	0
2	6
0	0
0	0
0	0
4	0
0	0
0	0
0	0
1	0
3	0
0	0
0	0
0	0
0	0
21	97
0	0
0	0
0	0
0	0
0	0
0	0
0	0
0	0
0	0
0	0
0	0
0	0
0	0
0	0
3	106
0	39
0	0
0	0
0	0
0	0
0	0
1	0
0	0
0	0
0	0
0	117
0	0
0	0
0	0
0	888
0	2
0	2
0	0
0	0
0	0
0	0
0	0
0	0
0	0
0	0
0	0
0	0
0	0
2	2
0	0
0	142
3	1573
5	0
0	0
0	0
0	0
0	0
0	0
3	1559
0	0
0	0
2	0
0	2
0	0
0	0
0	1
0	0
0	0
0	0
0	932
0	0
0	0
0	0
0	0
0	0
0	0
0	0
0	0
0	0
0	8
0	0
0	0
0	0
0	0
0	0
0	0
0	0
0	0
0	0
0	0
0	0
0	0
0	0
0	0
0	0
0	0
0	0
0	0
0	0
0	0
0	0
67	2
7	0
0	0
0	0
0	0
0	49
0	0
1	2
0	0
14	4897
0	0
0	0
0	0
0	0
0	0
0	0
0	0
0	0
0	0
0	0
0	0
0	0
0	0
0	15
0	0
0	0
0	0
0	14
0	0
0	0
0	0
1	0
0	0
0	0
0	0
0	0
0	0
0	0
0	0
0	0
0	0
12	0
0	0
0	0
0	0
0	0
0	0
0	0
0	0
0	0
0	0
0	0
1	100
1	0
0	0
0	0
0	0
0	0
0	0
0	0
0	0
0	0
0	0
0	0
0	0
0	0
0	0
0	0
5	0
0	0
0	0
0	0
0	0
7	39
0	0
0	0
0	0
0	0
0	0
0	0
0	0
0	2
0	0
0	0
7	400
0	0
0	0
0	0
0	0
0	0
0	0
0	0
0	0
0	0
0	0
0	0
0	0
0	26
1	1
0	0
0	0
0	0
0	5
0	100
0	0
0	0
0	0
0	0
0	0
0	0
0	0
0	0
0	0
0	0
0	0
0	0
0	0
0	0
0	0
0	0
7	128
0	0
0	0
0	0
0	0
0	0
0	0
0	0
7	0
0	0
0	0
0	0
0	0
0	784
0	4
0	0
0	0
0	0
0	0
8	1122
0	0
0	0
0	0
0	0
0	0
0	0
0	0
0	730
0	0
0	0
0	0
0	0
0	0
0	0
0	58
0	0
1	4
0	0
0	0
0	0
0	0
0	0
0	0
0	0
0	0
0	0
0	0
0	0
0	0
0	0
0	0
8	1
0	0
0	0
0	0
0	19
0	0
0	0
0	0
0	0
0	0
0	0
0	0
0	0
0	0
0	3
0	0
0	0
0	0
0	0
0	2
0	0
0	0
1	0
0	0
0	0
0	0
0	0
0	527
0	0
0	172
0	3
0	0
0	0
0	0
0	0
2	0
0	0
0	0
0	0
0	2
0	0
0	0
0	28
0	0
1	0
0	0
0	0
1	0
2	0
0	0
2	0
0	6
1	1
0	0
0	0
0	0
0	0
0	0
0	0
0	0
0	0
1	0
0	0
0	0
0	0
0	0
1	0
0	0
0	0
0	1
0	0
0	0
0	0
0	0
0	0
0	0
4	1
0	0
0	0
0	0
0	0
0	0
0	0
0	0
0	0
0	0
0	0
0	0
0	0
0	0
0	0
0	0
0	0
1	1
0	0
0	0
1	0
0	0
1	0
0	0
0	0
0	0
0	0
1	0
0	0
0	0
0	0
0	0
0	147
0	16
0	0
0	0
0	0
0	0
0	0
3	0
0	0
0	0
0	0
1	321
0	0
0	0
51	0
0	253
0	0
0	800
0	0
0	0
0	783
0	0
0	0
0	0
0	0
0	0
0	0
0	0
0	1577
0	0
8	0
0	0
0	0
0	0
0	0
0	0
0	0
21	0
20	0
0	0
0	0
0	0
0	3
0	0
0	0
0	212
0	0
0	0
0	1
0	0
0	0
7	0
0	0
0	0
0	0
0	0
0	0
0	0
0	0
0	0
0	0
3	10
0	536
1	62
0	0
0	0
0	0
0	0
0	0
0	0
0	0
0	0
0	0
0	0
0	0
0	0
0	0
0	0
0	0
0	0
0	0
0	0
0	0
0	0
0	0
0	0
0	0
0	0
0	0
0	0
1	0
0	0
0	0
0	0
0	0
0	0
0	0
0	0
0	0
0	0
0	0
0	1
0	0
7	0
0	0
0	0
0	0
0	0
0	0
0	0
0	150
0	0
0	0
0	0
2	0
0	0
0	0
0	0
0	0
0	0
0	0
0	0
0	0
0	0
0	0
0	0
0	0
0	0
2	0
0	0
0	0
0	0
0	3
0	0
0	0
0	0
0	0
6	0
0	0
0	0
3	0
0	0
0	0
0	0
0	0
0	0
0	0
0	0
2	0
0	0
0	0
9	0
0	6501
0	21
0	0
1	10
0	0
0	0
0	0
0	0
0	0
0	0
0	0
0	0
0	0
0	0
0	0
0	0
0	15
0	0
0	0
0	0
0	0
0	0
1	0
0	0
0	0
0	0
0	0
0	0
0	0
0	0
0	153
1	0
2	0
0	0
0	0
425	391
7	2
0	23
0	0
0	0
0	0
0	0
0	0
0	0
0	0
0	0
0	0
0	1
0	0
0	0
1	0
0	0
0	0
1	0
4	733
0	0
0	0
0	0
1	0
0	0
0	0
0	0
1	0
0	0
0	0
0	0
0	0
0	0
0	0
0	0
0	0
0	0
0	0
0	0
0	0
0	0
0	0
0	0
0	0
0	0
0	0
0	1
0	0
0	0
1214	73
0	0
0	0
0	0
0	0
0	0
0	0
0	0
0	0
0	0
0	0
0	0
31	0
0	0
0	0
0	0
0	1
0	0
0	0
0	0
0	0
0	0
0	0
0	391
0	0
0	110
0	0
175	840
0	0
0	0
0	0
3	0
0	0
0	0
0	0
0	0
0	0
0	0
0	2
0	0
0	0
0	0
0	0
0	0
0	0
0	0
0	0
0	0
0	0
0	0
0	0
0	0
0	0
0	0
0	0
0	0
0	2
151	1692
0	0
0	0
0	0
0	0
0	0
0	0
80	89
7	19
0	0
0	0
0	0
0	0
0	0
0	0
0	0
0	0
0	0
0	0
0	0
0	0
0	0
0	0
0	0
0	2
0	0
0	0
1	1
0	0
4	855
0	0
0	0
0	0
0	0
0	0
0	0
0	0
0	0
0	0
0	0
0	0
0	0
0	0
0	0
0	0
0	0
0	0
0	0
0	0
0	0
0	0
0	0
0	0
0	0
0	0
0	0
0	0
0	0
0	0
0	0
0	0
0	0
0	0
0	0
0	12
1	0
0	0
0	0
0	0
0	0
0	0
0	0
0	0
0	0
0	0
1	0
0	0
0	0
0	0
1	0
0	0
0	0
0	0
0	1372
0	0
0	2
1	0
0	0
0	1
0	0
0	0
0	0
0	2
0	0
0	0
0	0
0	0
0	0
0	0
0	0
0	0
3	3
0	0
0	0
4	0
0	0
0	0
0	0
0	0
0	0
0	0
0	0
2	118
1	0
0	0
0	0
0	0
0	0
0	0
0	0
0	0
0	0
0	0
1	0
0	0
0	0
0	0
0	0
0	0
0	0
0	0
0	0
0	0
0	0
0	0
0	0
0	0
0	0
0	0
0	0
0	0
2	7
0	0
0	0
0	0
0	0
0	0
8	2080
0	0
0	0
0	0
0	0
0	0
0	0
50	38
0	0
0	0
0	1
0	0
0	0
3	768
0	0
0	0
0	22
0	0
0	0
0	0
0	0
0	0
0	0
3	4835
1	0
0	0
0	0
0	0
0	0
0	0
0	0
0	0
0	0
0	0
0	0
0	0
0	0
0	0
0	0
0	0
0	0
0	0
0	0
0	0
0	0
0	0
0	8
0	0
0	0
0	1
0	0
0	0
0	11
0	0
0	0
2	0
0	0
0	18
0	0
1	0
119	865
5	0
0	0
0	148
0	2
0	0
0	2
0	0
0	0
0	7
0	0
0	0
0	9
0	0
0	0
0	0
0	0
0	0
0	0
0	0
0	0
0	0
0	0
0	0
0	0
4	594
0	0
0	0
0	0
0	0
0	0
0	0
0	0
0	0
0	0
0	0
0	0
0	0
0	0
0	0
0	0
0	0
0	0
0	0
0	4
0	0
0	0
0	0
0	0
0	0
0	0
0	0
0	0
0	0
0	0
0	0
0	37
0	0
0	0
0	0
0	0
0	0
0	0
0	1615
1	0
0	0
0	393
0	0
1	0
0	0
0	0
0	0
0	0
0	0
0	1
0	0
1	0
0	0
0	0
0	0
0	0
0	0
0	0
0	22
9	5
0	0
0	0
0	0
0	0
0	0
0	0
0	0
0	0
0	0
2	0
0	0
4	0
0	928
0	0
1	0
0	0
0	1
0	0
0	0
0	0
0	0
0	0
0	0
0	0
0	0
0	0
1	0
1	0
1	0
0	0
0	0
0	0
0	0
4	1838
0	0
0	0
0	0
0	0
0	0
0	0
0	0
0	0
0	0
0	0
0	0
0	0
0	0
1	736
19	4703
0	0
0	0
0	0
0	0
0	0
0	0
12	0
0	0
0	0
0	0
9	0
0	0
0	0
0	1
0	0
0	0
1	0
0	0
0	1
0	0
3	7
0	0
0	0
1	2
0	5
0	0
0	2215
0	0
11	14505
0	0
1	0
0	0
0	3
0	0
0	0
0	0
3	4651
0	0
1	0
0	0
0	0
0	0
0	0
0	0
0	0
0	0
0	0
0	0
0	0
0	0
6	0
0	0
0	0
0	0
0	0
5	54
0	0
0	0
0	0
0	0
0	0
0	0
0	0
0	0
0	0
0	0
44	0
0	0
0	0
0	0
2	1195
0	0
0	0
0	0
0	0
0	0
0	3
0	0
0	0
0	0
0	0
0	0
1	10
0	0
0	0
0	0
0	0
1	0
0	0
2	3
0	0
0	0
0	0
1	0
0	0
0	0
0	0
2	4189
0	0
0	0
0	0
0	0
0	0
0	17
49	0
0	0
1	0
0	0
0	0
0	0
0	0
4	2578
0	0
2	1506
0	0
0	0
0	0
3	1
0	0
0	0
0	0
0	0
0	0
4	5114
0	0
3	65
0	0
1	0
11	1533
0	0
0	7
0	25
0	0
0	0
0	0
0	0
0	0
0	0
0	0
0	0
0	4547
0	0
13	4385
0	2
0	0
0	0
0	0
0	99
0	8
0	0
0	0
0	0
3	0
0	0
0	0
0	0
0	0
0	0
0	0
0	1
0	0
0	0
0	108
0	0
0	36
0	0
0	0
2	49
0	0
0	0
0	0
0	0
0	0
0	0
0	0
0	0
0	0
0	0
0	0
26	0
0	1
0	0
0	0
0	0
0	0
0	0
1	0
0	0
1	2405
1	13
0	0
0	0
0	0
0	0
0	0
0	0
0	0
0	0
0	0
0	0
0	0
0	0
0	0
0	0
1	0
0	0
0	0
0	0
0	0
0	0
3	0
0	0
0	0
0	0
0	0
46	0
0	1155
0	0
0	3
0	0
2	1030
0	0
0	0
0	0
0	0
0	0
0	737
0	0
0	0
0	0
1	0
0	0
0	0
9	0
0	0
0	0
0	0
0	0
0	0
0	0
0	0
0	0
0	22
0	0
0	0
0	4197
0	0
0	1
0	0
7	0
0	0
0	0
0	0
1	0
0	0
0	0
0	0
0	0
0	0
1	0
0	0
2	1278
3	0
0	0
1	0
0	0
0	0
0	0
2	0
0	0
1	0
0	0
0	0
0	0
0	0
0	0
0	0
0	0
0	0
3	46
0	0
0	0
0	0
0	0
0	0
0	17
0	0
0	0
0	0
0	0
2	344
0	0
1	223
0	0
0	0
0	3
0	0
0	0
0	0
0	0
0	0
0	0
1	109
0	0
12	63
0	0
0	3
1	0
0	0
0	0
0	0
0	0
0	0
0	0
0	0
0	0
0	0
0	3346
5	0
0	0
0	0
0	0
1	0
0	0
0	0
0	0
0	0
0	0
3	3
0	0
0	0
0	0
0	0
3	2036
0	0
4	496
2	12
0	82
1	0
0	0
20	0
0	0
0	0
0	0
0	0
0	0
1	0
5	1
0	1
0	0
0	0
1	0
0	0
0	0
0	0
0	0
0	0
0	0
0	0
0	0
0	0
0	0
0	0
0	0
0	0
0	0
0	0
0	0
0	0
0	0
0	0
0	0
0	0
0	170
0	0
0	0
0	0
0	0
0	0
0	0
12	754
0	0
0	0
0	0
0	0
0	0
0	0
0	0
0	0
0	17
0	0
0	0
0	0
0	0
0	0
0	116
0	0
0	0
8	289
0	0
0	23
0	0
0	0
3	5
0	0
0	0
0	0
0	0
0	0
0	0
0	0
0	0
0	0
0	0
0	11
4	1587
1	0
0	0
0	0
0	0
2	0
0	0
4	0
0	0
0	0
0	0
2	0
4	0
9	0
0	0
0	0
2	0
0	0
0	0
0	0
0	0
6	1393
0	0
0	0
0	0
0	0
6	0
0	0
2	21
0	0
0	0
0	2
2	3394
0	0
0	0
0	0
0	0
0	0
0	0
0	0
0	0
0	0
0	0
0	0
0	0
0	0
1	13
0	2
0	0
0	0
0	0
0	0
0	87
0	2
0	0
0	0
0	0
0	0
1	0
0	0
1	0
0	0
0	4
0	0
0	0
0	0
0	0
0	3
0	0
0	0
0	0
0	0
0	0
1	173
0	0
0	0
0	0
0	0
0	0
0	0
0	0
0	38
0	0
1	0
8	55
2	0
2	0
0	0
0	374
0	0
1	0
0	0
0	0
1	0
0	0
1125	5898
0	0
1	0
0	0
0	0
0	0
0	0
0	0
0	0
0	0
0	0
0	0
2	40
0	0
0	0
0	0
0	0
0	0
0	1
0	0
6	0
0	0
0	0
0	0
0	0
0	0
0	0
8	104
0	0
0	0
0	0
0	0
0	0
1	0
0	0
0	0
0	0
0	0
0	0
0	0
0	0
0	0
0	0
0	0
0	0
0	0
0	0
0	0
0	0
0	19
0	0
0	3
0	0
0	0
0	0
0	0
0	0
4	0
0	0
5	0
0	0
0	0
0	0
0	0
0	0
0	0
2	184
0	0
0	0
0	0
0	0
0	0
0	0
1	0
0	0
0	0
0	0
0	0
0	5
0	0
0	0
2	3
0	0
0	0
0	0
0	0
0	0
0	0
0	0
0	0
1	0
0	0
0	0
0	0
0	0
0	4554
0	0
0	0
0	0
1	123
0	0
0	0
0	0
2	1
1	0
0	0
0	0
0	0
0	0
0	0
0	0
0	0
0	0
0	324
2	0
0	0
0	132
2	0
0	0
0	0
2	0
0	0
0	0
0	0
0	0
0	0
0	0
0	0
0	0
0	0
1	0
0	0
0	0
0	0
0	0
0	0
0	0
0	0
0	0
0	0
2	1018
0	0
0	0
0	0
4	0
0	0
0	0
0	0
0	0
0	0
0	0
0	0
0	0
0	0
0	0
2	0
0	0
1	0
0	0
0	487
0	0
0	0
0	0
2	0
0	0
1	0
1	24
1	0
1	0
0	290
0	0
0	0
0	0
0	2
0	0
0	0
0	0
0	0
0	0
0	0
0	407
0	0
0	506
0	0
0	0
0	0
0	0
0	0
0	0
0	0
0	0
0	41
0	0
0	0
0	0
0	0
0	0
0	0
9	917
0	0
0	0
0	0
0	0
0	0
0	0
0	0
0	0
0	0
0	0
0	0
0	0
0	0
0	0
0	0
5	0
0	0
0	0
0	0
0	0
6	0
0	0
0	0
0	23
0	0
0	0
0	0
0	0
0	0
0	239
0	0
0	0
0	0
0	0
0	0
0	0
4	0
0	0
0	0
0	0
0	0
12	0
0	0
1	1144
0	0
0	0
0	12
0	0
0	0
0	0
0	0
0	0
0	0
0	0
2	0
0	0
0	1
0	0
0	0
0	0
3	0
0	0
0	0
0	0
0	0
0	0
0	0
0	0
0	0
0	0
1	0
0	0
0	0
0	0
0	0
0	0
0	0
0	0
0	0
0	0
0	0
0	0
0	0
0	0
0	0
0	0
0	0
0	0
0	0
0	0
0	0
0	0
0	0
0	0
0	0
0	0
0	0
0	0
0	0
7	0
0	0
0	0
0	1
0	0
1	1
0	0
0	0
0	0
0	0
0	0
0	0
0	0
0	0
0	0
0	0
0	0
0	0
0	0
0	0
0	0
1	2
0	0
0	0
0	0
0	0
0	0
0	0
0	0
0	0
0	0
0	0
1	0
0	0
0	0
1	65
0	0
0	0
0	1
1	72
0	0
0	0
1	0
0	0
0	0
0	0
0	0
0	0
0	0
0	0
3	0
4	0
0	0
1	0
0	0
0	0
0	0
0	0
0	0
0	0
0	0
0	0
0	0
0	0
0	0
0	0
0	0
0	0
0	0
0	8
2	0
0	0
0	0
0	0
0	0
0	0
0	0
0	0
0	3
0	0
1	0
0	0
0	0
0	0
0	0
0	0
0	0
0	0
0	0
0	0
0	0
2	0
2	0
0	0
0	0
0	0
1	0
0	0
0	0
0	0
0	0
0	0
0	0
0	0
0	0
0	0
0	0
0	0
0	2234
0	0
0	0
0	574
0	0
0	0
0	0
0	0
0	1
0	0
0	0
0	0
0	0
0	0
14	760
68	78
0	0
0	0
1	0
0	0
0	9
36	3350
0	0
0	0
5	789
0	0
0	0
0	0
0	0
0	0
0	0
0	0
0	0
1	508
0	0
0	6
0	0
0	0
3	0
6	0
0	0
0	0
4	0
0	0
1	0
0	71
0	0
271	268
0	0
0	0
0	0
0	0
0	0
0	0
0	0
0	0
0	0
0	0
0	0
0	0
0	0
0	0
0	0
0	0
0	0
0	4
3	0
0	0
0	0
0	391
0	0
0	0
0	0
0	0
0	0
0	0
0	0
0	0
0	0
0	17
0	0
294	691
1	0
0	0
0	0
0	0
1	0
0	0
0	0
0	3752
0	0
0	0
0	1037
0	0
0	0
0	0
0	0
0	39
0	0
0	0
0	0
0	0
0	0
2	1
0	2
5	0
6	0
1	0
0	308
0	0
1	0
8	0
0	0
0	19
0	0
0	0
0	0
2	0
1	0
0	1
0	0
0	0
0	0
0	5
0	478
0	0
0	0
0	0
0	0
0	0
0	0
0	0
0	0
1	0
0	21
0	0
0	0
0	0
0	0
0	0
1	0
0	0
0	0
5	0
0	0
0	0
0	0
0	0
0	0
0	0
0	0
0	0
0	0
0	0
0	0
0	0
0	0
0	0
0	0
0	0
0	0
0	0
0	0
0	0
0	0
1	0
58	0
0	0
0	0
0	0
0	3
1	0
0	0
0	0
0	0
0	0
0	0
0	0
0	0
0	0
0	0
0	0
0	0
0	0
0	0
0	0
0	0
0	0
0	0
0	0
0	0
0	0
0	0
0	0
0	0
3	0
0	0
1	7
0	0
0	0
0	911
1	0
0	0
0	0
0	0
3	11
0	0
1827	1188
2	0
0	0
0	0
6	626
0	343
2	129
0	0
0	0
0	0
4	0
0	0
230	627
0	0
0	0
1	3
0	0
0	0
0	181
0	0
0	0
0	0
0	0
0	0
0	1
0	0
0	0
0	0
0	0
0	0
0	0
0	0
1	0
0	0
0	0
0	5
0	0
31	1
7	5063
0	0
1	0
0	0
0	0
1	2845
0	0
0	0
0	0
0	0
0	0
0	0
0	0
0	0
4	23
0	1
1	0
4	0
4	1830
0	0
1	0
0	0
0	0
0	0
1	0
0	0
1	1
0	0
0	0
0	0
0	0
1	0
0	0
0	0
0	0
0	0
0	0
0	0
0	0
0	0
0	0
0	0
0	0
0	0
5	0
0	0
0	1
0	35
3	0
0	0
0	0
0	0
0	7
1	0
21	266
0	0
0	0
0	0
0	0
1	0
0	0
0	0
0	0
0	0
11	22285
0	0
0	0
0	0
0	0
0	0
0	0
0	0
0	0
0	0
0	420
0	0
0	0
225	9618
0	0
18	0
3	0
0	0
0	0
0	0
0	0
3	0
0	0
3	0
0	0
0	0
0	0
0	137
0	0
1	0
0	0
0	0
0	0
0	0
0	0
0	0
0	0
0	0
0	0
0	0
0	1778
0	0
0	0
0	0
0	0
0	0
0	0
0	0
0	0
0	0
0	0
0	0
0	0
0	0
0	0
0	0
0	0
0	0
0	0
0	0
0	0
2	0
0	0
0	0
0	0
0	0
0	0
0	0
0	0
0	0
0	0
0	0
2	0
0	0
0	0
0	0
0	0
0	0
0	4
0	0
0	0
0	0
0	0
0	0
0	0
0	0
0	0
0	0
1	0
0	0
0	0
0	0
0	0
0	452
0	0
1	0
5	0
2	0
0	0
1	54
0	0
3	0
0	0
0	0
38	20617
0	0
0	0
0	0
0	0
0	0
4	2826
0	0
0	6
0	0
0	0
1	16
0	0
0	0
0	0
0	0
0	0
0	0
0	0
0	0
0	0
12	3
11	1
0	0
0	0
4	0
0	0
0	0
1	0
0	0
0	0
0	0
0	0
0	0
0	0
0	0
0	0
0	0
0	534
0	0
0	0
0	492
0	0
2	0
0	195
0	0
0	0
0	0
0	0
0	0
0	0
0	0
0	0
0	0
0	0
0	0
0	0
0	0
0	235
0	0
0	0
0	0
0	0
0	0
0	0
0	0
0	0
0	0
0	0
3	2
0	0
3	86
0	0
0	0
0	0
0	0
0	0
0	0
0	0
0	0
0	0
0	0
0	0
1	435
0	0
0	0
1	0
1	0
0	51
0	0
7	1
1	0
0	0
15	0
4	0
0	0
0	0
9	1888
1	0
0	0
0	0
1	0
1	1
0	0
0	0
3	0
1	0
0	0
0	0
0	0
0	0
0	0
0	0
0	0
0	0
0	0
0	0
0	0
4	0
0	0
0	0
0	0
0	0
0	0
0	0
0	0
0	0
0	0
3	3
0	0
0	0
0	12
2	2
0	0
0	0
0	0
0	0
0	0
0	0
2	0
0	0
5	0
0	0
0	0
0	0
0	1
1	0
1	0
0	0
0	0
0	0
1	0
0	0
0	0
0	0
2	83
7	151
1	0
0	0
0	0
197	0
0	0
1	0
0	0
0	0
0	0
8	0
2	16296
0	0
0	0
0	0
0	0
0	0
0	0
3	0
0	0
0	0
0	0
0	0
0	254
1	0
0	0
0	0
0	0
0	0
0	0
0	0
0	0
0	0
4	0
0	61
0	0
0	150
1	238
0	0
8	0
3	5
0	0
0	0
2	0
0	0
0	0
0	1
0	0
0	0
0	0
0	0
0	0
0	3
0	0
0	0
0	0
0	0
0	0
0	0
0	0
0	17
0	0
0	0
2	0
0	0
0	0
0	0
0	0
0	0
0	342
0	0
0	0
0	0
0	0
3	0
2	3
0	0
0	352
0	0
0	0
0	0
0	0
0	0
0	0
0	0
0	0
0	0
0	15
0	0
0	937
0	0
0	0
0	0
0	0
0	0
0	0
0	0
0	4
0	0
0	0
0	0
0	0
0	2522
0	0
0	0
9	1130
0	0
1	2
1	0
0	0
0	0
0	0
1	0
0	0
0	0
0	0
3	601
0	0
0	0
0	0
0	0
0	0
0	0
0	0
0	0
0	0
0	0
0	0
0	1
0	0
0	0
0	0
0	0
0	0
0	0
0	15
5	0
0	4
1	0
10	0
0	0
0	0
0	0
0	0
0	0
0	0
0	0
0	0
0	0
0	0
0	0
0	0
0	0
0	4
0	0
0	0
0	0
0	0
0	0
0	0
0	0
0	0
0	0
0	0
0	0
0	0
0	0
0	0
0	0
0	0
0	0
651	135
0	0
0	0
0	0
0	0
0	0
0	0
0	0
1	0
0	0
0	0
0	0
0	0
0	0
0	0
0	2227
0	0
0	0
0	0
0	0
2	0
0	0
5	56
0	0
14	0
0	1215
0	0
0	0
0	0
0	0
0	0
0	0
0	0
0	0
0	0
0	0
4	0
0	0
0	0
0	0
0	0
1	1
0	0
0	0
228	2
0	0
0	0
0	0
0	0
2	56
56	0
0	0
0	57
0	0
0	0
1	0
0	0
0	0
0	0
0	0
4	23
0	56
0	0
0	0
0	8
0	200
0	2
0	0
0	0
0	0
0	0
55	0
0	0
0	0
0	0
3	422
0	0
1	0
0	0
0	0
0	0
0	0
0	0
0	0
0	0
1	0
0	0
0	0
0	0
0	0
0	0
0	0
0	0
0	0
0	0
0	0
0	45
0	0
1	0
0	0
1	0
0	0
0	0
0	0
0	0
0	0
0	0
0	71
0	0
0	0
0	0
0	0
0	4
0	0
0	0
0	0
0	0
0	0
3	0
6	353
0	0
0	0
2	0
1	204
0	0
0	0
0	0
0	0
2	0
0	0
0	0
0	0
0	0
0	2
0	0
0	0
0	0
0	0
4	111
0	0
0	0
0	72
0	0
0	0
1	10
0	0
0	0
0	0
0	78
0	0
0	0
0	0
0	0
0	0
0	0
0	0
0	0
0	0
0	33
0	0
0	0
0	62
18	3
0	0
2	0
0	0
8	2137
0	0
0	0
0	1
0	0
0	0
2	0
0	0
2	0
0	3
0	0
0	0
9	3528
1	0
0	0
0	0
0	0
0	0
0	0
1	0
0	0
0	0
0	0
0	0
0	0
0	0
4	1
1	318
0	172
0	0
1	0
0	0
0	0
0	0
0	0
0	0
3	4358
0	0
0	2
1	0
0	0
0	0
4	0
0	0
0	0
0	0
11	0
2	21
0	9
0	0
0	0
6	1524
0	0
0	0
0	0
0	0
0	0
1	2
4	0
1	0
2	0
0	0
2	0
0	0
0	0
1	0
0	0
1	6
0	0
0	0
0	0
0	0
0	10
0	0
0	0
0	0
0	9
0	0
0	0
1	5
0	0
0	0
0	0
0	0
0	0
0	0
0	29
0	0
0	0
0	40
0	0
0	0
0	0
7	346
0	0
0	0
0	0
0	4
0	0
2	0
0	0
0	0
0	0
0	0
3	0
0	0
0	0
0	0
0	0
2	5
20	83
0	6
0	0
0	0
0	0
16	570
0	0
0	0
10	0
0	0
0	0
0	0
0	0
0	0
0	0
2	17
0	0
0	0
0	0
0	0
0	0
0	0
0	0
0	0
0	0
0	0
0	0
0	0
0	0
14	4
2	2231
0	0
4	0
0	0
0	0
0	0
1	68
2	0
0	2
0	251
0	0
0	0
0	0
0	2001
0	0
0	0
0	0
0	0
0	0
0	0
1	23
0	0
0	0
0	0
0	0
0	0
5	0
0	0
0	0
0	0
0	0
0	0
0	0
0	0
0	0
0	0
0	0
0	0
0	0
0	0
0	0
0	0
0	0
0	0
0	0
0	0
0	0
0	0
1	0
1	0
0	0
1	48
0	0
0	0
0	0
0	0
0	0
0	0
0	0
0	0
0	0
0	0
11	0
0	0
0	0
0	0
0	43
0	0
0	0
15	19
0	0
0	0
0	0
0	0
1	3
0	0
0	0
0	0
0	0
0	0
0	0
0	0
0	0
0	0
0	0
0	0
0	0
0	0
3	210
0	25
0	0
0	0
0	0
0	0
169	66
0	0
0	0
0	0
0	0
0	0
0	0
0	24
0	0
0	0
0	0
0	1
0	0
0	0
0	0
0	0
0	0
0	0
0	0
0	0
0	0
0	0
0	0
0	0
0	0
0	0
0	0
0	0
0	0
1	0
0	0
0	0
7	0
0	3
0	0
0	0
3	0
0	0
0	0
3	627
0	0
0	0
0	0
0	0
1	0
0	0
0	0
0	2
0	0
0	0
0	0
0	0
0	11
0	0
3	3703
0	0
0	0
2	88
2	259
0	0
6	0
1	0
0	0
0	0
0	2
0	0
0	0
0	0
0	0
0	0
0	0
8	0
0	0
0	0
0	0
0	0
0	4
0	0
0	0
0	2
0	0
0	0
0	20
0	0
0	0
0	0
0	534
0	0
0	0
0	25
0	0
0	0
0	0
0	0
0	0
1	6
0	0
0	0
0	0
5	0
0	0
0	0
0	0
2	0
6	0
0	0
0	10
0	0
0	0
0	0
0	0
0	0
0	0
0	0
1	134
0	0
0	0
0	0
0	0
0	0
0	0
0	0
0	0
0	0
0	0
0	38
0	0
0	0
0	0
0	0
0	0
0	0
0	0
3	2
0	1
0	0
0	0
0	0
0	0
0	0
0	0
2	0
0	0
0	0
0	11
0	0
0	0
0	0
0	0
0	0
2	15
0	0
0	10
0	0
0	0
1	0
0	0
1	0
0	0
0	0
0	0
0	0
0	0
0	0
0	2
0	0
0	0
0	0
0	4
3	0
2	5330
0	0
3	0
0	0
0	239
0	0
0	0
0	0
0	0
1	0
5	0
0	0
0	0
19	0
0	0
0	57
0	0
0	0
0	0
0	0
0	0
2	76
0	0
0	0
0	0
0	0
0	0
1	0
0	0
0	0
1	21
0	25
0	0
0	0
0	12
1	0
0	3
0	0
0	0
0	0
4	1
0	9
0	5
2	12
0	0
0	0
0	0
0	0
0	0
0	0
0	0
0	0
0	0
0	0
0	0
0	0
0	0
0	0
0	0
1	0
0	0
0	0
2	0
0	0
0	0
0	0
0	0
0	0
0	12
0	0
0	0
0	0
0	0
0	0
0	0
0	0
0	0
0	0
0	0
0	0
0	0
8	0
4	0
0	0
0	0
0	0
3	0
0	0
0	0
0	0
0	1
0	0
10	5
0	0
0	0
0	0
8	17
0	151
0	14
0	0
0	0
0	0
0	0
0	0
11	0
0	0
0	0
0	0
3	0
2	0
0	22
0	0
0	569
2	0
2	0
0	0
0	0
0	0
0	0
0	0
0	0
0	0
0	0
0	0
0	0
1	14
2	345
0	605
0	0
0	0
0	0
0	0
0	0
0	0
0	0
0	0
0	0
0	0
0	2
0	0
0	0
0	0
0	0
0	0
0	0
0	1
0	446
0	0
0	0
0	0
0	0
0	0
0	0
0	0
0	30
0	0
0	0
0	0
0	0
0	0
0	0
0	0
0	0
0	0
0	0
0	0
0	0
0	0
2	8
0	0
4	0
0	0
0	0
0	0
0	0
0	0
0	0
0	0
0	0
0	0
6	225
1	0
0	0
0	0
0	0
0	0
0	0
0	0
0	0
0	0
1	0
0	0
0	51
0	0
0	51
0	0
0	2
1	12
0	0
1	44
0	1106
0	0
45	0
0	0
0	3
4	0
0	0
0	0
0	0
0	0
0	4
0	0
0	0
0	0
0	0
0	0
0	0
1	0
0	0
0	0
7	0
0	0
0	0
237	326
0	0
0	0
0	0
0	1
3	0
0	0
0	0
0	0
0	0
0	0
0	0
0	0
0	0
0	0
5	3338
0	0
1	20
6	0
0	0
0	0
0	0
0	0
0	0
0	0
0	0
0	0
12	0
0	0
0	0
0	0
0	0
0	0
0	0
0	0
0	0
0	0
1	0
0	0
0	0
0	0
0	0
0	0
0	0
0	0
0	0
0	0
0	0
0	0
0	0
0	0
0	0
0	0
0	0
0	0
0	0
0	0
0	0
0	0
0	0
0	0
0	0
0	7
0	0
0	0
0	0
0	0
0	0
0	0
0	0
1	186
0	0
0	0
0	0
0	0
0	0
0	0
0	0
0	0
0	0
0	0
0	0
1	0
0	0
0	0
0	0
0	0
0	0
0	0
0	0
0	0
0	0
0	0
1	0
0	0
0	0
2	0
0	133
0	0
0	0
0	0
1	0
0	0
0	0
0	0
0	0
0	0
0	0
1	0
0	0
0	0
0	0
0	0
0	0
0	0
0	0
0	0
0	0
0	0
0	1779
0	0
0	0
5	330
0	0
0	0
0	0
0	0
0	134
0	0
0	0
0	0
0	0
0	0
0	0
0	0
0	0
0	0
2	0
0	0
0	0
0	0
0	13
0	0
0	6
0	0
0	0
0	0
0	0
0	3
0	0
1	2
0	0
0	0
18	0
0	0
0	1078
0	0
0	0
1	0
0	0
1	0
0	0
0	0
0	0
0	0
0	0
0	0
0	0
0	0
1	0
0	0
0	0
2	0
0	84
0	0
0	3
0	0
0	0
0	0
0	0
0	0
0	0
0	0
0	0
0	0
0	0
1	502
0	0
0	0
0	0
0	0
0	0
0	0
0	0
0	0
0	0
0	0
0	0
0	2
0	0
0	0
0	0
0	0
0	0
1	0
0	0
0	1
0	0
6	56
0	0
0	0
0	0
0	0
0	191
0	0
0	0
1	0
0	4
0	0
0	0
0	0
2	0
0	0
0	1691
0	0
0	0
0	0
0	0
0	0
0	0
0	0
0	0
0	0
0	0
0	0
0	0
0	0
0	0
0	0
0	0
0	0
0	0
0	0
0	0
0	0
0	0
0	0
0	0
2	0
0	0
0	0
0	0
0	277
0	0
0	0
0	0
0	0
14	0
0	0
46	0
0	0
0	0
0	0
0	0
26	0
0	0
0	0
0	0
0	0
0	0
0	0
0	0
0	0
2	0
0	0
0	0
0	0
1	0
0	0
1	9
10	97
0	0
0	0
0	0
0	0
0	0
0	0
0	0
0	0
0	0
0	0
0	0
0	11
0	0
0	0
0	0
0	0
0	0
0	0
0	0
0	1
0	0
0	0
0	0
0	0
0	0
0	0
0	0
0	0
0	0
0	0
1	3
0	0
0	0
0	0
1	0
0	0
0	0
1	0
6	535
0	0
1	0
0	1
0	1
0	0
0	0
1	379
0	0
0	0
0	0
0	0
0	0
1	206
0	0
0	0
0	0
0	0
0	0
0	0
0	9
0	0
0	0
0	0
0	0
0	0
0	0
0	0
0	139
0	0
0	0
0	0
0	265
0	0
0	0
0	0
0	0
0	0
0	0
0	0
0	156
6	79
0	0
0	0
1	0
1	0
0	0
0	0
0	0
0	0
0	0
0	0
0	0
0	0
4	4
0	0
2	1
7	542
6	0
0	34
0	0
0	0
0	0
0	0
0	2
0	0
7	4873
0	0
0	0
0	0
0	0
2	0
0	20
0	0
0	0
0	0
0	0
0	0
0	0
0	0
5	0
2	0
1	5
3	0
0	0
0	0
0	0
1	5
0	0
2	0
0	0
0	0
0	0
0	0
0	0
0	0
0	0
0	2
1	0
0	0
0	0
0	0
0	0
0	0
0	0
0	0
0	0
0	0
0	0
0	0
0	4
0	0
0	0
0	0
0	0
0	0
0	0
0	0
0	0
0	0
0	0
1	0
0	0
0	0
0	0
0	0
0	0
5	0
0	0
0	0
0	0
0	0
0	0
0	0
0	0
0	0
1	0
0	0
0	0
0	0
0	0
1	3559
0	0
0	0
0	0
0	0
0	0
0	0
6	0
0	0
2	426
0	0
0	0
0	0
0	0
0	0
0	0
0	0
2	0
0	0
2	0
0	0
0	0
0	0
0	0
0	0
0	1
0	0
0	558
0	0
1	9
1	0
0	0
0	0
0	0
0	0
0	44
0	0
16	23
0	0
0	0
0	4066
0	0
0	0
0	0
0	0
0	0
0	0
0	22
0	0
0	0
0	0
0	0
0	0
0	0
0	0
0	0
0	0
0	0
0	0
0	0
0	0
0	0
0	0
0	0
0	2
0	0
2	0
0	0
1	0
0	0
0	0
0	0
9	19855
0	0
0	0
3	16
1	0
0	163
0	4
0	0
0	0
0	0
0	0
0	715
2	0
0	0
0	0
0	0
0	1
0	0
0	1
0	0
0	0
0	0
0	0
0	0
0	0
0	3
0	0
0	0
0	0
0	0
0	0
0	0
0	0
0	0
0	0
0	0
0	0
1	0
0	0
1	599
0	0
0	0
1	17
0	0
0	0
0	0
0	0
0	0
0	0
411	0
0	0
0	11
0	0
0	306
0	0
0	0
0	0
0	0
0	0
0	0
0	0
0	0
0	0
0	0
0	370
0	0
0	0
0	0
0	0
0	28
0	0
0	0
0	0
0	0
0	0
0	0
0	0
0	0
0	0
1	0
0	0
0	0
0	0
0	0
0	0
0	0
0	0
0	0
0	2396
0	0
0	0
0	0
0	0
0	0
0	0
0	0
0	0
0	0
0	0
6	25
1	0
0	0
1	390
0	0
0	0
0	0
1	0
0	0
0	0
0	0
0	0
0	0
0	0
0	0
0	0
0	0
2	0
0	0
0	0
0	0
0	0
0	0
0	0
0	0
0	0
0	0
0	0
0	0
0	0
1	0
0	0
1	0
0	0
0	73
0	0
0	0
0	0
0	0
0	0
0	0
0	0
0	0
0	0
2	0
2	0
0	0
0	0
0	0
0	0
0	26
0	0
0	0
0	0
0	0
2	9
0	0
0	0
0	3
0	0
0	0
0	0
0	0
0	0
0	0
2	0
0	0
0	91
0	0
6	857
0	0
0	0
0	631
0	0
4	0
0	3139
0	13
1	0
0	0
1	91
0	4
2	161
0	0
0	0
0	0
0	0
0	0
0	0
0	0
0	0
1	1
0	0
0	0
5206	7342
0	0
0	0
0	0
0	0
0	1
0	0
0	29
0	0
6	0
0	0
0	0
0	1
0	0
0	0
0	0
0	0
0	0
0	0
0	0
0	0
3	0
136	0
0	0
0	0
0	0
0	0
0	0
0	0
0	0
0	0
0	0
0	0
11	2093
0	0
0	0
0	0
0	0
0	0
0	0
1	0
0	0
0	0
0	0
0	0
0	0
0	0
0	0
0	0
0	0
0	0
0	0
0	0
0	0
1	0
0	0
0	0
0	0
0	0
0	0
0	0
0	0
0	8789
11	10
0	0
6	0
1	0
0	0
0	0
3	1027
0	0
0	0
0	0
0	0
0	0
0	0
0	0
2	0
6	0
0	0
0	0
0	0
0	0
0	0
0	0
0	0
0	0
4	4808
0	268
1	1437
0	0
0	0
1	0
0	0
1	838
0	0
0	0
0	0
0	0
0	0
0	0
1	0
1	0
0	0
0	0
0	0
0	0
0	0
0	0
0	0
2	0
0	0
0	0
0	0
0	0
0	2
0	0
1	0
0	0
7	0
0	0
0	0
0	0
0	0
0	0
0	0
0	0
0	0
0	0
0	0
0	0
0	0
0	237
0	0
0	0
0	0
0	0
0	0
0	0
0	0
2	5
0	0
11	0
1	0
1	0
0	0
0	0
0	0
0	1
18	47
0	0
0	0
2	0
0	0
0	0
0	0
0	0
0	0
0	0
0	0
0	0
0	0
0	0
0	0
12	0
0	0
0	7
0	0
0	0
0	0
0	0
0	0
0	0
0	0
0	0
0	0
0	0
0	0
0	0
0	0
3	0
0	0
0	0
0	0
0	0
38	30651
0	0
0	0
0	3
0	0
0	12
0	0
204	30
0	0
0	0
0	0
0	0
0	0
0	0
0	0
0	0
0	0
0	0
0	0
0	0
4	0
0	0
2	14
5	0
0	0
0	0
0	0
0	0
0	43
0	0
0	0
0	4
0	0
0	0
0	222
0	0
0	0
0	2609
0	0
0	0
1	35
0	0
0	0
0	0
4	0
0	0
0	0
0	0
0	0
0	0
1	0
0	0
0	0
0	0
0	0
0	0
0	2205
0	0
0	0
1	0
0	276
0	0
0	1
0	0
1	3
0	0
0	0
0	0
0	0
0	0
0	0
1	0
0	0
0	0
0	0
0	0
0	0
0	0
0	0
0	0
0	0
0	0
0	0
2	93
0	0
0	0
1	0
0	0
0	0
0	0
0	0
0	0
0	0
0	0
0	0
0	0
0	0
0	0
0	0
0	0
0	0
0	0
0	0
0	0
0	0
0	0
0	0
2	0
0	0
0	0
0	0
0	0
3	413
0	0
4	0
0	0
0	0
3	0
0	0
0	0
0	152
0	8
11	0
5	0
0	0
0	0
0	0
0	0
0	0
0	0
0	0
0	0
0	0
0	0
1	0
0	0
0	0
2	0
10	0
0	0
0	0
0	0
0	0
0	0
0	0
0	0
0	0
0	0
0	0
0	0
3	0
1	0
7	0
1	0
2	0
0	17
0	0
0	0
0	0
0	0
0	0
0	0
6	0
0	0
0	0
0	0
0	0
0	0
0	0
14	0
0	0
0	0
0	0
0	0
0	0
0	0
0	0
0	0
0	0
0	0
5	0
0	0
3	2676
0	0
0	0
0	0
0	0
0	17
0	0
0	0
0	0
0	0
0	0
0	0
0	0
0	0
2	77
0	0
3	0
0	0
0	0
0	0
0	0
0	0
0	0
0	0
0	0
0	0
0	0
0	0
0	0
0	0
0	0
0	0
0	0
0	0
0	0
0	0
0	0
0	0
0	0
0	0
0	7
0	0
0	0
0	0
0	0
0	0
0	0
0	0
0	0
0	0
0	0
1	0
0	0
0	0
1	53
1	0
0	0
0	0
0	0
0	0
0	0
0	0
0	1
0	0
0	0
0	0
0	0
0	0
0	0
0	0
0	0
0	0
0	2
0	0
0	0
0	0
0	0
0	0
0	0
0	0
0	0
0	0
0	0
0	0
0	0
0	0
0	0
0	0
2	0
0	0
0	0
0	0
0	0
0	0
0	0
0	0
7	0
0	0
0	0
12	8
0	31
0	0
0	0
0	0
0	0
2	0
0	0
0	142
0	0
0	0
8	193
0	0
0	0
1	0
0	0
0	0
0	0
0	0
0	0
0	0
0	0
0	0
0	0
0	0
0	0
0	0
0	0
0	0
0	0
0	0
0	0
0	25
1	2176
0	0
0	0
0	0
0	0
0	0
0	0
0	0
0	0
0	0
0	0
0	0
0	0
0	0
0	0
0	0
1	0
0	0
0	0
0	0
0	0
0	0
1	0
0	0
0	0
0	0
0	0
0	0
0	0
0	0
0	0
0	0
0	0
0	0
0	0
0	0
0	0
0	0
0	0
1	0
3	0
0	0
1	8
0	0
1	0
4	0
0	0
2	0
0	0
0	0
0	0
0	0
0	0
0	0
0	0
0	32
0	0
0	0
0	0
0	0
0	0
0	0
0	0
0	0
0	0
0	0
0	0
0	0
0	13
0	0
0	0
0	0
0	656
0	0
0	0
2	772
0	0
0	0
0	0
0	0
0	0
0	0
2	0
0	0
0	0
0	0
0	0
0	2318
0	0
0	0
0	0
0	269
0	0
0	351
0	0
5	0
0	0
0	0
0	0
0	0
0	0
0	0
0	0
0	0
0	0
0	0
0	0
1	9
0	1
0	0
0	7
0	0
0	1
1	0
0	0
0	0
0	0
1	0
0	0
0	0
0	0
0	0
0	0
0	0
0	0
0	0
0	0
0	0
0	0
0	0
0	0
0	0
0	0
0	0
0	0
0	0
0	0
0	0
1	0
0	0
0	0
0	0
0	0
0	0
0	0
0	0
0	0
19	0
0	0
0	0
0	0
0	0
0	0
0	0
1	0
0	0
50	22304
0	0
0	0
0	0
0	0
0	0
0	0
0	0
0	0
0	0
4	6
0	0
1	0
0	0
0	0
0	0
0	0
0	0
0	0
4	0
0	0
0	0
0	0
0	0
0	0
0	0
0	0
0	0
0	0
0	0
0	0
0	0
0	0
0	0
0	0
1	16
10	2
127	29
0	0
0	0
0	0
0	0
0	0
35	60
0	0
0	0
0	0
1	0
0	0
0	1
0	0
0	0
0	0
0	0
0	0
0	0
0	0
0	0
0	0
0	0
0	0
0	0
0	0
58	2
0	0
0	0
0	0
0	0
0	1
0	0
0	0
0	0
0	0
0	0
0	0
0	0
14622	36655
0	0
0	0
0	0
2	0
0	0
0	1
0	0
0	0
0	0
0	0
0	9
0	0
0	0
36	0
0	105
0	0
0	2
0	0
0	0
0	0
0	0
0	0
0	0
0	0
0	0
1	0
1	4
0	0
0	0
0	0
0	0
1	0
0	0
1	0
0	0
0	0
0	0
0	0
0	0
0	0
0	0
0	0
0	0
0	31
20	1871
0	0
1	0
0	0
0	0
3	0
2	1976
0	0
0	0
0	66
0	3
0	0
0	0
0	0
0	0
0	0
0	0
4	539
0	0
0	23
0	0
0	0
1	0
1	0
0	0
4	0
2	9057
0	0
0	0
0	192
0	0
0	0
0	0
0	0
0	0
0	0
0	0
0	0
0	0
0	0
0	0
0	0
0	0
0	0
0	0
0	0
0	216
0	0
0	0
0	0
1	1
0	0
0	0
0	0
0	0
0	209
0	0
0	71
1	0
0	0
0	0
0	0
0	0
0	0
3	0
0	0
0	0
0	0
0	0
0	0
0	0
7	0
1	0
0	0
0	0
24	22
0	0
0	0
9	22
0	0
0	0
30	105
0	0
0	0
0	0
0	0
0	1
0	3
0	0
0	0
0	0
0	0
0	0
0	0
0	0
0	0
0	0
0	0
0	0
0	0
0	0
0	0
0	0
0	0
0	0
0	0
0	0
0	0
0	0
1	0
0	0
0	0
0	19
0	0
0	0
0	0
0	0
0	0
0	301
0	0
0	0
0	0
0	0
0	0
0	0
0	0
0	0
3	0
0	0
0	0
2	0
0	0
0	0
0	0
0	0
0	0
0	0
0	0
0	0
0	0
0	0
0	0
0	0
0	0
0	0
15	0
0	0
0	0
0	0
0	170
0	0
0	0
0	0
6	0
0	0
0	0
0	0
1	0
12	0
0	0
10	1523
0	0
0	0
0	0
0	0
0	0
0	0
0	0
0	0
1	0
0	0
0	0
0	0
0	0
0	0
0	0
0	0
0	0
0	0
1	0
0	0
0	0
0	0
0	0
0	0
0	0
0	0
6	1190
0	0
0	0
0	313
0	0
0	0
0	0
0	0
0	0
0	39
0	0
2	0
0	1
0	0
0	0
0	0
0	0
0	0
0	0
0	0
0	0
0	211
0	0
0	0
0	0
0	0
0	0
0	0
0	0
0	0
0	0
0	0
0	0
0	0
15	0
0	0
0	0
0	0
0	0
0	0
0	0
0	0
0	0
0	0
0	0
0	0
10	0
0	0
0	0
0	0
0	0
0	0
2	100
0	0
0	0
0	6
0	0
0	0
0	0
0	0
1	0
0	0
0	0
0	0
0	0
0	0
0	0
0	0
0	0
0	0
0	0
0	0
0	0
0	0
0	0
0	0
0	0
0	0
0	0
0	0
0	0
0	0
0	0
0	0
0	0
0	0
0	0
1	0
0	0
0	0
0	0
0	0
0	0
0	0
0	0
5	0
0	0
0	0
0	0
0	0
1	224
77	446
0	0
0	0
0	0
0	0
0	0
0	0
0	0
0	0
0	0
0	0
0	0
0	0
3	64
0	0
0	0
0	5951
0	0
0	0
0	0
0	0
0	0
0	0
0	0
0	0
0	0
0	2
0	0
0	466
0	0
0	0
0	0
0	0
0	0
0	0
0	0
0	0
0	0
0	0
1	0
0	0
0	0
0	0
1	0
27	15
0	0
5	6
57	0
1	0
1	0
3	0
2	0
0	0
0	0
0	0
1	0
0	0
0	0
0	0
0	0
1	0
0	0
0	0
0	0
0	0
0	0
0	0
0	14
2	0
0	203
0	0
0	0
0	0
0	0
0	0
1	0
0	0
0	0
0	509
0	0
0	0
0	0
0	0
0	0
5	0
6	3041
0	0
0	0
0	0
0	0
0	0
0	0
0	0
4	1
0	0
0	14
2	768
0	0
1	0
0	0
2	79
0	0
0	0
12	0
0	0
0	0
0	0
0	0
0	0
0	0
0	0
0	0
1	0
0	0
0	0
3	4446
0	0
0	0
0	0
0	0
0	0
0	0
0	0
0	0
0	0
1	0
0	0
1	0
0	0
1	0
1	163
0	0
1	0
0	0
0	0
0	0
0	0
0	0
0	0
0	0
0	5
0	0
45	11
0	0
0	0
1	0
0	0
0	0
0	0
0	0
0	0
0	0
0	0
0	0
0	0
0	0
0	0
0	0
0	59
0	61
0	0
0	0
0	3
0	0
9	0
1	2
0	0
0	0
0	0
1	0
0	0
0	0
0	0
0	0
0	0
0	0
0	0
0	0
0	0
1	0
5	322
0	0
0	617
2	39
0	28
6	324
1	83
0	0
0	0
0	34553
1	0
1	0
0	0
0	0
1	0
6	34
0	0
0	0
0	0
57	41
0	0
0	0
0	0
0	0
0	0
6	2
0	0
0	0
0	0
0	0
0	0
0	0
0	0
1	2
41	0
8	0
0	0
0	0
0	0
0	0
5	0
0	0
0	0
0	0
0	0
0	0
7	0
2	188
0	0
0	0
0	0
0	2
0	0
0	0
0	0
0	0
0	0
1	0
0	0
0	0
0	0
0	0
0	0
0	72
0	0
0	0
0	0
0	0
0	0
0	0
0	0
0	24
0	0
0	0
0	0
0	0
0	0
0	0
0	0
0	0
0	0
0	0
0	0
0	0
0	0
0	9
0	0
0	0
0	0
0	0
0	0
0	0
0	0
0	0
0	0
0	0
10	0
0	0
0	0
0	0
0	0
0	0
0	0
0	0
0	0
3	0
4	0
39	4
0	0
0	0
0	0
0	0
0	0
0	0
0	0
0	3
0	967
0	0
0	0
0	0
0	0
0	0
0	376
0	0
0	0
0	0
0	54
0	0
0	0
0	0
0	0
0	0
0	0
0	0
0	0
0	0
0	0
0	5
0	0
0	49
0	0
0	0
0	0
3	0
0	0
1	0
0	0
0	0
0	0
0	0
0	0
1	3
0	0
0	0
0	0
0	0
0	62
0	0
0	0
0	0
0	0
0	0
0	0
0	0
0	0
0	0
0	1
0	0
0	232
0	0
0	0
0	0
0	0
0	76
0	0
0	0
0	0
0	0
0	0
1	127
0	0
0	0
0	0
0	0
9	0
0	0
0	0
2	0
0	0
0	0
0	0
1	0
0	0
0	0
3	1
1	0
0	0
0	0
0	0
0	0
0	11
0	0
2	0
0	0
0	0
0	0
0	0
0	58
0	0
0	0
1	0
0	0
0	0
0	0
0	0
0	0
0	0
0	0
0	0
0	0
0	0
0	0
0	0
1	0
0	0
0	18
0	0
0	0
1	8
2	0
0	0
0	0
0	0
0	102
0	4
0	0
0	0
0	0
0	0
0	0
0	0
0	0
0	0
0	0
0	0
0	0
0	0
0	0
0	0
0	0
0	0
0	12217
0	2
0	0
0	0
27	2
4	0
0	0
0	0
0	0
0	0
0	0
0	0
0	0
0	0
0	0
0	0
0	0
2	51
0	0
0	0
1	2
0	0
1	11
0	0
0	0
13	8758
0	0
4	0
0	0
0	0
0	0
0	0
0	0
0	0
0	0
1	0
0	0
22	1358
0	0
0	0
0	0
0	0
3	0
1	20
0	0
0	0
2	0
0	0
0	0
0	0
1	0
0	0
0	0
0	0
0	0
1	1
0	0
1	0
0	0
0	0
0	0
0	0
0	0
0	0
0	0
0	0
0	0
0	0
0	1
0	0
0	0
0	0
0	0
0	0
0	0
0	0
0	0
0	0
0	0
0	0
0	0
0	7
0	0
0	0
0	0
0	0
0	0
0	0
0	0
0	0
0	0
0	0
0	0
0	0
0	0
0	0
0	0
0	0
0	0
0	0
0	0
0	0
0	0
0	0
0	0
6	7
0	0
0	0
0	0
0	0
1	0
0	0
0	3055
1	0
0	1
1	53
0	0
0	0
0	0
0	0
0	3
0	0
0	0
1	0
0	0
8	0
0	0
0	0
0	0
0	0
0	0
0	0
0	0
0	0
0	0
0	0
2	0
0	0
0	0
0	18
0	0
0	0
0	0
0	0
0	0
0	0
0	12
0	0
0	0
0	0
0	0
0	0
0	0
0	0
0	0
0	0
6	0
0	0
0	8
0	1
0	0
0	0
0	0
0	0
0	0
0	0
0	0
0	0
0	0
8	1
0	0
0	0
0	0
0	0
0	0
1	0
0	0
0	0
0	0
0	0
0	0
0	0
0	0
0	0
0	4
1	0
0	0
0	0
1	0
0	0
0	0
1	0
0	0
0	0
0	0
0	0
0	0
0	1
0	0
0	27
0	0
0	13
0	0
0	0
0	0
0	0
0	29
0	0
0	0
0	0
0	0
0	0
0	3440
1	0
1	13873
0	0
0	0
0	0
0	0
0	0
0	0
0	0
0	0
0	0
1	366
0	0
0	0
0	0
0	0
0	0
6	0
0	0
0	0
0	0
2	1369
0	0
2	0
3	3
0	0
0	0
5	25
0	1
0	0
0	0
1	0
0	0
0	0
0	0
0	0
0	0
0	0
0	0
0	0
0	0
0	0
0	0
0	1
0	0
0	0
0	0
1	0
3	0
0	23
0	0
0	0
0	0
0	0
0	0
0	0
0	14
0	0
0	25
0	0
0	25
0	0
0	0
0	0
0	0
0	0
0	1
0	0
0	0
0	0
0	0
0	0
0	0
0	0
0	0
0	0
1	0
0	0
0	0
0	0
0	0
0	0
0	0
0	0
1	124
0	0
0	0
0	0
0	0
0	0
0	0
0	0
1	0
0	0
0	0
0	0
0	0
0	0
0	0
0	0
0	0
1	0
0	0
0	0
0	0
0	0
0	0
0	0
0	0
0	0
0	0
0	0
0	0
0	0
0	0
0	0
0	0
0	0
0	0
0	0
0	0
0	0
0	0
1	0
0	0
0	0
2	0
0	0
0	165
23	24
0	14
0	43
0	7
0	0
0	2
0	0
0	0
0	0
0	0
0	0
0	0
0	0
0	0
0	0
0	0
0	0
0	0
0	0
0	0
0	0
0	0
0	0
0	0
0	0
0	0
12	0
0	0
0	0
1	1450
0	0
0	0
0	0
0	6
0	0
0	0
0	0
0	0
0	0
5	11
0	0
0	0
0	0
0	0
0	0
0	0
0	0
0	0
0	0
0	60
0	0
0	0
0	0
0	411
0	0
0	0
0	0
0	0
0	0
0	0
0	0
0	0
0	0
0	0
1	0
0	0
0	0
0	0
0	0
0	0
0	0
0	5
2	12
5	0
0	0
0	0
0	0
0	0
0	5
0	0
1	0
0	0
0	0
0	0
0	0
0	0
0	0
0	0
0	0
0	0
0	0
0	474
0	0
0	0
1	0
0	0
0	0
0	0
0	0
0	0
0	0
2	0
0	0
0	0
0	0
0	0
0	0
0	0
0	0
0	0
2	258
0	0
0	0
0	0
0	0
0	0
2	0
0	0
0	0
0	0
0	0
0	0
0	0
0	0
0	0
0	0
0	0
0	0
1	0
3	2
0	1
0	0
0	0
0	0
0	0
6	0
0	0
0	0
0	0
173	218
0	0
0	0
0	0
0	0
0	0
0	0
0	0
0	0
0	0
0	0
0	0
0	0
5	0
0	0
0	0
0	0
0	0
0	0
0	0
12	180
0	0
0	0
4	0
0	0
9	0
0	0
0	0
0	0
0	0
0	0
18	0
0	0
0	0
0	0
0	0
0	0
0	0
0	0
0	0
0	0
0	0
39	0
0	2
627	1
0	0
518	314
0	0
0	0
0	0
0	0
0	0
0	0
0	0
0	0
0	0
14	269
2	0
0	0
0	0
0	0
0	0
0	0
0	0
0	0
0	0
0	0
0	0
0	0
0	0
0	225
0	0
9	0
0	67
0	0
0	0
0	0
0	0
0	0
0	0
0	0
0	0
0	0
0	0
0	0
0	0
0	0
2	264
0	0
0	0
0	0
0	3
2	6
0	0
0	0
1247	44724
0	0
0	0
0	1
0	0
0	0
0	0
0	0
0	0
0	0
0	0
0	0
0	0
0	0
0	0
0	0
0	0
0	0
0	0
1	0
0	0
0	0
0	0
1	0
0	0
13	0
0	0
0	0
0	2
3	0
0	0
0	0
0	0
0	0
0	0
0	0
0	0
0	0
0	0
0	0
0	0
1	0
0	0
0	0
1	0
0	0
2	2
0	0
0	0
0	0
0	0
1	2
0	0
0	0
0	0
2	6335
0	0
0	0
0	0
0	0
1	0
0	0
0	0
1	0
0	0
0	0
0	0
0	0
0	0
0	0
0	0
0	0
0	0
0	0
0	0
0	0
0	0
0	0
0	0
0	3
0	0
0	0
0	0
0	0
0	0
2	0
0	0
0	0
0	0
0	0
0	0
0	0
0	0
0	0
1	0
0	0
0	0
16	0
0	0
0	0
0	0
0	20
0	0
0	0
0	0
0	0
3	42
0	6
0	0
1	1
0	0
0	0
0	0
0	0
8	0
0	0
0	0
0	0
0	2
0	0
0	0
0	0
0	0
0	0
0	0
0	0
0	0
0	0
0	0
0	0
0	0
0	0
0	0
0	0
15	854
2	0
0	0
0	0
0	377
0	0
0	0
0	0
0	0
0	0
0	0
0	0
0	0
0	0
0	0
0	0
0	0
0	0
0	0
1	0
0	0
0	0
0	0
0	0
0	0
0	0
3	0
0	0
0	0
0	0
0	0
0	0
0	0
1	0
4	1834
0	0
1	0
1	0
0	0
0	0
0	0
0	9
8	5
0	0
2	1
0	0
0	0
0	0
0	0
0	0
0	0
0	0
1	0
0	0
0	0
0	0
0	0
0	0
0	0
0	19
0	0
0	1
0	0
0	0
0	0
0	0
0	0
0	0
0	0
0	455
1	0
0	0
0	0
0	10
0	0
0	0
0	0
0	0
0	0
0	0
0	0
0	0
0	0
0	0
0	0
0	0
2	10
0	0
0	0
0	0
0	0
0	0
0	0
0	0
0	0
0	0
0	0
2	0
0	0
0	0
0	0
0	0
0	0
1045	1235
0	0
0	0
0	0
0	0
1	0
0	0
2	0
0	0
0	0
2685	15
0	0
0	0
0	0
0	0
0	0
0	0
0	10
0	0
0	0
1	0
0	0
0	0
0	0
0	0
0	0
0	0
0	0
0	0
0	0
0	0
0	0
1	0
0	0
0	0
0	0
0	0
1	0
0	0
0	0
0	0
0	0
0	0
0	0
6	0
0	0
0	0
0	0
0	0
0	0
0	0
0	0
0	0
0	0
11	34
0	0
0	0
0	0
0	0
0	0
0	0
0	0
1	0
0	72
0	0
0	0
0	0
0	0
0	0
0	0
6	843
3	148
0	0
0	0
2	0
0	0
0	0
0	0
0	0
0	0
0	0
0	0
2	0
0	0
0	0
0	0
0	0
0	0
0	0
0	0
0	1
10	3
0	0
0	0
0	31
0	0
1	0
0	0
0	0
1	0
0	0
0	0
0	0
0	0
0	0
0	0
4	0
0	0
0	0
0	0
0	0
0	0
0	0
0	0
0	2
0	0
0	0
0	0
0	0
0	0
0	0
0	0
0	0
8	0
0	0
0	0
10	148
1	0
0	0
0	0
0	0
0	0
0	0
5	0
0	1
2	17
0	0
0	0
3	0
0	0
0	0
0	0
0	0
0	0
0	0
0	0
0	0
0	0
0	0
0	0
0	0
0	0
0	0
0	0
0	51
0	0
0	0
0	0
0	0
0	0
1	0
0	0
0	0
7	0
0	0
0	0
0	0
0	0
0	0
0	0
0	0
0	0
0	0
0	0
0	0
0	0
2	0
0	0
0	0
0	0
0	68
0	0
0	0
0	1
0	0
0	0
0	0
1	0
0	0
0	0
0	0
0	0
0	0
0	0
1	2
0	0
0	171
0	0
0	5
0	0
0	0
1	0
0	0
0	16
0	0
0	0
0	0
0	0
0	0
0	0
0	0
0	0
0	0
11	0
0	0
0	0
0	0
0	1
0	0
0	0
11	14
0	0
0	0
0	13062
0	0
0	0
0	0
0	0
0	0
0	0
1	0
0	0
0	0
0	0
0	0
0	2
0	0
0	0
0	0
0	753
0	13
0	0
0	0
0	0
2	94
0	2
0	0
1	0
0	1
0	0
0	0
0	0
0	0
0	0
0	0
0	0
0	8
0	123
0	0
4	2
0	0
0	0
0	0
2	0
0	0
0	0
1	0
0	0
0	0
0	0
0	0
0	0
0	22
0	0
0	0
0	0
1	18
0	0
0	1003
0	0
0	0
2	0
0	0
0	0
0	0
0	0
0	0
0	40
0	0
0	0
0	0
0	430
0	0
0	0
0	0
0	0
0	0
0	1
0	0
27	0
0	0
0	0
0	0
0	0
0	0
0	0
0	0
0	0
0	0
0	0
0	0
0	0
0	0
0	0
0	0
0	0
2	1
0	207
0	0
0	0
0	0
0	0
11	0
24	1
0	0
1	9
0	0
0	0
3	14
0	0
0	0
0	0
0	0
2	1
0	0
0	0
0	0
0	0
0	0
1	2
1	13
0	7
0	0
0	38
0	0
0	0
1	4
0	2
0	0
0	11
0	0
11	9
2	0
0	0
0	0
3	4433
0	0
0	0
0	50
4	19
0	0
0	0
0	0
1	0
1	256
0	0
0	0
0	0
0	18
0	0
0	0
0	0
0	0
0	0
0	0
0	0
0	0
0	0
0	0
0	0
20	4085
0	0
0	0
0	0
0	0
0	0
0	0
0	0
1	45
0	0
0	0
0	0
2	29
0	0
16	674
0	0
0	0
0	0
0	0
0	0
0	0
0	0
0	0
0	0
0	0
0	0
0	0
0	0
1	0
1	12
0	0
0	0
0	0
0	0
0	0
0	0
0	0
2	0
0	0
0	0
0	0
0	0
0	0
0	10
1	0
0	0
0	0
0	0
0	0
0	0
0	0
0	0
1	2
0	0
17	0
0	0
0	0
1	0
0	0
0	0
1	53
1	0
1	0
0	0
9	158
0	10
0	0
3	34
0	0
0	0
1	0
0	0
0	0
0	0
0	0
0	0
0	0
2	0
0	0
0	0
0	0
0	0
0	0
1	4
6	53
0	0
0	0
0	0
0	0
0	0
0	0
0	0
0	0
0	0
0	0
0	0
0	0
0	37
0	0
0	0
0	0
2	0
0	0
0	0
0	0
0	0
0	0
3	0
0	0
0	0
0	0
0	0
0	0
0	0
0	0
0	0
0	0
0	0
0	0
3	435
0	2
2	6
0	0
6	0
0	0
0	0
307	956
1	11
0	0
0	0
1	0
0	0
0	0
0	0
0	0
0	268
0	0
0	0
0	0
0	0
1	0
0	0
0	0
0	0
5	0
0	1
0	0
0	0
0	0
0	0
0	0
0	0
0	0
0	0
2	420
0	0
0	0
106	119
0	102
0	0
1	0
4	0
0	0
2	514
0	0
0	0
0	0
0	0
0	0
0	0
0	0
0	0
0	0
0	0
0	0
0	0
0	0
0	0
0	0
0	29
0	0
0	0
0	0
0	0
0	0
0	0
0	0
0	0
0	0
0	0
0	0
0	0
2	0
0	0
0	0
0	0
0	0
0	0
1	0
1	0
0	75
0	0
0	0
0	0
0	152
0	0
0	0
0	0
0	0
3	0
0	0
0	0
0	283
0	0
0	0
0	0
0	0
0	0
0	0
0	0
0	0
0	118
0	0
8	0
2	6
0	0
0	0
0	0
0	0
0	0
0	0
3	17
1	0
1	0
0	0
0	0
0	0
0	4
0	0
0	2
0	0
0	1
0	55
0	0
0	0
0	0
0	0
0	0
0	0
0	0
15	0
0	0
0	0
0	0
0	0
0	0
0	0
0	0
0	0
0	0
0	0
0	0
0	0
0	0
0	0
0	0
0	0
2	0
0	0
2	116
0	0
0	0
0	0
0	0
0	0
0	225
0	0
0	0
0	0
2	860
0	0
0	0
0	0
0	0
1	0
0	0
0	0
0	0
0	0
2	0
0	0
1	0
0	0
0	0
0	0
0	2
0	0
0	2
1	0
0	0
0	0
0	0
0	0
0	0
0	0
0	0
17149	34586
0	0
0	0
0	0
0	0
0	0
0	0
0	0
0	0
0	0
0	0
1	0
0	212
0	0
0	0
0	0
0	0
0	0
0	0
0	0
15	3747
0	0
0	0
0	0
1	285
2	565
0	0
0	0
0	0
2	0
6	91
0	0
0	5
0	0
0	0
0	0
0	0
0	0
0	0
1	0
1	0
0	0
0	0
0	0
0	274
0	0
0	0
0	0
0	0
0	0
4	0
0	0
0	0
0	0
0	0
0	0
0	0
0	0
0	0
5	0
0	0
0	0
0	0
1	0
0	0
1	0
0	0
0	0
0	0
0	0
0	0
1	0
0	0
0	0
0	0
0	0
0	0
1	0
0	0
0	0
2	0
0	0
0	0
0	0
0	0
0	0
2	0
0	0
0	0
0	0
0	0
0	0
0	0
3	2
0	0
0	0
0	0
0	0
0	0
0	0
0	0
0	0
0	0
0	25
0	0
0	0
0	0
0	0
38	29
0	0
0	0
5	0
0	0
0	0
0	0
0	286
0	0
0	0
2	0
0	0
0	0
0	0
0	0
0	0
0	0
0	0
2	0
0	0
0	0
0	0
0	0
0	0
0	0
0	0
0	0
0	0
1	0
0	84
0	0
0	0
0	864
1	0
0	0
0	0
0	16
0	0
0	13
0	0
0	0
0	0
0	5
0	0
1	0
0	0
0	52
0	0
0	1217
0	0
0	0
0	0
0	0
1	0
0	0
0	0
0	0
0	7218
0	0
0	0
0	0
0	0
0	0
0	0
0	0
0	0
0	0
0	0
0	0
0	0
0	0
0	0
0	0
0	0
0	0
0	0
0	0
0	0
0	0
0	0
0	0
3	0
0	0
0	0
0	20
0	0
0	0
0	0
0	0
0	0
0	0
0	0
1	0
5	0
0	0
4	0
0	0
0	0
0	0
0	0
0	0
0	535
0	0
0	0
0	0
0	0
0	0
11	32129
0	0
0	0
0	0
0	0
0	0
0	0
0	0
0	0
0	0
0	0
0	0
0	0
0	0
0	0
3	0
0	5
0	0
0	0
0	0
0	44
0	0
0	0
0	0
0	0
9	4
0	0
7	0
1	0
0	0
0	0
0	0
0	0
0	0
1	2069
0	0
0	0
0	0
0	0
0	0
0	0
0	0
0	5492
0	0
0	0
0	0
0	0
0	0
0	0
0	0
0	0
0	0
1	0
0	0
0	0
0	0
0	0
0	0
0	0
0	0
9	0
0	0
0	322
2	0
0	0
0	0
1	0
0	564
39	79
0	0
0	0
0	0
4	0
1	0
0	0
0	0
0	0
0	0
2	0
0	0
0	0
0	0
0	0
0	0
0	0
0	5
0	0
0	0
0	0
0	0
0	0
4	0
0	0
3	0
0	0
0	0
0	0
1670	2946
0	226
14	0
0	0
0	0
0	0
0	0
0	0
0	0
0	0
2	0
0	0
0	8
0	0
1	0
0	0
0	0
0	0
0	0
0	5
71	55
0	34
0	0
0	0
0	0
0	0
0	0
0	0
0	0
7	0
0	0
0	0
2	0
0	0
0	0
0	0
0	0
0	0
0	0
0	0
0	0
0	0
0	0
0	0
0	0
146	78
0	0
0	0
0	0
0	1
0	0
1	5
0	0
0	0
0	0
0	0
1	0
0	0
0	0
0	0
0	0
0	0
0	0
0	0
0	0
0	2
0	0
0	0
0	0
0	0
3	0
0	0
0	2
0	0
0	0
22	71
0	0
0	0
4	0
0	0
0	3
0	1
1	0
2	0
1	0
0	0
0	0
1	0
0	0
0	0
0	0
0	0
0	0
0	0
0	0
0	0
0	0
0	0
0	0
0	0
0	0
0	0
0	5
0	0
0	0
0	5
0	0
0	0
0	0
0	0
0	0
0	0
0	0
1	0
0	0
1	0
0	0
0	0
0	0
0	0
0	0
0	0
0	0
0	0
0	0
0	0
0	0
0	0
0	0
0	24
0	0
0	0
0	0
0	42
0	0
0	0
0	0
0	4
0	0
1	0
0	0
0	0
0	3
0	0
0	0
0	0
2	129
15	0
0	0
0	0
0	0
1	1
0	0
0	0
0	0
0	0
0	0
23	0
0	0
0	502
0	0
1	102
0	0
0	0
0	0
0	0
0	0
0	0
0	0
0	0
6	0
0	1
0	0
0	0
1	46
2	1
0	0
0	0
6	0
0	0
0	0
5	0
0	0
0	0
0	0
7	0
0	0
0	0
0	0
0	0
2	0
1	0
0	0
0	0
0	0
0	0
0	0
0	0
0	0
4	0
0	234
0	0
0	0
0	0
1	0
0	0
0	0
0	0
0	0
21	91
0	0
0	0
0	0
2	0
0	0
0	0
0	0
0	0
0	10
0	0
0	0
0	0
0	0
0	0
0	0
0	0
0	0
0	0
1	0
0	76
0	0
0	0
0	0
0	0
0	0
0	0
0	148
0	0
0	0
2	3
0	0
0	0
5	1060
9	0
0	0
0	6
0	19
0	0
0	0
0	0
0	0
0	0
0	0
0	0
0	0
0	0
0	0
0	0
11	0
1	0
0	0
0	0
0	0
0	0
0	0
0	0
0	0
0	0
0	0
0	7
1	0
1	0
0	0
1	1
0	0
0	0
0	0
0	0
0	0
0	0
0	0
0	0
0	0
0	0
0	0
0	0
0	0
0	0
0	0
0	0
0	0
0	0
0	0
0	0
0	0
0	0
0	0
6	0
1	0
0	0
0	0
0	0
0	0
0	0
1	0
0	0
0	0
0	0
0	0
0	0
0	0
0	0
0	10
0	0
0	0
0	0
0	0
0	0
0	0
0	0
0	0
0	0
0	0
0	0
0	0
0	0
0	0
1	0
0	0
0	0
0	0
0	0
0	0
0	0
0	0
0	0
0	0
0	0
0	0
0	0
0	0
0	0
0	0
0	0
0	0
2	0
0	0
2	0
1	0
2	0
213	142
0	0
0	2
0	0
0	0
0	0
0	0
0	0
0	0
0	0
0	32
0	0
0	0
0	0
0	0
8	8
0	15
0	0
1	0
0	0
0	0
0	0
0	0
0	0
0	0
0	0
0	0
0	375
0	0
0	0
0	0
1	0
0	825
0	0
0	0
0	0
3	0
0	0
1	0
0	0
0	0
0	0
0	0
0	0
0	0
0	0
0	0
0	0
0	0
0	0
0	0
0	0
0	0
0	0
0	0
0	0
0	0
0	0
0	0
1	0
0	1
1	0
0	0
0	0
0	0
0	0
0	131
0	0
0	0
0	0
0	0
0	0
0	0
0	2
0	0
0	0
1	0
0	0
0	0
0	0
0	3
0	0
0	5
0	0
11	34
0	0
0	32
3	2
0	0
0	0
0	0
0	0
0	0
0	0
0	0
0	0
0	33
0	0
0	0
0	0
0	0
0	0
3	0
0	0
0	0
0	0
0	0
0	0
0	0
0	0
0	0
0	0
5	0
0	0
0	0
0	0
0	0
0	0
0	0
0	0
1	2
0	0
0	0
0	0
0	0
0	0
0	0
0	0
1	0
0	0
4	0
0	0
0	64
0	0
0	0
0	0
0	0
4	1
0	0
4	0
0	0
0	0
1	364
0	0
0	0
0	0
8	0
0	6
0	0
0	0
0	2
0	0
0	0
0	0
0	0
1	0
0	0
0	0
0	0
0	0
1	0
0	0
0	0
0	0
0	0
0	0
2	201
4	90
0	0
0	0
0	0
0	0
0	223
0	0
0	0
0	0
0	0
0	0
0	0
0	0
0	0
0	38
0	0
0	0
0	0
0	0
0	0
0	0
0	0
0	0
0	0
0	0
0	0
0	0
0	0
0	0
4	0
0	0
0	0
0	0
0	0
0	0
0	0
0	0
0	0
0	0
0	0
0	0
0	0
2	0
0	1
0	0
0	0
1	0
3	0
0	0
0	0
0	0
0	0
1	0
4	0
0	0
0	0
1	0
0	0
0	0
1	0
0	0
0	0
3	207
0	0
0	0
0	0
0	0
0	0
1	0
0	0
0	37
2	0
3	0
0	0
0	0
0	0
0	0
0	0
2	3298
0	0
0	0
0	0
1	474
2	0
0	0
1	0
0	0
1	375
4	29
0	0
0	0
0	0
0	0
0	0
0	0
0	0
0	0
0	2
0	0
2	0
0	0
0	0
0	0
0	0
0	0
0	0
0	0
0	0
0	0
0	0
1	385
1	0
0	0
0	0
0	0
0	0
0	0
0	0
0	0
0	0
0	0
0	0
0	0
1	36
0	9
0	0
1	9
0	0
0	0
0	0
0	0
0	0
0	0
0	0
0	0
0	0
0	0
2	0
0	0
0	0
0	0
0	0
0	0
0	610
0	0
0	0
0	0
0	0
0	0
53	171
5	0
0	0
0	0
0	0
0	0
0	0
2	0
0	0
0	0
0	0
0	0
0	0
0	0
0	0
0	0
0	0
0	0
0	0
0	0
0	0
0	0
0	0
0	0
0	0
0	0
0	0
0	0
0	1
0	0
0	0
0	0
0	0
0	0
0	0
0	0
0	0
0	0
1	0
0	0
0	0
0	0
0	0
0	0
0	0
0	0
2	1661
0	43
0	0
0	0
0	0
0	0
0	0
0	0
0	0
0	0
0	0
0	0
0	0
0	0
0	0
0	0
0	0
1	0
0	0
0	0
0	0
0	0
0	943
0	0
1	0
6	1840
0	0
0	0
0	0
0	0
0	1
0	0
0	0
0	0
0	0
0	0
0	0
5	0
0	0
0	0
0	0
0	0
0	0
0	0
0	0
0	0
0	0
0	0
0	0
0	0
0	0
1	0
0	1
0	0
0	0
24	8740
1	0
0	0
1	56
3	0
0	3572
0	0
0	0
0	0
0	0
0	2
1	0
0	0
0	0
0	0
0	0
0	0
0	0
0	0
0	0
0	0
0	0
1	0
0	3
0	0
0	0
1	0
0	0
0	0
0	0
0	0
0	0
0	0
0	31
0	0
0	0
0	0
0	0
0	0
0	0
0	0
1	0
0	0
0	0
0	0
0	0
0	0
0	0
0	0
0	0
0	0
0	0
0	0
3	4
0	76
0	0
0	0
0	0
0	0
0	0
0	0
0	0
0	0
0	0
0	0
0	0
0	0
1	0
0	0
0	0
0	0
0	2
0	0
2	0
0	0
0	469
0	0
0	0
0	0
1	0
2	10
0	0
0	0
0	0
0	0
0	0
1	0
0	2
0	0
1	0
0	0
0	0
0	0
3	0
0	0
0	0
3	0
1	94
0	0
0	0
0	0
0	0
0	0
0	0
0	0
0	0
1	305
0	0
0	0
0	0
0	0
0	0
2	2699
0	0
0	0
0	0
0	0
0	0
0	0
0	0
0	938
0	0
1	1
1	0
0	0
0	0
0	0
8	9513
0	0
0	0
1	0
0	0
0	0
0	0
0	0
0	0
0	0
1	11
0	0
0	0
0	0
0	0
0	0
0	0
0	0
0	0
0	0
0	0
0	0
0	0
0	73
2	15
0	0
5	891
0	0
0	0
1	0
0	0
0	0
0	0
0	0
0	0
0	0
0	0
0	0
1	0
0	0
0	782
0	0
0	0
0	229
0	0
1	0
0	0
0	0
0	0
0	0
0	0
0	0
0	0
0	0
0	0
0	6
0	0
0	0
0	0
0	0
1	0
0	0
4	0
0	0
0	0
0	0
0	4
0	0
2	0
1	0
2	33
0	1
0	0
0	0
0	0
0	0
0	0
0	0
0	0
0	0
0	0
0	84
0	0
1	0
0	0
0	0
0	0
0	17
0	0
0	0
3	49
0	0
1	0
0	0
0	0
2	0
2	0
0	0
0	0
0	0
1	0
2	0
0	1
0	0
0	0
0	0
0	0
0	0
0	0
0	0
0	0
0	0
3	0
0	0
0	0
0	0
0	0
1	0
5	1225
1	0
0	1
0	0
0	0
0	0
0	0
0	0
0	0
1	0
0	0
0	0
0	0
0	0
0	0
0	0
1	0
0	0
0	0
1	0
0	0
1	726
0	0
0	0
0	0
5	980
3	0
1	20
0	0
0	0
0	0
0	0
0	0
0	0
0	0
0	0
0	0
0	0
0	8767
0	3
0	0
2	0
0	0
0	0
2	0
0	0
0	1
0	0
7	0
2	8
0	0
0	0
0	378
0	0
0	1
0	0
0	0
0	0
0	0
0	0
1	0
1	0
0	0
0	0
0	0
0	0
0	0
2	0
0	0
1	0
0	0
0	0
0	0
0	0
0	0
0	0
0	0
0	0
0	0
0	0
0	0
0	0
0	0
0	0
0	0
0	0
0	0
0	0
0	0
0	0
0	0
0	3
1	3197
2	0
1	0
0	0
0	0
0	0
0	0
0	0
0	0
0	0
0	0
0	0
0	0
0	0
0	0
0	0
0	0
0	0
0	0
1	0
0	0
0	11
0	0
6	0
0	1
1899	581
0	0
0	0
1	0
0	7
0	0
1	0
0	0
0	0
0	0
0	0
0	0
0	0
1	3
1	1
0	0
0	0
0	9
1	0
5	1217
0	0
4	5299
0	0
0	0
0	0
0	0
0	0
0	4
0	0
0	107
0	0
0	0
1	0
1	0
0	0
0	0
0	0
0	0
2	0
9	887
0	1
0	0
0	0
0	0
0	20
0	0
0	0
0	0
0	0
0	6
0	0
0	0
0	0
0	141
0	0
7	1
2	2144
0	5024
0	0
0	0
2	2
0	0
2	0
0	0
0	0
0	0
0	0
0	0
0	0
0	0
0	0
0	27
652	3269
0	0
0	0
0	0
0	0
0	0
0	0
0	0
0	0
0	2
0	0
0	0
3	0
0	0
0	0
0	0
0	0
0	0
0	4
0	0
0	0
0	0
0	12
0	0
0	0
8	0
0	0
1	0
1	0
0	0
0	0
0	1
3	8
0	0
0	0
0	0
2	904
0	1
0	0
0	0
0	0
0	0
0	0
0	0
0	0
0	0
0	0
0	0
0	0
5	612
0	0
0	0
0	0
0	0
0	0
2	3
0	1515
40	4
0	0
1	0
0	159
0	0
0	0
0	0
1	0
0	0
0	0
0	0
0	0
0	12
0	0
0	0
1	1124
6	0
0	0
0	229
0	0
0	0
0	0
0	0
0	0
0	0
0	0
0	0
0	0
0	0
0	0
0	0
0	0
1	1
0	0
0	0
0	0
0	89
0	0
0	0
3	6
0	0
0	0
0	0
0	0
2	0
0	44
0	0
0	0
1	717
0	0
0	0
0	0
0	0
4	17
1	1
0	0
0	1
0	0
0	1
1680	1872
0	0
0	0
0	0
0	0
0	0
0	0
0	0
0	0
0	0
0	426
3	0
0	0
0	0
4	14
0	0
0	0
0	0
0	0
0	0
0	0
0	0
0	0
0	0
1	25
0	0
0	0
3	203
0	0
0	0
0	0
0	0
0	0
0	0
0	3
0	0
0	0
0	0
0	0
0	0
0	0
0	5
0	0
0	0
0	167
0	0
0	0
0	0
0	0
0	0
0	9
0	0
0	9
3	0
0	0
0	63
0	0
0	0
0	0
0	0
1	0
0	0
0	0
0	0
0	0
0	0
0	26
0	0
0	0
0	0
0	0
0	0
0	0
0	0
0	0
0	0
0	0
0	0
0	0
0	0
0	0
0	0
0	0
0	0
2	0
0	0
10	0
0	0
0	0
0	0
0	0
0	0
0	0
0	0
0	0
0	0
0	0
0	0
7	0
0	0
5	0
0	0
6	0
0	0
0	0
4	0
0	0
0	0
2	0
0	0
0	0
0	0
0	0
0	0
0	0
0	0
5	0
0	0
0	0
0	0
0	0
0	0
0	0
0	0
0	0
0	0
0	0
0	0
0	0
0	0
0	0
0	0
0	0
0	3
0	0
0	2
1	2
0	2
0	2
0	2
0	2
0	2
0	2
0	0
0	0
0	2152
0	1666
0	0
0	0
0	0
0	0
0	0
0	0
19	15
0	15
0	3
0	3
0	0
0	0
0	0
0	0
0	0
3	0
0	0
0	0
2	64
1	64
0	6
0	6
1	6
7	6767
0	4878
0	0
0	2
2	0
0	0
1	9
0	1
0	5
0	0
5	0
8	0
2	3
0	0
0	1
0	1
0	0
0	0
3	3
0	3
0	1
5	0
0	0
2	0
0	0
28	1
0	0
0	0
0	14
0	16
2	0
0	0
0	0
2	0
0	0
0	0
0	1
1	325
0	0
1	1
0	1
0	0
0	0
0	0
1	0
2	0
0	92
2	531
2	0
0	0
0	0
0	0
3	0
0	0
0	0
0	0
0	0
1	0
2	0
1	9
10	9
0	0
1	0
0	0
29	0
0	0
81	172
0	172
6	6
0	6
0	3
0	2
4	0
0	5
0	4
0	0
0	10
3	0
1	0
0	0
0	0
6	1
0	0
4	18
0	7
0	606
0	1101
9	2871
0	0
0	0
29	85
3	84
0	61
0	0
0	2
0	0
0	0
0	0
1	0
0	0
0	0
0	0
7	8
0	8
0	1
0	0
0	0
0	0
0	0
0	0
0	0
0	0
0	0
0	0
13	422
0	294
0	2
131	0
0	0
0	0
0	0
0	0
0	0
52	13
26	13
19	0
30	58
0	57
5	0
0	0
0	0
0	0
0	0
0	0
0	0
0	1
0	0
0	0
0	0
0	0
0	6010
0	5016
0	0
0	0
6	2409
0	0
0	0
0	0
0	0
1	0
0	0
0	0
0	0
0	0
0	0
0	4
0	0
0	0
0	0
0	0
0	21
0	92
0	91
2	0
0	0
5	0
0	0
0	0
0	0
0	0
0	0
7	3
0	3
0	0
0	0
0	0
0	0
0	0
0	0
0	0
0	0
0	0
0	0
0	0
0	6850
0	3838
0	361
0	0
0	0
0	3377
0	0
0	0
1	0
0	0
0	0
0	0
0	0
1	0
0	0
0	0
0	0
0	0
0	0
0	0
0	0
0	3899
1	6428
1	4
0	4
0	0
0	0
0	0
0	0
0	0
0	0
0	0
0	0
95	5
2	5
0	0
1	12
0	0
1945	17787
0	17617
0	0
1	41
0	2
0	2
0	0
11	0
63	0
5	3
0	0
0	0
15	0
358	49
0	46
2	0
0	5
5	159
0	117
0	0
0	0
0	0
0	0
0	0
0	0
0	0
0	0
1	9
0	9
0	5
269	382
264	382
0	45
1	46
0	0
0	0
0	1
0	1
40	1
0	1
0	0
0	0
0	0
0	0
0	0
0	0
0	0
0	0
33	114
0	10
453	104
0	0
36	23
0	23
2	130
0	0
0	0
0	41
0	1
0	0
0	0
16	5
0	5
0	0
3	1
0	1
10	7
0	7
0	16
0	126
63	28
0	0
0	0
0	2
7	0
8	1
0	1
51	140
0	3
4	0
0	0
0	0
1	17
0	17
0	0
0	0
0	0
0	0
0	0
0	5578
0	0
0	0
0	0
0	0
0	0
0	0
0	0
0	0
0	0
0	0
0	0
0	0
0	0
0	0
0	0
0	0
0	0
1	10
3	10
0	4
5	0
0	0
0	0
0	0
0	0
0	0
0	284
12	11
0	11
0	0
0	0
0	0
0	0
0	0
0	0
1	8
0	8
8	1
0	1
32	11
0	11
0	0
127	446
31	1
54	2
6	2
0	445
0	1
0	1
0	0
0	0
1	0
0	29
0	11
145	4
3	0
8	0
17	2602
0	2074
0	0
0	0
0	0
0	0
6	2
0	2
0	0
0	0
0	0
3	1
0	3
0	2
0	0
0	0
0	0
0	0
20	3328
0	3347
0	2000
0	0
0	0
2	2
6	2
0	0
2	0
0	0
0	0
0	0
0	0
1	0
0	0
2	0
0	0
197	64
0	64
0	4
0	2
0	1
0	1
5	5
0	5
0	0
0	0
0	0
1	1404
1	1
2	1
0	0
0	0
0	0
0	0
2	0
0	0
0	0
0	0
0	0
0	0
0	0
0	0
0	7
1	29
1	576
0	493
0	0
0	0
0	0
0	0
2	0
2	0
0	362
0	662
0	3
0	381
0	162
0	0
0	0
0	0
0	0
0	878
0	878
5	46
0	0
0	5
0	0
0	0
0	0
1	820
0	434
0	0
0	0
0	0
0	0
0	0
0	0
1	42
1	2
3	3
0	3
10	3
0	0
0	0
0	0
0	0
0	0
0	0
107	32
0	31
0	1
57	0
0	1
0	1
0	1
0	0
0	0
0	0
0	0
0	0
0	0
1	0
0	0
1	4
0	4
0	0
0	0
0	0
0	0
0	0
0	0
0	0
0	0
2	14
0	0
0	0
0	0
0	0
0	0
0	0
0	0
0	0
0	0
3	0
0	0
0	0
0	144
0	63
0	74
0	155
0	94
1	10
0	16
0	0
0	0
0	0
5	9
7	2
0	2
1	5706
0	5204
0	0
0	0
0	0
0	0
1	378
0	0
0	0
0	0
0	0
15	0
0	0
0	0
0	0
0	0
0	0
0	1
0	1
0	0
0	0
0	0
0	0
108	5717
230	5970
0	0
0	0
0	0
1	0
111	9
0	7
2	0
35	14
0	167
0	10
0	0
740	0
0	0
0	0
2	3
0	0
0	0
0	0
0	0
0	0
0	0
0	0
0	0
0	0
0	0
0	3
0	0
0	0
0	0
0	0
0	0
0	0
0	0
0	0
0	0
0	0
0	0
0	0
0	0
0	0
31	220
0	0
0	0
0	0
0	0
0	0
0	0
0	0
0	0
0	0
0	0
0	0
0	0
0	0
0	0
0	0
0	0
1	0
0	0
0	0
1	0
0	0
15	15
0	0
0	0
0	1
0	0
0	0
0	0
0	0
0	0
0	0
0	0
0	1
0	0
0	0
0	0
0	0
0	0
0	0
0	0
0	0
0	0
0	0
0	0
0	0
0	0
0	0
0	0
0	0
0	0
0	3
0	5
189	970
0	0
0	0
0	0
0	0
0	0
0	0
0	0
1	0
1	1
1	0
0	0
0	0
0	15
0	0
0	0
0	0
0	0
0	0
0	0
0	0
0	0
0	0
0	0
0	0
0	0
0	0
0	0
0	16
0	0
0	0
0	0
0	0
0	0
0	0
0	0
0	0
0	0
0	0
0	1
1	0
26	15
5	0
5	0
13	27
0	0
0	1
0	0
0	0
0	0
0	0
0	0
0	0
0	0
0	0
0	1
0	0
0	0
0	0
0	0
0	0
0	0
1	0
0	0
2	1
0	0
0	0
0	0
0	0
0	0
0	0
0	0
0	0
0	0
0	0
0	0
0	0
0	0
0	0
0	0
1	0
0	0
1	0
0	0
0	0
0	0
0	0
0	0
0	8
0	0
0	0
8	4
1	0
0	0
0	0
0	0
0	0
0	0
0	0
0	0
0	0
0	0
0	0
0	0
0	0
0	0
0	0
0	0
0	0
0	0
0	0
0	0
0	0
0	0
0	0
0	0
0	0
0	0
0	0
0	0
0	0
0	0
0	0
0	0
0	0
0	0
0	0
0	0
0	0
0	0
0	0
0	0
0	0
0	0
0	0
0	0
0	0
0	0
0	0
0	0
0	0
0	0
0	0
0	0
0	0
0	0
0	0
0	0
0	0
0	0
0	0
0	2
0	0
0	0
0	0
0	0
0	19
1	5
0	0
0	0
0	0
0	0
0	0
0	0
0	0
0	8
0	0
0	0
0	0
0	0
1	0
0	0
0	0
0	0
0	0
0	0
0	0
0	0
0	0
0	0
0	0
0	0
0	0
0	0
0	0
0	0
0	0
0	0
0	0
0	0
0	0
5	0
0	0
0	0
0	0
0	0
0	0
0	0
0	0
0	0
0	0
0	0
0	0
0	0
0	0
0	0
0	0
0	0
0	0
0	0
0	0
0	0
0	0
0	0
23	0
0	0
0	0
0	0
0	0
0	0
0	0
0	0
0	0
0	0
0	0
0	0
0	0
0	0
0	0
0	0
0	0
0	0
0	0
0	0
0	0
0	0
0	0
0	0
0	0
0	0
0	0
0	0
0	0
0	0
0	0
0	0
0	0
0	0
0	0
0	0
0	0
0	0
0	77
0	0
0	0
0	0
0	0
0	0
0	0
0	0
0	0
0	0
0	19
0	0
0	0
0	0
0	0
0	0
0	0
0	0
0	0
0	0
0	0
0	0
0	0
0	0
2	0
0	0
1	0
0	0
0	0
0	0
0	0
0	0
0	0
0	0
0	0
0	0
0	0
0	0
0	0
0	0
0	0
0	0
0	0
0	0
0	0
0	2
0	4
0	0
0	0
0	0
0	0
0	0
0	18
0	0
0	0
3	5
0	0
0	0
0	0
0	0
0	0
0	0
0	0
0	0
0	0
0	0
0	0
0	0
0	0
0	0
0	0
0	0
0	0
0	0
0	0
0	1
0	2
0	0
0	0
0	0
0	0
0	0
0	0
0	0
1	0
0	0
0	0
0	0
0	0
0	0
0	0
0	0
0	0
0	0
0	0
0	0
0	0
0	7
0	0
0	0
0	0
0	0
0	2
0	0
0	0
0	0
0	0
0	0
0	0
0	0
0	0
0	0
0	0
0	0
0	0
0	0
0	0
0	0
0	0
0	0
0	0
0	0
0	0
0	0
0	0
0	0
0	0
0	0
0	0
0	0
0	0
0	0
0	0
0	0
0	0
0	0
0	0
0	0
0	0
0	0
0	0
0	0
0	0
0	0
0	0
0	0
0	0
0	0
0	0
0	0
0	0
0	0
0	0
0	1
0	0
0	0
0	0
2	92
0	0
0	0
0	0
0	0
1	0
0	0
0	0
0	0
0	12
0	0
0	0
0	0
0	0
0	0
0	0
0	0
0	0
0	0
0	0
0	0
0	0
0	0
0	0
0	0
0	0
0	0
0	0
0	0
6	0
0	0
0	0
0	0
0	0
0	0
0	0
0	0
0	0
0	0
0	0
0	0
0	0
0	0
0	0
0	0
0	0
0	0
0	0
0	0
0	0
0	0
0	0
3	0
0	0
0	0
0	0
0	0
0	0
0	0
0	0
0	0
0	0
0	0
0	0
0	0
0	0
0	0
0	0
0	0
0	0
0	0
0	0
0	0
0	0
0	0
0	0
0	0
0	0
0	0
0	0
0	0
0	0
0	0
0	0
0	0
0	0
0	0
0	0
0	0
0	0
0	0
0	0
0	0
0	0
0	0
0	0
0	0
0	0
0	0
0	0
0	0
0	0
0	0
0	0
0	0
0	0
0	0
0	0
0	0
1	0
0	0
0	0
0	0
0	0
0	0
0	0
0	0
0	0
0	0
0	0
0	0
0	0
0	0
0	0
0	0
0	0
0	0
0	0
0	0
0	0
0	0
0	0
26	1
0	0
0	0
0	0
0	0
0	0
3	0
0	0
0	0
0	0
0	0
0	0
0	0
0	0
0	0
0	0
0	0
0	0
0	0
0	0
0	0
0	0
0	0
0	0
0	0
0	0
0	0
0	0
0	0
0	0
0	0
0	0
0	0
0	0
0	0
0	0
0	0
0	0
0	0
0	0
0	0
0	0
0	0
0	0
0	0
0	0
0	0
0	0
0	0
0	0
0	0
0	0
0	0
0	0
0	0
0	0
0	0
0	0
0	0
0	0
0	0
0	0
0	0
0	0
0	0
0	0
0	0
0	0
0	0
0	0
0	0
0	0
0	0
0	690
0	0
0	0
0	0
0	0
0	0
0	0
0	0
18	483
0	0
0	0
0	0
0	0
0	0
0	0
0	208
0	0
0	0
0	0
0	0
0	0
0	0
0	0
0	0
0	0
0	0
0	4
0	0
0	0
0	0
0	0
0	0
422	1253
0	0
0	0
0	0
0	6
0	0
0	0
0	1
0	0
0	0
0	0
0	0
0	4
0	0
0	0
0	0
0	0
0	0
0	0
0	0
0	0
0	0
4	0
0	0
0	0
0	0
0	0
0	0
0	0
0	0
0	0
0	0
0	0
0	0
0	0
0	0
0	0
0	0
0	0
0	0
0	0
0	0
0	0
0	88797
0	13956
0	0
0	9
58	21179
0	0
0	0
0	0
0	0
0	0
0	0
0	0
0	0
0	0
0	0
0	0
0	0
0	20
0	0
0	0
0	0
0	0
0	0
0	0
0	0
0	220601
0	162550
1	0
0	262803
65	107644
0	0
0	0
0	0
0	0
0	0
0	0
0	0
0	0
0	0
0	0
0	0
0	0
0	0
0	0
0	0
0	0
0	0
0	0
0	0
0	0
0	0
0	0
0	0
0	0
0	0
0	0
1	20
0	0
0	15
0	0
0	0
0	0
0	0
0	0
0	0
0	0
0	0
0	0
0	0
0	0
0	0
0	0
0	0
0	0
0	0
0	0
0	0
0	0
0	0
0	0
0	0
0	0
0	8
0	0
0	0
0	0
0	0
0	0
0	1
0	0
0	0
0	0
0	0
0	0
0	0
0	0
0	0
0	0
0	0
0	0
0	0
0	0
0	0
0	0
0	0
0	0
0	6
0	0
0	0
0	0
0	0
5	90
0	0
0	0
0	0
0	0
0	0
0	0
0	0
0	0
0	0
0	0
0	9
0	0
0	0
0	0
0	0
0	0
0	0
0	0
0	0
0	0
0	0
0	0
0	0
0	0
0	0
0	0
0	28
0	0
0	0
0	0
0	0
0	24
0	23
0	0
0	0
0	0
0	0
0	0
0	0
0	0
0	0
0	0
0	0
0	0
0	2
0	0
0	0
0	0
0	0
0	0
0	0
0	0
0	13
0	0
0	0
0	0
0	0
0	0
2	6
0	0
0	0
0	0
0	0
0	0
0	0
0	0
0	0
0	0
0	0
0	0
0	0
0	0
0	0
0	0
0	0
0	0
0	0
0	0
0	0
0	0
0	0
0	0
0	0
0	0
0	0
0	0
0	0
0	0
0	0
0	0
0	0
0	0
0	0
2	0
0	0
0	0
0	0
0	0
0	0
0	0
0	0
0	0
0	0
0	0
0	0
0	0
0	0
0	0
0	0
0	0
0	0
0	0
0	0
0	0
0	0
0	0
0	0
0	0
0	0
0	0
0	0
0	0
0	0
0	0
0	0
0	0
0	0
0	0
0	0
0	0
0	0
0	0
0	0
0	0
0	0
0	0
0	0
0	0
0	0
0	0
0	0
0	0
0	0
0	0
0	0
0	0
0	0
0	0
0	0
4	3
0	0
0	0
0	0
0	0
0	0
0	0
0	0
0	0
0	0
0	0
0	0
0	0
0	0
0	0
0	0
0	0
0	0
0	0
0	0
0	0
0	0
0	0
0	0
0	0
0	0
0	0
0	0
0	0
0	69
0	0
0	0
0	0
0	0
0	0
0	0
0	0
0	0
0	0
0	0
0	0
0	0
0	0
0	0
0	0
16	0
0	0
0	0
0	0
0	0
0	0
0	0
0	0
0	0
0	0
0	0
0	0
0	0
0	0
0	0
0	0
0	0
0	0
0	0
0	0
0	0
0	0
0	0
0	0
5	0
0	0
0	0
0	0
0	0
0	0
0	0
0	0
0	0
0	0
0	0
0	0
0	0
0	0
0	0
0	0
0	0
0	0
0	0
0	0
0	0
0	0
0	0
0	0
0	0
0	0
0	0
0	0
0	0
0	0
0	0
0	0
0	0
0	0
0	5
0	0
0	0
0	0
0	0
0	0
0	0
0	0
0	0
0	0
0	0
2	0
0	0
0	0
0	0
0	0
0	0
0	0
0	0
0	0
0	2
0	6
4	0
0	0
0	0
0	0
0	0
0	0
0	0
0	0
0	0
0	0
0	0
0	0
0	0
0	0
0	0
0	0
0	0
0	0
0	0
0	0
0	0
0	0
0	0
0	0
0	0
0	0
0	0
0	0
0	0
0	0
0	0
0	0
0	0
0	0
0	0
0	0
0	0
0	0
0	0
0	0
0	0
0	0
0	0
0	0
0	0
0	112
2	2
0	0
0	0
0	0
0	0
0	0
0	0
0	0
0	0
0	0
0	0
0	0
0	0
0	0
0	0
0	0
0	0
0	0
0	0
0	0
0	0
0	0
0	0
0	0
0	0
0	0
3	10
0	0
0	0
0	0
0	0
0	0
0	0
0	0
0	0
0	0
0	0
0	0
0	0
0	0
0	0
0	0
0	0
0	0
0	0
0	0
0	0
0	0
0	0
0	0
0	0
0	0
0	0
0	0
0	0
0	0
0	0
0	0
0	0
0	0
0	0
0	0
0	0
0	0
0	0
0	0
0	0
0	0
0	0
0	0
0	0
0	0
0	0
0	0
0	0
0	0
0	0
0	0
0	0
0	0
0	0
0	0
0	0
0	0
0	0
0	0
0	0
0	0
0	0
0	0
0	0
0	0
45	101
0	0
0	0
0	0
0	0
0	0
0	0
0	0
0	0
0	0
0	0
0	0
0	0
0	0
0	2
0	0
0	0
0	0
0	0
0	0
0	0
0	0
0	0
0	0
0	0
0	0
0	0
0	0
0	0
0	0
0	0
0	0
0	0
0	0
0	0
0	0
0	0
0	0
0	0
0	0
0	0
0	0
0	0
0	0
0	0
0	0
0	0
1	0
0	0
0	0
0	0
0	0
0	0
0	0
0	0
0	0
0	0
0	0
0	0
0	0
0	0
0	0
0	0
0	0
0	0
0	0
0	16
0	0
0	0
0	0
0	0
0	0
0	0
0	0
0	0
0	0
0	0
0	0
0	0
0	0
0	0
0	0
0	0
0	0
0	0
0	0
0	0
0	0
0	0
0	0
0	0
0	0
0	0
0	0
0	0
0	0
0	0
0	0
0	0
0	220
0	0
0	0
0	0
0	0
0	0
0	0
0	0
0	0
0	0
0	0
0	0
0	0
0	0
0	0
0	0
0	0
0	0
0	0
0	0
0	0
0	0
0	0
0	0
0	0
0	0
0	0
0	0
0	0
0	0
0	0
0	0
0	0
0	0
0	0
0	0
0	0
0	0
0	0
0	0
0	0
0	0
0	0
0	0
0	0
0	0
0	0
0	0
0	0
0	0
0	0
0	0
0	0
0	0
0	0
0	0
0	0
0	0
0	0
0	0
0	0
0	0
0	0
0	0
0	190
0	0
0	0
0	0
0	0
1	0
2	0
0	1
0	0
0	0
0	20
0	5
0	0
1	554
0	0
0	0
0	0
0	0
0	0
0	0
0	0
0	0
0	0
0	0
0	0
0	0
0	0
0	0
0	0
0	0
0	0
0	0
0	0
0	0
0	0
0	0
0	0
0	0
0	245
0	0
0	0
0	0
0	0
0	0
0	0
0	0
0	0
0	0
0	0
0	0
0	0
0	0
0	0
0	0
0	0
0	0
4	0
0	0
0	0
0	0
0	0
0	0
0	0
0	0
0	0
0	0
0	0
0	0
0	0
0	219
0	0
0	0
0	0
2	0
0	0
0	0
0	0
0	0
0	0
0	0
0	0
0	0
0	0
0	0
0	0
0	0
0	0
0	0
0	0
0	0
0	0
0	0
0	0
0	0
0	0
0	0
0	0
0	0
0	0
11	0
2	5
0	0
0	0
0	0
0	0
0	0
0	0
0	0
0	0
0	0
0	0
0	0
0	0
0	0
0	0
0	0
0	0
0	0
0	0
0	0
0	1
1	0
2	1
0	0
12	6
0	0
0	0
0	0
0	0
0	0
0	0
0	0
0	0
2	0
0	0
2	0
0	0
0	0
0	0
0	0
0	0
0	0
0	0
0	0
0	0
0	0
0	0
0	0
0	0
0	0
0	0
0	0
0	0
0	0
0	0
0	0
27	17
1	0
0	0
0	0
0	0
0	0
0	8
0	0
0	0
0	0
0	0
0	0
0	0
0	0
0	0
0	0
1	0
0	0
0	0
0	0
0	0
0	0
0	16
0	0
0	0
0	0
0	0
0	0
0	0
0	0
1	29
0	0
0	0
0	0
0	0
0	0
0	0
0	0
0	0
0	0
0	0
0	0
0	0
0	0
0	0
0	0
0	0
0	0
0	0
0	0
0	0
0	0
0	0
0	0
0	0
0	0
0	0
0	0
0	0
0	1
0	0
0	0
0	0
0	0
0	2
0	1
0	0
0	0
0	0
0	0
0	0
0	0
0	0
0	0
0	0
0	0
0	0
0	0
0	0
0	0
0	0
0	0
0	0
0	0
0	0
0	0
0	0
0	0
0	0
0	0
0	0
0	0
0	0
0	0
0	0
0	0
0	0
0	0
0	0
0	0
0	0
0	0
0	0
0	0
0	0
0	0
0	0
0	0
0	0
1	0
0	0
0	0
0	0
0	0
0	0
0	15
0	28
0	0
0	0
0	0
0	0
0	0
0	0
0	0
0	0
50	655
249	0
0	0
0	0
0	0
0	0
0	0
0	0
0	0
3	0
0	0
0	0
0	0
0	0
0	0
0	0
0	0
0	0
0	0
0	0
0	0
0	0
0	0
0	2
0	10
0	0
0	0
0	0
0	0
0	0
0	0
0	0
0	0
0	0
0	0
0	0
113	6
0	0
0	0
0	0
0	0
0	0
0	0
0	0
0	0
0	0
0	0
0	0
0	0
0	0
0	0
0	0
0	0
0	0
0	0
0	0
0	0
0	0
0	0
0	0
0	0
0	0
0	0
0	0
0	0
0	0
0	0
0	0
0	0
0	0
0	0
0	0
0	0
0	0
0	0
0	0
0	0
0	0
0	0
0	0
0	0
0	0
0	0
0	0
0	0
0	0
0	0
0	0
0	0
0	0
0	0
0	0
0	0
0	0
0	0
0	0
0	0
0	0
0	0
0	0
0	0
0	0
0	0
0	0
0	0
0	0
0	0
0	0
0	0
0	0
0	0
0	0
0	0
0	0
0	0
0	0
0	0
0	0
0	0
0	0
0	0
0	0
0	0
0	21
0	0
0	0
0	0
2	2
33	674
31	26
0	0
0	0
0	0
0	0
0	0
0	0
0	0
0	0
0	0
0	0
0	0
0	0
0	0
0	0
0	0
0	0
0	0
0	0
0	0
0	0
0	0
0	0
0	0
0	0
0	0
0	0
0	0
0	0
0	0
0	0
0	0
0	0
0	0
0	0
0	0
0	0
0	0
0	0
0	0
0	0
0	0
0	0
0	0
0	0
0	0
0	0
0	0
0	0
0	0
0	0
0	0
0	0
0	0
0	0
0	0
0	0
0	0
1	0
0	0
0	0
0	0
0	0
0	0
1	0
0	0
0	0
0	0
0	0
0	0
0	0
0	0
0	0
0	0
0	0
0	0
0	0
0	0
0	0
0	0
0	0
0	0
0	0
0	0
0	0
0	0
0	0
0	0
0	0
0	0
0	0
0	0
0	0
0	0
0	0
0	0
0	0
0	0
0	0
0	0
0	0
0	0
0	0
0	0
0	0
0	0
0	0
0	0
0	0
0	0
0	0
0	0
0	0
0	0
0	0
0	0
0	0
0	0
0	0
0	0
0	0
0	0
0	0
0	0
0	0
0	0
0	0
0	0
0	0
0	0
0	0
0	0
0	0
0	0
0	0
0	0
0	0
0	0
0	0
0	0
0	0
24	0
5	0
0	0
0	0
0	0
0	0
0	0
0	0
0	0
0	0
0	0
0	0
0	0
0	0
0	0
0	0
0	0
0	0
1	0
0	0
1	0
0	0
0	0
0	0
0	0
0	0
0	0
0	0
0	0
0	0
0	0
0	0
0	0
0	0
0	0
0	0
0	0
0	0
0	0
0	0
7	0
0	0
0	0
0	0
0	0
0	0
0	0
0	0
0	0
0	0
0	0
0	0
0	0
0	0
0	0
0	0
0	0
0	0
0	0
0	0
0	37
0	0
0	0
0	0
0	0
0	0
0	0
0	0
0	0
0	0
0	0
0	0
0	0
0	0
0	0
9	64
0	0
0	0
0	0
0	0
0	0
0	0
0	7
0	0
0	0
0	0
0	0
0	0
0	0
0	0
0	0
0	0
0	0
0	0
0	0
0	0
0	0
0	0
0	0
0	0
0	0
0	0
0	0
0	0
0	0
0	0
0	0
0	0
0	0
0	5
0	0
0	0
0	0
0	0
0	0
0	0
0	0
0	868
0	0
0	0
0	0
0	0
0	0
0	0
0	0
0	0
0	0
0	0
0	0
0	0
0	0
0	0
0	0
0	0
0	0
0	0
0	0
0	0
0	0
0	0
0	0
0	0
0	0
0	0
7	1
0	0
0	0
0	0
0	0
0	0
0	0
0	0
0	0
0	0
0	0
0	0
0	0
0	0
0	471
3	3
0	0
0	0
0	0
4	0
0	0
0	0
0	0
0	0
0	0
0	0
2	1
0	0
0	0
0	0
0	0
0	0
0	0
0	0
0	0
0	0
0	0
0	0
0	0
0	0
0	0
0	0
0	0
0	0
0	0
0	0
0	0
0	0
0	0
0	0
0	0
0	0
0	0
0	3
0	0
0	0
0	0
0	0
0	0
0	0
0	0
0	0
0	0
0	0
0	0
0	0
0	0
0	0
0	0
0	0
0	0
0	0
0	0
0	0
0	0
0	0
0	0
0	0
0	0
0	0
0	0
8	1
0	0
0	0
0	0
0	0
0	0
0	0
0	0
0	0
0	0
0	0
0	0
0	0
0	0
7	0
0	0
0	0
0	0
0	2
0	0
0	0
0	0
0	0
0	0
0	0
3	0
0	0
0	0
0	0
0	0
0	0
2	0
0	0
0	0
0	0
0	0
0	0
0	0
0	0
0	0
0	0
0	0
0	0
0	0
0	0
0	0
0	0
0	0
0	0
0	0
0	0
0	0
0	0
0	0
0	0
0	0
0	0
0	0
0	0
0	0
0	0
0	0
0	0
0	0
0	0
0	0
0	0
0	0
0	0
0	0
0	0
0	0
0	0
0	0
0	0
0	0
0	0
0	0
0	0
0	0
0	0
0	0
0	0
0	0
0	0
0	0
0	0
9	24
0	0
0	0
0	0
0	0
0	0
0	0
0	0
0	0
0	0
0	0
0	0
0	0
0	0
1	0
0	0
0	0
0	0
0	0
0	0
0	0
0	0
0	0
0	0
3	5
0	0
1	0
0	0
0	0
0	0
0	0
0	0
0	0
0	0
0	0
0	0
0	0
0	0
0	1
0	0
0	0
0	0
0	0
0	0
0	0
0	0
0	0
0	0
0	0
0	0
0	0
0	0
0	0
0	0
0	0
0	0
0	0
0	0
0	0
0	0
0	0
0	0
0	0
0	0
0	0
0	0
0	0
0	0
0	0
0	0
0	0
0	0
0	0
0	0
0	0
0	0
0	0
0	0
0	0
0	0
0	0
0	0
0	0
0	0
0	0
0	0
0	0
0	0
0	0
0	0
0	0
0	0
0	0
0	0
0	42
0	0
0	0
0	0
0	208
0	0
0	0
0	0
11	32
0	0
0	0
0	11
0	0
0	0
0	19
0	0
0	0
0	0
0	0
0	0
0	0
0	0
0	6
0	0
0	0
0	13
0	0
0	0
4	1432
0	0
0	0
0	2
0	0
0	0
0	0
0	0
0	0
0	0
6	0
0	0
0	0
0	5
58	381
0	0
0	0
23	17
0	0
0	0
0	0
0	0
0	0
0	0
0	0
0	1194
0	0
0	0
0	0
0	0
0	0
0	0
0	0
0	0
0	0
0	0
0	0
