UniqueCount	AmbigCount
0	0
0	0
0	0
0	0
0	0
0	0
0	0
0	0
0	0
0	0
0	0
0	0
0	0
0	0
0	0
0	0
0	0
0	0
0	0
0	0
0	0
1	0
0	0
0	0
0	0
0	0
0	0
0	5
0	0
0	0
0	0
2	0
0	0
0	0
0	0
0	0
0	0
0	0
0	0
0	0
0	0
2	0
0	0
0	0
1	0
0	0
1	0
0	0
1	0
4	1
0	1
0	0
4	0
0	1
0	0
1	0
0	0
0	0
0	0
0	0
0	0
0	4
1	0
0	0
2	0
2	0
0	4
0	2
0	0
4	0
0	0
0	2
2	0
1	0
2	1
0	1
0	0
0	0
5	2
0	0
3	0
1	0
0	0
0	3
0	0
2	0
5	0
3	0
0	0
0	0
0	3
0	3
4	1
0	0
0	0
5	0
0	0
0	1
0	0
4	0
0	0
3	0
0	1
0	1
0	0
1	0
0	0
0	0
0	0
0	4
0	1
0	0
3	0
0	0
1	1
0	3
0	0
0	0
0	0
0	8
1	3
0	0
0	0
0	0
0	0
0	0
2	0
0	0
0	0
5	0
0	0
8	0
0	0
2	1
0	1
1	0
4	1
3	0
3	0
2	0
0	0
4	0
3	0
0	0
0	0
0	0
0	0
0	0
0	0
0	0
1	0
0	0
0	0
1	0
0	0
4	1
0	1
1	0
0	0
4	0
0	0
2	0
0	0
1	0
0	0
0	0
0	0
0	0
0	0
2	0
0	0
2	0
2	0
0	0
0	0
0	0
0	1
1	0
1	0
0	0
0	0
0	0
0	0
0	0
6	0
0	1
0	1
3	0
0	0
11	0
5	0
0	0
0	0
0	0
0	0
0	0
0	0
0	0
0	0
0	0
0	0
0	0
0	0
0	0
0	0
4	6
0	2
4	6
0	0
0	0
0	0
0	0
0	0
0	0
0	0
0	0
5	3
0	0
0	0
0	0
0	31
0	31
13	31
0	2
0	0
0	0
0	0
0	0
0	0
45	739
0	735
11	96
21	4
0	66
6	37
0	93
0	0
0	0
0	0
0	0
0	0
0	0
0	0
0	0
0	0
0	0
0	0
0	0
0	0
0	0
0	0
0	0
0	0
0	0
286	676
81	673
0	0
0	1
0	1
0	1
17	26
8	26
0	0
0	0
0	4332
3052	4333
0	0
0	0
0	0
0	0
0	0
0	0
0	0
0	0
84	159
0	7
0	145
0	90
0	14
0	78
0	0
0	0
0	0
611	421
0	417
0	4
0	4
0	4
18	4
115	16
0	4
0	0
2	0
0	10
1	1
0	0
0	1
0	0
0	0
0	0
0	0
28	231
9	35
0	12
0	233
0	0
0	0
0	0
0	0
0	0
17	3
0	0
0	0
0	0
0	0
0	0
0	0
0	0
0	0
0	0
0	0
0	0
0	0
0	0
7	6
52	208
0	207
0	0
23	308
0	308
0	0
0	0
0	0
0	0
0	0
116	7648
0	0
2	28
0	946
0	26
0	946
0	26
0	946
0	26
0	0
0	0
0	0
0	946
0	0
2	139
0	155
0	144
0	49
0	33
0	3
0	12
0	3
0	12
0	33
0	150
0	49
321	253
3	500
25	401
3	144
0	217
6	2
0	34
0	214
0	0
20	82
0	0
0	0
115	73
0	73
22	0
68	72
0	72
240	32
10	0
0	0
0	0
15	0
4	0
0	0
0	0
0	0
0	0
0	0
0	0
0	0
0	0
0	0
0	0
0	0
0	0
0	0
0	0
0	0
0	0
0	0
0	0
29	3
113	2
0	0
1	32
47	32
0	8
0	8
0	5872
0	5872
8	1712
355	1712
16	4052
971	4052
6	2853
456	2853
9	3
0	3
121	822
62	822
13542	66
31	5718
1140	5718
2	0
78	8
76	43
0	43
70	70
0	57
365	137
0	133
0	0
0	0
110	26
419	4
0	1
0	2
0	2
72	31
5	0
0	0
2	0
0	4
0	0
0	0
2	1
154	18
52	8
14	5
37	11
7	26
0	9
226	33
0	0
0	0
25	0
31	13
0	1
0	1
0	0
0	0
105	26
0	0
0	26
48	5
0	0
14	36
0	11
20	55
0	28
0	0
0	0
106	54
7	5
0	0
0	0
41	31
1	2
0	0
93	34
0	9
0	9
2	13
0	13
50	3
44	6
0	4
14	15
0	9
4	2
0	2
0	0
0	0
0	1
0	1
13	1
210	8
12	7
15	2
0	1
71	8
38	6
54	41
0	38
0	0
5	1
52	3
0	0
56	14
5	4
0	1
0	0
0	4
0	4
0	0
0	0
31	0
0	1
0	1
10	17
0	11
3	8
154	0
24	0
0	0
0	0
368	51
6	3
0	18
0	0
12	12
4	0
15	17
0	14
227	9
18	41
0	37
0	0
0	0
3	9
0	9
30	5
0	3
87	8
36	2
6	2
122	56
0	48
14	1
28	1
85	2
12	0
18	0
194	0
4	76
0	50
0	0
0	0
2	0
0	0
0	0
0	0
0	0
33	19
0	19
1	0
0	0
30	0
8	8
0	8
0	0
55	0
0	0
0	0
15	0
12	0
0	0
0	0
0	0
3	0
0	0
5	1
0	1
104	0
13	2
0	2
24	11
0	11
17	1
2	0
12	7
0	7
22	0
206	1
48	23
0	23
35	0
187	0
64	0
24	0
573	4
0	0
2	4
0	4
6	0
0	0
40	16
0	16
221	6
2	0
0	0
83	6
92	30
0	30
0	0
3	0
0	0
10	5
0	5
18	0
0	0
0	0
1	0
14	0
0	0
3	0
7	0
103	2
36	8
0	8
59	13
111	13
0	0
0	0
11	0
247	24
17	9
0	9
0	0
2	0
130	2
77	21
392	2
5	7
0	7
69	73
0	73
12	7
1	5
42	34
3	0
202	0
4	3
0	1
8	1
0	1
36	35
0	9
273	34
1	0
35	7
0	7
16	0
41	2
21	0
124	10
59	12
0	12
1	1
0	1
76	16
0	16
8	0
4	0
533	2
177	0
2	7
402	27
107	7
114	24
95	26
0	26
0	2
0	2
141	1
0	1
5	1
0	0
0	0
0	0
2	0
0	0
440	2
483	0
0	24
0	2
26	7
0	7
283	72
0	72
0	0
195	0
113	0
0	1
150	1
131	1
75	25
20	4
0	4
0	0
143	0
1	2
0	2
161	1
66	1
18	5
0	5
115	0
73	69
0	51
4	0
88	47
0	47
105	18
122	2
2	0
664	4
12	0
0	0
0	0
0	0
0	0
0	0
0	0
0	0
0	0
0	0
0	0
0	0
0	0
0	0
0	0
0	0
0	0
0	0
0	0
0	0
0	0
0	0
0	0
0	0
0	0
0	0
0	0
0	0
0	0
0	0
0	0
0	0
0	0
0	0
0	0
0	0
0	0
0	0
0	0
0	0
0	0
0	0
0	0
0	0
0	0
0	0
0	0
0	0
0	0
0	0
0	0
0	0
0	0
0	0
0	0
0	0
0	0
0	0
0	0
0	0
0	0
0	0
0	0
0	0
0	0
0	0
0	0
0	0
0	0
0	0
0	0
0	0
0	0
0	0
0	0
0	0
0	0
0	0
0	0
0	0
0	0
151078	170
18092	50
89736	108
67559	56110
223	7729
328	13207
142	132668
146	97087
1081	6
200	166882
379009	65657
68672	107
105498	115
26	0
0	0
0	22
0	57
8	0
0	0
0	0
1	0
19	146
0	0
1	0
0	0
12	6
0	0
0	0
0	2
0	0
0	3
0	9
0	3
0	9
0	0
0	0
0	0
0	0
0	0
0	0
2	6
0	0
1	16261
0	0
365	2
0	0
0	1
0	0
0	0
301	782
47	964
4	45
0	0
0	0
0	0
3	0
4	2
8	0
0	0
0	0
9	0
0	0
0	0
0	180
0	0
0	0
0	114
0	0
0	0
0	0
0	0
263	0
0	0
0	0
0	0
0	0
294	0
0	0
0	0
0	0
0	0
0	0
0	0
0	0
0	0
0	0
0	0
0	0
0	0
0	0
0	0
0	0
227	0
0	8
0	0
0	0
0	0
0	80
0	5
0	0
0	0
0	0
0	0
0	0
0	0
0	0
1524	2
0	0
0	0
0	0
7	234
1	0
0	0
0	0
6	125
0	0
0	18
0	0
0	0
0	0
0	0
0	0
0	0
1	0
0	166
0	0
0	3
0	0
0	42
0	5
0	0
20	2806
0	0
0	0
0	0
0	0
0	0
0	0
0	0
0	1
0	16
0	0
0	0
0	0
0	0
0	0
15	22
0	0
0	0
0	0
0	0
2	0
0	0
0	0
0	0
0	0
2	0
0	0
0	1
0	1
0	0
0	0
0	0
0	0
0	0
0	1
0	0
0	0
0	0
1	160
70	0
2226	5
0	62
0	0
1	0
0	3
0	0
0	0
0	0
2	10
0	0
30	392
0	392
0	18
0	0
0	0
0	0
2	0
0	3
0	116
27	223
0	0
12	1
0	0
9	6
0	0
0	0
0	0
0	0
0	0
914	0
0	3
0	0
0	11
0	13
0	0
0	22
0	0
33	0
0	8
0	8
0	3
0	0
0	0
0	2
0	0
1	1
0	0
14	0
0	0
0	0
0	5
16	1
339	103
10	39
84	751
0	250
0	749
3	298
0	196
6	5
2	362
0	0
0	0
0	0
0	0
0	0
0	0
33	79
0	24
0	19
0	25
0	67
0	74
0	76
9	76
2	76
0	4
0	11
2	4
1	7
0	0
4	0
1	0
9	916
0	2454
0	2317
32	945
14	1389
15	1991
11	487
0	438
13	1
12	85
0	70
7	190
1	17
0	17
0	2362
0	98
0	526
0	45
0	111
0	510
86	340
9	195
0	0
97	4553
1	2170
4	4593
0	52
0	147
0	342
8	519
5	513
3	297
0	286
0	319
0	160
0	166
0	0
0	0
1	144
2	0
0	4
1	0
2593	166
4	157
859	662
0	0
0	0
480	660
2	0
0	503
496	3
0	0
0	0
0	2
254	26
12	0
1	0
0	0
1	0
0	0
0	0
0	0
0	0
0	0
0	0
0	0
4	24
0	0
2	27
2	23
0	2
0	5
0	0
0	3
0	0
1	8
62	659
1	658
1	616
0	220
0	44
0	122
0	149
0	82
0	60
0	2
2	3
0	0
0	0
2	1
0	655
4754	1221
1	1086
15	12
120	133
16	133
1402	2
3	1
5	35
0	32
0	23
5	0
0	2
4	0
11	4
0	3
0	0
0	57
576	177
0	7
2	0
3	205
5	66
0	203
2	106
6	203
0	210
1560	128
0	3
0	127
1	449
434	1023
47	844
3	18
3	424
154	115
2	115
21	10
1	10
0	0
0	0
0	0
49	3109
87	7641
182	7711
32	7640
45	3099
2	0
6	315
0	2525
5	1333
28	52
79	572
3	0
0	0
234	212
0	0
11	0
1	0
18	212
24	98
0	6
0	0
0	0
0	0
28	3335
123	2273
65	12
10	51
1	4
0	618
3	608
1	32
0	3335
0	444
1441	442
26	444
3	140
4	144
3	4
27	0
59	5639
0	5207
0	5818
5	5272
5	5120
183	5266
0	578
65	6
0	6
8	5476
0	46
3	44
2	1
0	243
0	23
4	109
0	208
1	7
5	225
11	122
0	163
0	38
3	12
0	11
0	10
7	109
0	0
0	31
0	267
0	229
139	293
4	289
9	9
380	361
5	355
0	24
0	2427
17	1567
39	16
1	2493
0	2526
23	2098
2	2493
0	2441
4	2543
0	43
15	2527
1	1411
0	1531
187	7
3	7
0	0
639	50
2	36
30	16
4	10
866	254
0	253
0	0
0	0
0	0
0	0
15	0
7	121
1029	121
0	14
0	15
0	0
10	0
5	54
265	230
0	7
0	175
0	9
0	36
0	51
32	9
1	29
14	1555
0	1758
5	1725
0	1765
0	1732
2	1679
0	1679
12	5
0	228
0	66
0	23
0	109
4	610
1	1034
29	3338
730	3339
0	3256
8	2275
41	1437
0	2354
0	2
0	2
0	549
0	66
18	234
0	577
0	587
399	17
0	16
1	16
0	0
8	5102
25	4218
13	3032
153	3374
0	5094
178	51
0	48
1	38
0	15
1	0
4	1
0	0
0	0
0	0
0	0
0	0
0	0
10	578
9	405
1	659
0	687
0	728
1	673
6	36
18	405
2	87
0	589
3	24
4	0
0	71
39	207
6	185
1	21
0	8
2	140
17	173
36	67
0	50
33	38
0	16
0	7
5	9
356	234
46	234
1	0
0	0
0	0
567	1464
0	443
0	98
11	1080
0	212
7	332
13	174
2	0
2	18
0	24
1	8
0	0
0	0
0	0
0	0
21	136
0	136
0	45
0	23
0	0
0	0
0	0
0	0
1	0
0	0
67	408
9	260
0	198
0	136
0	69
0	7
0	0
0	0
34	0
19	30
0	30
106	827
0	827
2	112
5	16
16	3
0	171
0	0
0	0
0	0
1	8
906	99
0	74
0	4
0	15
1	16
1	7
1	574
3	0
6	574
2	44
0	453
0	99
187	0
0	0
0	0
0	0
0	0
0	0
0	0
0	39
0	39
0	31
0	1
0	2
0	1
0	18
0	0
2	25
0	2
0	4
0	0
0	0
0	25
0	0
0	9
0	0
0	9
4	11
0	2569
0	1720
88	3117
0	9
8	808
2	12
8	5
11	512
0	289
0	444
8	77
45	128
0	50
34	1
1	1
1473	1
0	519
119	947
0	421
15	301
0	541
0	518
0	520
8	140
33	265
0	27
3	13
7	239
0	111
0	24
0	33
5	35
2	14
551	0
0	0
0	0
639	685
0	631
0	13
10	209
0	18
0	320
3	79
7	193
0	320
1	9
0	0
0	0
0	1
0	1
0	1
2	24
0	20
3	24
0	27
1	9
0	0
0	0
0	0
0	0
24	941
0	960
0	896
9	23
0	289
178	3769
11	3673
86	3642
0	1408
0	1430
55	344
0	505
0	380
27	207
8	0
12	3
0	3
0	0
0	133
566	398
19	371
1	48
9	106
0	101
13	320
38	308
7	65
812	475
0	475
3	29
0	0
0	40
2	27
0	23
3140	4
0	0
0	0
0	0
0	0
0	0
0	0
0	0
1883	519
6	517
0	8
0	47
0	90
0	98
5	96
0	0
0	15
12	53
0	53
0	4
0	7
0	0
13	7
4143	2013
3	28
26	2001
1	528
78	6936
4	3825
17	3010
0	2245
2	4977
0	2572
9	4393
1	2031
15	197
0	152
1	182
38	185
16	78
21	3
1	0
0	25
0	6
97	0
0	2
0	311
19	316
2	137
5	80
0	24
4	61
0	17
0	1
0	850
0	863
34	872
13	872
0	824
4	305
1	141
0	62
1	99
18	29
2	84
0	76
0	74
0	82
0	1
0	0
0	6
1	1
0	1
0	1
0	4
0	3
0	3
0	4
0	0
0	4
469	515
1	34
4	479
6	70
10	7
0	0
0	129
1	404
4	471
4	459
0	424
0	337
7	251
5	18
1	8
0	44
1	0
11	38
0	36
0	218
0	0
9	325
1	0
5	44
0	339
2	325
4	1
0	325
2142	1381
0	1083
0	257
3	0
1	140
4	0
0	5
0	0
0	0
0	0
0	1
0	1
0	0
10	70
35	72
2	4
1	9
4	4
3	4
2	1
0	969
0	980
0	483
0	486
9	12
0	2
7	26
0	0
1721	613
6	14
2	598
1	0
2	864
27	950
11	989
0	965
0	4
75	19
1	13
0	6
0	19
2240	2
23	1
91	50
1	41
0	23
11	0
57	0
6	0
0	0
0	0
1	48
1386	95
0	4
7	5
7	0
1	35
0	5
0	5
33	1162
35	1163
316	1137
0	184
0	123
1	2
0	23
0	2
0	0
1	3248
56	191
1	118
5	213
0	81
0	63
19	202
0	64
0	85
1	436
47	67
1	183
2	214
0	436
0	0
0	0
0	0
0	0
0	0
0	0
0	0
0	0
0	0
0	0
1	16
114	1311
0	68
0	1243
3	0
5	5
0	249
0	52
3	1
10	131
5	755
0	187
9	263
0	906
0	42
60	96
4	0
3	1285
0	1770
2	1725
0	1862
0	1815
24	1823
0	1712
0	484
19	492
0	214
0	273
0	101
1	235
0	1
0	80
0	91
0	11
0	1810
0	1001
169	422
111	268
23	313
45	4215
1776	5191
4	914
29	133
14	108
0	725
3	1869
4	28
0	46
0	0
13	0
0	0
0	0
0	0
2579	3999
3	3997
82	523
16	0
0	499
80	0
22	9
33	6
269	186
0	37
26	65
34	89
33	55
13	26
0	0
0	0
0	0
0	265
0	273
2	0
1463	3108
0	2084
36	1392
2	657
0	640
0	285
1	280
6	47
0	31
19	60
0	0
41	0
0	0
0	0
153	0
0	1
0	1
0	1
0	0
0	0
0	1
1606	2522
35	2113
0	0
0	0
0	3
14	16
1346	134
7	79
7	0
0	53
0	0
0	0
0	0
0	0
0	0
0	0
0	0
0	0
0	0
0	88
41	88
0	38
59	1608
3	1552
1	39
0	26
0	0
170	1527
0	0
1	11
7	9464
18	14813
138	16722
0	1818
0	273
0	1245
98	430
23	7002
14	129
2	7
0	13
9	101
1	115
3	39
0	10
0	0
0	1
4	2
0	0
9	158
4	479
0	47
243	448
15	50
0	2
52	48
108	6170
3	2917
0	22
0	59
1	52
1	18
0	253
72	14
11	12
0	5937
1090	2
0	0
2	23
0	0
0	172
0	1
0	0
0	138
0	0
0	185
6	181
151	224
0	27
0	10
0	5
0	289
18	1893
11	1896
58	1496
65	1892
0	1884
2	182
2	112
1	31
21	0
0	331
0	356
0	278
9	110
4	7
3	3652
47	3673
0	4099
1	4332
1	4525
0	4356
0	0
0	0
0	0
0	0
0	0
0	0
0	0
0	0
0	0
66	197
53	214
0	115
58	138
0	16
5	8
5	1
3	129
0	11
0	0
0	64
599	1075
13	1075
158	111
2	166
0	0
0	0
0	0
0	0
0	94
0	99
1	7
1	5
0	81
0	772
0	785
0	808
2	762
0	1101
0	1101
0	639
2	1015
1	418
19	1134
6	0
2	97
0	55
0	3
0	76
0	5
0	0
13	0
2	0
363	78
0	78
0	0
0	932
10	748
21	768
0	822
0	0
7	5
13	284
5	3
5	172
0	50
1642	92
0	92
70	0
0	7
0	7
12	985
0	1
10	5858
0	3686
0	3724
0	0
1	27
0	11
2	2765
29	3
0	1
0	5
0	500
13	19
0	181
5	162
0	5938
0	5876
1352	206
0	44
6	71
0	87
0	49
1714	327
66	327
3	1
1	770
0	678
2	565
0	178
1	551
0	52
3	160
0	40
6	36
0	0
0	3
0	40
1	3
0	3
0	2
0	3
0	0
0	3
0	233
4	70
1	147
2	175
0	3
3	0
0	0
0	0
16	85
0	80
0	19
0	20
0	19
0	20
0	21
0	20
0	20
0	21
0	15
2	0
1	0
0	19
7	183
0	129
5	144
1	152
7	34
1	3
3	54
0	51
75	50
23	50
0	3
0	0
0	0
0	14
0	0
0	2
1	4
0	3
0	14
0	0
0	0
0	0
0	0
0	2
0	0
0	0
0	2
0	2
0	1
0	2
0	2
3	1
0	0
0	1
0	4299
9	3665
259	4298
8	0
43	34
2	6
0	6
0	4
0	33
0	136
2	140
0	89
0	13
2	9
1	13
8	39
18	40
1	18
1	8
0	3
17	1375
9	1376
7	2
0	1375
1	1
0	1
1107	465
8	66
37	258
1	257
0	16
1	10
5	35
0	32
4	23
3	0
1109	87
0	86
11	584
16	231
35	454
2	19
0	0
32	4
1	10
0	541
1212	477
9	10
115	92
2	48
2	1
0	0
0	30
3	0
0	6
1	14
1	0
2	73
5	2
20	91
30	89
0	6
0	2
0	2
5279	5
30	1014
62	1050
35	1013
0	860
11	12
0	4
1	29
0	32
1	49
0	0
0	2
0	26
2	0
0	1
0	1
1	4
1	3
0	4
0	4
0	0
0	0
68	9
90	130
8	9
1	2
0	132
277	70
2	70
0	0
0	0
0	0
0	0
681	350
7	282
20	13
0	154
48	172
0	266
0	262
3	136
95	142
0	15
38	31
0	15
0	268
0	269
2	29
0	15
0	19
0	23
2	20
0	0
0	32
9	1103
9	2
0	1101
0	1173
0	2788
1	2266
0	1247
1	347
25	4
6	1
0	0
0	1
0	1
0	0
32	1189
4	1032
15	84
0	1076
6	91
12	114
0	24
0	892
19	528
81	53
0	50
0	3
1863	16
4	12
0	0
0	0
35	0
29	533
9	86
2	53
0	594
12	592
12	311
0	312
1	7
12	243
0	46
0	243
713	1
176	171
0	72
3	152
0	163
3	14
203	3066
18	1624
0	201
14	8
15	124
39	1261
3	16
61	569
0	7
9	10
1	0
11	18
2	4
70	23
0	10
1	0
0	0
0	0
0	6
0	6
31	6
25	17
5	6
1	6
0	10
1	2
8	0
1460	2135
64	2133
2	81
7	14
0	42
9	799
0	42
0	46
74	0
2612	226
3	225
6860	1464
8	2
0	855
0	857
19	1454
1	0
0	0
338	993
2	993
0	0
0	0
0	0
0	0
0	0
0	0
0	0
0	0
0	0
40	1036
19	79
3	963
27	0
13	23
12	58
0	58
0	2
16	2
0	2
0	1
393	1189
48	1134
9	207
21	54
77	26
49	594
45	23
0	0
17	5
4	333
2	233
6	14
323	2483
31	380
0	1675
173	1387
4	1587
8	55
0	1692
2	2216
6	2224
0	1
0	150
3	50
0	189
0	189
3	55
238	905
7	17
125	22
16	59
0	0
0	5
2	152
0	146
0	1
0	0
348	1068
11	344
3	263
1	819
0	10
32	409
15	149
94	468
0	117
5	356
6	39
1	37
0	17
27	4
0	2
0	27
4	1474
2	1640
0	18
0	1273
0	18
53	1
1	15
38	43
2	281
81	100
10	308
84	33
1	29
5	129
0	161
55	132
11	76
614	1523
981	1501
16	1316
1	19
0	1203
0	18
765	2022
11	118
0	31
7	148
0	0
0	172
56	0
0	104
23	1797
724	688
2	43
11	0
12	0
0	0
1	37
58	123
20	402
0	378
0	394
0	417
3	229
16	132
0	130
0	0
1	61
0	55
0	52
0	16
0	1
0	1
0	0
593	3694
2	79
2	3574
0	1551
0	23
0	17
0	13
4	198
5	2
2	23
11	21
3	0
1	18
2	32
0	32
0	7
224	1
7	5252
0	1031
0	109
0	28
0	20
0	306
0	50
0	20
0	1425
9	638
6	289
0	244
1	207
0	958
1	21
3	1768
0	130
0	665
2	205
0	664
0	650
0	681
0	414
0	1282
0	541
1	209
1	237
1	3906
0	3927
1	3844
0	46
0	14
1	6
0	27
0	0
0	5
0	1
0	38
0	38
0	5
1	6
0	6
0	6
0	3
0	3
0	1
0	2
0	1
0	0
0	0
0	0
0	38
0	0
1	5
0	5
159	23
2	23
402	255
1	189
1	10
8	31
18	415
14	391
19	272
3	26
0	0
717	1578
148	11
0	230
81	1456
3	24
25	1
0	120
10	658
75	643
0	604
0	480
0	1
5	3
10	3
7	18
0	168
0	45
1	4
2	15
23	128
331	62
14	62
0	16
623	525
30	261
0	52
0	88
0	21
0	91
1	190
6	680
13	680
49	680
22	190
2	191
0	2
0	0
0	0
6	0
641	656
2	447
0	18
1	42
0	0
0	97
0	388
81	1994
33	1802
3	1012
0	67
1	71
0	97
2	2011
333	2509
0	4
0	0
1	1593
0	437
14	204
159	457
2	106
96	492
0	241
23	20
15	52
0	36
12	33
0	0
0	0
0	0
1	1
0	128
4	122
0	49
0	2
0	0
0	0
0	0
0	0
14	2199
0	2111
117	2168
1	354
19	5
17	131
3	215
1	2
0	2171
9	109
9	2155
0	2357
0	116
0	62
7	12
2	101
1	27
1	0
0	108
1	1142
106	864
4	914
7	418
0	748
0	167
47	100
0	99
12	61
3	3
7	6
18	3
2	4
1	2
0	0
223	465
0	409
0	464
0	205
3	199
0	25
2	24
3	287
1178	52
2	43
0	8
291	0
1	389
0	58
4	331
0	15
1	207
0	66
0	9
0	9
12	3
997	2
0	3
62	3401
162	3547
19	1037
12	0
0	49
3	233
6	8
4	3
0	36
1	6
5	10
4	1
6	6
5	122
0	74
6	92
0	18
0	5
4	8
0	0
0	122
569	322
0	313
2	203
1	7
1	2
0	0
0	0
20	1596
0	1574
30	982
2	12
6	65
4	41
8	3
2	78
0	46
0	0
0	0
0	0
31	157
7	98
12	111
0	88
0	664
32	630
0	0
0	606
0	85
11	98
2	0
0	0
0	0
0	0
23	229
136	225
1	32
0	1
0	5
0	9
13	25
0	11
0	20
0	10
1	14
2	3
0	0
0	1
152	358
24	20
7	357
1353	567
32	55
45	513
4	194
8	59
9	25
5	19
1	180
2	362
0	109
0	286
339	37
0	37
0	0
0	0
1	17
0	0
0	0
1	17
86	2179
7	2180
195	2092
4	0
4	22
0	5
0	609
22	654
0	636
2	71
0	7
0	27
0	24
16	0
1	1377
8	1157
2	947
0	0
0	0
8	0
0	167
0	6
0	6
0	3
0	0
0	0
0	0
0	0
0	1
0	1
544	0
336	0
0	0
0	0
0	0
0	0
0	0
491	432
168	823
0	838
0	885
0	412
0	58
81	87
0	81
1	44
0	17
0	1
0	0
0	2
0	1
0	1
0	0
2	39
1648	136
14	107
8	318
29	362
0	232
0	0
6	626
0	131
0	621
0	158
1	29
3	29
37	1057
19	1323
3	1037
61	898
0	943
3	782
1	0
4	224
2	0
1	6
1	18
0	104
1	57
7	40
0	40
3	38
74	56
1	6
0	54
0	1
0	1
0	0
14	179
1	170
0	94
0	93
0	35
0	0
0	182
0	40
0	41
2	41
7	39
0	10
2	0
0	0
0	0
8	1
76	0
650	943
3	860
30	930
3	72
39	0
1	11
0	52
21	54
0	34
11	0
0	0
0	0
523	1887
67	1546
0	840
53	271
16	12
11	1040
1	77
0	645
0	340
0	0
0	0
0	0
0	0
185	1492
6	1314
0	562
0	0
2	318
4	318
12	12
0	5
70	219
0	225
0	22
58	145
2	30
3	1
0	6
0	72
3	41
8	27
0	35
0	1
2	0
1	1
4	0
0	0
0	7
0	6
0	0
0	2
0	3
0	5
16	23
0	0
0	0
2	23
0	0
0	0
0	0
0	0
5	5
0	5
0	1
2	2
0	2227
7608	12192
1731	9962
0	1345
4	0
0	0
0	191
2	2
0	18
249	154
2	49
222	99
0	16
42	219
0	786
87	843
2	38
1	1
64	563
0	30
10	72
188	72
2	0
1	0
193	195
0	12
1	22
1	3
0	161
0	72
1	17
209	927
0	2
0	84
1	927
0	0
0	926
0	481
0	473
0	0
7	123
0	123
31	8059
88	7615
1	1834
0	0
1	92
0	579
0	5
7	7848
1	0
6	1146
6	245
8	207
2	104
1	3
11	3
0	181
21	39
262	1494
1	3
0	1116
0	169
2	255
0	1170
8	135
11	236
0	1
0	0
0	0
0	0
0	0
0	1
0	0
10	1254
0	182
0	2797
0	0
1	4
0	1319
27	384
42	388
28	1273
5	82
4719	2803
4	11
1106	12
4	21
0	21
0	50
35	253
0	86
0	130
4	97
21	133
4	50
0	111
12	111
5	7
0	0
1	225
3	198
0	225
828	129
1	47
9	81
0	3508
11	88
62	3508
42	360
0	357
16	359
0	362
1	41
1	17
0	0
0	3
125	569
0	560
0	0
0	0
0	0
0	0
0	0
62	811
2	798
1	714
1	296
0	12
0	123
0	0
0	60
4	13
2	0
0	1
0	0
0	0
6	36
0	44
9	44
2	8
0	2
0	0
0	0
0	1
0	1
6	207
0	210
0	206
0	207
21	53
12	6
13	45
0	10
0	206
0	206
438	332
0	161
0	267
1	200
53	8
0	5
1	9
1	54
23	39
12	15
4	3
4	21
0	21
472	771
3	763
0	22
1687	83
1	81
124	1032
16	974
0	342
4	220
0	200
10	104
130	409
0	235
1	113
0	17
1	0
11	156
0	25
0	227
0	401
0	0
0	0
0	229
9	231
1	229
0	231
0	1
0	401
0	16
0	19
3	0
0	0
932	714
2	5
5	279
6	357
0	199
1	351
2	259
19	19
0	65
8	336
0	2851
718	2939
6	1203
0	1387
0	383
2	128
0	146
0	144
0	145
0	141
0	146
0	145
1	0
0	0
0	13
0	145
0	16
0	17
50	450
0	3
4	11
2	10
841	608
0	145
2	0
80	22
0	28
2	30
0	13
0	0
0	0
0	0
0	0
102	148
29	19
8	7
15	18
0	2
16	5
0	3
8	1
0	1
0	0
0	1
0	0
0	316
8	242
0	227
34	121
5	118
2	126
0	29
2	51
6	7
47	48
2	31
0	26
1	17
0	0
8	0
0	0
99	526
0	377
1	21
3	12
6	0
0	1
2	150
1	0
225	1
0	0
1	367
0	397
3	440
2	308
0	107
0	17
3	75
10	47
5	19
0	1
0	0
0	0
1177	22
2	22
0	0
4	20
46	20
25	214
0	214
0	0
1	3
21	3
0	0
1840	534
4	309
1	382
0	377
3	146
0	533
3088	551
3	551
5659	957
31	880
0	3
4	71
0	0
41	500
0	492
0	75
0	22
0	8
0	0
0	0
0	1
0	1
0	0
146	11
0	140
0	223
5	75
0	199
0	112
69	5460
17	5373
1200	4868
3	4137
20	1
0	5440
1304	272
0	158
2	272
37	553
67	554
4	654
0	327
0	0
4239	76
0	1
4	68
77	335
155	297
0	166
0	59
8	105
285	324
0	67
0	257
2	87
7	9
0	0
3	63
181	64
0	0
0	0
0	0
0	0
0	0
0	0
19	914
1	893
0	883
2	870
0	397
5	601
0	0
0	0
33	547
0	892
7	935
0	657
2	784
0	519
3	543
0	590
0	473
0	50
0	261
2	6
88	2097
12	722
0	197
0	107
13	58
16	22
215	42
59	427
0	175
0	0
0	0
0	2
67	2102
0	757
0	676
0	663
9	619
0	254
4	79
0	23
0	663
3	244
7	275
0	232
771	215
2	11
1	204
412	250
14	179
1	129
3	80
0	2
1	190
10	191
0	7
0	3
0	101
0	121
0	97
1	127
2	8
1	0
0	43
0	2
0	0
550	71
1	1
0	58
2	71
0	41
213	721
38	4
0	4
25	1
1	16
0	0
0	26
0	721
11	101
0	101
0	29
2	122
0	121
5	122
2	1
0	144
9	139
3	5
10	20
1	113
0	52
0	48
23	34
2	115
8	9
3	2
2	33
69	47
91	405
39	409
0	172
0	199
2	1393
2	86
1	15
0	13
0	13
0	13
50	1172
0	1285
56	1
0	60
29	1080
0	0
1	0
0	0
22	23
1	23
82	924
14	787
4978	2294
13	85
0	233
3	172
12	802
91	107
0	107
23	6010
826	7380
0	408
6	2573
13	10
36	71
22	939
62	990
1	0
2	347
57	347
1	89
2	30
0	50
4	4
0	9
0	347
0	0
0	0
0	0
3	2461
735	2731
0	1942
4	2373
6	2302
9	201
14	0
6	213
41	1
0	799
0	4
8	0
0	39
8	143
0	174
0	332
0	29
1	306
3	636
4	246
10	184
13	287
2	107
10	30
0	0
0	0
1214	3
0	556
7	35
39	478
4	494
0	31
0	32
0	0
4	0
2	24
0	15
0	16
0	8
0	1
82	1394
4	1394
1	489
10	191
0	85
2	28
10	38
1040	1407
0	12
0	0
0	7
1	6
0	746
0	21
0	1
0	1184
7	0
0	0
0	0
8	198
0	2
0	12
0	17
0	17
0	10
1	7
0	1
0	0
0	193
0	198
1116	63
1	63
589	2
1002	302
0	302
122	469
5	24
7	308
49	105
0	476
9	43
57	146
155	708
343	1164
26	1122
0	75
1	31
2	12
0	278
9	561
0	0
0	0
0	11
18	675
290	1014
15	847
0	63
0	71
1	11
0	279
0	95
0	89
0	169
1	157
0	25
0	154
0	24
0	0
2782	3
3	2
9	7
2	7
23	143
9	152
5	146
3	33
0	61
36	104
2	5
282	241
0	135
33	106
11	18
16	1705
41	385
1	1419
0	1112
0	235
0	518
56	89
1513	120
0	23
5	7
0	122
3	105
52	261
8	362
1	347
0	48
0	0
38	106
0	1
51	106
0	28
0	16
2	15
0	1
0	7
1	2
0	1
0	7
0	6
1	1193
0	1032
19	766
111	1030
0	717
1	958
0	225
2	272
0	129
0	216
0	67
705	187
0	0
0	8
0	59
0	80
0	97
19	640
1	190
27	879
23	778
0	52
9	196
0	1
0	112
0	3
0	29
2	0
0	0
648	1
0	1443
96	1642
16	836
93	1374
3	1345
0	1493
0	179
3	1367
0	565
166	510
10	3
39	9
1	13
0	27
0	1830
21	2171
2	356
0	217
0	0
2	13
0	196
0	108
0	29
0	7
2	15
13	736
0	596
0	676
1	747
0	857
0	336
0	118
0	191
0	169
0	103
5	213
0	100
0	185
0	163
0	0
0	25
0	96
5	10
0	44
3260	7
0	2
0	2
0	2
0	0
0	0
0	0
0	0
63	154
11	399
25	373
0	26
7	27
0	27
0	4
0	3
0	3
0	430
0	430
0	24
46	2743
50	1623
0	2857
14	259
2	61
14	641
9	2732
450	23
2	23
8	1118
0	1353
10	1117
0	23
0	836
0	0
0	1353
7	1723
44	817
0	1597
119	1682
2	16
1	144
6	608
0	116
0	239
1	357
4	271
1	212
5	2
732	293
57	293
16	911
1	45
1	1
0	48
1	28
0	23
2	29
2	13
2	36
0	20
1	1
0	889
25	715
5	67
2	349
2	455
0	961
1	1000
0	142
0	74
0	22
5	25
0	223
5	967
1	1009
5	754
4	179
0	16
0	17
0	85
0	87
0	1014
193	14
4	13
2	0
0	0
12	3711
0	356
4	132
235	3711
0	102
1	230
132	2264
0	148
40	821
6	821
1	31
0	0
2	103
0	85
0	72
0	3
1329	1906
0	1812
14	318
3	943
15	0
3	140
2	0
0	1
0	2
0	2
1	1
0	0
0	0
2	0
116	4
0	4
0	2
0	5
0	44
2	39
0	0
0	58
0	41
3	0
0	6
0	5
4	9
0	58
2	0
0	129
0	260
0	238
0	130
0	212
8	202
1	0
0	213
0	16
0	2
0	3
1	26
3	12
3	26
0	26
0	0
0	0
0	0
0	0
0	0
0	0
346	102
2	0
0	0
0	2
4	99
47	29
2	29
0	7
0	1
16	65
0	59
0	35
21	30
0	21
0	11
2	14
0	13
0	14
0	8
0	12
3	0
0	112
0	97
2	40
0	0
0	101
4	30
0	10
2	11
0	69
0	0
0	0
0	0
0	0
0	0
0	0
0	0
0	0
0	0
0	0
0	0
0	408
7	616
1	4
0	114
0	114
0	104
6	8
0	416
0	3
32	136
2	61
66	137
0	60
1	1
0	0
0	0
0	0
0	0
0	0
1284	2424
0	2050
0	2007
0	1660
5	793
0	276
1	295
48	628
5	18
0	302
0	64
1	1
0	1
0	720
76	2798
0	1
5	2784
242	179
0	100
290	355
0	0
0	354
1	0
0	0
0	128
0	1
5	43
0	156
37	1375
2	577
4	1333
2	0
18	148
2	0
0	85
1	61
0	95
13	0
14	227
33	119
0	146
1	36
0	46
1	46
1	4
0	6
4	27
0	43
7306	11933
4	11911
0	5089
0	620
3	21
63	165
28	165
4	165
0	0
0	49
0	12
11	5
47	50
0	0
0	0
0	4
0	4
0	4
334	13
0	12
221	25
1	23
3	2
1920	689
1	650
1	0
53	431
0	35
1	6
0	45
1	5
0	5
774	910
22	145
19	895
0	0
0	0
0	0
809	799
48	803
16	12
0	0
0	0
0	0
0	0
1	0
0	0
164	1074
42	1079
2	376
4	35
1	5
197	0
19	294
1	293
1	97
8	243
2	73
5	220
5	81
2	85
21	108
8	47
0	40
5	4619
67	4604
14	4619
1048	4650
48	4642
2	4609
0	4579
10	3240
1	3043
0	3008
11	278
0	934
23	4619
6	358
137	29
92	385
59	374
0	18
0	28
0	0
15	10
3	10
0	1
0	1
0	0
4	223
0	352
6	57
0	101
0	0
1139	37
0	0
3	183
26	184
1	88
0	2
933	249
11	248
0	0
0	0
0	0
645	272
2	53
1	0
0	1
4	0
5	272
12	0
473	3874
277	3873
1	552
0	382
0	1463
0	180
27	145
9	301
0	9
147	12
1	77
1163	1295
1	525
118	1221
0	1042
5	122
0	790
0	9
0	64
0	765
1	830
1	16
21	7
0	0
0	508
11	0
1	277
191	1138
0	11
1889	1612
8	1079
15	1450
14	1126
0	137
0	1372
0	0
0	1
0	1
0	1
16	150
4	149
6	1
234	337
0	337
0	0
254	0
29	652
47	652
0	83
2	11
1	3
1	8
0	0
25	1861
2	0
8	1869
4	10
43	218
9	21
250	320
2	1866
2	1347
2375	10
0	8
441	422
8	19
1	313
1	181
8	18
8	0
18	1010
11	1005
0	111
0	80
0	48
0	45
0	68
0	36
0	22
2	15
0	0
0	0
0	0
0	1009
0	984
0	984
0	1007
110	8
0	7
0	1
0	0
342	11323
0	91
24	3516
0	3485
16	3106
17	7904
1	1782
0	2871
0	491
4	1666
5	2968
1	65
897	6836
0	1470
1	5004
0	0
8	2886
5	16
9	0
17	36
0	36
0	0
1374	228
1	1
0	224
5	11
28	0
0	0
11	0
3	0
71	3933
1	1204
0	2701
1	3328
761	2965
241	450
18	2906
4	2013
0	2074
4	371
0	370
0	1334
11	1749
5	400
0	26
28	1908
95	2648
1	236
59	66
11	1135
0	11
0	99
0	725
1	570
0	580
8	1160
0	38
2	300
1	59
2	452
3	12
3	47
2	29
550	469
1	3
1	14
0	16
2	125
0	71
0	95
0	20
0	25
0	79
178	0
25	447
0	0
29	447
10	4
0	6433
397	6433
243	139
29	101
138	124
1	2
3	0
1	25
1	119
0	0
0	0
0	0
0	0
0	0
0	48
2205	2011
0	235
2	565
361	926
0	1270
0	2
8	75
118	496
0	152
0	149
14	333
0	150
40	75
0	35
3	97
0	9
0	183
10	0
545	4
0	5
4	1
0	0
106	3301
388	3296
8	1635
19	60
114	1837
0	1838
0	1710
0	1753
29	511
1	1
0	3
0	3
651	655
28	68
0	2
8	567
0	11
0	50
0	138
3	81
3	34
2	0
0	0
0	0
0	0
4	180
0	0
0	19
0	161
0	0
0	11
0	90
3	14
0	75
0	0
0	0
0	0
0	0
0	0
0	0
0	0
0	0
0	0
73	0
0	23
56	23
2077	375
54	372
4	314
4	232
17	3
495	58
0	44
1	58
329	193
0	193
15	85
1	17
0	81
0	12
183	11
0	11
3	0
0	0
295	0
4	1060
0	1028
2	950
0	10
15	141
2	21
7	24
1	11
3	2
0	15
1	272
0	1060
0	0
153	766
9	777
0	16
0	0
6	401
1	4
0	4
81	228
0	24
0	55
4	1
0	1
12	169
11	718
0	0
0	0
1	4
0	4
9	5
5	710
0	268
0	271
0	41
0	39
0	271
0	47
0	27
0	0
0	13
1100	61
1	60
174	347
2	253
0	237
73	282
0	233
36	280
0	92
2	44
27	5
1	115
1262	661
0	165
1	18
1	452
0	0
161	1421
0	1486
0	1465
1	85
83	948
0	957
44	594
0	0
1	44
6	18
1	62
9	120
1	37
1	3
0	0
2	4
3319	3
74	150
0	31
0	150
0	0
0	3
0	598
0	726
147	652
16	696
26	550
6	264
0	15
0	50
9	0
34	68
0	67
767	121
2	120
23	1051
30	54
222	1006
0	1
0	1005
1	8
0	33
0	13
0	0
0	0
0	0
0	0
37	0
1	0
0	0
0	0
0	0
0	0
0	0
6	0
0	45
1	45
39	53
0	38
0	0
4	23
5	294
39	316
0	42
0	25
0	0
0	0
0	0
0	0
0	432
0	3
0	0
0	0
0	0
1	1325
1	0
38	1418
1	2
0	116
2	1016
0	100
1	316
12	277
4	55
1	55
3	116
5	20
0	48
12	48
759	129
0	5
883	159
0	159
0	0
0	0
0	0
49	345
32	0
18	345
0	0
0	0
0	0
0	0
0	210
1	52
0	200
1	0
11	7
0	32
223	2279
5	74
0	2281
0	321
7	1917
15	146
0	0
0	0
0	0
0	0
0	0
0	0
0	0
1	0
13	461
0	6
0	2
0	0
0	5
0	455
790	890
4	210
25	696
1	9
19	1
0	15809
9	20480
103	3461
1	0
0	20477
0	131
25	131
0	131
466	1
0	0
19	2560
0	2304
0	48
0	18
7	2023
79	155
27	41
0	21
0	41
2	1422
1	0
0	0
9	1580
0	914
24	1186
124	31
0	24
3	2
414	210
5	201
1	3
0	126
2	0
0	0
0	0
0	0
3	11
0	11
872	897
4	893
3	4
189	77
0	5
3	49
0	24
1	2362
3	1
2	0
0	53
0	142
565	2506
3	0
0	78
0	86
1	95
0	70
0	37
0	22
0	38
0	35
0	35
0	22
0	12
1	16
0	0
1	3
0	0
0	1
0	0
24	25
1	885
0	13
0	1549
0	306
0	1428
1	100
1	1702
157	1414
78	129
7	8
1061	0
31	1453
0	7
0	0
0	0
0	7
0	7
0	0
0	0
199	72
32	72
298	1741
4	40
9	948
0	228
0	1321
0	16
2	68
7	1
4	36
105	0
0	0
120	278
30	279
25	2
7884	10
0	38
13	1172
0	81
7	0
0	0
20	1203
1	1205
2	1194
3	8
0	5
0	40
0	5
0	1226
0	1203
1	6
0	9
4	0
0	6
0	3
0	0
0	2
24	5937
0	1790
0	2059
0	1379
1	1223
8	739
0	5907
0	4267
290	5898
0	885
9	1152
17	13
0	559
21	2008
192	2149
20	24
2	6
52	30
37	1848
119	1919
0	318
3	1795
8	157
2	70
0	0
1265	2658
110	1209
1	1139
26	1649
2	30
1	237
440	970
529	974
0	10
0	0
17	5
4	138
136	389
3	389
1	0
0	0
0	0
0	0
0	225
5	286
142	224
0	85
731	692
5	550
0	43
4	12
20	690
3	49
0	49
7	9
62	84
1	84
2	0
0	16
40	765
1	176
10	774
3	103
0	102
5	115
7	730
12	18
21	64
5	1279
0	1331
104	742
0	389
112	1343
15	954
3145	1813
1	33
59	9
2	1
0	1274
0	0
0	0
0	0
0	0
0	0
187	10
6	191
0	222
0	314
0	13
0	585
0	0
0	659
1	4
0	0
340	0
9	17
23	83
298	221
99	139
112	2522
51	2522
2	2
7	65
1	722
5	714
0	590
2	77
0	6
4	3
0	102
0	548
29	60
1	19
0	8
1	37
0	41
5	40
2	2
0	0
771	645
28	645
0	0
0	0
0	0
121	7
0	7
0	0
0	0
962	219
10	211
0	13
8	18
0	198
0	195
61	1
0	0
0	0
392	345
11	342
4	1
0	6
24	56
14	90
11	0
381	56
0	56
8	240
4	292
0	58
0	15
0	14
0	71
0	150
364	152
26	132
16	129
22	0
0	36
0	2
0	5
0	4
466	129
0	0
9	0
0	3
8	88
0	65
69	136
0	97
4	79
3	6
11	62
0	0
0	110
38	9
298	1881
353	1549
7	583
2	111
4	136
4	116
289	61
0	60
98	19
0	28
1361	308
0	306
25	2
39	1
984	568
0	36
0	276
1	143
2	8
0	3
0	194
0	201
624	795
6	127
4	668
2	1
79	675
5	675
60	175
1	52
0	23
4	24
0	674
2	675
67	697
2	23
10	640
4	0
4	0
282	0
0	150
0	169
0	64
0	19
0	45
0	1
0	1
1	11
0	0
0	0
0	0
0	1
1	1
0	0
0	0
0	0
0	0
515	7551
14	1730
4	651
0	2163
20	5044
41	1095
4	0
1512	523
96	521
0	17
0	0
0	17
0	6
0	6
0	17
4	4016
0	3668
10	3674
0	3609
0	139
7	3547
0	12
3	19
0	0
0	619
0	6
0	211
1	646
0	136
2	92
0	90
1	119
1	0
10	1403
0	233
2	65
0	412
0	0
0	0
0	0
0	11
0	11
0	11
37	10
0	3
49	1353
19	1210
10	839
17	86
1	2
0	0
0	0
0	0
0	0
785	3
0	0
0	0
0	0
89	1154
383	1154
1	1054
3	373
1	502
4	723
0	18
0	381
2	362
2	291
0	1154
0	0
0	0
28	56
2	21
1	0
0	8
0	37
1	6
4	5
0	4
3	18
22	90
132	1
74	92
321	0
0	0
0	0
1	69
144	240
2	9
0	14
0	34
1	16
2	31
0	23
7	3
1	17
1	35
1	3
0	10
2	302
5	439
0	466
5	310
12	179
1	26
0	1
2	49
17	4
0	19
0	38
0	0
0	0
47	493
323	685
4	492
0	190
3	0
0	2
141	217
1	40
0	29
46	152
2	21
0	21
0	6
0	5
543	175
223	175
393	237
1	221
13	8
0	9
6	5
55	32
1	22
19	3317
79	686
2	636
1	515
5	2513
0	437
4	3
1	38
3	0
0	2758
2073	246
5	0
0	224
0	172
9	21
38	96
8	102
0	59
0	1
0	23
0	0
3	0
287	85
2	85
0	58
1	43
0	0
0	22
0	20
0	0
0	18
0	20
0	20
0	20
0	18
1180	193
1	1
0	191
6	189
2	61
0	8
0	61
0	0
0	0
0	0
0	0
0	0
0	0
0	0
0	0
0	0
1	161
4	85
0	77
34	131
15	448
9	448
9	0
15	5
0	204
9	574
8	574
0	719
243	719
0	552
0	0
0	0
0	0
0	0
2625	7
80	242
0	30
0	11
0	7767
69	5464
32	11092
2	11603
0	11689
0	0
34	1331
0	1710
0	0
13	420
380	86
0	86
2	138
33	145
1	117
249	1150
107	429
6	165
5	25
8	600
0	0
10	51
1304	2414
47	2361
11	53
24	411
0	65
0	0
0	0
0	0
0	0
0	0
0	0
0	0
318	226
3	97
2	169
0	44
3	26
275	1
2	146
0	96
1	146
3	67
13	146
0	118
12	8
4	0
0	0
0	0
0	0
0	0
0	0
0	0
15	34
0	0
0	0
0	0
0	0
0	0
0	0
0	0
0	0
0	0
0	106
929	218
91	218
20	163
0	183
1	8
4	684
7	99
4	5
0	5
18	5
0	0
13	47
4	47
0	4
0	0
0	0
8	11
0	11
0	11
1	11
94	165
4	128
0	0
0	31
5	47
0	10
6	116
3	120
1	1
2	4
0	10
0	1
0	17
0	114
0	1
3	22
0	2828
12	379
792	2808
0	157
4	0
4	10
2	0
0	0
4	158
147	0
3	0
0	13
69	294
2	43
0	58
2	120
0	228
0	133
0	16
4	53
470	293
3	39
1	192
12	49
0	29
1	70
0	16
10	9
0	9
10	0
0	19
0	36
5	5
0	0
0	37
0	649
71	2570
12	2364
18	1267
1	453
15	44
20	18
390	585
1	7
0	5
0	0
0	0
0	7
1	11
0	11
6	11
2	0
5	2
0	2
2	1
18	1
0	87
0	24
0	86
0	55
0	37
1	87
0	34
76	5
0	5
1	276
65	521
0	20
0	288
64	24
2	255
0	40
2	3417
33	3262
63	3021
35	2312
61	123
24	0
18	4
0	548
6	6
4	124
5	1
0	6
4	2
0	5
0	9
0	24
0	35
0	33
4	33
0	17
1	0
0	0
2	5
4	5
20	2
6	29
0	29
0	0
0	0
0	0
0	0
0	0
0	0
0	1
0	1
0	9
28	690
1	690
0	1
0	0
0	0
0	0
1	0
165	0
2	206
107	2999
2	165
2	195
0	0
61	1157
3715	2961
0	0
90	116
2	19
0	651
4	573
1	548
11	20
43	2
4	48
2	5
0	36
49	469
0	61
0	0
0	0
0	0
0	0
0	203
12	203
0	0
0	4
0	8
0	1
2	81
0	7
0	55
34	142
13	143
0	32
1	3
379	495
15	503
0	500
9	338
0	359
3	12
11	96
1	37
120	55
0	55
373	0
0	89
376	89
6	0
0	0
0	0
0	0
1126	575
9	167
4	7
0	10
0	333
9	324
11	87
0	11
0	0
3	0
26	0
0	0
0	0
0	0
34	2885
13	401
0	2889
0	58
1	9
5	90
0	799
4	6
0	171
0	140
744	0
0	0
42	334
68	334
12	114
0	23
0	25
0	91
0	99
0	2
0	44
0	13
0	1
0	1
0	99
4	240
27	824
0	299
0	201
0	224
1	11
15	840
9	200
0	162
0	872
5	33
0	188
1	5
3	2
381	39
0	2
0	32
27	969
18	6169
1	6519
17	6096
63	0
41	1
11	61
0	61
0	409
0	85
1	125
0	128
0	15
0	6
0	4
155	6725
0	7
51	1
15	909
193	5058
11	2
3	1
147	23
41	48
11	6339
0	15
0	15
2	15
0	0
0	0
0	0
1	30
0	35
0	36
0	107
7	18
17	2062
0	579
0	2249
5	233
1	139
11	365
0	256
0	32
5	2249
234	44
3	4
1	41
0	7
89	156
1	155
0	155
0	1
375	93
2	92
0	0
0	0
0	23
1	0
0	23
23	1021
3	679
35	902
11	115
43	101
2	3
0	0
1	0
5	36
0	194
0	372
0	89
0	0
0	0
0	0
0	0
0	0
0	0
0	0
0	0
0	0
32	3278
14	2777
109	2752
2	15
2	17
2	21
28	8
5	5
341	9761
0	11084
0	756
0	2844
12	434
0	8221
6	1613
10	2374
39	10040
1	48
0	1
0	15
0	0
0	33
0	0
1	4
0	191
465	799
3	329
0	123
22	693
2	14
0	0
0	0
2	37
0	37
0	1
3	1
2	401
29	401
0	7
0	0
0	7
67	51
1	16
2	0
0	35
14	185
13	80
0	2
1	118
1	160
0	86
0	61
14	49
16	0
0	850
0	590
0	850
1172	2724
0	2706
0	1270
4	50
9	109
8	17
0	0
5161	213
13	8
14	215
20	10
462	585
2	79
12	338
0	123
9	230
1	0
0	0
8	340
133	310
0	205
3	36
5	19
2	0
7	61
4	19
4	30
0	6
0	9
0	0
0	0
0	0
0	0
0	0
0	0
3728	55
3	52
74	5
0	0
0	0
1205	783
2	119
39	458
0	0
62	10
15	399
681	6493
1	5796
0	4977
1	3982
0	3645
1	678
40	462
0	49
1037	1158
18	1056
1	160
0	0
0	0
3385	3
0	0
0	0
0	0
0	0
0	0
0	0
0	0
43	626
14	607
0	1
0	409
0	448
0	410
0	83
0	41
0	0
11	0
86	3027
9	76
3	1640
2	193
39	148
15	657
0	2897
0	657
309	647
0	594
0	371
0	1
0	0
0	5
0	639
0	532
0	203
16	229
41	125
0	8
0	6
284	1
32	2
5948	1988
15	7
1	205
26	378
2	537
1	560
3	298
3	159
0	1148
9	4277
40	3586
8	3608
0	1145
0	995
0	565
4	285
11	30
12	1
0	183
0	6
0	245
15	6
38	1
2	7
4	1019
34	1374
1	58
2	555
3	520
0	172
4	55
0	0
725	221
5	146
4	74
2	69
118	2854
2	2854
129	196
0	102
9	11
5	72
26	75
90	2825
0	0
2385	504
22	176
0	44
0	140
0	182
2	159
0	0
0	0
2	302
0	317
6	276
0	87
2	140
0	13
2	100
0	86
62	0
12	1
1	2
48	16
1	11
2	13
94	4
0	0
0	0
68	463
76	445
5	11
10	8
10	86
15	408
7	141
23	164
0	418
24	3053
158	3223
323	2387
5	518
3	2928
4	3203
10	2922
120	140
65	39
0	0
0	0
0	0
0	0
0	0
60	111
19	111
985	9
3	9
19	212
0	214
0	0
59	242
6423	1589
0	238
2	649
5	312
23	579
331	3
13	2
0	5
0	5
0	0
86	431
0	431
0	431
0	431
4	218
58	32
15	230
0	0
0	0
12	3789
0	554
95	3593
0	252
0	203
0	3722
0	0
89	3772
0	19
172	20
17	26
0	25
2	1
21	0
3	5
62	648
124	4179
107	4103
3	1
55	27
0	0
0	0
6	606
1	605
23	582
0	555
3	51
1	4
0	0
540	108
0	44
7	32
0	0
0	9
14	56
2	29
0	68
0	58
0	40
0	4
0	1
0	2
3	137
63	1724
230	3057
0	51
58	84
0	1767
7	11
0	1881
0	15
1	64
52	2
59	924
0	2920
0	0
0	0
16	3904
63	5840
57	5822
198	5543
10	16
6	131
395	246
0	246
0	3
198	38
0	38
18	41
1	37
0	3
1	2
0	0
0	0
0	0
0	0
0	0
2302	576
2	0
11	576
0	314
4	0
16	0
0	2023
0	250
0	344
0	903
1	66
15	31
0	48
4	29
0	146
0	35
0	366
10	36
0	1927
0	2081
0	1981
24	781
6	1
20	779
0	38
4	8
10	1
38	660
10	49
9	3
5	20
1	0
4	16
384	400
62	400
4387	5
0	0
0	9
1	2
0	6
0	6
0	2
18	4
0	4
1	1672
0	3572
65	1349
12	2665
3	267
1	1216
0	1671
1	2668
3	2788
0	909
0	1740
3	3428
0	1198
19	1364
0	1225
31	1483
0	954
0	820
0	1039
2	821
0	940
1	843
7	433
4	152
1	794
8	217
4	443
0	1800
21	16
90	1
52	288
0	0
8	13
1	13
525	158
50	1
3	0
0	0
0	0
1	2056
43	209
9	617
0	2032
61	1970
191	1091
14	275
0	1
23	816
1	360
4	348
0	348
1	56
0	67
0	24
0	0
7	16
0	0
0	6
0	6
0	340
402	449
2	257
0	119
0	557
0	551
0	528
0	510
12	311
0	8
3	22
10	214
0	15
0	3
0	10
1	7
246	0
0	0
0	0
1394	87
5	87
0	46
5	46
0	46
49	336
46	335
1	44
7	28
1	10
6	27
371	1477
0	14
0	46
0	1464
1	3
636	942
85	826
0	16
3	48
4	107
1	0
193	2991
23	147
1	29
0	1852
0	2815
31	2294
0	1828
0	234
0	0
0	0
0	0
0	0
0	0
285	87
1	21
3	4
0	53
2	54
0	11
14	9
0	8
0	0
0	0
0	0
0	0
0	0
0	0
40	498
2	377
0	321
1	267
0	222
0	34
1	41
1	4
3	13
1	23
0	9
14	1
118	1
552	210
4	207
0	4
0	71
1	649
1	882
1	280
0	0
5	7
52	882
0	0
0	0
8	7
0	7
0	0
0	0
0	0
0	0
0	0
0	416
166	1162
0	513
35	1061
0	75
0	23
56	1504
0	431
4	104
0	1214
13	205
7	8
44	692
1	182
2	66
0	6
7	53
199	33
0	281
4	276
0	3
16	30
30	14
2	2
1	18
1	148
0	397
37	404
1	19
0	7
22	37
0	0
1879	1
0	0
0	0
0	0
0	20
1	6
0	0
0	0
0	20
0	0
0	0
0	0
2	15
733	0
38	211
875	214
0	0
389	1205
0	671
14	534
0	195
2	29
1	129
47	987
5	987
0	344
0	56
0	1
0	0
0	0
11	180
4	493
30	398
14	28
0	219
0	0
0	0
121	10
0	4
0	0
0	0
0	0
1	6
4	0
0	0
0	7
0	7
172	394
0	394
61	0
161	494
0	517
16	523
1	5
0	6
7	5
0	6
592	1988
0	1988
2782	594
1	283
18	308
7	53
25	51
0	0
2	0
0	5
0	45
0	0
0	15
10	85
0	65
0	5
0	2
0	19
0	4
0	9
0	11
0	43
0	28
0	0
0	0
1750	1957
0	38
0	120
28	1918
27	0
0	1773
3	1689
8	1155
2	844
15	41
379	1706
2	0
0	0
0	0
0	0
0	0
49	500
4	376
46	113
0	277
0	111
0	101
0	0
0	0
0	0
0	0
0	10
1	0
0	0
115	10
2	10
0	0
0	0
0	0
0	0
289	79
6	56
6	40
0	61
0	145
1	22
0	146
0	70
1	127
0	7
0	0
0	0
1	10
0	144
16	0
0	0
0	3
0	3
0	0
0	0
1117	2
9	0
0	13
0	21
0	4
0	16
0	9
0	553
2	1
1	1
0	553
0	0
5	368
15	440
43	447
22	145
10	133
0	0
224	0
2	0
1	0
307	500
70	553
0	432
12	525
0	347
0	1
0	0
0	1
0	0
0	0
0	0
20	12787
0	17052
32	16391
29	2774
0	2903
10	567
25	325
1343	569
4	304
20	408
0	555
7	39
0	361
0	97
0	466
8	1009
47	341
0	750
5	890
12	892
20	368
3	5
2	126
29	130
2	87
0	62
0	228
24	0
35	155
0	26
3	112
1	79
4	147
7	69
2	19
4	39
0	2
0	16
6	0
0	713
0	921
0	0
5	529
38	585
0	591
6	477
1	0
3	75
0	13
1	5
2	429
11	293
70	136
1	110
8	251
1	1438
2	1224
44	68
0	0
0	1438
1	0
28	1377
3	1330
84	1382
6	65
11	227
81	19
0	314
0	0
0	209
3	189
2	290
0	479
1	496
380	496
0	263
0	61
5	22
0	223
0	7
0	0
0	209
0	209
0	209
0	161
0	150
0	0
12	47
0	3
0	203
0	0
10	4
2	39
0	44
0	12
5	4
29	43
0	40
1	40
0	40
1	64
0	64
0	0
0	0
0	0
45	6325
8	3311
0	3371
0	2433
0	171
0	163
0	316
0	285
1	170
8	6075
21	0
6	0
3	0
0	0
123	342
8	305
0	0
0	37
1464	0
3	20
0	20
4	20
0	0
0	0
1	8
0	0
0	7
0	7
0	8
0	7
0	5
2	4
415	122
9	96
81	100
2	14
3	0
105	815
0	225
2	242
0	637
0	837
10	806
0	830
0	232
1	210
0	26
0	9
0	5
1	0
1	15
0	35
0	64
0	142
0	19
3	0
2	34
0	3
0	0
0	36
223	90
0	90
0	187
10	187
0	0
0	0
0	0
0	0
977	943
4	450
2	550
0	0
4	681
25	24
11	370
0	0
0	0
1136	0
3	11
0	0
8	28
0	21
1	17
56	4
0	4
3916	8
0	3
0	0
7	346
89	375
13	82
3	3
0	0
0	0
10	985
0	282
5	75
5	84
18	593
0	827
0	79
3	310
3	118
13	2
0	2
5	184
0	145
0	142
1	4
6	11
0	0
0	1
0	180
0	186
569	99
0	93
19	61
1	57
221	0
1	128
3	138
30	138
2	1
1	27
595	206
1	203
0	152
3	179
0	64
6	180
0	143
2	53
2	29
2	54
5	7
2	0
0	0
0	0
0	946
2	991
12	1031
0	1035
9	236
3	102
9	1
0	1002
0	12
1	136
0	2
1	2
7	9013
18	9567
204	9748
38	524
3	0
2	688
0	3238
0	321
24	296
166	90
135	347
12	92
3	45
8	430
24	65
3	60
22	873
80	801
0	0
1	8
10	2
170	1633
5	1058
17	931
89	446
2	57
8	1
13	38
8	59
23	195
465	215
0	200
3	75
1	74
0	29
2	7
107	75
0	75
0	0
1	8
1218	153
4	152
532	429
7	0
0	11
2	33
3	33
21	102
0	6
0	17
0	4
0	0
0	1
0	18
1	18
37	74
0	74
6	49
8	100
975	342
19	0
1	184
4	8
25	121
0	42
14	10
4	27
0	11
1	0
79	1647
0	520
15	1430
14	19
0	1629
52	0
4	84
0	5
101	81
0	0
0	0
0	0
289	57
0	29
0	29
0	0
0	1
0	1
0	0
19	216
103	237
2	4
0	175
5	31
17	6
0	6
1	1039
1	1993
3	324
20	384
6	30
2	159
3	77
27	7
16	1044
2	948
0	0
0	0
0	40
0	0
0	0
0	40
1096	2657
1	1611
1	1676
1	607
11	662
0	24
0	19
62	38
0	75
41	280
0	5
0	7
0	5
0	5
0	5
0	7
0	7
0	7
0	0
0	0
0	1
0	0
0	0
0	2
1	0
0	0
0	0
11	0
2	53
2	99
6	161
0	81
11	28
3	34
31	931
0	886
2	848
47	926
8	22
0	29
19	4
0	61
0	118
0	0
0	139
0	8
0	99
0	0
0	9
1	0
33	1
56	768
19	596
41	634
166	1189
17	1195
0	972
0	1
0	0
0	0
0	0
0	0
28	0
1	5413
5	5436
35	5433
4	320
0	197
90	5261
0	5207
12	0
216	119
1	1
7	1
0	0
88	185
19	10
1	103
0	133
1699	1711
0	659
0	99
2	914
124	456
5	0
498	2575
2	1033
21	2109
900	73
43	79
1	14
12	4
0	0
0	3
3	3
0	0
0	0
649	0
0	773
104	5403
1	9
1	52
311	398
16	360
79	132
21	353
0	223
12	201
6	5582
0	2
0	1
0	1
1	0
2	1
0	0
0	0
71	2193
31	2593
24	1999
2	915
10	829
2	304
23	377
0	100
554	274
7	24
4	36
3	2
2	0
4	218
0	110
0	122
1	162
0	23
0	117
0	0
0	0
0	0
0	38
0	38
0	0
0	38
1	2
0	3
7	389
10	156
1	286
5	171
8	279
1	52
22	5
0	191
6	533
5	112
1	58
6	0
40	533
0	2
10	97
1	255
2	231
2851	22
0	5
1	14
0	9
5	58
0	60
0	61
10	43
8	26
1	22
0	61
5	144
0	145
0	132
0	1
0	67
0	7
0	4
532	489
4	470
45	223
101	128
0	2
3	75
2	127
513	123
2	24
195	1
1889	1
33	1044
0	1044
1	1044
0	1042
47	1013
1	11
2	6
0	15
0	0
3	33
5	8
63	1
73	573
9	611
0	135
0	143
0	105
0	76
0	13
0	9
0	0
1	0
29	112
2	107
2	52
1	26
3	31
526	271
5	203
18	44
30	15
2	54
0	29
1	591
1	37
0	0
0	565
0	41
0	460
0	462
0	0
0	0
0	32
0	4
6	110
0	85
1	36
5	330
36	2103
0	1931
2	357
67	374
4	10
27	246
2	242
0	53
22	419
0	16
1	0
0	0
1	0
0	0
5	463
250	502
35	316
5	10
0	82
2225	2679
0	2139
9	2
0	1
0	242
0	976
2	131
0	398
3	265
1	1610
17	1682
3	1655
0	32
10	1040
6	108
0	107
0	105
0	147
3	192
0	13
6	92
1	38
0	3
2	37
3	63
14	16
190	286
73	394
3	387
0	383
5	148
15	326
2	197
6	12
0	0
0	0
0	0
0	0
0	0
14	3
0	3
0	291
0	60
1	315
0	465
400	525
4	5
0	49
1	3
0	304
0	299
256	0
141	141
35	141
0	0
0	0
0	0
632	25
0	23
8187	3697
32	639
34	12
3	1996
19	575
0	1704
2	3289
26	2693
125	3318
21	409
23	119
17	0
7	669
70	157
2	173
1	707
60	396
0	3
10	90
1	50
0	0
459	155
5	155
3	53
3	72
0	47
0	55
1	0
0	21
0	0
1	1
0	0
19	10
0	1
6	11
14	6035
1	6127
2	1066
14	3662
28	2
0	1
0	5949
0	5639
0	600
0	5675
17	214
21	3509
1	1475
2	1
4	308
4	2515
0	250
0	113
4	198
108	89
5	44
2	33
4	45
47	614
18	615
1	529
0	548
0	68
5	46
5	49
0	42
84	1792
35	1705
21	504
0	196
12	23
47	172
2	85
405	83
2	24
1	0
29	60
28	1
48	0
9	1
663	1506
3	1370
5	104
0	716
11	1554
30	7
4	8
26	1554
15	10
70	95
3	75
66	5
32	37
0	176
0	194
0	1
0	0
0	70
0	184
2	177
0	3
0	0
5	51
17	919
114	624
463	1791
9	423
0	114
0	0
0	142
5	1012
4	188
24	103
1	451
0	664
8	139
2	16
54	431
127	984
18	714
16	665
10	6
4	3
3	4
0	1052
26	1147
0	741
0	1010
0	943
4	96
16	85
0	62
14	243
7	588
17	372
0	235
0	162
154	4
0	4
0	1
10	24
3	5
1	24
75	1105
1	11
16	40
7	1052
26	138
2	15
18	66
0	112
298	63
10	63
1258	159
0	24
7	135
0	0
17	3479
0	3259
8	3238
40	1101
6	3427
2	519
2	929
1	1331
40	1185
1	1627
0	1998
0	3479
0	1422
0	88
3	1538
10	2149
19	1
0	318
0	242
0	274
0	1063
0	228
14	234
0	534
126	1
0	271
85	2
2	1
1	1
0	0
0	0
0	0
0	1
0	1
0	1
0	1
1682	1
13	1623
0	61
20	184
14	1100
3	1347
0	1520
11	41
0	33
0	0
3	90
0	0
0	0
0	0
0	0
0	0
14	1068
48	1355
10	313
0	394
0	79
0	52
0	409
16	322
4	0
12	26
0	67
39	161
26	145
4	67
6	33
16	1
12	27
1	16
0	2
0	0
0	0
0	0
0	0
1	0
552	2401
8	1960
3	1076
0	828
19	76
0	6
1	11
255	192
0	114
0	76
2	0
1	1
21	27
24	640
6	606
1	22
0	1
0	0
11	109
403	18392
0	18376
276	18343
42	153
0	18085
423	0
0	729
0	729
2007	971
18	459
0	57
2	32
51	236
0	144
459	38
1	15
3	20
0	23
0	39
3	35
0	39
62	1032
0	21
0	117
0	924
1	42
213	1066
0	120
2	243
4	0
0	287
4	437
6	75
0	55
0	15
0	0
5	540
0	30
12	31
0	22
47	540
0	2
0	2
21	20
0	56
0	56
0	2
16	6
0	0
10	47
0	47
0	26
0	3
0	13
0	0
1	6
3	3
0	29
13	0
89	368
0	518
0	109
0	93
234	130
161	130
8	1596
1478	1597
17	172
448	155
115	121
292	0
0	1
0	0
0	2
0	1
0	1178
1	1229
23	1132
0	989
2	633
0	76
6	25
13	0
8	87
0	0
0	27
0	1625
11	1577
0	1576
58	1629
0	0
8	106
99	124
2	64
0	94
1	22
2	23
6	21
0	21
30	564
18	564
43	1735
4	1870
7	461
4	225
52	163
8	1896
2	111
0	118
1	45
3	10
2	10
3	20
25	1584
30	1567
0	67
0	1433
0	39
3	200
2	271
44	42
0	231
80	345
0	14
10	331
275	191
10	99
2	97
28	124
28	103
0	32
0	12
2	16
0	0
1	1576
26	530
2	107
2	10
10	1468
0	1
0	1
0	0
0	0
0	0
0	0
0	0
3	0
0	0
0	0
0	0
14	689
0	0
0	45
20	689
16	146
0	2
114	0
75	322
0	206
0	195
0	93
2	43
0	2
0	322
0	22
0	179
17	408
97	289
0	199
0	130
0	177
0	122
0	225
4	74
5	0
0	3
0	3
83	99
5	99
30	3
20	55
0	44
3	51
1	27
0	4
0	281
0	266
22	235
0	238
6	58
2	256
8	57
0	132
6	171
18	10
3	56
2	24
15	103
0	1
3	52
0	0
4090	3090
1	2617
1	2612
7	2525
20	0
0	0
1936	2292
318	2275
0	843
191	1132
3	15
0	124
3	41
286	4021
238	4021
0	514
0	77
4	94
4	94
0	2
0	5
1	542
5	0
1	13
0	76
103	110
1	43
0	0
1	0
0	17
0	19
6	110
0	111
625	72
26	72
1	7
0	10
0	9
0	0
0	0
1	1
0	0
0	1
31	487
5	482
2	375
0	334
2	65
0	0
0	0
34	1172
91	1137
0	2
0	20
2	38
0	508
0	441
0	213
9	40
2	75
1	12
0	56
0	78
0	54
2	0
0	508
0	0
0	0
14	508
0	352
10	362
1	12
1	0
2	61
0	521
16	9
0	9
0	6
21	565
6	511
0	48
0	230
2	152
3	141
7	101
8	140
0	90
2	77
5	6
3	10
0	0
0	19
0	36
0	526
0	515
0	26
0	26
10	10
0	0
50	0
1	0
3	8
25	8
65	597
13	110
32	138
1	322
0	0
0	0
1	32
0	0
0	261
2	30
0	109
792	1
12	39
1	19
0	33
0	19
0	33
0	25
0	25
3	25
0	22
0	14
2	6
202	51
0	51
66	253
5	239
2	17
5	11
0	9
22	6
0	2
3	2
0	2
0	1
0	0
0	12
0	0
0	0
0	0
0	0
3	8
10	3
0	1
0	1
38	466
166	504
8	510
4	391
43	385
19	385
0	8
23	5
42	0
22	10
0	205
184	179
0	287
0	48
5	0
0	281
1	2
0	2
1	0
0	0
0	0
0	0
0	205
0	0
13	206
16	145
0	3
5	4
248	496
0	433
66	3
0	383
13	85
0	336
1	54
11	390
6	1082
0	145
0	76
31	797
1	1
0	29
0	51
13	1085
0	1062
1	0
0	3
0	3
10	3
0	3
1	3
0	0
0	0
0	0
18	2
1	2
0	0
0	0
0	0
42	6361
3435	6369
0	2258
15	498
3	5
18	6061
0	4404
1	52
3	451
1	1015
0	2728
0	523
0	4467
0	2212
2	2165
25	1872
10	2398
15	37
0	35
1	1731
3	5543
0	2360
2	537
0	2131
0	1520
36	299
11	97
283	539
1	567
0	21
0	1
8	270
0	1
0	0
2	14
0	26
19	109
1	57
0	0
0	17
0	0
0	6
0	4
0	28
0	0
1	0
0	25
0	0
154	65
0	26
0	45
0	65
1504	2
1	2
123	0
0	63
5	63
79	108
2	108
224	467
0	501
0	470
0	458
63	11
0	2
0	0
0	0
0	3
0	5
0	1
0	1656
419	3273
0	2371
4	0
6	5
7	1
2441	37
0	18
1	18
59	334
140	401
0	123
2	6
2	8
0	2
425	3681
593	3612
13	2
0	23
0	117
0	1150
1062	94
4	22
1	72
0	0
800	310
0	75
27	218
4	103
8	74
1	18
0	13
0	2
0	2
4	593
0	627
40	547
10	3
1	499
0	89
4	178
0	104
2	108
11	156
1	156
0	156
0	10
1	0
2320	99
31	95
405	1236
1	97
6	266
9	650
0	560
1	26
0	26
0	0
0	0
47	346
474	834
76	379
0	8
8	359
313	596
13	249
0	369
0	41
2569	4275
35	4168
0	50
123	224
11	227
8	280
13	146
19	180
0	7
0	1
0	6
0	6
0	6
0	6
0	8
0	8
0	6
0	6
1310	8
1	1316
12	1284
3	216
8	654
45	5
15	245
0	199
0	62
2	0
2	221
2	210
1	127
4	1
264	3275
256	3625
71	1565
10	116
18	181
4201	158
8	154
784	220
0	1
1	51
0	167
40	2105
2	350
27	236
1	437
0	500
0	190
15	658
5	349
7	0
0	1075
0	0
0	0
0	0
1248	624
19	624
6602	12029
1	217
14	11949
3	0
0	0
1	1
0	1
0	0
169	316
2	91
0	46
0	262
0	130
0	47
7	0
2	40
1	40
36	2
0	0
0	0
19	22
0	12
0	7
0	7
0	1
3	21
102	884
8	870
1	14
4	16
2	16
1	16
20	0
15	2
1	1
0	0
0	1
270	15
0	15
28	499
0	192
0	191
0	1
24	499
76	270
7	17
250	846
1	20
2	29
0	62
0	18
0	56
1	74
0	513
27	128
0	126
7	59
0	284
2	49
2	74
0	16
13	93
1	91
0	92
44	93
3	5
0	28
105	716
0	716
11	327
14	1
6	0
33	4
0	4
0	3
0	1
13	120
6	119
3	1847
5	1847
99	1159
5	0
0	145
13	1908
16	202
3	136
29	1997
7	106
0	275
5	749
35	119
5	615
1	330
12	313
0	160
1	98
0	46
8	6
7	12
1	161
14	89
73	82
10	64
0	30
0	62
0	2
0	1
697	121
0	111
0	9
0	210
132	773
0	674
39	597
0	0
14	115
0	3
34	65
1057	611
31	542
12	17
0	222
3	44
78	208
0	76
0	5
6	2001
0	1534
53	537
3	123
2	1
0	1883
0	1820
0	6
12	2
0	5
1	3
0	0
0	3
0	2
9	662
223	841
1	103
7	95
0	801
140	801
36	0
394	1
0	380
10	380
0	42
0	0
16	36
8	42
38	302
5	100
0	30
2	238
0	0
0	0
20	238
0	170
0	120
0	9
0	231
0	229
1	69
87	110
0	41
748	82
1	37
0	45
45	184
0	18
2	33
0	184
39	0
39	0
0	1
0	0
0	1
1	0
96	105
0	105
1	18
2	17
0	0
0	8
0	5
0	0
5275	2225
14	2222
7325	13403
0	12524
7	2702
0	1
0	1
0	1
0	1
0	0
8	0
0	1221
0	891
4	675
246	793
0	267
1	65
0	340
0	5
0	1234
0	917
1	3
0	3
0	0
4044	2
64	42
9	40
4	3
27	609
5	110
690	1320
3	1435
0	594
5	63
4	156
25	187
0	19
16	113
0	180
0	14
0	3
0	24
0	22
1	9
0	0
0	0
0	0
0	0
43	9061
3	8422
2	3922
0	1907
24	1351
36	600
0	385
0	220
2305	805
1	805
245	350
6	350
0	0
0	0
99	966
630	870
3	140
3	15
0	103
11	10
0	6
0	0
1	77
122	129
0	94
1	55
0	92
142	2507
10	1207
3	164
0	375
0	121
89	309
9	67
1	150
6	310
74	37
0	230
116	0
0	0
97	599
11	596
0	2
98	0
75	6
1	4
0	2
2	0
20	7
0	6
0	6
676	539
16	539
55	383
0	373
0	31
8	348
0	23
0	68
0	114
0	5
7	27
0	66
3	46
2450	2
9	183
2	183
1	5344
265	9
18	9
338	88
0	60
0	27
1	2
0	0
97	510
4	235
100	358
6	375
2	49
0	0
7	79
0	79
3	47
4	27
3	12
0	14
0	12
0	13
0	10
1	1
0	1
8	0
2	0
0	334
0	406
0	350
0	401
9	363
0	331
60	0
0	32
56	153
0	9
0	0
755	2986
8	2008
1	18
5	267
76	267
65	340
0	12
3	77
0	232
0	0
2	0
0	0
4	158
0	1
0	0
1	0
4	0
13	6
9	4
5	2
5	0
98	1209
17	1140
0	1031
99	313
0	257
5	217
0	175
2	148
0	50
0	7
0	2
1	521
333	521
0	306
470	840
8	14
5	379
119	827
2	45
0	43
0	6
0	3
0	2
1	10
0	45
0	0
0	0
38	2846
0	2853
45	2855
0	51
6	69
3	28
1	104
6	1
8	550
1	2107
2	127
0	0
4	0
0	2200
0	2207
40	1523
5	544
340	999
1	141
0	86
2	65
342	261
15	2
0	82
7	9
2	0
6	225
23	271
3	62
0	31
0	225
0	246
0	113
0	123
0	128
1	31
16	70
1	0
41	534
3	310
0	163
0	167
4	91
0	32
5	85
0	6
0	7
0	18
2	1
0	0
0	532
0	542
0	532
0	161
2	953
1	1046
0	572
1	184
44	501
168	506
4	46
4	11
0	5
21	0
7585	2752
114	2747
0	5
7	10
91	10
1	2
0	28
0	50
0	35
0	4
13	36
86	67
76	2
212	34
0	34
0	19
0	0
0	0
98	26
1	26
0	12
99	36
0	24
1	32
13	23
1	12
4	164
55	175
306	813
0	125
5	57
2	720
11	222
0	305
0	73
0	0
3	21
0	7
547	181
0	58
0	1
1	15
1	98
1	56
0	27
2	11
0	0
810	49
11	38
112	11
0	19
6	19
0	0
0	0
0	0
689	480
0	480
0	0
0	0
0	30
45	761
9	761
2	287
1	3
14	4
0	0
0	0
0	0
0	0
1	621
16	403
70	713
2	222
0	329
11	368
0	171
0	634
131	70
62	70
3	1
2	15
0	0
0	0
0	0
15	112
0	57
0	0
2	73
0	14
0	104
161	0
0	0
1	5
0	5
0	3
2525	155
3	153
0	0
0	0
3	1
0	1
2	0
0	0
110	25
0	24
2	7
0	0
0	0
0	0
0	0
5	166
4	166
29	81
1434	1547
1	18
2	1526
3	1289
8	0
0	0
616	554
0	180
6	69
41	444
0	0
0	99
2	30
14	91
0	4
2	5
0	27
2	68
0	99
9	262
0	0
0	397
0	191
0	152
2	29
0	130
0	97
0	101
18	93
4	72
0	0
51	1489
64	1827
0	1699
2	4
59	993
24	1753
10	0
0	0
0	0
0	0
0	0
0	0
0	0
0	0
0	0
0	7
0	4
0	4
0	1
0	0
0	0
0	0
302	140
2	55
6	97
0	0
1453	32
0	0
10	0
0	1
0	1
0	0
517	0
518	3889
783	2642
0	38
0	3889
9	0
0	111
0	108
0	46
0	26
1146	2085
0	621
98	763
12	1325
16	695
26	0
36	465
0	0
0	0
0	0
0	0
5	591
0	574
16	20
0	13
1	0
0	74
10	202
1	148
0	213
0	205
46	955
0	621
0	643
23	21
2	657
7	49
0	29
0	49
322	255
0	75
0	180
3	0
9	705
2	807
6	299
4	756
1	633
0	787
0	763
16	0
2	51
2	756
4	280
2	3
0	0
1	7
1	80
24	5
34	128
1	36
3	6
0	34
31	13
0	7
7	2
8	9
1	2
0	0
0	0
0	8
0	0
0	8
2	0
7	0
24	220
642	342
1	122
37	1
0	0
5	805
4	149
3	68
0	748
0	147
0	596
36	626
1	2
7	5
0	56
64	312
0	1
0	1
0	1
0	0
0	0
0	0
1	1
0	0
0	1
0	2
0	3
0	0
0	0
0	0
0	0
0	0
0	0
0	0
0	0
8	1788
0	1383
0	470
54	746
0	525
0	0
0	0
1	79
19	450
0	8
0	12
1	209
1	428
0	0
17	0
0	0
2463	4321
5	4323
331	3749
0	2577
0	214
71	378
3	0
4	5
116	59
0	1
0	58
0	0
19	513
5	512
11	377
5	502
0	116
0	22
0	312
0	0
0	0
0	0
0	0
0	3361
2	642
1	2005
43	2
20	3361
0	2
7	230
0	58
1	100
2	87
18	166
0	10
0	25
3	1
0	1
0	0
0	0
0	0
0	0
21	41
0	39
7	29
0	202
143	202
14	16
0	14
4	0
0	0
0	0
0	0
0	0
0	0
0	0
0	0
8	0
0	0
0	43
37	275
0	0
1	4
0	231
0	14
0	14
1	13
0	10
0	2
0	0
0	14
42	177
0	10
25	167
0	0
3	1
16	891
4	289
5	659
0	427
0	523
755	3
13	3
8	1685
0	2012
302	1925
0	2005
23	2005
25	8
3	630
76	668
29	322
7	517
8	136
0	73
3	2
0	139
6	14
80	0
1	21
2	444
6	134
0	0
8	2
0	411
2	8
1	3285
0	3016
0	3037
0	3167
0	3186
49	3207
3	3304
13	1510
2	63
0	399
1	209
8	32
17	653
0	11
0	339
0	233
0	57
0	0
0	0
0	0
216	42
2	13
2	6
0	35
4	0
4	155
0	117
2	67
0	0
1	4
0	7
0	8
1	5
0	156
0	172
0	205
3	192
0	99
0	11
3	20
0	14
0	1
0	10
0	9
0	3
0	199
49	4
0	0
0	0
0	4
3	0
7	2
0	2
0	24
0	4
1	9
8	4
21	28
0	9
0	0
0	3
0	0
0	3
1	186
3	704
40	215
81	1207
0	179
10	449
3	55
1	383
3	104
16	301
0	1266
2	11
19	533
6	156
0	136
8	94
0	71
57	200
0	8
91	11
19	0
676	1350
54	707
1	641
335	0
0	149
43	115
0	129
0	56
0	12
5	1
0	104
0	0
0	67
0	24
4	36
1	10
0	132
0	0
0	0
0	0
0	0
2232	3
8	0
1	80
0	0
0	102
0	96
43	96
0	29
1	0
1	15
6	21
0	26
0	0
0	12
0	5
0	0
0	479
0	1440
0	269
7	419
0	0
4	3
8	1380
0	31
0	81
61	155
6	41
0	70
6	70
3	10
0	3
0	882
37	728
18	983
609	814
25	790
0	0
1	278
7	238
2	3
91	1425
11	1260
1	298
312	414
166	961
0	953
9	48
617	5338
0	632
1	116
29	446
0	2711
0	243
280	259
1	14
0	38
0	10
0	29
0	48
0	30
9	182
15	73
0	6
0	8
0	9
2	26
7	26
0	0
3	4
0	4
364	3018
9	2712
0	1539
0	6
0	777
2	749
0	227
0	0
69	31
0	0
0	0
0	30
0	8
0	2
1	2
46	0
9	430
55	444
0	288
20	70
4	321
50	125
0	429
0	426
0	321
4	372
3	37
1	15
1	20
4	0
0	10
1	12
40	25
0	17
34	8
371	5215
1	4690
0	530
0	28
11	9
7	54
377	874
0	110
18	78
7	50
3	13
0	187
0	573
0	64
2	186
1	192
0	7
2	12
0	35
0	20
0	189
1302	294
0	95
13	111
0	37
1	78
30	10
9	31
2271	32
56	1494
361	1494
0	118
0	0
9	804
91	1520
440	1766
9	515
0	132
85	457
28	14
12	180
0	20
1	4
0	2
0	4
0	0
0	0
0	0
40	191
43	191
9	3
1	0
7	107
5	3230
0	0
0	920
7	2
0	0
0	58
2	20
36	1339
0	0
26	3155
4	249
3	153
0	4
0	2501
0	2969
0	49
0	293
0	2
1031	565
0	831
877	894
0	103
1	30
1	83
2	56
488	564
0	376
3	2
510	404
1	58
0	1
1332	1041
1509	1043
1	0
439	0
15	170
3	115
3	145
0	66
18	52
0	18
0	1
0	1
8	3
0	0
0	9
7	0
0	0
216	384
0	372
1	6
0	6
21	2
0	2
0	1
0	0
0	0
60	641
2	19
3	17
1	589
0	1
4	152
0	0
0	0
0	0
651	603
4	161
23	38
2	0
17	1224
6	1264
0	673
32	0
7	51
0	141
4	96
1	5
0	0
7	451
0	0
0	0
1	1
2	5
17	4
9	1
0	0
0	0
0	0
0	0
0	0
0	0
1	4265
0	3604
4	3868
0	4167
29	3007
17	2997
0	693
28	1066
4	359
1	64
15	18
0	607
1	1
16	327
11	34
5	403
5	325
87	101
6	32
5	397
1	497
38	454
8	349
183	495
49	345
55	51
0	51
1	6
1	4
30	4
7	5
38	4
0	0
0	2
30	129
7	129
0	27
1	30
0	22
2	12
0	0
0	0
0	7
0	0
24	778
57	261
1	638
0	469
0	19
4	56
0	2
94	321
0	320
2	82
4	0
4341	9
178	37
2	12
6	20
90	5
6	3
0	0
0	0
0	0
3	17
51	33
0	16
768	946
75	945
11	61
2	39
13	35
1151	190
2	186
8	1
0	23
0	20
0	0
0	5
0	5
0	5
0	4
0	5
1	0
18	420
36	422
0	476
1	251
92	266
0	63
11	0
1	154
4	23
6	35
0	0
0	0
0	0
0	0
0	0
0	0
5	10
3	13
2	0
0	0
0	24
29	141
2	118
8	94
0	1
0	0
0	1
0	0
0	0
0	1148
1	1138
8	31
5	39
1	1065
6	645
1	291
183	716
0	271
18	248
3	10
6	318
71	0
13	0
14	33
2	9
0	9
0	0
0	0
0	12
9	12
112	155
1	115
0	40
1	1930
169	1925
1	1725
1	1
1628	1428
0	1
2	1338
6	234
0	268
26	55
1	225
0	0
0	1264
5	28
9	254
5	6
5	86
39	45
0	45
75	975
112	480
245	964
1	1748
1	1649
5	1458
0	82
34	9
0	304
5	2
0	90
3	71
8	70
0	1
1	2045
1	1765
46	732
0	1148
0	130
8427	5051
1	10
4	0
0	1275
0	106
19	388
33	916
2	300
1	2171
39	600
2	460
0	42
1	487
4	420
16	11
0	311
5	14
0	381
9	40
0	40
1	19
0	600
467	492
11	473
3	39
0	560
89	137
0	482
1	10
0	489
0	560
1	0
0	0
0	63
0	0
723	406
21	393
5	13
0	0
0	364
8	426
0	206
0	13
0	1
0	0
0	0
0	842
24	122
55	143
10	35
276	843
0	0
0	0
4	28
4	50
3	45
0	22
69	74
0	73
2	1
86	3
0	3
2	0
0	24
0	20
0	14
0	16
1	0
1	0
8	192
0	35
0	197
1362	421
2	337
0	125
1062	93
322	93
0	0
0	0
0	0
0	0
208	844
0	849
1	775
1	169
2	139
4	110
0	68
2	0
0	0
29	3166
64	2998
5	1119
8	1102
90	655
0	2824
399	39
56	5
0	4
62	221
0	217
0	39
0	2
5	0
4	26
4	25
2	24
2	17
1	0
0	3
26	0
0	25
0	14
2	15
0	38
1	2
7	40
670	1819
0	860
2	888
7	691
480	731
0	730
0	18
0	0
24	27
0	27
3675	86
0	83
18	1041
2	22
40	1202
0	703
0	1073
12	498
1	1014
5	27
0	13
2	94
0	1
6	151
21	771
0	770
36	763
1909	2077
0	1439
0	155
9	867
21	462
55	311
94	311
502	1156
24	485
5	81
1	106
38	375
10	572
0	644
1608	644
0	644
176	0
1010	78
0	93
0	93
0	201
16	211
5	18
0	114
0	5
3507	512
1	150
22	510
2	121
1	269
0	159
1353	1157
0	860
14	28
67	473
3	11
273	1145
32	757
1	618
24	70
305	1142
5	343
11	37
1	37
0	0
3	0
12	894
21	897
36	805
2	279
5	276
0	348
11	229
6	341
0	315
554	98
14	318
21	318
3	1
0	0
0	23
0	69
0	318
0	0
1	197
10	518
0	349
0	562
0	223
1	31
6	71
0	0
0	15
1	139
31	10
0	3
0	0
4	0
0	0
0	0
63	0
0	1028
0	846
0	769
0	668
31	299
0	466
0	567
60	587
28	41
14	32
45	211
0	25
0	927
273	175
29	31
5	164
3	11
0	7
2	16
0	4
0	7
0	0
0	0
5	0
0	0
1	9
1	1
0	13
0	13
0	0
0	0
0	0
0	0
0	0
12	459
1	417
1	373
0	5
3	865
0	665
0	805
0	818
6	763
0	812
0	762
11	0
0	15
12	138
1	296
43	254
2	268
7	296
10	261
5	22
7	1858
0	1872
9	1620
0	1548
0	1772
1	69
0	0
0	0
0	0
526	859
0	615
9	240
113	0
0	0
1	5
0	5
19	0
0	0
0	2
0	2
0	0
0	0
4	0
394	617
13	562
50	187
0	103
0	74
0	5
6	1144
0	1110
10	1146
0	1158
6	200
3	223
5	138
2	134
3	91
0	75
2	0
1	1
0	0
319	487
0	0
0	181
86	1933
9	1798
170	1431
0	937
1	521
16	136
20	2332
140	2372
0	647
5	5
0	29
3	45
55	197
41	197
0	0
33	1257
9	622
0	1241
0	35
0	67
3	12
0	0
0	87
0	0
0	334
20	89
0	1296
0	681
384	681
181	91
2	91
0	22
0	11
1	0
0	0
1	44
5	567
84	341
0	609
3	215
0	4
133	374
6	8
0	567
1	48
48	483
73	364
1	6
56	41
0	4
89	37
0	11
0	11
2	2272
2	2055
3	2235
0	3101
1	2877
9	2278
0	1437
11	2252
24	321
19	117
1	322
70	551
20	133
202	488
2	121
1	52
2	24
0	15
3	14
38	54
5	25
1	107
0	225
11	96
0	60
0	2279
1	4
0	24
30	24
14	352
25	272
11	196
1	140
3	303
19	123
0	7
4	11
0	73
0	2
1	13
5	11
0	1
0	11
5	468
22	477
0	69
4	14
9	119
0	30
33	9
0	492
7	520
30	517
8	517
13	28
0	72
0	25
0	6
446	26
1273	296
24	294
27	278
13	65
0	190
0	27
7	16
2	4
0	2
12	21
0	91
2	8
88	110
1	3
34	109
58	3375
36	3630
1	2581
3	344
1	16
8	286
2	19
47	63
18	131
0	111
7	254
0	67
0	41
15	12
0	11
0	1
0	0
9	464
10	25
35	91
7	90
77	1
67	443
0	364
977	171
1	171
0	76
0	0
0	0
0	0
0	0
0	0
0	0
0	0
0	0
0	0
0	0
23	976
0	418
0	988
5	19
0	547
0	438
0	6
28	0
0	0
1414	106
1	1
3	104
14	3
7	1178
4	4
4	1128
1	16
26	1086
2	1223
0	0
0	0
2004	627
20	110
2	571
0	126
0	464
78	1148
2	5
0	5
0	0
1	1
0	0
0	0
0	0
521	0
6	191
412	529
5	314
18	270
1	143
1	0
5	1
2	0
2	1
5	292
2	292
3	40
0	22
1	0
0	40
836	218
1	25
4	165
0	2
3	1
0	17
0	165
0	17
0	17
0	0
5	8
0	8
0	5
0	67
3	388
5	388
35	97
0	1
0	1
0	17
0	21
0	4
113	1
0	1
0	2
2	3
0	1
0	0
0	0
0	0
0	0
0	0
0	0
0	0
190	504
0	4
1	0
4	504
3	0
205	757
0	56
15	667
1	0
0	88
4	215
1	0
6	0
0	8
0	4
0	5
1	5
0	9
0	7
0	4
0	4
0	1
1	36
0	35
2	4
1	21
777	10014
1	10009
89	554
5	9
0	2
0	7
1	0
2	0
0	0
1612	260
8	20
3	16
6	103
460	184
0	127
0	2
7	86
3	10
0	48
0	127
0	0
32	79
0	62
0	60
0	1
3	0
10	33
0	21
0	5
14	23
3	5
0	23
0	15
0	181
18	204
0	187
0	178
3	25
8	0
0	0
0	0
0	0
0	0
1904	458
9	393
0	62
0	60
0	65
9	70
0	106
0	105
1	99
2	0
0	56
0	0
0	0
922	823
0	695
0	461
0	326
0	16
0	120
2	98
128	54
92	276
0	66
2	119
106	10112
151	9502
0	274
3	1
0	8359
0	105
51	160
0	141
0	20
0	0
5	810
3	1088
2	1088
0	10
0	254
0	1089
19	48
10	8
0	66
0	63
0	64
15	55
2	745
0	21
14	828
0	830
0	127
0	0
0	11
0	720
0	122
0	10
0	3
0	119
0	0
0	0
0	0
6	11
6	47
1	47
10	47
4	49
0	49
0	3
0	10
0	10
0	12
0	0
0	0
0	0
0	0
0	156
166	1198
1	965
0	841
0	566
5	133
0	39
0	155
6	409
0	119
2	0
7	2
61	12
0	12
0	4608
1	0
3	428
58	1672
57	4472
0	463
1	191
0	3
4	1840
379	3164
0	4608
0	0
0	0
553	9454
673	8870
0	1939
22	1352
8	218
0	0
0	0
0	0
6	245
41	259
0	251
0	193
0	173
0	28
1	8
0	115
0	60
1	5
2	16
0	29
0	29
0	26
2	0
0	0
30	919
38	1356
20	1350
1	1350
0	834
0	0
0	0
0	0
0	0
0	0
0	0
0	0
429	844
1	813
16	736
5	0
0	0
0	0
1	491
48	482
36	486
0	459
0	75
0	0
0	0
0	19
0	82
3	95
0	491
0	41
10	140
39	85
9	87
10	100
0	0
0	0
0	4
0	3
0	4
0	0
0	0
0	0
4067	2
0	0
0	0
3	0
18	0
0	9
0	0
0	9
55	27
4	26
0	43
1	1240
0	1289
0	1190
55	224
4	17
29	1109
93	1019
0	1021
4	0
0	70
197	16
14	39
3	82
1	10
512	1278
2	1277
935	2
0	0
3	2
0	0
1352	1
5	19
6	18
0	4
0	1
0	0
0	16
0	3
0	0
0	0
0	6
0	0
0	0
0	15
18	337
0	299
0	341
1	0
0	216
0	270
0	342
0	5
0	24
0	278
32	11
22	26
0	87
17	889
4	51
5	21
1	2
3	238
0	82
0	595
0	1
2	0
0	710
16	0
6	50
7	146
0	855
0	8
0	8
7	0
0	0
0	0
0	0
26	0
0	0
475	3565
129	2516
10	3466
55	2741
2308	118
0	0
1	115
11	295
87	373
0	18
5	63
15	358
0	1
0	29
83	359
291	1994
2	1927
1	121
56	121
13	44
4	99
48	804
0	807
14	806
3	234
0	843
2	50
0	804
52	6
0	6
0	82
22	381
19	414
9	368
0	272
2	195
0	48
7	187
5	6
37	194
9	0
0	4
13	219
0	218
0	68
0	77
11	228
5	31
0	33
1	0
0	16
0	147
0	28
2	3
18	53
7	293
15	277
27	129
35	432
1	362
11	6
5	115
0	57
2	91
21	6
1	1
2	1
0	2
0	1
0	0
0	0
0	0
0	0
1	1732
66	1750
89	273
22	116
0	48
2	1598
2	4
0	0
0	56
2	0
9	51
0	118
12	57
0	36
20	24
0	66
418	745
6	411
0	39
0	335
31	124
2	64
1	0
1	0
0	0
70	1205
20	1126
9	1056
0	92
0	103
8	103
0	0
0	2
1	16
1	7
8	0
23	15
103	401
13	253
0	140
0	4
1	78
0	48
0	9
0	0
0	0
95	1184
0	1164
0	7
0	0
0	25
0	9
0	9
4	12
0	7
0	0
0	0
1	0
0	0
0	412
114	416
85	244
1	4
1	521
25	486
0	510
4	510
49	362
0	0
0	117
371	1165
79	892
0	1046
0	199
1	188
383	301
1	188
0	34
0	3
2	175
0	113
37	18
11	1
343	82
0	6
1	34
0	76
509	924
11	700
7	801
8	126
2	0
0	0
0	0
73	32
3	39
0	1
14	9
0	3
0	3
0	3
0	2
30	15
0	15
11	0
0	0
5	2
1	2
5	587
23	585
5	2
0	0
1	7
12	1551
33	1334
259	0
1	6
1	0
0	0
455	1
436	1739
0	130
7	6
0	8
18	1602
432	0
7	102
1	5
0	480
19	426
755	1433
496	1431
0	4
417	52
0	18
0	34
588	23
0	23
176	2164
2	2164
132	0
4	250
45	90
0	192
16	232
0	231
0	22
1	24
0	96
9	2
0	2
3	0
0	3
0	3
0	3
0	0
0	0
0	0
0	0
586	1
0	1
1653	143
0	143
5	3
547	888
21	186
0	54
2	41
0	543
0	105
3	226
6	6
1	0
0	10
0	28
0	9
0	11
0	21
0	11
0	22
0	0
9	7
0	4
0	3
0	0
0	0
0	0
0	8
33	9
0	1
62	0
0	0
0	0
0	0
0	0
0	0
5	123
0	123
0	337
9	180
2	5
4	6
1	0
0	332
0	6
1	3
50	1873
12	1335
3	2000
0	0
0	0
0	0
0	0
0	0
0	0
0	0
1	0
0	0
3	0
4476	776
8	732
27	550
6	260
40	515
2	165
13	63
6	22
6	15
8	44
25	13
4	29
1	5
3	49
0	3
7	3
0	0
268	362
7	362
134	53
0	4
0	7
3	17
0	35
2969	3143
248	2453
8	1062
15	1094
35	42
1693	1754
1	1611
0	1856
3	1163
7	1
0	127
2	939
33	263
4668	6798
2	553
0	5994
0	2221
9	6722
0	214
0	2518
0	205
1	40
0	1674
0	126
5	0
2	231
0	0
0	0
0	0
0	0
0	0
0	0
0	0
0	0
0	0
0	0
0	0
0	0
0	0
0	0
0	0
1	0
1	37
16	890
11	908
5	321
29	724
0	456
0	449
14	14
1	107
0	3
0	277
0	19
0	78
0	0
1	6
0	669
0	669
416	165
0	87
3	78
2	1
0	1
0	3170
3	10258
894	10259
0	1091
23	957
2	102
31	29
2	0
0	17
0	92
0	0
1	0
0	9
0	71
0	72
11	42
1	71
0	0
0	71
0	72
0	92
0	71
0	92
0	71
0	137
19	78
1	93
1	0
0	6
30	0
1074	3743
6	3112
3	58
17	29
0	4
2	47
2	51
0	51
0	14
0	10
1	8
0	0
0	15
48	979
6	525
0	773
2	3
42	593
0	51
0	34
31	1426
40	1426
0	996
0	0
2	34
305	1633
8	936
1	1003
3	1306
86	546
142	668
12	354
3	349
6	556
0	21
9	307
139	3096
0	2934
0	3070
11	1501
1	507
2	183
8	334
0	0
0	0
0	0
0	0
2	61
2	5
0	19
10	40
0	0
0	35
4	5
1	5
0	14
0	14
1	14
1	0
0	0
0	0
0	0
0	34
1	0
12	34
0	31
0	0
4	9
1	12
1	9
1	8
0	8
285	0
0	0
0	13
1	7
0	13
28	0
9	1
0	1
1874	1400
0	15
0	100
2	37
5	138
1	553
6	286
0	1351
0	35
0	262
0	64
0	153
3	145
17	0
1	21
12	1
2	5
0	72
45	80
5	14
1	88
0	75
0	2
0	0
14	42
0	0
97	0
1794	1190
0	369
8	786
2	18
11	36
682	2711
105	2636
0	451
2	8
2	5
6	540
0	2525
300	355
10	163
0	251
0	0
0	0
0	0
0	0
25	682
3	694
12	925
19	692
0	577
3	795
5	11
6	48
2	13
27	423
1	30
23	2
2	1
0	34
0	0
42	12
0	0
0	0
18	17
0	12
0	103
0	65
0	92
0	5
0	3
0	8
0	106
18	11
7	10
0	10
10	570
0	595
0	474
1	484
0	551
19	449
0	454
0	471
0	537
0	587
0	419
0	489
0	15
1	13
0	100
7	402
8	15
0	32
0	28
1	0
26	69
230	70
0	0
227	253
0	134
46	121
1	1
3	251
4	294
68	180
0	135
3	254
0	174
5	154
0	37
16	67
5	0
82	0
8	0
0	0
1	512
0	289
21	1050
225	3108
4	0
25	518
2	62
3	195
67	6
5	30
71	438
4	55
45	308
37	31
389	2181
3	1553
211	0
0	28
1	19
1	113
0	482
0	0
6	45
0	489
0	98
0	378
105	505
0	19
0	2
0	0
0	488
0	16
306	580
12	5
2	583
0	74
0	494
17	243
0	46
1677	338
1	67
3	0
2	274
10	58
34	15
0	15
0	4
1	7
30	207
0	41
0	10
0	0
103	230
0	3
4	106
0	136
2	943
1087	1466
7	1427
0	1052
27	32
108	0
3875	404
5	403
2	72
47	1829
95	1836
17	93
5	1835
108	779
0	239
0	107
0	0
2	2000
0	1
22	3135
6	3595
2	86
0	1951
6	1766
0	4
51	31
7	1760
22	1907
0	3313
64	1667
0	1274
53	3192
20	2742
0	1542
15	240
0	83
30	1
0	141
12	206
3948	1
0	0
0	0
9	109
111	121
11	4
0	2
0	0
2	15
0	9
340	32
0	32
0	23
271	317
0	186
0	208
1	0
5	0
3	25
0	4
0	4
832	609
12	617
23	4
2	55
0	50
0	9
0	52
1	31
0	24
0	24
13	24
0	24
0	0
1	0
0	1
1	2
230	833
0	219
11	217
0	210
0	61
0	151
1	502
1	252
0	220
37	175
0	783
8	734
0	745
0	758
0	747
4	311
1	751
43	120
0	43
0	30
0	55
0	33
0	196
5	372
3	26
3	575
1	1819
6	26
20	173
0	1706
0	17
0	78
9	526
0	0
13	1
0	1
18	58
0	58
0	0
0	0
139	3593
0	1352
0	13
224	3528
13	2
1	18
0	2337
0	949
20	2070
35	1173
25	66
3	89
1	302
3	97
20	8
0	2264
54	61
0	62
9	46
126	160
28	307
0	0
2	244
5	185
3	76
13	373
0	310
0	308
0	14
0	297
0	10
0	0
0	0
0	0
0	0
785	45
5	1
8	43
0	0
0	0
0	0
0	0
0	0
4	1790
0	1635
44	2430
39	595
1	596
0	1026
5	26
1	829
2	778
42	636
7	0
7	79
0	70
0	37
0	9
0	0
0	0
0	9
2	0
0	27
0	2
0	9
0	10
0	0
0	0
0	83
0	0
8	1295
32	1206
3	98
30	1187
0	1170
1	951
1	60
2	1217
3	403
1	308
0	320
20	3
1	1
0	2
0	0
88	1441
5	189
9	459
0	631
7	247
1	76
7	2
2	940
0	0
0	0
0	0
0	0
0	9
2	2
0	1
40	175
0	2
0	116
3	175
469	302
0	82
4	274
13	5
1	3
0	0
0	0
601	0
10	0
0	0
0	0
0	0
0	0
3	894
0	371
6	7
13	4
65	131
0	595
15	1014
278	1630
0	115
0	515
0	390
21	4
0	189
6	733
140	177
1	45
9	347
61	127
2	97
1	89
2411	1604
3	1448
0	1499
0	494
0	72
0	75
0	0
0	0
292	2311
28	930
2	1924
1	2843
0	2673
0	2783
0	2690
7	2700
4	228
22	63
6	138
3	317
49	204
1	1610
0	585
4	1085
1	88
42	282
2	610
0	474
1	33
0	0
1	21
0	0
0	21
0	0
0	1
0	5
8	5
0	1
2	4
0	0
0	3
0	0
7	21
0	21
0	1633
0	1621
21	1372
0	16
8	234
0	1463
1	6
1	1273
11	92
0	100
0	170
11	99
2	28
1	0
0	40
0	0
0	1669
0	1508
4	17
0	0
0	16
0	1
172	736
0	736
0	83
12	0
0	5
1	4
0	5
0	5
0	0
0	5
0	0
0	3
0	0
0	0
19	4
0	196
0	189
1	181
0	38
0	84
4	49
0	27
1	22
0	0
0	0
2	4
0	1
25	220
1319	828
1	380
0	27
0	1
0	1
0	0
5	95
13	88
1	137
60	357
9	358
15	199
429	325
0	204
131	19
0	5
1363	42
0	35
1	19
0	0
82	747
29	741
14	10
4	100
17	46
0	40
8	1
0	1
0	0
0	40
57	407
5	90
0	1
7	65
4	336
0	7
2917	32
0	32
0	70
312	201
0	27
2	173
0	94
45	96
0	54
4	76
2	75
6	37
0	38
501	467
9	365
1	59
59	102
0	76
9	492
8	67
1	64
4	409
0	473
30	832
0	110
0	4
0	103
0	824
52	28
1	7
0	21
0	0
0	2
0	2
0	7
0	42
0	34
0	18
0	15
0	2
0	2
3	0
5	0
408	2393
6	49
3	3
1	5
57	2397
4	1782
0	0
0	0
0	0
0	0
0	0
0	0
0	0
434	735
4	12
29	18
0	8
1	78
1	587
1	77
0	0
0	0
0	0
0	0
1253	3
4	365
287	365
60	494
2	20
0	30
0	46
138	416
26	144
0	1
0	1
0	1
0	0
0	0
0	0
730	0
4	19
333	19
18	293
32	102
113	458
13	74
0	234
18	0
35	185
2	67
3	185
0	0
0	0
0	0
0	0
0	0
0	0
0	0
0	0
0	0
0	0
0	0
18	24
1	18
1	7
4	6
0	0
245	46
1	1
0	34
0	6
1	27
0	0
0	2
0	2
0	402
3	388
0	391
6	386
0	1
2	5
0	13
7	51
0	11
0	0
0	7
0	41
0	407
42	8377
232	8185
96	200
386	797
77	345
4	790
31	3
0	3
10	3
0	0
0	0
2	3
0	0
25	198
0	2
0	2
0	198
48	29
0	68
0	65
0	43
210	271
0	52
0	46
0	75
5	98
2	98
3	24
0	0
0	0
3212	149
2	147
37	1550
3	1556
130	1542
13	1
4	0
21	6
192	37
7	37
0	37
0	1
4	1056
18	1404
12	279
0	1443
7	1369
14	1073
0	7
0	210
9	61
0	1353
475	74
0	24
0	0
0	1
1	47
27	0
1517	3
0	7
176	1964
10	1957
10	56
1	37
3	515
9	5
1	122
7	15
0	70
12	71
0	52
2	37
1	7
0	0
0	0
0	0
5	2351
9	2436
97	1321
0	616
6	110
5	110
7	58
0	11
0	14
93	163
4	163
1	0
1	99
0	170
0	157
0	17
1	23
0	23
1	4
13	937
51	904
1	811
3	791
0	758
0	80
0	110
3	7
0	0
668	831
20	375
0	510
0	613
0	303
0	171
1	236
333	246
0	12
0	10
94	10
0	10
112	1471
9	1436
2	207
0	0
17	0
73	1020
1274	1020
2	437
0	173
16	0
1186	64
1	63
14	14
68	118
0	2
3	116
2	770
2	634
16	90
0	616
0	695
14	17
14	17
6	19
2	119
5	238
56	317
1	14
0	0
0	0
0	0
2	390
384	1264
0	0
0	288
5	874
16	3208
0	3314
4	3294
0	3199
0	872
1	172
15	185
7	118
8	73
0	78
1	24
1	3
3	34
2	35
0	2
1	43
0	6
11	3267
0	1
0	1
566	357
6	357
0	203
0	0
1	22
1	473
1	14
0	489
0	17
0	442
0	0
2	102
1	445
0	356
0	66
0	4
0	7
0	2477
68	6512
1	5073
0	5161
6	116
25	399
1	1
3	0
135	0
0	419
0	227
0	105
48	686
2	171
0	87
0	108
0	481
0	535
0	1615
0	35
2	120
0	41
0	40
0	38
9	6474
12	6572
0	0
3	0
0	0
1	0
0	2
3695	207
0	20
0	0
0	192
0	3
0	8
1	23
0	16
3	2
1	3
1	37
0	1
0	3
2	191
0	201
0	198
220	0
0	9
0	12
0	0
71	3067
0	1486
67	3037
6	114
0	115
0	99
429	1
89	4222
13	1620
53	1315
52	1990
21	4251
3	169
3	1260
27	1209
0	0
10	1147
23	1289
559	60
2	52
2	8
28	1
9	0
0	1
8	2
231	1232
0	1202
9	820
0	30
1	0
43	840
10	120
0	837
1092	3312
7	1183
0	3325
8	4
4	681
4	0
0	0
2462	5
1	185
0	26
5	211
4	0
0	36
1	2
42	2
6	0
33	634
5	907
0	30
3	964
6	65
5	540
96	906
23	913
2	1
4328	292
0	289
3	58
0	0
9	22
0	0
1	36
0	23
5	18
225	355
1	372
0	110
0	149
1	4
0	2
0	0
532	280
7	280
2	0
4	162
1	168
0	145
0	88
0	13
7	32
0	32
0	0
0	0
0	2
0	2
0	0
0	0
0	0
0	0
72	2666
124	2694
0	773
535	99
0	161
0	56
2	39
0	23
1	76
14	125
17	1
21	362
2	4
0	10
2	40
0	64
0	1626
580	1524
10	1411
12	15
2	411
0	35
0	76
2	11
95	748
4	743
2	426
0	429
0	7
23	254
5	167
0	161
0	0
0	740
1392	2
9	3345
0	3400
114	3317
6	2937
7	2407
3	2170
0	4
0	111
29	90
0	91
0	109
8	1
0	24
0	8
0	0
0	0
134	44
1	35
1	35
1	13
0	0
0	41
812	126
4	73
28	17
7	53
0	0
0	0
0	0
0	159
0	0
6	514
3	476
127	558
2	157
3	216
4	594
0	13
72	588
2	534
8	204
2	81
0	15
0	0
0	0
0	0
0	0
0	0
0	0
0	0
0	0
407	417
57	637
0	275
2	2537
679	2598
2	796
1	24
0	645
15	280
8	77
0	1801
2	95
68	541
6	540
2	41
0	4
1	93
0	1380
117	852
1	644
0	36
0	30
0	394
0	1
0	30
0	224
1	1029
0	0
0	0
76	1356
6	435
1	20
2	357
12	1230
0	876
0	862
0	862
5	626
1	268
0	16
33	317
1	173
0	8
0	172
0	121
0	177
1	200
0	0
0	0
0	2
1	2
3	2
0	0
0	0
0	0
0	0
0	3
0	1
0	3
0	11
0	9
0	4
0	6
0	8
0	1
175	1
6	38
0	36
0	38
0	17
0	8
0	0
0	0
0	0
25	4461
518	4462
1	904
143	8
0	8
8	492
0	208
0	445
0	16
0	10
0	45
16	58
1	9
1	18
0	15
0	2
0	0
11	54
22	238
0	16
0	248
0	25
0	25
1332	1
26	12
0	8
0	1
0	4
0	0
10	0
47	25
537	256
0	245
0	83
0	58
0	166
0	180
0	159
8	69
0	58
0	40
0	3
0	26
0	734
0	598
13	48
0	20
410	31
0	0
0	31
15	18
0	0
1673	566
0	566
0	35
0	36
58	20
0	527
110	653
16	597
0	1
0	0
419	210
0	68
0	0
1	24
35	118
378	436
0	47
19	49
1	341
8	145
232	145
48	89
0	598
0	643
0	734
58	129
0	128
8	1
0	0
3	0
0	0
3213	1
0	0
5	1630
10	32
28	479
1	61
0	21
2	1542
5	0
31	5
4	5
72	463
1	473
3	384
6	6
0	3
0	3
0	722
3	838
1	34
8	745
0	32
0	144
71	153
0	145
3	102
4	1265
110	1035
3	910
76	1222
0	189
0	112
6	201
201	61
17	2
45	1068
22	460
1	485
0	22
13	225
0	151
3	2
4	0
11	7
0	0
0	0
0	0
0	611
3	265
0	485
0	422
2	0
0	420
0	405
0	15
13	9
0	620
0	651
1	136
0	86
0	27
0	104
0	95
0	14
0	13
0	0
0	6
0	3
0	0
3	1
0	18
0	34
0	103
148	2207
0	2082
3	0
2	106
0	1
0	117
0	24
4	2
0	13
0	309
5	5
2	13
0	13
12	418
179	437
0	70
4	107
1	112
4	85
0	34
18	1432
13	1549
10	1548
5	1615
0	156
0	126
2	203
14	83
0	196
0	122
0	23
56	204
0	1
1	96
9	3
57	7
0	91
26	4
51	69
178	852
14768	2073
22	1207
32	727
4	709
9	723
0	662
1	37
0	550
3	59
0	5
0	65
1	275
0	89
1	78
0	29
2	0
28	163
11	163
0	0
471	173
2	0
0	54
1	93
3	148
0	11
0	96
0	0
0	0
87	1308
1	0
0	1308
468	30393
0	2
121	30518
0	147
0	0
0	0
0	4
0	0
0	0
0	4
726	191
17	2
39	2
0	64
79	143
16	65
0	0
0	0
0	0
0	0
3779	8256
251	8398
45	7161
439	5795
578	3645
1	4977
0	3852
9	719
1	216
0	446
0	396
10	344
2	314
0	342
0	376
13	69
1	1
75	123
233	15
3	154
0	45
0	62
0	74
1	78
1	1
0	3
3	5
0	0
0	61
29	303
50	955
6544	1811
13	0
89	834
23	23
1	21
1	2
0	0
787	1
84	873
49	1518
399	1800
0	1738
0	1731
3	980
10	246
6	4
0	96
0	376
6	209
0	0
785	155
2	6898
6	227
0	12
3693	6980
13	156
4	230
41	1060
228	15
0	1272
0	1358
57	1599
0	1671
1109	2029
1	1426
0	794
0	869
0	1096
0	677
0	1164
0	527
9	900
1	482
3	1083
0	889
0	437
40	911
66	3
46	316
0	254
0	2316
35	2332
0	2167
0	2375
1	1033
0	72
22	1998
0	517
0	1536
10	304
0	191
9	2
0	650
2	745
33	0
11	273
40	312
12	10
0	20
0	133
0	0
0	0
0	0
3607	4974
3	4971
6	1359
5	7651
135	5217
0	8004
0	0
208	1130
4	1187
19	1106
55	807
35	27
0	130
8	219
16	111
2	691
0	3
6	198
0	9
0	11
95	124
11	0
134	328
20	309
2867	5776
2	667
0	2396
43	2710
120	1048
1	734
43	4
424	264
5	162
0	10
0	91
0	0
329	1427
0	1088
0	1005
0	5
0	5
0	0
5	0
0	0
0	466
2	39
16	962
0	20
0	915
1	1
1	69
1	919
0	2
6	895
0	928
0	78
0	20
0	23
0	514
9	37
0	944
0	2650
0	2287
1	2207
227	2850
70	1683
13	611
0	196
35	381
13	267
33	623
4	166
7	819
80	355
10	2691
0	0
0	0
0	0
606	206
1	1
0	1
0	0
0	1
0	0
0	0
0	0
0	0
0	0
0	0
0	0
0	0
0	0
0	0
434	457
0	197
1	49
4	79
0	89
123	83
0	33
27	3
0	0
0	0
0	3
0	3
0	1
0	1
12	624
33	624
254	4933
1	4533
1640	4972
1	3990
6	2590
0	3976
9	16
48	4863
37	1034
1	4878
0	0
32	23
7	25
0	1
1524	1892
5	1541
3	1235
12	33
0	56
2	0
0	176
107	474
0	313
0	4576
2	4575
169	4587
0	66
3	93
0	1439
0	2206
0	1
0	1025
3	74
21	150
0	4575
0	5142
0	4536
0	4578
508	602
4	187
0	0
0	415
0	0
0	902
98	411
0	11
16	383
9	549
6	797
1	66
12	453
1	60
18	898
2	16
0	16
15351	8698
0	2020
34	8686
34	1120
9	431
8	433
16	853
4	113
210	0
0	261
0	282
0	3
2	245
0	41
2	2
0	6
0	34
0	14
0	0
5	7
1	5
2	34
78	32
3	6
61	147
0	68
6	117
1	2
3	11
0	42
394	0
1186	1
9	1
0	0
0	0
0	32
0	33
2	31
0	2
0	9
0	11
8	65
0	65
1	1077
0	1140
0	76
18	4
6	149
2	86
2	9
0	0
0	0
46	438
0	438
43	0
10	1150
10	295
0	205
0	2
0	14
0	0
1	1
0	1142
1656	2367
126	7705
0	842
853	7473
4	1536
7	1155
23	2048
1	387
0	1464
56	4652
21	390
0	1361
0	2959
1346	959
0	180
17	778
11	362
25	277
11	5
13	147
8	0
55	147
0	0
8	714
4	92
7	459
0	566
1	3
4044	2098
9	575
1	555
152	1963
51	824
1	490
10	471
0	0
28	1015
0	0
715	65
10	65
24	484
23	1
9	3
0	66
0	435
0	142
0	191
8	0
0	60
0	17
0	17
0	2072
871	2360
1	0
0	162
0	35
0	472
2	94
0	0
7	3
2	3
14	760
25	829
16	950
5	909
0	139
0	21
3	17
6	9
76	3095
0	22
1	3102
208	124
1	124
0	39
0	0
0	114
4	122
0	2
0	9
0	0
0	0
0	66
0	70
0	70
5	45
0	4
6	9
31	7
7	4
8	26
0	10
0	70
88	69
0	334
0	0
0	5
0	1
0	2
1	4
0	1
0	3
1624	71
2	90
2	68
0	615
3	704
0	394
0	3947
0	67
20	1621
0	4
0	430
0	41
0	87
3	1690
0	1775
0	1681
3	74
13	30
1	29
17	394
23	59
0	15
15	9
0	4009
972	0
679	0
1359	243
0	16
0	13
0	13
0	145
0	69
59	245
0	184
0	0
0	9
0	108
0	15
1	15
4	0
5	0
0	0
0	0
0	21
0	21
0	64
169	143
0	141
1	135
17	76
0	17
2	10
1	8
0	10
19	61
0	141
498	263
3	209
4	36
2	242
2	0
4	0
44	170
0	8
39	170
1	0
37	26
0	10
2	1
0	2
0	2
0	2
0	14
0	1
1	4
2	5
0	2
0	5
0	2
0	0
0	1855
1367	3845
66	3376
21	1878
261	97
193	306
4	1855
69	3151
6	38
1	90
100	97
2	71
0	12
0	34
0	6
0	7
7	7
0	11
0	9
0	3
0	1
0	34
30	711
0	134
89	711
11	105
0	171
1	711
37	2
0	74
2	23
0	0
0	0
2159	2012
0	2010
0	0
0	0
38	462
30	124
0	122
15	430
1	26
17	45
4	77
0	0
15	0
0	0
46	9740
5	9589
8	1570
2	1232
0	1231
61	764
0	330
1	261
0	1
52	3013
2	0
18	1821
5	875
0	2161
0	2646
0	2413
2	1031
0	306
0	63
0	6
217	115
14	111
21	684
35	2832
2	38
3	2937
6	196
78	77
410	2226
2	535
10	290
2	16
38	69
4	159
10	1295
9	266
26	455
1	1197
0	55
0	955
0	324
2	5
25	27
0	24
4	11
78	432
0	26
1	0
0	432
0	0
0	0
0	0
710	0
11	0
0	0
142	1
0	0
0	380
0	325
0	368
0	420
0	244
0	47
1	16
115	12
0	11
0	1
0	9
1	10
0	5
0	5
0	9
0	0
77	258
311	258
12	2
0	2
37	2377
8	2182
17	574
304	410
0	538
0	560
2	61
0	651
18	58
2	41
0	4
9	6
0	6
0	1
0	0
17	2319
1	2088
0	226
2	1684
0	0
0	30
0	2
2036	3
0	3
0	207
0	241
0	931
0	68
1	96
1	295
0	923
17	314
0	240
17	17
19	1101
0	989
4	1063
3	365
0	238
0	0
0	0
0	0
12	467
11	35
4	18
4	33
1	13
0	467
626	1456
5	1452
0	732
165	646
35	600
0	237
17	185
19	44
0	0
0	0
0	0
302	268
0	119
1	6
24	31
1	60
2	75
3	25
1	121
0	56
0	68
0	60
1	10
1	18
0	534
1109	772
0	294
2	29
0	28
0	33
14	740
456	176
2	159
4	75
13	0
11	0
0	0
0	4
0	4
0	4
0	0
0	3
0	3
0	3
15	251
43	56
1	175
21	145
0	1
0	17
4	279
9	12
0	95
0	14
15	92
0	16
1	107
11	28
13	762
10	612
19	349
0	0
0	0
19	65
0	0
0	0
16	9
0	9
81	0
0	0
0	0
6	145
0	144
1	84
0	80
9	21
0	0
0	0
3	0
1	0
0	0
39	44
0	44
0	0
13	0
921	1
4180	5
0	0
177	1741
213	1932
102	2141
5	542
27	101
6	10
1	52
2	3
0	86
1	12
0	0
0	24
497	280
4	83
0	239
11	214
0	0
350	520
11	206
0	28
41	5
0	140
0	36
3	103
0	126
1	80
0	0
0	0
0	407
0	400
21	201
0	101
0	42
8	30
0	0
0	0
0	0
84	8113
17	1876
0	7975
0	1402
12	1706
0	1852
0	1634
0	3685
0	2052
14	2170
0	1868
0	220
1	135
211	310
0	1151
22	857
2	957
1	713
1	716
0	671
21	376
1219	3
2	83
0	1
0	0
0	0
0	0
1	56
7	66
0	11
0	43
0	3
7	0
1126	2
0	47
5	180
125	28
8	128
0	124
0	20
16	11
0	1
0	18
0	6
1	32
8	32
116	276
0	140
0	13
0	87
0	10
2	0
10	62
9	0
1	6
0	34
6	34
4	0
1	0
729	258
0	22
15	241
6	0
0	11
358	0
155	614
0	403
1	497
0	108
0	0
5	2
0	32
0	7
11	119
0	3
0	0
0	0
0	0
7	1
1	13
2	6
11	5
37	334
2	287
11	65
0	0
0	0
0	0
0	0
0	0
0	0
607	741
0	638
7	595
0	3
3	98
254	177
2	4
18	161
3	36
0	0
1	22
6	324
34	153
0	153
0	3
0	1
0	4
0	1
7	0
0	1
0	1
0	2
0	1
0	3
0	1
0	1
0	2
0	3
0	0
4	0
35	0
2267	228
0	0
0	0
0	0
0	0
27	2654
0	2655
39	1140
5	0
2	116
46	2011
1	26
1	0
8	40
2	37
2	220
0	0
0	0
0	0
0	0
10	55
7	79
2	3
13	41
78	111
2	60
0	45
0	30
15	14
3	541
33	530
0	56
0	31
0	137
0	71
1	165
0	93
14	26
0	19
0	4
0	1
0	26
0	0
6	236
34	2281
2	333
0	2125
0	146
534	285
4	271
8	157
0	152
3	64
1	28
0	82
0	15
0	15
0	2
0	13
0	23
1	1368
32	1683
0	1197
7	0
6	33
0	3
21	75
0	90
0	21
0	12
0	19
21	4
2	28
1	59
0	0
0	0
0	8
0	1
6	18
8	45
0	14
1	6
0	90
6	1327
33	82
0	240
19	432
0	1263
0	1256
3	1175
2	1101
0	1106
11	432
1	24
0	4
22	5
138	0
257	506
5	137
33	494
0	0
0	0
0	0
0	0
0	4
0	4
0	0
0	0
0	2440
17	1888
245	2257
128	176
0	203
15	77
26	853
4	79
0	0
0	0
0	0
1	1
0	0
0	1
0	0
0	0
199	299
0	313
14	78
920	730
14	593
2	136
551	434
4	2
2	0
0	28
1	4
0	433
13	907
5	859
0	753
3	1
4	2
0	495
2	10
2	25
16	373
0	9
9	138
6	46
0	46
3	46
0	0
191	1132
47	1094
23	1071
1	142
0	181
0	0
36	0
0	762
3	78
2	180
496	275
0	243
0	1506
74	2650
47	420
13	1310
0	161
0	19
347	2504
33	816
46	50
0	3
0	47
377	1862
12	1862
1	1214
0	334
0	44
0	34
11	35
0	101
49	64
3	52
371	383
0	312
0	118
1	15
0	0
0	0
0	0
10	36
0	31
0	181
0	174
0	9
14	139
0	21
3	35
1	9
0	136
17	0
25	765
0	661
1	607
7	660
0	57
17	1201
0	1161
2	47
1	53
12	135
10	87
1	79
267	106
5	45
0	93
1	0
0	13
2	36
15	133
12	150
0	114
0	9
0	43
67	16
1	27
0	11
142	989
1	873
0	1068
1658	590
3	246
65	456
1	366
22	123
262	4301
260	4289
0	1120
0	92
10	387
2	454
0	250
4	0
2	471
0	530
27	530
0	407
5	1
0	70
0	40
0	40
0	4
0	3
1	3
0	0
0	3
13	4
0	0
2	0
0	0
0	0
0	0
0	40
90	0
0	0
79	417
15	415
11	207
0	93
3	99
3	2
0	0
0	3084
0	3084
23	3
0	3084
0	3086
62	75
0	87
22	198
18	3084
0	3083
0	0
0	0
0	0
95	560
0	204
36	399
5	39
17	894
0	894
27	894
117	898
0	897
2	893
49	888
0	119
0	0
0	0
0	0
15	12
0	12
0	0
0	0
9	111
0	160
0	119
0	100
0	1080
1	993
0	87
16	330
0	2
0	0
0	0
0	0
0	0
0	0
0	0
0	0
0	0
285	96
0	96
0	22
0	0
0	0
5	288
4	289
0	197
0	645
0	1
0	570
125	104
0	4
0	0
17	33
3	16
0	9
11	4
0	10
0	146
0	0
0	0
0	1
30	1
0	0
48	0
0	0
0	2
0	0
0	0
0	2
0	1
0	0
0	0
0	0
0	0
8	841
0	911
9	582
1	557
0	336
0	206
0	131
1	0
0	0
1	6
114	58
0	34
28	1
5	38
200	45
267	8
159	1540
361	1541
2	53
0	53
0	0
1	1
0	76
26	122
1	95
1	72
0	71
0	9
0	10
0	1
0	0
0	0
0	0
0	20
0	20
3	21
0	0
32	0
17	0
50	2965
9	280
6	0
0	707
743	1
34	707
1	14
0	707
2	34
18	98
3	43
200	525
0	421
2	523
106	56
0	0
0	0
0	0
1	66
126	5225
5027	1795
0	4
0	1
0	4
0	0
1	1
0	1
3	44
0	43
0	43
1	45
2	46
3	1
2	3
3	102
2	18
61	103
0	3
0	3
6624	3441
110	1910
1	383
1	1151
138	1477
5	112
12	803
6	282
0	260
3	0
59	1
0	1
0	0
7	134
0	151
1	2520
32	1730
24	1866
0	1737
1	614
0	73
0	1
0	11
0	0
1	0
37	320
0	95
35	245
12	667
0	2375
0	0
0	0
0	0
0	0
0	0
0	0
4	0
0	0
1	0
0	0
10	69
0	54
0	59
1	59
0	29
0	11
6	16
0	1
0	3
23	3
0	1
0	61
0	0
0	0
0	0
10	403
0	308
0	98
0	51
0	1
0	12
0	104
567	1693
0	1565
0	139
0	115
77	309
0	297
5	56
0	117
0	93
6	55
0	37
4	170
0	0
0	2
0	77
12	69
2	88
0	0
2	39
0	166
19	909
0	891
0	541
0	533
34	784
2	569
10	158
1	95
0	101
5	28
1	26
0	1
0	1
3	0
0	0
249	58
0	54
0	4
10	160
0	0
0	0
0	0
0	82
0	160
0	22
0	81
0	27
15	49
11	49
11	28
0	21
0	16
0	13
2	0
515	20
2	20
0	69
1569	334
10	251
13	14
1355	279
1	278
0	54
92	647
27	294
21	610
1	96
3	91
0	111
3	0
43	0
23	31
0	4012
34	2457
0	2621
0	2650
141	3803
56	4065
20	2106
3	3333
0	3936
0	391
12	2
0	343
0	331
66	127
31	365
7	239
0	115
0	1
10	16
9	2
0	15
0	0
5	0
3	11
2	11
136	1068
230	1069
27	11
0	11
0	40
48	80
12	74
0	0
0	0
0	0
3	35
0	35
0	0
7	4
0	1
27	0
6	3934
0	5
0	4126
45	3846
3	3841
3	3810
0	8
0	3458
0	4
1	0
4	41
0	152
8	2816
0	142
0	0
8	297
12	224
4	81
0	2719
0	0
0	2616
0	727
1	14
0	36
7	13
3	0
3	54
23	435
1	8
2	48
14	9
0	727
175	320
3	59
56	318
0	34
0	0
0	0
530	56
4	56
104	462
0	217
1	114
0	111
0	29
0	0
0	462
0	0
0	0
0	0
0	0
0	0
2	1
0	1
0	0
3	656
2	659
22	698
0	421
37	0
10	5
30	45
8	10
4	0
1	500
6	758
0	94
16	331
12	3
6	79
55	142
105	14
0	0
6	103
12	64
3	62
1	19
0	14
2	50
0	0
0	3566
1	8
45	86
0	0
1	42
157	766
3	18
8	3727
0	0
1	1
7	252
0	11
0	0
2	54
0	13
0	78
4	265
2	65
1	63
5	25
0	153
16	23
0	34
0	0
0	67
5	94
1	120
0	213
0	29
0	24
0	9
1	218
8	70
697	2234
64	2235
5	2175
47	2235
7	11
2	4
0	2
0	34
359	375
18	340
0	19
1786	86
0	4
4	13
2	2
0	48
57	1230
14	1312
0	322
0	233
0	227
1	13
1	1304
0	8
2	9
0	11
0	7
0	1
0	5
53	2256
2	2159
216	872
0	2413
274	18
3371	1631
0	1630
1	19
1	5
9	30
0	265
882	277
0	6
4	10
190	256
1	255
2	1
0	0
10	78
409	198
0	198
3	10
7	2
0	20
1	20
0	2
3	21
3	0
1	13
14	19
6	2
11	2
0	0
5	3
8	2
2	3
1	4
0	2
0	26
0	0
1344	97
0	2
0	23
2	43
0	0
0	0
0	0
0	0
91	1362
79	994
5	1163
0	1340
3	1205
2	178
1	370
9	1
0	155
4	95
0	6
0	0
1	0
0	0
13	211
64	229
6	86
11	7
18	307
0	248
0	182
0	225
0	48
122	345
1	195
0	58
0	23
0	2
2	6
0	24
0	1
4	18
9	196
30	196
0	2
7	0
0	0
1	0
5	490
1	634
14	846
0	933
48	947
0	489
4	183
1	35
121	245
0	240
0	30
1	31
57	16
0	7
12	1215
0	77
0	1209
2	1
10	0
7	0
107	902
12	882
168	853
24	831
50	611
6	5
0	52
1	684
0	41
4	49
0	26
0	4
0	3
0	6
0	1
0	5
0	348
3	321
0	338
5	520
0	445
3	12
0	357
16	295
2	3
3	22
0	1
60	38
8	38
0	0
0	0
0	0
0	5
0	2
0	4
0	3
0	1
0	5
22	203
77	590
7	476
0	6
2	408
0	0
14	46
0	0
0	0
0	0
3	0
12	866
44	866
6	36
3	77
0	2
1	1327
57	1327
114	1327
14	0
0	0
0	0
1	0
2828	25939
2	23401
1	938
1	762
22	3919
21	928
33	988
0	924
0	53
6	70
9	1
0	57
7	118
5	0
1211	1221
0	46
0	864
40	86
3	308
0	37
500	491
39	468
3	469
1504	311
0	303
1	29
0	5
0	0
0	0
0	0
0	5
0	5
0	466
2	456
0	466
32	30
7	30
55	136
15	106
35	107
1	0
0	213
152	227
3	14
23	33
264	87
0	87
19	628
0	1009
0	867
1	951
16	868
6	89
4	61
0	14
0	0
0	190
6	190
2	190
0	0
0	0
17	690
2	5
1	61
26	275
5	72
1	0
1	512
0	18
0	3
0	3
0	3
0	2
1	9555
0	14762
4	8187
94	13883
142	1084
5	8279
1	35
2	1674
2	11806
90	133
0	7134
7	1596
5500	3
972	1968
7	1940
0	2059
8	872
2	1667
0	94
10	13
0	0
13	2
5	45
0	673
0	975
13	248
11	655
2	735
0	224
4	732
6	1
4	3
0	191
1	205
4	0
11	39
6	14
1271	1127
4	505
0	751
0	58
4	715
4	58
108	235
0	235
0	135
1	13
0	17
4	11
58	1039
5	513
0	850
0	1006
0	112
0	122
0	103
1	0
0	0
1	321
21	570
156	638
920	524
14	262
0	0
0	0
0	0
2620	826
2	1
10	767
0	69
1	339
54	12
0	12
342	50
10	70
11	0
9	3
1	0
2	23
2	6015
75	1164
3	328
3	3
13	617
4	619
1	301
6	574
0	308
10	158
26	231
5	0
4	285
6	267
0	153
0	29
4	40
1	14
46	68
27	28
0	92
57	78
1	222
16	722
68	228
2	599
3	704
0	498
2	20
0	20
0	32
1	20
0	75
2	33
0	0
5	10
410	266
186	307
0	115
109	6053
0	6026
26	6038
0	6126
0	11
55	15
0	784
4	46
0	66
0	0
16	5
0	6028
20	12
0	12
253	929
5337	5409
4	2344
6	84
6	0
97	531
20	521
503	1920
0	1403
101	1866
9	3
0	9
9	9
25820	12514
5	1666
156	3467
298	9797
423	1313
6	1562
37	2580
0	665
1	98
0	9
0	25
14	661
0	723
0	0
3	711
0	0
16	610
1	302
0	47
21	42
0	17
2	78
0	0
2	1
1	2
4	3573
203	3802
0	1478
0	943
6	5
5	26
2	390
29	24091
0	8998
0	574
5	60
0	18450
4	18434
0	21570
14	5102
106	18525
129	590
36	202
83	644
705	29491
2	5546
56	24563
1	21246
55	23977
405	873
0	1592
1	15100
0	15104
22	1473
0	23171
0	27833
22	1019
6	114
27	114
1	18
1	22
17	24
738	138
0	91
0	1
0	11
0	46
0	0
15	18
0	4
36	535
5	5
3	140
2	36
5	525
406	0
138	0
499	0
543	387
0	37
3	33
0	14
0	0
1	277
0	277
3	158
0	124
1	111
2	100
0	57
0	49
2	37
4	10
2	0
11	201
76	201
1	28
0	1
2	761
47	1273
2	337
110	1273
25	3
0	3
12	443
0	9
2032	2347
35	14
182	2148
4	57
0	1688
601	583
84	396
0	3
6	3
1	0
39	23
0	3
5	20
13	453
12	453
0	0
0	55
0	5164
0	4847
3	85
9	766
0	504
0	415
2	23
4	12
0	0
0	4951
0	5164
1181	118
0	108
0	0
0	49
0	24
4	0
1	429
467	1671
2	1118
0	1191
458	0
0	0
12	0
21	1593
0	2
0	4
8	99
4	1560
120	526
0	11
0	1446
3	2
2	262
0	1568
21	1674
0	1717
20	1537
0	1130
1	1270
0	4
0	226
37	0
290	1577
3	1577
0	8
2	152
8	102
0	513
0	519
0	105
8	71
3	7
6	1985
169	1164
2	180
1	1785
2	2
3	33
1	0
9	646
1	210
16	311
712	7037
83	4630
2	4075
1	1307
9	485
0	525
0	509
1	477
0	19
0	7
1	161
0	57
1	86
0	67
0	16
0	0
0	0
0	0
0	3
0	3
750	306
12	84
0	235
0	130
22	11
0	11
15	423
23	1095
1	1335
15	445
0	33
0	29
25	221
2	25
5	121
1	116
17	6
0	1209
0	5
4	0
0	86
0	61
2	1199
19	1822
0	55
0	0
0	1
1	1786
1	1
0	0
0	0
66	362
4	362
0	0
0	0
22	0
562	169
16	696
4	919
0	974
75	833
0	0
3	26
1	26
2	0
0	6
0	4
0	0
0	3
0	3
11	117
7	117
1	12
2	0
9	87
24	1716
3	1668
111	142
3	31
12	552
1	115
0	13
0	1
0	1
1	0
0	0
0	3
0	3
0	3
2	288
9	7
0	240
2	1
0	288
339	294
77	293
98	1966
38	1966
11112	7868
7	1691
13	5
100	7422
2	6350
0	6000
44	4702
16	1272
3	5039
20	329
0	0
10	329
2	36
4	0
36	743
1	740
13	579
13	306
4	319
0	1
9	1
3	566
26	203
0	219
0	168
0	708
1	598
0	69
342	753
33	693
0	537
0	79
6	3
200	464
0	58
7	298
0	203
2	0
13	567
0	509
1	95
20	9
1	2713
12	453
1	19
0	10
0	4
0	7
0	66
0	6
0	66
0	66
0	5
0	66
8	7
2696	511
0	53
3	90
0	83
0	58
0	12
0	0
6	137
0	12
0	359
0	0
1	3
0	1
2	144
5	20
944	3529
0	3298
20	689
7	271
3	728
1	485
5	50
11	159
0	598
0	11
9	0
3	0
69	716
0	496
0	497
0	497
0	498
5	402
0	269
1	90
0	53
1	5
1638	360
2	2
1	19
3	14
0	226
0	246
11	221
5	118
1	70
3	28
0	0
22	108
1	109
0	34
1544	884
0	880
4	50
1	57
1	14
0	2
0	356
12	356
56	239
1	29
2	0
1	349
0	63
3	63
0	6
0	4
37	169
12	169
0	5
0	0
241	1014
71	258
0	356
12	600
56	0
152	1
0	0
0	0
0	0
0	0
0	0
0	0
0	0
79	252
5	222
20	69
0	126
1	46
1	463
0	0
1	1155
12	204
42	152
8	935
16	249
0	1065
2	1
2	1
0	130
0	68
4	71
42	128
0	1
0	24
0	29
0	0
26	220
9	212
1	0
0	8
2905	2272
24	2268
35	866
8	26
27	808
4	527
0	325
6	219
40	661
0	51
8	113
6	8
756	180
8	117
2	125
0	5
21	2
4	4
9	2
665	69
0	11
1	11
0	54
3	4
0	0
0	56
0	57
6	23
0	2
0	0
0	10
0	54
749	38
0	38
314	521
1	411
1	404
2	30
1	2
0	109
14	1
0	0
0	0
0	0
0	3
0	3
0	3
0	0
0	0
0	0
5	0
203	1
1	2
3	2
4	219
0	292
0	257
0	132
2	181
1	202
1	257
0	15
0	15
2	18
0	6
0	6
0	1
0	7
0	6
0	0
0	0
0	0
0	0
0	0
0	0
2	134
20	124
0	59
0	36
1	4
0	0
0	0
4	410
0	213
16	324
0	188
59	365
0	18
11	270
2	77
0	62
0	154
0	218
0	72
0	12
0	101
14	136
115	0
8	117
372	118
0	0
0	0
0	0
0	0
0	0
8	0
917	2
0	0
0	0
24	457
0	339
23	472
4	439
40	0
0	494
0	680
7	1159
55	989
40	355
5	0
0	0
0	0
0	0
0	0
0	0
0	0
0	0
93	1707
0	1786
0	269
15	457
0	1645
0	293
0	1505
0	0
6	47
0	1667
3	0
0	0
0	4750
85	3096
195	5162
564	4697
1	3272
1038	10
1	9
0	0
0	47
0	47
0	0
0	2
0	6
21	335
12	349
6	365
0	1
0	7
0	17
0	361
0	0
7	76
2	6
5	6
0	76
14	3
0	3
4	397
0	137
0	368
0	368
3	138
5	95
0	0
4	0
46	284
0	287
14	61
0	26
6	68
7	122
0	0
0	0
58	773
21	818
0	58
0	140
0	0
12	10
12	11
6	4
1	5
0	10
0	5955
62	5940
1	539
0	1019
0	1105
0	48
325	1168
0	1176
0	1043
32	1649
0	1702
0	1697
30	551
1	480
7	586
0	574
3	0
0	0
7	0
1	3
2	16
0	9
0	0
0	12
0	0
4	2005
0	24
0	18
0	9
3	18
0	14
0	15
0	8
0	34
26	1214
0	0
0	30
1	1240
103	321
26	321
4	1177
1	0
85	1284
1	450
235	398
12	398
30	398
76	411
0	411
10	342
0	447
24	52
0	50
0	131
6	29
6	44
1	512
0	386
12	2062
0	116
0	153
178	1985
0	0
0	57
176	147
0	124
0	0
0	0
0	0
111	5656
0	531
46	36
10	602
0	5103
4	4193
5	844
0	427
5	2869
9	144
15	379
0	655
0	1764
0	296
0	4
2	989
5	102
1	55
6	55
0	6
2	2
1	5
0	5
0	3
0	1704
0	39
21	619
38	70
16	203
28	1656
2	36
1	123
2	14
2	0
2	4
2	18
55	350
4	155
168	29
0	55
0	72
1	1
41	170
30	10
0	0
0	0
0	0
30	497
0	49
2	448
0	403
0	403
0	332
0	23
1168	378
2	95
11	252
1	245
2	123
460	558
3	244
6	558
54	633
15	633
0	131
25	4495
1	2640
0	318
0	3255
0	4670
0	160
2	2607
2	3110
0	3220
4	974
1	1238
0	2970
0	922
220	1981
0	319
0	292
0	935
0	39
0	807
139	1172
11	526
46	1176
1	897
8	517
0	0
0	0
0	0
0	643
0	0
0	0
0	0
0	0
0	0
1735	238
0	236
0	1
0	36
4	409
12	386
24	6
2	10
0	6
0	1
0	1
0	0
0	0
0	0
122	0
575	615
9	564
0	68
3	55
0	179
0	0
61	3573
42	3280
26	2068
3	1391
0	70
372	1
13	0
9	1042
146	1353
159	1653
0	1121
7	549
0	540
2	35
0	0
87	61
1	61
0	0
0	0
0	0
0	141
0	109
0	0
0	141
0	0
0	128
0	141
0	4
0	45
0	0
0	13
1529	2046
58	1917
363	1047
1	163
30	1495
0	158
3	79
2	74
30	740
5	683
3	35
404	490
0	490
28	1
1821	1752
6	2114
292	116
0	65
0	83
0	450
0	366
0	451
0	451
88	548
0	11
0	85
3	12
2	170
204	260
0	12
11	131
0	45
7	34
34	699
41	2051
9	12
256	2051
2	1109
80	8
357	1007
7	0
5	394
3	1170
2	858
60	1090
4	96
37	986
13	70
2	0
2	10
300	30
0	30
105	2282
0	2052
2	203
1	92
0	287
0	144
1	205
0	1361
0	623
1	96
466	694
2	212
15	241
2	306
10	6
1	70
25	111
0	113
1	32
0	55
0	18
1	57
1	7
1	85
16	0
1	34
0	1
0	1
0	1
83	0
0	0
0	0
1	260
82	1574
0	1116
0	1239
10	745
0	993
12	175
27	418
0	90
3	309
49	321
0	10
2	24
0	1
0	14
762	3
1	19
2	19
285	1001
247	1000
0	153
293	730
0	458
0	171
0	72
2	51
3	188
1	50
2	345
15	15
0	0
3	131
0	13
3	24
16	118
0	90
1	89
2	34
10	528
3	528
12	538
37	209
1048	67
8	64
1	4
0	2
226	2418
0	1622
4	577
153	534
2	698
0	1488
29	1458
65	1577
0	1567
30	1339
1	28
0	112
3	193
1	103
0	33
6	3
0	201
0	0
2	0
0	0
0	0
0	0
1	22
0	15
0	10
0	5
0	8
0	9
0	3
0	2
0	0
0	0
0	0
0	0
0	0
376	647
12	93
6	479
2	92
0	146
0	470
3	155
1	139
0	82
1	9
2	1
0	0
8	9
0	0
0	0
0	0
0	0
9	97
0	97
0	1
0	1
0	0
0	0
0	0
0	0
0	0
0	0
0	0
0	0
0	0
9	295
0	11
1	209
0	48
0	294
0	209
0	277
1	858
15	859
0	838
0	859
0	726
0	953
0	560
1	19
20	489
2	97
0	196
3	158
4	68
15	85
0	43
0	32
104	0
59	74
4	31
14	0
8	20
0	20
0	0
0	0
0	2
0	0
2	40
32	29
5	28
2	34
0	2
0	0
7	19
0	5
0	0
0	0
0	0
803	1631
77	1631
0	40
0	744
0	455
0	287
0	0
0	0
0	0
0	0
16	133
7	108
0	121
2	121
0	3409
1	161
39	556
0	556
6	2515
3	1
0	2836
4	100
1	1
45	3352
6	5
0	5
0	0
0	0
0	0
0	1484
4114	501
1	198
8	301
74	2016
11	1731
18	64
1	63
0	63
0	64
0	1935
7	94
0	363
5	249
1	51
0	108
2	132
1323	188
1	0
0	89
61	136
0	45
0	129
0	14
0	8
31	1031
3	9
0	0
0	9
5	972
5	877
9	12
0	3
0	4
0	3
0	0
0	21
1	146
2	698
0	6
0	0
0	0
0	65
17	1
6	162
3	320
0	2
0	63
29	63
1	256
4	296
1	18
0	101
24	169
17	55
29	35
0	74
0	81
0	6
0	6
2	24
4	3
0	174
0	5
0	0
0	0
0	5
0	2
0	0
0	0
0	0
0	0
1	0
0	0
100	1
0	0
1	837
4	925
38	884
4	99
1	47
0	69
0	0
0	0
18	46
0	14
0	29
0	27
0	1
0	0
0	11
1	2
0	15
0	1
0	0
0	0
0	0
4	720
7	359
54	513
0	428
0	646
1	173
0	0
10	85
2	6
0	4
5	0
0	5
0	0
3	0
0	611
2	50
0	81
2	88
0	118
0	23
0	55
2	0
1	0
24	62
0	62
0	4
0	8
1	9
0	6
0	81
101	223
0	15
1	29
0	209
1089	265
111	4
1	87
0	33
1	71
0	1055
22	1045
2	133
0	1027
57	894
2	398
4	428
172	395
0	17
0	47
0	47
0	13
0	13
0	0
0	0
147	0
2	0
17	216
1	103
3	189
2	21
445	227
0	199
23	0
0	69
0	49
2	29
0	30
81	665
2	62
0	665
259	198
5	0
62	411
0	0
0	0
8	420
3	0
16	138
1	1111
0	114
9	15
5	1172
0	0
5	41
49	104
46	94
16	95
0	13
0	95
1	2
0	2
0	2
0	2
0	2
0	1
0	1
0	1
0	1
0	0
3863	3562
22	3194
36	1442
99	366
0	0
78	2
0	200
0	83
0	219
10	62
7	202
0	9
0	1
0	3
1	32
0	42
1	81
1	23
1	3
41	89
0	0
0	17
0	227
1029	612
304	167
0	465
0	167
6	313
66	4083
1	0
3	5
0	4074
0	436
0	153
0	216
6	376
0	162
12	408
0	23
0	12
1	0
9	76
2	7
0	93
8	84
0	56
0	33
2	314
24	0
0	0
16	1298
29	1298
450	39
0	39
136	1932
10	1878
4	401
9	150
0	126
0	325
0	246
2	89
2	275
0	0
1	249
212	270
2	4
1	65
0	180
0	15
0	0
0	26
0	10
8	40
0	42
0	7
14	5
1	5
0	1
0	0
0	0
0	0
0	0
128	1639
8	1534
160	2080
4	11
16	37
33	549
1	28
0	0
10	3
0	3
0	3
1128	0
1	0
1203	1022
0	577
0	0
3	839
0	447
0	0
1	0
2	20
0	1
0	7
1	6
88	166
1	151
8	56
2	5
4	6
5	55
3	27
0	7
2	17
0	5
0	26
0	160
0	103
0	29
0	0
12	103
0	11
0	16
0	160
1	912
81	912
0	57
507	2077
0	2076
8	856
13	490
5	95
7	3
313	1361
42	1359
5	146
9	162
1	12
0	32
1	23
226	0
0	0
0	0
0	0
0	1142
0	1130
1	687
0	654
1	716
0	725
8	768
0	112
0	18
1	483
0	535
0	138
0	220
31	16
0	7
6	18
0	12
4	41
10	153
9	14
0	8
7	48
6	0
133	0
0	0
1	0
2230	204
1	1
0	203
0	7
0	7
0	7
38	204
657	407
14	268
0	142
0	3
0	0
0	3
0	3
0	0
0	0
0	0
0	0
10	13
0	150
0	60
0	66
1	56
14	158
0	80
2	10
3	145
0	24
0	25
0	52
9	34
1	1
1	0
11	2827
120	2827
27	2209
7	1755
223	8
24	22
0	0
0	0
0	0
0	0
1	0
4	0
0	13
1031	119
5	36
1	17
0	0
2	57
4	14
3383	1170
1	1166
4	1159
2	13
0	13
10770	1115
127	3
4	566
15	571
8	431
0	527
44	0
0	0
0	0
0	0
0	0
0	0
7	58
15	430
0	379
0	0
0	90
1	349
0	338
4	304
0	1
10	33
2257	5
0	0
0	0
533	51
1	22
21	29
1447	264
0	38
100	117
197	39
0	0
0	3
784	1442
3	1520
1	1263
0	1202
0	1380
0	396
0	1339
1	350
13	857
6	56
0	136
145	149
3	37
0	46
10	69
2	101
2	131
0	99
0	30
0	0
0	1326
177	0
6	39
0	18
0	18
3	23
1	15
1	0
20	364
0	403
5	365
1	374
4	29
0	3
0	1
0	3
0	3
0	0
0	2
20	1718
43	1718
32	1605
0	0
0	0
0	1
0	1
0	0
7	11
0	11
0	0
0	0
0	4
0	3
0	3
27	85
50	320
47	468
0	496
0	30
5	30
50	6
12	8
53	0
0	0
0	0
0	0
1	3
0	4
0	4
974	28
1	28
201	3
0	3
594	0
0	0
0	0
0	0
15	492
0	564
11	439
0	80
3	5
5	70
171	485
0	330
11	207
36	453
0	26
0	6
12	192
0	0
0	0
0	0
0	0
0	1
0	0
0	1
1	1
0	0
0	0
0	0
0	471
0	727
22	695
3	259
2	29
0	748
1737	865
18	863
413	44
1	44
0	189
33	191
0	5
2	0
2369	480
1	8
0	0
0	0
0	0
0	0
1	617
455	617
51	615
0	51
628	8
0	3
43	243
244	84
1	74
0	8
1	13
2	426
20	453
1	112
2	97
12	30
2	16
1	5
2	63
2	56
4	71
0	67
17	3
11	3
0	5
0	7
2	1
756	1424
0	1394
2	242
0	29
26	162
9	120
3	672
0	10
0	0
0	0
0	0
248	263
1	116
0	147
202	39
5	39
23	2145
0	1694
20	746
0	96
0	48
80	0
0	576
66	602
7	18
0	100
16	2
3	286
1	36
0	1809
0	1834
0	0
6	0
0	0
413	262
6	258
0	169
13	50
27	51
1	56
572	442
0	0
0	0
0	0
93	64
113	168
0	19
8	124
7	129
2	2
273	124
4	51
1	84
84	1499
25	1499
0	578
0	64
305	91
3	91
0	1
0	0
0	1
0	1
0	1
0	0
0	1
6	2
0	0
0	2
304	246
4	61
15	35
1	60
19	0
0	0
0	0
0	0
0	0
0	0
69	2409
8	1050
1	385
1	6
9	3
0	2409
9	2
0	2
0	1
0	1
2406	167
1	159
0	56
186	785
17	785
1	0
12	0
4	0
0	164
36	1409
6	4
1161	1407
2	361
2047	96
70	95
0	0
4	9
1	9
0	9
300	1539
0	1680
0	389
18	1327
46	848
16	1212
0	30
5	6
58	2901
7	2759
0	3030
0	3054
0	3145
54	486
0	3
14	156
8	28
0	2021
2	32
4	186
2	165
10	330
4	299
129	80
0	4170
54	3139
404	3023
0	12
0	199
1	0
0	43
6	44
0	1
0	13
1	0
0	0
0	0
0	0
0	615
964	46
1	43
1	40
1963	480
0	73
0	33
32	0
1	0
0	0
1893	1166
0	1166
4	126
0	0
231	117
46	116
0	0
0	0
0	0
3	44
7	73
3	59
4	0
27	0
10	171
95	171
11	41
4	2
1280	50
0	46
7	0
8	3
0	67
1	59
0	67
0	0
0	70
0	5
0	59
24	19
8	0
215	574
0	245
2	409
0	88
2	405
19	313
0	4
8	45
0	371
2	303
33	202
2	320
1	14
0	10
1	10
0	0
0	0
0	0
0	0
11	0
0	238
287	5609
13	2864
14	164
2	4323
2	1905
0	395
546	1217
16	422
8	330
0	751
47	0
1172	458
0	12
0	130
0	20
0	46
0	60
0	87
0	82
5	103
2	17
0	2
196	2575
1	16
0	57
1	298
4	2582
326	5591
5	5591
9	17
0	193
0	1871
325	2385
26	1680
0	25
35	39
19	11
117	81
0	0
151	996
47	984
21	504
217	582
7	496
9	61
9	99
5	44
10	18
0	0
1	36
86	1923
1	134
54	1923
896	815
22	316
2	452
8043	328
2	313
7	249
10	256
0	10
0	0
0	0
2	4
4	4
0	4
5259	2
1150	1
2203	3
6	328
25	343
68	322
0	360
0	330
42	7
1	0
213	0
232	567
2	2
27	566
5	2
0	4
13	124
0	85
11	23
1398	252
3	185
0	190
10	12
1	179
11	134
1	111
2	13
0	15
2	0
30	1979
77	3152
115	1819
46	95
6	1480
0	0
0	0
0	0
0	0
0	0
0	0
0	0
1557	1118
15	1116
28	138
0	0
0	0
0	0
0	29
0	12
1	373
0	13
0	16
0	20
0	25
0	5
0	171
0	383
0	0
1515	2
0	0
0	0
0	0
0	0
17	0
663	308
8	303
4	3
2	153
0	17
10	142
20	157
7	33
41	42
0	154
0	0
16	2414
0	23
1	0
16	1512
127	652
4	1480
0	1105
5	2540
0	2533
13	2496
0	2550
4	999
9011	1905
2	979
92	999
39	1124
7	0
0	0
0	0
0	269
0	269
50	269
3	26
104	660
0	580
0	80
0	74
0	0
0	0
676	262
5	117
137	1283
0	712
28	243
0	220
3	9
0	147
2	34
946	138
0	47
0	90
3	0
937	233
5	18
0	57
1	157
0	80
30	344
19	57
1	359
48	382
8	69
0	32
0	306
0	0
0	70
0	0
19	365
0	294
0	283
2	105
0	8
0	30
0	138
7	1
0	364
282	1140
1	1032
2	64
4	104
7	90
286	1283
1	378
2	666
12	478
14	152
29	1162
28	1162
0	31
0	4
0	32
0	107
0	733
8	0
2086	700
2	330
6	369
31	228
707	522
0	183
11	0
19	364
0	27
13	135
0	4
0	52
0	54
8	100
0	219
21	238
6	243
5	25
19	676
158	676
0	19
0	0
585	319
1	173
0	319
11	0
0	577
0	872
57	892
0	558
0	696
0	376
0	255
0	0
0	29
0	1
0	0
0	0
0	1
0	157
5	237
0	46
2	265
0	21
0	36
0	168
34	152
0	23
13	4
0	130
9	23
0	31
2	22
0	51
3	30
28	5673
0	5091
0	5036
22	5014
0	7175
0	4521
22	6042
0	2705
0	3206
0	1392
5	389
13	809
0	1292
5	1075
3	725
2	374
8	449
0	384
3	231
10	386
0	5408
102	165
29	198
3	58
7	70
1781	0
617	0
6	444
78	2463
0	197
19	1997
6	1618
2	2118
0	1304
1	136
28	1209
4	110
4	24
13	115
1	0
44	12
2	12
0	1
0	0
0	0
3	1757
159	2348
0	0
5	573
34	555
8	20
94	0
89	4163
10	3191
0	960
12	3942
940	1145
22	1
20	327
0	3191
0	314
1120	314
51	94
70	77
4	76
0	3
0	2
0	0
449	128
0	128
0	92
6	34
4	16
0	0
0	3
0	16
585	567
6	566
0	140
1	31
28	0
7	334
1	268
0	143
1	0
6	116
0	3
1	32
13	12
0	0
0	0
0	0
0	0
0	0
1	1
147	164
0	16
0	33
1	144
2	9
2	6
0	9
8	123
0	774
4	366
2	82
0	787
0	563
10	320
0	0
110	131
2	74
0	57
1593	0
1058	0
1	107
0	3
190	114
1	103
0	103
1	91
0	64
0	46
7	1279
0	843
1	1112
3	284
0	382
0	617
0	840
0	123
0	112
0	289
1	65
0	62
6	29
2	31
0	17
48	2
66	0
7	1050
18	402
16	1222
0	1626
85	2291
9	1
0	1
0	0
0	0
0	1
0	1
0	1
0	5
0	16
0	7
0	0
0	11
1228	65
24	65
529	483
5	0
17	2
2	35
0	0
286	291
0	391
1	488
0	216
48	238
0	11
0	1
12	77
0	60
0	79
5	0
0	0
0	6
0	73
0	0
0	0
0	0
0	0
0	0
16	10
2	10
211	1899
1678	1911
102	11
5	1
8	1100
2	1150
1	55
4	128
0	19
5	103
1	13
1	0
0	0
0	0
25	4388
64	4040
0	4318
1	1489
0	1776
3	470
1	318
0	17
0	13
1978	810
6	96
24	343
752	1120
74	1083
1	36
2	56
0	155
0	5
9262	413
16	408
34	2120
0	182
3	331
16	2075
41	1042
23	214
6	196
4	105
11	45
43	0
7	145
55	145
0	0
3332	104
7	37
13	65
38	20
0	112
0	108
0	2
0	5
0	11
0	94
0	2
0	134
0	3
1	0
0	86
1	2
0	77
7	6
0	0
0	0
0	0
0	0
0	0
86	1879
2	0
461	2404
2	548
6	1489
10	858
3	3
58	50
1	0
0	1535
1	9
14	102
3	128
16	181
8	370
1	0
15	1528
0	3197
50	3192
22	556
0	2911
0	3195
503	285
1	179
7	279
0	0
8	4
7	2
0	0
0	0
0	0
0	0
866	850
0	849
0	41
15	53
27	8015
1	675
8	644
2	601
0	1018
24	997
7	40
1	23
40	7833
0	256
0	247
2	15
13	154
0	0
4	77
0	47
2	2
53	19
0	12
849	1685
1	12
12	1310
4	0
5	34
0	374
0	0
134	92
0	87
0	21
3	0
10	34
2	23
0	1
0	0
0	5
0	67
11	67
1	20
0	695
10	1783
3	0
3	12
17	1832
18	116
20	560
11	673
59	592
83	5
1049	169
0	146
0	1
3	22
33	77
0	34
27	76
109	0
0	0
1	224
0	230
6	205
6	732
0	574
0	594
0	257
0	274
0	318
0	65
0	38
2	51
3	19
0	5
1	4
182	320
8	190
0	50
0	165
20	109
0	54
72	131
86	1190
13	583
6	3
62	716
8	47
0	55
6	1054
18	865
6	0
1290	194
0	194
0	39
327	702
0	660
0	94
0	39
13	164
0	89
0	33
7	5
0	0
0	0
258	0
26	0
0	0
0	0
0	0
0	0
1	50
46	282
21	205
5	12
0	161
25	0
0	0
341	421
14	285
4	136
492	66
0	6
0	60
0	0
1	0
0	0
0	0
0	0
0	0
0	0
0	0
8021	2846
14	1445
11	1389
0	47
0	44
2	27
4	73
0	0
0	7
0	8
0	6
1	809
163	810
0	98
13	97
0	1
0	136
0	4
10	40
0	137
0	196
0	115
0	110
1	3
0	6
0	15
0	155
11	789
14	768
1	640
0	21
2	0
0	27
7	16
774	1010
1	465
0	804
2	514
50	901
0	391
0	572
68	316
7	9
257	9
223	735
5	28
37	735
0	0
68	21
7	1
1	11
0	10
8	473
2	14
16	6
0	472
133	493
22	43
3	30
11	212
108	506
7	471
7	207
6	400
1	174
0	9
39	2
3	2
0	482
1	5276
220	5238
881	5719
6	5672
379	40
1	14
0	26
9	900
8	865
4	871
1	804
4	678
417	0
4	30
3	156
70	154
31	89
144	541
7	336
0	453
345	638
24	638
3	10
1	99
0	2809
0	2608
87	2780
6	842
2	50
2	277
2	0
9	485
0	137
0	346
2	2
546	167
5	38
0	137
0	1
2	37
1	4
0	2
0	0
0	3
0	2
0	0
0	0
2606	466
0	0
3	462
0	17
1	15
0	15
0	0
2	5
0	8
3	615
23	126
5	126
0	608
0	502
38	479
0	512
0	512
0	442
14	259
1	37
22	230
0	0
0	49
0	52
0	17
0	23
0	12
0	0
0	0
171	110
0	110
0	0
0	0
236	3689
0	3572
3	3578
2	2938
10	82
4	185
1	626
335	215
21	215
23	217
1	217
0	37
3	28
1	25
1	22
0	3
0	1
0	0
6	69
49	106
10	115
0	76
0	0
1687	354
0	341
6	23
3	23
1306	325
0	0
0	17
0	7
0	4
5	10
0	0
0	0
0	5
0	8
58	1949
0	1663
2	104
19	195
2	0
9	609
0	71
16	76
8	76
0	1
0	1
0	0
0	0
1045	122
20	3
6	118
3	2846
43	2592
1	1086
0	87
2	48
2	50
6	20
1	7
0	2846
197	0
23	0
0	9
0	0
3	9
0	1
12	82
0	1753
0	1756
380	1
107	394
7	379
0	401
15	410
1	0
0	0
19	26
0	26
168	1017
11	17
0	601
1	300
5	190
502	302
0	91
4	200
3	134
0	0
0	0
0	0
4873	1282
9	146
10	3
0	1128
62	250
13	5
267	863
10	595
10	49
0	67
0	438
0	0
0	0
0	0
6	0
0	245
4	210
0	233
0	0
0	134
1	9
0	8
0	20
280	120
12	5
4	114
0	113
46	1013
13	822
0	199
42	1088
4	849
8	73
7	1
7	527
19	502
0	366
4	11
9	11
0	8
96	1541
0	585
0	561
0	986
0	127
8	525
0	2499
0	2340
0	2357
59	2381
2	2201
1	2338
0	2161
19	1965
7	77
6	67
0	60
0	213
0	2516
2	848
4	559
27	196
1	848
1	841
3	0
0	0
1315	583
1	182
0	41
0	31
5	262
10	302
0	244
3	1091
2	1028
1	148
0	649
29	549
16	25
6	114
0	722
1	93
31	26
199	0
0	0
71	2496
263	2496
5	53
30	23
6	1
0	7
4	7
224	32
0	30
0	1
0	13
0	1
1	1
6	29
0	29
1	2
101	76
0	9
16	76
0	11
1	6
4	0
79	0
0	0
1	15
19	15
77	8913
365	8913
45	6207
0	734
2	675
11	677
0	806
0	103
5	8
3	124
2	134
5	152
9	13
1	4
0	0
0	0
0	0
1	1893
0	2065
0	1333
20	1413
0	34
8	208
0	127
0	116
0	72
1	95
80	481
3	18
0	0
2	275
0	366
1	237
2	0
1	1
0	0
0	0
0	0
0	0
0	0
0	0
3	99
2	83
0	122
1	0
0	0
0	0
0	3118
6	3522
41	636
0	294
0	1533
1	1241
0	96
5	68
2	90
0	161
3	905
0	579
9	797
1	817
0	800
0	132
0	1
0	9
4	37
1	3
1	19
82	1120
208	987
0	300
62	1118
1796	107
0	103
0	0
1	133
0	3
0	0
0	3
0	130
0	0
0	130
0	2
6	907
5	142
2	321
4	502
8	904
0	36
0	260
1	199
1	91
5	6
0	184
4	969
6	322
28	301
0	26
713	1240
0	204
0	1241
17	30
1	0
0	146
5	146
0	103
16	37
3	136
0	0
0	0
0	0
0	0
132	2369
0	1598
3	743
15	715
3	567
31	215
6	206
0	0
21	9
102	27
1	11
0	3
139	26
8	4
0	0
0	669
3	627
2	629
7	10
538	0
0	0
1	1
0	839
0	837
0	777
0	787
5	222
19	635
0	797
0	768
0	23
10	28
0	44
8	0
5	54
0	144
4	38
14	2
4	30
7	42
0	31
13	196
3	199
3830	1746
3	1632
2	103
14	60
0	0
0	0
0	59
0	0
0	2
0	0
7	5
0	0
0	0
100	0
69	180
0	170
5	180
0	87
0	1
1	0
0	43
25	492
0	487
8	492
0	3
314	0
17	103
64	255
25	111
9	101
0	0
0	0
0	0
0	0
0	0
0	1164
0	1288
0	1050
0	957
2	182
103	807
112	2
60	702
36	40
4	0
112	213
1	45
12	7
0	181
1	123
0	1352
0	1342
0	505
2	115
2	506
12	112
0	8
0	566
11	0
28	52
0	0
1	54
5	43
1	10
0	4
0	12
3	4
764	861
0	0
3	861
18	1
0	0
26	659
81	659
102	21
2	1
0	0
0	20
0	0
32	47
5	14
968	75
6	0
0	13
543	0
192	0
0	0
1	32
47	26
7	31
786	1
281	87
0	87
124	13
3	12
398	672
799	257
21	68
0	113
0	38
0	50
5	76
6	17
0	0
1	5
51	609
4	623
0	0
0	12
0	53
0	8
45	1680
6	166
0	332
6	741
0	941
0	496
40	155
3	228
0	0
1365	114
1	21
0	63
0	53
1	4
0	0
2	376
0	303
0	241
0	5
1	8
2	351
422	219
1	66
0	0
22	153
2	9
2817	13
25	1043
45	1042
0	868
0	1019
0	58
0	0
15	75
0	0
0	0
213	581
1	0
11	443
0	0
2	528
0	3
0	29
6	4
114	1380
17	1182
0	582
5	78
0	5
56	18
0	12
0	0
0	6
11	1
0	1
25	310
0	308
0	271
1	0
0	8
16	22
432	269
29	362
4	123
0	135
4	8
0	8
2	0
3	0
0	1
19	16
4	9
0	14
0	14
1410	1074
3	878
0	599
0	81
2	154
1	152
5	67
10	2
0	2
4	548
277	595
0	96
2	22
68	94
8	94
23	61
2	61
0	61
2	61
0	57
0	0
339	1480
972	1515
2	1069
0	1072
0	1060
0	1091
0	1061
0	1063
0	1009
0	6594
0	7
27	62
0	4592
3	22
4	885
1	43
0	31
0	6425
9	7
0	7
8	3
0	0
9	534
10	505
0	8
0	38
0	7
1	67
0	65
1	4
0	116
3	509
0	233
2	6
7	1
2	4
0	124
2	6
0	50
3	346
2	485
2	1
0	1
0	0
5	50
53	432
3	389
1	394
713	395
552	247
0	213
0	4
13	214
0	22
0	0
1	0
0	0
0	0
0	0
0	0
1	0
0	0
0	2
0	0
1388	0
38	271
40	519
12	1381
0	17
3	507
1	3
16	1142
4	28
0	355
10	1163
0	49
11	718
1	131
0	98
7	241
0	714
0	2
2	0
0	0
0	0
0	0
1102	106
13	14
0	92
2	0
57	1129
0	1129
5	1105
0	43
0	84
0	51
0	45
3	27
0	1129
9224	929
12	921
0	0
4	0
8	0
5	0
0	0
0	0
0	0
0	0
0	0
0	0
0	0
0	6
0	6
0	6
3	9
10	28
2	28
0	0
1	207
2	335
0	2111
3	2037
20	1978
0	163
0	143
269	10218
3	6578
2	2276
4	70
7	4239
0	6577
6	1099
0	1440
724	148
2	148
0	0
21	56
3	0
0	2
0	1
1937	377
11	371
2	64
38	235
699	1149
1	823
1	16
14	29
4	126
1	15
0	0
0	0
0	0
0	0
0	0
16	5690
52	4809
164	2266
5	318
142	867
9	172
390	1242
1	2
5	1423
123	2
7	25
0	431
0	379
0	5875
6	435
0	47
8	1149
0	32
0	5
1	413
5	664
37	0
4	86
0	1142
199	1
5	51
62	129
0	1
0	0
3	3
3	19
6	78
411	1166
5	1078
0	137
25	84
1	76
0	17
2	217
2	196
0	197
0	201
0	5
0	28
0	0
0	0
0	1
0	20
0	0
0	161
13	92
0	190
0	273
2	4
56	3017
5	1476
18	2982
0	3196
0	1909
5	1721
0	426
63	682
6	563
0	346
0	143
11	3
0	10
4	112
1556	2
97	95
0	57
0	0
0	0
0	26
0	44
0	51
0	13
0	1
0	0
0	0
0	0
0	2
0	2
0	26
11	26
0	0
2542	2
612	1744
1	35
47	1606
0	1789
0	0
11	108
0	0
7	780
0	0
0	0
0	0
0	0
0	0
0	0
0	0
0	0
0	0
0	0
0	0
0	819
0	479
59	817
0	37
0	512
0	26
1	114
28	100
0	2
1	0
1	0
0	6
1	0
155	8414
0	4474
43	15288
431	11958
52	1210
0	9
164	0
2	64
0	86
0	149
20	2082
235	3132
18	3058
110	25
36	82
14	799
0	1023
46	962
0	878
22	35
0	160
2	2
0	17
0	0
1	90
1	8
0	15
1	47
0	14
1	697
4	110
7	651
3	649
2	0
0	0
0	17
0	697
3	5
2	249
4	910
0	666
4	695
2	528
0	849
0	848
6	104
0	21
37	44
26	74
0	19
561	26
0	1
0	4
12	0
0	31
0	36
3	90
0	21
0	0
0	0
0	7
0	100
0	101
0	32
0	12
0	0
0	0
0	0
0	0
0	99
8	53
907	315
0	0
12	262
3610	10
10	18
0	18
44	244
25	244
0	185
0	0
0	0
1	0
0	0
5	373
1	347
0	298
7	75
0	0
0	244
0	10
0	77
4	77
0	7
0	119
62	1187
314	1295
3	1000
2	110
2	135
0	12
0	8
30	5
0	5
0	825
13	49
0	47
0	30
0	283
7	11
1	615
0	228
0	621
4	173
0	72
0	78
0	221
4	1047
3	0
3871	6682
35	4268
0	5748
45	810
18	719
61	503
2094	924
194	544
0	796
1	176
0	0
605	184
18	129
1	128
0	14
5	104
0	102
0	104
5	90
0	70
60	183
0	174
0	105
42	7
0	849
619	878
0	684
0	681
0	101
0	539
0	899
0	481
0	443
0	725
14	500
0	67
0	442
0	579
15	0
31	11
0	664
3	31
1	42
20	4
0	166
0	130
0	41
293	604
1	250
0	118
0	15
0	179
0	130
5	210
0	96
145	315
8	315
2	53
2	3
10	11
6	4
0	0
6	240
1645	306
14	217
2	204
1	126
0	0
0	1
0	0
0	0
0	0
0	0
0	0
174	119
1	119
71	332
6	332
0	36
313	667
32	1475
0	1282
1	54
0	30
9	0
873	130
0	126
0	53
0	1
135	0
10	0
0	0
0	0
0	0
0	0
1	0
101	45
0	5
0	5
6	0
9	37
1	0
2	3
26	9
0	12
126	468
2	439
8	66
0	19
16893	40716
17	8114
7	9635
10	23298
33	6859
6	22000
9	18393
33	16695
173	576
0	519
1	57
0	170
1	659
569	965
2	938
0	762
2	175
112	839
162	52
1	0
3	2
0	2
108	4038
49	1496
0	3982
27	20
215	1956
36	0
1	769
17	1414
1038	935
1	0
291	933
7	327
5	1032
360	935
0	15
15	780
3	121
2	738
1	182
0	101
0	677
0	55
0	55
6	11
9	37
0	13
11	592
0	536
7	107
8	249
4	240
3	205
3	175
0	173
0	25
0	22
5	4
0	1417
0	1380
0	1144
0	1956
1	2039
0	41
9	1448
4	92
37	1588
0	2136
0	1970
0	2044
0	1285
0	41
7	1419
2	6
1	34
0	9
0	24
0	42
0	39
1	593
0	59
4	23
0	44
5	383
2	52
5	20
0	2
0	568
0	67
0	569
0	24
0	4
0	97
0	540
2	22
0	246
0	129
0	9
10	34
0	592
0	422
503	57
9	57
1954	495
58	159
52	438
1	0
0	0
0	0
0	0
1	0
0	0
429	1
4	0
0	0
0	0
20	1058
7	1007
1	975
0	938
271	988
0	889
7	895
14	87
8	760
13	64
24	823
11	1
0	0
10	13
0	94
11	9
4	15
0	24
0	80
0	18
1	0
5	10
0	0
0	831
0	725
0	634
5	679
2	693
11	425
3	529
0	52
15	581
0	13
0	112
10	96
8	1122
7	915
1	1175
0	404
4	667
364	472
123	441
0	8
9	324
0	111
467	166
0	1
15	165
10	6064
30	1718
0	78
85	896
1	58
19	61
125	6035
0	0
0	0
0	0
0	462
815	765
0	85
7	370
3	7
0	55
4	43
2	42
20	195
2899	784
17	0
169	118
0	839
3	6
55	6
0	6
3331	1891
1	1889
5	0
2	1
197	7197
0	8483
69	874
13	7262
136	138
136	1537
35	1154
3	513
3	22
0	22
0	183
10	6
1	35
0	136
156	2
1	0
1	0
0	2
568	0
267	0
1	121
1	95
2	75
2	27
0	18
0	15
3	21
40	8
2	7
1	0
17	5330
414	5401
32	302
8	0
23	762
6	90
1091	719
1	206
0	173
56	331
7	0
1	19
16	140
0	7
0	2
0	0
0	33
0	0
107	470
69	502
0	40
7	19
0	35
2187	836
325	835
44	489
0	192
1352	652
0	627
1	437
1	460
0	494
61	182
0	0
1	59
0	26
0	40
2	25
912	166
17	164
6	87
0	0
0	0
0	43
0	100
31	96
0	64
2	75
2	78
4	83
2	7
0	7
0	14
0	14
4	0
0	0
1	243
60	2094
0	34
7	515
57	31
117	658
0	2026
0	2102
1022	0
88	92
4	92
11	47
43	2735
1	2536
241	2594
6	1983
0	1920
20	165
26	2
15	224
7	165
217	76
2	13
0	3
2	68
2	0
22	48
50	49
1	0
12922	8642
171	8643
15	8576
45	432
1	2595
1	1234
0	200
1	198
1	23
0	31
9	42
5	80
0	0
0	0
0	0
59	660
16	1228
1	1227
0	26
12	20
0	25
1	9
0	1235
124	13
0	11
0	7
1	2
0	26
0	26
0	12
0	1
0	12
5	158
1	166
11	73
0	7
0	1
0	82
28	11
0	10
1	8
1	8
0	4
0	0
5	9
0	0
0	3
0	6
0	0
0	0
0	0
0	8
750	53
20	52
0	1
0	1
0	0
44	348
2	333
1	46
5	107
0	111
5	1
3	64
4	11
0	24
2	32
1793	159
0	158
0	34
10	40
0	38
0	1
11	0
2	127
233	127
0	26
0	60
1	11
0	57
2	8
931	50
11	50
0	0
296	0
277	7777
194	7552
0	252
2	581
0	435
3	88
24	159
0	0
8	161
3	9
1	0
0	0
36	0
1824	674
144	464
0	210
0	15
19	227
5	359
23	489
51	489
0	0
0	255
791	319
19	0
0	18
0	52
2	0
6	1
2	0
0	0
2	0
0	2
0	8
6	2141
22	0
6	0
5	252
0	2109
0	1451
0	305
0	15
1	357
1	59
5	79
4	314
0	124
0	165
0	112
0	1263
0	1131
2	358
26	1269
0	115
7	418
0	1096
0	78
0	171
2	91
0	69
2	1
0	220
1	25
1	10
1	176
0	144
0	101
0	86
0	102
3	91
0	22
4	0
2	51
245	490
3	337
2	154
343	700
2	482
7	222
270	1
0	0
166	133
0	392
0	76
206	392
176	472
9	455
7	27
0	30
19	170
6	0
0	49
0	38
9	21
0	0
0	4
3	0
0	0
9	474
1	441
1	78
2	99
1	73
0	22
49	0
0	111
25	34
3	75
6	70
0	72
5	0
4	19
256	1
0	0
3	338
4	859
55	738
1	106
3	59
0	353
0	195
0	340
5	125
8	23
0	0
0	0
0	49
46	262
0	235
0	29
19	5
0	0
196	2723
288	2623
12	2722
7	2718
2	1483
0	0
38	0
1205	802
15	208
1	717
19	542
3	535
0	141
0	1
1	491
2	0
0	272
315	778
5	0
180	815
3	54
11	712
1	13
7	1852
21	794
7	494
0	557
4	1721
13	1628
0	346
11	250
0	114
1944	66
1	20
0	60
0	5
711	581
0	333
1	280
5	70
0	236
1	7
0	0
10	478
25	526
20	341
0	11
3	18
24	1
16	8
1	4
0	0
0	0
0	0
0	0
0	17
84	85
7	29
2	68
1	43
0	2277
8	2004
4	17
0	57
3	117
70	1998
19	2017
0	0
1	107
4	1368
0	3
4	107
0	1
5	4
48	0
38	8
111	89
1	184
0	14
1	522
0	0
0	2224
6	666
0	886
0	792
0	935
0	820
13	452
0	58
1	47
883	1517
12	1256
0	1411
135	780
0	382
0	9
0	0
0	0
0	9
0	0
0	8
0	0
1587	36
6	35
74	1204
0	552
80	549
0	1
0	219
0	251
0	302
0	175
0	178
2	282
2	69
0	44
0	56
0	0
2	61
0	50
0	1
0	0
0	257
0	206
13	38
0	10
0	15
0	18
0	27
0	12
0	11
0	2
0	0
0	0
0	0
10	378
0	131
4	26
2	336
1	29
0	6
0	153
0	43
1	10
2	7
0	7
0	0
0	0
0	0
0	0
0	0
35	533
4	533
1	743
0	37
0	13
0	26
3	19
2	0
0	34
0	176
1	7
0	592
33	4852
0	2269
0	960
51	3877
3	1161
0	1643
6	1485
0	0
0	7
1	662
0	4852
0	386
105	230
1	185
5	188
0	113
3	0
12	7
13	0
0	0
19	1653
29	1224
32	1005
4	113
2	124
197	262
1	1
27	1
83	125
15	1537
11	2516
6	10
1	322
0	200
0	391
9	152
0	2590
0	347
1	86
0	2625
128	49
0	48
13	5
0	0
0	0
0	0
0	0
0	0
1247	3
521	26
2	2
2	21
213	0
1	0
0	663
36	362
12	65
2	48
3	5
1	46
0	55
0	7
0	663
59	1370
484	1489
6	278
107	420
0	339
26	25
0	25
5	25
2058	1867
22	349
9	231
28	1518
0	54
0	435
0	107
0	446
47	442
1	120
1	317
24	519
2	50
0	244
0	239
0	52
0	249
0	0
0	0
0	0
41	0
0	0
915	243
11	241
122	35
19	53
2	53
2	0
0	0
1	1492
0	394
6	290
0	1492
0	10
2	8
0	8
1	7
5	1
1	0
0	0
0	0
0	0
0	1
2	8
0	8
613	492
3	371
0	420
0	77
10	69
449	2937
0	2813
0	722
17	928
0	1003
0	1035
0	999
0	46
0	311
0	161
24	0
2	0
37	1253
0	7
13	1253
22	1
0	1
0	0
0	0
0	0
0	0
0	0
0	0
0	0
0	0
29	856
2	485
0	756
0	1
0	841
5	395
174	427
4	408
176	2654
7	3053
9	2951
9	42
0	207
4	299
0	0
7	70
0	0
416	874
1	860
0	147
5	874
1	96
1	22
0	106
0	37
0	13
0	1
29	533
116	521
0	193
1334	865
1	855
4	8
135	6254
255	6254
0	24
75	28
0	38
3	60
0	23
0	29
0	29
0	1628
0	2063
1	2805
25	5189
888	5585
15	392
1	2079
73	153
0	153
0	152
2	149
0	79
32	2
160	147
4	73
0	146
34	74
0	8857
15	7894
50	2448
2	1466
6	458
3	501
14	452
361	495
0	0
4	295
41	295
1	28
0	7
0	0
0	0
6	50
0	50
19	0
29	0
22047	22970
36	22329
0	1689
0	2
0	2
0	2
0	2
0	2
0	2
0	2
21	130
9	88
2	88
177	1042
2	1056
2	52
13	0
8	490
1	554
0	494
7	26
0	0
0	1
0	1
146	2440
0	1939
158	503
24	220
0	1
10	185
87	0
458	63
0	5
0	0
0	0
0	0
7	0
0	58
176	919
2	61
0	783
0	20
0	57
0	2
0	2
0	2
0	2
0	0
0	0
0	0
0	0
245	0
0	323
2	324
3	16
0	16
0	10
1	31
0	38
0	24
0	32
1	2
0	4
0	34
0	338
0	330
0	3
0	3
0	3
0	0
0	0
0	0
106	1799
0	1780
5	158
4	1317
0	110
136	912
103	912
18	548
264	76
1	4
1	72
5	1020
7	116
110	1075
1330	1460
7	1056
0	328
3	25
28	360
2	16
1	0
5	0
72	44
877	102
0	44
0	30
9	5
13	53
344	141
1	141
0	103
7	109
108	206
4	1
4	4
6	16
0	65
0	37
1154	1186
8	1180
0	8
0	441
1	6
40	755
15	648
0	542
113	0
0	0
9	325
397	327
0	51
5	23
0	2
3	317
12	1468
19	321
1	1333
8	1431
10	1158
1	0
3	117
4	927
2	99
0	93
0	79
7	499
0	130
3	154
0	0
0	0
0	0
525	1389
0	1389
0	289
0	14
3	1256
0	22
14	0
13	33
3	103
13	1097
1	605
1	1261
0	3
0	3
208	1
91	145
0	145
0	0
0	0
0	0
955	192
1	0
36	170
2	20
30	190
0	645
15	160
9	472
0	526
15	3
0	645
16	93
0	58
0	3
0	6
1	73
327	1
0	0
0	1
0	1
0	0
0	2
0	2
0	1
37	547
11	547
0	3
2	160
0	12
2	45
6	0
8	545
37	560
0	266
11	36
1723	2911
0	5
2	2692
0	181
28	357
22	98
0	217
0	101
0	0
7	0
0	0
0	0
0	0
38	0
72	0
0	0
0	0
0	0
8	25
0	105
49	196
80	127
0	81
2	0
67	2041
0	1840
0	0
6	212
10	103
5	54
4	106
0	37
4	558
15	146
0	96
1	62
0	7
1	337
0	0
0	0
0	0
0	0
0	0
66	1694
8	1585
1	1748
0	6
2	1723
0	75
1	116
6	764
59	770
0	834
19	833
12	658
0	25
0	91
0	0
0	0
0	0
0	0
5	1240
8425	1249
1139	987
0	1212
20	643
0	1055
0	988
19	941
0	680
0	1082
31	723
1	10
194	490
12	446
8	251
50	170
5	109
5	9
85	6843
1	0
202	8049
8	6579
0	7681
4	340
0	1
0	132
0	871
690	871
0	0
0	0
0	0
213	55
0	0
1	6
0	20
0	37
0	0
0	55
0	0
0	0
0	0
0	0
0	0
0	308
20	351
18	374
2	249
1	401
0	145
1320	283
109	1022
204	609
26	895
3	61
22	354
4	440
4	346
40	342
0	7
35	105
5	74
12	66
3	0
0	68
10	41
11	13
56	35
1	24
0	35
6	0
28	77
2	86
0	17
1	126
17	194
8	0
0	94
23	29
2101	2
0	1
0	3
0	0
2	135
3	11
65	131
11	299
0	4547
0	4461
0	4041
0	1
7	15
34	5
0	3069
0	3199
4	4473
9	381
0	2
0	4256
0	4555
32	3702
0	3742
0	3354
7	3858
19	0
0	3340
26	4101
521	543
190	521
24	493
6	0
11	9
98	0
231	0
111	408
5	168
7	92
0	189
22	3
85	3
9	3
0	0
0	80
0	63
0	97
789	920
0	920
5	408
53	1655
1258	1656
0	0
4	236
5	85
0	113
0	13
1	130
0	51
1210	399
2	254
0	55
2	0
0	0
0	0
0	0
17	329
77	731
5	186
7	120
30	430
1	9
0	2
1	46
0	8
0	688
35	397
23	332
1	19
0	84
742	224
0	224
449	230
0	228
0	0
0	0
0	0
0	0
6	2597
59	2286
2	2448
2	1178
49	1039
0	275
0	11
0	119
102	351
1	13
12	346
1	194
0	1
10	13
253	288
765	362
0	230
15	55
4	115
5	606
6	621
82	0
0	4
2	308
0	396
0	24
0	17
1	0
4	25
1	25
2	24
0	3
0	1
0	2
0	0
0	0
0	0
0	0
8	0
61	1
0	0
0	0
0	0
0	0
0	0
0	0
170	851
18	832
2	305
5	1
19	0
347	0
1	0
0	0
0	0
0	0
92	784
1	784
20	106
2	117
16	0
0	0
0	0
0	0
0	0
0	0
0	0
428	153
3	151
0	473
44	490
19	173
5	26
112	452
0	254
15	445
0	159
10	0
33	158
0	195
0	1704
341	1777
0	1065
0	8
5	6
0	1777
16	0
0	68
0	67
0	65
0	33
42	680
1	316
32	554
11	351
24	91
3	0
14	11
69	69
1	17
0	45
0	16
2	16
108	388
25	393
1	18
0	0
11	175
5	5
0	138
1265	5426
0	1274
0	4538
180	4501
0	48
13	1068
1	50
155	427
18	427
1	0
13	2
0	12
1	0
0	0
0	0
3777	8704
16	8555
0	8639
0	8311
0	8277
0	377
6	7797
0	736
0	272
0	543
2	1044
154	1040
0	191
3	35
1	259
0	120
28	7
1425	0
97	47
4	47
14	103
0	315
0	7
0	0
2	19
0	210
0	186
7	171
0	11
0	11
0	0
0	0
0	1
0	2
0	0
0	0
0	0
6	14
8	15
0	15
0	0
0	0
0	0
0	0
0	0
0	0
22	7
0	5
0	4
3	0
96	512
0	407
0	17
0	24
6	0
4	145
4	2
263	334
11	280
10	9
1	45
2	1626
168	2882
6	2
0	73
35	2738
36	161
0	0
0	0
0	0
0	11
0	7
0	9
0	1
0	0
22	0
0	0
3	0
2	2006
86	3142
197	3142
91	251
44	424
14	37
4	38
0	0
0	781
48	3510
28	2599
60	2731
0	1408
7	1529
14	1281
0	1317
27	0
0	24
26	21
0	27
2	25
0	24
161	10
0	0
0	0
45	1089
9784	1689
4	116
7	591
257	26
0	8
0	18
1	0
0	0
944	2813
2	1415
5	160
0	1366
1	13
0	645
0	24
0	0
0	1167
0	2752
114	177
0	94
1	173
0	61
0	0
0	1
0	0
0	0
0	1
0	0
164	319
12	250
0	21
0	8
0	38
1	35
0	1
0	0
5	985
4	915
0	889
0	925
0	239
0	621
0	126
51	702
5	26
0	59
1	0
0	4
0	114
0	94
0	90
0	18
3	2
20	0
0	937
41	769
0	848
21	841
0	142
44	368
0	258
3	511
4	363
3	18
1	0
0	32
0	1
0	937
10	443
0	196
14	471
1	0
3	120
5	0
0	485
41	31
0	1
0	4
0	3
0	10
0	1
0	15
0	4
0	4
0	0
0	0
0	0
15	6854
0	120
20	5939
74	4467
7	827
8	1970
3	0
0	0
500	23
1	0
0	23
143	80
0	50
0	53
1	15
0	5
0	0
0	0
1295	1197
12	357
10	235
0	35
0	68
1	213
0	237
0	615
0	55
63	5
0	5
0	0
0	35
11	37
0	14
1	6
2	231
0	86
0	5
0	23
0	0
2	49
0	103
0	0
1	1
0	2
1	1
2	61
0	90
0	0
5	93
1949	176
57	91
6	85
0	3
0	3
0	1
0	0
320	127
12	125
15	29
3	27
42	427
33	424
100	10
0	4
12	20
2	425
3	87
33	25
0	5
27	297
2	427
52	34
0	34
0	11
0	7
0	0
8	719
249	778
4	344
0	8
1096	1
3	143
42	452
347	804
4	602
1	520
0	0
0	0
0	0
0	0
2	18
256	60
0	1
0	1
0	1
0	1
0	1
0	0
0	2
0	1
0	42
0	0
2	43
0	0
0	0
0	0
0	0
0	0
0	0
0	0
0	1
0	9
0	0
0	8
0	0
0	1
0	0
0	5
0	0
0	8
1	953
7	87
0	904
11	931
0	972
0	42
0	9
0	65
17	177
4	83
3	63
0	139
6	257
10	234
8	227
0	1
0	1
0	4
0	2
0	43
0	13
0	2
148	1887
233	2337
171	2501
131	2322
44	8
0	107
168	124
0	57
0	90
0	0
0	10
0	0
0	0
0	0
312	421
0	403
10	287
6	1
0	1
1	340
126	545
10	118
4	169
0	19
0	37
0	50
10	36
0	29
0	14
0	102
0	0
9	15
3	102
1	0
0	0
0	37
9	75
0	509
38	525
3	352
21	204
2	5
203	120
1	0
249	930
0	1016
4	230
10	491
0	0
2	141
14	83
0	0
693	115
7	115
0	9
1	1
0	8
0	1924
1445	642
0	366
0	276
3	4
0	14
0	27
2	0
3	12
0	5
0	14
0	9
0	0
0	0
0	0
0	0
3	0
0	640
1	474
0	644
1	135
0	468
7	115
0	115
13	2535
203	2727
26	527
0	455
0	0
0	0
2	0
0	0
0	1
0	1
0	58
0	55
0	88
3	70
0	39
2	60
0	33
0	19
2	18
0	6
0	0
0	0
58	27
0	6
6	2
4	3
13	11
0	0
0	0
0	0
0	0
1162	92
0	63
0	28
12	6
10	17
2	121
1	345
9	81
0	77
9	56
1	325
0	132
0	324
4	351
3	1
0	0
0	0
0	1
0	0
0	0
10	0
0	0
0	0
0	0
0	0
0	0
0	0
0	25
0	0
0	10
4	157
0	101
2	38
0	34
0	0
6	123
6	2
5	27
6	5
0	5
0	0
0	23
0	1
0	18
0	0
0	0
0	0
0	0
0	0
0	0
0	0
0	0
0	0
0	0
0	0
0	0
0	0
0	0
15401	4850
6	2278
1	1888
0	5
0	112
3	609
31	25
5	2
1	1810
3	820
11	103
5	176
13	155
20	110
0	41
1951	743
1	4
0	107
0	632
36	20
0	11
0	11
228	884
0	884
4	317
4	61
0	66
1	14
2	65
2	18
0	0
1	0
0	851
80	292
21	512
29	504
743	241
0	156
1	123
36	193
7	56
0	0
0	0
0	0
806	543
99	543
430	0
405	77
11	87
1	11
0	7
0	13
1	6
0	6
0	7
0	129
0	69
1034	336
4	334
1515	0
603	1
1	0
439	961
30	164
2	129
3	286
0	24
0	490
0	0
0	746
0	1
0	0
0	10
0	5
4	12
0	1
0	0
4	0
0	0
0	0
0	0
0	0
15	133
0	72
1	658
0	647
0	36
0	43
7	8
4	0
2	650
42	5
1379	461
42	459
0	68
540	1787
11	1894
0	435
0	509
7	3
1	7
1	296
3	237
0	267
0	212
2	111
148	147
310	4761
89	4676
296	797
1	241
4	287
19	394
12	3
0	663
0	64
4	20
4	592
0	6
1	128
0	5
0	104
1841	90
5	57
10	11
15	5
3	1
6	16
0	41
0	0
0	0
0	13
2	13
1	13
0	1
0	1
0	1
0	1
11	9
0	9
11	2553
14	2462
1	529
0	141
0	0
0	0
0	0
0	0
0	0
0	0
51	20
1	6
1	1
1	13
9	191
2	155
0	197
1	15
6	1
1	6
0	17
5	1042
312	1042
0	68
0	83
0	0
0	0
0	0
0	0
28	286
43	308
5	308
0	8
229	0
168	168
27	24
1	144
5	1747
0	1541
1	1750
3	711
29	1747
307	1542
0	1541
6	0
7962	999
1	106
1	130
0	4
5	37
1	863
0	340
0	0
0	340
1907	1580
0	1295
6	1447
6	0
48	344
3	10
28	313
0	24
4	22
0	0
3	289
2	241
10	88
16	133
1	113
0	0
0	0
24	165
36	27
5	22
2	786
0	1358
53	1318
9	19
0	32
1	97
63	59
27	49
5	55
9	157
12	6
0	0
0	0
0	0
89	2487
7	2485
154	2206
27	1933
68	2555
217	501
114	430
2	0
61	3
1	260
0	429
1	4
25	0
0	0
0	0
241	62
0	22
0	14
0	8
8	15
0	26
0	0
0	0
0	0
134	0
226	396
0	0
0	396
2	36
17	120
15	120
0	120
9	0
5	21
6	18
46	23
0	23
0	0
0	0
0	0
0	0
0	0
70	1653
17	13
2	89
0	0
42	306
0	1030
0	0
1	0
0	0
5	221
0	0
12	65
4	0
3	203
1	39
14	65
0	0
0	0
0	0
75	0
0	0
0	0
0	0
0	0
88	0
0	4027
0	4306
7	4359
0	4026
19	4518
0	4239
13	3850
3	39
10	3886
0	70
0	106
34	608
5	3
0	19
3	60
0	637
0	565
0	539
0	524
5	13
0	0
2	13
1571	174
3	2
7	173
0	0
110	166
0	88
24	95
3	2311
0	329
0	537
0	344
0	751
2	9
0	2269
628	1418
3	16
0	301
3	17
7	70
46	389
1	115
0	614
0	5
6	11
0	519
0	55
6	153
0	79
0	75
0	519
0	2
0	0
0	0
0	0
1973	477
1	283
0	220
0	492
4	1761
315	210
5	140
0	80
0	7
26	0
167	635
1	1152
21	1148
4	1620
6	1629
0	1023
0	526
127	609
0	1862
2	222
0	221
2	222
3	80
0	13
1	21
687	539
33	29
0	0
0	109
9	38
8	163
0	388
9	4
17	358
0	346
0	16
0	19
0	1
0	16
0	0
4	39
0	27
3455	4059
0	830
0	3571
0	260
0	79
0	0
0	0
1	0
495	422
0	421
42	141
9	130
9	113
0	0
0	2
1	2
0	0
0	0
0	0
0	0
0	0
0	0
296	0
12	0
0	0
0	0
0	0
0	0
0	2
1	2
0	2
0	0
0	0
3	16
0	14
0	8
0	6
204	777
5	224
2	0
1	109
21	232
15	2
0	0
0	0
0	0
0	0
0	0
0	0
0	0
25	486
11	486
0	167
2	346
0	102
0	346
31	1
0	0
0	1
0	1
0	1
0	0
0	1
0	1
0	1
0	1
0	0
5	9
21	9
75	55
16	55
0	21
0	173
11	206
7	144
125	198
0	15
0	13
3	23
0	11
5	33
30	74
7	24
6	1
15	12
1	20
2388	0
0	0
2266	3
0	343
6	209
476	384
2	383
0	311
0	1
0	0
0	9
0	22
0	22
1	10
0	1
0	7
0	0
0	0
0	0
2122	3
378	197
1	74
18	101
8	97
9	0
0	0
1	38
0	3
0	38
0	0
0	7
0	0
0	0
0	0
0	0
3	241
0	119
0	113
0	112
1	180
1	210
7	0
0	70
1	58
6	42
0	33
0	33
0	25
0	34
2	32
0	4
0	3
0	4
0	4
0	3
0	3
0	0
0	1
0	1
0	1
21	5
11	91
0	75
2	22
0	12
5	123
0	123
0	0
0	0
0	0
0	3
0	74
0	0
4	1
2035	1622
35	1544
2	345
4	218
0	868
44	1544
1	1610
57	1546
1	157
93	0
7	103
4	99
15	1
0	52
0	2350
1	1764
0	697
2299	952
3	4
0	563
393	1410
0	1265
1	5
2	125
3	137
100	697
4	473
0	668
4	24
0	76
0	69
0	44
8097	330
0	0
0	0
0	0
0	0
0	0
17	233
9	7
1	193
3	174
1	62
0	104
0	50
0	51
3	10
2	1819
2912	1934
0	242
39	1596
1	949
0	0
312	703
10	356
23	159
23	68
0	39
175	142
0	111
1	319
0	0
0	2
0	0
0	0
0	2
0	810
0	834
5	890
28	305
2	722
0	763
0	857
3	821
0	777
97	872
4	387
0	71
13	138
5	838
0	960
2	871
0	483
0	56
1	0
0	24
0	116
0	105
0	143
2	116
6	1
1	2
4	8
0	18
0	25
3	760
332	341
1	38
2	341
0	57
80	47
0	0
0	0
0	0
431	4544
2	3875
3	14
14	946
19	483
8	375
3	4556
0	0
0	0
0	0
0	0
95	0
4	0
0	0
834	613
1	0
6	83
31	526
3	117
4	462
0	15
0	15
11	337
0	2
0	1
1	272
4	78
378	3523
18	3445
1090	1
7	186
1414	187
0	30
0	272
4	48
0	79
0	307
13	122
0	302
0	3
0	5
6	184
0	278
0	302
0	314
423	1222
1	43
11	47
9	1228
4	154
1	0
160	346
0	66
0	29
11	1062
0	17
25	479
74	1102
27	95
8	265
28	48
0	0
0	0
0	0
0	6
11	217
62	91
6	38
0	96
3	84
57	260
0	36
27	86
3	98
0	82
470	238
0	42
0	0
0	0
0	0
0	0
0	0
0	0
0	0
0	0
0	0
0	2450
320	1704
101	4563
3	938
0	3067
0	1932
0	0
10	381
84	2735
24	4612
141	0
0	0
0	0
0	0
65	780
37	616
9	2
0	653
1	156
1	35
2	10
4	751
20	753
20	78
3	9
1	2
0	10
0	2
0	59
1	1
0	2
0	1
4	1
1	12
10	12
4	0
0	0
0	0
82	1018
34	591
33	486
7	102
0	17
0	1
0	6
0	72
5	45
5	144
25	82
0	2
1	0
1	566
8	303
0	139
0	155
0	30
5	63
0	14
0	2
4	56
0	25
1	6
0	3
0	2
0	559
60	6
1	0
1	6
1	21
0	16
0	3
0	11
0	5
0	7
0	5
0	11
0	6
0	0
10	0
0	0
0	0
176	24
12	24
14	1270
9	1261
0	1215
7	1236
6	1214
30	1236
1	3
0	17
4	121
9	13
480	90
1	89
0	0
6	10
0	0
0	0
0	0
49	0
1	0
0	352
52	389
0	259
8	11
1	41
2	27
1	0
1	0
5	2118
0	129
0	71
0	22
63	1976
0	617
4	1352
0	156
0	18
1	37
15	9
0	512
4	32
0	130
107	2609
223	2413
124	2342
32	51
1	211
5	375
4	131
2	77
0	78
0	24
6	2
340	7
6	5
2384	0
48	1722
100	1722
1259	185
1	114
11	170
1	7
0	1233
0	1058
1	1070
44	1057
0	917
1	663
10	669
0	855
2	180
0	690
0	545
0	418
0	512
90	450
0	333
0	289
0	115
0	39
12	223
0	195
0	10
0	1273
85	557
1	0
534	2539
0	2094
45	2053
3	267
9	59
4	20
31	2
23	246
0	18
0	76
0	0
0	68
0	2
0	234
0	234
0	911
0	752
333	1222
1	1227
91	363
42	114
22	86
32	0
6	115
189	93
11	78
0	16
0	2
1535	214
0	195
0	120
1	0
0	6
0	11
0	11
0	11
0	0
127	235
23	251
30	222
24	136
1	55
1	106
2	102
0	0
0	21
9	14
3	1077
2	3
1	47
1	306
0	985
1	907
2	812
56	116
0	115
0	8
7	46
0	98
0	970
0	201
0	848
0	728
3	147
0	174
0	103
0	848
0	761
21	6606
1	297
5	6234
0	6684
25	181
96	45
8	496
7	204
0	6581
2	18
0	498
0	498
0	18
0	55
0	498
0	55
8	495
190	559
1	74
0	324
1	60
0	42
0	0
0	0
0	0
0	8
0	8
0	0
0	8
0	6
161	194
446	198
0	0
54	165
71	165
3	1
0	13
0	662
5	19
0	151
4	119
1	210
9	24
0	1
5	0
1	29
0	662
0	0
0	55
13	86
7	50
5	6
4	5
0	0
5	22
1	37
57	63
1598	69
5	7
698	419
9	320
2	167
1	24
0	62
40	1875
0	61
2	4
0	553
0	1645
1	228
0	638
1	1
3	188
5	3
1	42
5	167
18	1
0	414
551	86
0	10
0	21
0	46
2	0
5	23
4	2335
0	2407
0	25
13	644
3	3
576	415
0	366
0	411
10	53
0	4
0	18
0	83
4	4
0	276
0	259
3	217
0	235
0	234
1	154
2	40
3	25
0	17
0	273
25	0
25	695
0	1252
281	752
0	269
22	233
26	320
146	266
17	1112
3	188
3	314
0	95
6	97
40	3
0	1
0	2
10	1831
0	1943
8	62
2	4
37	65
96	699
9	507
64	492
42	455
1	343
0	112
0	0
11	0
1	0
0	825
7	907
0	255
0	46
0	61
0	861
3	0
16	143
0	79
5	138
3916	3
0	0
1173	89
3	31
2	0
0	0
8	0
4	58
0	0
0	0
0	0
17	3094
2	0
1	2939
16	1665
7	1609
3	2873
2	2709
0	9
1	4
21	269
0	30
6	458
0	0
0	0
748	874
0	911
0	322
0	882
1	999
0	1016
5	387
0	0
6	0
0	1
144	1
0	0
0	0
0	0
1869	2
0	0
0	0
0	0
0	0
0	0
0	0
1455	465
0	0
1	41
0	96
0	407
14	48
0	3
2595	2202
0	2197
28	3392
110	3454
0	171
2	121
5	9
6	10
0	279
49	57
0	4
2	12
1	63
4	6
264	1825
24	1738
0	253
16	2
54	361
9	292
1	90
36	53
41	2508
1	35
176	2294
9	795
0	883
0	2313
0	2513
0	2536
0	10547
12	8260
9	746
1092	9601
13	10392
12	9676
227	10383
50	441
20	618
186	46
2	10
2	37
1	0
445	859
2	400
3	697
260	821
9	694
0	67
3	243
0	40
16	0
1	27
1513	2531
8	2547
217	293
8	2047
0	0
0	0
0	0
0	0
49	0
0	0
0	1
26	0
0	22
1	126
8	40
0	34
51	857
2	106
45	855
1	26
17	77
0	118
0	59
0	61
1	27
0	26
0	2
0	3
178	200
2	95
0	0
0	0
0	0
0	0
81	0
0	0
26	0
0	1651
0	1212
0	1069
0	166
1	0
0	0
0	0
60	5948
3	744
1	5753
35	1722
1	241
151	5613
4	5555
1	203
0	5068
0	579
1	4246
15	4987
35	349
0	3123
107	6
1	8
9	249
0	5579
0	3
0	2
0	2
0	1
24	1709
22	1111
22	282
1	94
11	11
383	1736
0	0
0	0
2	16
240	2886
4	460
3	2791
2616	2
1	6
14	6
0	1
5	180
0	72
17	145
0	154
0	91
0	115
0	93
11	0
0	104
0	0
0	0
0	0
0	0
733	84
3	40
0	44
38	1022
0	783
0	713
1	720
0	32
3	703
0	632
0	820
0	18
14	708
0	23
2	15
0	24
0	140
0	488
0	1
0	0
0	420
3	79
0	16
0	0
0	0
0	0
0	0
6	759
135	1156
8	844
2	548
9	0
1	3
0	112
38	272
0	122
5	220
2	176
3	0
767	509
1	441
1	456
0	61
0	418
30	34
157	9
0	0
3	55
5	2973
3660	3336
0	2727
10	2387
0	1040
34	6472
525	6527
0	0
0	7
0	6
0	7
0	0
0	0
0	0
70	248
12	44
0	16
3	0
11	5
0	41
3	191
22	31
1026	1327
13	663
0	1028
0	1228
8	244
1	8
0	1128
1405	200
0	2
0	1
0	200
0	8
0	5
0	4
0	7
0	4
0	0
0	3
0	3
0	2
0	4
0	4
0	0
9	0
406	1014
32	1034
0	404
8	72
0	25
0	176
11	1
0	226
0	21
2	21
20	273
0	324
3	238
2998	27
0	22
483	0
0	0
280	71
2	46
1	6
11	38
0	3
3	0
0	591
0	1107
0	69
1138	1225
18	42
1	36
1	15
0	5
3	30
2	693
35	44
0	31
0	10
0	4
0	0
0	0
555	368
333	366
0	1
1	0
1	10
0	2
0	10
0	0
0	0
0	0
0	0
48	869
4	43
0	83
59	845
51	57
2	50
8	37
0	1
1	18
1018	2581
8	2177
127	2337
2	4
15	0
1	264
10	261
1	31
1	498
0	265
0	494
3	2112
2	0
4	0
5	2143
0	690
0	267
20	253
2	11
82	302
0	276
13	6
2768	1187
34	123
5	1
1	123
44	359
3	359
44	106
6	106
0	16
266	40
16	40
0	0
0	0
0	0
0	0
0	0
0	0
0	0
2	363
1	328
0	277
0	16
32	466
0	64
16	443
20	1778
2	1778
139	1610
0	0
0	0
583	457
5	462
0	67
0	8
15	180
4	4
24	19
911	1
0	0
276	1
0	9
0	7
0	0
0	0
0	5
25	1448
62	1489
0	113
3	53
20	95
5	115
60	688
23	2434
0	2525
47	1796
15	63
16	511
0	212
63	84
7	311
0	296
3	80
3	111
0	2339
0	564
4	112
1	7
3	6
0	4
839	565
374	20
85	65
2	38
7	7
227	1480
0	421
6	44
0	45
0	216
2	142
0	9
0	37
18	3
0	166
0	963
0	202
0	2
0	2
0	2
9645	18569
1	18562
863	18409
1	174
1150	296
0	115
50	47
0	0
0	0
28	78
7	61
1	0
0	16
2	19
32	1277
0	1335
0	1399
0	1321
29	44
0	24
43	547
0	125
1	35
4	7
2	7
0	0
0	0
0	136
0	0
0	0
0	56
1	2
0	1
4	0
0	136
1082	198
0	77
0	82
9	3
1	67
0	18
0	28
1	67
0	21
2	22
2	33
0	18
7	20
0	24
0	3
487	0
0	436
0	425
21	413
3	243
0	302
4	79
0	21
3	26
2	261
0	136
2	0
0	3
0	40
198	39
3686	234
4	6
12	166
4	181
263	56
5	54
34	194
10	171
3	5
8	116
47	24
0	86
2	5
0	83
0	28
2	78
0	180
5	1
0	53
0	51
0	22
0	1
4	44
0	40
4	0
616	9
1	9
283	96
1	96
5	0
0	0
0	0
227	655
0	640
0	2
2	42
0	17
31	1318
0	1484
81	1490
3	1345
0	118
0	150
8	305
0	487
0	13
0	0
22	471
41	471
0	38
4	0
5	92
1	79
0	8
2	16
0	13
0	13
0	14
0	2
0	4
0	1
0	0
0	0
0	0
967	303
0	157
0	126
1	4
0	20
0	0
0	0
5	2
1	2
0	2
2	0
0	0
0	0
0	1790
65	2268
0	2424
14	2265
96	5
103	141
10	71
17	714
30	479
1	0
103	0
0	1
1	8
2	8
2	0
0	32
8	19
0	16
0	0
0	0
0	0
2926	1056
0	90
7	191
12	473
2	486
1	0
0	25
7	0
0	178
1	409
0	380
0	145
5	177
2	10
1	3
9	285
0	1
1	1
10	0
9	72
433	88
5	58
0	86
0	68
0	71
0	9
83	43
2	38
8	32
0	26
0	34
0	1
0	1
1	5
0	2
15	187
0	93
3	96
893	97
794	1714
9	515
5	1245
16	25
0	13
0	749
1	1822
307	1822
23	338
31	0
0	0
0	0
0	0
0	0
0	0
0	0
0	14
0	20
0	8
0	6
19	87
3	87
0	1
0	1
48	271
0	13
0	12
3	17
48	4
0	34
1	22
8	231
31	40
0	2551
35	794
6	2813
30	2810
0	24
0	66
0	4
0	4
0	4
8	354
0	248
384	976
5	216
12	20
2	148
0	113
3	58
46	75
0	9
22	137
0	262
2	4
494	1391
0	29
0	0
0	1
3	179
4	123
4	29
7	0
831	210
25	1386
34	1383
5	4
0	0
0	0
0	184
3	48
0	153
1	48
23	99
14	69
3	8
5	146
0	113
192	280
11	521
78	678
0	782
9	99
0	10
0	13
2	14
12	0
3	0
1	536
0	848
23	62
0	0
2	57
0	45
2	597
120	530
0	695
641	1
61	1
1702	136
0	0
0	0
0	0
0	0
0	0
0	0
30	1374
3	1291
6	0
144	1298
16	63
2	69
1	652
0	1523
1	1438
1	0
0	0
33	122
18	10
0	416
893	418
2	0
40	231
39	231
8	1285
0	1286
4	89
5	315
50	348
4	1198
0	66
89	1338
105	1469
0	1528
0	841
0	32
0	125
1	10
0	3
143	7
0	4
0	166
120	166
0	0
0	0
243	605
0	605
1	0
6	0
0	38
4	41
1	65
2	2
0	711
0	71
1	64
0	9
3	751
0	596
55	754
1	1
0	0
0	1
0	0
6	2828
30	109
1	1338
11	0
22	28
0	3
11	120
20	39
30	374
2	2624
40	214
0	368
0	449
0	312
9	14
634	1
0	6
0	12
8	48
1	37
2	24
0	6
47	78
9	58
0	31
0	5
0	27
0	0
0	1
0	0
0	0
0	0
19	1
0	1
0	1
311	316
294	314
0	0
0	0
0	0
0	0
0	0
0	0
0	26
0	26
134	14
0	0
0	0
0	0
10	142
1376	1051
0	656
2	985
0	31
0	22
5	0
677	19
2	19
93	2763
57	2746
11	188
0	7
28	169
575	0
29	14
7	14
0	3
0	0
0	0
1	3052
1120	5382
0	968
17	4719
6	4223
1	25
0	125
75	330
0	379
22	386
5	413
0	52
8	85
0	0
0	2
0	0
4	0
10	0
0	0
0	0
0	0
0	0
1700	2
0	591
1	661
29	585
2	48
0	137
0	74
3	0
0	41
6	10
0	0
0	0
0	0
0	0
0	68
69	68
2	1828
0	1712
3	1490
0	424
4	184
0	184
4	1393
79	93
1	179
67	960
0	163
9	3
0	1
0	1
0	1
0	0
0	0
9	3
1	3
0	1
0	0
0	0
3324	119
0	114
2	0
541	22
8	22
37	2300
0	2190
1	262
5	661
147	1672
3	352
2	209
0	60
0	291
0	9
0	222
9	918
0	51
0	134
1	220
0	651
1	2
1	4
2	152
2	0
9	802
3	611
70	696
0	286
22	72
1	257
0	204
0	20
0	702
318	120
858	220
11	81
0	140
208	1
0	37
0	40
0	2
0	3
0	2
0	0
0	2
0	0
6	875
0	1297
91	1330
4	182
0	88
0	457
0	29
42	26
9	70
0	10
241	12
0	12
0	0
46	2569
0	2641
13	2217
0	567
2	1
0	823
2	98
18	971
2	51
7	937
0	202
1	501
2	95
0	553
107	283
321	1227
15	212
0	199
2	176
0	0
251	598
47	216
1	0
0	381
15	32
0	452
80	376
0	190
23	7
18	77
4	149
0	4
1	82
3808	1067
5	914
6	782
1	152
0	80
5	52
0	21
0	0
14	0
38	38
0	38
0	12
0	0
0	8
0	0
1	51
0	0
0	8
0	1
0	3
0	3
0	13
0	1908
2	1927
2	1953
0	2064
42	949
1	1365
0	1032
8	99
3	128
133	417
0	123
0	18
4	124
0	3
4	33
6	22
0	0
4	0
18	194
0	180
2	0
9	162
5	112
4	123
16	25
0	1
0	1
18	564
66	548
7	425
7	16
2	4
0	1
65	151
0	149
14	102
14	42
0	30
0	78
0	18
4	78
0	1
3	20
0	19
0	93
0	1348
57	1624
21	363
26	749
1	7
5	629
33	648
31	153
10	39
2	30
26	3
11	25
6	8
10	101
66	101
0	45
1	0
2060	122
8	121
0	0
6	2620
69	2299
13	1914
27	2003
44	2300
0	17
8	255
0	2167
0	2
0	1
1	2
1484	300
78	299
4	6
0	2
0	16
0	14
1	11
1	0
0	0
0	0
2	78
6	80
0	68
0	93
6	33
0	0
536	681
8	681
0	92
0	0
5	0
9	2317
0	3691
1	530
0	2308
10	1917
40	921
0	284
10	10
0	3706
0	3666
13	3632
0	0
0	2
0	2
0	0
0	0
2	18
0	0
0	5
1	15
0	5
3	1295
6	92
0	1004
1	76
0	248
3	284
0	87
119	240
23	17
8	184
0	10
0	0
8	59
1	53
0	113
0	93
0	113
3	23
0	47
2	4
0	119
25	0
288	3
3	3
0	0
0	0
716	430
0	424
2	5
0	5
2	29
0	360
0	339
0	6
0	0
0	0
0	0
0	0
18	128
2	128
3	0
1	16
646	0
2080	45
7	43
0	0
0	0
0	0
1	298
9	653
4	650
0	4
4	54
2	69
6	1
5	63
0	63
1	27
0	3
4	1
0	63
0	0
27	30
10	30
9	283
5	284
0	79
10	131
76	3677
299	3737
0	3197
0	3133
5	3370
27	3210
0	3611
11	255
0	794
0	0
12	319
1	50
0	1034
16	502
203	1916
37	1055
1	423
9	547
2	70
15	70
0	13
1	11
0	0
443	872
0	696
1	94
0	92
0	7
13	40
9	168
0	5
1	5
2	4
1	5
0	1
0	2
0	4
0	4
0	3
0	4
0	4
1	4
0	4
0	4
0	1
0	0
352	131
0	131
0	614
0	615
87	615
2	81
4	81
1	2
2	0
0	1
3	5
24	5
145	24
0	21
0	3
4146	3
0	22
0	14
0	11
451	111
0	54
0	2
5	29
6	26
422	333
4	1
7	333
0	1
0	0
0	0
0	1
54	88
7	86
2	2
1	217
0	0
0	686
0	676
0	683
2	269
1	0
2	0
0	0
0	0
2	0
0	274
40	157
1	743
0	30
4	22
0	50
4	243
0	105
2	39
0	684
3	51
4	51
0	1
0	0
5	2
0	36
0	2
8	19
150	38
1751	279
89	278
4	0
3	11
44	11
1	0
212	199
0	199
0	641
0	583
0	298
11	61
0	61
1	61
7	108
0	690
12	1037
1	972
0	635
1	498
0	396
12	286
0	28
0	21
0	55
0	0
0	0
1	0
0	0
0	38
36	930
2	50
66	179
0	46
4	178
11	0
0	20
1	3
0	31
101	0
1	8
9	22
21	32
0	2
0	17
0	0
0	15
0	11
0	8
0	0
0	0
8	0
1074	436
14	454
0	0
28	135
42	342
1	59
255	75
11	73
1	2
0	2
0	1
0	1
0	2
157	642
13	642
1	0
2	0
1	10
0	10
0	4
0	1
0	0
0	1
886	1153
0	738
5	0
0	414
0	0
30	2
14	170
4	1
1	217
0	3
1	0
0	5
3	117
2	2
2	45
1	34
0	68
2	112
0	67
4	116
0	6
0	7
0	0
0	8
0	0
0	0
0	373
4	81
0	225
0	178
0	19
0	32
0	22
1	200
21	366
0	16
0	70
6	353
74	394
13	210
0	12
1	65
2	42
14	371
0	8
6	16
9	61
0	374
0	0
602	40
0	0
0	0
0	0
0	0
0	0
0	0
1894	5
2	0
0	0
0	0
0	0
0	0
0	0
0	0
1001	264
62	70
7	194
17	0
0	82
0	0
0	0
0	0
0	0
0	0
370	1421
0	1421
22	40
0	207
1	188
49	28
244	262
37	43
10	219
0	9
0	170
1	11
0	11
0	0
0	0
0	0
6	4
18	194
0	191
0	115
0	157
0	109
1	2
6	3
3	4
36	81
1	4
561	1101
6	92
0	260
47	805
1	0
3	231
0	75
0	167
97	405
1	140
14	395
0	26
3	1
0	0
1	0
59	90
0	0
13	90
0	7
1	5
1	0
3	13
473	102
1	94
0	36
0	16
1317	10
0	10
18	836
2	4
0	110
49	663
15	746
3	135
0	360
1	196
0	132
2	40
0	10
0	7
0	35
0	195
812	32867
22	8711
4	23365
0	29474
4584	32220
0	29417
0	31414
2	4556
0	960
1	16530
3	491
411	197
2	95
0	12
0	15
0	9
0	12
0	5
0	0
0	179
80	0
113	43
1629	872
6	29
0	481
2	1219
10	0
65	607
1	118
0	43
3	609
38	2398
83	2398
2	200
0	34
4	0
0	85
2	0
0	0
53	1085
0	454
2	1086
4173	1931
16	1790
8	55
5	216
8	1
6	11
0	154
0	250
6	278
215	416
45	538
45	498
0	273
1	55
0	126
0	1
218	503
2	467
4	372
1	49
0	29
2	12
1	12
0	0
0	0
0	1
0	1
0	1
2	1
0	0
0	0
786	340
8	69
10	106
5	6
2	3
0	0
0	0
0	0
0	0
1039	177
14	4
15	141
0	88
9	388
0	436
0	405
0	399
0	121
4	48
4	97
2	8
0	0
2	7
3114	16387
3	2003
4	16256
0	16252
40	386
3	97
2	89
71	451
0	162
1	3
0	0
0	21
9	21
1	95
0	5823
24	3491
0	79
21	5823
0	3920
178	1130
12	984
5	322
5	62
126	1560
0	1278
1	1162
1	1452
52	1007
325	11
0	0
0	0
0	0
0	0
0	0
0	586
17	23
0	13
0	172
3	4
0	4
0	6
0	583
355	261
0	226
0	217
828	190
45	118
0	193
289	3563
9	2643
13	1419
3	1060
0	550
0	77
10	12
0	0
0	0
0	0
6	397
32	540
0	518
1	188
2	147
32	14
27	27
3	27
0	0
21	1
0	0
0	0
0	0
0	1
0	0
1074	25
13	7
7	31
2	0
16	761
29	845
0	72
0	401
0	319
9	68
1	15
2	5
1	27
0	0
0	0
0	0
0	0
0	0
0	0
0	0
0	0
367	1
27	0
76	69
4	11
30	58
2	0
116	0
10	33
28	29
0	0
0	25
0	0
1	2
0	4
189	0
7	0
60	1601
2	1573
1	358
11	189
5	118
4	30
0	2
47	2721
398	2680
5	1693
86	1468
1	341
35	302
16	404
15	446
1	105
0	200
91	311
8	54
41	205
742	1
2	0
2	0
8	125
0	0
456	125
10	363
0	407
0	68
2	70
250	68
2	0
4	40
0	21
0	18
1	0
1	0
0	0
0	459
1	217
2	464
14	323
1	36
5	480
0	2
0	0
0	2
0	70
6	0
0	75
3	5
0	0
0	0
0	0
0	0
1	0
2396	685
18	646
4	0
65	0
18	1846
3	1773
2	51
422	1934
0	1829
0	1053
16	652
15	71
7	25
1	125
16	4
69	84
2	0
122	0
5	1589
3	1587
10	1525
0	1675
1	1723
2	385
1	1
1	71
0	0
0	0
66	214
62	203
1	36
8	12
0	13
5	45
0	3
1	35
353	130
0	56
5	85
3	24
12	23
4	1
1	8
27	0
0	0
11	181
3	209
0	210
34	482
0	65
5	291
18	171
2	270
13	257
864	3044
293	2880
48	548
28	1038
71	540
0	31
66	650
3205	537
4	87
15	87
0	268
6	178
1	59
14	65
0	1392
0	253
0	1301
8	1247
67	986
82	365
0	312
0	132
0	1580
0	68
773	136
1	0
0	34
0	87
1070	740
68	315
8	426
5	407
0	148
16	734
0	197
17	360
8	33
0	3
0	3
1	1
0	0
4	5207
0	1900
0	2430
0	1868
0	288
0	242
0	328
93	15
3	1
56	1333
0	5291
58	1069
72	1126
0	58
5	819
0	694
3	140
0	165
13	1
3	366
3	364
909	96
8	96
9	0
38	165
0	10
0	165
762	615
1	178
16	336
7	48
0	42
0	34
0	4
1	0
0	28
919	5185
67	4162
246	4577
0	4166
5	10
264	2551
0	1134
0	322
11	1
0	5
1	49
2	45
0	3
0	17
0	9
50	11
0	0
0	0
0	0
0	0
0	23
0	21
0	26
0	0
0	10
0	5
81	839
5	886
0	4
1	496
31	302
8	94
0	194
3	847
37	496
27	335
59	1170
0	5018
1	9
7	129
0	4155
0	148
0	3328
3	1709
1	287
0	23
5	6
23	4795
0	4932
0	24
0	22
0	24
0	20
0	1
0	0
0	1
0	1
0	1
0	1340
12	1217
399	1386
3	0
13	38
0	19
0	23
1	67
2	48
4	158
0	51
1013	15
2	15
28	2662
0	2396
0	0
1	523
8	142
32	2444
58	96
1	18
0	78
16	18
0	6
1	1
0	0
3	520
1344	569
0	0
0	67
0	0
0	0
0	0
0	2642
0	2326
0	2633
128	865
2	1542
0	156
0	2806
0	2761
0	2667
0	2458
0	2642
8	573
7	102
16	167
208	573
1	19
0	18
1	6
2	1
0	1
0	0
0	1
185	0
811	687
0	791
0	15
0	156
0	327
0	59
0	351
276	0
158	1252
16	1094
4	0
0	34
10	158
7	141
0	31
16	59
0	6
0	2
52	13
20	1352
0	1382
0	53
0	63
0	638
0	0
0	0
0	0
0	0
221	1
45	0
15	3176
490	2551
0	2547
15	104
3	31
33	61
0	0
0	3120
1	10
1	35
125	146
0	33
4	27
0	30
0	64
0	37
0	55
0	2
0	453
40	468
0	15
0	60
0	0
0	502
29	242
2	2
6	25
0	240
1532	121
0	26
0	52
1	89
0	0
0	0
0	0
0	0
0	0
0	0
5	57
3	5
0	3
0	16
0	57
0	46
0	16
0	0
0	9
1	2
0	21
0	14
0	11
0	23
0	5
0	6
0	13
0	57
13	1332
1	1331
0	1304
49	338
21	175
1	1
30	14
0	162
20	108
0	1041
160	1333
402	3654
0	1615
110	529
76	3844
55	1233
12	662
17	935
116	2125
29	1318
10	2130
4	611
0	422
0	70
0	94
0	61
0	611
413	167
0	90
0	45
8	0
2	42
7	377
0	20
1	201
12	12
3	130
0	135
0	10
0	3
0	0
1	164
0	0
3	2
0	0
0	1
112	27
4	1
0	0
0	16
0	0
0	9
0	1
0	0
0	0
11	549
0	11
20	438
0	435
126	538
4	751
65	749
0	19
1	73
0	21
266	1599
113	1599
0	803
0	8
11	7
0	7
42	34
0	1
0	34
0	0
0	0
0	0
72	630
1	630
2	92
0	0
0	0
0	0
50	400
6	21
4	44
5	159
6	350
3	389
0	9
0	2
0	1271
2	398
0	849
20	125
0	193
1	28
0	8
1	0
0	1307
0	0
1	284
13	284
75	6650
25	544
3	475
0	591
1	44
0	173
2	200
4	6598
61	3509
5	480
0	384
0	291
13	0
0	3481
14	447
1169	492
27	6
8	368
0	161
47	161
1	16
19	23
6	33
0	9
1	0
0	0
0	0
251	1188
0	1187
2	176
0	8
15	0
9	20
1	20
0	0
0	0
0	0
412	373
4	373
0	77
1	6
0	0
181	1404
10	1351
0	14
0	19
3	8
0	52
3	21
0	71
2	22
0	0
849	809
2	808
6	471
2	649
0	1
0	420
0	9
8	560
0	234
3	32
0	2
4	5821
17	707
2	660
31	315
1	55
1	301
0	4
0	0
0	0
0	0
834	303
0	303
0	0
1	0
0	0
0	6
0	0
3	15
3	23
0	23
78	1560
175	311
8	311
0	21
2	754
0	752
43	735
1	7
16	11
206	576
0	0
9	0
0	565
1	4
0	4
0	1
0	1
0	1
0	1
0	0
0	0
0	0
0	0
25	22
0	22
0	13
0	5
0	4
1141	10380
44	10449
4	3890
0	1426
3	1122
0	45
7	14
11	127
1	407
1124	1
0	1
0	0
0	1
0	1
0	1
0	0
0	1
0	0
0	49
7	17
1	4
5	1
0	45
1739	1
0	1
6	1469
61	194
17	283
274	78
19	78
0	22
82	663
0	6
1	663
1060	2
1	0
9	1166
30	1057
97	1145
2	1038
3	177
1	370
0	196
0	208
7	152
0	982
16	444
52	444
6	0
3	73
0	31
29	2500
1973	3942
1	1763
0	1442
0	68
21	115
0	0
12	11
4	11
42	501
7	82
134	616
1	9
343	72
0	72
37	2
0	0
0	2
0	1
0	0
0	0
5	1680
2	1866
3	1803
4	0
10	8
0	219
14	1788
0	0
3	0
0	1
0	1
0	0
0	0
0	0
0	0
0	0
0	0
0	0
0	0
0	0
48	0
3	484
0	402
21	432
16	175
39	120
13	462
358	299
0	2
3	62
0	6
0	1
0	24
0	19
2	23
0	19
0	23
3	27
2	75
1	0
0	47
0	5
2	35
1	56
3	1
1	23
1	29
0	53
0	0
0	11
0	1
2	21
87	645
0	645
0	12
1	5
1	80
230	159
20	54
0	113
464	3931
214	3859
0	1958
14	1072
24	378
103	0
26	1334
275	1998
24	2073
2	0
14	482
12	482
4	7
4	48
0	15
0	24
201	52
2	8
0	0
0	6
0	17
0	17
0	17
0	9
0	6
61	187
5	20
0	46
6	51
12	129
22	8
6	0
1	3
1	2
0	5
924	434
33	434
0	55
0	15
0	9
0	0
0	0
0	74
1	71
13	71
0	0
4	0
0	0
0	435
38	6
0	6
0	22
0	0
0	22
0	3
0	24
0	22
0	22
0	0
0	24
0	2
0	2
0	8
0	10
3	113
21	113
0	12
0	12
0	2
0	0
1	1
10	0
6	83
92	528
26	587
3	53
2	98
5	61
2	27
20	147
9	1
1	1499
41	1677
6	1309
8	1350
3	32
0	22
0	1201
146	97
4	7
0	83
0	17
0	10
18	20
3	0
0	0
72	104
0	163
0	163
2	51
0	656
0	242
0	656
8	42
0	69
0	1
0	1
0	0
0	0
5	27
1	26
1	28
2	28
1	24
8	105
6	93
0	82
0	7
3	4
2	3
0	1
4	5
53	55
0	55
46	1001
0	893
1	603
2	106
10	163
13	163
8	163
0	0
0	0
0	0
0	0
5	0
539	21
1	20
0	26
2	163
100	163
335	113
2	103
0	0
0	0
0	0
0	0
0	0
0	0
1410	202
117	199
0	20
10	24
1	19
0	17
1	0
717	95
0	30
1	5
1	60
0	1
444	0
8	0
98	433
3	162
6	424
5	194
0	185
85	0
18	8
1	5
0	3
10	49
262	50
3	32
1	13
0	20
4	20
8	839
0	830
58	843
10	841
13	176
2	253
0	0
0	0
911	90
0	13
7	74
104	653
45	690
2	38
0	369
0	250
3	35
9	251
3	228
0	10
0	10
0	14
0	13
0	6
0	12
9	58
7	48
0	83
3	54
9	6
1	5
7	5
0	1
0	2
0	1
0	0
0	0
0	0
11	7201
2690	1423
0	6890
14	1033
2	6
38	613
1	6252
0	4853
0	4068
154	185
0	1019
176	1428
11	398
9	288
25	8
11	508
2	884
23	31
2	31
0	0
437	692
6	552
0	310
0	117
3	140
141	86
0	89
0	89
2	44
1	193
0	245
2	12
0	39
0	132
0	7
0	20
9	2045
10	1910
2	1734
0	0
47	19
25	696
2	27
0	144
1	28
0	74
0	1
0	0
0	1
0	0
0	0
1021	1214
13	1179
1	184
6	29
3	58
0	0
123	103
12	3
0	36
0	0
1	0
8	0
10	0
103	293
7	179
8	58
8	135
0	21
4	42
24	155
0	41
0	23
1	71
10	17
0	264
19	535
35	119
1	238
108	187
2	345
9	703
56	369
0	3
4	927
0	570
0	238
0	11
0	0
1	3
5	927
376	573
0	569
0	2
1	70
0	4
0	569
3	0
669	1443
0	465
50	1028
9	3168
3	1386
0	2962
0	2908
8	1205
2	2813
57	2246
3	59
3	140
6	17
6	23
0	0
377	267
24	267
2	1525
1	206
0	152
7	166
3	288
14	1435
0	5
0	10
9	0
0	9
6	191
1	138
28	188
5	486
3	368
9	56
28	230
0	1497
0	184
0	0
2	0
0	0
2	0
0	0
0	0
0	0
0	186
1	186
27	1775
47	1467
1	1383
1	1143
15	771
0	897
0	421
0	631
12	473
0	169
0	1
0	384
5	151
5	149
5000	21198
12	16326
16	11485
9	9293
0	4320
0	7
0	2
1	4
0	5
0	5
0	7
949	961
9	1147
0	862
0	793
41	373
0	117
2	153
1	90
0	7
0	16
0	15
18	27
0	27
0	1
5	1069
4	178
45	1052
2	43
0	16
0	900
0	7
2	9
1	3
406	776
0	751
0	92
44	1387
18	1236
1	9
0	0
0	6
0	152
2	167
107	427
0	435
13	414
0	33
1	22
2	215
0	219
14	61
0	34
0	12
2	14
0	12
0	4
0	17
0	17
7	0
0	201
0	3
0	3
7	60
0	47
0	59
2	59
0	14
0	2
0	0
0	5
0	1
0	0
0	0
0	0
1	10
1	357
0	355
0	1
1	0
2	31
13	389
3	188
4	301
0	12
1	63
0	20
47	402
69	455
2	455
6	0
1143	997
3	742
89	993
2	651
1	12
0	10
1	8
116	1423
0	1422
0	533
0	0
0	5
0	1
0	1
2	1
0	0
1	45
1	13
2	0
0	2
30	1
2	45
0	4
0	0
0	0
0	3
997	492
2	16
22	0
0	8
3	476
355	1
7	87
0	87
286	871
5	871
0	2
0	2
0	0
0	12
0	12
2	0
586	0
0	2
0	0
0	0
0	0
0	0
195	92
6	0
39	92
51	3
0	3
0	84
0	7
1	306
12	308
33	170
1	4
3	79
2	13
2	12
0	83
0	85
0	4
0	0
0	1
0	6
0	6
0	3
0	0
0	0
5	2958
524	3733
11	0
3	0
0	3689
2	0
0	0
87	5828
109	5855
20	5793
7	918
0	28
51	9
2	790
24	1206
163	1
0	0
2	5850
2	5747
0	4
123	33
0	31
0	3
0	1
0	3
0	5
0	1
378	27
0	8
10	19
13	0
0	0
0	8
0	8
0	8
0	4
16	207
37	909
2	29
10	897
174	28
94	28
70	83
8	1
2	0
0	104
0	107
0	80
0	110
0	65
3	236
486	248
12	11
1	12
2	96
0	14
0	12
0	1
4	9
12	96
263	0
0	4274
0	2437
0	2741
0	237
10	479
0	1158
235	846
10	357
0	156
0	754
43	780
89	2360
0	133
0	4340
4267	4
0	3
0	3
833	119
2	72
0	11
1	34
607	977
17	977
10	956
369	348
0	348
0	45
0	20
0	20
1	4
0	0
0	0
0	0
0	2
0	2
0	2
0	2
0	2
0	0
0	0
9	132
0	0
0	0
0	0
0	0
0	0
0	0
0	0
0	0
0	0
0	0
0	0
108	911
43	768
11	323
5	342
18	134
37	69
0	13
38	65
0	907
5234	1220
51	865
0	402
13	152
9	1
0	0
0	1
0	0
0	0
50	796
1557	797
0	0
0	0
8	0
48	5
0	4
0	1
622	1530
0	75
10	36
2	537
0	524
0	546
0	0
0	0
0	0
3	102
0	21
0	20
190	399
2	150
2	32
0	18
1	7
41	307
3	113
1	574
0	318
5	55
1	64
7	478
0	3
0	0
6	29
0	8
2	7
0	77
0	220
43	69
0	237
0	188
0	189
0	143
6	112
0	6
2	99
0	0
0	0
0	0
0	0
20	2738
4	3131
1	2734
0	3021
0	76
66	237
1	526
66	11
80	272
0	846
0	542
3	705
9	397
6	667
7	177
2	88
44	35
9	45
251	20
0	0
3	2
1	1
3	19
0	0
0	0
0	0
1	2
1	3
0	10
0	10
2	8
0	12
0	1
0	0
0	0
0	0
0	0
0	0
122	2
0	0
0	2
317	318
1	52
1	296
0	14
0	14
0	12
0	0
0	0
4	34
0	26
2	32
0	0
0	21
1	14
0	44
0	10
19	95
0	41
0	0
0	0
6844	26063
3772	27974
95	17638
7	2938
2	3659
1	3384
1	33
1	3570
6	5839
20	957
68	2416
83	1259
2	1234
1	1235
1	21
15	24
0	269
18	209
0	15
0	2
0	0
0	0
0	0
0	0
0	0
0	36
3	105
1	36
1016	166
0	0
0	0
0	0
0	0
0	0
0	0
0	0
0	0
0	0
77	515
144	187
45	11
0	468
266	7663
0	14537
68	12830
13	10084
0	10685
1	9499
473	14715
0	6129
0	16239
0	7221
6	1831
0	14540
0	0
0	0
0	0
138	0
0	0
0	0
0	0
0	0
0	0
0	0
0	0
438	79
0	18
2	62
0	0
845	617
0	441
5	80
0	180
1	20
14	72
0	0
0	0
0	0
89	913
3	98
9	517
234	127
10	79
0	346
2	173
2	232
7	161
2	368
9	279
0	279
1	21
16	0
4	965
118	965
0	5907
3	4740
29	5100
6	2599
8	142
42	5
0	11
46	845
2	725
0	5994
0	6615
0	0
62	669
1	666
250	426
78	941
0	107
0	122
0	833
0	211
0	119
0	169
247	776
1	7
0	7
0	1
0	0
0	1
0	1
0	1
0	0
0	0
0	0
19	7
0	0
0	0
0	7
0	0
0	0
0	0
0	0
0	0
9	3548
0	0
9	2729
104	2732
0	35
1	0
198	1123
5204	1126
0	26
0	0
4	0
65	1343
3	376
0	717
17	887
0	1342
0	218
2	0
12	0
240	0
4	3889
0	2997
0	2052
3	0
539	1317
0	3124
0	0
5	0
194	1067
6	1065
0	1024
4	10
18	75
44	42
736	1447
0	1432
0	9
2	9
0	6
12	56
38	625
4	663
27	83
0	154
1	189
2	160
7	113
9	193
4	7
4	126
5	91
1	276
34	37
5	4175
0	4173
9	4157
60	1
0	0
0	0
0	28
2	28
8	11
0	2
0	2
6	911
0	1129
33	1333
2	1146
0	565
0	429
10	249
161	4349
16	338
0	1109
5	751
10	4281
0	96
0	219
12	222
0	1895
0	102
0	1
0	1
15	0
17	3
47	8058
1	8048
0	865
12	7388
1	6
1	169
0	12
361	1
6	267
18	522
70	523
2	0
1	236
0	677
6	925
45	364
0	448
0	218
1	339
3	338
53	527
0	278
28	197
0	257
12	1
0	895
12	2412
6	2526
3	2537
28	2587
0	62
0	64
16	2195
15	2412
0	2468
22	2568
3	137
1	50
2	67
10	264
0	97
2	126
0	11
2	26
1	91
2	4
0	6
26	11
0	9
1	7
0	1
0	2470
1	2160
171	2123
0	1115
0	1415
2	410
7	1
0	1
0	1
0	52
0	39
5	34
0	1
19	49
0	45
1266	724
2	143
1	29
58	312
80	553
1297	438
1	6
0	431
1	4
0	1
2	18
13	1
132	5
0	3
1	2
2	0
0	754
0	685
0	770
8	463
1	147
2	124
0	534
72	554
2	95
6	46
0	10
5	35
3	4
452	36
0	15
0	21
24	4
11	468
0	167
2	478
9	479
0	460
0	0
0	6
345	6
14	403
150	441
2	396
13	275
1	143
87	231
14	17
0	29
4	1264
77	1097
0	1050
2	1051
0	953
0	169
61	110
2	304
6	49
1	292
8	30
1	36
0	96
283	0
0	0
0	0
0	0
0	0
0	403
17	129
1	153
52	403
2	2
23	173
30	192
0	351
1	358
8	110
3	74
1	21
6	38
0	0
0	0
0	0
0	0
0	0
0	0
101	1171
45	784
116	774
4	971
0	0
1	225
6	140
0	1034
1	2
0	0
0	2
0	4
0	4
0	4
0	4
0	4
0	1
0	4
2	1
7	17
0	17
12	108
0	1
0	3
2	0
0	0
3	10
0	9
0	17
5	31
174	229
1	15
0	10
2	78
3	28
0	0
46	2843
0	3952
105	3463
0	4942
125	3219
65	184
1	2649
1	2198
0	93
0	257
0	0
0	0
11	1434
279	1481
51	1399
4	783
0	0
0	0
0	0
0	0
0	0
0	0
0	0
547	1748
1	504
6	790
7	616
1	836
52	3680
64	2277
4	627
0	437
1	31
22	2588
38	248
0	646
3	403
840	0
1595	255
0	35
2	1406
1	176
2	909
186	114
0	1235
4	0
0	237
0	512
0	1117
8	2
18	218
16	2
4	14
11	104
4	123
0	103
13	82
1	505
64	118
8	392
8	172
11	99
131	6365
4	7029
9	3902
641	5426
51	5910
0	0
0	0
0	130
337	202
0	3
7	199
0	6413
14	2635
6	5988
200	2894
0	4431
58	611
0	1594
0	6262
601	2399
0	2413
0	988
0	719
0	175
0	9
71	477
0	151
0	111
0	53
60	1753
3	2725
24	2695
0	2788
494	1
0	45
325	6360
2	1
5	0
408	290
0	1
0	235
526	6244
6	69
0	2
102	526
2	4264
8	3870
12	3726
4	266
0	573
0	1
0	0
1	0
0	24
8	150
58	135
0	19
1	19
2	4
127	765
8	561
7	374
14	398
6	615
0	105
1	0
3	6
18	6
0	12
460	521
6	529
73	1041
36	67
9	162
0	17
0	47
8	959
94	410
3	276
17	135
0	22
2	135
1911	837
0	140
3	144
23	89
0	13
0	331
0	347
0	1116
30	1154
0	1202
0	1001
0	937
0	499
1	10
0	211
1	109
0	114
0	18
11	153
1	132
0	0
0	48
0	6
0	3
0	48
1	1129
3	193
0	9
2236	259
0	8
7	165
0	8
5	0
0	3
3	3
0	61
1552	18666
17	20757
146	20941
166	19280
9	7065
561	129
1	2
10	21
30	105
2	2
0	2
0	2
0	1
0	0
0	0
0	0
79	277
30	250
4	64
0	16
0	851
7	851
11	813
0	7
0	815
0	58
0	57
0	846
0	0
0	0
10	314
27	314
31	314
0	0
0	0
6	0
0	0
228	184
0	155
0	28
0	3
1593	189
7	122
3	18
16	50
0	0
4	0
0	1
3	0
0	0
0	0
254	16
14	9
0	7
19	122
23	122
0	0
30	0
6	28
2	13
0	25
0	28
1	6
0	799
0	735
1	702
6	767
7	0
0	58
0	46
692	10466
0	10243
153	10056
0	7336
67	5810
16	1555
0	79
7	20
128	323
4	247
2	285
54	258
0	27
5	61
1	0
12	4
0	5
0	0
0	0
0	2
0	2
101	39
0	39
0	0
773	512
0	165
4	462
1672	321
1	22
0	70
4	46
0	0
69	1
1	5
2	111
17	109
7	73
7	111
0	442
1	9009
2	516
615	9006
0	9017
0	0
1	0
0	0
0	0
0	142
0	142
0	14
5	48
0	0
0	0
0	0
3781	4
42	163
9	205
1	8
0	6
0	6
65	46
4	0
4	1211
47	843
89	1031
9	879
136	6
2	155
139	1138
0	0
0	0
0	0
0	0
0	0
399	91
0	12
3	2
7	79
0	0
0	0
0	0
83	1361
5	946
101	1257
49	1105
14	14
0	72
9	760
3907	2149
4	745
8	585
19	458
0	770
184	416
1014	11083
281	11011
139	11009
11	11010
4	1521
0	593
0	594
13	76
217	357
16	82
0	110
0	8
126	3
0	3
1	1508
105	1511
0	617
0	16
5	18
0	1551
1	12
0	14
2	7
3	6
0	0
10	231
3	4
5	5
5	0
1	0
2139	2252
0	1731
0	375
15	18
16	18
1	121
103	2510
94	1427
2	1375
0	48
10	244
8	197
73	122
85	151
337	49
3	177
21	49
43	0
3	2
0	2
6	455
14	16
0	31
3	29
1	447
52	378
9	49
0	32
134	59
0	3
6	58
0	0
114	184
0	176
0	32
0	5
0	25
0	1
0	5
0	5
1	5
0	5
0	5
12	609
6	378
0	600
6	426
325	599
4	12
12	596
14	0
8	158
0	149
0	0
0	0
0	8
0	0
0	0
1	31
5	37
0	2
0	1
0	7
0	3
516	327
20	323
51	326
0	326
40	1123
16	1076
165	808
0	19
280	19
0	21
0	0
103	1
0	1
0	1
4	759
0	636
2	535
1	0
4	1
190	33
8	3
0	29
0	0
725	1
0	33
0	17
0	0
5	336
11	336
167	556
489	955
21	6
0	451
3	64
6	80
2	16
0	15
7	6
84	1296
0	920
1	609
0	605
1	354
0	1082
7	1073
0	786
0	858
0	560
0	132
2	82
1	138
0	72
0	0
0	10
0	7
0	10
0	2
0	2
0	0
0	2
0	0
0	0
183	5581
3	5570
2	213
6	3
0	456
1	14
7	57
34	1521
4	7
4	9
4	1524
0	10
0	7
306	729
1	363
34	225
0	94
55	380
1	0
0	379
0	113
0	0
0	4
0	10
0	14
0	14
0	26
0	379
0	276
0	4
0	1
4	31
209	1683
0	1564
0	76
0	90
11	67
18	753
8	164
4	167
0	119
0	158
138	22
1	22
22	0
0	0
206	1511
21	1593
0	9
6	25
3	245
3	322
55	894
0	120
0	117
0	120
57	69
1	114
4	81
6	37
2	73
32	72
7	88
0	45
35	507
11	279
246	786
0	0
0	0
0	49
2	50
0	5
0	5
0	3
0	51
4	1
0	1
152	1
3	1
0	0
0	0
0	0
0	0
15	25
0	23
1	1
6	2
0	0
0	0
0	0
0	348
243	1009
0	36
1	848
4	31
0	9
5	98
1	319
0	7
23	4631
80	731
1	654
19	402
0	4117
343	1
0	4
1	0
0	0
0	0
0	4
0	0
0	0
0	0
0	0
0	0
0	0
0	431
183	437
0	41
1	21
53	1833
19	1673
0	906
0	1003
18	1172
1	719
56	863
0	480
0	29
0	121
3	6
0	45
207	6
5	6
19	944
0	1095
9	1200
0	832
0	242
0	17
19	59
0	7
2	7
0	5
0	5
9	246
3	255
1	18
0	4
0	879
0	877
0	409
0	672
9	0
5	2
0	7
0	12
2	0
0	107
24	879
17	7
0	7
1325	31
0	26
0	3
67	0
8	625
0	0
0	196
1	17
0	3
0	3
0	2
0	0
0	1
197	182
11	73
6	52
0	0
0	57
1	25
437	341
1	341
21	854
636	1287
8	1303
61	1188
45	715
0	461
3	399
2	353
10	307
272	295
266	93
0	1258
35	1086
21	165
95	414
63	493
1	304
16	1259
451	2066
0	1949
12	5
8	38
8	12
8	26
0	0
5	300
1	494
2	355
0	50
4	0
3	551
17	959
0	854
1	153
1	183
2	17
0	1043
1	960
0	1986
0	0
31	2070
27	1171
0	1066
0	98
77	547
1	541
0	1301
0	143
3	0
12	0
0	463
63	463
0	0
0	19
3	0
7	254
318	532
4	176
5	278
5	78
0	0
29	1933
7	863
0	465
43	1730
227	371
0	0
4	8
0	13
2	90
0	125
2	88
1	78
11	168
0	8
0	0
0	0
0	0
0	0
0	0
0	0
0	0
0	0
0	1162
1	11
0	121
0	1125
3	63
0	866
0	1
0	1
0	21
2	1024
24	1013
0	136
0	66
0	494
0	37
1	0
0	438
0	539
0	615
0	514
0	490
0	561
0	7
18	193
6	30
72	6
1	6
0	1
0	1
0	0
66	18
0	17
0	2
60	0
110	1261
65	509
17	1235
0	0
0	6
2	243
0	1
1	1
0	1
0	1
0	0
0	604
6	614
0	362
3	7
2	8
1	5
0	9
0	8
0	8
157	617
257	161
0	161
0	18
12	15
0	15
0	0
2	212
3	211
0	26
0	41
1	2
2	223
0	1135
9	530
0	768
0	1021
0	1163
0	842
3	0
8	174
0	1135
0	0
0	0
0	0
0	0
0	0
1	54
33	54
0	0
0	0
819	579
37	578
0	2675
10	2755
0	2749
0	2330
0	246
77	258
49	71
0	112
18	105
0	103
6	32
0	123
0	80
0	29
15	4
0	2750
463	295
0	147
0	146
0	147
0	204
0	0
0	28
0	24
5	46
0	51
2	46
0	129
0	46
1	0
143	240
1	71
9	231
0	41
1	73
0	0
0	0
0	0
0	0
0	0
0	161
33	161
0	0
2	1
466	4
18	4
13	376
1	602
4	563
1	78
0	488
1	14
3	188
1	1
0	333
0	0
5	12
5	0
0	1
0	1
55	2135
0	0
15	0
8	2
2	0
1	2
1	131
7	1591
0	1700
13	374
0	0
9	171
4	0
5	1
0	2167
0	32
13	169
1	74
0	394
5	302
2	13
0	0
0	0
441	0
0	240
0	119
26	241
3	10
1	10
0	17
0	22
0	3
0	3
14	3
0	3
684	67
1	65
1414	860
5	768
30	93
0	3022
697	3024
771	25
0	16
2	9
3	0
0	102
0	1
0	216
0	440
0	1615
23	1672
1	67
0	312
3	815
0	466
1	1535
0	1291
0	555
0	275
0	3
1	867
60	4
0	308
0	880
0	0
4	0
2	357
1	359
0	0
2	359
1	0
0	25
6	300
16	386
5	386
8	187
1	164
0	174
0	466
0	517
0	19
0	3
0	47
1	0
0	7
0	517
0	0
0	0
0	0
0	0
0	0
0	0
2	20818
0	21260
5	6899
0	7257
0	10445
6	15
0	538
0	596
221	2473
1	431
5	1451
0	260
628	1
357	131
21	130
352	0
0	1
0	1
98	12
2	16
0	0
4	14
0	10
0	12
0	1
0	10
61	16
0	0
1	0
5	6
0	5
0	0
0	0
32	16
0	16
3	0
75	299
2	298
11	58
0	48
1	0
0	4
0	8
13	3
0	0
0	0
34	0
0	0
0	0
7	55
0	54
176	49
1	0
0	0
12	0
0	0
0	0
18037	25
538	271
0	103
0	92
1	182
1283	0
114	0
2	7
3	0
0	7
0	0
0	0
0	0
0	0
0	0
0	0
0	0
0	0
24	0
0	0
80	0
40	0
293	0
27	0
0	379
0	384
1	194
10	91
0	66
0	40
0	41
2	26
0	25
0	0
9	0
0	0
0	0
0	0
18	11
0	3
0	6
0	3
0	0
0	0
0	1
0	2
0	1
0	0
0	0
0	0
22	0
0	0
0	0
0	0
0	0
224	51
5	51
0	0
0	0
1	319
16	354
96	674
390	5923
1087	5924
0	586
6	0
72	1471
0	808
22	316
0	62
4	8
1	2
9	411
0	422
0	389
0	16
222	429
0	694
0	2
2	6
0	6
0	1
0	0
2	0
0	0
0	0
0	0
0	0
0	0
0	0
0	1
0	1
0	1
0	0
0	0
0	0
19	136
5	136
3	47
2	0
0	1
0	1
1	0
0	0
69	1420
36	1420
0	0
0	0
0	0
316	0
290	312
1	0
1	312
0	0
0	0
0	0
0	0
0	0
0	5
0	5
0	5
0	5
1	5
0	3
0	5
0	5
2	2
0	0
0	3
0	5
69	1235
0	1134
11	789
4	86
0	1030
2	148
1	562
4	612
0	319
0	444
0	436
0	314
0	4
0	332
0	0
1	228
0	301
0	14
0	521
2	3
5	0
9	33
0	550
1	5
0	6
0	6
0	3
0	1
2	1
1	2
0	1
0	0
70	317
0	316
1	21
0	4905
74	3578
0	1955
6	4108
6	114
17	1882
6	30
1	29
8	28
12	4291
0	410
0	2926
2	159
0	4336
0	0
0	0
0	74
0	19
0	23
0	27
1	38
0	22
0	65
0	65
1472	1233
0	165
0	1067
20	1329
189	1018
3	7
0	170
6	326
1	172
2626	562
2	17
1	119
2	115
0	152
7	73
0	51
23	179
0	179
678	476
0	30
2	377
0	95
1	50
0	33
0	22
3	56
0	434
16	539
3	540
0	22
3	7
0	4
189	22
0	22
3171	490
0	10
0	189
0	286
0	2918
1590	2920
5	1072
0	0
0	0
0	0
0	0
92	9
92	511
0	9
0	5
0	5
0	6
313	352
0	135
0	0
57	293
0	192
0	313
0	297
4	81
9	57
0	64
5	147
1	2
0	32
2	6
0	20
4	9
0	76
88	585
0	585
2	582
5	114
1	139
0	226
17	234
2	299
4	312
2	75
292	68058
1	37635
8	60894
2	60842
0	60899
21	35786
1	35702
68	9186
2	9084
4	4071
0	1507
1	151
6	274
0	265
0	183
0	722
0	33
0	2
0	0
2	379
0	265
0	722
56	634
19	540
1	127
0	131
0	111
0	392
0	0
1	296
248	1617
0	1617
5	314
9	4
0	414
4	112
277	356
4	138
3	0
8	86
0	70
0	54
16	53
3	53
4	102
0	112
0	15
1	0
0	1
3	15
85	684
91	684
4	276
0	274
0	253
4	57
0	255
0	283
0	249
0	221
0	0
0	184
0	126
0	109
6	107
0	41
688	779
3	42
0	0
0	6
2	23
0	805
57	242
1	0
19	190
0	280
20	9
0	10
0	231
1	18
0	26
3	15
0	40
8	426
0	32
8	105
10	41
2	357
0	0
0	0
462	213
4	34
0	122
3	121
2	99
0	124
0	2
0	14
1	0
5	35
5	31
1	31
0	32
0	0
0	1
53	65
0	65
0	19
0	19
0	0
14	0
0	0
0	0
13	2289
1847	2289
0	76
388	509
0	22
0	0
91	367
0	370
0	418
20	431
34	92
0	79
2243	6891
19	256
1	63
55	6709
164	375
13	279
7	376
4	65
14	1001
0	351
2	390
71	395
0	6
0	384
0	46
0	983
4	364
4	1474
18	903
6	1002
0	869
0	14
1	99
1	0
0	0
0	0
0	0
1105	0
0	0
0	0
10523	11
1	0
611	23
2	21
1060	5008
0	5008
1	81
13	82
0	1
0	0
84	98
1	22
0	98
0	1
0	16
0	11
0	0
0	43
0	0
3	43
74	54
23	185
1	155
2	98
0	113
3	1
0	6
12	11
195	641
0	442
3	108
0	183
0	466
5	198
488	57
10	55
0	12
0	12
3	403
0	415
1	337
16	353
4	162
0	241
12	0
2	515
1	1286
4	474
0	624
0	612
0	1344
0	67
5	356
0	671
0	352
0	24
0	2
1	0
1	65
1	0
1	11
66	2695
1	0
139	2365
0	2748
46	2011
49	621
1	592
0	648
4	65
3906	831
2	201
0	434
1	0
1619	9745
19	9042
52	815
17	209
81	788
73	191
3	1260
185	1109
0	2585
0	1172
161	2532
697	2547
111	887
38	5
0	104
68	1
2	349
51	924
22	950
24	896
0	0
0	61
44	27
0	1648
67	1606
0	2181
41	2073
0	1329
1	1136
49	1065
0	1165
2	841
21	829
0	697
0	679
3	659
0	7370
354	7305
0	6862
1	892
6	543
0	366
116	200
0	14
0	8
38	3
2	5
1	5
2	0
0	6871
8	7372
0	2118
0	1681
0	1940
0	8
0	8
0	6
0	55
0	8
9	951
8	932
0	914
0	893
0	857
21	644
15	764
3	8
11	76
6	4
224	2047
0	1087
1	2047
856	51
1	379
11	67
0	143
212	592
0	20
4	8
0	16
0	204
3	543
0	105
0	123
0	30
0	18
2	9
7	17
0	7
27	0
76	50
1	9
0	44
1	163
1	91
37	8
0	80
0	0
2	0
7	112
3	33
0	0
0	35
1	0
735	97
1	95
79	1052
0	943
0	964
0	1084
0	22
65	1
2	0
0	39
0	33
924	916
27	841
45	782
0	222
11	21
1	29
3	0
159	96
5	96
301	2263
189	2263
3	183
389	185
1	182
0	0
643	1
12	1
127	81
9	81
101	23
0	22
0	1081
0	979
4	802
2	738
2	453
0	105
60	190
0	1657
0	1052
0	2295
0	1521
12	0
3	174
0	33
0	2177
1038	2379
0	20
21	21
1	2
25006	187
2	36
39	126
530	319
25	318
7652	418
36	402
5	9
0	21
0	17
0	19
0	19
0	14
0	21
0	283
3	246
4	0
0	0
0	0
0	13
401	947
22	955
7	0
24	684
0	59
1	9
0	14
4	1
16446	171
0	156
573	485
9	215
5	315
0	182
0	90
3	0
0	0
0	0
0	0
0	0
0	0
13	2
0	1
3	0
0	0
0	0
0	0
0	0
0	372
22	1044
30	864
3	0
0	0
1	685
5	136
0	293
0	0
1	138
7	55
1	1062
11	1338
1	180
4	951
0	417
0	251
0	455
0	155
4	44
0	334
0	257
3	272
1	210
0	29
5	3
0	32
0	184
0	177
0	240
0	274
0	22
0	0
64	7607
3	6224
0	1936
107	7511
30	62
13	2780
12	2401
12	3140
6	22
0	208
28	47
0	49
225	168
6	79
0	129
15	118
11	1
383	7104
6	9858
0	6870
68	6398
1	3951
13	1
1	0
41	410
16	665
1	13
1	906
3	0
0	60
0	61
0	61
2	60
0	60
2	60
0	31
0	0
0	0
5	102
1	5
297	346
2	51
0	136
0	38
0	0
9	131
0	6
1	6
0	9
9	107
0	66
1360	55
0	5
0	50
0	2
0	2
5763	5
2	344
0	254
3	237
0	233
2	83
0	0
34	0
8	167
5	19
5	7
0	11
0	0
0	0
5	186
0	190
0	175
1	9
0	125
2	34
2	34
1	18
5	19
32	366
0	366
1	87
1	9
0	2
0	2
0	1
0	0
0	1803
28	1625
74	1809
4	8
0	78
0	89
0	55
0	425
3	291
3	58
1	206
799	1265
19	1265
8	59
0	34
3	87
6	48
0	0
0	0
0	0
0	0
0	0
0	1
1	0
1	1
8	5253
3	270
0	32
7	68
0	5247
187	417
4	0
521	1504
526	1467
0	2
0	3
0	3
0	0
0	0
0	0
0	4
32	1524
19	1404
4	50
0	1
14	2
20	280
12	19
11	21
3	4
16	1006
4	21
1	334
126	10238
20	669
14	1142
1	20
2	33
4	214
0	1046
1	10079
0	112
0	1769
2	81
0	1
23	147
0	32
1	78
0	46
6	287
7	10
56	182
97	183
0	13
0	0
0	0
10	843
78	116
0	98
15	768
72	806
6	323
5	399
5	782
7	260
1	271
0	268
1	235
0	93
0	73
1	48
51	44
1	133
1	205
0	130
0	137
0	28
0	25
1	24
0	25
0	26
0	3
0	2
0	3
4	7
0	7
0	1
0	1
89	523
0	523
0	110
9	74
0	2
11	3
0	2
0	2
0	1430
43	1485
49	1177
52	374
0	175
0	81
47	369
136	146
0	194
2395	1277
52	607
23	118
35	481
5	35
9	139
3	20
0	19
0	1
24	732
385	1513
56	297
47	1192
0	22
3	19
5	22
0	8
0	2
1	0
2	0
676	81
0	21
4	78
0	0
605	0
0	6
4	13
0	11
0	5
0	10
0	1
0	4
2	1
0	3
0	0
28	1905
10	1375
33	1306
19	839
12	1357
14	1423
15	985
23	263
1	77
0	62
0	27
0	28
0	1
2	22
0	62
12	3
0	3
6	1697
0	143
0	0
5	41
56	132
77	1167
981	5116
0	4526
0	4280
15	4078
113	4075
0	57
3	65
17	50
0	32
11	36
0	10
0	10
0	10
5	1
1	0
0	8
0	0
0	8
0	3
0	8
217	22
0	22
0	0
2292	548
0	410
12	128
6	142
196	0
33	290
0	10
0	3
0	271
1	0
0	9
0	5
0	50
0	6
0	6
0	6
11	407
0	486
7	519
0	54
0	0
3037	837
43	370
3	763
0	1
0	0
0	1
0	0
0	1
1	0
1	357
20	1320
271	1320
4	153
19	81
2167	861
5	1
0	4
0	773
1	2175
2	737
6	279
0	1897
0	2267
0	670
17	64
0	3
0	24
0	1801
11	17
0	15
0	4
0	0
0	0
1	0
0	0
1	0
0	0
3	17
82	17
1	0
5	0
214	1053
22	1047
29	1009
6	547
10	497
10	8
0	440
7	50
11	1
1	72
3	0
33	0
0	1404
294	2382
0	2488
1	1684
55	203
5	0
167	109
0	0
4	109
34	3912
0	124
0	3895
1	691
190	4004
0	456
31	1735
1	380
26	153
1	275
44	1578
1512	1217
0	360
837	788
10	41
4	91
209	1995
2571	2466
3821	84
110	0
0	0
0	0
0	0
1505	373
30	0
0	0
0	51
0	280
2	1
5	51
0	0
0	0
0	0
8	1528
0	2116
5	827
0	19
0	224
0	119
0	47
0	97
5	1
0	12
0	66
0	53
0	42
0	15
0	41
10	16
0	1
0	0
0	780
0	0
0	0
0	0
0	0
442	0
4908	5225
614	4468
97	4521
0	886
0	21
20	37
16	240
39	227
2	0
0	0
0	0
1	0
0	0
25	62
0	54
0	57
0	0
0	0
1	0
1	0
0	2
45	12673
1	1195
0	12673
0	185
6	226
8	185
2	28
420	187
0	0
1	187
0	79
0	0
20	32
1	23
1	2
0	9
3	1
0	7
7	5
12	5
1	11
0	0
0	5
1	1337
64	1695
21	1484
0	596
1	75
3	5
6	572
7	1609
0	2226
0	72
0	294
0	5
0	2086
0	2080
0	2107
20	4111
28	6048
18	1031
0	3046
0	3232
14	3211
0	87
0	23
1	61
0	2591
19	174
3	0
27	4466
0	1383
25	75
15	35
2	165
10	196
582	0
3	48
0	56
0	1801
0	1930
0	6
19	113
12	102
1	44
18	2
0	15
0	8
2	10
2	957
0	82
970	118
0	115
9	2
1266	259
2	53
0	0
0	0
34	258
7	622
1	428
1	545
1	121
31	449
5	2
4	3
3	0
0	2
0	2
8	0
0	0
5836	3393
5	3387
0	666
0	619
56	102
0	29
0	23
27	456
6	253
0	0
7	25
16	631
39	5070
249	1531
0	4136
25	4393
0	1592
0	1061
1	12
1	19
153	968
32	968
6	342
0	60
4	3
0	115
0	137
1	157
1	0
0	0
0	0
0	0
0	0
2	892
1402	1002
0	13
1	10
11	57
10	25
235	251
0	171
10	77
0	176
1892	1579
3	1324
3	1395
1	0
1	411
1	283
0	221
0	1
0	1
0	1
0	2
0	1
0	0
0	0
4	30
8	43
0	44
0	6
56	1096
1	1159
60	584
2	21
0	0
121	1
2	1
101	165
54	153
0	4
1	12
0	1
4	23
0	7
3	2
0	5
0	6
0	1
0	1
0	1
0	1
0	1
1640	908
13	841
23	29
3	2
5	1
0	390
7	54
5	0
0	0
0	0
0	0
5	2
0	2
4938	1949
34	210
62	501
19	287
91	22
85	399
26	476
1	0
0	0
4665	164
17	59
3	195
0	195
8	291
89	3471
6	314
23	2552
8	2329
10	39
0	0
18	95
0	631
0	592
114	639
0	36
2344	632
3	0
60	882
72	882
6	36
0	0
0	43
0	8
0	8
0	0
0	2
0	0
0	1
0	0
3343	114
4	111
0	2885
0	2716
42	141
1	139
2	27
2	2096
1	2797
434	474
0	409
0	474
4	1
0	0
0	1
713	24
5	5
1	20
3	5
86	288
885	429
0	81
28	8
0	36
14	104
29	562
0	156
0	130
2	449
0	258
3	0
0	15
0	15
0	8
0	42
145	3243
2	1
0	114
0	2640
3	2110
0	2596
0	48
5	1345
11	223
0	158
0	208
1847	3
8	950
48	938
6	425
70	0
0	63
46	49
17	76
6	2
5	1
739	9
0	0
0	0
0	9
77	0
0	10
0	9
0	5
0	8
0	2
77	707
26	710
23	395
8	170
19	113
1	150
7	2
0	276
24	691
164	691
3	0
0	12
0	12
3	228
16	44
0	76
0	21
0	5
5	0
0	0
0	0
4	11
1	0
0	0
0	228
210	69
0	29
988	595
62	594
198	266
0	92
0	125
1	129
4	113
3	0
29	48
0	16
230	4418
16	4418
12	173
0	179
0	68
2	67
35	101
0	115
3180	645
1	424
69	645
14	6
288	299
9	103
0	4
0	0
0	4
995	1090
353	887
57	1133
0	276
67	977
25	3
5	2
12	215
1	116
0	1129
553	3
0	0
0	0
0	0
0	0
0	0
0	322
5	322
16	197
22	499
0	367
0	409
0	252
1	1
0	13
0	474
0	5
0	31
0	29
0	40
0	52
0	28
1	3
1	11
0	49
0	2205
23	1736
0	2198
0	1434
1	24
5	113
13	2050
129	5215
2	366
190	3359
20	0
4	4825
1	4402
0	106
3	1
0	421
2	197
0	213
20	1056
260	1841
0	755
2	1147
0	809
0	2079
0	1969
32	298
11	206
7	179
7	236
0	149
67	106
0	13
1	17
0	30
14	2
3	171
16	134
0	91
28	138
8	7
0	95
6	536
10	497
1	247
12	302
34	298
1	21
2	439
99	816
2	623
5	102
4	121
0	0
31	2247
6	2247
104	2244
1	11
5	2
12	275
0	26
3	1386
1180	1392
19	6
182	0
1	407
3	460
0	398
2	25
0	72
0	0
0	0
0	0
0	0
0	0
0	0
1	0
0	0
0	0
16	157
9	157
163	49
0	49
1865	32
1	0
3	28
4	17
20	1067
0	27
1	35
3	86
219	1081
180	505
0	505
196	122
2	122
0	41
3	164
0	500
0	512
104	370
22	250
66	2
26	398
0	58
0	154
6	179
1	120
1	11
1	64
247	0
4	4
0	4
0	0
1166	329
0	329
22	0
107	3442
49	3708
0	101
0	0
18	3616
409	127
0	99
13	5
0	0
0	23
111	1024
0	1025
0	1075
79	1049
2	574
0	288
0	84
4	40
0	50
155	3789
3	2430
59	0
1	2222
0	3789
49	0
25	4
50	3318
20	1957
5	3315
134	1115
1	307
0	172
0	773
1	29
0	8
7	26
1	44
1	16
0	22
6	150
30	1599
0	1878
8	1043
0	195
0	387
0	26
1	980
7	198
1	289
2393	856
0	778
73	185
240	313
3473	0
1	528
0	758
10	752
17	740
1	3
3	178
43	201
0	742
9	6523
262	6668
94	113
6	845
80	1150
10	653
4	12
14	206
0	0
41	159
3	1
14	1
2	0
0	5580
0	5544
15	468
6	944
56	1212
0	1290
0	0
0	32
0	9
0	1182
16	215
1645	215
0	2
1010	2
0	0
0	0
87	114
3	109
30	47
0	0
5	1
624	952
0	898
0	0
1	65
6	586
96	580
7	268
8	283
0	423
31	18
1	8
1	12
3294	8
0	5
3	3
9	2
0	0
663	1801
0	1282
0	592
0	17
39	1365
112	1211
46	521
5	117
16	114
0	27
1	104
0	31
3	0
8	0
0	0
123	2532
3	2232
6	1658
4	452
4	4
2	4118
93	466
1	466
0	105
0	391
0	1
25	178
0	126
0	389
94	9462
298	9462
111	9463
9	8341
5	3939
29	426
1	367
43	1383
1	381
30	374
1	194
3	93
0	9273
1739	2
28	333
0	305
0	176
1	184
0	0
55	328
0	3
0	60
10	3
0	10
0	0
0	1
0	2
0	0
0	0
0	0
0	2
0	1
0	1
0	1
0	10
0	0
382	926
79	926
1	2438
85	2765
0	714
0	270
0	142
0	134
2	16
48	1592
1	36
0	161
0	1611
14	1327
64	29
75	38
29	0
645	1
752	0
8	0
14	535
0	228
274	937
513	74
8	73
1	817
1	433
28	470
1	541
9	1
6	2
14	180
1500	635
5	635
4	322
506	211
0	236
1	88
2	119
0	158
1	158
3	135
0	101
0	14
0	69
0	35
2	45
0	7
4	0
4	0
18	92
2	92
5	4687
7	911
1482	5156
1	582
910	1107
101	992
297	3995
0	0
0	772
16	774
5	438
15	774
0	3
14	601
34	1
0	1
0	17
0	8
54	4
4	205
0	194
4201	862
2	758
0	819
29	449
0	722
0	713
117	1740
0	890
2	1429
19	360
21	167
138	0
2	1
2	1
0	0
0	2
0	2
0	0
1	0
157	88
0	10
0	51
0	45
384	452
1	366
0	339
12	319
0	311
7	0
0	279
0	30
3	12
0	31
0	33
0	83
0	13
0	0
0	0
1286	267
0	35
6	23
6	0
6	265
39	934
62	934
3	56
54	0
5	1443
32	3478
0	2908
0	2634
39	1022
0	203
0	104
1	229
4	32
0	1839
0	2549
2	2471
1	2490
1	2472
21	719
3	83
0	1
6	4
4	514
264	103
5	58
1	516
0	643
0	2
0	2
67	591
45	538
1	46
0	0
0	0
0	9
0	2
277	0
0	0
8	0
7	0
42	636
0	615
2	507
99	968
8	2
0	160
0	21
5	966
1	0
127	125
2	125
0	0
0	0
0	0
0	0
0	0
0	0
0	0
0	0
0	0
0	0
0	0
0	0
0	0
0	0
0	0
0	0
0	0
0	0
936	1203
0	1202
1	96
3	94
115	122
1	122
10	86
1	2
0	4
0	4
0	0
0	0
6	646
85	667
0	217
0	63
0	28
14	0
24	0
0	27
0	25
0	10
0	0
0	1
1	1
0	0
4	2
0	0
0	25
6	0
0	0
7	505
0	392
0	509
0	146
5	236
0	120
36	0
0	0
0	491
329	1052
16	1051
139	279
7	834
153	3027
220	3026
9	0
98	318
1	17
5	3
3	1
625	300
6	55
4	116
18	39
0	2611
31	2594
0	17
15	8
2	25
1	42
25	40
0	387
10	350
1	40
21	2399
6	63
1	61
0	61
0	1
0	0
191	0
0	203
3	220
0	211
0	213
7	214
1	61
4	34
17	5
2	8
0	0
0	0
0	0
3	8
2	19
218	2923
154	2207
0	2758
5	400
1	182
0	2401
0	0
0	44
24	146
1	20
140	1
3	1
448	0
0	96
0	96
25	20
1	458
16	451
0	347
0	399
6	50
0	1
0	0
0	1
699	3681
9	3635
0	623
0	38
5	152
0	152
3	116
0	19
0	4
0	0
5	41
0	44
0	16
0	1
0	0
19377	36945
1078	36162
386	1150
39	245
0	47
0	47
0	21
313	15
2	15
1	32
2	375
20	316
0	19
0	92
0	54
0	0
5	34
2	37
0	7
0	129
0	10
26	812
0	737
215	137
8	23
5	10
7	12
0	81
58	147
1	120
2	110
9	47
16	60
3	0
12	331
0	346
10	315
2	394
11	382
950	0
18	1810
30	2062
18	986
0	313
4	72
1	178
767	5360
4	1547
0	1463
3	5220
41	1124
0	687
4	832
2	289
20	313
0	40
1506	655
0	655
15	92
1	151
6	152
0	93
0	65
6	6
37	9
121	279
0	332
0	298
0	39
0	67
5	26
0	0
0	0
0	0
12	26
0	26
21	65
0	140
23	113
0	146
883	1
1	0
1	4
2	4
0	841
0	102
12	536
1	13
0	11
0	917
0	0
1	170
1	168
4	90
4	62
0	77
36	157
0	78
2	24
28	200
1	140
0	60
0	0
0	0
1	49
47	66
0	5
0	49
4	33
40	27
25	22
0	0
32	5
184	345
1	345
57	502
84	530
1	56
0	3
7	57
0	8
0	54
1	10
0	0
0	2
0	14
0	0
0	57
34	10
1	10
0	34
0	194
0	238
9	228
0	42
0	33
0	229
0	44
38	42
0	120
0	195
2	131
6	139
0	159
2	0
0	0
0	0
0	10
1	25
5	34
0	20
0	100
0	106
0	0
0	0
0	0
0	0
0	0
0	0
0	26
0	1
0	0
0	0
0	31
2	18
0	0
0	31
0	30
1	11
0	0
0	0
0	0
335	6476
274	5606
340	6358
14	172
50	2926
12	100
6	157
1	179
0	9
4	27
0	2926
7	23
7	4
2	19
0	2805
56	2780
41	2224
9	2090
0	2
4	157
2	1185
0	1529
0	0
0	3
0	1
0	0
0	3
1	2
0	3
10	4
2	4
0	1
20974	18
24	340
84	334
46	257
6	114
2	116
0	106
0	50
0	0
0	0
1126	820
0	576
0	450
3	18
145	98
1	98
157	12757
28	10042
2	1394
30	10311
0	87
0	295
0	1608
0	1243
0	1398
0	815
380	0
2	264
2	158
13	23
11	26
6	468
2	149
404	1044
3	880
78	596
70	302
170	485
9	479
63	408
77	375
2	403
7	260
1038	2
18	32
0	32
787	37
0	9
0	28
0	0
242	30
2	30
452	0
1	0
50	614
3	209
0	24
0	405
0	0
0	10
1	29
20	29
0	15
11	62
3	114
0	59
0	115
0	9
8	16
4	0
249	168
51	168
1	0
0	0
0	0
0	0
144	2768
11	134
30	741
10	202
3	228
54	0
5	50
67	1916
2	62
6	38
15	43
0	5
35	1
44	1449
41	1395
12	600
1	731
190	663
5	911
0	0
8	54
2	59
0	44
1	1
0	0
2	3
0	14
0	19
0	21
0	16
0	7
0	7
0	1
0	1
0	0
22	89
0	44
0	63
567	118
0	54
0	12
18	91
19	12748
0	9246
0	9264
0	1992
3	1902
0	13069
0	13741
0	9567
0	10239
0	9585
0	10257
50	694
272	1
234	109
0	16
0	94
0	8
0	13
0	4
408	774
0	594
0	773
0	481
0	0
10	479
0	498
7	186
0	2745
9	2
10	2793
1	0
0	189
0	2560
0	1329
0	2807
0	0
0	20
7	15
0	14
0	0
0	16
0	6
0	0
0	1
0	0
0	560
0	132
0	644
44	355
0	666
16	32
0	32
0	0
0	2
0	23
0	275
6	272
0	282
15	11
0	49
0	49
0	197
0	0
0	1172
71	1173
3	103
0	127
3	29
3	207
0	1154
0	29
0	32
0	32
0	25
0	31
0	45
8	91
2	47
4	48
1	2
0	6
0	1
1	89
60	2054
3	1946
4	399
15	146
1	1
0	0
0	0
0	0
2	199
229	164
1	116
5	13
0	26
0	45
5	13
0	0
882	678
0	678
34	3
0	16
1197	522
0	519
6	338
3	125
0	0
0	128
0	0
0	18
0	28
0	33
0	129
0	133
0	127
1	64
10	203
8	731
166	463
18	81
0	385
0	96
1	102
2	134
2	12
1	3
11	58
2	0
0	57
0	4
11	160
0	2
0	165
8	160
0	138
0	0
10995	13
1	3
0	0
0	0
0	0
0	0
1	16
0	1
0	16
76	188
7	186
0	15
7	101
95	100
2	2
1	19
3	3
6	72
139	358
14	341
19	306
0	306
12	340
3	56
0	230
4	145
0	119
0	64
3	78
0	102
0	65
74	59
0	6
10	1
1	58
18	46
3	7
7	350
0	295
0	0
0	345
0	303
127	303
0	62
20	137
0	3
7	1
90	129
0	13
6	126
1	26
0	9
0	7
0	1
0	0
0	9
0	0
171	10
0	10
178	43
4	43
0	0
0	7
0	7
26	2
0	0
0	2
3	41
35	333
21	163
0	1406
0	1470
0	1178
108	181
272	247
0	1428
524	226
0	101
0	0
10	39
0	9
0	225
38	706
35	118
7	443
0	607
1019	4037
1	3053
10	1298
79	1601
1	454
0	225
1	383
267	0
461	258
1	245
1	15
41	13
0	4
0	9
43	0
6	88
1	88
6	44
0	6
2	104
0	71
7	100
0	8
0	2
0	36
0	36
0	12
0	4
0	2
5452	9242
14	9238
51	3623
1	17
0	0
0	0
0	0
0	17
2	1819
0	719
3	1723
5	3
0	142
14	185
1	1
9	14
93	72
0	5
1	145
6	146
0	135
0	1
0	1
0	1
610	35
1	35
1	5
0	0
0	5
684	559
0	45
1	0
0	2753
20	2753
0	2372
30	1329
41	1027
0	1299
0	1066
0	1104
0	1099
0	886
0	257
0	439
1	302
0	83
0	91
0	156
0	112
0	103
0	67
15	55
0	2
4	96
0	143
20	0
0	219
1	219
0	148
0	14
11	5
3	0
301	165
3	56
2	2
8	2
0	134
0	105
0	6
446	10663
5	6993
9	241
18	9025
4	1688
0	132
1067	2325
12	2322
38	1265
1653	4367
16368	5707
0	1607
17	1432
8	404
0	101
5	359
0	417
0	403
0	368
1	401
1	39
0	310
14	19
0	3
2	0
3	74
2	0
46	42
0	5
2	47
3	36
0	7
2	6
0	8
0	64
689	297
0	280
4	2
0	6
0	293
1414	294
345	39
1	39
467	5219
31	5193
5	2062
12	2266
1	1213
0	736
3	39
0	3
7	55
0	47
1	41
0	44
4	38
1	13
0	4
5	11
11	10732
0	10618
6	4883
1	6912
2	552
11	779
0	4766
0	544
0	810
1	1471
1	435
36	837
1	350
9	3843
2	1458
4	1470
44	1037
0	918
1	917
9	708
0	1461
8	381
30	372
1	133
30	209
0	1
0	1
0	1
0	1
0	0
10	14
10	442
101	441
2	462
0	55
0	81
0	123
24	492
0	493
0	462
14	4170
81	4045
3	3787
0	1038
0	58
0	174
9	412
0	46
28	153
0	109
0	270
16	216
11	217
1	157
1	157
1	139
0	0
0	0
0	0
0	0
0	0
0	0
0	130
1	133
0	0
3	96
0	157
0	166
0	0
0	0
0	0
1	0
0	0
0	628
16	347
0	893
0	373
12	733
1	3
0	3
0	6
0	836
24	737
4	99
0	0
0	2
0	48
0	5
1	17
8	3
5	0
0	41
0	199
6	480
0	0
0	0
0	0
0	0
0	0
0	0
4	487
13	460
2	333
1	465
0	58
0	81
0	1
1	27
0	2
3	49
0	334
0	220
44	85
2	56
1	49
6	58
0	60
6	56
0	7
0	23
3	6
0	8
0	20
0	40
0	19
0	41
0	30
113	294
0	455
8	402
10	2439
0	2669
53	2460
35	2453
0	50
8	97
1	291
16	0
0	279
0	175
0	6
6	124
2	209
32	232
3	0
9	31
5	25
0	17
0	17
3	16
8	15
0	1
7	2
0	2
0	0
0	0
5	41
0	8
0	3
1	0
0	53
0	456
0	420
46	461
18	124
14	10
36	171
12	152
0	13
1	498
0	881
17	46
0	54
0	55
1	2
2	7
0	881
0	12053
2	11686
0	280
6	1364
0	469
0	0
1	41
0	1169
8	10486
0	2591
4	529
15	2
8570	39
7	30
142	825
21	819
3	29
0	6
73	2
0	2
1234	1
111	0
15	3
1	2056
46	1854
0	44
0	2021
6	0
0	2139
18	1864
24	234
7	1830
21	1
0	81
76	3
12	3
54	1017
0	397
0	146
43	0
2	12
8	0
2	0
0	282
0	650
1	38
0	65
203	5232
5	96
10	2775
0	590
2	2851
4	295
9	55
33	2
13	3676
0	1879
1	29
4	29
0	3
0	3
69	349
0	219
4	372
0	144
7	108
0	13
0	94
0	0
1	141
12	64
8	8
218	0
54	1137
5	1137
4	456
39	462
8	19
2	181
0	1029
0	976
0	925
0	162
0	795
3	55
0	903
1	398
0	31
0	495
0	808
0	492
1	0
0	398
0	88
110	629
0	36
0	1079
0	0
0	0
3	145
0	150
0	119
2	24
0	21
3	19
0	46
129	53
2	53
5	32
2	23
1	15
1	3
6	1
0	1
0	1
0	0
0	0
0	0
3	497
0	302
4	380
0	317
3	189
11	170
0	165
0	46
5	177
0	1
1356	70
6	70
28	60
8	15
0	13
6	4
0	3
0	4
0	3
1	375
1523	379
1	94
2	977
8	37
0	13
3	318
6	254
10	97
4	1278
7	1435
19	2099
184	2204
9	58
4	227
17	472
3	602
26	325
0	319
91	231
22	148
6	52
2	72
0	10
6	56
3	20
0	470
187	261
228	267
20	158
5	4
0	2135
622	2136
134	1001
159	1014
7	961
24	456
2	398
10	0
4	71
254	189
1	0
22	108
15	129
7	736
13	206
0	6
7	48
0	719
0	0
0	0
0	0
0	0
93	271
39	271
9949	187
164	127
19	74
3	50
0	0
0	117
105	54
3	3
10	6
1	0
0	2
4	35
0	0
0	1
0	3
5	31
0	0
0	5
3	14
0	9
0	3
0	0
21	6852
0	7954
17	3727
0	296
127	8479
24	2695
0	1352
79	1000
425	803
8	1628
0	12
0	1607
2	123
20	143
0	363
29	1650
23	501
0	31
3	1450
0	1172
2	27
4	206
12	288
16	60
0	14
0	58
0	189
21	867
10	837
0	137
9	797
15	657
2	96
107	334
71	75
0	47
39	81
12	69
0	24
3	53
30	874
0	340
0	0
10	2
0	871
1	0
1	0
8	0
0	0
0	0
2723	89
0	88
181	0
2452	7172
44	6289
68	6721
9	501
0	1816
15	774
61	1418
9	348
1	607
7	959
0	1004
6	367
1	1745
1597	2614
2	969
3	1728
475	1
0	0
151	1991
15	1947
13	1402
21	208
3	110
5	213
25	11
85	522
2	20
14	185
1	132
2	82
10	206
1	152
12	58
0	160
0	17
2058	874
22	116
5	596
12	2
0	60
0	55
2	206
6	159
0	159
4	98
0	4
0	71
30	356
3	34
6	289
14	51
1	116
1	12
22	51
60	46
0	72
0	100
48	0
5	58
0	93
0	20
4	76
0	64
5	6
37	1641
53	1614
13	177
1	1
3	1
29	16
5	67
4	51
1	37
8	42
0	16
0	1772
12	882
2	1772
40	396
32	396
10	21
546	0
0	0
0	0
0	15
0	15
0	329
0	118
740	1146
334	392
6	754
0	2
0	0
0	0
0	0
0	0
126	0
0	0
0	0
0	0
0	5
0	2
5	33
0	0
0	0
347	1593
953	1581
0	0
0	0
0	0
0	0
0	0
0	71
0	0
0	0
0	0
2	5
0	0
0	0
0	37
0	0
0	0
276	0
0	7
19	6
0	0
0	0
0	0
0	0
0	5
0	4
0	66
0	0
0	12
0	0
0	0
1	0
1	0
0	0
0	0
0	0
0	2
2	1
0	644
0	15
0	445
26	466
25	377
0	474
0	0
0	0
0	0
22	491
36	491
2	36
28	3019
1	190
9	2200
43	2253
0	2046
3	305
8	7
0	606
55	53
51	1609
37	221
1	247
1	283
7	264
45	1056
26	1123
6	427
19	148
0	1
3	24
5	445
579	591
0	545
0	136
3	0
0	591
3	415
3	0
17	401
4	0
1	16
8	6
0	38
0	267
5	0
114	664
906	842
4	203
0	946
17	765
0	887
96	790
0	46
216	567
44	0
17	175
10	140
0	2
3	118
1	107
6	16
17	11
0	117
153	171
0	7
1	56
0	94
0	48
1	32
2	6
198	10137
232	10137
1951	3325
1507	3300
14	0
8	265
0	1205
7	1030
2	936
3	111
5	2
321	2
360	585
0	109
0	476
2766	1901
24	282
91	1618
91	65
0	65
11	1292
1	951
0	869
0	842
157	903
7	784
5	45
0	103
0	62
0	5
0	29
0	0
2	0
5	1292
0	1088
7	1128
6	78
7	120
11	58
46	14
4	67
0	822
0	0
0	0
15	25
0	7
0	5
0	13
363	0
0	0
0	0
0	0
0	0
0	0
3	0
634	879
0	714
3	49
6	176
0	99
0	42
286	3385
16	88
4	27
36	1173
0	3192
2	13
3	20
1	13
2	8
2	4
0	7
1	0
0	0
8	0
492	401
6	126
0	127
0	230
0	26
0	0
0	0
0	8
114	1557
554	186
9	1157
16	1426
13	25
0	19
3	11
2	25
10	686
12	879
311	879
166	556
0	92
0	556
0	74
21	24
66	0
43	4482
35	3785
162	4059
1	1238
4	1092
15	1226
8	665
27	1
161	4053
614	25
0	24
4	388
205	497
0	19
0	92
1	0
225	589
3	1
0	18
0	22
34	554
0	0
15	0
0	113
0	0
0	0
0	0
0	0
30	393
0	158
0	89
16	487
0	77
10	5
0	0
7	265
2	166
7	0
28	58
0	0
0	0
0	232
0	476
11	483
13	177
0	475
1	79
0	362
4	268
0	89
20	171
5	8
0	0
0	0
88	1
3	1
12	239
0	182
5	19
1	214
1	208
0	79
2	4
1	9
0	0
0	0
0	0
0	0
0	2
12	235
0	27
39	235
0	2
539	2763
8	2763
0	101
5	101
0	70
936	252
1	0
0	0
57	1901
0	2017
0	1941
15	63
0	282
2	1968
22	267
4	215
15	55
4	9
0	2
103	2
315	0
2	0
0	0
974	200
0	99
0	71
12	0
1	40
0	63
59	0
0	0
0	0
0	1
0	1
17	1015
67	1161
0	1240
27	1217
681	1
7	2680
0	4702
1	6070
3	6008
220	6885
372	7514
71	137
0	9
0	1057
47	415
38	2283
2	2830
11	78
3	191
0	0
47	355
1523	547
0	445
0	98
0	0
0	0
0	0
0	0
0	0
6	144
191	966
7	77
1	83
1374	961
642	128
0	2
3	12
0	2
4	116
0	725
35	1045
0	872
8	717
0	211
0	62
1575	5722
16	2355
2	5
34	280
5	457
0	449
11	138
1	0
0	5652
204	1684
4	55
24	42
2	8
28	1588
0	37
0	100
5	2
2	69
5	119
0	13
0	114
0	1
0	53
0	1
0	1
0	18
51	3283
0	39
10	3
2	2923
0	2803
1	51
0	2026
17	1840
0	3158
0	2983
0	2
1	3
0	2500
2	360
41	80
14	112
3	60
0	510
0	3253
0	3236
36	172
0	80
1	77
2	19
0	18
0	16
74	376
1	65
0	30
1	313
0	4
7	7
0	0
95	232
0	92
0	190
16	2
5	29
1	0
0	0
0	0
2	215
1	700
1	1015
7	1080
52	404
2	563
3	0
0	58
0	28
4	0
837	1059
0	209
0	902
0	941
1	703
5	945
0	114
17	36
0	5
0	126
7	99
0	0
0	864
0	1
15	4843
0	0
0	0
0	0
2	29
0	18
0	29
0	1
0	1
0	1
0	1
0	0
0	1
131	1601
6	607
2	1074
0	978
0	674
6	1240
0	0
131	809
14	283
2	0
0	718
1	66
0	88
2	27
18	19
27	47
26	52
2	11
2	0
0	7
0	6
0	2
0	2
49	92
0	89
0	82
0	79
0	46
13	7
0	10
0	3
0	4
1026	15
0	14
0	0
493	493
0	435
5	58
0	0
127	0
2	430
0	258
4	103
1	12
4	95
2	66
0	10
0	27
0	9
28	2
17	1
11	101
1	133
18	86
102	19
8	19
40	686
8	686
0	347
737	1570
16	21
5	141
0	1356
10	1356
5	35
3	11
1576	590
0	416
2	135
112	98
0	98
1	0
2	0
5	0
0	659
0	850
2	764
53	722
0	227
30	2414
349	2370
16	1800
10	4
0	1703
0	1704
4	1589
0	36
206	603
25	607
0	435
1	15
0	360
2	175
2	47
0	25
7	103
0	76
0	6
334	0
16	215
7	211
0	2
0	3
0	7
0	0
12	0
2997	4
0	58
0	7
0	58
0	7
0	1237
0	111
10	150
0	0
0	1
0	1296
0	1279
234	1083
108	1088
16	12
0	147
50	86
0	10
4	48
4	15
27	36
0	56
4	43
0	13
4	31
0	56
26	27
0	1
16	8
22	7
0	1
0	7
2	0
0	0
0	0
0	0
16	111
50	446
21	445
1	5
2	3
0	3
485	34
1	2
3	0
0	32
106	120
31	36
3	0
12	9
0	0
4	2
0	16
0	11
0	8
42	49
0	3
0	3
0	3
0	1
0	0
2376	0
1108	1
0	45
13	45
0	41
46	54
0	2
0	0
1	46
0	15
0	1
1	1
115	1
0	1
0	0
0	0
9	465
7	456
6	254
1	122
0	253
1	0
1	11
0	9
0	5
102	0
11	377
46	534
1	131
3	70
0	102
0	69
0	0
0	1
3	0
0	0
1337	615
1	9
90	533
2	355
19	427
40	356
0	5
1	98
0	0
35	60
0	42
2	1
0	57
12	72
0	78
6	497
182	502
1	440
15	6
19	6
1143	2413
15	2144
0	129
0	950
0	73
2	634
0	50
0	3
60	1
75	42
62	86
0	6
0	0
0	1
0	6
2004	249
24	246
1	56
0	12
0	12
0	0
131	781
2	918
713	1958
55	1645
5	70
901	2745
13	2582
85	2648
2	334
4	111
5	172
0	28
7	48
2	11
0	222
0	194
50	34
1	404
3	159
0	432
0	6
0	0
0	1
0	9
0	12
36	0
5	112
302	173
0	14
0	37
0	43
1222	891
0	891
0	8
9	10
0	1
0	9
1	10
0	0
430	1199
2	1569
10	864
0	1201
0	380
415	718
11	1550
789	37
1	36
1	0
8	2
233	323
2	378
30	374
92	551
0	460
8	270
0	6
16	90
35	350
1	350
2	0
0	304
43	320
0	29
1	320
12	65
0	72
10	5
0	137
4	76
0	228
0	149
0	111
2	154
0	149
0	167
0	106
0	165
1	93
0	15
0	109
0	104
185	183
46	184
9	184
2	0
4	184
30	224
9	35
0	56
1	54
0	10
0	52
2	6
1	16
0	3
8	0
3	40
18	25
0	9
0	41
0	0
0	0
0	0
0	0
71	1103
165	1290
13	502
237	974
0	200
21	901
3	371
9	0
0	266
55	102
2	18
0	22
2	77
0	77
3155	4
0	9
0	9
0	9
0	9
0	11
3	11
0	11
58	1457
19	1456
0	1245
0	452
2	383
0	15
0	110
0	0
14	4
558	0
2	56
0	1
0	56
0	0
0	2
0	9
0	1
0	1
0	1
42	2878
8	3
0	2878
214	446
0	430
0	13
7	17
0	24
0	0
0	0
23	180
0	451
0	1875
0	222
2	2338
0	2344
2	88
0	114
1	2595
0	0
0	3
4	567
0	4
1	220
0	1897
0	2
0	871
0	3
66	1
0	120
0	4
7	1685
1	19
0	0
12	0
0	2384
10	76
0	45
0	58
3	16
2	76
17	0
1	1
63	1262
10	0
1	2574
784	62
0	6
0	55
1	0
1	3
0	3
98	189
1	189
0	2
0	64
0	0
33	2
0	64
0	2
1032	430
2	429
0	112
0	209
0	290
6	2
40	2
0	0
0	16
2	4
3	0
1726	1470
1	8
2	1106
0	530
4	1458
6	1130
200	71
4	8
0	28
8	44
4	63
48	173
28	4703
3	3964
27	1299
0	4756
0	3402
116	3847
13	2964
4	2255
2	2337
183	3439
1	213
14	1572
0	370
14	0
3	48
37	387
92	2312
7	4453
1531	0
8	437
8	444
1	354
11	327
0	445
5	443
2	66
18	0
69	994
3	1058
18	5
24	1
1	65
0	19
35	22
2	19
0	10
0	10
0	10
0	3
1	0
0	0
2	1041
1	3654
33	3890
0	1870
2	116
2	161
13	282
0	127
27	417
0	212
2	38
43	1160
4	2
0	5
2	90
0	222
0	13
15	131
2	32
1	1156
6	1191
115	1012
9	1095
6	1081
0	852
92	724
13	21
9	62
0	291
389	820
5	20
0	8
23	53
0	819
105	0
12	1223
81	1234
4	6
0	639
0	4
1	12
0	6
0	3
8	54
7	3545
45	3340
46	1997
15	3510
0	6
47	119
2	9
0	113
110	134
0	132
0	138
5	37
0	0
6	0
47	300
1	213
0	237
0	163
1	0
2	0
0	0
0	21
0	33
14	1779
152	1746
2	354
350	481
0	102
0	33
243	1378
58	1291
0	227
2	105
0	51
19	364
7	19
0	8
0	12
35	416
0	318
0	329
0	133
0	114
0	94
0	104
2	2
1	23
3	9
5650	11580
4723	11747
1	2622
0	776
0	864
76	708
49	207
66	2953
64	2618
0	3
0	3
0	0
0	0
0	46
1	25
1	12
0	29
0	15
0	26
0	2
1	3
4	11
54	1512
0	14
0	11
0	94
0	1349
1	51
3	0
11	1431
0	4
0	0
1	322
8	0
7	1604
3	17
142	1199
12	1201
0	628
0	7
4	1
107	17
27	0
278	56
2	47
20	9
53	377
3	358
0	53
8	20
0	10
0	7
0	65
0	2
0	17
597	6525
269	6392
45	1117
36	715
18	0
17	17
45	202
853	370
11	139
8	90
2	77
31	165
2	109
1	51
0	7
9	17
1	2
46	142
0	9
1	143
12	7
0	4
1	2
0	2
0	0
0	1
1	2
0	5
0	2
0	5
0	2
0	2
0	2
13	1518
141	1518
1	0
0	0
0	11
0	5
0	1403
13	131
0	7
1	20
0	15
12	23
6	1
4	973
4	914
1	1211
3	1575
2	1211
1	35
0	85
8	1488
0	1061
0	64
0	178
7	1534
0	914
0	0
0	969
0	1250
3	907
1	0
0	62
0	158
0	54
84	58
117	3
2374	8
0	6
101	3040
1	337
239	2900
1	539
3	307
4	183
1	258
1	197
1	10
0	287
1	191
12	0
6	30
1516	1
34	3625
5	3330
10	499
5	10
89	882
4	19
7	288
3	958
3	0
0	0
352	806
4	771
27	2
0	124
4	0
8	5
4	21
1983	2671
0	2453
0	1678
11	405
78	1958
0	1275
8	100
1	387
7	149
7	16
9	363
0	2
0	1960
12	195
0	197
0	195
4	192
0	32
0	19
1	53
0	47
0	38
2	38
0	4
2	0
0	0
0	2
0	1
0	1
0	0
247	4185
5	10898
0	36133
34	39215
2	19056
1	276
0	2409
7	4543
11	1101
5	103
7	4
81	19
0	36133
63	268
2	56
0	129
15	84
0	38
1	141
17	14
1	51
1	0
38	4342
57	4342
5	4422
0	0
1	3
3	4258
832	1956
1	441
0	4
24	45
0	87
0	232
179	1739
0	653
0	978
8	359
0	585
1	578
0	962
0	551
0	619
520	565
0	41
2	143
0	12
1	113
1	80
0	456
0	332
6	40
2	1159
0	888
0	649
3	630
0	161
0	515
0	443
1	298
2	0
0	149
0	123
0	78
0	1143
0	732
0	1459
0	1114
641	1462
220	275
4	41
7	228
0	173
0	27
0	64
0	0
22	88
28	88
0	54
370	681
74	681
2	1
0	1
0	0
0	0
0	0
951	1499
8	673
5	817
1	192
0	881
0	20
1	968
4	375
282	371
8	366
1	157
1	2
71	15
0	14
8	2010
55	1136
17	0
2	10
0	71
5	662
13	580
13	148
0	118
0	36
0	2043
1712	1470
1	2
2	1451
0	0
128	705
5	685
0	194
186	4287
212	1483
0	3454
3	3
41	2
5	0
2	0
1	804
5	0
4	0
53	42
3	0
2	0
2	42
18	37
47	114
0	114
2	0
31	101
7	91
0	22
0	79
0	14
661	563
13	6
0	505
2	95
0	23
6	0
0	1
3	4
4	79
89	40
7	205
0	0
22	104
598	258
0	29
16	170
3	184
0	59
124	155
0	11
0	24
23	54
0	14
36	26
1	0
0	0
48	5557
0	5557
12	4097
0	5
1	62
16	45
4	0
0	122
11	98
0	5555
0	3229
88	606
0	1710
4	1281
2	105
6	1094
14	1773
6	1691
0	1710
10	626
10	42
3	191
2843	2
19	0
0	0
0	32
825	844
25	792
22	42
31	1492
0	1556
0	160
0	67
3	1200
0	0
3	0
17	15
0	18
69	2
13	0
0	0
0	0
0	0
0	0
9	484
1	421
6	69
25	0
1	99
20	128
0	2
0	14
3	1
10	10
0	10
0	7
9	5
6	26
532	2765
12	1243
5	335
73	2298
112	350
4	258
0	5
8	38
51	1291
102	101
0	92
4	8
18	116
0	159
91	337
0	346
123	483
6	158
21	103
1	93
0	5
8	36
0	1
0	511
45	510
10	6
0	429
535	113
0	0
0	113
0	0
0	0
0	0
12	539
37	84
18	371
0	254
0	209
13	124
4	1
29	1
4	290
1	115
0	641
4	641
0	440
121	62
2	0
1	3
0	60
0	970
3	967
0	468
0	465
81	130
3	277
19	172
0	94
0	57
0	28
0	72
4	3
16	26
7	45
0	0
0	0
0	0
8	0
0	0
0	0
8	19
4	17
0	0
0	0
0	7
7	3
42	394
0	394
0	54
0	0
1767	66
0	32
4	34
1	0
0	0
0	0
0	0
0	0
0	0
0	0
0	61
0	59
105	277
0	4
4	296
98	162
0	19
0	0
2	0
0	0
918	2460
0	2460
0	3
0	3
1	646
0	622
0	114
0	33
0	31
0	0
0	1
0	1
0	0
0	1
0	1
0	1
0	0
0	0
1	91
11	91
1	0
0	3
0	553
4	120
4	553
4	4
3	0
9	541
0	664
0	606
317	498
0	101
1	79
0	110
42	39
0	134
3	292
1	497
0	0
0	0
0	0
0	0
0	0
0	0
0	0
16	32
3	385
46	382
2573	5
86	603
33	36
0	508
15	508
5	232
1	103
0	242
7	278
1	296
0	0
0	11
5	13
0	2
787	1
1	0
1	0
0	0
6	43
0	44
0	13
28	10
17	69
0	14
0	0
0	0
0	104
0	104
0	41
304	836
3	796
0	512
0	57
0	0
0	10
0	0
0	10
0	0
0	0
0	3
0	10
0	1
323	0
44	154
33	166
0	6
3	55
19	28
5	956
0	871
9	306
7	131
5	18
0	21
382	427
9	23
2	28
0	71
0	433
9	2
2	2
0	354
10	51
12	1106
0	1183
22	1132
0	19
0	435
0	43
5	137
0	378
3	264
5	0
0	368
0	190
0	50
0	121
0	81
0	45
0	34
0	66
0	542
15	523
0	465
0	35
3	0
1720	37
0	13
0	23
28	572
29	405
5	290
1	405
0	0
0	0
2	19
1	19
1	3
0	4
0	4
0	2
0	4
0	4
0	2
0	2
9935	11
0	0
204	336
8	168
82	330
0	135
1	3
0	0
0	20
2	21
0	15
0	0
0	0
456	195
2	52
0	143
0	1151
17	227
0	1247
30	868
3	1147
2	130
19	982
13	55
13	133
2	44
0	0
1	1
0	1
28	3
0	0
0	4
0	4
0	1
6	4
0	2
0	4
0	0
0	0
74	766
214	1631
269	1786
21	765
3	815
0	157
18	1176
2	68
7	1050
174	1180
19	615
6	585
7	93
0	12
9	17
0	56
17	2207
24	2207
0	29
2	12
1	0
15	25
25	533
0	43
2	64
0	533
0	0
0	0
1734	1
524	1198
7	1199
7	336
0	176
0	176
314	151
20	151
737	1071
36	184
90	1084
182	768
3	18
49	258
0	572
2	435
12	164
0	100
0	16
1	88
0	23
0	0
10	135
0	52
2	24
0	10
0	114
0	88
0	30
12	22
132	784
0	743
0	154
0	49
0	0
6	0
0	0
0	0
0	0
17	509
5	500
2	499
16	509
2	64
0	13
2	1
1	7
2602	581
0	24
0	555
302	7
1	7
0	2
0	2
594	2842
3	29
0	340
2	2798
23	52
10	0
0	52
10	2
0	8
11	712
0	65
69	8
2	8
0	1
0	0
0	0
0	1
5	1351
36	1357
0	4
0	7
1	20
473	646
2	393
2	281
4	1
0	3
27	38
20	48
0	37
0	1
0	4
128	708
17	222
17	315
0	255
22	473
1	131
0	0
0	36
0	32
0	12
0	681
0	0
0	61
0	0
0	1
0	61
0	1
0	1
0	369
13	430
0	45
0	45
3	57
0	26
0	49
812	79
1	7
47	38
9	38
4	33
0	9
118	938
0	85
3	936
717	3624
11	1900
111	2493
0	7
5	7
2087	2738
8	2733
1482	88
2	87
5	736
1651	779
110	42
4	9
1	5
0	4
0	5
90	17727
0	13986
763	16505
10	4
1	927
0	0
2	0
52	605
5	610
16	510
0	3
1	67
1	74
0	123
816	695
6	678
9	601
0	16
12	5
12	2
197	21
0	57
2	226
3	119
0	0
0	57
576	684
19	66
5	137
0	7
0	718
0	19
2178	40
4	40
220	1209
18	1136
47	996
0	1148
1	926
1	0
6	3
6	14
11	560
22	36
4	963
0	0
0	0
193	678
124	671
25	94
0	546
0	468
95	467
10	5
0	0
2	10
6	239
0	135
0	28
4	146
0	4
0	239
308	111
13	128
9	55
0	0
0	0
0	325
39	330
0	255
0	3
4	45
16	30
36	162
2	1
0	161
7	647
26	567
8	616
4	602
91	46
0	34
9	26
0	7
0	20
0	6
6	43
16	3
17	0
0	20
0	0
0	0
2	613
0	0
28	1204
0	181
1	346
0	333
64	658
28	111
58	372
22	118
0	173
0	0
0	0
0	0
0	0
0	0
0	0
0	0
0	0
0	6
2	6
23	514
0	463
12	15
120	377
1	36
2	133
2	27
13	13
1	0
0	26
0	73
0	0
23	0
0	0
0	48
0	890
99	890
0	1
2	1832
120	1821
16	928
2	86
0	4
0	2075
1476	12
0	1
1	9
0	0
0	0
0	0
465	1
0	168
0	206
10	329
16	172
1	161
5	29
0	0
432	0
0	0
26	110
0	46
1	56
1	53
0	12
3	0
13	49
0	61
0	0
0	0
0	0
0	0
0	0
4	234
2	2
0	234
0	228
67	230
2	0
0	229
17	229
0	63
38	0
27	2614
52	1586
0	303
0	49
0	0
0	47
70	2443
5	1922
9	82
0	11
9	84
27	22
11	164
55	0
528	0
2345	948
2	0
4	0
1	913
13	0
0	141
3	9
79	1948
28	1947
98	925
46	699
9	23
0	17
0	21
2	17
0	3
0	0
0	0
93	400
1	289
2	212
0	0
0	0
0	0
0	0
0	124
0	129
1	34
5	4
0	5
0	0
3	0
235	20
0	20
3	111
951	19
0	19
1	0
8	1842
0	97
1	0
37	1812
3	169
0	113
0	59
0	9
1	0
0	17
1	138
0	0
2	72
17	256
1	198
4	266
0	242
1101	156
0	133
0	18
5	0
1	4
0	0
0	0
0	0
0	0
1	8
2	8
0	4
0	0
0	0
0	0
168	327
12	242
0	16
0	108
1	26
0	0
0	0
0	3
127	28
1339	29
0	0
0	0
0	0
0	0
0	0
0	0
0	0
0	0
0	1
0	1
0	80
64	1322
23	1331
0	203
3	77
0	21
0	17
0	0
0	10
24	0
39	0
48	0
33	178
2	1
0	4
13	15
13	14
0	10
4	179
0	2
0	1
0	0
0	1
0	0
1	0
6	25
4	40
0	26
3	5
768	541
11	12
6	28
1	123
0	0
1	9
0	9
2	9
0	3
0	1
0	0
0	0
0	0
371	0
7	401
4	512
0	315
0	338
1	0
2	22
0	50
0	8
10	8
16	275
2	294
11	258
2	49
0	47
0	34
2	20
1	68
2	4
0	8
4	5430
7	1412
5	331
1	1289
0	1381
7	1199
54	337
0	1259
0	4864
14	2399
17	3695
8	349
97	0
3	1829
12	5573
0	5459
103	628
62	309
111	170
2	318
58	69
62	32
0	7
0	3
0	43
0	116
38	227
27	113
39	2020
0	196
3	60
0	1438
0	1433
23	1906
0	1776
0	0
0	0
0	0
265	665
0	672
6	191
17	433
0	132
4	5
4	5
0	732
3	2
148	632
11	20
19	128
6	27
3	21
1	7
10	81
4	2530
0	371
5	138
1	7
12	333
3	43
0	38
0	80
0	114
0	153
86	84
0	82
0	401
2	255
1	326
0	416
13	426
2	428
0	417
1	366
0	31
0	161
2	3
0	1
0	412
30	0
0	0
0	6
0	3
0	6
1	68
4	94
0	82
0	74
0	94
0	71
0	0
12	185
0	276
0	6
0	73
0	233
0	6
1	9
0	71
0	50
0	40
0	77
0	106
0	17
0	0
0	0
2700	6
0	744
12	440
0	406
4	540
5	547
2	63
6	0
45	140
6	0
0	561
8	161
3	147
13	7
1	11
17	0
27	62
18	1489
2	5
35	1488
42	1433
0	30
4	66
0	7
138	31
0	31
3	10158
0	9860
2	6153
0	371
76	1106
4	24
67	1505
0	103
5	234
12	0
277	573
24	563
3	161
4	114
27	63
0	44
0	7
0	17
0	5
0	17
0	2
3	0
0	35
6	37
0	25
1908	149
2	0
0	92
0	53
2	1
1	2
0	2
1	3
0	2
0	0
0	0
0	0
0	0
207	0
1	4
0	4
0	0
56	0
0	0
272	1289
34	1341
32	81
1	345
1	240
3	227
2	2
69	171
0	98
8	92
681	2
1	794
1	0
423	3886
2	13
38	3873
43	361
1	425
2	280
11	95
22	8
861	1871
27	1861
99	1885
5	477
65	164
43	23
116	2
20	33
0	313
0	365
4	437
0	158
214	269
23	3
0	197
0	125
10	23
0	382
0	0
0	0
774	284
0	237
62	165
1	158
0	140
0	4
8	149
0	21
0	17
13	64
11	38
14	147
1	0
0	17
6	1
0	0
0	0
0	1
1	355
73	560
214	1035
0	49
0	64
2	272
0	729
0	453
1	470
38	2
99	364
64	291
238	194
0	31
0	42
4	19
0	3
1	0
15	656
30	478
11	450
0	94
6	509
26	516
20	1
0	103
3	0
3	445
19	21
0	445
2	0
0	0
19	257
14	262
0	203
1	1
0	0
3	7
0	7
0	3
0	3
0	0
2	42
0	31
746	613
1	376
0	158
0	23
12	409
12	13
1789	540
39	38
79	489
0	562
52	507
5	449
4	77
75	442
0	509
1	45
0	513
0	0
0	0
367	0
176	1203
35	710
54	1223
1	9
0	607
7	55
0	105
7	856
0	808
29	605
1	538
26	56
4	581
0	68
1	0
0	4
0	0
0	0
0	0
0	0
0	0
41	710
0	0
0	0
1	68
0	6
0	709
14	463
15	525
32	522
0	46
0	34
1	3
9	1462
46	1962
7	208
6	922
38	307
7	71
0	100
1	79
0	100
18	43
872	442
11	88
18	0
7	29
292	43
7	12
17	7
1	9
1871	322
0	166
1	310
0	44
4	28
0	355
0	376
1080	381
1	79
0	3
0	3
0	0
0	0
0	2
2595	170
12	64
0	41
19	82
196	841
0	474
2	779
0	2273
0	1961
13	2071
50	1324
2	153
0	111
8	345
7	415
97	1988
0	61
5	161
3	160
0	769
0	569
0	665
8	117
0	692
0	9
1	43
3	47
2	679
0	537
0	0
3	128
0	450
0	130
9	229
0	114
0	94
25	530
2	131
0	0
30	25
4	25
546	0
53	734
0	530
0	422
0	36
0	277
0	147
0	1
142	263
0	242
0	31
0	235
25	239
1	7
4	42
5	42
0	41
3	29
0	9
28	29
13	5
0	3
0	4
1	0
0	8
0	8
0	1
0	8
41	1832
1	1881
19	2274
55	1255
0	2023
153	1697
4	671
15	152
3	1809
6	1699
1	320
24	63
0	61
0	4
0	510
3	441
0	580
1	449
15	494
0	21
0	164
29	69
0	364
13	116
0	3
22	71
2	30
5	164
0	74
75	17
3	17
37	19
0	510
0	580
0	0
653	374
0	372
6	8
1	0
0	0
1	6
2	0
0	0
0	2
124	206
0	213
42	185
0	54
25386	8100
2	1434
3	3923
10	1939
1683	399
0	309
1	105
567	0
2	1972
14	474
0	5
0	1972
325	1681
163	1681
26	3
0	3
0	1
0	1
0	0
0	0
2	0
25	11
0	3
0	8
0	3
0	3
0	1
0	0
0	1
0	1
1	1
0	0
4	204
2	196
1	189
474	408
0	407
50	254
0	41
21	12
4	14
0	6
327	0
27	0
0	0
0	0
1	275
1	761
9	806
34	779
0	753
0	99
0	133
1	15
8	6
1	19
527	1672
48	731
7	1239
25	228
0	6
0	666
1	189
27	7
0	7
0	145
22	145
6	217
0	45
0	234
0	69
0	152
159	223
0	191
1	22
0	1
0	32
1022	0
3	12
0	12
3	5
1	3
12	0
7	0
0	2
28	58
39	73
1	8
4	91
0	79
3	0
1	3
0	10
0	0
8	6
73	399
10	392
25	1010
6	1258
0	1501
0	55
9	189
0	80
0	211
7	180
7	186
7	31
72	487
0	0
0	543
0	133
0	191
4	514
0	516
4	4
1	4
0	0
0	1
0	1
0	0
0	0
0	0
0	0
1	0
0	0
0	0
0	0
767	1176
0	733
4	119
6	1
0	1089
732	0
8681	6562
0	3766
3	5682
26	1873
8	3587
4	10
4	10
0	7
464	540
7	452
3	546
1	2
2	59
0	400
0	0
0	0
0	0
134	928
2	752
19	256
4	207
1	4
4	4
0	4
3	18
1	0
0	0
0	7
1	7
0	0
0	0
0	2
51	702
39	403
11	490
33	79
6	5
0	3
7	192
6	131
1	80
2	143
0	71
0	150
0	89
0	246
1	70
0	167
114	171
666	0
0	306
0	289
12	193
9	38
1	108
3	1
3	9
0	275
4137	4553
0	4132
0	2401
23	2793
2	1455
11	709
0	120
3	634
2	645
0	680
1	72
0	53
0	17
223	261
25	185
60	104
3	46
0	46
1	1
1	1
0	0
0	0
0	0
0	0
0	0
0	0
0	0
0	0
0	821
13	709
13	645
10	831
5	264
1292	10
3	8
7	2
1	93
3	10
0	73
0	6
2	39
0	28
0	166
0	28
1	0
2	0
0	34
0	1
0	2
0	2
4	48
2	48
0	0
0	132
2	76
0	140
0	43
0	49
751	348
11	1
28	651
0	327
5	319
17	343
0	291
3	347
0	174
7	638
0	0
0	0
0	0
0	2
0	2
99	54
3	54
0	1
1	17
0	0
0	0
0	0
0	0
0	0
0	314
635	355
0	40
0	0
2	9
0	0
0	0
0	0
4	442
0	213
0	360
0	36
0	41
2	15
0	116
4	35
8	141
0	69
0	0
0	0
590	5727
109	5727
3	3
0	0
0	3
0	0
0	0
0	0
0	0
0	0
2	193
6	594
33	1066
111	1071
1117	134
44	126
0	8
30	2
20	306
1	281
4	243
0	0
0	16
0	136
1	7
136	315
15	315
1970	783
18	410
1	708
2	33
16	76
40	0
0	0
14	155
6	155
0	28
7	7
0	33
1	13
0	2
23	40
0	2
0	40
21	170
224	347
2	291
61	36
280	115
0	2
0	21
0	2
0	6
0	19
0	22
0	11
0	21
955	1
4	84
3	118
7	244
832	246
2	15
0	0
0	0
67	228
4	188
8	245
0	146
2	35
197	1267
1027	1450
13	627
58	574
0	168
0	0
0	1263
0	0
0	0
0	0
0	0
0	0
0	0
9	8
0	8
0	0
0	0
0	0
79	966
10	948
9	42
0	18
4	1
0	1
314	63
30	62
0	52
5	23
0	13
0	1
4	13
0	14
10	568
1	169
1	33
6	7
0	558
0	322
398	1158
17	984
0	5
4	164
2	81
44	311
0	1
0	16
3	94
30	2896
8	2896
102	2918
0	2
1	16
2	8
3393	3
14	0
0	491
6	417
0	154
1	158
0	28
11	56
50	0
759	440
1	438
1	5
5	206
0	539
643	561
10	133
0	0
2	22
5	20
0	20
20	0
0	3506
49	3483
8	1963
39	1515
1	37
4	1
2458	40
3	40
3862	1071
3	896
0	107
0	161
0	0
0	0
0	0
0	0
0	0
1083	194
1	137
0	104
2	15
2135	199
1	199
202	264
0	242
0	240
2	42
0	21
0	2
0	2
1	312
23	338
1	76
0	2
0	24
1	107
9	108
0	84
0	0
0	17
0	0
1	3
0	3
0	3
614	634
0	38
8	11
32	3809
0	2667
0	2872
3	3058
24	152
2	2640
32	976
0	2595
399	12066
22	8997
0	3441
5	4127
17	9961
10	2762
12	0
23	94
2	3
2	82
1	86
0	3
0	0
0	0
0	1
1	314
0	1
603	315
0	1
0	0
2	282
1	115
8	7
1	9
9	256
5	37
9	90
1	42
0	42
344	89
2	15
4	16
0	16
0	0
0	0
2	1
0	0
0	0
0	0
0	0
0	0
0	0
0	0
0	0
0	0
12	118
0	118
1	0
0	0
0	0
25	250
0	33
0	2
0	264
0	0
6	0
0	0
0	10
0	10
0	10
0	10
2	8
0	4
0	10
5	1667
103	60
0	1685
6	1198
0	1232
13	171
1	73
3	40
10	18
5	116
0	1950
2	2132
0	2114
20	3065
35	3218
7	3031
1	1045
0	0
2	320
9	1652
2	75
5	525
0	484
0	132
1	367
16	543
0	195
0	175
0	92
57	189
1	0
44	99
12	84
0	56
0	11
0	2
1	2
5	0
349	49
8	4
3	6
0	39
4	12
7	12
6	811
0	708
0	37
0	37
4	797
5	1
0	470
0	486
6	52
5	150
0	73
0	10
0	1
461	286
5	223
1	63
1	398
16	505
0	5
19	541
10	209
5	338
2	170
1	98
0	111
0	72
13	89
0	23
0	0
17	4806
96	4221
0	1314
43	947
20	745
13	875
0	447
26	1678
40	348
18	561
20	242
6	502
0	551
10	1023
0	349
5	358
1	352
9	362
2	21
0	1
5	0
0	74
0	73
0	0
4009	3216
326	507
0	54
150	711
0	555
64	21
22	657
91	1288
0	170
0	1
0	439
2	243
2	406
5	382
3	28
25	109
0	10
0	41
96	827
141	696
27	827
2	691
0	4
15	1239
0	997
25	894
0	155
2	1374
3	1438
0	1541
1	1428
0	1465
4	27
0	103
0	141
22	1005
35	979
4	59
5	35
685	0
4	462
6	482
43	288
6	344
0	0
3	355
0	14
1	13
3	36
9	436
0	438
1	4
0	1
0	1
0	3
0	3
0	2
0	4
5	0
0	1
0	3
0	1
1	0
0	380
15	8
149	748
1	168
15	8
0	2
17	211
108	370
1713	113
6	1
2	25
0	12
1	74
400	1835
0	1835
1	0
328	50
0	34
1	15
8	50
426	51
596	0
0	0
0	31
0	20
1	840
2674	1028
0	0
97	187
278	55
1	45
1	9
1235	3322
38	276
1	386
2	2563
1	412
3	194
13	60
1	264
6	208
1	292
3	10
33	78
36	19
0	31
0	9
0	6
2	146
0	159
2	153
1	148
0	152
2	11
0	1
0	23
0	21
0	16
0	1
1	1
1	2
0	152
6219	1909
16	1291
90	1799
11	557
2	127
51	3
5	0
15	248
2	32
1	217
11	4
0	4
6	42
25	35
11	39
6	0
0	0
0	0
273	829
41	33
190	796
4	20
1729	2
4	962
0	1042
0	967
0	30
0	1027
0	0
6	802
9	94
31	40
5	3
12	752
1	107
4	2
0	15
11	4
21	386
59	397
2	47
802	2
72	89
0	5
12	65
4	4
0	8
3	15
0	25
0	25
0	4
123	459
83	620
3	520
0	0
0	0
26	637
21	154
0	10
0	0
4	37
9	12
0	1354
0	1298
0	11
0	5
0	41
1	50
1	9
0	35
12	496
14	134
0	329
0	61
0	434
0	33
0	0
42	58
0	14
4	14
0	10
0	12
0	2
0	2
0	0
0	0
0	0
0	0
1632	2
17	1
0	1
30	409
3	365
0	403
8	345
2	0
6	3
1	0
0	0
0	0
0	0
925	2
0	20
0	8
1	18
0	12
0	16
0	3
7	11
1021	1924
4	7
14	1432
0	1203
0	1639
0	1248
0	420
0	1066
0	835
0	1018
0	93
0	759
0	331
2	394
5	299
9	0
0	54
0	1
1869	1
170	660
5	626
3	93
0	1
0	32
0	0
38	4
2	0
2	31
0	36
1	6
2	20
0	17
0	0
7	26
0	36
0	3
3	33
0	2
0	14
0	8
0	40
36	1654
1	617
0	1074
436	2121
18	1985
17	0
0	0
0	182
7	284
25	183
0	2120
2	700
26	703
49	739
7	736
0	166
0	111
0	20
0	0
1	0
4	5572
8	1416
76	312
0	5569
0	0
0	0
263	0
4245	458
2	366
0	152
0	149
1	2
17	170
13	601
3	548
0	15
0	40
4	3
5	268
1	2
3	5
0	20
2	311
0	0
1	33
4	2
7	2
6	10
270	196
65	204
0	148
10	204
155	20
9	6
2	0
3	6
10	6
10	0
0	91
3	90
0	4
0	0
0	0
0	0
0	0
0	0
0	156
26	159
1	158
3	37
8	21
257	723
0	6
2	227
1	571
0	82
1	161
0	31
0	11
4	397
20	20
0	304
0	1424
35	1399
0	851
0	349
17	1400
0	27
1	0
2	12
0	1392
1	0
0	238
29	395
11	306
0	128
0	0
0	0
0	0
0	0
0	0
7	425
0	0
14	456
17	319
0	137
1	68
0	357
1	346
0	391
0	288
0	105
25	13
0	12
1	82
0	54
0	10
1	3
178	0
275	619
1	50
3	15
2	21
1	17
0	532
0	45
0	36
0	126
1	3
0	3
77	573
10	57
0	269
9	306
43	2
0	56
569	61
1	61
250	32
1	3
1	6
0	0
1	23
0	1
14	289
5	276
4	1
9	1
0	275
2	19
10	23
0	22
0	23
511	95
2	0
31	95
0	88
0	1102
0	1116
1	609
0	585
1	1
0	94
0	159
0	210
4	115
8	134
0	134
1	117
2	3
2	5
0	6
3	9
1222	594
1	341
0	310
0	81
0	48
20	2
1	133
7	20
0	9
5	154
734	415
1	414
0	208
1	1
0	81
32	81
2	5
8	58
25	124
7	59
0	116
0	8
74	869
0	75
0	1
0	38
35	778
58	46
0	5
2	46
0	0
0	0
2	3
253	3
3	1
57	39
6	39
0	5
2028	0
0	2
1	10
0	2
9	10
2	4
1	2
0	35
27	35
0	0
0	135
2	0
1	0
0	0
0	0
0	0
0	0
0	0
0	0
305	26
0	26
36	0
1	4
19	618
32	1561
520	1841
9	213
0	126
0	122
1	489
60	872
0	2
4	231
218	1514
10	1343
2	0
20	323
1	165
8	278
28	450
2	401
0	230
1	0
23	109
2	33
0	92
0	105
0	301
5	1051
0	340
0	0
0	33
0	105
0	706
0	897
0	12
0	74
2	86
0	1051
0	1048
0	1049
0	1003
1	1531
115	1525
10	71
4	10
157	6
0	763
131	764
20	764
1	3
170	1019
2	1018
1	1
0	6
0	76
0	8
0	72
198	20
2	19
0	1
5	0
1	1246
0	1194
0	5
1	5
0	0
2091	3096
37	3005
0	2059
2	354
4	334
5	199
3	9
0	0
0	1
0	6
6	6
3	1
0	0
74	416
2	349
979	420
0	68
0	0
882	2166
7	31
4	2158
9	445
127	543
0	0
332	672
6	220
45	97
3	88
7	621
0	208
50	211
1	197
0	197
1	81
13	344
0	336
2	47
0	0
753	646
0	1
0	384
0	384
76	404
0	160
0	146
1	141
100	12772
0	1977
0	227
0	193
0	1012
1	13817
0	14000
0	76
2	18
11	67
4	1387
120	1860
0	12756
3	77
1	16
30	3072
0	6414
0	60
0	325
4	264
0	13460
69	0
0	0
0	9
2008	2719
1	1348
0	3114
5	66
38	223
0	100
27	18
0	3
0	18
0	6
0	0
0	0
0	0
468	1616
0	1170
1	1
0	1244
0	128
7	614
188	126
0	6
0	6
4	10
605	0
2570	1636
30	1633
1	1128
10	374
0	918
10	0
0	0
637	149
0	11
0	137
0	8
0	4
0	4
0	4
0	1
0	1
4	1735
302	2396
82	670
30	580
10	624
10	555
81	184
173	0
0	0
3	451
5	441
8	338
2	64
0	10
0	110
0	189
0	64
8	3
1	0
0	0
21	1240
123	1238
2	27
5	101
6	189
3	1
0	31
942	213
0	212
37	505
14	857
19	615
14	21
0	16
9	62
1	281
7888	2302
1	2111
32	398
1	110
0	0
0	0
79	973
57	875
15	903
0	45
20	463
0	0
1	9
0	0
5041	3431
2	3081
0	1998
4	167
0	0
0	0
0	0
0	0
0	0
0	0
0	5
282	435
3	435
1	0
2	74
1	1708
0	0
361	2201
6	2200
1	12
8	0
5	0
0	0
0	0
0	0
1498	220
3	202
0	18
85	0
0	0
0	0
0	0
0	0
0	0
0	0
0	0
0	0
108	485
21	490
0	122
1	5
0	15
0	7
77	88
16	88
495	6096
18	17
35	24
0	17
1	5
82	6096
868	8331
45	5457
870	8817
11	8348
8	2801
2	11
11	65
24	63
78	8390
22	1538
1	29
0	29
6	3
0	0
2	1
0	0
0	0
0	1
0	1
1	1
0	0
0	0
70	21
2163	839
14	304
1	527
0	24
46	147
38	157
8	368
0	0
0	0
8	29
0	29
0	1
0	0
0	8
0	27
0	8
4	42
2	0
0	42
92	1
7	22
136	57
4	153
1	267
0	263
0	256
4	91
0	29
0	67
1	35
9	30
1	60
1	0
389	256
3	255
21	197
7	23
435	14
1	14
10	1102
39	832
45	1013
0	877
0	805
57	811
88	81
5	65
2	90
1	6
0	82
6	374
35	377
3	54
10	0
6	377
0	623
1	61
0	0
1	820
0	611
0	389
0	71
2898	301
0	169
1	122
0	0
1042	342
1	262
0	262
17	7
8	7
2	622
324	260
1	254
0	0
2	585
0	35
0	582
2	39
15	3
7	486
0	91
0	580
4	1933
213	972
251	1745
13	1641
33	1665
3	786
0	22
11	65
1	643
0	600
1	42
12	52
5	607
1	360
3	34
2	303
1	349
0	4
1	302
0	349
0	1
0	2
102	1671
5	1262
0	1469
87	1226
223	1187
59	45
11	392
0	0
3	691
0	1028
0	389
1	382
17	721
16	603
286	1255
5568	2
45	324
1	252
11	118
0	166
0	3
0	259
0	73
71	1292
2	1315
49	197
1	11
0	10
0	13
2	13
0	2
1	5
0	5
0	0
0	0
464	499
0	63
3	435
2	0
1849	1396
0	208
32	1281
61	0
0	0
4	0
0	158
7	1055
1	549
3	495
0	301
0	399
3	174
4	663
1	453
1	396
1	160
3	138
0	0
6	175
37	3
15	207
5	2
39	0
0	0
0	0
0	0
0	0
0	0
0	0
858	510
4	425
3	434
223	298
0	37
79	2705
1	2799
24	0
1	1
0	213
1	96
0	0
0	0
796	500
0	64
34	9
0	80
2	99
0	491
11	0
0	0
0	0
27	11
0	11
0	0
1312	1
1170	535
40	532
9	72
2	3
5	86
1	36
0	3
63	33
0	1
0	0
0	0
2	75
2	75
0	1
0	1
1	0
9	22
345	1
5	455
0	0
0	21
43	32
0	3
132	30
2	360
1	94
5	87
0	896
45	250
11	10
62	1010
37	47
8	32
3	47
481	1425
99	140
55	1285
0	0
17	234
107	234
2	62
3	2
15	0
46	1619
14	1829
3	1713
6	4442
30	4555
1	354
13	88
1259	1952
0	177
1207	1917
334	1160
0	2
0	2
1	2
0	2
63	0
86	1270
2	612
93	1321
16	1288
6	78
0	739
1	330
16	403
3	578
222	504
3	22
5	582
5	171
5	359
0	4
4	47
29	11
0	34
13	83
1	16
0	2
0	128
0	1140
1	1055
25	1022
7	1012
0	0
17	256
55	173
0	10
2971	2328
1599	2327
3	1
0	1
15	0
2	0
0	0
1	0
0	0
0	0
695	38
0	0
0	37
7	50
51	50
45	50
152	42
4	42
0	1
0	61
0	29
14	221
2	269
45	7
0	159
2	10
36	1
0	18
0	5
0	5
243	118
143	101
5	17
1	0
26	516
3	19
0	5
12	8
0	36
0	0
6	2
0	503
0	520
0	573
2	132
32	43
1	51
1	45
1	113
0	102
0	44
141	102
15	103
0	68
0	90
0	51
0	217
66	369
0	346
3	61
0	213
2	5
0	5
0	0
0	106
1501	661
0	0
1	53
0	25
0	632
1	105
5	3
0	3
0	0
1	0
0	0
0	0
0	0
0	0
0	0
4	136
192	148
0	149
1	29
0	14
0	1
0	23
0	7
0	12
0	12
2	4
484	49
2	15
4	2
0	33
0	13
235	104
5	84
3	16
0	16
3	12
257	16
359	10
0	1
0	0
0	0
0	0
0	0
3	275
71	887
113	98
5640	3357
61	189
4	909
0	1798
1110	22
0	0
0	0
0	0
0	0
0	0
0	0
0	0
0	0
0	0
0	0
0	0
94	417
21	357
66	77
18	21
20	282
329	281
17	113
6	99
0	1
2	83
1	51
3	59
0	15
1	28
0	13
5	13
0	0
0	0
1	0
0	0
0	0
0	0
0	0
99	1452
9	1386
65	1401
2	7
169	831
0	0
15	35
3	14
1	92
14	11
4	3
6	81
0	19
11	186
7	284
0	338
0	156
0	0
0	0
0	0
1327	4274
0	926
0	3337
16	583
5	16
0	451
0	468
0	695
77	251
8	306
0	12
0	218
1	380
9	300
0	85
1	75
3904	19
12	1
0	16
1	10
0	0
0	0
0	0
0	0
121	706
0	618
0	328
0	0
0	21
132	1212
86	1210
46	1
138	2166
99	1851
0	2118
0	1784
1	1183
4	991
29	31
0	0
0	231
1	272
2	493
0	218
12	111
0	349
1	40
0	218
3	42
12	0
0	266
0	13
0	0
0	0
0	277
305	53
1	53
0	1
0	13
0	6
13	13
450	350
4	271
0	50
3	39
0	0
0	0
0	0
0	0
0	409
3006	6
1457	2
0	1
0	1
4	316
0	11
0	1
0	1
0	130
0	0
0	0
2	0
0	0
0	0
133	0
0	0
0	0
8	36
0	36
0	36
25	332
815	1211
74	387
0	231
60	406
0	290
9	77
0	138
0	6
27	284
1	100
0	442
0	0
20	29
0	29
18	0
0	0
4	17
0	11
0	17
0	2
0	3
0	0
0	0
0	0
27	0
0	0
13	588
29	1065
3	398
4	5
9	58
0	12
17	233
7	267
1	63
1	78
0	62
2	117
1	2
0	355
16	504
153	504
852	7
32	7
24	86
0	109
29	48
225	785
0	0
0	0
11	1341
27	421
2	905
3	1184
12	144
185	862
26	105
55	336
0	0
3	1
0	336
1	6
0	2
0	3
0	0
0	6
0	7
0	192
4	281
0	226
0	68
0	17
0	219
5	58
0	57
9	2
721	230
0	131
5	31
1	7
44	62
71	203
17	134
0	187
5	41
1	6
3893	366
1	361
0	0
0	0
0	0
0	0
0	0
0	0
1958	1
1794	3
29	177
0	177
0	0
0	434
30	483
0	0
0	236
0	26
10	0
2	0
0	56
315	3259
9	203
4	0
1	6
0	3259
0	47
14	0
451	52
3	6
0	0
5	0
519	49
0	49
0	288
3	505
0	313
5	439
0	459
1	1
0	164
2	60
13	20
0	45
0	4
0	12
0	483
907	3629
9	2799
380	160
0	953
348	1373
0	1064
19	466
3	4
7	0
1	2
210	712
0	2749
232	2991
36	618
8	54
0	54
0	54
2	2289
48	2108
22	1362
7	182
4	2
0	554
0	0
0	0
11	465
2388	465
55	2090
39	2082
6	12
29	1776
108	413
61	413
0	2
24	965
33	1170
5	166
1	718
0	118
49	14
11	333
3	7
0	2
0	446
121	403
2	4
2	122
0	252
0	374
0	0
0	64
2	94
0	445
2	0
8	2883
33	4902
9	3787
1	1172
2	214
22	118
8	48
9	43
1	6
1	49
7	7
0	24
0	23
0	22
0	19
0	0
0	0
0	23
2	0
1	0
0	0
0	0
0	0
0	0
16	16
0	15
0	1
0	8
0	16
0	0
47	236
112	236
102	383
38	383
3	28
1	4
0	0
0	102
5	55
0	0
0	2
34	30
1	29
206	164
0	94
12	127
0	7
0	7
1	0
0	0
0	3
4	1531
2	1420
1	1263
0	1027
6	108
1	42
1	260
24	163
0	1
0	1
0	1
507	120
258	120
0	1
0	1
560	1392
1	1246
0	370
28	150
0	0
0	0
0	0
2766	245
12	126
2	242
10	0
22	47
0	35
0	2
0	4
0	32
106	322
0	33
0	288
0	25
0	0
0	0
1472	1756
9	1707
0	0
0	0
1	0
82	53
0	11
6	0
8	41
2	4
6	565
336	625
5	1
0	64
1778	0
5	1
2	1
0	1
0	36
0	230
0	12
0	22
0	0
0	8
0	1
0	202
0	245
0	3
7	199
12	55
716	414
0	409
1	5
394	13690
20	11216
0	4732
13	16
17	2957
2	1
521	11572
13	560
6	43
32	7
24	63
3	40
0	29
6	39
0	10
0	9
0	3
2	2
29	148
107	148
6	124
2	297
9	361
2	35
2	101
0	14
3	201
0	0
1543	953
14	282
6	533
3	240
2	40
497	242
0	241
102	35
0	26
2	56
1266	60
1	58
164	3729
0	3306
16	3933
0	472
0	515
0	161
2	15
3	50
0	3344
2	0
0	0
466	1321
11	1321
64	2059
108	2056
74	296
0	8
18	29
0	241
8	59
0	406
0	64
0	87
1	83
14	88
303	575
9	552
6	562
16	112
0	314
0	0
73	728
0	572
2842	712
0	58
1	1583
62	1538
4	1541
0	473
0	174
0	44
0	16
1	6
1	1113
127	444
9	299
0	278
2255	80
33	80
3	701
4127	702
1	0
0	0
0	0
0	0
242	3862
0	315
6	791
2	710
282	2879
0	2724
14	750
0	28
1	452
0	385
0	368
2	318
0	17
0	65
0	5
7	0
13	257
0	143
5	216
2	9
8	17
2	90
0	6
3	1370
40	842
2	156
3	32
18	15
0	0
2	603
608	114
8	38
0	64
0	47
3	8
3	0
0	4
4	228
0	198
0	116
0	107
0	19
13	17
1	31
0	31
10	985
103	986
19	594
0	35
0	0
3773	40
10	34
0	34
0	42
8	28
0	11
2	11
0	0
148	45
2	35
0	749
0	749
0	34
101	4841
5	5
0	795
2	4399
1	6
1	2233
13	295
0	0
0	0
827	1
22	0
295	333
0	238
0	69
0	138
45	0
42	59
13	11
13	351
0	351
0	0
0	0
0	6
0	4
0	9
0	9
3	1
0	0
153	15
0	5
1	10
47	12209
0	12412
50	3837
0	11514
0	11789
5	14
0	14
10	813
0	6
0	0
51	2
0	2
6	832
0	59
7	2
0	604
4	14
0	832
0	832
9	502
8	1225
0	466
11	1026
6	1205
0	482
0	1019
0	101
0	29
0	70
7	343
1	846
0	99
0	72
0	338
0	1059
0	338
0	0
2	0
469	1197
0	341
0	0
20	17
1	6
6	1197
5	15
0	1195
1	4
0	1
6	2694
82	3465
0	353
0	17
4	685
50	2664
0	464
0	312
3	102
1	735
0	99
7	2205
152	2214
0	12
2	102
0	43
0	17
0	2204
4	1538
0	0
7	31
1	0
833	1120
0	104
17	8
11	1120
0	820
2	1120
0	0
9	0
0	0
1650	2
0	0
1041	1
0	3
0	3
0	0
1	0
0	0
0	0
0	2311
1	79
55	1582
7	44
0	39
0	36
1	36
1	0
0	3
1961	1073
0	150
3	180
3	70
18	807
1	20
18	605
0	76
1	16
4	81
3	149
0	0
0	0
0	0
350	0
53	350
113	350
0	345
1	0
9	0
0	0
12	0
584	1
10	323
1	129
0	24
0	55
2	19
0	329
0	11
0	11
6	6
0	6
133	0
0	0
0	0
0	0
71	212
0	8
1	185
13	21
5	9
0	195
4	0
501	0
0	0
496	257
0	150
1	8
1	0
0	38
30	100
0	0
2	79
0	201
17	324
0	270
0	143
1	202
31	362
3	23
8	0
2	43
53	246
74	308
0	263
5	0
0	5
18	80
21	106
10	28
2	25
0	21
0	24
0	21
0	24
11	12
3	3
0	0
1	476
0	312
2	0
4	11
8	0
2	282
0	406
300	1191
4	1142
11	909
69	16
2	38
0	36
0	68
0	29
0	3
0	4
1	1
0	0
0	0
0	0
0	49
0	110
7	113
0	37
9	3
306	0
208	3978
586	3418
144	3605
1	0
0	3
10	0
1	385
498	780
290	198
1	85
0	6
0	114
682	23
0	20
0	3
0	3
0	1865
55	1300
0	161
0	1446
0	344
0	911
2	911
0	0
0	0
0	0
76	0
12	1373
158	900
4	1261
3	334
0	0
0	125
6	614
23	0
42	0
134	2
11	0
0	0
17	0
0	0
0	3
0	3
0	3
0	3
0	0
0	0
35	0
0	0
0	0
0	0
2	0
0	1
0	0
0	1
0	0
0	1
0	0
792	464
4	474
6	13
8	176
0	1106
4	1335
0	970
0	826
0	632
2	969
2	971
0	712
23	821
0	821
1	320
0	265
2	0
2	33
93	33
447	701
5	219
6	618
0	61
1	91
43	196
0	0
564	855
4	788
1	792
37	768
1	689
1	614
0	540
0	0
6	39
3	7
0	68
1	64
1	1940
117	255
27	254
2	63
357	63
9	10
1	33
0	0
0	0
0	0
117	489
0	489
55	17
2	17
0	3
0	4
0	7
0	0
1	181
4	144
1	29
0	14
0	203
36	49
1	49
0	6
0	0
0	18
1732	1
210	270
19	270
0	0
0	0
0	0
19	66
0	66
0	0
79	364
2	557
0	413
1	385
1	21
13	0
0	132
1	3
0	17
137	231
0	231
0	3
3	1089
43	1116
45	11
0	10
1	1
13	599
7	49
2	93
0	599
941	579
0	578
0	512
63	489
0	151
0	56
1001	438
0	441
0	402
0	2
2	12
0	8
2	1536
5225	1540
10	843
10	703
211	703
30	87
144	712
5	341
0	291
5	56
1	3
0	1
235	62
19	33
146	2004
4	211
0	484
0	397
16	1635
38	286
0	295
159	0
0	0
407	137
1	0
0	6
8	52
1	4
3	40
0	1
5	7
1	28
1	27
15	0
0	25
0	26
0	3
0	3
1	8
6	857
0	864
0	883
0	870
23	868
0	799
8	4121
4	80
0	0
13	541
32	17
14	421
2	274
12	3
0	188
64	369
1235	361
70	11
531	212
0	107
0	105
23	33
12	33
28	48
27	44
0	1
0	1
0	1
0	1
0	0
0	0
0	0
0	0
343	327
0	16
109	311
0	93
7	1886
169	597
0	1751
7	2461
9	719
0	188
0	425
1	454
0	629
13	1407
7	63
0	489
107	211
1	78
13	182
0	0
112	419
33	424
0	93
6	121
1	12
176	285
0	23
0	63
0	9
7	40
2509	504
60	496
0	12
4	80
148	2
0	2
19	91
5	0
1	91
4252	85
0	80
0	1
0	1
7	0
411	843
0	0
1	843
0	84
1	0
2	70
24	357
1	11
0	76
339	349
0	36
1	19
11	115
57	442
0	86
13	133
0	296
41	359
1	0
2	72
13	83
737	126
149	317
22	256
18	17
8	48
0	0
0	0
4889	3
9	2
2	206
0	192
0	297
27	294
0	298
0	111
0	76
5	76
2	1
2	55
5	183
0	4
1452	1198
1	1171
11	902
7	633
0	599
0	57
49	88
91	1
4	79
12	44
0	21
0	3
18	16
0	1
2	0
1	15
68	332
6	77
243	281
0	237
47	3786
55	3934
0	4265
5	32
1	2926
3	15
0	192
3	26
1	332
28	4
1	667
172	359
4	334
0	25
1	6750
70	7075
6	7006
154	3901
14	4343
2	4253
131	3755
5	681
31	24
3	2
0	0
0	0
0	0
0	2177
0	2539
27	1224
264	1650
0	2081
0	1449
0	369
0	2539
0	1482
0	307
4	207
7	830
52	2281
0	1437
0	2008
0	2004
23	133
114	2658
1	2641
16	134
0	1543
19	1739
65	1427
0	80
2	0
0	1738
2	23
0	13
0	0
0	18
0	17
0	18
4	8
4	4
0	2
0	2
0	2
880	0
9	433
52	458
0	26
5	58
0	6
4	6
0	1
0	0
0	20
6	20
0	14
0	31
0	35
1	35
0	10
1	31
1	0
0	1
0	0
0	0
0	14
0	10
0	10
0	3
0	3
0	2
0	6
0	6
0	4
0	0
0	0
0	0
0	0
0	0
0	0
0	0
0	0
0	0
0	0
0	0
0	0
0	0
0	0
0	0
0	0
0	0
0	0
147	0
0	0
0	0
1	0
15	499
0	251
188	495
20	1
6	1
41	253
11	80
3	70
0	497
37	265
31	1078
13	8
7	37
20	1103
0	1
2	103
13	4
0	1
0	3
0	1
0	1
25	0
0	0
0	0
0	0
5	297
3	280
0	164
0	279
1	6
2	35
0	4
0	0
0	275
19	1190
0	33
2	7
0	1184
15	104
0	268
0	0
0	33
159	581
0	1178
0	0
0	0
0	0
0	0
1	0
0	0
0	0
0	0
0	0
644	467
6	466
1	330
0	627
33	733
7	303
43	315
0	0
0	0
0	0
0	0
0	28
0	27
0	27
5	27
138	22
5	22
0	0
1580	2
3	0
31	1645
20	1024
1	343
0	340
0	129
92	1678
0	100
1	9
11	9
2	0
0	0
0	0
0	0
0	0
0	0
0	0
0	0
0	0
0	0
0	0
0	0
0	2
0	2
1	121
3266	196
0	163
177	0
5	0
25	729
3	637
9	3
11	289
1	592
106	233
9	629
1	89
0	6
0	85
6	189
7	0
71	189
0	0
45	348
20	340
0	30
2	43
2	4
0	8
8	0
0	0
0	0
539	0
374	93
1	91
1	19
0	19
0	32
0	20
3	12
0	0
326	0
1	1423
0	132
0	15
0	4
3	1
0	71
11	1296
20	55
3	1
0	32
0	0
5	83
1	25
0	2
0	0
0	2
1	2
1056	658
15	651
0	282
0	21
4	0
177	1023
0	213
7	207
0	126
1	34
1	2
2	1012
759	0
0	1110
0	1362
6	1340
0	1187
2	233
2	142
2	174
0	191
0	142
30	1443
997	1319
5	43
3	21
0	68
20	1242
9	237
0	53
3	0
0	2
41	1759
40	1594
0	879
5	362
209	181
22	37
0	0
4	0
0	1
0	1
0	0
0	0
0	1
0	1
0	9
0	9
182	144
3	10
3	122
1	0
4	118
0	63
5	104
0	0
2	61
0	58
0	49
0	44
5	3
0	1
29	14
0	1
0	14
0	14
24	1
157	79
0	15
0	60
9	45
6	36
12	45
1	6
1213	208
1	9
1	14
28	24
0	20
0	118
0	2
1	80
0	0
240	97
0	63
2	28
0	0
0	0
0	0
6	176
0	176
14	176
8	175
1	2
3	0
0	0
0	0
368	393
172	344
1	49
182	850
6	850
0	34
1	17
108	11
4	2
24	0
52	35
56	283
0	283
8132	187
11	181
0	0
640	0
1369	123
0	15
3	38
1	6
0	59
0	3
1	514
167	516
0	0
0	0
0	0
0	0
1	98
1	97
0	0
0	5
0	0
5	105
2	105
520	326
0	324
16	1096
14	1058
45	561
48	108
0	58
13	111
149	337
5	25
0	771
0	728
0	739
0	712
0	43
0	18
3	736
0	0
0	0
0	0
36	19
0	4
0	1
0	0
0	0
0	3
0	15
429	180
0	3
0	80
0	8
1	70
0	91
0	7
1	37
0	6
21	36
0	223
1	113
1483	361
46	212
1	32
13	377
2	319
9	44
93	376
0	391
34	460
14	509
1	465
7	456
63	419
0	0
0	0
145	6034
8	4237
3	1350
0	0
0	0
0	0
0	0
13	23
264	921
0	194
8	164
0	711
43	0
19	0
2085	59
6	56
1	10
27	36
2	0
944	1223
27	975
0	248
45	6
13	843
0	29
216	781
26	795
0	117
4	792
1	35
0	34
0	2
0	35
0	30
416	203
7	200
8	3
0	3
0	421
2908	3984
1	1786
4	3312
36	3507
2	0
0	2785
19	304
5	301
0	7
3	6
3	11
12	0
1	314
53	1704
0	16
3	86
0	1659
4	147
0	42
6	38
0	29
0	35
0	0
0	23
0	147
690	3
64	4
0	4
2	51
12	157
14	155
0	0
0	14
0	151
76	321
30	119
5	113
0	29
2	88
0	58
7	9
20	15
4	1
12	24
3	91
0	57
3	3250
0	878
35	94
0	1032
0	1261
0	87
4	1297
0	346
0	220
13	1261
0	50
0	48
0	3183
0	3234
0	3
57	831
0	842
1	3
15	30
13	523
0	542
0	581
0	41
11	13
169	586
1	0
35	162
12	53
0	20
10	61
17	259
25	63
5	243
39	1278
0	1371
0	1022
1	1601
1	47
9	360
34	4
1212	280
9	125
12	4
1	71
2	81
66	101
5	1
182	99
0	100
1	41
971	1
1790	72
0	72
0	2189
478	1775
0	921
30	426
0	196
9	275
2	19
0	133
2	14
2	0
17	1
0	225
0	182
1	47
647	146
46	2181
198	25
7	25
516	246
2	162
3	107
12	165
0	39
1	17
0	8
3	0
80	128
20	94
0	34
1	0
2	12
0	0
2	3
0	1
14	241
2	0
74	104
7	88
0	75
0	2
0	2
11	17
341	125
3	125
1	7
4	0
24	45
6	0
34	7
1	0
0	3
23	12
183	14
5	17
17	36
3	1525
1537	1493
1	14
0	0
0	0
0	26
72	37
1	12
205	677
0	88
16	574
2	0
8	12
2	117
0	16
19	288
2	159
12	134
8	349
1	296
2	332
0	69
96	57
0	55
6	58
10	15
4	0
0	874
16	881
12	832
0	339
1	75
2	16
4	16
9	8
0	0
8	6
0	0
0	0
0	0
1	0
303	263
39	7
46	262
214	202
0	185
0	76
0	0
0	0
0	2073
12	1344
166	1336
11	1097
0	766
5	116
2	29
5	17
0	0
0	1788
2	1627
34	421
4	299
0	250
1	2
0	361
0	0
0	0
1198	796
25	412
0	551
86	830
1	114
16	163
6	115
5	119
0	231
0	1
0	3
0	2
0	0
5276	4157
0	514
0	2535
11	905
0	3155
0	0
0	0
190	0
0	0
0	0
89	405
0	168
2	205
0	118
0	47
0	109
5	147
2	0
20	37
0	42
0	13
0	2
29	2472
89	2566
0	2509
2	0
385	267
2	244
1	216
8	0
0	0
0	0
0	0
0	0
0	0
0	0
0	0
0	0
0	0
336	11
0	0
1	1
0	10
205	770
1	769
4	238
3213	1
0	0
2	0
0	0
0	0
980	2
7	143
0	136
3	44
0	0
0	0
249	1254
3	1049
0	231
0	97
3	373
2	278
6	377
5	283
109	86
20	2638
9	40
5	26
10	898
0	2586
56	352
1	1750
0	13
6	372
72	9
2	924
3	5
5	2602
55	0
25	0
16	17
5	13
0	0
0	0
0	4
0	485
0	3
155	840
2	103
0	240
0	285
0	107
353	422
72	422
2	0
2	105
1885	814
72	92
75	296
1	592
1	329
0	388
2	130
4	37
2	1
132	0
12	340
0	215
14	75
0	13
1	18
3	16
4	269
0	148
257	396
0	7
0	0
26	28
1	4
0	218
0	0
0	0
0	0
0	0
0	0
0	0
364	84
0	57
7	58
3	2
248	92
1	43
0	17
0	66
359	105
17	43
59	63
0	64
49	17
19	328
124	424
2	0
317	0
1	6
7	0
0	6
0	2003
42	1411
19	226
87	185
162	1808
4	168
21	205
0	101
16	101
1	16
51	403
2	337
0	311
1	0
13	0
2	57
1	74
0	74
0	9
4	0
0	5
0	0
2050	337
9	332
12	0
25	0
212	334
5	327
0	19
3	25
3	0
0	0
2	0
76	3086
0	18
40	3277
0	14
0	12
2	703
3	35
0	395
48	138
0	411
5	31
2	568
3	284
0	137
9	32
4	19
23	530
0	0
0	530
3	521
17	2298
6	261
0	2169
0	1
0	41
11	248
2	245
232	1614
0	1099
3	1580
0	136
0	44
5	401
1	347
0	1645
5	341
3	1485
0	56
0	37
0	0
5	190
3	82
1	129
0	1458
0	0
2	1082
0	0
373	16
0	15
0	0
0	0
4	1
3	189
0	152
0	37
0	2
0	25
0	56
0	50
23	51
8	63
6	39
0	0
0	0
0	0
0	0
0	0
26	18
3	18
0	2
0	0
0	0
0	0
0	0
0	0
0	0
0	0
0	0
0	0
55	126
6	126
0	84
0	3
0	47
0	28
0	32
0	31
0	32
1	34
3	29
22	119
0	1
9	0
3	3158
0	2680
15	3089
0	3039
0	144
7	3119
1	3167
2	2614
0	2782
18	201
34	1583
4	450
133	0
0	0
0	0
17	0
485	1
0	885
7	977
0	967
0	865
0	139
0	0
0	1
15	59
0	887
0	871
2	1
0	1
2	238
356	742
0	0
0	177
2	415
4	184
0	0
0	0
0	0
10626	1114
70	1112
0	0
0	0
0	0
1012	1
0	0
0	0
0	0
81	742
1	1124
75	1637
0	923
0	727
0	855
0	470
8	243
0	520
4	432
0	482
0	47
33	198
26	81
15	140
188	168
0	105
1	105
39	151
1	3
0	1
1	16
5	2
2	76
4	283
36	284
0	279
5	63
4	282
0	2
0	89
0	114
277	772
0	13
4	723
0	112
7	0
1710	229
35	228
0	0
0	0
160	210
6	208
2	2
2	8
320	50
0	16
1	49
0	18
0	4
4	6
0	6
7	980
2557	1595
1	217
7	186
0	290
0	85
0	63
21	1
72	1
43	37
0	10
1	29
0	52
9	52
1	13
68	266
23	271
20	215
14	32
1	3
0	0
3	2
2	0
1206	613
0	531
0	98
0	2
0	21
1	63
0	134
2	146
1	48
3	49
11	119
0	68
0	0
53	329
21	1022
21	58
11	430
24	159
3	0
1	139
4	37
0	477
18	1
0	0
0	59
7	55
0	54
2	59
0	0
0	51
3	59
0	0
0	0
5	668
32	683
8	667
10	0
0	91
26	6
0	6
11	255
25	255
1	0
51	315
4	267
0	16
0	0
0	0
0	0
3	2
3	2
0	0
0	5
0	3
0	5
0	22
0	22
0	0
0	0
0	0
687	68
0	66
0	19
1756	497
0	494
2131	745
0	61
0	114
3	131
0	224
3	5
0	7
74	0
0	25
0	15
0	38
0	10
0	15
1	21
0	25
0	13
5	0
1613	82
0	3
0	36
1	42
351	3111
68	3820
1086	2220
62	1153
0	2179
1	1175
70	2168
8	0
0	1331
22	1
27	25
0	0
0	10
0	17
0	0
44	824
6	712
0	480
0	0
0	1
0	1
0	0
972	163
2	32
22	115
0	16
10	58
3	3
4	55
66	213
451	209
0	40
5	23
41	228
2	33
5	212
23	1
46	41
5	6
8	10
6	4
19	14
30	14
460	654
1	483
0	490
3	22
71	712
0	535
1	195
0	228
0	64
0	0
0	0
0	0
3	0
0	0
0	0
0	0
2	497
59	497
0	497
2	502
0	116
0	37
0	3
587	91
2	36
5	26
0	29
22	1332
9	1
2	0
0	1332
124	65
25	129
3	72
1	81
888	56
0	0
0	1
0	0
0	1
0	1
0	0
0	0
298	1786
21	1270
27	1324
0	1212
0	472
20	0
50	1170
1	391
0	0
0	53
56	53
163	240
0	240
0	0
0	3
0	5
472	59
0	1
0	50
1	2
409	416
5	381
2	9
4	93
1	34
0	23
0	24
0	53
0	19
2	46
4	20
0	12
0	12
1	12
457	1740
0	994
0	1859
25	196
1	879
0	121
0	1475
21	204
47	504
0	31
2	7
0	46
0	1366
0	0
0	0
131	530
4	0
0	89
0	5
0	33
122	411
131	101
13	677
2	684
56	898
7	93
0	6
1	48
1	83
4	0
22	426
152	904
0	2
0	2
0	0
2	11
1	40
0	57
37	72
0	0
10	8
0	15
0	0
0	0
0	0
0	0
2	218
0	294
3	37
5	247
0	245
0	242
0	154
0	135
0	18
4	284
22	551
0	390
4	0
13	364
0	102
0	167
0	311
0	109
0	65
0	0
0	4
0	39
43	315
27	6748
294	6646
297	5157
9	368
15	518
466	173
5	0
1	173
7	2
0	1
0	0
0	0
0	4
3	3
0	2
0	4
0	0
1	2
2	609
0	577
5	269
1	55
0	0
20	46
1	28
0	3
0	0
372	798
0	798
93	65
3	63
0	0
0	1
0	0
36	731
500	939
1	763
1	54
18	9
27	261
12	261
7	1
25	146
0	48
63	122
4	175
2	136
6	75
0	0
0	0
2	35
29	556
2	12
0	13
2	21
0	12
0	19
2	122
0	504
0	0
0	18
0	40
4	0
0	0
3	1
45	241
17	241
17	284
20	284
0	81
0	26
0	5102
0	4
0	5416
4	5145
84	4813
0	126
0	138
0	202
2	1301
1	5
0	291
0	748
8	2144
1	811
3	730
0	1
0	163
0	351
0	175
0	2093
3	426
1	807
5	570
0	2118
0	2104
0	1047
2	2152
2	1169
1	843
2	590
0	568
0	601
0	445
0	369
0	10
0	327
10	485
3	609
2	13
0	788
11	363
0	97
0	1044
2	598
41	0
0	2139
5	0
4	0
0	151
0	150
934	386
36	311
2711	148
10	158
0	1141
33	761
10	680
3	650
2	58
0	64
3	16
72	1157
0	0
0	0
0	22
0	38
1	2
0	51
0	32
4	29
0	4
0	2
2	26
0	53
0	50
0	45
0	42
0	11
0	41
1	37
0	26
0	1
0	71
0	0
0	0
52	208
13	4
0	143
16	170
0	0
317	497
21	427
6	328
1	103
13	525
9	440
4	88
0	80
0	337
0	405
3	2
71	632
231	632
2	1
0	0
0	0
0	0
0	0
0	0
0	0
0	0
0	0
155	227
3	156
0	156
1	114
0	125
0	120
0	130
0	72
5	68
0	18
2	22
0	1
0	1
0	1
0	1
0	1
0	1
0	1
0	1
0	1
0	1
0	1
0	1
0	0
0	1481
30	0
17	244
0	1468
0	1397
0	17
0	0
1	0
1	22
54	100
0	1472
1	649
45	583
1	439
3	142
0	51
15	13
3	94
2	12
91	931
0	133
16	921
0	0
70	930
381	176
0	209
74	211
0	1
1	1
0	1
0	0
0	0
760	668
15	479
1	29
0	192
9	20
0	212
0	0
0	0
0	0
0	0
0	0
0	1
4	9
0	0
0	9
2	0
382	465
0	393
8	2
0	72
0	0
0	0
2	2
342	781
6	797
27	11
17	43
1	39
0	51
1	36
20	122
37	3328
14	5566
910	17031
83	2351
0	12912
36	61
0	1
0	160
7	511
82	78
0	14071
0	0
0	0
0	0
0	0
0	0
0	0
49	0
1	0
3	134
0	202
0	177
0	25
0	11
3	638
0	650
1	643
0	603
6	476
22	555
1	96
0	7
3	30
32	1778
0	1470
15	1888
5	35
2	196
1	175
7	173
0	178
0	0
1519	1
0	2
0	2
0	2
57	1
2	1
0	0
0	0
0	0
0	0
0	2240
11	117
0	194
0	73
0	2153
0	2247
0	2205
0	2149
0	2209
33	68
0	68
0	0
12	4
0	5
0	1
0	0
0	37
0	1
0	0
0	0
0	0
1752	2171
11	455
3	1176
10	404
1	884
2	8
6	17
0	15
0	4
0	1
0	37
0	1
37	994
12	560
12	707
2	1
3	9
1	14
1	13
3396	763
0	2
6	108
0	182
2	426
4	310
0	286
1	163
3	175
36	373
0	180
7	33
3	368
73	41
1	8
0	33
0	0
0	1
0	19
1	19
1	12
1	0
6	0
1	2
0	2
0	0
0	0
0	0
0	0
0	0
0	0
2	0
0	0
0	0
0	0
0	0
830	981
83	706
2	649
679	84
0	0
8	84
0	0
1	5539
169	6105
319	6106
0	6132
83	6101
0	5437
3	407
15	86
11	312
3	139
37	82
7	558
0	759
0	177
62	15640
245	16156
0	2345
616	5728
1	1402
75	3565
2	2718
30	1173
2	737
11	180
30	85
1	40
52	1
0	0
0	0
0	0
2609	83
8	83
0	82
7	0
17	2557
1	98
30	2
899	2486
3	41
5	41
8	30
18	30
0	0
0	7
0	0
0	0
1	8
0	8
0	0
0	1
0	2
0	0
0	0
0	160
0	95
63	351
116	131
0	113
0	81
340	0
9	0
0	2878
4	3104
43	627
16	2675
0	119
0	128
6	0
1	39
3	86
16	2
22	742
0	111
0	83
18	645
0	0
3	350
1	3187
48	0
11	0
0	994
69	1653
0	1206
0	1317
0	1292
2	1041
3	101
0	51
49	101
0	101
0	0
0	0
0	0
23	57
0	0
0	0
0	0
0	833
2	833
352	0
256	0
0	0
0	0
0	23
45	886
0	886
22	68
153	68
223	2536
0	1811
0	780
49	15
4	12
2	7
2	2370
0	2536
2627	4852
0	70
60	4789
2	2025
0	0
2	0
1	0
58	1638
0	1629
36	1889
3	1418
0	490
24	701
1	189
32	148
45	140
0	51
0	480
0	0
0	0
2	432
28	600
1	447
61	6
0	446
4	24
4	0
0	10
2	10
0	0
1	99
25	265
1	22
1	5
6	5
0	2
0	167
0	0
0	0
0	0
0	0
1	17
2	2
0	17
842	3111
31	69
10	0
0	0
168	3129
0	1804
1	21
11	124
2	2697
2	8
0	0
23	95
10	34
0	61
0	3210
1051	407
0	407
1129	373
94	372
66	254
0	257
0	98
0	20
2	639
10	541
0	626
15	227
7	214
0	0
0	0
0	0
4	0
2	0
0	0
272	191
18	191
0	0
158	500
252	486
14	259
4	278
6	65
1	1
0	1
26	0
0	0
0	1
0	1
0	0
0	0
2164	1825
2	1702
26	117
2	581
2	43
1	755
1	462
3	111
0	41
728	368
57	368
30	219
0	209
5	208
0	7
0	59
0	495
24	525
0	14
3	2
1	108
3	0
0	495
10	442
3	13
0	0
0	0
0	116
0	442
0	0
0	0
0	0
1872	374
2	299
11	74
132	393
2	393
0	59
220	86
8	12
8	74
0	2
5	1
0	0
5	22
0	11
6	7
0	0
1	59
70	1596
3	69
37	169
5	3
12	1530
3	39
79	390
0	0
0	0
0	0
316	1603
1	673
29	1496
752	1514
18	676
239	166
1	42
1	31
0	30
0	21
0	30
1	20
1	6
0	0
202	1
117	1002
20	804
0	92
1	31
191	174
1	59
2	115
22	356
20	299
0	188
0	0
8	20
2	20
62	28
1	28
0	1
1	0
0	0
243	1070
8	1070
2	271
212	2
0	0
0	0
53	576
9	114
1	97
101	502
6	1
0	0
0	0
0	0
387	2
186	249
79	228
0	6
0	0
0	0
14	0
377	254
0	104
1	159
0	0
3	4
740	547
4	172
1	547
1	42
0	190
1	196
0	183
0	215
2	9
0	21
0	12
0	0
0	201
0	39
0	89
5	9
0	0
0	44
0	94
1	98
0	90
0	0
0	0
0	0
0	0
3	428
699	453
0	170
0	129
21	25
1	0
35	29
0	29
9	2
10	65
15	32
1	771
0	1151
182	788
18	543
2	455
7	462
17	80
80	3152
119	3614
323	3583
1292	3583
0	251
2	364
530	477
0	126
6	0
13	13
52	665
0	452
2	334
4	82
7	0
0	115
2	148
0	102
0	7
0	0
0	0
0	4
0	19
11	1432
1	885
21	5
3	269
8	140
23	115
0	34
0	1427
369	163
0	100
0	22
3	80
0	78
0	56
0	2
0	0
0	0
0	0
0	5
8	72
1	9
4	60
0	32
10	30
15	0
14	123
2	1599
11	1081
13	1649
1	925
16	1401
0	7
0	544
0	0
566	1
0	373
5	333
0	72
0	343
0	318
1	262
0	134
3	61
135	345
0	139
11	261
5	26
4	30
0	1
5	51
8	24
1067	503
7	502
4	0
1	1455
1089	4592
51	1782
20	3
2	2211
0	4604
6	6
0	0
0	6
0	0
0	0
0	0
3	1
187	51
20	37
22	51
19	73
0	73
28	748
1	748
188	749
7	29
0	19
4	11
0	0
5	0
0	21
0	0
0	8
1	6
72	8
0	6
646	16
2	5
7	11
35	69
11	69
0	0
0	0
5	0
0	2
0	2
12	38
2	10
1	0
0	13
0	5
0	2
16	0
6	2
0	0
286	0
0	0
2	1
83	1
7	164
2	8
0	83
2	10
0	93
3	61
0	19
6	38
16	57
1	7
0	160
129	829
16	836
2	134
0	491
0	2
0	65
2	76
0	0
5	836
0	0
0	0
4	1
14	5
3	4
95	83
4	101
0	101
6	0
0	4
3	0
0	71
246	642
27	194
1	22
0	62
0	169
1	179
1	0
0	12
0	9
0	54
7	0
6	19
1	0
7	47
0	1
5	0
0	8
0	39
0	209
184	579
2	383
0	22
13	486
248	486
0	20
0	0
4	164
1	31
7	124
5	0
14	138
0	115
45	11
0	14
0	117
2	92
0	6
0	39
3	8
237	613
247	613
2	0
1	458
2	458
0	7
0	5
0	7
0	22
6	22
0	7
0	17
0	1
2	2
2	2
0	0
0	4
152	212
23	26
0	187
875	686
22	217
40	439
0	2497
8	2592
107	1876
0	2837
91	2162
0	2274
0	1655
1	514
0	4
0	0
57	3329
0	239
1	1200
8	1256
0	943
1	2277
10	1290
155	1293
42	1287
10	403
1	542
29	237
0	109
1	89
1	87
0	15
5	299
3	166
0	244
4	0
2	20
31	5
10	35
0	78
0	29
0	4
4	48
0	3
0	0
0	0
0	21
0	5420
50	5411
0	1221
98	558
18	557
0	14
0	2
7	27
4	12
0	4
0	12
9	12
0	12
2	2
0	2
0	0
0	0
0	0
19	161
2118	936
0	337
4	629
7	31
5	0
0	30
6	10
0	1
0	0
0	1
0	1
2	5
0	0
2	0
0	5
2143	1227
81	635
5	315
7	362
15	244
4	309
0	1577
1	1582
0	1993
0	2025
14	1711
0	1619
0	532
0	52
2	318
0	10
0	1
24	5
0	1
1	17
5	214
0	1
4	137
3	120
0	6
15	754
0	755
0	594
1	484
0	4
0	35
0	34
0	38
0	0
0	0
5	9
4	20
0	24
2	8
0	2
0	2
10	0
0	0
0	0
0	0
0	24
0	0
0	0
0	0
43	708
1	705
26	710
0	137
5	97
0	2
1	41
0	4
0	168
0	140
0	17
0	718
23	439
529	567
9	252
10	88
2	10
3	217
0	175
0	226
0	95
1	64
653	459
0	414
0	341
0	195
16	193
0	43
19	193
10	22
6	7
1	0
276	366
1	7
0	151
1	0
0	208
8	91
0	0
12	29
6	48
0	26
10	0
71	22
0	22
0	4
0	16
0	17
0	17
0	0
72	249
0	4
6	89
2	72
12	189
6	1400
50	1426
35	578
19	1344
0	177
0	928
3	649
9	29
0	30
6	454
3	1473
0	2
0	5
0	6
0	0
0	0
0	0
0	0
0	2
0	2
25	4
1	4
0	0
0	0
83	1845
292	1763
0	856
0	1793
0	1795
31	760
0	26
3	520
0	57
91	179
2	5
0	5
0	0
0	0
1363	0
473	292
2	107
0	272
3	19
0	0
2	63
11	63
0	4
0	4
0	0
0	0
837	2
0	6
0	6
0	6
0	1
2676	4230
9	101
7	372
4	363
0	1236
0	0
135	3588
1	248
770	303
2	232
4	35
336	298
0	298
0	0
0	0
1	0
0	0
0	0
0	0
887	26
0	26
0	0
0	0
133	18
0	0
0	0
0	4
0	14
0	0
15	346
2	5
0	430
0	0
1017	497
22	77
1	7
3	83
1	331
3	6
0	352
0	43
12	266
46	27
1	0
1	144
8	117
2	71
0	92
0	7
0	45
8091	2336
1	1449
10	1449
3	15
0	171
15	1718
59	1754
14	118
4	542
29	230
14	5
6	21
25	1482
1	1474
25	1318
2	1
3	59
10	371
0	127
1127	605
12	604
155	1380
0	95
2	149
0	224
5	113
2	940
5	417
9	464
2	487
2	15
0	414
9	1173
0	16
0	16
1	8
0	16
3	0
0	1
0	0
0	16
93	346
1	232
0	430
0	446
0	378
48	477
4	430
0	229
5	34
1	21
114	0
621	9507
2	216
17	0
1	336
6	404
22	290
0	18
0	18
4	0
0	0
0	0
0	0
0	0
0	1130
166	1145
5	15
15	2529
12	0
0	478
0	2107
0	2529
0	0
0	2
0	0
0	0
0	0
0	0
0	0
0	2
2	1002
0	63
4	118
1	32
8	117
1	13
34	0
46	12
0	0
0	12
4	0
0	0
0	0
6	903
0	0
0	248
1	144
1	2
14	55
0	849
0	0
0	0
1503	6307
0	1114
0	8
0	1
6	1103
21	1437
13	8
1	351
0	359
0	113
13	20
0	0
0	0
1	20
1	8
41	8
3	1090
1	190
14	3
1	856
1	248
2	231
70	486
9	624
0	457
2	286
0	604
2	171
0	780
2	580
0	915
0	121
0	1077
0	4
0	0
0	0
0	0
0	2
0	2
0	2
13	0
2	2
0	0
0	0
0	0
0	0
0	0
22	0
0	27
46	36
0	37
2	5
0	1
0	1
0	25
0	26
2	18
0	176
3	225
0	14
17	125
9	81
3	22
0	2
0	142
0	139
0	97
1	97
4	142
14	2
0	1
0	1
647	2530
7	1176
105	2175
0	2158
1	13
7	32
75	365
34	31
0	31
20	132
0	53
1	0
209	28
1	26
1867	3983
27	2913
7	8
0	60
2	111
1	237
2	216
1	0
12	509
4	255
0	39
795	218
1	104
0	0
2	19
2	116
6	42
0	18
1	40
0	1025
0	925
148	1522
0	671
0	74
2	504
54	147
1	87
3	4
3	0
0	52
0	338
0	31
34	18
0	8
3	0
0	0
0	16
890	1424
1	371
2	121
3	0
4	764
1	3
0	14
3	0
4	158
8	0
27	663
28	10
2	9
0	1
14	558
0	367
0	286
129	3046
49	2921
0	923
12	4
29	144
1	22
1	17
0	40
0	5778
0	263
1	849
0	2112
1013	6572
26	1664
4	0
0	0
0	0
0	0
0	0
0	0
0	0
0	0
0	0
12	1640
176	1605
4	305
0	259
324	49
0	49
239	2657
1	2657
1	2379
0	82
0	1492
106	1492
2584	2
196	771
2	504
0	123
48	604
315	0
14	6
0	6
0	0
1	2
0	2
0	1
7291	7
7	751
28	748
180	739
0	359
2	107
0	3
1	1
0	0
0	1
0	0
54	2984
0	37
47	2971
0	136
517	1548
3	1458
10	1092
0	0
19	55
0	0
0	0
0	0
746	245
10	241
0	142
0	3
30	129
0	235
284	1013
15	322
0	373
1	164
0	1
0	1
1	102
21	102
3	14
3	0
32	23
1	68
2	0
249	120
0	52
0	61
0	37
0	31
5	1
2	1
8	372
1325	375
2	0
4	7
0	7
0	2
0	19
7	19
9	13
32	1
15	0
0	0
49	118
0	109
0	124
0	60
0	5
1	288
3	247
0	270
0	37
553	252
6	251
11	0
114	439
5	326
7	339
0	313
3	227
1	176
0	36
1	43
3	16
0	0
1027	2074
2	203
2	150
0	64
2	2062
1144	2157
0	2157
5	16
0	0
5	0
10	325
0	277
0	62
89	52
0	45
3	80
25	36
0	49
0	11
2511	4
325	611
0	611
10	5
0	50
3	380
198	380
13	82
1	8
0	39
0	59
0	49
0	23
1	967
0	353
1	215
0	967
0	887
0	395
1	562
5	481
13	267
0	105
0	405
0	1
4	1
1	552
4	552
0	11
110	560
0	181
0	552
24	552
3	0
1882	244
38	244
1	695
19	695
0	695
9	706
2	311
0	0
1	43
0	65
3	78
2	25
0	82
1	49
0	48
5	0
7	99
2	64
0	47
13	76
4	216
622	699
4	200
1	166
9	32
18	58
0	255
4	33
0	0
658	2816
21	71
5	2744
0	0
32	351
5	329
0	7
1	27
0	307
1	0
2	125
0	125
0	0
0	0
0	0
296	420
808	420
0	0
76	869
40	250
3	212
0	1
1	14734
15	39
2	2099
2	2567
4	14734
9	615
0	616
4	45
2	3
1	27
0	0
0	0
1	606
2	522
1	374
0	18
30	537
2	26
3	20
27	153
25	153
0	0
0	9
0	18
0	1
11	9
0	9
17	28
0	25
0	9
6	2
0	2
24	0
8	0
270	748
0	707
0	0
7	190
4	8
1	2
0	45
732	32
21	32
10	5
1	2
0	3
0	4
1	1
0	0
0	0
0	0
0	0
0	0
0	0
1	3
0	3
1	0
2691	504
0	491
132	141
1	27
0	0
0	0
0	6
0	8
0	6
0	1
0	0
1	0
0	0
2328	1645
16	1561
0	1
0	1149
4	251
5	65
1	310
0	0
16	937
993	1596
1	1057
5	990
3	108
0	22
5	0
4	1432
0	0
1	46
17	202
4	202
0	20
0	20
16	134
2	133
2	144
2	124
2	0
1	0
59	582
14	685
95	661
4	0
4	0
0	88
1	12
5	16
0	50
34	278
16	229
0	220
0	7
1	226
4	53
21	38
4	22
0	7
18	90
0	25
0	0
3	14
0	29
5	0
0	0
81	374
53	349
3	84
206	59
22	6
3	46
1	134
18	13
0	17
19	24
1	24
150	619
0	590
14	295
0	365
0	18
0	278
2	87
0	0
0	12
0	0
322	2425
32	21
99	291
23	2255
0	233
4	569
0	51
204	5749
1	7
3	175
0	427
177	5556
1	158
0	3450
0	579
0	3
0	429
92	410
3	282
8	50
1	38
12	70
0	325
0	12
0	60
11	198
3	183
0	183
0	169
8	186
14	182
0	0
17	2195
0	1953
64	558
79	88
3	172
1	176
3	222
12	48
0	38
0	10
103	57
0	0
2	17
4	1
2	30
0	0
0	0
0	0
0	0
0	0
0	2
0	0
26	740
0	743
49	673
2	788
5	627
0	91
32	103
0	748
0	1
51	1239
20	1239
3	1248
66	20
105	349
1	92
56	1
3	94
2	5
3	11
1	4
8	7
908	1499
3	400
58	243
0	592
0	458
7	35
10	201
311	962
28	210
6	0
27	808
10	0
0	0
0	2
0	1
0	1
0	5
0	10
0	10
2514	964
20	503
0	747
1	495
0	0
0	0
0	0
0	34
5	0
2	186
0	0
8	536
0	251
2	63
3	417
0	171
4	17
0	17
0	0
20	1114
85	1114
2	178
1	42
1079	0
1491	138
0	137
38	0
1	0
0	252
1	89
1	1424
8	1778
71	1318
1	731
3	196
0	15
0	246
0	0
0	0
0	0
0	0
405	95
0	71
22	24
0	0
0	16
0	1
0	28
1	0
0	3
1	28
0	294
3	312
99	313
0	58
0	12
0	118
56	224
2	150
0	118
7	78
1	3126
16	2865
5	109
21	290
3	2881
0	292
6	45
0	1
8	2
1	1
0	0
2	2
604	51
0	50
0	3546
228	3878
14	2887
0	1486
0	919
2	24
29	111
24	85
0	89
0	68
0	2
0	3
1	3
968	748
0	748
3	216
205	795
7	104
19	727
32	117
13	661
0	506
9	5
1	155
0	5
22	1
11	259
0	407
0	379
0	394
7	188
19	395
0	279
0	0
0	0
377	161
0	38
0	111
0	100
5	62
0	2
0	0
6	0
350	19
10	0
0	18
0	1
0	69
1	1
0	1
0	0
65	218
1	162
0	126
1	7
234	945
0	945
0	196
0	315
0	313
27	350
1456	1630
0	1500
0	102
1	92
0	17
0	0
1	26
0	12
0	11
18	61
0	61
0	9
5	0
300	17
68	17
1	12
121	879
0	71
0	879
249	777
46	766
26	89
0	6
55	0
6	7
0	3
0	42
3	5
12	312
49	560
3	573
1	11
11	8
3	16
2	7
0	7
0	0
0	0
1281	51
0	50
0	0
0	0
0	0
0	0
0	5
71	510
1	502
0	40
2	447
0	25
0	339
0	504
632	14
26	13
242	189
0	182
0	17
0	26
4	3
2	20
4	62
360	1074
16	854
649	1005
0	1167
3	15
1	15
0	0
0	0
4	204
3	2
187	1408
7	940
0	194
1	520
8	69
0	0
0	6
0	6
0	0
0	6
75	527
873	695
1	313
4	3104
2	4078
0	3044
0	1264
40	1108
0	616
19	2
0	4077
173	378
6	128
1	243
0	78
0	45
0	12
2	14
6	36
23	8
3	143
0	0
0	0
0	0
0	0
0	0
74	312
15	37
11	277
0	4
0	241
0	15
0	24
0	20
0	15
0	0
0	14
2	10
0	1
1844	81
46	179
1	0
6	0
0	36
0	39
0	140
707	2242
1	672
12	1109
12	2243
1	764
1	682
3	2250
0	1109
68	1
46	130
3	20
546	78
0	77
5	205
38	205
2	205
0	19
0	19
0	19
86	840
65	635
0	233
7	22
0	1
1	453
1	22
0	101
3	0
0	0
0	1
5609	91
38	87
1318	32
0	29
4	0
1472	99
10	93
85	18
23	3193
0	806
4	1412
0	848
0	84
10	10
2	462
5	2850
0	230
19	84
224	292
32	401
0	85
0	85
15	125
17	91
1	34
3	319
75	921
0	68
0	320
0	0
0	0
0	28
0	26
0	10
15	568
0	0
296	2452
6	3122
0	121
601	5385
0	5499
1	439
1	71
17	25
3	58
0	0
0	0
0	0
37	110
0	110
0	0
0	0
0	0
0	0
0	0
0	0
0	0
0	0
0	0
0	0
0	17
21	2021
3	1810
19	159
40	175
0	106
0	1856
0	53
0	69
5	1
9	18
14	1809
1936	645
0	0
35	643
46	3190
7	984
922	1662
38	3001
0	14
0	2978
0	319
0	313
24	350
0	0
0	0
1	51
21	51
1	2
2	7
0	22
526	3
0	2
4	2
0	0
0	277
0	201
105	1513
45	1512
0	266
12	88
1	87
0	1
562	292
0	294
0	246
0	39
0	47
1	28
0	16
0	31
56	39
1	62
2	5
1	3
7	81
637	3626
0	3626
68	399
0	0
0	0
0	0
0	0
103	357
2	369
0	22
7	263
7	73
2	86
0	3
0	3
6	174
858	202
3	30
0	20
0	0
4	37
0	2
0	34
1	214
41	161
14	203
0	35
0	190
0	0
0	26
0	5
2	26
0	26
2	89
0	0
4	2
24	44
253	47
0	46
3	0
0	810
415	853
4	378
0	100
1	68
0	793
0	232
0	16
0	98
16	2567
3	2820
0	2591
1	2093
7	246
6	2383
0	17
6	36
5	142
8	215
2	149
19	228
29	829
0	21
65	298
23	3
2	0
0	0
0	0
0	0
5	40
0	40
0	4844
0	4816
0	18019
0	5269
3	1990
175	294
19	542
169	5398
27	6004
1	5284
0	4862
0	6
39	12034
11	16168
0	15102
883	1246
110	5
9	1241
0	57
1	672
2	182
0	718
18	644
2	412
1	631
101	447
6	598
3	0
9	149
0	4
3	43
1	99
1	68
225	2
267	0
13	0
99	47
1	37
0	36
1	14
0	0
0	0
0	0
0	0
361	4
0	0
0	18
0	18
0	22
0	22
3	10
2	14
23	57
15	57
0	34
0	30
0	12
1	29
0	6
9	6
3	6
850	151
9	83
1	67
7	6
1218	6660
19	5946
50	123
220	2920
0	0
0	0
0	0
0	0
10	0
72	1087
0	83
5	1087
13	0
42	2579
2	355
0	2451
403	1343
3	990
16	157
15	425
274	2276
3	518
0	1634
0	102
4	6
0	126
1	245
35	104
11	150
8	520
10	535
28	561
6	519
12	67
0	181
49	381
0	65
21	317
0	216
0	30
0	138
0	54
0	18
0	9
4	132
1	153
5	99
0	81
0	119
0	32
0	5
1	1
8	27
2	1
0	0
2	3
0	1
3	8
0	0
0	21
0	7
3	11
0	0
0	0
0	0
0	21
11	444
0	517
3	530
0	562
0	389
7	566
0	0
217	690
95	673
11	226
25	279
0	0
15	105
18	105
3	27
303	195
20	136
0	182
4	0
4	4
0	4
0	0
0	0
0	4
88	108
0	65
0	37
0	35
0	9
0	6
276	151
0	151
0	653
0	630
0	650
0	627
1	572
2	18
0	8
106	0
0	0
0	0
0	0
11	142
1	113
0	116
1	1255
9	362
184	2000
223	1390
7	57
0	327
63	1251
0	107
29	36
18	75
11	1
4	40
0	69
2	84
0	1255
1	0
0	0
0	0
0	0
0	0
0	0
4	55
0	55
0	1
0	5
0	4
0	10
0	0
115	316
8	304
2	69
0	306
2	194
2	2
41	138
53	137
173	233
2	4
326	3
0	0
0	3
249	33
1	33
1	0
228	679
1	168
3	662
1	61
0	0
0	0
0	0
1	132
0	0
0	0
110	4678
0	4852
82	4859
236	509
43	503
5	34
43	0
16	498
42	499
0	0
0	0
57	5
0	0
0	5
4	43
0	105
38	1995
7	0
0	14
3	1987
0	81
0	2007
495	384
0	222
0	0
0	2
0	4
2	142
1	156
0	156
0	0
2277	8569
83	8170
51	8565
242	628
0	616
6	629
1	57
0	13
0	0
239	88
1	77
0	12
4	1
0	0
0	75
961	1772
0	230
7	1588
0	0
0	0
0	0
39	141
0	17
189	971
196	1030
119	190
1	103
2	944
0	162
7	2
2	5
14	5
6	8
0	42
0	0
2	19
4	72
14	0
1011	133
1	91
0	41
0	0
0	0
935	815
2	0
8	5
16	190
4	72
8	690
0	76
1	143
0	0
0	0
0	2515
31	2241
6	2381
7	2420
40	2615
3	351
1	270
0	98
4	2
0	2526
10	14
0	8
0	8
4	2
20	838
34	852
9	715
0	17
3	528
1	37
34	1935
123	1964
7	205
0	5
23	24
0	369
0	247
0	22
14	2
0	1935
190	103
0	58
0	39
0	6
13	0
366	115
0	115
0	1
0	1
0	35
0	36
1	39
0	9
0	0
0	0
0	1
0	9
0	0
0	0
0	0
0	1
4	1
4	1
38	748
1	40
0	8
0	18
0	6
0	82
13	65
9	139
3	76
0	114
0	46
13	835
24	825
0	414
0	340
8	23
14	0
0	835
0	825
1	0
0	0
1	400
4	19
0	29
3	383
3	379
25	379
3	368
0	379
0	401
0	11
0	0
2	348
325	371
0	68
0	314
27	325
0	65
0	368
0	84
0	114
0	121
0	119
0	19
4	28
0	0
0	0
0	2
0	15
0	1
0	1
0	0
1	120
53	2666
4	1943
0	1903
0	1019
4	1542
4	5
4	712
2	945
1	647
2	98
68	0
78	17
0	6
0	0
1	11
2	1025
55	1025
8	848
115	848
3	363
7	55
2	0
19	157
61	157
0	12
2	90
342	0
235	1
11	158
33	420
0	1005
35	974
2	355
0	1019
0	1076
456	0
4	1176
4	524
0	598
3	304
1	57
0	178
52	400
0	11
0	35
0	110
1	46
0	0
0	0
13	386
242	1933
0	515
0	1903
5	1023
3	18
0	316
0	259
1	178
0	94
4	1
5	0
0	123
0	119
0	15
82	174
4	33
3	5
32	123
19	142
5	9
0	9
0	0
0	2
1	94
0	71
1	94
0	105
787	705
1	703
1114	1
15	0
123	365
12	502
18	574
28	144
0	20
42	426
11	345
19	351
0	314
2	50
6	65
0	2
48	332
0	55
0	0
5	0
0	0
6	447
0	791
15	1541
71	1493
0	853
76	863
31	969
1	131
1	1
0	26
0	12
0	17
0	10
0	13
20	1
3	47
60	161
40	100
0	251
1	163
4	83
3	1
0	1
77	527
1	527
8	169
13	347
14	5
1	3
0	497
2235	1324
10	55
1	24
8	38
0	1270
1646	0
3	60
1	281
194	875
4	831
0	92
2	22
1	129
38	129
0	16
3	17
299	2423
410	1523
5	829
32	449
158	913
0	398
74	356
0	0
0	0
0	694
750	695
0	16
0	409
0	5
179	1544
114	1546
496	828
10	461
1434	577
0	17
3	7
0	18
0	2
2	5
36	5
9	595
2	471
14	0
0	21
26	181
1	655
0	619
106	1
1	1
2	524
49	529
3	128
54	114
0	0
7	11
26	20
0	12
4	20
0	1
1	5
0	166
627	311
8	198
0	168
36	603
0	0
14	603
12	0
31	87
2	0
37	1871
23	1894
102	1893
78	476
31	732
518	163
4	122
9	40
0	0
43	1
0	1
1103	693
2	677
8	11
10	1
27	55
1	12
279	1009
14	883
1	68
5	208
1	1940
244	1792
8	1939
0	524
1	582
38	114
5	380
1	22
5	50
4	0
0	10
0	4
3	0
8	985
107	2027
9	2027
0	753
237	767
1	735
1	742
121	639
5	200
1	39
136	97
0	0
0	1
0	1
226	518
22	515
0	518
47	518
17	0
0	0
2	40
0	30
2	10
0	0
137	658
0	4
0	84
1	8
0	395
1	272
0	511
0	438
0	438
0	438
0	390
0	1
0	126
0	14
0	25
0	0
443	3268
0	2465
0	519
4	536
33	416
0	0
0	1
0	1
0	0
0	0
13	4230
97	3750
2	315
0	824
0	42
15	3
0	598
10	119
34	1
0	46
0	40
143	44
0	43
0	53
0	42
2	35
0	39
0	28
0	32
0	28
0	42
1	0
0	12
0	0
7	209
16	62
0	177
0	102
1	108
1	121
1	4
2	12
8	0
0	18
33	16
7	249
14	249
4	15
0	19
0	0
0	0
0	0
0	314
11	369
5	243
50	13
0	13
0	8
34	297
38	285
3	20
0	261
134	250
0	14
0	22
0	42
2	18
0	9
0	1
7	6
1	4
46	925
0	1903
3	923
0	400
1	923
0	19
32	2133
19	161
0	1893
258	0
5	23
2	23
65	81
0	82
0	82
1	63
0	31
1	10
0	3
118	152
0	151
0	17
0	2
0	1
1	0
1	1
36	533
1	2
2	69
5	79
0	536
104	663
15	655
4	7
2	65
5	36
230	7
16	7
244	3565
1	0
159	3056
0	1870
51	3561
17	17
7	17
0	44
2	67
0	0
0	0
0	2
0	0
300	1018
0	827
1	257
12	62
155	0
0	48
0	2
32	58
1	1
0	26
0	28
2	4
0	20
1	5
0	58
6	272
0	271
0	273
0	12
0	4
7	1
2	1
3	0
0	0
0	0
0	0
0	0
0	0
66	525
22	215
43	357
38	78
0	203
6	203
13	86
223	1051
6	503
0	792
0	762
2	9
24	129
0	0
21	41
0	46
1	19
0	25
1	30
0	16
2	2
4	7
0	0
1	6
1	6
0	0
0	8
0	0
0	7
1	218
6	218
0	91
0	20
61	115
34	115
250	1
3	1135
23	1053
0	901
6	177
0	112
0	103
3	60
27	100
6	11
0	1117
97	6
0	8
0	7
0	7
0	1
0	8
0	7
0	0
0	0
0	0
12	9
14	341
0	335
0	172
274	0
4	621
2	1297
4	1164
0	214
0	363
4	192
4	6
9	0
0	25
0	0
0	0
49	385
5	44
0	78
3	338
0	40
0	390
3	66
0	2
0	25
5	9
3766	41
1	37
39	504
0	507
2	432
2	15
33	1
100	154
0	43
0	44
0	132
0	6
91	465
0	13
8	105
1	465
2	52
0	54
3	3
0	6
1	30
3	30
0	7910
0	8388
1	8071
251	540
0	267
0	9
0	89
0	174
5	111
1	72
0	0
6	12
2	17
2	112
3	707
17	701
1	144
1	19
2	78
1	58
2	18
7	0
3	105
0	0
6037	379
2	344
1	0
0	31
1	1
0	1
0	0
0	0
0	0
0	0
0	0
0	63
0	1509
1	18
62	546
0	322
5	64
78	16
29	0
6	6
4	1508
118	3448
52	3443
1	346
9	397
5	183
3	183
1	230
0	0
0	0
8	202
0	230
438	64
0	34
0	6
0	25
0	0
0	0
3460	976
1	190
5	445
0	311
46	7
1	375
0	400
12	0
1359	639
8	627
1	580
0	577
0	584
2	31
0	67
4	470
35	485
108	547
2	510
2	501
0	575
9	16
0	35
29	0
1	170
0	85
10	64
1	109
0	0
0	0
11	143
0	143
1166	873
16	871
0	0
1	1
1	7
42	838
23	838
0	23
0	24
1	3
1	22
1	1
0	3
0	0
0	0
15	1
0	0
0	1
447	72
0	9
0	33
0	29
336	1141
5	837
0	195
1	456
1	0
5	0
0	0
0	0
0	0
0	0
1	0
208	0
0	0
0	0
0	0
57	108
24	98
3	10
1	0
46	148
4	153
5	27
1	20
51	81
4	151
1	71
0	262
121	268
5	236
4	237
0	122
488	1080
239	412
47	481
236	1191
0	610
10	0
201	651
0	411
0	4
15	298
0	275
0	165
0	5
0	37
68	383
81	242
100	206
2	52
14	61
15	243
7	243
4	202
0	0
2	0
378	285
0	284
392	795
11	794
0	0
0	44
0	4
0	0
0	44
0	0
0	0
0	0
0	0
0	0
0	0
0	0
0	0
0	0
0	0
0	0
9035	6
48	9982
0	10372
0	9999
0	26
9	3567
1	628
1	604
4	419
19	155
0	10294
0	10244
2	148
29	5382
8	280
1	6994
0	5725
4	2114
0	0
0	0
0	0
0	0
0	8
0	8
10	8
63	0
0	0
1	1
0	1
0	0
0	0
0	0
0	0
108	33
0	2
7	0
1	31
23	1
25	137
1	116
0	4
0	30
0	0
0	45
0	0
0	17
47	423
0	22
0	94
5	423
0	69
2	0
6	0
8	46
20	475
0	38
2	348
3	0
0	369
6	95
48	1251
0	1267
40	1597
8	0
4	1
61	1460
15	14
0	31
5	183
24	214
5	26
0	1
0	3
4	9
0	32
0	32
0	149
0	32
0	5
7	869
0	843
12	776
17	291
0	188
0	176
0	22
0	16
1	30
0	0
0	0
43	525
138	525
7	523
15	664
7	420
1	384
36	286
3	59
0	0
1	2
0	694
21	22
0	22
0	0
0	0
0	0
0	0
0	0
0	0
0	0
0	0
0	0
0	0
0	0
64	438
4	438
0	0
0	0
0	0
0	0
41	2040
4	1839
3	1629
0	1
66	59
21	640
0	36
2	32
0	35
0	35
0	34
0	0
1	0
0	0
0	0
0	0
0	0
0	0
0	0
0	0
0	0
0	0
26	42
0	24
0	23
0	0
0	17
0	2
0	10
409	0
0	145
0	195
211	259
1	45
2	18
2	4
23	117
5	117
0	0
1	117
359	384
25	384
1	134
909	136
13	475
5	459
2	47
14	34
7	4
9	6
12	44
3	473
0	44
2062	0
0	0
0	416
1536	532
1	143
0	115
687	0
0	90
0	519
0	114
2	9
0	0
0	28
0	0
0	27
1	27
0	16
1	27
0	3
0	1
5	1
0	519
0	529
0	522
37	1148
3	848
96	699
13	1528
0	11
0	103
0	36
0	6
12	35
0	54
78	468
0	47
46	268
1	71
2	42
15	899
0	0
0	743
0	844
8	67
7	437
1	70
3	0
8	148
0	2
124	980
0	840
0	110
0	34
3	4
75	327
33	2808
43	75
0	0
3	1113
83	2701
54	56
4	0
11	220
0	214
5	99
0	118
1	10
0	10
0	4
0	0
1	0
0	0
0	0
7771	5
2	1
0	0
0	0
200	288
0	0
2	343
0	118
0	0
0	23
0	665
0	1496
1	21
0	1265
0	570
3	155
2	393
3	10
0	287
2037	29
0	23
0	0
0	0
0	0
0	0
0	0
0	0
14	60
1	60
0	60
7	30
0	57
127	0
38	106
2	106
2	10
8	161
2	134
48	147
0	5
0	9
0	1
0	1
0	1
1577	1022
2	181
31	585
0	412
0	321
3	0
3	275
1	162
4	231
0	259
0	275
0	104
1	11
2	60
0	26
10	5
0	0
1	1225
0	108
0	5
0	1076
0	572
0	3
1	0
0	0
0	0
3687	531
6	95
5	147
107	26
2	104
31	43
7	153
56	35
0	167
220	141
0	39
25	2777
3	2409
1	783
1	1824
0	1687
4	845
4	392
1	258
2	393
2	6
0	0
64	279
9	241
0	5
2	104
0	32
0	0
7	96
54	1773
290	656
88	1298
4	18
43	28
0	3
234	601
10	601
0	7
0	14
0	7
0	16
0	7
0	3
0	9
0	1
0	11
7	852
1	125
0	518
0	142
0	62
17	84
0	875
0	72
0	21
2	56
0	22
0	1876
117	1992
10	208
0	69
0	1982
34	498
0	609
0	1580
2	1531
0	584
0	640
0	605
0	31
1	1354
0	1
0	1
0	1
0	1
0	0
85	11
1	5
235	1869
73	1870
1	285
1	105
130	432
0	432
0	122
53	32
561	4434
9	42
0	3477
0	525
0	1439
3	876
1	1433
4	446
0	0
0	1436
73	21
18	2
0	29
243	195
0	1
6	5
3	4
72	182
7	191
2	111
3	0
0	1
80	30
171	0
1	0
74	38
0	38
14583	5343
11	0
0	5154
1119	587
0	85
1	0
4	464
0	100
3	42
0	0
1	2
0	0
18	0
0	73
3	1631
27	1620
11	466
0	748
57	32
0	293
5	272
0	45
0	32
0	0
38	0
3	54
2	7
0	2
0	2
93	162
0	31
13	45
8	6
0	7
8	109
0	0
28	277
71	277
13	5
0	5
0	35
2	9
7	6
0	70
0	31
0	15
0	3
0	9
0	8
4	3
0	3
0	2
0	7
0	0
0	0
0	0
1	2
289	46
0	37
3	5
0	4
3216	574
3	0
0	571
6	166
2	50
0	18
1	48
31	79
8	79
4	9
0	0
0	0
532	1632
43	26
4	61
40	69
1	0
0	0
0	0
1	0
382	303
0	238
0	28
5	55
4	96
0	0
0	19
0	0
1	952
0	9602
34	2842
13	2742
0	9586
1163	785
0	431
2	460
0	41
51	316
0	316
0	3
1	0
16	457
507	460
15	320
28	159
0	32
66	1263
1	1274
0	488
5	112
0	24
2	0
4	7
1	207
0	0
59	40
0	40
0	0
0	0
0	0
14	0
0	0
0	0
0	0
0	0
22	2169
3	29
1490	2150
0	23
4158	200
3	198
46	144
0	18
17	7
0	22
0	99
3	42
0	106
23	1
0	0
0	66
0	266
0	2
0	23
3	31
0	45
0	46
12	12
6	774
0	489
0	487
14	722
0	3
0	8
5	8
0	1019
0	1011
0	1061
0	1031
2	1020
10	683
29	683
193	248
3	239
0	20
0	20
3	18
1	0
53	236
0	67
7	122
1	95
0	39
0	50
13	7
2	102
5	1639
55	1694
13	33
0	369
0	1675
9950	36848
1163	36761
241	3683
21	91
12	2826
4	286
0	14
88	2606
0	226
6	0
37	1278
42	1193
0	115
6	157
0	28
2	1
27	270
31	260
0	32
2	0
0	0
0	0
2	0
2313	0
0	481
2	202
0	99
0	401
43	686
24	684
0	29
0	20
0	31
20	37
0	16
18	160
0	117
0	18
0	12
13	0
0	697
20	926
21	501
5	34
3	9
0	970
0	0
0	0
490	0
0	8
0	2
0	0
0	9
0	3
0	4
0	4
58	8
124	71
4	0
0	7
0	70
1	95
1184	164
3	161
0	17
7	178
0	145
0	0
0	144
0	177
0	176
0	2
0	0
0	13
1	0
1	0
0	0
0	13
0	8
0	1
0	4
0	5
0	6
0	13
0	13
0	178
0	98
0	96
11	98
1	34
1	69
1	2
0	712
27	691
7	20
9	2
0	90
3	51
1	5
7	51
0	1
5	270
0	255
15	213
4	271
13	272
0	160
0	174
9	14
0	0
0	0
0	0
904	2617
17	2165
30	2159
2	1392
0	330
2	324
237	219
1	50
0	2
0	0
612	545
6	545
0	45
0	0
0	0
155	279
0	256
3	24
0	0
22	1396
11	1076
15	369
4	461
1	605
14	287
0	297
0	512
0	349
0	230
1	1290
3	3068
1	246
6	466
0	1720
0	0
36	573
0	2419
0	3045
429	469
0	454
2	397
0	1
0	14
0	4
0	3
3	36
0	36
0	0
1	316
23	311
51	33
5	256
0	0
0	0
0	0
0	0
15	212
33	532
2	355
0	26
0	77
1	4
20	23
9	9
15	0
15	0
0	14
6	424
35	424
75	107
9	73
0	703
3	935
19	41
0	908
0	54
6	0
0	16
0	118
0	0
0	0
0	0
0	0
414	87
0	8
0	77
65	2127
6	22
15	62
24	230
2	2059
0	0
0	0
2	0
2	1
0	0
9	295
4	59
2	300
0	297
1	30
26	121
6	33
2658	2
27	31
0	19
0	15
1	2
0	34
0	34
0	34
0	34
0	0
0	0
0	0
0	0
58	1244
1	970
85	1219
2	11
0	7
0	7
0	0
0	0
0	0
181	61
31	42
0	59
2	5
0	0
0	0
0	0
0	0
0	2
0	2
0	1384
17	1529
4	1403
0	1223
33	948
0	1047
11	0
0	0
0	0
8	118
0	193
0	173
1	2
0	167
0	7
0	11
0	0
0	0
0	0
0	0
0	0
0	0
291	0
13	537
28	566
2	553
3	545
0	554
2	7
4	121
12	0
0	42
14	91
0	90
2	87
0	0
959	1
114	149
0	5
0	144
4	18
0	3
6	15
0	9
7	833
0	738
0	1717
2	1576
0	1596
0	1546
6	1194
0	1367
0	1390
0	1362
0	1399
1	108
0	109
4	12
68	1
13	23
16	143
28	94
0	738
0	1748
19	44
0	4
1	9
0	59
2	23
0	13
1	19
130	2984
95	2984
60	242
14	49
1	48
2	0
17	522
278	655
0	363
10	46
3	74
4	123
12	51
14	1
0	50
0	50
175	1869
21	1489
37	686
0	88
1	42
5	102
0	86
0	0
0	29
0	0
0	64
0	0
2	2339
0	1885
0	1185
8	222
5	126
3	200
2	2
0	52
4	0
7	0
0	0
0	0
0	0
21	148
0	148
3	148
0	56
0	0
1	348
56	348
0	9
3	9
0	414
28	429
6	35
1	0
1	65
2	0
0	1
16	116
0	116
0	55
0	732
0	55
0	766
0	722
0	5
1	5
1	0
1	16
0	600
0	47
3	577
0	42
0	113
0	99
17	99
7	0
0	0
0	0
0	0
0	0
0	0
321	14
0	13
1	1328
55	1424
45	221
2	17
4	130
16	74
3	211
459	217
2	66
1	132
0	1
89	1
3	6
0	3
0	3
0	13
0	14
0	14
0	6
0	1
0	0
2	3
0	12
0	0
0	0
0	0
0	0
0	0
0	0
0	0
0	0
0	2971
0	2903
0	2675
0	1441
0	2778
1	188
0	111
61	0
7	260
3	2708
113	818
4	822
5	874
94	226
7	241
0	208
2	197
47	160
0	0
2	3
1005	129
35	40
0	111
3	5
1	7
15	24
0	0
0	0
200	2594
12	780
3	534
0	512
15	2390
0	49
1	731
4	0
128	184
3	51
1	2
29	10
0	10
0	0
59	1160
8	634
0	62
9	40
0	536
0	5
1	78
2	0
0	4
8	4
3204	123
3	49
0	69
0	0
0	0
0	0
1	0
0	0
0	0
0	0
0	0
0	0
629	204
0	5
1016	75
2	73
916	159
1	39
0	219
55	18
0	13
3	6
28	17
0	0
0	0
0	0
0	0
1	1
0	1
273	35
0	0
2	28
1	10
168	131
0	35
2	46
25	89
7	15
16	20
2	46
0	0
50	12
0	12
2798	5057
1	5109
22	1393
118	989
0	568
12	75
1	73
0	6
0	0
0	0
0	0
0	0
7	14
11	36
0	10
1	1
0	4
0	0
0	0
0	0
199	1589
0	1307
57	1067
2	464
3	204
0	0
1	0
0	0
133	175
1	76
15	174
640	335
10	335
245	0
1	34
0	37
1	33
6	82
45	95
2	13
115	0
3	119
16	124
2	154
0	14
0	0
4	14
0	1
1	1
0	0
0	0
2045	7511
45	299
0	1267
21	6939
0	6
44	197
4	322
185	562
10	97
2	56
3	68
8	60
44	26
7	14
0	0
0	0
0	0
0	0
11	0
1019	542
2	164
1	515
496	381
3	0
0	7
5	381
1	28
0	26
0	398
0	319
0	317
0	398
1	399
1	317
2	107
0	324
0	295
1043	92
1	60
2	10
1	0
0	80
29	13
0	13
0	13
0	13
0	3
1113	19
0	0
0	0
0	0
4030	14
0	528
2	499
0	397
0	169
14	188
9	0
2	74
1631	2
0	0
26	57
0	57
0	57
1	56
608	68
1	64
37	4
0	0
0	0
19	589
26	587
1	488
106	2
3	780
39	800
12	800
4	762
1	90
1402	483
12	390
248	1
57	914
14	235
12	158
9	1
8	2
28	0
0	0
0	7
6	7
177	199
0	155
0	11
0	59
0	0
193	284
12	297
43	804
0	804
21	129
0	131
1	17
2	2
0	0
0	0
0	0
0	0
0	0
0	0
0	0
0	0
0	0
0	0
0	0
0	0
0	0
1	184
2	0
0	36
0	0
2	1
3	0
0	151
0	0
0	4568
14	1768
8	3487
0	414
7	19
24	51
0	62
0	52
13	494
0	1411
35	65
0	0
5	110
3	0
0	508
1	132
3	12
0	4626
2	213
2	983
74	452
92	384
44	1237
2	8
46	1043
3	27
29	1237
238	536
3	101
4	135
14	76
1	9
5	248
2	158
0	0
0	31
0	10
732	2588
0	651
0	1737
2	26
2	1933
1	1589
14	222
0	93
14	84
14	5
1	5
14	872
0	878
0	1
0	1
0	0
227	357
27	344
2	103
4	141
8	14
1	4
0	0
0	0
0	0
0	0
0	0
0	0
0	0
0	0
0	0
0	0
1730	94
0	0
2	94
3	48
0	201
0	233
5	65
1	104
4	32
0	61
0	206
5	172
81	98
0	221
0	0
0	2
0	2
0	1
1	0
113	376
1	375
0	2
0	7
0	12
4	34
7	24
6	25
1	25
173	60
0	42
3	18
0	6
644	0
0	0
0	0
0	0
0	0
9422	11
6096	17
33	7
53	6
303	0
0	0
0	0
0	0
0	0
0	0
0	0
43	0
335	0
0	0
0	0
0	0
0	0
0	0
0	0
0	0
0	0
0	0
12	0
3	1693
1	1519
6	1539
1	1561
5	1559
1	19
3	8
0	76
12	0
3	6
9	1927
1	1929
2	1929
0	17
0	18
0	13
2	9
0	6
0	9
15	23
0	53
0	12
0	77
0	0
0	0
721	268
0	267
6112	3511
29	1193
0	1732
0	7
0	1174
4	330
0	1114
0	0
0	0
0	0
0	0
8	1
0	1
1915	259
1	104
1	0
0	103
0	52
731	3
1	2
0	0
0	0
0	0
0	0
0	0
0	0
0	18
17	22
0	4
1	5469
0	1988
1	867
3	412
39	976
34	867
0	91
3	151
21	101
0	534
37	504
32	175
0	8
1	71
2	5471
29	440
17	76
0	254
8	361
24	1
30	35
175	141
0	60
1	0
0	5
0	0
0	66
0	53
0	82
0	4
0	0
81	5560
0	5738
25	5593
0	24
54	11
6	198
70	661
14	157
0	85
0	101
0	83
0	106
1	11
0	0
3	6
0	11
1	11
0	11
153	447
0	445
0	291
5	86
48	179
11	161
0	9
0	0
0	0
0	0
0	0
0	0
0	0
0	0
8	3
0	3
115	11
5	7
1	1
0	2
0	9
3	9
1814	965
0	157
48	23
46	810
21	352
0	18
0	343
0	34
0	128
0	23
0	0
0	129
0	9
3	8
0	0
17	43
0	0
0	43
0	1
0	0
111	135
12	96
0	1072
0	69
9	78
0	27
0	0
0	0
0	0
0	0
0	0
12	44
0	242
0	208
12	227
7	200
0	33
3	33
0	46
0	31
1	0
0	0
0	0
225	263
32	263
0	0
0	0
0	0
0	0
0	0
0	232
1	1199
12	2
2	139
0	113
0	1215
0	1192
10	281
2	281
129	1636
3	674
6	483
6	23
12	1
0	47
16	983
44	629
2	625
33	123
3	4
2	9
0	31
0	7
3	16
9	585
0	2
6	9
0	790
0	799
0	0
1	0
0	0
0	1873
4	1616
0	1883
1	1786
0	1881
1	199
0	812
0	812
0	35
0	62
1	456
23	151
2	34
0	0
4	96
0	0
0	90
0	81
0	54
0	41
0	5
0	0
0	1786
2	13
0	13
0	0
0	0
0	0
61	55
21	21
1	0
2	13
34	211
0	52
10	83
0	22
0	23
0	24
0	21
3	0
0	206
0	205
0	83
0	0
0	0
0	0
0	0
0	0
0	0
1	38
0	8
0	0
6	152
5	155
145	150
1	108
251	916
1	195
6	55
19	83
0	641
0	564
6	17
19	156
0	345
1	3
58	0
12	19
3	87
66	48
0	98
0	10
5	10
17	15
12	2777
0	329
1	1248
0	1803
0	1710
0	2650
0	1809
0	417
0	1574
0	2518
0	2718
0	1388
59	2660
2	105
0	1172
0	38
0	38
1	69
15	1234
8	8
2	99
0	1913
25	2
1	0
0	174
5	0
3	1140
0	2761
0	2589
0	2697
27	1
0	78
0	81
0	35
1	4
0	6
0	78
42	503
1	67
0	334
0	327
0	171
50	185
1	176
7	136
8	88
690	97
0	0
0	1
0	95
1069	62
0	61
2	1
17	421
1110	5484
0	9
9	125
26	5300
0	840
1552	1803
0	1803
1437	1195
2	194
0	193
0	0
4	51
25	1071
5	599
124	42
11	358
0	504
25	196
0	18
9	149
928	3460
0	3459
23	27
1	144
3	52
28	534
0	658
2	581
0	0
0	21
11	0
342	46
12	24
7	22
0	0
4	14
4	801
0	78
0	1446
9	153
4	17
1	19
0	0
0	0
3	92
5	78
2	47
71	0
1	0
16	0
16	6
0	1460
0	54
0	44
4	22
0	28
8	2
0	48
3	51
0	4
0	0
0	2
0	31
3	10
0	4
0	0
0	83
0	62
0	24
2	60
0	54
0	1
2	2
0	0
0	60
0	83
1699	51
0	50
142	26
0	4
0	12
0	14
1426	347
0	347
54	0
9	2654
0	235
3	485
7	2483
5	282
0	0
5	3
162	144
83	39
20	5
0	2113
118	266
0	266
4	257
1	99
0	34
0	6
19	1
499	279
0	279
297	989
0	950
0	98
0	727
2	488
1	201
0	99
4	178
8	52
0	56
0	930
0	0
0	0
0	0
343	717
0	717
96	0
117	263
2	155
0	97
1	128
1	1
0	0
0	0
0	83
0	0
0	0
0	0
3	606
15	614
0	366
2	329
0	532
0	2
0	7
3	461
0	459
0	332
0	276
0	323
0	325
0	477
0	227
0	214
0	0
0	274
0	290
4	2
7	131
0	25
1	14
0	51
1	74
0	2
0	39
0	380
1	260
61	58
0	2
3	56
0	8
5	5
0	13
1	59
5	69
0	46
2	11
0	11
0	0
0	0
456	1325
0	858
0	228
0	151
0	213
4	487
0	2
0	113
18	67
4	229
19	5
0	3
0	2
1	0
0	2
0	5
0	0
19	705
3	670
0	724
11	81
5	123
0	65
0	51
0	102
35	50
1	39
2	102
0	61
12	121
0	114
0	7
0	24
303	381
505	433
0	292
0	298
52	118
23	88
9	660
1	5
0	121
0	606
0	0
461	6
0	0
0	0
559	7101
9	603
972	7088
29	7065
14	7065
6	141
0	0
0	0
0	83
0	1
0	1
0	32
4	32
0	164
0	4
3	0
0	59
0	41
0	45
0	31
0	56
2	0
0	0
0	105
0	11
0	0
0	8
3	1281
10	1308
25	64
0	126
0	7
0	157
21	123
2	18
942	1856
0	526
4	442
0	1133
0	622
0	145
0	209
0	159
0	31
0	271
2215	791
2	509
339	10333
0	8881
0	552
0	0
0	0
106	2151
46	1942
8	1922
8	38
22	368
0	538
0	0
2	64
65	409
0	406
13	49
1	22
58	0
0	147
29	147
1	0
3	19
380	403
3	400
0	1
0	15
0	15
1	7
0	0
0	0
0	0
0	0
0	0
0	0
0	15
88	0
168	5
0	4
0	0
0	1
0	14
29	86
0	18
0	103
143	5
0	0
176	141
0	0
0	0
0	0
0	1344
65	1348
0	910
0	508
0	299
0	267
0	3
4	0
0	0
0	189
0	199
0	198
21	168
0	129
0	16
72	81
2	1506
0	25
4	127
8	1468
1	1491
1	0
2056	269
1	57
5	211
0	3
0	5
0	5
29	0
1044	167
0	35
0	69
0	94
0	44
0	75
5	634
0	634
0	25
50	902
0	35
19	362
15	891
0	16
83	900
248	1513
0	805
2	613
0	708
0	351
0	239
0	7
0	102
0	602
0	101
0	101
0	78
0	64
0	47
1	11
0	7
0	0
0	0
0	518
1	469
18	501
24	109
2	457
0	571
0	147
0	0
288	515
7	345
2	337
0	50
0	97
0	0
0	0
95	152
0	152
0	127
0	0
5	138
0	95
0	96
0	0
0	191
394	317
10	171
0	2
0	0
380	376
0	151
1	326
4	31
4	0
6	4
0	32
0	58
0	31
1	22
1	105
0	83
0	0
4	2
16863	9446
20	9432
0	3121
2	607
23	140
0	0
0	0
432	37
4	36
2	0
5	1
1447	32
4	26
3	6
41	2
4	4
0	0
0	0
0	0
4471	5
2	169
1	2
2	173
0	5
0	9
13	7
0	46
0	0
0	26
2	161
73	172
1	31
0	7
15	18
8	18
0	0
0	0
0	0
0	0
0	0
0	0
1	0
1	0
0	3
1	3
105	377
6	377
0	0
0	0
2	2
41	18
0	1
1	16
0	0
0	0
0	0
0	88
0	86
0	14
0	3
0	3
4	674
1	0
0	30
0	679
5	74
9	64
0	13
23	1
0	601
19	973
0	785
20	1134
0	151
1	52
12	353
1	828
14	286
1	145
0	185
2	164
0	96
15	53
0	96
6	3176
0	2574
14	1055
0	1657
0	1087
1	807
4	204
0	28
4	1
1	198
1	0
0	0
0	0
0	0
0	0
0	0
572	53
1	0
0	43
1	3
2	12
0	0
0	0
0	0
0	0
75	45
0	45
1	43
2	43
341	3007
0	1
0	2755
16	2294
10	388
0	1293
4	304
187	2636
0	242
27	1607
0	1776
15	1888
4	572
0	7
3	592
0	144
3	261
1	129
0	136
0	119
0	120
0	61
9	0
8	0
0	0
0	0
0	0
0	0
0	0
0	0
456	2001
166	1911
0	231
8	347
0	115
1	196
0	299
0	200
0	4
0	189
96	12
3	1
0	4
0	0
3	0
0	8
0	102
5	13
0	15
0	95
5310	1576
1	1571
1	0
554	4808
40	4964
41	172
0	9
8	0
861	122
1	9
2	4
3	103
3	42
8	17
1171	593
40	124
15	472
0	0
0	32
0	32
2712	2
1	97
0	81
0	27
7	8
2	0
0	12
0	83
0	7
11	22
155	1073
2	25
87	209
86	1057
2	132
29	2
20	80
0	38
2	286
1	233
9	71
1	199
0	0
0	57
9	272
302	100
0	0
2	21
0	46
0	0
0	0
0	0
0	0
0	0
0	0
0	0
0	0
0	0
0	0
1	0
144	338
0	5
10	2365
2121	329
54	326
0	2
1	1
0	0
2790	314
4	323
25	92
0	0
0	1
0	1
21	4
0	4
0	0
0	0
0	0
0	0
0	0
0	0
0	1
24	1
1613	4
12	95
571	178
0	32
0	68
0	152
3	0
0	0
0	0
0	0
20	234
0	204
14	22
0	3
0	50
3	9
0	71
2	71
0	44
0	10
0	2
3	2
0	1
37	103
2	23
0	32
0	42
1	17
68	65
32	65
1	29
3	2806
0	2896
0	829
0	112
0	825
1	42
2	74
59	2368
37	1098
0	416
3	34
92	833
67	0
1	61
2	10
2	261
5	126
0	137
26	61
1	2652
0	0
78	179
6	179
0	0
0	0
0	3
0	2
0	0
0	0
0	0
0	0
729	72
1	14
2	56
1	6
0	0
0	0
6	9
0	10
6	9
1	72
0	2
0	0
0	0
0	0
65	264
14099	277
0	10
0	10
24	493
1	493
11	493
0	293
1	293
4	289
1	88
49	163
0	129
0	20
1	0
145	153
16	153
0	0
0	0
0	0
684	764
0	244
3	94
0	178
5	0
12	119
0	17
1	17
2	74
9	236
0	14
33	79
65	0
0	38
9	309
0	14
0	5
0	4963
614	3531
0	8594
0	238
0	7231
42	1560
0	8632
98	1882
0	123
0	90
0	43
0	1849
15	96
6	90
0	30
0	18
0	0
0	0
0	0
0	6
1	6
20	114
42	2891
0	259
123	2873
2	94
0	309
2	111
88	0
5	37
4	111
231	1008
12	1008
0	3
3062	130
0	124
0	0
0	0
218	417
564	450
40	76
63	31
33	31
2	25
614	571
18	570
196	186
0	186
0	0
5	0
9	203
0	192
4	187
20	13
703	719
0	387
0	332
0	3
0	0
211	2353
0	2071
0	824
1	1191
0	0
0	0
19	1774
9	1687
19	1703
118	273
0	273
0	0
1	120
4	0
25	1115
0	121
0	0
0	107
0	1026
0	97
10	73
0	15
0	131
10	35
27	169
0	53
81	871
0	644
5	13
1	242
9	104
1	200
1	29
2039	535
5	0
0	78
22	29
4	318
7	180
0	11
16	388
0	2265
29	1306
1178	2401
0	902
0	0
0	617
0	0
0	0
0	0
0	0
0	0
0	0
0	0
0	0
0	0
61	65
1	59
0	27
657	64
3	17
3	6
1	36
9	905
31	950
32	703
0	226
0	96
0	245
202	365
1	32
0	110
1	67
37	111
2	47
0	47
1	29
8	0
0	0
847	0
0	0
0	0
0	7716
816	7726
0	811
0	1403
0	1162
0	624
1	177
0	888
0	2143
163	84
0	84
1034	141
7	542
23	535
1	4
7	11
0	2
0	3
0	3
0	0
0	0
0	0
0	0
143	84
12	82
11	2
4	8
179	100
0	0
0	0
7	100
151	174
0	162
13	144
621	1
3	0
0	191
1252	3687
28	3605
87	3643
3	1740
13	3316
1	1040
38	33
1	14
4	12
0	29
534	8
11	8
0	30
350	250
2	1
1	14
1	26
0	220
6	25
8	86
6	86
148	1323
53	463
0	98
0	970
0	198
4	7
0	127
0	21
0	0
0	0
9	177
7	176
0	47
4	51
1	7
0	77
2	78
0	21
1	7
6	890
471	896
0	871
0	701
1	660
0	116
330	18
193	0
3	57
2	57
116	307
2	236
0	134
6	166
0	33
0	20
28	53
1	0
487	199
5	199
24	907
2330	909
0	0
0	1
0	1
0	14
9	96
4	96
0	0
0	0
0	0
380	1997
20	2166
11	1975
0	139
0	20
14	24
43	4
0	1108
2	1228
0	1205
0	740
25	1103
85	880
5	55
17	434
0	184
0	165
0	142
11	69
4	7
0	0
17	30
37	0
2	16
0	1105
0	0
0	0
1130	2
9	0
0	0
0	0
0	0
0	0
0	0
0	0
0	0
0	0
0	0
0	0
714	1602
3	189
25	26
0	0
2	1101
0	3
0	34
23	0
1836	59
3	19
2	39
2417	665
16	328
0	214
0	128
8	66
22	29
10	0
8	174
0	29
0	79
4	64
4	237
9	71
12	16
3	7
5	74
6	81
0	1024
3	1024
0	28
921	970
0	715
17	419
1	893
0	302
0	205
0	339
1	678
0	51
0	15
0	93
14	35
8	1
425	957
1	445
1	69
2	0
6	15
3505	20219
20	20748
419	19943
5	4872
94	4846
3069	21955
1	4556
27	72
49	2893
0	1609
0	13099
112	792
20	7937
109	7163
30	3
132	1446
0	0
0	0
11	123
629	444
0	321
65	2378
0	99
2	230
0	0
7	39
6	1
1	2176
3	2178
4	441
1	86
0	858
8	241
27	293
0	2227
8	663
12	571
0	473
0	130
0	0
1	96
0	2
464	50
17	50
13	342
0	116
68	420
1	357
0	107
3	15
22	13
0	170
1	2
0	5586
8	6007
21	1720
0	3982
1	2337
37	1039
0	2025
2	2801
0	344
0	2698
0	1339
12	3103
0	386
0	66
0	128
0	2340
0	217
27	87
19	270
0	1315
27	330
0	112
10	43
2	767
2	792
3	667
0	0
0	0
0	1
0	1
7	1746
94	2137
39	1938
0	498
0	607
0	432
1	105
0	220
6	73
0	1
0	0
0	0
0	132
0	118
0	60
0	2
6	2
23	91
1	19
146	97
11	35
728	550
0	254
1	316
0	106
1	5
12	127
36	187
3	39
6	41
2	0
0	84
3	1
0	1
0	44
143	2
19	124
0	1
1	19
9	103
0	18
1	2164
57	2410
0	0
28	605
0	17
9	12
2	958
9	2263
0	1
0	1
0	1
0	0
764	12
9	0
1	12
236	38
21	38
960	658
0	200
0	233
26	412
17	10
6	0
1	0
25	974
97	997
282	818
47	459
23	74
24	66
0	216
1	225
0	294
0	50
0	22
0	0
3	32
0	29
0	27
35	21
0	18
0	7
2	54
6	53
7	2695
268	3048
0	930
0	479
2	18
0	15
1	4
0	11
7	11
5	7
2	19
0	1
0	17
0	1
0	1
0	1
0	0
3	318
0	269
3	315
5	12
0	88
6	647
1	607
1	98
8	6
0	87
0	36
5	100
33	91
1	127
2	51
1	9
60	280
366	286
7	58
0	4
7	0
0	0
0	0
2	390
3	187
22	0
1	73
0	208
0	237
9	280
0	98
0	349
10	226
17	281
9	312
17	280
3	267
90	381
0	32
0	0
3	3
75	104
0	15
0	60
2	60
0	0
0	0
0	0
0	0
98	0
0	48
0	47
0	52
0	58
0	48
1	34
0	37
0	40
1	0
1	0
0	1
0	48
0	0
0	0
0	0
0	0
3	0
0	0
1010	138
3	107
0	0
0	31
57	1039
0	990
1	513
4	121
0	602
0	101
2	0
3	17
89	17298
538	17633
6	971
515	1730
0	862
0	12
148	276
0	0
1	275
0	11
105	429
533	429
3	109
1	149
0	64
0	14
0	9
0	0
1	0
22	0
341	0
0	0
626	525
63	435
3	5
0	87
0	80
8	33
0	5
0	55
0	4
0	3
0	0
0	0
448	0
0	0
0	0
1	0
0	0
0	0
438	1
0	0
32	21
1	7
0	11
119	645
979	773
41	643
1	147
42	2
0	105
16	0
9	33
0	0
0	0
0	0
0	0
1	79
17	80
0	7
0	1156
73	2165
0	2172
15	749
29	970
10	9
22	15
0	11
5	2087
1577	390
3	390
1	32
8	34
3	15
7	10
6	2
0	3942
2	81
55	4338
3	932
0	2753
1	2999
0	1187
0	2853
12	457
3	1490
30	4072
3	2774
0	3322
0	327
54	3018
40	1500
13	451
21	521
10	296
0	1
73	2233
0	825
0	531
1	476
32	528
2	307
2	95
7	64
0	2286
0	29
0	24
29	51
0	32
11	47
0	6
85	1123
0	4
0	4
0	2
520	0
0	517
0	1219
0	1386
64	1396
0	11
36	216
34	36
0	216
0	76
24	76
0	3
0	3
0	0
4	515
2	431
1	166
2	180
1	318
4	15
0	116
0	313
8	332
0	129
18	133
5	40
0	515
39	235
10	510
273	911
0	80
5	32
0	2
38	12
8	390
6	25
0	0
0	0
0	0
0	0
0	0
0	0
0	0
0	0
48	2
72	2
124	25
0	24
1	247
0	220
191	320
4	0
0	39
0	15
1	251
1	61
0	57
330	138
4	137
6	4090
0	3896
0	2570
0	3466
3	3982
0	3147
3	3518
83	75
7	0
0	269
0	260
0	193
2	218
0	2529
0	36
0	5
12	138
539	3789
173	3789
5	289
7	39
0	108
0	1
5	32
0	108
0	0
0	0
0	0
1450	3346
9	3349
3	730
8	15
17	88
3	82
1	23
1	8
0	0
1	5
0	945
529	1275
0	1273
0	300
1	1
248	355
2	374
45	39
0	374
0	0
0	0
0	0
0	417
3	455
7	385
0	140
25	50
1	225
0	244
0	1
0	4
2	23
0	27
0	9
0	236
7	233
4	214
5	220
0	224
0	231
1	16
0	169
3	77
3	34
1	0
0	2
0	14
0	2
7	20
0	28
63	51
1	26
0	25
1079	711
7	21
0	3
0	0
367	0
1	1334
11	1243
0	466
1	419
0	47
27	42
1	22
7	10
0	977
266	20
1	3
0	17
0	0
0	0
0	0
0	0
0	0
4	346
7	15
1	284
1	7
2	14
8	239
0	36
33	11
0	150
0	199
0	244
100	514
325	1079
2	345
20	164
30	158
0	102
0	31
59	100
1	53
22	33
6	0
1889	145
0	144
13	527
194	1486
27	638
742	1215
25	859
634	594
0	73
12	267
24	96
0	321
1	70
8	69
0	109
0	35
0	179
683	18
0	0
0	0
29	0
0	0
733	144
0	15
0	81
6	50
1559	27
16	24
20	25
47	0
766	22
0	2
3	18
1	56
2	56
15	142
1654	580
0	239
0	0
0	109
10	48
419	265
0	0
1	740
224	1129
1	84
0	948
5	17
2	0
8	849
0	60
4	272
0	318
0	68
0	0
61	135
14	70
0	92
0	0
0	0
0	0
0	0
0	1
0	1
0	1
3	0
0	0
0	0
0	0
0	0
0	1
0	0
0	0
0	0
0	0
0	0
0	0
0	0
0	0
0	0
0	0
0	0
0	0
8	0
41	540
21	523
57	57
34	293
0	1
1	0
0	292
13	357
13	1547
6	551
30	910
2	48
0	1222
3	843
20	549
3	98
0	29
0	0
0	843
0	0
0	0
0	2746
14	1829
31	3862
0	84
104	3752
0	1659
0	1808
0	277
0	137
0	47
0	290
9	160
0	104
8	45
0	3772
0	3616
6873	3231
0	3225
3	1284
0	1228
9	117
0	31
9	1006
5	26
0	10
3	39
1	101
4	4
0	18
3	14
3	68
0	0
0	25
141	254
1	267
3	247
22	12
2	1
56	0
2808	2837
4	2490
0	903
0	365
1	216
0	0
0	0
0	0
0	0
0	1
0	1
0	0
0	0
269	1
0	1
0	0
0	0
0	0
1	753
7	882
0	637
0	539
94	711
6	115
2	0
0	0
0	1
0	581
22	788
0	105
0	256
0	608
1	649
154	236
0	22
0	880
5	263
4	757
12	186
8	68
3	82
8	13
2	52
31	42
43	91
0	36
0	241
137	243
0	92
0	0
0	0
0	0
36	139
8	461
2	461
924	396
0	395
38	76
0	76
1	13
148	498
10	492
2	82
0	138
6	296
1	17
1	18
4	283
0	1
0	3478
8	4626
2	4023
0	3635
15	852
3	32
66	2174
0	436
0	212
1	216
0	2
0	0
0	0
361	1614
139	1612
0	1484
0	91
0	289
0	0
0	0
0	0
24	1770
1	17
0	35
0	16
0	0
2	1738
29	1712
16	139
87	3991
22	3743
4	0
2	866
0	316
4	79
16	808
0	458
2530	1084
3	1083
5	186
1276	426
0	182
21	273
6	121
411	419
0	143
58	43
0	1
286	5288
32	5856
0	5467
1156	1055
24	6850
0	8886
0	8488
579	1272
1	494
33	11
1	1365
402	2307
0	7173
198	8547
10	671
2	14
0	8547
1564	16773
12	13276
205	15299
1	796
1	744
0	0
2389	2
0	0
0	0
0	0
93	1114
1339	1114
2	0
1	0
0	0
0	0
656	768
4	768
1388	1
0	0
4	0
991	490
63	0
22	175
0	489
2	1
56	24
0	1
0	23
229	79
0	30
1	25
50	0
1	47
1	0
1	1
3	22
16	16
3	22
2	0
0	0
0	0
2	189
2	195
0	122
2	237
1388	1436
1	235
37	1349
2	5
17	786
16	0
802	3
11	4
3	934
101	936
77	936
1	253
0	102
0	1935
27	795
34	795
13	1084
86	1931
804	1463
2	102
0	61
0	248
11	1173
183	0
192	13
0	13
16	230
6	230
9	222
0	246
0	51
0	26
10	4
0	3
0	0
0	0
1	4
0	251
5	232
1940	1535
0	106
2	49
331	1622
4	30
1	74
15	147
136	161
2	26
0	135
3	21
0	0
6	18
8	6518
574	6519
22	333
0	55
0	17
0	0
6	963
8	73
62	891
0	4
0	89
1	9
5	22
3	64
1	516
42	2584
0	159
15	326
155	738
31	1711
7	1710
3	1260
16	40
3	340
1	51
145	1442
1	86
1	110
0	0
0	0
0	0
0	0
0	0
0	0
2	0
0	39
0	36
0	2
0	1
0	1
0	36
0	39
101	1129
17	1518
2	867
11	392
4	101
14	1456
0	0
0	0
0	0
0	0
0	0
0	0
0	0
0	0
0	0
2	3
0	2
474	212
1	78
5	90
9	87
0	0
0	0
0	1
0	1
0	1
85	6943
0	9
0	4726
0	7230
17	6984
0	0
0	0
1223	0
265	925
63	596
0	147
0	230
0	85
0	0
32	8
0	8
6	20
0	4
189	72
0	19
0	9
0	0
0	18
1	0
1	7
8	1
0	28
0	17
0	0
0	0
2	7
1	51
0	3
0	3
0	45
1	43
0	8
0	0
0	0
0	0
2266	1252
33	1251
27	0
866	127
0	127
0	0
0	47
305	310
1	263
0	0
0	0
0	0
0	0
1642	1571
399	1830
0	573
4	73
0	0
0	0
0	0
0	0
0	0
0	0
0	0
0	0
1	0
0	0
0	225
10	259
14	374
0	180
0	215
0	267
1	0
693	988
0	860
1	10
1	0
0	1
2	21
1033	167
5	166
0	6
12	53
0	0
21	693
1	718
2	82
0	141
0	122
0	123
0	0
1	11
0	8
0	72
10	6
0	0
0	0
0	1
0	5
54	133
0	9
0	71
14	33
0	9
227	3992
1	1096
0	1656
40	9
9	123
0	1060
0	661
0	382
5	680
1	31
1	107
0	4001
1	4
0	1
0	3
0	0
31	411
108	516
0	5
0	100
1	7
2	0
1	105
6	206
6	110
0	251
7	213
1	18
4	30
1	25
0	111
8	81
7	47
31	78
0	144
8	142
1	153
1	22
0	0
0	0
0	0
963	195
3	81
0	23
629	2959
0	298
11	1231
28	2925
180	0
23	539
54	539
17	4
5	41
16	24
0	1066
89	1206
49	1010
3	76
0	913
7	9
8	211
0	60
11	138
0	14
0	12
0	49
0	0
289	25
0	24
0	106
1	0
0	106
0	106
0	106
0	0
8	11
0	0
0	4
0	16
0	106
1004	1
1	89
2	14
0	17
10	0
0	99
5779	1745
12	473
2	445
0	112
0	1228
0	0
0	53
0	0
0	0
12	120
1	120
0	3
0	0
0	0
0	0
62	5
0	22
2	29
9	27
19	3
2	155
0	155
5	2
0	24
429	0
1	0
452	994
0	937
0	908
0	269
2	194
0	91
0	0
0	1911
4	6171
0	4937
4	61
0	26
1	3863
0	574
0	1913
0	534
6	39
0	5459
0	1009
0	1103
6	934
0	5459
1345	1
357	7
29	1344
4	1384
0	1274
1	58
0	111
5	97
1	18
0	860
0	1354
1112	0
12	981
43	1044
0	36
0	63
17	6
0	6
0	2
0	0
5	399
164	574
0	402
0	1745
5	473
1	322
2	314
21	0
0	1745
3	14663
6	11290
30	4045
1	83
0	0
3	0
0	14663
22	1192
71	948
0	147
0	1194
0	90
52	1172
1	21
11	34
2	15
1624	379
15	360
52	18
0	102
0	0
0	1
0	2
7	48
1	102
0	0
0	0
0	0
19	113
80	113
51	104
2	53
186	4342
11	4333
5	4342
86	3984
84	3567
8	231
1330	1354
0	114
1	145
29	21
0	0
0	1074
3	9
0	111
1	27
0	0
0	0
0	0
0	0
0	0
130	529
28	528
0	33
1	119
0	109
0	48
8	28
12	28
50	668
11	630
30	72
46	472
0	400
12	0
33	43
17	20
0	110
0	31
1	0
9	1
0	1
0	0
743	74
1	59
0	13
0	1151
2	1100
2	210
0	53
22	687
244	181
16	22
11	83
0	63
0	29
0	0
0	0
0	0
2	784
18	779
2	27
0	774
15	64
21	24
7	17
0	2
25	638
1	23
16	324
25	324
8	54
19945	5948
46	5921
5	3734
3	3290
3	2562
16	54
13	3874
10	4039
65	4060
84	2895
4	96
10	19
92	66
1	8
40	73
55	2
7	2
0	0
0	0
4	1
165	309
6	178
0	3
0	35
0	17
0	5
2	130
0	16
0	11
2	27
0	11
0	13
0	13
0	14
1	15
2	8
0	3
30	1088
62	1088
5	2387
36	0
9	544
1	274
0	2067
7	2228
0	25
0	145
0	61
0	60
0	4
0	0
2	4
4	3
1	3
4	97
2	66
12	97
1	54
12	44
81	136
0	74
0	34
0	59
15	0
6	0
0	0
0	0
0	0
11407	8
2142	2995
7	2994
0	413
9	432
97	673
5	63
0	0
0	0
304	881
5	370
4	553
43	437
0	23
0	0
0	1105
7	5
13	1100
1	193
0	1097
0	81
0	72
8	28
0	81
144	2139
37	1974
47	1444
1	0
0	43
0	43
0	1351
1	282
1	1316
19	618
3	1354
0	0
0	0
0	0
0	0
9	30
45	1340
28	1388
0	1222
3	702
0	626
0	642
0	610
1	40
0	491
0	529
0	560
0	607
1	160
0	536
0	614
0	606
0	625
1	0
7	126
0	51
0	35
0	72
6	389
1	60
1	54
2	3
0	34
0	28
1	61
0	53
0	40
22	52
0	25
0	9
0	542
0	0
0	0
0	0
0	0
0	93
0	1546
13	742
1	651
0	523
0	446
11	289
9	967
1	1081
0	43
25	256
0	1600
151	275
4	207
0	67
0	5
16	30
0	30
0	5
0	5
15	550
21	301
4	267
15	544
1	17
0	2
0	0
0	0
0	0
3110	4373
9	4039
2	1762
4	343
370	999
0	1124
0	833
424	3028
53	1663
28	3028
0	209
4	537
1	5
15	222
70	326
2	224
0	0
0	0
0	0
968	266
0	252
0	237
0	14
2756	2
0	0
0	0
18	682
171	841
1	986
5	1251
0	2012
8	680
29	133
10	235
42	69
0	8
0	1798
19	14
0	14
771	801
1	722
0	112
4	310
9	416
1480	493
1	493
3	6
0	460
13	400
2	398
0	384
218	1443
0	1261
0	1026
2	137
11	647
0	647
0	91
2	124
1468	261
0	84
4	178
2	55
0	0
122	71
3	17
77	1067
3	325
52	654
17	981
3	113
0	13
31	1
1	8
3	1
1	31
4	1
32	204
0	204
0	18
0	4
0	10
0	26
2	0
104	14
252	1056
39	767
31	96
1	431
103	431
0	119
4	0
0	0
0	0
0	0
0	0
0	0
2	650
5	783
13	753
4	607
17	71
0	217
0	0
15055	889
20	418
0	450
2	0
0	476
19	152
0	296
0	360
0	368
0	120
0	112
0	605
1	58
5	34
0	36
0	610
22	447
3	455
53	730
516	676
3	152
0	9
0	143
0	176
242	447
0	1
1	311
14	114
1	14
0	25
0	7
0	0
2	83
3	117
73	5012
27	5032
2	6
0	635
0	55
0	97
2	65
0	0
6	0
0	0
0	0
0	0
0	0
0	0
1021	2680
3	2620
1	58
53	259
248	270
2	7
19	160
8	151
40	100
0	68
0	47
0	0
0	53
0	19
0	39
0	66
0	67
238	343
9	77
0	46
0	1
13	28
0	322
1	9
2	87
1	270
5	463
0	618
0	162
22	316
51	286
0	9
2	31
0	87
0	223
7	128
42	6
385	3165
0	202
0	32
0	188
1	57
2	242
40	283
17	700
95	125
2092	499
55	548
10	69
0	3137
175	1494
5	556
29	813
5	208
0	222
1	54
16	101
0	32
1	176
1	64
7	223
2	99
0	115
0	8
1	69
2	32
2	30
1	0
0	4
0	4
0	0
0	0
437	3048
11	1166
122	3001
106	4484
244	4440
2	35
4	1991
6	195
17	181
0	341
0	3858
23	3910
3	1746
0	2572
92	2541
0	2709
0	2886
20	762
16	457
2	246
5	17
0	13
0	14
0	16
0	3
1	0
0	0
0	0
0	1
0	4
0	3
0	1
0	1
0	1
0	0
0	4
32	1345
0	710
0	663
4	5
16	12
13	9
2	0
0	9
3	2
0	1384
2291	960
0	420
6	637
2	543
46	216
9	225
0	225
0	225
0	60
397	1520
16	1180
1	1295
0	223
20	48
12	88
157	101
6	15
1	2
17	17
1	0
9	3744
0	3647
10	1544
9	895
0	0
0	724
1	12
2	559
7	426
1	214
0	0
0	108
0	34
1	0
0	0
0	135
10	183
11	229
3	234
5	38
0	13
0	93
0	95
2	130
354	167
28	36
131	183
0	12
7	3
31	0
4	231
80	1156
0	978
54	92
19	8
67	60
4	58
53	0
2	0
0	0
0	0
0	1
0	1
0	0
0	0
451	0
159	605
0	17
0	387
0	178
0	76
3	9
0	0
0	0
0	0
616	209
6	167
61	146
2	14
0	2
1	14
0	0
2715	807
0	545
2	447
0	401
0	87
5	144
0	0
0	1221
0	238
44	133
6	133
0	0
0	0
0	0
0	52
29	10
2	10
26	1552
0	63
8	1311
6	217
25	2
1	115
27	105
2	133
0	85
1	5
3	564
0	136
213	36
0	72
3	11
0	20
0	127
0	0
202	308
0	33
2	0
8	275
1	0
0	0
0	0
0	0
0	0
0	0
0	0
0	540
10	704
0	701
0	607
0	25
1	153
288	138
26	79
0	79
0	0
3	18
0	407
0	6243
5	163
6	6685
1	6870
0	6263
0	134
2	679
38	902
56	1
15	4821
0	6735
0	0
0	0
0	5
0	0
12	589
50	716
7	47
22	653
297	3416
0	2322
20	473
49	2541
1	2476
6	40
26	16
6	16
3410	849
25	144
1	801
1	482
18	12
17	576
0	314
0	45
0	576
6	14
0	0
0	15
0	0
0	10
0	0
0	0
0	0
0	0
1	4
0	7
0	10
0	6
0	0
1614	5263
2	3148
142	5090
0	482
4	0
4	5647
1	5264
0	5112
17	5647
32	357
0	5
679	354
1	41
0	8
1	90
0	179
0	0
0	10
10	200
0	239
0	214
1025	75
4	63
0	2814
0	2077
2	121
583	223
42	122
11	113
4	1
25	13
5	476
1400	490
1	91
3	0
189	0
0	0
0	0
0	22
0	3
1	0
1	35
0	0
90	784
0	139
5	482
5	438
0	0
30	24
5	0
2	3
0	0
0	0
0	0
0	0
1483	75
0	75
0	608
54	73
0	42
0	7
0	95
340	0
0	349
0	335
3	343
2	351
12	40
8	21
6	46
3	5
2	16
44	103
1	9
0	12
0	3389
0	3506
9	821
0	3576
112	3258
9	2890
0	666
10	28
0	0
0	0
0	0
0	0
0	0
0	0
0	0
0	2849
0	320
1	3
0	15
0	0
0	0
0	122
11	55
3184	434
1	197
0	195
2	357
57	0
740	129
7	129
4	0
2	9
0	2
1	2
0	26
0	27
2	23
0	20
0	20
0	278
0	278
2313	263
739	9
7	7
3	3
424	105
30	10
11	34
0	28
0	56
1	5
1	47
1	0
0	1170
0	984
0	1352
22	1430
1	1238
0	1053
0	4
1	151
23	5
0	18
20	34
1	34
4	2
0	34
6	28
2	0
0	0
1441	769
4	698
0	36
0	33
1	0
0	0
253	5877
267	5877
38	80
26	80
152	826
0	576
1	750
3	69
22	0
0	0
298	2556
0	114
1	881
2	415
0	16
0	132
41	2500
1	0
12	207
33	0
8	1
23	111
0	80
0	8
0	110
0	8
63	8
0	3
298	118
6	118
111	5425
180	5303
6	4791
39	0
230	2138
1	2
19	3
2	5
1	1
54	356
0	60
0	6
0	24
0	272
162	145
2	106
6	36
2	4
13	0
0	0
0	0
0	0
4550	4
20	97
0	76
0	29
1	97
0	48
0	93
0	0
0	0
0	0
0	0
0	0
0	0
0	0
13	89
0	72
0	9
8	51
241	643
34	418
5	49
15	227
2	354
7	37
65	0
0	0
1	191
3	258
11	340
8	3365
3	2855
0	1420
0	988
2	276
0	686
0	615
0	1770
15	2879
2	953
2	944
9	109
0	1858
0	1793
0	503
97	806
0	1
1	1
11	0
46	581
47	821
30	578
14	31
11	490
14	16
40	433
0	178
0	44
0	11
0	2
9	367
7	35
12	50
8	39
15	119
0	123
0	37
0	107
0	4
7	4
101	0
174	1526
0	1062
0	34
0	34
0	34
0	36
0	714
0	83
1025	1
1618	516
11	503
6	90
4	8
33	11
91	3629
423	3629
6	55
2	34
13	15
82	2204
48	2636
56	2476
353	3750
2	2456
0	4162
13	950
1	2020
24	950
0	52
21	9
0	6
0	4
4	0
7	196
0	7
38	188
0	0
0	190
14	20
1	175
0	5763
367	5888
0	1887
0	1683
9	1
2	18
0	18
3	2432
169	2458
3	26
0	728
0	846
0	1175
45	207
0	349
10	3
0	206
13	73
0	826
0	18
0	278
1	25
2	55
11	1
0	85
4	12
1	48
14	24
0	255
0	362
0	1167
18	0
237	1
0	1
205	600
0	535
0	20
0	65
144	2
0	1
4	401
25	431
35	309
72	464
1	110
0	3
0	153
84	144
0	58
3	40
0	0
570	131
0	130
678	486
0	3
10	483
3	75
2595	480
25	479
5	1
37	282
4	236
9	258
10	1178
50	1
42	518
5	233
1	201
1	206
0	208
11	200
54	200
0	94
2	3
0	1
59	299
1	299
554	0
335	2197
1	177
0	184
0	176
1	12
0	176
0	173
0	0
1	0
42	92
20	158
78	203
17	101
0	32
3	81
0	0
14	268
5	207
0	268
2	5
0	6
0	1
7	1
0	0
19	57
0	268
199	595
7	595
2	0
9	234
0	130
7	0
0	0
0	0
0	0
0	0
50	422
21	428
4	20
2	37
0	71
0	0
5	2
0	23
2	33
0	0
0	75
0	30
1	75
0	73
0	75
0	0
0	0
0	0
5	85
3	52
0	8
0	0
0	48
1	7
1	0
0	78
8	324
0	29
0	330
0	23
0	149
0	16
0	197
0	219
1	135
3	130
1	1
0	117
0	4
0	14
5	39
0	119
0	140
0	124
0	109
0	131
44	828
3	29
22	1047
0	32
0	928
1232	960
4	939
2	82
0	0
0	0
0	0
0	0
566	0
142	0
235	152
1	152
8	178
2	171
0	2
0	5
0	0
2	14
0	18
7	6
82	20598
1	4176
0	261
2	8395
16	5893
18	2640
37	2769
5	71
0	18922
760	867
7	732
5	588
8	302
40594	7415
46	7367
36	601
3	602
1	602
0	595
0	598
2	216
7	228
0	525
0	97
0	4
0	0
0	0
6	0
18	1313
0	15
0	29
6	108
929	1358
0	59
4	1116
2	35
1	0
25	1170
0	1061
32	1202
4	574
61	90
1	38
38	51
0	0
0	0
5	21
1	0
22	64
1	64
32	760
0	394
15	532
0	696
0	58
0	25
0	67
0	6
0	81
20	352
1	436
0	12
0	47
0	60
0	112
22	92
0	7
1	121
0	8
0	0
0	5
0	8
0	0
0	5
0	5
441	0
0	11
0	20
10	516
1	102
17	5
0	0
0	0
162	13
1	13
33	0
0	1
0	1
0	1
0	0
0	5
0	5
0	1
0	0
2	36
0	36
687	350
1	58
0	0
70	208
0	350
0	0
0	0
0	0
0	0
0	0
0	0
2	7
0	2
0	6
0	2
0	1
102	48
0	38
3	46
4	26
52	157
0	144
0	105
4	4
10	53
22	0
16	20
47	249
0	20
4	249
0	15
3	5
25	25
4	40
1	0
0	8
0	7
16	11945
93	12396
158	5393
2	5291
6	3495
0	2515
0	9
0	12360
0	11959
2	1
2	8
0	0
0	8
39	437
1	422
0	341
0	20
0	54
1	30
1	702
135	710
0	731
31	719
0	1022
0	1181
0	1103
0	1032
0	1081
31	1181
0	898
0	505
943	172
46	461
2	460
1	41
0	71
0	1209
0	1207
0	1191
0	0
0	0
1	16
20	14
8	21
1	9
1	23
0	15
0	4
0	0
160	297
52	297
3	653
32	632
0	320
18	71
0	32
7	0
0	0
0	0
0	0
0	0
0	0
4	8
0	362
0	2
1	315
8	338
2	4
9	28
2	27
0	0
1270	542
18	542
313	290
0	249
1	2
0	1
6	3
98	405
1	680
3	0
0	264
0	1031
0	1008
139	690
0	321
1	253
2	9
0	160
9	182
0	73
1	169
0	15
165	1714
0	0
17	1632
71	14
67	190
0	344
0	1646
436	831
1	129
0	520
6	824
11	25
0	16
4	106
10	105
0	16
0	805
4	57
3	57
613	580
18	578
0	0
0	0
2	1
0	1
0	1157
1	1219
0	1194
0	992
0	888
0	773
0	1209
0	66
0	85
9	96
0	9
1	107
0	0
0	0
39	35
0	31
0	0
0	0
1	9
0	0
0	0
0	0
0	0
0	0
0	0
0	0
0	0
6	10
2	10
0	0
0	0
0	0
0	0
123	1343
1	1304
0	1254
1	42
9	36
4	115
7	356
2	72
6	33
15	0
6	36
1	38
0	21
99	303
0	81
0	83
14	18
0	153
0	109
14	107
70	96
468	3314
262	3314
10	185
25	228
0	1
30	335
21	191
2	11
0	519
67	519
28	519
7	261
2	272
0	11
45	2
2	3
12	17
1	17
0	2
1	1
2	10
0	0
12	94
1	94
0	4
0	9
1	10
0	10
0	0
13	16
0	11
0	13
1	0
2124	1184
38	245
5	4374
61	4339
0	3660
70	4481
8	1908
0	1568
33	1126
0	6
0	884
1	783
0	0
0	0
1	0
0	0
834	827
27	616
0	0
0	238
1	15
0	0
1166	115
0	115
10	0
0	0
0	0
0	0
0	0
0	0
0	193
0	187
2	8
10	53
1	364
11	317
9	188
0	43
0	3
2	1
2	2
1	18
0	2
0	0
3	364
64	441
7	349
13	44
0	76
0	298
1	415
2	44
0	0
0	0
0	1199
0	630
0	208
0	89
2	18
1	488
34	489
3	497
0	177
87	192
0	49
0	39
0	10
0	0
3	20
182	3093
17	3016
3	305
6	14
4	844
0	88
22	104
0	110
0	347
26	57
24	0
83	892
0	563
0	54
55	1386
30	1417
41	1401
1	1414
0	0
0	27
4	29
0	1393
3	0
171	1817
7	1375
5	2230
0	1136
8	97
5	1144
0	1621
2028	8369
174	4669
0	308
0	478
24	6612
4	1358
3	0
6	1388
308	5668
1302	3944
83	3569
0	0
35	113
73	0
39	30
29	42
1	13
2	24
4	0
37	20
0	1
0	19
4	14
478	2219
52	1
4	231
0	293
7	149
0	150
7	152
0	50
0	3
0	21
1	21
0	52
3	2
0	2
0	875
23	683
18	709
4	305
2	301
0	494
0	58
0	3
0	5
0	820
3	211
0	179
9	195
115	552
4	21
0	9
0	1
2	534
2	48
0	1169
397	1149
8	8
30	424
0	972
14	20
0	37
3	769
0	736
0	904
0	977
1	942
0	847
0	1136
0	1122
0	456
7	46
5	0
6	1001
56	1001
0	25
15	210
4	262
9	200
0	24
6	155
0	59
14	53
2	49
17	0
0	23
2	23
0	9
0	9
0	9
0	0
0	0
0	316
0	0
0	12
141	1177
0	179
1	174
28	1083
0	0
0	25
0	0
0	0
0	0
0	0
0	0
0	0
0	2
0	2
0	0
0	0
0	0
0	0
4	2
0	2
0	0
4	15
467	77
0	39
0	36
410	73
20	69
0	31
0	22
32	0
1	0
0	0
187	0
15	0
426	1559
5	1366
0	133
0	12
0	67
0	50
2	14
0	10
0	10
0	19
0	2
12	116
2	1
1	26
0	55
17	62
0	39
1	36
0	80
0	77
0	19
1	45
0	1
3	79
375	568
39	100
7	6
0	11
0	7
0	7
0	7
0	3
0	0
749	1
601	31
2	31
0	377
9	369
0	256
0	20
0	68
8	82
15	138
0	96
9	41
2	111
0	22
0	65
10	9
2	7
1	18
3	16
0	6
1	1
0	374
0	1
0	1
0	0
66	527
16	527
0	527
0	1
0	4
0	4
0	0
0	0
4	0
0	32
1	134
0	89
0	89
0	79
0	37
0	0
0	0
0	0
16	429
19	539
10	358
1	59
156	0
25	508
1283	474
1	0
0	0
0	0
0	0
0	0
28	394
0	186
2	129
14	17
0	394
0	0
0	0
0	0
0	0
955	16975
26	16296
0	2450
0	3411
1	2220
1	9
0	19
4	19
2	9
0	1
64	1186
74	1252
0	608
1	372
0	174
0	572
0	509
0	401
0	714
0	771
2	988
0	274
8	150
0	171
0	216
0	917
0	99
0	917
0	369
0	921
0	917
0	631
0	640
0	323
1	13
3	81
0	0
0	3
1	4
0	4
94	4966
92	1513
148	4585
10	3977
25	3686
6	223
1	818
15	673
12	625
1	260
4	14
0	62
13	20
2	1
13	0
10124	31
0	16
0	0
0	0
11	1006
2	997
122	251
68	899
281	242
73	248
29	834
0	80
0	113
2	163
4	4
33	1
2	57
0	98
0	0
0	0
248	0
0	32
732	32
0	234
2	229
0	217
0	138
103	139
2	237
0	69
3	66
20	64
0	2619
58	3214
58	651
17	1007
3	1257
205	2315
0	2170
0	2742
1	2170
4	1620
0	2183
2	2637
1	1914
17	591
20	2042
23	75
23	173
0	791
0	1012
232	316
4	628
30	659
166	24
0	24
0	2
502	17
22	15
5	295
1	308
0	14
0	5
7	169
18	88
0	33
0	25
1	0
0	0
2437	622
0	479
55	303
1	101
9	4
91	85
0	20
9	80
0	8
7	57
0	20
0	0
1	1
1	1
0	0
0	0
0	0
0	0
0	0
853	0
1	379
0	537
0	860
23	22
36	304
44	435
6	24
0	16
4	24
0	963
0	509
2	10
0	10
2	5
1	0
0	10
2	11
0	13
0	4
0	5
0	1
0	0
0	0
0	2
0	2
3	1378
126	1454
161	78
30	515
6	251
0	54
1	43
0	64
9	0
0	36
1	418
1	771
0	66
18	190
16	639
0	8
1	637
0	1
2	27
0	19
0	0
106	2
2	26
2	29
47	6
0	20
0	3
0	0
381	0
5	4
1	21
0	6
0	4
36	0
408	257
0	101
0	26
1	140
389	158
5	5
31	37
371	645
3	550
0	327
6	62
2	45
0	0
8	121
0	1866
0	52
2	148
0	1833
2	1023
0	0
0	0
118	2
1	2
0	5
0	5
0	0
0	3
0	3
2	0
0	1222
31	1222
1	123
22	194
0	616
17	600
0	66
0	431
0	9
24	32
22	629
0	538
29	623
3	86
4	39
3	158
0	82
67	1601
51	45
2061	2557
1	2267
2	131
4	1304
0	0
0	0
2680	349
1	348
0	0
0	0
0	0
7	56
0	0
0	58
2	57
1	17
0	8
0	25
0	35
0	35
1	30
0	28
0	27
0	28
1	9
0	4
65	3666
0	1611
9	3615
52	2701
0	215
20	231
1	140
7	8
0	3
0	77
210	32
2	1765
5	1443
4	1557
0	1472
14	1152
0	842
7	520
3	370
13	73
10	25
5	23
0	17
0	715
0	1
0	23
39	48
0	48
1	52
0	0
2302	1
0	0
2	0
0	0
0	0
2	1
0	0
0	1
0	1
176	77
10	77
1	51
46	0
238	93
0	18
0	75
1159	3039
7	421
0	178
26	421
11	436
416	49
0	47
63	1905
1314	1897
2	227
0	650
0	257
8	66
57	200
1259	3037
0	0
13	0
0	0
0	4185
294	4222
566	4275
0	4196
3	993
45	82
18	101
5	2
26	356
31	2
0	2
233	715
1	695
253	545
3	545
0	42
0	15
0	35
0	32
0	30
0	6
0	5
0	0
1	0
0	12
0	2
0	1
0	2
0	1
0	2
16	615
0	570
17	574
0	21
0	33
3	58
4	5
26	89
1	62
0	246
2	1181
7	1197
0	42
1	85
1	12
26	13
8	1490
63	1
4	1433
0	0
2	125
3	52
0	15
0	220
1	12
6	0
5	1482
0	0
0	57
0	0
5	193
0	907
1	76
0	46
2	0
0	0
238	24
0	5
10	10
5	11
15	90
2	109
25	25
2	13
0	57
0	19
0	13
0	2
0	8
0	257
1077	1973
6	1273
161	1750
0	156
3	1983
18	45
24	27
3	1106
1	1148
34	1211
2	1057
6	955
0	0
0	0
18	4545
0	5302
0	175
25	1001
0	4418
0	4025
37	328
0	400
0	1143
0	2672
101	238
0	59
79	1300
0	0
0	0
18	1483
2	822
12	4709
1	20
0	20
0	0
0	0
221	8
0	8
1	79
17	76
0	67
33	75
6	65
0	0
0	0
0	0
0	0
731	257
22	146
16	141
39	801
9	939
0	901
6	913
0	472
0	476
4	3
0	45
0	8
2	16
0	0
2	224
1	48
0	10
0	8
0	24
0	26
28	19
0	0
0	14
0	16
2665	377
14	374
3	251
18	0
7	535
3	521
0	0
0	0
74	0
1439	600
0	599
0	524
19	271
0	0
1	214
2	105
1	94
37	28
0	22
0	9
0	1
0	13
0	6
0	6
0	1
183	115
0	101
53	14
30	86
17	86
182	767
1	663
0	441
0	221
15	226
5	1
1	42
21	59
0	221
1	217
3	143
0	21
0	54
0	5
0	0
0	0
1	52
0	54
0	43
0	0
0	0
0	0
0	0
0	0
0	0
260	127
0	124
0	0
7	4
0	0
9	4
0	0
0	0
0	0
527	190
10	190
205	0
0	0
8	0
143	125
1	56
0	84
8	15
4	3
0	3
3	2
0	5
3	91
0	26
2	23
1	1
0	437
8	1
35	448
0	11
1	256
2	290
21	116
0	7
41	425
0	2
29	1
1	39
0	3
0	38
7	38
0	19
0	0
19842	13864
7	1939
0	991
6	4987
9	2732
1	4134
0	2032
8	303
0	135
0	18
0	20
1	0
3	29
0	65
0	0
0	0
0	0
0	0
0	0
0	0
92	13
0	1
0	2
0	3
0	6
113	290
0	64
4	179
7	29
3	131
1905	516
0	0
0	0
0	0
0	0
0	0
47	0
0	0
224	1016
7	640
14	249
0	421
0	148
0	6
17	124
0	148
0	0
65	10
0	8
0	4
0	2
9	0
2707	1
0	0
0	0
149	1396
4	1396
1	85
0	136
11	6
2	0
0	0
0	5
1	5
0	0
0	0
0	94
1	5
8	9
0	7
0	82
0	82
0	0
0	0
0	0
0	0
0	0
0	0
0	0
0	0
0	0
0	846
1	32
0	14
241	940
0	12
0	18
0	67
0	50
0	754
0	91
0	165
0	284
2	0
4	0
14769	17298
30	13194
0	0
0	0
181	14381
77	5850
0	5
39	14387
4	14380
5	1
0	1
547	93
0	24
546	362
2	5
0	362
2	35
0	42
0	0
0	101
0	0
0	0
0	0
0	0
0	0
0	0
0	0
890	194
0	13
0	26
0	78
0	103
0	213
0	233
138	370
39	61
1	3
9	56
9	63
14	17
0	150
3	0
4	34
4823	903
0	29
253	897
0	0
11	19
19	2321
240	2469
0	157
0	0
4	0
623	998
94	651
0	354
8	49
2725	5333
4	5456
123	5114
43	99
0	412
12	215
43	490
4	490
2	39
0	89
0	98
0	491
35	1060
3	2345
1	65
0	0
0	2345
1	4
3	18
0	16
0	2
1	4
6	49
5	1
3	45
155	445
3462	2325
0	1184
0	334
0	1138
0	2267
0	1029
0	1632
0	788
0	2269
0	0
44	7
0	7
2	3
2	0
0	0
1	0
0	652
2	1944
0	1183
8	1763
2	1160
0	0
0	0
0	1361
178	2312
66	0
7	1467
3	0
0	2314
1	197
35	1
3	585
34	691
4	319
22	0
18	691
0	150
1	154
5	129
11	101
1	32
3	13
0	38
1	1
9	30
3	42
0	0
0	0
0	2
0	2
0	0
0	0
0	0
0	0
0	0
0	0
1	47
2	2
0	2
0	47
0	0
0	0
0	0
0	0
0	0
0	0
0	1
0	1
0	0
641	600
0	466
3	19
0	116
0	0
3	0
6	52
1	6
0	2
0	24
0	24
0	576
0	0
0	0
0	0
0	0
0	0
0	216
0	212
1	206
0	200
0	48
4	211
0	0
155	109
5	18
0	21
1	53
0	4
3	37
0	0
0	0
0	0
0	0
0	0
0	0
0	0
0	0
0	0
0	0
0	0
0	0
0	0
0	0
0	237
13	135
0	185
14	447
0	453
0	469
18	0
0	0
0	0
0	0
0	0
0	0
0	0
0	0
0	0
0	0
0	0
0	0
0	0
0	0
0	0
0	0
0	0
0	0
46	0
230	1090
2	1102
24	1065
4	224
14	279
1	207
12	21
65	108
0	0
1	0
0	0
876	195
0	79
3	38
0	73
0	3
2	49
2	0
0	2435
0	2435
0	1413
449	2423
39	10
0	538
0	0
0	0
0	0
78	12
0	12
684	1245
33	988
4	452
0	267
0	266
0	458
6	432
8	416
0	294
0	162
147	1783
17	1841
0	604
3	276
33	276
0	93
13	27
0	19
0	4
3	17
4	50
0	493
0	308
0	51
0	36
1	81
2	95
0	596
50	259
18	304
22	256
32	88
65	281
4	0
4	172
0	58
3	0
1580	469
49	364
1	513
0	0
0	475
9	168
0	93
135	171
2	1
0	54
0	56
15	253
0	168
0	97
0	38
2	10
0	66
0	46
1	1
0	1280
8	359
31	354
0	377
0	16
15	1280
37	65
13	1045
82	83
0	1005
21	65
0	0
67	354
57	281
0	284
0	9
1	61
0	1
2	53
0	0
0	2
0	0
0	0
486	1338
0	181
22	61
0	1122
1	196
2	420
0	423
1	141
0	77
0	15
6	18
4	4
0	4
0	0
0	0
0	0
1	0
1	127
84	142
10	15
34	4
1	4
1	0
9	90
3	85
0	12
0	11
0	9
409	301
1	274
43	18
1	13
4	2
0	0
54	42
3	42
0	0
0	0
0	0
0	0
0	113
1014	115
553	10291
3	31
291	11299
4	4018
980	26
0	26
4	0
924	3887
30	2367
75	842
30	1665
63	646
8	34
0	0
0	0
195	14
0	0
0	13
0	13
0	0
0	0
0	42
127	42
15	100
20	518
25	467
0	9
0	173
5	27
0	3
0	0
48	1227
5	5
20	1227
10	24
7	31
5	1028
0	0
0	0
195	2
766	665
3	111
0	87
11	16
5	109
5	19
0	71
1	100
6	331
5	0
3	11
0	33
3	30
0	32
221	3418
0	3085
69	3821
107	2918
0	417
9	482
0	563
0	635
0	591
2	320
1	380
0	52
0	0
0	0
8	771
1	463
9	561
1	455
0	50
44	99
0	0
0	0
0	0
0	0
0	0
3	0
0	0
0	0
0	0
0	0
449	2
19	363
11	227
2	63
0	116
0	11
0	143
0	1
0	1
0	1
0	0
1425	770
20	769
0	107
4	34
7	0
5	217
2	162
0	113
0	245
0	0
0	23
0	33
0	7
0	42
2	39
26	2686
525	2685
2	1920
13	6
0	519
17	7
0	0
13	82
7	83
0	1
16	13
0	51
6	35
0	31
635	975
0	992
3	674
5	438
50	378
3	174
0	167
0	0
0	0
0	0
0	0
0	0
4	4
0	4
0	0
0	0
0	0
0	0
143	24
8	1
3	1
1	22
195	0
0	4
0	16
0	15
0	9
1	2
4	234
77	1008
4	774
2	3
0	0
0	0
471	1
1	0
0	0
0	0
0	134
1	110
1	61
0	0
1	12
1	5
1	0
0	533
32	619
0	52
0	6
0	59
0	51
0	0
1	0
2140	6
1	0
0	177
0	0
22	177
0	1
0	0
152	198
621	198
158	24
14	13
2	20
4	21
0	2
0	15
1	16
0	0
0	1
0	6
3	4
0	6
0	3
0	6
0	0
0	0
0	159
118	353
56	209
1	4
0	5
18	73
0	70
2	18
1	68
0	62
6	11
0	2
15	17
0	10
4	0
0	2
0	1
0	1
43	13
10	13
1	20
8	20
1	6
0	5
20	0
4	86
0	86
0	3
0	17
146	1730
109	1723
0	4
34	292
31	23
3	23
0	0
0	0
0	0
112	26792
56	8562
0	7881
1	6602
10	13
0	997
1	26627
10	163
0	76
0	147
14	759
0	759
20	763
0	51
8	10
0	0
0	88
0	45
0	68
3	1
0	0
0	1
19	868
4	22
10	21
0	36
21	885
0	26
15	151
1	187
0	137
2	6
1	317
512	1786
10	1631
6	155
0	0
0	0
0	0
4	0
11	1
0	44
9	1476
23	1205
0	1573
0	275
12	1071
1	0
53	10
6	10
0	10
0	106
0	106
4205	187
49	194
33	1133
1	0
1	2
4	45
0	43
0	1037
40	5
0	904
1	415
9	829
3	77
3	101
3	0
5	5
0	0
5	0
933	1175
0	1175
4	131
0	0
0	0
0	0
0	0
0	0
1	0
21	0
2	5
0	0
0	5
6	0
0	0
72	7
0	7
306	1409
19	1416
22	1300
0	1266
5	1328
0	1233
55	1487
0	628
2	7
0	23
0	26
3	44
2	9
0	6
0	0
2	0
10	1429
8	489
2	209
28	1426
0	619
517	0
5	20
8	51
7	51
68	1524
2	531
3	231
0	965
0	1290
0	50
1	74
2	0
0	2
3	1083
0	68
2	21
5	213
0	0
0	230
11	0
0	1
9	24
0	23
0	0
1661	5
0	0
0	0
0	0
603	0
635	647
0	525
1	481
2	15
11	40
15	102
0	8
1	83
33	45
1	120
0	0
0	73
6	64
1	45
0	19
0	64
2	1116
21	1107
4	1002
0	1070
0	916
32	845
0	17
0	102
4	37
0	51
0	22
1	20
0	21
0	1076
0	1105
0	940
120	840
5	757
2	588
0	0
0	0
241	365
4	335
0	369
2	36
1	350
0	294
0	0
3	1055
0	1055
0	0
3	410
82	79
0	7
22	43
5	278
10	22
0	325
0	76
10	66
3089	1986
0	1986
0	0
2286	5
10	3
0	0
0	0
1049	172
0	0
0	12
0	99
29	99
2	132
0	192
0	0
230	10
0	10
10	0
0	0
2	0
11	390
1	367
0	258
0	232
9	94
0	47
2	4
0	1
0	1
0	0
0	0
940	1075
26	18
1	12
5	1060
0	183
31	0
50	889
0	39
0	73
15	261
94	864
0	168
0	173
0	415
0	358
0	151
2	116
40	303
0	0
0	1
0	3
143	4
13	1081
24	407
3	781
6	831
14	341
122	69
0	69
0	0
0	1
0	0
0	0
0	0
3692	627
0	116
10	106
27	505
8	371
74	260
1	64
5	1
12	8
2	15
0	0
384	7609
2	7608
19	578
5	489
0	160
8	0
37	3885
2	4091
53	2523
148	1634
0	1
12	110
29	371
2	91
84	0
0	0
0	0
0	0
0	0
0	0
199	198
0	44
0	81
2	8
0	2
10	94
0	7
0	21
0	33
0	5
44	376
0	4582
1	4403
0	622
2	0
0	0
103	10308
7	10512
1164	10018
305	7930
1385	9726
0	1113
5	83
32	15
36	30
18	179
56	113
2699	276
20	271
0	7373
0	7373
233	43
0	0
3	14
0	30
1	0
1	0
349	4
15	1849
56	1845
18	1840
2	81
2	34
5	27
0	21
0	8
0	4
0	6
0	2
6	2
0	1
17	5
0	5
16	1
3	698
387	4046
93	4042
16	894
0	0
0	0
2	0
0	0
0	20
21	135
0	20
205	173
3	94
1	2
327	0
1546	84
20	84
0	0
0	0
0	0
0	0
16	1286
23	1293
9	1293
20	1287
0	0
5	17
94	17
0	1
1	19
29	1
0	0
0	0
0	0
0	19
65	95
0	1
0	18
0	94
0	20
0	48
0	3
0	3
0	23
137	882
4	534
17	240
0	812
0	198
5974	4
11598	8000
0	19
678	7987
0	0
0	0
6	1
0	1
1	289
0	252
2	199
0	396
4	217
1	94
1	87
18	28
0	344
0	114
0	231
0	0
1	89
0	75
1	28
28	884
2	881
0	389
0	308
1	242
2	239
1	67
0	32
0	96
0	14
0	7
0	0
1	11
3	112
145	113
0	0
204	14621
0	12387
3	934
0	151
0	184
1	183
0	147
4	143
3	0
0	81
0	122
0	96
0	111
0	76
285	281
153	281
74	1177
38	459
952	1178
34	249
0	0
0	0
0	0
0	0
0	0
0	0
0	0
75	5812
35	2520
2	2560
6	26
36	1081
44	115
1	7
24	200
4	32
8	174
0	91
2	0
0	50
1	13
1054	475
1	21
0	157
0	50
0	45
0	46
0	248
0	64
3040	460
4	460
0	0
0	0
0	0
0	0
0	0
0	0
0	0
0	0
1	0
0	48
9	49
1	110
2	65
0	116
0	102
4	0
0	0
0	0
581	563
0	562
15	0
2	0
0	0
0	0
0	0
0	0
0	0
0	0
0	0
1	3
0	2
0	2
8	2
0	0
0	0
3634	315
0	62
0	212
1	3
1	29
0	8
0	96
9	7
4544	2
3151	1433
1457	1431
1	204
289	1634
1	896
6	4
0	1010
0	1307
0	0
0	109
111	1061
0	0
0	0
0	0
0	0
0	0
383	329
0	147
0	2
0	0
2	44
0	34
4	664
0	2296
1	10
6	23
0	2272
0	17
3	1
8	459
136	191
0	2215
1547	243
6	173
0	82
2	171
0	39
1	8
2	7
90	211
0	176
30	29
49	138
1	14
3	5
0	1
0	15
0	0
0	124
0	61
46	7
3	1
31	723
2	690
18	387
7	398
20	380
2	246
3	185
0	92
17	95
0	387
88	432
8	408
0	55
0	43
0	1
1	413
0	4372
6	3395
11	766
0	37
6	127
7	4051
0	0
34	1
1	1
13	0
0	0
0	5
0	4
1	5
0	0
0	0
0	0
0	0
2394	606
0	606
0	0
0	0
0	0
17	2
32	491
6	491
0	22
2	10
6	57
5	70
63	73
3	76
1	52
0	58
0	23
0	0
0	76
1	75
7	2205
4	2416
0	1870
2	2110
68	2708
0	2343
1	834
67	407
23	554
0	73
3	111
12	52
4	52
1	140
168	94
0	6
2	72
126	361
10	522
9	1580
167	1629
17	79
6	55
3	55
25	1
0	0
0	0
0	0
213	1169
18	664
4	5
0	32
0	0
2	4
1	1166
0	542
0	10
0	673
0	10
21	223
7	764
15	390
0	107
2	499
23	1014
0	654
12	0
0	3554
19	5497
1	4220
0	4044
174	7130
192	318
38	2146
2	90
0	91
295	4282
55	5184
58	4729
443	2830
2	2
93	2828
1	50
0	24
0	858
121	3023
17	353
477	2170
7	112
2	9
0	9
0	0
0	0
172	330
2	330
0	0
0	1
0	1
0	1
0	1
1	994
34	1059
6	89
0	1017
4	0
1	1
0	1
0	0
0	0
2	306
0	412
11	796
0	780
7	611
3	599
5	1
5	3
0	7
3	174
3	707
22	848
6	520
0	590
2	212
25	956
1	188
0	0
0	0
0	0
0	0
308	0
18	620
11	652
0	719
0	90
0	616
0	5
0	6
0	0
0	3
0	3
0	0
0	0
0	0
0	0
0	3660
0	3477
58	81
0	81
26	24
0	2
0	11
0	12
0	10
3	672
3	480
0	9
7	209
2	4
0	79
0	23
1	11
13	53
20	325
1	124
6	0
10	23
0	612
0	1
0	1
1	0
16	162
7	164
35	0
11	144
0	299
155	525
0	231
2	0
4	23
622	188
0	24
5	163
8	29
0	24
0	11
4	0
7	0
13	0
19	649
55	661
0	663
30	141
1	62
1	14
0	335
1	326
18	306
38	308
18	277
1	155
53	0
0	663
0	482
0	603
1	445
57	527
1	532
0	539
1	524
4	418
2	449
0	181
0	213
6	1
3	0
299	160
14	159
2	42
0	0
54	49
2	5
8	8
1	26
19	30
3	19
9	239
15	876
0	11
0	0
0	1241
36	353
0	311
5	180
0	1
1886	1211
55	194
5	193
0	1
1	2891
131	4407
0	3290
8	3378
8	1279
25	1742
0	157
14	1345
2	1145
0	1352
81	1439
4	250
1	19
2	23
0	162
4	35
244	951
2	527
21	210
0	26
7	181
1	307
0	6
0	6
0	15
2	6
68	403
235	1077
28	1888
46	1718
3	400
31	213
0	39
0	1
2	0
3	89
0	79
0	89
0	89
25	609
0	562
0	221
109	81
6	171
1	57
1199	0
13	20
1	656
26	739
57	0
14	47
0	743
5	840
48	671
9	751
156	806
2	12
1	68
0	29
2	33
0	0
424	482
0	34
0	34
0	50
1	248
1	286
243	243
96	977
0	920
0	592
2	1428
1	48
0	32
0	21
0	16
0	101
1	0
0	218
0	14
325	299
13	216
0	68
1	54
0	6
9	10
0	1
0	1417
0	11
0	11
1	0
0	0
0	0
0	0
30	1325
6	1270
40	28
26	209
0	0
0	24
0	64
1205	993
11	857
24	776
1	92
400	875
8	13
56	250
0	4
0	16
0	4268
177	4374
130	3736
0	299
46	221
1	292
22	304
0	27
0	38
0	0
0	1
1	0
0	0
0	0
0	0
735	648
1	9
0	71
35	568
0	0
0	0
0	0
0	0
71	2251
1594	3683
39	558
0	264
24	639
0	266
2	13
0	59
1733	1449
57	1434
0	434
2	124
43	0
0	0
0	0
0	0
0	15
0	5
0	0
53	76
0	24
2	8
4	68
0	21
21	197
2	69
0	202
594	0
0	17
80	17
0	0
0	0
166	168
98	108
75	27
0	66
618	2
2	1103
0	173
0	120
40	21
0	134
1	165
2	7
104	177
1	8
1	931
13	213
11	1108
12	294
1	4
0	7
0	177
0	13
0	7
0	122
18	32
5	297
288	59
0	464
7	1098
166	69
1	12
2	60
0	0
7	0
0	0
29	0
0	0
0	0
4	59
0	70
36	5
0	60
0	0
3	4
0	0
0	0
238	576
0	435
1	515
0	70
0	9
99	3
0	1
0	2
0	2
2	2
0	1
0	0
0	0
0	0
165	124
0	73
8	91
3	27
18	2436
123	267
1	89
3	178
6	71
0	90
120	1473
0	628
0	542
0	384
0	400
0	310
1	235
2	165
5	8
0	1
0	8
0	4
0	5
0	0
0	0
5	348
1	14
4	0
0	15
0	0
0	348
0	0
0	0
0	0
0	0
0	0
35	6
0	2
0	6
0	0
376	4167
23	4217
49	433
1	60
0	77
11	702
1	0
30	2
8	444
3241	2100
57	1199
0	420
9	486
23	170
9	173
2	100
1	172
0	137
0	170
0	146
0	149
0	148
3	150
0	161
0	87
3	5
0	3
0	3
1	2
0	0
78	0
11	83
1	110
0	55
0	26
61	1434
918	1598
0	0
2	105
0	426
12	295
1	152
0	153
0	101
0	75
74	2088
7	2182
88	2051
0	2249
0	57
7	0
1	106
1	2
34	95
0	0
54	0
13959	870
6	862
521	1
0	0
3	0
66	124
1	124
102	331
112	3387
10	129
2	319
4	3365
0	56
70	3048
4	0
0	450
6	234
2	0
2	98
25	752
3	2101
1	2
0	85
0	694
0	2159
12	2
68	2
3	7
12	33
0	38
0	13
4	326
388	241
0	169
0	103
0	126
0	78
0	39
0	0
3	51
206	51
103	2622
27	283
0	2146
115	2609
0	0
0	0
4	25
27	51
0	23
1	24
40	48
0	0
1	0
645	140
1	10
1	61
6	4
5	60
1	5
0	0
4	0
0	0
104	557
43	510
2	104
1	1
0	1
6	0
0	0
0	0
0	1
0	1
0	0
0	0
0	1
0	0
0	0
486	2122
2	1785
20	37
2	7
1	578
1	648
0	44
10	0
7015	5258
17	4554
0	1735
10	32
12	1
12	1167
0	0
188	1
0	0
0	0
0	720
0	586
0	361
0	144
1	182
0	59
0	721
0	0
173	273
1	273
56	0
0	0
19	1956
420	1884
3	214
61	144
5	216
42	488
1	73
7	442
0	70
0	73
67	73
1	73
3	6
0	18
0	32
0	27
6	2
0	0
610	19
3	11
0	0
216	177
1	211
0	97
1	145
74	389
0	31
3	92
0	17
0	0
0	2
8	54
0	2
1	2
2	49
3	0
0	0
1	1
0	1
1	1
809	73
0	64
0	0
0	27
0	18
774	564
1	505
0	334
11	26
0	0
1	15
685	53
0	44
0	21
0	41
0	0
0	0
0	0
0	0
658	0
0	0
0	0
0	0
33	5997
19	5832
129	5980
43	1119
0	671
0	651
0	412
8	78
3	0
4	2
0	1
0	6001
14	19
0	0
6	24
0	24
0	7
1	35
2	14
0	34
0	0
0	0
0	4
0	0
0	0
0	8
24	1
0	1
0	0
51	0
17	649
21	252
17	312
0	690
3	268
1	273
0	229
212	864
8	0
308	0
0	0
190	85
9	85
0	0
551	113
19	2
21	111
64	170
1	97
0	0
0	0
0	20
0	19
12	16
0	7
0	0
0	16
0	0
1	170
0	16
0	3
60	7229
7	6660
3	3068
0	6439
0	2758
2	2841
3	200
1	161
0	6965
18	2212
42	511
0	7006
0	268
40	7193
0	257
0	313
1	6434
0	385
2	9
0	37
0	308
40	3
0	7088
0	331
0	309
314	19
41	19
0	15
0	10
1	12
0	7
0	10
0	2
1685	5124
7	91
0	91
0	7
0	6
0	0
0	3
0	7
0	10
0	11
0	10
0	9
1	6
13	1
763	22
1	2
1	20
0	1
0	1
0	1
0	0
0	1
565	572
5	572
0	0
0	0
0	0
0	0
0	0
1363	3
11	311
92	253
0	83
30	51
10	48
6	40
416	2
48	3759
166	3761
260	557
1	13
1	263
52	258
0	461
0	538
7	26
0	30
0	4
0	0
1	2
0	30
16	0
6	742
0	119
15	45
22	71
1	32
2	203
2	861
24	3
0	50
3	6
11	810
0	810
4	540
2	387
0	369
38	540
2	197
3	381
8	516
132	336
227	437
23	9
1	146
2	83
1	1
28	0
484	1398
0	1389
0	8
0	1064
0	1244
0	0
0	6
0	0
3	619
0	444
13	621
5	454
1	173
0	188
291	474
451	1710
0	559
0	319
0	222
0	1486
0	209
0	153
4	506
25	10
3	12
0	0
251	230
1	372
3	38
15	181
0	0
0	0
190	495
18	494
0	0
0	0
0	0
0	0
635	537
0	2
0	462
0	234
0	0
248	4024
61	3979
0	356
15	345
18	308
1	53
4	0
0	5
4	20
0	3
1	21
0	3
0	3
0	0
0	0
0	0
2	5543
1	5542
91	5543
106	6416
0	19
0	0
0	5977
8	240
377	404
2	234
0	15
1	163
2	0
0	939
0	371
0	14
0	1
2	157
2	58
0	369
1	386
4	1035
0	939
20	22
4	1
0	0
0	22
595	310
5	180
13	10
5	175
2	1
581	498
1	458
34	241
0	0
0	0
0	0
0	0
1	0
35	15
1	6
3	9
0	0
0	0
0	0
3	297
30	384
18	326
0	28
3	4
0	4
9	8
0	9
1	307
0	324
3	3
1	318
537	54
0	54
0	0
9	132
0	126
1	137
0	107
260	90
7	89
1	0
68	0
0	0
0	0
0	5
89	12
1	12
7	833
1137	1050
4	20
0	147
0	50
3	55
2	0
2	477
0	470
0	473
0	431
0	283
0	399
89	256
150	487
0	35
2228	2
63	739
21	881
0	651
3	73
11	13
5	34
4	75
2	20
0	24
200	62
928	158
0	28
0	133
0	55
21	125
0	10
0	2
152	2615
67	0
1	126
0	567
6	735
0	223
1	2659
1	0
0	333
0	182
8	14
1	107
0	145
0	316
263	29
0	7
287	7
2	106
8	124
0	123
1	72
0	72
0	104
2	77
0	117
14	114
3	97
87	989
29	989
0	18
17	43
2	42
4	0
0	0
12	0
7	392
3	42
9	324
4	1
0	34
1	275
7	0
2	1
0	0
0	40
0	0
0	0
0	5
0	5
0	3
436	1175
11	944
0	405
19	281
176	0
0	2
0	2
0	2
0	2
0	0
313	12976
214	14039
1	2937
1	6902
0	6902
0	6380
0	2994
0	2145
1	5
28	0
2838	593
1	341
5	587
0	17
0	0
0	0
0	0
0	0
0	0
0	10
0	10
0	6
0	0
0	0
51	122
0	121
0	20
1	0
0	0
0	79
89	89
10	91
0	74
0	31
0	0
0	0
63	2468
20	53
0	120
3	0
0	9
1	2368
0	0
0	0
72	0
667	457
4	457
0	159
0	1
0	0
164	0
0	0
0	0
0	0
0	0
0	0
0	0
302	87
3	69
2	77
2	11
6	5
0	5
18	415
3	415
11	22
9	0
0	55
0	0
0	0
0	0
0	0
0	0
0	0
2	0
171	242
3	0
0	77
9	39
0	162
169	38
1	16
5	14
0	0
0	16
0	0
0	6
0	0
0	0
0	0
271	335
0	33
12	335
2	12
0	0
0	0
1820	4774
16	4773
0	0
0	0
0	0
0	0
0	1
0	0
0	0
101	147
59	137
1	18
1	2
2	1
0	2
1	3
16	1
28	1
0	0
0	0
117	1363
20	78
0	203
4	21
0	833
0	2
0	2
0	594
31	0
4	7
1	7
1	0
18	82
5	82
0	23
0	9
1	10
0	10
0	9
0	1
3524	525
7	525
0	0
0	0
41	32
13	20
2	5
4	30
9	26
1	0
36	28
0	0
19	0
0	0
0	0
0	0
0	0
0	0
27	37
0	37
0	37
14	24
0	0
0	0
407	930
0	522
0	335
20	254
0	232
7	98
0	0
1	7
0	6
0	0
19	155
2	5
22	158
9	106
0	111
11	32
17	32
2425	291
0	269
0	24
2	3
0	0
94	52
19	52
1189	150
1	150
0	194
11	459
0	310
85	285
0	208
7	236
1	34
0	0
5	27
13	24
0	28
1	24
10	17
3	21
6	5
77	1
0	2
0	2
152	362
24	362
1	143
42	81
3	16
0	0
0	0
0	0
0	0
0	0
0	0
0	0
0	5
41	172
0	5
0	30
3	71
0	53
0	76
2	0
0	58
0	33
0	0
0	0
0	24
90	526
3	244
0	213
8	262
0	8
633	1721
1	870
1	0
0	342
7	219
488	731
0	730
1	16
0	1
0	44
31	68
10	9
525	133
0	54
1	31
0	1
0	9
0	11
0	0
0	12
0	47
0	1458
18	717
0	1389
16	336
0	22
0	295
0	1467
0	2
0	2
0	12
38	359
0	1
0	174
3	279
0	311
0	173
734	359
2	0
184	314
16	313
0	0
0	0
0	0
404	665
13	663
1	271
3	36
0	0
0	0
0	0
0	0
0	0
0	0
0	0
130	586
12	535
3	540
0	46
0	0
0	0
0	0
5	0
0	13
0	0
110	11
0	11
61	1416
0	1479
3	1159
0	26
1	16
6	41
24	7
0	51
35	44
1	515
0	98
1	61
1	89
2	209
3	40
4	402
9	80
1	252
6	222
1	0
4	131
0	123
0	124
0	4
0	0
5	11
0	16
0	27
0	5
1	23
2	131
21	84
0	84
0	82
1339	282
0	6
6	215
16	147
0	86
0	183
2	111
25	4
8	0
0	69
0	241
4	230
0	52
53	91
1	54
0	107
16	107
4	40
1	5
0	13
1	30
0	28
0	3
0	29
0	16
0	17
0	7
0	21
8	79
2	0
1	79
0	0
0	0
0	5
100	1644
16	1797
20	1081
0	46
0	48
26	16
353	574
4	292
37	465
2	91
17	219
0	80
1	78
52	0
0	1
0	1
0	1
0	1
1	0
2	386
18	441
16	17
9	66
1	39
2	49
47	28
0	15
89	0
53	63
0	31
0	51
0	78
4	115
1174	289
0	83
0	78
4	158
4	155
0	270
0	256
0	0
1	15
2	32
2	37
0	4
0	7
0	5
0	33
529	1
37	1442
41	1385
0	1385
0	18
0	1417
0	1423
2	0
0	0
3043	278
0	274
1	126
0	126
19	126
0	106
986	372
5	365
238	7
2	115
4	115
0	99
1601	4
11	1
0	0
0	0
1377	1
1	1
0	0
0	0
0	0
0	0
0	0
0	0
0	0
0	0
94	31
6	18
0	0
0	13
35	196
0	0
0	196
3423	653
0	647
947	245
0	244
3	0
29	0
4	0
472	734
3	392
1	151
6	22
13	302
0	161
31	156
40	12
12	9
0	0
4	76
2	34
44	73
70	385
5	385
12	283
0	226
0	11
0	11
0	0
0	0
5	287
2	251
4	238
0	122
3	1
16	24
27	9
8	1
0	65
0	45
0	11
0	0
0	0
0	0
2	2308
1	1287
0	1496
4	229
0	1304
20	817
0	1005
0	215
6	2114
7	262
0	203
0	682
65	1119
33	345
5	104
0	11
0	453
10	266
12	0
8	37
0	52
0	0
0	0
0	0
0	0
0	0
13	817
0	585
0	520
0	181
0	0
144	398
0	319
16	88
11	9
1	0
28	24
0	10
0	24
1	0
2	0
73	1
0	1
0	0
0	0
23	254
3	16
4	255
8	256
0	254
1	26
0	61
12	43
1	102
1396	1
11917	21917
0	576
78	21495
0	19
1	1618
3	2115
6	8575
994	935
0	927
634	3249
17	3249
2596	642
4	215
1	431
0	228
0	53
2	79
62	90
0	0
0	0
0	0
0	0
8108	19
8	6
0	4
0	4
0	891
0	1066
0	220
2	128
0	46
2	0
0	0
5	0
1	1648
2	727
0	0
0	40
1	422
0	0
26	1667
0	0
0	0
0	0
0	0
0	0
0	38
0	35
3	34
0	19
1	1
0	39
138	27
0	27
0	27
0	0
0	0
0	0
0	0
7	2
36	894
2	880
13	856
0	0
0	0
0	0
2	892
441	302
0	105
0	111
0	4
0	302
0	0
13	303
20	303
13	1
0	29
0	0
0	0
0	0
0	26
0	37
1	15
0	0
0	32
0	3
0	19
1	10
0	0
0	2
1547	136
0	134
6	0
2	0
411	139
2	21
4	19
2	19
0	108
0	4
12	59
0	0
3	49
0	46
0	3
0	4
8	41
40	88
1	56
0	34
0	0
0	46
1	64
1059	291
0	265
1	26
0	10
0	10
0	6
574	0
38	3376
0	392
0	49
496	3178
0	29
0	153
2492	1186
0	99
0	1087
4	54
32	1
2	0
0	0
3	799
0	802
3	791
4	759
0	689
2	458
0	42
0	36
0	32
0	10
0	0
5	1
0	1
0	790
0	0
0	0
0	0
25	327
0	138
0	2
0	327
0	0
0	0
0	0
0	0
7	428
0	0
0	544
78	225
2	475
62	285
2	19
0	36
20	161
13	127
38	967
352	884
0	710
106	39
132	9
2	9
0	0
0	0
0	0
50	39
0	39
1	5
0	0
0	0
169	47
0	0
7	46
4	238
8	0
0	27
0	140
0	4
4	238
0	0
0	0
0	0
0	0
0	1
0	1
0	1
0	1
0	1
0	0
1	0
0	2
0	2
5	1091
5	1131
1	1267
9	230
0	116
4	874
0	77
1	200
3	224
24	30
3	197
20	129
0	13
0	21
7	4
1	4
0	0
182	112
7	89
15	183
3	52
1	98
1	50
38	58
5	18
0	16
0	77
1	1
8	190
3	232
1	23
0	45
0	169
3	1
0	73
2	69
0	28
0	45
0	55
3	3
9	322
0	2663
5	3003
4	0
1	2357
0	13
3	27
0	1559
0	1465
34	2816
0	2905
45	881
0	138
2	122
0	236
0	2200
0	209
0	310
0	141
0	84
0	0
0	0
0	0
0	0
0	0
32	915
14	1
1	221
0	908
3	63
7	203
5	8
5	41
177	8
2	120
0	120
0	20
12	0
1	2
0	2
0	0
1521	1614
6	1272
4	1070
9	73
1	383
34	131
0	103
6	29
403	111
2	19
2	11
15	35
11	110
7	103
0	0
0	10
333	379
0	102
0	18
0	256
0	10
12	5
1	4153
508	5726
35	2337
427	5194
11	5435
273	5177
4	5190
33	4740
11	3
9	3652
13	8
42	5197
45	45
2	466
0	462
1	0
1	110
0	11
0	64
4	49
1	0
0	0
0	0
0	0
0	21
21	10
1	5
0	5
0	0
0	0
0	0
0	0
172	1246
88	1157
0	1201
1	65
16	83
1	0
0	17
3	17
1	0
0	1
2	224
0	71
0	69
0	33
0	1
0	0
0	3
450	11
4	10
0	0
0	0
0	0
0	0
0	0
0	0
0	3209
0	3162
0	3104
1990	3086
1	3038
4	3
0	7
0	146
8	1707
0	119
0	204
30	88
1	63
0	168
1	0
133	1019
8	1014
11	151
0	0
203	1578
0	1767
22	1366
0	236
7	1
1	140
136	42
80	109
9	0
852	0
1	0
0	0
0	0
10	9
1	218
0	313
0	204
0	304
0	295
0	213
0	310
95	301
0	0
2	3
0	178
0	24
0	270
0	1
0	0
288	16
3	20
2	17
4	1422
0	1467
0	557
0	513
19	407
0	25
2	11
0	0
0	685
0	1420
0	498
0	2
0	22
0	1
1	5
1	9
8	518
0	501
331	501
6	500
0	528
8	405
2179	4231
51	68
10	4223
33	0
0	0
0	0
0	21
0	5
0	21
0	5
123	7025
8	7096
0	6904
0	7111
0	6068
0	6310
0	6222
4	930
0	1238
3	5
3	0
2	823
45	265
0	350
3	12
0	55
63	351
5	358
35	27
0	192
20	10
7	14
13	9
1	20
0	27
13	373
9	443
15	71
6	405
0	11
94	71
5	53
0	4
0	18
1	2
0	0
0	0
75	0
346	0
1	0
51	657
0	482
31	589
1	620
1	52
0	0
0	0
0	0
0	0
0	0
0	0
85	6
2	6
3	418
83	378
8	148
0	39
1	15
1	5
24	3
0	419
26	539
0	609
10	292
0	31
0	2
69	23
0	3
0	14
0	16
217	9
0	2
115	5
0	5
26	150
0	1460
0	1287
74	25
3	457
0	414
1	0
0	22
2	82
4	133
0	1
9	51
0	0
0	0
0	0
0	0
0	0
0	0
0	0
0	0
0	0
43	421
49	421
3	3127
89	3127
1	1183
11	806
8	1018
0	1057
57	1135
14	310
5	124
3	54
0	0
0	1183
5	12
0	12
0	2
0	2
0	1
0	1
0	0
0	0
0	655
0	777
1	933
0	145
20	472
0	374
0	439
0	597
0	112
4	148
22	260
4	76
0	6
3	254
14	254
5	12
21	259
0	0
1	7
0	0
0	20
0	75
0	71
7	73
12	14
5	12
0	1
0	97
0	87
0	58
0	66
38	667
0	502
3	861
18	31
0	1
3	1
4	302
5	71
0	999
0	13
26	460
17	443
0	0
0	0
0	0
7	151
0	173
0	156
0	259
1	97
0	184
0	166
0	54
2	127
0	134
0	23
15	111
2	109
0	20
6	16
0	120
0	117
0	109
0	107
0	18
1	114
0	17
0	12
0	20
0	15
21	92
3	46
2	42
0	21
0	21
0	4
1	4
0	0
11	15
0	19
0	0
0	256
0	265
0	264
7	19
0	19
3	9
0	0
0	1
0	1
0	2
0	9
0	142
1	4
0	19
0	34
0	129
0	0
849	507
135	507
18	949
9	1350
1	1153
4	15
702	44
13	44
4	0
179	655
55	647
44	388
1	288
15	249
12	60
0	2
0	287
0	169
383	176
47	2304
25	55
2	2169
12	51
3	40
23	2072
0	13
6	199
268	2673
7	925
1	41
4	22
13	191
0	2
0	21
0	7
0	3
0	0
0	6
0	3
0	22
0	21
0	38
18	52
8	46
3	41
17	45
4	48
3	51
1623	1
0	0
0	0
0	0
0	15
372	15
1486	0
22	0
5	20
229	1
25	0
470	53
0	0
1	53
3	720
52	1936
1	1703
0	13
0	13
1672	80
0	64
0	6
4	7
1071	1566
6	1576
2	1561
5	54
59	0
0	0
0	0
6	1399
105	6027
139	6060
10	0
36	8
9	992
0	11
0	109
113	3
0	3
1	0
3602	7
181	1992
1	86
0	86
0	36
3	695
1	70
5	1982
0	305
16	319
0	324
0	10
0	29
0	34
0	343
0	249
0	198
2	119
5	0
0	24
0	249
0	350
0	0
151	528
3	87
0	13
9	443
0	0
22	140
0	3
238	566
0	554
0	40
0	14
0	4
0	0
0	0
0	0
0	0
53	143
6	143
0	0
0	0
0	0
0	0
0	0
0	0
0	0
0	0
130	30
7	28
0	1
0	2
0	2
0	4
0	4
39	319
0	319
3	97
1	0
3	22
0	47
0	30
0	42
1	3
0	135
0	0
8	23
1	10
0	23
0	5
0	4
0	8
1	8
0	10
0	0
0	0
0	0
0	0
0	0
0	0
7	446
5	75
141	407
23	407
0	601
11	118
0	481
0	406
0	79
3	1
0	601
1	0
0	0
0	0
0	0
3	211
2	2
44	211
3	184
10	0
58	665
0	233
4	72
0	0
630	1223
8	821
72	275
16	523
30	312
0	0
0	0
0	0
0	0
0	0
0	0
0	0
0	0
0	0
96	438
0	6
1	425
0	436
10	368
3	347
0	361
3	344
63	332
1	285
11	2163
0	3081
286	2913
0	356
10	1500
1	1283
10	33
0	2
66	6
0	184
1	0
1906	0
50	84
0	42
0	31
0	4
3	21
4	48
2	9
0	5
370	408
0	3
0	378
42	353
1	370
0	0
3	0
51	542
1	542
47	36
2	14
0	11
0	11
0	11
0	11
0	12
1	835
0	283
0	449
4	666
0	238
26	37
29	276
4	0
0	0
0	0
0	0
1	0
1	11
2152	119
3	103
4185	2
970	77
3	56
12	75
0	0
0	0
0	0
0	0
1700	1780
38	1491
0	178
12	22
0	3
0	11
1	281
685	3
2	3
10	322
0	81
0	60
4	2
0	25
5	32
0	25
1	4
0	263
92	67
1	38
0	43
0	26
1	31
0	14
57	25
0	12
0	13
692	206
2	22
9	83
8	108
0	1
0	1
1	73
30	97
68	49
3	9
775	3
3	2
14	87
367	730
0	271
23	636
1	302
5	285
0	0
1	29
0	0
0	0
0	0
15	77
15	40
0	77
2	222
0	210
0	203
10	239
464	196
0	0
0	0
0	0
642	706
34	677
15	581
0	304
30	184
6	13
19	148
9	123
0	30
0	91
0	18
0	19
9	0
0	1
41	14
144	1085
1	10
0	0
0	7
0	4
6	1074
12	1133
1	35
2	81
2	224
0	118
2	1077
0	1075
74	5
0	5
0	0
68	988
0	441
6	7
4	484
14	543
8	791
12	17
840	999
0	903
6	948
0	5
0	55
0	46
1	22
5	5753
3	5753
3	5752
0	5751
1	5755
0	5751
0	5756
1	5752
5	1604
0	504
0	365
0	370
0	430
12	408
0	0
3	0
8	8
0	5817
0	5756
0	5756
1	5756
0	5761
0	0
0	0
0	0
32	0
3	0
0	2
1	2
63	632
4	37
60	458
12	813
4	418
3	248
14	180
24	4
33	96
1	11
4	56
0	27
0	32
7	43
0	0
275	4008
0	30
1031	8253
17	6648
0	95
5	790
3	826
228	3169
58	712
19	28
4	211
1	773
25	115
73	331
0	0
34	9
15	412
198	559
1	119
0	459
0	9
35	0
0	135
5	99
237	622
2	376
3	615
4	547
1	0
5	466
12	65
42	460
0	92
0	77
0	77
2	77
0	0
0	0
0	0
75	62
2	416
0	82
0	0
0	0
0	0
22	0
453	1
0	1960
0	2965
20	2059
16	2963
1	10
16	1461
0	1582
0	666
97	59
0	83
1	1
1	13
0	26
0	28
0	0
0	0
2	0
82	646
2	589
6	86
0	29
0	589
0	0
0	0
0	0
687	11
9	3
1	8
0	0
399	153
0	7
1	27
0	116
0	6
0	0
1	25
0	21
0	4
735	347
1	343
0	0
1	2
0	0
0	0
13	47
0	7
0	41
0	19
361	157
1	10
3	143
0	5
0	5
0	3
154	192
2	157
6	102
0	39
2	6216
0	3759
0	6421
100	4899
11	5058
30	150
15	12
0	0
36	85
28	101
6	21
0	2794
0	52
1	74
26	881
11	145
27	56
84	196
4	152
7	131
24	726
467	145
0	712
10	70
5	1
5	0
0	0
0	0
0	0
0	0
282	25
3	25
0	1
4	20
1	2
0	0
2126	11
19	3
94	228
20	206
0	65
6	17
0	2
0	11
9	557
1600	865
1	189
0	606
192	924
228	554
25	509
0	106
0	411
3	100
0	263
4	284
0	252
0	221
0	28
2	121
0	0
4	13
0	46
0	197
0	239
12	800
1585	1653
0	12
0	0
17	1158
0	26
596	223
8	223
16	1419
3	1304
6	1281
1	975
5	888
0	12
0	216
2	2
0	127
1	55
3	59
23	115
0	0
0	0
0	0
0	0
2	1
0	5
0	6
0	5
0	6
0	0
5	5
1	20
2	412
0	368
0	11
2	394
0	361
52	29
0	0
0	42
486	596
0	86
0	127
0	332
2	309
4	2
0	143
0	0
0	30
7	189
4	179
0	266
0	22
0	0
0	0
0	0
0	0
0	0
3	58
1	53
0	8
15	347
6	506
0	93
1	141
2	231
0	74
0	97
0	69
8	12
0	0
0	402
1	334
11	246
19	117
2	646
3	2
1	403
3	0
24	29
1	1
2	29
4	7
0	0
0	677
5	1518
0	1525
4	1124
1	1105
18	1102
0	286
5	259
5	2
4	0
8	28
1	0
0	6
0	2
0	6
0	6
1	6
1	0
0	0
1	4
0	0
11	67
1	67
0	0
77	56
0	2
12	50
0	50
4	44
11	44
0	0
1	36
0	21
501	1445
120	1383
0	1219
0	207
0	0
16	95
42	95
3	2
0	2
0	2
0	10
1	9
0	0
0	0
0	0
0	0
0	0
0	0
0	0
0	0
0	0
17	9
13	78
2	69
308	141
0	111
0	51
1	26
67	1269
7	988
0	235
0	151
2	177
0	60
2	1
0	1254
0	0
0	189
0	9
4	10
0	57
24	212
264	890
108	890
2	235
0	0
0	73
19	40
0	0
2	3
0	488
7	761
2	660
3	596
0	8
3	2
0	51
0	596
3	2
0	0
0	39
0	140
6	111
9	4
11	1095
61	1092
1	12
6	35
9	34
413	472
0	333
0	465
1	41
1	1
0	6
2451	12111
1222	11628
19	20
182	0
3	492
3	34
0	27
3	85
0	441
35	776
13	0
1	0
8	739
17	3
10	52
13	289
2	289
45	2037
3	891
0	22
2	20
72	1752
0	12
0	116
32	13
1307	1
2	1
43	22
7	79
1880	87
58	94
4	56
0	30
163	8794
416	8795
0	559
6	687
3	81
229	2387
2	1625
0	2280
0	2098
0	2056
0	2280
0	2280
44	783
0	286
1	18
0	2
0	2
0	0
20	276
1	183
16	224
0	184
2	140
1414	10
0	6
13	140
2	142
0	9
24	19
6	11
12	3
0	12
0	4
0	3
0	12
0	0
0	0
14335	761
58	661
3	86
0	0
0	0
0	0
0	0
76	136
0	136
934	298
2	155
0	140
0	135
4	29
47	1269
0	976
23	972
1	1101
1	1092
0	893
0	38
39	282
1	50
99	4
0	1101
0	9
0	1
0	1
0	1
0	1
0	1
0	0
0	0
1	1
0	1
190	2462
0	700
0	0
39	74
0	113
0	71
9	1779
0	0
0	0
1082	1
0	0
0	0
0	821
1005	1099
0	846
0	348
0	0
0	0
0	0
0	0
0	0
8	0
2	1622
0	362
3	358
4	173
2	211
1	361
3	156
1	2
0	27
0	183
0	1582
22	1566
0	6
14	7
0	1
0	2
0	1
2	36
0	23
0	13
0	5
0	93
8	145
0	25
0	8
0	22
0	15
0	0
0	4
0	33
1	2
0	18
0	18
0	5
7	3
0	3
0	0
1	0
0	0
25	1045
0	647
112	223
1	492
0	252
19	0
0	1
0	1
0	1
0	0
5	287
0	22
1	12
0	61
2	12
3	287
0	0
97	32
0	25
1	27
7	198
2	1829
1055	1907
151	256
28	242
0	46
0	0
21	194
0	22
1	191
0	23
0	2
3	633
0	634
17	590
10	563
3	677
1	461
5	149
10	161
0	98
4	92
3	200
7	0
16	36
3	0
6	20
3	114
0	28
0	8
0	14
1	0
123	983
0	371
84	896
2	166
14	1
122	5180
15	703
14	3253
14	4286
6	315
10	244
1	239
3	540
0	302
49	4537
1	458
8	373
0	152
15	675
454	1520
103	901
3	114
0	0
860	711
78	13
1	621
61	578
1	0
0	4
11	4
919	1726
40	1613
22	99
0	1534
31	404
0	896
2	94
0	4
0	16
0	2
0	1413
0	2
0	1582
143	1413
3	960
19	1474
606	0
0	26
8	620
3	626
1	601
1	60
4	17
0	13
0	1
0	4
0	4
0	4
0	4
2333	252
0	8
0	217
1	217
0	50
2	0
1	0
506	1685
6	263
4	16
7	447
522	878
39	736
7	132
186	1399
14	1404
17	34
0	139
5	100
1	11
1	5
2142	1
0	1
466	2299
10	603
2	0
10	1
3	807
0	14
17	0
0	23
813	0
682	45
1	44
241	0
0	0
0	0
620	461
0	393
2	78
0	11
0	12
2	11
0	2
129	5052
35	28
102	25
8	24
1	50
0	5047
4	279
4	1001
5	999
20	277
33	61
30	22
139	3933
22	896
0	422
4	934
0	7
20	738
9	2827
113	4433
131	4382
0	0
114	2148
0	145
0	245
3	28
0	2148
120	26
0	0
0	0
426	4
0	4
0	0
54	163
0	174
0	174
276	735
3	128
0	474
19	11
0	40
0	193
2530	709
3	69
2	701
2	210
0	61
1	70
0	4
4	4
23	4
648	0
0	0
0	0
317	179
0	179
0	128
74	22
1	17
2	5
0	2
0	0
0	0
0	0
0	0
3	25
409	510
3	485
7	258
0	0
15	155
0	141
0	13
6	48
9	33
1	40
1	64
4	8
528	645
4	116
8	15
5	3
0	578
17	481
1	12
2	63
0	0
1	54
1	94
0	10
2	525
0	238
151	576
2987	708
0	709
3	0
2418	107
8	18
83	89
0	0
1244	148
0	60
15	86
0	227
0	172
0	197
50	687
0	240
0	643
0	642
0	646
0	33
0	12
0	8
1	3
1	32
0	71
2	36
5	14
4	6
0	0
282	1621
0	1621
0	1637
23	1567
0	1516
0	1540
0	1046
0	1104
2	114
0	3
0	7
0	85
0	14
0	71
0	0
0	0
0	1525
0	1596
0	1589
2	2
15	5
0	5
4283	16817
1	68
0	8637
11	8512
3	4737
0	282
2	4130
39	2175
6	777
356	7907
18	1021
0	8163
6	6525
1	260
22	95
0	474
0	0
54	927
57	927
1	155
165	506
101	506
0	0
1	428
19	97
102	237
66	371
0	53
1	288
0	5
0	64
101	53
0	34
12	342
0	0
1	37
2	117
1	34
0	37
0	1
1	6
5713	5
0	0
0	0
0	0
0	0
0	2
0	2
0	2
0	2
6	0
673	4116
0	3508
2	136
24	615
1	153
3	1
16	2981
821	6926
0	4970
0	1
0	0
0	1
46	134
0	134
1	90
0	16
0	16
1	11
0	10
1	10
0	10
0	2
0	1
0	16
81	63
0	29
13	34
0	0
0	0
0	0
0	0
84	704
3	699
5	312
0	0
0	0
7	68
0	2
2674	9
0	5
0	0
27	274
1	93
0	18
0	93
1	41
1	92
0	0
0	36
0	271
1	26
2	1
304	187
18	0
302	186
0	35
0	5
0	2
0	5
0	0
0	0
131	794
2	794
0	0
0	19
5	19
0	11
2	84
33	107
22	107
3	13
3	30
0	0
0	0
0	0
192	1517
0	1500
0	1084
134	523
0	0
0	0
93	2004
355	2099
2	95
0	1288
63	1268
0	1354
3	39
21	52
58	914
16	49
500	841
0	104
37	326
4	265
26	210
0	300
0	33
11	37
0	51
0	0
0	0
0	0
124	41
0	14
0	28
0	109
7	365
1	298
217	5886
0	6935
161	2778
111	6491
3	166
12	10
3	1231
16	633
4	1177
0	738
6	313
8	68
531	586
8	469
1	113
5	331
0	327
3	18
0	10
11	191
0	0
32	345
0	330
0	34
0	1
0	0
0	0
0	0
0	0
840	390
2	4
0	0
16	3
0	385
3	1995
2	2275
1	1197
6	991
1	0
10	1092
0	0
0	0
0	0
262	444
8	444
0	444
57	1
0	1
0	0
0	0
0	0
13	49
370	101
3	52
0	0
0	0
0	0
0	0
1	1
0	1
17	281
30	475
1	304
67	268
0	249
3	21
0	21
1	0
0	0
0	1
283	400
0	398
0	173
0	833
0	156
0	732
0	859
0	620
0	573
0	417
0	470
0	94
1	68
5	69
1	8
0	256
0	9
0	70
1	0
0	620
0	724
0	565
1991	2240
0	1131
105	1410
7	4
31	37
1	1317
0	392
0	0
0	2
0	2
0	0
0	0
0	2
0	0
0	2
0	0
0	0
0	0
95	22
1	0
0	14
0	9
0	0
0	0
76	967
0	829
1	929
1	210
0	86
2	110
0	154
16	142
8	50
0	9
93	174
0	171
3	1
4	3
13	7565
4	6716
9	6810
26	251
0	566
19	321
89	4864
23	466
35	3707
44	3196
39	196
0	4819
1	156
0	57
0	58
0	0
0	0
5	11
11	164
0	150
1	10
0	0
0	0
0	51
0	51
5	175
3	36
0	14
36	175
282	173
0	172
1	0
1	155
118	156
0	2
0	1
0	0
1	0
0	0
0	11
0	105
0	129
1	148
19	163
0	66
97	393
68	393
0	64
74	743
293	979
5	156
19	374
0	9
4	124
0	18
11	25
211	0
14	203
2220	990
17	954
0	0
0	684
27	967
305	0
961	3058
0	3058
0	1229
0	222
0	684
5	499
2	251
25	1094
3	925
2	349
48	80
0	28
14	834
1	261
1	224
3	763
12	364
6	36
4	7
17	396
3	0
21	2
2	176
7	1
31	736
2	596
0	22
0	3
0	34
0	742
14	294
3	66
3	134
3	220
93	1047
3	189
3	174
0	542
0	40
24	1047
603	219
1	13
0	0
1	214
0	179
0	166
167	84
5	6
0	0
0	80
243	3317
0	39
10	348
0	0
1	363
0	276
5	10
66	3371
2	1308
1520	33
2	30
4	1
0	0
0	0
4	1
0	1
0	0
14	256
20	170
0	256
1	58
40	58
0	51
5	41
0	1
0	14
0	59
0	57
0	0
0	33
0	3
0	0
0	0
0	0
0	0
0	0
0	0
0	0
0	1
0	1
315	0
3	2025
163	2252
166	2254
3	710
0	789
0	106
2	341
0	29
0	7
3	2212
0	0
5	0
22	68
0	17
0	12
0	0
0	64
1	21
13	31
3	10
0	27
3	31
0	0
0	17
10	28
4	12
0	849
0	347
0	24
0	0
0	609
477	962
12	874
1	5621
0	1512
76	485
0	431
10	164
0	125
0	107
1	1
6	0
67	674
11	379
5	50
5	41
2	29
0	674
0	45
0	50
1	7
2	0
1	10
1	0
2	8
0	2
0	0
0	0
0	0
0	358
28	272
407	362
3492	991
5	327
0	0
0	0
2	0
33	137
49	275
4	576
1	421
3179	554
0	0
0	182
0	1426
555	1728
0	1334
0	1447
0	0
0	2
0	0
95	23
54	1564
0	1513
3	140
3	1080
0	0
0	829
42	2
0	2
1	2
0	54
0	54
0	3
960	0
0	99
19	61
0	14
1	134
32	49
410	134
0	0
0	26
5	103
4	36
0	5
22	11
0	350
8	284
0	326
2	271
17	425
4	126
11	89
2	196
44	210
0	639
0	524
27	523
25	521
6	106
0	250
0	315
0	0
0	0
0	1441
1	1263
75	1053
31	1099
91	1126
30	188
0	179
3	0
5	106
86	747
64	804
1	722
0	0
2	3
935	1713
9	1708
2	1638
5	479
18	3
0	0
197	0
27	467
24	8
0	454
435	1
1898	4742
0	4649
1	34
1	1
0	1
2	6
180	313
4	0
0	0
0	0
0	1
0	0
0	0
0	0
0	1
0	4
0	1
2	4
0	0
0	310
0	312
8	3
0	2
0	4
1	1
0	33
5	1
1705	3034
143	2871
28	629
0	2190
102	2323
0	1396
0	1907
0	2930
10	1310
0	606
0	615
4	792
0	443
0	534
0	879
0	0
18	36
64	22
10	19
0	76
6	65
36	440
93	418
442	132
11	614
0	2
2	6
36	849
4	779
78	539
1	483
0	600
33	80
0	1335
1	793
0	0
0	0
0	0
0	0
0	0
20	39
599	142
0	109
0	493
294	166
1	1
0	1
0	0
0	0
0	1
0	0
0	1
0	232
1	225
6	210
0	47
0	11
0	213
0	226
0	0
0	0
0	1
0	0
2	13
0	144
3	0
0	6
696	441
4	436
1	442
1894	1877
0	911
4	1515
0	1728
0	1795
9	1771
7	129
4	4
126	727
68	723
0	10
2	0
113	4
1	0
0	3
0	24
8	84
5	133
15	3568
8	3937
1	192
0	5
3	33
0	748
73	1852
39	4016
47	3926
0	4083
9	471
6	261
1	0
0	108
20	108
2	232
0	148
0	141
11	302
25	305
0	294
1	284
42	249
0	12
0	260
2	22
2	39
11	40
0	38
0	28
0	1
4	210
0	0
0	0
136	0
32	504
19	537
0	80
0	3
54	22
1	369
0	93
0	52
1	2
0	0
2	0
52	1884
1241	1719
51	673
191	1548
6	1717
0	1747
42	4275
5	168
0	530
0	3952
2	158
9	530
0	108
0	4275
1	3956
40	339
0	325
0	120
0	77
1	35
5	21
10	15
1	23
1	301
1	4
45	5135
247	6001
151	6771
8	2282
74	5108
6	4218
24	2194
0	2306
0	284
0	439
0	119
0	138
0	138
0	19
2	197
11	1964
16	1826
3	1838
5	1837
204	1650
1	122
0	452
0	284
14	104
1	135
36	51
8	0
0	1892
18	2131
593	1
244	1
0	0
0	0
0	0
48	1498
1	1285
11	1023
213	1082
0	114
1	2
7	3
175	1
0	0
31	5
0	5
6	401
0	413
18	169
0	200
0	383
0	571
0	549
8	0
89	0
0	0
0	0
0	0
43	359
0	330
0	359
3	296
0	0
0	0
40	0
0	420
1	159
65	420
0	57
0	56
0	0
75	3996
321	4547
9	495
5	2151
5	3943
28	1248
1	1445
0	3929
1481	1603
41	1163
0	757
0	0
0	0
0	0
0	0
0	802
0	865
0	44
1	175
0	39
0	10
0	0
1	25
0	624
0	15
0	8
27	778
3	407
1	0
0	0
363	81
2	38
2	18
5	34
0	74
1	71
240	138
0	103
0	35
11	0
0	110
0	104
0	97
25	101
0	96
0	33
0	26
54	124
4	115
0	121
21	493
0	16
2	16
0	16
0	3
1	0
0	0
0	183
1	183
328	14
0	0
0	13
2	5
15	0
8244	68
56	63
25	0
0	0
5	1
0	1
0	1
0	1
158	1
341	421
5	155
10	14
1	69
7	27
0	13
111	874
10	874
0	86
114	0
40	324
0	249
9	137
0	70
11	9
0	41
4	2
94	1191
4	1232
5	186
11	250
0	135
31	81
14	3
13	279
4	22
5	24
1	110
13	90
2	12
0	8
0	7
6	4
0	4
0	4
2	0
1	1
8	11
2	11
4	34
1	12
3	5
0	9
16	0
0	22
34	1745
0	186
0	172
5	11
0	21
0	1773
0	191
4	211
1	439
23	251
54	442
126	397
0	397
0	27
6	7
0	0
8	123
11	92
16	61
0	0
0	0
3	336
0	76
1	339
105	9473
1113	9474
0	1
0	1
0	0
1099	183
2	7
0	20
0	152
811	92
1	92
0	1
49	1
0	0
0	0
1	0
332	627
68	626
1	3
6	3
504	0
0	0
3	368
0	0
0	0
0	0
0	0
0	0
0	0
13	241
0	279
1	261
1	211
2	9
1877	417
20	64
1	14
9	101
14	53
1	85
48	215
0	49
1	49
5	18
0	10
0	0
4	9
0	5
135	173
16	173
2147	541
1	540
0	170
0	0
0	0
0	0
0	0
0	0
0	0
197	0
214	405
0	389
0	14
5	2
0	7
0	1362
0	33
76	0
1	0
0	324
0	374
43	374
5	1255
0	164
0	1219
1	836
0	143
1	639
1	0
0	3
0	6
4	978
1	12
0	11
0	223
1	143
9	101
22	716
0	4
0	4
6	3
3	3
0	0
0	1
0	0
1137	1092
0	1092
1	797
1	542
1	20
2	0
1	3
0	0
0	2
60	0
21	3
5	0
4	0
1	0
1	4
5	87
141	87
0	0
52	0
4	3
917	725
3	735
9	723
696	67
3	67
0	226
345	262
2	110
65	2133
3	14
200	2159
0	2
0	35
1383	1495
38	586
0	118
6	50
4	43
0	0
0	9
0	9
0	8
0	8
0	8
0	8
0	0
1	8
0	3779
289	11607
4	2903
1	5433
127	2797
35	4778
19	1236
5	916
0	540
0	5
78	78
11	456
1	58
2	389
2	68
0	270
8	2
1	0
43	187
3	13
132	85
0	12
0	84
0	11
8	11
0	10
1	11
0	11
2	0
0	0
1	0
88	0
60	811
0	808
2	0
7	811
2	35
138	116
41	77
0	8
0	47
38	297
11	340
2	46
0	0
10	105
0	65
0	14
37	209
4473	858
3	856
8	6391
114	7334
0	6468
0	6436
1	5910
2	4148
3	2538
1	1931
0	1431
0	366
0	17
0	3
0	156
1	653
1	1
0	0
0	3
9	4
10	0
1	0
0	0
0	0
0	189
113	220
2	30
0	50
0	42
0	1
1	3
0	22
0	20
0	3
0	1
3	0
0	0
0	1
1521	293
0	280
2	65
566	452
0	451
2	24
3	0
1	311
77	123
0	3
22	100
16	81
160	215
16	199
0	38
14	123
8	15
1	7
1	0
0	4
0	5
3	5
0	1
1207	0
0	671
1	670
37	117
37	0
13	660
3832	2
30	52
42	52
0	35
0	0
0	0
0	0
650	492
6	254
5	60
0	115
8	115
3	10
146	5
0	4
1	1
1	4
11	0
59	88
0	18
0	88
167	112
3	103
0	4
68	7
6	5
132	13378
7	9513
2	9598
1	11041
1045	7171
0	1771
0	719
0	557
21	257
1	3674
0	1
0	728
0	97
3	0
0	682
0	0
0	4
70	1977
41	1949
1	7
36	119
12	223
2	212
547	572
0	572
0	549
11	624
0	28
0	8
3	10
0	608
20	1072
0	1072
0	27
3	0
28	15
5	795
1	190
200	2866
0	2723
13	2914
3	1
8	232
19	186
20	331
4	126
3	6
0	0
41	0
7	3758
6	387
0	246
3	15
1	24
8	75
42	4
0	3736
2	0
0	0
0	0
34	51
8	70
29	246
8	56
218	956
4	769
5	123
98	305
34	10
11	69
0	0
0	0
0	0
0	0
0	0
0	0
0	0
0	0
6	81
1	236
15	195
17	35
9	54
0	236
645	84
3	76
3	72
5	55
1	0
5	0
0	0
30	797
20	851
285	844
0	4
2	7
7049	4263
0	1620
2	1688
0	1
0	1
11	8
0	8
182	0
0	0
3	0
29	1267
0	1161
2	1047
1	226
598	637
0	519
9	560
1	29
0	39
0	71
26	81
0	0
233	2192
0	0
0	286
0	836
0	318
0	565
1	582
3	568
0	582
0	260
1	0
1	508
24	419
1	1472
0	14
0	14
428	27
22	1
1	9
495	3554
450	2670
32	3571
6	165
0	1
0	1
19	35
15	94
0	394
3	383
34	443
31	57
9	316
3	36
23	52
9	11
0	11
186	1778
8	1781
0	441
19	217
0	15
0	35
4	37
5	10
17	1031
0	904
5	871
0	98
0	84
30	116
1	131
6	135
12	174
5	0
14	242
0	0
0	0
0	578
46	24
0	6
10	18
3	17
0	0
0	0
0	146
1	8
0	10
0	23
0	0
3	0
0	0
0	173
1	216
0	601
0	16
0	63
0	20
0	70
0	86
0	0
0	0
0	0
0	203
36	618
6	350
6	330
3	90
152	171
1	54
435	178
0	125
4	0
45	1275
0	1278
14	1192
7	59
0	21
1	3
0	1277
0	0
0	5
0	44
0	0
0	0
65	184
17	176
3	24
6	0
2	13
1	49
15	12
0	26
0	26
0	428
25	205
4	199
0	1
0	39
0	13
35	120
1134	716
1	518
228	111
0	34
0	77
0	25
1	19
64	33
6	12
0	21
0	628
128	624
0	337
29	257
13	259
137	77
0	25
0	31
2	0
0	0
0	12
0	2
0	6
0	0
0	6
0	0
773	347
0	341
11	7
1	181
2	30
0	14
0	168
0	0
3288	908
34	743
15	159
89	462
3509	571
22	537
30	571
0	1
3	1
0	0
1	76
0	58
0	60
0	1
0	1
0	1
0	0
19	28
6	112
62	108
10	30
22	2
934	7497
0	1075
96	6416
8	7262
95	4103
0	475
7	261
0	257
7	228
6	130
160	0
309	93
0	1
0	56
1	78
0	12
0	0
0	0
24	5
0	3
0	5
0	0
0	5
2	5
0	0
985	27
17	1
0	9
0	17
14	2004
104	1820
0	1
0	1263
0	221
65	500
0	118
0	0
333	471
10	1
3	32
0	25
0	0
0	1931
0	0
0	0
1889	147
0	145
0	0
1077	469
0	38
0	435
0	52
6	0
0	0
0	0
0	0
0	0
0	0
47	1
0	1
0	0
455	10
1	10
2	7
1	7
0	3
0	0
24	79
15	37
0	119
1	506
9	1734
49	26
0	6
4	42
7	1631
83	142
108	142
2	2
4	1
0	1
1	1
80	651
2655	791
20	754
0	139
0	424
0	198
5	141
0	646
0	0
0	0
0	0
1153	38
0	37
0	0
590	85
1	85
510	2491
47	934
17	1452
0	1083
2	1
11	0
20	99
4	69
2	62
493	229
0	229
0	0
0	0
57	368
3	354
0	0
7	6
0	42
0	2
0	4
0	3
0	3
0	2
0	0
2	1918
0	411
24	1812
9	1762
0	361
12	304
0	0
8	1
0	112
3	12
0	89
0	1420
21	1
0	1
443	1046
0	962
1	84
4	1
0	33
0	0
2	33
3	15
17	13
0	1812
0	1858
0	1777
0	1513
0	341
0	927
0	1315
6	44
18	846
2	409
2	107
0	1648
0	1751
58	58
5	48
7	0
1	0
0	0
7	371
0	248
18	352
0	248
21	13
0	0
0	0
3	65
1074	2151
72	2105
20	358
0	1
6	4
57	117
3	28
4	3178
0	3117
0	827
0	351
11	83
0	3206
0	0
50	75
5	93
0	31
5	22
0	26
0	0
0	0
1	2
1	2
1	0
51	487
4	247
4	105
13	43
6	198
20	49
1	13
0	5
0	11
0	18
0	5
0	4
0	9
0	2
4	0
742	50
2	50
1	0
156	8512
0	8512
4	5563
0	326
0	369
4	319
0	0
1	15
20	15
1	27
274	28
11	21
4	0
1	0
2	0
81	320
67	431
63	85
32	228
715	5114
28	7
0	27
0	2978
118	5053
0	24
19	7
0	0
0	0
0	0
19	28
8	0
8	0
0	28
0	0
6	0
0	0
29	228
10	112
1	106
8	203
0	83
0	19
2	2
0	0
0	0
0	218
0	251
5	258
0	243
1	31
0	2
0	3
0	2
0	0
31	0
0	0
0	83
1	87
0	0
1	87
0	60
0	48
0	301
0	334
0	374
0	408
13	353
2	278
5	246
19	112
1	0
874	274
15	247
3	130
0	0
0	0
0	0
0	5
1	6
0	5
0	0
0	2
0	4
428	1260
0	1020
0	686
0	910
8	679
2	90
0	910
10	0
57	0
0	44
1	20
11	50
0	0
2	0
3	1
10	0
0	0
0	0
0	0
21	2
0	1
0	1
0	0
0	0
1	243
0	245
0	255
0	249
0	242
0	255
0	245
9	16
2	8
0	1
0	7
0	0
0	6
717	445
41	369
1	433
0	33
3	44
64	43
1	554
5	555
164	556
607	558
3	1
0	5
0	6
0	9
0	10
1	11
1	11
0	10
0	1
0	0
4	0
0	0
0	0
0	0
0	60
72	60
0	5
0	23
0	8
0	22
0	22
0	23
0	0
1	1
0	1
0	0
1	0
0	0
0	0
0	0
0	0
14	215
1	7
0	28
0	214
48	302
3	302
3	1
0	0
24	4240
9	1547
4	20
2	30
39	2700
531	0
8	486
97	486
8	107
4	55
0	165
1	102
0	26
0	52
0	0
0	1215
2	1208
35	1329
0	1062
0	54
15	1105
0	1174
0	1
3	1094
1	794
0	5
9	29
0	189
0	1213
610	0
0	2
0	2
0	0
0	0
1409	180
0	0
5	180
241	3681
48	3715
5	3198
26	3073
32	6
2	17
6	203
3	250
4	2
4	1086
1324	1765
85	1310
43	1558
6	171
2	64
0	0
0	0
0	0
0	0
0	0
0	0
1	407
3	16
0	407
177	1
48	0
1963	11
0	3
4	6
7	0
355	39
0	39
402	48
0	40
0	5
0	8
0	29
0	29
0	28
0	14
1	469
2	297
0	240
6	4
0	10
0	0
18	469
10	2175
3	1985
26	2184
4	271
0	99
0	863
14	1920
0	140
32	4
3	390
76	737
0	334
1	0
4	172
4	172
0	172
1	0
3	0
1	2
0	5
2	255
25	2898
5	0
5	2831
0	107
0	103
2	55
0	94
0	7
0	46
282	1520
9	3
19	173
17	799
37	33
0	638
0	1400
0	0
0	0
0	0
0	0
0	0
0	0
0	0
0	0
0	0
0	0
582	136
0	136
0	0
4	0
23	252
18	247
0	38
7	84
45	41
2	16
10	47
82	442
0	476
8	213
2	213
0	182
0	216
2	60
1	26
3	37
2	461
5	28
0	22
16	24
0	4
0	26
0	18
0	27
4	49
0	147
1	72
2	109
0	23
1	19
6	142
0	42
0	129
1	10
0	14
0	14
0	0
0	0
0	1
0	1
0	1
0	1
0	521
3	547
0	441
0	41
17	382
42	0
778	1
3	0
340	2435
29	303
44	172
321	1913
1	249
4	518
0	57
1	112
898	1644
0	1586
10	76
0	503
25	2
14	63
946	599
0	93
22	319
6	212
4	1
836	750
0	750
46	851
7	760
5	97
1	0
0	0
0	5
0	0
0	0
0	0
0	0
14	6
0	6
1	6
1401	351
23	148
0	207
0	17
863	16
0	15
7	0
0	19
2	17
0	4
0	2
280	215
0	18
9	185
1	98
12	505
43	312
16	451
225	1
1	1
0	740
2	740
7	120
0	13
3	206
9	335
2	126
0	31
4	1
138	25
0	27
1	213
825	379
0	7
0	166
9	1
1	5
551	613
0	0
4	0
12	679
0	5
0	0
26	669
1	5
0	203
0	77
0	253
14	389
27	389
1	7
9	4
198	1485
140	1232
5	293
6	186
1	292
16	278
0	148
2	83
4	6
10	44
1055	583
10	48
7	312
2	135
3	111
0	0
102	1530
0	0
6	1510
1	126
1	12
39	807
114	1670
4	802
0	100
0	230
0	216
0	202
2	285
0	195
0	147
0	118
0	1
2	256
0	131
0	116
5	167
39	93
262	4719
6	194
11	1333
14	546
3	3902
0	1282
0	256
7	5
548	249
3	249
0	4
0	0
0	3
0	1
5	7
0	6
0	4
0	0
378	426
8	287
4	24
0	0
1	25
0	0
2	5
0	2011
11	665
0	68
0	62
5	195
0	2018
8	2059
28	61
4	63
2537	224
1	154
2	64
186	7
4	7
0	406
0	386
0	22
0	21
0	15
14	419
7	0
3	20
0	24
15	63
24	103
2	307
1	316
5	128
11	71
12	151
2	15
3	23
0	153
11	38
18	63
0	0
0	0
0	0
0	0
30	486
17	1314
0	4
35	14
4	53
0	0
0	29
4	29
20	521
877	52
18	5
20	43
0	894
40	909
1	585
455	2
0	0
0	0
3	3
12	889
4	2
13	79
4	1
8	0
3	0
1	869
0	0
0	892
18	61
8	76
0	185
22	103
0	889
0	0
0	0
0	0
48	161
15	114
0	2
7	2
51	137
8	11
4	19
0	19
0	3
0	2
4	3
1047	863
25	449
0	281
2	201
2	12
12	80
11	298
29	0
0	298
7	238
17	467
19	21
0	165
2	61
0	9
0	0
2	3
5	88
0	22
0	22
0	68
1	29
0	8
0	479
1092	63
14	58
1	393
0	537
0	798
8	46
0	475
0	497
2	29
0	4
0	34
2	57
0	4
0	4
0	2
0	0
91	838
1	1287
0	1491
4	1594
6	60
3	159
1	367
0	160
0	107
0	12
49	243
5	217
0	10
3	7
2	1
0	30
2	26
0	20
31	10
0	10
109	25
0	8
3	0
15	17
8	270
0	216
0	307
0	209
1	250
2	78
1	70
0	62
1	251
0	20
9	72
1	51
6	35
4	46
4	0
355	92
0	21
1	52
0	19
0	27
3	92
1	15
1	1
16	65
4	3
143	1956
17	1956
1092	280
1	280
0	1
0	1
241	137
5	137
434	257
6	188
86	259
2	9
25	90
7	90
0	90
0	2686
0	180
2	63
5	18
0	2703
128	250
0	250
1	3
2	14
0	34
8	3
0	159
0	157
0	126
361	1226
27	1153
0	243
60	336
4	0
0	6481
1182	7705
41	7749
24	283
2	52
0	43
0	4
1	6
11	8
350	1
2	80
3	123
0	128
0	122
0	57
2	116
1	24
0	0
0	120
0	80
865	907
19	202
39	3
10	703
0	20
0	0
0	506
2	507
0	507
22	507
4	354
4	19
0	0
0	0
0	0
0	43
508	770
0	788
27	348
0	24
33	78
1	74
0	42
0	58
3	1
0	11
0	0
5	59
4	80
1069	56
248	0
9	463
2	88
1	217
0	12
8	426
0	339
9	426
0	10
3	86
4	51
0	78
0	5
0	412
2880	3396
5	1437
7	1159
0	1771
2	48
0	18
0	5
0	153
33	671
0	671
21	348
597	707
4	536
0	441
0	409
0	61
16	89
5	77
2	698
5	698
4	2
0	252
72	197
12	78
6	0
104	0
6	1
0	1
0	0
3	0
0	0
0	4
0	0
0	0
0	0
0	0
2	0
563	504
1	197
2	76
6	22
5	2
25	0
20	2657
2	2644
26	2358
18	38
5	0
0	2657
0	413
264	1553
3	408
4	1340
80	1340
3	0
22	279
0	279
0	0
0	0
462	413
34	413
0	983
0	474
0	27
18	983
0	60
0	74
0	73
0	0
0	8
0	0
5	6
0	0
6	582
21	575
0	180
1880	4
39	4
2	4
219	178
6	0
0	181
17	133
0	3
47	303
8	271
10	71
1	53
1263	310
1	133
5	176
86	521
68	69
74	262
0	16
0	504
640	10
2	10
115	489
22	472
0	34
2	350
0	2
24	0
11	1830
7	0
0	0
22398	18
6	1565
212	1680
1	1513
0	501
0	309
2	18
0	15
5	18
0	4
0	0
0	0
0	0
0	0
0	0
0	0
29	36
0	346
1483	353
0	6
3	191
11	55
2	136
0	46
0	21
2	102
1	8
0	0
0	4
0	5
1	1
0	0
0	138
0	49
465	0
0	0
1	1008
0	1822
4	1776
66	248
0	393
0	412
394	829
10	958
3	402
7	237
1	138
21	290
2	4
4	0
3	0
0	128
700	2
221	125
1	124
0	125
73	7
0	2
0	3
0	3
0	4
0	3
0	3
0	0
0	0
0	1
0	1
50	612
4	612
1	28
0	55
0	48
2	10
0	9
1	0
0	3
7	108
2	36
0	93
0	13
0	0
18	85
0	0
0	242
0	0
0	0
5	0
0	0
0	1
1	1
1	0
1	0
0	64
0	64
2	246
1	5
0	0
887	1344
2837	1238
1	507
0	114
474	1
0	8
0	2
0	6
0	0
0	0
0	8
0	150
0	189
35	234
29	155
0	0
3	0
0	210
0	208
0	15
6	15
19	621
1	473
0	171
4	170
0	9
5	252
0	82
4	169
5	174
51	193
0	187
4	14
22	0
5	0
0	0
0	0
0	0
8	0
0	0
10	0
93	133
1	119
2	100
0	93
1	4
189	80
0	1
0	12
0	79
4	1
0	0
0	0
2	77
1	134
13	13
2	2
5	25
0	20
113	0
0	0
0	1
220	1
4	3
0	3
2	0
28	1150
0	1961
69	9
0	6
0	2
6	3
51	1233
18	644
424	841
0	161
35	0
1	774
0	769
1	772
1	771
0	334
0	335
0	629
34	629
0	92
0	13
0	0
0	0
98	171
2	171
4	74
0	3
0	0
0	0
0	0
14	27
0	34
1397	276
11	245
2	5
0	6
2	3
1	533
2	529
33	367
0	545
1	73
0	476
0	420
15	348
0	0
3	0
0	23
7	30
17	0
3033	1281
12	564
16	715
1	374
0	910
3	163
0	150
2	31
16	693
0	545
0	0
31	12
1217	140
0	84
0	12
30	0
0	34
3	9
8	0
0	0
0	0
0	0
359	1761
11	868
618	1775
1	51
3	1179
13	626
0	37
0	32
0	7
0	23
0	38
2	31
0	4
1	2
0	1
0	15
0	14
0	8
1	1
0	1
3	153
1614	153
0	124
0	78
1	30
11	200
0	169
2	81
2	48
0	56
1	40
7	1
14	12
0	170
23	103
0	4
0	103
17	3078
111	3200
0	2542
14	53
19	440
115	833
0	86
10	152
1	7
0	2540
335	700
3	0
12	119
0	5
0	510
10	463
4	336
49	447
1	399
0	146
0	99
25	447
2	0
1	126
11	9
1	9
4	47
1	0
0	5
0	4
0	1
0	4
1848	10376
7	6743
4	10013
14	1970
6	2
125	80
1	35
43	54
1	42
429	1346
1	726
0	1346
0	0
0	0
0	0
0	0
0	0
0	2197
1	1174
13	2273
985	5742
0	734
0	5505
6	662
0	1952
10	2097
1	1143
0	6
1	163
22	0
0	0
0	0
0	0
0	0
0	0
0	0
0	0
0	0
8	0
0	717
0	715
1	711
1	755
0	91
1	331
0	14
38	166
3	0
0	37
1477	2
0	0
648	335
7	33
6	3
0	303
1	0
0	0
0	307
13	314
11	256
0	289
0	307
1	274
0	376
1	386
0	15
3	5
4	1
6	6
12	32
24	7
0	0
0	0
81	0
80	48
0	0
0	0
0	182
0	175
26	81
0	87
6	0
0	23
0	172
8	85
3	159
7	46
0	94
10	1
99	223
18	52
2	78
0	0
0	0
1	1603
0	1576
0	869
4	12
0	1715
1	336
0	1693
0	1715
6	1780
14	125
4	1542
0	727
0	902
0	5
2	188
1	48
9	4
0	533
339	2342
5	382
2	648
0	137
2941	5509
295	5273
11	560
10	1049
290	1035
0	64
0	54
1	64
0	22
0	22
0	0
4	2
0	0
0	0
2599	768
0	206
0	665
0	2
1163	1046
8	979
97	1008
7	817
0	770
0	775
1	398
2	152
124	365
0	23
0	264
0	181
0	0
0	281
10	73
0	2
0	2
0	0
0	0
22	13
0	1669
13	1711
33	1051
0	1281
9	1413
24	1181
0	1453
1	281
6	1688
1	0
334	540
30	539
1	109
2	1
0	1
0	1
16	0
0	0
248	78
1	64
0	0
1	15
0	19
0	1
0	0
4	185
0	28
0	185
409	349
0	203
3	242
0	171
0	71
35	2423
3	2362
32	1261
1	0
1	16
0	62
0	167
901	2406
1489	1213
0	46
0	671
2	194
30	24
5	16
0	0
5	557
0	65
0	750
0	835
9	324
0	343
0	299
1	0
0	0
31	642
0	1137
0	1079
0	465
0	1208
9	1129
10	19
136	115
0	1208
0	1086
104	27
2	24
3	3
0	1
0	1
0	1
0	0
7	0
29	141
3	105
4	56
1701	163
10	10
20	74
41	148
0	1
6	1
0	1
0	0
1	54
0	0
0	0
0	0
0	0
0	0
0	0
0	0
25	0
0	182
23	105
0	79
0	182
15	7
2	0
0	0
0	7
0	0
0	0
1	1
142	174
0	63
12	112
464	170
1	10
0	160
22	5
1	20
8	13
6	6
0	0
0	0
78	1330
77	1330
0	39
2	8
0	89
2	3
100	406
1	2181
3	916
7	875
0	22
1	242
0	1293
2	1971
0	2069
3	0
3	923
1	407
0	1613
0	1602
0	1688
0	1688
0	1602
0	1699
0	1688
0	1602
0	1602
1	63
0	1561
0	1596
0	1532
0	1797
0	1727
0	127
1	0
2	1296
0	1
11	2
5	5
0	1955
0	1877
36	2152
8	1862
0	130
0	405
52	965
16	330
311	37
9	92
9	407
1	474
0	164
0	178
0	154
0	211
0	69
0	69
80	280
11	250
2	10
0	4
7	3
3	75
0	241
0	0
2	2
0	3
0	1
0	3
612	398
0	181
0	0
1	140
1	89
31	18
70	2484
6	461
0	2754
5	2612
3	887
1	778
0	806
1	144
2	0
0	0
2	14
11	26
11	318
1	319
1	73
13	3599
13	1619
0	2960
3	598
222	3257
0	2189
7	2317
8	237
5	20
5	388
265	2
2	335
0	3599
9	553
0	443
1	164
20	582
7	60
3	0
85	0
7	367
1	0
36	6
1	6
0	14
6	14
0	0
0	0
0	7
0	5
0	1
0	1
0	0
0	0
0	0
245	79
5	7
2	72
0	0
0	15
1	172
306	172
0	42
0	13
0	41
3	42
0	41
0	41
43	8280
2381	8381
0	6388
0	2666
1	2591
0	1672
1	672
12	1023
17	1140
0	249
4	560
0	0
0	82
0	0
0	0
0	0
0	0
0	0
260	896
31	856
0	409
0	383
4	1
10	373
0	6
4	54
2	13
0	2
0	1
0	1
0	1
2	0
0	0
63	52
0	24
0	28
2	3
0	0
0	4
2	411
0	0
1	37
1	30
2	18
2	45
2	49
3	18
2	2
5	21
0	411
6	0
162	1271
15	668
0	292
0	1027
0	1054
0	1
0	1
28	448
32	450
24	550
0	100
0	0
0	0
0	8
24	39
0	7
1	2
0	2
0	5
0	0
0	13
0	22
0	12
0	26
1	0
67	14
1	1379
2150	1382
1	0
1	1111
9	3582
2	2567
0	68
0	2654
0	2539
20	71
8	293
5	188
249	94
0	0
0	94
0	0
0	0
78	1046
0	0
0	0
0	0
0	0
0	0
0	72
0	72
8	70
3	73
0	0
0	75
0	0
2	20
4	20
0	1
0	300
1	51
14	36
0	6
0	12
1	300
19	0
26	3429
26	3468
59	3391
0	237
98	116
16	141
19	103
0	3425
1	26
5718	795
49	594
2	0
27	0
0	1
0	1
0	0
0	1
0	1
0	0
0	0
0	0
1	0
0	1
3	2
4	4
0	3
1	1
0	1
0	0
0	0
0	0
0	0
0	0
0	0
0	0
9	345
3	332
0	252
0	23
0	14
2	32
0	26
3	0
1	0
18	0
0	0
50	343
0	936
51	899
1	5
61	0
2	0
0	548
10	88
2	60
3	17
0	12
11	741
23	740
5	714
1	38
0	40
19	567
7	21
0	28
1	0
14	121
273	1952
24	1751
3	13
2	744
0	48
0	828
4	305
0	698
0	19
0	38
3	653
14	46
1	46
0	46
0	5
0	1
0	0
0	0
0	0
193	615
2	613
0	615
22	861
7	207
27	664
0	0
1	685
0	1118
1029	1118
4	5
0	142
0	30
3974	26
13	376
456	270
2	205
17	397
4	274
0	83
7	154
6	526
1	193
9	384
9	176
1	175
19	21
14	248
0	177
0	35
0	321
13	2
0	59
0	10
0	10
100	18
0	0
17741	12
4	0
0	211
1277	3338
122	3203
2	5
0	241
4	241
734	0
520	265
0	86
0	121
1	121
15	15
7	103
9	28
3	13
0	0
0	0
0	0
0	141
59	180
14	163
0	4
0	6
10	781
1	792
0	873
0	803
1	679
56	129
9	53
5	811
15	48
1	48
0	4
2	2
0	4
0	6
0	4
0	4
4	81
1	84
2	43
0	26
5	189
0	189
0	191
0	53
2	27
0	195
383	0
92	858
2	728
2	291
0	36
1	1088
27	369
19	1476
8	181
0	100
49	97
0	0
0	64
1368	11128
2	6195
47	5065
0	2044
0	333
166	5345
0	6680
597	8447
4	726
53	7089
1	617
1	563
0	7225
1	105
21	5805
2	3999
0	1194
2	4
7	934
13	39
27	32
1	545
6	138
8	138
0	1
0	2
0	0
0	0
0	0
1	3
0	4
2	12
13	103
1	61
959	1
0	0
0	0
0	0
243	1
0	1
7	1
0	497
2	13
1	69
0	2
0	117
2	12
2	105
12	46
4	0
0	3
2	27
82	23
0	70
1	0
154	0
0	6078
79	5322
6	1180
98	5141
7	3947
0	611
0	4735
0	244
0	172
7	60
0	0
15	47
388	1906
20	1361
0	415
283	530
0	321
0	119
0	0
1	49
0	107
3	115
0	42
9	45
0	10
0	2
1064	336
3	19
2	119
0	13
4	92
68	0
858	1
114	0
1	209
7	209
0	5
0	1
0	32
1	28
2	17
1	6
1	29
0	306
240	319
5	11
2	78
0	73
0	144
0	144
0	144
0	144
0	176
0	144
0	144
0	142
0	110
3	78
0	31
0	42
529	405
2	69
2	405
756	1349
8	953
8	3
1	59
0	227
25	1
110	0
3182	0
2	352
23	306
58	164
9	181
29	28
2	25
0	28
0	7
0	2
6	23
0	29
0	15
0	8
0	27
0	0
0	0
0	0
1	1067
14	572
1	176
0	593
21	80
0	1024
3692	35
2	10
445	0
1140	666
37	594
22	70
3	43
1	0
9	21
0	96
0	0
0	0
0	0
17	990
19	965
0	370
0	70
0	4
25	245
2	125
0	151
0	651
0	0
0	0
8	81
529	149
0	14
13	82
44	29
0	0
0	0
33	97
0	24
0	0
2	81
0	23
2	3
0	3
0	0
434	1141
170	563
9	649
2	218
24	641
2	0
0	122
0	42
7	289
0	585
0	1015
557	2622
3	2144
0	1326
0	220
5	4
446	4401
2	4303
0	2073
0	59
3	768
1	46
2	1
1674	1
443	0
0	0
0	245
0	683
4	30
48	107
53	344
26	12
41	456
3	51
1	82
15	2
5	39
4	6
21	26
0	28
10	40
1	31
0	31
0	2
4	2931
267	2931
3	271
0	0
0	0
0	0
0	0
0	0
0	0
0	0
0	0
0	0
0	0
4	1952
153	2045
0	1295
3	289
1	39
17	458
0	527
20	441
11	666
30	113
0	104
10	100
0	0
0	0
0	0
0	0
0	1
0	1
0	0
0	1
0	1
2	1064
2	204
0	791
0	0
0	12
0	160
8	878
0	630
0	857
5	630
0	600
1	0
0	4
1	16
2	1
0	83
0	77
0	8
41	0
0	0
0	0
0	0
0	0
0	0
7	138
26	34
7	121
0	0
0	105
2	0
0	0
593	1
0	0
0	0
0	0
0	0
248	21
1	21
6	10
56	0
0	10840
0	11817
0	207
0	1994
6	530
23	232
0	492
86	844
4	516
1	526
90	236
44	2
445	2529
0	7
1	444
1	2195
0	1538
1	181
0	617
2	177
27	34
0	440
0	8
7	0
0	0
4	112
1	34
6	125
2	84
16	64
0	115
38	181
14	283
2	17
24	2251
127	1962
10	2072
0	21
6	0
0	0
0	16
0	191
126	188
0	16
2414	495
0	187
0	101
19	210
2	15
1	134
36	4127
28	4017
123	3267
56	1494
13	468
5	7
2	735
15	267
5	4
0	4115
3	0
0	0
0	0
0	0
348	255
10	14
1	134
0	0
16	108
1	2
0	23
0	25
2	0
0	584
0	248
12	2970
3	1395
808	2938
14	290
1	1188
3	2307
2	931
0	1973
1	3290
196	1352
0	0
1	45
10	238
0	4
1	3106
16	10
0	0
86	283
177	1197
0	278
10	464
0	1
280	892
2	456
2	129
0	111
3	79
0	132
0	269
1	86
8	86
1	628
0	552
25	387
11	278
23	47
1	28
28	157
3	750
0	1118
21	450
0	1103
10	1085
0	953
0	926
1	716
0	821
4	18
4	9
53	595
0	533
0	19
0	33
0	57
0	77
0	0
0	2
0	10
0	0
23	44
229	5254
109	5287
7	5285
0	1373
36	41
5	333
0	136
0	135
7	11
1	136
2	116
2	1
1	4
3	1
0	0
0	0
0	0
0	0
0	0
44	485
48	485
7	438
24	1187
0	118
1	733
7	563
15	618
1	40
0	37
0	6
1	3
0	6
846	985
6	968
3	18
2	993
157	913
585	111
0	103
0	7
48	102
25	1261
8	18
7	18
0	1158
12	195
0	7
0	328
5	159
27	668
0	668
2	1170
183	1170
1	34
37	2563
12	3565
24	763
5	2285
0	1799
270	8
771	2744
0	2686
6	1271
0	1054
11	24
7	5
0	598
0	128
0	497
0	379
1	305
0	30
0	497
0	386
0	542
104	542
4	3215
4	1070
9	568
1	117
0	102
9	440
1	1
0	3215
0	0
656	14932
1	13042
12	7909
4	10941
0	8918
0	0
570	0
2	0
0	0
0	0
1	0
0	32
15	824
13	878
1115	874
0	673
7	51
10	70
12	96
1	673
0	14
0	9
0	14
0	13
0	13
0	13
5	9
0	0
72	209
0	209
0	26
0	26
0	512
147	56
18	57
6	47
1	0
911	0
1	0
0	0
0	0
0	0
362	89
272	133
37	101
0	0
8	32
3423	449
4	25
0	217
0	204
566	1573
1	463
0	29
0	1539
12698	271
15	262
0	60
0	25
0	4
1	57
0	27
1	0
0	213
0	211
11	123
55	206
46	160
0	213
0	8
5	23
1	23
0	8
0	8
77	3011
130	4525
17	4976
733	4740
2	324
643	2706
26	231
95	499
15	59
4	120
11	143
0	10
9	126
1	354
1	66
27	265
7	147
0	97
84	51
195	896
23	862
6	317
35	358
2	23
19	257
8	90
4	50
400	202
0	5
0	197
0	0
1	0
442	1959
13	1959
0	296
1	24
0	1500
5	1888
0	2250
85	2250
3	1088
43	888
0	0
5	0
2	40
1	365
0	2193
0	0
0	0
0	0
0	5
0	3
0	4
0	2
2	2
0	2
0	0
0	1313
9	22
12	904
1	701
3	607
0	937
1	56
1	1
0	11
3	487
4	28
2	67
0	60
0	31
0	1
0	1313
0	907
0	907
134	552
0	422
4	10
0	58
0	136
0	396
0	252
0	300
0	301
75	32
1	3
0	60
1	1
33	35
0	16
0	19
0	15
0	20
0	4
0	1
0	3
0	18
0	2
0	0
14	302
0	302
0	279
0	279
0	340
1	37
0	6
0	2
0	0
0	340
3	0
4	22
2	22
0	7
0	16
9	422
1	476
0	609
32	720
4	108
0	39
0	335
1	658
154	711
0	83
1	332
8	59
37	1
4	482
0	106
4	17
0	0
229	354
0	354
0	58
1	7
0	0
0	0
0	18
0	18
1	4
0	18
0	1
0	20
23	52
1	34
1	51
125	5
0	0
0	0
0	5
0	0
414	896
0	32
120	894
802	1540
28	6
0	1538
201	255
11	25
8	163
0	141
26	79
28	0
103	953
0	1128
3	845
0	780
0	837
0	881
0	753
0	407
5	2
0	650
0	121
7	1
3	345
2	20
0	306
0	0
1	2
0	4
5	75
4	76
11	74
1	7
329	421
5	3
0	106
3	1
407	141
1	69
8	60
2	104
196	195
0	4
0	4
0	28
3	0
6	133
2	0
135	190
0	24
0	50
2	4
2	7
0	9
0	120
9	121
0	84
0	5
25	0
45	10
0	10
9	91
0	91
14	7
4	0
4	0
0	79
82	46
7	22
3	46
2	24
1	2
1	0
0	0
3	241
0	299
0	212
0	254
3	15
0	175
0	13
4	177
0	126
0	8
0	15
0	75
0	0
0	0
0	0
108	320
0	320
0	34
0	5
0	2
0	1
0	1
1514	931
0	308
8	231
0	9
17	0
2	100
6	135
0	441
3	237
0	275
1	0
0	99
1	86
0	104
0	38
15	104
2	2
0	81
1	73
13	96
6	145
2	16
0	68
16	11
0	61
45	313
3	26
0	33
15	293
51	37
0	20
0	289
0	293
1500	594
2	470
21	435
1	0
2	73
2	3
0	12
111	293
1	209
31	211
0	211
31452	2853
19	487
25	2330
196	0
8856	1224
6	1220
6	28
0	14
0	37
189	0
6	41
0	3
0	2
0	2
0	4
0	4
0	7
0	3
0	7
7	0
2	6
0	41
317	63
9	77
1	70
0	0
105	821
0	823
3	666
8	657
1	568
8	63
0	255
0	70
3	34
0	24
1	0
1	5
0	5
668	711
10	445
6	39
0	688
0	53
45	1299
124	1299
0	6
0	20
0	20
2	20
3	5
1	0
2	0
8	556
5	10
2	11
28	555
4	567
102	408
3	14
110	116
5	354
3	0
1	93
0	37
7	139
2	965
1	570
19	872
0	935
11	611
0	550
44	5
0	33
50	4
1	286
24	69
137	1
0	86
0	7
0	6
4	101
0	920
0	1
0	1
0	1
6221	621
8	349
3	302
0	122
5	199
58	214
0	39
2	98
0	182
1	73
0	119
0	114
0	101
0	0
22	0
1	187
0	84
0	183
0	181
0	167
0	174
4	8
0	1
0	0
0	3
0	1
0	0
0	2
0	0
0	0
551	759
26	766
34	521
1	0
513	727
1	706
2	304
0	187
1	105
0	146
0	0
0	2
0	2
23	9
534	2040
2715	2038
32	245
6	460
715	461
4	129
0	11
117	131
18	6888
8	6797
7	6812
1	76
18	90
1	344
1	1
0	0
0	357
9	308
23	129
2	10
4	32
11	0
1158	0
9	388
0	174
0	386
212	464
0	457
0	306
4	0
1	61
28	34
9	8
192	317
0	317
17	166
0	0
0	0
1	899
0	966
8	963
0	804
0	69
9	128
0	50
1	68
0	56
1	1
1	8
0	0
0	70
315	55
0	0
3	55
0	30
285	506
7	476
0	41
0	37
0	10
1	63
1	269
2	1
0	0
1	1
0	1
0	0
0	0
23	7783
0	7949
18	7042
0	7806
0	6675
0	8147
8	6873
1	1496
3	2554
0	1014
4	1386
0	731
9	6
2	14
0	419
0	2185
1	1137
21	1310
0	2097
0	480
5	1785
6	715
0	641
0	246
0	1276
5	194
1	25
0	711
1	207
4	622
7	707
69	301
36	275
3	2
12	1
6	978
5	950
64	871
64	152
0	67
64	1165
0	102
1	2
0	0
0	8
550	670
6	76
1	43
0	90
55	58
2184	76
9	76
2140	359
0	359
1	0
2	775
6	523
5	335
0	412
6	138
0	345
0	133
0	647
1	25
5	50
0	672
87	1461
0	77
3	943
29	1445
0	2
0	2
0	0
0	2
0	1
0	1
0	0
0	12
169	108
1	96
45	24
10	6
80	21
1	186
10	163
2	170
2	172
0	28
6	175
0	5
135	0
0	3
0	3
0	3
0	3
0	3
0	3
0	3
0	3
0	3
0	3
0	3
0	3
0	3
0	3
0	3
0	3
0	3
0	1
0	2
0	0
123	82
0	29
0	7
0	51
521	863
2	682
6	23
2	14
0	1
0	3
3	8
0	6
11	180
4	134
1	1
8	133
0	665
2	855
651	1954
50	1307
12	144
0	18
0	0
0	0
1	67
7	81
4	137
0	117
15	67
2	124
6	0
6	16
0	2
0	2
0	0
0	0
0	0
68	3
0	0
2	3
0	1
1214	1
0	0
947	910
0	341
26	666
0	6
0	0
4	0
0	0
0	0
0	0
0	0
0	0
0	24
324	26
725	184
0	119
0	40
0	6
0	45
0	43
8	26
0	0
0	17
631	31
2	30
93	80
0	584
0	19
1519	885
0	603
0	850
87	989
11	311
0	488
26	0
88	0
3	181
36	194
0	193
5	181
4	32
0	132
0	0
620	302
1	300
0	1
188	2
0	0
37	2
2	1193
0	25
0	1341
0	1710
3	2
28	1928
0	1411
0	1
0	137
0	839
0	790
0	187
4	116
7	127
6	154
1	83
0	5
0	5
1	1
1	1
0	1
0	0
0	0
0	0
3	0
1	0
0	0
1	0
119	327
4	327
74	23
3	15
4	15
3	4
0	0
0	23
0	23
0	12
0	24
0	23
1	25
2	23
0	0
0	14
2	23
0	1
0	12
0	15
0	14
0	13
0	13
0	13
0	14
0	15
0	16
0	9
0	0
0	13
1	23
0	23
0	23
0	23
7	735
48	44
0	0
70	608
2	15
78	754
1	27
0	628
5	363
0	250
15	38
2	125
17	553
103	569
2	48
4	45
4	0
0	1
0	0
3	1354
0	645
33	440
0	778
0	31
31	775
1	17
2	599
0	63
0	0
0	0
0	0
0	0
191	1126
0	594
6	381
9	582
0	86
0	17
145	691
0	255
4	0
2	692
0	0
0	0
0	0
0	0
0	0
172	0
0	202
0	4
1	0
0	0
1	4
0	203
0	0
98	47
3	10
4	43
0	0
0	0
303	2704
0	691
21	2502
1	2415
40	1159
14	2341
83	1989
64	1680
1	415
22	257
8	249
15	678
60	61
326	0
18	380
58	13
6	16
1304	340
4	234
0	27
3	105
15	0
74	188
0	188
1	0
606	76
0	6
2	71
10	7
367	6
0	2
1	2
10	2
0	0
1718	278
0	0
10	131
5	58
5	24
272	0
7	3
0	2
0	1
2114	228
2	13
1	130
2	152
0	137
30	43
3	110
73	0
17	13
4	28
175	245
2	0
6	0
0	0
0	8
5	178
0	57
40	0
0	4
0	4
34	742
40	728
0	339
8	367
0	573
574	75
0	74
181	2392
6	957
2	2268
7	1804
2	1894
0	344
4	12
0	158
0	85
0	260
0	419
13	449
2	311
14	218
0	0
0	0
0	2
2	0
17	0
0	0
0	0
1	0
0	0
1	2229
0	104
24	1073
0	0
0	7
15	11
1404	3428
0	301
0	1707
11	3924
2	3135
9	1576
8	3110
0	3828
12	3776
0	214
0	213
4	1
0	3216
0	3971
0	2089
1	1187
5	102
3	2
34	114
12	1858
0	3355
19	3238
0	35
1	30
0	391
0	3298
0	264
36	11
0	11
1	9
0	0
0	0
0	0
0	0
5	0
3	751
1393	1210
4	358
0	735
538	478
17	480
1	68
8	34
0	2
0	1
0	0
0	0
0	0
0	0
0	0
1421	2818
6	152
3	112
4	421
3	83
0	920
22	244
7	279
19	1223
0	692
1	8673
95	853
0	5571
42	6130
0	6022
12	8233
0	160
0	182
3	226
0	291
2	1185
0	877
1	319
6	202
13	6332
4	2187
0	755
0	7421
34	151
0	151
2	88
5	88
92	2250
621	2433
12	2221
132	2007
0	269
0	335
0	475
4	313
0	0
39	3569
125	597
0	554
32	3200
0	0
794	1
1	0
0	0
0	0
2	137
1	95
369	402
15	392
0	70
1	70
203	162
6	162
27	69
194	9
6	9
0	0
0	0
0	9
0	9
0	43
3	1
0	1
1	1
0	43
8	1409
57	1399
0	1402
0	75
1	35
0	14
0	1351
0	987
27	192
2	140
0	183
23	264
2	64
2	102
8	6
7	18
2	90
1	78
0	47
0	3
15	0
0	191
0	82
7	432
55	425
116	340
0	364
3	86
3	265
2	266
364	1014
0	758
35	358
0	267
0	182
4	149
254	111
0	44
1	67
0	32
1	325
53	292
0	366
63	99
0	99
0	49
6	0
1	2491
98	161
5	129
185	226
3	30
0	66
1	22
1	148
0	91
0	91
9	95
16	88
0	58
2	8
0	3
0	0
2	0
0	0
0	0
0	0
1	351
21	356
8	287
3	9
29	11
1	9
6	268
0	295
25	182
0	15
1	948
0	23
0	21
11	964
1	17
28	548
1	854
1	1
251	384
4	0
0	142
0	165
0	16
0	17
0	1467
78	1538
2	338
2	155
0	1460
0	0
1027	323
1	45
0	64
1	1
0	213
924	1613
1039	416
4	409
0	1553
0	144
0	1553
21	0
0	4481
238	3823
29	1
13	2045
4	1052
13	55
0	4481
714	613
0	599
0	150
8	62
1	110
1	7
14	12
2	0
6	2
0	0
3100	43
85	39
0	0
23	2
0	0
0	2
0	0
100	5
57	78
24	393
5	2
1	2
1	78
4	2
21	4
0	6
7	533
325	1307
19	14
4	775
0	0
0	0
96	1322
4	1305
0	23
0	17
0	18
1	1
312	1362
0	763
26	486
0	715
0	634
20	1
78	726
25	650
5	331
0	350
14	432
0	7
36	11694
205	12971
3	1582
0	7
0	2125
0	1598
0	1340
26	375
14	3584
18	1
16	1326
0	161
1	418
6	325
28	47
0	73
0	40
2	253
1	0
1109	0
2	493
2	400
0	217
0	9
0	35
0	145
5	156
3	158
0	185
0	5
3	44
1	0
0	6
0	6
0	6
0	1
0	1
0	5
0	0
0	0
0	0
0	0
266	78
1625	2049
0	27
1001	70
0	8
82	10
0	0
8	473
20	1394
0	8
0	3
8	34
69	4
3	297
0	23
31	2
1	252
42	0
0	0
0	0
0	0
0	0
0	0
2813	626
0	241
13	35
4	241
81	159
0	40
70	13
12	22
0	3
0	22
0	14
0	1
0	0
0	0
5	1082
7	995
23	0
0	807
43	90
6	4
13	107
3	98
10	82
0	1
0	0
0	0
0	0
0	0
176	23
0	23
9	259
0	259
11	78
0	78
1	79
0	53
2	42
0	38
59	13
3	12
0	249
249	258
0	18
3	15
0	202
0	97
4	85
4	0
0	203
14	0
0	0
0	0
0	125
26	172
1	12
0	188
7	166
2	244
0	3
1	588
0	227
6	27
4	401
0	78
0	53
0	34
0	93
8	128
0	9
0	424
0	119
1	40
0	138
4	1
0	545
0	234
0	172
0	137
0	121
0	64
0	3
0	104
0	31
0	97
0	19
0	109
0	233
3	23
0	0
0	288
30	49
0	5
0	49
1082	2408
8	176
11	2235
167	19
13	8
255	2321
0	1590
0	2008
0	78
22	1852
23	2
1	378
0	95
19	146
4	10
0	0
1	532
4	0
0	0
1	0
0	0
1664	741
7	4
11	72
0	741
0	7
2	6
3	22
6	97
1293	371
0	314
0	210
159	525
6	279
0	399
3	11
110	37
0	0
0	36
24	22
2	0
120	228
164	2127
0	1905
2	9
0	257
31	1
10	343
12	0
14	198
1	123
1	9
0	142
12	0
15	45
0	22
1	39
0	5
1	54
0	4
0	51
27	49
4	1
181	704
0	124
36	476
16	348
4	52
0	84
0	3
365	666
0	609
1	543
10	501
5	146
1	299
0	287
0	287
0	0
0	0
46	412
0	412
122	427
85	427
3	6
0	3
0	3
0	3
0	0
6	28
0	4
0	27
0	0
0	28
179	1265
853	1490
39	362
21	872
12	514
1	63
5	120
898	614
1	524
0	199
0	36
45	82
8	14
0	620
2283	1525
1	750
7	200
1	0
80	1385
0	5866
0	3435
167	5805
261	5684
176	5296
3	272
49	3111
0	3140
6	3268
0	117
26	16
147	2436
15	11
0	604
0	138
5	1050
0	823
4	3231
0	0
0	0
0	0
0	0
0	0
0	0
0	0
0	0
0	0
0	2
2	0
1	2
899	72
11	65
0	11
0	0
0	0
0	0
2714	2
0	0
0	0
143	0
5	0
214	16
3	19
2	6
0	0
0	0
0	0
4	192
478	24
24	24
711	56
0	54
40	0
0	0
0	0
0	0
0	0
0	0
3304	4
0	0
2	0
0	0
0	3
0	3
859	380
15	384
1	5
99	178
4	9
2	89
25	6
9	0
4	22
2	70
0	0
0	0
0	0
0	0
0	0
4	29
0	1
1	14
0	4
0	29
0	29
1238	299
1	0
1	181
15	77
0	6
3	34
11	634
11	624
0	1
0	5
0	10
247	181
4	75
0	106
24	491
1398	578
2	137
10	40
11	87
2	1
184	1242
40	974
2	969
0	563
0	258
6	1
0	10
0	245
4	78
0	193
0	36
7	17
23	629
0	494
0	430
50	302
0	185
0	66
1	353
2	654
1	556
0	658
0	477
22	833
5	575
114	329
2	30
11	250
22	7
0	684
1	4
9	4
0	144
11	144
13	64
0	64
0	72
1	11
7	7
0	12
0	0
0	0
2	0
0	5259
0	389
0	270
1	1968
12	5414
0	18
42	18
2	0
26	673
3	577
16	369
0	258
4	49
13	17
0	2
0	78
0	17
0	55
3	67
1	32
56	269
8	136
14	10
12	388
0	0
0	0
0	0
0	0
17	13
0	13
0	0
0	6
0	0
0	0
0	0
0	1965
76	1938
72	1708
1	1273
24	1224
0	0
2	32
216	310
1	3
0	115
61	278
0	3
0	8
11	9
74	66
0	66
0	0
6	0
586	3982
7	3292
0	0
0	1677
0	617
0	93
0	299
0	1207
8	14
0	0
0	0
0	0
0	0
0	0
1	143
12	143
0	44
119	1368
3	1367
0	307
3	264
1	677
0	472
103	1922
27	2036
35	1825
15	162
23	430
0	1918
0	6
1	2
10	191
16	1919
0	1929
35	287
0	287
14	57
0	1
0	1
2	0
0	0
0	0
0	0
0	0
0	0
0	0
0	0
528	1
0	0
2	962
2	119
1	77
23	842
74	842
0	0
27	0
14	593
0	496
3	605
0	0
14	465
41	551
0	152
4	6
674	0
2	138
25	138
0	0
147	4241
0	0
0	305
3	5
0	962
0	0
0	0
0	0
0	0
0	0
2	0
0	0
0	0
0	0
0	0
7039	6
5725	1220
12	1188
1	38
0	0
0	0
0	0
0	1322
4	1297
2	1235
8	70
6	0
0	127
0	34
0	41
15	6
0	0
10	0
37	2
0	2
1	0
0	0
0	0
0	0
0	0
0	0
1683	215
12	214
1	744
9	826
0	1063
1	527
0	0
0	1
2	46
1	433
0	0
1	45
0	36
0	37
34	46
2	1019
6	773
1	1027
1	814
0	48
4	354
0	32
0	2
8	94
12	2300
5	0
6	290
6	58
2	10
2	40
2	61
1	118
0	69
4	1
6	0
0	2265
4	7
1	7
4809	2483
31	122
165	1414
2	1960
6	1219
1	102
0	0
0	0
97	0
12	52
5	52
0	271
0	921
19	921
150	1404
49	1039
0	2753
3	2734
3	63
9	6
7	119
131	1637
347	558
0	557
136	1345
0	1340
0	3
0	3
0	153
0	139
1	0
5	0
0	0
158	1953
0	1953
42	143
48	173
0	0
16	71
3	70
0	1
9	2000
70	2000
33	262
0	0
1	50
112	0
0	0
0	1
0	1
0	1
0	0
0	0
0	1
0	0
586	1
0	1
2180	263
3	261
2	3
125	549
6	896
66	1856
2	1845
1	53
0	163
16	71
2	50
0	38
0	1840
0	1852
135	0
0	0
56	1550
47	1538
5	1
307	1635
4	1568
15	85
0	1547
13	1321
10	1333
0	1129
0	1116
0	46
5	5
0	75
4	108
1	51
17	921
33	921
7	1612
0	1886
75	201
6	5
93	248
67	248
0	21
1	0
0	0
0	0
12	351
5	382
2	77
6	83
0	122
0	101
0	107
8	28
3	6
10	4
0	3
2	7
1	27
2	22
0	0
7	15
0	12
0	396
0	415
3	0
8	3
0	244
0	369
0	424
34	107
1	46
3	62
8	36
1	12
0	5
1	29
0	22
0	28
1	12
0	24
4	22
0	0
0	15
8	25
6	8
4	19
0	12
1	1
0	27
0	3
0	6
6	123
3	349
11	183
4	93
2	174
136	487
756	920
0	919
31	1039
2	1388
10	29
5	3511
3	892
15	1183
3	2324
0	2459
0	344
4	915
156	269
14	269
0	0
0	0
1008	459
18	432
19	429
8	0
0	1
0	1
2	0
0	0
0	0
0	0
0	0
0	0
0	0
4	81
6	111
0	23
2	35
0	12
1	0
0	1
0	2864
36	3155
0	2917
7	40
0	246
0	2951
1	152
0	2895
0	3108
1	27
0	2521
104	1962
2	88
174	0
41	5
7	0
0	0
0	0
0	0
16	55
1	55
1	2
0	10
2	960
1	974
0	223
0	498
0	108
0	152
4	803
34	854
9	79
0	0
7282	637
2	628
0	0
0	0
1	5
1	5
1	0
0	0
351	10
0	4
4	0
0	1
0	2
0	3
21	1191
182	1372
0	224
0	208
1	38
0	30
0	9
0	101
0	91
0	10
1	0
0	91
0	101
0	92
35	92
8	30
3	30
0	58
1	43
146	81
0	1
0	4
0	0
8	788
8	787
1056	790
4	200
0	0
0	0
1197	0
25	168
6	0
0	170
12	0
9	0
3	159
0	0
79	0
0	0
3	979
12	905
7	897
26	864
0	89
0	42
3	0
0	22
0	701
0	169
27	305
0	30
0	21
0	136
0	3
389	79
0	79
0	0
511	727
0	469
1	63
0	179
13	325
0	519
0	344
1	4
1	507
0	454
0	147
0	338
0	318
0	315
0	324
9	440
0	279
1	190
0	310
0	227
1	124
131	4
0	4
8	0
205	720
108	767
2	520
4	2
2	767
2	108
193	579
14	579
3	41
4	89
0	18
158	56
0	0
0	0
0	12
0	10
0	16
7	35
5	34
3	5
34	28
1	22
0	7
33	48
0	12
0	0
4634	3846
2	146
4	0
14	4
0	204
0	0
3	0
3	0
14	200
94	220
12	44
8	15
18	680
0	38
69	611
0	87
0	168
0	144
2	2
8	105
0	0
5	0
72	3
6	6
2	3
16	3
1	22
0	2
0	2
9	17
4	0
0	2
1	0
0	0
1	0
5	0
0	4
0	23
13	15
0	38
0	35
0	33
0	22
5	18
0	33
0	15
37	40
0	21
0	10
0	7
0	0
0	0
484	110
6	45
8	65
0	0
15	14
9	14
6	371
122	458
3	94
2	33
0	33
0	2
2	4
0	0
0	27
0	27
0	27
2	25
0	35
0	30
1	25
0	25
0	7
0	83
0	73
1	67
0	45
0	22
0	87
0	87
0	82
5	53
11	6
38	53
0	23
694	560
0	26
2	551
4	227
24	227
0	0
0	0
0	0
2	204
1	430
0	494
11	76
178	571
0	495
0	88
3	5
0	1807
0	1804
13	17
0	1
0	0
3	303
1	270
31	67
0	0
12	201
4	131
10	99
0	26
0	46
718	0
0	0
0	0
3	0
22	0
10	334
5	346
0	24
0	0
1	0
32	130
1	125
0	100
0	89
3	1593
169	1593
48	398
19	398
5	17
1	18
9	120
0	0
0	0
0	0
0	0
1	0
0	18
5	187
23	108
1	107
0	40
0	54
0	81
0	0
0	0
42	0
367	16
0	16
5	303
10	321
2	23
0	7
0	23
2	3
1	282
20	313
39	248
35	841
38	841
28	319
0	135
0	350
10	194
33	200
3	185
90	71
0	11
0	1
0	185
124	46
0	45
0	33
0	16
0	15
0	13
0	4
0	0
1	4
100	716
4	1186
16	1183
4	811
35	1217
0	496
8	96
15	27
3	6
0	128
0	160
3	348
2	157
0	2
72	172
0	62
11	24
2	102
0	86
12	0
0	0
20881	11399
0	5118
1	5162
1	1098
3	6
8	46
22	22
0	25
0	7
0	5
0	0
0	5
0	0
0	5
0	0
1054	520
0	519
8	22
0	35
1	148
0	579
17	556
0	142
1	97
0	576
2	0
12037	9
0	1498
15	3019
0	3193
0	50
0	2408
0	2431
0	231
3	177
0	0
20	1
0	2462
10	215
159	423
1	26
4	466
75	1160
12	1160
5	17
0	0
534	30
0	25
0	5
0	0
1415	349
13	348
535	100
6	47
2	32
34	11
14	8
11	929
91	930
0	931
0	130
0	0
1	3
3	0
1	28
3	28
77	17
0	17
0	0
0	0
235	1329
66	1489
773	1879
0	12
0	132
8	598
1	280
13	190
1005	2
0	2
12	420
10	15
0	6
1	1
6	25
0	0
0	0
0	0
0	0
0	420
2	2759
75	2394
333	2403
879	2489
60	1718
0	2759
248	85
7	85
2	1819
317	2066
4	260
0	1452
2	663
5	395
1	848
82	2458
12	2295
13	2147
23	803
7	2123
0	19
38	80
2	242
2	1435
4	61
0	92
2	110
23	0
760	64
0	49
0	14
2	3
4	260
1530	899
6	393
0	809
6	151
3	85
1	151
0	0
0	6
0	5
3	184
0	10
0	182
0	0
42	64
0	64
1	44
0	44
0	44
1	17
0	0
71	277
0	24
36	3149
16	3149
0	109
5	49
7	20
3	658
5	6
3	215
0	117
6	82
0	24
551	25
0	0
1	8
0	2
208	38
0	38
0	0
0	0
0	0
5	11
0	11
0	0
66	0
0	0
681	1
0	0
0	6
0	6
0	6
0	126
10	126
0	2
1	2
0	48
0	0
1	10
0	48
0	48
4	1
0	0
301	0
241	144
0	2
20	142
0	0
0	0
0	0
267	42
6	40
23	1
15	5
35	48
3	121
0	102
0	61
0	6
0	0
0	59
4	161
7	178
73	492
4	296
3	260
2	250
0	74
0	0
0	0
46	194
10	194
1	13
889	1
0	1
1259	858
0	854
2	5
7	123
0	0
1	6
0	5
0	0
0	1
130	0
0	0
0	2
462	0
309	5
1	5
0	3529
16	4666
12	4704
1	4619
9	3950
0	3776
18	671
42	374
2	158
122	134
19	132
19	1514
2	376
11	42
0	4762
473	152
7	113
0	104
0	60
0	16
0	16
13	223
0	106
5	111
0	30
0	20
2	52
0	22
0	0
0	23
0	0
5	263
0	264
1	247
0	0
1	1
0	264
0	0
0	8
2422	244
0	238
11	1
3	4
0	4
246	1832
4	1982
9	64
0	1648
1	1749
4	0
0	39
27	905
5	97
0	33
10	51
0	50
2	0
0	0
0	0
7	0
3	124
1355	142
11	13
0	0
0	0
1143	314
3	15
0	300
0	0
1	0
35	485
28	1671
785	1838
198	1185
0	223
7	2
1	141
110	5
0	0
329	17
1	17
6	1
0	1
0	0
0	0
0	45
570	119
4	105
64	33
0	19
8	30
0	0
0	0
0	0
2	230
0	37
0	35
0	6
0	0
0	226
361	0
0	0
0	0
0	0
0	0
0	0
2904	8629
49	8605
0	417
9	159
8	267
2	210
6	156
1	106
7	894
0	516
1	807
1	388
13	41
5	11
9	7
0	7
0	0
0	1
0	1
0	1
0	252
2	43
2	66
2	126
1	2
1	252
1	1097
0	1077
1	429
2	495
7	4
32	152
3	68
0	532
143	53
1	17
5	36
0	13
0	0
0	0
0	0
4551	5875
194	1366
85	4389
1	1
0	0
0	3729
12	978
5	402
1	336
3	285
49	271
0	23
0	29
0	29
519	89
87	1
8	1
2	87
0	1640
0	1637
566	9089
9	4446
0	8630
369	3451
36	837
0	141
1	24
6	105
1	690
0	9036
1	568
0	463
0	92
3	353
0	209
0	371
0	396
1	1
120	34
0	26
1	8
681	2
0	0
2	106
404	392
2	391
0	0
0	0
9	0
1	47
1	50
546	213
4	166
0	26
4	137
0	146
0	47
2	49
0	81
5	0
18	19
4	34
0	0
0	0
307	33
1	5
22	33
0	0
241	1304
4	1304
15	504
6	593
0	552
2	1286
0	0
0	42
0	0
26	1
0	1
2	0
1	0
155	638
310	631
54	546
0	8
0	73
0	6
1	37
0	6
576	1107
1	274
0	333
14	294
29	115
19	389
5	3
0	0
0	24
1	0
0	27
0	0
0	0
0	613
11	784
0	633
32	2
140	558
0	2494
43	2523
0	300
0	460
60	283
7	337
3	301
0	11
19	1
0	164
5308	14196
12	5702
17	4557
0	13823
12	53
1	14
177	1937
9	492
0	16
0	836
25	747
1	1169
3	1977
36	0
2	18
3	958
1	1037
0	46
0	124
0	2
1	7
0	23
50	28
2	133
0	0
0	1214
28	0
1	0
47	48
147	197
0	52
41	0
68	0
0	0
19	216
0	3
0	288
8	3
2	3
1	1
0	78
0	0
0	282
25	828
93	1134
200	1218
0	1365
37	392
2	41
0	1
46	802
2	620
1	786
0	5
76	1102
1	1102
16	911
2326	0
0	97
0	97
0	43
0	1
0	0
1	2
0	0
0	0
0	91
0	0
0	0
0	0
0	0
0	0
0	0
30	6269
2	6163
0	2044
2	459
0	0
1	353
352	350
8	35
11	353
750	677
0	141
8	11
2	11
290	496
1	187
0	427
0	0
0	49
32	42
5074	1128
3	220
0	77
0	83
0	76
0	0
0	1127
0	0
0	0
0	0
0	0
0	0
0	0
0	0
0	0
0	0
0	0
0	0
0	0
0	0
0	0
0	0
0	0
0	0
0	0
0	0
0	4
0	0
3	0
3	75
1	75
0	0
0	122
2	90
1	331
33	332
16	273
2	23
0	66
0	81
2	161
1	144
13	117
4	112
0	112
0	112
0	0
0	0
0	0
0	536
0	228
3	38
22	10
0	0
0	536
10	98
1	98
2	2529
243	3144
0	1873
0	1675
27	220
0	716
0	898
0	1481
1	7
0	622
19	1108
272	3
319	2798
8	648
350	648
17	78
0	1
0	365
9	7
11	2
59	1112
1811	1112
7	0
33	0
157	472
0	41
0	54
0	10
2	3
0	4
0	18
0	1
0	12
0	2
0	9
0	11
13	129
0	12
1	2
28	172
5	38
562	1286
9	586
10	1234
2	19
0	48
3	253
0	0
2	348
0	75
1	45
0	6
3	8
7	10
0	3
0	4
0	4
24	0
7	107
1	107
0	105
0	372
120	73
916	840
7	840
0	1427
0	1311
4	3
63	256
0	140
7	38
1	64
53	396
0	395
4	83
1	0
0	249
7	19
5	7
8	4
26	1
1	766
2	852
21	350
4	1
4	441
0	738
4	85
329	269
0	269
1	0
0	0
0	0
27	71
52	572
3	61
1	577
1	27
4	24
0	4
0	29
6	29
4	29
0	1
0	1
1	2
0	1
2	1
0	0
0	0
1	187
0	184
1	22
0	40
0	42
0	31
0	11
0	5
7	1
2	9
3	3
0	3
0	2
0	0
1	0
1021	9
19	6
0	3
22	1
278	1762
4	1476
226	1733
0	0
0	0
0	0
0	0
664	157
1	156
0	1
11	0
3583	2
0	2143
90	1335
12	4
20	0
0	2396
58	0
15	7304
3	6181
0	6786
0	5642
3	7172
22	2093
2	683
0	711
0	1274
26	748
0	101
0	6049
8	0
0	91
0	83
0	60
0	76
0	81
0	21
0	5
0	7
0	1
0	0
0	0
0	83
0	1
0	1
0	0
1236	214
6	213
7	1
0	0
1	309
0	0
0	0
0	0
0	0
33	53
2	0
0	53
1	85
1	9
3	85
0	1675
0	154
0	73
0	7
0	65
0	17
50	3
0	1724
6	1235
2	1280
0	62
0	0
5	1100
0	62
6	39
13	545
15	163
1	48
0	0
0	0
0	0
111	397
0	336
1	36
7	7
3	5
0	89
2	251
0	0
1	92
0	22
2426	7
6222	6
9	64
0	64
0	6
437	0
503	335
0	122
10	81
0	121
2	65
0	116
0	3
11	3
21	4
1	4
4	23
0	0
13	59
224	129
0	5
0	57
0	107
0	9
0	0
0	0
6	11
0	8
0	7
0	1
0	0
1756	1
719	317
2	265
0	52
0	0
0	8
0	7
0	8
39	319
0	150
2	239
4	0
7	43
10	0
0	2
0	41
0	1770
0	2325
0	2341
7	2131
60	2108
117	36
146	159
0	89
0	192
12	0
0	10
2	75
0	0
1036	919
66	506
10	157
7	1
27	92
0	136
3	104
0	89
0	19
3	0
0	0
0	0
0	0
0	0
30	315
51	416
121	423
1	88
0	105
7	80
7	6
0	0
2	276
1	0
0	61
0	247
1	183
14	196
0	26
0	146
9	41
277	200
1	198
0	118
0	70
5	6
0	5
2	5
0	0
0	2
0	2
0	0
0	0
0	0
185	0
0	11
0	10
2	0
2	3
0	0
26	685
0	532
0	351
2	1
15	15
1	28
0	31
22	10
0	42
4	62
98	62
680	1158
29	1158
0	57
0	0
7	0
0	0
0	0
1	0
2	0
1673	383
24	381
1	22
0	1703
0	1716
0	1659
0	1516
0	622
0	80
0	675
0	0
0	1633
1	30
38	30
0	26
0	0
0	7
0	0
6	0
1	16
34	34
0	106
15	28
0	16
2	55
4	0
5	34
53	110
0	82
105	1
1	0
21	482
532	488
0	130
17	21
1	4
4	292
2	266
75	66
41	1294
157	1299
8	1214
61	619
0	168
0	531
3	2
3	1
1	375
5	0
0	185
3	34
3	142
42	6
5	125
0	967
2	922
0	788
62	429
6	168
0	113
11	42
23	13
6	12
4	759
0	2807
41	2723
23	2541
1	2792
48	915
20	1075
35	855
48	319
27	973
0	747
3	254
1	58
0	170
0	2
1	180
1	111
1	3
121	245
6	65
4	192
0	420
24	423
0	420
1	80
1	3
1	420
28	62
1	160
4	1
0	92
0	0
0	0
40	51
0	51
0	3
1	6
38	51
2	589
11	526
1	1
14	362
0	617
5	556
0	343
0	264
5	0
0	64
0	2
0	41
0	0
15	0
2	16
0	16
156	0
94	0
0	0
2	15
0	1
0	0
0	14
0	15
1	3
0	3
0	8
0	8
0	8
0	0
0	0
0	0
0	0
0	0
0	7
0	7
0	7
78	2467
23	2328
40	2149
0	2506
0	63
17	1
0	185
0	184
4	186
1	0
1	0
0	0
11	626
0	42
374	748
0	401
0	401
0	161
2	249
12	33
0	748
0	0
0	0
0	0
0	0
4	5
10	81
3	978
2	1383
112	1207
0	2
1	266
2	58
1	1476
8	605
108	602
52	352
2	301
0	42
3	3
0	4
2	0
6	0
31	181
9	163
2	15
0	8
4	6
2	5
1	18
14	0
5	0
107	293
2	291
4	233
4	279
2	18
0	0
0	0
2	0
0	0
9	389
61	391
0	356
8	0
32	356
6	0
61	0
0	0
0	35
0	0
0	0
0	1
1	1
0	1
0	1
1	1
0	1
0	1
0	0
45	81
12	85
0	20
0	25
0	7
0	4
0	2
2	2
0	0
0	0
0	0
269	609
3	574
2	531
0	269
1	161
0	14
40	35
14	0
3	286
0	147
33	286
0	2
29	2
0	2
2	284
2042	286
10	10
0	0
3956	622
0	29
3	171
18	420
5	0
0	101
21	38
5	0
0	10
0	10
0	10
0	0
0	0
0	42
0	0
66	130
43	386
1	1
17	386
3	0
0	115
42	672
2238	643
137	265
0	254
0	82
22	0
96	387
3	247
3	2
58	256
0	211
0	0
29	290
53	70
0	267
2	219
674	0
0	1
586	178
2	21
1	174
0	1
0	0
0	0
0	15
0	0
6	426
2	87
0	13
0	426
0	2308
99	2312
0	24
4	42
5	2265
9	376
53	71
7	124
27	557
34	482
0	0
0	0
16	35
0	31
398	39
4	39
2	1477
44	1104
2	764
0	24
24	1440
0	347
180	1348
6	1338
0	7
0	190
0	95
1052	1
393	0
119	719
2	478
8	94
0	0
1	118
1	462
2848	1798
17	203
195	138
37	18
102	202
11	179
0	1725
0	0
0	0
449	0
169	93
5	10
1	0
0	83
48	259
7	237
0	19
9	2
0	79
12	721
4	686
0	58
14	289
4	15
0	0
270	3994
38	33
5	247
2	3670
21	61
6	128
186	3926
0	50
9	228
0	300
0	1710
0	105
10	0
54	326
38	1
35	423
0	313
0	516
14	413
235	213
0	405
0	0
0	296
0	161
4	1
0	1
0	338
0	356
2	174
0	0
98	56
21	30
0	0
2	34
9	126
2	0
0	11
1	0
0	126
0	0
0	0
0	0
0	681
15	566
2	85
27	95
0	127
0	88
0	1
48	902
0	1683
271	1685
0	11
76	306
2	199
0	111
3	1255
4	469
18	1144
23	3
9	1216
1	532
0	14
0	17
3	3314
5	3060
0	2941
0	2942
0	2941
44	2765
112	2959
1	2942
0	2947
1	2495
22	2717
40	2816
0	1830
8	261
7	969
14	529
0	499
0	458
0	297
1	103
0	79
1	25
19	30
0	0
107	45
170	61
0	16
0	37
0	34
16	5
0	2842
33	2755
13	2680
20	1555
3	1872
6	1993
2	69
0	19
409	28
1	646
90	555
0	653
16	38
0	603
0	25
18	568
0	38
3	34
0	42
15	2
1	8
0	138
0	685
4	122
0	689
3	141
4	105
0	141
0	775
0	1
0	1
94	236
0	0
3	37
12249	12616
0	0
121	23
5	23
7	2
2	80
41	279
1	0
8	279
1	15
7	155
4	18
0	137
162	140
1	139
73	69
3214	2
16	677
77	591
29	105
0	66
0	25
12	419
1	328
4	82
4	7
0	14
2	60
25	187
0	0
0	0
0	0
1	1960
0	559
0	2171
14	19
0	1860
0	445
35	1514
15	223
2	41
23	380
0	3
0	1
0	2
1	11868
6592	12881
2	1865
177	100
7	100
25	0
10	3
205	2
9	41
1	41
0	48
6	49
1	1
1	0
0	4
0	4
0	0
0	142
1	136
1	127
0	106
0	134
0	117
0	25
0	3
0	2
2	1107
0	833
202	1156
4	620
0	60
10	356
0	661
1	183
0	3
0	0
366	0
54	759
10	821
1	152
0	164
7	179
40	860
6	86
50	198
0	812
0	271
32	135
18	92
73	136
0	1
25	64
0	6
0	6
0	6
0	6
0	0
255	45
4	43
0	8
0	7
0	3
0	0
0	3
0	3
0	1
0	6
0	1
0	1
0	3
4	25
0	4
0	4
4	0
0	11
0	1
0	3
2	4
0	0
0	0
1	1
0	1
106	1255
2	1058
3	1082
5	9
205	126
22	2991
16	3218
156	3712
2	893
13	1379
2	171
3	1153
15	57
0	4
19	47
2	21
0	35
0	4
0	7
709	2298
12	2288
214	1837
0	4
8	32
0	35
0	27
0	6
1	0
416	537
5	537
1438	3166
0	1854
0	8
7	1841
0	1255
0	0
3	12
165	2735
28	385
31	403
0	5
0	0
0	0
49	136
1	136
0	90
7	647
0	95
60	1809
42	0
4	2514
0	2630
0	2564
2	103
3008	107
0	6
6	361
0	0
0	340
4	2
0	1521
0	1
2	2553
12	42
0	613
1	197
0	1
28	1918
10	2333
30	13
9	1763
1	2288
4	2152
198	499
0	343
40	39
2	439
0	508
1	204
67	3
0	1
0	1
0	1
2	18
15	127
10	52
0	20
1	104
0	12
0	16
0	12
0	12
0	14
9	10
27	84
4	84
1	85
11	110
6	44
8	106
1	28
3	19
1	184
4	182
0	138
1	9
1	10
0	7
5	3
0	3
0	12
0	0
0	3
0	3
0	1
3	68
0	0
1553	1275
2	1203
10	1100
0	25
0	1084
5	63
6	66
0	58
65	24
9	1
17	20
3	3
5	71
5	65
2	49
0	8
0	8
11	61
0	6
4	4
0	0
0	0
0	0
0	0
0	0
2244	2
7	1995
33	2133
4	42
177	1688
8	95
2	171
15	195
10	53
1	366
0	216
1	178
0	29
24	36
1	37
1	23
0	21
0	14
4	266
3	266
0	13
0	0
76	11561
2	1643
95	3464
109	3421
1	193
0	281
0	1776
0	17
0	94
0	0
808	901
0	833
0	675
1	17
11	3
0	111
444	149
1	3
0	3
0	132
1	16
3	22
1	1
0	2
0	5
1	127
0	130
0	188
3	6
2	144
2	0
63	188
145	3
1	3
10	3
349	93
2	76
1	0
0	0
3	55
133	51
0	0
1019	1583
12	1582
31	1331
67	711
548	711
0	238
23	14
3	0
4	12
8	1058
23	1048
4	632
4	79
0	10
0	32
0	30
1	28
2	0
0	0
0	0
0	0
0	6653
41	317
9	1401
0	6816
9	646
46	6
6	300
10	552
0	692
0	390
6	604
36	744
0	334
0	4
0	26
6	750
3	5
0	5
1	0
0	0
0	0
0	1
66	1598
0	1598
23	146
30	0
4	66
0	66
0	9
0	11
0	0
9	1025
33	1029
1	541
8	418
0	6
13	334
0	0
0	0
0	0
0	0
0	0
0	0
0	380
0	380
0	32
9	17
6	4
0	0
1116	1386
0	162
3	232
4	49
0	597
2	21
6	1132
0	95
2	69
0	2299
0	4147
0	1698
4	337
7	137
3	3471
0	368
0	284
82	987
21	933
0	584
1	44
0	415
0	0
0	0
0	0
14	6
2	6
93	704
3	756
643	1180
3	680
0	127
4	159
1	34
14	67
25	65
1	45
0	31
0	2
0	0
5	146
0	203
64	198
5	4
318	0
13916	1390
103	1395
28	146
57	353
7	87
12	14
8	14
0	0
57	3
8	8
0	0
187	3959
0	2917
6	621
0	1835
6	234
0	3366
0	0
43	840
0	156
1	1
0	39
0	841
14	33
186	33
0	0
0	0
524	0
7	1589
1	1068
2	116
0	83
2	25
0	115
4	434
0	354
0	21
13	243
0	249
2	46
0	0
0	23
0	1597
54	797
0	4
2	11
0	787
11	477
0	548
261	1036
0	967
6	485
1	438
0	144
2	153
4	236
0	36
1	171
1	19
4	35
0	32
1	1
1	6
1	0
28	27
0	90
1	114
7	24
5	0
129	3747
0	521
0	3748
1	11
3	10
0	11
323	1688
0	1393
0	903
9	0
35	0
6	0
4	642
0	0
0	0
220	440
8	438
0	354
1	78
0	18
0	1
7	1
0	81
2	67
0	38
0	30
3	1638
35	34
2	159
392	1929
0	204
0	1
0	0
53	199
16	9
238	205
1	0
0	0
132	501
154	284
0	410
0	54
2	3
0	0
0	1
0	5
0	0
0	0
0	0
8	1416
14	1411
10	1286
2	15
0	15
661	316
3	314
6641	89
42	86
461	98
1	61
2	73
0	1489
47	1827
23	303
2	107
0	1526
0	1548
0	7
0	11
0	1358
700	766
1	162
3	766
2	19
0	12
3	19
0	2
0	7
1	8
0	6
0	0
0	12
811	54
5	14
0	53
14	1129
1	4726
14	4725
164	4805
5	351
0	591
34	0
2	473
1	477
1	57
3	167
0	62
6	28
3	201
18	208
792	128
9	1
2	143
65	143
0	0
1	0
710	1
411	116
1	105
11	28
5	803
13	469
1	417
0	204
2	36
0	75
0	734
29	834
27	872
2	121
2	38
9	301
6	0
9	301
1	294
0	301
0	6
0	6
1	0
2	1
2	3
0	0
0	0
0	0
0	0
39	791
2	784
10	435
2	11
3	12
3	25
0	20
3224	1245
312	1224
1	162
23	177
8	102
725	186
1	35
0	29
0	24
6	163
246	395
2	308
5	5
0	4
4	2
4	0
0	0
0	0
0	0
0	0
0	0
0	0
0	0
0	0
6	50
0	37
2	20
1	42
20	857
21	886
64	863
26	168
7	4
3	1
14	0
211	28
2	28
0	2
0	2
234	0
671	1
0	518
35	411
0	126
9	241
4	86
11	74
41	64
31	304
4	252
5	166
71	1097
0	1041
7	329
11	24
4	60
0	50
0	44
13	55
0	3
4	2
0	2
0	3
0	3
290	176
2	161
1	52
16	137
4	42
0	2
0	0
9	675
9	760
0	708
0	100
5	257
0	16
0	42
0	790
0	760
112	1943
78	1972
10	140
29	1866
0	1926
0	1759
0	1779
0	1789
0	1865
0	1841
0	1843
0	1800
0	1878
0	1966
0	1779
0	1871
0	1768
0	1800
0	1846
0	1921
2	29
13	126
7	25
5	0
152	96
0	1943
474	1640
0	1586
2	1672
0	0
3	203
0	203
0	2
3	42
0	0
0	0
0	4
0	1
2	1
5	10
0	13
0	6
136	0
3	1223
0	35
0	125
0	1060
0	1149
9	129
0	42
2	116
5	68
2	16
625	643
27	334
1	311
1	242
0	133
0	44
131	98
0	98
10	8
18	240
0	119
0	200
0	18
19	95
4	0
0	240
37	13
2	13
0	1
84	22
7	22
0	0
0	0
0	0
0	0
0	0
0	0
0	0
11	11
5	229
0	55
0	0
3	2
0	10
0	195
605	392
28	89
3	8
0	411
57	1
0	25
146	498
0	51
3	290
1	61
0	197
15	177
0	14
6	1
0	0
0	1
2	18
0	23
0	23
1	22
4	52
0	5
0	32
0	83
0	53
0	32
0	5
0	83
5	1700
0	3622
24	1438
18	340
7	1562
10	3155
0	256
0	3236
25	0
3	198
143	0
28	28
0	583
2	36
0	4
6	0
4	91
5	40
18	34
8	19
0	23
1	36
3	42
0	14
0	583
0	2
32	235
10	235
0	10
0	0
0	0
0	0
1295	369
0	248
9	127
4	20
76	375
259	382
1	27
0	0
0	655
0	10
26	130
2	366
0	54
0	567
3	39
9	3
0	64
0	4
7	287
2	296
13	88
8	0
30	120
79	110
0	13
0	3
54	319
16	0
4	88
17	34
0	43
0	34
16	203
0	254
0	206
12	17
1	5
0	257
1	10
0	49
1	4
0	11
0	0
0	10
234	912
3	898
9	35
0	77
0	268
6	136
0	89
1	17
35	26
0	38
3	38
0	1
0	1
0	1
0	0
0	0
0	0
0	1
0	5
0	51
0	2
1	57
1	25
0	53
1	1
1	8
121	9
13	9
6	0
0	0
0	0
5	112
2	112
15	15
2	0
11	201
5	201
2	23
0	8
16	0
14	11
1188	104
75	49
6	20
13	34
0	678
29	1890
0	1779
2	1595
34	1667
5	1792
0	1629
0	145
1	258
0	98
0	63
61	80
14	79
11	0
0	2
76	623
0	0
0	351
5	429
0	302
0	35
0	0
0	1
245	168
0	108
0	52
1	10
5	0
531	4293
1	3560
56	3235
0	3561
69	4283
0	8
20	4459
49	4462
0	4168
28	4499
0	0
0	0
0	0
0	0
0	0
10	480
7	532
0	37
0	20
0	3
0	21
0	141
94	2407
16	2034
7	1979
0	1655
0	18
3	172
0	109
0	0
4	14
0	13
6	46
36	10
7	11
1	207
3	68
0	3
2	2357
588	1
142	13
0	9
0	4
93	146
0	0
0	146
4	7
3	368
0	0
0	6
0	376
8	272
2	286
0	0
3	10
16	0
0	36
0	0
0	0
0	0
0	0
0	0
6	907
0	967
1	47
0	0
31	7
80	77
0	790
44	878
12	270
11	115
0	120
5	121
12	49
0	2
14	3
7	11
33	8
0	0
0	0
49	48
4	46
0	24
213	55
0	55
7	7
0	8
44	1909
0	419
107	2067
7	22
0	62
699	73
0	72
9	310
361	647
4	110
0	26
0	311
0	96
14	99
0	0
0	0
0	0
0	0
0	0
0	0
0	0
0	0
717	80
1	21
92	0
91	384
1	419
0	212
2	310
8	252
4	13
2	0
4	90
1	90
2	90
3	99
0	82
0	5
0	3
0	2
6	0
250	0
27	2
0	2
0	2
3	28
0	28
0	2
1	12
4	32
770	580
9	573
0	13
7	4
3	11
0	11
1	1587
16	428
0	1587
0	156
2	193
9	173
102	9
6	119
161	223
1	82
2	149
8	1
0	33
4	0
1	8
1981	21
0	21
1	3
0	0
5	2
0	0
0	2
3	3
0	7
0	7
0	0
1	1
329	1
31	815
72	1939
0	1934
159	1932
67	1089
0	611
1	399
3	20
21	33
0	20
21	2
0	0
0	0
206	14
183	131
0	0
0	436
3	1169
0	1256
0	1212
0	1240
0	991
0	55
5	42
5	202
6	25
4	1
0	0
0	0
0	0
0	0
0	0
0	0
0	24
0	10
23	25
0	0
0	2
303	1
2	2
0	0
0	0
0	0
0	0
0	2986
8	2986
31	2984
112	1217
28	0
0	2
0	2
0	0
18	285
27	285
3	247
0	2
0	53
1	3
0	3
4	402
15	391
0	38
0	29
0	0
0	0
0	0
0	0
1530	603
6	451
4	202
6	258
9	40
0	46
22	13
0	10
0	6
1	5
5	265
18	1392
1	402
0	242
0	1304
0	1333
3	75
3	92
0	75
8	33
2105	2
0	0
0	0
6	0
8	7
0	0
0	0
0	2
0	0
0	1
24	1
1	0
0	0
24	156
0	113
8	148
0	7
11	146
0	149
0	119
0	0
0	129
0	91
1	1
1	51
0	51
3	4
0	0
0	0
608	832
6	832
86	422
0	0
2	335
0	22
3	323
0	302
0	254
0	210
0	63
0	238
13	286
2	227
8	57
0	51
1	28
26	10
0	43
18	24
0	26
0	76
3	22
52	413
2	1
2	24
0	413
4	6
2	1
2	0
2	27
0	58
110	131
10	47
0	129
1	450
7	389
0	412
8	92
7	0
0	4
2	42
1	2
0	26
1	1100
60	1095
0	125
1	526
39	177
48	1067
4	206
88	2
3	163
1	177
0	32
12	206
4	744
0	164
11	479
25	454
0	279
0	428
0	189
2	143
0	722
41	1025
410	1199
0	197
11	5
0	14
0	44
1	1
3	105
3671	14359
8	12995
73	14005
0	3897
1	2162
3	199
1	0
0	86
5	0
94	0
0	0
0	0
0	0
498	143
0	58
7	84
100	0
15	1043
27	1021
4	71
0	29
3	1052
2	0
6	0
0	0
0	0
0	0
0	0
446	14
0	1
0	1
0	0
0	0
0	0
0	0
0	0
0	0
0	0
0	0
0	0
31	229
31	1216
0	371
121	1222
7	56
370	21
99	558
0	558
0	2
0	1
0	0
0	1
0	1
0	0
0	1
0	0
121	611
1	517
26	308
12	301
1	169
0	33
0	8
0	1
0	1
6	0
2	1378
0	21
0	154
0	801
0	22
20	653
7	194
0	267
0	267
0	375
1	351
4	1242
20	62
0	0
0	0
0	0
10	194
54	1286
10	1172
0	1322
0	44
1	0
0	5699
398	5986
169	5702
0	3097
0	0
0	0
0	0
31	180
21	181
79	187
0	178
0	2
5	154
999	0
1	4
0	3
0	0
0	3
4	1
324	2011
0	2011
0	52
0	0
0	0
20	85
4	82
2	21
0	16
2	524
7	455
0	407
0	407
0	440
0	407
0	408
0	322
0	322
0	469
1	431
0	439
0	346
5	329
6	311
0	380
0	57
0	409
0	442
2	392
0	128
0	25
0	47
0	259
0	103
0	41
0	65
12	22
5	3
18	268
13	243
13	112
76	169
1	120
267	1555
3	1555
0	74
339	94
2	38
0	56
3	9
1	9
2	2
1	0
22	990
0	0
65	440
0	14
51	1071
1	4
5	72
3	22
16	112
76	630
78	162
0	0
0	96
0	80
0	149
401	197
2	62
2	196
0	16
491	125
6	130
3	37
0	3
0	946
6	1080
0	0
0	21
0	1
1	384
0	310
6	62
336	347
21	346
15	0
0	0
0	0
1445	120
2	119
2	30
160	37
2	37
1105	12443
3	12444
95	1124
10	423
14	410
165	262
1	489
270	532
6	79
4	43
1	0
0	1109
96	1096
1	12
17	176
10	1004
0	0
1	108
86	428
0	2
0	135
0	15
0	425
3	109
0	17
0	9
0	34
0	0
0	2
0	69
6	395
0	2
0	0
0	0
0	0
0	0
82	117
2	21
0	5
8	8
2	57
1	101
4	27
1	16
1	1
13	3
0	4
0	0
0	0
0	0
0	0
0	0
0	0
188	3074
173	2782
17	366
1	2959
0	991
4	63
0	2
0	0
0	0
0	0
215	1988
772	1987
2	246
23	329
58	329
1951	325
2	0
983	617
0	616
0	0
1	61
13	40
5	0
35	832
0	692
0	382
0	744
13	379
9	426
0	835
0	429
0	536
1	405
0	777
0	723
15	816
3	3
0	362
1	595
0	664
0	271
0	3
0	7
1	20
64	104
2	32
1	80
3	58
626	1
15	805
9	801
2	802
35	108
0	803
0	6
1	12
0	12
0	10
0	3
0	4
0	4
2	461
0	275
0	0
602	754
1	372
24	146
4	512
10	6
0	23
1	0
1	23
13	130
0	111
0	120
0	0
14	48
0	5
13	17
2	11
0	6
0	6
88	883
0	743
0	22
38	139
2	30
0	17
0	15
1	15
10	2
0	0
5	122
0	24
0	691
0	167
0	434
0	90
0	372
0	3
0	154
9	6
0	209
0	114
0	8
0	157
11	639
6	144
5	471
0	447
1	85
0	123
0	34
0	9
4	65
3	63
4	19
0	120
0	6
0	573
4	11
0	275
0	262
0	7
2	195
1	110
1	0
114	24
0	24
0	1
1307	1
1	1
102	217
0	975
0	986
3	157
0	294
0	250
1	27
0	695
0	924
0	2064
190	2001
2	55
0	1223
0	0
0	0
0	0
0	0
1	6
217	7382
410	7109
0	7052
0	185
15	0
0	0
0	0
0	0
0	0
0	0
0	0
0	0
199	183
1	146
0	0
2	37
1	1
0	0
0	0
0	0
15	1219
41	1238
5	1219
4	9
3	38
5	24
4	250
5	128
0	1216
2	2
0	0
0	1
0	0
0	1
0	1
0	4878
18	3546
5	5124
0	475
0	125
10	171
0	276
0	276
0	15
0	572
214	93
0	90
0	32
0	3
1	0
0	0
0	0
0	1
1	1
0	1
0	1
0	1
0	1
0	2
0	1
0	1
0	1
0	0
0	1
0	1
0	0
0	0
1	0
182	896
62	915
0	31
3	4
54	40
0	90
0	26
68	5
4	5
12	93
228	126
2	68
0	83
1	100
0	1155
47	1363
0	813
22	1532
67	1284
13	392
0	1293
0	265
0	162
0	343
0	1266
1	1293
0	1427
0	1381
3	77
0	223
1	39
0	13
0	6
3	26
73	1199
0	263
0	1111
0	225
0	0
0	0
0	0
727	86
6	76
0	2
0	1
0	0
0	2
176	80
0	80
0	17
0	17
0	16
22	13
0	5
0	1
0	0
0	0
0	0
0	3287
775	3451
0	82
0	127
29	2318
0	2525
0	2444
9	0
0	2117
0	2075
0	1885
0	1994
0	1804
0	597
0	0
4	23
23	429
245	319
0	0
0	0
0	0
0	0
0	0
0	0
0	0
0	0
0	0
0	0
0	1217
0	1234
0	312
2	17
151	199
0	122
0	22
1	33
3	65
4	46
0	0
40	1127
2	1090
4	1080
7	624
6	73
0	9
0	2
1	7
4	7
0	1
3	1
0	1
0	1
0	1
150	2222
0	29
2	216
1	3
0	2222
1175	1390
7	1214
4	1274
1	55
0	104
0	1
296	53
1	51
0	0
4	0
0	0
0	0
0	0
0	0
3	2
0	2
414	763
87	839
0	378
17	6
1540	6
14	1761
0	1796
19	1166
123	472
3	1141
70	1032
0	741
2	19
2	245
432	266
2	123
0	11
26	7
0	0
178	48
10	11
1	37
1258	0
0	0
0	0
0	0
0	0
0	0
0	0
0	0
0	0
0	0
171	31
6	0
0	22
0	3
0	3
0	2
0	4
2	101
0	108
0	0
7	111
0	0
0	0
0	0
0	341
0	23
12	30
0	1
0	10
0	16
11	24
0	7
1	0
30	878
3745	1651
6	757
0	45
0	149
1	223
0	46
0	50
0	47
0	4
0	1
0	50
0	52
1	1
2	1
0	62
0	5
194	2665
0	2641
0	1219
305	649
3	628
1	4
2	0
0	79
563	41
0	41
25	1
0	0
911	10
10	203
9	71
6	2
42	849
37	849
6	776
24	1828
65	1855
325	1374
0	1258
3	298
4	234
5	160
0	251
0	0
0	210
151	972
28	972
2515	4
3	18
0	414
10	158
1	650
354	652
1616	1
93	616
1044	1164
10	1161
5	143
14	161
19	0
16	84
1	0
0	49
0	0
0	0
0	19
0	4
0	0
0	19
35	182
1	239
5	295
2	233
0	5
1	4
2	0
1325	536
8	54
0	0
102	481
1	634
0	808
65	809
18	0
0	0
0	0
0	0
0	0
213	0
10	7
0	0
0	1
0	1
0	1
0	6
0	0
8	283
0	47
6	280
0	285
0	0
836	410
90	72
6	286
1	99
0	5
0	51
3	20
0	0
1	0
0	0
10	0
1	987
12	11
0	9
0	9
0	0
0	0
17	258
2	252
1	35
285	313
4	139
0	119
21	0
0	0
0	68
2	298
447	2836
0	2539
3	1168
9	363
2	527
695	288
0	13
0	130
0	254
10	135
5	7
3	70
74	70
5	12
0	0
0	0
0	0
0	0
0	0
409	431
0	37
0	1
9	1
0	87
0	209
0	209
0	0
242	604
0	418
26	679
3	504
0	420
4	81
0	171
0	64
0	121
0	93
2	79
1	55
0	34
0	34
0	0
0	0
0	0
14	868
25	1389
0	127
0	588
0	1286
0	1387
0	15
0	15
0	2
0	1
0	0
0	0
0	0
0	0
0	0
0	2367
7	1077
0	2367
0	0
0	0
1439	1697
5	0
55	1770
128	1769
6	0
5	0
0	0
0	0
0	0
0	0
0	0
0	0
0	405
179	492
0	2
0	30
0	37
0	31
0	0
0	139
0	7
1	13
2	113
131	1020
6	786
1	984
5	1
7	6
0	61
5	7
0	14
0	111
1	30
155	124
0	3
3	123
0	26
1	76
175	77
0	23
4	36
0	15
4	370
24	53
0	89
63	390
216	21
1	21
3	14
19	258
10	39
815	257
19	973
1	0
0	0
0	957
0	0
1	304
0	3
0	0
3	1
1	466
7	978
0	0
0	0
0	0
0	0
0	0
0	0
0	0
0	0
0	0
0	0
0	0
632	481
18	1
16	421
8	0
4	1
1	114
1	67
0	415
5	344
10	414
20	1361
30	1348
16	1560
0	1515
0	0
0	0
11	9
0	6
0	6
73	17
0	17
0	4
14	50
1	143
46	668
0	130
28	77
1	602
29	64
9	3
1	11
2	122
1	3
671	151
12	149
6	104
0	104
94	2
17	222
343	132
0	57
1	61
0	116
19	33
0	0
0	0
0	0
0	0
0	0
0	0
0	2
0	2
0	0
2	17
0	0
0	8
0	9
0	1
0	1
0	2
0	0
0	0
509	3199
31	0
89	2956
9	784
0	929
0	0
0	0
0	0
65	110
0	5
2	0
0	88
0	11
0	18
97	545
1	349
2	314
0	2
11	0
6	34
0	0
2	24
0	0
0	6
0	37
0	0
2	3
1	20
0	2
7	56
0	40
0	1
1	0
1986	420
22	92
1393	157
6	31
41	148
1	7
2	0
0	0
1	0
1	0
0	0
10	143
50	958
5	33
1	1
0	1
11	515
3	73
71	2102
0	100
2	16
0	8
4	70
21	1931
6	143
3	123
4	23
1	138
0	86
2	223
3	85
6	60
2	16
0	29
0	34
0	25
0	2
0	0
0	23
0	0
1	4
0	4
0	4
0	2
0	0
0	31
0	2
0	2
0	0
1	4
0	0
0	4
10	1
2	6
0	6
95	237
1	237
0	3
4	0
0	0
184	19
0	18
1	1
93	2909
0	1
0	501
30	2126
0	2155
0	1923
0	2292
29	2272
0	43
0	2
2	0
15	89
2	51
0	141
35	1
32	32
13	21
0	3160
2	0
0	216
38	2
41	2202
6254	8983
468	8116
13	722
11	216
180	6249
8	44
0	43
0	2
0	0
1	0
0	1
24	29
0	234
84	246
0	26
0	364
0	370
0	14
0	239
0	8
3	5
0	4
2	71
0	123
1	24
0	348
518	1528
218	1603
105	1600
66	1576
1	0
0	0
4	2
4	1
0	2
293	1243
28	1203
8	1203
25	1184
23	1203
0	794
0	0
0	0
0	0
0	1
0	0
0	0
0	0
11	184
0	189
0	182
594	827
0	2566
19	2669
21	2049
17	2173
84	2224
9	577
1	2670
0	0
0	0
0	0
0	0
0	0
0	0
248	87
0	84
0	1
0	1
274	305
11	153
20	152
5	2000
0	682
30	87
0	39
7	2048
3	29
0	0
24	60
5	104
2	54
1	47
0	10
1	15
13	0
1867	6888
6	3666
0	4332
46	1208
1	213
0	0
19	238
5	5
2	91
0	225
1	181
4	52
0	40
0	3
4	12
2	1
0	0
0	0
73	16
4	16
8	0
3	0
8	20
0	0
0	0
0	0
0	6
0	0
0	0
10	14
179	125
6	125
3	0
2	22
0	0
0	0
0	0
0	0
0	0
0	1047
0	186
0	1047
669	498
7	374
3	468
2	216
0	0
1	38
0	12
1	6
0	1
1	470
2	2
0	12
0	9
8	19
0	2
0	2
0	17
2	14
0	19
365	1795
0	1550
0	298
0	271
0	333
2	325
0	77
0	55
0	0
0	0
6	0
189	2943
3	2061
0	2748
104	1064
6	99
7	7
1	39
118	1033
0	282
0	442
0	307
1	0
106	5769
16	4329
2	0
1	3
25	4520
0	4713
0	1386
9	0
2	0
0	5736
4	573
1	575
1	26
2	181
0	36
6	58
5	32
3	212
3	185
1	28
2	4
6	8
0	256
0	0
0	54
0	571
32	205
3	180
5	206
0	21
0	8
0	205
1	0
1	0
0	0
2	0
1	3
10	267
1	29
0	0
0	3
1	5
0	0
0	0
0	0
0	0
291	303
12	37
0	243
0	52
4	9
40	180
0	162
3	176
0	158
9	66
0	427
12	397
0	0
0	0
630	1334
11	1171
0	1141
66	1143
37	6
0	56
0	1
2	0
6	0
0	0
38	180
0	60
7	22
0	0
0	19
0	161
1329	4
3	2
0	0
0	152
9	160
1	37
4	8
4	95
58	550
31	1318
1	570
0	14
0	1142
13	1135
535	542
9	145
0	75
0	31
0	25
27	148
0	99
0	1337
0	0
528	2
9	0
0	1
11	148
0	10
0	148
79	0
39	465
2	465
154	0
1	0
337	838
0	702
0	793
35	888
0	121
2	0
1	151
8	3
1	3
0	0
0	17
2	1
1394	3695
2	3981
8	3064
0	3696
2	92
6	474
7	101
1	499
8	2
27	423
0	45
25	427
2	400
3	0
1106	200
0	131
5	69
0	18
280	0
12	0
323	713
12	718
1	117
0	149
15	132
3	203
1	0
3	0
0	478
627	577
1	194
0	0
0	0
23	71
2	15
0	1
0	69
3	791
1	36
3	9
0	5
4	0
0	2
226	790
4	99
156	429
0	0
0	2
422	429
10	681
3	417
7	602
1	10
27	213
4	539
0	479
0	123
0	315
0	356
0	354
0	49
22	5
2	1
0	0
1457	1
332	71
0	27
124	436
22	436
0	0
0	0
0	0
0	0
851	109
1	109
1	0
37	4
0	0
0	4
314	158
16	148
4	15
1	4
7	146
0	0
0	0
217	0
0	0
17	491
0	234
0	358
0	217
0	62
0	48
19	144
12	593
15	175
2	282
2	549
0	0
0	0
0	0
398	372
7	373
19	351
4	30
0	2
0	3
0	0
0	0
0	2
0	2
0	3
683	67
5	67
141	17
0	17
996	2670
1	351
2	2477
3	178
3	0
0	14
17	569
0	421
9	160
18	1
0	1
1	0
0	0
0	0
0	0
0	0
0	0
0	0
0	0
0	0
8	49
8	39
0	36
0	38
0	38
0	35
0	0
0	0
0	11
0	0
0	0
0	0
0	0
514	1982
12	29
17	456
0	1416
128	1610
0	205
0	0
0	1422
15	303
4	59
3	1546
116	0
0	0
0	0
1746	1
302	338
4	338
0	9
0	0
0	14
2	14
8	253
5	253
14	164
0	900
110	900
4	213
0	380
0	155
0	17
0	0
7	0
23	469
2	201
14	472
0	76
0	0
21	66
0	51
7	3
0	0
0	0
0	0
4	0
0	15
0	15
0	15
0	15
0	0
0	0
0	0
0	0
4	325
49	3149
144	3149
14	335
0	118
40	10
0	942
2	1000
9	353
44	345
30	1
29	187
23	194
0	137
0	52
0	2
0	213
0	213
11	0
0	0
0	0
1	0
0	0
13	233
5	212
0	255
0	219
0	120
0	223
0	14
1	10
0	48
0	35
0	4
0	6
2	24
1	14
0	243
0	241
0	241
2	1093
0	307
1	207
9	1035
5	680
0	75
1	14
7016	2
1273	3506
0	3126
147	2666
61	2936
24	3278
21	3243
8	3225
5	3242
53	230
0	91
4	265
0	91
0	153
0	3004
0	0
0	0
0	0
0	0
0	0
1	0
143	503
43	439
7	72
1	42
5	0
2	12
442	1378
0	1377
9	263
8	202
705	78
1	76
13	0
3	64
49	376
11	140
1	45
0	106
0	88
0	357
1	10
1	20
1	10
0	27
0	118
17	0
20	1
0	2
0	6
9	7
0	6
65	241
3	52
26	139
2	26
0	96
0	1
0	0
0	96
1	35
0	0
0	0
1	0
14	0
22	301
5	70
31	214
2	189
0	0
0	10
17	94
0	102
0	112
4	127
0	250
5	4193
29	3583
2	215
20	202
2	3
1	786
22	16
0	108
0	124
2	121
0	151
7	0
0	0
54	3837
0	0
0	0
0	0
17	3945
34	3748
142	2080
5	1031
0	2050
9	2077
0	616
44	346
0	2
0	3
0	0
316	141
0	0
0	141
10	176
2	146
0	0
0	147
0	117
0	25
0	129
0	108
71	131
14	107
0	6
3	1
4	1
3	101
0	79
3	0
10	43
6	51
0	56
3	0
0	0
15	53
1	16
4	0
3	141
0	762
24	37
0	682
0	693
173	2054
220	2010
13	1635
33	342
1	88
0	1191
39	1288
0	1055
9	714
10	38
4	109
228	44
38	38
0	1387
2814	1609
0	1018
4	395
6	194
36	283
6	373
0	381
0	765
21	768
2	20
146	37
17	37
0	0
0	0
0	0
0	0
0	0
0	0
8	40
1	0
4	40
0	0
0	0
198	430
0	118
0	436
0	23
10	0
0	24
0	21
0	23
0	24
0	0
0	0
0	1
155	2
44	1600
1	1108
6	1065
1	1
6	50
43	54
198	578
11	553
3	35
0	36
311	13
8	13
0	71
1	11
0	0
1	66
18	190
0	288
5	281
0	312
2	400
4	378
46	0
0	376
0	2
3	4
0	1
496	0
396	2
0	2
257	3300
0	3451
12	3295
145	267
50	122
0	78
34	285
0	285
153	926
10	697
0	78
0	9
0	213
0	0
0	0
242	0
873	461
0	43
2	43
9	440
0	95
0	0
1	1
0	0
0	0
5	1701
10	521
129	8533
0	53
3	4480
2	6359
22	5
3	3995
2	4416
9	4340
3	6527
0	5981
1	176
17	136
2	1731
16	1199
28	1
81	0
1406	0
116	160
0	42
1	66
27	101
0	87
3	68
7	0
0	512
40	574
0	75
0	0
25	1690
4	156
67	1742
11	871
95	329
0	328
1	309
0	0
241	94
2	165
45	165
12	377
0	53
0	0
0	128
4	32
3	79
0	163
1	340
24	46
2	45
0	51
0	108
0	0
2	8
22	10
10	7
16	30
4	64
77	247
0	1
0	86
2	206
0	28
2	107
0	198
3	78
2	78
68	11
179	98
0	37
1	39
1	36
0	59
0	7
0	1
0	111
0	101
9	1
4	0
24	590
6	419
83	473
45	324
0	207
3	59
10	59
1	13
24	2
69	445
4	325
4	4
3	60
2	6
0	212
63	11
0	0
2	48
10	80
4	3709
10	423
31	6699
11	84
6	4812
0	115
8	5623
3	1599
0	329
0	0
0	0
295	2284
3	2044
1	260
11	254
2	276
3	35
0	94
0	39
1	183
11	87
0	304
0	0
1	4
0	0
0	3
0	1
0	3
0	0
0	0
0	418
6	1245
0	1449
29	1455
0	107
2	24
16	74
0	39
2	0
28	154
19	154
78	505
0	5
1	0
13	74
0	115
0	505
91	1459
7	1294
28	311
5	78
22	0
0	0
23	236
1	0
4	179
0	196
71	1156
0	1
0	432
0	32
22	24
0	1066
13	39
0	34
0	2
8	5
22	0
1905	4
2	3
1243	1243
0	1244
22	34
0	8
0	0
5	6
449	0
205	865
67	629
12	495
3	473
0	110
352	23
1	35
1	35
26	0
0	0
0	0
0	0
0	0
0	0
0	0
0	2
0	2
0	2
0	0
0	1
5	2
0	1
3	0
0	0
1	0
794	197
0	196
0	49
0	42
0	2
1	0
0	0
1	73
0	88
0	73
0	1
0	4
0	41
0	2
0	0
0	0
0	0
0	0
0	0
0	0
1	0
0	0
0	0
0	0
19	1769
0	1833
33	2171
0	2160
13	21
13	1
16	1831
92	868
0	1860
4	1868
9	9
3	362
0	1331
1	0
1	69
9	335
0	0
8	0
1	152
3	147
0	51
2	16
9	9
13	90
21	265
0	212
2	250
1076	1
4	0
4	0
232	663
11	564
0	351
2	141
0	10
1	0
324	56
0	37
0	18
0	29
1	29
572	62
0	1
2	1
0	22
0	39
0	1
0	0
0	0
0	0
49	434
0	335
0	4
0	401
731	0
0	0
0	0
0	0
0	0
0	0
0	0
96	10396
2	3295
5	5056
0	7499
34	4681
0	1291
8	997
115	1021
416	999
18	1011
5	65
134	35
0	35
0	0
5	0
220	39
3	39
5	20
10	15
29	0
0	339
152	369
0	301
1	4
0	0
0	0
0	4
0	0
3	319
164	244
4	244
3	9
0	40
0	0
0	0
236	2077
13	612
10	1444
1	868
6	288
0	898
6	946
2	37
223	603
1	125
3	284
0	582
0	439
0	78
0	97
0	0
0	0
0	0
0	0
0	0
0	0
0	0
4	863
58	863
257	413
0	413
0	0
3	61
1	169
1	3
21	364
25	363
12	36
9	163
0	327
0	30
37	20159
616	14523
343	577
11	168
35	3213
23	208
7	14187
0	19953
335	897
0	523
1	413
7	105
2	529
2	826
2	199
1	198
0	186
2405	126
0	34
0	90
2	1
14	0
0	0
1	0
0	0
0	0
1	0
0	670
0	670
2	16
391	667
38	38
0	38
67	1027
6	1004
0	68
0	589
0	112
171	968
0	2002
0	37
0	2099
0	2021
0	0
0	0
0	0
1	15
33	94
7	16
2	8
0	18
0	89
1	0
0	8
0	2
0	2
100	7
78	31
45	31
3	39
131	39
115	37
2	37
33	7
0	0
0	0
24	1033
1	1119
0	1017
92	958
3	1004
1	1018
1	641
0	33
0	156
6	115
3	1
0	36
21	60
178	0
1	68
0	209
127	375
7	6
156	168
0	0
0	0
0	0
0	0
0	0
0	0
0	0
0	0
0	0
0	2620
0	1375
26	51
2	1052
11	567
0	58
1	2620
308	119
171	120
9	402
0	402
3	245
0	596
27	591
0	1
0	1
0	1
0	1
0	1
0	0
0	0
0	0
0	0
0	0
1	4
34	18
1	2
6	2
46	10
0	0
0	0
0	0
526	832
0	0
0	347
22	484
0	305
51	320
7	110
1	87
7	21
0	343
0	0
0	0
0	0
0	0
0	0
0	0
0	0
0	0
0	0
0	0
22	1
0	0
0	1
0	0
25	0
41	82
0	81
4	80
0	9
21	27
2	7
1	3
2	2
0	22
0	26
0	19
1	0
1846	351
2	3
6	345
0	198
90	1395
0	1457
0	194
4	255
0	193
260	1541
28	1176
0	956
0	419
1	893
5	0
7	1
0	1
0	0
0	0
12	962
3	925
6	6
3	46
6	78
0	272
24	2
0	471
9	41
4	91
24	202
0	2
8	48
0	967
0	56
4	22
0	22
0	0
0	0
0	0
1	0
9	0
1	69
268	149
5	34
1	129
6	69
0	84
0	93
0	2
0	3
1010	3329
3	1863
0	3007
2	908
49	53
13	470
52	796
16	0
188	294
0	0
33385	5640
0	5579
1	3996
0	4035
0	0
9	0
3	0
0	0
0	0
7	464
0	800
0	491
0	2
535	84
1	603
17	600
0	56
0	2
0	0
28	6
0	5
0	0
0	609
42	5606
0	4579
12	450
0	5606
0	0
0	0
0	0
209	162
7	162
0	0
0	0
0	0
0	0
0	3
0	3
94	0
0	0
0	2
0	2
0	0
13	362
17	362
5	28
0	24
0	3
1184	0
2	1
0	1
0	0
0	0
0	0
0	0
0	0
0	0
0	0
0	0
0	0
0	0
20	363
32	348
461	1004
0	1
41	656
696	373
0	2
0	3
0	0
876	933
3	34
86	828
24	111
13	446
37	90
0	212
297	1236
26	609
2	161
68	933
1	774
0	109
0	113
0	223
2	256
2	1
3	72
3	271
27	3
0	1
0	1
125	21
0	21
100	1254
0	1254
3	62
6	62
0	12
1	12
692	1371
92	1320
142	1523
0	1518
143	808
3	1
3	3
1	0
6	765
79	33
1	32
2	1
1	1
0	2810
930	2852
4	82
5	84
26	81
0	9
5	25
0	84
0	0
5	1
0	19
96	463
1	260
0	308
2	364
4	4
15	13
1	65
1	0
1	432
0	49
0	12
0	448
0	1804
45	1804
37	19
0	18
1	608
118	762
25	2
0	760
0	0
230	0
22	6
0	6
1	5
1428	423
8	216
13	400
17	69
0	22
0	22
0	72
1467	1440
3	1
9	370
0	1120
417	9
0	9
0	0
168	62
0	1
0	21
0	0
0	60
0	15
0	0
1	6
0	2
0	12
5	893
1	279
1	263
0	16
0	347
0	370
0	356
0	378
0	345
0	339
0	377
0	347
0	355
0	838
0	350
0	349
0	386
0	347
0	380
0	344
0	0
0	2
7	16
23	1
5	0
31	0
0	224
12	3
9	10
2	2
11	2
32	224
58	710
13	601
0	182
0	13
1	216
1	0
2	49
19	0
20	143
9	53
2	82
9	53
103	1207
2	961
8	866
3	200
1	1293
3	1153
1	962
0	1266
0	247
3	97
1	26
2	165
0	263
0	329
151	543
28	544
61	297
8	310
2	546
9	1
3	1
9	1163
60	1273
1	1200
0	1264
0	472
20	119
0	184
48	325
0	40
79	751
28	14
13	316
0	0
0	3
0	3
0	5
0	8
0	6
0	8
1	8
34	652
5	652
10	160
3	1
9	206
0	4
0	4
10	4
0	1
0	0
1	0
0	3
0	0
0	0
1709	0
650	804
21	664
3	171
24	338
0	8
0	69
0	47
3	152
42	123
0	122
20	1
14	21
3	9
11	228
1	19
0	2881
0	16
20	19
4	149
0	313
1	9
7	9
15	10
0	6
1	0
3	0
0	0
0	0
7	3154
406	2096
25	2410
22	31
7	5
72	32
38	374
2	536
0	0
18	476
0	724
4	695
3	208
0	12
0	34
6575	6392
170	2523
3	1
17	2327
34	66
4	0
5	2184
15	1928
8	297
0	29
0	26
0	2
1	1
1	473
1	29
34	0
0	0
8	63
0	63
0	55
0	3
0	13
0	20
0	1
0	0
0	0
0	0
0	602
305	870
0	358
54	390
9	191
0	16
37	114
0	6
2	5
39	114
0	0
0	1
0	1
1	5
0	0
0	0
0	531
43	148
0	464
39	710
23	578
3	253
3	14
1	144
16	202
0	0
2	7
0	199
0	10
0	0
0	0
0	0
0	0
714	184
13	184
1	9
0	42
0	0
0	0
0	0
0	0
0	0
0	0
0	0
0	0
0	0
0	0
262	2421
3	62
0	2421
0	0
0	0
0	0
0	0
332	1173
128	1173
1	0
0	8
0	1
0	1
0	4
0	0
0	8
0	8
0	1
0	326
0	90
10	360
7	100
6	370
0	104
0	103
4	343
0	368
1	0
0	355
23	558
28	558
4	12
2	29
799	0
0	0
0	0
0	0
0	0
0	0
0	0
0	0
0	52
0	143
0	130
0	0
0	69
12	92
0	0
0	23
0	28
0	4
264	150
4	640
394	281
0	239
0	236
4	43
0	59
1	55
129	247
2	228
28	983
5	1086
10	224
3	497
9	34
1	107
0	886
0	179
11	82
0	123
44	441
1966	16266
764	9998
1	7030
0	4085
0	2645
1	1016
3	1509
0	303
192	6169
11	150
1	276
1	122
138	977
1	199
2	147
0	0
0	37
0	435
0	301
0	485
563	681
0	183
0	163
0	131
0	36
0	146
0	0
12	451
109	451
0	0
378	36
18	18
304	199
1	199
4	408
44	1881
35	1366
6	424
3	1661
12	54
968	331
47	381
167	382
0	246
0	2186
1	88
0	286
1	1761
0	1656
0	526
0	387
0	2031
30	0
59	484
0	76
0	93
6	12
0	486
0	2
0	2
0	0
1	0
19	757
2	688
4	768
0	507
11	595
6	599
6	1
8	3
5	83
5	8
0	32
0	9
0	627
6	212
16	138
28	219
0	185
0	9
1	2
0	0
0	0
0	0
0	0
0	0
0	0
298	596
103	226
0	205
0	161
0	98
2	47
0	73
243	134
4	86
0	291
0	105
0	1
0	0
0	1
0	0
0	285
0	0
0	0
1260	774
1	774
0	137
13	24
2	0
0	0
0	0
0	0
0	0
0	0
0	0
1283	92
5	92
7	0
0	11
0	0
0	0
128	50
2	22
1	11
1	21
2620	1919
58	1647
7	320
0	0
0	223
0	223
0	0
0	0
0	3
1	2
0	1
0	1
1	0
687	0
2	521
2336	1249
17	687
2	289
4	0
6	3539
0	1638
0	1907
0	315
0	3538
0	1636
0	0
125	671
1	386
27	35
0	216
7	3
1	52
8	7
0	630
0	644
12	511
0	468
5	258
135	227
22	244
0	52
3	26
201	355
0	11
7	274
6	390
19	329
0	132
0	90
21	235
90	239
3	188
0	83
27	94
2	51
22	3
3	1
3	20
0	171
1	181
0	183
0	196
0	31
1	7
4	9
7	2
24	17
9	30
1	0
172	5370
55	5426
2	3743
0	512
0	86
0	86
0	465
668	1485
1	1352
0	0
0	8
1	94
5	111
12	723
0	895
7	850
0	0
3	13
4	82
0	21
0	0
0	0
0	0
0	0
0	6
0	3
0	0
0	0
0	4
0	0
1	1
0	0
0	0
0	0
0	0
0	0
775	724
1	711
5	336
7	1
0	0
0	9
0	4
151	80
0	80
8	58
0	8
2	0
210	1973
11	626
9	830
5	521
46	1347
1	0
0	0
0	0
0	0
0	0
0	0
0	0
0	0
0	0
0	1034
1	866
11	197
13	325
0	0
16	4115
8115	18104
1	16059
0	0
0	0
20	8
0	8
30	233
24	227
8	4
0	35
3	28
0	14
0	25
2	18
6	1
4	0
1	18
0	7
0	21
0	3
0	5
0	10
0	7
0	8
5	9
1	7
2	7
2	117
23	391
0	2
17	334
4	12
2	4870
149	4404
2	4460
0	3803
0	4805
0	4650
0	4485
0	4445
9	485
0	20
2	2683
8	3
2	299
1	5
5	452
6	848
1	0
1	102
0	163
2	293
0	251
8	46
1	254
0	214
0	161
1	0
0	5025
0	4665
12	198
270	233
54	196
0	192
6	19
0	19
1	2
1	0
258	382
0	380
1	40
0	106
0	179
0	139
1	105
13	49
0	39
0	15
2	312
4	140
0	312
1	7
60	7
52	2
0	0
0	0
0	2
359	1710
0	1405
1	1036
0	1033
10	1
8	0
0	5
1	0
1	7
0	1
0	7
0	5
0	3
2726	2
0	0
0	0
0	115
405	116
641	101
1	68
2	26
5	58
1240	3
2	0
3	62
2	4
0	49
0	57
0	20
0	26
1	38
0	0
0	0
0	0
0	690
2	690
1	689
35	716
0	36
0	11
1	33
2	0
2	0
70	488
941	1910
1	1815
70	531
2	10
0	9
0	9
0	1
0	0
0	0
88	507
19	50
0	130
0	23
1	0
15	625
0	683
63	683
265	300
0	276
0	24
6	1
0	0
0	72
31	940
0	792
0	341
0	117
0	117
0	27
0	83
74	277
15	293
0	0
0	0
0	0
0	0
0	0
0	0
0	0
0	0
476	305
0	305
0	7
0	1
33	752
17	749
0	22
0	63
1	1
0	0
24	685
148	11096
175	946
11	2641
1	29
4	48
18	7658
1	1655
1	2
0	71
5	943
2	9
23	137
4	102
44	131
2	7
1	0
8	70
1061	976
30	541
158	171
3	43
0	5
15	202
1	438
5	274
0	31
0	46
0	1
0	11
0	0
0	0
0	0
0	0
0	18
0	26
0	23
0	23
0	7
0	23
24	138
0	126
1	11
0	10
0	5
1	447
3	302
0	30
8	466
1	406
0	74
1	40
0	103
2	54
35	14
3	28
1	28
7	247
16	205
0	198
4	36
0	0
0	0
0	0
143	51
2	50
3	130
0	79
3	141
0	58
0	0
0	0
0	0
159	885
6	723
6	224
0	106
12	120
1	105
0	3
0	3
0	3
22	230
0	178
1	114
0	57
3	6
0	0
0	0
0	0
0	1
0	1
0	1
0	0
445	583
1	386
30	417
154	4252
0	869
0	1533
0	4256
0	27
0	128
1761	474
21	109
0	306
2	470
7	150
146	0
0	0
0	0
0	0
0	0
0	0
0	0
0	0
0	0
0	733
10	724
7	626
9	2
0	0
5	0
1	57
1	2
0	60
0	1
0	113
0	68
1	422
9	422
0	438
0	380
3	316
6	30
0	9
1	10
0	1
0	0
0	0
197	63
3	7
2	56
0	2
0	0
0	0
0	0
0	0
0	0
0	0
124	637
29	171
4	77
6	181
31	139
0	0
5	1
8	1
0	2339
0	115
58	2313
0	1066
0	7
1	1064
1	958
80	922
0	115
0	12
0	2322
0	0
0	0
0	4
0	4
0	1980
0	1983
1	162
27	9
0	1778
0	1775
29	2072
0	118
0	48
0	45
1015	1246
0	1111
3	1192
0	1182
1	103
0	58
2	244
0	0
0	0
0	0
14	146
4	127
0	32
0	1
2	8
0	7
5	4
0	32
3	1
0	0
0	0
0	0
0	56
54	96
2	40
0	8
2	6
4	65
9	60
0	76
0	71
3	5
0	2
0	1
0	8
11	397
100	398
7	282
4	397
0	1
0	1
0	1
0	1
0	0
0	0
0	0
0	0
0	0
0	0
0	0
0	0
0	0
0	0
0	0
0	758
0	0
0	0
0	0
0	0
0	0
0	0
4	702
2	626
3	364
4	170
0	648
0	0
1	9
1	8
0	47
2	319
0	1800
0	47
5	1800
0	366
1	419
0	31
0	51
0	126
0	25
2	0
1	344
1	0
8	3376
10	3822
9	3792
15	429
6	2
9	3
0	192
6	737
25	783
40	783
20	112
7	23
1	166
1	189
16	169
0	0
0	0
3	0
0	0
1724	6159
3	282
42	835
1	513
78	0
0	0
148	595
2	2
5892	445
2	294
42	251
0	12
3	1
294	1348
43	1284
1	0
0	89
1	81
15	2
0	177
17	3
2	3
0	6
0	2
0	561
0	110
64	507
22	63
1	18
0	638
2	572
35	742
11	563
6	151
1	67
4	9
14	454
14	445
0	111
277	2582
359	1979
0	13
92	1431
0	182
1	74
10	211
2	108
1	12
0	1
160	65
0	65
0	3
477	11710
0	0
0	0
7737	2197
0	2189
0	13
2	13
0	0
10	946
5	652
0	103
0	103
1	395
15	698
0	287
0	576
5	4
0	463
1	101
0	34
415	550
9	538
0	516
0	528
17	0
2	74
9	74
0	1
0	0
45	33
4	18
5	33
414	8523
0	5636
412	3882
120	0
0	4
2	4
0	0
0	0
0	0
2	1
0	1
242	71
31	71
8	3
713	2986
13	2986
0	145
1	1
44	1578
17	1578
3	249
0	181
33	11
30	12
0	97
72	101
2	38
25	15
4	2
1	1
14	567
117	918
10	140
0	440
0	602
0	571
82	102
0	172
2	60
0	12
6	64
2	7
0	0
0	0
0	0
0	0
13	0
11	30
0	9
0	23
0	3
0	9
0	5
0	0
1	0
0	9
0	7
1	0
0	1
1	2
0	2
18	1731
40	1619
31	314
42	166
8	3
0	3
44	307
10	307
8	165
0	0
0	165
18	151
31	61
407	392
1	174
0	63
0	87
0	58
0	92
0	18
0	0
0	0
0	5
0	24
0	5
2	28
33	694
4	697
5	60
0	74
0	147
0	0
0	0
0	19
4	151
0	53
98	150
5	1
2	854
31	804
3	560
2	175
3	581
199	395
41	4
144	74
2	12
0	56
0	23
4	44
0	31
21	5
0	5
307	1850
637	2448
0	335
1	861
0	0
0	1289
0	0
0	4
4	5
2	36
7	175
0	784
0	0
0	0
18	788
5	564
18	795
3	385
0	1
0	130
0	33
4	134
0	0
0	0
123	837
2	681
6	151
6	253
0	7
0	1
0	1
0	0
0	0
3	3582
12	702
19	3301
19	723
1126	171
47	170
0	0
0	0
0	0
0	0
0	0
0	0
20	336
51	336
10	322
0	259
1	205
5	203
0	1
0	347
140	35
7	6
11	28
2	1
0	0
3	164
0	10
0	164
1	0
43	68
0	25
0	50
0	0
1	0
1	87
0	74
2	1
0	68
0	13
0	663
93	158
0	0
0	0
3	575
2	450
2	449
0	165
0	148
0	432
3	117
2	136
0	59
0	0
0	0
0	0
0	0
0	79
53	102
0	0
0	0
342	0
11	4
32	12
0	10
0	12
0	790
4	952
0	242
9	17
6	51
0	42
17	238
3	227
0	1
0	76
11	221
0	664
37	972
9	115
8	431
13	448
0	74
0	651
11	579
0	130
3	292
12	3
0	137
0	137
5	265
15	550
0	550
4	24
8	2
0	547
0	2
0	0
20	2
52	1002
0	1101
0	192
1	1281
0	625
0	59
4	48
0	0
0	12
0	12
0	0
0	0
1	0
0	8
168	363
29	308
11	101
1	98
0	0
3	5
6	1
9	17
0	15
0	16
0	9
0	15
0	1846
0	1928
2	1906
0	22
2	40
0	2196
1541	586
0	183
0	63
0	10
0	112
1	114
1	142
0	0
0	0
0	0
0	0
0	0
0	1
23	99
208	165
2	66
9	6
6	564
33	569
4	569
15	556
0	88
0	0
0	90
4	5
129	5
14	228
0	239
4	235
0	0
2	40
1	9
0	7
0	2
1	57
0	1173
95	1176
0	39
0	16
0	1176
0	1173
0	0
122	290
16	142
1	121
6	66
2	18
1	7
0	0
15	111
1	33
16	71
0	16
0	63
9	0
3	1
282	201
0	201
0	15
2576	547
2	154
3	465
6	41
5	48
0	1
0	0
0	0
0	0
0	0
0	0
0	0
0	4
2	4
0	4
0	0
0	0
0	4
0	0
670	2256
8	1905
0	0
0	7
0	7
0	0
0	0
418	18
0	18
4	0
104	178
9	63
5	179
2	6
2	9
635	1180
1	1179
3	1
23	751
0	751
11	584
0	642
0	471
0	136
0	136
26	41
0	3
0	0
0	0
0	0
0	0
1951	2820
3	1428
5	898
0	1391
3	1
22	0
1058	3
0	1
4	1
46	551
2	112
493	697
67	607
4	71
0	12
64	12
33	117
0	117
0	47
0	34
11	184
3	837
5	988
54	898
0	983
2	711
13	500
0	129
1	251
6	137
7	34
0	48
0	23
0	23
0	20
2	2
0	1
0	0
0	0
0	0
0	337
22	446
2	19
30	271
3	337
118	5840
97	5791
201	5809
41	808
7	0
6	116
10	53
4	514
157	533
2	0
0	8
2	11
2	0
0	10
0	10
0	2
1	1
0	5
0	2
0	4
40	621
3	476
0	771
3	1
1	85
1	28
0	41
0	394
1	60
0	27
3	52
9	31
0	13
0	7
0	16
0	18
0	4
0	7
0	37
144	90
1	13
20	53
579	287
0	281
8	0
6	17
8	602
2	604
9	604
63	473
23	1666
42	1661
0	1661
26	1660
71	230
6	6
0	1665
74	0
0	107
0	184
60	4796
0	5157
0	4797
0	4678
2	0
0	106
23	4298
2	4114
0	4220
1	477
3	755
0	360
0	0
0	2635
2	151
1	4
0	836
23	150
0	539
0	23
1	1556
19	281
0	0
32	1851
4	19
10	2148
0	79
1	1930
16	74
2	272
4	1092
0	1510
2	59
0	32
0	212
2	913
0	0
17	43
40	20
12	91
66	442
0	114
0	481
2	8
5	658
0	4
2	4
0	4
3	3
3	7
107	47
0	47
0	384
83	390
2	178
2	42
0	0
151	614
13	1049
0	609
6	981
1	325
0	5
0	80
0	43
4	262
1	155
2	47
0	0
7	147
1	470
3	606
4	651
7	144
0	620
3	76
0	75
0	589
0	559
0	267
0	612
3	515
13	112
14	484
12	676
1093	901
12	16
41	61621
1	8
500	64117
1191	65198
50	62786
3580	69583
66	3794
1	57932
0	2324
8	2331
8	1055
0	1061
6	58103
7	132
0	439
84	439
0	0
0	0
2122	197
4	13
0	186
7	13
0	44
1056	6
49	1
6	3
0	0
0	0
0	0
109	459
0	421
0	30
0	25
0	0
1	0
1	33
0	13
11	50
35	28
0	142
12	142
1155	513
2	453
0	480
3	45
1	3
0	2
3	710
6	56
0	33
0	23
8	5
29	731
0	0
1221	1791
22	1557
6	1251
0	757
1	483
0	111
9	77
1	763
0	782
0	0
0	656
0	725
0	14
0	11
19	21
0	1
1	9512
39	3290
34	4886
34	1689
0	7696
13	6938
3	3900
1	3240
5	3948
3	6181
0	8753
12	7665
2	5597
1	2433
12	6
0	1380
0	2118
25	508
0	9
820	685
0	0
1	244
17	612
4	237
7	0
0	5
9	0
9	671
360	0
1108	98
0	96
20	2
1	46
16	78
10	63
396	215
6	18
0	197
6	15
3	0
1	123
0	15
88	101
5	73
0	14
0	3
1	34
80	0
2	4
0	4
2	1
0	1
1460	153
1	24
0	58
7	63
1	8
0	7
1	7
4	0
0	0
0	0
1402	402
1	179
5	221
0	55
43	51
2	48
0	30
18	333
5	334
0	211
6	207
0	24
0	22
4	1082
0	742
1	73
7	46
15	2
8	149
6	45
5	46
0	0
0	1019
26	380
15	379
115	426
0	43
2	42
0	377
179	6
0	5
0	1
21	312
0	259
1	61
17	58
0	86
1	214
1	178
12	4
2	179
478	339
0	210
0	135
0	114
0	0
1	227
4	620
132	648
0	15
0	185
3	60
49	175
0	169
3	2
132	141
0	42
0	63
3	46
1	41
66	48
1	16
0	7
4	0
0	0
1	2
0	2
0	0
0	0
4332	165
7	33
10	14
1	0
1	119
0	0
0	0
0	0
4	51
4	22
0	44
0	1
0	0
0	0
46	220
0	220
0	220
507	167
1	0
0	167
7	6
24	5
3	626
0	813
0	888
0	1176
10	1927
105	1553
2	372
0	805
0	1525
1	454
1	369
2	377
1	7
0	84
4	439
9	169
441	277
4	108
3900	1
1	0
4	0
0	1
1	0
296	666
16	394
3	290
1	66
2	7
2	232
0	0
124	23
2	20
4	2
291	121
0	94
0	60
90	59
0	59
11	5
0	0
3	236
487	366
2	255
0	278
0	45
1013	2034
1	576
0	1807
0	554
0	560
2	46
6	41
3	152
0	65
0	45
0	5
106	225
0	211
0	274
7	197
5	0
0	0
6	0
0	0
0	10
142	13
253	521
125	394
0	53
0	93
0	0
0	0
0	0
0	0
37	521
0	104
0	261
0	512
0	296
8	459
1	77
9	43
0	112
0	1
0	1
0	1
0	1
73	0
598	0
0	2
0	4
1	0
1	2
0	2
2	4
0	0
112	0
0	0
0	1
0	157
0	1
0	0
0	1
0	1
0	0
89	0
171	8510
211	8084
174	1535
586	920
430	51
0	51
1098	82
25	0
0	0
46	106
0	9
0	103
0	53
0	19
0	0
0	94
0	0
0	15
24	16
0	8
0	0
0	10
0	1
4	60
0	48
0	44
1	1
0	24
200	366
0	334
0	116
0	124
1	107
21	55
12	1
0	1
0	0
5417	17
11	2
0	10
150	2978
70	2985
1	7
0	1896
0	32
1	24
0	11
0	0
0	18
0	2
0	0
0	3
0	10
0	18
0	2
1	4
0	0
0	7
0	0
1	6
0	0
0	2
0	0
0	0
15	10168
18	8434
477	9702
16	8482
1082	9822
0	6062
0	14
3	1733
0	0
3	1440
0	1
946	0
0	3
0	54
0	59
0	8
7	19
1580	21
0	0
176	173
0	169
30	42
1	231
1	216
0	234
2168	376
40	198
2	331
0	0
1407	1681
3	1387
2	1217
30	932
24	0
9	37
32	37
4	31
15	12
1	397
74	397
0	35
0	17
0	0
89	614
5	281
0	250
0	23
0	61
4	80
0	0
0	11
1	398
0	0
0	0
709	29
0	29
132	1573
2	1365
102	948
46	383
1	1332
3	1135
4	1572
1	1379
0	991
0	1002
6	803
1	125
13	32
1	1550
0	0
0	0
2	0
0	1
0	735
24	911
0	493
68	1004
8	6
0	61
1	624
0	0
0	0
0	0
0	0
0	0
0	0
0	0
0	0
0	0
92	175
0	172
6	59
9	91
0	38
2	0
4	1
0	0
0	0
0	0
0	0
7	0
511	188
1008	187
37	0
0	0
0	0
0	0
0	0
0	0
0	0
0	0
3	1885
6	1
0	104
0	1885
0	0
0	0
0	0
6	18
10	0
0	18
0	1
0	0
0	0
0	0
0	0
422	466
0	92
0	204
8	14
7	221
55	152
0	247
28	3
12	82
1	7
0	82
0	0
0	0
0	0
0	0
5	396
0	93
0	396
7	342
13	0
33	356
0	201
0	18
20	8
1	0
4	8
11	2
2052	3817
6	1297
1	1800
3	480
6	417
18	449
0	565
3	7
0	795
11	19
21	663
8	570
27	6
1	734
9	93
0	454
27	518
1	168
22	450
0	63
0	0
0	0
0	0
0	0
0	0
0	0
1023	0
141	94
11	37
15	5
16	51
1	26
32	40
36	50
2	86
0	80
6	0
695	6718
26	1471
0	18
0	5250
0	0
0	0
0	0
75	2974
38	396
93	3027
0	1270
4	73
0	0
161	0
0	396
1049	733
10	663
7	22
12	49
0	0
0	0
0	0
0	0
0	0
1596	2024
293	1133
1	1991
0	637
0	59
0	272
15	9
27	944
0	57
43	934
2	75
0	132
0	552
6	107
0	108
0	594
1	119
0	0
43	119
7	665
13	20
12	6
27	951
180	950
0	501
0	198
0	76
9	2
0	130
0	126
10	9
0	114
1	98
0	110
0	1112
2	271
0	187
2	259
0	169
12	91
0	1
0	1160
3	0
0	0
3	6
0	6
0	0
218	1
0	0
1	437
2	434
1	439
1	1
0	1
1	345
4	289
0	28
0	14
0	17
0	50
0	31
0	434
115	1522
12	663
7	19
0	57
5	77
2	1522
0	0
894	127
10	121
0	55
6	8
0	5
359	0
5	88
1	16
236	87
0	58
11	474
8	180
0	11
4	0
15	40
2	464
0	0
0	4
32	3
0	0
0	1
0	22
0	0
0	0
0	0
1	6
0	6
0	0
0	0
1151	1766
35	779
21	1535
1	14
0	0
0	1
0	1
0	0
0	14
10	129
3	214
0	1121
0	206
1	0
0	1035
0	20
0	21
1272	72
15	71
0	0
0	0
0	0
0	0
1	252
3	331
819	400
0	69
0	0
0	121
0	15
1	107
0	22
0	20
1	765
0	990
0	910
0	2
0	2
3	1
0	967
1	810
0	981
0	14
0	1081
4	529
3	880
6	660
124	259
0	1031
0	1106
2990	1
0	0
0	0
9	54
0	0
0	0
0	0
0	0
0	0
0	0
83	157
0	157
5	2
0	0
14	65
2	0
1	22
0	35
2	51
7	53
16	49
4	1
0	0
0	0
49	48
0	12
1	36
0	2
1	0
2	0
0	0
0	0
0	0
0	0
1488	76
9	72
296	2
243	99
0	99
0	0
0	0
0	0
0	0
0	0
0	0
0	0
203	1
0	1
0	0
0	1
0	1
0	1
2	9
0	2
0	2
0	0
0	6
0	0
1	0
0	9
594	151
10	143
5	8
2	23
1	363
94	363
0	279
5	267
0	0
0	0
0	1
0	1
0	0
1	2
0	2
1	856
0	1417
0	1352
1	1367
2	4
0	187
10	98
2	139
0	27
1	0
0	21
0	3
798	652
1	2
5	1269
0	1240
1	1019
5	289
6	369
1	443
8	370
0	649
5	612
0	6
0	23
15	328
48	51
0	258
821	576
9	441
3	94
32	21
1	61
175	71
2	71
1	42
1	49
0	19
0	0
0	0
0	20
6	343
2	234
140	202
7	12
0	77
1	15
0	72
5	42
0	109
0	123
97	2064
1	2097
47	1991
1	2058
0	2095
1015	1
0	0
0	0
0	0
1715	3
0	2302
8	2078
7	368
0	80
6	59
3	16
0	301
6	35
22	77
0	2301
3	512
0	5
0	2
0	471
0	290
5	219
4	462
0	49
0	200
1	0
0	42612
11	40641
2750	41223
6	40495
37	41208
0	281
4	275
0	287
0	17
5	28
0	2
1	0
0	3
19	9
0	4
532	7
0	5
3	2
0	11
3	11
0	4
0	0
0	0
0	0
8	147
13	446
3	442
1350	154
0	79
0	2
0	0
1	33
5	7
0	16
0	10
0	22
0	1
1961	1997
0	799
40	1511
6	395
3	0
315	1879
1	1877
1	2
14	269
0	80
2	289
9	623
1	0
0	0
1	3
0	0
0	0
0	1
86	7404
0	7589
14	3875
2	380
35	134
59	389
33	192
0	295
0	2110
0	1576
4	12
0	7615
1	32
4	32
0	5
0	6
4	47
0	0
4	25
1	27
0	1
0	3
0	38
0	446
0	398
0	338
0	343
1	140
1	141
1	41
3	99
0	594
14	1992
15	21
2	20
99	119
1	186
26	390
229	1227
0	1633
2	414
0	395
1	149
0	1945
40	328
1	1514
0	70
0	106
375	3
6	34
0	135
0	73
0	97
9	86
11	252
386	150
0	77
20	9
11	41
12	1974
17	952
0	115
28	4
9	80
0	25
5	90
32	107
6	41
0	9
0	2011
700	0
0	0
0	0
411	28
3	2
5	25
3	362
32	366
0	347
13	363
0	40
21	109
0	2
0	0
0	0
0	0
0	0
6	65
6	39
0	76
1	51
0	5
3	9
0	0
0	76
1	0
0	0
0	0
152	0
0	0
0	0
0	0
0	522
546	554
0	130
0	53
3	4342
0	5842
0	5427
1	5316
10	493
17	229
0	442
39	1496
49	1492
15	840
1	5950
9	313
1	312
0	1
0	0
0	0
0	0
0	0
0	0
0	0
0	0
0	0
24	125
13	129
8	100
15	111
16	22
0	0
0	0
0	0
0	0
0	0
0	0
0	0
0	1
0	1
0	1
915	306
10	133
0	157
1	113
0	36
0	7
0	0
3	0
238	4661
3	5
3	61
12	4595
2	2
0	29
202	458
16	459
695	210
5	10
0	8
0	193
4	174
0	155
0	2
0	0
0	34
0	4
0	0
33	33
3	33
0	2
14	21
38	28
1	24
0	0
1	0
64	57
0	57
0	0
83	743
10	741
91	373
0	100
1	95
6	51
11	56
37	3
1	12
0	3
815	5
13	253
0	306
0	276
0	303
1	140
12	39
0	294
0	0
2027	1
0	14
0	14
0	7
0	16
0	1
2	177
6	176
60	0
0	0
0	0
5	1061
3	1172
15	962
14	454
2	46
0	206
0	88
1	2
0	2
0	0
0	0
18	0
0	14
0	0
0	14
0	0
0	0
0	0
0	0
0	0
835	59
0	48
0	15
0	3
0	9
0	0
223	203
0	28
0	160
0	56
0	30
0	180
2	83
45	200
2	51
0	0
3	85
10	0
3	0
0	8
1	8
0	1
1	9
17	49
9	40
4	40
9	191
605	445
2	120
6	77
3	216
0	0
0	0
0	0
0	0
0	0
116	101
2	0
3	76
1	22
8	25
0	0
0	0
0	0
3	10
0	10
0	0
0	0
0	2
323	0
347	1008
24	945
0	0
80	185
0	0
29	3
132	11
0	470
0	0
0	0
0	0
0	0
2	0
0	0
0	16
14	930
716	1617
0	1034
1	3
3	68
0	0
0	2
0	10
0	78
7	86
2	371
224	348
0	306
0	78
1	0
197	85
6	85
19	1326
8	588
29	1269
3	1047
2	169
35	592
0	829
1	0
0	0
0	0
0	0
0	0
0	0
0	0
0	0
0	0
0	0
0	21
10	78
0	29
3	78
0	34
3	22
1	8
159	406
0	406
1	28
81	890
4	73
6	890
1	48
1	15
0	47
3	2
17	102
0	1
0	1
0	0
0	1
0	0
717	0
5	0
0	0
0	0
1	15
0	28
0	181
0	0
0	2
0	2
0	2
1	0
1	0
1	65
0	18
47	61
0	178
1	0
0	2357
1816	3104
36	3096
1	351
3	21
6	21
0	1107
0	0
0	0
0	1
617	1101
9	1103
1	1107
0	0
1	0
0	0
360	67
2	67
0	1
32	340
10	340
0	0
0	0
0	0
0	0
0	764
0	515
0	314
0	493
0	23
0	17
18	68
0	3
0	51
1	53
0	695
0	719
0	741
0	0
273	308
11	307
17	315
1	122
535	0
1557	1
33	3336
2	2531
0	2096
3	108
21	2826
11	2712
39	70
2	198
6	628
0	43
174	11
4	0
0	539
4	168
21	125
0	5
0	5
229	72
0	72
4	0
0	0
0	12
0	12
1355	96
0	96
0	88
84	497
29	500
2	82
0	65
4	109
0	8
12	0
0	51
0	45
2161	6
1	0
0	1976
1	0
0	0
73	1524
28	1507
1	151
1	60
0	74
0	23
0	66
0	0
1	0
0	0
77	1
0	0
0	0
0	0
3	0
0	0
0	0
0	0
149	287
4	281
19	246
0	25
0	12
0	8
0	0
56	1315
1	2176
39	2111
2	1352
2	1217
6	22
2	2234
5	0
733	390
7	403
9	404
0	0
5	295
585	346
1	137
13	168
4	320
0	13
0	26
0	33
0	1
0	319
0	125
0	298
0	298
2	0
14	0
1	2
2258	30089
75	29415
7	29231
2	15647
0	12235
50	15747
39	12990
2	9191
37	6059
15	8888
0	5824
0	4571
55	1737
0	1737
11	1656
3	1737
8	762
0	41
2	182
30	135
13	7
0	0
4	52
1938	191
16	5
4	26
15	11
1	124
0	0
0	2054
0	2035
2	1433
3	656
39	87
0	2074
0	1904
0	1952
1	118
0	156
3	388
0	362
16	410
1	14
0	0
0	0
1	675
6	626
2	632
10	73
3	125
1	639
5	42
0	550
0	476
0	441
23	16
0	37
9	394
41	440
1	391
12	0
66	59
12	51
0	8
6	484
1	344
6	349
1	6
5	233
0	33
1	0
3	89
0	63
685	342
1	340
0	1
28	172
6	175
3	234
49	370
18	234
5	209
4	364
11	112
0	448
0	49
3	256
20	150
1	99
0	0
0	0
1163	342
4	124
0	184
0	31
46	579
6	148
1	532
15	19
1	585
223	0
0	0
5	6988
0	5858
8	4000
9	3611
0	6535
0	2
1	2
0	0
8	0
0	0
0	0
2	0
0	106
1403	108
28	1427
0	1509
16	1358
5	241
6	61
35	484
2	237
1	14
0	150
1	133
23	110
0	0
1860	0
147	1357
14	671
5	686
1	411
0	39
0	6
0	4
2	412
0	0
0	0
0	0
0	0
0	0
0	0
20	197
3	197
33	38
0	0
2	0
0	0
249	354
2	127
0	249
0	5
0	17
0	9
291	9
20	819
31	819
3	231
776	392
0	102
4	13
0	3
0	3
0	0
1	0
1	3
5127	1
4	0
7	30
331	440
0	440
3	0
217	28
33	28
79	953
12	953
1	9
0	76
2	63
1	10
0	32
0	32
0	0
0	1
7	2003
0	1311
1	1466
0	1507
0	1541
1	1055
25	118
6	0
0	1
0	1
0	0
0	0
0	0
3	577
218	577
170	167
2	0
0	167
0	0
0	0
0	3
4	3
37	3148
0	2258
33	3064
454	2023
3	2
0	0
30	1334
940	1333
35	285
24	3348
20	102
57	3
29	1
4	1016
26	146
10	3348
0	0
24	33
9	1615
493	2844
11	2768
1	321
4	2044
0	81
6	0
78	899
96	38
0	44
0	0
0	0
0	0
3	280
463	412
2	67
0	316
1	6
0	25
0	25
0	25
0	18
0	14
0	0
0	0
0	0
0	1111
3	1045
0	110
3	58
10	364
5	65
0	22
181	97
0	73
0	56
0	80
0	0
0	10
1	0
0	0
0	0
0	0
0	7
0	7
0	7
0	7
0	0
0	0
10	19
0	14
0	12
0	0
0	0
0	2
0	0
1	0
0	0
0	0
0	0
0	0
0	0
0	0
0	0
0	0
8	544
22	166
1	49
70	16
0	12
2	539
10	871
3	67
2	210
4	817
0	505
7	394
2	124
5	164
21	159
0	9
2	8
0	15
7	9
2	23
24	528
138	606
18	575
4	0
226	4973
4	180
0	831
19	4594
0	180
2	2088
0	21
515	303
24	293
10	295
7	173
1	0
111	709
0	710
29	277
1	70
0	15
9	92
64	29
0	0
0	0
1	0
0	0
0	0
2	6
0	6
0	0
0	0
0	0
0	0
0	0
3	374
5	53
4	324
3	0
0	56
0	0
0	0
9	0
42	4920
237	4693
407	4575
102	2997
2	2776
17	1985
2	563
930	0
0	0
0	0
11	0
0	0
0	0
0	11
6	545
0	65
0	551
0	0
0	3
0	2
0	0
0	0
0	0
0	0
3385	540
0	226
1	305
0	304
3	36
26	164
17	164
0	7
0	84
1466	48995
12	6119
1	42890
18	1641
0	0
0	0
0	0
122	187
0	24
0	44
0	0
1	65
14	65
15	822
0	303
0	687
3	666
0	732
0	720
6	38
2	40
2	0
0	317
0	55
8	297
0	21
0	34
1	27
2	126
1	83
0	753
0	52
10	277
152	316
0	55
0	265
0	23
0	20
0	56
1	2
0	191
0	1
1	16
8	176
2	79
0	29
0	14
676	0
6	4228
1	983
0	3459
0	6
0	2061
11	2641
0	1
0	155
1	1173
0	3287
11	0
2	0
1774	353
0	157
0	193
0	0
0	0
0	1
0	2
0	1
0	0
0	23
0	0
0	0
45	490
1	492
38	555
0	4
29	49
0	0
23	65
0	0
5	380
134	3051
42	310
0	150
0	4
0	2601
8	2467
0	59
271	2507
78	37
0	1
3	1
2	35
0	15
0	10
0	4
21	269
13	245
0	123
3	49
1	0
0	32
0	0
23	1788
0	741
3	16
195	1557
0	19
0	2
59	725
207	143
1	22
1	83
2	87
0	4
9	284
5	276
0	14
1	0
0	135
0	9
0	27
0	28
0	12
1	20
0	34
0	15
0	285
0	262
286	293
0	111
0	100
0	103
2	61
1	4
0	121
0	0
0	0
2	2662
1	2698
1	566
5	692
1	143
1	77
805	136
0	0
34	136
1163	1
0	0
0	0
0	0
0	0
0	0
5	3
0	3
0	2272
0	2406
0	2366
0	2221
7	23
14	0
20	170
3	14
6	10
1	10
0	0
0	2392
28	584
24	557
0	522
512	4958
17	4
0	3
0	0
0	0
0	0
0	1
2	4953
3	2
0	2
12	41
0	45
9	57
0	5
3	11
1	0
2	0
318	102
0	102
6	0
2	0
0	0
0	0
4	174
3581	252
22	176
11	14
0	0
0	0
0	0
0	0
0	0
0	0
0	0
0	0
0	1099
45	1099
0	1
0	70
0	81
0	0
0	0
0	0
59	0
0	0
2	0
0	0
0	0
0	0
0	0
0	0
183	13
0	12
190	494
0	489
105	433
0	222
0	0
0	0
1	1
10	413
497	414
0	0
0	0
5	7
286	0
0	0
5	449
0	154
15	449
3	4
1	12
2	92
79	341
37	367
139	2365
98	1557
0	1208
7	155
0	0
38	6
4	9
0	4
2	1931
35	6
18	2974
2	0
0	2
0	242
8	7620
7	7225
13	416
0	2886
0	2835
0	60
0	4445
0	2198
18	31
17	31
0	2
2	16
7	0
0	0
0	47
0	37
0	7
33	38
308	141
0	141
0	141
0	853
3	126
0	624
0	8
35	596
15	426
0	9
0	170
26	74
0	132
19	1231
13	177
0	506
0	1208
0	1259
13	1195
0	243
7	54
6	2
136	104
81	293
0	8
4	15
0	23
0	272
1297	636
0	338
5	149
0	158
16	16
0	103
6	31
1	2
82	170
44	202
0	162
0	87
0	124
0	109
0	0
1292	11
4	10
5	0
1	62
2	950
21	1057
3	7
7	11
22	56
3	52
1	53
36	56
18	30
0	13
16	9
8	0
0	8
2	8
0	1056
7	711
5	0
0	72
2	137
5	73
2	654
1	29
5	549
0	8
0	0
0	0
9	4
3	4
0	0
0	0
0	0
3	107
113	397
2	138
3	0
0	0
1	228
1	43
0	68
84	668
12	321
0	38
7	267
0	0
0	639
11	289
0	0
0	0
0	0
1	741
65	551
0	389
1	283
0	355
0	330
0	21
8	102
5	181
0	257
0	178
14	105
2434	2848
13	2629
14	219
1118	230
3	9
1	218
168	6
4	27
1	56
123	804
105	805
0	102
9	97
0	35
0	38
0	5
0	5
0	0
0	0
0	0
0	0
0	0
2	1027
0	1065
14	111
42	214
1	76
8	56
2	9
2	168
30	159
1	160
5	3
0	169
0	165
1	198
0	178
65	70
8	0
29	1143
12	1092
35	1149
11	13
0	0
0	1131
208	26
0	26
0	0
102	1688
1	141
104	485
35	1116
0	493
0	62
2	25
0	28
8	11
19	0
1	21
8	0
0	0
2616	3
0	0
0	0
0	0
0	0
1	728
0	1996
4	4699
132	4646
2	4490
12	161
0	65
0	0
0	0
0	0
0	0
82	526
17	509
12	139
0	10
6	92
1	69
84	16
4	42
42	1210
19	154
84	7
0	1071
1	0
9	39
0	128
0	0
14	0
0	0
475	2651
0	2448
1	450
0	0
0	0
0	0
0	0
0	0
1853	2996
0	43
29	2952
0	0
47	0
18	0
0	0
0	0
0	0
31	0
0	39
0	31
0	40
3	83
1	0
5	35
0	1
0	0
0	0
2	0
0	0
7	493
2	493
15	483
8	576
0	70
0	110
0	5
1	45
0	7
0	9
0	0
0	34
0	9
0	46
0	34
0	6
0	3
0	26
0	12
0	0
0	0
20	598
2	185
22	121
48	598
0	0
0	0
0	0
8	1
377	463
7	87
1	154
0	78
2	100
3	83
0	371
25	52
6	10
0	26
0	56
0	12
0	0
0	0
1514	1069
2	901
40	1067
0	0
10	769
1	708
44	624
8	646
0	25
1	193
0	179
0	3415
0	3764
36	16
24	42
37	1411
2	1271
37	42
0	0
0	104
83	393
3	281
2	371
0	514
0	484
0	577
1	33
34	189
0	77
1	4
0	117
0	70
0	38
0	33
0	4
0	9
2	63
2	35
9	0
0	1
0	1
0	0
0	4
70	4
315	591
2	591
0	0
0	26
4	44
17	0
1	2
0	2
0	0
0	1
2	1
333	364
12	95
1	0
0	11
3	0
0	260
9	4
0	17
4	21
0	1
0	0
2	1
470	1
3	9
83	265
13	12
46	210
4	95
0	37
0	23
1	23
0	0
0	215
1359	223
12	215
0	69
3	97
0	0
0	0
0	0
0	0
0	0
0	0
0	0
0	0
1003	413
11	410
0	0
122	558
2	56
0	174
0	347
0	259
1	98
1	193
1	80
0	303
2604	1685
147	794
0	52
3	1321
0	561
2	722
2	583
8	518
4	85
0	85
0	314
2	0
16	220
5	50
0	12
818	0
0	0
0	0
0	0
31	2
8	2
0	0
0	0
0	0
0	0
0	0
0	2
363	1070
7	1071
0	1
0	15
0	0
0	0
0	10
0	11
0	11
0	0
0	0
0	0
0	0
0	0
0	0
0	0
0	0
0	0
0	9
0	20
9	18
0	20
1	6
0	18
0	1
3	7
1605	11873
121	11939
2	2622
7	10
12	396
5	770
3	2397
0	0
0	0
0	0
0	0
262	1144
3	72
34	629
0	965
1	144
3	10
1	5
2	45
9	45
0	0
0	0
265	1255
1	1255
16	96
9612	106
2	203
62	347
1	78
0	8
0	204
0	89
0	29
934	30
0	0
0	0
1	257
70	269
1	222
2	29
1	51
3	26
0	6
21	345
6	90
0	57
7	0
0	281
0	3
0	0
0	0
0	0
1760	652
0	8
0	88
20	604
0	86
0	49
0	3
0	209
0	52
0	88
3	197
0	194
0	30
0	0
0	0
0	3
2	13
0	10
2	0
0	0
356	0
0	0
0	0
1	85
0	78
2	962
9	1449
0	341
4	199
81	94
0	1449
0	0
0	0
8	0
494	0
1	10
7	10
3	80
10	127
9	16
2	128
0	1
0	0
0	0
3550	6
2	82
0	89
0	62
0	41
1	45
0	0
10	46
0	1089
1	174
0	46
5	42
51	23
1	1089
1	0
1	0
4	2
0	2
14	0
671	729
0	729
0	20
0	0
0	1
2	738
16	862
2	60
8	231
0	2
0	4
0	5
0	5
0	5
0	0
0	0
0	0
0	5
0	0
0	2
0	0
0	5
83	85
0	30
0	73
0	26
0	48
0	1
1	48
0	4
0	3
0	4
25	216
2	0
21	216
0	240
0	19
615	64
0	3
0	1
0	59
546	230
75	229
18	115
84	1
208	685
5	676
0	125
29	50
9	171
73	339
3	177
0	676
0	0
3	35
0	35
103	0
269	52
4	2
0	50
6964	6
4	0
1743	395
14	189
9	16
10	189
1	170
90	170
5	156
1	61
0	61
0	0
0	0
6	1151
250	1799
354	1069
13	1036
68	170
9	162
6	13
46	1732
0	1284
484	5161
7	2901
0	841
52	13
2188	403
0	210
18	5
3	127
5	188
0	0
0	40
35	1014
251	1114
1	163
0	158
0	124
26	166
48	192
9	43
0	0
0	1
1	20
0	0
64	114
0	110
1	12
3	67
0	41
0	11
1838	2
1	2
273	2
60	253
132	253
0	0
0	0
189	55
2	55
1	39
84	297
10	297
3	405
8	171
5	400
1	20
36	371
3	358
5	368
0	371
1	2
0	284
52	89
0	104
4	59
0	0
2	1
0	0
0	0
0	104
31	15
868	520
20	186
1	502
7	121
14	130
0	42
0	103
8	0
0	0
3	63
59	111
21	198
7	483
0	549
8	629
0	41
12	0
0	0
12	992
22	992
0	0
29	0
0	0
449	99
6	99
0	26
0	52
312	1885
76	1815
24	412
20	168
89	796
12	526
6	174
0	156
1	578
3	610
69	605
2	137
0	604
5	21
0	50
5	30
0	60
13	15
0	0
0	4
2	0
9	25
16	25
143	262
0	0
0	255
0	0
159	34
0	34
0	3
5	1
0	106
37	106
431	1
61	476
13	476
5	3
0	44
1	1
11	0
0	0
21	0
222	795
7	2
9	26
6	26
2	17
8	0
81	203
0	306
0	296
927	0
1	0
237	226
0	212
0	0
0	137
0	7
0	0
0	0
0	0
0	0
0	0
0	676
9	677
0	9
0	1
0	0
0	0
0	0
45	995
1	4
0	74
0	36
0	36
7	958
0	201
1213	667
0	406
0	23
0	0
1	257
17	1
0	0
633	1485
0	293
0	462
1	433
0	81
0	1230
12	108
22	13
6	53
11	1
3	4
3	4
76	209
0	8
0	19
6	207
1	11
0	9
12	6
4	7
0	6
16	640
0	89
0	1004
41	1725
5	19
0	93
0	1
2	0
0	2
6	826
1	0
0	1122
1496	1892
108	836
0	1813
8	10
8	243
7	52
1	93
1	645
1	197
2506	223
26	124
21	115
1	94
0	0
5	318
0	405
17	369
0	78
0	20
1	39
57	109
0	4
4	9
0	11
12	60
411	169
0	103
1	75
66	1541
3	1335
4	36
38	1184
0	159
0	6
22	866
4	2
1026	2
37	2381
0	1749
33	303
1	313
15	1856
62	1895
0	2099
1	1206
8	169
46	0
22	8
0	1187
0	8
0	562
0	0
0	0
0	0
13	1022
2183	1282
0	114
2	81
4	70
13	46
0	46
38	21
1	13
0	2
2	0
24	107
0	0
6	108
7	107
1	7
2	8
2	7
0	0
0	0
163	47
12	47
3	0
2	1502
0	23
0	7
0	111
2	62
2	24
0	0
0	9
0	3
1	49
0	10
0	9
6	0
0	0
4	248
0	18
0	1490
12	12
5	30
0	26
0	666
0	666
0	0
544	0
848	180
0	3
1	178
333	8
136	238
0	116
0	114
0	86
1	65
508	394
13	334
18	132
954	0
338	3139
139	2666
3	29
35	611
6	4
6	19
0	1611
52	2034
0	1800
0	724
0	49
9	79
4	0
2	789
0	40
0	40
0	3
14	9
0	9
0	9
0	5
0	5
0	5
0	0
0	0
0	0
0	0
0	0
0	0
4	15
0	15
3	28
1	32
2	31
0	88
0	138
4	42
0	76
0	126
0	1
0	0
0	0
321	370
2	297
1	42
1	0
0	52
1	2
6	0
86	319
11	175
0	339
3	55
3	2
1	5
0	522
1	42
0	37
9	75
0	514
55	36
3	387
0	103
0	81
1	522
0	0
1	15
0	15
0	16
0	7
0	1
0	2
976	685
5	682
2	510
180	1161
2	48
80	212
0	745
1	560
3	19
1	425
54	35
422	597
10	161
4	24
4	64
52	381
6	1
8	0
15	164
0	299
19	455
0	145
1	162
0	126
0	364
0	328
0	483
0	197
0	0
0	0
0	0
0	0
0	363
28	848
452	2
0	0
0	0
0	2
0	2
0	0
0	0
0	0
0	1
34	313
59	686
21	683
13	778
6	657
0	713
1318	800
17	473
12	531
56	43
2	3
1	11
0	2194
0	2217
0	15
0	2127
3	6
13	15
1	8
0	0
0	2127
15	3
11	284
4	218
0	81
15	66
0	10
0	0
0	259
16	0
2775	14704
24	14546
0	0
0	0
0	0
0	0
71	1510
116	1532
12	1203
0	1110
9	67
0	135
39	323
2	81
1	5
1	166
52	158
0	117
16	158
17	780
0	1806
0	1488
1	0
0	260
8	10
5	10
0	0
321	109
32	78
0	16
4	78
3	29
0	26
0	0
0	0
0	0
3760	1911
4	743
2	303
1	274
4	722
0	6
217	185
13	19
0	103
23	0
0	0
0	0
0	0
0	69
9	17
2	65
1	57
0	2
6	317
195	383
12	345
7	0
0	241
0	0
0	0
0	0
0	0
0	0
0	0
0	0
24	352
2	278
11	70
0	311
0	223
1	84
0	0
11	42
1	41
14	302
16	1
0	191
3188	6940
36	6930
28	3
1	1296
0	1458
5	2974
3	1551
6	6
82	587
0	22
0	251
0	51
3	336
0	23
3	0
1	1
113	396
1	361
0	0
1	54
0	439
4	0
4900	2493
2	528
0	225
4	1142
1	812
40	5
13	923
0	0
221	107
2	47
2	12
0	10
1	6
6	4
1	32
840	565
9	542
1	353
0	23
0	565
3	36
2	45
40	659
0	4
0	87
2	659
0	80
0	112
2	127
0	103
5	67
18	148
40	264
5	327
0	0
6	73
1	121
0	174
23	5
0	27
0	0
1	127
778	129
2	29
1	0
1	2
457	0
113	1
0	0
0	0
5	1700
0	0
8	6
0	1
0	129
0	235
0	2086
0	2582
0	1793
4	2618
0	1691
1	911
3	2595
1	2543
29	232
6	28
0	1695
1	51
0	958
0	140
7	154
0	66
2	123
0	44
3	94
0	47
5	62
56	474
0	46
5	44
0	185
473	2
8	2
237	2
0	1685
25	877
2	228
21	215
36	1686
0	250
0	253
0	243
0	244
0	17
0	184
0	190
0	0
0	0
0	0
305	101
0	93
10	8
0	2157
1	2014
6	3
21	2115
0	0
0	0
25	0
1	0
0	0
0	1352
52	1352
634	0
20	825
4	825
3	0
0	0
138	3
2	3
955	726
0	725
32	1990
109	137
0	5
84	1101
87	486
8	1713
0	0
30	108
0	31
0	29
1	59
0	10
0	0
0	0
0	0
0	133
0	0
1	193
0	673
0	371
0	132
2	394
0	698
0	585
0	695
0	733
0	877
64	826
217	716
0	313
0	281
3	13
2	94
0	0
0	6
0	9
0	10
0	11
0	0
1	182
1	11
22	893
3	9
23	144
0	871
0	0
0	0
0	0
0	0
40	0
558	8
0	8
2	0
0	47
0	0
0	0
0	0
0	73
0	76
0	65
0	60
0	12
0	0
0	13
0	2
1	0
4	0
0	75
0	74
958	1377
127	1377
0	0
8	18
0	18
13	453
38	476
71	475
8	445
1	123
9	18
0	24
0	0
0	0
87	4813
158	4813
187	390
610	69
183	60
46	7
4	4430
285	5
4	1
0	4
0	450
151	2559
5	2825
3	411
121	699
3	145
1	365
6	352
7	21
6	3454
0	3561
2	348
279	3562
1	741
0	277
22	201
2	0
0	0
0	0
4	3394
17	1791
0	289
1	0
0	0
4	0
3	856
0	96
1	820
6	0
0	604
7	502
0	221
3	162
2	18
0	15
21	0
1	3292
112	1845
0	725
33	1628
0	222
1	1426
3	1052
10	45
0	162
23	562
0	483
0	87
0	106
13	350
5	157
1486	9
177	6
80	851
0	1756
6	82
0	87
1684	1700
150	659
1	51
4	4
1	224
2	68
0	21
7	1
32	0
221	0
0	98
0	28
0	812
2	9
2	971
1	0
1	815
1	571
0	0
23	982
12	17
1	0
0	1044
0	135
0	7
9	13
3	161
58	110
184	144
0	110
36	86
3	86
11	65
0	4
0	0
1	1156
5	720
0	3223
0	337
10	170
0	298
0	520
5	2920
346	241
1	239
1	25
0	176
0	68
0	37
77	6404
0	4077
9	799
19	6351
44	6445
2	447
0	165
10	170
74	22
128	89
126	8307
87	7398
1	6725
0	2347
5	220
0	163
6	163
1	0
0	47
0	43
2	31
0	31
0	13
0	19
0	2
0	4
0	1
0	0
0	47
49	456
12	446
0	30
25	186
0	123
0	50
0	0
6	25
0	14
0	0
6	455
2	503
28	1006
97	1083
3	77
38	82
741	97
9	14
3	217
19	215
4	27
0	17
64	540
0	0
0	534
0	35
1	103
0	88
0	213
24	337
249	418
0	260
8	40
8	2
0	270
0	264
0	144
1	9
25	143
1	1
0	2
0	1
7	273
0	279
0	266
0	269
1	270
5	17
0	25
1	13
0	31
0	36
6	163
0	8
0	11
0	24
1	0
0	232
0	6
0	281
380	16
1	2
0	2
0	12
0	1
0	2301
82	1900
9	266
0	2173
1	135
14	217
3	288
29	279
0	138
0	54
0	83
2	28
2	52
0	2
0	3856
51	2901
140	3964
0	819
21	1
0	11
2	217
0	264
1	17
0	21
28	56
0	35
0	0
0	0
1	0
0	0
0	0
0	0
2	0
0	0
515	796
7	199
22	597
543	2742
1	2070
0	1538
0	473
3	0
1	276
1	233
5	406
137	418
0	95
0	12
1	7
0	5
4	2
0	2
3	1
106	1702
0	770
5	546
4	61
11	1139
25	92
11378	18213
152	16934
15	32
24	16041
24	8310
1107	329
5	328
0	202
4	202
0	75
6	202
0	0
0	1
7	334
1	116
4	17
0	289
0	289
0	29
0	223
0	155
968	3671
31	3354
2	995
2	24
62	0
0	82
8	82
2	3
0	5
0	3
0	3
0	0
0	2
0	0
0	0
0	0
0	0
0	0
1	600
1	595
0	35
11	42
37	165
0	250
0	265
5	494
0	543
0	1
508	528
6	480
0	31
18	53
24	48
0	18
1	0
0	0
115	294
13	522
0	465
4	104
8	293
0	37
0	8
1	3
407	81
49	9
0	16
1	1
0	71
2	2
9	1
0	0
0	0
0	0
0	0
76	97
0	0
4	4
1	12
11	64
0	78
4	86
0	359
102	632
8	609
0	41
9	27
751	84
0	84
0	1
0	1
0	0
0	1
0	0
0	0
131	15
13	15
2	0
499	1
481	36
7	34
3	29
0	29
1	342
0	307
0	297
3	70
0	102
29	84
0	13
0	3
1	1
0	511
633	907
67	14
0	19
0	894
4	184
6	35
0	0
0	0
0	0
0	0
38	100
165	101
0	4
1	2
0	42
2	42
1	42
0	1
0	6
0	39
520	308
1	250
0	32
1	23
0	15
0	6
2	6
0	6
8	34
96	622
2	622
2	53
873	55
17	43
0	18
0	21
0	0
0	2
583	429
0	58
1	30
0	32
0	0
1	4
0	5
47	320
0	47
0	68
0	7
74	2949
32	2686
0	2953
90	2677
1719	2756
0	381
23	68
48	437
8	402
15	415
5	0
0	1
0	1
56	175
50	411
8	369
0	101
10	0
55	176
1596	1
18	12
2	12
0	5
0	0
0	4
148	878
56	1103
1	15
2	3
0	1085
2572	88
0	87
2	8
62	1245
5	6394
0	439
11	93
42	0
4	214
0	1042
1	75
23	6297
3	131
0	231
0	92
0	96
0	165
0	44
0	117
0	0
0	0
0	0
1174	224
3	16
6	126
22	77
1	66
0	108
76	429
1561	507
0	77
0	0
0	0
1	0
68	991
3	991
0	1
26	12
0	3
1	4
0	17
1	56
0	0
0	0
0	0
1879	674
64	667
61	50
4	43
16708	201
0	179
3	0
0	0
0	0
0	0
769	29
0	29
0	0
139	1043
13	977
0	85
14	326
5	217
0	109
1	101
12	91
2	87
2	90
0	26
0	0
0	16
0	9
0	8
0	1
0	0
0	0
0	0
0	0
0	0
0	143
274	144
627	1050
0	180
0	62
16	863
0	1396
54	1464
1	83
69	927
0	99
0	22
0	1
2	46
1	0
0	0
0	1475
2	2
0	2
0	1
0	0
1	0
0	0
137	50
4	50
2	0
1113	3
0	2
0	76
0	73
0	10
0	9
0	9
0	0
693	6405
16	825
0	3101
0	88
0	4431
0	6403
66	2260
12	2256
71	2323
20	2186
2	0
0	20
3	755
40	891
71	784
11	699
22	87
59	162
19	92
0	0
0	3176
0	0
2	104
5	548
1155	4079
1	508
0	4091
0	4175
0	3982
2	333
0	1686
15	34
118	4286
3	2283
0	325
1	30
0	295
0	254
0	1739
0	229
0	11
0	0
0	1578
0	2538
0	2504
0	2323
0	2323
1	1482
0	825
0	2467
17	2436
0	1736
0	428
1174	2974
5	21
5	1525
1	114
12	1652
7	2923
70	104
3	380
0	2906
0	1659
0	2921
0	2896
0	2992
2	0
107	612
5	612
41	570
6	105
0	83
0	0
522	0
245	56
2	35
1	21
39	0
0	0
0	0
0	0
0	0
16	3626
15	4415
7	2173
9	2457
3	6
2	2414
3	448
6	389
1	55
12	165
0	107
1	112
0	1
0	0
0	1
0	0
0	192
0	2
45	4765
34	95
167	4543
1	157
1	1756
0	714
10	232
305	612
7	599
4	17
10	488
0	0
6	500
2	473
0	31
11	39
46	25
0	0
0	0
0	0
0	0
0	0
190	1437
34	591
2	144
0	143
2	24
0	1177
1	6
1068	4
2	79
805	1165
0	2
23	569
0	480
2	829
170	948
27	1115
3	232
4	102
18	23
0	0
0	262
0	3
0	2
0	3
0	1
0	4
25	387
24	387
17	17
0	17
367	229
0	228
0	19
0	0
2	0
0	0
0	0
55	9863
9	1992
2	90
1	181
0	175
43	14
47	1205
0	6766
8	2081
6	4314
35	6924
25	2085
0	736
14	10130
0	9786
0	0
0	0
3	1
2	2
0	1
0	0
0	28
2	0
0	0
14	1
0	0
0	1
0	0
0	0
0	0
36	1179
82	1172
0	1096
13	273
0	455
1	456
2	265
7	14
10	12
130	0
22	53
0	6
652	762
113	1314
0	1164
0	949
2	88
5	352
1	3
2	21
36	21
0	4
5	249
20	366
3	53
25	210
3	10
4	80
0	52
0	289
5	6
1	19
1	66
2	38
123	665
0	609
8	624
22	64
0	0
0	0
43	0
364	200
17	147
4	52
0	0
0	0
2	1239
0	681
0	1249
0	1297
4	91
0	926
0	63
0	432
0	551
0	490
0	658
0	546
0	586
0	550
0	520
0	515
0	479
0	524
0	519
0	591
0	107
0	32
4	67
1	24
0	22
18	69
7	88
22	0
0	0
268	327
1	44
0	283
0	0
0	0
0	52
0	22
0	10
18	630
10	312
13	616
0	0
3	49
1	10
0	4
0	42
37	56
0	54
0	5
0	39
0	28
5	3
0	469
183	47
8	46
0	2
0	0
0	0
0	0
0	0
1	17
23	983
3	14532
0	86
0	44
1	13714
0	275
0	192
1	1102
3	37
0	304
10	1128
0	24
6	0
0	131
14	132
23	92
3	18
0	0
1	111
0	10
17	5
4	104
0	1115
0	38
733	41
3	2350
0	2395
0	2458
0	2334
0	2405
0	2432
0	2371
0	2421
44	2381
0	2194
5	63
2	170
41	2
89	9
0	1231
18	2365
0	12
0	2
0	0
0	0
0	4
0	9
0	52
0	55
4	54
0	55
0	56
0	0
0	0
0	11
74	275
1	65
4	94
0	147
0	104
3	7
1	58
0	20
400	56
0	56
378	0
0	0
8	5
0	0
0	0
0	5
0	1
1	1
0	0
0	0
1	0
1	0
2	11
0	58
17	59
0	19
0	3
0	1
0	0
1	210
91	385
19	3
8	126
6	12
400	519
0	28
0	302
0	210
0	1
0	0
0	0
0	0
1298	670
35	670
0	0
473	523
4	395
5	135
0	154
0	26
976	140
3	2
0	138
1	818
6	32
5	4
51	777
0	701
33	235
0	20
153	192
20	30
0	108
0	3
0	104
0	206
0	278
0	0
0	305
0	228
0	299
1	953
40	1436
4	177
4	350
6	356
0	172
1	58
10	71
26	22
27	78
1	16
0	3
29	1013
154	491
15	946
3	5
20	82
2	396
4	20
6	230
17	301
0	181
0	93
2	46
0	7
0	304
3	822
68	2763
0	16
1	231
0	31
1	1
0	30
0	19
4	11
0	8
0	67
2	2727
8	2204
2	2118
0	747
0	833
0	764
0	611
7	589
0	193
4	450
0	0
389	2970
173	1952
27	1762
8	22
19	1039
5	764
0	0
13	181
5	260
1	25
0	260
3	261
1	102
0	95
1	186
1	71
1	267
14	194
0	10
0	192
1	65
0	1
2	86
0	35
0	1
491	68
69	68
0	0
0	0
0	8
0	7
1	6
0	8
0	2
0	0
1	0
0	0
9	0
2048	19
1	17
0	0
0	1767
0	1755
0	1702
0	4
6	26
35	57
3	68
0	36
0	11
0	6
0	68
0	0
0	0
199	3112
117	3052
1	979
9	266
24	132
8	0
26	262
0	945
4	105
0	106
0	20
199	350
0	145
3	71
0	0
0	0
0	0
0	0
8	2
1	5
0	3
2	145
19	15
0	47
14	179
1	144
0	0
0	168
0	168
69	169
1713	146
5	2
6	54
8	123
3	73
347	436
3	200
224	1235
0	68
7	226
0	1029
94	375
0	29
0	137
0	19
0	130
0	0
14	0
8	1
0	0
0	0
0	1
74	1214
70	1423
0	0
2	214
0	0
17	885
246	932
15	825
0	649
5	516
9	531
0	12
0	35
1	1
5	117
1	651
1	1048
0	1160
2	574
0	1080
2	182
0	0
0	1160
0	0
51	278
309	278
25	1855
0	89
0	235
11	182
6	33
19	0
0	247
0	239
4	100
2	142
0	254
7	2
1	0
98	1890
120	1625
180	1699
3	188
72	3
0	0
0	13
0	13
0	303
1118	677
3	526
4	69
3	124
8	25
0	0
0	0
0	1
0	0
0	0
0	0
0	135
109	253
23	0
0	41
11	141
7	0
0	43
5	110
2273	433
0	173
1	261
0	262
84	264
1	14
5	8
268	657
0	59
3	0
0	597
69	51
36	44
0	24
0	11
1	2
3	4
324	476
0	8
2	133
0	1
0	3
0	0
28	710
0	710
4	87
1315	156
30	72
21	102
12	5
1	0
0	11
7	692
0	0
22	775
1	775
0	0
102	59
0	37
0	22
13	32
0	27
1	3
1	2
0	0
0	0
0	0
0	0
0	0
41	8970
23	6124
35	8264
22	3753
0	967
4	1184
0	6656
39	6338
0	37
0	592
0	3605
0	352
0	46
16	160
2	160
2	0
0	5
0	52
1	43
3	45
1	0
1	0
38	16
0	2
2	15
4	0
0	0
313	4
12	4
0	30
0	4967
0	4999
0	4980
0	5054
0	4860
0	851
0	863
14	93
137	142
0	4870
0	1
3	44
1	0
1	6
1	199
336	232
0	3
0	36
0	27
0	0
0	0
0	0
0	161
0	162
1	74
18	22
0	12
1	0
0	147
0	19
0	82
0	95
138	723
5	563
3	29
0	50
0	99
4	156
7	581
2	248
4	57
0	2
5	19
0	17
9	1
6	0
0	2
0	1
0	0
3	1
1	0
0	2
80	3993
0	3280
0	3990
4	3841
112	57
0	9
2	630
0	829
1	270
0	385
0	561
37	656
22	14
1	19
21	10
0	113
28	360
0	0
639	685
0	77
1	127
0	10
1	126
0	270
30	165
36	224
0	0
0	0
0	0
0	0
0	0
0	0
0	0
0	0
0	0
0	0
0	0
0	0
0	0
0	0
673	663
8	663
56	1478
63	2465
2	2212
1814	2432
23	12
9	84
0	190
266	412
3	346
0	61
71	12
0	97
0	4
0	0
0	0
0	0
727	27
0	8
0	20
22	0
76	0
4	1669
44	151
8	62
0	5
0	316
33	1089
0	1291
29	0
24	1
797	157
5	1
0	5
1	0
0	21
9	55
11	78
2	52
0	51
0	0
0	0
84	5541
935	4406
156	2892
286	2792
0	0
17	1957
2	34
306	1223
3	590
0	624
0	125
28	86
10	207
1	103
6	2
1	0
0	0
256	135
3	91
3	10
2	9
0	444
4	610
0	1714
0	475
0	1821
0	1223
0	0
0	2
0	0
0	0
0	0
0	903
5	143
23	903
142	0
137	2823
9	0
2	293
8	2678
0	258
5	109
1	293
10	119
3	42
0	0
12	7
0	0
0	0
0	0
0	4710
29	550
45	1217
21	102
28	7
187	1896
0	1028
57	7
9	447
4	53
12	536
0	823
4	1235
0	0
0	1
0	1
0	65
0	46
0	12
0	7
0	0
627	393
4	8
2	395
1	98
0	80
0	81
0	2
12	1934
41	1602
19	1404
5	81
2	454
0	124
3021	0
0	76
0	1485
38	0
5	1161
1	100
0	1098
24	172
1	1123
5	121
5	0
5	12
13	52
94	61
568	9
0	8
2918	85
0	81
1	0
20	317
0	311
0	21
0	4
2	5
0	0
26	366
32	366
3	24
0	0
0	0
0	0
0	0
0	0
1	1787
41	1823
12	118
11	0
7	194
3	100
1	35
187	4677
90	162
143	150
2	4407
0	158
225	4125
0	337
557	72
0	72
0	6
0	2
1666	3303
0	3498
1	2156
0	2264
172	2194
4	876
0	3084
0	1298
1	374
321	61
2	47
1	47
0	8
0	458
2	479
1	42
0	4
0	30
12	0
0	28
0	200
25	443
9	430
21	21
0	16
0	0
0	0
4770	800
66	6
165	96
6	701
0	529
1	6
1	65
2	0
0	0
0	0
0	0
0	0
2	22
0	14
0	2
0	12
0	22
0	4
0	0
0	9
0	5
0	3
0	0
0	2
3	21
10	418
16	320
0	206
0	429
83	418
0	337
104	50
448	57
0	1
0	43
1	0
0	13
9	2
285	0
176	73
34	73
323	572
214	0
22	494
0	527
48	509
3	1
2	10
3	2
0	0
0	0
0	0
0	0
238	92
4	76
6	16
16227	2116
1	1560
2	833
107	525
1	1062
0	0
132	2334
0	721
15	970
8	749
29	1681
0	1540
0	521
1	25
0	808
3	0
3	331
18	0
4	313
6	81
48	610
50	691
6	309
1	0
0	133
4	1
21	15
54	380
1	380
3	2
3	16
257	16
19555	12
10	277
0	241
9	234
5	149
16	30
0	1
1	1
0	0
0	0
1499	658
2	624
12	2
1	31
0	0
0	0
0	0
17	429
424	429
7	344
1	318
0	324
7	10
0	349
0	298
9	60
0	94
0	36
21	58
0	20
1	9
31	36
620	2846
0	160
1	0
183	2457
0	17
0	10
22	206
0	0
4	292
0	170
5	74
30	598
1	1
2	1
0	0
0	1
0	0
0	0
1	0
3	0
0	13
8	41
0	13
66	41
92	76
0	76
440	1095
11	83
21	8
3	11
1	11
466	0
0	0
14	263
6	256
0	263
0	3
37	282
16	570
1	419
18	292
1	9
0	26
2	13
2	19
0	191
7	191
0	19
0	11
0	6
9	8
1	12
0	19
0	26
7	43
0	243
1	274
6	306
0	194
56	26
115	6
376	0
2461	17
8	16
442	238
1	25
0	238
106	6
0	6
0	0
0	0
1	10
0	10
0	0
1	96
17	121
5	219
1	39
0	210
911	1
3	0
1592	459
11	228
0	288
0	390
0	4
0	394
0	269
0	7
1	0
6	38
0	51
0	2
0	2
0	2
6	562
4	549
0	545
20	216
0	263
3	19
0	49
3	17
5	10
30	55
8	22
0	19
1	1
0	0
1616	3775
2	3822
0	3098
36	924
0	80
2	240
1	277
5	250
2	5
10	3
7	0
9	59
0	11
0	2
76	54
0	24
0	20
0	0
0	0
0	0
0	0
0	0
0	0
0	0
0	0
46	149
1	149
0	3
0	0
0	0
0	0
0	0
0	0
0	0
0	0
0	0
0	0
96	855
0	683
0	127
0	385
0	36
0	3
0	0
0	0
6	865
121	865
685	861
0	11
0	122
0	0
0	0
0	0
0	0
0	0
0	0
0	0
0	0
0	0
10891	152
0	140
1	0
124	457
53	457
42	9
0	9
0	1
1	710
3	534
10	110
28	723
0	1081
161	434
0	590
7	17
0	0
0	0
0	0
0	0
0	2
0	0
0	0
0	2
0	0
1	1472
3	1671
34	1057
0	981
0	805
2	534
9460	6863
1	1256
15	810
0	1095
4	674
12	4061
3	2523
0	2489
0	76
0	127
0	0
0	3
0	3
0	1
0	1
0	1
0	1
0	0
0	1
0	3
4156	361
4	315
22	43
0	8
0	8
1	3
0	2
0	0
0	0
8	322
25	322
0	39
0	39
0	0
0	0
6	113
5	610
22	535
0	13
1	1362
125	684
5	771
3	13
0	7
6	4
2	963
8	959
0	0
0	0
0	0
0	0
0	2
1	790
0	878
3	919
0	885
13	38
0	836
1	248
0	706
0	793
1	25
2	937
9	973
0	891
3	74
0	796
1	654
0	616
1	115
66	49
0	107
0	0
13	159
43	5023
0	1606
0	4115
13	4839
5	3435
8	3334
0	2304
1	3060
3	185
0	1331
2	828
0	966
0	860
4	842
2	1047
5	0
1083	2626
23	41
1	49
257	3127
112	3143
258	61
8	200
63	353
0	312
0	42
0	0
147	174
0	97
2	95
1	84
0	47
0	43
0	39
0	31
9	13
1	7
1	27
2	32
1	17
7	17
0	9
6	2
0	224
0	846
2	964
0	60
0	853
103	666
5	187
4	11
5	176
7	83
1	5
0	26
1	52
0	644
0	635
7	114
13	105
0	119
0	96
0	89
1	69
16	1
1	0
0	156
23	133
26	214
30	68
0	225
2	217
792	0
2	2
0	33
0	133
0	6
0	15
6	120
45	116
0	3
0	8
0	0
0	0
0	0
5	16
96	925
5	43
1	14
0	881
8	50
132	900
2	846
12	601
1	49
376	3543
0	417
19	66
14	192
2	192
5	2418
6	1478
0	27
1	129
2	5
0	1477
0	0
0	0
0	0
2	12
0	12
0	3
0	1
0	27
0	3
0	27
13	817
155	650
54	570
0	257
0	110
0	0
0	0
1	22
14	110
0	0
187	80
31	69
3	10
0	1
0	1
2	1
0	1
9	5
0	2
4	0
0	0
1245	1317
73	110
4	1207
2	715
0	4
0	50
0	50
0	707
0	101
4	154
5	114
41	305
1	1
0	510
0	0
6	264
3	237
0	125
1	157
0	360
0	76
0	1
2	1
7	24
0	5
6	5
181	23
0	23
4	0
0	0
0	0
0	0
0	0
1	2
0	1
0	1
0	1
0	1
0	1
85	1143
17	1143
0	156
2	0
0	0
0	2
1	2
0	1
66	271
8	244
0	23
45	339
31	339
179	282
1	272
0	29
42	17
0	0
123	1764
58	1184
153	757
3	161
0	480
26	496
61	523
1	273
10	331
1	1514
10	605
0	27
3	27
0	0
0	2
0	2
1	2
536	166
0	165
0	0
35	8
0	8
0	2
0	0
0	0
89	207
3	29
297	1079
69	1079
1	0
179	0
0	66
0	70
0	0
0	11
0	0
1	1028
10	970
33	196
3	0
1	13
0	3
0	0
19	19
0	9
0	17
5	333
0	34
102	0
0	0
0	0
0	0
0	2
1	2
0	1
0	1903
0	63
0	63
17	462
7	370
1	231
2	0
5	49
16	223
0	117
19	0
7156	4289
0	1511
3	836
0	208
2	188
6	1461
2	11
1	1005
0	0
0	0
3	0
985	158
75	1
1819	157
37	456
1	0
0	3
0	3
0	0
9	274
35	274
0	4418
0	3696
0	661
41	1988
0	467
24	106
8	3951
1	3662
3	176
1	93
17	282
13	280
10	2
2	12
11	87
3	4777
346	370
0	370
5	370
0	0
1	1846
45	1890
0	2221
295	675
549	8547
96	9854
2832	3387
0	681
5	3
0	151
0	12
0	153
93	132
26	5571
0	0
88	881
214	1130
4	691
3	12
83	9
0	0
0	0
0	0
1	1
0	1
0	1
15	522
19	524
0	65
32	7
0	3
139	69
1	12
0	63
1	39
0	32
0	2
0	2
0	0
0	2
0	2
140	45
874	61
17	15
66	0
0	0
126	3473
62	2057
0	962
120	615
0	446
20	2498
11	93
0	764
0	54
1	2041
36	1825
61	920
1	302
26	640
0	18
4	0
24	49
9	31
0	0
0	0
0	0
0	0
31	4475
42	4485
183	4514
28	1269
0	351
51	1280
0	22
1	47
0	82
0	0
4	14
0	0
0	0
0	0
22	0
0	111
0	121
0	9
0	6
0	2
0	2
0	2
0	2
0	2
0	0
0	0
0	0
0	0
0	0
0	1
0	3
0	0
0	2
0	0
0	0
0	0
0	0
0	114
0	122
0	0
131	495
9	510
0	17
125	0
3	4
0	4
0	1860
0	2240
1	2123
14	56
1	56
0	53
1	0
0	0
291	431
0	359
2	194
4	1
4	25
50	1
1	0
31	1347
182	1389
2	1
4	34
8	110
0	609
10	0
0	0
0	0
0	2
0	1
1	94
40	222
4	145
0	12
0	4
0	4
35	1147
34	953
1	698
55	0
316	0
4	90
1	0
1	151
0	698
39	2619
9	2970
0	359
5	3322
0	0
0	3124
0	0
0	0
1667	55
0	6
8	52
0	22
0	22
65	561
7	1
0	561
926	242
0	242
5	0
10	0
0	0
0	0
0	0
0	0
0	0
0	0
0	0
0	0
0	0
0	0
863	0
15	316
44	275
3	316
0	0
0	11
0	24
0	29
0	24
0	7
0	27
2	411
0	1203
3	1171
1	41
0	1170
0	17
0	154
14	1167
0	66
0	27
0	0
431	212
1	8
0	204
10	40
25	0
0	17
20	9
0	9
631	978
5	826
4	239
0	63
3	66
4	279
10	0
5	73
2	11
17	0
1602	444
7	444
4	1405
15	1183
8	868
25	10
1	417
27	1
0	35
0	802
3	149
1	146
0	1
7	5
16	131
0	5
0	0
0	0
6	31
0	31
271	58
0	51
8	67
9	652
1196	778
11	0
3	2
0	16
0	10
4	68
0	0
0	0
0	539
4	0
51	539
542	14389
0	14392
0	13279
0	89
0	3108
100	2891
0	560
4	683
2	619
1	352
4	0
20	105
95	97
11	913
39	758
9	110
1	777
4	82
17	0
2	85
40	4
0	8
0	299
3	78
0	80
0	51
0	3
0	13
3	28
1	1
1	0
0	0
0	0
0	0
0	0
296	1669
38	1669
39	208
2	0
0	0
4	340
16	412
0	148
1	158
1	160
3	2
3	26
12	42
30	157
2	177
4	125
23	141
0	36
44	405
4	405
2	1
23580	12868
0	12530
27	295
8	274
5	22
1267	4
15	28
13	28
7	0
15	185
0	62
0	1
0	2
1	123
0	9
52	425
1098	3119
85	175
3	2727
0	2164
2	25
3	622
1	38
9	48
2	43
1	226
0	179
0	119
4	47
1	79
0	67
15	9
0	0
45	0
109	173
96	173
0	11
0	12
0	11
1	4
0	8
0	32
3	46
12	35
6	38
0	27
0	1
0	0
91	1
0	1
0	8
0	0
0	7
0	3
0	0
0	0
0	0
0	8
0	0
0	0
0	0
0	0
0	0
0	0
0	0
0	0
0	0
1	0
1	4
0	0
0	2
0	2
0	0
906	136
4	1
1	1
2	0
0	2
0	134
117	165
130	34
0	291
6	291
0	291
3	287
0	23
2	19
0	0
0	0
0	0
10	104
1460	263
4	236
0	0
2999	90
9	88
23	867
0	10
4	864
99	867
20	154
13	56
0	36
0	83
0	67
9	67
71	67
0	10
0	13
1	0
0	0
0	0
473	709
6	456
14	263
4	65
0	0
0	3
10	22
0	4
7	0
0	3
0	3
0	699
0	0
0	0
230	127
4	40
18	125
9	2155
1	1671
0	2514
0	302
700	2313
188	2156
71	135
87	128
1	7
0	0
0	0
0	0
1	0
0	0
324	296
3	302
0	231
0	33
268	116
8	103
0	7
0	13
0	6
5524	9
36	299
8	218
0	70
0	185
96	10
0	10
21	229
0	229
0	140
1	125
11	145
2	152
3	110
5	143
1	111
0	6
1	14
8	0
3	0
5	361
2	0
2	46
0	10
0	9
0	361
131	397
268	789
2	463
0	179
0	138
3	48
5	104
0	89
5	11
0	51
0	0
0	0
0	0
0	0
0	0
0	0
0	0
0	0
0	0
0	0
36	3
0	0
0	3
7	625
23	12
14	406
0	351
0	456
0	46
2	55
0	104
0	259
0	147
0	84
0	54
38	3681
80	653
43	1
17	3033
20	2373
20	3065
0	2255
3	2425
1	373
1	0
3	53
38	40
17	37
891	0
0	1564
1086	3132
0	1432
0	1869
2	59
0	1868
0	17
15	477
6	214
105	751
183	507
2	448
0	350
0	11
0	75
0	1
1	186
379	83
6	82
93	170
0	169
0	28
183	367
32	13
45	153
0	106
0	50
0	130
9	16
0	1
0	1
0	0
0	3
1	2
0	0
0	0
0	323
3	340
0	323
0	304
1	58
0	44
0	8
0	14
0	27
0	8
0	0
0	0
0	0
22	2
0	2
2	0
0	3
17	3
1	0
17	22
0	22
0	0
0	0
0	0
0	46
0	50
0	105
0	47
0	0
0	0
0	0
0	3
0	30
0	6
0	17
1	72
8	35
0	3
0	47
0	10
0	2
0	10
0	3
3	35
0	48
0	58
0	120
0	159
0	106
0	98
0	197
151	160
0	148
0	166
0	139
0	111
0	131
1139	131
3	130
0	45
0	0
2	103
301	584
5	0
0	4
0	179
6	34
0	42
8	169
0	96
14	1437
21	720
0	894
0	957
2	771
65	453
2	837
2	17
0	1757
0	559
0	21
175	2072
0	180
2	1537
6	790
6	207
13	629
0	136
0	253
0	208
3	140
1	141
108	419
518	597
2	0
11	1082
0	9
8	488
19	369
46	889
0	1072
0	0
0	896
576	896
0	0
0	0
0	0
0	0
0	0
1	0
0	0
396	342
0	289
81	150
42	82
0	0
0	0
2	834
0	218
8	353
0	814
0	150
0	59
0	12
0	27
0	556
0	1
9	54
425	121
0	93
66	164
1	164
887	109
0	0
152	0
6	0
0	0
689	532
0	314
5	136
0	155
10	151
3	68
1	6
19	25
6	1051
296	795
8	188
0	1893
0	1023
0	1008
2	844
0	756
17	1352
16	1
0	168
1	21
0	2
0	28
0	1022
109	4796
0	4462
0	49
0	2749
554	4802
0	1555
0	1817
4	400
7	173
5	408
0	742
0	40
75	1
70	276
27	83
0	22
0	0
0	0
3434	3
83	0
0	0
0	0
0	0
14	2145
86	2146
0	34
2	297
180	278
0	71
2	276
33	3687
36	435
10	3592
0	3471
5	3382
29	1
0	1582
2	258
17	7
2	0
3	0
1	0
10	61
0	1673
1	1
0	1
4	3803
53	3701
0	2915
0	3700
7	3374
83	2193
3	3286
0	26
1	175
9	570
0	0
0	577
14	1034
0	940
0	347
0	545
0	144
0	286
1	352
1	52
0	354
0	295
0	2
1	53
0	0
0	27
1	643
2	596
9	844
2	487
21	375
4	94
1	3
0	253
0	40
86	47
1	3
7	26
0	18
1	0
17	2251
204	2258
2	349
171	2207
2	79
0	96
0	130
4	142
25	316
2	2
0	36
18	72
9	55
22	2183
7	2095
139	1960
5	1059
27	362
11	242
11	164
7	57
14	378
20	106
0	185
3	262
18	324
223	610
64	100
7	45
0	23
1	2354
258	82
3	82
6	173
398	302
1	180
0	81
4145	880
0	838
1	40
1	2603
0	0
2442	109
0	56
0	53
4	78
2	27
15	2703
0	2694
0	2513
0	1452
4	980
0	262
4	323
33	245
0	217
9	49
0	2675
0	2694
994	66
9	42
0	17
9	0
0	9
0	1
17	952
11	599
0	947
1	388
0	11
112	0
55	0
0	5
0	1
1	0
1159	1544
19	1544
45	383
523	432
0	430
7	350
1	42
252	60
0	57
1	2
2	14
1	1
1	1
23	42
1	42
0	1406
0	1127
0	581
0	1128
66	1490
0	972
80	1492
24	1218
0	348
6	400
0	10
3	3
0	26
16	47
1	71
98	386
9	403
0	15
0	38
9	1271
225	1274
472	5871
15	5871
15	2516
0	164
3	0
0	0
0	5
3	164
5	566
0	531
4	274
0	558
0	47
2	3
0	0
1	3
0	3
24	111
0	65
0	37
0	46
2647	2
80	0
122	215
2	215
4	3
0	3
0	2
0	0
26	23
0	23
0	20
0	2
2	1
0	1
3	227
176	286
10	112
0	78
13	88
0	52
0	14
0	18
9	14
84	1719
0	1602
0	270
22	74
39	76
0	7
231	53
23	96
1	24
1272	54
0	24
4	3
7	8
0	1
0	14
0	0
17	620
7	603
1	631
0	164
0	191
0	101
0	76
7	7
0	73
7	57
4	20
0	6
25	16
6	379
0	50
11	286
12	50
11	370
0	12
0	24
8	62
1	33
0	339
731	340
0	89
2577	34
2	34
5	708
51	632
100	1320
26	709
1	76
9	204
0	219
4	3
1	2169
15	2312
0	1221
26	1197
13	136
9	67
0	30
35	54
0	0
830	3408
29	3924
0	3702
44	2938
0	1633
0	778
1	1423
32	1248
2	1286
0	1236
9	394
74	885
1	219
0	266
0	26
0	3389
73	0
1	36
1	36
0	3
0	1
2	0
0	0
0	0
0	0
0	67
0	67
0	65
0	67
0	65
0	0
0	67
0	69
0	0
0	0
0	0
894	0
0	0
0	0
0	0
0	0
1	1
1	1
644	36
2	28
13	33
1	0
20	446
62	223
0	166
2	60
1	78
0	487
0	236
8	580
0	0
1	0
0	0
0	0
0	0
432	1
10	1
0	0
0	0
0	0
0	64
7	84
0	228
9	16
0	343
10	437
0	451
2	837
0	529
0	843
0	860
1	285
0	510
157	824
121	14536
1040	14537
55	10733
1	1107
10	31
0	30
1	0
0	0
0	0
0	1
0	0
0	8
0	0
0	8
0	1
0	3
0	0
0	1
0	5
6719	3346
2	2616
15	3111
1	914
0	2286
72	2628
3	1969
0	2966
5	0
6	588
0	981
25	59
0	0
12	55
587	493
4	6
0	96
0	143
1	4
1	35
1	4
0	19
48	30
0	36
93	22
1	261
25	55
2	0
18	648
0	85
0	667
0	13
4	655
0	66
24	0
7	130
0	646
603	102
0	102
2	52
0	0
0	0
0	0
0	4
1	0
15	23
0	23
0	13
0	0
0	0
0	0
2326	2
0	0
9	0
54	1137
0	1168
2	405
0	338
0	125
3	286
15	101
0	49
7	21
1	26
0	1
53	9
6	9
4	22
2	12
2	9
0	2
0	1177
4	6
0	6
284	177
53	161
1	118
0	115
6	68
0	50
30	96
19	1
0	1
15	73
0	0
0	7602
4	182
0	170
0	105
0	98
0	16
0	6
0	0
0	8
0	0
4	0
16	572
9	94
0	466
0	30
0	29
0	4
0	10
0	160
3	572
1	0
0	0
1	2847
0	2980
0	3775
1	3774
4	3774
461	4281
0	2195
0	901
7	143
1	133
41	94
0	16
1	38
2	16
0	70
0	11
0	15
1	910
0	870
38	1015
3	975
6	975
0	368
0	101
1	116
5	1
0	3
13	1423
0	1366
12	1241
132	1435
23	768
0	9
26	50
0	914
1631	198
0	0
0	0
2	9
0	0
0	8
1	2
1	9
42	20
0	14
0	0
0	11
226	75
3	75
0	206
532	333
1	11
120	1
0	127
0	0
30	0
0	0
0	0
8	67
0	67
0	0
0	0
0	0
0	0
0	0
0	0
44	2380
1	2368
1	1137
47	151
94	816
16	688
88	5
199	1
3	0
0	27
0	28
634	18
1	0
5	85
0	198
1	146
0	31
0	34
0	57
0	60
2	99
63	143
0	0
0	923
208	923
5	797
153	694
0	89
0	7
0	693
0	0
0	0
0	0
0	0
0	0
3	0
41	71
630	170
0	131
0	71
0	61
0	73
0	1
0	2
1	42
0	0
0	1
0	22
6	73
6	1518
11	1518
37	1518
8	9
0	259
13	1406
1	1417
47	785
0	34
0	67
0	0
0	0
2	0
0	0
0	0
3	0
1	537
15	562
23	160
2	145
10	56
0	27
6	36
2	14
0	0
0	0
0	0
0	0
0	37
3	70
0	22
0	58
0	3
0	58
2	10
51	0
0	8
0	8
0	747
45	747
2	3
3	62
0	3
0	6
18	1656
8	1580
0	39
0	1579
746	224
1	221
0	148
0	0
0	0
0	0
120	0
1	1494
29	247
0	1201
3	1307
84	1098
0	1351
0	4
3	19
15	194
0	17
6	232
0	1
0	1
0	0
27	149
0	449
10	433
10	55
25	222
0	4
11	102
0	0
5	78
0	80
0	61
0	132
0	133
110	136
6	1
0	0
0	0
0	0
0	1
11	222
57	222
1	205
4	121
0	20
4	26
0	26
10	0
0	0
0	0
0	0
460	5351
0	298
0	611
5	252
5	807
0	4447
1	1170
262	0
117	191
35	39
5	9
1	39
5	8
0	1
0	0
0	1
4	1
0	0
0	2
185	103
4	103
21	0
2	594
0	567
0	82
0	19
0	292
0	0
8	378
0	379
0	342
0	69
0	55
0	68
0	7
0	12
0	1
0	28
0	1
46	106
2	100
0	104
0	3
0	6
3	1218
38	1435
1	1493
9	79
0	1421
0	1041
0	417
0	989
0	0
14	75
3	652
41	301
0	26
0	1385
2	157
0	110
0	0
0	165
4	0
0	0
0	0
8	1
1	1
0	0
20	74
0	73
0	49
1	13
7	13
0	136
0	125
0	136
0	137
0	136
0	122
2	110
2	56
0	3
0	3
0	11
0	1
0	0
0	0
0	1
0	0
0	0
0	0
0	0
0	0
2	5
15	0
174	292
1	285
9	279
0	59
0	12
0	1
0	0
22	1446
0	61
0	46
1	0
0	73
2	60
13	0
22	0
0	1446
38	3298
265	3298
0	38
0	0
0	0
723	3405
1	3398
22	46
11	37
1	0
0	0
0	0
0	0
0	0
0	0
0	0
0	0
0	0
0	0
0	0
0	0
4	1079
47	1204
2	505
21	717
0	207
0	0
113	173
0	174
0	124
7	7922
1573	7922
101	302
8	293
15	250
0	241
0	211
1	204
2	0
0	0
5	10
0	13
0	1
3	7
0	0
0	14
0	14
0	0
116	441
0	435
15	216
1	170
0	28
0	2
0	0
0	1
0	2
0	0
1	1
125	218
15	186
13	190
0	0
0	40
0	0
18	2422
11	0
0	2422
0	0
0	0
456	723
2	1
0	70
0	711
217	507
2	1
1	506
6	0
1	0
8	278
34	310
5	281
0	33
3	248
0	17
2	185
0	31
0	6
0	0
29	181
0	0
11	163
18	11
0	0
0	0
0	0
0	61
0	3
1	58
0	6
5	1
0	166
4	198
0	172
0	19
5003	7
65	29
0	5
0	5
4	3
1	0
61	21
18	1
0	0
0	0
0	0
93	169
1	106
0	127
19	4
18	434
0	215
10	222
0	35
69	263
65	319
0	139
0	101
0	194
0	1
0	68
0	14
0	0
11	28
3	27
0	25
0	28
0	11
0	10
0	5
89	1011
0	17
2	0
0	1
0	1004
31	656
22	666
1	592
0	705
6	0
1	440
0	104
0	139
734	227
1	227
1	76
1	0
4	60
2	61
269	65
3	70
5	0
21	27
1	27
0	24
2386	56
1	53
1	0
42	528
3	12
0	225
7	299
0	24
4	536
6	0
35	287
0	0
9	4
1	2
3	2
3	25
0	36
222	1409
24	1398
0	0
0	0
53	1
0	1
0	1
1	1
0	0
0	0
1583	137
5	135
0	0
122	725
0	725
251	2665
2	2353
205	2664
0	106
1	253
0	446
0	242
0	0
0	3206
0	1393
21	818
0	1572
1	211
6	354
2	1
2	27
0	3401
832	254
1	24
3	258
0	707
0	676
0	1
16	450
2	20
5113	7
1	0
117	996
65	996
0	0
0	1
5	105
0	104
992	2
20	1
226	459
1312	475
0	413
2	409
0	303
0	74
100	107
0	41
54	41
53	186
0	120
17	79
27	67
0	31
0	70
0	66
8	6
143	159
0	12
29	10
1	1
0	11
3	1
1	135
29	0
0	0
0	0
0	0
0	0
381	0
5	0
0	0
0	0
235	1
567	274
0	253
0	242
0	183
1	182
4	153
1	138
5	105
2	56
0	53
0	9
0	183
560	169
0	1
0	67
0	74
0	75
619	16
1	16
120	1
0	385
1	442
18	394
0	123
1	0
1	237
766	7
4	1
23	5
8	1217
20	2958
0	2743
91	2622
0	23
5	2124
1	16
0	0
0	1917
0	78
14	139
1	28
0	2
2808	1
0	0
0	0
0	0
0	0
0	3
0	10
0	9
26	0
84	33
0	33
0	11
57	0
4	135
1	6
613	142
0	59
249	511
199	94
0	219
1	308
44	57
0	317
2	519
124	551
174	682
1	233
0	558
3	1305
52	1213
0	710
1	91
5	20
0	20
8	0
1	128
11	80
9	116
9	3
0	44
0	70
3177	18
2	9
533	0
2	0
39	574
9	419
3	564
0	46
0	46
4	135
0	43
25	44
16	7
7	39
0	1
29	1
18	8
10	148
3	1150
2	1044
0	367
0	68
4	60
1	1
0	1149
0	1165
7	72
377	1644
7	1596
2	0
12	674
65	458
0	0
0	0
124	942
3	1502
262	4951
77	731
33	4595
0	19
13	0
7	51
2	100
44	338
1	14
7	127
3	61
2	55
9411	7
64	274
38	287
53	317
3	13
3	42
1	3
0	5
2	4
1	2
12	6
2	5
0	5
0	0
0	0
0	0
0	95
2	95
0	2
0	17
1	4
0	15
145	0
0	1
2	35
2	40
2	2
4	1
0	35
415	0
0	0
1	329
0	326
0	78
2	3
0	31
4	111
5	80
0	12
0	0
0	1
0	0
0	0
46	391
67	472
2	46
112	7
31	294
9	0
1	116
0	65
8	3
0	3
1	2
1255	55
1	4
0	55
3	46
17	46
0	5
1	0
0	44
237	0
1132	314
5	313
0	156
1	0
0	0
0	0
437	680
18	339
1	504
0	0
3	3
0	610
32	473
49	3217
0	3002
3	102
0	1932
0	0
0	0
79	0
130	21
4	21
2	0
2	0
71	0
0	0
0	0
0	0
1002	3222
39	3222
240	1
0	1
12	282
5	282
3	12
0	4
1	11
1	20
0	1
0	0
0	242
2	0
13	171
1	145
0	2
21	105
238	4
1	0
3	0
0	2
0	2
2846	3439
2	1587
2	2276
0	2776
1	0
15	89
0	1634
6	113
0	406
0	1609
2	638
34	210
21	210
0	76
8	30
0	18
3	49
2227	269
0	40
1	228
2	56
21	128
46	337
1	162
2	175
0	172
0	0
0	211
37	0
108	1518
25	560
1	524
78	103
0	375
0	94
7	35
0	123
2	7
40	0
1	375
0	0
0	19
0	937
2	628
43	651
2	460
0	392
0	214
5	100
25	460
5	1019
0	27
21	795
9	171
0	512
60	334
25	978
4	3
2	78
1	0
1	224
0	1021
0	36
900	635
0	321
23	417
0	556
1	437
0	177
0	107
0	1
0	116
1	0
0	0
0	0
0	0
5	588
0	381
0	602
1	0
390	587
0	238
0	0
0	0
0	238
0	1
1	2
17	82
1	17
24	13
1	27
0	9
9	14
2	0
0	82
0	0
0	0
4	0
0	0
0	0
124	117
0	83
6	5
23	129
43	1069
0	1010
30	522
25	485
78	68
0	427
0	31
3	36
2	51
3	0
16	7532
5	418
93	2450
0	2560
3	7106
24	2155
2	0
14	417
0	459
0	471
0	136
0	169
0	169
3	169
3	2
0	12
0	2196
78	67
14	226
0	183
0	147
0	0
114	123
0	122
0	0
8	461
38	477
2	26
3	16
19	46
8	35
1	31
2	2
0	38
743	2453
16	187
0	1
0	1654
0	442
13	40
40	2350
28	2188
0	0
0	0
0	0
0	0
970	155
1	152
0	120
0	0
0	0
0	0
4	2349
0	1115
12	789
0	2008
4	232
0	0
0	0
0	0
16	1110
0	855
0	244
7	53
0	179
0	173
0	0
2	170
1	176
0	1
0	51
0	51
10	0
0	1041
0	0
1250	0
27	383
1	506
123	397
3	302
13	2
9	8
7	12
76	1070
0	964
6	948
14	810
1	78
1	14
6	78
3	263
0	28
0	7
7	14
0	2
0	0
1608	512
16	507
2	4
29	0
27	0
168	310
6	320
6	213
353	0
1523	450
36	448
0	0
45	0
241	103
1	103
1141	4497
0	4421
2	232
636	850
139	854
0	0
1832	1115
48	393
111	858
3	76
46	905
0	954
0	191
0	849
29	513
1	130
0	111
0	34
2	1
0	23
0	105
5	24
0	0
0	929
9	2081
9	2072
0	2038
9	257
1	85
0	0
1	9
85	661
1	7
14	7998
9	336
45	5562
2	316
60	7050
4	340
0	35
2	581
0	0
0	0
0	0
0	0
0	0
0	0
0	0
0	0
8	25
0	25
0	6949
1	7113
2	2305
12	2453
0	3431
0	20
0	129
5	402
0	6
0	365
0	8
40	96
87	11853
0	11725
1	1118
22	1646
25	324
5	1914
18	82
3	0
0	697
0	238
0	506
60	891
89	980
6	0
0	0
0	0
0	0
0	0
0	0
0	0
40	93
1	38
0	38
5	0
0	0
0	0
952	364
10	21
22	343
0	575
0	558
0	542
0	567
0	535
0	376
1	198
15	70
0	171
17	178
21	123
0	104
0	110
0	100
0	122
0	92
3	100
0	59
2	56
0	66
0	39
0	3
0	7
0	6
0	547
1645	1
42	332
1	9
1	8
4	1
0	87
0	332
0	0
8	251
0	23
0	328
0	287
0	40
7	200
14	162
1	7
2	0
0	24
1	61
0	5
0	0
5	0
0	306
0	1
0	0
3	1
0	0
0	0
0	0
0	0
0	0
0	0
0	0
0	0
0	0
0	0
6	44
0	5
4	5
0	35
840	0
445	21
2	21
0	21
1	0
5	82
0	53
0	52
0	75
0	11
41	44
0	49
2	51
0	0
0	0
0	0
0	0
0	0
59	30
0	30
1	10
0	8
0	545
138	546
0	90
2	540
0	2
80	1718
102	1748
0	549
1	150
0	1
0	394
17	398
13	80
18	635
10	2
19	417
0	270
12	213
18	152
1	42
689	645
18	217
20	218
8	57
1137	55
0	0
0	0
6	0
0	1087
725	1159
0	28
7	0
0	595
1	2
1	104
14	844
0	1013
0	632
1	980
0	805
2	364
49	10
0	193
36	284
5	114
0	1
1	0
218	122
0	62
1	6
0	0
1	49
0	50
2	13
0	9
0	2
4213	952
61	808
0	231
6	339
0	157
285	0
0	153
0	308
4	391
18	15
1	78
0	415
2	2
0	0
0	16
0	2
0	10
1	31
2	31
0	0
0	2
0	28
0	0
177	82
2	78
0	0
0	0
0	0
0	0
0	0
0	1
0	1
0	0
0	1
359	887
0	864
0	538
0	811
0	63
11	61
7	137
0	31
9	88
2	86
0	73
6	0
0	5
0	5
522	0
0	0
0	0
0	0
0	0
231	294
0	7
0	7
0	262
5	0
36	0
1	7
1	11
0	288
69	126
2	6
2	14
0	107
2634	303
152	147
7	200
24	6
0	0
0	0
0	0
0	0
0	0
0	0
0	0
6674	458
2	237
0	173
1	34
0	41
1122	4
5	2
0	0
123	1086
0	757
4	68
1	136
1	14
0	6
1	0
0	61
0	41
0	1054
0	0
0	0
0	0
200	43
479	255
20	154
0	0
208	128
6	120
33	24
0	16
0	0
41	0
0	93
0	86
0	83
0	77
0	82
0	15
15	10
0	0
4	4
22	14
1	18
11	0
749	83
0	35
0	0
0	47
0	0
0	0
0	0
65	11
0	5
1	6
0	2
0	1
0	1
0	0
59	190
16	132
1	101
8	26
0	35
1	16
6	3
0	9
0	0
0	9
53	59
0	59
1	7
5	0
2	6
9	7
54	596
10	488
0	118
55	0
0	0
1	49
0	50
0	1
0	0
0	0
0	44
0	3
0	7
0	7
0	0
47	863
19	121
0	850
14	590
9	2
0	65
0	0
100	260
25	260
0	0
0	0
0	0
0	0
0	0
10	4719
810	4719
0	0
0	0
0	0
0	0
0	0
248	15
6	14
1	7
0	2
0	8
0	0
4	0
2202	160
3	23
3	106
1	1
0	32
307	453
0	452
3	21
8	1225
8	1159
52	4
2	437
11	333
0	187
0	2
6	1099
238	3091
973	2000
268	2190
29	121
28	1666
34	224
6	138
34	81
0	0
5	1761
39	1833
2	283
0	110
8	127
3	0
2	49
10	17
2	720
4	4
255	0
0	0
1	17
5	88
2	105
7	34
32	0
0	0
0	0
0	0
204	0
464	29
4	12
0	0
2	17
1	18
6416	24
273	152
19	99
21	34
0	53
0	12
4	6
245	950
44	942
13	115
1	199
1	118
28	127
3	334
41	289
2	61
0	0
0	0
32	826
34	826
0	566
0	30
67	196
0	43
10	10
1	408
79	568
0	182
11	455
13	410
7	375
17	195
0	332
0	24
0	4
10	0
0	5
0	5
0	0
2595	444
5	342
0	6
0	99
0	0
0	0
0	0
26	0
185	0
0	0
108	254
2	254
2245	5
0	1
2	1
21	0
4	0
21	62
104	62
3	5
0	0
0	0
0	0
0	0
0	0
0	0
10	1649
32	2527
17	1222
1	474
0	208
4	62
5	631
0	1
8	81
0	0
0	0
0	0
4	656
36	688
0	621
8	152
1	147
2	139
0	138
3	11
0	140
0	136
0	137
0	130
0	3
225	73
2	73
77	0
788	2
0	0
0	0
0	0
0	0
0	0
0	0
0	0
0	0
10	63
8	63
4	45
0	25
76	820
4	793
39	39
20	38
0	34
15	34
51	0
5	10
4	0
0	0
0	0
271	50
818	51
1	27
0	27
0	5
0	1
1	894
17	93
0	920
23	270
383	519
26	167
1	365
1	322
0	4
3	87
0	3
18	441
0	0
4	387
0	637
2	0
1	0
0	524
117	700
2	641
8	0
112	1111
12	966
63	98
5	929
165	743
0	3
0	0
1	586
1	529
4	272
4	486
0	84
4	234
0	306
5	228
0	142
8	161
0	7
799	550
20	215
3	55
0	243
0	341
2	0
0	0
461	433
2	328
0	26
0	33
0	78
7	0
92	1965
3	2
3	41
50	1810
0	1390
1	28
0	0
2012	646
10	469
18	81
1	95
1	206
0	0
5	188
35	132
0	94
0	18
16	1514
34	176
284	1784
0	289
21	97
166	96
0	5
0	0
5	5
35	0
1	1231
0	0
2	996
22	1232
0	1199
8	1111
1	46
36	690
0	5
0	0
0	0
0	0
0	0
755	64
0	41
0	25
32	1960
2	1598
24	1175
0	1309
13	159
1	1361
0	7
0	1853
0	1762
10	1
0	9
2	225
9	920
59	156
1	23
18	271
0	0
0	0
387	11358
256	9495
1	10645
0	1943
2	951
4	2377
31	90
0	75
9	100
3	32
0	0
0	0
0	0
2	2
160	30
0	28
20	3
0	1321
0	1321
1	2359
3	86
0	338
83	2345
0	0
2	431
7	403
0	338
39	134
1	26
0	15
19	2157
0	557
0	53
19	61
0	149
32	186
0	6
0	470
2	294
4	91
0	258
3	114
3	114
0	2297
0	0
0	0
0	0
0	0
2152	74
7	70
2	68
9	68
0	1
0	1
0	0
633	764
0	761
1	70
1	0
4	28
46	29
0	119
95	1110
3	1110
0	12
2	0
6	15
0	15
156	0
1	0
2	90
2	99
0	14
4	10
75	96
17	96
0	171
0	344
45	286
0	59
12	214
0	25
3	6
0	35
0	35
1	0
1	3
9	5
220	1545
12	1451
28	34
0	123
8	208
0	94
9	7
4	84
12	1
0	113
0	108
0	96
86	240
0	99
2	34
4	116
15	78
34	164
0	0
0	0
0	0
116	574
82	574
2	31
3	32
0	6
258	164
15	134
121	66
0	0
1	42
0	45
0	14
9	2
1	31
0	1
40	524
0	483
7	480
0	258
0	177
5	13
0	8
2	8
0	44
4	0
0	44
5	8
0	0
4	0
9	292
3	348
47	203
4	138
17	6
0	6
67	5
0	3
0	0
0	2
0	0
0	0
0	0
0	0
72	35
0	0
0	0
1	2
0	7
5	251
123	536
0	312
2	39
19	0
0	0
0	0
538	31
8	4
0	26
0	47
27	76
9	29
2	109
0	110
6	110
3	96
33	99
1	34
1054	275
3	25
2	33
0	80
1	42
1	25
14	20
0	58
0	44
0	0
0	0
0	0
0	0
74	223
6	228
6	13
3754	3459
1	3209
3	2963
34	2141
0	1955
0	0
24	1510
23	128
9	26
10	9
347	56
26	55
2	0
0	0
1	0
157	51
0	0
1	37
0	51
0	1
358	0
0	0
16	7
0	7
76	98
7	98
0	0
0	0
219	68
0	68
0	0
59	71
17	47
0	16
2	55
0	0
1	0
0	0
0	0
726	1087
11	644
2	259
0	90
0	188
29	4
293	0
27639	12034
0	4935
1	7020
1	2075
98	0
157	146
23	90
15	161
38	44
1	18
1	178
1	250
0	225
1	169
0	22
0	27
26	2
0	1
0	1
11	12465
33	11400
35	2701
16	1539
1	1893
3	74
1	0
8	1223
1	2
4	1
71	159
12	3
0	301
31	213
9	248
0	223
6	60
7	286
0	87
4	8
0	182
0	3
0	301
73	285
0	6
0	46
0	245
0	0
4	188
25	189
0	4
5	144
0	0
78	236
40	236
9	67
1	72
7	96
0	85
0	12
0	12
2	25
31	77
0	77
4	0
0	0
0	1
0	1
318	0
0	0
5	2015
1	1714
6	382
0	9
17	522
7	96
4	133
205	122
13	24
0	671
12	73
0	25
0	1
0	1
0	1
389	92
0	86
0	22
240	116
134	198
91	171
74	0
1	68
0	154
1	103
939	1841
0	1771
369	152
0	126
0	26
15	743
19	745
4	2
1	0
0	0
0	48
0	53
1	40
0	0
10466	19515
154	19616
257	19475
0	18359
0	16996
1	870
9	86
0	657
6	610
0	83
3	459
88	386
0	103
0	0
0	423
0	347
0	79
0	63
0	18
0	1
0	1
0	0
0	36
0	36
0	36
0	20
0	20
234	914
0	783
0	689
3	23
0	483
0	35
1	29
8	753
4	668
0	487
19	512
29	715
1	733
0	109
10	198
0	237
13	187
2	18
1	227
0	783
444	895
0	165
4	156
2	233
12	0
0	0
0	1
0	1
0	1
0	1
0	0
77	25
2	25
18	398
25	210
1329	455
0	105
250	639
29	253
0	30
54	5
8	324
0	85
272	107
0	107
0	109
1	113
78	113
0	10
13	9
0	1
11	1
0	0
0	1
0	0
117	174
0	138
0	77
14	51
0	0
0	574
1	511
0	692
0	1211
13	1180
5	1150
0	1159
0	654
0	706
0	664
0	1
3	0
18	697
30	5
2	0
0	126
0	39
0	79
6	74
0	26
0	60
0	1
0	0
8	12
0	2
0	0
0	0
0	0
0	0
0	0
1	0
0	2
18	39
4	4
630	224
13	220
15	20
2	20
46	222
1	1
3	220
0	0
0	2
0	13
0	15
1	3
1	11
0	3
0	0
1	21
0	347
9	329
0	302
0	322
18	154
4	124
2	5
3	5
0	4
0	4
0	3
0	0
0	911
0	812
0	256
3	134
32	61
0	1
8	9
0	9
0	1
0	1
20	63
0	63
27	9
9	0
1850	538
1	10
3	524
0	7
0	8
0	6
0	6
0	0
1	0
0	0
2	0
2	1394
0	1090
0	1394
1366	52
3	2
5	50
4	1
1	1
1749	1
2126	3
0	3922
356	3922
6	368
0	16
0	0
0	0
32	871
0	888
5	873
27	830
0	874
0	749
12	109
1	21
2	7
1	2
0	1200
28	1483
9	1381
12	1498
0	1323
27	1475
1	1193
65	25
0	1323
0	0
0	0
1	286
22	498
4	232
15	0
3	5
2	134
9	0
0	0
7	14
1	0
0	14
0	54
14	28
1	1
30	57
0	21
0	0
2	0
9	128
0	144
0	133
0	34
0	77
0	43
4	28
1	6
1	8
7	0
8	87
0	53
2	45
1	37
280	1
0	1
2484	0
2	11
3	3
8	170
192	65
0	135
4	14
27	163
299	553
2	553
3	176
4	4
1	382
0	74
2	21
61	542
0	139
14	357
0	3
5	14
0	2
0	59
6	59
3	58
0	34
0	2
0	2
0	2
0	2
0	0
0	2
816	0
160	47
0	37
9	18
6	10
0	3
15	3
0	0
464	1258
2	406
6	1
0	9
0	259
3	66
0	638
0	0
7	24
1265	0
0	35
1	23
7	7
6	0
0	9
2	4
0	13
29	297
11	315
3	161
3	26
145	3169
47	3654
0	124
0	844
238	0
0	1462
1	11
1	38
0	152
3	97
0	127
0	21
0	1240
0	1462
0	111
6	101
0	63
1	53
4	0
2	25
0	28
0	133
0	0
0	0
0	0
0	0
0	0
0	1
0	0
0	1
0	0
0	0
0	0
0	0
0	0
4	41
5	1
0	90
42	317
103	211
18	155
0	13
0	93
7	321
10	23
1	33
1	46
16	38
125	706
6	706
0	26
0	0
0	0
465	176
0	58
61	150
3	281
24	281
0	0
0	0
0	0
0	0
1	0
0	1
0	1
0	0
0	0
0	0
3852	108
1	103
2	1
2	0
145	423
2	193
5	231
2	231
2	30
0	0
95	0
10	0
0	0
0	0
0	0
17	3
0	3
193	60
0	60
3	100
4	93
0	9
3	54
3	2
6	1
0	33
7	0
2	0
0	0
0	0
0	0
8	357
30	93
0	83
0	119
0	358
1	9
58	1067
0	6
0	84
0	38
1	1050
0	5
1313	698
0	697
1	19
0	1
0	1
0	1
0	1
0	1
215	0
0	0
0	0
0	0
3	0
0	0
0	0
0	0
0	0
0	0
0	23
662	36
0	0
0	0
0	0
0	0
45	702
15	702
0	0
3	0
1	0
0	0
0	0
10	0
21	263
0	10
11	253
0	259
0	265
2	205
2	27
1	4
14	0
0	0
0	258
0	0
0	0
1	1016
0	492
3	414
0	375
0	161
5	680
1	0
516	3269
3	3226
1	263
1	17
0	5334
1	109
123	6194
157	6275
2	82
0	111
135	6291
0	1563
17	10
0	6
0	9
0	9
0	4
0	3
151	1118
3	1013
0	216
35	62
3	0
9	83
13	46
56	60
1	125
103	86
32	401
1	409
3	66
1	0
0	427
0	0
0	0
26	24
0	9
0	0
0	15
57	3648
14	3540
13	3391
13	57
0	133
59	925
4	0
41	2355
4	91
0	2145
11	91
24	1326
3	927
29	453
396	222
4	66
22	2
36	108
0	0
2	5
0	5
2	48
0	44
0	28
0	0
0	0
664	549
0	348
2	0
3	138
1	201
0	20
9	0
0	189
0	181
2	124
0	182
0	43
22	166
0	186
0	91
7	54
2	17
2	22
10	15
1	9
0	11
0	179
0	178
0	154
2	194
2864	11958
20	11228
9	12196
4	2002
30	440
0	44
0	68
0	16
0	40
0	36
0	2002
27	0
22524	9379
714	8963
102	1663
0	427
1283	1435
8	303
18	19
3	391
8	71
2	344
8	426
4	58
2	293
17	153
1	44
0	0
0	15
1	6
0	37
0	0
0	55
0	7
1	7
120	2089
13	2091
9	1737
0	68
1	316
4	0
2	183
1840	2260
0	873
0	1276
1	1135
1	509
0	116
0	1148
170	922
6	463
2	614
0	192
237	345
1	350
0	20
2	54
0	0
0	0
0	340
0	5
15	218
1980	223
21	25
6	25
50	0
10	0
62	239
72	3549
504	4179
0	1969
0	1412
1	58
27735	15
0	0
0	0
7	0
0	0
264	568
0	551
26	0
24	404
9	570
4	114
2	149
0	303
0	21
0	384
2	54
1	104
1	196
688	0
0	0
0	0
0	0
1	0
4	72
9	76
0	1356
1	694
1	1279
8	1336
11	1140
2	146
0	903
19	76
5	76
0	0
0	53
0	122
0	2
0	0
58	0
0	0
0	0
1920	137
14	90
0	44
3	3
0	0
0	66
659	66
3	0
0	17
15	75
110	125
0	92
11	0
2	23
58	603
0	6
43	449
0	333
0	50
3	135
0	122
2	124
12	31
7	0
0	0
0	0
0	0
0	1852
0	1891
0	2037
0	2086
0	78
3	152
0	3
10	170
0	123
0	119
3	77
6	112
0	33
17	6
1	126
0	2158
0	2165
92	0
5	0
840	138
4	0
1	0
1193	336
15	74
0	156
0	138
249	26
2	0
5	26
0	0
0	0
0	26
1	7
4	7
9	0
4	26
0	0
0	0
1343	315
0	315
0	101
0	92
0	7
0	34
1	4
11	65
120	314
0	10
5	77
44	314
1	17
12	53
0	30
0	20
686	79
0	4
3	71
17	9
133	674
16	26
3	62
0	11
0	0
0	253
390	233
0	208
17	99
2908	1310
12	574
4	738
0	737
0	738
0	265
2	151
26	210
0	0
0	3
3	1
0	0
2	2
2	27
0	1
0	1
0	1
0	1
0	1
0	0
5	0
0	0
0	2
0	2
1702	871
322	1979
1	1806
0	1917
0	0
0	0
2010	1261
0	478
5	755
13	761
0	4
626	814
0	156
0	0
0	16
0	546
0	0
1	0
0	23
0	21
8	29
2	0
1	0
0	0
2	1
0	1
1	1014
19	40
0	1014
232	1
0	0
0	0
0	0
155	18
0	5
3	14
1	5
3	23
0	21
0	23
0	0
0	0
0	391
12	425
0	206
0	0
0	0
0	0
0	0
40	732
2	149
3	251
0	0
0	653
3331	801
0	726
0	146
4	70
160	150
12	4
11	53
3	85
18	8
12	27
26	1
14	43
11	3
0	1364
1	0
6	829
5	823
28	787
18	642
14	1386
0	0
0	1092
22	1971
2	164
1	58
0	91
6	54
0	0
0	2003
0	0
0	0
0	0
113	4168
3	104
0	342
13	221
13	2408
6	144
2	54
4	307
10	4162
3	0
11	0
1	24
2	11
13	9
8	9
0	40
0	27
1	24
0	0
467	2
3	139
5	117
148	523
0	384
109	387
1	45
5	0
0	0
0	0
0	0
0	0
3	2351
72	2638
0	257
73	670
0	952
4	126
0	204
25	389
15	1072
12	973
0	252
0	419
83	397
24	435
1	0
0	2
0	3
0	1111
0	0
0	0
0	0
0	0
0	0
0	0
20	283
0	358
3	80
8	214
1	166
2	77
8	83
21	166
0	73
0	308
235	1012
5	872
264	458
3	0
0	0
251	1237
2	1165
3	531
0	21
0	0
0	0
6	19
94	0
0	0
2	6
0	879
0	820
11	821
2	793
34	713
0	779
2	8
0	736
0	734
0	666
68	640
0	2
9	14
0	14
2	141
8	289
66	284
4	3
1	1
2	2
0	2
0	2
1487	1178
0	734
2	4
0	532
0	323
6	5
2	356
1	964
25	748
0	688
0	31
1	0
2	31
250	1194
0	797
13	1080
0	386
5	174
15	123
0	45
130	0
22	367
0	0
0	0
0	0
22	1690
0	33
0	1589
0	1569
4	30
0	0
2	5
0	44
0	161
10	483
6	504
17	447
0	416
0	135
74	125
112	40
1	0
4	12
0	22
0	92
363	13
0	13
0	0
0	0
0	0
0	0
0	0
0	0
0	0
83	61
0	55
8	44
12	44
0	1
0	1
0	0
0	0
0	0
0	120
5	111
1	2
2	14
0	8
2	8
520	179
0	174
2	44
13	11
11	0
0	0
0	0
1433	357
34	256
643	100
10	0
0	0
0	0
0	0
0	0
0	0
0	0
0	0
0	0
0	0
0	0
13	19
11	19
13	0
129	164
0	32
1	0
0	140
2	69
1	39
0	2
3	26
0	23
0	35
0	6
0	2
1161	99
6	41
0	125
0	97
15	88
20	102
0	9
0	82
10	42
0	8
343	21
0	0
2	0
10	2
0	829
3327	832
8	320
3	327
0	0
187	41
6	41
1	5
31	21
0	19
1	10
0	4
0	2
2	0
1	2
193	418
8	32
0	11
85	423
8	361
0	53
2	28
10	148
22	148
0	33
0	33
0	27
0	14
0	7
3	0
2	1
0	0
0	0
0	2
0	7
0	15
0	15
6	18
0	7
3	0
4	0
0	18
182	19
0	10
0	3
0	0
5	7
134	205
8	21
24	205
0	0
0	131
0	0
0	0
0	0
0	0
0	0
3	0
1	0
1	0
10	106
4	81
6	44
0	186
87	187
0	0
1	13
0	153
0	138
0	80
0	68
0	6
0	32
5	32
0	0
0	0
0	0
0	0
0	0
0	358
90	252
0	356
0	179
0	186
0	125
0	128
1	131
1	104
0	76
0	105
0	0
0	31
8	44
1	22
52	45
0	2071
170	7885
0	397
0	2699
1	3
56	66
0	29
0	379
7	301
7	105
0	202
0	7996
12	5
0	5
1	0
0	0
0	5
0	0
2	4
2	92
0	3
1	20
3	81
0	6
0	78
0	65
0	2
0	0
0	46
1521	4
1	4
35	0
93	81
4	81
0	43
16	48
388	250
0	227
0	63
171	6213
0	1652
92	6388
0	5436
3	5647
31	5775
322	3527
50	3437
92	1650
0	2399
2	1880
1	543
1	2039
1	18
1	28
3	2068
0	745
0	797
0	29
3	224
181	15
0	15
0	0
23	398
30	98
23	188
0	722
0	709
28	549
0	122
65	61
9	36
0	56
42	292
6	209
20	157
0	0
0	0
1	2729
0	2576
122	3070
1	1507
3	189
0	2583
32	610
18	133
6	1060
17	972
0	508
2	739
1	63
2	15
0	0
0	37
0	43
0	42
6	34
0	0
0	0
0	0
3	2
0	0
0	0
63	0
1	1037
548	1057
0	495
15	102
0	248
3	145
6	648
5	622
5	10
7	16
1	225
0	69
7	0
0	39
1	46
0	290
14	1359
0	1360
5	880
304	879
28	1252
6	1253
0	0
0	2
0	2
0	0
1	2
0	0
5	57
23	58
0	1
5	0
0	12
0	16
3	70
0	9
0	10
0	16
0	10
0	4
0	3
0	13
12	30
1	29
0	4
0	5
19	198
0	16
0	198
1267	0
0	58
828	333
11	193
5	5
18	26
47	104
57	2708
123	2691
42	2257
40	20
2	95
3	2692
0	0
2555	1207
1	1206
0	1131
0	219
2	43
0	220
14	3330
10	3130
70	2510
6	1664
50	1323
433	0
96	1370
3	1607
236	1552
30	1326
0	25
2	0
278	14
1	14
0	0
15	2294
775	2331
14	1611
8	1198
2	337
1	17
39	337
0	41
0	4
7	567
0	298
352	566
35	136
5	136
1498	406
43	269
12	268
2	204
1	19
1	14
0	1
0	13
2	0
762	1509
59	1225
18	777
0	1289
38	4
0	4
0	2
0	0
645	118
4	118
25	0
0	0
4	1336
69	1301
1	2
5	132
0	20
1	19
4	9
90	191
0	226
29	1049
312	1049
0	146
0	108
4	1112
0	1127
90	693
1	612
13	234
0	505
5	63
16	30
0	108
10	41
3	24
1	1125
97	4870
15	4496
0	2761
0	2491
1	2451
14	2458
14	2524
16	2556
102	2418
3	252
77	221
13	100
2	45
13	1
81	286
0	155
1	92
0	38
3	56
5	70
4	17
0	15
42	102
0	135
13	103
114	1061
80	1061
8	136
4	341
0	92
6	114
0	24
496	4841
0	132
4	4710
13	12
9	11
4	127
0	81
1	389
7	609
75	0
515	601
32	476
16	8
5	0
17	122
0	0
1	0
334	892
1	722
0	897
0	727
5	4
0	96
0	74
0	1
0	2
0	0
22	0
443	1
1208	2
23	3845
116	1994
0	135
199	3672
5	154
0	2
1	3834
0	9
2	9
0	1390
200	1390
0	171
3	2
0	275
1	124
0	72
0	0
8	0
9	1
1	1
57	380
0	383
41	340
0	353
1	318
0	318
960	1724
0	1475
112	1712
32	889
165	889
0	1
654	487
0	872
5	784
7	1
155	349
5	65
0	278
0	39
0	22
10	142
4	257
0	1
0	9
3	75
17	3
1	16
736	10579
93	9898
4	974
13	91
14	62
0	441
96	4525
91	4329
6	2788
50	4267
18	4
37	158
12	416
63	103
212	103
53	170
32	170
0	44
4802	4732
1	1072
1	225
7	4710
0	446
0	26
0	205
18	104
5	111
0	79
0	10
3	15
0	537
186	417
1	104
9	48
3	68
0	173
4	270
0	1
6	263
4	37
1	122
0	143
4	5
0	5
374	1737
0	1775
0	714
5	0
1	829
0	954
4	357
8	218
0	253
30	243
0	5
85	3
0	0
1	3
1053	116
1	22
32	94
0	1
0	0
840	2361
8	2050
14	386
29	1908
0	1873
1	1492
1	1195
1	1466
28	206
0	135
1	0
77	6
0	6
0	0
26	208
478	216
0	33
33	26
17	15
1	2
474	1
1	1
535	229
0	215
0	125
0	31
0	204
77	561
75	204
1	231
0	47
4	526
2	173
0	1561
5	1527
0	1160
0	719
0	830
0	719
0	767
0	747
1	797
0	761
0	761
0	728
0	10
3	70
7	0
2023	1508
1	1368
16	157
0	111
39	148
11	129
0	55
22	103
0	1
2	11
0	21
4	4
0	23
3	3
0	1
0	0
6	7
0	1
2	4
0	6
0	0
19	6
0	4
609	0
0	3
15	508
0	750
1	307
0	340
0	353
1	155
6	252
0	196
0	26
0	14
6	15
12	32
1	311
3	316
2	40
0	1
5	89
0	53
1	50
3	62
0	1
0	19
0	21
0	54
1	34
0	1
222	0
0	0
0	0
0	0
218	169
1	117
35	71
0	2
0	0
0	0
0	0
0	0
0	0
0	0
0	9
0	0
0	0
0	0
0	8
0	0
1	9
3	5
3	0
0	0
0	0
0	0
0	0
0	0
0	6
1	10
0	6
0	170
0	10
12	7
0	135
1	168
7	1
1	5
0	27
0	11
5	17
1	9
0	2
0	1
172	55
3	4
0	2
1	49
0	3
119	0
0	0
0	2
0	2
0	0
6	1629
87	1444
0	1021
11	215
2	43
0	52
0	15
0	8
2	29
0	26
1	0
1	19
0	6
0	83
0	132
8	2836
4	273
2	1728
0	2787
0	1800
0	0
0	1793
76	2771
0	1813
0	2807
0	9
0	1797
0	2794
1	207
0	0
0	2795
2	0
42	0
0	0
0	0
292	635
0	144
5	343
14	493
66	27
0	100
85	1373
0	13
54	1006
31	979
378	694
0	15
2	490
9	0
4	200
3	75
294	600
0	0
7	600
0	119
0	161
0	254
1	0
0	0
0	0
89	1032
19	1049
10	1051
0	967
29	820
0	422
0	527
8	527
7	523
0	542
1	387
1	138
0	0
8	289
6	259
0	24
6	237
9	3
1	1
3	0
0	14
1	9
223	463
2	462
6	7
0	278
0	369
0	414
1	449
25	339
0	83
0	5
4	134
0	145
0	0
2	0
0	172
12	1
0	0
0	0
0	1
0	0
0	0
0	0
0	0
0	0
0	0
0	0
0	0
0	0
17	390
42	390
0	318
0	99
0	29
2	38
3	13
0	17
1	6
0	7
0	0
0	14
0	1
0	0
37	15
0	14
0	0
0	0
0	0
0	0
0	0
0	0
0	0
0	0
32	3
1184	2
0	0
0	0
1021	1595
269	1629
0	828
93	572
8	1140
41	175
0	4
5	86
0	179
0	63
7	0
1	1
2	0
301	1270
25	1247
0	455
32	341
0	8
108	0
0	0
0	0
158	917
56	925
4	700
0	533
4	56
29	1666
0	1
0	1393
0	443
3	1
0	90
0	410
1	178
147	0
0	3854
24	116
146	3923
0	1
0	0
1	24
0	0
1	0
51	0
0	11
4	0
0	0
76	0
1	7
0	30
288	1182
13	89
39	40
0	6
1	4
17	4
2	2
0	1150
0	359
0	297
0	181
8	166
11	105
3	0
0	0
0	0
0	0
211	0
0	0
0	0
76	1134
4	369
7	789
92	1574
4	778
5	303
103	1867
8	20
19	1760
2	1303
0	1861
243	1281
0	1848
0	1969
0	2195
31	1995
0	1983
52	951
0	160
0	243
0	131
0	54
0	12
0	2121
833	97
4	96
59	9
0	9
377	3257
35	3257
21	11
5	82
0	33
0	166
0	195
17	641
3	422
60	596
0	59
2	52
5	65
0	117
8	73
0	46
0	0
0	641
4	4068
26	4023
32	491
25	152
60	23
0	0
8459	2724
0	2388
2	46
1	31
7	748
81	2561
11	2390
0	1302
0	666
0	148
0	940
2	159
29	59
5	39
0	1294
20	1264
42	893
0	0
0	980
0	952
0	2
0	0
113	1011
33	857
28	516
48	71
6	27
11	31
30	5
1	59
1	12
5	389
0	82
0	8
47	16
0	1919
2	869
0	5
12	0
9	246
43	224
11	157
1	0
0	0
6	99
6	50
0	0
4	0
0	1918
839	689
3	628
3	0
0	60
405	1248
67	1203
1	297
28	216
26	180
3	27
0	0
4	480
81	3155
359	3156
4	483
343	0
323	702
5	705
0	13
372	213
0	211
0	0
204	55
0	55
0	0
1695	672
10	630
3	228
1	45
0	0
2876	1352
5	70
129	1357
10	1242
0	63
0	58
1043	62
17	2
0	2
365	0
0	4
0	0
0	4
228	379
0	176
3	0
0	0
7	203
0	0
0	0
0	0
0	0
0	0
0	0
0	0
84	1465
41	1370
0	1170
3	1268
0	15
0	29
0	396
1	245
0	1235
1	22
196	131
3	16
3	115
0	14
191	657
1	22
10	251
3	127
0	506
0	401
0	338
1	483
0	0
0	0
43	879
8	321
1	624
0	195
0	115
0	1433
23	0
0	105
156	624
0	116
0	145
7	5
0	0
0	1433
66	0
1216	1
0	0
0	0
0	0
0	0
0	0
0	0
0	0
0	0
0	0
81	2886
2	2886
0	2823
0	2888
0	2725
32	2398
48	2435
0	1129
196	679
8	4
17	82
0	2797
2710	129
1	126
0	0
457	2771
0	445
10	2752
0	420
2	1375
5	124
44	107
21	39
1	4
0	1
0	1
32	3032
0	2728
7	291
0	2624
0	286
0	2901
0	6
102	1
0	542
3	406
1	414
0	164
23	204
0	204
19	164
0	0
351	191
0	191
0	0
0	1
0	1
19365	2233
0	2011
0	1382
16	6
0	4
3	197
936	89
8	92
49	12
0	829
0	1
1	658
2	889
0	11
1	63
0	160
0	914
0	854
0	2
38	43
0	181
20	181
0	14
23	1093
1	536
6	71
0	1041
0	0
59	309
15	39
6	12
2	242
1	98
1	31
0	0
0	0
0	0
0	0
1	0
0	0
0	0
101	1248
3	1251
0	1
0	0
0	0
0	0
0	0
2	291
0	21
0	57
1	63
0	87
5	116
44	334
0	63
0	78
6	333
0	0
0	0
0	0
573	607
2	295
16	344
0	537
11	6
0	0
0	0
26	256
1	123
0	123
0	118
0	97
5	122
2	111
3	0
0	6
7	241
0	2
80	108
4	241
3	139
4	139
4	81
0	16
3	37
0	1
2	35
1	4
6	385
10	422
5	119
0	92
2	18
16	716
0	716
0	709
13	719
0	565
2	698
0	0
5	111
9	422
5	10
2	4
0	0
14	719
0	36
0	36
2597	658
2	643
4	15
24	4409
3	350
71	6532
3	2
57	579
49	577
13	326
1	513
0	310
0	0
134	0
2	59
0	379
9	311
7	244
2	166
11	2
1	1
0	0
54	265
1	260
6	105
0	30
16	0
0	11
0	2
0	1
1	10
0	10
2	150
26	150
1	142
2	54
7	25
21	1631
3	637
0	1595
4	1179
3	66
0	74
10	106
6	158
26	155
15	11
0	42
0	0
0	0
0	0
0	0
98	55
0	30
0	25
64	190
10	6
0	68
141	378
0	373
0	71
2	61
17	22
43	1
0	0
0	0
0	1
0	106
0	148
0	1
107	780
2	238
48	568
3	736
0	3
1843	36
1	28
0	0
0	8
4	26
1	6
7	29
0	46
0	1
0	1
30	360
0	261
1	151
2	177
13	5
2	318
666	357
9	355
2	52
2	0
48	1277
0	949
29	1227
0	126
3	170
6	7
18	21
5	21
0	0
0	436
6	148
7	76
4	18
0	0
4	87
7	436
0	0
0	0
6	1035
9	1131
22	108
3	1081
8	1139
8	471
11	110
1	13
0	13
2	6
17	55
10	728
0	62
1	2
1	51
159	20
0	11
0	10
0	16
0	9
0	9
0	10
0	9
0	8
0	6
0	18
0	10
0	14
0	8
0	12
11	3
0	2
0	0
0	0
0	0
0	2
0	2
0	30
0	35
0	153
448	7911
1242	7911
0	0
0	0
0	0
0	0
0	0
0	0
92	182
59	191
377	188
0	190
3	184
0	0
0	0
0	0
0	0
0	0
0	0
0	177
2	95
0	171
0	23
0	61
0	40
10	0
38	183
0	0
3281	538
71	469
1	95
1	24
1175	242
0	104
1	150
29	196
0	98
2	1
4	12
0	0
0	170
0	2
0	2
0	5
0	6
4	3
5	0
0	21
290	387
24	245
3	43
0	8
3	134
30	5343
40	4040
0	3052
177	1111
204	912
1	88
12	0
0	5343
0	0
0	0
0	1
0	1
3	16
0	0
0	0
0	0
0	0
0	0
0	0
0	0
4	326
849	326
0	0
0	0
18	1507
2	4
0	1292
0	9
0	1861
0	1208
0	145
0	0
2	144
0	4
815	1924
0	1477
0	1254
0	1370
0	4
0	2
1	1538
0	1908
66	388
5	1347
1	1250
0	1429
1	9
0	1877
1	180
4	0
0	43
0	152
1	16
0	812
0	268
0	177
5	145
0	42
0	21
38	262
0	2707
365	5079
1	633
334	4880
0	2
0	1
11	195
16	12
22	183
4	0
61	65
1	0
8	65
0	0
0	6
0	5
2	0
10	701
9	373
36	684
6	509
15	0
17	208
13	248
14	56
14	71
0	0
76	469
6	39
49	142
1	0
0	469
16	21
1	0
0	21
0	21
0	0
5	22
0	13
0	0
1295	1860
1	11
0	111
0	93
0	32
0	1859
444	0
1	0
0	0
0	0
0	0
0	0
0	0
0	0
0	0
8	33
1	5
0	33
0	0
0	0
22	100
0	39
12	100
2	26
0	71
2	6
0	8
2	865
924	619
0	26
0	8
12	1
15	553
79	142
0	1
0	1
6	1
0	142
155	121
0	46
0	5
3	4
0	68
1	3
0	54
0	56
4	14
7	14
0	0
0	0
19	45
0	0
0	0
5	66
26	75
0	10
5	31
28	57
0	18
1	20
0	15
146	628
0	628
0	56
1	48
0	0
0	0
787	1028
1	884
5	360
0	2
84	34
23	133
0	0
0	97
0	60
2	95
0	97
0	0
116	789
5	20
4	758
0	170
6	280
4	266
2	266
0	55
0	14
0	0
0	0
11	0
8	0
0	0
263	1103
159	18
11	1036
42	69
0	133
71	24
0	261
0	253
0	239
8	237
0	104
0	253
0	426
35	426
0	101
0	24
0	24
17	0
0	0
311	17
6	17
0	0
0	510
32	591
0	576
46	771
54	901
1	137
146	429
18	280
0	21
5	616
7	445
0	107
0	4
0	113
0	88
1105	1826
1	0
617	1823
0	19
0	1
0	0
77	1157
15	62
2	1151
1	4
9	0
0	0
0	0
216	160
0	71
0	77
0	73
0	59
0	7
0	11
0	0
393	0
6	294
0	312
0	49
1	74
0	0
0	0
0	34
3	2
0	279
1	0
0	16
0	21
0	27
3	243
174	73
3	248
5	224
0	74
138	305
0	45
3	0
1	14
0	1
0	56
0	249
0	1
0	0
0	1
0	0
0	0
0	0
0	0
0	356
3	433
2	393
1	119
0	3
0	5
2	260
0	151
0	268
1	164
0	81
0	102
2	18
0	30
1	378
25	378
0	7
0	12
24	13
1	0
15	12
2	42
1	28
3939	1778
2	1774
5	104
3	4
0	111
0	10
0	1
0	0
0	112
334	180
5	139
7	138
1	0
0	0
31	28
11	501
7	513
3	506
0	496
0	1
46	1
0	23
1	125
2	123
1	10
0	6
0	128
11	937
6	2135
4	1978
35	27
183	43
0	42
324	698
0	669
7	541
0	260
0	22
9	47
0	7
677	258
11	257
14	434
3	15
4	223
12	377
22659	17
0	1432
0	1250
1	1413
0	1328
2	1153
40	823
2	1020
22	455
2	4
4	113
2	208
120	268
0	268
0	0
3	99
0	94
6	5
0	19
25	19
0	236
333	2
0	2
0	3
0	3
0	3
506	365
0	19
142	354
41	9
0	1
0	0
77	78
199	78
135	137
0	0
4	137
2964	3417
0	1834
42	58
794	1916
43	124
2	363
7	378
0	243
46	18
1	17
0	7
0	14
0	0
8477	30
3	25
9	0
199	2
0	0
0	2
858	1683
0	1528
1	26
0	6
0	155
0	6
0	4
0	1
0	3
0	1
166	29
9	29
0	7
0	0
5	1
0	0
0	0
0	0
6	1
266	28
0	16
9	12
0	0
0	0
0	0
25	777
79	832
0	0
0	13
0	91
22	71
2	16
10	0
9	0
88	11
0	4
0	7
0	0
0	0
0	0
580	1430
0	1404
2	686
0	1
5	498
23	718
15	705
0	479
2	0
5	888
0	816
0	257
0	218
76	78
2	12
0	130
0	40
4	86
54	226
0	231
0	27
79	932
87	55
7	12
5	230
3	155
6	259
61	809
8	190
2	55
0	31
2	203
1	167
1	162
15	163
90	52
0	1
98	1050
0	0
125	1243
121	29
3	369
0	196
0	368
36	113
0	0
3	371
12	1075
62	1155
36	1075
8	1070
0	96
0	0
0	0
0	0
0	11
0	21
0	6
2	0
1	0
0	2
0	21
1	21
4	14
0	3
20	33
0	12
0	19
0	10
0	10
0	10
0	9
0	9
3	4
0	5
0	1
0	1
0	0
0	1
0	478
11	463
0	4
1	19
89	464
5	114
0	596
0	563
0	117
0	212
1	16
0	90
0	1
1	30
5	35
23	41
0	496
0	642
0	1
0	1
0	1
0	0
355	16
1	11
15	14
0	0
1	1854
40	1604
0	0
0	1854
0	116
4261	354
11	238
12	136
60	35
8	525
34	0
539	2482
14	0
0	487
0	381
0	616
18	109
4	880
4	1
4	292
11	0
0	0
10	222
0	328
14	732
0	214
4	25
24	313
3	868
4	3
0	926
4	14
0	0
0	0
2	0
0	0
0	0
0	511
0	779
0	143
3947	936
0	42
27	3
13	0
1966	228
4	153
0	149
0	171
3	149
6	5
0	0
0	3
0	5
0	1
0	0
0	2
1	0
422	450
1	1
1	266
5	17
9	449
1	11
0	5
0	5
0	6
0	0
19	46
2	2097
1	1196
43	2084
0	1817
17	1929
14	14
0	180
17	0
3	12
2	138
354	1694
0	1360
15	599
7	5
0	268
2	279
36	266
0	108
2	273
10	234
25	108
25	586
15	524
1	515
1	204
37	401
0	8
5	142
0	0
23	61
1	1797
0	1155
134	60
2	536
4	0
8	124
4	601
4	1028
0	1149
3	18
0	0
0	75
0	4
1	814
0	129
0	91
0	49
0	24
2	113
2	1
0	961
2	59
5	0
0	0
476	1126
4	953
85	338
13	111
3	2
1	14
17	15
0	15
1	0
0	26
5	42
0	8
6	287
164	337
1	337
0	33
0	56
11	1717
11	1042
0	0
0	0
24	547
3	424
0	556
0	28
0	65
0	0
1	0
0	18
0	0
3	3
4	85
0	0
0	0
0	0
0	0
390	133
0	35
0	98
5	1
0	0
0	28
0	0
1	0
0	145
0	136
1	22
0	0
1	47
0	6
0	1234
0	1936
1428	2473
4	235
7	1647
0	2154
3	59
6	300
0	336
1	2
0	9
4	204
0	100
3	489
1	19
0	164
5	112
2	154
0	0
0	0
517	1003
71	902
33	160
9	350
23	0
0	18
163	826
0	424
85	537
59	825
0	311
0	2
8459	4
0	0
54	676
2	657
0	28
0	20
26	11261
107	12466
131	11477
0	11598
0	428
31	1474
5	1464
0	1460
23	914
2	0
4	83
307	4
0	4
1053	823
3	748
1	666
0	25
5	215
0	42
0	0
0	0
2369	385
65	383
12	4
0	0
1	68
1	0
0	0
0	2
0	2
0	0
0	3
4	40
55	40
2	4
41	250
0	250
0	4
0	1
0	2
188	1
1349	455
0	112
5	383
2	17
37	159
6	54
1	1
0	166
6	167
0	31
0	172
2	1
0	0
2080	1522
10	1521
4	632
3	120
48	332
47	312
0	96
0	2
0	52
0	28
0	49
17	66
453	73
0	7
0	162
12	230
3	20
21	8
6	65
7	41
0	6
0	3
0	0
0	0
0	5
0	5
0	0
0	5
2	5
30	226
28	226
9	3
1	45
3	32
0	40
0	0
0	0
0	309
1	259
8	70
0	272
5	203
5	0
1	0
1	309
2	0
0	0
0	6
1	5
0	0
0	3
0	3
0	6
0	0
0	2
0	111
72	111
4	0
93	447
0	62
0	374
1	62
0	14
0	2
0	119
0	109
0	79
0	107
0	106
5	87
0	37
2	84
0	55
125	17
60	196
29	196
286	479
2	20
0	234
0	325
1	57
491	339
6	154
0	74
1	0
0	8
0	0
60	1379
9	1355
25	334
0	146
1	50
0	43
6	59
4	74
0	28
0	305
0	1
0	0
0	61
25	97
46	0
36	0
0	37
9	21
3	14
3	10
2	1
15	2
4	0
0	0
578	1387
0	1157
0	41
2	213
35	98
35	420
0	0
0	0
1	35
7	35
1	0
10	0
79	3309
58	2975
118	2228
0	12
0	16
117	1
0	0
0	0
0	0
0	0
8	18
307	144
0	13
1	129
7	27408
0	0
82	27488
2	2115
77	16783
0	11667
34	7139
3	1399
17	3610
6	219
75	318
1	290
0	2684
1499	2632
12	23
5	1
1	0
112	2747
44	145
0	194
17	382
2	146
18	205
120	676
9	841
33	1212
2	353
5	0
0	264
1	14
2	226
5	36
0	232
0	4
5	18
0	3
0	18
4	179
1	1671
133	1672
7	254
0	1674
0	206
0	2
0	2
0	335
1	312
515	801
45	542
0	0
96	2201
777	5237
1	4964
0	246
0	569
0	575
23	252
1548	3032
24	29
4	2761
2	756
0	1493
2	798
6	331
117	996
11	926
38	537
4	29
26	451
0	64
24	19
28	2
3	34
0	0
0	0
0	0
0	0
0	0
0	0
0	0
0	0
206	109
6	110
75	0
0	122
0	72
0	72
0	40
0	0
0	0
0	0
0	0
0	0
4	553
2	539
16	547
0	0
509	1
0	0
1	0
0	0
347	133
1	9
2	56
0	119
13	225
10	228
3	225
1	224
0	224
11	226
0	226
16	225
0	224
0	226
0	226
1	0
4	3095
0	1449
58	955
16	3063
8	212
2	963
66	2052
0	139
4	67
2881	3
0	0
1	0
8	227
1	740
4	61
2	174
1	773
93	174
5	93
0	82
1	29
3	694
0	3
2	75
5	471
1	530
20	9
29	3
2	4
0	302
0	29
0	2
2	51
16	8
358	59
1	1
2	0
0	0
0	0
0	0
0	0
25	660
0	37
0	2
0	2
0	2
0	2
0	2
0	171
0	1
0	0
0	1
14	55
0	54
0	22
0	53
111	161
2	138
0	99
17	84
0	1
0	1
0	2
0	2
0	1
0	1
0	0
0	0
0	0
23	11
0	11
0	0
2422	2133
17	3
9	11
0	156
1	189
1	119
3	198
9	170
125	34
0	83
32	426
0	473
0	24
35	245
6	950
0	395
10	308
2	353
0	184
10	65
0	40
9	1
0	28
24	38
0	56
30	67
13	17
1667	48
0	0
33	6650
1	7452
1	228
0	7441
0	6813
21	303
285	6459
19	23
16	399
10	137
55	132
39	271
0	4
0	4
1	1
10	166
0	165
0	757
1	757
0	0
0	0
13	199
1	1228
0	738
8	556
9	11
70	0
0	0
0	0
382	2156
42	63
0	111
93	595
40	130
2	1700
4	0
0	0
0	0
1	0
204	173
3	72
139	3
6	122
0	39
7	1
7	76
5	230
17	223
4	22
0	9
1	0
0	0
143	3884
137	3884
85	678
7	113
2	118
0	0
0	18
0	18
0	59
0	534
53	556
0	558
0	19
0	27
0	12
7	3
0	0
0	0
0	0
888	13
1	12
5	1858
14	4
9	499
16	1720
0	1297
0	0
9	555
0	10
0	10
0	9
0	8
0	11
0	11
0	9
0	7
0	10
0	9
0	7
0	8
0	11
207	194
7	194
812	1141
1	293
0	170
1	72
11	4
56	168
1	642
3	29
133	823
0	28
3	444
24	126
4	814
50	281
10	280
62	247
8	35
6	768
3	142
4	153
0	0
0	170
0	52
0	0
0	0
1	0
5	299
0	366
27	207
0	299
0	460
15	299
6	279
41	364
0	5
4	0
0	0
1	815
16	749
0	683
2	0
1	655
0	2
1	84
0	30
0	1
0	7
0	510
40	443
0	0
0	14
0	69
1	68
0	60
1	66
0	1
29	27
1	26
1	2
4498	8
6	28
0	1
26	28
1	380
0	129
4	37
0	360
0	0
61	1040
0	1116
11	1028
7	106
0	0
0	50
14	50
1	32
0	14
0	18
0	0
600	0
0	170
34	171
0	8
30	75
0	0
0	0
0	0
0	0
0	0
0	0
0	0
0	20
0	20
0	8
1	3
1034	86
59	86
59	12
0	12
80	7
11	7
0	1
6	283
2	749
4	554
2	83
10	350
2	178
1	107
163	712
0	731
7	82
3	126
282	456
0	388
0	98
0	3
0	0
0	0
1	66
0	15
66	422
7	336
0	113
1	68
0	28
0	37
0	23
0	30
0	28
1	13
0	32
2	11
3	11
14	0
0	0
0	0
0	0
0	0
2	27
4	27
0	0
0	0
0	0
142	13
0	4
5	4
370	0
4	424
7	424
3	424
0	3
0	3
7188	285
5	27
0	253
0	0
0	0
1232	2883
44	559
11	208
6	142
1	31
383	1
2	0
0	2882
537	12
0	12
0	7
0	0
8	160
0	198
27	172
0	180
0	53
2	335
47	335
8418	4606
5	2748
0	2482
31	720
27	76
0	75
0	0
2	76
0	11
440	28
0	28
0	270
5	896
203	872
0	804
1	26
6	2
3	55
0	18
0	31
0	53
0	21
0	21
0	3
0	0
16321	18
0	439
0	322
28	325
0	81
0	85
0	78
0	79
0	83
0	441
0	267
2	15
4	2
24	489
0	146
0	395
4	4
11	548
0	41
3	645
0	630
0	0
0	11
0	119
0	7
1	598
1027	1697
2	1291
0	35
0	36
8	160
7	443
20	67
43	165
1287	205
3	49
2	46
10	116
16	137
4	48
28	7190
118	6774
10	133
0	1368
0	12
29	155
0	128
0	71
0	39
368	8
0	8
0	0
0	12
743	882
0	891
35	428
104	479
5	25
23	187
0	116
7	81
17	7
0	2
83	118
0	121
1	48
0	85
372	85
4	0
1	0
0	0
0	0
0	0
0	0
0	0
0	0
0	0
1	0
20	531
0	926
0	1073
0	37
2847	2847
1	2844
225	59
2	59
788	2
43	475
3	530
0	128
0	228
10	1
15	0
0	0
0	39
0	39
0	51
0	51
2522	270
32	269
17	2917
10	2939
0	35
0	51
0	0
0	83
0	729
0	644
14	185
33	693
4	497
0	140
0	50
0	0
0	0
52	166
283	6193
791	6197
0	0
0	0
0	0
1412	211
1	123
0	118
0	0
0	0
0	0
0	0
0	0
0	103
0	129
1	30
0	115
0	106
0	47
0	18
0	24
0	19
378	120
6	38
2	99
0	25
0	0
0	0
408	500
0	4
6	496
0	186
25	621
0	219
0	184
3	346
2	293
6	384
348	219
3	554
2	6
1	216
1	199
0	192
0	64
0	15
3	1
0	1
0	272
2	777
0	778
0	774
3	428
2	40
5	2
35	230
0	230
0	0
0	0
1	0
114	394
12	391
9	310
33	91
5	272
0	36
0	2645
0	3120
298	3120
2109	1001
0	959
0	37
3	1701
0	198
0	1581
54	1586
26	2
0	344
2	25
0	73
0	224
1248	75
1	0
0	0
0	0
0	3
0	3
0	3
1	29
0	13
0	1
2	27
1010	634
0	633
0	12
462	340
0	337
0	0
0	2
0	222
0	252
1	27
35	129
0	2
0	2
10	126
80	62
0	62
1	1
0	1
8	1555
8	300
1	497
0	314
1	187
3	0
6	0
261	1736
4	0
0	0
4	0
1432	679
15	464
19	630
0	97
153	259
47	214
2	69
14	2
2	23
0	21
0	19
0	1
0	5
0	10
0	12
0	11
0	8
2	0
1483	3
0	3
0	0
0	0
0	0
0	0
0	6
0	4
0	2
0	0
215	1073
0	4
2	113
9	801
0	1072
1	0
0	0
0	0
0	0
2	1052
7	984
0	949
2	804
0	727
7	726
6	219
1	13
0	0
52	1012
63	1063
1	962
0	0
843	60
2	59
7	378
8	380
3	0
0	0
0	2
0	0
1080	2
26	88
1	2116
0	1735
333	2271
2	2125
0	1872
7	746
0	611
4	1874
43	1854
7	502
0	690
237	1602
0	309
1	158
841	577
1	0
1	1
0	21
7	59
0	514
0	158
2	127
0	11
0	19
0	151
30	0
1	30
97	30
2	3
0	3
0	0
994	275
1	257
0	216
0	165
2	0
10	928
7	852
1	773
0	234
0	261
2	7
7	18
1823	476
3	87
0	79
0	393
4	301
2	0
8	18
0	18
2612	565
15	559
36	201
1	137
0	148
16	246
3	290
2	271
62	292
23	287
9	281
0	56
4	107
1	78
1	1
0	0
7	40
0	0
0	259
0	317
136	828
0	284
4	681
0	656
0	88
0	0
0	0
91	7
1	7
0	0
0	0
11	1208
65	1416
4	760
4	1055
0	33
1	66
0	15
1	9
0	0
4	0
1	0
0	0
10	809
6	810
1	0
0	2
0	2
0	37
0	0
0	0
0	0
41	1169
149	1283
0	1194
92	628
0	97
6	64
0	113
32	210
1	3
191	8
25	7
0	0
0	0
0	0
0	0
0	6409
131	7223
2	6453
4	5608
0	614
0	5878
135	553
0	130
28	234
15	29
39	222
3	222
32	6793
0	0
0	0
27	2057
0	1509
0	629
5	1018
5	633
0	529
0	270
15	554
3	412
0	3
11	14
0	0
0	0
0	0
0	0
0	0
114	2375
18	988
0	398
0	285
0	1719
1	295
0	15
2	227
0	457
0	127
3	17
1	4
0	0
0	17
1	146
6	146
0	450
5	480
2	350
1	82
0	50
1	291
0	53
14	161
7	37
0	441
0	503
13	709
45	613
0	0
1	622
0	95
0	0
0	6
0	31
12	348
9	296
0	84
1	274
0	249
0	0
0	5
397	3
2	1
9	545
0	562
0	389
0	365
0	332
11	332
0	195
0	132
6	366
4	130
7	39
0	0
0	139
0	233
6	112
93	220
0	130
2	94
2	234
3	1
0	1
0	1091
21	2906
10	1182
97	3875
0	71
1	413
0	973
874	4193
4	33
6	714
380	203
0	3774
1	3170
0	59
28	2
15	2115
0	3
21	74
0	7
11	65
0	0
29	0
0	0
471	201
0	201
0	13
0	0
1987	297
0	228
7	129
0	12
25	47
1	6
2	2
0	2
134	245
393	245
1	3415
450	3455
0	586
2	40
1	2
6	6
0	2
0	2
0	2
100	934
21	323
48	751
6	67
11	190
14	4
49	0
2	3
0	109
53	110
0	0
0	0
0	0
0	0
74	963
0	14
0	179
0	169
62	218
0	6
31	2
0	1
4	1
2	1889
8	493
1	1859
0	1508
2	18
1	2611
0	2375
93	2357
54	1282
1	2121
12	325
0	661
97	35
1	158
0	990
2	1004
0	1017
1	973
1	1000
0	1049
0	43
0	0
11	0
20	885
0	50
0	857
6	891
27	8
20	865
0	9
10	722
0	884
223	162
0	127
2	99
3	12
12	81
16	1144
12	2121
42	509
0	616
6	977
11	778
0	43
0	59
1	37
0	26
3	58
0	17
1	3
5	347
0	34
0	23
3	133
0	0
0	55
0	1822
0	0
0	0
0	0
0	0
0	0
0	0
0	0
0	0
0	0
0	0
0	0
0	358
605	358
2	0
4	296
5	2
0	81
0	0
0	0
0	0
0	0
0	0
0	0
0	0
28	2
132	5325
17	91
0	3069
0	1949
0	2200
0	5341
55	46
16	30
3115	1092
0	1090
0	226
0	106
181	1254
156	1253
3	35
1	50
49	560
333	569
0	9
10	186
23	71
5	37
29	4
6	1463
0	1548
0	1471
3	123
1	1395
0	48
17	3
0	16
0	50
121	802
43	597
91	784
4	744
1	12
1	17
20	9
18	249
12	323
0	239
1	212
2	78
0	0
0	69
417	4724
37	4723
0	48
43	48
24	14
32	27
0	12
22	92
1	92
0	4
3	8
3	0
1	4
20	4
0	0
0	0
8	1121
1	931
0	349
0	403
0	129
20	170
5	137
0	73
0	974
49	599
19	43
3	0
2	473
0	154
0	417
0	5
1	130
0	111
6874	4078
14	3549
4	111
4	527
4	1139
13	1
1	1
1	0
185	214
7	76
7	493
1	45
0	687
0	0
0	588
1	339
890	292
11	292
0	0
239	2638
42	2638
1	2
0	2
2	0
0	0
0	0
0	0
0	0
0	0
0	1
0	3
0	0
2	3
0	4307
0	21
27	3629
12	2395
10	56
2	878
4	258
12	319
1	249
0	4060
0	0
0	0
0	0
489	165
0	147
9	155
0	165
4	19
2	4
10436	1074
3	842
28	135
0	135
0	0
0	0
2	603
2	603
0	132
1	185
54	397
2246	47
4	46
612	722
14	721
4	0
513	128
0	127
0	100
0	89
0	73
1	12
0	36
0	34
0	2
15	555
3	542
78	368
3	423
3	132
0	175
0	74
0	97
0	67
10	378
7	381
0	35
10	378
8	31
19	361
0	46
0	23
0	7
0	196
0	16
0	103
0	0
8	665
0	343
1	33
0	198
67	321
0	103
748	451
3	35
6	63
0	63
0	10
0	58
1	6
0	0
1	6
0	0
0	0
0	0
92	60
0	52
0	10
0	10
0	15
0	58
58	10
0	0
187	57
0	47
0	19
0	10
46	753
132	746
0	12
0	26
6	99
0	24
1	265
0	280
0	5
0	0
0	7
1	638
2	4
1	62
3	538
0	2
4	488
10	15
0	2
58	10
1	26
2	25
1	31
119	88
0	1161
53	574
0	594
3	85
47	320
0	37
0	7
13	5
0	0
1891	414
1	413
81	208
0	0
0	0
1034	268
0	74
0	176
1	40
0	29
0	3
0	24
0	13
0	0
0	0
0	4
0	4
0	4
0	0
0	6
0	3
0	3
0	18
0	101
0	113
443	136
12	78
0	88
0	3
0	69
0	999
0	56
2	3
0	23
2	898
0	167
0	247
1	770
1	26
0	636
4	2
0	484
0	0
0	74
1	280
0	1
0	1
2	1
39	2389
186	2389
14	145
0	263
116	305
1	13
1	40
1293	133
1	131
577	2
2	2
72	1176
176	1051
149	1215
25	491
2	21
0	30
0	31
0	21
0	9
29	5808
2	8
0	5177
2806	5891
5	3856
4507	5093
0	3198
1	3194
2	0
0	194
84	3665
222	37373
9	36864
102	39292
669	36751
1	3381
6	4938
213	1055
0	8174
86	221
349	12
1218	134
0	134
8	1
0	0
0	0
0	0
2552	5
38	16
1	0
0	0
3	16
0	0
0	6
587	1
0	0
30	2417
0	2
2	2189
1	399
37	1287
0	1595
2	1928
8	57
6	318
0	247
0	508
6	2341
86	2639
207	2639
0	0
0	0
0	0
0	0
222	0
2	101
5	100
0	1
0	4
2	107
0	2
0	267
1	161
16	34
0	31
0	171
0	69
0	87
3	96
0	246
11	104
0	15
0	83
0	19
1	25
652	1233
51	1201
13	22
0	239
97	2
50	96
3	333
0	0
0	0
0	0
1	183
25	204
3	173
0	43
5	71
0	54
15	36
6	45
0	17
0	0
0	0
23	7
0	220
3	31
0	200
0	200
111	2242
1	1520
1	338
2	2
7	303
2	16
17	1
28	1128
1	1
0	0
0	0
0	0
0	0
0	0
0	0
0	0
306	0
4	0
0	292
0	1179
8	348
1	888
2	50
6	427
5	1
2	15
2	1407
40	72
34	562
0	0
0	1382
226	0
19	0
5	0
1	0
0	25
0	22
0	1345
0	1382
0	91
5	155
0	1383
1	87
0	135
5	1062
61	63
0	0
0	1390
0	68
0	371
21	190
1	344
1	298
1	0
1	15
0	0
9	0
1	9
0	4
3	6
11	380
0	0
16	46
0	0
0	0
2	48
0	2
0	1
0	0
0	0
0	0
300	0
0	0
176	8
4	0
0	8
48	13
0	10
469	0
0	0
6113	153
1	144
0	145
0	2349
0	2321
0	2318
185	2290
18	396
0	187
4	1711
1	580
2	91
0	317
0	261
1	210
0	0
440	106
17	105
8	97
50	119
0	106
8	103
14	95
7	5
4	169
2	164
0	13
0	77
0	52
3	19
0	5
0	8
1	0
0	29
4	67
1	9
0	29
0	62
0	2
1	3
0	0
0	0
0	1
0	1
0	0
0	0
1	1
0	1
527	0
286	1
1	1
1	3
0	3
0	3
1	3
0	3
0	0
0	0
7725	7538
9	7532
17	5
0	1
0	4
40	91
566	93
8	486
68	486
2	4
0	669
0	665
20	701
3	578
44	718
13	3
5	19
223	17
14	2
8	0
0	0
53	116
368	8
2	8
7	0
78	451
0	98
49	463
20	164
1518	1
549	406
5	167
0	0
71	3
2	119
0	31
31	104
1	149
0	0
0	0
0	0
0	0
0	0
0	0
0	0
0	0
0	0
0	0
0	0
0	0
0	0
521	390
0	161
9	114
2	0
0	165
9	27
0	26
1	20
0	1
0	0
4	2
0	18
64	50
0	7
3	26
93	616
1	616
3	118
97	105
72	263
636	268
0	16
2	7
0	137
0	0
0	0
10	1423
17	1413
2	745
4	122
11	3
3	116
0	1401
0	1
0	0
0	0
0	0
2464	746
0	2
6	133
6	353
17	209
0	44
2	340
0	14
0	327
0	324
0	324
0	22
60	311
0	327
10	1
0	0
0	0
0	0
0	0
0	0
0	0
16	212
0	362
0	334
0	261
2	39
0	20
1	261
238	2703
6	143
6	2579
84	0
4	19
2	0
0	815
0	448
0	614
0	0
0	30
0	101
0	76
0	62
5	36
964	1
350	918
13	917
0	29
1	0
0	0
33	61
0	61
0	0
1	0
0	2
0	0
33	1125
136	1103
1	216
1	433
0	0
0	70
39	70
0	42
0	34
0	0
553	936
5	1
0	52
7	5
5	3
927	492
1	492
4	49
30	229
511	181
664	50
1156	5859
192	5859
3	691
0	105
11	0
77	17
0	263
4	2060
0	1203
0	2022
15	2041
18	247
15	167
1	20
0	5
3	10
0	2013
273	572
2	29
0	560
3	3
1	6
0	118
34	53
37	1187
0	0
0	7
0	41
3	1163
0	18
2	1163
3	5
20	99
4	122
70	35
1	35
3706	5
15	315
2	600
0	126
12	121
9	122
26	2
1	5
6	19
1	601
2	31
1	11
1	0
0	49
1	127
0	671
0	106
4	280
0	60
0	195
9	605
0	7
7	59
5	75
0	57
11	25
6	53
0	23
0	1
24	54
0	3
0	3
0	1
0	24
0	24
0	24
0	7
0	0
0	2
26	419
32	232
162	111
0	1
6	0
208	254
7	39
0	1
0	215
3	1
0	1
1	0
0	0
53	992
1	241
0	996
0	750
0	993
0	903
0	0
21	1
0	89
1	3
4	44
1	0
0	33
7	37
61	0
0	9
3	47
0	0
15	797
0	2
0	0
0	2
0	91
0	2
0	91
0	0
0	0
0	0
0	0
1	0
3	146
0	99
25	146
1	12
7484	1172
29	260
0	243
12	489
4	179
3	67
0	352
10	1049
19	1049
0	1049
1	85
1	8
6	128
0	16
137	0
211	0
515	9797
0	8031
8	9911
0	0
44	164
0	164
1	0
0	0
0	0
0	0
0	0
0	518
38	329
1	475
193	3495
0	2261
84	2554
0	292
19	8
6	2087
0	138
0	351
41	205
1	19
3	1
434	5058
0	0
0	0
0	0
962	0
0	0
0	0
144	39
1	3
0	0
0	37
0	0
21	12
1	12
1	7
0	0
1	0
3	2
192	126
10	37
2	72
1	77
8	4
0	1
0	1
0	0
30	33
0	2
800	153
0	29
12	136
1	0
3	3711
0	3650
4	3782
0	3589
194	2596
0	3515
10	3495
22	1158
0	1346
0	960
6	197
6	784
0	128
7	565
39	61
6	282
0	448
3	0
1	229
4	283
1	103
0	13
0	205
0	0
3	29
10	0
0	0
0	0
0	0
0	0
0	0
0	0
31	83
0	12
1	33
5	125
0	49
0	71
0	18
10	4404
0	4324
1	1
14	602
3	47
4	222
14	238
0	745
6	159
8	4092
4	381
8	4163
21	4226
0	4304
126	562
29	375
0	532
123	409
0	59
21	372
0	246
2	1
0	0
7	3
685	1050
31	1046
18	619
1	0
0	57
0	8
0	57
0	8
1	468
3	2
1	615
0	0
0	0
0	1
0	1
0	1
85	0
0	1
0	1
1	1
0	805
427	1643
1	564
0	0
0	191
0	473
13	1396
2	176
1	690
0	391
14	1522
6	19
0	129
0	0
0	0
0	0
36	2016
124	2257
12	13
3	405
11	5
10	106
8	308
20	13
28	5
27	352
8	41
1903	4479
12	4474
3	431
6	489
2	15
40	58
8490	6
0	118
0	104
0	118
0	18
0	104
9	5
66	25
0	20
30	72
1	72
0	0
0	0
0	0
0	0
0	0
0	0
0	0
0	0
0	0
250	316
264	282
16	33
65	33
459	17
0	16
0	5
446	129
0	26
1	103
13	0
0	0
318	1005
42	2067
3	5074
9	1292
0	2476
8	523
24	4854
1	1519
32	30
0	0
0	9
0	25
3	18
0	6
0	7
0	6
17	179
163	386
0	290
58	612
6	1003
38	1002
0	21
10	974
0	40
19	231
2	340
84	154
10	234
0	235
0	298
0	299
2	299
0	247
0	285
0	33
0	21
0	49
0	24
0	3
1	16
459	1097
6	135
8	0
8	860
0	55
29	42
7	85
5	124
5	37
5	332
1	231
0	80
1077	0
13	0
0	0
0	0
0	0
0	0
584	545
0	534
0	425
0	396
0	56
12	40
0	40
65	0
3	0
3	1333
0	1450
35	1310
3	26
105	869
39	1189
17	433
0	0
0	62
6	0
3	68
0	88
2	9
0	16
0	18
0	13
0	0
0	0
21	170
1	28
0	142
0	0
3	0
0	0
379	76
2	76
0	3
1	4142
0	2259
0	634
2	22
2	381
12	297
0	75
0	381
1227	1540
3	1359
0	1648
0	118
0	51
22	632
0	632
2157	0
0	0
0	0
0	0
362	3205
0	3204
0	0
501	248
53	229
3	117
22	92
11	92
1	10
0	247
28	553
1	570
6	541
0	581
0	540
3	5
9	114
5	77
0	3
0	2
0	581
44	589
2	538
0	122
1	8
6	37
1	0
0	0
0	0
0	0
0	0
10	1043
1	701
5	190
4	463
1	285
955	68
2	67
56	285
5	285
44	55
0	58
865	38
31	38
1253	774
0	72
0	2
2	9
5	454
0	245
10	8
0	3
0	8
5	1343
86	1364
16	90
194	0
0	468
0	21
0	467
0	617
4	579
20	457
2	455
0	32
9	0
26	9
3	6
27	1270
1	1023
190	1241
2	13
0	0
0	0
0	27
22	736
1	348
3	2
4	32
0	0
0	0
2	19
7	95
0	54
33	776
59	0
0	0
0	0
0	0
0	0
0	7
0	7
0	0
3	5
538	222
0	16
0	94
4	71
0	18
11	1162
68	1007
3	2
83	350
1	1173
30	841
328	1068
88	388
0	383
3	223
183	1
5	0
1	2209
0	230
0	35
0	366
48	1763
1	2
5	0
4	2076
0	196
704	2288
0	1159
15	1661
3	791
5	583
9	250
2	8
63	242
0	33
2	204
0	2
0	176
1	21
0	0
20	92
0	92
188	804
56	827
12	25
0	0
0	123
0	85
110	1170
1	1171
0	0
0	0
0	0
0	0
23	1
0	1
106	1646
0	1704
0	1581
158	585
0	217
0	143
0	5
382	51
0	0
0	0
0	0
150	5338
46	3586
8	121
36	5338
91	144
2	143
1	46
0	4
6	1
12	1228
0	1153
0	458
1	157
21	234
55	985
111	39
0	0
0	0
0	4866
63	366
45	395
0	4357
26	243
0	792
0	940
0	4618
0	4878
0	4606
0	0
92	1061
0	35
19	77
0	0
2	20
0	1017
0	0
0	0
323	46
0	45
206	431
14	431
97	241
3	241
36	70
0	68
1248	64
435	3885
0	3885
23	687
1	582
47	13
0	13
0	4
5	685
7	693
33	693
40	647
311	2
4	1
0	0
0	0
0	2
0	2
0	0
1	1296
7	942
8	199
2	897
1	1397
0	81
0	1521
0	842
0	31
35	21
67	288
0	328
4	347
6	107
10	51
0	0
0	0
0	0
0	510
9	279
60	561
0	14
2	68
2	65
2	2
6	9
0	8
0	6
0	0
0	0
0	1
0	0
140	371
5	87
26	457
6	395
6	439
3	0
2	0
15	0
81	679
6	679
1	3
1	27
0	28
1	28
7	0
0	0
16	0
0	0
331	595
0	367
18	490
14	256
0	187
37	160
2	125
1	30
7	97
13	1
0	0
2993	14415
2	687
5	11650
3	5960
135	11675
0	11583
38	140
645	108
1	0
60	57
0	57
0	0
0	0
0	0
0	0
0	0
0	0
0	0
0	0
0	0
0	0
0	0
0	0
4	158
15	118
11	148
32	154
0	12
0	18
0	1
0	981
0	2072
101	2081
0	0
6	33
123	123
0	75
0	756
13	756
7	1
2	309
6	17
0	10
0	4
0	1
0	10
0	36
1	89
3	453
1	563
0	906
0	1124
1	1059
35	751
1	63
42	1239
36	1242
0	449
0	425
0	504
0	239
0	0
0	0
0	0
0	0
0	0
1548	459
7	428
0	437
6	380
0	380
11	49
1	246
9	10
0	397
0	418
68	634
6	183
39	605
47	4
1	3
0	0
29	519
2	423
0	518
4	534
0	512
0	422
4	89
7	32
0	33
7	29
21	34
0	3
1	3
0	219
0	0
0	0
13	346
8	338
0	184
9	116
0	2
0	0
0	6
0	26
2	43
1	44
0	1
4	29
3	9368
0	10926
2518	2340
7	424
22	2096
0	0
0	1126
33	1476
6	1131
2	1361
757	117
3	12
0	73
4	92
16	28
186	28
0	27
2	23
0	7
1	2
184	74
2	74
515	0
0	1
0	1
0	1
0	0
0	0
0	0
0	0
6	231
0	172
1	189
46	200
0	187
0	239
52	2
0	22
2	17
2	33
1	306
1	12
0	280
0	0
0	0
0	2
2	149
0	2
0	30
0	22
0	15
1	15
0	16
0	3
1	4
2	0
0	0
0	2
0	1
1	9
2	9
0	3
0	0
208	1395
14	1414
0	6
0	8
14	8
0	8
5	7
0	73
1	64
0	57
10	28
62	25
24	7
264	28
0	28
0	141
0	997
0	34
91	1026
5	0
81	508
0	240
9	17
1	16
0	26
89	185
3	490
1	123
1	333
0	232
2	267
0	212
2	252
0	223
0	221
0	0
0	0
568	679
0	427
2	135
6	277
5	0
13	11
29	556
4	6
0	2
27	320
15	17
16	3
0	0
3	4
7	478
14	191
2	341
58	376
231	0
2	1
0	1
0	0
4	340
0	2326
3	72
41	1371
0	0
0	2326
15	10
0	0
0	1
0	0
0	11
0	10
41	351
0	369
3	58
1	1
0	27
0	328
1	16
0	42
5	75
689	346
1	201
0	255
0	270
0	118
9	132
2	78
5	97
0	651
5	644
8	99
11	0
116	76
12	37
43	66
6	60
0	24
14	36
2	4
0	55
0	1
2	54
6	55
0	54
0	55
382	578
4	330
5	152
0	89
0	538
0	31
1	226
7	55
10	500
6	439
1	36
0	53
22	422
4	4847
18	4696
0	4787
0	495
0	28
0	20
2	23
0	58
0	9
3	24
0	22
0	94
0	18
6	20
0	31
0	38
111	0
4	1233
0	5
42	412
0	132
20	86
14	4733
0	4824
0	0
0	0
2	1167
4	1409
93	1410
25	3
1373	2768
92	419
11	383
51	106
27	145
4656	1455
20	10
0	1271
0	608
1	524
12	368
10	535
0	30
0	494
0	0
0	0
0	0
1	0
0	24
0	25
0	13
0	13
0	4
0	0
0	25
0	21
308	0
0	0
0	0
1392	3088
0	3088
0	533
5	443
830	3209
14	80
0	2
57	701
2	481
0	0
0	320
89	220
0	2704
47	246
0	246
13	20
3	1
0	1
10	803
25	303
19	797
4	66
3	93
0	316
0	195
1	60
0	0
0	0
0	0
0	0
0	0
0	1
8	1
183	0
0	0
0	0
1	6
6	71
5	18
0	42
0	0
0	11
2	0
0	0
0	0
0	0
3	2
10	902
8	0
0	118
0	778
0	77
0	43
20	197
1	5
0	196
14	166
2	32
0	570
0	0
0	239
0	25
0	114
0	39
2	7
1	26
3	51
5	27
0	778
0	692
0	0
7	65
0	65
1	19
0	19
17	2805
0	61
0	97
1	333
1	196
6	154
0	109
101	44
3	21
0	0
0	0
157	0
48	679
1	906
90	921
1	1
0	1
111	61
0	61
3	635
8	41
20	556
0	121
114	622
24	608
10	485
4	71
34	117
3	42
0	19
1360	0
23	1679
0	0
18	422
2	21
0	1730
1	67
1	179
136	1318
0	1583
5	2
1	19
0	9
20	124
3	132
1	10
12	34
0	85
12	184
4	34
1	1701
3	9
5	20
0	41
17	15
0	19
2	1
36	21
1	1
2167	468
1	2
0	0
58	40
26	518
3	109
2	0
0	0
0	3295
331	3298
0	126
0	138
0	28
13	145
0	11
1	19
0	0
7	84
1	79
0	27
0	2
0	3
0	13
1	17
0	11
0	4
0	7
0	10
4	7
4	0
0	9
0	0
0	0
34	823
0	824
9	642
1	39
0	821
1513	6
39	5
1	0
0	0
0	0
0	0
0	0
161	35
0	35
0	0
5	43
8	356
313	467
1	389
2	451
2	1
3	1
2	0
0	33
24	0
37	467
9	21
0	21
0	0
0	0
0	0
0	0
0	0
80	851
12	705
0	816
0	14
0	643
0	0
0	0
1	84
0	0
0	15
0	36
403	46
0	0
8	1
0	861
0	1493
0	11
0	1
0	3933
0	4049
0	309
0	369
14	2963
8	2966
2	18
0	2232
0	300
0	1869
0	2318
0	335
1	208
0	298
0	152
0	150
1	4533
0	3
0	1974
0	475
0	173
0	415
0	341
0	565
0	273
0	5
0	165
194	192
0	0
5	34
2	98
34	86
0	59
12	1390
50	1390
6	25
0	0
0	0
0	0
0	1
0	1
0	0
0	78
36	1317
152	1253
0	1138
0	1146
2	689
17	109
0	171
0	173
0	1268
8	482
9	468
1	239
2	249
1	258
0	30
1	41
0	27
2	0
0	0
0	0
0	0
0	0
0	0
16	42
16	128
11	30
0	2
0	41
276	107
297	518
0	2
0	322
0	346
0	319
0	165
0	0
0	0
21	521
152	833
225	684
11	63
0	0
0	51
19	260
6	239
5	276
0	172
7	81
0	0
0	0
0	0
7	1343
23	1287
0	0
2	263
2	103
0	157
0	253
0	208
0	1343
134	146
4	146
4	111
0	0
0	19
0	6
0	0
0	1
0	1
0	1928
0	1986
47	1978
0	34
0	0
0	0
1431	122
28	36
8	21
4	9
0	43
0	15
5	17
0	126
0	95
0	0
0	3
0	62
2	5
0	2
0	3
0	1
0	7
0	4
0	126
0	0
0	0
117	1833
41	1836
29	1655
6	1535
0	74
0	0
0	0
0	0
0	0
0	0
0	0
0	0
0	0
0	0
0	1
0	0
0	1
0	0
0	0
0	0
0	0
1067	1
2	0
223	12
0	0
8	10
0	0
0	0
0	0
1	21
0	21
50	239
0	225
0	35
0	1254
28	2210
2	1253
2	2111
12	176
0	621
20	106
0	36
0	0
23	5
0	5
2	0
0	0
0	0
0	19
0	19
0	10
0	11
98	152
1	11
1	141
0	776
0	787
1	0
10	3
2	801
0	834
0	823
0	0
0	0
481	1254
0	1239
2	332
3	0
0	17
0	0
0	0
0	0
82	816
4	50
10	745
4	74
0	0
0	0
0	0
0	0
10	0
25	464
61	469
1	123
16	17
0	4
64	45
0	0
10	39
0	8
0	32
11	38
0	27
0	2
1	126
713	6119
1	20
20	5976
12	5655
6	529
13	2836
2	887
0	49
40	36
0	16
0	32
0	0
0	0
0	0
1	34
118	52
1	1
2	3
0	2
0	16
38	0
0	0
0	0
39	119
0	105
11	50
1	16
8	28
7	5
9	14
3	1
187	85
0	62
0	15
0	3
0	26
108	88
0	39
0	0
4	29
0	20
25	28
7	19
46	14
0	0
40	141
3	98
0	98
9	144
0	23
0	36
2	6
0	6
4	19
3	31
182	11
64	106
0	22
22	105
0	14
45	228
7	228
331	129
0	129
6	127
0	42
12	0
10	439
4	0
38	445
4	0
0	4
5	328
1	0
646	394
21	238
4	13
0	112
607	1697
0	1582
0	567
18	423
1	5
1	410
0	161
1	58
0	75
6	6
0	24
8	31
12	30
0	2
2	170
8	170
0	55
2	27
0	0
0	0
0	0
0	0
0	0
0	0
0	0
0	470
0	172
1	431
0	156
0	137
1102	5048
387	4585
63	4768
17	0
5	274
3	9
51	5
559	780
0	542
19	503
0	153
3	173
0	113
0	23
0	2
0	12
1	34
0	0
706	148
133	4302
13	3983
0	2521
1	2198
5	627
84	188
1	223
9	24
0	218
3	948
0	0
0	0
1245	2861
14	0
0	2641
0	2655
2	310
2	227
0	4
0	1
0	3
574	3655
17	3158
3	1764
7	1708
0	1158
0	853
6	460
93	42
0	30
1	0
9	125
0	9
0	5
0	125
29	148
0	91
581	214
1	0
2	0
4	103
5	28
27	1
0	1
18	85
0	51
15	353
0	355
0	17
0	12
0	56
44	2762
11	2354
59	738
0	0
0	0
0	0
2093	748
0	744
204	55
0	50
0	8
7	3
1	455
30	455
6	40
0	9
0	35
0	21
13	20
4	18
12	0
0	0
25	0
10	13
1	5
18	0
0	0
0	0
0	0
0	0
0	0
0	0
0	0
0	1
0	1
0	0
0	0
0	0
0	0
51	705
0	564
0	451
58	560
1	358
0	0
0	0
0	0
0	0
126	285
3	224
0	248
563	550
23	221
0	278
1	353
0	34
26	127
0	0
0	89
441	181
0	168
0	185
0	0
0	2
0	0
0	0
0	0
29	560
3	560
1	26
0	139
9	1
1	92
0	0
987	6413
1	4520
3	4658
15	5972
10	3193
2	1022
57	1829
983	200
0	0
2228	38
3	37
0	35
2	0
0	0
0	0
0	35
84	11
1	10
0	5
0	1
62	281
9	222
0	61
4	59
2	31
0	38
4	926
0	197
36	192
0	81
18	32
2	123
0	926
0	817
0	2
0	1
2	1
0	0
0	0
0	0
0	0
0	0
0	0
0	0
0	0
31	10
4	8
0	2
1	0
308	61
0	13
0	48
0	1
0	1
0	1
20	1
0	0
0	0
114	0
1	0
0	364
1	91
0	134
0	391
0	368
0	14
0	364
5	2
1	65
0	375
0	371
0	402
0	1593
51	1584
0	1581
9	53
0	1484
0	58
5	0
165	3302
105	1423
1	3205
29	2439
7	0
560	197
0	147
1	22
1	9
1	1
0	0
1	0
198	113
3	122
2	0
8	9
0	0
0	420
73	1746
14	1706
0	1800
0	142
0	0
0	0
0	0
0	0
9	220
1	31
0	220
0	1
0	4
0	1
0	4
0	1
0	1
0	0
243	1762
4	1762
6	1762
4	1340
11	0
0	9
0	9
1	7
0	1
1	0
1	0
426	650
2	142
0	559
0	114
3	629
0	17
1485	1638
25	786
17	71
109	1316
1	519
26	127
58	260
2	686
0	214
0	475
0	69
6	6
0	0
0	0
189	11
8	8
10	1105
0	121
49	1075
0	36
12	57
0	1147
1186	89
24	32
0	4332
13	4065
20	3774
22	1745
0	43
0	270
24	240
444	96
1	37
0	11
0	16
5327	477
32	476
642	199
0	167
833	54
2500	21
6	6
18	5
0	3
1	5
0	5
0	1589
0	27
5	776
1	666
1	440
0	417
0	456
0	431
0	230
2	296
0	460
0	470
0	433
0	1
4	147
8	45
1	31
0	6
2	9
1	42
0	8
2	0
0	6
0	9
2	2
0	10
18	24
0	4
0	1
8	2
0	1665
0	0
0	0
194	14
365	32
4	11
0	1345
28	1345
16	38
3	99
73	1252
5	1136
30	1157
0	53
3	159
0	18
19	518
0	230
0	14
8	7
5	7
3	0
1	98
57	82
2	126
60	199
3	3
2	51
5	41
1	45
4	4
2	2
0	0
4	348
62	373
0	85
0	43
0	1
0	0
3	85
1	64
0	55
0	1
4	14
0	3
0	1
0	2
0	1
0	624
11	499
5	500
0	167
0	451
19	169
0	59
0	57
0	32
0	8
0	8
22	124
0	104
5	58
0	36
0	7
2	8
0	46
0	20
0	622
152	0
25	5
1	6
1	2
1	0
0	0
0	3
2	48
0	27
1	6786
15	139
7	346
5	5060
0	1000
4	221
14	612
0	511
2	10
0	319
0	5579
0	425
2	199
5	1301
12	6410
11	166
6	221
28	619
0	61
0	5682
237	51
8	49
0	38
1	17
0	0
0	0
6	340
0	279
274	401
0	0
0	2
0	4
0	4
0	2
0	4
0	0
0	3
0	1
0	2
0	0
75	26
0	26
640	351
1	209
1	123
4	171
0	0
0	0
0	0
46	553
10	434
4	529
0	11
99	93
0	7
0	0
0	0
0	0
22	0
119	499
2	498
3	1
4	936
2	651
10	136
5	139
1	246
4	437
2	543
300	22
1	181
6	221
1	11
4	0
0	0
0	0
0	5
0	5
0	0
45	0
0	1
4	266
16	270
0	15
0	14
0	31
0	8
0	0
154	268
0	268
0	0
0	0
0	0
0	0
2800	1576
8	52
29	366
26	665
2	547
557	88
31	88
65	64
280	206
12	204
0	0
0	0
4	19
0	21
1	0
1	127
0	117
0	149
7	70
11	18
0	17
1	112
4	167
31	90
209	225
3	61
0	34
2	34
0	535
0	372
3	546
0	2099
5	1906
0	604
0	26
7	225
0	37
4	362
0	1
1	53
0	11
2	11
0	0
34	0
0	0
0	0
127	0
0	2
0	2
0	1
0	232
192	934
1	846
0	210
252	887
0	119
1	678
0	86
0	57
0	0
2	143
29	10
38	10
220	914
1	367
2	112
0	308
3309	735
20	728
531	197
2	0
0	195
4	91
0	136
0	53
0	192
0	0
0	15
7	1
0	206
1684	194
15	192
0	0
0	0
0	0
0	0
0	0
21	365
0	16
66	760
54	129
0	469
279	612
0	0
416	197
1	197
37	0
0	0
0	0
0	0
0	0
0	0
1	1479
78	1362
4	19
0	1017
8	1178
0	0
67	1509
2	904
1	1442
1	768
0	123
12	462
1	351
0	184
0	7
0	89
0	59
0	374
1492	126
0	125
0	0
0	0
1072	15
0	14
0	0
565	8
15	5
1	2
3	1
0	1
0	0
0	0
5	1
0	0
0	1
0	0
0	0
0	0
0	0
7	764
0	764
54	764
0	48
0	10
0	41
0	41
0	1
0	1
2177	1371
5	110
0	1058
1	3
1	68
15	464
2	74
7	939
1	595
0	53
1	6
35	30
0	31
5	15
3	6
2	17
20	0
0	0
0	0
0	0
0	0
0	1
0	1
0	0
0	0
303	14
5	14
0	0
8	537
265	538
2	124
0	0
15	19
0	38
5	1
233	2273
182	1825
24	401
15	1278
0	218
1	881
1	53
0	28
1	0
103	55
1	17
127	824
61	823
412	326
14	157
16	293
3	130
0	0
3	148
0	50
4	58
2	40
0	0
0	0
0	3
9	3
0	3
0	1
1	0
1	0
374	809
6	0
0	808
71	0
0	0
0	1994
0	0
1	54
0	29
0	1866
0	57
0	1994
0	14
5	56
0	47
0	4
233	0
643	450
1	455
0	0
2	204
2	227
0	0
7	429
0	18
2	41
0	7
28	96
1	538
1	122
1	85
15	85
4	36
346	171
0	169
0	3
0	0
0	0
46	1421
0	883
3	883
0	1441
22	374
29	98
4	101
4	288
0	0
0	0
0	0
0	0
0	0
0	0
2	1
435	1
3	3
21	10
0	0
0	0
0	0
0	0
0	0
0	0
5	9
0	11
0	2
1	2
0	2
9	572
0	567
6	237
8	100
4	250
0	310
0	74
1	153
55	1
1424	1135
0	693
0	236
1458	10743
5	7052
183	27
13	9355
13	8129
1	0
9	0
27	170
0	92
8	170
21	176
10	113
0	66
113	0
7	126
0	470
0	468
35	482
5	449
0	472
0	4
0	36
8	6
1	6
59	0
7	0
0	0
0	344
0	399
0	37
8	373
23	53
1	119
0	116
0	201
2	101
0	77
0	12
0	108
0	13
0	5
0	3
0	4
0	13
0	0
0	206
5	2480
72	525
0	6
1	266
495	1510
146	1509
0	0
0	0
0	0
0	0
0	0
0	0
1	0
0	1
0	1
0	696
61	652
1	180
0	0
4	239
1	9
0	60
0	29
0	26
1	0
0	654
1	696
87	59
0	59
0	9490
8	8626
0	11246
0	708
0	1
231	11413
647	11648
64	1522
24	759
245	1482
7	215
18	146
9	146
1	8938
1	8840
0	10228
1	986
8	1679
17	634
5	1337
3	371
2	71
660	717
5	638
0	210
0	0
2	2086
0	468
63	631
0	2102
9	2026
129	629
0	196
0	41
0	27
1	0
22	155
0	24
5	1
2	83
0	0
0	0
1	244
2	9
0	24
0	0
0	0
9	280
0	278
9	0
2	417
3	41
2	206
0	0
0	0
0	0
0	0
2	0
927	1
204	59
4	59
309	1028
3	822
0	466
5	131
0	151
0	83
0	27
3	7
3	1
0	19
637	2
501	1
1	0
0	0
3625	2031
1	2028
22	162
76	825
1	751
6	144
2	754
4	627
0	389
4	42
38	29
1	0
0	0
0	113
16	113
0	18
0	0
0	0
0	0
0	0
0	0
0	557
79	872
0	123
6	806
1	503
0	232
0	13
10	43
0	2
3	43
2461	703
124	701
48	87
1	146
4	37
3	72
1	72
3611	1685
1	589
4	38
8	1056
3	2
0	63
3	784
1	639
181	1996
97	1632
1	1661
178	1906
1	1051
351	386
25	296
38	22
807	0
753	588
4	0
16	15
9	573
63	260
0	260
0	192
1	25
0	0
0	0
0	0
172	41
1	16
8	44
18	8
10	38
1	39
1	30
122	0
0	0
0	0
0	0
0	0
796	667
40	393
5	272
4	13
1	217
415	1086
3	2
2	1077
5	1741
0	2075
0	2764
1295	2815
28	792
0	2106
0	1836
0	0
0	51
0	1503
4	56
0	132
0	233
0	11
0	51
0	0
0	276
0	0
8	20
0	159
0	160
1	270
11	368
0	30
0	173
0	20
0	37
2	406
0	335
0	406
0	154
0	0
75	356
81	356
0	156
9	115
9	0
0	437
0	451
3	692
0	595
123	831
5	712
2545	740
0	796
0	493
0	519
583	6148
148	4945
2	1
26	2487
2	140
5	474
3	439
39	2110
0	1597
56	6219
291	4
0	0
0	4
17	0
0	0
0	0
0	0
7	125
2957	308
0	180
6	0
15	0
762	26
11	11
74	859
652	1061
0	939
11	976
0	26
0	73
0	5
0	344
2	10
2	1
3	1
5	0
2	1
8	0
0	4
1	5
0	0
0	0
211	0
48	1079
19	102
2	167
0	156
4	945
31	148
0	854
1	172
4	370
51	393
1	179
19	4617
74	4684
4	4622
8	401
154	1748
0	113
13	218
20	186
131	275
12	71
40	1098
66	871
0	12
2	588
2	251
3	68
0	48
54	273
6	29
0	156
5	232
3	1
1	42
10	14
45	135
0	27
1	16
0	0
0	106
1	104
0	0
0	0
1	0
0	0
0	0
0	0
0	1
0	1
44	110
0	105
11	134
26	47
1	71
0	7
17	65
1	17
3	1
6	59
3726	4
270	9
0	9
6	0
20	0
0	0
0	0
0	0
634	328
0	50
7	19
0	23
8	124
0	192
4	0
0	15
0	0
0	0
0	0
0	0
20	958
23	872
15	1297
0	191
59	442
0	372
0	29
0	0
0	0
1	515
6	119
0	0
0	0
0	0
26	1
1	1
24	69
0	401
0	381
2	380
244	853
0	13
0	884
13	762
7	491
0	41
17	4
5	43
172	3162
2477	3372
1	326
28	2
4	824
2	778
4	808
30	1247
1037	2338
229	2276
4	966
87	1272
0	0
0	0
0	2871
12	2980
0	2980
0	2980
6	33
22	18
1	85
0	0
0	0
0	0
118	1486
374	1553
28	0
1	368
20	2
15	0
5	9
0	0
6	347
13	347
6	300
0	24
178	83
0	0
9	23
250	45
0	22
23	6236
2941	6623
7	472
12	5761
34	870
0	3289
0	3426
3007	3024
2	2184
0	1743
0	142
18	17
10	100
28	60
1	28
7	0
0	64
8208	4
21	0
2	2
3	7
0	7
0	7
0	0
0	0
0	0
0	0
0	0
0	0
1	612
69	612
5	56
0	34
0	17
1	0
2	10
0	10
0	10
30	264
27	264
4	4
0	46
25	21
0	0
0	0
0	1
0	0
0	1
51	98
0	367
4	358
3	5
27	367
0	148
96	148
5	6
25	136
1	117
0	132
407	2564
0	455
1	703
1	0
1	1888
0	0
0	0
0	0
0	0
0	0
0	0
0	0
0	0
0	563
39	823
3	43
0	961
0	10
7	743
156	780
0	1115
0	1470
2	1997
2	347
0	1
0	114
0	727
0	2089
0	2042
0	780
0	0
0	0
0	0
0	0
0	0
111	1917
2	6
0	377
5	417
5	1722
2	179
0	461
0	626
1	2225
0	0
821	1169
0	135
0	141
0	22
7	1148
21	6
0	7
3	5
4	62
0	51
1	59
12929	881
1	866
20	358
0	0
0	0
0	638
0	951
69	866
2	0
0	0
0	11
377	138
1	26
2	49
22	9
0	11
0	2
0	0
0	11
0	12
0	0
47	378
2	313
2	51
44	70
0	6
0	188
1	186
0	18
0	73
0	10
2	70
0	1124
21	1083
4	67
0	659
0	998
0	26
608	0
0	0
2	2
0	2
0	2
2	8
0	7
0	0
29	2514
1	1823
0	851
4	1677
0	219
0	1068
7	46
0	11
0	0
0	0
0	0
4	83
9	1
0	0
0	0
0	0
0	1
14	929
1469	934
1044	201
5	200
0	20
38	469
297	469
0	3
0	0
0	0
0	0
0	0
0	0
0	0
49	7
1	3
0	4
0	0
0	0
1	0
577	1513
1	1513
28	695
30	153
0	118
0	217
412	17
21	17
28	7
12	14
28	5
0	7
3	11
0	0
0	0
149	266
2	153
1	235
117	109
0	51
3	43
3	82
1	19
10	0
0	0
0	0
0	0
0	0
2	4
0	4
0	4
0	0
0	0
29	1748
0	1221
0	1851
36	1602
8	389
0	20
1	14
0	73
0	107
0	1023
0	29
0	142
11	85
1108	411
0	311
0	119
0	1
1	145
1	119
0	43
0	15
283	273
11	15
1	266
0	2
4	1036
11	1306
0	1056
0	1208
1	506
15	572
26	10
0	621
1	133
19	8
99	0
0	822
14	851
0	339
0	286
5	104
1	67
0	10
0	51
1	23
3	20
0	0
2	0
142	0
0	825
0	240
0	321
0	304
0	322
0	315
0	296
0	324
0	312
0	302
0	295
0	304
0	347
0	246
0	98
0	57
0	243
0	44
0	58
0	63
0	180
0	103
0	328
0	333
214	328
0	80
0	178
0	172
0	248
0	285
0	296
1	11
1	227
0	0
0	13
0	146
43	73
5	3
0	320
8	73
0	33
0	33
5	1
146	1
0	0
0	0
0	185
0	185
0	185
978	380
4	378
20	312
3	41
1	17
0	0
0	0
0	5
4	5
0	1
0	0
134	5116
133	2328
0	3681
0	3152
23	496
0	61
0	24
2452	1344
4	166
24	601
4	386
13	4
65	180
5	405
53	160
1	159
0	20
6	1
66	1784
0	95
12	37
16	1756
42	246
18	205
0	38
0	81
0	3
0	124
443	8026
0	7331
0	6008
2	781
1	643
14	440
0	6
3	241
0	0
0	0
0	0
0	0
0	0
0	0
0	0
0	0
0	0
0	0
0	0
0	7327
3574	2
0	143
13	137
0	85
0	13
0	99
0	5
0	4
0	94
0	102
94	66
2	66
252	4044
0	4407
139	4218
25	420
20	281
0	12
100	2
4636	1
4595	4773
1667	4767
55	1418
12	506
2	980
56	444
1	53
15	441
0	348
1	302
36	50
2	67
0	60
19	45
0	0
0	335
273	246
0	246
0	123
6	279
2	267
10	276
1	11
0	42
6	397
97	291
6	71
0	7
0	335
323	0
46	0
141	748
9	67
5	712
8	11
3	11
55	513
23	1
1	4
1	26
9	2930
1	2932
36	179
0	4
0	6
0	2932
3	334
53	186
0	33
0	338
56	143
38	235
18	219
6	129
17	5
3	5
3	48
5	112
0	933
2	35
0	78
0	61
15	131
15	164
0	19
49	261
0	16
1	40
3	884
0	2
0	2
0	2
0	2
0	0
0	0
0	0
0	0
25	48
2	48
1	0
425	70
1	70
0	51
0	228
5	211
4	161
0	135
0	0
4	10
72	1500
0	861
2	253
4	325
0	1020
4	2
0	289
1	736
38	308
4	32
0	0
0	0
368	110
0	109
1	65
2	0
0	1127
0	1180
0	1269
51	575
6	0
30	109
3	184
1	21
0	1172
0	1257
0	0
0	0
0	631
0	684
0	639
0	651
0	657
0	625
0	483
1	627
0	654
0	312
0	381
10	64
4	2
0	0
50	994
24	761
1	999
3	717
1	392
0	701
22	1333
11	383
5	681
0	470
41	274
1	65
0	58
93	22
8	154
0	108
0	22
1	1361
115	2
25	231
260	238
0	1
5	197
0	0
0	0
0	4762
103	4776
0	855
0	855
0	855
0	855
0	855
0	855
0	855
37	756
0	2
1	508
0	0
224	412
7	374
0	242
0	43
0	1
30	183
0	183
1	35
0	13
0	10
0	3
0	0
1478	33
1	30
18	204
4	204
201	473
5	0
0	473
2	0
14	0
0	5
0	2
0	7
0	0
0	0
2183	803
3	447
11	252
1	15
0	0
0	12
1	12
40	3
0	3
242	133
1	133
0	2
0	2
0	0
6	361
26	402
6	391
0	80
11	3
2	6
4	9
0	3
0	3
0	0
0	0
0	0
0	0
26	0
1	0
134	650
0	420
0	27
1	125
0	80
17	33
0	76
0	11
7	16
0	0
0	0
0	0
0	0
61	46
5	47
1	47
0	38
52	19
0	0
7	961
22	487
2	574
0	79
2	351
4	123
0	0
0	0
0	0
0	0
830	681
47	455
48	668
101	2
0	0
17	1706
2	1583
2	1440
32	282
0	0
0	0
3	0
0	0
0	0
0	0
0	0
0	0
17	0
0	0
0	0
1012	214
0	142
3	99
8	64
7	24
1	34
201	897
0	866
1	118
31	459
27	30
2	142
0	51
6	91
0	91
13	51
0	53
0	336
1	12
0	22
0	74
0	63
0	327
0	342
23	313
14	313
3	1
7	0
0	240
4	255
0	244
2	179
7	227
0	42
1	5
5	17
0	220
2150	0
5	61
5	401
2	238
1	343
1	343
0	3
0	0
11	0
1	17
3	7
0	368
1	1013
3	407
0	345
10	643
8	0
3	127
4	137
0	0
0	0
0	3
0	3
0	0
0	0
815	0
43	971
0	536
2	971
0	10
24	65
0	15
15	51
1	0
0	24
0	18
0	0
95	423
0	84
1	428
0	1
0	1
0	0
0	0
0	0
18	291
7	291
3	0
0	0
0	0
317	27
70	27
233	0
0	0
0	0
436	347
0	169
1	0
1	3
0	1
13	14
1	1
1	150
3149	1878
4	1875
0	1322
0	288
0	908
22	689
2	72
0	160
2	69
1	69
1	69
0	33
2	768
0	73
0	0
0	1
0	160
0	279
42	0
0	0
351	183
6	25
10	171
7	0
0	12
0	0
18	335
1	23
3	310
0	62
351	244
11	0
97	186
8	20
1	67
0	0
0	0
0	0
0	0
0	0
63	205
3	192
76	23
1	85
0	63
0	2
33	0
0	2
13	23
31	715
3	714
19	704
0	18
0	70
2	76
0	70
0	39
0	30
0	35
1	23
0	4
0	2
0	0
1	0
0	4
3	0
0	76
11	9
0	9
27	352
0	129
0	40
0	63
0	22
1	21
0	17
0	12
0	0
10	1
6	190
702	192
3	187
19	36
1	31
0	22
3	27
0	1247
0	0
253	737
3	675
2	62
3	95
0	0
1	2
141	585
0	32
32	588
9	531
1	60
1	8
3	0
0	129
0	93
0	39
0	74
0	0
8061	897
1	889
0	4
0	4
0	1
389	1762
26	343
0	1441
0	1441
46	1662
3	1652
2640	555
8	193
0	360
1	2689
101	2795
0	2680
32	715
14	850
0	2507
4	13
0	2804
316	1190
6	1094
8	938
12	550
9	611
0	105
0	10
0	0
0	0
548	197
0	35
3	106
13	40
0	43
0	0
3	305
0	0
4	307
0	307
102	0
1	60
0	162
6	71
0	0
0	5
57	141
64	0
3633	899
2	896
0	8
0	0
0	0
27	696
31	121
20	817
28	14
12	52
3	11
722	119
0	4
0	47
3	3
2	65
7	221
0	183
0	224
1	69
2	182
0	0
0	0
0	297
3	297
5	296
7	296
0	15
0	55
0	297
307	1596
26	1555
0	4
0	125
0	140
4	356
10	354
474	379
0	4
0	4
0	7
2	14
5	98
3	29
0	45
207	508
17	493
0	0
0	0
1	0
1	287
5	287
1	296
0	35
0	18
6	18
0	0
0	0
0	0
0	0
4	598
0	514
15	638
0	8
0	112
0	74
0	13
0	0
0	0
0	1
0	1
1	1
5	1
0	0
0	0
0	0
607	38
2	1
9	34
1	2
0	0
0	0
0	0
0	2
0	0
0	2
0	2
0	0
426	192
1	24
1	104
7	107
22	187
0	59
0	129
1	33
0	3
0	74
0	0
0	0
0	0
0	0
8	59
0	45
7	52
2	39
0	10
0	0
0	3
17	144
0	15
12	12
0	33
0	33
0	33
0	0
0	0
0	0
0	0
0	129
831	146
275	1
0	28
0	33
1	30
1	5
0	7
0	31
26	82
2	6
0	82
564	447
1	83
0	68
1	296
73	424
24	334
1156	412
6	412
0	0
118	10
0	9
0	3
0	0
0	0
16	701
2	88
0	77
10	8
0	727
0	0
0	0
0	0
0	1002
7	931
0	873
3	360
6	662
0	857
0	949
0	593
0	726
11	235
2	463
0	709
1	0
0	95
0	481
39	196
0	184
0	128
10	156
3	15
3	28
7	86
0	82
0	0
66	3
32	2759
28	2759
29	2756
436	306
0	272
26	120
0	28
3	34
0	17
156	550
38	497
5	21
1	0
3	4
16	8
2	8
4	0
1	51
1	13
4	2
467	211
24	211
0	0
71	716
0	712
3	616
1	0
0	78
0	0
203	1845
739	2189
14	350
0	595
5	599
15	3
0	0
241	68
0	34
0	67
3	25
84	108
37	77
720	3475
4	3031
3	2724
5	434
0	0
0	0
18	641
0	622
1	496
0	61
0	529
4	484
2	146
37	299
0	153
27	224
55	217
87	25
2	211
0	11
0	2
0	2
0	2
165	16
0	16
0	13
240	30
0	30
133	280
0	280
0	279
0	0
0	0
0	0
0	0
0	0
96	90
1	60
2	70
0	5
0	7
6	2
0	0
0	0
188	6627
27	369
0	365
3	119
0	6429
21	6801
14	5801
7	3
2	3117
0	215
26	186
8	781
29	3803
1	1100
11	472
0	0
0	0
0	0
0	0
0	0
0	840
241	1247
0	1244
2	164
1	8
362	0
20	301
585	303
1327	1044
0	677
65	506
0	5
2	102
0	173
0	192
5	27
5	367
149	251
1	314
14	337
3	15
0	65
0	5
2	16
64	34
0	24
0	8
1474	37
0	37
909	57
17	5
0	0
0	0
0	0
0	28
4	27
196	355
35	348
29	0
1018	1
0	2
1	3
0	3
0	1
0	0
0	1
0	285
2	362
0	238
0	439
5	252
0	328
0	363
3	167
0	1
0	0
0	0
2	695
32	192
0	800
47	710
1	115
5	9
12	14
220	4115
378	3640
31	503
25	4
10	1420
0	443
89	11049
2797	11433
0	5971
0	886
0	462
0	389
2	8
0	456
0	636
0	61
5	619
8	156
2	227
8	15
5	133
400	927
5	186
2	639
9	1543
42	2056
0	229
14	41
67	88
0	77
0	0
1	27
10	51
0	0
2	31
0	4
459	485
1	87
0	222
14	2573
1	2582
3	1465
0	1919
402	2965
5	239
0	38
0	0
0	0
4	0
1	0
64	152
0	28
0	2
0	152
0	0
0	0
260	0
0	219
10	278
4	114
0	289
12	88
0	139
0	13
9	41
0	10
16	25
9	4
0	66
5	66
18	128
2	122
285	181
0	61
77	1043
33	31
1	0
0	1156
0	105
11	1158
2	13
0	43
0	37
1	10
4	10
681	0
21	404
2	320
2	375
0	3
30	8
1	30
9	217
0	11
1	1
0	2
4	2
96	789
24	829
1	214
10	50
3	100
0	141
1	0
10	137
11	66
0	0
2	4
23	1
2	416
0	802
1	0
0	813
0	328
34	323
0	292
3	97
0	243
1	175
0	130
0	82
9	87
0	163
0	58
194	570
0	139
0	383
0	420
1	6
0	5
0	6
1	459
4	499
106	521
0	51
1	7
0	58
5	0
0	24
0	25
0	24
0	23
0	0
0	0
0	1
0	0
1	0
583	824
39	48
0	0
4	30
8	799
0	9
0	0
0	0
0	0
0	0
0	0
0	0
0	0
0	0
0	0
1886	4
0	0
0	0
0	0
0	0
0	0
0	0
0	0
0	0
0	0
5	9
0	9
1123	1317
7	80
6	51
7	51
1	1037
0	68
4	3
0	69
12	101
19	118
10	5
1138	3
0	2
0	75
34	93
111	152
0	126
5	63
17	78
4	47
0	32
2	23
25	0
3	163
0	61
0	164
0	187
5	13
2	168
2	164
0	26
1	3
84	7
0	174
0	34
0	151
0	36
0	7
2	1
0	48
16	148
41	1165
3	43
0	62
2	1184
525	3
0	0
0	0
0	0
0	0
0	0
0	0
0	0
0	0
20	424
32	409
0	66
2	55
0	16
7	125
0	38
9	1000
6	563
0	811
1	44
0	18
14	3
3	4
1	5
12	22
3	1
0	990
173	143
4	2
2	142
0	61
1	2596
5	48
0	2329
0	2232
1	3077
2	330
1	2337
837	2937
227	3015
0	2246
22	1806
14	148
0	331
5	1035
41	171
0	0
0	0
0	0
0	0
762	1083
20	1082
20	169
159	188
0	68
0	34
0	18
0	12
0	0
7	3
0	11
0	169
264	246
1	60
1	2
0	21
0	188
0	0
100	132
451	125
17	103
620	1
551	311
25	68
6	251
23	223
2	73
0	49
1	53
0	2
0	3
0	1
1	22
0	50
0	6
0	0
0	6
0	0
10	2
0	2
31	53
0	52
3	3
2	11
0	14
8	561
0	465
0	304
0	21
0	95
12	326
0	85
0	80
0	607
1	0
2	10
0	10
0	0
0	2
74	1647
0	112
16	1644
4	116
0	56
2	3
1	5
0	24
1	14
822	1055
25	1056
13	727
4	399
18	688
0	398
9	36
3	0
0	6
1	1
0	1
0	2804
34	2703
94	2865
6	36
1	293
0	461
11	2764
374	49
44	2
1	61
28	297
105	280
114	1350
4	925
215	1198
33	0
0	1261
25	408
2	1065
0	1262
4	191
1	365
3	606
1	134
18	44
4	56
0	0
0	0
1	0
0	0
0	0
10	17
1320	659
0	391
0	207
0	8
6	78
2	229
114	88
2	88
6	0
2	0
286	937
0	182
1	57
1	2
7	105
0	72
15	5
11	620
3	1
0	13
31	102
1	458
2	302
15	204
8	206
78	11
8	22
0	32
0	75
5	0
158	26
0	28
90	468
8	220
3	448
0	70
0	119
0	59
3	56
8	140
8	61
0	79
0	0
0	0
0	0
0	0
170	25
1	19
4	6
0	19
0	0
0	0
4435	946
1	96
3	396
0	157
7	72
0	49
2	131
3	278
31	766
24	757
0	38
1	41
0	1
0	1
0	0
0	28
0	26
1	14
0	17
0	18
1	12
0	1
0	1
23	0
0	0
0	0
153	23
0	23
122	0
3912	240
3	238
6	263
9	304
11	223
0	56
7	279
0	403
2	46
14	151
56	120
18	71
3	27
0	8
11	13
93	0
0	1522
490	2112
4	3
0	35
0	1611
0	67
1	639
2	23
0	2
0	23
0	0
0	147
0	306
0	279
0	46
2	46
0	0
148	158
0	96
0	19
0	62
0	1
36	151
1083	2723
0	140
9	2573
125	172
11	172
78	93
1	119
0	1
0	1
0	0
0	1
231	1367
256	1370
1053	1370
11	648
20	2
0	0
0	0
0	0
115	240
0	12
287	254
0	111
0	187
0	135
0	65
1	4
0	48
0	46
11	0
0	242
0	88
66	242
0	0
1	30
0	2
0	201
0	297
1	225
0	228
0	116
0	82
0	39
27	37
0	83
0	32
10	26
7	32
2	39
1	18
3	88
0	21
0	17
0	5
0	21
2	4
18	4
0	0
0	17
0	0
0	2
1	2
0	4
0	6
0	1
0	0
2277	1
0	3
0	3
0	0
0	0
0	0
0	0
0	0
0	3
0	0
0	0
494	8122
49	8121
33	814
0	552
3	975
214	844
0	670
0	753
2	66
0	4
4	3
27	3679
83	3997
18	402
51	2307
0	2001
7	92
1	143
7	68
0	392
0	5
33	6
3	294
1	0
0	1
0	0
0	0
0	0
0	0
11	1163
0	1290
0	1269
0	660
0	995
0	1009
0	1011
0	0
1	0
0	0
3	3
2	0
0	0
0	0
0	3
0	5
0	5
0	1
0	1
0	0
0	0
0	333
7	322
2	155
2	47
16	431
1	431
0	11
0	0
172	0
0	7
0	3
0	4
0	0
0	0
0	0
0	0
0	0
387	0
170	661
0	660
62	661
12	0
0	0
0	135
0	102
0	26
1	0
0	0
189	413
0	75
0	102
0	147
23	18
0	0
3	115
4	2
4	0
47	1345
17	5826
5	5952
97	493
0	92
13	5818
0	5948
0	5802
12	1118
19	1029
4	123
0	131
0	8
7	266
0	3
0	0
29	1900
39	1759
0	767
1	29
90	30
1	6
0	1
0	0
0	0
54	220
0	50
2	48
0	57
0	120
0	0
311	146
2	145
0	17
1	5
0	1
159	367
0	303
4	128
0	4
9	134
126	927
4	98
0	0
7	0
7	41
0	20
0	894
1	15
0	433
2	1
0	5
31	2530
2	1771
1	2190
0	1773
0	439
0	538
1	534
0	526
0	905
0	0
7	30
46	24
320	337
0	299
0	3
1	1
6	35
16	0
3	264
7	0
2	215
2	28
0	215
0	7
1	2
0	311
265	311
0	0
0	64
0	26
1193	1400
2	1226
0	730
0	683
1	247
1704	203
6	201
0	20
2	38
48	12
1	8
32	4
24	0
0	1076
0	1018
57	1075
0	754
9	121
0	53
46	1846
2	272
0	0
36	0
19	0
14	1791
0	50
3229	407
0	354
41	2
2	0
11	3702
6430	7404
13	7404
1	4793
4	245
4	6942
3	7403
1889	3006
3	2686
0	3019
0	0
0	0
1	0
1	15
0	2
0	8
0	0
0	7
0	0
0	0
0	0
0	0
0	0
0	0
15	7389
105	5817
13	7305
0	7379
272	5507
3	1846
632	3506
28	283
1	146
407	2240
1	96
1	192
0	481
159	4
87	1
0	1
82	479
0	295
0	472
3	0
0	53
0	1992
161	4372
4	97
0	1393
2	1271
16	1382
0	2071
0	1078
0	158
1	34
3	1040
1	107
0	1299
0	1079
0	0
0	50
0	1394
0	30
0	1409
0	65
4	65
0	163
0	1358
0	95
0	107
1	1225
0	257
0	361
5	1219
3	222
0	1154
1	1251
2	90
5	128
3	1083
4	567
0	1
0	1
1	1201
1	71
0	38
0	153
1	212
0	94
23	1329
0	370
0	267
0	152
0	362
0	1938
3	7
0	10
0	248
13	117
3	271
0	162
0	1030
13	2
88	1013
9	310
0	4350
106	0
1	0
0	0
17	500
11	232
53	305
99	458
6	545
0	190
3	137
2	27
1	93
2	5432
6	4376
131	2428
15	448
2	33
18	50
6	1670
0	425
0	413
7	399
3	98
0	53
49	50
126	403
0	403
0	0
0	0
0	0
1	567
1	530
79	242
18	51
0	176
0	110
5	57
0	0
0	0
0	0
6	84
941	187
0	103
0	0
0	0
13	1565
216	1662
23	611
0	1496
0	81
6	44
10	495
0	0
10	2
0	2
415	0
48	1467
77	1467
43	1073
332	1057
2	850
0	100
15	137
0	107
1	239
4	847
2	1
0	955
0	6
0	1
0	5
0	8
2	393
0	366
44	38
9	468
1	48
0	2
0	140
0	149
2	56
114	49
0	49
309	93
0	3
0	0
0	25
1	24
0	41
0	11
2	538
0	498
56	655
0	62
0	620
67	177
43	45
11	70
4	0
7	78
1	0
0	646
33	1701
0	1655
11	1592
2	1531
2	0
3	0
10	15
8	89
244	1430
0	30
0	1649
0	223
16	33
128	227
1	873
89	77
0	9
0	25
8	331
3714	1708
2	368
0	976
5	5
0	0
0	0
0	0
0	0
0	0
0	0
4	3
1	3
19	4
1	2
1	1
0	0
5	2
0	1
7540	378
15	370
0	955
352	960
5	308
0	10
0	0
0	0
0	0
5	24
0	72
0	81
4	65
0	6
0	6
0	14
0	14
0	62
0	2
0	3
5	18
0	11
3	0
115	2
0	0
0	0
0	0
0	0
0	0
0	0
0	0
0	0
0	0
0	0
0	0
0	0
0	0
0	0
0	0
87	186
0	145
16	104
0	158
0	13
2	179
5	25
115	43
1	11
8	0
1	32
7	17
34	950
13	3
1	5
2	1200
5558	1208
225	1
0	0
13	0
3	0
0	0
15	198
0	168
0	0
25	56
1	3
2	0
0	0
2	3
1	2
4	32
3	376
9	3
0	445
0	426
47	351
0	490
0	411
0	361
3	86
5	32
4	3
0	361
1109	1160
82	969
3	126
4	965
0	719
7	792
0	57
12	87
0	122
0	44
0	35
0	18
0	2
5	12
2	6
12	1
9	9
55	12
0	0
0	33
0	28
0	23
0	26
0	26
0	26
4	28
0	33
0	133
6	26
0	19
0	28
0	0
0	131
0	0
0	0
0	0
0	0
0	0
4	0
0	0
0	0
7	1208
24	1207
1	570
7	116
2	902
0	122
0	9
0	25
88	35
1985	832
51	480
57	129
118	730
1	730
0	77
333	0
10	1332
4355	1336
31	600
1	806
3	402
141	5862
0	195
0	71
2	785
2	5808
19	189
1	0
2	2
34	0
214	207
0	174
0	126
9	0
0	15
0	161
137	469
54	472
2	27
0	84
5	3
0	7
10	1335
5	130
0	248
57	1361
1	805
0	737
0	104
6	372
11	46
11	0
1	0
21	0
50	135
1	135
1	20
1	0
0	11
23	43
5	43
11	16
425	830
0	745
0	0
1	18
31	512
2	154
3	113
3	42
67	899
51	954
2354	1
65	111
2	97
0	20
83	193
73	193
1	2
0	2
0	0
2129	1
0	0
3	436
0	0
0	0
56	12
0	0
0	3
2	0
0	9
1	15
0	15
1	150
21	150
0	107
70	226
0	159
7	44
3	2
1	0
0	0
0	0
0	0
0	0
0	0
0	2
0	2
0	2
16	0
0	0
0	0
0	0
9	0
0	0
0	0
0	0
0	0
0	0
12	6
0	3
0	3
1414	2256
3	695
15	709
3	1746
0	232
35	39
43	202
0	167
0	15
0	320
0	386
2	175
136	191
0	271
4	63
0	113
71	159
1	1
0	53
2	36
9	31
1	5
0	302
303	2920
0	416
1	2391
4	2392
15	356
0	1633
3	1642
6	0
0	0
0	950
0	362
0	0
0	188
0	2
3	593
0	614
1	37
3	5
1	358
0	8
4	41
1	19
0	0
0	0
128	40
2	40
0	0
0	0
28	112
231	253
0	100
6	36
6	3
3	2
4	5
4	79
39	28
0	26
27	141
1865	144
4446	2604
67	149
2	662
46	602
0	2231
0	0
14	600
686	0
0	0
1	114
28	116
0	13
2	0
2	21
0	12
0	0
1	5
0	0
0	0
14	0
0	0
0	0
0	0
0	0
0	0
0	0
0	1
0	1
0	1
0	1
4	4329
2	4110
12	2428
22	1922
85	1118
34	535
11	227
0	54
13	19
0	6
3	6
110	1261
210	1263
6	417
7	2
3	19
8	0
8	0
13	661
8	661
15	1
6	23
16	15
11	1
0	97
0	11
9	189
8	431
2	386
1	379
0	379
1	472
0	175
0	296
4	249
0	259
0	10
3	44
0	0
0	0
231	571
9	517
1	15
1	14
0	50
0	10
3	7
2	283
13	293
11	55
4	57
6	139
6	125
0	3401
2	3473
0	3510
0	4341
5	3783
5	4274
0	4004
0	3597
0	3593
0	3333
0	3329
0	3261
0	3383
1	3344
0	3257
0	3232
52	0
13	425
2	59
5	51
10	26
52	2227
5	2226
0	183
6	342
0	1
0	4173
0	4169
0	400
38	0
2119	2614
0	2636
70	237
17	399
28	27
0	0
0	134
2	672
0	0
2	0
95	344
2	344
142	1255
16	103
0	1249
9	445
9	443
9	0
1	0
3	0
654	2
556	5772
0	1821
0	4518
0	5123
1	5594
0	5168
226	4287
0	2698
0	3475
76	2694
22	97
2	1456
6	131
18	2145
118	1617
272	109
0	109
8	800
2	22
1	0
0	4
1	4
1	102
7	313
0	6
3	3
0	4
0	3
0	5
0	7
0	6
0	0
0	0
0	0
3	4
2	4
2	1
30	516
31	86
4	425
1	467
344	1038
0	0
0	0
0	0
0	0
0	0
0	0
3	394
1	283
7	308
1	21
3	577
6	420
0	366
1	407
0	599
0	577
0	617
6	3
1377	2031
0	427
0	351
1	613
6	1127
0	1007
0	49
0	55
0	3
0	26
1	55
0	35
0	47
0	0
0	49
6	49
1	0
0	1
0	0
0	128
0	165
7	94
18	47
0	11
1	1
0	20
0	124
0	45
5	31
364	1476
4	0
7	1476
2	12
272	1051
1	945
7	1017
41	153
8	133
8	5
0	18
0	150
0	0
0	0
0	0
0	0
0	0
1	11
42	11
14	444
0	64
170	445
0	37
3	541
0	63
11	53
0	316
0	24
0	325
0	0
0	382
1	8
0	526
344	816
0	784
0	384
0	324
18	317
1	0
0	18
0	13
10	0
1	0
16	0
34	78
2	2
0	2
9	364
25	364
0	59
1271	502
2	12
0	190
0	162
2	232
2	14
0	11
3	3
0	4
0	3
15	351
112	351
2	129
2928	8
0	5
0	0
1168	882
2	882
0	0
0	0
0	0
0	0
550	2403
99	2103
22	2085
0	2062
138	1123
12	133
1	712
0	2400
87	1385
0	820
14	1445
0	467
0	714
5	1818
0	2742
3	2129
299	312
1	35
10	178
49	217
0	1611
0	0
0	0
0	0
85	61
1	3
0	1
1	57
1	153
26	30
0	68
0	9
0	69
0	21
2	0
0	155
0	153
0	1
0	1
0	0
0	0
1	0
89	3459
3	227
19	3232
324	220
3	211
5	9
2	134
32	0
10	84
0	0
0	62
0	51
0	0
1	48
7	0
0	7
0	14
95	179
3	0
0	0
3	2
0	0
1	1
2	1
0	0
33	0
457	335
0	334
0	48
1	98
1	81
1	3
0	39
6	108
2	7
1	4
0	2
0	7
0	16
0	0
0	0
2	3
8	4
0	1
16	1
34	453
3	454
0	0
3	266
71	266
0	57
0	73
9	28
0	15
2	0
0	44
24	22
2	8
0	26
1	1
0	51
95	73
0	65
0	8
0	6
0	0
7	0
1	0
0	0
3	0
2	307
1	308
37	335
10	7
46	3
0	1
0	3
0	1
0	271
23	307
0	0
515	212
0	212
81	1921
6	840
0	1441
28	19
0	112
5	15
1	443
0	75
9	103
2	91
4	3
21	619
0	0
62	1478
2	643
1	659
0	388
0	422
7	773
6	989
0	821
7	236
0	1080
0	823
0	977
4	126
1	10
0	593
10	4
0	0
0	0
2	363
1	389
1	360
9	0
4	242
0	269
0	71
0	105
0	67
0	0
2	0
1	0
1721	75
8	63
1	9
11	284
5	267
51	287
3	67
0	14
0	0
1	0
0	0
19	515
4	515
0	515
0	69
0	67
5	67
0	63
266	112
6	13
0	61
18	38
0	55
30	52
15	66
29	77
77	102
10	4
1	20
2	33
0	49
0	0
0	0
0	0
0	0
0	0
1	260
1	244
2	198
0	242
0	0
0	0
0	0
0	0
0	0
0	0
0	0
0	0
0	0
0	0
0	0
0	0
0	3163
3	713
5	615
1	147
6	148
8	18
3	448
0	764
0	224
3	784
0	3162
9	25
1	26
3	28
0	28
0	11
0	0
0	0
8	0
3	0
93	211
0	22
1	7
0	22
0	983
3	923
51	952
0	56
0	1130
0	16
0	1
0	16
0	58
0	371
22	499
1	507
84	803
0	938
0	41
6	377
0	1129
42	8
2	0
0	8
530	4331
38	4331
189	667
23	248
1	174
0	168
0	19
0	67
0	355
2	407
0	378
0	80
0	599
4	195
0	123
0	17
0	77
0	8
0	77
2	54
0	25
3	1
0	92
1	17
0	509
2	1
333	46
0	45
685	602
35	570
6	16
3	44
0	0
0	1205
0	40
0	264
7	105
51	1125
27	224
0	44
0	1160
0	253
0	375
7	541
1	116
1	121
4	193
0	13
5	3
0	2
1121	2
51	330
23	102
6	2
5	376
1	106
6	0
0	0
6	3
273	317
0	317
325	1769
7	1550
66	78
0	1561
299	2
0	139
3	0
0	0
0	0
2	0
0	0
0	0
0	0
214	1
4	1409
20	1498
1	1522
0	1278
23	1413
0	1468
37	1403
0	23
6	21
208	1824
0	1824
0	125
0	3
2	6
0	1
1	1
6	1
636	51
8	51
8	0
0	26
0	21
3	21
5	2
5	1472
11	1744
41	850
2	1
0	126
0	140
3	142
8	136
0	22
0	16
0	0
0	0
0	2139
31	572
3	553
0	277
0	556
0	291
0	296
14	544
0	542
3	25
28	429
5	452
0	129
15	262
0	240
0	21
0	12
0	35
2	2
0	2
5	0
0	710
0	660
0	110
3	127
0	390
1	4
0	0
1	71
0	131
0	712
0	0
313	0
485	267
0	57
0	212
0	84
0	15
0	17
0	6
9	0
0	0
0	82
437	0
80	13
0	13
4	79
0	198
0	231
0	199
6	166
0	31
0	40
1	148
0	0
3	1
0	1
0	0
74	311
0	2
2	250
11	59
5	31
0	39
0	1
12	3
20	28
0	99
1	128
0	1202
0	0
13	141
0	159
0	35
0	1202
1	0
16	19
0	21
0	21
0	14
3	21
0	1
39	1394
1	1393
0	1303
2	90
0	2432
26	2432
1	2410
0	62
1	4
23	5
0	4
0	0
173	0
11	0
0	0
217	107
0	136
20	14
7	4
213	29
78	431
12	428
0	58
48	17
36	165
114	166
1	1
21	524
4	369
21	497
3	0
0	16
0	10
0	26
0	0
4	0
4	6
78	154
0	154
0	0
0	3
1	16
0	16
6	0
0	6
7	0
3	0
0	53
3	0
16	53
0	6
0	35
0	16
0	8
0	26
0	20
3	18
2	1084
2	1080
56	17
7	463
1	1181
0	788
0	725
31	1733
52	1728
5	975
22	83
0	73
0	90
0	51
0	66
0	0
79	5
0	0
0	0
0	0
0	0
0	1010
0	88
3	152
0	142
0	168
0	121
0	0
0	15
0	53
0	142
0	142
0	91
0	82
4	98
2	12
0	0
0	1
0	996
15	4340
0	3885
13	4052
0	4510
8	10
1	98
16	7
2	52
35	841
0	347
20	991
0	106
39	253
70	969
0	3
0	3
0	2
0	11
418	11
83	226
5	32
10	207
5	21
0	3
14	136
3	78
0	24
0	9
2	21
0	136
0	142
0	45
1	1
0	121
0	0
1	14
0	29
0	1
0	1
0	1099
3077	1076
137	1077
2	45
0	33
136	242
5	242
49	99
11	1
0	68
0	3
0	16
0	46
0	116
1936	1759
11	1754
11	638
0	0
0	0
0	0
0	0
0	1
17	54
0	54
16	73
0	0
0	73
0	0
0	1
5	0
41	6
0	6
0	2
2	0
0	0
0	0
0	0
44	1
0	1
44	2276
3	2148
0	1640
1	26
32	0
2	141
0	25
1	13
128	5210
3891	5785
124	2418
13	6
41	24
2	795
0	162
5	82
0	894
7	946
23	96
0	514
19	37
0	57
18	127
0	625
0	947
1155	3042
105	2792
232	103
7	2
0	100
2	220
0	0
0	220
4	5
3	17
0	0
1	204
2	2
0	2
0	1
0	1
0	0
0	0
1	0
0	1
0	28
4	27
1	8
0	16
0	8
5	8
0	2
0	3
0	2
0	3
0	6
0	5
0	5
0	6
0	2
2	2
0	11
42	10
1	2
0	2
0	0
0	0
0	0
0	0
85	187
10	19
34	168
0	40
2	13
0	0
0	0
112	136
4	12513
0	14811
0	0
0	0
171	13755
151	1203
2	573
7	481
6	13045
0	14526
6	14073
6	1840
9	636
28	5562
34	3140
172	30
2	17
0	1666
1	1221
0	2107
13	1340
0	936
0	14750
0	14311
0	0
0	537
0	459
49	427
0	539
3	545
0	534
0	53
3	17
0	37
0	53
0	18
0	58
0	55
0	56
106	0
0	2
133	322
3	175
0	52
0	131
13	0
121	0
4	2476
205	4235
0	4817
114	4165
7	2476
0	11
0	0
0	70
0	182
416	631
0	52
1	15
0	631
39	103
0	73
210	743
3	25
5	537
1	138
0	128
9	211
9	165
433	0
0	0
2110	39
4	14
11	24
0	7
1	7
1	0
4	345
2	40
6	299
10	18
4	21
14	342
3	56
0	52
0	0
0	107
2065	1831
43	1816
2	0
3	0
60	4044
1250	4440
0	2597
0	454
11	39
12	2404
2	2297
7	117
12	2748
12	2
34	0
2	4221
0	0
0	0
0	0
0	0
7	332
0	37
0	319
1	326
0	12
0	1
0	2
1	5
0	3
0	3
0	32
0	575
4	180
45	852
17	80
9	617
33	713
2	84
0	0
0	158
18	146
0	149
6	14
0	125
4	120
7	388
11	446
13	158
25	222
8	126
18	28
5	375
0	375
0	401
1	84
0	108
22	5063
292	4814
19	649
112	4842
6	293
9	193
12	368
10	206
16	181
32	54
7	14
2	308
9	441
0	9
221	674
3	8
0	665
3	2
0	0
11	1069
76	991
13	903
0	223
3	156
550	126
0	123
0	42
0	8
213	703
2	448
3	558
30	531
30	573
0	180
7	42
62	266
13	421
15	415
1	24
2	1
0	0
0	0
427	450
0	115
22	420
4	329
0	12
154	8
2	8
47	194
0	59
4	88
6	102
5	25
0	20
4	23
0	0
2	0
444	2
0	0
0	0
0	0
0	0
0	0
0	0
75	83
34	34
563	982
12	942
0	218
107	4185
6	2679
0	125
0	3155
98	3614
0	0
22	174
2	871
32	1007
3	479
3	849
0	814
0	230
0	0
0	0
0	0
0	0
32	281
4	636
108	899
72	902
8	745
50	758
13	245
15	20
3	7
6	11
0	0
0	0
0	0
0	233
584	362
0	2
0	62
0	90
0	5
0	34
0	102
0	1
0	0
0	0
0	0
0	0
0	0
0	0
0	0
0	0
0	0
0	0
0	0
0	0
0	0
0	0
0	0
0	33
0	15
0	9
0	32
9	453
19	503
0	0
0	133
3	97
0	14
0	0
0	0
167	27
0	20
0	12
0	1
15	516
3	499
0	13
0	1
1607	0
0	3
0	0
7	2517
11	3070
49	2223
1	0
0	275
15	3699
405	194
0	173
0	193
0	0
0	73
7115	4
426	3245
18	3222
56	1614
4	1217
6	254
0	897
7	472
13	182
0	106
2	0
82	5
0	5
1	0
0	0
0	0
133	376
50	376
0	0
1	3
0	3
0	3
0	0
0	0
299	618
0	617
0	330
202	313
0	248
1	248
122	86
5	86
0	2
0	0
0	0
0	65
982	3293
0	2823
0	2334
0	921
2	49
0	67
2	24
0	298
3	561
2	440
0	0
0	0
0	0
12	632
0	10
0	21
0	0
1	0
0	632
0	5
0	22
0	35
7	40
0	4
0	4
882	0
8	0
14	323
0	324
13	233
1	59
0	323
1	3
29	223
184	155
2	0
0	0
0	24
38	10
1	24
152	66
0	10
0	6
0	57
448	389
20	97
0	15
0	36
6	261
6	12
0	37
0	0
0	10
0	37
0	146
125	279
10	45
0	269
6	249
61	6
43	280
118	119
0	91
9	108
1	33
0	0
0	0
0	0
0	0
144	1331
2	419
24	705
0	423
44	957
6	269
21	137
1868	530
1	123
2	87
77	251
2	93
0	737
8	70
426	522
3	14
32	2261
41	2304
144	209
0	2346
9	2338
9	2305
0	1080
3	4153
0	3067
18	152
0	1977
24	2949
21	197
3	242
3	233
0	349
3	46
52	799
2	89
0	983
0	24
18	162
10	117
40	747
0	53
68	570
1	4
6	23
257	452
3	132
0	4001
0	1982
732	91
11	38
4	1527
325	1527
13	75
0	52
2	66
0	66
0	17
0	8
0	8
0	7
0	7
0	2
0	8
0	8
0	0
0	0
85	228
11	223
41	5
10	0
0	0
0	0
4	12
0	12
65	0
0	0
0	0
0	0
79	235
1	33
2	15
0	3
0	6
0	192
0	11
1	14
5	0
57	23
0	4
0	2
0	2
1	15
276	0
857	3
149	1308
3	8
0	1
0	517
0	1239
4	1149
8	1147
15	129
0	0
0	41
0	125
23	23
30	13
0	57
9	105
0	184
35	137
0	68
825	239
0	0
0	239
15	131
0	32
3	354
545	1
0	2
0	33
0	33
0	3
0	2
0	2
0	2
0	0
0	243
3	967
0	3
619	3352
0	3351
1472	292
55	290
75	512
9	347
41	285
2	34
0	22
10	1
1	37
33	13
4	1
2	11
0	0
0	0
0	0
0	0
0	0
0	0
1566	227
0	211
1	16
0	1
0	3
0	2
0	0
0	0
0	0
0	0
0	0
0	0
0	0
1340	1481
3	32
38	1472
51	39
0	289
9	23
149	290
4	65
0	28
3	11
16	339
14	360
0	44
0	1548
0	1518
0	1437
0	1683
0	1653
3	237
0	133
0	21
4	0
0	13
2	1
0	2117
0	2379
17	2379
0	1403
0	1412
0	955
0	931
0	5
0	3
9	370
2	20
7	25
6	383
0	3
1	325
0	0
1	367
0	321
0	256
0	247
0	17
0	11
1	83
0	359
11	278
0	1
35	32
0	0
8	349
5	245
1	225
0	21
12	37
5	154
35	40
0	91
10	1214
6	969
5	1091
15	139
0	41
4	671
0	529
2	0
0	2
7	149
1	319
677	1037
12	106
0	53
13	559
314	605
2	605
0	80
0	96
0	177
0	15
12	643
0	628
5	606
0	519
1	597
6	29
0	589
0	530
0	3
20	1
8	0
31	470
0	1
0	0
15	1
0	2179
5	163
3	267
96	1925
9	52
4	79
2	205
8	4
112	2178
0	0
0	0
0	0
1541	1189
68	256
3	528
107	736
0	486
58	493
106	461
5	283
25	0
0	1524
0	1588
151	1475
37	0
3	18
2	25
1	8
0	44
0	23
0	6
1	1
0	78
0	1
0	1596
54	619
0	19
4	2
0	5
0	215
0	26
0	4
10	0
0	429
9	224
0	18
4	14
0	14
318	130
0	130
4	55
0	0
0	0
0	0
0	0
0	0
439	2582
3	11
0	2571
2	0
0	5
96	363
49	12
0	12
0	85
0	1
6	112
11	126
0	14
0	88
2	13
0	8
13	335
0	12
114	4
3	23
4	18
10	4
4	6
0	2
0	1
0	78
7	0
4	14
0	0
0	44
5	0
0	0
0	1
0	1
0	0
0	7
7	2218
2	1871
0	2104
0	208
0	0
0	64
0	50
0	1206
15	495
1	82
46	1296
58	57
2	1153
0	13
1	155
4	65
0	2055
1	1720
651	514
85	489
1	486
66	2
14	0
5	1676
0	1527
0	1526
0	1608
0	3445
7	56
37	211
18	1
4	23
2	0
0	1358
70	3443
1	16
16	686
6	95
0	9
4	686
1	12
0	16
0	8
0	7
0	0
65	2363
167	2363
47	565
0	452
0	1
12	1
19	153
13	0
10	457
145	185
0	41
6	8
1	29
33	687
2	689
44	683
5	220
21	255
1	91
59	470
86	416
18	61
19	27
0	26
0	36
29	253
0	111
5	26
3	18
15	26
0	0
5	0
3	500
305	478
0	315
167	0
3	230
0	0
0	4556
1	5201
0	6138
0	1473
10	2921
25	520
0	1914
0	527
1	0
2	76
0	0
0	6138
30	57
1	57
0	54
2	0
0	0
56	97
1	115
41	14
1	106
192	1
0	0
0	0
0	0
2	38
0	282
0	3
2	149
108	298
0	1
0	36
0	0
0	0
0	0
0	0
0	0
0	0
3	1
0	1
0	1
1	188
0	155
43	125
1	145
0	160
0	0
3391	3588
85	3583
1	966
17	944
5	682
0	62
0	14
0	1
0	0
172	544
283	544
0	0
0	0
156	122
3	121
1	0
0	0
0	0
0	0
0	0
1711	3
0	1075
8	1139
0	806
57	775
0	38
0	23
0	10
0	64
338	418
6	391
8	0
21	162
0	0
0	0
0	0
0	0
0	0
318	507
7	235
0	11
9	6
22	39
39	1311
7	1191
0	1267
0	1013
6	41
6	98
12	60
3	772
0	2
4	94
0	0
14	269
36	90
0	0
1	1080
8	990
16	1100
0	1080
11	0
12	211
38	162
0	80
3	6
0	22
35	83
87	1623
214	1661
0	22
47	311
2	308
6	308
1	214
0	132
4	47
0	0
0	0
0	0
360	550
108	559
3	306
0	40
3	305
3	139
9	58
0	1
0	5
0	6
0	6
0	1
0	0
0	5
2245	16696
16	127
5	16825
0	2254
1	226
2	3014
0	0
0	0
0	0
0	0
0	28
0	0
0	0
1	981
2733	1834
0	135
4	181
0	1602
4	56
6	138
0	0
0	0
1018	466
4	462
3	394
8	356
0	395
0	10
3	11
0	1
444	1376
0	1212
1	2
1960	828
2	827
0	360
0	0
0	131
1	127
0	120
0	56
0	57
0	64
0	70
0	67
4	92
996	655
33	646
2	4
77	554
17	136
85	4
1	0
317	593
69	593
35	275
0	6
24	23
0	179
0	0
0	250
7	0
77	142
3	147
3	91
1	109
6	117
0	0
0	0
0	0
0	0
0	0
0	0
1	0
592	67
15	4
0	14
4	3
3	0
0	4
0	49
0	0
0	17
425	213
0	37
1	113
1	107
1	943
0	893
0	136
0	640
2	148
239	151
14	0
2	200
7	64
3	59
0	29
0	53
0	140
0	102
0	161
2	14
9	169
0	106
60	72
26	0
8	0
0	68
0	0
5	4
0	1
0	1994
0	2005
0	1680
0	1780
3	2114
0	1773
0	1911
1	185
0	172
1	149
9	130
0	1910
0	1943
0	1918
0	1440
0	0
0	6
0	0
0	862
2	876
1	227
16	597
16	187
17	0
0	86
0	0
0	0
869	417
7	379
0	39
0	39
46	48
4	26
73	91
3	49
17	15
0	0
0	0
0	0
39	55
1	54
3	53
1	9
0	7
34	545
82	272
0	576
6	363
6	10
23	66
0	69
0	168
9	47
7	3
36	35
2	46
0	0
0	0
13	12
0	151
0	224
0	42
0	230
0	274
0	129
1	220
0	124
0	213
0	257
0	182
0	307
0	261
8	32
0	239
0	242
0	4
0	36
0	0
0	107
1350	224
1	0
0	0
0	0
0	0
0	0
369	1
0	4
0	4
0	3
0	3
0	2
0	1
0	0
0	1
0	0
0	1
0	0
0	0
416	4
8	0
652	5
4	3
428	2
9	216
0	605
7	90
11	292
1	63
0	96
4	466
0	0
0	3
1	92
0	94
0	13
0	0
0	0
0	0
0	0
0	0
0	68
3	58
0	66
3	68
0	13
1	7
8	2
1	3
0	8
16	0
0	0
0	0
0	0
1670	3125
2	3123
0	0
67	176
0	151
5	93
0	0
1	0
492	1
0	0
0	0
1	5
71	696
8	103
10	302
0	0
19	624
1	57
2	668
1	3
1	100
0	59
422	581
99	580
11	104
3	0
0	104
2	12
1	12
0	0
0	399
24	797
0	359
5	245
0	183
0	347
3	3
5	366
0	323
1	10
1	44
0	821
828	0
0	333
1	147
0	1
0	719
0	336
0	40
0	22
8	235
0	619
4	209
0	22
0	114
25	576
22	55
23	336
2	19
0	251
0	0
505	21
1	21
127	1428
9	1411
3	910
9	74
21	212
5	84
7	120
13	42
122	449
0	23
85	62
1	13
5	1
0	471
4	38
0	443
3	136
0	59
548	592
0	410
0	398
2	351
1	155
1	12
0	249
0	54
2	252
0	113
3	6
0	8
9	14
0	1
0	0
0	0
0	0
0	460
1513	1554
0	1324
0	1287
7	173
29	234
1	12
5	196
2	128
17	0
0	8
0	13
1	3
1072	102
5	102
0	0
1	70
0	476
11	507
0	148
0	32
0	91
0	4
356	105
0	17
8	89
3	8
7	8
30	321
104	321
0	0
0	0
232	0
0	0
1371	68
6	5
3	61
0	0
0	3
2	195
22	1380
8	1399
0	266
0	3
69	570
0	1405
0	0
1094	3485
11	35
1	246
7	107
3	1318
0	599
6	1423
0	2438
0	1659
0	869
3	803
7	0
0	0
0	0
579	0
0	0
0	0
0	0
0	0
0	0
0	0
0	0
0	0
1224	284
19	284
29	41
1	41
0	0
0	0
2	0
0	912
5	0
0	74
0	16
0	7
0	21
0	17
12	72
0	7
0	17
0	59
0	15
0	4
0	4
1	0
0	0
0	0
0	0
0	4
38	63
6	123
0	130
0	134
3	106
1	111
2	116
0	134
67	1176
3	426
11	899
8	726
10	90
2	0
0	0
0	2
0	16
0	16
0	16
0	15
0	3
137	1194
0	1216
1	0
0	0
2	134
0	41
0	302
0	164
391	190
3	136
0	107
0	0
0	72
0	5
0	66
4	0
0	7
0	64
14	44
0	64
0	0
0	0
0	0
0	0
0	0
0	0
0	0
13	0
0	11
0	11
0	0
151	356
1	29
0	31
736	303
0	35
1327	0
9	28
6	9
6	2
0	3
5	20
2	0
1	0
0	0
1	0
0	0
918	48
1	48
0	18
0	0
0	0
0	0
0	0
8	707
91	863
0	537
0	30
12	220
0	128
1025	1255
111	804
0	17
0	167
6	257
41	49
29	43
0	400
4	1
1	7
0	25
0	0
0	25
0	0
0	0
910	582
4	173
0	399
2	214
0	278
36	231
29	153
0	226
39	114
3	78
1961	179
3	144
59	0
1	20
0	94
0	5
0	0
2	107
19	42
516	312
1	245
4	4
2797	1364
21	1001
0	852
0	929
2	630
0	840
0	954
0	811
0	792
0	734
0	888
0	850
0	814
0	813
0	879
0	881
0	813
0	776
0	811
0	812
0	849
0	134
0	302
0	216
0	125
4	11
0	44
0	0
1	106
0	1031
0	705
0	829
11	716
0	704
0	1108
0	689
0	646
0	1147
20	1777
2	1771
33	874
3	222
0	5
5	11
16	601
10	601
0	0
0	0
0	0
19	380
20	378
1	236
0	0
390	0
93	5
2	5
0	0
0	0
32	0
3	0
0	22
1415	2
59	173
0	173
7	39
1	55
2	0
0	13
0	0
12	13
0	0
0	0
38	86
14	345
0	352
1	60
0	234
3	3
0	0
0	937
206	1093
79	383
20	942
133	1013
10	912
13	974
22	528
4784	4454
3	3570
2	129
1	128
5	715
59	373
8	274
0	38
0	13
0	106
89	54
6	54
733	145
2	144
5197	2227
0	1136
2	2213
1	3
1	0
0	0
0	0
122	265
413	264
83	94
1	24
4	46
0	27
7	57
30	70
0	13
16	29
795	89
11	46
1166	0
0	563
0	725
0	794
7	906
0	56
0	359
0	0
2	347
2	48
0	238
0	14
2	2
0	903
11	984
40	985
0	880
81	904
0	189
3	839
3	22
1	296
3	3
0	0
0	0
0	0
0	0
2734	527
125	522
2	1
0	0
1	0
0	0
0	0
6	1531
0	1382
0	1384
3	24
0	1403
0	919
0	944
20	156
0	254
26	86
0	67
0	36
0	0
0	919
0	5
145	0
18	1139
39	0
15	282
238	1165
69	346
2	258
582	679
1	677
0	677
0	212
238	2
21	0
1193	269
0	134
0	84
0	53
3	9
0	0
0	0
0	0
324	4
0	4
0	0
0	0
0	0
0	0
0	0
72	0
0	10
4	460
94	320
6	5
0	381
0	10
11	72
1	20
0	2
0	0
0	0
0	0
0	0
0	0
0	0
0	0
0	0
0	0
0	6
0	0
0	4
0	0
0	0
0	0
0	0
0	10
0	6
1	312
1	1325
73	1413
2	331
7	0
1	78
6	0
265	454
19	375
2	100
0	1391
3	0
0	0
0	0
0	0
901	150
0	149
0	143
2	144
1	132
0	132
0	0
0	13
0	12
3	9
0	48
0	46
1	5
0	5
9	0
0	156
0	157
0	155
1052	513
1	17
6	11
10	44
0	315
0	36
0	0
0	0
0	10
0	0
0	0
0	0
0	0
0	0
0	0
0	0
268	188
4	188
1	158
3	46
2	140
2	29
98	27
0	24
0	0
0	1
0	4
0	12
1	25
635	68
5	6
15	69
6	0
36	577
4	52
32	1486
0	73
232	5865
124	3184
0	2263
1	5
9	91
41	5942
0	5777
0	0
0	54
0	56
0	23
0	18
0	18
0	5
1	4
0	56
0	0
0	0
0	0
0	0
0	0
0	0
0	0
0	0
0	0
357	249
28	325
13	1004
0	1283
11	1281
57	1301
77	245
1	0
15	59
26	210
15	82
3	49
0	88
0	12
25	92
1505	1255
1	149
2	120
0	1106
0	247
0	126
0	0
39	855
0	1167
57	1098
0	1071
12	141
23	30
1	35
0	25
0	162
0	46
35	147
0	9
0	4
2	54
4	33
0	8
4	0
2	1
231	206
0	139
910	3
622	12382
0	12382
257	962
6	9
10	371
0	363
0	269
97	229
2	234
0	19
0	113
2	231
0	0
0	137
7	0
4	0
0	0
0	0
0	0
0	0
0	0
21	280
0	222
0	240
21	330
0	205
0	111
1	69
0	50
22	93
1	0
0	0
32	118
4	95
0	1
37	117
0	3204
312	3275
11	20
1	2229
6	4
0	290
3	80
144	508
7	27
1	27
12750	12596
0	2794
97	593
50	7302
0	2821
49	711
17	333
0	3137
1	560
18	204
5	214
19	30
3	43
0	43
0	4796
0	5538
0	5301
6	321
40	383
13	356
0	0
3	0
0	0
0	22
16	16
0	0
58	2552
0	1987
0	555
10	322
17	1017
14	2396
178	389
48	295
2049	4
59	366
11	1
2	366
0	5
1361	95
0	20
0	64
7	11
754	1
18	348
9	348
15	2
2	0
154	84
4	84
0	0
90	1379
64	1380
0	78
99	166
0	142
1	95
1	67
2	0
20	1773
53	1155
0	902
0	448
4	297
0	1817
36	2358
833	2359
26	0
11	223
2	153
0	154
1	37
2	2
0	6
1	28
10	25
286	290
0	261
0	214
2	288
8	80
7	20
3	158
3	42
6	0
0	4
0	7
6	20
0	0
112	18
0	18
0	0
6	3
9	737
15	441
1	274
3	235
0	403
0	25
0	5
0	737
1	337
0	0
28	14
0	0
0	0
7	548
58	911
39	1158
23	806
18	60
1	16
5	482
0	44
0	0
0	0
0	204
18	172
2	100
0	0
0	17
0	0
0	0
0	204
0	0
21	77
2	0
3093	1267
1	1265
106	13
0	0
0	0
0	188
0	134
15	144
0	1
0	62
0	2
106	50
0	188
0	0
0	0
0	1630
0	1384
3	1533
244	720
0	220
0	183
3	5
0	320
0	219
4	72
0	3
0	3
11	2183
0	2620
20	2160
4	689
5	4
0	180
0	432
3	0
129	2626
13	0
77	210
8	10
0	4886
0	4731
0	4571
36	4532
84	4596
2	1
1	1656
0	0
3	105
35	23
148	756
0	496
13	3026
13	3004
4	3145
0	1280
0	973
0	861
0	894
0	660
0	752
0	659
7	620
63	465
7	177
8	25
7	181
0	28
0	15
6	6
0	166
0	145
0	2885
83	410
0	0
0	0
0	436
0	90
0	427
0	0
0	0
0	0
0	0
0	0
0	0
24	1148
1	848
0	867
157	1108
43	165
25	14
10	281
14	185
0	26
4	0
120	439
0	20
65	235
28	183
38	3
27	47
5	997
9	713
294	7
9	847
211	970
0	9
0	930
0	39
40	554
5	419
59	183
2	57
5	2
6	49
2	23
0	57
20	90
8	15
0	47
0	38
0	0
678	445
0	445
3	194
0	265
0	37
0	0
0	0
8	1306
2	1523
23	500
98	231
12	79
0	0
5	28
0	27
0	2
1	6
0	16
0	4
0	4
9	749
1	746
30	873
0	859
19	1032
0	224
2	372
0	115
67	248
3	25
5	0
0	140
0	20
0	0
0	0
0	0
75	4
0	2
0	5
13	1
0	0
0	0
124	457
10	31
0	30
1	21
0	266
2	61
0	239
313	311
0	22
15	304
1	0
0	9
0	21
0	833
8	1072
6	646
19	695
4	950
0	742
4	958
20	67
10	106
0	69
2	109
3	39
14	73
3	72
153	64
0	0
8	24
12	57
1	7
87	2487
3	1702
230	2391
1	115
0	11
0	769
15	354
0	98
1	84
11	0
207	1516
1	1322
2	219
11	1278
2	495
363	1
0	92
0	5
0	92
0	0
0	0
0	13
0	0
0	1
0	7
0	0
0	0
0	0
0	0
0	0
0	0
893	107
27	107
1250	1661
12	472
4	76
35	817
4	716
21	7
12	111
0	148
38	3026
0	308
0	2793
0	701
0	0
0	5
0	33
0	630
5	0
0	139
0	23
0	8
0	18
0	10
0	1558
0	0
0	0
0	0
0	0
431	130
21	2998
293	3349
14	49
0	3
0	3
589	5826
122	191
0	191
2	20
2021	225
0	23
0	43
11	147
6	12
17	12
0	7
1	0
64	7
2	0
6	0
0	1191
43	4240
0	848
6	33
8	55
7	42
7	51
286	1955
25	1820
62	17
3	0
1	0
0	8
0	80
0	0
0	149
85	573
0	573
198	8
0	8
0	0
2	0
0	0
0	96
0	88
4	1983
67	2049
26	101
0	617
0	51
103	744
3	75
9	744
115	1386
62	1344
4	0
0	10
0	1406
0	98
3	13
3	6
0	1419
0	5
0	5
0	5
859	836
0	835
1	2
0	1
0	0
0	1
0	1
10	60
53	246
0	47
25	0
13	191
7	47
0	4
138	0
75	555
0	382
0	0
0	176
10	3
635	189
3	189
1352	305
24	21
3	93
6	0
3	192
19	1306
5	1256
0	201
0	948
8	46
2	187
24	233
0	143
159	497
13	462
3	15
0	11
12	85
0	54
8	0
1	225
3	4
18	208
10	22
4	29
5	227
1262	0
877	145
0	144
832	1
461	535
4	476
1	109
1	35
14	206
6	110
4	127
1	62
14	27
15	50
12	23
2	37
0	0
11	35
217	39
0	171
1534	338
2	78
0	145
0	134
0	0
0	0
0	0
0	0
0	0
0	0
0	0
0	0
0	0
0	0
3	8
0	6
0	3
0	2
0	328
1097	332
0	303
3	5
0	0
566	337
0	96
19	243
0	2
5	167
3	7
262	1217
20	1247
1	1239
1	1233
12	1227
17	1214
2	1199
2	480
0	10
0	33
0	5
0	134
7	28
221	80
0	0
5	55
1878	2311
1	751
3	963
0	1058
8	0
2	0
0	0
0	0
81	543
71	464
0	47
2	25
31	10
0	51
3	17
0	8
0	79
0	0
0	0
0	523
0	0
0	0
0	0
4	0
767	20
0	19
0	0
0	0
0	0
0	0
0	0
239	3106
19	3106
127	186
0	171
18	198
3139	944
3	9
1	929
17	365
4	4
1	1
0	1
9	937
77	956
0	660
13	8
57	1
1	1
936	1
1257	3
1	1
0	8
12	3
6	3
109	12
1	0
1	6
7	1110
0	1053
7	677
94	444
1	4
0	942
0	118
0	113
0	34
0	513
3	10
96	126
0	12
13	7
10	111
10	16
16	111
0	8
0	3
0	0
0	0
0	332
2	451
0	328
1	33
0	33
1	7
0	125
17	0
0	432
0	3
0	1
0	2
0	3
3	3
0	83
10	83
1	0
10	0
105	109
16	84
28	4
0	94
0	69
2	55
691	1
150	1330
9	1305
0	719
0	1
8	607
3	592
9	30
16	606
1	75
9	76
1	0
0	139
11	0
0	37
11	4
5	47
0	7
0	154
4	603
23	663
52	639
1	166
10	1
8	5
76	2
0	0
0	0
0	0
0	0
50	364
6	292
4	8
0	8
0	126
0	19
0	24
0	28
0	802
0	795
6	514
0	692
0	5
0	4
0	1
0	1
0	0
170	198
4	25
0	35
1	140
0	0
0	0
219	226
4	4
12	102
51	206
56	223
40	121
0	5
0	0
0	0
5	698
145	1397
0	130
0	797
0	464
187	305
0	298
0	0
562	156
7	121
6	11
9	35
3976	5826
2	1529
2	1708
18	1276
453	1276
1	453
17	26
2	121
0	0
563	1
5	1
0	37
0	35
0	24
0	13
0	0
0	25
0	23
0	24
0	22
0	0
2	24
0	1
0	9
0	19
0	19
0	171
128	777
236	780
0	570
0	10
13	26
0	825
71	674
235	92
23	109
0	558
0	7
0	675
0	0
26	315
8	66
0	63
0	0
419	362
0	1042
24	947
38	1025
0	196
68	8
0	8
180	663
164	663
0	1
1	46
40	265
0	28
4	91
1	193
0	70
0	38
44	42
1	3
3	43
0	0
0	0
732	27
2	52
128	41
0	0
0	0
0	0
0	1
0	0
0	0
0	1
0	2
0	2
10	2323
0	2221
0	2119
0	1
0	360
22	547
1	5
0	1611
2	672
38	793
1820	1647
0	1549
10	630
0	746
1131	494
28	494
0	0
0	0
0	0
4749	10356
90	8989
1	712
17	1040
0	994
9	1366
2	709
2	0
0	0
0	0
0	0
1	73
95	78
0	0
0	5
12	366
14	317
1	126
0	181
2	0
0	355
2	416
1	440
0	463
20	476
0	26
47	167
2	27
1	0
4	70
52	1283
0	1811
360	1891
0	1511
6	137
4	194
0	339
124	46
0	2
0	0
7	21
1	30
36	107
1	59
0	0
2	0
125	1364
112	1365
1	30
19	6
13	3322
0	2920
85	3421
29	3418
0	21
2	105
37	45
5	114
298	559
1	57
1	117
0	559
3	8
41	3721
15	29
3	160
2	85
48	3712
3	0
4	39
387	790
0	95
143	1054
5	1013
75	1002
23	5
0	358
1	607
0	4
3	260
2	193
0	46
14	208
5	73
1	36
0	0
26	1
0	0
0	0
0	0
371	124
1	11
2	4
0	9
5	20
0	1
195	157
1	3
8	143
8	12
0	0
0	0
0	0
0	0
0	0
3	982
0	811
0	870
120	614
0	561
0	672
0	64
3	48
13	44
5	19
13	160
7	152
0	20
3	0
0	19
0	15
7	35
1	30
0	32
0	5
4	13
12	25
0	24
0	0
0	0
0	0
0	0
0	0
0	0
0	0
287	222
0	221
2	0
146	63
41	12
3	51
4	6
0	6
4	361
0	3
8	66
0	2
40	0
0	0
256	678
0	678
206	24
2	24
0	0
0	13
51	130
3	36
5	74
0	174
23	253
0	59
1621	1
348	0
0	0
0	0
96	1231
2	3
0	1231
10	588
0	407
8	54
0	0
2	134
141	261
27	64
1	56
0	58
0	0
5	0
29	482
54	98
14	166
0	31
27	153
10	71
0	1
87	122
0	70
5	70
72	0
0	49
5	77
1	151
24	106
4	5
11	8
3	7
6	5
0	0
11	25
0	20
62	1168
9	1143
29	1162
8	36
2	92
0	0
1	194
0	175
0	179
0	181
0	180
0	179
0	179
0	179
0	198
0	198
0	194
0	9
1	20
0	6
0	2
0	192
11	125
29	314
14	359
0	13
0	130
0	317
33	314
0	147
2	22
1	19
0	0
0	0
0	0
2	0
1093	1
33	0
0	0
0	0
0	0
0	0
145	485
0	484
4	113
0	3
0	312
0	13
2	208
9	179
4	52
494	1968
0	328
0	1895
8	1995
0	1420
3	1474
2	1345
0	756
0	89
0	0
0	83
0	107
0	37
0	122
0	108
0	80
0	151
13	132
1	58
1	73
0	2
6	3
0	9
0	71
0	9
0	0
0	0
18	22
0	22
1	0
244	717
3	708
0	57
0	9
0	18
0	1
0	270
38	381
6	2
6	11
3	11
0	360
7	3106
76	3327
0	3463
3	655
0	3186
0	557
3	226
48	601
3	520
37	110
2	99
14	108
3	26
0	701
12	149
1	155
0	279
0	286
0	0
0	59
1	103
0	3
0	45
0	5
0	640
0	0
0	0
0	0
0	0
0	0
0	0
0	0
0	0
0	0
0	0
4	140
0	148
0	154
0	85
0	91
5	397
0	401
1	388
4	435
0	435
74	253
3	230
38	227
0	230
3	5
1	6
1	4
1	5
56	174
0	17
0	246
719	1121
0	822
0	0
0	0
21	8481
4	777
0	362
1437	8481
6	1156
3	947
0	0
0	0
0	0
49	259
0	208
3	128
1	1
1	2
0	0
2	4
1	4
0	4
1406	656
0	270
0	217
1	371
0	199
1	0
0	0
28	0
0	0
0	0
974	300
1	222
0	31
0	272
3	0
8	29
1	34
0	0
4	0
0	0
0	0
19	6907
332	7056
15	1779
0	704
0	142
3	115
2	45
0	95
0	0
0	0
0	0
0	0
0	0
0	0
0	0
0	0
0	0
0	0
0	0
10	10
0	379
1	52
9	88
0	89
0	43
7	0
0	0
1	18
0	3
0	0
0	0
0	0
6	0
0	107
3	16
3	100
15	0
6	10
0	0
92	361
0	361
0	91
0	12
0	16
27	465
110	643
6	355
7	527
5	399
0	390
1	390
0	127
3	249
11	166
2	23
0	0
1	1
0	0
0	0
14	15
4	15
0	0
1	157
4	17
0	0
0	0
59	155
0	10
0	34
91	237
20	200
0	140
6	225
13	42
0	31
0	0
0	0
0	0
87	66
0	66
0	0
10	4
6	98
6	98
39	118
24	118
3	103
0	493
121	514
386	390
2	0
946	0
26	5
0	3
0	3
0	3
0	0
0	4
0	7
60	0
0	0
0	32
0	34
0	35
0	32
0	53
0	1
1	54
0	53
0	925
17	60
18	886
17	0
0	66
0	68
7	24
2	7
0	3
43	120
1	47
13	4
4	4
0	923
482	152
0	151
3	41
0	11
0	41
387	213
2	76
1	0
0	135
0	35
0	2
101	0
0	0
0	0
4	0
0	3
0	11
0	10
18	1508
0	2043
0	2049
5	141
3	1
5	84
0	2049
0	4393
366	1884
32	2816
90	5111
2	505
5	778
1	2923
23	3
308	4323
0	4497
0	4688
27	1390
24	94
0	53
5	90
0	87
139	1000
0	1000
6	0
161	4921
1	4382
136	4420
274	1732
38	36
178	1
12	16
0	210
4	1008
2237	5920
0	23
138	39
0	6
0	0
1	0
2	25
121	25
3	1664
99	3966
0	4029
0	2527
0	1269
0	441
12	73
0	4083
1069	461
0	448
2	103
1	35
81	11
1	10
2	1
0	0
0	0
0	10
3	200
3	200
0	1546
0	1535
0	1636
0	1562
0	1491
0	1591
0	1626
0	1507
0	1590
0	1308
0	1712
0	1664
0	1545
0	1689
0	1557
0	1656
0	1633
0	1653
0	1573
0	1622
0	1602
3	1480
0	1743
6	124
0	107
3	147
0	3
0	0
0	1497
0	1718
1300	513
3	232
5	15
0	2
11	57
14	150
0	76
1	0
0	18
0	145
4	134
5	132
2	132
0	75
0	11
2468	255
0	0
0	62
0	0
1	179
0	130
0	5
280	16
51	323
0	2
0	23
0	314
0	0
0	0
0	0
0	0
81	187
2	146
70	119
36	50
0	27
0	27
0	4
0	22
0	152
0	213
1	1
2	53
0	213
0	1
0	0
0	1
680	117
0	34
0	19
0	38
0	45
3	0
0	0
12	7
2	333
14	11
22	6
71	19
13	183
0	284
14	1230
40	122
0	1271
0	253
2	69
0	72
10	222
2100	2274
0	2236
10	107
40	375
0	209
1083	210
0	34
6	587
0	203
0	643
0	21
0	711
0	619
1	1
1	50
0	565
0	33
4	43
0	62
1	6
0	0
0	0
0	11819
5283	11820
0	8869
3	2180
23	0
0	14707
0	134
16	71
0	66
4	126
5	9
95	118
22	118
0	34
0	787
0	504
2	397
2	356
14	433
1	48
618	1371
15	2486
0	1
0	196
17	127
0	2399
1	178
68	182
2	119
1	82
10	30
0	17
0	4
31	57
1	55
0	5
5	2
0	0
0	0
1	2
5	2
11	45
4	23
1	2243
12	119
8	15
3	103
0	15
0	76
0	2229
12	30
0	911
21	789
12	741
6	707
4	624
5	23
4	29
5	18
0	59
22	956
3	301
5	685
0	67
2	477
27	667
1	646
0	553
0	526
18	10
9	167
11	0
1	2
3	54
25	91
2	35
7	0
0	3
12	0
1	8
912	396
3	316
10	75
15	27
1	468
0	5799
0	5798
1	5799
33	0
14	3058
1	4203
0	2433
0	3420
5	4261
0	18
0	1
0	18
225	471
8	189
2	288
13	49
213	540
2	515
47	27
18	3
127	949
131	949
0	46
0	0
0	0
159	327
0	2
3	320
0	29
0	21
11	0
0	2
0	7
49	335
7	97
0	3
1	244
3	4
185	131
0	17
0	131
0	4
1	59
40	3391
2056	2583
32	3378
178	2416
0	2666
0	735
0	0
1878	112
0	112
49	100
0	70
0	62
2	47
0	36
6	0
0	0
0	0
0	0
0	0
439	1785
39	1782
3	1
4	3
5	1
9	0
470	4397
1462	4397
8	1971
23	247
201	247
0	0
0	0
0	0
0	0
719	220
8	40
1	0
0	0
0	0
0	0
17	541
19	541
2	0
0	0
13	14
0	20
0	248
0	107
104	142
0	541
29	53
0	53
0	4
0	4
0	4
0	0
2	0
0	11
0	11
54	707
0	180
1	42
3	105
2	37
44	707
230	672
15	561
6	14
337	203
0	97
0	10786
0	12004
641	11206
12	5827
27	232
111	6350
40	391
14	622
43	502
0	8
11	0
4	0
0	0
0	130
16	162
1	115
2	14
0	3
0	0
0	43
0	67
0	6
1	33
1	88
778	132
0	77
0	104
0	43
8	0
1	0
1	0
32	402
525	410
125	357
7	86
1	234
0	0
0	0
0	0
0	0
0	0
15	404
1	361
1	56
0	2
0	0
1	0
70	439
0	439
0	0
0	31
446	0
15	2844
1	141
37	2928
2	1717
24	2902
25	1546
6	0
0	2
0	0
101	2109
99	2183
0	385
18	800
376	809
2	656
0	472
1	892
0	210
10	127
4	6
94	112
0	112
263	2163
37	2170
259	1945
18	0
0	285
0	4
0	150
0	58
32	1189
1	176
0	0
0	0
0	0
0	0
17	4
0	4
0	0
0	0
0	0
0	0
0	0
0	0
0	382
0	332
28	148
1	11
1	27
14	52
399	1911
0	45
0	1911
0	0
8	0
3	24
5	33
1242	1292
576	685
32	1238
9	576
2	19
1	0
0	0
1	327
330	29
0	29
43	4636
437	4637
1	3
0	22
3	21
0	408
0	77
1	1
449	87
0	86
1	0
0	0
0	0
0	0
3	5
0	5
4	1
103	38
0	32
1	2
1	3
0	30
0	20
0	15
2	13
0	10
0	0
0	0
8	126
50	810
1423	810
4	787
32	8
113	1719
10	35
19	164
46	1738
351	990
0	944
5	291
0	280
2	12
412	706
2	73
8	99
5	633
5	0
109	1329
6	153
0	1398
1	1119
234	721
255	2397
81	2395
11	1521
173	120
4	23
0	102
4	62
13	70
0	47
20	46
0	46
8	21
3	8
0	0
0	0
0	0
0	0
0	0
0	0
101	349
0	175
0	126
0	47
13	19
0	34
0	78
0	0
0	0
0	0
0	0
3	16
0	18
3	16
0	51
0	29
0	40
0	51
0	51
0	51
0	29
0	51
2	51
0	30
0	25
0	51
0	48
14	99
0	39
0	0
0	33
0	33
0	59
0	59
0	51
0	51
0	51
0	48
0	51
0	51
0	51
0	48
0	51
0	10
0	0
3	119
22	196
0	196
55	195
7	181
247	168
88	90
1	39
2	56
2	34
58	1210
12	1343
0	332
109	403
4	0
18	2828
0	3401
0	2087
0	2346
1	2446
0	2363
20	3125
4	3210
0	3312
0	2814
1	1939
0	1123
27	3
14	632
0	103
0	2
1	106
141	4725
1	407
21	1826
13	39
0	3705
0	75
8	1755
0	0
4	144
4	149
4	403
0	24
0	389
0	387
2	0
14	0
0	0
0	7
1	7
3	0
239	24
2	22
1	2
1558	154
0	93
0	2
1	0
33	1
5	59
12	1872
38	1812
14	1918
3	2072
0	0
0	25
1	9
0	11
5	21
207	0
57	252
13	0
1	104
4	64
2	133
11	0
2	8
3	15
11	20
0	0
0	4
7	4
3066	164
6	24
0	86
2	2
13	47
0	0
0	43
0	35
0	25
0	8
2	11
0	18
100	3015
64	1999
0	1798
171	2805
93	1020
86	1314
0	0
806	2797
0	1555
0	744
0	370
12	128
0	71
0	2794
1	0
0	0
0	0
12	0
1205	336
0	160
71	334
0	667
50	1751
6	531
10	1288
0	239
4	110
4	266
8	11
2	71
0	419
18	24
3	395
8	109
6	5699
210	5702
0	5785
0	3052
18	2723
14	2821
5	33
16	1226
0	418
4	309
21	296
0	175
5	247
2	83
0	24
4	0
0	0
22	6
0	4327
0	163
0	887
1	109
0	131
1	15
4	2
0	887
0	149
37	2070
17	1456
158	1106
3	67
257	352
306	1
74	449
2	57
0	359
0	357
0	355
1	3
0	278
0	51
0	172
5	20
0	1
0	0
0	0
0	0
0	0
0	0
0	0
0	0
29	174
7	174
0	115
2	154
0	7
984	495
74	420
0	487
0	5
0	0
0	0
0	688
305	733
2	73
0	365
1	1
6	9
0	8
0	143
0	0
3190	554
29	509
3305	41
0	0
0	3
0	40
238	19
0	0
9	0
2	18
0	6
0	0
275	1141
38	1388
10	590
0	403
0	842
2	0
0	204
0	240
5	1
2124	1834
0	1169
3	966
0	302
114	138
0	56
0	5
0	81
678	3984
4	1577
0	2388
41	6
6	6
648	297
1	232
0	6
3	57
0	0
0	0
37	63
0	61
0	0
0	2
3	0
0	58
0	5908
206	6075
0	5649
0	3768
0	358
41	1158
1	9
0	139
3	386
0	281
8	370
1	0
0	15
0	11
247	268
2	13
40	4
0	150
4	11
4	20
16	66
83	0
0	0
553	278
0	219
0	6
3	83
0	73
0	0
4	11
0	1
0	9
217	150
69	150
0	2
0	15
0	0
0	0
0	15
22	172
2	467
0	398
272	486
3	3
1	7
5	7
0	74
84	848
22	579
0	469
35	1
11	123
26	0
106	279
0	279
2	0
2	0
1539	599
1	595
0	594
0	0
0	0
0	42
0	42
1	43
1	6
1	34
363	8830
53	0
116	8481
106	291
0	1204
96	35
0	3563
27	1506
10	331
8	52
0	1341
2	189
3	2
1	310
94	1485
49	2067
17	2154
497	2292
5	1983
1	256
5	84
8	390
0	12
0	14
0	1030
0	51
0	0
1	0
0	0
0	0
0	0
1	0
5	0
347	0
1	0
4	770
0	10
4	168
7	84
1	24
6	8
0	7
0	84
20	18
6	6
27	2
0	758
178	10
14	4
0	4
3	17
0	11
0	0
0	1029
31	1029
0	95
0	121
0	41
9	1005
334	0
0	171
0	169
0	2
0	0
332	145
0	37
0	108
241	777
8	597
0	0
0	16
16	391
14	115
1	0
0	0
3870	67
58	19
157	4
1	4
123	0
0	0
1	17
5	17
440	3
0	3
1831	4
7	2
3	2
145	278
15	77
13	173
0	0
1	7
0	47
28	374
0	374
0	268
3	0
0	10
4	5
0	3
0	2
8	0
0	3
0	0
383	0
0	0
0	0
0	0
0	0
0	0
0	0
0	0
0	0
0	0
287	2201
14	1767
13	451
0	1242
1	126
0	0
4	0
13385	446
11	334
17	1
0	84
0	79
375	79
2	71
0	3
0	3
0	1
0	1
66	0
23	183
14	201
0	201
29	84
1048	81
0	70
3	7
1	824
57	832
1	9
1	12
256	222
14	222
9	740
22	619
3	43
0	740
17	10
0	22
2	69
0	120
0	122
6	0
2	19
4	4
0	6
0	121
0	0
12	360
64	414
4	119
0	3
6	6
0	16
1	16
0	0
0	4
1	0
0	0
2547	671
6	566
38	733
43	476
4	0
0	664
2	2
0	2
0	2
0	0
0	0
0	0
0	0
0	548
2	178
15	49
0	427
1	1
550	0
1	6
0	6
107	98
3	98
3	66
0	59
0	52
0	4
1	0
1	0
0	2
0	2
15	720
18	723
13	53
1	20
6	5
483	8474
1095	9411
0	3324
0	4420
9	1442
2	726
8	20
0	47
0	0
1	47
1	0
0	0
0	47
6	14
5	14
0	0
0	29
0	27
6	716
0	858
0	199
0	3
7	991
0	4
0	133
40	920
1	33
0	11
0	6
9	506
0	60
771	1779
0	1750
0	60
0	254
9	119
7	66
4	512
6	74
0	390
1	246
0	265
3	0
0	105
9	0
32	332
4	308
135	276
7	21
0	47
30	3818
0	3490
16	547
2	329
5	288
50	3
0	79
0	171
0	0
0	0
31	0
151	1465
30	1315
0	1376
10	842
62	764
0	875
16	47
0	10
1	0
0	121
1	18
5	11
0	108
1	3
1	65
0	8
0	119
0	9
0	750
0	0
0	8604
1	3586
0	7620
0	1753
0	819
0	235
3	0
0	391
0	7589
2	7606
162	9045
0	9060
390	0
0	0
0	0
35	169
8	169
3	10
0	5
0	10
0	3
29	17
27	1312
39	1113
1	1324
1	605
0	1158
124	504
10	63
1	267
1	204
0	204
11075	2753
0	4
2	95
5	150
10	159
0	0
64	395
0	395
5	50
0	37
0	50
0	6
1	7
0	259
6	220
2	259
0	0
0	142
0	10
1	10
0	10
2	0
141	58
0	0
6	367
0	492
0	489
0	390
0	231
204	274
0	534
0	457
0	253
207	346
0	0
0	1
511	840
3	258
2	146
0	70
20	436
0	38
6	47
73	47
898	26
0	26
2	142
0	14
0	142
0	0
1	1
1	1
23	6
1	5
42	11
1	11
738	374
2	93
7	318
31	200
8	152
0	16
0	16
1	0
1	0
769	1482
0	339
1	1236
0	1491
0	1405
0	1455
0	1327
32	1180
0	1196
0	1137
0	1109
0	1126
0	1113
0	1141
0	1173
0	1083
0	1076
0	1020
0	1069
0	9
2	0
1	17
12	17
0	1321
0	1319
0	1412
0	1406
77	647
45	643
0	54
1	2
0	2
0	79
0	51
1	31
0	74
0	0
4	196
5	0
8	254
0	0
1	114
9	49
13	160
2	211
0	50
0	331
3	406
0	7
2206	290
46	286
1	0
394	155
1	115
0	11
2	39
39	2238
58	2190
3	248
18	319
5	171
0	897
0	288
6	38
0	35
5	36
2	1999
12	20
0	1386
0	69
62	429
0	298
0	269
13	231
0	346
1	173
21	258
0	0
0	337
3	289
1	337
6	291
15	0
0	0
15	0
0	0
0	0
3	0
0	0
72	583
5	423
0	590
45	21
21	24
0	0
0	359
2	67
61	359
36	359
30	360
5	112
4	53
55	274
0	220
0	31
0	13
1	26
12	117
9	110
0	21
0	0
0	831
0	903
0	940
1	799
82	271
0	725
1	851
0	488
0	755
2	522
5	491
4	649
1	3
19	14
0	0
0	4
1	4
5	135
0	8
3	56
0	0
0	0
167	54
0	37
10	7
0	10
0	0
5662	47
0	42
55	87
1	66
0	29
0	87
0	0
0	0
0	0
0	0
323	228
10	226
24	8
0	226
1094	1379
0	921
0	955
0	974
0	1021
0	1001
2	942
0	979
0	992
1	969
0	1004
0	945
2	11
0	47
0	44
1	164
0	112
5	508
0	1121
6	127
0	60
1	132
20	131
0	881
40	128
0	0
0	1
0	1
0	1
143	944
20	63
0	837
0	7
3	0
13	350
2	7
0	840
0	0
0	0
162	817
10	366
22	815
3	1
0	10
13	17
0	41
0	0
6	159
1	21
0	138
8	56
1	13
0	56
1	0
0	0
424	575
11	574
1	37
1	0
0	0
0	0
3693	2858
0	116
357	1
114	0
0	0
0	0
0	0
0	936
740	890
0	4
0	58
1	14
14	903
546	170
0	170
5	4
14	689
7	84
1	0
7	34
0	1048
0	0
0	2
0	310
0	1016
8	1292
0	65
5	1738
0	36
28	29
0	73
0	1738
7	204
0	7969
43	9876
10	1819
59	6170
0	2826
2	2824
1	4136
94	1129
14	414
23	475
14	246
0	0
0	0
0	0
0	0
0	0
0	0
7	1658
15	374
13	114
0	569
0	619
1	1680
0	0
0	0
0	0
2425	3
0	190
0	41
0	761
0	3
111	772
5	0
0	0
15	1007
0	891
0	0
0	866
0	17
0	923
0	16
5	14
0	17
0	692
0	12
2	356
3	743
4	46
3	43
0	0
0	0
0	16
0	10
2	839
0	12
1	0
0	0
3	612
3	0
1	75
0	819
636	1
2	6
0	12
0	18
0	1
0	0
0	0
0	0
0	18
0	0
0	0
0	0
555	763
25	0
35	762
4	1
0	0
0	1
615	105
1	104
0	0
27	16
6	131
3	140
3	9
0	95
187	975
1	140
0	209
0	0
0	273
1	4
4	149
0	412
0	2
0	61
3	1
0	1
0	1
0	1
0	0
0	538
21	1215
866	1872
7	570
20	488
0	949
1	498
805	1319
72	1661
248	2000
44	2097
12	2100
14	137
0	152
17	399
42	460
1	320
0	451
12	0
1	82
4	97
667	33
1	32
6	32
8	0
29	143
16	818
26	675
15	406
6	361
5	315
0	326
9	97
12	103
0	0
0	2
0	4
9	15
0	15
0	0
0	2
0	3
0	2
0	17
1	17
41	17
0	51
161	336
1	336
14	36
25	10
7	24
7	97
185	30
0	30
0	45
0	134
16	8247
7	2421
10	2177
7	258
0	8350
9	1223
216	7120
121	8345
12	8339
0	7865
32	205
17	48
0	2
0	520
1	609
1	0
2	123
50	363
0	362
2	97
0	0
431	3
0	2
0	620
0	2590
13	2487
0	2
3	191
0	115
0	499
73	75
11	106
0	27
0	27
1	0
0	17
0	94
10	91
1	116
1	44
11	39
1	15
4	17
0	45
1	52
0	46
0	0
0	0
6	15
0	0
1	2
0	0
0	93
26	98
87	118
23	34
0	6
0	5
1	41
0	6
0	0
0	1
0	2
0	1
0	0
0	0
0	1
0	0
0	0
0	0
0	0
0	0
0	0
0	0
0	3
0	1
0	3
0	1
0	3
2	3
0	0
0	0
0	0
0	0
0	0
4434	2916
1	1698
0	663
2	91
0	84
2	1386
0	0
0	0
0	0
0	0
121	42
0	42
4	10
0	13
44	12
27	133
1	134
0	0
0	0
23	1446
22	1492
1	0
0	1443
21	189
0	31
2	31
0	5
0	0
0	0
1754	434
0	129
2	302
0	102
0	0
0	0
57	348
3	175
0	15
0	21
0	0
0	139
0	3
0	44
0	0
0	53
8	43
534	112
1	81
27	30
0	0
55	89
0	68
0	51
0	5
1	9
554	108
0	31
0	27
0	50
571	27
0	27
7	1167
2	582
0	1362
0	627
0	749
0	658
0	723
0	731
1	607
9	203
1	59
7	346
0	42
6	30
589	2176
2424	7006
41	7330
0	2103
80	136
0	128
0	3
0	5
17	4
0	15
0	0
844	0
73	176
0	174
2	0
16	149
378	636
1	20
32	72
0	66
0	14
0	71
0	537
62	523
4	244
0	1
0	25
0	6
4	211
0	361
640	1252
0	871
147	1054
0	200
48	319
6	319
3	0
1	346
42	199
2	302
0	43
6	27
0	14
0	42
3	13
0	0
139	1196
0	1196
1	132
0	23
0	103
4	0
0	64
2	1
3	257
16	32
0	170
6	170
2	289
0	455
0	251
5	298
24	280
0	190
324	1440
1	240
77	1262
99	40
0	25
0	386
0	83
2	480
154	480
0	0
2022	651
2	650
0	0
0	0
0	0
0	0
0	332
84	334
102	81
4	28
0	8
1	13
4	24
1	14
563	1192
0	633
0	209
1	135
1	76
0	20
0	86
1	69
10	117
0	121
4	113
0	423
0	243
3	15
6	18
0	312
7	401
1	300
0	0
647	3478
22	3280
5	25
2	382
34	154
2	0
1	100
0	5
0	0
9	2
76	585
0	21
2	41
33	95
10	315
0	151
23	490
0	11
0	0
27	152
0	201
0	165
0	0
0	0
0	0
0	0
0	0
0	0
0	0
0	0
794	257
0	1
0	3
0	30
0	0
0	46
7	78
0	12
0	1
0	45
0	62
0	4
0	0
1	0
0	9
0	183
5435	189
0	0
0	0
53	0
0	0
0	0
5	18
0	18
79	4
1	4
0	0
4220	6
101	0
0	0
0	0
53	296
43	212
28	90
22	357
25	304
0	58
5	0
0	0
0	0
2	71
0	51
0	8
0	39
2	59
0	28
0	38
518	122
2	161
91	1537
101	1603
105	98
0	0
27	61
0	62
0	62
3	0
48	871
13	871
10	95
248	99
10	129
42	0
403	1387
2	1387
17	13
2	24
0	27
0	486
0	2
0	22
26	69
0	0
0	42
9	18
0	35
2	13
4	17
208	68
0	28
4	22
1	9
1	299
846	588
22	70
2	267
0	14
0	143
34	351
34	258
16	68
0	0
0	0
0	0
0	0
0	0
0	0
606	2
0	2
32	24
0	24
126	0
0	0
0	0
0	0
0	28
0	30
3	8
1	21
0	0
365	196
2	165
0	153
0	41
32	46
6	4
96	118
1	83
0	35
1	639
3	243
2	0
0	639
231	180
11	90
0	126
0	60
0	0
0	0
58	1154
5	36
4	41
12	94
3	107
71	210
16	553
2	6
0	272
19	19
0	39
20	4
0	135
0	5
1633	240
2	28
30	0
0	206
924	0
0	29
0	27
1	6
1	4
0	5
0	8
0	4
0	8
0	0
0	5
0	4
2	7
1	6
0	6
0	3
0	0
3	6
0	2
0	5
0	0
170	127
4	127
4	3
0	0
0	0
0	5895
59	7138
43	7186
6	7115
0	7470
8	439
102	402
6	297
3	15
3	126
6	66
39	104
2	318
1273	340
811	762
4	149
0	4086
0	56
12	467
1	438
5	3797
14	429
0	433
20	3441
0	4584
10	3892
25	4560
0	3870
30	2766
0	2795
36	1899
56	623
1	0
0	19
1	0
0	0
0	0
3	0
130	118
4	122
6	179
5	1
0	1
0	0
0	0
0	0
0	0
0	0
0	0
0	0
0	0
5	105
1	105
0	0
73	20
1	4
3	16
1	3
389	199
0	70
0	170
0	11
0	0
1	105
7	550
9	579
17	473
0	618
5	454
17	551
29	30
0	0
0	0
0	0
0	0
271	1651
224	1686
0	165
83	250
58	45
7	6
63	1633
0	0
0	0
0	2
0	2
0	1
0	0
392	59
2	49
1	1
1	0
0	0
0	0
0	0
40	149
8	127
8	127
0	125
61	144
0	126
0	0
0	125
154	247
0	227
0	174
0	163
0	30
5	16
0	0
0	0
0	0
0	0
0	0
0	1035
3	474
1	4136
0	0
364	6033
1	302
0	876
0	5806
0	0
0	0
0	1251
59	1466
0	1128
4	56
36	43
7	183
457	851
0	851
0	7
476	88
0	145
309	498
3	0
7	0
58	62
1	0
3	11
0	51
4791	1221
3	461
4	192
1	324
1	239
42	19
210	19
0	3
2	0
0	0
0	3
0	969
5	4190
0	495
0	1483
114	4531
3	284
14	1019
0	495
5	164
1	377
17	93
3	6
4	92
3	7
2	57
7	83
3	0
15	23
9	39
115	901
0	918
0	931
16	953
4	260
4	3
1	298
1422	649
92	796
19	7
0	2
0	5
0	5
5	13999
0	10407
33	29
0	97
4	277
290	5292
447	11923
0	540
0	800
0	150
2	128
18	11716
0	10284
0	105
0	680
13	1263
30	38
124	1794
0	147
7	1152
6	42
1	847
0	10436
0	7247
33	12
2	3
0	888
2	121
0	947
0	3
42	101
1	891
0	632
1	0
6	34
1	61
2	93
0	7
0	940
0	1003
1	438
0	102
0	1003
11	0
0	1726
0	1569
3	1687
13	1874
0	1751
40	1219
14	1122
0	942
4	64
120	455
123	398
0	13
32	423
67	535
0	55
0	34
27	473
0	52
0	186
4	18
0	479
6	18
26	133
0	479
19	508
0	346
33	386
10	76
115	111
0	0
0	48
28	31
0	1
145	774
85	350
0	77
17	55
1	228
1	169
47	164
2	114
6	86
2	60
0	395
31	397
8	0
0	0
0	0
1	0
0	0
3	163
342	516
3	438
6	65
3	343
0	16
0	23
11	74
0	5
0	0
0	0
0	0
0	0
0	0
0	0
0	0
0	0
0	0
160	2741
126	1822
2	8
31	220
20	427
0	120
0	1
0	114
5	2
1	23
0	6
0	0
0	6
18	136
1	93
5	105
0	20
0	103
1	0
0	23
0	3
0	3
0	3
28	0
48	141
0	141
805	423
5	2
19	23
3	0
0	227
0	178
2	281
14	1
0	19
0	0
0	0
0	0
0	0
0	0
0	0
19	63
1	39
1	47
211	1063
31	287
2	1063
15	315
0	184
3	1
17	0
0	0
13	133
1	122
3	74
0	101
0	98
2	57
0	42
0	75
0	26
0	9
3	33
0	2
0	0
0	0
20	62
2547	1412
4	31
24	15
0	2
12	1078
3	1155
19	69
1	34
0	27
0	22
0	24
22	31
0	16
0	32
0	9
0	18
2	24
2	23
0	21
0	9
1	13
3	15
0	3
0	2
0	1
0	1
0	1
1	1
0	0
0	0
0	2
0	0
1	1
0	288
0	210
5	43
0	86
0	79
4	47
0	19
47	146
0	95
2	21
0	0
11	0
0	0
269	833
0	797
0	826
3	806
0	86
2	312
8	3
1608	2143
1	897
7	294
6	899
2	2058
0	0
0	0
0	0
10	11
0	11
0	0
8	0
32	0
0	0
0	0
10	4000
0	4156
3	3826
0	3466
90	3211
77	2285
37	2311
7	240
3	651
3	42
2	75
0	21
7	3381
1098	1664
17	1156
0	107
4	8
228	1662
18	79
7	95
1	81
0	21
0	5
58	9
0	0
0	0
0	0
0	0
0	85
361	926
0	103
16	432
0	270
0	635
4	205
5	127
0	0
2	1
0	1
0	1
70	421
78	61
14	84
14	242
0	68
0	18
0	356
3	67
12	634
9	635
20	59
0	24
29	721
0	444
3	500
3	514
4	457
5	35
7	0
443	1315
0	1226
1	101
0	137
0	0
1	93
232	112
4	112
1020	305
0	140
17	301
0	431
0	450
0	435
0	461
0	89
0	131
0	13
0	11
0	442
94	286
77	248
0	23
0	15
1	3
1	0
1	3
0	3
0	2
0	1
0	2
4	302
12	14
0	272
59	269
1	277
0	21
1	0
14	0
557	38
1	0
0	38
1195	3381
0	1599
8	1443
0	1352
13	1211
7	1012
3	3
2	22
0	55
0	77
2	0
291	485
20	228
7	270
6	264
0	136
132	215
4	133
0	4
0	802
11	934
0	1032
4	9
10	546
0	569
0	29
0	40
0	12
0	80
0	41
2	11
0	6
1	49
0	1052
0	946
184	0
1844	70
5	51
0	0
0	0
0	0
0	0
1899	1064
4	848
1	316
17	33
72	308
9	144
0	106
1	60
498	145
6	44
7	20
3	20
297	1450
1	1272
0	111
2	63
5	33
9	212
267	1231
7	756
0	475
3	146
4	138
11	38
0	14
247	0
3	663
112	790
12	247
14	82
41	163
3	91
17	208
4	174
2	131
12	497
9	171
0	121
6	34
1	0
17	310
0	347
11	34
0	35
1	77
1	7
3	118
0	347
25	184
7	187
0	3
0	72
0	7
2	1
1	1
0	0
1	0
0	0
0	0
0	0
2287	2011
3	785
0	191
0	1371
0	50
1	374
1673	252
1	251
5	57
35	30
0	11
0	11
0	11
0	1
0	0
45	3128
1	161
42	2
129	68
0	5
0	67
1306	359
1	154
0	304
3	587
2	464
1	539
12	787
0	928
2133	4
9	344
4	344
11	355
12	2
9	0
1978	860
3	10
0	274
5	271
4	769
0	46
4	0
9	312
0	295
0	32
0	55
13	17
0	8
1	13
1	4
1	0
9	386
1	422
8	259
0	14
0	0
6	1002
0	698
55	3315
3	46
5	3055
0	2903
2	2
0	241
9	680
63	677
5	598
3	96
32	42
0	156
3	117
29	54
1021	3012
0	69
0	2942
300	20
1	15
1	5
0	0
0	0
0	0
0	0
0	0
0	0
0	0
0	0
0	0
0	0
0	0
0	0
0	0
0	181
0	202
0	95
2	18
220	49
2023	11
0	1
9	6
0	0
55	0
0	2
0	2
0	0
0	0
473	0
3	0
0	0
13151	2156
0	592
0	1016
1	109
0	63
5	516
0	0
0	0
0	0
0	36
0	225
18	146
1	36
139	56
18	209
0	187
12	111
22	562
0	656
0	555
0	140
1	57
0	0
0	1
0	0
0	1
0	1
5	63
108	319
55	324
3	318
1	312
1	163
1	181
29	139
2	276
0	4
0	3
426	100
1	10
4	90
3430	2970
3	2968
601	292
3	63
0	60
0	46
2	286
16	2
1	45
0	45
0	0
0	0
4	91
0	8
0	8
2	2
3	91
425	745
2	0
0	744
1	0
0	0
7	8
23	1087
0	1721
162	3470
55	1786
5	3459
1	1095
0	12
0	21
0	1437
276	926
0	926
0	0
0	0
0	0
5	68
0	64
0	4
0	34
0	3
168	3
1	1
0	1131
0	4
16	1133
3	1488
0	975
0	1042
13	1125
0	1264
0	56
7	47
5	145
0	243
2	135
0	194
5	53
0	38
1	11
0	5
0	5
6	1486
0	1514
0	1493
0	103
482	2195
46	2107
14	682
0	126
0	744
3	28
0	1
0	58
0	29
0	1
5	0
381	0
2	54
0	938
9	23
13	1193
0	819
2	465
0	813
0	13
2	1121
2	0
820	1037
1	37
0	185
0	380
6	307
10	7
12	85
0	57
4	719
5	0
0	739
0	743
84	1392
1	157
0	634
0	410
0	265
0	557
0	1280
118	0
141	173
3	157
6	25
0	22
0	139
0	357
0	350
1	350
0	26
0	372
0	377
0	987
133	1119
0	159
8	983
0	926
2	993
0	40
0	903
0	0
0	0
0	0
0	0
0	0
0	0
20	7
531	17
3	15
810	175
0	8
2	14
2	168
0	123
1188	331
0	117
26	220
0	48
2	0
9	6
90	0
18	396
1	63
0	1
19	7
0	6
8	0
0	1
0	10
0	5
0	0
0	10
0	351
0	366
5	344
122	376
0	0
0	13
0	29
0	3
0	0
2	34
0	42
2	152
0	7
0	8
0	3
1	2
27	38
0	24
1	16
1	1
0	1
0	0
0	48
7	27
0	44
40	20
0	2
0	2
0	54
0	46
0	57
1	39
2	2
1506	52
0	51
0	1
0	1
0	1
11	0
222	103
7	60
1	66
105	98
54	357
10	82
2	5
5	52
0	349
40	139
0	4
8	135
2	81
3	1
7	14
0	100
1	12
0	106
0	99
0	37
0	29
4	9
0	10
42	6
0	6
1	136
0	71
1	82
18	17
29	137
0	244
0	120
67	265
49	141
0	13
0	0
0	3
23	69
0	29
2	4
158	106
0	147
30	148
4	3
116	330
0	2
0	0
4	164
0	328
0	0
0	53
1	52
0	45
0	39
0	4
0	0
0	25
0	3
6	28
1	26
0	6
0	0
0	40
1	0
3	25
2	26
0	17
12	0
4	0
0	0
1500	103
0	98
6	0
0	271
7	281
3	281
0	40
0	125
1005	2137
0	54
0	13
100	1945
0	843
0	0
7	153
2	69
0	1
0	20
0	8
0	37
0	112
23	316
0	1
2	3
56	77
69	495
0	32
3	155
0	5
7	20965
3	5887
13	0
221	5385
1	7068
8	3361
0	99
23	74
11	490
118	657
0	7055
0	26
0	25
4	1
101	6789
7	129
0	7055
22	6283
3	19896
1	3503
0	2
0	0
14	117
0	52
4	403
20	20978
24	20979
0	16814
0	1628
0	386
21	3328
2	3627
0	1048
3	2146
27	535
19	104
38	594
2	1598
3	1
2	72
15	1604
16	85
5	47
127	47
9	8
13	9
0	9
0	0
1	1
3	0
253	715
0	400
0	711
0	51
2146	1323
0	41
0	601
1	720
187	525
0	555
0	5
0	4
0	537
0	2
0	2
3	12
0	0
0	0
1	12
0	4
0	1
0	3
0	3
0	3
435	76
5	76
0	0
0	0
219	77
1	21
4	49
0	17
3	14
2	19
0	0
256	626
68	626
2	103
4	193
4	0
0	0
0	0
0	0
0	3
1	2
0	1
0	0
0	0
0	0
0	0
0	43
0	3
0	0
54	2607
0	2391
0	1590
0	188
0	0
0	35
0	36
5	35
0	7
0	2
2	58
640	4827
9	3
2	3747
15	588
0	1566
0	188
0	53
160	29
1	28
0	13
0	1
11	0
25	0
22	544
5	539
2	8
34	2
1	25
1849	44
0	0
0	0
8	43
1737	1
0	0
0	0
0	0
52	408
6	408
1	58
8	67
0	0
0	0
0	0
0	1
0	1
0	1
0	1
162	1659
55	1658
2	561
36	398
2	135
1	26
0	0
23	55
4	55
0	21
9	0
1	8
0	8
2736	4078
1	687
73	4350
118	4351
578	230
3535	566
18	563
3	149
0	57
0	0
0	0
0	16
552	842
1	44
9	7
1	82
73	1
29	143
311	672
0	0
0	59
2	148
9	310
15	10
0	17
0	314
261	257
2	256
6	242
166	298
0	133
8	44
0	113
0	182
15	1061
0	681
7	1031
90	1059
0	1034
129	711
18	229
101	2640
42	2317
0	736
5	0
0	0
0	0
0	0
0	0
0	0
239	0
608	50
0	47
0	3
6	8
0	4
0	4
0	4
3	136
6	135
0	0
1	0
0	0
0	0
3	4
0	1
0	62
0	22316
69	2989
10	0
33	887
0	23000
0	21889
0	21195
0	20332
0	0
0	28
40	1459
11	2
13	7
5	646
39	52
22	312
0	21557
171	1
0	0
0	74
8	95
413	881
4	43
0	35
3	7
3	507
78	236
738	170
0	170
10	0
0	0
886	495
0	494
0	0
640	3092
27	3087
0	240
2	11
9	4
3	1
25	1287
51	1235
0	730
18	43
10	33
13	99
4	173
0	145
62	156
166	41
0	35
0	0
0	5
0	0
2	13
0	0
0	265
14	31
2	2
0	77
0	288
26	148
259	199
1	232
27	122
0	161
0	0
27	3559
1	1476
32	3559
5	0
3	82
0	1
21	0
0	0
0	0
0	0
2	335
35	1093
0	93
0	721
4	0
0	6
5	99
0	61
1	56
366	242
0	206
1	4
0	211
2	168
4	196
6	52
21	6
1	1381
0	1011
1	159
1	102
0	1136
0	458
2	773
0	308
0	0
0	0
0	0
0	0
0	0
0	0
0	0
0	0
0	0
0	0
0	0
0	0
0	0
0	0
17	833
14	47
0	28
12	796
7	16
169	989
54	1128
0	1055
1	964
0	1182
0	1267
210	1284
0	0
8	8
4	0
2	39
0	15
161	268
0	201
0	270
0	273
1	199
4	462
22	519
0	215
0	227
0	151
0	13
45	17
44	280
0	1993
0	1980
3	92
0	2000
0	351
8	339
0	1998
0	1985
3	67
1	559
0	516
0	501
0	504
1	446
1	2
1	0
8	1
0	244
0	640
0	636
0	673
4	402
76	678
0	9
4	243
42	109
9	81
2	0
611	81
3	0
35	0
1136	498
0	467
3	14
0	17
0	0
1	82
0	72
0	78
0	2
0	1
0	2
0	1
0	3
0	2
0	0
6	13
1	13
670	45
2	42
0	2
1	32
0	2
0	32
12	483
0	4
0	388
2	413
0	1
0	460
0	2371
11	4422
5	3641
1	19
23	1885
5	42
6	442
0	143
19	338
1	328
13	47
0	22
0	215
0	5231
635	4918
3	4729
24	2514
1239	1281
12	1275
2	1180
1	121
0	0
0	0
5	93
7	93
0	51
0	52
0	0
1	24
0	2
1	34
0	113
453	518
0	608
7	577
2	440
0	398
2	378
0	58
12	210
19	185
0	217
0	159
1	3
2	5
2	44
0	5
37	6
1	6
2	252
1	195
446	275
0	275
0	157
0	0
864	534
0	41
26	457
1	0
1	0
4	226
2	1
0	1
0	1
0	0
2	1069
24	1048
6	1621
112	558
7	1335
14	1031
2	1330
3	144
0	567
2	484
12	192
20	2543
0	1740
10	570
38	1539
0	59
2	3
1	1888
4	42
4	1387
64	1785
2	351
0	7
0	222
1	0
0	94
5	1895
2	56
1	93
15	79
2	11
0	0
0	0
231	7654
90	466
9	522
20	530
0	555
0	60
0	21
0	831
0	0
6	1897
63	1896
11	1429
0	9202
0	8438
1	250
1	257
4	2
1	2
30	398
5	19
81	160
8	63
13	225
12	138
0	257
3081	637
4	633
0	1
0	3
0	3
1	460
8	167
12	177
2	30
3	26
0	6808
0	6674
68	1848
4	2
0	6808
0	6675
1	3
2	45
0	42
0	0
1705	4624
6	4523
2	4693
1	4695
0	1922
0	320
7	490
10	394
0	256
0	222
88	145
0	86
0	4687
3051	2
0	0
0	0
0	0
0	0
0	0
0	0
0	0
132	975
19	365
0	515
16	338
0	4
0	4
425	0
817	0
484	1
0	4
0	0
0	0
0	4
56	536
0	403
2	195
0	29
0	87
1	6611
1	32
0	30
0	31
1	14
0	0
1	5
411	87
2	32
2	3
34	55
0	39
0	39
0	1
0	1
0	1
0	0
0	1360
0	1228
0	1274
5	925
1	134
1	7
0	1302
0	1225
18	332
45	405
2	299
0	314
17	262
0	131
0	89
0	135
873	718
27	43
0	79
0	579
0	83
345	1828
7	87
0	58
0	29
14	3
0	1660
123	990
9	799
0	284
19	47
153	131
2	4
195	522
8	522
14	1837
0	1656
331	1635
6	552
73	225
8	180
6	25
4	110
3	0
0	0
0	0
6	0
0	0
220	7651
215	40
0	8
172	1899
0	51
1	1
1	51
9	12
2	19
2	13
3	2
0	0
0	0
1	151
1	170
3	180
0	3
1	193
0	79
77	104
21	141
1	73
1	106
0	0
0	0
0	0
8	0
0	335
0	297
7	9
6	327
9	276
26	23
17	132
0	6
0	6
0	0
0	0
5	129
27	129
3	529
68	695
7	466
0	2
38	0
0	25
54	480
3	65
0	2
0	2
2	2
0	2
0	0
7	78
4	66
8	841
78	733
7	188
3	796
0	19
44	248
0	45
0	495
0	13
0	83
0	23
537	326
0	142
18	142
2	116
6	100
74	1147
1	1169
0	662
2	8
0	63
5	420
0	488
11	1043
3	849
0	869
2	0
13	330
0	0
0	0
893	103
0	33
1	61
0	9
45	1881
27	1903
0	0
0	12
0	725
0	0
0	1878
27	641
0	70
6	55
0	453
0	237
0	78
0	24
3	100
0	17
0	54
1388	916
0	259
1	37
1	650
0	475
1	0
2	159
0	199
16	7
3	1411
0	1919
0	1
0	1
0	1
0	1
101	242
36	313
8	73
0	73
54	81
0	0
0	0
20	0
49	137
0	191
0	105
145	59
90	58
0	15
2116	3
95	7651
167	682
75	1056
0	787
13	787
1	40
32	2416
1	183
1	2284
23	174
0	21
71	2197
12	2233
24	110
2	2
93	21
10	823
5	45
0	949
18	221
2	595
1	159
0	37
166	857
2	41
0	83
0	104
1	30
0	8
0	822
0	0
2	679
0	1374
1	1299
4	0
1908	183
23	181
5512	3
61	1875
90	1875
0	29
3	233
0	31
0	0
0	226
41	234
4	204
22	18
12	99
3	89
0	10
88	31
14	485
0	484
2	533
3	484
6	515
19	415
1	74
0	21
0	116
2	45
2	0
6	6
0	21
0	0
5	19
0	3
0	0
0	0
1	3
3	3
0	3
0	0
395	33
0	0
0	0
0	0
0	0
0	0
0	0
0	0
0	0
0	0
0	0
0	0
0	0
2	36
1489	37
32	52
15	7
784	42
12	6
0	199
247	199
305	182
0	35
17	72
12	90
0	8
0	0
0	6
0	1
0	9
0	0
0	0
2	0
4	3
0	3
0	2
0	1
352	40
22	1
1	0
0	0
0	0
0	0
3	34
14	34
0	113
6	111
10	111
0	7
0	0
47	67
0	86
0	70
0	0
54	18
0	17
1	1
0	40
3842	4
17	0
0	968
0	42
0	934
2	35
1	858
0	755
0	6
0	1
0	749
0	803
5	19
293	1
7	0
0	23
345	243
2	23
0	66
2	107
0	1
0	129
3	55
1	582
56	162
1	15
3	66
1	54
141	582
161	0
34	1840
237	1908
0	136
2	120
0	69
0	0
4	1035
0	1170
5	1392
17	1006
0	188
46	612
0	931
0	8
0	0
3	108
8	51
244	8991
4	140
33	700
24	1851
0	615
105	615
3	26
0	149
1	50
0	56
0	615
7	138
7	138
0	1
369	1
77	719
84	93
0	1
7	171
3	184
3	2
7	657
4	4
4	2
6	24
0	55
13	147
0	178
2	213
0	80
0	645
2	606
26	175
46	37
53	582
53	609
0	0
0	0
1	156
7	142
4	160
7	126
0	2
10	431
10	105
2	348
0	5
0	59
2	307
0	529
68	529
0	2
0	2
0	2
17	108
0	115
25	546
726	546
22	43
66	0
7	40
27	185
35	184
483	328
26	327
5	885
9	907
26	138
0	34
4	541
0	591
0	3
0	11
2	36
0	21
7	30
0	37
4	42
1	0
75	0
0	0
3	8
1	8
0	0
182	3522
121	3522
4	151
9	157
1	33
4	201
1	238
0	137
1	125
52	361
10	360
0	336
0	27
1	5
0	4
0	5
1	103
709	671
1	12
5	298
126	637
0	0
8	37
6	4
0	15
5	0
7	23
1471	0
103	474
0	2918
0	2685
5	2335
144	2285
31	3
6	360
0	8
2	198
0	263
1	286
0	221
8	90
0	2167
0	0
0	0
238	31
0	30
66	359
5	0
0	1
0	359
1	9
8	0
0	42
0	0
0	0
1231	11
82	7
26	3
7	0
0	0
0	0
340	0
9	7
1	268
0	336
1	11
0	8
2	20
1	67
2	174
0	1
0	10
2	0
0	6
4	51
0	0
2	39
0	34
1	149
0	0
7	145
0	0
0	100
0	132
0	90
0	13
2	5
3	133
146	193
0	238
1748	3
23	27
47	97
105	107
0	23
16	40
1	25
2	4
1	14
57	14
48	62
19	62
1	6
0	2
0	2
12	10
0	10
0	2
326	7651
66	1903
18	2028
0	132
0	1473
2	2
21	262
71	3074
12	3025
0	161
2	114
0	148
0	1011
0	1012
0	0
0	5
1	100
1	49
4	2852
0	152
1	147
0	0
3	2815
5	0
14	0
0	32
0	316
0	136
0	0
0	0
101	963
0	870
21	543
0	792
52	2743
179	2612
0	1739
137	192
0	92
0	0
118	3
56	699
17	1445
520	1457
1129	1506
15	1430
14	1453
24	231
0	177
17	40
0	44
935	1
0	110
544	110
1	55
1	10
677	640
1	573
0	0
1	1
22	161
0	127
0	11
5	34
0	49
605	0
0	1
0	674
1380	1850
2	258
8	143
4	1182
5	1725
798	1901
32	157
0	157
5057	1205
0	167
0	759
1	277
0	0
0	0
0	0
0	0
0	0
0	0
1	0
1	0
0	0
0	0
5	2
21	2
1	0
104	219
15	73
0	207
7	168
0	170
21	118
0	15
0	16
0	3
0	5
0	0
3	134
30	2525
1	35
3	1772
10	12
18	2044
15	843
21	377
4	368
60	386
6	6
2	538
0	1
25	0
1	0
54	3
1	3
0	321
0	25
47	3156
787	2968
480	3109
0	179
3	2628
9	393
58	8
14	8
143	3
17	8
0	8
2	2
0	0
3	535
0	9
22	411
7	420
0	395
0	238
0	445
1	353
6	319
10	360
0	39
0	382
0	232
0	0
115	353
14	548
150	0
1463	5376
16	0
1	874
14	2839
8	3930
222	0
64	0
142	1497
0	1317
3	1219
0	817
7	684
12	0
112	95
8	15
0	90
87	1
5	199
26	3794
324	2216
11	259
0	3501
1	1983
0	1370
0	2
0	2
0	2
0	0
0	0
0	0
0	0
0	0
0	0
447	3
0	3
128	10
0	10
10	304
6	690
0	544
0	791
2	224
0	457
28	375
5	328
123	182
0	0
2944	1240
0	1239
14	75
1	67
0	68
0	5
1280	3908
3	1614
0	1577
18	3391
11	958
22	859
1	248
0	222
33	117
8	18
1301	544
1	1366
60	1288
2	221
0	1273
25	149
3	49
1	14
0	17
0	0
0	0
0	0
0	0
0	0
0	0
0	0
24	1
31	2736
172	1469
104	1487
0	1526
14	1489
35	2968
0	1249
0	752
25	1119
0	957
9	343
3	609
1	96
0	117
61	855
0	1259
0	1584
109	0
0	0
0	0
0	0
0	0
0	0
0	0
0	0
10	807
544	1946
0	519
18	121
0	268
3	0
4	233
2	63
2	0
0	0
73	1896
27	0
1	0
88	38
0	37
0	20
0	1
0	0
7	263
444	805
2	803
7	182
6	1456
4	1551
11	1582
0	1627
0	1097
0	533
4	441
0	629
0	631
5	690
0	616
0	677
8	671
2	0
0	85
3	44
4	1
2	0
0	0
0	677
0	615
0	1120
246	1321
22	60
0	184
0	181
6	13
29	3
0	1
0	2
0	12
1	12
27	24
363	714
5	713
10	38
6	0
9	7762
2	112
120	2
26	176
3	176
0	39
0	0
0	4
0	71
2	72
0	1968
0	1351
0	131
1	3
0	3
0	0
0	0
100	0
0	0
0	0
3007	118
0	47
4	118
9	4
2	0
334	2186
1	2196
0	141
3	83
14	991
0	57
1	31
1	116
81	15
0	15
116	36
1	35
3	1
0	1
2	2
0	30
0	10
0	24
0	30
13	30
0	43
0	24
0	28
2	28
0	43
0	1011
47	1011
1	14
2	20
0	25
228	51
0	14
0	52
1	22
1	63
297	0
417	0
180	133
0	131
0	309
20	243
0	133
53	128
0	299
138	5383
161	5097
44	4967
22	5139
14	186
2	64
7	182
112	132
5	111
1	112
0	99
0	15
0	0
28	7927
1	276
1	133
0	133
7	133
2	0
0	0
6	52
0	2
0	49
0	45
120	31
0	13
0	18
82	7879
0	1613
2	764
5	921
0	942
5	563
2	240
0	3
1	0
1	9
0	0
0	1
0	7989
0	7978
0	1
312	415
2	1
0	263
0	152
2086	1051
0	110
5	70
18	712
2	317
0	266
8	150
51	96
0	72
0	15
0	5
0	27
461	184
0	6
0	183
265	1
4	0
0	0
2362	400
2	75
1	144
0	148
2	33
0	15
0	0
0	0
1	3
3	166
0	59
55	454
75	304
0	422
23	5
353	498
1	334
27	234
14	99
2	99
16	0
19	4386
1	279
17	4474
0	4129
14	4167
29	210
0	78
11	1706
3	77
35	179
36	335
33	65
1	0
209	2133
0	1786
1	17
10	314
0	2
36	354
31	1
337	70
0	70
2	0
151	184
1	0
125	1
11	92
0	79
7	34
2	91
0	22
0	59
0	0
0	16
0	0
0	79
1	347
2	634
0	726
2	19
7	37
0	20
0	14
3	19
5	15
4	771
0	347
149	7655
4	150
0	43
115	44
0	6
0	16
0	3
0	13
0	2
1	0
0	3
0	8
0	2809
0	2979
3	2724
10	2323
4	2532
0	1707
20	1840
2	570
0	54
1244	4082
0	3902
0	47
16	7
3	4
1	0
0	406
1	296
15	207
0	160
1	0
0	0
148	0
1253	316
0	314
51	18
702	646
16	646
0	413
0	381
1	0
13	52
8	18096
375	6734
0	9193
46	18182
811	15329
3	1
3	13
0	6
0	7
0	6
0	0
3	0
4	3
0	18
0	18
0	25
0	25
0	24
0	6
0	6
0	11
0	9
0	1
0	1
0	0
0	1
0	0
0	0
0	0
103	5
6	4
272	543
25	529
0	14
0	0
0	0
0	0
0	0
0	0
0	0
0	0
0	1
0	0
0	0
18	1712
1	943
0	807
1	1079
126	631
4	61
7	323
0	493
3	8
0	240
0	230
17	4
0	4
0	651
0	302
1	521
0	651
0	651
0	472
0	504
0	686
13	516
5	474
0	473
7	567
0	260
10	295
12	8
0	0
413	1
11	960
5	658
2	750
0	902
1583	53
14	51
2	0
2	28
8	51
2	89
0	0
0	76
0	72
0	25
4	19
0	8
0	3
1	20
0	1
0	9
0	9
0	6
0	5
0	0
0	2
0	0
187	0
2457	1
149	7652
40	150
0	143
0	151
0	0
0	0
0	0
2	40
2	28
0	3
0	38
0	38
0	38
0	19
0	28
0	0
0	5
2	133
0	14
29	153
0	5
0	6
0	0
0	2
0	10
1	0
739	0
0	1
0	1
937	3
126	3
0	0
0	0
55	2730
11	2620
32	2251
0	216
15	99
0	67
3	350
0	24
0	138
0	13
1	13
1	13
48	22
3	22
0	1
0	1
2	14
322	544
2	515
1	0
0	29
0	6
0	0
5	20
0	0
34	152
267	3
5	0
0	1
4	1
12	143
356	1
123	942
11	401
28	473
0	653
0	4
0	1
48	100
0	13
311	1187
0	0
49	8012
1	359
248	232
1	71
0	30
0	11
273	2856
180	2622
3	1252
201	0
0	0
0	0
92	1665
0	480
0	242
1	1448
0	697
0	0
30	0
239	7872
2	81
0	0
19	921
0	832
0	382
0	375
6	305
6	29
1	67
2	9
24	0
169	480
0	1
2	136
6	352
1	99
40	99
20	99
0	0
1	6
1	22
0	0
0	311
18	345
33	292
2	19
0	22
94	7799
4	159
1	0
0	0
1	1
0	0
4	1
27	1743
4	1626
67	189
9	146
23	462
2	155
26	410
9	17
1	12
68	1778
254	1
433	246
1	211
14	244
2	54
2	0
5	135
0	126
5	135
0	2
2898	3
327	221
1	150
2	122
1	1
0	8
1	138
2	144
0	7
1	0
1	144
0	6
0	4
0	6
0	4
0	4
0	0
0	149
14	58
2	0
0	123
0	48
0	136
0	109
1	5
0	0
0	17
825	0
0	0
0	0
0	0
0	0
436	1485
5	1409
131	1125
0	456
1	1002
29	144
114	80
24	112
3	99
0	6610
61	24233
7180	21741
5	11799
0	17540
0	0
0	0
0	0
0	0
9	772
380	1210
26	364
2	48
1	47
0	20
7	47
0	1
0	82
45	193
1	154
0	137
0	64
0	0
0	0
1	0
1429	145
96	141
0	0
0	0
0	197
43	328
1	218
0	19
2	263
0	0
0	0
0	0
0	0
81	1895
0	0
0	0
4	81
7	189
1	0
3	129
0	2
6	109
5	426
3	149
2	9
10	89
10	2
1	163
0	41
0	362
0	0
0	0
5	4
112	4
0	3058
0	118
4	563
0	67
5	2439
17	865
9	2755
0	27
5	47
37	1000
22	17
1	1797
24	1758
0	1613
16	1170
30	1000
0	1337
0	102
7	590
22	15
8	29
0	43
43	191
7	0
1009	4764
0	3
0	4766
0	4759
0	62
6	4771
3279	169
0	10
4	155
0	0
0	0
148	118
1	54
135	69
263	0
0	2
0	2
1	138
7	7790
104	1691
3	1680
0	18
7	330
0	5
4	50
8	106
0	0
0	0
0	0
0	0
0	0
167	0
218	7651
0	196
1	20
3	1731
534	2163
1	147
0	4
0	158
4	7
12	345
1	0
0	0
6	132
1	132
1	0
3	69
0	212
5	181
2	41
0	34
0	38
0	0
20	73
0	65
0	65
0	8
0	0
0	0
0	0
0	24
38	148
3	37
0	105
1	7
0	29
3	4
1	29
0	191
86	211
0	21
0	22
1	85
7	60
12	50
101	826
21	876
30	339
36	87
1	27
27	197
0	7
42	16
4	25
0	1
2	52
0	2
1	0
0	265
0	88
3	2244
0	1551
51	2242
1	4
0	187
27	336
4	188
3	0
7	100
1	128
25	235
0	215
1	41
1	226
27	2407
39	1022
0	0
2	2369
2	2289
220	1043
290	13
0	3
0	10
0	0
0	721
1	952
0	1000
2	925
0	947
0	583
4	215
40	492
0	352
0	46
0	213
0	205
0	22
0	13
1	45
0	1
0	0
0	11
1	36
2	6
0	492
37	3429
19	1810
0	3102
60	2436
0	73
13	317
220	430
0	94
0	278
4	81
1	167
4	18
1	317
1	73
0	71
14	10
130	2
4	620
21	61
2	352
0	637
0	596
0	0
2	40
9	5
0	0
0	0
0	0
0	0
1	0
0	0
0	0
0	1115
296	1152
19	842
20	678
0	23
8	23
451	1689
40	1174
6	766
5	305
7	1058
0	341
0	189
0	353
181	6
36	372
255	371
0	1966
0	1354
0	1273
2	6
0	6
1	6
0	1
0	4
0	3
0	0
35	274
20	300
0	69
0	120
0	86
0	35
255	7650
0	0
100	1900
0	0
1	0
21	496
3	3
1	431
5	371
0	474
1	445
0	24
0	425
0	0
0	0
558	463
19	361
14	336
0	300
0	220
10	212
0	135
1	0
0	0
7	3721
2927	3783
3	1554
53	3249
8	11
7	451
0	34
12	34
560	319
17	320
30	1
12	7740
0	230
0	347
0	315
0	300
2	53
4	16
7	12
0	0
0	0
0	0
0	0
0	0
87	7649
2	193
51	254
14	36
50	50
69	1896
2055	2491
14	643
0	0
0	0
52	664
0	67
4	597
0	107
1	74
4	21
0	46
0	1
3	25
0	23
7	0
24	1311
14	1330
3	1034
36	59
4	270
2	3
5	1
0	1
26	337
2	232
1	231
0	290
2	78
0	111
3	21
0	0
90	469
0	230
29	125
9	509
27	311
0	71
1	51
0	127
0	18
0	0
0	0
0	780
0	13
25	742
0	776
26	0
42	136
0	88
21	333
0	683
30	685
20	658
2	503
22	46
0	374
0	361
18	7
23	0
0	143
0	5
1	11
3	9
1	30
3	0
108	857
199	857
316	58
0	9
1	13
1	36
1289	492
5	202
3	403
40	1820
68	1827
3	8
29	329
26	18
0	55
15	74
0	29
4	200
1	202
16	159
30	64
20	18
26	7774
5	122
192	3
817	145
0	145
275	1
469	0
7	2
0	2
17	7781
1	131
11	1
607	191
0	141
12	127
7	99
30	10
5	422
39	422
0	422
172	0
49	146
18	1
0	137
39	107
0	12
1	0
25	89
0	10
0	35
25	58
1	51
1	14
27	21
0	0
0	0
65	5
1	5
0	2
1	0
105	8106
0	7651
7	456
358	0
2884	91
18	14
8	4
0	69
1445	1
2	34
28	543
14	140
1	447
7	528
0	0
0	0
0	0
0	374
24	374
0	35
3	15
1	34
0	54
0	42
0	54
3	2
3	10
0	0
0	0
1	0
0	8
33	679
172	3045
0	3578
0	1005
32	3605
0	116
0	108
8	1127
0	1156
0	194
0	85
3	267
0	68
0	599
1	0
0	959
0	5
0	561
0	624
0	0
0	3
0	22
2	10
0	602
0	74
9	108
0	3
768	323
48	102
0	11
0	4
0	0
0	41
0	45
0	13
0	2
422	0
0	0
1	0
1069	3087
21	77
2	156
0	75
5	93
0	4
32	9
0	19
12	40
9	2802
2	1
0	1
0	0
2	0
0	29
130	1624
0	1457
5	242
23	1457
8	982
0	0
0	0
0	0
0	0
0	0
0	0
0	0
5	5
35	4798
10	740
150	4747
1	160
3	586
0	594
3	726
11	323
8	0
0	253
0	61
0	1060
496	19
0	19
2	287
0	110
4	5
7	234
0	452
0	1
0	1
0	1
0	1
946	1
70	363
1	232
4	23
8	213
0	1
0	0
0	0
25	0
2	41
367	601
0	577
54	28
2	170
3	511
1	248
0	353
66	48
42	488
1	5073
2	21
0	49
0	24
238	1185
0	5410
0	849
42	16
0	16
16	1084
16	1461
0	1492
35	577
3	100
15	262
43	411
18	161
7	51
3	145
3	48
0	4
9	76
95	172
0	167
0	138
0	29
0	14
3891	1344
928	1343
24	0
1	4433
0	4236
2	636
0	82
1	43
26	3979
20	1154
0	4090
0	3979
91	500
0	37
39	351
0	1
4	293
0	4236
0	4322
53	3
13	3
0	151
6	1069
0	393
8	149
0	76
0	135
43	339
0	188
0	1069
540	116
3	0
4	60
15	10
7	6
3	2
1890	672
1	313
4	361
1	191
0	7285
15999	7545
23	289
52	294
7	40
3	0
0	0
0	2
1	2
55	1755
48	1842
13	116
13	381
1	53
0	310
1	151
0	60
28	422
2	39
5	275
0	0
0	0
0	0
311	40
5	36
1	26
3225	769
57	759
0	40
0	0
0	0
5	0
0	0
0	0
0	0
3	725
5	440
1	628
0	9
0	49
6	2
21	0
0	725
0	0
425	82
3	82
4	0
0	0
0	0
0	0
2	293
142	4908
76	4010
12	4438
1	3781
0	326
62	0
50	33
0	19
0	31
0	0
238	344
1	20
1	17
187	232
0	323
0	9
0	821
23	74
0	13
0	282
3	0
0	174
33	1
1	10
0	821
59	532
2	5
85	532
0	23
1	1728
0	1750
0	478
0	824
0	785
4	747
6	759
0	16
2	35
0	35
0	13
9	51
0	37
0	35
0	34
0	18
0	2
19	12
0	0
0	5
0	2
0	0
0	1740
214	100
1	99
0	15
2	11
0	6
200	21
0	16
0	15
0	0
0	4
0	16
32	587
68	586
3	0
1	23
3	1
1	6
21	6
142	272
74	272
0	0
0	0
0	0
689	3
0	2
71	73
1	86
637	0
4	0
1	699
79	445
6	130
41	6
0	361
9	627
3	408
0	121
0	138
3441	5
3	0
1	1226
18	910
91	1238
5	49
0	14
6	10
0	5
19	182
0	4
2	1
0	1
0	16
1	6
0	4
2	182
27	87
2	87
1660	341
2	0
0	0
0	0
1060	340
10	340
453	4553
1	4536
1	121
0	110
1	28
5	4
15	1404
0	11
2	14
0	5
0	1
286	82
0	82
5	0
14	29
0	25
21	0
0	7
2	53
347	1365
19	97
6	249
2	987
27	2
0	2484
20	1244
44	0
13	284
0	315
1	422
1	16
6	1
2	1739
13	4
3	247
0	0
6	12
26	20
424	215
9	223
1	17
257	0
10	154
17	154
3	108
120	834
29	813
127	181
3	751
0	535
122	652
0	46
4	90
12	8
49	1
17	42
71	0
1130	143
0	28
4	114
17	2536
0	3539
1	97
26	41
9	0
0	3514
100	2450
0	2335
10	1230
0	751
0	751
0	738
0	681
20	37
0	58
0	2386
3	933
0	713
0	362
25	29
0	112
1	546
7	4
60	4
0	19
0	56
4	4
0	2
0	643
0	706
245	585
4	564
0	127
6	4024
39	5302
0	741
0	718
0	287
0	5153
41	3021
0	3129
22	3158
1	2673
1	2088
0	1203
6	440
20	706
0	2
0	0
0	5
506	1887
16	1214
0	203
0	0
39	1034
0	82
48	0
1	0
40	0
0	0
2377	575
0	114
17	340
0	285
16	111
0	111
12	111
1	740
0	326
0	20
2	1
0	742
0	0
0	0
2	401
1	341
1	362
3	14
6	6
0	401
0	322
23	0
5	614
20	615
90	2
14	612
1	497
1	8
463	1283
16	97
31	1238
0	237
4	46
0	295
1	26
12	203
34	14
2	85
0	73
0	35
0	74
0	3
0	74
0	1936
0	0
0	0
3	405
22	301
0	85
3	36
2	0
0	533
11	153
0	479
3	1839
0	1748
2	1830
32	1776
39	1989
507	374
0	373
0	0
0	11
0	0
1	2
0	319
0	4
0	1
0	0
0	1
0	0
0	317
0	0
0	0
1	0
0	4
0	0
0	2
0	5
0	348
0	313
0	254
6	162
1	233
4	266
11	269
7	172
3	12
1	20
0	9
0	2
0	0
0	0
2	6
1	8
0	30
1	41
0	4
0	36
3	35
18	36
6	0
0	0
25	810
0	803
7	819
38	351
0	3
0	1
1	459
19	295
0	527
3	3
2	28
0	123
6	96
4	769
4	766
435	770
0	770
0	0
0	11
124	80
10	14
0	65
0	0
1	2
4	2
6	0
0	0
0	0
0	0
0	0
0	0
2805	11
87	7
13	0
1215	28
1	27
0	1
23	385
97	503
92	341
7	121
151	808
28	808
287	154
20	154
1	65
1683	67
0	200
2	192
36	648
0	101
0	605
16	0
20	43
1	918
0	7
1	148
4	133
92	910
0	172
0	64
25	129
19	53
8	38
238	1539
38	75
3	1490
41	31
0	23
2	21
1	5
163	411
9	316
0	1
0	287
3	28
0	288
0	0
295	1
5	42
235	42
403	0
0	614
0	644
12	529
0	12
84	231
0	60
0	0
2	15
0	647
2	765
23	765
41	776
5	152
1	0
4	0
0	10
599	1
1	18
3	5
16	9
0	0
0	1
0	1
0	1
53	246
0	3
12	0
0	246
0	0
0	0
0	0
110	1996
1	1
30	3
0	1994
591	242
0	21
0	221
0	145
1	1
0	0
27	742
0	208
0	0
0	742
11	92
3	621
743	756
0	90
6	10
0	31
0	97
1	48
81	21
20	21
0	432
11	13
159	450
0	433
17	133
0	605
6	106
4	19
23	248
0	499
0	605
2	8
0	0
0	0
0	0
0	0
0	0
5	0
0	0
0	0
2	0
0	0
0	1583
0	1
0	1
0	477
1	436
0	467
0	29
4	454
6	410
0	5
1	16
2	39
0	55
0	0
0	0
0	0
32	275
2	275
15	41
16	26
2	15
0	835
0	1071
0	584
0	22
9	65
7	0
0	1010
335	1072
15	92
2	70
0	44
529	0
0	0
1	690
1	1166
67	373
53	1339
18	1280
1	413
2	9
0	183
0	201
6	113
6	4
0	94
14	108
0	111
7	21
8	108
0	0
0	0
0	0
0	549
81	618
0	5
0	36
0	4
4348	6
301	321
0	62
0	19
0	259
87	436
0	181
0	138
1	40
20	74
0	7
0	4
71	7935
0	2890
1	0
0	0
0	0
0	0
0	0
0	0
0	0
0	0
0	0
18	655
681	1609
24	29
0	173
21	1007
0	1
0	0
23	131
5615	4486
12	3784
39	707
85	1173
39	1274
0	1187
3	66
2	23
20	195
1	765
0	126
48	200
0	184
1	129
15	23
2	23
1	0
0	1069
2	102
0	703
4	351
0	29
0	52
0	115
3	0
0	5
2	0
0	1074
0	831
0	1095
1733	1722
18	1501
86	964
14	1431
5	649
0	24
14	84
0	36
1	22
1	6
2	37
3	35
0	2
0	38
1	1926
118	1927
24	7473
39	8868
58	9586
7	9525
0	10079
0	9695
4	1451
47	7182
18	6780
4	112
4	580
48	44
6	48
101	18
49	5
7	649
0	517
264	57
4	491
2	9515
0	9705
0	0
2	0
0	0
0	0
0	0
5	0
1	111
0	0
5	1
1235	113
2	2
0	2
0	2
0	0
0	0
0	0
0	0
26	127
227	233
7	0
0	46
0	50
0	55
0	0
1	4
90	1362
0	184
2	437
2	170
92	1304
0	9
0	91
1	279
0	212
0	212
0	201
73	287
12	1380
8	1404
7	1377
0	1318
2	1312
0	1335
0	164
0	1090
0	1066
6	22
28	10
2	136
0	57
0	110
12	1
0	8
1	39
0	0
0	0
0	0
0	14
0	1
4	2
0	13
7	0
0	1
0	1
36	2
0	0
0	1
243	0
3	0
0	0
0	0
0	437
0	421
8	406
6	361
10	406
12	18
0	1
0	5
0	0
0	16
2	1221
0	6
0	14
49	288
0	1249
0	0
2	13
0	721
9	958
1	294
1	8
0	0
61	1479
11	1479
0	63
0	1479
0	1479
69	313
3	245
1	89
2	4
13	2
1	53
1	7
0	61
3	68
293	1690
0	1622
2	1
0	1
6	19
17	19
111	38
0	38
0	6
0	3
268	7817
0	2765
0	1
0	1
0	1
0	0
0	0
2	0
300	1
37	64
32	220
3	212
2	12
5	10
12	23
0	9
0	9
0	9
13	0
1526	854
38	590
0	188
5	83
283	516
6	141
18	371
13	68
0	48
114	291
6	165
0	30
22	173
18	0
10	105
10	34
5	1
149	114
0	109
5	8
15	0
0	5
21	701
2	701
4	12
0	412
0	31
0	8
0	425
0	412
44	558
0	633
24	644
4	277
4	386
0	0
3	9
3	0
0	0
0	0
0	0
0	0
0	0
0	0
0	0
0	0
0	0
0	0
0	0
0	0
22	72
10	140
0	46
5	0
0	0
0	571
48	572
3	9
0	63
0	0
0	3
0	10
0	3
0	3
0	3
0	3
0	10
0	10
0	0
0	0
8	2121
0	1432
0	1118
0	0
5	690
0	17
1	445
0	994
6	890
24	890
4	115
0	174
5	71
16	758
0	718
0	623
16	109
1	41
3	14
0	129
4	67
0	11
1	66
0	221
0	45
4	49
0	49
0	6
0	0
0	0
0	0
635	326
0	348
0	350
0	1
155	1385
0	1144
1	201
1	970
0	77
3	619
6	806
21	1360
47	566
4	174
0	0
0	566
9	34
0	29
0	23
0	19
2	22
0	21
0	25
0	24
1	2
6	2
0	2
4	28
1	30
0	0
602	1709
0	238
170	1562
2	40
5	527
15	527
0	24
0	48
0	5
0	0
197	119
0	34
26	85
3	1
0	1
0	70
2	70
0	1
0	24
0	20
0	3
1414	1158
3	1
6	23
1	25
0	0
0	25
0	9
1	25
0	0
0	337
246	436
8	372
3	1
4781	2
13933	448
111	439
3	0
5	0
1	41
1	40
2	2
0	1
110	146
2	119
8	27
249	609
0	315
9	83
4	60
10	207
1384	1174
1	47
0	17
50	160
91	2131
4	0
75	2131
2	0
0	15
6	3
7	1
1	3
0	90
0	93
8	69
0	7
1	11
3	5
0	2
182	14
0	12
0	0
89	94
0	94
9	906
1	1001
760	958
0	260
8	44
4	37
0	7
0	0
0	0
0	2
0	0
0	1
0	1
0	2
0	2
14	182
0	101
657	0
1175	3253
251	3253
0	0
0	0
6	0
0	0
0	5
0	5
0	0
1	0
0	0
0	1
0	1
0	1
0	1
0	1
23	281
1	7
5	30
8	276
1	37
0	45
0	38
9	9
3	35
0	35
6	0
0	0
0	0
26	352
6	271
0	49
0	127
12	55
24	42
8	7
1	20
12	233
0	277
22	0
0	0
0	908
4	1333
0	1544
0	1154
1	998
32	17
21	770
7	536
0	81
0	10
0	0
0	784
0	210
0	255
21	172
1	0
1	0
0	33
34	752
0	849
0	0
0	853
116	6902
10	6658
16	4271
0	308
0	3
0	1
0	3
0	0
2	0
0	0
0	0
0	0
0	3
0	3
0	4
1	3
5	1
1	1
11	5
0	5
53	1077
28	1077
48	2
2	2
4	21
0	21
0	2
0	2
12	28
10	21
0	18
18	26
3	3
0	0
0	2
0	0
3234	196
1	192
24	600
0	421
0	0
0	0
0	0
0	600
60	13
2	5
0	13
20	74
6	74
0	47
0	7
3	47
0	47
3	42
1	3
0	59
441	475
0	412
0	734
0	912
4	415
2	169
1	170
0	446
1486	444
253	1128
64	458
3	988
0	522
20	363
56	877
0	896
1182	282
0	110
2	41
16	79
31	42
624	43
23	679
909	736
3	627
15	596
5	0
9	124
25	124
3	124
11	290
0	147
1	231
0	58
1	9
7	7
0	253
15	0
488	3
0	2
25	1
54	224
0	24
3	15
0	223
125	1177
6	1177
3	118
3	7
0	72
237	124
0	24
0	101
6	93
15	1
0	15
1	0
0	0
0	0
51	2745
40	2833
76	2564
0	0
0	0
0	8
5	8
2	283
9	258
6	198
86	268
0	187
2	7
0	6
1	41
0	259
26	627
8	625
0	625
1	627
1	625
0	625
0	625
2	879
2	1027
3	146
0	200
10	318
6	137
0	190
64	4136
353	4132
1534	3195
2	267
0	286
43	1158
108	982
43	1051
7	435
5	879
1	431
0	0
0	14
0	13
0	3
3	13
2	27
0	13
0	10
28	0
1	0
0	533
0	553
0	491
5	2
15	35
9	19
3	40
3	25
1	70
1	93
1	53
3	533
88	522
2	12
29	1051
6	5
1	5
10	2
5	53
0	0
31	1090
0	7
0	545
28	286
0	52
2	87
0	70
0	0
19	0
0	9
0	8
0	7
0	3
0	2
2	0
574	193
2	193
2	115
3	233
14	195
0	1
5	147
6	23
0	228
2	240
1	208
5	229
0	188
0	11
0	228
5	9
6	9
160	647
1	599
0	671
0	706
0	568
0	109
0	43
0	2
5	50
105	50
9	20
0	54
146	66
1	44
0	1
0	0
0	1
0	2
0	0
0	2
0	2
0	1
0	2
0	1
0	283
54	283
395	482
14	493
0	52
0	11
4	10
6	0
0	9
0	3
2707	2599
0	345
0	1093
1	2574
1	0
671	255
3	253
0	0
0	0
0	0
0	2
0	3
0	3
0	0
3626	3
119	1
65	150
41	150
0	0
0	148
43	12
4	11
201	0
61	594
0	395
24	596
5	12
2	13
0	0
3	0
29	935
16	935
0	0
114	285
43	134
54	4
239	151
0	0
0	0
0	0
7	219
20	219
20	205
3070	387
3	385
6	13
37	13
0	12
616	267
14	142
0	88
20	4025
27	597
33	1346
6	136
7	323
0	3528
0	2
149	3376
61	226
96	520
307	373
142	437
0	1469
4	130
1	124
0	17
6	25
0	92
0	0
0	1469
0	0
1	1
1	1
0	1
0	1
0	0
0	0
0	0
0	1
0	0
0	0
0	1
9	334
1	320
8	88
5	57
0	336
1	201
0	55
0	161
0	45
0	0
0	106
0	6
4	160
3	152
0	1
11	1
5	89
0	3
0	29
4	27
0	8
16	752
19	732
3	17
0	1
13	17
3	16
0	111
2	4
0	524
44	0
0	0
0	0
0	0
0	0
1	82
92	82
4	408
0	43
2	408
41	2996
53	1940
0	2644
43	3035
0	2580
1	8
166	2028
0	499
0	2
6	65
1	3
13	8
1	136
3	29
0	3142
33	793
2	652
4	110
72	24
11	195
0	116
0	77
0	90
4	69
0	26
2	77
2593	589
69	589
1	845
15	760
52	446
3	745
6	591
27	49
1	330
17	338
15	306
1	7
0	330
1808	267
52	267
14	1928
0	704
34	1278
9	6
1	687
8	1
0	51
3	327
4	214
2	21
0	1765
61	2382
13	1681
1	1417
6	1790
54	1747
145	1854
0	576
1	249
0	86
0	94
0	93
0	1
20	4
7	98
1	92
0	1921
237	0
11	43
1	543
0	650
1	283
71	603
521	296
4	31
30	272
0	195
32	292
6	26
0	22
1	19
10	107
0	3
1	0
0	0
1	5
0	3
0	3
0	0
0	0
0	0
0	0
70	0
0	42
0	2
0	42
0	3
0	0
0	7
5	38
0	4
0	0
0	26
0	26
10	68
4	97
3	29
294	1
2	0
0	0
1	463
0	74
0	49
0	49
13	493
0	49
0	86
0	0
0	6
258	420
56	88
0	3
0	96
0	78
0	270
56	652
65	758
3	125
9	176
8	48
532	1096
26	1087
2	13
1222	279
3	225
2	62
143	62
0	7
0	22
0	16
7	32
72	180
0	152
0	73
0	46
2	13
0	3
16	28
0	9
4	0
0	2
238	0
0	1
0	1
28	44
0	49
0	21
0	22
2	1
0	1
0	0
0	0
1763	2106
1	479
3	45
5	416
4	0
0	8
0	1620
5	2
0	4
13	36
0	43
0	30
0	43
0	43
0	10
0	361
71	443
4	400
0	137
0	72
0	1
1	65
0	1
0	64
0	0
60	1846
258	1387
0	1332
8	1432
0	871
0	624
8	0
0	1750
0	576
8	513
2	310
0	151
14	9
5	9
0	5
0	2
0	1
1	0
0	1
6	341
5	331
3	24
11	15
1	0
0	957
143	838
0	953
385	0
0	15
0	0
0	0
32	0
25	28
0	5
42	1290
0	1026
168	608
8	576
0	605
34	303
0	1367
397	3
0	2
0	0
0	1193
0	0
0	4
1653	3094
802	1900
1	1318
5	12
34	1
18	4
7	0
0	0
5352	1378
11	322
16	860
17	623
213	413
2	278
0	129
0	135
0	226
11	288
0	0
0	126
29	12
2	1
0	0
0	0
0	1
132	0
0	0
0	0
2	1579
204	1549
0	1516
0	104
21	23
82	631
2	3
22	11
1	0
5	41
0	8
0	1
0	1
0	1
0	0
0	8
0	8
10	2809
14	542
3	377
166	607
0	1
2	2663
9	506
59	21
0	0
1	2
0	2
7	43
0	281
1	203
0	3
1	273
1	9
0	4
77	3514
11	3435
0	3245
14	189
130	1595
38	56
51	63
1	22
0	109
22	322
4	109
4	40
11	47
18	55
0	0
0	28
0	36
0	3572
0	0
646	770
2	770
0	78
10	29
1	20
3	1
0	0
0	34
34	2458
3	21
1	78
9	2423
0	1
3	2100
4	2423
6	2423
8	161
5	124
3	51
0	1
2	0
9	0
0	9
2	5
654	943
4	289
8	355
9	148
2	24
12	162
1	146
64	343
1	245
2	0
0	0
0	0
0	0
0	0
0	0
0	0
0	0
0	0
0	0
0	0
0	0
0	0
0	0
81	133
13	133
0	1
0	2
13	1
0	1
0	1
8	104
43	104
26	41
0	18
1	584
0	85
0	101
0	101
2	276
0	45
29	342
0	245
0	281
0	237
13	8
6	7
54	241
3	90
0	225
13	28
1	0
10	1
0	584
606	503
10	502
0	0
0	0
0	0
0	0
0	0
0	0
39	320
0	320
0	233
207	6
29	312
219	454
3	231
10	70
31	28
19	43
170	54
16	2
57	1757
30	1757
15	43
0	0
0	0
0	0
0	0
0	0
0	0
1842	77
0	0
1	27
46	47
15	216
525	216
1757	1692
6	1690
0	5
6	553
2	203
2	91
9	10
3	89
18	88
17	83
2	6
3	7
2	9
0	8
10	509
19	868
37	775
29	621
3	867
1	49
1	0
7	80
1	35
61	172
0	4
15	153
0	125
483	173
0	65
0	23
9	93
0	250
0	204
150	259
0	213
0	161
0	118
9	7
3	0
1	979
7	376
0	699
0	0
15	83
0	452
1	439
1	0
5	864
433	936
0	387
0	361
0	3045
0	2788
27	2631
38	693
5	78
2	204
24	9
4	980
0	49
24	55
0	0
7	33
21	310
0	1697
68	2062
24	1859
0	2290
36	2112
5	18
2	150
31	2174
6	0
1	262
8	1623
15	193
0	2172
12	14
5	8
1	7
1	166
146	806
5	33
0	37
0	806
212	159
0	145
2	39
0	51
0	0
155	2427
0	2435
21	2432
1	0
2	99
0	6
0	0
32	91
13	1
0	90
0	0
1	1
278	2079
0	1463
5	248
2	281
700	892
0	2
0	242
0	11
8	168
2	117
2	13
0	226
1	12
6	6
6	6
0	2
0	0
0	0
146	103
0	60
2	130
15	84
0	103
0	80
1	3
0	3
0	3765
33	3514
0	230
22	9
3	2999
9	33
19	1185
2	152
22	123
333	553
4	54
0	547
0	312
1	119
0	3
0	3
1	3
0	3
0	3
20	1087
250	1110
6	26
0	8221
0	9116
0	8905
0	8269
0	9543
0	8648
0	9332
7	8752
0	160
0	206
16	7
23	315
161	1596
51	1243
557	1851
3	28
0	1851
0	239
1	0
78	416
1	158
104	353
8	313
71	1938
28	1938
3	1
13	0
0	1860
9	53
0	1235
44	703
6	24
102	21
5	10
46	1187
0	1153
1	176
2	71
27	123
1	0
0	133
0	2
4	48
8	36
0	0
0	36
0	4
0	46
0	46
0	66
0	66
0	0
0	12
7	27
203	0
72	76
18	76
0	2309
0	2371
0	2610
11	2644
0	268
13	16
13	121
6	159
5	7
0	4
1	0
0	2650
0	2542
673	2299
1	835
0	2096
13	1020
5	260
0	74
2	71
3	31
3	1
20	123
3	181
0	183
0	177
1	134
10	162
1	4
0	34
0	427
0	1
0	1
500	0
0	0
0	22
7	28
1	7
0	8
485	31
6	29
2	274
0	3
86	222
0	230
7	12
0	21
5	34
2	42
8	16
2	4
9	32
0	0
536	137
1	134
0	44
0	0
0	14
49	1664
20	489
18	1324
1	1111
11	628
1	1246
1	512
14	395
0	1128
0	1614
1	38
874	1728
0	83
1	1637
11	25
24	375
25	864
5	110
1	147
7	450
0	295
3	202
0	1140
0	145
0	268
135	1141
0	0
64	7
0	3
0	0
0	0
1	4
1	0
28	49
0	1
3	48
0	5
0	0
243	421
1	165
16	318
1	197
5	149
0	145
10	264
0	10
0	1
0	1
0	1
237	0
3186	5
654	120
35	48
66	45648
0	50815
80	48052
47	18185
0	4667
2	2628
20	641
0	1576
0	2626
3	111
6	165
1	138
9	26
0	18
50	35
0	8
0	0
16	1
21	0
0	2
0	2
0	1
614	0
0	0
0	0
76	0
137	3032
31	2586
0	762
0	1223
2	653
4	617
0	17
3	0
0	14
0	0
0	0
0	0
0	0
19173	1310
1	285
0	386
0	163
3	37
6	210
4	37
3	201
1	217
15	215
4	21
7	0
77	85
0	75
0	410
2	468
127	468
0	375
0	32
0	0
8	0
0	3221
445	3553
118	2602
142	2263
0	56
44	18
0	496
0	306
86	21
0	1
0	0
0	0
0	3
0	3
11	296
0	255
0	262
2	52
1	12
5	38
6	18
3	20
0	2
0	4
0	2
0	0
0	0
0	0
0	26
0	25
0	25
0	2
0	12
0	3
0	0
411	729
25	330
11	63
3	70
3	0
1189	1
972	0
2216	173
1	1
0	170
275	101
3	101
0	9
0	0
0	0
0	0
26	137
36	537
1	160
9	22
24	0
0	18
13	549
4	9
203	81
0	16
0	3
0	53
1	37
416	636
19	638
0	0
0	0
0	1
2	1
1	1
0	0
27	2651
4	740
0	2383
0	1702
22	234
0	21
2	408
1	50
24	776
0	103
6	445
0	484
96	210
1	125
0	214
0	0
40	59
1	11
0	43
6	33
3	29
8	0
0	6
0	23
6	61
0	45
4	15
0	0
927	2
273	278
15	277
5	1244
0	0
24	1269
1	20
14	209
0	3
2	58
5	0
64	1615
0	78
5	12
13	65
37	1649
1	12
2	101
0	1678
0	0
0	0
0	0
9	16
0	2823
12	1443
57	262
13	2314
6	1644
5	273
8	24
1	1186
10	542
9	800
2877	16
0	0
0	0
0	0
35	211
0	210
31	97
2	0
7	1
0	0
3	316
58	316
24	1
31	0
1	0
2828	1684
1	190
111	1332
2	202
0	452
2	357
0	0
0	0
0	1
0	1
149	653
5	17
2	647
3	4
0	0
0	3
0	2
7	4
1	4
0	1
0	1
8	953
0	20
0	953
3	422
0	384
0	382
0	826
17	118
0	0
181	167
0	3
0	164
0	98
1442	1069
0	479
82	437
11	197
0	0
0	0
0	0
0	0
12	21
8	19
7	0
0	20
0	0
0	0
0	0
36	561
0	30
0	9
0	237
0	574
92	236
1	198
3	119
1	2
4	41
0	56
3	42
0	18
0	512
0	592
23	597
0	509
0	389
0	11
0	0
19	421
26	410
0	419
2	56
0	44
0	25
26	0
0	28
2	0
1925	185
24	57
7	3
12	32
60	10
74	150
6	99
1	2
0	55
3	17
0	13
1	23
1	10
0	3
0	59
11	48
4	54
0	54
3	43
0	14
3	3
2	6
0	0
8	206
1	191
3	39
0	148
0	100
0	232
20	166
3	13
0	247
0	11
165	57
1	0
0	57
81	13
39	13
0	1
0	1
0	1
0	0
0	0
0	0
0	0
0	0
737	111
2	45
3	0
3	78
0	0
234	5639
12	4253
65	4157
123	4161
0	587
3	854
6	34
19	274
0	249
9	276
0	274
0	2
165	38
0	35
0	7
0	9
60	2466
114	2466
3	28
6	155
14	69
1	1
0	0
26	0
0	0
7	0
0	2
17	465
0	150
0	46
0	0
42	465
20	574
4	413
0	63
78	423
30	415
0	223
0	287
0	213
14	77
3	58
2	15
0	1
9	69
4	69
2	47
95	752
1	58
37	780
40	53
3	12
0	0
34	16
0	16
0	627
10	63
4	162
0	92
69	413
0	275
5	8
0	0
0	2
2	66
73	0
516	602
31	601
91	169
0	0
105	2173
7	2190
10	54
0	0
0	0
0	0
0	0
0	0
9	188
1638	354
0	171
1	70
0	0
0	0
0	0
0	0
2356	6511
0	415
8	378
132	5784
25	1
28	1118
0	348
0	1107
128	1170
11	6
0	5
0	1123
0	0
0	0
0	0
0	0
0	0
0	0
0	0
302	300
19	300
0	31
0	56
0	195
51	0
169	42
9	42
744	506
0	291
6	375
5	8
0	155
1	111
62	68
25	2187
0	1601
5	626
49	404
2	29
5	0
3	0
0	0
0	2187
0	44
0	40
0	30
2	31
0	25
9	27
1	27
0	2
1	0
0	1
0	0
0	5
0	5
231	132
0	0
7	255
14	131
1	0
0	0
325	194
20	194
12	3
0	118
0	74
0	122
2	122
0	17
1	0
0	0
5	5
0	124
10	2
0	2
0	0
47	984
3	86
37	6
0	949
0	6
15	18
15	264
5	663
10	674
4	234
116	84
8	22
0	239
15	81
1	151
4	140
2	71
98	3
4	0
6	5
3	1
0	0
118	2322
132	1816
0	1
2	4
0	975
96	64
0	17
0	4
0	33
0	7
0	2321
0	1536
0	58
0	296
0	296
11	44
0	44
1558	196
2	82
7	126
1	75
19	11
4	68
0	25
7	89
8	1071
0	1028
0	2
1	88
2	275
0	993
3	291
0	192
8	47
153	928
1	98
10	55
0	37
0	183
0	195
0	126
0	860
0	107
0	230
1	303
9	127
4	5
6	31
2	26
15	46
2	135
0	1
1	1076
0	454
17	2541
149	3232
4	133
9	83
1503	3371
4	63
11	17
11	2348
23	1299
4	949
6	1818
0	1678
4	2335
5	209
0	749
0	1
2	31
91	2129
0	21
1	37
0	20
20	167
20	150
1	86
0	103
0	71
16	58
0	113
0	83
0	86
0	86
32	717
3	613
64	514
0	0
1	447
0	167
15	378
1	105
2	409
0	0
0	2
0	42
3	57
0	58
136	2998
19	3340
4	2162
0	2149
0	193
0	0
0	0
0	0
0	0
0	366
0	416
2	392
0	295
0	285
0	357
12	38
6	294
7	265
1	273
0	281
8	1287
3	13
100	1288
0	0
19	91
0	0
0	0
2	1
0	1
19	417
0	341
6	140
0	76
7	1
0	0
300	523
32	397
8	439
16	0
0	0
0	0
0	0
115	143
1	75
3	14
0	0
0	91
0	67
4	0
183	839
0	9
0	724
10	701
8	10
0	1447
66	3837
11	3899
98	3863
37	1922
1	1265
4	1250
12	283
16	15
0	14
7	24
0	22
0	10
0	6
0	1931
1	14
4	134
0	69
145	124
2	124
0	7
0	1
6	4
0	0
2	7
431	1
0	752
434	1534
3	673
3	528
245	0
0	0
0	0
2	77
601	206
0	44
0	7
4	86
2	42
1	1
0	0
0	491
0	386
6	26
0	442
0	299
0	69
0	93
0	5
4	35
6	16
0	1
0	0
0	0
0	0
15	364
32	364
18	364
4019	177
8	175
2752	9405
146	0
48	9404
0	118
0	0
0	0
0	0
0	0
0	0
0	0
0	87
4	73
5	84
0	16
4	4
0	93
2	4
0	10
1	11
2	2
1	0
383	1948
2	17
6	45
0	1948
106	0
19	1597
0	1494
0	39
28	1597
22	1023
0	1039
0	1035
1	843
1	807
0	479
0	7
9	0
2	47
3	1047
0	0
97	352
31	349
46	203
11	15
0	66
1699	348
216	347
0	40
2127	4518
0	3990
0	5529
116	3534
0	3532
48	186
0	2305
3	5692
0	3
0	1
221	640
14	44
4	563
42	8
3	0
1	1
8	190
1	0
57	0
7	0
0	0
0	79
17	76
0	14
8	25
0	31
0	5
0	9
0	0
0	0
423	788
89	61
10	0
0	762
0	11
0	413
20	1152
27	1148
0	417
0	413
248	890
38	1170
0	1170
0	498
1	0
0	0
0	0
16	211
0	176
1	66
11	120
150	33
17	3
1	1035
740	32
0	32
2	0
0	0
13	0
0	0
0	0
1	79
114	1740
4	4
321	1754
9	1768
0	9
0	9
0	0
0	0
0	1
0	2
1	2
0	2
2	0
1	0
0	0
81	75
0	1
0	75
0	4
0	459
4	718
575	1274
1	234
5	1023
1	82
3	313
0	38
0	39
24	32
0	8
0	3
0	6
2	0
0	528
8	534
49	132
73	251
59	238
4	56
6	22
0	22
3	402
18	139
1	206
12	221
9	6
1	63
1	52
23	20
29	6
13	10
0	0
0	0
4	74
18	1543
4	823
0	1157
8	1491
4	146
4	4
817	26
1	26
1	319
3	2280
0	67
0	17
10	701
0	1656
151	1426
0	593
0	276
17	48
0	514
1	293
0	417
0	190
1034	537
2	537
40	611
2	628
16	499
0	50
20	0
2	337
1	40
13	3997
0	4358
122	3559
0	91
0	3446
5	5
0	1
0	0
639	0
11	164
2	171
0	126
3	112
0	28
6	513
0	647
0	661
12	97
4	0
0	606
0	0
1786	623
0	623
0	100
2918	1481
1	1479
12	0
2	0
4	1580
35	1580
9	123
0	125
0	223
6	1
7	0
0	1579
193	2327
0	2142
2	212
8	177
3	177
11	75
0	35
20	310
2	761
0	850
16	484
0	174
10	421
25	107
4	0
0	2
0	1
0	1
0	0
0	0
0	0
0	0
0	0
0	0
0	0
0	0
0	0
0	0
0	6
0	6
0	0
1	0
52	0
0	67
14	598
4	488
0	19
28	205
0	0
0	0
3	9
267	1319
156	833
0	2
5	5
1	1288
1	2
0	19
0	0
0	0
0	1298
0	0
0	0
10	8
0	7
1	4
0	6
0	0
351	2116
5	2116
18	1170
0	264
1	74
0	0
0	0
153	287
13	286
0	0
0	3
0	3
0	0
0	3
0	3
0	0
0	0
0	0
0	0
0	0
0	0
0	3
0	3
0	0
0	0
0	0
0	0
0	0
0	0
2744	878
0	334
0	19
0	108
22	72
3	45
12	239
17	14
0	89
0	0
0	0
0	0
31	675
1	675
0	478
0	9
0	9
0	0
0	6
0	9
258	181
19	134
2	92
7	125
7	74
0	5
0	0
68	193
3	1
6	194
0	1
0	1
2	30
8	133
0	0
0	7
0	7
0	1
0	0
0	63
57	668
37	1432
0	110
14	82
0	1429
11	97
6	1229
0	1326
0	509
1	114
0	138
152	125
1	12
5	113
0	47
2	41
0	0
1	0
1	20
0	19
0	0
1	2
0	1
14	206
7	209
0	19
0	2
0	12
1	5
4	33
0	17
2	2
3	20
0	52
550	244
9	114
9	128
0	230
0	226
0	4
0	51
0	228
17	986
3	0
0	3
0	264
0	0
0	169
0	54
124	917
0	0
0	0
183	5604
0	748
0	148
0	278
13	1499
0	14
2	233
55	31
3	576
122	5562
8	71
10	82
6	20
0	5
2	5
1	0
2	73
84	107
0	34
0	6
0	0
337	222
0	222
0	72
1	0
0	0
0	0
0	0
0	0
33	98
121	127
12	29
67	1272
28	212
1	141
27	1093
1	62
9	4
16	4
6	138
43	33
0	478
9	5
7	0
1	0
0	0
0	1097
17	1060
124	560
11	508
0	372
0	64
0	0
114	1546
0	56
33	374
6	1148
1	3
0	195
20	12
1	391
10	37
0	39
5	51
0	28
5	29
2	4
10	370
0	360
0	55
1052	690
5	641
1	686
7	444
1	74
2	27
2533	18
0	0
22	14
0	0
0	0
0	0
0	1
0	0
0	0
2	0
2	3
704	529
2	0
0	29
1	543
1	74
3	0
126	0
2	377
0	376
0	376
0	10
0	19
45	1
9	4
0	416
0	417
2	217
0	0
0	0
0	0
0	0
1	0
3	5
0	5
0	5
0	4
0	1
0	1
1100	372
4	327
5	0
0	48
19	45
25	0
19	15
5	15
0	8
22	2239
6	1861
2	452
533	1187
10	736
0	461
0	397
8	0
11	752
0	29
0	436
0	31
0	106
772	722
48	2811
14	2937
1	94
10	4
18	2936
3	27
0	27
28	16
3	6
1	10
2	564
1	167
7	12
6	134
0	228
182	12261
139	12276
2	2939
71	175
164	1109
5	28
10	206
11	917
3	104
0	0
0	20
9	0
0	36
332	404
24	305
0	64
10	73
3052	2
1	327
23	45
7	6
239	612
0	584
30	37
3	280
108	854
0	853
7	623
311	1051
2	70
0	858
0	845
1	75
1	610
1	64
0	877
0	669
4	370
0	487
1676	544
1	525
7	19
3773	9175
11	9174
20	70
6	2803
0	0
296	54
0	5
0	10
1	37
0	0
0	0
27	201
1	112
7	7
0	104
0	19
0	32
0	0
885	31
1	29
1	1
22	2341
15	2286
13	306
1	284
12	269
6	315
2	182
1	139
0	12
2	564
1	564
0	196
13	172
11	110
0	0
0	2252
0	0
16	289
239	322
4	1
8	0
0	137
0	3
176	0
0	0
0	0
0	0
0	0
0	0
0	3
0	3
0	3
57	5027
14	4737
82	4823
0	596
323	0
0	0
0	0
71	513
1	1
0	1
188	206
1	0
0	22
2	138
2	137
0	110
1	49
3	32
1	41
2	80
6	0
50	88
0	30
1	54
0	41
0	5
0	49
0	2
0	3
28	211
14	211
0	0
13	198
21	198
9	14
2	27
0	3
2	3
0	0
14	654
1	45
3	607
23	601
0	55
9	5
5	54
0	0
6	968
0	22
0	24
1	30
0	0
0	0
6	3
0	611
0	490
0	20
0	32
24	2
0	33
5	414
0	37
0	968
0	0
0	0
0	0
713	685
0	1
0	0
59	615
15	410
42	402
150	235
1	235
0	36
5	67
0	43
1	0
1210	134
16	132
935	1104
6	1082
0	229
42	0
6	0
0	0
1297	3397
0	3396
0	10
0	120
18	121
0	121
11	301
32	352
5	134
0	16
123	49
0	31
3	49
1	4
0	0
2	4
882	11
9	0
4	11
0	85
30	85
2	0
0	15
8	34
0	8
13	0
1	0
0	87
2	49
4	0
0	87
0	145
1	182
9	142
0	0
27	10
0	3
13	17
536	16237
47	1610
499	15945
7	0
0	0
0	0
0	0
0	0
0	0
0	0
546	0
115	2590
0	79
0	148
0	174
0	1312
0	0
3	217
0	626
4	163
0	572
16	534
0	0
0	0
11	1318
0	1356
1	67
0	0
7	167
1	167
0	10
155	0
439	2014
1	447
66	1934
0	183
3	183
3	183
19	817
4	1
0	0
0	0
857	223
0	49
3	246
1	18
8	0
25	0
0	60
0	246
24	377
8	1
3	347
0	0
4	365
0	347
0	11
7	0
0	44
0	290
0	115
12	106
5	106
0	0
0	0
0	0
0	0
0	0
0	0
0	0
32	1873
10	1864
0	11
0	37
0	29
0	97
115	3215
129	1443
37	738
52	605
4	1070
1	1052
712	85
2	35
10	69
0	0
0	0
108	1202
1	79
3	1102
1	48
1	7
1	28
3	3
18	285
11	3
6	144
77	581
26	581
0	0
13	49
0	0
0	0
0	0
28	16
6	451
493	13832
22	13444
0	552
0	122
1	19
37	9
327	2208
362	4259
56	296
604	127
363	1112
38	1081
0	912
4	82
3	18
3	166
0	52
1	0
0	0
0	269
1	258
1	103
0	74
0	62
2	27
0	37
0	0
148	738
0	717
0	126
2	21
0	9
0	0
52	305
57	255
3	319
16	0
0	404
0	447
0	556
0	396
0	182
5	28
0	0
25	190
10	22
0	157
1	129
11	2
1	118
0	0
0	0
27	38
130	136
0	119
136	22
15	0
0	0
0	0
3961	330
1	323
2	71
2	35
9	38
30	38
0	0
0	24
10	26
0	6
38	1212
29	261
4	1202
20	138
1	44
91	563
6	562
5	156
0	563
5	1201
1	1020
19	1100
0	1117
0	1126
13	1050
19	958
8	945
0	81
0	627
0	48
0	396
42	187
0	113
0	117
2	98
19	64
0	0
1633	2777
8	366
74	2569
2	0
1	392
2	546
1	61
5	0
21	533
6	534
3	337
144	304
2	103
0	1
0	3
0	0
9	44
10	34
11	87
16	3
10	47
0	40
24	150
0	52
0	48
0	42
0	42
0	42
0	26
1	13
0	9
0	5
0	1
0	138
22	1080
38	1317
0	125
0	493
0	282
0	191
1	195
0	56
3	217
0	0
0	1109
1212	2
0	0
0	0
0	0
1	3
0	3
0	0
0	1
0	0
0	0
0	0
0	0
0	0
129	261
0	262
0	134
0	2
1	0
0	5
0	0
0	0
381	8222
0	1484
0	3
3	237
52	8222
0	833
431	1402
1	2
412	1011
0	1008
2	907
0	96
0	0
0	0
62	970
139	986
0	312
337	443
1	444
0	1
0	15
0	261
1	264
0	259
0	239
5	37
288	685
0	701
0	0
0	30
0	22
0	1
0	1
0	97
1	147
4	87
0	20
0	0
0	0
653	39
5	39
33	23
0	15
0	8
5	2
537	53
0	53
0	2
0	0
0	0
0	8
0	8
851	7675
52	6662
10	988
35	1061
427	1
165	1142
18	1142
0	5
5	162
1	75
6	8
0	0
0	0
0	0
0	0
0	0
0	0
128	13
0	13
0	0
0	0
38	2257
5	2413
6	268
5	192
22	353
23	153
18	256
57	1348
2	1252
0	0
0	217
0	655
0	0
0	0
0	0
0	0
0	0
0	0
0	0
0	0
0	0
0	0
2	173
380	1120
8	11
16	424
4	258
3	20
3	8
131	10
0	1116
80	227
3	97
0	66
11	43
6	28
0	0
85	0
0	0
0	2870
126	2769
14	2088
45	14
1	38
6	92
10	373
0	167
0	270
0	108
16	3
6	3
0	0
0	0
0	0
646	1837
0	849
1	1018
12	255
9	277
0	55
0	273
10	37
0	23
30	27
7	6
2	0
1	14
0	0
0	14
13922	2308
60	321
0	1885
0	1970
3	181
14	170
1	3
0	24
14	211
0	1358
48	1463
0	58
19	1394
6	1
6	5025
959	5026
50	6430
0	5666
58	33
135	792
0	372
0	72
11	46
16	10
9	3
2	2
18	0
0	6474
0	81
0	219
2	233
0	120
209	279
0	0
0	0
886	1360
5	168
18	420
0	1317
0	228
140	513
0	0
53	756
2	8
9	351
0	23
0	0
86	4761
7	1838
409	4352
296	672
425	2108
6	578
9	4
20	820
1	302
0	121
0	53
217	141
1	84
92	0
1	0
4	0
0	0
0	0
0	0
0	0
0	0
7	18
11	334
0	52
3145	668
0	2
0	0
1	47
0	68
0	26
0	96
1	0
1	0
1	47
0	5
0	122
7	0
2294	406
9	318
7	139
2	95
1	1
1	610
1	616
2	430
5	356
2	30
0	12
0	0
10	78
0	76
0	78
278	1
28	1
6	1608
0	729
76	286
170	269
0	81
0	181
15	159
2	52
14	1
0	1642
0	0
0	0
0	0
170	0
6	0
2	0
0	0
1829	1
13	0
2141	511
0	553
112	242
1	149
5	149
9	0
0	0
0	0
125	649
4	254
1	100
0	413
0	48
0	0
0	30
0	299
0	16
1	6
0	22
0	62
0	62
0	587
0	0
0	0
0	0
2	201
0	201
34	131
3	818
0	44
0	15
0	777
0	569
1	120
0	0
14	506
0	489
1	493
14	497
12	448
2	482
0	483
1	23
0	10
0	231
1	195
0	21
0	35
0	42
64	969
3	30
0	12
15	0
0	0
0	0
888	1
0	0
65	463
2	66
13	463
7103	546
4	126
128	5854
0	5964
5	148
7	926
15	22
1	1876
0	5630
749	317
2	316
2	0
79	51
3	48
0	4
0	3
0	15
22	83
0	15
0	45
0	10
0	25
0	14
0	32
0	2
0	1
0	19
0	13
0	12
0	0
22	2871
0	2547
137	1500
118	18
8	18
212	1070
11	466
0	1070
25	203
0	203
1	40
0	38
0	1
0	0
0	0
0	0
0	0
0	0
33	151
0	118
0	142
2	3
155	2496
30	1844
4	786
11	90
4	162
1	26
2	6115
165	6125
106	5863
2	3910
19	722
32	323
5	533
5	325
0	110
2	261
0	177
47	3456
4	299
1	482
13	50
0	81
5	81
0	49
0	12
0	0
0	0
5	33
6	33
1146	809
0	216
1	270
0	129
0	444
0	72
2	177
0	164
17	0
23	481
0	314
0	303
1	302
1	183
0	266
0	232
0	0
3263	28
13	0
8	25
0	1
40	398
400	398
0	160
0	0
0	0
0	0
286	916
54	916
2	0
0	0
0	1
0	1
0	0
39	35
1	24
2	22
0	0
1169	248
0	39
0	70
0	149
250	116
13	116
6	22
381	23
0	1
1	30
2	0
1	13
72	1564
2	1620
34	2181
6	1973
0	32
207	699
0	94
0	25
10	5
0	37
0	38
0	6
0	38
0	78
99	757
81	1073
0	161
12	683
0	316
1	421
21	403
70	25
0	25
0	4
0	0
2	415
62	664
33	423
4	423
99	23
36	166
2	163
0	2
31	99
1	82
60	255
0	25
0	95
0	44
0	0
0	31
0	32
0	32
0	143
15	48
300	1394
2	82
0	0
0	1297
2	445
1	1002
0	1004
1	0
12	2
0	1
0	1
0	0
0	0
0	0
0	0
0	1
86	0
0	0
32	87
0	87
0	2
0	2
795	0
13	0
215	522
7	149
1	453
0	5
0	2
26	3045
20	2654
5	147
0	29
0	868
6	1516
7	1317
19	1389
11	1188
5	83
3	38
6	110
0	176
6	5
0	10
6	107
1	53
3	0
1249	4138
39	9
2	19
0	1916
11	954
6	0
0	0
488	47
2	47
0	0
713	522
5	53
10	469
11	406
8	118
191	2077
0	2128
0	0
0	0
0	0
5	161
6	513
0	513
0	3
68	2008
0	247
0	1727
46	408
14	141
18	8
12	38
45	150
0	3
0	33
6	131
0	0
0	0
0	0
174	316
0	19
9	293
0	45
0	9
0	6
0	2
0	0
0	0
2665	515
0	0
181	168
5	251
0	194
177	552
2	152
0	324
0	84
8	155
9	148
3	159
0	0
0	2
0	2
0	2
0	2
592	3186
5	12
9	480
177	3767
31	2453
334	3554
129	1321
0	0
22	345
0	19
8	19
1	51
13	26
4	0
4	3
7	3
0	3
0	0
0	0
222	707
2	0
1	707
0	43
0	536
1	0
1	87
0	156
0	34
0	0
1	5
0	72
1	72
300	281
5	200
0	144
1	91
15	59
791	1760
106	1052
3	744
0	0
8	9
0	9
0	0
16	59
1780	983
95	334
0	961
38	16
2	174
20	199
8	177
48	213
6	954
2	915
20	748
4	246
0	391
20	97
9	37
0	0
0	3922
48	15591
0	15944
2	4483
1	244
850	146
0	0
8	123
15	446
4	107
117	682
0	271
38	75
63	52
19	2942
1247	3168
0	429
0	131
15	31
0	16
19	1907
414	360
1	1
27	337
0	333
0	358
36	331
155	698
19	457
1	638
18	423
576	479
0	272
0	5
0	207
0	114
0	25
745	357
83	286
5	62
0	0
0	1
3	4
0	11
3	30
47	903
1	6
4	5
0	9
2	0
9	59
2	16
5	92
3	6
0	11
5	18
15	999
5	52
4	24
0	9
3	19
197	510
1	212
5	274
30	242
5	277
1	61
0	8
24	9
6086	3
1	28
20	39
0	33
0	40
1400	0
6	600
18	602
0	599
0	553
2	53
0	9
10	67
220	0
0	0
35	383
3	189
34	759
0	30
0	30
0	297
1801	1798
1	1048
1	355
1	200
1	0
10	0
0	0
0	0
2	0
0	0
0	0
0	0
0	0
0	234
0	2434
11	2256
0	1414
1	151
244	254
9	121
0	58
1	136
0	50
0	321
6	131
7	111
0	2096
0	2268
0	2187
0	1991
1	25
1	55
0	84
5	6
1	31
32	127
21	347
5	53
2	2
0	2
0	321
516	9690
8954	20675
7	4499
25	1303
18	5872
0	0
0	101
1	90
0	98
0	0
314	5
0	5
0	0
1	0
9	638
3	38
1	171
28	633
62	641
0	533
0	0
0	0
0	0
179	642
2	581
0	0
0	0
508	1
0	0
37	2948
6	944
4	975
6	44
34	273
37	1112
9	563
4	21
2	150
8	7
0	1
0	55
2	1
9	10
8	0
0	2938
2943	2785
1	463
0	1050
24	189
5	3
0	198
0	729
6	952
32	1
0	814
325	247
0	247
10	119
0	0
64	351
0	351
0	0
796	390
0	390
0	0
0	85
0	0
0	0
0	0
0	0
0	0
216	3577
188	3535
23	556
0	154
0	0
261	214
29	213
0	128
1	127
0	62
0	20
1826	1733
0	485
0	1248
0	1194
5	11
3	11
428	447
3	399
0	126
8	152
0	30
0	0
0	0
21	404
991	404
11	0
0	0
0	0
0	0
0	333
1800	551
15	1
6	106
15	110
7	25
22	110
0	14
3	19
0	117
2	75
0	0
0	0
5	22
0	123
0	142
0	149
0	140
0	128
45	151
42	137
223	84
0	96
39	96
0	3
0	599
16	576
70	390
3	380
1	160
0	0
1	164
0	297
0	1
6	44
19	14
35	1378
0	3
36	100
4	592
0	1367
25	751
0	1309
0	85
35	332
143	1025
1	12
1	1
42	495
6	310
0	10
6	57
0	0
234	37
8	21
0	8
0	8
0	0
0	0
2123	584
7	575
2	3
30	608
31	5441
7	5755
1	2819
80	3451
0	4568
0	4586
0	16
19	550
0	0
1	177
0	71
7	38
0	0
1	1
6	1288
2	175
4	3294
0	2905
0	1954
1	291
3	165
5	41
0	561
16	5
0	5
0	0
0	0
0	0
0	0
0	0
0	0
0	0
0	0
16	2129
3014	2326
2	0
3	1913
164	2101
1	3
21	104
0	1882
0	16
0	140
63	1287
99	1287
9	31
1283	174
0	174
4	3971
0	4484
47	4158
22	341
18	323
7	10
1	47
804	0
225	1
0	1
0	0
352	531
0	477
0	4
0	54
3	45
30	61
3	61
3	776
0	617
8	320
0	838
0	0
216	6448
42	2852
1	575
1	53
50	385
4	5954
0	345
19	2094
23	1622
5	18
324	340
0	339
3	113
296	2
5	2
19	0
5	275
85	58
0	53
11	233
6	0
10	344
43	2691
17	1913
34	1951
3	2066
6	1996
1	1960
0	1413
0	90
0	16
0	3
4	90
0	89
1	97
15	104
0	19
2	11
1	118
0	109
0	2
0	38
0	20
0	2
0	88
0	88
113	242
15	241
2	143
43	143
0	9248
0	2009
0	1352
51	1356
16	1240
4	8117
0	394
88	1723
1640	1619
0	0
0	1027
0	10
0	14
0	4
0	4
0	0
0	14
6	1032
4	119
0	942
7	739
7	662
0	932
0	68
0	804
0	0
0	0
0	0
0	0
0	0
0	0
0	0
0	0
603	542
4	542
340	78
0	76
1	0
116	137
0	137
243	584
15	181
16	56
1	45
0	165
0	19
0	27
8	19
0	197
0	0
0	0
0	0
1	304
6	465
0	33
18	230
1	1
0	9
0	8
2	11
1	1
0	456
0	300
17	1763
0	1920
0	48
0	1412
0	125
7	90
3	401
3	93
0	143
15	1
42	301
2	77
1	0
3	44
146	263
0	10
0	263
0	994
1	893
2	130
12	74
9	93
14	47
7	7
0	994
936	883
74	882
4	2
0	4
26	0
0	0
2	161
1	191
8	140
2	155
119	50
0	67
0	58
0	15
0	62
10	58
7	21
2	31
19	382
78	366
0	56
4	1
0	13
0	38
0	1
577	2400
92	2502
12	992
2	791
4	1
0	98
0	816
883	442
0	98
17	247
19	0
0	47
0	139
3	681
223	656
0	50
71	109
0	619
0	38
0	152
0	0
0	31
10	31
92	0
242	798
25	800
0	5
1	3
2	2
250	58
12	51
0	5
314	14
0	3
0	11
0	0
874	2326
500	2326
11	2074
421	607
30	451
0	102
4	2
0	154
10	191
1	425
7	408
0	133
0	153
6	520
0	5
315	46
2	0
0	46
0	0
0	0
0	0
0	0
0	0
0	0
144	609
639	567
14	235
0	146
15	805
0	189
5	400
7	799
0	339
0	143
200	295
6	295
2	63
3252	3
0	0
0	0
287	212
6	121
0	15
3	16
9	54
3	37
0	0
190	1
513	8833
0	3375
64	39
2	631
5	1642
106	1005
4	20
6	1001
3	7632
0	2002
38	16
0	3603
191	3388
2	74
5	232
11	351
8	212
1	144
1	22
361	3604
0	0
0	0
0	0
55	12
1	12
0	11
0	795
0	13
28	95
3	107
5	793
19	849
51	862
3	75
0	47
16	12
0	722
11	32
0	114
0	97
0	44
0	212
8	50
0	70
75	309
0	84
0	176
0	792
774	747
28	2
7	747
4	38
24	130
37	0
0	0
0	0
0	0
0	0
0	0
0	0
0	0
104	1884
2	1498
19	1897
15	174
1	33
1543	360
0	328
0	9
1	65
0	30
159	0
0	0
0	0
0	0
45	279
0	279
0	0
17	0
0	0
0	0
0	0
55	68
11	0
0	0
0	0
194	16
0	16
0	0
30	68
0	0
0	0
964	68
3	0
0	68
0	0
0	0
0	0
0	0
9	0
0	0
1485	319
0	0
5	319
0	151
0	1
10	72
12	5
18	143
55	143
0	27
1	1379
0	1386
1	2386
1	2
17	72
44	435
2	14
0	2372
353	2102
0	2103
0	455
0	453
15	210
6	317
4	144
12	74
3	83
466	17
0	17
30	0
707	686
0	220
25	551
110	294
15	208
44	191
10	85
0	277
5	469
753	606
2	426
0	246
0	106
0	17
0	14
0	3
3	8
0	0
0	0
0	0
282	3787
14	3625
1	219
1	308
0	199
97	43
0	43
0	37
0	24
3	33
0	14
0	8
0	0
0	0
0	0
0	0
1	107
1987	170
40	27
0	35
0	0
0	0
0	58
11	58
1	58
0	1
1	174
0	87
55	190
0	0
6	131
2	15
3	0
49	812
0	203
136	805
0	0
0	0
2772	7
1	324
3	304
10	293
0	2
0	7
2	3
0	2
0	2
0	2
0	2
112	0
0	0
0	0
0	0
0	0
0	261
390	352
9	94
0	133
0	11
10	67
5	59
1	26
3	0
0	91
15	0
0	0
0	2126
2	2081
32	1807
5	1632
0	1375
22	114
0	261
0	23
2	1
1	31
0	124
25	7
0	2083
197	65
5	65
7	0
8	2471
65	2471
0	0
0	0
0	0
0	0
0	0
0	0
0	0
0	0
0	0
0	0
3	127
11	216
0	93
2	96
0	193
0	216
0	190
27	191
0	29
6	2
6	5
0	3
4461	11
3	3
5	34
4	0
24	34
0	1
0	2
0	33
0	0
0	0
0	0
0	0
0	0
0	0
0	0
53	1
58	426
1	430
4	430
0	79
0	3160
2	2592
109	1563
33	1695
0	2863
0	847
0	0
78	1254
1	1149
43	683
21	3
35	28
0	758
0	178
0	220
9	27
4	27
2403	728
43	604
10	621
0	166
0	392
6	539
0	544
0	0
0	0
0	0
605	1
387	3
0	3
1	0
13	0
2	0
13	0
43	731
16	731
3	20
601	20
1	0
0	121
312	499
2	378
2	43
0	0
0	0
0	0
0	0
0	0
0	0
42	6
3	5
0	0
0	1
1009	1
14	1387
27	1387
51	441
6	0
2	69
0	15
0	69
6	128
141	128
11	6
0	6
16	16
0	16
0	0
0	1097
0	1509
0	219
0	148
0	2074
1	1792
28	3
69	23
0	491
416	491
0	3
0	3
2020	2857
15	14
5	937
11	2122
0	0
18	71
2	61
0	37
1	17
33	217
102	261
0	311
410	308
2	19
0	33
0	46
1	15
0	0
0	0
0	0
149	848
350	508
1	441
1	67
0	0
0	0
39	0
537	1
446	523
0	380
0	0
1	146
0	91
5227	5
0	0
0	0
74	12
10	5
0	6
2	478
64	521
11	478
0	521
0	100
41	85
0	5
0	7
0	3
0	1
0	3
0	0
0	1
0	1
6	0
7	88
13	2
17	3
3	3
112	25
24	2
0	11
1	9
0	88
0	0
6	12
0	0
0	12
1	4
18	13
30	75
0	12
0	21
3	64
0	56
0	62
0	40
1	4
0	1
1	39
0	0
42	11
1	7
0	0
0	0
0	0
0	11
0	11
7	11
8	2
0	19
0	0
0	0
7	17
0	2
0	1
0	17
3	14
9	114
3	120
0	121
0	80
0	13
5	10
1	1
0	17
0	535
10	31
0	416
11	4
8	13
17	0
2	88
3	170
0	22
1	80
0	38
0	535
375	801
4	0
0	124
0	45
16	653
68	138
1	17
0	78
0	19
20	41
307	61
0	9
0	9
0	2
11	37
30	39
7	8
0	252
0	675
20	217
2	466
0	648
0	109
0	117
0	109
0	71
0	15
39	4
0	11
0	21
1	0
5	22
0	2
0	20
0	3
0	5
2	3
20	0
138	478
1410	8294
8	7816
6	32
0	0
85	6676
11	459
8	0
0	3368
53	3508
39	0
357	1012
9	726
31	409
5	590
0	570
0	464
0	110
2	471
3	495
8	524
2	0
0	569
0	0
0	0
0	0
0	50
13	50
4	0
0	0
0	46
0	81
11	81
0	24
0	27
1	23
5	25
4	28
0	29
0	3
0	0
0	1
0	2
0	2
0	190
3	0
0	125
0	196
0	214
3	29
1	18
2	26
0	1
0	2
0	0
2	0
0	2
0	0
1	2
389	387
2	61
0	30
5	326
0	0
17	0
0	0
110	394
7	101
19	62
11	128
9	24
2	17
0	16
0	157
551	958
49	276
0	74
39	56
0	0
0	0
1	787
0	502
6	1158
0	9
0	54
4	50
1	95
0	1162
0	2
0	2
2	1
1	0
39	0
0	0
0	0
306	591
0	34
1	557
4	25
0	250
0	167
2	250
0	0
1	0
0	0
0	2089
12	913
0	1779
199	2013
35	1257
505	2274
186	767
18	687
73	1038
0	24
0	33
0	35
43	17
15	14
576	127
0	118
1	42
1	43
4	3
0	3
7	1074
120	3675
8	3238
13	551
26	207
1	0
1190	23
2	22
0	2842
1	952
0	299
4	332
0	2842
719	739
0	542
9	139
35	451
0	289
8	2
0	178
0	213
0	33
1	91
3	21
0	0
0	0
0	0
0	0
142	8
0	8
0	3
0	20
0	0
695	193
15	68
1	41
3	103
12	21
6	30
0	23
0	24
0	20
0	22
0	26
0	0
0	0
0	3
113	0
4	0
169	132
59	132
2	0
0	10
0	0
0	0
0	0
0	0
0	0
0	0
0	0
2	22
1	22
177	1232
7	1048
0	134
4	233
0	4
17	1
0	1
0	1
386	373
1	372
1	348
0	38
0	139
0	16
0	20
0	4
0	8
0	17
3	0
492	32
3	23
1	9
0	0
0	4
0	2
0	2
0	0
0	1323
0	1305
4	1323
136	1305
1	56
1	4
1	3
28	6
0	6
2	0
0	0
0	0
0	0
0	2
1	2
0	0
0	0
10	35
114	175
0	93
0	0
1	18
0	109
0	5
0	0
0	83
227	153
0	44
0	11
0	45
0	0
0	0
0	0
227	1344
235	672
3	235
177	299
2	74
0	67
0	101
0	49
452	50
0	0
6	399
19	93
0	364
2	79
63	337
0	352
2	73
15	109
62	364
203	73
0	73
1	12
0	19
0	12
0	18
0	11
1	0
0	0
0	1
0	1
0	1
0	1
3	1085
59	1106
0	68
0	81
0	20
0	134
926	453
2	195
0	18
3	81
0	260
0	224
0	322
0	260
1	0
0	0
31	291
33	289
0	291
0	4
17	4684
0	2
0	37
0	4662
0	0
5	4705
0	2967
6	2729
3	58
27	2992
0	4634
0	3048
0	4625
0	0
502	20238
23	18811
128	19257
0	20322
0	19498
54	19417
0	19523
179	9077
4	15113
20	1302
34	3029
54	16155
4	2899
2	1049
0	5554
8	1491
6	1285
0	0
245	581
10	344
0	193
6	64
10	6
3	109
12	158
10	62
0	0
0	0
0	0
21	48
0	42
0	10
1	11
0	0
0	2
0	1
0	0
0	6
0	0
1	0
0	6
0	1
3991	4342
3	476
91	0
2	1641
3	42
0	715
0	91
13	824
0	0
0	0
0	0
0	0
8	73
2	66
0	1
0	6
1842	1290
1	939
5	1137
0	331
581	355
4	302
17	7
0	22
0	70
40	72
5	46
0	0
0	0
0	0
0	0
7	847
56	868
19	873
0	881
155	761
200	86
0	98
1	240
0	253
36	132
7	41
29	62
0	2
0	0
0	0
0	0
77	533
13	533
1	843
10	70
585	2607
17	1156
7	173
109	1531
0	40
11	94
165	828
0	105
17	129
6	1351
3444	1878
4	1500
0	2
4	853
1	1195
3	1062
0	1141
17	1270
0	892
2	891
0	14
8	184
12	1142
9	763
26	970
24	280
41	178
15	62
328	545
29	539
0	492
0	15
47	3
0	0
15	511
258	511
275	180
1	178
0	172
0	18
0	2
0	0
0	0
0	0
15	81
202	208
17	208
2	1
27	130
0	6
0	5
0	6
0	4
0	6
0	0
0	0
0	0
0	0
0	0
18	3914
1	584
564	4439
70	261
20	30
41	250
11	169
1	318
1	0
1374	50
23	46
0	2
2	6
0	25
0	19
1	3
0	9
0	10
0	0
0	2
0	2
1	11
0	8
0	5
0	3
931	403
3	24
0	91
0	8
27	90
2	76
2	6
0	17
0	3
0	0
4	879
11	311
11	276
0	1968
16	1001
226	16
0	1968
0	0
0	0
0	0
8	1366
55	1366
1	118
0	0
0	1344
0	0
531	382
6	380
0	2
0	30
1	69
9	5311
0	3849
2	2281
0	1879
1	1094
0	1340
2	900
70	1482
0	1506
0	1281
57	1025
0	354
0	531
33	365
0	7
19	259
9	200
5	83
7	74
6	51
2	58
0	68
0	0
1	0
0	0
0	6051
0	5810
0	5246
11	70
0	0
2	5
0	70
1256	511
0	33
0	48
0	358
1	496
288	17
9	19
4	7
1	1
28	1508
92	1562
134	1492
2	92
25	13
2855	700
2	18
6	467
3	72
2	73
0	2
0	12
9	226
10	7
24	0
34	22
7	167
0	153
0	147
0	168
1	97
993	68
0	32
2	35
12	74
0	0
32	74
0	0
45	0
2	0
0	0
7	582
0	0
1	28
45	322
2	511
4	453
0	527
1	26
16	367
1	142
0	17
0	52
0	144
0	5
0	47
23	2
0	9
0	0
0	13
0	14
26	89
3	89
0	1
0	9
2	1
0	12
0	0
0	0
0	0
1	92
0	320
0	316
874	333
201	213
1	1
4	13
1	0
0	0
0	0
0	0
0	0
0	0
0	47
0	47
1	32
0	6
0	3
0	0
0	0
4585	531
3	529
61	8034
29	15341
42	20347
25	16793
7	10987
0	2104
4	2828
0	222
0	113
13	575
0	2515
0	67
361	2117
6	67
1	1163
32	14
0	1539
0	2941
5	42
0	1422
10	0
0	1843
43	0
20	784
13	51
155	21
2	323
2	2610
31	0
0	0
0	2
0	2
0	0
0	0
0	0
0	0
73	613
0	1
4	535
2	6
0	0
0	22
0	0
0	13
2	233
0	1
0	20
7	18
0	18
407	1633
0	1628
3	6
12	49
193	97
0	18
8	48
7	1
0	1
0	0
0	2
0	2
0	2
0	0
0	0
0	0
0	0
2	100
4	2128
0	2284
0	5
0	202
4	2088
1	196
0	114
1	1960
0	0
10	49
1	2285
674	666
48	661
0	93
8	300
5	36
543	413
20	360
0	53
0	111
0	1
0	21
0	20
0	4
0	0
0	0
0	0
2021	0
30	1692
56	1367
7	1535
109	378
3	1481
74	62
9	0
38	290
5	297
0	180
0	17
5	456
21	456
0	68
7	1
117	44
1	17
0	63
8	0
0	396
39	106
0	474
100	574
1	373
0	383
0	134
1	35
0	63
0	2
0	75
3	7
294	0
8	1241
0	1314
17	159
0	279
25	1041
0	3
0	61
8	15
16	97
0	0
10	51
1	27
0	2
8	59
1	19
0	1277
5	92
1	54
3	241
34	665
0	39
0	61
1	455
10	10
6	10
0	0
0	0
0	0
0	0
175	489
0	493
1	0
7	329
0	210
5	125
29	433
1	14
48	671
2	671
77	328
1	103
5722	16474
385	16494
3	26
0	2421
0	109
0	0
0	0
2	2646
0	2086
36	3269
41	12061
131	13116
0	13164
6	13162
0	13258
0	13864
65	679
272	365
7	2461
44	2475
8	731
3	288
2	8
0	14057
1	12596
0	13666
6740	133
7	73
0	58
0	17
0	181
1	20
0	1
39	199
0	68
0	15
0	0
0	19
0	0
0	160
0	0
3	57
20	50
1	32
1	0
0	4
0	86
0	1
0	1
0	15
0	15
1	15
0	13
1	12
0	10
0	10
0	0
0	10
0	10
0	11
0	10
0	8
0	7
3	0
1295	4478
0	934
5	3
1	0
0	4475
8	284
120	513
1	157
461	505
1	2
0	0
0	0
0	0
3	949
0	935
0	128
2	8
0	935
0	0
0	0
0	0
0	0
0	0
0	0
0	57
3	26
0	69
0	5
0	76
1179	0
0	0
0	6
0	6
0	4
0	0
0	0
669	1109
2	131
39	1029
0	19
1	129
0	353
0	156
8	2
0	0
22	528
75	399
4	46
0	80
6	163
0	0
0	0
891	466
6	311
0	365
0	0
0	0
0	75
0	0
0	9
1	137
3	113
0	116
0	13
6	103
6	0
1	0
32	21
0	1
3	16
0	14
0	41
1	27
4	25
37	2628
0	0
0	0
0	24
0	40
1321	2686
56	2671
3	9
3	72
0	6
2	3
11	202
0	0
0	1
0	1
0	1
29	0
7	0
24	1
1	235
0	54
0	224
37	510
6	702
2	653
7	647
0	145
0	12
0	26
0	1
0	0
3	0
0	0
0	0
0	0
0	0
148	1279
210	1107
0	626
23	180
7	2
0	1279
3671	3
121	10
0	10
17	4375
7	2
11	0
68	994
3	17
69	193
6	560
1	0
0	24
0	2
23	510
1	39
0	9
0	4373
48	684
7	3
0	258
1	495
33	622
7	1
6	219
2	10
248	199
1	199
0	56
1	53
852	307
0	176
0	121
0	8
0	0
0	0
0	0
0	0
140	182
6	176
4	91
0	6
16	0
235	232
0	17
0	214
0	0
0	244
24	337
0	117
0	32
0	2
0	2
5	51
0	0
0	0
0	39
0	7
68	46
0	403
0	691
0	0
0	0
0	0
0	0
0	4
0	4
0	271
0	0
0	43
0	1
0	30
0	148
0	4
0	2
0	0
0	5
0	2
0	0
0	15
0	38
0	358
0	29
0	30
0	0
0	0
330	0
24	244
0	2389
0	0
642	0
0	63
0	0
0	0
0	120
0	849
0	823
139	0
0	0
5	4142
0	3512
0	303
0	0
0	0
0	1
0	1
0	0
0	0
0	0
0	150
0	0
0	0
0	0
0	41
0	450
0	279
2	0
4	159
0	0
0	0
0	412
0	0
0	2
0	8
0	9
0	22
0	16
0	0
0	6186
0	0
0	14
0	15
0	10
0	181
0	266
0	0
0	6
0	10
0	41
0	43
0	134
0	49
0	22
0	173
0	0
0	0
0	183
0	911
0	0
0	0
0	1496
0	2
0	0
0	124
0	41
0	141
0	26
1	104
0	3613
0	12
1	37
0	3593
0	20
0	20
0	23
0	25
0	26
0	219
0	75
0	1
0	0
0	0
0	0
0	0
0	0
0	0
0	0
0	0
0	0
0	0
0	0
1	0
0	0
0	0
0	0
0	0
0	0
0	0
0	0
0	0
0	0
0	0
0	0
0	0
0	0
0	0
0	0
0	0
0	0
0	0
0	0
0	0
0	0
0	0
0	0
0	0
40	16
0	0
0	0
0	0
0	0
0	0
0	0
0	0
0	0
555	1
0	0
1	0
0	0
2	1
1	6
27	12
0	0
25	0
0	0
5	0
1	0
8	1
0	0
0	2
0	0
0	0
0	0
0	0
0	0
0	0
0	0
0	0
0	0
0	0
0	0
0	0
0	0
0	0
0	0
0	0
0	0
0	0
0	0
0	0
0	0
0	0
0	0
0	0
2	1
0	0
0	0
0	0
0	0
4	3
215	18
0	0
0	0
0	0
0	0
0	0
0	0
1	0
21	0
0	0
0	0
0	0
0	0
0	0
0	0
0	0
0	0
0	0
0	0
0	0
0	0
0	0
0	0
0	0
0	0
0	0
0	0
0	0
0	0
0	0
0	0
0	0
0	0
0	0
0	0
0	0
0	0
0	0
0	0
0	0
0	0
0	0
0	0
0	0
0	0
0	0
0	0
11	0
0	0
0	0
0	0
0	0
0	0
0	0
0	0
0	0
0	0
0	0
0	0
0	0
0	0
0	0
0	0
0	0
0	0
0	0
0	0
0	0
0	0
0	0
0	0
0	0
2	0
0	0
0	0
0	0
0	0
0	0
0	0
0	0
0	0
0	0
0	0
0	0
0	0
0	0
0	0
0	0
0	0
0	0
0	0
0	0
0	0
0	0
0	0
0	0
0	0
0	0
0	0
0	0
0	9
0	8
0	6
0	0
0	0
22	6
3	0
68	1
0	6
11	10
0	9
0	0
0	0
0	0
0	0
1	0
0	0
2	0
0	0
0	0
0	0
0	0
0	0
0	0
0	0
0	0
0	0
0	0
262	6
2	6
2	13
1	5
12	25
16	25
0	0
0	0
0	0
0	0
0	0
0	0
0	0
0	0
17	49
42	10
0	43
0	1
0	1
8	0
0	0
44	0
1	0
0	4
0	4
5	3
0	3
0	2
1	3
0	0
6	329
4	159
200	185
0	15
4	3
55	40
0	0
12	0
0	40
5	1
4	0
1	11
0	10
3	0
13	1
0	0
0	0
0	3
0	3
0	1
0	1
0	1
0	55
125	81
7	81
1	0
23	0
89	14
0	14
0	0
0	0
0	0
0	0
0	0
1	32
1	0
2	0
0	0
0	1
0	0
1	0
0	0
0	0
0	0
0	0
0	0
24	0
0	0
0	0
0	57
0	0
0	0
0	4
0	0
0	0
0	0
7	0
0	1
0	0
2	0
2	0
0	2
0	0
0	0
8	0
20	704
45	0
1	12
2	0
0	0
20	27
0	0
0	0
0	3
0	0
3	53
1	49
0	0
62	28
1	0
0	12
2	0
0	119
0	4
0	0
0	0
18	0
0	9
0	0
19	2
2	6
0	0
2	0
0	0
0	35
1	6
0	0
0	0
2	0
0	0
0	0
0	0
0	0
0	0
0	0
0	0
0	0
0	0
1	0
0	0
0	0
6	1
3	0
0	0
0	0
0	10
0	0
0	0
0	0
0	0
0	0
0	0
0	0
0	0
0	1
0	0
0	0
0	0
0	0
1	0
0	1
2	0
0	0
0	0
0	0
0	0
0	1
36	36
0	0
0	0
0	0
3	1
0	0
0	2
0	0
0	0
0	0
0	0
2	0
0	0
0	0
0	0
0	0
0	0
0	0
0	13
1	14
0	0
0	0
0	0
0	0
0	0
0	0
0	0
0	0
0	0
0	0
0	0
0	0
0	0
0	0
0	0
0	0
93	246
0	246
0	0
0	0
0	0
0	0
0	0
0	0
3	51
0	2
10	92
0	51
0	44
0	0
0	0
0	0
0	0
0	0
0	0
0	0
0	0
0	0
0	0
0	0
53	93
115	199
272	217
2	14
13	171
0	161
1	9
2	0
3	0
1	0
0	0
2	18
0	0
0	0
0	0
0	0
1	0
16	0
8	11
2	4
0	3
0	3
0	0
0	0
3	0
3	2
0	2
0	0
0	0
0	0
0	0
0	0
0	0
0	0
6	0
0	0
0	0
0	0
0	0
0	0
0	0
0	0
0	0
0	0
0	0
0	0
0	0
0	0
0	0
0	0
0	0
0	0
0	0
0	0
0	0
0	0
1	0
0	0
0	1
0	0
0	0
1	3
0	0
0	16
9	1
0	0
2	3
0	0
0	0
4	0
0	0
0	13
9	3
0	8
1	3
0	0
1	2
0	0
0	0
0	0
0	0
0	0
0	0
0	0
0	0
2	3
0	1
0	1
0	0
0	0
0	0
0	0
0	0
0	0
0	0
0	0
0	0
0	0
0	0
0	1
0	1
0	1
1	0
0	1
0	0
0	0
0	0
0	0
0	0
0	0
0	0
0	0
0	0
0	0
10	11
0	11
49	5
0	5
0	0
0	0
0	0
0	0
0	0
0	0
495	1199
16	1196
8	0
0	0
0	0
0	0
0	0
0	0
27	16
0	20
1	6
0	5
0	0
0	0
0	0
0	0
0	0
0	0
0	0
0	0
0	0
0	0
0	0
0	0
0	0
75	1
0	14
2	3
101	3
0	9
0	9
1475	1981
0	1695
3	305
2436	954
0	4
0	0
0	0
0	0
0	0
0	0
2	0
0	0
0	0
16	1
0	19
1	0
0	0
0	0
1	0
0	0
0	0
0	0
0	0
0	0
36	0
0	3
11	9
5	0
27	7
0	1
0	0
0	0
0	0
0	0
0	0
0	0
2	2
0	8
10	8
0	8
0	6
0	0
0	0
0	0
0	0
0	4
0	2
0	2
0	0
0	0
0	0
0	0
0	0
0	0
109	38
33	38
68	60
0	1
4	26
0	0
0	0
0	0
1	0
0	0
2	11
0	11
0	0
0	0
0	0
0	9
0	6
0	0
0	0
0	0
1	3
0	3
0	0
0	0
0	0
0	0
0	0
0	0
0	0
0	0
0	0
0	0
0	0
0	0
0	0
0	0
0	0
0	0
0	0
0	0
0	0
0	0
0	0
0	0
0	0
0	0
0	0
0	0
0	0
0	0
10	5
0	1
3	5
0	0
0	0
0	0
0	0
0	0
0	0
0	0
0	2
0	0
0	2
0	0
0	0
18	0
0	0
0	0
3	0
0	0
0	0
0	0
0	0
58	0
0	0
1	0
0	0
0	0
0	0
0	0
0	0
0	0
0	0
0	0
0	0
0	0
0	0
0	0
0	0
0	0
1	2
1	2
0	0
0	1
0	1
0	0
0	0
0	0
19	40
2	40
61	21
0	0
0	0
0	0
51	664
636	676
0	0
45	0
4	0
3	0
0	0
91	17
0	17
33	1
0	1
0	0
0	0
0	0
0	0
0	0
2	669
0	6
1	328
0	0
0	0
0	0
0	0
0	0
0	0
0	0
0	0
0	0
0	0
1	0
0	0
0	0
0	0
0	0
0	0
0	0
0	0
0	0
0	0
0	2
2	2
0	0
0	0
0	2
0	0
0	0
0	0
0	0
0	0
0	0
0	0
0	0
0	0
0	0
0	0
0	0
0	0
0	0
0	0
0	0
0	0
183	1
0	0
0	0
0	0
0	0
0	0
0	0
0	0
0	0
0	0
0	0
64	286
1	35
0	50
0	211
9	3
0	230
53	101
5	66
0	0
0	0
0	0
0	0
0	0
0	0
0	0
0	0
0	0
0	0
0	0
0	0
0	0
0	0
0	0
0	0
0	0
0	0
0	0
0	0
0	0
0	0
8	1
8	21
201	1075
3	10
49	79
0	12
1	85
0	0
0	0
0	0
0	0
0	1
0	0
0	0
0	0
0	0
0	0
0	0
0	0
2	350
91	351
682	220
0	219
0	0
0	0
0	0
0	0
0	0
0	0
0	0
0	0
0	0
0	0
0	0
0	0
0	0
10	23
44	23
1	4
0	0
0	0
0	0
0	0
0	0
1	0
0	1
0	1
0	0
0	0
0	0
0	0
0	0
0	0
0	0
0	0
0	0
0	0
0	0
0	0
0	0
0	0
0	0
0	0
0	0
0	0
0	0
0	0
0	0
0	0
0	0
0	0
0	0
0	0
3	8
0	0
1	1
0	0
1	0
0	0
0	0
0	13
3	4
0	1
0	0
0	1
0	1
0	1
0	1
0	0
0	0
0	0
0	0
2	0
0	0
0	0
0	0
0	0
0	0
0	0
0	0
0	0
370	86
0	86
0	0
0	0
0	0
0	0
0	0
0	0
0	0
0	0
0	0
1	7
4	9
0	0
0	0
0	0
0	0
1	155
0	106
29	23
29	22
19	72
5	43
0	0
0	0
0	0
0	0
0	0
0	0
0	0
5	0
0	0
0	0
3	5
0	5
3	0
0	0
0	0
0	0
0	0
0	0
29	141
2	82
8	79
0	9
3	129
0	5
0	1
6	37
1	22
1	7
0	6
0	5
0	1
0	2
2	2
2	3
0	2
0	2
0	2
0	1
0	1
0	1
0	0
0	0
0	0
12	2
0	0
0	2
8	5
1	5
29	9
24	62
17	13
21	48
26	90
0	90
0	0
0	0
0	4
0	3
0	0
0	0
0	1
0	1
0	0
0	0
0	0
0	0
0	0
0	0
0	0
0	0
0	0
0	0
2	0
0	0
0	0
0	0
0	0
4	58
0	34
0	0
0	0
0	0
1	0
0	0
0	0
0	3
0	0
0	0
0	0
0	0
0	0
0	0
43	2
9	2
0	0
0	0
0	0
0	0
2	0
9	0
0	0
2	0
0	0
0	0
0	0
6	39
107	1
14	49
0	13
22	61
4	26
0	24
0	0
0	0
419	1586
0	0
0	0
0	0
0	0
1	0
0	1
1	3
0	0
0	0
0	0
0	0
0	0
0	0
0	0
0	0
0	0
0	0
0	3
0	3
1	3
0	3
3	5
0	5
0	0
0	0
1	4
5	4
0	2
0	0
0	0
0	0
1	0
0	0
977	714
1788	2234
4	3130
1	2553
6	3
0	3
0	0
0	0
0	0
0	0
0	0
0	0
0	0
0	0
0	0
0	0
0	0
0	1
1	0
0	0
2	10
1	0
3	2
1	291
106	1650
1	0
0	0
0	11
0	0
4	1
3	41
0	0
0	0
0	0
0	0
0	0
0	0
0	0
0	0
0	0
104	0
0	0
0	31
0	0
0	0
0	0
0	0
0	0
0	100
0	0
0	0
0	16
0	0
0	0
0	0
0	0
0	0
59	1
0	0
0	0
0	0
0	0
0	0
0	0
0	0
0	0
0	0
0	0
0	0
0	0
1	1
2	0
0	187
6	149
0	0
0	0
0	0
0	0
0	0
0	0
0	0
0	0
0	0
0	0
0	0
0	0
0	0
0	0
0	0
0	0
0	0
0	0
1	10
0	0
1	0
0	0
0	0
0	0
0	0
0	0
0	0
0	129
0	0
0	0
0	0
0	0
0	0
0	0
0	0
0	0
0	0
2	0
0	0
0	0
0	0
0	0
0	0
0	0
0	0
0	0
0	0
0	0
0	0
0	0
0	0
0	0
0	0
1	9511
0	0
0	0
0	0
0	0
0	0
0	0
0	47
0	0
0	0
0	0
0	0
0	0
0	0
0	0
0	0
0	0
0	0
0	0
0	0
0	0
0	0
0	0
0	0
5	67
0	0
0	0
0	0
0	3
1	0
0	0
0	0
0	0
0	0
0	0
0	0
0	0
0	0
0	0
0	0
0	0
0	0
0	0
0	0
0	0
0	0
0	0
4	0
0	0
0	0
0	0
0	0
0	0
0	0
0	0
0	0
0	0
0	0
0	0
0	0
0	0
0	0
0	0
0	0
0	0
1	2
0	0
0	0
0	0
0	0
0	0
0	0
0	0
0	0
0	0
0	0
0	0
0	0
0	0
0	0
0	0
0	0
0	0
0	0
0	0
0	0
0	0
0	0
0	0
0	0
0	0
2	0
0	0
0	0
0	0
0	0
9	0
0	0
0	0
0	0
5	0
6	0
0	0
0	0
0	0
0	0
0	0
0	0
0	0
0	0
0	0
0	0
1	0
0	6
0	0
0	0
0	0
0	0
0	1
0	0
0	0
2	7
0	0
0	0
0	0
0	0
0	0
6	1235
0	0
0	0
0	0
0	0
2	0
0	0
0	7
0	0
0	0
0	0
0	0
0	0
0	0
0	0
0	0
0	0
0	0
0	0
0	0
0	0
0	2
0	0
0	0
0	0
0	0
0	0
0	0
0	0
0	101
0	0
0	0
0	0
0	0
0	0
0	0
0	0
0	0
0	0
0	0
5	0
0	0
0	0
0	0
0	0
1	0
1	25
0	0
0	0
0	0
0	0
0	0
1	453
2	0
0	0
0	0
1	0
0	0
0	0
0	0
0	0
0	0
0	0
0	0
0	0
1	0
0	0
1	0
0	0
0	0
8	422
0	0
0	0
0	1
0	0
0	0
0	0
0	0
0	0
0	0
0	0
0	0
0	0
0	0
0	0
0	0
0	846
0	0
0	0
0	0
1	0
2	21
0	0
0	0
0	0
0	4
0	0
0	0
0	0
1	0
0	0
1	0
16	0
0	0
0	0
0	0
0	0
4	0
0	0
0	0
0	0
0	0
0	0
0	1
0	0
0	0
0	203
0	0
0	0
0	0
0	0
0	0
0	0
0	0
0	0
0	0
0	0
9	1188
0	0
0	0
1	0
4	1331
0	0
1	0
2	0
0	0
0	0
0	0
0	2046
0	0
0	0
28	12
0	0
0	0
0	0
0	0
0	0
0	0
2573	8164
1	219
0	0
0	0
1	0
0	0
0	0
1	0
0	0
0	82
0	0
1	6
0	0
3	0
0	0
0	1
0	587
0	0
0	0
1	0
0	0
1	0
0	0
0	0
0	0
0	0
0	0
0	0
1	1
0	0
0	0
0	0
0	0
1	0
0	0
0	0
0	0
0	0
0	0
0	0
0	0
0	0
0	0
0	14
0	0
3	0
0	0
0	0
0	0
0	0
0	0
0	0
1	19
0	0
0	0
0	0
0	0
1	0
0	0
0	0
0	0
0	0
0	0
0	723
0	0
0	0
0	0
3	43
0	0
3	0
0	0
0	0
0	0
0	0
0	0
0	0
0	0
0	0
0	0
0	0
0	1
0	0
0	0
0	0
0	0
0	0
0	0
0	0
0	0
0	0
0	0
0	0
0	0
0	0
0	0
0	0
0	0
0	0
0	0
1	91
0	0
2	0
0	0
0	0
0	0
1	16
0	0
0	0
0	0
0	3448
1	309
0	0
0	0
0	0
0	0
1	5
1	0
0	0
0	0
0	0
0	0
0	2
0	0
1	204
1	0
0	0
0	0
0	0
0	0
0	0
0	0
0	0
0	0
0	0
1	0
0	0
0	0
0	0
2	244
0	0
0	0
1	0
0	0
0	1
0	0
0	0
0	0
0	0
0	0
0	0
0	0
0	0
1	0
0	0
0	0
0	0
0	0
0	0
0	0
1	0
0	0
1	0
0	0
0	0
1	0
0	0
0	0
0	0
0	0
0	0
0	0
0	0
0	0
0	0
3	2
0	3
0	0
0	0
4	39
1	0
0	0
0	0
1	0
9	37
0	0
0	0
0	0
0	4
1	0
0	0
0	0
0	0
0	0
1	0
0	0
0	0
0	0
0	0
0	0
0	0
0	0
0	0
0	0
0	0
7	378
0	0
0	0
0	0
0	0
5	1
0	0
0	0
0	0
0	234
0	0
0	0
0	0
5	0
0	0
77	0
0	0
0	0
0	0
0	40
0	0
0	0
2	0
0	0
0	0
1	0
0	0
0	0
0	0
0	0
0	0
0	0
0	0
0	0
0	0
0	0
0	0
0	0
0	0
0	0
0	0
0	0
0	2
0	62
0	0
0	0
0	0
0	0
0	0
1	8
0	0
1	0
0	0
2	176
0	15
2	0
0	0
0	0
0	0
0	0
0	0
0	0
5	0
0	0
0	0
1	0
0	0
0	0
0	0
1	0
0	0
0	0
0	0
0	0
0	0
0	0
0	13
0	0
0	22
0	0
0	0
0	0
0	0
0	0
2	0
0	0
0	0
0	0
0	0
0	0
0	0
0	0
0	0
0	0
0	0
1	0
0	0
0	0
0	1
0	0
0	0
0	0
13	13
0	0
0	1
0	0
0	0
0	0
0	0
2	0
0	0
0	0
1	49
0	0
0	0
0	0
0	0
9	332
0	0
0	0
0	0
0	0
1	17
0	0
0	393
0	0
0	0
0	0
0	0
0	0
0	0
0	0
0	51
0	0
0	0
0	0
0	0
0	0
0	0
0	0
6	0
0	0
0	0
0	0
0	0
0	0
0	0
0	0
0	0
0	0
0	0
0	0
0	0
0	0
0	0
0	0
0	0
0	0
0	0
0	0
0	0
0	4
0	0
0	0
0	0
0	0
0	0
0	0
0	0
0	0
0	0
0	0
0	0
29	658
0	0
0	153
0	0
0	0
0	2
0	2
0	2
0	0
0	2
0	2
0	2
0	0
0	0
0	0
0	0
0	0
0	0
0	0
0	0
0	0
0	0
0	0
0	0
0	0
0	0
0	0
0	0
0	0
0	0
17	0
0	0
0	0
3	0
1	0
0	18
0	0
6	1
0	0
0	0
2	858
0	1
0	0
2	0
3	201
0	0
5	1
0	0
0	0
0	747
0	0
0	0
0	0
0	0
0	0
0	0
0	0
0	0
2	0
0	0
0	0
0	0
0	0
0	0
0	0
7	27
0	0
0	0
0	0
0	0
54	83
0	0
2	0
4	3762
0	0
0	0
0	0
0	0
17	0
0	0
0	0
0	2
0	0
0	0
0	59
1	0
0	102
0	0
0	0
1	0
0	1
6	0
0	0
0	0
0	0
1	0
0	0
0	0
0	0
0	0
1	4812
0	0
0	0
0	0
0	0
0	0
0	0
0	0
0	0
0	0
0	0
0	0
0	0
0	70
0	0
0	0
0	0
0	0
0	0
0	0
0	0
0	0
0	0
0	0
0	0
0	0
2	0
0	0
0	0
0	0
0	0
0	0
0	0
1	0
0	0
2	89
0	0
0	0
0	89
1	2
0	0
0	0
0	0
0	0
0	0
0	0
1	0
0	0
0	0
0	0
0	0
0	0
8	0
0	0
0	140
1	128
0	0
0	0
1	0
0	0
1	0
0	0
0	0
0	0
0	0
0	0
0	0
0	0
1	0
0	0
0	0
31	1
0	0
0	0
0	0
0	0
0	0
0	0
1	0
0	0
0	0
0	0
0	0
0	0
0	0
2	190
0	0
0	0
0	0
0	3
0	3
0	0
0	0
0	0
0	0
0	0
0	0
0	0
3	1
0	0
0	0
13	199
0	0
0	0
0	0
0	0
0	0
0	0
0	0
0	0
0	0
0	0
0	0
3	27
0	0
0	0
0	40
0	0
0	0
0	0
0	0
0	0
0	0
0	0
0	0
0	0
0	0
0	0
0	0
0	0
0	0
0	0
0	0
0	0
0	0
5	252
0	0
0	0
0	0
0	0
2	0
0	0
0	0
0	0
8	0
0	0
0	0
0	0
0	0
0	0
0	0
0	0
0	0
1	0
4	0
0	0
0	0
0	0
1	0
3	0
0	0
0	0
0	0
0	0
0	0
0	0
1	0
0	0
0	0
0	0
0	0
3	168
0	0
0	0
0	0
0	0
0	0
0	0
0	51
0	0
3	155
0	0
1	1161
2	3
0	0
0	0
6	0
1	0
0	0
0	0
0	0
1	5
0	0
0	0
0	0
0	0
0	0
0	0
0	0
0	0
7	0
0	0
0	0
0	0
0	0
9	65
0	0
0	0
0	0
0	0
0	0
0	0
0	0
0	0
0	0
0	0
0	0
0	0
0	0
0	0
3	74
0	21
0	0
0	0
0	0
0	0
0	0
0	0
0	0
0	0
2	0
0	101
0	0
0	0
0	1
0	519
0	6
0	5
0	0
0	0
0	0
0	0
0	0
0	0
0	0
0	0
0	0
0	0
0	0
0	2
0	0
1	90
0	1542
2	0
0	0
0	0
0	0
0	0
0	0
2	1317
0	0
0	0
1	0
0	7
1	0
0	0
0	0
0	0
0	0
0	0
0	553
0	0
0	0
0	0
0	0
0	0
0	0
0	0
0	0
0	0
0	8
0	0
0	0
0	0
0	0
0	0
0	0
0	0
0	0
0	0
0	0
0	0
0	0
0	0
0	0
0	0
0	0
0	1
0	0
0	0
0	0
0	0
50	3
1	0
0	0
0	0
0	0
0	41
0	0
0	0
0	0
9	4011
0	0
0	1
0	0
0	0
0	0
0	0
0	0
0	0
0	0
0	0
0	0
0	0
0	0
0	20
0	0
0	0
0	0
0	16
0	0
0	0
0	0
0	0
0	0
0	0
0	0
0	0
0	0
0	0
0	0
0	0
0	0
4	0
0	0
0	0
0	0
0	0
0	0
0	0
0	0
0	0
0	0
0	0
3	63
1	0
0	0
0	0
0	0
0	0
0	0
0	0
0	0
0	0
0	0
0	0
0	0
0	0
0	0
0	0
2	0
0	0
0	0
0	1
0	0
6	40
0	0
1	0
0	0
0	0
0	0
0	0
0	0
0	1
0	0
2	0
2	315
0	0
0	0
0	0
0	0
0	0
0	0
0	0
1	0
2	0
0	0
0	0
0	0
0	32
0	0
0	0
0	2
0	1
1	1
0	88
0	0
1	0
0	0
0	0
0	0
0	0
0	0
0	0
1	0
0	0
0	0
1	0
0	0
0	0
0	0
0	0
8	99
0	0
0	0
0	0
0	0
0	0
0	0
0	0
0	0
0	0
0	0
0	0
0	0
0	603
0	3
0	0
0	0
1	0
0	0
9	884
0	0
0	0
2	0
0	0
0	0
0	0
0	0
0	597
0	0
1	0
0	0
0	0
0	0
0	0
0	36
0	0
3	2
0	0
0	0
0	0
0	0
0	0
0	0
0	0
0	0
0	4
0	0
0	0
0	0
0	0
0	0
8	2
0	0
0	0
0	0
1	20
0	0
0	0
0	0
0	0
0	0
0	0
0	0
0	0
0	0
0	3
0	0
0	0
0	0
0	0
0	2
1	2
0	0
2	0
0	0
0	0
0	0
0	0
0	549
0	0
0	80
0	2
0	0
0	0
0	0
1	0
1	0
0	0
0	0
0	0
0	4
0	0
0	0
0	11
0	0
7	0
0	0
0	0
1	0
0	0
0	0
3	1
0	8
0	0
0	0
0	0
0	0
0	0
0	0
0	0
0	0
0	0
5	4
0	0
0	0
0	0
0	0
1	0
0	0
0	0
0	0
0	0
0	0
0	0
0	0
0	0
0	0
2	1
0	0
0	0
0	0
0	0
0	0
0	0
0	0
0	0
0	0
0	0
0	0
0	0
0	0
0	0
0	0
0	0
0	0
0	0
0	0
0	0
0	0
1	0
0	0
0	0
0	0
0	0
0	0
0	0
0	0
0	0
0	0
0	105
0	14
0	0
0	1
0	0
0	0
0	0
7	0
0	0
0	0
0	0
0	124
0	0
0	0
21	0
1	141
0	0
9	607
0	0
0	0
0	601
0	0
0	0
0	0
0	0
0	0
0	0
0	0
0	1586
0	0
1	2
0	0
0	0
0	0
0	0
0	0
0	0
26	0
13	0
0	0
0	0
0	0
0	3
0	0
0	0
3	257
0	0
0	0
0	0
0	0
0	0
10	0
0	0
0	0
0	0
0	0
0	0
0	0
0	0
0	0
0	0
0	11
0	418
0	57
0	0
0	0
0	0
0	0
0	0
0	0
0	0
0	0
0	0
0	0
0	0
0	0
0	0
0	0
0	0
0	0
0	0
0	0
0	0
0	0
0	0
0	0
0	0
0	0
0	0
0	0
0	0
3	0
0	0
0	0
0	0
0	0
0	0
0	0
0	0
0	0
0	0
0	3
0	0
0	0
0	0
0	0
0	0
0	0
0	0
0	0
0	99
0	0
0	0
0	0
0	0
0	0
0	0
0	0
0	0
0	0
0	0
0	0
0	0
0	0
0	0
0	0
0	0
0	0
0	0
0	0
0	0
0	0
0	2
0	0
0	0
0	0
0	0
5	0
0	0
0	0
0	0
0	0
0	0
0	0
0	0
0	0
1	0
0	0
1	0
0	0
0	0
5	0
0	6007
0	10
0	0
1	11
0	0
0	0
0	0
0	0
0	0
0	0
0	0
0	0
0	0
0	0
0	0
0	0
0	5
0	0
0	0
0	0
0	0
0	0
0	0
0	0
0	0
0	0
0	0
0	0
0	0
0	0
0	86
0	0
0	0
0	0
0	0
337	312
5	2
0	18
0	0
0	0
0	0
0	0
0	0
0	0
0	0
0	0
0	0
0	0
0	0
0	0
4	0
0	0
0	0
0	1
4	558
0	0
0	0
0	0
0	1
0	0
0	0
0	0
0	0
0	0
0	0
0	0
0	0
0	0
0	0
0	0
0	0
0	0
0	0
1	0
0	0
0	0
0	0
0	0
0	0
0	0
1	0
0	0
0	0
0	0
1137	54
0	0
0	0
0	0
1	0
0	0
0	0
0	0
0	0
0	0
0	0
0	0
118	0
0	0
0	0
0	0
0	0
0	0
0	0
0	0
0	0
0	0
0	0
0	312
0	0
0	87
0	0
99	480
0	0
0	0
0	0
0	0
1	0
0	0
0	0
0	0
0	0
0	0
0	1
0	0
0	0
0	0
0	0
0	0
0	0
0	0
0	0
0	0
0	0
0	0
0	0
0	0
0	0
0	0
0	0
0	0
2	0
141	1380
0	0
0	0
1	0
0	0
0	0
0	0
45	57
2	21
0	0
0	0
0	0
0	0
0	0
0	0
0	0
0	0
0	0
0	0
0	0
0	0
1	0
0	0
0	0
1	7
0	0
0	0
0	1
0	0
9	676
0	0
0	0
0	0
0	0
0	0
0	0
0	0
0	0
0	0
0	0
0	0
0	0
0	0
0	0
0	0
0	0
0	0
1	0
0	0
0	0
0	0
0	0
0	0
0	0
0	0
0	0
0	0
0	0
1	0
0	0
0	0
0	0
0	0
0	0
0	20
0	0
0	0
0	0
0	0
0	0
1	0
0	0
0	0
0	0
0	0
0	0
0	0
0	0
0	0
0	0
0	0
0	0
0	0
0	1213
0	0
0	0
0	1
0	0
1	3
0	0
0	0
0	0
0	0
0	0
0	0
0	0
0	0
0	0
0	0
0	0
0	0
4	9
0	1
1	0
4	0
0	0
0	0
0	0
0	0
0	0
0	0
0	0
0	77
0	0
0	0
0	0
0	0
0	0
0	0
0	0
1	0
0	0
0	0
1	0
0	0
0	0
0	0
0	0
0	0
0	0
0	0
0	0
0	0
0	0
0	0
0	0
0	0
0	0
0	0
0	0
0	1
1	6
0	0
0	0
0	0
1	0
0	0
8	1463
0	0
0	0
0	0
1	0
0	0
0	0
32	29
0	0
0	0
0	3
0	0
0	0
1	597
0	0
0	0
1	3
0	0
0	0
0	0
0	0
0	0
0	0
16	5514
1	0
0	0
0	0
0	0
0	0
0	0
0	1
0	0
0	0
0	0
0	0
0	0
0	0
0	0
0	0
0	0
0	0
0	0
0	0
0	0
0	0
0	0
0	5
0	0
0	0
0	0
0	0
0	0
0	5
0	1
0	0
0	0
0	0
0	10
0	0
0	0
118	662
9	0
0	0
1	134
0	3
0	0
1	4
0	0
0	0
1	4
0	0
0	0
0	5
0	0
1	0
0	0
0	0
0	0
0	0
0	0
0	0
0	0
0	0
0	0
0	0
5	446
0	0
0	0
0	0
0	0
0	0
0	0
0	0
0	0
0	0
0	0
0	0
0	0
0	0
0	0
0	0
0	0
0	0
0	0
0	2
0	0
0	0
0	0
0	0
0	0
1	0
0	0
0	0
0	0
0	0
0	0
0	62
0	0
0	0
0	0
0	0
0	0
0	0
1	1276
0	0
0	0
0	284
0	0
0	0
0	0
0	0
0	0
0	1
0	0
2	0
0	0
0	0
0	0
0	0
0	0
0	0
0	0
0	0
0	8
5	2
0	0
0	0
0	0
0	0
0	0
0	0
0	0
0	0
1	0
0	0
0	0
2	0
0	710
0	0
1	0
0	0
0	0
0	0
0	0
0	0
0	0
0	0
0	0
0	0
0	0
0	0
2	1
4	0
1	0
0	0
0	0
0	0
0	0
0	1735
0	0
0	0
0	0
0	0
0	0
0	0
0	0
0	0
0	0
0	0
0	0
0	0
0	0
1	548
9	3828
0	0
0	0
0	0
0	0
0	0
0	1
8	0
0	0
0	0
0	0
9	0
0	0
0	0
0	0
0	0
0	0
0	0
0	0
0	1
0	0
0	10
3	0
0	0
0	0
0	5
0	0
0	2210
1	0
4	10255
0	0
6	0
0	0
5	0
0	0
0	0
0	0
3	3906
0	0
0	0
0	0
0	0
2	0
0	0
0	0
0	0
0	0
0	0
0	0
0	0
2	0
9	0
0	0
0	0
0	0
0	0
7	35
0	0
0	0
0	0
0	0
0	0
0	0
0	0
0	0
0	0
0	0
32	0
0	0
0	0
0	0
3	849
0	0
0	0
0	0
0	0
0	0
0	1
0	0
0	0
0	0
0	0
0	0
0	7
0	0
0	0
0	0
0	0
0	0
0	0
3	1
0	1
0	0
0	0
0	0
0	0
0	0
0	0
2	2859
0	0
0	0
0	0
0	0
0	0
0	14
41	0
0	0
1	0
0	0
0	0
0	0
0	0
0	2341
0	0
1	1422
0	0
0	0
0	0
1	0
0	0
0	0
0	0
3	0
0	0
7	3818
0	0
3	58
0	0
0	0
7	1289
0	0
0	4
0	31
0	0
0	0
0	0
0	0
0	0
0	0
0	0
0	0
0	3918
0	0
10	3565
0	1
0	0
0	0
0	0
0	70
0	3
0	0
0	0
0	0
1	0
0	0
0	0
0	0
0	0
0	0
0	0
0	0
0	0
0	0
0	87
0	0
3	21
0	0
0	0
2	44
0	0
0	0
0	0
0	0
0	0
0	0
0	0
0	0
0	0
0	0
0	0
18	0
0	2
0	0
0	0
0	0
0	0
0	0
0	0
0	0
2	2078
0	7
0	0
0	0
0	0
0	0
0	0
0	0
0	0
0	0
0	0
0	2
0	0
0	0
0	0
0	0
3	0
0	0
0	0
1	0
0	0
0	0
0	0
1	0
0	0
0	0
0	0
36	0
0	1158
0	0
0	0
0	0
1	985
0	0
0	0
1	0
0	0
0	0
0	728
0	0
0	0
0	0
1	0
0	0
0	0
15	0
0	0
0	0
0	0
0	0
0	0
0	0
0	0
0	0
4	14
0	0
1	0
0	3733
0	0
0	0
0	0
2	0
0	0
0	1
0	0
0	0
0	0
0	0
0	0
0	0
0	0
7	0
0	0
0	928
0	0
0	0
0	0
0	0
0	0
0	0
0	0
0	0
1	0
0	0
0	0
0	0
1	0
0	0
0	0
0	0
0	0
1	17
0	0
0	0
0	0
0	0
0	0
0	15
0	0
0	0
1	0
0	0
0	236
0	0
0	206
0	0
0	0
0	1
0	0
0	0
0	0
0	0
0	0
0	0
3	90
0	0
15	60
0	0
2	17
0	0
0	0
0	0
0	0
0	0
0	0
0	0
0	0
0	0
2	0
0	2765
0	0
0	0
0	0
0	0
4	0
0	0
0	0
0	0
0	0
0	0
3	6
0	0
0	0
2	0
0	0
1	1664
0	0
2	397
1	26
0	72
0	0
0	0
17	0
1	0
0	0
1	0
0	0
0	0
0	0
3	3
3	3
0	0
0	0
1	1
0	0
0	0
0	0
0	0
0	0
0	0
0	0
0	0
0	0
0	0
0	0
0	0
0	0
0	0
0	0
0	0
0	0
0	0
0	0
0	0
0	0
0	148
2	0
0	0
0	0
0	0
0	0
0	0
21	600
0	0
0	0
1	0
0	0
0	0
0	0
0	0
0	0
0	465
0	0
0	0
0	0
0	0
0	0
1	58
0	0
0	0
2	206
0	0
0	17
0	0
0	0
3	4
1	0
0	0
1	0
0	0
0	0
0	0
0	0
0	0
0	0
0	0
0	26
3	1106
0	0
0	0
0	0
0	0
4	0
0	0
3	0
0	0
1	0
0	0
2	0
0	0
1	0
0	0
0	0
1	0
0	0
0	0
0	0
0	0
3	1204
0	0
0	0
0	0
1	0
3	0
0	0
0	6
0	0
0	0
0	4
3	2754
0	0
1	0
0	0
0	0
0	0
0	0
0	0
0	0
0	0
0	0
0	0
0	1
0	0
0	16
0	0
0	0
0	0
0	0
0	0
0	83
0	0
0	0
0	0
0	1
0	1
0	0
0	0
0	0
0	0
0	4
0	0
0	0
0	0
0	0
0	0
0	0
0	0
0	0
0	0
0	0
1	132
0	0
0	0
0	0
0	0
0	0
0	0
0	0
0	15
0	0
5	0
7	28
3	0
1	0
0	0
0	269
0	0
0	0
0	0
0	0
0	0
0	0
1003	4921
0	0
0	0
0	0
1	0
0	0
0	0
0	0
0	0
0	0
0	0
0	0
3	15
0	0
0	0
0	0
0	0
0	0
2	0
0	0
3	0
0	0
0	0
0	0
0	0
0	0
0	0
3	99
0	0
0	0
0	0
0	0
0	0
0	0
0	0
0	0
0	0
0	0
0	0
0	0
0	0
0	0
0	0
0	0
0	0
0	0
0	0
0	0
0	0
1	15
0	0
0	9
0	0
0	0
0	0
0	0
0	0
4	4
0	0
6	0
0	0
0	0
0	0
0	0
0	0
0	0
3	139
0	0
0	0
0	0
0	0
0	0
0	0
0	0
0	0
0	0
2	1
0	0
0	11
0	0
0	0
7	5
0	0
0	0
0	0
0	0
0	0
0	0
0	0
0	0
0	0
0	0
0	0
1	0
0	0
0	3925
0	0
0	0
0	0
0	111
0	0
0	0
0	0
0	1
0	0
0	0
1	0
0	0
0	0
0	0
0	0
0	0
1	0
2	262
0	0
0	0
0	121
1	0
0	0
0	0
1	0
0	0
0	0
0	0
0	0
0	0
0	0
0	0
1	0
0	0
0	0
0	0
0	0
0	0
0	0
0	0
0	0
0	0
0	0
0	0
1	909
0	0
0	0
0	0
1	0
0	0
0	0
0	0
2	0
1	0
0	0
0	0
0	0
0	0
0	0
0	0
0	0
2	0
1	0
0	422
0	0
0	0
0	0
4	0
0	0
0	0
2	26
0	0
2	0
0	184
0	0
0	0
0	0
0	2
0	0
0	0
0	0
0	0
0	0
0	0
0	464
2	0
0	335
0	0
0	0
0	0
0	0
0	0
0	0
1	0
0	0
0	40
0	0
0	0
1	0
0	0
0	0
0	0
11	819
0	0
0	0
0	0
0	0
0	0
0	0
0	0
0	0
0	0
0	0
0	0
0	0
0	0
0	0
0	0
3	0
0	0
0	0
0	0
0	0
11	0
0	0
0	0
0	30
0	0
0	0
0	0
0	0
0	0
0	143
0	0
2	0
0	0
0	0
0	0
0	0
1	0
0	0
0	0
0	0
0	0
9	0
0	0
1	894
0	0
0	0
0	8
0	0
0	0
0	0
0	0
0	0
0	0
0	0
0	0
0	0
0	0
0	0
0	0
3	0
3	0
2	0
0	0
0	0
0	0
0	0
0	0
0	0
0	0
0	0
1	2
0	0
0	0
1	0
0	0
0	0
0	0
0	0
0	0
0	0
0	0
0	0
0	0
0	0
0	0
0	0
0	0
0	0
0	0
0	0
0	0
0	0
0	0
0	0
0	0
0	0
0	0
0	0
0	0
2	0
0	0
0	0
0	0
0	0
1	2
0	0
0	0
0	0
0	0
0	0
0	0
0	0
0	0
0	0
0	0
1	0
0	0
2	0
0	0
1	0
5	2
0	0
0	0
0	0
0	0
0	0
0	0
0	0
0	0
0	0
0	0
0	0
0	0
0	0
0	65
0	0
0	0
0	2
1	47
1	0
0	0
0	0
0	0
0	0
0	0
0	0
0	0
0	0
0	0
3	0
2	0
0	0
0	0
0	0
0	0
0	0
0	0
0	0
0	0
0	0
0	0
0	0
0	0
0	0
0	0
0	0
0	0
0	0
0	6
2	1
0	0
0	0
0	0
0	0
0	0
0	0
0	0
1	8
0	0
0	0
0	0
0	0
0	0
0	0
0	0
0	0
0	0
1	0
0	0
0	0
5	0
1	0
0	0
0	0
0	0
0	0
0	0
1	0
0	0
0	0
0	0
0	0
5	0
0	0
0	0
0	0
1	0
0	2153
0	0
0	0
0	495
0	0
0	0
0	0
0	0
0	0
0	0
0	0
0	0
0	0
0	0
8	483
40	62
0	0
0	0
0	0
0	0
0	9
12	2767
0	0
0	0
1	608
0	0
0	0
0	0
0	0
0	0
0	0
0	0
0	0
3	359
0	0
0	4
0	0
4	0
0	0
3	0
0	0
0	0
0	0
0	0
1	0
3	43
3	1
192	188
2	0
0	0
0	0
0	0
0	0
0	0
0	0
0	0
0	0
0	0
0	0
0	0
0	0
0	0
0	0
0	0
0	0
0	4
0	0
0	0
0	0
0	318
0	0
0	0
0	0
0	0
0	0
0	0
0	0
0	0
0	0
0	10
0	0
144	394
1	0
0	0
0	0
0	0
0	0
0	0
0	0
2	3520
0	0
0	1
0	692
0	0
0	0
0	0
0	0
2	35
0	0
0	0
0	0
0	0
0	0
0	0
0	3
4	1
9	0
1	0
2	158
0	0
0	0
5	0
0	0
0	18
0	0
0	0
0	0
2	0
4	1
0	0
0	0
0	0
0	0
2	6
3	307
0	0
0	0
0	0
0	0
0	0
0	0
0	0
0	0
1	0
2	19
0	0
0	0
0	0
0	0
0	0
0	0
2	0
0	0
0	0
0	0
0	0
0	0
0	0
0	0
0	0
0	0
0	0
0	0
0	0
0	0
0	0
0	0
0	0
0	0
0	0
0	0
0	0
0	0
0	0
0	0
0	0
30	0
0	0
0	0
0	0
0	0
1	0
0	0
0	0
0	0
0	0
0	0
0	0
0	1
0	0
0	0
0	0
0	0
0	0
0	0
0	0
0	0
0	0
0	0
0	0
0	0
0	0
0	0
0	0
0	0
2	0
0	0
1	1
0	0
0	0
0	651
0	0
1	0
0	0
0	0
3	14
0	0
1294	896
0	0
0	0
1	0
8	435
0	314
3	108
0	0
0	0
0	0
0	0
0	0
161	360
0	0
0	0
4	7
0	0
0	0
1	113
0	0
0	0
0	0
0	0
0	0
0	0
0	0
0	0
0	0
0	0
0	0
0	0
0	0
4	0
0	0
0	0
1	2
0	0
13	1
5	3698
0	0
3	0
0	0
0	0
0	2157
0	0
0	0
0	0
0	0
0	0
0	0
0	0
0	0
0	26
0	0
0	0
2	0
4	1557
0	0
0	0
0	0
0	0
0	0
3	0
0	0
1	0
0	0
1	0
0	0
0	0
1	0
0	0
0	0
0	0
0	0
0	0
0	0
0	0
0	0
0	0
0	0
0	0
0	0
3	0
0	0
0	1
4	31
4	0
0	0
0	0
1	0
0	4
1	0
0	238
0	0
0	1
0	0
0	0
0	0
0	1
0	0
0	0
0	0
9	15209
2	0
0	0
0	0
1	0
0	0
0	0
1	0
0	0
0	0
0	233
0	0
0	0
151	6778
0	0
14	0
2	0
1	1
0	0
0	0
0	0
0	0
0	0
1	0
0	0
0	0
0	0
0	106
0	0
0	0
0	0
0	0
0	0
0	0
2	0
0	0
0	0
0	0
0	0
0	0
1	1751
0	0
0	0
0	0
0	0
0	0
0	0
0	0
0	0
0	0
0	0
0	0
0	0
0	0
0	0
0	0
0	0
0	0
0	4
0	0
0	0
0	0
0	0
0	0
0	0
0	0
0	0
0	0
1	0
0	0
0	0
0	0
4	0
0	0
0	0
0	0
0	0
0	0
0	0
0	0
0	0
0	0
0	0
0	0
0	0
0	0
0	0
0	0
0	0
0	0
0	0
0	0
0	0
0	293
0	1
1	0
1	0
0	0
0	0
0	30
0	0
3	0
0	0
0	0
19	14322
0	0
0	0
0	0
0	0
0	0
4	2364
0	0
0	2
0	0
0	0
1	11
0	1
0	0
0	0
0	0
0	0
0	0
1	0
1	0
0	0
8	4
2	3
1	0
0	0
5	0
0	0
0	0
1	0
0	0
0	0
0	0
0	0
0	0
0	0
1	0
0	0
0	0
0	225
0	0
0	0
0	325
0	0
2	0
1	119
0	0
0	0
0	0
0	0
0	0
0	0
0	0
0	0
0	0
0	0
0	0
0	0
0	0
0	160
2	0
0	0
0	0
0	0
0	0
0	0
0	0
0	0
0	0
0	0
0	0
0	0
1	58
0	0
0	0
0	0
0	0
0	0
0	0
0	0
0	0
0	0
0	0
0	0
1	461
0	0
0	0
1	0
1	0
0	60
0	0
3	0
3	0
0	0
12	0
4	0
0	0
0	0
3	1569
0	0
0	0
0	0
0	0
1	8
0	0
0	0
0	0
0	0
0	0
0	0
0	0
0	0
1	0
0	0
0	0
0	1
0	0
0	0
0	0
0	0
0	0
0	0
0	0
2	0
0	0
0	0
0	0
0	1
0	0
1	13
0	0
0	0
2	16
0	3
0	0
0	0
0	0
0	0
0	0
0	0
1	0
0	0
3	0
0	0
0	0
0	0
0	0
0	0
1	0
1	0
0	0
0	0
5	0
0	0
0	0
0	0
0	78
11	113
1	0
0	0
0	0
94	1
1	0
1	0
0	0
0	0
0	0
3	0
1	11566
0	0
0	0
0	0
0	0
0	0
0	0
0	0
0	0
0	0
0	0
0	0
0	220
0	0
0	0
0	0
0	1
0	0
0	0
0	0
0	0
0	0
5	0
0	64
0	0
0	167
0	153
0	0
1661	1
5	10
0	0
0	0
0	0
0	0
0	1
0	2
0	0
0	1
0	0
0	1
0	0
0	13
0	0
0	0
2	0
0	0
0	0
0	0
0	0
0	18
0	0
1	0
0	0
1	0
0	0
0	0
0	0
0	0
0	188
0	0
0	0
0	0
0	0
1	0
1	0
0	0
1	231
0	0
0	0
0	0
0	0
0	0
0	0
0	0
0	0
0	0
1	5
0	0
0	501
0	0
0	0
0	0
0	0
0	0
0	0
0	0
0	3
0	0
0	0
0	0
0	0
0	2616
0	2
0	0
4	805
0	0
0	0
0	0
0	0
0	0
0	0
0	0
0	0
0	0
0	0
1	421
0	0
0	0
0	0
0	0
0	0
0	0
0	0
0	0
0	0
0	0
0	0
0	0
0	0
0	0
0	0
0	0
0	0
0	0
0	13
7	0
0	5
2	0
9	0
0	0
0	0
0	0
0	0
0	0
0	0
0	0
0	0
0	0
0	0
0	0
1	0
0	0
0	1
0	0
0	0
0	0
0	0
0	0
0	0
0	0
0	0
0	0
0	0
0	0
0	0
0	0
0	0
1	0
0	0
1	0
445	100
1	0
0	0
0	0
0	0
0	0
0	0
0	0
1	0
0	0
1	1
0	0
0	0
0	0
0	0
0	1448
1	1
2	0
0	0
0	0
0	0
0	0
2	51
0	0
5	0
2	975
1	3
0	0
0	0
0	0
0	0
0	0
0	0
1	0
0	0
0	0
1	0
0	0
0	0
0	0
0	0
1	0
0	0
0	0
152	0
0	0
0	0
0	0
0	0
0	44
28	0
0	0
0	29
0	0
0	0
0	0
0	0
0	0
0	0
1	0
6	19
1	51
0	0
0	0
0	7
0	120
0	2
0	0
0	0
0	0
0	0
64	0
0	0
0	0
0	0
0	283
0	0
1	0
0	0
0	0
0	0
0	0
0	0
1	0
0	0
0	0
0	0
0	0
0	0
0	0
0	0
0	0
0	0
0	0
0	0
0	0
0	14
0	0
0	0
0	0
3	0
0	0
0	0
0	0
0	0
0	0
0	0
0	40
0	0
0	0
0	0
0	0
0	2
0	0
0	0
0	0
0	0
0	0
0	0
9	285
0	0
0	0
4	0
0	102
0	0
0	0
0	0
0	0
0	0
0	0
0	0
0	0
0	0
1	1
0	0
0	0
0	0
0	0
6	85
0	0
0	0
1	54
0	0
0	0
0	9
0	0
0	0
0	0
0	59
0	0
0	0
1	0
0	0
0	0
0	0
0	0
0	0
0	0
0	20
0	0
0	0
0	29
13	0
0	0
1	0
0	0
3	1440
0	0
0	0
0	2
1	0
0	0
0	0
0	0
2	0
0	3
0	0
1	0
1	3022
1	0
0	0
2	0
0	0
0	0
0	0
0	0
0	0
0	0
0	0
0	0
0	0
0	0
5	0
0	193
0	113
0	0
1	0
0	0
0	0
0	0
0	0
0	0
4	3739
0	0
0	0
0	0
0	0
0	0
1	0
0	0
0	0
0	0
10	0
3	11
0	2
0	0
0	0
5	939
0	0
0	0
0	0
0	0
0	0
0	0
2	0
1	0
0	0
0	0
0	0
0	0
0	0
3	0
0	0
0	4
0	0
0	0
0	0
0	0
0	8
0	0
0	0
0	0
0	10
2	0
0	0
2	8
0	0
0	0
0	0
0	0
0	0
0	0
0	17
0	0
0	0
0	26
0	0
0	0
0	0
0	248
0	0
1	0
0	0
0	1
0	8
0	0
0	0
0	0
0	0
0	0
6	0
0	0
0	0
0	0
0	0
0	7
17	67
0	6
0	0
1	0
2	0
21	663
0	0
0	1
2	0
0	0
0	0
0	0
0	0
0	0
0	0
1	14
0	0
0	0
0	0
0	0
0	0
0	0
0	0
0	0
0	0
0	0
0	0
0	0
0	0
6	3
1	1780
2	0
0	0
0	0
0	0
0	0
7	76
0	0
0	0
0	198
0	0
0	0
0	0
0	1465
0	0
0	0
0	0
0	0
0	0
0	0
1	42
0	0
1	0
0	0
0	0
0	0
5	0
0	0
0	0
0	0
0	0
0	1
0	0
0	0
0	0
0	0
0	0
0	0
0	0
0	0
1	0
0	0
0	1
0	0
0	0
0	0
0	0
0	0
1	0
0	0
0	0
0	31
0	0
0	0
0	0
1	0
0	0
1	0
0	0
1	0
0	0
0	0
4	0
0	0
0	0
0	0
0	54
1	0
0	0
16	18
0	0
0	0
0	0
0	0
1	5
0	0
0	0
0	0
0	0
0	0
0	0
0	0
0	0
0	0
0	0
0	0
0	0
0	0
8	111
0	16
0	0
0	0
0	0
0	0
114	47
0	0
0	0
0	0
0	0
0	0
1	0
0	38
0	0
0	0
0	0
0	2
0	0
0	0
0	0
0	0
0	0
0	0
0	0
2	0
0	0
0	0
0	0
0	0
0	0
0	0
0	0
0	0
0	0
0	0
0	0
0	0
7	0
0	3
0	0
0	0
0	0
0	0
0	0
2	545
0	0
0	0
0	0
0	0
0	0
0	0
0	0
0	2
0	0
0	0
0	0
0	0
0	21
0	0
4	3752
0	0
0	0
0	61
4	232
0	0
4	0
0	0
0	0
0	0
0	2
0	0
0	0
0	0
0	0
0	0
0	0
7	0
0	0
0	0
0	0
0	0
0	1
0	0
0	0
0	3
0	0
0	0
2	15
0	0
0	0
0	0
0	374
0	0
0	0
0	25
0	0
0	0
0	0
0	0
0	0
0	0
0	0
2	0
0	0
3	0
0	0
0	0
0	0
0	0
0	0
1	0
3	5
0	0
0	0
0	0
0	0
0	0
0	0
1	0
0	96
0	0
0	0
0	0
0	0
0	0
0	0
0	0
0	0
0	0
0	0
0	27
0	0
0	0
0	0
0	0
0	0
0	0
0	0
2	0
0	0
0	0
0	0
0	0
0	0
0	0
0	0
0	0
0	0
0	0
0	15
0	0
1	0
0	0
0	0
1	0
0	12
0	0
0	3
0	0
0	0
0	1
0	0
0	0
0	0
0	0
0	0
0	0
0	0
0	0
0	4
1	0
0	0
0	0
0	2
6	0
1	3910
0	0
0	0
0	1
0	200
0	0
0	0
0	0
0	0
1	1
2	0
1	0
0	0
29	1
0	0
0	51
0	0
0	0
0	0
0	0
0	0
1	71
0	0
0	0
1	0
0	0
0	0
0	0
0	0
0	0
0	11
0	15
2	0
0	0
0	10
4	0
0	11
0	0
0	0
0	0
0	0
1	6
2	0
0	7
0	0
0	0
0	0
0	0
0	0
0	0
0	0
0	0
0	0
0	0
0	0
0	0
0	0
0	0
0	0
0	0
0	0
0	0
2	0
0	0
0	0
0	0
0	0
0	0
1	11
0	0
0	0
0	0
0	0
0	0
0	0
0	0
0	0
0	0
1	0
0	0
0	0
4	0
2	0
0	0
0	0
0	0
6	0
0	0
0	0
0	0
0	0
0	0
10	7
0	0
0	0
0	0
9	10
0	131
2	25
0	0
0	0
0	0
0	0
0	0
9	1
0	0
0	0
0	0
2	0
1	0
0	24
0	0
0	459
1	0
0	0
0	0
0	0
0	0
0	0
0	0
0	0
0	0
0	0
0	0
0	0
0	11
0	249
0	367
0	0
0	0
0	0
0	0
1	0
0	0
0	0
0	0
0	0
0	0
0	0
0	0
0	0
0	0
0	0
1	0
0	0
1	0
0	329
0	0
0	0
3	0
0	0
0	0
0	0
0	0
0	39
0	0
0	0
0	0
0	0
0	0
0	0
0	0
0	0
0	0
0	0
0	0
0	0
0	0
0	8
0	0
3	0
0	0
0	0
0	0
0	0
0	0
0	0
0	0
0	0
0	0
3	170
0	0
3	0
0	0
0	0
0	0
0	0
0	0
0	0
1	0
1	0
0	0
0	30
0	0
0	30
0	0
0	0
5	12
0	0
0	44
0	859
0	0
34	0
0	0
0	1
4	0
0	0
0	0
0	0
0	0
2	10
0	0
0	0
0	0
0	0
0	0
0	0
0	0
0	0
0	0
13	0
0	0
0	0
244	382
0	0
0	0
0	0
0	0
0	0
0	0
0	0
2	0
0	0
0	0
0	0
0	0
0	0
0	0
4	3273
0	0
1	15
2	0
1	0
0	0
0	0
0	0
0	0
0	0
0	0
0	0
5	0
0	0
0	0
0	0
0	0
0	0
0	0
0	0
0	0
0	0
0	0
0	0
0	0
0	0
0	0
0	0
0	0
0	0
1	0
0	0
0	0
0	0
0	0
0	0
0	0
0	0
0	0
0	0
0	0
0	0
0	0
0	0
0	0
0	0
0	0
2	2
0	0
0	0
0	0
0	0
0	0
0	0
0	0
2	175
0	0
0	0
0	0
0	0
0	0
0	0
0	0
0	0
0	0
0	0
0	0
0	0
0	0
0	0
0	0
0	0
0	0
0	0
0	0
0	0
0	0
0	0
0	0
0	0
0	0
1	0
0	123
0	0
0	0
0	0
0	0
0	0
1	0
0	0
0	0
0	0
0	0
0	1
0	0
0	0
0	0
2	0
0	0
0	0
0	0
0	0
0	0
0	0
4	1413
0	0
0	0
6	332
0	0
0	0
0	0
0	0
0	135
0	0
0	0
0	0
0	0
0	0
0	0
0	1
0	0
0	0
0	0
0	0
0	0
0	0
1	13
0	0
1	10
0	0
0	0
0	0
0	0
0	1
0	0
0	2
0	0
0	0
28	0
0	0
0	824
0	0
0	0
0	0
0	0
0	0
0	0
0	0
0	0
0	0
0	0
0	0
0	0
0	0
1	0
0	0
0	0
1	0
0	67
0	0
0	2
0	0
0	0
0	0
0	0
0	0
0	0
1	0
0	0
0	0
0	0
0	456
0	0
0	0
0	0
0	0
0	0
0	0
0	0
0	0
0	0
0	0
0	0
0	3
0	0
0	0
0	0
0	0
0	0
0	0
0	0
0	0
0	0
5	66
0	0
0	0
0	0
0	0
1	243
2	0
0	0
0	0
0	9
0	0
0	0
0	0
3	0
0	0
0	1271
0	0
0	0
0	0
0	0
0	0
0	0
0	0
0	0
0	0
0	0
0	0
0	0
0	0
0	0
0	0
0	0
0	2
0	0
0	0
0	0
0	0
0	0
0	0
0	1
1	0
1	1
0	0
0	0
0	193
0	0
0	0
0	0
0	0
16	0
2	2
52	0
0	0
1	0
0	0
0	0
12	0
0	0
0	0
0	0
0	0
0	0
0	0
0	0
0	0
4	0
0	0
0	0
0	0
1	0
0	0
0	8
7	59
0	0
0	0
0	0
0	0
0	0
0	0
0	0
0	0
0	0
0	0
0	0
0	5
0	0
0	0
0	0
0	0
0	0
0	0
0	0
0	0
0	0
0	0
0	0
0	0
0	0
0	2
0	0
0	0
1	0
0	0
1	2
0	0
0	0
0	0
1	0
0	0
0	0
1	0
7	413
0	0
0	0
0	0
0	0
0	0
0	0
0	207
0	0
1	0
0	0
0	0
0	0
1	177
0	0
0	0
0	0
0	0
0	0
0	0
1	3
0	0
0	0
0	0
0	0
1	0
0	0
0	0
0	93
0	0
0	0
0	0
0	179
0	0
0	0
0	0
0	0
0	0
0	0
0	0
0	147
3	57
0	0
0	0
1	0
0	0
0	1
0	0
0	0
0	0
0	0
0	0
0	0
0	0
0	3
0	0
2	0
1	387
3	0
0	21
0	0
0	0
0	0
0	0
0	27
0	0
6	3964
0	0
0	0
0	0
0	0
0	0
0	25
0	0
0	0
0	0
0	0
0	0
0	0
0	0
1	0
0	0
2	4
0	0
0	0
0	0
0	0
0	0
0	0
3	0
0	0
1	0
0	0
0	0
0	0
0	0
0	0
0	1
0	0
0	0
0	0
0	0
0	0
0	0
0	0
0	0
0	0
0	0
0	0
0	0
2	2
0	0
0	0
0	0
0	0
0	0
0	0
0	0
0	0
0	0
0	0
0	0
0	0
0	0
0	0
0	0
0	0
1	0
0	0
0	0
0	0
0	0
0	0
0	0
0	0
0	0
0	0
0	0
0	0
0	0
0	0
3	2939
0	0
0	0
0	0
0	0
0	0
0	0
17	0
0	0
0	406
0	0
0	0
0	0
0	0
0	0
1	0
0	0
4	4
0	0
1	0
0	0
0	0
0	0
0	0
0	0
0	1
0	0
0	415
0	0
2	14
0	0
0	0
0	0
0	0
2	0
1	23
0	0
11	15
0	0
0	0
0	3603
0	0
0	0
0	0
0	0
0	0
0	0
0	12
0	0
0	0
0	0
0	0
0	0
0	0
0	0
0	0
0	0
0	0
1	0
0	0
0	0
0	0
0	0
0	0
0	1
0	0
0	0
0	0
0	0
0	0
0	0
0	0
12	13903
0	0
0	0
0	14
0	0
0	126
0	1
0	0
0	0
0	0
0	0
0	514
0	0
0	0
0	0
0	0
2	5
0	1
0	0
0	0
0	0
0	0
0	0
0	0
1	0
0	5
0	0
0	0
0	0
0	0
0	0
0	0
0	0
0	0
0	0
0	0
0	0
0	0
0	0
0	471
0	0
0	0
3	13
0	0
0	0
0	0
0	0
0	0
0	0
249	0
0	0
0	3
0	0
1	180
0	0
0	0
0	0
0	0
0	0
0	0
0	0
0	0
0	0
0	0
0	317
2	0
0	0
0	0
0	0
0	21
0	0
2	0
0	0
0	0
0	0
0	0
0	0
0	0
0	0
2	0
0	0
0	0
0	0
0	0
0	0
0	0
0	0
0	0
1	1787
0	0
0	0
0	0
0	0
0	0
0	0
0	0
0	0
0	0
0	0
9	19
0	0
0	0
0	302
0	0
0	0
0	0
0	0
0	3
0	0
0	0
0	0
0	0
0	0
0	0
0	0
0	0
1	0
0	0
0	0
0	0
0	0
0	0
0	0
0	0
0	0
0	0
0	0
0	0
0	0
0	0
0	0
0	0
0	0
0	53
0	0
0	0
0	0
0	0
0	0
0	0
0	0
0	0
0	0
0	0
0	0
0	0
0	0
0	0
0	0
1	23
0	0
0	0
0	0
0	0
3	4
0	0
0	0
0	0
0	0
0	0
1	0
0	0
0	0
0	0
0	0
0	0
0	92
0	0
4	809
0	0
0	0
0	446
0	0
4	0
0	2875
0	9
0	0
0	0
2	71
0	3
1	129
0	0
0	0
0	0
0	0
0	0
0	0
0	0
0	0
0	0
0	0
0	0
3979	5207
0	0
0	0
0	0
0	0
0	0
0	0
0	53
0	0
7	0
0	0
2	0
0	1
0	0
0	0
0	0
0	0
0	0
0	0
0	0
1	0
2	2
132	0
0	0
0	0
0	0
0	0
0	0
0	0
0	0
0	0
0	0
0	0
10	1367
0	0
0	0
1	0
0	0
0	0
0	0
0	0
0	0
0	0
0	0
0	0
0	0
0	0
0	0
0	0
0	1
0	0
0	0
0	0
0	0
1	0
0	0
0	0
0	0
0	0
0	0
0	0
0	0
0	5797
10	1
0	0
5	0
0	0
0	1
1	0
9	778
0	0
0	0
0	0
0	0
0	0
1	0
0	0
0	0
3	0
0	0
0	0
0	0
1	0
0	0
0	0
0	0
0	0
8	3503
0	253
5	1253
0	0
0	0
0	0
0	0
3	823
0	0
0	0
0	0
0	0
0	0
0	0
2	0
0	0
0	0
0	0
0	1
0	0
0	0
0	0
0	0
0	0
0	0
0	0
1	0
0	0
6	39
0	0
0	0
0	0
3	0
0	0
0	0
0	0
1	0
0	0
0	0
0	0
0	0
0	0
0	0
0	0
0	0
0	96
0	0
0	0
0	0
1	0
0	0
0	0
0	0
0	5
0	0
6	0
0	0
0	0
0	0
0	0
0	0
0	0
23	52
0	0
0	0
1	0
0	0
0	0
0	0
0	0
0	0
0	0
0	0
0	0
0	0
0	0
0	0
2	0
0	0
0	2
0	0
0	0
0	0
0	0
0	0
0	0
0	0
0	0
0	0
0	0
0	0
0	0
0	1
2	0
0	0
0	0
0	0
0	0
29	20731
3	0
0	0
0	0
0	0
0	26
0	0
191	38
0	0
0	0
0	0
0	0
0	0
0	0
0	0
0	0
0	0
0	0
0	0
0	0
7	0
0	0
0	2
2	0
0	0
0	0
0	0
0	0
0	49
0	0
0	0
0	1
0	0
3	0
0	178
0	0
0	0
0	2270
0	0
0	0
0	19
0	0
0	0
0	0
6	0
0	0
0	0
0	0
0	0
0	0
1	1
0	0
0	0
0	0
0	0
0	0
0	2201
0	0
0	0
4	0
0	179
0	0
1	0
1	0
0	2
0	0
0	0
0	0
0	0
0	0
0	0
0	0
0	0
0	0
0	0
0	0
0	0
0	0
0	0
0	0
0	0
0	0
0	0
3	57
0	0
0	0
1	0
0	0
0	0
0	0
0	0
0	0
0	0
0	0
0	0
0	0
0	0
0	0
0	0
0	0
0	0
0	0
0	0
0	0
0	0
0	0
0	2
2	0
0	0
1	0
0	0
1	0
0	333
0	0
1	0
0	0
0	0
1	0
0	0
0	0
1	110
0	4
5	0
0	0
0	0
0	0
0	0
0	0
0	0
1	0
0	0
0	0
0	0
0	0
0	0
0	0
0	0
0	0
3	0
1	0
0	0
0	0
0	0
0	0
0	0
0	0
0	0
0	0
0	0
0	0
0	0
0	0
9	0
0	0
1	0
0	20
0	0
0	0
0	0
0	0
1	0
0	0
5	0
0	0
0	0
0	0
0	0
0	0
0	0
11	0
0	0
0	0
0	0
0	0
0	0
0	0
0	0
0	0
0	0
0	0
0	0
0	0
4	2342
0	0
0	0
0	0
0	0
0	7
0	0
0	0
0	0
0	0
0	0
0	0
0	0
1	0
4	73
0	0
1	0
0	0
0	0
0	0
0	0
0	0
0	0
0	0
0	0
0	0
0	0
0	0
0	0
0	0
0	0
0	0
0	0
0	0
0	0
0	0
0	0
0	0
0	0
0	0
0	1
0	0
0	0
0	0
0	0
0	0
0	0
0	0
0	0
0	0
0	0
0	0
0	0
0	0
0	28
0	0
0	0
0	0
0	0
0	0
0	0
0	0
1	1
0	0
0	0
0	0
0	0
0	0
0	0
0	0
0	0
0	0
0	2
0	0
0	0
0	0
0	0
0	0
0	0
0	0
0	0
0	0
0	0
0	0
0	0
1	0
0	0
0	0
1	0
0	0
0	0
0	0
0	0
0	0
0	0
0	0
9	0
0	0
0	0
15	9
0	27
0	0
0	0
0	0
0	0
0	2
0	0
1	117
0	0
0	0
2	125
0	0
0	0
1	0
0	0
0	0
0	0
0	0
0	0
0	0
0	2
0	0
0	0
0	0
0	0
0	0
0	0
0	0
0	0
0	0
0	0
0	17
2	1346
0	0
0	0
0	0
0	0
0	0
0	0
0	0
0	0
0	0
0	0
0	0
0	0
0	0
0	0
0	0
0	0
0	0
0	0
0	0
0	0
0	0
0	0
0	0
0	0
0	0
0	0
0	0
0	0
0	0
0	0
0	0
0	0
0	3
0	0
0	0
0	0
0	0
0	0
0	0
1	0
0	0
0	13
0	0
0	0
1	0
0	0
2	0
0	0
0	0
0	1
0	0
0	0
0	0
0	0
0	11
0	0
0	0
0	0
0	0
0	0
0	0
0	0
0	0
0	0
0	0
0	0
0	0
0	6
0	0
0	0
0	0
1	532
0	0
0	0
5	586
0	0
0	0
0	0
0	0
0	0
0	0
0	0
0	0
3	0
0	0
0	0
0	2306
0	0
0	0
0	0
0	185
0	0
0	226
0	0
8	0
0	0
0	0
0	0
0	0
1	0
0	0
0	0
0	0
0	0
0	0
0	0
1	2
0	0
0	0
0	24
0	0
0	3
1	0
0	0
0	0
0	0
0	0
0	0
0	0
0	0
0	0
0	0
0	0
0	0
0	0
0	0
0	0
0	0
0	0
0	0
0	0
0	0
0	0
1	0
0	0
0	0
0	0
0	0
1	0
0	0
0	0
0	0
0	0
0	0
0	0
0	0
12	0
0	0
0	0
0	0
0	0
0	0
0	0
0	0
1	0
44	15216
0	0
0	0
0	0
0	0
0	0
0	0
0	2
0	1
0	0
3	2
0	0
0	0
0	0
0	0
0	0
0	0
0	0
0	0
5	0
1	0
0	0
0	0
0	0
0	0
0	0
0	1
0	0
0	0
0	0
0	0
0	0
0	0
0	0
0	0
2	22
11	2
75	24
0	0
0	0
1	0
0	0
0	0
32	72
0	0
0	0
0	0
0	0
0	0
0	0
0	0
0	0
0	0
0	0
0	0
0	0
0	0
0	0
0	0
0	0
0	0
0	0
0	0
28	2
0	1
0	0
0	0
0	0
0	0
0	1
0	0
0	0
0	0
0	0
0	0
0	0
8664	21179
0	0
0	0
0	0
0	0
0	0
0	0
0	0
0	0
0	0
0	0
0	12
0	0
1	0
26	0
0	64
0	0
0	3
0	0
0	0
0	0
0	0
0	0
0	0
0	0
0	0
2	0
0	5
0	0
0	0
0	0
0	0
0	0
0	0
0	0
0	0
0	0
0	0
0	0
0	0
0	0
0	0
0	0
0	0
4	33
18	1266
0	0
0	0
0	0
0	0
0	0
2	1210
0	0
0	0
0	22
0	6
0	0
0	0
0	0
0	0
2	0
0	0
0	425
0	0
0	13
0	0
1	0
1	0
0	0
0	0
1	0
5	8450
0	1
0	0
1	158
0	0
0	0
1	0
0	0
0	0
0	0
0	0
0	0
0	0
0	0
1	0
0	0
0	0
0	0
0	0
0	0
0	115
0	0
0	0
0	0
5	2
0	0
0	0
3	0
0	0
2	195
0	0
0	57
1	0
0	0
0	0
0	0
1	0
0	0
1	0
0	0
0	0
0	0
0	0
0	0
0	0
2	0
3	0
0	0
0	0
17	11
0	0
0	0
11	12
0	0
0	0
22	68
0	0
0	0
0	0
0	0
0	1
0	7
0	0
0	0
0	0
0	0
1	0
0	0
0	0
0	0
0	0
0	0
0	0
0	0
0	0
13	0
0	0
0	0
0	0
0	0
0	0
0	0
0	0
0	0
0	0
0	0
1	15
0	0
0	0
0	0
0	0
0	0
1	200
0	0
0	0
0	0
0	0
0	0
0	0
0	0
0	0
0	0
0	0
0	0
2	0
0	0
0	0
0	0
0	0
0	0
0	0
0	1
0	0
0	0
0	0
0	0
0	0
0	0
0	0
6	0
0	0
0	0
1	0
1	108
0	0
1	0
0	0
4	1
0	0
0	0
0	0
0	0
8	1
0	0
5	889
0	0
0	0
0	0
0	0
0	0
0	0
0	0
0	0
0	0
0	0
0	0
0	0
0	0
0	0
0	0
0	0
0	0
0	0
0	0
0	0
1	1
0	0
0	0
0	0
0	0
0	0
2	854
0	0
0	0
1	238
0	0
0	0
0	0
0	0
0	0
0	26
0	0
0	0
0	0
2	0
0	0
0	0
0	0
0	0
0	0
0	0
0	0
0	157
0	0
0	0
0	0
0	0
0	0
0	0
0	0
0	0
0	0
2	0
0	0
0	0
8	0
0	0
0	0
0	0
0	0
0	0
0	0
0	0
0	0
0	0
0	0
0	0
9	0
0	0
0	0
0	0
0	0
0	0
1	93
0	0
0	0
0	10
0	0
0	0
0	0
0	0
0	0
0	0
0	0
0	0
0	0
0	0
0	0
0	0
0	0
0	0
0	0
0	0
0	0
0	0
0	0
0	0
0	0
0	0
0	0
0	0
0	0
0	0
0	0
0	0
0	0
0	0
0	0
0	0
0	0
0	0
0	0
0	0
0	0
0	0
1	0
8	0
0	0
0	0
0	0
0	0
2	145
62	235
0	0
0	0
0	0
0	0
0	0
0	0
0	0
0	0
0	0
0	0
0	0
0	0
5	62
0	0
0	0
0	4257
0	0
0	0
0	0
0	0
0	0
0	0
0	0
0	0
0	0
0	0
0	0
0	442
0	0
0	0
0	0
0	0
0	0
0	0
0	0
0	0
0	0
1	0
0	0
0	0
0	0
0	0
0	0
8	5
0	0
1	9
25	0
1	0
2	0
2	0
2	0
0	0
0	0
0	0
0	0
0	0
0	0
0	0
0	0
0	0
0	0
0	0
0	0
0	0
1	0
0	0
1	3
0	0
0	151
0	0
0	0
0	0
0	0
0	0
0	0
0	1
0	0
0	424
0	0
0	0
0	0
1	0
0	1
2	0
6	2616
0	0
0	0
0	0
0	0
0	0
0	0
1	0
11	4
0	0
1	1
1	540
0	0
0	0
0	0
1	74
0	0
0	0
8	0
0	0
0	0
0	0
0	0
0	0
0	0
0	0
0	0
2	0
0	0
0	0
3	3607
0	0
0	0
0	0
0	0
0	0
0	0
0	0
0	0
0	0
0	0
0	0
0	0
0	0
0	0
2	101
0	0
2	0
0	0
0	0
0	0
0	0
0	0
0	0
0	0
0	4
0	0
39	4
0	0
0	0
1	0
0	0
0	0
0	0
1	0
0	0
0	0
0	0
0	0
0	0
0	0
0	0
0	0
5	55
0	45
0	0
0	0
0	3
0	0
4	0
1	0
1	0
0	0
0	0
0	0
0	0
0	0
0	0
0	0
0	0
0	0
0	0
0	0
0	0
0	0
0	313
0	0
0	604
8	30
0	22
5	259
2	70
0	0
1	0
0	23862
1	0
0	0
0	0
0	0
2	0
1	13
0	0
0	0
0	0
48	22
0	0
0	0
0	0
0	0
0	0
7	0
0	0
0	0
0	0
0	0
0	0
0	0
0	0
1	1
22	0
5	0
0	0
1	0
0	0
0	0
1	0
0	0
0	0
0	0
0	0
0	0
2	0
1	140
0	0
0	0
0	0
1	1
0	0
0	0
0	0
0	0
1	0
0	0
0	0
0	0
0	0
0	0
0	0
0	45
0	0
0	0
0	0
0	0
0	0
0	0
0	0
0	22
0	0
0	0
0	0
0	0
0	0
0	0
0	0
0	0
0	0
0	0
0	0
0	0
0	0
0	3
0	0
0	0
0	0
0	0
0	0
0	0
0	0
0	0
0	0
0	0
10	0
0	0
0	0
0	0
0	0
0	0
0	0
0	0
0	0
1	2
2	0
22	12
0	0
0	0
0	0
0	0
0	0
0	0
0	0
2	4
0	600
0	0
0	0
0	0
0	0
0	0
0	349
0	0
0	0
0	0
1	31
0	0
0	0
0	0
0	0
0	0
0	0
0	0
0	0
0	0
0	0
0	5
0	0
1	28
0	0
0	0
1	0
0	0
0	0
0	0
0	0
0	0
0	0
0	0
0	0
2	3
0	0
0	0
0	0
0	0
0	64
0	0
0	0
0	0
0	0
0	0
0	0
0	0
0	0
0	0
0	4
0	0
0	189
0	0
0	0
0	0
0	0
0	43
0	0
0	0
0	0
0	0
0	0
0	99
0	0
0	2
0	0
0	0
3	1
0	0
0	0
1	0
0	0
0	0
0	0
1	0
0	0
0	0
13	0
2	0
0	0
0	0
0	0
0	0
0	4
0	0
0	0
0	0
0	0
0	0
0	0
0	71
0	0
0	1
0	1
0	0
0	0
0	0
0	0
0	0
0	0
0	0
0	0
1	0
0	0
0	0
0	0
0	0
0	0
1	28
0	0
0	0
2	14
0	1
0	0
0	0
0	0
1	80
0	2
0	0
0	0
0	0
0	0
0	0
0	0
0	0
0	0
0	0
0	0
0	0
0	0
0	0
0	0
0	0
0	0
0	7103
1	2
0	0
0	0
29	11
0	0
0	0
0	0
1	0
0	0
0	0
0	0
0	5
0	0
0	0
0	0
0	0
0	35
0	0
0	0
0	1
0	0
0	3
0	0
0	0
17	5121
0	0
1	0
0	0
0	0
0	0
0	0
0	0
0	0
0	0
1	0
0	0
18	1264
0	0
0	0
0	0
0	0
0	0
0	11
0	0
0	0
5	0
0	0
0	0
0	0
0	0
1	0
0	0
0	0
0	0
0	1
0	0
1	0
0	0
0	0
0	0
0	0
0	0
0	0
0	0
1	0
0	0
0	0
0	0
0	0
0	0
0	0
0	0
0	0
0	0
0	0
0	0
0	0
0	0
0	0
0	0
0	24
0	0
0	0
1	0
0	0
0	0
0	0
0	0
0	0
0	0
0	0
0	0
0	0
0	0
1	0
0	0
0	0
0	0
0	0
0	0
0	0
0	0
0	4
0	0
2	7
0	0
0	0
0	0
0	0
0	0
0	0
0	2798
0	0
1	1
2	47
0	0
0	0
0	0
0	0
0	2
0	0
0	0
1	0
0	0
3	0
0	0
0	0
0	0
0	0
0	0
0	0
0	0
0	0
0	0
0	0
0	0
0	0
0	0
0	20
0	1
0	0
0	0
0	0
0	0
0	0
0	8
0	0
0	0
0	0
0	0
0	0
0	0
0	0
0	0
0	1
6	0
0	1
1	3
1	1
0	0
0	0
0	0
0	0
0	0
0	0
0	0
0	1
0	0
5	0
0	0
0	0
0	0
0	0
0	0
0	2
0	0
0	0
0	0
0	0
0	0
0	0
0	0
0	0
0	7
0	0
0	0
0	0
1	0
0	0
0	0
2	0
1	0
0	0
0	0
0	0
0	0
0	0
0	0
1	32
1	0
1	17
0	0
0	0
0	0
0	0
0	27
0	0
0	0
0	1
0	0
0	0
1	2455
0	0
7	9609
0	0
0	0
0	0
0	0
0	0
0	0
0	0
0	0
0	0
3	279
0	0
0	0
0	0
0	0
0	0
1	0
0	0
0	0
0	0
1	869
0	0
3	0
5	6
0	0
0	0
3	33
0	1
0	0
0	0
0	0
0	0
0	1
0	0
0	0
0	0
0	0
0	0
0	0
0	0
0	0
0	0
0	0
0	0
0	0
0	0
0	0
0	0
2	25
0	0
0	0
0	0
0	0
0	0
0	0
0	43
0	0
0	15
0	0
0	22
0	0
0	0
0	0
0	0
0	0
0	3
0	0
0	2
0	0
0	0
0	0
0	0
0	0
0	0
0	0
0	0
0	0
0	0
0	0
0	0
0	0
0	0
0	0
0	83
0	0
0	6
0	0
0	0
0	0
0	0
0	0
2	0
0	0
0	0
0	0
0	0
0	0
0	0
0	0
0	0
1	0
0	0
0	0
0	0
0	0
0	0
0	0
0	0
0	0
0	0
0	0
1	0
0	0
0	0
0	0
0	0
0	0
0	0
0	0
2	0
0	0
0	0
0	0
0	0
0	0
0	0
0	0
2	83
14	7
0	9
0	34
0	3
0	0
0	1
0	0
0	0
0	0
0	0
0	0
0	0
0	0
0	0
0	0
0	0
0	0
0	0
0	0
0	0
0	0
0	0
0	0
0	0
1	0
0	0
8	0
0	0
0	0
0	1268
0	0
0	0
0	0
0	2
0	0
1	0
0	0
0	0
0	0
7	17
0	0
2	0
1	0
0	0
0	0
0	0
0	0
0	0
0	0
0	48
0	0
0	0
0	0
0	336
0	0
0	0
0	0
0	0
0	0
0	0
0	0
1	0
0	0
0	0
0	0
0	0
0	0
0	0
0	0
0	0
0	0
0	5
0	3
5	0
0	0
0	0
0	0
0	0
1	6
0	0
0	0
0	0
0	0
1	0
0	0
0	0
1	0
0	0
0	0
0	0
0	0
0	321
0	0
0	0
0	0
0	0
0	0
0	0
0	0
0	0
0	0
0	0
0	0
0	0
0	0
0	0
1	0
0	0
0	0
0	0
4	225
0	0
0	0
0	0
0	0
0	0
1	0
0	1
0	0
0	0
0	0
0	0
0	0
0	0
0	0
0	0
0	0
0	0
0	0
1	1
0	1
0	0
0	0
0	0
0	0
2	0
0	0
0	0
0	0
94	147
0	0
0	0
0	0
0	0
0	0
0	0
0	0
0	0
0	0
0	0
0	0
0	1
2	0
0	0
0	0
0	0
0	0
0	0
0	0
8	158
0	0
0	0
0	0
0	0
7	0
0	0
1	1
0	4
0	0
0	0
8	0
0	0
0	0
0	0
0	0
0	0
0	0
0	0
0	0
0	0
0	0
28	0
0	0
121	0
0	0
348	237
0	0
0	0
0	2
0	0
0	0
0	0
1	0
0	0
0	0
8	210
17	0
0	0
0	0
0	0
0	0
0	0
0	0
0	0
0	0
0	0
0	0
0	0
0	0
2	197
0	0
7	0
0	48
0	0
0	0
0	0
0	0
0	0
0	0
0	0
0	0
0	0
0	0
0	0
0	0
0	0
0	159
0	0
0	0
0	0
1	1
2	2
0	0
0	0
672	30410
0	0
0	0
0	0
0	0
0	0
0	0
0	0
0	0
0	0
0	0
0	1
0	0
0	0
0	0
0	0
0	0
0	0
0	0
0	0
0	0
0	0
0	0
0	0
0	0
10	0
0	0
0	0
0	0
1	0
0	0
0	0
0	0
0	0
0	0
0	0
0	1
0	1
0	0
1	0
0	0
0	0
0	1
0	0
0	0
0	0
2	0
0	0
0	0
0	0
0	0
0	0
0	0
0	0
0	0
2	5607
0	0
0	0
0	0
0	0
0	0
0	0
0	0
1	0
0	0
0	0
0	0
0	0
0	0
0	0
0	0
0	0
0	0
2	0
0	0
0	0
0	0
0	0
0	0
0	1
0	0
0	0
0	0
0	0
0	0
0	0
1	0
0	0
0	0
0	0
0	0
0	0
0	0
0	0
0	0
0	0
0	0
17	0
0	0
0	0
0	0
0	27
1	0
0	0
0	0
0	0
0	44
0	7
0	0
3	7
0	0
0	0
0	0
0	0
0	0
0	0
0	0
0	0
0	0
0	0
0	0
0	0
0	0
0	0
0	0
0	0
0	0
0	0
0	0
0	0
0	0
0	0
0	0
0	0
7	575
0	1
0	0
0	0
0	236
0	0
0	0
0	0
0	0
0	0
0	0
0	0
0	0
0	0
0	0
0	0
0	0
0	0
0	0
0	0
0	0
0	0
0	0
0	0
0	0
0	0
3	0
0	0
0	0
0	0
0	0
0	0
0	0
4	0
7	1758
0	0
1	0
0	0
0	0
1	0
0	0
0	8
6	2
1	0
1	0
0	0
0	0
0	0
0	0
0	0
1	0
0	0
1	0
0	0
0	0
0	0
0	0
0	0
0	0
0	18
0	0
0	0
0	0
0	0
0	0
0	0
0	0
0	0
0	0
0	345
0	0
0	0
0	0
0	6
0	0
0	0
0	0
0	0
0	0
0	0
0	0
0	0
0	0
0	0
0	0
0	0
9	30
0	0
0	0
0	0
0	0
2	0
0	0
0	0
0	0
0	0
0	0
8	1
0	0
0	0
0	0
0	0
0	0
687	831
0	0
0	0
0	0
0	0
1	0
5	0
2	0
1	0
0	0
2198	16
0	0
0	0
0	0
0	0
0	0
0	0
1	6
0	0
0	0
0	0
0	0
0	1
0	0
0	0
0	0
0	0
0	0
0	0
0	0
0	0
0	0
4	0
0	0
1	2
0	0
0	0
0	0
0	0
0	0
1	0
2	0
0	0
0	0
8	0
0	0
2	0
0	0
0	0
0	2
0	0
0	0
0	0
0	0
18	29
0	0
1	1
0	0
276	0
0	0
2	0
0	0
0	0
0	59
1	0
0	0
0	1
0	1
0	0
0	0
6	551
1	159
0	0
0	0
0	0
0	0
0	0
0	0
0	0
0	0
0	0
0	0
5	0
0	0
0	0
0	0
0	0
0	0
0	0
0	0
0	2
5	3
0	0
0	0
0	43
0	0
0	0
0	0
0	0
0	0
0	0
0	0
0	0
0	0
0	0
0	0
0	0
0	0
0	0
0	0
0	0
1	0
0	0
0	0
1	0
0	0
0	0
0	0
0	0
0	0
0	0
0	0
0	0
5	0
0	0
0	0
9	99
4	1
0	1
0	0
0	0
0	0
0	1
2	1
0	0
0	10
0	0
0	0
2	0
0	0
0	0
0	1
0	0
0	0
0	0
0	0
0	0
0	0
0	0
0	0
0	0
0	0
0	0
0	0
0	58
0	0
1	0
0	0
0	0
0	0
1	0
0	0
0	0
5	0
0	0
0	0
0	0
0	1
0	0
0	0
0	0
0	0
0	0
0	0
0	0
0	0
0	0
0	0
0	0
0	0
0	57
0	0
0	0
0	0
0	0
0	0
0	0
0	0
0	0
0	0
0	0
0	0
0	0
0	0
2	5
0	0
0	178
0	0
0	0
0	0
0	0
2	0
0	0
0	8
0	0
0	0
0	0
0	0
0	0
0	0
0	0
0	0
0	0
9	0
0	0
0	0
0	0
1	1
0	0
0	0
3	10
0	0
0	0
0	9236
0	0
0	0
0	0
0	0
0	0
0	0
0	0
0	0
0	0
0	0
0	0
0	0
0	0
0	0
0	0
0	405
0	6
0	0
0	0
0	0
1	102
0	0
0	0
0	0
0	0
0	0
0	0
0	0
0	0
0	0
0	0
0	0
0	8
0	96
0	0
7	1
0	0
0	0
0	0
2	0
0	0
0	0
1	0
1	0
0	0
0	0
1	0
0	0
0	16
0	0
0	0
0	0
1	10
0	0
3	686
0	0
0	0
1	0
0	0
0	0
0	0
0	0
0	0
0	22
0	0
0	0
0	0
0	396
0	0
0	0
0	0
0	0
0	0
0	0
0	0
18	0
0	0
0	0
0	0
0	0
0	0
0	0
0	1
0	0
0	0
0	0
0	0
0	0
0	0
0	0
0	0
0	0
1	1
0	183
0	0
0	0
0	0
0	0
10	0
18	1
0	0
1	13
0	0
0	0
5	16
0	0
0	0
0	0
2	0
0	1
0	1
0	0
0	0
0	0
0	0
0	8
4	12
0	4
0	0
0	19
0	0
0	0
1	6
0	0
0	0
0	1
0	0
8	2
0	0
0	0
0	0
4	3129
0	0
0	0
0	25
5	23
0	0
0	0
0	0
0	0
0	172
0	0
0	0
0	0
0	9
0	0
0	0
0	0
0	0
0	0
0	0
0	0
0	0
0	0
0	0
0	0
14	2346
0	0
0	0
0	0
0	0
0	0
0	0
0	0
1	27
0	0
0	0
0	0
0	53
1	0
5	573
0	0
0	0
0	0
0	0
0	0
0	0
0	0
0	0
0	0
0	0
0	0
3	0
0	0
0	0
1	6
2	0
0	0
0	0
0	0
0	0
0	0
0	0
0	0
0	2
0	0
0	0
0	0
0	0
0	5
0	0
0	0
0	0
0	0
0	0
0	0
0	0
0	0
4	5
0	0
16	0
0	0
0	0
0	0
0	0
0	0
0	46
0	0
2	0
0	0
5	160
0	0
0	0
3	34
0	0
0	0
0	0
0	0
0	0
0	1
0	0
0	0
0	0
2	0
0	0
0	0
0	0
0	0
0	0
2	3
3	31
0	0
0	0
0	0
0	0
0	0
0	0
1	0
0	0
0	0
0	0
0	0
0	0
0	25
0	0
2	0
0	0
2	0
0	0
0	0
0	0
0	0
0	0
5	0
0	0
0	0
0	0
0	0
0	0
0	0
0	0
2	0
0	0
0	0
0	0
1	421
0	2
2	3
0	0
6	0
0	0
1	0
242	608
0	4
0	0
0	0
0	0
0	0
0	0
0	0
0	0
0	221
0	0
0	0
0	0
0	0
0	0
0	0
1	0
0	0
3	0
0	0
0	0
0	0
0	0
0	0
0	0
1	0
0	0
0	0
0	345
0	0
0	0
81	77
0	79
0	0
0	0
4	0
0	0
0	314
0	0
0	0
0	0
0	0
0	0
0	0
1	0
0	0
0	0
1	0
0	0
0	0
0	0
0	0
0	0
0	18
0	0
0	0
0	0
0	0
0	0
3	0
0	0
0	0
0	0
0	0
0	0
0	0
0	0
0	0
0	0
0	0
0	0
0	0
0	0
0	0
0	67
0	0
0	1
2	0
0	103
0	0
0	0
0	0
0	1
1	2
0	0
0	0
0	142
0	0
0	0
0	0
0	0
0	0
0	0
0	0
0	0
0	96
0	0
3	0
2	10
0	0
0	0
0	0
0	0
0	0
0	0
6	15
0	0
0	0
0	0
0	0
0	0
0	9
0	0
0	3
0	0
4	0
0	43
0	0
0	0
0	0
0	0
0	0
0	0
0	0
9	0
0	0
0	0
0	0
0	0
0	0
0	0
0	0
0	0
0	0
0	0
0	0
0	0
0	0
0	0
0	0
0	0
2	0
0	0
2	84
1	0
0	0
0	0
0	0
0	0
3	236
0	0
0	0
0	0
0	689
0	0
0	0
0	0
0	0
1	0
0	0
0	0
0	1
0	0
0	0
0	0
0	0
0	0
0	0
0	0
0	10
0	0
0	5
0	0
0	0
0	0
0	1
0	0
0	0
0	0
0	0
13309	23885
1	0
2	1
0	0
0	1
0	0
0	0
0	0
2	0
0	0
0	0
0	0
0	154
0	0
0	0
0	0
0	0
0	0
0	0
0	0
9	1966
0	0
0	0
0	0
2	183
3	411
0	0
0	0
0	1
0	0
3	90
0	0
0	3
0	0
0	0
0	0
0	0
0	0
1	0
1	0
0	0
0	0
0	0
0	0
0	163
0	0
2	0
0	0
0	0
0	0
3	0
0	0
0	0
0	0
0	0
0	0
0	0
0	0
1	0
0	0
0	0
0	0
1	0
0	0
0	0
7	0
0	0
0	0
0	0
0	0
0	0
1	0
0	0
0	0
0	0
0	0
0	0
0	0
0	3
0	0
2	0
0	0
0	0
0	0
1	0
0	0
0	0
0	0
0	0
0	0
0	0
0	0
0	0
0	1
0	0
0	0
0	0
0	0
0	0
0	0
0	0
0	0
0	0
0	14
0	0
0	0
0	0
0	0
40	22
0	0
0	0
5	0
0	0
0	0
0	0
0	173
0	0
0	0
3	0
0	0
0	0
0	0
0	0
1	0
0	0
0	0
1	0
0	0
0	0
0	0
0	0
0	0
0	0
0	0
0	0
0	0
1	0
4	39
0	0
0	0
0	591
0	0
0	0
0	0
0	11
0	0
0	14
0	0
0	0
0	0
0	7
0	0
0	0
0	0
0	36
0	0
0	842
0	0
0	0
0	0
0	0
0	0
0	0
0	0
0	0
0	6186
0	0
0	0
0	0
0	0
0	0
0	0
0	0
0	0
0	0
0	1
0	0
0	0
0	0
0	0
0	0
0	0
0	0
0	0
0	0
0	0
0	0
0	0
0	0
0	0
0	0
0	0
0	19
0	0
0	0
0	0
0	0
0	0
0	0
0	0
0	0
1	0
0	0
1	0
0	0
0	0
0	0
0	0
0	0
0	305
0	0
0	0
3	0
0	0
0	0
18	21844
0	0
0	0
0	0
0	0
0	0
0	0
0	0
0	1
0	0
0	0
0	0
0	0
0	0
0	0
2	0
0	4
0	0
0	0
0	0
0	39
0	0
0	0
0	1
0	0
3	0
0	0
8	0
1	0
0	0
0	0
0	0
0	3
0	0
2	2090
0	0
0	0
0	0
0	0
0	0
0	0
0	0
0	5203
0	0
0	0
0	0
0	0
0	0
0	0
0	0
0	0
0	0
0	0
0	0
0	0
0	0
0	0
0	0
0	0
0	0
3	0
0	0
0	210
3	1
0	0
0	0
1	0
1	525
26	41
0	0
0	0
0	0
2	0
0	0
0	0
0	0
0	0
0	0
0	0
0	0
0	0
0	0
0	0
0	0
0	0
0	0
0	0
0	0
0	0
0	0
0	0
8	0
0	0
2	0
0	0
2	0
0	0
1405	2545
0	161
18	0
0	0
0	0
0	0
0	0
0	0
0	0
0	0
3	0
0	0
0	6
0	0
0	0
0	0
0	0
0	0
0	0
0	4
57	33
0	16
0	0
0	0
0	0
0	0
0	0
0	0
0	0
3	0
0	0
0	0
0	0
0	0
1	0
0	0
0	0
0	0
0	0
0	0
0	0
0	0
0	0
0	0
0	0
76	34
0	0
0	0
0	0
0	1
2	0
9	8
0	0
0	0
0	0
0	0
1	0
0	0
0	0
0	0
0	0
0	0
0	0
0	0
0	0
0	2
0	0
0	0
0	0
0	0
1	0
0	0
0	2
0	0
0	0
16	56
0	0
0	0
5	0
0	0
0	1
1	0
0	0
1	0
3	0
0	0
1	0
0	0
0	0
1	1
0	0
0	0
0	0
0	0
0	0
1	0
0	0
0	0
0	0
0	0
0	0
0	0
0	4
0	0
0	0
0	3
0	0
0	0
0	0
0	0
0	0
0	0
0	0
1	0
0	0
2	0
0	0
0	0
0	0
0	0
0	0
0	0
0	0
0	0
0	0
0	0
0	0
0	0
0	0
0	22
0	0
0	0
0	0
0	48
0	0
0	0
0	0
0	4
0	0
3	0
0	0
0	0
0	5
0	0
0	0
0	0
1	86
4	0
0	0
0	0
0	0
0	0
0	0
0	0
0	0
0	0
0	0
37	0
0	0
0	333
0	0
1	117
0	0
0	0
0	0
0	0
0	0
0	0
0	0
0	0
7	0
0	0
0	0
0	0
0	46
1	4
0	0
0	0
7	0
0	0
0	0
1	0
0	0
0	0
0	0
11	1
0	0
0	0
0	0
0	0
0	0
0	0
0	0
0	0
0	0
0	0
0	0
0	0
0	0
1	0
1	169
0	0
0	0
0	0
2	0
1	0
0	0
0	0
0	0
20	76
0	0
0	0
0	0
0	0
0	0
0	0
0	0
0	0
0	18
0	0
0	0
0	0
0	0
0	0
0	0
0	0
0	0
0	0
0	0
0	47
0	0
3	0
0	0
0	0
0	0
0	0
0	119
0	0
0	0
2	2
0	0
0	0
2	942
9	0
0	0
0	4
0	25
0	0
0	0
0	0
1	0
0	0
0	0
0	0
0	0
0	0
0	0
0	0
9	0
0	0
0	0
0	0
0	0
1	0
0	0
0	0
0	0
1	1
0	0
0	2
3	0
0	0
2	0
2	0
0	0
0	0
0	0
0	0
0	0
0	0
0	0
0	0
0	0
0	0
0	0
0	0
0	0
0	0
0	0
0	0
0	0
0	0
0	0
0	0
0	0
0	0
0	0
2	0
0	0
0	0
0	0
0	0
0	0
0	0
3	0
0	0
0	0
0	0
0	0
0	0
0	0
0	0
0	5
0	0
0	0
0	0
0	0
0	0
0	0
1	0
0	0
0	0
0	0
0	0
0	0
0	0
0	0
0	0
0	0
0	0
0	0
0	0
0	0
0	0
0	0
0	0
0	0
0	0
0	0
0	0
0	0
0	0
0	0
0	0
0	0
0	0
0	0
0	0
0	0
0	0
177	137
0	0
0	1
0	0
0	0
0	1
0	0
0	0
0	0
0	0
1	20
0	0
0	0
0	0
0	0
6	7
0	8
0	0
1	0
0	0
0	0
1	0
0	0
0	0
0	0
0	0
0	0
0	295
0	3
0	0
1	0
0	0
0	531
0	0
0	0
0	0
3	0
0	0
0	0
0	0
0	0
0	0
0	0
0	0
0	0
0	0
0	0
0	0
0	0
0	0
0	0
0	0
0	0
0	0
0	0
0	0
0	0
0	0
0	0
0	0
0	0
0	0
0	1
0	0
0	0
0	0
1	75
0	0
0	0
0	0
0	0
0	0
0	0
2	0
0	0
0	0
1	0
0	0
0	0
0	0
1	3
0	0
3	8
0	0
7	13
0	0
2	32
2	0
0	0
0	0
0	0
1	0
0	0
0	0
0	0
0	0
0	29
0	0
0	0
0	0
0	0
0	0
0	0
0	0
0	0
0	0
0	0
0	0
0	0
0	0
0	0
0	0
2	0
0	0
0	0
0	0
0	0
0	0
0	0
0	0
0	0
0	0
0	0
0	0
0	0
0	0
0	0
1	0
0	0
0	0
1	0
0	0
0	50
0	0
0	0
0	0
0	0
0	1
0	0
1	0
0	0
0	0
0	331
0	0
0	0
0	0
1	0
1	11
0	0
0	0
0	1
0	0
0	0
0	0
0	1
0	0
0	0
0	0
0	0
0	0
0	0
0	0
0	0
0	0
0	0
0	0
0	191
6	61
0	0
0	0
0	0
0	0
0	134
0	0
0	0
0	0
0	0
0	0
0	0
0	0
0	0
0	41
0	0
0	0
0	0
0	0
0	0
0	0
0	0
0	0
0	0
0	0
0	0
0	0
0	0
0	0
9	0
0	0
0	0
0	0
0	0
0	0
0	0
0	0
0	0
0	0
3	0
0	0
1	0
0	0
0	2
0	0
0	0
0	0
2	0
0	0
0	0
1	0
0	0
0	0
2	0
1	0
0	0
1	0
0	0
0	0
3	0
0	0
0	0
3	168
0	0
0	0
0	0
0	0
0	0
0	0
0	0
0	48
0	0
4	0
0	0
0	0
0	0
0	0
0	0
5	2831
0	0
0	0
0	0
1	318
3	0
0	0
0	0
0	0
1	303
2	39
0	0
0	0
0	0
0	0
0	0
0	0
0	0
0	0
1	4
0	0
4	0
0	0
0	0
0	0
0	0
0	0
1	0
0	0
0	0
0	0
0	0
1	350
0	0
0	0
0	0
0	0
0	0
0	0
0	0
0	0
0	0
0	0
0	0
0	0
1	21
0	6
0	0
2	6
0	0
0	0
0	0
0	0
0	0
0	0
0	0
0	0
0	0
2	0
0	0
0	0
0	0
0	0
0	0
0	0
0	443
0	0
0	0
0	0
0	0
0	0
37	122
11	1
0	0
0	0
0	0
0	0
0	0
0	0
0	0
0	0
0	0
0	0
0	0
0	0
0	0
0	0
0	0
0	0
0	0
1	0
0	0
0	0
0	0
0	0
0	0
0	0
0	0
0	0
0	1
0	0
1	0
0	0
0	0
0	0
0	0
0	0
0	0
0	0
0	0
0	0
0	0
0	0
0	0
0	0
0	0
0	0
0	1423
0	32
0	0
0	0
0	0
0	0
0	0
0	0
1	0
0	0
0	1
0	0
0	0
0	0
0	0
0	0
0	0
0	0
0	0
0	0
0	0
0	0
0	663
0	0
0	0
3	1248
0	0
0	0
0	0
0	0
0	0
0	0
0	0
0	0
0	0
0	0
0	0
3	0
0	0
0	0
0	0
0	0
0	0
0	0
0	0
0	1
0	0
0	0
0	0
0	0
0	0
0	0
0	2
0	0
0	0
8	5767
0	0
0	0
1	34
1	0
0	3598
0	0
0	0
0	0
0	0
0	4
0	0
0	0
0	0
0	0
0	0
0	0
0	0
0	0
0	0
0	0
0	0
0	0
0	3
0	0
0	0
0	1
0	0
0	0
0	0
0	0
1	0
0	0
1	30
0	0
0	0
0	0
0	0
0	0
0	0
0	0
0	2
0	0
0	0
0	0
0	0
0	0
0	0
0	0
0	0
0	0
0	0
0	0
3	5
0	61
0	0
0	0
0	0
0	0
0	0
0	0
0	0
1	0
0	0
0	0
0	0
0	0
1	0
0	0
1	0
0	0
0	4
0	0
0	1
0	0
0	340
0	0
1	0
0	0
0	0
2	11
0	0
0	0
0	0
0	0
0	0
1	0
1	1
1	0
0	0
0	0
2	0
0	0
1	0
0	0
0	0
3	0
0	82
0	0
0	0
0	0
0	0
0	0
2	0
0	0
0	0
1	223
1	0
0	0
0	0
0	0
0	0
2	2092
0	0
0	0
0	0
0	0
0	0
0	0
0	0
1	812
0	0
3	0
0	0
0	0
0	0
0	0
3	8162
0	0
0	0
0	0
0	0
0	0
0	1
0	0
0	0
0	0
2	6
0	0
1	0
0	0
0	0
0	0
0	0
0	0
0	0
0	0
0	0
0	0
0	0
0	46
2	12
0	0
8	841
0	0
0	0
1	0
0	0
0	0
0	0
0	0
0	0
0	0
0	0
0	0
1	0
0	0
0	572
0	0
0	0
0	115
0	0
0	0
0	0
0	0
1	0
0	0
0	0
0	0
0	0
0	0
0	0
0	3
0	0
0	0
0	0
0	0
0	0
1	0
1	0
0	0
0	0
0	0
0	8
0	0
2	0
0	0
1	24
0	0
0	0
0	0
0	0
0	0
1	0
0	0
1	0
5	1
0	0
0	48
0	0
0	0
0	0
0	0
0	0
0	5
0	0
0	0
3	48
0	0
3	0
0	0
0	0
0	0
1	1
0	0
0	0
0	0
0	0
0	0
1	0
0	0
0	0
0	0
0	0
0	0
0	0
0	0
0	0
0	0
0	1
0	0
0	0
0	0
0	0
0	0
5	771
0	0
3	0
0	0
0	0
0	0
0	0
0	0
0	0
0	0
0	0
0	0
0	0
0	0
0	0
0	0
6	0
0	0
0	0
1	0
0	0
1	563
0	0
0	0
0	0
4	930
1	0
4	22
0	0
0	0
0	0
0	0
0	0
0	0
0	0
0	0
0	0
0	0
0	5780
0	5
0	0
1	0
1	0
0	0
2	0
0	0
0	4
2	0
5	0
0	7
0	0
0	0
0	290
0	0
0	0
0	0
0	0
0	0
0	0
0	0
1	0
0	0
0	0
0	0
0	0
0	0
0	0
0	0
1	0
0	0
0	0
0	0
0	0
0	0
0	0
0	0
0	0
0	0
0	0
0	0
0	0
0	0
0	0
0	0
0	0
0	0
0	0
0	0
0	0
0	0
0	0
1	6
0	2955
1	0
0	0
0	0
0	0
0	0
0	0
0	0
0	0
0	0
0	0
0	0
1	0
0	0
0	0
0	0
0	0
0	0
0	0
0	0
0	0
1	14
0	0
17	0
0	3
2272	630
0	0
0	0
0	0
0	6
0	0
0	0
3	1
0	0
0	0
0	0
0	0
0	0
0	0
1	2
0	1
0	0
0	4
0	0
5	994
0	0
4	4658
0	0
0	0
0	0
0	0
0	0
0	4
0	0
0	56
0	0
0	0
0	0
0	0
0	0
0	0
0	0
0	0
0	0
10	847
0	0
0	0
0	0
1	0
0	10
0	0
0	0
0	0
0	0
0	10
0	0
0	0
0	0
0	85
0	0
15	2
0	1641
0	3909
0	0
0	0
3	1
0	0
2	0
0	0
0	0
0	0
0	0
0	0
0	0
0	0
0	0
0	22
442	2845
0	0
0	0
0	0
0	0
0	0
0	0
0	0
0	0
0	0
0	0
0	0
1	0
0	0
1	0
0	0
0	0
0	0
0	3
0	0
1	0
0	0
0	6
0	0
0	0
1	0
0	0
0	0
0	0
0	0
0	0
0	0
8	13
0	0
0	0
0	0
1	640
0	0
0	0
0	0
0	0
0	0
0	0
0	0
0	0
1	0
0	0
0	0
0	0
4	426
0	0
0	0
1	0
0	0
0	0
1	5
0	1020
38	4
0	0
2	0
1	107
0	0
0	0
0	0
0	0
1	0
0	0
0	0
0	0
0	6
0	0
0	0
2	1026
0	0
1	0
0	115
0	0
0	0
0	0
0	0
0	0
0	0
0	0
0	0
0	0
0	0
0	0
0	0
0	0
0	1
0	0
0	0
0	0
0	43
0	0
0	0
2	5
0	0
0	0
1	0
0	0
10	0
0	34
0	0
0	0
0	614
0	0
0	0
0	0
0	0
4	17
0	2
0	0
0	0
0	0
0	6
996	1184
0	0
0	0
0	0
0	0
0	0
0	0
0	0
0	0
0	0
0	375
1	0
0	0
1	0
1	19
0	0
0	0
0	0
0	0
0	0
0	0
0	0
0	0
0	0
0	25
0	0
0	0
0	121
0	0
0	0
0	0
0	0
0	0
0	0
0	0
0	0
0	0
0	0
0	0
0	0
0	0
0	4
0	0
0	0
0	119
0	0
0	0
0	0
0	0
0	0
0	7
0	0
0	9
1	0
0	0
0	52
0	0
0	0
0	0
0	0
1	0
0	0
0	0
0	0
0	1
0	0
0	17
0	0
0	0
0	0
0	0
0	0
0	0
0	0
0	0
0	0
0	0
0	0
0	0
0	0
0	0
1	0
0	0
0	0
0	0
0	0
6	0
0	0
0	0
0	0
0	0
0	0
0	0
0	0
0	0
0	0
0	0
1	0
2	0
0	0
5	0
0	0
4	0
0	0
0	0
0	0
0	0
0	0
3	0
0	0
0	0
0	0
1	0
0	0
0	0
0	0
9	0
0	0
0	0
0	0
0	0
0	0
0	0
0	0
1	0
0	0
0	0
0	0
0	0
0	0
0	0
0	0
0	0
0	4
0	4
0	1
0	1
1	1
0	1
0	0
0	1
0	1
0	0
0	0
0	1
0	2017
0	1595
0	0
0	0
0	0
0	0
0	1
0	0
7	7
0	7
0	1
0	1
0	0
0	0
0	0
0	0
0	0
0	1
0	1
0	0
1	42
1	42
0	5
0	4
0	5
4	5873
0	4272
0	0
0	0
0	0
0	0
2	3
0	1
0	3
1	0
1	0
9	0
0	0
0	0
0	0
0	0
0	3
0	3
4	6
0	6
0	2
41	3
0	4
1	0
1	0
16	0
0	0
0	0
0	11
0	16
0	0
0	0
0	0
0	0
0	0
0	0
0	1
2	275
0	0
0	4
0	4
3	0
0	0
0	0
0	0
1	0
0	77
0	347
2	1
0	1
0	2
0	2
0	0
0	0
0	0
0	0
3	0
0	0
0	0
0	1
8	1
0	0
0	0
4	0
15	0
0	0
75	191
0	191
7	4
0	4
0	2
0	2
9	0
0	6
0	5
0	1
0	17
0	0
0	0
0	0
0	0
4	0
0	0
1	12
0	8
0	424
0	834
9	1603
0	0
0	0
38	59
2	59
0	39
0	0
0	5
0	0
0	0
0	0
0	0
0	0
0	0
0	2
3	11
2	12
0	4
0	1
0	0
0	0
0	0
0	0
0	0
0	0
0	0
0	0
12	299
0	202
0	0
124	0
0	0
0	0
0	0
0	0
0	0
7	2
4	2
0	0
17	54
0	54
2	0
0	0
0	0
0	0
0	0
0	0
0	0
0	1
0	0
1	2
0	2
1	0
0	5613
0	4701
0	0
0	0
6	1837
0	0
0	0
0	0
0	0
0	0
0	0
0	0
1	0
0	0
0	0
0	4
0	0
0	0
0	0
0	0
1	39
0	151
0	142
1	1
0	1
1	0
0	0
0	0
0	0
0	4
0	4
11	1
0	1
0	0
0	0
0	0
0	0
0	0
0	1
0	1
0	0
0	0
1	0
1	0
0	6004
0	3307
0	286
0	0
0	0
0	2965
0	0
0	0
1	0
0	0
0	0
0	0
0	0
0	0
0	0
0	0
0	0
0	0
0	0
0	0
0	0
0	2405
3	4057
2	0
0	0
1	0
0	0
0	0
0	0
0	0
0	0
0	0
0	0
50	1
2	1
1	0
2	7
0	1
1317	14491
0	14363
0	0
0	31
0	0
0	0
0	0
5	4
37	4
5	1
0	1
0	0
16	0
347	47
0	47
0	0
0	7
6	121
0	89
0	0
0	0
0	0
0	0
0	0
0	0
0	0
0	1
0	7
0	7
0	2
173	253
226	253
0	32
0	32
0	1
0	1
0	0
0	0
25	1
0	1
0	0
0	0
0	0
0	0
0	0
0	0
0	0
0	0
8	81
0	5
304	76
0	0
33	12
0	12
3	68
0	0
0	0
0	21
0	2
0	0
0	0
13	7
1	5
1	2
0	2
0	2
5	8
0	8
0	9
0	104
59	21
0	0
0	0
0	5
3	0
9	2
0	2
25	96
0	5
2	0
0	0
0	0
3	21
0	21
0	0
0	0
0	0
1	0
0	0
0	5362
0	0
0	0
0	0
0	0
0	0
0	0
0	0
0	0
0	0
0	0
0	0
0	0
0	0
0	0
0	0
0	0
0	0
2	7
4	7
0	4
0	0
0	0
0	0
0	0
0	0
0	0
0	197
8	2
0	2
0	0
0	0
0	0
0	0
0	0
0	0
2	6
0	6
2	0
0	0
15	7
0	7
0	0
74	316
17	1
24	1
15	1
0	315
3	0
0	0
1	0
0	0
1	0
0	35
0	11
89	2
0	0
1	0
17	1884
0	1459
0	0
0	0
0	0
0	0
3	0
0	0
0	0
0	0
0	0
0	0
1	0
0	0
0	0
0	0
0	0
0	0
22	2455
0	2477
0	1406
0	0
0	0
1	2
3	2
0	0
0	0
0	0
0	0
0	0
0	0
0	0
0	0
0	0
0	0
91	52
0	52
0	3
0	3
0	0
0	0
0	0
0	0
0	0
0	0
0	0
3	1055
1	1
2	1
0	0
0	0
0	0
1	0
0	0
1	0
0	0
0	0
0	0
0	0
1	0
0	0
0	10
0	23
1	455
0	384
0	0
0	0
1	1
0	1
2	0
3	0
0	245
0	558
0	5
0	283
0	132
0	0
0	0
0	0
0	0
0	950
0	950
2	22
1	0
0	1
0	0
0	0
0	0
0	541
0	275
0	0
0	0
0	0
0	0
0	0
0	0
2	21
0	0
0	1
0	1
5	0
0	0
0	0
0	0
0	0
0	0
0	0
77	15
0	13
0	2
48	0
0	0
0	2
0	2
0	0
1	2
0	1
0	2
0	0
0	0
5	0
0	0
7	3
0	3
0	0
0	2
2	0
0	0
0	0
0	0
0	0
1	0
0	9
0	0
0	0
0	0
0	0
0	0
0	0
0	0
0	0
0	0
2	0
0	0
0	0
0	133
2	57
0	79
0	136
0	76
0	11
0	7
0	0
0	0
0	1
0	7
2	2
0	2
1	4729
0	4359
0	0
0	0
0	0
0	0
1	210
0	0
0	0
0	0
0	0
7	1
1	0
0	0
0	0
0	0
0	0
0	1
0	1
0	0
0	0
1	1
0	1
75	4351
203	5071
0	0
0	0
0	0
0	0
72	2
0	1
0	3
29	23
0	133
0	24
0	0
446	0
0	0
0	0
21	12
0	0
0	0
0	0
0	0
0	0
0	0
0	0
0	0
0	0
7	0
0	3
0	0
0	2
0	0
0	0
0	0
0	0
0	0
0	0
0	0
0	0
0	0
0	0
0	0
0	3
16	148
0	0
0	0
0	0
2	0
0	0
0	0
0	0
0	0
0	0
0	0
1	0
0	0
0	0
0	0
0	0
0	0
0	0
0	0
0	0
2	0
0	0
9	11
0	0
0	0
2	3
0	0
0	0
0	0
0	0
0	0
0	0
0	0
0	0
0	0
0	0
0	0
0	0
0	0
0	0
0	0
0	0
0	0
0	0
0	0
0	0
0	0
0	0
0	0
0	0
0	0
22	2
0	1
156	637
0	0
2	0
0	0
0	0
0	0
0	0
0	0
0	0
0	0
3	0
0	0
0	0
0	10
0	0
0	0
0	0
0	0
0	4
0	0
0	0
0	0
0	0
0	0
0	0
0	0
0	0
0	0
0	11
0	0
0	0
5	10
3	0
0	1
0	0
0	0
0	0
0	0
0	0
0	0
2	0
33	9
5	0
1	0
6	15
0	0
0	1
0	0
0	0
0	0
0	0
0	0
0	2
0	0
0	0
0	1
0	2
0	0
0	0
0	0
0	0
0	0
0	0
0	0
3	7
0	0
0	0
0	0
2	0
0	0
0	0
0	0
0	0
0	0
0	0
0	0
0	0
0	0
0	0
0	0
0	0
0	0
14	0
0	0
0	0
0	0
0	0
0	0
0	11
0	0
0	0
0	4
0	0
0	0
0	0
0	0
0	0
0	0
0	0
0	0
0	0
0	0
0	0
0	0
0	0
0	0
0	0
0	0
0	0
0	0
0	0
0	0
0	0
0	0
0	0
0	0
0	0
0	0
0	0
0	0
0	0
0	0
0	0
0	0
0	0
0	0
0	0
0	0
0	0
0	0
0	0
0	0
0	0
0	0
0	0
0	0
1	0
0	0
0	0
0	0
0	0
0	0
0	0
0	0
0	0
0	0
0	0
0	0
0	0
0	0
0	0
1	3
0	0
0	0
0	0
0	0
0	34
0	12
0	0
0	0
0	0
0	0
0	0
0	0
0	3
0	3
0	0
0	0
0	0
0	0
0	0
0	0
0	0
0	0
0	0
4	0
0	0
0	0
0	0
0	0
0	0
0	0
0	0
0	0
0	0
0	0
0	0
0	0
0	0
0	0
0	0
1	0
0	0
0	0
0	0
0	0
0	0
0	0
0	0
0	0
0	0
0	0
0	0
0	0
0	0
0	0
0	0
0	0
0	0
0	0
0	0
0	0
0	0
0	0
21	0
0	0
0	0
0	0
0	0
0	0
0	0
0	0
0	0
0	0
0	0
0	0
0	0
0	0
0	0
0	0
0	0
0	0
0	0
0	0
0	0
0	0
0	0
0	0
0	0
0	0
0	0
0	0
0	0
0	0
0	0
0	0
0	0
0	0
0	0
0	0
0	0
0	2
0	51
0	0
0	0
0	0
0	0
0	0
0	0
0	0
0	0
0	0
0	17
0	0
0	0
0	0
0	0
0	0
0	0
0	0
0	0
0	0
0	0
0	0
0	0
0	0
3	1
0	0
0	0
0	0
0	0
0	0
0	0
0	0
0	0
0	0
0	0
0	0
0	0
0	0
0	0
3	1
0	0
0	0
1	0
0	0
0	0
0	1
0	1
0	0
0	0
0	0
0	0
0	0
0	15
0	0
0	0
0	3
1	0
0	0
0	0
0	0
0	0
0	1
0	0
0	0
0	0
0	0
0	0
0	0
0	0
0	0
0	0
0	0
0	0
0	0
0	0
0	1
0	1
0	0
0	0
0	0
0	0
0	0
0	0
0	0
0	0
2	0
0	0
0	0
0	0
0	0
0	4
0	0
0	2
0	0
0	0
0	0
0	0
2	5
0	0
0	0
0	0
0	0
0	0
0	1
0	0
2	0
0	1
0	1
0	0
0	0
0	0
0	0
0	0
0	0
0	0
0	0
1	0
0	0
0	0
0	0
0	0
0	0
1	0
0	0
0	0
0	0
0	0
0	0
0	0
0	0
0	0
0	0
0	0
0	0
0	0
0	0
0	0
0	0
0	0
0	0
0	0
0	0
1	0
0	0
0	0
0	0
0	0
0	0
4	0
0	0
0	0
0	0
0	0
0	0
0	0
0	0
0	0
6	48
0	0
0	0
0	0
0	0
0	0
0	0
0	0
0	0
0	7
0	0
0	0
0	0
0	0
0	0
0	0
0	0
0	0
0	0
0	0
0	0
0	0
0	2
0	2
0	0
0	0
0	0
0	0
0	0
6	0
0	0
0	0
0	0
1	0
0	0
0	0
0	0
0	0
0	0
0	0
0	0
0	0
0	0
0	0
0	0
0	0
0	0
0	0
0	0
0	0
0	0
0	0
2	0
0	0
0	0
0	0
0	0
0	0
0	0
0	0
0	0
0	0
0	0
0	0
0	0
0	0
0	0
0	0
0	0
0	0
0	0
0	0
0	0
0	0
0	0
0	0
0	0
0	0
0	0
0	0
0	0
0	0
0	0
0	0
0	0
0	0
0	0
0	0
0	0
0	0
0	0
0	0
0	0
0	0
0	0
0	0
0	0
0	0
0	0
0	0
0	0
0	0
0	0
0	0
0	0
0	0
0	0
0	0
0	0
0	0
0	0
0	0
0	0
0	0
0	0
0	0
0	0
0	0
0	0
0	0
0	0
0	0
0	0
0	0
0	0
0	0
0	0
0	0
0	0
0	0
0	0
0	0
8	0
0	0
0	0
0	0
0	0
0	0
1	0
0	0
0	0
0	0
0	0
0	0
0	0
0	0
0	0
0	0
0	0
0	0
0	0
0	0
0	0
0	0
0	0
0	0
0	0
0	0
0	0
0	0
0	0
0	0
0	0
0	0
0	0
0	0
0	0
0	0
0	0
0	0
0	0
0	0
0	0
0	0
0	0
0	0
0	0
0	0
0	0
0	0
0	0
0	0
0	0
0	0
0	0
0	0
0	0
0	0
0	0
0	0
0	0
0	0
0	0
2	0
0	0
0	0
1	0
1	0
3	0
0	0
0	0
0	0
0	0
0	0
0	0
0	508
1	19
0	0
0	0
0	0
0	0
0	0
0	0
19	447
0	0
0	0
0	0
0	0
0	0
0	0
0	126
0	0
0	0
0	0
0	0
0	0
0	0
0	0
0	0
0	0
0	0
0	2
0	0
0	0
0	0
0	0
0	0
282	912
0	0
0	0
0	0
0	5
0	0
0	0
2	2
0	0
0	0
0	0
0	0
0	7
0	0
1	0
0	0
0	0
0	0
0	0
0	0
0	0
0	0
0	0
0	0
0	0
0	0
0	0
0	0
0	0
0	0
0	0
0	0
0	0
0	0
0	0
0	0
0	0
0	0
0	0
0	0
0	0
0	0
0	0
0	56049
0	7729
0	0
0	3
41	13207
0	0
0	0
0	0
0	0
0	0
0	0
4	0
0	0
0	0
0	0
0	0
0	0
0	26
0	0
0	0
0	0
0	0
0	0
0	0
0	0
0	132668
0	97087
1	0
0	166881
51	65343
0	0
0	0
0	0
0	0
0	0
0	0
0	0
0	0
0	0
0	0
0	0
0	0
0	0
0	0
1	0
0	0
0	0
0	0
0	0
0	0
0	0
0	0
0	0
0	0
0	0
0	0
3	11
0	0
0	9
0	0
0	0
0	0
0	0
0	0
0	0
0	1
0	0
0	0
0	0
0	0
0	0
0	0
0	0
0	0
0	0
0	0
0	0
0	0
0	0
0	0
0	0
0	0
0	4
0	0
0	0
0	0
0	0
0	0
0	2
0	0
0	0
0	0
0	0
0	0
0	0
0	0
0	0
0	0
0	0
0	0
0	0
0	0
0	0
0	0
0	0
0	0
0	10
0	0
0	0
0	0
0	0
1	43
0	0
0	0
0	0
0	0
0	0
0	0
0	0
0	0
0	0
0	0
0	11
0	0
0	0
0	0
0	0
0	0
0	0
0	0
0	0
0	0
0	0
0	0
0	0
0	0
0	0
0	0
0	7
0	0
0	0
0	0
0	0
0	6
0	4
0	0
0	0
0	0
0	0
0	0
0	0
0	0
0	0
0	0
0	0
0	0
0	18
0	0
0	0
0	0
0	0
0	0
0	0
0	0
0	13
0	0
0	0
0	0
0	0
0	0
2	11
0	0
0	0
0	0
0	0
0	0
0	0
0	0
0	0
0	0
0	0
0	0
0	0
0	0
0	0
0	0
0	0
0	0
0	0
0	0
0	0
0	0
0	0
0	0
0	0
0	0
0	0
0	0
0	0
0	0
0	0
0	0
0	0
0	0
0	0
1	0
0	0
0	0
0	0
0	0
0	0
0	0
0	0
0	0
0	0
0	0
0	0
0	0
0	0
0	0
0	0
0	0
0	0
0	0
0	0
0	0
0	0
0	0
0	0
0	0
0	0
0	0
0	0
0	0
0	0
0	0
0	0
0	0
0	0
0	0
0	0
0	0
0	0
0	0
0	0
0	0
0	0
0	0
0	0
0	0
0	0
0	0
0	0
0	0
1	0
0	0
0	0
0	0
0	0
0	0
0	0
97	91
0	0
0	0
0	0
0	0
0	0
0	0
0	0
0	0
0	0
0	0
0	0
0	0
0	0
0	0
0	0
0	0
0	0
0	0
0	0
0	0
0	0
0	0
0	0
0	0
0	0
0	0
0	0
0	0
0	61
0	0
0	0
0	0
0	0
0	0
0	0
0	0
0	0
0	0
0	0
0	0
0	0
0	0
0	0
0	0
6	0
0	0
0	0
0	0
0	0
0	0
0	0
0	0
0	0
0	0
0	0
0	0
0	0
0	0
0	0
0	0
0	0
0	0
0	0
0	0
0	0
0	0
0	0
0	0
3	0
0	0
0	0
0	0
0	0
0	0
0	0
0	0
0	0
0	0
0	0
0	0
0	0
0	0
0	0
0	0
0	0
0	0
0	0
0	0
0	0
0	0
0	0
0	0
0	0
0	0
0	0
0	0
0	0
0	0
0	0
0	0
0	0
0	0
0	72
0	0
0	0
0	0
0	0
0	0
0	0
0	0
0	0
0	0
0	0
4	0
0	0
0	0
0	0
0	0
0	0
0	0
0	0
0	0
0	39
3	19
192	0
17	1
0	0
0	0
0	0
0	0
0	0
0	0
0	0
0	0
0	0
0	0
0	0
0	0
0	0
0	0
0	0
0	0
0	0
0	0
0	0
0	0
0	0
0	0
0	0
0	0
0	0
0	0
0	0
0	0
1	0
0	0
0	0
0	0
0	0
0	0
0	0
0	0
0	0
0	0
0	0
0	0
0	0
0	0
0	0
0	81
10	29
0	0
0	0
0	0
0	0
0	0
0	0
0	0
0	0
0	0
0	0
0	0
0	0
0	0
0	0
0	0
0	0
0	0
0	0
0	0
0	0
0	0
0	0
0	0
0	0
0	0
0	7
0	0
0	0
0	0
0	0
0	2
0	0
0	0
0	0
0	0
0	0
0	0
0	0
0	0
0	0
0	0
0	0
0	0
0	0
0	0
0	0
1	0
0	0
0	0
0	0
0	0
0	0
0	0
0	0
0	0
0	0
0	0
0	0
0	0
0	0
0	0
0	0
0	0
0	0
0	0
0	0
0	0
0	0
0	0
0	0
0	0
1	0
0	0
0	0
0	0
0	0
0	0
0	0
0	0
0	0
0	0
0	0
0	0
0	0
0	0
0	0
0	0
0	0
0	0
0	0
0	0
60	137
0	0
0	0
0	0
0	0
0	0
0	0
0	0
0	0
0	0
0	0
0	0
0	0
0	0
0	5
0	0
0	0
0	0
0	0
0	0
0	0
0	0
0	0
0	0
0	0
0	0
0	0
0	0
0	0
0	0
0	0
0	0
0	0
0	0
0	0
0	0
0	0
0	0
0	0
0	0
0	0
0	0
0	0
0	0
0	0
0	0
0	0
2	0
0	0
0	0
0	0
0	0
0	0
0	0
0	0
0	0
0	0
0	0
0	0
0	0
0	0
0	0
0	0
0	0
0	0
0	0
1	23
1	0
0	0
0	0
0	0
0	0
0	0
0	0
0	0
0	0
0	0
0	0
0	0
0	0
0	0
0	0
0	0
0	0
0	0
0	0
0	0
0	0
0	0
0	0
0	0
0	0
0	0
0	0
0	0
0	0
0	0
0	0
0	0
0	135
0	0
0	0
0	0
0	0
0	0
0	0
0	0
0	0
0	0
0	0
0	0
0	0
0	0
0	0
0	0
0	0
0	0
0	0
0	0
0	0
0	0
0	0
0	0
0	0
0	0
0	0
0	0
0	0
0	0
0	0
0	0
0	0
0	0
0	0
0	0
0	0
0	0
0	0
0	0
0	0
0	0
0	0
0	0
0	0
0	0
0	0
0	0
0	0
0	0
0	0
0	0
0	0
0	0
0	0
0	0
0	0
0	0
0	0
0	0
0	0
0	0
0	0
0	0
0	116
0	0
0	0
0	0
0	0
7	1
0	0
0	2
0	0
0	0
0	321
0	3
0	0
0	436
0	0
0	0
0	0
0	0
0	0
0	0
0	0
0	0
0	0
0	0
0	0
0	0
0	0
0	0
0	0
0	0
0	0
0	0
0	0
0	0
0	0
0	0
0	0
0	0
0	145
0	0
0	0
0	0
0	0
0	0
0	0
0	0
0	0
0	0
0	0
0	0
0	0
0	0
0	0
0	0
0	0
0	0
3	0
0	0
0	0
0	0
0	0
0	0
0	0
0	0
0	0
0	0
0	0
0	0
0	0
0	135
0	0
0	0
0	0
1	0
0	0
0	0
0	0
0	0
0	0
0	0
0	0
0	0
0	0
0	0
0	0
0	0
0	0
0	0
0	0
0	0
0	0
0	0
0	0
0	0
0	0
0	0
0	0
0	0
0	0
2	0
4	1
0	0
0	0
0	0
0	0
0	0
0	0
0	0
0	0
0	0
0	0
0	0
0	0
0	0
0	0
0	0
0	0
0	0
0	0
0	0
0	1
0	0
0	1
0	0
13	0
0	0
0	0
0	0
0	0
0	0
0	0
0	0
0	0
0	0
0	0
0	0
0	0
0	0
0	0
0	0
0	0
0	0
0	0
0	0
0	0
0	0
0	0
0	0
0	0
0	0
0	0
0	0
0	0
0	0
0	0
0	5
14	6
0	0
0	0
0	0
0	0
0	0
0	0
0	0
0	0
0	0
0	1
0	0
0	0
0	0
0	0
0	0
5	0
0	0
0	0
0	0
0	1
0	0
0	6
11	2
0	0
0	0
0	0
0	0
0	0
0	0
0	25
0	0
2	0
0	0
0	0
0	0
0	0
0	0
0	0
0	0
0	0
0	0
0	0
0	0
0	0
0	0
0	0
0	0
0	0
0	0
0	0
0	0
0	0
0	0
0	0
0	0
0	0
0	0
0	0
0	1
0	0
0	0
0	0
0	0
0	1
0	0
0	0
0	0
0	0
0	0
0	0
0	0
0	0
0	0
0	0
0	0
0	0
0	0
0	0
0	0
0	0
0	0
0	0
0	0
0	0
0	0
0	0
0	0
0	0
0	0
0	0
0	0
0	0
0	0
0	0
0	0
0	0
0	0
0	0
0	0
0	0
0	0
0	0
0	0
0	0
0	0
0	0
0	0
0	0
2	0
0	0
0	0
1	0
0	0
0	0
0	3
0	7
0	0
0	0
0	0
0	0
0	1
0	0
0	0
0	0
32	563
207	2
0	0
0	0
0	0
0	0
0	0
0	0
0	0
13	0
0	0
0	0
0	0
0	0
0	0
0	0
0	0
0	0
0	0
0	0
0	0
0	0
0	0
0	18
0	19
0	0
0	0
0	0
0	0
0	0
0	0
0	0
0	0
0	0
0	0
0	0
83	4
0	0
0	0
0	0
1	2
0	0
0	0
0	0
0	0
0	0
0	0
0	0
0	0
0	0
0	0
0	0
0	0
0	0
0	0
0	0
0	0
0	0
0	0
0	0
0	0
0	0
0	0
0	0
0	0
0	0
0	0
0	0
0	0
0	0
0	0
0	0
0	0
0	0
0	0
0	0
0	0
0	0
0	0
0	0
0	0
0	0
0	0
0	0
0	0
0	0
0	0
0	0
0	0
0	0
0	0
0	0
0	0
0	0
0	0
0	0
0	0
0	2
0	0
0	0
0	0
0	0
0	0
0	0
0	0
0	0
0	0
0	0
0	0
0	0
0	0
0	0
0	0
0	0
0	0
0	0
0	0
0	0
0	0
0	0
0	0
0	0
0	0
0	59
0	0
0	0
0	0
0	0
20	511
32	12
0	0
0	0
0	0
0	0
0	0
0	0
0	0
0	0
0	0
0	0
0	0
0	0
0	0
0	0
0	0
0	0
0	0
0	0
0	0
0	0
0	0
0	0
0	0
0	0
0	0
0	0
0	0
0	0
0	0
0	0
0	0
0	0
0	0
0	0
0	0
0	0
0	0
0	0
0	0
0	0
0	0
0	0
0	0
0	0
0	0
0	0
0	0
0	0
0	0
0	0
0	0
0	0
0	0
0	0
0	0
0	0
0	0
0	0
0	0
0	0
0	0
0	0
0	0
0	0
0	0
0	0
0	0
0	0
0	0
0	0
0	0
0	0
0	0
0	0
0	0
0	0
0	0
0	0
0	0
0	0
0	0
0	0
0	0
0	0
0	0
0	0
0	0
0	0
0	0
0	0
0	0
0	0
0	0
0	0
0	0
0	0
0	0
0	0
0	0
0	0
0	0
0	0
0	0
0	0
0	0
0	0
0	0
0	0
0	0
0	0
0	0
0	0
0	0
0	0
0	0
0	0
0	0
0	0
0	0
0	0
0	0
0	0
0	0
0	0
0	0
0	0
0	0
0	0
0	0
0	0
0	0
0	0
0	0
0	0
0	0
0	0
0	0
0	0
0	0
0	0
10	0
6	0
0	0
0	0
0	0
0	0
0	0
0	0
0	0
0	0
0	0
0	0
0	0
0	0
0	0
0	0
0	0
0	0
0	0
0	0
0	0
0	0
0	0
0	0
0	0
0	0
0	0
0	0
0	0
0	0
0	0
0	0
0	0
0	0
0	0
0	0
0	0
0	0
0	0
0	0
2	0
0	0
0	0
0	0
0	0
0	0
0	0
0	0
0	0
0	0
0	0
0	0
0	0
0	0
0	0
0	0
0	0
0	0
0	0
0	0
0	39
0	0
0	0
0	0
0	0
0	0
0	0
0	0
0	0
0	0
0	0
0	0
0	0
0	0
0	0
9	32
0	0
0	0
0	0
0	0
0	0
0	0
0	4
0	0
0	0
0	0
0	0
0	0
0	0
0	0
0	0
0	0
0	0
0	0
0	0
0	0
0	0
0	0
0	0
0	0
0	0
0	0
0	0
0	0
0	0
0	0
0	0
0	0
0	0
0	6
0	0
0	0
0	0
0	0
0	0
0	0
0	0
0	650
0	0
0	0
0	0
0	0
0	0
0	0
0	0
0	0
0	0
0	0
0	0
0	0
0	0
0	0
0	0
0	0
0	0
0	0
0	0
0	0
0	0
0	0
0	0
0	0
0	0
0	0
4	0
0	0
0	0
0	0
0	0
0	0
0	0
0	0
0	0
0	0
0	0
0	0
0	0
0	0
1	408
0	1
0	0
0	0
0	0
1	0
0	0
0	0
0	0
0	0
0	0
0	0
2	0
0	0
0	0
0	0
0	0
0	0
0	0
0	0
0	0
0	0
0	0
0	0
0	0
0	0
0	0
0	0
1	0
0	0
0	0
0	0
0	0
0	0
0	0
0	0
0	0
0	0
0	0
0	2
0	0
0	0
0	0
0	0
0	0
0	0
0	0
0	0
0	0
0	0
0	0
0	0
0	0
0	0
0	0
0	0
0	0
0	0
0	0
0	0
0	0
0	0
0	0
0	0
0	0
0	0
0	0
9	0
0	0
0	0
0	0
0	0
0	0
0	0
0	0
0	0
0	0
0	0
0	0
0	0
0	0
1	0
0	0
0	0
0	0
0	1
0	0
0	0
0	0
0	0
0	0
0	0
65	1
0	0
0	0
0	0
0	0
0	0
2	0
0	0
0	0
0	0
0	0
0	0
0	0
0	0
0	0
0	0
0	0
0	0
0	0
0	0
0	0
0	0
0	0
0	0
0	0
0	0
0	0
1	0
0	0
0	0
1	0
0	0
0	0
0	0
0	0
0	0
0	0
0	0
0	0
0	0
0	0
0	0
0	0
0	0
0	0
0	0
0	0
0	0
0	0
5	3
0	0
0	0
0	0
0	0
0	0
0	0
0	0
0	0
0	0
0	0
0	0
0	0
252	622
0	0
0	0
0	0
0	0
0	0
0	0
0	0
0	0
0	0
0	0
0	0
0	0
0	0
2	0
0	0
0	0
0	0
0	0
0	0
0	0
0	0
0	0
0	0
0	4
1	0
0	0
0	0
0	0
0	0
0	0
0	0
0	0
0	0
0	0
0	0
1	0
0	0
0	0
0	0
0	0
0	0
0	0
0	0
0	0
0	0
0	0
0	0
0	0
0	0
0	0
0	0
0	0
0	0
0	0
0	0
0	0
0	0
0	0
0	0
0	0
0	0
0	0
0	0
0	0
0	0
0	0
0	0
0	0
0	0
0	0
0	0
0	0
0	0
0	0
0	0
0	0
0	0
0	0
0	0
0	0
0	0
0	0
0	0
0	0
0	0
0	0
0	0
0	0
0	0
0	0
0	0
0	0
0	0
0	45
0	0
0	0
0	0
0	127
0	0
0	0
0	0
14	24
0	0
0	0
0	7
0	0
0	0
1	17
0	0
0	0
0	0
0	0
0	0
0	0
0	0
0	3
0	0
1	0
0	12
0	0
0	0
1	1188
0	14
0	0
0	0
0	0
0	0
0	0
0	0
0	0
0	0
9	0
0	0
0	0
0	7
50	429
0	0
0	0
5	9
0	0
0	0
0	0
0	0
0	0
0	0
0	0
9	1045
0	0
0	3
0	21
0	0
0	0
0	0
0	0
0	0
0	0
0	0
0	0
