UniqueCount	AmbigCount
0	0
0	0
0	0
0	0
0	0
0	0
0	0
0	0
0	0
0	0
0	0
0	0
0	0
0	0
0	0
0	0
0	0
0	0
0	0
0	0
0	0
2	0
0	0
0	0
0	0
0	0
0	0
0	0
0	0
0	0
0	0
2	0
0	0
0	0
0	0
0	0
0	0
0	0
0	0
0	0
0	0
0	0
0	1
0	1
0	0
0	0
0	0
0	0
0	0
0	0
0	0
0	0
0	0
0	0
0	0
0	0
0	0
0	0
0	0
0	0
0	0
1	0
0	0
0	0
0	0
2	0
0	0
0	0
0	0
4	0
0	0
0	0
0	0
0	0
0	0
0	0
0	0
0	0
1	0
0	0
0	0
0	0
0	0
0	0
0	0
0	0
0	0
0	0
0	0
0	0
0	0
0	0
0	0
0	0
0	0
0	0
0	0
0	0
0	0
0	0
0	0
0	0
0	0
0	0
0	0
0	0
0	0
0	0
0	0
0	0
0	0
0	0
0	0
0	0
0	0
0	0
0	0
0	0
0	0
0	0
0	0
0	0
0	0
0	0
0	0
0	0
0	0
0	0
0	0
0	0
0	0
0	0
0	0
0	0
0	0
0	0
0	0
0	0
0	0
0	0
0	0
0	0
1	0
0	0
0	0
0	0
0	0
0	0
0	0
0	0
0	0
0	0
0	0
0	0
0	0
0	0
0	0
0	0
0	0
0	0
0	0
0	0
0	0
0	0
0	0
0	0
0	0
0	0
0	0
0	0
0	0
0	0
2	0
0	0
0	0
0	0
0	0
0	0
0	0
0	0
0	0
0	0
0	0
0	0
0	0
0	0
0	0
0	0
0	0
0	0
0	0
0	0
0	0
0	0
0	0
0	0
0	0
0	0
0	0
0	0
0	0
0	0
0	0
0	0
0	0
0	0
0	1
11	1
0	0
0	0
0	0
0	0
0	0
0	0
0	0
0	0
19	4
0	0
0	0
0	0
0	1
0	1
0	1
0	1
0	0
0	0
0	0
0	0
0	0
1	6
0	6
3	82
36	2
0	53
4	32
1	81
0	0
0	0
0	0
0	0
0	0
0	0
0	0
0	0
0	0
0	0
0	0
0	0
0	0
0	0
0	0
0	0
0	0
0	0
8	16
2	18
0	0
0	0
0	0
0	0
18	28
11	28
0	0
0	0
0	21
17	21
0	0
0	0
0	0
0	0
0	0
0	0
0	0
0	0
59	133
1	12
0	114
0	78
0	19
0	64
0	0
0	0
0	0
38	22
0	20
0	2
0	2
0	2
8	4
48	12
0	4
0	1
1	0
0	6
0	1
0	1
0	0
0	0
0	1
0	0
0	0
3	9
1	0
0	0
0	9
0	0
0	0
0	0
0	0
0	0
0	0
0	0
0	0
0	0
0	0
0	0
0	0
0	0
0	0
0	0
0	0
0	0
0	0
0	0
0	0
2	11
0	11
0	0
23	311
0	311
0	0
0	0
0	0
0	0
0	0
166	10846
0	0
0	0
0	25
0	0
0	25
0	0
0	25
0	0
0	0
0	0
0	0
0	25
0	0
0	5
0	6
0	6
0	0
0	0
0	0
0	0
0	0
0	1
0	0
0	6
0	0
47	33
0	66
4	53
0	40
0	49
0	2
1	7
0	49
0	0
0	1
0	1
0	1
9	5
0	5
0	0
0	14
0	14
159	14
0	0
0	0
0	0
0	0
0	0
0	0
0	0
0	0
0	0
0	0
0	0
0	0
0	0
0	0
0	0
0	0
0	0
0	0
0	0
0	0
0	0
0	0
0	0
0	0
0	0
0	0
0	0
1	0
0	0
0	0
0	8
0	8
0	0
0	0
0	1
0	1
0	7
0	7
9	5
0	5
25	152
7	152
28	0
0	8
2	8
0	0
0	0
0	1
0	1
0	0
0	0
0	0
0	0
0	0
0	0
0	0
0	0
0	0
0	0
0	0
0	0
0	0
0	0
0	0
0	0
0	0
0	0
0	0
0	0
1	0
0	0
0	0
0	0
0	0
0	0
0	0
0	0
0	0
0	0
0	0
0	0
0	0
0	0
0	0
0	0
0	0
0	0
0	0
0	0
0	0
0	0
0	0
0	0
0	0
0	0
0	0
0	0
0	0
0	0
0	0
0	0
0	0
0	0
0	0
0	0
0	0
0	0
0	0
0	0
0	0
0	0
0	0
0	0
0	0
0	0
0	0
0	0
0	0
0	0
0	0
0	0
0	0
0	0
0	0
0	0
0	0
0	0
0	0
0	0
0	0
0	0
0	0
0	0
0	0
0	0
0	0
0	0
0	0
0	0
0	0
0	0
0	0
0	0
0	0
1	0
0	0
0	0
0	0
0	0
1	0
0	0
0	0
0	0
0	0
0	0
0	0
1	1
0	0
0	0
0	0
0	0
0	0
0	0
0	0
0	0
0	0
0	0
0	0
0	0
0	0
0	0
0	0
1	0
0	0
0	0
0	0
0	1
0	0
0	0
0	0
0	0
0	0
0	0
0	0
0	0
0	0
0	0
0	0
0	0
0	0
0	0
0	0
0	0
0	0
0	0
0	0
0	0
0	0
0	0
0	0
0	0
0	0
0	0
0	0
0	0
0	0
0	0
0	0
0	0
0	0
0	0
0	0
0	0
0	0
0	0
0	0
0	0
0	0
0	0
2	0
1	0
0	0
0	0
0	0
0	0
0	0
0	0
0	0
0	0
0	0
0	0
0	0
0	0
0	0
0	0
0	0
0	0
0	0
0	0
0	0
0	0
0	0
0	0
0	0
0	0
0	0
0	0
0	0
0	0
0	0
0	0
0	0
0	0
0	0
0	0
0	0
0	0
0	0
0	0
0	0
0	0
0	0
0	0
0	0
0	0
0	0
0	0
0	0
0	0
0	0
0	0
0	0
0	0
0	0
0	0
0	0
0	0
0	0
0	0
0	0
0	0
0	0
0	0
0	0
0	0
1	0
0	0
0	0
0	0
0	0
0	0
0	0
0	0
0	0
0	0
0	0
0	0
0	0
0	0
1	0
0	0
1	0
0	0
0	0
0	0
0	0
0	0
0	0
0	0
0	0
0	0
0	0
0	0
0	0
0	0
2	0
0	0
0	0
0	0
0	0
3	0
0	0
0	0
1	0
2	0
0	0
0	0
0	0
0	0
0	0
0	0
0	0
0	0
0	0
0	0
0	0
0	0
0	0
0	0
0	0
0	0
0	0
0	0
0	0
0	0
0	0
1	0
0	0
0	0
0	0
0	0
0	0
0	0
0	0
0	0
0	0
0	0
0	0
0	0
0	0
0	0
0	0
0	0
0	0
0	0
0	0
0	0
0	0
0	0
0	0
0	0
0	0
0	0
0	0
0	0
0	0
0	0
0	0
0	0
0	0
0	0
0	0
0	0
0	0
0	0
0	0
0	0
0	0
0	0
0	0
0	0
0	0
0	0
0	0
0	0
0	0
0	0
0	0
0	0
0	0
0	0
0	0
0	0
0	0
0	0
0	0
0	0
0	0
0	0
0	0
0	0
0	0
0	0
0	0
0	0
0	0
0	0
0	0
0	0
0	0
0	0
0	0
0	0
0	0
0	0
0	0
0	0
0	0
0	0
0	0
214391	161
25846	68
126405	121
95893	77898
230	13325
662	22805
276	203336
328	154371
2410	13
317	238051
516327	97808
98975	120
153441	103
63	0
0	0
0	18
0	90
0	0
0	0
0	0
1	0
19	155
0	0
0	0
0	0
0	0
0	0
0	0
1	2
0	0
0	0
0	2
0	16
0	15
0	0
0	0
0	0
0	0
0	0
0	0
1	3
0	0
4	18962
0	0
496	0
0	0
0	1
0	0
0	0
322	1034
63	1293
6	59
0	0
0	0
0	0
1	2
0	0
1	0
0	0
0	0
11	0
0	0
0	0
1	301
0	0
0	0
0	122
0	0
0	0
0	0
0	0
263	0
0	0
0	0
0	0
0	0
196	0
0	0
0	0
0	0
0	0
0	0
0	0
0	0
0	0
0	0
0	0
0	0
0	0
0	0
0	0
0	0
228	0
0	0
0	0
0	0
0	0
0	88
0	19
0	0
0	0
0	0
0	0
0	0
0	0
0	0
1914	3
0	0
0	0
0	0
5	244
0	0
0	0
0	0
12	162
0	0
0	3
0	0
0	0
0	0
0	0
0	0
0	0
1	0
0	309
0	0
0	3
0	1
0	51
1	3
0	0
30	3762
0	0
0	0
0	0
0	0
0	0
0	0
0	0
0	0
0	0
0	0
0	0
0	0
0	0
0	0
24	38
0	0
0	0
0	0
0	0
0	0
0	0
0	0
0	0
0	0
1	0
0	0
0	0
0	0
0	0
0	0
0	0
0	0
0	0
0	0
0	0
0	0
0	0
0	200
97	0
2921	2
0	97
0	0
0	0
0	4
0	0
0	0
0	0
7	19
0	0
37	436
1	436
0	14
0	0
0	0
1	0
3	0
0	0
1	203
47	279
0	0
0	0
0	0
8	7
0	0
0	3
0	0
0	0
0	0
1158	1
0	0
0	0
0	2
0	16
0	0
0	2
4	0
69	0
0	7
0	7
0	1
1	0
0	0
0	0
0	0
1	1
0	0
14	2
0	0
0	0
0	19
4	1
4	7
0	1
64	588
0	194
0	583
3	224
0	140
2	4
2	284
0	0
0	0
0	0
0	0
0	0
0	0
32	134
0	30
0	30
0	30
0	113
0	132
0	45
3	45
0	45
0	6
0	8
1	4
0	4
0	1
0	0
0	0
11	1304
0	3401
0	3247
43	1362
8	1942
25	2794
8	670
0	571
27	3
16	113
0	95
12	268
0	32
0	31
0	3281
0	115
0	647
0	44
0	142
0	639
104	487
21	298
0	0
88	5141
0	2449
5	5193
0	67
0	141
0	304
0	311
4	308
0	195
0	177
0	210
0	107
0	114
0	0
1	1
3	79
0	0
0	2
0	0
3337	283
12	271
1191	831
0	0
0	0
631	832
3	0
0	634
377	1
0	1
0	0
0	0
308	20
4	0
6	0
0	0
0	0
0	0
0	0
0	0
0	0
0	0
0	0
0	0
2	6
0	0
2	8
0	6
0	1
0	1
0	0
0	1
0	0
7	12
103	988
0	988
1	931
0	365
0	81
0	213
0	241
0	137
0	107
1	8
0	11
0	0
0	0
3	0
0	983
4297	1101
4	967
32	8
125	175
10	175
675	0
3	0
4	54
0	49
0	44
3	0
0	0
11	0
8	15
0	5
0	2
0	91
645	239
0	11
2	0
4	150
2	46
4	148
1	85
5	149
0	153
2494	176
0	9
0	173
6	549
541	1395
19	1081
7	37
0	616
174	119
0	119
31	5
0	5
0	0
0	0
0	0
65	4728
150	11709
292	11823
69	11704
73	4717
3	3
18	567
0	3747
22	2017
27	60
95	746
1	0
0	0
248	180
0	0
10	0
2	2
36	178
31	78
0	4
0	0
0	0
0	0
44	5084
114	3326
76	21
5	75
3	15
0	870
4	844
0	31
0	5084
4	699
2180	698
49	697
0	5
0	5
1	0
2	0
64	8203
0	7653
0	8392
5	7671
7	7509
231	7664
1	994
101	6
0	6
10	7945
0	13
1	12
0	0
0	61
0	14
0	31
0	47
0	4
0	55
10	34
0	38
0	8
0	2
0	6
0	3
1	24
0	0
0	9
0	67
0	59
218	454
9	443
8	19
58	41
0	41
0	3
0	3559
16	2345
64	23
0	3680
0	3740
31	3206
5	3680
0	3604
5	3758
0	66
7	3739
2	2119
0	2178
321	19
5	19
0	0
535	45
5	26
47	20
1	12
919	240
0	239
0	4
0	4
0	4
0	4
9	0
6	90
623	90
0	9
0	9
0	0
8	0
8	90
372	321
0	8
0	230
0	15
0	26
0	46
45	14
4	55
8	2161
0	2389
2	2301
0	2452
0	2364
4	2266
0	2268
12	10
0	271
0	76
0	26
0	142
4	834
13	1401
16	4204
951	4204
0	4087
8	2821
57	1894
0	2979
0	0
0	0
0	717
0	94
28	343
2	725
0	746
593	24
0	22
2	21
0	1
16	6655
47	5419
11	3906
175	4391
0	6641
148	40
0	37
1	29
0	10
2	0
10	3
0	0
0	0
0	0
0	0
0	0
0	0
7	633
18	505
0	712
0	756
0	787
1	738
3	42
14	463
1	99
2	628
1	38
3	0
0	70
54	264
12	234
2	24
0	0
0	30
1	38
3	12
0	8
10	8
0	4
0	1
0	2
480	314
36	314
4	0
0	2
0	2
941	2214
0	659
0	157
8	1653
1	313
9	530
14	222
2	2
4	42
1	44
0	11
0	0
0	0
0	0
0	0
20	105
0	105
0	30
0	14
0	0
0	0
0	1
0	0
1	0
2	0
70	508
2	277
0	276
0	193
0	132
0	16
0	0
0	3
31	3
28	33
0	33
100	1050
0	1050
10	134
1	29
12	0
8	200
0	3
0	0
0	3
1	6
905	98
0	60
0	6
2	31
0	31
2	12
0	690
2	0
13	690
3	58
0	526
0	137
206	0
0	0
0	0
0	0
0	0
0	0
0	0
0	31
2	29
0	29
0	0
0	0
0	2
3	10
0	0
0	25
0	0
0	2
0	0
0	1
0	25
0	0
0	14
0	0
0	8
1	16
3	3169
0	2178
89	3891
0	10
14	970
3	15
2	0
14	597
4	382
5	497
18	74
75	147
0	66
640	48
12	48
1193	1
0	622
98	1164
0	537
23	446
3	652
3	619
0	622
12	210
27	306
0	25
3	30
9	255
0	112
1	37
0	19
6	19
0	5
688	0
0	0
0	0
928	996
0	922
0	23
11	265
0	20
0	318
6	77
13	193
0	318
0	0
0	0
0	0
0	9
0	9
1	6
1	26
0	17
2	26
0	25
0	8
0	0
0	0
0	0
0	0
15	1069
0	1087
1	1035
4	19
0	260
322	6284
16	6100
98	6045
0	2231
0	2309
68	497
0	839
7	682
19	330
8	1
16	3
0	3
0	0
1	147
978	703
26	655
5	79
4	189
0	186
11	392
31	370
8	91
940	512
0	512
3	25
3	0
1	86
3	60
0	42
1063	0
0	0
0	0
0	0
0	0
0	0
0	0
0	0
2476	893
3	891
1	3
0	27
1	57
0	61
7	61
0	0
0	5
5	17
1	17
1	4
0	5
0	0
22	22
5855	2965
6	54
39	2936
2	700
79	5805
4	3208
22	2613
1	2016
9	4197
0	2184
15	3603
0	1693
30	182
0	163
0	155
33	172
14	82
25	1
4	0
0	14
1	1
153	0
0	0
0	366
29	377
1	142
8	90
0	34
7	65
2	23
0	0
0	1117
1	1141
35	1154
19	1155
0	1090
2	459
1	204
4	101
0	152
12	40
0	35
0	36
0	34
0	33
0	4
0	0
0	0
4	0
0	0
0	0
0	10
0	8
0	7
0	4
0	2
0	5
204	284
0	26
3	271
1	34
9	4
0	0
0	69
0	580
10	690
14	667
0	603
0	448
7	334
2	21
1	15
0	58
4	0
22	69
0	69
0	300
0	0
6	96
1	0
4	10
0	96
5	101
0	1
0	101
2812	1672
0	1298
1	348
11	0
2	163
9	0
2	6
0	0
0	0
0	0
0	1
0	1
0	1
20	87
55	88
2	4
1	5
0	2
2	2
1	1
0	1429
0	1441
0	702
0	697
10	16
1	0
11	37
0	0
2006	765
0	32
0	733
2	0
0	714
15	782
7	802
0	783
0	5
5	7
0	7
0	5
0	7
2752	9
22	3
136	59
0	42
0	20
12	2
72	0
0	0
0	0
0	0
0	85
2376	176
5	1
3	12
4	0
6	64
1	14
2	26
42	1316
27	1298
297	1279
0	200
0	135
6	6
0	24
0	0
0	0
0	3287
54	258
0	154
3	282
0	134
0	127
14	287
0	75
0	87
2	621
54	76
2	249
3	298
0	621
0	0
0	0
0	0
0	0
0	0
0	0
0	0
0	0
0	0
0	0
0	20
167	1902
0	107
0	1795
0	0
2	3
0	359
0	72
1	1
9	209
11	1116
0	276
36	430
0	1326
0	72
2	3
7	0
8	1945
0	2627
0	2539
0	2756
3	2715
16	2668
0	2533
0	731
20	786
0	274
0	398
0	175
0	324
0	1
0	133
0	173
0	15
0	2651
0	1542
168	471
103	294
19	364
29	3628
1474	4444
3	723
16	88
7	108
0	636
2	1625
5	27
0	74
0	0
1	0
0	0
0	0
0	0
2615	4504
1	4501
138	674
17	0
3	650
97	0
22	17
46	17
233	226
1	65
25	77
38	80
23	76
1	3
0	0
0	0
0	0
0	88
0	90
6	3
2170	4989
1	3378
57	2159
5	1046
1	1039
0	535
2	517
3	73
0	49
36	123
0	0
147	3
0	0
0	0
172	0
0	1
1	0
0	1
0	0
0	0
0	1
1895	3438
25	2910
0	0
0	0
0	0
0	0
1790	209
19	114
13	0
0	92
0	0
0	0
0	0
0	0
0	0
0	0
0	0
0	0
0	0
0	130
66	130
0	44
48	2091
5	2008
0	43
1	45
0	0
226	1999
0	1
0	22
10	12448
9	19740
217	22315
0	2852
0	498
0	1755
81	565
26	9385
11	152
0	19
1	29
15	117
2	123
0	39
0	13
0	0
0	1
8	14
1	0
14	248
13	780
1	53
399	732
49	125
0	3
110	123
164	9555
1	4385
0	32
0	93
0	85
0	21
1	361
58	17
12	17
1	9217
1200	4
0	0
1	37
0	0
0	153
0	0
0	1
0	120
1	4
0	172
2	215
184	269
0	21
0	8
0	8
0	334
30	2734
16	2735
117	2159
136	2708
0	2696
0	272
2	141
0	64
22	0
0	450
0	485
0	375
15	160
3	5
6	5866
87	5908
0	6581
4	6933
7	7322
0	7037
0	0
0	0
0	0
0	0
0	0
0	0
0	1
0	1
0	1
69	196
43	223
0	148
57	128
0	13
3	8
5	2
0	122
0	9
1	0
0	74
678	1262
10	1262
206	125
2	222
0	0
0	0
0	0
0	0
0	116
0	121
2	10
1	5
0	110
0	1096
0	1094
0	1120
5	1077
0	1493
0	1493
2	887
3	1405
4	556
35	1537
3	1
1	176
0	102
0	4
0	79
0	6
0	0
17	0
3	0
464	62
1	62
0	0
4	1165
23	952
26	952
5	1045
0	0
7	8
16	351
5	7
9	191
0	69
2255	123
1	121
89	0
0	10
1	10
20	1785
0	0
25	10391
0	6410
0	6492
0	0
5	56
0	30
7	4824
24	9
0	6
0	12
0	951
18	31
1	344
4	297
0	10503
0	10381
1098	155
0	31
0	57
0	77
0	25
2250	466
51	465
5	2
2	456
0	386
1	318
0	130
0	309
0	31
7	103
0	1
0	1
0	0
0	1
0	1
4	40
0	40
0	25
0	40
0	0
0	40
0	214
3	44
0	121
9	171
8	6
1	0
0	0
0	0
22	151
0	141
0	26
0	27
0	25
0	26
0	27
0	25
0	26
0	26
0	25
0	0
0	0
0	27
21	215
0	149
1	163
3	156
19	48
0	2
10	70
0	62
6	0
0	0
0	0
0	0
0	0
0	24
0	0
0	0
8	9
0	4
0	24
0	0
0	0
0	0
0	0
0	0
0	0
1	0
1	0
0	0
0	0
0	0
0	0
6	0
0	0
0	0
1	6453
13	5449
363	6452
2	0
18	27
0	7
3	7
0	4
0	25
6	126
2	128
0	80
2	8
2	6
0	7
11	32
15	32
2	9
0	7
0	1
6	1008
4	1009
13	0
0	1009
2	4
0	4
1415	703
19	101
48	263
1	263
0	24
1	13
1	39
1	25
1	16
2	0
1037	75
1	74
9	867
32	396
39	667
0	47
0	0
46	19
1	12
0	806
1514	721
5	17
172	145
2	68
2	1
0	0
0	46
8	0
1	15
0	31
4	1
0	88
7	0
30	101
24	101
1	2
0	2
0	2
5655	4
115	1787
72	1848
48	1794
1	1443
8	31
2	13
2	15
0	18
0	29
0	0
0	1
1	17
0	0
1	0
0	1
0	6
0	6
0	4
0	5
0	0
0	0
79	6
133	200
16	6
0	0
1	200
320	100
9	100
0	0
0	0
0	0
0	0
882	432
19	337
38	6
0	202
55	224
0	76
0	70
1	41
11	40
0	9
0	11
0	4
0	71
0	75
6	52
1	22
0	34
0	44
1	36
0	0
0	54
1	1035
5	1
0	1034
1	1078
0	2753
0	2264
0	1176
0	296
10	6
0	0
0	0
0	0
0	0
0	0
39	1695
0	1499
20	149
0	1511
3	150
20	141
2	35
0	1280
17	826
94	98
0	94
0	4
2419	20
6	18
0	0
0	0
71	0
49	522
11	75
7	57
10	586
18	584
8	318
0	309
4	8
0	38
0	12
0	38
1508	1
187	182
0	80
6	156
2	171
4	17
281	3888
40	1950
0	281
12	17
13	172
36	1708
5	35
66	809
0	15
7	22
0	1
11	18
6	8
78	25
0	12
0	0
4	0
1	5
0	3
0	3
29	3
20	24
12	15
0	4
0	16
0	6
11	0
2783	3684
117	3675
1	163
21	26
0	81
6	1011
0	62
0	86
60	0
5004	439
3	437
6781	1131
11	5
2	602
0	602
16	1121
0	0
0	0
384	1304
7	1304
0	0
0	0
0	0
0	0
0	0
1	0
0	0
0	0
1	0
8	193
5	25
1	172
2	0
0	5
53	312
6	312
0	7
4	0
0	0
0	0
487	1319
38	1255
18	225
21	52
89	25
60	668
30	27
0	0
20	4
4	395
7	272
10	22
421	2900
38	445
1	1881
195	1563
3	1789
17	97
0	1907
2	2499
7	2491
0	0
0	183
0	40
0	222
0	227
0	65
239	1113
5	23
115	24
28	72
0	0
0	15
13	278
0	263
2	5
0	0
417	1337
5	481
2	323
6	955
0	15
35	511
6	99
41	285
2	74
3	218
19	36
0	36
2	21
32	0
0	0
0	33
11	1552
0	1731
0	22
0	1413
0	23
44	2
0	11
42	48
2	317
86	99
7	343
67	18
0	21
2	128
0	163
37	144
2	81
757	1872
1436	1841
27	1557
0	28
0	1692
0	21
1171	2726
3	147
0	34
3	205
0	0
0	279
52	0
1	140
24	2427
899	963
4	79
8	0
16	2
0	4
1	44
90	159
46	626
0	596
0	567
0	597
5	326
26	177
0	175
0	1
0	104
0	92
0	87
0	19
0	1
0	1
0	0
634	4084
2	106
0	3936
0	1705
0	19
0	26
0	8
2	199
1	0
1	3
2	3
0	0
1	2
0	10
0	10
0	1
416	0
8	6730
0	1341
1	165
0	49
0	34
1	412
0	75
0	26
3	1879
7	832
12	350
0	314
1	271
1	1204
6	30
1	2194
0	152
0	829
0	270
0	859
0	843
0	886
0	510
0	1539
0	684
0	277
0	287
0	5063
0	5095
0	5013
0	39
0	27
0	5
0	11
0	0
0	9
0	2
0	20
2	20
0	5
1	6
0	5
0	4
0	4
0	4
0	4
0	4
0	4
0	1
0	0
0	1
0	20
1	0
2	0
0	0
148	21
1	21
494	287
1	222
0	5
0	25
25	721
36	681
47	449
2	45
0	0
922	2139
214	27
0	317
128	1980
5	32
41	1
0	160
11	714
60	693
2	651
0	538
1	0
4	3
11	1
15	35
0	269
0	78
3	4
4	18
15	197
286	38
10	38
0	15
700	701
26	369
0	72
0	114
1	18
0	121
0	242
9	854
9	854
37	854
31	391
3	395
0	8
0	2
0	0
10	3
196	236
6	153
0	13
1	8
0	0
0	31
0	602
150	2928
59	2628
8	1528
0	130
3	108
0	134
5	2955
517	3703
2	10
3	0
2	2377
2	601
9	219
157	484
6	139
106	501
2	278
26	10
16	58
2	33
7	22
1	2
0	1
0	2
0	0
0	151
3	143
1	54
1	5
0	0
0	0
0	0
0	0
13	2463
0	2372
128	2430
0	400
28	1
5	125
1	214
2	1
0	2868
5	149
8	2881
0	3119
0	174
0	104
5	13
2	133
0	25
0	0
0	142
4	1408
142	1116
8	1152
18	527
2	944
0	238
61	97
1	95
17	64
0	3
2	5
22	4
1	1
1	1
1	0
337	562
0	472
0	564
0	250
1	247
3	23
1	44
3	356
1801	87
4	63
0	24
11	0
3	514
0	66
2	452
0	34
2	249
0	72
0	12
1	18
12	14
1429	11
0	10
135	5482
253	5751
33	1615
13	0
0	83
7	395
6	15
8	9
0	54
2	14
1	19
12	1
8	17
2	99
0	38
4	61
1	27
0	12
2	8
0	0
0	99
796	390
0	381
0	255
0	9
0	0
0	0
0	0
28	2108
0	2072
24	1324
8	15
8	106
0	70
4	5
0	82
0	45
0	0
0	0
0	0
18	93
4	59
5	62
0	53
0	721
14	691
4	1
2	650
0	100
12	74
3	0
0	0
0	0
0	0
15	202
176	194
3	33
0	1
0	8
0	2
3	7
0	6
0	6
0	2
0	0
1	0
0	0
0	1
199	390
42	41
9	387
545	214
3	25
17	189
0	93
12	81
7	34
4	20
1	252
0	514
0	171
1	420
493	60
0	60
0	0
0	0
3	8
0	0
0	0
0	8
61	1839
12	1840
154	1780
1	0
1	26
0	4
0	550
19	580
0	566
0	55
0	4
2	20
0	15
10	0
1	1611
16	1425
1	1113
0	0
0	0
14	0
4	226
0	2
0	2
0	0
0	0
0	0
0	0
0	0
0	2
0	2
993	1
344	0
0	0
0	0
0	0
0	0
0	0
851	582
319	1195
0	1234
0	1288
0	552
1	94
244	219
0	198
1	107
0	36
0	16
3	7
0	0
0	0
0	0
0	0
1	37
1452	100
15	82
8	280
29	310
2	194
0	1
1	5
0	0
0	5
0	0
0	33
3	34
34	1528
35	1911
1	1486
56	1254
0	1298
3	1023
0	0
5	336
1	2
0	17
0	23
1	168
0	82
5	33
0	33
1	87
131	129
0	16
1	123
0	0
0	0
0	0
9	229
3	219
0	108
0	110
1	39
0	0
0	228
0	9
0	10
0	8
2	7
0	1
0	0
0	0
0	0
0	0
21	0
901	1172
6	1084
40	1188
0	112
39	2
6	22
0	92
36	95
0	71
0	0
0	0
0	0
657	2439
93	1998
0	1094
66	377
21	21
14	1335
2	96
0	806
0	424
0	0
0	0
0	0
0	0
464	3459
15	3097
0	1301
0	0
12	457
3	457
7	31
3	8
63	190
0	192
2	12
57	131
2	32
0	0
0	11
0	67
0	41
1	21
0	35
1	0
1	1
0	1
1	0
0	0
3	18
0	11
3	3
0	2
0	4
0	15
37	20
0	0
0	1
1	19
0	0
0	0
0	0
0	0
4	8
0	8
0	1
3	1
2	3211
13494	19936
2860	16724
0	2202
2	0
2	0
0	355
3	3
0	33
453	289
0	114
452	161
1	29
46	296
0	972
123	1059
4	52
3	0
53	681
0	28
1	32
104	32
0	0
0	0
275	258
0	14
0	23
1	8
1	209
0	90
0	19
218	1058
0	2
0	93
12	1061
1	0
0	1058
0	478
0	467
1	0
10	76
0	76
20	10841
89	10265
0	2387
0	0
0	146
3	840
0	11
9	10527
5	0
7	1651
6	319
11	284
3	119
0	2
14	2
0	233
10	55
295	1264
1	6
0	950
0	112
0	175
0	983
5	116
6	208
0	1
0	0
0	0
0	0
0	0
0	1
0	0
17	2128
1	315
0	4663
0	0
0	4
0	2271
55	841
75	834
29	2220
4	216
8614	4678
1	6
1437	7
0	0
0	0
0	79
57	359
2	131
0	170
1	140
27	166
0	79
0	30
3	30
1	2
0	0
0	30
0	26
0	30
788	135
1	52
22	85
0	4664
19	123
111	4663
52	224
0	224
13	224
0	224
0	14
1	6
0	0
0	0
81	277
0	264
0	0
0	0
0	0
0	0
0	0
58	901
0	890
1	765
2	344
1	14
0	141
0	0
0	76
6	17
0	0
0	2
0	0
1	0
6	28
0	44
10	44
5	7
0	6
0	0
0	0
0	0
0	0
18	320
0	319
0	317
0	320
44	87
13	12
26	60
0	19
0	317
0	320
734	557
0	292
0	435
0	335
82	14
0	23
4	18
0	66
35	57
0	0
0	0
10	17
0	17
476	765
2	746
1	23
2528	131
1	130
142	1144
10	1097
1	343
2	221
0	219
12	123
71	238
0	132
0	72
0	14
2	0
1	75
0	9
0	135
2	401
0	0
0	0
0	228
6	230
9	228
0	230
0	1
0	401
0	10
0	18
0	0
0	0
1294	984
0	4
13	417
9	528
0	295
3	529
4	389
28	40
0	109
12	432
0	4648
939	4771
11	2005
1	2270
0	670
3	194
0	213
3	209
0	209
0	206
0	205
0	200
0	0
0	0
0	20
0	208
0	23
0	23
54	457
1	2
7	12
1	9
988	610
1	144
1	0
73	16
3	14
2	15
0	7
2	0
0	0
0	0
0	0
92	188
21	21
7	6
29	19
0	1
1	0
0	0
3	3
0	3
0	3
0	2
0	0
2	372
14	278
0	258
33	149
3	142
6	151
0	35
0	64
1	11
49	50
1	28
0	21
2	20
0	0
8	0
0	0
81	364
0	278
3	11
2	11
1	0
0	0
0	85
1	0
269	0
0	0
0	73
0	86
3	89
0	64
0	17
0	1
1	17
2	3
0	0
0	0
0	12
0	12
1425	20
2	19
0	0
1	20
70	20
23	288
2	288
0	0
1	3
33	3
0	0
2990	932
11	604
1	726
1	710
4	282
0	929
4222	798
9	795
7596	1398
31	1274
1	3
5	121
0	0
62	602
0	589
0	90
0	24
0	12
0	0
0	0
0	0
0	0
0	0
135	17
0	151
0	274
5	114
2	263
0	128
2	87
2	88
18	80
0	65
0	0
0	87
1775	397
3	211
3	396
57	662
86	685
4	770
0	405
5	0
2532	62
0	0
3	61
104	440
250	372
0	207
0	95
11	112
438	432
4	84
0	351
1	87
4	6
0	7
0	63
223	63
0	0
0	0
0	0
0	0
0	0
0	0
11	1335
1	1306
2	1290
1	1277
0	627
10	832
0	0
4	0
21	684
0	1089
14	1151
8	803
0	957
0	638
1	651
0	717
0	580
0	62
0	319
1	4
139	2904
6	925
0	261
0	120
6	90
11	20
230	39
58	568
0	209
0	0
0	0
2	4
103	2913
0	916
0	848
0	840
11	795
1	280
0	113
1	18
0	840
9	284
6	341
1	280
893	276
1	19
2	257
558	313
17	239
1	152
3	93
3	7
1	188
18	191
1	10
1	3
0	92
0	113
0	108
0	135
2	10
0	2
0	45
0	5
0	1
839	129
0	6
0	107
1	126
1	86
211	802
47	8
0	8
24	6
0	30
0	1
0	29
0	802
7	27
0	27
0	5
0	48
0	48
1	48
6	6
0	171
10	163
0	1
16	14
0	129
0	47
0	46
14	40
6	127
7	4
2	2
1	36
92	60
143	559
41	577
0	238
0	268
3	1486
4	94
0	19
0	19
0	19
0	19
82	1257
0	1363
53	1
0	96
28	1143
0	0
0	0
0	0
3	0
0	0
134	1211
9	1062
6739	2907
7	108
0	250
1	194
9	1015
133	182
0	182
42	8687
1149	10712
0	661
5	3576
6	11
68	135
44	1378
89	1486
0	0
0	24
0	24
3	7
1	2
4	6
0	0
0	0
0	24
0	0
0	0
0	0
3	3540
928	3865
0	2769
3	3395
10	3291
11	330
18	0
8	368
43	0
0	1117
2	5
6	2
1	46
17	201
0	285
0	503
0	40
1	478
1	900
12	380
16	266
28	398
1	143
13	41
0	0
0	0
1396	0
1	717
7	24
48	643
4	661
0	43
0	37
0	1
1	0
4	50
0	25
0	24
0	12
0	0
91	1487
0	1487
0	535
8	158
0	103
4	19
7	35
319	390
0	2
0	0
0	2
0	2
0	186
0	9
0	0
0	350
2	0
0	0
0	0
9	265
0	1
2	7
0	26
0	25
0	20
0	19
1	8
0	0
0	260
0	265
1422	63
4	62
748	0
1135	274
0	274
80	407
4	26
5	281
58	121
2	412
5	40
52	108
164	634
693	1768
44	1694
0	77
1	30
7	10
0	464
5	917
0	0
0	0
4	13
35	842
410	1306
15	1094
0	69
0	70
0	12
0	374
0	132
2	119
0	207
0	200
0	42
0	202
0	43
1	0
4570	2
3	3
4	4
0	4
35	155
7	177
4	178
4	29
1	74
51	115
2	7
533	507
2	257
34	250
15	41
23	1969
49	541
0	1656
0	1282
0	331
1	575
60	119
1901	151
0	34
7	14
1	120
1	108
58	268
10	409
0	378
0	87
2	0
31	135
0	3
38	135
0	37
0	18
1	17
0	0
0	15
0	1
0	3
0	15
0	12
2	1460
2	1248
14	893
162	1304
4	923
0	1188
0	290
3	349
0	152
0	266
0	72
882	264
0	5
0	22
0	93
0	118
0	119
29	660
5	178
9	847
27	730
0	50
12	209
0	1
0	109
1	1
0	32
8	3
0	0
1545	3
0	2076
118	2390
23	1295
104	2032
6	1906
0	2128
0	321
3	2047
1	947
277	841
12	7
44	13
0	15
0	80
0	2097
17	2451
2	384
2	238
0	0
2	23
0	231
0	125
0	34
0	5
4	14
18	921
0	733
0	820
2	882
0	1034
0	427
0	153
0	248
0	259
0	157
5	255
0	112
1	218
0	176
0	0
1	27
0	106
4	17
1	56
3542	3
0	2
0	2
0	2
0	0
0	0
0	0
0	0
3	13
0	25
4	24
0	2
0	1
0	1
0	0
0	0
0	0
0	72
0	72
1	32
55	3059
52	1868
0	3179
5	317
1	57
8	642
4	3072
543	21
0	21
7	1475
0	1753
5	1470
1	29
1	1031
0	1
8	1753
12	2205
53	1095
0	2043
161	2149
8	31
3	190
3	777
6	151
1	332
2	443
4	352
6	274
12	2
1020	349
118	349
20	1012
4	59
4	1
1	78
0	50
0	41
0	36
1	19
3	45
1	23
0	1
0	991
20	966
10	102
12	481
4	628
0	1311
1	1356
0	218
2	102
0	21
4	46
0	309
6	1250
3	1306
7	967
2	241
0	16
0	26
0	113
0	112
0	1308
92	5
3	5
3	0
0	0
21	6253
1	614
1	233
429	6253
3	167
3	382
169	3759
3	215
50	1012
1	1012
0	31
2	0
5	210
0	168
0	149
0	9
1696	2656
0	2511
22	392
2	1219
8	0
1	179
0	0
0	1
0	3
0	3
0	1
0	0
1	0
2	0
109	4
1	4
0	3
0	4
0	65
4	73
2	0
1	108
1	62
11	0
1	24
1	14
13	31
0	108
1	0
0	119
6	242
0	229
0	128
0	207
10	182
0	0
0	193
0	20
0	2
0	8
0	23
6	11
5	15
0	15
0	0
0	0
0	0
0	0
0	0
0	0
399	106
0	1
0	1
2	1
5	104
28	10
2	10
0	2
0	0
10	67
0	56
0	36
16	31
0	24
0	12
1	23
0	16
0	22
0	17
0	20
2	0
3	134
0	114
0	47
0	0
0	117
0	39
0	13
7	10
0	76
0	0
0	0
0	0
0	0
0	0
0	0
0	0
0	0
0	0
0	0
0	0
1	620
6	955
1	14
0	193
1	194
0	171
7	15
0	466
0	4
55	184
1	76
64	186
0	81
3	0
0	0
0	0
0	0
0	0
0	0
1918	3122
1	2590
0	2566
0	2062
6	1021
0	349
8	389
37	808
5	23
0	460
2	93
0	2
1	2
0	1084
143	4175
3	1
0	4148
409	246
0	118
426	502
1	0
0	502
1	0
0	0
0	149
0	2
1	44
0	162
37	1551
3	621
1	1527
3	1
30	121
2	0
0	84
2	75
0	106
16	1
19	306
51	214
1	256
1	62
2	89
0	79
4	7
0	13
3	51
2	83
7518	10793
4	10760
0	4540
1	763
6	27
74	224
28	224
12	224
0	0
1	48
0	12
8	0
45	48
0	0
0	0
0	1
0	1
0	1
467	23
0	23
336	29
0	28
1	1
1944	808
0	751
0	2
59	489
0	51
1	10
0	47
1	3
0	5
706	910
29	112
22	899
0	0
0	0
0	0
468	492
13	501
13	10
0	0
0	0
0	0
0	0
0	0
0	0
279	1498
58	1502
0	547
1	42
1	4
225	0
21	310
2	309
1	112
9	241
4	96
7	221
3	94
0	83
14	122
11	49
0	33
6	5634
81	5632
33	5638
1397	5664
94	5658
4	5629
0	5602
7	3801
0	3624
0	3587
9	351
2	1188
36	5634
12	481
146	45
97	510
45	505
1	24
3	36
0	0
5	1
0	1
1	13
0	13
0	6
3	291
0	465
11	58
0	118
0	0
1204	48
0	0
6	135
14	136
0	53
1	1
1250	301
18	300
0	0
0	0
0	0
893	422
11	63
0	0
2	7
13	0
9	422
4	0
842	5515
327	5510
0	844
0	482
0	2115
0	228
37	223
6	455
0	12
208	22
0	85
1539	1785
0	691
173	1687
0	1468
0	147
0	1098
0	15
0	72
0	1088
0	1196
4	33
27	6
0	0
1	711
25	0
5	384
249	1601
0	9
3331	2339
12	1546
15	2122
21	1663
0	268
0	1928
0	0
0	3
0	3
0	3
5	169
13	163
4	6
171	281
0	281
0	1
272	1
44	1054
57	1054
0	127
48	101
1	14
25	86
1	0
25	2372
3	0
23	2382
4	29
36	307
6	28
322	456
3	2369
2	1745
3919	19
0	16
602	594
5	31
1	417
0	272
7	40
12	9
42	2311
32	2326
0	212
1	155
0	125
0	96
0	126
1	72
0	40
3	36
0	0
2	11
0	1
0	2311
0	2267
0	2287
0	2312
127	10
0	10
0	0
0	0
340	10366
0	90
22	3514
1	3174
12	3260
9	7106
3	2020
0	2980
0	551
2	1795
3	2978
1	63
1148	6209
0	1518
0	4654
0	1
0	2873
1	28
9	0
10	34
0	34
0	0
2207	374
0	0
0	374
3	21
43	4
0	0
11	0
1	0
105	5189
0	1837
0	3475
0	4171
815	3764
329	533
27	3697
14	2691
0	2481
2	529
1	521
4	1631
10	2075
5	530
0	29
23	510
36	825
3	102
23	36
4	392
0	4
0	22
0	241
0	138
0	172
1	327
0	25
0	109
0	82
4	557
2	17
0	65
0	45
742	583
1	15
1	26
0	19
0	157
0	88
0	123
0	39
0	31
0	101
154	0
76	1733
4	0
173	1733
24	15
0	5249
390	5249
344	137
31	109
232	153
7	0
4	0
2	24
0	140
0	1
0	0
0	1
0	1
0	1
0	88
3253	2469
1	366
0	738
388	1116
0	1551
0	5
5	80
132	557
0	190
0	187
15	341
0	184
51	79
0	30
3	107
0	6
0	254
4	1
737	13
0	12
7	1
1	0
235	7220
819	7222
12	3502
60	190
152	2415
0	2410
0	2263
3	2309
31	674
1	0
0	4
2	4
813	810
17	95
1	1
2	690
0	4
0	58
0	174
3	126
5	47
0	0
0	0
0	0
5	0
0	104
0	1
0	3
0	102
0	0
0	4
0	59
2	6
3	51
0	0
0	0
0	0
0	0
0	0
0	0
0	0
0	0
0	0
1	0
0	11
7	11
2787	461
50	451
7	388
7	312
17	3
694	78
0	54
5	77
920	505
0	505
24	125
4	29
2	122
0	29
189	13
1	13
0	0
0	2
446	3
9	1164
0	1133
0	1060
0	9
11	203
4	22
2	28
8	31
4	2
0	19
7	271
0	1163
4	0
97	620
6	624
0	10
0	0
4	329
0	2
0	2
87	222
1	25
0	59
8	1
0	1
20	158
0	350
0	0
0	0
3	0
0	0
5	1
3	349
0	185
0	187
0	43
0	42
0	187
0	58
0	29
0	1
0	12
1388	106
1	103
260	439
0	332
0	304
119	371
0	301
58	359
0	91
2	65
26	0
2	181
1776	893
0	253
2	33
0	572
0	0
245	2448
0	2661
0	2538
1	150
101	1639
0	1741
120	1063
0	0
2	71
8	41
5	124
14	220
4	76
0	4
0	1
11	4
4608	3
38	71
0	24
0	71
0	0
0	3
0	667
1	806
149	700
17	764
37	605
5	324
2	26
0	61
18	0
29	97
0	91
572	88
0	85
48	1227
32	67
344	1188
0	0
0	1184
2	20
0	31
0	17
0	0
0	0
0	0
0	0
57	0
5	0
0	2
0	2
0	0
0	0
0	0
6	0
0	13
2	13
13	15
0	7
3	0
8	37
1	461
48	498
0	73
0	51
0	0
0	1
0	1
0	0
0	486
0	4
0	0
0	0
0	0
0	1667
7	0
43	1804
2	2
0	174
0	1260
0	115
3	416
16	367
2	64
0	50
5	166
5	40
0	94
13	91
941	211
2	13
1238	220
1	213
0	7
0	0
0	0
84	475
39	2
34	475
0	0
0	0
0	0
0	0
0	201
6	50
0	195
1	0
16	7
2	34
647	5488
10	227
0	5500
0	885
29	4499
36	438
0	0
0	0
0	0
0	0
0	0
0	0
0	0
2	0
5	161
0	2
0	1
0	0
0	2
0	159
966	1025
4	267
34	787
9	15
24	0
0	22057
3	27981
129	4574
3	0
0	27976
0	158
32	158
0	158
579	0
0	0
20	2984
0	2688
1	45
0	10
4	2308
97	157
27	53
0	29
0	55
0	2432
0	0
0	0
15	2661
0	1532
26	1975
223	35
0	28
8	7
575	251
2	237
1	9
0	141
5	2
0	3
0	0
0	1
5	14
0	14
1150	975
4	968
4	7
198	108
1	2
3	51
0	55
1	3007
2	1
0	0
0	63
0	221
736	3229
10	1
0	87
0	99
1	109
0	81
0	48
0	28
0	47
0	47
0	43
1	32
0	11
0	15
1	0
0	1
0	0
0	0
0	0
52	36
0	1477
0	12
1	2518
0	406
0	2322
8	213
1	2686
176	1959
106	197
10	23
1526	0
32	2000
0	0
0	0
0	0
0	0
0	0
1	0
0	0
182	115
36	115
351	1947
5	90
19	1053
0	313
0	1486
0	65
5	59
12	1
6	37
1	0
0	0
176	275
35	280
30	5
11225	7
0	51
10	1851
0	123
3	2
1	0
44	1893
0	1904
3	1873
6	17
1	1
2	49
0	2
2	1920
0	1888
4	26
2	32
3	0
1	27
0	3
0	1
1	6
62	13670
0	4020
0	4632
0	3153
0	2845
9	1656
0	13599
0	5181
304	7227
0	1175
8	1342
20	24
0	538
17	2328
183	2523
14	32
2	1
66	49
52	2380
155	2447
0	415
6	2286
11	215
0	112
0	0
1719	4198
139	2025
0	1896
36	2520
2	70
10	453
547	1352
712	1354
0	17
0	0
21	2
0	196
33	146
1	146
1	0
1	0
0	0
4	0
0	339
6	418
244	336
0	111
1127	976
16	790
2	41
7	24
28	974
3	61
0	61
8	23
51	96
5	94
2	2
0	23
27	662
0	127
15	679
0	118
0	76
2	104
5	609
19	18
7	55
4	1893
0	1950
149	1016
0	474
142	1959
25	1233
3890	2376
0	51
99	18
4	0
0	1737
0	0
0	0
0	0
0	0
0	0
30	6
6	220
0	258
0	343
0	7
0	756
2	0
0	815
0	1
0	0
622	0
16	32
15	111
297	301
92	190
118	3546
106	3546
0	4
2	88
3	1008
5	1010
0	814
3	113
0	11
2	4
10	148
1	776
37	77
2	39
0	19
0	47
0	50
3	49
0	6
0	0
717	718
15	718
0	0
0	0
0	0
178	14
1	14
0	1
0	1
1225	314
13	310
1	30
6	33
0	294
2	286
77	1
1	0
0	0
727	667
10	658
1	2
0	11
18	77
36	160
11	0
559	60
0	59
4	260
6	319
0	74
0	19
0	19
0	94
0	196
647	201
55	199
17	198
41	0
0	53
1	0
0	17
0	1
556	211
0	1
5	1
0	1
5	33
0	27
21	49
0	29
2	27
1	5
0	31
0	0
0	41
12	5
615	3237
627	2819
2	1149
0	181
1	237
13	212
389	108
0	108
171	42
2	66
1639	459
1	458
35	4
46	0
1096	754
0	57
5	318
0	197
3	18
0	6
0	287
3	295
736	1052
7	146
7	904
9	0
91	616
3	616
61	196
3	53
0	7
0	33
0	859
0	862
56	900
2	39
15	824
0	0
9	0
328	0
0	172
0	183
1	49
0	8
0	49
0	0
0	0
0	22
0	0
0	0
0	0
0	1
0	1
0	0
0	0
0	0
0	0
500	6644
8	1601
5	555
0	1585
9	4483
32	1054
13	0
2125	580
85	579
0	18
0	1
0	17
0	3
0	3
0	18
10	5581
0	5146
26	5172
0	5047
2	254
16	4946
0	22
1	19
0	1
0	809
1	16
0	280
4	838
0	164
0	103
0	141
4	167
0	0
28	1939
0	322
4	65
1	523
0	0
0	0
0	0
0	8
0	8
0	8
18	6
0	0
84	1872
23	1664
26	1155
37	167
1	6
0	0
0	0
0	0
0	0
767	0
0	0
0	0
0	0
105	1559
416	1555
1	1445
10	521
0	640
5	998
1	24
11	509
1	466
3	384
0	1559
0	0
0	0
28	59
0	21
7	0
0	2
0	36
3	3
0	2
0	6
2	27
27	95
180	4
76	99
365	0
0	0
0	0
2	50
166	259
2	17
0	12
0	54
0	22
7	23
0	29
14	7
0	22
0	36
0	10
0	11
1	32
0	52
0	50
0	38
0	21
0	4
0	2
0	3
2	0
0	1
0	2
0	0
0	0
64	626
416	897
12	624
0	270
0	2
0	3
166	298
1	76
0	26
95	200
0	1
0	1
0	0
0	0
514	184
253	184
577	347
0	317
19	15
1	20
13	7
61	45
0	36
14	3986
97	711
0	656
4	609
15	3127
2	592
0	7
1	55
8	0
0	3308
3113	451
11	3
0	400
0	294
14	55
13	19
1	21
0	15
0	0
0	5
0	0
1	0
155	56
0	56
2	41
1	28
0	0
0	22
0	25
0	1
0	28
0	25
0	25
0	25
0	28
888	128
4	2
0	126
6	122
15	116
0	9
0	116
0	0
0	0
0	0
0	0
0	0
0	0
0	0
0	0
0	0
4	214
2	104
1	87
38	173
11	524
20	529
4	0
13	10
0	207
4	703
16	704
0	875
330	875
0	684
0	0
0	0
0	0
0	0
1683	3
89	299
0	25
0	17
1	7316
80	6846
21	14060
1	14659
0	14794
1	0
47	1702
0	2138
0	0
12	485
205	39
0	39
1	105
20	111
0	79
388	1969
166	801
2	258
13	56
14	981
0	0
12	48
748	1211
27	1175
4	36
31	534
0	103
0	0
0	0
0	0
0	0
0	0
0	0
0	0
239	226
0	90
1	183
0	47
2	37
493	0
4	384
1	269
0	383
0	166
56	384
0	289
9	36
8	0
0	0
0	0
0	0
0	0
0	0
0	1
24	46
0	1
0	0
0	0
0	0
0	0
0	0
0	0
0	0
0	0
2	180
1496	377
177	376
17	301
0	329
0	6
4	902
15	116
1	13
0	13
16	13
0	0
11	50
4	50
0	2
0	0
0	0
12	36
0	36
0	26
0	25
120	224
6	168
0	0
2	43
0	4
0	1
1	12
0	12
0	2
0	2
0	3
0	0
0	3
0	10
0	0
2	1
1	2660
4	357
665	2648
0	169
9	0
0	18
3	5
0	3
4	169
173	1
7	0
0	13
56	219
3	19
0	29
5	121
1	175
0	97
0	12
3	37
590	461
6	86
0	275
4	70
0	57
0	113
0	27
15	5
0	5
10	0
0	18
0	44
4	8
1	0
0	45
0	333
40	1092
3	958
11	454
0	206
10	25
8	13
470	786
0	11
0	9
0	0
0	3
0	11
0	5
0	5
10	4
5	0
22	4
1	4
5	1
11	2
0	74
0	19
0	68
0	49
0	18
0	74
0	18
83	3
1	3
0	374
76	727
4	12
0	419
72	45
3	389
1	73
2	4714
50	4497
61	4070
37	3029
97	151
40	0
38	5
0	779
2	13
4	162
7	0
0	6
5	2
1	7
0	15
0	27
1	53
0	48
4	51
1	24
0	1
0	0
1	11
6	11
19	4
10	41
2	41
0	0
0	0
0	0
0	0
1	0
0	0
0	2
0	0
3	9
20	657
2	657
0	2
0	0
0	0
0	0
0	0
332	0
3	283
134	3298
2	225
1	264
0	0
54	1234
4224	3205
1	0
125	146
2	19
0	1271
20	1134
9	1050
29	49
74	8
1	101
3	14
7	72
87	872
0	104
0	0
0	0
0	0
0	0
0	202
10	202
0	0
0	2
0	0
0	2
2	100
1	12
0	71
54	205
15	207
1	42
1	0
458	589
12	597
0	614
3	409
0	461
2	14
16	114
0	51
2	0
0	0
484	0
2	119
528	119
1	0
0	0
0	0
0	0
1221	614
11	165
1	10
0	10
2	362
13	355
9	114
0	15
0	0
0	0
45	0
0	0
0	0
0	0
40	3275
15	533
0	3257
0	58
3	9
3	92
0	896
9	4
0	178
0	148
332	0
0	0
38	306
35	306
14	96
0	1
0	1
0	10
0	8
0	3
0	4
0	0
0	3
0	3
0	8
4	413
29	1366
0	532
0	354
0	377
7	18
17	1425
12	347
3	253
0	1467
3	33
0	201
0	17
4	1
270	43
0	11
0	26
41	1481
22	9258
1	9819
14	9267
47	0
0	0
16	68
0	68
0	529
0	97
6	212
0	212
0	23
0	14
0	12
304	11002
6	17
144	1
20	1402
253	8518
8	2
0	0
232	57
73	89
23	10430
0	0
0	0
0	0
0	0
0	0
0	0
1	41
0	42
0	44
0	129
7	24
13	1711
1	446
0	1880
3	229
2	94
14	290
0	221
0	12
2	1880
217	48
1	15
1	41
0	22
0	4
0	4
0	4
0	0
404	96
2	95
0	6
1	0
2	17
0	0
1	17
42	1486
6	1005
61	1376
11	128
41	151
0	15
0	0
3	2
8	71
0	265
0	488
0	104
0	0
0	0
0	0
0	0
0	0
0	0
0	0
0	0
0	0
37	4633
17	3954
140	3927
0	17
2	8
1	10
22	7
22	7
496	14980
0	16975
0	1005
0	3995
12	613
0	12982
4	2430
5	3597
42	15596
0	17
0	0
0	1
0	0
0	16
0	0
7	3
2	298
783	1290
6	527
0	228
75	1112
7	37
0	0
0	0
0	12
0	12
0	3
8	3
7	767
50	768
0	13
0	0
0	12
51	57
1	23
11	0
0	34
15	171
10	89
0	4
3	113
1	142
1	86
0	55
26	49
18	2
0	708
0	506
0	708
1458	3464
0	3430
0	1511
2	94
24	145
6	33
0	0
7087	321
19	25
14	307
18	13
530	849
3	147
7	458
0	183
5	337
1	0
0	0
1	454
180	428
0	263
1	37
16	17
1	0
8	56
1	16
3	37
0	5
1	4
0	0
0	0
0	0
0	0
0	0
0	0
2369	55
0	55
58	3
0	0
0	0
1561	1032
7	171
44	577
2	0
86	3
6	486
840	8628
0	7750
0	6475
3	5141
0	4666
0	844
33	539
0	57
1394	1369
28	1245
3	194
0	0
0	0
6406	4
0	1
0	1
0	1
0	0
1	0
0	0
0	0
45	684
14	653
0	3
0	432
1	501
1	451
0	111
0	56
0	0
1	0
1	36
0	0
0	19
0	2
2	2
0	10
0	33
0	10
346	733
0	683
0	387
0	0
1	0
1	14
3	782
0	628
0	221
12	263
24	163
3	19
0	10
247	1
30	2
7329	2328
10	10
0	209
16	427
3	570
1	707
3	398
6	257
0	1414
8	5279
57	4426
12	4331
0	1549
0	1221
0	715
15	454
10	34
11	0
1	280
1	9
6	393
11	5
35	0
2	22
0	412
35	574
1	29
1	232
0	212
0	72
2	29
0	0
1065	343
6	258
3	120
4	93
173	3895
4	3895
173	301
0	154
17	20
3	76
18	116
110	3854
0	0
3468	766
40	301
0	59
0	209
0	241
4	254
0	0
0	0
2	413
0	427
7	364
0	99
2	196
0	29
5	144
0	129
72	0
12	0
2	0
54	18
3	13
1	15
1	0
0	0
0	0
72	429
68	414
4	6
6	9
10	100
24	366
4	140
18	127
0	387
31	6159
289	6483
634	4949
14	1033
9	6050
6	6408
21	5786
163	194
94	51
0	0
0	0
0	0
0	0
0	0
47	119
22	119
1210	8
4	8
40	284
0	293
1	0
92	350
8505	2081
0	359
1	812
8	382
20	801
314	0
14	0
1	1
0	1
0	0
101	640
0	640
0	640
0	640
4	349
143	44
13	420
1	0
0	0
32	7676
0	1028
240	7327
0	459
0	359
0	7536
0	0
123	7644
0	16
195	16
0	1
0	1
0	0
46	6
4	13
97	863
107	5158
118	5046
5	2
55	35
2	1
0	1
12	709
0	709
23	695
0	651
3	54
0	6
3	3
433	76
0	39
3	27
0	0
0	1
24	35
0	16
0	46
0	35
0	23
0	8
0	1
0	2
3	104
95	1770
228	3140
0	50
64	76
0	1815
6	15
1	1932
0	17
0	59
47	4
62	1015
0	3052
0	0
0	0
27	5128
94	7302
48	7350
298	6940
15	22
1	210
277	176
0	176
0	1
104	32
0	32
19	42
0	37
0	5
0	0
0	0
0	0
0	0
0	0
0	0
3060	844
9	0
21	843
0	481
7	0
11	0
0	2687
1	366
0	538
0	1241
0	93
27	45
0	32
9	36
0	183
0	47
0	501
14	63
0	2618
0	2775
0	2638
44	1447
12	5
45	1437
0	64
30	36
9	11
49	1197
8	103
24	6
8	49
2	0
4	25
446	516
69	516
4140	3
0	0
0	5
0	1
0	7
0	6
0	5
0	0
0	0
0	2036
0	4770
64	1617
11	3624
5	415
3	1554
0	2234
1	3350
5	3812
0	1140
0	2338
4	4516
0	1503
27	1689
0	1527
36	1730
0	1181
0	1033
0	1190
6	1010
0	1159
3	1039
13	543
7	236
0	1052
1	296
16	609
0	2647
17	26
138	1
84	370
1	0
6	6
0	6
700	204
71	3
0	0
0	0
0	0
0	2724
48	265
11	796
0	2696
90	2611
203	1307
20	344
0	4
27	963
2	352
1	347
0	347
1	50
0	63
0	23
0	0
7	10
1	0
1	0
0	0
0	388
514	508
4	295
0	137
0	339
0	335
0	327
0	312
7	197
0	1
2	13
7	113
0	7
0	1
0	5
0	2
170	0
0	0
0	0
2798	142
1	142
0	48
7	48
0	47
54	432
48	437
0	57
10	36
1	6
7	41
433	1624
2	24
0	32
0	1604
3	1
835	1206
95	1043
0	34
11	54
6	145
1	0
228	3295
15	167
1	30
0	2050
0	3110
32	2522
1	2006
2	225
0	0
0	0
0	0
0	0
0	0
357	129
1	28
6	4
6	78
3	71
0	21
23	13
0	13
0	0
0	0
0	0
0	0
0	0
0	0
33	665
4	541
0	441
1	344
0	297
1	49
0	36
0	16
5	29
2	23
0	8
23	0
200	0
521	223
2	221
2	5
0	96
4	909
1	1225
0	458
0	0
1	10
64	1225
0	0
0	0
5	1
0	1
0	0
0	0
0	0
0	0
0	0
0	638
242	1818
0	811
56	1627
0	117
2	46
88	2040
0	600
4	159
1	1633
17	296
8	5
58	892
3	244
6	77
0	3
8	53
242	22
0	425
3	390
0	9
15	46
33	32
0	0
0	37
2	109
3	327
34	336
2	21
0	10
15	37
0	0
2644	2
0	0
0	0
0	0
1	15
0	6
0	0
0	0
0	15
0	0
0	0
0	0
3	12
915	0
44	235
764	235
1	0
569	1439
1	875
14	565
0	166
2	28
0	190
79	1642
4	1638
0	506
0	78
1	0
0	0
0	0
10	315
17	947
44	772
22	94
0	415
0	0
0	0
13	6
1	5
0	0
0	1
0	1
0	1
0	0
0	0
0	10
0	10
198	629
0	629
158	0
184	556
0	577
26	581
0	1
0	2
1	2
0	2
515	1594
0	1594
3226	725
3	372
16	352
3	44
21	42
0	1
2	2
0	7
0	37
0	1
1	7
5	63
0	43
0	1
0	2
1	15
0	3
0	6
0	7
0	31
0	18
1	0
0	0
2561	2950
0	92
0	151
27	2857
54	4
0	2494
0	2412
0	1573
1	1144
19	76
610	2394
0	0
0	0
0	0
0	0
0	0
65	630
6	507
45	123
1	326
0	116
1	107
0	0
0	0
2	0
0	0
0	21
1	0
0	0
145	22
1	22
0	0
0	0
0	0
0	0
506	101
6	75
8	42
4	68
3	154
1	22
0	159
0	79
1	149
4	16
0	0
0	0
2	9
0	156
32	0
0	0
0	6
0	6
0	0
0	1
1308	0
13	0
0	8
0	9
0	3
0	5
1	7
0	764
0	0
2	4
0	764
0	0
5	424
28	536
74	544
28	204
4	161
0	0
232	0
3	0
0	0
366	578
78	751
0	590
5	640
0	471
0	0
0	0
0	0
0	0
0	0
0	0
8	21775
0	29115
46	27755
15	3930
0	4135
11	844
31	513
2163	768
3	429
26	569
0	744
5	50
2	476
3	114
0	620
9	1223
33	344
0	922
4	1095
10	1097
30	385
2	6
4	196
25	205
1	127
0	90
0	242
27	0
11	177
0	31
1	142
1	117
12	176
8	88
0	23
2	58
1	14
0	32
2	0
0	869
0	1123
0	0
7	783
49	817
0	829
7	711
1	1
7	96
2	15
0	5
3	471
3	305
70	149
1	121
9	271
0	2682
7	2202
72	104
1	0
0	2682
1	0
20	962
12	930
64	968
2	50
13	149
107	27
0	203
0	4
0	388
9	346
4	560
0	848
0	883
775	880
0	507
0	108
24	21
0	417
1	11
0	0
0	397
0	397
0	397
0	286
0	279
0	0
8	119
1	0
0	392
0	0
0	0
1	16
0	21
0	8
5	4
20	27
0	2
0	2
0	2
1	21
0	21
0	0
0	0
0	0
38	7495
6	3859
0	3961
0	2762
0	198
0	191
0	398
0	362
1	185
7	7279
32	0
3	0
3	0
0	0
245	661
8	590
0	0
1	71
2185	4
5	23
0	22
0	23
0	0
1	0
0	9
0	0
0	8
0	8
0	7
0	7
0	4
1	2
600	190
1	157
99	146
0	23
2	0
164	1207
0	284
2	313
0	930
0	1233
7	1165
0	1211
0	296
1	254
0	44
0	10
0	8
0	0
0	31
1	62
0	90
0	243
0	47
3	0
1	48
0	3
0	0
0	68
351	113
0	113
0	195
3	195
0	0
0	0
0	0
0	0
1153	1057
5	510
0	632
0	0
4	768
28	36
16	424
0	0
0	0
1685	1
1	11
1	0
12	18
0	12
0	14
42	1
0	1
5801	5
2	4
0	0
0	386
114	418
11	79
13	0
0	0
0	0
10	1100
0	305
1	92
2	88
16	714
0	939
0	99
1	359
3	126
16	3
0	3
1	42
1	24
0	33
0	1
1	3
0	0
0	2
0	42
0	42
660	107
1	102
16	74
3	69
327	0
2	114
3	132
24	132
5	1
0	20
671	279
0	275
0	192
3	248
0	111
7	129
0	109
0	49
0	25
0	33
0	3
2	0
0	0
0	0
0	1372
2	1423
19	1505
0	1515
4	339
0	159
14	2
0	1447
0	4
1	115
0	0
0	0
8	13449
19	14026
299	14299
39	695
4	0
0	894
0	4828
0	535
24	482
154	94
180	470
6	126
8	79
7	735
21	80
4	78
15	1360
94	1243
0	1
1	23
11	1
203	1612
2	1002
16	890
89	394
1	53
6	0
6	42
7	58
15	161
343	137
0	125
4	41
2	38
1	14
0	2
90	68
3	68
0	1
0	3
1583	197
7	196
610	451
11	0
0	5
2	26
2	45
19	140
0	1
0	4
0	0
0	0
0	0
0	4
0	4
45	89
0	89
4	88
8	137
1101	423
34	0
1	187
6	9
17	169
6	55
17	8
5	46
0	23
2	0
130	1989
0	678
26	1842
7	58
1	2105
42	2
7	143
0	9
138	142
0	0
0	0
0	0
476	97
0	65
3	42
0	0
0	1
0	1
0	1
24	314
169	360
4	3
0	259
5	41
33	9
0	9
6	1193
0	2359
4	378
19	450
5	38
1	172
0	127
11	1
18	1283
1	1170
0	0
0	0
6	76
0	3
1	0
0	76
1567	3924
0	2503
5	2404
4	792
18	1026
0	38
0	28
70	28
0	129
60	304
0	10
0	11
2	7
0	11
0	10
0	10
0	10
0	8
0	0
0	0
0	4
0	0
0	3
0	3
0	0
0	0
0	1
5	0
2	61
2	93
1	152
1	71
5	31
4	34
38	1164
0	1132
2	1062
68	1151
11	37
0	21
10	2
0	99
0	124
0	0
0	156
1	9
0	121
0	0
0	9
6	3
55	0
60	726
12	567
27	608
250	1400
29	1405
0	1183
0	1
0	0
0	0
0	0
0	0
95	0
0	6703
5	6698
57	6701
4	378
0	285
119	6488
0	6448
2	1
240	103
2	2
9	2
2	0
94	159
8	9
1	88
0	111
1774	1829
0	815
0	124
0	852
174	532
5	0
702	4015
5	1623
42	3266
1282	78
49	77
4	8
23	4
0	0
2	4
2	3
0	0
0	0
867	4
0	669
92	4210
0	5
0	65
289	322
13	305
80	107
35	304
1	227
7	190
8	4392
2	2
1	1
0	1
0	1
8	1
0	0
0	0
141	4306
58	4946
35	3884
5	1815
18	1501
0	590
34	607
0	189
863	419
11	33
3	41
0	5
2	0
11	367
0	207
0	207
1	258
0	35
0	163
0	0
0	0
0	0
0	75
0	75
0	1
1	75
4	3
0	0
7	356
17	168
2	270
4	178
4	287
1	47
18	2
0	205
18	933
15	134
0	50
4	0
24	921
0	24
18	144
1	486
5	450
3990	28
0	10
2	17
0	10
3	54
5	57
0	57
13	46
15	27
0	19
0	57
14	171
1	173
3	156
2	1
0	91
0	15
0	9
728	599
3	549
80	252
120	134
0	3
2	163
0	270
1063	267
5	47
2	0
2382	4
47	978
0	976
9	975
0	974
22	952
0	9
3	4
0	15
1	0
14	42
9	13
69	4
153	999
23	1032
0	271
0	221
0	181
0	119
0	36
1	23
5	0
1	0
11	44
2	43
0	24
0	17
1	5
739	368
11	249
18	61
52	30
1	93
0	34
2	760
0	43
6	0
0	722
0	54
0	585
0	587
0	0
0	0
0	44
2	6
15	132
0	108
3	44
3	415
60	2604
1	2456
2	621
99	515
1	8
32	416
1	411
1	78
29	569
0	34
1	0
0	0
0	0
0	0
5	611
261	651
60	362
5	8
1	97
3447	4011
0	3203
4	0
0	0
0	408
0	1473
9	140
0	434
12	302
1	1735
12	1836
1	1803
0	43
8	1124
7	106
1	106
0	120
0	149
0	183
2	33
16	101
0	58
0	0
3	42
6	67
28	20
209	409
102	565
0	555
0	545
11	211
19	414
2	261
4	32
0	0
0	0
0	0
0	0
0	0
1	1
0	1
4	372
0	62
2	443
0	676
630	734
1	12
0	63
2	10
0	485
0	365
39	0
89	126
27	126
0	0
0	0
0	0
795	19
0	19
11081	5039
39	965
45	7
8	2498
36	854
3	2538
0	3148
25	2586
108	3187
33	439
42	150
38	2
8	803
93	185
3	161
0	859
60	485
4	2
18	115
0	51
0	0
575	152
5	152
6	89
1	123
0	68
0	95
3	2
0	19
0	0
0	9
0	0
38	23
2	3
4	27
39	10342
2	10548
0	2100
11	6736
20	2
0	2
0	10150
0	9683
7	1105
2	9770
9	422
24	6295
0	2655
2	0
2	527
1	4237
0	428
0	217
0	322
138	81
7	48
9	39
0	33
68	900
35	903
3	741
2	765
0	123
11	92
7	94
0	56
118	2994
53	2891
27	833
2	348
15	47
75	281
0	179
467	92
4	30
1	0
24	62
23	3
30	1
13	1
757	2046
1	1791
7	195
1	1033
5	1442
26	9
5	11
35	1442
31	14
92	112
3	88
76	8
35	53
0	286
0	313
0	4
2	0
0	121
0	287
9	274
2	9
0	0
6	79
37	1210
109	775
613	2111
5	604
0	142
0	0
3	179
2	1122
2	252
25	149
2	539
1	701
15	163
0	19
20	14
0	141
0	130
1	130
18	10
2	8
7	6
0	1170
43	1260
0	825
0	1106
0	1028
3	123
35	104
0	76
12	259
5	659
26	460
0	313
0	170
106	4
0	4
0	0
2	4
1	1
0	4
106	1591
1	3
27	33
3	1537
24	152
1	10
11	89
0	179
437	55
15	55
1942	178
0	30
6	146
0	0
4	3759
0	3547
6	3469
31	1156
9	3719
6	539
5	977
5	1400
32	1244
3	1733
0	2102
0	3827
0	1555
1	99
1	1631
5	2316
15	1
0	342
1	291
0	286
0	1183
0	245
5	254
0	554
118	0
0	314
104	5
5	9
0	9
0	0
1	0
0	0
0	1
0	1
0	1
0	1
10	0
28	2004
0	83
27	225
20	1314
4	1640
0	1870
16	45
0	42
0	0
16	89
0	0
0	0
0	0
0	0
0	0
20	1371
40	1665
5	441
0	466
0	137
0	69
0	445
40	371
5	1
20	39
3	72
68	162
37	125
3	72
11	47
26	4
15	45
2	18
0	0
0	0
0	0
0	0
0	0
1	0
477	2664
2	2189
2	1225
0	957
21	128
1	11
0	16
319	259
0	125
3	72
1	0
0	0
0	3
41	968
4	931
1	48
0	2
0	1
11	143
439	19579
0	19607
350	19573
59	170
0	19241
942	0
0	734
1	734
2167	999
17	504
0	61
3	35
44	223
2	120
610	58
3	21
2	30
0	37
0	27
0	27
0	27
72	1448
0	24
0	201
3	1290
2	52
323	1444
0	126
3	303
4	0
0	430
3	583
5	85
0	92
0	24
0	0
5	699
0	58
43	31
1	40
46	699
0	0
0	0
39	24
0	67
0	67
0	3
33	10
0	0
18	66
0	66
0	14
0	0
0	6
0	0
0	4
0	2
0	16
10	0
98	402
0	561
0	85
0	243
667	337
489	337
18	2011
2014	2012
20	258
654	231
86	201
306	0
0	0
0	2
0	6
0	0
0	1604
2	1670
67	1554
0	1377
1	837
0	158
3	27
13	0
6	96
0	0
0	25
0	2291
8	2211
3	2206
78	2299
0	0
13	136
106	197
4	77
1	121
0	18
1	59
1	27
0	27
41	661
13	661
71	2790
4	3001
3	737
4	372
70	276
24	3031
0	98
0	104
1	35
2	2
0	1
6	31
30	1554
41	1532
0	64
0	1391
0	51
0	230
1	379
51	61
0	320
80	278
0	23
9	255
319	239
14	127
2	118
33	179
26	149
1	34
0	16
3	31
0	0
4	1697
22	561
5	116
0	12
17	1595
0	0
0	0
0	0
0	0
0	0
0	0
0	0
2	0
0	1
0	0
4	0
18	698
0	0
0	49
19	698
13	166
0	4
123	0
96	351
0	238
0	216
1	113
3	63
0	8
0	351
0	16
0	202
27	550
98	281
0	194
0	149
0	194
0	148
0	222
8	68
7	1
4	8
0	2
88	148
2	148
35	2
19	51
1	40
1	48
0	22
0	5
0	339
0	327
13	283
0	266
9	54
2	317
5	54
0	163
10	228
18	9
1	70
1	30
8	150
0	3
1	84
0	0
4633	4422
1	3581
2	3576
2	3398
40	1
0	0
3199	3591
549	3588
1	1226
301	1677
0	35
0	166
4	61
364	4709
281	4709
0	611
0	88
7	119
4	119
0	2
0	4
0	969
6	0
1	28
0	131
141	174
0	72
0	2
0	0
1	17
0	22
5	168
0	170
968	104
24	104
1	9
0	13
0	7
0	0
0	0
0	0
0	0
0	0
36	817
5	811
4	650
0	531
3	88
2	0
0	0
51	1666
152	1612
0	1
1	29
3	60
0	652
1	545
0	290
26	64
0	74
4	27
3	76
0	95
0	88
8	0
0	652
0	0
0	0
23	686
0	499
8	490
0	6
1	0
11	65
1	694
0	0
0	0
0	0
23	575
2	531
0	42
0	217
0	144
3	139
11	118
3	149
0	106
9	83
0	7
2	16
0	0
0	21
1	33
0	537
0	533
2	22
0	22
8	9
0	0
47	0
1	0
1	16
21	16
89	648
7	100
26	170
3	333
0	0
0	0
1	56
0	0
0	247
0	39
1	114
1007	0
14	91
1	25
0	64
0	26
0	64
0	31
0	32
3	33
0	73
0	35
19	9
295	69
1	67
44	185
0	180
0	16
7	9
0	9
23	8
1	5
2	11
0	11
0	1
0	7
0	21
0	0
0	0
0	0
0	0
4	6
8	1
0	1
0	1
68	576
182	636
10	639
4	500
76	497
23	496
0	16
27	10
47	0
23	16
0	219
216	182
0	318
0	50
3	0
0	309
0	2
0	2
1	0
0	0
0	0
0	0
2	367
0	0
22	371
8	237
1	6
9	7
380	555
1	494
51	0
0	444
7	78
0	389
0	69
15	398
7	1093
0	194
0	112
42	782
0	1
0	34
0	31
18	1104
0	1097
2	0
0	0
0	0
0	0
0	0
0	0
0	0
0	0
0	0
31	4
1	4
0	0
0	0
0	0
52	5774
3247	5780
1	2061
10	506
0	5
42	15019
0	10715
3	159
2	1071
7	2478
0	6692
0	1239
0	10977
0	5569
0	5262
84	4760
40	5755
32	142
0	111
2	4138
5	13804
0	5931
3	1365
0	5359
1	3678
22	319
8	89
338	637
3	641
0	24
0	0
14	339
0	0
0	0
1	7
0	13
8	52
5	31
0	0
0	7
0	0
0	2
0	1
0	13
0	0
0	2
1	11
0	0
196	79
0	37
0	53
0	77
1941	4
4	4
213	0
1	96
12	96
143	186
3	186
290	632
0	703
0	634
0	624
82	11
1	5
0	0
0	0
0	1
0	5
0	0
0	1984
371	4000
1	2930
5	0
9	9
8	0
3868	69
0	28
3	38
55	476
199	569
3	181
1	14
6	14
0	1
628	5011
656	4920
11	0
0	37
0	186
0	1484
1742	224
0	39
0	187
0	0
936	448
0	115
34	299
3	147
8	120
0	17
0	37
0	0
0	0
19	714
0	749
42	647
16	4
0	578
2	92
8	161
0	136
1	123
10	164
0	164
0	164
0	18
2	8
3026	121
37	119
483	1451
4	122
2	331
7	786
0	635
3	18
0	18
0	0
0	0
38	515
616	1241
117	573
0	12
13	545
333	652
25	343
2	328
0	63
4387	7081
58	6909
0	91
142	275
27	382
10	442
8	324
26	386
0	11
0	2
0	7
0	7
0	7
0	7
0	10
0	11
0	7
0	7
1475	6
1	1988
13	1938
6	371
8	964
57	13
34	341
0	289
0	90
0	0
6	364
1	345
2	215
6	0
285	4019
245	4506
104	2020
10	164
46	275
4215	182
11	179
1489	408
0	2
2	107
0	299
11	658
1	142
6	68
0	143
7	196
0	51
2	228
1	102
1	0
0	399
0	0
0	0
0	0
1361	687
37	683
10610	19904
0	403
14	19770
0	0
0	0
1	4
0	4
0	0
167	320
0	115
0	32
1	231
0	122
2	37
2	0
1	35
0	33
10	9
1	0
0	0
19	14
1	10
0	4
2	5
0	2
16	13
85	788
12	776
0	13
0	1
0	1
0	1
0	0
35	15
0	0
0	0
0	0
577	41
0	38
27	382
0	127
1	128
1	1
20	380
79	195
6	14
307	1207
4	28
4	52
2	65
4	36
0	58
3	76
0	736
42	202
0	218
13	99
3	432
3	81
3	124
4	34
18	132
0	128
0	130
52	131
10	3
0	34
161	1200
0	1198
4	544
16	1
16	0
48	11
0	11
0	5
1	1
14	129
3	129
1	2130
8	2130
121	1398
2	0
0	174
12	2205
27	235
7	177
35	2785
6	149
0	338
2	783
25	133
5	611
0	342
17	336
0	170
1	110
0	59
7	1
11	12
5	177
18	107
52	103
0	3
0	3
0	3
0	0
0	0
1109	193
5	182
0	11
4	271
71	819
0	688
29	606
0	4
5	123
0	1
63	66
1211	719
20	638
6	25
0	145
3	36
50	126
0	57
0	2
8	2449
0	1833
46	666
0	153
0	1
0	2294
0	2206
1	15
17	0
1	15
0	4
0	0
1	9
0	10
15	797
246	1053
0	152
11	126
1	1087
228	1087
51	0
478	0
0	104
1	104
0	33
0	0
20	29
5	31
56	334
1	88
0	33
3	284
0	0
3	2
24	255
0	213
0	157
1	10
0	245
0	240
0	101
90	140
1	39
1113	121
7	40
0	81
62	281
0	21
1	49
0	281
66	0
63	0
0	1
0	0
0	1
0	0
60	50
0	50
1	12
1	11
0	0
0	6
0	3
0	0
4355	2111
19	2106
8719	14954
0	13918
11	3210
0	0
0	0
0	0
0	0
0	0
6	0
0	1629
0	1236
4	923
288	1085
0	364
2	100
2	442
2	8
0	1646
0	1264
2	6
0	7
0	1
5205	0
71	51
5	48
13	2
15	606
1	120
896	1519
1	1616
0	577
10	98
1	82
11	94
2	9
4	51
0	93
0	11
0	0
0	13
0	17
0	5
0	0
0	0
0	0
0	0
51	12597
0	11632
1	5484
3	2601
25	1868
29	840
1	579
1	352
2010	662
2	659
27	36
3	36
0	0
0	0
101	1251
832	1125
5	149
0	10
0	117
17	12
1	2
0	0
2	67
128	111
1	78
0	54
0	76
281	3143
5	1676
2	222
1	495
1	165
120	396
9	83
4	255
17	435
101	54
0	309
96	0
0	0
59	313
1	310
0	3
132	0
98	19
6	11
1	0
5	1
18	10
1	7
0	7
1216	918
33	917
1	9
0	8
0	1
0	8
0	0
0	0
0	0
0	0
11	0
0	0
4	0
3043	3
4	179
1	179
0	6640
334	10
12	10
341	139
0	87
0	54
0	3
0	0
68	508
6	213
64	322
4	352
5	59
0	0
9	116
1	116
2	75
1	34
0	13
0	16
0	12
0	16
0	11
0	2
0	2
22	0
0	0
0	252
0	307
0	260
0	306
13	290
0	247
94	0
0	34
54	112
1	9
0	0
833	2961
6	1947
2	16
3	363
127	363
62	399
3	17
3	120
0	251
0	0
1	0
1	0
6	157
0	3
0	0
1	0
5	0
7	4
6	2
0	2
3	0
118	1351
8	1338
0	1128
127	358
0	215
0	241
0	147
8	140
0	54
0	16
1	6
3	683
453	683
0	465
590	1247
11	17
14	554
153	1224
4	58
0	56
0	2
0	6
0	0
3	18
0	58
0	0
0	0
71	4044
0	4060
61	4086
0	80
2	101
4	39
1	149
3	0
14	925
0	3413
1	238
0	0
4	0
0	3593
0	3641
53	1850
5	669
371	1191
1	178
0	143
4	95
385	351
13	2
0	100
8	17
2	0
6	220
18	268
4	84
0	44
0	221
0	256
0	124
0	137
0	143
2	15
14	85
1	0
61	706
3	404
0	195
0	204
7	108
0	34
2	99
0	7
0	3
0	19
6	1
0	0
0	709
0	711
0	713
0	200
3	1152
5	1275
0	715
3	230
56	629
185	629
8	66
6	19
1	10
24	0
8735	3693
94	3687
0	6
8	19
93	19
0	1
0	7
0	8
0	6
0	2
3	4
93	63
107	3
263	47
0	47
0	26
0	0
0	0
137	53
8	53
0	27
118	51
2	28
0	48
12	31
0	12
7	212
54	236
492	1038
0	146
5	56
0	932
9	367
0	436
0	73
0	0
10	25
0	9
725	207
0	82
0	17
0	16
0	103
5	60
0	35
0	8
0	0
1078	78
12	70
130	6
7	16
5	16
0	0
0	0
0	0
804	551
0	549
0	0
0	0
1	46
70	946
3	947
1	330
3	0
15	5
0	0
0	0
0	0
0	0
2	680
21	369
86	728
1	236
0	328
6	348
0	161
2	691
327	177
168	177
5	0
1	15
0	0
0	0
0	0
1	17
0	3
0	0
0	6
0	2
0	17
451	0
0	0
2	2
0	2
0	0
3622	264
0	260
0	0
0	0
0	0
0	0
1	0
0	0
342	67
0	53
1	32
0	0
0	0
0	0
0	0
5	137
0	137
23	62
1630	1525
0	27
0	1493
8	1265
10	1
0	0
853	783
0	256
9	46
55	685
0	0
1	62
0	30
2	52
0	1
0	4
0	20
2	36
0	62
15	348
0	0
0	562
0	318
1	176
1	33
0	175
0	151
0	160
13	141
4	114
0	0
32	1362
47	1699
0	1621
4	1
66	921
28	1694
5	0
0	0
0	0
0	0
0	0
0	0
0	0
0	0
0	0
0	1
0	0
0	1
0	0
0	0
0	1
0	0
320	105
3	50
17	62
0	0
2313	46
0	0
17	0
0	0
5	0
0	0
540	1
721	3955
586	2559
0	63
0	3955
8	0
0	14
0	14
0	4
0	3
1285	2591
0	763
131	941
11	1660
12	853
37	0
30	552
0	0
0	0
0	0
0	0
18	827
0	816
29	14
0	12
3	0
0	66
14	272
2	205
0	289
0	268
20	456
0	298
0	313
23	11
0	317
8	78
1	40
0	78
548	290
0	87
1	203
3	0
8	728
4	846
4	279
2	796
2	690
0	818
0	783
5	0
0	50
2	806
1	264
1	2
0	7
0	11
0	78
23	1
40	159
1	61
0	3
0	61
41	14
0	15
1	3
5	4
0	0
1	0
0	0
0	16
0	0
0	16
7	0
3	0
22	240
669	376
2	136
76	0
0	0
9	924
0	171
4	74
0	852
0	161
0	709
31	715
0	2
2	4
0	43
55	373
0	1
0	1
0	1
0	0
0	0
0	0
0	0
0	0
0	0
0	0
0	0
0	0
0	0
0	1
0	1
0	0
0	2
0	2
0	2
15	2566
4	2056
0	596
47	905
0	588
0	0
0	0
0	60
13	333
0	4
0	6
0	162
2	320
0	0
1	0
0	0
3884	6062
4	6063
473	5207
0	3635
1	333
85	536
5	0
4	4
35	24
0	0
0	24
0	0
26	541
12	519
19	375
4	506
0	112
0	22
0	338
0	0
0	0
0	0
2	0
0	3334
2	702
0	1988
48	0
12	3334
1	3
9	320
3	89
0	146
14	123
21	222
0	20
0	31
6	0
0	0
0	0
0	0
0	2
0	2
26	24
3	26
5	22
0	210
157	210
25	23
1	17
3	0
0	0
0	0
0	0
0	0
0	0
0	0
0	0
2	0
2	0
2	31
53	207
0	0
2	3
0	177
0	15
0	15
6	14
1	6
0	0
0	1
0	15
12	72
1	5
13	68
0	0
2	0
17	946
0	325
7	729
4	476
0	563
837	2
18	1
16	2718
0	3110
495	2992
0	3100
56	3102
27	16
8	1125
66	650
15	324
5	479
9	135
0	79
2	1
0	132
7	22
91	0
1	29
5	629
1	177
0	0
7	0
7	591
3	14
1	2467
0	2289
0	2285
0	2401
0	2397
67	2423
2	2464
17	1100
1	52
0	267
0	126
27	38
20	473
0	20
0	288
0	213
0	37
0	0
0	0
0	0
267	45
0	12
2	9
2	35
0	0
5	284
2	218
0	147
0	3
0	12
0	10
0	12
0	5
1	298
0	153
0	167
0	161
0	74
0	6
0	12
0	8
0	0
0	4
0	1
0	0
0	165
20	4
0	0
0	0
0	4
2	0
6	1
0	1
1	15
1	7
2	6
13	7
34	15
0	6
1	0
0	6
0	0
0	6
0	198
1	826
38	296
103	1512
1	200
15	514
1	66
0	456
5	131
12	344
0	1627
1	8
28	713
3	164
0	176
5	111
2	75
68	257
0	10
80	7
6	2
843	1768
35	855
3	913
644	0
1	168
59	126
0	145
0	60
0	14
2	2
5	108
0	0
0	62
1	30
0	36
1	13
0	146
2	0
0	0
0	0
0	0
2655	5
5	1
2	71
0	0
0	95
0	81
70	86
0	27
6	0
1	18
3	12
0	18
0	0
2	8
0	1
0	0
2	635
0	2071
0	362
9	551
2	0
7	14
23	1987
0	47
2	131
105	188
1	67
0	70
17	91
0	13
0	3
0	986
51	809
30	1116
811	915
35	946
1	0
0	344
12	272
0	10
48	851
15	742
0	186
245	246
103	555
2	549
15	43
592	5035
1	727
2	112
64	539
0	2432
0	327
433	344
1	13
0	41
0	17
0	47
0	70
1	38
9	238
10	98
0	5
0	7
0	7
3	45
8	45
0	0
3	16
0	6
280	2564
8	2280
0	1286
0	3
0	663
3	627
0	222
1	1
61	28
0	0
0	0
0	28
0	13
0	1
3	1
53	0
5	137
27	141
0	93
17	29
5	103
35	52
0	136
0	136
2	103
2	117
3	12
0	3
0	7
2	0
0	11
1	23
54	39
0	23
24	17
429	6797
1	6057
0	712
0	42
12	9
6	63
428	1017
0	133
16	89
0	55
6	21
0	185
0	693
0	58
1	193
0	205
0	15
8	19
0	24
0	22
0	199
1699	395
0	116
18	160
0	36
3	109
25	9
11	37
2314	38
66	1888
409	1888
0	113
0	1
19	1091
106	2010
506	2370
6	668
0	188
132	562
61	27
31	241
0	41
1	10
0	10
0	10
0	2
0	3
0	0
53	243
68	243
17	5
5	0
1	147
10	4220
4	0
0	1086
2	1
1	0
1	75
1	29
44	1829
0	0
45	4115
7	303
3	199
0	10
0	3249
0	3884
0	85
0	339
0	0
1098	654
0	1321
1294	1403
3	155
7	37
1	132
1	91
615	654
0	405
2	4
656	443
1	67
0	2
1752	1402
2222	1403
1	0
489	0
13	195
3	144
3	170
0	71
35	72
5	22
0	0
4	0
7	3
0	0
0	2
8	1
0	1
304	423
0	400
2	9
0	14
28	2
0	2
0	1
0	1
2	2
46	638
3	37
8	27
8	582
0	4
3	122
0	0
0	0
0	0
792	807
1	162
22	42
4	0
15	1457
2	1512
1	820
38	0
14	67
0	163
3	113
0	2
0	0
21	541
0	0
0	4
1	5
1	11
27	1
17	3
0	0
0	0
0	0
0	0
0	0
0	0
7	5385
0	4638
9	4866
0	5238
25	3865
38	3783
0	911
46	1327
1	496
7	108
17	21
0	671
5	1
26	413
16	41
11	450
7	360
118	101
3	53
4	465
0	570
39	548
7	410
245	603
52	424
68	50
0	50
0	7
0	5
26	2
6	10
30	6
0	0
1	1
55	151
10	151
0	27
1	27
0	24
1	10
0	0
0	1
0	0
0	0
40	1019
39	367
0	835
0	608
2	24
2	56
0	1
101	367
2	367
1	88
3	0
5744	20
254	74
0	17
12	46
112	12
9	14
0	0
0	0
0	0
0	0
1	1
0	1
987	1415
112	1413
23	87
2	56
9	45
1585	333
17	333
12	5
1	62
0	22
1	0
0	1
0	1
0	1
0	1
0	0
0	0
16	495
45	500
0	564
5	301
150	319
0	88
7	0
1	170
8	26
6	57
0	0
0	0
0	1
0	1
0	1
0	1
6	11
3	11
2	0
0	0
0	20
26	137
0	111
24	90
0	0
0	0
0	0
0	0
0	0
0	1685
1	1669
10	50
6	111
3	1577
9	801
0	457
322	850
0	322
36	349
1	16
3	371
80	0
13	7
11	51
1	10
0	10
0	0
0	0
0	15
12	15
134	171
0	113
8	58
0	2355
225	2347
4	2077
0	5
2427	2161
1	5
6	2036
12	347
0	422
87	121
1	340
0	1
1	1910
2	50
9	393
10	26
0	100
43	47
0	47
0	6
1	2
0	6
0	1965
0	1838
5	1574
2	108
32	8
1	313
10	2
0	88
2	64
13	64
0	2
3	2628
1	2279
56	921
0	1461
0	165
9955	6521
0	35
2	0
2	1512
0	164
19	564
17	1182
5	398
1	2742
34	602
1	464
0	52
1	488
6	438
11	6
0	289
2	11
0	361
19	57
1	56
2	16
0	602
740	756
18	738
5	41
0	454
90	110
0	377
0	17
0	386
0	454
0	0
0	5
0	89
0	2
845	468
18	457
1	29
7	0
1	415
9	482
0	228
0	21
0	2
0	2
0	0
1	1074
27	172
41	208
4	62
394	1080
0	0
0	0
5	65
6	104
6	98
0	39
69	86
0	85
1	1
144	23
0	23
2	0
5	13
0	12
0	7
0	8
1	1
1	1
15	240
0	44
0	242
1215	331
7	273
0	94
1513	123
409	122
0	0
0	0
0	0
0	0
203	798
0	800
0	727
0	125
1	142
6	104
0	53
2	0
0	0
80	5247
84	5030
5	1715
9	1695
133	1073
0	4758
517	70
80	7
0	5
93	269
0	269
0	27
0	2
6	0
7	25
6	18
0	16
0	19
0	0
0	5
14	0
0	20
0	12
3	11
0	7
0	4
4	11
840	2512
1	1184
4	1191
7	1037
674	920
0	920
0	26
2	4
17	35
0	35
5290	142
3	141
29	1220
3	48
46	1384
0	827
0	1265
10	622
1	1188
3	54
0	19
3	118
0	5
4	167
14	681
0	679
17	672
2800	3089
0	2105
0	245
12	1346
25	735
71	383
118	384
578	1301
23	527
1	106
9	105
43	471
7	683
0	485
1429	485
0	485
100	0
1524	75
0	110
0	110
0	173
23	179
3	32
0	109
0	4
4915	659
1	206
21	655
7	181
3	361
1	222
1777	1458
1	1101
10	20
72	594
5	29
349	1381
60	928
1	690
28	84
429	1495
5	592
4	53
0	53
0	4
1	0
10	1377
23	1370
51	1193
1	428
14	435
1	791
43	523
2	779
0	717
804	90
16	430
24	430
2	1
2	0
0	40
0	81
1	431
0	0
15	234
12	664
0	469
0	658
1	278
3	29
2	65
0	1
2	19
2	201
21	14
0	3
0	0
5	0
0	0
0	0
94	0
0	1709
0	1434
0	1252
0	1123
13	544
0	725
0	853
29	861
13	75
11	76
15	334
0	20
0	1580
336	203
26	32
6	193
5	9
0	2
0	11
0	2
0	7
0	0
1	0
30	0
0	0
1	3
0	0
0	12
2	12
0	0
0	0
0	0
0	0
0	0
7	285
0	227
0	204
4	5
0	1194
0	941
0	1098
0	1132
4	1045
0	1070
0	1006
9	0
1	20
6	195
6	330
51	289
0	305
10	315
8	294
16	26
9	1719
0	1701
4	1535
0	1504
0	1619
2	82
0	0
0	0
0	0
529	955
0	567
28	254
132	0
0	3
0	5
0	5
45	0
0	0
0	0
0	0
0	0
0	0
1	0
550	709
19	636
49	240
0	124
0	94
0	8
5	1074
0	1044
7	1074
0	1083
5	187
1	162
6	95
0	100
1	72
0	53
0	0
0	0
0	0
331	440
0	0
0	163
48	1627
6	1489
133	1175
0	814
0	476
15	111
39	3623
212	3677
0	879
12	6
0	57
8	75
47	197
43	197
0	0
49	2258
19	1161
0	2206
0	47
1	128
4	15
0	0
1	165
0	0
2	609
31	192
0	2295
0	833
480	833
185	94
4	94
1	20
0	6
1	0
0	0
1	69
2	800
61	505
0	866
2	337
0	5
79	556
9	15
0	806
3	79
52	675
66	468
1	11
72	68
0	8
120	61
3	152
12	152
4	2893
13	2647
4	2847
0	3923
1	3665
6	2891
0	1826
10	2835
30	450
20	139
1	409
79	611
34	148
227	565
2	145
7	86
1	30
6	22
4	6
37	71
1	23
0	141
0	273
13	131
0	100
0	2898
0	5
0	23
28	23
25	326
13	250
10	151
0	122
0	268
17	119
0	12
3	11
0	62
0	5
0	20
5	16
0	8
0	16
8	453
27	465
1	89
3	17
7	109
0	21
31	12
0	273
0	293
22	295
4	295
2	9
0	57
0	14
0	1
471	40
1486	386
28	386
35	390
25	62
0	306
0	31
13	19
6	8
5	7
8	30
2	168
1	9
125	117
1	1
32	118
99	3834
38	4142
0	2962
5	421
1	18
6	334
1	28
24	89
22	183
0	140
0	262
0	71
0	36
14	20
0	12
0	7
0	3
15	568
8	26
46	154
8	150
100	0
113	551
0	448
1290	179
0	177
1	89
0	1
0	0
0	0
0	0
0	1
0	0
0	0
0	0
0	1
0	0
56	1530
0	724
0	1570
4	40
0	904
0	667
0	8
31	7
0	4
1756	114
4	3
4	110
40	8
12	1623
2	8
13	1512
2	27
58	1480
1	1671
0	0
0	0
3307	1074
38	178
5	973
0	200
0	806
117	1935
13	16
0	16
1	0
4	10
0	0
0	6
1	0
832	0
6	284
483	649
1	405
7	330
0	216
0	0
5	6
0	0
0	3
4	386
5	386
5	93
0	38
0	0
3	93
1131	314
1	30
0	329
0	7
9	3
0	50
0	329
0	42
4	42
0	1
9	9
0	9
0	5
1	80
17	619
2	619
59	123
0	0
2	4
0	20
0	26
0	9
200	1
0	0
0	3
8	7
0	4
0	0
0	0
0	0
0	0
0	0
0	0
0	0
267	741
0	2
1	0
5	742
0	0
246	887
0	52
11	772
2	3
0	110
1	266
0	0
1	0
0	7
0	2
0	3
0	3
0	8
0	6
0	2
1	2
0	1
2	27
2	22
1	6
4	12
1242	16920
11	16906
116	1028
0	2
0	2
0	0
0	0
0	0
0	0
2438	403
9	47
4	24
4	160
633	305
0	197
0	1
6	144
10	22
0	81
0	197
0	0
276	409
0	323
0	316
2	16
9	5
112	144
2	93
0	41
28	34
3	8
1	34
0	24
0	177
20	191
0	183
1	168
3	22
33	0
0	0
0	0
0	0
0	0
2844	545
12	468
0	93
1	73
1	77
8	58
0	59
0	59
2	63
1	0
0	25
0	5
0	0
1659	1684
0	1325
0	935
0	724
5	33
0	302
6	175
151	56
71	502
0	127
1	190
177	15671
238	14664
0	593
6	6
1	13040
0	95
54	136
2	116
1	24
0	0
7	315
0	412
0	413
0	5
0	92
0	411
21	60
14	6
0	82
4	74
0	77
17	55
2	840
1	16
13	912
0	922
0	125
0	0
0	8
0	809
1	85
1	8
0	5
0	83
0	0
0	0
0	0
7	27
14	57
0	53
9	56
1	56
0	56
0	1
0	6
1	6
0	20
0	0
0	0
0	0
0	0
0	254
258	1801
3	1465
0	1303
0	901
1	184
3	93
0	240
11	680
0	189
2	2
14	2
14	8
0	8
0	8129
2	0
11	648
58	2675
77	8002
0	873
1	340
5	9
2	3290
797	5553
0	8130
0	0
0	0
550	9730
688	9172
0	2015
16	1394
7	237
0	1
0	1
0	0
8	197
24	221
0	197
0	153
1	130
0	29
0	10
0	81
0	44
0	5
0	8
0	17
0	17
0	14
1	0
1	0
44	1007
35	1512
11	1508
2	1508
0	925
0	0
0	0
0	0
0	0
0	1
0	0
0	1
473	794
2	754
10	677
3	2
0	0
0	0
1	652
76	643
40	656
0	630
0	78
0	0
0	0
0	25
0	84
8	97
0	651
0	52
1	12
4	8
0	5
3	10
0	0
0	0
1	14
0	11
0	14
1	2
0	1
0	0
5524	0
0	0
0	0
3	3
24	1
0	8
0	0
0	8
141	45
11	45
0	2
0	107
0	106
0	103
5	22
3	3
0	95
4	86
0	87
0	0
0	7
22	2
3	6
2	8
0	1
544	1485
0	1485
1221	2
0	2
1	0
0	0
1735	1
1	19
3	17
3	5
0	2
0	0
0	8
0	0
0	1
0	2
0	3
0	0
0	0
0	8
16	358
0	334
0	366
4	1
0	244
0	279
0	363
0	8
0	20
2	291
40	10
49	22
2	103
27	1054
6	75
1	26
3	0
0	271
3	81
1	670
0	5
2	0
0	829
32	0
7	72
16	212
0	1000
0	5
0	5
9	0
0	0
0	0
0	0
14	0
0	0
653	4094
157	2975
2	3962
46	3224
3221	117
2	0
3	117
17	434
121	561
4	29
4	101
19	360
0	0
0	24
60	360
401	2606
4	2544
0	105
41	105
11	41
2	161
63	1108
0	1115
12	1114
0	319
0	1168
0	72
0	1092
47	4
0	4
0	74
26	435
22	491
8	430
1	307
4	207
0	66
12	238
5	8
53	250
9	5
2	3
7	41
0	41
0	9
0	14
0	40
0	5
0	1
0	0
0	1
0	26
0	8
7	0
11	65
6	272
4	253
7	107
20	298
1	251
4	5
6	71
0	33
3	48
27	14
2	9
0	0
0	2
0	0
0	0
0	0
0	0
0	0
1	2020
77	2039
92	258
21	140
0	57
4	1906
4	7
0	0
0	48
0	1
11	37
0	121
12	75
0	26
9	28
0	84
454	822
12	454
0	56
0	366
49	137
2	46
1	1
0	1
0	0
60	1400
17	1311
10	1241
0	112
2	136
12	136
0	0
0	5
0	28
0	21
20	0
18	30
181	423
12	248
0	156
0	4
0	79
1	63
0	15
0	0
0	0
180	2690
1	2639
0	16
0	4
0	56
0	0
0	0
0	0
0	0
0	0
0	0
0	0
0	0
0	485
123	502
75	308
3	0
2	1059
48	980
1	1025
7	1023
98	702
0	0
0	132
331	1136
124	868
0	1038
0	192
3	218
601	394
0	218
0	49
0	11
3	259
0	127
54	20
13	1
407	111
0	12
1	54
0	98
721	1239
39	916
17	1072
1	187
0	0
0	0
0	0
83	28
8	33
0	0
30	5
0	5
0	5
0	4
0	5
26	24
0	24
13	1
0	1
11	3
0	2
11	557
13	556
2	9
1	0
0	10
33	2399
43	2041
347	0
2	0
0	0
0	0
887	1
641	2906
0	239
1	17
0	39
41	2627
316	0
7	103
5	8
2	550
22	504
1494	3129
1208	3129
2	11
483	63
0	18
0	45
1456	53
0	53
123	1461
0	1461
134	0
6	218
44	78
0	178
21	204
0	202
0	31
0	37
0	77
7	8
0	7
0	0
0	7
0	7
0	7
0	0
0	0
0	0
0	0
904	4
0	4
2998	227
0	226
1	6
697	1048
19	254
0	92
4	57
0	656
0	108
2	194
2	5
0	0
2	11
1	24
0	6
0	7
0	14
0	8
1	11
0	0
4	5
0	1
0	3
0	0
0	0
0	0
0	4
13	5
0	1
37	0
0	0
0	0
0	0
0	0
0	0
13	333
0	333
0	539
22	321
1	12
10	7
1	0
0	536
0	0
1	1
45	2183
12	1476
3	2332
0	0
0	0
1	0
0	0
0	0
0	0
0	0
6	0
0	0
6	0
2240	372
10	339
31	694
1	324
41	617
4	186
38	100
13	42
15	41
13	68
46	29
6	23
0	22
2	84
0	3
1	3
0	0
271	495
12	494
33	11
0	2
0	1
3	5
0	6
3781	4237
330	3451
1	1276
9	1694
38	85
2284	2109
1	1954
0	2218
7	1503
15	5
1	136
5	1201
24	387
7208	10767
1	858
0	9549
0	3555
16	10688
1	350
0	3929
0	287
0	38
0	2677
0	169
3	0
1	374
1	0
0	0
0	0
0	0
0	0
0	0
0	0
0	0
0	0
0	0
0	0
0	0
0	1
0	1
0	1
27	0
0	58
8	1282
24	1299
11	442
39	1008
0	653
0	643
22	37
1	153
0	7
3	370
0	23
1	107
0	0
0	4
0	960
0	962
300	153
0	75
5	78
5	2
0	2
2	3825
0	11811
1024	11814
1	1313
45	1133
0	105
28	40
0	0
2	30
0	150
1	0
7	0
0	14
0	105
0	105
29	71
2	114
1	0
0	105
0	105
0	147
0	104
1	142
0	110
0	159
21	74
1	128
2	1
0	7
18	0
1052	3434
5	2765
5	57
29	29
0	0
2	39
5	43
0	43
0	10
0	8
0	7
1	1
0	9
48	805
4	467
0	615
1	6
38	498
0	26
0	25
51	2557
55	2557
0	1855
1	0
3	55
356	2183
9	1242
0	1322
16	1744
92	687
165	825
11	462
13	435
8	698
3	43
12	408
154	2555
0	2393
0	2514
6	1258
1	395
1	171
5	268
0	0
0	0
0	0
0	0
2	85
2	3
0	36
4	63
1	0
0	40
4	12
0	1
0	13
0	13
3	13
0	0
0	0
0	0
0	0
3	42
1	0
22	42
0	38
0	0
11	11
1	14
4	12
0	10
0	12
344	0
2	0
0	3
0	1
0	3
7	0
1	0
0	0
2542	1881
0	31
1	130
2	38
20	197
1	757
14	386
1	1803
0	47
0	308
0	84
0	196
2	199
44	0
1	44
30	1
3	14
0	250
135	224
10	35
3	286
0	214
0	6
0	0
2	29
0	3
18	0
2072	1154
0	369
6	743
20	25
11	54
951	3507
136	3346
0	594
5	17
1	14
5	653
0	3220
455	550
13	251
0	383
0	0
0	0
0	0
0	0
28	743
2	750
11	1019
8	789
2	614
6	914
1	17
8	74
3	36
39	520
4	31
25	2
5	6
4	18
0	0
15	3
0	0
0	0
20	19
0	8
0	82
0	47
0	73
0	2
0	1
0	3
0	84
3	6
0	8
0	7
7	157
0	153
0	125
1	128
0	160
2	132
0	134
0	142
0	136
0	171
0	100
0	109
1	4
0	6
0	23
2	313
1	11
0	9
4	7
1	0
32	73
270	73
0	0
303	372
0	178
48	198
8	0
6	339
3	421
131	294
1	197
9	334
0	230
5	205
0	59
37	127
6	0
101	0
1	0
0	0
6	1009
0	525
44	2027
409	6354
6	0
90	1108
32	158
0	414
75	5
11	70
121	867
2	129
90	682
80	59
900	4527
14	3184
268	0
2	60
1	29
0	171
0	535
0	0
9	77
0	552
0	139
0	430
118	593
1	30
0	5
0	0
0	552
0	21
285	485
12	6
0	495
0	71
0	429
14	373
0	81
2029	380
0	72
1	0
7	307
5	63
41	7
0	7
3	2
0	9
35	288
0	72
0	15
4	0
121	303
0	7
2	108
2	202
4	935
1160	1496
9	1454
2	1040
25	63
121	0
5796	608
8	603
2	104
29	305
15	305
20	17
0	302
24	146
0	37
0	15
0	0
3	3106
0	0
23	5048
4	5667
7	128
0	3155
21	2776
0	3
58	52
13	2734
38	3022
0	5313
107	2637
0	2038
129	5217
35	4446
0	2711
18	389
0	107
35	2
0	242
23	330
5168	5
0	0
0	0
22	132
115	132
14	1
0	7
0	3
1	10
2	14
366	41
0	41
0	10
115	138
0	93
0	88
0	0
1	0
0	5
0	1
0	1
1171	832
7	828
25	6
3	106
1	63
0	16
0	72
0	62
0	19
0	16
12	16
0	16
0	2
3	0
0	3
0	1
194	993
0	314
6	307
3	293
2	111
1	192
0	511
7	302
0	257
55	208
0	766
0	724
0	725
0	743
0	729
3	284
1	729
49	112
0	39
0	22
0	57
3	20
0	261
8	488
3	41
6	755
2	2332
7	37
16	255
0	2150
0	23
2	96
16	666
0	0
16	0
0	0
15	55
0	55
0	0
0	0
155	4366
0	1522
2	3
302	4326
25	5
3	28
0	2867
0	1195
26	2489
39	1438
17	77
5	95
1	369
2	107
5	23
0	2770
64	38
0	38
11	24
172	200
45	352
0	0
3	272
2	215
2	92
31	512
0	425
0	399
2	15
0	400
0	13
0	0
0	0
0	0
0	0
906	66
16	2
5	66
0	0
0	0
0	0
0	0
0	0
1	2423
0	2172
68	3263
26	757
0	715
0	1343
10	21
0	1171
4	1097
44	848
10	2
6	99
0	87
0	66
0	13
1	0
0	0
0	13
0	0
5	42
0	1
0	12
0	12
0	0
0	0
0	110
0	0
8	1491
30	1407
5	134
26	1394
2	1363
0	1073
6	89
1	1376
0	440
3	308
0	358
15	4
0	2
0	2
0	0
159	1956
5	247
14	606
0	851
13	310
7	113
8	6
7	1291
0	0
0	0
0	0
0	0
0	13
2	5
1	0
46	170
0	0
0	99
1	170
475	414
1	135
10	375
13	7
0	1
0	0
0	0
20	0
0	0
0	0
0	0
0	0
0	0
1	1047
0	434
7	11
9	3
121	137
0	738
8	1214
259	1910
0	128
0	649
1	501
26	11
0	214
5	810
154	166
2	32
12	397
46	178
1	111
1	101
5327	2911
2	2576
0	2666
0	845
0	144
2	122
1	0
0	0
452	3625
33	1461
5	3057
0	3726
0	3480
1	3643
0	3447
11	3512
1	280
40	75
7	166
8	357
25	242
0	2078
2	717
3	1432
4	82
60	403
5	839
1	644
5	80
0	0
1	16
0	0
0	16
0	0
0	0
5	14
12	6
0	2
0	10
0	0
0	3
0	0
11	20
0	20
0	1948
0	1927
21	1633
0	27
1	312
0	1733
1	4
9	1488
12	119
0	130
0	185
14	105
2	38
0	0
1	50
0	2
0	2007
0	1820
1	31
0	0
0	31
0	0
174	802
0	802
0	80
16	0
0	8
1	8
0	8
0	8
0	0
0	8
0	0
1	1
1	0
0	1
12	1
1	236
2	226
2	218
0	44
0	106
14	62
0	34
8	34
0	0
0	2
2	5
0	2
41	289
1720	1145
2	533
1	21
0	3
0	3
0	0
2	130
8	156
0	177
105	566
9	572
7	298
436	446
0	247
247	47
0	7
2024	61
0	54
0	22
0	5
61	980
38	977
17	8
13	128
20	58
0	16
4	4
0	3
0	0
0	15
59	524
6	111
0	2
5	102
3	418
0	5
2884	33
2	32
0	116
362	276
0	27
0	253
0	147
71	113
0	53
4	98
3	98
4	45
1	55
618	618
9	495
0	86
74	123
1	121
15	584
8	87
4	77
2	498
0	545
39	1062
0	110
0	1
0	163
0	1045
63	32
0	8
1	24
0	0
0	3
1	3
0	36
0	119
0	99
3	53
0	46
0	7
0	6
12	1
0	2
545	3244
8	68
8	2
0	2
65	3244
9	2384
0	0
0	0
0	0
0	0
0	0
0	0
0	0
500	959
2	10
44	8
0	5
1	91
2	751
0	117
0	0
0	0
0	0
0	0
1813	0
21	550
554	550
349	2147
24	133
8	186
0	299
336	1736
46	527
0	3
0	4
0	4
0	0
0	1
0	0
912	1
13	11
431	11
26	428
37	131
168	720
11	87
1	369
19	1
40	222
5	94
1	222
0	0
0	0
0	0
0	0
0	0
0	0
0	0
0	0
0	0
0	0
0	0
21	17
0	9
2	5
3	8
1	0
270	51
0	0
0	39
0	10
4	29
2	6
0	1
0	1
0	395
6	373
0	389
0	389
0	3
0	0
0	13
1	36
0	7
0	0
0	6
0	37
1	401
44	9958
331	9777
110	181
576	1069
105	432
8	1062
18	0
0	0
8	2
0	0
0	0
1	2
0	0
38	391
0	11
1	6
0	391
68	29
0	76
2	66
3	21
75	142
0	22
0	35
0	43
0	43
0	43
2	17
0	0
0	0
5071	234
0	231
65	2030
5	2035
174	2000
13	0
17	0
18	5
316	93
16	93
1	92
1	6
5	1381
14	1769
4	368
0	1849
8	1746
16	1348
1	5
1	253
11	78
0	1706
754	97
0	35
0	0
0	2
0	60
14	0
1995	0
0	14
171	2116
7	2102
13	60
2	46
1	531
3	8
0	133
1	22
4	65
9	73
0	62
3	48
2	13
0	0
0	1
0	1
11	2705
3	2807
77	1527
0	741
0	45
5	45
1	27
0	2
0	16
173	295
7	295
5	0
0	58
0	119
0	118
0	16
0	20
0	19
0	5
16	1134
47	1102
1	972
2	948
4	892
0	102
0	139
0	13
0	0
931	1183
32	496
0	770
0	937
0	454
0	245
9	361
441	370
0	29
0	9
108	9
0	9
139	1883
14	1849
0	215
0	0
10	0
76	1238
1757	1240
0	535
0	211
34	0
1550	70
1	69
12	13
104	135
0	1
1	134
2	984
4	777
13	109
0	780
0	897
13	14
26	20
11	23
4	169
5	270
74	424
0	33
0	0
0	0
0	0
4	459
333	1429
0	0
0	342
0	970
17	4139
0	4296
21	4263
0	4120
0	1110
1	212
15	212
2	131
10	65
2	71
1	17
3	2
7	30
0	49
0	3
1	65
0	6
17	4219
0	0
0	0
783	448
5	438
1	244
0	7
2	50
1	543
2	17
0	558
0	18
1	503
0	0
1	118
0	486
0	396
0	74
1	2
4	7
1	2536
96	6464
0	5080
0	5150
5	124
33	371
3	2
2	5
114	0
0	447
0	208
2	91
57	689
2	205
0	104
6	136
0	461
0	568
0	1528
0	33
2	97
0	42
0	39
1	38
10	6324
13	6443
0	0
0	0
0	0
2	1
0	4
5291	272
0	35
1	0
0	255
0	3
2	6
7	29
0	24
4	3
3	3
0	47
0	1
0	3
0	255
0	265
0	262
259	0
1	9
0	13
0	0
98	3662
0	1746
50	3617
2	143
0	126
0	109
566	0
91	4906
25	1755
88	1428
92	2261
25	4987
0	208
0	1394
40	1301
0	0
1	1211
33	1394
795	113
1	99
0	13
25	0
6	0
0	0
9	1
414	1949
2	1894
5	1259
2	59
0	0
16	234
4	34
0	232
1309	3926
13	1451
0	3954
7	2
1	845
1	0
1	0
1815	5
1	167
0	11
8	178
0	0
3	31
0	0
0	0
0	0
23	572
1	930
5	36
4	969
7	89
15	453
103	925
26	936
4	1
5089	363
0	362
5	101
0	0
16	30
1	1
8	70
1	39
8	29
314	556
0	567
0	151
8	258
2	8
1	5
1	0
645	336
11	336
2	0
8	213
0	161
0	139
0	71
0	8
1	11
0	11
0	0
0	0
0	0
0	0
0	0
0	0
0	0
0	0
95	3587
165	3642
0	1037
698	115
0	186
0	76
7	48
0	45
0	119
11	159
16	8
29	458
0	9
1	14
4	73
0	100
2	2236
534	1463
20	1384
6	13
5	386
0	34
0	60
1	7
112	510
0	507
3	297
0	295
0	6
16	173
5	114
0	101
0	0
0	506
2092	1
7	6136
0	6258
209	6068
8	5263
5	4335
3	3934
0	9
0	233
24	77
0	81
0	106
5	1
0	16
0	14
0	0
0	0
205	50
2	43
10	60
3	7
0	0
0	49
1148	182
5	116
28	22
8	64
0	0
0	0
0	0
4	200
0	0
10	596
6	561
142	648
3	186
7	259
5	697
2	15
70	688
0	623
4	246
1	86
0	22
2	2
0	0
0	0
0	0
0	3
0	3
0	0
0	0
478	652
61	979
0	440
2	3075
924	3156
11	952
1	37
2	769
6	342
2	86
0	2145
2	87
82	500
9	500
0	41
0	3
0	100
0	987
118	635
0	486
0	34
0	33
0	286
3	0
0	44
1	153
2	740
0	0
1	0
73	1369
10	440
4	25
0	366
11	1256
0	939
0	941
0	942
11	674
6	277
0	13
17	231
0	129
0	11
0	132
0	77
0	123
0	136
0	1
0	0
0	8
0	8
0	3
0	2
0	0
0	0
0	0
0	3
0	0
0	3
0	8
0	5
0	4
0	7
0	3
0	4
246	4
10	43
0	41
0	43
1	8
0	25
0	0
0	0
0	0
24	2869
277	2869
1	609
178	7
0	7
7	670
0	285
0	627
0	20
0	6
0	66
12	45
4	6
1	15
1	7
0	1
0	0
17	82
16	407
0	22
0	418
0	24
0	24
1473	0
18	14
0	10
0	1
0	4
0	0
0	0
58	39
919	400
0	374
0	148
1	110
1	229
2	245
0	212
10	91
0	71
0	30
0	1
0	34
0	1107
0	946
10	53
0	13
543	34
0	0
0	34
19	27
0	0
4034	1255
1	1256
0	90
0	86
90	55
0	1171
183	822
7	759
2	3
1	0
621	263
0	88
0	0
0	18
42	157
454	662
1	59
16	91
0	517
7	145
267	145
48	99
0	946
1	998
0	1108
95	179
3	179
24	5
0	0
7	2
0	1
3810	3
0	0
13	2115
7	49
30	595
5	82
1	34
5	2035
2	0
15	2
7	2
74	670
0	678
9	522
10	9
0	5
0	4
0	564
4	664
0	45
1	599
0	21
1	119
61	144
0	119
1	93
7	1487
160	1184
7	1050
92	1430
2	242
2	128
16	199
200	57
26	1
37	1196
7	546
4	558
0	18
25	263
0	209
1	0
3	2
16	14
0	0
0	0
0	0
0	614
1	251
0	401
0	361
0	0
0	337
0	333
0	17
2	10
0	609
0	630
2	94
2	52
0	14
1	77
0	70
0	8
2	5
2	0
0	1
0	2
0	0
1	1
0	10
0	25
0	143
192	3106
0	2930
0	1
1	155
2	2
0	174
0	58
2	4
0	21
0	403
4	2
2	4
0	4
14	596
218	624
0	126
6	92
2	98
8	67
0	34
50	2263
14	2354
3	2354
6	2493
0	271
0	167
11	314
15	120
0	295
1	225
0	23
57	219
0	0
1	72
8	4
48	3
2	120
19	11
56	88
7	69
873	157
0	88
44	894
1	870
7	882
0	845
2	53
0	682
7	62
1	5
0	83
0	332
1	89
0	85
0	32
6	0
26	172
22	172
0	0
530	167
2	0
0	57
4	94
3	138
1	5
0	92
0	0
0	0
119	1570
1	0
0	1570
529	40631
2	2
200	40842
1	257
0	0
0	0
0	9
0	0
0	0
0	9
644	287
18	8
49	2
1	94
166	202
15	112
0	0
0	0
0	0
0	0
6774	14818
365	15056
87	12669
720	10442
1101	6527
0	8894
0	6949
23	1294
3	373
0	785
0	713
14	551
2	536
3	577
0	659
22	99
7	1
144	204
276	17
13	256
1	56
0	81
0	90
0	99
6	2
0	10
2	5
1	0
0	80
36	294
54	882
6818	1860
6	0
72	952
22	19
3	19
0	2
0	0
849	1
160	1834
58	3298
816	3937
0	3850
0	3831
4	2263
1	544
15	5
2	211
0	844
6	502
1	1
1083	257
2	9710
15	349
0	32
5478	9880
16	291
1	369
61	1442
300	29
0	1803
0	1833
64	2090
0	2356
1695	2862
0	1905
0	1017
0	1147
0	1371
0	865
0	1537
0	785
5	1188
0	579
6	1579
0	1172
0	675
46	1186
99	2
63	403
0	285
0	3502
42	3517
1	3272
0	3577
1	1589
0	111
30	2978
0	741
0	2241
15	433
9	310
15	5
0	944
1	1028
47	1
9	272
37	312
21	3
0	26
0	123
0	0
0	0
0	0
6467	9094
2	9091
13	1877
2	10858
132	7092
1	11317
0	0
268	1340
2	1412
31	1294
47	981
36	18
0	151
12	228
16	130
0	816
0	6
6	278
0	17
0	27
113	152
22	0
180	389
24	363
3139	6163
1	766
1	2596
51	2848
143	1034
1	881
43	13
549	366
2	224
1	16
0	127
0	0
377	1592
0	1218
0	1173
1	7
1	7
0	0
2	0
0	0
0	447
2	35
23	923
0	9
0	890
3	0
11	62
0	882
0	6
5	869
0	887
1	60
0	10
0	16
0	492
16	30
0	904
1	3592
0	3086
0	2991
359	3916
44	2263
9	749
0	265
59	476
4	333
28	909
6	278
5	1132
101	556
14	3671
0	0
0	0
0	0
51	14
0	1
0	1
0	0
0	1
0	0
0	0
0	0
0	0
0	0
0	0
0	0
0	0
0	0
0	0
531	572
0	263
1	40
3	105
0	126
190	94
0	46
47	13
0	2
0	4
1	9
0	9
0	1
0	1
17	617
24	617
308	6149
5	5651
1921	6171
2	4989
7	3386
1	4968
32	26
57	6573
30	1367
0	6591
1	0
51	36
12	36
0	0
2239	2330
6	1961
14	1527
17	44
1	61
0	1
0	239
125	609
0	392
0	5999
4	5996
155	6009
0	102
6	142
0	1903
0	3006
0	1
2	1414
1	107
15	212
0	5999
0	6853
0	5922
0	6001
442	579
6	137
0	0
0	442
0	0
0	1242
126	522
1	23
23	483
21	795
7	1094
3	106
14	693
0	94
24	1217
5	3
0	3
19029	12373
0	2896
37	12362
51	1434
15	561
13	574
38	1086
3	160
251	0
0	172
0	189
0	5
2	165
0	20
3	0
0	5
0	22
0	10
0	0
4	1
1	6
5	39
105	36
1	9
11	18
0	6
0	18
0	1
1	4
0	7
644	0
1700	5
12	3
0	0
0	0
0	30
0	31
0	28
0	2
0	9
0	9
14	75
0	75
0	330
0	341
0	18
6	4
1	49
0	19
1	4
0	0
0	0
83	547
0	547
20	0
6	1263
6	324
0	213
2	4
0	18
0	1
3	0
0	1252
2736	3419
164	11691
0	1191
1374	11389
2	2255
10	1719
20	2874
2	534
1	2245
77	7377
37	734
1	2169
1	4164
1693	1147
2	241
27	905
8	471
32	351
23	7
6	137
2	0
52	137
0	0
8	797
2	177
9	572
0	555
0	6
5217	2467
19	606
0	734
197	2220
79	894
0	539
10	583
0	0
41	1194
0	0
3	0
0	0
20	358
28	2
7	5
0	54
0	322
0	90
0	126
4	0
0	36
0	17
2	15
0	2465
1026	2806
0	0
0	202
3	60
0	594
1	133
0	0
2	1
0	1
16	1100
40	1200
29	1357
15	1343
0	163
0	41
10	33
13	16
133	4535
3	41
0	4545
283	183
1	183
1	41
0	0
0	207
3	224
0	3
0	18
0	0
0	0
0	81
0	88
0	99
2	53
0	5
3	14
37	12
6	6
11	28
0	8
0	98
106	85
0	443
0	0
0	3
0	0
0	1
2	3
0	1
0	1
2201	87
4	155
0	127
0	928
1	1064
0	589
0	5345
0	122
24	2223
0	13
0	680
0	65
0	133
0	2277
0	2380
0	2232
1	115
31	34
1	33
22	479
39	90
4	30
22	11
0	5443
1058	0
464	0
2026	385
1	22
0	25
0	25
0	241
0	97
37	184
0	119
0	0
0	6
0	76
1	5
0	7
3	0
1	0
0	0
0	0
2	29
0	29
0	68
209	131
0	129
2	114
9	68
0	12
1	2
5	5
0	15
29	62
0	129
449	202
4	160
5	32
0	203
2	0
0	0
40	204
0	12
79	204
0	0
16	20
0	7
1	1
0	1
0	1
0	1
0	6
0	1
0	2
2	3
0	1
0	5
0	6
0	0
0	1950
1087	3969
63	3634
18	1867
252	118
178	230
3	1950
63	3402
2	26
0	70
123	79
1	52
0	14
0	75
0	18
0	9
10	9
0	16
0	13
0	5
0	0
0	75
21	773
0	176
101	773
3	144
0	220
3	773
51	2
2	77
0	37
0	0
0	0
2968	2849
0	2847
6	1
0	1
45	561
31	162
0	168
11	529
0	60
12	54
7	113
0	0
24	0
3	0
77	15364
6	15173
7	2381
1	1950
0	1954
82	1130
1	551
0	418
0	1
74	3237
5	0
24	1872
2	940
0	2265
0	2769
0	2559
2	979
0	385
0	77
0	10
344	132
46	129
25	909
26	3722
1	57
2	3816
9	229
66	74
390	2836
1	668
13	359
3	11
41	116
1	302
14	1321
8	273
13	455
0	1234
0	53
0	954
0	351
1	3
7	13
0	10
1	7
113	556
0	49
0	0
0	556
0	0
0	0
0	0
723	0
11	3
0	3
153	2
0	2
5	431
0	370
0	398
0	461
0	275
0	38
1	13
139	10
1	9
0	2
0	9
1	9
0	7
0	6
0	8
0	0
128	570
498	570
40	0
3	0
42	2339
7	2190
18	574
322	437
0	507
0	563
0	80
1	675
5	71
3	82
0	0
3	7
0	6
0	1
0	1
4	1264
4	1103
0	135
5	911
0	0
0	16
0	3
2821	3
0	8
0	275
1	280
0	1026
0	88
0	91
2	322
0	1081
19	384
0	328
31	20
6	1263
0	1161
5	1218
1	415
0	260
0	0
0	0
0	0
16	515
1	52
3	20
3	45
9	31
0	515
986	2180
29	2173
0	1091
224	980
45	921
0	327
21	257
30	63
0	7
0	7
0	0
390	323
0	124
2	12
30	25
8	54
1	65
3	19
2	163
0	72
0	88
0	81
4	16
3	34
0	680
1498	926
0	393
0	29
1	48
0	52
16	884
555	215
1	184
8	92
14	0
16	0
0	0
0	5
0	5
0	5
0	0
0	3
0	3
0	3
25	296
42	85
0	201
31	126
0	3
0	22
2	326
17	23
11	124
1	11
10	102
0	37
0	123
6	29
18	884
26	688
29	428
0	0
0	1
18	91
2	0
0	0
24	10
0	10
234	0
0	0
1	0
11	188
0	187
2	99
1	92
17	19
0	2
4	0
2	0
2	0
0	0
11	13
0	13
0	0
9	0
1052	1
6777	3
1	0
187	2374
274	2645
129	2933
8	743
34	122
2	9
0	56
1	4
0	106
0	10
2	4
0	31
887	430
7	102
0	354
9	304
0	4
361	685
8	284
0	44
60	10
0	148
0	38
0	139
0	171
9	113
0	0
0	0
1	454
0	448
28	195
0	97
0	50
7	32
0	0
0	0
0	0
150	12186
26	2712
0	11993
0	2121
23	2522
0	2776
0	2421
0	5403
2	3201
19	3380
3	2778
0	356
3	191
309	417
0	1626
42	1255
23	1401
0	1056
1	1058
0	968
45	501
850	0
6	147
0	2
0	0
0	0
0	4
2	85
11	93
0	18
0	68
0	10
2	0
1275	0
0	55
14	176
167	34
9	118
4	131
2	20
20	14
0	1
0	15
0	7
0	22
5	29
111	259
0	136
0	21
1	74
0	9
0	0
11	61
1	0
1	0
0	8
0	8
0	0
0	0
842	280
0	42
12	258
2	2
0	12
284	0
222	676
0	452
1	576
0	120
0	0
4	3
0	35
0	5
20	131
0	7
2	0
0	0
0	0
9	3
1	18
4	9
8	4
38	478
3	408
14	87
0	0
0	0
0	0
0	0
0	0
0	0
724	877
1	761
10	717
2	14
2	120
257	236
0	13
12	199
4	54
0	0
0	19
5	359
33	133
1	133
0	1
0	1
0	1
0	1
1	1
0	1
0	1
0	1
0	1
0	1
0	1
0	1
0	1
0	1
0	1
2	1
20	0
2290	282
0	0
0	0
0	0
0	0
23	2704
4	2704
27	1115
3	0
0	120
37	2045
3	34
2	1
0	37
0	48
5	204
0	2
0	0
0	0
0	2
7	28
9	39
0	2
5	18
42	62
0	31
2	25
0	12
12	13
1	618
35	593
0	62
0	38
0	140
0	74
1	165
1	86
19	15
0	31
0	7
0	0
2	25
0	0
7	226
30	2478
0	293
0	2350
1	179
694	342
6	304
9	193
0	181
7	69
3	45
0	92
1	25
0	25
0	2
1	9
0	35
1	1800
52	2210
0	1508
5	0
9	61
1	10
30	97
0	107
0	36
7	25
1	34
23	18
0	45
0	76
0	4
0	0
0	11
0	1
5	25
4	54
0	21
0	19
0	107
9	2199
49	143
1	351
26	675
0	2128
0	2091
9	1974
2	1875
0	1848
12	683
1	50
0	3
52	6
365	0
339	698
2	204
58	685
2	0
0	0
0	0
0	0
1	3
0	3
0	0
0	0
0	3145
30	2402
307	2881
120	155
0	247
11	82
31	1002
8	138
0	2
0	2
0	0
0	0
0	0
0	0
0	0
3	0
215	371
0	386
12	105
1077	875
28	705
2	169
728	612
7	2
0	0
0	43
0	13
0	611
20	1139
13	1077
1	954
2	2
4	0
2	624
2	14
2	26
6	463
2	21
9	184
0	32
3	32
2	32
0	0
360	1986
95	1904
34	1868
0	226
0	280
0	0
61	0
0	1317
3	81
3	183
554	305
4	266
1	1953
108	3490
52	537
19	1738
0	268
0	27
422	3318
19	1108
46	45
0	0
0	45
481	2213
13	2211
0	1506
1	452
0	65
0	48
3	51
4	163
87	87
5	101
268	308
0	239
0	113
2	12
0	0
0	0
0	0
7	23
0	20
0	130
0	123
1	7
8	114
1	21
2	24
1	5
0	114
44	0
38	1008
0	871
0	794
1	871
2	51
25	1310
0	1276
4	35
0	61
7	149
5	114
0	90
343	153
2	68
0	129
0	0
0	24
1	41
13	200
14	218
3	160
0	14
0	57
81	19
1	23
1	4
210	1242
4	1077
0	1337
2044	743
2	368
73	556
2	416
27	143
297	5427
282	5420
0	1458
1	125
15	434
2	527
0	271
1	0
0	407
0	454
26	454
0	347
6	3
0	63
0	36
0	36
0	4
0	4
0	4
0	2
0	4
11	10
0	0
2	0
0	0
0	0
0	0
0	36
93	2
1	2
87	499
21	498
13	229
0	113
0	115
1	2
0	1
0	3770
0	3768
22	0
0	3764
0	3762
58	78
1	88
22	222
24	3766
0	3759
0	0
0	0
0	0
107	646
1	222
33	472
5	55
11	1352
0	1353
13	1353
204	1354
0	1353
2	1353
44	1349
0	178
0	0
0	0
0	0
15	6
0	6
0	0
0	0
12	183
0	245
0	171
0	143
0	1848
1	1691
0	161
24	558
3	3
0	2
0	2
0	2
0	2
0	2
0	2
0	2
0	0
294	101
0	101
1	16
0	0
0	0
3	465
3	456
0	319
0	993
0	0
0	910
189	160
0	12
0	0
26	38
3	19
2	13
13	2
1	20
0	178
0	0
0	0
2	3
22	3
0	0
38	0
0	0
1	6
0	4
0	4
0	1
0	0
0	1
2	0
0	0
0	0
5	1416
0	1525
6	1062
1	888
0	505
0	288
0	186
2	1
0	0
0	16
123	116
0	49
29	0
6	34
240	38
303	5
203	1928
463	1928
1	36
0	36
0	0
0	4
0	80
28	152
1	121
0	99
0	98
0	29
0	27
0	4
0	7
0	3
0	0
1	37
0	37
1	38
0	3
35	0
32	3
51	3334
23	334
3	0
0	862
1968	2
34	830
0	19
0	830
5	33
21	108
3	36
169	408
0	338
4	421
125	71
0	0
0	0
0	0
1	51
146	4851
4165	1521
0	2
0	1
0	2
0	0
2	4
0	5
0	52
2	55
0	55
0	55
5	56
2	1
0	8
4	125
1	24
73	131
1	4
0	4
7574	3340
146	2031
1	412
0	1258
120	1555
8	100
12	962
11	376
0	341
4	0
96	5
0	4
0	0
26	152
0	176
0	3489
38	2241
28	2442
0	2230
2	829
0	126
4	4
0	11
0	0
0	0
31	438
0	129
27	481
18	1118
0	3263
0	0
0	0
0	1
0	1
0	1
0	0
3	0
0	0
0	0
0	0
4	18
0	13
1	17
0	15
0	7
0	4
4	4
0	0
0	0
6	1
0	0
0	15
0	0
0	0
0	0
13	503
0	416
0	122
1	58
4	2
0	21
0	113
601	1634
0	1518
0	128
0	106
80	392
0	377
1	72
0	148
0	111
8	73
0	43
8	227
0	2
0	15
0	98
8	86
0	109
0	0
5	43
0	221
49	1423
1	1392
0	852
0	861
47	1174
3	931
24	214
0	134
0	134
4	53
0	48
0	1
0	1
1	1
0	0
330	107
3	103
1	4
6	159
0	0
0	0
0	0
0	80
0	159
0	20
0	80
0	20
11	27
9	27
10	21
0	11
0	8
0	8
4	2
617	47
6	46
0	93
1779	408
8	289
4	26
1809	317
1	317
1	90
112	776
29	350
27	730
1	147
1	129
0	141
1	1
38	0
15	39
0	3940
56	2549
0	2659
0	2740
110	3753
61	3989
19	2178
5	3387
0	3839
0	423
10	6
0	322
0	401
59	154
34	306
7	203
0	89
0	0
0	6
0	0
0	6
0	0
2	2
2	11
2	9
204	1880
457	1880
57	21
2	21
1	25
64	65
15	62
0	0
0	0
0	0
2	37
0	37
0	0
3	11
0	0
12	0
11	5454
0	0
4	5726
54	5374
3	5379
6	5351
0	15
0	4898
0	0
0	0
3	71
1	203
14	3947
0	188
0	0
7	399
16	335
7	103
0	3730
0	0
0	3562
0	834
6	17
0	55
1	22
1	2
2	67
22	500
0	10
1	48
19	14
0	842
150	289
5	75
50	284
0	36
0	0
0	0
569	66
7	66
100	473
0	198
1	106
0	106
0	34
0	0
0	473
0	0
0	0
0	0
0	0
0	0
1	1
0	1
0	0
4	736
3	741
29	792
1	458
33	0
9	12
28	61
5	9
2	0
1	671
15	1011
0	154
31	455
13	5
3	104
50	234
138	22
0	0
8	137
8	80
6	78
1	22
0	10
1	64
0	0
0	5477
4	15
68	202
0	1
2	70
176	1126
4	34
12	5707
0	0
2	0
6	196
1	10
0	0
2	42
1	18
0	47
6	202
1	30
1	42
3	24
0	99
19	19
0	27
2	0
0	49
0	55
0	71
0	161
1	28
0	15
0	11
1	163
3	41
864	2567
70	2571
3	2529
52	2567
8	19
3	6
0	4
0	41
441	365
10	324
1	25
2374	97
0	10
12	18
0	2
0	44
51	1412
6	1472
0	348
0	256
0	248
2	18
1	1462
0	11
1	11
1	14
0	6
0	1
0	5
45	3237
6	3207
265	1236
0	3521
293	21
5632	2749
0	2751
1	20
1	33
12	62
3	235
949	242
1	7
4	5
206	364
4	359
0	0
0	1
7	103
529	256
0	257
20	13
19	6
0	13
0	20
0	1
3	22
3	1
1	19
13	12
2	1
9	2
2	0
3	0
5	0
3	1
3	0
2	0
0	62
0	10
1560	138
0	1
0	24
0	49
0	0
0	0
0	0
0	0
83	1817
88	1336
5	1552
0	1794
2	1636
8	255
0	534
15	15
0	194
2	123
0	3
0	1
1	1
0	0
13	272
71	292
5	123
8	11
30	398
0	320
1	241
0	285
0	68
128	423
3	242
2	83
0	36
0	6
1	7
0	20
0	0
1	21
11	139
18	136
0	5
2	2
0	1
0	0
9	526
0	678
3	944
0	1010
38	1065
0	518
7	181
0	34
5	17
0	17
0	3
0	2
46	17
0	9
3	926
1	47
0	919
0	0
15	3
8	0
180	1190
12	1174
219	1106
26	1082
42	775
9	0
0	80
1	918
1	48
3	55
0	25
0	3
0	1
0	7
0	0
0	3
2	427
2	388
0	418
4	650
0	565
5	16
0	434
17	355
2	7
4	30
0	4
37	41
4	41
0	0
0	0
0	0
0	19
0	5
0	18
0	16
0	1
0	19
2	14
109	671
5	542
0	13
1	460
0	0
7	7
1	0
0	0
0	0
0	0
2	46
2	46
1	1
0	10
0	1
3	2033
64	2033
241	2028
8	2
0	0
0	0
0	0
3329	32721
7	29834
1	1456
2	1146
34	4672
37	1358
67	1414
0	1358
1	64
8	67
10	0
1	87
12	126
9	0
1574	1409
0	57
0	989
38	97
5	367
1	52
590	642
49	600
6	600
1843	395
0	392
2	23
0	3
0	0
0	0
0	0
0	5
0	5
0	486
1	474
0	486
18	21
0	21
93	107
12	90
46	100
0	0
0	245
203	271
5	22
17	38
240	69
0	69
18	635
0	1056
0	887
1	996
21	912
3	99
5	68
0	6
0	0
0	130
4	130
1	130
0	0
0	0
43	856
1	1
4	54
34	336
0	76
1	0
2	653
4	19
7	6
0	6
0	5
0	2
0	406
0	693
0	346
5	645
6	49
0	347
0	2
0	61
0	554
5	7
0	373
0	88
5719	3
1015	2179
2	2120
0	2270
6	890
0	1838
0	104
5	13
2	0
13	6
5	49
0	655
3	970
31	275
5	769
0	834
0	274
2	869
5	2
2	2
0	106
0	107
0	0
2	33
1	1
1875	1432
2	704
2	951
0	114
1	866
2	85
154	179
0	178
0	109
1	7
0	13
0	9
50	1256
3	625
0	1042
0	1205
0	125
0	171
0	129
0	0
0	0
2	295
13	609
181	670
1174	555
11	298
1	0
0	1
0	1
3051	922
1	0
5	847
0	54
0	349
26	5
0	5
472	65
12	76
10	2
7	7
2	0
0	19
3	9497
115	1638
2	466
2	10
14	854
3	879
1	375
4	810
0	487
15	185
23	371
3	0
1	336
5	308
0	180
0	18
4	48
0	11
43	74
33	15
2	116
55	85
1	237
22	532
56	156
3	425
7	496
0	363
1	11
0	14
1	19
0	15
0	56
2	44
0	1
5	3
429	343
210	385
0	141
202	9311
0	9166
51	9533
3	9631
0	30
118	12
4	1261
5	98
1	138
0	0
21	4
0	9173
11	31
0	31
505	2046
10493	11115
7	4753
15	215
22	0
155	1112
22	1028
1043	3917
0	2826
155	3808
13	10
0	0
0	0
29927	14621
7	1773
162	3817
351	11671
403	1433
8	1723
40	2733
2	813
1	140
0	10
0	14
13	812
0	883
0	0
2	882
0	0
17	763
7	404
0	66
24	61
0	30
15	116
1	0
6	5
1	10
15	5308
325	5606
0	2009
0	1309
3	2
7	42
0	73
7	28029
0	10524
0	505
2	7
0	21124
2	21114
0	25448
8	6030
96	21263
81	443
22	190
41	634
698	34397
0	6468
65	29002
1	24659
64	28072
367	1017
2	1885
0	18200
0	18211
11	2098
0	26878
0	32003
10	586
5	211
40	211
1	43
1	60
32	47
987	206
1	124
0	0
0	15
1	82
0	0
16	36
3	13
5	138
0	0
1	29
0	6
1	136
449	1
277	0
673	2
664	529
0	79
4	73
0	19
0	1
1	370
1	363
0	221
0	173
0	152
5	143
0	90
0	82
2	58
2	4
1	1
5	212
68	212
0	22
1	2
5	910
57	1674
1	424
138	1674
181	6
0	6
15	694
2	12
3074	3289
52	16
254	3022
2	83
0	2296
758	845
66	606
0	2
14	2
3	0
28	15
0	1
7	16
7	568
23	568
0	0
0	63
0	7404
0	6959
7	150
5	1063
2	736
0	704
2	40
3	12
1	0
0	7130
0	7404
1982	197
0	182
0	0
0	68
0	72
2	0
4	475
365	1552
1	1082
0	1055
528	0
0	0
16	0
25	1935
0	5
1	11
16	152
10	1931
109	562
0	24
0	1748
5	7
0	296
0	1956
29	2045
1	2085
8	1842
0	1399
0	1557
0	3
0	268
64	0
276	1690
5	1690
0	5
5	197
14	95
1	711
0	733
0	130
25	131
1	19
2	2548
145	1458
4	205
2	2300
2	0
1	45
2	0
16	885
0	276
31	445
715	6173
153	4038
1	3534
1	1300
17	736
0	796
0	764
3	733
0	26
0	3
6	256
2	120
0	130
1	120
0	40
0	0
0	0
0	0
0	2
0	2
1230	480
26	115
0	396
0	201
1	0
0	0
13	551
36	1372
2	1666
22	550
0	58
0	43
33	272
1	28
9	164
4	155
22	5
0	1495
0	2
6	0
0	13
0	6
0	141
2	237
0	6
0	0
0	0
0	234
0	0
0	0
0	0
81	454
6	454
0	1
0	1
14	0
836	193
23	911
4	1166
0	1239
86	1065
0	0
1	19
1	19
3	0
0	7
0	2
0	0
0	0
0	0
12	67
1	67
0	12
0	0
15	110
24	2206
1	2166
126	178
4	61
2	718
0	140
0	7
0	0
0	0
0	0
0	0
0	1
0	1
0	0
2	251
7	2
0	200
0	1
0	251
344	369
71	367
204	4223
100	4223
10763	7252
12	1811
23	4
36	6789
5	5841
4	5599
42	4528
10	1401
4	4387
23	300
3	2
19	300
0	22
2	0
46	815
3	811
12	653
28	277
8	324
0	0
0	0
0	639
12	204
0	216
0	214
0	866
2	748
0	65
489	1263
45	1189
0	905
2	151
2	11
279	563
0	84
9	341
0	269
3	0
15	590
5	530
0	100
13	6
0	2916
8	357
1	3
0	2
0	2
0	1
0	82
0	1
0	81
0	81
0	0
0	81
14	15
3432	623
1	40
9	137
0	129
1	107
0	25
0	0
3	195
0	28
0	456
0	0
2	1
0	5
1	186
5	41
1064	4101
1	3689
22	686
8	463
4	871
3	562
7	44
10	178
0	729
2	19
25	0
0	0
63	575
0	410
0	410
0	410
0	406
6	359
0	223
0	69
0	68
1	4
2825	543
1	2
0	30
3	25
3	317
0	348
4	328
5	217
0	139
2	48
1	5
27	192
1	199
1	49
2094	1136
0	1129
3	50
1	90
1	37
2	5
0	425
14	426
56	258
0	49
0	1
0	415
0	23
4	23
2	1
0	1
54	189
9	189
2	6
1	0
238	1356
103	381
1	534
20	758
53	0
158	3
0	0
0	0
0	0
0	0
0	0
0	0
0	0
22	97
4	89
5	19
0	41
0	29
0	587
1	2
5	1415
14	242
66	167
7	1131
35	308
0	1331
2	2
0	2
1	128
0	50
3	55
59	126
0	3
3	19
0	18
0	0
40	257
11	243
1	1
0	14
3805	2816
41	2816
42	996
22	22
32	910
6	537
0	292
7	240
33	754
1	55
4	135
15	12
1030	266
14	164
5	174
2	9
22	9
1	15
2	0
517	51
0	11
0	10
0	40
8	6
0	1
0	51
0	49
4	16
0	3
0	0
0	14
0	42
988	63
3	63
339	592
0	457
0	445
1	42
0	1
3	135
11	7
0	0
0	0
0	0
0	0
0	0
0	0
0	0
0	0
0	0
3	0
354	1
1	2
3	2
1	250
0	340
0	296
0	126
1	202
0	209
4	297
0	6
0	8
1	12
0	5
0	5
0	0
1	2
0	2
0	0
0	0
0	0
0	0
0	0
0	0
5	206
14	195
0	87
0	42
2	10
0	0
0	0
1	411
1	206
13	280
0	178
27	391
0	22
8	270
0	70
1	45
0	122
0	184
0	54
0	13
0	84
13	169
132	1
23	365
1009	365
0	0
0	0
0	0
0	0
0	0
1	0
1351	1
0	0
0	0
43	719
0	500
35	696
9	683
48	0
0	745
2	849
11	1999
82	1776
71	507
8	0
0	0
0	0
0	0
1	0
0	0
0	0
0	0
131	2590
0	2668
1	390
18	621
0	2474
0	440
0	2303
0	0
19	114
0	2519
1	0
0	0
0	5731
101	3608
187	6107
810	5658
0	3991
1363	9
0	8
0	0
0	69
0	69
0	0
0	5
0	5
14	231
9	234
3	255
0	2
0	4
0	9
0	251
0	0
6	60
0	0
3	0
0	60
6	1
0	1
2	349
0	112
0	306
0	305
2	139
1	100
0	0
0	0
12	60
0	60
10	19
0	6
0	11
4	15
0	0
0	0
118	863
15	916
0	84
0	160
0	0
4	11
26	15
6	2
1	8
0	7
0	7072
70	7057
3	629
1	1236
0	1298
0	73
757	2365
0	2366
0	2168
59	3169
0	3288
0	3390
74	1168
0	1032
7	1258
0	1226
1	0
0	0
5	0
0	1
0	4
0	1
0	0
3	4
0	0
4	1974
0	44
0	22
0	3
7	39
0	39
0	19
0	12
0	65
46	1657
0	0
0	69
0	1701
161	477
33	477
3	1332
0	0
144	1443
2	500
176	449
17	449
34	449
106	775
1	775
6	446
1	597
13	63
0	73
1	195
3	28
2	43
0	684
0	632
37	3594
0	220
2	301
270	3504
0	0
4	143
442	392
4	337
0	0
0	0
0	0
148	7464
1	738
56	41
13	822
0	6763
2	5612
0	1061
0	551
10	3703
8	162
12	492
0	861
1	2276
0	421
0	5
0	1313
13	180
0	100
4	100
0	3
3	8
10	10
0	9
2	7
7	2196
1	63
29	727
48	105
14	206
23	2124
0	55
1	140
0	22
0	0
8	11
3	46
60	367
3	155
191	40
0	51
5	65
0	0
32	195
30	6
0	0
0	0
0	0
45	590
0	76
0	514
0	475
0	475
0	369
0	40
1549	601
4	145
11	419
0	414
8	174
576	725
2	318
8	725
52	713
15	713
0	149
24	6185
0	3549
0	372
0	4389
0	6426
0	185
5	3391
2	4186
0	4358
3	1196
3	1592
1	3929
0	1174
233	2761
1	429
0	354
0	1077
4	58
0	891
194	1342
10	663
54	1342
9	1002
22	649
0	0
0	0
0	0
1	916
2	0
0	0
0	0
0	0
0	0
2650	434
0	434
1	0
0	61
2	619
11	584
29	12
2	13
0	6
0	1
0	0
0	0
0	0
0	0
106	0
614	663
3	597
0	93
2	74
0	223
0	1
93	5350
86	4811
34	3198
1	2162
0	123
440	0
14	0
8	1068
127	1495
136	1788
0	1182
6	821
0	805
0	55
1	0
73	33
1	33
0	1
0	0
0	0
0	134
0	108
0	0
0	133
0	0
0	118
4	133
0	9
1	38
0	0
0	9
3355	4110
148	3824
453	2282
1	354
46	2801
2	322
1	133
2	154
67	1277
10	1173
1	47
434	591
0	591
27	5
2723	2125
3	2375
512	266
3	142
0	196
0	300
0	229
0	300
0	302
66	359
0	6
0	53
4	4
2	104
307	437
0	25
8	207
0	73
6	62
33	887
51	2435
3	15
284	2435
3	1171
79	11
339	1067
4	0
1	391
4	1232
8	886
37	1136
2	92
51	1009
5	51
0	0
3	18
337	40
1	40
205	4600
0	4200
5	448
1	197
0	605
0	307
0	465
0	2726
0	1240
2	135
588	905
0	284
40	320
1	378
1	10
3	88
25	134
0	139
0	56
2	57
0	29
0	71
0	8
0	87
22	0
1	43
0	0
0	0
0	0
98	0
0	0
0	0
0	313
105	1830
1	1277
0	1463
23	832
0	1148
7	218
20	536
1	92
7	493
53	512
0	7
4	18
0	2
0	19
886	1
0	13
1	13
315	1610
309	1607
1	250
471	924
0	580
0	241
1	103
7	97
3	231
0	68
5	415
15	13
1	0
4	168
2	8
5	23
19	161
0	105
0	104
6	52
28	868
8	867
23	875
51	337
1587	112
8	111
1	2
0	4
404	3194
0	2112
7	697
158	726
1	979
4	2057
35	1600
83	1726
0	1730
18	1493
0	41
0	142
2	249
0	110
2	29
5	7
2	210
0	0
1	0
0	0
0	0
0	0
6	41
0	32
1	13
0	16
0	17
0	25
0	3
0	4
0	0
0	0
0	1
0	0
0	1
553	871
8	119
9	648
11	136
1	202
0	632
4	230
0	205
0	130
0	26
3	3
0	0
5	6
1	2
0	1
0	1
0	0
10	53
0	53
0	2
0	2
0	0
0	0
0	0
0	0
0	0
0	0
0	0
0	0
0	0
17	428
0	24
0	286
0	63
0	428
0	286
0	371
2	916
20	915
0	910
0	914
1	786
0	1044
1	568
5	17
18	548
6	101
0	220
1	177
1	66
16	95
0	60
0	25
120	3
69	81
6	30
13	3
1	18
0	17
0	1
0	1
0	1
0	0
1	36
29	26
5	19
2	29
3	2
0	0
2	12
0	7
0	0
0	0
0	0
1075	1940
91	1939
1	45
2	889
0	534
0	351
0	8
1	8
0	6
0	6
15	162
15	117
0	150
4	146
2	5035
2	244
78	801
0	797
6	3784
7	2
0	4269
1	172
0	0
59	4965
2	2
0	2
0	0
0	0
0	0
6	1656
5402	676
4	272
10	403
57	2195
6	1848
22	103
0	99
0	99
0	102
0	2095
5	125
0	395
2	283
0	63
0	117
1	158
2231	252
1	0
1	88
60	131
0	41
0	113
0	14
0	7
8	569
0	3
0	0
1	3
2	538
4	498
2	8
0	0
0	1
0	3
0	0
0	23
0	80
4	390
0	2
0	1
0	0
0	46
5	0
3	85
1	372
0	5
0	67
20	66
0	307
6	353
0	28
0	112
40	196
25	67
24	43
0	98
0	91
3	2
0	17
9	8
9	8
0	200
0	4
0	0
0	0
0	4
0	0
0	0
0	1
0	1
0	0
0	0
0	0
214	0
1	0
0	684
10	772
29	749
1	78
4	45
0	41
0	0
0	0
28	82
0	13
0	68
0	49
0	11
2	1
0	21
7	0
1	24
0	0
0	0
0	0
0	0
9	951
5	509
60	684
1	636
1	836
1	247
0	0
23	79
4	7
0	7
2	1
0	7
0	1
5	0
0	849
0	11
0	19
0	12
0	17
0	2
0	4
0	0
0	0
1	1
0	1
0	0
0	0
0	0
0	0
0	132
142	307
0	19
1	31
0	290
1430	399
137	3
0	119
0	65
1	89
0	256
3	253
0	37
0	244
13	201
14	604
3	674
212	624
0	66
0	126
0	126
0	31
0	31
0	0
0	0
457	5
6	5
17	214
0	93
0	191
2	21
557	254
4	224
37	2
0	75
0	49
10	29
0	31
70	716
2	71
0	714
409	263
4	0
77	515
0	0
0	0
9	722
4	0
13	193
4	1940
1	149
10	51
8	2051
0	0
2	47
53	136
64	129
24	128
0	15
0	128
0	0
0	0
0	0
0	0
0	0
0	0
0	0
0	0
0	0
0	0
5678	4863
25	4213
41	1761
116	651
1	0
87	8
1	234
3	137
0	244
17	104
5	229
1	18
0	3
1	8
0	35
1	75
0	105
1	30
1	7
31	77
0	3
0	12
0	265
112	63
51	23
0	44
0	23
1	31
118	6168
4	0
6	9
0	6162
0	555
0	229
0	285
8	490
0	249
11	520
0	22
1	13
0	0
11	98
5	10
0	113
6	92
1	72
0	30
8	424
37	0
0	0
28	2618
82	2618
191	33
0	33
188	2769
19	2680
16	554
2	234
0	181
0	440
0	332
1	137
5	364
0	0
0	374
356	396
6	12
3	78
0	281
0	22
0	0
0	35
0	24
8	45
0	54
1	12
11	2
0	2
0	1
0	0
0	0
0	0
0	0
111	1857
15	1638
172	2298
5	7
15	35
37	537
4	53
0	0
18	20
1	20
0	17
1077	1
1	0
1583	1304
0	720
0	1
1	1028
0	531
0	1
0	0
1	22
0	1
0	10
0	12
115	179
0	154
7	45
0	3
5	4
4	62
0	14
0	4
0	12
0	3
0	14
0	201
0	119
0	20
0	0
24	120
0	7
1	11
0	203
0	511
74	511
0	36
643	2639
3	2636
6	980
22	580
2	120
14	8
333	1599
47	1599
5	210
9	225
3	14
0	52
0	63
275	0
0	0
0	0
0	0
0	1354
0	1321
1	750
0	704
0	827
0	818
5	876
0	134
2	37
0	507
0	548
0	141
0	268
29	21
0	8
3	21
1	8
3	46
8	165
15	21
2	21
5	58
0	0
160	3
5	0
0	0
2634	261
2	4
0	254
0	13
0	13
0	13
31	289
851	551
9	359
0	200
0	1
0	1
0	1
0	1
0	0
0	0
0	0
0	1
27	38
0	454
0	167
0	170
3	182
55	465
0	208
7	33
10	472
0	78
0	60
0	128
12	87
12	1
0	0
6	3368
216	3368
4	2439
1	2014
171	10
10	31
0	0
0	0
0	0
0	0
0	0
17	0
0	21
1020	116
5	25
0	11
0	1
0	61
6	11
4548	1692
1	1690
8	1678
4	26
0	42
13178	1432
195	2
7	744
19	744
13	541
4	674
70	8
6	7
0	0
0	0
0	0
0	0
7	29
4	250
0	220
0	0
0	25
1	198
0	197
1	158
0	0
6	25
1944	0
0	0
0	0
577	56
0	15
39	40
2175	381
0	38
178	187
326	65
1	0
0	0
1140	1736
4	1865
0	1583
0	1473
0	1689
0	435
0	1623
1	352
10	1107
3	93
0	180
167	216
2	72
0	59
0	106
6	161
1	188
0	107
0	37
0	0
0	1647
21	0
6	47
0	18
0	20
2	27
1	15
1	0
18	358
0	395
10	359
2	364
5	35
0	0
0	0
0	0
0	0
0	0
0	0
31	1863
61	1863
50	1744
0	0
0	0
0	0
0	0
0	0
11	15
0	15
0	0
0	0
0	5
0	4
0	4
37	121
49	334
61	546
1	583
0	35
2	26
49	5
19	10
54	0
0	0
0	1
0	1
0	8
6	8
1	7
1334	30
0	29
217	14
0	14
1026	0
0	0
0	0
0	0
14	435
0	487
7	379
0	51
2	5
4	44
264	535
0	361
9	242
31	482
0	32
1	3
8	239
3	0
0	0
0	0
0	0
0	0
0	0
0	2
0	2
0	0
0	0
0	0
0	710
0	950
23	910
6	363
1	36
4	974
2675	1198
26	1196
430	46
2	45
0	95
9	97
0	2
1	1
3767	727
1	23
0	0
0	0
0	0
0	0
5	874
636	874
110	873
0	65
1034	7
0	0
51	313
233	105
4	87
0	12
1	19
2	428
29	446
3	104
2	76
5	16
2	23
0	5
3	70
2	44
1	39
0	35
29	3
7	3
0	1
0	5
2	3
986	1851
0	1807
1	289
0	44
28	158
11	197
7	937
0	16
0	0
0	0
0	0
343	310
4	160
0	150
253	50
0	50
31	2869
0	2214
34	971
1	131
0	62
127	1
0	759
104	742
5	21
0	79
19	2
0	420
2	73
0	2362
0	2424
0	0
4	0
5	0
1572	942
12	924
0	583
25	193
61	207
4	202
604	562
0	0
0	0
0	0
120	99
115	196
1	29
5	112
16	153
0	1
298	116
3	44
0	82
118	1550
27	1550
0	544
0	61
301	95
9	95
0	1
0	0
0	1
0	1
0	1
0	0
0	1
13	1
0	0
0	1
9	13
0	5
1	4
0	3
33	1
0	1
0	0
1	0
0	0
1	0
77	2796
14	1305
12	489
5	10
9	0
0	2796
11	3
0	3
0	0
0	0
2877	173
1	170
1	51
225	1086
12	1086
1	0
8	0
4	0
0	8
54	1735
4	10
1594	1725
2	400
4228	184
145	178
0	0
3	8
1	8
1	8
319	1825
0	1940
0	487
10	1514
32	1052
5	1362
1	48
12	9
75	3367
5	3288
0	3533
0	3604
0	3725
64	584
0	6
15	131
6	28
0	2378
1	60
14	200
1	180
10	338
1	335
178	91
0	4974
42	3963
465	3587
0	20
0	270
3	0
0	9
0	9
0	0
0	1
1	0
0	0
0	0
0	0
0	871
856	42
0	38
0	39
2154	511
1	115
1	53
32	3
0	0
0	0
1918	1026
0	1026
3	125
1	0
266	132
50	131
0	0
0	0
0	0
9	84
8	146
0	123
3	0
1	0
13	245
185	245
12	71
2	8
1312	42
0	42
1	0
2	1
1	15
1	14
0	15
0	0
0	16
0	0
0	14
36	26
16	0
289	820
0	375
3	539
8	149
3	555
2	50
0	0
2	13
1	63
0	59
8	42
0	60
0	2
0	0
0	0
0	0
0	0
0	0
0	0
7	0
0	330
265	5368
28	2890
5	200
0	4006
5	1867
0	438
604	1310
13	458
16	359
0	829
2	0
1433	515
0	24
1	149
1	25
0	63
0	79
0	74
3	113
6	100
0	8
0	0
227	2995
0	18
0	40
2	363
4	3005
565	8901
13	8901
19	47
0	298
0	3126
368	3848
35	2775
2	39
52	58
22	28
157	89
0	0
169	1332
54	1311
21	705
343	786
3	701
11	117
10	168
0	64
13	26
2	2
0	54
127	2605
0	219
71	2612
996	981
31	473
2	464
8150	322
1	317
9	320
10	334
0	25
0	0
0	0
0	7
1	6
1	4
4931	2
1793	0
4214	3
4	497
32	520
93	463
0	553
1	499
70	21
0	0
276	0
265	595
2	2
31	592
3	0
0	3
20	132
1	89
11	33
2361	443
3	305
0	324
14	34
1	303
19	233
0	204
2	21
0	28
3	1
37	2367
94	3789
135	2189
60	96
1	1791
0	0
0	0
0	0
0	0
0	0
0	0
0	0
2429	1797
20	1794
54	195
0	1
0	0
0	0
0	24
0	7
0	435
0	15
0	17
0	22
0	29
1	6
0	173
0	437
4	0
1829	0
0	0
0	0
0	0
0	0
3	0
649	318
9	317
6	1
2	163
0	23
13	157
24	166
6	28
34	53
0	166
0	0
14	2499
0	52
2	0
16	1470
101	665
3	1450
0	1072
7	2579
0	2576
8	2540
0	2600
3	1061
9262	1893
1	1042
97	1060
48	1105
13	2
0	2
0	1
0	404
0	404
85	404
0	26
136	918
1	817
0	101
1	90
0	0
0	0
791	374
17	175
154	1401
0	781
20	253
3	213
4	13
0	144
3	39
1228	263
0	92
1	168
10	0
1384	363
3	35
2	59
2	269
0	129
24	407
26	72
0	415
62	448
7	64
0	26
0	292
0	0
0	55
0	0
19	383
0	266
0	260
0	96
0	3
0	24
0	152
7	0
0	384
330	1299
3	1181
4	105
6	117
3	98
390	1733
2	567
6	848
11	619
31	203
17	1321
37	1321
0	27
0	0
0	41
1	125
1	804
3	0
1088	398
5	213
5	186
19	109
972	638
0	237
25	0
17	429
0	15
8	153
0	5
0	48
0	47
8	105
1	243
13	266
5	275
10	31
29	889
183	889
0	28
0	0
483	262
0	142
5	260
10	0
0	823
0	1170
100	1192
0	712
2	910
0	518
0	321
0	1
0	58
0	0
0	0
0	0
0	0
0	174
2	264
6	55
3	275
0	13
0	49
0	189
29	178
0	25
27	6
0	157
25	34
0	41
1	32
1	59
4	42
43	8812
0	8334
0	8206
72	8166
0	11203
0	7305
37	9160
0	4083
0	5092
0	2105
1	745
14	1360
2	2242
5	1867
7	1335
2	675
10	844
0	722
2	464
5	551
0	8514
115	239
28	285
0	119
5	96
2979	0
1006	0
3	514
152	2723
0	244
26	2173
11	1708
0	2286
0	1399
1	138
62	1347
4	96
2	29
19	146
5	0
83	38
1	38
0	2
0	0
0	0
5	2332
167	3195
2	2
12	757
22	787
9	17
77	0
93	5728
9	4518
0	1278
17	5376
1284	1604
22	0
27	451
0	4518
2	431
1344	431
67	194
53	72
10	67
0	5
0	8
0	0
634	160
0	161
0	123
3	37
6	24
0	0
0	4
0	24
742	614
6	614
0	138
0	52
14	0
12	356
1	308
0	157
2	1
10	129
0	8
1	22
8	11
0	0
0	0
0	0
0	0
0	0
3	13
145	153
0	27
0	18
1	124
2	2
0	3
0	0
13	170
0	1121
5	517
4	106
0	1140
0	827
14	384
0	0
101	204
0	109
0	95
2657	2
1457	1
0	109
1	3
239	110
3	102
0	103
1	94
0	70
0	51
6	1738
0	1170
1	1523
15	336
1	451
0	769
0	1046
0	160
0	163
0	387
13	83
0	80
1	28
2	52
2	35
53	8
106	0
10	1116
17	472
18	1338
0	1800
77	2466
18	0
0	0
0	0
0	0
0	2
0	8
0	2
0	2
0	23
0	8
0	0
0	17
1919	123
57	121
567	531
8	0
22	1
2	34
0	0
429	342
0	439
1	547
0	251
72	277
0	4
0	0
3	30
1	28
0	34
2	0
0	0
0	1
0	31
0	0
0	0
0	0
0	0
0	0
42	13
3	11
336	3554
3178	3584
195	29
7	4
7	1294
3	1355
0	65
0	173
0	23
3	130
0	16
0	0
0	1
0	1
40	7350
86	6827
0	7335
7	2296
1	2863
4	742
4	545
0	19
0	13
1871	707
9	134
34	413
850	1365
110	1304
0	57
0	101
5	199
0	5
13177	596
24	586
34	2616
0	247
0	381
33	2556
51	1247
42	231
6	197
2	110
4	57
41	0
8	164
46	164
0	0
4213	174
10	106
9	64
51	29
0	126
1	116
0	3
0	4
0	12
0	97
0	1
0	154
0	6
0	0
0	93
2	8
1	80
8	5
0	1
0	1
0	0
0	0
0	0
124	1909
9	0
350	2492
1	668
16	1506
1	976
2	2
71	56
2	0
1	2059
5	18
35	126
3	203
17	279
8	519
2	0
24	2044
0	4536
85	4531
32	847
0	4121
0	4535
676	364
0	203
12	340
0	2
1	7
18	15
0	0
0	0
1	0
0	0
1121	1043
1	1043
0	52
18	63
40	15013
0	1217
1	1157
3	1073
0	1852
32	1804
23	83
2	43
78	14648
1	315
0	307
1	12
7	206
0	0
1	114
0	97
2	2
56	42
1	19
1198	2184
1	22
20	1696
8	5
4	38
0	488
0	0
211	113
0	104
0	22
3	0
14	44
0	39
0	1
0	0
1	4
0	58
3	58
1	14
0	627
10	1683
8	0
2	20
28	1739
10	104
18	615
4	762
76	700
79	2
1306	198
0	164
0	6
1	29
17	23
2	11
25	23
102	0
0	0
0	224
0	225
3	199
9	1102
0	884
0	906
0	397
0	419
0	489
0	93
4	55
4	76
3	37
0	13
1	7
212	342
5	185
0	63
0	193
42	130
0	60
113	170
113	1830
33	869
7	11
100	1037
10	90
2	82
3	1659
27	1368
6	0
1733	213
0	213
0	56
391	568
0	535
1	62
0	33
6	134
0	79
1	20
1	6
0	0
0	0
593	0
5	0
0	0
0	0
0	0
0	0
5	76
92	321
36	302
10	7
0	253
12	0
0	0
499	565
29	399
5	165
654	69
1	2
0	63
0	4
0	0
0	0
0	0
0	2
0	2
0	2
0	0
8681	3123
14	1667
9	1447
0	65
0	67
3	49
5	98
0	0
0	18
0	18
1	11
0	895
157	895
0	105
7	161
1	6
1	170
2	0
20	47
2	180
0	265
0	167
0	156
0	5
0	12
0	15
0	217
10	865
11	844
2	718
0	23
0	0
0	60
10	16
1427	1758
1	869
0	1357
6	881
75	1504
0	682
0	966
101	549
2	17
248	17
251	672
5	32
19	672
0	0
79	15
4	4
1	9
0	4
6	357
2	15
4	8
0	352
146	394
25	60
1	31
7	148
99	374
2	351
7	178
7	294
2	131
0	5
28	4
2	1
0	365
2	10703
496	10618
1838	11608
17	11513
466	51
0	21
0	30
2	146
3	145
0	137
1	122
0	110
597	1
0	0
0	6
4	6
24	137
248	738
1	464
0	618
453	873
24	872
3	24
3	168
0	3866
0	3641
116	3862
5	1247
0	114
1	379
4	0
5	658
1	189
0	416
2	0
702	176
1	33
3	149
1	2
2	37
0	7
0	7
0	4
0	1
0	1
0	0
0	0
2299	460
0	0
2	459
0	21
0	21
0	21
0	0
0	7
0	8
6	734
19	188
5	188
0	728
0	564
34	533
9	576
0	576
0	497
24	294
1	26
17	271
1	0
0	62
0	58
1	34
0	35
0	15
0	0
0	0
226	125
0	125
0	0
0	0
297	4768
1	4614
12	4615
0	3801
11	128
8	233
0	824
736	499
36	499
56	605
5	603
0	123
8	69
1	54
0	54
2	7
0	4
0	0
9	62
85	114
8	123
0	77
0	0
1651	365
0	357
22	42
8	42
1475	337
0	0
0	22
0	17
0	9
4	9
0	0
0	0
0	1
0	3
84	2496
0	2074
7	136
14	268
3	0
10	812
2	85
26	197
13	197
0	0
0	0
0	0
0	0
1345	156
26	7
11	149
6	4283
71	3910
0	1577
0	147
2	78
2	101
5	28
1	10
0	4283
225	0
0	0
9	30
0	0
7	30
1	5
10	114
0	2227
0	2230
480	0
183	588
5	568
0	578
25	589
0	1
0	1
34	16
0	16
178	1167
14	28
0	720
0	323
3	204
596	300
0	84
8	201
1	151
1	0
0	0
0	0
7369	1790
12	267
16	5
0	1519
126	455
54	9
527	1569
13	1063
12	106
0	136
0	798
0	0
1	0
0	0
0	0
1	322
5	270
0	303
0	1
0	212
0	11
0	9
1	27
355	166
10	12
4	154
0	153
114	1731
13	1332
2	327
74	1835
4	1360
4	97
3	2
1	594
24	583
0	419
1	6
6	6
0	5
153	2018
0	752
0	726
0	1295
0	155
7	691
0	4019
0	3819
0	3790
94	3817
6	3515
4	3754
0	3413
34	3173
7	173
10	119
0	129
5	378
0	3990
3	1196
3	812
45	326
1	1198
0	1187
7	0
0	0
1607	653
0	198
0	43
0	38
15	297
18	353
0	279
4	1237
4	1152
1	187
1	750
32	614
16	46
6	137
0	791
0	120
26	23
438	0
0	0
107	3401
346	3401
2	89
33	46
12	0
3	12
11	12
207	32
1	32
0	2
0	12
0	0
0	0
2	13
0	13
0	1
132	86
0	1
13	85
0	13
4	13
3	5
28	0
0	0
0	13
22	13
184	16123
724	16123
52	11344
0	978
3	924
6	931
0	1079
0	137
17	12
1	163
2	184
5	188
18	17
0	5
0	0
0	2
0	2
2	2500
0	2699
1	1917
39	1923
0	58
20	352
2	179
1	154
0	107
0	118
175	601
5	24
5	0
7	326
0	480
5	258
2	0
0	0
0	0
0	0
0	0
0	0
0	0
0	0
9	103
0	92
0	138
1	0
0	0
0	0
0	3986
14	4452
30	785
0	279
1	2094
3	1657
1	109
2	54
3	112
0	195
0	1216
0	758
21	1075
0	1109
0	1086
0	178
0	1
0	13
3	42
0	2
0	26
136	1405
301	1205
0	382
78	1396
2954	181
2	181
0	0
9	94
0	1
0	0
1	1
0	93
0	0
0	93
0	0
4	1240
6	192
2	466
10	705
9	1234
1	47
0	386
1	312
6	167
3	8
2	240
11	1320
19	471
57	429
4	34
1009	1686
0	298
0	1685
25	45
5	0
0	228
5	188
0	137
25	55
4	139
0	0
0	0
0	0
0	0
126	1908
0	1273
0	622
19	607
1	468
51	301
9	287
0	1
6	14
151	49
2	29
0	20
211	41
5	15
0	5
0	100
0	95
0	89
1	2
768	0
0	5
2	5
0	1129
0	1139
0	1007
0	1042
10	244
19	790
0	1062
0	1025
0	34
24	38
1	54
11	4
5	100
2	267
1	102
20	2
2	34
14	43
0	35
25	270
4	274
5034	2521
8	2274
7	201
33	80
0	6
0	5
5	80
0	0
0	2
0	1
5	7
2	4
0	4
130	1
70	255
0	232
8	253
0	132
0	2
0	1
0	63
33	693
7	689
17	693
0	10
520	1
16	118
80	293
29	141
12	106
0	0
0	2
0	2
0	2
0	0
0	1512
0	1659
0	1320
0	1201
5	199
101	1034
146	2
50	924
39	38
3	1
156	281
3	82
20	19
0	221
2	139
0	1718
0	1727
0	688
0	139
4	689
21	113
0	14
0	744
8	0
19	24
0	5
0	32
1	19
0	16
0	9
0	17
0	9
887	991
0	0
8	990
19	1
0	0
39	822
115	822
313	84
2	1
0	3
0	80
0	0
41	80
8	22
1301	119
16	0
1	16
602	0
246	0
0	0
1	48
62	32
2	48
1200	4
299	104
0	104
154	25
3	20
540	850
975	380
34	88
0	169
2	36
0	102
5	98
9	31
0	0
1	9
50	701
9	711
1	1
0	15
0	46
0	7
32	1981
6	204
0	394
6	876
1	990
0	685
32	162
4	320
0	0
1551	143
0	37
1	71
1	67
0	7
0	0
0	398
0	309
0	231
1	6
0	3
1	376
597	276
3	81
0	0
28	195
1	27
4809	30
80	1817
103	1817
0	1526
0	1759
1	113
1	0
20	180
0	0
2	0
242	674
3	0
3	499
0	0
2	608
0	6
0	30
4	7
120	1958
21	1686
0	843
10	118
6	6
72	25
0	17
0	0
2	8
9	2
0	2
22	374
0	367
1	332
0	0
0	15
14	23
497	331
25	439
1	145
10	158
3	4
0	4
1	0
0	0
2	1
39	24
13	13
0	12
0	31
2062	1285
8	1096
0	669
0	88
9	184
1	184
0	101
2	3
0	3
4	1233
539	1327
3	230
7	42
109	158
11	158
22	61
0	61
0	61
0	61
0	51
0	0
373	1917
1596	1951
5	1391
0	1393
1	1390
0	1417
0	1390
2	1389
0	1592
0	10725
5	3
29	107
0	7340
4	35
1	1545
1	92
0	66
0	10479
48	69
0	69
13	2
0	0
8	643
5	614
0	28
1	37
3	7
0	65
0	66
1	4
0	169
2	620
0	286
2	8
12	4
6	7
0	171
1	8
0	45
4	425
0	594
4	1
0	1
0	0
4	98
125	922
5	835
2	599
945	599
760	278
0	240
0	3
12	246
0	19
0	0
1	0
0	0
0	0
0	0
0	0
0	0
0	0
0	1
0	1
3232	2
54	354
44	662
5	1788
3	22
1	654
0	7
16	1470
7	46
0	523
9	1504
2	76
19	978
2	173
0	138
10	341
0	971
0	1
0	0
0	2
0	2
0	2
294	24
2	2
0	22
0	0
83	1551
0	1550
1	1522
0	45
0	148
0	85
0	73
1	43
0	1551
13149	1359
25	1348
0	0
1	1
4	1
0	0
0	0
0	0
0	0
0	0
0	0
0	5
1	5
0	1
0	2
0	2
2	3
6	22
0	22
0	0
1	142
1	262
0	1705
0	1645
13	1607
0	110
0	157
303	10018
0	6563
11	2291
16	95
11	4202
0	6550
19	1129
0	1497
468	108
2	108
0	0
12	54
0	13
0	8
0	1
3974	723
14	722
2	127
73	378
1117	1868
0	1340
0	25
8	49
2	214
2	23
0	0
0	0
0	0
0	0
0	0
16	5391
67	4699
142	2118
9	359
130	855
15	190
365	1164
2	5
0	1298
128	7
5	29
0	417
0	409
0	5579
3	580
0	93
12	1668
0	49
1	16
0	550
1	924
36	0
6	135
0	1656
459	1
3	13
52	166
0	1
0	0
0	2
3	4
2	153
504	1574
4	1462
0	209
31	96
0	91
0	42
1	129
0	115
0	121
0	117
0	3
0	9
0	0
0	0
0	1
0	6
0	0
2	225
13	137
0	294
0	381
1	3
93	4586
11	2277
10	4564
0	4870
0	2892
5	2599
0	645
46	806
7	649
0	349
0	141
16	6
0	7
2	154
1141	4
5	0
0	0
0	0
0	0
0	0
0	0
0	0
0	0
1	1
0	1
0	1
0	1
0	16
0	16
0	24
16	28
0	0
3219	2
839	2143
2	56
40	1978
0	2197
0	0
7	86
0	0
8	1016
0	0
0	1
0	0
0	1
0	1
0	0
0	1
0	1
0	1
0	0
1	0
1	1055
0	627
57	1054
0	49
0	647
1	33
0	145
29	131
0	2
0	1
0	0
0	15
1	0
242	12243
0	6475
35	21355
607	16505
54	1613
0	10
198	0
8	137
0	191
1	257
18	3041
362	4561
32	4395
205	38
35	122
21	1149
0	1439
68	1447
0	1258
26	80
2	300
0	6
0	8
0	0
1	141
4	8
0	16
5	52
0	13
1	824
0	121
9	738
1	736
8	0
0	3
0	23
0	824
8	11
2	324
0	1124
0	821
2	856
0	681
0	1034
0	1052
7	142
1	26
29	81
32	86
0	23
675	32
0	5
0	5
7	0
0	35
3	52
11	160
0	40
0	0
0	0
0	30
0	192
0	96
0	14
0	3
0	0
0	0
1	0
0	0
2	96
8	53
1256	509
0	0
9	455
5070	4
11	42
0	42
86	455
63	455
0	323
3	1
0	2
0	0
0	2
7	493
3	449
0	421
3	115
0	0
0	325
0	16
0	82
4	108
0	11
2	162
148	1682
479	1851
2	1397
1	141
0	163
0	26
1	17
31	2
0	3
0	1082
3	37
0	36
1	28
0	421
1	21
5	917
0	344
0	917
11	265
0	106
0	110
0	350
2	1300
5	0
4645	8171
41	5168
0	7079
49	1011
55	850
98	622
2790	1323
254	722
0	1103
1	266
0	0
791	260
26	162
3	179
0	31
19	169
0	164
0	153
9	147
3	108
88	283
0	272
3	154
82	11
4	1637
1349	1684
2	1178
0	1197
2	199
0	964
0	1693
2	822
0	788
0	1274
17	868
0	131
0	839
0	999
20	0
69	19
0	1251
1	59
0	53
44	12
0	262
0	308
0	97
402	808
1	344
0	147
0	26
0	247
2	155
5	246
0	85
146	442
0	442
0	87
3	0
22	8
2	2
0	0
1	275
1921	339
27	253
1	236
0	170
0	0
0	9
0	0
0	0
0	0
0	0
0	0
198	161
3	160
85	396
5	396
0	33
416	779
22	1752
0	1502
0	73
5	56
18	1
1426	219
0	217
0	96
0	0
36	0
0	0
0	0
0	0
0	0
0	0
0	0
14	3
0	0
0	0
2	0
1	3
0	0
6	2
25	12
0	10
158	617
0	581
8	88
1	29
15213	34768
24	7412
2	7704
10	19959
26	6124
4	18832
4	15716
35	14425
276	1270
1	1150
0	121
0	390
5	1035
1041	1570
4	1509
0	1221
5	290
162	1342
347	93
2	12
2	1
2	1
104	4735
46	1732
0	4635
24	44
320	3094
56	3
0	1151
10	2293
1413	1748
0	0
441	1740
20	619
6	1937
798	1778
0	43
39	1464
4	218
1	1009
0	258
0	176
0	944
2	76
2	76
10	21
19	52
0	27
27	776
0	692
6	154
17	262
4	238
8	209
5	174
0	185
0	23
0	29
8	4
0	2041
0	2001
1	1643
0	2815
2	2940
0	72
8	2110
3	157
42	2321
0	3102
0	2877
0	2980
1	1840
4	76
11	2042
1	11
0	41
0	3
0	10
0	48
0	48
4	648
0	61
7	26
0	50
3	451
7	66
1	22
0	2
1	613
0	73
0	611
0	17
0	6
0	100
0	586
13	16
0	252
0	141
0	7
14	41
0	647
0	478
601	87
14	85
2617	658
48	232
42	606
0	2
0	2
0	2
0	0
0	0
0	0
507	1
2	1
2	0
0	0
32	1156
13	991
1	985
0	936
382	1052
0	865
13	945
11	96
7	758
17	77
29	871
20	0
0	0
13	13
0	95
7	2
3	6
3	22
0	114
0	16
0	0
7	3
1	0
0	875
0	714
0	583
3	659
0	550
1	326
2	420
1	41
12	458
0	13
0	87
10	64
6	370
4	300
0	382
0	134
2	229
535	603
165	573
2	29
10	385
0	155
539	204
3	0
8	204
13	7376
43	2035
1	110
126	1024
1	72
28	80
198	7352
0	0
0	0
0	0
0	641
1092	1020
0	130
0	535
2	7
2	88
3	34
12	51
30	258
3758	1074
22	0
228	186
0	1180
0	10
35	4
0	4
3541	2066
11	2063
2	1
6	1
122	6118
0	7142
44	731
19	6101
62	112
183	1867
45	1462
10	558
1	71
0	71
0	202
8	8
4	36
1	205
144	1
0	0
0	0
0	1
1161	1
286	0
0	126
8	104
2	95
2	40
0	18
0	10
1	25
33	7
5	8
1	0
29	7153
494	7285
47	408
8	0
25	945
2	160
1085	803
6	220
0	171
52	351
6	2
2	24
12	174
1	14
0	8
0	0
0	54
1	0
116	611
91	629
0	46
6	47
0	76
3323	1216
386	1214
62	792
0	265
2341	1070
0	1018
0	431
2	459
0	496
37	185
0	0
0	56
0	33
0	42
1	32
1027	198
19	198
4	105
0	0
1	0
0	67
0	218
40	204
0	141
0	166
2	171
11	163
2	11
0	11
0	23
0	21
15	2
1	0
0	311
65	2479
0	52
8	604
74	42
98	819
0	2414
0	2488
1424	1
84	109
5	108
12	76
35	3573
2	3334
381	3335
7	2345
1	2250
12	170
16	2
4	336
15	251
301	112
2	9
0	2
1	92
4	1
44	58
52	58
0	0
15194	9983
166	9984
18	9926
31	599
2	3244
0	1417
0	17
0	17
0	3
0	2
2	5
0	3
2	0
0	0
1	0
46	631
28	1157
3	1155
0	25
15	13
0	12
0	6
0	1156
117	3
0	3
3	1
1	1
0	43
0	43
0	18
0	1
0	18
11	167
0	185
10	90
3	16
0	0
0	84
61	0
0	0
0	0
0	0
0	0
0	0
2	4
0	0
0	0
0	4
0	0
0	0
0	0
0	8
1067	85
22	81
0	3
0	1
0	3
60	440
3	414
0	59
10	114
0	120
17	1
6	84
1	21
0	33
5	38
2644	229
0	228
0	27
9	29
0	29
0	1
16	1
5	157
228	158
0	26
2	92
1	22
0	69
0	7
1094	58
9	58
0	2
353	0
218	6916
207	6757
1	197
2	510
2	452
4	98
13	121
0	0
0	121
2	1
2	0
0	0
23	0
2437	931
252	660
0	275
0	28
24	318
6	523
27	483
39	483
0	0
0	346
989	416
9	0
0	18
0	37
2	0
12	0
2	0
0	0
3	0
0	2
3	18
13	3093
22	0
1	0
7	384
0	3037
0	1485
0	330
0	14
0	395
2	62
2	78
1	338
0	134
0	173
0	130
0	1282
0	1171
0	394
32	1301
0	150
4	448
0	1118
0	103
0	156
0	74
0	65
0	1
0	215
6	25
2	11
0	191
1	184
0	131
1	107
0	137
5	136
0	45
2	5
0	66
190	516
3	386
0	130
472	896
1	628
4	278
174	4
3	0
207	186
0	555
3	123
297	557
234	612
8	596
14	42
0	40
21	199
10	0
0	40
0	36
8	16
0	0
0	2
8	0
0	0
6	650
2	601
1	132
1	151
3	114
0	35
76	1
0	149
33	40
3	60
3	59
0	56
0	1
5	9
254	0
0	0
1	543
9	1240
88	1074
0	202
4	99
0	472
1	261
1	473
9	162
12	29
0	0
0	0
3	75
91	379
1	321
0	25
20	7
1	2
310	4149
454	4037
33	4151
7	4151
6	2175
0	0
30	0
1429	882
25	223
4	785
48	586
4	580
0	148
0	2
0	537
1	0
0	423
394	1039
7	0
210	1105
5	102
4	925
0	3
1	477
10	172
0	106
0	110
0	454
2	420
0	69
2	49
0	32
3049	129
0	52
0	108
0	19
773	736
0	388
1	299
7	90
0	336
2	12
5	0
14	680
29	740
18	490
0	14
4	22
15	3
9	5
0	14
0	0
0	0
0	0
0	0
0	13
71	64
8	25
0	54
0	19
0	2952
8	2575
4	42
0	81
4	164
94	2606
19	2609
0	0
5	147
4	1716
0	4
7	178
0	1
5	10
44	1
40	15
163	83
0	242
0	23
0	710
0	0
0	2856
14	485
0	645
1	586
0	686
3	622
13	344
1	46
3	51
1221	2429
4	1943
0	2246
158	1202
0	592
0	4
0	0
0	0
1	4
0	0
0	3
0	0
2698	90
11	86
76	1581
0	495
87	488
0	1
0	318
0	330
0	391
0	208
0	244
3	350
0	75
0	42
0	75
0	0
1	80
0	68
0	3
0	3
0	329
0	268
25	20
0	3
0	8
1	7
0	16
0	5
0	5
0	2
0	0
0	0
0	0
10	426
0	144
0	35
3	380
3	24
0	6
0	184
0	39
0	18
11	11
0	10
0	1
0	1
0	1
0	0
0	0
62	1085
6	1085
3	930
0	51
0	15
0	34
8	24
4	0
1	28
0	232
0	1
0	711
31	4195
2	1899
0	957
55	3258
6	1037
0	1414
5	1242
0	0
0	9
3	644
0	4191
0	458
101	269
2	207
13	229
1	149
8	3
24	12
14	0
0	0
29	2121
42	1608
31	1357
5	173
3	193
235	353
0	2
31	0
113	123
18	2005
31	5616
5	26
3	726
0	474
0	899
7	378
0	5792
0	788
0	209
0	5891
139	88
0	88
9	3
0	0
0	0
0	0
0	0
0	0
1539	0
671	31
10	4
5	27
261	0
9	0
0	892
36	511
12	93
10	48
1	3
2	66
0	70
0	15
0	892
57	1336
433	1412
6	328
75	429
1	327
36	19
0	19
5	19
4864	3860
66	856
23	540
39	2999
0	92
1	623
0	143
0	626
60	627
8	162
1	446
44	731
1	110
4	2542
0	2548
0	662
3	2620
0	0
0	0
0	0
125	0
0	0
1606	440
18	439
152	47
21	55
17	55
0	0
0	0
1	1362
0	334
2	287
0	1362
0	10
0	12
0	12
2	8
5	2
1	0
0	0
0	0
0	0
0	1
2	5
1	5
838	720
1	540
0	632
0	112
6	78
752	4514
0	4242
0	1170
10	1353
0	1516
0	1558
0	1471
0	117
0	551
0	292
55	0
0	0
99	1734
0	6
17	1734
28	2
0	2
0	1
0	1
0	1
0	1
0	0
0	1
0	0
0	0
40	1180
8	653
0	1025
0	6
0	1146
11	611
327	659
3	616
200	3231
10	3643
12	3497
16	34
2	267
0	386
0	0
2	87
0	0
513	920
0	903
0	160
1	920
0	77
0	20
0	85
0	42
0	20
0	0
52	772
120	744
0	285
1598	1450
3	1438
2	11
186	9435
426	9435
2	49
105	35
0	54
1	78
0	24
1	21
0	21
0	2344
0	2929
0	4143
19	7956
1308	8574
19	618
3	2938
52	64
0	63
0	61
0	62
0	25
26	3
95	101
1	43
0	104
14	50
0	12332
35	11225
37	3056
1	1683
10	646
1	880
23	645
655	879
0	0
13	382
62	382
3	51
0	17
0	0
0	0
0	11
0	11
5	1
40	1
40163	40890
27	39571
0	3363
0	0
0	0
0	0
0	0
0	0
0	0
0	0
46	150
7	91
4	101
277	1396
3	1421
8	55
8	0
1	454
0	510
0	430
3	50
2	0
2	2
0	2
222	4723
0	3835
270	897
109	363
0	1
25	357
98	1
480	96
0	4
0	0
0	0
0	0
4	0
0	91
254	1110
0	77
0	944
0	26
1	68
0	11
6	11
0	5
0	11
3	0
0	0
0	0
0	0
281	0
0	265
1	265
2	19
0	18
0	5
1	25
0	33
0	22
0	23
0	3
0	4
0	28
0	278
0	267
0	8
6	9
0	9
0	0
0	0
0	0
197	2812
0	2774
9	245
4	2012
0	157
143	1072
106	1072
28	661
169	30
0	0
3	30
14	1434
9	208
126	1491
1578	2086
5	1464
0	424
0	40
30	589
0	25
1	0
11	0
56	48
738	106
0	49
0	30
11	3
11	54
429	187
0	185
0	135
8	81
85	154
5	3
1	2
2	10
0	50
0	25
1665	1678
13	1678
5	7
0	676
0	20
70	1138
13	995
0	792
103	0
0	0
6	348
431	350
0	41
6	22
0	2
6	431
12	2301
13	404
0	2069
6	2198
5	1812
0	0
5	178
6	1462
1	142
0	138
1	159
4	802
1	190
2	231
0	0
0	0
0	0
915	2042
0	2041
1	360
0	20
0	888
0	26
11	0
14	25
5	62
4	735
0	352
4	892
0	0
0	0
413	0
137	172
0	171
0	0
0	0
1	0
865	171
0	1
13	135
0	35
28	200
0	1003
15	227
22	750
0	835
32	17
0	1003
1	27
0	16
0	0
0	0
0	17
444	0
0	0
0	0
0	0
0	0
0	1
0	1
0	0
50	861
19	861
0	9
2	212
0	22
2	70
9	0
3	259
11	267
0	122
10	45
1920	3196
0	8
2	2971
0	216
30	360
33	86
1	239
2	153
0	0
6	0
0	2
0	2
0	0
36	0
98	0
0	0
0	0
0	0
11	24
0	113
52	198
104	126
0	89
13	4
56	2141
0	1914
0	0
3	223
8	125
0	70
1	112
0	49
0	538
24	143
3	102
1	58
0	9
0	325
0	1
0	1
0	1
0	0
0	0
103	2252
23	2151
2	2345
0	22
2	2310
0	122
0	119
3	1003
62	1056
0	1116
16	1108
13	861
2	24
0	103
0	0
0	0
0	0
0	0
2	1295
10324	1296
1438	942
1	1276
39	858
0	1426
0	1361
37	1294
0	857
0	1515
35	1048
3	22
320	690
13	593
8	339
59	204
7	157
10	10
114	11634
1	0
488	13926
11	11309
0	13059
4	577
0	0
0	179
0	1117
895	1116
0	0
0	0
0	0
276	59
0	0
0	6
2	19
0	41
0	0
0	59
0	0
0	0
0	0
0	0
0	0
0	389
18	480
13	532
6	348
5	554
1	172
1757	361
170	1260
255	816
50	1097
3	81
16	478
12	582
6	454
19	438
0	0
0	5
0	2
0	4
0	0
0	2
0	0
26	21
79	48
2	28
1	48
1	0
29	81
6	93
0	21
2	93
18	132
7	0
2	51
19	30
2050	0
0	3
2	6
0	0
1	200
3	17
76	150
9	297
0	5770
0	5653
0	5123
0	3
3	39
34	13
0	4021
0	4098
10	5666
17	538
1	3
0	5393
0	5782
51	4809
0	4886
0	4440
5	4861
26	2
0	4314
26	5172
697	881
264	850
32	730
10	2
18	11
106	0
135	1
109	485
9	188
5	97
0	260
23	9
35	4
10	4
1	0
0	94
0	68
0	105
704	808
0	807
1	401
72	2122
1629	2122
4	0
4	339
3	110
0	177
0	19
1	188
5	68
1505	454
0	258
0	41
1	0
0	0
0	0
0	0
20	267
64	633
7	136
0	96
25	321
0	10
0	1
5	24
0	2
0	636
45	461
20	384
8	16
0	93
657	202
0	201
728	297
0	297
0	0
0	0
0	0
0	0
14	3327
79	2961
2	3125
0	1481
57	1369
2	412
2	24
0	141
145	481
1	5
9	456
0	223
0	2
15	19
352	380
985	444
0	280
24	72
3	139
2	799
7	819
104	0
1	13
0	374
0	566
0	27
3	24
0	0
3	13
0	13
0	12
0	1
0	0
0	1
0	0
0	1
0	0
0	0
23	0
3	0
0	0
0	0
0	0
0	0
0	0
0	0
237	1369
23	1331
10	435
19	3
13	1
352	1
3	0
0	0
0	0
0	0
18	65
0	65
4	11
0	8
1	0
0	0
0	0
0	0
0	0
0	0
0	0
273	92
6	92
0	544
61	564
7	201
14	26
192	529
0	317
27	521
0	209
13	1
48	158
0	205
1	3323
510	3481
0	2073
0	54
9	40
0	3481
60	0
0	22
0	22
0	22
0	15
43	731
0	366
29	594
11	374
19	91
5	0
6	20
74	72
3	13
0	49
0	24
0	24
130	557
29	575
6	26
0	0
19	217
2	2
0	181
1678	6418
0	1501
0	5314
200	5260
0	89
25	1247
0	52
185	404
17	404
1	2
15	3
3	8
0	0
0	3
0	3
6397	13224
25	12995
0	13104
0	12653
0	12585
4	688
5	11859
0	1118
1	403
1	823
0	1170
196	1167
0	234
2	56
1	335
0	169
22	6
1611	0
76	45
1	45
9	112
0	371
0	19
0	0
3	28
0	259
0	230
13	214
0	25
2	25
0	0
0	0
0	1
0	3
0	0
0	0
0	1
10	20
4	22
0	22
0	0
0	0
0	0
0	0
0	0
0	0
20	9
1	2
0	7
0	0
146	645
0	477
0	17
3	32
10	0
17	211
4	0
324	435
10	338
13	16
3	82
1	2054
287	4445
2	4
0	159
26	4156
56	207
0	0
0	0
0	0
0	10
0	9
0	6
0	0
0	0
2	0
0	0
0	0
0	2386
71	3805
234	3805
95	306
63	434
10	50
3	22
0	0
0	851
70	3923
74	2955
51	3054
0	1657
6	1708
19	1407
0	1574
39	1
0	25
22	28
0	24
3	22
0	25
192	7
0	0
0	0
50	1574
14696	2345
0	173
4	764
413	34
2	6
0	28
3	0
0	0
858	2651
1	1297
8	112
0	1213
0	11
0	640
0	26
0	0
0	1064
0	2616
123	162
0	85
6	161
0	57
0	0
0	3
0	3
0	0
0	3
0	0
124	267
17	219
0	15
0	4
0	28
0	27
0	5
0	1
22	1202
9	1107
0	1072
2	1112
0	347
0	775
0	150
85	818
19	43
0	100
3	0
0	20
1	133
0	104
8	103
0	21
5	5
11	0
0	954
27	761
0	838
16	834
0	157
39	375
0	242
0	472
2	340
0	30
0	0
5	29
1	0
0	954
6	430
0	216
10	454
3	0
4	114
10	4
0	479
31	16
0	0
1	1
0	0
0	5
0	0
0	10
0	6
2	6
0	0
0	0
0	0
20	7232
0	166
21	6378
94	4917
9	973
17	2065
3	1
0	0
708	30
0	7
0	23
248	117
0	82
1	62
2	36
0	4
0	0
0	0
1699	1456
7	527
6	353
0	76
0	107
8	224
0	302
0	700
1	84
110	5
1	5
0	0
0	52
17	54
0	28
2	3
0	260
1	120
1	6
0	37
0	0
0	50
0	104
0	0
0	0
0	0
0	0
5	119
0	144
0	0
6	154
2577	270
103	125
19	144
0	3
0	3
0	0
0	0
402	198
11	197
19	25
6	24
22	498
26	483
157	13
1	4
12	12
0	478
0	97
39	18
0	8
15	343
1	491
97	57
0	55
0	18
0	14
0	0
2	911
242	987
7	377
0	3
482	0
1	207
31	592
380	1069
4	836
5	715
0	0
0	0
0	0
0	0
1	12
256	50
2	0
0	1
1	1
0	1
0	1
0	0
0	7
1	8
0	51
0	9
4	53
0	0
0	0
0	0
0	0
0	0
0	0
0	0
0	2
0	6
0	0
0	4
0	1
0	2
0	0
0	4
0	0
0	4
0	1062
3	126
3	997
14	995
0	1051
1	56
2	7
1	88
7	182
3	90
3	45
0	126
4	355
8	334
27	331
0	1
0	0
0	10
0	4
1	63
0	11
0	7
178	1834
323	2367
126	2513
173	2356
74	12
0	116
141	135
0	46
0	87
2	0
0	11
0	0
0	0
0	0
337	508
0	485
2	334
0	3
0	3
0	396
162	722
15	151
7	197
0	21
0	21
0	43
9	24
0	23
0	24
0	183
0	0
16	31
4	142
0	0
0	0
0	43
12	78
1	561
48	580
1	398
11	243
2	5
301	136
3	0
373	1336
6	1460
17	326
12	744
1	2
0	191
3	132
0	0
599	111
11	111
0	6
0	3
0	3
0	2156
2831	1200
0	702
0	497
1	16
0	19
3	62
2	5
0	32
1	16
1	27
0	24
0	0
0	0
0	0
0	0
3	0
2	851
1	600
0	855
3	161
0	575
11	120
0	120
8	3351
267	3557
25	669
8	591
0	0
0	0
9	0
0	0
0	0
0	0
0	49
0	45
0	81
11	60
1	42
9	60
0	21
0	22
5	23
0	0
0	0
0	0
56	47
0	11
9	4
8	9
6	22
0	0
0	0
0	0
1	0
1526	99
1	69
0	30
26	10
19	27
7	157
0	495
15	148
0	142
5	87
4	447
3	163
0	445
13	504
4	2
0	0
0	0
0	2
0	0
0	0
4	0
0	0
0	0
0	0
0	0
0	0
0	0
0	35
0	1
0	10
13	138
0	86
1	28
0	24
0	0
8	117
2	7
0	27
0	3
0	3
0	1
0	19
0	2
0	14
0	1
0	1
0	0
0	0
0	0
0	0
0	0
0	0
0	0
0	0
0	0
0	0
0	0
0	0
16065	4966
4	2452
5	2012
0	3
0	131
0	617
19	36
7	1
0	1714
3	802
29	123
4	218
20	191
12	129
0	48
4989	1770
0	14
0	327
0	1428
27	16
0	14
0	6
594	2132
0	2132
3	721
2	152
0	218
1	45
10	195
25	55
0	0
0	0
0	2053
77	375
37	691
25	678
735	240
0	158
0	129
48	190
10	45
0	0
0	0
0	0
1110	892
160	891
682	1
495	125
23	131
0	6
0	5
0	2
0	0
0	0
0	2
0	139
0	79
904	279
2	278
2204	2
718	2
0	0
559	1165
32	213
0	166
4	307
0	13
0	601
0	2
0	872
0	1
0	0
0	0
0	0
0	0
0	0
0	0
0	0
0	0
0	0
0	0
0	0
16	136
0	82
0	824
0	807
0	62
0	67
2	16
0	0
1	812
88	12
2302	771
94	770
2	95
520	1821
22	1984
0	512
0	621
5	2
7	7
0	4
0	3
0	4
0	2
0	2
117	133
467	5139
60	5024
413	891
0	339
7	268
20	392
9	0
2	726
0	73
7	20
2	736
0	4
3	146
0	4
0	141
2707	158
3	82
2	29
25	8
2	5
4	33
0	50
0	0
0	0
0	10
1	10
0	10
0	0
0	0
0	0
0	0
13	9
0	9
25	3634
27	3521
3	656
0	148
0	0
0	0
0	0
0	0
0	0
0	0
32	14
2	1
1	4
0	10
3	54
0	32
0	47
0	6
1	0
0	0
0	9
8	1174
353	1174
0	92
0	93
0	0
0	0
0	0
0	0
18	287
40	309
0	310
0	13
415	1
176	246
24	35
0	211
7	3358
0	3052
7	3362
3	1330
41	3359
589	3048
1	3045
22	0
12864	1640
1	231
3	288
1	14
6	65
0	1345
0	427
1	4
0	427
1708	1822
0	1506
4	1653
6	1
78	475
5	19
51	446
0	50
10	17
0	0
1	31
0	27
5	2
0	7
0	13
0	0
0	0
35	259
57	47
16	28
7	1078
0	1929
102	1896
10	37
0	65
3	174
78	103
34	83
3	79
8	246
10	19
0	0
0	0
0	0
93	3729
21	3724
208	3252
62	2955
98	3877
295	683
113	593
0	0
91	1
4	329
0	591
8	6
33	0
0	0
1	0
322	71
0	19
0	6
0	1
7	29
0	24
0	0
0	0
0	0
325	0
235	381
0	0
0	381
3	51
32	137
10	114
0	114
5	0
10	14
6	12
35	31
0	31
0	0
0	0
0	0
0	0
0	0
90	2116
16	12
3	164
0	0
25	412
0	1314
0	0
0	0
0	0
8	265
2	0
12	77
5	0
8	252
0	45
12	97
0	0
0	0
0	0
86	0
0	0
0	0
0	0
0	0
74	0
0	6671
0	7157
10	7286
0	6678
29	7556
0	7068
26	6344
4	102
16	6451
4	101
0	153
59	953
5	9
0	37
4	84
0	996
0	659
0	640
0	620
11	11
0	0
2	12
1847	175
10	2
10	175
0	0
210	184
0	103
34	91
15	2784
2	426
0	727
0	462
0	957
1	17
0	2707
839	1904
0	28
1	436
2	18
9	101
25	436
1	146
3	886
0	3
3	2
7	706
6	77
3	190
0	97
1	104
0	706
0	7
0	0
0	0
0	0
3031	661
2	395
0	339
0	700
20	3359
313	209
4	148
0	73
0	3
33	0
242	965
1	1610
25	1572
3	2339
6	2364
0	1418
0	752
145	863
0	2655
0	272
0	268
0	272
5	100
0	26
1	28
858	697
25	41
0	1
1	135
6	40
7	253
0	470
9	7
42	445
0	440
0	8
0	10
0	0
0	23
0	8
7	29
0	42
6155	7091
0	1574
1	6121
1	517
0	181
0	0
0	0
10	0
635	483
0	483
33	163
12	167
15	146
0	0
0	0
0	0
0	0
0	0
0	0
0	0
0	0
0	0
402	0
6	0
0	0
0	0
0	0
0	0
0	3
0	3
0	1
0	0
0	0
6	10
0	6
0	4
0	3
216	929
7	299
6	0
3	130
20	299
16	1
2	0
0	0
0	0
0	0
0	0
0	0
0	0
32	545
6	543
0	191
0	433
0	123
0	433
18	0
0	0
0	0
0	5
0	5
0	3
0	5
0	6
0	5
0	6
0	0
2	12
14	12
44	32
7	32
0	10
0	194
10	251
13	158
119	217
0	30
0	18
5	45
0	10
4	45
37	101
9	31
6	2
26	27
1	25
3195	1
2	0
3243	0
0	421
8	262
648	480
1	480
0	407
0	0
0	0
0	7
0	25
0	25
0	16
0	6
0	8
0	0
0	0
0	0
2853	2
457	275
6	99
22	145
13	137
9	0
0	0
0	1
0	0
0	1
0	0
0	0
0	0
0	0
0	0
0	0
8	341
0	189
0	184
0	180
2	265
1	301
10	0
0	106
0	83
5	73
0	62
0	63
3	51
0	63
0	56
0	4
0	4
0	4
0	4
0	4
0	4
0	5
0	5
1	5
0	5
56	2
11	109
0	96
0	33
2	10
6	141
0	141
1	0
1	0
0	0
0	2
0	92
0	0
0	3
2537	1855
46	1806
3	430
5	288
3	1025
55	1618
0	1702
77	1620
0	136
76	0
1	103
6	166
25	0
3	96
0	2478
0	1986
0	852
2781	1160
1	0
0	742
686	1799
0	1579
1	17
5	169
0	151
157	1060
7	714
0	992
3	37
0	107
1	97
1	75
7435	368
0	0
0	0
0	0
0	0
0	0
15	272
16	13
9	224
6	205
0	47
0	114
0	70
0	73
3	9
2	2395
4125	2582
0	357
25	2079
0	1239
0	0
368	941
5	466
15	194
17	104
0	48
192	228
1	142
3	367
0	0
0	1
0	1
0	1
0	0
0	718
0	742
8	793
17	272
0	650
0	682
0	745
0	719
0	666
82	772
8	331
0	58
11	120
1	385
0	428
0	369
0	208
0	19
0	0
0	22
0	31
0	28
0	31
0	24
2	0
3	0
0	0
0	0
0	1
1	902
504	555
0	36
5	555
0	98
122	60
8	16
0	5
0	10
543	5856
2	4846
7	25
14	1208
20	664
6	475
2	5905
0	0
0	0
0	0
0	0
177	0
13	0
0	0
1102	756
0	0
14	102
32	648
0	134
8	563
5	7
0	7
15	530
0	7
3	0
1	434
6	179
590	5918
38	5740
514	0
19	233
1800	233
0	28
0	295
16	38
0	73
0	337
23	137
0	330
0	0
1	5
8	203
0	297
0	334
0	343
519	1570
3	58
9	78
20	1569
3	215
1	0
214	413
0	84
0	49
10	1271
0	21
32	632
108	1374
64	152
13	289
19	45
2	0
0	0
0	0
0	10
8	292
55	113
10	43
0	94
4	79
89	329
0	51
22	115
0	119
0	84
580	279
0	28
0	0
0	0
0	0
0	0
0	0
0	0
0	0
0	0
0	0
0	3178
368	2181
152	6162
2	1212
0	4055
1	2565
0	0
6	534
89	3784
37	6224
142	0
0	1
0	1
0	1
77	989
38	817
8	3
0	824
2	170
1	55
0	10
8	950
19	950
29	125
0	15
0	11
0	15
2	1
0	95
0	0
0	5
0	1
3	5
3	35
12	35
5	0
0	0
0	0
131	1385
41	812
46	658
5	148
0	23
0	3
0	15
1	82
7	62
4	182
22	102
1	4
8	0
2	1099
14	588
0	292
3	319
1	69
4	122
0	43
0	9
2	99
0	56
6	21
2	12
0	24
0	1096
61	8
0	0
0	8
0	11
0	5
0	1
0	4
0	1
0	2
0	3
0	3
0	4
0	0
14	8
0	0
0	8
178	31
11	30
8	1725
10	1721
0	1671
7	1680
12	1668
46	1687
1	1
0	21
14	189
15	23
1237	176
10	176
0	0
8	34
0	0
0	0
0	0
126	4
0	4
0	42
3	47
0	37
1	3
2	4
0	3
0	1
1	1
4	2435
0	120
0	87
0	16
60	2284
0	714
6	1607
0	211
0	24
2	42
11	24
0	595
8	40
0	156
142	3556
240	3263
195	3164
50	111
0	330
12	420
5	118
1	66
1	75
0	23
0	4
364	14
4	9
2990	4
68	2683
127	2683
1480	222
0	143
4	209
1	7
0	1934
0	1621
0	1642
60	1613
0	1422
3	999
14	1007
0	1315
7	287
0	1097
0	856
4	635
0	809
118	685
0	527
0	490
0	192
0	89
12	381
0	343
2	25
0	1990
138	880
0	0
684	3596
0	3067
26	2984
20	351
7	106
2	30
27	11
27	158
0	7
0	43
0	0
0	47
1	0
0	153
0	145
0	34
0	25
417	1624
0	1614
100	503
34	148
5	115
33	2
2	197
199	140
8	112
0	27
1	0
1753	297
0	278
0	155
2	0
0	3
1	22
0	22
0	22
0	0
140	237
26	273
45	247
21	140
8	53
0	90
3	86
0	0
5	14
5	9
2	1204
2	16
0	54
0	409
3	1106
1	1013
2	910
38	139
0	137
0	14
6	53
0	99
0	1085
0	6
0	18
0	13
3	2
0	4
0	1
0	18
0	17
49	7302
4	421
11	6787
0	7362
27	298
99	59
3	556
9	268
0	7263
1	18
0	530
0	530
0	18
0	28
0	530
0	28
13	530
202	604
2	87
0	344
2	62
0	36
0	0
0	0
0	0
0	10
0	9
0	0
0	10
0	9
212	249
556	253
0	0
27	109
34	109
6	0
1	16
0	746
2	15
0	202
3	152
2	276
5	50
0	4
1	2
3	46
0	746
0	0
0	100
21	135
34	88
9	32
1	21
0	0
4	33
0	49
66	67
1973	69
4	3
701	485
4	377
0	196
0	61
0	144
57	2922
2	119
1	15
1	785
1	2541
2	320
0	1034
1	3
4	310
9	1
2	50
3	259
43	5
0	685
583	93
0	22
0	23
1	35
2	0
3	25
11	2562
0	2661
0	35
14	746
3	0
1002	578
1	507
0	564
20	75
1	0
1	37
2	133
6	3
0	189
0	180
0	139
0	160
0	160
1	102
4	18
2	17
0	11
0	189
20	0
24	888
0	2070
320	961
1	301
10	261
34	365
264	324
19	1868
5	219
5	378
0	107
3	194
21	4
0	1
0	3
7	2306
0	2440
7	126
0	6
51	91
101	895
5	635
90	623
57	584
0	416
0	153
0	0
32	0
2	0
0	1052
19	1150
0	280
0	31
0	74
0	1095
1	0
9	120
0	81
2	120
4613	6
3	0
1378	165
2	61
1	8
0	0
9	8
6	94
0	0
0	0
0	0
14	3730
1	4
2	3560
26	1938
3	1893
2	3466
11	3279
0	12
0	4
14	339
1	48
9	547
0	0
0	0
1151	1180
0	1224
4	434
0	1188
2	1130
0	1141
4	487
0	0
4	0
0	4
142	4
0	0
0	0
0	0
3306	3
0	2
1	2
0	2
0	0
0	2
0	2
1816	675
0	0
2	63
0	115
1	581
8	77
3	8
3276	2623
0	2623
45	3857
127	3937
0	171
4	160
11	5
3	10
0	354
56	84
0	2
4	21
2	92
4	11
250	2277
20	2184
0	321
36	1
70	433
10	358
0	97
35	66
50	2585
0	42
144	2374
11	838
0	960
1	2379
0	2581
0	2620
0	14139
17	11092
13	1006
1146	12871
10	13924
17	12961
276	13913
61	625
23	862
279	71
1	12
8	59
1	0
448	901
0	405
8	719
255	909
10	782
1	78
5	257
0	49
17	0
7	48
2197	3921
13	3945
283	561
14	3098
0	0
0	0
1	0
0	0
66	0
0	0
2	1
23	0
0	19
0	139
12	37
0	33
70	922
1	144
47	918
2	18
2	32
0	39
0	18
0	16
0	8
0	22
0	7
0	0
144	164
0	70
0	0
0	0
0	0
0	0
173	1
0	0
64	0
0	2028
0	1513
0	1378
0	208
0	0
0	0
0	0
177	12028
2	1512
2	11536
51	3191
2	517
300	11251
1	11137
2	440
0	10173
0	1340
0	8429
12	10016
51	700
0	6597
155	9
3	40
24	414
0	11207
0	1
0	0
0	0
0	1
37	2398
34	1555
23	400
3	127
20	15
651	2430
0	0
0	0
0	7
326	4403
1	707
3	4266
2956	0
0	5
7	5
0	2
10	199
0	89
20	171
0	167
0	110
0	138
0	117
7	0
1	129
0	0
0	0
0	0
0	0
1195	175
1	70
0	102
47	1413
0	1100
0	1034
0	1039
0	30
4	956
6	851
0	1183
0	29
23	1003
1	33
0	10
0	33
0	141
0	668
0	7
0	0
1	603
0	76
0	7
0	0
0	0
0	0
0	0
8	928
168	1415
11	1035
4	698
3	4
0	6
2	125
45	334
0	131
7	253
0	211
5	0
1050	683
1	579
4	594
1	75
0	521
41	38
169	16
0	4
2	88
1	3500
4687	3927
0	3230
9	2951
0	1346
40	6339
580	6380
3	0
0	4
2	4
0	4
0	0
0	0
0	0
59	248
8	69
3	11
1	0
12	8
1	60
3	176
25	49
1735	2257
19	1028
0	1747
0	2074
8	367
3	6
0	1943
2146	264
0	3
2	0
0	263
0	3
0	0
0	0
0	2
0	0
0	0
0	0
0	0
0	0
1	3
0	3
0	0
18	0
855	1149
40	1176
0	448
7	66
0	32
0	206
13	2
0	283
0	27
4	27
33	571
5	675
11	473
3725	21
1	19
704	3
0	0
377	93
1	54
3	11
6	57
0	4
3	3
2	742
1	1477
3	96
1507	1644
15	59
0	50
5	25
0	5
2	40
1	852
37	48
0	36
0	13
0	4
0	0
0	0
710	406
447	406
0	0
1	0
1	6
3	1
0	6
1	0
0	0
0	0
0	0
80	1347
12	90
0	160
71	1297
49	65
1	42
4	33
2	6
0	27
1505	3779
11	3205
177	3456
6	4
12	0
6	361
23	360
1	65
1	906
0	510
0	932
5	3876
0	0
2	2
23	3953
0	1017
2	375
11	348
0	7
108	405
0	373
14	5
3293	1672
33	142
4	4
12	141
47	396
3	395
6	17
2	17
0	2
505	56
23	56
0	0
0	0
0	0
0	0
0	0
0	0
0	0
7	458
3	426
0	342
1	15
69	472
0	47
16	459
24	1450
10	1450
157	1354
0	0
0	0
901	684
3	690
0	89
0	9
19	221
5	3
47	20
2220	2
0	0
265	0
0	2
0	2
0	0
0	0
0	0
21	1330
44	1347
1	102
2	48
19	70
2	116
42	663
15	2646
0	2684
36	2017
23	56
6	520
2	278
61	76
5	397
0	381
1	122
3	151
2	2524
0	853
3	167
1	16
7	10
3	2
1308	854
561	37
93	78
2	38
11	6
250	2040
0	659
8	68
2	68
0	252
1	193
0	7
0	30
17	2
0	274
0	1287
0	313
0	3
0	3
0	3
15336	27072
8	27067
1309	26905
16	227
1647	430
0	172
75	86
0	0
0	0
54	99
6	77
0	1
0	22
0	30
42	1338
0	1395
0	1442
1	1378
46	41
0	26
38	568
0	101
1	41
10	8
5	8
0	0
0	0
3	222
0	0
0	0
0	80
0	1
0	14
2	4
0	222
1165	259
0	100
1	113
12	11
4	151
0	42
0	54
6	151
3	52
6	41
1	61
0	31
12	30
0	58
1	17
576	0
0	659
0	648
12	626
4	301
0	404
10	78
0	19
4	36
9	325
0	169
2	0
0	7
0	44
284	47
5406	394
1	18
5	268
7	294
268	89
4	135
22	221
2	199
9	3
30	129
44	26
0	102
1	3
0	98
0	38
0	160
0	208
5	1
0	68
0	67
0	51
0	6
1	22
0	62
5	1
742	15
0	13
427	129
2	129
9	0
0	0
0	0
232	852
0	816
0	2
0	48
1	38
28	1491
0	1684
101	1695
2	1523
0	163
4	228
10	361
0	472
0	14
0	0
24	543
41	542
6	31
2	1
1	89
3	81
0	3
4	8
0	8
1	8
0	8
0	2
1	1
0	1
0	0
0	0
0	0
1188	413
0	235
0	167
3	5
0	11
0	0
0	0
2	2
0	2
0	2
3	0
0	0
0	0
2	2383
90	3079
0	3272
17	3076
115	5
88	205
14	129
20	905
44	607
0	0
171	0
0	0
0	18
2	16
5	4
0	37
19	15
0	15
0	0
0	0
0	0
4640	1653
0	144
7	286
12	757
0	792
1	0
0	9
6	0
2	196
2	409
0	396
0	154
2	172
0	15
0	10
0	279
0	0
0	0
4	0
6	83
878	182
8	136
0	165
3	151
0	73
0	12
3	0
0	0
0	0
0	0
0	0
0	3
0	1
1	4
0	1
12	201
0	99
6	133
1256	134
980	2052
16	547
11	1548
23	45
0	21
2	935
1	1901
251	1901
16	374
1	0
0	0
0	0
0	0
0	0
0	0
0	0
2	63
1	78
0	47
0	15
10	29
0	29
1	0
0	0
60	442
0	14
0	13
2	18
42	9
0	49
1	26
8	391
27	54
0	3320
44	933
11	3637
32	3635
3	34
0	99
0	15
0	15
0	15
5	435
0	294
361	1135
6	273
11	27
1	198
2	124
1	76
81	87
0	7
34	160
3	386
11	4
640	1712
0	21
0	0
0	5
0	144
8	98
13	22
4	0
733	167
29	1756
30	1749
5	9
0	2
0	2
0	208
2	70
1	209
0	95
40	113
10	58
3	4
9	151
0	131
207	354
12	671
93	822
0	1199
26	155
0	20
0	29
4	29
9	2
2	2
4	855
0	1305
39	78
0	0
0	94
2	75
0	811
144	725
0	953
751	2
96	2
2120	263
0	0
0	0
0	0
0	0
0	0
0	0
36	1914
18	1759
22	0
189	1806
22	82
0	94
0	851
0	2076
1	2004
0	0
0	0
37	144
17	40
1	572
1113	572
5	0
42	327
45	327
5	1709
0	1733
0	116
4	420
71	464
2	1605
0	108
132	2017
163	2258
0	2350
0	1297
0	26
0	184
1	22
0	0
61	2
0	2
0	166
102	166
0	0
1	0
307	863
8	861
1	1
0	0
0	56
2	67
2	114
3	2
1	948
0	83
0	117
0	10
3	989
0	790
94	1000
3	2
0	0
0	1
0	1
4	3928
33	202
2	2092
9	0
14	32
0	9
27	115
27	65
56	600
4	3690
49	387
0	656
0	820
0	545
4	26
886	1
0	4
2	19
9	56
1	41
3	20
2	8
54	80
6	49
0	25
0	6
0	24
0	0
0	0
0	0
1	0
0	0
25	0
0	0
0	0
314	276
273	276
0	4
0	4
0	4
0	4
0	19
0	19
0	4
0	4
130	23
0	1
0	0
0	1
20	221
2244	1689
0	1010
1	1587
0	45
3	44
7	0
955	15
2	15
108	3525
58	3491
5	215
0	6
27	240
860	1
20	10
3	10
0	1
2	0
0	0
3	3820
1414	6571
0	1166
11	5780
11	5131
0	41
1	214
70	406
0	491
20	497
14	529
0	90
10	89
0	0
0	3
0	1
5	1
10	0
0	0
0	0
0	0
0	0
2163	2
0	744
0	812
33	738
3	71
0	165
0	96
1	0
0	56
4	7
0	0
0	0
0	0
0	0
0	6
10	6
0	2876
0	2707
2	2291
3	653
3	259
0	259
4	2107
74	152
0	287
78	1450
0	302
20	1
0	0
0	0
0	0
0	2
2	2
22	4
0	3
0	2
0	1
0	1
5413	171
0	161
2	6
645	36
4	35
41	2633
0	2517
4	318
0	763
149	1904
4	428
1	232
0	76
0	322
0	8
0	245
6	1086
0	57
0	176
1	271
0	748
2	3
0	7
1	176
4	0
13	1841
7	1492
239	1649
7	685
35	161
0	566
0	450
0	44
0	1631
409	149
1388	314
8	134
0	188
37	0
0	7
0	11
0	5
0	4
0	0
0	0
0	0
0	0
11	1070
0	1607
116	1646
2	246
0	105
0	587
2	42
39	22
20	118
0	31
489	32
0	32
0	0
16	1128
4	1164
5	1034
0	191
0	0
0	292
0	32
0	354
0	16
1	345
0	62
0	155
0	32
0	203
1	101
178	503
4	79
0	69
0	71
0	0
318	804
50	295
0	5
0	506
23	85
1	634
107	540
0	275
12	15
13	110
0	199
0	8
12	104
5048	1282
3	1040
6	923
4	243
2	105
10	60
1	15
0	0
6	0
50	71
0	70
0	20
0	2
0	14
0	0
1	65
0	1
0	8
0	1
0	7
0	2
0	19
0	2345
6	2377
3	2365
0	2465
59	1236
0	1684
0	1363
9	110
7	116
185	429
0	125
0	19
11	121
2	1
2	34
9	10
1	0
1	0
17	176
0	160
1	0
16	149
5	111
12	117
18	29
0	0
0	0
19	605
82	596
6	439
4	18
2	7
0	6
76	221
0	214
14	93
22	34
0	27
0	76
2	18
10	78
0	0
1	19
1	21
0	92
0	1546
58	1903
25	428
21	877
2	11
1	700
37	729
27	156
21	51
5	35
21	2
13	37
13	8
9	149
81	149
0	47
0	0
2775	133
11	132
0	0
12	3199
75	2788
28	2386
27	2493
47	2815
0	11
6	316
0	2579
0	2
0	0
1	2
1838	379
98	379
3	6
0	1
0	10
0	10
0	7
0	0
0	0
0	0
0	40
1	48
0	33
0	52
1	17
0	0
645	849
17	848
0	128
0	0
3	0
9	2427
0	4031
4	591
0	2412
3	2016
19	988
1	358
1	8
0	3989
0	4008
13	3952
0	0
0	0
0	0
0	0
0	0
1	21
0	0
0	4
0	20
0	4
4	1333
14	107
0	1004
0	82
0	246
2	331
0	103
148	302
15	22
3	228
0	5
1	0
3	77
2	72
0	101
0	94
0	106
1	31
0	45
3	2
0	108
27	0
172	3
1	3
0	0
0	0
847	475
0	465
3	2
0	2
8	28
0	386
0	366
0	4
0	0
0	0
0	0
0	0
4	31
1	31
2	0
0	8
746	0
4822	122
4	121
0	0
0	0
0	0
0	385
18	818
0	818
0	5
2	87
5	73
3	0
3	54
0	54
2	34
0	4
1	0
1	54
1	0
4	0
3	0
15	296
10	296
0	80
6	123
101	4398
328	4398
0	3851
0	3739
1	4011
22	3802
0	4281
10	309
0	1013
0	0
10	370
1	51
0	1177
12	619
217	2203
44	1135
3	549
14	666
6	302
40	302
0	44
0	25
0	5
697	1219
0	980
0	148
1	134
0	6
11	72
6	260
0	3
0	9
1	11
0	9
0	4
0	5
0	9
0	9
0	9
0	9
0	9
0	9
0	9
0	11
0	4
0	0
239	75
0	75
0	346
0	347
60	347
3	42
1	42
0	0
1	0
0	3
1	3
19	3
139	36
0	30
0	6
5925	1
4	10
0	6
0	7
283	35
0	17
1	1
3	8
5	8
590	377
1	1
8	377
0	9
0	2
0	1
0	8
4	10
0	10
0	0
1	170
0	0
3	553
0	545
0	553
1	211
0	0
4	1
0	0
3	1
1	0
1	226
45	146
0	616
0	35
4	20
0	40
0	189
0	95
1	35
0	553
3	86
1	86
1	2
0	0
15	2
1	35
0	0
4	28
124	40
2601	381
99	380
16	1
0	15
56	15
2	0
326	312
3	312
0	636
0	552
0	298
7	73
0	73
2	70
9	77
0	667
11	1368
1	1303
2	812
0	629
0	492
18	382
0	30
0	18
0	71
0	0
0	0
2	0
0	0
0	31
52	1254
1	85
81	221
2	56
5	220
5	0
0	16
2	0
0	25
112	0
1	13
5	10
19	31
0	4
0	21
0	0
0	10
0	7
0	4
0	0
0	0
13	0
1508	612
16	628
0	0
43	195
48	449
1	74
320	64
21	64
0	2
0	2
0	2
0	0
0	2
231	1135
24	1135
2	3
5	3
0	8
0	8
0	3
0	0
0	0
0	0
1085	1557
4	958
3	0
0	597
0	0
27	5
8	258
6	3
0	324
0	5
3	0
0	15
3	157
1	0
2	63
1	53
0	53
2	73
0	48
3	81
1	12
0	6
0	0
0	11
0	0
0	0
0	417
2	66
0	218
0	157
0	17
0	34
1	24
1	188
17	419
0	20
0	69
16	407
115	453
14	198
1	11
0	69
5	53
14	428
0	11
2	21
7	67
0	414
1	0
790	49
0	0
0	0
0	0
0	0
0	0
0	0
2405	1
0	0
0	1
0	1
0	1
0	1
0	1
0	0
839	324
59	101
3	224
13	0
0	82
0	0
0	0
0	0
0	0
0	0
365	1614
0	1614
26	54
0	243
0	219
41	42
25	6
3	1
0	4
0	0
0	2
0	4
0	4
0	0
0	0
0	0
4	8
13	247
0	248
1	145
0	207
0	161
13	0
5	5
0	7
28	109
5	7
947	1783
23	116
0	446
72	1340
1	4
2	369
0	143
1	248
124	563
0	212
8	539
2	32
7	3
0	0
1	4
89	125
0	2
6	122
0	12
1	6
3	0
2	16
481	105
1	84
0	28
1	20
2321	33
4	32
50	1469
0	5
7	191
64	1161
10	1307
0	256
0	457
2	227
0	145
1	48
1	9
0	11
0	46
0	225
1179	42358
18	11672
1	30763
0	38131
5580	41900
0	38045
0	40388
1	5539
0	1299
0	21224
2	716
490	276
2	134
1	13
0	22
0	11
0	28
0	3
0	0
0	240
94	0
147	65
2154	1285
8	47
4	692
0	1488
19	0
110	744
2	145
0	51
3	747
24	3319
136	3320
7	312
2	32
12	0
2	118
3	0
4	0
93	1729
0	682
4	1725
6077	2669
22	2469
3	91
3	294
14	1
7	12
0	215
0	378
5	429
328	662
83	853
74	816
0	379
3	90
0	200
0	2
294	654
0	619
8	481
0	47
0	51
1	31
0	31
0	0
0	0
0	9
0	9
0	9
0	9
0	5
0	0
649	316
5	54
7	70
4	14
3	10
0	1
0	0
0	1
0	1
1582	302
17	2
17	264
0	144
13	605
0	669
0	591
0	563
4	155
2	95
6	118
1	26
1	5
2	26
3467	19775
2	2397
4	19593
0	19591
21	330
1	76
4	83
77	428
0	138
0	0
0	0
0	26
9	26
0	104
0	6035
18	3868
0	78
30	6035
0	4892
183	1223
10	1061
10	385
8	90
152	1975
0	1684
0	1524
2	1848
49	1258
225	14
0	0
0	0
0	0
0	0
0	0
0	40
2	4
0	3
0	9
0	1
0	1
0	0
0	39
409	278
0	241
0	230
1209	295
89	182
0	297
362	4581
17	3338
22	1950
2	1501
1	803
0	133
3	17
0	0
0	0
0	0
7	582
42	842
1	793
2	280
4	194
38	35
35	48
4	48
0	0
9	3
0	0
0	0
0	0
0	3
0	1
1173	42
26	6
2	46
5	0
40	688
24	736
0	34
2	516
0	408
38	76
1	37
3	6
1	22
0	0
0	0
0	0
0	0
0	0
0	0
0	0
0	0
321	0
22	0
32	21
0	2
22	19
1	0
157	0
2	4
0	4
0	0
0	3
0	0
0	0
0	0
248	0
8	0
45	1466
7	1410
2	326
4	166
7	132
2	19
0	0
43	2887
426	2811
7	2016
69	1685
0	352
39	353
18	442
2	361
1	120
2	264
94	336
5	75
43	327
959	0
0	0
4	0
4	211
0	0
650	211
7	191
0	195
1	90
1	89
298	92
3	0
7	47
0	30
1	19
0	0
0	0
0	0
1	850
1	366
0	879
17	569
0	70
2	909
1	6
0	5
0	6
0	87
7	0
0	94
6	10
0	1
0	1
0	1
0	0
2	0
3044	985
55	918
8	0
1	0
21	2152
6	1995
7	49
488	2215
0	2116
0	1138
15	681
13	106
2	33
3	117
12	4
82	116
0	0
112	1
3	1470
11	1489
3	1416
0	1569
0	1606
12	340
0	1
2	63
0	0
0	0
81	269
64	255
1	45
15	30
3	110
32	329
0	34
9	253
619	184
0	72
10	133
0	26
11	22
5	4
1	14
29	1
0	2
16	210
3	261
0	260
59	582
4	86
2	345
14	196
1	318
12	298
1221	3787
344	3640
62	752
34	1231
86	728
1	50
76	803
3421	575
3	102
9	101
0	275
6	181
0	99
12	78
0	2289
0	430
0	2120
10	2055
93	1646
151	627
0	524
0	223
2	2588
2	120
1340	218
10	0
0	64
0	127
1057	753
48	278
7	428
4	407
0	143
12	757
0	168
26	362
15	36
0	1
0	1
1	1
0	0
7	5926
0	2336
0	2968
1	2289
0	388
1	317
0	474
97	27
2	2
55	1626
0	6017
114	1361
77	1424
0	67
3	1007
1	812
0	184
0	237
9	3
6	412
0	405
1469	146
11	146
6	0
33	163
5	9
0	163
1153	920
0	312
13	481
25	55
0	94
0	35
0	9
4	0
0	26
1986	10960
169	8796
210	9343
0	8741
11	29
420	5288
0	2390
1	754
23	1
0	12
3	43
5	33
4	2
0	9
6	5
58	5
0	0
0	0
0	0
0	0
0	14
0	12
0	18
0	0
1	3
0	1
41	580
2	628
0	2
0	357
39	220
11	52
0	125
2	589
64	509
19	367
96	1275
0	6235
0	12
7	111
0	5127
0	162
0	4351
0	2195
0	429
0	51
8	17
16	6038
0	6148
0	11
0	12
0	12
0	11
0	1
0	0
0	1
0	1
0	0
0	1663
12	1496
504	1731
0	0
19	54
0	26
3	33
0	100
0	71
12	182
0	67
1288	42
0	42
30	2895
0	2646
0	0
1	560
7	134
29	2694
54	96
1	20
1	77
12	14
0	9
1	0
1	0
8	735
1916	818
0	0
0	101
0	0
0	0
0	0
0	3767
0	3319
0	3753
176	1283
1	2144
3	156
0	4021
0	3926
0	3826
0	3501
0	3767
4	693
5	125
20	204
196	693
0	14
0	14
0	5
0	0
0	0
0	0
0	0
189	3
985	687
6	1397
0	18
2	166
0	339
0	62
0	345
346	2
188	1746
31	1533
1	0
0	80
2	214
4	194
1	58
12	72
2	9
0	4
57	20
14	2078
1	2119
0	74
0	91
0	952
0	2
0	2
0	2
0	0
219	0
6	0
34	7512
1118	6025
0	6007
38	166
7	52
55	112
0	0
0	7423
0	5
0	22
192	214
0	22
10	48
2	46
0	97
0	67
0	91
0	2
0	513
66	525
0	25
0	56
0	0
0	555
10	211
1	2
8	20
0	210
1833	169
0	43
0	69
0	120
0	0
0	0
0	0
0	0
0	0
0	0
4	91
6	9
0	7
0	27
0	90
0	78
0	45
0	0
0	25
2	5
0	33
0	22
0	22
0	30
0	12
0	5
0	14
0	90
9	2095
3	2095
0	2044
79	570
20	385
7	0
37	35
0	331
36	191
0	1683
220	2113
251	4705
0	2060
139	771
124	4995
51	1573
15	935
32	1298
217	3180
40	1958
21	3193
4	642
0	490
0	87
0	117
0	86
0	642
521	246
0	129
0	71
6	0
4	65
6	313
0	14
3	154
10	10
1	108
0	111
0	13
0	8
0	0
3	152
0	1
4	6
0	3
0	0
140	40
5	0
0	0
0	33
0	0
0	4
0	0
0	0
0	0
5	329
2	8
11	264
0	259
70	321
2	905
98	898
0	16
0	85
0	21
310	2114
158	2113
0	1121
0	12
18	5
0	4
37	36
0	7
0	36
0	0
0	0
0	0
85	847
1	847
5	114
0	0
0	0
0	0
74	642
1	39
16	44
1	194
12	543
11	636
0	16
0	4
0	1950
3	538
0	1311
33	213
1	337
0	72
0	11
0	0
0	2043
0	0
0	196
5	196
109	9802
38	784
3	650
0	818
2	72
0	262
1	306
5	9723
79	5005
13	693
0	544
0	358
9	0
0	4968
10	601
1498	679
50	14
1	485
0	8
0	8
1	4
9	0
0	0
0	0
0	0
0	0
0	0
338	1651
2	1654
2	201
0	14
7	0
10	22
0	22
0	0
0	0
0	0
466	415
0	414
0	91
4	3
0	0
278	1721
16	1636
0	38
3	46
5	6
0	73
0	40
0	112
1	36
0	0
945	870
7	870
9	490
4	759
0	2
1	507
0	19
8	645
0	252
5	32
0	0
1	6555
18	781
0	717
25	399
0	59
2	311
0	11
0	0
0	0
0	0
1177	414
0	413
0	0
1	0
0	0
0	3
0	0
2	9
1	9
0	9
88	1813
174	295
11	295
0	29
1	582
0	582
22	560
0	4
12	24
195	508
1	2
5	0
0	482
0	3
0	3
0	1
0	0
0	0
0	0
0	0
0	0
0	0
0	0
25	7
0	7
0	3
0	0
0	1
1686	15846
89	15976
8	5720
0	2158
1	1719
1	137
14	41
15	150
1	474
1341	0
0	0
0	0
0	0
0	0
0	0
0	0
0	0
0	0
0	84
14	21
8	6
4	0
0	84
2051	0
0	0
3	1681
86	297
15	400
365	95
21	95
0	30
114	844
0	8
0	844
1205	0
3	0
8	1194
39	1113
121	1177
3	1068
2	193
4	395
0	224
1	236
3	157
0	1025
18	568
69	567
3	0
5	92
0	30
50	3474
2837	5810
0	2675
0	2336
1	136
26	200
0	0
35	28
13	28
56	577
2	76
169	701
3	15
410	101
0	100
33	0
0	0
0	0
0	0
0	0
0	0
4	2154
1	2456
6	2351
13	3
6	13
0	236
15	2346
0	2
2	2
0	1
0	1
0	2
0	1
0	1
0	0
0	0
0	0
0	0
0	0
0	0
57	0
1	553
1	480
16	502
8	160
19	110
17	530
379	363
2	5
3	91
0	10
0	0
0	14
0	8
0	14
0	13
2	15
2	29
8	74
0	0
0	36
0	7
4	28
3	63
0	3
0	10
0	33
0	39
0	0
0	9
0	0
0	29
86	718
0	718
0	11
2	5
2	109
225	196
35	54
0	149
496	4836
267	4734
2	2343
7	1369
17	502
94	1
17	1574
332	2525
54	2600
0	2
24	538
18	538
4	18
4	38
0	20
0	19
191	39
0	4
0	1
0	3
0	15
0	15
1	16
0	5
0	4
67	284
14	28
0	67
10	66
13	196
4	0
1	0
0	0
0	0
0	0
914	426
18	428
5	55
0	15
0	4
0	0
0	1
0	75
1	77
4	77
0	0
3	0
0	0
0	430
28	14
0	14
0	12
0	0
0	11
0	1
0	12
0	11
0	12
0	0
0	12
0	0
0	0
0	5
0	9
0	135
39	134
0	9
3	9
0	6
0	0
2	1
1	0
5	87
73	508
14	562
2	57
2	97
2	56
0	24
15	143
9	0
3	2629
80	2965
14	2331
17	2407
1	57
2	34
0	2130
187	122
2	11
0	102
0	18
0	16
11	19
0	0
0	0
62	73
0	119
0	119
2	56
0	609
0	216
0	609
7	35
0	61
0	0
0	0
0	0
1	0
7	56
2	57
0	56
1	56
4	54
15	136
5	127
0	112
4	11
0	6
0	10
0	2
3	14
53	79
1	79
62	1285
0	1077
3	752
0	167
5	215
20	215
14	215
0	1
0	1
0	0
0	1
15	0
466	18
0	17
0	17
1	89
73	88
480	144
4	134
0	1
0	1
0	0
0	0
0	0
0	0
1935	263
147	262
0	17
12	39
1	20
0	30
0	0
893	137
0	28
0	19
0	90
0	0
5	0
10	0
134	522
3	201
4	514
6	236
2	229
92	0
13	6
1	4
0	2
1	66
303	67
2	40
4	19
0	24
4	24
23	1350
1	1337
92	1359
6	1352
16	228
8	366
0	0
0	0
998	133
1	22
10	111
126	795
51	850
3	55
1	359
0	262
4	33
5	241
7	222
0	2
1	2
2	3
0	3
0	2
0	2
15	64
6	38
0	89
1	57
6	11
0	4
4	4
0	0
0	2
0	2
0	0
0	0
0	0
24	8412
3510	1680
0	8218
20	1194
0	9
42	677
1	8160
1	6146
0	4639
188	259
0	986
250	1730
20	483
13	323
18	10
2	494
7	1086
22	30
4	30
0	0
654	1055
9	841
0	465
0	153
4	214
12	3
0	3
0	3
9	66
4	230
0	290
2	33
1	55
0	151
1	20
0	15
12	2509
15	2355
2	2118
0	1
47	27
33	841
1	22
0	172
3	37
0	78
0	1
0	1
0	0
0	0
0	0
1209	1533
14	1477
0	263
12	42
1	64
0	0
145	120
16	4
0	34
0	0
0	0
6	1
22	1
119	335
5	198
4	93
23	148
0	33
7	54
30	187
0	52
0	33
4	86
7	32
0	286
16	561
30	120
0	243
145	247
1	458
7	967
37	242
3	2
0	1257
0	739
1	120
0	4
0	1
3	1
4	1249
569	685
0	688
0	2
0	74
0	2
0	688
1	0
764	2146
1	639
38	1601
22	4781
3	2009
1	4252
0	4188
3	1769
9	4228
53	3255
8	91
2	212
8	21
17	39
1	0
363	259
22	259
5	2160
0	284
1	205
13	215
6	390
39	2026
1	19
0	22
17	0
0	10
11	266
2	233
48	274
2	700
1	516
8	117
22	330
1	2139
1	184
0	0
2	3
0	7
1	0
0	0
0	1
0	0
1	186
1	190
40	2647
61	2226
0	2024
0	1714
14	1186
0	1365
1	639
0	937
17	692
0	262
0	1
0	500
8	242
5	210
8888	33598
17	25766
51	18389
12	15216
0	7434
2	41
1	6
1	11
0	31
0	31
0	41
1174	1128
5	1266
2	976
0	878
35	467
0	125
1	158
1	97
1	9
0	16
0	15
4	15
0	15
0	2
9	1487
8	258
69	1466
1	77
0	26
0	1235
0	18
1	11
0	5
659	1087
1	1044
4	146
40	1588
9	1433
0	18
2	0
0	1
0	177
4	171
45	222
1	227
5	213
0	16
0	15
3	227
0	261
10	59
0	75
0	17
3	45
0	41
0	10
0	24
0	23
1	1
0	213
1	4
1	4
3	37
0	22
0	35
0	36
1	14
0	5
0	4
0	9
0	1
0	0
1	1
0	0
3	31
0	240
0	239
0	1
0	0
4	31
2	235
4	113
4	182
0	6
0	38
0	9
55	352
61	393
6	393
1	0
1941	1557
1	1171
103	1556
7	1004
0	6
0	4
0	6
154	1603
0	1603
0	545
0	0
0	5
0	2
0	2
0	2
0	0
0	39
0	7
1	1
2	6
25	0
1	39
0	4
0	0
0	1
2	2
1286	666
1	31
23	0
2	29
8	632
272	0
12	173
0	173
286	1112
6	1112
0	1
0	3
0	1
0	13
0	14
1	0
718	0
0	0
0	0
0	0
0	0
0	0
257	106
13	0
65	105
49	1
0	1
0	128
0	8
4	409
23	421
36	209
1	12
3	117
18	9
0	9
0	49
2	50
0	0
0	1
0	0
0	7
0	6
0	0
1	1
5	0
12	4011
713	4983
18	0
4	0
0	4939
2	0
0	0
129	8898
191	8965
15	8811
10	1401
0	58
110	15
0	1111
60	1751
207	0
0	4
0	8954
0	8744
0	53
391	114
1	89
0	37
0	5
2	7
0	39
0	12
536	30
2	8
9	23
53	0
0	0
0	4
0	4
0	4
0	1
32	511
123	2155
13	90
51	2139
319	38
151	36
121	96
12	0
3	0
0	138
0	133
0	92
0	143
0	83
6	215
588	233
16	19
6	12
1	186
0	13
0	16
1	27
7	20
20	186
314	0
0	6590
0	3652
0	4132
0	310
13	766
0	1872
401	1442
11	593
2	242
0	1279
69	1255
172	3913
0	207
0	6685
4644	3
0	2
0	2
1145	187
0	94
0	22
1	71
369	593
12	592
4	580
460	528
0	528
1	57
0	25
2	26
0	3
1	2
0	0
0	0
0	0
0	0
0	0
0	0
0	0
0	0
0	0
9	130
0	0
0	0
0	0
0	0
0	0
0	2
0	2
0	2
0	2
0	2
0	0
54	516
28	451
4	205
3	192
10	93
54	53
0	5
29	54
0	511
7648	1779
68	1271
0	545
4	268
16	7
0	1
0	6
0	0
0	0
47	907
1944	908
0	0
0	0
22	0
33	3
0	2
0	1
903	1716
0	103
12	46
1	570
0	676
0	698
0	0
0	0
0	0
2	105
0	32
0	29
226	549
0	173
1	65
0	23
4	9
50	467
4	40
0	205
0	119
0	21
1	17
4	161
2	5
0	0
3	16
0	7
1	3
0	117
0	349
38	95
0	370
0	306
0	288
0	246
4	161
0	7
1	171
0	0
0	0
0	0
0	0
15	3129
4	3528
0	3101
2	3429
0	83
68	244
0	585
55	32
74	343
0	996
0	695
1	842
8	538
4	777
9	218
0	99
40	56
10	61
250	18
0	0
3	9
0	0
1	12
0	0
0	0
0	0
0	4
1	9
0	15
0	12
0	12
2	15
0	2
0	1
0	0
0	0
0	0
0	0
186	7
0	0
0	6
403	466
7	63
5	438
0	41
0	28
0	19
0	0
0	0
0	13
0	9
1	11
0	0
0	7
0	4
0	14
0	5
33	105
0	47
0	0
0	0
7361	29825
4245	32089
71	19996
3	3446
1	4380
3	4015
0	39
1	4253
6	6911
11	1111
76	2960
135	1702
6	1657
2	1658
3	29
15	44
0	338
11	264
0	11
0	0
0	0
0	0
0	0
0	1
0	1
0	51
9	144
0	46
1504	209
0	0
0	0
0	0
0	0
0	1
0	1
0	0
0	0
0	0
95	628
161	258
53	15
0	571
295	8432
0	16134
83	14424
15	11148
0	11758
0	11037
475	16477
1	7352
0	17935
3	8158
3	2130
0	16139
0	0
0	0
0	0
133	0
0	0
0	0
0	0
0	0
0	0
0	0
0	0
457	80
0	22
0	58
0	0
1004	791
0	544
3	86
0	203
0	38
12	119
0	0
0	0
0	0
127	1173
3	153
18	709
258	211
5	97
2	433
0	241
3	294
3	196
5	421
16	411
2	411
2	26
10	0
5	1286
143	1286
0	9720
4	8043
43	8202
3	4577
10	223
42	8
0	20
54	1608
0	1371
0	10085
0	10887
0	0
174	1567
0	1558
1059	1060
149	2350
0	240
0	284
0	2024
2	501
0	256
0	410
625	1886
8	6
0	6
0	1
0	1
0	0
0	0
0	0
0	0
0	0
0	0
17	16
0	0
0	3
0	5
0	5
0	6
0	0
0	0
0	0
12	4627
0	0
12	3583
132	3586
4	56
0	1
177	1164
5888	1169
0	28
0	0
9	6
89	1640
0	429
0	892
23	1065
0	1640
1	300
0	0
18	0
370	0
18	4294
0	3247
0	2299
0	0
561	1411
0	3468
0	0
41	0
238	1279
4	1279
0	1226
2	18
11	82
32	65
1390	2515
1	2497
0	10
4	13
0	8
11	91
36	630
8	659
15	84
3	148
0	187
3	163
4	134
8	196
0	5
1	135
2	95
0	256
23	40
6	4021
1	4019
10	4012
53	0
0	0
0	0
1	15
1	18
9	5
0	2
0	3
1	1029
0	1309
42	1492
8	1243
0	703
0	509
13	221
191	5437
13	425
0	1320
13	930
18	5317
1	123
0	265
2	303
0	2458
0	121
0	1
0	1
9	0
30	1
80	10700
18	10698
0	1198
3	9735
1	11
0	242
0	44
534	0
8	281
22	650
66	652
0	0
1	385
1	1011
11	1318
75	529
1	713
0	368
6	514
10	514
66	741
0	450
33	283
0	381
28	0
0	1283
9	3144
16	3295
14	3315
22	3364
0	82
2	88
21	2879
29	3149
0	3215
20	3343
6	189
2	66
1	101
6	386
0	122
0	185
0	9
2	37
3	107
1	6
0	14
23	22
1	13
0	9
0	0
0	3223
2	3222
206	3181
0	1629
0	2027
0	524
8	3
0	3
0	3
0	33
1	24
1	28
0	0
9	60
0	50
1666	879
1	188
4	53
96	398
139	655
2282	763
0	3
0	759
5	1
4	9
4	31
14	0
135	13
0	8
3	4
0	0
0	877
0	799
0	889
33	482
0	150
2	128
2	1249
147	1328
7	228
21	103
0	17
12	135
11	10
628	68
0	21
0	47
6	3
7	571
0	182
1	582
16	584
0	572
0	0
1	2
504	3
20	435
183	497
1	433
11	294
0	142
94	279
15	17
0	28
6	1439
57	1206
0	1202
0	1191
0	1059
0	188
56	126
1	319
1	42
0	316
6	18
2	26
0	147
485	0
0	0
0	0
0	0
0	0
0	477
20	159
0	193
60	477
1	3
46	216
35	242
0	410
0	431
7	106
1	58
1	43
18	30
0	0
0	0
0	0
0	0
0	0
0	0
131	1751
60	1176
137	1188
8	1503
0	3
0	342
12	196
0	1562
4	18
0	3
0	17
0	1
0	1
0	1
0	1
0	1
0	0
0	1
12	0
5	24
0	24
7	117
0	2
0	3
0	0
0	0
0	15
0	23
0	35
7	62
189	317
1	19
0	16
5	104
1	38
0	0
56	4616
0	6170
168	5426
0	7509
159	4800
111	356
0	3839
4	3065
0	125
0	415
0	0
0	0
21	2009
418	2076
91	1952
5	1139
0	0
0	0
0	0
0	0
0	0
0	0
0	1
531	2117
0	654
5	916
15	700
3	1001
71	4960
57	3107
8	830
1	509
0	67
13	3412
48	409
0	886
3	574
1020	0
2327	381
8	67
3	1581
3	215
4	1039
186	152
0	1414
1	0
0	210
0	526
0	1259
5	1
19	195
8	0
4	6
5	159
5	115
0	115
19	138
0	599
41	174
0	432
11	211
6	119
245	8941
3	10058
7	5283
806	7509
57	8375
0	0
0	0
0	182
451	282
0	1
8	281
1	11873
18	4590
5	10972
270	5194
1	8199
93	1135
1	3078
0	11512
888	2713
0	2733
2	1059
0	700
1	186
0	10
103	525
0	216
5	170
0	87
75	2706
1	4131
35	4095
0	4219
696	1
1	56
638	9895
6	1
2	0
630	426
4	1
0	334
866	9712
2	109
0	8
151	818
2	4887
10	4515
9	4249
3	334
0	735
0	5
0	1
0	1
1	23
8	149
82	127
0	24
1	14
2	3
267	1175
14	847
10	571
18	611
13	991
0	140
0	0
16	21
33	21
0	13
670	712
10	722
197	2055
49	162
10	376
0	28
0	92
20	1860
115	678
3	462
21	231
2	35
0	219
2891	1324
2	236
4	218
35	163
0	31
0	525
0	545
0	1586
48	1679
0	1737
6	1409
2	1338
0	802
7	16
1	257
0	117
0	161
2	15
9	293
3	253
2	1
0	77
0	21
0	7
0	78
3	1603
5	234
0	15
2662	296
6	14
13	187
0	12
3	0
0	8
3	4
0	60
1940	26035
13	29429
319	29674
180	26820
11	10179
688	168
6	0
8	27
27	142
4	11
0	0
0	0
0	0
0	0
0	0
0	0
77	293
27	258
5	75
3	30
0	1155
16	1156
13	1062
0	10
0	1061
0	86
0	82
0	1142
0	1
0	1
3	164
6	165
16	165
0	0
0	0
13	0
0	0
296	173
0	149
0	24
0	8
1577	186
7	113
5	21
12	56
0	0
6	0
0	2
12	2
0	1
0	2
2	0
1	0
0	0
57	269
35	269
0	0
1	0
0	0
0	0
0	0
0	0
0	0
0	1096
0	1013
1	967
9	1054
15	0
0	94
1	78
1340	17492
0	17197
208	16803
0	12194
75	9301
21	2569
2	139
10	33
144	341
2	238
7	298
41	262
0	32
6	79
0	0
12	3
1	4
0	1
0	1
0	3
0	3
15	7
0	7
0	0
796	650
1	256
7	573
1900	375
1	37
0	83
1	56
0	0
58	7
0	4
2	129
23	123
13	84
4	129
0	616
1	11556
4	752
963	11554
0	11566
0	0
0	0
0	0
0	0
0	119
0	119
0	20
5	21
0	0
0	0
0	0
6474	1
5	24
6	38
0	1
1	8
0	2
15	14
0	0
8	1342
44	897
76	1093
9	954
176	15
2	170
164	1248
0	2
0	2
0	0
0	0
0	0
398	80
0	17
6	3
5	61
0	0
0	0
0	0
113	1545
2	1042
81	1453
48	1251
18	16
4	58
3	897
6569	3420
4	1076
8	997
23	726
3	1221
255	687
1312	13596
465	13509
162	13503
5	13506
4	1868
0	719
2	720
10	92
293	404
22	134
2	120
2	12
112	0
0	0
0	2168
133	2168
0	845
0	30
1	29
0	2219
1	17
0	18
6	12
0	11
0	2
12	223
2	5
3	7
6	1
9	0
5614	4369
2	3450
0	841
18	32
22	29
0	262
94	3653
130	1533
12	1480
0	57
9	429
6	439
47	165
87	308
386	106
4	405
21	100
2	0
2	2
0	2
9	526
6	18
1	47
2	40
0	518
53	413
3	74
1	46
109	78
2	15
1	76
0	0
136	230
9	235
0	26
0	8
0	13
0	4
0	0
0	0
0	0
0	0
0	0
0	21
3	20
0	21
8	20
3	21
0	0
0	21
3	0
5	159
2	153
0	0
2	0
0	6
0	1
0	1
0	48
8	54
1	8
0	2
1	16
0	8
662	372
17	370
61	374
0	372
53	1263
27	1218
171	945
0	10
277	10
2	11
0	0
0	0
0	0
0	0
4	944
0	801
0	649
9	3
3	5
431	85
5	9
0	75
0	1
799	1
0	47
0	28
0	0
3	433
3	432
295	785
577	1316
37	18
0	590
9	73
12	92
0	21
0	27
15	23
70	1214
0	798
0	507
0	650
0	424
0	980
2	963
0	674
0	770
0	463
0	120
0	70
2	117
0	53
0	0
0	0
0	0
0	0
0	0
0	0
0	0
0	0
0	0
0	0
242	6980
5	6972
0	276
4	14
0	625
2	25
6	73
35	2280
6	14
1	19
9	2282
0	0
0	0
344	932
4	450
34	291
0	126
33	255
0	0
0	255
0	77
0	0
0	2
0	4
0	4
0	7
0	13
0	255
0	185
0	3
0	0
6	16
303	2247
0	2140
0	95
0	83
21	77
31	1071
5	210
10	248
2	159
7	235
2	0
0	0
0	0
0	0
177	1775
34	1881
0	17
3	46
5	294
1	380
47	1068
0	145
0	143
0	145
64	80
3	122
2	107
11	58
3	98
31	97
7	105
0	69
65	583
5	349
226	933
0	0
0	0
0	3
0	3
0	1
0	1
0	0
0	3
10	10
0	10
157	2
4	2
0	0
0	0
0	0
0	0
30	16
2	16
0	0
7	0
0	0
0	0
0	0
1	438
310	1295
2	58
2	1062
12	26
0	8
14	94
2	368
0	14
29	5774
100	965
1	872
15	631
0	5130
259	0
0	5
0	0
0	0
0	0
0	5
0	0
0	0
0	0
0	0
0	0
0	0
0	699
330	705
0	92
2	49
96	2606
26	2399
1	1260
0	1396
13	1620
0	990
101	1196
0	704
0	58
0	190
2	17
0	57
281	4
2	4
34	1826
0	2108
3	2327
0	1583
0	351
0	23
34	109
3	0
0	0
0	0
0	0
5	542
18	582
1	86
0	10
0	593
0	581
0	267
0	465
11	0
6	0
0	2
0	8
0	1
0	71
12	593
16	6
0	6
1978	36
0	27
1	7
58	0
13	624
0	3
0	175
0	22
0	3
0	8
0	2
0	2
0	4
281	232
14	98
5	64
0	0
0	70
0	27
69	35
0	35
33	1278
1091	1862
4	1917
82	1689
37	1037
0	708
1	545
0	528
7	476
299	453
280	162
0	1784
50	1559
31	299
147	547
143	681
4	401
20	1767
626	2722
0	2568
5	3
10	59
7	18
7	23
0	0
0	436
2	710
2	465
0	87
1	0
0	789
26	1445
2	1289
5	248
5	259
6	32
0	1530
0	1445
0	1786
0	0
37	1870
24	1129
0	928
0	104
67	437
1	436
0	1169
0	126
5	2
13	0
0	754
72	754
4	0
0	29
0	0
4	427
371	781
9	240
12	396
4	151
0	0
20	2764
6	1131
1	571
44	2458
229	447
0	0
3	8
0	31
0	102
0	142
2	131
1	78
12	199
0	13
0	0
0	0
0	0
0	0
0	0
0	0
0	0
0	0
0	1456
0	22
0	137
0	1386
5	49
0	1058
0	2
1	2
3	18
1	1291
27	1272
1	177
0	83
4	578
0	41
1	0
0	500
0	660
0	760
0	603
0	571
0	669
0	17
28	246
9	48
57	9
0	9
0	0
0	0
0	0
58	22
0	22
0	0
38	0
111	1382
70	565
10	1340
0	0
0	5
6	199
0	0
0	0
0	0
0	0
0	0
0	722
2	741
0	406
6	9
4	21
3	11
0	15
1	13
1	13
264	749
323	206
1	206
0	27
1	1
0	1
0	0
1	174
0	171
0	27
0	46
1	0
0	185
0	1573
13	743
0	1038
0	1424
0	1657
0	1276
0	0
1	235
0	1573
0	0
0	0
0	0
0	0
0	0
1	19
4	19
0	1
0	0
1075	727
29	727
0	2647
13	2691
0	2705
0	2298
0	255
86	263
37	69
0	120
16	102
1	74
9	34
0	89
0	65
0	29
31	5
0	2689
565	312
0	175
0	175
0	176
0	236
5	0
0	46
0	40
0	62
0	64
6	61
0	120
0	71
1	0
153	265
0	72
10	259
5	50
1	91
0	0
0	0
0	0
0	0
0	0
1	185
48	186
1	4
2	2
563	8
17	8
7	326
3	576
2	532
0	72
0	437
0	16
3	171
0	3
0	340
0	3
2	20
7	0
0	5
0	5
63	3104
0	0
10	0
6	1
7	0
0	1
0	229
19	2311
0	2522
30	530
0	0
19	254
5	0
2	0
0	3157
2	41
22	188
3	90
0	434
7	348
0	18
0	0
0	0
42	0
0	354
0	164
28	356
4	18
2	24
1	41
1	40
0	2
0	2
9	4
0	4
1036	102
1	102
2311	1506
5	1332
55	174
0	3797
859	3798
962	35
0	18
1	17
4	0
1	125
0	5
0	284
0	550
0	2211
32	2348
2	147
0	444
6	1128
0	692
1	2081
0	1797
0	801
0	384
0	0
5	1224
31	4
1	389
0	1235
0	0
1	0
2	295
1	295
1	1
0	296
2	7
0	19
5	247
24	413
7	413
24	249
0	226
0	234
2	615
0	687
0	27
0	7
0	68
0	1
0	10
0	687
0	0
0	0
0	0
0	0
0	0
0	0
9	28336
0	28918
0	9282
4	9576
0	13999
6	24
0	736
0	845
278	3455
2	590
10	2158
0	371
846	0
84	31
5	31
164	0
0	3
0	3
95	9
0	19
0	4
3	13
0	3
0	10
0	0
0	12
64	19
0	0
0	0
1	1
0	1
0	0
1	0
8	2
1	2
3	0
69	354
0	354
7	100
1	60
1	0
3	4
0	14
13	3
0	0
0	0
35	3
0	1
0	2
0	1
0	2
13	4
0	2
0	2
13	2
0	0
0	0
19216	24
690	278
1	137
0	96
0	162
1428	2
226	0
1	1
3	0
0	1
0	0
0	0
0	0
0	0
0	0
0	0
0	0
0	0
29	0
0	0
69	0
1	0
386	0
30	0
0	371
0	376
2	219
10	103
2	87
0	18
0	23
1	10
0	10
0	1
3	0
0	0
0	0
0	0
3	1
0	0
0	0
0	0
0	0
0	0
0	0
0	1
0	0
0	0
0	0
0	0
0	0
0	0
0	0
0	0
0	0
470	120
7	118
0	0
0	0
3	439
11	433
129	872
282	9647
1710	9647
0	879
2	0
83	2339
0	1334
25	557
0	113
1	16
0	4
13	558
0	574
0	532
0	15
298	548
0	911
0	2
3	3
0	3
0	1
0	1
0	1
0	0
0	0
0	0
0	0
0	0
0	0
0	1
0	1
0	1
3	0
0	0
0	0
3	27
0	27
1	12
1	0
0	0
0	0
3	0
0	0
85	1610
38	1610
0	1
0	1
0	0
365	0
405	410
6	2
0	410
0	0
0	0
0	0
0	0
0	0
0	3
0	3
0	3
0	3
0	3
0	2
0	3
0	3
0	0
0	0
0	2
0	3
96	1677
0	1531
12	1098
0	80
0	1399
2	198
1	700
6	781
1	392
0	599
0	581
0	385
0	4
0	439
0	0
0	285
0	364
0	25
0	721
0	7
10	0
16	43
0	708
0	12
0	15
0	16
1	5
0	2
0	3
4	2
0	1
0	0
74	391
0	391
0	20
0	5886
83	4357
0	2380
8	5060
5	150
16	2213
11	34
0	21
15	32
14	5205
0	554
0	3539
4	257
0	5291
0	0
0	3
0	67
0	20
0	18
0	29
0	40
0	23
0	63
0	63
2062	1578
0	215
0	1363
30	1671
235	1308
6	6
2	180
6	386
2	229
2735	833
0	31
2	155
0	151
0	210
6	71
0	48
42	207
0	207
900	576
0	47
0	451
0	125
0	50
0	67
0	30
2	62
0	517
15	86
2	87
0	40
0	8
1	6
179	21
0	21
25	1
0	0
0	1
0	0
0	3272
1838	3275
1	1201
0	0
0	0
6	0
0	0
15	0
14	72
0	0
0	0
0	0
0	0
484	660
0	284
1	0
63	263
1	172
0	302
0	264
5	90
12	62
0	68
2	157
0	8
0	27
1	14
0	17
4	19
0	59
110	748
0	748
1	743
7	145
0	139
0	243
11	272
2	320
0	347
3	100
207	50406
0	27930
10	44515
3	44464
0	44517
9	26002
1	25937
74	7150
0	6670
4	3692
0	1271
2	201
7	441
0	407
0	283
0	1098
1	40
2	2
0	4
3	580
0	385
0	1076
43	807
34	705
3	146
1	149
0	200
1	515
0	0
0	405
256	2098
2	2098
7	392
34	3
0	480
3	132
319	357
3	145
1	0
4	71
0	78
0	57
22	57
5	56
1	126
1	131
0	27
0	0
0	6
13	10
89	732
103	732
12	193
0	133
0	167
1	21
0	175
0	177
0	160
0	158
0	0
0	142
0	127
0	122
3	115
0	26
685	786
4	42
0	0
0	6
1	36
0	823
45	247
0	0
31	222
0	320
19	10
1	8
1	251
2	20
0	25
2	17
0	62
12	514
1	32
7	126
25	48
5	437
0	0
0	0
503	241
0	49
0	118
3	119
11	116
0	144
0	5
0	31
6	0
1	32
1	1
0	1
0	1
0	0
0	0
45	128
0	127
2	30
0	31
0	3
18	1
0	0
0	0
15	2831
2421	2832
0	135
448	583
1	28
1	2
90	415
0	418
0	456
21	483
27	88
2	81
3270	11129
40	392
5	86
100	10887
267	645
25	478
6	597
5	88
23	1172
0	441
10	470
52	493
0	1
0	485
0	70
0	1146
1	463
4	1913
17	1173
5	1311
1	1123
0	22
2	131
7	0
0	0
0	0
0	0
1352	0
0	0
0	0
12121	11
5	0
729	16
2	16
1403	6484
0	6483
1	48
10	51
0	4
0	0
6	6
0	2
0	6
0	0
0	1
0	1
0	0
2	42
0	0
8	42
5	2
16	150
1	137
0	100
0	102
5	1
4	5
13	8
252	682
0	452
2	135
0	220
0	488
4	230
481	34
10	34
0	4
0	4
1	1674
0	1710
1	1357
76	1399
3	604
0	1003
31	0
1	686
0	1947
4	626
0	790
0	780
0	2043
0	132
6	516
0	897
0	502
0	29
0	2
5	0
0	92
1	0
1	32
83	6100
0	0
287	5443
0	6210
81	4631
55	461
3	437
0	481
2	58
5703	1178
4	285
1	619
0	0
1953	14029
28	12928
71	1249
12	319
114	1315
73	273
9	1714
201	1504
0	3464
0	1601
223	3388
876	3404
119	1208
31	11
0	155
78	0
1	474
53	1464
19	1475
18	1401
0	0
1	100
0	1
0	3513
131	3370
0	4222
87	4050
0	2546
3	2003
122	1792
0	1986
16	1353
55	1343
0	1010
0	955
2	918
0	8612
314	8542
0	7880
0	996
5	616
3	429
117	232
0	18
0	11
82	10
2	12
3	12
5	0
0	7915
15	8621
0	4202
0	3558
0	3834
0	1
0	2
0	9
0	51
0	11
16	1001
7	974
0	946
0	932
0	879
27	660
29	774
1	6
8	92
5	6
287	2650
0	1373
3	2650
779	45
0	466
9	84
0	197
327	741
0	20
3	9
0	28
0	253
7	649
0	136
0	170
0	35
0	25
5	13
12	22
0	7
35	0
1	3
1	5
0	28
0	119
1	77
18	4
0	71
0	0
0	0
8	87
5	23
0	0
0	33
1	0
938	93
0	93
81	1098
1	1011
0	1037
0	1123
0	28
98	1
6	0
0	37
0	6
1059	1206
31	1097
41	1049
0	275
14	41
1	62
8	0
156	65
6	65
318	2660
207	2660
1	211
490	211
1	211
0	0
596	1
11	0
286	206
10	206
161	24
2	24
0	1263
0	1152
3	928
0	855
4	463
0	107
50	173
0	2323
0	1398
0	3242
0	2118
11	0
3	215
0	42
0	3105
1486	3374
1	12
5	12
2	0
37389	405
4	84
83	292
950	425
27	425
9101	548
51	535
18	25
0	48
3	40
0	35
0	35
0	22
0	53
0	166
3	150
10	0
0	0
2	0
0	31
635	1245
21	1238
11	0
28	903
0	66
1	15
0	31
9	0
36171	498
0	470
728	633
8	329
8	395
0	204
2	121
2	0
0	0
0	0
0	0
0	0
0	0
21	5
0	2
1	0
0	0
0	0
0	0
0	0
0	110
1	307
12	244
0	0
0	0
1	199
0	54
0	96
0	0
1	55
4	15
0	1127
13	1386
0	247
5	1023
0	405
0	273
0	488
0	150
3	37
0	387
3	280
2	283
0	227
0	33
0	3
0	33
0	345
0	319
0	480
0	538
0	51
0	0
54	6505
2	5251
1	1647
98	6428
41	53
25	2421
12	1964
12	2580
12	19
1	222
34	47
0	44
236	157
0	78
0	120
15	111
6	0
514	8967
3	11842
0	8668
95	7837
0	4840
16	3
1	0
79	546
22	774
4	15
0	992
7	0
1	62
0	62
0	62
2	62
0	61
0	61
0	25
0	0
0	0
5	116
0	7
350	414
1	63
0	166
0	48
0	0
6	165
0	14
1	15
0	22
9	121
2	77
1292	54
0	11
0	43
0	4
0	4
3529	4
2	479
2	347
2	352
1	350
0	137
4	2
28	1
2	239
9	33
3	13
0	12
0	1
0	0
2	164
0	175
0	162
0	10
0	111
1	48
1	34
0	13
3	14
24	264
0	264
0	46
0	5
0	0
0	0
0	0
0	0
5	4206
33	3724
166	4237
1	6
0	232
0	225
3	173
3	949
5	603
2	186
0	403
925	1356
34	1356
4	55
0	62
7	79
3	47
1	0
0	0
0	0
0	0
0	0
0	4
4	0
0	6
11	5694
0	309
0	48
6	73
0	5686
150	528
6	1
816	1754
537	1665
0	5
0	4
0	4
0	0
0	0
0	0
0	5
62	1994
30	1785
4	77
1	1
14	8
49	428
10	22
16	23
5	3
32	1304
8	18
0	445
141	12896
20	914
14	1444
2	26
3	37
8	265
0	1349
0	12723
0	134
0	2141
2	104
0	11
18	166
0	58
0	107
0	55
7	370
14	12
31	114
90	114
0	6
1	0
1	1
13	991
116	151
3	143
7	941
75	986
3	365
2	449
6	948
4	276
2	282
0	280
7	269
0	131
3	130
0	33
48	48
3	206
1	309
0	204
0	218
0	30
0	28
4	26
1	21
0	26
0	0
0	0
1	2
0	0
0	0
0	0
0	0
99	628
0	628
1	96
9	55
3	7
4	2
2	1
0	1
0	1667
49	1749
40	1390
40	456
0	224
0	110
49	397
166	168
0	219
2881	1531
37	753
24	182
40	552
1	51
8	177
2	12
4	12
0	0
17	403
423	983
41	154
23	801
0	14
9	13
0	16
0	6
0	1
1	0
1	0
647	77
3	24
3	70
0	1
946	0
0	8
1	15
1	14
0	9
1	4
0	2
0	2
0	2
0	4
0	0
44	2538
14	1906
36	1724
23	1009
16	1787
29	1878
21	1202
26	384
5	52
0	37
2	21
0	19
0	0
0	18
0	37
6	2
0	2
8	2297
0	214
0	0
3	61
72	230
69	1594
1501	7051
0	6135
4	5834
24	5584
147	5572
2	97
1	124
31	86
0	62
16	78
2	33
0	44
0	43
1	0
1	2
0	11
0	7
0	4
0	1
0	4
62	6
0	6
0	0
3123	733
0	565
21	171
4	171
173	1
27	250
0	15
0	1
1	227
0	0
0	8
1	1
0	48
0	25
0	22
0	20
33	487
0	561
0	589
0	64
0	1
4019	1047
48	461
9	948
0	0
0	0
0	2
0	0
0	2
0	2
5	397
19	1354
304	1354
11	200
19	141
3347	1382
4	11
0	14
2	1212
5	2429
1	801
6	322
1	2238
0	2586
0	859
11	108
0	4
0	27
0	2078
2	2
0	2
0	0
0	0
0	0
0	0
0	0
1	0
0	0
5	38
96	38
6	0
7	0
377	1603
14	1583
48	1529
13	854
9	779
2	17
0	689
8	62
29	2
0	111
7	0
79	0
0	55
11	93
0	95
0	50
11	9
7	0
282	159
0	1
0	7
3	165
0	3
0	164
1	33
7	170
0	16
46	2110
3	467
33	182
1	325
49	1929
1769	1368
1	474
1099	834
4	44
6	105
17	81
117	96
80	1
3	0
0	0
0	0
2	0
1560	412
28	3
6	0
2	78
1	270
2	2
0	69
0	0
0	0
0	0
33	3057
1	3947
4	1319
0	39
0	374
0	196
0	87
0	183
2	2
1	30
0	79
0	68
0	45
4	59
0	41
13	62
0	0
0	0
0	1212
0	0
0	0
0	0
0	0
476	0
8270	8407
996	7176
132	7303
0	1389
0	40
29	89
18	485
38	428
3	0
0	1
0	1
0	1
0	1
52	168
0	150
0	156
3	0
0	0
1	0
0	4
1	1
77	24662
3	2490
0	24662
1	176
12	226
5	181
1	48
297	182
0	2
0	177
0	73
0	2
27	17
2	13
0	2
0	6
11	3
0	9
0	4
23	6
3	13
1	0
0	3
0	1932
86	2432
18	2124
0	773
4	77
1	8
9	764
3	2265
0	3174
0	103
0	399
0	4
0	2955
0	2941
0	3000
30	5830
26	8526
32	1495
0	4293
0	4640
22	4592
0	96
0	30
2	125
0	3504
30	303
1	1
39	6157
0	1812
46	143
17	61
4	202
14	244
374	0
4	63
0	60
0	2533
0	2694
0	11
32	116
16	150
5	90
8	2
0	24
0	13
1	17
3	1426
3	149
964	101
0	101
16	2
2358	445
1	77
0	2
0	0
55	444
4	634
1	430
2	565
1	125
55	639
6	2
4	4
0	0
0	3
0	1
10	0
0	0
8890	4676
13	4669
0	955
6	890
75	141
0	49
0	34
18	665
6	367
0	0
3	34
21	896
53	7982
343	2333
0	6466
46	6848
0	2491
0	1659
0	17
1	39
226	1130
25	1130
11	349
0	77
9	1
0	149
0	169
0	205
0	0
0	0
0	0
0	0
0	0
0	1121
1710	1282
0	13
0	37
16	64
13	46
375	341
2	251
11	90
0	211
2365	2101
6	1754
4	1856
0	0
1	556
0	365
0	284
0	0
0	0
0	0
0	0
0	0
0	0
0	0
2	27
9	33
0	37
0	2
53	1416
5	1496
40	786
1	26
2	0
152	3
0	3
121	159
64	155
0	1
0	19
0	5
1	21
0	12
5	0
0	1
0	4
0	0
0	0
0	0
0	0
0	0
1993	1087
9	992
16	36
4	0
4	8
1	465
8	83
7	0
0	0
0	0
3	0
11	4
0	4
7000	3050
50	334
64	781
15	424
134	55
102	562
53	786
0	0
0	0
5933	215
14	92
2	201
0	201
20	407
103	3766
4	421
34	2708
7	2541
11	48
4	0
19	180
0	1403
0	1304
242	1417
0	109
4996	1407
0	0
68	1440
192	1440
6	102
1	0
2	76
1	7
0	7
0	0
0	0
0	0
0	0
0	0
4818	170
7	166
0	5434
0	5074
10	127
2	127
2	76
2	4111
9	5249
755	895
5	770
2	895
9	0
0	0
0	0
1044	43
15	4
1	43
13	12
109	406
1286	623
0	130
32	14
0	50
25	140
20	279
0	77
1	63
1	223
0	132
8	0
0	1
0	1
0	0
1	71
240	5770
0	2
1	241
0	4508
1	3569
2	4618
0	87
4	2219
15	361
0	267
0	333
2995	2
11	1586
86	1565
7	608
104	3
4	84
82	87
13	142
3	9
12	2
831	15
0	0
4	0
0	15
27	0
0	6
0	6
0	3
0	5
0	3
51	774
36	801
20	398
14	184
20	88
0	132
10	1
0	285
9	997
262	997
2	1
0	18
4	17
1	46
2	9
0	13
0	4
0	1
0	0
0	0
0	0
0	8
0	0
0	0
0	46
261	82
2	38
1175	711
77	711
203	236
0	80
0	107
1	119
6	107
1	0
39	51
0	18
289	5568
15	5567
30	401
1	382
1	169
4	164
109	202
0	250
4180	959
0	651
121	956
35	16
411	492
20	197
0	8
0	1
0	8
226	260
67	197
10	257
0	65
7	238
7	0
1	0
2	54
1	32
0	267
634	6
0	0
0	0
0	0
0	0
0	0
0	447
7	447
15	231
27	673
0	509
0	579
1	305
2	4
0	16
0	632
0	5
0	38
0	38
0	46
0	69
0	29
0	4
0	22
0	67
0	2854
47	2222
0	2804
0	1963
5	27
3	187
36	2621
329	12771
3	897
441	8203
11	0
13	11823
0	10906
0	219
6	0
0	1043
0	462
0	594
26	1506
321	2490
0	1108
1	1563
0	1170
0	2882
0	2681
20	382
8	245
1	223
1	310
1	179
101	151
0	17
1	19
0	37
25	3
5	208
19	159
0	114
44	197
11	3
0	113
3	544
6	485
0	256
14	321
45	305
1	17
2	657
148	1233
7	967
1	150
6	181
0	0
31	2518
8	2519
116	2505
8	14
4	12
8	298
0	23
11	1489
1333	1496
38	5
298	0
0	96
0	113
0	86
0	2
0	19
0	0
0	0
0	0
0	0
0	0
0	0
0	0
0	0
0	0
34	274
8	274
133	33
0	33
4664	86
0	0
6	83
4	57
22	1072
0	50
3	33
1	73
272	1083
160	525
2	525
193	158
4	158
0	51
0	167
0	481
0	496
103	343
32	259
88	2
26	383
0	48
0	169
13	198
1	122
4	9
0	63
224	0
0	0
0	0
0	0
1770	478
0	477
43	0
150	5731
88	6096
2	168
0	0
39	5943
490	149
3	110
9	4
0	0
0	34
96	1201
0	1164
0	1170
89	1210
9	620
3	318
0	88
11	57
0	48
227	5440
5	3610
90	0
2	3353
0	5439
20	0
46	4
62	4594
18	2716
18	4590
116	1341
3	364
0	200
0	935
4	40
0	19
4	44
0	66
0	15
0	29
20	190
25	1982
1	2308
20	1211
0	287
8	452
3	24
2	1101
6	256
3	346
80	22
0	21
108	204
294	359
4116	4
1	749
0	1045
6	1020
21	1041
2	1
5	257
45	250
0	1017
7	7535
311	7719
137	158
5	1131
91	1161
13	779
6	10
29	259
0	0
23	214
3	5
32	0
3	0
0	6645
0	6622
16	755
15	1586
93	2007
0	2110
3	0
0	42
0	19
1	1956
10	307
2275	308
0	5
883	5
12	4
0	3
25	33
0	29
9	11
3	0
0	0
714	1109
1	1050
0	0
1	67
5	661
91	655
17	285
11	316
0	436
18	15
0	12
0	8
4387	13
0	8
4	5
18	3
1	0
1105	2723
1	1961
0	861
0	18
8	1532
151	1360
51	687
11	126
18	116
0	31
0	111
1	42
0	0
4	0
0	0
151	3264
2	2873
1	2072
11	617
5	8
1	4230
111	643
2	643
0	132
1	556
0	5
29	247
1	183
0	561
227	16014
541	16013
49	16015
7	14015
2	6510
59	728
0	651
79	2080
0	673
37	751
2	412
3	79
0	15634
2492	2
41	506
0	465
0	263
0	270
0	0
45	487
0	2
0	82
8	3
0	13
0	4
0	1
0	4
0	0
0	0
0	0
0	6
0	0
0	0
0	0
0	13
0	2
180	291
35	291
2	3420
146	3867
0	995
0	326
0	162
1	162
0	19
53	2137
3	36
0	199
0	2189
14	1829
107	37
71	62
29	0
1245	1
825	1
8	0
11	760
0	294
394	1387
705	68
7	68
7	1264
1	654
35	710
0	849
5	2
6	1
16	252
2058	778
2	778
7	368
457	166
0	175
0	82
0	84
0	96
2	96
2	91
0	72
0	14
0	57
0	15
0	24
2	2
1	0
2	0
14	104
6	104
28	6812
5	1095
2338	7416
3	784
1201	1385
173	1244
343	5715
0	0
0	867
6	873
2	444
12	884
0	2
10	647
31	0
1	2
0	18
0	10
73	8
5	199
0	261
7297	1561
0	1390
0	1488
74	871
0	1324
0	1315
123	2291
0	1103
3	1934
24	481
15	192
1	0
0	4
2	4
0	0
0	2
0	2
0	2
0	0
186	157
0	15
0	88
0	100
478	578
0	462
0	424
15	434
0	397
3	0
0	360
1	26
2	6
0	28
2	39
0	108
0	11
1	11
1	11
1962	340
0	33
11	25
3	2
0	328
48	878
73	877
8	72
56	0
2	1857
39	4389
0	3659
0	3346
28	1297
0	270
0	155
2	341
6	36
2	2657
0	3602
2	3496
0	3529
8	3497
31	1054
1	133
0	3
7	10
7	750
291	131
3	80
0	695
0	850
2	5
2	6
78	768
50	693
0	40
0	0
2	0
2	13
0	8
635	0
0	4
7	4
4	0
11	169
0	168
0	132
17	129
2	0
0	25
0	4
0	129
0	0
4	1
0	1
0	0
0	0
0	0
0	0
0	0
0	0
0	0
0	0
0	0
0	0
0	0
0	0
0	0
0	0
0	0
0	0
0	0
0	0
1264	1403
0	1403
1	125
3	117
40	42
0	42
2	24
0	0
0	10
0	10
0	0
0	0
11	816
94	834
0	256
1	57
0	22
24	0
8	0
0	31
0	25
1	16
0	0
0	0
0	5
0	0
1	5
0	0
0	30
23	0
0	0
3	568
0	444
0	576
0	149
1	259
0	119
39	0
0	0
0	552
259	1084
16	1083
229	301
14	860
169	3054
242	3054
17	0
112	419
9	32
4	2
4	0
879	387
1	87
10	165
35	58
0	3085
24	3063
2	25
9	12
2	28
2	51
22	67
0	425
4	371
0	51
18	2800
7	56
0	55
0	53
0	0
0	0
239	1
0	249
2	264
0	242
2	242
4	236
2	72
0	45
21	5
12	20
0	0
0	2
0	2
7	18
2	20
165	2434
170	1953
2	2280
6	316
2	136
0	1993
0	0
0	53
29	108
2	18
160	2
1	2
338	0
0	121
0	120
27	29
1	458
14	455
0	342
0	413
12	45
0	4
0	0
0	4
803	4475
5	4363
0	741
0	97
2	107
0	107
7	81
0	6
0	2
0	0
5	29
0	35
0	15
0	0
0	0
19820	39011
896	38061
329	1456
30	189
0	74
0	74
0	28
673	30
0	29
5	35
3	498
25	339
0	16
0	91
0	61
0	4
18	48
1	60
0	16
0	134
6	14
20	1077
1	982
249	147
2	12
7	8
9	21
0	43
9	66
0	53
2	166
5	49
25	75
5	0
2	431
1	454
6	408
7	526
6	503
1077	0
31	2772
47	3079
23	1478
0	456
5	112
0	242
935	7152
10	2001
0	1881
3	6954
68	1438
0	939
4	1104
0	412
17	460
0	81
2266	863
4	861
6	117
1	197
1	197
1	104
2	77
6	7
29	19
113	433
6	536
0	462
0	66
0	108
7	66
0	0
0	0
0	0
15	31
0	31
31	79
0	163
12	133
0	172
877	0
0	0
2	9
1	9
0	833
0	87
8	493
2	5
0	5
0	885
0	0
1	172
3	174
2	92
5	69
0	78
44	156
0	78
4	29
24	215
1	148
0	67
0	0
0	0
2	74
60	100
0	7
0	86
2	60
69	43
45	28
0	6
26	9
500	897
7	897
72	768
122	808
2	80
4	19
3	5
0	0
0	5
0	1
0	0
0	0
0	1
0	0
0	5
30	19
1	19
0	44
3	231
0	270
11	259
0	65
0	50
0	262
0	79
43	65
1	164
0	356
3	217
3	235
5	294
5	0
0	1
0	0
1	22
0	44
3	25
2	12
0	120
0	141
0	0
0	0
0	0
0	0
0	0
0	0
0	21
0	1
0	0
0	0
0	32
1	17
1	0
0	31
0	26
1	10
0	0
0	0
0	0
471	7459
329	6346
400	7323
15	152
52	2262
3	82
4	118
0	159
0	5
2	33
0	2262
6	52
5	4
5	56
0	3862
56	3834
58	3052
13	2932
0	5
5	223
3	1655
0	2084
0	0
0	6
0	2
0	0
0	2
0	1
0	5
0	6
1	6
0	4
28760	14
9	280
59	267
50	199
2	99
0	105
6	90
0	43
0	0
0	0
1341	1166
0	852
0	592
5	30
208	112
0	112
237	16757
41	13355
0	1848
26	13675
2	178
1	501
0	2048
0	1753
0	1912
1	1122
566	1
2	272
1	201
16	41
17	53
5	658
3	216
511	1281
6	1097
84	681
72	317
169	579
20	588
61	468
88	459
0	476
7	306
1419	0
13	34
0	34
44	0
0	0
0	0
0	0
467	37
2	37
375	0
1	0
46	800
3	262
1	48
0	538
2	0
0	20
19	381
324	381
7	177
19	100
1	168
0	91
0	168
1	15
5	27
11	0
256	242
49	242
3	1
0	0
0	0
0	0
196	3787
13	209
32	1028
10	287
1	284
44	0
3	68
82	2577
2	75
6	66
12	93
0	5
22	1
42	1775
27	1695
31	708
9	845
151	803
4	1151
0	0
9	58
4	77
0	52
0	0
0	5
3	0
0	20
0	39
0	36
0	17
0	0
0	0
0	3
0	3
0	0
13	101
0	39
0	79
794	126
4	55
2	19
19	99
40	20459
0	15705
0	15559
0	3199
7	3041
0	20912
0	21772
0	16158
0	17018
0	16012
0	16872
61	988
158	0
175	66
0	12
0	60
0	4
0	18
0	3
466	1103
0	843
1	1103
2	666
1	4
2	324
0	337
8	124
0	3830
21	1
19	3908
2	0
1	258
0	3578
0	1840
0	4002
0	0
0	11
3	10
0	11
0	0
0	4
0	1
0	0
0	3
0	0
0	207
0	43
0	239
18	155
0	256
1	0
0	0
0	0
0	0
0	0
0	284
6	279
0	303
9	8
0	61
0	61
0	260
0	0
0	1897
145	1898
3	143
0	225
2	60
7	331
0	1874
0	82
0	88
0	88
0	72
0	83
0	29
5	65
1	36
0	39
0	1
1	8
0	3
9	63
62	2219
0	2100
2	437
17	186
1	1
0	0
0	0
0	0
3	241
323	221
0	150
1	18
1	38
1	63
4	18
0	0
1165	769
5	768
48	2
0	22
1690	674
0	672
5	463
3	155
0	0
0	118
0	0
0	18
0	17
0	21
0	118
0	121
0	121
0	93
6	220
11	829
188	550
17	101
0	415
0	103
0	117
7	181
1	24
2	5
12	75
1	0
1	72
0	10
10	170
0	0
0	181
7	172
0	143
0	0
14880	12
0	4
0	0
0	0
0	0
0	0
0	13
0	0
0	13
37	83
2	83
0	6
10	121
130	120
1	8
1	25
1	4
4	102
133	522
24	510
17	462
0	460
13	509
4	71
0	307
3	218
1	181
4	87
9	123
0	114
0	77
106	60
0	10
10	1
0	60
17	47
10	4
6	204
0	175
0	0
0	202
1	371
118	371
0	71
19	157
0	0
7	0
114	153
0	27
2	147
1	46
0	7
0	6
0	1
0	0
0	7
0	0
237	11
0	11
257	78
1	78
0	0
0	5
0	5
81	10
0	0
0	10
3	77
46	467
21	241
0	1772
0	1864
0	1448
123	196
419	266
0	1796
666	265
0	101
0	0
25	45
2	11
0	263
36	1106
25	201
7	745
1	960
1453	4936
3	3813
18	1662
128	1964
1	563
0	360
1	382
324	0
467	308
0	291
0	21
28	6
0	3
0	3
37	0
2	51
0	51
4	22
0	8
6	118
0	76
12	113
0	13
0	4
0	39
2	39
0	17
0	9
0	6
5422	9067
8	9066
38	3691
0	3
0	0
1	0
0	0
0	3
3	2642
0	1025
0	2494
4	13
0	212
15	238
0	0
10	19
106	67
0	2
0	44
0	45
2	41
0	0
0	0
0	0
845	52
2	50
1	3
0	0
0	3
851	804
0	52
0	0
0	1308
7	1308
0	1111
11	1495
37	1123
0	1459
0	1177
0	1228
0	1226
1	982
0	325
0	546
1	379
0	97
0	103
0	173
0	118
0	106
0	77
24	85
0	5
1	129
0	185
15	0
0	222
0	222
0	133
0	16
15	11
0	0
327	230
3	72
0	1
6	1
0	171
2	143
0	5
379	10738
7	7360
2	338
29	9009
11	1539
0	124
838	2373
21	2385
38	1255
1899	4301
16062	5590
1	1617
16	1405
5	437
0	99
6	394
1	446
0	422
0	396
0	431
1	23
0	340
16	18
1	12
4	0
5	70
2	0
58	44
0	1
5	50
1	26
0	9
0	8
1	9
2	123
1320	592
0	550
7	5
0	23
1	465
2013	465
253	19
0	19
423	4394
23	4372
8	1660
8	2076
6	1270
2	1208
2	68
0	3
12	71
0	61
4	50
0	62
0	52
0	16
0	7
4	10
27	15431
0	15291
3	6863
0	9819
0	809
13	1139
0	6857
0	853
0	1139
0	2041
0	586
37	1235
3	562
6	5626
7	2644
5	2656
52	1897
0	1677
2	1675
22	1259
0	2648
5	518
42	509
1	219
24	251
0	0
0	0
0	0
0	0
0	0
7	30
16	673
110	671
4	388
0	47
0	70
0	105
20	411
0	413
0	388
17	5506
84	5339
6	4984
1	1373
0	85
0	223
8	457
0	68
28	171
0	168
4	370
23	295
13	295
0	150
2	150
1	140
1	0
0	0
0	0
0	0
0	0
0	0
0	133
0	134
0	0
10	91
0	150
1	162
0	0
0	0
0	0
0	0
0	0
0	866
15	529
0	1221
0	551
12	1023
2	6
0	6
0	16
0	1152
24	1010
1	180
3	0
0	7
1	71
0	14
7	30
20	1
4	2
0	68
0	236
7	598
0	0
0	0
0	0
0	0
0	0
0	0
4	516
21	485
2	342
0	494
0	46
0	83
0	0
0	21
0	0
10	44
0	372
0	255
56	119
9	64
2	65
2	70
0	63
9	78
0	11
0	20
1	1
0	5
0	25
0	60
1	21
0	26
1	11
111	307
0	552
11	481
19	2802
0	3060
50	2877
46	2845
2	102
4	128
2	341
19	0
0	298
3	191
0	4
7	169
0	241
45	304
1	4
6	20
2	12
0	18
0	16
3	8
3	10
0	0
2	3
0	3
0	1
0	1
5	41
0	9
0	0
0	0
0	59
0	522
0	485
37	500
16	151
18	15
42	183
25	189
2	15
3	533
0	1403
16	69
0	74
0	88
2	8
2	11
4	1403
0	15108
1	14595
0	439
13	1824
0	692
0	0
0	89
0	1543
14	12990
0	3267
4	665
28	5
10705	72
6	66
154	838
16	831
10	53
0	7
118	3
0	3
1865	1
171	0
17	7
1	2576
59	2359
0	78
0	2496
7	0
0	2695
16	2334
23	314
1	2290
22	0
1	113
93	4
15	4
64	1327
1	527
0	184
51	2
5	14
5	1
2	0
0	370
0	840
0	45
0	70
232	7990
11	159
10	4428
0	965
0	4148
4	487
7	104
74	3
27	5608
1	2984
2	22
0	22
0	2
1	2
87	460
2	307
5	441
0	207
11	127
0	22
0	98
0	0
1	143
14	68
6	6
363	0
105	1662
7	1662
2	224
19	227
4	18
5	77
0	1441
1	1400
0	1357
0	221
0	1115
12	59
0	1325
2	569
0	39
0	744
1	1138
0	745
0	1
0	596
0	117
103	880
0	60
0	1560
0	0
0	0
15	206
0	212
0	153
2	26
0	25
1	25
4	57
382	104
0	104
1	9
0	9
0	0
0	0
10	2
0	2
2	2
0	1
0	0
0	0
1	398
0	237
10	307
0	250
1	156
0	139
0	129
0	37
8	150
0	0
1537	74
5	73
11	55
21	34
1	24
3	11
0	1
0	1
0	0
0	425
1985	428
0	119
1	1077
7	41
0	17
0	345
10	269
6	111
4	1288
15	1476
15	2211
181	2396
15	69
5	227
18	576
5	714
15	419
0	382
72	249
20	158
10	65
0	94
4	16
2	61
0	24
2	578
250	324
240	332
57	175
5	9
0	2389
697	2389
169	1490
303	1510
15	1437
29	681
1	581
2	0
0	94
285	211
0	0
36	104
9	142
6	863
3	252
4	5
8	57
0	849
0	0
0	0
2	0
0	0
94	239
37	239
10873	216
157	145
26	84
2	52
0	0
0	136
121	60
12	1
13	7
0	0
0	5
2	31
1	2
0	5
0	0
1	19
0	0
0	1
0	16
0	11
0	2
1	0
11	11204
0	12929
24	5890
0	485
220	13680
26	4429
0	2229
111	1671
789	1429
11	2452
0	14
8	2378
3	169
25	187
0	596
49	2460
20	700
0	41
18	2206
0	1698
4	58
8	375
15	360
23	94
0	30
0	45
0	240
17	1061
6	1020
1	119
3	1035
27	859
3	126
166	416
67	113
0	51
54	120
18	101
0	35
5	79
54	1127
1	413
2	0
12	5
0	1120
1	0
0	0
1	0
2	0
0	0
5220	167
2	167
1	0
3681	9467
39	8551
63	8836
7	573
0	2083
12	1008
76	2063
12	561
2	919
6	1370
1	1465
8	571
2	2465
2354	3730
6	1389
1	2516
431	0
0	0
194	2886
18	2818
13	1957
35	300
9	157
6	294
29	20
63	406
2	12
11	160
0	97
0	64
10	154
2	118
12	63
0	121
0	15
3091	1359
23	186
6	984
17	0
0	142
0	153
2	337
6	149
0	147
1	94
0	7
0	90
44	517
11	46
6	417
14	65
2	154
0	21
18	42
39	52
0	79
0	136
28	0
2	90
0	141
0	30
6	119
0	120
6	7
41	2091
76	2059
9	191
0	0
7	0
21	27
4	88
10	62
2	47
12	55
0	29
0	2088
20	1117
10	2088
40	530
35	530
10	22
85	0
0	0
0	0
0	13
0	13
1	443
0	185
840	1437
376	521
6	918
0	7
0	0
0	0
0	0
0	0
167	0
0	0
0	0
1	0
0	7
0	0
0	2
0	0
0	0
382	1895
1347	1889
0	0
0	0
0	0
0	0
0	0
0	96
0	0
0	0
0	0
0	0
0	0
0	0
0	41
0	0
0	0
308	0
0	0
30	5
0	0
0	0
0	0
0	0
0	8
0	19
0	113
0	0
0	11
0	0
0	0
0	0
0	0
0	0
0	0
0	0
0	0
1	1
0	800
0	27
0	649
34	695
40	572
0	704
0	0
0	0
0	0
16	595
46	595
2	43
33	4307
7	250
13	3038
47	3356
0	2915
3	386
28	13
0	875
62	74
57	2362
43	297
0	351
0	422
19	423
73	1617
19	1709
7	630
37	194
0	4
3	47
6	716
940	888
0	823
0	234
5	0
0	886
2	519
0	0
33	501
5	0
6	20
0	7
0	44
0	343
3	1
155	969
1134	1218
2	281
0	1077
12	899
0	1014
108	875
0	81
231	619
30	0
20	178
4	140
0	4
1	105
0	92
3	11
14	7
0	139
166	217
0	15
0	85
0	127
0	57
2	35
1	12
247	13071
311	13071
2339	4403
1768	4377
22	1
1	276
0	1299
5	1111
1	1066
1	131
5	7
543	0
443	742
4	133
1	609
4080	2848
26	450
102	2393
142	106
0	106
13	2542
3	1800
2	1548
0	1520
297	1658
9	1516
3	71
0	212
0	144
0	16
0	41
0	0
0	0
2	2545
0	1634
12	1691
6	120
6	181
20	88
56	16
10	106
0	1254
0	0
0	0
24	28
0	2
0	7
0	23
471	0
0	0
0	0
0	0
0	0
0	0
7	0
886	1150
0	967
2	49
8	204
0	129
0	57
314	5036
34	225
10	70
55	1912
0	4739
0	7
4	17
1	6
0	5
1	1
0	10
1	0
0	2
5	1
656	643
11	189
0	181
0	397
0	43
0	0
0	0
0	7
140	2071
778	238
23	1552
11	1860
25	28
3	13
2	14
0	39
5	859
10	1114
346	1114
160	640
9	101
0	641
0	73
29	35
46	0
59	6064
30	5177
204	5542
2	1639
8	1399
7	1596
13	910
25	3
231	5568
738	39
1	39
8	337
253	465
1	34
2	94
0	2
312	882
7	0
0	16
0	26
73	848
2	10
18	0
1	171
0	0
0	0
0	0
0	0
39	389
1	133
0	96
20	534
0	81
11	13
0	1
7	299
5	199
11	8
26	83
0	0
0	0
0	213
0	439
11	444
4	168
0	436
3	75
2	328
7	262
0	81
13	164
0	2
0	0
0	0
177	1
5	1
17	311
0	242
2	34
5	279
0	254
1	96
2	0
4	12
0	0
0	0
0	0
0	0
0	1
27	324
1	44
34	324
2	5
922	3914
6	3914
1	150
17	150
0	104
2093	397
0	0
0	0
90	2566
0	2708
0	2585
13	71
0	438
2	2663
29	376
1	305
13	78
0	0
0	2
52	2
65	0
2	2
2	2
1397	294
0	136
0	84
3	0
4	34
0	123
101	0
0	0
0	0
0	1
0	1
37	1354
83	1543
0	1645
36	1616
812	6
17	2836
0	4753
0	6060
2	5982
233	6895
260	7446
85	138
0	6
0	1155
77	516
31	2337
0	2692
11	89
1	215
0	0
55	431
1110	370
0	287
0	82
0	0
0	0
0	0
0	0
0	0
24	266
259	1463
7	131
2	137
2150	1459
786	137
0	0
5	18
0	1
4	119
0	1539
42	2286
2	1871
13	1512
1	456
4	162
2320	8000
26	3303
13	4
38	381
7	670
0	662
26	170
2	0
0	7916
242	2148
5	73
17	63
2	6
62	2025
1	41
0	117
6	0
1	97
6	150
0	13
0	133
0	1
0	72
0	0
0	0
3	34
62	5773
1	49
27	12
6	5196
0	4895
11	112
0	3422
24	3013
0	5452
0	5075
3	2
4	20
0	4122
1	563
46	144
23	212
4	118
1	994
0	5751
0	5620
35	187
0	70
1	69
1	30
3	21
1	16
56	362
0	79
0	28
3	289
0	4
0	7
0	0
88	307
0	145
0	231
7	4
4	24
0	0
0	0
0	0
1	255
2	1017
0	1396
10	1474
58	576
6	781
0	0
0	71
1	39
0	0
1489	1452
0	313
0	1239
0	1299
0	973
10	1272
2	156
20	26
0	0
1	157
2	123
0	0
0	1194
0	0
13	3539
0	0
0	0
0	0
0	47
0	23
0	47
0	4
0	2
0	2
0	4
0	0
0	2
136	2670
9	1006
1	1820
0	1651
0	1149
8	2052
0	0
157	914
16	323
1	0
1	808
0	68
0	104
1	28
13	30
9	35
23	39
0	9
1	0
1	7
4	5
0	1
0	1
65	129
0	121
0	120
0	112
0	64
11	12
0	20
0	6
3	3
1248	11
0	9
0	0
573	679
0	597
9	82
3	0
176	0
2	545
0	314
9	154
3	15
8	146
7	98
0	13
1	34
0	24
43	5
20	2
6	129
3	184
18	130
11	4
0	4
52	1230
21	1228
4	615
712	1839
18	19
9	203
0	1579
20	1579
5	60
0	31
1800	738
0	475
4	230
189	159
1	159
1	0
4	0
17	0
0	1510
0	1862
5	1702
93	1625
0	374
42	3902
553	3868
22	2913
30	2
0	2632
0	2632
0	2542
0	79
264	778
53	787
0	538
0	16
0	483
0	242
0	55
0	31
4	159
2	132
0	14
335	0
17	258
7	258
0	3
0	5
0	4
0	0
19	0
3793	1
0	44
0	9
0	44
0	9
0	1769
0	196
15	223
0	0
0	0
0	1842
0	1826
355	1293
131	1311
24	18
0	219
59	132
0	2
6	75
7	38
32	67
0	108
7	72
0	35
3	62
1	107
32	54
2	1
18	8
20	11
0	1
0	10
8	1
0	0
0	0
0	0
0	1
3	33
12	33
0	0
0	0
0	0
384	24
1	1
12	0
0	23
73	78
13	20
1	0
12	5
0	0
0	0
0	8
0	10
0	2
21	36
1	3
0	3
1	3
0	1
0	0
3425	1
1951	1
0	0
0	0
0	0
157	158
1	6
0	0
2	133
0	31
1	3
2	1
65	0
0	0
1	0
0	0
8	507
7	490
10	275
2	153
0	272
0	1
0	3
0	2
0	1
149	0
6	440
25	645
0	167
1	67
0	164
0	110
0	1
0	0
0	0
0	0
1732	723
5	14
140	621
2	392
24	483
61	420
0	6
0	126
0	0
0	0
0	0
0	0
0	3
0	1
0	4
4	549
193	551
0	486
14	0
26	1
1417	3048
24	2702
0	132
3	1148
0	108
0	740
0	67
1	7
87	4
122	55
64	108
0	8
0	0
0	3
0	8
613	76
4	75
0	20
0	8
0	8
0	0
107	983
2	1122
734	2407
40	1954
15	52
1412	3958
20	3752
125	3766
6	425
8	159
11	218
0	41
3	66
2	9
0	306
0	322
106	41
3	571
9	248
0	482
0	13
0	0
0	0
0	12
0	13
45	0
17	200
545	285
0	26
3	54
0	57
1660	1057
0	1057
0	1
0	2
0	0
0	2
0	2
0	0
521	1439
0	2031
13	1076
0	1424
0	459
560	829
8	2075
841	43
1	43
0	0
15	2
289	385
1	451
17	444
21	105
0	97
0	42
0	0
4	14
29	351
3	351
12	0
1	331
40	346
0	47
1	346
6	69
0	76
11	10
0	100
1	76
0	200
0	161
0	112
0	162
0	158
0	138
0	109
0	169
0	92
0	15
0	113
0	106
295	255
65	253
24	253
1	1
6	289
49	358
7	49
0	81
2	72
1	21
0	84
0	9
5	24
0	19
22	0
5	32
14	24
0	9
0	33
0	0
0	0
0	0
0	0
62	1378
211	1598
10	629
298	1194
0	263
31	1105
0	472
15	2
0	326
90	139
1	27
1	27
4	103
0	103
3102	4
0	4
0	4
0	4
0	4
0	8
1	8
0	8
66	1313
6	1310
0	1128
0	420
1	363
0	20
1	101
0	0
24	0
754	0
3	41
0	0
0	41
0	0
0	2
0	2
0	0
0	0
0	0
65	4615
5	7
0	4615
304	597
1	572
0	20
7	27
0	58
1	0
0	0
29	304
0	876
1	3342
0	388
3	4239
0	4246
5	172
0	224
0	4824
0	0
2	9
8	883
0	8
2	362
0	3419
0	8
0	1454
1	7
115	5
0	195
0	13
3	2895
0	43
0	0
14	0
0	4447
2	161
2	87
1	129
1	40
1	149
17	1
8	2
84	2393
16	0
1	4824
789	68
0	8
0	61
4	0
0	0
0	0
135	275
2	274
0	1
1	100
0	1
57	0
0	100
0	1
1170	560
10	559
0	138
0	248
0	372
2	0
27	0
0	0
0	0
0	0
4	0
1868	1476
2	4
2	1140
0	593
3	1466
13	1170
197	74
5	7
2	32
5	47
6	102
82	238
9	6164
8	5143
23	1809
0	6254
0	4403
116	4976
16	3799
5	2870
0	3027
276	4536
0	330
5	1922
0	431
24	0
5	70
40	477
96	2961
8	5817
1523	1
22	548
3	559
2	439
7	428
0	557
6	545
1	70
13	0
57	1162
1	1244
26	1
23	1
2	92
0	18
21	26
1	18
0	9
0	8
0	11
0	5
0	3
0	0
4	1142
3	3996
37	4280
5	2086
9	162
0	157
10	269
0	157
40	476
0	196
1	35
67	1279
6	2
0	10
3	87
0	297
1	14
9	177
1	77
1	1505
14	1517
108	1293
17	1416
9	1388
0	1089
107	959
15	22
10	80
0	347
442	921
3	44
0	11
23	65
0	921
115	0
6	1426
103	1445
4	5
0	773
0	10
0	16
0	9
0	4
8	68
4	4422
52	4224
55	2552
21	4411
1	7
99	264
3	36
0	257
137	131
0	132
0	142
6	44
1	0
6	0
104	482
2	340
0	382
0	241
4	0
0	0
0	0
1	35
1	57
29	3552
293	3495
11	758
788	998
1	225
0	57
388	1750
93	1665
0	330
9	168
5	73
19	383
2	14
0	4
0	8
65	487
0	337
0	353
0	181
0	172
5	110
4	145
1	0
2	22
0	2
8174	14778
4703	14992
1	3755
2	1065
0	1278
107	890
75	258
86	3905
106	3476
0	0
0	0
0	0
0	0
0	32
0	20
0	10
0	23
0	13
0	16
0	1
0	2
5	6
83	1461
0	11
1	12
0	101
0	1314
0	41
4	0
10	1366
0	0
1	0
0	275
8	0
12	1544
7	34
191	1572
35	1581
0	734
1	13
10	9
113	36
26	0
399	54
2	39
18	15
54	388
6	361
0	60
20	28
0	14
0	6
0	60
0	3
0	16
734	8418
274	8240
54	1579
39	963
18	0
14	22
32	231
868	438
8	156
8	126
2	98
38	191
4	127
1	46
0	4
6	29
0	6
28	135
0	23
2	141
3	4
0	2
0	2
0	2
0	0
0	0
0	3
0	4
0	0
0	0
0	2
0	0
0	0
0	1777
194	1777
0	1
0	1
0	13
0	9
0	1649
39	182
0	0
0	1
0	1
14	44
6	0
0	1170
4	1110
5	1479
4	1916
1	1451
0	40
0	121
6	1807
0	1266
1	97
1	227
0	1890
0	1110
0	0
0	1168
0	1506
0	1105
0	0
0	83
0	201
0	64
51	70
152	3
3097	21
2	19
136	4246
1	422
353	4093
1	719
1	416
9	261
2	330
1	280
3	22
0	359
1	259
4	0
13	41
2126	1
40	4471
5	4127
11	536
10	12
106	1214
6	31
7	391
4	1284
2	0
3	0
421	975
11	943
25	0
0	150
1	0
6	7
9	26
3587	4933
0	4581
0	3208
27	731
124	2480
0	1626
25	133
0	509
0	235
13	23
15	471
2	2
0	2486
2	61
0	61
2	61
1	61
0	6
0	5
1	21
0	16
0	10
0	10
0	0
0	0
0	0
0	2
0	0
0	2
0	1
293	5520
7	13515
0	43107
73	47360
0	22321
0	333
2	3116
2	6661
16	1706
5	140
14	7
82	30
0	43103
86	370
0	111
3	168
22	116
0	67
2	199
24	25
2	78
0	0
53	8041
52	8041
12	8237
0	1
6	11
2	7972
1128	2607
1	559
0	8
22	74
1	121
0	331
197	2321
0	741
0	1242
15	429
0	695
0	681
0	1199
0	635
0	681
630	627
0	29
4	165
1	22
0	116
0	82
0	479
0	341
2	33
2	1606
0	1290
0	936
6	919
0	247
0	725
0	642
0	435
1	0
0	221
1	167
0	80
0	1579
0	805
0	1732
0	1328
781	1737
246	298
5	38
8	240
2	177
0	48
0	80
0	0
41	134
40	134
0	78
549	887
109	887
3	1
1	0
0	1
0	1
0	0
1104	1736
11	728
11	860
0	238
2	1094
1	10
5	1056
6	439
408	484
10	486
2	238
0	1
83	26
0	14
24	3192
73	1780
21	0
1	12
1	104
1	1140
2	1009
12	216
1	156
0	48
0	3233
2134	1671
0	3
0	1650
3	1
141	776
4	759
0	177
241	5508
247	1764
0	4536
1	3
57	4
10	2
4	1
0	1067
5	0
8	3
33	34
1	0
0	0
4	34
15	23
159	398
2	400
10	2
48	106
12	94
0	25
1	79
0	8
173	167
4	2
0	153
0	20
1	5
1	0
0	0
0	1
3	15
34	25
5	53
0	0
4	42
760	303
0	33
12	179
3	231
0	85
179	194
0	12
1	34
19	42
0	37
45	27
0	8
0	0
82	6747
0	6747
5	4983
1	3
0	84
23	71
5	1
1	163
7	106
0	6746
0	3931
177	975
0	3086
6	2340
3	151
21	2104
12	2516
5	2446
1	2476
9	877
15	55
2	247
3368	2
23	0
0	0
0	46
1137	1329
24	1240
17	71
35	2258
0	2405
0	268
0	109
10	1857
0	0
1	2
12	24
0	27
83	2
9	0
0	0
0	0
0	0
0	0
21	403
0	369
5	38
30	0
2	86
24	114
0	6
1	23
1	1
15	10
0	9
0	7
16	6
2	44
577	2849
7	1258
2	360
75	2312
80	323
3	228
0	8
3	48
60	1332
143	73
0	61
1	11
19	100
0	132
101	453
0	496
175	658
13	187
21	168
0	108
2	8
8	27
0	0
0	484
43	485
9	4
2	384
235	71
0	0
0	70
0	5
0	5
0	1
22	588
30	80
22	409
0	277
0	232
23	148
8	2
25	5
6	322
1	132
0	508
9	509
0	319
144	98
0	0
0	7
0	96
0	1165
4	1167
0	606
0	597
99	147
3	333
33	237
0	107
0	92
7	56
0	99
6	3
39	25
6	71
0	0
0	0
0	0
6	0
0	0
0	0
15	24
3	24
0	1
0	0
0	1
10	1
42	432
0	432
0	50
3	0
3042	111
2	59
4	50
2	1
0	1
0	0
0	0
0	0
0	0
0	0
0	72
0	56
104	301
0	13
1	325
129	170
0	18
0	0
1	0
0	0
1462	3849
0	3848
0	0
0	0
3	781
5	756
0	144
0	48
0	47
0	0
3	0
0	0
0	0
0	0
0	0
0	0
0	0
0	0
0	47
1	47
1	0
0	1
0	694
6	141
12	694
9	2
3	0
27	831
0	998
0	925
360	497
0	98
0	65
0	122
46	34
0	147
8	293
2	490
0	0
0	0
0	0
0	0
0	0
0	0
0	0
38	31
7	351
46	345
2957	1
86	678
21	30
0	506
19	506
11	296
2	111
1	307
4	306
4	387
0	0
0	0
0	0
0	0
821	0
0	0
0	0
0	0
1	30
1	32
0	7
43	4
16	107
0	22
0	0
0	0
2	159
0	160
1	80
371	1107
2	1052
0	640
0	63
0	0
0	15
1	0
0	15
0	3
0	0
0	4
0	15
0	4
427	0
53	148
38	156
0	7
0	69
10	32
6	1200
0	1080
4	342
16	155
5	16
4	18
481	584
5	46
0	41
0	88
0	590
10	2
0	2
0	439
9	70
9	1229
0	1338
31	1285
0	42
0	483
0	64
3	145
1	408
1	234
5	0
0	363
0	199
0	53
0	164
0	113
0	61
0	47
0	75
4	627
14	589
0	534
0	26
5	0
2343	53
0	8
0	43
49	938
52	729
9	498
0	664
0	0
0	0
3	36
0	36
0	2
0	6
0	8
0	5
0	8
0	8
0	5
0	1
18107	13
0	2
259	482
7	233
103	475
0	201
3	4
0	0
0	28
3	32
0	22
0	0
0	0
965	356
6	93
2	263
0	1576
11	282
0	1689
46	1202
14	1579
1	172
22	1339
35	75
18	177
0	58
0	0
0	0
0	0
0	0
0	0
0	5
0	5
0	4
6	0
1	0
0	0
0	1
0	1
107	972
299	2069
261	2310
26	1064
3	1056
1	213
58	1577
5	91
5	1339
208	1517
23	739
10	833
5	130
0	13
13	45
0	52
38	3085
41	3085
0	28
2	33
1	0
17	33
46	582
1	54
7	72
0	582
1	0
0	0
2699	2
909	1851
7	1851
8	525
0	226
0	228
270	141
25	141
1302	1498
21	271
157	1511
244	1058
1	34
64	340
0	789
1	604
24	254
1	163
0	19
5	144
0	31
0	0
8	75
0	27
0	12
0	5
0	66
0	49
1	120
31	76
427	2795
0	2635
0	488
0	186
0	0
4	0
0	0
0	0
0	0
13	439
3	431
1	431
22	439
0	36
0	9
0	1
0	5
2340	552
0	45
0	509
391	19
3	17
0	2
0	2
555	3125
3	36
0	348
0	3066
25	90
7	1
0	89
9	11
2	15
13	1413
2	102
62	12
3	12
0	0
0	0
0	0
0	0
2	1692
42	1700
0	4
0	10
1	38
562	695
4	455
4	253
5	11
0	16
37	81
36	88
0	77
0	3
0	12
168	950
29	318
17	448
0	305
26	617
3	153
0	0
0	53
0	51
0	12
0	888
0	0
0	69
0	0
0	2
0	69
0	0
0	0
0	434
14	525
0	38
0	42
3	74
0	44
2	96
1234	142
1	7
98	80
6	80
4	65
0	15
98	894
1	110
2	891
574	3406
14	1797
157	2435
0	10
13	11
2846	3294
6	3274
1771	137
1	136
5	1122
2038	1200
103	78
5	17
2	9
2	8
0	9
139	25160
1	20288
519	23041
8	1
3	1272
0	0
0	0
84	773
11	781
7	672
0	3
0	90
1	78
0	149
771	603
12	588
11	516
0	16
8	5
9	0
183	20
0	78
1	339
4	175
1	1
0	77
834	955
17	99
0	205
0	0
0	995
0	35
1290	31
3	29
250	1359
20	1271
61	1166
0	1282
6	1080
0	0
2	1
9	9
11	568
27	64
2	1147
0	0
0	0
14	75
11	74
2	8
0	64
0	55
5	55
0	0
0	0
0	8
2	219
0	123
0	28
6	162
0	0
0	219
429	157
19	178
16	89
0	0
0	0
1	330
31	339
0	264
2	7
15	41
15	25
40	209
4	10
0	199
9	561
46	493
6	531
3	518
76	46
0	40
9	31
0	8
1	25
0	6
2	37
12	2
19	8
2	23
0	0
0	0
1	534
0	0
32	1484
0	225
1	451
0	445
77	799
48	147
57	488
26	146
0	178
0	0
0	0
0	0
0	0
0	0
0	0
0	0
0	0
0	1
0	1
19	569
1	524
3	27
141	430
0	48
3	166
6	31
9	19
0	0
0	29
0	108
0	0
28	0
0	0
1	74
0	1107
135	1107
0	0
3	2647
180	2721
22	1298
4	133
0	3
0	3033
2189	20
0	0
1	19
0	0
0	0
0	0
729	0
0	127
0	163
7	228
11	113
0	100
4	29
0	0
570	1
0	0
15	118
0	42
4	50
0	52
1	11
8	0
15	58
0	60
0	0
0	0
0	0
0	0
0	0
4	274
0	4
0	274
0	272
90	268
4	0
0	267
12	268
0	71
28	0
45	3107
41	1923
0	319
2	70
0	1
0	55
90	2879
16	2291
5	103
0	19
4	110
32	27
3	186
4	0
1580	2
3523	1401
0	1
5	0
0	1365
5	0
0	203
5	8
94	2286
35	2280
106	1168
58	898
0	0
0	0
0	0
0	0
0	0
0	0
0	0
80	456
1	323
0	238
0	0
0	0
0	0
0	0
0	222
0	222
1	46
0	1
0	1
0	0
4	0
287	42
0	41
2	133
1098	18
0	18
0	0
11	2735
2	147
2	0
59	2686
0	203
0	137
0	64
0	22
2	0
0	29
0	206
0	1
1	126
21	647
1	487
8	681
0	621
1431	235
0	196
0	33
5	3
0	6
0	0
0	0
0	0
0	0
5	33
0	33
0	18
2	0
0	0
2	0
221	354
23	276
0	30
0	99
1	22
0	0
0	1
0	2
194	58
1719	57
0	0
0	0
0	0
0	0
0	0
2	0
0	0
0	0
0	0
0	0
0	103
54	1384
28	1401
0	210
6	72
0	37
0	9
0	0
0	18
34	1
30	0
89	0
34	240
0	2
0	1
30	15
6	23
1	7
1	242
0	1
0	1
0	0
0	0
0	0
2	0
0	1
0	2
0	1
0	1
854	647
7	24
4	39
3	115
0	2
0	4
1	4
1	4
0	2
0	0
0	0
0	0
0	0
1	0
11	496
2	623
2	390
2	426
5	5
4	11
0	39
1	13
11	13
8	267
0	271
2	201
0	53
0	32
0	15
1	21
0	48
0	2
0	13
12	2106
6	589
3	242
1	522
0	583
2	493
25	120
0	414
0	1921
5	928
5	1495
3	128
41	0
0	703
10	2296
0	2150
170	824
90	392
157	220
0	432
45	49
61	28
0	2
0	8
0	30
0	110
24	213
14	103
46	2970
1	303
1	72
0	2046
0	2057
35	2788
1	2548
0	0
0	0
0	0
202	491
0	411
4	118
4	302
0	35
7	1
3	1
0	426
4	4
172	629
13	5
19	142
6	22
6	21
0	5
10	97
5	4084
1	571
15	222
4	15
12	523
3	74
0	71
0	115
0	173
0	263
106	100
0	99
0	380
0	267
2	340
0	396
12	393
3	394
0	398
1	332
0	25
0	117
2	5
0	0
0	389
39	0
0	0
0	4
0	3
0	4
0	86
4	107
0	91
1	80
0	106
0	83
0	1
6	247
2	348
0	8
0	91
1	295
0	8
0	21
0	88
0	77
0	57
0	89
0	154
2	14
0	0
0	0
3539	0
0	524
16	290
0	242
2	339
3	385
1	40
2	0
32	120
9	0
0	389
6	166
2	150
18	7
0	13
17	0
34	110
23	1790
3	14
29	1789
47	1725
0	44
1	88
1	10
29	4
0	4
1	17641
0	17160
4	10615
0	671
120	1917
5	58
95	2596
0	196
11	409
18	1
163	397
19	392
1	107
10	79
13	15
0	9
2	1
0	5
0	0
0	5
0	0
2	0
2	49
10	51
0	36
2870	236
1	2
2	126
0	105
0	1
0	1
0	1
0	0
0	0
0	0
0	0
0	0
0	0
430	0
8	7
0	7
0	0
13	0
0	0
448	1758
32	1851
51	108
0	507
3	386
4	363
0	0
95	252
0	164
8	122
883	0
1	969
0	0
517	4578
1	22
34	4556
80	578
0	687
0	477
16	162
29	15
1399	2272
37	2258
93	2274
0	507
68	212
75	34
110	0
29	49
0	399
0	441
1	516
0	185
262	324
11	3
0	240
0	165
12	29
0	472
0	0
0	0
1183	363
0	299
64	225
1	203
0	188
0	2
9	194
0	19
0	23
19	77
7	48
10	197
0	0
0	26
4	0
0	0
0	0
0	0
0	400
112	817
336	1469
0	81
0	111
2	373
1	1079
1	627
2	648
45	1
169	690
108	544
408	349
0	31
0	41
2	17
0	7
0	0
7	605
36	487
9	447
0	97
8	473
35	449
19	0
0	102
0	0
2	658
19	21
0	658
2	0
0	0
51	1060
61	1089
0	901
3	2
5	0
1	0
0	0
0	0
0	0
0	0
1	47
6	29
874	829
7	486
0	210
0	34
8	535
18	13
1765	718
34	84
115	623
0	656
32	584
3	540
2	108
86	534
1	580
0	67
0	597
0	0
0	0
527	0
250	1674
57	1030
63	1772
0	13
0	843
6	45
1	79
13	872
0	826
22	620
1	525
40	58
13	565
0	59
0	0
0	4
3	3
0	3
0	3
1	0
0	3
66	1082
4	0
0	1
3	89
0	17
0	1082
13	634
17	719
23	718
0	57
0	45
1	12
11	1978
44	2568
15	263
8	1159
48	362
12	62
0	162
5	103
0	159
28	66
994	551
10	150
28	2
1	34
327	56
17	20
23	20
0	22
367	69
0	38
0	63
0	9
10	31
0	456
0	479
1406	504
2	130
0	3
0	3
1	0
0	0
0	0
3576	215
17	74
0	55
17	106
211	1078
0	689
1	984
0	1930
0	1649
11	1777
68	1128
2	117
0	84
11	321
2	339
75	1713
0	72
11	197
0	197
0	839
0	627
0	702
3	143
0	737
6	10
2	59
4	63
2	733
0	556
0	0
0	122
3	490
0	161
4	272
0	118
0	122
38	695
1	181
0	0
20	21
1	21
685	3
88	674
0	508
0	379
0	32
0	263
0	114
0	0
145	280
0	254
0	42
0	236
33	254
3	6
7	50
6	50
0	49
2	20
0	7
28	22
16	11
2	12
1	2
1	0
0	7
0	7
0	0
0	7
58	2547
7	2608
24	3050
97	1690
0	2759
223	2250
0	773
17	233
4	2490
5	2232
0	483
1	0
0	0
0	3
0	543
4	464
0	612
2	461
20	531
0	22
0	189
23	86
0	386
6	143
1	2
20	89
0	25
1	204
0	80
77	25
1	21
31	21
0	542
0	614
0	0
580	319
0	308
3	17
0	0
0	0
3	5
0	0
0	0
0	3
169	226
0	238
44	209
0	60
39502	13040
0	2599
8	6371
19	3018
2107	452
1	351
7	118
706	0
6	2103
18	469
0	5
0	2103
441	2406
189	2406
24	0
0	0
0	1
0	1
0	0
0	0
1	0
33	12
0	0
0	12
0	8
1	8
0	1
0	0
0	1
0	3
1	0
0	0
3	229
1	225
0	215
790	544
1	542
56	351
0	51
1	1
0	1
0	1
372	0
13	0
0	0
0	0
1	268
0	878
17	939
56	897
1	868
1	99
0	135
1	20
10	6
1	31
472	1666
47	794
11	1284
15	231
0	5
1	613
1	216
22	16
0	16
0	99
22	98
9	186
0	24
0	221
0	59
1	154
161	306
0	274
2	38
0	10
0	32
1281	3
0	2
0	2
2	1
0	1
10	0
4	0
0	0
43	65
35	82
3	7
2	95
1	74
4	0
1	4
1	12
0	0
5	6
72	442
3	436
24	1444
5	1714
0	2017
0	101
12	266
0	118
0	331
7	270
6	265
7	57
87	629
0	0
0	596
1	154
0	227
10	563
2	569
11	7
6	7
0	0
0	0
0	0
0	0
0	0
0	0
1	0
0	0
0	0
0	0
0	0
1307	1948
9	1235
7	200
16	1
0	1804
905	1
12122	8887
0	5178
1	7629
36	2693
17	4947
1	10
2	10
0	6
549	574
13	493
5	586
1	1
3	64
0	441
0	0
0	0
0	0
225	1454
3	1170
30	359
16	301
3	7
4	3
0	2
9	43
2	1
0	0
0	16
0	16
1	0
0	0
0	11
63	915
34	493
18	662
51	122
14	4
0	2
7	221
5	151
1	109
8	219
0	62
0	151
0	94
0	259
1	83
0	170
88	182
844	1
0	503
0	451
16	302
10	48
1	191
7	0
4	31
0	465
3824	4844
0	4439
1	2619
26	3016
0	1618
4	854
0	166
2	743
5	798
0	832
1	101
0	51
0	28
28	44
4	36
14	14
1	35
0	35
0	2
0	0
0	0
0	0
0	0
0	0
0	0
0	0
0	0
0	0
0	622
8	512
11	471
9	638
0	190
2060	9
3	8
24	0
6	113
10	13
1	87
0	6
4	46
0	29
0	281
0	26
5	3
2	3
0	35
0	0
0	0
0	0
27	230
0	230
0	0
0	126
1	70
0	135
0	43
0	51
940	410
32	1
29	883
0	389
5	379
15	411
0	360
1	411
1	231
13	864
0	0
0	0
0	0
0	0
0	0
66	59
0	59
0	0
0	18
0	0
0	0
0	0
0	0
0	0
3	284
601	316
0	30
0	0
2	13
0	0
0	0
0	0
8	447
1	226
0	346
0	37
0	45
2	29
0	126
3	31
7	128
0	69
0	0
0	0
528	5522
193	5522
4	1
0	1
0	0
0	0
0	0
0	0
0	0
0	0
3	228
7	647
28	1091
98	1093
1457	168
56	156
0	13
42	2
2	185
0	167
7	152
0	0
0	10
0	88
1	6
138	275
15	275
3516	1560
21	822
2	1399
4	70
25	163
55	0
0	0
16	180
6	180
0	43
3	12
0	44
1	11
0	2
31	57
0	0
1	57
1	22
27	35
0	27
4	6
44	12
0	4
0	22
0	0
1	3
0	18
0	17
0	6
0	21
2045	1
0	57
0	98
9	208
793	209
2	12
0	0
0	0
46	157
1	125
4	170
1	100
3	30
200	1541
1241	1801
12	756
77	698
1	199
1	0
2	1630
0	0
0	0
0	0
0	0
0	0
0	0
7	3
0	1
0	1
0	0
0	1
147	1420
7	1392
23	39
0	27
8	1
0	0
370	51
34	50
0	41
12	32
0	22
0	2
8	23
0	6
35	922
4	293
3	49
5	12
0	916
0	427
641	1688
21	1484
0	5
5	252
0	144
90	449
0	0
1	34
9	160
23	4668
21	4669
185	4706
1	7
0	34
3	4
5205	2
25	0
0	534
7	463
0	150
3	152
0	25
17	69
30	0
949	515
4	512
1	4
4	371
0	897
1162	959
18	267
0	0
0	62
8	84
0	84
11	0
0	6201
92	6173
17	3386
58	2659
6	76
8	3
2915	79
2	78
6509	1839
5	1486
0	147
0	323
0	0
0	0
0	0
0	0
0	0
3345	544
5	337
0	243
1	71
103	6
0	6
341	375
0	356
0	348
3	48
0	28
1	6
0	6
1	379
23	417
3	99
0	1
0	40
0	75
5	75
0	48
0	0
0	11
0	0
0	1
0	0
0	1
743	888
0	25
1	15
26	3431
0	2386
0	2545
1	2746
23	232
2	2380
45	794
0	2335
501	12660
71	9338
0	3531
1	4365
11	10567
10	2937
15	1
44	192
5	9
1	166
1	168
0	9
1	2
0	0
0	0
1	420
0	0
830	420
0	0
0	0
6	381
0	141
6	14
1	18
21	341
7	51
17	120
5	58
0	58
438	246
0	17
12	13
0	13
0	0
1	4
1	1
0	0
0	0
0	0
0	0
0	0
0	0
0	1
0	1
0	0
0	10
0	10
330	12
10	13
72	2
36	366
0	55
0	2
0	390
0	1
1	1
0	0
1	28
0	28
0	28
0	24
0	16
0	8
0	28
11	2143
115	100
0	2091
11	1622
0	1620
21	224
0	119
0	38
4	15
6	148
0	2799
1	3008
0	2979
13	4588
50	4843
11	4564
0	1517
0	0
0	447
13	2317
1	94
2	745
0	701
0	199
2	533
38	849
0	278
0	264
4	140
90	342
7	0
29	75
4	66
1	45
0	3
0	1
1	1
0	0
972	91
7	8
16	4
3	79
4	5
1	5
8	958
0	851
0	56
0	61
0	952
3	0
0	538
0	544
0	55
5	185
0	97
2	6
0	1
583	368
6	298
4	69
3	432
14	572
1	9
15	579
11	241
5	357
5	168
1	104
0	108
0	72
5	77
0	18
0	0
30	6970
121	6017
0	1988
60	1333
19	1039
22	1187
0	555
25	1860
33	399
28	614
20	272
2	547
0	621
6	1157
0	110
0	109
0	108
8	111
0	6
0	0
1	0
0	25
0	23
0	0
4794	3838
344	664
0	75
198	789
1	652
49	21
18	816
81	1549
1	206
0	4
2	393
0	242
1	368
0	330
2	26
18	156
0	8
0	32
92	640
118	568
26	640
1	567
0	6
23	1466
2	1222
30	999
0	159
3	1238
0	1262
0	1377
0	1274
2	1307
1	28
2	117
0	93
29	871
34	868
3	36
3	31
72	0
0	588
13	630
66	395
14	467
0	5
6	469
2	17
1	28
1	52
11	568
0	567
0	0
0	0
0	0
0	0
0	1
0	1
0	1
5	0
0	0
0	0
0	0
0	0
2	495
21	9
184	981
0	263
20	9
0	5
20	303
129	505
1799	111
2	0
0	46
0	10
0	55
683	2904
0	2904
1	0
365	61
0	38
1	23
15	56
646	57
52	0
0	0
1	51
3	35
6	1234
3633	1531
0	0
152	296
381	65
2	57
0	8
1779	4457
38	393
0	410
1	3312
1	586
2	321
13	62
1	268
2	207
1	289
0	4
29	69
33	16
0	26
0	8
0	8
3	143
0	175
1	173
0	162
0	171
2	20
2	3
0	13
0	19
0	8
0	1
0	1
0	0
0	171
9015	2720
22	1881
127	2532
2	881
3	153
64	1
8	0
8	261
2	41
4	220
37	7
0	7
8	50
16	47
9	45
6	0
0	0
0	0
276	878
30	38
217	840
7	22
3733	1
4	1145
0	1229
0	1146
0	37
0	1218
1	0
19	924
26	83
44	53
2	4
19	926
4	145
7	1
0	11
19	1
23	305
44	315
1	32
5	0
102	127
2	15
22	87
5	5
0	8
2	26
0	38
0	38
0	9
143	646
138	865
1	762
0	0
0	0
44	1004
24	256
0	7
1	3
4	48
15	20
0	1578
0	1558
0	14
0	9
0	58
0	74
1	14
2	46
20	623
8	167
0	414
0	80
0	544
0	42
0	0
53	64
0	28
1	0
0	0
0	0
0	0
0	0
0	0
0	0
0	0
0	0
1917	4
24	4
0	2
48	629
3	532
0	610
5	536
5	0
6	8
0	0
0	0
0	0
1	0
240	0
0	30
1	14
0	31
0	16
0	22
0	4
0	22
1679	2758
3	21
13	2050
0	1682
0	2318
0	1720
0	522
0	1482
0	1100
3	1358
0	138
0	968
0	442
0	525
3	391
8	0
0	69
4	4
1986	0
135	728
2	676
2	106
0	1
0	49
1	2
40	6
1	1
0	16
0	17
0	2
1	10
0	11
0	0
5	13
0	17
0	1
3	16
0	0
0	8
0	3
0	20
54	2207
1	809
0	1489
568	2659
21	2473
13	0
0	2
0	233
5	320
27	235
0	2659
2	905
43	940
70	924
17	889
0	209
0	152
0	33
0	0
5	0
3	6327
8	1701
68	415
0	6320
0	0
0	0
530	1
9080	1081
1	847
3	375
4	355
1	2
43	418
9	443
6	376
1	6
0	33
1	1
0	208
0	2
5	6
0	23
1	221
0	1
1	26
1	0
6	0
1	12
378	272
81	272
0	198
20	272
214	44
12	13
5	6
3	5
10	6
3	1
0	192
5	189
2	14
11	0
0	0
0	0
0	0
0	0
0	180
27	188
2	184
0	38
8	13
255	753
0	13
0	237
7	605
0	79
4	187
0	37
0	14
1	411
24	14
3	311
0	1355
23	1320
0	802
0	372
19	1318
0	27
0	0
2	16
0	1300
0	0
0	352
20	533
3	439
7	139
0	0
0	0
0	0
0	0
0	0
12	451
0	0
19	503
22	322
1	165
1	63
0	363
1	356
0	415
0	320
0	116
12	7
3	6
0	82
0	51
0	15
4	4
160	0
381	678
0	36
2	17
1	23
1	29
0	571
3	40
1	36
0	135
0	6
0	6
113	701
9	76
0	308
7	396
46	3
0	107
588	42
2	42
475	55
5	0
1	4
0	0
5	51
0	0
19	372
4	336
0	4
9	2
0	357
3	18
1	19
0	19
0	19
524	100
3	1
20	99
7	235
0	2067
0	2099
0	1112
0	1006
1	0
0	133
0	274
1	260
5	117
5	150
0	150
2	130
1	8
0	12
1	4
1	11
1583	843
0	545
0	486
0	141
0	77
30	2
1	152
11	34
4	4
9	220
574	322
0	322
4	135
1	4
0	23
21	23
0	0
2	13
34	136
7	49
0	128
0	4
36	573
2	80
1	2
0	38
28	538
73	76
0	7
10	76
0	0
0	0
0	4
281	4
3	1
139	58
17	58
1	8
2410	2
3	4
4	12
0	4
14	13
0	3
1	7
0	52
49	52
0	0
0	13
0	0
0	0
2	0
0	0
0	0
0	0
0	0
0	0
489	70
0	70
50	0
5	6
29	763
34	1965
644	2270
8	251
0	117
0	114
7	630
84	1076
2	10
6	386
334	1925
21	1673
0	2
22	436
0	231
6	303
40	470
3	416
0	248
0	0
15	103
2	51
0	143
0	156
0	421
8	1359
0	455
0	0
2	55
0	157
0	890
0	1133
0	38
0	104
0	102
0	1359
0	1357
0	1354
0	1294
0	2148
143	2144
17	82
11	15
172	9
0	167
33	168
13	168
1	1
60	485
0	485
0	0
0	2
0	32
0	8
0	33
248	33
0	33
0	1
1	0
0	872
0	835
0	0
0	0
0	0
4045	5394
80	5233
0	3450
4	449
4	433
3	228
2	11
0	1
0	3
0	3
3	11
1	3
0	0
99	661
3	569
1443	668
0	118
0	0
1575	3786
15	97
8	3754
14	841
238	920
0	0
433	795
2	244
50	110
4	90
6	727
0	231
39	238
1	220
0	222
2	85
14	455
0	444
8	67
0	0
794	697
0	5
1	445
0	445
102	458
0	171
2	161
0	132
119	13210
0	2043
0	264
1	252
0	1095
1	14543
2	14650
0	108
0	29
30	101
9	1397
125	1806
0	13349
2	88
0	25
31	3109
0	6542
0	79
0	364
5	296
0	14093
22	0
0	0
0	7
2623	3397
2	1684
0	3791
23	107
42	325
3	113
48	10
0	1
0	9
0	3
0	0
0	0
0	0
601	1853
0	1392
0	0
0	1462
1	130
8	719
244	146
0	9
1	9
2	15
609	0
4490	2750
35	2748
0	1896
20	645
0	1482
7	0
0	0
775	171
0	19
0	152
0	11
0	2
0	2
0	2
0	0
0	0
7	1811
359	2469
80	669
43	762
12	827
16	754
116	262
168	0
0	0
6	521
12	504
7	438
0	97
0	17
0	126
0	243
0	102
5	4
0	0
0	0
34	1559
143	1559
1	46
0	121
9	242
2	0
0	30
1032	265
0	265
47	590
18	944
22	641
10	20
1	18
16	80
1	300
10051	2968
0	2759
36	461
1	123
1	0
0	0
101	1274
82	1148
20	1155
0	70
14	578
0	0
1	11
0	0
7178	4768
0	4246
0	2656
7	234
0	0
0	0
0	0
0	0
0	0
0	0
0	8
324	371
2	371
0	0
3	51
1	2194
0	0
337	2171
14	2171
0	20
2	0
6	0
0	0
0	0
0	0
1768	350
4	322
0	28
77	0
0	0
0	0
0	0
0	0
0	0
0	0
0	0
0	0
155	598
11	597
0	154
0	11
0	23
0	4
103	103
24	103
661	8299
39	28
33	34
0	24
2	5
67	8299
641	4920
26	3150
520	5244
9	4934
6	1612
2	12
6	43
18	40
39	4985
15	954
0	23
0	23
6	3
0	1
0	1
0	0
0	0
0	0
0	2
0	0
1	0
0	0
77	37
2975	1305
14	430
0	862
0	22
63	165
69	172
8	664
0	0
0	0
22	106
2	106
0	9
0	0
0	17
0	97
0	15
5	43
4	0
0	43
27	0
1	25
202	82
0	135
0	190
0	179
2	179
5	61
0	23
0	29
0	26
8	17
0	27
0	0
490	335
4	330
25	265
4	24
432	24
2	24
15	1465
39	1083
44	1316
0	1170
0	1122
82	1075
95	152
10	124
1	139
1	17
0	107
2	407
53	415
5	78
24	1
12	415
3	766
0	85
0	0
1	1041
0	833
0	508
1	102
3977	445
0	236
5	196
0	0
2087	653
0	515
2	493
9	4
8	2
5	767
543	458
0	450
0	0
3	629
0	51
1	617
5	47
9	3
6	518
0	83
0	616
5	1165
2	609
256	1035
10	990
23	1008
0	470
2	34
12	104
1	867
0	819
1	89
6	74
0	800
2	435
1	35
1	383
9	622
0	40
0	538
3	616
0	7
0	21
66	752
0	561
0	648
108	1185
281	1146
61	45
7	441
0	0
2	662
0	1003
0	439
2	435
24	543
12	451
270	1201
9713	1
35	360
0	289
5	124
0	172
0	7
0	293
0	83
64	1562
5	1589
62	254
0	7
2	4
0	5
0	7
0	2
0	10
0	10
0	0
1	0
576	578
2	54
0	524
11	0
1934	1432
0	211
33	1318
82	0
0	0
2	0
0	221
10	1350
0	684
5	653
0	394
0	487
6	244
6	853
0	573
1	518
4	232
5	187
1	1
3	242
37	4
23	271
4	1
100	0
0	0
0	0
0	0
0	0
0	0
0	0
1096	596
5	484
3	494
320	335
0	42
86	3099
2	3233
27	0
0	0
0	279
0	109
0	0
0	0
1100	567
0	76
52	21
0	102
8	88
0	559
5	0
0	0
0	0
36	10
0	10
0	0
1517	0
1236	560
55	560
17	71
10	6
7	101
1	5
0	0
26	5
0	0
0	1
0	0
2	62
0	62
0	1
1	3
0	2
5	14
335	0
20	632
0	3
4	38
43	58
0	9
128	40
0	475
3	116
3	101
0	1152
42	323
15	14
80	1307
77	76
12	63
9	73
636	2496
135	265
61	2232
0	0
25	315
129	315
0	110
5	3
17	0
33	1559
20	1826
2	1708
4	4617
13	4730
2	388
17	78
1443	2325
0	266
1387	2282
366	1315
0	0
0	0
0	0
0	0
106	1
94	2332
3	1118
119	2385
20	2383
5	119
0	1352
3	648
4	778
0	1036
313	695
4	32
11	785
9	246
4	513
0	8
7	54
35	10
1	43
7	116
5	18
1	3
0	150
0	1141
1	1042
14	1024
11	991
0	0
30	284
68	191
0	3
3317	3127
2759	3123
11	8
0	8
0	0
0	0
0	0
2	0
0	0
0	0
905	45
0	0
1	44
8	71
72	71
49	70
514	128
16	127
0	1
1	72
0	44
15	326
3	376
68	11
1	248
3	34
68	2
0	34
0	11
0	10
112	42
56	37
3	5
0	0
31	893
2	38
4	21
13	24
0	63
0	0
5	12
2	978
0	998
0	1026
4	180
19	57
0	71
1	57
0	141
0	130
0	52
185	125
12	128
0	89
0	117
0	73
1	209
72	380
0	358
6	54
0	209
0	4
0	7
0	0
0	115
1941	861
9	0
1	66
0	28
0	824
0	125
3	8
2	8
0	0
0	0
0	0
0	0
0	0
0	0
0	0
3	125
197	137
0	137
0	30
0	16
0	1
0	19
0	15
0	7
0	7
0	1
675	61
4	15
1	1
0	45
1	28
334	131
0	91
1	33
0	33
6	25
332	31
431	26
0	0
0	5
0	0
0	0
0	2
8	353
102	1081
133	116
7625	4219
58	192
0	1213
0	2224
959	31
2	0
0	0
0	0
0	0
0	0
0	0
0	0
0	0
0	0
0	0
0	0
71	359
20	317
71	66
32	27
29	394
475	396
17	123
5	94
0	7
2	86
0	51
5	50
0	12
0	20
0	10
9	8
0	0
1	2
0	0
0	0
0	0
0	0
0	0
123	1784
8	1726
69	1716
1	6
182	1049
0	0
22	61
1	15
3	123
19	15
5	9
5	124
0	30
13	253
6	392
0	452
4	207
0	0
0	0
0	0
840	3093
0	695
1	2389
24	499
0	35
0	553
1	557
0	800
103	304
6	383
0	14
1	290
6	423
21	306
1	85
0	77
5232	22
12	0
1	21
0	16
0	0
0	0
0	0
0	0
183	804
0	686
4	377
1	0
0	26
164	1688
115	1687
59	1
150	2982
109	2572
0	2897
2	2509
0	1559
4	1352
30	40
0	1
0	273
0	366
5	704
0	340
13	115
0	445
0	85
0	330
5	81
15	0
0	150
0	8
0	0
0	0
0	151
368	78
2	78
0	1
1	30
0	36
61	54
470	313
1	196
0	34
4	29
0	0
0	0
0	0
0	0
0	336
4855	1
1822	0
0	7
0	6
10	357
0	33
0	6
0	7
0	187
0	0
0	0
0	1
0	1
0	1
118	0
0	0
0	0
0	0
0	0
0	0
33	444
1119	1499
131	526
1	288
38	529
0	344
26	114
0	176
1	11
83	344
1	116
3	522
0	0
8	10
0	10
16	0
0	0
0	2
0	2
0	2
0	0
0	0
0	0
0	0
0	0
18	0
0	0
16	901
48	1575
2	514
12	0
12	84
0	18
19	312
4	412
5	81
6	102
3	80
1	206
2	11
0	476
34	727
205	727
970	25
25	24
13	39
0	57
18	37
398	1170
0	0
0	0
8	942
37	301
1	648
9	835
7	120
118	606
12	80
18	136
0	0
0	0
0	136
1	3
0	1
0	1
0	0
0	3
0	3
0	199
5	317
0	278
0	56
0	22
1	243
2	50
1	48
7	3
823	267
1	132
2	51
6	5
57	81
123	309
14	241
0	281
10	36
1	7
5412	548
6	542
0	0
0	0
0	0
0	0
0	0
0	0
2796	1
2522	1
14	171
0	171
0	2
0	600
33	648
0	0
1	282
0	39
17	0
1	0
0	65
468	4317
25	290
10	0
1	6
0	4314
0	11
7	0
68	15
1	4
0	3
12	3
628	74
0	74
1	357
1	562
0	335
1	523
0	535
0	2
0	207
0	79
4	54
0	63
1	5
1	12
0	537
705	2963
2	2218
247	128
0	846
456	1615
0	1304
27	530
1	12
13	0
1	0
256	1637
0	5861
687	6421
30	1415
17	69
0	69
0	69
4	2588
46	2419
34	1542
11	173
3	1
0	539
0	0
0	0
27	661
4489	665
97	3605
88	3587
10	14
65	3000
71	181
6	181
0	3
12	1283
36	1495
4	205
1	922
1	181
41	16
10	347
3	10
0	0
0	483
140	450
4	5
0	134
0	286
3	418
0	0
1	81
2	102
1	483
4	0
2	4520
35	7768
6	5953
2	1634
3	269
86	159
21	74
13	67
4	8
0	75
17	10
0	2
0	2
0	2
0	2
0	0
0	0
0	1
0	1
1	1
0	0
0	0
0	0
0	0
11	10
1	10
0	1
1	5
0	10
0	0
77	299
122	299
144	572
66	572
0	74
3	13
0	0
0	10
1	8
0	0
0	0
11	7
0	5
282	243
0	162
24	187
0	11
0	11
0	0
2	0
0	1
11	1781
4	1641
2	1493
0	1172
5	124
2	46
3	335
30	227
0	0
0	0
0	0
688	190
327	189
0	0
0	0
669	1845
0	1656
0	521
40	196
1	0
0	0
0	0
3107	295
18	166
6	295
7	0
20	74
0	51
0	1
0	9
0	52
179	450
2	63
1	384
0	36
0	0
0	0
1744	2205
1	2123
0	0
0	0
0	0
70	39
0	4
7	0
3	33
0	1
6	843
435	947
4	0
0	107
2772	2
1	0
2	0
0	1
0	38
0	256
0	12
0	19
0	0
0	7
0	1
0	227
0	264
0	2
9	355
10	75
1115	588
0	577
3	11
601	17911
21	14826
0	6012
13	15
22	3871
0	1
513	15279
14	761
3	67
43	9
13	85
8	11
0	8
2	10
0	1
0	1
0	1
1	1
36	246
126	245
6	208
0	179
0	205
0	14
0	48
0	8
3	116
0	0
1654	1143
13	329
9	617
1	313
6	62
297	142
0	142
131	45
0	37
2	70
1519	96
1	96
120	3524
0	3158
22	3714
0	443
0	465
0	169
1	25
0	78
0	3196
0	0
0	0
573	1462
5	1462
88	2679
148	2673
81	299
3	5
11	51
0	227
3	78
0	517
0	59
0	82
3	77
14	85
423	623
17	603
6	619
26	166
2	315
0	0
80	918
0	694
3964	910
1	79
6	2325
60	2236
1	2238
0	584
0	234
0	57
0	33
0	10
0	1577
7	46
1	29
1	29
2458	85
25	84
4	982
5378	986
0	0
0	0
0	0
0	0
301	4715
1	355
9	830
5	760
320	3714
0	3476
13	962
0	44
0	126
0	104
0	108
2	80
0	9
0	23
0	2
3	0
22	390
0	187
17	315
1	14
5	32
3	94
0	10
4	2021
25	1407
3	210
5	52
17	28
2	4
3	727
770	149
6	57
0	72
0	56
0	17
6	1
0	3
16	404
0	353
0	194
2	213
0	16
21	31
0	4
0	4
3	246
25	246
5	158
0	15
0	0
4945	81
6	79
1	42
0	47
11	38
0	10
6	12
1	1
174	39
8	31
1	978
3	978
2	66
113	5012
3	5
0	981
10	4532
4	10
4	2309
17	269
0	1
0	1
1008	2
31	0
394	452
0	321
0	66
2	210
74	1
50	99
14	27
5	254
0	254
0	0
0	0
5	8
0	8
0	8
0	8
5	3
0	2
253	25
0	8
0	17
84	17701
0	17715
48	5686
0	16690
0	16826
3	16
0	16
10	1076
0	7
0	0
50	8
4	5
10	1119
0	113
11	3
0	782
2	14
0	1118
0	1118
4	472
10	1104
0	402
13	898
14	1104
4	412
0	919
1	104
0	36
0	61
3	276
0	788
0	92
0	53
0	274
0	931
0	265
0	0
0	0
726	2328
0	664
0	0
22	41
6	20
18	2323
13	44
0	2326
0	7
0	1
3	3291
105	4132
0	376
0	38
8	762
57	3288
0	502
0	410
4	149
7	981
2	136
11	1651
118	1664
0	16
0	87
0	39
0	13
0	1651
2	2232
2	0
2	39
1	0
740	1024
0	107
19	3
10	1023
0	785
0	1023
0	0
0	0
0	0
1876	1
0	0
46	0
0	5
3	5
0	0
1	0
0	0
0	0
0	3315
3	169
86	2264
1	18
0	15
0	15
0	16
1	0
0	2
2258	1304
0	163
0	185
2	78
15	1037
0	32
14	742
0	89
4	17
5	108
2	201
0	0
0	0
0	0
7	0
62	373
107	373
0	366
0	0
15	0
0	0
11	0
880	0
2	384
0	154
0	42
0	58
1	27
0	394
0	31
2	31
1	2
0	2
301	0
1	0
2	0
0	0
98	221
0	7
2	193
11	18
4	11
0	197
3	0
18	0
0	0
621	309
0	150
0	16
1	0
0	29
19	81
1	1
1	112
0	234
12	311
0	254
0	123
0	179
37	344
11	30
19	0
3	45
95	325
114	428
0	374
5	3
0	19
31	113
35	130
6	30
2	30
0	28
0	30
0	27
0	27
7	17
4	3
0	2
0	335
0	230
4	0
0	5
7	0
0	193
0	281
266	1461
10	1399
4	1145
83	12
0	53
0	50
0	126
0	27
1	148
3	151
3	4
1	1
0	0
0	0
0	115
2	268
39	282
1	92
29	12
349	0
370	7356
1207	6171
152	6605
1	0
0	12
33	4
1	799
1071	1617
301	210
1	103
0	4
0	108
1156	49
7	38
1	7
2	12
0	2211
83	1494
0	151
0	1698
0	417
0	1122
1	1122
0	0
0	0
0	0
2	0
19	1873
186	1248
5	1749
4	462
0	1
0	181
7	850
36	0
72	0
132	0
8	0
0	0
138	0
0	0
0	0
0	0
0	0
0	0
0	0
0	0
18	0
0	0
0	0
0	0
1	0
0	0
1	0
0	0
0	0
0	0
0	0
1494	786
7	787
4	22
11	292
0	1313
1	1549
0	1151
1	1015
5	731
5	1148
2	1141
1	876
20	970
0	963
1	352
0	287
4	0
3	43
104	24
506	887
1	300
16	795
0	104
2	106
57	224
0	0
819	1302
1	1161
1	1177
52	1102
1	1052
0	884
0	758
1	1
10	39
9	3
0	137
2	127
2	2358
168	327
42	326
4	165
860	167
24	35
7	103
0	0
0	0
0	0
112	695
0	695
39	4
2	4
0	1
0	0
0	1
0	1
1	138
0	110
2	14
0	10
0	150
86	68
4	68
0	7
2	2
0	17
2618	1
229	284
22	284
0	2
0	2
0	0
1	5
0	5
0	0
90	356
4	603
0	458
0	431
7	18
7	0
0	169
0	2
0	17
297	579
3	578
0	7
7	1219
85	1257
19	9
0	5
0	4
3	130
1	15
0	24
0	130
1376	864
0	861
0	781
108	760
0	240
1	92
1138	419
3	421
0	380
6	2
2	11
0	10
11	2566
8130	2568
7	1462
15	756
246	760
37	97
169	766
5	380
0	325
5	69
0	1
0	0
260	70
32	45
231	2494
22	290
0	570
0	550
26	2011
33	336
0	389
194	1
0	1
488	172
0	0
0	14
7	51
0	3
3	41
0	1
10	12
0	22
2	48
3	0
0	25
6	25
0	1
0	1
0	8
7	1044
0	1066
0	1086
0	1054
32	1052
4	951
4	4225
11	98
0	0
27	832
43	31
24	649
3	449
21	6
1	282
121	509
1828	496
109	30
701	290
0	160
0	130
27	40
6	40
41	48
24	44
0	0
0	0
0	0
0	0
0	0
0	0
0	0
0	0
557	593
0	21
174	572
0	169
2	2518
248	876
0	2369
11	3263
6	986
0	294
0	595
0	642
0	889
18	1881
12	95
0	684
109	205
0	66
5	185
0	0
99	385
23	395
0	96
7	108
0	0
21	202
0	3
0	35
1	0
0	18
3328	604
60	602
1	12
6	127
113	2
1	2
20	127
3	0
3	127
5365	151
0	145
1	1
0	1
2	0
553	1097
1	0
0	1097
0	96
0	1
4	88
25	789
2	20
0	164
753	772
2	87
0	62
15	264
73	520
0	98
10	183
1	355
60	427
0	1
0	95
20	115
929	179
156	343
25	256
18	24
11	63
0	0
0	0
11192	27
13	25
4	189
0	176
0	257
27	254
0	248
0	103
1	77
9	77
0	1
2	38
0	227
0	6
1606	1274
0	1228
8	941
9	613
0	600
0	76
44	93
86	1
4	75
16	71
0	30
1	2
0	2
0	0
0	0
0	2
76	350
3	97
266	297
0	252
61	5233
74	5278
0	5832
11	44
1	4060
7	40
0	278
1	36
2	469
17	15
2	764
215	435
4	402
0	33
8	9851
62	10309
7	10179
289	5380
14	5859
4	5646
116	5074
4	961
83	66
4	2
0	0
2	0
0	0
0	2759
0	3245
39	1528
348	2094
0	2573
0	1753
0	509
0	3244
0	1798
0	355
1	223
9	988
35	2827
1	1637
0	2450
0	2442
20	146
182	4555
0	4519
11	268
0	2503
20	2794
93	2279
2	120
5	0
0	2847
6	57
0	33
0	1
0	46
0	46
1	46
15	16
3	12
1	2
0	6
0	6
44	0
7	678
73	713
1	32
2	83
0	0
0	0
0	0
0	0
0	18
5	24
0	15
0	33
0	33
0	29
0	11
0	30
0	0
0	1
0	0
0	0
0	2
0	2
0	2
0	1
0	1
0	0
0	0
0	0
0	0
0	0
0	0
0	0
0	0
0	0
0	2
0	1
0	0
0	2
0	0
0	0
0	0
1	0
0	1
0	0
0	0
0	1
0	0
211	0
0	0
0	0
0	0
4	620
0	312
213	613
23	1
9	2
45	313
17	131
7	81
0	619
35	355
32	1339
12	19
3	70
29	1355
0	1
5	170
10	0
1	0
0	0
0	0
0	0
2	0
0	3
0	3
0	3
6	289
0	276
2	177
0	276
5	10
1	49
0	4
0	0
0	275
30	1481
0	20
0	6
0	1475
39	81
0	254
2	0
0	18
246	761
0	1434
0	0
0	0
0	0
0	0
0	0
0	0
0	0
0	0
0	0
1542	1210
24	1210
1	357
0	697
31	850
8	345
66	366
0	0
0	0
0	0
0	0
0	69
0	69
2	63
16	64
156	25
1	24
0	0
2535	0
1	0
55	2061
14	1244
3	451
0	451
3	183
164	2092
0	120
2	1
4	1
1	0
0	0
0	0
0	0
0	0
0	1
0	1
0	0
0	0
0	0
0	5
0	5
0	0
0	0
1	207
4987	321
1	249
207	0
6	0
41	1146
7	996
12	5
11	473
3	914
101	390
6	982
4	158
0	10
0	137
15	101
10	0
26	101
0	0
52	512
20	508
0	43
4	77
8	10
0	5
13	0
0	5
0	0
643	0
485	93
1	86
2	47
0	42
0	76
0	46
5	30
0	2
415	0
13	1970
0	181
0	22
0	9
1	9
0	152
17	1800
28	84
3	2
1	68
0	0
30	135
0	51
0	6
0	0
0	0
3	0
1770	1053
25	1027
0	417
0	24
7	0
157	1156
0	228
8	229
0	129
9	51
1	5
2	1145
1068	0
0	2080
0	2405
21	2427
0	2151
6	318
2	223
0	304
0	274
0	184
77	2522
1540	2077
5	86
4	49
2	114
25	1916
3	390
0	88
3	4
0	6
74	2540
58	2358
0	1222
5	527
264	290
36	78
0	0
5	0
0	4
0	4
0	0
1	0
0	4
0	4
0	10
0	10
281	211
7	23
0	194
2	1
5	180
0	82
0	144
0	0
1	83
0	72
0	65
0	60
5	3
1	0
33	11
0	4
0	11
0	11
13	2
201	129
0	29
0	89
27	74
1	52
4	74
0	18
1562	248
4	10
1	20
19	28
0	21
2	120
0	1
0	116
4	0
265	118
0	79
1	34
0	5
0	0
0	0
6	213
0	217
16	219
14	216
0	1
3	1
0	1
0	0
375	417
153	373
4	44
478	2206
13	2206
0	86
0	63
167	13
1	1
44	0
68	50
92	480
0	480
11667	305
19	297
0	0
717	0
1781	180
0	27
6	46
0	3
2	98
0	6
3	502
144	503
0	0
0	0
0	0
0	0
3	76
4	76
0	0
0	6
0	0
1	85
2	83
740	510
4	510
16	1549
25	1504
36	772
63	128
0	66
12	139
159	476
8	37
0	898
5	857
0	866
0	845
0	45
0	18
0	871
0	0
0	0
0	0
44	44
0	18
2	3
0	0
0	0
0	14
0	19
384	127
0	1
0	60
0	4
0	43
0	69
0	11
0	23
0	3
14	18
0	102
1	76
928	180
46	132
2	25
18	428
0	367
10	60
144	427
0	403
50	464
29	506
2	467
5	455
108	440
0	0
0	0
127	6032
14	4304
3	1525
0	0
0	0
0	0
0	0
7	25
282	1232
0	252
2	202
0	960
44	0
15	0
1805	33
9	33
1	5
18	21
1	0
1298	1604
26	1256
0	348
41	5
16	1171
0	28
177	1101
19	1093
4	142
2	1104
0	38
0	37
0	0
0	38
0	30
521	225
6	223
2	1
0	1
1	638
4209	5523
0	2444
13	4603
49	4905
5	4
0	3854
18	350
2	344
0	9
0	12
0	12
8	1
2	355
69	2484
1	32
11	164
0	2402
7	332
0	106
4	71
0	51
0	54
0	10
0	32
0	336
1095	3
35	3
0	3
1	4
1	25
1	25
0	0
0	1
0	25
84	397
12	155
1	148
0	41
7	110
0	65
10	17
24	17
2	3
9	30
0	101
0	65
1	4066
0	1057
23	93
0	1217
0	1511
0	80
1	1542
0	424
0	261
25	1545
0	74
0	54
0	4007
0	4078
1	1
77	1305
0	1301
0	12
9	43
17	800
0	834
0	917
0	56
22	39
348	943
3	0
38	293
16	84
0	34
9	91
31	448
23	111
6	435
38	1865
0	2048
0	1501
0	2364
8	82
11	507
17	5
1433	359
8	175
13	2
2	91
7	94
55	120
4	0
233	118
0	120
4	49
1147	1
2104	90
0	89
0	3006
772	2453
0	1276
46	515
0	197
9	325
3	28
0	220
5	18
1	0
16	6
1	310
0	250
0	81
875	204
85	2992
245	40
10	40
655	251
3	168
2	92
18	166
3	52
0	22
1	16
1	0
111	161
34	135
0	29
4	0
0	16
0	0
0	0
0	0
28	327
0	0
102	167
11	136
0	133
0	0
1	0
6	23
385	159
3	159
0	6
14	0
16	53
5	0
65	0
1	0
0	0
38	25
266	26
11	45
20	80
10	2656
2731	2599
2	28
0	0
0	0
0	57
60	51
6	21
255	808
0	104
38	684
7	0
8	13
0	145
0	35
14	332
2	184
17	163
6	480
7	404
1	457
0	121
107	90
2	95
4	96
11	44
1	0
0	1177
21	1176
14	1119
0	471
2	133
7	20
11	22
13	19
0	0
6	12
0	6
0	4
0	1
0	3
312	263
46	2
57	262
297	236
0	209
0	115
0	0
0	0
1	3013
14	1879
230	1708
11	1429
0	1096
0	164
2	51
4	23
0	0
0	2621
0	2453
57	566
6	430
0	370
3	7
1	461
0	0
0	0
1477	1035
18	529
1	681
102	1081
0	151
27	300
5	223
15	238
0	343
0	1
0	1
0	0
0	0
7258	5724
0	658
0	3428
25	1402
0	4179
1	0
0	0
291	1
0	0
0	0
100	566
0	257
6	299
1	162
1	70
0	130
4	186
5	0
1	4
0	6
0	3
0	0
27	4799
183	4984
10	4855
3	0
540	301
0	282
2	235
0	0
0	0
0	0
0	0
0	0
0	0
0	0
0	0
0	0
0	0
456	15
1	0
0	1
2	13
265	1097
5	1095
5	332
5342	2
0	0
0	0
0	0
0	0
1456	0
13	156
0	144
0	59
0	0
0	0
352	1766
5	1543
0	268
0	130
6	459
1	367
11	470
6	371
134	144
54	3578
6	60
12	45
33	1254
0	3510
57	472
0	2394
3	11
6	495
59	12
1	1265
5	5
2	3527
45	0
73	0
3	1
3	1
0	0
0	0
2	0
0	709
0	7
240	1261
4	176
0	347
0	440
0	139
523	622
113	622
4	4
0	138
2372	1036
68	99
68	368
5	754
1	392
0	458
0	172
3	48
0	0
142	0
6	431
1	236
20	124
0	25
1	26
0	19
7	314
0	149
297	384
0	7
0	0
19	32
3	3
0	203
0	0
0	0
0	0
0	0
0	0
0	0
340	94
0	10
2	12
0	2
434	134
2	59
0	37
0	87
484	178
28	49
55	85
1	127
89	37
22	292
87	377
0	0
335	0
1	1
1	0
0	1
0	2689
48	1774
17	259
154	214
201	2453
9	186
22	231
1	82
16	82
0	11
60	507
1	414
0	400
0	0
19	0
2	29
0	46
0	46
2	4
0	1
0	1
0	0
2446	421
8	421
17	0
38	1
220	333
1	327
0	30
5	45
8	0
1	0
0	0
99	2524
0	34
57	2674
0	25
0	16
1	565
7	24
0	324
34	126
1	313
2	22
1	427
3	249
0	127
6	32
9	11
34	839
0	0
0	839
6	692
17	2496
2	413
0	2332
8	0
0	67
7	463
2	454
268	2137
0	1479
0	2095
2	218
0	81
7	522
0	433
0	2153
8	462
4	1947
1	92
0	62
0	0
3	248
1	103
1	204
0	1917
0	0
8	1410
0	1
525	22
0	20
1	0
0	0
6	0
6	215
0	182
0	44
0	4
1	37
0	60
0	59
23	66
19	75
2	63
0	0
0	0
0	0
0	0
0	0
16	1
2	1
0	1
0	0
0	0
0	0
0	0
0	1
0	1
0	1
0	1
0	1
42	143
6	143
0	94
0	17
0	96
0	59
0	65
0	56
0	65
0	70
1	58
27	265
0	3
12	1
4	3982
0	3343
11	3959
0	3745
1	146
5	3872
0	4081
1	3220
0	3628
24	268
59	1955
1	587
166	0
0	0
0	2
17	2
862	0
0	675
7	738
0	710
0	684
0	145
0	0
0	2
20	52
0	678
0	692
0	1
0	1
13	235
502	825
1	0
0	160
3	431
0	282
0	0
0	0
0	0
9899	1043
45	1041
0	1
0	1
0	0
1597	2
3	0
0	0
0	0
66	926
0	1292
56	1843
1	1025
0	741
0	857
0	489
8	288
0	524
5	498
0	495
1	58
26	222
15	100
43	166
286	209
0	117
3	112
44	184
0	0
0	0
4	26
9	0
2	69
5	410
66	417
0	411
8	72
2	408
0	2
0	118
0	152
330	1089
0	19
4	1047
0	108
2	0
1632	199
30	197
0	0
0	0
184	246
7	242
3	4
4	15
325	58
1	23
0	52
0	24
0	2
0	0
0	0
3	1243
3540	2068
0	267
1	207
0	390
0	137
0	101
40	2
201	0
44	50
0	23
2	31
0	70
17	70
1	12
117	451
29	456
33	385
13	55
2	4
1	0
0	0
0	0
1660	758
1	657
3	131
0	6
1	28
1	80
0	218
0	220
2	73
6	67
11	175
0	99
0	0
79	503
41	1651
29	118
6	669
33	240
2	0
0	202
5	46
1	828
11	0
2	0
0	108
24	102
0	99
5	108
0	0
1	83
0	108
0	0
0	1
12	942
29	967
8	957
10	1
0	130
12	6
0	6
19	337
22	338
2	1
44	439
8	334
0	22
0	0
0	0
0	0
0	4
1	4
0	0
0	0
0	0
0	0
0	24
0	25
0	0
0	0
0	0
996	79
0	78
0	26
2116	584
0	578
3152	1022
0	69
0	204
1	247
0	400
4	4
0	13
78	0
0	24
0	18
0	39
0	8
0	16
0	27
0	30
1	12
6	0
2065	99
0	5
0	35
0	59
426	3998
63	4784
1533	2886
80	1503
0	2778
9	1434
82	2786
10	0
0	1660
32	1
1	3
0	0
0	0
0	3
0	0
64	1137
5	974
0	647
0	0
0	0
0	0
0	0
34	11
0	1
0	9
0	1
37	199
13	18
17	193
88	305
634	300
0	50
0	44
27	210
1	40
2	181
27	7
42	33
2	4
1	12
2	1
1	8
15	8
732	913
1	643
0	648
4	36
105	1018
0	740
3	236
1	299
0	68
0	0
0	0
0	1
4	1
0	0
0	1
0	0
1	445
58	443
0	446
2	439
0	98
0	28
0	1
632	120
4	41
2	28
0	50
22	1581
13	5
5	1
0	1581
105	45
16	124
1	46
4	53
914	78
0	0
0	0
1	0
0	0
0	0
0	0
0	0
466	2150
21	1567
33	1612
3	1407
1	609
37	0
66	1358
5	470
0	5
0	16
50	16
330	663
2	663
0	0
0	8
0	11
950	127
0	0
0	103
2	8
421	487
7	438
2	14
9	98
0	3
0	1
0	1
0	2
0	2
0	1
0	2
0	1
0	18
3	18
498	2533
0	1426
0	2690
34	295
0	1298
0	191
0	2167
15	381
54	732
0	65
1	17
0	68
0	1963
0	0
0	0
129	540
0	0
0	83
0	2
0	20
111	437
165	130
10	916
8	931
77	1253
7	116
0	6
0	71
7	108
4	0
21	617
257	1257
0	0
0	0
0	0
0	11
0	27
2	50
38	78
0	0
8	16
0	30
0	0
0	0
0	0
0	0
3	272
0	372
6	43
2	309
0	308
0	304
0	189
0	176
0	29
7	363
26	582
0	414
1	4
12	387
0	125
0	174
0	327
0	118
0	58
0	0
0	10
3	35
42	503
44	8543
486	8409
320	6581
7	495
16	659
600	222
1	5
1	217
1	6
0	0
0	1
0	0
0	6
0	4
0	0
0	5
0	0
0	11
2	731
0	698
6	319
6	51
1	0
37	62
2	28
0	2
0	0
252	657
2	656
33	17
0	16
0	0
0	0
2	0
1	4
2	4
0	4
0	0
25	8
28	375
17	375
13	1
58	215
0	69
70	188
4	275
1	215
7	116
0	0
0	0
2	52
86	841
0	23
0	12
0	35
0	20
0	25
1	191
0	749
1	0
0	34
0	38
5	0
0	0
9	3
59	424
36	424
18	211
10	211
1	53
2	23
0	7547
0	13
0	8005
2	7644
148	7166
0	178
0	214
0	289
0	1940
3	6
1	447
0	1056
2	3177
0	1144
1	1012
0	1
0	219
0	469
0	230
2	3016
0	578
6	1199
7	790
1	3046
0	3027
1	1516
1	3091
1	1700
1	1184
0	858
0	790
1	852
0	636
0	517
0	12
1	472
12	684
3	867
1	15
0	1133
4	478
0	171
0	1542
0	930
33	0
0	3071
3	0
9	1
0	166
0	165
1287	431
41	349
3766	179
16	192
0	1354
18	905
10	802
1	752
0	57
4	76
2	25
82	1377
0	0
0	0
0	15
0	27
0	0
0	43
1	23
2	22
0	5
0	1
6	19
0	44
0	43
0	41
0	39
0	6
0	37
0	41
0	20
0	1
0	64
0	2
0	2
67	202
10	7
0	140
13	168
0	0
575	697
37	597
7	482
3	98
20	757
13	635
3	129
0	95
0	463
0	568
4	1
102	1100
336	1100
10	4
0	0
0	0
0	0
0	0
0	0
0	0
0	0
0	0
136	217
0	149
0	149
0	110
0	125
0	99
0	126
0	63
1	78
0	17
2	33
0	1
0	1
0	1
0	1
0	1
0	1
0	1
0	1
0	1
0	1
0	1
0	1
0	0
2	1934
40	2
34	331
0	1913
2	1791
1	21
0	0
2	0
5	22
69	113
0	1919
2	1007
32	390
4	288
2	92
0	36
12	3
2	69
1	3
106	1229
1	181
25	1204
0	0
126	1229
495	277
0	296
69	301
0	1
4	1
0	0
0	0
0	0
1088	937
15	657
2	51
0	238
11	34
0	293
0	0
0	0
0	0
0	0
0	0
0	0
8	16
0	0
1	16
0	0
510	562
0	490
17	3
0	72
0	0
0	0
3	8
346	860
3	865
19	13
21	27
1	22
0	42
0	36
24	119
32	5259
13	8284
1730	26705
67	3425
0	20173
42	98
0	1
1	290
19	830
117	138
0	22064
0	1
0	1
0	0
0	0
0	0
0	0
165	1
0	0
4	185
0	272
0	235
0	29
1	19
2	687
0	706
0	705
0	661
3	527
11	582
0	99
0	13
0	28
10	1527
0	1317
20	1650
7	43
0	200
2	137
5	135
0	241
0	0
1993	0
0	0
0	0
0	0
82	10
1	10
0	1
0	0
0	1
0	0
2	3192
9	155
0	251
0	85
0	3101
0	3199
0	3162
0	3093
0	3170
50	82
0	82
0	0
8	2
0	2
0	0
0	0
0	37
0	3
0	0
0	0
0	0
2604	2728
25	591
9	1535
14	506
1	1082
0	10
0	12
0	11
0	1
0	0
0	36
0	2
50	1611
7	918
4	1163
0	2
3	35
9	19
2	17
2795	648
0	4
6	98
0	150
2	357
3	250
0	224
0	125
4	146
49	479
2	195
4	62
0	467
102	90
1	12
0	78
0	0
0	7
0	42
1	42
1	24
0	0
6	0
1	2
0	2
0	0
0	0
0	0
0	0
0	0
0	0
0	0
0	0
0	0
0	0
0	0
932	1033
152	736
8	657
804	119
0	0
11	118
0	0
3	10428
177	11529
771	11532
0	11530
134	11523
0	10237
0	741
27	148
2	522
2	221
55	141
13	1165
0	1451
0	400
83	17353
247	17869
0	2446
584	6211
1	1526
132	4081
5	3062
37	1336
1	818
18	268
22	112
5	86
62	0
1	0
0	0
0	0
4525	137
14	135
5	126
1	0
24	2977
2	82
30	1
978	2923
4	54
8	54
4	39
14	39
0	0
1	25
0	0
0	0
4	25
1	25
0	1
4	10
0	8
0	0
0	3
0	210
0	110
56	547
161	215
1	167
3	144
407	0
8	0
0	3866
5	4109
29	852
10	3551
0	152
0	215
9	0
1	79
8	110
4	3
21	955
0	133
0	95
26	825
0	0
2	436
0	4208
68	2
22	2
1	860
89	1442
0	1019
0	1136
0	1114
1	878
0	110
0	56
94	176
0	176
0	0
0	0
0	0
27	97
0	0
0	0
0	0
2	905
2	905
807	0
56	1
0	0
0	0
0	19
40	608
0	608
28	132
345	132
277	4170
0	2986
0	1321
54	15
13	31
4	6
11	3942
0	4170
2806	5453
1	137
49	5317
0	2373
0	0
0	0
0	0
54	2802
0	2782
67	3119
8	2496
0	685
20	954
3	258
55	183
41	188
0	65
0	666
0	0
0	0
1	495
36	692
0	518
44	7
0	518
0	45
12	0
0	9
0	9
0	0
7	118
36	308
0	31
3	16
6	15
0	14
0	204
0	0
0	0
0	0
0	0
1	7
1	3
0	7
1043	4023
66	114
7	0
0	1
166	4059
0	2422
1	13
12	151
1	3447
2	7
0	5
15	108
5	33
0	92
0	4140
11	1
0	1
1141	465
95	465
96	472
0	476
0	193
0	78
1	645
11	574
0	649
20	179
9	183
0	2
0	2
2	1
2	0
0	0
0	0
325	240
32	240
0	0
190	685
309	662
10	381
3	409
11	112
0	1
0	1
120	0
0	0
0	6
0	6
0	0
1	1
2605	2077
0	1926
16	122
3	714
1	46
4	923
1	554
0	127
0	51
1173	550
75	549
45	252
0	245
0	247
0	21
0	89
0	750
37	797
0	24
7	2
2	197
1	0
0	750
13	428
2	9
2	3
0	0
0	95
0	428
0	0
0	0
0	0
2506	511
0	420
6	89
98	383
0	383
0	71
285	129
18	17
3	114
0	7
3	2
0	0
2	44
0	31
9	19
0	1
0	32
17	652
4	39
20	78
0	2
7	620
10	75
122	566
0	0
0	0
0	0
660	3579
14	1513
95	3369
1845	3353
53	1588
539	324
1	91
3	57
0	53
0	30
0	53
2	39
0	13
0	0
66	0
163	1269
28	1006
0	91
3	27
302	278
1	96
1	182
1	9
2	8
0	8
0	0
6	23
1	23
37	18
1	18
0	1
0	0
0	0
378	1933
22	1933
4	444
245	0
0	0
0	0
44	562
3	105
0	87
118	492
7	0
0	0
0	0
0	0
986	1
296	342
70	316
0	5
0	0
0	0
46	0
373	291
0	109
0	199
0	0
0	3
1014	803
2	286
1	803
3	58
0	244
2	260
0	241
2	275
3	4
0	30
0	25
0	0
0	259
0	39
0	67
1	4
0	0
0	64
0	97
0	96
0	90
0	0
0	0
0	0
0	0
1	590
945	625
0	223
0	172
35	60
0	0
0	1
0	1
6	4
14	129
24	50
1	743
0	1088
250	765
11	543
1	449
12	460
11	53
194	4407
218	5045
490	5025
1899	5019
0	358
0	408
668	533
0	138
8	0
12	26
64	853
0	599
8	451
1	110
9	0
0	65
1	79
0	67
4	4
0	0
0	0
0	3
0	17
22	2134
2	1286
36	8
6	392
9	255
30	216
0	59
1	2131
454	159
2	101
0	12
10	88
0	85
0	59
0	0
1	0
0	0
2	0
1	10
6	57
2	8
11	50
2	23
12	19
20	0
26	101
1	1682
20	1104
9	1718
0	878
13	1443
0	13
1	657
1	0
1810	2
1	488
4	419
3	109
0	458
0	408
1	386
0	211
2	88
189	434
0	220
5	381
11	39
8	35
0	0
6	70
3	26
1653	781
10	781
2	0
1	2181
1715	6888
75	2509
23	0
0	3244
0	6872
9	10
0	0
3	10
0	0
1	0
0	0
11	0
239	64
40	41
36	64
0	2
0	2
74	1740
8	1740
260	1740
0	0
0	0
0	0
0	0
1	0
0	0
0	0
3	7
2	5
72	7
0	5
663	35
1	8
8	27
9	52
10	52
0	0
0	0
4	0
2	0
1	0
5	44
0	16
0	0
0	8
1	1
0	6
8	0
7	1
3	0
114	0
0	0
3	0
31	0
3	144
0	10
0	60
1	11
0	68
2	59
0	16
3	40
23	55
0	6
0	141
133	1182
29	1184
7	251
0	703
1	3
0	101
3	124
0	0
5	1184
0	0
0	0
0	2
26	11
1	9
1	0
0	0
0	0
0	0
0	0
0	0
8	109
481	943
43	306
0	27
0	95
0	281
11	243
5	0
0	25
0	22
0	68
20	0
4	29
0	0
13	60
0	0
5	0
0	2
0	58
0	559
468	1485
1	972
2	51
36	702
321	703
0	30
0	11
2	231
3	55
14	163
3	0
8	155
0	137
30	17
1	24
0	132
0	107
0	12
0	31
2	7
264	843
308	844
4	0
12	1047
5	1047
0	7
0	6
0	7
0	44
16	44
1	7
0	36
1	3
0	6
3	2
0	0
0	7
219	267
34	24
0	243
941	812
32	284
23	490
0	2929
6	3015
175	2757
0	4205
126	3240
0	3427
0	2476
0	787
0	6
0	0
75	3991
0	309
0	1457
12	1489
0	1092
2	2767
14	1614
209	1618
93	1611
12	442
1	630
44	293
4	153
0	123
3	116
2	17
5	409
5	224
0	335
11	3
1	19
28	8
6	55
0	109
2	18
0	3
8	40
0	1
0	0
0	0
0	22
0	781
10	781
0	151
114	693
17	681
0	26
1	5
9	42
4	11
0	8
0	35
17	10
0	10
2	4
0	0
0	2
0	0
0	0
34	226
2880	1124
0	370
7	795
6	42
5	0
0	59
3	15
0	0
0	0
0	0
0	0
0	4
0	0
0	0
0	4
2734	1544
117	859
2	445
0	11
0	4
0	11
3	3628
2	3699
0	4680
0	4801
18	3776
0	3649
0	1225
4	117
4	660
0	27
0	0
30	20
0	0
2	62
26	536
0	0
1	323
15	285
8	20
24	742
0	743
0	597
1	494
3	6
0	42
3	40
0	47
0	0
0	0
4	6
3	15
0	12
0	2
0	1
0	0
3	0
0	1
0	1
0	0
0	12
0	0
0	0
0	0
72	873
0	868
33	886
0	230
4	162
1	1
0	43
1	10
2	216
0	161
1	40
0	903
23	528
562	678
6	297
8	112
3	22
2	258
0	195
0	283
0	116
2	107
690	539
0	470
0	396
0	242
14	202
0	47
15	197
5	24
36	21
0	0
292	413
0	8
0	156
1	0
0	249
5	119
4	0
3	4
0	9
0	3
5	0
54	19
0	19
0	5
0	12
0	13
0	13
0	0
81	235
0	6
5	82
0	50
21	191
5	2107
87	2149
27	833
23	2023
4	240
0	1457
4	998
6	63
0	26
5	660
3	2238
1	0
0	5
4	16
0	0
2	0
0	0
0	0
0	3
0	3
56	4
3	4
0	0
0	0
120	2307
354	2217
0	1037
0	2226
0	2227
33	963
0	47
6	621
0	86
102	205
0	5
0	5
1	0
0	0
1558	0
511	364
0	151
0	317
4	23
0	0
1	13
5	13
0	0
0	0
0	0
0	0
997	1
0	16
0	16
0	16
0	4
2740	4155
12	116
4	371
14	358
0	1148
0	0
149	3327
2	243
82	51
1	33
2	9
611	396
0	396
0	0
0	2
0	2
0	0
0	0
0	0
1170	49
1	47
0	0
1	0
140	12
1	0
0	0
0	2
0	11
0	0
0	3
0	0
0	3
0	0
1045	556
27	95
1	16
2	110
0	362
4	7
0	365
2	49
7	271
44	47
0	2
0	113
9	95
2	53
0	69
0	2
0	29
10458	3054
1	1778
17	1778
2	32
3	306
8	2277
83	2165
10	179
3	711
22	301
19	15
10	30
38	2140
4	2128
45	1926
1	3
14	78
13	481
0	203
1460	877
28	874
213	1809
0	144
1	200
0	294
5	169
2	1208
5	495
13	560
1	596
5	18
0	505
1	288
0	16
0	16
0	9
0	17
2	0
0	0
0	0
0	16
11	55
0	33
0	452
0	468
2	417
56	499
6	443
0	195
7	38
1	29
107	0
3	90
0	0
15	0
7	622
35	766
24	578
0	13
0	13
0	0
0	0
0	0
0	0
0	0
0	1963
281	2000
8	39
1	33
0	0
0	8
0	30
0	33
0	0
0	0
0	0
0	0
0	0
0	0
0	0
0	0
1	898
0	56
13	167
0	39
2	165
0	24
17	0
24	8
0	0
0	8
2	0
0	0
0	0
2	729
0	0
0	218
0	109
0	1
12	35
0	694
0	0
0	0
29	77
0	20
0	0
1	0
2	1594
20	1983
10	5
3	425
1	508
0	196
3	10
0	0
0	0
2	10
1	9
41	9
9	1232
1	226
18	0
5	1000
0	298
1	300
82	587
16	716
0	485
4	283
0	611
8	192
0	919
3	646
0	1025
0	109
0	1215
0	1
0	0
0	0
0	0
0	1
0	1
0	1
7	0
0	1
0	0
0	0
0	0
0	0
0	0
20	0
0	1
0	1
0	1
0	0
0	0
0	0
0	1
0	1
0	59
2	345
3	424
3	15
42	230
28	170
10	19
0	3
0	122
0	122
0	91
3	91
3	122
11	2
1	2
1	0
749	2983
6	1380
141	2541
5	2538
3	4
1	54
78	466
47	33
1	33
19	200
0	80
2	0
246	21
3	20
3414	7073
33	5223
14	7
0	111
1	245
4	450
5	328
1	3
16	875
1	418
0	92
1036	295
0	171
0	3
1	32
0	142
9	57
0	26
0	55
1	1318
5	1173
262	2029
0	852
0	109
0	612
73	177
6	95
6	9
1	0
2	77
0	562
4	37
51	20
0	11
0	0
0	0
0	21
1146	1795
1	531
0	171
5	0
2	1035
0	0
0	28
0	0
4	192
20	0
33	760
113	38
1	27
0	11
19	354
0	247
0	177
157	4573
98	4398
0	1279
8	10
31	203
0	29
1	24
0	65
0	8600
3	427
3	1299
0	2966
1530	9799
42	2385
11	2
0	0
0	1
0	0
0	1
0	0
0	0
0	0
0	0
14	2559
258	2523
8	508
1	422
282	51
0	51
341	4940
0	4940
0	4413
1	110
0	2878
141	2878
3908	4
238	1090
3	735
0	181
73	835
344	0
16	13
0	11
0	2
1	2
0	2
0	2
11771	6
8	822
17	818
223	804
0	393
2	158
0	7
1	2
0	0
0	0
0	0
61	4809
0	64
89	4780
0	187
702	2197
4	2047
15	1716
2	1
6	86
1	0
0	0
0	1
850	269
12	264
1	157
3	0
28	148
0	241
298	952
9	287
0	341
0	177
0	0
0	0
0	3
1	3
0	1
0	0
26	26
2	65
3	2
272	119
0	34
5	62
0	33
0	42
3	0
1	0
3	395
1559	395
1	3
8	6
2	6
0	2
0	13
11	13
3	8
45	1
5	0
0	0
69	125
0	117
0	132
0	61
0	11
7	378
3	318
0	331
1	53
676	356
8	356
5	5
166	603
8	440
4	487
4	424
5	328
3	233
0	41
2	71
0	26
1	0
1317	2777
5	264
1	198
0	103
4	2765
1614	2862
0	2862
10	24
0	0
0	0
16	464
0	400
2	93
91	50
0	89
0	115
13	45
1	79
4	19
7306	5
374	725
0	725
15	9
0	50
0	294
105	294
25	161
0	21
0	76
0	115
0	98
0	44
0	758
0	236
0	140
0	758
0	693
0	25
0	34
0	28
0	14
0	8
0	25
0	0
5	0
11	844
3	845
0	18
136	855
1	288
0	842
38	841
3	0
2928	339
124	338
4	631
11	631
0	631
10	643
1	255
0	0
3	41
0	54
0	58
6	14
0	133
6	46
0	40
4	1
7	143
0	48
0	46
14	98
0	255
797	829
5	223
0	175
11	45
16	79
0	289
1	54
0	0
805	3288
22	110
3	3178
0	0
27	419
8	407
0	9
0	40
1	324
0	0
7	133
0	133
0	0
0	0
0	0
245	477
1072	477
0	0
65	966
36	186
0	147
0	2
3	20496
16	44
2	3134
1	3603
14	20496
16	791
0	792
1	40
1	5
0	29
0	3
0	0
4	781
3	486
1	305
0	24
21	498
2	61
6	36
55	147
8	147
0	0
0	10
0	16
0	0
1	3
0	3
2	7
0	6
0	1
2	2
0	2
18	0
2	0
336	999
0	945
0	0
9	291
4	12
4	6
0	67
847	30
32	31
5	2
0	2
0	2
0	2
0	1
0	0
0	0
0	0
0	0
0	0
0	3
5	4
0	4
0	0
3188	700
0	662
156	191
1	36
0	1
0	1
0	8
0	9
2	7
0	0
0	1
0	0
0	0
2753	1504
13	1427
0	0
3	1097
0	277
0	71
1	339
0	0
23	1234
1334	2037
0	1358
7	1261
2	133
0	24
7	0
6	1831
0	0
2	134
23	512
2	513
0	29
0	29
21	169
2	179
1	188
1	155
4	0
0	0
61	894
12	1047
122	1013
0	0
2	3
0	146
3	28
6	8
0	103
30	280
11	227
0	215
0	5
4	222
2	53
21	36
4	24
0	5
16	64
0	14
0	0
1	3
0	16
6	0
0	0
70	415
63	390
4	116
238	77
21	12
5	71
1	199
15	8
0	21
5	9
1	9
192	705
0	673
31	344
0	422
0	17
0	314
1	77
1	0
0	14
1	0
506	3980
55	71
107	437
24	3766
0	416
2	902
0	115
221	8223
0	4
6	191
0	570
259	7956
6	185
0	4743
1	736
0	11
0	514
79	627
3	450
19	69
4	48
7	111
1	518
0	13
1	94
29	260
2	235
0	235
0	224
15	256
7	253
0	0
14	2757
0	2493
61	752
118	129
4	230
0	226
0	237
33	54
0	52
0	8
145	90
0	0
2	35
1	10
0	47
0	0
0	0
0	0
0	0
0	0
0	0
0	0
41	918
0	926
52	819
6	943
4	759
0	96
29	140
0	1131
0	2
58	1870
32	1870
4	1885
102	18
136	575
0	191
66	1
4	144
7	10
6	24
6	14
26	13
1411	2112
0	532
88	387
0	797
0	685
5	54
11	190
376	1012
41	196
3	0
14	848
1	0
2	0
0	0
0	0
0	0
0	7
1	12
1	12
3371	1253
42	603
0	977
3	641
0	0
0	0
4	0
3	42
5	3
3	237
0	0
5	189
0	91
0	19
0	141
1	69
1	6
0	3
0	1
27	1159
76	1159
0	183
3	36
1292	1
1732	171
0	170
44	0
1	0
0	287
0	123
0	1951
5	2351
62	1675
1	871
5	244
0	25
0	268
0	0
0	0
0	0
0	0
725	127
1	105
20	23
2	0
0	68
0	2
0	89
0	0
0	7
4	92
2	389
2	397
110	359
3	77
0	18
0	149
41	304
2	188
1	135
10	103
4	3950
14	3646
8	171
35	372
4	3641
0	383
7	87
0	0
4	0
0	0
0	0
0	0
897	68
0	67
2	4402
274	4809
15	3476
0	1734
1	1211
0	37
30	111
33	96
0	96
1	78
0	0
0	3
0	1
1123	786
0	786
7	211
314	1074
2	171
15	1001
36	166
34	879
0	687
7	6
2	168
0	4
21	1
9	301
0	469
1	449
0	458
6	210
12	466
0	326
0	0
0	0
634	278
1	82
0	188
0	196
6	85
0	5
0	0
5	0
245	32
7	4
0	22
0	8
0	52
0	15
0	15
1	0
77	210
0	161
0	119
1	7
266	929
0	929
0	162
0	245
0	242
52	358
2267	2383
0	2190
0	144
1	132
0	24
0	0
3	35
0	24
0	22
46	91
1	91
2	24
5	1
383	40
85	40
0	33
123	1086
0	80
0	1086
287	907
55	894
38	105
0	6
64	0
14	11
0	1
0	53
2	5
19	488
56	787
3	813
6	15
19	12
3	24
0	0
0	0
0	0
0	0
1836	81
0	80
0	0
0	0
0	0
0	0
0	9
103	725
1	697
0	38
5	637
0	45
0	452
0	697
844	32
15	31
277	234
0	231
0	12
0	21
6	4
6	19
0	79
491	1465
17	1202
875	1396
0	1594
2	12
0	12
0	0
1	1
10	157
6	1
196	1263
5	867
0	155
4	439
5	78
0	0
0	0
0	0
0	0
0	0
98	968
1722	1242
4	597
2	2748
11	3598
0	2683
0	1017
22	1040
3	602
28	3
0	3595
196	451
3	156
2	299
4	88
2	36
0	10
7	13
7	31
18	8
1	159
0	0
0	0
0	0
0	0
0	0
84	283
12	24
9	262
0	3
7	220
0	31
0	61
0	56
0	31
0	4
0	43
2	26
0	6
2187	121
7	74
0	0
1	0
0	11
0	11
0	63
718	2504
1	641
8	1124
9	2504
2	726
2	663
5	2524
0	1124
109	2
61	126
1	28
806	125
0	123
4	286
59	286
0	285
0	71
0	71
0	71
156	1192
65	941
0	377
8	17
0	0
1	622
1	41
1	144
1	0
0	0
0	0
735	17
4	16
2084	69
0	68
2	0
1395	88
3	76
111	16
3	181
0	45
1	79
0	48
0	3
1	2
0	33
3	170
0	22
0	6
290	346
37	469
0	87
0	87
37	134
29	105
0	52
4	389
78	1150
0	91
0	405
0	0
0	0
3	38
0	46
0	12
27	723
2	0
401	3502
26	4465
0	210
812	6888
0	7019
0	540
0	62
25	23
1	50
0	0
0	0
0	0
59	172
0	172
0	0
0	0
0	0
0	0
0	0
0	0
0	0
4	0
0	0
0	0
1	41
23	2262
5	2063
19	215
36	231
0	116
1	2027
3	73
1	79
4	8
13	34
19	1987
2506	1020
1	1
35	1019
36	3822
8	1151
1073	1983
45	3563
1	21
0	3525
0	559
0	530
39	595
0	0
0	0
0	14
22	14
0	0
0	1
0	5
643	11
0	11
3	3
0	0
2	366
0	292
106	1710
45	1708
0	273
24	230
1	229
2	1
700	312
0	306
0	261
1	52
0	67
1	41
1	21
0	30
30	49
0	73
1	9
2	3
5	64
865	5405
0	5403
76	500
0	2
0	2
0	2
0	0
109	501
6	513
0	20
13	350
6	108
2	110
0	4
0	3
13	218
975	275
1	56
0	29
0	0
1	42
0	0
0	46
1	254
75	182
19	233
0	49
2	217
0	3
0	37
0	1
1	37
0	35
0	95
0	0
9	0
38	55
346	70
0	70
0	0
0	1063
665	1141
7	472
0	148
0	73
0	1032
0	306
0	30
0	118
16	2923
11	3116
0	2739
1	2207
6	299
6	2491
0	18
11	47
6	174
10	260
5	165
22	286
58	973
0	30
70	368
15	3
7	0
0	0
0	0
0	0
8	50
0	50
0	7849
1	7686
0	29599
0	8420
2	3350
244	473
42	946
115	8657
6	9575
1	8715
0	7973
0	2
58	19936
50	26515
1	24832
1089	1608
122	1
9	1607
0	93
0	634
6	168
0	691
15	645
0	420
0	650
119	466
7	576
3	0
16	136
0	2
4	46
2	95
1	77
246	2
16	0
0	0
79	23
0	13
0	19
0	5
0	0
0	0
0	0
0	0
410	1
0	2
0	43
0	42
0	49
0	52
6	27
7	28
33	52
17	52
0	10
0	9
0	0
1	8
0	0
6	2
0	2
1204	172
11	92
1	78
1	5
1856	9304
30	8089
76	210
247	3984
0	0
0	0
0	0
0	0
7	0
72	1308
0	70
8	1308
12	0
68	3374
4	550
0	3115
553	1851
1	1408
13	247
21	548
305	3196
4	722
0	2311
0	198
1	3
0	159
0	351
36	153
13	215
16	656
5	685
42	678
3	656
7	76
0	223
76	396
1	88
40	345
0	217
0	45
0	152
0	54
0	15
0	4
4	132
0	163
4	104
0	83
1	124
4	39
1	10
0	2
13	21
0	3
0	0
0	5
0	4
14	13
0	0
0	12
0	7
2	9
0	0
0	0
0	0
0	12
13	191
0	226
0	232
0	248
0	159
3	248
0	0
240	896
118	881
7	284
29	370
3	1
18	77
15	77
4	20
714	439
44	310
0	421
12	0
3	1
0	1
0	0
0	0
0	1
78	78
0	49
0	34
0	22
0	8
0	2
373	189
0	189
0	1108
0	1065
0	1117
0	1074
7	973
2	27
1	13
120	0
0	0
0	0
0	0
12	128
4	111
0	112
2	1226
4	326
157	1905
141	1289
8	60
0	301
68	1192
2	104
19	37
12	78
14	0
0	32
1	76
0	105
0	1226
2	0
0	0
0	0
0	0
0	0
0	0
8	93
0	93
0	1
2	4
0	2
2	19
0	0
127	412
8	390
2	130
0	394
3	206
3	0
34	150
107	160
204	269
0	3
549	14
0	1
0	13
300	39
1	39
4	0
169	622
0	181
9	603
0	51
0	0
0	1
0	1
3	200
0	0
0	0
3	71
0	75
3	75
253	559
49	552
2	48
45	0
10	546
27	548
0	0
0	0
66	4
0	0
0	4
4	58
0	116
32	2279
4	0
0	34
6	2251
3	74
0	2289
600	467
0	291
0	1
0	4
0	2
2	156
0	181
0	181
0	0
15	85
0	84
0	85
71	179
0	173
0	179
0	23
0	4
0	0
374	148
0	121
0	26
6	0
0	0
0	105
856	2083
1	297
15	1867
0	0
0	0
0	0
28	219
0	21
309	1400
279	1456
164	309
3	165
2	1338
0	218
4	8
3	4
7	4
5	18
0	74
0	0
0	26
5	91
21	0
1335	189
0	129
0	59
0	0
0	0
1269	1005
2	0
6	6
18	224
0	71
11	866
0	92
0	153
0	0
0	0
4	3426
42	3079
10	3255
1	3293
68	3542
2	501
9	423
2	126
3	6
0	3446
12	25
0	13
0	19
2	0
27	556
30	567
5	489
0	19
8	336
1	27
49	2691
176	2748
9	330
0	2
46	50
1	500
0	303
0	48
11	2
0	2691
229	159
0	97
0	52
1	10
8	3
169	54
0	54
0	1
0	1
0	27
0	25
2	28
0	6
0	1
0	0
0	0
0	5
0	0
0	0
0	0
0	0
0	0
0	0
45	933
0	36
0	2
0	9
2	5
0	6
2	3
4	10
0	5
0	7
0	2
18	1003
22	994
0	453
0	358
2	27
16	0
0	1003
0	994
0	0
0	0
4	777
4	19
0	35
7	746
6	743
23	743
2	721
0	742
1	782
0	22
0	0
5	675
646	710
1	173
0	623
79	644
0	166
0	722
1	107
0	125
0	129
0	127
0	17
2	28
0	0
0	0
0	3
0	6
0	2
0	0
0	0
0	125
59	3101
5	2260
0	2165
0	1132
9	1700
7	6
11	795
8	1087
0	813
1	108
86	0
77	4
0	0
0	0
0	4
0	1514
86	1516
11	1825
204	1825
6	698
11	106
1	0
30	239
63	239
0	34
1	138
384	6
267	0
13	238
44	709
1	1776
70	1739
1	599
0	1833
0	1901
747	0
4	1447
4	595
0	641
1	370
1	66
0	197
60	464
0	15
0	59
0	86
0	43
0	0
0	0
27	497
256	2267
0	677
0	2229
5	1255
16	42
1	371
0	325
1	209
0	117
5	0
3	0
1	133
0	134
0	26
68	171
8	31
0	4
29	146
30	149
12	17
0	4
0	1
2	6
4	122
0	72
0	123
0	134
1315	1138
0	1138
1376	3
9	1
182	507
12	730
7	835
18	150
0	27
70	678
19	566
27	399
1	355
2	65
8	88
3	4
42	375
0	42
0	0
8	0
0	0
4	594
0	710
27	1446
67	1675
0	871
58	885
56	1083
1	186
1	3
0	38
0	17
0	8
0	17
2	13
37	0
3	39
61	139
30	82
0	220
3	149
5	64
0	3
0	3
67	496
0	496
7	153
12	313
8	9
1	1
0	472
3663	1889
12	82
1	56
6	66
0	1806
2140	3
2	83
7	286
187	955
0	896
0	113
5	31
0	134
32	135
0	22
1	16
284	2705
444	1794
6	926
41	528
181	916
0	456
82	410
0	0
0	0
0	1065
1170	1065
1	20
0	616
0	3
254	2087
198	2086
834	1175
15	671
1901	840
0	26
5	9
0	36
0	1
0	0
26	1
10	889
0	739
11	0
0	33
11	299
0	957
0	905
92	2
0	2
2	624
64	627
1	172
62	112
3	0
8	6
37	26
0	10
9	30
2	0
0	0
0	241
969	451
7	308
1	222
12	533
0	0
15	533
4	1
31	68
2	0
24	1694
20	1709
140	1708
67	486
26	600
741	236
0	179
9	57
2	0
49	0
0	0
1328	664
1	640
11	21
14	0
21	45
2	24
369	1179
7	999
3	89
6	273
0	2613
344	2441
18	2605
0	662
0	717
26	136
6	480
1	30
3	103
7	1
2	9
1	8
18	0
13	1363
139	2676
5	2676
0	982
246	992
1	959
1	983
192	851
3	248
0	44
187	126
0	0
0	0
0	0
255	662
44	663
0	660
78	660
15	0
0	0
4	30
1	27
0	4
0	0
190	742
1	8
0	137
0	21
1	423
1	301
0	565
0	454
0	454
0	454
0	423
0	3
1	145
1	22
0	27
0	1
613	4291
0	3077
0	792
11	796
33	581
0	0
0	0
0	0
0	0
0	0
8	6048
84	5388
2	449
0	1166
1	47
9	4
0	859
15	195
42	0
0	90
0	55
198	64
1	60
0	41
0	48
0	39
0	39
0	37
0	38
0	18
0	24
2	0
0	16
0	0
8	221
10	66
0	177
0	103
0	107
2	131
2	3
4	15
13	0
1	15
54	30
7	203
9	203
5	13
0	24
0	0
0	0
0	0
0	605
5	764
8	528
24	2
0	2
0	2
27	347
43	326
4	14
0	313
149	294
0	12
0	32
0	76
0	24
0	15
0	6
3	5
6	2
29	938
4	2038
2	938
0	397
1	938
0	11
22	2298
15	191
0	2031
187	0
0	14
1	14
61	53
2	54
0	54
0	36
0	15
0	5
0	2
88	92
0	92
0	13
0	1
0	2
3	0
0	0
26	376
2	0
1	54
1	56
0	376
91	893
11	877
6	24
1	79
3	64
346	8
13	8
215	4081
0	0
156	3579
0	2294
91	4078
59	17
4	17
2	43
2	91
0	6
0	0
0	4
0	0
333	1200
1	960
0	323
12	76
103	0
0	1
0	0
4	1
0	0
0	0
0	0
0	0
0	0
0	0
0	1
11	358
2	345
0	358
1	11
0	15
2	1
1	1
11	0
0	0
0	0
0	0
0	0
0	0
78	671
13	264
31	445
69	115
3	206
6	283
9	129
366	1438
7	704
0	1100
0	1066
1	22
29	188
0	0
19	31
0	30
4	12
0	16
0	15
0	13
0	3
6	6
0	0
0	10
2	13
0	3
0	22
0	0
0	16
2	238
3	238
2	115
0	21
83	150
30	150
59	0
5	1376
27	1281
0	1041
1	201
0	150
0	136
3	84
20	136
5	17
0	1364
81	23
0	28
0	27
0	23
0	0
0	23
0	18
0	0
0	0
0	0
21	7
26	405
4	403
0	196
443	0
0	834
6	1751
12	1620
1	244
1	457
0	240
10	11
15	0
0	30
0	0
0	2
59	465
6	54
0	86
2	422
0	48
0	471
2	67
0	2
0	27
17	20
5812	55
1	53
13	76
0	78
0	71
0	1
4	0
204	273
0	69
0	77
0	238
0	8
127	573
0	18
11	124
0	573
0	57
0	76
2	7
0	5
1	16
2	16
0	9362
0	9862
0	9430
344	794
0	392
0	20
0	133
0	247
5	150
0	103
3	0
11	16
2	32
8	143
6	928
35	920
3	198
10	34
0	97
5	66
4	24
4	0
1	137
0	0
8480	577
3	521
1	0
0	50
0	0
0	0
0	0
0	0
0	0
0	0
0	0
3	84
0	1946
1	36
40	708
2	437
5	71
93	18
47	2
12	17
5	1946
181	5165
74	5157
5	515
12	622
9	253
5	253
1	335
0	1
0	5
10	291
0	334
500	66
0	43
0	2
0	22
0	0
0	0
4791	1317
3	293
10	568
0	394
29	16
0	508
0	574
17	0
2203	959
6	938
3	871
0	864
0	876
1	43
1	108
9	580
23	583
94	655
1	649
0	638
0	720
13	22
1	55
20	0
0	227
2	130
8	113
2	134
0	0
0	0
14	264
0	264
1578	1056
14	1056
0	0
0	1
0	0
43	1078
32	1078
0	35
0	38
0	4
0	37
1	9
0	5
0	0
0	0
120	20
0	0
0	20
588	79
0	5
0	30
0	43
597	1538
6	1091
2	267
17	655
1	3
3	4
0	2
0	2
0	0
0	0
0	0
70	0
0	0
0	0
0	0
58	122
21	117
3	4
0	3
41	170
6	177
7	43
0	24
46	53
5	137
4	51
0	234
156	241
2	214
8	216
0	138
438	941
285	326
47	367
224	1047
0	514
3	0
252	885
0	574
0	17
17	366
1	338
0	206
0	11
0	56
68	467
64	264
143	284
4	57
21	80
16	267
4	264
1	212
0	0
2	0
521	324
0	324
490	994
3	993
1	0
0	47
0	3
0	0
0	46
0	0
0	0
0	0
0	0
0	0
0	0
0	0
0	0
0	0
0	0
0	0
1368	1
23	11557
0	11957
2	11574
0	28
18	3977
0	726
2	707
6	482
16	195
0	11872
0	11753
0	276
61	9221
14	474
1	11899
1	9489
13	3393
0	0
0	0
0	0
0	0
0	1
0	1
2	1
39	0
0	0
0	0
0	0
0	0
0	0
0	0
0	0
133	30
1	2
11	0
2	30
27	1
10	74
0	66
3	0
0	13
0	0
2	22
0	0
1	9
53	512
0	32
2	121
4	515
0	100
0	0
1	0
4	50
34	531
0	47
0	421
4	0
0	410
6	125
54	1714
0	1706
28	2179
8	1
6	0
88	2020
20	17
0	55
5	142
9	168
3	18
0	2
0	2
0	10
0	29
0	29
0	120
0	30
0	7
5	999
0	965
27	865
18	317
0	188
0	187
4	26
1	11
0	37
0	0
0	0
45	457
111	456
2	456
17	986
3	653
0	579
20	390
4	92
0	0
1	10
0	1013
12	16
0	16
0	1
0	1
0	0
0	1
0	0
0	1
0	1
0	0
0	0
0	0
0	0
44	427
20	427
0	0
0	0
0	0
0	0
49	1873
0	1665
3	1421
0	0
72	63
21	576
1	36
2	36
0	34
0	34
0	31
1	0
0	1
0	0
0	0
0	1
0	1
0	0
0	0
0	0
0	0
0	0
33	33
0	14
0	14
0	2
0	15
0	1
1	14
449	0
0	157
0	223
218	311
2	54
5	30
6	9
7	111
6	111
0	0
5	111
262	368
28	368
0	105
1106	106
11	624
6	598
2	71
17	48
9	3
1	3
10	58
6	621
0	58
4169	1
1	1
0	415
1616	561
0	112
2	146
852	0
1	114
0	658
0	148
0	24
0	0
0	37
0	0
1	31
0	31
0	33
2	31
0	1
1	0
6	0
0	658
0	671
0	639
55	1560
5	1181
143	936
11	2086
0	14
0	172
0	43
0	8
30	49
0	130
87	672
0	63
43	354
1	86
6	76
23	1098
0	0
0	931
0	1049
8	58
4	533
2	92
1	1
10	186
1	1
166	1540
1	1345
0	160
0	37
1	4
7	23
54	4451
105	137
0	0
5	1723
83	4220
68	99
13	0
25	375
2	368
3	158
0	194
0	18
0	13
0	5
0	0
0	0
0	0
0	0
11725	10
2	5
0	0
0	0
302	393
1	0
3	469
0	173
0	0
0	39
0	826
0	1936
1	36
0	1620
0	699
4	207
8	549
2	5
0	357
3904	56
1	52
0	0
0	0
0	0
0	0
0	0
0	0
15	88
7	89
2	88
20	54
0	77
225	0
3	6
0	6
2	0
15	104
0	89
14	84
0	4
0	4
0	1
0	1
0	1
2299	1376
1	253
47	787
0	565
0	423
2	0
1	333
0	256
8	311
2	360
6	388
0	141
0	7
0	96
0	27
12	3
1	0
0	934
0	68
0	4
0	815
0	389
0	6
1	1
0	1
0	1
4642	694
11	109
12	209
115	36
2	130
16	56
7	207
88	79
0	250
416	198
0	34
30	3547
4	3033
1	1001
0	2363
0	2070
3	1025
2	489
4	323
2	488
4	4
0	0
87	307
6	261
0	6
1	125
0	32
0	0
13	89
76	2651
261	1036
92	1907
1	16
51	32
0	2
236	698
14	698
0	12
0	24
0	16
0	26
0	12
2	3
0	14
1	0
0	19
3	1187
2	203
0	690
0	209
0	113
14	136
0	1219
0	80
0	38
2	86
2	39
0	2148
169	2298
5	265
0	71
0	2294
42	785
0	1000
0	2590
2	2497
1	995
0	1077
0	994
1	69
0	2217
0	0
0	0
0	0
0	0
0	0
50	3
0	2
311	3136
158	3143
0	470
0	162
183	455
0	455
1	137
62	36
711	5728
11	81
0	4634
0	700
0	1704
1	1012
2	1758
3	496
0	0
0	1698
87	45
12	2
0	56
253	313
0	1
6	5
6	6
80	290
6	310
0	172
3	0
0	0
0	0
377	0
1	0
80	82
0	82
11660	3887
14	1
2	3668
1386	599
0	83
1	0
1	476
0	109
0	53
0	0
0	1
0	0
15	1
0	74
8	2257
37	2281
4	639
0	1010
63	37
0	406
8	362
1	55
0	47
0	0
33	0
4	72
7	14
0	1
0	1
83	203
0	31
14	53
5	2
1	5
1	136
0	0
40	429
69	429
25	11
2	11
3	50
5	14
12	11
0	82
0	28
0	32
0	7
0	14
0	12
0	8
1	7
0	6
0	3
0	0
0	0
0	0
2	1
19	3
0	3
0	0
0	0
4087	769
1	0
1	768
6	199
0	6
0	3
0	6
51	121
7	121
1	5
0	0
0	0
530	2034
49	13
6	70
32	79
0	1
0	0
0	0
0	0
383	329
0	276
1	32
5	56
6	98
0	2
0	21
0	0
0	1587
6	13150
38	3825
16	3801
0	13122
1484	1007
0	566
1	576
1	43
27	204
0	204
1	3
0	0
16	715
876	728
14	500
38	294
0	53
89	1855
1	1864
0	712
14	145
0	33
6	0
10	9
1	290
0	0
97	60
0	60
0	0
0	0
0	0
40	0
0	0
0	0
0	0
0	0
16	3464
10	52
2529	3437
0	43
4051	207
1	201
42	154
0	22
33	7
8	17
2	109
4	40
2	113
28	0
1	0
0	71
0	285
3	6
0	27
2	48
0	55
0	92
6	11
13	985
0	592
0	635
17	933
0	5
0	7
4	7
0	1259
0	1285
0	1290
0	1270
2	1266
35	1635
76	1636
219	304
5	296
0	25
1	27
4	25
3	2
70	226
0	54
6	101
3	77
0	25
0	35
11	11
0	111
7	1811
55	1869
20	43
0	380
0	1855
349	1278
44	1276
10	151
14	168
12	3832
4	421
0	16
126	3479
0	334
9	2
54	1711
64	1620
0	176
2	168
0	45
1	2
18	252
32	233
0	48
4	0
0	0
0	0
2	0
3940	0
0	1127
0	409
3	189
0	978
69	746
26	746
0	29
0	16
1	36
21	49
0	17
30	164
0	110
0	14
1	7
10	0
0	890
29	1174
16	607
4	44
2	16
0	1227
0	0
0	0
599	1
0	14
0	2
0	0
0	14
0	0
0	0
0	0
91	22
175	94
7	0
0	21
0	92
2	143
1711	254
1	253
0	5
10	114
0	90
0	0
0	89
0	113
0	109
0	3
0	0
0	3
0	0
0	0
0	0
0	4
0	7
0	0
0	3
0	5
6	5
0	12
1	12
0	114
0	109
0	108
2	108
0	62
0	76
1	2
0	892
39	875
11	32
14	0
0	111
11	55
8	5
5	55
0	0
4	287
0	263
18	213
4	280
22	281
0	187
0	188
6	29
1	0
0	0
0	0
997	3198
28	2667
38	2659
5	1671
2	528
8	523
120	96
2	27
0	1
0	0
795	768
3	766
0	61
0	0
0	0
228	402
1	349
9	54
0	0
27	2135
11	1608
14	520
13	680
0	1049
19	414
0	465
0	860
2	615
8	366
2	1350
6	3262
1	232
9	474
0	1818
0	3
33	569
0	2585
0	3249
614	683
0	641
1	569
0	4
0	41
0	12
0	8
3	21
0	21
0	0
0	463
36	456
57	42
5	357
0	0
0	0
0	0
0	0
10	208
30	546
2	376
0	20
0	70
0	3
12	22
11	15
12	0
18	0
0	11
3	501
53	500
59	114
6	79
0	904
1	1181
19	45
1	1121
0	89
1	1
0	38
0	117
0	0
0	0
0	0
0	0
552	94
0	7
0	87
104	4523
8	71
30	138
46	551
5	4350
0	0
0	0
0	0
2	0
0	0
12	462
5	78
7	466
0	465
3	40
74	221
7	57
3534	2
65	62
0	26
0	43
0	1
0	22
0	22
0	22
0	21
0	0
0	0
0	0
0	0
112	1818
1	1451
95	1780
1	6
0	0
0	0
0	0
0	0
0	0
167	52
49	34
0	51
2	4
0	0
0	0
0	0
0	0
1	0
0	0
0	1643
24	1841
3	1688
1	1464
42	1106
0	1226
4	2
0	0
0	0
9	157
0	237
0	213
3	9
0	200
2	12
2	12
0	0
0	0
0	0
0	0
0	0
4	0
334	0
18	609
17	654
6	631
10	622
0	631
1	5
5	119
10	0
1	39
12	89
2	88
0	88
0	0
1124	0
118	159
0	8
0	151
2	23
0	10
3	13
0	8
7	1058
0	959
0	2199
1	2013
0	2032
0	1987
5	1507
0	1743
0	1751
0	1728
0	1787
1	105
1	124
6	4
81	1
7	49
10	159
39	97
0	959
1	2240
33	46
1	6
0	12
0	63
1	23
0	12
0	18
166	3522
98	3522
58	300
8	76
1	77
0	0
18	564
299	733
0	400
5	55
0	91
6	153
17	57
8	1
0	57
0	57
260	2905
26	2160
70	982
0	136
0	72
0	179
0	150
0	0
1	30
6	0
0	98
0	1
2	3485
0	2925
0	2021
0	68
7	70
2	56
1	1
0	13
2	0
13	0
0	0
0	0
0	0
26	205
2	204
1	205
0	66
0	2
1	419
74	419
0	8
2	8
1	504
26	513
9	26
5	0
6	93
1	2
0	1
16	84
0	84
0	58
0	735
1	60
0	761
0	722
1	9
0	11
0	0
0	28
0	621
0	49
2	612
0	31
0	105
1	112
23	112
1	0
0	0
0	0
0	0
0	0
0	0
434	19
0	19
1	1977
53	2102
63	294
1	30
4	189
13	48
1	132
298	140
3	42
0	86
0	0
65	0
6	8
0	5
0	3
0	11
0	11
0	11
0	4
0	1
0	1
0	0
0	11
0	0
0	0
0	1
0	1
0	1
0	1
0	0
0	0
0	1778
0	1784
0	1553
0	869
0	1725
0	105
0	76
24	0
4	125
0	1668
89	954
4	962
9	1024
127	208
1	319
2	267
0	261
58	210
0	0
0	2
1396	216
41	67
0	157
10	6
1	17
18	19
0	0
0	0
300	3434
9	1184
3	582
0	747
12	3135
2	87
0	1115
13	0
0	1
2	1
0	0
31	9
0	9
0	0
40	1120
4	631
0	42
11	50
0	507
0	7
1	61
1	0
0	2
20	2
4185	160
1	69
0	83
0	0
0	0
0	0
0	0
0	0
0	0
0	0
0	0
0	0
680	249
1	4
1247	133
8	133
1156	224
3	58
0	38
103	23
1	15
4	8
56	16
0	0
0	0
0	0
0	0
2	3
2	3
300	36
0	0
2	29
0	11
153	122
0	29
3	61
35	103
14	37
24	22
1	61
1	0
53	10
0	10
4515	7027
2	7069
25	1873
119	1421
0	775
11	150
7	141
1	11
0	0
0	0
0	0
0	0
6	28
8	64
1	13
6	0
0	7
0	1
0	1
0	0
210	1826
0	1520
53	1166
0	573
5	272
0	0
0	0
0	0
105	178
2	76
20	177
886	499
3	499
291	0
0	21
0	22
0	18
7	99
85	123
0	24
173	1
12	176
20	207
1	248
0	17
0	0
0	25
0	0
0	0
0	0
0	0
2629	11790
77	513
0	1952
19	10954
0	12
61	333
6	476
252	870
14	146
3	60
1	78
19	61
73	39
10	30
0	0
0	0
1	0
0	0
3	0
1007	606
3	202
0	590
556	385
3	0
0	13
3	384
1	41
0	34
0	645
0	522
0	553
0	679
2	642
0	553
1	168
0	525
0	491
1467	121
3	88
3	14
2	0
0	104
41	13
1	14
0	14
0	13
0	0
1506	36
0	0
0	0
0	0
5083	4
0	614
0	589
0	442
0	180
10	218
8	0
1	88
1943	5
0	0
39	43
0	42
1	43
4	41
778	93
1	78
59	14
0	0
0	0
23	548
9	547
8	461
115	5
2	948
69	944
16	942
2	924
2	208
2378	857
5	641
362	2
69	1012
21	251
14	162
8	4
10	1
16	0
0	0
0	3
0	3
187	195
0	151
0	15
0	56
0	0
211	295
17	309
54	919
0	919
15	172
0	183
1	26
6	2
0	0
0	0
0	0
0	0
0	0
0	0
0	0
0	0
0	0
0	0
0	0
0	0
0	0
0	45
0	0
0	6
0	0
0	0
0	0
0	40
0	0
0	6320
23	2457
13	4699
0	623
5	29
21	95
0	58
0	83
20	639
0	1813
58	63
0	0
6	157
0	0
0	636
0	166
8	20
0	6381
0	310
1	1513
88	592
113	518
70	1691
1	8
48	1384
14	33
26	1691
256	737
10	79
2	190
13	126
0	19
11	352
0	252
0	0
1	30
0	23
701	2532
0	606
0	1687
0	40
4	1878
1	1500
12	235
0	72
14	70
1	0
0	0
19	975
0	981
0	0
0	0
0	0
191	315
14	296
0	86
6	114
0	20
0	7
0	0
0	0
0	0
0	0
0	0
0	0
0	0
0	0
0	0
0	0
2880	198
0	0
4	197
4	75
0	254
2	250
2	94
1	120
5	44
0	60
3	259
8	192
77	125
0	235
0	0
0	0
0	0
0	0
0	0
143	469
11	469
0	0
0	2
0	1
0	5
2	1
0	3
1	3
310	95
0	62
1	32
1	16
965	2
0	0
0	0
0	0
0	0
7276	3
8740	19
68	3
111	3
402	0
0	0
0	0
0	0
0	0
0	0
0	0
72	0
115	0
0	0
0	0
0	0
0	0
0	0
0	0
0	0
0	0
0	0
18	0
6	2005
0	1823
11	1835
4	1865
7	1847
1	19
9	6
1	116
12	1
1	7
6	76
0	77
1	77
0	9
0	13
0	7
1	4
0	4
0	4
8	35
0	55
0	13
0	112
0	0
0	0
587	204
0	204
7338	4321
21	1410
0	2147
0	7
0	1486
4	478
2	1386
3	0
0	0
0	0
0	0
2	0
0	0
2571	389
3	174
0	0
0	133
1	80
955	15
3	12
0	0
0	0
0	1
0	1
0	1
0	1
1	29
15	33
0	4
8	8135
0	2964
0	1275
0	573
53	1336
17	1220
0	123
0	184
42	144
0	818
46	769
51	308
5	15
0	103
0	8100
16	363
11	78
0	214
6	287
6	0
10	25
186	151
0	59
0	2
0	5
0	0
0	72
0	58
0	101
0	0
0	0
112	6863
0	7051
42	6845
1	52
73	11
9	272
98	897
20	184
0	72
0	87
0	67
0	91
0	3
0	0
0	3
0	3
0	3
0	3
198	634
0	630
0	440
3	154
79	247
13	221
0	6
0	0
0	0
0	0
0	0
0	0
0	0
0	0
2	4
0	4
75	7
0	6
0	3
0	1
0	0
0	0
2873	1367
0	265
93	42
67	1108
34	414
0	19
0	398
0	25
2	123
0	35
0	0
0	127
0	13
0	13
0	0
21	47
0	0
3	47
0	2
1	0
158	162
11	108
5	1649
1	83
10	96
0	46
0	0
0	0
0	0
0	0
0	0
13	52
0	324
0	269
14	278
6	255
0	42
3	53
0	63
7	47
1	0
0	0
0	0
361	416
46	415
0	0
0	0
0	0
0	0
0	0
0	272
1	1454
7	2
6	141
0	122
0	1463
0	1445
9	221
0	221
161	2064
1	871
6	647
4	23
8	3
0	65
17	1225
48	731
2	729
19	153
1	4
1	7
1	40
0	5
0	25
3	504
0	9
1	2
1	698
0	712
0	0
0	0
0	0
0	2480
0	2156
0	2492
2	2383
0	2491
1	293
0	1054
0	1054
0	97
0	86
1	585
18	206
0	43
0	0
3	137
0	0
0	118
0	113
0	68
0	57
0	12
0	0
0	2383
0	15
0	15
0	1
0	0
0	0
98	110
28	36
5	2
3	28
67	365
7	118
4	150
0	42
0	40
0	40
0	35
12	0
0	361
0	360
0	51
0	0
0	0
0	0
0	0
0	0
0	0
0	38
2	16
1	0
12	123
11	120
116	121
0	99
255	911
0	185
2	60
16	77
0	645
1	569
11	22
16	162
0	371
2	5
52	0
7	20
3	110
62	59
0	98
0	16
6	16
9	15
22	3764
0	485
0	1665
0	2470
0	2285
0	3491
0	2380
1	580
0	2129
0	3355
0	3562
0	1852
125	3513
6	142
0	1518
0	58
0	58
1	107
24	1690
2	8
4	167
0	2455
27	0
2	0
0	209
1	0
6	1484
0	3643
0	3445
0	3555
217	0
0	41
1	43
1	15
1	2
0	2
0	41
43	835
0	90
0	584
0	558
1	265
84	230
2	220
3	173
6	105
987	139
0	0
0	1
1	136
1411	69
0	67
2	1
29	661
1350	7460
0	22
20	220
28	7144
1	1290
2010	2260
0	2257
2198	1813
1	249
0	249
0	0
4	92
46	1818
6	1032
193	80
27	603
0	844
27	333
0	42
9	250
1251	4367
0	4367
24	31
2	219
3	75
41	791
0	964
2	853
0	0
0	33
26	1
373	46
3	19
17	27
2	0
4	30
13	1271
0	131
2	2257
23	247
2	36
0	42
0	0
0	4
2	178
15	136
3	87
62	0
3	0
39	0
13	3
0	2276
0	41
0	39
3	20
0	23
2	1
0	41
1	41
0	2
0	0
0	6
0	25
0	2
0	2
0	0
0	52
3	97
0	24
1	91
14	86
0	4
0	4
0	1
0	95
0	51
3	0
0	0
56	14
0	4
0	4
1	8
1971	596
4	596
7	0
8	3441
0	338
3	666
13	3222
14	363
2	0
1	0
214	186
105	47
24	16
0	2689
226	359
0	359
3	348
0	147
0	63
0	19
22	2
575	371
0	371
347	1163
0	1139
0	139
0	844
6	542
0	221
0	133
1	188
10	44
0	50
0	1094
0	0
0	0
0	0
479	977
0	977
52	0
127	311
10	172
0	113
0	160
0	1
0	0
0	0
0	51
0	0
0	0
0	0
3	554
27	558
0	301
0	275
0	476
0	1
0	4
3	381
0	376
0	261
0	216
0	254
0	276
0	428
0	178
0	171
0	0
0	213
0	231
4	0
4	101
1	18
0	12
0	43
1	65
0	5
0	35
0	315
0	204
56	63
0	8
11	55
0	6
2	2
0	15
0	44
7	48
0	32
0	15
0	15
0	0
0	0
517	1586
0	998
0	287
1	165
0	234
3	546
1	2
0	137
23	89
6	301
0	0
0	0
0	0
0	0
0	0
0	0
1	0
23	943
1	920
0	980
20	92
2	149
0	80
0	60
0	123
28	56
0	54
2	126
0	91
10	139
3	142
0	11
0	16
469	673
743	756
0	511
0	495
66	237
47	152
12	548
0	5
0	83
3	518
0	0
674	2
0	0
0	0
778	10879
23	1000
1407	10875
25	10817
21	10815
10	201
0	0
0	0
0	51
0	0
0	0
1	33
6	32
2	173
0	2
2	0
0	44
0	25
0	33
0	18
0	44
3	1
0	1
1	122
0	22
0	1
0	14
1	1710
5	1736
32	80
1	163
0	8
0	176
8	144
0	19
1251	2487
0	715
0	617
0	1475
0	818
0	235
0	296
0	220
0	43
0	436
3064	1148
4	703
620	13622
0	11808
7	782
0	0
0	0
159	2524
58	2327
16	2257
12	45
22	432
0	607
0	0
2	70
117	551
0	546
5	70
1	27
61	0
0	266
73	266
3	0
7	24
539	544
1	542
2	5
0	24
0	22
0	9
0	1
0	1
0	0
0	0
0	0
0	0
0	24
98	0
188	2
2	1
2	0
0	1
0	5
16	54
0	6
0	67
166	3
0	0
5	7
2	0
0	0
0	0
0	1945
93	1955
1	1274
1	710
0	383
0	353
0	4
6	2
0	0
1	201
0	208
0	208
27	172
3	132
2	25
116	97
1	1900
0	39
2	188
14	1835
0	1889
4	0
2561	289
2	75
1	212
1	2
2	20
1	22
58	5
1499	270
1	37
1	85
0	179
0	57
1	97
7	690
0	690
0	31
42	953
0	51
34	367
11	943
0	17
93	961
437	2274
0	1174
2	983
0	1108
0	581
0	408
0	21
0	169
0	967
0	166
0	166
0	140
0	89
0	69
0	17
0	9
0	0
1	0
0	826
0	735
38	799
27	205
1	721
0	890
0	228
0	0
318	614
9	402
0	426
2	81
0	110
2	0
0	0
123	188
0	188
0	156
0	0
8	126
0	104
0	109
0	0
0	192
506	321
8	168
0	5
0	0
800	816
0	348
1	669
4	90
15	0
15	10
4	75
0	108
0	38
0	27
1	247
0	200
0	0
3	2
27700	14463
31	14446
1	5023
0	1032
42	248
1	0
0	0
422	56
4	51
10	3
4	5
1655	32
1	28
5	5
33	3
10	0
0	0
0	0
0	0
9082	9
3	159
0	4
3	172
0	10
0	13
16	11
0	34
0	1
0	25
5	154
70	181
0	43
0	21
5	8
5	8
0	0
0	0
0	0
0	0
0	0
0	0
0	0
0	0
0	0
1	0
162	491
11	491
0	0
0	0
0	4
53	28
1	3
0	25
0	0
0	0
0	0
0	52
0	52
0	20
0	4
0	4
6	757
0	7
0	33
0	760
9	118
7	107
0	15
15	0
0	561
5	890
0	695
20	1011
0	111
0	28
14	279
1	693
19	252
4	132
0	180
1	132
0	59
8	38
0	59
3	3842
0	3137
17	1251
0	1956
0	1290
0	941
0	226
0	30
3	2
1	278
0	0
0	0
0	0
0	0
0	0
0	0
875	60
2	1
0	46
5	4
2	14
0	0
0	0
0	0
0	0
79	41
0	41
1	40
0	40
562	5009
0	6
0	4675
20	3872
6	685
0	2142
16	589
399	4398
0	466
51	2645
0	2851
12	3051
4	836
0	22
0	850
0	206
4	384
1	201
0	206
1	191
0	187
0	79
11	3
11	0
0	0
0	0
0	0
0	0
0	0
0	0
554	2611
167	2526
0	293
5	237
1	89
8	144
0	216
0	137
0	5
0	145
103	36
2	1
0	8
0	0
5	0
0	28
0	64
0	10
0	5
0	64
8627	2308
2	2305
0	0
742	6759
17	6843
5	156
0	10
5	0
1273	200
2	10
0	4
6	177
7	78
9	35
1328	817
32	182
4	637
0	0
0	32
0	32
2795	2
0	110
0	95
1	40
8	2
1	0
0	4
0	52
0	3
11	26
167	1190
3	30
68	205
117	1170
0	201
46	9
39	78
4	30
5	277
2	243
10	88
2	212
0	1
0	59
2	260
308	128
0	1
0	19
1	64
0	0
0	0
0	0
0	0
0	0
0	0
0	0
0	0
0	0
0	0
0	0
15	35
0	0
2	3192
3795	656
70	652
2	3
6	3
0	0
4245	499
5	521
26	195
0	0
0	2
0	2
39	7
0	7
0	0
1	0
0	0
0	0
0	0
0	0
0	0
17	0
1634	4
15	216
1135	402
0	85
4	137
0	324
5	9
0	9
0	1
0	8
27	286
0	262
14	20
0	4
0	44
2	11
1	108
4	108
0	64
0	12
0	4
2	2
0	2
36	99
0	16
0	22
0	32
0	14
33	63
36	63
4	16
4	2863
0	2904
0	821
0	112
0	815
6	42
1	67
45	2413
49	1188
1	457
5	34
197	961
43	0
0	83
2	18
3	254
1	140
0	141
19	87
0	2729
0	0
104	273
8	273
15	20
0	20
0	6
0	5
0	2
0	2
0	0
0	0
1834	173
3	55
18	117
9	8
1	0
0	0
4	5
0	5
8	4
0	90
0	0
0	0
0	0
0	0
105	438
22548	449
1	14
0	14
37	628
1	628
8	628
0	384
3	384
2	383
2	116
50	211
0	148
1	27
0	0
176	202
18	202
0	0
0	0
0	0
881	941
0	299
11	141
0	207
3	0
18	136
2	21
1	21
4	84
16	289
0	13
28	105
52	1
0	55
5	365
0	13
0	12
0	7002
890	4828
0	12425
0	324
0	10563
49	2090
0	12471
165	3244
2	182
0	124
0	43
1	3177
15	134
4	130
0	56
0	49
1	0
0	0
0	0
0	4
0	4
36	268
104	5252
0	482
212	5121
2	134
1	570
6	199
127	3
15	98
6	198
248	933
16	933
3	1
5201	225
0	223
0	0
0	0
353	663
723	693
61	93
78	31
53	32
3	18
812	679
11	678
151	182
0	182
1	0
3	0
10	295
2	282
8	279
25	13
799	902
0	474
1	424
0	1
0	3
269	3124
3	2811
0	1107
2	1431
0	0
0	0
37	2879
37	2791
44	2799
129	462
6	463
0	0
2	242
1	0
53	1744
0	241
0	0
0	194
2	1655
0	181
6	127
2	14
0	199
2	36
68	272
0	65
134	1148
0	866
13	8
3	305
12	115
0	238
1	33
3326	827
6	0
2	87
25	58
6	488
6	304
0	23
20	462
0	2917
37	1667
1665	3098
3	1099
0	0
0	743
0	0
0	0
0	0
0	0
0	0
0	0
0	0
0	0
0	0
82	80
4	71
0	31
957	65
5	26
0	15
2	37
19	1117
41	1165
26	912
0	242
7	123
0	362
261	522
4	47
0	170
0	83
42	145
4	66
0	75
8	19
7	1
0	1
1064	1
0	0
0	0
1	4419
473	4427
2	532
0	844
0	752
0	422
2	108
0	486
0	1117
75	66
0	66
1757	291
7	554
22	550
1	4
4	8
0	3
2	3
0	3
0	0
0	0
0	0
0	0
191	116
20	112
21	3
4	13
243	173
1	0
0	0
12	173
173	188
0	168
13	155
701	0
8	0
0	199
1553	3970
51	3879
86	3913
2	1861
12	3458
0	1157
0	0
0	0
0	0
0	0
582	18
5	18
0	44
376	276
3	0
1	17
3	26
2	247
5	27
13	94
9	94
197	1772
67	645
0	123
0	1238
0	314
1	4
1	168
0	29
0	0
0	0
4	180
11	178
0	60
0	60
0	12
0	76
1	79
0	24
0	16
16	1757
904	1755
0	1682
0	1307
0	1244
0	294
551	32
386	0
4	31
0	31
138	355
3	254
0	162
2	185
1	30
0	24
17	67
3	0
572	216
6	216
21	1547
4523	1550
0	0
0	1
0	1
2	1
2	24
0	24
0	0
0	0
0	0
463	2604
30	2805
5	2563
2	159
0	26
34	41
44	9
0	930
3	1073
0	1054
0	645
38	919
51	731
4	44
12	416
0	149
0	138
0	128
13	70
3	1
0	0
8	31
26	0
0	16
1	924
0	0
0	0
1009	0
8	0
0	1
0	1
0	1
0	0
0	0
0	0
0	0
0	0
0	0
0	0
1103	2373
4	306
23	59
0	0
5	1636
0	3
0	61
0	0
2269	78
7	43
1	32
3112	831
24	382
0	254
9	203
12	122
21	49
12	0
8	179
1	28
0	93
5	60
4	241
3	67
8	19
2	11
1	67
4	95
0	1134
4	1134
1	35
1258	1385
9	997
31	526
2	1252
1	356
0	232
0	431
1	1038
0	74
0	30
0	151
19	62
4	6
587	1380
1	616
5	88
0	0
5	36
97	670
0	704
14	679
0	181
4	178
83	731
0	164
1	1
2	99
0	57
0	422
5	38
0	242
3	222
4	1
1	53
0	0
0	0
12	168
683	583
3	415
119	2810
0	96
14	272
2	2
7	46
2	5
1	2588
13	2593
14	537
0	91
0	971
4	313
13	328
0	2619
7	513
11	429
0	353
0	93
0	0
0	82
0	0
611	47
16	47
17	477
0	183
64	554
0	474
0	124
1	20
51	26
0	234
0	0
0	9893
18	10621
46	3062
0	6844
0	4102
70	1821
0	3451
7	4559
0	567
0	4366
0	2243
44	4965
0	607
0	111
0	236
0	3864
0	273
76	129
44	535
0	2158
30	450
0	243
19	78
11	1218
9	1307
6	1082
0	0
0	0
1	4
0	4
10	3244
169	4073
28	3664
0	990
3	1175
1	764
3	219
0	440
9	149
0	0
0	0
0	0
0	160
0	129
0	78
0	1
1	1
19	123
1	31
143	134
6	36
1016	753
1	383
0	405
1	140
3	13
14	156
53	233
13	60
6	43
2	3
0	112
1	1
0	1
0	68
152	0
17	140
0	0
0	18
14	115
0	17
0	3216
102	3563
0	1
49	935
0	23
11	14
4	1315
12	3388
0	2
0	3
0	2
0	0
804	15
3	1
4	14
318	42
13	42
1335	811
0	204
0	325
24	527
18	28
1	0
0	0
33	1272
126	1312
333	1014
30	627
27	84
33	150
0	202
0	195
0	274
0	66
0	26
0	0
1	43
0	42
0	39
23	10
0	10
0	10
0	52
8	51
7	3072
278	3464
1	1028
1	571
0	10
0	8
1	1
0	7
7	5
5	5
0	10
0	0
0	10
0	0
0	0
0	0
0	0
2	420
0	353
2	416
1	4
3	110
18	863
2	810
1	158
4	10
1	133
1	63
4	167
37	148
1	187
2	64
1	11
55	304
470	315
3	70
1	0
9	0
0	0
0	0
4	453
0	239
16	0
0	75
0	258
2	267
19	345
0	14
0	47
1	29
1	37
2	43
3	38
1	35
27	64
0	7
0	0
0	0
19	24
0	1
0	0
0	0
0	0
0	0
0	0
0	0
41	0
0	49
0	41
2	54
1	59
0	47
1	36
0	47
0	48
1	0
0	5
0	9
0	51
0	2
0	2
0	2
0	0
2	0
2	0
1215	166
2	126
0	2
0	42
49	1101
5	1045
0	515
2	138
0	603
7	116
2	1
3	10
136	37376
999	38073
14	1998
920	3770
5	1773
0	31
173	358
0	0
4	358
0	19
107	466
577	466
1	129
0	159
0	79
0	25
0	18
0	0
0	0
11	0
813	2
0	0
719	622
78	504
7	8
1	118
2	64
3	36
0	3
0	35
0	3
0	1
0	0
0	0
201	0
0	0
0	0
1	0
0	0
0	0
610	0
0	0
74	75
2	14
0	31
140	822
1294	997
41	820
0	178
48	3
0	118
30	0
7	66
0	0
0	0
0	0
0	0
0	9
2	9
0	1
3	1564
96	2836
0	2827
10	945
48	1204
16	10
12	13
0	26
1	2722
1499	378
0	378
2	43
16	49
3	26
17	14
5	6
0	3951
3	87
72	4370
3	843
0	2670
3	3168
0	1263
0	2831
5	481
1	1359
33	4083
1	2692
0	3349
0	340
36	3034
41	1463
26	475
14	563
3	351
0	0
99	2624
0	896
0	669
1	615
58	674
1	404
3	158
13	98
0	2684
0	3
0	3
1	7
0	5
1	7
0	1
71	1091
0	0
0	0
0	0
621	0
0	560
0	1373
0	1582
58	1597
0	9
69	613
84	92
0	613
7	268
83	268
4	21
0	21
0	0
1	244
3	230
0	61
0	71
5	192
1	14
0	49
0	178
7	181
0	96
8	81
4	26
0	244
43	289
7	661
373	1196
0	118
5	43
0	8
49	13
10	523
8	27
0	0
0	0
0	0
0	0
0	0
0	0
0	0
0	0
37	11
100	11
108	26
1	26
0	297
1	253
248	386
0	0
0	34
0	15
1	304
1	68
1	89
411	218
5	218
15	4962
0	4657
0	3134
1	4153
14	4816
0	3810
1	4250
95	94
10	0
0	333
0	296
0	225
1	267
0	3056
0	48
2	3
22	162
1736	5169
174	5169
3	381
5	46
0	180
0	4
2	48
0	179
0	0
0	0
0	0
2468	5166
15	5168
3	1152
3	25
19	185
4	187
0	56
0	10
1	0
0	3
0	1012
628	1383
0	1378
0	341
0	3
348	392
6	410
29	55
0	414
0	0
0	0
0	0
0	540
8	617
12	507
0	191
17	91
2	237
0	261
0	3
4	9
1	31
0	33
0	14
0	293
8	314
3	271
6	301
0	282
0	284
0	15
1	224
9	114
2	58
9	1
0	1
0	17
0	2
13	42
0	42
1	0
0	0
0	0
884	558
1	22
0	1
1	0
135	0
0	1104
10	1025
0	356
0	329
0	35
29	35
0	20
4	10
0	778
406	46
4	8
0	38
2	0
2	1
1	0
0	0
0	1
6	602
4	40
0	505
1	24
2	25
10	447
0	79
52	16
0	278
0	354
0	437
104	725
482	1580
1	570
30	253
28	189
0	8
0	4
9	8
0	4
3	2
59	0
2498	203
0	202
20	621
192	1908
66	740
919	1613
23	1110
602	555
0	69
4	234
18	100
0	277
1	73
9	70
3	98
0	38
0	201
905	43
0	0
0	0
16	0
0	0
883	165
1	8
1	84
3	73
1569	38
6	34
33	38
48	0
977	24
2	3
5	22
6	196
6	196
7	85
2131	538
0	166
1	2
0	86
1	38
589	315
0	0
5	755
243	1152
5	97
0	979
8	25
2	0
11	873
0	86
3	275
0	330
0	74
0	3
68	123
16	74
0	77
0	0
0	0
0	0
0	0
0	0
0	0
0	0
2	0
0	0
0	0
0	0
0	0
0	0
4	0
0	0
0	0
0	0
0	0
0	0
0	0
0	0
0	0
0	0
0	0
0	0
6	0
50	555
23	537
46	52
28	289
0	1
0	0
0	288
9	530
16	2362
1	822
44	1394
1	56
3	1919
0	1177
32	731
8	119
0	36
0	1
0	1177
0	0
0	0
0	4272
18	2784
33	5920
0	149
161	5780
0	2542
0	2772
0	473
0	228
0	76
4	492
4	248
0	187
6	83
0	5795
1	5551
16155	7037
2	7029
5	1241
0	1173
7	112
0	33
3	979
5	25
1	21
2	45
1	92
2	5
0	15
7	15
5	66
0	0
3	27
203	265
0	272
3	259
25	15
0	3
70	0
4582	4505
4	3922
0	1503
0	620
0	376
0	0
0	0
0	0
0	0
0	0
0	0
0	0
0	0
277	0
0	0
0	0
0	0
0	0
1	761
9	871
0	624
0	561
85	727
3	119
2	0
0	0
0	0
2	836
15	1112
0	103
0	388
0	830
2	912
208	264
0	13
0	1231
4	319
10	1113
14	233
11	82
1	160
6	13
1	98
33	71
33	136
0	48
0	479
228	482
0	138
0	0
0	0
0	0
63	188
11	622
4	623
1159	551
0	550
5	5
0	5
0	3
225	665
24	664
1	107
0	186
7	414
2	23
4	23
7	402
2	0
1	4930
12	6530
7	5755
0	5109
16	1209
8	59
136	2982
0	631
0	290
1	290
1	0
0	0
0	0
411	1868
162	1868
1	1746
2	127
0	320
0	0
0	0
0	0
22	1908
0	16
1	54
0	13
0	0
0	1866
42	1836
12	133
74	4682
15	4320
1	0
2	1054
1	338
3	119
26	984
0	537
3614	1436
6	1434
2	168
1204	411
3	193
15	260
9	96
524	560
3	178
53	38
0	1
357	6371
42	7168
1	6595
1435	1488
23	8639
0	11183
0	10620
690	1751
0	668
28	2
4	1602
429	2912
0	8772
285	9702
10	683
5	18
2	9702
2669	23041
11	18070
308	20410
0	982
1	899
0	0
2418	1
0	0
0	0
0	0
148	1341
1875	1341
5	0
3	0
0	0
0	0
897	1182
5	1182
3164	1
0	0
8	3
1343	713
47	0
70	273
0	715
4	1
32	23
2	1
0	22
341	77
0	39
3	38
55	1
0	41
1	0
0	1
1	34
11	24
2	34
0	2
0	0
0	0
2	142
13	151
0	86
1	176
2044	1746
1	270
21	1640
4	6
35	897
25	0
1284	4
8	3
7	762
83	763
72	763
0	211
0	84
1	1772
19	674
16	674
5	940
95	1762
977	1830
0	155
1	78
0	342
16	1438
225	0
195	21
0	21
17	285
12	284
3	278
0	320
0	70
0	45
8	5
0	6
0	3
1	1
2	7
0	322
3	289
2310	1955
1	170
0	71
381	2057
0	43
0	125
11	179
200	206
2	33
0	171
2	33
0	0
12	27
12	8780
817	8781
32	473
1	91
0	4
0	0
15	1132
0	72
87	1026
0	4
0	74
9	9
7	30
8	74
0	644
56	3961
6	269
22	502
161	1108
62	2561
6	2525
10	1906
22	55
0	496
0	70
151	2305
7	103
0	187
0	0
0	0
0	0
0	0
0	0
0	0
5	0
0	22
0	19
0	2
0	0
0	0
0	20
0	22
111	1685
12	2314
4	1266
19	668
2	182
13	2241
0	0
0	0
0	1
0	1
0	1
0	0
0	0
0	0
0	0
0	0
0	0
638	285
0	97
9	103
8	107
0	0
0	0
0	0
0	0
0	0
118	9784
0	11
0	6643
0	10119
22	9799
0	0
0	0
1981	1
288	1239
87	877
0	177
0	245
0	113
0	0
0	0
0	0
3	36
0	1
205	69
2	33
0	12
0	0
0	30
0	0
2	2
15	5
0	23
0	9
0	0
0	0
0	2
3	26
0	0
0	0
0	24
0	25
0	2
0	0
0	0
0	0
3543	1854
31	1852
24	0
808	112
0	112
0	0
0	140
508	706
4	566
0	0
0	0
0	0
0	0
2115	1329
376	1564
0	480
2	72
0	0
0	0
0	0
0	0
0	0
0	0
0	0
0	0
1	0
0	0
0	195
13	225
6	340
3	136
0	165
0	254
0	0
971	1251
0	1114
0	25
1	0
0	1
8	20
962	175
8	174
0	3
19	68
0	0
13	973
1	1019
0	128
0	163
0	141
0	139
0	0
0	14
0	10
2	85
13	1
0	0
0	0
0	0
0	1
69	168
0	3
0	72
17	21
0	11
350	5107
0	1465
0	2197
25	28
8	162
0	1304
0	797
0	446
7	809
0	48
3	139
0	5106
7	11
0	6
0	1
0	5
30	576
150	728
1	16
1	154
3	17
2	0
6	152
9	268
12	148
6	356
7	277
3	24
4	46
2	41
1	140
13	91
17	103
52	171
0	367
23	361
0	372
0	41
0	1
0	1
0	0
1258	297
4	103
1	48
731	3314
2	376
8	1307
31	3247
161	0
23	626
61	626
28	4
10	21
37	33
7	1426
97	1577
68	1326
1	119
0	1209
8	8
1	212
0	68
6	120
4	4
0	4
1	39
0	0
268	25
0	25
1	131
0	0
0	131
0	131
0	131
0	0
8	11
0	2
0	13
2	25
0	131
1344	0
3	47
3	13
0	3
7	0
0	49
7318	2401
18	642
0	618
0	140
0	1681
0	0
1	111
0	1
0	1
19	111
2	111
0	3
0	0
0	0
0	0
72	12
0	24
3	28
7	30
39	7
10	235
0	235
8	3
7	44
303	0
0	0
669	1415
0	1348
1	1311
0	397
2	266
1	124
0	0
0	2409
11	7554
3	6055
4	114
0	47
1	4758
0	733
0	2409
0	746
6	60
0	6722
0	1335
0	1349
7	1179
1	6722
1046	1
416	2
37	1972
0	2049
0	1861
2	84
0	137
3	182
0	37
0	1246
0	1987
1371	0
11	813
22	851
1	30
0	50
10	1
0	1
1	0
0	0
7	9
3	9
0	9
0	2448
4	627
0	416
1	402
32	0
0	2448
0	18368
5	14099
36	5293
6	171
0	0
8	0
0	18368
19	1749
120	1314
1	213
0	1756
0	109
75	1712
0	35
12	52
7	22
2071	409
9	393
78	13
0	56
0	0
0	0
0	1
13	30
2	56
0	0
0	0
0	0
37	197
115	198
98	185
14	105
236	5886
29	5873
7	5887
97	5391
103	4779
15	355
1876	1826
0	148
2	177
36	34
0	0
0	1465
1	18
0	147
9	63
0	0
0	0
0	0
0	0
0	0
253	900
64	881
0	29
2	192
0	176
0	94
9	43
32	41
45	772
10	730
39	101
56	543
0	472
13	0
33	54
2	23
0	136
1	52
0	0
15	0
0	0
0	0
940	101
0	66
0	35
0	1177
0	1126
10	259
0	75
25	657
239	177
16	28
6	84
0	63
0	36
0	3
0	0
1	0
7	1018
32	1023
0	49
0	998
21	99
31	37
15	20
0	0
39	793
4	23
21	571
16	571
9	71
29407	9092
53	9052
4	5674
13	5012
14	3842
30	85
18	6660
12	6858
143	6834
165	4747
7	156
4	37
81	51
0	22
47	69
61	13
6	8
0	0
0	0
2	2
235	368
3	170
0	1
0	30
0	19
0	2
7	196
0	10
3	4
4	30
0	4
0	4
2	11
0	11
0	15
3	0
0	6
42	1470
66	1470
24	2921
31	0
12	659
0	309
0	2581
6	2731
0	48
0	180
1	113
0	115
0	4
0	0
6	16
5	0
0	0
4	89
1	64
17	89
0	51
15	48
110	164
0	106
3	35
0	60
19	0
4	0
0	0
0	0
0	0
13628	12
2411	3545
8	3543
0	550
12	545
100	799
5	74
0	0
0	0
394	1256
8	528
3	808
41	625
1	24
1	0
0	1334
11	10
11	1331
4	272
1	1329
0	84
0	73
12	18
0	84
213	3051
32	2753
78	2049
2	2
0	64
0	64
2	71
4	15
0	63
0	29
0	71
0	0
0	0
0	0
0	0
23	47
58	1734
35	1790
0	1571
8	897
0	758
0	784
0	747
0	48
0	611
0	632
0	676
0	703
0	187
0	627
0	702
0	724
0	736
1	2
5	156
1	61
0	40
0	70
7	451
0	52
0	54
11	0
0	35
0	26
5	80
0	66
0	62
21	64
0	41
0	17
0	655
0	0
0	0
0	0
0	0
1	99
1	2097
13	1040
0	910
0	720
0	610
11	398
3	1217
3	1407
0	74
27	355
0	2178
224	286
0	211
1	75
0	12
12	34
2	34
0	1
0	1
17	817
21	423
1	351
12	809
6	18
0	7
0	0
0	0
0	0
3961	5596
3	5084
2	2033
0	527
496	1357
0	1501
0	1110
559	3689
53	1954
37	3688
1	257
13	664
5	4
11	373
107	514
0	305
0	0
0	0
0	0
1362	325
0	294
0	260
0	31
2828	2
0	0
0	0
19	844
208	1013
8	1214
10	1621
0	2741
12	849
35	194
9	335
42	90
0	11
0	2515
36	22
3	22
963	1113
0	1023
0	154
0	453
8	586
1414	460
1	458
1	3
0	522
8	453
0	465
1	450
331	1682
0	1451
0	1239
2	182
12	808
0	808
3	115
4	138
1799	410
0	149
5	261
5	101
1	0
133	97
6	16
88	1424
2	496
61	891
16	1290
1	188
0	23
20	1
0	3
7	0
1	47
6	4
22	126
0	126
0	8
0	0
0	5
0	14
1	0
138	14
354	1364
52	931
57	136
0	751
138	751
0	238
0	0
0	0
0	0
0	0
0	0
1	0
8	964
14	1126
18	1077
3	895
32	93
0	277
0	0
29418	1809
46	921
1	859
0	0
0	745
30	274
0	489
0	557
0	593
0	195
0	158
0	889
0	101
1	53
0	61
0	909
23	468
0	480
64	783
444	730
2	163
0	2
2	71
1	113
169	307
0	0
1	213
19	78
2	6
0	25
0	0
0	0
1	56
2	89
72	5732
21	5739
1	1
1	723
0	78
0	143
1	69
0	0
9	0
0	0
0	0
0	0
0	0
0	0
1304	3515
1	3401
0	114
60	403
336	419
5	11
33	249
8	235
76	147
0	76
0	67
0	0
0	77
0	24
0	60
0	69
0	70
293	399
13	110
0	41
5	0
13	32
0	368
0	14
0	108
0	268
7	459
0	619
0	164
53	360
41	338
0	25
1	26
1	97
0	214
5	132
49	9
439	3675
3	236
0	41
1	191
2	74
8	272
40	311
12	810
61	143
2297	568
45	656
12	123
0	3629
202	1803
2	667
19	969
7	247
0	243
0	73
13	134
0	54
0	244
1	86
7	304
4	154
0	173
0	7
5	113
2	69
0	34
2	0
0	1
0	1
0	0
0	0
742	4259
14	1700
152	4179
149	6349
301	6272
1	48
7	2871
0	316
13	307
2	554
0	5962
43	6042
6	2682
0	3884
115	3861
0	4093
0	4386
23	1144
17	671
1	374
7	9
0	8
0	8
0	7
0	1
0	0
0	0
0	0
0	7
0	8
0	3
0	4
0	7
0	7
0	0
0	8
47	2022
0	1062
0	1003
14	9
30	26
5	11
9	0
0	10
4	8
0	2094
2825	1280
0	641
12	862
3	690
41	222
4	234
0	234
0	234
0	62
338	1672
23	1275
2	1413
0	259
31	73
27	114
168	127
11	19
0	6
25	17
0	0
21	7062
0	6874
20	3006
17	1735
1	0
1	1463
1	21
2	1105
16	849
0	448
0	0
0	216
0	53
3	1
0	1
0	174
1	248
25	308
9	318
7	40
0	19
0	101
0	109
2	153
494	179
57	47
167	200
2	14
6	9
24	0
8	355
141	1709
1	1427
99	121
29	10
93	79
0	73
74	0
3	8
0	3
0	3
0	2
1	0
0	8
0	0
660	1
187	778
0	20
0	494
2	241
4	98
1	12
0	0
0	0
0	0
956	321
6	268
116	236
3	9
0	0
0	9
1	0
3428	1067
0	713
7	592
0	517
0	112
12	174
0	0
0	1427
0	343
3	25
0	25
0	0
0	0
0	0
0	40
32	6
1	6
27	2000
1	76
22	1723
8	265
31	1
0	163
37	135
0	175
0	118
0	4
0	719
0	227
261	30
0	96
3	21
3	36
0	223
0	0
278	382
7	48
3	4
6	334
1	0
0	0
0	1
0	1
0	1
0	1
0	0
6	617
22	763
0	751
0	649
0	27
0	127
367	96
9	52
0	52
0	0
1	22
1	595
0	8880
3	243
1	9518
1	9796
0	8937
0	153
1	916
38	1319
62	0
12	7124
0	9557
0	0
0	0
0	8
0	0
12	733
79	875
6	47
40	800
283	3359
0	2316
12	611
36	2352
0	2288
8	29
22	21
5	20
5036	1332
17	245
0	1282
0	838
32	20
16	791
0	441
0	68
0	791
5	3
0	0
0	5
0	0
0	4
0	0
0	0
0	0
0	0
1	7
0	8
1	8
0	5
0	0
1347	4394
2	2450
122	4200
0	630
4	0
9	4849
2	4410
0	4238
14	4849
53	518
0	17
989	519
3	76
0	16
2	167
0	306
0	0
0	29
17	193
0	237
1	216
1594	134
6	104
0	3885
0	2879
6	252
982	402
64	239
18	175
10	1
52	25
5	638
1868	662
1	120
0	0
104	0
0	0
0	0
0	6
0	1
0	0
0	65
0	0
102	836
0	183
2	535
2	458
2	0
20	35
3	0
5	1
2	0
0	0
0	0
0	0
1673	85
0	84
0	773
67	67
0	23
1	3
0	77
33	0
0	495
1	486
1	493
3	507
5	76
4	44
8	70
3	13
0	22
66	124
0	17
0	13
2	5564
1	5794
5	1287
0	5929
226	5328
15	4608
0	956
13	50
0	0
0	0
0	0
0	0
0	0
0	0
0	0
0	3851
0	457
1	9
2	37
0	0
0	0
0	168
14	81
4529	574
0	252
1	243
4	493
70	0
890	126
7	123
2	0
5	17
0	55
17	55
0	15
0	15
3	12
0	12
0	11
0	487
1	487
3641	446
721	10
20	7
3	3
618	152
46	21
15	51
4	59
0	62
0	1
0	73
4	0
0	1525
0	1348
0	1792
41	1859
7	1615
0	1356
0	10
3	194
29	9
1	17
28	29
0	30
1	0
0	33
5	28
0	0
0	0
2141	1083
4	964
0	69
0	51
0	0
0	0
502	10150
444	10150
33	52
23	52
263	1149
0	815
0	1066
0	121
50	0
2	0
500	3559
1	168
2	1260
7	627
2	28
0	194
89	3463
2	0
13	306
25	3
8	1
21	121
3	79
1	9
0	120
2	23
51	23
0	1
347	78
9	77
183	9325
307	9087
3	8230
38	0
179	3792
5	10
35	10
6	6
1	2
167	952
0	142
0	18
0	86
0	727
271	183
5	127
1	49
2	7
18	0
1	0
0	0
0	0
316	1
34	158
0	121
0	48
1	158
2	67
0	144
0	0
0	0
0	0
0	0
0	0
0	0
0	0
28	120
0	100
0	13
5	86
224	777
31	483
6	82
32	294
11	523
8	66
53	0
1	0
0	248
2	330
4	418
9	3062
1	2588
0	1354
0	942
1	270
0	700
0	595
0	1756
17	2622
1	909
2	896
12	98
0	1820
2	1768
0	537
132	867
0	0
0	0
1	0
32	552
55	849
14	616
18	34
12	476
15	17
42	533
0	229
2	61
0	29
0	8
11	453
7	36
6	69
16	47
7	123
0	148
0	42
1	131
0	6
7	7
105	0
198	2251
0	1540
0	60
0	60
0	60
0	63
1	1020
0	153
1070	1
2512	813
19	787
2	163
5	10
44	21
102	5234
501	5234
15	95
2	48
15	26
109	2253
41	2750
43	2619
384	4254
1	2594
0	4724
8	1067
0	2084
33	1064
0	42
12	1
0	1
0	1
3	0
6	201
0	9
64	201
0	0
0	198
31	29
0	172
0	8595
596	8801
0	2810
0	2513
9	0
0	1
0	1
12	6531
432	6649
8	121
0	1095
0	1266
0	1730
31	300
0	501
4	3
0	293
5	84
0	1236
0	31
0	400
0	45
0	78
9	1
0	114
12	13
0	88
13	30
0	370
0	515
0	1759
23	0
248	1
0	1
216	610
0	554
0	22
0	56
72	2
0	2
3	517
27	572
35	429
89	627
0	137
0	1
0	198
102	193
0	62
3	32
0	0
735	164
0	164
871	592
0	5
2	587
1	112
3652	638
46	633
7	6
36	272
3	242
3	245
3	1162
38	1
47	508
7	233
0	237
4	241
2	241
21	237
57	238
0	105
2	0
0	0
94	420
4	420
983	2
498	2837
3	194
0	200
0	184
0	20
0	193
0	183
0	1
0	0
46	93
13	173
63	294
19	166
0	21
1	62
0	0
16	295
10	240
0	295
2	14
1	6
0	3
7	8
0	0
27	59
0	295
263	1124
16	1124
1	0
14	455
0	249
7	0
0	0
0	0
0	0
0	0
80	748
37	765
6	37
4	96
0	137
0	0
0	4
2	60
0	66
0	0
0	131
0	67
3	60
0	59
0	61
0	0
0	0
0	0
1	148
8	81
2	14
0	0
0	69
3	12
0	1
1	134
16	402
0	33
0	411
0	38
0	197
0	15
0	254
0	280
0	181
2	164
0	0
0	145
1	1
0	17
3	62
0	146
0	179
0	163
0	136
0	168
47	1124
6	64
32	1391
0	72
0	1255
1724	1298
5	1225
2	108
0	0
0	0
0	0
0	0
827	2
205	0
166	111
1	110
5	89
0	88
0	0
0	2
0	0
1	11
0	9
2	7
117	25835
0	5526
0	365
2	10565
25	6862
13	3430
34	3856
6	120
0	23388
1024	1004
7	867
4	674
21	328
52653	10151
56	10109
41	774
1	774
0	775
3	756
0	768
0	283
8	323
0	701
0	88
0	6
0	2
0	1
3	1
15	1748
0	25
1	47
10	134
1270	1780
0	106
6	1478
4	58
2	1
20	1577
0	1402
30	1679
6	815
83	85
1	34
27	51
0	0
0	0
3	27
0	0
22	89
8	89
55	1135
1	564
9	837
0	1027
0	89
1	34
0	93
0	5
0	85
8	334
0	417
0	23
0	44
0	90
0	123
16	108
0	11
0	121
0	3
0	0
0	3
0	3
0	0
0	3
0	1
724	2
2	31
0	49
12	629
4	128
14	3
0	0
0	0
138	7
1	7
44	0
0	1
0	2
0	2
0	5
0	17
0	13
0	8
0	3
5	19
3	19
1026	495
3	89
0	0
73	287
0	493
0	0
0	0
0	0
0	0
0	0
0	0
0	2
0	2
0	1
0	0
0	0
316	128
0	100
6	128
12	76
57	162
0	143
0	110
0	3
6	43
16	0
13	9
60	326
0	22
2	324
0	27
1	6
44	18
7	36
2	1
0	5
0	13
31	20470
151	21339
293	8914
8	8741
10	6151
0	4312
0	17
0	21271
1	20484
2	0
0	1
1	0
0	1
65	574
0	556
0	433
0	30
2	88
4	41
0	580
89	589
0	609
33	595
0	834
0	991
0	914
2	844
0	901
27	991
0	765
0	426
788	125
40	383
2	383
0	36
0	68
0	993
0	1003
0	1000
0	0
0	0
0	12
28	12
10	17
0	8
2	16
0	9
0	2
0	0
288	418
110	418
4	1249
33	1181
0	590
13	129
1	45
4	0
0	0
0	0
0	0
1	0
0	0
2	2
3	484
0	2
3	407
7	461
2	0
16	36
3	17
1	0
1511	607
30	606
431	377
0	314
3	11
0	7
10	4
143	371
0	652
3	0
0	431
0	1547
0	1494
194	1028
0	430
0	448
5	8
0	217
7	265
0	81
4	239
0	9
172	2045
0	0
13	2337
90	15
112	250
0	485
0	2356
2	4
0	0
0	4
2	1192
4	45
0	29
3	157
23	156
0	26
0	1161
2	4
3	4
802	659
16	659
0	0
0	0
0	0
0	0
0	1440
5	1535
0	1480
2	1192
0	1024
0	924
0	1496
0	93
0	88
11	127
0	12
7	153
0	0
0	0
24	32
0	31
0	3
0	3
3	13
0	0
0	0
0	0
0	0
0	0
0	0
0	0
0	0
16	16
5	16
0	0
0	0
0	0
0	0
205	1827
1	1771
0	1700
2	65
10	50
6	152
17	385
0	55
5	38
9	1
0	41
1	35
0	13
73	318
0	78
0	90
16	29
0	174
0	123
14	120
142	103
532	5271
390	5272
10	218
25	408
0	1
31	434
27	241
1	2
0	654
94	655
46	643
7	321
0	306
0	24
72	0
5	2
37	51
0	61
0	24
19	5
1	38
0	4
19	122
1	122
0	3
0	5
4	6
0	7
0	1
16	9
1	7
1	9
4	0
3278	1547
52	335
3	6460
73	6404
2	5425
94	6612
8	2718
0	2213
25	1181
0	0
0	881
0	833
0	0
0	0
0	0
0	0
979	894
24	646
0	0
0	219
2	14
0	0
1583	138
3	138
24	0
0	0
0	1
0	1
0	1
0	1
0	36
0	36
1	1
7	11
11	524
10	443
6	259
0	56
1	1
1	0
3	3
0	18
0	4
0	3
3	527
65	470
12	401
12	40
2	60
2	348
1	455
0	55
0	0
0	0
0	1564
0	596
0	154
0	67
0	5
0	421
42	421
0	422
0	245
81	266
0	59
0	47
0	18
0	0
9	20
331	5572
36	5443
8	627
8	37
9	1486
2	185
7	169
0	187
0	614
34	170
34	6
102	1612
0	862
0	127
42	1563
20	1613
28	1605
4	1624
0	0
0	28
1	24
0	1591
1	0
253	2373
13	1928
6	2872
0	1463
11	163
18	1612
0	2198
2418	10859
295	6101
1	469
1	618
27	8452
3	1853
6	0
7	1806
368	6585
1639	4599
96	4245
0	0
40	135
71	0
41	40
19	56
1	17
6	30
3	0
71	59
1	2
0	57
13	26
674	2867
50	0
0	321
0	420
5	187
0	208
4	213
0	78
0	11
0	36
1	26
0	69
1	3
0	3
0	1206
24	893
22	933
2	429
1	422
0	647
0	85
0	13
0	4
0	1150
1	72
0	67
3	69
63	356
3	18
3	6
0	1
0	341
4	27
0	1400
484	1394
10	7
33	567
0	1200
8	17
0	27
1	958
0	924
0	1113
0	1162
12	1123
0	1063
0	1375
0	1369
0	573
5	52
3	0
7	964
47	964
1	26
16	326
4	366
11	318
0	29
0	177
0	85
10	83
1	77
16	0
0	2
0	2
0	2
0	1
0	2
0	0
0	0
0	324
0	0
0	18
120	1376
0	198
0	213
32	1276
0	0
0	55
0	1
0	1
0	0
0	0
0	0
0	0
0	0
0	0
0	0
0	0
0	0
0	0
4	6
0	6
0	0
7	34
659	110
0	64
0	43
513	99
17	91
1	50
2	29
1	0
0	0
0	0
141	0
16	0
523	1891
6	1605
0	141
0	12
0	74
0	78
4	18
0	15
0	15
1	24
0	3
19	174
2	1
2	47
0	70
26	77
0	53
2	73
0	46
0	45
0	6
0	30
0	0
1	49
301	812
30	189
5	18
0	39
0	6
0	7
0	7
0	2
0	1
578	2
973	44
2	44
2	268
7	258
0	179
0	24
0	61
3	72
15	105
4	70
1	29
1	78
0	25
0	47
10	9
0	6
1	20
0	19
0	7
0	1
0	268
1	0
0	0
0	0
114	979
27	979
4	979
0	2
0	6
0	6
0	0
0	0
3	0
0	34
2	150
0	105
0	96
0	84
0	36
0	0
0	0
0	0
26	585
23	719
19	466
0	95
167	1
28	744
1540	652
5	0
0	0
0	0
0	0
0	0
13	197
0	94
1	60
8	11
0	197
4	0
0	0
0	0
0	0
1240	22367
30	21282
0	3772
3	4322
10	3059
0	4
0	6
0	6
0	3
0	0
82	1383
97	1481
0	731
0	378
0	236
0	710
0	520
3	502
0	766
0	893
1	1117
0	333
9	164
0	167
0	237
0	1013
0	110
0	1015
0	429
0	1015
0	1016
0	736
0	663
0	328
0	19
0	125
2	0
0	0
13	0
0	0
11	97
0	37
7	92
0	81
0	74
0	2
0	20
21	868
9	778
2	342
3	17
0	128
17	26
5	2
0	0
7773	18
0	12
0	0
0	0
6	1338
1	1323
155	222
97	1178
386	213
73	217
38	1207
1	84
1	136
1	237
3	3
70	2
2	62
0	134
0	0
0	0
221	0
0	22
652	23
0	324
3	313
0	318
2	183
111	187
0	355
0	35
1	34
3	34
0	3258
70	3946
57	871
11	1259
0	1605
190	2868
0	2688
0	3419
0	2685
4	1998
1	2713
2	3208
2	2365
22	810
27	2476
37	94
17	199
0	937
0	1167
241	364
7	734
23	742
131	27
1	27
0	2
611	15
21	15
8	338
12	353
1	17
1	2
4	197
8	101
0	36
0	37
0	1
0	1
3017	758
0	567
45	409
3	137
13	9
116	126
2	30
16	120
0	15
19	87
0	21
1	0
1	6
0	4
0	0
0	0
0	0
0	0
0	0
865	1
0	508
0	668
0	1040
36	26
48	389
36	567
4	22
0	24
1	13
0	1141
0	605
18	14
0	14
6	5
5	0
0	4
1	3
0	4
0	0
0	1
0	0
0	0
1	0
0	0
1	0
7	2522
239	2654
191	132
59	537
5	262
0	60
4	52
0	71
15	0
0	41
0	422
4	772
0	86
25	181
20	639
0	3
0	635
1	1
2	42
0	17
0	0
131	0
0	47
2	36
47	4
1	21
0	4
0	0
430	4
10	4
2	31
0	9
0	8
43	0
466	349
0	141
3	22
8	190
532	190
2	10
14	55
204	295
0	259
0	162
0	22
2	22
0	0
7	145
0	1715
0	50
4	174
0	1699
2	929
0	0
0	0
140	1
1	1
0	6
0	6
0	0
0	2
0	1
2	1
0	1653
39	1653
1	151
48	251
0	875
45	834
0	95
0	633
0	12
36	43
20	894
0	788
43	883
0	113
4	50
0	239
0	100
53	1880
60	53
2550	3065
2	2714
1	166
4	1543
0	0
0	0
4049	480
2	480
0	5
0	4
0	2
19	143
0	10
1	147
2	154
1	44
1	31
0	58
0	75
1	75
0	60
0	58
0	49
0	55
0	17
0	12
70	4757
0	2154
8	4654
41	3429
0	283
16	301
0	208
5	11
0	11
1	127
293	31
3	2451
3	2100
12	2153
0	2061
10	1549
0	1079
0	676
4	429
26	90
18	41
9	38
3	25
0	851
0	3
0	63
48	105
0	106
4	116
0	0
4343	4
0	0
2	0
0	0
0	0
2	0
0	0
0	0
0	0
154	77
10	77
2	50
76	0
500	174
0	23
1	151
1198	3097
10	391
0	163
40	394
6	404
568	87
0	87
85	2328
1568	2299
2	282
0	747
0	319
5	87
75	248
1730	3098
0	0
13	0
0	0
1	5543
452	5599
758	5702
0	5574
1	1229
41	162
17	162
10	0
22	559
0	0
0	0
306	846
5	820
346	662
0	662
2	55
0	18
0	42
0	40
1	38
0	1
0	3
0	0
0	3
0	15
0	9
0	0
0	5
0	2
0	7
34	868
0	827
12	826
2	22
1	34
1	69
1	3
27	140
1	68
0	309
2	1175
7	1196
0	41
6	55
6	11
57	12
13	1733
73	2
12	1677
1	0
0	184
6	92
0	33
1	279
0	22
3	0
14	1723
0	0
0	94
0	2
7	219
0	994
4	84
0	45
1	0
0	0
301	33
0	12
5	13
5	9
11	109
1	130
42	33
0	1
0	51
0	1
0	1
0	0
0	1
1	277
19	36
0	23
3	32
0	6
0	36
0	1
1	1
6	1499
1	1543
30	1612
0	1389
6	1255
0	0
0	0
30	6334
0	7456
0	327
36	1420
0	6112
0	5686
39	480
1	591
2	1559
0	3663
119	386
1	89
72	1905
0	0
1	0
15	2171
10	1233
11	6583
4	23
0	23
0	0
0	0
293	20
0	20
3	86
7	90
0	82
54	85
6	76
0	0
0	0
0	0
0	0
924	295
21	168
20	161
26	1152
9	1363
0	1302
7	1313
0	687
0	711
1	5
0	77
0	8
1	37
0	0
0	291
0	62
0	22
1	8
0	6
0	7
8	6
0	0
0	1
0	2
3697	554
22	554
1	378
25	0
10	674
1	646
3	0
0	0
366	0
1699	784
0	785
0	678
14	366
2	0
0	265
1	152
2	114
51	23
0	23
0	1
0	3
0	18
1	4
0	4
0	3
239	155
2	131
54	28
28	75
18	75
224	943
0	827
0	514
0	279
17	288
7	7
1	55
15	68
1	286
0	280
6	187
0	28
1	61
0	16
0	0
0	0
0	28
0	29
0	21
0	0
0	0
0	0
0	0
0	0
0	0
304	125
0	118
2	0
9	4
0	0
10	7
1	0
0	0
0	0
743	245
6	245
3	0
0	0
6	0
147	184
4	109
0	88
12	13
6	6
0	6
0	7
0	25
6	191
0	46
3	24
0	0
1	582
17	0
31	596
1	14
5	290
2	339
27	159
0	15
38	536
0	3
40	1
0	41
0	0
0	38
4	37
0	29
0	0
23999	17553
7	2457
0	1408
1	6153
6	3523
1	5446
2	2610
6	462
0	138
0	15
0	15
2	0
1	41
0	57
0	0
0	0
0	0
0	0
0	0
0	0
31	4
0	2
0	1
0	2
0	1
94	351
0	95
0	211
9	42
2	179
2423	669
0	0
0	0
1	0
0	0
0	0
2	0
0	0
303	1267
8	754
13	262
0	584
0	14
0	0
0	14
0	14
0	0
91	9
0	7
0	2
0	2
4	0
3443	8
0	0
0	0
170	1846
3	1846
4	72
0	183
14	9
6	0
0	0
0	42
12	42
0	1
0	9
0	55
0	1
2	7
0	4
0	50
0	50
0	0
0	0
0	0
0	0
0	0
0	0
0	0
0	0
0	0
5	984
1	67
0	36
246	1102
3	34
0	39
0	89
0	86
0	892
0	126
2	183
0	322
2	0
2	0
16104	19586
25	14222
1	0
0	0
328	23282
96	9496
0	16
47	23303
13	23282
7	0
0	0
671	130
0	31
756	542
0	6
0	542
0	36
0	81
0	0
2	146
0	0
0	0
0	0
0	0
0	0
0	0
0	0
1493	290
0	23
0	35
0	93
0	174
0	277
0	304
204	487
68	102
0	0
1	72
10	115
6	22
2	165
1	0
3	40
7483	1250
2	70
268	1241
0	0
16	43
27	2974
294	3183
3	217
0	0
2	0
943	1523
126	950
0	584
12	97
5232	10158
13	10431
274	9678
36	185
2	835
17	451
33	344
17	344
7	42
0	82
0	60
0	348
53	1740
16	4028
13	146
0	2
0	4028
1	1
2	11
0	11
0	0
0	4
7	39
2	1
2	37
268	705
5696	3712
1	1889
1	540
1	1832
0	3628
0	1665
0	2607
6	1302
0	3633
0	0
28	12
0	12
0	1
0	0
0	0
0	0
0	971
5	3002
0	1803
5	2754
1	1764
0	0
0	0
0	1918
283	3442
79	0
10	2310
0	0
0	3444
7	288
50	0
0	730
35	846
0	347
7	0
33	846
2	117
1	122
3	99
5	88
0	26
1	13
0	26
0	2
6	24
1	19
2	0
0	1
0	10
0	16
0	0
0	0
0	0
0	0
0	0
0	0
5	49
0	5
0	3
0	49
0	1
0	0
0	0
0	1
0	0
0	0
0	0
0	0
0	0
1299	952
0	734
3	46
0	179
2	0
4	0
19	112
0	21
0	3
0	45
1	45
0	917
0	0
0	0
0	0
0	0
0	0
0	37
0	36
2	36
0	36
0	10
2	37
0	0
14	8
1	2
0	2
0	3
0	2
0	1
0	0
0	0
0	0
0	0
0	0
0	0
0	0
0	0
0	0
0	0
0	0
0	0
0	0
0	0
0	388
28	235
0	305
18	744
0	779
0	789
44	3
0	3
0	0
0	0
0	0
0	0
0	0
0	0
0	0
0	0
0	0
0	0
0	0
0	0
0	0
0	0
0	0
0	0
32	0
395	1587
2	1587
22	1568
11	327
16	389
0	312
16	37
73	144
0	0
0	0
0	0
1116	303
3	139
4	62
3	102
0	7
5	77
1	0
0	1880
0	1880
0	1081
336	1875
31	23
0	470
0	0
0	0
0	0
108	10
0	10
805	1687
37	1276
8	597
0	354
0	416
0	424
4	401
4	395
0	267
0	216
253	2793
11	2842
0	839
0	389
56	384
0	86
6	14
0	12
0	4
0	7
11	79
1	682
0	379
3	70
0	58
0	88
5	110
0	797
34	369
23	426
23	371
21	136
107	411
3	0
5	273
0	93
0	0
2291	710
58	536
2	739
0	0
0	650
12	170
0	109
154	169
7	0
0	60
2	67
36	399
0	245
2	176
0	65
0	10
1	108
1	88
0	6
0	2101
15	628
48	635
3	516
0	21
19	2101
32	94
11	1458
118	118
1	1415
22	89
1	0
107	522
78	425
0	435
0	11
0	85
2	2
0	70
0	0
0	1
0	0
0	0
256	602
0	90
6	30
0	505
1	90
0	184
0	170
1	47
0	29
0	8
2	5
13	14
0	14
0	0
0	0
0	0
0	0
1	81
45	94
10	13
138	26
11	26
0	0
4	86
1	79
0	17
0	13
0	16
478	422
2	373
79	17
1	34
2	1
0	0
1	1
0	1
0	0
0	0
0	0
0	0
0	145
1259	147
466	9249
4	36
303	10199
5	3486
794	21
0	21
1	0
1230	4992
28	3018
66	1071
32	2153
62	856
10	62
0	0
0	0
191	21
0	0
0	21
0	19
1	0
0	0
0	61
195	61
20	118
18	652
26	600
0	11
0	204
7	33
1	8
0	0
65	1366
4	5
10	1364
16	22
10	26
2	1114
0	0
0	0
302	0
970	923
1	116
0	113
10	38
4	180
6	39
0	103
2	139
4	434
8	1
1	11
0	7
1	7
0	7
347	4618
0	4144
78	5025
131	3679
0	573
12	601
0	773
0	829
0	712
2	410
0	435
2	77
0	0
0	0
8	915
0	509
9	636
0	530
2	78
37	119
0	0
0	0
0	0
0	0
0	0
1	0
0	0
0	0
0	0
0	0
529	0
20	369
14	233
0	70
1	108
0	12
2	146
0	0
0	4
0	4
0	1
1751	1028
30	1027
1	181
10	25
2	0
8	304
3	241
0	169
1	346
0	0
0	44
1	37
0	14
1	58
1	52
29	4143
704	4145
2	2706
10	23
0	766
30	27
0	0
62	231
10	230
0	0
23	32
0	170
1	44
0	42
847	966
0	978
4	641
4	465
45	419
4	189
0	171
0	0
0	0
0	0
0	0
0	0
11	6
0	6
0	0
0	0
0	0
0	0
1	0
5	0
0	0
0	0
125	0
0	0
4	9
0	8
0	6
0	3
1	223
68	1014
1	791
2	4
0	0
0	0
592	3
3	0
0	0
0	0
0	301
0	267
3	109
0	0
2	19
2	17
0	0
0	667
46	779
0	67
0	8
0	101
0	54
0	0
0	0
2156	7
0	0
1	275
0	0
23	275
0	0
1	0
141	307
782	309
150	23
30	13
0	1
0	1
0	0
0	1
0	0
0	0
0	1
0	3
3	3
0	3
1	1
0	3
0	0
0	0
0	213
104	431
63	244
2	6
0	2
1	31
0	31
2	8
0	26
0	25
5	7
0	0
6	10
0	8
0	2
0	0
3	1
0	1
48	10
4	10
0	15
3	15
0	4
1	1
21	0
14	88
0	88
0	7
1	13
167	1730
129	1726
0	4
44	277
80	56
2	56
0	0
0	0
0	0
149	29480
79	9582
1	8156
0	7172
11	15
0	1140
1	29252
12	208
0	103
0	167
11	1117
1	1118
27	1124
0	56
10	12
0	0
2	123
0	79
0	81
2	4
0	0
0	4
11	1122
6	42
9	40
1	63
21	1131
0	43
24	170
3	208
0	160
0	9
4	414
547	2111
6	1929
7	182
0	0
0	0
0	0
0	0
13	0
0	74
7	1976
22	1591
4	2094
0	342
7	1485
0	0
62	26
3	29
0	29
2	60
0	60
5296	266
56	210
15	1344
0	2
2	12
5	65
0	67
0	1225
39	7
1	944
0	447
6	859
0	71
2	110
2	0
2	5
0	0
1	0
1609	1870
0	1870
8	155
0	0
0	0
0	0
0	0
0	0
0	0
16	0
0	2
0	0
0	2
10	0
0	0
99	16
0	16
465	1807
9	1825
50	1688
0	1597
11	1680
4	1549
83	1906
0	833
0	19
0	38
0	42
0	63
3	23
0	10
0	0
0	0
10	1695
6	597
0	249
29	1691
0	788
644	1
4	12
2	27
2	27
51	1695
0	587
2	233
0	1090
0	1390
0	73
0	103
2	0
0	2
1	1181
0	75
5	18
2	177
0	0
0	239
9	1
0	2
5	18
1	16
0	0
4254	6
0	0
0	0
0	0
1977	2
707	597
0	507
0	464
0	12
8	33
15	95
0	5
1	91
53	53
4	84
0	2
0	63
8	87
0	65
0	42
1	87
0	1437
34	1430
4	1292
0	1388
0	1187
52	1083
0	19
1	132
2	36
0	75
0	30
4	30
0	26
0	1405
0	1429
0	1242
195	1476
10	1354
6	972
0	0
0	0
289	386
9	360
0	382
1	36
3	371
0	307
0	0
0	19
0	19
0	0
11	509
107	124
2	12
24	76
10	391
18	35
1	383
0	102
13	86
4156	2657
16	2654
0	0
3174	11
6	9
0	0
0	0
1821	314
0	0
0	38
0	168
30	159
6	179
0	285
0	0
233	13
0	11
8	0
0	0
3	0
17	527
2	512
0	370
0	341
8	160
2	53
1	5
0	3
1	3
0	0
0	1
1292	1358
20	29
0	17
15	1331
0	297
11	0
64	1086
0	48
0	99
8	307
111	1065
0	200
1	213
0	486
0	423
0	172
7	144
38	393
0	0
0	7
0	3
195	10
19	1284
22	453
4	948
8	997
16	360
150	83
0	79
1	0
0	10
0	0
1	0
0	0
5582	901
0	159
16	144
33	741
19	503
74	341
0	99
15	0
10	12
2	16
0	0
451	9482
0	9481
17	713
0	592
0	213
17	0
49	4764
0	5058
73	3057
147	1920
0	3
14	133
40	409
4	107
90	4
1	0
0	0
0	0
0	0
0	0
211	231
0	62
0	94
2	13
0	5
2	115
0	5
2	25
0	44
0	6
44	472
0	6397
4	6137
0	767
2	0
0	0
104	16178
5	16428
1583	15599
460	11996
1989	15021
6	1816
0	166
39	18
44	35
20	220
67	138
2474	205
6	201
0	7508
0	7508
350	60
0	0
5	27
1	33
0	0
0	0
482	5
12	1767
76	1755
2	1747
0	72
3	57
11	43
0	33
1	15
0	10
0	13
0	6
3	2
1	1
0	0
0	0
18	0
11	871
465	3839
103	3833
34	898
2	0
0	0
2	0
0	0
3	18
36	128
0	18
207	167
2	110
1	2
278	2
1793	103
17	102
0	0
0	0
0	0
0	0
4	90
0	90
1	90
2	90
0	0
0	2
6	1
0	0
0	1
4	0
0	0
0	0
0	0
0	7
42	70
0	0
0	7
0	70
0	8
0	33
0	1
2	3
0	18
204	1285
14	781
24	404
0	1101
0	283
6880	6
3108	2095
0	7
210	2093
0	0
0	1
3	0
0	0
3	430
1	365
0	305
0	552
4	346
0	137
3	136
26	51
1	464
0	178
0	330
0	2
2	116
1	82
2	64
32	943
1	938
0	407
0	329
0	240
7	237
0	64
0	23
0	98
0	22
0	17
1	0
1	7
11	98
132	98
0	0
202	9261
1	7874
0	585
0	163
0	182
0	183
0	170
6	156
1	1
0	85
0	106
0	98
0	123
0	79
394	381
162	381
108	1555
47	535
1310	1559
37	300
0	0
0	0
0	0
0	0
0	0
0	0
0	0
153	5813
30	2517
4	2566
7	27
56	1167
69	149
3	7
39	186
2	25
5	153
0	57
5	0
0	54
0	13
1519	725
2	45
0	224
0	86
0	72
0	73
0	375
0	71
2778	367
0	365
0	0
0	0
0	0
0	0
0	0
0	0
0	0
0	0
1	0
0	85
9	79
0	160
2	121
1	170
0	137
3	1
0	1
0	0
714	584
0	583
26	0
1	0
0	0
0	0
0	0
0	0
0	0
0	0
0	0
1	5
5	7
0	6
5	1
0	0
0	0
4652	425
0	78
0	265
0	4
2	45
1	16
0	149
3	14
647	0
4505	1769
1625	1765
0	258
402	2502
1	1351
8	11
0	1486
0	1969
0	0
0	152
146	1578
0	0
0	0
1	0
0	0
0	0
495	537
1	225
0	1
0	0
1	79
1	53
5	835
0	3050
1	8
9	12
0	2999
0	9
11	1
6	643
187	281
2	2955
1751	323
7	209
0	129
5	242
0	85
0	20
6	18
86	304
0	245
26	59
73	118
1	10
4	10
0	0
0	14
0	0
0	110
0	49
44	8
1	1
25	911
4	862
8	434
13	446
17	416
0	237
2	233
1	90
19	125
0	300
60	329
4	319
0	37
0	34
0	1
1	320
0	4899
3	3831
18	880
0	64
2	131
11	4564
0	0
32	0
0	0
4	0
0	0
0	4
0	4
0	4
0	0
0	1
0	1
0	0
2990	708
1	705
0	0
0	0
0	0
12	3
40	607
20	607
1	29
6	9
6	92
2	93
71	108
0	107
2	73
0	80
0	26
1	0
0	106
3	103
9	2363
2	2610
0	1913
8	2213
69	2842
0	2405
0	968
76	398
26	518
0	67
1	106
14	49
7	49
0	166
198	105
3	8
0	69
107	426
14	614
10	1849
182	1916
22	95
3	58
1	58
43	4
0	0
0	0
0	0
362	1709
26	921
4	8
0	48
0	1
9	5
1	1706
0	719
0	10
0	941
0	15
27	341
15	900
17	551
0	173
1	617
19	1182
2	788
27	0
0	4436
27	6816
0	5297
0	4972
199	8874
298	414
46	2488
2	104
1	103
427	5435
66	6569
63	5845
42	272
0	0
8	272
0	6
0	3
1	1241
198	4028
19	459
577	2820
14	133
1	11
0	11
0	0
0	0
156	460
0	460
0	0
0	1
0	1
1	1
0	1
0	1446
56	1551
9	164
0	1490
6	0
4	0
0	0
0	0
0	0
0	387
0	483
14	999
0	993
8	754
6	751
9	2
4	7
0	9
7	218
9	879
23	1054
9	634
0	711
0	245
39	1204
0	229
0	0
0	0
0	0
0	0
45	0
21	786
13	811
0	888
0	131
0	767
0	3
0	4
0	0
0	1
0	1
0	0
0	0
0	0
0	0
0	2273
1	2310
70	120
0	120
32	19
0	2
0	11
0	11
0	6
3	755
10	511
0	27
11	288
2	1
0	136
1	45
1	7
18	91
37	369
0	139
7	1
11	21
0	681
0	0
2	0
0	0
20	201
5	201
33	0
18	183
0	364
193	634
0	292
2	2
2	29
854	259
0	54
1	205
7	24
0	15
0	13
1	4
21	0
37	0
40	684
48	703
0	692
26	137
0	76
0	15
5	373
0	360
10	358
14	350
16	292
1	168
60	2
0	692
0	506
0	589
0	447
66	558
1	540
0	550
0	549
7	454
2	462
0	184
3	218
3	0
2	0
735	371
26	371
4	80
0	0
40	60
3	8
2	7
2	31
19	37
6	24
9	296
18	1576
0	42
1	0
0	2008
50	559
2	480
11	284
0	4
4019	1968
140	461
3	461
0	8
0	66
0	96
0	82
0	74
0	34
2	38
0	6
9	2006
3	1694
2	2004
102	2112
1	355
3	54
0	34
0	248
6	78
297	1160
4	621
21	244
0	26
8	227
0	401
0	9
1	14
3	24
0	16
25	364
162	927
38	1587
23	1448
6	359
11	193
0	40
0	0
4	1
1	132
0	113
0	132
0	127
18	510
0	463
2	188
85	59
0	151
2	60
1541	1
14	32
0	981
79	1102
58	0
5	56
0	1109
5	791
37	643
5	709
113	761
3	16
0	81
0	42
0	49
0	0
670	795
0	47
2	43
1	97
1	425
5	485
369	418
96	910
0	859
0	534
3	1779
1	61
0	51
0	37
2	9
0	116
1	0
1	299
0	15
332	360
14	284
5	110
0	73
0	15
10	14
1	0
3	1817
0	1
0	1
0	2
0	2
0	0
0	0
40	1693
2	1645
46	35
25	330
0	0
0	40
0	62
1840	1249
30	1128
58	1017
2	143
464	1019
8	8
58	315
0	6
0	0
0	5189
222	5347
123	4655
1	314
48	377
0	347
32	357
0	41
3	49
0	0
1	1
0	1
0	0
0	0
0	0
1720	1587
0	17
4	214
46	1356
0	0
0	0
0	0
0	0
61	2730
1974	4442
54	653
0	306
19	811
0	377
1	26
0	71
2021	1917
55	1897
0	601
3	169
142	0
0	0
0	0
0	0
0	34
0	10
0	0
71	141
1	36
2	13
5	128
0	40
29	227
0	70
0	231
356	0
0	0
2	0
0	0
0	0
203	249
128	178
85	40
0	89
850	0
7	737
0	132
0	92
36	21
0	104
1	139
3	11
82	136
0	7
0	598
7	173
8	741
8	235
3	1
1	7
0	136
0	5
0	4
1	95
13	28
3	202
160	44
0	275
5	737
205	96
0	16
2	78
0	0
2	0
0	0
5	0
0	0
0	0
11	61
0	69
23	8
3	61
0	3
6	6
0	1
0	0
449	871
6	676
7	776
0	129
0	10
105	8
0	0
0	0
0	0
0	0
0	0
0	0
0	2
0	2
207	162
0	90
10	129
6	31
23	2734
227	466
2	139
4	327
25	130
1	149
153	1781
3	816
0	667
0	494
2	492
1	382
0	274
0	200
3	1
0	0
0	1
0	0
0	0
0	0
0	0
0	83
0	3
5	0
0	3
0	0
0	83
0	1
0	0
0	1
0	0
0	0
6	0
0	0
0	0
0	0
423	4908
37	4952
23	502
1	71
0	117
5	839
1	1
24	3
6	548
4982	3034
51	1533
0	684
9	747
21	218
14	212
0	126
0	212
0	187
0	209
0	185
0	188
1	183
2	188
0	193
0	112
6	1
0	0
0	0
2	1
0	1
113	0
14	130
0	167
0	65
0	56
72	1640
1058	1801
0	0
0	99
0	468
6	372
0	162
0	193
0	93
1	67
78	2282
9	2399
95	2321
0	2485
0	67
4	2
0	106
2	8
41	101
1	0
106	1
32177	1908
11	1884
578	0
0	0
1	0
43	111
1	111
145	401
118	3792
10	162
2	362
6	3767
1	110
83	3411
5	0
0	716
10	391
1	0
1	184
48	1131
0	3096
1	0
0	160
1	963
0	3210
1	2
116	0
3	6
7	55
0	87
0	27
1	616
743	403
0	283
0	188
0	212
0	98
0	54
0	0
1	82
167	82
165	3761
19	375
0	3033
230	3694
0	0
0	0
8	31
31	51
0	29
0	26
51	47
0	0
0	0
885	179
2	15
1	81
11	5
4	72
3	13
0	1
13	0
0	0
159	775
62	733
3	135
0	1
0	1
8	0
0	0
0	0
0	0
0	0
0	0
0	0
0	0
0	0
0	0
555	2637
2	2235
15	60
1	12
3	709
1	791
1	59
14	0
10178	7232
22	6422
0	2368
9	46
20	9
16	1491
0	0
270	0
0	0
0	0
0	1054
0	842
0	511
0	175
0	231
0	84
0	1054
0	0
203	282
1	281
8	0
0	0
17	2421
534	2336
6	279
57	214
18	262
47	546
3	109
5	501
0	54
0	65
116	85
5	70
3	4
0	14
0	33
3	27
11	1
0	0
745	35
1	19
0	0
288	194
0	245
0	104
1	171
94	451
0	39
1	99
0	34
0	0
0	2
7	74
0	9
0	7
2	62
0	0
0	0
0	1
2	1
1	1
11	2
0	1
0	0
0	2
0	1
562	405
1	370
0	258
3	23
1	0
2	11
1581	44
1	36
0	23
0	33
0	0
0	0
0	0
0	0
925	0
0	0
0	0
0	0
74	11036
48	10787
245	11014
72	1919
0	1227
0	1149
0	718
10	164
7	0
12	2
0	0
0	11058
3	41
0	0
4	61
0	61
0	3
0	17
1	5
0	17
0	0
0	0
0	1
0	1
0	0
0	7
15	1
0	0
0	1
13	0
18	825
15	276
18	388
0	897
2	359
0	329
0	276
295	1101
0	0
281	0
0	0
257	69
23	69
0	0
790	178
22	1
25	178
121	292
0	165
0	0
0	0
0	35
0	32
7	30
0	14
0	0
0	29
0	0
1	292
0	29
0	7
46	9059
8	8273
15	3807
4	8148
0	3474
4	3572
1	222
5	208
0	8718
11	2829
67	621
0	8768
0	316
44	9026
0	314
1	358
0	8150
0	404
1	7
0	45
0	409
68	12
0	8808
0	397
1	368
371	12
44	12
4	4
0	89
7	90
1	61
0	46
0	4
1926	5031
7	78
0	78
0	0
0	0
0	0
0	0
0	0
0	22
0	25
0	23
0	18
2	5
9	1
1028	32
0	2
0	29
0	0
0	0
0	0
0	0
0	0
1502	1266
22	1266
0	1
0	1
0	1
0	0
0	0
2633	0
16	420
126	371
0	115
35	65
22	63
3	55
671	6
63	5755
290	5819
317	851
4	35
11	386
47	351
0	727
0	768
2	25
0	30
0	2
0	1
0	3
0	30
4	0
0	426
0	69
8	43
12	77
0	34
1	152
1	503
6	1
1	25
0	4
25	808
0	808
3	552
2	372
0	537
44	789
3	272
2	544
20	821
187	539
216	675
19	7
3	236
0	156
0	9
33	2
534	1611
0	1600
2	24
0	1176
0	1373
0	0
0	7
0	0
4	673
0	472
19	686
0	529
2	211
0	231
393	531
669	2047
6	619
0	342
0	240
1	1797
3	253
2	182
13	621
26	21
0	15
0	0
0	3
0	10
0	0
0	7
0	0
0	0
280	717
8	717
0	0
0	1
0	1
1	0
595	598
0	14
0	521
0	300
0	0
475	6869
55	6777
0	702
13	534
18	502
0	118
4	0
0	5
6	18
0	2
0	17
0	0
0	2
0	0
0	0
0	0
4	6809
0	6804
117	6809
109	7915
0	28
1	0
0	7470
15	328
484	522
0	322
0	9
2	193
1	6
0	264
0	103
0	4
0	1
0	46
0	15
0	112
1	110
2	295
0	264
23	25
1	1
0	1
0	25
759	351
9	209
11	9
3	206
1	1
734	589
0	541
58	292
0	0
0	0
0	2
0	2
0	2
62	15
0	6
7	9
0	0
0	0
0	0
1	296
23	399
27	335
4	29
3	8
1	11
6	12
0	15
0	359
2	414
0	10
1	397
798	61
0	61
0	0
0	2
0	2
0	2
0	2
265	111
3	111
13	2
113	2
0	0
0	0
0	8
128	10
2	10
10	808
1125	1029
3	28
0	142
2	61
0	51
0	0
1	676
0	664
0	675
0	468
0	349
0	457
129	369
216	613
1	46
3361	1
73	885
25	1046
1	788
1	88
11	10
11	46
3	93
3	19
1	37
336	86
1598	245
0	29
0	201
0	84
39	203
0	13
3	0
226	3117
54	0
0	146
0	597
2	860
0	283
0	3130
0	0
0	434
0	248
9	26
1	133
0	192
0	411
331	48
0	3
168	5
2	18
3	27
0	27
0	8
0	8
0	18
0	15
0	19
1	22
0	15
88	1262
61	1262
2	29
24	58
5	54
0	0
0	0
8	0
10	405
0	33
4	349
11	0
0	26
0	267
9	1
0	5
0	0
0	66
0	0
0	0
0	2
0	2
0	2
520	1289
14	1036
0	461
19	299
429	1
0	0
0	0
0	0
0	0
0	0
168	9314
129	10055
1	1911
0	4482
0	4482
0	4045
0	1943
0	1380
0	6
24	0
3201	592
0	371
1	589
0	29
0	0
0	0
0	0
0	0
0	0
0	3
0	3
1	0
0	0
0	0
97	218
0	214
0	25
2	0
0	0
0	163
50	69
7	69
0	61
0	23
0	1
0	1
107	3619
27	62
1	164
4	0
0	17
1	3485
0	0
0	0
29	0
797	529
1	529
0	193
0	2
0	0
235	0
0	1
0	3
0	1
0	3
0	1
0	1
286	109
4	81
0	97
3	12
2	11
0	10
17	461
8	461
14	31
16	0
0	55
0	0
0	0
0	0
0	0
0	0
0	0
1	0
362	501
5	0
3	172
37	103
0	317
57	11
2	3
3	3
0	1
0	3
0	0
0	3
0	0
0	0
0	0
368	448
0	41
14	448
3	29
0	0
0	0
2316	4745
25	4745
0	7
0	7
0	0
0	0
0	2
0	1
0	1
164	206
65	183
0	34
3	3
0	1
0	4
0	6
47	3
30	3
0	0
0	0
145	2059
22	124
0	304
1	31
1	1287
0	4
0	12
0	899
13	0
4	4
0	4
0	0
48	131
15	125
0	38
0	16
0	17
0	17
0	16
0	3
4166	619
1	617
0	0
0	0
50	65
28	48
2	14
4	63
9	53
3	0
45	39
0	2
30	1
0	1
0	1
0	1
0	1
0	1
16	36
0	36
0	36
7	29
0	0
0	0
340	711
3	407
0	234
19	229
0	161
6	96
0	0
0	9
0	8
0	0
13	242
4	9
19	246
8	170
0	173
0	4
8	4
3255	425
5	373
0	62
0	11
0	0
262	203
27	203
1631	246
0	241
0	250
6	563
0	371
105	370
0	269
3	322
1	41
0	0
1	23
33	14
0	22
0	15
4	13
5	16
4	3
104	0
0	2
0	2
172	399
26	400
0	134
65	100
10	37
0	0
0	0
0	0
0	0
0	0
1	0
0	0
0	18
56	191
0	17
0	39
6	87
1	50
0	80
0	0
9	65
0	29
0	0
0	0
0	6
133	763
2	374
4	279
9	358
0	17
649	1697
0	898
0	0
3	330
9	227
558	750
0	748
6	15
0	0
0	15
14	21
1	2
527	134
0	57
3	25
0	0
0	4
0	15
2	0
0	10
0	49
0	1574
10	864
0	1466
21	441
0	38
3	366
0	1573
0	2
1	2
0	23
40	432
0	5
0	221
3	335
0	366
0	216
843	430
0	0
130	230
31	230
1	3
0	0
0	0
644	896
26	895
6	337
2	64
0	0
0	0
0	0
0	1
0	0
0	1
0	1
228	881
16	802
5	810
3	71
0	0
0	0
0	0
34	0
0	39
0	0
143	17
1	17
74	1806
0	1843
8	1483
0	45
1	52
5	58
28	10
0	87
44	74
3	625
1	128
1	81
5	102
0	240
0	46
7	512
6	117
2	344
6	275
0	0
3	153
4	146
0	151
0	9
0	3
0	17
2	13
0	27
0	7
0	22
2	153
59	158
0	156
0	151
1744	349
1	3
7	269
20	181
3	112
0	235
2	154
27	0
10	0
0	113
0	219
6	210
0	43
67	72
0	43
0	22
3	22
0	8
0	4
0	4
0	6
0	7
0	0
0	2
0	1
0	1
0	0
0	1
6	114
1	0
1	114
0	0
0	0
0	10
109	2520
17	2753
43	1616
0	80
8	81
15	32
417	733
1	338
33	583
3	113
15	294
0	113
1	109
20	0
0	0
0	0
0	0
0	0
0	0
13	527
17	597
36	25
6	105
1	78
3	59
100	42
0	30
116	4
64	90
0	47
0	65
1	100
3	155
2468	703
0	207
1	162
4	390
1	195
0	377
0	353
0	0
3	21
4	43
3	47
0	4
0	7
0	4
0	41
643	0
32	1722
39	1640
0	1638
1	33
0	1667
0	1678
29	0
0	1
5095	430
0	420
0	106
1	106
18	106
0	76
1234	548
11	547
235	1
2	156
8	155
0	128
2489	4
7	0
0	0
0	0
1098	3
1	2
0	0
0	0
0	0
0	0
0	0
0	0
0	0
0	0
71	15
2	5
0	0
0	10
52	276
0	0
3	275
4751	931
0	929
1069	319
1	315
4	3
31	0
6	0
611	886
3	476
1	150
2	28
14	359
0	7
3	7
4	0
0	0
0	0
12	43
1	17
36	40
74	588
1	588
15	424
0	349
0	3
0	3
0	0
0	0
8	196
3	195
5	170
0	119
6	3
22	32
12	11
3	1
1	32
0	20
0	9
0	0
0	0
0	0
2	3210
2	1753
2	1999
4	256
0	1765
34	1088
0	1443
0	312
16	2941
4	367
0	293
0	861
69	1517
29	459
6	182
1	21
0	621
6	377
14	0
10	50
0	66
0	0
0	0
0	0
0	0
0	0
20	924
0	680
4	564
0	235
0	0
231	607
0	491
19	130
9	14
0	0
14	7
0	3
0	6
4	0
4	0
113	2
0	2
4	0
0	0
13	242
5	24
2	245
13	245
3	241
1	36
0	62
15	53
0	98
2496	0
30029	53546
2	1835
135	52468
0	71
3	4374
8	5149
9	21109
1224	1115
0	1092
677	3611
9	3611
3388	917
3	284
3	603
2	314
0	42
2	112
76	113
0	0
0	0
0	0
0	0
8071	17
2	4
0	3
0	3
0	1019
0	1192
2	217
3	118
0	42
1	0
0	0
13	0
2	2251
1	1020
3	0
0	58
0	588
0	0
42	2281
0	0
0	0
0	0
0	0
0	0
0	35
0	32
3	29
1	14
0	3
2	34
117	12
0	12
0	12
0	0
0	0
0	0
0	0
11	12
52	1354
3	1320
14	1299
0	5
0	0
0	0
6	1344
505	326
0	98
0	103
0	3
0	326
0	0
20	366
26	366
16	0
0	33
0	0
0	0
0	0
0	19
0	41
0	8
0	0
0	37
0	3
4	31
1	16
0	0
0	10
1787	164
0	164
9	0
1	0
443	173
2	37
3	35
0	34
0	135
1	13
22	68
0	0
4	59
0	59
0	0
0	4
1	39
42	97
0	65
0	48
0	1
0	54
4	69
1461	396
2	360
0	34
1	10
1	10
0	5
911	0
37	4657
0	443
0	94
867	4427
4	39
0	249
3243	1504
0	128
1	1375
2	103
25	0
0	1
0	0
3	585
0	596
0	569
3	577
0	508
0	328
0	34
2	29
0	28
0	12
0	0
12	5
0	5
0	592
0	0
0	0
0	0
19	272
0	94
0	1
0	272
0	0
0	0
0	0
0	0
20	517
1	0
5	642
76	290
8	586
91	356
8	33
0	48
19	183
26	136
48	1305
546	1204
2	991
128	67
132	4
2	4
0	1
0	1
0	1
74	63
0	63
0	1
0	0
0	0
217	71
0	0
11	71
0	53
0	0
0	10
0	40
0	5
0	53
0	0
0	0
0	0
0	0
0	0
0	0
0	0
0	0
0	0
0	0
0	0
0	0
0	0
3	1430
11	1458
1	1641
14	314
2	187
2	1169
0	128
0	266
1	263
33	52
4	298
19	187
0	51
2	45
5	5
4	5
0	0
228	122
6	98
15	190
5	52
0	115
1	54
50	71
8	28
0	14
0	71
2	1
15	176
2	219
0	29
0	56
3	163
0	3
0	68
3	69
0	22
0	39
0	39
0	2
4	414
0	3503
6	4082
2	0
0	3160
0	26
6	25
0	1982
1	1927
26	3861
0	3987
32	1157
0	206
2	160
0	320
0	2914
0	291
0	419
0	223
1	138
0	0
0	0
0	0
0	0
0	0
45	1232
13	4
2	276
5	1219
5	121
4	286
2	4
4	37
193	13
7	153
0	153
0	17
19	0
2	0
0	0
0	0
1952	2107
2	1621
3	1323
15	92
1	554
30	188
0	149
2	52
494	167
1	40
4	10
13	59
11	71
6	58
0	0
0	12
373	516
0	124
0	17
0	372
1	12
6	8
0	3589
902	5336
43	2214
55	4592
13	4892
300	4567
8	4591
53	4400
17	9
4	3132
13	9
31	4617
51	80
4	586
0	597
0	0
0	136
4	11
0	73
4	60
0	0
0	0
0	0
0	0
0	11
39	26
3	17
0	9
0	0
2	0
0	0
0	0
189	1480
81	1362
0	1433
2	70
16	95
2	0
0	31
5	31
1	0
0	3
4	302
0	86
0	85
0	40
0	4
0	0
0	0
528	13
5	13
0	0
0	0
0	0
0	0
0	0
0	0
0	1249
0	1220
0	1216
2719	4479
2	4417
10	11
0	14
0	222
12	2401
0	128
0	270
68	105
1	95
0	257
0	0
146	1156
10	1146
13	220
2	0
212	1576
0	1740
24	1398
0	251
7	1
0	138
134	47
75	149
15	0
862	0
0	0
0	0
0	0
15	16
0	229
0	337
1	201
0	285
3	322
0	221
0	334
77	282
0	0
0	2
0	180
0	25
3	287
0	2
0	0
266	28
5	31
0	25
7	1974
0	2040
0	761
0	701
28	549
0	56
0	32
1	0
0	934
0	1970
2	494
0	6
0	34
1	0
1	4
0	7
16	524
0	506
77	84
0	84
0	78
1	60
2603	6019
69	99
21	6001
20	0
0	0
0	0
0	7
0	1
0	7
0	7
207	11548
9	11752
0	11611
0	11848
0	10026
0	10318
0	10216
7	1265
0	1731
3	11
6	8
2	1251
63	548
0	305
4	12
0	53
74	306
9	313
32	32
0	145
10	9
5	6
8	1
1	20
0	24
11	368
7	424
20	68
2	388
0	10
71	59
9	40
0	2
0	17
3	2
0	0
0	0
119	0
417	0
0	0
103	1233
0	900
43	1137
4	1179
1	101
0	0
0	0
0	0
0	0
0	0
0	0
0	0
0	0
3	552
85	513
0	200
0	63
4	13
2	8
41	7
0	562
41	648
0	712
11	313
1	37
0	2
41	8
0	2
0	4
0	6
150	13
0	0
211	11
0	11
46	208
0	2126
1	1866
103	50
5	704
0	621
0	0
0	22
12	132
0	220
0	1
12	81
0	0
0	0
0	0
0	0
0	0
0	0
0	0
0	0
0	0
62	715
51	715
4	4738
141	4738
0	891
9	637
6	768
0	795
45	865
10	238
3	74
3	32
0	0
0	891
1	0
0	0
0	3
1	3
0	3
0	3
0	0
0	1
0	750
0	863
1	1017
1	142
34	459
0	348
0	425
0	592
0	119
3	131
6	234
5	59
0	2
6	57
7	57
2	5
5	59
0	0
0	1
0	0
0	53
3	156
0	146
15	160
9	30
7	39
0	6
0	74
0	67
0	46
0	52
29	636
0	500
4	847
22	48
0	0
2	1
4	291
4	82
0	995
1	16
26	453
18	423
0	0
0	0
0	0
3	155
0	160
0	153
0	277
1	91
0	211
3	182
0	53
1	151
0	152
0	18
11	130
5	130
0	16
3	7
0	138
0	143
0	131
0	132
0	13
1	130
0	10
0	12
0	17
0	14
28	109
2	57
3	54
0	19
0	19
0	8
4	8
0	0
5	23
1	18
1	0
0	274
0	278
0	286
3	19
0	18
1	3
0	3
0	4
0	1
0	2
0	17
0	189
1	6
0	35
0	61
0	172
0	0
960	638
138	638
19	1211
10	1727
1	1493
0	9
799	43
13	43
6	0
271	848
96	831
53	532
8	375
14	331
16	74
0	6
0	371
1	281
456	297
76	3785
42	105
2	3590
29	97
2	83
20	3216
1	24
5	341
433	4169
9	1461
0	48
4	36
7	319
0	1
0	10
0	4
0	1
0	0
0	4
0	1
0	11
0	10
0	26
4	37
1	31
1	30
3	32
2	36
1	38
2502	5
0	0
0	0
0	0
0	28
627	28
1637	1
14	0
12	25
270	0
41	0
676	56
0	0
0	56
7	922
62	2362
2	2103
0	32
0	32
2547	128
0	109
1	13
2	6
1340	2048
6	2057
3	2044
7	112
59	0
0	0
0	0
5	2068
136	8302
191	8343
4	0
50	19
15	1508
0	23
0	136
18	1
0	1
0	0
6275	0
225	2736
1	98
0	98
0	47
9	1019
6	108
5	2725
2	347
10	359
0	364
0	12
0	44
0	47
0	132
0	103
2	71
1	48
3	0
0	7
0	103
0	131
0	0
199	721
3	154
0	30
6	571
0	0
47	158
1	5
326	679
0	651
0	52
0	28
0	11
0	0
0	0
0	0
0	0
14	26
2	26
0	0
0	0
0	0
0	0
0	0
0	0
0	0
0	0
179	50
9	47
0	3
0	0
0	0
0	1
0	1
32	399
0	397
1	126
0	3
0	18
0	74
0	37
0	47
3	7
0	138
0	0
4	24
1	14
0	24
0	5
0	6
0	12
0	12
0	15
0	0
0	0
0	0
0	0
0	0
0	0
3	615
5	111
162	550
29	550
0	814
5	132
3	651
0	548
3	108
1	0
0	814
0	0
0	0
0	0
0	0
1	238
0	1
55	238
2	214
9	0
27	849
0	81
0	26
0	0
573	854
4	564
36	207
8	381
13	237
0	0
0	0
0	0
0	0
0	0
0	0
0	0
0	0
0	0
117	400
2	12
0	395
0	398
16	327
5	304
2	324
10	311
61	292
0	237
11	3097
0	4196
333	3929
0	552
13	1930
5	1646
17	55
0	4
104	11
0	307
2	0
1494	0
87	104
0	68
0	54
0	12
4	27
5	47
2	7
4	10
634	671
1	0
1	603
44	541
1	592
0	0
1	0
41	555
4	555
64	47
0	30
0	7
0	7
0	5
0	7
0	7
2	1059
0	401
0	562
4	833
0	328
26	69
28	341
13	0
0	0
0	0
0	0
1	0
0	14
2303	106
0	90
7204	7
1238	94
0	54
7	93
0	0
0	0
0	0
0	0
2402	2518
78	2144
7	266
26	51
0	9
1	13
1	370
817	15
1	14
23	386
0	75
1	82
12	1
0	32
20	47
0	26
3	1
0	313
71	65
3	29
1	50
0	16
2	25
1	20
79	32
0	17
0	15
706	244
0	33
7	96
5	125
0	0
0	0
1	86
35	114
105	66
2	15
860	3
8	2
20	165
459	951
1	299
23	761
3	333
5	382
0	4
0	34
0	0
0	0
0	0
39	200
51	81
3	199
4	383
4	353
2	334
3	398
882	343
0	0
0	0
0	0
806	928
43	1077
12	747
0	405
52	244
4	29
15	192
9	137
0	39
0	102
0	18
0	21
9	0
1	1
21	23
175	1733
0	17
0	0
0	10
0	8
13	1714
24	1831
0	56
1	168
1	372
4	209
0	1717
0	1716
59	4
0	4
0	0
49	1138
0	400
1	6
2	429
10	491
3	969
6	21
1131	1412
0	1284
8	1322
0	12
0	65
0	90
0	37
5	6984
1	6984
0	6983
0	6983
0	6985
0	6983
0	6992
0	6984
9	1912
0	719
0	519
0	527
3	614
21	594
0	0
0	0
8	12
0	7080
0	6992
0	6996
3	6985
0	7000
0	0
0	0
0	0
20	0
1	0
0	0
0	0
58	823
5	55
65	618
15	989
12	492
7	371
15	202
25	2
2	12
1	2
1	10
0	3
0	2
2	3
0	1
415	5050
0	28
1156	9543
24	7861
0	156
10	890
7	901
274	3439
63	908
22	58
1	372
2	1005
34	198
126	520
0	0
53	10
12	561
147	300
0	75
0	254
0	8
7	0
0	78
0	46
324	693
2	421
8	686
2	585
0	0
6	574
14	86
50	567
3	119
2	84
1	84
5	84
0	0
0	0
0	0
85	110
6	737
0	153
0	0
0	0
0	0
44	0
544	0
1	3359
0	4836
28	3332
30	4829
0	9
59	2398
0	2605
0	1024
133	132
0	100
2	4
0	18
0	41
0	42
0	0
0	0
6	0
66	446
0	413
7	70
0	26
0	413
0	0
0	0
0	0
853	10
9	5
6	4
0	1
727	307
0	13
1	50
0	242
0	22
0	3
1	34
0	36
0	4
1013	427
0	423
0	0
2	3
0	0
0	0
17	54
3	17
0	47
0	29
507	197
3	14
9	182
0	0
0	0
0	0
125	138
0	109
1	88
3	33
14	8512
0	5396
0	8790
147	6542
7	6789
40	202
29	16
0	0
45	103
29	130
18	31
1	3564
0	52
0	104
48	1341
9	216
25	117
136	337
6	228
14	213
31	1054
770	224
2	1060
10	88
5	7
10	2
0	0
0	0
0	0
0	0
17	3
0	3
0	0
0	4
0	1
0	0
2627	9
11	2
150	300
23	276
0	87
13	21
0	6
4	16
18	729
2322	1112
0	239
0	849
265	1163
278	713
11	644
2	141
0	500
5	99
0	279
5	300
1	264
0	240
0	27
3	135
0	1
2	15
3	63
0	206
0	244
17	1418
2901	2996
4	28
0	0
34	2126
4	17
516	191
8	190
14	1638
4	1612
8	1629
3	1162
3	1093
0	20
0	237
0	0
1	189
0	98
1	71
27	68
0	0
0	0
0	0
0	0
6	0
0	1
0	1
0	1
0	1
0	0
3	1
0	48
1	588
0	511
1	24
5	548
4	485
46	22
0	0
0	73
646	873
0	142
0	194
0	463
2	443
6	0
0	202
0	1
0	56
12	293
3	264
0	360
0	29
0	0
0	0
0	0
0	0
0	0
1	35
1	30
0	8
20	408
13	575
1	102
1	160
1	265
0	95
0	102
0	85
5	13
0	0
0	427
0	357
13	281
28	115
1	817
4	2
10	426
0	0
43	57
4	4
2	57
0	18
0	0
2	921
6	1890
0	1909
1	1328
1	1305
11	1307
0	370
4	322
10	18
0	0
6	40
1	0
0	18
0	6
3	18
0	19
0	18
0	0
0	0
0	10
0	0
9	64
0	64
0	0
64	59
0	0
18	54
0	50
1	39
13	39
3	0
3	28
0	13
615	1891
150	1809
0	1615
0	249
0	0
13	102
50	102
3	3
0	1
0	1
0	12
1	12
0	0
0	0
0	0
0	0
0	0
0	0
0	0
0	0
0	0
7	5
5	35
1	30
441	202
0	158
0	71
1	32
95	1865
10	1407
0	280
0	234
7	260
0	97
5	0
0	1834
2	0
0	212
3	13
2	10
0	68
18	233
503	1723
217	1723
3	473
1	0
0	156
25	78
0	0
2	7
0	668
3	959
4	839
2	786
1	12
2	0
0	66
0	758
4	0
0	0
1	42
0	138
17	149
13	5
5	688
34	688
0	5
1	19
0	22
607	900
0	623
0	887
7	118
0	1
0	12
60	285
21	270
0	0
1	0
6	501
1	32
0	26
0	75
0	466
41	735
7	1
3	2
8	705
14	5
7	42
12	309
5	309
47	2106
4	882
0	31
4	20
42	1798
0	8
3	105
26	13
1423	2
2	2
56	30
9	103
2417	110
2	7
1	3
2	4
281	14262
597	14263
0	1046
3	984
8	110
374	3150
0	2093
0	3026
0	2774
0	2750
0	3026
0	3026
52	1079
3	411
0	34
0	0
0	0
0	0
17	274
1	121
11	137
0	120
2	103
2618	16
0	16
26	169
7	172
2	10
43	30
6	21
25	4
0	1
0	0
0	0
0	1
0	0
0	0
18588	1044
72	920
0	114
0	0
0	0
0	0
0	0
155	287
0	287
1247	402
1	236
0	194
0	196
2	38
53	1344
0	1043
25	1009
0	1161
0	1151
0	937
4	45
58	274
0	61
94	3
0	1161
1	15
0	0
0	0
0	0
0	0
0	0
0	0
0	1
0	4
0	4
247	3347
0	960
1	0
54	94
5	161
0	127
14	2414
0	0
0	0
1918	0
0	0
0	0
0	1029
1138	1379
0	1098
2	446
0	0
0	0
0	0
0	0
0	0
0	0
4	2871
0	622
1	612
2	306
6	361
7	614
13	290
3	2
1	50
0	325
0	2799
51	2776
0	16
11	17
0	1
0	9
0	3
8	72
0	50
6	22
0	7
2	98
9	135
0	27
0	15
0	24
0	10
0	0
0	0
0	24
3	0
0	11
2	12
0	4
1	8
0	8
0	0
0	0
0	0
37	1482
0	974
99	287
0	610
1	322
17	0
0	1
0	1
0	1
0	0
0	95
0	3
1	9
0	23
0	2
2	95
0	0
54	36
0	27
1	30
9	226
1	2154
1257	2284
218	340
30	278
0	55
7	0
37	269
0	21
0	263
0	8
1	0
23	876
2	892
35	840
8	794
11	947
0	670
6	207
2	257
0	180
7	139
2	310
8	0
11	47
1	0
0	22
3	155
0	36
1	6
0	18
1	0
138	1340
0	467
110	1202
2	201
13	0
113	8485
32	1163
25	5176
16	6919
13	448
7	423
1	330
3	882
0	524
94	7708
1	855
24	681
0	221
24	1206
840	2679
226	1618
3	189
0	0
1145	859
107	33
0	761
70	631
1	3
0	12
7	13
1372	2579
49	2427
37	153
2	2301
30	540
0	1370
2	121
0	17
0	25
1	2
0	2141
0	2
0	2393
190	2141
4	1477
34	2261
380	0
1	34
10	830
6	834
1	800
2	73
3	23
3	16
0	0
0	0
0	1
1	1
0	0
3559	345
0	5
2	291
1	291
0	67
5	2
0	2
595	2532
11	313
17	19
16	599
683	1205
40	1034
7	209
287	2263
20	2266
19	37
3	212
1	156
5	20
1	14
2956	5
0	3
724	3421
15	840
3	0
12	0
1	1142
0	29
17	1
0	53
912	1
702	46
1	45
372	0
0	0
0	0
912	698
2	573
1	145
0	0
0	0
0	0
0	0
126	5458
41	31
94	30
12	32
1	62
0	5455
3	318
3	858
2	851
19	311
26	84
16	15
139	4193
17	1083
0	456
1	926
0	10
12	817
12	2930
88	4714
144	4673
0	0
159	2852
0	183
3	305
6	31
0	2852
124	32
0	0
0	0
134	0
0	0
0	0
51	136
0	142
0	142
341	888
3	141
0	598
33	19
0	47
0	253
3376	940
4	114
3	934
2	348
1	84
0	97
0	5
3	9
16	5
1277	0
0	0
0	0
538	263
0	262
1	171
126	38
5	33
6	11
0	2
0	0
0	0
0	0
0	0
3	32
496	635
6	598
7	356
0	0
32	163
0	144
0	17
1	40
5	23
0	47
0	72
0	20
538	622
6	129
1	29
5	4
0	571
24	571
3	23
3	77
0	0
0	57
2	112
2	16
0	623
1	258
114	645
3946	845
0	839
1	0
3674	143
24	23
65	117
0	0
1923	193
0	61
10	129
0	237
0	177
0	212
51	730
0	258
2	681
1	680
0	665
0	23
0	22
0	13
0	13
1	31
0	57
1	41
7	20
1	8
0	0
482	2681
0	2671
0	2772
33	2622
0	2529
0	2566
0	1690
0	1810
0	187
0	6
0	19
1	149
0	24
0	98
0	2
0	1
0	2538
0	2660
0	2655
6	1
10	7
3	7
5381	16236
0	70
0	8888
3	7701
7	4671
0	328
0	3676
33	2066
10	822
495	8652
22	1167
1	8927
7	7115
7	340
38	116
0	634
0	0
90	1150
41	1150
1	195
179	616
85	616
0	0
0	381
20	101
69	194
40	326
0	41
0	248
0	8
0	67
76	48
0	30
10	295
0	0
0	39
1	177
0	33
1	35
0	0
1	3
7706	10
0	0
0	0
0	0
0	0
0	0
0	0
0	0
0	0
43	0
804	5583
0	4659
0	232
38	933
0	241
1	1
34	4120
1192	9077
0	6433
0	1
0	1
0	1
51	120
0	120
2	84
0	7
0	7
0	6
0	6
0	6
0	6
0	5
0	1
0	7
122	106
1	46
7	60
0	0
0	0
0	0
0	0
62	381
0	381
1	126
0	0
0	0
1	34
1	3
3076	10
0	8
0	0
22	288
5	93
2	39
1	89
1	29
7	104
2	2
0	55
0	280
0	22
1	2
371	209
7	0
422	208
3	53
0	1
0	0
0	1
0	0
0	0
132	1007
8	1007
0	0
0	27
4	26
0	25
1	106
29	72
8	72
1	16
0	18
0	0
0	0
0	0
184	1844
0	1814
0	1286
125	633
0	0
0	0
83	2111
461	2217
1	105
0	1783
75	1779
0	2208
0	47
7	54
130	1717
16	81
547	1135
0	136
41	463
1	361
51	301
0	398
3	47
8	67
0	87
0	0
0	0
0	0
230	65
0	29
0	39
0	114
10	454
1	402
301	7284
0	8408
188	3231
122	7764
3	205
11	14
6	1511
13	771
1	1387
0	882
6	455
21	86
771	832
2	672
3	138
3	502
3	499
3	37
0	20
33	253
0	0
35	399
1	364
4	58
0	0
0	1
0	1
1	0
0	0
1637	749
5	18
0	0
23	17
0	730
1	2111
0	2445
3	1280
7	1080
3	0
2	1182
0	0
0	0
0	0
187	271
2	270
0	271
55	0
0	0
0	0
0	0
0	0
32	49
462	102
8	52
0	0
0	0
0	0
0	0
0	0
0	0
20	316
47	546
0	352
69	309
0	274
2	24
0	29
2	0
1	0
0	0
442	507
0	506
0	183
0	820
2	158
0	725
0	846
0	603
0	566
0	436
0	488
0	95
2	69
0	70
0	7
0	225
0	5
0	62
0	0
0	602
0	720
0	562
2176	2307
0	1184
86	1457
6	5
26	38
3	1309
3	375
0	0
0	4
0	0
0	1
0	3
0	1
0	0
0	1
0	0
0	0
1	0
43	4
0	1
0	1
0	2
0	0
0	0
132	1146
0	933
2	1086
4	245
0	79
0	169
0	232
13	220
11	67
0	2
59	131
0	130
1	0
0	1
40	11332
3	10122
9	10357
57	378
1	921
47	559
162	7711
29	785
39	5937
43	5154
72	389
0	7590
0	119
0	35
0	50
0	0
0	0
0	9
5	124
0	121
1	24
0	0
4	0
0	58
0	58
8	421
10	66
0	30
97	421
129	94
0	93
6	0
0	291
152	292
0	12
0	1
0	0
4	0
0	0
2	10
0	80
0	99
0	122
22	142
0	76
107	487
52	487
1	88
71	968
384	1337
6	227
23	486
0	18
3	140
1	14
17	32
274	0
17	219
3248	1285
30	1237
1	0
0	853
41	1248
339	0
1328	4623
0	4622
0	1790
0	354
2	1001
1	728
0	409
15	933
0	805
0	252
40	82
2	30
15	683
0	196
3	172
4	688
12	272
4	21
3	12
16	362
6	0
21	4
2	187
5	2
35	1023
7	812
0	30
0	7
0	39
3	1031
21	516
5	107
4	249
6	383
186	1947
3	356
2	344
0	993
1	85
47	1913
1103	328
0	40
1	1
0	310
0	268
0	253
206	134
1	6
0	0
0	129
302	4110
0	67
19	329
0	0
1	423
0	296
3	19
72	4102
6	1520
1917	41
7	38
5	0
0	0
0	0
2	3
0	3
0	2
12	262
20	171
0	262
3	85
42	71
0	62
0	58
0	0
1	24
0	85
0	80
0	0
0	50
0	4
0	0
0	0
0	0
0	0
0	0
0	0
0	0
0	0
0	0
696	1
0	2717
179	3044
245	3058
6	875
0	1058
0	149
4	413
1	53
0	17
19	2999
0	2
29	0
15	64
0	12
0	6
0	0
0	61
2	50
7	56
3	9
0	25
0	27
0	0
0	13
13	22
2	9
0	1197
0	373
0	38
0	3
0	740
652	1320
13	1196
0	5788
1	1592
78	487
1	427
8	180
0	139
1	115
3	0
10	1
71	696
6	382
2	60
1	38
4	34
0	696
0	78
3	87
0	9
5	0
0	5
1	0
0	15
0	0
2	1
2	0
0	1
0	406
46	265
513	411
4703	1463
3	536
0	0
0	0
2	0
25	219
34	345
0	897
2	1010
7327	1236
3	0
5	362
0	1958
773	2419
0	1836
0	2009
0	0
0	0
0	0
148	32
98	2214
0	2121
4	227
5	1481
0	3
0	1134
54	2
0	0
0	0
0	73
0	73
0	3
1462	0
0	108
10	41
1	16
0	177
35	55
427	177
0	0
0	46
2	130
3	55
0	7
15	17
0	416
13	289
0	380
1	275
21	503
0	134
8	102
1	209
17	236
0	773
0	629
13	641
36	669
14	151
0	298
1	390
0	0
0	0
0	1906
0	1695
105	1342
34	1444
131	1439
26	232
0	210
3	0
7	210
123	1427
162	1546
2	1367
0	0
0	5
999	1697
1	1691
2	1624
6	459
7	3
0	0
279	0
31	615
32	18
0	601
564	0
18	111
0	109
0	36
0	2
0	4
6	7
269	449
5	1
0	0
0	0
0	2
0	1
0	1
0	0
0	2
4	4
1	1
1	4
0	2
0	440
0	448
13	7
0	8
0	12
1	3
0	35
9	5
2595	4294
163	4154
31	854
2	3087
128	3309
0	1886
0	2668
1	4097
18	1784
0	842
0	888
5	1125
0	666
0	809
0	1229
0	0
16	39
76	16
16	22
0	56
3	88
30	489
115	470
570	196
14	922
4	5
3	25
26	1230
4	1161
100	826
0	708
0	885
24	81
0	1292
0	823
0	0
0	1
0	1
0	1
0	1
36	103
1529	299
0	215
0	473
448	309
0	3
0	1
0	0
0	0
1	4
0	1
0	4
0	200
0	191
6	186
0	50
0	12
0	191
1	193
0	0
0	0
0	6
0	6
2	13
0	119
0	0
0	1
850	567
1	559
0	567
2610	2590
0	1155
2	2032
0	2335
0	2462
14	2439
1	197
9	6
187	963
117	953
1	11
7	0
111	1
0	0
0	12
0	45
8	87
11	173
23	5089
9	5701
3	271
1	3
0	55
1	1120
87	2805
79	5804
48	5684
0	5864
6	749
3	381
9	0
5	163
24	188
3	339
0	233
0	180
5	403
32	407
0	229
0	206
26	182
0	10
0	204
0	19
1	31
13	20
0	21
0	13
0	0
2	170
0	0
0	0
172	0
23	564
32	597
3	93
1	1
45	23
1	387
0	117
0	65
0	1
0	0
2	0
3	25
9	20
0	8
0	16
0	24
0	23
45	5334
3	194
0	676
0	4988
3	214
8	675
1	146
0	5329
1	4994
67	580
0	557
0	169
0	120
0	54
12	41
14	31
1	41
3	501
4	10
56	5391
281	6293
146	7145
6	2572
72	5330
0	4318
30	2213
0	2425
0	313
8	481
0	136
0	183
0	142
0	18
0	225
14	2444
24	2361
0	2240
11	2237
250	2085
0	124
0	533
0	346
12	156
0	168
42	68
6	0
0	2333
22	2708
646	0
318	0
0	0
0	0
0	0
30	1456
2	1258
17	977
204	1009
0	116
2	1
0	2
302	0
0	0
20	1
0	1
8	569
0	623
37	225
0	300
0	616
0	864
0	788
6	2
127	0
0	0
0	0
0	0
30	288
0	263
0	288
0	222
0	0
0	0
30	2
0	559
2	223
82	559
0	64
0	62
0	0
129	5295
561	6008
20	760
12	2952
10	5196
48	1787
2	1872
0	5184
1939	1964
26	1341
1	1045
0	0
0	0
0	0
0	0
2	721
0	765
0	34
2	150
4	34
0	10
0	0
1	27
0	508
1	10
2	4
48	701
5	343
0	0
0	0
507	107
5	45
1	21
5	34
2	91
5	91
297	151
0	121
0	29
10	0
1	155
0	131
0	137
29	144
0	133
1	37
0	25
183	397
2	370
1	383
31	473
0	6
0	6
0	6
0	2
0	0
0	0
0	160
0	160
415	26
0	0
0	26
4	3
102	0
11956	128
87	119
12	0
0	0
1	0
0	0
0	0
0	0
203	0
309	373
2	168
2	12
1	63
1	22
0	15
95	926
13	926
0	60
124	1
63	533
0	397
6	237
0	118
20	16
2	70
10	3
120	1640
5	1690
0	264
14	377
1	159
22	128
4	10
20	363
1	45
9	38
0	128
10	100
4	9
0	5
0	4
16	4
1	4
0	4
3	0
1	2
5	17
9	16
2	38
3	16
1	13
1	7
8	0
0	20
47	1980
0	223
0	216
3	18
0	24
0	2012
0	210
2	216
0	428
15	265
50	426
149	389
0	386
3	46
9	12
0	0
22	245
18	185
18	108
0	0
0	0
4	396
1	80
4	400
13	1442
131	1443
0	0
0	0
0	0
1027	165
0	7
0	22
0	135
77	5
1	5
0	0
3	0
0	0
0	1
1	1
425	926
115	920
10	8
8	8
537	1
0	0
3	296
0	0
0	0
0	0
0	0
0	0
0	0
6	142
0	165
0	151
0	128
1	4
2111	554
26	82
1	25
17	121
14	75
0	121
59	299
0	52
4	54
0	17
1	16
0	4
5	18
0	2
162	184
17	184
3457	961
3	959
0	340
0	0
0	0
0	0
0	0
0	0
0	0
258	0
259	422
0	398
0	20
5	3
0	10
0	1434
0	23
113	1
0	0
0	407
0	471
42	471
7	1040
3	142
0	1026
0	684
0	122
0	531
0	2
0	0
0	6
4	827
0	16
0	2
0	166
3	127
8	92
21	637
0	0
0	0
0	4
2	4
1	0
0	1
0	2
2038	1786
0	1803
4	1343
6	878
2	41
2	0
10	1
0	0
0	1
9	0
10	3
0	1
5	2
3	0
3	14
7	89
184	89
0	0
73	0
2	16
1323	1069
1	1084
13	1064
751	89
3	87
0	9
12	7
0	7
59	2314
0	31
192	2338
1	9
0	39
1974	2170
55	821
0	183
9	62
2	69
0	0
0	26
0	26
0	27
2	26
0	26
0	26
0	0
6	27
0	32
1	98
0	14
0	55
2	12
1	39
0	10
0	12
3	171
0	1
28	13
3	142
0	15
0	145
1	26
1	90
2	9
0	0
9	68
0	4
170	139
0	27
0	137
0	19
1	19
0	18
0	20
0	20
2	0
0	0
0	0
153	1
111	1143
0	1141
0	3
8	1143
0	28
258	145
52	93
0	9
0	61
61	292
7	440
1	46
0	0
30	118
0	95
1	5
57	268
5452	952
5	950
5	10735
162	12452
3	10939
0	10809
0	9919
0	6851
6	4304
0	3270
0	2401
1	647
0	61
0	7
1	376
0	1194
5	4
0	2
0	6
14	4
5	0
2	0
0	0
0	0
0	236
145	280
0	41
0	72
0	43
0	3
0	5
0	33
0	32
0	3
1	0
0	0
0	0
0	0
1740	325
0	310
6	80
763	585
0	584
3	24
4	1
1	306
105	171
0	9
40	140
21	96
203	323
28	313
0	68
15	161
21	26
2	11
0	0
0	0
2	6
1	6
0	5
1605	2
1	902
1	898
54	179
71	2
22	865
4767	5
27	55
55	55
0	34
0	3
0	4
0	1
658	459
7	242
1	40
0	269
12	270
8	24
178	15
0	11
1	4
0	11
18	0
29	63
0	12
0	63
257	199
6	171
0	2
145	21
4	12
227	19500
7	14119
5	14287
3	16856
1921	11474
0	2924
1	1218
0	924
39	384
0	5107
1	9
0	1618
0	262
16	0
0	1533
1	0
0	17
92	2871
77	2806
1	15
60	194
10	384
3	316
792	792
0	791
0	760
22	877
0	42
5	10
4	24
0	851
41	1388
1	1388
0	32
3	0
17	10
10	1073
0	218
289	3612
0	3433
7	3674
2	0
5	288
19	227
41	421
7	166
1	17
1	0
29	0
8	5039
9	503
0	297
3	22
7	44
6	125
63	10
0	4983
5	0
0	0
0	0
50	61
9	97
34	285
10	69
329	1414
14	1221
1	170
182	473
53	22
13	102
0	0
0	0
0	0
0	0
0	0
0	0
0	0
0	0
3	82
0	341
34	276
12	42
12	46
0	340
1010	145
6	145
5	134
14	82
0	0
2	0
0	0
42	1081
26	1171
438	1156
0	4
5	17
9459	5141
1	2198
7	1778
0	0
0	0
3	7
0	7
269	0
0	0
2	0
27	1562
1	1439
2	1304
1	269
741	791
0	624
19	706
1	39
0	42
0	90
25	101
0	0
257	2785
2	0
0	424
0	1006
0	386
0	688
1	703
1	685
0	703
0	339
1	0
0	610
20	495
1	1899
0	9
0	9
499	22
33	5
2	18
695	5283
715	4039
75	5309
17	253
0	1
0	1
32	44
22	133
0	449
7	425
27	522
28	70
10	338
6	72
35	70
5	4
2	4
468	4046
12	4061
0	1025
44	517
1	31
5	62
14	63
18	25
14	1237
0	1072
8	1031
0	118
0	95
23	132
2	166
6	171
11	202
9	0
18	275
0	0
0	0
0	700
38	28
0	1
5	28
4	27
0	0
0	0
1	102
0	6
0	9
0	15
0	0
3	0
0	0
0	143
3	164
0	526
0	10
1	52
0	20
0	50
0	65
0	0
0	0
0	0
0	169
31	535
13	510
10	482
3	101
216	236
3	59
559	235
0	171
1	4
36	1065
0	1068
5	993
3	40
1	18
0	0
1	1065
0	0
0	7
2	54
0	0
1	0
91	230
24	225
1	28
11	0
0	12
0	49
14	20
0	14
0	14
0	558
40	324
5	304
3	8
0	75
1	25
38	141
1534	932
0	687
367	148
0	44
1	104
0	28
0	15
56	24
8	7
0	17
0	794
133	787
7	421
29	297
28	303
193	109
0	53
0	48
4	2
0	2
0	26
0	2
1	8
7	0
1	19
2	0
935	438
3	436
24	7
0	26
0	1
0	0
0	26
0	0
6222	1488
53	1205
20	265
102	796
4470	942
32	905
38	955
0	1
1	1
0	1
1	85
0	62
0	73
0	1
0	0
0	1
0	0
12	22
4	106
47	105
10	40
19	0
1292	9832
0	1497
162	8333
4	9443
156	5577
0	608
4	371
0	377
11	327
9	274
184	1
127	26
0	0
0	25
1	22
0	0
0	0
0	0
4	2
0	1
0	1
0	1
0	0
0	0
0	0
1216	38
17	3
0	10
0	24
27	2714
151	2488
1	4
0	1670
2	293
72	674
0	150
0	1
507	675
8	4
2	51
0	43
0	1
0	2577
0	0
0	0
2208	153
1	153
0	0
1277	559
2	65
0	495
0	64
3	0
0	0
0	0
0	0
0	0
0	0
54	1
0	0
0	1
408	19
0	19
1	12
3	12
0	10
0	0
21	66
29	33
0	87
0	445
6	1499
43	18
0	3
2	23
14	1429
133	188
105	188
3	0
8	0
0	1
0	1
183	1335
5399	1547
16	1506
0	219
0	912
1	397
14	246
0	1314
0	0
0	0
0	0
2048	51
0	50
0	0
71	14
0	14
699	3496
50	1244
15	1976
0	1563
7	0
11	1
21	128
3	92
0	80
391	183
1	182
0	0
0	0
57	410
5	382
0	2
1	7
0	38
0	2
0	7
2	3
0	5
0	5
1	0
2	2600
1	580
16	2464
4	2396
1	537
11	420
0	0
6	0
2	144
9	7
0	123
0	1943
11	0
0	0
764	1594
2	1459
3	136
0	3
0	66
0	0
0	66
11	22
18	14
1	2206
0	2229
0	2132
0	1833
2	474
0	1098
0	1565
3	72
6	1001
3	506
0	111
0	1993
0	2129
79	79
4	68
12	1
6	1
1	0
16	826
0	552
17	781
0	552
7	42
0	1
3	0
5	49
1322	2496
61	2452
13	402
0	2
4	3
56	129
2	34
2	3984
0	3901
0	988
0	432
8	129
0	4021
0	0
5	12
3	12
0	6
0	4
0	2
0	0
0	0
0	1
0	1
0	0
89	679
3	341
2	135
19	63
12	281
13	96
0	1
0	1
0	1
0	1
0	0
0	0
0	0
1	0
3	0
1097	87
4	86
0	0
200	8092
2	8092
6	5333
0	435
0	475
5	423
0	3
1	9
17	9
3	26
256	26
3	22
7	0
0	0
0	0
96	420
81	573
95	115
38	324
1539	9266
52	33
0	47
3	5302
260	9140
0	57
22	22
0	0
0	0
0	0
16	66
9	1
6	1
0	66
0	0
18	7
0	7
43	321
12	164
0	156
11	299
3	133
0	30
3	4
0	0
0	0
0	185
0	220
10	238
0	228
1	18
0	0
0	0
0	0
0	0
15	0
0	0
0	10
0	10
0	0
0	10
1	7
0	6
0	454
0	518
0	573
0	606
8	529
0	434
1	368
19	182
3	0
1708	471
25	424
0	236
0	0
0	0
0	0
0	8
0	11
0	10
0	0
0	0
3	6
539	1567
0	1319
4	770
1	1146
8	957
3	137
0	1146
1	0
18	0
0	44
0	7
20	48
0	0
4	0
1	1
9	0
0	0
0	0
1	0
27	1
0	1
0	0
0	0
0	0
0	312
0	313
0	328
0	322
0	305
0	318
0	313
6	11
3	5
0	0
5	20
0	0
0	11
1042	524
50	444
3	506
0	41
0	42
72	49
2	825
5	825
207	825
783	829
4	4
0	6
0	6
0	9
0	6
1	10
0	10
0	6
0	2
0	0
5	0
0	1
0	1
0	0
0	71
103	71
0	0
0	9
0	1
1	7
0	9
0	9
0	0
3	1
0	1
1	0
0	0
0	0
0	0
0	0
0	0
16	331
0	6
1	28
0	331
86	370
0	371
2	1
0	0
47	6239
6	2205
5	39
0	80
80	4051
864	0
8	415
73	415
5	99
0	52
0	127
0	76
0	20
0	36
1	0
0	1481
0	1483
49	1647
0	1278
0	50
18	1344
0	1442
0	6
1	1353
2	934
0	6
10	35
0	243
0	1478
670	0
0	2
0	2
0	0
0	0
1510	179
2	0
3	179
268	3695
64	3725
3	3187
59	3115
28	6
5	21
8	195
2	289
2	5
1	1099
1591	2030
108	1535
46	1757
6	222
2	91
0	0
0	0
0	0
0	0
0	0
0	0
2	509
5	15
0	509
130	0
1	0
2985	20
0	2
3	16
6	1
840	83
0	83
534	64
0	57
0	4
0	8
2	69
0	69
2	67
1	30
0	640
0	348
2	259
3	7
3	20
1	0
29	640
10	2112
2	1938
16	2133
0	291
0	135
0	909
15	1866
4	127
31	5
0	306
100	753
3	342
0	0
3	230
1	230
0	230
3	0
1	0
0	6
0	8
1	272
25	3336
4	0
5	3272
0	102
0	95
1	67
4	94
0	17
0	65
338	2059
18	7
41	258
6	1097
45	65
0	854
0	1887
0	0
0	0
0	0
0	0
0	0
0	0
0	0
0	0
0	0
0	0
474	90
2	90
0	0
3	0
18	311
20	305
0	66
3	120
37	67
3	11
3	56
45	138
0	135
2	72
4	59
0	48
0	51
0	12
0	3
0	9
3	146
1	43
0	39
8	40
0	6
0	0
0	0
0	0
0	5
0	6
0	4
0	1
0	0
0	0
0	5
0	1
0	5
0	0
0	17
0	17
0	0
0	0
0	6
0	6
0	6
0	6
0	616
6	640
0	546
2	38
13	477
1	0
976	3
3	1
402	3225
75	427
39	225
488	2602
3	344
4	627
0	58
1	118
1386	2391
5	2269
9	144
2	775
30	4
19	139
1093	672
0	131
22	345
4	216
4	2
1058	949
3	949
49	1078
22	975
1	120
0	1
0	1
0	14
0	0
0	0
0	0
0	0
2	5
0	6
1	6
1556	425
32	171
0	259
3	26
105	7
0	7
13	0
0	16
1	15
0	5
0	3
288	263
0	30
21	223
2	102
1	2
0	1
0	2
141	1
5	1
0	587
1	586
10	91
0	14
7	243
11	397
0	125
1	29
8	0
109	16
0	25
3	397
1227	715
0	0
0	322
3	0
4	5
552	645
0	0
0	0
6	747
0	10
0	0
31	737
3	11
0	240
0	89
1	335
10	598
36	598
1	9
9	26
265	1567
148	1311
1	259
11	200
0	311
22	307
0	148
4	66
2	23
6	36
1147	649
3	76
3	307
3	155
1	146
0	0
108	1979
0	0
9	1936
0	190
3	3
52	1215
142	2399
1	1203
0	1
0	7
0	4
0	6
0	9
0	5
0	1
0	0
0	0
0	5
0	1
0	2
0	5
3	2
405	5521
13	293
23	1681
13	743
4	4529
3	1553
0	352
7	7
223	81
4	81
0	0
0	0
0	0
0	0
1	0
0	0
0	0
0	0
554	623
8	405
2	34
1	0
0	53
0	0
0	9
1	2726
7	822
0	90
0	65
0	248
2	2737
17	2792
50	90
2	96
3317	273
1	181
5	90
482	7
14	7
0	636
0	617
2	17
0	29
0	20
20	646
15	0
13	25
0	29
22	75
19	123
2	291
4	317
8	144
18	87
16	139
1	14
1	25
0	171
12	64
20	63
0	0
0	0
0	0
0	0
31	633
23	1629
0	17
32	28
4	66
0	5
0	40
3	45
10	671
997	78
42	4
25	67
0	1175
43	1195
1	796
789	0
0	0
0	0
3	3
25	1166
6	3
11	117
1	1
3	1
0	1
0	1140
0	0
3	1159
20	69
7	102
1	256
42	151
0	1169
0	0
0	0
0	0
54	207
14	146
1	0
10	0
54	168
11	16
0	21
0	24
0	5
0	2
3	1
1391	989
28	542
0	295
1	225
4	24
2	99
11	202
25	0
0	202
16	215
6	421
24	23
0	141
4	41
0	2
0	0
1	0
4	94
0	29
1	30
0	68
0	36
0	10
0	425
1638	141
25	137
0	498
4	713
0	1112
13	79
0	698
0	712
2	44
1	3
0	43
3	123
0	0
0	0
0	0
0	0
86	959
0	1604
0	1835
3	1908
3	70
4	184
0	392
0	176
0	118
1	9
39	226
1	192
0	15
0	5
0	2
0	24
3	20
0	11
10	0
0	0
156	36
2	9
6	2
20	28
7	333
0	279
0	383
0	254
2	309
2	97
1	78
1	68
0	321
0	26
13	89
0	63
10	44
2	49
4	0
431	85
0	17
2	47
2	20
0	22
5	74
2	10
2	4
28	52
5	2
130	1976
26	1976
1629	453
5	453
0	0
0	0
354	197
11	197
568	307
5	258
120	320
2	14
37	120
13	120
1	120
0	3436
0	291
1	79
5	34
0	3450
170	298
0	298
1	7
1	23
2	47
8	10
0	2
0	1
0	0
446	1483
42	1389
0	253
109	451
2	0
0	10980
2024	12797
29	12821
32	493
6	14
0	14
0	1
0	2
8	4
448	0
1	76
3	128
0	129
0	111
0	49
1	119
0	11
0	6
0	123
0	76
1264	1128
27	307
62	2
3	817
0	14
0	0
0	543
0	545
1	544
22	545
13	351
1	13
0	1
0	2
2	0
0	50
624	961
0	990
29	453
0	36
41	102
4	95
3	59
0	86
2	1
0	22
0	0
3	61
4	86
1333	51
349	0
21	560
3	125
0	258
0	23
3	507
1	407
9	506
0	19
0	110
1	58
0	113
0	10
0	912
3891	4804
4	2037
20	1644
0	2517
0	66
1	20
0	5
0	47
13	287
0	287
11	435
745	845
3	616
0	469
0	421
1	62
11	105
3	101
1	728
4	728
1	1
0	257
72	218
5	90
9	5
153	0
3	2
0	2
0	0
2	0
0	0
0	1
0	0
0	0
0	0
0	0
0	0
891	702
2	274
8	102
5	31
8	8
25	1
26	3653
2	3626
43	3235
27	41
3	0
0	3653
1	492
277	1954
1	490
2	1705
137	1709
6	0
38	389
0	389
0	0
0	0
79	65
7	65
0	963
0	450
0	48
41	963
0	129
0	140
0	140
0	1
2	12
0	0
2	5
0	0
8	583
23	568
0	186
3494	4
29	3
0	3
243	180
12	0
1	181
20	131
0	2
66	385
6	349
11	92
2	64
1923	414
2	148
1	266
48	575
95	82
77	272
0	23
0	563
723	12
2	12
108	695
22	667
0	57
6	473
0	2
17	0
7	1108
18	0
0	0
55442	21
10	3595
440	3946
2	3462
0	1141
0	814
2	14
0	14
1	14
0	3
0	1
0	0
0	2
0	0
0	0
0	0
16	33
0	296
1303	306
0	9
3	187
6	46
1	143
0	51
0	10
2	100
0	3
0	4
3	14
0	4
2	1
0	2
0	145
0	53
854	0
0	1
0	631
1	1079
1	1051
46	132
1	270
0	290
440	1085
38	1306
4	499
5	302
3	162
19	408
2	6
3	0
2	0
0	185
883	0
210	122
0	121
0	122
69	16
0	0
0	0
0	0
0	0
0	0
0	0
0	0
0	0
0	0
0	0
49	761
2	761
0	46
1	20
0	14
0	6
0	2
1	0
0	0
2	141
1	42
2	124
0	8
0	0
13	117
0	1
0	205
0	1
0	1
0	0
0	0
0	3
0	3
1	1
0	0
1	37
0	37
2	205
0	4
0	0
1213	2000
3601	1789
4	816
1	165
487	2
0	6
0	5
0	3
0	0
0	0
0	8
0	152
0	209
29	260
11	152
0	0
0	0
0	233
0	241
0	20
6	20
33	965
3	780
0	244
2	258
0	7
7	337
1	115
11	263
5	270
67	302
0	288
0	26
65	0
0	0
0	0
0	0
0	0
1	0
0	0
0	0
86	125
3	114
1	91
0	82
0	0
259	154
0	1
0	25
0	152
0	0
0	0
0	0
1	71
0	126
16	16
1	3
2	24
1	20
103	0
0	0
0	0
759	1
153	31
0	31
0	0
57	1565
0	2696
86	16
0	6
0	1
8	10
49	1246
20	670
334	813
0	185
35	0
0	823
0	820
0	822
0	823
0	337
0	340
0	871
27	871
1	170
0	9
1	0
2	0
127	295
4	291
12	107
1	6
0	0
0	0
0	0
19	45
0	55
1699	343
5	296
1	3
0	3
1	1
0	339
4	324
17	214
0	333
0	43
0	294
0	279
10	219
0	0
1	0
0	14
4	31
10	0
4063	1603
3	802
21	798
1	511
0	620
5	110
0	98
0	24
10	434
0	350
0	0
6	16
1628	178
2	106
0	21
36	0
0	35
1	16
0	0
0	0
0	0
0	0
485	1819
11	810
739	1832
0	48
4	1214
22	720
0	53
0	50
0	14
0	40
0	54
1	49
0	7
4	6
1	6
0	10
0	9
0	2
0	0
1	1
0	204
2286	205
9	155
0	101
1	44
21	234
0	194
1	106
5	65
1	61
3	48
5	7
19	14
0	196
2	7
0	0
2	7
9	3118
97	3250
0	2577
20	64
31	391
90	851
1	141
6	156
1	6
0	2574
408	745
7	1
18	124
3	20
0	537
5	472
5	365
68	594
1	536
2	188
0	139
36	594
0	0
0	178
13	11
5	11
16	91
2	2
0	7
0	3
0	0
3	3
3005	14812
4	9342
5	14172
11	3399
9	10
112	107
0	60
38	73
0	60
756	2150
5	1166
0	2150
0	0
0	0
0	0
1	0
0	0
2	3101
2	1758
20	3115
1578	8208
7	1148
0	7811
8	999
0	2711
14	2883
0	1525
0	10
2	203
17	0
0	0
0	0
0	0
0	0
0	0
0	0
0	0
0	0
1	0
0	594
2	591
1	587
1	623
0	82
2	291
0	11
29	141
1	5
0	40
1940	0
0	0
1129	546
9	51
10	8
0	494
1	0
0	0
3	374
11	343
14	296
0	352
0	342
1	331
0	435
0	436
5	32
2	9
0	1
8	7
8	39
33	4
0	0
0	0
83	0
159	91
0	0
0	0
0	130
0	127
22	58
0	61
5	2
0	6
0	127
1	45
1	93
1	22
0	54
6	5
80	145
6	30
0	62
0	0
0	0
0	2318
0	2290
0	1165
0	20
1	2426
3	415
0	2412
0	2427
9	2564
21	157
10	2239
0	1017
0	1311
0	9
1	265
0	59
5	7
0	781
363	3526
10	613
0	1000
1	258
3474	8057
309	7690
16	830
8	1488
479	1592
0	71
1	61
2	71
1	28
0	28
0	3
1	6
1	0
0	0
1602	493
0	133
0	437
0	1
1776	1431
7	1348
135	1378
3	1175
0	996
0	1015
1	500
2	196
34	99
0	8
0	70
0	46
0	0
1	76
4	14
1	0
0	0
0	0
0	0
28	36
0	1793
17	1848
46	1145
0	1363
4	1518
20	1283
0	1563
0	280
8	1829
0	0
518	771
54	770
6	152
0	0
0	0
0	0
17	0
0	0
327	109
0	95
0	0
2	21
0	19
0	1
0	0
9	204
0	23
0	204
431	396
0	229
0	282
0	204
0	82
39	3352
1	3250
37	1765
6	0
3	17
0	97
0	215
1483	3322
3097	2536
0	97
0	1425
7	463
54	50
5	35
0	0
6	1105
0	135
0	1474
0	1604
6	352
0	372
0	326
0	0
0	0
40	836
0	1553
0	1479
0	425
0	1384
18	1291
10	19
116	151
0	1384
0	1228
90	26
1	25
0	1
2	0
1	0
0	1
0	0
28	0
56	181
0	142
3	58
2216	217
14	21
42	105
64	195
1	2
9	3
1	2
0	0
0	66
0	0
0	0
0	0
0	0
0	0
0	0
0	0
28	0
0	199
15	124
0	92
0	199
13	6
0	2
0	2
1	6
0	2
0	2
0	1
135	177
0	72
8	105
590	258
1	11
0	247
49	2
1	10
6	5
1	5
0	1
0	1
37	589
27	589
0	19
0	4
0	49
0	2
99	477
0	2600
3	1068
5	996
0	51
1	243
1	1534
1	2340
1	2425
1	0
1	1041
0	475
0	1909
0	1890
0	1964
0	1953
0	1879
0	1983
0	1957
0	1875
0	1886
0	51
0	1874
0	1892
0	1830
0	2124
0	2041
0	158
2	0
1	1546
0	3
9	1
13	0
0	2321
0	2218
41	2194
2	1899
0	146
0	403
92	992
17	327
254	54
10	117
21	403
3	489
0	174
0	198
0	173
0	206
0	90
3	86
80	306
7	263
4	10
0	3
12	5
4	90
0	276
2	0
0	0
0	0
0	0
0	0
380	261
0	121
0	0
1	98
0	49
24	7
132	3080
14	624
0	3466
9	3323
8	1085
0	1027
4	1043
0	191
0	2
0	2
0	9
4	16
7	117
3	117
3	26
10	4628
22	1960
0	3836
0	662
260	4194
0	2644
21	3158
8	303
3	24
8	495
377	1
4	550
0	4628
19	659
2	540
0	199
46	702
3	73
5	1
62	0
5	434
2	0
58	20
0	20
0	12
5	12
0	0
0	0
0	9
2	7
2	4
0	1
0	0
2	0
0	0
93	37
1	4
0	33
0	0
0	6
2	176
258	176
0	81
0	19
0	78
3	81
0	78
0	77
81	15229
4653	15613
0	11725
0	4853
1	4704
0	3236
0	1306
17	1898
34	2277
3	533
4	1020
0	0
0	170
0	0
0	2
0	2
0	2
0	2
362	1172
33	1113
0	521
0	470
8	3
7	534
0	25
7	81
2	31
0	2
0	1
0	1
0	0
1	1
0	0
65	31
0	21
1	8
3	1
0	3
1	3
0	517
0	1
4	43
2	29
1	9
0	47
5	50
5	22
7	8
15	20
0	517
4	0
251	1756
17	927
2	432
0	1400
0	1459
0	2
0	2
58	670
37	677
16	823
0	148
0	2
0	0
0	6
14	41
0	6
6	4
0	2
0	8
1	0
0	12
0	26
0	18
0	29
0	0
30	2
0	793
1138	794
5	0
0	303
0	977
0	709
0	11
0	718
0	690
2	22
1	76
3	55
287	125
0	0
1	125
0	0
0	0
67	745
0	0
0	0
2	0
0	0
0	0
2	15
0	15
1	14
0	14
0	0
0	15
1	5
1	68
59	68
4	6
0	278
0	64
22	19
0	9
0	28
0	278
22	0
33	4712
32	4789
81	4653
0	328
65	196
8	196
25	138
0	4704
0	20
7882	1069
61	783
1	0
22	0
6	0
0	0
0	0
1	0
0	0
0	0
0	0
0	0
0	0
0	0
0	2
1	4
0	2
0	2
0	0
0	0
0	0
1	0
0	0
0	0
3	0
0	0
26	426
10	415
2	336
0	33
2	29
2	39
0	40
5	4
0	0
32	0
0	0
66	421
0	1022
75	1001
1	6
77	1
2	0
0	546
20	71
8	45
2	6
1	7
18	953
30	951
9	898
4	55
0	100
9	662
4	19
0	32
1	0
10	172
311	2367
23	2066
1	9
2	889
2	54
0	1023
8	381
1	869
0	24
0	63
4	762
11	31
2	31
0	31
0	5
0	0
0	0
0	0
0	0
288	968
0	961
0	968
29	1078
10	251
35	840
0	2
8	843
0	1522
1505	1523
9	6
1	181
0	30
5111	38
14	364
411	297
4	241
8	375
4	237
4	108
6	144
8	536
5	200
3	342
5	178
0	188
26	27
10	264
1	218
0	27
1	313
5	2
1	58
1	16
0	21
203	33
0	0
23742	21
10	4
0	302
1106	2814
175	2632
4	2
2	332
4	330
1549	0
671	372
3	126
0	176
0	176
16	31
14	114
12	54
2	14
0	0
0	0
0	0
0	39
14	47
1	42
0	5
0	9
2	1125
1	1148
0	1254
3	1158
2	974
90	173
15	69
10	1147
17	29
7	29
0	5
0	2
0	7
0	9
0	5
0	4
6	127
1	127
11	69
0	44
4	218
0	218
1	219
0	65
0	26
1	220
456	0
102	881
0	749
2	304
0	41
0	1247
31	521
25	1807
2	243
0	138
68	171
0	0
0	87
6	34
0	17
1	15
0	6
2	442
262	7904
0	9904
914	12775
10	1004
71	10755
5	860
1	845
0	11032
2	172
36	8717
0	6066
0	1766
12	10
4	1311
12	63
31	59
2	892
7	188
4	188
0	6
0	8
0	3
0	4
2	7
1	5
1	5
4	15
2	117
2	59
1661	2
0	0
0	0
0	0
330	0
0	4
3	4
0	670
0	23
0	118
0	0
0	170
0	8
3	155
17	76
2	0
0	0
4	41
93	32
0	96
0	2
216	2
0	6889
53	6118
14	1359
114	5950
14	4411
0	670
0	5344
2	335
0	220
11	63
0	0
23	37
348	1936
27	1282
1	380
287	532
0	322
0	125
0	0
1	53
1	114
6	90
0	133
57	146
1	36
0	14
1267	453
7	49
4	163
0	9
18	119
97	0
1155	1
154	0
1	143
6	143
0	6
0	3
0	23
0	30
4	19
1	11
1	37
0	367
304	383
4	20
8	94
0	90
0	157
0	157
0	157
0	157
0	187
0	157
0	157
0	152
0	122
1	93
0	26
0	61
754	532
1	68
2	532
1106	1883
15	1250
12	7
4	88
0	337
26	4
175	0
4971	8
3	412
23	334
71	197
11	213
26	54
5	53
1	54
0	11
0	0
12	47
0	54
0	27
0	22
0	53
0	0
0	0
0	0
4	1213
22	735
1	211
0	655
17	62
0	1171
5058	37
8	10
203	0
2000	1159
65	1023
22	121
6	64
1	0
20	26
1	171
0	0
0	0
0	0
25	1077
27	1041
0	367
0	80
0	3
14	249
0	136
1	152
0	746
0	0
0	0
6	103
609	161
0	11
21	89
52	34
0	0
0	0
19	92
0	23
0	0
4	76
0	21
0	2
0	2
0	0
516	1355
234	727
10	769
0	321
21	756
0	3
1	135
0	44
2	331
0	679
0	1214
868	4143
6	3334
0	2187
0	361
7	17
553	5530
4	5406
0	2547
0	92
6	908
0	69
1	1
1702	3
534	1
0	0
1	291
1	828
18	46
69	159
53	420
28	15
39	537
2	77
1	114
21	4
1	43
3	9
13	36
5	49
12	78
5	54
0	54
0	3
7	3767
412	3768
5	296
0	0
0	0
4	0
0	0
0	0
0	0
0	0
0	0
0	0
0	0
3	2150
156	2272
0	1378
2	341
1	38
12	507
0	537
12	467
14	699
56	124
0	114
3	134
0	0
0	0
0	0
0	0
0	1
0	1
0	0
0	0
0	0
0	1780
4	235
0	1277
0	0
0	22
0	285
9	1644
0	1167
1	1560
14	1152
0	1060
0	0
3	19
1	42
4	2
2	150
0	140
0	13
50	3
1	3
0	0
0	0
0	0
0	0
8	144
38	38
6	132
2	0
0	110
1	0
0	3
782	0
0	0
0	0
0	0
0	0
342	30
4	29
5	9
2	0
0	11962
0	13125
0	243
0	2306
9	583
20	250
0	628
113	977
2	640
0	609
67	298
53	0
613	3090
0	16
4	579
5	2613
0	1857
0	223
0	754
8	221
18	51
2	530
2	2
5	0
0	0
2	156
1	60
9	170
2	124
18	85
0	137
44	258
16	371
1	32
48	2866
162	2569
4	2574
0	30
5	0
0	0
1	27
3	273
188	271
0	24
3408	652
0	251
0	137
19	264
11	17
0	183
83	7129
28	6929
195	5695
85	2527
7	807
7	18
9	1358
31	526
20	13
0	7117
2	2
0	2
0	0
0	0
493	323
4	21
0	160
0	0
14	143
0	2
0	14
3	15
0	0
0	776
0	298
6	4097
3	1893
1128	4088
19	406
0	1673
8	3477
4	1401
0	2945
1	4991
330	1958
0	0
1	62
8	405
2	12
7	4892
49	31
2	0
151	468
205	1769
0	331
16	521
2	0
260	989
1	515
7	145
1	120
2	73
0	129
0	301
3	126
12	126
5	868
1	799
31	507
13	361
10	55
1	25
38	176
4	1319
1	2031
32	806
1	1960
9	1888
0	1637
0	1612
1	1268
0	1476
16	18
3	24
58	1084
1	957
0	31
0	67
0	105
0	191
0	0
0	12
0	12
4	2
55	65
363	8649
142	8690
8	8686
0	2170
61	44
2	501
0	219
0	108
10	8
0	104
5	83
1	3
0	5
1	0
0	0
0	0
0	0
0	1
0	1
70	640
56	640
16	575
53	1380
0	191
1	688
1	509
20	563
1	41
2	38
0	6
0	2
0	6
1555	1754
0	1690
2	39
0	1770
227	1575
773	130
0	123
1	7
58	154
32	1613
19	37
14	12
0	1459
18	275
0	0
1	394
5	201
39	748
0	748
4	1404
282	1404
2	50
54	2708
6	3751
36	889
7	2384
4	1833
75	3
1197	4226
0	4148
3	1912
3	1629
21	45
16	9
0	621
0	99
0	525
0	395
0	305
0	26
0	526
0	411
1	697
121	697
2	3631
7	1195
30	628
4	148
0	118
5	549
1	1
0	3631
3	0
2	53
0	50
0	24
0	38
0	31
0	0
595	0
0	0
0	9
0	9
0	0
0	41
11	909
10	944
982	939
0	929
14	84
16	90
13	147
0	929
0	3
0	3
0	4
0	3
0	3
0	3
0	3
1	0
29	48
0	48
0	38
1	38
0	561
199	75
38	74
9	63
1	3
1004	0
0	0
0	0
0	0
0	0
388	87
559	298
71	212
0	1
10	85
4433	575
5	38
0	269
0	267
369	1217
0	354
0	18
0	1204
17164	431
15	415
0	75
0	42
3	0
0	62
1	29
0	0
0	292
0	283
6	190
58	279
56	212
0	292
0	0
0	0
0	0
0	0
0	0
96	3708
120	5481
26	6042
1202	5850
0	413
879	3180
25	273
144	620
7	54
2	154
12	177
0	9
9	172
5	378
0	68
26	263
4	157
0	123
119	98
186	891
24	862
7	317
25	363
3	37
9	299
11	125
0	45
332	175
1	1
0	174
0	0
0	0
657	2625
5	2625
0	478
1	39
1	2212
4	2586
0	3083
87	3083
1	1634
43	1301
0	0
1	0
2	66
1	444
0	3018
0	0
0	0
0	0
0	15
0	9
3	14
0	5
1	5
0	0
0	0
5	2201
27	42
40	1474
4	1231
2	1087
0	1530
0	106
5	0
0	27
12	831
3	43
0	127
0	110
0	82
0	0
0	2201
0	1484
0	1476
177	735
0	591
13	14
0	72
0	173
0	527
0	332
0	393
1	428
68	43
3	3
0	92
0	0
33	45
0	27
1	20
0	21
0	25
0	9
1	3
0	9
0	17
0	2
0	0
11	186
0	186
0	169
1	169
0	203
2	25
0	5
0	2
2	0
0	203
2	0
4	19
1	19
0	6
0	17
13	639
15	755
0	965
47	1077
9	162
1	60
0	501
4	1005
203	1077
0	119
0	502
8	91
38	5
5	769
0	163
4	22
0	0
269	385
0	385
0	64
0	14
0	0
0	0
1	24
0	24
0	10
0	24
0	0
0	25
4	31
0	21
0	30
166	16
0	0
0	1
0	15
0	0
1114	1647
2	38
251	1646
1207	1981
43	14
0	1981
176	227
14	36
1	151
0	132
21	82
24	0
118	1165
4	1356
3	985
0	893
0	972
0	1014
0	906
0	481
3	0
0	783
0	155
2	0
6	489
0	19
0	398
0	0
0	1
0	0
0	67
6	69
7	67
0	6
363	536
6	6
2	150
4	0
518	171
3	105
7	93
0	126
401	339
0	11
0	7
2	74
0	1
5	233
3	0
297	368
0	59
1	73
2	4
0	7
0	9
0	190
5	190
0	151
1	9
16	0
20	1
0	1
8	80
0	81
7	7
1	1
3	0
0	64
86	51
4	25
2	52
6	22
2	1
0	0
0	0
0	51
0	60
0	35
0	66
0	13
0	41
0	6
11	34
0	37
0	6
0	2
0	14
0	0
0	0
0	0
184	472
2	472
0	35
0	3
0	14
2	0
0	0
2164	1147
1	375
7	284
0	9
22	0
7	134
10	179
0	546
1	288
0	331
5	0
0	113
0	114
0	25
0	3
5	25
0	3
2	106
1	77
12	121
17	161
0	23
0	63
26	12
3	102
42	421
1	48
0	67
20	398
69	61
0	30
0	379
0	380
1841	720
2	573
12	561
0	0
5	95
5	10
0	8
149	362
3	284
9	65
0	65
30923	2966
17	526
28	2416
42	0
9107	1130
2	1126
2	8
1	5
0	13
214	0
5	49
0	6
0	1
0	2
0	5
0	6
0	8
0	6
0	11
15	1
0	8
0	49
334	51
24	69
0	63
0	0
178	1358
0	1355
9	1148
14	1121
0	975
7	121
0	457
0	132
9	54
0	47
1	0
0	9
0	9
712	822
6	531
14	67
0	780
0	37
50	1202
96	1202
4	8
0	22
0	22
5	24
2	7
0	1
4	0
6	739
1	16
1	16
57	739
1	521
122	389
0	35
128	106
0	350
14	0
0	80
0	57
6	129
1	992
0	657
24	946
0	1000
12	616
0	519
27	7
0	32
34	6
2	256
31	71
92	1
0	90
2	5
0	5
4	77
0	986
0	0
0	0
0	0
7378	711
23	405
2	353
0	155
15	308
132	328
0	58
0	174
0	276
0	39
1	62
0	64
3	57
0	0
8	0
0	89
0	33
0	83
0	79
0	79
0	83
0	5
0	1
0	0
0	7
0	2
0	0
0	1
0	0
0	0
654	933
34	941
30	662
2	0
768	1134
5	1108
3	498
0	294
1	187
0	225
1	0
0	2
0	2
22	10
1028	3934
3424	3933
53	409
4	571
939	573
4	122
0	12
106	122
26	12584
54	12474
8	12523
0	173
25	207
0	584
0	0
0	0
3	810
9	735
42	223
0	30
8	99
13	0
1868	2
3	441
0	229
1	424
282	529
1	517
0	354
9	0
4	66
20	32
9	10
182	255
0	255
36	129
1	0
0	0
0	1076
0	1175
6	1163
0	968
0	99
1	165
0	53
7	109
0	97
2	4
1	7
0	0
0	112
486	85
0	0
5	84
2	59
384	592
17	555
0	51
0	43
0	12
2	81
0	253
1	0
0	0
0	0
1	0
0	0
0	0
38	10478
0	10654
10	9388
0	10501
0	8911
0	11021
6	9285
0	1969
3	3551
0	1283
2	2024
0	979
20	4
1	13
0	614
0	3006
1	1478
14	1701
0	2938
2	628
1	2536
9	1027
0	908
0	365
1	1868
1	284
3	35
2	1151
1	310
2	1050
4	1138
55	469
48	429
0	5
10	0
19	1676
7	1678
122	1541
111	348
0	144
113	1940
1	228
1	0
0	0
0	14
1006	1045
3	74
0	50
0	80
50	46
3106	112
1	109
2036	307
1	307
1	0
2	1038
7	661
4	447
0	496
7	179
0	416
0	177
0	819
2	36
7	78
0	882
147	2287
0	150
11	1446
27	2258
0	2
0	4
0	2
0	4
0	5
0	5
0	3
1	21
249	152
1	131
48	26
17	13
87	20
0	256
12	226
4	234
0	237
0	45
7	238
0	11
109	0
0	0
0	0
0	0
0	0
0	0
0	0
0	0
0	0
0	0
0	0
0	0
0	0
0	0
0	0
0	0
0	0
0	0
0	0
0	0
0	0
150	53
0	23
0	14
0	29
783	1037
0	820
3	38
1	28
3	1
0	3
6	13
0	9
10	217
5	334
5	5
11	329
5	1965
11	2640
2013	5539
133	3489
48	422
0	70
0	0
0	0
1	35
2	44
4	73
0	64
10	41
2	65
2	0
1	8
0	2
0	2
0	1
0	0
0	0
69	2
0	0
4	2
0	1
1631	2
0	0
1686	1537
0	654
30	1054
0	26
0	0
7	0
0	0
0	0
0	0
0	0
0	0
0	35
397	36
1005	272
0	172
0	38
0	11
1	80
3	70
4	38
1	0
0	29
874	51
3	51
124	97
0	789
0	4
1757	1433
0	999
0	1358
160	1624
11	468
8	832
19	0
69	0
4	69
6	76
1	76
1	70
0	11
0	53
0	0
801	440
0	440
0	0
285	3
0	0
35	3
1	1750
1	31
0	1944
0	2599
8	4
54	2918
0	2068
3	0
0	243
0	1218
4	1162
0	226
12	131
7	188
4	193
4	119
0	4
0	4
0	9
1	9
1	4
0	2
0	2
2	0
0	0
5	0
0	0
0	0
129	336
5	336
109	49
3	32
4	32
0	11
0	0
0	2
0	2
0	2
0	2
0	2
0	2
0	2
0	0
0	2
0	2
0	0
0	2
0	2
0	2
0	2
0	2
0	2
0	2
0	2
0	2
0	2
0	0
0	2
0	2
0	2
0	2
0	2
16	807
69	72
4	1
87	668
0	22
76	843
1	42
0	679
2	404
0	305
22	41
2	134
34	461
75	475
6	40
2	40
1	0
0	0
0	0
8	1868
3	893
38	631
0	1062
0	59
46	1065
0	22
3	811
0	93
0	0
0	0
0	0
0	0
275	1578
2	799
9	485
6	803
0	162
0	23
30	153
0	63
3	0
0	153
0	0
0	0
0	0
0	0
0	0
322	0
0	431
0	25
1	0
0	0
0	24
0	433
0	0
197	58
1	22
3	48
1	0
0	0
330	4063
0	1119
19	3822
0	3667
85	1642
18	3451
64	2964
102	2523
0	525
35	378
11	367
26	1077
119	73
384	0
24	625
81	16
3	22
1727	457
5	324
0	34
6	131
3	0
149	282
0	281
0	0
736	77
0	7
1	69
11	6
912	12
0	2
4	8
27	2
0	0
2231	374
0	0
18	194
1	63
4	18
178	1
0	7
1	5
0	2
3565	393
10	38
3	209
0	237
0	199
29	57
6	186
128	0
22	19
12	42
215	368
3	0
0	0
0	0
2	14
7	287
1	70
1	0
0	0
0	0
42	1057
63	1043
0	453
5	494
0	813
494	46
0	46
253	2701
0	1009
3	2547
0	2010
0	2111
0	410
3	10
0	175
0	99
0	361
0	519
17	542
3	396
26	279
0	0
0	1
0	0
2	0
14	0
0	0
0	0
0	0
0	0
2	3152
0	154
21	1557
0	0
0	11
17	14
2196	5003
1	515
0	2506
20	5755
4	4614
18	2398
18	4534
1	5563
23	5556
0	296
3	294
5	2
0	4824
0	5786
0	3088
1	1753
3	170
3	6
39	184
14	2672
0	4729
34	4638
0	78
3	72
1	536
0	4656
0	361
175	74
2	73
3	67
0	0
0	0
0	0
0	0
6	0
3	1287
2041	2128
1	561
0	1267
727	590
33	597
2	102
15	48
2	7
0	1
0	0
1	1
0	1
0	0
0	0
1217	2414
0	134
5	149
4	396
6	70
0	743
22	201
15	241
13	1053
0	564
4	11895
61	1046
0	7304
74	8125
0	8189
3	11418
0	208
0	267
0	281
0	360
2	1477
0	1110
1	407
17	381
15	9177
4	3219
0	1091
0	10393
60	249
0	249
4	37
0	37
156	3187
851	3419
11	3126
137	2821
1	339
0	425
0	683
10	421
0	0
67	5204
118	875
2	808
30	4710
0	0
665	0
0	0
0	0
0	0
1	153
1	97
369	457
9	454
0	88
0	82
174	155
7	155
22	70
344	21
7	20
0	0
0	0
0	4
0	4
1	49
2	2
0	1
2	1
0	49
5	1598
66	1597
1	1602
0	97
0	32
0	9
0	1551
0	1095
29	220
2	214
0	201
20	313
9	90
0	114
11	5
9	27
4	81
0	67
0	43
0	4
22	0
0	221
0	131
12	577
59	570
115	453
2	499
3	149
2	332
6	330
276	806
1	601
34	286
0	234
0	160
5	116
403	152
0	56
9	96
0	32
2	69
15	60
0	77
57	102
0	102
0	52
4	0
4	3199
156	300
5	156
243	407
2	72
0	109
1	45
3	186
0	58
0	58
10	59
19	58
0	25
3	1
0	0
0	0
2	0
0	4
0	4
0	4
1	552
20	564
12	467
0	7
34	17
6	9
2	348
0	385
38	219
1	18
0	1341
0	16
0	13
10	1360
0	18
39	709
0	1195
0	1
346	494
4	0
1	206
0	226
0	11
0	16
0	2020
100	2108
0	477
2	259
0	2009
1	0
1216	336
2	47
0	80
2	4
0	208
1330	1995
1466	673
5	669
0	1818
0	225
0	1818
26	0
0	5295
222	4336
17	2
8	2453
3	1309
16	69
0	5295
1085	1069
0	1048
3	233
11	121
2	195
0	19
23	16
0	0
21	6
3	0
4018	59
109	54
0	1
29	4
0	0
0	2
0	0
135	11
67	116
23	691
20	9
4	2
3	93
1	2
14	9
2	7
18	973
726	2422
25	16
2	1462
0	0
0	0
169	2996
13	2965
0	52
0	63
0	34
0	4
256	1319
0	765
18	452
0	720
0	628
32	0
89	668
33	635
6	361
0	344
17	425
0	17
19	15896
247	17636
3	2117
1	11
0	2904
3	2156
1	1860
24	671
6	4885
27	1
8	1772
0	272
2	635
9	519
43	65
3	94
0	74
0	382
0	0
1676	0
3	790
1	660
0	332
0	20
0	58
0	201
2	207
4	280
5	319
0	6
13	85
1	0
0	0
0	0
0	0
0	0
0	0
0	0
0	0
0	0
0	0
0	0
339	112
2014	2433
0	38
1095	97
0	11
96	12
0	0
2	571
37	1662
0	12
0	0
10	56
102	2
9	285
1	39
26	5
1	327
35	8
0	0
0	0
0	0
0	0
0	0
3818	916
1	387
29	64
2	290
132	297
3	88
92	20
10	15
0	1
0	15
0	11
0	4
0	3
0	0
18	1526
7	1404
22	0
0	1208
77	123
8	5
9	157
5	146
21	108
0	5
0	0
0	0
0	0
0	0
88	14
0	14
30	545
1	545
3	68
0	70
1	70
1	75
4	63
0	18
26	5
0	5
0	226
229	233
0	19
3	12
0	199
0	89
2	79
3	1
0	199
9	0
0	0
0	0
0	115
37	197
1	22
0	210
6	165
1	264
0	5
2	661
0	247
1	80
3	459
0	77
0	48
0	25
0	109
3	156
0	26
0	467
1	141
1	61
0	142
7	0
0	604
0	260
0	178
1	185
0	168
0	60
0	15
0	107
0	19
2	113
0	43
0	137
0	261
0	23
0	0
1	310
40	62
1	5
0	62
1425	3242
7	252
18	2998
165	43
14	15
365	2970
0	2095
0	2562
0	110
22	2357
25	2
0	395
2	132
48	206
10	21
0	0
4	599
2	0
0	0
1	0
0	0
1890	903
9	3
12	88
0	903
5	2
5	4
9	26
7	113
1418	403
0	334
0	246
207	554
8	275
0	402
2	13
150	66
0	0
0	63
41	55
0	0
122	254
148	2224
0	1980
1	4
0	265
11	0
10	299
10	0
5	201
2	128
0	25
1	147
8	0
20	44
0	21
0	22
0	4
4	57
1	4
1	56
27	56
1	3
290	928
5	231
44	637
13	460
11	74
1	110
1	1
512	832
0	756
0	679
12	644
4	199
0	392
0	385
2	385
0	0
0	0
90	553
0	553
121	520
121	520
6	8
0	4
0	4
0	1
0	1
0	0
0	0
0	0
0	0
0	0
245	1606
1252	1846
35	447
15	1053
7	631
1	78
4	180
1389	764
0	647
0	243
0	37
55	93
3	14
0	79
257	181
1	83
0	27
0	0
100	1778
0	7105
3	4321
156	7105
359	6938
162	6332
2	334
78	4706
0	4767
14	4982
0	225
25	17
206	3658
23	23
1	944
0	188
7	1637
0	1259
16	4916
0	0
0	0
0	0
0	0
0	0
0	0
0	0
0	0
0	0
0	2
0	0
0	2
1398	85
8	79
1	6
0	0
0	0
0	0
3740	2
0	0
0	0
236	0
7	0
179	13
4	14
0	6
0	0
0	0
0	0
5	183
633	30
21	28
250	19
0	19
53	0
0	0
0	0
0	0
0	0
0	0
4983	4
0	0
0	0
0	0
0	0
0	0
1365	579
4	596
3	20
71	214
1	21
9	99
13	18
7	3
4	35
6	71
0	0
0	0
0	0
0	0
0	0
0	12
0	0
0	0
0	0
0	8
0	12
1538	376
2	4
1	230
14	90
0	10
7	42
6	302
5	297
1	1
0	2
0	5
303	238
6	129
2	108
36	645
1920	748
1	174
13	70
10	100
5	1
202	1655
45	1277
7	1275
2	739
1	337
2	2
2	21
0	332
3	86
2	232
4	48
12	27
16	883
0	736
0	635
57	458
1	289
0	132
2	494
2	856
0	678
0	862
1	639
40	1102
1	725
130	386
3	46
12	388
15	24
0	930
0	3
7	3
0	201
12	201
13	63
2	66
0	77
0	11
8	12
0	13
0	1
0	0
1	0
0	2365
0	166
0	108
0	825
9	2608
5	107
175	107
1	0
19	846
5	714
8	400
0	275
7	72
20	40
0	1
0	75
0	27
0	59
1	101
3	56
47	324
15	200
45	21
7	495
0	5
0	0
0	0
0	0
0	3
0	3
0	0
0	3
0	0
0	0
0	0
0	2475
84	2441
106	2099
2	1594
32	1492
0	0
9	41
302	454
0	5
2	140
83	413
0	6
0	12
7	13
73	100
2	101
0	0
8	0
825	5666
6	4775
0	0
0	2069
0	730
0	164
0	429
1	1483
7	19
0	1
0	0
0	1
0	0
0	0
0	173
13	173
0	60
157	1680
3	1676
0	339
7	286
0	896
0	615
116	2765
35	2910
53	2633
12	184
27	555
0	2764
0	7
5	1
5	233
12	2764
0	2778
49	324
0	323
7	74
0	2
0	2
5	0
0	0
0	0
0	0
0	0
0	0
0	0
0	0
698	1
0	0
0	1074
1	137
5	100
25	1227
102	1227
1	0
33	0
25	748
0	604
6	768
1	2
14	711
55	813
0	226
3	17
850	0
1	177
30	177
1	0
175	5831
0	0
0	368
10	15
0	1074
0	0
0	0
0	0
0	0
0	0
4	3
0	0
0	0
0	0
0	3
6502	4
7770	1643
17	1597
0	57
0	0
0	0
0	0
0	1090
1	1089
1	1019
7	68
7	1
0	93
0	28
0	36
16	5
0	0
11	0
30	0
0	0
0	0
0	0
0	0
0	0
0	0
0	0
2402	274
17	274
4	1225
8	1317
0	1619
0	820
0	1
0	1
0	63
0	618
0	0
0	84
0	64
0	64
52	84
5	1523
4	1206
5	1559
2	1206
0	73
15	507
0	41
2	13
20	125
31	2596
9	0
8	340
3	87
3	15
0	58
2	91
0	119
0	59
0	2
3	0
0	2546
3	2
0	2
6672	3655
35	195
254	2059
3	2847
9	1779
0	149
0	0
2	0
95	0
17	43
0	43
0	353
0	1200
52	1200
248	1956
67	1506
0	4070
5	4039
3	100
3	3
7	162
182	2492
518	673
0	673
317	2582
1	2575
2	1
0	8
1	278
1	249
0	0
8	0
0	0
210	1941
0	1942
29	156
36	173
1	0
28	111
0	111
0	0
8	3057
100	3057
70	412
0	0
0	81
128	1
0	0
0	3
0	3
0	3
0	0
0	1
0	2
0	3
108	0
0	0
3557	405
1	404
3	8
126	535
10	857
88	1878
1	1894
2	55
0	201
15	96
1	62
1	52
0	1889
0	1887
154	1
0	0
159	4017
77	3987
9	22
529	4257
23	4083
31	262
0	3974
27	1622
7	1660
0	1448
0	1409
0	52
8	11
5	128
7	154
1	82
42	1012
42	1012
3	1755
0	2079
90	241
3	11
30	125
5	125
0	11
0	0
0	0
0	0
29	435
0	485
6	106
2	102
1	141
0	147
0	143
7	22
2	18
23	3
1	4
5	3
2	7
7	8
0	0
3	15
1	12
0	457
0	480
1	0
9	2
0	282
0	415
0	489
40	145
0	67
2	82
7	49
0	3
1	9
1	23
0	20
0	21
0	7
0	17
3	23
1	1
0	10
11	23
9	6
4	11
0	7
0	1
0	23
2	0
0	3
0	8
0	18
1	5
0	4
0	6
7	26
1035	1231
1	1230
46	1534
1	1779
15	41
10	4529
7	1231
19	1719
4	3131
0	3294
2	460
0	1094
78	120
2	120
0	0
0	0
1414	633
9	597
33	598
5	3
0	0
0	0
2	2
0	2
0	0
0	0
0	0
0	0
0	0
0	29
0	46
1	16
1	19
0	12
1	0
0	0
0	3241
29	3604
0	3301
7	49
0	216
1	3326
5	134
0	3319
0	3561
0	34
0	2939
118	2261
3	115
178	0
56	2
12	1
0	0
0	0
0	1
23	74
0	74
1	1
0	7
2	1464
3	1479
4	359
0	746
1	152
0	233
3	1219
36	1306
30	98
0	0
10243	822
6	819
0	0
0	0
0	4
0	4
0	0
0	0
120	8
0	6
0	0
0	0
0	2
0	0
21	1690
246	1934
2	344
0	329
0	94
0	76
1	21
0	95
0	85
0	10
0	0
0	86
0	95
1	18
23	18
5	9
2	9
0	13
0	5
191	147
0	4
0	6
0	0
8	1046
11	1045
1210	1046
1	240
0	0
0	0
325	0
8	50
2	0
1	50
0	0
1	0
1	46
0	0
100	0
0	1
11	1323
17	1256
15	1224
29	1154
0	81
0	62
5	1
0	64
0	940
0	225
57	512
0	50
0	33
1	287
0	11
552	106
0	106
0	0
736	1012
2	620
1	108
3	253
7	588
0	978
0	624
42	18
4	959
0	863
0	238
0	615
0	573
0	571
0	592
24	855
0	506
0	348
0	608
0	408
1	244
0	0
0	0
0	0
176	866
119	923
3	673
7	0
0	922
5	118
300	751
37	752
0	52
0	141
0	16
116	53
0	0
0	0
0	5
0	5
0	27
8	58
6	46
7	4
49	54
3	34
0	26
17	72
1	19
0	0
5571	4383
0	209
8	0
14	7
0	225
0	0
0	0
4	0
19	225
133	277
8	87
4	13
25	849
0	58
87	752
0	126
0	231
0	131
0	1
18	155
0	0
6	0
26	0
0	0
0	0
4	0
2	8
0	4
0	0
4	11
3	0
1	0
0	0
0	0
3	1
0	1
0	0
0	10
3	6
0	17
0	9
0	8
0	10
0	6
0	9
0	14
30	27
0	16
0	8
0	2
0	0
0	0
461	98
6	46
7	52
0	1
13	13
7	13
13	425
137	551
4	125
0	113
2	113
1	8
3	14
0	0
0	29
0	29
0	29
1	27
0	36
0	30
2	28
0	28
0	5
0	104
0	96
2	83
0	51
0	23
0	114
0	110
0	100
13	61
6	18
74	61
0	24
1057	781
8	26
6	768
1	319
22	319
0	0
0	0
0	0
0	253
0	568
0	683
5	150
304	836
0	687
0	137
13	27
0	272
0	275
3	4
0	0
2	0
4	321
1	266
25	61
0	0
5	230
6	169
15	94
1	28
0	52
754	0
0	0
0	0
1	0
8	0
33	503
3	530
2	41
0	0
3	0
55	176
2	176
0	134
1	115
5	1873
255	1873
34	284
11	284
4	13
1	4
15	88
0	0
0	0
0	0
0	0
1	0
0	14
4	234
32	129
0	124
0	54
0	61
3	96
0	0
0	0
61	0
581	25
2	25
2	331
2	359
2	30
0	9
0	34
0	1
2	362
31	385
51	306
47	1151
45	1150
51	386
0	144
0	408
23	239
29	243
7	221
102	71
0	12
0	0
0	221
111	41
0	40
2	25
0	17
0	19
0	14
0	2
0	0
2	0
21	270
1	417
7	417
1	296
23	422
0	163
0	27
1	9
5	0
0	67
0	87
0	121
1	59
0	1
81	186
1	46
8	26
0	119
0	117
7	0
0	0
33170	17145
0	7774
1	7430
7	1913
1	2
0	19
6	9
0	13
3	5
0	21
0	0
0	11
0	0
0	21
0	0
1443	859
0	859
7	37
0	89
5	263
0	753
23	710
0	199
0	121
0	749
2	0
12223	11
1	2128
13	4026
0	4208
0	79
0	3044
0	3062
0	273
6	222
0	0
6	2
0	3115
18	327
226	582
1	30
10	656
78	1455
18	1455
4	33
1	1
440	27
0	24
0	3
0	0
1841	509
17	507
756	155
5	89
3	70
31	10
17	9
10	917
84	917
0	918
0	144
0	1
1	2
8	0
0	44
3	44
114	28
0	28
0	0
0	0
301	1705
61	1927
905	2388
0	13
4	170
8	809
2	354
13	214
1339	8
0	7
22	600
5	30
0	6
1	7
9	47
0	0
0	0
0	0
0	0
0	600
5	3101
100	2989
299	3010
1291	3140
61	1937
0	3100
388	113
18	113
0	1767
366	1973
4	218
0	1380
5	609
5	475
7	1062
126	3366
16	3113
10	2897
8	1040
8	2942
0	40
28	141
0	377
3	2009
0	117
0	158
9	128
39	0
894	90
0	66
1	19
4	5
7	387
2595	1333
21	576
0	1193
11	179
1	86
4	179
0	2
0	10
0	7
4	366
0	25
0	363
0	0
0	8
0	8
0	31
0	31
0	31
2	14
0	0
98	407
4	40
46	3960
18	3959
0	114
9	101
5	28
3	824
2	18
0	224
1	142
5	109
0	42
617	43
0	0
2	8
0	5
123	15
0	15
0	0
0	0
0	0
8	18
0	18
0	0
49	3
0	3
881	0
0	0
0	2
2	2
0	2
0	29
1	29
0	0
0	3
2	45
0	0
3	9
0	45
0	45
1	1
0	0
461	0
269	156
0	4
22	152
0	2
0	0
0	0
381	58
11	58
17	0
23	7
56	37
3	110
0	102
0	64
1	1
0	0
0	64
2	150
7	139
88	435
1	265
2	233
5	234
0	88
1	0
0	0
42	263
7	263
0	32
1238	0
0	0
1763	1108
0	1087
0	2
14	183
0	0
1	2
0	2
0	0
0	0
276	0
0	0
0	0
566	0
430	5
0	5
0	4555
13	6147
9	6160
0	6136
22	5096
0	4859
35	920
20	492
4	207
142	171
36	168
40	2002
1	538
20	101
0	6265
874	277
2	203
0	211
1	84
0	15
0	32
19	301
0	152
2	138
0	30
0	20
0	60
3	27
0	0
2	35
0	0
1	186
0	188
0	171
0	0
1	1
0	188
0	0
0	25
4470	459
0	453
21	1
1	3
0	3
304	2659
1	2869
11	92
1	2397
0	2545
7	0
0	70
37	1269
1	178
0	50
16	87
0	74
1	0
0	0
0	0
17	0
3	110
1663	135
10	22
0	0
0	0
1404	333
0	15
4	318
2	1
0	1
45	672
49	2017
967	2185
235	1498
0	331
12	8
1	160
124	20
0	0
288	23
1	23
5	3
0	3
0	0
0	0
1	57
1007	164
7	149
48	43
0	25
12	53
0	0
0	0
0	0
1	147
0	23
0	24
0	6
0	1
0	142
2	0
0	0
0	0
0	0
0	0
0	0
4194	12375
41	12335
0	633
7	238
11	401
4	321
4	254
9	199
14	1294
1	686
3	1167
2	593
15	42
10	5
91	42
1	36
0	10
0	18
0	18
0	10
0	160
0	22
0	36
3	80
0	1
0	160
0	1548
0	1522
3	609
0	697
23	5
34	211
5	84
0	766
109	54
0	13
1	41
0	19
0	0
0	0
0	0
6298	7640
188	1808
102	5630
4	0
1	0
0	4919
20	1323
2	429
1	351
0	305
57	299
0	26
0	21
0	19
697	89
101	1
16	0
6	88
0	250
0	253
769	12383
24	6190
0	11725
435	4840
47	1228
2	230
0	46
2	154
2	958
0	12304
3	731
1	600
0	104
4	490
0	315
0	467
0	512
0	0
157	36
3	30
0	6
410	1
2	0
1	53
163	158
0	158
0	0
0	0
5	0
1	71
1	72
782	262
0	205
0	31
0	165
4	195
0	74
2	64
0	98
9	1
21	18
2	34
0	0
0	0
497	47
0	10
28	47
0	0
220	1338
8	1338
6	518
12	616
0	576
0	1311
0	0
0	47
0	0
23	7
0	4
8	2
1	1
171	623
341	613
38	526
0	9
1	79
0	4
0	48
0	7
698	1446
4	323
0	384
36	369
42	168
21	566
1	0
2	0
0	25
2	0
0	25
0	0
0	0
0	1048
20	1321
1	1121
50	4
213	1000
0	3427
82	3475
0	435
0	632
66	389
0	446
7	364
0	10
21	6
0	255
6654	19376
11	7609
14	6225
0	18871
16	73
1	18
283	2739
8	682
0	23
0	1159
55	1041
4	1617
6	2749
21	0
1	30
1	1345
8	1480
1	64
0	159
1	2
0	4
2	40
73	32
2	201
3	0
0	1687
42	0
2	0
64	74
189	252
0	88
88	0
85	0
0	0
33	310
1	1
0	403
12	1
0	0
1	1
2	104
1	0
0	394
30	1010
106	1373
254	1592
0	1705
42	498
12	45
0	2
40	888
4	704
6	867
0	9
78	1313
8	1312
15	1088
3500	1
0	134
0	134
0	42
0	0
0	2
0	3
0	0
0	0
0	117
0	0
0	0
0	0
0	0
0	1
0	1
48	7746
2	7591
0	2684
0	584
0	0
2	415
389	418
15	32
9	452
757	850
2	189
17	15
2	8
392	796
0	306
1	675
0	0
0	112
39	47
10374	2156
1	419
2	159
3	163
0	158
0	0
0	2154
0	0
0	0
0	0
0	0
0	0
0	0
0	0
0	0
0	0
0	0
0	0
0	0
0	0
0	0
0	0
0	0
0	0
1	0
0	0
0	6
0	0
3	0
4	110
0	110
0	1
1	113
2	86
0	122
13	122
3	107
1	10
0	20
0	23
2	43
1	39
1	30
2	109
0	109
0	109
0	0
0	0
0	0
0	723
0	304
5	53
15	18
0	0
0	721
12	48
0	48
2	3263
351	4110
0	2353
1	2180
25	263
0	836
0	1027
0	1897
1	5
1	705
32	1485
336	10
335	3685
13	597
371	597
16	84
0	2
0	306
14	5
6	0
68	1584
2639	1586
4	0
41	0
202	586
0	41
0	47
0	9
5	2
0	3
0	12
0	1
0	4
0	2
0	4
0	4
7	107
0	7
0	0
33	171
0	40
754	1483
8	678
5	1417
2	18
0	39
8	315
0	0
2	378
1	63
3	38
1	5
8	16
1	16
0	8
0	4
2	1
23	0
6	146
1	146
0	143
5	617
137	137
1085	1184
9	1181
1	1959
0	1800
4	7
113	381
0	222
14	47
2	157
97	875
0	875
5	157
6	1
0	555
8	75
6	24
20	24
83	13
1	1010
1	1122
10	411
6	0
14	519
2	948
5	94
298	276
0	276
0	0
0	0
0	0
27	98
54	771
1	90
5	775
0	40
2	33
0	6
0	43
2	43
14	43
0	3
0	0
2	0
0	0
1	0
1	0
0	0
2	127
0	126
3	22
0	28
0	31
0	24
0	16
0	7
2	0
0	9
4	7
0	7
0	7
1	0
2	0
1097	19
27	12
1	7
31	0
210	1562
6	1327
290	1509
0	0
0	0
0	0
0	0
815	201
2	201
3	2
6	0
5338	1
0	3431
173	2125
30	13
39	3
0	3807
23	0
26	7391
0	6398
0	6825
0	5814
3	7138
9	1959
4	635
0	725
1	1187
28	687
0	111
1	6145
10	0
0	30
0	28
0	24
0	25
0	27
0	8
0	0
0	0
0	0
0	0
0	0
0	28
0	1
0	1
0	0
1557	229
2	225
3	4
0	0
2	367
0	0
0	0
0	0
0	0
41	44
7	0
0	44
0	90
1	8
0	90
0	2363
0	301
0	152
0	3
0	97
0	32
92	2
1	2459
3	1418
0	1478
0	79
2	0
2	1281
1	46
9	31
15	643
8	252
1	74
0	0
0	0
0	0
230	650
1	544
0	108
0	25
1	4
1	144
2	324
0	0
2	103
0	24
3846	4
8748	4
17	70
0	70
1	3
510	0
656	523
0	203
18	143
0	185
1	74
1	148
0	6
14	6
13	5
0	5
15	28
0	2
11	59
214	136
0	6
0	65
0	117
0	4
0	0
0	0
9	36
0	25
0	8
2	0
0	5
2330	2
980	449
2	370
0	79
0	0
0	20
0	20
0	17
40	481
0	219
0	389
0	0
8	55
5	0
0	1
0	52
0	2112
0	2709
0	2734
12	2499
69	2499
102	32
128	172
0	98
3	241
7	0
0	26
2	76
3	0
1428	1410
76	810
10	279
12	4
24	116
0	211
6	153
0	130
0	32
2	0
0	0
0	0
0	0
0	0
40	399
42	526
124	523
2	121
1	144
6	108
13	6
0	0
6	427
1	1
0	71
2	375
1	273
7	324
0	29
0	244
11	87
290	169
1	169
0	124
0	85
0	1
0	1
0	1
5	1
0	0
0	0
0	0
1	0
0	0
104	0
0	5
0	5
0	0
0	2
0	0
15	823
4	647
0	382
7	1
9	22
2	44
1	43
49	19
0	74
13	126
152	126
715	984
23	983
0	59
0	0
12	3
0	3
0	0
2	0
7	0
101	23
1	23
0	2
1	2255
0	2227
0	2164
0	2007
0	804
0	134
0	848
0	0
0	2174
0	23
17	23
0	23
0	0
0	7
1	1
2	0
2	8
32	17
0	67
11	14
0	8
1	29
5	0
1	15
46	81
0	66
177	0
0	0
25	460
591	468
3	142
27	20
3	8
8	262
0	278
103	88
48	1645
190	1659
7	1554
77	732
0	165
0	630
3	7
0	3
2	466
11	0
0	171
8	55
2	191
42	5
5	158
0	1332
0	1285
1	1120
74	588
7	245
1	127
13	48
21	7
6	9
6	944
0	3667
54	3546
23	3342
6	3649
3	43
0	48
2	35
6	12
2	47
0	31
0	9
0	5
0	4
0	0
0	7
0	5
0	0
98	172
3	40
4	133
0	488
32	497
0	488
1	77
0	9
0	488
48	84
0	200
0	4
0	108
0	0
0	0
87	144
0	144
2	14
1	9
51	53
7	616
13	556
0	1
15	359
0	655
4	584
0	338
0	294
4	1
0	64
0	1
0	19
0	0
18	0
0	30
2	30
268	0
93	0
0	0
1	25
0	0
0	0
0	25
0	25
1	0
0	0
0	8
0	8
0	8
0	1
0	0
0	0
0	0
0	0
0	10
0	6
0	10
100	2498
28	2339
45	2200
3	2506
0	67
12	0
0	170
0	169
2	169
0	0
0	0
0	0
5	712
0	31
427	683
0	331
0	331
0	133
0	208
11	18
0	683
0	0
0	0
0	0
0	0
4	0
14	69
3	848
3	1166
71	1062
0	1
2	219
6	50
1	1263
15	928
179	923
68	499
4	430
0	82
5	3
0	6
3	3
7	0
30	210
11	188
0	20
2	14
12	8
1	10
1	22
18	0
9	0
165	391
0	382
6	310
19	368
6	9
0	0
0	0
0	0
0	0
15	443
59	444
0	399
9	0
31	399
15	0
98	0
0	0
0	66
1	0
0	0
0	0
6	4
0	0
0	0
0	0
0	0
0	0
0	0
44	106
13	104
0	37
0	41
0	12
0	5
0	7
0	3
0	1
0	1
0	1
390	829
2	785
0	728
0	329
0	213
0	20
35	41
18	1
5	314
3	191
43	314
0	6
49	5
0	5
2	195
1548	195
5	10
0	0
5715	852
0	81
5	228
25	538
6	0
0	137
32	50
2	0
0	16
0	16
0	16
0	0
1	0
0	62
0	1
139	235
57	506
0	3
16	504
6	0
0	139
37	1138
3935	1063
125	227
0	215
0	63
17	0
105	406
1	244
2	8
68	296
0	266
0	0
27	384
76	71
5	361
0	310
756	0
0	0
1055	326
4	50
1	323
0	1
0	0
0	0
0	25
0	0
9	578
5	110
0	15
0	574
3	3586
226	3594
1	54
4	56
6	3540
11	588
53	86
5	214
32	776
51	679
0	0
0	0
14	75
0	67
509	69
7	69
11	2723
89	1992
6	1474
0	38
78	2690
1	595
211	1725
10	1710
0	18
0	261
0	121
1665	0
520	0
124	917
1	579
9	90
6	1
6	147
0	609
4057	2646
25	280
268	196
59	30
125	258
23	236
0	2563
0	0
0	0
554	0
206	115
6	6
0	0
0	110
57	268
12	235
2	32
8	1
0	103
36	927
5	872
0	93
19	412
5	37
0	0
399	5099
47	38
8	253
3	4655
29	70
5	123
202	5048
0	67
7	301
0	359
0	2051
0	154
11	0
102	634
53	7
43	748
0	553
0	877
35	687
569	433
0	772
1	0
0	525
0	377
1	16
2	1
0	196
0	211
1	117
0	0
117	61
22	36
0	0
2	35
10	118
1	0
0	17
1	1
0	117
0	0
0	0
0	0
0	878
16	734
0	107
30	113
3	137
0	99
0	0
75	1146
6	2105
303	2105
1	19
58	353
7	199
3	140
10	1029
2	394
13	938
14	4
12	997
2	430
0	9
2	22
2	6757
5	6296
4	6164
0	6164
4	6164
71	5711
190	6263
0	6164
4	6165
2	5355
52	5798
184	5970
0	3871
13	696
14	2018
21	1160
0	1042
1	845
0	540
3	97
0	65
0	33
9	23
0	0
81	54
162	69
0	15
0	47
0	43
12	4
1	4063
16	3906
15	3794
36	2290
5	2556
2	2906
3	127
0	64
577	36
0	572
66	476
0	578
6	46
2	531
0	37
18	490
0	29
2	28
0	30
4	0
0	10
2	108
0	602
3	98
0	602
9	129
2	98
0	126
0	660
0	0
0	0
110	238
0	0
1	60
16658	16432
0	0
112	20
1	20
4	3
4	95
49	292
3	0
5	293
0	32
12	193
0	7
3	186
193	147
1	146
100	80
5818	4
11	755
61	660
28	109
0	86
0	45
13	452
1	387
0	94
3	6
0	15
6	66
36	240
0	0
0	0
0	0
2	2627
0	759
0	2921
10	20
0	2532
0	586
31	1993
24	317
3	35
21	555
0	0
0	0
0	0
0	13547
6809	13383
2	2208
243	148
4	148
30	0
11	0
249	0
12	64
0	64
0	13
0	15
0	2
7	0
0	5
0	5
0	1
0	87
0	82
0	81
0	62
0	85
0	73
0	15
0	7
0	1
2	1181
0	938
243	1240
4	707
1	76
14	372
0	649
0	179
0	9
3	0
206	0
66	1249
18	1305
1	289
0	279
5	342
32	1436
6	175
81	392
0	1291
0	409
56	194
21	178
91	246
6	1
29	71
0	14
0	14
0	14
0	14
0	0
326	71
9	33
2	8
0	10
0	2
0	0
0	2
0	3
0	2
0	8
0	1
0	0
0	5
2	15
0	4
0	4
4	0
0	8
0	0
0	0
0	0
1	0
0	0
0	0
0	0
125	1678
0	1391
0	1449
3	12
252	169
24	4035
33	4289
174	5040
4	1265
16	1977
8	280
2	1647
6	37
0	3
7	32
1	7
0	11
0	1
0	3
919	3144
19	3105
229	2506
0	4
13	29
0	30
0	25
1	9
3	0
522	708
7	707
2432	5088
0	2794
5	22
15	2741
1	1850
0	0
1	6
365	4531
37	596
61	672
0	16
0	0
0	0
16	59
0	59
0	36
3	780
0	143
75	2422
34	1
17	3236
1	3373
0	3290
10	139
4340	142
0	1
1	351
1	0
0	180
1	0
0	1035
0	0
7	1977
3	54
0	486
2	236
0	0
4	1373
7	1835
26	17
3	1386
1	1751
2	1586
162	322
0	218
29	18
3	286
0	328
1	104
49	3
0	2
0	2
0	2
4	12
26	128
6	50
0	16
0	109
0	19
0	23
0	16
2	16
0	72
11	64
67	230
13	230
1	249
18	348
20	170
38	327
19	80
8	62
2	321
14	307
3	203
14	37
2	53
2	30
5	5
0	4
0	70
0	0
0	5
0	5
0	3
1	62
0	4
1401	1307
0	1239
4	1109
1	36
0	1107
11	54
18	61
3	65
119	24
8	0
29	20
0	2
9	106
4	26
4	14
0	6
0	2
12	25
0	8
1	1
0	0
0	0
0	0
0	0
0	0
2907	5
11	1691
25	1795
5	24
138	1403
7	82
9	128
12	160
8	44
0	283
3	209
0	147
1	37
1	0
0	0
0	0
0	0
0	0
0	228
12	228
0	11
0	0
26	12453
0	1915
159	7032
222	6945
5	375
0	559
1	3557
0	56
1	157
0	4
1531	1532
4	1417
0	1148
8	25
12	7
0	149
663	196
4	7
0	6
0	190
2	18
2	23
0	1
0	2
0	6
0	188
0	188
0	84
4	1
0	60
0	0
31	85
210	5
0	5
3	5
521	129
1	105
1	0
0	0
2	75
132	84
0	0
1384	2032
11	2031
40	1684
97	807
675	807
1	252
16	15
1	0
5	16
22	2123
27	2093
7	1182
7	98
1	30
0	57
0	45
0	43
0	0
0	0
0	0
0	0
2	9611
52	575
15	2003
0	9848
17	1014
58	6
3	396
6	765
1	945
0	504
5	892
61	992
0	464
0	6
3	32
19	1003
3	8
0	8
0	0
0	1
0	0
0	0
99	2651
0	2654
30	154
23	4
5	76
0	76
0	20
0	7
0	0
9	1249
31	1281
1	642
6	515
0	5
10	390
0	0
0	0
0	1
0	0
0	0
0	1
0	502
0	507
1	36
9	24
11	11
0	0
1726	2159
0	224
0	349
3	87
2	905
0	53
5	1769
0	147
3	75
1	2668
0	4742
1	1986
2	404
4	170
1	3998
0	410
3	370
111	1078
17	1025
0	655
0	47
2	447
0	0
0	0
0	0
2	2
0	2
129	924
7	1009
721	1453
0	862
0	184
5	176
1	15
5	35
10	34
0	22
1	14
0	2
0	0
0	30
0	41
5	39
0	1
316	0
23361	2631
68	2622
22	328
84	629
7	188
1	4
1	4
1	0
22	4
14	14
0	0
227	5500
0	3933
8	859
0	2565
2	386
0	4689
0	0
22	688
0	114
0	2
1	36
2	688
24	36
264	37
0	0
0	0
961	0
2	2124
0	1390
6	151
0	125
3	43
1	129
11	559
0	466
0	37
9	345
0	293
0	46
3	0
0	35
0	2129
61	1238
0	2
3	19
0	1221
5	559
0	669
340	1572
0	1458
12	715
3	554
2	185
1	193
10	325
4	59
0	209
0	23
8	34
0	30
0	0
2	4
1	0
24	41
0	144
2	180
7	31
7	0
146	5220
0	849
0	5221
2	30
7	5
0	5
376	2419
0	1992
0	1256
16	0
23	2
14	0
0	959
0	0
0	0
344	750
12	739
0	588
1	103
0	22
0	1
7	2
0	149
1	126
0	80
0	78
5	2164
48	40
6	150
465	2532
0	311
0	1
0	1
55	277
18	17
326	288
3	2
0	0
147	654
128	316
0	551
0	56
6	8
1	2
3	0
0	1
0	0
0	0
0	0
3	2191
19	2188
14	2025
0	8
0	8
88	45
0	45
12559	183
88	178
699	149
0	88
0	99
0	1732
48	2119
32	370
2	174
0	1758
1	1784
0	12
0	13
0	1592
890	1152
1	281
9	1151
2	20
0	17
4	21
0	1
0	4
4	4
0	3
1	0
0	17
991	49
15	18
3	49
15	1263
10	5292
11	5291
216	5336
7	395
4	607
76	0
6	560
3	565
0	61
5	177
3	87
9	34
2	227
11	236
1090	155
8	0
3	170
83	170
0	0
6	0
739	1
809	176
1	159
11	40
8	1133
16	602
0	606
0	239
0	57
1	88
1	1051
36	1239
45	1302
1	154
5	63
7	412
10	0
5	411
3	399
0	411
1	5
0	5
0	0
0	0
0	1
0	0
0	0
0	0
2	0
6	124
1	116
2	69
0	2
0	6
0	8
0	4
3407	1393
393	1378
0	147
25	161
7	106
823	257
0	27
3	22
0	28
13	210
435	523
0	445
10	7
0	7
4	0
0	0
0	0
0	0
0	0
0	0
0	0
0	0
0	0
0	0
5	124
0	89
0	43
0	31
9	935
24	970
50	925
29	189
10	3
3	0
4	3
381	56
0	56
1	0
0	0
298	0
774	0
0	722
45	560
1	181
8	330
2	132
37	108
41	83
41	428
6	325
5	230
90	1406
0	1337
7	373
23	33
6	89
0	100
0	59
27	68
0	0
6	0
0	0
0	0
0	0
361	224
2	189
0	67
17	180
9	64
0	4
0	0
9	852
26	1008
1	904
0	121
7	335
0	33
0	74
0	1059
0	1009
164	2279
79	2346
26	195
29	2256
0	2366
0	2087
0	2072
0	2137
0	2196
0	2139
0	2197
0	2154
0	2290
0	2404
0	2148
0	2266
0	2137
0	2171
0	2256
0	2278
3	34
16	127
7	68
10	2
236	154
0	2278
674	1963
0	1888
2	1988
0	0
3	117
0	117
0	2
4	38
1	0
0	0
0	7
1	0
3	1
0	12
0	12
0	7
62	0
3	1320
0	35
0	119
0	1140
0	1221
3	136
0	56
8	148
7	97
3	21
755	793
38	435
3	370
0	289
0	175
0	71
185	153
0	153
9	3
19	306
0	137
0	247
0	17
11	96
4	1
0	306
10	4
2	4
0	0
91	23
5	23
0	0
0	1
0	1
0	0
0	0
0	0
0	0
11	28
0	169
0	52
0	0
1	5
0	23
0	135
378	242
16	85
1	19
0	276
13	0
0	24
190	721
0	86
0	434
1	79
0	281
16	237
0	29
0	0
0	0
0	0
10	26
1	24
0	22
4	31
6	122
0	8
0	103
0	218
0	122
0	103
0	8
0	218
10	2184
0	4599
21	1898
13	451
13	2048
5	4075
0	319
0	4072
19	0
4	253
156	0
21	37
0	644
1	46
0	15
3	0
4	92
4	44
10	34
12	19
0	27
1	53
3	52
1	25
0	646
0	0
38	258
10	258
0	15
0	0
0	0
0	0
1297	423
0	302
9	132
11	39
129	523
321	529
0	40
0	0
0	939
0	16
24	191
1	491
0	69
0	819
1	56
12	4
0	72
1	16
7	350
5	366
19	93
14	3
46	152
87	141
4	17
0	11
64	414
21	0
6	119
18	46
0	60
3	48
16	257
0	286
0	233
9	30
0	0
0	288
1	13
1	70
0	0
0	23
0	0
0	21
272	1071
2	1045
17	48
0	99
0	282
2	123
0	87
0	22
11	15
0	16
0	16
0	3
0	2
0	4
0	1
0	2
0	1
0	2
0	1
0	38
0	1
0	33
1	20
0	38
0	1
2	7
20	0
1	0
13	0
1	0
0	0
5	154
4	154
8	21
1	0
13	367
13	367
4	34
2	34
32	0
13	12
1471	139
99	75
7	26
9	53
0	813
66	2535
0	2372
2	2089
23	2241
11	2421
0	2114
0	217
1	370
0	128
0	74
70	106
11	131
3	0
4	2
83	798
0	0
2	419
3	534
0	357
0	50
1	7
0	0
399	272
0	146
0	109
1	19
2	0
596	4840
0	4108
52	3736
0	4110
61	4816
0	20
13	2697
39	2688
0	2516
27	2713
0	0
0	0
1	0
0	0
0	0
6	617
19	687
1	41
0	21
0	2
0	24
0	185
138	2884
8	2454
11	2347
0	1955
2	24
0	207
0	135
0	0
7	32
0	20
3	71
56	16
13	10
0	245
0	75
0	12
0	2811
858	1
114	4
0	0
1	4
61	105
0	0
0	105
10	4
1	269
0	0
0	8
0	274
6	195
1	218
0	0
8	5
5	0
0	27
0	0
0	1
0	1
0	1
0	0
8	2016
1	2140
0	156
0	0
39	12
169	188
0	1676
92	1868
20	585
0	36
0	40
1	40
6	15
0	1
0	0
0	3
13	0
0	0
0	0
55	59
2	57
0	28
316	91
0	91
4	11
1	13
35	2119
4	504
119	2302
6	24
5	65
1013	113
0	112
11	368
368	755
1	148
0	37
0	350
1	139
18	144
0	0
0	0
0	0
0	0
0	0
0	0
0	0
0	0
883	114
0	44
128	0
116	464
1	503
0	254
1	369
6	296
5	24
5	0
5	78
1	80
0	80
1	84
3	65
0	8
0	5
0	5
4	0
165	0
2	0
0	0
1	4
1	17
0	15
0	4
1	14
11	29
1123	796
11	782
2	12
17	11
4	2
0	2
3	2402
14	615
0	2402
0	178
2	214
6	200
88	1
3	136
146	254
0	103
5	169
4	1
0	49
4	0
1	6
2753	37
0	35
0	2
0	0
3	0
0	0
6	0
2	2
0	3
1	7
1	4
0	0
382	1
43	945
91	2233
0	2231
194	2228
73	1263
1	687
2	498
0	22
31	33
0	17
21	3
0	0
0	0
248	5
83	194
0	0
0	860
3	2091
0	2230
0	2145
2	2221
0	1723
0	59
2	45
5	342
16	37
2	0
0	0
0	0
0	0
0	0
0	0
0	0
0	22
0	9
23	22
0	0
0	0
304	0
2	0
0	0
0	0
0	0
0	0
0	6147
18	6147
90	6147
178	2343
2	0
0	4
0	4
0	0
32	424
25	425
3	365
1	9
6	66
1	0
0	0
2	326
26	326
0	34
0	20
0	0
0	0
0	1
1	1
1804	702
15	508
2	236
2	314
6	55
0	65
18	7
0	6
0	2
0	2
26	294
32	1768
1	500
0	278
1	1656
0	1695
2	79
3	107
1	76
9	40
1668	0
0	0
0	0
6	0
13	8
0	0
0	0
0	1
0	0
0	0
37	0
0	0
0	0
19	169
0	134
6	165
0	4
13	82
0	84
0	69
3	0
2	77
0	53
0	0
0	0
0	0
2	0
1	4
0	1
82	99
0	99
11	40
0	0
2	421
0	19
7	399
0	385
0	328
0	268
0	110
1	275
21	365
5	294
5	59
0	48
0	38
22	13
0	52
30	44
0	48
0	81
3	28
54	493
2	3
2	32
0	492
0	5
1	4
2	0
2	49
0	86
66	101
6	32
0	100
2	367
1	321
0	343
15	79
20	3
3	2
0	26
1	5
0	28
1	1452
102	1447
0	171
2	720
39	234
86	1381
3	261
65	0
6	204
4	234
0	41
6	236
3	811
0	172
18	509
21	465
0	279
0	434
0	190
15	135
0	799
49	1207
453	1473
2	202
16	9
0	26
0	77
0	3
1	153
5661	20356
23	18511
114	19749
7	5426
0	3042
3	321
0	0
0	182
14	0
9	0
0	0
0	0
0	0
658	205
1	92
10	113
109	0
20	1082
33	1067
0	87
3	34
5	1107
0	0
0	0
0	0
0	0
0	0
0	0
248	11
0	0
0	0
0	0
0	0
0	0
0	0
0	0
0	0
0	0
0	3
0	3
54	376
75	1802
0	560
220	1824
6	113
479	27
93	561
0	561
0	1
0	1
0	0
0	1
0	1
0	0
0	1
0	1
172	869
3	722
39	463
31	459
6	255
1	59
0	3
0	1
0	1
23	0
3	1312
0	16
0	177
0	744
0	18
23	644
7	183
0	242
0	242
0	366
0	329
1	1165
19	50
2	0
0	0
0	0
11	14
0	80
0	73
0	83
0	6
1	0
0	7018
671	7442
205	7024
0	3843
0	0
0	0
0	0
23	174
28	176
110	183
0	171
1	1
0	153
1494	0
0	0
0	4
0	0
0	4
7	0
367	2434
0	2434
0	70
0	0
0	0
33	88
6	82
4	18
0	12
7	542
5	466
0	393
0	394
0	431
0	393
0	393
0	301
0	301
0	445
0	417
0	430
0	341
4	326
7	330
0	383
0	72
0	393
0	437
0	374
0	131
0	27
0	49
0	235
1	103
0	49
0	57
12	25
0	1
60	405
31	368
22	203
106	271
1	190
365	2166
1	2166
0	105
543	172
2	79
1	93
0	11
0	11
4	0
4	0
25	911
0	0
35	382
0	14
54	1005
1	8
1	59
0	22
13	106
93	529
114	210
0	0
0	174
0	145
0	272
721	361
1	114
13	361
0	31
588	157
13	158
0	46
0	3
3	1040
11	1200
0	6
1	37
2	7
1	412
0	313
14	55
472	523
27	523
9	0
0	0
0	0
2218	155
2	154
3	40
187	37
4	37
9	167
0	167
1	21
0	7
0	4
0	12
3	794
424	859
10	115
8	59
0	0
4	1398
123	1389
1	34
12	235
17	1279
1	0
1	124
66	561
0	0
1	163
1	12
0	609
9	153
0	18
0	10
1	50
0	4
0	0
0	83
12	574
0	9
0	0
0	0
0	0
0	0
102	152
3	20
0	17
9	16
1	70
1	138
4	43
1	25
2	0
28	3
1	6
16	5
0	7
0	4
0	7
0	7
0	1
214	3940
243	3606
17	529
1	3763
15	1356
2	90
0	7
0	0
0	0
0	0
282	2812
1166	2812
2	373
37	550
82	552
3201	540
1	1
1206	847
0	847
1	1
2	102
18	47
4	0
49	1133
0	934
0	535
0	1012
16	537
6	604
0	1181
0	548
0	706
1	579
0	1063
0	1013
8	1102
1	3
3	474
3	783
0	901
0	340
0	0
0	2
0	18
73	157
3	55
4	125
4	85
303	1
6	1081
1	1077
0	1079
64	150
0	1081
0	8
0	14
0	15
0	12
0	1
0	6
0	7
1	552
0	349
0	0
639	802
4	389
25	151
3	549
16	5
0	8
1	1
0	9
21	177
0	141
0	161
2	0
16	59
1	6
6	33
7	8
0	18
0	18
109	1201
0	1058
0	30
36	141
8	27
0	14
0	20
1	16
9	6
0	0
4	146
0	46
0	922
0	212
0	536
0	115
0	441
0	2
0	195
14	23
0	328
0	131
0	14
0	185
21	827
11	175
6	641
0	663
0	117
0	149
1	56
1	25
5	85
4	79
2	50
1	145
0	23
0	709
0	23
0	358
0	347
1	7
8	260
0	189
5	1
138	24
0	24
0	0
1625	1
0	6
61	186
0	774
0	774
2	131
0	260
0	229
1	28
0	528
0	715
0	185
7	180
0	6
0	103
0	0
0	0
0	0
0	0
7	5
393	11722
708	11381
1	11153
0	264
31	0
0	0
0	0
0	0
0	0
0	0
1	0
0	0
180	186
1	154
0	0
0	33
0	1
0	0
0	0
0	0
20	1588
63	1617
6	1596
5	19
5	58
6	37
0	379
6	213
6	1587
7	3
0	1
0	2
0	0
0	3
0	3
2	8322
22	6183
17	8764
0	791
1	191
7	295
0	205
0	205
0	8
0	561
268	116
2	112
0	53
0	3
0	0
0	0
0	0
0	3
0	3
0	3
1	3
0	3
0	3
0	3
0	3
0	3
0	2
0	0
0	1
0	0
0	0
0	1
0	1
204	955
76	967
1	23
0	11
56	45
0	95
0	27
117	5
9	5
9	75
212	103
0	52
0	70
0	80
0	4
0	5
0	2
0	5
85	1745
7	555
7	1757
2	415
0	192
0	498
0	1633
3	1759
0	1919
0	1851
1	79
2	368
1	63
0	19
0	9
0	27
81	1525
2	366
0	1457
0	306
0	0
0	0
0	0
828	107
2	100
0	2
0	1
0	0
0	1
246	110
0	110
0	12
0	12
0	12
19	10
0	5
0	1
0	0
0	0
0	0
0	5399
1671	5606
1	138
0	215
54	3627
0	4056
0	3916
7	0
0	3373
0	3353
0	3013
0	3213
0	2873
0	933
2	0
3	40
34	717
348	558
0	0
0	0
0	0
0	0
0	0
0	0
0	0
0	0
0	0
0	0
0	1568
0	1596
0	393
0	13
207	369
1	255
0	24
6	50
6	104
1	86
0	2
41	1438
4	1398
5	1388
12	783
12	86
0	24
0	7
0	9
6	6
0	1
1	2
0	2
0	1
0	3
181	2606
0	20
3	248
0	6
0	2605
2726	2723
38	2410
0	2477
0	113
2	211
2	7
336	63
0	63
0	0
0	0
0	0
0	0
1	0
0	0
5	0
0	0
725	1293
154	1410
0	555
24	3
2218	5
6	2088
0	2146
14	1410
121	636
2	1366
86	1176
1	806
7	26
0	256
415	331
3	178
0	16
29	13
1	0
240	61
8	9
0	52
1598	2
0	0
0	0
0	0
0	0
0	0
0	1
0	0
0	1
0	0
148	15
0	0
0	8
0	1
0	1
1	0
0	6
0	39
0	40
0	0
0	41
0	0
0	0
0	0
0	456
0	25
12	29
0	0
0	9
0	13
11	20
0	7
2	0
40	1030
4334	2019
4	921
0	70
0	197
0	249
0	19
0	20
0	17
0	3
0	0
0	26
0	25
0	1
1	1
2	113
1	12
257	3920
0	3887
0	1813
355	862
8	839
2	1
1	0
0	117
729	36
0	35
22	7
0	0
1165	14
12	190
8	60
6	3
117	2051
83	2057
17	1877
14	2195
92	2220
266	1578
7	1435
8	346
1	277
7	193
0	299
0	0
0	241
218	1095
30	1095
3375	2
1	3
0	462
15	187
0	758
459	759
2295	1
106	645
1590	1676
17	1675
8	164
5	189
19	0
10	97
0	0
0	118
0	0
0	0
0	6
0	0
0	0
0	6
27	259
0	318
2	402
0	339
0	9
2	1
2	0
3067	1234
9	148
0	0
190	1086
3	875
0	1151
145	1153
10	0
0	0
0	0
0	0
0	1
365	0
3	6
0	0
0	3
0	3
0	3
0	3
0	0
2	295
0	37
8	293
0	296
0	0
938	473
101	74
11	347
0	117
0	5
0	64
8	22
0	2
0	0
2	0
18	1
3	1255
12	20
0	20
0	20
0	1
0	0
32	323
0	316
3	58
398	397
4	199
0	127
30	0
0	0
0	59
1	95
183	990
0	874
0	362
9	107
1	206
670	310
0	20
0	160
2	264
3	167
6	12
4	111
158	111
6	17
0	0
0	0
0	0
0	0
0	0
557	616
0	65
2	2
6	0
1	120
2	287
0	289
0	0
313	763
0	547
22	855
3	651
0	517
4	97
0	185
0	87
0	129
0	84
3	103
2	48
0	30
0	29
0	0
0	0
0	0
31	1949
59	3445
0	249
0	1262
0	3254
0	3436
0	3
0	3
0	0
0	1
0	0
0	0
0	0
0	0
0	0
0	3504
16	1645
0	3504
0	0
0	0
1487	1900
2	0
96	1987
210	1987
25	1
5	0
0	0
0	0
0	0
0	0
0	0
0	0
0	428
242	564
0	20
1	25
0	45
0	40
1	0
0	129
0	9
0	17
5	134
169	1534
10	1208
1	1466
6	5
6	25
0	103
3	11
0	20
1	184
2	55
231	170
2	1
3	170
0	29
1	42
107	42
0	12
4	18
0	7
13	472
35	75
0	112
65	495
339	45
1	43
1	26
19	391
1	87
1033	390
32	1286
2	4
0	1
0	1263
0	2
0	411
0	2
0	0
1	2
2	621
2	1290
0	0
0	0
0	0
0	0
0	0
0	0
0	0
0	0
0	0
0	0
0	0
709	663
19	2
34	588
2	0
6	4
1	147
0	88
0	585
0	443
9	586
32	1531
27	1542
25	1813
0	1757
0	0
0	0
2	6
0	5
0	1
93	29
0	27
1	6
6	28
1	195
61	892
0	167
28	112
0	826
23	77
3	12
1	16
0	181
2	7
1059	224
23	217
6	118
1	118
133	4
37	292
460	206
0	86
0	91
0	193
26	29
0	3
0	2
0	0
0	0
0	0
0	0
0	0
0	0
0	0
4	23
0	4
0	7
0	14
0	0
0	0
0	3
0	0
0	1
537	4038
50	0
112	3761
5	930
0	1059
0	0
0	0
0	0
49	110
3	4
2	0
0	95
0	4
1	15
63	549
1	282
1	237
0	1
2	0
9	22
0	0
1	15
0	0
5	4
0	18
0	0
0	1
1	11
0	1
5	56
0	33
0	2
0	0
3445	636
10	198
2217	242
5	35
74	233
2	7
7	1
0	0
5	2
0	2
0	1
9	167
34	1026
9	40
3	2
0	7
7	524
0	74
51	2405
0	117
0	28
3	16
4	85
28	2267
2	151
11	131
2	44
8	137
0	140
5	233
7	95
5	69
8	19
0	35
0	34
0	31
0	5
0	0
0	19
0	1
0	4
0	6
0	1
0	0
0	0
0	36
0	0
0	0
0	0
0	5
0	0
1	5
3	0
0	1
0	1
112	265
0	264
0	0
2	0
0	0
184	16
0	13
0	2
104	3818
0	2
0	729
47	2656
0	2670
0	2416
0	2911
27	2881
0	62
0	1
5	0
20	114
0	61
0	177
52	0
37	34
8	38
0	4119
3	0
3	335
53	4
37	3264
8179	12629
778	11479
2	1106
11	327
268	8736
3	43
0	42
0	6
0	0
0	0
0	1
34	39
0	260
115	276
0	22
0	265
0	260
0	12
0	164
0	3
3	1
1	2
1	59
0	87
0	21
0	250
636	2113
263	2258
114	2258
75	2209
0	0
0	0
4	2
0	0
0	2
778	2737
97	2725
26	2725
31	2658
40	2725
0	1750
0	0
1	2
0	2
0	0
0	0
0	0
0	0
4	232
0	242
0	234
754	1110
0	2714
25	2791
38	2191
4	2300
88	2339
7	619
1	2791
1	0
1	1
0	2
0	0
0	0
0	2
334	80
0	79
0	2
0	2
346	452
9	192
19	260
1	2020
0	688
31	74
0	38
5	2056
2	45
0	0
64	105
10	214
11	140
3	129
0	17
7	31
30	0
2129	6923
8	3626
0	4261
62	1412
7	281
0	0
14	321
8	19
0	139
0	283
2	217
3	73
0	40
1	4
0	34
0	4
0	0
1	1
126	18
2	18
5	0
0	0
13	12
0	0
0	0
0	0
0	1
2	0
0	0
11	11
218	174
3	174
5	0
0	30
0	0
0	0
0	0
0	0
0	0
0	1125
0	199
0	1125
990	651
10	480
1	624
0	281
0	0
0	30
0	15
0	6
0	2
0	620
0	1
0	34
0	30
22	33
3	7
0	24
0	32
11	32
0	50
377	1702
0	1419
0	356
0	294
0	344
0	325
0	99
0	76
5	1
0	0
16	0
361	4330
0	2994
1	4134
213	1611
5	133
14	12
0	59
208	1561
0	408
0	604
0	435
3	2
171	11227
33	8381
1	1
0	6
22	8816
0	9174
0	2772
25	2
4	0
0	11168
11	671
1	671
0	32
9	188
1	54
5	79
8	44
1	241
2	206
14	38
0	6
21	9
2	297
0	1
0	67
0	669
38	241
3	204
4	236
0	30
0	18
0	247
0	0
1	0
0	0
1	0
0	0
7	318
2	8
0	0
0	3
0	0
0	0
0	0
0	0
0	0
417	330
18	38
1	243
0	73
0	3
11	84
1	81
0	83
0	80
5	104
0	425
19	378
0	0
3	0
982	1615
6	1420
10	1389
79	1406
37	7
1	55
0	1
0	0
3	0
0	0
17	164
1	50
1	11
1	0
0	11
0	153
1068	1
1	1
0	0
0	79
10	79
1	21
4	2
3	85
37	660
72	1607
0	698
1	12
0	1390
21	1421
705	692
8	202
0	70
0	31
0	20
25	190
0	137
0	1610
0	0
936	1
8	1
0	2
15	141
0	8
1	141
108	0
59	523
4	523
415	1
8	0
606	1224
0	1011
0	1190
45	1283
0	151
12	0
1	154
23	0
0	2
0	0
0	26
8	1
1411	4118
1	4446
8	3552
2	4113
0	97
3	539
1	111
4	563
10	3
47	511
0	54
23	525
2	504
0	0
1586	290
0	172
1	117
0	44
397	0
6	0
441	912
10	918
0	159
0	227
20	198
8	270
0	0
4	0
0	669
812	794
1	245
0	2
0	2
7	40
0	13
0	1
0	37
7	1007
4	56
1	10
0	10
1	1
0	2
351	1005
6	120
178	525
0	0
0	0
550	525
12	911
5	571
10	817
6	14
37	276
3	647
7	560
0	162
0	379
0	388
2	386
0	75
26	8
1	0
0	0
1723	0
487	98
0	35
188	564
13	564
0	0
0	0
0	0
0	0
1544	233
1	233
0	0
72	10
0	5
0	6
324	233
27	211
4	25
2	3
8	206
0	0
0	0
169	4
0	4
22	578
4	269
0	415
0	302
0	101
0	74
21	146
16	977
24	280
1	442
1	907
0	1
0	1
0	0
703	497
8	498
22	479
7	57
0	1
0	0
1	0
0	0
0	1
0	1
0	0
717	104
5	104
136	18
0	18
1163	3178
0	400
2	2930
1	218
2	1
0	23
20	733
0	543
12	203
15	0
0	2
5	0
0	0
0	0
0	0
0	0
0	0
0	0
0	0
0	0
0	2
0	2
0	2
0	2
0	2
0	2
0	0
0	0
0	0
0	0
0	0
0	0
0	0
727	3142
15	32
20	680
0	2263
140	2558
0	329
0	0
0	2280
27	424
5	72
4	2468
52	0
0	0
0	0
2328	1
670	683
14	682
1	20
0	0
0	30
1	30
9	171
2	171
12	94
0	1151
123	1151
2	267
0	483
0	197
0	34
0	3
5	0
55	621
4	224
22	610
0	85
0	0
17	81
0	57
9	1
0	0
0	0
0	0
9	0
0	25
0	25
0	25
0	25
0	0
0	0
0	0
0	0
20	334
32	3348
178	3348
11	357
0	153
37	27
1	1187
4	1272
10	410
49	419
37	0
39	239
27	245
0	175
1	71
0	2
0	270
0	272
27	0
2	2
0	2
2	2
0	0
11	156
8	148
0	176
0	148
0	75
0	156
1	17
0	12
0	35
0	26
0	2
1	3
5	16
0	11
0	172
0	172
0	172
0	1595
0	400
0	256
9	1507
10	957
0	107
0	34
7893	2
2412	6712
0	5978
186	5137
101	5714
31	6315
64	6219
12	6188
15	6238
75	483
6	199
3	511
0	177
0	222
0	5764
0	0
0	0
0	0
0	0
0	0
0	0
169	549
42	490
5	67
1	46
14	0
7	18
527	1503
1	1503
19	284
17	250
900	105
2	103
11	0
5	69
71	378
16	137
0	47
0	96
0	83
0	366
2	6
0	19
2	7
1	40
0	102
22	1
25	0
0	0
0	2
0	2
0	0
67	324
1	84
25	172
2	14
2	137
0	1
2	4
0	141
1	63
0	0
0	0
3	0
8	0
25	449
10	107
32	313
4	303
0	0
0	4
1	8
0	5
0	9
0	10
2	330
2	5890
16	5026
2	363
33	312
4	4
6	1088
54	34
1	142
0	186
5	189
0	220
4	0
6	0
67	5396
0	0
0	0
0	0
27	6727
55	6399
186	3338
11	1666
0	3348
7	3367
0	1019
36	607
1	1
7	4
0	0
503	239
2	0
1	239
18	186
5	163
6	0
0	143
0	120
0	21
0	157
0	122
66	159
14	137
0	10
5	4
7	3
0	55
0	42
0	1
5	30
3	29
0	29
4	1
0	1
12	59
2	23
0	0
0	436
0	2041
55	98
0	1813
0	1893
232	2622
312	2563
8	2011
33	494
3	152
0	1469
58	1563
0	1272
9	814
8	51
5	131
208	51
49	34
0	1724
3322	1948
0	1225
3	512
3	184
48	307
19	411
0	425
0	1113
27	1124
7	36
15	2
0	2
0	1
0	1
0	1
0	1
0	0
0	0
5	93
1	0
9	93
0	0
0	0
242	577
0	175
0	586
0	13
6	0
2	13
0	11
0	13
0	13
0	0
0	0
0	0
141	0
123	2412
0	1600
5	1562
0	0
12	76
55	66
221	751
6	717
2	39
0	47
333	22
4	22
5	48
0	11
1	0
1	55
12	126
1	204
5	203
1	218
4	286
9	265
13	0
0	265
0	0
0	3
0	0
659	0
469	3
0	3
289	4318
0	4516
16	4386
101	380
62	173
3	87
0	2
0	2
201	1234
1	950
1	78
3	25
1	261
0	0
0	0
278	0
1169	637
0	65
0	64
6	606
0	121
1	0
0	8
0	0
0	0
6	2553
32	786
179	12448
0	91
6	6446
3	9286
32	20
0	5766
0	6350
10	6240
7	9430
0	8599
0	221
8	255
5	2522
38	1758
67	8
111	0
1997	2
164	165
0	65
0	71
31	117
0	87
0	60
9	0
0	574
51	644
0	91
0	0
19	3327
3	271
119	3385
41	1671
124	591
0	588
0	564
0	0
286	117
8	204
54	203
22	522
0	71
0	0
2	216
4	67
6	137
1	250
1	453
21	84
0	83
0	81
0	162
0	0
7	14
13	12
20	4
29	44
2	92
78	317
1	1
0	113
15	280
0	50
2	135
0	257
2	42
1	42
29	7
322	123
0	49
2	48
3	50
0	82
2	18
0	4
3	147
0	129
12	0
0	0
23	672
6	457
119	521
43	352
0	250
3	60
15	75
1	18
20	4
66	533
8	356
1	15
7	60
9	9
2	257
21	8
0	0
0	62
15	79
0	4102
3	596
39	7578
8	121
2	5209
0	158
4	6266
2	1777
0	461
0	0
0	0
432	3159
3	2744
0	310
15	369
0	496
3	25
4	197
4	43
0	271
6	125
0	391
7	0
0	2
0	0
2	2
1	1
0	0
0	0
0	0
0	498
8	1388
0	1604
27	1612
0	146
1	49
6	65
0	58
2	0
18	111
20	111
75	365
0	3
0	0
10	40
1	66
0	365
136	1859
6	1701
32	335
2	89
13	0
0	0
20	334
1	0
2	101
0	110
30	666
0	0
0	220
0	19
14	6
0	619
17	56
0	51
1	5
13	5
3	0
2464	1
2	0
1885	1963
3	1961
19	57
7	16
0	0
3	4
535	0
292	1139
66	806
17	629
3	589
1	129
419	43
3	28
1	28
14	0
0	0
0	0
0	0
0	0
0	0
0	0
0	2
0	2
0	2
0	0
0	2
11	16
3	13
0	0
0	0
2	0
869	203
1	202
3	67
0	60
0	6
0	1
1	1
0	78
0	98
0	81
0	0
3	4
3	52
0	5
0	1
0	0
0	0
0	0
0	0
0	0
0	0
0	0
0	0
0	0
24	2332
1	2377
22	2812
0	2729
15	25
17	1
16	2383
122	1110
0	2414
6	2349
8	7
3	491
0	1724
2	2
0	83
9	430
0	0
10	0
3	231
5	199
2	87
5	27
14	11
1	3
2	12
0	7
0	11
1425	0
2	0
2	0
311	955
6	825
1	524
2	178
1	29
1	0
375	75
0	55
1	19
3	49
0	49
174	22
0	1
0	0
0	5
2	16
0	0
1	1
0	1
0	0
73	472
0	376
1	3
0	426
1226	0
0	2
0	2
1	0
0	0
0	0
0	2
113	7896
5	2735
5	3953
1	5922
40	3547
0	983
11	1122
114	1149
533	1123
10	1132
6	86
169	41
0	40
3	0
3	0
296	51
0	51
7	22
11	20
17	0
0	478
215	533
0	423
1	7
0	1
0	0
1	7
0	0
1	402
264	369
8	369
5	34
0	75
0	0
2	0
190	2219
21	670
12	1558
1	946
7	310
0	897
12	939
1	53
296	696
0	148
8	319
0	671
0	522
1	101
0	133
0	0
0	0
0	0
0	0
0	0
0	0
0	0
3	1279
91	1279
350	497
1	497
0	1
2	67
1	187
1	2
23	366
22	366
7	39
12	166
0	322
0	34
44	31451
616	22391
445	855
7	261
27	5440
34	356
10	21932
0	31099
426	1107
0	598
0	523
4	168
8	612
4	1011
0	201
0	198
1	180
3450	199
0	43
0	154
4	0
8	2
0	0
0	0
1	0
1	0
2	0
0	1058
0	1058
4	54
587	1057
50	68
0	68
101	1617
10	1578
0	125
0	860
0	152
270	1404
0	2972
1	78
0	3112
0	2986
0	0
0	0
0	0
1	5
8	70
2	13
5	6
0	7
0	62
0	0
0	5
0	3
0	1
80	12
61	33
58	33
1	36
95	36
211	49
0	49
42	12
0	0
0	0
22	1263
0	1401
0	1283
80	1208
4	1275
1	1293
0	824
0	26
0	176
4	122
0	0
0	51
17	68
29	0
0	48
0	182
114	338
12	10
199	156
0	0
0	0
0	0
0	0
0	0
0	0
0	0
0	0
0	0
0	6302
0	3341
65	95
8	2527
12	1415
0	114
10	6304
355	134
167	134
12	560
3	560
11	307
0	851
74	839
0	4
0	4
0	4
0	4
0	4
0	0
0	0
0	0
0	0
0	0
2	5
26	9
3	2
6	0
48	0
0	2
0	0
0	0
644	1005
0	0
0	387
11	618
2	344
87	370
7	115
1	78
12	18
1	386
0	0
0	0
0	0
0	0
0	0
0	0
0	0
0	0
0	0
0	0
20	2
0	2
0	0
0	0
17	0
42	75
0	75
2	75
0	21
18	18
1	15
0	6
1	2
0	17
0	15
1	10
3	0
2857	415
1	2
6	412
0	202
136	1926
0	2037
0	317
8	361
0	250
283	2059
15	1581
0	1274
0	572
4	1153
16	0
8	0
0	1
0	1
0	1
12	1274
6	1251
3	9
17	54
7	86
0	407
9	11
0	625
10	74
3	105
40	276
0	0
10	47
0	1280
0	75
0	23
0	23
0	0
0	0
0	0
0	0
10	1
0	63
347	173
2	25
0	145
15	67
0	117
0	99
0	2
0	3
1422	4194
8	2333
0	3811
3	1049
56	79
31	684
62	1098
29	0
282	377
0	0
67540	10916
0	10821
5	7876
0	7936
0	0
15	0
11	0
0	0
0	0
19	943
1	1612
2	1224
0	0
509	57
0	793
14	789
0	84
0	6
0	0
20	10
0	9
0	0
3	795
21	6044
0	4888
29	473
0	6044
0	0
0	0
0	0
311	191
6	191
0	0
0	0
0	0
0	0
0	3
1	3
119	0
0	0
0	3
0	3
0	0
9	458
31	458
8	43
2	36
0	1
1763	0
0	1
0	1
0	1
0	0
0	0
0	1
0	0
0	1
0	0
0	0
0	0
0	0
12	244
25	239
432	859
1	0
53	629
763	380
0	0
0	0
0	0
1179	1344
2	70
119	1206
19	147
16	628
51	129
0	290
385	1500
31	731
1	230
72	1131
0	971
0	131
0	119
0	298
1	317
6	5
1	89
2	378
7	3
1	0
0	0
132	18
0	18
404	4404
0	4404
4	89
8	89
2	7
8	7
886	1935
132	1830
222	2155
0	2148
250	1151
6	3
2	0
2	0
4	1115
153	63
1	63
2	0
2	0
0	3896
1250	3949
13	108
3	128
41	114
0	11
5	51
0	109
3	2
1	4
1	50
170	729
0	396
0	494
0	567
9	6
15	11
8	110
1	0
2	604
0	64
1	12
1	621
0	2022
36	2022
50	10
0	10
1	531
84	670
10	5
0	664
0	0
342	0
0	0
0	0
0	0
1535	408
6	202
11	362
8	87
0	30
0	39
0	116
2173	2122
5	3
16	564
0	1633
431	10
0	10
0	0
179	60
1	0
0	32
0	0
0	60
0	17
0	0
0	3
0	4
1	19
2	1186
2	367
0	305
0	14
0	447
0	473
0	466
0	486
0	434
0	440
0	468
0	449
0	456
0	1110
0	448
0	444
0	494
0	431
0	467
0	431
1	1
0	1
12	12
27	0
9	0
40	0
0	156
19	2
10	3
4	1
11	1
24	156
77	760
3	654
0	153
2	16
0	259
0	2
6	75
16	2
18	134
14	45
1	66
11	61
128	1543
2	1153
14	1058
6	249
4	1590
1	1475
1	1184
0	1611
0	311
0	114
0	42
0	268
0	371
0	452
186	613
26	613
67	323
13	362
1	615
0	1
2	1
13	1564
112	1734
3	1641
0	1742
0	654
35	168
0	242
50	397
0	66
105	1043
46	23
15	440
0	0
0	23
0	23
0	21
3	25
0	27
0	25
0	21
41	716
2	716
4	160
4	4
11	224
0	5
0	5
10	1
0	0
3	0
0	0
0	1
0	0
0	0
2326	0
955	1054
35	904
2	198
26	378
0	19
1	69
0	62
4	181
49	109
8	113
28	2
5	34
1	15
19	376
4	22
1	4183
0	21
44	21
4	274
0	455
10	4
4	13
29	13
0	9
0	0
1	0
0	0
0	0
6	3335
463	2126
21	2622
7	51
7	1
66	37
32	407
6	551
0	0
17	555
4	867
0	835
0	248
4	13
0	45
8194	8905
256	3363
10	0
40	2969
51	96
3	0
12	4235
25	3934
9	447
0	41
0	30
2	0
0	0
0	502
0	41
25	0
0	0
29	184
1	184
0	161
0	15
0	43
0	56
1	0
0	0
0	0
0	0
2	838
360	1184
0	455
73	534
9	262
0	25
55	178
0	16
0	9
44	172
0	0
0	4
1	0
0	10
0	0
0	0
1	682
46	184
0	577
39	856
21	683
0	349
0	20
0	166
19	227
1	3
1	9
0	258
0	19
0	0
0	0
0	0
0	0
986	263
42	262
7	11
1	66
0	0
0	0
0	0
0	0
0	0
0	0
0	0
0	0
0	0
0	0
311	2564
2	88
0	2563
0	0
0	0
0	0
0	0
580	1774
224	1774
0	0
0	13
0	1
0	1
0	2
0	0
0	13
0	11
0	1
0	386
0	114
2	442
6	134
16	475
0	138
0	123
4	408
0	459
1	0
0	424
20	709
30	709
5	12
2	30
1003	0
0	0
0	0
0	0
0	0
0	0
0	0
0	0
0	86
0	273
2	251
0	0
0	152
4	191
0	0
0	38
0	47
0	12
528	287
11	864
538	379
2	344
0	337
12	57
2	68
3	64
150	282
0	264
39	1297
3	1445
12	330
1	675
2	33
0	141
1	1157
0	241
13	105
0	144
71	602
2224	17904
917	10691
0	7303
0	4711
0	3041
0	1320
6	1637
0	394
239	7070
26	227
0	492
3	112
95	719
0	150
1	103
0	0
0	27
0	314
0	225
0	351
474	501
0	147
0	131
0	112
0	29
0	111
0	0
4	517
126	517
0	0
394	52
15	35
271	156
0	156
3	543
61	2256
30	1635
7	586
1	2043
16	96
1127	385
64	439
185	440
1	301
0	3196
1	129
2	397
0	2641
1	2444
0	765
0	514
0	2936
18	0
44	518
1	101
0	134
4	6
0	541
0	10
0	10
0	0
0	0
33	799
1	729
5	846
0	531
20	652
9	631
3	4
7	7
10	92
4	10
1	44
0	10
0	656
1	6
2	4
0	4
0	3
0	0
0	0
0	0
0	0
0	0
0	0
0	0
0	0
362	629
122	233
0	355
0	254
0	187
4	100
0	132
311	197
8	112
3	376
0	136
0	1
0	0
1	0
1	0
0	366
0	0
0	0
1868	1000
0	1005
0	173
7	44
1	5
0	0
0	0
0	0
0	0
0	0
0	0
2070	145
11	143
38	0
0	12
0	0
0	0
273	72
2	46
5	9
0	19
4117	2742
35	2305
14	437
0	0
0	354
0	354
0	0
0	0
0	0
0	0
0	0
0	0
0	0
1137	1
2	712
2782	1556
19	864
1	352
12	0
13	4777
0	2141
2	2622
1	518
0	4776
0	2140
0	0
137	872
8	539
20	60
0	302
15	1
3	69
9	3
0	972
0	1000
22	734
0	696
4	401
183	269
32	280
0	56
4	41
322	381
0	10
11	323
6	418
17	361
0	123
0	94
17	258
66	241
2	200
1	78
32	96
1	64
23	3
2	3
4	25
0	246
0	264
0	274
0	303
0	58
7	3
3	6
8	6
25	37
20	68
0	0
332	11697
157	11853
1	8024
0	1151
0	191
0	191
1	1124
1028	2360
2	2120
1	3
1	13
1	172
1	206
11	621
0	723
10	675
0	0
4	8
0	76
3	11
0	0
0	0
0	0
0	0
0	14
0	4
0	0
0	0
0	10
0	0
3	0
0	0
0	0
0	0
0	0
0	0
952	840
0	817
17	395
8	4
0	0
0	9
0	12
126	73
0	72
4	69
0	1
0	0
320	2686
15	737
3	1027
11	611
62	1951
2	2
0	2
0	1
0	1
0	1
0	1
0	1
0	1
0	0
0	1294
2	1135
8	202
21	415
0	0
16	4694
9261	20629
0	18302
0	0
0	0
2	0
0	0
42	284
13	274
11	14
2	60
2	47
0	15
0	35
0	16
3	8
7	0
0	39
0	19
0	38
0	12
0	15
0	18
0	19
1	14
6	16
7	20
7	20
7	147
32	524
0	4
10	443
3	14
4	7049
191	6490
3	6503
0	5553
0	7002
0	6723
0	6577
0	6469
16	764
1	26
9	3928
5	0
0	457
0	9
3	664
9	1253
4	0
1	186
0	228
6	413
0	366
22	54
0	370
0	312
0	213
2	0
0	7328
0	6795
10	208
342	261
71	199
0	206
11	35
4	35
0	0
0	0
471	567
2	563
3	76
0	188
0	254
3	195
0	147
24	85
0	69
0	24
1	448
4	187
0	448
1	6
84	6
20	2
0	0
3	0
0	2
333	2079
0	1663
1	1431
0	1430
17	3
19	0
0	10
1	0
9	32
0	13
0	33
0	26
2	18
4054	0
0	0
0	0
0	165
586	165
779	117
0	72
0	25
1	66
1793	0
0	0
2	58
3	2
0	52
0	55
0	22
0	25
0	38
1	0
0	0
1	0
0	450
3	450
3	450
32	458
0	12
0	4
2	11
3	0
1	0
132	719
1294	2622
0	2437
91	759
2	7
1	5
1	7
0	0
1	0
0	0
122	667
26	37
0	142
2	33
6	0
17	804
0	917
74	917
237	310
0	293
0	17
4	0
0	0
0	113
36	1099
0	938
1	377
0	135
0	134
0	45
0	84
94	355
3	363
0	0
0	0
0	0
0	0
0	0
0	0
0	0
0	0
523	334
0	331
1	8
0	0
54	1008
23	1006
0	29
0	74
6	0
1	0
17	1008
213	14249
323	1441
14	3904
1	62
8	61
20	9578
1	2202
2	5
7	64
6	1114
0	1
4	29
2	20
6	27
0	2
0	0
2	9
1605	1394
30	752
166	252
2	53
0	17
22	323
5	629
1	403
0	46
0	62
0	10
1	28
0	2
0	0
0	2
0	0
0	24
1	33
0	33
0	33
0	16
0	31
29	133
0	112
0	19
4	16
1	8
1	562
1	361
1	14
18	590
5	533
0	61
0	49
0	117
0	67
27	9
4	33
3	33
7	298
17	258
0	231
3	37
0	0
0	0
0	0
188	80
3	80
6	178
0	118
8	207
0	82
0	0
0	0
0	0
155	1165
5	957
8	298
0	104
3	112
2	104
0	0
0	0
0	0
15	308
3	253
1	129
2	59
1	23
0	0
0	0
0	0
0	1
0	1
0	1
0	1
675	719
9	447
41	519
245	6060
0	1221
0	2134
0	6046
4	18
0	134
2086	639
23	151
0	428
1	639
22	180
2995	3
0	0
0	0
0	0
0	0
0	0
0	0
0	0
0	0
2	642
8	641
3	527
13	2
0	0
3	2
0	40
0	2
0	41
0	3
4	129
0	56
2	578
23	578
0	589
0	508
3	424
1	44
0	22
1	20
0	0
0	0
0	0
255	69
1	4
5	65
0	3
0	0
0	0
0	0
0	0
0	0
0	0
146	826
37	196
13	85
4	202
42	161
0	4
3	5
29	5
0	3456
1	130
82	3420
0	1351
2	11
4	1345
0	1209
51	1303
0	165
0	38
0	3434
0	0
0	0
0	11
1	11
0	4401
0	4355
0	275
52	18
0	3962
0	4008
63	2433
0	127
0	60
0	78
1089	1324
0	1187
11	1267
0	1249
0	110
0	69
2	246
0	0
0	0
0	0
17	139
0	125
0	31
0	0
0	3
0	14
5	2
0	22
11	0
0	0
0	0
0	0
0	21
54	58
0	37
0	14
6	1
4	56
7	63
0	72
0	68
1	1
1	3
0	2
1	2
6	335
92	332
2	196
0	335
0	1
0	1
0	1
0	1
0	0
0	0
0	0
0	0
0	0
0	0
0	0
0	0
0	0
0	0
0	0
0	1079
0	0
0	0
0	0
0	0
0	0
0	0
6	704
12	627
5	388
0	167
0	645
0	0
0	4
2	6
0	49
1	282
0	2460
1	59
4	2460
0	428
0	487
0	41
0	53
0	141
0	19
8	0
4	405
1	0
31	8324
30	9504
18	9456
45	1116
11	2
16	2
0	275
11	1089
14	1147
39	1147
49	173
8	47
2	222
2	279
11	237
0	0
0	0
2	0
0	0
4	63
0	2
64	1044
2	620
90	0
0	0
223	757
0	13
7046	543
5	337
19	342
0	13
0	0
374	1741
65	1662
0	0
0	150
6	85
7	0
0	210
34	1
3	1
1	1
0	9
4	778
2	163
78	707
55	76
6	28
0	880
0	731
51	958
23	734
14	170
3	81
4	10
15	705
14	695
0	161
321	3499
493	2548
0	26
136	2066
2	243
5	104
10	313
4	182
0	11
0	0
142	41
0	41
0	3
9	132
0	0
0	0
9315	2362
0	2358
0	10
0	10
0	2
2	1086
3	770
0	183
0	183
1	502
19	828
2	322
1	608
13	0
0	491
1	95
0	26
581	744
15	713
1	680
0	710
21	0
5	96
10	126
0	0
0	0
49	46
1	32
3	45
7	101
0	75
6	53
152	0
0	0
2	0
0	0
0	0
0	0
0	1
0	1
279	129
60	130
7	7
721	3162
21	3162
1	194
0	1
59	1825
29	1825
0	254
0	196
54	22
55	28
0	88
110	124
1	54
22	35
0	8
4	1
20	755
141	1224
9	199
0	592
0	786
0	746
148	148
0	227
3	81
1	12
9	85
3	16
0	0
0	0
0	0
0	0
2	0
2	13
0	6
0	31
0	2
0	2
0	0
0	0
0	0
0	4
0	4
0	0
0	2
0	1
0	0
37	2879
44	2673
68	595
49	330
31	2
0	2
44	582
20	582
5	94
1	0
0	94
9	88
13	35
618	576
4	255
0	94
0	141
1	62
3	166
0	49
0	0
0	0
0	1
0	14
0	4
0	16
31	885
2	901
1	86
0	103
0	152
0	0
0	0
2	18
6	163
0	51
80	162
11	0
1	813
17	764
6	524
2	171
7	562
182	403
34	18
154	84
2	16
0	40
0	17
5	44
0	28
61	19
1	19
368	2567
968	3426
0	446
3	1207
0	0
0	1926
0	0
0	1
0	8
2	54
4	204
0	1058
0	0
0	0
6	683
0	477
41	693
6	317
1	0
0	108
0	26
9	110
0	0
0	0
126	803
3	626
5	177
0	244
2	3
0	0
0	0
0	0
0	0
2	3689
27	778
28	3383
24	796
1321	188
77	182
0	2
0	0
0	0
0	0
0	0
0	2
24	345
72	342
16	328
0	254
1	208
17	207
0	3
0	349
29	7
1	3
0	4
0	1
0	0
2	110
0	3
1	110
0	0
53	48
2	9
1	40
0	0
4	1
0	43
0	39
0	0
0	30
0	1
0	726
113	154
0	0
0	0
6	805
1	627
6	609
0	231
0	225
0	609
2	169
0	183
0	89
0	0
0	0
0	0
0	0
0	68
58	89
0	0
0	0
490	2
11	0
16	2
0	2
0	2
0	582
1	714
0	208
11	22
9	45
0	26
16	185
1	181
0	0
0	58
13	173
0	734
65	1122
15	136
8	467
11	471
0	72
0	760
10	682
0	149
2	341
8	4
0	187
0	187
10	277
22	616
1	616
4	29
4	5
0	614
0	0
0	0
18	4
50	1267
0	1355
1	226
2	1601
0	765
0	74
2	40
0	0
0	15
0	10
0	8
0	0
0	0
2	3
227	464
43	396
13	162
2	113
0	2
7	8
5	0
8	30
2	26
1	27
0	12
1	18
0	2631
0	2788
1	2802
0	25
3	41
0	3164
2062	733
0	258
0	79
0	21
0	123
1	129
0	169
0	0
0	0
0	0
0	0
0	0
0	0
30	91
251	158
4	70
10	2
0	775
62	784
6	783
16	762
0	113
0	1
0	114
1	1
14	1
4	172
0	182
3	175
1	0
0	33
2	7
0	7
0	2
0	44
0	1002
71	1003
0	35
0	17
0	1003
0	1002
0	0
134	401
9	186
0	141
4	79
0	22
0	12
0	0
21	104
0	23
14	69
0	16
0	60
5	4
7	7
358	281
0	281
2	25
4375	883
3	313
0	690
1	59
0	65
0	0
0	0
0	0
0	0
0	0
5	0
0	0
0	1
7	1
0	1
0	0
2	0
0	1
0	0
789	2677
6	2209
0	0
0	1
0	1
2	0
0	0
427	39
0	39
2	5
104	195
2	66
2	194
0	7
1	5
4	13
0	12
4	1
36	1064
0	1065
14	842
0	919
1	679
0	187
0	186
38	45
0	4
1	1
0	0
0	0
0	0
2490	3726
3	1803
7	1266
0	1924
4	9
14	0
1621	2
1	1
3	1
51	775
5	176
711	891
72	758
4	87
0	15
52	15
70	220
1	220
0	115
0	96
18	272
1	1132
2	1312
55	1149
0	1253
3	821
31	573
0	168
1	301
9	166
7	37
0	53
2	20
2	21
0	17
0	1
0	5
0	0
0	0
0	0
2	425
29	528
0	28
24	290
0	425
128	6307
104	6275
245	6283
67	834
5	0
6	108
17	58
6	682
124	690
2	0
0	1
1	4
1	0
0	2
0	3
0	0
0	0
0	5
0	4
2	2
53	834
0	642
0	1011
2	2
0	96
2	24
0	63
0	477
1	81
6	32
2	41
6	19
0	3
0	2
0	14
0	10
0	1
0	3
1	28
166	103
0	22
19	75
710	329
0	320
13	4
6	26
2	852
3	856
10	856
78	644
25	1363
20	1358
0	1354
15	1354
53	195
3	8
0	1358
4	0
0	143
0	245
71	5660
0	6128
0	5653
0	5443
4	1
0	138
23	5039
3	4759
0	4848
0	583
3	917
0	459
0	0
0	2937
2	136
2	3
0	963
26	152
0	572
0	27
0	1802
9	232
0	0
42	1903
5	27
9	2265
0	86
0	2010
15	62
0	350
1	1051
0	1511
0	84
0	58
1	263
4	949
0	0
17	57
17	20
9	86
55	473
0	114
0	511
6	4
2	779
0	8
1	1
0	0
0	1
0	0
156	3
0	3
0	597
125	600
1	231
2	53
0	0
221	1272
30	2030
0	1262
10	1904
2	648
3	23
1	183
8	104
7	357
1	227
0	45
0	1
4	172
0	603
3	739
8	822
16	172
0	795
0	90
0	90
0	738
0	690
0	291
0	760
2	665
15	120
9	644
12	832
1585	1249
20	25
24	56183
0	7
361	57413
855	58973
46	56916
2536	63084
39	3845
4	51620
0	2434
5	2390
2	1006
0	1013
14	51513
6	143
0	506
98	506
0	0
0	0
3175	291
1	20
0	267
14	34
0	60
1456	9
45	7
12	2
0	0
0	2
0	2
207	709
0	654
0	59
0	39
0	0
0	0
0	57
0	38
12	62
48	43
0	39
3	39
1701	626
0	547
0	574
7	51
0	3
0	1
4	599
0	53
0	43
0	21
9	9
21	616
0	0
2098	2821
24	2386
11	1915
1	1208
2	846
0	171
12	135
2	1155
0	1175
0	1
0	996
0	1101
0	12
0	10
5	15
0	1
3	10781
37	3828
61	5630
19	1932
0	8883
18	7926
1	4506
2	3642
9	4585
7	7098
0	9821
11	8610
1	6399
1	2960
1	3
1	1637
0	2714
42	611
0	9
926	739
0	1
1	311
16	690
5	301
5	0
0	5
5	0
11	732
211	2
942	82
0	82
16	3
1	39
21	73
6	55
445	303
7	24
1	279
3	22
9	0
0	155
3	15
106	100
7	77
0	6
2	14
7	34
81	0
2	1
0	1
3	1
0	1
2111	223
6	43
0	63
10	102
3	14
0	21
3	21
0	0
0	0
0	0
1663	372
1	173
3	199
0	56
59	55
0	41
2	27
29	482
2	478
0	319
13	309
0	29
0	24
7	1653
0	1118
0	108
3	81
15	3
13	224
8	53
0	47
0	0
0	1569
47	477
17	479
117	533
0	53
3	53
4	473
167	10
0	8
0	2
33	308
1	250
0	63
13	62
0	81
0	223
1	174
15	1
5	192
601	403
0	275
1	138
0	113
1	0
0	311
8	786
172	829
0	18
0	256
3	75
57	228
0	218
5	3
149	167
0	46
4	66
4	50
0	4
2	5
0	2
0	1
0	0
0	0
0	0
0	0
0	0
0	0
5496	221
3	57
12	38
3	0
1	130
0	0
0	0
0	0
2	48
0	20
0	45
0	2
0	0
0	0
48	367
0	367
0	368
725	210
2	0
0	210
17	13
35	13
11	858
0	1078
0	1190
0	1503
13	2453
113	1984
2	494
0	1058
0	1951
4	602
0	465
0	498
6	13
0	113
6	570
6	41
81	61
1	20
7416	6
1	1
0	1
1	1
0	0
260	608
9	374
1	284
2	62
4	10
2	207
0	0
263	55
4	54
5	3
184	83
1	53
1	51
29	13
0	13
0	12
0	0
1	189
309	240
1	160
0	187
0	33
1480	2818
0	772
0	2540
0	727
0	790
0	74
6	53
16	178
0	90
0	58
0	8
113	301
0	292
0	361
13	283
0	0
0	1
4	1
0	0
0	17
188	18
245	606
149	481
0	80
0	83
0	0
0	0
0	0
0	0
54	619
0	131
0	297
3	607
0	346
11	539
0	81
9	35
0	140
0	4
0	1
0	3
0	4
9	0
530	0
0	4
0	4
0	0
0	4
0	4
0	1
0	0
62	0
0	0
0	0
0	206
0	0
0	0
0	0
0	0
0	0
42	0
277	10662
341	10163
309	1997
754	1178
571	63
0	61
1453	103
28	0
0	0
88	179
1	13
0	168
0	103
0	18
0	4
0	153
0	0
2	53
132	58
0	23
0	0
0	35
1	5
0	24
0	20
0	18
0	0
0	5
299	384
0	345
0	120
0	130
1	121
29	62
4	1
0	1
0	0
6694	33
11	10
0	20
191	3894
81	3903
3	9
0	2308
0	48
6	35
1	10
0	1
0	22
0	2
0	1
0	5
0	14
0	28
0	5
0	14
0	0
0	8
0	0
1	11
0	1
0	2
0	0
0	0
17	13460
36	11289
596	12837
11	11061
1385	12891
0	7901
0	28
1	2339
0	0
6	1838
1	3
394	0
0	4
0	14
0	15
0	3
1	7
431	7
0	0
181	170
2	164
27	49
4	338
2	285
0	326
3182	599
32	289
4	520
0	0
1856	2021
1	1694
0	1556
13	1117
30	0
11	38
54	37
8	38
11	12
0	106
9	106
0	20
0	8
0	0
141	826
3	370
0	315
0	39
0	80
2	102
0	0
0	34
0	523
0	0
0	0
905	39
0	39
172	1838
0	1502
131	1071
48	436
0	1448
5	1324
6	1830
0	1510
0	1112
0	1159
7	946
1	166
15	29
0	1798
0	0
0	0
1	0
0	5
0	957
25	1165
0	664
96	1309
8	4
3	89
7	778
0	0
0	0
0	0
0	0
0	0
0	1
0	2
0	1
0	0
95	177
1	175
9	71
7	76
0	43
0	0
3	0
0	0
0	0
0	0
0	0
0	0
725	303
1567	297
42	1
0	0
0	0
0	0
0	0
0	0
0	0
0	0
11	2144
2	0
3	102
0	2144
0	0
0	0
0	0
5	11
4	0
0	11
0	2
0	0
0	0
0	0
0	0
561	834
3	194
3	359
11	33
22	382
87	286
0	453
62	4
7	58
3	2
0	58
0	0
0	0
0	0
0	0
3	476
1	109
0	476
12	433
12	0
40	440
0	257
0	28
13	9
2	0
6	9
17	0
2720	4874
11	1778
0	2227
2	669
7	570
14	634
0	704
0	12
1	969
12	27
34	766
16	742
14	3
5	981
2	109
0	529
37	639
3	160
13	545
0	67
0	0
0	0
0	0
0	0
0	0
0	0
1452	1
172	108
12	59
14	11
28	79
1	25
22	47
42	40
0	46
0	39
12	0
1480	13962
37	3107
0	72
0	10863
0	0
0	0
0	0
92	3991
41	535
140	4048
0	1617
0	73
0	0
208	0
3	439
1216	784
23	690
6	35
11	64
0	0
0	0
0	0
0	0
0	0
2236	2953
452	1564
0	2908
0	1003
0	85
0	418
9	14
10	1149
0	73
66	1133
0	84
0	167
0	606
15	128
0	127
0	639
0	129
0	0
34	129
9	790
15	20
6	16
17	1115
271	1115
2	586
0	255
0	96
6	4
0	174
0	169
15	27
1	93
1	79
0	87
0	1957
1	448
0	322
1	421
4	248
22	145
1	2
0	2038
9	0
0	0
8	5
0	5
0	0
353	2
0	0
2	309
5	308
1	311
0	0
0	1
0	241
5	206
0	38
0	8
0	8
0	37
0	14
0	308
148	2203
27	981
5	35
0	108
5	136
7	2203
0	0
1198	140
8	126
0	77
3	3
0	14
313	0
0	2
0	0
7	2
3	77
9	567
11	217
0	11
7	0
17	59
0	558
2	0
0	4
30	4
2	0
6	0
1	27
0	0
0	0
0	0
1	8
0	8
2	0
0	0
1679	2265
44	996
32	1899
0	21
0	0
0	1
0	1
0	0
0	21
14	204
2	301
0	1526
0	295
0	0
0	1425
0	29
1	31
447	25
1	25
0	0
0	0
0	0
0	0
4	345
8	451
1475	562
0	82
0	0
0	174
0	30
2	170
0	7
0	5
0	1170
1	1498
0	1404
0	2
0	2
7	1
0	1451
4	1198
0	1522
4	26
0	1641
7	830
2	1364
8	1026
163	430
0	1549
0	1678
4038	4
0	0
0	0
3	14
0	0
0	0
0	0
0	1
0	1
0	1
85	158
0	158
9	2
0	0
9	74
1	1
0	22
0	49
8	67
6	42
6	41
8	0
0	0
0	0
31	26
0	9
0	17
0	4
1	0
7	0
0	0
0	0
0	0
0	0
1855	99
15	97
357	1
288	122
0	122
0	0
0	0
0	0
0	0
0	0
0	0
0	0
184	0
0	5
0	0
0	5
0	5
0	5
1	7
0	1
0	2
0	0
0	2
0	0
1	2
0	7
740	156
0	149
14	7
3	22
0	418
101	419
0	323
1	294
0	0
0	0
0	2
0	2
0	1
1	4
0	1
0	1020
0	1706
0	1590
1	1610
4	18
0	192
22	102
5	135
0	33
3	0
0	18
0	15
767	625
0	0
2	1639
0	1607
0	1323
6	339
6	429
1	489
13	430
0	772
3	725
1	3
0	15
5	455
98	75
0	357
1315	816
11	606
2	166
35	16
0	85
61	14
1	14
0	9
0	9
0	3
0	0
0	0
0	3
9	334
6	239
148	186
17	10
0	83
5	11
0	87
3	53
1	111
0	125
169	2638
0	2685
46	2557
0	2614
0	2681
1339	1
0	0
0	0
0	0
2093	1
0	3052
1	2820
6	379
0	88
18	69
6	23
0	408
8	55
34	69
0	3050
5	359
0	5
0	0
0	331
0	206
0	133
0	319
0	34
0	130
2	0
0	42844
14	40441
3620	42854
10	41981
9	42840
0	443
6	432
0	451
2	20
4	39
0	2
0	0
1	0
31	6
0	2
531	4
0	3
1	4
0	0
0	0
0	0
0	0
0	0
0	0
11	172
20	540
0	537
1878	261
0	109
1	1
0	2
2	52
4	16
0	30
0	26
0	56
0	4
2279	2286
0	945
50	1687
8	435
0	0
278	1936
6	1930
0	6
27	285
0	102
7	330
10	589
1	0
2	0
2	5
0	0
0	0
0	3
88	10349
0	10614
11	5565
0	486
56	176
36	450
12	268
0	422
0	2775
0	2074
6	19
0	10617
8	78
8	78
0	26
0	29
2	75
0	0
5	45
0	42
0	6
0	4
0	63
0	914
0	827
1	699
0	712
0	256
0	253
0	65
0	175
0	865
17	3061
20	43
0	28
134	158
0	251
21	574
352	1806
0	2443
8	637
1	583
0	211
0	2996
62	466
1	2287
0	94
2	156
592	12
19	42
0	193
0	115
0	140
14	126
11	382
549	235
0	126
32	11
15	67
5	2160
12	963
0	119
24	6
2	77
0	27
7	108
46	154
3	53
0	21
0	2221
962	3
0	0
0	0
428	25
3	0
11	25
5	675
27	684
0	646
16	676
0	57
20	229
0	14
0	0
0	0
0	0
0	0
6	92
12	56
0	122
3	78
1	1
12	17
0	0
0	122
1	0
1	0
0	0
42	0
0	0
0	0
0	0
1	703
726	738
2	162
1	74
1	6238
0	8388
0	7781
1	7630
18	618
12	298
0	611
37	2116
74	2116
18	1285
11	8544
0	39
0	39
0	0
0	0
0	0
0	0
0	0
0	0
0	0
0	0
0	0
23	173
14	175
13	124
9	154
23	35
0	0
0	0
0	0
0	0
0	0
0	0
0	0
0	0
0	0
0	0
1405	459
5	195
1	217
0	190
0	50
0	9
0	0
4	0
298	5000
3	10
7	57
18	4933
3	2
0	33
191	502
15	507
339	96
2	3
0	2
0	93
3	101
1	92
0	0
0	0
0	17
0	0
0	0
27	27
5	27
0	0
28	36
28	58
1	52
0	0
4	0
432	285
0	282
0	3
84	949
18	947
113	489
0	105
0	113
10	58
17	77
46	7
2	2
0	0
488	3
11	254
0	316
0	266
2	317
3	127
27	39
0	304
0	0
2442	2
0	11
0	11
0	3
0	13
0	0
1	111
4	110
32	0
0	3
0	3
6	1145
4	1263
7	990
10	499
0	72
0	231
2	117
3	1
1	1
0	0
0	0
13	0
0	9
0	1
0	9
0	0
0	0
0	0
0	0
0	0
1261	79
0	63
0	16
0	6
0	16
0	3
198	199
0	30
0	156
0	52
0	44
3	244
2	111
62	268
3	65
0	0
4	115
7	0
2	0
0	7
0	6
0	2
1	14
23	70
6	58
1	52
13	259
863	584
4	154
18	109
2	277
0	0
0	0
0	0
0	0
0	0
155	122
1	0
0	90
0	15
8	32
0	0
0	0
0	0
8	11
0	11
0	1
0	0
0	5
466	2
384	1301
33	1203
0	0
113	232
0	3
53	11
146	22
0	580
0	0
0	0
0	0
0	0
1	0
0	0
0	27
15	1003
774	1652
0	1042
2	10
5	88
0	0
0	2
0	10
0	108
1	96
1	343
315	512
3	447
0	152
3	7
391	121
4	121
11	1104
12	568
42	1068
1	867
4	152
37	509
0	726
1	0
0	0
0	0
0	0
0	0
0	1
0	0
0	1
0	0
0	0
0	14
5	46
1	19
2	46
0	24
2	14
1	5
184	467
0	467
2	28
81	983
8	74
8	984
1	55
0	15
0	38
3	1
17	78
0	1
0	1
0	0
0	1
1	0
796	0
6	2
1	2
0	2
0	21
0	38
0	228
2	2
0	2
0	6
0	3
4	1
0	5
0	62
0	26
89	59
0	222
1	0
0	3446
2668	4500
39	4494
0	472
2	8
11	8
0	1577
2	1
0	1
0	0
936	1572
6	1576
4	1577
1	0
1	0
0	0
474	100
0	100
0	0
35	433
28	433
0	0
0	0
0	0
0	0
0	1000
0	711
1	435
0	690
0	31
0	21
33	63
1	4
1	88
0	57
1	941
0	960
6	981
0	0
482	470
15	451
15	474
7	161
693	1
1467	3
34	3752
1	2916
1	2241
3	136
11	3159
12	3156
21	75
1	228
1	822
0	71
201	13
6	0
1	564
3	170
11	127
0	4
0	4
220	89
1	89
0	0
0	0
0	3
0	3
1825	133
2	133
8	116
112	700
25	706
1	104
0	73
5	149
4	30
11	0
1	55
2	54
2292	0
0	0
0	2328
0	0
0	0
76	1536
33	1519
0	161
0	62
0	79
0	21
0	51
0	0
0	0
0	0
178	0
0	0
0	0
0	0
1	0
0	0
0	0
0	0
244	541
7	516
30	477
0	60
0	19
1	15
0	0
50	1654
0	2748
31	2631
3	1683
2	1474
10	51
4	2835
4	0
813	524
2	542
15	543
0	0
10	341
729	396
1	169
14	201
2	366
2	23
0	27
0	52
0	1
0	353
0	144
0	335
3	333
0	0
19	0
2	5
3155	39685
111	38783
7	38436
3	20147
0	15661
54	20273
54	16883
4	12135
41	8164
21	11860
0	7815
1	6260
52	2249
0	2249
6	2121
2	2249
16	919
1	44
7	258
47	201
22	3
0	0
10	96
2712	250
13	8
10	36
11	14
0	141
0	0
0	1865
1	1853
3	1247
7	576
39	106
2	1887
0	2327
1	2395
1	149
0	210
0	558
0	504
13	572
0	32
0	0
0	0
3	689
4	643
2	627
10	56
2	115
0	657
7	56
0	577
0	507
1	474
42	10
0	27
1	408
36	465
4	430
11	0
60	97
17	87
1	10
9	430
2	318
17	305
0	5
9	201
1	36
5	0
0	60
1	41
944	469
3	468
0	6
35	209
5	206
4	280
38	458
32	306
3	281
12	450
18	149
0	520
0	66
1	282
19	168
1	116
0	0
0	0
2349	719
0	249
0	370
1	99
75	719
13	198
2	660
16	30
0	730
292	0
0	0
5	14804
0	11636
14	9970
19	8485
0	13245
0	0
0	0
0	0
4	2
0	2
0	0
0	0
0	199
2456	201
36	1635
0	1754
21	1570
4	279
6	80
40	627
1	331
1	37
0	241
6	199
18	174
0	0
3578	2
185	1794
19	862
19	932
5	529
0	49
0	14
0	8
1	531
0	0
0	0
0	0
0	0
0	0
0	0
46	183
0	183
22	39
6	0
0	0
0	0
202	285
1	93
2	215
0	13
0	22
0	22
408	22
33	2065
74	2065
11	320
885	557
0	154
7	25
0	0
0	5
0	0
2	0
1	5
6450	1
3	0
13	41
440	559
0	559
7	0
113	30
29	30
86	1194
12	1194
2	17
0	96
2	74
0	8
0	58
0	58
0	0
0	0
9	2477
0	1558
0	1772
0	1775
0	1908
1	1228
20	169
8	0
0	0
0	0
0	0
0	0
0	0
1	677
326	677
148	163
1	0
0	163
0	3
0	0
0	3
2	3
29	2036
0	1542
18	1994
385	1316
0	3
0	0
34	1147
900	1147
10	74
6	800
2	20
6	1
8	1
1	272
3	54
3	800
0	0
39	48
5	2478
919	4578
2	4458
0	522
15	3406
3	144
4	0
160	1480
166	43
1	31
0	0
0	0
0	0
1	366
600	513
2	81
0	349
0	2
0	6
0	6
1	6
0	6
0	1
0	0
0	0
0	0
0	1355
4	1264
0	143
1	62
12	440
2	60
0	23
269	94
0	73
0	56
0	81
0	0
1	6
0	0
2	0
0	0
0	0
0	1
0	1
0	2
0	2
0	0
0	0
8	44
0	39
0	24
0	0
0	0
0	1
0	1
0	0
0	0
0	0
0	0
0	0
0	0
0	0
0	0
0	0
21	641
21	153
3	57
98	19
0	12
7	637
12	1503
5	108
2	330
24	1431
1	881
2	716
2	183
3	226
21	213
0	12
1	6
0	38
4	19
1	39
19	445
95	499
9	479
0	0
210	5400
0	257
1	1069
29	4982
0	255
7	2091
1	32
566	357
23	336
13	340
21	210
3	0
159	916
0	917
37	376
0	85
0	21
19	129
67	47
0	0
0	0
0	0
0	0
0	0
22	30
3	30
0	0
0	0
0	0
0	0
0	0
3	485
4	41
2	450
0	5
0	69
0	0
0	0
10	0
38	6575
292	6312
519	6137
90	4104
11	3674
26	2624
0	718
1021	0
0	0
0	0
3	0
0	0
0	0
0	11
7	770
4	80
5	786
1	0
0	2
0	1
0	0
0	0
0	0
0	0
4623	731
0	314
4	431
0	428
2	57
30	115
16	115
0	4
0	48
2179	83994
7	10110
3	73913
17	2795
0	0
0	0
0	0
163	241
0	41
0	72
0	0
1	90
15	90
27	1162
0	432
0	997
5	987
0	1075
0	1051
1	62
1	75
4	0
0	468
2	83
7	461
0	31
0	86
2	52
6	184
4	140
0	1069
0	71
9	399
422	459
1	85
0	364
0	24
0	19
0	75
4	1
0	300
2	1
0	24
8	288
3	101
0	28
0	9
907	0
15	5220
1	1406
0	4244
3	10
0	2735
23	2965
2	0
0	239
0	1300
0	3853
10	0
1	1
1569	311
0	141
1	170
0	0
0	0
0	6
0	5
0	1
0	1
0	21
0	0
0	0
48	619
3	637
34	702
0	4
22	64
4	7
44	83
0	0
7	389
138	3420
44	328
0	162
0	5
0	2942
10	2802
0	78
332	2859
45	5
0	0
0	0
2	5
0	2
0	4
0	2
33	304
3	270
0	121
4	41
0	0
0	44
1	1
34	2539
0	973
6	35
302	2221
0	32
0	0
77	1069
238	173
0	28
1	99
1	106
0	8
7	354
6	337
0	12
1	0
0	150
0	10
0	38
0	39
1	17
0	22
1	42
0	16
0	354
0	312
415	402
1	150
4	141
0	128
2	79
1	7
0	159
0	0
0	0
4	3497
5	3544
1	693
4	823
7	179
0	106
1200	284
1	0
40	280
513	1
0	0
0	0
0	0
0	0
0	0
3	2
0	2
0	2356
0	2495
0	2451
2	2248
5	16
16	0
19	183
0	11
8	7
2	14
0	0
0	2476
16	645
28	606
0	527
714	6832
12	7
0	5
0	0
0	2
0	0
0	2
1	6826
3	1
0	1
5	24
0	31
4	37
0	4
3	11
0	0
1	0
471	163
0	162
4	0
0	0
0	0
0	0
0	398
4967	536
34	412
19	22
0	0
0	0
0	0
0	0
0	0
0	0
3	0
0	0
0	1019
56	1021
1	2
1	67
0	109
0	0
0	0
0	0
50	0
0	0
0	0
0	0
0	0
0	0
0	0
0	0
221	26
0	26
180	603
1	606
120	505
0	293
1	0
0	0
2	4
8	273
321	273
1	0
0	0
4	2
297	0
0	0
2	505
2	200
21	498
10	5
2	19
2	95
71	348
38	372
209	2942
156	1945
0	1506
5	211
0	1
57	19
0	17
0	5
3	1239
22	12
32	1923
4	0
0	3
0	130
7	4895
0	4641
3	314
0	1868
0	1848
0	56
0	2872
0	1419
19	32
16	32
0	1
7	12
8	0
0	0
4	17
0	17
0	5
12	9
447	221
0	221
0	221
2	1220
17	177
0	944
2	12
26	813
31	653
0	23
0	191
44	111
0	161
34	1732
11	243
0	688
0	1709
0	1846
24	1774
0	333
19	87
7	2
182	146
75	306
0	4
2	21
4	27
0	281
1559	789
0	425
0	154
0	229
21	32
0	170
5	72
3	7
157	483
90	577
0	421
1	216
0	358
2	294
0	0
2058	34
10	31
2	0
0	126
7	1126
19	1209
0	8
3	16
15	50
12	58
0	38
36	83
23	34
1	13
24	14
7	0
5	11
4	11
0	1206
3	889
10	0
0	110
4	218
8	117
3	802
0	47
5	635
1	3
0	0
0	0
2	3
2	3
0	0
0	0
0	0
11	193
198	639
7	254
8	0
0	0
3	325
0	59
0	88
67	739
4	365
1	41
11	305
0	0
0	709
7	334
0	1
0	1
0	1
4	1079
98	842
1	576
0	461
0	521
0	475
0	49
2	134
4	286
1	379
0	280
13	171
2963	3325
6	3044
12	291
353	84
1	2
0	82
51	0
1	7
0	20
168	887
115	888
1	132
3	128
1	42
2	48
0	7
0	6
0	0
0	0
0	0
0	0
0	0
6	1456
0	1529
17	150
61	341
0	105
9	124
4	7
3	298
46	293
4	291
17	9
0	301
0	269
0	353
1	320
83	135
5	0
39	1207
16	1157
30	1208
5	15
0	0
0	1190
199	51
0	51
0	0
147	2675
1	212
164	768
53	1769
1	795
2	137
2	50
0	61
13	8
25	0
0	22
8	0
0	0
4050	3
1	0
0	0
0	0
0	0
1	710
0	1968
1	4782
129	4744
3	4597
11	156
0	67
0	0
0	0
0	0
0	0
60	643
23	619
17	140
0	14
4	115
0	92
90	13
4	39
37	1399
21	177
114	3
0	1227
1	0
6	47
0	190
0	1
24	0
0	1
658	3491
0	3279
0	577
0	0
0	0
0	0
0	0
0	1
2428	3899
1	71
13	3828
0	0
116	0
1	0
0	0
0	0
0	0
31	0
0	51
0	42
0	53
6	117
1	0
4	55
0	3
0	0
0	0
0	0
0	0
2	541
0	542
13	536
8	663
0	83
0	142
0	14
0	73
0	12
0	13
0	0
0	58
1	13
0	74
0	59
0	12
0	6
0	40
0	20
1	0
0	0
33	568
0	163
12	117
23	568
0	0
0	0
0	0
5	1
497	698
18	115
3	208
3	119
2	163
4	97
0	564
32	74
0	11
0	29
0	68
0	12
0	0
0	0
2180	1255
1	1042
77	1251
3	0
12	936
5	865
46	805
8	800
4	35
4	236
0	235
1	4522
0	4914
27	12
21	68
57	1682
2	1443
26	62
0	0
0	155
73	461
3	320
4	489
0	558
0	586
0	668
1	34
33	209
0	87
3	4
0	107
0	103
0	42
0	37
0	4
4	18
1	67
3	59
6	0
0	0
0	0
0	0
0	1
96	2
431	693
0	693
0	0
0	37
7	70
20	0
0	3
0	5
0	0
0	2
0	2
621	542
12	162
0	1
0	26
3	0
0	358
3	2
0	9
0	9
0	2
0	0
3	0
165	0
0	11
127	354
9	9
39	292
1	149
1	58
0	36
1	33
0	0
0	275
1657	289
9	273
0	70
7	143
1	1
0	0
0	0
0	0
0	0
0	0
0	0
0	0
1047	549
20	549
0	0
168	816
6	92
0	288
0	519
0	378
0	123
2	308
7	129
0	388
3605	2245
225	1009
0	68
0	1786
0	699
9	991
4	788
14	705
5	106
0	106
0	422
1	0
23	331
6	89
0	30
721	0
0	0
0	0
0	0
56	9
10	9
0	0
0	0
0	0
0	0
0	0
2	5
137	664
1	664
0	0
0	6
0	0
0	0
0	1
0	3
0	3
0	0
0	0
0	0
0	0
0	1
0	1
0	0
0	0
0	0
0	0
0	1
0	1
0	1
0	0
0	1
0	0
0	0
1854	13898
150	14009
5	3345
11	27
15	588
1	834
3	3012
0	0
0	0
0	0
0	0
410	1724
1	107
34	895
2	1455
0	197
8	20
1	3
0	101
13	101
0	0
0	0
174	840
0	840
17	206
15963	218
0	0
2	0
0	0
0	0
0	0
0	0
0	36
1961	38
0	0
0	0
1	441
104	446
0	371
1	50
0	96
5	47
0	13
25	306
2	83
0	59
2	0
0	242
0	13
0	0
0	0
0	0
1428	606
0	22
0	97
14	541
0	94
0	57
0	7
0	199
0	47
0	93
1	165
0	163
0	42
0	0
0	0
0	3
2	5
0	2
0	0
2	0
435	1
0	0
0	0
0	67
0	62
0	1329
11	1986
0	409
7	235
91	171
0	1986
0	0
0	0
9	0
1194	0
0	2
0	2
1	2
2	12
0	0
0	12
0	0
0	0
0	0
68	0
0	111
0	117
0	94
3	67
4	70
0	0
10	57
0	1390
1	238
3	77
3	72
46	34
1	1390
0	0
0	0
7	4
0	4
645	0
762	775
0	775
0	19
0	0
0	0
0	702
17	852
4	52
9	255
0	3
0	4
0	9
0	9
0	8
0	0
0	1
0	0
0	9
0	0
0	2
0	0
0	8
82	102
0	38
0	98
0	34
0	56
0	2
1	54
0	7
0	7
0	7
35	290
0	0
53	289
0	329
1	28
773	47
0	0
0	4
0	43
778	326
89	326
19	148
54	0
272	930
2	920
0	153
65	79
2	261
90	470
7	252
0	923
0	0
2	40
0	40
162	0
291	29
7	0
0	29
9072	5
6	1
2017	400
16	204
20	8
8	187
3	180
77	180
6	167
0	68
0	67
0	0
0	0
7	1477
303	2328
448	1375
30	1393
74	207
14	227
4	29
34	2105
0	1553
434	5781
3	3078
4	969
150	17
3362	580
2	272
24	9
9	200
1	303
0	0
0	60
34	1029
288	1149
5	159
0	170
0	167
28	228
70	266
22	60
0	0
0	4
2	32
0	0
79	130
0	121
1	7
3	86
0	54
0	16
1816	3
2	1
297	0
101	310
165	310
0	0
0	0
253	58
1	57
2	42
91	387
10	387
3	556
6	231
2	553
7	30
40	596
0	575
4	591
0	596
0	2
0	480
92	116
0	109
5	82
0	0
0	2
1	0
0	0
0	109
35	9
1733	900
24	328
1	879
20	195
15	257
2	60
2	172
0	0
0	0
5	108
74	182
30	320
3	725
0	829
6	940
0	45
0	1
0	1
18	1364
57	1364
0	6
30	0
0	0
533	131
2	130
0	26
0	74
275	1841
118	1765
20	419
13	198
91	761
15	461
2	128
0	120
4	720
6	786
82	760
2	167
0	757
6	8
0	66
6	39
0	92
5	44
0	0
2	5
5	0
7	32
8	33
184	313
0	0
0	302
0	0
247	52
0	52
1	2
7	0
0	150
64	150
471	0
43	432
17	432
1	5
0	35
3	0
8	0
0	0
38	0
431	1187
8	2
1	16
1	18
0	13
0	0
76	200
0	351
0	337
1075	0
1	0
318	291
2	279
0	2
3	175
0	16
0	0
0	0
0	0
0	0
0	0
1	1039
11	1040
0	8
0	1
0	0
0	0
0	0
38	1356
2	1
0	76
0	41
0	61
6	1321
0	367
1751	1084
0	696
0	26
0	0
0	375
4	4
0	0
591	1264
2	214
0	371
1	314
0	46
0	1082
15	119
21	21
5	51
16	5
8	3
1	6
58	206
0	7
3	15
4	203
2	6
0	17
14	11
7	1
0	1
9	956
0	98
0	1461
73	2536
8	32
0	142
1	1
2	0
2	5
2	1190
3	0
0	1625
1930	2668
121	1158
2	2550
7	16
11	329
4	68
3	114
5	987
0	295
3143	268
36	149
23	138
1	117
6	0
10	402
1	519
19	472
0	92
0	19
1	38
71	150
0	1
5	11
0	8
14	91
529	246
0	150
0	91
49	1782
6	1567
4	87
43	1362
2	183
0	6
16	957
6	8
1375	9
52	3042
0	2297
59	362
2	360
14	2367
77	2438
0	2726
2	1576
7	222
47	0
27	5
0	1535
0	11
0	748
0	0
0	0
0	0
15	1206
2783	1537
0	155
2	104
6	71
2	8
0	8
29	23
0	7
0	9
1	3
24	141
0	1
2	146
2	142
3	12
0	21
1	9
0	0
0	0
133	59
23	59
9	0
5	1629
0	33
0	2
0	131
9	69
0	29
0	1
0	13
0	7
1	46
0	5
0	15
20	1
2	0
2	263
0	6
0	1614
12	17
4	45
0	42
0	943
0	943
0	0
688	1
870	199
0	0
1	197
399	11
177	282
0	135
0	133
0	107
2	64
614	514
23	427
14	155
1311	1
424	3769
139	3273
3	56
34	715
5	7
9	21
0	1971
65	2475
1	2237
0	1085
0	62
19	96
4	0
5	1231
0	39
0	39
0	1
18	12
1	10
0	12
2	3
0	3
0	3
0	0
0	0
0	0
0	0
0	0
0	0
0	0
0	0
3	27
1	33
0	33
1	88
0	136
14	34
3	72
0	120
0	0
0	0
0	0
385	557
2	481
1	58
0	0
0	52
1	2
10	0
91	417
22	202
1	428
2	87
1	4
0	10
1	378
2	26
0	29
6	59
0	373
34	32
6	265
0	77
1	58
0	378
0	0
1	0
0	0
0	0
0	0
0	0
0	0
1432	959
4	956
0	716
213	1397
0	57
129	213
0	852
0	716
3	23
2	576
90	32
543	779
20	242
3	55
2	90
53	471
6	2
9	0
14	204
0	356
33	544
3	175
2	200
0	164
0	441
0	386
0	580
0	333
0	0
2	0
0	0
0	0
0	496
24	1333
563	1
1	0
0	0
0	0
0	0
0	0
0	0
0	0
0	2
33	465
84	941
34	938
26	1058
10	873
0	963
1559	967
39	546
17	660
60	54
5	4
1	18
0	2258
1	2284
1	22
0	2184
0	10
11	29
0	13
0	0
2	2184
30	4
17	525
8	406
0	132
17	116
0	12
1	0
0	485
17	1
4039	19282
19	19015
0	1
0	1
0	1
0	1
87	1879
140	1927
15	1478
1	1367
9	87
0	120
55	430
7	118
0	13
4	208
63	195
0	130
1	195
18	1322
0	3028
0	2422
5	2
0	441
4	3
1	3
0	0
263	99
18	61
0	8
3	61
0	23
0	35
0	0
0	0
0	0
4956	2436
3	892
0	402
0	360
2	957
0	4
316	250
14	32
0	120
10	0
0	0
0	0
0	0
0	35
1	10
0	33
3	28
0	1
6	469
297	544
5	488
12	0
0	333
0	0
0	0
1	1
0	0
0	0
0	1
0	1
15	445
1	357
30	101
0	398
0	277
1	116
5	0
13	74
1	56
14	382
14	3
0	270
3928	8757
55	8751
28	1
5	1684
4	1869
12	3830
8	2149
2	4
97	749
0	24
0	317
0	80
9	432
0	55
5	0
3	0
18	49
0	43
1	0
0	8
0	471
8	0
5336	2394
1	495
1	260
10	1062
2	819
47	2
7	955
0	0
176	69
2	22
4	9
0	14
0	10
1	5
1	14
1256	779
12	743
0	520
2	47
0	779
2	39
0	37
36	597
0	8
2	70
1	597
0	62
1	78
2	135
0	99
3	72
13	138
36	242
7	280
1	1
0	81
7	115
0	137
11	6
2	15
0	0
1	204
1268	223
2	55
0	1
1	17
700	1
143	0
0	0
0	0
1	2377
0	0
0	3
0	2
0	168
0	331
0	2928
0	3789
0	2520
5	3808
0	2316
0	1260
2	3810
0	3731
30	262
5	39
0	2389
0	44
4	1389
0	184
14	227
0	117
3	163
1	36
7	155
0	91
8	104
88	667
1	50
14	80
0	290
448	0
6	0
229	4
0	2209
39	1094
5	295
47	303
34	2209
0	154
0	156
0	154
0	159
0	10
0	133
0	128
0	0
0	0
0	0
312	102
1	96
12	6
0	2370
0	2241
8	0
19	2333
0	0
0	0
23	0
2	0
0	0
0	2152
77	2152
2084	0
19	1078
4	1078
2	0
0	0
208	3
3	3
1186	789
0	787
64	3316
152	200
1	19
113	1785
189	830
19	2947
0	0
34	244
2	30
0	91
5	108
0	21
0	0
0	0
0	0
0	185
1	3
0	261
1	741
0	487
0	183
6	483
0	763
0	636
0	758
0	829
0	986
99	1039
270	842
0	372
1	336
1	5
7	123
0	0
0	8
0	9
0	8
0	8
0	0
0	7
0	0
2	45
0	0
2	12
0	45
0	0
0	0
0	0
0	0
24	0
174	2
0	0
0	0
0	75
0	0
0	0
0	0
0	108
0	122
1	90
0	89
0	26
0	0
2	26
1	5
1	1
3	0
0	120
0	108
996	1761
151	1761
0	0
1	1
0	1
15	644
88	670
66	669
6	631
1	179
7	13
0	26
0	0
0	0
117	6465
187	6460
259	511
743	91
195	93
104	3
1	5967
204	7
3	2
0	4
3	608
181	3338
6	3659
4	553
214	928
11	196
0	480
11	436
8	34
2	4015
0	4122
1	418
343	4123
0	956
1	331
26	252
10	0
0	0
0	0
15	5133
26	2611
0	481
1	0
2	0
3	0
2	1339
0	121
3	1323
0	0
0	981
9	764
0	356
1	259
0	37
1	19
25	0
2	5005
115	2136
0	954
38	1866
0	314
0	1626
2	1207
13	68
0	225
14	595
0	596
1	122
0	120
21	438
19	213
303	2
46	1
68	1213
0	2372
11	129
0	137
2153	2297
133	966
0	83
2	8
1	323
5	86
0	23
12	3
51	0
220	2
0	140
0	53
0	1034
8	20
0	607
4	0
1	525
0	372
1	0
13	600
2	11
0	0
0	621
0	83
0	6
5	7
3	84
50	129
262	166
0	112
53	83
2	83
19	65
0	1
0	0
1	1392
2	845
0	4077
0	384
10	185
1	330
4	584
4	3743
539	396
0	386
1	40
0	272
0	95
1	52
75	11295
0	7046
17	1395
30	11219
69	11337
1	719
0	302
13	307
115	37
142	159
208	10626
119	9319
0	8764
0	2886
5	295
0	193
6	193
1	0
0	122
0	120
2	98
0	97
0	47
3	60
0	8
0	9
0	1
2	0
0	122
55	486
14	469
2	30
32	196
0	126
3	57
0	3
9	28
2	19
0	0
0	604
1	695
45	1503
174	1625
8	122
45	111
999	136
3	25
3	292
32	290
6	33
0	13
43	409
0	0
0	399
0	20
2	67
0	69
0	154
24	379
233	476
0	274
4	56
11	3
0	390
1	391
0	156
3	21
25	208
0	6
0	7
2	5
10	396
0	401
0	376
0	368
0	396
4	28
0	50
6	24
0	72
0	78
8	192
0	29
0	31
0	59
2	0
0	320
1	9
0	409
470	17
4	2
0	3
0	14
0	2
1	3153
128	2549
6	340
2	3002
0	162
23	296
2	392
59	377
0	195
1	62
0	114
1	44
0	67
4	1
0	5118
47	3912
202	5264
0	1104
22	1
0	28
1	330
0	325
0	17
0	28
26	54
0	26
1	0
2	0
0	0
0	0
0	0
0	0
2	0
0	0
614	1231
7	296
15	934
945	4615
1	3556
0	2546
0	818
7	1
3	231
3	181
3	317
110	329
1	65
0	9
1	7
0	5
0	1
0	1
1	0
105	1693
0	878
1	591
5	87
13	1022
22	75
15664	21845
164	20307
22	54
25	19133
29	10180
1857	637
7	635
0	360
7	359
0	125
15	360
0	0
0	6
7	354
0	120
7	16
0	300
0	300
0	45
0	309
0	227
1013	3614
38	3240
9	982
1	27
250	0
0	128
4	128
2	4
0	5
0	3
0	3
0	0
0	0
0	0
0	0
0	0
0	0
0	0
3	790
2	781
0	25
8	34
38	237
0	335
1	366
4	679
0	741
1	2
711	638
12	579
0	50
25	72
37	59
0	19
1	0
0	0
117	457
11	808
1	723
6	169
17	442
0	52
0	1
2	1
547	91
66	9
1	17
3	5
1	69
0	4
11	8
0	1
0	1
0	0
0	1
90	96
1	0
15	10
3	21
16	35
0	62
1	67
0	388
97	694
5	676
0	42
12	37
991	119
2	119
0	0
0	0
0	0
0	0
0	0
0	0
182	26
12	26
1	1
669	2
475	26
3	26
5	98
0	98
1	410
0	371
1	371
2	70
0	91
31	87
0	15
0	2
2	2
0	48
60	86
13	3
0	1
0	83
1	17
0	5
0	0
0	0
3	0
0	0
32	68
127	68
0	3
2	3
1	55
1	54
4	53
0	2
0	8
0	48
708	431
0	366
0	42
1	27
0	23
0	10
0	4
0	11
6	50
116	668
8	668
1	78
1040	65
2	36
1	6
0	5
0	0
0	0
710	514
0	62
0	40
0	41
0	0
0	2
1	3
44	384
0	70
1	88
0	11
121	4202
66	3866
0	4220
106	3860
2569	3906
8	574
36	119
75	543
4	507
8	507
3	1
0	0
0	0
73	228
91	583
9	528
0	141
17	2
67	255
131	0
13	8
2	8
0	3
1	1
0	2
286	1498
133	1895
2	39
1	15
0	1851
4289	125
0	124
5	22
177	3048
10	15519
1	1072
33	183
63	4
17	532
0	2559
3	197
51	15251
0	150
0	268
0	112
0	115
2	182
0	62
0	134
0	0
0	0
0	0
1344	283
1	28
6	163
18	98
1	56
3	145
79	497
1872	590
0	91
0	0
0	0
0	0
75	1268
0	1268
0	0
32	13
0	2
0	3
0	42
0	56
1	0
2	0
0	0
2942	995
60	968
78	98
10	71
22719	288
1	270
2	0
0	0
0	0
0	0
941	43
0	42
0	0
207	1404
33	1319
0	118
26	254
6	186
0	68
0	63
4	55
4	55
3	58
0	30
0	0
0	12
0	16
0	7
0	7
1	0
0	0
0	0
0	0
0	0
0	6
21	6
963	1576
0	301
4	96
7	1266
0	2098
114	2194
6	141
84	1344
0	153
3	47
1	0
2	84
1	0
0	0
0	2213
2	1
0	1
0	0
0	0
1	0
0	0
85	31
1	30
1	0
3831	10
0	5
0	55
0	51
0	15
0	7
0	7
0	0
977	9298
12	1162
0	4207
0	178
2	6150
0	9294
76	3755
12	3734
162	3864
79	3666
3	0
0	40
8	1137
52	1071
55	973
22	841
36	109
75	172
20	148
0	0
4	4224
0	0
0	129
7	768
1581	5505
0	702
0	5498
0	5698
0	5433
4	486
0	2210
19	74
198	5734
4	3115
0	488
0	68
0	426
0	369
0	2259
0	279
0	13
0	1
0	2046
0	3410
0	3389
0	3135
0	3135
3	1910
0	1103
0	3273
16	3232
0	2240
0	608
1447	3869
8	14
4	2065
4	141
27	2204
13	3751
94	142
6	462
0	3851
0	2164
0	3866
1	3844
0	3993
2	0
166	870
8	878
35	830
9	135
0	106
0	0
824	0
181	44
1	23
1	21
72	0
0	0
0	0
0	0
0	0
9	3351
12	4031
9	1862
6	2114
1	7
1	2092
1	534
11	434
0	58
19	212
0	160
2	159
0	1
0	1
0	1
0	1
0	39
0	0
33	794
14	34
22	767
0	36
0	263
1	102
1	42
359	803
18	785
7	19
18	628
0	0
9	632
1	610
0	53
13	62
40	21
0	0
0	0
0	0
0	0
0	0
205	1877
36	796
1	196
0	192
3	40
0	1503
0	16
1607	6
0	180
1311	2042
0	3
46	993
0	862
12	1466
228	1500
19	1724
6	324
5	139
13	53
0	0
0	357
0	4
0	1
0	1
0	0
0	4
31	562
42	562
10	15
0	15
379	217
0	215
1	21
0	2
3	0
0	0
0	0
76	20617
31	4319
3	176
2	374
0	329
75	25
142	2754
0	13670
18	3919
2	8696
42	13953
43	3918
1	1624
15	21062
4	20352
0	0
0	0
4	6
0	5
0	1
0	1
0	22
1	0
0	0
9	0
2	0
0	0
0	0
0	0
0	0
73	1357
97	1347
0	1238
22	345
1	569
0	565
2	316
3	36
4	27
133	0
34	80
3	9
1108	1089
152	1807
0	1556
0	1254
8	138
1	518
0	1
0	5
22	5
0	1
2	321
59	468
1	65
29	254
4	14
3	94
0	65
1	387
13	11
0	17
0	86
2	54
263	1180
0	1029
8	1135
39	104
0	0
0	0
48	0
470	250
25	194
3	56
0	0
0	0
0	1297
0	700
0	1338
0	1350
7	107
0	980
1	67
0	420
0	540
0	506
0	704
0	590
0	624
0	589
0	534
0	527
0	492
0	533
0	526
0	606
1	101
1	42
10	56
0	23
0	34
14	95
7	83
28	0
0	0
441	490
1	70
5	420
0	0
0	0
0	72
0	23
0	14
20	312
3	168
2	304
0	0
3	22
0	8
1	2
1	59
45	79
0	75
0	13
0	46
0	35
11	3
0	841
327	86
17	87
0	3
1	1
0	5
0	3
0	3
4	30
20	1250
3	19435
0	106
0	72
0	18415
1	407
0	248
1	1508
6	53
0	414
3	1559
0	35
8	0
0	184
8	192
19	140
5	43
0	0
0	150
0	17
17	6
1	133
0	1524
1	33
1050	33
7	3883
0	3905
0	4119
0	3835
0	4015
0	4019
0	3949
0	4005
65	3987
0	3522
5	95
6	349
90	1
126	14
1	1986
29	3898
4	15
0	7
0	4
0	0
0	3
0	12
0	54
0	61
12	59
0	54
0	58
0	0
0	0
0	10
35	183
0	48
2	63
0	102
0	70
1	3
0	23
0	29
246	21
0	21
784	0
1	0
0	2
0	1
0	0
0	2
0	0
1	0
0	0
0	0
2	0
1	0
3	24
0	167
38	167
0	70
0	3
0	3
0	0
4	362
122	583
18	2
7	178
7	13
432	723
2	38
1	418
0	298
0	0
0	0
0	0
0	0
1348	648
25	648
0	0
726	690
1	523
3	176
0	188
0	54
1509	194
3	1
0	193
3	1075
9	56
4	15
47	1033
2	935
49	364
0	27
152	286
21	65
2	158
0	12
3	88
0	67
0	124
0	0
4	130
0	91
0	130
1	1072
34	1662
6	210
12	412
6	452
0	200
1	79
20	94
26	24
20	85
0	18
0	0
61	1402
193	696
16	1272
0	18
24	116
5	525
3	32
0	290
18	299
0	202
0	100
0	46
0	7
0	305
6	1020
59	3170
1	20
1	244
0	48
4	0
0	35
2	27
3	26
1	5
0	69
5	3132
6	2634
3	2553
0	913
0	994
0	959
0	779
3	752
1	208
4	472
0	3
518	3751
205	2516
33	2166
10	35
23	1248
2	875
0	0
15	260
2	232
0	24
0	231
2	218
0	73
0	80
1	163
1	55
0	231
8	188
0	13
0	192
2	36
0	2
2	57
0	31
0	3
717	104
117	103
0	0
0	0
0	16
0	13
0	6
0	16
1	11
0	0
0	0
0	0
10	0
2827	42
0	40
0	0
0	1955
0	1942
0	1884
0	3
9	10
34	33
5	35
0	20
0	4
0	0
0	35
0	0
0	0
297	4838
206	4706
2	1470
7	497
39	271
30	0
17	417
0	1497
2	159
1	188
0	3
7	13
0	5
0	4
0	2
0	2
0	0
0	0
13	2
1	4
1	2
4	149
25	20
3	51
17	190
5	149
0	0
0	1
0	1
0	1
1687	163
7	2
3	71
6	127
4	72
485	471
2	497
449	2879
0	223
43	625
0	2375
77	523
0	30
0	232
1	29
3	222
0	0
49	0
2	0
0	0
0	0
0	0
161	2641
179	3100
0	0
11	468
0	0
57	1541
451	1622
34	1478
0	863
5	721
11	672
0	27
0	36
0	3
6	158
0	469
0	812
0	913
2	475
0	851
0	121
0	0
0	913
0	0
46	284
354	284
33	2038
0	118
0	283
14	197
5	33
16	0
0	296
0	277
5	115
1	169
0	295
18	0
1	1
113	2119
116	1828
160	1885
2	206
87	7
0	0
0	21
0	21
0	384
1699	959
1	674
0	83
11	222
7	60
0	0
0	0
0	0
0	0
0	0
0	0
0	119
106	274
24	1
0	42
7	131
10	0
0	61
6	137
2982	503
0	203
1	300
0	488
179	499
0	10
16	25
495	1230
0	71
6	0
1	1159
82	58
44	54
1	27
0	10
1	0
1	2
637	949
0	20
5	274
0	0
0	9
0	0
19	1097
0	1097
3	178
2418	311
38	134
44	203
27	15
6	0
0	9
8	881
0	0
10	986
0	986
0	0
142	70
0	52
0	35
14	44
0	39
4	9
1	7
0	0
0	0
0	0
0	0
0	0
114	17352
46	11749
49	15516
46	6926
2	2010
2	2336
0	12375
19	11800
0	104
0	1268
1	6785
0	573
1	104
8	35
0	35
0	0
1	20
0	166
0	138
2	134
0	0
1	0
1	0
0	0
0	0
0	0
0	0
711	10
38	10
1	65
0	9399
0	9462
0	9424
0	9570
0	9124
0	1661
0	1720
31	230
230	360
4	9227
1	0
1	97
2	0
0	1
0	254
418	298
0	1
0	47
3	36
0	0
0	0
0	0
0	184
0	187
0	69
20	41
0	13
0	0
0	168
0	6
0	18
0	22
195	824
2	652
3	43
1	57
0	102
11	170
8	964
3	326
5	96
0	0
2	29
0	20
7	1
7	0
0	1
0	1
0	0
0	0
0	0
0	1
127	8032
1	6551
0	8033
20	7745
179	185
5	16
4	1259
0	1661
5	582
2	816
0	1102
69	1331
28	36
2	46
33	44
0	241
64	726
0	0
692	880
1	109
1	149
0	13
0	157
0	345
41	198
26	301
0	0
0	0
0	0
0	0
0	0
0	0
0	0
0	0
0	0
0	0
0	0
0	0
0	0
0	0
860	865
13	865
105	2995
135	5014
1	4405
3262	4922
53	16
25	189
0	187
381	429
2	379
1	58
84	22
0	110
0	4
0	2
0	2
1	0
781	10
2	2
0	9
14	0
144	1
0	347
18	35
3	11
0	2
0	63
9	219
0	277
26	0
31	1
846	171
2	0
9	3
0	0
3	33
6	65
21	69
2	28
0	28
0	0
0	0
94	6364
783	5139
131	3121
268	2982
0	0
16	2119
2	62
359	1553
1	740
2	784
0	150
32	106
4	288
2	143
5	0
0	0
0	0
343	157
1	103
3	8
5	21
1	826
5	1092
0	3185
1	873
6	3339
0	2284
0	0
0	0
0	0
1	0
0	0
0	1179
13	170
44	1179
120	0
214	4067
5	8
1	374
12	3921
1	380
7	208
5	361
16	202
0	54
1	0
11	4
0	0
0	0
0	0
0	9394
36	1043
74	2539
32	313
34	12
305	2344
0	1244
62	6
5	652
1	61
14	627
1	936
7	1503
0	0
0	2
0	2
0	93
0	74
0	27
0	15
0	0
468	363
1	3
0	361
2	43
0	39
0	35
0	0
22	2037
47	1725
24	1468
2	131
1	509
0	157
3474	2
3	157
0	3236
76	1
1	1046
5	86
0	995
24	147
3	1010
4	112
3	2
6	15
13	60
86	67
781	20
0	20
2850	93
1	92
3	0
5	110
0	110
0	5
0	0
0	0
0	0
29	415
27	415
2	43
0	0
0	0
0	0
0	0
0	0
0	2576
48	2665
17	146
16	0
11	233
2	137
2	66
274	7245
193	347
220	263
8	6723
0	302
328	6305
5	662
601	75
0	75
0	7
0	1
2538	4763
0	5106
2	3124
1	3287
296	3181
8	1253
0	4592
0	1873
0	523
526	93
0	36
3	36
0	4
0	778
1	811
5	76
0	1
1	63
12	0
0	39
0	381
20	697
6	679
43	25
0	16
0	0
0	0
7383	1148
66	7
174	145
11	982
0	781
0	7
8	124
0	0
0	0
0	0
0	0
0	0
2	10
0	8
0	0
0	8
0	10
0	0
0	0
0	3
0	0
0	3
0	0
0	0
6	24
7	610
11	466
1	307
1	626
115	619
0	500
92	64
468	62
0	7
0	40
1	0
1	16
5	4
627	0
167	68
33	68
387	693
243	0
2	403
0	439
44	435
5	7
14	21
0	4
0	0
0	0
0	0
0	0
155	44
4	33
6	11
24613	3275
0	2342
2	1269
117	861
1	1515
0	1
176	3616
0	1162
27	1393
9	1134
41	2708
0	2518
0	729
3	27
0	1282
7	0
2	499
38	0
4	461
4	138
65	886
78	1017
4	447
0	0
1	202
11	7
9	27
63	597
3	597
8	13
9	27
742	28
35012	20
5	348
0	327
12	297
6	202
19	47
0	5
7	8
1	0
0	3
2354	1128
6	1051
16	2
1	74
0	0
0	0
0	0
34	587
625	587
9	328
2	301
0	299
6	12
0	325
0	281
4	75
0	70
0	48
15	43
1	9
0	20
24	48
1055	4129
0	250
0	0
273	3579
3	37
0	24
28	263
0	0
6	384
0	295
7	119
36	902
2	22
31	30
0	0
0	22
0	24
0	24
6	8
10	0
0	1
2	3
0	1
9	3
52	67
0	67
556	1391
11	172
27	26
0	18
3	18
604	0
0	0
20	343
14	334
3	339
0	3
17	189
22	382
0	276
15	203
2	5
0	33
0	2
0	33
0	226
11	226
0	77
0	58
0	30
25	34
5	40
0	77
0	30
4	37
0	190
4	208
9	249
4	153
66	27
81	10
359	0
3124	35
7	34
643	300
4	38
1	300
66	4
0	4
0	2
0	2
0	0
0	0
0	0
3	107
6	150
10	294
5	39
0	280
610	1
4	0
2840	738
12	402
1	431
0	560
0	20
0	561
0	396
1	3
0	0
3	43
0	66
0	3
0	3
0	3
4	680
3	613
0	616
13	201
1	221
3	10
0	38
2	14
5	10
14	46
4	14
0	16
0	0
0	0
1993	4492
6	4519
1	3734
26	1067
0	109
0	285
3	280
1	243
2	13
50	2
13	1
9	84
0	4
1	1
80	78
0	45
0	39
0	0
0	0
0	0
0	0
0	0
0	0
0	0
0	0
49	132
4	132
0	2
0	0
0	0
0	0
0	0
0	0
0	0
0	0
0	0
0	0
118	980
1	803
4	163
0	448
0	60
0	12
0	0
0	0
7	1180
101	1180
1085	1179
0	23
1	229
0	0
0	0
0	0
0	0
0	0
0	0
0	0
0	0
0	0
19337	268
0	261
1	0
3	4
0	4
2	0
0	0
0	0
1	798
4	623
7	119
36	757
0	1199
265	551
0	589
4	26
0	0
0	0
0	0
0	0
0	4
0	0
0	0
0	4
0	0
1	1607
4	1811
49	1074
0	972
0	784
1	559
13798	10116
1	1805
8	1163
2	1685
5	1024
11	6021
4	3699
0	3656
1	153
0	196
0	0
0	0
0	0
0	0
0	0
0	0
0	0
0	0
0	0
0	0
5383	411
16	357
38	51
0	0
0	0
0	0
0	0
0	0
0	4
13	528
44	528
0	61
0	71
0	0
0	0
4	174
4	1021
37	906
0	38
3	1958
222	994
5	1123
3	33
0	12
6	9
3	1390
4	1382
0	1
2	5
0	0
0	5
0	19
5	952
0	1019
0	1072
0	1026
16	41
0	977
0	280
0	838
0	941
1	30
1	1084
10	1130
2	1034
0	84
0	939
0	775
0	709
3	146
85	74
0	142
0	0
37	199
57	6160
2	2054
1	5104
35	5964
1	4230
18	4083
0	2807
1	3733
6	243
0	1576
2	1034
0	1148
1	1080
6	1012
4	1306
8	0
1568	3749
20	59
0	63
295	4427
144	4453
340	107
15	304
91	453
0	397
2	56
0	2
131	196
0	122
6	120
0	91
3	49
0	49
0	43
0	32
8	12
0	3
8	26
5	28
2	10
2	12
0	6
3	1
0	354
0	1258
0	1411
0	79
0	1227
115	960
5	268
1	15
12	308
6	154
12	4
1	70
0	102
0	459
0	455
4	65
6	65
0	65
1	59
0	52
3	51
12	0
3	0
1	143
16	140
28	194
16	80
0	207
4	202
1093	0
1	4
0	56
2	233
0	7
0	29
4	236
34	226
0	6
0	20
0	0
0	0
0	0
7	21
93	1273
1	67
3	19
0	1204
10	87
223	1554
4	1451
14	1048
6	78
318	3804
0	444
15	79
5	229
0	228
13	2590
9	1949
1	24
1	183
1	24
0	1948
0	0
0	0
0	0
0	9
0	9
0	2
0	0
0	8
0	2
0	8
13	320
69	253
15	219
0	114
0	0
0	0
0	0
0	0
0	0
0	0
214	74
12	60
5	14
0	1
0	1
0	1
0	1
13	11
0	11
3	0
0	0
2658	3004
100	277
0	2726
5	604
0	4
0	66
0	66
0	589
0	84
2	142
4	92
46	271
6	1
0	441
0	1
1	193
1	182
0	102
3	153
0	327
0	78
0	2
1	3
0	24
0	6
5	7
193	18
0	18
3	5
0	2
0	0
0	1
0	3
0	3
0	1
0	0
0	1
1	0
3	0
136	1737
31	1737
0	216
0	0
0	0
0	13
3	13
2	1
72	278
6	249
0	20
11	70
8	70
196	383
0	377
1	38
46	7
0	0
119	2287
54	1558
136	963
2	208
0	595
25	651
75	653
2	382
16	395
1	1981
14	645
0	34
2	35
0	0
0	0
0	0
0	0
619	216
0	213
0	0
30	27
0	24
0	5
0	0
0	0
98	208
11	18
362	1222
94	1223
4	1
207	0
0	56
0	57
0	0
0	5
0	0
2	1577
17	1477
25	294
3	0
4	13
2	7
0	0
34	33
0	10
3	29
16	533
0	51
137	0
0	0
0	0
0	0
0	0
0	0
0	0
0	1186
0	63
0	63
24	647
13	511
3	291
1	0
4	48
36	317
0	169
17	1
8949	5725
0	1940
10	1087
0	286
3	250
5	1932
2	26
1	1458
0	0
0	0
1	0
129	17
63	1
128	17
43	532
3	0
0	0
0	0
0	0
1	35
6	35
0	5404
0	4463
0	821
54	2500
0	624
20	148
14	4859
8	4492
1	265
6	119
17	383
11	308
7	4
5	35
8	103
11	5873
453	485
0	487
11	487
2	0
0	1128
35	1156
3	2796
303	1076
852	12325
112	13737
3175	4492
0	1033
9	4
1	208
0	22
0	222
105	177
35	8063
0	0
80	1099
281	1376
9	864
2	18
112	10
0	0
0	0
0	0
0	7
0	7
0	7
26	698
13	698
1	85
48	6
0	4
202	106
0	3
0	105
2	47
0	40
0	6
0	7
0	1
0	6
0	6
182	60
1195	79
28	18
4	0
0	0
96	4575
96	2727
0	1148
143	862
0	670
19	3390
20	160
0	927
0	51
3	2684
47	2167
70	1325
4	514
20	911
0	3
0	0
4	6
1	3
0	0
0	0
0	0
0	0
27	4177
48	4145
189	4326
44	1025
0	334
50	1110
0	28
1	58
1	126
0	0
1	11
0	1
0	1
0	1
13	0
0	78
0	80
0	2
0	0
0	0
0	0
0	0
0	0
0	0
0	0
0	0
0	0
0	0
0	0
0	0
0	2
0	0
0	5
0	1
0	0
0	0
0	0
0	76
0	80
0	0
228	1033
22	1057
3	27
104	0
2	1
0	1
0	1838
1	2275
1	2147
16	89
7	88
0	86
0	0
0	1
378	406
0	344
6	178
11	0
6	22
49	0
0	0
29	1481
152	1522
0	0
5	32
15	141
0	661
11	0
0	0
0	0
0	5
0	2
1	148
74	365
6	241
0	24
2	6
6	4
54	1584
56	1323
0	944
85	0
420	4
9	129
0	0
0	170
0	944
22	2873
2	3204
0	438
0	3618
0	0
0	3370
0	0
0	0
1744	70
1	1
6	70
0	10
0	10
99	594
9	0
2	594
1089	260
0	260
4	0
3	0
0	0
1	0
0	0
0	0
0	0
0	0
0	0
0	0
0	0
0	0
752	0
13	335
70	289
6	334
0	0
0	7
0	8
0	13
0	11
0	6
0	51
2	506
0	1409
1	1358
0	58
1	1357
0	29
0	187
31	1351
0	84
0	50
0	0
1110	417
3	33
2	384
36	87
52	1
1	32
15	6
0	6
966	1333
3	1137
3	316
0	82
3	68
7	379
5	8
4	116
3	20
13	3
1994	537
4	535
6	1311
12	1104
9	829
17	7
2	388
15	0
0	35
0	764
11	162
3	166
1	0
6	15
19	154
0	8
0	0
0	0
4	26
0	26
240	50
2	56
10	60
2	1148
1912	1338
20	0
20	1
0	32
0	9
8	101
0	0
0	0
1	807
3	10
94	817
749	20678
4	20681
0	19098
0	193
1	4991
245	4619
1	1067
2	926
4	811
3	423
3	0
1	9
2	8
11	1085
39	923
12	99
5	942
4	90
23	3
0	97
13	0
0	7
1	324
2	42
1	44
0	31
1	3
0	11
0	11
0	3
0	1
0	0
0	0
0	0
0	0
358	2261
67	2261
67	251
1	0
0	0
5	329
5	398
0	134
0	134
0	125
3	0
4	20
9	33
63	168
4	186
2	140
15	152
2	30
65	558
16	559
3	2
26930	14518
0	14102
30	361
20	341
2	21
79	0
18	26
9	26
2	0
11	293
0	64
0	2
0	4
5	229
0	23
49	453
1012	3037
97	202
6	2632
0	2078
0	32
2	637
0	24
9	54
0	9
0	22
0	15
0	7
0	3
0	3
0	2
1	1
0	0
47	1
157	225
120	225
0	15
0	11
0	9
0	7
0	6
3	21
3	33
11	37
7	33
0	14
0	1
0	0
150	1
0	1
0	6
0	1
0	6
0	1
0	1
0	0
0	4
0	6
0	0
0	4
0	4
0	0
0	0
0	0
0	0
0	2
0	0
0	0
1	0
0	0
1	0
0	0
0	4
780	148
6	0
0	0
0	3
0	2
0	143
127	162
134	49
0	323
10	323
0	323
5	319
0	46
1	37
0	0
0	0
2	0
17	143
2155	317
5	269
0	0
3548	103
14	103
16	696
0	5
7	696
110	696
9	121
13	42
0	29
0	63
0	36
5	36
63	28
0	7
0	1
0	0
0	0
0	0
816	1136
2	740
22	447
7	121
0	0
0	1
8	24
0	8
7	2
0	0
0	1
0	1124
0	1
0	1
404	152
4	62
10	147
3	1930
0	1549
0	2375
0	281
915	2125
176	1930
69	163
89	157
4	6
0	0
0	0
0	0
0	0
0	0
543	441
6	443
0	338
1	44
423	164
7	148
0	8
0	15
0	3
7385	7
34	281
9	215
0	76
0	174
157	12
0	12
15	237
0	237
0	134
0	73
7	86
0	88
2	63
6	86
0	67
0	9
1	3
2	0
0	0
4	357
0	0
1	38
0	5
0	8
0	357
214	608
354	1220
4	715
1	280
0	194
4	105
9	167
0	136
2	12
0	56
0	1
0	1
0	0
0	0
0	0
0	0
0	0
0	0
0	0
0	0
22	4
0	2
0	3
27	727
22	8
18	446
0	437
1	535
0	51
0	65
1	144
3	286
0	166
2	104
0	48
77	3134
71	713
35	0
16	2514
20	1876
21	2525
1	1741
3	1913
3	448
0	0
3	54
118	45
4	44
1115	1
0	1837
1360	3781
0	1660
0	2216
2	91
2	2216
0	38
12	593
10	255
123	923
151	467
1	400
2	308
0	3
0	72
1	4
2	186
457	101
1	101
92	178
0	178
0	17
247	502
34	20
72	200
0	149
2	95
0	149
7	18
0	0
0	0
0	0
0	0
0	0
0	0
0	0
1	413
4	430
1	413
2	379
1	78
1	58
1	9
0	15
1	24
0	8
0	0
0	0
4	0
3	0
0	0
3	1
0	2
12	4
0	3
23	8
1	8
0	0
0	0
0	0
0	21
0	24
0	46
0	17
0	0
0	0
0	0
0	2
0	26
0	7
0	13
0	36
5	25
0	0
0	21
0	15
0	6
2	13
0	6
0	12
0	24
0	32
0	84
0	95
0	63
0	81
0	129
133	139
0	131
0	134
0	114
0	92
0	100
1566	167
1	166
1	66
0	0
3	194
493	966
3	0
0	3
2	316
6	56
0	76
19	280
1	198
41	3100
61	1625
0	1981
0	2140
16	1703
181	982
4	1361
7	29
0	2627
0	859
0	34
411	2961
0	237
0	2225
8	1164
11	335
15	923
2	181
0	443
0	287
9	206
0	202
66	185
247	353
3	0
7	951
0	7
15	432
13	273
54	845
0	943
0	0
0	1643
1026	1643
0	0
0	0
0	0
0	0
1	0
4	0
0	0
546	374
0	296
94	161
35	109
0	0
0	0
10	1128
0	312
6	489
0	1098
0	200
1	78
0	22
1	40
0	731
0	2
5	39
381	102
0	83
106	166
2	166
1135	219
0	0
235	0
13	3
0	3
771	683
0	391
5	145
4	178
9	206
3	104
0	6
26	25
8	1540
439	1215
5	242
1	3075
0	1468
0	1444
1	1201
0	1075
24	2338
16	3
0	254
1	29
3	2
0	54
0	1507
172	6408
0	6014
0	98
0	3205
570	5927
1	2144
0	2015
3	613
13	339
2	433
0	959
0	74
73	0
67	428
17	75
0	33
0	0
0	0
3467	2
41	5
0	5
0	0
0	0
6	2863
126	2863
0	65
0	366
255	388
0	98
3	386
49	4979
31	616
10	4832
0	4639
8	4564
24	5
0	2178
0	444
20	6
7	0
2	0
5	0
4	96
0	2338
0	1
0	1
13	5664
70	5528
0	4348
0	5526
6	5057
73	3217
6	4987
0	44
1	276
15	944
0	0
1	858
23	1449
1	1328
2	544
0	786
2	217
0	421
0	532
4	85
0	532
0	433
0	2
0	96
0	0
0	30
0	852
0	802
15	1074
4	567
17	411
3	112
2	2
0	295
0	46
90	75
0	4
6	29
1	24
1	0
37	3729
431	3740
2	653
402	3608
0	168
1	167
5	201
7	204
20	360
4	1
0	46
29	113
13	77
23	2150
10	2082
92	1864
2	949
16	345
3	207
16	153
4	60
23	345
26	86
0	203
4	292
12	316
209	658
45	89
13	53
0	53
0	2283
346	113
3	113
5	284
741	531
1	319
5	161
4838	977
0	934
1	39
3	2285
2	0
1731	57
0	31
0	28
4	44
2	18
17	2447
0	2435
0	2347
0	1285
5	919
0	248
9	303
23	255
0	224
7	59
0	2408
0	2434
986	79
5	47
1	19
14	1
0	13
0	1
13	1332
12	860
0	1318
1	576
0	13
126	0
64	1
0	13
0	1
0	0
2301	2817
49	2818
81	746
742	510
0	508
14	407
1	42
315	78
1	72
0	4
1	27
0	3
0	6
2	0
0	0
2	3019
0	2251
0	1147
0	2458
99	3219
0	1972
146	3214
64	2699
0	673
10	1002
0	24
4	7
1	32
13	49
0	84
123	488
19	525
0	26
0	54
9	1739
366	1739
584	5954
4	5954
9	2678
0	137
3	2
0	4
0	12
0	137
5	369
0	344
3	176
0	363
4	35
2	4
0	2
1	3
3	2
24	148
0	83
0	32
0	65
2097	0
106	0
119	201
5	200
6	9
0	9
0	7
0	1
24	19
1	19
0	15
0	4
1	4
0	3
0	242
191	308
13	129
0	97
18	122
0	71
0	21
0	24
5	22
163	2294
0	2132
0	336
28	101
56	90
0	5
335	55
33	115
4	28
1911	93
0	39
2	5
10	26
0	2
0	22
0	0
11	625
3	604
0	638
0	138
0	178
0	92
1	73
2	8
0	65
5	61
8	16
1	4
28	21
16	519
0	77
8	396
16	77
6	500
0	32
3	47
14	71
0	53
0	158
254	158
0	49
3996	52
1	47
12	680
71	662
114	1323
43	679
0	88
3	195
0	212
1	5
2	2486
13	2659
0	1368
29	1405
13	155
9	106
0	50
55	103
0	0
661	3015
30	3474
0	3286
41	2575
0	1420
0	699
5	1272
28	1130
0	1160
0	1126
21	348
58	801
3	218
0	265
0	31
0	3013
66	0
4	116
8	116
2	6
0	9
0	0
0	0
0	0
0	0
0	70
0	70
0	69
0	69
6	69
0	0
0	70
1	70
0	0
0	0
0	0
1119	0
0	0
0	0
0	0
0	0
0	2
0	2
922	66
3	53
22	60
0	0
18	578
59	300
3	220
1	81
0	120
0	623
0	285
9	762
0	0
0	0
0	0
0	0
0	0
520	2
16	2
0	0
0	0
0	0
0	114
10	141
0	295
7	30
0	529
29	655
0	657
4	1275
0	832
0	1218
0	1257
0	370
0	709
282	1263
106	17156
1297	17160
63	11830
1	1509
26	71
1	68
0	0
0	0
0	0
1	0
0	0
5	14
0	0
0	14
0	1
0	3
0	0
0	3
0	10
6021	2749
3	2144
15	2562
6	812
0	1971
64	2153
0	1743
0	2471
6	1
6	520
3	759
13	47
0	0
17	53
498	432
2	9
0	100
0	153
6	3
2	44
1	5
0	17
31	37
0	20
80	10
0	190
10	59
0	0
16	760
0	77
0	778
0	13
2	768
0	57
21	0
19	161
0	767
808	137
0	137
2	72
0	0
0	0
0	0
0	11
2	0
19	63
0	63
1	34
0	0
0	0
0	0
2212	0
0	0
11	0
70	1762
0	1813
1	597
0	487
0	199
3	507
22	204
0	108
5	60
2	45
0	6
40	12
2	12
6	47
4	29
0	18
0	7
0	1818
1	10
0	10
255	236
52	199
0	159
1	98
11	55
1	37
37	79
16	7
0	7
12	62
0	0
0	6505
0	182
0	170
0	98
0	115
0	17
2	6
1	2
0	5
0	0
3	0
6	468
8	86
0	363
0	20
0	29
0	2
0	5
0	135
3	467
1	0
0	0
2	2876
0	2973
0	3722
0	3722
9	3723
488	4168
0	2274
0	885
12	171
0	134
60	105
5	15
8	37
2	15
2	75
0	13
0	14
2	1253
0	1229
48	1433
2	1358
10	1352
5	525
0	153
1	172
3	6
0	13
23	1649
0	1598
11	1451
202	1675
18	914
1	10
27	70
0	1119
2242	231
0	0
0	0
2	17
1	0
2	16
0	7
0	15
8	0
0	0
0	0
0	0
476	177
15	177
1	207
578	320
1	1
129	0
1	114
0	0
26	0
0	0
0	0
4	40
0	40
0	0
0	0
0	0
0	0
0	0
0	0
60	3845
0	3822
2	1751
58	260
170	1232
17	1007
157	14
191	1
0	0
0	19
1	19
885	14
2	2
9	137
0	262
0	195
0	47
0	49
0	78
2	89
3	125
92	164
0	3
1	1084
316	1082
5	936
233	781
0	123
1	16
0	781
0	0
0	0
0	0
0	0
0	0
7	0
62	79
769	243
0	177
0	102
2	100
1	106
0	0
0	0
0	76
0	1
0	0
0	47
5	106
0	2181
20	2181
85	2181
7	5
0	349
19	2018
7	2022
56	1150
0	60
0	112
0	0
0	0
2	2
0	2
0	0
0	0
0	456
15	472
20	148
0	122
12	58
0	19
7	42
0	12
0	0
0	3
0	1
0	4
0	37
4	60
0	19
0	47
0	0
0	47
0	6
18	0
0	3
0	3
0	203
7	203
0	0
2	29
0	1
0	1
27	2200
6	2093
0	70
0	2066
1016	295
2	295
0	210
0	0
0	0
0	0
12	0
5	2279
54	337
1	1842
6	1999
98	1706
0	2107
0	6
2	27
22	310
0	40
18	360
0	1
0	1
0	0
13	170
0	526
4	493
3	64
18	242
0	11
8	147
0	2
0	0
0	0
0	0
0	1
0	3
0	3
1	0
0	0
0	0
0	0
0	0
6	255
57	258
0	234
1	160
0	17
4	29
1	29
20	0
0	0
0	0
0	0
8	96
0	3
0	9
0	6
0	11
0	80
0	27
19	0
4	4
56	47
6	12
0	47
11	14
0	3
0	1
0	2
4	1
2	0
2	6
158	112
10	112
23	0
3	823
0	793
0	109
0	25
2	376
0	0
2	496
0	498
0	449
0	102
0	79
1	94
0	9
0	20
0	0
0	60
1	4
35	78
4	75
0	74
0	1
0	6
2	1221
40	1506
0	1593
9	81
0	1466
0	1033
3	481
0	1012
0	0
10	105
2	665
40	333
1	15
0	1431
5	222
0	160
2	0
0	229
0	0
0	0
0	0
12	2
0	2
0	0
8	44
0	44
0	33
0	2
3	3
0	2
0	2
0	2
0	2
0	2
0	2
0	2
0	0
0	0
0	0
0	0
0	0
0	0
0	0
0	0
0	0
0	0
0	0
0	0
0	0
2	8
20	2
258	377
0	364
7	354
1	73
0	19
0	4
0	0
39	1840
0	91
0	57
2	1
0	81
5	73
19	7
27	0
0	1840
45	4444
326	4444
2	65
0	0
0	0
1037	4759
5	4751
21	88
4	76
3	0
0	0
0	0
0	0
0	0
0	0
0	0
0	0
0	0
0	0
0	0
0	0
5	1456
85	1623
6	688
29	919
0	273
0	2
240	326
7	327
0	227
4	12779
2254	12783
132	389
10	380
18	335
0	328
0	292
0	271
0	0
0	0
7	6
0	8
1	1
11	4
0	0
0	5
0	5
0	1
107	463
0	460
12	236
0	193
2	19
0	1
0	0
0	1
0	1
0	0
0	1
224	499
24	450
5	394
0	0
2	112
0	0
42	2878
15	0
0	2878
0	0
0	0
589	1077
5	2
1	149
0	1049
722	1634
1	9
13	1625
2	0
1	0
3	267
63	307
10	311
0	38
2	273
0	10
0	226
1	22
0	8
0	0
22	212
0	1
15	202
21	7
0	0
0	0
0	0
2	36
0	6
2	34
0	7
0	0
2	45
2	48
0	45
0	2
5542	7
72	33
0	3
0	3
3	5
1	0
55	25
10	0
0	0
0	0
0	0
108	206
0	139
0	149
27	5
29	538
0	287
18	255
0	38
94	321
71	380
0	132
1	116
0	204
0	0
1	74
0	20
1	0
11	20
1	20
0	18
0	20
4	8
0	6
0	7
91	1067
0	27
3	5
0	5
0	1052
29	538
22	541
0	472
0	566
8	0
1	357
0	75
0	109
1888	580
2	577
0	200
5	0
3	71
12	71
313	74
1	82
11	0
10	25
6	25
0	26
3592	86
4	83
0	0
30	697
3	27
0	280
3	396
0	36
7	706
2	0
79	500
0	0
15	1
1	0
2	1
2	63
0	70
354	2760
32	2752
0	2
1	2
40	3
0	3
0	0
0	0
0	0
0	0
1888	149
2	149
0	0
140	936
0	936
318	4149
2	3630
396	4144
0	228
2	446
0	682
3	375
0	0
0	4354
0	1931
20	1102
0	2219
0	330
3	483
2	0
0	44
2	4670
905	346
1	26
2	350
0	87
0	81
0	2
9	60
1	3
10382	12
1	0
157	1655
118	1655
0	0
0	2
7	112
0	112
1088	1
32	0
342	543
1792	574
1	509
2	492
0	371
0	80
118	129
0	36
54	36
50	233
0	144
17	68
39	53
0	32
0	60
0	89
1	1
36	41
0	6
4	3
0	0
1	7
0	3
0	28
51	0
0	0
0	0
0	0
0	0
26	0
1	0
0	0
0	0
135	1
988	489
0	424
0	411
0	306
6	333
0	255
0	213
2	152
1	93
0	93
1	10
0	306
685	256
0	1
0	87
1	117
0	125
916	23
0	23
159	0
1	586
7	686
18	625
1	186
1	0
0	367
1006	1
3	0
15	1
15	1642
32	4037
0	3726
143	3566
2	35
11	2863
0	13
0	0
0	2588
0	113
12	173
0	43
0	18
3092	1
0	0
0	0
1	0
0	0
0	4
0	7
0	3
44	0
132	43
0	43
0	3
105	0
3	196
0	4
707	201
0	50
321	709
161	138
0	262
0	440
36	70
5	396
5	674
144	723
197	878
13	272
1	723
0	1531
46	1425
0	833
1	100
9	27
0	24
10	1
1	169
14	107
23	137
8	1
0	42
0	112
4518	21
3	19
765	0
1	0
68	668
7	476
5	651
0	60
0	60
5	128
0	55
18	50
17	9
5	29
1	1
23	1
19	9
4	150
10	1656
4	1540
0	560
0	93
2	79
2	1
0	1658
0	1705
4	117
618	2476
23	2390
3	1
9	1085
71	748
0	0
0	0
140	1236
7	1961
326	6239
92	995
53	5794
1	39
12	1
17	83
0	137
60	396
1	23
7	157
2	73
5	94
10018	6
64	359
34	443
57	427
13	24
6	80
4	16
2	25
9	23
0	3
18	2
7	3
0	14
0	0
0	0
0	0
0	6
0	6
0	0
0	3
0	0
0	0
59	2
0	0
1	42
2	53
0	0
4	0
0	50
406	0
0	0
1	327
0	328
1	80
4	4
1	51
6	104
5	80
2	25
0	0
0	1
0	0
0	0
55	427
86	540
0	35
96	8
35	360
10	0
2	160
0	86
2	1
0	1
0	2
1453	51
3	0
0	52
3	40
24	71
0	16
1	1
0	69
415	0
1426	456
1	460
2	250
0	0
1	0
0	0
674	919
17	436
2	679
0	0
4	3
0	829
39	616
83	4372
0	4106
5	164
0	2754
0	0
0	0
19	0
141	25
2	25
0	0
9	0
20	0
0	0
0	0
0	0
941	3069
52	3069
361	0
0	0
4	36
0	36
0	0
0	0
0	0
0	0
0	0
0	0
0	34
0	0
20	184
0	165
1	4
25	102
229	0
0	0
0	0
0	3
0	3
3908	4452
0	2099
0	3005
0	3679
4	0
14	159
3	2129
18	168
0	584
0	2116
0	878
38	423
53	423
0	155
12	58
1	39
12	92
1763	162
0	24
1	144
0	42
22	71
35	300
4	144
0	157
0	150
0	0
0	186
51	0
153	2235
52	856
2	796
127	171
0	510
0	111
20	52
0	158
12	14
64	0
1	557
2	0
1	49
0	1357
3	1137
46	1165
0	376
0	325
0	196
3	105
22	376
5	1262
0	34
23	1081
5	210
0	582
53	358
22	1247
4	16
4	115
0	0
0	280
0	1266
1	54
1135	873
0	492
8	590
4	793
0	640
0	300
0	116
0	1
0	131
0	0
0	0
0	0
1	0
8	580
0	335
0	580
0	2
395	564
0	197
0	0
0	0
0	210
0	2
0	7
10	67
0	29
16	6
0	20
0	2
4	14
3	0
0	67
0	0
0	0
5	0
2	0
0	0
134	165
0	99
4	2
19	186
35	987
0	916
11	538
35	503
57	67
0	394
1	37
4	23
1	61
0	1
19	9891
8	463
221	3374
2	3494
11	9183
29	2771
0	1
37	582
1	653
0	667
0	230
0	264
0	264
0	264
3	2
0	23
0	2821
96	78
21	266
0	220
0	189
0	0
132	143
0	141
0	0
10	635
47	648
2	30
7	14
8	35
10	29
5	21
1	0
0	19
1002	3283
15	258
0	2
0	2228
1	580
25	49
51	3136
18	2931
0	0
0	0
0	0
0	0
989	180
0	179
1	127
0	0
0	0
0	0
1	2139
0	1101
22	761
0	1854
4	281
0	0
0	0
0	0
25	1537
0	1169
0	295
7	63
0	238
0	226
0	0
1	214
0	219
1	3
0	54
0	55
16	0
0	1459
0	0
1169	0
37	490
2	651
123	537
1	376
36	2
7	8
10	22
124	1269
0	1162
11	1139
17	991
0	103
1	7
6	118
0	318
0	50
0	16
8	24
0	6
0	0
1951	566
31	556
0	9
19	0
2	0
292	451
9	463
5	301
430	1
1841	578
32	578
0	0
62	0
277	115
0	115
1888	7582
0	7447
0	418
1167	1561
312	1561
0	0
1833	1043
56	406
25	307
2	26
39	333
0	346
0	58
0	304
19	188
0	53
0	39
0	14
0	1
0	8
0	40
0	10
0	0
0	335
33	2453
15	2431
0	2392
3	219
0	82
0	0
3	9
107	609
0	9
8	8255
5	338
55	5650
2	322
52	7355
7	327
3	43
4	659
0	1
0	0
1	1
0	0
2	0
1	0
0	0
0	0
12	29
0	29
2	10054
4	10276
0	3117
16	3313
0	4746
0	44
0	187
2	501
0	13
0	569
0	2
53	104
74	15877
0	15745
0	1604
14	2271
31	484
8	2809
25	195
2	0
0	916
0	300
0	670
75	1232
113	1346
4	0
0	1
0	1
0	1
0	1
0	1
0	0
19	69
1	52
0	52
3	0
0	0
0	0
1274	548
7	34
36	512
0	507
0	493
0	459
0	500
2	452
0	307
0	169
3	52
0	143
10	150
20	124
0	93
0	111
0	107
0	115
0	94
0	102
0	53
0	40
0	52
0	28
0	0
0	8
0	4
0	459
2102	1
46	462
4	31
0	18
0	2
0	108
0	462
0	0
17	267
1	35
0	357
0	318
0	44
8	208
13	200
2	5
3	0
0	42
1	79
0	17
0	0
9	0
0	321
0	0
0	0
3	0
0	0
0	0
0	0
0	0
0	0
0	0
0	0
0	0
0	3
0	1
2	39
2	5
0	7
0	29
1366	2
258	11
0	11
0	10
0	0
3	131
0	84
0	81
3	113
0	13
61	81
1	77
3	68
0	0
0	0
0	0
0	0
0	0
93	35
1	34
2	7
0	7
0	735
158	737
1	141
0	724
0	5
152	2475
157	2511
5	853
1	220
0	1
0	601
30	605
24	115
31	957
14	11
25	651
0	411
12	345
8	222
2	90
1189	800
20	219
32	219
4	50
1510	78
0	0
0	0
5	0
0	1403
1084	1524
5	36
5	0
0	827
0	8
0	120
16	824
0	994
0	629
3	963
0	790
0	341
34	8
0	181
40	282
4	118
1	1
7	0
196	160
0	74
1	9
0	0
1	34
0	34
0	9
0	5
0	0
5723	1319
64	1094
0	312
10	467
0	267
243	0
0	136
0	297
1	364
17	9
1	52
0	374
1	2
0	1
1	14
0	1
0	12
1	19
0	19
0	0
0	0
0	19
0	0
221	134
5	126
0	0
0	0
0	0
0	0
0	0
0	1
0	1
0	0
0	1
420	1324
0	1292
0	814
0	1207
0	121
14	52
6	205
1	54
10	135
0	136
0	117
7	5
0	4
0	4
698	0
0	0
0	0
0	0
0	0
254	305
0	6
8	6
0	250
14	0
24	0
0	16
0	17
0	288
22	38
2	1
0	7
0	30
4239	477
198	251
14	311
16	14
0	0
0	0
0	0
0	0
0	0
0	0
0	0
8508	603
4	347
0	190
0	53
0	65
225	2
2	1
0	0
199	1771
0	1264
4	103
3	254
2	34
0	13
0	0
0	103
0	77
0	1714
0	0
0	0
0	0
221	70
608	315
20	209
0	0
251	148
5	139
27	18
0	14
0	0
19	0
0	304
0	288
1	253
0	278
0	293
0	24
32	36
0	0
5	4
33	19
2	22
8	1
769	82
0	38
0	0
0	44
0	0
0	0
0	0
86	7
0	4
0	3
0	0
0	0
0	0
0	0
70	1101
283	2322
16	1872
6	242
1	607
2	204
8	19
0	1
0	0
0	1
60	41
0	41
0	9
3	2
5	9
8	9
65	751
25	623
0	151
1	0
0	0
3	22
0	22
0	1
0	0
0	0
1	15
0	2
0	3
0	3
0	0
41	882
22	141
0	867
18	593
16	0
2	92
0	0
125	422
17	422
0	0
0	0
0	0
0	0
0	0
16	4607
767	4607
0	0
0	0
0	0
0	0
0	0
132	5
4	5
0	1
0	3
0	3
0	0
3	0
2662	218
0	19
4	149
3	0
0	47
285	426
0	426
4	19
13	2153
11	2025
116	3
9	688
26	473
0	241
0	10
8	1668
448	4912
1343	3391
279	3569
31	152
42	2812
17	362
1	151
34	105
0	0
7	2695
36	2799
5	394
0	135
15	152
4	0
1	68
23	22
1	1144
6	4
422	2
0	1
3	24
5	84
1	96
1	36
10	0
0	0
0	0
0	0
249	0
463	42
9	20
2	0
4	22
0	22
7683	27
321	212
26	122
32	52
2	92
0	19
1	6
249	1298
45	1336
16	173
3	280
0	112
36	145
0	457
50	406
4	89
0	0
0	0
21	863
20	863
0	577
0	36
66	175
0	39
9	6
0	524
99	730
0	231
8	560
11	574
11	523
13	254
0	471
0	34
2	7
11	1
0	2
0	2
0	0
3978	748
4	564
0	2
0	181
0	0
0	0
0	0
43	0
303	0
0	0
83	165
5	165
2086	1
3	0
3	0
21	0
3	0
20	59
106	59
0	9
0	2
0	0
0	0
0	0
0	0
0	0
11	1926
38	3010
24	1521
0	576
0	265
14	107
2	765
0	5
7	140
0	0
0	0
0	0
5	1230
111	1323
0	1151
27	273
8	297
0	263
0	262
5	14
0	268
0	239
0	262
0	226
0	0
329	82
8	79
43	0
868	0
0	0
0	0
0	0
0	0
0	0
0	0
0	0
0	0
3	22
1	22
2	18
0	10
98	788
5	760
46	33
17	34
1	30
23	28
42	0
1	21
4	0
0	0
0	0
235	67
854	67
1	24
0	24
1	6
0	1
0	436
14	46
0	453
42	307
587	631
32	190
2	446
3	401
0	5
14	105
0	1
19	999
0	2
23	908
0	1393
4	1
1	1
0	1165
247	1573
4	1410
1	0
181	1314
19	1121
66	113
2	1114
142	880
0	15
1	0
3	492
0	450
4	234
5	395
0	74
7	196
2	255
3	191
0	131
5	131
0	5
963	644
24	275
6	87
0	263
1	376
0	0
0	0
566	481
2	337
0	44
2	49
0	108
7	0
94	2308
4	2
6	48
41	2149
0	1606
0	24
0	0
2470	919
1	636
18	87
0	136
1	312
0	0
3	268
48	224
0	169
1	34
24	2224
40	269
356	2564
0	391
20	123
187	123
0	18
0	0
6	18
37	0
6	2462
0	0
0	2059
71	2461
0	2379
13	2247
3	78
47	1321
1	3
0	0
0	0
0	0
0	0
1344	71
0	39
0	40
37	2482
6	2060
29	1548
0	1709
16	192
2	1728
0	13
0	2352
0	2192
14	0
0	12
2	268
12	1192
43	192
0	38
18	304
0	0
0	0
559	14133
303	11937
9	13353
1	2515
0	1244
9	2844
60	130
0	113
4	134
8	45
0	0
0	0
0	0
0	12
156	54
1	42
14	2
4	1444
0	1444
0	2683
3	86
0	407
74	2664
2	0
5	604
7	541
0	498
50	193
1	71
1	28
27	3033
0	827
1	81
19	134
0	233
17	251
0	6
0	700
2	415
0	119
3	363
1	179
4	179
0	3236
0	0
0	0
0	0
0	0
2735	106
5	105
1	57
6	57
0	0
0	0
0	0
1045	1242
0	1235
3	103
6	0
10	37
46	37
0	174
140	1401
5	1401
1	8
0	0
31	29
1	29
93	0
1	0
0	5
0	5
1	1
0	1
47	94
16	94
0	204
10	412
47	321
3	47
17	223
0	22
2	23
0	56
0	49
0	0
0	1
6	27
255	1755
14	1646
22	48
0	148
11	272
1	109
2	6
6	103
10	0
0	149
0	129
0	120
112	255
1	116
2	31
10	138
24	119
65	217
0	0
0	0
0	0
165	704
118	704
2	34
1	34
4	8
323	197
13	164
133	65
0	0
0	61
0	38
4	25
19	1
0	40
1	0
33	708
0	637
9	657
0	352
0	222
4	43
0	16
3	14
1	71
3	3
1	71
8	30
0	2
3	1
7	277
2	305
50	180
10	146
4	2
0	2
57	3
1	1
0	0
0	1
0	1
0	0
0	0
0	0
80	39
0	2
0	2
0	1
0	5
6	303
165	645
1	378
3	42
21	1
0	2
0	2
396	21
5	3
0	18
0	57
13	89
12	32
0	134
0	139
10	139
5	168
65	173
5	74
1363	372
9	28
0	43
0	116
1	56
0	28
20	24
1	88
0	76
0	0
0	0
0	0
0	0
59	241
2	247
2	10
4466	4298
1	3854
1	3610
39	2576
0	2374
0	0
23	1919
22	153
10	37
16	11
371	55
23	54
6	0
1	1
2	0
102	36
0	0
0	25
0	36
0	2
225	0
0	0
4	5
1	5
100	142
3	142
0	0
0	0
84	33
1	33
0	0
73	113
29	76
1	17
0	96
0	0
0	0
0	0
0	0
908	1330
12	838
6	272
1	125
0	228
58	5
393	1
44980	19126
0	8576
0	10408
1	3561
118	0
146	184
23	97
20	193
39	56
1	25
3	248
0	348
3	323
11	223
0	28
0	32
14	2
0	2
0	0
14	8829
25	8037
25	1910
8	1068
0	1345
2	60
0	0
9	878
0	3
8	2
68	210
16	4
0	355
40	263
2	291
0	252
6	64
6	333
1	83
2	12
0	231
1	0
0	355
112	349
1	5
0	64
0	294
1	0
5	204
33	204
0	3
14	148
0	0
6	36
11	36
5	84
6	89
8	112
0	100
0	8
0	10
0	21
42	86
0	85
1	0
0	0
0	0
0	0
346	8
0	8
5	2499
0	2094
4	477
1	7
13	555
11	119
10	201
261	174
23	50
0	864
11	48
0	18
0	0
0	0
0	0
457	97
0	96
0	35
286	154
143	199
134	172
80	0
3	78
0	158
1	154
1268	2495
0	2393
458	210
2	177
0	33
6	853
19	853
8	0
0	0
0	0
0	26
0	29
0	24
0	0
14095	25353
207	25506
298	25047
0	23638
0	21906
2	1102
19	150
0	892
3	779
1	108
4	678
99	558
0	124
0	0
0	594
0	484
4	98
0	101
0	21
0	0
0	0
0	0
0	5
0	5
0	5
0	5
0	5
257	1147
0	962
0	851
0	22
0	577
0	39
0	54
11	915
8	791
0	570
18	634
33	864
1	896
0	137
9	242
2	290
7	225
4	19
4	247
0	1203
714	1330
0	182
3	168
3	253
13	0
2	0
0	0
0	0
0	0
0	0
0	0
134	17
4	17
22	531
22	271
1528	547
0	128
296	730
30	308
6	29
52	12
12	387
0	49
186	76
0	76
4	123
0	143
103	143
0	18
14	14
0	1
13	8
0	5
0	6
0	2
60	127
1	99
0	41
7	49
0	0
0	592
6	579
0	734
0	1166
19	1125
3	1116
0	1173
0	709
0	702
0	666
1	4
4	2
22	637
29	3
0	0
0	144
0	50
0	101
4	100
0	39
0	70
0	0
0	0
9	18
0	3
0	0
0	0
0	0
0	0
0	0
0	0
0	7
31	53
3	6
776	248
13	242
11	13
0	13
58	300
2	0
2	297
0	0
0	3
0	26
0	24
0	6
3	17
2	6
0	0
1	33
0	296
7	280
0	268
0	285
15	134
4	97
0	3
1	3
0	3
0	0
0	0
0	0
0	1191
1	1067
3	342
3	171
48	79
0	0
0	2
0	2
0	0
0	0
26	56
0	56
30	11
5	0
2351	537
6	17
0	519
0	6
0	7
0	3
0	3
0	0
3	0
0	0
2	0
3	1954
0	1551
0	1954
1849	57
8	12
6	50
4	1
0	1
2076	0
4979	3
2	6592
512	6592
12	599
0	0
0	0
0	0
44	896
0	913
9	900
23	862
0	911
0	806
15	118
3	20
2	6
2	5
1	1831
39	2224
13	2121
21	2233
0	1997
43	2209
0	1820
136	27
0	1997
0	1
0	1
0	384
26	627
4	316
5	0
1	5
3	162
7	0
3	0
19	21
0	1
0	20
0	4
0	3
0	0
3	4
0	2
0	0
0	0
3	56
0	56
2	48
0	13
0	32
0	23
2	14
0	5
0	6
1	0
22	108
2	58
0	69
1	29
282	0
0	0
1218	2
0	21
5	1
10	233
308	107
2	211
3	52
29	260
430	755
1	755
3	229
2	19
4	529
0	92
4	37
113	789
0	192
21	538
2	3
0	23
0	6
0	32
1	32
1	31
0	17
0	5
0	3
0	0
0	1
0	0
0	4
1115	0
1	0
0	0
0	0
0	0
0	1
10	1
0	0
526	1486
4	444
7	3
3	8
0	366
7	102
0	753
0	0
4	45
1702	0
1	35
0	26
18	4
7	1
1	8
2	5
0	13
38	484
23	510
0	291
4	72
214	5901
109	7084
1	261
1	1886
179	0
4	1800
0	20
2	38
0	158
0	93
1	140
0	18
0	1514
0	1800
0	206
6	169
0	115
0	112
15	0
5	30
0	39
0	228
0	0
0	0
0	0
0	0
0	0
0	0
0	0
0	0
0	0
0	0
0	0
0	0
0	0
8	38
11	7
0	75
31	330
91	196
19	150
2	13
0	85
6	342
3	26
3	29
0	49
9	46
176	957
13	960
0	28
0	0
0	0
585	250
4	90
70	213
2	357
32	357
0	0
0	0
0	0
0	0
6	0
0	0
0	0
0	0
0	0
0	0
6143	186
0	178
6	1
4	0
194	649
5	330
0	318
3	319
1	33
0	0
25	1
0	1
0	1
0	1
0	0
20	11
0	11
213	67
1	67
0	21
0	16
0	5
1	9
1	2
2	0
0	6
0	0
4	0
0	0
0	0
0	0
10	485
37	129
0	89
0	145
0	485
0	14
74	1616
1	11
0	110
0	64
1	1583
2	5
2473	1214
0	1204
1	42
0	0
0	0
0	0
0	0
0	0
176	0
0	0
0	0
0	0
1	0
0	0
0	0
0	0
0	0
0	0
0	6
969	83
0	0
0	0
0	0
0	0
116	2326
77	2326
0	0
1	1
0	0
0	0
0	1
8	0
15	221
1	8
11	152
0	155
0	150
1	114
1	20
4	4
7	0
0	0
0	146
0	0
0	0
6	1312
0	654
26	604
1	497
0	199
10	890
10	0
581	3781
2	3702
3	373
6	42
2	6149
0	187
69	7317
134	7407
0	92
0	116
191	7409
0	1814
20	14
0	5
0	13
0	14
1	3
0	2
226	1466
0	1318
0	271
46	56
7	0
21	123
14	86
91	101
4	194
120	131
50	511
0	532
0	91
2	0
0	552
0	0
0	0
100	77
0	25
0	3
0	49
63	4413
25	4256
7	4089
9	79
0	221
67	1130
6	1
38	2809
6	131
0	2527
16	97
25	1570
4	1095
32	538
393	281
12	86
23	6
26	142
0	0
0	0
0	0
6	44
0	41
1	11
0	0
0	0
1010	741
0	460
3	0
5	234
4	281
1	20
6	0
0	246
3	243
4	178
2	244
0	62
29	230
0	250
0	130
9	67
0	29
2	16
10	4
0	3
1	5
0	241
0	240
0	189
0	254
4132	20621
26	19553
14	20916
12	2731
32	588
6	38
1	85
0	33
1	67
1	51
0	2731
30	0
39156	16227
1967	15498
164	3304
1	650
1701	1924
5	384
10	19
4	489
7	80
1	396
10	508
8	65
4	452
24	145
1	38
0	0
4	10
1	6
0	28
0	0
0	66
3	2
3	1
187	2786
20	2780
8	2326
0	117
1	474
8	0
0	254
2134	2573
1	966
1	1491
2	1322
1	561
0	86
0	1278
129	997
8	444
0	711
0	232
280	436
0	435
0	31
0	71
0	0
0	0
0	429
0	11
14	320
3074	324
7	5
11	5
2	0
20	0
79	312
62	3153
333	3543
0	1499
0	1302
0	87
1594	0
0	0
0	0
2	0
0	0
375	759
0	719
10	0
47	523
7	764
2	147
0	191
0	371
0	24
0	468
1	78
2	133
0	258
891	1
0	0
0	0
0	0
0	0
1	82
6	97
0	1711
1	809
0	1595
5	1699
13	1436
1	197
0	1121
13	59
1	59
0	0
0	50
0	80
0	0
0	0
86	0
0	0
0	0
2595	166
11	99
0	55
3	12
0	0
0	56
770	57
1	0
0	12
23	98
130	159
0	114
7	0
3	29
44	638
0	15
43	505
1	308
0	35
1	123
0	140
0	147
17	57
6	3
0	0
0	0
0	0
0	2594
0	2669
0	2886
0	2911
6	94
3	199
1	4
13	257
0	184
1	182
6	143
8	180
2	26
21	4
2	175
0	3013
0	2994
52	0
2	0
1591	236
4	0
2	0
1506	490
6	101
0	224
0	212
316	71
10	1
3	70
0	0
0	0
0	9
1	10
5	10
5	0
1	9
0	0
0	0
1746	409
1	409
0	98
1	86
0	12
0	41
4	7
1	75
147	347
0	12
1	102
37	347
1	18
10	62
0	30
0	19
846	105
0	8
1	92
8	12
167	876
21	24
2	85
0	16
1	2
0	328
663	306
0	276
24	128
4469	1866
19	798
2	1107
0	1107
1	1106
0	454
3	265
25	274
0	0
0	0
0	0
0	0
1	0
2	37
0	1
0	1
0	1
0	1
0	1
0	0
2	0
0	1
0	1
0	1
3387	1659
615	3771
0	3322
0	3555
0	0
0	0
2714	1676
0	718
1	935
9	934
0	11
780	1038
0	212
0	0
0	25
0	715
0	2
0	0
0	35
0	35
3	31
2	0
6	0
0	0
0	0
0	0
1	628
13	24
0	628
318	0
0	0
0	0
0	0
144	12
0	7
0	6
0	7
6	20
0	20
0	20
0	0
1	0
1	553
14	603
1	290
0	2
0	2
0	0
0	2
47	968
1	216
7	352
0	0
0	877
4140	894
2	815
0	168
7	77
142	183
7	4
11	69
3	99
7	21
7	31
19	1
13	71
19	7
1	1724
1	0
6	1017
2	1017
22	999
21	795
31	1776
0	0
0	1229
25	2182
1	190
2	89
3	102
8	59
1	0
0	2216
0	0
0	5
0	5
110	3615
1	60
0	300
12	163
7	2141
5	96
6	53
1	266
3	3613
0	2
5	2
2	33
0	12
9	11
3	8
0	58
3	39
2	33
0	1
818	0
0	99
6	98
126	420
1	323
90	306
2	60
5	0
0	0
0	0
0	0
0	0
8	3116
61	3460
0	379
99	824
0	1162
4	150
0	229
36	476
17	1252
10	1157
0	274
0	433
118	407
31	451
0	0
0	2
0	13
0	1296
0	0
0	0
0	0
0	0
0	0
0	0
13	295
0	365
0	73
9	229
2	162
8	64
11	70
15	162
0	72
0	306
168	648
2	583
161	263
0	0
0	0
325	1380
1	1268
3	550
1	21
0	0
0	0
7	23
74	0
1	0
1	15
0	1047
0	970
8	960
1	916
29	886
1	911
0	17
1	868
0	865
0	773
63	756
6	1
27	43
0	43
1	137
10	265
60	254
2	8
1	0
0	0
0	2
0	2
869	581
0	344
1	1
3	286
0	171
0	3
2	413
5	1148
50	892
0	813
0	43
5	0
1	39
384	1658
0	1134
9	1527
0	516
4	258
15	173
3	83
135	0
22	607
0	0
1	0
0	0
40	2529
0	50
0	2379
0	2364
0	42
0	0
6	3
0	94
0	245
8	725
11	349
32	327
0	285
0	106
89	145
163	50
4	2
1	12
1	23
0	102
453	15
0	15
0	1
0	1
0	0
0	0
0	0
0	0
0	0
91	50
0	45
7	43
7	43
0	0
0	0
0	0
0	1
0	1
1	145
2	135
1	5
0	16
0	2
0	2
318	105
2	96
0	42
13	16
9	0
0	0
0	0
1812	411
36	310
450	101
19	0
0	0
0	0
0	0
0	0
0	0
0	0
0	0
0	0
0	0
0	0
7	9
8	9
8	0
57	71
0	11
1	0
0	60
1	39
4	32
0	2
0	27
1	24
1	26
0	4
0	4
1335	124
7	45
1	158
0	127
25	115
26	154
0	15
0	110
21	97
0	19
406	30
0	0
1	3
5	2
0	1390
5946	1392
11	521
6	549
0	0
92	17
0	17
0	10
29	39
0	36
1	18
0	7
1	7
0	0
1	2
259	538
12	50
0	22
107	544
15	447
0	63
2	50
2	192
21	201
1	20
0	20
0	16
0	10
0	5
3	1
0	0
0	0
0	0
0	2
0	8
0	22
0	23
24	28
1	5
2	0
5	3
0	27
115	25
0	17
0	7
0	0
0	2
162	263
4	27
29	263
0	0
0	165
0	0
0	0
0	0
0	0
1	0
6	0
0	0
2	1
8	154
7	133
10	49
2	186
119	188
0	0
0	8
1	157
0	137
0	79
0	65
0	6
0	40
2	40
6	0
0	0
0	0
0	0
0	0
0	514
117	314
0	513
1	190
0	195
0	111
0	105
10	107
4	79
0	73
0	75
0	0
0	17
1	32
1	11
81	32
0	2109
151	8039
0	362
0	2639
1	2
56	61
3	40
0	365
8	335
2	119
0	214
0	8173
5	3
0	3
0	1
0	0
0	3
0	1
4	5
2	116
1	7
0	20
14	110
0	7
1	103
2	99
0	3
0	5
0	51
1756	2
2	1
37	1
18	16
2	16
0	9
13	51
428	302
0	278
0	61
258	9899
0	2603
149	10136
1	8444
1	9072
45	9271
495	5773
71	5573
138	2697
0	3831
3	3098
1	952
1	3301
1	27
6	44
0	3280
0	1197
0	1276
0	83
3	336
102	12
0	12
0	0
25	573
33	174
26	289
0	993
1	966
48	696
1	153
96	75
7	59
0	65
58	374
11	276
26	228
0	0
0	0
2	3406
0	3199
180	3796
2	1945
1	325
0	3137
57	766
13	159
11	1197
18	1159
0	629
0	850
3	82
0	8
0	0
1	45
2	52
3	55
5	46
0	0
0	0
0	0
0	10
0	0
0	0
19	0
0	1167
687	1190
0	576
19	116
1	251
5	158
5	718
1	686
1	7
1	25
0	198
0	56
8	2
0	50
0	55
0	293
10	1240
0	1240
4	731
236	731
28	1139
1	1139
0	0
0	2
0	2
0	0
1	2
0	1
2	16
4	17
0	0
2	0
0	4
0	4
2	68
0	3
0	2
0	4
0	7
0	4
0	0
0	4
12	36
3	36
0	2
0	3
18	220
0	28
1	220
1595	0
0	94
1099	437
9	261
7	7
13	47
79	111
63	3742
147	3749
60	3073
38	42
1	111
8	3751
0	0
3924	1840
4	1838
4	1723
1	326
4	71
0	301
30	6482
11	6019
113	4715
15	3194
85	2538
636	5
170	2529
13	3030
455	2937
54	2454
0	52
12	0
351	23
3	23
0	0
18	2593
1021	2628
16	1753
10	1312
0	88
0	5
14	88
0	14
0	1
6	743
1	392
432	741
22	84
3	84
1609	447
42	310
25	287
0	192
1	30
0	17
0	1
0	16
6	0
1055	2131
61	1704
22	1073
0	1793
21	2
0	2
0	0
0	0
865	191
13	191
39	0
0	0
1	1481
82	1434
0	4
2	166
1	33
1	29
1	15
158	215
0	264
56	1543
475	1544
1	154
0	117
0	1140
0	1157
75	730
1	668
11	267
1	512
11	96
19	48
1	115
12	54
3	37
6	1156
111	7820
17	7218
0	4218
0	3797
5	3736
24	3697
19	3781
22	3755
69	3584
1	471
139	257
14	108
2	54
10	3
146	501
0	232
3	204
0	92
4	117
13	120
2	17
0	16
53	123
0	151
15	115
176	1430
105	1432
10	219
5	372
0	126
2	166
0	33
655	5999
0	201
2	5799
12	13
6	18
5	162
0	116
1	618
7	742
54	0
683	837
38	692
22	29
1	0
15	130
0	0
5	0
385	1141
0	902
0	1139
0	922
12	9
0	112
0	108
0	3
0	5
0	0
33	0
758	0
1352	7
31	5663
167	2909
0	200
248	5412
3	226
0	0
1	5664
0	2
1	2
0	1952
238	1953
3	219
0	6
1	419
0	210
0	136
0	0
5	0
9	0
0	0
44	386
0	387
28	342
0	359
2	337
0	312
1326	2336
0	2046
167	2320
55	1050
247	1049
0	1
967	712
0	1313
1	1182
6	0
188	531
13	80
1	399
0	36
0	23
10	221
0	376
0	0
0	21
1	131
28	4
1	32
873	12840
98	11985
0	1213
7	81
20	72
1	533
148	9110
86	8701
9	5382
76	8577
68	6
69	290
39	959
97	191
392	191
59	146
24	146
0	38
5253	4650
0	1089
6	283
6	4622
0	463
0	23
0	197
25	148
15	146
4	130
0	31
1	22
0	713
246	587
5	161
10	70
5	109
1	249
16	335
0	1
1	326
3	61
0	146
0	167
5	2
0	2
565	2488
0	2519
0	1047
9	2
6	1149
0	1348
4	472
7	320
0	377
38	348
0	22
2	0
0	0
0	0
914	103
0	11
16	92
0	1
0	0
1369	3251
12	2817
26	524
56	2608
5	2645
0	2114
0	1762
1	2106
35	242
0	148
0	0
110	21
0	19
0	2
13	228
653	240
0	29
32	23
41	16
1	1
635	4
2	4
833	407
0	388
0	224
0	44
4	236
82	762
49	256
3	340
0	61
2	723
0	201
4	2773
5	2703
0	1922
0	1232
0	1385
0	1231
0	1276
0	1244
3	1314
0	1259
3	1258
0	1224
0	20
4	127
12	0
3404	2337
6	2094
14	261
0	176
61	225
11	195
2	103
20	151
0	7
0	19
0	21
16	4
1	33
1	3
0	0
0	0
2	0
0	0
0	0
0	0
0	0
3	0
0	0
811	0
0	4
3	811
1	1063
0	480
0	446
0	471
3	179
3	388
0	274
0	28
0	11
1	14
7	47
3	318
2	321
1	42
0	3
5	95
0	60
0	59
3	76
0	2
1	14
0	17
0	51
3	38
0	2
165	0
0	0
1	0
0	0
180	186
6	105
35	61
0	5
0	0
0	0
0	0
0	0
0	2
0	2
0	13
0	0
0	0
2	0
0	9
0	0
3	11
0	8
2	0
0	0
0	0
0	4
0	0
0	0
0	4
3	10
0	4
0	149
2	7
11	4
0	122
0	147
1	0
0	4
0	25
0	11
3	9
2	4
0	1
0	1
328	97
0	7
1	6
1	84
1	6
114	0
0	0
1	2
0	2
0	0
13	2228
130	1994
4	1401
8	258
4	48
0	55
0	14
0	2
4	33
0	27
0	0
13	23
0	4
0	124
0	137
18	3411
11	311
3	2056
0	3356
1	2121
2	0
0	2115
47	3333
0	2143
0	3407
0	19
0	2121
0	3391
0	240
0	0
0	3396
2	0
31	0
1	0
0	0
359	780
0	187
6	444
20	601
86	32
0	128
102	1428
1	12
58	1127
26	1003
499	977
1	40
0	687
6	1
1	289
2	133
397	918
0	1
10	918
0	201
0	242
5	391
1	0
0	0
0	0
66	699
20	707
7	699
0	626
26	524
3	279
0	331
7	329
3	334
0	343
1	262
0	86
0	0
7	434
7	367
0	39
5	348
31	11
0	0
3	0
0	11
0	9
418	868
3	869
9	22
0	545
0	681
0	709
0	788
38	610
0	162
1	14
8	236
0	251
1	0
0	0
0	316
5	0
0	0
0	0
0	0
0	0
0	0
0	0
0	0
0	0
0	0
0	0
0	0
0	0
18	579
81	579
0	474
7	153
0	59
7	62
0	14
0	10
0	5
0	4
0	1
0	7
0	1
0	0
21	7
2	7
0	0
0	0
0	0
0	0
0	0
0	0
0	0
0	0
42	2
1453	4
0	0
0	0
1730	2336
316	2393
0	1188
69	912
17	1702
45	269
0	4
4	149
0	272
0	106
6	2
1	1
1	0
414	1522
55	1485
0	511
27	365
1	21
84	0
0	0
0	0
196	1093
91	1102
4	852
0	670
4	88
40	1982
0	1
0	1715
0	604
0	7
0	121
3	435
1	199
162	0
0	4577
20	156
166	4661
0	2
0	0
8	54
0	1
10	1
70	1
0	27
1	0
0	0
93	0
2	9
0	55
339	1280
7	109
38	67
0	12
0	5
19	5
2	0
0	1235
4	477
0	400
0	254
12	222
8	107
0	0
0	0
0	0
0	0
332	0
0	0
0	0
79	1331
4	540
9	999
96	1850
5	1030
11	420
94	2056
7	23
14	1964
1	1464
0	2050
365	2341
1	3370
0	3531
0	3887
52	3616
3	3585
69	1674
0	301
0	357
0	198
1	91
1	20
2	3756
1180	157
8	157
102	9
0	9
520	4633
29	4633
28	25
5	157
2	70
0	199
0	239
26	924
5	553
43	845
0	93
1	62
4	109
0	198
12	118
0	74
3	4
0	922
8	5071
25	5011
52	546
13	160
81	31
0	0
17843	5518
1	4916
2	107
7	68
19	1512
97	3961
14	3753
0	2069
0	968
0	209
1	1456
2	212
40	88
9	72
0	12
2	12
0	6
0	0
0	11
0	7
0	2
0	0
165	1704
39	1444
24	875
66	91
21	48
2	56
53	7
0	91
0	24
9	614
2	160
0	14
98	36
1	2960
0	1334
3	11
22	2
27	369
33	341
11	250
6	2
1	0
7	174
23	114
1	1
6	0
0	2959
1101	944
0	881
0	0
0	62
484	1313
64	1241
4	339
28	267
36	227
2	33
0	0
3	441
81	2745
337	2746
1	442
629	0
369	932
7	937
1	25
459	290
0	288
0	0
302	101
1	101
0	0
1157	457
1	425
4	148
0	42
0	0
5155	2278
16	172
168	2329
16	2117
1	109
5	82
1517	82
11	4
0	4
503	0
0	0
0	0
0	0
396	579
1	257
10	0
0	0
5	322
0	0
0	1
0	0
0	0
0	0
0	1
0	0
82	1843
69	1754
1	1518
4	1629
0	19
0	39
0	477
0	280
2	1586
2	22
188	122
0	14
4	108
0	28
286	819
1	35
7	334
6	207
0	589
0	473
0	417
0	557
0	0
0	0
20	498
1	178
1	357
0	103
0	77
3	1820
18	1
0	126
187	791
0	150
0	196
4	0
0	0
0	1820
81	0
1010	2
0	0
0	0
0	0
0	0
0	0
0	0
0	0
0	0
0	0
63	3826
2	3828
0	3727
2	3825
0	3611
33	3161
43	3230
0	1413
244	971
12	5
26	137
0	3708
3192	149
0	147
1	0
530	2717
0	515
3	2682
2	479
7	1442
10	153
43	118
16	36
0	7
0	0
0	0
37	3337
0	3008
2	353
0	2864
1	357
0	3157
0	2
120	0
0	612
5	429
2	469
0	245
19	262
0	266
25	246
0	0
402	192
0	192
1	0
0	0
0	0
24884	3048
0	2732
0	1797
23	3
0	2
0	299
1641	154
13	154
70	27
0	724
0	0
0	524
1	785
3	10
0	57
0	113
0	796
0	736
0	1
50	66
1	371
34	371
0	3
21	1434
0	660
5	67
0	1387
0	0
76	331
23	50
7	16
1	235
0	128
0	53
0	0
0	0
0	0
0	0
0	2
0	2
0	2
17	414
7	417
0	0
0	0
0	0
0	0
0	0
10	230
0	25
2	29
0	32
0	53
4	87
29	281
0	62
0	42
1	282
0	0
0	0
0	0
730	773
2	396
34	481
0	671
8	9
0	0
0	0
12	143
0	78
0	78
1	76
0	62
2	78
0	60
1	3
0	6
3	263
0	2
79	132
4	257
5	125
0	126
4	78
4	16
1	35
0	5
1	40
1	1
1	254
8	272
3	85
0	44
3	11
3	485
0	483
0	485
8	490
0	399
0	464
0	0
2	74
0	268
0	5
0	6
0	0
2	486
0	15
0	15
3013	818
2	802
5	18
17	4674
4	388
71	6972
6	1
32	366
23	365
8	202
1	303
0	166
0	0
98	0
5	50
0	290
8	256
1	173
3	138
4	0
1	1
0	0
47	326
0	312
7	151
1	45
23	0
0	10
0	1
0	0
0	10
0	10
1	59
17	59
0	57
0	24
3	16
14	2201
2	831
0	2162
4	1571
1	117
0	90
6	135
10	204
46	197
28	11
1	43
0	0
0	0
0	0
0	0
116	84
0	44
0	39
56	270
13	11
0	86
173	502
1	508
1	111
0	98
13	31
52	1
0	0
0	0
0	1
0	82
0	113
0	0
73	498
4	164
35	355
3	462
0	5
1854	57
1	41
0	4
0	12
3	11
1	4
7	20
0	27
0	0
0	0
40	300
2	217
1	125
0	145
14	4
4	422
731	472
11	469
1	47
3	0
73	1697
0	1300
36	1609
0	127
2	275
14	10
18	15
3	15
0	0
0	518
9	181
1	97
1	24
0	1
7	96
2	518
0	0
0	1
8	1201
10	1393
33	140
0	1304
4	1410
15	585
10	166
2	16
0	13
1	6
23	86
13	804
0	77
1	4
0	77
2	1
0	0
0	1
0	1
0	0
0	0
0	1
0	1
0	1
0	1
0	1
0	0
0	1
0	0
0	1
0	0
0	0
0	0
0	0
0	0
0	1
0	1
0	14
0	16
0	73
413	6961
1074	6961
0	0
0	0
0	0
0	0
0	0
0	0
121	223
49	236
394	229
1	236
9	226
0	0
0	1
0	0
0	0
0	0
0	0
0	230
3	131
0	232
0	40
0	80
0	59
17	0
53	248
0	0
4005	624
63	562
2	134
2	28
1489	342
0	142
7	213
34	267
0	139
2	0
3	20
0	0
0	253
0	4
0	4
0	4
0	4
4	4
11	0
0	33
350	519
15	280
0	57
0	30
2	209
41	4116
56	3160
0	2432
78	841
160	697
1	83
8	1
0	4115
0	0
0	0
0	0
0	0
0	5
0	0
0	0
0	0
0	0
0	0
0	0
0	0
5	546
1570	546
0	0
0	0
22	2008
2	4
2	1766
0	14
0	2537
0	1643
3	226
1	0
1	227
0	5
1235	2607
0	1956
0	1635
0	1779
0	4
0	2
5	2030
0	2589
82	532
2	1754
1	1695
0	1884
23	14
0	2550
3	270
3	0
0	75
0	201
2	33
0	1112
0	363
0	248
0	216
1	57
1	35
58	417
0	3950
501	7277
1	866
499	6943
0	1
0	1
15	541
12	20
53	522
2	1
88	59
3	2
4	56
0	0
0	11
0	10
2	2
16	895
10	520
37	892
9	662
14	1
6	248
12	321
7	88
24	111
0	0
68	610
6	53
60	190
0	0
0	610
4	3
0	0
0	3
0	3
0	0
1	4
0	3
0	0
1747	2269
1	25
1	119
0	154
0	30
0	2268
431	0
0	0
0	0
0	0
0	0
0	0
0	0
0	0
0	0
0	17
0	0
0	17
1	0
0	0
14	110
0	55
23	105
2	30
0	69
0	4
0	5
3	1139
1266	867
2	55
0	6
10	0
21	754
81	150
0	1
0	1
10	2
0	150
175	139
0	50
0	11
0	16
0	68
2	8
2	65
0	59
3	15
0	13
0	0
0	2
10	55
0	0
0	0
4	71
20	84
0	3
0	30
35	66
0	16
4	23
2	17
176	904
0	904
2	80
1	102
0	0
1	0
1025	1299
1	1109
2	443
0	0
102	48
42	174
0	0
0	73
0	46
1	73
0	73
0	0
142	1303
13	42
0	1246
0	334
9	477
3	452
0	452
0	75
0	25
0	0
0	0
16	0
5	0
1	0
308	1391
188	33
16	1316
35	104
0	159
53	36
0	272
0	282
0	242
9	246
0	122
0	282
0	1071
51	1073
0	197
0	33
0	33
26	2
0	0
407	22
9	22
0	0
0	685
45	739
0	716
54	999
86	1122
6	214
195	562
31	398
0	60
4	692
5	515
0	119
0	5
0	117
0	91
1008	1874
0	0
677	1872
0	9
0	0
0	0
70	1324
21	70
1	1314
0	2
53	0
0	1
0	1
283	139
0	54
0	76
0	73
0	62
0	5
1	12
0	2
599	0
1	51
0	49
0	8
0	8
1	0
0	0
0	3
1	2
0	50
6	0
0	1
0	1
0	1
0	4
3	1
0	4
2	4
0	61
159	344
0	56
0	0
0	28
0	5
0	83
0	260
0	0
0	0
0	0
0	0
0	0
0	0
0	0
0	298
2	339
0	311
2	76
0	13
0	4
1	345
0	182
0	354
2	202
0	110
1	150
0	29
5	38
0	414
40	414
0	11
0	11
27	9
0	0
7	28
2	47
2	28
4543	2105
1	2093
0	131
2	11
0	25
1	6
0	0
0	0
0	25
445	223
5	193
12	169
0	0
0	0
37	43
17	635
11	654
3	640
0	627
1	1
60	0
1	32
0	114
2	115
2	8
0	3
0	121
15	1167
7	2462
7	2275
41	27
158	42
0	42
984	2062
0	1977
10	1662
0	653
0	73
25	129
2	8
1797	532
15	531
9	522
8	44
2	281
28	472
37271	45
0	1522
0	1373
0	1462
0	1382
1	1181
49	885
6	1048
20	487
2	0
3	103
2	211
34	43
0	43
0	0
5	154
0	149
3	6
0	9
15	9
0	331
347	1
0	1
0	3
0	3
1	3
651	502
1	34
194	489
42	21
0	8
0	0
112	113
263	113
174	122
0	0
1	122
4332	5075
0	2841
63	90
1066	2746
65	139
4	542
6	549
0	431
85	37
0	35
0	7
0	34
0	0
11652	51
4	40
6	0
232	2
0	0
0	2
1196	2517
0	2278
1	44
0	13
0	248
0	7
0	6
0	1
0	2
0	0
146	21
7	21
0	3
0	0
1	0
0	0
0	0
0	0
0	0
55	6
0	3
0	3
0	0
0	0
0	0
33	876
132	971
0	1
1	33
0	110
18	81
8	18
11	2
1	0
97	7
0	3
0	4
0	0
2	0
0	0
787	1959
0	1952
3	899
0	4
1	600
35	874
32	857
7	594
1	1
11	1048
0	932
0	297
0	257
78	85
0	6
0	173
0	73
3	115
88	307
2	332
1	50
77	1412
111	76
11	15
1	331
6	268
8	380
101	1206
17	241
0	98
0	67
6	246
1	198
1	193
12	191
122	67
0	3
97	1297
0	1
138	1594
152	52
1	451
1	298
0	449
33	185
0	0
3	517
6	946
33	1046
20	946
5	942
2	109
0	0
0	0
0	0
0	24
0	39
0	17
1	5
1	0
0	7
0	39
1	30
0	18
0	0
31	47
4	18
0	9
0	12
0	12
0	10
0	10
0	8
8	4
0	6
0	0
2	2
0	0
0	0
0	561
8	540
1	3
0	33
140	550
3	65
0	529
0	510
0	97
0	208
1	9
0	70
0	4
3	38
6	50
13	44
0	477
0	568
0	0
0	0
0	0
0	0
434	48
7	40
8	45
0	0
4	2721
47	2298
0	0
0	2721
1	151
5403	479
5	327
7	174
101	45
10	508
36	1
741	2630
10	2
0	464
0	416
0	591
8	93
4	880
1	0
4	302
9	1
0	0
4	312
0	414
23	921
0	284
3	40
15	387
0	885
3	4
0	987
6	13
0	0
0	0
0	0
0	0
0	0
0	587
0	862
0	145
4514	1047
1	53
33	0
7	0
3189	342
3	247
0	212
0	235
0	243
0	0
0	0
0	0
0	0
0	0
0	0
0	0
0	0
546	570
1	1
6	340
1	29
12	570
1	23
0	15
0	15
0	8
0	0
39	73
4	2322
0	1295
38	2348
2	1956
24	2187
7	12
0	183
16	0
0	15
5	162
474	2300
0	1793
17	856
0	7
2	436
5	462
47	436
0	216
0	368
18	304
18	134
24	679
11	592
1	604
0	232
33	465
1	9
2	169
0	0
24	60
0	2506
0	1610
142	60
6	789
3	0
10	204
6	890
8	1447
0	1619
2	50
0	1
0	124
3	13
0	1157
0	199
0	136
0	72
0	26
0	148
0	2
0	1309
11	68
3	1
0	1
595	1288
4	1068
78	370
32	143
3	0
1	7
14	7
0	6
0	1
0	21
6	41
0	7
4	266
152	316
0	315
0	31
1	55
7	2524
12	1523
1	0
0	0
45	566
3	472
0	589
0	29
1	89
0	0
0	0
1	42
0	0
2	14
8	69
0	0
0	0
0	0
0	0
376	163
0	39
2	124
4	1
0	1
0	22
0	0
0	0
0	162
2	153
3	14
0	0
0	53
1	15
0	1722
0	2727
2033	3346
2	272
10	2181
0	2873
1	70
12	403
1	445
0	1
1	5
4	265
0	156
9	729
0	31
0	246
17	162
1	195
0	0
0	0
595	1317
81	1227
45	196
6	561
25	0
0	14
193	1111
0	556
87	683
89	1107
1	422
0	6
13376	11
0	0
52	879
6	864
0	31
0	34
19	16567
182	18164
153	16637
0	16956
0	683
42	1729
4	1710
0	1707
24	1022
6	0
3	90
470	11
0	11
1697	1029
5	923
0	773
0	36
3	268
0	50
0	0
0	0
3767	566
97	565
16	9
1	1
1	95
0	0
0	0
0	5
0	5
0	0
0	0
0	0
1	0
0	0
46	359
0	357
0	2
0	1
0	2
150	0
1945	550
5	121
7	470
0	32
56	185
5	54
0	0
1	193
12	196
2	37
0	200
4	5
1	1
2332	1722
6	1719
2	745
3	162
37	416
52	380
0	135
0	6
0	62
0	27
3	35
20	99
693	112
0	19
1	77
8	117
0	9
5	4
0	37
4	27
0	3
0	2
0	0
0	0
0	4
0	6
0	0
0	6
0	6
33	296
23	296
7	16
0	34
5	23
0	38
0	0
0	0
0	306
0	233
4	71
0	285
4	191
7	1
3	0
0	306
0	0
0	0
1	13
0	9
0	0
0	0
0	5
0	13
0	0
1	8
0	217
133	217
1	0
102	491
1	90
0	427
0	47
0	17
1	4
0	124
5	97
0	74
0	95
4	93
2	82
0	41
3	77
1	67
137	31
65	232
46	232
336	560
1	20
0	296
0	372
0	75
736	475
20	228
0	90
2	0
0	6
0	0
86	1880
15	1829
32	469
2	224
0	69
1	60
13	101
8	109
0	33
0	428
2	0
0	0
0	95
44	136
52	0
38	0
1	37
15	18
5	14
5	13
2	3
11	5
1	0
0	0
692	1833
0	1529
0	36
0	285
29	163
37	538
0	0
0	0
6	85
5	86
0	1
20	6
155	5256
63	4706
176	3439
0	37
0	32
107	2
0	0
0	0
0	0
0	0
1	8
208	92
0	13
0	85
6	26045
5	0
123	26134
1	2437
51	16301
0	11115
23	7290
0	1368
18	3802
5	251
122	403
0	356
0	4066
2479	4076
19	50
15	0
5	1
183	4184
63	197
1	291
19	568
3	188
13	293
181	857
21	1218
48	1631
2	543
8	0
0	183
0	5
1	159
2	16
0	165
0	2
3	9
0	1
0	11
3	212
3	1912
139	1912
3	309
0	1922
0	224
0	0
0	0
2	409
0	365
583	996
72	658
0	0
163	3115
1057	7043
8	6629
2	360
0	840
0	842
29	382
2783	3924
27	52
3	3522
1	994
0	1935
1	961
11	422
121	1267
8	1168
41	708
3	59
38	555
4	90
33	27
33	2
9	66
4	0
0	0
0	0
0	0
0	0
0	0
0	0
0	0
277	149
9	149
89	0
0	174
0	130
0	130
0	81
0	0
0	0
0	1
0	0
0	0
11	812
5	782
15	809
0	1
624	0
0	0
0	0
0	0
418	168
0	19
5	78
0	152
16	539
25	539
5	538
1	538
1	538
17	538
0	538
53	538
0	537
0	538
0	538
0	0
8	2980
0	1403
60	972
11	2948
2	183
2	899
73	1997
0	146
4	75
7820	3
1	0
2	0
6	244
0	803
2	54
0	194
0	848
83	189
2	99
2	76
0	36
5	753
5	12
2	75
19	488
2	561
16	12
26	1
4	3
0	321
0	25
0	0
4	117
25	8
767	127
3	4
1	0
0	0
0	0
0	0
0	0
23	766
1	41
0	3
0	3
0	3
0	3
0	2
0	208
0	2
0	3
0	4
17	36
0	36
0	22
0	36
91	194
2	142
3	124
9	112
0	0
0	1
0	1
0	1
0	1
0	1
0	0
0	0
0	0
27	15
1	15
0	0
4035	3625
36	7
7	23
0	271
1	348
0	178
3	367
9	297
158	79
0	190
48	709
0	776
0	38
42	352
12	1637
0	633
22	512
4	542
2	314
11	109
3	109
4	3
0	60
21	48
0	68
46	111
19	29
1467	18
0	0
43	8709
1	9835
2	321
0	9792
0	8930
43	421
393	8427
12	27
17	521
17	173
72	187
45	325
0	4
0	2
3	1
18	484
0	483
0	295
0	295
0	0
0	0
28	167
0	1331
2	822
10	592
10	14
48	0
0	0
0	0
406	2215
34	72
0	123
57	593
40	158
1	1743
1	0
0	0
0	1
0	1
242	173
4	80
138	4
9	126
0	48
8	0
2	85
15	256
17	251
0	9
0	14
5	0
0	0
153	5255
185	5255
78	929
11	136
0	137
0	0
0	20
0	20
1	75
0	998
98	1046
6	1045
0	43
0	45
0	32
16	10
3	0
0	0
0	0
1283	32
2	31
7	1556
5	6
7	440
18	1435
1	1057
1	0
3	502
0	6
1	3
0	3
0	4
0	3
0	3
0	3
0	2
0	2
0	6
0	3
0	2
0	4
141	189
7	189
1021	1389
3	410
0	200
0	96
14	6
54	196
1	735
2	24
179	1058
0	47
5	597
37	165
6	1044
46	281
20	281
77	346
8	66
16	1041
12	184
5	217
0	0
0	243
0	64
0	0
0	0
0	0
4	264
0	310
30	252
1	266
4	433
32	265
10	293
71	306
4	4
5	0
0	0
1	1107
24	1035
1	977
1	0
1	814
0	3
0	106
0	30
0	9
0	13
0	647
38	571
0	0
0	4
0	11
0	11
0	10
0	11
0	0
43	27
5	26
0	3
4882	0
1	55
0	9
28	53
2	515
0	155
7	30
0	494
0	0
75	1429
1	1504
13	1375
0	157
1	0
0	12
0	11
0	8
1	2
0	3
0	1
698	3
1	194
35	198
0	10
37	90
2	0
2	0
0	0
0	0
0	0
0	0
0	0
0	5
0	5
0	3
0	0
1396	113
105	112
46	9
0	9
89	8
15	8
1	0
3	352
7	1001
7	740
3	127
14	457
6	273
1	161
252	878
1	890
21	70
4	146
381	583
0	505
0	123
0	6
0	0
0	0
1	65
0	22
78	568
4	447
1	152
3	80
0	18
0	26
0	22
0	21
0	19
0	4
0	22
3	11
0	11
22	0
0	0
0	0
0	0
0	0
2	36
2	36
0	7
0	0
0	0
144	29
0	13
3	24
375	0
1	643
23	644
8	644
0	9
0	6
11083	428
10	58
0	364
0	0
0	0
2110	4283
56	898
30	349
5	239
1	53
449	1
0	0
1	4277
1179	49
0	46
0	37
0	0
3	141
2	166
9	159
0	153
0	50
1	440
66	440
10929	6232
5	3999
0	3154
42	1034
30	61
0	61
0	0
1	61
0	5
437	56
0	56
0	61
1	179
38	176
0	154
0	8
3	0
0	14
0	4
0	11
0	16
0	7
0	10
0	1
0	0
15324	13
0	118
0	88
3	88
0	16
0	16
0	15
0	15
0	20
0	118
1	295
5	14
20	1
38	599
2	145
2	488
0	8
12	561
1	47
6	691
0	672
0	0
0	14
0	142
1	14
2	643
1689	2713
3	2082
0	43
3	42
8	289
2	739
34	120
59	265
1932	331
2	79
5	95
13	139
21	152
2	46
41	11685
210	10936
12	209
0	2337
0	29
20	131
0	111
1	53
0	27
274	9
0	9
0	1
0	25
1180	1214
0	1227
53	541
165	603
2	32
27	271
0	177
1	123
20	11
0	3
3	11
0	11
0	6
1	177
550	177
6	0
2	0
0	6
0	0
0	0
0	6
0	0
0	0
0	6
5	0
23	932
0	1627
0	1886
0	102
5285	5228
6	5226
256	57
5	57
905	0
81	504
2	558
1	135
0	260
11	0
38	0
3	0
0	67
0	67
0	72
1	72
3674	306
25	305
22	3567
11	3596
0	62
0	76
0	0
0	137
0	929
0	838
18	231
41	794
0	606
0	212
4	86
0	0
0	0
10	15
6	189
30	189
0	0
0	0
0	0
1580	172
0	98
1	106
1	0
0	0
0	0
0	0
0	0
0	132
0	191
0	67
0	165
0	162
0	41
4	21
0	27
0	26
548	164
2	55
2	132
0	33
0	0
0	0
74	69
0	0
2	69
0	18
40	829
0	256
0	244
5	447
1	362
13	475
482	337
5	757
3	10
1	329
5	283
0	304
0	83
6	34
2	0
0	0
0	38
0	113
0	114
0	111
4	64
0	5
5	1
37	339
0	339
0	0
0	0
3	1
166	539
13	538
13	282
30	82
1	262
2	28
0	3893
0	4435
301	4435
1858	920
0	862
0	58
3	1925
5	220
1	1784
46	1793
31	2
0	373
1	35
0	113
0	257
1045	73
0	1
0	0
0	0
0	5
0	5
0	5
0	28
1	17
0	4
3	18
1780	1069
0	1068
0	37
71	41
0	39
0	0
0	2
0	23
0	27
0	4
36	128
0	7
1	6
5	121
86	33
0	33
1	0
0	0
12	2018
14	401
4	689
0	427
0	258
5	0
8	0
366	2395
8	4
1	4
8	0
2088	733
14	552
19	652
0	103
199	331
56	255
7	90
14	2
0	21
0	18
0	17
0	5
0	7
0	7
0	10
0	10
0	6
0	0
1879	13
6	9
0	0
0	0
0	0
0	0
0	10
0	10
0	0
0	0
15	108
0	0
0	7
0	87
0	108
2	1
1	1
1	1
0	0
4	459
2	422
0	421
2	348
0	316
0	315
1	101
0	6
0	0
96	1553
94	1652
0	1489
0	0
932	93
4	93
10	426
10	427
1	1
0	0
3	0
1	1
1354	2
19	165
0	3164
1	2640
412	3360
0	3190
0	2800
22	1096
0	879
7	2790
48	2731
6	718
0	984
287	2358
3	388
2	264
1134	804
3	0
0	2
0	31
7	100
0	697
0	216
0	181
4	36
0	50
0	208
23	1
7	36
95	36
2	0
0	0
1	0
1336	496
0	477
0	411
0	301
0	0
16	916
3	850
0	771
0	188
0	216
2	2
8	20
2389	624
0	136
0	117
0	513
7	353
3	2
10	28
1	28
3431	790
14	784
49	288
0	206
0	219
17	342
4	383
3	359
40	359
36	390
5	372
2	91
5	143
1	99
6	0
1	0
3	32
0	1
0	321
0	478
238	1279
0	454
3	1083
0	1036
0	131
0	0
0	0
31	1
0	1
0	0
0	0
15	1691
74	1924
11	1028
6	1427
0	65
2	102
0	32
7	21
1	3
2	3
0	1
3	0
7	882
12	885
1	4
0	5
0	4
0	45
0	0
0	0
0	0
46	1480
174	1603
0	1504
139	707
0	116
8	85
0	137
36	267
1	7
187	9
32	5
0	0
0	0
0	0
0	0
0	8517
181	9672
7	8556
6	7416
0	753
0	7894
154	732
0	239
23	257
23	42
51	385
8	387
48	9103
0	0
0	0
52	2713
0	2037
0	805
18	1304
5	896
0	723
1	347
15	754
3	575
0	6
21	47
0	0
0	0
0	0
0	0
0	0
218	3648
14	1517
0	606
0	459
2	2647
0	447
0	30
0	388
0	720
1	201
0	0
0	0
0	0
0	0
0	23
6	23
0	567
8	608
6	429
0	101
0	64
3	376
0	53
26	216
6	39
0	558
1	623
13	832
60	708
0	0
0	717
0	83
0	0
0	12
0	47
9	390
8	329
0	111
0	315
0	259
0	1
0	16
796	3
5	2
2	307
0	311
0	193
0	234
0	216
6	215
0	134
0	87
8	235
2	123
6	41
2	0
2	132
0	231
7	107
83	221
0	119
5	88
2	232
0	0
0	0
0	1217
16	3507
10	1301
103	4816
0	74
3	457
1	1087
1140	5203
1	37
12	834
389	246
2	4697
0	4027
1	70
17	4
12	2776
0	0
2	11
0	0
0	10
0	0
2	0
0	0
827	265
0	264
1	11
0	0
2525	314
0	228
13	121
0	6
40	57
1	25
0	0
0	0
42	116
153	116
0	4037
556	4108
0	726
2	70
2	1
16	6
0	1
0	3
0	2
101	1125
29	371
50	945
13	93
8	219
24	10
43	0
4	8
0	123
65	131
0	3
2	3
0	0
0	0
87	1459
0	39
0	292
0	277
47	354
0	20
26	1
0	0
1	1
4	2955
19	752
2	2920
1	2314
1	30
2	3254
0	2969
77	2893
14	1497
0	2608
14	430
0	896
90	32
1	136
1	1917
3	1938
0	1942
0	1827
6	1891
0	2018
0	53
0	0
13	0
51	1924
3	160
0	1820
11	1915
41	17
49	1840
8	19
18	1508
0	1859
358	243
0	197
4	168
3	8
15	113
31	1414
13	2577
30	677
0	782
7	1177
11	966
0	48
0	73
0	39
1	22
5	69
0	30
0	3
5	405
0	34
1	33
1	203
0	1
0	74
0	2163
0	0
0	0
0	0
0	0
0	0
1	0
0	0
0	0
0	0
0	0
0	0
0	366
705	366
6	0
10	304
3	1
0	87
0	0
0	0
0	0
0	0
1	0
0	0
0	0
37	0
166	5411
15	85
0	2893
0	1860
0	2158
0	5413
38	63
9	37
3707	1181
0	1180
0	327
0	169
272	1657
151	1657
0	44
0	61
65	710
361	724
0	14
12	278
29	84
0	59
41	6
7	1489
0	1590
1	1507
1	107
0	1442
0	40
24	2
0	0
1	62
153	847
56	622
90	833
2	773
5	18
1	20
47	6
21	325
17	399
0	309
2	270
1	74
0	0
0	77
578	7047
31	7047
1	72
46	71
61	12
36	40
0	16
19	93
3	92
0	1
2	15
2	0
1	9
14	8
0	0
0	0
12	1380
0	1152
0	398
0	482
2	149
31	212
7	167
0	79
0	1209
50	555
15	49
1	0
1	436
0	151
2	406
0	0
3	140
0	122
7840	4526
1	3768
7	194
13	751
3	1664
15	11
4	11
0	0
405	227
9	101
6	633
0	71
0	848
2	0
1	776
0	432
950	271
7	271
0	0
420	4757
48	4757
3	6
1	6
1	1
0	1
0	0
0	0
0	0
0	0
0	4
0	6
0	1
3	5
0	5277
0	35
55	4492
10	2730
6	56
1	1045
9	315
6	392
0	317
0	5017
0	0
0	0
0	0
995	261
0	243
44	254
0	259
9	21
9	2
18388	1869
11	1395
33	138
0	135
0	0
0	0
0	842
0	842
0	182
0	306
68	556
2976	76
1	75
875	976
11	976
3	2
635	149
1	147
1	94
1	78
0	64
0	8
0	38
0	37
0	1
2	111
1	113
12	71
0	81
1	21
0	33
0	19
0	18
0	17
9	437
7	442
0	58
7	435
6	36
27	404
0	46
0	38
0	7
0	228
1	20
0	112
0	0
18	814
0	359
6	19
0	197
83	340
0	160
823	618
4	63
4	58
2	60
0	14
0	60
9	14
0	0
0	14
0	1
0	1
0	1
113	63
0	55
0	22
0	20
0	17
0	63
128	15
0	0
202	57
0	39
0	23
0	18
51	894
182	891
1	10
0	21
7	92
0	42
1	295
0	315
2	7
1	0
0	8
3	781
5	3
0	63
2	685
1	5
1	635
11	7
0	1
57	3
1	38
4	28
0	57
149	106
0	1967
94	820
10	834
1	123
41	451
1	29
1	6
21	4
0	0
2081	483
1	483
58	131
0	0
0	0
987	241
0	71
0	154
0	47
0	34
0	2
0	21
0	17
0	2
0	0
0	0
0	0
0	0
0	0
0	3
1	2
0	2
3	20
0	106
0	123
652	176
6	91
0	117
0	7
0	108
0	1225
1	86
0	11
0	41
1	1131
0	233
0	322
0	943
1	59
0	726
1	0
0	555
0	0
0	84
2	342
0	3
0	3
1	3
60	3619
311	3619
31	198
1	377
154	437
0	24
3	60
1646	155
2	154
734	2
0	2
104	1249
184	1109
164	1277
31	483
0	34
0	38
0	40
1	21
0	20
23	7827
0	19
0	6564
4698	7968
10	4876
5950	6480
1	4052
0	4043
2	0
1	290
122	5952
441	54674
21	53812
139	57360
1392	54272
4	5101
2	7341
233	1619
0	11893
82	276
378	10
1319	151
0	151
15	1
0	0
0	0
0	0
3387	0
23	4
0	1
0	0
0	3
0	0
0	1
703	0
0	0
17	2531
0	3
0	2266
4	439
20	1393
0	1662
8	1979
6	76
3	335
0	246
0	488
11	3301
100	3678
289	3682
0	0
0	0
0	0
0	0
307	0
1	104
0	103
1	0
0	9
4	105
0	5
0	267
2	161
15	46
0	45
0	191
0	65
0	68
1	110
0	256
7	84
0	4
0	73
0	13
2	21
917	1534
45	1484
10	38
0	303
101	2
68	101
7	372
0	0
0	0
0	0
3	139
15	160
1	129
0	46
7	57
0	45
4	26
8	38
0	9
0	0
0	0
25	3
0	313
4	56
0	286
0	286
133	2728
1	1809
0	423
3	1
13	303
1	26
20	13
21	1458
1	0
0	0
0	0
0	0
0	0
0	0
0	0
0	0
348	0
0	0
2	411
0	1636
9	504
1	1209
8	70
11	583
11	5
4	26
3	1778
67	124
56	689
0	0
0	1741
298	0
22	0
2	0
0	0
0	55
0	27
3	2365
0	2434
0	210
5	312
0	2425
3	201
0	288
9	1809
76	132
0	0
0	2439
0	161
0	290
18	161
7	273
0	253
0	0
6	15
0	0
19	1
2	10
1	1
0	6
3	300
0	0
20	39
0	0
0	0
4	39
1	0
0	0
0	0
0	0
0	0
404	0
0	0
166	14
1	0
2	14
43	9
0	7
1	0
0	0
8706	224
0	221
0	186
0	3359
0	3327
0	3315
249	3283
35	521
2	246
1	2455
5	811
3	134
1	489
0	404
0	266
0	0
584	113
11	113
7	97
60	123
0	99
10	105
17	107
5	12
16	506
8	495
3	55
0	202
0	129
1	65
0	27
1	19
7	0
0	2
1	3
0	2
0	2
0	1
0	0
0	0
0	0
0	0
0	0
0	0
0	0
0	0
3	0
0	0
724	0
431	5
9	5
0	11
0	11
0	11
3	11
0	11
0	0
0	0
10394	10145
8	10141
26	3
1	3
2	0
37	87
556	87
12	564
69	564
3	12
0	761
0	754
31	800
2	652
51	810
16	3
5	16
233	14
22	3
6	0
0	0
86	133
792	17
4	17
11	0
166	716
0	146
53	723
39	268
6	0
696	424
0	191
5	0
78	2
5	124
0	28
17	102
0	163
0	0
0	0
0	0
0	0
0	0
0	0
0	0
0	0
0	0
0	0
0	0
0	0
0	0
583	468
0	207
10	142
2	1
0	180
13	44
1	44
2	32
0	0
0	0
7	2
0	14
46	35
0	8
4	16
65	473
2	473
0	115
136	94
77	309
645	310
0	21
0	6
0	153
0	0
0	0
9	2366
30	2344
8	1276
1	194
15	7
1	176
0	2321
0	1
0	0
0	0
0	0
2884	1034
0	1
10	194
7	524
24	246
2	69
5	262
0	7
0	255
1	254
0	254
0	18
52	248
0	255
3	0
0	0
0	0
0	0
0	0
0	0
0	0
12	230
2	403
2	377
0	270
1	32
0	18
3	270
527	5167
8	323
2	4890
82	0
8	58
4	0
0	1452
0	897
0	1163
0	0
0	70
0	242
0	171
2	151
7	80
208	1
453	1202
18	1202
2	47
1	2
0	0
78	145
0	145
0	1
0	0
0	0
0	0
31	1527
153	1485
0	308
1	622
0	0
0	92
27	92
2	52
0	43
0	2
412	776
2	7
2	50
6	1
1	7
1324	596
1	596
7	39
40	259
723	221
347	17
680	4428
195	4428
1	589
0	84
10	0
95	6
2	251
2	2529
0	1406
0	2490
25	2497
19	245
25	144
0	24
0	6
1	17
0	2501
412	780
0	42
1	754
0	2
3	8
0	111
43	67
23	1214
0	0
0	8
0	51
0	1181
0	19
1	1181
2	5
11	119
3	112
72	43
2	25
5849	8
21	452
10	853
1	184
12	174
7	175
27	4
4	23
12	38
4	852
4	54
0	20
2	0
1	87
2	205
0	829
0	120
4	381
0	85
0	210
13	738
0	19
8	69
2	87
0	80
14	39
8	58
1	41
0	0
18	22
0	5
0	5
0	4
0	12
0	12
0	12
0	0
0	0
0	5
24	458
45	285
196	119
0	1
10	0
271	351
4	72
2	3
0	279
0	0
0	0
0	0
0	0
73	1462
5	358
0	1486
0	1104
0	1459
0	1310
0	7
12	12
0	117
3	2
3	85
0	1
0	67
8	76
69	0
0	23
6	54
1	0
11	648
0	5
0	3
0	3
0	78
0	5
0	78
0	0
0	0
0	0
0	0
0	0
0	103
1	78
20	103
0	10
7520	1145
41	257
0	250
11	443
4	193
8	67
0	377
19	1724
36	1724
1	1724
2	134
4	29
9	186
0	34
1	0
1	0
5	64
0	57
0	67
0	0
48	248
0	248
1	0
0	0
0	0
0	0
0	0
6	704
29	496
2	611
194	4294
0	2663
132	3066
0	299
32	15
7	2468
0	165
0	350
40	183
1	10
6	0
554	5973
0	0
0	0
0	0
1361	2
0	1
0	1
121	17
0	2
0	0
0	15
0	0
4	1
0	1
0	0
0	0
0	0
3	1
206	207
9	53
1	101
2	144
4	9
0	3
0	3
0	0
40	42
0	1
1185	226
0	38
12	203
0	0
7	5346
0	5296
5	5536
1	5182
254	3675
0	5067
9	4994
22	1510
0	2014
2	1431
5	272
4	1137
0	226
0	872
28	126
6	451
0	691
2	0
2	359
4	404
0	153
0	20
3	295
1	1
1	47
6	0
0	0
0	0
0	0
0	0
0	0
0	0
41	103
1	41
2	66
5	151
0	46
0	85
1	24
18	5926
0	5885
4	0
18	877
6	50
3	317
22	394
0	1019
4	209
15	5491
9	557
5	5606
41	5715
0	5756
208	698
40	490
2	672
114	519
4	83
40	443
0	285
2	1
0	0
5	8
750	1107
24	1107
25	771
2	1
0	83
0	25
1	83
0	18
0	568
2	3
1	757
0	0
0	0
0	0
0	0
0	0
104	0
0	3
0	3
0	0
0	1098
811	2284
2	851
0	0
0	240
0	715
23	1941
2	257
3	973
0	606
21	2166
6	25
0	241
0	0
0	0
0	0
37	2321
153	2570
8	20
2	483
6	4
8	119
18	297
31	10
21	19
38	386
7	56
2588	5515
17	5512
5	637
11	586
10	40
51	51
17986	9
0	136
0	119
0	134
0	14
0	117
8	4
87	41
0	36
29	95
0	95
0	0
0	0
0	0
0	0
0	0
0	0
0	0
0	0
0	0
287	351
267	314
2	1
3	1
567	25
0	23
0	10
530	168
0	21
1	147
0	0
0	0
290	1325
19	2088
2	5522
3	1658
0	2377
8	729
20	5299
0	1703
27	31
0	0
1	12
2	29
3	23
0	7
0	6
0	5
19	219
189	447
0	349
72	775
9	1337
32	1333
0	28
5	1283
0	43
12	255
3	396
85	136
6	279
0	263
0	332
2	315
2	338
0	277
0	324
0	51
2	19
0	54
3	31
0	1
2	18
578	1243
2	126
2	0
2	1023
1	68
17	41
2	131
0	185
6	53
1	347
1	244
0	70
1047	0
22	0
0	0
0	0
0	0
0	0
891	762
0	750
0	590
0	594
0	65
1	10
0	10
63	0
5	0
7	1808
0	1996
38	1783
3	36
134	1214
27	1574
15	587
0	0
0	93
3	0
2	111
0	124
0	2
0	3
0	5
0	4
0	0
0	0
22	161
4	27
2	134
0	0
5	0
0	0
613	110
7	110
0	2
5	7263
0	4022
0	1055
1	88
0	471
14	362
0	85
0	470
1541	1799
4	1627
0	1902
0	125
0	54
55	698
0	696
3382	3
0	0
0	0
0	0
378	3381
0	3381
0	0
536	308
95	290
2	134
52	120
5	115
0	17
0	272
30	570
0	586
0	557
0	602
0	556
1	4
22	117
1	72
0	5
0	2
0	602
49	717
1	648
0	121
1	14
9	52
2	1
0	1
0	0
0	1
0	0
15	1253
1	859
0	256
5	553
0	310
1278	79
0	79
101	407
3	407
50	85
2	93
1467	102
55	102
1395	836
0	88
0	4
4	8
4	462
0	283
0	0
0	0
0	0
6	1310
90	1340
11	82
337	0
0	213
0	15
0	211
0	309
2	301
5	229
2	213
0	19
4	0
0	0
0	0
20	1910
2	1504
383	1875
2	21
0	0
0	0
0	33
26	962
3	475
9	0
7	41
1	4
2	2
1	34
11	122
0	79
52	1008
36	0
0	0
0	0
0	0
0	0
0	2
0	2
0	0
4	4
547	188
0	14
0	83
3	62
1	27
9	1776
101	1555
5	0
84	514
2	1785
54	963
452	1299
75	486
0	478
6	331
205	2
1	2
2	3068
0	328
0	45
1	455
51	2509
2	4
8	1
1	2870
0	247
622	2097
2	1085
4	1435
4	721
8	528
8	302
0	18
97	667
1	52
6	582
0	5
4	549
1	66
0	0
10	107
0	107
147	722
56	739
11	18
0	0
0	125
0	79
102	1302
0	1301
0	0
0	0
0	0
0	0
23	2
0	2
141	2053
0	2135
0	1987
186	710
0	284
0	156
0	4
412	53
0	0
0	0
0	0
211	8829
96	5797
7	195
60	8829
94	126
1	125
1	47
0	7
6	1
23	1583
0	1482
0	690
1	259
39	396
43	1284
153	63
0	0
0	0
0	6764
106	547
29	576
0	6077
51	348
0	1083
0	1288
0	6463
0	6795
0	6433
0	0
120	1392
0	70
7	91
0	0
2	9
0	1347
0	0
0	0
415	39
0	38
355	761
17	761
112	381
0	381
41	158
1	157
1455	150
555	5631
2	5631
28	1063
1	846
63	10
0	10
2	5
8	864
21	879
58	879
51	820
407	0
0	0
0	0
0	0
0	1
0	1
0	0
0	1561
4	1160
8	350
1	1038
1	1791
0	141
0	1939
1	1184
0	43
36	34
48	336
1	379
4	376
5	134
14	71
0	0
0	0
0	0
0	550
8	326
67	647
0	10
2	109
0	60
3	4
0	3
0	3
0	2
0	0
0	0
0	0
0	0
193	541
10	136
42	633
5	543
10	614
0	0
1	0
25	0
68	360
0	360
0	3
0	26
0	26
4	25
7	0
0	3
12	3
0	3
374	715
0	451
18	583
17	279
0	226
35	198
2	154
1	44
2	103
15	4
0	0
4572	21732
1	1393
14	17316
1	9013
176	17346
1	17131
53	167
705	106
2	0
39	32
0	32
0	0
0	0
0	0
0	0
0	0
0	0
0	0
0	0
0	0
0	0
0	0
0	0
0	190
28	155
12	176
26	184
0	17
0	14
0	0
0	1590
0	3538
157	3549
0	0
3	17
85	117
0	59
1	905
20	905
2	5
0	323
16	9
1	21
0	5
0	5
0	21
4	66
0	128
7	561
1	714
0	1133
0	1413
5	1345
54	949
1	97
80	2450
51	2457
0	857
0	830
0	997
0	447
0	0
0	0
0	0
0	0
0	0
1918	543
2	507
0	530
22	434
0	436
29	86
2	308
7	11
0	465
0	478
81	805
13	180
55	785
30	12
4	8
0	0
44	639
0	518
0	638
4	659
0	630
0	530
5	125
3	42
0	46
1	35
21	56
0	13
0	14
0	298
0	0
0	0
11	524
2	487
0	235
21	188
0	0
0	2
0	9
0	45
3	92
3	89
0	2
2	45
4	12215
0	14449
3594	3397
9	619
21	3031
0	0
3	1655
44	2113
11	1652
1	1993
501	62
3	5
1	42
6	50
19	50
261	50
1	49
1	44
0	17
2	6
208	99
4	99
414	4
0	2
0	2
0	0
0	0
0	1
0	1
0	0
4	242
0	179
1	194
41	188
0	170
0	254
27	0
1	29
1	22
1	54
1	385
0	15
1	343
1	0
0	0
0	2
1	124
0	3
0	25
0	15
0	11
1	11
3	21
0	2
5	2
0	0
0	0
0	1
0	1
0	3
1	3
0	2
0	0
253	1869
19	1900
0	12
1	7
20	23
0	19
1	14
0	81
0	69
0	67
13	35
81	36
18	14
789	108
2	107
0	191
0	1262
0	27
114	1290
5	0
88	586
0	243
1	16
0	21
0	51
113	214
1	574
1	130
0	395
1	278
1	247
0	205
3	231
0	203
0	215
0	0
0	0
756	950
0	574
1	210
5	427
5	0
14	10
27	667
10	12
0	13
32	411
12	40
17	10
0	0
5	25
11	549
31	238
2	361
49	406
336	0
2	5
0	4
0	1
2	434
0	2843
7	104
30	1649
0	0
0	2843
10	11
0	0
0	0
0	0
0	11
0	11
26	348
0	378
5	46
0	0
0	18
0	342
3	11
0	37
4	98
1008	411
2	246
0	302
0	320
0	124
2	140
2	87
7	104
0	386
10	383
3	67
6	0
192	129
16	53
79	101
18	88
0	31
10	54
10	6
0	87
0	2
0	88
11	86
2	88
0	87
424	800
1	483
5	235
0	164
0	734
0	44
3	352
12	90
20	664
7	574
2	68
0	70
19	558
1	7360
25	7145
0	7298
0	733
0	51
1	13
1	25
1	74
0	12
3	17
4	28
0	125
2	27
4	36
0	40
0	67
142	0
2	1863
0	2
45	631
3	249
20	150
7	7221
1	7358
0	0
0	0
3	1739
1	2121
174	2121
44	5
1887	3728
116	551
12	497
71	117
28	169
5711	1975
15	19
1	1732
0	875
0	745
22	423
13	660
0	42
0	616
0	0
0	0
0	0
1	0
0	13
0	13
0	8
0	8
0	0
0	0
0	13
0	13
254	0
0	0
0	0
2060	4863
0	4863
0	827
6	587
1013	4372
18	116
0	6
62	967
1	673
0	0
2	426
80	364
0	3639
54	294
0	292
23	62
4	3
0	3
7	716
29	241
18	716
1	54
4	108
0	318
0	179
0	58
0	0
0	0
0	0
0	0
0	0
0	1
2	1
215	0
0	0
0	0
1	12
0	72
2	24
0	36
0	0
0	7
0	1
0	0
0	0
0	0
1	9
13	1058
13	2
2	174
0	888
0	82
2	51
8	216
2	3
0	209
4	185
1	25
0	713
0	0
0	271
0	50
1	180
0	47
4	9
1	29
1	79
1	31
0	888
0	883
0	0
5	111
0	111
2	4
0	4
30	3762
0	103
1	166
3	397
2	225
7	185
2	134
172	52
1	21
0	0
0	1
187	2
48	820
4	1061
145	1076
0	0
0	0
33	13
0	13
5	817
8	38
12	704
1	149
103	806
38	788
9	644
5	79
50	172
3	63
0	26
2178	1
18	1690
0	0
26	404
0	18
0	1709
2	58
0	151
125	1268
0	1583
6	2
7	21
0	3
23	116
2	117
1	8
10	37
0	89
20	227
8	49
3	1703
3	33
19	68
3	145
87	70
0	83
4	0
88	68
3	0
4345	1040
0	6
0	0
78	77
44	1133
7	217
1	2
2	0
2	4081
407	4083
0	150
0	184
0	29
25	174
0	11
0	28
0	0
21	104
1	96
0	35
1	5
0	3
0	8
0	2
0	7
0	6
0	1
0	1
1	1
1	5
0	2
0	0
0	0
60	1058
0	1059
5	859
0	47
2	1060
1458	3
18	2
0	0
0	0
0	0
0	0
0	0
128	25
0	25
0	0
8	74
9	476
467	631
0	523
0	619
0	0
4	0
1	0
0	60
37	0
41	632
8	20
1	20
0	0
0	0
0	0
0	0
0	0
8	84
4	71
0	80
0	2
0	66
0	0
0	0
0	11
0	0
0	1
0	4
463	51
0	7
16	0
5	2570
0	4172
0	50
1	0
0	11284
0	11527
0	814
0	999
44	8177
23	8142
7	59
0	6448
0	926
0	5196
0	6497
0	1006
3	687
0	793
0	463
0	440
0	12793
2	20
0	5580
0	1273
0	528
4	1105
0	888
0	1457
0	753
0	15
0	478
23	38
0	0
3	9
0	17
9	15
1	14
6	1820
41	1820
2	42
0	0
0	1
0	1
0	1
0	1
0	0
0	108
60	1863
249	1865
0	1642
0	1652
2	1006
18	198
0	314
0	315
0	1789
8	728
6	709
0	361
0	369
4	386
0	42
2	61
0	39
2	1
0	0
0	0
0	0
0	0
0	0
16	82
25	198
9	49
0	0
1	65
395	131
337	458
0	3
0	269
0	316
4	302
1	165
0	0
0	0
18	570
168	832
251	684
5	95
0	0
0	70
26	309
12	294
2	333
0	198
11	130
0	1
0	1
0	0
13	1627
27	1580
0	1
1	365
1	135
0	193
0	265
0	232
0	1627
93	111
7	111
0	87
0	0
1	15
0	4
0	0
0	5
0	3
0	2661
0	2765
84	2751
1	53
0	0
0	0
1637	176
28	51
8	26
0	15
0	68
0	26
3	25
0	196
0	143
0	0
0	14
0	76
1	1
2	4
0	1
0	1
1	27
0	10
0	196
0	0
0	0
136	2165
74	2176
40	1946
12	1783
0	97
0	0
0	0
0	0
0	0
0	0
0	0
0	0
0	0
0	2
0	2
0	0
0	0
0	0
0	0
0	0
0	0
1116	5
5	5
239	17
3	0
7	16
0	0
0	0
0	0
0	1
0	1
66	344
0	325
0	42
0	1940
55	3345
1	1938
0	3191
29	229
0	906
12	113
0	37
0	0
9	8
0	8
1	0
0	0
1	0
0	15
0	15
0	13
0	2
135	160
0	9
1	151
0	254
0	244
0	1
0	1
2	258
0	262
0	272
0	0
0	0
664	1436
1	1412
1	396
6	0
1	27
0	0
0	0
0	0
88	1556
13	104
14	1434
22	125
0	0
0	0
0	0
0	0
12	1
33	609
92	612
1	142
13	35
0	2
71	39
0	0
23	50
0	11
0	44
12	49
0	41
0	0
0	147
705	5798
2	29
42	5645
21	5346
1	606
5	2669
1	890
5	44
34	34
1	19
0	31
0	0
0	0
0	0
0	2
5	2
0	0
0	0
0	0
0	0
22	0
0	0
0	0
54	204
3	158
32	105
0	63
3	45
9	13
5	9
10	1
274	137
0	102
0	6
0	10
2	42
147	138
0	57
0	0
4	62
0	45
19	35
13	27
48	17
0	0
69	219
5	151
0	158
5	232
0	45
0	65
2	5
0	4
10	34
10	42
185	16
79	140
5	18
16	140
0	30
56	300
8	299
560	203
0	203
1	145
0	52
4	0
23	506
1	0
82	514
6	1
0	7
3	358
0	0
787	613
41	367
4	15
1	198
556	1621
1	1482
0	567
10	417
4	4
0	383
0	152
3	56
0	99
11	10
2	76
18	107
11	103
0	8
1	207
4	208
0	60
1	45
0	0
0	0
0	0
0	0
0	0
0	0
0	0
0	468
0	171
0	436
0	161
0	144
731	3056
298	2753
28	2841
10	0
5	164
0	9
90	5
783	1099
0	744
21	714
0	564
6	623
3	438
0	114
2	11
1	74
5	155
2	0
2001	531
165	6687
25	6212
0	3880
2	3428
11	961
120	343
0	428
20	47
0	413
4	1422
0	0
0	0
1487	3345
12	0
1	3047
0	3041
3	465
0	302
0	3
0	2
0	3
646	3995
21	3400
2	1974
15	1922
4	1272
1	997
6	556
127	53
0	24
10	0
16	242
0	8
1	7
0	242
38	156
0	96
760	314
2	0
1	0
11	142
3	38
43	1
0	1
12	127
0	85
13	388
0	394
0	20
0	22
0	82
58	3953
11	3428
108	1006
0	0
0	0
0	0
1823	703
0	701
283	92
0	76
0	15
5	5
0	537
53	537
13	36
0	8
0	35
1	23
23	29
0	21
16	0
0	0
20	0
12	12
6	14
23	0
0	0
0	0
0	0
0	0
0	0
0	0
0	0
0	0
0	0
0	0
0	0
0	0
0	0
64	862
0	654
0	505
61	659
3	497
0	0
0	0
0	0
0	0
200	435
2	351
8	384
710	669
31	254
0	341
1	441
0	38
24	169
0	0
0	102
774	232
0	221
0	233
2	0
1	0
0	0
0	0
0	0
32	695
4	695
1	54
0	181
10	2
0	130
0	0
1140	8162
0	5836
7	6079
26	7448
20	3981
4	1294
67	2212
1245	329
0	0
2821	52
3	52
0	29
2	0
0	0
0	0
0	29
119	22
1	17
0	11
3	7
94	408
8	325
0	97
3	83
4	54
0	73
14	1261
5	266
38	233
1	105
22	57
5	185
0	1261
0	1145
0	4
0	3
0	1
2	0
0	0
0	0
0	0
0	0
0	0
0	0
0	0
21	2
1	0
0	2
1	0
527	91
0	27
0	64
0	0
0	0
0	0
18	0
0	0
0	0
202	0
1	0
0	367
2	89
0	116
0	391
0	368
0	16
0	366
1	1
0	80
0	378
0	377
0	408
0	2106
55	2102
0	2095
4	72
0	1972
0	102
2	0
168	4346
132	1852
2	4193
56	3194
5	5
731	265
2	181
2	40
0	7
8	6
0	5
1	0
232	145
3	154
0	0
3	9
1	0
0	285
24	1088
4	1067
0	1112
0	87
0	0
0	0
0	0
0	0
11	201
1	32
0	201
0	0
0	1
0	1
3	1
0	1
0	1
0	0
211	1593
3	1592
1	1593
8	1212
4	0
0	5
0	6
0	3
0	0
6	0
1	0
495	745
3	160
4	653
0	126
2	721
0	16
2994	2912
34	1392
29	132
185	2318
2	933
30	209
82	474
1	1182
1	366
0	818
2	132
8	6
0	2
0	1
266	22
5	22
10	1334
0	177
74	1305
0	62
10	50
0	1388
1561	113
31	39
0	5867
15	5499
39	5005
13	2383
0	55
1	386
46	302
682	127
0	39
0	25
0	21
10369	809
78	804
905	257
0	193
1189	87
3716	25
7	6
16	6
0	2
2	2
0	2
2	2089
2	49
8	918
3	797
2	596
0	566
0	608
0	585
0	345
0	441
0	604
0	629
0	584
0	2
0	201
6	58
3	48
3	19
2	16
2	57
0	10
1	0
0	0
0	11
0	1
0	12
30	26
1	5
0	3
9	3
0	2171
0	0
0	0
254	13
447	47
9	32
1	2287
62	2287
11	94
4	206
76	1205
6	1079
13	1096
4	67
4	171
0	31
12	468
0	181
0	8
8	5
6	9
4	3
0	105
78	115
2	163
64	225
0	8
1	52
3	32
1	56
3	5
0	4
0	0
2	376
89	423
0	115
1	41
0	0
4	0
5	50
1	46
0	24
0	0
2	6
0	3
0	1
3	1
0	0
0	734
8	553
12	612
0	231
0	527
12	184
0	80
0	53
0	39
0	11
0	11
12	178
0	144
2	73
0	47
0	9
0	9
4	67
0	41
0	733
33	0
16	10
1	11
2	4
0	1
0	1
2	1
0	52
0	35
1	8956
14	199
12	445
6	6600
0	1216
4	291
19	736
0	763
5	9
0	398
0	7431
0	586
5	233
3	1653
16	8441
7	192
6	291
32	736
1	114
1	7591
313	82
18	82
0	55
4	41
0	0
0	0
9	462
0	379
453	557
0	0
0	1
0	1
0	1
0	1
0	1
0	0
0	1
0	0
0	1
0	0
43	16
0	16
1021	492
1	279
3	166
1	254
0	1
0	1
0	0
61	604
10	470
10	582
4	12
146	87
0	3
0	0
0	0
0	0
17	0
138	657
5	655
3	2
7	1253
0	906
11	184
5	228
2	360
4	601
9	719
378	21
3	249
1	315
0	19
6	0
0	0
0	0
0	5
0	5
0	4
69	0
0	0
4	377
29	383
1	14
0	15
1	32
0	10
0	0
217	324
0	324
0	0
0	0
0	0
0	0
4013	2364
9	67
26	523
30	1049
6	844
577	120
29	120
61	119
348	277
32	277
0	0
0	0
5	24
0	11
0	0
0	189
0	192
2	216
13	95
4	25
0	29
0	0
0	1
0	0
1	4
0	3
0	0
0	0
0	665
2	449
2	684
0	2648
5	2437
0	761
0	53
5	310
0	26
8	429
1	0
0	81
4	7
1	7
0	0
65	6
0	5
0	1
146	0
0	2
0	2
1	0
1	366
252	1316
1	1194
0	320
389	1257
0	191
1	985
0	128
0	76
1	0
1	245
10	8
61	8
325	1095
4	400
0	144
3	375
5212	1105
9	1101
585	172
1	0
0	170
2	93
0	123
0	46
0	167
0	0
0	8
23	1
0	183
2465	301
20	301
0	0
0	0
0	0
0	0
0	0
36	930
1	56
168	1911
85	406
0	1268
634	1530
0	0
438	198
10	198
44	0
0	0
0	0
0	0
0	0
0	0
1	2027
123	1888
12	31
0	1425
11	1628
0	0
135	1785
2	1120
4	1701
7	832
0	126
1	526
1	430
1	225
1	6
1	98
0	100
0	509
1907	187
0	187
0	0
0	0
219	6
0	5
0	0
734	27
14	26
5	2
9	0
0	0
0	0
1	0
6	0
0	0
0	0
0	0
0	0
0	0
0	0
0	537
1	538
44	538
0	39
0	7
0	28
0	28
0	1
0	1
3399	2051
0	228
0	1524
1	12
3	166
14	795
4	187
5	1331
0	874
0	90
2	10
27	26
0	49
7	32
2	0
1	30
36	4
0	0
0	0
0	0
0	0
0	0
0	0
0	0
0	0
314	9
10	9
0	0
8	696
330	695
1	157
0	2
13	25
0	74
2	0
302	2762
192	2261
47	518
22	1553
0	275
2	1059
0	85
0	36
1	0
162	88
0	27
175	1153
82	1153
611	363
25	193
24	327
10	171
0	0
0	162
0	75
10	79
2	62
0	0
0	0
0	5
27	13
1	15
0	1
1	0
0	0
606	1342
12	0
0	1342
79	1
4	1
0	2315
0	0
0	68
0	29
1	2173
0	69
3	2317
0	11
2	35
0	32
10	9
219	0
538	378
0	397
0	0
2	201
0	204
5	0
15	479
1	28
1	56
0	16
29	81
2	580
0	152
1	85
22	99
6	33
442	235
1	234
0	2
0	0
0	0
78	2048
0	1228
8	1232
1	2073
6	96
3	26
0	23
3	74
0	0
0	0
0	0
0	0
0	0
0	0
1	3
531	0
0	5
19	9
0	0
0	0
0	0
0	0
0	0
1	1
2	6
0	7
0	6
0	2
0	1
5	817
0	826
3	316
11	155
0	335
0	413
0	114
1	225
30	0
1966	1418
2	815
0	368
3933	28524
5	18564
467	62
13	25060
27	21825
0	0
6	0
28	167
0	79
1	167
0	1
0	1
0	0
214	0
7	191
0	630
0	628
41	659
3	612
0	656
1	5
0	70
27	22
5	22
84	0
4	0
0	0
2	466
0	532
0	51
3	502
24	81
2	160
0	89
2	163
2	71
0	53
0	14
0	80
0	10
0	3
0	1
0	3
0	14
0	0
0	169
2	2862
74	638
0	11
1	316
423	1633
187	1633
0	0
0	0
0	0
0	0
0	0
0	0
1	0
0	3
0	3
0	912
98	860
4	229
0	0
6	294
2	18
0	95
1	40
0	36
2	0
0	862
0	909
141	89
0	89
0	14854
7	13719
0	17947
0	1223
0	2
383	18507
1231	18827
151	2542
32	1384
300	2560
3	387
14	255
4	263
3	14063
2	13914
5	16005
3	1722
5	2820
21	1114
3	2280
3	647
8	123
777	995
0	878
1	262
0	0
8	2443
4	513
60	679
0	2451
6	2362
146	662
0	215
0	48
0	34
1	0
13	150
0	27
4	5
2	79
0	0
1	0
0	245
3	4
0	27
0	0
0	0
9	358
3	357
13	1
6	512
7	59
3	253
1	0
0	0
0	0
0	0
0	0
1291	0
25	3
0	3
518	1829
2	1511
0	768
17	243
0	250
0	150
0	65
10	6
15	2
2	38
768	0
1276	0
5	0
0	0
4986	2666
4	2666
32	184
110	1057
2	966
4	200
2	967
6	790
0	498
3	41
44	51
0	0
0	0
0	180
36	180
1	20
0	0
0	0
0	0
0	0
0	0
2	905
112	1452
0	213
16	1377
1	809
0	363
0	26
3	60
0	1
3	60
3144	928
140	918
41	152
1	208
1	51
0	99
0	99
4349	2125
0	703
2	59
11	1365
1	5
0	105
2	1081
0	860
149	2589
143	2273
3	2286
197	2473
0	1485
363	575
26	456
47	34
945	0
1078	745
5	2
15	32
6	711
54	260
0	260
0	183
1	25
0	0
0	0
0	0
156	35
1	19
1	36
24	11
7	31
1	25
0	16
103	1
0	0
0	0
0	0
0	0
856	922
24	530
8	390
3	22
1	325
546	1467
2	0
3	1454
25	2333
0	2878
0	3877
1576	3843
51	1205
0	2833
0	2509
0	7
0	104
0	2189
5	118
0	234
0	358
0	27
0	69
0	1
0	338
0	0
5	32
0	222
0	228
1	314
6	454
0	29
0	242
0	31
0	54
0	558
0	465
0	558
0	197
0	0
99	523
115	523
0	241
20	187
28	1
0	459
0	472
12	786
0	585
162	926
19	746
3385	753
0	876
0	594
0	606
711	8582
177	6995
6	0
48	3415
5	224
2	675
2	738
33	2883
0	2261
87	8666
199	1
0	0
0	1
57	0
0	0
0	0
0	0
9	180
3154	409
2	225
20	0
5	0
582	19
15	8
64	1177
771	1413
0	1273
7	1319
0	19
1	73
0	6
0	459
1	12
0	0
0	0
0	0
0	0
3	0
0	0
0	0
0	0
0	0
440	0
76	1403
24	129
2	220
1	213
2	1217
29	203
0	1119
1	218
16	540
49	482
0	251
55	6987
107	7107
7	6973
15	616
227	2634
0	240
40	374
25	305
230	426
17	102
52	1668
53	1370
0	19
0	909
3	391
3	111
0	76
26	165
7	25
0	97
2	135
4	1
0	24
11	5
21	74
3	14
0	3
0	0
0	57
1	55
0	0
0	0
3	2
0	0
0	0
0	1
0	1
0	2
66	178
3	154
23	232
30	58
6	116
0	7
11	112
4	22
1	0
3	105
5558	6
360	17
0	17
3	0
21	0
0	0
0	0
0	0
1252	562
0	62
7	57
0	37
10	232
0	349
2	1
0	11
0	1
0	0
0	0
0	0
24	819
17	724
15	1099
0	187
73	396
0	320
0	27
0	0
0	0
0	624
19	172
0	0
0	0
0	0
18	1
0	1
43	81
0	416
1	404
0	394
299	881
0	22
0	912
17	770
6	514
0	39
20	3
1	55
257	3658
2925	3810
0	394
47	5
2	886
6	909
1	948
45	1381
1625	3443
247	3297
2	1500
138	1833
0	0
0	0
1	4244
34	4393
0	4392
0	4392
18	44
39	10
0	122
0	0
0	0
0	0
150	2055
577	2099
36	0
1	451
25	1
31	0
6	4
1	1
6	421
14	415
8	379
1	23
88	37
0	0
15	23
403	52
0	29
27	7412
4764	7894
10	661
5	6967
42	1066
0	4017
0	4174
4772	4697
0	3429
0	2643
0	215
9	31
8	67
30	104
0	54
14	0
0	137
15474	8
0	0
8	8
2	12
0	17
0	12
0	9
0	4
0	3
0	0
0	0
0	0
1	925
122	925
4	87
0	51
1	28
4	1
0	19
0	16
0	19
58	328
38	323
16	15
3	67
39	22
0	0
0	0
0	1
0	0
0	1
67	119
0	444
2	439
2	10
34	447
0	176
127	176
5	5
19	164
1	128
0	157
456	2982
0	487
1	824
2	0
0	2227
0	0
0	0
0	0
0	0
0	0
0	0
0	0
0	0
0	582
46	862
1	53
0	1004
0	13
3	765
271	812
0	1166
0	1540
12	2061
0	379
4	0
0	115
0	779
0	2162
0	2091
0	811
0	0
0	0
0	0
0	0
0	0
269	4716
1	45
0	874
4	945
0	4202
7	387
7	951
1	1297
1	5205
0	0
1206	1459
0	156
0	172
2	31
14	1423
11	5
0	11
7	7
9	75
0	64
2	67
17134	1361
0	1354
21	620
0	0
0	0
0	1282
0	1820
115	1623
7	0
2	0
0	16
576	182
2	37
5	87
25	20
0	10
0	3
3	2
0	11
2	5
0	0
69	459
4	378
1	69
51	92
0	11
3	333
8	333
0	35
0	140
0	12
2	84
0	1646
20	1586
7	115
0	958
0	1468
0	51
773	0
0	0
4	6
0	6
0	6
0	9
0	4
0	0
35	2222
2	1562
0	799
9	1461
0	246
1	1034
8	62
0	32
0	0
0	0
0	0
3	101
17	3
0	0
1	0
0	2
0	1
8	1177
1660	1178
1450	313
10	311
0	30
30	411
286	408
0	3
0	0
0	0
0	0
3	0
0	0
0	0
66	11
0	3
1	8
0	7
1	7
3	5
727	1749
0	1749
70	881
33	181
1	115
0	213
502	17
27	15
31	12
6	16
10	7
0	8
3	9
0	0
0	0
54	79
3	53
1	68
162	132
1	76
0	55
4	102
1	45
11	3
0	0
0	0
0	0
0	0
5	9
0	8
0	8
0	1
0	0
80	3568
0	2524
0	3762
94	3265
13	761
1	47
2	26
2	153
0	249
0	2052
0	54
2	315
38	193
1357	512
8	406
0	163
3	0
1	193
0	163
1	85
0	36
412	348
9	16
0	343
3	7
12	1318
28	1713
0	1332
0	1534
1	581
16	695
38	15
2	784
1	150
23	14
42	0
0	1401
33	1485
0	548
0	454
13	208
7	144
0	32
0	104
1	29
2	50
0	0
0	0
217	1
0	1408
0	332
0	433
0	423
0	433
0	430
0	396
0	436
0	426
0	415
0	408
0	418
0	464
0	340
0	155
0	71
0	328
0	68
0	78
0	99
0	240
0	125
0	413
0	432
345	427
0	117
0	268
0	268
0	332
0	379
0	409
0	22
3	283
0	3
0	17
0	184
52	113
2	7
0	464
13	84
0	29
0	28
8	3
192	3
0	0
0	0
2	221
0	221
0	221
1225	452
2	452
19	369
5	64
0	18
0	0
0	0
0	0
0	0
0	0
0	0
129	4996
153	2205
4	3604
0	3078
32	551
1	72
0	20
3354	2016
8	287
29	869
5	596
8	23
85	260
4	601
25	113
0	113
1	16
5	0
39	2140
2	150
21	51
20	2109
66	238
17	377
0	88
2	124
0	17
0	253
656	10627
0	9809
0	7970
2	1056
0	944
1	621
0	7
3	337
0	1
0	1
0	0
0	0
0	0
0	0
0	0
0	0
0	0
0	1
0	0
0	9807
4699	2
1	185
10	170
0	118
0	15
0	135
0	1
0	2
0	112
0	116
109	69
2	69
276	6164
0	6649
218	6416
45	717
38	470
3	12
116	7
6856	3
2983	3349
946	3348
34	989
7	336
1	764
54	581
0	74
17	580
0	440
2	383
28	46
0	73
5	68
20	71
0	0
7	410
202	220
1	220
0	118
8	344
1	342
8	343
1	7
0	61
0	24
12	22
0	4
0	0
0	17
407	2
54	2
105	667
11	62
5	632
9	9
2	11
63	446
22	0
0	4
3	29
15	2695
0	2697
59	142
0	1
2	0
0	2697
8	351
55	199
0	42
0	358
102	185
62	332
20	299
8	186
20	8
6	8
5	59
6	135
1	1169
4	42
0	84
0	68
27	158
35	203
0	23
50	350
0	12
1	50
6	1109
0	0
0	0
0	0
0	0
0	0
0	0
0	0
0	0
31	62
2	62
2	0
371	73
0	73
0	34
0	143
3	126
3	107
2	95
0	0
1	8
86	1941
0	1186
1	361
7	485
0	1320
6	5
0	432
0	975
36	437
9	39
0	0
0	0
417	92
0	88
1	55
4	0
0	1729
0	1820
0	1938
50	838
3	2
22	144
8	249
1	20
0	1805
0	1921
0	0
0	0
0	654
0	696
0	637
0	669
0	645
0	618
0	503
2	631
0	673
0	316
1	351
11	60
7	7
0	0
35	890
17	657
0	978
1	622
0	325
0	613
52	1342
11	313
3	604
0	466
55	300
0	68
1	79
81	45
2	209
0	132
0	40
0	1360
158	0
21	185
290	194
1	0
2	160
0	0
0	0
0	3795
74	3802
0	597
0	597
0	597
0	597
0	597
0	597
0	597
27	548
0	1
0	345
0	0
334	558
4	498
0	309
0	60
0	13
51	415
0	415
2	66
0	18
0	24
0	7
1	0
2871	74
1	74
3	127
15	127
297	643
9	0
5	643
2	0
13	0
2	2
0	3
0	6
0	0
0	0
3597	1294
3	699
11	452
0	24
0	0
0	18
3	18
3	0
0	0
311	182
1	182
0	0
0	0
0	0
20	728
33	803
10	771
0	181
18	4
6	7
3	8
0	3
0	3
0	0
0	0
0	0
0	0
54	0
2	0
184	849
0	568
0	23
3	151
0	74
21	37
0	81
0	12
16	26
0	0
0	0
0	0
0	0
68	47
3	47
1	47
0	34
69	21
0	0
2	1409
21	755
1	778
0	104
9	518
3	192
0	0
0	0
5	0
0	0
1430	1175
59	761
95	1161
211	19
0	0
28	2241
1	2068
1	1920
44	326
0	0
0	0
0	0
0	0
0	0
0	2
0	2
0	0
26	0
0	1
0	1
1380	237
0	162
3	114
11	76
8	29
0	49
217	1174
0	1137
0	130
48	585
17	43
5	207
0	113
14	113
2	106
12	74
1	83
0	431
5	14
0	44
0	107
0	83
0	415
0	443
19	323
12	323
7	4
9	0
0	295
4	295
0	292
2	222
10	260
0	27
1	7
4	13
0	277
3029	1
1	64
9	385
2	216
1	325
0	325
0	4
0	1
12	0
0	22
1	8
0	343
0	1362
3	576
0	476
11	824
3	0
6	170
3	180
0	0
0	0
0	2
0	2
0	0
0	0
1037	1
37	933
2	493
0	931
0	3
16	79
0	17
10	42
1	0
0	20
0	19
0	1
73	345
0	51
0	347
0	1
0	1
0	0
0	0
0	0
6	106
1	106
0	0
0	0
0	0
429	50
90	50
250	0
0	0
0	0
526	397
3	175
1	0
5	5
2	2
23	15
4	2
2	191
4774	2807
5	2802
0	1931
0	382
0	1274
22	976
3	113
0	217
0	103
0	102
0	92
2	42
4	1140
2	109
0	0
0	3
0	215
0	407
0	0
0	0
406	254
12	40
18	235
16	0
0	17
0	0
37	1036
0	83
1	953
0	184
479	255
4	2
86	198
12	20
0	65
0	0
0	0
0	0
0	0
0	0
49	225
0	207
65	32
0	112
0	73
3	4
29	0
5	1
63	53
31	1657
3	1657
69	1627
1	41
0	41
0	42
0	41
0	21
0	17
0	19
2	12
0	2
0	0
0	0
0	0
0	1
0	0
0	42
7	6
0	6
20	402
0	142
0	38
0	62
1	30
1	20
1	13
1	11
0	0
4	3
6	196
814	199
3	196
9	80
2	70
1	46
5	53
0	1610
0	0
300	990
1	880
2	110
0	141
0	0
0	3
135	754
0	65
37	757
12	696
0	99
4	17
0	0
0	147
0	117
0	68
0	110
1	0
5599	558
2	552
0	0
0	0
0	0
493	2263
29	399
0	1832
0	1832
67	2143
9	2124
3586	817
3	312
1	501
2	2846
98	2987
1	2828
42	813
10	980
0	2615
13	31
0	3005
659	2255
10	2142
11	1799
37	1083
12	1136
0	178
0	19
0	0
0	0
556	281
2	50
6	147
7	67
0	76
0	0
8	501
0	0
3	505
0	505
147	0
2	75
1	187
8	99
0	3
0	6
79	145
51	0
4249	943
2	937
0	6
0	0
0	0
39	799
33	151
27	948
30	20
17	46
0	7
862	113
1	6
0	34
1	5
1	68
5	210
0	178
3	212
1	57
0	178
0	0
0	0
4	366
4	371
4	365
15	369
0	13
1	58
7	367
473	2319
25	2228
0	15
0	151
0	181
3	501
18	493
658	523
0	2
1	2
0	14
0	24
11	132
7	41
0	60
293	540
29	526
0	0
0	0
0	0
0	474
3	473
1	485
0	44
0	21
4	20
0	0
0	0
0	0
0	0
1	758
0	652
24	803
0	13
0	137
0	74
2	13
0	0
0	0
0	0
0	0
5	4
11	4
0	0
0	0
3	0
31	5
0	2
0	3
0	0
0	0
0	0
0	0
0	0
0	0
0	0
0	0
0	0
330	197
0	32
1	98
5	111
14	188
0	75
0	116
2	41
0	0
0	65
0	0
0	0
0	0
0	0
15	53
0	37
0	45
2	43
5	13
1	0
1	1
26	150
0	13
9	12
0	40
1	40
0	40
0	1
0	0
0	0
0	0
0	146
872	153
417	0
0	16
0	18
1	17
0	3
0	4
0	17
14	27
1	3
0	27
642	507
1	84
0	87
2	336
93	454
30	361
1595	581
10	579
0	0
124	9
0	9
3	4
0	0
0	0
12	866
2	141
0	94
19	10
0	889
0	0
0	0
0	0
4	1732
4	1667
0	1532
5	622
15	1056
0	1476
1	1720
0	998
0	1266
13	382
1	809
0	1251
0	1
0	145
0	884
120	335
0	153
0	125
9	117
0	11
3	22
9	124
0	118
0	0
53	0
80	4516
30	4513
52	4514
565	300
0	252
18	125
0	42
3	48
1	36
228	797
54	707
1	25
0	0
6	13
13	25
8	19
3	2
1	87
0	14
8	3
599	234
34	234
0	0
83	782
0	778
1	644
2	0
0	105
0	0
317	2965
1093	3377
16	591
0	838
11	917
3	0
0	0
41	8
0	1
1	8
0	6
78	140
48	102
1011	4796
6	4175
7	3717
8	602
0	0
0	0
24	778
4	750
1	623
1	84
0	617
0	563
0	159
74	317
1	166
27	239
52	223
115	32
0	231
0	15
0	0
1	0
0	0
217	24
0	24
0	13
363	32
1	31
171	240
3	240
0	240
0	0
0	0
0	0
0	0
0	0
144	188
1	137
6	135
1	17
1	11
4	0
0	1
2	3
365	8815
66	559
1	554
0	220
0	8470
28	9058
6	7744
5	6
2	4096
0	344
28	346
7	997
21	5047
4	1322
18	519
1	1
0	0
0	1
0	1
0	0
0	867
295	1375
6	1375
4	146
1	5
344	0
28	374
823	375
1792	1396
0	857
12	643
0	4
1	150
0	218
1	320
18	42
8	467
167	309
3	399
22	431
1	14
0	78
1	11
0	28
2	2
0	2
0	0
1686	33
0	33
1121	63
23	6
0	1
0	0
0	0
0	26
9	36
185	365
45	359
23	0
2952	4
0	1
0	12
4	14
0	8
0	6
0	10
0	453
5	545
0	384
0	657
0	407
0	463
2	516
0	307
0	3
0	0
0	0
8	831
27	232
1	951
69	838
1	130
3	7
8	26
329	5557
466	4966
52	709
29	6
10	1866
0	597
123	15203
3802	15763
0	7895
5	1257
0	634
6	524
0	8
0	644
0	747
1	65
6	754
4	213
0	298
11	18
5	182
489	1147
9	280
1	816
13	1605
31	2249
0	289
19	72
65	64
0	54
1	0
1	18
4	40
0	1
4	25
0	6
552	741
0	195
0	276
11	4092
6	4117
6	2363
0	3036
559	4795
4	459
0	87
0	0
0	0
5	0
2	0
85	192
0	24
0	1
0	192
0	0
0	0
623	0
0	300
6	362
2	180
1	393
6	122
0	176
0	17
9	63
2	15
13	47
25	5
1	73
6	73
33	139
3	140
310	189
0	86
92	1245
49	63
2	0
0	1357
0	149
6	1358
2	20
4	56
0	51
0	12
2	12
974	4
36	444
7	381
1	423
0	8
14	13
6	28
5	264
0	12
1	4
0	0
4	0
143	1008
43	1048
1	288
13	55
6	164
0	201
0	0
5	147
14	75
0	0
0	4
38	1
7	518
0	1047
1	0
0	1069
1	424
38	427
0	375
7	109
0	320
2	209
0	179
0	76
10	78
0	216
0	83
172	628
1	174
0	437
0	438
0	11
0	11
0	9
1	530
2	569
107	594
0	44
1	8
0	70
15	0
0	25
2	25
0	24
0	24
0	0
0	0
0	0
0	0
0	0
823	1089
71	89
0	0
6	58
14	1049
0	15
0	6
0	6
0	6
0	6
0	6
0	6
0	6
0	0
0	8
2244	0
0	0
0	0
0	0
0	0
0	0
0	0
0	0
0	0
0	0
4	8
0	8
1448	1605
6	132
3	56
10	80
1	1270
0	78
7	1
1	99
1	129
21	118
14	21
1335	4
0	3
0	133
19	145
137	209
0	183
8	116
52	272
7	152
0	132
7	90
35	0
1	75
0	38
0	79
0	81
2	14
0	74
0	73
0	17
2	1
28	3
0	67
0	18
1	61
0	19
0	1
0	0
0	29
5	64
44	1642
4	51
0	88
3	1681
500	1
8	1
0	1
0	0
0	0
0	0
0	0
0	0
0	0
34	458
42	438
0	82
5	63
0	10
9	153
0	49
15	1199
2	739
0	958
1	63
0	29
18	13
2	6
3	3
11	42
8	1
0	1183
181	161
4	7
1	161
0	66
0	2586
0	56
0	2180
0	2095
2	2961
2	337
3	2326
801	2832
209	2909
0	2099
15	1622
22	205
2	273
2	1004
24	201
0	0
0	0
0	0
0	0
897	1473
7	1471
13	238
332	382
0	125
0	62
0	64
0	39
0	0
15	13
1	37
0	303
364	372
0	104
1	11
2	40
0	267
2	4
132	171
525	155
25	119
814	0
935	487
25	86
9	409
30	363
0	86
0	22
1	24
0	0
0	1
0	0
0	7
2	22
0	10
0	3
0	10
0	0
9	9
0	10
26	44
0	44
3	6
1	3
0	10
7	877
0	735
0	523
2	37
0	167
19	447
0	138
0	136
0	952
0	0
7	4
0	4
0	0
1	6
104	2138
0	158
10	2136
2	203
0	68
0	1
0	6
3	24
5	14
1392	1545
16	1545
14	1055
1	624
29	983
1	598
4	80
4	0
1	11
0	2
1	2
0	4906
47	4756
197	5035
6	48
1	595
0	815
25	4828
390	59
47	3
1	89
42	438
164	462
185	2005
5	1385
232	1785
28	0
2	1872
46	632
1	1579
0	1873
2	343
2	530
10	890
0	210
16	55
3	89
0	0
0	0
0	0
0	0
0	0
3	31
2262	1254
1	732
0	360
0	15
11	186
6	424
119	136
2	136
8	0
5	0
322	1206
3	237
2	88
13	0
7	117
0	69
15	3
17	814
5	9
0	19
41	136
1	501
3	352
6	300
2	306
66	16
3	21
3	48
0	126
5	0
220	46
0	56
90	553
8	242
6	516
0	92
0	119
0	66
0	60
2	177
7	56
0	110
0	0
0	0
0	0
0	0
132	30
3	26
7	5
1	26
0	0
0	0
6088	1264
1	131
2	474
0	160
23	113
0	81
4	170
3	403
15	334
11	326
0	30
4	17
0	0
0	0
0	0
0	41
0	34
8	20
0	24
0	24
1	23
0	3
0	3
10	0
1	0
0	0
163	15
0	15
132	0
5253	360
6	357
3	385
14	459
18	339
0	64
15	378
0	589
0	45
14	195
79	134
30	124
9	41
0	8
24	17
86	0
1	2404
795	3340
6	7
0	76
2	2695
0	138
2	990
0	5
0	1
0	5
0	0
2	302
0	705
0	664
0	93
6	87
0	0
189	183
0	119
0	37
2	63
0	1
23	92
590	1610
0	84
6	1517
181	280
7	280
75	154
4	193
0	6
0	6
0	0
0	6
273	1087
157	1088
805	1088
7	498
16	2
0	0
0	0
1	0
193	300
0	30
397	324
0	138
0	212
0	160
0	79
4	3
0	49
0	47
8	0
4	304
0	102
87	305
0	1
0	37
1	6
0	321
0	502
5	374
0	386
0	186
0	108
0	67
37	73
0	158
0	63
8	47
12	53
2	70
6	47
7	134
0	25
0	18
0	9
1	26
7	9
12	9
3	0
0	17
0	0
0	1
2	1
0	2
0	2
0	1
0	0
2739	4
0	0
0	0
0	0
0	0
0	0
0	0
0	0
0	0
4	0
2	0
675	10991
70	10991
150	1737
0	1083
5	2073
664	1941
1	1543
0	1663
7	146
0	15
6	3
14	1527
25	1658
2	167
15	940
0	793
4	31
0	85
4	20
0	186
1	2
6	2
2	125
2	0
0	4
0	0
0	0
0	0
0	0
13	1517
2	1658
0	1611
0	754
0	1235
0	1267
0	1262
0	0
0	0
0	0
0	2
0	0
0	0
0	0
0	2
0	5
0	5
0	2
0	1
0	3
0	3
0	23
0	20
0	10
0	2
31	936
0	936
6	29
3	0
186	0
1	7
0	1
0	6
0	0
0	0
0	0
0	0
0	0
482	0
217	815
0	815
49	815
11	0
3	0
2	193
0	147
0	38
0	0
0	0
237	493
1	100
2	129
2	142
23	17
0	0
5	165
6	7
4	2
30	2315
37	9552
24	9714
230	819
0	178
10	9507
0	9712
0	9476
11	1767
23	1666
2	240
0	226
1	14
5	327
0	12
0	0
41	2827
45	2634
0	1149
3	27
120	34
4	5
3	3
0	0
0	0
57	270
0	66
0	62
0	84
1	141
0	0
367	154
0	153
2	8
3	8
1	0
270	556
0	480
1	206
1	20
8	165
159	1219
8	122
0	0
7	0
8	44
0	29
1	1174
0	13
0	572
2	3
0	14
47	2372
0	1763
1	2034
0	1760
0	491
0	507
1	509
0	501
2	755
0	1
0	0
8	0
45	35
0	30
0	0
0	0
0	5
1	0
2	266
0	0
0	329
4	29
0	323
1	6
0	2
0	380
340	380
2	0
0	91
0	41
2065	2372
2	2101
0	1235
0	1121
0	393
2823	347
15	347
0	22
4	62
89	10
1	9
49	2
39	0
0	1393
3	1309
106	1393
0	962
5	133
0	48
68	2696
2	334
0	0
85	1
24	1
45	2644
1	79
3941	533
1	450
46	4
4	0
1	2414
3895	5132
3	5131
2	3127
3	217
2	4794
0	5131
2941	4655
5	4199
0	4667
0	1
0	0
1	0
7	19
1	3
0	6
0	1
0	13
0	0
0	0
0	0
0	0
0	1
0	1
19	9637
150	7501
5	9527
0	9653
352	7105
2	2531
771	4618
30	335
3	190
422	2956
0	145
1	300
0	692
224	7
43	2
0	2
131	893
0	570
0	873
2	1
0	125
1	4080
464	9557
0	184
0	2846
4	2576
38	2833
0	4272
0	2245
0	305
0	62
2	2184
0	197
0	2663
0	2272
0	0
0	89
0	2840
0	65
0	2880
0	129
14	129
0	336
0	2783
0	181
1	223
0	2485
0	594
0	775
6	2486
13	480
0	2374
16	2552
4	185
17	288
12	2226
4	1164
5	4
0	4
0	2440
1	135
0	74
5	337
2	467
0	210
50	2701
0	776
0	525
0	307
1	745
0	3993
13	27
0	25
0	511
29	311
9	622
0	373
0	2129
13	11
156	2120
22	623
0	9521
147	0
0	0
0	0
23	480
19	234
69	296
106	457
4	525
0	179
3	135
0	29
0	104
1	7457
11	6230
112	3691
4	672
3	65
14	45
21	2200
0	605
2	595
4	500
6	129
0	54
51	46
114	554
0	554
0	0
0	0
0	0
2	780
3	755
132	298
35	85
1	240
2	107
6	90
0	0
0	0
0	0
18	123
1758	320
0	197
0	0
0	0
26	1724
197	1828
31	630
0	1628
0	92
1	57
6	551
0	0
24	7
0	7
358	0
44	1636
69	1635
23	1173
346	1026
1	830
0	124
16	115
0	122
1	197
9	814
6	4
0	903
0	10
0	0
0	7
0	11
3	750
0	680
72	110
13	893
0	122
0	3
0	276
4	247
1	75
27	10
0	10
307	94
0	13
0	0
0	41
6	20
0	28
0	12
11	718
0	659
59	878
0	105
0	820
80	280
56	72
14	97
8	0
6	121
1	0
0	862
35	1333
0	1291
4	1239
0	1202
2	0
0	0
12	12
9	60
160	1140
0	42
0	1307
0	174
10	29
115	203
0	635
92	39
1	9
0	24
3	253
5043	2099
6	540
0	1143
7	10
0	0
0	0
0	0
0	0
0	0
0	0
5	1
2	1
34	8
3	9
2	5
0	0
3	1
0	5
8023	392
16	387
0	1089
336	1096
6	375
0	14
0	0
0	0
0	0
0	34
0	75
0	85
4	66
0	14
0	13
0	4
0	4
0	54
0	1
0	2
9	20
0	13
6	0
120	5
0	0
0	0
0	0
0	0
0	0
0	0
0	0
0	0
0	0
0	0
0	0
0	0
0	0
0	0
0	0
74	123
0	87
26	50
1	97
0	7
0	115
4	6
166	78
2	14
11	0
3	64
6	44
14	1047
30	0
2	7
0	1374
6445	1378
293	0
1	0
11	0
1	0
0	0
1	10
0	9
0	0
0	6
0	1
0	0
0	0
3	7
2	5
7	35
2	545
7	7
0	666
1	609
51	488
0	722
0	593
0	542
1	123
1	57
5	4
0	516
1603	1591
120	1316
5	160
1	1335
0	993
6	1072
0	81
20	162
0	169
0	62
1	71
0	24
0	2
4	20
3	9
9	2
6	20
47	11
0	0
0	42
0	43
0	38
0	40
0	46
0	46
1	31
0	40
0	155
11	28
0	18
0	35
0	0
0	151
0	0
0	0
0	0
0	0
0	0
2	0
0	0
0	0
8	1489
27	1485
4	709
7	132
7	1077
0	161
0	12
0	36
105	55
3172	1341
65	781
84	238
118	773
2	773
0	78
554	0
13	1260
3980	1261
19	633
1	983
6	484
162	6473
0	241
1	86
0	954
9	6408
17	246
2	0
2	1
51	0
298	279
0	230
0	176
20	1
0	32
0	227
201	602
93	604
3	49
0	102
15	1
1	4
10	1884
6	193
0	361
75	1921
0	1139
0	1077
0	172
22	514
6	51
2	0
0	0
32	0
66	220
1	220
1	29
0	0
1	16
26	39
7	39
6	7
368	836
0	754
1	0
2	26
37	505
3	165
2	138
0	47
117	1073
50	1177
2268	3
39	75
1	66
0	14
93	239
69	239
0	0
0	0
0	0
2632	1
0	0
6	511
0	0
0	0
152	56
0	18
0	5
3	5
0	28
1	1
0	1
0	458
35	458
0	115
53	234
0	158
13	46
0	8
2	0
0	0
0	0
0	0
0	0
0	0
0	1
0	1
0	1
17	0
0	0
0	0
0	0
15	0
0	0
0	0
0	0
0	0
0	0
13	4
0	3
0	1
1603	2762
2	888
25	906
6	2100
2	314
38	59
65	260
1	202
0	17
0	396
0	500
3	246
151	240
0	325
0	78
1	123
88	208
0	0
0	71
8	61
12	36
2	9
0	411
386	3372
0	463
0	2832
1	2832
15	370
0	1916
2	1912
15	0
0	1
0	1068
0	340
0	0
2	221
0	1
7	599
0	635
0	43
0	4
1	361
0	8
5	26
0	11
0	0
0	0
54	16
8	16
0	0
0	0
31	171
316	408
0	140
12	74
5	7
7	2
6	7
2	126
31	36
0	31
26	171
1969	172
4667	2677
55	172
1	764
40	710
0	2278
0	0
12	609
893	2
0	0
2	11
0	11
0	0
0	0
0	2
0	1
0	1
0	2
0	0
0	0
4	0
0	0
0	0
0	0
0	0
0	0
0	0
0	0
0	0
0	0
0	0
5	6637
0	6273
20	3550
36	2717
88	1528
49	707
15	352
1	95
17	31
0	12
2	12
109	1386
221	1386
8	408
5	2
0	20
1	0
4	0
6	839
9	839
21	2
6	20
21	18
6	0
0	132
0	18
4	196
7	473
2	435
3	423
0	422
2	522
0	211
0	320
4	271
0	253
1	9
1	38
0	0
0	0
317	589
7	549
2	13
0	10
0	38
0	6
3	2
0	291
32	305
12	81
2	74
5	140
4	125
0	4842
1	4911
0	5013
0	6239
12	5434
5	6074
0	5678
0	5000
0	5046
0	4676
0	4721
0	4619
0	4791
1	4729
0	4616
0	4578
57	0
24	623
3	81
4	99
23	35
66	2985
2	3035
0	339
1	465
0	5
0	5998
0	6000
1	376
36	0
2399	2592
0	2613
59	215
16	376
18	25
1	1
0	124
3	670
0	0
0	0
89	443
0	443
271	1940
31	160
0	1933
19	498
7	496
15	0
2	0
0	0
928	0
795	6958
3	2440
0	5568
1	6241
0	6731
5	6301
213	4991
0	3231
0	4092
69	3196
6	166
3	1807
0	218
12	2524
122	1904
147	27
0	26
8	977
0	47
0	0
0	12
1	11
4	168
5	320
0	5
2	4
0	5
2	3
0	4
1	4
0	5
0	0
0	0
0	0
3	12
2	12
3	0
25	759
43	119
1	623
0	689
634	1592
0	0
0	0
0	0
0	0
0	0
0	0
6	463
1	331
2	372
0	30
4	658
6	463
0	392
0	434
0	673
0	658
0	697
11	1
2287	3295
0	652
0	527
6	971
17	1905
0	1595
0	52
0	54
0	0
0	25
4	53
0	35
0	42
0	0
0	27
6	27
1	0
0	1
0	0
0	21
0	32
1	18
5	11
1	3
0	0
0	3
0	19
0	5
2	4
552	1904
3	0
4	1901
0	8
511	1596
7	1476
13	1514
30	165
8	144
6	5
0	24
0	164
0	0
0	0
0	0
0	0
0	0
2	8
23	8
13	639
0	107
202	640
0	61
1	949
0	101
4	88
0	455
0	36
0	473
0	0
0	688
3	11
0	925
359	704
0	664
0	328
0	281
17	269
0	0
0	24
0	21
0	0
0	0
33	0
71	103
1	0
0	0
9	544
33	544
0	75
1613	629
1	13
0	216
0	220
0	297
2	11
0	9
1	2
0	4
0	2
7	144
48	144
1	54
3675	16
0	5
0	4
1335	912
1	912
0	0
0	0
0	0
0	0
825	2797
83	2494
23	2329
0	2333
175	1216
11	132
5	776
0	2793
124	1906
0	1102
18	1974
0	638
0	984
5	2203
0	3436
9	2654
321	451
0	55
21	220
61	237
0	1953
0	0
0	0
0	0
2	0
0	0
0	0
0	0
0	218
1	1
1	79
0	3
0	118
0	1
0	0
0	221
0	218
0	0
0	0
0	0
0	0
1	0
131	4660
3	307
28	4353
524	316
3	297
4	18
3	113
52	0
7	73
0	0
0	56
0	51
0	1
0	43
7	0
0	8
0	20
96	163
0	0
0	0
2	0
0	0
0	0
5	0
0	0
11	0
486	319
0	318
1	43
2	52
3	37
0	5
0	18
4	54
3	2
0	1
0	0
0	3
1	4
0	0
0	0
0	2
4	2
0	1
12	2
48	675
6	676
0	0
5	158
50	158
0	32
0	49
5	7
0	11
0	2
0	35
14	21
1	4
0	13
1	0
0	27
127	75
0	73
0	2
0	2
0	0
1	0
1	0
0	0
1	0
1	484
1	486
74	532
13	22
69	7
0	11
4	5
0	5
0	459
32	483
0	0
809	289
1	289
90	2134
9	972
0	1626
14	18
0	151
2	22
1	480
0	80
18	133
3	101
8	8
9	651
0	0
94	2161
2	916
2	974
0	602
0	681
3	1116
7	1428
0	1175
9	334
0	1521
0	1158
2	1370
1	155
3	13
0	886
12	3
0	0
0	0
5	439
0	465
2	442
5	4
2	277
0	309
0	105
0	132
0	104
0	0
0	0
0	0
2551	75
26	66
1	9
5	333
8	307
48	337
9	74
0	8
0	0
0	0
0	0
21	617
5	617
0	617
0	85
0	81
2	81
0	81
402	154
6	24
0	75
31	54
0	86
28	82
31	101
23	81
99	99
10	10
0	18
0	29
1	38
0	0
0	0
0	0
0	0
0	0
1	399
3	369
2	320
0	371
0	0
0	0
0	0
0	0
0	0
0	0
0	0
0	0
0	0
0	0
0	0
0	0
0	1337
0	280
0	253
0	59
0	81
3	14
2	209
0	332
0	114
3	358
0	1337
15	25
0	26
1	25
0	23
0	12
0	2
0	0
10	1
5	2
188	470
0	71
3	25
0	44
0	2069
4	1949
93	1905
0	130
0	2347
0	28
0	1
0	37
0	145
0	755
37	1020
0	1022
162	1704
1	1992
0	94
19	855
0	2351
30	3
1	0
0	3
971	7986
78	7986
180	699
13	300
0	184
0	208
3	32
0	56
0	357
1	427
0	382
0	86
1	1154
16	287
0	187
0	30
0	107
0	17
0	107
3	131
0	51
8	0
0	158
0	31
0	1025
3	1
267	33
0	32
789	743
58	722
9	24
1	26
0	0
12	1243
0	44
0	257
4	93
64	1165
20	226
0	52
0	1207
0	258
0	481
9	650
3	172
3	124
7	210
0	19
8	8
0	6
1338	1
58	421
33	153
14	3
14	473
0	123
17	0
0	0
9	2
344	423
1	423
510	2429
9	2139
58	103
0	2120
456	5
2	235
2	0
0	0
0	0
0	0
0	0
0	0
0	0
249	0
3	1706
20	1838
1	1833
0	1528
64	1719
0	1813
29	1736
0	40
2	30
190	1710
0	1710
0	136
0	5
0	9
0	0
1	0
7	0
611	56
5	56
6	0
0	36
0	26
0	24
3	2
9	1634
15	1957
67	959
1	3
0	152
0	163
2	164
6	154
0	19
0	15
0	0
0	0
0	2410
29	690
2	667
0	341
0	674
0	354
0	369
13	652
0	645
0	34
28	516
2	523
0	138
13	356
2	334
0	19
1	12
0	38
1	6
0	7
9	0
0	908
0	844
0	137
0	162
0	502
1	6
0	0
5	74
0	181
2	915
0	0
409	0
527	244
0	67
0	181
0	81
0	13
0	12
0	5
5	0
0	0
0	80
229	1
19	1
0	1
0	49
0	157
0	174
0	160
3	121
0	11
0	25
0	126
0	0
1	0
0	7
0	0
101	326
0	1
0	260
13	47
4	43
3	38
0	0
33	2
22	34
1	110
0	166
0	1544
0	0
14	182
0	221
2	48
0	1542
0	0
22	20
0	21
0	21
0	13
2	20
0	3
80	2837
1	2837
0	2663
5	64
7	5159
67	5159
3	5141
0	172
1	26
51	8
0	8
0	0
281	2
9	0
0	2
296	153
0	203
20	41
12	4
370	51
99	583
13	580
2	81
53	17
43	192
115	192
0	0
23	689
8	478
22	655
5	0
0	18
0	16
0	27
0	0
1	2
2	13
92	188
0	188
0	0
0	7
0	18
0	17
7	0
0	22
4	0
0	0
2	50
1	0
10	50
0	0
0	31
0	10
0	14
0	31
0	17
0	27
2	1440
5	1430
55	18
2	595
5	1562
0	1029
1	964
38	2150
77	2151
0	1145
19	77
0	89
0	129
0	67
0	68
1	0
82	0
0	0
0	0
0	0
0	0
0	1270
0	117
5	181
0	154
0	192
0	131
0	0
0	26
0	81
0	159
0	171
0	118
0	113
3	87
1	15
0	0
0	0
0	1263
17	5500
0	4934
13	5103
0	5671
12	13
3	164
12	5
0	58
46	1040
0	474
14	1286
0	143
46	296
63	1249
0	18
0	18
0	18
0	27
687	27
89	249
7	43
17	239
4	9
0	3
33	139
5	84
3	10
0	6
0	8
1	142
0	159
0	29
0	0
0	139
1	1
0	24
1	31
0	5
0	3
0	1220
5342	1209
95	1207
0	52
0	53
117	320
5	320
60	104
12	0
1	68
0	2
0	11
0	46
0	120
1652	1567
9	1550
4	724
0	0
0	0
0	0
0	0
0	3
16	59
4	58
11	87
0	0
0	87
0	0
0	0
3	0
47	18
0	14
0	17
0	17
1	0
0	2
0	1
37	3
0	3
57	2458
0	2325
0	1786
3	27
40	0
0	164
0	34
1	17
170	9012
6762	9998
146	3968
12	10
36	59
2	1487
0	383
19	116
0	1646
2	1154
15	145
0	618
15	56
1	61
22	159
0	754
0	1156
1217	3461
131	3231
226	139
8	5
0	133
1	116
0	0
0	116
2	5
2	9
1	0
0	108
12	7
0	7
0	3
0	4
0	0
0	0
0	0
0	0
0	28
5	28
1	15
0	10
0	6
12	6
0	3
0	3
0	3
0	3
0	4
0	4
0	4
0	4
0	3
0	3
0	8
64	7
9	3
0	9
0	0
0	0
0	0
0	0
103	279
10	36
37	242
0	66
0	22
0	0
0	0
137	233
8	19048
0	22662
0	1
1	0
241	20370
228	1912
2	961
18	750
0	19221
0	22192
1	21565
2	2785
14	925
41	8254
47	4735
225	34
0	22
0	2338
0	1738
0	3029
41	1858
0	1486
0	22560
0	21913
0	0
2	540
0	476
50	422
0	543
2	560
2	537
0	57
2	29
0	46
0	75
2	30
0	81
0	72
0	70
96	0
0	0
103	286
4	151
0	59
1	118
40	0
2	0
6	3867
288	6650
0	7340
174	6418
7	3865
4	43
0	0
2	157
0	319
289	432
0	45
0	14
0	432
50	119
0	80
272	836
2	45
8	682
1	151
0	160
11	227
12	165
139	0
0	0
2319	60
2	20
11	37
0	6
3	6
0	0
4	429
1	54
4	377
8	19
3	25
25	421
0	62
0	66
0	0
1	130
2058	1949
52	1940
1	0
5	0
110	5638
1657	6229
0	3594
0	616
11	81
4	2220
1	2103
15	139
8	2644
15	0
27	0
2	4065
0	0
0	0
0	0
0	0
6	287
0	41
0	278
2	280
0	12
0	0
1	0
1	2
2	7
0	10
0	40
2	662
5	193
38	1013
17	137
1	762
28	818
0	94
0	0
0	174
30	127
0	136
5	22
0	104
3	142
8	487
22	548
7	191
20	289
1	143
14	28
4	473
7	474
0	513
2	83
0	130
51	5880
274	5650
21	795
125	5661
6	275
4	163
12	424
10	263
6	193
18	79
6	17
1	439
8	630
0	21
222	551
1	11
1	530
0	2
0	0
10	1181
55	1105
10	999
0	239
3	164
643	174
0	173
1	69
0	23
210	699
1	435
2	576
29	561
22	585
1	186
15	26
57	277
14	436
7	432
1	34
0	0
1	0
1	0
498	595
0	143
39	532
5	413
0	12
162	14
1	14
48	247
1	85
2	90
4	135
4	27
0	24
0	25
0	0
7	0
104	0
0	0
0	0
0	0
0	0
0	0
0	0
94	150
50	57
917	1553
16	1509
2	330
105	4814
1	3119
0	153
0	3597
128	4231
0	0
23	210
0	1005
36	1200
5	600
4	1004
0	946
2	281
0	0
0	0
0	0
0	0
46	296
6	728
103	1035
70	1033
10	830
40	865
18	345
7	34
1	12
8	21
0	0
0	0
0	0
1	217
626	358
0	2
0	76
0	99
0	4
1	27
0	119
0	2
0	1
0	0
0	0
0	0
0	0
0	0
0	0
0	0
0	0
0	0
0	0
0	0
0	0
0	0
0	0
1	68
3	25
0	5
1	67
7	589
25	662
4	0
1	163
18	126
1	33
0	0
0	0
44	9
0	8
0	6
0	0
22	720
9	676
0	14
0	1
2115	1
0	1
0	0
4	3765
19	4643
107	3413
1	0
3	399
33	5572
508	217
0	205
0	216
0	1
0	77
8160	3
642	4858
31	4837
52	2363
10	1731
14	356
0	1253
5	667
9	328
0	204
3	0
52	6
2	6
1	0
0	0
0	0
146	361
68	361
0	0
1	3
0	3
0	3
0	0
0	0
524	1203
2	1202
2	613
239	281
0	212
0	212
113	93
2	93
0	3
0	3
0	0
0	69
1268	3963
0	3369
0	2932
2	1135
4	80
0	109
4	34
0	338
3	662
0	544
2	5
0	2
0	5
9	710
0	10
0	30
0	1
0	2
0	710
0	10
0	35
1	46
6	53
0	10
0	6
1291	2
90	0
47	924
2	946
36	611
6	160
0	941
2	1
20	283
199	185
2	0
3	0
0	33
61	16
4	33
230	82
0	14
2	10
0	69
704	554
16	122
0	18
0	69
9	373
17	26
0	26
0	1
0	7
2	26
3	177
91	296
7	58
2	291
2	255
84	21
41	305
52	37
0	25
1	36
0	13
0	0
0	0
0	0
0	0
213	1784
0	607
45	903
0	538
56	1247
5	321
34	202
2446	737
14	155
1	117
91	331
2	154
0	1511
6	170
907	1246
0	40
90	4912
45	5036
311	595
0	5123
23	5141
30	5066
0	2294
5	6586
0	4872
22	277
0	3035
48	4595
23	277
12	335
5	319
3	551
1	82
76	1381
0	198
0	1630
0	71
32	285
24	227
75	1189
0	103
74	892
1	7
8	37
323	729
3	219
0	6341
0	3042
807	121
14	47
1	1837
370	1837
2	27
0	22
0	18
0	18
0	4
0	4
1	4
0	4
0	4
0	7
1	10
1	9
0	0
0	0
105	324
17	320
56	6
13	0
0	0
0	0
1	15
0	15
89	0
0	0
0	0
0	0
133	351
0	57
1	31
3	2
0	3
0	267
0	20
1	29
4	0
201	93
0	20
0	6
0	28
1	40
337	2
895	1
242	1914
9	20
0	5
0	722
0	1801
2	1667
16	1625
14	174
0	0
0	59
8	153
43	43
25	9
0	84
3	164
0	235
51	221
0	113
990	253
0	0
0	253
22	148
0	36
4	398
2082	0
0	5
0	108
0	106
0	9
0	10
0	10
0	10
0	0
0	308
0	385
0	4
833	4630
0	4630
908	194
26	194
78	623
16	401
30	298
3	56
0	28
8	2
1	47
35	14
5	1
1	13
0	0
0	0
0	0
0	0
0	0
0	0
1608	236
1	219
3	18
0	2
0	2
0	2
0	0
1	0
0	0
0	0
0	0
0	0
2	0
1657	1928
5	58
59	1919
84	68
1	410
17	34
253	413
5	104
0	27
2	37
31	439
11	478
0	69
0	1839
0	1863
2	1775
0	2006
0	2030
9	279
0	163
0	35
2	1
1	16
0	0
0	2796
0	3253
17	3253
0	553
0	555
0	379
0	368
0	12
0	9
11	505
4	39
6	39
6	496
0	3
0	452
0	0
0	499
0	439
0	387
0	316
0	10
0	18
0	102
0	493
7	285
0	5
34	32
8	3
13	341
10	249
1	213
1	8
12	41
4	145
46	37
0	69
8	1888
10	1447
13	1704
15	207
0	75
0	1124
0	903
5	1
0	5
22	173
9	438
830	1406
26	142
0	42
16	783
454	757
1	757
0	115
2	118
0	215
0	36
17	924
0	897
1	867
0	732
1	858
4	52
0	858
0	752
0	10
37	0
21	0
41	670
0	2
0	0
10	2
0	3817
5	293
8	449
118	3367
20	91
5	165
4	381
4	4
246	3816
0	0
0	0
0	0
2232	1503
83	327
3	720
120	875
0	763
61	789
144	736
1	433
29	2
0	1233
0	1306
104	1190
14	3
1	19
1	23
0	5
0	31
0	17
0	3
1	1
0	80
0	3
0	1313
56	775
0	21
5	4
0	5
0	260
0	26
1	8
5	0
1	546
11	259
0	15
7	37
2	37
247	129
1	129
5	46
0	0
0	0
0	0
0	0
0	0
626	3692
3	14
0	3678
2	0
2	0
137	513
43	31
0	30
0	125
0	8
3	139
18	169
0	31
0	127
2	31
0	20
25	468
0	14
175	15
5	34
12	14
15	7
6	13
0	3
0	2
0	117
8	0
8	15
1	4
1	65
10	4
0	3
0	0
0	0
0	0
0	9
7	2165
3	1851
1	2042
0	222
0	2
0	59
0	45
0	1181
21	559
2	108
39	1230
39	58
1	1102
0	11
0	153
0	98
0	2037
0	1737
713	611
138	595
0	565
86	2
18	0
8	3167
0	2820
1	2816
0	3021
0	6771
8	111
53	402
15	0
4	35
5	0
0	2583
156	6779
0	4
1	345
0	16
0	2
0	345
0	4
0	4
0	1
1	0
0	0
106	4448
291	4448
68	832
0	641
0	1
27	1
17	201
12	2
17	685
223	282
2	79
5	23
1	28
32	1056
3	1061
81	1052
7	355
15	337
5	103
75	677
88	596
8	74
20	23
0	23
0	44
20	338
0	147
5	49
4	28
14	23
0	0
11	0
2	557
352	533
2	346
187	0
2	238
0	0
0	7139
1	8119
0	9466
0	2191
4	4352
28	760
0	2790
2	744
0	0
0	141
0	0
0	9466
38	101
13	101
1	93
0	0
0	0
59	75
1	85
22	16
3	77
29	0
0	0
2	0
0	0
3	67
0	499
0	6
3	248
194	514
0	2
0	55
0	0
0	0
0	0
0	0
0	0
0	0
2	5
0	5
0	0
1	222
0	187
64	174
0	188
1	203
0	0
4552	4522
109	4516
4	1253
24	1213
9	890
0	99
0	29
0	1
0	0
217	767
328	767
0	0
0	0
179	97
3	97
0	0
0	0
0	0
0	0
0	0
2076	1
1	2743
23	2912
0	2000
65	1901
0	97
0	50
0	19
4	169
428	468
4	449
8	0
16	186
0	0
0	0
0	0
0	0
0	0
367	511
8	281
1	15
30	13
22	53
54	2315
18	2155
0	2259
0	1916
3	40
0	97
13	63
4	1613
1	5
1	184
0	0
121	545
42	171
0	0
1	1667
7	1593
21	1729
0	1667
14	1
18	310
34	248
3	101
2	12
0	25
68	248
172	3828
625	3929
0	32
59	370
5	368
6	368
1	260
0	156
1	58
0	0
0	0
0	0
494	660
119	667
5	337
0	54
4	337
5	207
2	72
1	0
0	1
0	4
0	4
0	0
0	0
0	1
2528	17716
21	225
1	17900
0	2677
2	325
2	3387
0	0
0	0
0	0
0	0
0	28
0	0
0	0
0	1342
3630	2458
5	182
7	238
0	2142
1	91
8	188
0	0
0	0
1141	521
4	522
0	444
8	417
0	450
0	5
5	7
0	2
537	1888
0	1626
5	2
3495	1438
3	1436
2	655
2	0
0	170
1	164
1	144
0	68
0	71
0	77
4	79
0	78
17	154
1371	931
36	919
1	2
89	728
17	132
82	3
2	0
379	904
76	904
44	430
1	18
35	40
4	277
0	0
0	387
16	1
99	181
1	166
2	114
1	140
5	123
0	0
0	0
0	0
0	0
0	0
0	0
0	0
736	79
12	1
1	8
19	1
8	0
4	7
0	64
2	0
0	6
190	93
0	14
0	52
0	55
0	983
0	942
0	174
0	648
2	155
251	153
22	1
4	191
3	66
1	58
0	38
0	51
4	144
0	98
0	159
0	17
8	156
0	105
90	91
26	0
8	0
0	62
0	1
5	7
0	0
0	2940
0	2964
0	2470
0	2630
3	3183
0	2625
1	2856
1	266
0	245
0	208
7	193
0	2788
0	2851
0	2808
0	2122
0	0
0	2
0	0
0	1014
5	1037
2	298
15	683
21	247
18	0
0	110
0	0
2	0
975	488
5	447
3	52
1	53
46	59
10	32
95	97
1	47
20	24
0	0
0	0
0	0
17	30
3	30
0	30
0	5
0	3
52	711
88	397
0	751
9	446
4	21
18	104
0	111
0	178
9	48
4	2
48	45
3	58
0	0
0	0
10	22
0	246
0	321
0	71
0	336
0	379
0	183
1	323
0	201
0	315
0	358
0	276
0	456
0	411
14	69
4	398
0	393
1	9
0	63
0	3
0	152
1759	279
7	2
0	2
0	0
0	0
0	0
0	0
0	1
0	1
0	1
0	1
0	1
0	0
0	0
0	0
0	0
0	0
0	0
0	0
337	0
13	0
1001	7
4	7
702	0
16	318
0	810
6	147
8	417
2	110
0	157
8	589
0	0
0	0
2	115
0	114
0	7
0	0
0	0
0	0
0	0
0	0
0	26
0	21
0	25
0	26
0	7
2	2
4	2
2	3
1	5
7	0
0	0
0	0
0	0
1851	3633
0	3632
0	0
50	109
0	96
0	65
2	1
4	1
746	3
0	0
0	0
0	5
58	792
10	111
11	278
0	0
24	689
2	74
2	738
0	2
0	115
0	58
573	945
143	945
5	97
0	0
0	97
1	15
1	15
1	0
0	556
32	1175
1	499
5	354
0	266
0	488
4	11
5	487
0	489
1	9
1	58
0	1214
1003	0
0	277
1	128
0	1
0	724
0	289
1	39
0	20
4	208
0	623
2	168
0	11
0	94
10	589
10	33
40	364
4	16
1	292
0	0
660	30
3	30
147	1751
8	1724
3	1133
14	111
24	263
13	113
8	148
7	60
103	536
0	34
87	72
1	20
2	4
0	546
6	50
0	527
1	149
0	77
709	792
0	587
0	563
1	512
0	240
1	29
0	286
0	99
6	281
0	169
5	5
0	16
2	23
0	0
0	0
0	0
0	0
0	596
2337	2057
0	1766
0	1715
8	232
41	228
0	19
11	193
0	138
16	0
0	21
1	10
0	6
1302	118
2	117
0	0
0	85
0	751
16	791
0	196
3	55
0	109
0	5
541	192
0	27
16	168
3	17
4	16
48	521
195	521
0	0
0	0
525	1
0	0
1760	82
1	15
3	65
0	0
0	0
0	233
26	1637
8	1664
0	312
0	2
76	698
0	1671
0	0
1805	5569
18	47
3	382
11	215
4	2209
0	930
6	2310
0	3906
0	2677
0	1476
7	1335
5	0
0	0
0	0
592	0
0	0
0	0
0	0
0	0
0	0
0	0
0	0
0	0
1778	538
17	538
54	76
0	76
0	0
0	0
0	0
0	1062
0	0
0	114
0	24
0	9
2	29
0	24
12	112
0	8
0	24
0	89
0	22
0	4
0	4
3	0
0	0
0	0
0	11
0	20
35	52
5	97
0	97
0	100
1	80
0	81
0	93
0	97
80	1386
2	582
5	1045
4	830
13	88
0	0
0	1
0	4
0	3
0	3
0	3
0	3
0	2
77	635
0	648
4	3
0	4
0	69
0	36
0	153
0	237
585	261
0	197
0	163
0	0
0	80
2	6
0	52
0	0
0	7
0	50
3	32
0	49
0	0
0	0
0	0
0	0
0	0
0	0
0	0
14	0
0	9
0	9
0	3
239	438
1	37
0	34
1023	378
0	57
1831	0
7	30
5	12
0	4
0	9
3	21
2	0
1	2
0	0
0	0
0	0
2277	77
0	76
0	27
0	0
0	0
0	0
0	0
11	915
172	1134
3	670
0	41
11	217
0	127
1303	1596
152	1069
1	31
2	234
12	333
58	62
24	59
0	466
2	3
0	12
0	41
0	0
1	41
0	0
0	0
1286	610
5	147
3	448
4	244
0	310
32	235
19	159
0	211
40	106
0	77
3105	252
10	191
80	0
1	38
2	139
0	5
0	0
3	127
13	49
603	358
1	271
12	7
5610	2710
47	1933
0	1639
0	1842
1	1274
0	1598
0	1804
0	1554
0	1505
0	1407
0	1755
0	1622
0	1576
0	1576
0	1671
0	1694
0	1570
0	1459
0	1550
0	1552
0	1618
0	314
0	646
0	462
0	286
2	25
0	97
0	0
0	188
0	2130
0	1442
0	1681
13	1458
0	1443
0	2333
0	1380
0	1324
0	2406
35	1885
5	1878
25	899
1	255
0	10
1	16
21	748
3	748
0	1
0	0
0	0
27	494
18	494
1	275
2	0
233	0
107	3
2	3
0	0
0	0
42	0
0	0
0	25
1565	0
76	207
0	207
4	45
1	59
6	1
0	21
1	0
21	21
0	0
0	0
28	84
27	460
0	461
3	77
0	315
9	1
0	0
0	1276
247	1468
121	498
16	1042
153	1092
25	991
17	1032
28	509
5132	5266
6	4248
1	211
4	187
2	801
75	429
2	295
0	54
0	11
0	117
1	2
0	2
1079	185
5	183
7539	3285
6	1641
0	3264
0	8
2	0
0	0
0	0
124	221
420	221
145	102
0	20
1	49
0	32
2	66
56	124
5	17
34	38
1308	150
12	60
1344	0
0	759
0	961
0	1054
9	1209
0	85
0	448
0	0
1	454
1	56
2	322
0	16
1	1
0	1135
22	1204
58	1204
0	1069
123	1093
1	220
5	1041
2	31
3	403
9	10
0	0
0	0
0	0
0	0
3645	744
146	737
2	0
0	0
0	0
0	0
0	0
12	1697
0	1510
0	1525
2	28
0	1566
0	931
0	962
10	136
0	253
11	105
1	85
2	36
0	0
0	937
0	1
203	0
14	1799
46	0
17	440
339	1846
78	505
1	446
530	701
1	700
0	696
0	231
287	0
21	0
1797	411
0	193
0	127
0	94
17	13
0	0
0	0
0	0
461	2
0	1
0	1
0	1
0	0
0	0
0	0
0	0
0	10
8	628
110	424
1	5
0	525
0	9
13	103
5	25
0	2
0	0
0	0
0	0
0	0
0	0
0	0
0	0
0	0
0	0
0	4
0	0
0	8
0	0
0	0
0	0
0	0
0	5
0	0
1	432
2	1813
90	1934
2	478
6	1
0	90
5	0
265	595
52	497
3	135
1	1911
0	0
0	0
0	0
0	0
831	117
0	116
0	126
1	124
3	117
0	117
1	0
0	13
0	6
3	6
0	51
0	52
5	5
0	3
8	2
0	142
0	136
0	137
1391	607
2	20
9	9
20	46
0	376
2	40
0	0
0	0
0	4
0	0
1	0
0	0
0	0
0	0
0	0
0	0
395	266
1	266
2	200
3	55
0	151
1	44
18	1
0	1
1	0
0	0
0	0
0	0
2	23
604	98
5	14
6	97
3	0
49	751
8	93
33	1976
0	111
293	8635
154	4582
1	3265
0	22
22	135
75	8712
0	8504
0	0
0	65
0	66
0	24
0	33
0	20
0	7
0	0
0	66
0	0
0	0
0	0
0	0
0	0
0	0
0	0
0	0
0	0
775	463
30	568
22	1606
0	2060
34	2117
121	2102
123	426
11	0
30	107
40	357
19	113
1	71
0	141
0	12
32	147
2276	2158
0	235
2	195
0	1923
0	239
0	138
0	0
45	1099
0	1493
61	1430
1	1378
15	200
14	34
4	35
0	20
3	248
1	69
39	222
0	12
0	9
3	120
6	72
2	21
2	0
3	0
306	214
4	133
1043	1
1014	17482
0	17482
244	1429
1	17
9	530
0	525
0	73
42	77
0	59
0	11
0	21
0	68
0	0
1	33
1	1
0	0
0	0
0	0
0	0
0	0
0	0
14	223
0	186
0	193
22	267
0	157
0	78
1	50
0	44
10	76
1	0
0	0
49	130
3	106
2	0
55	127
0	4511
398	4617
15	28
0	3172
11	9
0	464
1	143
210	783
11	35
1	35
15437	16991
7	4254
129	960
46	9151
0	3546
63	871
19	485
0	4360
1	905
1	8
0	8
0	2
5	28
0	28
0	7168
0	8428
0	8063
11	442
65	531
14	573
0	0
4	0
0	1
0	48
23	53
0	0
77	3357
2	2561
0	716
6	438
30	1267
32	3126
159	401
52	285
2744	2
87	419
22	2
1	419
0	14
1719	123
0	27
2	76
6	19
748	2
23	319
4	319
12	6
1	0
7	1
0	1
0	0
139	1901
78	1901
1	116
206	311
0	280
1	160
3	126
3	3
27	2375
40	1575
0	1252
0	641
6	437
1	2450
6	7
0	7
23	0
12	243
3	162
1	169
0	55
2	3
0	18
3	31
5	19
310	359
0	339
0	293
0	356
2	101
6	32
2	193
0	53
2	0
1	8
0	4
3	16
0	0
253	42
0	42
0	0
7	5
5	1079
20	644
3	441
4	379
0	627
0	33
0	6
1	1079
3	543
0	0
16	15
0	2
0	0
30	1087
87	1782
85	2233
49	1586
24	132
1	45
6	933
0	117
0	0
0	0
0	196
5	160
1	92
0	0
0	15
0	0
0	0
0	196
0	0
35	109
2	0
4809	1768
1	1761
154	27
0	0
0	0
0	176
0	137
21	180
0	1
4	87
0	0
147	40
0	176
0	0
0	0
0	2009
0	1690
1	1905
230	907
0	274
0	209
1	3
0	405
0	285
4	85
0	1
0	1
9	2704
0	3175
11	2618
7	866
5	2
0	272
0	394
1	0
176	3180
20	1
102	270
13	13
1	5731
0	5567
0	5406
43	5366
149	5403
3	0
5	1831
0	0
0	126
52	17
186	973
0	617
15	4041
29	3990
0	4249
0	1615
0	1185
0	1055
0	1190
3	841
0	951
0	858
5	817
51	617
5	202
6	27
7	239
0	24
0	18
0	4
0	241
0	191
0	3825
77	384
0	0
0	0
0	423
0	91
0	418
0	10
0	4
0	0
0	0
0	0
0	0
31	1331
0	986
0	1035
187	1297
33	203
17	33
7	329
8	211
0	27
1	0
121	672
0	49
69	336
40	248
50	7
31	67
1	1279
10	918
370	11
12	1108
282	1248
1	9
0	1187
0	29
31	771
11	548
50	237
4	63
9	1
11	62
8	21
0	86
30	125
9	15
0	58
0	63
1	12
1066	765
0	764
2	319
0	442
0	61
0	0
0	6
7	1917
2	2181
22	719
125	322
13	132
0	0
0	9
0	7
0	0
0	1
0	3
0	1
0	3
24	985
2	979
40	1109
2	1076
7	1315
0	324
0	439
0	155
69	372
1	47
4	0
1	202
0	37
0	0
0	0
0	0
92	4
0	3
0	5
18	2
0	0
0	0
125	768
33	43
3	44
7	30
0	440
2	79
1	425
416	417
0	48
35	385
1	0
0	8
0	18
0	1025
28	1299
5	809
24	834
8	1119
0	872
9	1114
23	54
10	116
0	88
1	145
1	25
8	83
0	99
246	76
0	0
6	20
15	67
0	9
85	2682
5	1833
214	2536
2	115
0	7
0	841
9	418
0	114
0	110
8	0
207	1546
1	1342
0	238
12	1295
1	448
3	0
0	80
0	6
1	80
1	2
0	1
0	16
0	0
1	3
0	8
0	0
0	0
0	0
0	0
0	0
0	0
1400	157
53	156
1471	2025
11	580
5	77
41	1026
3	903
10	4
16	160
0	210
37	4213
0	390
0	3850
0	952
0	2
1	10
0	61
0	872
0	0
0	180
0	33
0	13
0	16
0	5
0	2205
0	0
0	0
0	0
0	0
14	5
14	2811
240	3262
18	61
0	4
0	3
184	1829
53	82
0	82
1	32
2786	308
0	35
2	65
3	187
10	8
15	8
0	3
0	0
92	5
0	2
7	0
0	1876
66	6477
0	1281
14	50
5	87
11	81
21	106
485	2987
12	2623
148	25
8	0
0	0
1	8
0	125
0	0
0	202
92	802
0	802
199	9
0	9
0	0
0	0
0	0
0	97
0	82
3	2371
88	2433
26	112
0	655
0	59
138	1101
6	121
16	1101
132	2122
72	2060
12	0
0	10
3	2154
2	107
5	40
0	11
0	2160
0	8
0	8
0	8
759	661
0	661
1	1
0	3
1	2
0	1
0	1
8	70
38	223
0	32
26	0
7	176
5	42
0	7
160	0
89	760
0	505
0	0
0	260
2	5
745	196
9	196
1242	380
14	25
2	113
6	0
5	245
29	1288
6	1237
0	236
0	969
12	63
1	202
30	251
0	160
171	523
10	467
2	12
13	23
18	89
1	50
9	0
0	284
2	3
17	263
17	35
5	41
5	284
1330	4
1008	181
1	179
1287	2
671	652
2	612
4	118
3	37
14	251
13	117
5	134
1	68
9	35
29	55
11	34
1	46
0	0
9	35
224	46
0	209
1756	383
2	103
1	168
0	148
0	0
0	0
0	0
0	0
0	0
0	0
0	0
0	0
0	0
0	0
5	20
0	17
0	5
4	3
0	394
1606	515
0	461
1	8
0	1
453	289
0	86
16	204
1	1
4	138
0	3
264	1024
15	1070
0	1039
1	1035
11	1056
22	1026
0	1033
3	468
0	6
0	34
0	12
0	110
5	17
237	77
0	0
4	63
1997	2676
0	932
1	1075
1	1253
1	0
2	1
0	0
0	0
33	323
62	275
0	48
1	29
18	13
0	30
7	8
0	4
1	48
0	0
0	0
0	606
0	0
1	0
0	0
4	0
932	30
1	30
0	0
0	0
0	0
0	0
0	0
259	3767
33	3767
149	198
0	164
13	202
3287	969
1	9
2	958
12	351
6	5
0	1
0	1
15	1660
174	1700
0	1188
7	6
107	10
0	10
2069	2
2270	13
1	13
0	8
14	6
6	3
126	14
0	1
3	13
5	904
1	865
23	503
30	316
0	1
0	769
0	90
0	84
0	29
0	377
3	14
86	89
0	12
18	10
14	81
9	20
16	81
0	11
3	11
0	0
0	0
0	357
4	480
0	341
1	45
0	43
0	14
0	134
25	0
0	457
0	7
0	0
0	0
0	5
5	7
0	31
3	31
0	0
87	0
101	155
21	130
53	5
0	141
0	116
6	92
745	3
206	1938
10	1897
0	1071
1	0
5	868
11	828
18	48
25	863
0	127
31	145
3	0
8	228
18	0
9	51
7	10
5	64
0	33
1	247
13	859
24	852
79	835
0	190
13	4
14	4
71	2
0	0
0	0
0	0
0	0
109	751
21	597
9	17
1	25
0	236
0	37
1	49
0	43
0	1143
0	1160
10	732
0	1008
0	6
0	3
0	4
0	4
0	0
255	290
5	38
0	25
0	173
0	0
0	0
168	203
4	1
5	88
47	186
59	197
33	116
0	5
0	0
0	0
5	1140
267	2274
1	246
0	1262
0	740
292	507
0	482
0	0
717	154
12	123
2	16
3	31
1625	1829
0	461
0	617
8	1254
478	1254
0	332
19	38
0	161
0	0
640	2
3	1
0	31
0	29
0	21
0	8
0	0
0	21
0	19
0	21
0	19
0	0
1	32
0	4
0	14
1	26
0	26
0	213
132	898
225	897
0	684
0	27
13	55
0	975
63	745
269	109
22	100
0	569
0	6
0	744
0	0
68	464
9	98
0	97
0	2
684	530
4	1792
34	1680
65	1759
0	263
85	11
0	11
65	224
69	224
0	1
3	57
52	303
0	29
12	105
0	246
1	78
0	31
43	33
0	6
0	56
0	0
0	0
1066	27
2	66
195	52
0	0
0	0
0	0
0	0
0	0
0	0
0	0
0	0
0	0
8	3474
0	3381
0	3251
5	3
0	638
37	720
1	1
0	2428
0	986
58	1125
2837	2348
0	2248
14	907
0	1098
1271	535
43	535
0	1
0	0
0	1
6217	13267
136	11394
1	876
17	1332
0	1260
2	1873
1	1044
0	0
0	0
0	0
0	0
0	93
134	96
1	0
2	3
5	357
5	284
0	115
0	156
1	0
0	347
7	499
0	496
0	533
21	545
1	32
63	224
0	36
1	0
4	76
58	1816
0	2525
429	2617
0	2114
4	210
8	333
0	423
187	64
0	1
0	0
13	61
0	40
57	177
4	104
0	0
1	0
180	1867
129	1867
2	43
24	18
9	4140
0	3623
124	4273
34	4268
0	19
1	152
50	81
4	178
365	835
1	96
0	162
0	835
8	3
28	4523
31	50
2	141
3	92
62	4516
5	0
1	58
514	1265
0	98
136	1234
10	1182
115	1142
20	7
0	409
1	716
2	0
5	273
5	205
1	51
12	249
3	78
5	31
0	0
22	0
0	0
0	0
0	0
498	176
3	17
1	7
0	4
4	21
0	0
306	205
2	7
4	193
4	11
0	0
0	0
0	0
0	0
0	0
6	1315
0	1070
3	1097
141	743
0	702
0	895
0	75
1	72
8	58
2	16
16	236
5	231
0	33
15	1
0	29
0	13
6	47
0	35
0	40
0	5
1	15
12	41
0	40
0	0
0	0
0	0
0	0
0	0
0	0
0	0
0	1
0	1
0	0
114	48
21	14
2	34
7	6
0	6
8	428
0	6
6	59
5	7
54	0
0	0
216	731
0	731
11	0
0	0
0	1
0	18
62	127
5	31
7	73
1	179
29	253
0	58
2137	1
239	0
0	0
0	0
84	1368
1	0
0	1368
7	616
0	397
9	63
0	0
1	120
176	292
8	15
0	13
0	13
0	0
1	0
18	423
46	116
16	150
0	35
20	167
3	73
0	0
73	111
0	72
3	52
104	0
0	50
2	51
1	100
22	82
0	1
3	2
5	2
9	6
0	0
7	33
0	27
89	1699
21	1669
22	1692
6	50
7	114
0	0
0	196
0	185
0	197
0	190
0	190
0	188
0	181
0	192
0	193
0	197
0	197
0	5
5	19
0	11
0	1
0	190
12	142
24	407
37	448
0	16
0	150
0	416
26	407
0	142
2	26
1	26
0	0
0	0
0	0
0	0
1062	0
40	0
0	0
0	0
0	0
0	0
168	585
0	580
5	144
0	2
1	341
1	16
3	216
15	262
3	107
1377	4488
0	712
1	4329
10	4540
0	3229
14	3373
2	3116
1	1732
0	224
0	0
0	182
1	302
0	112
0	268
0	249
0	188
0	325
14	284
1	122
6	153
3	2
11	2
1	15
0	163
0	15
0	0
0	2
26	50
0	64
1	0
287	869
8	859
0	83
0	10
0	18
0	6
0	434
61	559
20	1
8	14
0	9
0	534
11	4997
132	5383
0	5536
2	1008
0	5072
0	961
5	323
46	938
5	813
26	155
0	153
16	161
5	38
0	715
7	163
1	168
3	278
1	282
0	0
2	74
1	103
0	6
1	21
0	8
2	676
0	0
0	0
0	0
0	0
0	0
0	0
1	0
0	0
0	0
0	0
0	34
0	35
0	36
0	26
0	27
17	529
0	535
0	519
0	564
0	564
102	441
3	393
74	393
0	393
3	4
0	4
2	4
0	4
55	277
2	34
0	424
864	1300
0	920
0	0
0	0
33	9399
6	901
0	427
1474	9398
6	1154
6	1128
0	0
0	0
0	0
49	238
1	197
3	100
3	0
2	2
0	0
0	1
0	1
0	1
2463	1144
0	456
2	420
1	626
0	375
3	0
0	0
21	1
0	0
0	0
1196	408
2	305
5	46
0	373
1	0
13	45
1	44
0	0
5	3
0	0
0	0
15	10478
549	10726
17	2404
0	987
0	231
5	208
3	58
0	170
2	2
0	2
0	3
0	0
0	0
0	0
0	0
0	0
0	0
0	0
0	0
0	7
0	371
1	45
13	75
0	76
0	28
7	0
0	0
0	11
0	5
0	0
0	0
0	0
11	0
0	135
0	19
1	128
15	0
3	7
0	0
17	65
0	65
1	12
0	1
0	1
12	428
132	589
4	345
3	465
6	504
2	498
1	498
0	142
0	270
10	173
2	20
0	2
1	4
0	1
0	0
21	22
1	22
0	0
0	211
3	24
1	0
1	0
101	208
0	11
0	39
76	266
18	239
0	182
10	256
15	48
3	42
1	0
0	0
0	0
33	19
0	19
0	0
9	0
1	20
7	20
62	191
42	191
2	151
0	676
126	717
547	542
6	3
1214	6
30	6
0	0
0	0
0	0
0	0
0	10
0	11
57	0
0	0
0	49
0	43
0	49
0	44
0	52
0	1
0	52
0	52
1	1108
23	79
26	1055
10	0
0	90
0	103
15	24
0	4
0	3
42	135
4	57
12	14
6	7
0	1101
591	218
0	211
1	34
0	4
0	34
473	306
4	121
2	3
0	186
0	56
2	1
72	1
0	1
0	0
2	0
0	10
2	14
0	11
17	1973
0	2707
0	2713
5	255
13	4
4	147
0	2713
0	5481
378	2332
55	3527
92	6354
3	625
4	890
2	3587
21	4
385	5932
0	6152
0	6373
26	1826
60	129
0	76
5	127
0	127
215	1467
0	1467
7	0
181	7643
0	6818
202	6844
330	2728
71	79
181	0
7	11
0	365
3	1833
3594	9171
0	14
126	16
0	10
0	0
5	0
1	17
121	19
10	2226
146	5477
0	5578
0	3452
0	1691
1	596
12	64
0	5628
1253	571
0	545
5	131
1	51
511	46
10	46
1	0
0	0
3	0
0	1
0	104
1	104
0	2341
0	2297
0	2409
0	2364
0	2219
0	2340
0	2400
0	2242
0	2419
1	1977
0	2584
0	2464
0	2306
0	2540
0	2338
0	2446
0	2409
0	2467
0	2361
0	2430
0	2386
6	2163
0	2583
0	199
0	172
0	203
0	15
0	6
0	2216
0	2564
1640	690
6	321
3	27
0	4
5	74
6	178
2	130
0	0
2	15
0	144
1	132
3	122
0	122
0	67
0	10
1365	180
0	1
0	39
0	0
2	125
0	86
0	1
422	19
56	320
0	0
2	29
0	299
0	0
0	0
0	0
0	0
90	179
2	132
78	112
17	51
0	22
1	22
0	3
0	19
0	153
0	285
5	0
1	64
0	285
0	0
0	0
0	0
735	199
0	61
0	29
0	56
0	82
0	0
0	0
28	12
3	439
18	12
41	3
95	26
28	246
0	414
30	1564
49	181
0	1631
0	351
9	91
1	93
25	294
3007	3142
0	3085
21	164
69	497
1	398
1841	402
0	71
6	690
3	285
0	780
0	24
0	881
0	783
1	2
0	75
0	695
3	57
1	73
0	92
0	8
0	0
0	0
6	16203
5410	16209
0	11907
1	3100
12	0
0	20134
0	114
7	61
0	76
4	99
1	6
83	87
17	87
0	25
2	804
0	483
5	388
3	383
8	420
3	59
836	1801
25	3338
0	2
0	236
34	175
0	3223
1	231
42	238
5	162
0	119
11	56
0	45
3	11
60	98
2	96
4	4
3	3
0	1
0	1
1	3
1	2
14	85
4	40
3	3130
23	176
11	28
9	162
0	26
0	106
0	3106
16	29
1	1090
15	965
20	877
6	806
6	723
5	25
7	46
0	22
0	78
37	1080
0	394
4	776
0	66
1	573
22	864
0	841
1	701
0	715
23	14
10	186
21	4
6	2
4	42
26	71
1	32
2	0
0	0
9	0
1	2
1128	549
3	448
11	88
20	37
0	630
0	6512
0	6500
0	6510
35	0
5	3575
3	4647
14	2709
0	3765
6	4739
0	14
1	5
0	14
252	508
13	215
6	302
18	50
309	702
11	660
68	50
34	4
152	1255
152	1255
0	107
1	1
0	1
77	176
0	1
0	170
0	13
0	7
0	0
0	5
0	6
71	379
11	85
0	0
1	297
0	1
192	155
1	29
0	155
1	8
2	116
54	4594
3580	3668
52	4561
211	3254
0	3588
0	962
0	0
2058	122
0	121
34	71
0	50
0	43
0	31
0	25
5	0
0	0
0	0
0	0
0	0
566	2127
42	2125
4	1
12	3
5	2
14	0
808	7426
2314	7428
11	3195
29	283
278	283
0	0
0	0
0	0
0	0
803	269
3	56
0	0
0	0
0	0
0	0
30	749
28	749
0	0
0	0
6	22
0	28
0	322
0	137
119	177
0	749
28	73
0	73
1	32
0	32
1	31
0	1
2	0
1	4
0	4
97	960
0	234
0	65
1	157
3	84
55	960
338	999
26	846
9	19
397	275
0	130
0	14234
0	16614
885	14747
17	7702
53	238
161	9088
78	482
12	1076
57	728
5	27
4	0
2	0
0	0
0	138
27	177
0	114
6	23
1	1
2	1
0	118
1	184
0	6
6	88
7	250
2253	388
0	249
1	363
0	118
3	1
2	1
0	0
25	530
766	537
173	481
4	143
1	320
0	0
0	0
0	0
0	0
0	0
11	416
0	380
0	43
0	1
0	0
0	0
80	421
0	421
0	0
0	30
260	1
17	5154
0	220
69	5314
19	2842
42	5287
38	2526
4	0
0	1
0	0
132	3732
168	3827
0	652
17	1138
502	1146
5	919
0	701
0	1270
0	287
9	177
6	16
103	97
0	97
355	3168
26	3147
339	2693
26	0
0	425
1	13
0	192
0	75
25	1590
0	225
0	0
0	0
0	0
0	0
17	2
0	2
0	0
0	0
0	0
0	0
0	0
0	0
0	478
0	401
32	189
0	15
3	22
11	46
480	2585
1	56
0	2585
0	0
2	0
2	40
1	76
1580	1734
864	980
84	1626
30	829
0	25
3	0
0	0
0	413
468	51
2	51
35	6051
623	6052
0	4
0	19
1	24
1	554
0	96
0	2
463	87
0	86
0	0
0	0
0	0
0	0
2	17
0	17
0	0
56	32
0	29
0	1
0	2
1	21
0	15
0	10
1	12
1	7
0	0
0	0
12	221
62	1043
1751	1046
3	1011
40	12
122	2113
11	33
26	217
33	2132
427	1187
3	1153
7	394
2	305
0	23
468	783
5	90
6	109
8	696
53	0
124	1235
9	154
0	1316
0	1036
244	693
282	2513
90	2512
10	1567
195	163
13	39
0	142
4	85
9	93
4	63
20	78
0	78
4	30
12	6
0	0
0	0
0	0
0	0
0	0
0	0
106	400
0	196
0	146
0	57
31	46
2	61
6	82
0	0
0	0
0	0
0	0
10	18
0	18
3	15
1	35
0	19
0	28
0	35
0	36
0	35
0	19
0	36
0	35
0	22
0	18
0	35
0	23
13	61
0	27
0	0
0	20
0	20
0	39
0	39
0	36
1	35
0	35
0	34
0	36
0	35
0	36
0	35
0	35
0	8
0	0
7	106
33	201
0	201
39	193
12	176
327	266
152	144
6	52
9	85
0	44
66	1555
12	1753
0	410
129	523
6	1
9	2283
0	2819
1	1721
0	1967
2	2056
0	1976
23	2606
2	2636
0	2757
0	2300
0	1575
0	901
20	0
18	532
0	107
0	3
1	77
208	5709
0	492
15	2051
10	42
0	4565
1	68
5	2021
0	0
17	185
5	183
11	641
0	43
0	612
2	607
0	1
0	0
0	0
2	2
0	2
1	0
299	27
1	23
0	4
2464	246
0	166
0	7
1	0
47	6
3	85
18	2796
44	2696
23	2834
8	3056
0	0
1	32
0	6
0	23
2	24
288	0
72	320
14	0
3	140
4	93
4	165
20	0
12	19
7	26
17	34
0	0
0	5
2	5
3683	184
3	22
1	99
0	2
6	61
0	0
0	40
0	38
1	17
0	5
0	12
0	14
121	3928
69	2652
0	2392
280	3655
160	1277
127	1744
0	0
754	2954
1	1343
8	635
0	317
6	146
0	105
0	2952
0	0
0	0
0	0
6	0
1304	323
0	157
100	321
0	735
46	1935
11	623
11	1417
3	282
5	147
7	318
8	19
17	77
1	431
5	35
8	421
9	142
17	9244
346	9245
0	9343
1	4845
47	4344
11	4480
2	64
9	1705
0	545
2	455
23	442
0	250
5	328
1	110
1	26
4	1
6	0
43	3
0	6969
0	227
0	1076
2	136
0	170
0	20
3	4
1	1076
0	209
20	1090
8	761
119	570
1	25
163	203
358	1
93	556
3	107
0	426
0	423
0	423
0	10
0	357
0	51
0	224
12	40
0	1
0	1
0	0
0	0
0	0
0	0
0	0
0	0
43	278
5	278
0	191
1	259
0	10
1024	470
93	402
0	455
0	4
0	0
1	0
0	237
135	249
2	23
0	110
0	0
4	4
0	3
0	52
0	0
3942	635
44	590
5999	79
1	0
0	12
0	78
124	18
0	0
5	0
1	18
0	4
0	0
419	1482
64	1749
3	679
0	441
0	1057
4	0
2	253
0	252
5	3
3443	2654
0	1672
1	1530
0	542
31	30
0	10
0	3
1	20
563	3704
4	1547
5	2299
855	92
3	92
1013	408
1	341
0	9
3	58
0	0
0	0
58	87
0	81
0	2
2	10
3	4
0	76
1	7156
208	7347
0	6690
0	4376
0	395
24	1390
2	8
0	113
2	386
0	312
6	380
2	0
0	8
0	6
272	367
0	15
38	10
0	202
0	14
2	26
22	105
52	0
0	0
740	328
0	265
0	13
6	113
0	99
0	4
1	15
1	0
0	14
244	205
102	205
3	9
0	41
0	0
4	1
0	45
38	247
2	668
0	573
336	688
1	7
0	5
10	16
0	98
83	920
2	613
0	517
40	0
13	152
16	0
141	223
0	223
1	0
3	0
1722	789
1	788
1	776
0	0
0	0
4	44
0	44
4	44
0	13
4	35
310	6828
51	0
222	6670
61	256
0	1044
137	66
0	3220
35	1952
18	462
20	79
0	1713
2	288
1	0
1	415
127	1928
58	2537
23	2646
605	2827
3	2452
1	394
3	97
1	537
0	19
0	12
0	1320
0	53
0	1
0	0
0	1
0	0
0	0
0	0
6	0
364	0
0	0
3	1137
0	29
19	253
13	127
3	48
15	19
2	26
0	119
31	52
14	18
20	5
0	1128
159	9
10	6
0	5
1	13
1	10
0	0
0	1262
48	1262
0	111
0	157
0	68
10	1233
312	1
8	128
0	127
0	1
0	0
374	179
0	45
8	134
316	1034
1	804
0	1
2	34
19	506
18	133
1	0
0	0
5478	134
55	41
16	0
0	0
172	0
0	0
6	18
4	18
602	5
0	5
2278	3
12	0
1	0
163	344
26	103
4	220
0	0
1	4
0	51
23	496
0	496
1	365
9	0
0	5
5	2
0	1
0	1
6	0
0	1
0	0
417	1
0	0
0	0
0	0
0	0
0	0
0	0
0	0
0	0
0	0
321	2666
32	2094
10	578
6	1510
1	156
0	0
0	0
26967	1056
19	764
29	1
0	238
1	67
398	67
0	64
0	0
0	0
1	0
0	0
65	0
0	23
1	23
0	23
4	9
1682	143
2	119
3	20
1	1082
80	1095
0	13
0	12
337	290
14	290
3	718
49	622
4	31
0	718
13	15
0	25
0	62
0	100
0	106
1	2
2	12
1	2
0	7
0	102
0	0
37	507
69	601
7	165
0	3
4	4
0	9
8	9
0	0
2	0
0	0
0	0
4449	996
15	845
35	1124
108	718
4	0
0	975
2	1
0	1
0	0
0	0
0	0
1	1
0	1
0	370
2	111
9	19
0	316
0	1
498	2
2	0
0	0
129	136
3	136
5	57
0	55
1	40
0	2
1	0
1	0
0	0
0	0
13	769
26	767
12	74
1	30
9	8
590	9679
1146	10749
1	3777
0	4926
6	1759
3	996
4	20
0	16
1	0
0	16
0	0
0	0
0	16
0	1
0	1
0	0
0	40
0	30
3	1076
1	1330
0	316
1	8
4	1546
0	8
0	209
52	1469
0	42
0	32
0	12
12	770
1	99
1145	2514
1	2470
0	106
0	376
11	167
13	105
10	712
4	142
4	559
4	339
0	366
3	6
0	184
2	0
23	380
3	340
174	312
7	30
0	58
28	5752
1	5178
19	879
1	538
2	452
17	1
2	112
0	212
0	0
0	0
25	0
271	2170
28	1847
0	2023
25	1158
68	1047
0	1201
18	93
0	16
0	0
0	147
0	33
5	6
0	224
2	13
1	144
0	15
0	252
0	17
0	1025
0	0
0	10788
2	4341
0	9388
0	2060
0	900
3	294
5	1
0	482
0	9676
3	9676
211	11321
0	11341
451	0
0	0
0	0
60	248
6	248
7	16
0	8
0	15
0	17
71	15
54	1917
52	1636
0	1927
2	832
0	1713
96	647
17	66
2	416
0	195
2	196
14893	3596
0	0
0	7
0	9
0	8
0	0
91	519
0	519
0	21
0	17
1	21
0	1
3	0
0	396
8	313
9	396
3	0
0	228
1	7
1	7
0	7
1	0
162	52
0	1
3	450
0	583
0	570
0	465
0	317
242	335
0	631
0	536
2	326
231	389
0	0
0	0
629	1142
4	322
5	240
0	117
16	580
1	59
8	26
49	26
1047	27
0	27
0	31
0	1
0	31
0	0
3	0
0	0
23	14
0	14
36	16
1	16
804	356
5	113
3	284
40	160
7	117
0	17
2	17
0	0
1	0
1480	2563
1	608
0	2138
0	2608
0	2450
0	2533
0	2262
83	2050
0	2038
0	1934
0	1896
0	1922
0	1904
0	1931
0	1977
0	1850
0	1824
0	1758
0	1830
7	29
10	0
0	33
10	32
0	2310
0	2288
0	2431
0	2437
76	727
65	720
0	74
2	0
0	0
0	71
1	36
0	44
1	66
0	0
11	256
15	0
14	319
0	0
0	155
4	60
24	220
0	316
1	81
1	426
7	488
0	5
1725	259
40	258
1	0
597	184
4	147
0	20
5	42
106	4265
81	4202
6	568
55	689
8	390
0	1863
0	593
5	63
0	62
12	66
3	3693
9	26
0	2527
0	125
86	572
5	390
1	342
15	311
0	473
3	229
39	305
0	0
0	406
15	342
0	406
8	348
19	1
0	1
12	1
0	0
0	0
6	0
0	0
76	549
6	401
1	557
28	22
34	30
0	0
0	1
3	70
1	1
4	1
0	1
0	71
0	1
117	301
0	246
0	27
0	11
1	25
19	110
14	92
2	26
0	0
0	703
0	771
0	804
1	674
52	293
0	609
0	747
0	424
0	681
7	462
3	493
8	568
0	5
10	24
3	0
0	7
1	8
8	104
0	10
0	46
0	0
0	0
233	81
0	53
17	7
0	25
0	0
9907	119
0	117
87	110
0	78
0	33
0	110
0	0
0	0
0	0
0	0
299	251
4	251
32	14
0	251
1444	1809
0	1267
0	1289
0	1313
0	1364
0	1361
3	1301
0	1345
0	1366
2	1319
0	1361
0	1293
1	30
2	88
0	92
4	307
1	192
2	704
0	1476
12	245
0	108
1	227
47	215
0	1094
45	134
0	2
0	5
0	5
0	5
227	1031
30	71
1	906
0	4
4	0
0	353
1	7
0	909
0	0
0	0
206	1055
4	504
24	1055
6	0
0	13
12	29
0	37
0	0
28	388
1	36
0	352
5	54
0	5
0	54
1	0
0	0
642	685
11	682
1	36
0	0
1	0
0	0
3493	3754
0	162
527	1
5	0
0	0
0	0
0	0
0	1250
1136	1208
0	6
0	64
2	20
11	1181
88	30
0	30
0	0
16	790
5	92
0	0
7	42
0	1249
0	0
0	2
0	367
0	1226
20	1558
5	85
2	2052
1	46
25	41
0	111
0	2052
8	210
2	11580
50	14417
8	2777
53	9109
9	3953
12	3993
1	6252
152	1788
0	2
1	2
0	0
0	0
0	0
0	1
0	1
1	0
0	1
6	2257
10	488
7	141
0	742
0	838
3	2315
0	0
0	0
0	0
3481	2
0	254
4	39
0	1023
3	4
161	1036
19	0
0	0
20	1451
0	1338
0	4
0	1221
0	22
0	1328
1	18
14	14
4	20
0	987
0	12
4	561
3	1043
2	86
0	77
0	0
0	1
0	18
0	17
6	1251
0	12
2	0
0	0
2	833
9	0
1	77
0	1230
764	0
0	7
0	18
0	28
0	0
0	0
0	0
0	0
0	27
0	0
0	0
0	0
896	1019
22	0
30	1019
13	5
0	0
0	5
101	17
0	17
0	0
8	7
8	36
0	37
0	8
0	65
88	594
0	88
2	137
0	0
0	155
1	2
3	107
0	236
0	0
0	39
4	5
0	5
0	5
0	1
0	0
2	231
29	462
281	590
10	281
17	234
0	252
0	80
270	127
7	153
15	176
1	184
0	183
10	139
0	165
36	491
33	574
0	407
0	582
8	0
4	112
9	139
924	41
3	41
4	40
3	0
44	140
27	1134
48	994
9	357
8	328
6	285
0	290
8	84
12	91
0	0
0	3
0	3
4	5
2	4
0	2
0	0
0	0
0	0
0	6
0	6
12	6
0	93
214	486
3	485
17	78
26	14
3	30
10	137
212	35
0	35
4	64
4	213
23	12508
8	3520
11	3169
5	428
0	12636
8	1746
241	10729
191	12619
25	12615
0	11895
33	246
33	47
0	3
0	725
0	821
0	0
0	202
124	604
0	604
3	169
0	0
122	0
0	0
0	926
0	3779
27	3630
0	14
2	266
0	195
0	678
109	110
6	114
0	18
1	18
0	0
0	5
0	69
9	72
0	85
1	35
10	26
0	8
5	18
1	36
0	45
0	28
1	3
0	1
9	20
0	0
3	7
0	0
0	74
33	94
99	112
34	51
1	12
0	12
1	24
1	1
0	0
0	1
0	1
0	0
0	0
0	1
0	1
0	0
0	0
0	0
0	0
0	0
0	0
0	0
0	3
0	1
0	3
0	0
0	3
3	4
0	0
0	0
0	0
0	0
0	0
5092	3272
3	1921
0	726
0	127
0	136
2	1633
0	0
0	0
0	0
0	0
295	144
0	144
10	23
0	40
31	36
45	157
3	163
0	1
0	1
16	1838
33	1920
0	0
0	1874
15	254
0	25
2	23
0	1
0	0
0	0
2258	543
0	177
0	352
0	127
0	0
0	0
63	427
5	206
0	27
0	33
0	0
0	171
0	1
0	63
1	0
0	80
5	51
663	136
6	99
21	38
4	1
76	97
0	91
1	52
0	8
0	10
702	121
0	49
2	31
0	45
750	24
0	24
18	1595
3	815
0	1832
1	834
0	1003
0	908
1	965
0	984
3	797
12	270
0	61
13	458
0	68
5	39
25	67
73	164
0	176
0	52
108	204
1	186
0	8
0	17
19	9
0	15
0	2
918	0
40	115
0	114
5	1
13	190
542	867
0	22
29	92
3	88
1	35
0	92
0	580
68	569
2	271
0	0
2	37
0	13
2	226
0	373
966	1758
0	1283
237	1494
0	290
39	269
8	269
3	0
7	388
48	206
0	338
0	44
6	26
0	13
0	52
0	21
0	2
169	1414
0	1414
0	150
0	27
0	126
4	0
0	90
3	0
6	282
18	43
0	188
10	226
2	304
0	475
1	236
2	327
36	289
0	224
494	1779
1	332
114	1516
131	24
0	22
0	490
1	129
2	756
322	756
0	0
2067	636
13	635
0	0
0	0
0	0
0	0
0	266
96	267
138	84
3	16
0	15
0	18
3	29
1	18
779	1574
0	810
0	287
2	207
4	100
0	52
3	128
2	115
7	107
0	113
1	102
0	147
0	119
2	6
5	5
0	122
3	135
0	112
0	0
1264	5229
26	4830
15	28
9	539
61	262
1	0
0	195
2	9
0	0
5	16
153	1052
0	37
8	57
61	156
16	515
3	265
45	886
1	21
0	0
48	260
0	336
1	335
0	0
0	0
0	0
0	0
0	0
0	0
0	0
0	0
899	317
0	2
0	4
0	30
0	0
0	40
0	2
0	0
0	0
0	2
0	2
0	0
0	0
0	0
0	0
9	450
10540	458
0	0
0	0
100	1
0	1
0	0
7	23
0	23
95	8
0	8
1	0
4870	1
50	0
0	0
0	0
52	254
44	180
26	174
19	404
27	301
4	75
5	0
0	0
0	0
1	61
0	51
0	6
0	43
0	55
0	31
0	32
771	203
0	235
124	1773
115	1854
103	120
0	0
18	40
1	40
0	40
0	0
56	1031
7	1030
10	131
273	113
15	133
49	0
598	1751
6	1751
12	7
0	37
0	30
1	664
0	3
0	39
37	92
0	0
2	52
12	18
6	39
2	22
2	15
218	65
0	33
4	23
0	8
5	307
873	607
15	64
9	276
0	5
0	123
30	350
34	247
29	48
0	0
0	0
0	0
0	0
0	4
0	4
888	15
0	15
41	37
1	37
105	0
0	0
0	0
0	0
0	17
0	17
1	4
0	13
0	0
160	74
0	59
0	62
0	19
8	19
0	0
92	143
2	94
0	50
1	750
1	261
0	0
0	750
309	164
16	66
0	122
0	43
0	0
0	0
76	1800
3	38
1	52
10	110
5	124
89	297
30	846
0	7
0	427
13	23
2	63
21	10
0	183
0	17
1941	313
1	56
29	0
0	240
1169	1
0	26
0	24
0	2
0	0
0	1
0	8
0	2
0	8
0	0
0	1
0	1
0	9
0	8
0	7
0	3
0	6
1	8
0	2
0	5
0	0
237	172
10	169
11	8
0	0
0	0
0	6530
117	7972
43	8138
0	7941
0	8390
3	529
112	477
1	372
5	11
3	146
7	79
47	116
3	370
1681	400
1784	1477
20	272
0	10476
7	93
13	933
0	894
7	9962
34	898
0	915
43	9261
5	12871
40	11423
40	12802
0	11393
137	7958
0	7728
132	5343
162	1871
7	0
0	35
1	0
0	0
0	0
0	0
156	126
4	115
2	176
6	0
0	0
0	0
0	0
0	0
0	0
0	0
0	0
0	0
0	0
13	147
4	146
1	3
72	17
0	6
0	11
0	4
815	409
0	128
0	370
0	10
0	0
4	123
15	636
11	679
14	570
0	725
14	507
12	635
27	45
0	0
1	0
0	0
0	0
302	2066
285	2192
0	155
109	337
71	52
8	0
65	2107
0	0
0	0
0	1
0	1
0	1
0	0
16	1
0	1
0	0
0	0
0	0
0	0
0	0
34	147
7	142
10	142
1	134
52	149
0	134
0	0
0	134
140	290
0	274
0	199
0	175
0	30
1	11
0	0
0	0
0	0
0	0
0	0
0	1472
1	688
2	5356
0	0
390	8160
0	417
2	1147
2	7853
0	0
0	0
1	2185
97	2501
0	1935
9	129
84	87
12	232
515	877
0	877
1	7
664	139
0	210
417	605
3	4
2	1
50	47
2	2
2	12
0	33
5346	1519
4	562
3	295
2	366
0	292
44	19
186	19
0	5
1	1
0	1
0	5
0	985
4	4643
2	485
0	1627
106	5007
3	335
11	1031
0	522
5	180
5	459
12	116
4	15
4	112
7	9
1	69
10	99
1	0
11	21
10	40
124	1217
0	1254
2	1291
8	1314
5	316
2	11
0	308
1950	727
137	875
10	5
0	1
0	4
0	4
10	18753
1	14128
37	33
4	148
3	404
365	7093
576	16127
0	884
2	1203
0	218
6	227
19	15809
0	13937
0	144
0	1020
30	1613
52	55
141	2463
0	283
10	1534
19	50
1	1050
0	14190
0	9488
13	6
1	1
1	1177
2	163
1	1281
0	4
61	152
1	1188
0	866
0	0
5	48
1	114
0	121
0	18
0	1274
2	1587
0	664
0	163
0	1587
24	0
0	2453
0	2216
5	2405
19	2668
1	2463
48	1648
8	1525
0	1257
5	58
113	629
181	565
0	15
35	559
81	754
0	111
0	41
42	611
0	75
2	234
3	24
0	620
4	32
16	178
0	620
20	752
0	511
51	546
17	113
120	118
0	0
0	47
39	37
0	7
150	819
96	323
0	62
30	29
1	210
0	169
46	183
5	127
3	95
0	72
0	446
22	446
3	0
3	0
0	0
0	0
0	0
6	247
500	691
1	579
8	121
4	464
0	33
4	52
12	98
0	0
0	0
1	0
0	0
0	0
0	0
0	0
0	0
0	0
0	0
239	3889
201	2533
10	22
35	307
22	534
3	148
0	2
0	141
1	6
1	35
0	4
0	3
0	4
18	142
0	120
2	111
1	21
0	112
1	1
2	19
0	0
0	0
0	0
42	0
43	173
0	173
912	473
6	2
12	25
0	0
0	218
0	174
1	325
9	2
0	27
0	0
0	0
0	0
0	0
0	0
0	0
34	61
0	33
0	43
258	1611
57	533
4	1610
2	586
0	358
2	0
13	9
1	0
11	185
0	132
5	76
0	120
0	113
2	71
0	53
0	80
0	23
2	6
3	34
0	2
0	0
0	0
21	86
4021	2065
3	48
47	21
0	2
41	1527
12	1669
20	121
0	60
0	52
0	41
0	41
46	53
0	24
0	52
0	25
1	25
1	44
1	36
0	27
0	11
0	26
4	24
0	12
0	1
0	1
0	1
0	1
0	0
1	0
0	0
0	1
0	0
0	3
3	319
0	254
5	54
0	78
0	85
0	74
0	22
60	149
0	95
3	32
0	3
18	0
0	0
238	738
0	724
0	735
3	723
0	73
2	264
4	2
2148	3223
3	1493
3	504
14	1498
3	3116
0	0
0	0
0	0
10	17
1	17
0	0
9	0
52	0
0	0
0	0
10	4921
0	5000
0	4671
0	4057
103	3779
113	2692
48	2657
4	302
0	808
3	66
4	59
0	16
5	4214
1345	1782
4	1219
0	107
6	4
263	1781
19	75
0	85
2	79
0	26
0	7
61	11
1	0
0	0
0	0
0	0
0	111
476	1396
0	211
11	707
0	410
0	970
3	282
3	164
0	0
2	1
2	1
1	0
77	297
60	84
1	35
7	127
0	18
0	39
0	199
5	28
17	560
3	561
20	44
0	20
17	898
2	569
1	653
2	650
1	596
8	56
12	0
511	1608
1	1512
0	115
0	177
0	0
1	130
162	70
5	70
1078	325
0	156
20	322
0	423
0	438
0	432
0	455
0	78
0	109
5	13
1	16
0	440
141	401
111	348
0	41
0	14
0	6
2	0
2	6
0	8
0	6
0	4
0	6
2	334
18	17
0	304
47	288
2	310
1	20
4	1
8	0
480	35
0	1
2	34
1044	2650
2	1285
5	1172
0	1108
9	1314
8	1085
2	10
0	26
0	72
4	105
7	0
295	544
18	255
1	308
6	301
0	125
130	267
11	154
0	0
0	1125
7	1380
0	1449
1	6
13	817
0	839
0	32
0	80
0	33
0	132
0	85
0	19
0	13
1	68
0	1521
0	1366
371	2
2370	113
14	83
0	0
0	0
0	0
0	0
2357	1404
11	1163
0	412
28	43
75	432
7	222
1	137
0	76
650	219
19	86
21	26
14	26
422	1933
0	1657
0	151
3	82
9	48
5	322
467	2170
16	1359
0	811
0	258
7	256
15	77
1	31
363	0
11	709
119	838
5	272
13	100
33	191
0	110
26	239
4	189
2	139
6	521
3	184
0	142
2	46
0	0
12	205
0	230
12	30
0	30
0	60
0	13
1	89
0	230
17	200
11	202
0	4
1	78
0	4
0	0
2	1
0	1
0	1
0	1
0	0
0	0
3099	2757
5	1000
0	251
0	1768
4	81
3	523
800	119
5	119
8	43
20	21
0	13
0	13
0	13
0	6
1	0
62	3702
3	186
38	7
277	128
0	13
0	127
1588	482
4	230
0	399
9	753
10	585
5	676
17	1074
0	1281
2886	12
18	399
4	405
13	385
11	0
17	0
3140	1428
3	13
0	450
15	462
9	1265
6	73
3	7
18	396
2	380
0	58
0	69
12	20
1	28
8	36
1	16
1	0
22	438
1	476
8	294
1	27
0	0
5	1154
0	814
79	3894
4	43
3	3530
0	3352
1	11
0	276
15	789
53	746
4	650
5	103
27	46
1	181
2	134
24	51
1258	3839
0	105
0	3734
433	46
0	26
0	16
0	0
0	0
0	0
0	0
0	0
0	0
0	0
0	0
0	0
0	0
0	0
0	0
0	0
0	176
0	203
0	97
1	13
197	57
2896	23
0	0
19	21
0	0
92	0
0	7
0	7
0	0
0	0
680	0
6	0
0	0
22730	3836
5	1054
1	1906
2	205
1	121
2	849
0	0
0	0
0	0
0	45
4	283
20	190
4	59
166	84
10	246
0	233
7	122
2	541
0	677
0	593
0	122
0	78
0	0
0	3
0	0
0	3
0	1
4	110
125	429
53	437
6	426
0	424
1	208
2	232
22	193
11	477
0	6
2	6
368	86
0	18
3	71
7333	5891
5	5885
812	304
3	59
2	57
0	41
1	301
31	0
0	60
0	60
0	0
0	0
4	170
0	17
2	8
4	7
10	175
939	1341
6	1
0	1335
2	0
0	0
3	19
28	2231
0	3468
292	6939
107	3671
12	6892
1	2268
2	26
0	33
0	2926
450	1397
0	1397
0	0
3	0
1	0
5	73
1	66
0	13
0	36
2	8
244	8
3	7
0	1534
0	8
33	1539
8	1148
0	752
0	806
19	873
0	990
0	57
10	52
12	104
0	203
3	99
0	134
5	35
1	30
2	11
0	10
0	10
9	1146
0	1189
5	1153
0	136
632	2735
66	2625
20	810
0	165
2	766
9	38
0	4
0	62
4	32
0	0
1	0
494	0
1	78
0	1220
0	30
7	1571
0	1065
10	568
0	1065
0	24
1	1487
5	0
1031	1293
0	39
0	191
0	414
6	337
11	15
26	101
2	76
2	842
4	0
0	1002
0	959
96	1850
1	223
0	838
0	547
0	346
0	763
0	1699
213	0
208	298
4	268
9	55
0	49
1	133
0	390
0	377
0	377
0	31
0	400
0	407
1	1085
130	1231
0	185
11	1068
0	1007
2	1093
0	60
0	987
0	0
0	0
0	0
0	0
0	0
0	0
19	19
637	32
2	26
1096	272
2	10
9	19
0	261
0	208
1745	537
1	189
46	356
0	86
1	0
9	10
82	0
18	424
2	74
0	1
7	3
0	3
10	1
0	0
0	17
0	12
0	0
0	16
0	434
0	455
3	435
161	466
1	0
0	16
0	32
0	4
0	0
3	39
1	56
1	198
0	2
0	2
0	1
0	0
6	12
0	10
0	4
1	0
0	0
0	0
0	35
7	16
0	33
20	19
0	0
0	0
0	51
1	36
0	38
6	38
6	5
1982	71
0	71
0	0
0	0
0	0
13	0
248	89
2	53
0	60
225	168
50	461
22	90
2	1
8	60
0	454
18	137
0	2
5	135
0	71
0	2
6	15
1	102
1	9
0	94
0	89
0	41
1	26
4	9
0	23
172	15
0	15
1	167
0	86
1	92
40	30
49	176
0	305
2	168
83	326
33	187
1	14
1	1
4	18
16	83
0	35
11	3
263	197
0	119
21	123
2	6
148	430
0	1
2	0
4	209
0	428
3	1
1	230
1	218
0	189
0	143
0	19
0	0
1	76
0	16
27	97
11	101
0	18
0	0
0	177
2	0
6	25
0	22
0	13
5	3
6	0
0	0
1531	105
0	100
7	0
2	197
9	205
5	203
0	24
0	163
1288	2993
0	88
1	24
109	2718
1	1021
1	0
5	183
3	95
2	0
0	20
0	7
0	38
0	127
38	534
0	2
0	9
78	126
100	830
0	43
2	264
0	17
2	29624
1	8490
15	2
382	7799
1	9972
9	4916
0	156
36	126
14	772
107	1057
0	9952
1	38
0	34
3	0
112	9567
14	220
0	9933
36	9062
3	28264
0	5131
0	0
0	2
15	177
0	108
8	620
14	29672
36	29674
4	23786
1	2382
0	605
22	4652
12	5275
0	1499
0	3257
33	764
19	154
43	850
7	2225
0	2
0	119
33	2227
12	147
6	66
166	66
27	16
26	28
1	28
0	0
1	2
0	0
468	1100
0	670
0	1091
0	78
2551	2005
2	67
1	929
9	1076
232	556
0	589
0	9
0	6
0	565
0	0
0	0
0	2
0	0
0	0
0	2
0	1
0	1
2	2
0	2
0	2
530	98
6	98
0	0
0	0
265	77
5	21
2	53
0	7
3	8
4	21
0	0
263	645
72	645
0	104
0	188
1	0
0	0
0	0
0	0
0	6
1	5
0	2
0	0
0	0
0	0
0	0
0	78
0	7
0	0
47	2145
0	1957
0	1261
0	173
0	12
0	45
0	45
2	45
0	20
0	8
1	55
723	5975
13	2
1	4754
14	724
1	1792
0	217
0	66
177	15
0	15
0	10
0	0
10	0
16	0
16	507
9	503
2	4
21	2
0	32
2530	50
0	2
0	0
5	47
2423	3
0	0
0	0
0	0
83	532
7	532
1	73
11	85
0	0
0	0
0	0
0	0
0	0
0	0
0	0
189	2244
51	2244
0	756
43	523
4	173
1	42
1	1
40	54
1	54
1	12
10	0
3	20
0	20
2751	4277
2	740
70	4567
100	4573
622	215
4735	806
15	799
7	157
0	65
0	0
0	0
0	22
780	1362
0	93
12	27
0	123
94	2
39	217
527	1063
0	0
0	46
5	174
9	369
11	8
0	7
0	375
218	231
2	231
15	210
418	679
1	299
11	117
0	257
0	419
16	1451
0	931
2	1418
179	1450
0	1422
108	966
31	292
116	3076
30	2705
3	938
2	0
2	0
0	0
0	0
5	0
0	0
253	0
473	37
0	33
1	4
2	1
0	0
0	0
0	0
8	421
10	416
0	0
2	0
0	0
1	2
3	22
12	5
0	182
0	36505
90	4987
11	1
49	1540
0	37466
0	35655
0	34673
0	32979
0	0
0	56
65	2361
14	0
17	15
4	987
47	89
39	612
0	35257
282	8
2	0
0	66
6	136
530	1295
1	69
0	52
1	6
4	787
94	344
1016	197
0	196
1	0
0	0
1236	706
2	705
1	0
1133	5714
68	5733
0	546
0	13
10	8
6	6
26	1713
85	1649
0	968
8	63
14	47
16	125
8	238
0	203
107	263
129	52
0	35
0	0
1	17
0	0
5	11
0	0
0	204
12	33
0	6
0	45
0	216
43	175
416	265
7	300
31	141
0	207
0	0
16	4124
0	1638
41	4124
6	0
2	107
1	1
10	0
0	0
0	0
0	0
1	461
36	1408
0	134
3	889
4	0
1	5
12	137
0	77
1	71
476	318
0	240
0	16
0	287
2	200
3	240
9	45
21	8
2	1672
0	1282
2	182
0	152
0	1400
0	659
0	1023
0	470
0	0
0	0
0	0
0	0
0	0
0	0
0	0
0	0
0	0
0	0
0	0
0	0
0	0
0	0
26	903
21	59
0	40
8	921
5	21
240	1095
56	1321
0	1286
0	1141
0	1411
0	1471
295	1514
0	0
14	9
3	0
0	31
0	14
328	481
0	435
0	502
0	520
2	354
3	1019
57	1045
1	502
0	398
0	320
1	47
77	57
53	372
0	2326
0	2320
4	123
0	2334
0	466
3	461
0	2333
0	2327
12	57
0	34
0	28
0	31
0	28
0	22
0	0
0	1
1	0
0	397
0	1001
0	1023
0	1089
7	621
114	1100
0	11
8	449
50	210
5	49
0	0
510	49
2	0
172	0
1875	850
0	784
8	21
0	44
0	0
0	11
0	9
0	11
0	1
0	1
0	0
0	0
0	3
0	3
0	0
12	24
2	24
862	34
1	32
2	1
0	6
0	0
0	6
4	579
0	5
0	444
5	496
0	1
0	555
0	3212
20	6288
10	5335
1	30
47	2872
11	64
31	687
0	87
14	246
0	243
11	38
0	20
0	178
0	8364
711	7463
7	7151
41	4048
1704	1667
25	1663
2	1526
1	155
0	0
0	0
0	35
4	35
0	16
0	15
0	0
0	6
0	1
0	12
1	40
792	975
0	1120
17	1082
0	801
0	704
3	690
0	133
11	368
22	341
2	379
0	295
1	7
2	11
0	67
0	7
12	4
0	4
4	342
3	258
592	362
0	360
0	207
0	3
1130	716
0	66
30	613
1	0
4	0
1	281
3	1
0	1
0	1
0	0
9	1123
20	1208
11	1826
150	663
13	1499
10	1194
1	1535
1	161
0	585
1	552
18	275
21	2973
4	2062
9	701
48	1769
0	78
3	8
1	2303
8	69
10	1713
66	2154
3	453
0	3
1	316
0	1
0	126
6	2314
0	45
0	72
10	59
0	9
0	0
0	0
265	10857
122	521
7	561
33	558
0	578
0	35
0	15
0	1258
0	0
16	3120
133	3120
8	1808
0	12806
0	11806
1	376
0	389
5	13
2	3
36	571
8	40
122	213
10	73
27	344
21	235
1	388
3614	731
4	728
0	0
0	3
0	3
4	620
13	263
12	290
1	46
4	46
3	5379
4	5279
40	1414
8	4
0	5379
0	5283
0	1
1	62
0	61
0	0
2564	6404
2	6292
3	6448
0	6448
0	2624
1	449
12	614
7	488
0	401
0	362
115	119
0	72
0	6439
4506	3
0	0
0	0
0	0
0	0
0	0
0	0
0	0
215	1224
16	491
0	606
20	453
0	0
0	0
66	0
838	0
339	0
0	0
0	0
0	0
0	0
83	872
0	670
1	295
0	41
0	145
7	6909
1	26
0	23
0	23
2	9
0	0
2	2
519	102
3	51
2	5
38	51
4	39
0	39
0	0
1	0
0	0
0	0
0	1790
0	1637
0	1639
3	1178
3	186
2	22
0	1694
0	1631
14	346
51	449
0	293
0	340
28	265
0	122
0	67
1	123
1418	1246
30	101
0	138
0	953
0	165
394	1889
2	105
0	74
0	38
14	1
0	1667
181	1406
20	1116
0	437
29	64
115	106
3	8
223	613
11	613
12	2013
0	1832
434	1804
7	624
62	235
16	187
4	45
4	85
1	0
2	0
0	0
10	0
0	0
226	10856
215	54
0	5
308	3120
0	46
2	1
0	46
5	18
0	12
5	11
2	0
0	0
0	0
1	138
0	165
6	175
0	0
0	185
0	76
56	81
17	96
5	49
1	66
0	0
0	0
0	0
7	2
3	311
0	277
11	8
6	299
12	251
23	20
29	123
0	0
0	0
1	0
0	0
0	159
23	160
2	586
85	812
3	525
4	1
41	0
3	48
51	517
3	98
0	0
0	0
3	2
0	1
0	1
2	94
7	79
5	999
68	896
8	187
3	933
0	12
43	265
0	37
0	555
0	14
3	98
0	34
659	470
0	118
24	118
0	92
14	112
91	1333
1	1337
0	675
2	7
0	105
0	376
3	721
15	1433
2	1225
0	1249
7	4
24	422
0	1
0	0
936	123
0	38
0	72
0	12
45	2829
41	2851
0	3
0	13
0	1167
0	0
0	2821
65	1055
0	116
5	105
0	696
0	415
1	110
0	40
5	199
0	26
0	95
1622	1024
0	320
0	48
4	695
1	523
5	1
0	160
0	213
15	9
1	2354
0	3157
0	1
0	1
0	1
0	0
131	308
46	418
8	116
1	115
57	110
0	0
0	0
9	0
47	147
0	176
0	96
247	83
110	82
2	35
2455	2
133	10852
205	775
94	1093
0	828
18	828
2	53
28	4201
0	343
0	3976
43	321
0	53
127	3871
16	3854
35	157
1	6
85	27
29	967
2	72
0	1084
9	215
1	608
0	214
0	51
237	1285
0	84
1	126
0	175
1	42
0	5
0	1208
0	0
1	779
0	1533
0	1454
0	0
2288	197
14	194
9593	4
29	2611
115	2611
0	51
4	344
0	100
0	1
0	1
0	2
0	2
1	0
1	0
0	0
0	0
69	36
18	495
1	473
2	511
8	457
4	496
15	422
0	64
0	21
1	117
1	42
5	2
5	21
0	39
0	2
6	19
0	0
0	0
0	0
0	0
0	0
0	0
0	0
458	37
0	0
0	0
0	0
0	0
0	0
0	0
0	0
0	0
0	0
0	0
0	0
0	0
2	42
2129	46
55	108
16	25
1228	84
13	20
0	473
417	473
427	241
0	46
25	102
8	113
0	2
0	0
0	1
0	0
2	2
0	0
0	1
3	0
5	3
0	3
0	1
0	2
249	20
6	0
1	0
0	0
0	0
1	0
1	5
2	5
0	75
0	79
0	79
0	5
0	0
65	71
0	97
0	71
0	0
42	15
0	12
0	3
0	20
5149	2
28	0
1	367
0	12
0	352
2	10
0	322
0	300
0	5
0	2
0	303
0	314
3	11
384	0
2	0
0	21
415	318
2	25
0	89
0	133
0	18
0	152
7	83
1	697
54	198
0	25
0	104
1	53
168	697
223	0
21	2247
291	2330
2	155
7	157
0	92
0	0
1	1426
0	1648
0	1992
22	1425
0	262
48	838
2	1416
0	10
0	0
7	131
5	63
508	13280
10	220
87	1064
24	3227
0	852
90	852
1	42
0	215
0	76
0	52
0	848
0	6
0	6
0	0
508	1
67	598
82	69
0	0
3	122
0	118
6	3
6	524
4	2
0	1
6	41
0	31
14	190
0	220
4	227
0	65
1	932
3	879
37	245
50	57
87	841
57	889
0	0
0	0
1	122
5	113
1	126
10	106
0	2
10	567
13	136
2	468
1	11
0	74
2	406
0	736
63	736
0	0
0	0
0	0
12	133
0	142
30	625
1089	627
20	57
66	0
8	47
25	252
52	251
580	354
20	354
3	1072
8	1113
30	188
3	50
7	685
0	760
0	6
0	19
0	35
1	21
14	44
0	51
5	63
0	0
106	0
0	0
2	10
1	10
1	0
196	4564
122	4564
7	211
8	219
3	29
7	297
7	283
0	189
0	177
58	479
8	477
1	448
0	40
0	4
0	0
0	4
0	169
854	886
2	20
3	425
151	828
3	0
7	66
8	8
6	37
8	1
11	49
4704	2
81	533
0	3105
0	2887
8	2446
173	2390
36	4
9	369
0	18
3	261
0	273
2	320
1	282
1	95
0	2265
0	1
0	1
247	39
0	39
77	490
4	0
0	3
2	490
1	18
10	0
1	70
0	0
0	0
1987	7
94	8
33	6
0	0
0	0
0	0
536	2
18	13
1	395
4	526
0	19
0	6
1	18
0	105
12	256
0	0
0	17
1	0
0	8
10	89
0	2
2	84
0	65
2	241
0	0
10	241
0	1
0	157
4	193
0	162
1	32
2	1
1	206
259	324
0	322
2332	4
18	26
53	146
163	155
2	25
10	52
0	29
0	6
2	12
96	12
49	56
17	56
1	5
0	1
0	1
21	9
0	9
0	2
379	10861
89	3122
16	3301
6	180
2	2426
2	6
23	338
63	4486
21	4409
2	168
3	128
0	248
0	1485
0	1497
0	0
0	7
1	164
3	79
7	4214
1	258
0	252
1	0
27	4155
3	0
14	0
2	28
2	467
1	251
0	0
0	0
167	1494
1	1364
34	817
0	1256
53	1421
84	1336
0	886
74	135
0	75
0	0
138	6
64	961
16	2013
889	2076
1458	2094
13	1981
8	2025
4	34
0	30
3	10
0	1
1273	1
0	208
748	208
0	112
0	30
768	759
0	694
0	0
0	1
23	254
0	206
1	20
6	48
0	91
952	0
1	1
1	879
1629	2239
0	322
12	193
11	1446
4	2068
1129	3119
50	274
0	273
4147	1127
0	151
0	740
3	235
0	0
0	0
0	0
0	0
0	0
0	0
0	0
0	0
0	0
0	0
6	15
117	15
0	1
247	521
53	203
1	489
20	341
0	350
40	274
0	40
2	61
0	16
1	29
0	0
2	168
18	3435
5	41
4	2392
3	30
42	2875
29	1334
33	611
7	586
152	598
10	13
2	854
0	0
16	0
0	0
108	2
1	2
0	454
0	35
73	3383
729	3164
453	3349
1	167
3	2772
8	429
59	5
10	5
196	3
0	0
0	0
0	0
0	0
2	553
0	14
18	460
14	388
0	376
0	250
1	485
0	360
9	333
3	333
0	42
0	381
0	211
0	0
71	317
24	565
239	0
2403	8988
22	0
0	1522
14	5140
21	6185
313	0
103	0
158	1950
0	1717
0	1586
0	1049
19	873
1	1
128	114
6	21
1	140
127	4
5	296
34	5544
460	3122
15	343
0	5066
0	3259
0	2251
0	0
0	0
0	0
0	1
0	1
1	0
0	0
0	0
0	0
484	6
0	6
121	13
0	13
7	372
3	774
0	587
0	896
1	266
0	499
24	405
7	331
152	201
2	0
4513	1873
0	1871
24	113
1	94
0	95
0	11
1417	4009
1	1711
1	1658
19	3411
11	963
23	1012
6	210
0	200
46	80
6	18
54	24
0	1808
60	1729
1	281
1	1695
44	181
0	82
1	7
0	10
0	0
0	0
0	0
0	0
0	0
1	0
0	0
2	0
67	4133
264	2207
192	2216
3	2323
31	2242
36	4435
0	1927
0	1140
7	1627
0	1466
11	495
14	802
0	151
0	166
84	1135
0	1909
0	2402
100	0
0	0
0	0
0	0
0	0
0	0
0	0
0	0
3	626
345	1378
0	343
20	61
0	210
0	1
0	140
1	40
0	2
0	2
81	3121
60	0
0	0
98	49
0	47
0	29
0	2
0	0
6	338
549	994
2	995
19	234
1	1073
1	1140
26	1191
0	1187
0	846
0	353
0	307
0	427
0	437
6	474
1	417
0	464
1	457
4	0
0	49
1	43
2	0
0	0
0	0
0	468
0	418
0	1443
305	1713
24	91
0	245
0	232
4	28
45	0
0	0
0	0
7	483
76	483
38	31
433	897
3	904
15	58
3	9
9	10994
2	145
134	7
43	278
1	278
0	87
0	0
0	1
0	106
5	109
0	3230
0	2217
0	208
13	14
0	6
0	1
0	7
116	0
0	0
0	0
3556	188
0	103
9	186
12	13
1	0
217	1377
1	1377
0	98
0	56
4	543
2	44
0	10
0	61
52	6
0	6
189	81
0	75
8	8
0	2
3	8
0	37
0	12
0	29
0	39
14	37
0	56
1	25
0	38
0	35
0	56
0	1898
71	1898
3	20
2	33
0	34
259	69
0	8
0	45
1	23
0	53
415	0
539	0
316	175
0	168
0	389
18	301
0	174
81	177
0	389
175	5748
191	5406
38	5270
30	5469
8	220
4	91
13	256
142	185
8	149
1	171
3	152
1	10
0	0
32	11211
1	358
1	56
0	56
2	56
0	0
0	0
11	48
1	0
1	48
0	43
200	36
1	16
0	20
132	16705
0	3133
3	1525
3	1725
1	1751
8	1247
2	337
0	4
0	0
0	17
0	2
0	3
0	16651
0	16640
0	2
498	543
7	3
0	315
0	227
2372	1217
0	156
2	93
22	792
7	319
0	278
1	136
62	120
0	70
0	33
1	20
1	25
455	170
0	8
1	170
359	0
7	0
0	0
3970	648
1	127
0	249
0	213
0	57
0	35
0	1
0	1
1	0
6	141
1	62
78	484
54	330
2	435
13	14
306	468
3	338
23	220
8	78
0	78
11	0
23	5202
0	332
13	5297
2	4816
9	4941
28	255
1	76
3	2024
7	121
47	270
56	414
82	102
0	4
260	2399
0	1987
0	14
5	292
1	12
57	421
25	9
395	112
0	112
0	0
245	286
3	1
165	0
12	109
0	110
8	50
2	116
2	26
0	67
1	4
0	7
0	0
0	111
5	476
5	743
0	881
8	30
6	47
0	19
1	33
1	30
4	22
4	949
0	476
196	10860
9	221
0	66
146	49
0	13
0	25
0	6
0	8
0	3
1	4
0	6
0	4
0	3807
0	3990
2	3685
17	3106
6	3333
0	2163
30	2343
3	727
3	78
1491	4845
0	4633
1	70
35	5
4	4
1	0
0	502
0	353
38	240
2	156
6	1
0	1
21	0
1396	288
0	288
52	28
1295	1083
25	1083
0	667
1	625
0	0
17	90
8	21490
529	7948
0	10831
52	21610
990	18251
0	1
6	15
0	4
0	10
1	9
0	0
2	0
7	3
0	102
2	102
0	123
0	118
0	125
0	46
1	44
0	61
0	43
0	11
0	6
0	4
0	1
0	2
1	5
0	1
150	9
7	9
590	1134
65	1099
0	35
0	0
0	0
0	0
0	0
0	0
0	0
0	0
0	0
0	0
0	0
33	2103
2	1114
0	984
2	1349
149	775
1	68
5	362
0	556
0	17
0	268
0	245
34	11
0	11
0	740
3	394
0	578
0	740
0	740
0	522
1	597
0	778
9	593
6	522
0	522
4	635
1	304
9	362
6	4
0	0
521	0
5	1445
5	994
0	1142
1	1347
1813	80
17	79
9	0
3	45
9	73
5	125
0	0
2	117
0	96
0	33
4	27
0	14
0	8
1	27
0	0
0	13
0	13
0	2
0	13
0	1
0	3
0	0
279	0
333	0
192	10859
17	57
0	52
0	57
0	0
5	0
0	0
0	13
3	9
0	0
0	12
1	12
0	12
0	8
0	10
0	0
0	4
0	117
0	19
18	129
1	1
0	8
0	0
0	3
0	6
1	0
870	0
0	0
0	0
1157	5
147	4
0	0
0	0
116	4676
9	4487
40	3948
0	355
37	186
0	123
2	558
2	52
0	189
0	5
0	5
0	4
44	18
3	18
0	5
0	5
4	18
344	606
2	556
0	0
0	48
1	7
0	0
10	39
0	0
56	165
270	0
0	0
3	1
0	1
5	139
700	1
164	1116
15	447
62	532
0	730
0	4
0	1
66	96
0	32
295	1055
0	0
56	11211
4	359
372	303
1	82
0	32
1	13
496	4061
211	3706
3	1665
296	1
0	0
0	0
121	2324
2	680
1	295
0	2043
0	1087
0	0
11	0
248	11128
0	85
1	0
19	1166
0	1043
2	494
0	518
13	414
15	25
5	87
2	10
14	0
166	502
0	0
0	141
5	368
0	80
52	80
11	80
0	0
2	7
0	9
0	1
3	417
33	455
55	393
0	28
0	29
120	11041
0	214
4	1
0	1
8	1
0	0
6	1
35	2256
9	2139
101	297
9	218
34	590
5	249
33	548
14	33
0	2
79	2291
213	0
481	305
0	273
18	305
1	54
10	0
22	103
0	93
7	103
0	6
5074	5
386	260
2	166
9	152
1	4
0	7
6	223
14	232
0	14
1	2
0	233
0	1
0	1
0	1
0	0
1	0
0	0
0	168
10	78
1	2
1	159
2	68
0	147
0	128
0	7
0	0
0	15
1172	0
0	0
0	0
0	0
0	0
274	1117
2	1080
86	861
0	326
1	696
17	121
121	52
19	91
9	84
0	22
0	86
18	77
0	34
0	65
0	0
0	0
0	0
0	0
9	1162
499	1895
33	566
4	67
3	55
0	31
18	77
3	8
0	159
69	311
2	241
0	227
0	92
0	0
0	0
1	0
1797	167
132	167
0	1
0	0
2	244
73	421
8	283
3	26
1	357
0	0
0	0
0	0
0	0
117	3120
0	0
2	0
0	95
1	224
0	0
0	146
0	4
9	120
12	536
5	194
1	6
7	97
16	6
2	186
0	68
0	447
0	0
0	0
6	5
139	5
2	3145
0	122
7	559
0	73
5	2574
20	891
14	2823
1	21
10	68
35	1003
21	15
0	2344
10	2290
0	2047
17	1525
44	1296
0	1665
0	137
10	713
32	35
12	19
0	54
34	219
14	0
1256	5129
0	4
0	5126
0	5123
0	78
7	5132
4798	203
0	32
4	166
0	0
0	0
157	122
2	48
176	83
335	0
0	1
0	1
3	157
14	11013
135	2028
4	2014
1	41
4	387
0	12
3	70
6	105
0	1
0	1
0	1
0	1
0	0
103	0
328	10857
1	226
2	25
10	2179
625	2757
0	174
1	12
0	193
5	12
20	477
0	0
0	0
4	121
1	121
0	0
0	78
0	239
8	195
7	65
0	58
1	46
0	0
31	80
0	67
0	67
0	14
0	0
0	0
0	0
0	23
45	137
9	48
0	104
1	14
2	38
4	8
0	38
0	199
104	198
1	26
0	19
3	90
4	65
13	79
126	1038
26	1049
26	445
39	94
1	23
19	267
0	17
49	44
5	27
5	5
5	89
1	4
7	0
0	243
0	80
3	2135
0	1472
58	2138
0	3
0	156
28	300
1	182
12	0
7	90
2	113
39	219
0	189
1	31
2	244
49	4751
64	1968
0	0
1	4712
0	4596
473	2057
591	33
0	10
0	23
0	0
1	873
3	1137
0	1198
3	1084
0	1121
0	679
1	278
52	597
1	417
0	62
0	228
0	210
2	15
0	14
0	36
0	1
0	0
0	14
0	44
2	6
0	597
34	4653
15	2447
0	4240
62	3262
0	137
14	498
357	679
3	174
3	493
10	160
1	267
6	54
8	504
0	137
0	85
11	20
222	0
2	840
23	87
5	444
0	862
0	796
0	0
1	104
0	2
0	0
0	0
0	0
0	0
2	1
0	1
0	1
4	1467
396	1504
34	1016
17	810
2	45
19	31
767	2242
35	1559
9	1019
10	403
13	1382
1	570
0	270
0	458
187	12
27	385
183	385
4	3229
0	2223
0	2085
5	3
0	3
0	4
2	0
0	1
0	0
0	0
55	386
19	413
0	99
0	187
0	107
0	59
308	10848
0	0
200	3120
0	3
8	3
24	773
1	13
0	681
2	570
0	731
2	692
9	28
0	655
0	0
0	0
556	464
12	360
6	316
0	295
0	217
5	214
0	129
2	0
0	0
4	3886
3664	4003
6	1626
35	3416
6	19
5	483
0	5
2	5
851	427
17	427
26	2
8	10959
0	301
0	370
0	334
0	304
0	54
1	7
14	7
0	0
0	0
0	0
0	0
0	0
106	10849
5	164
41	247
16	25
61	32
108	3117
2853	3200
7	808
0	0
0	0
35	580
0	52
2	521
1	99
4	55
0	19
0	44
0	0
0	19
0	14
6	0
28	1657
17	1682
4	1334
52	72
7	311
0	1
9	3
0	3
56	501
11	353
0	319
0	444
5	96
0	173
5	30
2	0
105	459
1	238
42	108
15	686
27	466
2	96
0	100
0	176
3	28
0	0
0	0
0	907
0	24
41	861
0	892
30	0
50	104
0	67
35	403
2	818
21	848
25	828
3	643
28	64
0	436
0	419
23	9
22	0
1	168
0	5
2	18
7	8
2	38
6	0
156	1081
265	1081
419	70
0	4
9	21
0	44
1526	649
4	296
1	538
68	2440
64	2447
3	11
30	425
35	25
3	65
17	110
1	41
15	278
5	281
5	190
40	88
10	40
22	11020
7	170
201	1
1485	293
0	293
378	1
636	0
4	2
5	2
20	10978
0	126
16	3
1018	316
0	232
10	188
8	158
31	16
0	465
42	465
0	465
217	0
57	155
11	0
0	143
40	119
0	16
0	4
10	110
2	7
2	46
24	76
0	66
0	13
30	34
0	0
0	0
25	3
0	3
0	1
0	0
122	11388
1	10855
6	533
491	0
3673	137
21	15
9	9
0	112
1260	0
1	49
35	679
15	194
2	522
15	653
0	0
0	0
0	0
0	6
0	6
0	0
0	0
2	105
0	131
1	115
0	131
0	3
5	5
0	2
0	2
0	2
0	2
22	747
219	3556
1	4314
0	1104
40	4357
0	153
0	128
7	1673
0	1723
0	325
0	125
14	406
0	97
0	858
0	3
0	1386
0	12
1	770
0	889
0	0
0	5
0	24
4	12
0	861
0	107
15	164
3	5
982	398
27	52
0	0
0	1
0	0
0	22
0	25
0	4
0	1
579	0
0	0
1	0
791	2557
28	103
2	169
0	71
0	84
0	10
21	7
0	13
2	48
14	2255
4	0
0	0
0	0
2	0
1	24
176	1805
0	1605
8	222
19	1603
17	1018
0	0
0	0
0	0
0	0
0	0
0	0
0	0
14	1
49	7439
9	1165
210	7339
1	194
7	912
0	913
5	1182
16	560
9	0
0	418
0	99
0	1651
619	27
0	27
2	308
0	114
2	1
2	245
3	447
1	3
0	1
0	0
0	0
1357	2
102	476
0	299
8	45
17	274
5	1
0	0
0	0
14	0
0	75
531	845
0	796
51	34
0	244
11	711
0	273
2	381
76	57
50	689
3	5836
5	21
0	57
0	22
269	1349
0	6299
1	875
22	17
0	17
19	1301
19	1813
0	1863
29	751
8	159
16	395
43	621
26	247
6	76
2	220
8	93
0	13
6	144
50	111
0	109
0	92
0	17
0	4
2448	820
546	819
10	0
3	7690
0	7267
4	1187
0	179
3	87
27	6766
24	2087
0	7031
0	6763
118	821
1	58
72	610
0	1
7	493
0	7266
0	7421
98	10
21	10
0	189
3	1312
6	493
10	185
0	138
1	154
30	460
1	265
0	1312
691	146
7	0
3	50
16	20
11	12
1	8
2374	739
1	264
1	474
0	245
0	10168
21227	10538
27	428
100	433
4	67
6	0
0	0
1	10
6	10
63	1937
66	2031
12	105
8	428
0	81
0	319
5	170
0	79
16	518
3	47
6	371
0	0
0	0
0	0
416	67
1	62
11	42
3970	985
66	977
0	75
0	0
0	0
1	0
0	0
0	0
0	0
0	671
5	375
3	574
1	3
0	46
3	3
9	0
0	671
0	0
528	95
1	94
3	1
0	0
0	0
0	0
7	426
180	6253
108	5135
9	5656
4	4712
0	322
70	0
22	9
0	5
0	9
0	0
506	690
4	42
1	34
414	409
2	638
0	22
0	992
27	81
0	10
1	409
4	0
0	265
50	0
0	27
0	992
97	483
8	9
78	483
0	14
2	1762
0	1788
0	526
0	789
0	724
1	691
4	701
0	19
3	35
0	35
1	7
23	61
1	13
0	32
0	39
0	20
0	6
8	20
0	0
0	4
0	1
0	0
0	1772
485	271
0	239
2	65
3	14
0	13
169	28
2	16
1	16
0	0
0	7
0	21
20	778
72	777
0	0
0	42
9	3
0	4
31	5
219	311
88	311
0	0
0	0
0	0
1658	1
0	1
66	122
3	140
806	0
6	0
8	917
117	610
6	211
42	10
0	489
19	791
1	535
0	168
0	156
4639	1
0	0
5	1595
27	1255
119	1604
8	62
1	11
2	7
0	6
11	79
0	4
1	2
0	0
0	2
1	0
0	0
4	79
37	138
0	138
2232	468
6	2
2	3
0	3
1162	425
4	425
691	6126
0	6095
4	166
0	104
3	52
15	15
17	1527
0	9
0	14
0	6
0	2
306	82
0	82
18	0
22	51
0	35
34	4
0	19
10	86
490	1730
28	183
11	315
3	1250
37	6
0	3241
35	1596
35	0
33	387
0	416
2	543
3	31
14	1
3	2273
10	3
6	334
3	0
4	28
38	37
652	334
12	359
7	49
346	1
1	324
28	324
1	238
142	1107
28	1089
160	262
10	1005
1	723
172	874
1	41
8	144
19	2
64	0
28	57
67	1
1697	217
1	49
17	168
15	2243
0	3193
0	112
31	51
10	5
0	3169
193	4494
1	4338
7	2265
0	1357
0	1357
0	1340
0	1204
19	64
0	66
0	4354
9	1125
0	878
0	446
21	20
0	155
7	657
9	2
97	8
1	14
0	68
4	6
0	2
0	784
0	872
329	875
0	856
0	192
5	4709
48	6002
0	944
0	823
0	407
0	5822
93	3421
0	3555
37	3579
0	3107
0	2296
0	1297
6	510
19	804
0	3
0	0
0	7
501	1992
11	1212
0	213
0	0
29	1161
0	102
55	0
1	0
23	0
0	0
3483	803
0	150
29	475
0	417
0	24
1	24
4	24
4	773
0	323
0	12
7	1
0	773
0	0
0	0
1	525
3	448
11	481
3	20
2	21
0	525
0	416
11	0
12	796
37	798
106	5
7	797
0	612
0	11
605	1793
33	135
31	1693
1	361
5	72
0	434
0	33
9	309
55	26
12	115
0	97
0	69
0	101
1	4
0	101
3	2386
1	0
1	0
17	525
40	394
0	106
4	36
2	1
0	677
13	229
0	596
0	2305
0	2186
1	2261
60	2218
35	2450
643	557
0	556
0	4
0	11
0	2
0	7
0	433
0	9
0	2
0	2
0	0
0	0
0	431
0	0
0	2
0	2
0	5
0	0
0	3
1	0
1	468
0	425
1	206
11	134
0	194
0	209
6	210
7	135
5	5
1	8
1	4
0	0
0	0
0	1
1	9
0	15
0	23
2	42
0	3
0	32
0	39
9	32
10	0
1	0
83	1336
0	1330
4	1342
19	544
0	4
0	0
0	610
32	393
0	717
4	11
2	43
0	205
12	98
0	1148
8	1150
661	1077
0	1077
0	0
0	4
116	133
14	22
1	111
0	0
0	0
1	0
5	0
0	0
0	0
0	0
0	0
0	0
3965	12
155	10
15	0
1689	42
0	33
0	4
27	508
106	645
181	444
5	139
153	983
31	983
549	234
23	233
1	80
1951	84
0	189
0	182
20	269
2	42
0	250
10	0
7	21
4	1199
0	19
3	220
2	183
99	1168
0	235
0	78
28	134
12	93
19	65
307	2130
20	99
9	2050
59	49
0	40
3	17
3	1
119	326
7	230
0	2
0	375
5	32
0	377
0	0
318	0
8	69
341	69
183	0
0	1004
3	1041
8	846
0	11
147	355
0	80
0	0
3	26
0	1045
9	1107
14	1110
67	1138
5	198
0	2
2	0
4	18
930	2
0	27
12	3
20	17
0	0
0	2
0	2
3	2
64	248
0	5
12	0
0	248
0	0
0	0
0	0
127	2763
8	5
105	6
0	2762
520	243
0	18
0	225
0	128
0	0
0	1
22	632
0	148
0	0
0	633
3	62
5	775
1033	959
0	95
1	14
3	60
0	135
1	64
120	31
42	31
0	534
12	12
219	555
1	532
11	165
0	747
12	135
1	22
30	330
0	619
0	747
3	14
8	0
0	0
0	0
0	0
0	2
1	0
0	0
0	2
0	2
0	2
1	2282
0	0
0	0
0	81
0	67
0	77
0	5
2	71
2	60
0	0
2	4
0	6
2	17
0	0
0	0
0	0
29	282
8	282
9	39
10	17
1	17
0	1025
0	1335
0	651
0	25
13	83
9	0
0	1280
464	1337
14	122
3	103
0	48
740	0
0	0
2	954
1	1536
74	556
59	1529
15	1481
1	489
0	32
0	254
0	260
5	134
8	4
0	92
20	147
0	145
8	27
7	147
0	0
0	0
0	0
0	770
99	839
3	12
0	49
0	3
5765	0
658	770
0	154
0	52
0	616
117	551
3	224
0	174
7	64
24	97
0	0
0	0
28	2364
0	912
0	3
0	0
0	3
0	0
0	4
0	2
0	0
0	0
0	0
25	812
862	2005
16	50
1	244
39	1265
0	2
0	0
36	120
4998	3588
12	3014
77	584
99	1491
52	1617
0	1503
0	77
1	33
12	283
0	961
0	145
46	233
1	220
0	156
2	3
2	3
1	0
1	1328
0	130
0	878
3	465
0	68
0	52
0	148
1	1
0	12
2	0
0	1339
0	1045
0	1376
2965	2683
15	2326
93	1476
28	2191
13	974
0	26
16	150
0	61
3	29
8	5
2	40
3	40
0	0
2	40
2	3375
264	3375
29	9534
42	11336
31	12048
11	12073
0	12948
0	12284
1	1825
59	9079
27	8691
5	149
7	706
40	55
5	62
114	20
42	9
8	910
0	618
240	70
2	660
1	12130
0	12459
0	0
4	0
0	0
0	0
0	0
5	0
0	165
0	0
6	2
1724	167
4	4
0	3
0	4
0	0
0	0
0	0
0	0
18	186
283	307
6	0
1	57
0	47
0	71
0	0
0	5
144	1716
0	215
4	497
4	198
129	1657
0	10
0	96
9	316
0	234
0	234
0	221
99	326
18	1445
15	1490
10	1424
0	1370
4	1356
0	1401
0	236
1	1093
4	1043
2	17
16	12
1	119
0	78
5	138
7	1
0	9
0	62
0	0
1	0
0	0
0	0
0	0
0	0
0	0
11	0
0	1
0	1
40	0
0	0
2	0
272	0
3	0
0	0
0	0
1	426
0	412
10	404
0	347
8	393
12	39
0	0
1	12
0	0
0	7
0	1550
0	1
0	7
66	457
0	1595
0	1
1	41
0	893
4	1202
0	300
0	3
0	0
57	1164
31	1164
0	53
0	1164
0	1164
79	330
2	267
0	92
3	4
16	0
3	65
0	11
0	65
2	70
294	1685
0	1604
1	3
0	3
17	43
47	43
21	6
0	6
0	0
0	0
91	2305
0	855
0	7
0	7
0	2
0	0
0	0
0	0
344	0
5	9
4	45
1	43
3	8
0	0
0	8
0	2
0	0
0	0
3	2
1754	884
37	603
0	206
3	88
435	763
4	250
26	516
38	111
0	81
136	382
3	227
0	51
25	211
25	4
27	139
7	52
8	6
236	147
2	140
12	6
18	0
1	7
20	812
15	812
3	24
0	617
0	62
0	15
1	644
0	617
44	661
0	754
38	762
5	289
4	485
1	0
0	4
11	0
0	0
0	0
0	0
0	0
0	0
0	0
0	0
0	0
0	0
0	0
0	0
0	0
18	49
15	130
2	20
6	1
0	0
0	488
38	488
2	11
8	59
0	0
0	2
0	37
0	2
0	2
0	2
0	2
0	37
0	37
0	2
0	0
10	3387
0	2232
0	1658
1	0
1	1156
0	34
0	100
0	230
0	200
4	200
0	32
0	25
2	10
38	783
2	729
0	626
10	136
0	46
3	13
0	130
1	87
0	15
3	66
0	207
5	48
4	28
4	28
0	0
0	0
0	0
0	0
750	392
0	414
0	413
1	1
147	1136
1	889
0	157
0	792
0	79
2	514
2	670
34	1125
49	756
3	269
0	5
0	756
0	2
0	2
0	2
0	2
0	0
0	2
0	2
0	0
2	0
6	0
1	0
11	48
1	48
0	0
531	1733
0	271
158	1566
2	55
15	576
15	576
0	31
0	49
0	6
5	0
257	131
1	45
27	92
0	0
0	0
0	64
0	64
0	0
0	18
0	17
0	4
2046	1430
5	2
4	33
4	40
0	0
0	19
0	5
0	19
0	0
0	304
189	395
11	344
5	1
6332	1
16685	676
90	666
1	0
2	0
0	4
0	4
0	0
0	0
108	98
4	74
14	24
278	825
0	421
8	113
15	88
4	271
1132	1419
0	41
0	22
50	172
46	2067
1	0
122	2067
2	3
0	13
2	4
8	0
0	1
2	74
2	75
4	57
0	7
0	8
0	0
0	0
224	4
0	4
0	0
96	121
0	121
3	1152
1	1265
1021	1226
0	372
6	71
1	60
0	12
0	0
0	0
0	0
0	0
0	0
0	0
0	0
0	0
25	203
0	108
872	0
1688	3957
333	3955
0	0
0	0
10	0
0	0
0	0
0	0
0	0
0	0
0	0
0	0
0	0
0	0
3	0
0	0
30	319
3	5
9	54
4	310
0	63
0	71
0	33
6	10
7	24
2	43
8	0
2	0
0	0
34	418
11	316
0	42
0	133
11	61
12	47
5	3
0	11
6	291
0	343
45	0
0	0
0	1472
7	2064
1	2376
0	1784
2	1640
34	27
10	654
9	486
0	77
0	8
1	1
0	675
0	217
0	265
31	180
3	0
1	0
0	38
62	1096
0	1197
0	9
0	1200
164	9933
26	9558
37	5986
1	453
1	7
0	2
0	6
0	0
0	0
0	0
0	0
0	0
0	4
0	6
0	8
0	4
14	3
7	3
43	16
0	16
80	1569
31	1569
153	9
1	9
8	30
0	30
0	5
0	0
5	9
8	8
0	7
4	8
1	1
0	0
2	0
0	0
3925	243
1	238
20	177
0	109
1	0
1	0
0	0
0	177
17	6
0	4
0	5
29	51
3	51
0	33
0	3
3	55
0	55
0	54
0	3
0	85
684	574
0	526
0	1013
0	1174
5	494
2	196
1	200
4	524
2027	519
324	1332
69	573
1	1151
0	694
21	483
54	1045
3	1076
1423	452
0	156
0	82
14	112
6	1
61	1
43	887
1234	966
1	795
25	762
1	0
5	154
28	154
2	154
17	308
0	170
5	235
1	74
0	9
6	6
0	265
29	0
757	5
0	4
15	2
40	217
0	43
0	33
0	216
133	1244
14	1244
4	129
1	15
5	75
228	124
0	23
0	98
3	93
10	0
0	19
2	0
0	0
0	0
56	2740
56	2822
67	2533
0	0
0	0
1	10
4	10
1	175
4	165
3	137
86	174
0	116
1	3
0	5
0	24
0	154
18	518
15	519
0	519
1	520
5	515
0	515
0	515
2	960
3	1088
4	142
0	172
6	335
4	133
0	223
74	5298
445	5293
2127	4111
4	354
1	324
50	1326
104	1142
45	1179
7	528
6	969
0	523
0	0
2	19
0	13
0	3
5	15
3	32
0	21
0	10
26	0
1	0
1	649
0	684
0	621
5	4
15	58
6	41
3	54
1	26
0	84
2	113
1	58
6	649
92	697
0	42
44	1426
10	9
1	3
15	14
8	113
0	0
41	1474
0	19
0	748
52	385
0	74
0	125
0	94
0	0
16	0
0	12
0	11
0	11
1	5
2	2
0	0
758	217
1	212
6	199
3	318
13	265
4	3
4	181
16	11
0	214
1	225
0	190
8	216
0	173
0	11
0	224
10	15
25	15
293	1140
2	1026
0	1173
0	1226
0	1026
7	233
0	71
0	1
7	58
97	58
17	23
0	54
152	62
2	40
0	0
0	0
0	0
0	0
0	0
0	0
0	0
0	0
0	0
0	0
0	359
76	359
641	820
5	841
3	101
0	23
2	19
3	6
0	24
0	10
5529	4928
1	623
0	2035
3	4875
13	0
92	30
0	30
0	1
0	1
0	0
0	0
0	0
0	0
0	0
6926	3
195	0
102	236
70	236
0	0
0	224
10	4
0	4
326	0
78	824
0	560
32	834
4	15
0	12
1	0
1	0
28	872
7	872
0	0
123	376
54	192
71	3
320	186
0	0
0	0
0	0
9	328
27	328
20	312
5817	691
2	686
7	19
27	19
0	18
789	414
21	231
0	138
18	5156
33	862
36	1612
15	196
6	397
10	4523
0	2
269	4333
77	276
125	668
407	463
175	524
2	1659
5	163
0	158
1	28
2	21
0	79
0	0
0	1659
0	0
2	8
6	11
0	6
0	11
0	0
0	0
0	0
0	4
0	0
0	0
0	4
10	312
6	297
11	98
7	62
3	308
2	191
0	55
2	143
1	43
0	0
2	93
0	5
10	137
0	128
0	1
10	1
8	57
1	6
1	37
9	25
1	6
31	961
36	940
0	20
1	3
28	14
6	18
0	150
2	5
0	661
0	0
0	0
0	0
0	0
0	0
0	1
1	1
2	373
0	45
2	373
85	4559
77	2794
7	4132
23	4593
0	3872
1	15
313	3038
0	749
1	7
11	107
5	4
12	14
7	208
5	48
0	4724
20	896
1	771
5	119
63	37
23	211
0	124
0	85
0	116
4	91
0	53
4	106
3656	879
77	877
2	969
13	865
66	502
4	847
8	692
20	85
0	723
43	754
32	684
3	27
0	724
2656	297
72	296
24	2643
0	966
41	1824
12	13
0	954
22	0
0	63
2	431
5	291
0	38
0	2431
89	2952
19	2284
6	1920
11	2375
55	2309
128	2217
0	753
0	323
0	90
4	104
1	98
2	1
23	2
10	124
2	121
0	2500
293	0
10	66
1	658
0	792
2	344
88	747
702	377
3	31
50	272
0	204
34	286
7	27
0	22
1	18
7	105
0	0
0	0
0	0
0	0
0	0
0	0
0	0
0	0
0	0
0	0
106	0
0	0
0	0
0	0
0	0
0	0
0	0
0	0
0	0
0	0
0	51
0	51
10	74
2	97
7	24
407	3
0	3
0	0
0	321
0	43
0	26
0	26
8	336
0	26
0	51
0	1
0	3
360	552
68	119
0	3
3	117
0	103
0	355
50	859
76	968
4	155
4	224
8	72
714	1497
38	1468
1	29
1522	360
0	267
0	67
180	67
1	10
2	25
0	17
7	50
107	200
0	178
0	70
0	49
2	27
1	3
8	22
0	7
6	0
0	1
246	0
0	0
0	0
27	61
0	65
0	34
0	34
0	0
0	0
0	0
0	0
1806	2325
1	525
5	56
5	466
9	0
0	9
0	1792
3	0
1	1
8	73
0	45
0	37
0	45
0	45
1	9
0	306
53	368
2	333
0	131
0	70
0	1
6	66
0	1
0	65
0	0
68	2670
281	1910
1	1864
7	1989
0	1186
0	869
15	0
0	2548
0	467
6	423
0	257
0	132
5	11
1	7
0	9
0	9
0	2
4	1
0	1
4	419
7	386
2	25
7	48
2	2
1	1758
251	1555
0	1738
851	2
0	22
0	0
0	0
62	0
67	46
0	5
69	1596
0	1274
163	733
8	693
0	714
38	391
0	1671
506	15
0	9
6	4
0	1603
0	0
0	7
2606	3994
921	2387
0	1729
0	11
64	0
2	0
7	0
0	0
8954	2368
17	613
36	1457
27	1021
281	457
1	309
0	140
0	158
0	232
12	324
0	0
0	136
37	11
0	0
0	0
0	0
0	0
181	0
0	2
0	2
0	2014
203	2000
1	1902
0	134
24	20
93	802
3	12
19	9
0	0
5	78
1	19
0	3
0	1
0	2
0	0
0	0
0	0
13	4048
12	821
3	550
219	913
1	0
11	3860
9	693
72	43
1	0
1	2
0	2
10	33
0	85
0	66
0	1
0	81
0	2
0	11
98	5007
15	4896
0	4615
8	237
201	2335
55	102
71	73
0	29
2	174
28	463
6	179
5	62
8	85
17	60
0	0
0	48
0	59
0	5078
0	0
991	995
4	993
1	79
24	47
0	29
6	0
0	0
0	59
49	3326
12	46
0	108
26	3260
1	0
3	2845
0	3260
5	3260
11	260
6	187
6	71
0	2
2	0
15	1
0	18
1	8
817	1036
2	308
17	388
19	193
3	36
14	173
3	144
70	392
6	280
3	0
1	0
0	0
0	0
0	0
0	0
0	0
0	0
0	0
0	0
0	0
0	0
0	0
0	0
76	84
4	84
0	0
0	1
4	1
0	0
0	1
6	95
31	95
23	41
0	22
0	771
0	123
0	142
1	142
0	408
0	76
26	480
3	323
0	368
0	310
7	29
12	28
53	288
3	137
0	270
25	45
2	0
4	0
0	769
870	734
1	734
0	0
0	0
0	0
0	0
0	0
0	0
47	323
0	322
0	227
75	6
5	136
102	203
0	115
10	74
34	39
14	39
180	44
13	4
73	2041
40	2040
5	70
0	0
0	0
0	0
0	0
0	0
0	0
2134	114
0	0
0	60
44	51
10	272
587	272
2298	2370
10	2370
0	4
7	730
4	301
1	166
7	40
10	151
32	145
26	140
7	8
3	9
1	13
0	12
13	665
24	782
34	694
39	543
8	782
2	45
0	0
4	81
0	27
37	220
0	4
11	189
0	155
604	257
1	75
1	36
5	113
0	302
0	236
177	304
0	242
0	170
0	139
14	8
5	1
2	1015
7	383
3	727
0	0
13	110
1	477
3	457
1	1
7	1474
766	1611
0	660
0	626
0	4012
0	3665
26	3471
42	917
13	84
5	246
26	18
11	1222
0	75
25	54
1	0
6	43
38	353
0	2198
88	2643
31	2397
0	2977
60	2776
10	19
1	263
24	2326
11	3
3	368
6	1713
19	221
0	2323
0	16
11	24
3	24
3	140
108	558
2	49
0	40
0	556
262	203
0	178
1	34
6	62
0	0
263	4635
0	4641
55	4659
1	0
18	214
1	24
0	0
57	107
11	3
0	107
2	0
2	0
307	2256
0	1648
5	282
6	292
782	915
0	5
0	219
0	4
10	167
0	145
2	26
1	249
0	21
7	31
10	34
0	5
0	1
0	0
236	132
0	86
3	158
17	116
0	127
0	100
1	2
0	2
1	4442
38	4126
0	286
26	14
1	3486
5	44
24	1366
3	202
23	160
525	778
13	70
0	777
0	487
2	210
0	3
0	2
0	3
0	1
0	3
21	1118
257	1150
9	35
0	12942
0	14316
0	13881
0	12850
0	14902
0	13528
0	14467
10	13503
1	291
0	431
12	9
17	517
231	2272
37	1774
780	2665
0	40
2	2665
0	327
0	0
58	630
5	120
68	301
11	278
95	2502
44	2502
4	5
10	0
0	2402
18	69
0	1488
54	784
11	34
101	28
7	10
54	1429
0	1365
0	196
2	103
24	116
2	0
0	79
0	0
17	93
10	58
0	0
0	70
0	13
0	70
0	70
0	92
2	92
0	0
0	26
5	32
264	0
111	105
47	105
0	3113
0	3197
0	3584
11	3630
0	419
21	36
11	144
3	282
9	20
0	10
0	0
0	3630
0	3488
941	3138
0	1182
0	2870
22	1327
11	319
0	65
5	107
3	46
4	0
11	173
1	118
0	108
0	115
0	78
1	84
2	6
0	15
0	327
2	0
0	0
151	0
0	0
0	15
4	16
0	1
2	4
317	8
3	8
1	289
0	7
93	237
0	249
4	15
0	29
7	49
0	42
9	30
1	6
14	37
0	0
686	150
0	150
4	42
0	0
1	21
63	1942
24	547
28	1543
0	1337
15	725
2	1429
5	605
20	442
7	1262
0	1865
1	52
1050	2127
0	143
4	1973
11	28
20	476
39	1031
1	100
1	194
4	570
0	372
2	229
0	1249
0	156
0	292
129	1249
0	0
78	10
0	4
0	0
0	0
0	6
1	0
16	23
0	3
1	20
0	3
0	0
308	531
2	198
27	397
1	257
1	170
0	180
11	322
2	23
0	0
0	0
0	0
305	0
2312	3
782	152
54	67
54	54379
0	59954
164	56302
31	21794
0	6202
1	2911
13	817
0	1634
0	2911
1	144
17	200
0	169
5	43
1	21
54	52
0	13
0	0
21	4
19	0
0	0
0	0
0	0
985	0
0	1
0	0
13	0
197	4376
28	3798
2	1088
0	1676
0	950
4	907
0	21
3	0
3	7
1	0
0	0
0	0
0	0
22554	1578
0	389
1	495
0	170
1	28
2	242
0	54
1	214
6	264
6	261
14	35
4	1
16	4
0	2
1	736
5	851
201	851
1	654
0	62
2	0
5	0
0	5056
443	5300
136	4048
190	3229
0	84
66	16
0	743
1	480
111	39
0	0
0	0
0	0
1	2
2	2
11	336
2	288
0	289
0	57
1	16
2	34
4	2
0	4
0	3
0	1
0	0
0	0
0	0
0	0
0	29
0	29
0	31
0	2
0	18
0	1
0	0
464	908
41	423
11	85
16	91
8	0
1480	2
1534	0
2434	178
2	7
7	171
403	154
2	154
0	5
0	0
0	0
0	0
27	129
34	658
4	193
4	28
29	1
0	34
16	677
1	14
311	113
0	17
4	2
0	79
0	42
99	109
11	109
0	0
0	0
0	0
1	0
0	0
0	0
33	4493
1	1155
0	3909
3	2802
39	377
0	21
2	706
1	96
57	1215
3	174
4	672
0	789
0	2
0	2
0	2
0	0
50	61
0	5
0	53
12	30
0	28
6	0
0	15
0	17
1	46
0	43
1	23
0	0
1492	0
395	414
22	414
10	1508
0	6
27	1550
0	31
25	269
2	5
3	83
7	0
109	2093
2	106
4	3
20	73
35	2106
2	4
1	132
0	2165
0	0
0	0
0	0
7	34
0	3258
11	1758
77	394
3	2607
2	1876
8	372
16	39
1	1297
19	604
13	829
4273	31
4	0
0	0
0	0
54	315
0	308
25	166
8	0
8	7
0	0
6	323
80	323
41	0
37	0
1	0
3034	1737
4	188
115	1388
0	231
1	470
2	373
0	0
0	0
66	204
0	204
96	440
1	12
1	433
0	2
0	0
0	0
1	0
5	4
0	4
0	0
0	0
6	1086
1	16
0	1086
2	454
0	426
0	418
0	944
10	125
0	0
136	119
0	5
0	114
0	66
1919	1541
0	757
88	581
9	269
0	0
0	0
0	0
0	0
14	25
24	21
2	1
1	24
0	0
0	0
0	0
55	800
0	37
2	8
0	362
0	814
76	344
2	287
6	173
0	5
2	61
0	90
0	59
0	24
0	592
0	660
51	697
0	613
0	416
1	12
1	7
39	573
36	564
0	565
2	71
2	85
3	47
28	3
0	25
0	0
2285	206
34	63
3	1
10	43
69	22
85	161
4	109
2	7
0	45
2	15
0	7
0	13
0	5
0	0
0	45
5	31
2	35
0	35
0	30
0	12
4	1
0	7
0	1
11	168
0	155
1	47
2	114
0	59
0	298
11	237
2	19
0	322
0	14
229	62
0	4
0	58
89	13
23	13
0	0
0	0
0	0
0	1
0	1
0	1
0	0
2	0
786	131
3	46
1	0
3	100
0	1
269	6076
10	4459
70	4432
185	4438
0	713
1	1130
20	73
37	395
0	348
9	398
0	394
0	4
145	25
0	24
0	6
0	6
84	3325
129	3325
2	62
6	242
6	115
2	0
0	0
9	0
0	0
15	0
0	1
2	85
0	25
0	5
0	0
2	85
6	515
6	479
0	81
96	487
20	469
0	260
2	322
0	232
13	72
1	63
0	28
0	1
5	15
0	15
0	6
131	872
0	72
58	911
33	66
8	25
0	0
2	0
0	0
0	167
0	28
1	41
0	24
15	112
0	64
1	4
0	0
1	0
0	19
64	0
647	737
30	737
114	219
0	3
85	2505
14	2527
10	53
0	1
0	0
0	0
1	7
3	7
7	300
2671	536
0	243
0	114
0	0
0	0
0	0
0	0
3479	9493
1	591
12	549
161	8417
49	2
31	1608
2	408
2	1389
251	1485
14	9
0	7
0	1438
0	0
0	0
0	0
0	0
0	0
0	0
0	0
331	337
15	336
1	38
1	53
6	211
64	0
203	52
9	52
1065	612
1	350
9	458
4	11
0	191
0	126
51	85
31	3084
0	2151
3	902
57	554
5	51
7	0
20	0
0	0
0	3084
0	80
0	72
0	47
7	54
0	38
15	51
0	44
0	6
0	3
0	7
0	7
1	2
0	8
176	87
3	0
11	138
17	86
0	1
0	0
153	62
2	63
5	1
0	40
2	102
1	189
2	186
0	27
4	1
0	0
8	3
0	189
5	3
1	3
0	0
36	983
1	85
54	17
0	949
0	17
21	25
13	372
14	794
8	809
7	331
139	108
3	38
0	328
15	106
4	228
2	206
2	104
125	3
2	0
6	8
3	2
0	0
129	3324
176	2557
0	6
0	7
0	1395
124	121
0	32
0	14
0	46
0	28
0	3317
0	2156
0	53
0	243
0	243
0	10
0	10
1629	212
1	99
5	122
6	77
14	23
11	97
0	21
7	110
20	1310
0	1241
0	2
4	137
3	317
0	1205
1	310
0	214
3	81
173	1146
1	145
13	85
0	46
1	205
0	219
0	145
0	1018
0	122
0	266
4	335
17	170
3	2
9	37
5	34
19	73
2	193
0	1
3	1715
1	748
18	3614
205	4514
4	165
5	105
2178	4791
12	113
10	27
18	3301
16	1650
7	1145
10	2329
0	2394
9	2789
5	263
1	927
0	8
4	45
99	2525
0	43
0	51
0	30
18	200
25	189
0	127
0	140
0	91
7	83
2	115
0	96
0	95
0	95
27	915
2	769
101	667
3	3
0	666
3	243
39	528
10	137
3	571
0	0
0	2
0	90
2	101
0	103
163	4505
42	4926
4	3220
1	3144
2	298
0	0
0	0
0	0
0	0
0	453
0	516
0	487
0	369
0	352
0	456
5	64
2	352
6	323
4	331
0	361
4	1357
3	10
110	1357
2	1
26	85
0	0
0	0
0	0
0	0
17	174
0	130
3	56
0	44
12	0
0	0
410	764
20	567
21	630
13	0
0	0
0	0
0	0
164	158
1	65
6	40
0	0
0	119
0	92
2	0
152	667
3	13
0	594
7	544
3	14
0	2391
136	6535
9	6597
172	6560
52	3142
1	2045
4	2000
13	511
21	21
1	31
8	38
0	38
0	3
0	2
0	3116
0	16
4	145
0	79
220	156
0	155
0	0
1	1
0	1
0	0
0	0
599	0
3	701
436	1477
5	662
6	471
312	0
0	0
0	0
2	52
533	187
0	33
0	9
0	80
0	53
1	2
0	0
0	611
0	483
7	32
2	527
0	387
0	82
0	132
0	3
3	42
5	16
0	1
0	0
0	0
0	0
5	415
29	410
18	415
10290	429
13	420
3298	10874
152	0
39	10871
0	153
0	0
0	0
0	0
0	0
0	0
0	0
0	131
4	115
11	124
0	20
2	2
0	139
0	4
0	9
0	16
0	4
7	0
522	2271
1	31
1	52
1	2271
126	0
22	2186
1	2054
0	75
59	2186
13	956
0	976
0	976
1	756
1	728
0	466
3	5
10	0
3	61
2	984
0	0
116	555
32	563
52	301
8	36
0	119
2119	491
273	491
0	56
2992	5898
1	5043
0	7170
84	4503
0	4514
68	256
0	3075
8	7445
0	0
0	0
300	767
7	67
10	686
50	14
7	0
1	2
4	224
4	0
76	0
0	0
0	0
0	44
7	44
0	5
3	16
1	19
0	4
0	7
0	0
0	0
605	1031
149	95
12	0
0	999
0	8
0	656
19	1632
82	1625
0	661
5	655
275	1333
43	1677
0	1675
0	718
0	0
0	0
0	0
15	181
2	137
2	59
3	86
124	24
13	0
0	1106
76	3
0	3
0	0
0	0
10	1
0	0
0	1
8	141
198	2613
8	8
364	2596
3	2615
1	7
0	7
0	0
0	0
0	1
0	3
1	5
0	4
1	0
0	0
0	0
92	52
0	1
0	52
0	16
0	703
5	1100
971	1933
2	427
11	1472
3	109
4	252
0	27
0	25
22	19
0	7
0	4
0	1
1	0
0	405
4	406
30	136
66	276
55	261
3	62
9	39
0	39
2	372
0	8
6	273
10	293
8	3
2	72
1	74
15	37
38	20
25	18
0	0
0	0
4	120
22	2015
1	1130
0	1536
7	1962
4	208
1	11
770	22
0	22
3	310
13	2016
0	73
0	21
14	651
0	1462
126	1337
0	510
0	291
19	60
0	419
0	241
3	377
0	197
1456	737
5	737
48	612
0	638
15	509
3	53
13	0
3	340
4	44
22	5107
1	5566
121	4719
0	150
2	4475
9	11
0	2
0	0
812	0
14	212
2	230
1	156
4	130
0	30
12	375
0	477
0	489
16	76
7	0
0	452
0	0
3110	1190
1	1187
0	139
4121	2257
6	2257
21	0
4	0
2	1623
57	1623
12	100
0	102
0	215
4	0
1	0
0	1622
238	2981
0	2750
5	268
11	105
7	105
6	42
0	19
25	392
1	892
0	1002
15	591
1	208
8	502
34	139
9	0
0	0
0	0
0	0
0	0
0	0
0	0
0	0
0	0
0	0
0	1
0	0
0	0
0	0
0	0
0	0
0	0
0	0
22	0
0	84
9	755
5	634
0	31
48	263
0	0
0	0
3	32
403	1750
199	1171
0	0
0	10
5	1718
5	1
0	35
1	0
0	0
3	1728
0	0
0	0
0	0
0	0
0	0
0	0
0	0
530	2954
8	2955
12	1677
0	371
0	112
0	0
1	0
215	375
29	373
0	2
0	4
0	7
0	1
0	7
1	7
0	0
0	0
0	0
0	0
0	0
0	0
0	2
0	2
0	0
0	0
0	0
0	0
0	0
0	0
3876	1276
0	452
1	17
3	143
19	118
2	109
17	343
27	21
0	128
0	0
0	0
0	0
49	1154
4	1154
0	855
0	4
0	3
1	0
0	2
0	4
296	242
21	161
1	114
7	182
12	123
1	2
0	0
125	165
1	0
1	165
0	0
0	0
1	21
5	121
0	0
1	19
0	18
0	4
0	0
0	61
93	820
46	1716
0	118
6	118
0	1716
21	145
4	1367
0	1462
1	563
0	94
0	128
33	17
0	3
1	14
0	6
1	5
0	0
0	0
1	25
0	24
6	0
0	2
0	0
18	283
14	286
4	48
0	9
0	37
0	11
3	34
1	12
0	5
2	45
1	55
630	276
3	134
5	142
0	15
0	15
1	0
0	3
0	14
24	1462
3	0
0	13
0	416
0	0
2	256
0	80
180	1356
1	0
0	0
306	9060
0	1139
0	257
0	475
21	2522
0	43
0	455
69	61
5	968
170	9034
8	88
13	102
4	27
0	1
0	1
0	0
0	13
19	24
0	11
0	13
0	1
535	319
8	319
0	107
0	0
0	0
0	0
0	0
0	0
20	140
143	193
18	52
54	1710
32	282
0	192
30	1493
2	113
22	8
16	5
11	179
51	71
0	617
9	10
14	0
0	0
0	0
4	1297
18	1337
158	574
13	531
0	383
0	52
0	0
56	547
0	20
10	124
1	384
1	1
0	88
11	11
0	154
2	19
0	10
1	20
1	115
15	116
2	8
10	409
2	399
0	59
1512	1006
14	948
0	1005
10	635
0	109
2	40
3554	7
0	0
22	7
0	0
0	0
0	0
0	1
0	0
0	0
0	0
1	2
824	557
6	5
0	18
2	552
4	66
0	0
98	0
0	236
1	234
0	233
0	8
0	13
23	1
3	5
0	253
0	253
7	383
0	0
0	0
1	0
0	0
0	0
3	2
0	2
0	1
0	1
0	0
0	0
1606	430
5	372
10	0
1	53
23	57
27	0
0	5
0	5
0	2
36	2690
9	2239
1	517
794	1455
11	955
0	583
0	453
14	0
11	899
0	50
0	492
0	34
0	136
1092	858
96	3641
18	3809
5	108
18	3
15	3821
4	35
0	35
48	8
2	2
1	6
1	679
3	221
6	14
2	163
0	279
299	17029
209	17060
0	4172
29	236
330	1537
2	77
9	336
11	1184
1	149
0	0
1	42
8	3
0	70
355	466
28	353
2	80
10	96
5971	0
0	336
43	52
6	6
218	679
0	644
33	38
1	308
156	1127
0	1127
9	915
563	1548
1	115
0	1274
0	1260
1	110
0	879
7	121
0	1536
6	1199
7	699
0	792
2129	672
0	649
26	22
6520	14555
13	14548
30	145
11	3369
0	0
206	46
0	7
0	13
0	26
0	0
0	0
21	150
0	73
4	0
0	89
0	19
0	22
0	0
1276	56
5	55
4	1
33	2205
8	2130
12	281
0	270
11	244
16	307
2	158
10	123
0	32
1	557
1	557
0	216
13	188
11	130
0	0
0	2104
0	0
22	315
294	353
3	4
4	0
1	156
0	5
40	0
0	0
0	0
0	0
0	0
0	0
0	2
0	2
0	2
94	6584
27	6258
107	6309
0	778
378	0
0	0
0	0
106	579
0	0
0	0
242	262
2	1
0	34
1	172
3	172
0	133
3	83
2	55
1	56
0	99
8	0
62	96
0	19
1	39
0	34
0	10
0	62
0	3
0	2
5	66
3	66
0	0
12	228
29	228
6	10
0	25
2	4
3	4
0	0
13	540
2	49
7	492
24	486
0	47
4	8
1	62
0	5
12	1229
0	22
0	34
0	40
0	0
2	3
8	5
0	817
0	659
0	17
0	34
29	14
0	45
1	544
0	48
0	1228
0	0
0	0
0	0
887	867
0	9
0	4
92	786
38	543
38	539
65	86
0	86
0	12
1	31
3	20
0	0
1465	213
21	210
1465	1664
1	1634
5	388
47	0
7	0
0	0
1750	4732
0	4731
0	15
0	113
11	113
0	113
5	265
35	326
5	134
1	13
110	47
0	30
0	47
0	2
0	0
0	2
1130	30
5	1
6	29
1	120
22	121
3	0
0	19
12	51
0	14
19	0
1	0
2	72
0	49
3	1
0	72
0	230
3	262
10	184
0	0
46	18
0	1
34	19
706	21370
87	2182
613	21032
4	0
0	0
0	0
0	0
0	0
0	0
0	0
792	0
206	3491
0	140
0	222
2	263
0	1824
0	0
0	259
0	783
4	186
0	710
6	647
0	0
0	0
10	1625
0	1678
0	77
0	0
8	244
0	244
0	10
171	0
499	2685
1	630
96	2598
1	272
0	271
0	272
22	1156
4	0
0	0
0	0
1537	388
0	80
2	456
2	24
5	0
43	0
1	104
0	455
28	538
31	6
5	489
0	0
3	511
3	476
0	21
14	0
0	86
0	394
1	157
49	382
4	382
0	0
0	0
0	0
0	0
0	2
0	2
0	4
46	2215
16	2207
2	16
0	43
3	54
0	101
135	3786
126	1850
62	898
90	723
7	1181
0	1151
848	145
4	59
4	115
0	0
0	0
112	1533
1	103
4	1393
2	71
5	5
2	34
6	9
32	356
8	12
0	224
93	655
23	655
0	0
17	69
0	0
0	0
0	0
39	23
5	551
589	15802
48	15342
0	664
0	150
0	24
58	15
375	2493
315	4588
56	319
597	208
478	1486
51	1467
0	1226
6	154
0	24
6	218
0	70
2	0
0	0
0	254
0	244
0	92
0	72
0	58
2	27
0	36
0	0
189	971
4	957
0	174
3	14
0	7
0	0
56	364
79	300
0	353
6	0
2	477
0	522
0	685
0	521
0	209
4	31
0	1
38	244
17	30
0	195
1	153
14	2
0	155
1	0
0	0
37	40
53	116
0	91
201	17
3	0
0	0
0	0
6202	552
1	548
1	108
0	1
0	2
0	2
0	0
0	13
8	13
0	3
57	1332
28	290
4	1315
34	197
0	44
32	99
0	99
0	27
0	99
6	1508
2	1316
27	1402
0	1404
0	1410
26	1305
18	1249
9	1213
10	107
0	762
2	92
0	519
54	239
0	134
1	144
1	129
29	88
0	0
2411	4320
11	640
80	3955
4	0
0	616
0	855
3	107
8	0
43	676
12	679
2	425
176	495
5	184
0	1
0	12
0	0
17	92
18	44
20	121
32	3
48	122
2	71
40	247
0	91
1	79
0	75
0	69
0	66
0	25
0	33
0	20
0	12
0	0
0	202
11	645
12	750
0	93
0	271
0	147
0	95
0	99
0	38
1	93
0	0
0	664
1210	0
0	0
0	0
0	0
2	2
0	2
0	0
0	1
0	0
0	0
0	0
0	0
0	0
275	540
0	540
0	266
0	4
0	0
0	4
0	0
0	0
475	9172
2	1633
0	2
6	311
60	9172
0	952
392	1598
0	1
743	1190
2	1186
5	1065
0	100
0	0
0	0
89	1106
113	1146
0	368
376	513
0	513
0	0
0	15
0	363
1	369
0	362
0	320
6	69
298	618
0	623
0	0
0	22
0	19
0	0
1	1
0	102
0	140
1	87
0	13
0	0
0	0
933	52
6	51
56	39
1	35
0	4
1	5
631	85
0	84
0	5
0	0
0	0
0	3
0	3
1420	11774
75	10412
14	1614
72	1432
637	0
189	1261
16	1260
1	15
9	180
0	82
4	10
0	0
0	0
0	0
0	0
0	0
0	0
97	14
0	14
0	0
0	0
37	2804
8	3014
11	417
1	320
41	539
32	179
28	410
73	1451
1	1331
0	0
0	247
0	712
0	0
0	0
0	0
0	0
0	0
0	0
0	0
0	0
0	0
0	0
11	284
495	1679
4	13
32	602
4	374
8	14
2	5
145	10
2	1675
100	309
5	138
0	102
7	49
7	37
0	0
114	0
0	0
1	4103
189	3978
13	2992
61	24
0	64
11	121
14	514
0	234
0	341
0	144
5	3
0	3
0	1
0	1
0	0
704	2133
0	1027
1	1143
31	302
10	325
0	41
0	322
5	45
2	34
34	45
3	11
1	0
2	12
0	0
0	12
22146	3952
90	676
1	3123
2	3267
8	155
24	119
1	3
1	40
11	194
6	1274
55	1366
1	58
17	1304
6	0
13	10089
2249	10088
90	12210
0	10437
56	58
101	1158
0	601
0	96
15	71
23	16
12	6
9	0
35	1
0	12284
0	77
0	195
8	219
0	103
176	249
0	0
3	0
1033	1512
3	187
15	484
0	1458
0	253
131	606
1	0
53	833
1	22
6	389
0	36
0	4
108	6329
10	2533
586	5877
366	794
605	2796
10	678
4	15
14	949
0	371
0	141
1	84
332	192
0	137
106	3
0	3
0	2
1	2
0	0
0	0
0	0
0	0
6	21
15	402
0	69
3538	768
0	2
0	0
0	46
0	84
0	14
1	85
1	0
0	3
0	52
1	7
0	140
6	0
3171	584
21	446
6	220
0	169
3	3
0	787
0	818
3	562
10	471
3	21
0	18
0	0
14	67
0	67
0	67
369	0
28	3
12	2176
0	1033
66	414
179	380
0	155
1	278
39	240
1	73
19	1
0	2213
0	0
0	0
0	0
144	6
6	5
2	1
0	0
1494	0
66	0
3065	717
0	792
156	367
1	196
3	196
8	0
0	0
0	0
143	872
2	349
2	141
0	578
1	84
0	0
0	33
0	394
0	16
1	2
0	20
0	91
0	91
0	781
0	0
0	0
0	0
2	236
0	236
56	225
3	1131
0	91
0	13
0	1038
1	734
0	182
0	0
7	476
0	465
0	470
10	472
11	407
4	463
0	463
4	33
0	11
0	99
1	102
0	5
0	7
0	7
67	963
1	2
0	7
10	0
0	0
0	0
1229	2
1	0
67	606
0	68
19	606
9465	695
4	221
143	5927
0	6000
12	218
32	869
19	33
1	1762
0	5670
1125	442
4	442
0	0
73	57
2	57
0	12
0	1
0	22
17	94
0	22
1	52
0	5
0	35
0	22
0	39
0	1
0	1
0	13
0	5
0	4
0	0
18	2766
0	2475
143	1481
147	33
10	33
225	1291
11	505
0	1291
6	77
0	77
0	17
0	15
0	0
0	0
0	0
0	0
0	0
0	0
58	154
0	118
1	124
0	13
167	2797
20	2125
5	890
11	115
4	156
6	34
3	7887
235	7899
89	7565
1	5158
8	1069
23	479
7	767
5	413
0	131
5	340
3	290
63	4318
2	402
0	623
6	67
2	96
7	98
0	54
0	9
0	0
0	0
5	20
12	20
1275	956
1	307
0	392
1	196
0	579
2	97
5	173
0	172
32	0
37	568
0	81
1	81
1	78
0	50
0	66
0	58
0	0
4380	35
15	1
1	35
0	9
49	266
278	266
0	104
0	0
0	0
0	0
442	1510
85	1509
0	0
0	0
0	0
0	0
0	0
35	33
1	15
2	24
0	0
1508	364
0	70
0	118
0	188
344	195
16	195
8	17
570	41
0	1
0	30
9	0
1	21
142	2950
8	3048
68	3997
8	3616
0	63
414	1176
0	162
0	43
9	24
0	1
0	1
0	0
0	1
0	83
137	843
106	1225
2	183
15	789
0	368
3	492
35	487
118	36
1	36
0	5
0	0
6	638
90	1002
41	643
3	639
163	43
74	215
22	215
1	4
50	155
2	126
134	505
0	62
0	178
0	78
0	0
0	55
0	56
0	56
0	286
36	95
395	1936
5	138
1	0
0	1783
6	607
1	1397
1	1400
0	0
23	5
0	5
0	5
0	4
0	4
0	4
0	4
0	0
114	0
0	0
80	181
0	181
1	2
0	2
398	0
6	0
249	659
11	166
0	579
0	7
0	3
41	4128
34	3612
6	188
0	55
0	1144
7	1697
10	1491
23	1543
16	1360
5	92
1	42
3	134
0	218
12	0
0	7
2	133
5	54
2	0
1354	4141
58	9
4	18
0	2043
9	995
8	1
0	0
356	31
1	30
0	1
1182	850
5	104
15	746
13	577
2	175
223	2900
0	2966
0	1
0	1
0	1
5	217
7	730
0	730
1	3
84	2617
3	348
1	2253
45	514
15	229
21	5
17	60
39	138
0	1
0	39
6	114
0	0
0	0
0	0
346	683
0	39
11	633
0	97
0	20
0	12
5	1
0	0
0	0
2568	481
0	0
292	307
8	475
0	363
226	649
5	203
2	364
0	95
7	196
11	195
1	200
0	0
0	2
0	2
0	2
0	2
916	4077
1	8
13	630
216	5127
29	3430
431	4807
223	1837
2	0
32	352
0	18
7	17
1	43
11	31
3	0
6	16
4	16
1	14
0	0
0	0
381	923
0	0
2	923
0	57
0	709
0	0
2	111
1	219
0	50
0	0
2	4
0	76
0	76
397	365
12	272
0	195
1	101
14	148
931	2610
130	1575
1	1153
0	0
8	3
0	3
0	0
28	104
2426	1399
140	487
1	1356
49	26
1	179
34	238
5	220
51	210
9	1000
0	975
24	804
13	312
0	387
23	134
11	32
0	0
1	5206
41	13762
1	14070
5	4055
0	257
961	145
0	0
9	217
24	616
13	165
147	887
1	325
42	65
116	69
25	3467
1801	3759
0	548
0	167
14	51
0	9
35	2231
592	490
0	0
36	447
0	433
0	490
60	428
170	748
20	483
1	686
10	453
696	572
0	294
3	4
0	267
0	140
3	33
939	475
107	409
1	89
0	3
0	4
7	4
0	11
0	37
88	1860
3	11
4	8
2	12
0	3
11	62
8	18
2	109
1	27
0	46
6	50
13	1971
13	74
1	3
0	1
0	2
234	682
4	295
6	382
37	340
3	353
3	74
1	5
36	5
660	0
1	23
30	28
0	21
0	27
1592	2
8	759
19	760
0	759
0	688
0	58
0	14
17	104
139	0
0	0
44	412
3	189
28	836
0	9
0	9
0	522
2653	2593
3	1340
0	598
3	341
0	0
6	0
2	0
0	0
0	0
0	0
0	0
0	0
0	0
0	343
0	3225
15	3080
0	1752
0	241
277	378
11	212
0	83
5	214
0	90
0	419
0	164
3	142
0	2757
0	3039
0	2916
0	2673
1	29
0	49
0	61
1	7
0	36
12	102
18	446
15	77
4	2
0	2
0	422
645	12434
10388	27101
8	5617
43	1814
21	7894
0	0
0	46
0	39
0	41
0	0
99	0
0	0
0	0
4	0
12	822
3	57
3	231
31	824
76	830
0	685
0	0
0	0
0	0
393	1290
3	1198
0	0
0	0
488	0
1	0
40	3844
3	1268
2	1297
4	85
29	379
48	1457
5	697
6	39
4	208
2	9
1	3
0	63
5	6
10	6
7	0
0	3837
4468	4064
1	670
0	1415
12	232
0	9
0	234
0	1072
13	1592
39	0
0	1349
361	305
0	305
16	158
0	0
67	327
2	327
0	0
1210	525
0	523
0	0
0	127
0	0
0	0
0	0
3	0
0	0
323	4524
207	4450
15	840
0	262
0	0
351	263
33	263
0	137
3	162
0	75
0	21
3157	2863
0	933
0	2033
1	2032
10	2
0	2
500	579
2	511
0	162
16	201
0	41
0	0
0	0
10	478
1122	479
7	3
0	0
0	0
0	0
0	439
2327	667
21	7
6	103
18	118
7	21
28	123
0	23
0	31
0	132
1	101
0	0
0	0
35	211
2	730
0	918
0	941
1	901
0	788
226	958
249	889
338	147
2	161
40	161
0	5
0	707
34	683
84	463
0	465
0	190
0	1
0	202
0	345
0	2
5	56
42	31
24	289
3	14
15	21
3	123
0	272
19	762
0	1260
0	83
34	338
115	1023
1	32
2	6
28	425
8	259
0	15
10	30
0	0
314	56
5	24
4	17
0	15
0	0
0	0
3092	796
14	790
4	3
34	773
32	6786
12	7131
4	3676
123	4328
0	5643
0	5588
0	20
23	702
0	0
0	246
2	124
6	62
0	0
0	0
15	1791
1	276
7	4759
5	4170
0	2870
0	459
1	243
1	63
0	705
22	10
0	10
1	0
0	0
0	0
0	0
0	0
0	0
0	0
0	0
21	2895
4135	3186
1	0
13	2632
219	2888
0	17
25	176
0	2565
0	26
0	170
80	1493
119	1493
1	31
1821	237
3	236
9	6530
0	7294
80	6825
15	675
20	469
9	7
1	75
1069	0
5	0
0	0
2	0
798	1308
0	1203
0	14
0	105
4	81
39	91
10	91
4	1118
0	907
5	477
0	1212
0	0
229	5231
29	2424
1	542
0	48
29	434
6	4867
0	419
10	1822
16	1457
4	23
603	566
0	561
8	201
138	1
1	1
25	0
2	378
184	111
1	109
9	322
8	0
15	472
67	3378
21	2361
41	2454
9	2649
8	2639
2	2467
0	1790
4	150
0	46
1	9
4	153
0	162
3	164
25	169
1	55
4	23
4	187
1	165
0	10
2	73
0	39
1	0
0	144
0	144
123	278
16	278
2	175
55	175
3	16171
5	3512
0	2327
91	2346
45	2092
8	14138
0	731
101	2902
2049	1924
0	0
0	1188
0	4
0	4
0	0
0	0
0	0
0	4
7	1124
2	106
0	1020
6	814
9	722
2	992
0	71
0	883
0	0
0	0
0	0
0	0
0	0
0	0
0	0
0	0
742	583
3	583
140	35
0	35
0	0
185	218
0	218
354	804
27	260
19	74
0	65
1	250
0	27
0	43
6	38
0	259
0	0
0	0
0	0
0	372
1	553
0	59
21	236
1	1
1	16
0	6
6	15
3	2
0	536
0	363
21	2333
1	2530
0	88
0	1832
0	151
4	99
0	495
3	139
0	215
19	2
69	343
1	113
4	1
12	70
198	387
0	13
0	387
2	1346
1	1226
3	167
14	134
5	149
5	77
7	12
0	1346
1392	1250
102	1250
6	2
0	24
4	0
0	0
2	185
1	233
0	184
2	178
146	33
1	53
0	43
0	15
0	98
6	76
16	39
3	61
16	464
62	442
1	61
6	0
0	9
0	40
0	0
670	3158
117	3299
15	1326
0	1073
1	0
0	134
0	1027
1004	523
1	113
24	296
16	0
1	72
0	151
4	846
252	815
5	68
86	144
0	761
0	56
0	154
0	0
0	38
5	38
107	0
344	1097
42	1104
1	11
4	7
1	7
269	70
11	65
0	3
286	7
0	0
0	7
0	0
983	2994
724	2995
12	2702
566	706
35	514
0	132
8	3
0	189
5	216
10	518
7	508
0	167
0	188
10	615
0	8
205	22
3	0
0	22
0	0
0	0
0	0
0	0
0	0
0	0
328	1031
1357	981
17	261
0	142
30	1046
0	234
2	543
20	1040
0	451
1	193
234	346
1	346
0	57
22597	13
0	0
0	0
284	220
4	121
1	12
0	15
6	84
4	15
0	0
205	0
678	12653
1	4406
69	67
1	982
6	2304
106	1541
8	40
12	1437
3	11086
0	2785
51	21
0	4441
272	4202
1	84
1	376
5	482
4	285
8	185
1	30
398	4441
0	0
0	0
0	0
53	12
1	12
0	9
0	846
0	3
22	75
5	95
5	845
11	828
81	892
7	34
0	44
9	11
0	783
16	18
0	106
0	98
0	53
0	189
10	62
0	106
64	372
0	102
0	252
0	843
1079	1091
39	4
10	1091
2	61
26	193
33	2
0	0
0	0
0	0
0	0
0	0
0	0
0	0
115	2311
3	1823
17	2334
16	217
4	63
2101	490
0	438
1	2
0	85
0	44
238	0
0	0
0	0
0	0
34	362
3	362
1	0
4	0
0	0
0	0
0	0
54	99
10	0
0	0
0	0
260	22
0	22
0	0
32	99
0	0
0	0
1122	100
7	0
0	97
0	0
0	0
0	0
0	0
15	0
0	0
1997	399
1	0
5	398
0	199
0	0
7	88
24	7
29	181
60	181
0	37
0	1280
0	1290
0	2751
6	0
16	70
35	447
2	12
0	2748
510	2952
0	2952
0	550
0	549
17	330
6	449
4	190
19	102
5	106
461	21
2	21
47	0
1084	930
3	343
58	690
154	371
16	255
76	229
5	113
0	341
6	594
929	738
6	504
1	294
4	123
1	23
0	16
0	4
0	11
0	0
0	0
0	0
459	5666
25	5452
3	352
0	432
1	331
85	42
1	42
0	32
0	7
1	9
0	4
0	2
0	0
0	0
0	0
0	0
2	88
1764	159
42	30
4	40
0	0
0	0
0	81
15	81
0	81
0	2
1	158
0	74
51	167
0	3
0	110
3	6
11	0
65	883
0	231
158	872
0	0
0	0
3418	2
6	172
0	157
2	159
2	2
0	4
0	1
0	0
0	0
0	0
0	0
111	0
0	1
0	1
0	0
0	0
0	253
355	351
6	83
0	122
0	9
3	55
1	51
0	19
4	0
0	98
6	0
0	0
0	2823
2	2742
30	2336
14	2119
0	1680
18	149
0	338
1	29
2	0
0	67
0	163
19	16
0	2765
263	94
3	94
11	0
9	5119
194	5119
0	0
0	0
0	0
0	0
0	0
0	0
0	0
0	0
0	0
0	0
9	183
22	332
0	135
2	120
0	308
0	332
0	219
25	224
0	35
8	2
5	14
0	12
6153	24
4	8
9	62
0	2
17	62
0	3
0	4
0	53
0	0
0	0
0	0
0	0
0	0
0	0
0	0
70	0
68	566
5	567
1	568
0	111
1	2808
2	2082
13	1169
27	1117
0	2390
0	493
0	0
47	1246
0	1156
34	687
15	2
34	19
0	776
1	170
0	184
3	31
3	22
4550	1309
48	1107
7	1113
0	357
1	761
18	967
2	981
0	0
0	0
0	0
537	0
441	7
2	7
1	0
11	0
5	0
14	0
52	933
26	931
9	11
511	12
3	0
0	202
489	769
1	567
6	66
0	0
0	0
0	0
0	0
0	0
0	0
38	7
1	4
0	0
0	2
1075	0
16	1639
34	1639
48	524
9	1
12	146
0	18
0	146
5	181
193	181
19	7
5	7
3	4
0	4
0	0
0	634
0	939
1	149
1	104
0	1249
0	1085
47	7
85	55
0	757
623	757
0	3
0	3
2456	3969
23	33
6	1354
14	2870
0	0
20	95
1	85
0	43
0	30
49	365
178	416
1	423
450	420
1	23
0	45
1	67
4	8
0	0
0	0
0	0
161	858
480	719
3	642
1	77
0	0
0	0
2	0
679	1
447	629
2	485
0	0
0	144
0	89
5698	6
1	1
0	0
52	12
8	3
0	9
2	582
58	650
8	582
0	649
2	117
51	83
0	3
0	3
0	3
0	1
0	1
0	0
0	1
0	0
5	0
11	106
23	6
26	4
1	9
178	18
12	0
0	4
0	4
0	106
0	0
9	13
0	0
0	13
0	8
18	32
49	122
0	14
0	25
9	90
0	79
0	87
0	69
0	7
0	3
3	68
0	0
5	1
0	1
0	0
0	0
0	0
0	24
0	24
14	24
8	3
0	33
0	0
2	0
8	11
0	0
0	0
0	11
0	7
11	113
5	135
0	135
0	75
0	14
12	11
2	0
0	17
1	462
16	43
0	358
11	4
8	15
20	0
2	69
2	145
0	33
1	75
2	22
0	462
497	1010
1	0
0	178
0	83
28	804
45	173
2	21
0	135
0	36
33	59
384	105
0	0
0	0
0	0
5	50
54	51
5	9
0	305
0	886
23	274
5	658
0	846
0	119
1	133
0	119
0	93
2	11
54	4
0	22
1	24
0	0
13	39
0	4
0	35
0	3
0	11
5	2
9	0
161	683
1561	10134
13	9450
8	61
0	0
85	8184
11	506
13	1
0	4199
86	4025
37	0
361	1312
31	927
49	552
13	792
0	771
0	670
0	150
10	619
3	650
13	718
6	1
0	769
0	0
0	0
0	0
1	34
10	34
0	0
0	0
0	34
0	83
28	83
2	25
1	25
1	25
1	33
2	30
0	21
0	0
0	1
0	0
0	0
2	0
0	229
2	0
0	163
0	232
1	254
2	54
2	19
2	51
0	3
0	5
0	9
2	1
0	9
0	10
0	17
442	490
0	65
0	40
3	425
3	0
22	0
0	2
129	429
10	124
20	63
7	118
4	41
2	34
0	26
0	109
414	679
48	186
0	47
33	33
0	0
3	0
0	550
0	334
9	1956
0	29
0	101
12	62
2	149
0	1966
0	3
0	3
1	0
2	0
27	0
0	0
0	0
395	678
1	45
4	632
1	21
0	544
0	355
3	544
0	0
0	0
0	0
0	638
3	285
1	519
39	593
16	377
130	647
43	209
4	184
22	282
0	54
0	23
0	23
49	15
27	14
1074	235
0	223
2	70
0	74
6	8
0	8
11	1497
195	5228
1	4555
13	723
26	255
0	0
1736	38
1	36
0	4263
1	1316
0	422
3	443
0	4263
1268	1249
3	901
8	260
75	777
0	488
22	3
0	283
0	360
0	71
5	140
1	36
1	0
0	0
0	0
0	0
133	3
0	3
4	1
1	38
0	0
920	327
21	107
0	74
7	171
25	49
4	6
0	5
0	5
0	5
0	5
0	6
0	0
0	0
0	1
215	0
5	0
241	179
120	178
8	1
0	24
0	0
0	0
0	0
0	0
0	0
0	0
0	0
0	18
3	18
188	1248
20	1072
5	148
1	218
0	5
2	0
0	0
0	0
419	476
2	460
1	441
0	68
0	187
0	5
0	5
0	0
0	2
0	5
0	0
607	34
3	17
1	17
0	0
1	2
0	1
0	1
0	0
0	1091
2	1071
2	1091
92	1061
1	48
0	1
0	0
5	0
0	0
1	0
0	0
0	0
0	0
0	2
0	2
0	0
0	0
13	48
137	202
0	126
0	0
0	16
2	104
0	5
0	0
0	119
331	247
0	94
0	27
0	63
0	0
0	0
0	0
342	1923
287	842
5	260
269	384
2	72
0	95
2	133
2	34
319	34
0	0
8	577
23	135
0	538
0	116
53	481
0	520
0	111
21	159
75	538
758	275
1	275
0	2
0	4
0	2
0	4
0	2
3	0
0	0
1	14
2	10
0	12
0	0
0	1118
47	1149
0	75
0	74
0	29
0	224
1443	689
0	337
0	36
6	140
0	421
0	364
1	505
0	363
0	0
0	0
38	286
35	286
0	285
1	6
23	7324
0	3
0	56
0	7209
2	1
0	7300
0	4358
2	4062
10	72
38	4396
0	7169
0	4495
4	7151
0	0
678	29672
35	27582
178	27928
0	30360
0	28384
93	28473
0	29313
227	13037
10	21993
31	1803
77	3815
58	24083
2	3591
1	1313
0	7722
14	2063
8	2049
0	0
241	731
11	381
0	224
0	67
4	18
1	120
14	169
9	74
0	2
0	2
0	0
16	70
0	70
1	3
5	16
0	0
0	1
0	13
3	0
0	4
0	0
1	1
0	3
0	0
3412	4342
5	497
111	0
3	1620
2	38
0	836
1	79
6	944
0	0
0	0
0	1
0	1
27	131
0	120
0	1
1	10
2841	1976
0	1490
13	1694
0	456
958	467
3	393
17	6
0	27
3	108
38	121
2	101
0	3
0	0
0	0
0	0
3	1106
53	1158
16	1143
1	1147
226	993
252	84
2	93
4	342
0	337
37	206
6	58
31	83
4	6
0	0
0	0
0	0
80	635
13	635
3	921
27	70
637	2663
32	1229
6	140
128	1500
3	54
6	87
346	1674
1	299
16	289
12	2721
6940	3794
0	2983
0	1
2	1799
3	2385
16	2191
3	2415
38	2590
0	1880
1	1824
0	23
4	201
10	1289
8	845
13	1077
24	304
40	156
9	79
403	678
41	688
0	642
0	7
65	0
0	0
6	542
250	542
360	212
1	211
0	198
0	25
1	3
0	0
0	0
0	0
0	0
233	291
6	292
0	3
18	199
0	0
0	0
0	0
0	0
0	0
0	0
0	0
0	0
0	0
0	0
35	5916
4	907
910	6736
80	404
11	50
33	375
13	256
0	614
0	0
1747	53
35	46
0	8
0	8
0	17
0	12
0	6
1	6
0	9
0	0
0	0
0	0
0	2
0	1
0	1
0	1
606	307
2	32
0	89
0	9
46	152
1	143
3	22
2	35
0	8
1	0
1	1167
25	380
14	395
0	2586
31	1258
221	22
0	2586
0	0
0	0
0	0
0	376
16	376
0	28
0	0
0	372
0	0
1116	680
3	678
0	11
0	84
2	100
33	10168
0	6964
8	4030
0	3565
1	1898
0	2354
2	1498
137	2672
0	2695
0	2357
69	1746
0	617
0	847
43	631
0	14
22	488
38	378
7	171
5	153
10	99
1	112
0	124
1	3
3	1
1	0
0	11820
0	11303
0	10049
1	0
0	0
0	0
0	0
1544	681
1	47
0	73
0	472
1	674
244	15
13	14
6	5
5	4
43	1575
111	1623
128	1555
4	114
31	17
4066	893
0	30
8	612
2	86
3	94
1	5
0	19
17	265
9	11
51	2
32	35
0	2
0	2
0	3
0	3
0	2
1358	82
0	46
0	36
5	46
0	0
36	46
0	0
7	0
0	0
0	0
6	686
0	0
1	56
47	367
3	597
1	559
0	657
1	40
13	434
3	156
3	19
0	58
0	151
0	8
0	71
30	0
1	9
0	0
0	12
0	12
56	192
8	188
0	1
0	6
1	4
0	31
2	0
0	0
0	0
0	126
0	444
3	441
1276	469
267	306
2	1
3	27
1	0
0	0
0	0
0	0
0	0
0	0
0	44
0	44
4	30
0	4
0	1
0	0
0	0
7407	854
1	849
80	11545
35	21212
29	27728
31	22894
6	14425
0	2657
7	3741
0	312
0	184
15	946
0	3352
1	111
568	2818
13	114
3	1855
45	31
0	2198
0	4166
8	91
0	2059
6	0
0	2648
52	1
34	1189
15	100
250	52
1	492
4	3699
11	0
1	0
0	0
0	0
1	1
0	0
0	0
1	1
125	870
0	1
1	772
2	19
0	0
0	38
0	6
0	32
0	295
0	0
0	39
0	0
0	0
546	2248
3	2240
6	15
11	31
182	108
1	11
10	77
10	2
0	2
0	0
0	2
0	2
1	2
0	0
0	0
0	0
0	0
0	115
6	2742
0	2913
0	5
1	334
1	2704
0	273
1	199
0	2526
2	0
5	82
1	2913
995	858
57	849
0	121
14	389
2	54
593	383
13	340
0	43
1	83
0	0
0	0
0	0
0	0
0	0
0	0
0	0
4031	4
40	1897
56	1579
1	1719
128	436
5	1669
62	66
14	0
26	279
22	275
0	185
0	12
18	590
32	592
0	100
7	0
161	68
1	21
0	89
11	0
0	490
34	85
0	574
110	690
1	447
1	492
1	155
0	39
0	97
0	4
0	88
2	6
408	0
8	1527
0	1621
29	176
0	324
36	1269
0	1
0	74
18	18
16	95
2	0
5	68
1	42
0	5
5	80
2	28
1	1554
0	2
0	1
0	375
46	858
0	36
1	91
1	550
24	15
5	15
0	0
0	0
0	0
0	0
264	690
0	700
1	3
5	462
0	308
7	170
45	621
1	19
7	54
0	54
73	21
0	5
9976	25359
546	25437
8	82
1	3738
0	137
0	0
0	0
0	3128
0	2475
59	3782
62	14113
151	15291
1	15455
2	15454
0	15588
0	16222
60	810
356	415
22	2777
38	2838
7	768
5	309
1	6
0	16444
6	14761
1	15988
10246	236
2	121
0	111
0	11
0	138
0	15
1	0
19	149
0	50
0	10
0	0
0	15
0	0
0	123
0	0
0	40
11	36
0	23
1	0
0	5
0	70
1	4
2	4
0	0
0	0
0	0
0	0
0	0
0	0
0	0
0	0
0	0
0	0
0	5
0	5
0	1
0	1
5	1
2526	8292
0	1538
14	1
0	0
0	8289
11	398
163	741
4	240
732	728
2	1
0	0
0	0
0	0
4	1688
0	1645
0	268
7	16
0	1645
0	0
0	0
0	0
0	0
0	0
0	0
0	75
5	17
0	91
3	8
0	92
1271	1
0	0
0	0
0	0
0	0
0	0
0	0
1149	1922
2	221
37	1762
0	36
0	241
0	588
0	200
11	4
0	0
35	725
121	539
8	72
2	129
1	229
0	0
0	0
1202	484
7	336
0	379
1	0
0	0
0	92
0	0
0	6
3	161
1	122
0	116
0	17
2	127
13	1
4	1
26	19
0	3
6	18
0	11
1	37
0	28
1	29
37	3295
0	1
0	0
6	35
6	70
1813	3384
60	3337
3	26
3	98
0	13
4	3
27	250
0	0
0	0
0	0
0	0
47	0
0	0
45	1
0	302
0	53
1	291
53	581
15	838
1	781
8	770
2	177
0	7
0	26
0	1
0	0
4	0
1	0
0	0
0	0
0	0
205	2062
288	1809
0	1008
66	316
15	4
0	2061
5224	7
170	24
0	24
22	8414
10	11
22	0
139	1742
4	54
147	417
3	1049
2	1
0	63
2	9
55	1117
0	73
1	17
0	8404
45	1019
6	5
0	377
1	757
48	920
2	1
5	394
2	13
344	254
0	254
2	86
0	80
931	337
0	190
4	134
0	13
0	0
0	0
0	0
0	0
155	237
7	219
10	112
0	18
10	0
74	57
0	8
0	49
0	0
0	288
22	375
0	113
0	27
0	6
0	9
5	50
0	0
0	0
0	33
0	1
54	34
0	397
0	938
0	0
2	0
0	0
0	1
0	4
0	2
0	18
0	0
0	51
0	0
0	0
0	74
0	0
0	0
0	0
0	0
0	0
0	0
0	6
0	2
0	541
0	6
0	7
0	0
0	0
76	0
40	336
0	3815
0	1
795	1
0	38
1	0
0	0
0	70
0	1164
0	1113
119	0
0	0
1	7263
0	6187
0	376
0	0
0	0
0	0
0	0
0	0
0	0
0	0
1	141
0	0
2	0
0	0
0	38
0	574
0	360
0	0
3	109
0	0
0	0
0	657
0	0
0	1
0	1
0	0
0	6
0	5
0	0
0	50
0	0
0	9
0	13
0	7
0	12
0	401
0	0
1	1
0	5
0	2
0	1
0	54
0	50
0	6
0	21
0	0
0	0
0	85
0	216
0	0
0	0
0	21
0	0
0	0
0	0
0	3
0	5
0	29
0	3
0	100
0	1
0	0
0	100
0	5
0	23
0	0
0	4
0	5
0	16
0	91
0	0
0	0
0	0
0	0
0	0
0	0
0	0
0	0
0	0
0	0
0	0
0	0
1	0
0	0
0	0
0	0
0	0
0	0
0	0
0	0
0	0
0	0
0	0
0	0
0	0
0	0
0	0
0	0
0	0
0	0
0	0
0	0
0	0
0	0
0	0
0	0
0	0
0	0
0	0
0	0
0	0
0	0
0	0
0	0
0	0
0	0
0	0
0	0
0	0
0	0
0	0
0	0
0	0
0	0
0	0
0	0
0	0
0	0
0	0
0	0
0	0
0	0
0	0
0	0
0	0
0	0
0	0
0	0
0	0
0	0
0	0
0	0
0	0
0	0
0	0
0	0
0	0
0	0
0	0
0	0
0	0
0	0
0	0
0	0
0	0
0	0
0	0
0	0
0	0
0	0
0	0
1	0
0	0
0	0
0	0
0	0
0	0
0	0
0	0
0	0
0	0
0	0
0	0
0	0
0	0
0	0
0	0
0	0
0	0
0	0
0	0
0	0
0	0
0	0
0	0
0	0
0	0
0	0
0	0
0	0
0	0
0	0
0	0
0	0
0	0
0	0
0	0
0	0
0	0
0	0
0	0
0	0
0	0
0	0
0	0
0	0
0	0
0	0
0	0
0	0
0	0
0	0
0	0
0	0
0	0
0	0
0	0
0	0
0	0
0	0
0	0
0	0
0	0
0	0
0	0
0	0
0	0
0	0
0	0
0	0
0	0
0	0
0	0
0	0
0	0
0	0
0	0
0	0
0	0
0	0
0	0
0	0
0	0
0	0
0	0
0	0
0	0
0	0
0	0
0	0
0	0
0	0
1	0
0	0
0	0
0	0
0	0
0	0
0	0
0	0
0	0
2	8
0	4
3	4
0	0
0	0
24	5
3	0
99	2
0	8
10	20
0	13
0	2
0	2
0	2
0	0
0	1
0	0
2	0
0	0
0	0
0	0
0	0
0	0
0	0
0	0
0	0
1	0
0	0
214	8
0	7
3	11
0	8
10	27
25	23
0	0
0	0
0	1
0	1
0	0
0	0
0	0
0	0
5	35
15	12
0	24
0	1
0	1
7	0
0	0
76	0
0	0
0	3
1	3
3	4
0	4
0	4
0	4
0	0
5	465
3	213
264	263
0	26
4	8
53	46
0	4
6	0
0	46
8	7
3	0
0	8
0	8
0	0
4	1
0	1
0	0
0	1
0	1
0	1
0	1
1	1
0	126
157	170
9	170
0	0
25	0
111	22
0	22
0	0
0	0
0	0
0	0
0	0
0	23
0	0
2	0
0	0
0	0
0	0
0	0
1	0
0	0
0	0
0	0
0	0
43	0
0	0
0	0
2	56
0	0
0	0
0	0
0	0
0	0
0	0
10	0
0	2
0	0
2	0
4	0
0	3
0	0
0	0
9	0
14	554
64	0
2	5
3	0
0	0
15	35
0	0
0	0
0	11
4	0
13	76
2	59
0	0
85	38
0	0
0	14
4	0
0	150
0	2
0	1
0	0
21	0
0	14
0	0
12	5
0	5
0	0
0	0
0	0
1	66
4	11
0	0
0	0
0	0
0	0
0	0
0	0
0	0
0	0
0	0
0	0
0	0
0	0
5	0
0	0
0	0
5	0
3	0
0	0
1	0
0	17
0	0
0	0
0	0
0	0
0	0
0	0
0	0
0	0
0	0
0	0
0	0
0	0
1	0
1	0
0	0
2	0
0	0
0	0
0	0
0	0
0	0
32	48
0	0
0	0
0	0
5	0
0	0
0	0
0	0
0	0
0	0
0	0
0	0
0	0
0	0
0	0
0	0
0	0
0	0
0	10
0	15
0	0
0	0
0	0
0	0
0	0
0	0
0	0
0	0
0	0
0	0
0	0
1	0
0	0
0	0
0	0
0	0
66	133
0	133
0	0
0	0
0	0
0	0
0	0
0	0
10	68
0	1
14	115
0	72
0	59
0	0
0	0
0	0
0	0
0	0
0	0
0	0
2	2
0	0
0	0
0	0
28	102
89	219
305	239
1	20
17	179
0	170
1	6
1	0
1	1
1	0
0	1
3	21
0	0
0	0
0	0
0	0
1	0
18	0
7	12
4	5
3	3
0	3
0	2
0	2
0	0
5	0
0	0
0	0
0	0
0	0
0	0
0	0
0	0
0	0
9	0
0	0
0	0
0	0
0	0
0	0
0	0
0	0
0	0
0	0
0	0
0	0
0	0
0	0
0	0
0	0
0	0
0	0
0	0
0	0
0	0
0	0
0	0
0	0
0	0
0	0
0	0
0	0
2	0
0	19
0	0
0	0
2	0
0	0
0	0
5	0
0	0
0	8
15	0
0	3
0	7
0	0
0	0
0	0
0	0
0	0
0	0
0	0
0	0
0	0
0	0
0	0
0	0
0	0
0	0
0	0
0	0
0	0
0	0
1	0
0	0
0	0
0	0
0	0
0	0
0	1
0	1
0	1
0	0
0	0
0	0
0	0
0	0
0	0
0	0
0	0
0	0
0	0
0	0
0	0
3	2
0	2
51	6
0	5
0	0
0	0
0	0
0	0
0	0
0	0
13	32
0	32
9	0
0	0
0	0
0	0
0	0
0	0
2	1
0	2
0	1
1	1
0	0
0	0
0	0
0	0
0	0
0	0
0	0
0	0
0	0
0	0
0	0
0	0
0	0
95	3
0	38
2	8
145	15
0	14
0	14
1885	2330
0	1979
15	363
3139	1112
1	15
0	0
0	0
0	0
0	0
0	0
3	0
0	0
0	0
7	2
0	34
0	0
0	0
0	0
0	0
0	0
0	0
0	0
0	0
0	0
46	0
0	3
12	8
6	0
35	5
0	0
0	0
0	0
0	0
0	0
0	0
0	0
1	0
0	8
5	19
0	21
0	19
0	0
0	0
0	0
0	0
0	2
0	1
1	3
0	0
0	0
1	0
0	0
0	0
0	0
208	58
23	55
97	107
0	7
6	60
0	0
0	0
0	0
5	1
0	1
1	21
0	21
0	0
0	0
0	0
0	13
0	10
0	0
0	0
0	0
1	14
0	13
0	0
0	0
0	0
0	0
0	0
0	0
0	0
0	0
0	0
0	0
0	0
0	0
0	0
0	0
0	0
0	0
0	0
0	0
0	0
0	0
0	0
0	0
0	0
0	0
0	0
0	0
0	0
0	0
1	0
0	0
1	0
0	0
0	0
0	0
0	0
0	0
0	0
0	0
0	0
0	0
0	0
0	0
0	0
19	0
0	0
0	0
0	0
0	0
0	0
0	0
0	0
27	0
0	0
1	0
0	0
0	0
0	0
0	0
0	0
0	0
0	0
0	0
0	0
0	0
0	0
0	0
0	0
0	0
2	0
0	0
0	0
0	0
0	0
1	0
0	0
0	0
36	48
1	48
85	32
0	0
0	0
0	0
7	65
53	65
0	1
70	0
2	0
4	0
0	0
112	21
0	21
21	3
0	3
0	0
0	0
0	0
0	0
0	0
5	866
1	14
0	407
0	0
0	0
0	0
0	0
0	0
0	0
0	0
0	0
0	0
0	0
2	0
0	0
0	0
0	0
0	0
0	0
0	0
0	0
0	0
0	0
0	0
0	0
0	0
0	0
0	2
0	0
0	0
2	0
0	0
0	0
0	0
0	3
0	3
0	0
0	0
0	0
0	0
0	0
0	0
0	0
0	0
0	0
59	0
0	0
0	0
0	0
0	0
0	0
0	0
0	0
0	0
0	0
0	0
82	338
1	56
0	56
0	216
11	1
1	245
47	109
6	71
0	0
0	0
0	0
0	0
0	0
0	0
0	0
0	0
0	0
1	0
0	0
0	0
0	0
0	0
0	0
0	0
0	0
0	0
0	0
0	0
0	0
0	0
8	1
9	27
201	1016
12	16
117	160
0	17
0	166
0	0
0	0
0	0
0	0
0	2
0	0
0	0
0	0
0	0
0	0
0	0
0	0
0	28
5	28
908	218
0	218
1	0
0	0
0	0
0	0
0	0
0	0
0	0
0	0
0	0
0	0
0	0
0	0
0	0
18	21
37	21
6	8
0	0
0	0
0	0
0	0
0	0
3	1
0	0
0	0
0	0
0	0
0	0
0	0
0	0
0	1
0	0
0	0
0	0
0	0
0	0
0	0
0	0
0	0
0	0
0	0
0	0
0	0
0	0
0	1
0	0
0	0
0	0
0	0
0	0
1	0
11	11
0	0
0	0
0	0
0	0
0	0
0	0
0	12
2	5
0	0
0	0
0	0
0	0
0	0
0	0
0	0
0	0
0	0
0	0
2	0
0	0
0	0
0	0
0	0
0	0
0	0
0	0
0	0
608	135
0	135
0	0
0	0
0	0
0	0
0	0
0	0
0	0
0	0
0	0
0	0
0	0
0	0
0	0
0	0
0	0
0	263
0	208
41	27
6	29
30	80
12	60
1	0
0	0
0	0
0	0
0	0
1	0
0	0
11	0
0	0
0	0
0	8
0	8
0	0
0	0
0	0
0	0
0	0
0	0
55	154
10	120
11	117
0	18
2	148
4	13
1	1
4	49
0	21
0	11
0	10
0	9
0	1
1	3
0	0
0	6
0	0
1	0
0	0
1	2
2	5
0	2
0	0
0	0
0	0
9	0
2	0
1	0
6	8
1	14
28	5
32	83
34	10
9	77
28	142
5	142
0	0
0	0
0	1
0	1
0	0
0	0
0	0
0	0
0	0
0	0
0	0
0	0
0	0
0	0
0	0
0	0
0	0
0	0
2	0
0	0
0	0
0	0
0	0
9	72
0	42
0	0
0	0
0	0
1	1
0	1
0	0
0	1
0	0
0	0
0	0
0	0
0	0
0	0
48	2
25	2
0	0
0	0
0	0
0	0
1	0
15	0
0	0
0	0
0	0
0	0
0	0
12	71
114	0
25	87
3	27
41	107
8	52
0	36
0	0
0	0
23	53
0	0
1	0
0	0
0	0
7	0
0	0
0	2
0	0
0	0
0	0
0	0
0	0
0	0
0	0
0	0
0	0
0	1
0	1
2	1
0	1
0	0
22	9
0	9
0	0
0	0
0	1
6	1
1	1
0	1
0	1
0	1
0	0
0	0
1325	1079
2398	3114
19	4372
5	3555
0	0
0	0
0	0
0	0
0	0
0	0
0	0
0	0
0	0
0	0
0	0
0	0
0	0
0	0
2	1
0	0
0	6
0	0
0	0
0	356
170	2398
1	0
0	0
0	10
0	0
1	0
0	45
0	0
0	0
0	0
0	0
0	0
0	0
0	0
0	0
0	0
142	0
0	0
0	35
0	0
0	0
0	0
0	0
0	0
1	126
0	0
0	0
0	21
0	0
0	0
0	0
0	0
0	0
80	0
0	0
0	0
0	0
0	0
0	0
0	0
0	0
0	0
0	0
0	0
0	0
0	0
0	0
2	0
0	249
10	270
0	0
0	0
0	0
0	0
0	0
0	0
0	0
0	0
0	0
0	0
0	0
0	0
0	0
0	0
0	0
0	0
0	0
0	0
0	16
0	0
0	0
0	0
0	0
0	0
0	0
0	0
0	0
0	206
0	0
0	0
0	0
0	0
0	0
0	0
0	0
0	0
0	0
0	0
0	0
0	0
0	0
0	0
0	0
0	0
1	0
0	0
0	0
0	0
0	0
0	0
0	0
0	0
0	0
7	11153
0	0
0	0
0	0
0	0
0	0
0	0
0	73
0	0
0	0
0	0
0	0
0	0
0	0
0	0
0	0
2	0
0	0
0	0
0	0
0	0
0	0
0	0
0	0
0	110
0	0
0	0
0	0
0	1
3	0
0	0
0	0
0	0
0	0
0	0
0	0
2	0
0	0
0	0
0	0
0	0
0	0
0	0
0	0
0	0
0	0
0	0
7	1
0	0
0	0
0	0
0	0
0	0
0	0
0	0
0	0
0	0
0	0
0	0
0	0
0	0
0	0
0	0
0	0
0	0
0	9
0	0
0	0
0	0
0	0
0	0
0	0
0	0
0	0
0	0
0	0
0	0
0	0
0	0
0	0
0	0
0	0
0	0
0	0
0	0
0	0
0	0
0	0
0	0
0	0
0	0
1	0
0	0
0	0
0	0
0	0
6	0
0	0
0	0
0	0
8	0
8	0
0	0
0	0
0	0
0	0
0	0
0	0
0	0
0	0
0	0
0	0
1	0
0	5
0	0
0	0
0	0
0	0
0	1
0	0
0	0
3	17
0	0
0	0
0	0
0	0
0	0
1	1050
0	0
0	0
0	0
0	0
1	0
0	0
0	10
0	0
0	0
0	0
0	0
0	0
0	0
0	0
0	0
0	0
0	0
0	0
0	0
0	0
1	2
0	0
1	0
0	0
0	0
0	0
0	0
0	0
0	141
0	0
0	0
0	0
0	0
0	0
0	0
0	0
0	0
0	0
0	0
8	0
0	0
0	0
0	0
0	0
0	0
5	30
0	0
0	0
0	2
0	0
0	0
0	486
6	1
0	0
2	0
1	0
0	0
1	0
0	0
0	0
0	0
0	0
0	0
0	0
1	0
0	0
3	0
0	0
0	0
15	626
0	0
0	0
0	1
0	0
1	0
0	0
0	0
0	0
1	0
0	0
0	0
0	0
0	0
1	0
0	0
0	1003
0	0
0	0
0	0
0	2
1	27
0	0
0	0
0	0
0	4
0	0
0	0
0	0
2	0
0	0
0	0
18	0
0	0
0	0
0	0
0	0
1	0
0	0
0	0
0	0
0	0
0	0
1	0
0	0
0	0
0	87
0	0
0	0
0	0
0	0
4	0
0	0
0	0
0	0
0	0
0	0
7	1126
2	0
0	0
0	0
3	1680
0	0
0	0
2	0
0	0
0	0
0	0
0	1662
0	0
0	0
34	5
0	0
0	0
0	0
0	0
0	0
0	0
2410	8364
0	342
0	0
0	0
2	0
2	0
0	0
0	0
1	0
0	107
1	0
0	11
0	0
3	0
0	0
0	0
0	670
0	0
0	0
0	0
1	0
0	0
0	0
0	0
0	0
0	0
0	0
0	0
0	2
0	0
0	0
0	0
0	0
0	0
0	0
0	0
0	0
0	0
0	0
0	0
0	0
0	0
0	0
0	14
0	0
0	0
0	0
0	0
0	0
0	0
0	0
0	0
0	44
0	0
0	0
0	0
0	0
0	0
0	0
0	0
0	0
0	0
0	0
0	980
0	0
0	0
0	0
0	64
0	0
6	0
0	0
0	0
0	0
0	0
0	0
0	0
0	0
0	0
0	0
0	3
0	0
0	0
0	0
1	0
0	0
0	0
0	0
0	0
0	0
0	0
0	0
1	0
0	0
0	0
1	0
0	0
0	0
0	0
0	0
1	137
0	0
2	0
0	0
0	0
0	0
0	16
0	0
0	0
0	0
0	3607
0	349
0	0
0	0
0	0
0	0
2	4
1	0
0	0
0	0
0	0
0	0
0	7
0	0
0	211
0	0
0	0
0	0
0	0
7	2
0	0
0	0
0	0
0	0
0	0
2	0
0	0
0	0
0	0
1	279
0	0
0	0
0	0
0	0
0	2
0	0
0	0
0	0
0	0
0	0
0	0
0	0
0	0
0	0
2	0
0	0
0	0
0	0
0	0
0	0
0	0
0	0
1	2
0	0
0	0
1	0
0	0
0	0
0	0
0	0
0	0
0	0
0	0
0	0
2	0
0	10
0	2
0	0
0	0
1	59
1	0
0	0
0	0
0	0
33	25
0	0
2	0
0	0
0	3
0	0
0	0
0	0
0	0
0	0
1	0
0	0
0	0
0	0
0	0
0	0
0	0
0	0
0	0
0	0
0	0
8	561
0	0
0	0
0	0
0	0
0	1
0	0
0	0
0	0
0	267
0	0
0	0
0	0
22	0
0	0
1	0
0	0
0	0
0	0
1	59
0	0
0	2
0	0
0	0
0	0
2	0
0	0
0	0
0	0
0	0
0	0
0	0
0	0
0	0
0	0
1	0
0	0
0	0
0	0
0	0
0	0
0	0
1	1
0	76
0	0
0	0
0	0
0	0
0	0
1	9
0	0
2	0
0	0
2	193
0	9
0	0
1	0
0	0
0	0
0	0
0	0
0	0
0	1
0	0
0	0
1	0
0	0
0	0
0	0
0	0
0	0
0	0
0	0
0	0
0	0
2	0
1	6
0	0
0	24
0	0
0	0
0	0
0	0
0	0
2	0
0	0
0	0
0	0
0	1
0	0
0	0
0	0
0	0
0	0
0	0
0	0
0	0
0	0
0	5
0	0
0	0
0	0
17	7
0	0
0	0
0	0
0	0
0	0
0	0
0	0
0	0
0	0
1	87
0	0
0	0
0	0
0	0
8	437
0	0
0	1
0	0
0	0
2	18
0	0
0	294
0	0
0	0
0	0
0	0
0	0
0	0
0	0
0	84
0	0
0	0
0	0
0	0
0	0
0	0
0	0
2	0
0	0
0	0
1	0
0	0
0	0
0	0
0	0
0	0
0	0
0	0
0	0
0	0
0	0
0	0
0	0
0	0
0	0
0	0
0	0
0	0
0	0
0	0
0	0
0	0
0	0
0	0
0	0
0	0
0	0
0	0
0	0
0	0
41	798
0	0
0	252
0	0
0	0
0	0
0	0
0	0
0	0
0	0
0	0
0	0
0	0
0	0
0	0
0	0
0	0
0	0
0	1
0	0
0	0
0	0
0	0
0	0
0	0
0	0
0	0
0	0
0	0
0	0
12	0
0	0
1	0
0	0
0	0
1	21
0	1
1	1
1	0
0	0
1	907
0	0
0	0
0	0
0	198
0	0
6	1
0	0
0	0
0	935
0	0
0	0
0	0
0	0
0	0
0	0
0	0
0	0
3	0
0	0
1	0
0	0
0	1
0	0
0	0
13	36
2	0
0	0
0	0
0	0
69	113
0	0
0	0
8	4001
0	0
0	0
0	0
0	0
23	0
0	0
0	0
0	6
0	0
0	0
1	68
0	0
2	98
0	0
0	0
0	0
0	0
7	0
0	0
0	0
0	0
5	0
0	0
0	0
0	0
0	0
1	4770
0	0
0	0
0	0
0	0
0	0
0	0
0	0
0	0
0	0
0	0
0	1
0	0
0	30
0	0
0	0
0	0
0	0
0	0
0	0
0	0
0	0
0	0
0	0
0	0
0	0
2	0
1	0
0	0
0	0
0	0
0	0
0	0
0	0
0	0
0	129
0	0
0	0
0	118
2	2
0	0
0	0
0	0
0	0
0	0
0	0
1	0
0	0
0	0
0	0
0	0
0	0
0	0
0	0
0	210
3	144
0	0
0	0
0	0
0	0
0	0
0	0
0	0
0	0
0	0
0	0
0	0
0	0
0	0
0	0
0	0
26	1
0	0
1	0
0	0
0	0
0	0
0	0
0	0
0	0
0	0
0	0
0	0
0	0
0	0
1	209
0	0
0	0
0	0
0	0
0	2
0	0
0	0
0	0
0	0
0	0
0	0
0	0
0	0
0	0
0	0
12	228
0	0
0	0
1	0
0	0
0	0
0	0
0	0
0	0
0	0
0	0
0	0
0	23
0	0
0	0
0	60
0	0
0	0
0	0
0	0
0	0
0	0
2	0
0	0
1	0
0	0
0	0
0	0
0	0
0	0
0	0
0	0
0	0
0	0
9	458
0	0
0	0
0	0
0	0
1	0
0	0
0	0
0	0
9	0
1	0
0	0
0	0
0	0
0	0
0	0
0	0
0	0
7	0
9	0
0	0
0	0
1	0
0	0
9	0
0	0
0	0
1	0
0	0
0	0
0	0
0	0
0	0
0	0
0	0
1	0
3	220
0	0
0	0
0	0
0	0
2	0
0	0
6	80
0	0
1	191
0	0
0	1148
2	4
0	0
0	0
12	0
2	0
0	0
0	0
0	0
0	4
0	0
1	0
0	0
0	0
0	0
0	0
0	0
0	0
4	0
1	0
0	0
0	0
0	0
18	92
0	0
0	0
0	0
0	0
0	0
0	0
0	0
0	0
1	0
0	0
0	1
1	0
0	0
0	0
0	85
0	42
2	0
0	0
0	0
0	0
0	0
0	0
0	0
0	0
1	0
0	119
0	0
0	0
0	0
0	760
0	3
0	2
0	0
0	0
0	0
0	0
0	0
0	0
0	0
0	0
1	0
0	0
0	0
0	4
0	0
0	239
3	1496
1	0
0	0
0	0
0	0
0	0
0	0
8	1721
0	0
0	0
0	0
0	7
0	0
0	0
0	0
0	0
0	0
0	0
0	836
0	0
0	0
0	0
0	0
0	0
0	0
0	0
0	0
0	0
0	13
0	0
0	0
0	0
0	0
0	0
0	0
0	0
0	0
0	0
0	0
0	0
0	0
0	0
0	0
0	0
0	0
0	2
0	0
0	0
0	0
0	0
57	0
2	0
0	0
0	0
0	0
0	44
0	0
0	0
0	0
9	4709
0	0
0	0
0	0
0	0
0	0
0	0
0	0
0	0
0	0
0	0
0	0
0	0
0	0
1	22
0	0
0	0
0	0
1	14
0	0
0	0
0	2
0	0
0	0
0	0
0	0
1	0
0	0
0	0
0	0
0	0
0	0
8	0
0	0
0	0
0	0
0	0
0	0
0	0
0	0
0	0
0	0
0	0
3	94
0	0
0	0
0	0
0	0
0	0
0	0
0	0
0	0
0	0
0	0
0	0
0	0
0	0
0	0
0	0
6	0
0	0
0	0
0	5
0	0
2	35
0	0
0	0
0	0
0	0
0	0
0	0
0	0
0	1
0	0
0	0
3	330
1	0
0	0
0	0
0	0
0	0
0	0
0	0
1	0
0	0
0	0
0	0
0	0
0	23
0	0
0	0
1	1
0	0
0	0
1	103
0	0
2	0
0	0
0	0
0	0
0	0
0	0
0	0
1	0
0	0
0	0
2	0
0	0
0	0
0	0
0	0
7	126
0	0
0	0
0	0
0	0
0	0
0	0
0	0
2	0
0	0
0	0
0	0
0	0
0	737
1	11
0	0
0	0
1	0
0	0
8	1035
1	0
0	0
0	0
0	0
0	0
0	0
0	0
0	686
0	0
1	0
0	0
0	0
0	0
0	0
0	65
0	0
0	2
0	0
0	0
0	0
0	0
0	0
0	0
0	0
0	0
0	1
0	0
0	0
0	0
0	0
0	0
5	2
0	0
0	0
0	0
0	25
0	0
0	0
0	0
0	0
0	0
0	0
0	0
0	0
0	0
0	10
0	0
0	0
2	0
0	0
0	3
0	2
0	0
0	0
0	0
0	0
0	0
0	0
1	527
0	0
0	163
0	1
0	0
0	0
0	0
1	0
5	0
0	0
0	0
0	0
0	4
0	0
0	0
0	16
1	0
1	0
0	0
0	0
0	0
1	0
0	0
2	0
0	15
0	0
0	0
0	0
0	0
0	0
0	0
0	0
0	0
0	0
1	0
0	0
0	0
0	0
0	0
1	0
0	0
0	0
0	0
0	0
0	0
0	0
0	0
0	0
0	0
1	0
0	0
0	0
0	0
0	0
0	0
0	0
0	0
0	0
0	0
0	0
0	0
0	0
0	0
1	0
0	0
0	0
0	0
0	0
0	0
0	0
0	0
1	0
0	0
0	0
0	0
0	0
0	0
0	0
0	0
0	0
0	0
0	129
0	18
0	0
0	0
0	0
0	0
0	0
3	0
0	0
0	0
0	0
0	279
0	0
0	0
21	0
3	291
0	0
2	665
0	0
0	0
0	733
0	0
0	0
0	0
0	0
0	0
0	0
0	0
0	1306
0	0
1	1
0	0
0	0
0	0
0	0
0	0
0	0
37	0
34	0
0	0
0	0
0	0
0	2
0	0
0	0
0	350
0	0
0	0
1	1
0	0
0	0
6	0
0	0
0	0
0	0
0	0
0	0
0	0
0	0
0	0
0	0
0	12
0	477
0	93
0	0
0	0
0	0
0	0
0	0
0	0
0	0
1	0
0	0
0	0
0	0
0	0
0	0
0	0
0	0
0	0
0	0
0	0
0	0
0	0
0	0
0	0
0	0
0	0
0	0
1	0
0	0
3	0
0	0
0	0
0	0
0	0
0	0
0	0
0	0
0	0
0	0
0	2
0	0
2	0
0	0
0	0
0	0
0	0
0	0
0	0
1	139
0	0
0	0
0	0
0	0
0	0
0	0
0	0
0	0
0	0
0	0
0	0
0	0
0	0
0	0
0	0
0	0
0	0
0	0
0	0
0	0
0	0
0	3
0	0
0	0
0	0
0	0
8	0
0	0
0	0
1	1
0	0
0	0
0	0
0	0
0	0
0	0
0	0
2	0
0	0
0	0
4	0
0	5281
1	11
0	0
2	17
0	0
0	0
0	0
0	0
0	0
0	0
0	0
0	0
0	0
0	0
0	1
0	0
1	9
0	0
0	0
1	0
0	0
0	0
2	0
0	0
0	0
0	0
0	0
0	0
0	0
0	0
1	103
0	0
1	0
0	0
0	0
281	306
6	1
0	26
0	0
0	0
0	0
0	0
0	0
0	0
0	0
0	0
0	0
0	0
0	0
0	0
0	0
0	0
0	0
1	0
10	828
0	0
0	0
0	0
0	2
0	0
0	0
0	0
0	0
0	0
1	0
0	0
0	0
0	0
1	0
0	0
0	0
0	0
0	0
0	0
0	0
0	0
0	0
0	0
0	0
0	0
0	0
0	0
0	0
0	0
1049	56
1	1
0	0
0	0
0	0
0	0
0	0
0	0
0	0
0	0
0	0
0	0
23	0
0	0
0	0
0	0
2	1
0	0
1	0
0	0
0	0
0	0
0	0
0	305
1	0
0	107
1	0
159	677
0	0
0	0
0	0
0	0
0	0
0	0
0	0
0	0
0	0
0	0
0	2
2	0
0	0
0	0
0	0
0	0
0	0
0	0
0	0
0	0
0	0
0	0
0	0
0	0
0	0
0	0
0	0
0	0
1	1
166	1421
1	0
0	0
2	0
0	0
0	0
0	0
65	104
3	33
0	0
0	0
0	0
0	0
0	0
0	0
0	0
0	0
0	0
0	0
0	0
0	0
0	0
0	0
0	0
0	3
0	0
0	0
0	3
0	0
3	945
0	0
0	0
0	0
0	0
0	0
0	0
0	0
0	0
0	0
0	0
0	0
0	0
0	0
0	0
0	0
0	0
0	0
0	0
0	0
0	1
0	0
0	0
0	0
0	0
0	0
0	0
0	0
0	0
0	0
0	0
0	0
0	0
0	0
0	0
2	24
0	0
0	0
0	0
0	0
0	0
0	0
0	0
0	0
0	0
1	0
0	0
0	0
0	0
0	0
0	0
0	0
0	0
0	0
0	1216
0	0
0	1
0	0
0	0
0	0
0	0
0	0
0	0
0	1
0	0
0	0
0	0
0	0
0	0
0	0
0	0
0	0
0	4
0	0
1	0
0	0
0	0
0	0
0	0
0	0
0	0
0	0
0	0
0	121
0	0
0	0
0	0
0	0
0	0
0	0
1	0
0	0
0	0
0	0
0	0
0	0
0	0
0	0
0	0
0	0
0	0
0	0
0	0
0	0
0	0
0	0
0	0
0	0
0	0
0	0
0	0
0	0
1	4
0	0
0	0
0	0
0	0
0	0
7	2123
0	0
0	0
0	0
0	0
0	0
0	0
46	42
0	0
0	0
2	7
0	0
0	0
1	727
0	0
0	0
0	13
1	0
0	0
0	0
0	0
1	0
0	0
3	4439
1	0
0	0
0	0
0	0
0	0
0	0
0	1
0	0
0	0
0	0
0	0
0	0
0	0
1	0
0	0
0	0
0	0
0	0
0	0
0	0
0	0
0	0
0	3
0	0
0	0
0	0
0	0
0	0
0	9
0	0
0	0
1	0
0	0
0	26
0	0
0	0
120	774
9	0
0	0
1	173
0	3
0	0
2	5
0	0
0	0
0	9
0	0
0	0
0	7
0	0
4	0
0	0
0	0
0	0
0	0
1	0
0	0
0	0
0	0
0	0
0	0
6	570
0	0
0	0
0	0
0	1
0	0
0	0
0	0
0	0
0	0
0	0
2	0
0	0
0	0
0	0
0	0
0	0
0	0
0	0
1	17
0	0
0	0
0	0
0	0
0	0
1	0
0	0
0	0
0	0
1	0
0	0
0	48
0	0
0	0
0	0
0	0
0	0
0	0
1	1433
0	0
0	0
0	433
0	0
1	0
0	0
0	0
0	0
0	2
0	0
1	0
0	0
1	0
0	0
0	0
0	0
0	0
0	0
0	0
0	17
4	5
0	0
0	0
0	0
0	0
0	0
0	0
0	0
0	0
1	0
0	0
0	0
2	0
0	843
0	0
2	0
0	0
0	0
0	0
0	0
0	0
0	0
0	0
0	0
0	0
0	0
0	0
0	0
1	0
0	0
0	0
0	0
0	0
0	0
1	1513
0	0
0	0
1	0
0	0
0	0
0	0
0	0
0	0
0	0
0	0
0	0
0	0
0	0
0	570
12	4358
0	0
1	0
0	0
0	0
1	0
0	0
8	0
5	0
0	0
0	0
5	0
0	0
0	0
2	1
0	0
0	0
0	0
0	0
0	3
0	0
1	4
1	0
0	0
2	0
0	6
1	0
0	2104
0	0
7	12107
0	0
1	0
1	0
1	3
0	0
0	0
0	0
3	4011
0	0
0	0
0	0
0	0
0	0
0	0
0	0
0	0
0	0
0	0
0	0
0	0
2	0
2	0
0	0
0	0
0	0
0	0
6	60
0	0
0	0
0	0
0	0
0	0
0	0
0	0
1	0
0	0
0	0
18	0
0	0
0	0
0	0
3	926
0	0
0	0
0	0
0	0
0	0
1	4
0	0
0	0
0	0
0	0
0	0
0	8
0	0
0	0
0	0
0	0
0	0
0	0
2	3
0	0
0	0
0	0
0	0
0	0
0	0
0	0
1	3954
0	0
0	0
0	0
0	0
0	0
0	15
21	0
0	0
1	0
0	0
0	0
0	0
0	0
6	2155
0	0
1	1228
0	0
0	0
0	0
4	0
0	0
1	0
0	0
0	0
0	0
7	4344
0	0
1	61
0	0
0	0
7	1424
0	0
0	6
0	30
0	0
0	0
0	0
0	0
0	0
0	0
0	0
0	0
0	3818
0	0
24	3704
0	1
0	0
0	0
0	0
0	82
0	7
0	0
0	0
0	0
1	0
0	0
0	0
0	0
0	0
0	0
0	0
0	2
0	0
0	0
0	100
0	0
4	29
0	0
0	0
0	51
0	0
0	0
0	0
0	0
2	0
0	0
0	0
0	0
0	0
0	0
1	0
23	0
0	0
0	0
0	0
0	0
0	0
3	0
0	0
0	0
1	2068
1	21
0	0
0	0
0	0
0	0
0	0
0	0
0	0
0	0
0	0
0	0
0	0
0	0
0	0
0	0
1	0
0	0
0	0
1	0
0	0
0	0
0	0
0	0
0	0
0	0
0	0
38	0
0	1098
0	0
0	1
0	0
0	823
0	0
0	1
0	0
0	0
0	0
0	717
0	0
0	0
1	0
0	0
0	0
0	0
4	0
0	0
1	0
0	0
0	0
0	0
0	0
0	1
0	0
5	29
0	0
0	0
0	3616
0	0
0	0
0	0
2	0
0	0
0	0
1	0
1	0
0	0
1	1
0	0
0	0
0	0
0	0
0	0
0	1074
0	0
0	0
0	0
2	0
0	0
0	0
0	0
0	0
1	0
0	0
0	0
0	0
0	0
0	0
0	0
0	0
0	0
1	36
0	0
0	0
0	0
0	0
0	0
0	19
0	0
0	0
2	0
0	0
1	306
0	0
0	212
0	0
0	0
0	0
0	0
0	0
0	0
0	0
0	0
0	0
0	97
0	0
9	26
0	0
2	10
0	0
0	0
0	0
0	0
0	0
1	0
0	0
0	0
0	0
0	0
0	3138
2	0
0	0
0	0
0	0
0	0
0	0
0	0
0	0
0	0
0	0
2	2
0	0
0	0
0	0
0	0
0	1914
0	0
1	498
0	20
0	86
0	0
0	0
17	0
2	0
0	0
0	0
0	0
0	0
0	0
3	1
1	1
0	0
0	0
2	0
0	0
0	0
0	0
0	0
0	0
0	0
0	0
0	0
0	0
0	0
0	0
0	0
0	0
0	0
0	0
0	0
0	0
0	0
0	0
0	0
0	0
0	157
1	0
0	0
0	0
0	0
0	0
0	0
17	798
0	0
0	0
0	0
0	0
0	0
0	0
0	0
1	0
0	15
0	0
0	0
0	0
0	0
0	0
0	74
0	0
0	0
2	305
0	0
0	15
0	0
0	0
0	0
0	0
0	0
0	0
0	0
0	0
0	0
0	0
0	0
0	0
0	0
0	23
3	1618
0	0
0	0
0	0
0	0
3	0
0	0
6	0
0	0
0	0
0	0
0	0
3	0
7	0
0	0
0	0
5	0
0	0
0	0
1	0
0	0
4	1254
0	0
0	0
0	0
2	0
2	0
0	0
0	3
0	0
0	0
0	8
2	2695
0	0
0	0
0	0
0	0
0	0
0	0
0	0
0	0
0	0
0	0
0	0
0	0
0	0
0	11
0	0
0	0
0	0
0	0
1	0
0	81
0	0
1	0
0	0
0	0
0	1
0	0
0	0
1	0
0	0
0	6
0	0
0	0
0	0
0	0
0	0
0	0
0	0
0	0
0	0
0	0
0	159
0	0
0	0
0	0
0	0
0	0
0	0
0	0
0	30
0	0
1	0
12	49
7	0
1	0
0	0
0	422
0	0
2	0
0	0
0	0
0	0
0	0
982	4823
0	0
0	0
0	0
0	0
0	0
0	0
0	0
0	0
0	0
0	0
0	0
3	26
0	0
0	0
0	0
0	0
0	0
1	0
0	0
8	0
0	0
0	0
0	0
0	0
0	0
0	0
6	141
0	1
0	0
0	0
0	0
0	0
0	0
0	0
0	0
0	0
0	0
0	0
0	0
0	0
0	0
0	0
0	0
0	0
0	0
0	0
0	0
0	0
0	14
0	0
0	3
0	0
0	0
0	0
0	0
0	0
1	6
0	0
5	0
0	0
0	0
1	0
0	0
0	0
0	0
1	205
0	0
0	0
0	0
0	0
0	0
0	0
0	0
0	0
0	0
0	0
0	0
0	9
0	0
0	0
0	11
0	0
0	0
0	0
0	0
0	0
0	0
0	0
0	0
1	0
0	0
0	0
0	0
0	0
0	3825
0	0
0	0
0	0
0	109
0	0
0	0
0	0
0	3
0	0
0	0
0	0
0	0
0	0
0	0
0	0
0	0
0	0
6	285
3	0
0	0
2	116
0	0
0	0
0	0
4	0
0	0
0	0
0	0
0	0
0	0
0	0
0	0
0	0
0	0
0	0
0	0
0	0
0	0
0	0
0	0
0	0
0	0
0	0
0	0
1	854
0	0
0	0
0	0
1	0
0	0
0	0
0	0
0	0
0	0
0	0
0	0
0	0
0	0
0	0
2	0
1	0
0	0
0	0
0	447
1	0
0	0
0	0
1	0
0	0
0	0
1	37
0	0
2	0
0	286
0	0
0	0
0	0
0	3
0	0
0	0
0	0
0	0
0	0
0	0
0	451
0	0
0	455
0	0
0	0
0	0
0	0
0	0
0	0
0	0
0	0
0	34
0	0
0	0
0	0
0	0
0	0
0	0
6	884
0	0
0	0
0	0
0	0
0	0
0	0
0	0
0	0
0	0
0	0
0	0
0	0
0	0
0	0
0	0
5	0
0	0
1	0
0	0
0	0
3	0
0	0
0	0
2	20
0	1
0	0
0	0
0	0
2	0
0	192
0	0
0	0
0	0
0	0
0	0
0	0
4	0
0	0
0	0
0	0
0	0
12	0
0	0
4	1192
0	0
0	0
0	15
0	0
0	0
0	0
0	0
0	0
0	0
0	0
0	0
1	0
0	0
0	0
0	0
0	0
3	0
4	0
0	0
0	0
0	0
0	0
0	0
0	0
0	0
0	0
0	1
0	0
0	0
2	0
0	0
0	0
0	0
0	0
0	0
0	0
0	0
0	0
1	1
0	0
0	0
0	0
0	0
0	0
0	0
0	0
0	0
0	0
0	0
0	0
0	0
0	0
0	0
0	0
0	0
1	0
0	0
0	0
0	0
0	0
2	0
0	0
0	0
0	0
0	0
0	0
0	0
0	0
2	0
0	0
0	0
0	0
0	0
0	0
0	0
0	0
0	0
0	0
0	0
0	0
0	0
0	0
0	0
0	0
0	0
0	0
0	0
0	0
0	0
1	0
0	70
0	0
0	0
1	0
2	94
2	0
0	0
0	0
0	0
0	0
0	0
0	0
0	0
0	0
0	0
1	0
3	0
0	0
0	0
0	0
0	0
0	0
0	0
0	0
0	0
0	0
2	0
0	0
0	0
0	0
0	0
0	0
0	0
0	0
0	9
1	0
0	0
0	0
0	0
0	0
0	0
0	0
0	0
0	8
0	0
0	0
0	0
0	0
0	0
0	0
0	0
0	0
0	0
0	0
0	0
0	0
2	0
2	0
0	0
0	0
1	0
0	0
0	0
3	0
0	0
0	0
0	0
0	0
2	0
0	0
0	0
0	0
1	0
0	1975
0	0
7	0
0	527
0	0
0	0
0	0
0	0
0	0
0	0
1	0
0	0
0	0
0	0
13	700
57	76
0	0
0	0
0	0
0	0
0	12
24	3144
0	0
0	0
4	705
0	0
0	0
1	0
1	0
0	0
0	0
0	0
0	0
1	466
0	0
0	6
0	0
3	0
2	0
7	0
0	0
0	0
0	0
0	0
0	0
0	65
1	0
302	241
0	0
0	0
0	0
0	0
0	0
0	0
0	0
0	0
0	0
0	0
0	0
0	0
0	0
0	0
0	0
0	0
0	0
0	4
2	0
0	0
0	0
3	390
0	0
0	0
0	0
0	0
0	0
0	0
0	0
0	0
0	0
0	13
0	0
160	496
2	0
0	0
0	0
0	0
1	0
0	0
0	0
0	3018
0	0
0	0
0	965
3	0
0	0
0	0
0	0
0	25
0	0
0	0
0	0
0	0
0	0
0	2
0	3
1	1
3	0
1	0
0	202
0	0
0	0
12	0
0	0
2	17
0	0
0	0
0	0
0	0
1	0
0	1
0	0
0	0
0	0
0	11
0	340
0	0
0	0
0	0
0	0
0	0
1	0
1	0
0	0
0	0
0	25
0	3
0	0
0	0
0	0
2	0
0	0
0	0
0	0
1	2
0	0
0	0
0	0
0	0
0	0
0	0
2	0
0	0
0	0
0	0
0	0
0	0
0	0
0	0
0	0
0	0
0	0
0	0
0	0
0	0
0	0
1	0
40	0
0	0
0	0
0	0
1	2
0	0
0	0
0	0
0	0
0	0
0	0
0	0
0	0
0	0
0	0
0	0
0	0
0	0
0	0
0	0
0	0
1	0
0	0
0	0
0	0
0	0
1	0
0	0
0	0
0	2
0	0
0	1
0	0
0	0
0	773
8	0
1	0
0	0
0	0
2	18
0	0
1609	1124
2	0
0	0
0	0
6	667
0	385
0	113
0	0
0	0
0	0
0	0
0	0
213	518
0	0
0	0
0	0
0	0
0	0
0	178
0	0
0	0
0	0
0	0
0	0
0	0
0	0
0	0
0	0
0	0
0	0
0	0
0	0
1	0
0	0
0	0
0	6
0	0
17	0
10	4049
0	0
0	0
0	0
0	0
0	2421
0	0
0	0
0	0
0	0
0	0
0	0
0	0
0	0
1	33
0	0
1	0
7	0
5	1533
0	0
0	0
0	0
0	0
0	0
4	0
0	0
0	2
0	0
0	0
0	0
0	0
0	0
1	0
0	0
0	0
0	0
0	0
1	0
0	0
0	0
1	0
0	0
0	0
0	0
0	0
0	0
0	0
0	52
7	0
0	0
0	0
0	1
1	10
0	0
8	256
0	0
0	0
0	0
0	0
0	0
0	0
0	0
0	0
0	0
7	18732
1	0
0	0
0	0
2	0
0	0
0	0
1	1
0	0
0	0
0	282
0	0
0	0
220	7983
0	0
12	0
1	0
0	0
0	0
0	0
0	0
0	0
0	0
2	0
0	0
0	0
0	0
0	140
0	0
1	0
0	0
0	0
0	0
0	0
0	0
0	0
0	0
0	0
0	0
0	0
0	1491
0	0
0	0
0	0
0	0
0	0
0	0
0	0
0	0
0	0
0	0
0	0
0	0
0	0
0	0
0	0
0	0
0	0
0	0
0	0
0	0
1	0
0	0
0	1
0	0
0	0
0	0
0	0
0	0
0	0
0	0
1	0
1	0
0	0
0	0
0	0
0	0
0	0
0	4
0	0
0	0
0	0
0	0
0	0
0	0
0	0
0	0
0	0
0	0
0	0
0	0
0	0
0	0
1	450
0	0
4	0
1	0
0	0
0	1
0	32
0	0
0	0
0	0
0	0
22	17512
0	0
0	0
0	0
0	0
0	0
1	3050
0	0
0	3
0	0
0	0
0	4
0	0
0	0
0	0
0	0
0	0
0	0
0	0
0	0
0	0
11	4
15	4
0	0
0	0
0	0
0	0
0	0
1	0
0	0
0	0
0	0
0	0
0	0
0	0
0	0
0	0
0	0
0	490
0	0
0	0
0	416
0	0
4	0
0	128
0	0
0	0
0	0
0	0
0	0
0	0
0	0
0	0
0	0
0	0
0	0
0	0
0	0
1	207
0	0
0	0
0	0
1	0
0	0
0	0
0	0
0	0
0	0
0	0
3	0
0	0
2	82
0	0
0	0
0	0
0	0
0	0
0	0
0	0
0	0
0	0
0	0
0	0
2	387
0	0
1	0
3	0
4	0
0	52
0	0
6	2
0	0
0	0
1	0
7	0
0	0
0	0
2	2034
0	0
0	0
0	0
0	0
2	0
0	0
2	0
3	0
0	0
0	0
0	0
0	0
0	0
3	0
0	0
0	0
0	0
0	0
0	0
0	0
0	0
0	0
0	0
0	0
1	0
0	0
0	0
0	0
0	0
0	0
4	6
0	0
0	0
2	10
3	1
0	0
0	0
1	0
0	0
0	0
0	0
1	0
0	0
9	0
0	0
0	0
0	0
0	0
0	0
1	2
2	0
0	0
0	0
3	0
0	0
0	0
0	0
3	65
7	146
0	0
0	0
0	0
143	0
1	0
4	0
0	0
0	1
0	0
2	0
0	13593
1	0
0	0
0	0
0	0
0	0
0	0
0	0
0	0
0	0
0	0
0	0
0	268
0	0
0	0
0	0
1	0
0	0
0	0
0	0
0	0
0	0
5	0
0	66
0	0
0	134
0	169
0	0
16	0
8	13
0	0
0	0
0	0
0	0
0	0
0	1
0	0
0	0
0	0
0	0
0	0
0	6
0	0
0	0
0	0
0	0
0	0
0	0
0	0
0	21
0	0
1	0
5	0
0	0
0	0
0	0
0	0
0	0
0	242
0	0
0	0
0	0
0	0
6	0
1	1
0	0
1	284
0	0
0	0
0	0
0	0
0	0
0	0
0	0
0	0
0	0
0	10
0	0
0	734
0	0
0	0
0	0
0	0
0	0
0	0
1	0
0	2
0	0
0	0
0	0
0	0
0	2272
0	0
0	0
3	951
0	0
0	1
0	0
0	0
0	0
0	0
0	0
0	0
0	0
0	0
4	527
0	0
0	0
0	0
0	0
0	0
0	0
0	0
0	0
0	0
0	0
0	0
0	1
0	0
0	0
0	0
0	0
0	0
0	0
1	21
4	0
0	1
1	0
12	0
0	0
0	0
0	0
0	0
0	0
0	0
0	0
0	0
0	0
0	0
0	0
0	0
0	0
0	1
1	3
0	0
0	0
0	0
0	0
0	0
0	0
0	0
0	0
0	0
1	0
0	0
0	0
0	0
1	0
0	0
1	0
603	130
0	0
0	0
0	0
2	0
0	0
0	0
0	0
1	0
0	0
1	0
0	0
0	0
0	0
0	0
0	1882
0	0
0	0
0	0
0	0
1	0
0	0
3	55
0	0
15	0
0	1128
1	1
0	0
0	0
0	0
0	0
0	0
0	0
0	0
0	0
0	0
1	0
0	0
0	0
0	0
0	0
0	0
0	0
0	0
218	0
0	0
0	0
0	0
0	0
0	63
63	0
0	0
0	47
0	0
0	0
0	0
0	0
1	0
0	0
0	0
4	16
0	55
0	0
0	0
0	7
0	149
0	7
0	0
0	0
0	0
0	0
56	0
0	0
0	0
0	0
3	417
0	0
0	0
0	0
0	0
0	0
1	0
0	0
0	0
0	0
0	0
1	0
0	0
0	0
0	0
0	0
0	0
0	0
0	0
0	0
0	0
0	34
0	0
0	0
0	0
0	0
0	0
0	0
0	0
0	0
0	0
0	0
0	60
0	0
0	0
0	0
0	0
0	1
0	0
0	0
0	0
0	0
0	0
0	0
6	286
0	0
0	0
9	2
0	145
0	0
0	0
0	0
0	0
0	0
0	0
0	0
0	0
0	0
1	6
0	0
0	0
0	0
0	0
0	126
0	0
0	0
0	59
0	0
0	0
0	14
0	0
0	0
0	0
0	62
0	0
0	0
2	0
0	0
0	0
0	0
0	0
0	0
0	0
0	31
0	0
0	0
0	59
26	5
0	0
1	0
0	0
9	1850
0	0
2	0
0	3
2	0
0	0
0	0
0	0
1	0
0	0
0	0
0	0
4	2957
0	0
0	0
1	0
0	0
0	0
0	0
0	0
0	0
0	0
0	0
0	0
0	0
0	0
6	0
1	286
0	218
0	0
1	0
0	0
0	0
0	0
0	0
0	0
3	4109
0	0
0	0
0	0
0	0
0	0
2	0
0	0
0	0
0	0
6	0
12	21
0	9
0	0
0	0
11	1425
1	3
0	0
0	0
0	0
0	0
0	0
0	0
0	0
0	0
0	0
0	0
0	0
0	3
1	0
0	0
2	8
0	0
0	0
0	0
0	0
1	11
0	0
0	0
0	0
0	5
2	0
0	0
0	9
0	0
0	0
0	0
0	0
0	0
0	0
0	18
0	0
0	0
0	43
0	0
0	0
0	0
0	261
0	0
0	0
0	0
0	0
0	0
0	0
0	0
0	0
0	0
0	0
2	0
0	0
0	0
0	0
0	0
1	6
25	78
0	8
0	0
0	0
1	0
4	554
0	0
0	1
4	0
0	0
0	0
0	0
0	0
0	0
0	0
1	7
0	0
0	0
0	0
0	0
0	0
0	0
0	0
0	0
0	0
0	0
0	0
0	0
0	0
8	9
1	1821
0	0
2	0
0	0
0	0
0	0
2	82
0	0
0	0
1	244
0	0
0	0
0	0
0	2091
0	0
0	0
1	0
0	0
0	0
0	0
0	28
0	0
0	0
0	0
0	0
0	0
6	0
0	0
0	0
0	0
0	0
1	1
0	0
0	0
0	0
0	0
0	0
0	0
0	0
0	0
0	0
0	0
0	0
0	0
0	0
0	0
0	0
0	0
1	0
0	0
0	0
0	33
0	0
0	0
0	0
0	0
0	0
0	0
0	0
1	0
0	0
0	0
7	0
0	0
0	0
0	0
0	44
1	0
0	0
13	23
0	0
0	0
0	0
0	0
0	11
0	0
0	0
0	0
0	0
0	0
0	0
0	0
0	0
0	0
0	0
0	0
0	0
0	0
8	217
0	22
0	0
0	0
0	0
0	0
179	74
0	0
0	0
0	0
0	0
0	0
0	0
0	30
0	0
0	0
0	0
0	2
0	0
0	0
0	0
0	0
0	0
0	0
0	0
0	0
0	0
0	0
0	0
0	0
0	0
0	0
0	0
0	0
1	0
0	0
1	0
0	0
2	0
0	5
0	0
0	0
1	0
1	0
0	0
7	608
0	0
0	0
0	0
0	0
0	0
0	0
0	0
0	4
0	0
0	0
0	0
0	0
0	23
0	0
6	3031
0	0
0	0
0	86
3	213
0	0
9	0
0	0
0	0
0	0
0	2
0	0
0	0
0	0
0	0
0	0
0	0
7	0
0	0
0	0
0	0
0	0
0	2
1	0
0	0
0	3
0	0
0	0
0	26
0	0
0	0
0	0
0	450
0	0
0	0
0	21
0	0
0	0
1	1
1	0
0	0
0	2
0	0
1	0
0	0
2	0
0	0
0	0
0	0
0	0
4	0
0	0
1	6
0	0
0	0
0	0
0	0
0	0
0	0
0	0
0	129
0	0
0	0
0	0
0	0
0	0
0	0
0	0
0	0
0	0
0	0
0	35
0	0
0	0
0	0
0	0
0	0
0	0
0	0
0	1
1	0
0	0
0	0
0	0
0	0
2	0
0	0
0	0
0	0
0	0
0	33
0	0
3	0
0	0
0	0
1	0
0	12
0	0
0	2
2	0
0	0
0	2
0	0
2	0
0	0
0	0
0	0
0	0
0	0
0	0
0	4
0	0
1	0
0	0
0	1
0	0
0	5399
1	0
0	1
0	0
1	254
1	0
0	0
0	0
0	0
1	0
8	0
0	0
0	0
23	0
0	0
1	70
0	0
0	0
0	0
0	0
0	0
1	85
0	0
0	0
0	0
0	0
0	0
0	0
0	0
0	0
0	21
0	20
0	0
0	0
0	16
0	0
0	6
0	0
0	0
0	0
1	0
1	8
1	0
1	11
0	0
0	0
0	0
0	0
0	0
0	0
0	0
0	0
0	0
0	0
0	0
0	0
1	0
0	0
0	0
0	0
0	0
0	0
1	0
0	0
0	0
0	0
0	0
0	0
0	10
0	0
0	0
0	0
0	0
0	0
0	0
1	0
1	0
0	0
1	0
0	0
0	0
0	0
6	0
0	0
0	0
0	0
0	0
0	0
0	0
0	0
0	0
0	0
15	10
0	0
0	0
0	0
20	16
0	185
2	17
0	0
0	0
0	0
0	0
0	0
11	0
0	0
0	0
0	0
1	0
2	0
0	28
0	0
0	531
1	0
0	0
0	0
0	0
0	0
0	0
0	0
1	0
0	0
0	0
0	0
0	0
0	19
1	359
1	453
0	0
0	0
0	0
0	0
1	0
0	0
0	0
0	0
0	0
0	0
0	0
0	0
0	0
0	0
0	0
0	0
0	0
0	2
1	469
0	1
0	0
0	0
0	0
0	0
0	0
0	0
0	33
0	0
0	0
0	0
0	0
0	0
0	0
0	0
0	0
0	0
0	0
0	0
0	0
0	0
0	5
0	0
0	0
0	0
0	0
0	0
0	0
0	0
0	0
0	0
0	0
0	0
1	221
0	0
3	0
0	0
0	0
0	0
0	0
0	0
0	0
3	0
0	0
0	0
0	52
0	0
0	52
0	0
0	0
1	32
0	0
0	48
0	989
0	0
29	0
0	0
0	5
0	0
0	0
0	0
0	0
0	0
3	12
0	0
0	0
0	0
0	0
0	0
0	0
0	0
0	0
0	0
10	0
0	0
0	0
241	285
0	0
0	0
0	0
0	0
0	0
0	0
0	0
0	0
0	0
0	0
0	0
0	0
0	0
0	0
2	2656
0	0
1	10
3	0
0	0
0	0
0	0
0	0
0	0
0	0
0	0
0	0
6	0
0	0
0	0
0	0
0	0
0	0
0	0
0	0
0	0
0	0
0	0
0	0
0	0
0	0
0	0
0	0
0	0
0	0
0	0
0	0
0	0
0	0
0	0
0	0
0	0
0	0
0	0
0	0
0	0
2	0
0	0
0	0
0	0
0	0
0	0
0	5
0	0
0	0
1	0
0	0
0	0
0	0
0	0
0	202
0	0
0	0
0	0
0	0
0	0
0	0
0	0
0	0
0	0
0	0
0	0
0	0
0	0
0	0
0	0
0	0
0	0
0	0
0	0
0	0
0	0
0	0
1	0
0	0
0	0
0	1
0	121
0	0
0	0
0	0
0	0
0	0
1	0
0	0
0	0
0	0
0	0
0	0
0	0
1	0
0	0
2	0
0	0
0	0
0	0
0	0
0	0
0	0
3	1366
0	0
0	0
7	288
0	0
0	0
0	0
0	0
0	116
0	0
0	0
0	0
0	0
0	1
1	0
1	0
0	0
0	0
2	0
0	0
0	0
0	0
1	18
0	0
3	7
0	0
0	0
1	0
0	0
0	2
0	0
0	0
0	0
0	0
27	0
0	0
0	1035
0	0
0	0
0	0
0	0
1	0
1	0
0	0
0	0
0	0
0	0
0	0
0	0
0	0
0	0
0	0
0	0
2	0
0	82
0	0
0	0
0	0
0	1
0	0
0	0
0	0
0	0
0	0
0	0
0	0
0	0
0	589
0	0
0	0
0	0
1	0
0	0
0	0
0	0
0	0
0	0
0	0
0	0
0	0
0	0
0	0
0	0
0	0
0	0
0	0
0	0
0	0
0	0
7	60
0	0
0	0
0	0
0	0
0	202
1	0
0	0
0	0
1	9
0	0
0	0
0	0
4	0
0	0
0	1599
0	0
0	0
0	0
0	0
0	0
0	0
0	0
0	0
0	0
0	0
0	0
0	0
0	0
0	0
0	0
0	0
0	3
0	0
0	0
0	0
0	0
0	0
0	0
0	0
0	0
0	1
0	0
0	0
0	298
0	0
0	0
0	0
0	0
10	0
1	0
44	0
1	0
1	0
1	0
0	0
29	0
0	0
0	0
0	0
0	0
0	0
0	0
0	0
0	0
2	0
0	0
0	0
0	0
0	0
0	0
0	12
8	122
0	0
0	0
0	0
0	0
1	0
0	0
0	0
0	0
0	0
0	0
0	0
0	3
0	0
0	0
0	0
0	0
1	0
0	0
0	0
0	0
0	0
0	0
1	0
0	0
0	0
0	3
0	0
0	0
1	0
0	0
0	8
0	0
0	0
0	0
0	0
0	0
0	0
0	0
5	500
0	0
1	0
1	1
0	2
0	0
0	0
0	328
0	0
0	0
0	0
0	0
0	0
1	202
0	0
0	0
0	0
0	0
0	0
2	0
1	4
0	0
0	0
0	0
0	0
0	0
0	0
0	0
0	124
0	0
0	0
0	0
0	194
0	0
0	0
0	0
0	0
0	0
0	0
0	0
1	113
2	82
0	0
0	0
2	0
0	0
0	0
0	0
0	0
0	0
0	0
0	0
0	0
0	0
1	10
0	0
2	0
3	506
3	0
0	28
0	0
0	0
0	0
0	0
0	2
0	0
5	4840
0	0
0	0
0	1
0	0
1	0
0	53
0	0
0	0
0	0
0	0
0	0
0	0
0	0
1	0
0	0
0	6
1	0
0	0
0	0
0	0
0	3
0	0
0	0
0	0
0	0
0	0
0	0
0	0
0	0
0	0
0	3
0	0
0	0
0	0
0	0
0	0
0	0
0	0
0	0
0	0
0	0
0	0
0	0
0	1
0	0
0	0
0	0
0	0
0	0
0	0
0	0
2	0
0	0
1	0
4	0
0	0
0	0
0	0
0	0
0	0
4	0
0	0
0	0
0	0
0	0
0	0
0	0
0	0
0	0
0	0
0	0
0	0
0	0
0	0
1	2953
0	0
0	0
0	0
0	0
0	0
0	0
11	0
0	0
3	357
0	0
0	0
0	0
0	0
0	0
0	0
0	0
3	7
0	0
4	0
0	0
0	0
0	0
0	0
0	9
0	0
0	0
0	502
0	0
0	11
0	0
0	0
0	0
0	0
0	0
0	44
0	0
11	19
0	0
0	0
0	3547
0	0
0	0
0	0
0	0
0	0
0	0
0	12
0	0
0	0
0	0
0	0
0	0
0	0
0	0
0	0
0	0
0	0
0	0
0	0
0	0
0	0
0	0
0	0
0	2
0	0
0	0
0	0
0	0
0	0
0	0
0	0
14	16904
0	0
0	0
0	20
4	0
0	150
0	2
0	0
0	0
0	0
0	0
0	779
3	0
0	0
0	0
0	0
0	1
0	0
0	0
0	0
0	0
0	0
0	0
0	0
1	1
0	1
0	0
0	0
0	0
0	0
0	0
0	0
0	0
0	0
0	0
0	0
0	0
0	0
0	0
0	658
0	0
0	0
1	7
3	0
0	0
0	0
0	0
0	0
0	0
518	2
0	0
0	6
0	0
0	221
0	0
0	0
0	0
0	0
0	0
0	0
0	0
0	0
0	0
0	0
0	337
0	0
0	0
0	0
0	0
0	25
0	0
0	0
0	0
0	0
0	0
0	0
0	0
0	0
0	0
0	0
0	0
0	0
0	0
0	0
0	0
0	0
0	0
0	0
0	2147
0	0
0	0
0	0
0	0
0	0
0	0
0	0
0	0
0	0
0	0
9	27
0	0
0	0
1	372
0	0
0	0
0	0
0	0
0	0
0	0
0	0
0	0
0	0
0	0
0	1
0	0
0	0
0	0
0	0
0	0
0	0
0	0
0	0
0	0
0	0
0	0
0	0
0	0
0	0
0	0
0	0
0	0
0	0
0	0
0	63
0	0
0	0
0	0
0	0
0	0
0	0
0	0
0	0
0	0
0	0
0	0
0	0
0	0
0	1
0	0
1	31
0	0
0	0
0	0
0	0
2	6
0	0
0	0
0	4
0	0
0	0
0	0
0	0
0	0
0	0
0	0
0	0
0	105
0	0
4	878
0	0
0	0
1	567
0	0
6	0
0	2972
0	23
0	0
0	0
1	82
0	2
1	174
0	0
0	0
0	0
0	0
0	0
0	0
1	0
0	0
0	0
0	0
0	0
4468	6827
0	0
0	0
0	0
0	0
1	1
0	0
0	30
0	0
4	0
1	0
0	0
0	0
0	0
0	0
0	0
0	0
0	0
0	0
0	0
0	0
2	1
137	0
0	0
0	0
1	0
0	0
0	0
0	0
0	0
0	0
0	0
0	0
7	2017
0	0
0	0
0	0
0	0
0	0
0	0
0	0
0	0
0	0
0	0
0	0
0	2
0	0
0	0
0	0
0	0
0	0
0	0
0	0
0	0
0	0
0	0
0	0
0	0
0	0
0	0
0	0
0	0
0	7756
12	3
0	0
6	0
0	0
0	0
0	0
5	909
0	0
0	0
0	0
0	0
0	0
0	0
0	0
0	0
2	0
1	0
0	0
0	0
3	0
1	0
0	0
0	0
0	0
4	3821
0	252
2	1340
0	0
0	0
0	0
0	0
1	657
0	0
0	0
1	0
0	0
0	0
0	0
1	0
0	0
0	0
0	0
0	2
0	0
0	0
0	0
0	0
0	0
0	0
0	0
0	0
0	0
2	3
0	0
0	0
0	0
3	0
0	0
0	0
1	0
0	0
0	0
0	0
0	0
0	0
0	0
0	0
0	0
0	0
0	71
0	0
0	0
0	0
0	0
1	0
0	0
0	0
1	8
1	0
4	0
0	0
0	0
0	0
0	0
0	0
0	1
2	49
0	0
0	0
0	0
0	0
0	0
0	0
0	0
0	0
0	0
0	0
0	0
0	0
0	0
0	0
8	0
0	0
1	11
0	0
0	0
0	0
0	0
0	0
0	0
0	0
0	0
0	0
0	0
0	0
0	0
0	0
2	0
0	0
0	0
1	0
0	0
25	25535
0	0
0	0
0	0
0	0
0	20
0	0
177	35
0	0
0	0
0	0
0	0
0	0
0	0
0	0
0	0
0	0
0	0
0	0
0	0
10	0
0	0
2	5
3	0
0	0
0	0
0	0
0	0
0	61
0	0
0	0
0	1
0	0
2	0
0	272
0	0
0	0
0	2199
0	0
0	0
1	28
0	0
0	0
0	0
7	0
0	0
0	0
0	0
0	0
0	0
1	3
0	0
0	0
0	0
0	0
0	0
0	2089
0	0
0	0
0	0
1	203
0	0
0	0
0	0
0	2
0	0
0	0
0	0
0	0
0	0
0	0
0	0
0	0
0	0
0	0
0	0
0	0
0	0
0	0
0	0
0	0
0	0
0	0
5	94
0	0
0	0
2	0
0	0
0	0
0	0
0	0
0	0
0	0
0	0
0	0
0	0
1	0
1	0
0	0
0	0
0	0
0	0
0	0
0	0
0	0
0	0
4	0
2	0
0	0
0	0
0	0
0	0
2	423
0	0
5	0
0	0
0	0
0	0
0	0
0	0
1	134
1	7
7	0
1	0
0	0
0	0
0	0
1	0
0	0
0	0
0	0
0	0
0	0
0	0
0	0
0	0
0	0
0	0
3	0
0	0
0	0
0	0
0	0
0	0
0	0
0	0
0	0
0	0
0	0
0	0
3	0
0	0
7	0
0	0
3	0
0	29
0	0
0	0
1	0
0	0
1	1
0	0
3	0
0	0
0	0
0	0
0	0
0	0
0	0
11	1
0	0
1	0
0	0
0	0
0	0
0	0
0	0
0	0
0	0
0	0
0	0
0	0
2	2320
0	0
0	0
0	0
0	0
0	14
0	0
0	0
0	0
0	0
0	0
1	0
0	0
0	0
5	126
0	0
3	0
0	0
0	0
0	0
0	0
0	0
0	0
0	0
0	0
0	0
0	0
0	0
0	0
0	0
0	0
0	0
0	0
0	0
0	0
0	0
0	0
0	0
0	0
0	0
0	8
1	0
0	0
0	0
0	0
0	0
0	0
0	0
0	0
0	0
0	0
1	0
0	0
2	0
1	49
0	0
0	0
0	0
0	0
0	0
0	0
0	0
0	0
0	0
0	0
0	0
0	0
0	2
0	0
0	0
0	0
0	0
0	7
0	0
0	0
0	0
0	0
2	0
0	0
0	0
0	0
0	0
0	0
0	0
0	0
0	0
0	0
0	0
2	0
1	0
0	0
1	0
0	0
2	0
1	0
0	0
1	0
0	0
0	0
3	10
1	36
0	0
0	0
0	0
0	0
0	3
0	0
0	189
1	0
0	0
5	192
0	0
0	0
1	0
0	0
0	0
0	0
0	0
0	0
0	0
0	2
0	0
0	0
0	0
0	0
0	0
0	0
0	0
0	0
0	0
0	0
0	31
4	2091
0	0
0	0
0	0
0	0
0	0
0	0
0	0
0	0
0	0
0	0
0	0
0	0
0	0
0	0
0	0
0	1
0	0
0	0
0	0
0	0
0	0
0	0
0	0
0	0
0	0
0	0
0	0
0	0
0	0
0	0
0	0
0	0
0	1
0	0
0	0
0	0
0	0
0	0
2	0
1	0
0	0
1	11
0	0
1	0
2	0
0	0
0	0
0	0
0	0
0	0
0	0
0	0
0	0
0	0
0	24
0	0
0	0
0	0
0	0
0	0
0	0
0	0
0	0
0	0
1	0
0	0
0	0
0	9
0	0
0	0
0	0
1	551
0	0
0	0
13	861
0	0
0	0
0	0
0	0
0	0
0	0
0	0
0	0
1	0
0	0
0	0
0	2779
0	0
0	0
0	0
0	295
0	0
0	297
0	0
3	0
0	0
0	0
0	0
0	0
1	0
0	0
0	0
0	0
0	0
0	0
0	0
3	7
0	0
0	0
0	6
0	0
1	0
0	0
0	0
0	0
0	0
0	0
0	0
0	0
0	0
0	0
0	0
0	0
0	0
0	0
0	0
0	0
0	0
0	0
0	0
0	0
0	0
0	0
1	0
0	0
1	0
0	0
0	0
0	0
0	0
0	0
0	0
0	0
0	0
0	0
0	0
23	0
0	0
0	0
0	0
0	0
0	0
1	0
3	0
0	0
35	18717
0	0
0	0
0	0
0	0
0	0
0	0
0	0
0	0
0	0
14	4
2	0
0	0
0	0
0	0
0	0
0	0
0	0
0	0
6	0
0	0
0	0
0	0
0	0
0	0
0	0
0	0
0	0
0	0
0	0
0	0
1	0
0	0
0	0
0	0
1	32
16	0
53	18
1	0
0	0
0	0
0	0
0	0
45	79
0	0
0	0
0	0
1	0
0	0
0	0
0	0
0	0
0	0
0	0
0	0
0	0
0	0
0	0
0	0
0	0
0	0
0	0
0	0
35	0
0	0
0	0
0	0
0	0
0	1
0	0
0	0
2	0
0	0
0	0
0	0
0	0
9226	23216
0	0
0	0
0	0
0	0
0	0
0	0
0	0
0	0
0	0
0	0
2	7
0	0
1	0
35	0
0	123
0	0
0	0
0	0
0	0
0	0
0	0
0	0
0	0
0	0
0	0
0	0
3	2
0	0
0	0
0	0
0	0
0	0
0	0
0	0
0	0
0	0
0	0
0	0
0	0
0	0
0	0
0	0
0	0
2	30
17	1829
0	0
0	0
0	0
0	0
0	0
5	1568
0	0
0	0
0	43
0	9
0	0
0	0
0	0
0	0
1	0
0	0
0	572
0	0
0	27
1	0
0	0
0	0
0	0
0	0
3	0
7	10043
0	0
0	0
0	228
0	0
0	0
1	0
0	0
0	0
1	0
0	0
0	0
0	0
0	0
0	0
0	0
0	0
0	0
0	0
0	0
0	212
0	0
0	0
0	0
0	0
0	0
0	0
3	0
0	0
3	200
0	0
0	57
0	0
0	0
0	0
0	0
0	0
0	0
3	0
0	0
0	0
0	0
0	0
0	0
0	0
2	0
0	0
0	0
0	0
35	15
0	0
0	0
8	15
0	0
0	0
38	139
1	0
0	0
0	0
0	0
1	1
0	4
0	0
0	0
0	0
0	0
2	0
0	0
0	0
0	0
0	0
1	0
1	0
0	0
0	0
2	0
0	0
0	0
0	0
0	0
0	0
0	0
0	0
0	0
0	0
0	0
0	20
0	0
0	0
0	0
0	0
0	0
0	271
0	0
0	0
0	0
0	0
0	0
0	0
0	0
0	0
2	0
0	0
0	0
0	0
0	0
0	0
0	0
0	0
0	0
0	0
0	1
0	0
0	0
0	0
0	0
0	0
0	0
0	0
6	0
0	0
0	0
0	0
0	158
0	0
0	0
0	0
9	0
0	0
0	0
0	0
0	0
8	2
0	0
4	1246
0	0
0	0
0	0
0	0
0	0
0	0
0	0
0	0
0	0
0	0
0	0
0	0
0	0
0	0
0	0
0	0
0	0
0	0
0	0
0	0
1	0
1	0
0	0
0	0
0	0
0	0
4	973
0	0
0	0
1	323
0	0
0	0
0	0
0	0
0	0
0	33
0	0
2	0
0	0
0	0
0	0
0	0
0	0
0	0
0	0
0	0
0	0
2	213
0	0
0	0
1	0
0	0
0	0
0	0
0	0
0	0
0	0
0	0
0	0
0	0
8	0
0	0
0	0
0	0
0	0
0	0
0	0
0	0
0	0
0	0
0	0
0	0
3	0
0	0
0	0
0	0
0	0
0	0
1	114
0	0
1	0
0	6
0	0
0	0
0	0
0	0
0	0
0	0
0	0
0	0
0	0
0	0
0	0
0	0
0	0
0	0
0	0
0	0
0	0
0	0
0	0
0	0
0	0
0	0
0	0
0	0
0	0
0	0
0	0
0	0
0	1
0	0
0	0
2	0
0	0
0	0
0	0
0	0
0	0
0	0
0	0
2	0
0	0
0	0
0	0
0	0
1	198
46	281
0	0
0	0
0	0
0	0
0	0
0	0
0	0
0	0
0	0
0	0
0	0
0	0
4	66
0	0
0	0
0	5134
0	0
0	0
0	0
0	0
0	0
0	0
0	0
0	0
0	0
0	0
0	0
0	392
0	0
0	0
0	0
0	0
0	0
0	0
0	0
0	0
1	0
0	0
0	0
0	0
0	0
0	0
0	0
30	13
0	0
0	12
39	0
2	0
3	0
9	0
2	0
0	0
0	0
0	0
0	0
0	0
0	0
0	0
0	0
0	0
0	0
0	0
0	0
0	0
0	0
0	0
2	4
3	0
0	152
0	0
0	0
0	0
0	0
0	0
0	0
1	1
0	0
1	444
0	0
0	0
0	0
0	0
0	1
1	0
10	3163
0	0
0	0
0	0
0	0
0	0
0	0
0	0
28	0
0	0
0	7
0	697
2	0
0	0
0	0
4	92
0	0
0	0
5	0
2	0
0	0
0	0
0	0
0	0
0	0
0	0
0	0
4	0
0	0
0	0
7	3738
0	0
0	0
0	0
0	0
0	0
0	0
0	0
0	0
0	0
0	0
0	0
0	0
0	0
2	0
1	119
0	0
0	0
0	0
0	0
0	0
0	0
0	0
0	0
0	0
0	5
1	0
39	19
0	0
0	0
1	0
0	0
0	0
0	0
0	0
0	0
2	0
0	0
0	0
0	0
0	0
0	0
0	0
2	60
0	79
0	0
0	0
1	5
0	0
4	0
1	3
0	0
0	0
0	0
0	0
0	0
0	0
0	0
0	0
0	0
0	0
1	0
0	0
0	0
0	0
3	286
0	0
0	630
1	40
1	27
3	289
0	78
0	0
3	0
0	28517
0	0
0	0
0	0
0	0
1	0
4	13
0	0
0	0
0	0
56	26
0	0
0	0
0	0
0	0
0	0
4	0
0	0
0	0
0	0
0	0
0	0
0	0
0	0
6	0
23	0
7	0
0	0
0	0
0	0
0	0
2	0
0	0
0	0
0	0
0	0
0	0
3	0
2	172
0	0
0	0
0	0
1	0
0	0
0	0
0	0
0	0
2	0
0	0
0	0
0	0
1	0
0	0
0	0
0	79
0	0
0	0
0	0
0	0
0	0
0	0
0	0
0	17
0	0
0	0
0	0
0	0
0	0
0	0
0	0
0	0
0	0
0	0
0	0
0	0
0	0
1	9
0	0
0	0
0	0
0	0
0	0
0	0
0	0
0	0
0	0
0	0
4	0
0	0
0	0
0	0
0	0
0	0
0	0
0	0
0	0
3	1
2	0
36	5
0	0
0	0
0	0
0	0
0	0
0	0
0	1
0	5
1	858
0	0
0	0
0	0
0	0
0	0
0	374
0	0
1	0
0	0
0	51
0	0
0	0
1	0
0	0
0	0
0	0
0	0
0	0
0	0
0	0
1	6
0	0
1	55
0	0
0	0
0	0
0	0
0	0
1	0
0	0
0	0
0	0
0	0
0	0
0	3
0	0
0	0
0	0
0	0
2	100
0	0
0	0
0	0
1	0
0	0
0	0
0	0
0	0
0	0
0	0
0	0
1	214
0	0
0	0
0	0
0	0
0	56
0	0
0	0
0	0
0	0
0	0
0	152
0	0
0	0
0	0
0	0
2	0
0	0
0	0
5	0
0	0
0	0
0	0
0	0
0	0
0	0
4	0
1	0
0	0
0	0
0	0
0	0
0	10
0	0
0	0
0	0
0	0
0	0
0	0
0	93
0	0
0	1
0	1
0	0
0	0
0	0
0	0
0	0
0	0
0	0
0	0
0	0
0	0
0	0
0	0
0	0
0	0
0	28
0	0
0	0
1	15
1	0
0	0
0	0
0	0
1	156
0	4
0	0
0	0
0	0
0	0
0	0
0	0
0	0
0	0
0	0
0	0
0	0
0	0
0	0
0	0
0	0
0	0
0	10859
2	3
0	0
0	0
21	8
1	0
0	0
0	0
0	0
0	0
0	0
0	0
0	0
0	0
0	0
0	0
0	0
0	63
0	0
0	0
0	3
0	0
0	11
1	0
0	0
7	5939
0	0
0	0
0	0
0	0
0	0
0	0
0	0
0	0
0	0
3	0
0	0
20	1437
0	0
0	0
0	0
0	0
5	0
0	15
0	0
0	0
7	0
0	0
0	0
0	0
1	0
1	0
0	0
0	0
1	0
0	2
0	0
0	0
0	0
0	0
0	0
0	0
2	0
0	0
0	0
0	0
0	0
0	0
0	1
0	0
0	0
0	0
0	0
0	0
0	0
0	0
0	0
0	0
0	0
0	0
0	0
0	6
0	0
0	0
0	0
0	0
0	0
0	0
0	0
0	0
0	0
0	0
0	0
0	0
0	0
0	0
0	0
0	0
0	0
0	0
0	0
0	0
0	0
0	0
0	0
3	8
0	0
0	0
0	0
0	0
0	0
0	0
0	2893
0	0
1	0
0	69
0	0
0	0
0	0
0	0
0	5
0	0
0	0
0	0
0	0
7	0
0	0
0	0
0	0
0	0
0	0
0	0
0	0
0	0
0	0
0	0
1	0
0	0
0	0
0	32
0	0
0	0
0	0
0	0
0	0
0	0
0	17
0	0
0	0
0	0
0	0
0	0
0	0
0	0
0	0
0	0
2	0
0	0
1	6
0	0
0	0
0	0
0	0
0	0
0	0
0	0
1	0
0	0
0	0
4	2
0	0
0	0
0	0
0	0
0	0
0	2
0	0
0	0
0	0
0	0
0	0
0	0
0	0
0	0
0	1
1	0
0	0
0	0
0	0
0	0
0	0
2	0
0	2
0	0
0	0
0	0
0	0
0	0
0	0
2	24
0	0
0	13
0	0
0	0
0	0
0	0
2	20
0	0
0	0
0	0
0	0
0	0
3	3503
0	0
3	11410
0	0
0	0
0	0
0	0
0	0
0	0
0	0
0	0
0	0
1	429
0	0
0	0
0	0
0	0
0	0
5	0
0	0
0	0
0	0
0	986
0	0
0	0
1	4
0	0
0	0
4	28
0	0
0	0
0	0
0	0
0	0
0	0
0	0
0	0
0	0
0	0
0	0
0	0
0	0
0	0
0	0
0	1
0	0
0	0
0	0
0	0
1	0
2	23
0	0
0	0
0	0
0	0
0	0
0	0
0	15
0	0
0	15
0	0
1	28
0	0
0	0
0	0
0	0
0	0
0	0
0	0
0	0
0	0
0	0
0	0
0	0
0	0
0	0
0	0
1	0
0	0
0	0
0	0
0	0
0	0
0	0
0	0
0	94
0	0
0	0
0	0
0	0
0	0
0	0
0	0
1	0
0	0
0	0
0	0
0	0
0	0
0	0
0	0
0	0
0	0
0	0
0	0
0	0
2	0
0	0
0	0
0	0
0	0
0	0
0	0
3	0
0	0
0	0
0	0
0	0
0	0
0	0
0	0
2	0
0	0
0	0
1	0
0	0
0	0
0	0
0	0
0	130
14	30
0	17
0	37
0	5
0	0
0	2
1	0
0	0
0	0
0	0
0	0
0	0
0	0
0	0
0	0
0	0
0	0
0	0
0	0
0	0
0	0
0	0
0	0
0	0
0	0
0	0
9	0
0	0
0	0
1	1622
0	0
0	0
0	0
0	5
0	0
0	0
0	0
0	0
0	0
5	7
0	0
0	0
0	0
0	0
0	0
0	0
0	0
0	0
0	0
0	86
0	0
0	0
0	0
0	385
0	0
0	0
0	0
0	0
0	0
0	0
0	0
0	0
0	0
0	0
0	0
0	0
0	0
0	0
0	0
0	0
0	0
0	7
0	4
13	0
0	0
0	0
0	0
0	0
1	10
0	0
1	0
0	0
0	0
0	0
0	0
0	0
2	0
0	0
0	0
0	0
0	0
0	408
0	0
0	0
1	0
0	0
1	0
0	0
0	0
0	0
0	0
0	0
0	0
0	0
0	0
0	0
0	0
0	0
0	0
0	0
6	286
1	0
0	0
0	1
0	0
0	0
2	0
0	0
0	0
0	0
0	0
0	0
0	0
0	0
0	0
0	0
0	0
0	0
0	0
4	7
0	1
0	0
0	0
0	0
0	0
2	0
0	0
0	0
0	0
164	220
0	0
0	0
0	0
0	0
0	0
0	0
0	0
0	0
0	0
0	0
0	0
0	3
4	0
0	0
0	0
0	0
0	0
0	0
0	0
12	159
0	0
0	0
0	0
0	0
8	0
0	0
0	1
1	3
0	0
0	0
22	0
0	0
0	0
0	0
0	0
0	0
0	0
0	0
0	0
0	0
2	0
32	1
0	3
176	0
0	0
532	275
0	0
0	0
0	3
0	0
0	0
0	0
1	0
0	0
0	0
8	260
3	0
0	0
0	0
0	0
0	0
0	0
1	0
0	0
0	0
0	0
0	0
0	0
0	0
0	266
0	0
12	0
4	69
0	0
0	0
0	0
0	0
0	0
0	0
0	0
0	0
0	0
0	0
0	0
0	0
0	0
1	241
0	0
0	0
0	0
0	1
2	2
0	0
0	0
967	36918
0	0
0	0
0	0
0	0
0	0
0	0
0	0
0	0
0	0
0	0
0	0
0	0
0	0
0	0
0	0
0	0
0	0
0	0
0	0
0	0
0	0
0	0
3	0
2	0
21	0
0	0
0	0
0	0
4	0
0	0
0	0
0	0
0	0
0	0
1	0
0	2
0	0
0	0
0	0
0	0
0	0
0	0
0	0
3	0
0	0
1	1
0	0
0	0
0	0
0	0
3	1
2	0
0	0
1	0
2	5197
0	0
0	0
0	0
0	0
0	0
0	0
0	0
0	0
0	0
0	0
0	0
0	0
0	0
0	0
0	0
0	0
0	0
0	0
0	0
0	0
0	0
0	0
0	0
0	1
0	0
0	0
0	0
0	0
0	0
0	0
1	0
0	0
0	0
0	0
0	0
1	0
0	0
0	0
0	0
0	0
0	0
14	0
0	0
0	0
0	0
1	36
0	0
0	0
1	0
0	0
0	50
0	5
0	0
3	5
0	0
0	0
0	0
0	0
0	0
0	0
0	0
0	0
0	0
0	0
0	0
0	0
0	0
1	0
0	0
0	0
0	0
0	0
0	0
0	0
0	0
0	0
0	0
0	0
12	918
0	0
0	0
0	0
0	352
0	0
0	0
0	0
0	0
0	0
0	0
0	0
0	0
0	0
0	0
0	0
0	0
0	0
0	3
0	0
0	0
0	0
0	0
0	0
0	0
0	0
0	0
0	0
0	0
0	0
0	0
0	0
1	0
0	0
4	1385
0	0
0	0
0	0
0	0
0	0
0	0
0	9
6	2
0	0
2	1
2	0
0	0
0	0
0	0
0	0
0	0
0	0
0	0
0	0
0	0
0	0
0	0
0	0
1	0
0	30
0	0
0	2
0	0
0	0
0	0
0	0
0	0
0	0
0	0
0	411
0	0
0	0
0	0
1	23
0	0
0	0
0	0
0	0
0	0
0	0
0	0
0	0
0	0
0	0
0	0
0	0
1	13
0	0
0	0
0	0
0	0
2	0
0	0
0	0
0	0
0	0
0	0
3	0
0	0
0	0
0	0
0	0
0	0
941	941
0	0
0	0
0	0
0	0
0	0
0	0
1	0
0	0
0	0
2266	19
0	0
0	0
0	0
0	0
0	0
0	0
1	8
0	0
0	0
0	0
0	0
0	0
0	0
0	0
0	0
0	0
0	0
0	0
0	0
0	0
0	0
1	0
0	0
1	3
0	0
0	0
0	0
0	0
0	0
0	0
1	0
0	0
0	0
3	0
0	0
2	0
0	0
0	0
0	1
0	0
0	0
0	0
0	0
24	51
0	0
0	0
0	0
5	0
0	0
0	0
0	0
0	0
0	78
1	0
0	0
0	1
0	1
0	0
0	0
11	829
3	148
0	0
0	0
0	0
0	0
0	0
0	0
0	0
0	0
0	0
0	0
0	0
0	0
0	0
0	0
0	0
0	0
0	0
0	0
0	1
5	8
0	0
0	0
0	25
0	0
0	0
0	0
0	0
0	0
0	0
0	0
0	0
0	0
0	0
0	0
0	0
0	0
0	0
0	0
0	0
0	0
0	0
0	0
0	2
1	0
0	0
0	0
0	0
0	0
0	0
0	0
0	0
1	0
0	0
0	0
12	126
0	2
1	1
0	0
0	0
0	0
0	3
0	1
0	0
0	13
0	0
0	0
3	0
0	0
0	0
0	0
0	0
0	0
0	0
0	0
0	0
1	0
0	0
0	0
0	0
0	0
0	0
0	0
2	75
0	0
1	0
0	0
0	0
0	0
0	0
0	0
0	0
2	0
0	0
1	0
0	0
0	0
0	0
0	0
0	0
0	0
0	0
0	0
0	0
0	0
0	0
0	0
0	0
0	0
0	76
0	0
0	0
0	0
0	0
0	0
0	0
4	1
0	0
0	0
0	0
0	0
0	0
0	0
4	9
0	0
1	225
0	0
0	4
0	0
0	0
0	0
0	0
0	14
0	0
0	0
0	0
0	0
0	0
0	0
0	0
0	0
0	0
14	0
0	0
0	0
0	0
0	0
0	0
0	0
7	17
0	0
0	0
0	10884
0	0
1	0
0	0
0	0
0	0
0	0
0	0
0	0
0	0
0	0
0	0
2	0
0	0
0	0
0	0
0	663
1	8
0	0
0	0
0	0
0	108
0	2
0	0
0	1
2	0
0	0
0	0
0	0
0	0
0	0
0	0
0	0
0	5
0	100
0	0
3	3
0	0
0	0
0	0
2	0
0	0
0	0
2	0
0	0
0	0
1	0
0	0
0	0
2	51
0	0
0	0
0	0
2	15
0	0
1	795
0	0
0	0
2	0
0	0
0	0
0	0
0	0
0	0
0	25
0	0
0	0
0	0
0	417
0	0
0	0
0	0
0	0
1	0
0	0
0	0
16	0
2	0
0	0
0	0
0	0
0	0
0	0
0	0
0	0
0	0
0	0
0	0
0	0
0	0
0	0
0	0
0	0
2	1
0	222
0	0
0	0
0	0
0	0
4	0
23	0
0	0
2	8
0	0
0	0
5	15
1	0
0	0
0	0
0	0
2	0
0	1
0	0
0	0
0	0
0	0
0	9
5	9
0	9
0	0
0	32
0	0
0	0
0	6
0	0
0	0
0	7
0	0
9	5
0	0
0	0
0	0
2	4240
0	0
0	0
0	26
6	26
0	0
0	0
0	0
2	0
0	254
0	0
0	0
0	0
0	28
0	0
0	0
0	0
0	0
0	0
0	0
0	0
0	0
0	0
0	0
0	0
12	3299
0	0
0	0
0	0
1	0
0	0
0	0
0	0
1	37
0	0
0	0
0	0
2	30
2	0
11	719
0	0
0	0
0	0
0	0
0	0
0	0
0	0
0	0
0	0
0	0
0	0
0	0
0	0
0	0
5	8
2	0
0	0
0	0
0	0
0	0
0	0
0	0
1	0
4	0
0	0
0	0
0	0
0	0
0	9
0	0
0	0
0	0
0	0
0	0
0	0
0	0
0	0
7	6
0	0
18	0
0	0
0	0
1	0
0	0
0	0
0	33
2	0
4	0
0	0
11	224
0	6
0	0
5	66
0	0
1	0
0	0
1	0
0	0
0	0
0	0
0	0
0	0
0	0
2	0
0	0
0	0
0	0
0	0
2	5
7	57
0	0
0	0
0	0
0	0
0	0
0	0
0	0
0	0
0	0
0	0
0	0
0	0
0	38
0	0
1	0
0	0
1	0
0	0
0	0
0	0
0	0
0	0
3	0
0	0
0	0
0	0
0	0
0	0
0	0
0	0
0	0
1	0
0	0
0	0
0	466
0	2
5	6
0	0
3	0
0	0
1	0
250	871
0	12
0	0
0	0
1	0
0	0
0	0
0	0
0	1
0	233
0	1
0	0
0	0
0	0
0	0
0	0
0	0
0	0
6	0
0	1
0	0
0	0
0	0
0	0
0	0
0	0
0	0
0	0
2	335
0	0
0	0
107	103
0	103
0	0
0	0
2	0
0	0
2	452
0	0
0	0
0	0
0	0
0	0
0	0
0	0
0	0
0	1
0	0
0	0
0	0
0	0
0	0
0	0
1	25
0	0
0	0
0	0
0	0
1	0
0	0
0	0
0	0
0	0
0	0
0	0
0	0
0	0
0	0
0	0
0	0
0	0
0	0
0	0
0	0
0	63
0	0
0	1
0	0
0	110
0	0
0	0
0	0
0	1
4	1
0	0
0	0
0	229
0	0
0	0
0	0
0	0
0	0
0	0
0	0
0	0
0	120
0	0
6	0
1	10
0	0
0	0
0	0
0	0
0	0
0	0
3	11
0	0
0	0
0	0
0	0
0	0
0	5
0	0
0	2
0	0
1	0
0	52
2	0
0	0
0	0
0	0
0	0
0	0
1	0
20	0
0	0
0	0
0	0
0	0
0	0
0	0
0	0
0	0
0	0
0	0
0	0
0	0
0	0
0	0
0	0
0	0
1	1
0	0
1	142
0	0
0	0
0	0
0	0
1	0
1	269
0	0
0	0
0	0
0	756
0	0
0	0
0	0
0	0
2	0
0	0
0	0
0	1
0	0
2	0
0	0
2	0
0	0
0	0
0	0
0	7
0	0
0	1
0	0
0	0
0	0
0	1
0	0
0	0
0	0
0	0
13620	28569
1	0
0	0
0	0
0	0
0	0
0	0
0	0
0	0
0	0
0	0
1	0
0	185
0	0
0	0
0	0
0	0
0	0
0	0
0	0
15	2654
2	0
0	0
0	0
0	268
0	537
0	0
0	0
0	0
2	0
4	90
0	0
0	9
0	0
0	0
0	0
2	0
0	0
0	0
0	0
1	0
0	0
0	0
0	0
0	250
0	0
0	0
0	0
0	0
1	0
3	0
0	0
0	0
0	0
0	0
0	0
0	0
0	0
0	0
0	0
0	0
0	0
0	0
1	0
0	0
4	0
0	0
0	0
0	0
0	0
0	0
6	0
0	0
0	0
0	0
0	0
0	0
0	0
0	4
0	0
1	0
0	0
0	0
0	0
0	0
0	0
0	0
0	0
0	0
0	0
0	0
0	0
0	0
0	4
0	0
0	0
0	0
0	0
0	0
0	0
0	0
0	0
0	0
0	23
0	0
0	0
0	0
0	0
53	24
0	0
1	0
0	0
0	0
0	0
0	0
0	246
0	0
0	0
3	0
0	0
0	0
1	0
0	0
0	0
0	0
0	0
0	0
0	0
0	0
0	0
0	0
1	0
0	0
0	0
0	0
0	0
0	0
0	64
0	0
0	0
0	735
0	0
0	0
0	0
0	27
0	0
0	35
0	0
0	0
0	0
0	2
0	0
2	0
0	0
0	35
0	0
0	907
0	0
0	0
0	0
0	0
0	0
0	0
0	0
0	0
0	6147
0	0
0	0
0	0
0	0
0	0
0	0
0	0
0	0
0	0
0	1
0	0
0	0
0	0
0	0
0	0
0	0
0	0
0	0
0	0
0	0
0	0
0	0
0	0
1	0
0	0
1	0
0	26
0	0
0	0
0	0
0	0
0	0
0	0
0	0
0	0
1	0
0	0
3	0
0	0
0	0
0	0
0	0
0	0
0	420
0	0
0	0
1	0
0	0
0	0
15	26673
0	0
0	0
0	0
0	0
0	0
0	0
0	0
0	0
0	0
0	0
0	0
0	0
0	0
0	0
0	0
0	10
0	0
0	0
0	0
0	48
0	0
0	0
0	0
2	0
16	0
0	0
8	0
1	0
0	0
0	0
0	0
0	0
0	0
2	1716
0	0
0	0
0	0
0	0
0	0
0	0
0	0
0	4937
0	0
0	0
0	0
0	0
0	0
0	0
0	0
0	0
0	0
0	0
0	0
0	0
0	0
0	0
0	0
0	0
0	0
5	0
0	0
0	318
0	0
0	0
0	0
0	0
1	653
30	65
0	0
0	0
0	0
1	0
0	0
0	0
0	0
0	0
0	0
0	0
0	0
0	0
0	0
0	0
0	0
0	0
0	4
0	0
0	0
0	0
0	0
0	0
4	0
0	0
2	0
0	0
0	0
0	0
1359	2696
3	226
29	0
0	0
0	0
0	0
0	0
0	0
0	0
0	0
0	0
0	0
0	3
0	0
0	0
0	0
0	0
0	0
0	0
0	18
39	47
0	36
0	0
0	0
0	0
1	0
0	0
0	0
0	0
2	0
0	0
0	0
1	0
0	0
0	0
0	0
0	0
0	0
0	0
0	0
0	0
0	0
0	0
0	0
0	0
108	64
0	0
0	0
0	0
0	1
3	0
1	3
0	0
0	0
0	0
0	0
3	0
0	0
0	0
0	0
0	0
0	0
0	0
0	0
0	0
0	1
0	0
0	0
0	0
0	0
4	0
0	0
0	2
0	0
0	0
25	61
0	0
0	0
7	0
0	0
0	2
0	0
0	0
1	0
3	0
0	0
0	0
0	0
0	0
1	0
0	0
0	0
0	0
0	0
0	0
1	0
0	0
0	0
0	0
0	0
0	0
0	0
0	13
0	0
0	0
0	1
0	0
0	0
0	0
0	0
0	0
0	0
0	0
0	0
0	0
2	0
0	0
0	0
0	0
0	0
0	0
3	0
0	0
0	0
0	0
0	0
0	0
0	0
0	0
0	16
0	0
0	0
0	0
0	63
0	0
0	0
0	0
0	4
0	0
3	0
0	0
0	0
0	7
0	0
0	0
0	0
1	135
11	0
0	0
0	0
0	0
4	1
0	0
0	0
0	0
0	0
0	0
21	0
1	0
0	421
0	0
1	110
2	0
0	0
0	0
1	0
0	0
0	0
0	0
0	0
3	0
0	1
0	0
0	0
0	17
0	0
0	0
0	0
2	0
0	0
0	0
0	0
0	0
0	0
0	0
6	0
0	0
0	0
0	0
0	0
0	0
0	0
0	0
0	0
0	0
0	0
0	0
0	0
0	0
4	0
0	239
0	0
0	0
0	0
1	0
0	0
0	0
0	0
0	0
38	80
0	0
0	0
0	0
2	0
0	0
0	0
0	0
0	0
0	30
0	0
0	0
0	0
0	0
0	0
0	0
0	0
0	0
0	0
0	0
0	82
0	0
4	0
0	0
0	0
0	0
0	0
0	152
0	0
0	0
1	5
0	0
0	0
4	1035
12	0
0	0
0	11
0	29
0	0
0	0
0	0
0	0
0	0
0	0
0	0
0	0
0	0
0	0
0	0
9	0
4	0
0	0
1	0
0	0
0	0
0	0
0	0
0	0
0	0
0	0
0	3
2	0
0	0
0	0
4	3
0	0
0	0
0	0
0	0
0	0
0	0
0	0
0	0
0	0
0	0
0	0
3	0
0	0
0	0
0	0
0	0
0	0
0	0
0	0
0	0
0	0
0	0
0	0
4	0
1	0
0	0
0	0
0	0
0	0
1	0
1	0
0	0
0	0
0	0
0	0
0	0
0	0
0	0
0	5
0	0
0	0
0	0
0	0
0	0
0	0
0	0
0	0
0	0
0	0
0	0
0	0
1	0
0	0
3	0
0	0
0	0
0	0
0	0
0	0
0	0
0	0
0	0
0	0
0	0
0	0
0	0
0	0
0	0
0	0
0	0
0	0
0	0
0	0
5	0
0	0
2	0
145	136
0	0
1	3
0	0
0	0
0	0
0	0
0	0
0	0
0	0
1	26
0	0
0	0
1	0
0	0
9	8
1	12
0	0
1	0
0	0
0	0
2	0
0	0
0	0
0	0
0	0
0	0
0	273
0	0
0	0
0	0
0	0
0	776
0	0
0	0
0	0
3	0
0	0
1	0
0	0
0	0
0	0
0	0
0	0
0	0
0	0
0	0
0	0
0	0
0	0
0	0
0	0
0	0
0	0
0	0
0	0
0	0
2	0
0	0
0	0
0	0
1	0
0	0
0	0
0	0
0	0
0	93
0	0
0	0
0	0
0	0
0	0
0	0
2	1
0	0
0	0
1	0
0	0
0	0
0	0
2	3
0	0
0	7
0	0
12	13
0	0
2	31
2	2
0	0
0	0
0	0
0	0
0	0
0	0
0	0
0	0
0	32
0	0
0	0
0	0
0	0
0	0
5	0
0	0
0	0
0	0
0	0
0	0
0	0
0	0
0	0
0	0
4	0
0	0
0	0
0	0
0	0
0	0
0	0
0	0
0	3
0	0
0	0
0	0
0	0
0	0
0	0
0	0
1	0
0	0
7	0
0	0
2	46
0	0
0	0
0	0
0	0
0	0
0	0
2	0
0	0
0	0
0	313
0	0
0	0
0	0
10	0
0	6
0	0
1	0
0	0
0	0
0	0
3	0
0	0
1	0
0	0
0	0
1	0
0	0
1	0
0	0
1	0
0	0
0	0
0	0
3	294
0	78
0	0
0	0
0	0
0	0
0	322
0	1
0	0
0	0
0	0
0	0
0	0
0	0
0	0
0	47
0	0
0	0
0	0
0	0
0	0
0	0
0	0
0	0
0	0
0	0
0	0
0	0
0	0
1	0
12	0
0	0
0	0
0	0
0	0
0	0
0	0
0	0
0	0
0	0
0	0
0	0
1	0
0	0
0	1
0	0
0	0
0	0
10	0
0	0
0	0
0	0
0	0
0	0
0	0
0	0
0	0
0	0
0	0
1	0
2	0
0	0
0	0
4	223
0	0
0	0
0	0
0	0
1	0
0	0
0	0
0	29
2	0
0	0
0	0
0	0
0	0
0	0
0	0
8	2764
0	0
0	0
0	0
1	456
0	0
0	0
0	0
0	0
0	311
6	47
0	0
1	0
0	0
0	0
0	0
0	0
0	0
0	0
2	7
0	0
1	0
0	0
0	0
0	0
0	0
0	0
0	0
0	0
0	0
0	0
0	0
0	376
0	0
0	0
0	0
0	0
0	0
0	0
0	0
0	0
0	0
0	0
0	0
0	0
0	26
0	11
0	0
4	12
0	0
0	2
0	0
0	0
0	0
0	0
0	0
0	0
0	0
0	0
1	0
0	0
0	0
0	0
0	0
0	0
0	559
0	0
0	0
0	0
0	0
0	0
43	168
7	0
0	0
0	0
0	0
0	0
0	0
0	0
0	0
0	0
0	0
0	0
0	0
0	0
0	0
0	0
0	0
0	0
0	0
1	0
0	0
0	0
0	0
0	0
0	0
0	0
0	0
0	0
0	2
0	0
0	0
0	0
0	0
0	0
0	0
0	0
0	0
0	0
0	2
0	0
0	0
0	0
0	0
0	0
0	0
0	0
3	1845
0	37
0	0
0	0
0	0
0	0
0	0
0	0
0	0
0	0
0	0
0	0
0	0
0	0
1	0
0	0
0	0
2	0
0	0
0	0
0	0
0	0
1	763
0	0
0	0
8	1446
0	0
0	0
0	0
0	0
0	0
0	0
0	0
0	0
0	0
0	0
0	0
2	0
0	0
0	0
0	0
0	0
0	0
0	0
0	0
0	0
0	0
0	0
0	0
0	0
0	2
2	0
0	1
0	0
0	0
10	7876
1	0
0	1
2	58
4	0
0	2767
0	0
0	0
0	0
0	0
0	1
0	0
0	0
0	0
0	0
0	0
0	0
0	0
0	0
0	0
0	0
0	0
0	0
0	0
0	0
0	0
0	2
0	0
0	0
0	0
0	0
0	0
0	0
0	55
0	0
0	0
0	0
0	0
0	0
0	0
0	0
0	4
0	0
0	0
0	0
0	0
0	0
0	0
1	0
0	0
0	0
0	0
0	0
5	4
0	81
0	0
0	0
0	0
0	0
0	0
0	0
0	0
2	0
0	0
0	0
0	0
0	0
2	0
0	0
0	0
0	0
0	0
0	0
0	1
0	0
0	432
0	0
0	0
0	0
0	0
1	12
0	0
0	0
0	0
0	0
0	0
0	0
0	3
0	0
0	0
0	0
0	0
0	0
3	0
0	0
0	0
3	0
2	124
0	0
0	0
0	0
0	0
0	0
0	0
0	0
0	0
0	298
0	0
0	0
0	0
0	0
0	0
0	2150
0	0
0	0
0	0
0	0
0	0
0	0
0	0
0	822
0	0
5	3
0	0
0	0
0	0
0	0
3	8755
0	0
0	0
0	0
0	0
0	0
0	1
0	0
0	0
0	0
1	10
0	0
0	0
0	0
0	0
0	0
0	0
0	0
0	0
0	0
0	0
0	0
0	0
0	74
3	17
0	0
1	859
0	0
0	0
0	0
0	0
0	0
0	0
0	0
0	0
0	0
0	0
0	0
0	0
0	0
0	738
0	0
0	0
0	238
0	0
0	0
0	0
0	0
2	0
0	0
0	0
0	0
0	0
0	0
0	0
0	4
0	0
0	0
0	0
0	0
0	0
0	0
1	0
0	0
0	0
0	0
0	12
0	0
1	0
0	0
1	32
0	2
0	0
0	0
0	0
0	0
0	0
0	0
2	0
1	0
0	0
0	62
0	0
1	0
0	0
0	0
0	0
0	18
0	0
0	0
3	45
0	0
0	0
0	0
0	0
0	0
1	0
0	0
0	0
0	0
0	1
0	0
1	1
0	0
0	0
0	0
0	0
0	0
0	0
0	0
0	0
0	0
1	0
0	0
0	0
0	0
0	0
0	0
6	1135
2	0
0	0
0	0
0	0
0	0
0	0
0	0
0	0
0	0
0	0
0	0
0	0
0	0
0	0
0	0
4	0
0	0
0	0
0	0
0	0
0	673
0	0
0	0
0	0
1	823
2	0
3	23
0	0
0	0
0	0
0	0
0	0
0	0
0	0
0	0
0	0
1	0
0	7719
0	9
0	0
0	0
0	0
0	0
5	0
0	0
0	5
0	0
11	0
1	8
0	0
0	0
0	336
0	0
0	0
0	0
0	0
1	0
0	0
0	0
1	0
0	0
0	0
0	0
0	0
0	0
0	0
0	0
0	0
0	0
0	0
0	0
0	0
0	0
0	0
0	0
0	0
0	0
0	0
0	0
0	0
0	0
2	0
0	0
0	0
0	0
0	0
0	0
0	0
0	0
0	0
1	3
1	2380
2	0
2	0
0	0
0	0
1	0
0	0
0	0
0	0
0	0
0	0
0	0
0	0
0	0
0	0
0	0
0	0
0	0
0	0
0	0
0	0
1	12
0	0
5	0
0	5
1761	470
0	0
0	0
0	0
0	14
2	0
0	0
0	0
0	0
0	0
0	0
0	0
0	0
0	0
0	0
0	0
0	0
0	4
0	0
2	1011
0	0
4	4397
0	0
0	0
0	0
0	0
0	0
0	1
0	0
0	80
0	0
0	0
0	0
0	0
0	0
0	0
0	0
0	0
1	0
9	995
0	0
0	0
0	0
0	0
0	14
0	0
0	0
0	0
0	0
1	12
0	0
0	0
0	0
0	160
0	0
2	0
1	2387
0	5025
0	0
0	0
3	8
0	0
7	0
0	0
0	0
0	0
0	0
0	0
0	0
0	0
0	0
0	32
483	2709
0	0
0	0
0	0
0	0
0	0
0	0
0	0
0	0
0	0
0	0
0	0
0	0
0	0
1	0
0	0
0	0
0	0
0	4
0	0
0	0
0	0
0	9
0	0
0	0
14	0
0	0
0	0
0	0
0	0
0	0
0	0
6	5
0	0
0	1
0	0
2	814
0	0
0	0
0	0
0	0
0	0
0	0
0	1
0	0
0	0
0	0
0	0
0	0
4	621
0	0
0	0
1	0
0	0
0	0
0	1
0	1234
28	3
0	0
1	0
4	126
0	0
0	0
0	0
0	0
0	0
0	0
0	0
1	0
0	9
0	0
0	0
1	1030
0	0
0	0
0	238
0	0
0	0
0	0
0	0
0	0
2	0
0	0
0	0
0	0
0	0
0	0
0	0
0	0
0	2
0	0
0	0
0	0
0	72
0	0
0	0
1	6
0	0
0	0
0	0
0	0
10	0
0	51
0	0
0	0
4	581
0	0
0	0
0	0
0	0
2	31
1	4
0	0
0	0
0	0
1	8
1377	1624
0	0
0	0
0	0
0	0
0	0
0	0
0	0
0	0
0	0
0	323
0	0
0	0
2	0
1	13
0	0
0	0
0	0
0	0
0	0
0	0
0	0
0	0
0	0
0	31
0	0
0	0
2	174
0	0
0	0
0	0
0	0
0	0
0	0
0	2
0	0
0	0
0	0
0	0
0	0
0	0
0	2
0	0
0	0
0	228
0	0
0	0
0	0
0	0
0	0
0	11
0	0
0	9
1	0
2	0
0	43
0	0
0	0
0	0
0	0
1	0
0	0
0	0
0	0
0	1
0	0
1	23
0	0
0	0
0	0
0	0
0	0
0	0
0	0
0	0
0	0
0	0
0	0
1	0
0	0
0	0
0	0
0	0
2	0
0	0
0	0
4	0
0	0
0	0
0	0
0	0
0	0
0	0
0	0
0	0
1	0
0	0
0	0
3	0
0	0
5	0
0	0
9	0
0	0
0	0
1	0
0	0
0	0
3	0
0	0
0	0
0	0
0	0
0	0
0	0
0	0
3	0
0	0
0	0
0	0
0	0
0	0
0	0
0	0
0	0
0	0
0	0
1	0
0	0
0	0
0	0
1	0
0	0
1	1
0	0
0	0
0	0
1	0
0	0
0	0
0	0
0	0
0	0
0	0
0	0
0	1913
0	1473
0	1
1	1
0	0
0	0
0	0
0	0
19	6
0	6
3	1
0	1
0	0
0	0
1	0
0	0
0	0
1	0
0	0
0	0
4	54
0	54
0	8
0	2
0	8
6	6165
0	4502
1	0
0	1
0	1
0	0
1	11
0	3
0	3
1	0
3	0
4	2
4	2
0	0
0	2
0	2
0	1
0	0
1	2
0	2
0	2
5	0
0	0
1	1
0	0
41	0
0	0
0	0
0	5
0	8
4	0
0	0
0	0
0	0
0	0
0	0
2	0
1	262
1	0
2	1
0	1
0	0
0	0
0	0
1	0
0	0
0	62
0	349
4	0
0	0
0	0
0	0
2	0
0	0
1	1
0	0
0	1
0	0
2	0
0	5
7	5
0	0
3	0
2	0
23	0
0	0
54	82
0	82
11	7
0	7
0	5
0	2
0	0
0	0
0	0
0	1
0	17
1	0
0	0
0	0
0	0
3	0
0	0
3	22
0	14
1	620
0	1068
12	2613
0	0
0	0
44	75
3	75
0	51
0	0
0	7
0	0
0	0
0	0
0	0
0	0
0	0
0	2
4	5
4	5
0	1
0	0
0	0
0	0
0	0
0	0
0	0
0	0
1	0
0	0
8	363
0	220
0	0
170	0
0	0
0	0
0	1
0	0
0	0
47	21
27	22
13	1
17	48
0	45
2	0
0	0
0	0
0	0
0	0
0	0
0	0
0	0
0	0
0	2
0	2
0	0
0	5481
0	4520
0	0
0	0
7	2151
0	0
1	0
0	0
0	0
1	0
0	0
0	0
0	0
2	0
2	0
0	3
0	0
0	0
0	0
0	0
0	22
0	67
0	62
1	0
0	0
3	0
0	0
0	0
0	0
0	0
0	0
6	2
0	2
0	0
0	0
0	0
0	0
0	0
0	0
0	0
0	0
0	0
0	0
0	0
0	7048
0	4041
0	357
0	0
0	1
0	3334
0	0
0	0
0	0
0	0
0	0
0	0
0	0
0	0
0	0
0	0
0	0
0	0
0	0
0	0
0	0
0	2947
2	4849
1	3
0	3
0	0
0	0
0	0
0	0
0	0
0	0
0	0
0	0
83	1
0	1
0	0
1	4
0	1
1926	16228
0	16054
0	0
0	34
1	0
0	0
0	0
5	3
47	3
5	0
0	0
1	0
11	0
391	71
0	68
1	0
0	9
3	160
0	103
0	0
0	0
1	0
0	0
0	0
0	0
0	0
0	0
1	14
1	14
0	3
162	227
167	227
1	79
1	79
0	0
0	0
0	0
0	0
41	0
0	0
0	0
0	0
0	0
0	0
0	0
0	0
0	0
0	0
21	106
0	9
408	97
0	0
36	26
0	26
6	163
0	0
0	1
0	35
0	1
0	1
0	0
16	8
0	4
0	4
1	1
0	1
6	6
0	6
0	16
1	172
49	11
0	0
0	0
0	3
10	0
9	2
0	2
49	181
0	5
0	0
0	0
0	0
1	13
0	13
0	0
0	0
0	0
1	0
0	0
0	4445
0	0
0	0
1	0
0	0
12	0
0	0
0	0
0	0
0	0
0	0
0	0
0	0
0	0
0	0
0	0
0	0
0	0
2	11
3	11
0	5
3	0
0	0
0	0
0	0
0	0
0	0
0	230
10	8
0	8
0	0
0	0
0	0
1	0
0	0
0	0
2	1
0	1
9	1
0	1
25	16
0	15
0	0
96	324
13	0
43	3
7	3
0	324
0	0
0	0
2	0
0	0
5	0
0	54
0	25
84	2
0	0
4	0
27	2895
0	2200
0	0
0	0
0	0
0	0
2	0
0	0
0	0
0	0
0	0
0	0
1	0
0	0
0	0
0	0
0	0
0	0
16	2985
0	3012
0	1757
0	0
0	0
0	3
4	3
0	0
1	0
0	0
0	0
0	0
0	0
0	0
2	0
2	1
1	1
176	55
0	55
0	4
0	4
0	3
2	3
5	2
0	2
0	0
0	0
0	0
0	1030
1	0
5	0
0	0
0	0
0	0
0	0
1	0
0	0
0	0
0	0
0	0
0	0
0	1
0	1
1	14
0	29
2	429
0	378
0	0
0	0
0	0
0	0
3	0
2	0
0	417
0	638
0	13
0	372
0	162
0	0
0	0
0	0
0	0
0	750
0	750
3	50
2	0
0	3
0	0
0	0
0	0
1	714
0	388
0	0
0	0
0	0
0	0
0	0
0	0
0	39
0	1
1	3
0	2
8	1
0	0
0	0
0	0
0	0
0	0
0	0
83	26
0	23
0	3
42	0
0	0
0	1
0	1
0	2
2	9
0	7
0	7
0	0
0	0
2	0
0	0
4	3
0	3
0	0
0	1
0	0
2	0
0	0
0	0
0	0
0	0
2	13
0	0
0	0
1	0
0	0
0	0
0	0
0	0
0	0
0	0
0	0
0	0
0	0
0	144
1	76
0	75
1	161
0	104
0	21
0	15
0	0
0	0
0	3
0	14
3	2
0	2
0	4339
0	3937
1	0
0	0
0	0
0	0
4	318
0	3
0	0
0	3
0	0
5	3
2	0
0	0
0	0
0	0
0	0
0	2
0	2
0	0
0	0
0	0
0	0
84	5680
181	5559
0	0
0	0
0	0
0	0
124	10
0	4
1	0
47	11
0	186
0	31
0	0
927	0
0	0
0	0
2	1
0	0
0	0
0	0
0	0
0	0
0	0
0	0
0	0
0	0
0	0
0	4
0	0
0	1
0	0
0	0
0	0
0	0
0	0
0	0
0	0
0	0
0	0
0	0
0	0
0	0
36	188
0	0
0	0
0	0
0	0
0	0
0	0
0	0
0	0
0	0
0	0
0	0
0	0
0	0
0	0
0	0
0	0
0	0
0	0
0	0
0	1
0	0
2	16
0	0
0	0
1	3
0	0
0	0
0	0
0	0
0	0
0	0
0	0
1	0
0	0
0	0
0	0
0	0
0	0
0	0
0	0
0	0
0	0
0	0
0	0
0	0
0	0
0	0
0	0
0	0
0	0
4	0
0	3
191	865
0	0
0	0
0	0
0	0
0	0
0	0
0	0
0	0
0	0
0	0
2	0
0	0
0	26
0	0
0	0
0	0
0	0
0	0
0	0
0	0
0	0
0	0
0	0
0	0
0	0
0	0
0	0
0	26
0	0
0	1
0	1
0	0
0	0
0	0
0	0
0	0
0	0
0	0
0	0
0	1
39	11
4	1
5	1
6	19
0	0
0	0
0	0
0	0
0	0
0	0
0	0
0	0
0	0
0	0
0	0
0	0
2	0
0	0
0	0
0	0
0	0
0	0
0	0
0	4
2	0
0	0
0	0
1	0
0	0
0	0
0	0
0	0
0	0
0	0
0	0
0	0
0	0
0	0
0	0
0	0
0	0
4	0
0	0
0	0
0	0
0	0
0	0
1	12
0	0
0	0
2	5
2	0
0	0
0	0
0	0
0	0
0	0
0	0
0	0
0	0
0	0
0	0
0	0
0	0
0	0
0	0
0	0
0	0
0	0
0	0
0	0
0	0
0	0
0	0
0	0
0	0
0	0
0	0
0	0
0	0
0	0
0	0
0	0
0	0
0	0
0	0
0	0
0	0
0	0
0	0
0	0
0	0
0	0
0	0
0	0
1	0
0	0
0	0
0	0
0	0
0	0
0	0
0	0
0	0
0	0
0	0
0	0
0	0
0	0
0	0
0	10
0	0
0	0
0	0
0	0
0	37
0	22
0	0
0	0
0	0
0	0
0	0
0	0
0	0
0	3
0	0
0	0
0	0
0	0
0	0
0	0
0	0
0	0
0	0
0	0
0	0
0	0
0	0
0	0
0	0
0	0
0	0
0	0
0	0
0	0
0	0
0	0
0	0
0	0
0	0
1	0
0	0
0	0
0	0
0	0
0	0
0	0
0	0
0	0
0	0
0	0
0	0
0	0
0	0
0	0
0	0
0	0
0	0
0	0
0	0
0	0
0	0
0	0
16	0
0	0
0	0
0	0
0	0
0	0
0	0
0	0
0	0
0	0
0	0
0	0
0	0
0	0
0	0
0	0
0	0
0	0
0	0
0	0
0	0
0	0
0	0
0	0
0	0
0	0
0	0
0	0
0	0
0	0
0	0
0	0
0	0
0	0
0	0
0	0
0	0
0	1
0	71
0	0
0	0
0	0
0	0
0	0
0	0
0	0
0	0
0	0
0	8
0	0
0	0
0	0
0	0
0	0
0	0
0	0
0	0
0	0
0	0
0	0
0	0
0	0
1	1
0	0
1	0
0	0
0	0
0	0
0	0
0	0
0	0
0	0
0	0
0	0
0	0
0	0
0	0
0	1
0	0
0	0
0	0
0	0
0	0
0	1
0	5
0	0
0	0
0	0
0	0
0	0
0	26
0	0
0	0
1	5
0	0
0	0
0	0
0	0
0	0
0	0
0	0
0	0
0	0
0	0
0	0
0	0
0	0
0	0
0	0
0	0
0	0
0	0
0	0
0	2
0	3
0	0
0	0
0	0
0	0
0	0
0	0
0	0
0	0
0	0
0	0
0	0
0	0
0	0
0	0
0	0
0	0
0	0
0	0
0	0
0	0
0	7
0	0
0	0
0	0
0	0
0	2
0	0
0	0
0	0
0	1
0	0
0	0
0	0
0	0
0	0
0	0
0	0
0	0
0	0
0	0
0	0
0	0
0	0
0	0
0	0
0	0
0	0
0	0
0	0
0	0
0	0
0	0
0	0
0	0
0	0
0	0
0	0
0	0
0	0
0	0
0	0
0	0
0	0
0	0
0	0
0	0
0	0
0	0
0	0
0	0
0	0
0	0
0	0
0	0
0	0
0	0
0	0
0	0
0	0
0	0
4	72
0	0
0	0
0	0
0	0
0	0
0	0
0	0
0	0
0	3
0	0
0	0
0	0
0	0
0	0
0	0
0	0
0	0
0	0
0	0
0	0
0	0
0	0
0	0
1	0
0	0
0	0
0	0
0	0
0	0
0	0
0	0
0	0
0	0
0	0
0	0
0	0
0	0
0	0
0	0
0	0
0	0
0	0
0	0
0	0
0	0
0	0
0	0
0	0
0	0
0	0
0	0
0	0
0	0
0	0
0	0
0	0
0	0
0	0
0	0
0	0
0	0
0	0
0	0
0	0
0	0
0	0
0	0
0	0
0	0
0	0
0	0
0	0
0	0
0	0
0	0
0	0
0	0
0	0
0	0
0	0
0	0
0	0
0	0
0	0
0	0
0	0
0	0
0	0
0	0
0	0
0	0
0	0
0	0
0	0
0	0
0	1
0	0
0	0
0	0
0	0
0	0
0	0
0	0
0	0
0	0
0	0
0	0
0	0
0	0
0	0
0	0
0	0
0	0
0	0
0	0
0	0
0	0
0	0
0	0
1	0
0	0
0	0
0	0
0	0
0	0
0	0
0	0
0	0
0	0
0	0
0	0
19	0
0	0
0	0
0	0
0	0
0	0
0	2
0	0
0	0
0	0
0	0
0	0
0	0
0	0
0	0
0	0
0	0
0	0
0	0
0	0
0	0
0	0
0	0
0	0
0	0
0	0
0	0
0	0
0	0
0	0
0	0
0	0
0	0
0	0
0	0
0	0
0	0
0	0
0	0
0	0
0	0
0	0
0	0
0	0
0	0
0	0
0	0
0	0
0	0
0	0
0	0
0	0
0	0
0	0
0	0
0	0
0	0
0	0
0	0
0	0
0	0
0	0
0	0
0	0
0	0
0	0
0	0
0	0
0	0
0	0
0	0
0	0
0	0
0	594
0	2
0	0
0	0
0	0
0	0
0	0
0	0
19	505
0	0
0	0
0	0
0	0
0	0
0	0
0	157
0	0
0	0
0	0
0	0
0	0
0	0
0	0
0	0
0	0
0	0
0	1
0	0
0	0
0	0
0	0
0	0
446	1374
0	0
0	0
0	0
0	1
0	0
0	0
7	0
0	0
0	0
0	0
0	0
0	16
0	0
0	0
0	0
0	0
0	0
0	0
0	0
0	0
0	0
1	0
0	0
0	0
0	0
0	0
0	0
0	0
0	0
0	0
0	0
0	0
0	0
0	0
0	0
0	0
0	0
0	0
0	0
0	0
0	0
0	0
0	77836
0	13324
0	0
0	10
45	22805
0	0
0	0
0	0
0	0
0	0
2	0
6	0
4	0
0	0
0	0
0	0
2	0
0	29
0	0
0	0
0	0
0	0
0	0
0	0
0	0
0	203336
0	154371
2	0
0	238051
48	97488
0	0
0	0
0	0
0	0
1	0
0	0
0	0
0	0
0	0
0	0
0	0
0	0
0	0
0	0
0	0
0	0
0	0
0	0
0	0
0	0
0	0
0	0
0	0
0	0
0	0
0	0
3	18
0	0
1	16
0	0
0	0
0	0
0	0
0	0
0	0
0	0
0	0
0	0
0	0
0	0
0	0
0	0
0	0
0	0
0	0
0	0
0	0
0	0
0	0
0	0
0	0
0	0
0	1
0	0
0	0
0	0
0	0
0	0
0	1
0	0
0	0
0	0
0	0
0	0
0	0
0	0
0	0
0	0
0	0
0	0
0	0
0	0
0	0
0	0
0	0
0	0
0	7
0	0
0	0
0	0
0	0
5	64
0	0
0	0
0	0
0	0
0	0
0	0
0	0
0	0
0	0
0	0
0	7
0	0
0	0
0	0
0	0
0	0
0	0
0	0
0	0
0	0
0	0
0	0
0	0
0	0
0	0
1	0
0	16
0	0
0	0
0	0
0	0
0	19
0	18
0	0
0	0
0	0
0	0
0	0
0	0
0	0
0	0
0	0
0	0
0	0
0	3
0	0
0	0
0	0
0	0
0	0
0	0
0	0
0	7
0	0
0	0
0	0
0	0
0	0
2	16
0	0
0	0
0	0
0	0
0	0
0	0
0	0
0	0
0	0
1	0
0	0
0	0
0	0
0	0
0	0
0	0
0	0
0	0
0	0
0	0
0	0
0	0
0	0
0	0
0	0
0	0
0	0
0	0
0	0
0	0
0	0
0	0
0	0
0	0
0	0
0	0
0	0
0	0
0	0
0	0
0	0
0	0
0	0
0	0
0	0
0	0
0	0
0	0
0	0
0	0
0	0
0	0
0	0
0	0
0	0
0	0
0	0
0	0
0	0
0	0
0	0
0	0
0	0
0	0
0	0
0	0
0	0
0	0
0	0
0	0
0	0
0	0
0	0
0	0
0	0
0	0
0	0
0	0
0	0
0	0
0	0
0	0
0	0
0	0
0	0
0	0
0	0
0	0
0	0
0	0
10	15
0	0
0	0
0	0
0	0
0	0
0	0
0	0
0	0
0	0
0	0
0	0
0	0
0	0
0	0
0	0
0	0
0	0
0	0
0	0
0	0
0	0
0	0
0	0
0	0
0	0
0	0
0	0
0	0
0	46
0	0
0	0
0	0
0	0
0	0
0	0
0	0
0	0
0	0
0	0
0	0
0	0
0	0
0	0
0	0
8	0
0	0
0	0
0	0
0	0
0	0
0	0
0	0
0	0
0	0
0	0
0	0
0	0
0	0
0	0
0	0
0	0
0	0
0	0
0	0
0	0
0	0
0	0
0	0
9	0
0	0
0	0
0	0
0	0
0	0
0	0
0	0
0	0
0	0
0	0
0	0
0	0
0	0
0	0
0	0
0	0
0	0
0	0
0	0
0	0
0	0
0	0
0	0
0	0
0	0
0	0
0	0
0	0
0	0
0	0
0	0
0	0
0	0
0	12
0	0
0	0
0	0
0	0
0	0
0	0
1	0
0	0
0	0
0	0
2	0
0	0
0	0
0	0
0	0
0	0
0	0
0	0
0	0
0	3
0	3
1	0
0	0
0	0
0	0
0	0
0	0
0	0
0	0
0	0
0	0
0	0
0	0
0	0
0	0
0	0
0	0
0	0
0	0
0	0
0	0
0	0
0	0
0	0
0	0
0	0
0	0
0	0
0	0
0	0
0	1
0	0
0	0
0	0
0	0
0	0
0	0
0	0
0	0
0	0
0	0
0	0
0	0
0	0
0	0
0	0
0	84
3	0
0	0
0	0
0	0
0	1
0	0
0	0
0	0
0	0
0	0
0	0
0	0
0	0
0	0
0	0
0	0
0	0
0	0
0	0
0	0
0	0
0	0
0	0
0	0
0	0
0	0
0	0
1	0
0	0
0	0
0	0
0	0
0	0
0	0
0	0
0	0
0	0
0	0
0	0
0	0
0	0
0	0
0	0
0	0
0	0
0	0
0	0
0	0
0	0
0	0
0	0
0	0
0	0
0	0
0	0
0	0
0	0
0	0
0	0
0	0
0	0
0	0
0	0
0	0
0	0
0	0
0	0
0	0
0	0
0	0
0	0
0	0
0	0
0	0
0	0
0	0
0	0
0	0
0	0
0	0
0	0
0	0
0	0
0	0
0	0
0	0
0	0
0	0
0	0
0	0
0	0
0	0
44	98
0	0
0	0
0	0
0	0
0	0
0	0
0	0
0	0
0	0
0	0
0	0
0	0
0	0
0	1
0	0
0	0
0	0
0	0
0	0
0	0
0	0
0	0
0	0
0	0
0	0
0	0
0	0
0	0
0	0
0	1
0	0
0	0
0	0
0	0
0	0
0	0
0	0
0	0
0	0
0	0
0	0
0	0
0	0
0	0
0	0
0	0
0	0
0	0
0	0
0	0
0	0
0	0
0	0
0	0
0	0
0	0
0	0
0	0
0	0
0	0
0	0
0	0
0	0
0	0
0	0
0	7
0	0
0	0
0	0
0	0
0	0
0	0
0	0
0	0
0	0
0	0
0	0
0	0
0	0
0	1
0	0
0	0
0	0
0	0
0	0
0	0
0	0
0	0
0	0
0	0
0	0
0	0
0	0
0	0
0	0
0	0
0	0
0	0
0	241
0	0
0	0
0	0
0	0
0	0
0	0
0	0
0	0
0	0
0	0
0	0
0	0
0	0
0	0
0	0
0	0
0	0
0	0
0	0
0	0
0	0
0	0
0	0
0	0
0	0
0	0
0	0
0	0
0	0
0	0
0	0
0	0
0	0
0	0
0	0
0	0
0	0
0	0
0	0
0	0
0	0
0	0
0	0
0	0
0	0
0	0
0	0
0	0
0	0
0	0
0	0
0	0
0	0
0	0
0	0
0	0
0	0
0	0
0	0
0	0
0	0
0	0
0	0
0	203
0	0
0	0
0	0
0	0
4	0
0	0
0	5
0	0
0	0
0	12
0	13
0	0
0	471
0	0
0	0
1	0
0	0
0	0
0	0
0	0
0	0
0	0
0	0
0	0
0	0
0	0
0	0
0	0
0	0
0	0
0	0
0	0
0	0
0	0
0	0
0	0
0	0
0	264
0	0
0	0
0	0
0	0
0	0
0	0
0	0
0	0
0	0
0	0
0	0
0	0
0	0
0	0
0	0
0	0
0	0
2	0
0	3
0	0
0	0
0	0
0	0
0	0
0	0
0	1
0	0
0	0
0	0
0	1
1	185
0	0
0	0
0	0
3	0
0	0
0	0
0	0
0	0
0	0
0	0
0	0
0	0
0	0
0	0
0	0
0	0
0	0
0	0
0	0
0	0
0	0
0	0
0	0
0	0
0	0
0	0
0	0
0	0
0	0
6	0
3	0
0	0
0	0
0	0
0	0
0	0
0	0
0	0
0	0
0	0
0	0
0	0
0	0
0	0
0	0
0	0
0	0
0	0
0	0
0	0
0	0
0	0
0	0
0	0
14	2
0	0
0	0
0	0
0	0
0	0
0	0
0	0
0	0
1	0
0	0
0	4
0	0
0	0
0	0
0	0
0	0
0	0
0	0
0	0
0	0
0	0
0	0
0	0
0	0
0	0
0	0
0	0
0	0
0	0
0	0
0	0
28	14
1	0
0	0
0	0
0	0
0	0
0	8
0	0
0	0
0	0
0	0
0	0
0	0
0	0
0	0
0	0
0	0
0	0
0	0
0	0
0	0
0	0
0	19
0	1
0	0
0	0
0	0
0	0
0	0
0	0
0	32
0	0
3	0
0	0
0	0
0	0
0	0
0	0
0	0
0	0
0	0
0	0
0	0
0	0
0	0
0	0
0	0
0	0
0	0
0	0
0	0
0	0
0	0
0	0
0	0
0	0
0	0
0	0
0	0
0	0
0	0
0	0
0	0
0	0
0	0
0	1
0	0
0	0
0	0
0	0
0	0
0	0
0	0
0	0
0	0
0	0
0	0
0	0
0	0
0	0
0	0
0	0
0	0
0	0
0	0
0	0
0	0
0	0
0	0
0	0
0	0
0	0
0	0
0	0
0	0
0	0
0	0
0	0
0	0
0	0
0	0
0	0
0	0
0	0
0	0
0	0
0	0
0	0
0	0
0	0
0	0
0	0
0	0
0	0
0	0
0	18
0	16
0	0
0	0
0	0
0	0
0	0
0	0
0	0
0	0
53	640
216	1
0	0
0	0
0	0
0	0
0	0
0	0
0	0
16	0
0	0
0	0
0	0
0	0
0	0
0	0
0	0
0	0
0	0
0	0
0	0
0	0
0	0
0	3
0	28
0	0
0	0
0	0
0	0
0	0
0	0
0	0
0	0
0	0
0	0
0	0
116	15
0	0
0	0
0	0
0	1
0	0
0	0
0	0
0	0
0	0
0	0
0	0
0	0
0	0
0	0
0	0
0	0
0	0
0	0
0	0
0	0
0	0
0	0
0	0
0	0
0	0
0	0
0	0
0	0
0	0
0	0
0	0
0	0
0	0
0	0
0	0
0	0
0	0
0	0
0	0
0	0
0	0
0	0
0	0
0	0
0	0
0	0
0	0
0	0
0	0
0	0
0	0
0	0
0	0
0	0
0	0
0	0
0	0
0	0
0	0
0	0
0	1
0	0
0	0
0	0
0	0
0	0
0	0
0	0
0	0
0	0
0	0
0	0
0	0
0	0
0	0
0	0
0	0
0	0
0	0
0	0
0	0
0	0
0	0
0	0
0	0
0	0
0	21
0	0
0	0
0	0
3	0
35	826
25	19
0	0
0	0
0	0
0	0
0	0
0	0
0	0
0	0
0	0
0	0
0	0
0	0
0	0
0	0
0	0
0	0
0	0
0	0
0	0
0	0
0	0
0	0
0	0
0	0
0	0
0	0
0	0
0	0
0	0
0	0
0	0
0	0
0	0
0	0
0	0
0	0
0	0
0	0
0	0
0	0
0	0
0	0
0	0
0	0
0	0
0	0
0	0
0	0
0	0
0	0
0	0
0	0
0	0
0	0
0	0
0	0
0	0
1	0
0	0
0	0
0	0
0	0
0	0
0	0
0	0
0	0
0	0
0	0
0	0
0	0
0	0
0	0
0	0
0	0
0	0
0	0
0	0
0	0
0	0
0	0
0	0
0	0
0	0
0	0
0	0
0	0
0	0
0	0
0	0
0	0
0	0
0	0
0	0
0	0
0	0
0	0
0	0
0	0
0	0
0	0
0	0
0	0
0	0
0	0
0	0
0	0
0	0
0	0
0	0
0	0
0	0
0	0
0	0
0	0
0	0
0	0
0	0
0	0
0	0
0	0
0	0
0	0
0	0
0	0
0	0
0	0
0	0
0	0
0	0
0	0
0	0
0	0
0	0
0	0
0	0
0	0
0	0
0	0
0	0
0	0
18	0
9	0
0	0
0	0
0	0
0	0
0	0
0	0
0	0
0	0
0	0
0	0
0	0
0	0
0	0
0	0
0	0
0	0
3	0
0	0
0	0
0	0
0	0
0	0
0	0
0	0
0	0
0	0
0	0
0	0
0	0
0	0
0	0
2	0
0	0
0	0
0	0
0	0
0	0
0	0
2	0
0	0
0	0
0	0
0	0
0	0
0	0
0	0
0	0
0	0
0	0
0	0
0	0
0	0
0	0
0	0
0	0
0	0
0	0
0	0
0	52
0	0
0	0
0	0
0	0
0	0
0	0
0	0
0	0
0	0
0	0
0	0
0	0
0	0
0	0
13	47
0	0
0	0
0	0
0	0
0	0
0	0
0	11
0	0
0	0
0	0
0	0
0	0
0	0
0	0
0	0
0	0
0	0
0	0
0	0
0	0
0	0
0	0
0	0
0	0
0	0
0	0
0	0
0	0
0	0
0	0
0	0
0	2
0	0
0	7
0	0
0	0
0	0
0	0
0	0
0	0
0	0
0	778
0	0
0	0
0	0
0	0
0	0
0	0
0	0
0	0
0	0
0	0
0	0
0	0
0	0
0	0
0	0
0	0
0	0
0	0
0	0
0	0
0	0
0	0
0	0
0	0
0	0
0	0
6	2
0	0
0	0
0	0
0	0
0	0
0	0
0	0
0	0
0	0
0	0
0	0
0	0
0	0
0	490
3	4
0	0
0	0
0	0
2	0
0	0
0	0
0	0
0	0
0	0
0	0
2	4
0	2
0	0
0	0
0	0
0	0
0	0
0	0
0	0
0	0
2	0
0	0
0	0
0	0
0	0
0	0
0	0
0	0
0	0
0	0
0	0
0	0
0	0
0	0
0	0
0	0
0	0
0	1
0	0
0	0
0	0
0	0
0	0
0	0
0	0
0	0
0	0
0	0
0	0
0	0
0	0
0	0
0	0
0	0
0	0
0	0
2	1
0	0
0	0
0	0
0	0
0	0
0	0
0	0
0	0
3	0
0	0
0	0
0	0
0	0
0	0
0	0
0	0
0	0
0	0
0	0
0	0
0	0
0	0
3	0
0	0
0	0
0	0
1	0
0	0
0	0
0	0
0	0
0	0
0	0
2	0
0	0
0	0
0	0
0	0
0	0
0	0
0	0
0	0
2	0
0	0
0	0
0	0
0	0
0	0
0	0
0	0
0	0
0	0
0	0
0	0
0	0
0	0
0	0
0	0
0	0
0	0
1	0
0	0
0	0
0	0
0	0
0	0
0	0
0	0
0	0
0	0
0	0
0	0
0	0
0	0
0	0
0	0
0	0
0	0
0	0
0	0
0	0
0	0
0	0
0	0
0	0
0	0
0	0
0	0
0	0
0	0
0	0
0	0
0	0
0	0
0	0
10	8
0	0
0	0
0	0
0	0
0	0
0	0
0	0
0	0
0	0
0	0
0	0
0	0
0	0
4	0
0	0
0	0
0	0
0	0
0	0
0	0
0	0
0	0
0	0
5	9
0	0
0	0
0	0
0	0
0	0
0	0
0	0
0	0
0	0
0	0
0	0
0	0
0	0
0	0
0	0
0	0
0	0
0	0
0	0
0	0
0	0
0	0
0	0
0	0
0	0
0	0
0	0
0	0
0	0
0	0
0	0
0	0
0	0
0	0
0	0
0	0
0	0
0	0
0	0
0	0
0	0
0	0
0	0
0	0
0	0
0	0
0	0
0	0
0	0
0	0
0	0
0	0
0	0
0	0
0	0
0	0
0	0
0	0
0	0
0	0
0	0
0	0
0	0
0	0
0	0
0	0
0	0
0	0
0	0
0	58
0	0
0	0
0	0
0	157
0	0
0	0
0	0
22	37
0	0
0	0
0	6
0	0
0	0
0	21
0	0
0	0
0	0
0	0
0	0
0	0
0	0
0	1
0	0
0	0
0	7
0	0
0	0
0	1285
0	2
0	0
0	0
0	0
0	0
0	0
0	0
0	0
0	0
11	0
0	0
0	0
0	13
67	539
0	0
0	0
25	13
0	0
0	0
0	0
0	0
0	0
0	0
0	0
0	1090
0	0
0	0
0	0
0	0
0	0
0	0
0	0
0	0
0	0
0	0
0	0
