UniqueCount	AmbigCount
0	0
0	0
0	0
0	0
0	0
0	0
0	0
0	0
0	0
0	0
0	0
0	0
0	0
0	0
0	0
0	0
0	0
0	0
0	0
0	0
0	0
1	0
0	0
0	0
0	0
0	0
0	0
0	0
0	0
0	0
0	0
0	0
0	0
0	0
0	0
0	0
0	0
0	0
0	0
0	0
0	0
0	0
0	0
0	0
0	0
0	0
0	0
0	0
0	0
1	0
0	0
0	0
0	0
0	0
0	0
0	0
0	0
0	0
0	0
0	0
0	0
1	0
0	0
0	0
0	0
0	0
0	0
0	0
0	0
4	2
0	2
0	1
0	0
0	0
0	0
0	0
0	0
0	0
0	0
0	0
0	0
0	0
0	0
0	1
0	0
0	0
0	0
0	0
0	0
0	0
0	0
0	0
0	0
0	0
0	0
0	0
0	0
0	0
0	0
0	0
0	0
0	0
0	0
0	0
0	0
0	0
0	0
0	0
0	0
0	1
0	1
0	0
0	0
0	0
0	0
0	1
0	0
0	0
0	0
0	0
0	0
0	0
0	0
0	0
0	0
0	0
0	0
0	0
0	0
0	0
0	0
1	0
0	0
1	0
0	0
0	0
0	0
0	0
0	0
0	0
0	0
0	0
0	0
0	0
0	0
0	0
0	0
0	0
0	0
0	0
0	0
0	0
0	0
0	0
0	0
0	0
0	0
0	0
0	0
0	0
0	0
0	0
0	0
0	0
0	0
0	0
0	0
0	0
0	0
0	0
0	0
0	0
0	0
0	0
0	0
0	0
0	0
0	0
0	0
0	0
0	0
0	0
0	0
0	0
0	0
0	0
0	0
0	0
0	0
0	0
0	0
0	0
0	0
0	0
0	0
0	0
0	0
0	0
0	0
0	0
0	0
0	0
0	0
0	0
0	0
5	3
2	1
5	3
0	0
0	0
0	0
0	0
0	0
0	0
0	0
0	0
1	3
0	0
0	0
0	0
0	0
0	0
0	0
0	0
0	0
0	0
0	0
0	0
0	0
0	9
0	8
4	85
13	3
2	47
3	26
0	84
0	0
0	0
0	0
0	0
0	0
0	0
0	0
0	0
0	0
0	0
0	0
0	0
0	0
0	0
0	0
0	0
0	0
0	0
4	16
4	17
0	0
0	1
0	1
0	1
9	43
6	43
0	0
0	0
0	17
27	17
0	0
0	0
0	0
0	0
0	0
0	0
0	0
0	0
62	94
0	5
0	82
0	58
0	12
0	49
0	0
0	0
0	0
60	23
0	23
0	3
0	3
0	3
7	5
101	9
0	5
0	0
0	0
2	3
2	0
0	0
0	0
0	0
0	1
0	0
0	0
1	9
0	0
0	0
0	9
0	0
0	0
0	0
0	0
0	0
0	0
0	0
0	0
0	0
0	0
0	0
0	0
0	0
0	0
0	0
0	1
0	1
0	0
0	0
0	0
6	17
0	17
0	0
26	341
0	341
0	0
0	0
0	0
0	0
0	0
101	10867
0	0
0	4
0	82
0	6
0	82
0	6
0	82
0	6
0	0
0	0
0	0
0	82
0	0
0	10
0	10
0	11
0	4
0	3
0	2
0	2
0	0
0	0
0	3
0	11
0	4
41	21
0	43
2	37
0	32
0	51
0	0
0	7
0	49
0	0
0	6
0	1
0	1
13	2
0	2
2	0
1	31
0	31
198	30
0	0
0	0
0	0
0	0
0	0
0	0
0	0
0	0
0	0
0	0
0	0
0	0
0	0
0	0
0	0
0	0
0	0
0	0
0	0
0	0
0	0
0	0
0	0
0	0
0	0
0	0
0	0
0	0
0	0
0	0
0	6
0	6
0	3
1	3
4	2
0	2
0	1
0	1
4	5
0	5
40	225
9	225
9	0
0	7
5	7
0	0
0	0
0	0
0	0
0	0
0	0
0	0
0	0
0	0
0	0
0	0
0	0
0	0
0	0
0	0
0	0
0	0
0	0
0	0
0	0
0	0
0	0
0	0
0	0
0	0
0	0
0	0
0	0
0	0
0	0
0	0
0	0
0	0
0	0
0	0
0	0
0	0
0	0
0	0
0	0
0	0
0	0
0	0
0	0
0	0
0	0
0	0
0	0
0	0
0	0
0	0
0	0
0	0
0	0
0	0
0	0
0	0
0	0
0	0
0	0
0	0
0	0
0	0
0	0
0	0
0	0
0	0
0	0
0	0
0	0
0	0
0	0
0	0
0	0
0	0
0	0
0	0
0	0
0	0
0	0
0	0
0	0
0	0
0	0
0	0
0	0
0	0
0	0
0	0
0	0
0	0
0	0
0	0
0	0
0	0
0	0
0	0
0	0
0	0
0	0
0	0
0	0
0	0
0	0
0	0
0	0
0	0
0	0
0	0
0	0
0	0
0	0
0	0
0	0
0	0
0	0
1	0
0	0
0	0
0	0
0	0
0	0
0	0
2	1
0	1
0	0
0	0
0	0
0	0
0	0
0	0
0	0
0	0
0	0
0	0
0	0
0	0
0	0
0	0
0	0
0	0
0	0
0	0
0	0
0	0
0	0
0	0
0	0
0	0
0	0
0	0
0	0
0	0
0	0
0	0
0	0
0	0
0	0
0	0
0	0
0	0
0	0
0	0
0	0
0	0
0	0
0	0
0	0
0	0
0	0
0	0
0	0
0	0
0	0
1	0
0	0
0	0
0	0
0	0
0	0
0	0
0	0
0	0
0	0
0	0
0	0
0	0
0	0
0	0
1	0
0	0
0	0
0	0
0	0
0	0
0	0
0	0
0	0
0	0
0	0
0	0
0	0
0	0
0	0
0	0
0	0
0	0
0	0
0	0
0	0
0	0
0	0
0	0
0	0
0	0
0	0
0	0
0	0
0	0
0	0
0	0
0	0
1	0
0	0
0	0
0	0
1	0
0	0
0	0
0	0
0	0
0	0
0	0
0	0
0	0
0	0
0	0
0	0
0	0
0	0
0	0
0	0
0	0
0	0
0	0
0	0
0	0
0	0
0	0
0	0
0	0
0	0
0	0
0	0
0	0
0	0
0	0
0	0
0	0
0	0
0	0
0	0
0	0
0	0
0	0
0	0
0	0
0	0
0	0
1	0
0	0
0	0
0	0
0	0
0	0
0	0
0	0
0	0
0	0
0	0
0	0
0	0
0	0
0	0
0	0
0	0
0	0
0	0
0	0
0	0
0	0
0	0
0	0
0	0
0	0
0	0
0	0
0	0
0	0
0	0
0	0
0	0
0	0
0	0
0	0
0	0
0	0
0	0
0	0
0	0
0	0
0	0
0	0
0	0
0	0
0	0
0	0
0	0
0	0
0	0
0	0
0	0
0	0
0	0
0	0
0	0
0	0
0	0
0	0
0	0
0	0
0	0
0	0
0	0
0	0
0	0
0	0
0	0
0	0
0	0
0	0
0	0
0	0
0	0
0	0
0	0
0	0
0	0
0	0
0	0
0	0
0	0
0	0
0	0
0	0
0	0
0	0
0	0
0	0
0	0
0	0
0	0
0	0
0	0
0	0
0	0
0	0
0	0
0	0
0	0
0	0
0	0
0	0
0	0
0	0
0	0
0	0
0	0
0	0
0	0
0	0
0	0
0	0
0	0
0	0
215049	211
26449	70
118985	153
98481	76333
250	10106
412	20065
242	194641
229	143370
1813	18
310	236788
527654	98560
94677	125
147765	102
23	0
0	0
0	31
0	136
0	0
0	0
0	0
2	0
34	133
0	0
0	0
0	0
0	0
0	0
0	0
0	0
0	0
0	0
0	0
0	1
0	3
0	0
0	0
0	0
0	0
0	0
0	0
4	0
0	0
1	21811
0	0
448	1
0	0
0	1
0	0
0	0
482	1130
51	1364
5	56
0	0
0	0
0	0
0	0
0	0
1	0
0	0
0	0
0	0
0	0
0	0
0	278
0	0
0	0
0	166
0	0
0	0
0	0
0	0
301	0
0	0
0	0
0	0
0	0
311	0
0	0
0	0
0	0
0	0
0	0
0	0
0	0
0	0
0	0
0	0
0	0
0	0
0	0
0	0
0	0
265	1
0	0
0	0
0	0
0	0
0	65
0	2
0	0
0	0
0	0
0	0
0	0
0	0
0	0
2181	7
0	0
0	0
0	0
3	271
0	0
0	0
0	0
5	165
0	0
0	1
0	0
0	0
0	0
0	0
0	0
0	0
0	2
0	233
0	0
0	1
0	0
0	42
0	5
0	0
30	2958
0	0
0	0
0	0
0	0
0	0
0	0
0	0
0	1
0	1
0	0
0	0
0	0
0	0
0	0
9	4
0	0
0	0
0	0
0	0
0	0
0	0
0	0
0	0
0	0
0	0
0	0
0	0
0	0
0	0
0	0
0	0
0	0
0	0
0	0
0	0
0	0
0	0
0	258
125	0
3078	7
0	141
0	0
0	0
0	2
0	0
0	0
0	0
4	22
0	0
52	718
2	718
0	21
0	0
0	0
3	0
1	0
0	0
0	226
40	278
0	0
0	0
0	0
2	0
0	0
0	0
0	0
0	0
0	0
1189	1
0	0
0	0
0	0
0	6
0	0
0	3
0	0
43	0
0	10
0	8
0	1
0	0
0	0
0	0
0	0
0	0
0	0
2	0
0	0
0	0
0	2
1	0
4	5
0	0
127	863
0	283
0	860
0	359
1	220
2	3
1	411
0	0
0	0
0	0
0	0
0	0
0	0
32	122
0	30
0	26
0	38
0	104
0	120
0	62
5	62
5	62
0	3
3	5
0	3
0	2
0	0
0	0
0	0
6	1005
0	2526
0	2368
13	1012
9	1421
19	2012
7	516
0	426
5	1
9	107
0	85
7	210
0	19
0	18
1	2408
1	87
1	489
0	40
0	113
0	473
97	539
7	313
0	0
76	4132
0	1914
0	4174
0	40
0	136
0	330
6	308
4	308
0	189
0	162
0	196
0	111
0	111
0	0
0	0
1	76
0	0
0	3
0	0
3360	250
5	239
938	548
0	0
0	0
482	546
2	0
0	406
307	1
0	0
0	0
0	1
335	26
14	0
2	0
0	0
0	0
0	0
0	0
0	0
0	0
0	0
0	0
0	0
3	11
0	5
0	10
0	9
0	0
0	2
0	0
0	0
0	0
5	10
79	1032
2	1033
0	960
0	377
0	73
0	223
0	247
0	139
0	96
0	2
0	6
0	0
0	0
0	1
0	1027
4419	1237
1	1093
18	4
144	191
6	191
914	1
2	0
1	43
0	42
0	30
0	0
0	2
1	0
4	11
0	2
0	0
0	73
562	193
0	5
0	0
2	132
0	53
0	131
0	72
5	131
0	139
2051	181
1	10
0	181
9	620
585	1448
26	1154
2	38
0	583
116	72
0	72
18	10
0	10
0	0
0	0
0	0
59	4675
131	11866
258	11975
69	11870
79	4665
2	2
21	514
0	3820
11	2031
18	39
57	803
1	0
0	0
185	231
0	0
8	1
0	2
31	229
23	111
0	3
0	0
0	0
0	0
24	2874
99	1866
17	4
5	52
0	0
0	472
0	468
0	20
0	2874
0	849
2231	851
99	846
0	8
0	8
0	0
0	0
83	10216
0	9460
0	10703
1	9753
9	9307
261	9747
0	968
45	8
0	10
18	10095
0	10
0	10
3	0
0	62
0	2
0	26
0	49
0	1
1	48
7	25
0	40
0	8
1	1
0	2
0	2
1	26
0	0
0	2
0	62
0	49
161	366
5	363
3	17
61	50
1	50
2	2
0	3446
14	2284
61	26
1	3566
0	3631
40	3084
0	3569
0	3501
2	3650
1	63
12	3639
4	2125
0	2210
367	12
14	10
0	0
531	38
2	22
23	17
2	8
850	261
0	261
0	2
0	0
0	1
0	1
13	0
3	86
802	87
3	12
0	12
0	0
3	0
2	95
381	323
1	5
0	225
0	12
0	41
0	66
26	16
1	31
11	1866
0	2079
3	1999
0	2145
0	2065
1	1976
1	1976
13	9
0	248
0	70
0	26
0	111
2	1013
6	1507
23	4883
1033	4883
3	4789
2	3336
33	2284
0	3555
0	1
0	1
0	425
0	45
8	163
0	432
0	447
630	24
0	24
0	23
0	2
11	7500
22	6238
11	4628
203	5042
0	7495
144	40
4	39
0	30
0	13
0	0
3	1
0	2
0	0
0	1
0	1
0	0
0	0
6	677
26	457
0	746
0	808
0	843
0	770
0	19
10	459
2	72
0	710
0	18
1	0
0	88
33	250
2	211
0	10
0	1
1	27
1	32
3	10
0	7
7	8
0	4
0	2
1	1
312	298
29	298
2	0
0	0
0	0
1041	2390
0	786
0	173
11	1745
0	352
4	497
23	216
0	1
1	38
5	46
0	14
0	0
0	0
0	0
0	0
18	72
0	72
0	22
0	11
0	0
0	0
0	0
0	0
0	0
0	0
66	445
3	259
0	224
0	168
0	96
0	13
0	0
0	5
22	5
8	21
0	21
116	1198
0	1198
7	138
3	22
7	2
1	246
0	0
0	0
0	0
0	11
697	89
0	55
0	10
0	24
1	24
2	8
2	750
2	2
7	750
2	49
0	580
0	167
250	0
0	0
0	0
0	0
0	0
0	0
0	0
0	31
2	31
0	19
0	0
0	0
0	3
0	6
0	0
1	12
0	0
0	0
0	0
0	0
0	11
0	0
0	17
0	0
0	12
7	18
4	3708
1	2538
104	4529
0	6
7	1117
1	8
8	2
14	599
2	354
12	512
12	101
67	203
0	71
225	9
1	9
1559	1
1	836
114	1448
1	600
29	460
2	863
5	836
0	837
7	208
29	324
0	24
4	8
16	296
0	140
1	22
0	15
4	16
0	6
799	0
0	0
0	0
804	769
1	720
0	18
3	224
0	13
0	335
1	80
5	205
0	335
0	0
0	0
0	0
0	1
0	1
0	1
3	38
0	29
4	37
0	38
0	9
0	0
0	0
0	0
0	0
24	1142
0	1168
0	1096
10	33
0	338
308	5546
11	5406
89	5348
0	2098
0	2175
28	492
0	894
2	528
12	262
3	0
8	1
0	1
0	0
1	205
931	677
15	624
7	75
2	185
3	182
13	417
63	396
4	106
819	491
1	490
0	29
0	0
0	61
0	37
0	29
1323	0
0	0
0	0
0	0
0	0
0	0
0	0
0	0
2648	803
3	802
1	4
0	36
1	70
0	74
6	72
0	0
0	9
12	15
0	15
0	2
0	4
0	0
25	19
5288	2314
11	33
26	2303
1	552
108	7317
3	4080
30	3062
0	2400
6	5427
0	2644
15	4859
0	2388
19	171
0	136
0	153
28	158
5	75
19	1
2	0
0	17
0	3
153	0
0	2
0	349
26	356
0	153
2	110
0	32
1	83
2	19
0	0
0	1119
0	1144
45	1165
13	1166
0	1093
0	416
1	195
2	99
0	141
9	50
0	32
0	29
0	28
0	31
0	2
0	0
0	3
3	0
0	0
0	0
0	12
0	9
0	9
0	7
0	1
0	10
251	236
0	13
0	220
4	20
2	2
0	0
0	56
3	586
17	665
5	642
0	606
0	452
14	347
2	19
2	10
0	46
2	1
18	45
4	46
0	319
0	0
14	106
0	0
1	7
0	108
0	106
0	0
0	106
2677	1639
0	1276
2	352
6	0
0	156
4	0
0	9
0	0
0	0
0	0
0	0
0	0
0	0
14	75
37	74
4	0
0	4
0	0
1	0
1	0
0	1432
0	1421
0	735
0	706
1	26
0	1
7	30
0	0
2143	745
4	26
0	719
1	0
0	683
19	741
1	741
0	719
0	1
35	4
0	4
0	1
0	4
2910	6
9	1
123	53
0	42
0	18
7	1
43	1
5	0
1	0
0	0
0	66
2291	183
1	3
0	14
9	2
0	81
4	4
2	20
59	1466
47	1396
221	1378
0	216
0	146
6	0
0	25
0	0
0	0
0	3790
50	193
0	120
1	213
0	92
0	83
14	208
0	59
0	78
0	579
29	81
0	246
1	294
0	577
0	0
0	0
0	0
0	0
0	0
0	0
0	0
0	0
0	0
0	0
2	22
104	1386
0	107
0	1279
0	0
2	1
0	244
0	66
0	2
3	133
8	801
0	173
34	283
0	928
0	46
0	1
5	0
6	1603
0	2196
1	2128
0	2319
1	2255
13	2243
0	2110
0	575
3	602
0	228
0	336
0	134
0	272
0	2
0	101
0	126
0	15
0	2217
0	1211
180	484
47	274
13	380
29	4066
1779	5085
2	967
15	111
8	94
0	758
0	1943
2	40
0	36
0	0
0	0
0	0
0	0
0	0
2861	4719
1	4716
114	790
2	0
0	753
136	0
24	7
14	5
301	234
0	47
30	77
15	90
18	92
2	0
0	0
0	0
0	0
0	110
0	117
4	1
2389	5494
1	3746
65	2397
0	1165
0	1201
0	573
0	559
3	70
0	65
12	110
0	0
50	2
0	1
0	0
235	1
0	4
0	3
0	4
0	0
0	0
0	4
2143	3841
13	3260
0	0
0	0
0	0
0	0
1484	170
12	93
6	0
0	75
0	0
0	0
0	0
0	0
0	0
0	0
0	0
0	0
0	0
0	149
66	149
1	48
67	2238
2	2174
0	44
2	41
0	0
272	2131
1	1
2	13
2	13409
18	20828
195	23786
0	2659
0	405
0	1683
39	548
19	10109
17	136
0	10
1	22
9	106
0	114
2	31
0	10
0	0
1	0
7	10
0	0
10	235
9	685
0	63
360	640
22	72
0	0
85	72
143	7720
0	3445
0	29
0	74
2	72
1	14
0	314
27	11
17	8
0	7420
1555	1
0	1
2	20
0	0
0	138
0	1
0	0
0	110
4	1
1	151
1	174
125	201
0	19
0	5
0	4
0	262
30	2567
20	2571
84	2008
68	2560
0	2552
0	281
2	186
0	45
15	0
0	421
0	448
0	352
11	124
4	7
7	6012
93	6025
0	6706
7	7041
5	7364
0	7097
0	0
0	0
0	0
0	0
0	0
0	0
0	0
0	0
0	0
86	187
29	213
0	117
51	62
0	9
4	2
4	0
2	55
0	3
0	0
0	25
716	1262
9	1261
229	129
2	236
0	0
0	0
0	0
0	0
2	105
0	109
0	13
1	2
0	96
0	1079
0	1084
0	1134
1	1069
0	1528
0	1527
0	919
3	1435
5	584
53	1587
1	1
4	153
0	96
0	0
0	81
0	5
0	0
24	0
1	0
417	84
1	84
0	0
4	1062
8	831
9	861
0	952
0	0
2	2
1	296
4	11
3	178
1	82
1737	110
0	109
17	0
0	7
0	7
9	1327
0	0
22	8267
0	5029
0	5084
1	0
4	38
0	24
1	3767
3	6
0	2
0	5
0	717
4	25
0	238
3	213
0	8362
0	8261
993	137
0	28
0	40
0	76
0	23
2163	406
49	406
1	1
1	550
0	475
1	425
0	129
0	386
0	44
0	115
0	4
0	4
0	0
0	0
0	4
0	9
0	8
0	3
0	9
0	0
0	9
3	257
0	41
1	151
3	210
5	7
1	0
0	0
0	0
41	160
0	147
0	27
0	27
0	24
0	24
0	27
0	24
0	27
0	24
0	23
0	0
0	0
0	25
8	265
1	192
2	202
0	220
12	47
3	0
7	75
0	71
4	0
0	0
0	0
0	0
0	0
0	8
0	0
0	0
7	3
0	3
0	8
0	0
0	0
0	0
0	0
1	0
0	0
0	0
0	0
0	0
0	0
0	0
0	0
6	0
0	0
0	0
0	7345
12	6159
453	7343
0	0
30	29
4	6
1	6
0	5
0	28
2	161
5	162
1	92
0	7
5	6
1	10
20	46
12	45
0	22
0	8
0	1
5	1093
4	1095
12	1
0	1094
1	2
0	2
1513	634
5	83
42	281
4	281
0	23
0	7
1	43
0	22
0	15
3	3
769	79
3	79
16	826
19	364
41	626
1	20
0	0
18	10
1	13
0	769
1653	653
1	19
166	154
1	72
0	1
0	2
0	54
0	0
0	10
0	26
0	0
0	89
9	2
25	113
36	115
0	3
0	2
0	2
7516	2
121	1879
116	1936
48	1881
0	1539
2	16
1	6
0	37
0	43
0	55
0	0
0	0
2	19
1	0
0	5
2	2
0	7
1	7
0	6
0	7
0	0
0	0
70	4
93	151
6	5
0	1
0	153
351	111
10	110
0	0
0	0
0	0
0	0
999	487
4	388
11	7
0	218
21	259
0	58
0	57
1	34
15	33
0	2
3	6
1	3
0	58
0	59
0	50
0	19
0	30
0	44
0	36
0	0
0	54
4	1659
1	0
3	1659
0	1812
0	4224
0	3347
0	1860
2	524
4	7
0	0
0	0
0	0
0	0
0	0
45	1502
0	1330
6	127
2	1350
1	133
20	143
0	37
0	1123
5	696
105	86
0	85
0	1
2326	15
0	14
0	0
0	0
83	0
66	702
8	94
5	70
6	784
14	776
24	420
1	418
5	8
1	38
0	5
0	38
1451	0
199	204
0	100
2	183
1	195
4	16
309	4006
12	2139
1	298
1	19
20	183
13	1613
3	23
22	732
0	4
4	11
0	0
11	19
2	9
46	21
0	8
2	0
0	0
0	1
0	1
0	1
26	1
31	17
10	9
0	5
0	8
0	5
14	0
2345	3159
114	3162
1	100
21	13
0	37
5	630
0	27
0	38
84	0
4647	391
3	388
6724	1548
3	4
2	908
0	908
11	1535
0	0
0	0
520	1722
8	1722
0	0
0	0
0	0
0	0
0	0
0	0
0	0
0	0
0	0
8	206
1	21
0	185
2	0
1	3
45	247
2	247
0	2
4	2
0	2
0	0
594	1711
55	1633
13	269
11	52
96	25
53	814
32	14
1	1
9	0
1	472
6	310
4	20
245	2265
29	369
1	1729
43	1407
11	1650
2	57
0	1762
1	1979
7	2046
0	1
0	167
1	49
0	231
0	230
0	62
50	573
3	7
33	3
4	50
0	0
0	1
2	217
0	216
0	0
0	0
408	1520
11	508
0	363
5	1089
0	15
23	593
8	92
64	310
0	75
1	240
8	28
0	28
0	9
18	4
0	4
0	20
5	1413
1	1600
0	13
0	1299
0	12
24	0
0	9
15	35
1	296
50	95
3	313
31	17
0	22
1	118
0	156
26	124
1	82
482	1515
1020	1491
15	1249
0	22
1	1138
0	17
787	1988
4	91
0	20
5	136
0	0
0	193
9	0
1	93
7	1801
445	660
5	42
3	1
2	0
0	2
1	51
48	145
29	609
0	588
0	569
0	590
2	346
17	188
0	166
0	1
0	86
0	74
0	69
0	18
0	0
0	0
0	0
566	3804
1	88
0	3676
0	1731
0	15
0	26
0	10
0	242
1	1
0	9
2	9
0	0
0	9
0	19
0	18
0	1
346	0
10	5087
0	1078
0	118
0	34
0	34
2	332
0	25
0	22
2	1497
2	643
21	292
0	251
0	213
1	985
3	22
0	1813
0	128
0	720
0	227
0	690
0	663
0	683
0	409
0	1314
1	546
0	239
0	236
1	3728
0	3730
0	3655
0	52
0	25
0	15
0	25
0	0
0	4
0	5
0	46
1	46
0	10
0	11
0	11
0	11
0	8
0	8
0	5
0	6
0	5
0	0
0	2
0	0
0	46
2	0
1	2
0	2
137	16
0	16
557	301
0	246
0	6
4	37
15	753
45	721
28	474
1	35
0	0
937	2084
175	19
0	294
140	1887
2	25
11	0
2	198
4	600
53	589
5	563
0	425
1	0
1	2
7	2
9	38
0	232
0	67
0	6
4	14
14	170
342	45
9	44
0	15
855	822
25	422
0	103
0	124
0	36
1	127
0	261
11	727
8	727
39	727
6	227
3	228
0	2
0	8
0	0
5	0
200	196
1	131
0	7
0	12
0	0
1	20
0	604
148	3028
55	2726
1	1607
0	134
2	119
0	145
7	2797
405	3491
3	6
1	0
0	2092
1	660
19	316
207	633
5	175
113	673
7	366
30	18
18	62
0	43
11	35
0	0
0	0
0	0
0	0
2	86
2	84
0	35
2	1
0	0
0	0
0	0
0	0
15	2716
0	2622
153	2698
0	403
8	0
14	142
0	236
1	2
0	2591
4	131
7	2563
1	2771
0	142
0	67
10	12
2	115
1	22
0	0
0	128
1	1409
85	976
5	1021
6	544
2	932
0	245
62	110
0	108
12	80
0	2
4	8
22	4
0	2
0	2
0	0
333	448
0	392
0	450
0	225
0	228
0	30
0	23
7	292
2200	115
0	85
0	27
7	0
0	537
0	54
11	470
0	27
1	319
0	100
0	10
0	19
8	3
1284	3
0	3
105	4849
289	5060
8	1349
1	0
0	60
9	323
5	6
2	5
0	39
0	14
3	18
6	1
11	14
1	122
0	48
2	84
1	29
0	7
2	10
0	0
0	122
905	447
0	435
0	297
0	11
2	0
0	0
0	0
35	1812
0	1781
18	1107
5	11
6	80
2	47
2	6
0	64
0	32
0	0
0	0
0	0
8	82
3	56
3	57
0	47
0	657
25	622
2	0
2	601
0	102
5	98
1	1
0	0
0	0
0	0
25	167
134	162
2	30
0	3
0	5
0	5
4	9
0	5
0	7
0	3
0	4
0	1
0	0
0	0
190	497
25	20
6	497
570	232
6	21
14	211
1	88
4	105
8	36
2	15
2	338
0	648
0	212
1	504
523	80
0	80
0	0
0	0
1	15
0	0
0	0
0	15
90	2189
8	2190
201	2072
5	1
3	14
0	9
0	493
12	528
1	515
0	52
2	3
0	26
0	25
6	0
0	1616
12	1389
0	1081
0	0
0	0
3	0
1	206
0	2
0	2
0	1
0	0
0	0
0	0
0	0
0	0
0	0
832	1
426	0
0	0
0	0
0	0
0	0
0	0
556	531
182	1006
0	1044
0	1094
0	499
5	80
147	126
0	122
4	52
0	18
0	11
0	2
0	1
0	1
0	0
0	0
2	27
1315	99
11	86
9	307
26	332
0	201
0	1
2	74
0	19
0	74
0	26
0	42
2	42
33	1314
21	1653
0	1348
24	1037
0	1147
1	930
1	0
0	252
0	1
0	10
0	26
0	122
0	49
11	26
0	26
1	44
97	88
0	18
0	84
0	0
0	0
0	0
9	187
3	177
0	97
0	101
6	50
0	0
0	187
0	6
0	6
0	5
1	5
0	2
0	0
0	0
0	0
0	0
30	0
1000	1248
4	1144
19	1212
4	108
41	1
3	10
0	56
19	57
0	38
12	0
0	0
0	0
764	2730
68	2247
0	1235
54	408
13	10
10	1505
1	91
0	930
0	508
0	0
0	0
0	0
0	0
406	2752
5	2489
0	1043
0	0
7	329
2	329
4	19
2	8
77	227
0	219
0	17
47	144
0	31
0	1
0	7
0	62
0	33
2	16
0	52
0	6
0	1
1	3
0	0
0	0
0	26
0	20
0	6
0	4
0	5
0	25
43	24
0	0
0	2
2	22
0	0
0	0
0	0
0	0
12	8
0	8
0	0
0	0
0	4700
14106	23112
3322	18404
2	2408
0	0
0	0
3	349
2	3
0	27
357	278
2	84
285	186
2	15
18	261
0	839
105	910
4	35
2	0
18	580
0	25
6	38
140	38
0	0
0	0
218	189
0	12
0	20
0	2
0	153
0	77
0	19
249	1095
0	0
1	82
1	1094
0	1
1	1094
1	489
0	478
1	0
9	96
0	96
31	10621
103	10047
2	2408
0	0
2	111
1	791
1	15
5	10324
0	2
0	1493
7	319
12	287
2	121
0	5
10	5
0	235
8	40
271	1303
0	9
0	983
0	138
0	209
0	1012
5	141
5	213
1	2
0	1
0	0
0	1
0	1
0	2
0	1
24	1769
1	277
0	4076
0	0
0	2
0	1860
43	637
72	680
24	1775
3	160
7412	4087
0	8
1258	8
0	0
0	0
0	62
38	354
0	128
0	183
4	148
7	173
1	62
0	17
2	17
1	2
0	0
0	30
1	28
0	30
712	125
2	52
7	73
0	4826
15	125
101	4826
30	290
0	290
6	290
0	290
0	38
0	11
0	0
0	0
131	442
0	423
0	0
0	0
0	0
0	0
0	0
76	943
0	923
1	792
2	319
0	19
0	129
0	0
0	66
5	12
0	0
0	4
0	1
0	0
7	30
3	42
6	41
1	13
0	9
0	0
0	0
0	0
0	0
7	321
0	319
0	316
0	321
50	70
9	2
17	55
0	14
0	316
0	321
536	430
0	221
0	341
0	256
49	3
1	5
0	4
0	64
10	43
1	1
0	0
16	25
0	25
439	603
5	590
0	25
2537	81
0	80
160	1440
17	1392
1	489
4	311
1	280
4	162
42	161
0	94
1	48
0	7
1	0
0	58
0	7
0	94
3	431
0	0
0	0
0	254
7	256
2	254
1	256
0	0
0	431
0	14
0	14
0	0
0	0
1396	1099
0	5
16	443
4	562
0	315
2	561
4	389
6	39
0	101
8	517
0	4952
1311	5081
9	2037
0	2331
0	666
1	219
0	182
2	178
0	178
0	176
0	176
0	161
0	0
0	0
0	20
0	167
0	34
0	24
34	420
0	5
10	15
1	8
968	608
1	177
2	0
72	14
2	13
0	16
0	10
0	0
0	0
0	0
0	0
47	143
30	26
6	14
17	17
0	1
0	0
0	0
11	5
0	5
0	3
0	3
0	0
0	362
8	261
0	278
36	146
2	141
5	154
1	34
2	39
4	14
30	53
0	25
0	28
0	28
0	0
12	0
0	0
87	351
0	248
0	12
2	11
0	0
1	1
0	103
0	0
224	0
0	0
0	89
0	102
0	108
0	76
0	33
0	6
0	9
2	11
0	4
0	0
0	5
0	5
1125	31
0	31
0	0
2	9
44	9
16	248
0	248
0	0
0	1
41	1
0	0
2146	532
4	334
0	418
0	408
0	173
0	531
4671	893
6	892
8179	1277
13	1179
0	1
14	93
0	0
33	602
0	592
0	94
0	22
0	9
0	0
0	0
0	0
0	0
0	0
42	8
0	130
0	318
6	125
1	241
0	100
3	160
7	156
46	149
0	133
1	0
0	160
1445	264
0	154
2	263
26	659
76	694
6	788
0	367
0	1
6704	115
0	1
9	111
68	459
183	413
0	238
0	89
6	126
373	420
0	77
0	335
1	90
0	6
0	0
1	58
260	58
0	0
0	0
0	0
0	0
0	0
0	0
13	1011
0	990
4	966
3	962
1	426
2	688
0	0
4	0
20	719
0	1231
12	1300
5	866
1	1084
0	672
5	682
0	829
0	674
0	68
0	341
0	2
146	2653
2	878
0	238
0	88
3	78
8	30
57	9
11	531
0	219
0	0
0	0
0	7
86	2658
0	826
4	754
0	742
1	703
0	284
0	106
0	15
0	742
8	376
4	432
0	370
1066	275
0	9
0	266
507	269
6	201
0	137
9	83
1	0
0	187
10	188
0	11
0	4
0	97
0	138
0	112
1	154
1	8
0	4
0	24
0	6
2	0
668	106
0	2
0	93
0	106
1	60
199	691
14	0
0	0
19	6
0	23
0	1
0	23
0	691
3	27
0	27
0	6
1	58
0	58
1	58
3	1
0	169
8	155
4	2
5	14
0	146
0	46
0	45
10	40
2	136
2	4
1	3
2	40
70	55
164	573
56	581
0	226
1	285
6	1820
2	91
0	21
0	20
0	20
0	20
36	1555
0	1688
21	0
0	95
13	1429
0	0
0	0
0	0
1	1
0	1
68	875
9	764
5954	2388
6	65
0	245
1	185
12	957
111	222
0	222
33	8249
1047	10115
0	538
7	3476
6	17
24	159
25	1181
26	1309
0	0
0	41
0	41
1	16
0	7
5	10
0	0
0	0
0	41
0	0
0	0
0	0
8	2755
375	2755
2	2205
1	2611
3	2568
5	252
5	0
1	260
23	0
1	878
1	5
0	1
0	49
4	151
0	195
0	321
1	15
2	360
4	457
7	246
5	180
5	253
0	83
5	26
1	0
0	0
1716	1
0	705
3	33
28	617
4	646
1	46
0	41
0	0
1	0
2	30
0	10
0	11
0	2
0	2
98	1410
0	1410
0	465
1	172
0	115
0	26
1	58
359	416
0	1
0	0
0	0
0	0
0	223
0	8
0	0
0	353
0	0
0	0
0	0
7	180
0	2
0	12
0	12
0	10
0	5
0	3
0	0
0	0
0	177
0	180
1108	67
3	64
752	1
921	275
0	275
122	478
3	33
1	345
54	97
0	467
9	44
47	133
198	756
476	1528
34	1468
0	42
0	19
3	6
0	337
1	831
0	0
0	0
2	16
20	875
344	1244
7	1032
0	92
1	111
0	17
0	360
0	131
2	127
0	223
0	207
0	38
0	206
0	42
0	0
3938	7
2	1
9	7
1	7
34	163
10	214
6	216
3	29
3	84
50	117
2	19
355	298
0	162
17	136
5	20
18	2307
41	561
0	1967
0	1517
2	354
0	683
86	110
1934	144
0	25
4	14
0	121
0	130
32	282
13	422
0	386
0	89
0	0
30	89
0	0
13	89
0	24
0	12
1	18
0	1
0	12
0	4
0	0
0	12
0	11
4	1627
1	1410
18	1078
240	1454
1	990
0	1347
0	316
3	386
0	221
0	296
0	85
1028	291
0	2
0	18
0	75
0	110
0	158
18	472
1	138
12	588
23	502
0	25
1	139
0	0
0	61
0	0
0	22
1	0
0	0
1386	1
1	2219
114	2519
30	1380
71	2124
6	2051
0	2272
0	295
2	2150
0	935
282	811
4	9
37	11
2	14
0	65
0	2101
19	2494
2	389
1	255
1	1
6	25
0	237
0	134
0	19
0	2
1	10
15	1057
0	869
0	957
0	1058
0	1197
0	471
0	176
0	276
0	275
1	155
4	267
0	104
0	233
0	210
0	0
0	41
0	133
4	16
0	52
3692	2
0	3
0	3
0	3
0	0
0	0
0	0
0	0
0	9
0	21
0	17
0	0
0	0
0	0
0	0
0	0
0	0
0	65
0	65
1	30
65	2908
51	1819
0	3023
8	309
0	56
6	561
7	2896
455	18
1	18
14	1924
0	2379
11	1922
0	41
0	1378
0	0
3	2379
13	2143
30	1047
0	1980
133	2086
2	30
8	168
3	804
1	144
1	289
0	447
3	355
2	242
5	2
913	423
63	420
15	1027
0	38
2	0
6	49
0	42
0	39
1	28
2	12
2	31
0	6
0	1
0	1017
23	930
10	81
1	442
0	593
0	1266
2	1314
0	190
0	110
0	36
0	25
0	295
3	965
0	1006
6	765
1	203
0	13
0	20
0	81
0	75
0	1014
126	8
1	8
1	0
0	0
33	6648
1	733
0	282
439	6647
0	208
5	386
126	4039
0	276
31	927
4	927
0	32
0	0
0	125
0	92
0	92
2	7
1521	2172
0	2026
8	321
1	920
3	0
4	112
0	0
0	1
0	1
0	1
0	1
0	0
0	0
0	0
50	5
1	3
0	2
0	4
0	63
1	78
0	0
0	98
0	61
7	2
0	15
1	9
3	20
0	98
1	0
0	134
2	247
0	232
0	119
0	197
6	188
0	1
0	197
2	21
0	3
0	9
0	20
4	12
2	25
1	25
0	0
0	0
0	0
0	0
0	0
0	0
425	99
0	0
1	0
2	1
1	98
30	9
0	9
0	4
0	1
15	49
0	43
0	24
3	16
0	12
0	2
0	6
0	8
0	4
0	6
0	3
3	0
0	143
0	125
1	43
0	0
0	128
0	36
0	11
0	8
0	81
0	0
0	0
0	0
0	0
0	0
0	0
0	0
0	0
0	0
0	0
0	0
1	692
8	1025
2	12
0	175
0	175
0	154
1	17
0	410
0	2
44	137
2	60
39	138
0	65
5	1
0	0
0	0
0	0
0	0
0	0
1495	2658
0	2232
0	2186
0	1786
4	770
1	270
8	333
18	646
5	23
0	316
0	80
4	0
0	0
0	938
123	3915
4	0
6	3893
331	212
0	100
337	428
0	0
0	428
0	0
0	0
0	139
0	5
0	49
1	164
34	1306
6	542
2	1273
2	0
23	136
4	0
0	88
3	86
2	76
4	0
21	362
51	199
1	248
1	52
0	75
0	63
1	7
0	12
5	40
1	75
6257	10610
1	10589
0	4520
0	637
0	18
74	237
35	237
14	237
0	0
0	63
0	14
4	8
37	63
0	0
0	0
0	5
0	5
0	5
406	16
0	16
404	37
0	32
0	6
2357	899
0	845
0	2
27	552
0	49
1	9
0	33
1	1
0	2
620	692
26	120
15	679
0	0
0	0
0	0
1346	1104
70	1115
43	13
1	0
0	0
0	0
0	0
0	0
0	0
214	1780
15	1784
2	693
3	60
3	4
224	0
44	402
0	402
2	134
7	336
6	98
7	300
10	95
0	119
24	158
3	53
0	40
4	6533
76	6547
38	6534
1425	6600
120	6557
2	6523
0	6496
2	4760
2	4459
0	4418
11	385
0	1267
39	6534
6	419
131	37
82	454
57	444
1	15
1	39
0	0
2	0
0	0
0	5
0	5
0	5
2	256
0	448
2	53
0	101
0	0
1312	39
0	0
8	152
15	157
1	55
0	5
1141	343
15	340
0	0
0	0
1	0
731	267
1	39
0	1
2	3
3	0
3	267
4	0
635	5191
402	5190
0	738
0	544
0	1842
0	223
14	142
3	320
0	7
207	8
0	110
1538	1793
0	733
198	1713
0	1452
0	186
0	1088
1	13
0	96
0	1061
0	1153
2	30
29	12
0	0
1	657
2	1
1	382
285	1994
0	7
3256	2892
12	1893
36	2619
38	2047
0	274
0	2450
0	0
0	1
0	1
0	1
6	182
11	177
5	5
176	221
0	221
0	0
275	0
15	668
31	668
1	113
4	30
0	7
4	23
0	0
23	2191
4	0
18	2199
3	13
29	258
2	18
176	392
1	2124
1	1509
3083	26
0	21
603	541
2	27
3	391
0	214
14	21
11	4
47	2422
17	2425
0	219
1	155
0	118
0	98
0	133
1	71
1	41
2	43
0	1
0	4
0	0
0	2421
0	2373
0	2382
0	2418
68	9
0	8
0	1
0	0
414	12337
0	109
36	3697
1	4090
13	3297
10	8775
1	1947
1	3034
0	598
10	1984
0	3476
2	64
1684	7592
2	1739
0	5550
0	3
1	3370
2	26
3	0
26	24
0	24
0	0
2129	315
0	0
0	314
4	9
18	0
0	0
11	0
0	0
142	6367
1	2211
1	4489
0	4967
927	4590
278	526
29	4477
6	3538
0	3199
5	685
1	677
3	2183
14	2745
3	648
0	43
42	554
52	875
1	74
17	26
8	346
0	4
1	20
0	249
0	160
0	172
0	383
0	12
0	113
1	82
7	555
1	12
2	74
3	45
606	592
0	14
0	34
0	15
0	155
0	79
0	96
0	28
0	43
0	125
165	1
68	2966
4	0
359	2967
52	21
0	6724
327	6724
316	182
13	118
242	219
1	0
3	1
2	31
0	203
0	0
0	0
0	0
0	0
0	0
0	68
2659	2400
0	325
0	660
345	1135
0	1531
0	1
8	80
158	688
0	240
0	236
35	461
0	236
50	115
0	57
3	118
0	3
1	197
7	0
640	11
2	11
3	2
0	0
203	6103
673	6104
15	2819
27	156
147	2715
0	2699
0	2531
0	2575
23	777
0	3
0	4
1	4
753	726
11	59
0	2
5	654
0	3
3	42
0	123
0	78
2	33
0	0
0	0
0	0
0	0
3	125
0	1
0	8
0	118
0	0
0	10
0	52
0	7
1	44
0	0
0	0
1	1
0	0
0	0
0	0
0	1
0	0
0	0
3	0
0	10
14	10
2549	394
28	390
5	341
7	248
3	3
969	135
0	101
0	134
858	505
0	503
31	144
1	33
3	139
0	30
182	21
0	21
1	1
0	1
512	1
4	1266
0	1222
3	1131
0	14
6	217
7	14
2	25
9	17
2	3
0	24
3	349
0	1265
4	0
75	391
2	390
0	2
0	0
0	217
0	1
0	1
104	277
0	39
0	74
1	0
2	1
21	202
1	389
0	0
0	3
0	0
0	0
2	1
2	385
0	191
0	193
0	29
0	27
0	193
0	46
0	32
0	1
0	17
1280	87
0	86
224	483
4	375
1	352
77	405
2	349
57	389
0	122
0	48
22	0
2	184
1722	865
0	255
2	25
2	541
0	0
277	2200
0	2357
0	2295
0	131
40	1521
0	1570
73	950
0	0
0	69
4	35
3	115
21	182
0	44
4	1
0	2
0	1
4297	3
21	30
1	12
1	30
0	0
0	1
0	683
2	821
94	713
29	753
27	632
7	313
2	30
0	77
3	0
13	76
1	77
903	112
0	112
45	1280
28	62
360	1226
0	0
0	1226
1	9
0	37
0	20
0	0
0	0
0	0
0	0
15	0
0	0
0	0
0	0
0	0
0	0
0	0
11	0
0	17
0	17
24	20
0	9
1	0
8	39
1	342
58	380
0	40
0	22
0	0
0	0
0	0
0	0
0	420
0	2
0	0
0	0
0	0
6	1806
2	0
41	1933
3	5
0	152
0	1408
0	146
1	551
2	477
0	111
0	96
0	231
9	36
0	130
10	122
984	226
3	5
1101	139
1	136
0	1
0	0
0	0
80	501
14	0
21	501
0	0
0	0
0	0
0	0
1	220
5	62
0	214
1	2
8	19
0	35
697	5989
14	188
0	5976
0	836
19	5108
31	431
0	0
0	0
0	0
0	0
0	0
0	0
0	0
2	0
7	169
0	1
0	0
0	0
0	0
0	168
1152	1247
2	339
39	937
8	10
14	0
0	22511
1	28986
165	4709
0	0
0	28983
0	216
41	216
0	216
617	0
0	0
13	2912
0	2626
0	47
1	20
4	2260
86	153
37	40
0	23
0	42
0	1903
2	0
0	0
7	2106
0	1213
25	1539
183	38
0	32
3	6
367	181
6	170
0	7
0	106
2	0
0	0
0	0
0	0
0	9
0	9
934	1094
4	1091
2	3
197	81
0	3
3	47
0	30
4	3542
3	2
0	0
1	97
1	195
854	3737
3	0
0	60
0	80
1	85
0	54
0	32
4	19
0	45
0	42
0	39
1	29
0	5
0	8
0	0
0	2
0	0
0	2
0	1
52	32
0	1132
0	11
1	2040
0	403
0	1871
8	140
3	2243
169	1823
100	129
8	24
1225	2
21	1816
0	1
0	0
0	0
0	1
0	1
0	0
0	0
159	108
35	108
397	2145
13	65
10	1102
0	294
0	1653
0	47
2	78
8	2
0	63
1	0
0	0
154	305
37	307
23	4
12659	6
0	57
7	1828
0	109
2	4
0	0
43	1875
0	1877
2	1850
2	8
1	2
3	63
0	2
1	1899
0	1874
2	44
6	62
3	0
0	44
0	12
0	0
0	24
51	11700
0	3530
0	4030
0	2672
0	2396
7	1484
0	11658
0	4609
308	6539
0	970
6	1224
4	19
0	544
13	2191
73	2402
7	18
6	1
47	30
36	2208
139	2273
0	394
9	2114
10	196
2	59
0	0
2025	4455
135	2019
0	1929
33	2773
1	42
4	413
291	1401
791	1407
0	16
0	0
11	5
1	208
76	249
0	248
0	1
0	0
0	0
1	0
0	251
10	309
139	230
0	93
887	751
1	580
0	34
1	16
21	751
2	38
0	38
4	15
58	92
5	90
0	0
0	26
36	869
0	173
9	858
3	129
0	95
2	135
8	800
11	21
11	70
4	1535
0	1584
143	803
0	406
179	1595
19	1169
3961	2411
2	46
92	24
3	0
0	1737
0	0
0	0
0	0
0	0
0	0
27	1
2	172
0	204
0	277
0	9
0	635
0	0
0	684
2	1
0	0
596	0
14	14
21	96
380	276
65	181
125	3662
113	3662
0	2
1	70
0	770
6	776
0	593
0	77
0	5
1	3
6	121
0	564
23	58
0	27
0	7
2	103
0	114
8	113
0	2
0	0
889	769
7	769
0	0
0	0
0	0
220	21
3	21
0	2
0	2
1516	345
11	335
0	33
8	38
0	312
1	305
48	1
0	0
0	0
624	521
10	511
1	0
0	10
23	105
19	193
5	2
423	55
0	55
1	266
3	326
0	67
0	16
0	15
1	90
0	143
523	143
54	174
15	172
35	0
0	42
0	2
3	11
0	2
662	226
0	1
1	1
0	1
3	20
0	12
13	27
0	17
2	12
0	6
2	14
0	0
0	20
1	1
258	1545
206	1136
3	525
1	95
2	112
9	100
120	24
0	24
40	15
1	33
1103	330
1	329
13	5
28	1
1281	805
0	73
0	349
1	205
2	24
1	8
0	309
0	320
726	989
1	140
1	849
5	0
70	599
2	598
18	179
1	42
0	16
2	32
4	928
2	929
78	952
0	24
20	896
0	0
6	0
297	0
0	148
0	154
0	49
0	9
0	32
0	0
0	0
1	15
0	0
0	0
0	0
0	1
0	1
0	0
0	0
0	0
0	0
546	7583
10	1658
5	694
0	2145
15	5223
27	1081
9	0
2023	834
42	832
0	13
0	0
0	13
0	5
0	5
0	13
5	3999
0	3668
12	3664
0	3607
0	146
6	3554
0	11
0	13
0	0
0	513
0	8
0	170
0	550
0	107
0	88
0	95
2	142
0	0
20	1619
0	297
0	56
0	415
0	0
0	0
0	0
0	2
1	2
0	2
7	2
0	0
116	1980
34	1769
22	1195
43	121
5	16
0	0
0	0
0	0
0	0
818	0
0	0
0	0
0	0
162	1883
713	1877
3	1705
13	656
0	690
10	1208
0	31
15	645
2	576
13	418
0	1883
0	0
0	0
24	62
0	25
2	0
0	2
0	47
2	6
1	0
0	4
0	22
17	91
132	4
65	95
445	0
0	0
0	0
0	51
140	219
1	11
0	20
0	49
0	15
1	18
0	22
4	3
0	19
2	25
0	4
0	14
0	38
0	61
0	61
1	43
2	29
0	5
0	1
0	5
1	2
0	1
0	3
0	0
0	0
42	767
388	1070
8	766
0	307
0	1
0	1
207	275
7	59
0	33
48	189
3	5
0	5
0	0
0	4
600	178
140	176
513	387
0	347
17	11
0	27
6	4
32	40
1	26
34	4440
54	1132
0	1074
5	647
0	3175
0	590
1	5
0	39
5	0
0	3726
2692	373
2	1
0	345
0	259
1	27
7	17
0	17
0	10
0	0
0	4
0	0
0	1
274	72
0	70
1	44
4	35
0	0
0	32
0	31
1	0
0	29
0	31
0	30
0	30
0	29
1015	170
2	4
0	165
2	163
9	35
0	2
0	35
0	0
0	0
0	0
0	0
0	0
0	0
0	0
0	0
0	0
3	216
1	107
0	123
39	178
12	421
6	422
4	0
10	2
0	183
0	536
8	537
0	836
277	836
0	629
0	0
0	0
0	0
0	0
2398	10
73	346
0	31
0	6
0	8517
71	5451
18	10384
2	10873
0	10970
0	0
18	1184
0	1497
0	0
12	405
182	45
0	45
1	146
45	151
0	125
378	1876
73	803
3	211
22	35
18	922
0	0
5	59
767	1166
12	1127
6	38
16	508
0	81
0	0
0	0
0	0
0	0
0	0
0	0
0	0
277	219
2	92
0	171
0	44
4	34
423	0
4	544
0	362
0	548
2	233
62	544
0	440
9	52
21	1
0	0
0	0
0	0
0	0
0	0
0	2
15	38
0	2
0	0
0	0
0	0
0	0
0	0
0	0
0	0
0	0
0	215
1324	399
219	398
21	308
1	345
0	5
4	1012
16	111
1	8
0	8
19	9
0	1
6	47
1	47
0	1
0	0
0	0
8	28
0	28
0	20
1	19
87	173
1	120
0	1
0	40
1	9
0	1
4	25
0	25
0	0
1	0
0	1
0	0
0	2
0	24
0	0
1	7
0	3759
8	433
950	3738
0	104
5	0
1	15
1	1
0	1
5	104
199	1
2	0
0	15
21	147
0	24
0	28
3	71
0	113
1	72
0	13
2	23
597	386
3	56
0	246
7	76
0	41
0	93
0	26
5	3
0	3
7	0
0	22
0	42
4	6
0	0
0	45
0	402
45	1316
5	1200
12	670
1	293
7	32
8	6
471	901
1	1
0	0
0	0
0	0
0	1
0	7
0	7
1	7
3	0
5	1
1	1
5	0
12	0
0	68
0	14
0	67
0	33
0	27
0	68
0	25
93	2
0	2
1	367
94	738
3	25
0	438
25	30
2	358
0	55
6	4045
31	3851
70	3533
24	2609
45	127
12	0
15	5
0	619
2	4
1	147
5	1
0	14
0	0
0	5
0	16
0	24
0	37
0	33
2	38
2	13
0	0
0	0
0	9
4	9
17	5
4	37
1	37
0	0
0	0
0	0
0	0
0	0
0	0
0	0
0	0
0	10
12	690
1	690
0	0
0	0
0	0
0	0
2	0
316	0
1	223
122	2987
0	195
1	212
0	0
57	1192
3791	2922
1	0
120	150
2	24
0	1370
4	1214
12	1151
29	49
19	7
0	111
2	11
2	75
35	928
0	83
0	0
0	0
1	0
0	0
0	137
9	138
0	0
0	1
0	4
0	0
0	61
0	4
0	43
60	236
14	242
0	38
0	1
461	456
7	463
0	473
6	303
0	332
0	7
4	97
0	31
0	1
0	1
380	0
6	107
471	107
0	0
0	0
0	0
0	0
1388	680
10	196
6	18
0	20
0	394
13	382
13	112
0	9
0	0
1	0
25	0
0	0
0	0
0	0
22	3700
10	574
0	3686
0	63
2	10
2	106
0	867
5	12
0	193
0	153
405	1
0	0
50	372
47	372
24	103
0	0
0	0
0	5
0	5
0	0
0	1
0	0
0	0
0	0
0	5
15	343
38	1060
0	414
4	262
0	318
1	22
14	1090
2	261
1	220
0	1161
7	28
0	183
0	2
3	3
317	25
0	2
0	18
30	1566
33	10587
3	11090
6	10403
81	0
1	0
12	50
0	50
0	506
1	109
3	167
0	167
0	17
0	10
0	5
277	11349
5	11
124	3
9	1595
212	8479
8	3
1	1
111	34
58	65
16	10714
2	4
0	4
0	4
0	0
0	0
0	0
2	40
0	40
0	39
0	120
2	28
17	1390
1	402
0	1491
2	154
1	77
11	224
0	165
1	18
1	1491
400	114
4	16
0	99
0	30
5	4
0	4
0	4
0	0
454	113
0	111
0	1
0	0
0	13
0	0
1	13
17	1338
3	932
59	1195
5	124
28	115
0	4
0	0
0	1
8	36
0	243
0	463
0	111
0	0
0	0
0	0
0	0
0	0
0	0
0	0
0	0
0	0
31	4571
25	3956
169	3941
7	19
2	16
1	20
13	9
15	6
459	14068
0	15988
0	964
0	3755
11	580
0	11916
0	2405
2	3457
65	14454
1	10
0	0
0	2
0	0
0	8
0	0
3	1
0	256
731	1108
1	446
0	164
38	965
0	19
0	0
0	0
0	24
0	24
0	4
8	4
1	493
33	494
0	14
0	0
0	13
53	37
1	10
0	0
2	27
15	196
7	83
0	6
0	106
0	162
0	111
0	71
16	57
1	0
0	863
0	623
0	863
1301	3570
0	3538
0	1629
2	90
13	172
4	31
0	0
7422	357
6	21
2	331
5	4
600	857
3	145
9	459
2	154
4	310
0	0
0	0
6	381
184	413
0	216
0	39
1	27
1	0
5	74
5	22
0	46
0	6
0	8
0	0
0	0
0	0
0	0
0	0
0	0
2587	59
0	58
29	0
0	0
0	0
1578	1040
4	139
47	615
0	2
31	5
4	511
926	8740
2	7858
0	6734
5	5380
0	4909
0	894
39	684
0	42
1456	1598
13	1472
1	196
0	0
0	0
5462	4
0	0
0	0
0	0
0	0
0	0
0	0
0	0
31	670
13	624
0	5
0	466
2	548
0	495
1	117
1	58
0	0
0	0
0	28
0	0
1	15
0	1
0	1
0	9
0	28
0	9
288	576
0	541
0	344
0	0
0	0
0	5
0	775
0	620
0	200
1	255
14	161
3	29
0	22
144	0
22	2
6187	2113
2	11
0	167
9	364
1	554
0	667
0	342
4	316
0	1830
6	6523
27	5442
13	5487
0	1794
1	1446
0	915
5	454
2	45
2	2
0	286
0	10
3	393
2	3
31	1
2	20
1	424
41	571
0	34
2	218
0	205
0	70
0	28
0	0
1018	344
0	272
4	140
2	79
141	3150
7	3150
160	243
0	110
1	21
1	81
14	120
92	3117
0	0
3467	703
34	265
1	52
0	206
0	224
6	234
0	0
0	0
0	278
0	291
2	253
1	74
2	137
0	23
2	82
0	85
17	0
4	0
3	0
31	9
1	5
0	6
5	0
0	0
0	0
83	550
59	478
1	5
9	17
12	85
30	469
4	168
39	172
0	492
48	5042
276	5423
266	4027
4	801
4	4845
5	5367
21	4818
176	173
75	51
0	2
0	0
0	0
0	0
0	0
51	177
24	177
1126	5
3	3
23	214
0	197
0	0
48	261
7833	1752
0	276
2	686
4	368
8	624
421	1
10	1
1	4
0	4
0	0
128	669
0	669
3	669
1	669
2	351
141	56
19	364
0	0
0	0
30	6763
0	992
213	6472
0	400
0	307
0	6646
0	0
96	6766
0	10
182	10
0	0
0	0
0	0
28	1
5	5
54	864
104	5458
114	5380
4	3
27	20
0	0
0	0
1	425
0	425
14	419
0	386
2	33
2	2
3	0
401	79
0	38
5	26
0	0
0	7
5	34
0	13
0	41
0	37
0	25
0	0
0	1
0	2
12	102
90	1549
234	2794
0	51
28	77
0	1596
5	2
0	1723
0	6
0	60
17	0
31	828
1	2687
0	0
0	0
39	5493
91	8548
66	8547
297	8091
17	26
3	160
329	222
0	222
0	3
88	22
0	22
17	28
1	27
0	1
0	0
0	0
0	0
0	0
0	0
0	0
2873	733
3	0
2	731
0	422
3	0
5	0
0	1911
0	195
0	279
0	764
0	58
14	23
0	45
3	19
0	127
0	23
0	362
3	34
0	1842
0	1972
0	1868
35	814
5	0
31	814
0	36
14	18
3	3
10	661
2	50
6	2
10	33
1	0
2	11
383	519
74	519
4462	3
0	0
0	8
2	0
1	5
0	4
0	5
1	0
0	0
0	1966
0	4497
71	1580
11	3449
8	297
4	1495
0	2115
3	3272
6	3576
0	1025
0	2191
2	4282
0	1437
17	1667
0	1481
57	1761
0	1228
0	1043
0	1257
2	1052
0	1189
4	1100
7	568
7	181
1	1059
8	275
9	578
0	2415
9	9
65	0
40	398
0	0
4	7
1	7
509	168
54	1
0	0
0	0
0	0
1	2389
46	264
6	660
0	2365
49	2285
227	1435
17	313
0	3
31	1121
0	314
1	311
0	312
0	47
0	48
0	19
0	0
1	8
1	0
0	0
0	0
1	451
506	596
3	352
0	154
0	271
0	283
0	260
0	265
7	153
0	5
0	7
3	98
0	3
0	1
0	2
1	3
222	0
0	0
0	0
2550	169
6	166
0	70
5	70
0	69
57	393
33	391
0	45
9	24
0	7
4	21
458	2343
0	15
0	68
0	2333
1	0
547	955
73	848
0	14
3	54
1	100
0	0
234	3832
10	180
0	33
0	2274
0	3627
14	2986
0	2294
2	286
0	1
0	1
0	1
0	0
0	0
306	115
0	27
7	4
2	66
0	62
0	13
25	7
0	7
0	0
0	0
0	0
0	0
0	0
0	0
49	557
2	441
0	360
0	307
0	273
0	61
1	55
0	14
0	12
0	24
0	6
12	0
138	0
521	226
6	222
0	4
0	81
2	746
0	1008
0	344
0	0
0	15
38	1008
0	0
0	0
4	2
0	2
0	0
0	0
0	0
0	0
0	0
0	643
260	1959
0	810
62	1775
1	132
0	38
90	1877
0	519
2	121
0	1468
16	237
1	2
39	830
0	206
0	77
0	5
6	66
83	11
0	434
3	363
1	9
2	38
13	38
0	0
0	42
0	148
0	390
24	396
1	21
0	7
7	41
0	0
2497	1
0	0
0	0
0	0
0	12
0	6
0	0
0	0
0	12
0	0
0	0
0	0
5	14
1067	1
18	175
812	175
1	0
434	1253
1	763
6	490
0	176
0	27
1	154
69	1489
6	1489
0	449
0	52
1	0
0	0
0	0
13	271
8	778
33	630
14	75
0	354
0	0
0	0
7	1
3	1
0	0
0	0
0	0
0	0
0	0
0	0
0	4
0	4
152	487
0	487
153	0
129	590
0	616
22	626
1	7
0	8
2	9
0	9
575	1645
0	1645
3205	586
1	257
18	327
3	39
14	34
0	2
0	2
0	6
0	35
0	0
2	2
2	38
0	31
0	2
0	2
0	8
0	0
0	4
0	5
0	13
0	11
0	0
0	0
2766	2898
0	63
0	176
34	2833
19	0
0	2363
0	2264
4	1521
0	1119
7	68
543	2263
0	0
0	0
0	0
0	0
0	0
58	714
8	560
24	138
1	417
2	137
0	136
0	0
0	0
0	0
0	0
0	15
0	2
0	0
137	19
1	17
0	0
0	0
0	0
0	0
502	129
7	106
9	73
2	93
4	118
0	14
0	116
0	49
1	107
1	4
0	0
0	2
2	12
1	114
24	0
0	0
0	3
0	3
0	0
0	1
1283	0
2	0
0	9
0	12
0	1
0	8
0	4
0	770
0	0
1	3
0	770
0	0
9	483
11	501
80	590
16	197
8	156
0	0
288	0
0	0
0	0
391	617
77	646
0	516
4	633
0	439
0	4
0	1
0	4
0	1
0	0
0	0
10	21234
0	28184
46	27203
28	4210
0	4402
9	903
6	493
1805	588
2	338
8	452
0	569
3	42
0	395
4	83
0	505
11	1169
17	363
0	847
9	1016
8	1018
18	397
1	4
2	150
8	154
2	96
0	84
1	238
12	1
30	176
0	22
0	121
4	87
6	197
10	85
2	33
0	54
2	2
4	27
4	0
0	794
0	1058
0	0
2	690
56	743
0	757
5	622
0	0
0	78
1	8
0	4
1	438
2	303
53	144
1	132
13	249
1	2238
1	1813
65	110
0	0
0	2238
0	0
39	1276
6	1221
97	1283
5	57
7	226
66	41
0	300
0	4
0	361
7	325
1	521
0	800
0	804
687	800
0	472
0	105
18	41
0	403
0	18
0	0
0	379
0	379
1	379
0	283
0	272
0	0
20	90
0	0
0	373
0	0
0	0
0	34
0	41
0	9
3	3
18	38
0	22
0	22
0	22
0	7
0	7
0	0
0	0
0	0
29	7333
8	3628
0	3717
0	2646
1	172
0	165
0	374
6	317
2	211
9	7069
16	0
2	0
2	0
1	0
197	666
12	601
1	0
0	65
2181	5
2	17
0	17
6	17
0	0
0	0
0	6
0	0
0	4
0	4
0	5
0	5
0	4
0	1
577	181
2	154
96	147
1	18
1	0
140	1009
0	270
0	291
0	781
0	1024
4	980
0	1013
0	274
1	249
0	30
0	10
0	3
0	0
0	17
0	39
0	53
1	173
0	38
1	0
3	39
0	1
0	0
1	61
356	114
0	114
0	285
5	285
0	0
0	0
0	0
0	0
1386	1322
1	659
0	733
0	0
5	997
10	26
14	531
0	0
0	0
1618	1
4	21
0	0
5	31
0	20
0	25
34	3
0	3
4518	5
2	2
0	0
4	425
131	470
21	95
8	3
0	0
0	0
17	1419
0	395
4	123
4	115
17	883
0	1202
0	124
0	453
3	152
21	2
0	2
1	37
0	24
0	27
0	2
0	0
0	0
0	0
0	36
0	37
746	98
0	93
12	49
0	45
155	0
1	75
3	82
10	82
1	2
0	11
678	293
0	289
0	201
0	269
0	121
2	143
3	122
1	42
1	27
0	35
2	5
5	0
1	0
0	0
0	1343
3	1391
11	1476
0	1482
1	324
0	132
11	0
0	1417
0	7
1	160
0	1
1	1
13	12280
13	13021
257	13024
21	812
0	0
0	895
0	4377
0	405
21	372
109	89
133	362
5	83
4	49
5	631
11	34
0	25
30	1180
23	1118
0	2
2	11
1	3
174	1469
0	1004
9	877
49	400
1	67
3	0
9	36
3	74
6	146
244	111
0	99
1	35
0	35
0	17
0	4
81	75
1	75
0	0
1	6
1471	174
3	173
701	512
2	0
1	6
2	34
0	55
11	164
1	1
0	1
0	0
0	0
0	0
0	1
1	1
39	71
0	71
8	75
13	140
1272	418
18	0
2	211
4	5
25	149
1	58
11	12
3	42
0	14
1	0
100	2027
0	677
18	1818
3	41
0	2095
38	0
2	82
0	8
108	81
0	0
0	0
0	0
494	79
0	34
0	47
0	0
0	0
0	0
0	0
10	290
149	329
1	7
0	215
1	29
15	3
0	3
1	1114
1	2172
3	305
4	360
1	34
0	163
2	98
9	0
4	1157
0	1050
0	0
0	0
2	55
0	4
0	0
0	55
1466	3722
0	2322
0	2329
1	833
9	951
0	26
0	19
54	31
0	74
79	314
0	3
2	5
0	2
0	3
0	2
0	3
0	3
0	4
0	0
0	1
0	0
0	0
0	0
0	0
0	0
0	0
0	0
13	1
1	62
10	102
2	178
0	91
8	33
2	36
21	1085
0	1032
1	982
67	1083
4	29
0	31
5	0
0	58
0	119
0	0
0	151
3	10
0	123
0	0
0	7
3	0
38	2
59	782
16	620
21	652
184	1291
18	1294
0	1070
0	3
0	0
0	0
0	0
0	0
69	0
1	6748
10	6761
41	6755
2	417
0	278
125	6544
0	6499
3	0
342	147
0	4
6	4
0	0
104	228
11	13
5	135
0	152
1830	1967
3	856
0	103
0	980
196	542
5	0
670	3225
1	1482
27	2565
1089	79
41	87
1	13
15	6
0	0
0	5
0	5
0	0
0	0
806	0
0	703
88	4636
0	5
0	46
274	384
23	339
30	122
2	332
1	183
4	181
3	4795
2	7
0	1
1	2
0	2
8	7
0	0
1	1
134	4409
54	5261
43	4054
10	1991
11	1599
2	659
10	787
0	180
940	380
7	41
0	57
0	6
0	0
9	304
0	158
0	163
0	213
0	28
1	154
0	0
0	0
0	0
0	63
0	61
0	1
0	63
3	0
0	0
10	287
5	151
0	236
3	168
8	242
1	60
8	5
0	185
7	807
3	164
0	81
0	7
30	804
0	11
11	173
0	443
2	389
4373	24
0	5
2	19
0	10
3	51
1	53
0	54
4	40
15	24
0	19
0	54
12	161
0	168
0	154
0	0
0	85
0	3
0	10
706	548
1	511
72	232
48	111
0	2
0	113
1	228
829	225
1	42
2	0
2074	6
32	990
0	990
3	990
0	990
32	965
2	3
5	2
0	9
0	0
4	37
5	11
48	0
82	627
20	664
0	179
0	153
0	113
0	81
0	21
1	15
1	0
1	0
32	99
10	96
0	49
0	21
2	22
621	312
15	226
11	58
31	18
6	68
0	19
3	625
0	25
0	3
0	608
0	50
0	451
0	453
0	0
0	0
0	34
0	9
15	150
0	122
1	51
8	293
55	2877
0	2772
1	579
88	553
0	10
31	386
1	384
1	85
46	604
0	27
4	0
0	0
0	0
0	0
5	721
406	764
43	439
3	11
3	129
3588	4266
0	3313
5	2
0	2
1	379
1	1682
14	163
0	458
5	292
0	1632
11	1722
0	1679
0	49
9	1054
6	123
1	122
0	117
0	146
0	176
1	18
3	107
1	51
0	1
1	31
5	60
12	25
152	362
111	589
5	585
0	576
3	191
12	394
1	234
1	25
0	0
0	0
0	0
0	0
0	0
0	2
0	2
0	307
1	35
0	344
0	524
549	564
3	11
2	40
0	12
0	353
0	297
30	0
156	140
31	140
0	0
0	0
0	0
881	32
0	32
12866	6338
61	1123
28	7
2	3297
31	1023
1	3034
0	3340
33	2794
143	3397
21	432
19	128
58	3
10	926
127	214
9	230
1	1007
75	538
0	2
7	119
0	55
0	0
446	138
2	138
7	55
6	84
0	59
0	69
0	1
0	14
0	0
0	4
0	0
24	29
3	2
8	31
36	8271
5	8407
0	1553
12	5031
12	2
0	2
0	8125
0	7749
0	766
2	7781
10	276
16	4753
0	2086
1	0
5	381
2	3345
0	278
0	137
1	251
161	94
6	46
5	31
4	48
55	793
20	808
1	685
3	683
0	69
5	54
2	57
0	37
133	3176
57	3009
20	951
1	334
7	34
24	307
1	143
385	96
0	31
0	0
13	73
15	1
16	0
2	0
942	2236
2	2023
5	158
0	1073
4	1641
28	9
3	8
16	1641
23	24
108	133
4	90
56	4
39	47
0	210
0	234
0	1
0	0
0	88
0	217
4	205
0	2
0	0
1	94
26	1349
91	828
625	2587
8	610
0	145
0	0
0	170
1	1494
5	250
26	136
2	638
6	955
10	175
0	18
15	7
3	206
1	194
1	206
16	13
3	9
13	7
1	1305
41	1444
0	967
0	1291
0	1156
3	160
21	146
0	110
5	300
15	788
6	501
0	316
0	237
87	2
0	2
0	0
1	1
0	0
0	1
114	1697
1	10
27	65
9	1611
14	209
1	23
13	101
0	158
312	56
13	56
1719	279
0	34
1	244
0	0
10	3024
0	2866
1	2761
12	957
5	2934
1	493
1	828
0	1126
13	1020
0	1323
0	1640
0	3034
0	1269
0	96
2	1227
3	1773
3	0
0	272
0	234
1	207
0	837
0	180
9	182
0	450
41	0
0	216
26	0
2	2
0	2
0	0
0	0
0	0
0	0
0	0
0	0
0	0
13	0
16	1683
0	59
5	201
17	1094
3	1354
0	1569
1	55
0	20
0	0
3	85
0	0
0	0
0	0
0	0
0	0
24	1539
56	1881
1	452
0	439
0	99
0	65
1	568
32	490
0	1
6	45
2	68
87	192
58	169
1	67
21	57
2	3
2	29
0	6
0	0
0	0
0	0
1	0
0	0
1	0
637	2846
6	2355
3	1275
0	988
20	116
3	12
0	20
300	255
0	137
0	87
0	0
0	0
0	0
42	832
4	792
0	39
0	3
0	1
13	148
426	19773
1	19783
370	19747
26	187
1	19406
803	1
0	833
0	833
2532	1122
19	548
0	49
1	31
53	290
0	187
570	46
2	18
0	27
0	26
0	36
0	36
0	36
42	1253
0	17
0	143
0	1103
0	52
295	1260
0	111
0	280
0	1
0	352
3	498
2	81
0	61
0	14
0	0
9	591
0	45
10	42
0	15
61	591
0	0
0	0
43	25
0	55
0	55
0	2
14	6
0	0
16	48
0	47
0	12
0	0
0	8
0	0
0	6
0	3
0	14
21	0
66	287
0	399
0	85
0	161
420	219
261	219
7	2506
2168	2509
29	310
610	181
30	150
360	0
0	1
0	2
0	3
0	0
0	1687
2	1735
51	1642
0	1393
0	919
0	135
0	35
6	0
0	78
0	0
0	28
0	2186
5	2134
2	2131
71	2191
0	0
1	135
105	180
0	73
0	121
2	16
1	48
0	19
0	19
35	582
18	582
47	2240
0	2412
2	626
7	325
81	243
11	2443
2	105
0	107
0	44
0	4
1	5
3	35
32	1634
23	1613
0	53
0	1484
2	37
0	223
1	265
51	46
0	227
87	312
0	8
10	304
298	249
10	142
9	111
26	165
29	138
1	55
2	2
4	34
0	0
0	1724
14	585
2	98
1	11
10	1594
0	0
0	0
0	0
0	0
0	0
0	0
0	0
4	0
0	0
0	0
2	0
12	455
1	0
0	30
11	455
15	150
0	2
128	0
110	408
1	257
0	245
2	121
4	65
1	11
0	408
0	16
0	185
20	511
69	285
0	185
0	130
0	183
0	142
0	240
2	77
1	0
0	6
1	12
123	141
1	139
40	14
24	58
1	44
3	52
0	30
2	1
0	372
1	338
13	312
0	292
7	63
0	344
4	63
0	165
10	261
13	9
1	69
1	35
4	158
0	1
1	77
0	0
8036	7035
5	5850
1	5847
5	5648
44	0
0	1
2720	3451
555	3429
1	1268
265	1723
0	21
0	226
0	49
400	5080
329	5080
0	585
0	52
7	67
1	67
0	1
0	2
2	1361
9	0
0	33
0	128
169	178
0	76
0	1
0	0
0	19
0	29
7	179
0	184
765	103
17	103
1	2
0	4
1	4
0	0
0	0
0	1
0	0
0	1
62	921
5	918
3	699
0	616
1	130
2	0
0	0
61	1654
105	1601
0	5
1	25
2	57
0	634
0	537
0	267
12	48
2	76
6	16
0	60
0	83
0	82
1	0
0	634
0	0
0	0
24	645
0	459
5	437
0	9
1	0
8	52
0	652
1	3
0	3
0	3
40	650
2	576
0	31
0	249
7	168
2	155
9	105
3	162
0	96
4	65
1	1
4	9
0	0
0	14
0	22
0	596
0	585
6	23
0	23
7	7
0	0
51	0
5	1
1	13
28	13
116	712
3	124
14	196
0	375
0	0
0	0
0	44
0	0
0	277
1	41
0	114
1071	0
17	76
0	23
0	55
0	22
0	59
2	30
0	30
0	30
1	58
1	33
15	10
202	65
1	64
45	155
1	148
0	13
2	9
0	9
9	3
0	5
3	6
0	6
0	0
0	3
0	15
0	0
0	0
0	0
0	0
11	9
13	1
0	1
0	1
70	652
153	716
9	713
1	580
46	574
23	571
0	9
14	10
34	0
8	4
0	265
195	245
0	371
0	49
1	0
0	360
0	0
0	0
0	0
0	0
0	0
0	0
2	283
0	0
20	287
9	185
5	8
9	1
364	660
1	598
23	1
0	550
8	86
0	501
1	78
1	310
1	907
0	144
0	85
11	652
2	0
0	34
0	49
16	916
0	896
1	0
0	0
0	0
0	0
0	0
0	0
0	0
0	0
0	0
25	1
0	1
0	0
0	0
0	0
39	6954
3921	6966
0	2412
7	567
0	11
49	11900
0	8547
0	92
1	764
0	1909
0	5323
0	875
0	8904
0	4366
1	4167
64	3734
28	4821
30	91
1	77
0	3294
1	11039
0	4809
0	1105
0	4353
0	3061
23	255
1	58
298	525
1	533
0	12
0	0
21	273
0	0
0	0
6	7
0	8
11	60
1	38
0	0
0	4
0	0
0	7
0	2
0	8
0	0
0	1
0	15
0	0
206	90
0	43
0	65
0	86
1712	6
0	4
132	0
0	35
0	35
130	185
2	185
314	630
0	684
0	655
0	601
66	9
0	1
0	0
0	0
0	0
2	8
0	0
2	2259
444	4482
1	3291
0	0
13	11
2	0
3140	46
0	20
2	22
87	486
217	551
2	192
0	6
9	11
0	2
299	5314
939	5257
17	1
0	51
1	151
0	1649
1763	165
4	30
2	135
0	0
1044	520
0	125
31	341
4	181
6	128
0	18
0	29
0	1
0	1
8	712
0	751
30	660
18	3
3	612
1	79
4	182
0	151
0	145
12	236
3	236
1	235
2	27
0	3
2693	87
29	86
365	1227
7	79
3	245
12	611
0	604
1	21
0	21
0	0
0	0
29	601
730	1309
75	637
0	16
5	524
346	735
18	357
0	403
0	68
4126	6174
74	6060
0	76
100	272
18	407
3	426
16	186
7	240
0	15
0	5
0	15
1	15
0	13
0	15
0	13
0	18
0	13
0	15
1309	13
2	1643
19	1642
7	342
19	858
22	5
8	244
0	229
0	68
0	0
1	319
0	303
2	192
0	0
295	4647
300	5097
94	2229
11	140
13	239
3789	131
7	127
1693	457
0	1
4	125
0	331
13	759
0	162
2	78
0	155
3	205
0	61
1	257
2	151
0	1
0	443
0	0
0	0
0	0
1551	813
31	812
10694	19993
1	358
11	19870
1	0
0	0
0	3
0	3
0	0
169	348
0	117
0	38
0	279
0	138
0	57
4	7
1	50
0	50
13	1
0	0
0	0
29	18
0	8
0	4
0	6
0	1
12	15
84	792
12	766
0	26
0	0
0	0
0	0
0	0
28	7
1	0
0	0
0	0
536	38
0	37
16	345
0	127
0	126
0	0
23	344
65	183
9	16
348	1451
6	33
1	45
1	78
0	35
1	71
2	91
0	886
23	218
2	301
13	117
2	492
1	107
0	154
0	48
8	163
2	155
0	158
56	162
17	7
0	51
179	953
0	953
3	438
0	1
4	1
29	14
0	14
0	4
0	0
4	89
8	89
0	2083
6	2083
115	1336
0	0
0	126
9	2154
6	219
5	145
31	2805
5	120
0	295
5	752
33	115
4	602
0	339
16	342
0	189
1	126
0	49
3	0
10	14
3	183
13	105
42	90
3	21
0	15
0	21
0	0
1	1
1095	227
0	217
0	10
3	243
100	795
1	665
29	577
0	1
4	124
0	0
11	71
1497	874
8	806
5	21
0	120
1	16
39	123
0	48
0	4
16	2351
0	1754
8	567
0	133
1	2
0	2226
0	2150
0	9
5	0
0	9
1	1
0	0
0	4
0	3
6	1084
247	1331
1	143
6	141
1	1026
181	1026
47	0
485	0
0	190
7	190
0	34
0	0
25	26
6	34
43	389
3	124
0	46
3	305
0	0
0	1
4	178
0	127
0	94
0	13
0	176
0	172
0	95
114	133
0	38
1057	112
6	53
0	60
52	205
0	12
3	35
0	205
33	0
57	0
0	1
0	1
0	1
0	0
48	50
0	50
0	7
3	8
0	0
0	6
0	1
0	0
5622	2364
17	2359
10532	19320
5	18112
7	4247
0	0
0	0
0	0
0	0
0	0
0	0
0	1545
0	1131
8	877
242	1035
0	350
0	95
1	438
0	4
0	1559
0	1153
6	5
0	5
0	0
5489	3
78	72
5	71
4	4
16	519
2	72
761	1244
2	1317
0	508
3	54
6	92
7	115
0	12
0	50
0	112
0	5
0	1
1	7
0	24
0	3
0	0
0	0
0	0
0	0
33	16827
1	15786
0	7405
1	3851
27	2523
45	1213
1	795
0	486
3435	1117
0	1117
22	22
0	22
0	0
0	0
108	1215
821	1083
7	163
0	7
1	125
21	10
1	5
0	1
1	63
113	93
4	71
0	35
0	71
287	4021
8	1946
7	334
0	644
0	189
167	558
4	96
8	236
11	413
131	72
0	243
135	0
0	0
32	260
4	260
0	0
60	0
90	10
3	4
0	0
4	0
15	6
0	3
0	3
1159	838
53	838
0	10
0	10
0	0
0	10
0	0
0	0
0	0
0	0
9	0
0	0
7	1
3382	1
2	134
5	134
0	8617
335	5
13	5
395	131
0	86
0	45
2	3
0	0
76	584
5	274
71	360
2	407
0	60
0	0
7	95
0	95
1	55
4	34
0	11
1	11
0	11
0	11
0	9
1	0
0	0
10	0
1	0
0	200
0	269
0	216
0	264
3	250
0	201
21	0
0	35
15	100
2	10
0	0
805	3753
9	2612
3	10
3	407
105	407
30	223
3	6
0	38
0	169
0	0
0	0
0	0
1	100
0	0
0	0
1	0
0	0
10	3
8	1
2	2
0	0
84	1232
11	1209
0	1063
138	346
0	222
1	206
0	152
7	135
0	55
0	9
2	1
5	661
422	661
0	456
656	1278
11	15
5	590
96	1263
2	26
0	25
0	2
0	2
0	2
1	9
0	26
0	0
0	0
74	3053
0	3059
25	3081
0	72
0	63
1	22
1	111
1	0
15	641
4	2588
0	161
0	0
1	0
0	2717
0	2781
57	1743
4	607
238	1153
5	188
0	129
3	85
350	343
7	4
0	98
1	7
2	0
11	272
33	315
4	66
0	30
0	274
0	295
0	141
0	144
0	162
5	26
15	78
0	0
56	558
1	283
0	135
0	134
4	59
0	22
0	54
0	2
0	0
0	10
1	0
1	0
0	557
0	561
0	553
0	131
1	1168
1	1251
0	755
6	245
38	573
117	526
6	42
1	11
0	2
26	0
10802	3931
176	3926
1	3
9	16
150	16
1	8
0	5
0	5
0	2
0	1
2	4
85	62
89	3
178	32
2	31
0	17
0	0
0	0
163	36
5	36
0	18
100	63
2	40
0	63
8	33
0	16
5	243
91	264
333	841
0	130
0	61
0	741
13	225
0	296
0	69
0	0
4	16
0	8
473	194
0	79
0	13
0	15
0	82
2	56
0	41
0	14
0	0
1146	62
10	52
45	9
2	31
2	31
0	0
0	0
0	0
801	626
0	623
0	0
0	0
0	34
87	940
3	940
1	352
2	0
9	5
0	0
0	0
0	0
0	0
6	913
24	563
77	981
1	361
0	482
7	531
0	280
0	912
164	83
35	83
2	0
0	14
0	0
0	0
0	0
2	14
1	2
0	0
0	4
0	1
0	13
277	0
0	0
1	15
0	15
0	4
3330	239
0	235
0	0
0	0
0	0
0	0
0	0
0	0
436	146
0	126
1	61
0	1
0	1
0	0
0	0
2	113
1	113
12	61
1959	2094
0	27
1	2066
6	1717
8	0
0	0
866	655
0	190
7	51
51	564
0	0
0	78
0	22
0	66
0	5
0	4
0	28
2	52
0	78
17	413
0	0
0	617
0	304
0	231
3	44
0	228
0	141
1	157
15	136
5	111
0	0
19	814
53	1027
0	977
2	0
48	627
35	1017
3	0
0	0
0	0
0	0
0	0
0	0
0	0
0	0
0	0
0	2
1	1
2	1
0	0
0	0
0	0
0	0
434	212
5	79
9	138
0	0
2130	35
0	0
12	0
0	2
1	2
0	0
466	0
757	4241
489	2870
0	37
0	4240
3	0
0	9
0	9
0	3
0	2
1512	2425
1	673
138	824
9	1602
6	750
11	0
17	531
0	0
0	0
0	0
0	0
21	894
0	891
11	13
0	20
0	0
0	123
6	245
0	173
0	259
0	239
14	509
0	324
0	344
11	13
0	350
12	97
0	64
0	97
490	348
0	96
2	252
3	1
6	607
3	723
2	229
0	653
1	598
0	696
0	667
0	0
1	63
3	672
5	198
0	5
0	5
0	4
2	73
8	0
32	123
1	44
0	4
0	59
18	19
0	20
1	3
6	6
1	0
1	0
0	0
0	20
0	0
0	20
1	0
8	0
23	249
706	399
3	150
64	0
0	0
18	1060
3	189
2	100
0	995
1	189
0	787
8	809
5	3
2	2
0	71
34	392
0	1
0	1
0	1
0	0
0	0
0	0
0	0
0	0
0	1
0	1
0	1
0	0
0	0
0	0
0	0
0	0
0	0
0	0
0	0
6	2940
1	2278
0	766
74	1184
0	747
0	0
0	0
5	56
17	384
0	9
0	12
0	174
0	363
0	0
1	0
0	0
3606	6132
2	6119
301	5153
2	3459
1	244
59	485
2	0
3	3
74	54
0	4
0	50
0	0
24	481
1	476
14	326
2	461
0	99
0	25
0	309
0	0
0	0
0	0
0	0
0	3204
5	625
0	1993
20	1
15	3204
3	0
2	310
0	109
0	154
19	167
17	194
0	22
0	43
4	1
0	0
0	0
0	0
0	0
0	0
20	22
0	21
9	14
0	213
157	213
11	19
0	19
4	0
0	0
0	0
0	0
0	0
0	0
0	0
0	0
7	0
0	0
0	29
46	211
0	0
0	3
0	182
0	8
0	8
1	8
0	1
0	1
0	0
0	8
25	107
0	5
10	102
0	0
2	0
17	962
4	330
6	730
0	479
0	593
1021	6
25	4
6	2824
0	3270
472	3149
0	3263
53	3263
20	23
10	1005
48	542
24	317
2	388
8	135
0	64
0	3
0	110
2	8
102	0
0	25
3	580
1	164
0	0
8	3
1	542
1	17
2	1658
0	1510
0	1525
0	1591
0	1606
33	1630
1	1673
3	790
1	42
0	210
0	99
9	20
5	334
0	7
0	152
0	120
0	25
0	0
0	0
0	0
230	57
0	12
3	8
0	48
2	0
0	246
1	177
0	113
0	0
0	7
0	5
0	10
0	5
0	255
0	177
0	211
3	204
0	100
0	10
6	18
0	8
0	0
0	4
0	4
0	1
0	207
14	0
0	0
0	0
0	0
3	1
1	3
0	2
2	13
0	4
1	7
13	4
22	16
0	7
2	0
0	2
0	0
0	2
0	187
3	831
42	310
125	1530
3	259
8	528
1	43
1	448
2	113
22	353
0	1614
1	9
17	725
2	175
0	149
3	101
0	86
64	257
2	10
44	6
13	6
925	1786
17	893
1	891
638	1
0	225
35	192
0	204
0	77
0	17
6	0
2	159
1	0
0	85
1	49
1	54
0	8
0	201
1	0
0	0
0	0
0	0
2276	2
4	1
2	68
0	0
0	81
1	75
55	77
0	27
1	0
0	6
3	24
0	29
0	0
1	16
0	8
0	0
3	545
2	1749
0	322
8	491
0	0
3	11
6	1695
0	51
0	115
57	137
1	42
0	55
11	60
0	13
0	5
0	874
61	721
15	987
817	811
13	845
0	0
0	299
16	259
0	5
52	885
18	782
0	196
214	265
87	578
1	576
16	28
610	4821
0	595
2	79
42	542
0	2524
0	193
421	361
1	12
0	43
0	20
0	49
0	66
3	36
3	262
7	110
0	9
0	9
1	10
1	53
7	53
0	0
2	8
0	2
263	2078
2	1866
0	1058
0	2
0	482
0	494
0	203
0	0
47	34
1	0
0	0
0	32
0	11
0	2
1	2
36	0
2	122
21	127
0	79
6	29
3	89
15	42
0	122
0	122
0	95
1	107
2	9
0	3
0	3
1	0
0	9
1	18
47	48
2	29
12	19
475	6723
0	5976
1	705
1	45
13	5
1	64
359	880
0	121
14	83
2	60
3	8
0	180
0	575
0	46
2	178
2	188
0	12
3	12
0	36
0	26
0	184
1203	273
0	94
13	98
0	30
0	77
31	4
5	25
2091	26
89	1814
401	1813
1	121
0	0
24	1247
74	2353
633	2714
8	837
0	224
127	634
21	31
28	253
0	25
0	5
0	5
0	4
0	1
0	2
0	0
47	221
46	221
15	6
5	3
4	112
17	4706
1	1
0	1255
2	1
0	0
0	78
0	26
24	2066
0	0
28	4605
1	353
1	198
0	5
0	3657
0	4345
0	70
0	349
0	4
1168	748
1	1039
1198	1122
0	150
1	38
0	103
0	82
579	746
0	475
3	1
734	516
2	77
0	1
1904	1467
1909	1469
0	0
485	1
15	150
10	109
0	129
0	61
9	51
3	10
0	0
0	0
7	0
0	0
0	3
4	0
0	0
240	417
0	398
0	13
0	6
24	1
0	1
0	1
0	0
0	0
44	737
1	41
3	25
0	660
0	9
0	199
0	0
0	0
0	0
785	822
1	180
4	42
1	0
8	1288
4	1332
2	771
17	1
8	45
0	154
3	95
0	2
0	0
13	410
0	0
0	3
2	0
5	3
10	2
6	0
0	3
0	2
0	0
0	0
0	1
0	0
2	5581
0	4731
3	5087
0	5441
19	3844
29	3818
0	903
36	1394
0	492
0	107
12	28
0	804
0	2
16	362
6	48
2	409
4	379
69	53
6	26
2	407
1	549
27	469
16	337
140	494
29	326
53	48
0	48
1	8
0	1
30	0
13	0
31	4
0	0
0	0
39	130
0	130
0	20
1	20
0	15
0	12
0	0
0	0
0	2
0	0
37	1089
15	362
3	888
0	643
1	25
7	102
0	0
112	402
0	402
2	115
6	0
6119	15
254	66
3	21
25	31
167	15
5	14
0	0
0	0
0	0
0	0
2	1
0	1
818	1000
94	997
4	66
0	41
7	49
1289	243
3	241
9	6
0	33
0	19
0	0
0	2
0	2
0	2
0	1
0	1
0	0
22	528
34	532
0	625
7	336
187	446
0	116
0	0
3	245
4	31
2	78
0	0
0	0
0	0
0	0
0	0
0	0
8	13
0	18
1	0
0	0
0	36
24	123
4	95
15	83
0	0
0	0
0	0
0	0
0	0
0	1459
1	1446
2	32
4	76
0	1360
11	904
0	456
300	1038
0	403
48	368
2	15
5	474
89	0
8	7
5	42
0	6
1	6
0	0
0	0
0	14
26	14
156	202
0	131
2	71
0	2741
210	2740
1	2424
2	0
1980	1759
0	0
2	1636
8	265
0	316
73	86
3	260
0	0
0	1566
3	34
3	333
1	15
1	109
38	42
0	42
1	11
3	5
0	11
0	1828
1	1696
0	1474
0	99
13	6
0	313
6	0
2	92
2	80
11	80
1	0
3	2516
0	2191
25	821
0	1465
0	172
11389	7325
0	12
2	0
4	1779
2	168
7	574
7	1220
0	411
4	3233
19	615
0	478
0	36
1	514
13	426
4	4
0	325
4	10
0	412
11	32
2	32
1	19
0	615
602	622
9	598
2	34
0	547
26	105
0	467
2	8
0	477
0	547
0	0
0	3
0	70
0	0
910	521
19	506
0	24
2	0
0	459
14	555
0	268
0	18
0	0
0	2
0	0
2	1269
17	183
40	242
1	56
394	1272
0	0
0	0
3	46
10	76
6	67
0	30
73	78
0	78
3	0
128	17
0	17
0	0
4	18
0	18
2	10
0	12
0	0
0	0
7	229
0	45
0	233
1316	368
10	283
0	125
1347	99
240	99
0	0
0	0
0	0
0	0
229	828
0	832
0	755
0	155
1	123
7	97
0	44
0	3
0	0
53	4495
74	4194
4	1584
2	1575
84	912
0	3993
394	52
53	7
0	2
77	264
0	261
1	26
0	3
8	0
5	38
3	27
0	23
2	23
0	0
0	8
8	0
0	25
0	15
0	17
0	13
0	7
4	20
727	2519
2	1264
1	1196
5	927
518	857
0	856
0	20
0	4
14	36
0	34
5639	136
0	135
30	1268
2	46
34	1450
0	848
0	1310
10	601
2	1239
9	53
1	21
2	92
0	14
2	161
13	688
0	687
27	680
3519	3388
0	2400
2	324
3	1378
26	771
80	495
153	496
649	1669
18	654
0	112
7	150
36	567
6	876
0	558
1473	561
0	558
119	0
1401	75
0	87
0	87
0	222
17	232
7	36
0	132
0	6
4850	717
0	232
18	713
5	204
4	390
1	243
1840	1504
0	1163
9	26
63	632
6	19
342	1483
30	1008
0	754
10	94
454	1741
3	594
1	55
1	55
0	3
0	2
23	1590
28	1579
70	1417
2	477
6	488
0	875
44	592
4	855
0	780
861	100
10	456
29	456
5	1
1	0
0	36
0	100
0	456
0	0
3	297
15	825
2	570
0	817
1	346
2	32
1	100
0	1
0	17
1	259
35	7
0	19
0	0
2	0
0	0
0	0
88	3
0	1531
0	1322
0	1168
0	1061
14	542
0	676
0	782
20	726
8	63
11	59
2	277
0	18
0	1425
270	130
2	12
5	119
0	11
0	2
0	6
0	0
0	5
0	0
1	0
22	0
0	0
2	4
0	0
0	23
1	23
0	0
0	0
0	0
0	0
0	0
14	205
0	163
0	154
0	1
0	1165
2	883
0	1064
0	1060
1	1011
0	1074
0	995
2	0
0	21
8	199
2	323
45	257
1	281
8	306
7	292
1	17
12	1834
0	1793
6	1643
0	1586
0	1721
1	88
0	0
0	0
0	0
565	907
0	589
11	231
134	0
0	0
0	6
0	6
25	0
0	0
0	0
0	0
0	0
0	0
0	0
520	678
8	623
53	188
0	107
1	64
0	4
11	1108
7	1082
12	1118
2	1115
2	190
4	209
7	135
1	125
3	89
0	78
0	3
0	4
0	1
464	610
0	0
0	250
105	2151
8	1979
53	1519
0	1065
0	642
1	202
26	3112
164	3149
0	747
3	9
0	36
4	53
40	224
43	224
0	0
27	1906
28	1018
0	1883
0	48
1	121
3	31
0	0
0	157
0	0
0	506
32	151
0	1943
0	993
542	994
174	56
5	56
0	10
0	4
0	0
0	0
0	34
2	608
26	424
0	666
1	291
1	6
56	456
9	4
0	634
0	82
23	514
28	357
1	5
83	58
0	4
76	57
0	19
4	19
1	2884
8	2623
4	2831
0	3699
1	3426
9	2886
0	1802
16	2630
24	419
6	152
0	349
39	638
13	134
140	590
0	127
5	76
1	20
3	19
3	15
16	49
5	15
0	99
0	244
0	94
0	60
0	2893
3	6
0	31
33	31
18	339
29	273
10	170
1	135
0	283
31	119
1	5
0	20
0	75
0	8
3	17
7	19
1	5
0	18
8	498
24	505
0	84
3	10
4	142
0	39
31	7
0	233
8	249
19	251
2	252
7	17
0	37
0	9
0	0
515	36
1771	393
26	393
31	223
6	38
0	176
1	20
7	10
4	4
0	2
5	27
0	80
5	10
147	146
3	6
26	140
89	3833
44	4117
0	2856
0	376
0	14
9	259
0	23
10	79
12	166
0	136
2	271
0	71
0	47
11	22
1	11
0	9
0	4
6	375
5	23
56	103
1	100
29	0
34	359
0	276
1257	204
2	204
1	91
0	0
0	0
0	0
0	0
0	0
0	0
0	0
0	0
0	0
0	0
37	1340
0	562
0	1358
5	30
0	718
0	518
0	13
15	2
0	2
1923	130
0	0
0	129
24	7
11	1084
1	7
11	994
0	12
22	994
0	1111
0	0
0	0
2784	832
37	150
1	706
0	172
0	593
94	1454
10	6
0	6
0	0
1	0
0	0
0	0
0	0
746	0
2	253
471	694
4	422
7	369
2	212
0	0
4	0
0	0
0	0
0	162
0	162
2	78
0	28
0	0
0	78
1019	276
0	21
0	330
0	5
5	1
0	54
0	330
0	32
0	32
0	0
19	14
0	14
0	11
0	55
2	427
2	427
14	74
0	0
0	4
0	17
0	22
0	5
188	0
0	0
0	3
1	3
0	1
0	0
0	0
0	0
0	0
0	0
0	0
0	0
326	790
0	1
2	0
0	791
0	0
251	925
0	58
13	816
0	0
0	89
1	292
0	0
4	0
0	4
0	3
0	4
0	4
0	4
0	3
0	4
0	4
0	1
0	26
1	22
0	6
0	11
1006	14403
2	14395
31	894
1	1
0	1
0	0
0	0
2	0
0	0
2540	397
5	46
10	32
4	133
496	234
0	163
0	1
3	110
10	21
0	65
0	163
0	0
111	115
0	96
1	91
2	0
1	0
13	34
0	23
0	12
22	38
0	7
0	36
0	30
0	172
18	192
0	183
0	174
2	23
7	1
0	0
0	0
0	0
0	0
2664	545
6	469
0	60
0	67
0	74
2	45
0	49
0	49
0	52
1	0
0	19
0	1
0	0
1403	1386
0	1093
0	749
0	562
0	39
0	217
4	130
58	23
26	373
0	94
2	162
163	18333
154	17284
3	531
3	2
2	15235
0	88
58	134
1	121
0	15
0	0
5	335
0	447
1	447
0	2
1	102
0	448
15	32
8	8
0	44
3	34
0	39
35	65
2	811
1	22
18	890
0	902
0	143
0	0
0	13
0	772
0	93
2	7
0	4
0	93
0	0
0	0
0	0
5	16
6	52
0	51
7	51
0	54
0	54
1	3
0	4
1	4
0	20
0	0
0	0
0	0
0	0
0	280
235	1854
2	1459
0	1364
0	956
0	228
0	81
0	256
6	700
0	186
0	0
4	5
12	2
0	2
0	10281
0	0
11	738
108	3520
72	10145
1	1205
0	423
2	6
2	4563
981	7407
0	10284
0	0
0	0
554	9369
500	8860
0	1779
6	1235
6	187
0	0
0	0
0	0
8	325
39	333
2	309
0	241
0	246
0	59
4	15
0	142
0	72
0	6
2	19
0	25
0	24
0	19
1	0
0	2
35	782
38	1206
18	1200
2	1198
0	690
0	0
0	0
0	0
0	0
0	0
0	0
0	0
445	896
1	860
9	761
2	0
0	0
0	0
7	800
85	782
46	794
0	749
0	101
0	0
0	0
0	25
0	108
2	137
0	799
0	48
0	18
1	11
0	12
1	14
0	0
0	0
0	4
0	3
0	4
0	1
0	1
0	0
5115	0
0	0
0	0
9	1
16	1
0	5
0	4
0	5
133	81
10	81
0	0
0	102
0	89
0	94
3	14
0	0
1	80
4	87
0	89
1	0
0	4
11	1
1	4
1	7
0	1
575	1700
0	1700
1256	6
0	4
2	2
1	0
1603	0
1	24
1	21
0	0
0	3
0	0
0	4
0	0
0	0
0	0
0	2
0	0
0	0
0	4
13	399
2	371
0	403
0	0
0	280
2	319
1	402
0	6
0	19
0	329
20	3
4	31
0	122
30	1168
4	70
0	23
1	0
2	295
7	89
0	784
0	9
5	3
0	908
20	0
3	100
3	178
0	1111
0	0
0	0
6	0
0	0
0	0
0	0
13	0
0	0
764	5189
172	3730
14	5047
72	4039
3175	158
0	0
0	152
11	362
132	493
3	49
0	88
18	463
0	2
0	26
79	463
422	2594
6	2510
0	82
43	82
14	35
4	156
64	1351
1	1355
19	1362
3	392
0	1423
1	92
0	1355
28	12
0	12
0	76
13	431
30	463
11	407
0	299
3	238
0	64
3	233
6	6
27	216
7	1
0	1
3	45
0	44
0	12
0	13
1	44
0	4
0	7
0	0
0	4
0	28
0	6
3	0
11	43
7	206
10	196
9	87
24	243
0	205
4	0
2	60
0	24
0	39
20	14
0	4
0	3
0	6
0	0
0	0
0	0
0	0
0	0
1	1878
87	1911
104	241
11	117
0	63
0	1770
1	6
0	0
0	44
0	0
6	36
0	122
6	70
0	22
8	28
0	60
504	966
7	505
0	43
0	460
14	179
1	75
4	2
3	2
0	1
70	1580
14	1474
12	1392
0	115
1	122
6	122
0	0
0	3
0	26
0	11
10	0
15	20
123	331
11	209
0	108
0	2
2	54
1	42
0	9
0	0
0	0
203	2689
1	2632
0	17
0	3
0	68
0	0
0	0
0	0
0	0
0	0
0	0
0	0
0	0
1	638
136	650
76	390
5	1
2	896
32	859
0	871
1	870
89	573
0	0
0	134
451	1356
135	1025
0	1223
0	266
1	224
481	363
0	224
0	44
0	11
3	222
0	131
17	18
7	3
451	114
1	7
0	35
0	103
765	1299
37	992
10	1117
6	188
0	0
0	0
0	0
88	33
5	41
0	2
29	10
0	1
0	1
0	1
0	5
18	20
0	20
12	2
0	2
8	1
2	1
3	478
10	477
5	2
0	0
0	5
21	2154
44	1876
307	0
0	1
0	0
0	0
725	0
526	2313
0	171
2	23
1	37
10	2109
424	0
10	152
0	13
3	739
15	653
1112	2587
1137	2589
0	15
445	50
0	17
0	33
643	17
0	17
167	2546
0	2546
111	0
7	274
22	94
0	218
11	256
0	256
0	28
1	28
0	96
10	6
0	6
2	0
0	3
0	3
0	3
0	0
0	0
0	0
0	0
950	6
0	5
1736	111
0	111
1	4
681	825
8	211
0	78
0	46
0	466
0	97
1	205
2	4
0	0
0	13
5	25
0	13
0	13
0	16
0	11
0	10
0	1
0	6
0	4
0	1
0	0
0	0
0	0
0	5
8	5
0	0
60	0
0	0
0	0
0	0
0	0
0	0
8	338
1	338
0	414
9	213
0	11
8	6
0	0
0	409
0	1
1	1
31	1817
17	1252
2	1947
0	0
0	0
0	0
0	0
0	0
0	0
0	0
3	0
0	0
5	0
2209	381
6	344
33	902
5	474
56	863
1	276
30	98
10	52
11	20
5	60
38	28
9	27
0	10
1	68
0	0
4	0
0	0
379	625
17	625
53	22
0	1
0	5
2	11
0	7
4471	4640
455	3611
2	1560
11	1511
10	60
2016	1694
0	1544
0	1808
0	1061
0	2
0	116
3	859
28	383
6284	8419
2	714
0	7335
0	2555
11	8280
0	267
0	3149
0	207
1	20
0	2093
0	147
1	0
0	303
1	1
0	1
0	0
0	0
0	0
0	0
0	0
0	0
0	0
0	0
0	0
0	0
0	1
0	1
0	1
9	0
0	50
2	1251
18	1261
15	415
42	1024
0	666
0	641
26	30
1	172
1	0
0	401
0	29
0	100
0	0
1	5
0	900
0	921
261	127
0	57
2	70
6	2
0	2
1	4708
0	14177
1139	14178
2	1592
23	1403
0	148
21	44
0	0
1	32
0	137
0	0
5	0
0	14
0	94
0	94
13	59
2	97
1	0
0	94
0	94
0	134
0	92
0	127
0	97
1	166
17	85
0	129
2	1
0	7
24	0
1021	3885
9	3267
3	61
33	24
0	4
3	63
7	69
0	69
0	19
0	15
1	10
0	1
0	30
25	751
6	380
0	573
0	0
4	397
0	25
0	19
49	2798
57	2798
3	1961
0	0
2	56
400	2159
4	1220
0	1301
8	1694
103	850
193	989
6	557
4	492
7	853
4	53
10	491
139	2914
0	2794
0	2886
3	1341
1	453
0	151
5	318
0	0
0	0
0	0
0	0
1	91
1	10
2	33
3	64
2	0
1	47
3	10
0	3
0	16
0	16
4	16
0	0
0	1
0	1
0	0
0	36
0	0
9	36
0	31
0	0
25	9
3	13
1	6
0	4
0	5
406	0
1	0
0	5
0	3
0	5
8	0
4	0
0	0
2244	1518
0	23
1	91
2	36
5	111
0	578
5	253
0	1474
0	27
0	314
0	70
0	179
0	151
23	1
0	18
22	0
1	7
0	156
77	120
6	6
1	164
0	115
0	0
0	0
4	8
0	0
15	0
2200	1495
0	480
10	989
10	16
23	34
918	3917
185	3790
1	644
4	20
1	13
6	728
0	3634
454	494
7	220
0	381
0	0
0	0
0	0
0	0
17	636
1	632
12	819
17	675
2	543
0	729
1	11
6	73
2	12
32	386
2	17
16	5
1	2
0	20
0	0
7	1
0	0
0	0
13	14
0	5
0	73
0	45
0	65
0	2
0	1
0	1
0	74
6	5
3	9
0	9
3	145
0	150
0	125
0	120
0	151
0	130
0	127
0	132
0	139
0	157
0	101
0	112
0	3
0	13
0	22
1	282
0	6
0	8
0	3
0	0
36	83
237	83
0	0
268	294
0	147
34	149
0	1
10	391
2	465
75	282
0	224
9	400
0	255
4	237
0	57
22	92
2	0
46	0
5	0
0	0
2	744
0	447
9	1376
303	4755
3	0
74	873
13	108
0	346
19	2
4	60
28	407
9	81
71	522
24	50
300	3319
10	2365
198	0
2	54
4	20
0	191
0	603
0	0
15	72
0	625
0	138
0	493
139	647
0	16
0	2
0	0
0	624
0	18
268	586
18	3
0	589
0	83
0	483
15	380
0	73
2296	438
0	114
1	0
7	321
5	47
44	9
0	9
3	3
1	11
46	248
0	54
0	16
3	0
148	341
0	12
2	147
0	211
1	752
972	1162
9	1134
0	836
22	39
81	0
5443	465
2	457
1	86
23	503
27	503
9	12
0	503
29	202
0	51
0	26
0	0
0	2615
0	0
12	4036
7	4607
3	98
0	2548
15	2270
0	4
24	36
3	2244
25	2451
0	4308
95	2158
0	1605
97	4175
29	3596
0	2158
29	353
0	114
21	0
0	189
9	325
4324	9
0	0
0	0
12	72
90	81
4	3
0	1
1	0
1	13
0	8
359	23
0	23
0	5
72	93
0	53
0	58
0	0
0	0
0	4
0	2
0	2
944	595
11	594
34	4
2	71
0	59
0	10
0	42
1	42
0	13
0	12
12	12
0	12
0	0
0	0
0	4
1	1
201	973
1	314
11	312
2	309
1	118
0	217
0	512
2	292
0	244
12	197
0	642
3	606
0	601
0	617
0	604
0	240
0	606
51	150
0	52
0	28
0	72
0	36
0	240
6	465
0	37
19	763
3	2470
4	33
3	249
0	2294
0	21
0	102
7	648
0	0
10	0
0	0
32	70
0	70
0	0
0	0
131	3813
0	1408
0	14
263	3759
20	4
0	11
0	2725
0	1195
25	2322
21	1433
12	62
2	122
0	357
0	113
5	21
0	2659
43	47
0	53
3	44
195	259
28	419
0	0
0	343
0	273
0	80
27	444
0	382
0	382
2	11
0	376
0	11
0	0
0	0
0	0
0	0
1025	47
14	5
9	45
0	0
0	0
0	0
0	0
0	0
6	3256
0	3021
60	4380
26	1027
1	1004
0	1795
13	38
1	1484
5	1425
54	1126
1	2
5	89
0	80
0	40
0	6
0	0
0	0
0	6
0	0
5	24
0	1
0	14
0	15
0	0
0	0
0	91
1	0
14	1573
27	1469
6	151
45	1456
1	1436
0	1150
3	87
3	1445
2	475
2	349
0	374
19	4
0	0
0	4
0	0
129	1878
6	224
6	626
0	828
5	289
2	112
3	4
3	1205
0	0
0	0
0	0
0	0
0	14
4	2
0	0
34	190
0	0
0	123
2	190
576	440
0	108
11	407
17	3
0	0
0	0
0	0
29	0
0	0
0	0
0	0
0	0
0	0
1	1001
0	431
4	17
5	0
43	92
0	548
3	945
199	1536
0	127
0	493
1	376
7	6
0	136
5	650
58	94
3	17
3	288
18	91
0	46
0	95
4332	2474
1	2218
0	2315
0	736
1	127
1	124
0	0
0	0
442	4153
39	1678
14	3437
0	3541
0	3336
0	3460
0	3362
9	3405
1	293
16	76
8	185
9	399
13	258
0	1997
0	727
0	1339
4	119
19	352
3	758
0	585
5	60
0	0
3	34
0	0
0	34
0	0
0	1
4	10
6	17
0	4
0	8
0	0
0	7
0	0
5	31
0	31
0	1880
0	1839
10	1579
2	16
4	289
0	1639
0	3
4	1360
5	93
0	135
0	196
3	85
2	17
0	0
0	59
0	3
0	1951
0	1704
3	7
0	0
0	7
0	0
203	854
0	854
0	81
4	0
0	6
2	2
0	6
0	6
0	0
0	6
0	0
0	4
0	0
0	0
14	1
0	211
0	201
1	202
0	68
0	161
15	90
0	51
3	37
0	0
2	1
5	10
0	1
27	290
1372	853
1	382
0	20
0	0
0	0
0	0
0	73
2	67
0	152
106	473
4	476
7	282
465	418
0	232
159	32
0	0
1964	57
0	43
2	30
0	5
82	878
15	867
8	9
9	126
10	35
2	26
11	2
0	3
2	0
0	26
71	584
3	129
2	5
7	118
2	465
0	7
2770	17
3	16
0	121
424	320
2	21
1	301
0	165
67	112
2	66
5	86
1	86
10	50
1	53
275	297
1	236
1	48
22	61
9	107
9	646
10	91
5	86
11	541
0	626
42	1139
1	116
0	1
0	159
0	1129
71	27
0	10
0	17
0	1
0	2
0	2
0	14
0	74
0	55
3	36
0	25
0	2
0	2
3	2
3	0
493	3493
7	51
11	2
1	2
48	3492
9	2554
0	0
0	0
0	0
0	0
0	0
0	0
0	0
614	1144
0	11
22	15
0	7
3	113
0	918
1	118
0	0
0	0
0	0
0	0
2419	1
8	462
372	463
131	1138
7	56
2	91
0	160
296	926
37	335
0	1
0	4
0	4
0	0
0	0
0	0
925	0
14	21
485	23
22	352
24	121
126	533
11	70
1	267
8	0
38	220
1	91
3	220
0	0
0	0
0	0
0	0
0	0
0	0
0	0
0	0
0	0
0	0
0	0
25	15
2	5
0	4
1	10
0	0
286	63
0	0
0	49
0	12
1	31
0	5
0	0
0	0
0	313
7	306
0	291
0	290
0	0
0	3
0	11
1	26
0	6
0	0
0	5
0	28
0	320
52	12585
303	12415
70	176
614	1263
77	505
9	1246
48	9
2	9
4	2
0	0
2	0
0	2
0	0
35	241
0	10
2	2
0	241
72	32
0	72
2	61
0	23
92	133
0	24
0	31
0	34
0	47
0	47
0	12
0	0
0	0
4271	179
0	176
71	2229
6	2233
200	2196
5	0
0	0
15	5
244	57
6	55
0	55
0	4
2	1489
2	1947
2	419
0	2045
9	1917
11	1437
0	6
3	221
6	77
0	1871
366	60
0	18
0	0
0	2
0	42
11	0
2096	2
0	27
211	1987
5	1960
2	49
3	34
0	511
1	3
2	118
8	13
4	71
5	75
0	55
0	33
0	6
0	0
0	0
0	0
4	2153
4	2232
113	1236
0	583
5	71
2	71
0	37
0	7
1	7
108	180
7	180
0	1
1	89
0	160
3	165
0	20
0	18
0	40
0	4
7	993
50	960
2	864
5	830
4	793
0	57
0	92
3	6
0	0
1044	1283
22	553
0	805
0	971
0	498
0	270
2	265
393	271
0	30
0	5
91	8
0	8
146	1666
18	1618
0	245
0	0
15	0
57	1109
1470	1109
0	484
1	184
18	0
1550	77
0	77
4	24
61	146
0	1
9	145
6	1036
3	821
5	60
0	834
0	915
6	21
8	30
0	6
5	190
6	307
38	457
0	32
0	0
0	0
0	0
1	364
320	1207
0	0
0	269
0	843
13	4448
0	4582
17	4547
0	4424
1	1180
0	264
17	259
8	173
3	107
0	107
0	21
1	3
2	30
2	41
0	4
1	50
3	6
22	4523
0	0
0	0
554	348
9	347
0	202
0	0
2	34
0	348
0	17
1	363
0	17
0	323
0	0
2	71
0	323
0	267
0	42
0	3
2	3
0	2109
77	5063
0	3895
0	3923
9	88
24	310
3	2
5	1
31	0
0	351
0	184
0	75
14	481
1	122
0	80
0	102
0	345
0	363
0	1175
0	25
1	92
0	40
0	37
0	35
10	5020
19	5092
0	0
0	1
0	0
1	0
0	2
2514	111
0	18
0	0
0	101
0	0
1	4
0	11
0	11
0	1
2	0
1	31
0	1
0	0
0	101
0	104
0	103
348	0
1	1
0	10
0	0
60	3323
0	1639
51	3275
0	124
0	103
0	82
650	0
64	4350
15	1588
59	1301
65	1955
10	4396
0	182
0	1282
7	1213
0	0
6	1148
34	1301
763	97
0	82
1	13
28	1
1	1
0	0
8	1
313	1822
3	1764
6	1160
0	57
0	0
5	236
1	34
0	235
1434	4143
12	1458
0	4191
11	19
3	881
0	0
0	0
2614	13
2	171
0	16
9	187
0	0
0	29
0	0
4	0
2	0
10	439
4	1030
0	36
9	1075
3	88
4	325
155	1025
31	1037
0	1
5322	329
0	323
6	74
0	0
10	23
0	0
2	51
0	30
1	24
262	392
0	403
0	131
1	177
0	7
0	4
0	0
548	323
5	322
2	1
13	275
2	127
0	116
0	54
0	4
3	7
0	7
0	0
0	0
0	1
0	0
0	0
0	0
0	0
0	0
54	2414
129	2439
0	639
285	69
0	141
0	38
9	30
0	23
0	59
3	110
0	2
10	290
0	7
0	11
1	36
0	92
1	1564
477	1289
7	1192
3	7
1	327
0	30
0	72
1	8
121	555
2	553
7	298
1	311
0	11
11	177
6	112
0	112
0	0
0	550
1844	0
10	5904
0	6019
184	5852
1	5035
4	4019
2	3632
0	7
0	177
12	42
0	43
0	77
2	0
0	9
0	5
0	0
0	0
207	49
2	40
15	50
7	11
0	0
0	49
1394	210
7	136
45	28
7	74
0	0
0	0
0	0
0	191
0	0
3	636
9	598
149	678
3	192
3	262
2	710
0	10
58	700
2	649
3	249
5	104
3	14
0	0
0	0
0	0
0	0
0	1
0	1
0	0
0	0
411	629
75	961
1	446
0	4531
1098	4601
2	1474
0	35
0	1175
2	590
0	136
0	3371
0	87
75	473
3	473
1	47
0	6
2	80
0	950
84	589
0	464
0	27
0	26
0	298
1	0
0	36
0	153
0	686
0	0
0	0
76	1592
2	511
0	20
0	430
18	1452
0	1082
0	1073
0	1073
9	754
1	345
0	8
17	226
0	126
0	13
0	122
0	85
0	131
0	141
0	1
3	0
0	0
0	0
0	0
0	0
0	0
0	0
0	0
0	0
0	0
0	0
0	10
0	10
0	4
0	4
0	8
0	1
163	1
15	42
0	40
0	42
1	22
0	10
0	0
0	0
0	0
18	3328
280	3328
0	720
183	6
0	6
4	621
0	262
0	582
0	25
0	8
0	68
13	50
2	9
0	16
0	18
0	0
0	0
4	59
25	304
0	23
2	313
0	12
0	12
1771	0
10	3
0	2
0	0
0	1
0	0
0	0
38	41
782	423
0	391
0	162
0	111
1	202
1	221
0	191
4	82
0	66
0	43
0	2
0	30
1	1278
0	1057
1	75
0	21
542	37
0	0
0	36
20	26
0	0
2894	751
0	758
0	43
0	60
77	45
0	693
179	871
15	813
1	2
0	0
526	252
0	79
0	0
0	16
45	157
419	570
0	65
8	62
0	443
6	120
242	120
62	138
0	1057
0	1113
0	1279
68	150
0	152
13	5
0	0
4	1
0	1
3937	3
0	0
11	2169
2	40
14	610
4	73
1	24
4	2082
4	0
7	0
2	0
85	663
0	670
3	530
8	4
0	4
0	0
0	680
3	790
1	45
6	717
0	37
0	141
34	131
1	108
1	89
8	1417
152	1339
6	1117
80	1364
0	253
1	140
7	270
138	94
20	5
39	1252
10	587
1	591
0	30
26	259
0	189
2	2
2	3
9	11
0	0
0	0
0	0
0	561
3	213
0	395
2	354
1	0
0	335
0	325
0	9
2	4
0	566
0	595
0	78
0	42
0	10
0	67
0	62
1	4
0	5
2	1
0	3
0	3
0	0
0	0
0	10
0	23
0	104
203	2952
0	2805
0	0
1	118
1	0
0	137
0	50
2	3
0	16
0	459
4	3
0	4
0	4
17	548
197	572
0	106
0	50
1	52
1	41
0	12
32	1794
9	1898
2	1898
5	1997
0	230
0	135
2	268
0	115
0	251
1	137
2	20
68	206
0	0
1	76
9	3
28	5
3	110
11	7
33	88
9	81
1031	150
2	69
40	802
3	761
7	773
0	729
0	31
0	603
0	57
2	3
0	63
0	322
0	108
0	90
0	24
1	0
37	175
15	175
0	0
565	232
3	0
0	85
3	127
0	167
1	10
0	122
0	0
0	0
109	1856
2	0
0	1855
485	38384
0	2
131	38516
1	168
0	0
0	0
0	7
0	0
0	0
0	7
530	315
5	2
20	1
0	106
206	225
7	112
0	0
0	0
0	0
0	0
4875	11346
430	11569
38	10002
247	7818
296	4725
0	6606
0	5061
10	936
0	266
0	623
2	569
12	461
1	450
3	485
0	534
25	87
2	2
84	181
372	23
6	154
1	45
0	71
1	71
0	82
2	0
0	5
0	3
0	0
0	71
45	378
41	1205
8070	2253
7	0
62	1022
26	25
0	25
0	0
0	0
990	0
127	1803
25	3106
892	3753
0	3625
0	3609
6	2066
3	521
6	8
0	149
0	723
2	422
0	2
660	158
0	7282
10	300
0	29
4034	7378
1	194
3	232
29	1053
101	6
0	1992
0	1953
66	2278
0	2589
1916	3271
0	2059
0	1106
0	1203
0	1496
0	908
0	1815
0	939
7	1294
0	638
13	1784
0	1302
0	764
43	1301
33	3
25	445
0	335
0	2864
29	2884
1	2653
0	2898
0	1317
0	63
18	2478
1	663
0	1823
5	361
3	228
2	3
0	828
0	894
23	1
23	252
56	284
15	6
0	16
0	104
0	0
0	0
0	0
5111	7599
5	7596
15	1652
1	9844
116	6499
1	10217
0	0
213	1322
3	1385
15	1279
63	923
8	26
1	133
11	216
8	104
1	763
0	1
11	258
0	16
1	16
79	134
20	0
163	446
12	424
3598	6900
1	780
0	2875
66	3225
210	1382
0	990
27	15
524	347
2	225
0	10
0	113
0	0
419	1704
0	1279
0	1203
1	8
0	8
0	0
0	0
0	0
0	370
1	33
21	733
0	4
0	708
0	0
6	62
1	700
0	7
1	675
0	702
0	54
0	5
0	6
0	403
12	27
0	719
0	4169
0	3403
1	3290
472	4526
33	2609
9	957
0	291
42	612
9	274
46	886
6	183
5	1247
75	535
18	4233
0	0
0	0
0	0
27	14
0	0
0	0
0	0
0	0
0	0
0	0
0	0
0	0
0	0
0	0
0	0
0	0
0	0
0	0
573	516
0	222
1	49
4	72
0	107
76	110
0	55
38	18
0	4
0	5
0	13
0	13
0	1
0	1
10	833
36	833
401	6722
2	6339
1960	6748
3	5699
7	3601
0	5672
36	34
37	5453
9	1099
2	5463
0	0
31	27
5	28
0	0
2089	2178
11	1829
7	1366
2	10
0	60
0	1
0	181
78	534
0	371
0	6383
7	6382
178	6390
0	67
4	129
0	2028
0	3185
0	1
1	1470
7	44
8	154
0	6385
0	7295
0	6337
0	6387
445	671
5	177
0	0
0	493
0	0
0	1365
143	703
1	13
10	630
21	757
9	1220
3	126
6	651
0	90
26	1335
3	11
0	11
22942	12456
0	3239
27	12439
52	1566
16	563
22	582
16	1227
2	151
248	0
0	210
0	235
0	1
0	203
0	29
1	2
0	9
0	35
1	17
0	0
0	2
0	7
3	29
80	21
0	11
9	19
0	9
1	15
0	0
0	2
0	4
529	1
1604	3
19	1
0	0
0	0
0	26
0	28
0	24
0	0
0	8
0	9
6	67
0	64
0	672
0	692
0	45
11	4
9	91
0	39
1	6
0	0
0	0
51	480
0	480
15	0
5	1125
6	283
0	196
0	1
0	18
1	0
1	2
0	1113
3149	3773
166	11841
0	1193
1448	11534
3	2572
13	1928
23	3130
0	555
0	2352
50	7250
24	661
1	2194
0	4551
1623	1082
1	189
22	893
25	459
24	341
16	8
2	142
9	1
58	142
0	1
11	955
2	125
10	630
0	763
0	5
5367	2547
14	645
1	732
122	2306
40	914
2	537
8	572
0	0
44	1237
0	0
1	1
0	1
15	350
11	8
2	12
0	48
0	331
0	102
0	118
5	0
1	56
0	12
0	10
0	2495
1039	2822
2	0
0	188
3	41
0	640
2	138
0	0
0	1
0	1
12	1129
45	1181
16	1357
15	1361
3	195
0	43
6	37
7	27
126	5187
1	61
4	5193
393	233
0	233
0	65
0	0
0	188
4	195
0	4
0	7
0	1
0	0
0	62
0	63
0	64
1	38
0	8
1	14
17	8
3	9
4	13
0	4
0	63
71	62
0	426
0	0
0	3
0	0
0	1
0	2
0	0
0	2
1457	53
0	89
0	69
0	527
1	610
0	319
0	3872
0	76
20	1367
0	9
0	369
0	29
0	81
0	1896
0	1994
0	1860
1	95
5	17
0	17
13	357
17	66
0	14
12	4
0	3933
1523	3
625	0
1727	343
0	19
1	24
0	24
0	199
0	100
24	133
0	87
0	0
0	0
0	43
0	2
0	4
1	0
3	0
0	0
0	0
0	12
0	12
1	54
157	111
0	105
0	93
7	58
0	13
4	6
4	6
0	7
12	52
0	105
387	212
2	171
3	18
0	196
0	0
0	0
41	161
0	6
36	161
0	0
20	26
0	12
0	1
0	0
0	0
0	0
0	10
0	0
0	3
4	6
0	1
0	2
0	2
0	0
0	2290
1813	4954
105	4249
33	2354
295	108
320	488
1	2290
97	3932
5	54
1	116
111	136
0	97
0	28
0	54
0	9
0	6
11	6
0	12
0	8
0	1
0	0
0	53
21	960
0	188
124	964
7	153
4	232
3	961
24	1
1	115
1	31
0	0
0	0
3172	2706
0	2705
3	3
0	3
78	548
32	140
0	143
15	539
1	58
16	61
4	100
0	0
20	0
0	0
56	12514
7	12349
5	1842
8	1483
0	1481
81	875
1	366
0	280
0	2
62	3751
1	0
12	2228
0	1019
0	2619
0	3306
0	2915
0	1268
0	436
0	98
0	10
359	135
22	130
13	691
25	3457
1	49
5	3603
3	198
19	27
168	2774
1	630
2	337
1	6
24	96
2	248
5	1287
2	261
5	444
0	1199
0	47
0	925
0	326
0	3
8	15
0	13
2	8
89	556
0	45
1	0
0	556
0	0
0	0
0	0
855	0
18	1
0	1
186	1
0	1
2	427
0	385
0	418
1	474
0	277
0	46
2	31
113	16
0	15
0	5
0	14
0	14
0	10
0	9
0	13
0	0
157	613
576	613
24	0
1	0
45	2971
12	2772
23	703
418	497
4	644
0	776
0	87
0	865
5	61
0	63
0	0
4	1
0	1
0	0
0	0
10	1443
3	1288
1	118
0	1069
0	3
0	22
0	0
3346	0
0	6
0	282
0	311
0	1197
0	114
1	118
0	416
0	1216
27	403
0	328
13	20
13	1427
0	1304
5	1374
2	434
0	308
0	0
0	0
0	0
18	611
7	53
2	26
5	59
0	31
0	611
908	1992
16	1990
0	991
229	892
57	845
0	357
13	225
27	49
0	10
2	10
0	0
381	327
0	100
1	8
22	15
3	50
0	61
0	10
1	179
0	73
0	107
0	90
0	18
1	23
0	513
1090	772
0	299
0	22
0	37
0	37
15	741
484	203
2	192
12	87
12	1
2	0
0	0
0	4
0	4
0	4
0	0
0	4
0	4
0	4
24	351
23	99
3	327
32	141
0	0
0	29
5	481
14	22
5	171
3	17
16	128
1	21
0	151
5	28
18	1161
31	929
15	554
2	0
2	2
17	96
0	0
0	0
15	12
0	12
209	1
0	0
1	0
11	188
0	188
1	94
0	91
4	14
0	0
3	1
1	0
1	0
0	1
10	12
0	12
0	0
4	0
1309	2
5558	3
0	0
210	2056
123	2021
95	2309
8	683
27	115
4	6
0	46
2	4
0	102
0	7
0	0
0	27
729	407
4	109
0	353
14	265
1	0
380	566
5	230
0	32
32	10
0	147
0	45
2	124
1	131
2	88
0	0
0	0
2	469
0	466
26	207
0	116
0	34
12	30
0	0
0	0
0	0
120	10195
15	2321
0	9988
0	1742
22	2161
0	2368
0	2088
1	4410
0	2677
10	2756
0	2399
0	289
1	167
149	281
0	1301
14	1028
6	1175
1	853
0	853
0	796
9	450
870	2
7	90
0	5
0	0
0	0
0	3
0	73
3	85
0	17
0	56
0	10
0	0
1178	2
0	57
3	196
88	38
11	128
0	143
0	22
8	10
0	0
0	12
0	3
0	34
4	29
90	257
0	138
0	20
2	88
0	13
0	0
7	52
1	0
0	0
0	3
0	3
0	0
1	0
1138	386
0	40
16	364
3	3
0	12
324	0
267	826
0	545
1	690
0	144
0	0
6	6
0	52
0	11
6	148
0	4
4	0
0	0
0	0
6	1
0	21
2	6
13	12
36	416
1	357
10	78
0	0
0	0
0	0
0	0
0	0
0	0
919	1146
0	1011
8	964
1	11
3	129
268	219
2	6
13	197
4	49
0	0
2	28
8	379
33	126
0	126
0	2
0	2
0	2
0	1
2	2
0	2
0	2
0	2
0	2
0	2
0	2
0	2
0	2
0	2
0	0
0	0
27	0
2465	277
0	0
0	0
0	0
0	0
16	2262
2	2262
16	965
1	0
0	93
44	1694
0	21
2	0
6	25
1	27
1	164
2	0
0	0
0	0
0	0
10	47
4	61
1	1
13	25
72	97
1	57
2	32
0	30
8	16
4	511
41	503
0	43
0	22
0	125
0	73
3	162
0	84
5	28
0	29
0	9
0	0
2	17
0	0
4	183
25	1855
0	246
0	1756
0	129
468	273
5	240
3	142
0	131
1	53
2	31
1	59
0	16
0	16
0	0
0	7
0	29
1	1561
51	1885
2	1304
1	0
3	48
0	10
14	98
0	113
1	30
0	19
2	32
10	6
1	43
0	77
0	0
1	0
0	9
0	0
0	21
6	55
0	18
0	21
0	113
7	1677
35	102
0	251
4	493
0	1623
0	1600
5	1492
5	1422
0	1405
4	508
0	27
0	1
15	9
233	0
405	865
4	249
43	846
0	0
0	0
0	0
0	0
1	1
0	1
0	0
0	0
0	2647
21	2080
129	2439
154	145
0	225
14	51
19	869
1	98
0	1
0	1
0	0
0	0
0	0
0	0
0	0
0	0
178	298
2	307
5	91
1142	963
15	829
1	135
716	546
2	1
1	0
0	17
0	3
1	544
20	964
10	911
1	784
7	0
1	2
0	527
2	17
4	29
4	362
2	9
11	115
3	37
1	37
1	37
0	0
271	1822
96	1729
36	1762
0	251
1	311
0	0
20	0
0	1238
3	65
0	165
427	274
0	249
0	2376
104	4196
71	723
5	1987
1	247
0	35
588	4017
19	1293
41	47
0	6
0	41
533	2396
11	2396
2	1560
1	468
0	54
0	43
5	45
2	128
73	69
0	71
299	319
0	267
0	101
1	16
0	0
0	0
0	0
10	22
4	26
0	129
0	128
0	6
3	110
0	19
0	34
1	3
0	107
36	1
30	1095
0	919
1	881
10	920
1	61
19	1094
0	1063
7	37
0	67
1	125
3	91
0	90
337	184
1	95
0	150
1	5
0	34
1	50
9	165
11	199
3	143
0	8
0	56
42	6
0	15
0	10
179	1364
1	1233
0	1506
2267	748
0	310
63	567
0	428
6	151
263	4808
234	4801
0	1314
0	99
6	371
2	446
0	276
3	0
0	427
0	456
38	456
0	340
2	3
0	42
0	17
0	35
0	4
0	7
0	4
1	2
0	7
7	8
0	0
3	0
0	0
0	0
0	0
0	32
108	0
0	0
120	629
12	631
21	325
0	169
4	155
0	2
0	4
0	3812
0	3817
20	2
1	3816
0	3816
85	78
1	91
16	231
19	3811
1	3815
0	0
0	0
0	0
159	817
0	288
36	616
1	38
9	1425
0	1421
27	1425
233	1423
0	1423
7	1422
41	1419
0	204
0	0
0	0
0	0
9	3
0	3
0	0
0	0
5	187
0	243
0	167
0	140
1	1561
0	1420
0	114
5	460
1	5
0	0
0	0
0	0
0	0
0	0
0	0
0	0
0	0
367	129
0	127
0	29
0	0
0	0
7	291
2	280
0	215
0	606
0	0
0	556
101	94
0	6
0	0
12	35
0	11
0	8
3	1
0	7
0	129
0	0
0	0
0	1
22	1
0	0
47	0
0	0
1	0
0	0
0	0
0	0
0	0
0	0
0	0
0	0
0	0
2	1242
0	1347
2	932
1	778
0	417
0	249
0	148
1	0
0	0
0	1
34	84
0	42
34	1
2	39
221	49
289	10
97	2134
528	2135
1	77
0	77
0	0
0	6
1	87
47	183
0	154
3	117
0	116
0	31
0	31
0	0
0	0
0	0
0	0
0	28
0	28
3	28
0	3
31	1
27	3
85	3822
13	367
4	0
0	886
1742	3
41	1185
0	35
1	1185
5	45
35	159
2	49
149	398
0	331
2	399
114	48
0	0
0	0
0	0
2	58
212	7008
6029	2292
0	3
0	0
0	3
0	0
0	2
0	3
4	38
0	39
0	39
0	38
7	39
3	0
0	3
1	95
0	28
75	96
2	0
0	0
9143	4727
122	2246
3	433
0	1353
89	1708
0	152
4	929
3	387
0	276
5	0
92	0
0	0
0	0
4	130
0	142
0	2615
27	1695
14	1861
0	1661
0	581
0	87
0	0
1	7
0	1
0	1
40	376
0	131
16	340
10	824
0	2470
0	0
0	0
0	1
0	1
0	1
0	0
2	2
0	2
0	0
0	0
4	22
0	17
1	19
1	19
0	12
0	2
0	5
0	1
0	1
3	1
0	1
0	19
0	0
0	0
0	0
4	479
0	394
0	155
0	49
0	1
0	20
0	152
517	1735
1	1577
0	171
0	122
79	364
0	355
2	66
0	147
0	115
8	92
0	37
7	225
0	0
0	7
1	102
3	88
3	119
0	0
4	40
0	223
39	1383
0	1357
0	851
0	859
41	1148
7	842
10	205
2	125
0	114
3	49
0	40
0	2
0	2
0	1
0	0
270	44
4	39
0	5
13	185
0	0
0	0
0	0
2	85
0	185
0	18
0	89
0	40
5	39
10	39
11	25
0	16
0	11
0	14
1	0
616	10
1	9
0	86
1695	335
4	226
4	21
1494	257
1	257
0	57
134	927
21	397
24	853
0	174
4	153
0	170
1	1
14	0
9	41
0	3747
34	2266
0	2403
0	2465
130	3531
37	3758
12	1988
0	3171
0	3599
0	345
10	7
0	297
0	347
49	122
24	319
9	198
0	86
0	0
4	6
2	0
0	6
0	0
1	1
0	7
0	6
249	1833
527	1833
50	27
3	27
0	20
50	67
14	66
0	0
0	0
0	0
1	24
0	24
0	0
1	2
0	0
15	0
10	5235
0	3
4	5447
83	5111
0	5063
1	5031
0	7
0	4670
0	2
0	0
6	55
0	204
5	3779
0	164
0	0
2	374
6	347
4	139
0	3656
0	0
0	3517
0	850
1	18
0	38
0	9
2	0
0	55
11	471
0	9
6	51
20	10
0	853
209	296
1	57
59	295
0	33
0	0
0	0
712	72
10	70
137	455
0	233
0	133
0	118
0	29
0	0
0	455
0	0
0	0
0	0
0	0
0	0
1	1
0	1
0	1
4	646
0	647
17	699
1	420
7	0
6	6
10	54
0	10
1	0
0	737
34	1080
0	142
20	457
12	3
2	107
72	238
86	26
0	0
8	203
16	124
0	115
1	36
0	18
7	93
0	0
0	3999
0	12
60	112
0	0
1	35
172	849
2	25
5	4218
0	0
2	0
7	211
1	9
0	0
4	59
1	16
0	67
4	211
2	51
1	49
5	25
0	119
12	13
0	31
1	0
0	60
1	67
2	86
0	166
0	37
0	26
0	9
0	173
1	54
777	2373
64	2379
1	2337
41	2373
6	25
2	7
2	2
0	32
334	320
15	288
2	15
1317	56
0	7
0	3
1	6
0	26
27	1461
7	1528
0	343
0	272
0	260
2	17
0	1509
0	6
2	7
2	9
0	6
0	1
0	6
40	2359
3	2275
259	1111
0	2580
234	19
4699	2168
0	2161
1	15
0	24
1	45
5	247
802	258
0	7
10	6
285	340
9	340
0	2
0	3
4	125
584	286
2	285
10	8
15	1
0	5
3	9
0	0
2	10
0	1
0	8
3	5
1	1
6	0
1	0
1	0
0	0
0	0
2	0
0	0
0	34
0	2
1492	107
0	0
0	13
0	59
0	0
0	0
0	0
0	0
91	1677
43	1244
4	1440
0	1642
1	1467
2	239
2	443
18	7
0	202
0	98
0	1
0	1
1	1
0	0
13	269
45	276
2	110
2	6
8	375
0	298
0	224
0	277
0	48
76	390
2	246
0	71
0	29
0	1
2	5
0	7
2	0
1	19
12	144
38	143
0	5
5	0
0	0
0	0
6	592
0	750
13	1033
0	1111
73	1173
0	530
1	219
0	25
3	14
0	14
0	0
0	1
49	9
0	7
6	984
0	35
2	977
1	0
14	1
5	1
144	1118
9	1096
253	1043
18	1017
26	721
8	5
0	60
6	874
1	34
0	38
0	24
0	12
0	8
0	11
0	0
0	2
1	398
0	383
0	390
5	604
0	544
2	14
0	400
15	322
0	7
0	30
0	1
46	30
5	30
0	0
0	0
0	0
0	5
0	3
0	5
0	4
0	0
0	5
2	14
70	468
5	385
0	8
2	284
0	0
4	0
0	0
0	0
0	0
0	0
0	37
5	37
2	1
0	1
0	0
2	2545
99	2546
257	2541
4	0
0	0
0	0
0	0
4710	42480
6	38474
5	1477
0	1168
33	6710
33	1255
63	1336
0	1252
0	71
8	120
11	4
1	80
5	183
14	0
1339	1282
0	35
0	884
41	86
1	343
0	25
868	737
61	697
3	701
1853	420
0	414
3	32
0	5
0	0
0	0
0	0
1	0
0	0
0	633
1	620
0	633
18	11
1	11
60	147
26	130
50	113
0	0
0	225
164	244
8	17
21	28
210	62
0	62
21	553
2	941
0	770
0	876
16	800
0	78
1	51
0	7
0	0
0	164
10	164
3	164
0	0
0	0
19	685
2	0
3	53
21	247
0	61
0	0
0	534
0	12
3	7
0	5
0	6
0	2
0	567
0	956
0	510
11	913
9	52
0	515
0	0
0	81
0	790
0	10
0	511
0	126
5887	4
1224	2626
3	2540
0	2722
13	1115
0	2158
0	103
8	17
0	0
12	6
4	42
0	832
2	1249
25	262
9	735
0	814
0	262
3	831
2	2
0	0
0	128
1	130
0	1
3	29
1	2
1781	1617
3	708
1	1100
0	105
4	1036
2	80
116	235
0	234
0	145
1	9
0	21
3	13
69	1145
2	537
0	933
0	1115
0	114
0	170
0	133
0	0
0	0
0	294
10	562
186	615
1067	497
9	269
0	0
0	0
0	0
2928	818
1	3
9	756
0	66
1	286
27	4
0	4
468	41
5	60
7	1
8	2
2	0
3	21
2	10041
118	1887
0	525
2	15
15	1047
1	1033
0	464
2	915
0	571
17	232
14	449
1	0
1	273
2	247
0	153
0	22
3	45
0	17
22	51
12	5
0	62
22	47
6	188
9	503
25	150
1	400
0	480
0	342
1	6
0	15
2	23
4	25
0	57
3	30
0	0
0	5
385	296
203	344
1	123
189	10102
0	10016
41	10091
0	10218
1	15
97	29
3	1263
9	105
2	136
0	0
3	5
0	10024
48	44
0	44
419	1687
9713	10253
8	4038
0	192
4	0
55	1115
13	1104
1180	3832
0	2869
182	3718
3	3
0	0
0	0
11469	7825
2	775
68	1479
246	6638
124	614
3	711
26	1289
0	632
0	90
0	3
0	13
15	626
0	676
0	0
1	676
0	0
20	585
5	316
0	29
15	29
1	16
9	49
0	0
2	3
3	8
9	5488
306	5765
0	2288
0	1329
2	2
8	36
0	217
10	31612
0	11662
0	564
0	17
0	24546
2	24531
0	28557
10	6542
104	24688
87	540
20	205
73	669
933	38682
1	7154
74	32452
2	28335
54	31560
528	1012
1	2185
0	20418
0	20423
24	1821
0	30655
0	36643
13	806
5	193
40	193
1	30
3	50
41	41
825	153
0	92
3	2
0	8
0	60
0	0
8	16
0	8
8	121
1	0
0	27
0	14
1	121
469	0
205	0
676	0
675	502
0	49
1	47
0	15
0	3
1	354
1	375
0	213
1	166
0	141
0	123
0	70
0	68
4	52
2	8
1	0
5	188
66	188
1	24
0	1
4	1115
69	1885
0	517
126	1885
137	4
0	4
14	593
1	9
2731	3045
37	18
294	2821
0	76
0	2230
809	844
68	599
0	16
9	16
3	0
38	19
0	6
7	21
6	553
28	553
0	0
0	67
5	8169
0	7683
7	120
10	1244
0	714
0	649
0	29
1	8
0	0
0	7836
0	8169
1578	173
0	167
0	0
0	98
0	26
1	0
2	385
432	1659
5	1102
0	1227
491	0
0	0
10	0
27	2017
0	6
3	10
14	154
17	1969
70	560
1	13
0	1886
7	10
2	373
0	1991
20	2139
1	2163
8	1816
0	1474
0	1695
0	4
0	285
66	0
397	1934
1	1934
1	6
1	152
9	159
1	584
0	599
0	93
13	86
4	19
5	2285
76	1270
0	196
3	2060
3	0
0	53
0	0
12	745
0	221
24	395
695	6296
176	4274
0	3586
3	1212
9	591
0	643
0	628
2	601
0	21
0	8
1	213
0	88
0	92
3	85
0	29
0	0
0	0
0	0
0	0
0	0
862	313
8	72
0	255
0	150
1	0
0	0
6	534
28	1218
2	1453
9	475
0	44
0	30
35	231
0	27
9	128
4	127
7	6
0	1318
0	2
6	1
0	15
0	15
1	167
3	281
0	15
0	0
0	0
0	272
0	0
0	0
0	0
73	425
3	424
0	1
0	1
22	0
598	192
18	778
0	931
0	976
38	864
2	0
0	9
0	9
0	0
0	3
0	2
0	0
0	2
1	2
9	63
1	63
0	11
0	1
16	119
23	2491
4	2416
46	178
3	51
4	762
1	158
0	0
0	0
0	0
0	0
0	0
0	1
0	1
0	0
2	266
8	2
0	224
1	2
0	266
422	402
33	402
168	3614
93	3614
11370	7841
13	1716
12	3
51	7345
10	6314
0	5982
26	4657
7	1169
2	5179
20	275
0	1
14	274
0	19
0	0
55	894
3	891
13	740
23	326
3	366
0	3
3	0
0	728
15	223
0	251
0	200
0	890
2	763
0	79
380	1037
55	950
2	746
0	100
0	4
198	489
0	63
5	306
0	217
0	0
18	521
2	462
1	103
20	9
0	3292
6	292
2	11
0	1
0	1
0	1
0	77
0	0
0	77
0	77
0	1
0	77
9	16
3640	558
0	44
3	74
0	72
1	50
0	7
0	1
5	131
0	7
0	370
0	0
1	1
0	2
1	199
4	28
1061	4260
0	3975
4	824
3	336
10	859
0	571
1	64
5	186
0	709
1	17
8	0
0	0
65	500
0	352
0	352
0	352
0	354
6	327
0	168
0	49
0	44
1	2
1945	370
4	1
0	24
0	16
1	213
0	233
3	231
2	150
1	85
5	33
0	7
28	186
1	189
0	56
2127	1091
0	1087
0	96
0	75
2	26
0	3
0	440
14	440
37	243
2	44
0	0
1	432
0	25
1	25
0	1
0	3
34	143
12	143
1	2
0	0
309	1556
78	327
0	579
23	921
73	0
135	4
0	0
0	0
0	0
0	0
0	0
0	0
0	0
26	67
1	49
1	7
0	36
0	17
0	598
0	1
2	1404
10	233
21	162
5	1148
33	333
0	1313
2	1
0	1
0	121
0	52
4	59
44	121
0	4
2	20
0	25
0	0
35	275
5	262
0	0
0	13
3371	2347
26	2343
31	994
21	22
28	913
5	558
0	339
7	214
38	670
0	65
11	138
4	11
1018	270
0	185
0	193
0	7
7	5
2	12
3	0
503	56
0	5
0	7
0	47
2	5
0	1
3	37
0	37
0	11
0	1
0	2
0	9
0	34
1095	61
4	60
276	539
1	422
5	419
0	53
0	0
0	117
9	8
0	0
1	0
0	0
0	0
0	0
0	0
0	0
0	0
0	0
5	0
324	0
1	1
2	1
0	255
0	355
0	321
1	149
1	210
0	227
1	322
0	9
0	10
0	13
0	5
0	4
0	0
0	8
0	8
0	0
0	0
0	0
0	0
0	0
0	0
8	196
20	185
0	72
0	32
1	7
0	0
0	0
1	435
2	203
2	306
0	175
42	374
0	17
12	264
0	78
0	57
0	161
0	230
1	69
0	9
0	70
6	154
230	0
17	173
494	173
0	0
0	0
0	0
0	0
0	0
1	0
1065	0
0	0
0	0
23	650
0	482
22	651
2	629
19	0
0	682
0	890
10	1961
87	1700
22	573
1	0
0	0
0	0
0	0
1	0
0	0
0	0
0	0
170	2376
0	2493
0	360
0	652
0	2292
1	418
0	2085
0	1
6	112
0	2328
1	0
0	0
0	4715
92	2930
188	5041
305	4659
1	3158
1243	4
0	2
0	0
0	74
0	74
0	3
0	5
0	8
12	333
4	357
6	379
0	4
0	7
0	28
0	376
0	0
7	87
1	6
0	5
0	87
10	1
0	1
0	408
1	136
0	365
0	365
1	159
2	109
0	0
0	0
7	50
0	50
7	10
0	7
1	10
0	19
0	0
0	0
111	1024
18	1067
0	117
0	141
0	0
6	16
25	17
6	1
1	7
0	14
0	4440
43	4431
0	395
0	709
0	726
0	35
505	1707
0	1751
0	1624
29	2417
0	2533
0	2560
24	900
0	783
5	908
0	892
2	0
0	0
11	0
0	1
0	2
0	0
0	0
1	2
0	0
9	2418
0	29
1	11
2	5
4	22
0	20
0	11
0	7
0	35
30	1421
0	0
0	42
1	1450
164	437
40	437
0	1636
1	0
134	1756
0	668
212	396
12	396
18	396
109	730
0	729
1	421
1	566
10	78
0	98
3	225
5	39
3	59
0	684
2	656
29	3246
0	181
3	227
314	3118
0	0
0	111
266	289
0	246
0	0
0	0
0	0
155	6226
0	542
38	45
9	589
0	5697
1	4666
0	835
0	426
11	3117
19	161
2	376
0	640
1	1924
0	287
0	3
1	1082
4	121
0	92
5	92
0	7
3	2
3	4
0	4
2	3
1	2200
1	31
26	763
19	53
16	207
45	2147
0	40
0	145
1	25
0	0
4	5
3	21
60	371
9	157
59	27
2	59
0	76
0	0
19	193
22	5
0	0
0	0
0	0
42	581
0	67
2	514
0	475
0	475
1	406
0	39
1881	646
1	163
10	446
0	439
3	196
591	673
1	305
4	673
51	713
14	713
0	155
22	5579
0	3237
0	319
0	4021
0	5802
0	161
1	3147
7	3821
0	3947
2	1190
1	1530
0	3637
0	1171
122	2441
0	384
0	434
0	1439
3	50
0	1202
225	1770
11	811
62	1771
3	1360
24	800
0	0
0	0
0	0
1	849
0	0
0	0
0	0
0	0
0	0
2594	344
0	342
0	0
1	63
6	571
6	538
9	19
3	11
1	9
0	1
1	0
0	0
0	0
0	0
86	0
640	708
4	641
0	84
5	74
0	221
1	1
92	6401
92	5939
10	3570
5	2445
0	124
415	0
1	0
4	1151
179	1621
147	1894
0	1304
3	724
0	709
6	40
0	0
84	49
0	49
0	1
0	0
0	0
0	134
0	113
0	0
0	133
0	0
0	121
1	132
0	4
0	45
1	0
1	7
3210	4518
137	4172
267	2111
3	413
12	3303
3	318
7	153
1	131
70	1841
7	1736
0	74
507	634
0	634
12	0
3013	2918
3	3222
423	125
0	68
0	99
0	372
0	300
0	372
0	374
72	469
0	9
0	67
1	4
2	146
284	415
1	22
11	186
0	81
9	32
27	1061
63	2896
0	6
327	2896
1	1085
44	7
267	979
3	1
3	419
3	1126
7	791
65	1058
1	65
43	952
7	65
0	0
1	18
416	39
0	39
203	4446
1	4074
6	444
2	208
0	645
0	332
0	454
0	2634
0	1224
1	144
581	955
0	295
29	319
7	399
4	10
3	78
15	158
0	170
0	66
0	80
0	39
0	71
1	9
0	84
9	0
2	48
0	0
0	0
0	0
129	0
0	0
0	0
0	356
119	2262
1	1511
0	1783
15	993
0	1405
6	248
28	689
0	126
0	690
59	703
2	14
3	40
0	1
0	17
1019	0
0	10
11	10
393	1490
340	1489
0	207
381	911
0	590
0	254
0	126
2	76
1	213
0	53
0	420
5	11
0	0
11	176
1	11
1	49
9	139
1	108
0	108
7	49
37	749
6	745
18	759
28	261
1256	84
9	83
0	2
0	0
372	3704
0	2481
2	1009
81	745
3	979
1	2222
25	1677
82	1812
0	1811
24	1562
2	62
0	137
5	270
3	111
3	24
10	3
0	193
0	0
2	0
0	0
0	0
0	0
1	26
1	25
0	8
0	10
0	9
0	15
0	0
1	1
0	0
0	0
0	0
0	0
0	0
395	923
1	116
6	665
4	146
2	216
0	664
4	210
1	184
0	112
0	13
0	0
0	0
3	5
0	3
0	3
0	3
1	0
13	87
0	87
0	1
0	1
0	0
0	0
0	0
0	0
0	0
0	0
0	0
2	0
0	0
14	381
1	19
0	253
0	69
0	379
0	253
0	345
12	881
15	880
1	867
0	879
0	739
0	977
0	535
1	9
19	464
4	98
0	187
0	156
3	53
11	85
0	54
1	38
55	2
57	71
2	35
3	4
4	13
0	13
0	0
0	0
0	1
1	0
1	23
21	16
14	20
4	21
2	2
0	0
1	11
0	3
0	0
0	0
0	0
942	1561
75	1560
0	26
1	727
0	451
0	259
0	4
0	4
0	2
0	0
13	93
8	74
0	87
1	92
1	4314
0	176
21	660
0	660
9	3080
11	1
0	3689
0	141
0	1
35	4263
3	2
0	2
0	0
0	0
0	0
0	1679
4791	606
1	229
10	376
105	2340
4	2001
13	91
0	88
1	88
0	87
0	2249
4	129
0	414
2	282
0	47
0	144
0	146
2279	252
1	0
2	88
68	158
0	71
0	145
0	21
0	12
16	635
0	4
0	0
0	4
1	601
0	521
3	11
0	0
0	1
2	2
0	0
0	23
1	110
11	398
0	2
0	2
0	1
0	40
6	0
2	93
4	300
0	2
0	48
2	46
2	229
1	284
0	31
0	132
28	232
34	83
22	56
0	114
0	107
0	4
0	16
5	14
8	11
0	239
0	8
0	1
0	1
0	7
0	6
0	0
2	0
0	0
0	0
0	0
0	0
183	0
0	0
2	773
4	862
59	840
0	87
2	60
0	28
0	0
0	0
16	49
0	10
0	30
0	36
0	4
0	0
2	12
1	0
0	11
0	4
0	4
0	5
0	0
16	1061
4	503
37	697
1	636
0	946
1	270
0	0
4	110
2	2
0	1
7	0
0	2
0	1
11	1
0	921
0	11
0	19
0	16
0	18
0	2
0	11
0	0
0	0
1	3
0	3
0	0
0	0
0	0
0	0
0	114
125	247
0	14
3	36
0	223
1469	377
90	0
0	123
1	61
0	92
0	253
2	255
0	28
0	247
8	210
9	639
9	694
210	610
0	64
0	107
0	107
0	27
0	27
0	0
0	0
291	3
7	3
10	186
0	86
4	167
0	23
357	180
1	159
18	0
0	41
0	35
1	19
0	22
117	846
0	96
0	846
346	202
0	0
27	446
0	3
0	3
9	538
8	0
8	184
7	1446
0	148
1	37
9	1545
0	0
0	47
73	159
34	148
29	148
0	18
0	148
0	1
0	1
0	1
0	1
0	1
0	0
0	0
0	0
0	0
0	0
6162	6316
38	5733
34	2790
60	577
1	0
38	5
0	151
1	69
0	160
8	56
7	153
0	17
0	2
0	9
1	18
0	34
0	63
0	16
0	2
7	64
0	0
0	11
0	171
114	60
51	22
0	44
0	22
0	32
69	4821
0	0
4	21
0	4816
0	588
0	244
0	299
5	504
0	259
11	557
0	36
0	14
1	0
4	92
1	13
0	114
2	87
0	64
0	39
5	312
23	0
0	0
23	2587
50	2587
155	32
0	32
176	2394
12	2306
6	453
2	168
1	179
0	406
0	303
3	120
0	342
0	0
0	323
304	351
6	8
2	74
0	239
0	21
0	0
0	38
1	19
11	55
0	59
1	14
9	3
0	3
1	0
0	0
0	0
0	0
0	0
124	2127
10	1985
163	2681
3	15
13	67
35	653
1	41
1	0
15	14
0	14
0	13
1129	0
1	0
1293	834
0	494
0	1
2	607
0	323
0	3
0	0
1	5
0	0
0	5
2	1
123	182
0	163
15	58
2	5
8	4
1	55
1	10
0	3
0	8
0	3
0	10
0	169
0	108
1	22
0	0
15	109
0	8
1	14
0	170
1	721
85	722
0	57
755	3297
2	3292
9	1239
12	744
3	109
3	20
362	1634
22	1633
1	202
7	212
0	10
0	42
0	57
299	0
0	0
0	0
0	0
1	1136
0	1111
2	673
0	645
1	695
0	712
4	780
0	124
5	25
0	484
0	544
0	124
0	209
10	13
0	7
1	30
2	7
4	37
2	170
3	4
1	6
0	55
1	0
120	2
4	0
0	0
2805	245
0	5
1	237
0	6
0	6
0	6
33	257
819	454
14	304
0	158
0	1
0	0
0	0
0	1
0	0
0	0
0	0
0	0
20	44
0	395
0	144
0	142
4	165
49	394
0	170
6	39
10	407
0	62
0	44
0	102
13	71
13	0
0	0
5	3896
199	3898
17	3078
1	2419
130	10
10	31
0	0
0	0
0	0
0	0
1	0
7	0
0	15
850	116
5	27
0	14
0	0
1	61
5	14
4549	1578
1	1577
3	1566
2	15
0	30
16578	1709
79	2
2	833
25	842
8	600
1	829
47	0
0	0
0	0
0	0
0	0
0	0
11	66
14	365
0	329
2	0
0	59
4	272
0	263
2	232
0	0
5	19
2236	2
0	0
0	0
553	63
1	17
12	46
1454	244
0	19
123	123
203	48
1	0
0	0
1126	2020
1	2157
1	1740
1	1609
0	1886
0	559
0	1920
0	473
12	1129
4	80
0	205
61	209
4	66
0	73
4	113
2	135
6	157
1	120
0	42
0	0
0	1805
16	0
11	17
0	7
0	7
1	11
0	6
0	0
10	391
0	434
7	393
0	409
2	25
0	0
0	0
0	0
0	0
0	0
0	0
20	2179
72	2179
41	2072
0	0
0	0
0	0
0	0
0	0
11	18
0	18
0	0
0	0
0	7
0	6
0	6
39	156
77	501
72	757
0	793
0	39
2	42
41	10
11	13
41	0
0	0
0	0
0	0
0	2
1	2
0	2
1223	15
1	12
228	5
0	5
1097	2
0	0
0	0
0	0
10	463
0	526
16	406
0	61
1	6
3	48
229	684
0	444
7	327
47	645
0	43
0	0
2	277
0	0
0	0
0	0
0	0
0	1
0	0
0	1
0	1
0	0
0	0
0	0
2	678
0	859
20	831
7	316
0	21
1	876
2490	1213
22	1213
450	29
0	28
0	142
15	144
0	2
1	1
3514	692
0	15
0	0
0	0
0	0
0	0
1	677
566	677
76	677
0	57
864	8
1	0
43	241
240	91
1	74
2	9
0	20
0	397
27	414
2	105
3	98
0	36
3	22
0	3
1	59
3	47
0	37
0	36
36	1
18	1
0	4
0	1
0	0
882	1469
0	1438
0	196
1	31
21	174
8	131
4	715
0	12
0	0
0	0
0	0
374	307
1	161
1	147
206	36
3	36
17	2290
0	1838
21	854
0	104
0	56
29	3
0	577
90	567
2	20
0	75
10	1
0	298
2	45
0	1888
0	1934
0	0
12	0
2	0
522	245
5	241
0	155
3	62
6	64
0	62
691	519
0	0
0	0
0	0
61	62
129	163
0	15
14	102
17	137
0	0
217	121
1	41
0	88
118	2263
35	2263
1	781
0	117
371	124
8	123
0	0
0	0
0	0
0	0
0	0
0	0
0	0
10	1
0	0
0	1
12	8
0	0
0	2
0	1
18	1
0	1
0	0
0	0
0	0
1	0
40	2421
9	1079
3	405
0	6
4	1
0	2421
12	2
0	2
0	0
0	0
2612	199
4	196
0	82
200	1070
13	1070
0	0
2	1
0	0
0	5
38	1724
0	3
1519	1720
12	415
4133	221
84	213
0	0
1	3
2	3
0	3
413	2004
1	2132
0	499
16	1681
25	1120
7	1544
1	32
3	14
75	3131
7	3049
0	3281
0	3331
0	3439
30	513
1	9
5	127
4	26
0	2218
0	47
4	214
0	163
11	341
3	362
100	81
0	6057
58	4734
468	4322
0	25
0	348
3	0
0	16
2	16
0	0
0	3
0	0
0	0
0	0
1	0
4	677
771	65
0	62
0	52
1993	438
0	88
0	49
46	3
0	0
0	0
2074	1108
0	1106
15	128
0	0
280	135
15	135
0	0
0	0
0	0
7	62
8	144
0	124
10	0
2	0
9	174
93	174
4	62
1	6
1392	45
0	45
1	0
0	3
0	21
1	20
0	21
1	1
0	22
0	3
0	18
31	17
21	0
405	989
2	397
0	699
3	185
4	651
3	63
0	0
2	15
0	85
0	70
2	41
1	74
0	5
0	1
0	0
0	0
0	0
0	0
0	0
10	0
0	262
321	5986
19	3108
8	222
4	4686
3	2151
0	487
719	1606
15	518
2	438
0	1057
1	0
1361	517
0	9
0	148
0	19
1	51
1	53
0	88
4	125
3	108
0	8
0	1
235	2972
0	10
0	42
1	335
5	2977
460	7365
8	7365
10	27
2	213
0	2675
181	3351
15	2397
0	34
52	39
6	23
134	98
0	0
171	1347
53	1339
29	654
288	733
3	580
9	85
0	118
6	53
11	28
3	3
0	25
103	1986
0	157
71	1986
1210	1061
22	425
1	590
7499	292
3	285
7	379
12	387
0	12
0	0
0	0
0	5
9	5
1	3
6729	3
1562	5
4386	2
11	398
6	406
54	377
0	437
0	387
34	16
0	0
270	0
259	712
2	4
27	708
5	0
0	10
11	178
0	115
11	30
1710	288
1	209
0	195
4	27
0	195
4	150
0	119
1	9
0	12
0	3
35	1753
56	2653
42	1441
16	64
5	1312
0	0
0	0
0	0
0	0
0	0
0	0
0	0
2521	1869
9	1863
20	135
0	0
0	0
0	0
0	26
0	5
0	466
0	16
0	22
0	20
0	28
1	2
0	192
0	471
2	0
1693	0
0	0
0	0
0	0
0	0
6	0
840	382
11	381
5	1
0	167
1	16
21	164
25	186
6	32
33	42
0	185
0	0
10	2077
0	25
0	0
14	1208
60	515
5	1200
0	904
11	2143
0	2143
9	2123
0	2157
3	879
9205	1770
2	865
48	903
15	1105
10	1
0	1
1	0
0	277
0	277
58	277
3	31
140	756
0	671
0	85
2	72
0	0
0	0
912	403
10	170
158	1547
0	853
10	261
5	244
4	12
0	178
0	37
1356	243
0	106
0	132
1	0
1335	323
0	40
0	62
4	219
0	86
37	312
12	48
1	328
26	330
2	54
0	16
2	235
0	0
0	36
0	0
10	288
0	194
0	188
6	62
0	4
0	14
0	104
0	0
0	286
309	1502
3	1397
3	95
1	115
5	83
378	1560
1	481
1	784
20	599
10	205
18	1062
39	1062
0	28
0	0
0	29
1	86
0	700
0	0
1764	705
5	332
7	371
23	263
875	531
0	181
13	2
15	367
0	23
6	133
0	12
0	55
0	56
6	102
0	201
15	212
9	219
1	17
19	760
160	760
0	20
2	0
575	270
0	148
5	270
10	0
0	753
0	1089
65	1126
0	673
0	887
1	514
0	325
0	3
0	53
1	0
0	0
0	0
0	0
0	158
2	234
4	44
3	243
0	20
0	33
0	163
10	160
0	17
14	10
0	149
13	20
0	26
0	16
0	63
0	45
40	10386
0	10081
1	9954
67	9904
0	13493
0	8842
48	10856
1	4926
0	6096
0	2692
2	783
19	1438
0	2610
4	2172
5	1601
3	849
17	1055
0	858
1	534
6	679
0	10003
102	257
33	301
4	116
1	107
2309	0
1306	1
1	421
80	2527
0	178
28	2018
3	1583
0	2131
1	1290
0	128
24	1284
1	98
0	37
26	120
5	0
76	19
0	19
0	1
0	0
0	0
6	2025
183	2744
1	1
4	695
5	625
4	21
117	1
76	5405
9	4332
2	1193
11	5083
681	1498
5	0
18	443
0	4332
0	460
1378	460
59	165
51	68
6	66
0	2
0	2
0	0
458	148
0	148
0	116
1	35
7	18
0	0
0	5
0	18
762	664
5	664
0	152
0	38
18	0
11	410
1	351
0	192
1	0
1	128
0	8
1	35
12	14
0	0
0	0
0	0
0	0
0	0
1	5
144	169
2	18
0	22
0	146
0	6
1	7
0	3
9	103
0	764
2	407
2	59
0	781
0	536
17	372
0	0
161	201
0	128
0	73
2432	2
1347	1
3	84
0	2
168	92
3	79
0	79
1	69
1	46
1	30
5	1854
0	1227
0	1619
2	369
0	510
1	891
2	1137
0	151
1	161
0	425
0	81
0	84
5	36
1	54
0	32
54	4
147	1
6	1322
9	461
21	1573
0	2155
90	2973
2	1
0	1
0	0
0	0
0	10
0	6
0	8
0	8
0	16
0	13
0	1
0	10
1927	79
44	77
743	672
5	0
9	0
1	41
0	0
414	437
0	550
2	672
0	347
91	390
0	4
1	3
2	36
1	27
0	38
2	0
0	0
0	1
0	38
0	0
0	0
0	0
0	0
0	0
32	13
2	13
374	3766
3194	3794
167	25
18	4
13	1201
1	1256
0	67
3	133
0	17
4	129
0	16
0	0
0	0
0	0
35	6908
96	6402
0	6832
4	2078
0	2537
0	644
3	516
0	19
0	17
1747	706
3	113
22	518
996	1589
71	1546
1	57
0	85
5	163
1	5
10458	398
11	388
57	2704
0	271
1	411
33	2651
60	1299
7	266
8	227
0	153
8	63
72	0
10	204
60	204
0	0
4398	165
4	73
3	83
44	29
0	137
0	132
0	10
0	12
0	16
0	106
2	1
0	159
0	11
0	1
0	103
1	3
2	89
3	2
0	0
0	0
0	0
0	0
0	0
142	1889
2	0
518	2561
1	641
10	1527
1	1053
1	0
55	40
0	0
0	1558
2	18
6	107
9	137
18	191
15	344
0	0
14	1549
0	4620
74	4614
11	791
0	4213
0	4617
588	337
0	170
9	322
0	0
6	5
8	10
0	0
0	0
0	0
0	0
886	841
0	841
0	42
12	39
34	12721
0	900
8	857
5	794
0	1545
33	1510
10	66
0	43
81	12481
2	324
1	310
1	17
6	198
0	0
0	105
0	78
1	3
43	35
3	15
1108	2085
2	21
19	1576
2	1
2	44
0	508
0	0
138	94
0	92
0	24
0	0
2	26
0	25
0	4
0	0
0	1
0	43
6	43
1	17
0	542
4	1432
5	1
2	19
30	1477
4	73
9	590
21	723
65	633
41	0
1182	170
0	146
0	1
1	23
8	27
0	14
11	27
123	0
0	0
0	200
0	201
1	183
6	985
0	749
0	770
0	373
0	419
0	475
0	65
1	43
4	79
2	41
0	11
0	4
204	369
14	210
0	64
0	202
22	149
0	65
49	183
144	1938
34	976
6	2
70	1136
4	82
0	80
2	1749
31	1426
1	0
1491	261
0	259
0	58
279	441
0	410
0	58
0	33
4	108
0	63
0	9
1	8
0	0
0	0
461	1
4	0
0	0
0	0
0	0
0	0
7	72
88	341
34	264
0	13
0	207
19	0
0	0
519	674
21	458
7	215
599	80
0	2
0	76
0	0
0	0
0	0
0	0
0	1
0	1
0	1
0	0
9041	3415
2	1699
12	1703
1	71
0	90
3	60
3	124
0	0
0	13
0	13
1	10
0	969
167	970
0	89
3	126
0	3
3	145
1	2
6	42
2	151
0	216
0	139
0	132
2	5
0	5
0	17
0	170
4	655
7	643
0	539
0	14
0	0
0	16
5	8
1574	2167
4	1064
0	1706
3	1138
101	1892
0	857
0	1250
84	695
7	23
254	23
257	837
5	33
17	837
0	0
67	12
0	0
0	5
0	7
5	428
4	6
6	2
0	435
126	473
20	57
1	32
9	162
48	444
0	428
5	183
8	374
2	148
0	6
11	8
0	2
0	442
4	11050
454	10971
2032	11860
17	11774
511	55
2	26
0	31
1	183
0	177
1	179
0	169
0	146
639	0
0	3
0	21
5	21
16	130
237	804
6	521
0	687
419	832
12	831
1	16
1	119
0	3913
0	3687
126	3918
3	1180
0	131
1	316
3	0
4	653
0	167
0	436
1	4
612	202
0	42
0	164
0	2
1	47
3	7
0	3
0	1
0	4
0	0
0	0
0	0
2394	454
0	1
0	453
0	11
5	9
0	8
0	1
0	4
0	4
3	575
28	130
6	130
1	562
0	424
20	429
9	452
0	452
0	398
11	242
1	21
11	228
0	0
0	57
0	53
0	24
0	23
0	9
0	0
0	0
143	93
0	92
0	0
0	0
273	4614
0	4435
7	4521
2	3740
3	59
0	184
0	711
655	419
34	419
59	448
3	447
0	79
8	84
0	70
0	63
0	23
0	11
0	0
8	56
46	109
7	112
0	81
0	0
1888	376
0	366
30	42
3	42
1763	403
0	1
1	36
0	23
0	17
3	14
0	0
0	0
0	4
0	10
76	2749
0	2304
5	150
9	304
1	1
4	879
3	77
22	141
6	141
0	1
0	1
0	0
0	0
1268	170
26	3
6	167
2	3425
50	3094
2	1251
1	79
0	26
2	50
2	14
0	9
0	3425
247	0
0	0
5	12
0	0
2	12
0	0
11	100
0	1954
0	1956
616	1
137	536
8	512
0	563
14	580
1	1
0	1
21	20
0	20
197	1426
12	33
0	858
0	434
3	222
621	405
0	113
3	274
1	198
2	0
0	0
2	0
7450	2059
3	225
8	5
0	1822
129	451
36	9
448	1665
2	1132
6	86
0	106
0	876
0	0
0	0
0	0
0	0
0	269
5	224
0	247
3	1
0	171
0	18
0	13
0	11
297	174
8	15
0	159
0	159
81	1703
16	1330
3	370
66	1804
15	1359
2	96
7	2
8	573
24	559
2	414
7	10
14	10
0	6
103	1921
0	753
0	729
1	1192
0	178
13	630
0	4186
0	3992
0	3956
98	3990
3	3694
2	3923
0	3633
20	3339
9	152
10	149
0	100
0	294
0	4146
1	970
5	643
12	232
3	970
0	959
4	1
0	1
1385	563
0	175
0	36
0	33
10	246
3	291
0	240
2	965
6	913
0	119
1	509
18	419
11	26
6	89
0	621
0	73
14	29
326	0
0	0
93	3233
441	3233
6	81
52	31
11	1
1	19
7	19
194	34
0	34
0	5
0	8
0	0
0	0
2	22
0	22
1	0
123	67
0	8
9	67
0	17
5	5
2	1
21	0
0	0
1	11
14	11
122	15099
608	15099
24	10778
0	964
0	904
1	906
1	1060
0	152
1	16
1	158
5	166
1	168
5	5
0	12
1	0
0	0
0	0
2	2999
0	3292
0	2095
48	2201
0	57
14	397
1	191
0	168
0	145
0	106
135	502
6	25
2	0
4	299
0	364
0	237
2	1
0	0
0	0
0	0
0	0
0	0
0	0
0	0
3	93
0	69
0	112
2	0
0	0
0	0
0	3853
11	4419
7	862
0	414
0	1808
1	1417
0	107
2	58
0	76
0	160
1	1250
0	769
3	1123
0	1148
0	1099
0	165
0	1
0	11
6	47
0	6
0	45
152	1608
255	1431
0	483
86	1596
2758	130
0	127
0	0
0	156
0	3
0	0
0	1
0	155
0	0
0	155
0	3
8	1321
0	195
1	442
12	683
12	1319
1	40
0	354
5	260
4	133
1	10
1	287
6	1409
2	379
29	352
0	29
842	1440
0	247
0	1440
6	40
2	0
0	190
2	164
0	110
9	37
1	130
0	0
0	0
0	0
0	0
116	1963
0	1341
0	604
11	588
1	471
36	252
8	236
0	0
15	16
199	60
3	33
0	12
183	54
11	9
0	5
0	109
0	99
1	99
0	1
824	1
0	1
3	1
0	1172
0	1183
0	1056
0	1087
2	275
11	841
0	1084
0	1050
0	32
6	26
0	60
11	2
3	83
1	243
2	76
3	0
5	32
10	46
0	35
6	219
1	226
5709	2527
7	2316
5	150
16	60
0	0
0	0
1	60
0	0
0	0
0	0
6	3
0	0
0	0
151	0
78	240
0	226
7	239
0	141
0	3
5	0
0	82
33	589
2	587
13	589
0	7
579	0
9	127
115	316
21	138
18	129
0	1
0	2
0	1
0	1
0	0
0	1190
0	1231
0	1002
0	926
3	170
86	753
40	0
12	704
30	33
0	1
38	149
1	40
1	11
0	115
0	100
0	1318
0	1287
0	503
0	97
3	503
13	89
0	9
0	553
10	0
40	53
0	1
1	83
5	43
2	39
0	30
0	42
0	31
944	1053
0	0
2	1052
2	1
0	0
31	944
104	942
132	35
0	0
0	2
0	33
0	0
31	75
8	20
1335	114
4	0
0	19
825	0
289	0
0	0
2	26
50	17
0	26
1071	2
368	101
0	101
165	30
0	28
559	974
893	318
10	75
0	146
1	32
2	77
16	89
12	14
0	0
0	12
30	427
5	435
0	0
1	8
0	34
0	1
61	2494
2	205
0	432
8	984
0	1319
0	718
13	132
3	298
0	0
1726	137
0	33
0	62
0	70
0	6
0	0
1	340
0	262
0	207
0	4
0	7
3	316
522	232
3	98
0	0
18	134
1	26
5865	29
73	1786
71	1786
0	1505
0	1737
1	106
1	0
10	194
0	1
3	1
178	440
0	0
3	343
0	0
0	398
0	3
0	17
0	2
109	2017
12	1709
3	856
7	143
2	10
85	47
0	29
0	0
1	18
4	1
0	1
20	396
0	390
0	338
0	0
0	13
14	34
590	379
28	517
5	172
8	192
2	5
0	5
0	0
1	0
2	3
26	29
1	15
0	23
0	36
1863	1327
8	1089
0	721
0	87
1	214
1	162
0	105
7	3
0	3
11	1006
389	1081
3	173
2	31
99	120
15	120
9	67
0	67
0	67
2	67
0	63
0	0
385	1928
1309	1967
0	1353
0	1353
1	1347
0	1373
0	1352
0	1341
0	1259
0	8761
0	6
28	61
1	5884
2	23
0	1175
2	52
0	38
0	8588
15	23
0	23
9	2
0	0
4	620
5	599
0	18
1	45
3	10
0	74
0	73
0	0
1	130
5	603
0	261
2	6
10	0
4	6
0	132
0	8
0	61
2	399
1	567
0	2
0	2
0	0
5	87
75	785
0	706
1	538
849	539
726	271
0	223
0	5
15	222
0	13
0	0
2	0
0	0
0	0
0	0
0	0
0	0
0	0
0	2
0	0
2648	4
58	317
43	702
8	1850
0	21
1	646
1	11
9	1530
6	37
0	500
12	1569
2	58
14	826
3	144
1	112
7	279
0	821
0	1
0	0
0	0
0	1
0	0
344	32
0	5
0	27
0	0
86	1754
0	1754
1	1718
0	51
0	128
0	100
0	69
0	39
0	1754
13612	1442
24	1432
0	0
1	0
2	0
0	0
0	0
0	0
0	0
0	0
0	0
0	1
0	1
0	0
0	1
0	1
2	1
12	24
1	24
0	0
2	189
0	306
0	2009
1	1933
17	1870
0	151
0	149
363	9703
0	6346
6	2087
7	67
9	4207
1	6356
14	1182
0	1567
355	74
3	74
0	0
9	38
0	9
0	4
0	1
3369	654
18	650
0	122
80	308
904	1576
0	1114
0	17
9	56
5	209
0	20
0	0
0	0
0	0
0	0
0	0
19	7634
85	6262
136	3068
3	386
192	1154
8	259
561	1682
0	1
2	1996
86	1
5	40
0	482
0	471
0	7830
2	459
0	73
15	1202
0	39
1	11
1	432
1	700
6	0
5	100
0	1195
541	0
2	32
73	211
0	0
0	0
0	2
1	9
2	179
541	1499
9	1386
0	189
10	83
0	74
0	27
0	151
0	141
0	135
0	145
1	2
0	18
0	0
0	0
0	0
0	10
0	0
1	211
4	109
0	259
0	329
8	2
83	4041
7	1942
8	4007
0	4301
1	2533
2	2268
0	597
46	600
5	496
0	281
0	110
7	11
0	7
1	100
1221	4
7	2
0	1
0	0
0	0
0	0
0	2
0	0
0	0
0	4
0	3
0	3
0	0
0	4
0	4
0	43
6	47
0	0
3657	4
704	1787
1	45
7	1681
0	1816
0	0
3	100
0	0
1	771
0	2
0	2
0	2
0	2
0	2
0	2
0	2
0	1
0	0
0	0
0	0
2	990
0	576
62	991
0	44
0	614
0	42
0	130
19	110
0	1
1	1
0	0
0	7
1	0
223	10015
0	5516
46	16523
492	12429
60	1436
0	5
46	0
2	105
0	125
0	194
1	2399
305	3542
25	3395
154	26
5	115
23	840
0	1059
42	990
0	885
15	24
0	176
1	0
0	11
0	0
0	84
0	9
1	5
4	40
0	5
3	811
0	100
12	750
0	743
4	0
0	2
0	20
0	811
1	13
2	307
1	1045
1	766
2	812
0	625
0	987
0	960
16	123
0	35
24	61
16	85
0	16
440	25
0	2
0	7
1	0
1	25
0	29
2	83
1	16
0	0
0	0
0	10
0	93
0	61
0	15
0	4
0	0
0	0
0	0
0	0
2	59
0	54
977	360
0	0
8	305
5578	5
4	21
0	21
69	397
38	397
0	319
0	1
0	1
0	0
0	1
8	530
1	490
0	427
3	112
0	0
1	340
1	12
0	90
0	111
1	7
0	184
116	1755
443	1857
2	1484
0	146
2	192
0	22
1	11
15	0
0	0
0	1149
2	27
1	25
0	15
0	330
4	17
5	819
0	279
1	810
2	223
0	72
1	75
1	281
2	1400
1	0
4686	8173
22	5163
0	6920
32	931
30	817
36	569
3730	1775
193	899
0	1437
5	372
0	0
868	272
8	176
3	186
0	24
13	138
0	136
0	137
17	125
1	95
78	281
0	272
0	155
30	13
5	929
756	943
1	716
0	707
0	112
0	564
0	951
0	502
0	445
0	740
11	532
0	76
1	488
0	608
13	0
19	26
0	713
0	30
0	44
8	4
0	186
0	162
0	49
322	661
1	265
0	118
0	12
1	211
0	136
0	223
0	86
154	363
1	363
1	67
0	3
8	7
1	0
0	0
0	199
1559	256
3	190
7	165
0	134
0	0
0	1
0	0
0	0
0	0
0	0
0	0
172	118
1	118
66	448
15	448
0	56
342	758
29	1512
0	1255
0	45
2	29
3	0
1333	201
0	200
0	104
0	1
62	0
0	0
0	0
0	0
0	0
0	0
1	0
17	8
0	1
0	0
0	0
3	7
1	0
3	4
20	6
0	8
169	767
1	740
7	86
0	19
14556	35022
27	7418
6	8618
4	19623
30	5482
1	18496
7	15606
16	14126
481	1618
7	1438
9	180
0	502
1	887
771	1282
0	1250
0	1029
2	214
73	1086
220	18
2	2
3	3
6	3
130	3879
63	1561
0	3810
8	27
221	2857
46	2
0	980
8	2122
947	1390
0	0
266	1387
15	487
6	1581
592	1444
0	33
41	1178
0	197
3	1081
2	270
0	171
0	1006
2	97
0	97
6	18
10	55
0	29
16	754
0	678
8	159
9	390
2	346
0	291
3	265
0	310
0	43
0	42
4	2
0	2089
0	2061
1	1680
0	2912
1	3048
0	86
9	2197
2	201
68	2354
0	3199
0	2948
0	3123
0	1904
0	94
12	2089
1	9
0	36
0	5
0	10
0	30
0	43
2	564
0	56
4	24
0	38
1	392
3	66
1	30
0	2
1	541
0	47
1	534
1	18
1	7
0	95
0	524
2	20
0	229
0	127
0	4
5	37
0	564
0	424
569	83
4	82
2188	462
13	154
15	404
0	2
0	2
0	2
0	0
0	0
0	0
421	2
2	0
0	0
0	0
21	911
2	767
0	735
0	678
359	821
0	676
10	781
12	80
5	540
6	56
8	698
5	0
0	0
5	8
0	99
6	0
10	6
4	20
1	93
0	23
0	0
4	5
0	0
0	628
0	499
0	442
2	486
5	582
2	339
1	440
0	35
10	481
0	6
0	97
4	82
0	357
0	268
0	365
0	139
0	252
532	658
186	615
0	17
17	430
0	166
663	212
1	1
8	210
5	6593
17	1752
1	99
55	898
1	71
25	57
148	6557
0	0
0	0
0	0
0	480
845	761
0	98
1	387
0	9
1	71
0	41
1	35
32	174
3273	750
1	0
65	89
0	764
2	13
45	4
0	4
3509	2081
13	2079
1	0
4	1
76	9912
0	11566
95	1189
4	9814
58	162
158	1957
13	1450
2	634
0	57
0	58
0	199
8	2
0	47
2	195
151	5
0	0
0	0
1	3
939	1
381	0
1	98
2	77
2	74
0	28
0	16
0	9
0	17
24	6
1	3
0	0
33	7867
685	7996
45	493
1	0
17	1041
3	195
1199	811
2	235
0	202
33	355
2	1
0	24
9	168
0	16
1	4
0	1
0	44
0	1
116	545
50	554
0	37
13	51
0	68
3031	1167
231	1163
76	816
0	297
1712	1047
0	1019
0	405
5	442
0	469
8	162
0	0
0	52
0	29
0	36
1	18
1411	200
7	199
1	110
0	2
1	3
1	52
0	143
24	131
0	84
0	105
2	107
4	104
4	2
0	2
0	6
0	15
6	0
0	0
0	224
54	2000
0	41
3	522
15	32
33	648
0	1925
0	2007
1232	0
83	97
8	97
13	59
64	4290
2	3991
373	4031
0	3172
0	3054
13	263
13	4
9	365
14	258
367	108
2	6
0	3
0	106
2	1
32	56
70	56
0	0
17666	11346
56	11349
9	11292
21	574
1	3502
0	1756
0	29
0	29
0	2
0	8
1	8
0	7
0	0
0	0
0	0
18	544
24	1029
0	1029
0	27
5	5
0	11
0	6
0	1029
108	1
0	1
1	1
1	0
0	43
0	43
0	25
0	0
0	25
10	129
0	137
2	62
2	9
0	0
0	67
33	0
0	0
0	0
0	0
0	0
0	0
1	6
0	2
0	0
1	4
0	0
0	0
0	0
0	1
618	46
5	45
0	0
0	1
0	0
16	369
2	351
0	54
7	90
0	89
5	0
1	52
1	15
0	13
1	17
1907	156
0	155
1	39
4	41
0	39
1	2
11	4
1	119
177	121
0	18
2	57
2	17
0	52
0	6
1029	50
19	49
0	1
338	1
278	9667
286	9430
0	284
3	722
6	552
1	139
16	122
0	0
1	123
2	3
0	0
0	0
20	0
2200	817
256	574
1	253
0	16
10	246
4	448
25	435
46	435
0	0
0	322
740	395
7	0
0	16
0	55
1	0
2	0
0	0
0	0
1	0
0	0
1	11
9	2987
16	0
1	0
5	362
0	2943
0	1680
0	320
0	11
0	382
0	43
1	56
1	320
0	161
0	185
0	109
0	1469
0	1354
0	379
35	1464
0	117
1	468
0	1322
0	112
0	212
1	106
1	105
0	2
0	260
0	41
4	14
0	198
0	192
0	110
0	115
0	128
5	127
0	29
0	4
3	49
234	531
2	386
0	145
472	943
3	658
0	294
138	0
2	0
276	177
1	577
0	116
277	578
144	390
4	379
4	15
0	32
8	140
0	0
0	35
1	30
2	15
0	0
0	1
4	0
1	0
10	453
2	412
1	101
0	103
2	77
0	21
13	0
0	90
14	27
5	78
2	74
0	75
2	4
0	21
155	0
2	0
3	534
7	1351
108	1184
5	167
2	95
0	543
0	298
1	565
13	221
8	40
0	0
0	0
2	72
66	246
0	197
0	14
17	2
0	0
300	4151
511	4036
21	4151
2	4148
1	2165
2	0
30	0
1531	972
10	229
0	850
13	643
2	639
0	134
0	3
0	598
2	0
0	478
548	1283
8	2
268	1379
18	142
17	1177
0	7
0	975
11	418
2	256
0	284
1	898
8	847
0	176
3	127
0	76
2127	56
1	23
0	43
0	10
871	752
0	393
2	331
5	108
0	330
0	11
2	0
6	511
20	545
17	356
0	10
1	14
17	0
6	7
1	2
0	0
0	0
0	0
0	0
0	19
88	91
2	23
1	75
1	42
0	2757
2	2412
7	23
0	89
8	178
78	2439
13	2422
0	0
4	163
1	1546
1	3
8	160
0	5
2	3
19	0
19	3
71	96
0	222
0	21
0	584
1	0
0	2659
14	663
0	872
1	788
0	934
2	821
11	458
0	53
1	41
1830	2650
5	2125
0	2469
85	1262
0	576
0	3
0	0
1	0
2	3
0	0
0	3
0	0
2125	65
9	65
88	1945
3	731
78	730
0	1
2	314
0	329
0	384
1	192
0	251
4	335
3	62
0	40
0	64
0	0
1	90
0	74
0	1
0	1
0	320
0	266
21	16
0	2
0	5
0	6
0	12
0	7
0	5
0	2
0	0
0	0
0	0
18	426
0	158
0	27
3	388
1	23
0	7
0	195
1	55
2	8
4	4
0	4
0	0
0	0
0	0
0	0
0	0
25	535
7	535
4	752
0	31
0	23
0	28
7	23
0	1
0	22
0	200
0	2
0	570
10	4948
0	2348
0	965
55	4047
1	1210
0	1726
0	1575
0	0
0	4
1	679
0	4947
0	421
36	238
2	173
19	198
1	135
3	3
14	8
10	0
0	0
5	1516
25	1137
18	927
3	111
2	133
104	217
2	0
14	0
72	102
17	1420
19	4834
2	16
3	557
0	351
0	688
7	288
0	4979
1	631
2	152
0	5032
176	71
0	71
8	3
0	0
0	0
0	0
0	0
0	0
1263	1
688	47
0	5
0	40
277	1
8	0
0	736
17	465
3	49
2	31
2	3
0	36
0	47
0	8
0	736
65	1456
270	1418
5	253
73	420
2	203
34	28
0	28
2	27
4003	3317
47	619
7	389
69	2699
0	98
1	619
1	188
0	621
36	625
4	215
1	437
29	722
0	77
1	608
0	595
0	133
0	623
1	0
0	0
0	0
179	1
0	1
1410	343
2	342
181	43
39	48
6	48
0	0
0	0
2	1798
0	554
1	322
0	1798
0	15
0	14
1	14
0	11
4	5
1	0
0	0
0	0
0	0
0	0
1	8
0	8
810	704
0	507
0	612
0	104
9	88
668	3579
0	3393
0	874
5	1073
0	1201
0	1186
0	1163
0	73
0	392
0	204
1	0
0	0
59	1580
0	3
15	1580
18	2
0	2
0	4
0	4
0	4
0	4
0	3
0	4
0	1
0	1
22	952
0	533
0	838
0	6
0	917
8	487
203	527
4	512
266	3361
5	3828
4	3723
8	44
3	249
3	380
0	0
1	89
0	0
505	992
0	976
0	183
5	991
2	97
0	29
0	103
0	57
0	35
0	3
63	816
158	802
0	334
1985	1399
3	1383
1	15
234	10014
411	10014
0	53
72	33
0	31
6	45
0	15
0	16
0	16
0	2719
0	3450
0	4652
32	8600
1270	9151
4	550
3	3466
34	59
0	59
3	59
0	59
0	29
15	3
167	123
3	63
0	122
10	58
0	12341
31	10992
25	3424
3	2130
6	461
1	780
25	461
553	782
0	0
5	443
40	443
1	36
0	13
0	0
0	0
1	3
0	3
11	0
28	0
39123	37123
18	36134
0	2525
0	1
0	1
0	1
0	1
0	1
0	1
0	1
31	154
7	107
0	102
330	1450
14	1471
3	59
11	0
8	512
1	603
0	540
5	31
1	0
0	0
0	0
201	3938
0	3243
304	796
63	332
0	5
9	241
196	0
445	65
0	7
0	0
1	0
0	0
2	0
0	58
213	986
0	61
0	833
0	12
0	81
0	0
0	0
0	0
0	0
2	0
0	0
0	0
0	0
122	0
0	269
3	271
5	11
0	10
0	7
1	16
0	29
0	13
0	13
0	1
0	3
0	18
0	285
0	269
0	2
1	3
0	3
0	0
0	0
0	0
172	2455
0	2416
4	230
4	1788
0	134
167	1018
110	1018
7	625
160	50
0	0
0	50
10	1430
3	191
164	1490
2075	2168
9	1468
1	429
0	40
38	658
0	32
6	1
6	0
51	59
850	137
0	59
0	40
3	4
8	74
394	183
1	183
0	139
7	102
87	181
3	5
1	2
2	5
0	44
0	36
1369	1474
8	1468
0	4
0	629
0	17
73	1026
8	919
0	765
139	0
0	0
10	277
427	278
0	30
1	18
0	1
10	410
9	2077
16	421
0	1900
2	2033
4	1619
0	0
2	161
1	1297
2	129
0	119
0	129
1	773
0	178
0	225
0	0
0	0
0	0
802	1788
0	1787
0	336
0	15
0	847
0	21
17	0
12	30
4	81
1	690
0	346
6	849
0	0
0	0
798	0
132	160
0	160
0	0
0	0
0	0
732	157
0	0
3	127
0	30
17	155
0	689
10	126
6	554
0	584
22	10
0	689
5	18
0	11
0	0
0	1
0	14
584	1
0	0
0	0
0	0
0	0
2	5
0	5
0	1
70	721
18	721
0	3
0	198
0	13
7	62
2	2
10	616
27	636
0	281
2	30
1327	2562
0	6
2	2390
0	160
11	287
27	74
0	168
0	128
0	0
12	0
0	1
0	1
0	1
26	0
77	0
0	0
0	0
0	0
9	29
0	125
44	260
58	173
0	97
4	6
54	1910
0	1700
0	0
0	192
9	95
0	63
6	87
0	57
1	501
36	125
3	85
2	46
0	10
0	314
0	0
0	0
0	0
0	0
0	0
80	2437
16	2286
2	2521
2	12
2	2485
0	133
0	93
7	819
31	834
0	894
15	881
2	674
1	19
0	73
0	0
0	0
0	0
0	0
8	1250
8414	1258
363	910
3	1220
19	907
0	1579
0	1476
40	1417
0	997
0	1647
14	1113
0	13
256	705
4	622
3	354
25	202
6	148
5	9
110	11921
4	3
338	14176
9	11455
0	13383
2	498
0	0
1	93
0	737
619	738
0	0
0	0
0	0
255	58
0	0
0	3
3	17
0	32
0	0
0	58
0	0
0	0
0	0
0	0
0	0
0	346
14	403
13	434
4	298
2	463
0	147
1992	429
173	1669
143	979
39	1469
6	100
11	502
11	606
1	483
19	452
0	0
0	8
0	7
0	4
0	0
0	3
0	3
17	12
68	44
1	25
1	44
1	0
30	93
11	105
0	21
1	115
8	158
4	0
1	68
6	33
2115	0
0	0
0	1
0	0
1	132
3	15
68	153
7	379
0	5957
0	5852
0	5274
1	4
5	24
16	8
0	3964
0	4102
3	5803
12	538
3	2
0	5572
0	5971
31	4862
0	4913
0	4366
4	5057
18	0
0	4346
17	5364
862	1087
343	1024
22	969
4	3
20	7
112	0
240	0
112	529
6	221
5	101
0	275
4	10
40	4
3	4
0	1
0	122
0	85
0	146
820	860
0	860
8	400
38	1952
1546	1953
0	0
0	288
4	94
1	141
0	14
0	148
3	65
1542	476
0	280
0	60
0	0
0	0
0	0
0	0
20	301
59	739
4	187
0	102
28	397
0	16
0	3
2	46
0	4
0	722
31	488
39	421
2	23
0	90
572	188
0	188
758	356
0	356
0	0
0	0
0	0
0	0
12	2279
37	1976
4	2185
0	1045
32	964
0	282
0	14
2	96
47	279
3	8
5	266
0	211
0	2
6	17
157	216
351	254
0	180
1	45
0	78
3	765
5	786
67	0
1	9
2	345
0	541
1	23
0	14
0	0
2	6
0	6
0	6
0	0
0	0
0	0
0	0
0	0
0	0
0	0
7	0
5	0
0	0
0	0
0	0
0	0
0	0
0	0
248	1369
10	1350
5	493
9	4
10	1
386	1
1	0
0	0
0	0
0	0
7	100
0	100
1	9
0	14
0	0
0	0
0	0
0	0
0	0
0	0
0	0
315	117
1	117
0	459
42	482
2	143
10	19
181	712
0	448
41	700
0	315
13	3
35	198
0	242
0	3188
810	3327
0	2000
1	35
2	22
0	3330
41	0
0	33
0	32
0	33
0	12
35	634
0	336
19	533
9	305
18	77
3	0
6	9
31	57
0	18
0	38
0	18
1	19
199	585
35	596
1	34
0	0
39	254
6	7
0	197
1455	5167
0	1345
0	4280
151	4240
0	44
11	877
0	42
129	332
13	332
1	0
0	3
1	19
0	0
0	1
0	1
6023	14139
24	13883
0	14013
0	13509
0	13423
2	457
1	12673
0	1129
1	466
1	979
2	1460
211	1457
1	290
2	58
2	353
0	159
15	3
1828	1
50	32
0	31
4	129
0	396
0	14
0	0
2	30
0	271
0	230
2	214
0	15
1	15
0	0
0	0
0	1
0	4
0	0
0	1
0	1
11	20
13	25
0	25
0	0
0	0
0	0
0	2
0	0
0	0
16	14
0	4
0	13
1	0
122	554
0	451
0	31
0	31
4	0
6	150
0	0
215	296
5	241
5	7
3	48
0	1841
277	4441
1	5
3	155
12	4204
61	268
0	0
0	0
0	0
0	7
0	3
0	6
0	3
0	0
0	3
0	3
1	0
1	2823
88	4374
263	4374
49	358
42	597
9	34
1	52
0	0
0	757
38	3274
50	2702
38	2516
0	1436
4	1382
6	1219
0	1373
12	0
0	20
9	19
0	19
3	18
0	20
191	7
0	0
0	0
48	1702
15591	2649
0	168
12	935
311	27
0	5
1	19
2	3
0	3
838	2331
0	1122
2	102
0	1052
0	10
0	497
0	15
0	0
0	950
0	2295
130	160
0	100
6	159
0	45
0	0
0	0
0	0
0	0
0	0
0	0
129	256
3	212
0	16
1	5
0	24
0	24
0	3
0	0
9	1119
4	1017
0	1008
0	1034
0	296
0	772
1	138
34	775
9	36
0	93
4	4
0	4
3	96
0	69
5	84
0	10
4	6
6	0
1	1225
15	976
0	1103
20	1104
0	201
36	412
0	350
6	635
4	494
0	32
1	1
6	44
0	5
0	1225
11	540
0	262
13	561
1	0
6	143
10	2
0	582
69	35
0	0
0	1
0	0
0	16
0	3
0	21
4	6
0	6
0	0
1	0
0	0
25	7216
0	118
7	6306
61	4857
7	942
31	2102
2	1
0	0
626	18
0	1
0	17
231	157
0	104
0	92
8	42
0	6
0	0
0	0
1756	1526
4	488
1	323
2	57
0	73
6	268
0	306
0	757
0	101
82	7
0	7
0	0
0	58
11	59
0	28
0	3
1	214
0	96
1	7
0	27
0	0
2	51
0	75
0	0
0	0
0	0
0	0
6	84
0	105
0	0
9	115
2103	196
21	114
1	82
0	8
0	8
0	3
0	0
496	192
20	190
15	27
3	24
46	547
38	537
67	4
1	6
3	23
0	535
2	118
59	21
0	1
8	390
1	543
61	21
0	21
0	7
0	6
0	0
5	684
183	738
2	310
0	7
484	0
2	225
16	675
428	1138
4	878
4	725
0	0
0	0
0	0
0	0
3	19
155	42
0	0
0	4
0	4
0	4
0	4
0	0
0	1
0	1
0	41
0	3
1	43
0	0
0	0
0	0
0	0
0	0
0	0
0	0
0	2
0	11
0	0
0	9
0	2
0	6
0	0
0	9
0	0
0	9
2	970
2	111
0	923
10	932
0	970
1	34
0	8
0	77
5	178
5	78
0	51
0	141
7	367
4	339
27	350
0	2
0	0
0	11
0	2
0	72
0	14
0	22
208	2284
426	2842
152	3006
203	2834
40	11
0	114
154	134
0	55
0	94
0	0
2	10
0	0
0	0
0	0
331	510
0	484
3	353
1	2
0	2
0	283
111	481
8	119
12	132
1	15
0	34
0	49
5	26
0	26
0	11
0	76
0	0
1	22
0	114
1	0
0	0
0	19
6	44
0	358
29	377
1	229
3	156
6	5
196	112
0	0
322	1141
6	1247
5	290
19	619
6	1
0	171
4	77
0	0
718	138
3	138
0	10
0	2
1	8
0	2675
2266	809
0	408
0	400
5	4
0	15
1	47
3	2
1	26
2	6
0	19
0	18
0	0
0	0
0	0
0	0
0	0
1	993
7	697
0	998
1	232
0	690
11	113
0	113
7	3261
278	3463
20	653
0	585
0	0
0	0
5	1
0	1
0	1
0	1
0	34
0	31
1	74
8	40
0	25
5	58
0	18
0	30
2	31
0	1
0	0
0	0
66	54
0	9
9	7
8	2
8	27
0	0
0	0
0	0
0	0
1471	109
0	79
0	28
16	9
17	16
4	156
0	515
15	151
0	145
9	69
0	451
2	166
0	444
14	519
6	2
1	0
0	0
0	2
0	0
0	0
9	0
0	0
0	0
0	0
0	0
0	0
0	0
0	29
0	0
0	7
11	138
0	89
2	23
0	23
0	0
4	114
2	2
2	38
0	8
0	8
0	0
0	14
0	3
0	17
0	1
0	1
0	0
0	0
0	0
0	0
0	0
0	0
0	0
0	0
0	0
0	0
0	0
0	0
15656	4933
2	1792
0	1523
0	0
0	97
0	611
21	24
9	5
0	2390
1	600
28	118
12	220
12	192
17	120
0	59
3613	1155
0	11
0	236
0	907
32	10
0	7
0	6
333	1549
1	1549
0	535
3	117
0	130
0	24
2	130
3	33
0	0
0	0
0	1494
48	365
31	618
25	609
729	200
0	139
0	117
18	165
4	28
0	0
0	0
0	0
1204	843
213	843
586	0
496	89
20	109
1	20
0	11
0	2
0	1
0	1
0	1
0	111
0	58
881	270
4	269
2533	4
657	0
0	0
643	1261
31	214
2	161
7	396
0	15
0	633
0	2
0	988
0	0
0	0
0	0
0	0
0	0
0	0
0	0
1	0
0	0
0	0
0	0
0	0
15	105
0	63
3	693
2	676
0	49
0	53
3	17
0	0
4	679
66	8
1662	553
47	549
0	78
529	2120
17	2330
1	567
0	745
4	6
4	10
0	10
0	6
0	9
0	7
0	5
124	115
419	5493
57	5372
441	1013
0	343
4	316
18	435
11	4
0	715
0	102
1	27
4	711
0	7
0	148
0	2
1	146
2382	132
4	65
1	21
4	1
1	8
3	34
0	44
0	0
0	0
0	11
0	11
0	11
0	1
0	1
0	1
0	0
9	10
0	10
20	3074
15	2947
0	599
0	139
0	0
0	0
0	0
0	0
0	0
0	0
34	10
0	0
2	1
0	9
3	51
0	41
0	51
0	3
0	0
0	2
0	3
5	997
297	997
0	82
0	83
0	0
0	0
0	0
0	0
35	358
40	386
1	387
0	17
371	0
149	260
12	31
1	229
4	3483
1	3118
6	3487
0	1549
40	3483
549	3118
3	3118
4	0
14677	1887
2	177
0	230
0	8
4	94
0	1650
0	510
0	3
0	510
2075	1943
0	1629
5	1792
9	1
67	425
6	13
13	394
0	37
0	27
0	0
0	43
0	36
0	13
0	20
0	22
0	0
0	0
38	233
50	31
11	25
5	1045
0	1788
88	1740
7	27
1	48
2	169
55	87
24	69
1	82
4	196
4	11
0	0
0	0
0	0
102	3376
9	3372
93	3019
52	2678
93	3471
353	684
182	583
2	0
59	2
0	372
0	580
3	9
40	0
0	0
0	0
286	67
0	24
0	15
0	12
3	17
0	28
0	0
0	0
0	0
404	0
281	523
0	0
0	522
3	62
9	158
12	128
0	127
4	1
2	27
3	18
52	30
0	30
0	0
0	0
0	0
0	0
0	0
105	2073
10	10
3	122
0	0
8	424
0	1320
0	0
0	0
0	0
14	296
0	2
7	71
6	0
0	279
0	37
20	82
0	0
0	0
0	0
118	0
0	0
0	0
0	0
0	0
66	1
0	7030
0	7548
18	7628
0	7025
9	7903
0	7385
8	6705
1	96
12	6785
2	108
0	173
65	1052
5	1
1	19
5	90
0	1100
0	626
0	618
0	604
9	11
0	0
0	11
1843	175
8	1
5	175
0	0
144	186
0	110
27	92
12	2909
1	412
1	750
0	462
0	998
0	21
0	2836
696	1653
0	22
0	290
0	13
0	81
11	382
0	146
0	835
0	2
4	13
3	734
2	83
0	193
0	119
0	115
0	734
0	1
0	0
0	0
0	0
1641	375
1	253
0	168
0	408
17	3500
369	255
4	162
0	89
0	3
58	0
138	745
0	1499
30	1489
5	2061
8	2070
0	1355
0	698
95	798
0	2349
0	222
0	218
0	222
6	84
0	8
1	11
775	700
4	44
0	0
0	139
10	42
6	227
0	487
4	11
23	383
0	377
1	8
0	14
0	0
0	21
0	2
1	35
0	25
5639	6767
0	1555
1	5910
0	419
1	152
1	0
0	0
8	0
455	353
0	356
15	104
5	106
13	96
0	0
0	2
0	2
0	3
0	3
0	0
0	0
0	0
0	0
547	0
9	0
0	0
0	0
0	0
0	0
0	2
0	2
0	0
0	0
0	0
2	6
0	5
0	1
0	1
220	949
10	253
2	0
2	105
18	312
6	1
0	0
0	0
0	0
0	0
0	0
0	0
0	0
23	599
17	596
0	194
5	570
1	126
0	570
17	1
0	0
0	0
0	0
0	0
0	0
0	0
0	0
0	0
0	0
0	0
1	10
17	10
32	30
11	30
0	18
0	253
24	309
13	209
149	284
0	34
0	21
1	45
0	20
10	53
31	111
11	35
5	2
16	23
5	36
2133	0
0	0
3078	3
0	444
2	281
577	510
3	510
0	430
0	0
0	0
0	10
0	23
0	23
1	13
0	0
0	7
0	2
0	0
0	2
2459	3
576	312
2	124
19	155
8	154
6	1
0	1
0	0
0	0
0	0
0	0
0	0
0	0
0	0
0	0
0	0
3	362
0	164
0	158
0	155
1	253
1	313
2	0
0	106
0	81
0	70
0	58
0	59
0	45
0	58
0	57
0	3
0	1
0	3
0	3
0	1
0	3
0	0
0	2
0	2
0	2
31	0
13	120
0	107
0	47
1	9
1	114
0	113
1	1
0	0
0	0
0	1
0	71
0	0
0	3
1937	1428
31	1449
0	318
3	207
3	790
42	1489
0	1546
48	1490
0	114
20	0
6	98
2	107
5	0
0	57
0	2222
1	1598
0	892
3155	1228
2	6
0	755
647	2262
0	1982
0	18
1	236
0	202
130	864
7	645
0	817
3	30
0	71
0	63
0	36
7873	362
0	0
0	0
0	0
0	0
0	0
11	324
8	6
4	258
6	247
0	64
0	156
1	96
0	96
2	12
1	2238
3864	2421
0	290
12	1924
0	1242
0	0
418	930
6	482
22	205
18	105
1	42
163	204
0	148
4	356
0	1
0	1
0	1
0	1
0	0
0	554
0	574
7	592
7	223
2	506
0	532
1	591
1	573
0	523
26	577
2	230
0	42
5	88
0	338
0	395
0	354
0	188
0	24
0	0
0	16
0	34
0	31
0	38
0	29
1	0
0	0
1	2
0	1
0	4
3	1019
489	446
1	41
6	446
0	94
61	67
9	7
0	1
0	6
628	7189
0	6089
1	35
15	1578
8	714
1	553
8	7228
0	0
0	0
0	0
0	0
154	1
7	0
0	0
1319	849
0	1
12	102
27	738
0	180
8	672
2	1
0	1
13	417
0	2
0	0
3	447
3	195
617	6110
38	5917
860	1
11	170
1552	172
0	17
0	198
11	23
0	50
0	230
4	99
0	226
0	1
0	3
2	130
0	202
0	226
0	238
410	1415
0	52
9	64
13	1413
0	176
1	0
143	410
0	75
0	41
19	1390
0	24
36	595
107	1452
51	142
18	378
27	69
0	0
0	0
0	0
0	5
7	291
41	101
10	28
0	112
1	80
57	353
2	46
25	99
1	105
1	102
707	275
0	24
0	0
0	0
0	0
0	0
0	0
0	0
0	0
0	0
0	0
0	3019
123	2132
129	5864
0	1190
0	3848
0	2399
0	0
21	573
90	3522
14	5905
119	1
0	0
0	0
0	0
93	1138
40	927
3	4
0	951
2	200
4	50
3	9
6	1090
20	1088
25	132
0	15
0	12
0	12
0	2
0	105
0	1
0	6
0	0
2	2
4	38
11	38
6	0
0	0
0	0
112	1208
14	705
39	600
9	143
0	20
0	1
1	22
0	100
10	49
3	170
14	92
0	1
1	0
0	828
9	440
0	229
3	257
0	47
2	92
0	17
0	6
0	70
0	51
3	7
4	2
0	18
0	830
42	6
0	0
1	6
0	12
0	7
0	3
0	8
0	1
0	6
0	6
0	7
0	9
0	0
19	5
0	0
0	5
188	37
5	35
14	1742
12	1737
3	1705
5	1713
7	1702
27	1719
4	3
0	9
3	215
13	20
1202	278
6	278
0	1
2	42
0	1
0	1
0	0
89	1
0	1
0	60
1	65
0	53
0	3
4	6
0	5
0	2
3	0
5	2322
0	150
0	90
0	22
53	2159
0	671
5	1492
0	163
0	20
1	35
3	15
0	590
7	41
0	170
159	3476
143	3205
177	3124
14	93
0	325
4	421
1	140
1	82
0	91
0	25
2	1
325	7
5	6
3935	6
70	2750
160	2750
1599	201
1	126
0	193
0	1
0	1833
0	1521
0	1562
70	1583
0	1325
0	917
6	918
0	1235
10	234
0	1018
0	824
0	548
0	683
74	578
0	506
0	399
0	189
0	61
12	258
0	193
3	14
0	1910
72	762
0	0
724	4101
0	3453
36	3378
9	439
10	72
2	9
19	6
18	141
0	7
0	37
0	0
0	44
0	0
0	135
0	138
0	43
0	30
305	1258
0	1275
37	364
17	107
3	76
8	0
1	129
166	86
8	73
0	14
0	1
2060	280
0	260
0	157
2	0
0	1
0	17
0	17
0	17
0	0
189	318
46	346
37	320
16	208
4	68
1	86
2	79
0	0
0	10
1	2
0	1056
0	8
0	29
0	326
0	990
4	892
0	815
5	99
0	101
0	12
9	49
0	93
0	962
0	2
0	17
0	17
0	0
0	0
0	0
0	17
0	17
35	9015
0	401
5	8559
0	9087
23	272
65	48
2	603
4	235
0	8997
0	25
0	669
0	669
0	25
0	46
0	669
0	46
13	668
216	756
1	103
0	373
1	84
0	57
0	0
1	0
0	2
0	16
0	15
0	0
0	14
0	6
218	295
617	301
0	0
15	78
40	78
2	2
1	1
0	691
7	33
0	150
2	126
1	222
5	31
0	2
0	0
2	29
0	691
0	0
0	123
9	140
47	116
4	23
0	22
0	0
7	21
0	31
17	69
1643	70
0	1
935	604
11	484
1	242
1	38
0	122
55	2748
0	100
0	11
1	770
0	2413
0	291
1	953
2	4
1	321
3	2
5	85
8	286
14	6
0	643
442	85
0	18
0	20
0	36
0	1
4	23
11	2818
0	2922
0	41
9	767
6	2
833	531
0	467
2	524
11	75
1	4
0	28
0	131
4	2
0	178
0	167
1	136
0	147
0	147
0	103
2	30
2	16
0	10
0	178
30	0
39	880
0	2205
216	936
0	378
27	360
21	454
320	432
11	2059
4	263
1	319
0	106
8	206
23	6
0	6
1	0
5	2177
0	2296
4	65
0	3
51	77
61	726
2	542
85	526
32	483
0	344
0	114
0	0
26	0
0	0
0	990
15	1053
0	286
0	55
0	78
1	967
1	0
10	100
1	48
2	89
4322	1
0	0
1728	134
2	45
0	3
1	0
6	5
5	82
0	0
0	0
0	0
15	2463
1	1
0	2362
25	1261
4	1221
3	2305
7	2196
0	15
0	3
4	197
0	27
2	362
0	0
0	0
966	770
0	774
0	284
0	771
0	758
0	770
3	290
0	0
3	0
1	2
146	4
0	0
0	0
0	0
2877	2
0	1
0	1
0	1
0	0
0	1
0	1
1605	386
0	0
0	31
0	59
0	315
4	56
0	1
3408	2814
0	2812
27	2737
83	2784
0	134
1	103
2	4
2	9
0	247
59	64
1	3
0	24
2	71
5	13
328	2167
21	2068
0	351
11	0
21	470
5	375
0	87
40	62
54	2512
0	35
189	2319
3	828
0	921
0	2324
0	2510
0	2536
1	13935
22	10891
1	875
902	12632
11	13771
16	12745
300	13764
53	696
10	817
271	80
0	19
5	61
0	0
473	939
0	417
1	786
317	953
6	799
1	35
3	238
0	53
3	0
1	36
2160	4356
22	4371
142	518
20	3589
0	0
0	0
0	0
0	0
83	0
0	0
5	2
7	0
0	27
0	114
10	33
0	26
63	940
4	122
37	935
0	23
3	14
0	19
0	7
0	10
0	5
0	12
1	5
0	0
148	138
2	79
0	0
0	0
0	0
0	0
120	1
1	0
75	0
0	2238
0	1640
0	1425
0	247
1	0
0	0
0	0
114	12184
0	1496
2	11700
39	3593
0	476
271	11415
5	11283
1	433
1	10376
0	1232
1	8752
12	10235
37	814
0	6262
121	13
4	34
16	466
0	11315
0	1
0	0
0	0
0	1
15	1926
24	1231
9	284
0	97
6	9
541	1942
0	0
0	0
0	4
294	4203
0	572
0	4089
2767	2
0	4
20	4
0	2
10	207
0	83
28	182
0	181
0	111
0	137
0	109
18	0
6	124
0	0
0	0
0	0
0	0
873	147
0	67
0	79
49	1150
0	876
0	808
3	812
0	25
4	792
5	718
0	957
0	19
5	805
0	17
0	7
0	22
0	144
0	571
0	5
1	0
0	504
2	80
0	4
0	0
0	0
0	0
0	0
3	857
177	1304
13	958
4	608
3	3
0	7
2	109
23	279
0	110
5	233
1	204
1	0
1382	874
2	735
6	746
0	98
1	671
29	56
148	14
0	4
2	107
4	4234
4949	4713
0	3903
2	3500
1	1682
41	6831
508	6869
0	0
0	5
0	2
0	5
0	0
0	0
0	0
71	260
3	54
2	18
3	0
11	9
0	51
0	179
10	56
1758	2466
19	1281
0	1922
0	2279
4	435
5	10
0	2108
2010	253
0	5
0	0
0	252
0	1
0	0
0	0
0	0
0	0
0	0
0	0
0	0
0	0
0	1
0	1
0	0
4	0
788	1383
39	1409
0	541
12	101
0	43
0	268
15	0
0	306
1	26
2	26
42	701
2	819
7	607
3288	30
0	26
719	2
0	0
424	111
2	68
7	5
6	56
0	2
4	3
1	687
0	1277
1	51
1522	1431
4	41
0	34
2	20
3	3
1	25
0	806
26	52
0	31
0	20
1	4
0	0
0	0
557	271
287	271
0	0
0	0
0	11
0	2
0	8
0	3
0	0
0	0
0	0
81	1382
1	58
0	149
95	1352
51	71
1	45
1	34
0	2
2	28
1244	3105
10	2619
75	2822
0	2
7	0
0	309
8	303
0	38
2	803
2	419
0	799
1	3493
0	1
10	1
16	3541
0	1117
6	442
15	411
1	7
61	447
0	392
8	2
3934	1811
26	156
1	3
9	156
42	406
1	406
5	15
0	15
0	0
401	53
11	53
0	0
0	0
1	0
0	0
0	0
0	0
0	0
3	284
1	262
0	227
1	13
56	404
0	54
5	390
11	1510
10	1509
163	1404
0	0
0	0
747	598
2	598
1	85
0	2
8	192
6	1
23	15
2301	1
0	0
216	0
0	7
0	7
0	0
0	0
0	1
15	805
19	831
0	59
0	37
14	47
2	63
20	425
13	3270
0	3280
33	2289
14	33
6	712
1	298
36	86
5	386
0	373
1	116
0	167
0	3153
0	893
1	141
3	8
11	3
1	0
1371	894
552	23
43	36
0	8
5	6
190	1469
1	547
7	59
1	39
0	158
0	110
0	5
0	11
20	1
0	252
0	838
0	307
0	1
0	1
0	1
17236	33069
7	33059
1514	32851
4	105
1416	231
0	93
34	50
0	0
0	0
44	69
5	56
0	0
0	16
0	21
18	782
0	821
0	859
0	808
20	14
2	3
25	350
0	87
0	32
12	8
4	8
0	0
0	0
0	75
0	0
0	0
0	26
0	0
0	5
0	0
0	75
975	231
0	92
0	101
7	9
12	144
3	35
0	71
0	144
0	54
5	29
0	76
0	32
9	28
0	74
0	6
704	1
0	526
0	508
14	488
1	245
0	326
4	53
0	15
4	38
3	269
0	146
0	0
0	2
0	37
265	37
6058	368
0	15
6	266
2	277
125	72
2	120
24	210
8	177
2	2
22	139
13	32
0	108
0	2
0	102
0	43
0	159
0	190
8	0
0	36
0	35
0	25
0	4
0	15
0	30
9	1
756	20
0	19
329	121
5	121
3	0
1	0
0	0
261	791
0	754
0	4
0	44
0	36
19	1641
0	1899
130	1914
2	1682
0	161
0	188
4	456
0	576
1	10
0	0
15	391
42	391
1	17
0	4
4	58
3	50
0	1
2	3
0	3
0	3
0	3
0	0
0	1
0	1
0	0
0	0
0	0
1076	396
0	242
0	126
5	1
2	27
0	0
0	0
1	2
0	2
0	2
2	0
0	0
0	0
0	2520
89	3278
0	3489
24	3274
74	3
63	207
4	100
19	1034
34	743
0	0
164	0
0	0
0	17
0	17
0	4
0	33
9	16
0	14
0	0
0	0
0	0
3931	1332
0	116
8	215
12	609
1	623
0	0
0	15
6	0
2	156
3	349
0	333
1	129
8	144
2	11
0	3
1	231
2	0
0	0
3	0
6	59
594	136
11	101
0	125
5	118
0	75
0	10
0	0
0	0
0	0
0	0
0	0
0	1
0	0
0	3
0	2
16	145
0	72
2	138
1280	138
1053	2506
8	697
6	1890
6	40
0	21
2	1221
2	1940
261	1940
6	372
6	0
0	0
0	0
0	0
0	0
0	0
0	0
0	17
0	25
0	12
0	8
16	33
0	33
1	0
0	0
55	355
0	11
0	10
1	16
24	0
0	21
1	13
6	327
22	43
0	3152
42	975
11	3503
34	3494
1	39
0	77
0	7
0	7
0	7
2	312
0	221
228	789
5	217
7	19
1	126
0	95
3	26
34	53
0	10
14	120
1	277
1	7
480	1235
0	17
0	2
1	0
1	99
2	71
6	22
2	0
517	125
13	1644
20	1640
1	5
0	0
0	0
0	252
4	45
0	232
0	82
46	146
17	93
1	10
7	198
0	167
159	420
29	736
108	963
0	942
9	113
0	7
1	9
1	10
4	0
1	0
1	647
0	1005
25	74
0	0
0	73
0	92
0	824
164	735
0	953
990	0
71	0
2240	211
0	0
0	0
0	0
0	0
0	0
0	0
38	1543
10	1444
6	0
92	1460
10	59
0	83
0	757
0	1711
4	1665
0	0
0	0
37	155
4	30
1	610
1279	611
5	1
44	377
46	377
0	1493
0	1502
3	98
0	335
43	361
2	1395
0	91
155	1893
161	2165
0	2236
0	1228
0	45
0	138
0	12
0	2
80	7
0	5
0	149
88	149
0	0
0	0
292	800
7	799
0	0
0	0
0	39
1	54
0	104
4	5
0	987
0	80
0	97
0	15
4	1039
0	819
84	1041
5	3
0	0
0	2
0	1
4	3772
32	155
1	2406
3	0
21	19
0	6
23	169
32	60
43	639
12	3480
40	475
0	755
0	932
0	646
1	22
891	0
0	2
0	20
7	48
1	35
2	32
0	5
54	96
6	36
0	21
0	4
0	15
0	0
0	0
0	0
0	0
0	0
9	0
0	0
0	0
460	347
332	347
0	0
0	0
0	0
0	0
0	1
0	1
0	4
0	4
165	13
0	0
0	0
0	0
13	177
2103	1383
0	801
0	1302
0	41
2	42
2	0
677	17
0	17
99	3473
64	3446
14	218
1	2
6	185
868	5
11	11
1	11
0	1
0	0
0	0
12	4907
1657	8104
0	1544
19	7283
17	6477
3	37
1	244
79	394
0	482
24	498
9	526
0	91
6	88
1	0
0	3
0	0
9	0
3	0
0	0
0	0
0	0
0	0
2054	0
0	658
1	751
24	667
1	62
0	125
1	84
1	0
0	62
9	14
0	0
0	0
0	0
0	0
0	10
8	10
3	2662
0	2469
3	2114
0	541
1	211
0	211
3	1977
32	114
1	247
46	1460
0	312
11	1
0	1
0	1
0	1
0	1
0	1
17	4
0	4
0	0
0	0
0	0
4429	134
0	130
1	3
662	25
5	22
46	2431
0	2318
8	301
0	721
79	1773
1	377
2	228
4	60
0	300
0	10
0	266
0	975
0	45
0	149
3	246
0	696
0	5
0	7
0	175
0	0
12	1154
3	911
104	995
7	415
24	83
0	354
1	331
0	20
0	985
486	179
1228	316
8	129
0	188
63	0
0	5
2	7
0	2
0	2
0	1
0	0
0	0
0	1
4	1095
0	1602
119	1642
0	241
0	113
0	546
0	39
8	32
13	98
0	22
316	26
0	26
1	0
31	1334
2	1375
6	1189
0	246
0	0
0	357
0	30
0	440
0	20
0	418
0	81
0	218
0	29
0	247
0	140
262	637
8	109
0	100
0	95
0	0
346	850
19	277
0	5
0	572
9	58
1	684
86	580
0	308
2	11
18	129
1	193
0	4
0	104
4817	1376
3	1153
10	1013
12	228
1	84
12	53
1	15
0	0
7	0
57	56
0	55
0	17
0	1
0	11
0	0
0	91
0	2
0	8
0	2
0	11
0	8
0	9
0	1620
1	1612
1	1611
0	1679
26	814
0	1088
0	905
1	53
0	39
38	231
0	87
0	11
3	80
1	0
0	25
3	4
0	0
1	0
18	165
0	149
0	0
10	137
8	104
2	108
7	23
0	0
0	0
25	642
90	620
8	461
4	14
4	12
0	6
52	263
0	249
8	126
5	40
0	29
0	98
1	27
3	98
0	1
0	30
0	30
0	110
0	2047
60	2434
24	523
25	1097
1	7
3	745
16	767
8	164
7	38
2	40
13	4
13	35
17	8
7	134
88	134
2	50
5	0
3094	174
7	171
0	0
4	3843
63	3363
22	2837
28	2773
51	3292
0	36
16	430
0	3136
0	1
0	0
0	1
1613	289
33	288
7	5
0	2
0	11
0	9
0	8
1	0
0	0
0	0
0	33
0	35
0	33
0	40
1	10
0	0
598	929
6	928
0	151
0	0
5	0
12	2529
0	4341
0	554
0	2518
5	2073
16	1041
0	348
3	0
0	4313
0	4317
5	4254
0	0
0	1
0	1
0	0
0	0
1	8
0	0
0	1
0	7
0	1
1	1405
5	135
1	1079
0	92
0	246
4	299
0	101
169	334
3	33
5	240
0	12
0	0
0	88
3	84
0	66
0	60
0	69
3	17
0	27
2	2
0	71
10	0
192	6
0	4
0	0
0	0
730	355
0	350
1	0
1	0
4	20
0	297
0	265
0	5
0	0
0	0
0	0
0	0
21	225
2	225
1	0
0	35
917	1
4285	87
3	82
0	0
0	0
0	0
0	316
18	690
1	690
0	4
0	63
2	69
2	0
2	35
0	35
3	12
0	2
0	0
0	35
1	0
1	2
0	2
6	331
6	331
0	92
6	158
85	3906
221	3738
0	3425
0	3284
5	3514
17	3389
0	3759
7	248
0	792
0	0
4	370
1	56
1	1043
7	592
101	1903
20	980
3	471
13	577
4	359
41	359
0	45
1	68
0	3
636	1007
2	785
0	107
0	133
0	4
11	50
3	233
0	4
0	22
2	22
1	22
0	10
0	13
0	18
1	21
0	18
0	21
0	21
0	21
0	21
0	22
0	9
0	0
445	206
0	206
0	611
0	613
86	613
1	44
1	44
1	3
0	0
0	4
1	11
22	11
119	19
0	11
0	8
5787	0
0	40
0	25
0	24
248	60
0	28
0	0
1	18
2	14
621	407
12	0
16	407
0	2
0	0
1	0
0	2
7	8
1	8
0	0
5	208
0	0
1	592
0	588
0	592
1	237
0	0
3	7
0	0
1	7
0	0
0	247
15	144
0	635
0	20
1	26
0	48
0	181
0	98
0	30
0	591
2	64
3	64
0	1
1	0
18	2
0	28
0	2
5	22
111	36
2734	365
103	363
8	0
0	20
52	20
2	0
342	321
1	321
0	529
0	418
0	213
2	58
0	58
1	56
5	60
0	542
6	1202
2	1115
0	792
0	609
1	487
4	358
2	28
0	21
0	60
0	0
0	0
0	0
0	0
0	46
41	1079
1	62
48	195
0	57
2	195
1	1
0	20
2	0
0	31
28	0
0	10
4	15
14	27
0	2
1	12
0	0
0	14
0	12
0	9
0	0
0	0
9	0
1342	563
7	570
0	0
15	195
19	415
0	74
265	49
6	48
0	0
0	0
0	0
0	0
0	0
351	1326
32	1326
3	1
3	3
0	8
0	8
0	1
0	0
0	0
0	0
882	901
1	562
2	0
0	336
0	0
19	0
4	168
0	0
0	182
0	4
0	0
0	13
1	89
0	0
0	35
1	27
0	70
0	95
0	59
1	102
0	11
0	5
0	0
0	5
0	0
0	0
0	454
1	87
0	250
0	191
0	26
0	35
2	21
0	225
28	458
0	18
0	81
12	446
140	515
6	238
1	10
2	73
6	50
18	488
0	7
8	21
5	68
0	454
0	0
834	52
0	0
0	0
0	0
0	0
0	0
0	0
2454	3
0	0
0	0
0	0
0	0
0	0
0	0
0	0
929	257
22	72
5	183
7	1
0	83
0	0
0	0
0	0
0	0
0	0
434	1765
0	1765
13	62
0	247
0	213
24	31
15	16
0	3
0	13
0	0
0	10
2	7
0	7
0	1
0	1
0	1
0	5
19	215
0	208
1	137
0	182
0	153
4	0
4	1
0	12
27	88
2	11
846	1451
14	102
0	338
40	1068
1	2
8	341
0	131
0	223
84	515
0	187
11	492
0	28
0	2
0	0
1	5
61	75
0	2
6	70
0	3
2	2
0	0
1	16
552	86
1	68
0	24
0	21
2287	18
4	17
37	1438
0	4
1	228
45	1145
11	1250
1	234
0	467
2	211
0	142
0	44
0	8
0	7
1	43
0	208
1250	47810
12	12931
4	34143
0	43019
7085	47280
0	42998
0	45818
0	6698
2	1518
1	23938
3	782
305	155
1	82
1	10
0	15
0	9
0	14
0	2
0	0
0	137
119	0
80	65
2438	1393
13	54
1	756
0	1937
15	0
98	784
2	154
0	56
3	790
22	2356
115	2356
0	220
0	21
4	0
0	95
3	0
0	0
64	1292
0	495
4	1302
5747	2705
12	2528
2	86
0	333
1	2
6	10
0	181
0	372
5	428
298	695
95	877
87	822
0	377
0	101
0	235
3	1
248	670
1	616
2	492
0	46
0	29
0	17
1	16
0	1
0	0
0	9
0	9
5	9
1	9
0	3
0	0
569	303
5	50
0	85
3	8
2	3
0	0
0	0
0	0
0	0
1629	278
14	3
10	251
0	124
15	567
0	660
0	548
0	571
1	183
0	59
9	142
1	19
0	1
0	23
4096	21512
1	2702
1	21310
0	21307
25	322
2	87
4	76
72	410
0	122
0	0
0	0
0	21
6	21
1	124
0	7327
14	4362
0	90
34	7327
0	5633
237	1528
18	1284
5	419
5	121
158	1923
0	1505
0	1342
5	1789
58	1217
286	8
0	0
0	0
0	0
0	0
0	0
0	36
2	3
0	2
0	8
0	1
0	1
0	0
0	36
419	286
0	245
0	230
1342	337
75	222
0	339
339	5171
20	3775
12	2131
1	1640
0	869
0	112
0	27
0	0
0	0
0	0
6	518
45	725
0	703
0	295
6	209
41	18
28	30
3	30
0	1
11	4
0	0
0	0
0	0
0	3
0	0
1280	37
16	2
4	39
2	0
30	593
35	638
3	36
2	411
0	337
11	61
3	38
2	1
1	21
0	0
0	0
0	0
0	0
0	0
0	0
0	0
0	0
380	1
5	0
23	19
5	1
12	18
0	0
136	0
1	0
1	0
0	0
0	0
0	0
0	0
0	0
257	0
7	0
57	1769
8	1717
2	375
10	186
3	140
4	22
0	1
38	2352
235	2298
2	1709
43	1484
0	372
25	228
26	405
3	417
0	49
3	190
86	284
2	52
13	213
832	1
1	1
2	1
1	155
1	0
614	156
16	192
0	203
0	66
0	68
192	67
1	0
4	37
0	29
0	15
0	0
0	0
0	0
0	692
0	305
3	728
20	472
0	41
8	748
1	12
0	4
0	12
0	76
1	4
1	90
4	15
0	0
0	0
0	0
0	0
0	0
3430	1098
61	1020
7	0
15	0
6	1774
10	1647
2	59
438	1816
0	1701
0	914
9	527
4	80
0	22
3	95
2	4
58	86
0	0
177	0
0	1718
4	1714
1	1634
0	1821
0	1854
3	372
0	2
6	64
0	1
0	0
60	250
20	234
2	38
5	26
1	38
15	108
0	9
1	79
383	151
0	55
4	104
0	14
3	13
3	0
0	20
12	2
0	7
8	213
9	253
0	252
55	563
1	83
4	352
13	199
2	309
7	290
972	3906
296	3714
27	772
22	1375
54	752
0	40
80	801
2939	500
1	73
15	70
0	285
6	141
0	64
8	86
0	2484
0	464
0	2333
4	2273
70	1797
180	721
0	546
0	234
3	2831
2	80
1105	153
6	0
2	45
0	93
1052	695
52	236
8	382
3	354
0	110
20	689
0	138
23	316
12	29
0	4
0	4
0	2
0	0
5	5586
0	1921
1	2625
0	1883
0	345
0	288
0	403
48	13
0	0
39	1287
0	5673
103	1527
100	1591
0	69
1	1146
1	957
2	187
0	239
14	0
7	481
1	468
1391	162
16	162
2	0
23	135
0	12
1	135
936	859
0	282
8	510
11	53
0	62
0	24
0	10
0	0
0	18
2186	11412
191	9086
231	9893
0	9181
2	25
411	5698
0	2634
0	762
32	7
0	8
2	50
4	43
2	5
0	12
2	4
39	14
0	0
0	0
0	0
0	0
0	16
0	17
0	19
0	0
0	6
0	1
53	659
5	719
0	6
0	369
39	274
8	81
0	181
0	667
61	635
11	430
81	1334
0	5740
0	10
5	165
0	4742
0	130
0	3836
0	1973
0	355
0	33
1	8
24	5488
0	5665
0	13
0	10
0	13
0	13
0	3
0	0
0	1
0	1
0	1
0	1596
10	1482
592	1674
0	0
18	50
0	17
3	25
0	70
0	77
2	198
0	52
1055	28
0	26
27	3231
0	2989
0	0
0	661
2	115
32	3065
38	56
0	18
1	38
15	7
0	3
1	1
1	0
6	854
1967	940
0	0
0	123
0	0
0	0
0	0
0	3383
0	2966
0	3414
157	1180
3	1959
3	180
0	3641
0	3554
0	3420
0	3151
0	3384
1	533
3	98
5	159
187	533
0	9
0	8
0	2
0	0
0	0
0	0
0	0
175	1
893	629
7	1318
0	12
1	133
1	304
1	51
0	320
298	1
196	1462
17	1298
0	0
0	52
5	164
0	145
0	44
13	63
0	6
0	0
25	33
11	1786
0	1831
0	79
0	106
0	802
0	0
0	0
0	0
0	0
233	0
2	0
23	7674
1572	6400
0	6394
34	145
4	42
69	93
0	0
0	7607
0	4
0	28
163	177
0	28
8	45
0	45
0	86
0	48
0	59
0	3
0	310
18	304
0	14
0	29
0	0
0	326
20	245
2	1
3	29
0	244
1900	155
0	44
0	76
0	103
0	0
0	0
0	0
0	0
0	0
0	0
5	64
3	9
0	6
0	20
0	62
0	52
0	21
0	0
0	7
3	3
0	23
0	13
0	12
0	24
0	6
0	1
0	6
0	62
13	1547
0	1547
0	1507
73	465
18	195
1	1
14	17
0	218
22	141
1	1229
186	1552
262	5542
1	2414
168	859
145	5909
61	1973
6	1045
24	1454
210	3089
46	1904
10	3095
6	718
2	489
0	93
0	123
0	79
0	718
587	261
0	132
0	64
4	0
1	77
1	342
0	25
0	158
7	12
3	109
0	116
0	3
0	4
0	0
1	178
0	0
3	4
0	0
0	1
115	36
4	1
0	0
0	20
0	1
0	11
0	1
0	0
0	0
10	319
0	12
9	256
0	253
51	307
2	1010
96	1005
0	24
1	97
0	20
343	2216
150	2216
0	1092
0	15
2	2
0	2
10	6
0	9
0	6
0	0
0	0
0	0
120	1006
2	1006
4	131
0	0
0	0
0	0
74	639
2	39
16	58
3	246
12	544
3	627
2	18
0	2
0	1684
4	456
0	1105
11	177
0	312
0	56
0	11
0	0
0	1803
0	0
1	256
7	256
92	8878
50	754
6	621
0	832
0	53
0	200
0	249
5	8826
64	3902
11	466
0	361
0	245
1	0
0	3882
19	647
1971	732
34	6
5	505
0	11
0	11
1	6
0	0
0	0
0	0
0	0
0	0
0	0
363	1548
0	1549
1	174
2	12
1	0
12	18
0	18
0	0
0	0
0	0
555	502
0	501
0	101
0	4
0	0
144	1496
16	1442
1	19
1	23
3	2
1	55
0	32
1	89
1	16
0	0
933	793
6	793
7	450
1	719
0	0
0	486
1	14
8	614
0	293
3	41
0	3
4	6774
27	677
2	638
10	341
0	64
2	254
0	8
0	0
0	0
0	0
1170	545
0	544
0	0
0	0
0	0
0	1
0	0
1	5
1	7
0	7
121	2324
183	319
11	318
0	23
0	597
0	596
27	587
0	3
13	12
248	678
0	4
1	0
0	662
0	5
0	5
0	1
0	0
0	0
0	0
0	0
0	0
0	0
0	0
14	3
0	3
0	2
0	0
0	0
1532	15128
85	15225
2	5625
0	2135
1	1698
3	83
11	28
10	133
2	328
850	2
0	0
0	0
0	0
0	0
0	0
0	0
0	0
0	0
0	78
7	26
6	5
6	0
0	77
2161	0
0	0
4	2204
98	337
25	454
317	84
23	84
0	23
109	765
0	6
0	765
1305	0
3	0
8	1251
27	1158
112	1233
2	1104
2	198
1	377
0	209
1	231
7	148
0	1054
28	683
82	683
2	0
1	114
0	47
24	4331
3234	6948
1	3145
0	2614
0	125
27	195
0	0
40	28
11	28
62	632
0	70
95	717
2	12
470	95
0	92
11	1
0	1
0	0
0	0
0	0
0	0
2	2381
0	2672
8	2591
2	1
2	10
4	270
7	2549
0	2
3	2
0	2
0	2
0	1
0	1
0	1
0	0
0	0
0	0
0	0
0	0
0	0
43	0
6	598
1	528
13	530
6	191
21	142
11	577
303	221
0	5
1	49
4	10
0	1
0	24
0	14
0	24
2	18
0	23
4	25
3	87
0	0
0	51
0	7
0	33
2	71
0	0
0	14
0	31
0	50
0	1
0	9
1	6
1	33
72	484
0	484
0	12
4	1
0	72
257	197
28	67
0	138
714	5410
251	5349
0	2732
6	1301
24	543
130	0
25	1829
338	2987
45	3036
1	0
17	595
21	595
6	7
4	37
0	21
0	23
194	31
0	8
0	0
0	6
0	19
0	19
0	20
0	9
0	7
60	282
10	39
0	70
5	69
5	195
9	2
4	0
0	1
0	1
0	1
780	304
25	305
0	34
0	10
0	8
0	0
0	0
0	44
0	44
16	44
2	0
6	1
0	0
0	307
38	17
0	17
0	17
0	0
0	18
1	7
0	18
0	18
0	17
0	1
0	18
0	0
1	0
0	12
0	15
1	128
26	128
0	11
1	11
0	6
0	0
4	0
2	0
8	108
91	624
20	695
0	64
6	114
3	75
1	40
11	186
9	0
1	1672
44	1873
6	1452
11	1500
2	39
5	20
0	1309
162	103
2	8
0	82
0	18
0	16
6	21
0	0
0	0
86	142
0	197
0	197
1	57
0	552
0	228
1	552
6	37
0	52
1	2
0	1
0	1
0	0
5	26
1	25
0	24
6	26
0	21
3	137
7	126
2	109
0	4
1	1
0	3
0	1
0	8
65	81
0	81
52	1397
0	1244
2	835
0	138
14	228
10	228
8	228
0	0
0	0
0	0
0	0
12	0
518	20
0	20
0	24
1	81
42	81
427	161
2	140
0	0
0	0
0	0
0	0
0	0
0	0
1636	187
47	187
0	20
9	17
0	10
0	15
0	0
721	115
0	38
0	9
0	69
0	0
1	0
10	0
112	384
1	144
4	371
3	173
0	160
58	0
20	2
0	1
0	1
6	56
346	56
5	30
4	13
0	16
1	16
18	1174
0	1161
66	1171
11	1164
8	220
2	324
0	0
0	0
1042	89
0	17
5	72
127	819
66	877
1	58
1	366
0	252
0	60
12	234
2	210
0	6
0	6
0	7
0	7
0	1
0	6
21	60
4	57
0	99
0	53
3	8
1	3
13	3
0	0
0	3
0	0
0	0
0	0
0	0
19	8350
3034	1551
0	8078
24	1100
2	3
25	571
3	7835
1	5963
0	4840
167	237
0	1199
275	1773
14	502
17	375
11	6
5	706
3	1173
15	36
2	36
2	0
597	944
3	747
0	437
0	157
3	200
9	2
0	2
0	2
3	66
5	210
0	245
0	26
0	52
0	158
0	20
0	11
12	2605
15	2465
0	2203
0	0
21	12
8	849
1	34
0	179
1	19
0	48
0	1
0	1
0	1
0	0
0	1
1166	1519
13	1469
0	214
5	24
0	68
0	0
74	72
1	1
0	21
0	0
0	0
4	2
17	2
85	339
7	210
5	84
9	137
0	28
2	53
25	186
0	51
0	28
3	98
3	30
1	237
14	513
15	115
1	247
124	196
3	355
4	847
17	171
2	1
1	1083
0	626
0	63
0	3
0	2
0	2
2	1079
408	652
0	655
0	3
0	97
0	2
0	655
3	0
1090	2298
0	705
40	1672
17	3822
1	1686
0	3395
0	3293
3	1414
6	3326
39	2533
0	74
0	192
2	14
7	46
0	0
385	256
15	256
0	1592
0	209
0	155
1	154
1	270
18	1479
0	10
0	14
1	0
0	6
1	178
2	164
19	219
1	553
0	404
6	83
12	252
0	1568
0	212
0	0
0	2
0	3
2	0
0	0
0	1
0	0
4	215
0	216
28	2706
41	2215
1	2110
2	1775
14	1206
0	1416
0	659
0	992
22	801
0	276
2	0
0	608
3	205
2	173
9387	41977
26	32169
20	22555
7	19070
0	8828
0	26
0	4
2	8
0	15
0	15
0	26
982	1075
7	1268
0	885
0	796
25	359
1	132
0	151
0	99
1	4
0	11
0	10
20	22
0	21
1	1
6	1370
1	227
72	1343
3	43
1	11
0	1144
0	11
1	11
1	2
586	934
0	894
1	111
24	1538
12	1379
0	15
0	2
0	1
0	145
2	180
37	205
1	212
8	202
0	24
0	10
0	255
0	281
7	84
0	91
0	35
1	54
0	52
0	7
0	16
0	11
12	0
0	224
1	2
1	2
3	42
0	36
0	41
0	41
0	7
0	1
0	0
0	4
0	0
0	0
0	1
0	0
1	39
0	256
0	256
1	4
0	0
0	35
7	248
5	137
6	182
0	7
0	40
0	10
68	520
97	574
1	574
2	0
1953	1736
1	1327
41	1736
3	1195
1	2
0	2
0	1
167	1520
0	1520
0	589
0	0
0	3
0	1
0	1
0	1
0	0
0	27
0	6
0	0
0	3
4	0
0	27
0	3
0	0
0	0
2	5
1273	667
3	31
12	0
0	26
9	636
305	0
9	145
0	145
248	925
2	925
0	0
0	1
0	0
0	8
0	8
0	0
889	0
0	0
0	0
0	0
0	0
0	0
263	118
5	1
69	118
57	4
0	4
0	125
0	14
6	354
16	357
13	200
0	8
7	114
12	12
0	9
0	62
1	64
0	1
0	1
0	3
0	3
0	3
0	2
0	1
1	0
14	4240
744	5381
3	0
1	0
0	5329
0	0
0	0
68	8268
196	8249
16	8182
4	1260
0	38
20	8
2	1099
22	1723
43	0
0	2
0	8236
1	8095
0	13
212	41
0	35
0	10
0	3
2	5
0	12
0	5
585	32
1	4
19	28
13	1
0	1
0	0
0	0
0	0
0	0
63	722
179	2821
8	120
41	2785
269	22
146	24
126	96
11	0
2	0
0	149
0	130
1	88
0	158
0	79
2	289
669	304
20	15
6	7
1	133
0	10
0	13
1	14
3	7
9	133
334	0
0	6526
0	3560
0	4226
0	262
10	648
0	1570
141	1173
10	499
6	185
0	1050
61	1280
141	3378
0	150
0	6805
5175	5
0	6
0	6
1196	180
0	98
0	9
0	73
639	1074
15	1070
3	1046
415	446
0	446
0	53
0	14
2	16
0	1
0	2
0	0
0	0
0	0
0	0
0	0
0	0
0	0
0	0
0	0
4	98
0	0
0	0
0	0
0	0
0	0
0	0
0	0
0	0
0	0
0	0
0	0
63	380
20	334
1	121
0	121
2	53
27	34
0	4
23	40
0	371
6110	1486
21	1070
0	479
6	202
16	5
0	0
0	5
0	0
0	0
32	910
1918	912
0	0
0	0
19	0
23	4
0	4
0	0
770	1732
0	105
5	47
3	615
0	612
1	628
0	0
0	0
0	0
3	67
0	15
0	23
225	614
0	286
1	48
1	15
2	5
58	438
5	27
0	169
0	87
0	16
0	15
2	146
0	3
0	0
0	12
0	2
0	2
0	99
0	307
31	91
1	346
0	253
0	270
0	201
0	135
0	5
1	136
0	0
0	0
0	1
0	1
19	2737
2	3061
0	2679
1	2983
0	77
33	208
0	507
29	24
30	291
0	926
0	608
1	773
5	451
4	692
3	177
4	88
23	36
6	54
244	19
0	0
0	5
0	1
0	14
0	0
0	0
0	0
3	5
1	7
0	8
0	13
1	13
1	8
0	0
0	0
0	0
0	0
0	0
0	0
165	2
0	0
0	2
425	393
1	55
3	371
0	26
0	22
0	13
0	0
0	0
0	46
0	32
8	46
0	0
0	28
1	8
2	54
0	7
20	88
0	31
0	0
0	0
10483	38904
6009	41808
36	25897
4	4212
2	5207
0	4790
0	46
1	5036
4	8409
11	1443
44	3705
98	1381
1	1350
1	1354
0	13
17	27
0	245
6	202
0	9
0	1
0	0
0	0
0	0
0	0
0	0
0	29
11	110
0	27
1455	152
0	0
0	0
0	0
3	0
0	0
0	0
0	0
0	0
0	0
98	598
71	240
54	13
0	554
193	11467
0	21427
69	18520
3	14999
0	16082
0	12917
691	21211
0	8728
0	23457
0	10160
0	2680
0	21434
0	0
0	0
0	0
161	0
0	0
0	0
0	0
0	0
0	0
0	0
0	0
474	100
0	21
3	79
0	0
1134	860
0	615
1	98
0	215
0	28
6	123
0	1
0	0
0	0
114	1296
3	153
14	783
102	199
4	101
2	513
1	280
2	354
2	224
1	474
24	379
3	379
1	16
17	0
8	1256
113	1256
0	8990
1	7252
32	7930
0	3998
3	232
45	3
0	14
59	1272
0	1093
0	9205
0	10111
0	0
225	1702
0	1717
1133	1085
134	2198
0	214
0	241
0	1889
0	525
0	274
0	426
602	1753
1	14
0	14
0	0
0	0
0	0
0	0
0	0
0	0
0	0
0	0
9	10
0	0
0	0
0	4
0	0
0	6
0	0
0	0
0	0
10	4242
0	0
14	3073
171	3072
1	50
0	1
126	1308
5720	1311
3	33
0	0
0	1
96	1696
0	405
0	837
22	1080
0	1696
2	278
1	0
24	0
439	0
19	4227
0	3238
0	2221
0	0
720	1422
0	3477
0	0
29	0
196	1159
2	1159
0	1111
0	17
9	73
22	53
1297	2163
0	2135
0	11
4	11
0	6
27	116
31	675
5	717
22	100
1	156
0	196
1	150
4	135
5	198
1	8
1	129
0	133
0	301
23	41
11	4378
0	4376
5	4356
25	0
0	0
0	0
0	41
0	42
4	25
0	8
0	4
2	960
0	1197
29	1426
8	1217
0	585
0	447
1	257
171	5368
6	400
0	1281
1	902
17	5280
0	119
0	277
2	299
0	2435
0	108
0	1
0	1
20	0
27	2
44	8552
7	8552
0	812
4	7759
2	8
0	146
0	24
405	0
1	315
33	679
81	679
0	0
0	264
1	731
4	937
16	353
0	520
0	253
7	397
11	397
36	562
0	346
6	243
0	313
16	1
0	912
15	3360
11	3488
7	3497
37	3534
0	75
2	83
14	3019
13	3361
0	3405
20	3514
2	189
0	51
0	76
7	286
2	123
1	159
0	14
1	37
5	80
1	12
0	10
15	11
0	6
0	5
0	1
0	3423
3	2949
204	2900
0	1494
0	1873
0	497
0	0
0	0
0	0
1	38
0	25
3	32
1	0
15	37
0	34
1536	868
0	152
1	33
72	375
109	688
1679	546
0	3
0	545
4	4
1	8
5	18
0	0
140	13
0	8
0	5
0	0
0	833
0	770
0	847
8	472
0	146
5	127
0	1459
197	1536
2	299
12	122
0	27
6	120
12	7
537	45
0	27
0	17
20	6
14	495
0	163
4	509
9	513
0	487
0	0
0	3
445	3
13	299
121	334
2	302
6	207
0	86
44	201
18	10
0	30
8	1666
37	1350
0	1353
5	1343
0	1219
0	238
36	150
1	414
4	74
0	414
5	22
0	26
0	94
373	1
0	0
0	0
0	0
0	0
0	398
5	114
0	141
71	398
1	0
20	177
11	204
0	361
6	378
11	116
2	69
2	22
16	34
0	0
0	0
0	0
0	0
0	0
0	0
125	1608
21	1076
84	1029
14	1320
0	5
0	288
5	174
1	1435
4	12
0	0
0	12
0	4
0	4
0	4
0	3
0	3
0	0
0	3
8	2
4	8
0	8
17	90
0	0
0	1
1	0
0	0
1	14
0	13
0	23
1	26
249	265
0	5
1	9
1	90
4	30
0	0
72	4909
0	7193
161	6480
0	8977
194	6125
85	360
2	5033
6	4215
0	194
0	536
0	0
0	0
21	1780
388	1830
81	1734
4	937
0	0
0	0
0	0
0	0
0	0
0	0
0	1
807	2676
2	698
6	1322
9	1070
1	1370
52	5861
38	3544
5	1065
0	778
0	50
10	4244
49	444
0	1137
3	563
840	1
2447	382
2	39
1	1537
4	217
2	1013
83	100
0	1370
3	0
0	201
0	487
0	1233
3	1
14	216
9	0
4	14
2	153
5	115
0	106
10	134
1	609
46	182
4	436
3	194
8	97
288	9267
4	10193
7	5667
380	7961
59	8693
0	0
0	0
2	235
464	338
0	3
7	335
1	13074
15	5374
9	12164
88	6072
0	8886
35	1408
0	3119
0	12752
726	3262
0	3282
1	1350
0	918
1	216
0	10
104	665
0	240
1	183
0	102
63	2056
7	2991
27	2966
0	3070
252	0
1	26
508	10447
7	4
2	0
226	483
1	4
1	394
1069	10239
2	115
0	9
87	937
2	5804
8	5274
7	4998
8	355
0	743
0	9
0	1
1	1
0	26
8	159
62	140
0	26
0	26
0	6
144	911
15	677
6	444
13	477
6	767
0	118
0	0
6	12
30	12
0	10
617	606
8	611
142	1842
34	111
12	314
0	21
0	81
6	1698
108	749
0	535
7	280
0	53
0	219
2942	1214
1	216
1	186
36	167
0	27
0	504
0	437
0	1407
43	1474
0	1513
1	1251
4	1171
0	667
1	21
6	246
1	110
0	112
3	14
13	227
6	187
1	0
0	49
0	14
0	11
0	49
4	1416
3	202
0	6
2904	304
5	6
15	169
0	5
0	0
0	7
1	1
0	95
1729	23722
14	26617
280	26876
163	24470
19	8791
742	181
0	1
2	29
31	150
0	11
0	0
0	0
0	0
1	0
0	0
0	0
129	282
30	253
7	66
1	27
1	983
7	984
20	922
0	6
0	924
0	47
0	76
0	971
0	0
0	0
11	179
13	179
28	179
0	0
0	0
1	0
0	0
280	172
0	145
0	27
0	9
1319	171
3	121
1	22
7	34
0	0
4	0
0	0
7	3
0	1
0	2
3	0
0	0
0	0
57	371
32	371
3	0
4	0
0	1
0	0
0	1
0	1
0	0
0	1070
0	986
0	952
11	1026
10	0
0	78
1	60
1334	17866
0	17350
173	16978
1	12484
80	10099
5	2657
2	141
11	26
123	242
2	183
7	215
55	185
0	23
2	50
0	0
9	3
3	3
0	0
0	0
0	0
0	0
65	25
0	25
0	0
860	544
0	219
4	475
1054	240
0	18
0	58
3	34
0	0
18	7
0	5
1	109
25	105
9	63
5	109
0	679
1	13993
4	847
882	13989
0	14000
0	0
0	0
0	0
0	0
0	124
0	124
0	22
2	29
0	0
0	0
0	0
5889	7
6	12
2	15
0	0
0	0
0	0
2	3
0	0
6	1211
42	779
35	1011
9	844
206	21
1	190
126	1120
0	0
0	0
0	0
0	0
0	0
313	79
0	21
2	4
3	57
0	0
0	0
0	0
76	1673
6	1172
55	1537
30	1374
10	19
6	60
6	935
5287	2837
1	1001
5	753
24	576
0	1017
72	550
1251	14271
345	14193
115	14191
6	14189
4	2000
0	731
0	731
9	80
333	537
15	149
1	175
4	9
83	3
0	3
0	2101
125	2088
0	801
0	35
3	26
0	2147
0	17
1	23
13	17
1	9
0	2
7	324
7	2
3	7
3	2
8	0
4624	3493
0	2693
0	707
13	13
6	11
1	214
51	2861
51	1162
3	1195
0	34
2	357
2	267
21	51
25	186
110	68
0	236
9	74
2	0
0	4
0	4
7	517
1	13
0	28
1	28
0	509
24	424
1	61
0	43
185	86
0	13
2	85
0	0
114	228
6	233
0	25
0	6
0	15
0	0
0	0
0	0
0	0
0	0
0	0
1	8
1	6
0	8
2	6
0	8
0	0
0	8
2	0
3	108
0	102
0	0
0	0
0	5
0	0
0	0
2	43
6	51
0	5
0	4
2	7
1	7
644	426
18	424
78	424
0	423
62	1262
20	1191
98	977
0	11
188	11
1	12
0	0
1	0
0	0
0	0
1	1114
1	935
0	774
3	0
0	1
347	78
3	6
0	69
0	1
1093	1
0	38
0	28
0	0
4	526
4	526
192	768
473	1293
13	17
0	611
6	72
7	82
0	26
0	14
13	4
72	1173
0	748
0	497
0	556
0	365
0	972
9	953
0	630
0	771
0	429
0	92
0	57
2	123
0	55
0	0
0	0
0	0
0	0
0	3
0	3
0	0
0	3
0	0
0	0
200	6333
3	6324
0	277
0	7
1	490
1	19
8	59
25	1516
1	3
3	9
7	1517
0	0
0	0
456	1126
5	536
13	328
0	153
61	366
0	0
0	366
0	104
0	0
0	6
0	11
0	12
0	14
1	18
0	366
0	275
0	4
0	1
10	32
209	1854
0	1741
0	75
0	84
5	40
32	951
9	204
2	206
0	140
0	230
0	0
0	0
1	0
0	0
220	1654
26	1750
0	16
0	45
2	284
3	344
20	998
1	117
0	113
0	117
26	62
5	106
0	94
6	50
2	87
14	86
14	103
1	60
49	877
10	412
376	1289
0	0
0	0
0	5
1	5
0	0
0	0
0	0
0	5
7	2
0	2
171	1
4	0
0	0
0	0
0	0
0	0
14	16
0	16
0	0
5	0
0	0
0	0
0	0
1	331
245	937
3	27
0	744
10	24
0	7
16	84
0	481
0	16
35	6295
107	1044
3	915
20	577
0	5572
231	0
0	8
0	0
0	0
0	0
0	8
0	0
0	0
0	0
0	0
0	0
0	0
0	724
323	727
0	75
1	32
61	2379
28	2178
1	1161
0	1295
24	1532
1	984
66	1135
0	618
0	51
0	150
1	18
0	48
234	3
5	2
20	1868
0	2284
6	2477
1	1654
0	544
0	19
24	135
0	3
0	3
0	2
0	2
11	311
5	334
0	36
0	2
0	448
0	439
0	216
0	345
3	0
1	1
0	6
0	2
1	2
0	41
11	448
18	9
0	9
1505	29
0	26
0	2
58	0
12	611
0	3
0	185
0	18
0	4
0	7
0	0
0	0
0	2
287	228
14	81
4	87
0	0
0	59
0	18
108	61
0	61
58	1619
1254	2372
4	2438
96	2102
29	1330
2	930
5	738
3	728
18	620
342	629
714	222
0	1659
34	1464
18	262
73	489
59	655
0	374
22	1646
661	3011
0	2871
9	2
2	60
8	13
12	37
0	0
1	464
0	703
3	409
0	57
1	0
0	708
33	1288
0	1146
3	239
3	213
1	19
0	1355
0	1290
0	1785
0	0
23	1846
18	1091
0	970
0	77
75	418
0	417
0	1151
0	117
2	1
14	0
0	648
84	648
0	0
0	23
0	0
7	365
524	852
7	328
14	457
1	131
0	0
35	2547
7	1073
1	582
42	2264
270	463
0	0
1	6
1	36
1	101
0	156
4	136
1	91
30	205
2	13
0	0
0	0
0	0
0	0
0	0
0	0
0	0
0	0
0	1035
0	12
0	96
0	996
0	42
0	756
0	0
0	0
3	7
0	898
10	916
5	99
1	23
2	444
0	14
0	0
0	411
0	487
0	590
0	481
0	456
0	536
1	11
16	208
7	34
61	7
2	7
0	0
0	0
0	0
66	24
0	24
0	3
55	0
105	1348
23	547
3	1313
0	1
0	4
2	255
0	0
0	0
0	0
0	0
0	0
0	628
1	627
0	356
4	7
8	25
4	7
0	15
3	17
0	16
213	657
270	137
3	137
0	16
2	2
0	2
0	0
1	162
4	160
0	27
0	49
3	0
2	180
0	1405
1	672
0	949
2	1284
0	1464
0	1099
0	0
0	240
0	1405
0	0
0	0
0	0
0	0
0	0
1	19
13	19
0	0
0	0
1207	824
21	824
0	1866
7	1865
0	1878
0	1543
0	178
66	186
26	55
1	83
3	73
0	66
0	31
0	97
0	59
0	31
16	2
0	1863
454	241
0	132
2	132
0	132
0	173
3	0
0	31
0	18
2	57
0	68
2	57
0	99
0	48
1	0
155	334
0	96
11	316
1	50
0	124
0	0
0	0
0	0
0	0
0	0
0	276
60	278
1	3
0	1
489	4
39	3
12	340
1	517
1	471
0	84
0	425
0	14
1	148
0	0
0	274
0	0
3	9
4	0
0	6
0	6
53	2194
0	0
9	0
4	0
5	0
1	0
0	141
4	1630
0	1758
14	331
0	0
13	148
1	1
0	0
0	2234
0	48
21	204
0	91
0	421
9	319
0	19
1	0
0	0
38	0
0	192
0	93
20	196
3	14
0	15
0	26
0	30
0	0
0	0
11	5
0	5
651	47
1	47
2114	1276
9	1167
55	113
0	4869
1049	4869
983	44
0	21
1	21
1	0
0	128
0	7
0	257
0	513
0	2021
27	2153
0	134
0	354
2	1049
0	604
0	1933
0	1618
0	706
0	328
1	1
9	1120
13	0
0	365
0	1133
1	0
2	0
3	274
1	281
0	1
0	282
0	4
0	19
6	234
20	305
4	305
14	318
0	297
0	306
0	589
2	646
0	21
0	4
0	61
1	2
0	12
0	646
0	0
0	0
0	0
0	0
0	0
0	0
3	24871
0	25346
0	8081
0	8703
0	12034
0	11
0	616
0	715
272	2796
1	499
8	1663
0	349
949	0
197	58
10	58
267	1
0	1
1	1
116	10
2	8
0	3
0	2
0	4
0	7
0	0
0	9
31	14
0	0
0	0
2	3
0	3
0	0
0	0
7	3
0	3
2	0
78	319
0	319
4	92
1	53
2	0
0	1
0	16
3	0
0	0
0	0
30	2
1	2
0	0
0	6
0	6
8	6
0	0
0	0
7	1
0	0
0	0
25284	34
620	329
0	138
0	121
0	222
1776	6
134	0
5	2
0	0
0	2
0	0
0	0
0	0
0	0
0	0
0	0
0	0
0	0
35	0
1	0
50	0
1	0
351	0
12	0
0	349
0	356
0	204
2	104
0	90
0	18
0	24
1	14
0	14
0	0
1	0
0	0
0	0
0	0
1	1
0	1
0	0
0	0
0	0
0	0
0	0
0	0
0	0
0	0
0	0
0	0
0	0
0	0
0	0
0	0
0	0
310	83
1	83
0	0
0	0
0	421
31	569
134	991
405	9382
2049	9384
2	885
4	1
17	2200
0	1158
32	501
0	105
0	11
0	1
7	393
0	407
0	383
0	28
312	419
0	686
0	1
2	2
0	2
0	1
0	1
0	1
0	0
0	0
0	0
0	0
0	0
0	0
0	0
0	0
0	0
0	0
0	0
0	0
0	28
0	28
2	7
0	0
1	0
0	0
0	0
0	0
59	1278
14	1278
0	1
0	1
0	0
441	0
380	436
9	0
0	436
0	0
0	0
0	0
0	0
0	0
0	3
0	5
0	5
0	5
0	4
0	4
0	3
0	4
0	0
0	0
0	4
0	5
107	1694
0	1557
10	1052
1	80
0	1414
1	187
5	661
3	715
0	355
0	540
0	533
0	351
0	6
0	353
0	0
0	257
0	329
0	19
0	634
1	7
1	0
10	36
0	648
0	6
0	6
0	6
0	2
0	1
0	0
0	0
0	0
0	0
70	423
0	423
0	22
0	6255
98	4488
0	2469
2	5180
2	142
12	2390
4	40
0	25
12	38
18	5493
0	509
2	3757
4	251
0	5442
0	0
0	0
1	67
0	7
0	16
0	8
0	46
0	6
0	56
0	56
1924	1612
1	196
0	1418
37	1882
235	1455
8	10
0	246
5	439
2	272
2913	808
0	28
1	118
0	137
0	200
3	58
0	38
29	268
1	268
769	495
0	42
0	398
0	99
0	45
2	31
0	18
0	50
0	442
26	87
2	88
0	42
4	5
0	6
195	16
0	13
43	4
0	0
0	2
0	2
0	3703
2158	3703
2	1303
0	0
0	0
0	0
0	0
14	0
5	70
0	0
0	0
0	0
0	0
527	679
0	268
0	0
55	188
1	125
3	209
0	180
8	57
7	45
0	53
4	109
0	2
0	16
3	7
0	19
1	12
0	41
126	818
0	818
2	814
9	157
2	180
0	312
16	274
5	417
2	369
3	136
197	50793
0	27158
4	46227
0	46174
1	46228
10	26711
0	26641
43	7022
1	6807
3	2971
0	1218
0	135
4	288
0	284
0	167
0	842
0	40
1	2
0	4
2	486
0	280
0	839
48	898
39	746
3	156
0	200
0	207
0	586
0	0
1	424
278	2416
0	2416
6	460
15	3
0	597
5	147
293	321
4	124
4	1
1	78
0	49
0	60
15	60
6	59
1	75
1	84
0	24
0	0
0	4
0	11
114	879
140	878
12	153
0	122
0	145
0	18
0	147
0	148
0	130
0	129
0	0
0	112
0	84
0	81
1	79
0	25
628	646
2	37
0	0
0	9
1	27
0	671
21	237
3	0
3	237
0	330
14	14
2	6
0	246
0	23
0	28
2	15
0	37
8	452
0	28
2	110
25	44
5	388
0	0
0	0
405	166
0	29
0	85
2	83
2	78
0	107
0	2
0	16
0	1
4	27
4	0
0	0
0	0
0	0
0	0
39	129
0	131
0	26
0	24
0	0
17	0
0	0
0	0
13	2545
2126	2546
0	103
534	686
0	28
0	0
83	446
0	448
0	481
15	508
24	102
3	72
1850	8580
22	185
3	46
46	8460
214	396
11	282
4	416
3	74
21	1371
1	481
9	567
46	533
0	2
8	528
0	71
0	1352
3	503
3	1469
7	909
11	982
1	841
1	9
2	103
0	1
0	0
0	0
0	0
1599	0
0	0
0	0
11333	9
2	0
718	22
2	21
1420	6901
0	6901
0	46
15	50
0	4
0	0
2	9
0	4
0	9
0	1
0	2
0	2
0	0
0	47
0	0
3	47
9	2
13	169
0	154
3	120
0	120
14	0
0	16
7	20
234	836
0	591
2	155
1	231
0	623
3	234
432	63
6	63
0	2
0	2
1	1125
2	1120
0	891
57	895
0	360
0	670
16	0
0	559
0	1602
0	524
0	674
1	664
0	1708
0	131
5	434
0	836
0	431
0	25
1	1
0	0
0	84
2	0
2	28
84	5681
4	0
300	4994
0	5788
46	4302
56	641
3	604
0	656
7	74
6040	1207
4	274
2	666
1	0
2077	13183
19	12194
31	1022
10	331
57	1065
63	260
3	1647
91	1431
0	3364
0	1523
206	3289
927	3305
43	1109
13	5
1	138
17	0
1	488
46	1295
21	1309
15	1231
0	0
0	81
0	2
0	3196
38	3084
0	3958
90	3897
1	2580
0	2047
79	1748
0	1923
4	1392
26	1384
0	1126
0	1087
5	1055
0	12123
490	12104
0	11366
0	1353
10	842
3	548
110	289
0	28
0	14
76	7
1	9
0	9
1	0
0	11386
30	12125
0	3978
0	3243
0	3560
0	3
0	3
0	14
0	49
0	14
6	1231
10	1201
0	1172
0	1147
0	1089
19	815
31	962
1	10
5	111
4	6
214	2696
0	1400
2	2696
790	43
2	359
7	64
0	148
285	610
0	15
7	10
0	19
0	207
4	546
0	95
0	126
0	40
0	19
1	11
5	28
0	13
7	0
13	0
2	10
0	29
0	137
0	90
30	11
2	99
1	0
2	0
8	104
2	30
0	0
1	39
1	0
931	114
0	114
111	1244
1	1076
0	1098
0	1262
0	37
85	2
0	0
0	37
0	9
1125	1155
18	1020
31	932
0	224
18	16
2	36
14	0
133	73
1	73
371	2884
240	2884
2	300
519	300
1	300
0	0
683	0
3	0
161	125
3	125
165	29
2	29
0	1263
0	1122
10	909
1	889
1	457
0	96
14	163
0	2147
0	1305
0	2839
0	1951
3	0
6	205
0	52
0	2697
1302	2931
0	7
12	6
4	3
38205	337
5	54
59	242
761	379
58	379
8383	450
6	428
10	15
0	23
0	22
0	16
0	16
1	7
0	32
0	147
3	134
4	0
0	0
0	0
0	16
542	1146
28	1138
6	0
10	783
0	96
0	16
0	16
8	0
30636	287
0	267
971	739
5	345
7	489
0	270
2	143
1	0
0	0
0	0
0	0
0	0
0	0
11	4
0	4
1	1
0	1
0	1
0	0
0	0
0	108
3	373
0	297
0	0
0	0
0	268
0	56
1	111
1	0
0	73
2	25
0	1333
18	1648
0	300
6	1197
0	471
0	281
0	515
0	170
1	63
1	411
0	305
3	307
1	254
0	40
0	3
0	21
0	316
0	305
0	449
0	511
0	33
0	1
65	7174
0	5828
0	1917
72	7102
41	68
20	2634
12	2323
6	3045
18	15
0	243
21	61
0	39
258	191
7	78
1	135
7	123
7	0
571	9560
2	13148
0	9231
55	8596
1	5301
11	5
0	0
75	562
22	956
5	11
0	1173
4	0
1	58
1	57
0	57
0	58
0	58
1	58
1	24
0	1
0	1
4	105
1	3
350	430
0	54
0	177
0	56
0	0
7	183
0	10
0	10
0	11
2	160
2	92
1019	39
0	6
0	33
0	2
0	2
7717	8
0	398
1	271
1	290
4	284
0	97
1	2
2	0
2	218
2	26
3	12
0	25
0	2
0	0
7	194
3	205
0	180
0	7
0	115
0	35
2	45
1	13
3	11
23	311
0	311
0	61
0	6
0	0
0	0
0	0
0	0
0	3844
30	3408
153	3873
1	4
0	196
0	214
2	156
0	923
2	603
2	152
1	421
823	1179
35	1179
2	56
0	33
4	73
5	63
0	0
0	0
0	0
0	0
0	0
0	3
5	0
0	5
6	3503
0	182
0	21
5	39
1	3493
233	512
1	0
295	1785
579	1745
0	0
0	0
0	0
0	0
0	0
0	0
0	0
53	2348
35	2130
8	81
0	2
11	9
9	434
3	16
10	16
1	2
16	772
2	17
0	239
100	9297
14	517
8	844
2	19
1	30
7	134
0	770
0	9185
0	71
0	1310
0	57
0	6
17	106
0	17
0	65
0	43
0	290
13	15
27	163
88	163
0	7
1	0
0	0
12	851
35	84
0	83
16	790
33	788
2	342
3	404
8	798
3	263
3	293
0	292
0	309
0	129
2	106
0	31
25	26
0	130
1	199
0	123
0	117
0	24
1	21
0	19
0	21
0	21
0	3
0	3
0	3
0	0
0	0
0	0
0	0
110	646
0	645
0	105
10	68
2	2
9	1
0	0
0	0
0	1334
50	1393
26	1052
28	310
0	152
1	77
14	286
60	76
0	183
2746	1379
16	599
3	136
25	581
3	49
2	190
1	12
0	12
0	0
9	468
345	982
38	192
17	783
0	19
4	15
2	19
0	3
0	3
0	0
0	0
548	69
0	13
5	65
0	0
992	0
0	6
0	12
0	7
0	6
0	7
0	0
0	2
1	0
0	2
0	0
64	2756
9	2022
31	1774
28	1162
17	1841
23	1948
17	1395
24	368
4	34
0	29
2	19
0	13
0	0
0	13
0	29
7	1
0	1
11	1913
0	194
0	0
8	28
65	162
24	1324
1217	5732
0	5045
1	4773
16	4546
93	4468
2	110
2	126
19	95
0	61
8	66
1	27
0	23
0	23
1	0
0	0
0	6
0	2
0	5
0	0
0	4
77	8
0	8
0	0
3447	809
0	586
5	155
1	224
102	0
29	263
0	13
0	0
0	247
3	0
0	3
0	7
0	44
2	15
0	11
0	13
18	445
0	517
4	572
0	81
0	0
3918	1118
14	504
10	1004
0	0
0	0
0	2
0	0
0	2
0	1
2	375
0	1448
278	1448
4	174
13	128
3083	1133
0	4
2	4
0	995
4	2826
0	913
1	336
0	2587
0	3004
0	887
6	101
0	1
0	27
0	2398
2	5
0	5
0	1
0	0
0	0
0	0
0	0
0	1
0	1
2	36
110	36
3	0
2	0
265	1292
18	1277
40	1226
5	730
11	660
2	11
0	614
3	63
15	0
0	74
3	1
67	0
0	51
12	83
0	83
0	49
6	14
16	0
216	138
0	0
0	4
9	286
0	8
0	286
0	51
14	290
0	33
52	2439
0	536
48	214
0	410
60	2222
989	899
0	261
841	590
0	32
0	65
12	78
137	100
82	5
5	0
0	0
0	0
0	0
1896	468
19	3
0	0
2	66
2	349
0	0
0	60
0	0
0	0
0	0
18	2840
2	3818
7	1404
1	28
0	465
0	205
2	81
0	150
0	1
0	16
0	107
0	103
0	65
2	34
0	63
13	36
0	0
0	0
0	1314
0	0
0	0
0	0
0	0
519	1
7460	8238
504	7016
153	7086
2	1359
1	30
54	74
25	360
31	317
1	0
0	1
0	1
0	1
0	1
33	135
0	128
0	131
3	1
0	0
1	0
0	1
0	0
103	24459
1	2050
0	24458
1	185
13	235
7	182
4	37
366	196
0	0
0	196
0	76
0	0
25	24
0	19
0	6
0	5
8	3
0	16
0	3
13	6
5	6
0	0
0	1
0	1614
67	2073
21	1784
0	629
4	78
4	5
4	614
4	1919
0	2700
0	72
0	288
0	3
0	2496
0	2491
0	2519
20	4841
18	7187
20	1075
0	3516
0	3742
15	3717
0	82
0	26
5	86
0	3111
13	227
1	0
24	5418
0	1617
37	116
7	48
2	181
3	293
439	1
1	52
1	51
0	1589
0	1734
0	4
5	61
7	103
5	53
6	0
0	10
0	4
0	13
1	934
1	90
1415	151
0	150
11	1
1712	312
0	72
1	1
0	0
29	310
6	838
2	602
1	750
4	183
30	461
6	2
3	3
0	1
0	0
0	1
13	0
0	0
11177	6354
31	6345
0	701
0	646
15	107
0	39
0	18
10	443
2	277
0	0
4	23
10	671
39	6436
188	2162
0	5418
37	5506
0	1812
0	1158
0	13
1	33
216	1120
19	1120
3	338
0	80
1	1
1	137
0	138
2	179
0	0
0	0
1	0
0	0
0	0
0	1029
1678	1196
1	14
1	33
7	62
2	54
314	307
1	221
4	86
0	193
2047	1787
5	1479
0	1592
0	0
0	441
4	308
0	226
0	0
0	0
0	0
0	0
0	0
0	0
0	0
2	21
0	23
0	26
0	0
72	1367
5	1441
26	698
0	23
0	0
112	1
1	0
92	95
7	92
0	1
0	9
0	0
2	11
0	7
0	2
0	2
3	3
0	0
0	0
0	0
0	0
0	0
1940	1239
6	1137
9	15
1	2
6	6
1	617
4	87
8	0
0	0
0	0
0	0
12	0
0	0
5326	2159
27	201
18	498
6	291
40	37
46	535
29	488
3	0
0	0
6636	236
10	75
0	185
0	185
21	395
129	4634
3	425
30	3516
11	3193
8	44
7	0
14	147
0	1023
0	953
176	1033
0	67
4501	1025
0	0
65	1429
212	1429
2	85
0	0
2	71
0	17
0	17
0	0
0	1
0	1
0	1
0	1
4949	193
1	192
0	5216
0	4875
24	129
1	127
0	57
0	3824
3	5061
974	1053
2	930
0	1053
4	0
0	0
0	0
882	16
2	3
5	16
1	3
165	346
1199	542
0	111
24	8
1	40
13	137
26	369
0	121
1	99
1	286
0	174
2	0
0	16
0	16
0	10
3	100
283	6101
0	1
2	237
0	4890
0	3783
0	4779
1	113
3	2531
14	331
0	217
0	322
2739	1
7	1135
65	1116
6	460
43	0
0	59
52	58
6	110
3	6
9	4
772	15
0	0
0	0
0	15
60	0
0	15
0	13
0	6
0	6
0	3
59	690
30	694
4	345
9	138
7	76
0	121
2	10
0	253
18	973
227	973
5	0
0	9
1	9
1	64
2	9
0	16
0	8
0	2
0	0
0	0
0	0
0	6
1	0
0	0
1	64
255	113
0	41
1041	625
82	624
196	260
0	72
1	136
0	120
1	114
0	0
59	81
0	22
276	5479
10	5479
16	201
0	202
1	73
7	73
44	113
0	133
3279	731
0	466
90	729
4	7
127	352
2	152
1	11
0	0
0	11
258	223
42	177
4	228
0	59
9	194
4	0
0	0
2	42
0	21
0	230
698	12
0	0
0	0
0	0
0	0
0	0
0	449
3	449
21	271
16	548
0	416
0	468
0	229
3	2
2	18
0	515
0	3
0	12
0	12
0	20
0	28
0	10
0	0
0	8
0	28
0	2238
49	1760
0	2233
0	1537
2	18
2	153
21	2060
303	11942
3	781
410	7523
2	0
5	11116
0	10212
0	184
0	0
0	948
1	460
1	536
8	1043
158	1739
0	790
0	1124
0	849
0	2096
0	1965
27	348
4	239
7	187
0	259
0	156
41	120
0	26
1	28
0	27
14	7
7	189
12	138
0	85
51	158
4	8
0	92
10	611
4	549
1	285
15	345
29	341
3	29
2	669
133	1183
4	979
10	180
4	165
0	1
29	2736
5	2738
198	2733
2	13
4	12
20	375
0	30
5	1879
1501	1882
31	4
299	0
0	87
1	98
0	79
1	1
0	17
0	0
0	0
0	0
0	0
0	0
0	0
0	0
0	0
0	0
57	262
9	262
162	39
0	39
3938	65
0	0
4	65
6	42
16	766
2	19
1	18
3	66
200	775
178	501
4	501
164	137
9	137
0	28
0	139
0	485
0	495
95	329
33	218
34	0
23	362
4	58
0	122
11	149
0	121
3	12
0	65
216	0
0	0
0	0
0	0
1572	446
0	446
33	0
137	5156
68	5525
0	165
0	0
32	5373
435	184
0	154
4	3
3	0
0	27
119	1071
0	1034
0	985
51	953
1	520
0	254
0	79
14	40
0	50
207	5540
5	3615
24	0
0	3339
0	5540
19	0
56	2
73	5179
30	3226
6	5177
142	1191
3	368
0	204
0	805
2	35
0	10
3	28
0	70
1	14
0	13
9	181
28	2099
1	2471
17	1429
0	223
3	577
3	32
1	1279
1	301
3	404
92	24
0	19
54	243
331	391
4206	5
0	631
0	890
9	879
13	883
2	0
1	245
29	219
0	876
12	9893
403	10083
145	178
3	1287
131	1613
14	1081
6	31
31	247
0	1
20	206
2	9
10	0
6	0
0	8531
0	8461
8	665
5	1395
84	1744
0	1831
0	0
0	57
0	19
1	1687
2	297
2363	298
0	2
736	2
4	0
0	0
21	35
1	34
6	19
1	1
0	0
642	1131
0	1058
0	2
0	84
5	725
101	718
7	319
10	346
1	511
39	21
0	5
3	16
4301	8
0	4
0	0
5	1
0	0
1119	2729
0	1912
0	959
0	22
9	2179
210	1936
40	806
8	131
13	118
0	39
0	110
0	33
1	0
3	0
0	3
168	3472
0	3062
1	2269
17	636
9	3
0	4147
136	773
3	772
0	168
0	639
0	7
6	272
0	188
0	644
178	14398
560	14401
69	14401
12	12521
6	5722
60	676
2	503
12	1996
1	581
30	672
1	364
1	85
0	14043
2242	3
27	318
0	293
0	195
0	190
0	0
13	295
0	3
0	85
1	3
0	11
0	4
0	0
0	4
0	0
0	0
0	1
0	6
0	2
0	0
0	0
0	11
0	2
137	260
46	260
3	3527
155	3960
1	964
0	448
0	216
1	190
0	21
38	1812
0	36
4	197
0	1847
8	1492
43	36
30	48
11	3
1405	1
1021	0
2	0
13	792
0	331
452	1398
714	93
8	92
3	1291
2	656
45	726
0	873
5	0
5	1
14	284
1499	710
5	709
5	387
470	152
0	167
0	69
0	88
0	103
2	103
2	99
1	72
0	11
0	57
0	17
0	26
2	3
9	0
2	0
17	84
4	84
13	4550
2	514
1660	5013
1	456
420	666
124	576
140	3902
0	0
0	838
4	838
1	447
9	842
0	2
16	612
33	3
2	6
0	33
0	2
55	3
5	204
0	238
4691	974
0	879
0	918
25	493
0	841
0	831
100	2571
0	1266
6	2135
5	504
18	235
0	0
4	0
2	0
0	0
0	0
0	0
0	0
0	0
242	136
1	16
0	63
0	91
384	487
0	399
0	372
18	365
0	360
1	0
0	333
0	27
0	7
0	30
0	30
0	86
0	12
0	2
2	2
1558	322
0	34
9	20
3	0
1	317
31	935
64	934
5	59
98	0
0	2023
25	4551
0	3772
1	3428
6	1293
1	262
0	165
0	309
1	54
1	2104
0	2801
3	2718
0	2751
6	2719
25	818
1	97
1	1
2	9
4	602
266	99
5	45
0	541
0	640
3	3
1	0
30	580
53	520
1	22
0	0
1	0
0	9
0	3
525	0
0	8
2	8
3	0
12	163
1	161
1	131
18	140
2	0
0	13
0	1
0	140
0	0
6	6
0	6
0	0
0	0
0	0
0	0
0	0
0	0
0	0
0	0
0	0
0	0
0	0
0	0
0	0
0	0
0	0
0	0
0	0
0	0
1102	1207
0	1207
2	111
4	119
35	23
0	24
2	16
0	0
0	4
0	4
0	0
0	0
6	743
81	761
0	245
1	55
0	20
16	0
13	0
0	25
0	20
0	14
0	0
0	0
0	0
0	0
0	0
0	0
0	23
14	0
0	0
4	548
0	429
0	556
0	137
4	236
0	117
12	0
0	0
0	536
268	1138
11	1138
123	307
21	915
224	3434
252	3434
1	0
100	446
2	35
3	6
0	0
756	411
5	72
2	158
26	53
0	2273
16	2257
0	13
2	5
3	21
0	34
30	28
0	327
9	295
0	48
7	2071
17	59
1	55
0	58
0	0
0	0
120	0
0	245
0	255
0	239
1	233
5	235
0	64
2	40
11	4
7	13
0	1
0	0
0	0
1	12
1	17
181	2518
185	1952
1	2353
6	375
0	152
0	2073
0	0
1	34
7	141
0	13
161	0
0	0
242	1
0	120
0	120
44	35
1	344
4	340
1	250
0	309
4	34
0	1
0	0
0	1
700	4472
9	4399
1	768
0	59
5	95
1	95
9	74
0	9
0	1
0	0
3	35
0	37
0	13
0	1
0	0
21573	38006
957	37200
276	1249
11	225
0	65
0	65
0	28
701	26
5	26
0	26
1	504
22	357
0	19
1	86
0	62
0	4
6	49
0	55
0	8
0	159
0	14
18	800
0	739
177	108
1	13
2	4
1	8
0	41
19	69
0	54
3	144
8	39
28	125
2	0
3	518
0	516
6	479
3	621
13	624
1205	1
34	2654
34	2984
16	1401
0	496
11	105
0	275
976	7181
10	2065
0	1975
7	6988
30	1559
0	994
8	1042
0	387
16	432
0	72
2179	890
0	890
10	89
4	150
9	145
2	74
0	54
2	5
7	11
71	378
2	449
0	405
0	46
0	89
2	27
0	0
0	0
0	0
16	33
0	33
37	84
2	206
16	154
0	213
850	1
0	0
0	2
2	2
0	589
0	56
8	311
0	4
0	7
0	640
0	0
1	102
0	101
2	50
0	40
0	48
12	96
0	45
1	17
18	160
0	104
2	56
0	0
0	0
2	97
59	117
0	3
0	90
2	59
65	41
47	30
0	5
50	6
338	659
2	659
41	678
176	721
1	85
2	13
1	9
0	1
0	9
0	2
0	0
0	2
0	3
0	0
0	9
32	6
0	6
0	32
9	234
0	265
7	262
0	51
0	35
0	254
0	65
18	51
0	154
0	302
9	189
3	207
1	245
1	1
0	2
0	0
0	19
1	39
9	34
0	20
0	112
1	125
0	0
0	0
0	0
0	0
0	0
0	0
0	49
0	0
0	0
0	0
0	58
0	32
0	0
0	58
0	55
4	21
0	0
0	0
0	0
511	8716
356	7483
357	8595
14	141
33	2098
2	71
1	116
0	154
0	9
0	39
0	2098
7	60
5	0
6	60
0	3927
72	3873
45	3120
15	2969
0	1
2	267
1	1570
0	2114
0	0
0	6
0	3
0	3
2	3
1	2
0	8
7	8
1	7
0	4
33982	41
14	248
84	243
52	171
0	82
0	86
3	69
0	32
0	0
1	0
1461	1325
0	953
0	614
6	34
170	100
2	100
196	17678
20	13527
0	1900
12	14184
0	120
0	408
0	2261
0	1737
0	1951
0	1212
476	0
1	367
5	189
17	35
7	35
14	610
1	189
460	1311
1	1080
57	775
69	393
225	744
11	744
112	610
108	583
0	614
6	370
1367	0
12	44
2	44
52	2
0	0
0	2
0	0
305	42
1	42
401	1
2	0
36	528
0	164
0	30
0	364
2	0
0	7
7	96
87	96
0	35
17	113
2	185
0	107
0	186
0	23
2	36
9	0
274	196
52	196
5	0
0	0
0	0
0	0
144	2972
4	122
36	753
5	215
0	200
13	0
1	50
104	2112
3	65
1	42
8	45
0	7
18	0
47	1214
13	1087
13	542
2	683
91	574
5	823
0	0
9	37
2	50
0	35
0	1
0	0
0	0
0	15
0	28
0	29
0	16
0	2
0	2
0	3
0	3
0	0
11	102
0	56
0	66
681	159
1	73
0	15
10	125
25	17251
0	14262
0	13835
0	2796
4	2641
0	17739
0	18606
0	14750
0	15617
0	14323
0	15190
12	946
222	0
285	101
0	17
0	89
0	12
0	10
0	2
492	1008
1	767
0	1006
1	658
0	2
7	510
0	533
5	227
1	3957
18	2
14	4025
5	0
0	277
0	3678
0	1854
1	4090
1	0
0	20
0	18
0	15
0	0
0	17
0	11
0	0
0	1
0	0
0	179
0	34
1	213
7	141
1	219
1	1
0	1
0	0
0	0
0	1
0	327
2	304
0	338
6	3
0	57
0	57
0	235
0	0
0	1614
92	1614
6	161
0	123
1	24
2	323
0	1598
0	62
0	64
0	64
0	53
0	57
0	32
4	73
0	36
1	37
0	0
1	1
0	0
1	71
59	2253
2	2133
0	422
27	186
1	0
1	1
0	1
0	0
3	261
319	214
3	143
0	20
0	43
0	63
4	4
0	0
1084	797
1	797
11	4
0	20
1616	672
0	672
6	452
5	167
0	0
0	127
0	0
0	15
0	19
0	23
0	128
0	131
0	128
1	87
5	250
6	867
132	571
14	112
1	427
0	111
0	113
2	148
0	17
2	6
12	63
2	0
1	60
0	6
9	178
0	2
0	180
5	171
0	152
0	0
18923	14
0	3
0	1
0	0
0	0
0	1
0	17
0	0
0	17
27	76
2	76
0	9
6	104
71	104
1	13
0	19
0	1
6	80
148	549
21	535
6	480
0	475
11	535
11	85
0	307
0	233
1	199
1	92
3	123
0	91
0	53
64	44
0	7
10	1
4	44
7	31
7	2
3	300
0	260
0	0
0	292
1	387
118	387
0	86
28	159
1	4
7	1
83	151
0	20
4	148
0	38
3	12
0	12
0	0
0	0
0	12
1	0
228	19
0	19
236	91
0	91
0	0
0	4
0	4
74	6
0	0
0	6
1	50
26	376
16	198
0	1898
0	2003
1	1610
49	111
337	178
0	1921
423	192
0	73
0	0
15	39
0	9
0	190
48	1231
24	219
10	767
0	1045
1460	5938
2	4356
8	2080
157	2464
0	680
0	386
0	601
258	0
513	285
0	272
0	14
33	4
0	0
0	4
44	0
11	59
1	59
0	27
0	5
5	98
0	64
10	98
0	11
0	1
1	36
1	35
0	13
0	7
0	1
5589	9444
9	9442
45	3654
0	1
0	0
0	0
0	0
0	1
3	2515
0	923
0	2372
10	4
0	208
1	213
1	0
5	18
47	33
0	0
0	32
0	34
1	30
0	0
0	0
0	0
825	40
4	40
1	2
0	0
0	2
967	790
0	63
2	0
0	1103
1	1103
0	942
13	1250
19	946
0	1221
0	984
0	1026
0	1016
1	805
0	258
0	438
0	311
0	89
0	89
0	159
0	117
0	95
0	68
17	67
0	0
0	94
0	143
18	0
1	293
0	293
0	178
0	8
25	4
0	0
318	265
2	96
0	1
4	1
2	195
0	161
0	5
412	11608
5	7636
0	307
26	9890
7	1827
0	159
1012	2719
13	2718
47	1548
1844	5091
18948	6652
1	1944
19	1697
4	354
0	94
1	326
0	368
0	355
0	327
1	351
0	34
0	265
9	15
0	7
2	1
1	57
2	0
24	35
0	7
1	36
2	32
0	3
0	0
0	3
0	122
1395	600
0	551
7	1
1	14
0	444
2152	445
278	32
0	32
306	3291
23	3272
12	1263
1	1471
6	735
0	1079
4	68
0	0
6	70
0	66
0	51
0	59
2	48
0	13
0	9
2	5
20	15007
1	14870
3	6657
0	9498
0	699
7	1071
0	6555
0	685
0	1122
1	2087
1	688
32	1229
0	518
12	5536
4	2300
3	2307
60	1599
0	1415
2	1413
20	1046
0	2301
9	542
36	534
0	201
32	284
0	0
0	0
0	0
0	0
0	0
4	31
29	638
142	639
4	400
0	56
0	72
0	100
25	430
0	430
0	400
14	5433
83	5265
6	4827
5	1504
0	94
0	231
2	516
0	43
9	176
0	153
0	308
15	253
10	271
0	106
0	106
0	94
0	0
0	0
0	0
0	0
0	0
0	0
0	93
0	103
1	0
2	69
0	107
0	110
0	0
0	0
0	0
1	0
0	0
0	779
3	483
2	1072
0	493
10	874
0	0
0	0
0	11
0	1012
6	860
5	137
1	0
0	0
2	57
0	14
1	21
7	0
5	3
0	52
1	216
3	508
0	0
0	0
0	0
0	0
0	0
0	0
1	522
18	485
9	336
0	482
1	49
0	91
0	2
0	17
0	4
2	56
0	279
0	179
18	62
4	66
2	64
1	77
0	73
3	67
0	4
0	27
1	4
0	9
0	40
0	52
0	25
0	49
1	32
110	233
0	716
12	613
14	3270
0	3579
58	3314
38	3288
0	112
3	143
3	362
17	0
0	419
1	260
0	3
3	223
3	297
52	346
1	2
9	36
6	31
0	23
0	21
1	7
7	9
0	1
2	6
0	6
0	1
0	1
6	39
1	8
0	0
0	0
0	45
0	502
0	465
69	554
12	171
12	14
39	161
27	218
1	23
1	555
0	1026
15	68
0	77
0	77
1	0
3	9
2	1026
0	13987
0	13530
0	303
12	1444
0	491
0	0
0	54
0	1251
7	12333
0	2954
4	662
12	6
12325	69
7	55
137	872
8	867
6	45
0	5
77	2
0	2
1521	2
170	0
12	1
0	2178
46	1974
0	60
0	2080
4	0
0	2273
8	2001
12	268
1	1898
10	0
0	119
84	4
12	4
13	1062
2	463
0	139
27	1
1	13
2	1
3	0
0	301
0	674
1	46
2	68
293	7876
13	115
8	4165
0	800
0	4329
0	393
0	86
63	2
30	5747
0	2948
3	22
1	22
0	5
0	5
91	472
0	342
1	441
0	181
5	94
0	19
0	74
0	0
1	104
6	56
3	6
188	1
55	1459
1	1459
0	257
18	259
2	13
0	101
0	1320
0	1217
0	1133
0	180
0	991
3	44
0	1121
2	475
0	29
0	594
1	979
0	617
0	0
0	497
0	102
42	778
0	39
0	1414
0	0
0	0
10	153
2	148
0	119
1	29
1	22
0	23
0	62
238	86
0	85
1	3
0	3
0	0
0	0
12	6
0	6
1	1
0	0
0	0
3	0
0	398
0	240
7	311
0	255
0	156
3	139
0	138
0	37
9	153
0	3
1379	69
0	66
2	52
30	30
3	17
8	17
0	4
0	1
0	0
0	484
2028	494
0	91
5	958
6	49
0	26
0	309
14	252
2	77
7	1211
12	1352
22	1989
164	2125
5	65
2	229
12	536
3	672
12	371
0	357
54	226
9	167
7	49
0	85
0	9
9	66
1	15
0	522
170	289
267	294
50	156
4	7
0	2699
739	2699
183	1941
455	1975
11	1891
40	856
7	728
7	1
8	129
381	289
0	0
32	135
14	206
5	830
6	246
1	2
5	55
0	797
0	0
0	0
0	0
0	0
112	371
56	371
11878	244
158	96
22	57
0	36
0	0
0	85
126	46
9	4
5	4
0	0
0	1
4	15
0	1
0	1
0	1
0	11
0	0
0	1
0	6
0	2
0	0
0	0
8	9905
0	11409
15	5151
0	407
183	12150
35	4042
0	1854
40	1373
853	1285
5	2341
0	16
1	2296
2	156
8	174
0	516
34	2369
5	670
0	34
14	2107
0	1689
2	53
1	313
10	420
14	127
0	36
1	63
0	244
14	1129
3	1089
0	141
22	1097
37	894
2	118
238	436
112	127
0	57
20	111
23	107
0	36
3	83
35	940
0	301
2	0
12	0
0	937
2	0
0	0
1	0
2	0
0	0
3437	109
2	106
1	0
3537	9220
64	8041
63	8600
9	555
2	2312
18	876
49	2008
18	482
0	829
13	1302
1	1403
9	487
0	2525
2301	3735
9	1315
1	2551
447	0
0	0
194	2743
17	2685
18	1803
17	274
10	142
2	329
12	22
68	465
1	13
4	156
0	105
0	84
4	180
1	135
12	68
0	148
0	15
3447	1381
10	188
5	974
7	1
1	100
0	116
2	328
1	134
0	134
0	77
0	6
0	76
30	414
10	33
3	312
12	56
0	126
0	12
11	43
14	43
0	70
0	114
14	0
2	57
0	87
0	13
2	75
0	99
1	5
31	1514
56	1484
2	173
0	3
4	4
12	3
4	71
6	35
1	38
8	43
1	20
0	2306
5	1086
2	2306
42	541
56	540
3	19
268	1
1	0
0	0
0	13
0	13
0	406
0	166
977	1528
487	482
0	1046
0	1
1	0
0	0
0	0
0	0
102	0
0	0
0	0
0	0
0	6
0	0
0	2
0	0
0	0
249	1289
916	1272
0	0
0	0
0	0
0	0
0	0
0	85
0	0
0	0
0	0
0	0
0	0
0	0
1	40
0	0
0	0
333	2
0	1
23	4
0	0
0	0
0	0
0	0
0	6
0	13
0	173
0	0
0	14
0	0
0	0
1	0
0	0
0	0
0	0
0	0
0	0
0	0
0	1022
0	27
0	742
50	764
34	618
0	777
0	0
0	0
0	0
32	573
34	573
1	40
27	4684
0	221
3	3267
33	3600
0	3134
3	444
22	8
0	940
65	77
42	2560
33	327
1	372
0	517
9	468
75	1513
35	1599
7	600
10	206
0	4
1	41
1	659
628	814
0	745
0	215
1	1
0	809
1	494
0	0
31	482
4	0
4	15
6	5
0	50
0	303
1	0
137	873
1183	1109
1	257
0	907
3	747
0	848
74	763
0	50
87	510
9	0
6	127
2	103
0	0
1	79
2	70
2	7
4	6
0	146
172	219
0	18
0	75
1	113
0	61
3	39
2	6
157	9817
243	9817
1191	2888
774	2866
5	1
1	314
0	1330
1	1120
2	1055
0	143
1	3
522	0
419	765
3	118
0	647
5222	3184
12	438
64	2739
94	65
0	65
20	2222
4	1564
1	1356
0	1338
261	1421
9	1254
2	66
0	194
0	119
0	13
1	28
0	0
3	0
8	2222
0	1391
11	1432
3	91
0	146
20	60
34	6
6	86
1	1060
0	0
0	0
29	45
0	7
0	5
0	34
513	0
0	0
0	0
0	0
0	2
0	2
7	0
659	776
0	628
1	40
4	155
0	82
0	36
551	6568
24	201
18	40
48	2227
0	6226
0	13
7	22
1	12
0	7
0	2
0	10
0	0
0	1
4	0
704	567
7	176
0	191
0	321
0	28
0	0
0	0
0	5
177	1708
741	266
11	1200
8	1503
11	29
1	8
1	10
1	23
1	740
10	1116
452	1116
176	781
3	153
0	782
0	88
26	23
38	0
53	6192
43	5141
259	5604
0	1829
5	1582
8	1724
4	1001
14	8
209	5555
866	27
0	27
1	322
215	456
0	30
5	104
0	0
324	736
7	2
0	19
0	36
35	692
0	3
6	2
1	133
0	2
0	2
0	0
0	0
41	484
0	212
3	100
23	611
0	103
10	9
2	1
8	365
0	256
3	2
37	69
0	0
0	0
2	289
0	519
12	531
10	234
0	518
4	102
0	371
8	292
0	115
3	173
1	4
0	0
0	0
133	0
2	0
21	294
0	242
4	36
6	261
2	225
0	72
2	4
2	11
0	0
0	0
0	0
0	0
1	1
32	298
4	29
27	298
1	12
897	4887
8	4887
0	150
8	150
0	108
2205	466
0	0
0	0
66	2245
0	2403
0	2264
10	68
0	368
0	2369
27	379
6	294
13	88
0	0
0	0
32	0
38	0
2	1
3	1
1294	261
0	118
0	79
1	0
1	46
0	96
77	0
0	0
0	0
0	0
0	0
26	1395
33	1496
0	1647
28	1623
271	2
11	2937
0	5221
1	6797
2	6669
203	7652
387	8269
67	149
0	12
1	1214
53	505
34	2594
1	3338
10	76
0	269
0	0
35	427
1217	431
0	364
0	66
0	0
0	0
0	0
0	0
0	0
7	218
321	1342
6	92
0	101
1935	1343
919	175
2	0
11	24
0	3
5	154
1	1399
50	2104
4	1740
10	1366
0	403
5	180
1792	5259
11	2147
3	3
8	223
2	376
0	372
17	92
0	0
0	5202
181	1549
2	52
28	46
0	11
33	1454
0	25
2	97
1	1
0	59
1	96
0	11
0	105
1	1
0	53
0	0
0	0
0	15
70	5364
0	47
21	3
6	4770
0	4585
1	86
0	3048
16	2758
0	5144
0	4688
0	2
0	10
1	3981
1	643
11	114
10	160
1	93
1	947
0	5335
0	5251
23	150
0	47
0	33
1	8
1	9
2	8
52	337
0	65
0	24
4	277
0	5
3	13
0	0
85	190
0	91
0	141
8	0
5	16
0	0
0	0
0	0
2	283
0	1069
0	1531
4	1598
29	577
3	835
0	0
0	82
1	43
0	0
1147	1438
0	281
2	1209
0	1278
0	946
6	1279
4	168
12	46
0	4
2	194
2	132
2	1
0	1168
0	2
2	3428
0	0
0	0
0	0
6	39
0	23
0	39
0	0
0	0
0	0
0	0
0	0
0	0
170	2896
14	1053
6	1918
1	1773
0	1210
2	2284
0	0
150	926
18	345
6	0
0	805
1	56
0	101
0	27
1	25
14	30
13	34
0	6
6	0
3	5
0	4
0	2
0	2
49	113
0	105
0	99
0	92
0	73
8	15
0	17
0	4
3	10
1264	4
0	2
0	0
590	719
2	638
8	80
0	0
214	0
0	534
0	302
6	87
0	13
5	88
1	66
0	7
0	33
0	19
19	0
8	1
9	123
0	202
11	137
54	15
0	15
44	914
9	914
1	459
595	1637
6	29
8	120
0	1454
14	1454
6	32
0	11
2239	855
0	596
4	200
194	108
1	108
0	0
6	0
9	0
1	1087
0	1382
3	1192
68	1122
0	295
30	3332
431	3313
21	2581
27	3
0	2373
0	2372
2	2295
0	67
152	427
19	430
1	294
0	15
0	267
2	150
0	33
0	15
1	76
0	55
0	7
399	0
10	202
10	204
0	1
0	7
0	5
0	0
27	0
3557	4
0	76
0	13
0	76
0	14
0	1451
2	144
14	175
0	0
0	2
0	1509
0	1509
256	1234
66	1242
22	9
0	176
90	153
0	8
7	101
2	42
18	88
1	105
10	78
0	33
15	71
0	105
26	55
2	1
13	17
22	4
0	0
1	4
2	0
0	0
0	0
0	0
0	1
4	36
10	36
0	0
0	0
0	0
391	26
0	1
1	0
0	25
40	85
21	26
4	0
10	5
0	0
1	1
0	13
0	7
0	8
22	35
0	11
0	11
0	10
0	1
0	0
2951	2
1800	1
0	2
0	1
0	1
103	152
0	12
2	0
0	112
1	35
0	2
1	1
103	0
0	0
0	0
0	0
9	461
13	454
2	235
0	102
0	232
0	0
0	3
1	3
0	2
119	0
5	310
22	437
0	113
1	49
0	96
0	73
1	1
0	0
0	0
0	0
1534	649
1	16
51	559
0	352
2	437
20	403
0	7
0	107
0	0
2	1
0	1
0	0
0	1
0	1
0	1
4	570
208	576
0	506
5	7
11	1
1340	2740
12	2449
0	113
2	984
0	89
0	635
0	57
0	0
58	0
111	49
61	103
0	2
0	0
0	0
0	2
616	65
6	66
0	19
0	7
0	7
0	0
146	1093
5	1255
1091	2762
66	2265
5	57
1278	3469
10	3256
92	3302
1	413
2	175
5	206
0	39
7	42
0	6
0	257
0	230
26	37
0	492
3	201
0	430
0	17
0	0
0	0
0	20
0	20
47	0
14	196
475	310
0	15
2	80
1	86
1420	958
0	957
2	3
1	3
0	0
0	3
1	3
0	0
372	1368
1	1991
9	946
0	1407
0	414
196	894
16	2043
998	43
5	43
2	0
18	2
359	407
0	477
28	470
19	144
0	131
4	54
0	0
2	18
35	437
4	437
0	0
0	455
49	473
0	61
0	473
12	126
0	140
7	18
0	143
4	94
0	261
0	195
2	141
2	198
3	190
0	184
0	133
0	204
1	108
0	16
0	136
0	131
249	267
83	268
29	269
0	0
5	218
37	295
2	47
0	65
2	61
0	31
1	82
0	7
1	21
0	14
15	0
1	37
17	20
0	11
0	40
0	0
0	0
0	0
0	0
53	1484
250	1777
6	737
309	1341
0	291
34	1244
0	512
3	0
0	352
72	175
0	35
0	49
1	123
1	121
5267	2
0	0
0	0
0	0
0	0
0	8
0	8
0	8
50	1481
1	1475
0	1253
0	439
0	352
0	22
0	118
0	0
16	5
862	2
0	46
0	1
2	47
0	1
0	1
1	8
0	0
0	0
0	0
66	4665
7	13
0	4665
291	630
0	602
0	13
10	32
0	30
0	0
1	0
12	237
0	709
0	2618
0	316
6	3266
0	3276
2	129
0	163
1	3671
0	0
0	6
4	720
0	2
0	298
0	2690
0	3
0	1191
0	5
27	0
0	159
1	4
8	2349
0	33
0	0
2	0
0	3390
7	104
0	55
0	122
0	25
0	107
4	0
0	2
27	1817
0	0
1	3697
749	51
0	4
0	47
1	0
0	0
0	0
130	247
3	247
0	0
1	33
0	0
25	0
0	33
0	0
1564	695
5	695
0	175
0	334
0	477
0	3
34	3
0	0
0	0
0	0
4	0
2111	1668
3	5
1	1235
0	639
7	1662
11	1277
204	72
5	9
0	31
0	42
3	89
73	210
18	6145
6	5127
6	1599
0	6194
0	4318
103	5018
18	3792
10	2849
0	2909
225	4438
0	228
10	1975
0	482
5	0
1	30
44	507
62	2966
4	5799
1583	2
2	547
9	538
1	448
7	433
0	563
9	543
1	89
8	0
60	1066
5	1141
12	8
3	0
1	77
0	17
20	27
0	17
0	9
0	7
0	11
0	9
0	1
0	0
2	1084
3	3581
37	3846
1	1911
11	103
1	162
6	263
0	157
13	443
0	205
0	20
47	1180
0	5
0	7
3	84
0	239
0	9
4	156
1	76
2	1488
20	1521
53	1317
12	1424
5	1392
1	1121
72	972
9	18
4	66
0	400
368	825
4	23
2	12
20	45
0	825
111	0
6	1291
99	1304
1	4
0	635
0	10
1	7
0	8
0	3
8	43
7	4251
60	4054
49	2499
18	4225
1	9
98	261
0	45
0	252
109	109
0	109
0	112
3	45
0	0
0	0
87	457
8	301
0	376
0	238
0	0
0	0
0	0
1	16
0	32
24	3773
326	3741
14	796
765	1027
2	260
0	32
286	1794
84	1702
0	304
1	150
1	67
17	496
7	16
0	9
0	5
44	474
0	320
0	336
0	150
0	121
5	96
0	144
1	1
0	27
5	5
6660	10829
2879	10899
2	2524
0	706
0	815
49	661
31	190
61	2669
69	2395
0	2
0	2
0	0
0	1
0	45
3	27
0	21
0	34
0	29
0	27
0	4
0	4
4	10
75	1695
0	11
1	11
0	86
0	1542
0	38
0	0
9	1604
0	2
0	0
1	342
3	0
7	1785
4	25
180	1616
36	1626
0	783
2	12
9	1
57	25
50	0
346	53
1	39
23	14
34	471
4	441
0	69
21	37
0	21
0	6
0	94
0	8
0	39
813	9446
307	9221
24	1513
17	973
18	0
9	18
20	194
950	405
10	151
4	135
6	97
53	233
6	130
0	83
0	14
17	30
0	10
42	147
0	12
1	151
4	1
0	1
0	0
0	0
0	0
0	0
1	1
0	1
0	0
0	0
0	0
0	1
0	0
0	1842
198	1842
1	0
0	0
0	29
0	13
0	1686
42	174
0	0
0	3
0	3
4	49
3	0
2	775
1	747
0	995
1	1265
3	951
0	23
0	96
5	1211
0	864
0	77
1	161
2	1243
0	747
0	0
0	773
0	1002
1	745
0	0
0	59
0	111
0	38
12	47
57	2
2774	19
0	18
137	4579
1	599
330	4366
2	911
1	487
5	246
3	332
0	262
0	9
0	368
1	246
9	0
6	31
2283	2
32	4949
8	4610
17	717
7	16
30	1203
2	17
0	427
0	1254
1	0
0	0
424	1001
4	960
17	2
0	160
2	0
1	8
7	31
3180	3774
0	3512
0	2458
5	530
100	2633
0	1647
22	80
0	476
5	210
2	26
6	508
1	2
0	2635
6	73
0	73
0	72
0	72
0	13
0	12
0	22
0	19
0	18
0	17
0	3
2	0
0	0
0	3
0	0
0	3
0	0
215	5928
15	16891
0	54912
62	59174
0	29310
0	372
0	3396
3	6937
17	1687
7	180
11	7
54	25
0	54906
92	357
1	90
3	165
20	81
0	44
1	193
18	20
2	80
2	1
35	6502
36	6502
12	6655
0	0
5	8
2	6411
1116	2505
2	551
0	6
17	70
0	130
0	302
247	2258
0	867
0	1319
4	500
0	775
1	769
0	1309
0	728
0	820
492	566
0	40
4	155
1	11
0	116
0	93
0	432
1	324
2	37
2	1357
0	1086
0	773
7	802
0	222
0	597
0	542
0	353
1	0
0	141
0	151
0	88
0	1339
0	1044
0	2056
0	1602
863	2062
296	343
2	42
5	283
1	206
1	48
2	92
0	0
37	131
28	131
0	81
486	1053
93	1053
1	5
0	5
0	4
0	1
0	0
1073	1723
13	779
10	913
0	253
1	1072
1	16
0	1104
2	443
277	286
4	288
0	128
1	0
26	22
0	19
11	2487
64	1397
6	0
3	5
1	110
0	789
1	689
6	149
0	125
0	34
0	2524
2100	1860
3	0
1	1837
0	0
195	1001
7	973
0	267
228	5578
304	1765
0	4600
0	3
24	1
1	0
1	1
0	1076
1	0
3	1
24	22
3	0
0	0
4	22
12	16
185	485
2	485
10	0
43	123
4	102
0	31
0	93
0	13
166	165
5	2
0	145
0	17
0	4
0	0
0	0
0	0
4	19
21	15
5	52
0	0
5	21
877	319
0	33
6	209
4	229
0	90
181	207
0	15
0	45
25	57
0	34
12	27
0	2
0	0
58	7448
0	7448
14	5510
0	6
0	90
5	46
3	0
0	178
2	113
0	7442
0	4198
109	965
0	2861
2	2170
1	165
16	1880
13	1815
5	1774
0	1779
9	579
3	32
0	152
2995	1
6	0
0	0
0	36
1003	1098
9	1001
4	53
23	1869
0	1998
0	202
0	68
5	1528
1	1
1	7
5	18
0	26
46	0
6	0
0	0
0	0
0	0
0	0
11	313
4	281
8	38
7	0
0	55
18	73
1	1
0	7
0	1
3	7
0	7
0	6
8	9
1	22
465	2095
3	867
3	263
86	1726
37	218
0	157
0	6
6	27
21	1043
103	80
0	72
0	10
25	110
0	139
73	521
0	575
242	770
9	232
14	166
0	141
0	2
10	58
0	0
0	571
40	571
6	5
0	470
252	66
0	0
0	66
0	0
0	0
0	0
25	652
27	65
17	468
0	266
0	242
18	195
6	5
21	8
1	370
0	140
5	679
11	679
2	474
169	91
0	0
0	9
0	87
0	1084
2	1077
0	608
0	609
42	124
2	331
19	235
1	93
0	85
0	46
0	93
3	0
21	33
2	76
0	0
0	0
0	0
7	0
0	0
0	0
14	25
4	24
0	0
0	0
0	4
5	3
41	436
1	436
0	63
0	0
3054	112
1	69
5	41
1	0
0	0
0	0
0	0
0	0
0	0
0	0
0	88
0	72
99	339
0	22
3	364
67	187
0	30
0	0
0	0
2	0
1403	3937
1	3937
0	4
0	4
1	634
8	616
0	105
0	38
0	33
0	1
1	3
0	3
0	1
0	3
0	3
0	2
0	0
0	0
0	61
13	61
1	0
0	2
0	666
0	133
10	666
9	5
3	0
31	825
1	1043
0	953
258	406
0	98
0	69
1	113
8	51
0	131
5	188
1	332
0	0
0	0
0	0
0	0
0	0
0	0
0	0
21	34
1	379
34	374
3908	1
79	814
17	40
0	664
13	664
4	322
0	109
2	335
0	366
3	397
0	0
0	0
0	0
0	0
1018	0
0	0
0	0
0	0
2	50
1	52
0	11
20	9
23	77
0	16
0	1
0	0
0	128
0	129
0	90
404	1251
3	1176
0	781
0	86
0	0
0	9
0	1
0	9
0	2
0	0
0	4
0	9
0	5
502	0
70	187
36	192
0	7
2	83
11	36
2	1336
0	1231
1	388
4	158
2	19
2	22
435	535
5	24
0	34
0	79
0	538
4	0
0	0
0	444
14	40
9	1204
0	1282
17	1233
0	20
0	481
0	54
0	167
0	448
8	277
0	0
0	390
0	222
0	61
3	119
0	86
0	45
0	28
0	60
0	579
12	546
0	500
0	36
1	0
2102	39
0	6
0	31
49	1106
30	781
10	557
1	810
0	0
0	0
5	30
0	30
1	2
0	8
0	8
0	8
0	8
0	8
0	8
0	0
18721	15
0	1
354	567
9	278
114	558
0	238
2	5
0	0
0	38
5	39
0	24
0	0
0	0
718	291
1	70
0	221
0	1417
2	210
0	1500
56	1062
6	1408
0	131
13	1216
29	54
10	126
2	61
0	0
0	0
0	0
0	0
0	0
0	3
0	3
0	2
6	3
1	2
0	3
0	2
0	2
94	1024
347	2296
303	2539
51	1039
0	1113
1	211
36	1330
1	77
8	1121
123	1233
8	645
6	723
2	97
0	0
3	34
0	48
30	2825
24	2825
0	40
0	22
0	0
12	25
40	598
0	45
0	77
0	598
0	0
0	0
2445	1
747	1588
6	1588
1	398
0	220
0	221
237	116
4	116
1097	1549
15	243
151	1564
177	1121
2	21
41	404
0	893
0	617
7	210
0	123
0	12
4	117
0	31
0	0
6	96
0	44
0	23
0	7
0	84
0	57
0	42
32	30
278	1869
0	1782
2	263
0	140
0	0
1	0
0	0
0	0
0	0
21	430
1	423
0	423
11	430
0	46
0	19
1	0
3	3
2597	570
0	28
0	540
388	17
1	16
0	2
0	2
631	2880
1	51
0	343
3	2815
28	88
7	3
0	85
4	7
1	6
6	1541
0	40
93	8
3	8
0	0
0	0
0	0
0	0
2	1400
35	1408
0	0
0	8
0	27
614	825
0	478
2	372
1	7
0	11
28	75
32	81
0	64
0	1
0	5
191	1157
37	377
25	506
0	403
40	735
0	179
0	2
0	70
0	68
0	15
0	1089
0	0
0	49
0	0
0	4
0	49
0	0
0	0
0	307
5	362
0	18
0	27
0	51
0	22
0	70
1071	110
1	11
77	45
3	45
3	36
0	9
118	1125
1	123
4	1123
593	3577
13	1983
184	2473
1	11
10	13
2430	3586
4	3572
1617	142
0	142
5	1307
2703	1377
53	70
6	26
6	9
0	17
0	9
88	26427
0	21087
659	23952
7	4
2	1361
0	0
1	0
95	885
9	893
9	743
0	1
2	100
3	88
3	224
644	566
14	559
4	497
0	22
13	1
9	0
110	15
0	47
1	250
0	131
0	0
1	47
634	698
18	68
0	152
0	9
0	731
0	33
1330	32
1	32
287	1731
25	1635
75	1441
0	1648
4	1339
0	1
1	4
4	12
13	789
10	58
6	1398
0	0
0	0
18	59
12	58
0	6
0	48
0	42
2	42
0	0
1	0
1	13
1	330
0	175
0	35
8	212
1	8
0	330
314	110
14	127
6	58
0	0
0	0
1	268
30	275
0	211
1	1
3	49
8	26
26	161
3	1
0	160
4	551
32	497
4	527
5	520
70	32
0	21
7	19
0	3
2	16
0	3
2	31
7	0
16	5
0	19
0	0
0	0
1	524
0	0
15	1597
0	236
2	486
0	490
42	810
46	137
53	530
19	136
0	199
0	0
0	0
0	0
0	0
0	0
0	0
0	0
0	0
0	1
0	1
10	370
0	333
5	19
105	283
0	27
2	89
1	20
2	8
0	0
0	27
0	95
0	0
29	0
1	0
0	50
1	1022
116	1022
0	1
6	2560
226	2640
10	1344
0	110
0	5
0	2920
2526	28
0	0
3	27
0	0
0	0
0	0
798	0
0	163
0	196
4	315
12	177
0	158
9	35
0	0
630	0
0	0
26	95
0	42
0	45
0	45
1	15
2	1
11	39
0	56
0	0
0	0
0	0
0	0
0	0
1	339
3	0
1	339
0	334
79	339
3	2
0	334
5	339
1	80
17	0
28	2748
62	1583
2	277
0	61
3	0
0	45
45	2551
6	1945
1	111
0	12
0	82
14	25
2	193
2	0
2543	1
2558	1055
1	0
1	0
0	1014
3	1
0	175
4	7
131	2678
32	2677
48	1177
36	869
0	0
0	0
0	0
0	0
0	0
0	0
0	0
104	455
2	329
0	255
0	0
0	0
0	0
0	0
0	201
0	202
0	31
0	1
0	1
0	0
1	0
225	20
0	20
2	126
979	13
0	12
0	0
9	2318
0	118
2	1
50	2276
2	177
0	123
0	64
0	21
0	0
3	25
1	150
0	1
3	124
17	503
3	386
3	526
0	486
1200	201
0	166
0	29
0	2
0	4
0	0
0	0
0	0
0	0
0	29
0	29
0	11
0	0
0	0
2	0
205	403
19	305
0	17
0	135
1	41
0	0
0	0
0	3
200	38
1639	38
0	0
0	0
0	0
0	0
0	0
0	0
0	0
0	0
0	0
0	0
0	48
63	1157
23	1171
0	134
0	57
0	26
3	12
0	0
1	16
0	0
4	0
58	0
27	168
0	3
0	0
12	4
6	6
4	9
2	168
0	0
0	0
0	0
0	0
0	0
4	0
1	1
0	2
0	2
1	0
1106	720
9	20
3	47
3	141
0	0
0	2
1	2
0	2
0	2
0	0
0	0
0	0
0	0
2	0
8	461
6	572
1	379
2	393
0	10
3	10
0	40
1	17
2	11
11	230
1	228
4	181
0	47
0	28
0	17
0	27
1	59
0	0
0	17
4	2377
1	611
5	317
1	548
0	711
10	513
34	144
0	501
0	2106
4	1007
1	1630
6	147
35	0
5	762
9	2637
0	2409
133	838
34	463
163	262
0	375
35	39
71	26
0	3
0	5
0	18
0	95
33	177
16	86
36	2728
0	263
2	79
0	1844
0	1871
15	2591
0	2377
0	0
0	0
0	0
163	384
0	343
4	101
9	216
0	26
1	3
1	3
0	353
0	3
137	626
2	9
8	121
1	9
5	7
0	2
7	103
7	4125
0	570
14	207
2	17
9	503
8	92
0	72
0	104
0	141
0	249
117	100
0	99
0	359
1	246
0	313
0	390
10	398
0	398
0	386
2	305
0	28
0	123
3	4
0	2
0	390
14	1
0	0
0	6
0	0
0	6
0	46
2	69
0	61
2	58
0	68
0	46
0	1
3	200
0	319
0	8
0	91
0	272
0	8
0	9
0	76
0	51
0	38
0	96
0	125
0	16
0	0
0	0
3324	2
1	478
9	298
0	233
3	342
1	351
0	32
1	0
16	95
3	0
0	361
16	185
2	173
5	5
0	11
7	0
29	88
29	1773
0	5
15	1771
33	1712
0	33
1	70
0	14
28	3
0	3
6	16794
0	16300
5	10384
0	680
14	1743
4	66
28	2350
1	196
8	395
23	1
240	656
29	647
8	193
9	113
25	23
0	12
0	2
0	9
0	0
0	9
0	0
0	0
0	29
6	30
0	21
2696	180
0	1
0	116
0	61
0	0
1	0
0	0
0	0
0	0
0	0
0	0
0	0
0	0
439	0
4	8
0	8
0	0
13	0
0	0
239	1118
48	1220
15	57
1	371
0	256
1	265
1	1
23	130
0	101
1	71
869	1
0	969
0	0
520	4796
0	18
55	4778
81	490
0	589
0	430
15	131
8	8
1323	2426
16	2411
94	2434
1	678
84	198
71	44
28	0
29	39
1	456
0	572
2	683
0	221
322	396
22	2
0	270
0	160
17	30
0	564
0	0
0	0
881	252
0	224
12	122
2	143
0	142
0	2
13	166
0	28
1	12
20	54
6	36
6	161
0	0
0	26
6	4
0	0
0	3
0	1
1	508
89	825
359	1542
0	93
0	110
0	385
3	1137
0	710
3	709
44	2
87	438
59	350
351	230
0	31
0	43
3	19
0	6
0	0
23	624
12	438
3	410
0	86
8	501
29	486
9	2
0	80
0	0
1	506
11	15
0	506
0	4
0	4
75	963
66	985
0	796
2	3
0	0
0	1
0	1
0	1
0	1
0	0
2	42
2	29
1411	1046
6	621
0	216
2	36
11	678
16	25
2138	791
48	77
115	693
0	862
53	775
1	720
1	111
39	662
0	765
0	72
1	791
0	0
0	0
503	0
168	1433
13	898
73	1503
0	14
0	710
8	75
1	124
20	902
0	873
23	719
0	557
34	63
8	580
0	95
0	0
0	7
2	0
0	0
0	0
0	0
0	0
74	1116
0	0
0	0
2	89
0	10
0	1111
15	647
12	700
18	689
0	75
0	40
8	12
12	1857
43	2344
12	186
10	1058
29	298
10	72
0	118
1	59
0	116
15	46
1256	634
6	126
23	0
1	24
412	39
9	8
5	8
0	13
415	66
0	38
0	62
0	7
6	18
0	322
1	330
1190	353
0	70
0	4
0	4
0	0
0	0
0	0
2947	156
3	71
0	40
5	60
274	1426
0	798
0	1338
0	2495
0	2135
16	2287
27	1377
0	122
0	86
1	369
0	464
94	2212
0	72
7	184
4	196
0	788
0	594
0	690
5	130
0	705
1	13
1	37
1	39
4	705
0	543
1	1
2	103
1	447
0	152
6	246
0	121
0	116
32	815
3	282
0	0
29	31
1	31
575	0
44	523
0	388
0	288
0	20
0	236
0	95
0	1
100	253
0	224
1	33
1	201
27	230
0	8
3	36
8	36
0	43
3	22
0	4
27	34
14	6
2	16
0	0
1	0
0	5
0	5
0	0
0	5
66	2832
4	2900
22	3456
72	1774
0	3065
158	2451
1	828
28	289
3	2759
9	2366
2	564
5	1
0	1
0	3
0	531
7	439
0	595
0	460
15	517
1	10
0	175
45	84
0	380
11	123
2	2
14	77
0	30
4	203
0	78
58	19
0	28
25	28
0	530
0	599
0	0
522	309
2	303
5	10
0	0
0	0
1	4
0	0
0	0
0	2
160	208
0	211
32	181
0	55
37651	12478
3	2355
2	5952
13	2886
2220	481
0	362
1	135
605	0
3	2236
8	605
2	7
0	2236
532	2686
292	2686
16	0
0	0
0	0
0	0
0	0
0	0
0	0
16	12
0	0
0	12
0	4
0	4
0	0
0	0
0	1
0	1
0	0
0	0
4	284
0	277
1	268
651	428
1	428
45	265
0	36
0	0
0	0
0	0
464	0
20	0
0	0
0	0
2	309
0	896
15	938
46	906
3	884
0	115
0	138
3	21
11	4
0	22
651	2130
54	1024
13	1606
33	359
0	5
0	892
0	307
19	4
0	4
0	153
12	153
6	156
0	36
0	169
0	34
0	144
182	340
0	318
2	50
0	3
0	22
1207	3
0	0
0	0
0	0
0	0
1	0
2	0
0	0
22	70
44	91
0	6
6	103
2	88
1	0
1	2
1	6
0	0
6	6
81	496
9	490
8	1197
10	1481
0	1737
1	78
10	248
0	94
1	252
0	210
3	214
11	46
22	540
0	0
0	563
1	176
0	240
9	528
0	530
10	7
0	7
0	0
0	0
0	0
0	0
0	0
0	0
0	1
1	1
0	0
0	0
0	1
1057	1569
3	989
9	157
13	1
0	1468
1026	1
12746	9506
0	5392
0	8334
32	2727
3	5270
1	22
5	21
0	15
537	530
11	449
8	538
1	0
1	67
0	393
0	0
0	0
0	0
193	1582
2	1229
31	477
4	414
0	9
4	2
0	1
6	38
1	0
0	0
0	5
0	4
0	1
0	0
0	2
69	977
48	601
18	696
27	118
11	5
0	4
9	283
9	190
1	130
5	257
0	54
0	121
0	86
0	224
1	64
0	157
94	165
815	3
0	509
0	479
15	323
24	59
2	205
9	0
9	35
0	480
5302	5520
0	4957
0	3019
28	3482
0	1814
9	837
0	126
3	765
2	783
0	813
1	81
0	37
0	19
54	42
1	33
7	14
4	35
0	35
0	2
0	0
0	0
0	0
0	0
0	0
0	0
0	0
0	0
0	0
2	727
11	625
9	564
8	747
1	218
1608	9
0	6
16	1
3	85
1	19
1	74
0	5
2	29
0	21
0	221
0	21
1	0
0	1
0	25
0	0
0	0
0	0
9	102
0	102
0	0
0	147
6	69
0	159
0	47
0	53
743	255
2	4
11	495
0	236
6	227
5	246
0	210
0	251
0	133
7	484
0	0
0	0
0	0
0	0
0	0
79	73
1	73
0	2
0	25
0	0
0	0
0	0
0	0
0	1
0	240
468	271
0	32
0	1
1	12
0	0
0	0
0	0
4	481
2	217
0	397
0	40
0	42
4	18
0	121
6	54
20	145
0	91
0	0
0	0
669	6749
176	6749
4	7
0	1
0	6
0	0
0	0
0	0
0	0
0	0
0	193
11	613
21	1191
122	1191
1361	145
37	138
0	9
24	0
4	161
0	151
7	135
0	0
0	6
0	75
1	6
127	333
9	333
3699	1485
5	814
3	1340
2	41
14	148
38	0
0	0
24	216
7	216
0	53
2	14
0	58
0	20
0	1
12	47
0	0
2	47
4	23
46	40
0	39
7	4
25	7
0	0
0	19
0	1
0	3
0	19
0	19
0	4
0	19
2931	1
3	71
2	104
3	190
744	192
1	12
0	0
0	0
32	146
0	124
7	161
3	85
0	25
209	1354
1265	1525
4	650
24	607
0	170
0	0
0	1332
0	0
0	0
0	0
0	0
0	0
0	0
7	0
0	0
0	0
0	0
0	0
131	1212
8	1185
9	46
0	23
8	4
0	0
316	44
14	44
0	43
12	23
0	19
0	2
3	11
0	11
16	721
8	198
1	47
8	14
0	712
0	414
450	1593
20	1387
0	4
0	266
1	137
88	440
0	0
0	21
0	153
30	4271
8	4271
144	4292
1	1
0	19
0	3
4038	0
18	0
0	469
5	401
0	118
0	118
0	13
4	49
52	0
1179	744
3	738
0	20
0	337
2	865
1048	913
23	239
0	0
0	48
5	88
0	88
16	0
0	4305
71	4287
11	2183
53	1674
5	63
14	3
2890	86
0	85
6994	1991
1	1641
1	208
0	330
0	0
0	0
0	0
0	0
0	0
2415	371
2	216
2	156
2	47
234	19
0	19
208	244
0	230
0	227
0	36
0	16
2	0
0	0
0	432
35	466
1	99
0	5
0	34
0	87
4	88
0	63
0	0
0	12
0	0
0	1
0	0
0	1
783	764
0	39
3	28
21	3756
1	2731
0	2886
3	3082
35	206
0	2720
37	1039
0	2653
538	13723
47	10391
0	3830
5	4810
12	11409
7	3143
9	3
32	186
7	3
5	164
0	158
0	11
0	2
0	0
0	0
0	364
0	0
786	364
0	0
0	0
3	376
3	122
4	7
3	10
17	337
6	40
6	114
0	33
2	33
321	191
0	22
3	10
0	10
0	0
1	2
0	0
0	0
0	0
0	0
0	0
0	0
0	0
0	1
0	1
0	0
0	9
1	9
75	4
3	4
9	0
36	322
0	38
0	2
0	338
0	1
2	1
0	0
0	24
0	24
0	26
0	25
0	13
0	8
0	28
4	3200
147	96
0	3151
23	2117
0	2113
12	300
0	134
1	41
1	12
4	247
0	2443
0	2594
0	2591
13	3841
44	4062
5	3820
0	1354
1	0
1	394
7	1993
2	108
1	573
0	539
0	145
2	406
23	658
0	217
0	203
1	127
10	268
2	0
37	59
8	51
0	39
0	7
0	5
0	5
0	0
671	77
6	5
11	8
0	64
3	12
6	12
14	990
0	845
0	44
1	46
1	976
0	1
0	579
0	596
0	58
13	194
0	107
1	12
0	0
544	358
7	282
4	75
8	464
16	608
0	8
33	614
8	241
5	374
1	195
0	81
0	86
0	55
5	62
0	13
0	0
15	6933
98	6096
0	1878
44	1310
13	1050
11	1200
0	616
17	1950
13	430
41	640
31	266
2	545
1	679
5	1186
0	90
1	90
0	89
3	91
0	9
0	0
0	0
0	28
0	27
0	0
4935	4117
481	617
0	78
88	908
0	707
23	19
11	840
38	1748
0	222
0	3
1	353
3	189
3	335
0	306
0	24
9	91
0	3
2	39
103	759
143	643
18	759
0	639
3	8
14	1728
0	1383
31	1215
0	191
0	1018
1	1046
0	1146
2	1018
1	1046
1	17
0	71
1	118
9	670
22	724
4	34
2	19
89	0
0	714
16	754
48	471
16	531
0	0
4	517
0	26
0	20
2	40
6	680
0	679
0	0
0	0
0	0
0	0
0	0
0	0
0	0
1	0
0	0
0	0
0	0
0	0
1	488
7	16
171	946
3	190
14	17
0	3
7	284
74	466
1493	81
0	0
0	15
0	8
0	57
816	3702
2	3702
1	0
321	64
2	37
0	27
14	80
760	81
445	1
0	0
1	35
0	9
5	892
2712	1102
0	0
51	206
383	62
1	43
1	19
1877	4860
14	471
0	563
0	3660
0	609
1	315
7	42
1	281
3	216
1	316
2	5
9	73
16	13
0	31
0	6
0	3
2	168
1	187
5	183
1	182
0	183
0	11
0	5
0	17
0	16
0	14
0	1
0	0
0	0
0	183
8968	2763
3	1887
121	2594
4	791
2	189
60	4
4	0
9	277
0	44
2	234
13	1
0	1
11	48
27	39
5	48
6	1
0	1
0	0
315	1211
11	32
269	1181
3	28
3967	5
3	1109
0	1213
0	1111
0	45
0	1206
1	0
12	902
14	95
37	50
0	5
17	918
3	130
1	2
0	14
19	5
34	332
34	341
1	33
4	0
111	124
0	16
15	82
11	8
1	7
1	20
0	41
0	41
1	9
117	572
122	795
4	688
0	0
0	0
51	933
28	209
0	14
0	0
2	44
9	23
0	1455
0	1377
0	20
0	8
0	51
0	52
0	8
1	36
15	617
3	170
0	394
0	82
2	532
0	49
0	0
50	58
0	20
0	0
0	0
0	0
0	0
0	0
0	0
1	0
0	0
0	0
2766	5
28	5
0	0
44	654
2	559
0	641
7	562
1	0
4	7
0	0
0	0
0	0
0	0
1755	1
0	15
0	6
0	16
0	4
0	10
0	0
1	19
1385	2418
0	19
2	1827
0	1441
0	2031
0	1563
0	448
0	1304
0	959
0	1265
0	110
0	845
0	447
2	519
1	399
3	0
0	47
2	3
2125	3
190	837
3	787
1	103
0	0
0	38
0	1
16	12
4	0
0	11
0	14
0	1
0	6
1	5
0	0
3	9
0	15
0	0
2	12
0	1
0	5
1	1
0	18
48	2364
1	842
0	1606
539	2241
17	2070
4	0
0	1
2	171
4	247
24	173
0	2241
1	837
23	861
28	849
17	825
0	215
0	130
2	18
2	0
4	0
1	5424
4	1502
61	389
0	5415
0	0
0	0
397	3
8055	962
5	768
1	314
0	298
7	4
38	383
9	331
3	301
0	7
0	12
0	0
0	130
0	0
0	1
0	8
0	186
0	0
1	35
0	0
2	1
0	8
363	324
113	329
0	242
13	329
180	36
2	16
4	6
1	11
6	13
5	3
3	138
2	137
0	3
5	0
0	0
0	0
0	0
0	0
0	150
14	154
8	153
0	34
3	15
270	789
0	8
0	239
2	636
0	78
0	192
1	27
0	18
3	410
9	6
2	298
0	1463
24	1445
0	885
0	397
17	1428
0	39
0	0
2	11
0	1436
0	0
2	422
41	656
4	542
0	169
0	0
0	0
0	0
0	0
0	0
5	520
0	0
17	560
12	402
1	152
0	62
0	434
1	423
0	484
0	349
0	151
11	7
5	12
0	111
0	66
1	23
1	5
133	0
422	788
1	76
6	26
7	22
2	27
0	681
0	50
1	48
0	167
0	3
0	3
96	818
6	90
0	379
10	441
25	2
1	81
593	44
1	44
212	29
0	0
1	3
0	0
1	26
0	0
15	315
11	268
0	1
8	2
1	306
0	15
4	19
0	16
0	16
478	90
3	0
17	90
0	141
0	1313
0	1324
0	703
0	660
0	1
0	101
0	179
1	257
4	110
4	146
0	146
1	115
0	10
1	10
2	6
1	13
1727	921
0	542
1	466
0	116
0	70
7	0
0	171
8	16
1	9
0	246
658	334
1	334
2	158
0	0
0	32
17	32
0	4
2	23
35	140
8	49
0	127
0	1
62	786
0	94
0	2
0	30
32	716
69	56
0	4
4	56
0	0
0	0
5	5
292	5
3	1
159	135
22	135
0	7
2523	3
1	3
6	6
0	3
20	6
0	3
4	1
1	48
34	49
0	0
0	13
0	0
0	0
2	0
0	0
0	0
0	0
0	0
0	0
494	44
1	44
32	0
5	5
14	418
14	1171
520	1412
2	126
0	70
0	70
1	377
38	723
3	4
9	385
368	2089
11	1893
1	1
10	389
0	193
0	238
31	399
1	338
0	203
1	0
8	113
0	32
0	123
0	152
2	372
3	1131
0	382
0	0
0	34
1	156
3	745
0	925
0	25
0	107
0	102
0	1131
0	1136
0	1130
0	1064
1	2157
135	2156
11	68
9	15
76	8
0	199
40	199
5	200
0	1
65	406
0	405
2	1
0	2
0	21
0	4
0	17
253	33
0	33
4	4
4	0
0	950
0	906
0	0
0	0
0	0
3393	4947
24	4816
0	3341
0	450
5	424
6	219
1	15
1	1
0	6
0	3
0	11
5	2
0	0
77	496
4	419
1464	505
0	95
0	0
1296	3320
9	90
6	3285
3	686
155	810
3	0
451	724
3	227
39	122
2	100
7	649
0	202
55	226
3	198
0	198
0	84
18	423
0	412
7	84
0	0
756	713
0	6
0	445
0	446
38	473
0	147
0	140
0	152
76	10825
0	1434
0	129
1	117
1	715
1	12121
0	12138
0	38
0	7
10	62
12	1015
99	1235
0	11025
1	49
1	20
22	2670
0	5910
0	75
0	363
7	323
0	11474
21	0
0	0
0	4
2873	3335
2	1617
0	3726
8	79
35	303
2	113
18	11
0	0
0	8
1	3
0	0
0	0
0	0
389	1255
0	888
1	1
0	910
0	77
5	507
114	69
1	14
0	14
0	13
538	0
4237	2465
19	2461
0	1754
7	540
1	1449
16	0
0	0
954	186
0	15
0	170
0	13
0	0
0	0
0	0
0	0
0	0
2	1930
338	2681
75	767
27	558
8	600
9	531
67	159
40	0
0	0
12	526
14	499
19	405
0	77
0	5
0	121
0	231
0	74
2	5
0	0
0	0
31	1808
125	1808
3	44
6	175
3	221
1	0
0	37
1059	256
0	256
62	625
22	1016
20	734
22	23
0	35
10	70
2	330
9211	2375
0	2140
39	428
2	99
0	1
0	0
61	1005
65	910
6	923
0	35
31	448
0	0
0	2
0	0
8018	5702
0	5159
0	3271
5	312
0	0
0	0
0	0
0	0
0	0
0	0
0	6
222	314
1	314
0	0
1	50
1	2143
0	0
526	2224
17	2223
0	17
0	0
4	0
0	0
0	0
0	0
1800	327
1	293
0	34
116	2
0	0
0	0
0	0
0	0
0	0
0	0
0	0
0	0
137	415
15	415
0	91
1	5
0	18
0	9
92	100
24	99
555	6644
24	14
14	11
0	5
0	5
65	6644
660	6185
26	4067
524	6452
9	6185
5	2058
1	8
8	29
8	28
43	6221
11	1125
0	13
0	13
10	2
0	0
0	1
0	1
0	1
0	1
0	0
0	0
0	0
0	0
65	34
3516	1571
4	500
0	1056
0	8
40	88
43	103
2	799
0	0
0	0
9	73
0	73
0	3
0	0
0	17
0	72
0	23
8	40
2	0
0	40
27	0
6	21
233	70
0	116
1	153
1	148
0	151
1	46
0	16
0	27
0	19
2	13
0	23
0	0
513	398
0	397
21	309
4	23
482	22
0	22
18	1396
27	1063
34	1269
0	1150
0	1046
50	1041
76	109
2	91
0	98
0	9
0	102
4	421
35	425
2	53
12	2
9	425
0	922
0	103
0	0
0	1161
0	894
0	569
2	86
3616	355
0	177
0	168
0	0
2270	627
0	503
2	477
7	6
6	5
4	921
461	336
0	333
0	0
2	621
0	40
0	601
4	37
6	0
10	508
0	86
0	601
2	1739
11	890
352	1594
18	1532
25	1547
6	676
0	41
0	100
0	770
0	713
0	75
0	71
1	706
0	362
1	26
0	314
6	573
0	18
0	504
2	569
0	7
1	20
55	903
6	671
0	799
113	1616
304	1575
67	40
4	523
0	0
3	933
0	1339
0	517
1	517
16	430
6	353
217	1159
9541	7
34	373
0	304
7	118
0	161
0	3
0	310
1	95
127	1922
6	1972
28	297
0	5
0	4
0	4
1	5
0	2
0	3
0	3
0	0
0	0
537	641
0	60
2	578
3	0
1807	1180
0	184
21	1098
45	1
2	0
10	0
0	234
12	1496
0	804
4	719
0	450
0	592
6	290
6	988
1	652
2	583
6	262
3	213
0	1
7	280
34	3
14	325
1	2
61	0
0	1
0	1
0	1
0	0
0	0
0	0
1134	618
6	521
5	503
133	348
0	24
63	3509
0	3639
12	0
0	3
0	295
1	111
0	0
0	0
1032	511
0	63
45	18
0	104
5	79
0	504
9	0
0	0
0	0
16	9
0	9
0	0
1799	1
1098	428
56	428
11	53
2	3
1	85
0	12
0	1
15	11
0	0
0	0
0	0
6	68
0	68
0	0
0	2
0	8
3	10
346	0
11	510
0	2
5	19
36	22
0	0
65	29
4	408
1	105
2	96
0	928
14	265
9	2
89	1064
40	56
2	46
1	56
723	2363
124	259
67	2104
0	0
30	345
110	346
4	101
2	1
5	0
28	1724
25	2048
7	1927
2	4833
32	4953
3	397
19	88
1382	2497
0	243
1744	2454
202	1369
0	1
0	1
0	1
0	1
108	0
102	2101
1	1025
163	2191
24	2136
6	143
0	1245
4	604
4	712
1	974
256	815
3	37
16	924
10	258
6	585
0	5
8	83
34	12
1	64
18	116
5	28
1	5
0	201
0	1288
4	1199
9	1145
6	1153
3	0
25	310
71	201
0	2
3190	3163
2828	3163
10	7
0	7
1	0
0	0
0	0
1	0
0	0
0	0
776	34
0	0
1	33
13	73
87	73
31	73
430	100
0	100
0	1
0	80
0	35
16	320
2	378
22	4
2	247
1	34
24	0
0	23
0	3
0	3
62	24
18	21
4	3
0	0
30	790
0	40
1	15
3	23
0	62
0	0
2	4
0	767
1	798
0	858
3	140
26	52
1	56
2	46
3	105
0	106
0	56
115	87
10	96
0	70
0	86
0	57
0	150
41	236
0	225
0	40
0	146
0	4
0	7
0	0
0	122
1684	731
1	0
0	62
0	41
0	685
0	136
1	1
0	1
0	0
0	0
0	0
0	0
0	0
0	0
0	0
1	106
209	112
0	111
1	14
0	12
0	1
0	11
0	10
0	10
0	11
0	1
597	49
0	19
0	0
0	29
0	12
236	78
1	61
0	15
0	15
6	12
200	13
178	8
0	0
0	2
0	0
0	0
2	0
5	350
93	1224
149	126
7909	4960
56	262
4	1370
0	2657
944	20
0	0
0	0
0	0
0	0
0	0
0	0
0	0
0	0
0	0
0	0
0	0
106	389
13	330
81	92
26	44
24	467
521	469
17	129
4	109
0	11
1	97
0	73
3	57
2	8
4	36
1	6
4	6
0	8
0	6
0	1
0	2
0	1
0	1
0	6
159	1806
9	1695
91	1747
4	15
132	974
1	0
11	44
0	14
2	124
12	13
3	7
8	120
0	26
13	226
8	347
0	404
1	217
0	1
0	1
0	1
881	2858
0	690
0	2148
12	404
2	26
0	562
2	684
1	919
106	308
4	380
0	10
0	318
0	539
20	414
0	127
0	111
5407	23
5	0
1	22
0	15
0	0
0	0
0	1
0	1
82	746
0	615
0	317
0	0
1	23
128	1551
126	1551
21	0
180	2971
55	2387
0	2797
3	2368
2	1655
5	1419
10	53
0	0
0	310
0	421
1	756
0	346
14	148
0	468
0	73
0	313
1	62
29	0
0	113
0	2
0	0
0	0
0	114
387	63
2	63
0	1
1	12
0	12
14	14
410	218
7	163
0	32
1	28
0	0
0	1
0	0
0	1
0	248
4717	5
2089	7
0	4
0	3
6	459
1	30
0	6
0	3
0	190
0	3
0	0
2	0
0	0
0	0
119	1
0	0
2	0
0	0
0	0
0	0
15	430
1027	1455
31	510
0	245
45	525
0	347
22	113
0	181
0	10
54	350
0	114
0	507
0	0
9	14
1	14
10	0
0	0
0	1
0	0
0	1
0	0
0	0
0	0
0	0
0	0
32	0
0	0
13	887
40	1732
2	652
11	3
12	105
0	24
15	382
14	518
3	89
9	105
2	89
2	229
3	2
0	586
31	633
100	633
1035	28
13	25
10	36
0	47
21	25
313	1079
0	0
0	0
8	1034
7	319
3	687
11	900
5	123
87	664
9	82
11	78
0	0
1	0
0	78
0	13
0	1
0	2
0	1
0	13
0	14
1	214
4	313
1	269
0	56
0	19
0	235
2	47
2	67
4	7
926	255
2	141
4	46
1	4
49	66
142	373
10	254
0	336
7	69
5	4
5320	530
0	529
0	0
0	0
0	0
0	0
0	0
0	0
2364	1
2781	2
16	167
0	167
0	3
1	568
41	615
0	0
0	283
0	32
5	0
0	0
0	78
375	3639
10	240
3	0
0	4
1	3639
0	11
5	0
131	11
0	0
0	10
9	10
544	74
0	74
0	259
2	420
0	263
3	389
0	401
0	1
0	147
0	53
10	20
0	41
1	2
0	9
0	404
789	3604
5	2761
222	142
0	949
442	1934
0	1481
16	649
0	6
7	0
1	3
397	1728
0	6885
681	7495
56	1583
18	157
0	159
0	159
1	2709
59	2470
42	1658
4	256
6	0
0	647
0	0
0	0
22	692
3777	694
102	3361
76	3348
3	10
43	2813
65	236
7	235
0	2
33	1197
44	1376
0	165
1	800
1	122
31	10
7	411
0	5
0	2
3	582
215	540
5	3
4	151
0	341
1	510
0	0
0	86
2	128
0	582
5	0
6	5113
32	8406
8	6538
2	2282
1	304
79	178
18	90
33	71
6	9
4	81
7	13
0	6
0	5
0	6
0	5
1	0
0	0
0	5
0	0
0	2
0	2
0	0
0	0
0	0
5	6
0	6
0	0
0	5
0	6
0	0
70	232
137	232
117	424
37	424
0	34
1	6
0	0
0	4
0	4
0	0
0	0
1	1
0	3
235	154
0	96
28	125
0	6
0	5
0	0
0	0
0	2
16	2311
2	2130
0	1952
0	1551
6	151
0	87
0	449
24	277
0	0
0	0
0	0
793	160
102	160
0	0
0	0
616	1839
0	1629
0	461
13	242
2	0
0	0
0	0
2993	245
17	133
2	242
3	0
35	55
1	38
0	4
0	11
0	34
118	361
2	53
1	309
2	35
0	0
0	0
2132	2439
3	2342
0	0
0	0
0	0
57	36
0	5
3	1
1	30
0	0
2	882
481	974
0	0
0	98
2427	1
0	0
2	0
0	0
0	16
0	162
0	7
0	10
0	0
0	1
0	0
0	155
1	173
0	3
4	273
7	30
1018	586
0	583
1	3
610	20040
11	16335
2	8365
33	32
13	5209
2	0
652	16056
20	714
1	57
23	3
8	117
10	24
0	18
5	14
0	1
0	4
0	2
2	1
36	223
112	221
4	202
1	238
4	285
1	22
0	89
0	21
1	143
0	0
2084	1370
16	407
5	764
3	330
6	65
282	127
0	126
106	65
0	57
4	113
1679	109
0	107
162	4511
0	3985
11	4689
0	547
0	576
0	180
9	18
0	54
0	4016
0	0
0	0
582	1549
2	1549
77	2923
132	2919
40	429
0	10
5	35
0	369
4	100
0	639
0	63
0	76
2	74
9	76
311	558
6	538
6	550
6	132
0	304
0	0
76	761
0	587
3410	747
0	68
3	2044
43	1983
3	1978
0	618
2	192
0	35
0	22
0	0
0	1410
22	30
0	22
0	21
2341	122
33	122
0	960
5424	967
0	0
2	1
0	1
0	0
306	5490
1	429
4	1166
3	1024
287	4107
0	3879
11	1102
0	27
1	117
0	100
0	101
2	76
0	7
0	17
0	6
0	1
23	398
0	183
16	325
3	14
8	35
0	97
1	6
3	2417
54	1488
4	252
0	51
18	27
1	4
2	1059
597	143
1	57
0	72
0	54
1	9
3	1
0	5
15	327
0	282
0	160
0	160
0	24
20	38
0	4
0	4
5	308
20	308
9	176
0	11
0	0
4937	72
11	64
0	49
0	53
4	37
0	17
1	8
2	1
178	36
0	29
3	926
1	926
0	33
138	5348
4	4
0	1001
5	4871
0	6
1	2556
16	321
0	0
0	0
1130	2
20	0
393	382
0	274
0	58
0	168
23	0
22	76
5	18
5	236
0	236
0	0
0	0
6	2
0	2
0	1
0	2
0	2
0	0
202	32
0	9
0	23
77	17279
0	17345
12	5375
0	16307
0	16500
3	29
0	29
14	894
0	5
0	0
36	3
2	5
12	939
0	79
5	4
1	669
2	10
0	937
0	937
5	729
12	1521
1	663
8	1247
7	1504
3	680
0	1261
6	145
0	40
0	72
2	481
1	966
1	114
1	111
0	474
1	1279
1	478
0	0
1	0
713	1904
0	555
0	0
22	30
1	11
9	1891
8	30
0	1901
0	4
0	1
7	3482
125	4497
0	456
0	17
2	939
42	3502
0	625
0	380
2	141
1	919
2	126
1	1676
110	1693
0	19
1	74
0	34
1	8
0	1676
1	1980
0	0
2	28
0	0
814	1102
0	100
15	10
8	1104
2	823
1	1101
0	0
0	0
0	0
1714	0
0	0
468	1
0	1
0	1
0	0
0	1
0	0
0	1
0	2842
0	141
80	1964
4	14
0	13
0	12
1	13
1	0
0	1
1926	946
0	130
1	158
1	71
11	732
0	16
8	530
0	57
1	10
2	72
1	126
0	0
0	0
0	0
15	0
57	441
139	440
2	428
0	0
13	0
0	0
12	0
651	0
5	284
0	103
0	31
0	36
3	21
0	298
0	20
0	20
2	0
0	0
318	0
0	0
0	0
0	0
94	210
0	5
0	188
10	11
5	3
0	196
1	0
29	0
0	0
456	243
0	141
0	5
0	0
0	32
11	81
1	0
1	76
0	178
6	310
0	260
0	137
1	174
34	359
6	26
5	0
0	36
48	296
107	351
0	308
2	0
0	9
3	70
22	149
3	47
2	26
0	28
0	28
0	28
0	28
6	9
0	4
0	0
3	426
1	286
0	0
1	10
2	0
1	259
0	376
288	1137
6	1089
4	882
22	9
1	41
0	42
0	84
0	26
0	45
1	49
0	4
0	0
0	0
0	0
0	120
0	301
28	311
0	97
23	8
273	0
337	7111
969	5980
207	6431
1	0
0	7
8	0
0	641
1026	1481
330	254
0	105
0	3
0	150
1253	54
3	28
2	17
2	22
0	2474
32	1670
0	181
0	1907
0	447
0	1269
0	1269
0	0
0	0
0	0
4	0
13	1307
112	783
0	1195
0	289
0	0
1	93
7	529
9	0
15	0
40	0
12	0
0	0
31	0
0	0
0	1
0	1
0	1
0	0
0	1
0	0
25	0
0	0
0	0
0	0
2	0
0	3
0	2
0	3
0	2
0	1
0	0
935	575
4	573
1	13
0	200
0	1320
3	1565
0	1129
1	991
1	742
7	1131
0	1138
0	847
10	930
0	972
0	369
0	314
0	0
2	43
35	36
528	792
2	246
7	724
0	66
1	77
39	256
1	0
748	1306
7	1194
0	1192
39	1146
0	1041
0	921
0	806
0	0
1	40
1	0
0	105
2	97
3	3067
219	396
25	396
4	177
888	178
25	41
8	99
0	0
0	0
0	0
84	707
0	707
18	4
0	4
0	0
0	0
1	3
0	0
3	148
1	120
1	16
0	9
1	157
91	40
0	40
0	12
0	0
0	11
2223	1
231	266
23	266
0	0
0	0
0	0
0	5
0	5
0	0
32	228
0	371
0	256
2	235
1	10
1	0
0	88
0	0
0	8
277	464
0	464
0	4
1	1245
45	1262
30	15
0	7
0	8
1	114
1	6
0	24
0	114
1064	612
0	609
0	529
67	514
0	168
0	66
1022	372
0	375
0	342
1	3
1	19
0	15
3	1784
6707	1787
8	1019
21	862
337	865
20	68
82	871
3	462
1	376
6	54
0	4
0	1
334	84
26	57
225	2795
10	267
0	658
0	582
13	2311
20	398
4	402
145	0
0	0
394	157
1	0
2	9
6	43
0	2
5	33
0	1
2	15
1	26
0	49
2	0
1	32
1	33
0	6
0	6
0	10
10	880
0	907
0	937
0	900
30	905
2	863
9	4145
7	105
2	1
26	911
61	24
5	685
2	491
22	3
4	306
106	517
1589	501
52	26
749	283
0	151
0	132
26	35
2	35
33	41
19	39
0	0
0	0
0	0
0	0
0	0
0	0
0	0
0	0
494	576
0	17
173	558
1	179
0	2834
110	837
0	2736
18	3810
5	1039
0	355
2	667
0	683
0	1113
15	2242
2	107
0	756
155	241
0	92
12	215
0	0
101	401
29	399
0	85
2	103
0	0
13	150
0	3
0	20
1	0
1	8
2479	431
29	431
1	4
3	84
124	3
0	3
23	118
4	1
7	118
5944	144
0	136
1	1
0	1
1	0
443	1037
0	1
0	1036
0	79
3	0
0	69
58	770
2	32
0	145
719	745
5	66
0	47
5	256
89	612
0	121
10	216
1	404
35	490
5	0
0	110
10	123
999	148
186	320
15	252
18	20
2	54
0	0
0	0
8001	11
7	9
3	152
0	149
0	178
14	176
0	185
0	76
1	48
3	50
0	1
3	34
1	136
0	0
1009	745
0	725
6	574
3	349
0	356
0	48
16	23
29	0
2	13
4	37
0	8
4	0
2	4
0	0
0	0
0	4
33	266
5	75
221	209
0	187
70	5630
85	5735
0	6282
11	67
0	4133
2	29
0	283
1	28
0	487
1	6
0	1129
248	560
4	530
0	30
0	9074
86	9527
6	9424
220	5367
12	5741
3	5591
92	5167
5	865
44	41
2	6
0	0
1	0
0	0
0	2826
0	3297
27	1623
310	2206
0	2709
0	1828
2	505
0	3293
0	1907
0	446
2	321
15	1172
103	3199
0	2029
0	2816
0	2800
10	222
106	3705
0	3661
22	235
0	2135
19	2403
56	1969
1	112
5	1
0	2372
9	54
0	33
0	0
0	51
0	51
0	51
13	15
4	8
2	1
1	3
0	3
72	0
8	485
44	518
0	40
6	82
0	0
1	0
0	0
1	0
0	10
3	13
2	10
1	28
0	27
0	27
0	10
0	24
0	0
0	2
0	0
0	0
0	2
0	2
0	2
0	1
0	0
0	0
0	0
0	0
0	0
0	0
0	0
0	0
0	0
0	0
0	6
0	2
0	0
0	6
0	0
0	3
0	0
0	3
0	5
0	1
0	0
0	1
0	1
193	0
0	0
0	0
0	0
8	721
0	364
231	719
16	0
6	2
29	373
18	130
3	89
0	721
55	380
45	1255
10	31
2	94
31	1295
0	0
1	165
10	6
0	1
0	5
0	1
2	0
11	0
0	0
0	0
0	0
3	261
3	246
0	133
0	245
3	6
0	33
0	4
0	0
0	245
17	1341
0	10
1	4
0	1337
22	59
0	206
1	0
0	15
238	736
0	1322
0	0
0	0
0	0
0	0
0	0
0	0
0	0
0	0
0	0
669	555
5	554
2	416
1	884
40	1056
9	438
24	459
0	0
0	0
0	0
0	0
0	16
1	16
1	16
4	15
191	24
1	24
0	0
2307	2
0	0
47	2243
18	1346
0	437
0	436
1	192
123	2272
0	135
7	4
9	4
5	0
0	0
0	0
0	0
0	0
0	0
0	0
0	0
0	0
0	0
0	1
0	1
0	4
1	4
2	134
4081	210
2	167
214	0
1	0
42	1075
9	927
5	5
14	438
3	855
71	360
6	903
3	133
0	5
0	109
12	109
8	0
35	109
0	0
46	550
33	544
1	54
3	66
1	11
0	8
2	0
1	1
0	0
832	2
562	89
1	88
1	33
0	43
0	63
0	54
4	31
0	1
382	0
4	1416
0	117
0	13
0	9
1	6
0	58
13	1298
26	57
2	1
1	23
0	0
18	78
1	22
0	1
1	0
0	0
2	0
1311	777
22	765
0	307
0	20
7	0
200	1206
0	265
9	256
0	162
4	69
0	3
4	1194
1147	3
0	1666
0	2010
22	2024
0	1783
3	307
7	215
1	254
0	230
0	175
48	2094
1188	1786
1	59
3	46
3	102
24	1661
3	307
1	62
1	2
0	2
64	2578
51	2396
0	1186
4	524
264	283
14	55
0	0
6	0
0	1
0	1
0	0
0	0
0	1
0	1
0	18
0	18
188	168
6	22
0	154
0	0
3	143
0	70
1	119
0	0
0	72
0	53
0	52
0	44
4	4
0	2
23	16
0	5
0	16
0	16
8	2
223	116
0	22
0	83
22	68
1	48
11	68
0	15
1707	347
1	9
0	16
14	19
0	12
4	201
0	0
0	132
5	0
241	81
0	45
2	32
0	1
0	0
0	0
1	172
0	173
13	175
9	173
0	1
5	0
1	0
0	0
413	498
134	449
4	49
275	1217
1	1216
2	59
0	41
111	15
0	1
49	0
62	21
58	400
0	400
14831	347
22	330
2	1
703	1
1705	170
0	22
3	45
0	4
0	95
0	7
3	525
183	528
0	0
0	0
0	0
0	0
5	87
0	87
0	0
0	12
0	0
2	93
1	93
595	329
4	329
25	1322
27	1274
11	651
23	134
0	70
11	63
58	302
1	23
1	692
1	649
0	659
0	640
0	34
0	13
1	663
0	0
0	0
0	0
40	36
3	17
2	13
0	0
0	1
0	3
0	17
314	101
0	2
3	54
0	5
0	31
0	50
0	5
0	19
0	0
2	22
1	105
0	92
862	212
13	120
0	12
7	239
0	203
5	39
74	239
0	470
41	557
11	608
0	550
4	536
98	513
0	0
0	0
130	6328
10	4517
2	1459
0	0
0	0
0	0
0	0
5	22
340	1202
0	250
0	206
0	934
14	0
16	0
1740	54
3	49
1	8
10	38
0	0
1358	1572
16	1288
0	283
17	11
17	1159
0	48
87	1066
7	1088
1	152
0	1101
0	45
0	45
0	0
0	45
2	29
503	242
5	236
12	5
0	5
2	607
4073	5313
0	2317
10	4263
42	4673
2	2
0	3564
10	370
1	365
0	11
3	11
1	11
5	0
2	379
37	2082
0	27
4	117
0	2031
1	129
0	38
0	24
0	14
0	21
0	0
0	16
0	129
1058	0
37	2
0	2
0	9
1	30
7	30
0	0
0	4
0	30
115	343
24	115
1	105
0	38
6	95
0	73
5	4
15	9
1	0
5	36
1	94
0	64
2	2193
0	558
7	39
0	581
0	702
0	26
1	718
0	186
0	107
4	754
0	23
0	28
0	2153
0	2200
0	3
24	885
0	886
0	3
10	25
13	582
0	597
0	646
0	48
9	23
217	682
0	0
13	193
4	62
0	21
7	81
34	385
17	102
16	374
43	1806
0	1886
0	1460
0	2201
11	90
13	475
9	3
1651	437
6	193
16	11
0	123
9	116
60	134
8	0
266	130
0	134
0	50
1553	2
2272	107
0	106
0	1999
356	1562
0	811
18	371
0	147
1	223
0	17
0	109
1	24
0	0
4	2
0	172
0	159
0	43
982	159
50	1989
243	40
16	40
737	342
0	229
6	119
8	217
1	51
0	25
0	12
4	0
113	154
40	118
0	36
5	0
0	13
0	0
0	0
0	0
10	381
0	0
102	154
12	135
0	117
0	1
0	1
8	13
432	212
1	212
1	11
4	0
7	41
2	0
33	0
0	0
0	0
33	22
253	27
16	34
27	79
3	2520
2677	2470
3	26
0	0
0	0
0	42
40	34
3	14
256	932
0	87
10	787
2	0
2	12
1	136
0	28
13	387
1	240
9	187
4	508
3	427
0	495
0	102
68	62
0	69
1	72
13	18
0	2
0	1255
24	1236
6	1189
0	486
2	141
7	22
9	25
4	20
1	0
7	11
0	2
0	2
0	0
1	0
342	333
35	12
35	331
363	322
1	286
2	147
0	0
0	0
0	2711
11	1721
158	1560
3	1261
0	933
1	167
8	45
1	31
1	0
0	2268
0	2078
43	465
4	345
3	297
1	1
0	390
0	0
0	0
1446	1081
25	636
0	767
88	1132
0	196
21	252
16	178
3	178
0	301
0	0
0	1
0	1
0	0
7734	6063
1	650
0	3597
8	1454
0	4498
1	0
0	0
322	0
0	0
0	0
110	556
0	210
1	292
0	138
1	47
0	135
6	214
1	0
0	0
0	2
0	2
0	0
54	4846
154	5064
1	4961
0	0
456	280
1	269
1	215
2	0
0	0
0	0
0	0
0	0
0	0
0	0
0	0
0	0
0	0
448	22
0	0
0	0
0	22
297	1302
1	1302
3	404
6220	2
0	0
1	0
0	0
0	0
1660	2
9	175
0	156
1	47
0	0
0	0
348	1667
8	1416
1	299
0	118
3	417
1	303
14	419
4	328
94	113
39	2796
2	52
8	48
25	920
0	2735
17	330
0	1803
0	1
3	373
12	6
0	985
1	6
2	2756
24	0
60	0
0	0
2	0
0	0
0	0
0	0
0	687
0	4
208	1143
0	150
0	352
1	400
0	153
508	713
144	713
0	2
0	192
2460	1074
28	113
30	392
2	781
0	390
0	489
0	145
3	38
0	0
139	0
11	482
1	291
14	120
0	13
0	29
0	15
3	372
0	87
165	219
0	2
0	0
16	12
0	0
0	120
0	0
0	0
0	0
0	0
0	0
0	0
359	98
1	23
4	26
0	4
326	130
0	59
0	28
0	92
387	156
18	53
41	84
0	102
132	28
19	369
128	498
6	0
405	0
1	2
0	0
0	2
0	1625
38	1081
4	121
28	100
63	1498
2	106
18	130
0	94
12	94
0	13
47	365
1	318
0	292
0	0
7	0
4	21
0	30
0	30
2	0
0	0
0	0
0	0
1966	298
11	297
16	0
10	0
250	319
1	317
0	31
3	19
1	0
2	0
0	0
122	2636
0	35
37	2762
0	27
0	16
2	560
3	24
0	277
27	97
0	391
0	21
0	513
0	277
0	144
2	23
2	10
43	722
0	0
0	722
3	779
14	3254
2	401
0	3049
0	1
1	40
9	361
6	357
302	2528
0	1665
1	2427
4	248
1	61
7	567
3	504
0	2284
3	444
6	2077
1	82
0	62
0	0
5	252
0	109
3	179
1	2037
0	0
4	1509
1	1
520	21
0	19
0	0
0	0
6	0
1	158
0	129
0	26
0	3
0	27
0	57
0	57
33	54
13	67
4	49
0	0
0	0
0	0
0	0
0	0
12	5
1	5
1	3
0	0
0	0
0	0
0	0
0	0
0	0
0	0
0	0
0	0
33	147
6	147
0	97
0	2
0	35
0	14
0	22
0	21
0	22
0	24
0	19
17	173
0	0
4	0
5	3465
0	2877
17	3512
0	3268
1	115
4	3400
1	3633
1	2889
0	3203
7	213
10	1746
1	479
125	0
0	0
0	2
17	2
815	2
0	858
6	944
0	937
0	848
0	128
0	0
0	2
16	55
0	858
0	850
0	0
0	0
7	299
539	999
0	0
0	208
1	550
2	283
0	0
0	0
0	0
11398	1127
56	1121
1	3
0	2
0	2
1780	5
0	0
0	0
0	0
53	894
0	1407
99	2043
0	1131
0	883
0	1043
1	602
9	287
3	651
7	541
0	611
2	58
33	249
29	83
21	159
259	196
2	107
4	117
31	173
0	0
0	1
2	17
5	0
1	66
1	395
53	397
0	395
13	86
1	395
0	0
0	79
0	147
441	1225
0	19
3	1179
0	107
3	0
1606	226
9	225
0	0
0	0
185	287
9	284
0	3
0	9
198	31
1	13
0	29
0	14
0	0
0	1
0	1
6	1328
3031	2110
0	246
2	245
0	360
0	143
0	55
22	1
202	0
54	37
0	14
2	24
0	72
12	72
0	19
93	396
27	402
27	314
7	40
0	6
2	0
0	0
0	0
1684	1002
0	880
4	135
1	6
1	32
0	60
0	202
6	199
2	85
2	60
12	153
0	96
0	0
59	471
38	1552
20	99
7	631
24	234
3	0
0	212
1	45
0	756
18	0
0	0
1	67
19	66
1	65
2	67
0	0
2	56
4	67
0	0
0	2
14	941
29	958
13	938
12	2
0	130
16	6
0	6
27	352
23	352
0	0
62	412
1	285
0	22
0	0
0	0
0	0
2	10
7	10
0	0
0	0
0	0
0	0
0	20
0	21
0	0
0	0
0	0
800	94
0	93
0	25
2347	693
0	686
2624	895
0	37
0	132
1	148
0	340
1	1
0	7
34	0
0	14
0	6
0	23
0	2
0	5
0	18
0	21
0	11
1	0
2093	107
0	4
2	36
0	66
453	4365
71	5162
1213	3099
78	1581
0	3165
2	1556
76	3052
3	2
0	1779
12	0
0	0
0	0
0	0
0	0
0	0
43	1190
2	1013
0	768
0	0
0	0
0	0
0	0
92	10
0	1
3	9
0	0
25	128
7	13
5	127
81	281
594	275
0	45
0	28
41	205
1	59
1	181
11	1
23	30
2	12
6	7
4	0
2	2
7	2
641	898
1	667
0	671
6	41
111	1017
1	776
2	257
0	293
0	79
0	0
0	0
0	2
2	2
0	0
0	2
0	0
1	535
58	535
1	535
3	536
1	91
2	20
0	4
668	118
1	36
1	30
0	52
27	2081
11	3
1	0
0	2081
54	47
11	114
1	53
0	57
876	64
0	0
0	1
0	0
0	1
0	1
0	0
0	0
442	2515
27	1808
31	1902
1	1698
0	741
14	1
67	1637
1	541
0	3
0	42
40	42
265	458
1	458
0	0
0	4
0	8
893	134
0	0
0	118
1	4
486	510
7	463
1	10
11	108
0	1
0	0
0	0
0	1
0	0
2	0
1	0
0	0
0	7
0	7
603	2418
0	1400
0	2598
9	271
1	1248
0	162
0	2117
9	318
19	744
0	63
4	11
0	71
0	1947
0	0
0	0
118	457
0	0
0	70
0	1
0	25
27	364
154	64
9	840
7	851
68	1109
15	52
1	5
0	79
0	89
1	0
15	539
280	1116
0	0
0	0
0	0
0	16
0	35
0	50
37	68
0	0
2	8
0	19
0	0
0	0
0	0
0	0
5	278
0	348
2	36
3	300
0	300
0	296
0	164
0	146
0	14
8	340
14	549
0	385
0	0
8	354
0	110
0	167
0	309
0	112
0	70
0	0
0	5
1	49
37	384
36	8514
471	8383
424	6386
6	440
10	629
730	238
0	1
5	237
3	4
0	0
0	1
0	0
0	12
0	4
0	0
0	11
0	0
0	2
5	676
0	642
4	314
0	68
2	3
10	54
4	24
1	0
0	0
353	628
3	628
32	13
0	13
0	0
0	0
1	0
0	1
1	4
0	4
0	0
7	9
20	332
27	332
17	0
34	181
0	79
40	160
6	264
4	183
7	119
0	0
0	0
3	44
46	734
0	13
0	20
2	27
0	8
0	21
2	174
0	666
0	0
0	31
1	39
0	0
0	0
3	1
55	366
16	366
21	289
8	289
0	100
1	33
0	7261
0	10
0	7770
4	7406
150	6979
0	173
0	249
0	359
0	1994
0	5
0	402
0	1072
1	3066
0	1163
0	1029
1	0
0	208
0	477
0	217
0	2898
0	593
0	1108
9	776
0	2935
0	2906
0	1451
2	2977
0	1617
2	1141
0	778
0	776
0	836
0	620
0	487
2	10
0	447
13	675
0	852
0	12
0	1065
9	487
0	163
0	1517
0	859
15	0
0	2954
3	0
11	0
0	191
0	191
1324	494
12	408
2848	143
12	155
0	1143
7	795
5	656
2	600
2	38
1	61
0	19
63	1160
0	0
0	0
0	24
0	40
0	0
1	61
0	32
5	29
1	5
0	1
5	25
0	62
0	57
0	57
0	52
0	12
0	56
0	47
0	20
0	0
0	77
0	0
0	0
65	209
7	3
0	152
7	173
0	0
472	671
37	592
16	482
8	105
7	743
9	619
1	128
0	95
0	440
0	579
11	2
66	1191
410	1191
9	2
0	0
0	0
0	0
0	0
0	0
0	0
0	0
0	0
122	185
2	142
0	142
0	109
0	121
0	86
3	114
0	63
1	76
0	13
3	20
0	0
0	0
0	0
0	0
0	0
0	0
0	0
0	0
0	0
0	0
0	0
0	0
0	0
3	2190
29	1
27	382
0	2168
0	2082
1	20
0	0
4	0
10	16
73	182
0	2175
0	991
56	654
5	507
2	140
0	51
25	7
3	117
6	7
83	1285
0	162
27	1264
0	0
112	1285
630	274
0	296
30	299
0	1
0	1
0	0
0	0
0	0
999	846
10	599
2	39
0	238
7	35
0	268
2	1
0	1
0	0
0	0
0	0
0	1
7	6
0	0
0	5
1	0
441	514
0	445
3	0
0	69
0	0
0	0
2	2
267	689
2	690
10	12
10	36
0	21
0	40
0	27
10	88
16	4914
3	8250
1268	23396
115	3397
0	17578
10	65
2	0
1	251
9	676
97	77
0	19008
0	1
0	1
0	0
0	0
0	0
0	0
190	0
0	0
5	144
0	194
0	171
1	32
0	14
2	719
0	733
0	732
0	696
3	509
6	600
0	103
0	13
0	21
15	1516
0	1231
15	1602
5	25
0	207
0	126
3	134
0	225
0	0
2212	1
0	2
0	2
0	0
79	4
0	4
0	0
0	0
0	0
0	0
0	2737
18	124
0	194
0	72
0	2621
0	2737
0	2698
0	2606
0	2713
52	105
0	105
0	0
10	3
0	3
0	1
0	1
0	31
0	1
0	0
0	0
0	0
2581	2775
11	636
1	1479
15	515
3	1056
0	17
3	13
0	10
0	4
0	0
0	30
0	0
45	1210
12	722
3	862
0	3
3	14
3	13
2	13
2363	533
0	6
3	100
0	110
0	280
0	167
0	193
0	83
0	104
35	425
0	168
5	46
5	417
82	73
1	11
0	62
0	0
0	9
0	27
0	26
2	13
1	0
5	0
6	2
0	2
0	2
0	2
0	0
0	0
0	0
0	0
0	0
0	0
0	0
0	0
0	0
1038	1072
55	752
1	687
818	119
0	0
13	119
0	0
1	10694
206	11612
719	11612
0	11614
95	11605
0	10535
8	866
16	157
6	527
2	259
27	100
13	1278
1	1223
0	302
135	17415
201	17790
0	2501
471	5918
0	1484
136	3826
1	2712
30	1243
4	695
15	262
15	97
3	73
52	0
0	0
0	0
0	0
4143	144
15	139
0	138
2	0
19	3393
0	107
22	1
1285	3324
2	60
7	58
4	45
7	45
1	0
0	16
0	0
0	0
1	12
0	14
0	1
0	7
0	4
0	1
0	1
0	212
0	137
63	530
118	213
0	133
0	122
354	0
3	0
0	3057
0	3307
33	765
14	2790
0	118
0	166
2	0
0	38
2	85
4	0
20	638
0	115
0	72
9	575
0	0
0	314
0	3374
51	0
20	0
2	848
79	1431
0	1033
0	1163
0	1101
0	905
0	85
0	47
93	151
0	151
0	0
1	0
0	0
34	69
0	0
0	0
0	0
0	1232
2	1232
596	1
75	0
0	0
0	0
0	30
56	711
0	711
16	130
285	130
297	3807
0	2749
0	1124
19	7
3	17
1	4
1	3596
0	3806
3325	6517
0	125
38	6402
0	2812
0	0
0	0
0	0
54	2408
0	2402
42	2779
6	2127
0	721
18	1021
0	252
44	283
55	258
0	74
0	706
0	0
0	0
2	508
40	709
0	533
23	6
0	533
0	35
3	0
0	8
0	8
0	0
2	68
20	201
0	9
3	3
2	3
0	0
0	132
0	0
0	0
0	0
0	0
1	14
2	4
1	14
984	3681
42	77
6	1
0	0
185	3674
0	2134
1	19
3	158
0	3191
0	3
0	6
1	90
0	27
0	102
0	3797
182	64
0	64
1331	441
56	440
73	402
0	409
0	171
0	61
5	709
5	593
0	720
18	171
10	185
0	2
0	2
0	0
0	0
0	0
0	0
373	311
44	311
0	0
109	568
249	545
11	323
1	343
6	100
2	0
0	0
61	0
0	0
0	3
0	3
0	0
2	0
3090	2495
1	2342
10	151
0	888
2	84
1	958
2	554
1	142
0	51
943	461
62	461
26	223
0	213
1	210
0	15
0	72
0	781
48	842
0	17
3	1
0	193
0	0
0	781
4	248
2	4
0	0
0	0
1	69
0	248
0	0
0	0
0	0
2664	573
0	458
5	113
128	452
0	452
0	75
171	61
8	4
6	55
0	6
1	1
0	0
1	20
0	12
4	9
0	0
1	43
26	1010
4	49
24	108
0	2
2	966
4	70
165	611
0	0
1	0
0	0
400	3331
3	1432
43	3074
1956	3071
15	1363
677	365
1	83
5	52
0	40
0	26
0	37
0	23
0	4
0	0
50	0
166	1367
17	1071
1	107
6	34
332	265
0	103
3	162
0	18
1	14
0	13
0	0
3	16
1	16
27	10
2	10
0	0
0	0
0	0
342	1901
15	1900
1	375
288	0
0	0
0	0
50	568
1	88
0	82
74	508
3	0
0	0
0	0
0	0
955	0
239	345
51	310
0	12
0	0
0	0
26	0
462	292
0	117
0	187
0	0
1	2
1031	764
4	270
0	764
1	62
0	219
0	226
0	198
1	246
0	7
0	18
0	14
0	0
0	241
0	32
0	73
4	2
0	0
0	46
0	89
0	83
0	82
0	0
0	0
0	0
0	0
2	478
827	520
0	193
0	132
27	32
0	0
0	0
0	0
2	1
14	71
14	30
0	671
0	981
214	703
8	445
2	386
9	391
7	57
113	3921
135	4517
361	4492
1659	4486
0	332
1	404
795	560
0	171
5	1
17	34
73	930
0	644
9	455
1	103
5	0
0	88
1	104
0	81
0	15
0	0
0	0
0	2
0	19
16	1679
2	1045
29	1
0	289
0	180
17	153
1	45
1	1679
448	159
0	104
0	14
7	89
0	87
0	52
0	0
1	0
0	0
0	0
1	5
11	64
0	5
2	54
0	31
7	23
9	0
17	122
1	1829
18	1173
16	1874
0	937
10	1597
0	16
1	714
0	0
1762	1
0	409
9	336
1	86
0	373
0	324
0	289
0	155
6	53
111	331
0	151
2	301
6	25
0	16
0	1
4	54
5	8
1541	778
21	778
3	0
0	1741
1877	5874
81	2146
25	3
1	2761
0	5929
5	6
0	0
0	6
0	0
0	0
0	0
8	1
281	72
33	44
32	71
2	2
0	2
79	1465
6	1465
231	1465
0	0
0	0
1	0
0	0
1	0
0	0
0	0
2	9
5	7
93	9
0	7
513	12
5	2
5	10
19	67
7	67
0	0
0	0
0	0
2	3
0	3
2	31
0	9
0	0
0	7
3	2
0	2
14	0
1	1
0	0
139	1
0	0
0	1
57	1
7	156
0	25
1	90
3	12
0	95
3	54
0	13
2	29
26	45
0	2
0	154
157	1243
15	1252
4	234
0	711
0	3
0	77
0	94
0	0
9	1251
0	0
0	0
3	3
8	13
0	10
0	0
0	0
0	0
0	0
0	0
0	0
2	133
485	1033
47	312
1	43
0	94
0	291
2	290
1	0
0	6
1	4
0	71
14	0
10	38
1	0
10	54
1	2
0	0
0	5
0	49
2	488
325	1145
1	695
0	53
24	656
206	656
0	34
0	5
5	221
0	34
9	172
2	0
5	121
0	102
34	24
0	25
0	96
3	69
2	10
0	23
2	9
332	779
350	779
0	0
5	1143
4	1143
0	9
0	6
0	9
0	35
15	35
0	7
0	26
0	0
0	7
2	2
0	0
0	6
211	253
10	31
0	222
1189	965
16	316
5	485
0	3003
4	3109
206	3208
0	4589
153	3493
0	3644
0	2807
2	829
0	14
0	0
79	3729
0	291
0	1370
3	1453
0	1061
6	2505
16	1876
224	1875
74	1878
3	556
3	742
48	296
3	173
1	142
0	154
1	7
18	474
1	273
0	349
4	0
3	42
17	13
1	80
0	108
1	39
0	10
5	66
0	0
0	0
0	0
0	30
0	674
5	672
0	184
113	794
11	785
0	20
1	5
5	32
4	15
0	6
0	19
10	4
0	4
0	1
0	0
0	1
0	0
0	0
26	221
2936	1147
0	395
3	787
4	36
1	0
0	40
0	13
0	1
0	0
0	0
0	0
0	4
0	0
0	0
0	4
2844	1641
104	863
3	471
0	4
1	2
0	4
0	2514
2	2530
0	3227
0	3252
22	2808
0	2655
0	904
0	93
3	561
0	18
0	1
15	6
0	2
0	26
4	395
0	1
4	259
11	237
1	13
23	754
0	757
0	607
0	503
0	0
0	25
1	24
0	25
0	0
0	0
2	8
2	20
0	19
0	2
0	1
0	0
6	0
0	0
1	4
0	0
0	19
0	0
0	0
0	0
57	925
0	924
42	933
0	212
0	138
0	1
0	43
0	4
2	247
1	155
0	20
0	941
19	690
795	868
11	397
8	145
8	25
0	333
0	263
0	398
0	150
2	102
535	476
0	443
0	346
0	229
10	167
2	30
22	165
9	17
18	8
0	0
338	490
0	4
0	151
0	0
1	335
4	159
1	0
2	12
1	13
0	10
3	0
67	23
1	21
0	6
0	14
0	15
0	15
0	2
85	290
0	3
5	100
1	63
23	233
8	2019
82	2060
15	833
18	1930
6	237
0	1410
1	956
1	56
1	42
5	635
7	2143
0	0
0	0
1	8
0	0
0	0
0	0
0	0
0	1
0	1
48	6
1	6
0	0
0	0
78	2026
305	1920
0	985
1	1972
0	1972
43	822
0	33
7	587
0	61
61	195
0	9
0	9
0	0
0	0
1831	1
591	366
2	116
4	333
5	26
0	0
0	38
6	38
0	0
0	0
0	0
0	0
1001	0
0	5
0	5
0	5
0	1
3623	5285
8	110
3	430
4	423
0	1507
0	0
191	4428
3	318
66	37
0	31
1	7
587	473
0	473
0	0
0	0
0	0
0	0
0	0
0	0
758	40
0	39
0	0
0	0
134	7
1	0
0	0
0	4
0	3
0	0
0	5
0	0
0	7
0	0
882	453
8	86
0	6
3	64
0	296
3	5
0	309
0	31
6	255
25	36
3	2
0	162
3	117
1	77
0	108
0	15
0	60
10867	3037
1	1815
14	1815
1	25
4	278
5	2181
79	2261
3	198
3	713
9	285
18	23
7	32
26	1835
8	1821
31	1631
2	7
14	76
4	484
0	143
1285	596
10	596
248	1861
0	149
1	224
0	306
3	146
0	1247
2	552
7	645
3	686
11	41
0	580
0	353
0	30
0	30
0	8
0	30
0	0
0	1
0	0
0	30
12	40
0	31
0	357
0	369
1	309
33	393
0	349
0	153
5	33
0	24
126	0
12	120
0	2
16	1
3	499
17	606
15	437
1	39
0	39
0	0
0	0
0	0
0	0
0	0
1	1775
268	1792
6	21
0	36
0	0
0	9
0	28
0	36
0	0
0	1
0	0
0	0
0	0
0	0
0	0
0	1
2	858
0	62
8	159
0	44
3	157
1	14
20	0
25	5
0	1
0	4
1	0
0	0
0	0
5	714
0	0
0	192
0	110
1	2
5	41
0	672
0	0
0	0
37	97
0	16
0	1
0	0
6	1657
41	2143
10	10
3	518
0	564
0	179
11	14
0	0
0	1
2	14
2	6
34	6
4	1569
0	296
11	1
0	1173
2	399
2	326
80	636
8	905
0	646
2	422
0	852
9	259
0	1135
1	799
0	1272
0	166
0	1547
0	0
0	0
0	0
0	0
0	2
0	2
0	2
3	0
0	2
0	0
0	0
0	0
0	0
0	0
19	0
0	0
0	0
0	0
0	0
0	0
0	0
0	0
0	0
1	40
0	303
3	392
1	32
35	221
12	154
7	17
0	4
0	97
0	97
0	66
1	64
4	97
9	1
0	1
1	0
684	2828
9	1342
125	2521
0	2500
2	13
0	40
80	378
27	22
2	22
24	169
0	54
1	0
291	29
0	26
2586	5709
37	4237
12	5
0	87
1	170
5	305
4	232
0	0
3	807
3	443
0	62
1001	243
4	121
1	1
4	31
2	120
6	46
0	14
0	30
0	1426
2	1297
198	1995
0	942
2	89
0	699
17	182
1	105
2	8
2	0
0	60
0	380
4	39
49	22
0	7
0	0
0	0
0	16
811	1328
0	376
0	108
2	0
5	751
1	0
0	15
0	0
3	147
6	0
6	576
130	53
0	34
0	19
12	410
0	288
0	197
153	4049
45	3908
0	1180
4	10
46	168
0	23
0	23
0	48
0	10191
0	473
1	1535
0	3998
1531	11472
31	2914
4	6
0	1
0	4
0	3
0	3
0	0
0	0
0	0
0	0
22	2501
209	2469
3	484
1	395
236	43
1	43
370	4137
0	4137
0	3722
0	120
0	2754
225	2754
3276	4
322	1209
0	784
0	218
76	981
286	0
11	10
0	10
0	0
3	3
0	3
0	3
11998	6
3	727
18	717
220	711
0	344
1	114
0	8
1	3
0	0
0	0
0	1
81	4209
0	61
78	4187
0	180
546	1965
2	1840
9	1526
1	0
1	93
0	0
0	0
0	0
879	295
6	286
1	177
0	0
11	162
0	265
283	1145
5	323
1	424
1	201
0	0
0	0
0	3
0	3
0	0
0	0
34	31
2	71
0	0
295	167
0	39
1	71
0	59
0	53
0	1
0	1
3	520
1598	520
0	0
5	7
1	7
0	1
1	22
6	22
2	10
57	1
3	0
0	0
55	117
2	116
3	127
0	59
0	4
6	393
4	347
0	355
0	68
866	431
5	428
12	4
80	452
3	315
2	354
2	300
3	233
2	204
1	37
5	71
1	24
0	0
1583	3048
3	249
0	198
0	81
3	3039
1534	3132
0	3132
7	20
1	0
2	0
18	484
0	416
0	110
43	50
1	57
0	106
4	49
1	71
3	19
7059	10
371	758
0	758
13	6
1	59
0	379
194	379
14	118
0	11
0	50
0	85
0	75
0	32
0	655
0	186
0	123
0	655
0	597
0	30
0	42
0	31
0	12
0	8
0	30
0	0
3	0
9	873
4	873
0	19
185	886
1	297
0	873
25	871
0	0
3012	440
85	434
1	569
1	569
0	569
5	579
0	234
0	0
1	29
0	40
0	77
0	23
0	88
3	42
0	37
4	0
2	95
1	43
0	38
14	95
1	275
850	861
5	252
0	211
4	42
4	71
0	287
4	66
0	0
816	3121
27	73
8	3047
0	0
25	414
12	385
0	4
0	32
0	348
0	0
7	115
0	115
0	0
0	0
0	0
507	411
950	411
0	0
86	1097
26	207
0	172
0	1
6	26061
8	50
3	3602
1	4461
12	26061
13	558
0	564
1	33
1	5
0	17
0	3
0	0
1	554
2	487
2	320
0	13
27	501
2	46
2	29
31	139
8	140
0	0
0	9
1	6
0	1
1	9
0	9
3	10
0	7
0	6
0	0
0	0
12	0
3	0
284	923
0	881
0	0
6	227
1	12
0	2
0	51
544	20
12	19
5	7
0	0
0	5
0	2
0	0
0	0
0	0
0	0
0	0
0	0
1	1
1	5
0	5
0	0
3329	649
0	627
49	170
2	40
1	2
0	2
0	7
0	10
0	8
0	0
0	0
0	0
0	0
3102	1896
4	1801
0	0
0	1307
0	280
3	87
0	365
0	0
24	1538
1583	2471
0	1619
4	1503
0	149
0	31
4	0
7	2172
0	0
0	109
33	378
7	378
0	24
0	24
8	137
0	150
0	159
3	130
2	0
0	0
69	797
17	976
107	953
0	0
1	0
0	111
3	17
3	12
0	68
42	330
7	269
0	264
0	11
3	267
0	69
19	53
5	37
0	11
18	51
0	10
0	0
0	1
0	10
5	0
0	0
119	483
63	484
3	110
303	87
31	8
4	65
0	169
27	8
0	16
3	7
1	7
187	709
0	676
7	345
0	437
0	21
1	307
1	74
1	0
0	15
0	0
414	4203
55	64
139	516
24	3911
0	381
0	1034
1	95
201	7105
1	6
4	227
0	539
208	6834
1	214
0	4152
0	735
0	7
0	516
92	610
0	437
18	75
2	48
2	118
1	504
2	12
2	76
14	352
5	323
5	323
0	298
7	333
14	325
0	0
13	2859
0	2581
90	803
114	112
4	218
2	202
2	245
23	72
0	55
0	15
157	93
2	0
0	30
4	9
0	48
0	0
0	0
0	0
0	0
0	0
0	0
0	0
45	841
0	846
29	777
10	898
2	692
0	117
31	116
0	1251
0	1
67	1822
19	1822
1	1844
47	28
59	539
0	186
23	0
6	137
4	7
0	30
2	10
13	23
1363	2291
0	621
41	391
0	887
0	687
9	57
16	266
496	1523
50	298
0	0
17	1312
1	0
0	0
0	0
0	0
0	0
0	4
0	8
0	8
2404	868
18	425
0	679
1	453
0	0
0	0
5	0
1	28
0	2
0	154
0	0
5	213
0	96
1	20
1	164
0	76
0	7
0	3
0	0
19	1294
81	1294
0	205
2	50
1641	2
1694	164
1	163
48	2
2	2
0	323
0	114
0	1954
12	2388
82	1675
2	883
4	245
0	31
0	280
0	2
0	2
0	0
0	0
765	150
0	117
48	35
6	0
0	62
0	1
0	74
0	0
0	15
1	80
1	361
0	402
130	361
1	86
0	16
0	152
32	308
4	182
3	149
6	109
3	4284
22	3927
5	122
15	429
2	3989
0	397
2	99
0	0
2	1
0	0
0	0
0	1
793	61
0	60
1	4699
270	5080
15	3780
0	2025
0	1090
0	33
16	99
18	73
0	72
0	71
0	2
0	0
0	1
1299	1164
0	1164
5	318
353	1130
4	153
12	1022
16	166
23	950
0	721
3	5
3	193
0	1
8	0
13	218
0	382
1	367
0	380
11	190
7	397
0	260
0	2
0	2
318	167
0	42
0	105
0	113
1	57
0	0
0	0
1	0
211	23
2	2
0	18
0	3
2	42
0	9
0	9
2	0
86	246
0	178
0	121
1	6
251	1045
0	1045
0	228
0	344
0	345
52	415
1965	2151
0	2013
0	150
3	102
0	26
0	1
2	19
0	15
0	15
44	140
3	139
8	23
1	0
428	32
68	35
5	29
153	967
0	64
0	967
393	1045
56	1025
29	131
0	18
24	0
7	7
0	2
1	65
4	7
4	424
56	683
0	699
0	16
7	16
1	29
2	0
0	0
0	0
0	0
2050	95
0	93
0	0
0	0
0	0
0	0
0	3
98	519
0	519
0	22
10	480
0	24
0	345
0	519
785	31
8	30
204	155
0	155
0	6
0	18
4	0
3	18
0	49
429	1371
13	1106
1047	1321
0	1523
1	4
0	4
0	0
0	0
9	238
2	0
161	1557
1	1022
0	232
7	601
8	98
0	0
0	0
0	0
0	0
0	0
139	987
1702	1313
2	641
3	3533
5	4631
0	3453
0	1492
9	1204
0	661
14	3
0	4631
211	426
4	151
0	291
2	75
0	37
0	9
6	7
6	26
10	0
0	135
0	0
0	0
0	0
0	0
0	0
120	359
13	56
9	303
2	4
3	262
0	14
0	29
0	24
0	17
0	1
0	22
0	10
0	3
2230	127
21	48
1	0
1	0
0	9
0	11
0	37
823	2842
1	785
13	1365
13	2832
0	896
1	798
3	2849
0	1365
47	3
30	155
0	24
823	112
0	112
10	239
63	238
1	237
0	79
0	79
0	79
128	1046
36	787
0	307
0	14
0	1
0	543
0	19
0	123
4	0
0	0
0	0
1025	12
1	12
2204	56
0	55
1	1
1317	84
2	74
57	20
2	172
0	37
0	67
0	40
1	3
1	2
1	25
6	160
0	17
2	2
265	368
30	512
0	114
3	114
28	207
32	176
0	26
3	361
73	1075
1	85
0	361
0	0
0	0
0	27
0	43
0	11
8	679
0	0
302	2416
7	3097
0	98
521	5729
0	5818
0	410
2	76
28	21
3	59
0	0
0	0
0	0
45	136
0	136
0	0
0	0
0	0
0	0
0	0
0	0
0	0
0	0
0	0
0	0
0	17
22	2158
3	1960
13	211
42	216
0	106
1	1968
4	26
2	67
2	1
2	15
9	1883
3002	1080
1	0
24	1080
33	3304
2	932
768	1586
27	3124
1	10
0	3109
0	528
0	525
59	571
0	0
0	0
0	30
14	30
0	2
0	5
0	8
503	5
0	5
3	2
0	0
0	316
0	320
104	2049
57	2049
0	353
30	287
1	286
0	1
627	283
0	283
0	236
2	21
0	47
1	22
0	7
0	25
10	23
0	54
0	5
0	2
3	68
1079	5926
0	5924
86	687
1	1
0	1
1	1
0	1
145	516
0	521
0	14
8	360
10	101
1	108
0	1
0	2
3	160
829	203
0	43
0	25
0	0
1	34
0	0
0	39
1	281
27	186
21	253
0	45
0	248
0	0
0	29
0	3
6	29
0	36
0	98
0	0
1	0
20	70
388	48
0	48
4	0
0	881
573	938
3	398
0	125
0	56
0	862
0	233
0	23
0	117
20	1935
10	2172
0	1940
0	1583
3	206
7	1577
0	20
0	29
1	104
9	165
0	119
23	157
11	394
0	11
29	166
32	3
8	1
0	1
0	0
0	0
4	46
0	46
0	7688
2	7593
0	30131
1	8490
2	3222
49	538
32	996
129	8628
11	9615
1	8681
0	7742
0	8
14	20420
14	26929
0	24813
1250	1735
68	6
2	1728
0	106
2	749
1	179
0	809
10	689
1	494
0	705
79	463
10	693
2	0
11	191
0	2
1	51
1	141
1	87
227	3
13	0
0	0
94	30
0	19
0	25
2	7
0	0
0	0
0	0
0	0
373	8
0	0
0	28
0	28
0	32
0	36
4	24
5	20
23	66
16	66
0	9
0	9
0	3
0	7
0	2
11	3
1	3
1331	264
12	180
1	80
1	2
1887	10209
20	9258
51	200
100	4462
0	0
0	0
0	0
0	0
1	0
74	1103
0	74
6	1103
8	0
58	3782
2	580
0	3600
636	1912
0	1413
5	239
9	607
361	3501
4	718
0	2629
0	140
1	5
0	143
2	356
24	94
14	136
9	517
5	510
9	530
3	517
12	63
0	168
58	442
0	65
18	383
0	277
2	37
0	197
0	55
0	36
0	1
5	182
4	208
3	150
0	125
1	163
2	61
0	8
1	1
12	30
1	2
0	2
0	6
0	2
2	8
0	0
1	16
0	7
2	10
0	0
0	0
1	0
0	17
3	190
0	227
3	231
0	246
0	175
2	247
0	0
318	989
143	969
1	318
16	391
0	4
13	133
14	133
1	43
640	402
24	238
0	381
5	1
1	6
0	6
0	0
0	2
0	6
110	86
0	52
0	34
0	27
0	10
0	3
449	208
0	208
0	937
0	901
0	939
0	903
2	815
1	14
0	10
124	0
0	0
0	0
0	0
3	101
2	85
0	84
1	1202
3	296
152	2002
85	1401
11	54
0	270
30	1294
2	94
7	46
2	105
3	0
4	41
0	100
0	125
0	1201
0	0
0	0
0	0
0	0
0	0
0	0
4	93
0	93
0	3
1	6
0	3
0	15
0	0
160	419
8	402
5	91
0	409
5	269
3	0
57	181
94	186
200	311
0	2
378	6
0	0
0	6
295	42
2	42
0	0
188	722
0	205
10	707
0	66
0	0
0	1
0	1
0	169
0	0
0	0
1	84
0	88
1	88
320	688
75	671
2	70
30	0
10	667
16	669
0	0
0	0
45	1
0	1
0	0
12	57
0	123
38	2333
2	0
0	24
4	2316
0	106
0	2346
794	689
0	467
0	0
0	6
0	9
2	205
0	210
0	210
0	0
22	85
2	83
1	85
58	181
0	179
1	181
0	14
4	5
0	0
330	98
0	81
0	18
1	0
0	0
0	84
1200	2479
1	277
8	2260
0	0
0	0
0	0
38	177
0	16
311	1364
136	1358
71	241
4	106
2	1305
0	232
6	4
2	1
4	1
10	11
0	78
0	0
1	16
5	83
12	0
1232	199
1	135
0	63
0	0
0	0
1226	930
1	0
2	1
2	200
0	61
8	811
0	106
0	147
0	0
0	0
6	3865
14	3437
3	3686
0	3663
58	3974
1	545
3	403
0	125
4	4
0	3861
17	17
0	13
0	10
0	0
3	407
22	417
9	335
0	7
3	280
0	24
65	2571
148	2621
2	243
0	1
23	44
0	507
0	328
0	42
6	0
0	2570
225	126
0	73
0	42
0	12
4	1
247	66
0	66
1	0
0	0
0	43
0	41
1	48
0	5
0	0
0	0
0	0
0	5
0	0
0	0
0	0
0	0
0	0
0	0
42	598
2	32
0	6
0	12
0	6
0	12
3	9
6	19
3	9
1	15
0	7
23	1014
22	1014
0	427
0	339
0	21
18	0
0	1017
0	1017
2	0
0	0
2	590
4	11
0	38
1	571
4	565
26	565
1	545
0	565
2	591
0	28
0	0
3	501
454	525
0	104
0	449
44	469
0	104
0	545
0	63
0	72
0	79
0	77
0	18
0	18
0	0
0	0
0	5
0	8
0	0
0	0
0	0
0	78
79	3832
9	2914
0	2813
0	1535
2	2268
4	6
3	1038
2	1189
0	881
3	149
92	0
73	8
0	3
0	0
0	5
0	1440
81	1440
2	1123
138	1127
4	442
1	68
0	0
16	318
106	318
0	41
2	183
377	7
251	1
13	197
21	597
0	1474
72	1465
2	514
0	1537
0	1577
592	0
4	878
3	343
0	373
0	226
0	57
0	123
27	262
0	11
0	39
0	54
0	18
1	0
0	0
10	509
244	2296
0	669
0	2271
6	1228
4	20
0	374
0	328
1	211
0	96
3	0
5	0
1	128
0	124
0	26
42	153
4	32
0	6
23	127
19	131
2	14
0	8
0	3
1	7
1	105
0	63
0	106
0	117
1389	1328
0	1328
1806	4
11	3
188	541
13	737
17	809
8	214
1	25
40	584
14	510
42	461
2	417
2	72
9	100
0	3
25	427
0	57
0	0
2	0
0	0
5	537
0	725
22	1444
65	1571
0	825
17	829
79	1004
3	145
0	1
0	24
0	13
0	10
0	13
0	2
8	0
5	56
48	157
34	92
0	269
1	192
3	99
3	2
0	2
49	444
0	444
6	139
15	281
3	4
0	3
0	423
3097	1612
12	69
0	29
5	69
0	1536
1749	1
3	66
3	313
217	1047
3	1010
0	99
7	31
0	135
31	136
0	21
1	16
211	2250
339	1502
9	682
25	388
116	738
0	297
58	270
0	0
0	0
0	896
1105	896
0	22
2	517
0	2
188	1608
86	1604
683	1040
1	602
1635	769
0	21
2	15
0	23
0	2
3	2
35	2
24	665
1	578
4	0
0	22
11	237
2	749
0	716
125	2
0	2
2	686
77	694
3	182
54	102
2	0
6	15
47	32
0	22
0	35
1	2
0	0
0	251
1048	539
3	344
1	303
2	659
0	0
15	659
14	0
41	91
0	1
43	2305
27	2323
130	2323
52	589
18	940
720	253
1	198
10	54
1	2
42	5
0	3
738	595
3	587
3	26
5	0
8	39
0	6
398	1381
14	1238
3	93
4	254
4	2355
363	2191
13	2345
0	622
1	686
8	124
9	460
2	26
1	83
5	1
4	5
0	12
12	0
8	1347
142	2823
9	2823
1	643
166	637
0	638
4	635
51	548
2	150
0	27
72	82
0	0
0	0
0	0
258	851
29	853
0	847
80	848
8	0
0	0
4	48
0	42
2	7
0	0
192	735
2	3
0	102
1	13
0	457
0	311
0	578
0	463
0	463
0	464
0	414
0	4
1	176
1	20
0	27
1	0
568	4577
3	3449
0	757
11	737
14	583
0	0
0	1
0	1
0	0
0	0
8	5869
73	5235
0	416
0	1082
0	58
4	0
0	772
4	170
14	2
0	75
1	44
89	66
4	58
0	51
0	56
0	44
0	53
0	44
1	38
0	23
0	36
0	0
0	6
0	0
8	183
3	43
0	157
0	95
1	97
0	111
0	4
4	8
9	1
0	17
28	9
5	175
10	175
3	6
0	19
0	0
0	0
0	0
0	512
8	628
3	439
20	6
0	6
0	4
27	321
45	297
1	18
0	293
54	272
0	15
0	20
0	63
1	15
0	7
0	0
2	1
0	1
16	476
2	1025
2	476
0	165
1	476
0	6
12	1114
10	77
0	1024
148	1
2	20
3	20
46	46
2	47
0	47
0	39
0	6
0	2
0	0
127	120
0	120
0	9
0	1
0	4
0	0
2	0
25	406
3	1
4	46
3	53
0	408
105	719
6	705
8	20
0	78
1	45
291	20
25	19
208	4316
0	0
179	3720
0	2468
101	4312
50	36
6	36
2	21
2	57
0	0
1	1
0	1
0	0
356	1364
0	1126
1	306
14	68
179	0
0	0
0	0
0	0
0	0
0	0
0	0
0	0
0	0
0	0
0	0
9	393
3	389
0	395
0	21
0	7
2	1
2	1
2	0
0	0
0	0
0	0
0	0
0	0
90	737
8	274
17	490
10	115
0	259
4	310
6	137
261	1121
5	544
0	903
0	866
0	15
21	133
0	0
37	45
0	45
0	26
1	30
2	30
0	15
1	4
1	6
0	0
0	18
1	17
0	2
0	20
0	0
3	15
1	183
5	183
1	82
0	12
69	157
36	157
47	0
5	1172
10	1094
0	860
3	145
0	111
1	93
2	47
9	86
1	11
0	1143
52	22
1	19
0	20
0	16
0	2
0	18
0	15
0	0
0	0
0	0
11	8
26	394
2	393
0	207
382	0
2	844
4	1795
2	1628
0	284
4	479
0	253
5	11
10	0
1	34
0	0
0	0
46	473
1	64
0	104
0	428
0	61
0	484
1	80
0	0
0	37
6	18
5130	61
1	56
8	99
0	96
0	83
0	3
3	0
124	156
0	44
0	44
0	133
2	4
143	616
0	25
12	144
2	616
1	50
0	61
1	1
0	3
1	9
1	9
0	8900
0	9424
0	9113
371	759
0	391
1	17
0	124
1	226
6	139
1	94
0	0
11	13
1	17
2	129
3	854
34	846
3	175
2	22
0	75
0	50
1	14
0	0
4	143
0	0
7724	548
2	489
0	0
0	50
0	1
0	1
0	0
0	0
0	0
1	0
0	0
0	69
0	2045
6	27
82	672
2	421
7	67
32	32
15	0
1	8
1	2044
212	5492
101	5482
2	539
7	611
9	269
5	269
0	341
0	0
0	2
12	292
0	341
640	85
0	52
0	5
2	28
0	0
0	0
5829	1422
2	296
4	640
0	368
24	11
0	613
0	658
5	0
1708	696
9	684
0	633
0	636
0	643
3	31
0	80
4	468
13	463
48	513
1	548
2	506
4	606
7	16
0	40
5	0
0	194
0	111
0	102
0	133
0	0
0	0
20	288
0	288
1218	867
10	865
0	0
0	1
0	5
54	1190
37	1190
0	35
0	37
0	3
0	36
1	3
0	0
0	0
0	0
56	5
0	0
0	5
465	64
0	5
0	26
0	33
515	1584
12	1106
0	296
3	684
0	0
2	3
0	2
0	1
0	0
0	0
0	0
53	0
0	0
0	0
0	0
92	136
24	127
3	9
0	0
43	164
7	165
4	44
0	24
38	52
4	162
7	72
0	282
192	290
3	258
8	258
0	140
410	1024
254	366
40	407
247	1133
1	564
5	0
273	871
1	573
0	9
12	355
0	321
0	191
0	7
0	65
64	421
110	249
92	233
1	61
24	59
12	255
7	249
5	204
0	0
3	0
423	257
0	257
494	927
3	927
1	0
0	21
0	3
0	0
0	22
0	0
0	0
0	0
0	0
0	0
0	0
0	0
0	0
0	0
0	0
0	0
1685	1
45	13362
0	13934
5	13391
0	26
8	4743
1	942
1	908
9	635
24	296
0	13831
0	13770
1	257
28	9096
5	454
0	11822
0	9704
5	3654
0	0
0	0
0	0
1	0
0	6
0	8
2	8
40	0
0	0
0	3
0	3
0	0
0	0
0	0
0	0
151	32
4	0
7	0
3	32
30	0
9	67
1	53
1	6
0	18
1	1
0	25
0	0
0	10
53	510
1	32
0	112
4	511
0	94
0	0
1	0
1	40
35	630
0	55
0	476
3	0
0	476
5	160
46	1487
1	1499
34	1861
2	3
1	0
25	1757
2	22
0	37
1	117
13	137
0	8
0	0
1	1
3	3
0	23
0	23
0	98
0	23
0	2
3	949
0	915
26	808
14	290
0	184
0	181
3	32
0	26
0	26
0	0
0	0
64	472
112	472
5	470
11	884
7	568
0	544
16	361
1	56
0	0
1	6
0	919
13	7
0	7
1	1
0	1
0	0
0	1
0	0
0	0
0	1
0	0
0	0
0	0
0	0
60	367
11	367
0	0
0	0
0	0
0	0
48	2338
0	2104
2	1852
0	0
27	78
11	763
1	26
0	25
0	23
0	23
0	24
0	0
0	2
0	0
2	0
0	0
0	0
0	0
0	0
0	0
0	0
0	0
35	55
0	35
0	34
0	1
0	19
0	2
0	10
517	0
0	201
0	264
238	368
0	65
1	35
3	7
6	103
1	103
0	0
2	103
279	288
17	288
0	65
649	66
15	590
15	564
0	71
6	47
11	1
4	3
14	46
4	588
0	46
3876	1
0	1
0	371
1708	514
2	112
0	139
869	1
0	65
0	402
0	76
0	6
0	0
0	28
0	0
0	23
0	22
0	14
4	22
0	6
0	0
0	0
0	402
0	407
0	405
40	1267
4	936
51	791
10	1670
0	21
0	121
0	22
0	9
12	38
0	83
54	480
0	45
21	295
2	72
2	48
20	1151
0	0
0	996
0	1107
9	55
7	558
3	97
0	2
2	199
1	0
180	1504
2	1256
0	207
0	44
0	5
24	47
51	3702
77	123
0	0
5	1326
76	3522
27	86
1	0
16	210
1	206
3	90
0	106
0	6
0	11
0	3
0	0
0	0
0	0
0	0
12768	13
3	0
0	0
0	0
321	391
2	0
7	464
1	163
0	0
0	26
0	852
1	2097
0	28
0	1685
0	772
1	200
3	647
1	8
0	316
2491	25
0	25
0	0
0	0
0	0
0	0
0	0
0	0
14	62
11	63
1	62
15	33
0	52
241	0
1	9
0	9
0	1
21	229
0	202
6	208
0	0
0	12
0	2
0	1
0	2
2183	1420
1	253
10	810
1	589
0	463
1	0
2	375
0	235
6	342
0	386
4	410
0	157
0	15
2	96
0	41
5	5
0	0
0	869
0	59
0	8
0	761
0	384
2	1
0	1
0	1
0	1
4345	744
4	152
2	228
46	34
3	126
12	56
7	200
79	45
0	173
359	140
0	28
39	4457
1	3854
1	1236
0	3030
0	2618
5	1251
2	606
2	403
1	601
4	15
0	0
88	346
7	297
0	9
1	114
0	27
0	0
3	104
90	2748
105	1048
114	1961
1	10
39	33
0	1
175	595
4	595
0	9
0	15
0	10
0	22
0	9
0	4
0	14
0	0
0	15
5	1125
1	195
0	665
0	209
0	108
12	123
0	1161
0	98
0	21
6	74
0	47
0	2862
178	3012
4	304
0	85
0	3008
15	546
0	645
0	1668
0	1604
0	629
0	670
0	629
4	37
0	1418
0	0
0	0
0	0
0	0
0	0
65	5
0	2
330	2953
168	2957
0	511
0	200
162	500
0	500
1	170
29	35
732	5914
8	55
0	4698
0	676
0	1828
3	1137
9	1841
5	601
0	0
0	1826
91	22
2	0
0	58
363	323
0	0
6	5
0	5
44	273
9	317
4	179
0	0
0	0
4	0
222	0
1	0
65	56
0	56
12838	4731
13	2
0	4503
1287	599
0	74
0	0
0	467
0	117
0	44
0	0
0	4
0	0
6	0
0	82
2	1962
35	1967
4	583
0	897
77	46
0	379
10	346
0	59
0	55
0	0
15	1
0	76
7	3
0	1
0	1
90	211
0	32
7	52
7	2
0	4
1	148
0	0
39	392
124	392
27	10
1	10
1	66
2	20
13	7
0	106
0	31
0	29
0	3
0	19
0	18
0	11
0	9
0	6
0	6
0	0
0	0
0	0
0	0
14	6
0	6
0	0
0	0
4210	796
2	0
0	794
1	203
0	5
0	3
0	5
45	131
3	131
1	15
0	0
0	0
373	2049
54	17
4	48
22	51
0	1
0	0
0	0
0	0
330	269
0	217
0	26
0	44
0	80
0	0
0	11
0	0
0	1514
3	14160
42	4213
27	3935
0	14136
1502	966
0	520
1	585
0	63
34	277
0	277
0	7
1	1
19	787
724	785
21	509
18	273
0	44
88	1889
3	1893
0	731
4	157
0	16
2	0
2	9
1	310
0	0
99	55
0	55
0	0
0	0
0	0
14	0
0	0
0	0
0	0
0	0
14	2639
5	30
2103	2619
0	19
4094	239
0	233
55	171
0	13
17	1
0	41
0	115
16	48
0	118
34	2
0	0
0	56
0	231
0	2
0	21
5	28
0	43
0	72
4	5
13	686
2	429
0	442
16	663
0	3
0	5
5	5
0	956
0	966
0	987
0	960
3	952
13	1006
47	1006
235	382
10	373
0	27
0	26
2	24
1	1
42	262
0	83
8	148
2	122
0	42
1	47
9	11
0	99
3	1565
41	1627
16	29
0	282
0	1603
567	2242
60	2239
9	231
7	201
10	4220
3	491
0	25
142	3834
0	304
4	1
23	1899
18	1796
0	190
8	191
0	43
3	6
25	288
18	269
0	49
0	0
0	0
0	0
0	0
3053	3
0	994
3	397
3	238
0	899
49	696
30	696
0	37
0	26
1	31
5	56
0	25
10	123
0	110
0	18
2	12
9	0
0	858
30	1110
13	548
3	45
3	13
0	1151
0	0
0	0
526	0
0	7
0	0
0	0
0	7
0	0
0	0
0	0
64	17
182	82
6	0
0	16
0	81
1	169
2109	261
2	258
0	4
4	49
0	38
0	0
0	37
0	48
0	48
0	2
0	1
0	2
0	0
0	0
0	0
0	3
0	3
0	1
0	1
0	1
1	3
0	8
2	8
0	49
0	134
0	134
1	134
0	48
0	93
0	4
0	818
40	806
5	22
3	0
0	102
6	52
1	17
9	52
0	2
3	295
0	279
10	238
0	300
16	300
0	190
0	187
7	16
0	2
1	2
0	0
1006	3178
25	2675
37	2672
4	1692
2	454
6	452
118	95
0	21
0	0
0	0
813	718
3	718
0	59
0	0
0	0
193	427
0	392
11	36
0	0
34	2125
7	1596
10	475
11	650
0	1018
16	385
0	502
1	863
1	605
1	410
0	1234
4	3110
0	200
3	421
0	1658
0	0
6	527
0	2481
0	3112
764	698
0	667
1	609
0	2
0	31
0	8
0	6
7	24
0	24
0	0
1	492
42	476
68	45
6	394
0	0
0	1
0	1
0	0
22	270
51	574
8	323
0	30
1	88
0	3
10	13
6	13
11	0
8	0
0	6
7	634
47	633
60	166
3	123
0	746
1	955
13	26
5	915
0	66
5	0
1	17
0	106
0	0
0	0
0	0
0	0
534	107
0	9
1	98
67	2997
5	43
3	94
10	341
2	2890
0	0
0	0
3	0
3	0
0	0
7	468
12	61
5	466
0	467
6	29
73	237
4	57
2976	1
38	40
0	21
0	25
0	5
0	13
0	13
0	13
0	13
0	0
0	0
0	0
0	0
87	1322
3	1052
93	1295
2	1
0	0
0	0
0	0
0	0
0	0
201	61
23	35
0	58
4	0
0	2
0	0
0	0
0	0
0	1
0	1
0	1700
28	1920
1	1764
1	1501
46	1218
0	1343
2	0
0	0
0	0
1	83
0	160
0	131
0	5
0	143
0	1
0	5
0	0
0	0
0	0
0	0
0	0
0	0
352	0
8	584
17	638
5	621
2	615
0	621
0	5
5	119
4	1
0	40
5	97
0	91
1	89
0	0
1308	1
111	199
0	12
0	186
2	15
0	3
2	12
0	5
13	1152
0	1001
0	2148
0	1948
0	1966
0	1907
2	1478
0	1697
0	1692
0	1677
0	1743
1	131
1	129
1	7
31	0
6	31
6	185
37	130
0	1000
0	2208
31	47
0	3
0	7
1	66
0	25
1	19
0	18
159	3382
119	3383
24	273
11	75
1	74
1	0
5	564
321	727
0	399
8	41
0	95
12	152
10	79
10	0
0	79
0	79
254	2790
13	2060
61	1122
0	152
1	69
3	164
0	142
0	0
1	22
1	0
0	98
0	4
1	3357
0	2818
0	1680
0	67
3	68
8	62
2	0
0	10
1	0
10	0
0	0
0	0
0	0
11	189
0	189
6	188
0	77
0	1
3	450
72	450
1	14
1	14
2	508
21	519
2	31
2	4
3	73
0	0
0	3
20	86
0	86
0	51
0	727
0	55
0	751
0	694
0	8
3	10
0	0
0	13
0	594
0	42
3	578
0	32
1	104
1	82
27	82
6	0
0	0
0	0
0	0
0	0
0	0
369	15
0	15
0	1709
64	1804
22	300
0	22
2	135
7	42
3	141
355	155
0	46
0	100
0	1
95	0
3	9
0	2
0	7
0	17
0	16
0	17
0	8
0	1
0	0
0	4
0	14
0	0
0	0
0	0
0	0
0	0
0	0
0	0
0	0
0	2381
1	2325
0	2139
0	1111
0	2237
0	149
1	99
5	0
1	233
0	2187
96	976
8	992
7	1044
104	227
0	285
0	233
1	216
37	188
4	0
0	5
1065	178
28	29
0	152
8	5
1	17
6	10
0	0
0	0
304	3685
8	1128
4	872
0	735
18	3404
0	66
1	1031
4	0
3	3
1	0
0	0
23	5
0	5
0	0
46	1067
5	613
0	31
10	37
0	466
0	6
0	55
0	4
0	5
8	5
3043	108
2	44
0	60
0	0
0	0
0	0
0	0
0	0
0	0
0	0
0	0
0	0
802	293
0	15
1387	97
2	96
1304	235
5	59
0	44
53	12
0	7
0	5
42	7
0	0
0	0
0	0
0	0
3	3
0	3
331	47
0	0
4	40
0	17
188	154
4	34
2	63
61	140
24	35
26	15
2	63
0	0
47	21
0	21
3999	6767
0	6836
8	1839
45	1257
0	694
14	138
5	132
0	11
0	0
0	0
0	0
0	0
11	30
7	56
0	12
4	0
0	4
0	0
0	0
0	0
341	2465
0	2043
33	1662
0	763
7	366
0	0
0	0
0	0
131	197
0	80
18	197
1136	595
14	594
266	0
0	51
1	55
2	42
3	87
63	111
0	24
185	0
3	163
2	183
3	230
0	16
2	0
2	19
0	1
0	1
0	0
0	0
1494	9967
61	404
0	1700
20	9343
1	17
46	270
0	266
52	754
3	62
1	56
0	65
16	55
60	39
5	33
0	0
0	0
0	0
0	0
4	0
1309	701
5	223
1	674
550	374
0	1
0	6
2	374
0	27
0	31
0	625
0	506
0	530
0	661
0	625
0	529
2	150
0	507
0	474
1706	154
1	98
0	15
1	0
0	140
28	8
0	8
0	8
0	8
2	0
1693	23
0	0
0	0
0	0
6327	12
0	547
0	514
0	396
0	158
4	189
2	0
2	96
2103	0
0	0
28	33
0	33
0	33
5	33
692	76
0	64
27	12
0	0
0	0
27	457
16	456
3	395
46	3
3	1011
65	1020
19	1019
9	978
1	174
2324	794
5	620
147	0
54	1180
8	290
0	172
7	1
6	2
7	1
0	0
0	0
0	0
197	177
0	132
0	13
0	55
0	0
183	249
3	259
50	776
2	776
13	132
0	124
0	17
4	1
0	0
0	0
0	0
0	0
0	0
0	0
0	0
0	0
0	0
0	0
0	0
0	0
0	0
3	47
1	0
0	9
0	0
1	0
0	0
0	38
0	0
0	4970
19	1945
6	3673
0	507
1	19
5	52
0	56
0	58
6	497
0	1447
15	75
0	0
12	105
1	1
0	494
1	111
11	8
0	5024
3	294
0	1434
88	731
154	619
60	1912
2	7
22	1565
7	33
26	1912
321	866
8	131
2	236
19	139
0	14
7	395
1	272
0	0
0	33
1	5
732	2384
0	693
0	1590
0	20
1	1834
3	1461
27	201
0	81
14	74
1	2
1	2
19	1145
0	1153
0	0
0	0
0	0
218	366
11	338
5	88
3	112
0	30
1	1
0	0
0	0
0	0
0	0
0	0
0	0
0	0
1	0
0	0
0	0
2764	178
1	1
1	175
2	77
0	215
1	250
1	87
0	116
0	49
0	49
0	218
10	170
38	80
0	238
0	0
0	2
0	2
0	0
0	0
151	419
12	419
0	0
0	3
0	2
0	6
2	2
0	3
0	3
246	80
0	46
1	35
0	13
866	4
0	0
0	0
0	0
0	0
9906	7
8309	19
37	4
95	2
463	1
0	0
0	0
0	0
0	0
0	0
0	0
41	0
196	0
0	0
0	0
0	0
0	0
0	0
0	0
0	0
0	0
0	0
16	0
10	2169
1	1943
6	1953
4	1986
2	2008
1	20
2	3
1	122
9	0
0	4
4	111
0	112
0	112
0	14
0	15
0	13
0	5
1	3
1	5
10	31
0	75
0	13
0	111
0	0
0	0
494	195
0	195
8229	4676
9	1564
0	2348
1	13
0	1519
3	562
0	1418
2	1
0	0
0	0
0	0
3	1
0	1
2447	369
2	136
0	0
0	148
0	85
803	5
1	2
0	0
0	0
0	0
0	0
0	0
0	0
2	36
16	43
0	8
4	6647
0	2445
1	956
0	448
46	1112
30	957
0	89
1	129
19	119
0	642
43	597
55	223
0	12
0	80
1	6640
17	375
7	52
0	233
8	320
2	0
8	38
162	126
0	60
0	1
0	1
0	0
0	58
0	48
0	92
2	1
0	0
107	6109
0	6276
29	6152
0	46
43	7
7	213
85	769
8	164
0	81
0	98
1	85
0	107
1	2
0	0
1	0
0	2
0	2
0	2
230	672
0	681
0	467
4	148
70	248
14	233
0	7
0	0
0	0
0	0
0	0
0	0
0	1
0	1
0	5
0	5
74	12
0	6
0	0
0	3
0	0
0	0
2482	1115
0	230
48	23
22	893
21	446
1	29
0	429
0	35
0	141
0	41
0	0
0	141
0	11
3	9
0	0
18	26
0	0
0	26
0	0
0	0
120	128
6	93
7	1447
0	75
9	85
0	26
0	0
0	0
0	0
0	0
0	0
7	43
2	280
0	243
15	256
6	208
0	27
4	38
2	48
0	33
0	0
0	2
0	2
350	379
48	379
0	0
0	0
0	0
0	0
0	0
0	170
4	981
4	2
3	86
0	77
0	988
0	981
11	181
0	181
125	1820
0	790
7	533
4	28
1	6
0	68
3	1037
51	742
3	740
11	142
0	2
1	7
3	38
0	7
0	28
2	351
0	1
2	4
0	507
0	510
0	0
0	0
0	0
0	2286
3	2008
0	2300
1	2171
0	2296
1	196
0	855
0	855
0	46
0	66
0	471
9	168
3	33
0	0
0	135
1	0
0	107
0	103
0	69
0	59
0	12
0	0
0	2171
0	13
0	12
0	0
0	1
0	0
66	70
7	22
7	1
2	22
62	347
0	84
2	120
1	37
0	34
0	37
0	32
11	0
0	342
0	337
0	35
0	0
0	0
0	0
0	0
0	0
0	0
2	39
0	10
0	0
3	118
9	116
117	115
0	88
195	632
2	144
1	59
14	57
0	405
0	352
1	14
9	101
0	208
1	1
17	0
0	11
0	67
17	31
0	44
0	5
2	5
2	2
20	3126
0	327
0	1246
0	1868
0	1727
0	2867
0	1814
1	411
0	1599
0	2698
0	2986
0	1408
109	2894
2	107
0	1180
0	34
0	34
1	62
17	1272
0	6
5	131
0	2162
9	0
0	0
0	155
0	0
1	1365
0	3053
1	2854
0	2930
120	0
0	47
0	51
0	21
0	2
1	2
0	48
64	955
1	143
1	678
1	608
1	293
49	218
0	208
1	126
5	76
1013	119
0	0
0	0
2	117
1567	72
0	69
2	1
17	671
1479	7817
0	28
23	224
52	7514
1	1301
2022	2190
0	2189
1720	1607
0	237
0	234
0	0
7	108
55	1799
5	1001
190	89
27	621
0	857
33	307
0	30
1	244
1151	4496
0	4496
10	19
1	182
2	56
32	625
0	756
3	676
0	0
0	19
12	0
365	74
6	35
7	39
1	0
1	11
8	687
0	59
0	1244
8	115
2	13
0	15
1	0
0	0
0	67
9	62
0	41
21	0
0	0
16	0
4	7
0	1260
0	19
0	17
0	10
0	11
0	3
0	19
0	18
0	4
0	0
0	2
0	8
0	2
0	1
0	0
0	35
0	66
0	16
2	64
1	63
0	4
0	1
0	0
0	64
0	35
5	0
0	0
50	10
0	0
0	4
0	6
1173	340
0	340
2	0
11	3027
0	269
1	500
6	2802
7	283
0	0
3	0
112	162
78	38
7	8
0	2404
197	381
0	381
4	356
0	146
0	64
0	6
25	1
495	250
0	250
288	1043
0	1029
0	120
1	753
2	458
0	177
0	100
3	148
1	45
0	47
0	974
0	0
0	0
0	0
265	701
0	701
81	0
72	354
4	190
0	127
1	193
0	1
0	0
0	0
0	35
0	0
0	0
0	0
5	588
19	593
0	267
0	249
0	542
0	0
0	1
6	424
0	421
0	255
0	219
0	246
0	289
0	508
0	190
0	171
0	0
0	190
0	217
2	0
2	94
0	22
0	7
0	45
3	79
0	5
0	63
0	288
0	177
62	63
0	10
9	53
0	9
10	3
0	17
0	32
10	35
0	25
0	12
0	12
0	0
0	0
620	1715
0	1053
1	299
3	188
0	252
3	589
1	0
0	150
22	97
2	349
0	0
0	0
0	0
0	0
0	0
0	0
0	0
8	684
2	677
0	710
20	60
0	90
0	49
0	31
0	157
16	66
2	61
3	151
0	99
7	168
0	166
0	16
0	12
502	782
888	884
0	607
0	593
91	255
8	172
8	778
0	3
0	100
2	737
0	1
620	1
0	0
0	0
814	11746
20	910
1346	11730
28	11703
15	11700
9	225
0	0
0	0
0	35
0	0
0	0
0	34
14	34
2	135
0	2
0	0
0	44
0	23
0	27
0	19
0	32
0	0
0	0
0	82
0	20
0	0
0	18
4	1438
10	1462
17	63
0	154
1	12
0	159
2	127
0	35
1177	2612
0	762
1	635
2	1628
0	861
0	189
0	273
0	203
0	50
0	444
3169	1219
6	754
446	15254
0	13241
0	750
0	0
0	0
143	2629
60	2384
10	2302
2	32
8	457
0	675
0	0
4	83
105	531
0	526
20	78
3	20
56	0
0	130
51	130
0	0
7	38
538	469
0	459
1	4
0	14
0	13
0	5
0	1
0	0
0	0
0	0
0	0
0	0
0	14
84	1
168	8
0	6
0	2
0	2
0	4
12	35
1	3
0	48
131	2
0	0
12	7
1	0
0	0
0	0
0	1568
69	1571
0	954
0	520
0	293
0	270
0	1
1	0
1	0
0	207
0	214
0	186
21	155
0	143
1	7
62	78
3	1761
0	23
3	163
13	1724
0	1754
0	0
2296	238
0	61
6	173
0	0
0	17
4	18
46	1
1663	273
1	46
0	124
0	143
0	81
0	98
6	771
0	771
1	30
33	871
2	40
16	330
5	860
0	10
81	889
380	2199
0	1188
1	899
0	1009
0	567
0	394
0	16
0	160
0	874
0	157
0	157
0	129
0	78
0	66
0	17
0	15
0	0
0	0
1	746
0	671
36	719
7	212
0	644
0	810
0	204
0	0
241	518
7	352
0	349
0	44
1	108
0	0
0	0
85	137
0	137
2	119
0	0
6	183
1	136
2	144
0	0
2	288
462	426
13	219
0	4
0	0
638	579
0	260
0	504
3	64
2	0
1	2
0	52
0	72
0	18
0	8
1	164
0	135
1	0
1	2
23997	12804
31	12791
0	4118
0	906
30	164
0	0
0	0
449	52
6	50
2	6
3	1
1723	31
0	23
5	4
19	2
11	4
0	0
0	0
0	0
9078	11
3	111
0	10
1	125
0	2
0	3
10	3
0	22
1	0
0	13
2	117
40	128
0	21
0	11
5	6
4	6
0	0
0	0
0	0
0	0
0	0
0	0
1	0
0	0
0	0
0	0
150	405
8	405
0	0
0	0
1	0
38	13
0	0
0	13
0	0
0	0
0	0
0	37
0	37
1	13
0	6
0	5
2	626
1	0
0	24
0	629
8	164
8	152
0	25
9	0
0	551
13	1017
0	823
29	1160
1	193
1	72
19	353
1	832
19	317
1	135
0	147
0	177
1	77
7	47
0	77
5	3530
0	2880
5	1107
0	1757
1	1170
0	888
5	208
0	26
1	4
2	230
0	0
0	0
0	0
0	0
0	0
0	0
832	56
3	1
0	46
0	8
1	11
0	0
0	0
0	0
0	0
91	33
0	33
1	28
0	27
467	4299
0	9
0	3995
17	3170
3	645
0	1774
8	483
307	3689
0	410
24	2213
0	2372
25	2503
11	726
0	18
1	741
0	173
4	330
2	179
1	157
0	137
0	141
0	68
8	3
14	0
0	0
0	0
0	0
0	0
0	0
0	0
568	2622
219	2544
0	295
1	155
0	36
1	92
0	132
0	71
1	2
0	80
60	9
0	2
0	6
0	0
1	0
0	3
0	48
0	9
0	8
0	46
8398	2440
4	2435
0	0
1159	8691
19	8784
8	196
0	16
5	0
1222	178
1	7
1	3
2	154
7	64
9	31
1716	759
23	181
7	577
0	0
0	39
1	39
3690	2
0	95
0	77
0	30
5	7
1	0
0	4
0	35
0	3
12	36
184	1184
4	39
30	223
59	1163
0	171
28	4
17	75
4	21
1	201
0	171
5	53
3	156
0	0
0	62
8	195
252	83
0	0
0	8
0	44
0	0
0	0
0	0
0	0
0	0
0	0
0	0
0	0
0	0
0	0
0	0
19	34
0	2
3	3703
3882	666
71	665
0	0
1	1
0	0
3247	334
2	356
29	148
2	0
0	0
0	0
22	3
0	3
0	0
1	0
0	0
0	0
0	0
0	0
1	1
26	0
1636	12
17	156
974	285
0	60
2	101
0	232
6	2
0	2
0	2
0	2
11	277
1	235
25	30
0	2
0	70
3	17
0	150
1	150
0	104
0	21
0	9
1	1
0	0
28	91
1	15
0	20
0	29
3	9
48	59
25	59
4	16
3	2569
0	2610
0	722
3	106
0	718
0	44
0	65
59	2149
26	976
0	385
2	22
145	778
18	0
0	85
1	23
3	286
4	128
3	118
11	73
0	2450
0	0
115	339
7	339
2	6
0	6
0	2
0	1
0	1
0	1
0	0
0	0
1619	132
0	46
13	86
5	5
2	1
0	0
0	6
1	6
5	4
0	72
0	2
0	0
0	0
0	0
108	401
21856	426
1	4
0	4
24	647
2	645
13	644
0	418
3	418
2	418
2	152
53	213
0	162
0	40
0	0
176	206
28	206
0	0
0	0
0	0
850	1091
0	399
4	149
0	249
5	0
26	127
3	13
2	14
0	56
20	284
0	8
13	60
17	0
0	33
11	338
0	8
0	1
0	6804
820	4933
0	12418
0	319
0	10532
12	2241
0	12464
129	2555
2	173
0	112
0	58
0	2500
9	144
2	132
0	36
0	36
0	0
0	0
0	0
0	7
0	7
26	181
71	4564
0	390
189	4513
0	125
1	440
0	166
36	2
2	66
2	178
284	1165
19	1164
0	2
6985	263
0	258
0	0
0	0
237	542
799	588
28	84
75	29
38	28
2	18
936	789
19	788
223	212
0	212
0	0
0	0
14	214
7	212
6	208
7	2
863	983
0	510
0	469
0	1
1	4
262	3045
1	2749
0	1074
0	1499
0	0
0	0
14	2677
44	2608
58	2611
38	446
5	447
0	2
1	218
0	0
39	1710
3	216
0	0
0	179
0	1584
0	169
0	120
1	11
0	178
2	24
69	241
0	74
99	1105
0	808
19	22
6	312
7	118
1	247
0	23
3851	1131
2	2
7	127
26	76
6	694
9	395
0	15
17	526
0	3056
35	1841
1960	3281
3	1266
0	0
0	850
0	0
0	0
0	0
0	0
0	0
0	0
0	0
0	0
0	0
47	114
1	111
0	62
865	100
1	51
1	11
3	42
14	1211
45	1254
38	984
0	250
0	111
0	378
294	539
0	61
0	184
1	101
14	162
4	70
2	68
3	21
2	0
0	0
949	0
0	0
0	0
0	4940
576	4948
1	600
0	986
0	845
0	431
0	118
0	572
0	1418
99	60
0	60
2038	318
11	741
14	728
2	1
9	14
0	0
0	0
0	0
0	0
0	0
0	0
0	0
160	103
17	102
9	0
1	13
205	129
0	0
0	0
5	129
127	142
0	134
12	122
548	1
1	1
0	154
1599	4377
48	4302
115	4338
1	2160
12	3932
0	1241
0	0
0	0
0	0
0	0
628	14
8	13
1	64
358	281
2	5
0	34
2	46
0	246
9	32
8	103
8	103
186	1834
20	592
0	77
0	1324
0	341
1	7
0	190
0	36
0	0
0	0
4	161
4	163
0	66
1	50
0	11
0	82
1	84
0	21
0	9
9	2073
1303	2080
0	2007
1	1620
0	1526
0	268
183	12
344	0
4	57
0	57
117	303
0	221
0	137
4	168
3	35
0	26
11	60
2	0
640	275
3	275
11	1236
3535	1239
0	0
0	2
0	2
2	1
2	30
0	30
0	0
0	0
0	0
399	2003
23	2166
7	1984
0	125
0	11
10	39
43	10
0	1078
2	1258
0	1223
0	696
42	1074
51	893
2	64
10	471
1	178
0	137
1	139
11	66
2	5
0	0
15	49
14	1
0	23
1	1080
0	0
0	0
993	1
3	1
0	0
0	0
0	0
0	0
0	0
0	0
0	0
0	0
0	0
0	0
1251	2646
8	365
10	62
0	1
6	1902
0	4
2	68
1	0
2435	85
1	46
4	38
2792	705
33	363
0	191
2	158
3	81
14	44
6	0
7	193
2	28
0	100
6	78
3	245
7	62
7	20
3	6
0	81
0	100
0	1063
5	1063
0	39
1251	1294
10	960
18	485
2	1167
1	362
0	246
0	399
1	936
0	71
1	24
0	135
5	51
3	5
625	1345
3	607
1	93
2	0
2	23
246	1154
0	1165
27	1131
0	306
6	281
189	1249
0	287
0	4
10	146
0	97
0	716
2	47
1	452
4	416
3	0
5	58
0	0
0	0
26	181
951	601
0	420
121	3339
0	121
3	283
0	0
6	55
6	1
4	3048
10	3054
11	591
5	107
0	1216
2	366
9	443
0	3144
5	479
11	425
0	334
0	103
0	0
3	84
0	0
538	58
7	58
13	395
0	171
60	472
1	407
0	114
0	19
30	14
1	200
0	2
0	7999
12	8522
52	2400
0	5380
2	3422
66	1440
0	2947
5	3635
0	428
0	3482
0	1981
20	3920
0	575
0	93
0	197
0	2864
1	251
52	91
25	490
0	1585
40	367
0	147
13	54
15	894
5	937
1	780
0	0
0	0
0	3
0	3
9	3417
176	4153
25	3756
0	996
2	1180
0	859
4	215
0	438
5	148
1	1
0	0
0	0
0	208
0	176
1	105
0	3
2	3
33	155
1	49
164	164
7	51
1007	846
1	413
0	467
0	166
0	21
5	118
43	180
7	52
2	49
1	1
1	78
4	2
0	2
2	41
163	0
20	179
0	1
0	22
9	142
0	18
0	2800
62	3154
0	1
21	765
0	16
4	16
3	1338
12	3009
0	4
0	4
0	2
0	0
768	14
0	8
1	6
311	46
15	46
1382	823
0	297
0	257
7	464
10	11
0	0
0	0
46	1107
122	1118
162	882
21	517
13	85
20	107
0	183
0	225
0	279
0	65
0	37
0	0
1	34
0	34
0	18
21	13
0	11
0	14
1	47
6	47
6	4010
416	4538
1	1457
0	820
0	6
0	3
0	2
0	2
4	5
1	3
0	8
0	0
0	3
0	0
0	0
0	0
0	0
5	414
0	365
0	411
1	9
0	110
9	768
0	728
1	111
0	14
0	114
0	46
10	133
17	117
0	189
5	58
0	15
67	353
528	354
4	67
0	9
3	0
0	0
0	0
6	544
6	278
22	0
0	122
0	292
0	313
11	380
2	16
0	59
0	38
7	42
0	52
5	50
0	40
22	74
0	1
0	0
0	1
9	31
0	4
0	2
0	2
0	0
0	0
0	0
0	0
81	0
0	22
0	23
0	26
1	27
0	22
0	18
3	19
0	18
0	0
0	1
0	1
0	20
0	1
0	1
0	1
0	0
6	1
0	1
1151	182
2	147
0	1
0	36
46	1079
5	1035
0	513
3	105
0	582
1	95
1	0
0	20
103	30317
955	30897
14	1707
950	2935
3	1407
0	25
198	421
2	0
3	420
0	14
101	405
484	405
1	119
0	133
0	56
0	18
0	15
0	3
0	0
16	0
1028	1
0	0
746	547
42	458
4	10
2	89
1	38
6	21
0	4
0	20
0	3
0	1
0	0
0	0
173	2
2	0
0	0
0	0
0	0
0	0
789	0
0	0
22	21
1	7
0	11
146	774
1213	959
30	770
0	167
24	3
0	137
14	0
3	52
0	0
0	0
0	0
0	0
0	3
3	4
1	1
1	1454
121	2705
0	2705
5	858
36	1198
11	6
6	21
0	20
3	2622
1660	426
1	424
4	58
16	59
14	37
14	20
5	2
2	5148
4	123
76	5714
1	1138
0	3364
2	3915
0	1477
0	3512
6	558
0	1859
42	5371
6	3604
0	4267
0	268
29	3857
62	1983
8	562
16	640
3	319
0	0
71	3278
0	1208
0	791
1	736
67	792
2	430
2	139
12	88
0	3335
0	1
0	2
4	3
0	3
1	3
0	0
44	1025
0	0
0	0
0	0
594	1
0	472
0	1248
0	1422
71	1437
0	26
75	633
128	80
0	633
0	80
25	80
0	4
0	4
0	0
4	209
2	197
1	67
1	60
4	156
1	6
0	36
0	138
4	145
0	76
6	65
0	20
0	209
16	263
2	573
398	1102
0	91
1	41
0	3
29	21
7	508
1	30
0	0
0	0
0	0
0	0
0	0
0	0
0	0
0	0
34	10
132	10
131	28
0	27
0	374
1	328
241	486
0	0
0	28
0	14
2	377
0	84
1	107
620	254
3	254
6	5236
0	4897
0	3283
3	4366
9	5125
0	4050
0	4428
52	65
2	0
0	348
0	342
0	264
2	291
1	3297
3	54
0	7
9	163
1173	5832
255	5832
7	396
3	44
1	195
0	10
4	43
0	195
0	0
0	0
0	0
2506	5604
9	5604
1	1182
3	21
30	179
7	175
0	49
0	15
0	0
0	2
2	1139
685	1554
1	1551
0	385
1	4
342	481
12	532
23	86
0	535
0	0
0	0
0	0
0	373
5	409
6	354
0	126
13	46
1	178
0	189
0	2
0	8
1	14
0	15
0	1
1	344
22	351
4	296
10	329
0	319
0	326
0	28
0	245
14	104
5	54
4	1
1	5
0	22
0	1
15	24
0	33
2	0
0	0
0	0
901	554
4	20
0	6
0	0
292	0
1	1141
6	1046
0	383
0	355
0	28
32	24
1	10
2	7
0	822
452	25
0	7
0	18
2	0
0	1
4	0
0	0
0	1
3	363
3	20
0	307
1	18
0	15
4	249
0	45
10	1
0	158
0	214
0	252
57	626
453	1335
5	479
27	213
6	153
0	21
0	4
7	20
0	14
1	7
26	0
2095	123
0	123
21	599
229	1887
54	744
780	1596
22	1114
585	540
0	61
3	241
14	84
0	299
0	61
9	59
0	77
0	27
0	175
931	36
0	0
0	0
19	0
0	0
961	137
2	18
2	57
1	54
1651	31
6	24
31	30
17	0
804	15
1	3
0	14
6	63
0	63
15	93
2189	580
0	159
2	1
0	85
1	46
525	357
1	0
2	869
257	1285
3	90
0	1071
10	17
0	0
2	1006
0	89
8	336
0	415
0	77
0	0
81	168
11	86
1	117
0	0
0	0
0	0
2	0
0	0
0	0
0	0
2	1
0	1
0	0
0	0
0	0
0	0
5	0
0	0
0	0
0	0
0	0
0	0
0	0
0	0
0	0
0	0
0	0
0	0
15	0
71	611
20	597
20	50
37	358
0	1
2	0
0	357
3	429
9	2005
1	680
36	1140
3	47
5	1555
2	1103
29	715
6	131
0	60
0	0
0	1103
0	0
1	0
0	3318
13	2151
39	4995
1	106
132	4903
0	1963
0	2147
0	328
0	159
0	45
6	343
2	171
0	144
0	69
0	4904
0	4712
12812	5425
0	5418
2	1386
0	1309
5	140
0	29
8	1079
2	16
0	14
0	37
0	111
1	3
0	13
1	10
2	84
0	0
4	19
156	260
0	262
5	257
14	11
0	1
66	0
4632	4450
4	3908
0	1469
0	563
0	332
0	0
0	0
0	0
0	0
0	0
0	0
0	0
0	0
324	0
0	0
0	0
0	0
0	0
3	814
12	921
0	630
0	523
51	742
3	129
3	0
0	0
0	0
2	767
12	995
0	141
0	342
0	747
3	837
73	237
0	16
0	1048
5	291
8	937
13	218
5	67
0	102
3	6
1	68
24	22
13	77
1	33
0	532
287	537
0	179
0	0
0	0
0	0
58	226
15	789
1	791
1441	702
0	696
1	2
0	2
0	0
199	691
12	691
0	126
1	218
3	269
0	23
3	25
3	258
0	2
3	6022
17	8063
13	7162
0	6257
3	1448
7	55
38	3750
0	766
0	349
3	406
1	1
0	0
0	0
342	1837
135	1837
0	1699
0	94
0	360
0	0
0	0
0	0
29	1885
0	5
4	37
0	8
0	0
2	1852
27	1828
21	133
94	5330
22	5025
3	0
4	1099
0	467
0	124
10	1060
0	585
3606	1553
0	1551
4	161
1493	470
0	227
16	280
6	97
611	605
1	219
9	34
0	0
279	4796
35	5741
3	4964
806	1040
32	6854
0	9193
0	8876
289	1321
0	503
10	6
1	1259
192	2121
0	6927
227	8967
4	601
6	19
0	8967
2717	23326
14	18400
283	20525
1	1049
4	983
0	0
2044	1
0	0
0	0
0	0
136	1491
1603	1492
4	0
1	0
0	0
0	0
994	1099
0	1098
2890	0
0	0
0	1
1181	568
21	0
21	206
0	568
2	3
28	22
0	0
0	22
351	112
0	52
1	45
15	0
0	55
1	0
1	1
5	49
9	34
3	48
1	0
0	0
0	0
0	147
12	143
1	87
4	176
1722	1727
1	306
28	1594
2	1
25	918
16	0
1243	1
8	1
3	903
112	903
78	903
1	221
0	100
0	2131
10	917
11	917
3	1194
97	2125
1172	2213
1	167
0	95
3	458
12	1703
160	1
156	24
0	23
13	364
21	365
3	357
0	410
0	83
0	45
12	4
0	12
0	2
0	0
3	11
0	412
2	373
2138	1641
1	136
0	55
372	1808
2	20
0	105
14	242
155	236
1	36
0	198
2	30
0	0
12	26
8	8698
743	8698
30	419
1	73
0	19
0	0
10	1276
0	79
86	1169
0	5
0	113
6	5
9	32
5	96
1	682
62	3758
2	260
14	576
129	1189
43	2517
10	2484
12	1871
15	55
2	492
0	42
100	1990
1	88
0	152
0	1
0	1
0	0
0	1
0	1
0	0
2	0
0	28
0	27
0	0
0	0
0	0
0	28
0	28
81	1708
17	2279
4	1312
13	580
5	172
23	2188
0	0
0	0
0	0
0	0
0	0
0	0
0	0
0	0
0	0
0	0
0	0
486	235
1	90
4	100
13	96
0	0
0	0
0	0
0	0
0	0
105	8700
0	13
1	5956
0	8975
18	8706
0	0
0	0
1997	2
331	1473
50	975
0	202
0	347
0	121
0	0
2	1
0	1
7	42
0	3
201	93
0	43
0	21
2	0
0	39
0	0
1	8
17	5
0	23
0	19
0	0
0	0
0	1
1	29
0	0
0	0
0	25
0	28
0	1
0	0
0	0
0	0
3839	2077
25	2077
28	0
749	103
0	103
0	0
0	59
348	401
4	342
0	0
0	0
0	0
0	0
1927	1330
345	1556
0	478
1	80
0	0
0	0
0	0
0	0
0	0
0	0
0	0
0	0
0	0
0	0
0	209
5	192
6	323
0	118
1	167
0	243
1	0
883	1227
0	1061
0	13
0	0
0	3
1	21
944	188
1	188
0	2
1	79
2	0
7	828
2	847
0	102
0	160
0	150
0	142
0	0
0	11
1	9
0	100
3	0
0	0
0	0
0	0
0	0
60	119
0	2
0	58
13	29
0	7
375	5018
0	1327
0	2182
13	23
7	159
0	1322
0	815
0	483
9	846
0	48
0	135
0	5031
2	7
0	5
0	3
0	6
12	603
167	799
0	12
1	135
0	5
0	0
1	196
9	233
7	128
4	326
7	248
1	31
6	53
0	28
0	129
6	79
9	78
29	135
0	275
25	273
2	281
1	25
1	2
0	2
0	2
1415	316
5	107
0	45
829	3476
0	365
4	1333
11	3339
146	0
27	738
49	738
8	6
1	32
9	42
2	1585
126	1788
48	1496
4	134
0	1366
8	18
0	262
0	80
9	188
2	24
0	19
0	59
0	0
347	33
0	32
0	173
0	0
0	173
0	170
0	173
0	0
4	7
0	2
0	11
4	24
0	173
1375	0
0	80
2	16
0	13
3	0
0	86
5726	1521
16	403
0	371
0	110
0	1088
1	2
0	48
0	0
0	0
10	105
0	105
0	3
0	0
0	0
0	0
92	4
0	27
3	22
11	22
19	2
5	242
0	242
5	0
1	44
290	0
0	0
578	1362
0	1310
3	1266
0	369
2	241
0	134
0	0
0	2807
9	9338
1	7648
5	95
0	41
0	5955
0	806
1	2805
0	765
3	48
0	8374
0	1517
0	1704
1	1413
0	8374
1400	0
431	1
17	2017
2	2085
0	1917
0	76
0	186
1	181
2	39
0	1233
0	2032
1641	0
11	938
48	1004
0	29
0	66
7	1
0	1
0	0
0	0
3	9
0	14
0	9
0	2250
6	637
0	391
3	385
17	0
0	2250
0	24297
7	19092
45	6606
1	154
0	0
4	0
0	24297
30	1226
55	1003
0	157
3	1238
0	66
64	1207
0	14
27	43
3	10
2398	537
11	524
46	5
0	69
0	0
0	0
0	0
6	38
2	69
0	0
0	0
0	0
30	189
102	189
70	182
2	85
272	6484
17	6463
1	6482
81	6033
151	5327
4	297
1624	1463
0	149
1	163
5	23
0	1
0	1123
0	10
0	127
3	12
0	3
0	0
0	0
0	0
0	3
207	880
46	869
0	39
3	195
0	193
0	98
11	36
38	35
58	786
11	738
43	98
74	539
0	489
8	0
29	39
2	21
0	105
1	45
0	3
14	3
0	0
0	0
990	135
0	100
0	32
0	978
0	932
3	224
0	62
4	538
110	131
7	16
2	73
0	49
0	27
0	0
0	0
0	0
3	687
22	689
0	30
0	675
10	61
8	10
2	9
0	0
8	549
0	22
32	515
42	514
6	66
33267	9253
19	9218
4	6014
4	5392
7	4249
11	81
17	5743
16	5936
121	5962
157	4281
9	163
1	21
79	40
2	14
42	53
11	5
1	4
0	0
0	0
0	1
221	309
2	131
0	0
1	21
0	10
0	4
1	177
0	23
1	13
0	31
0	13
0	13
0	17
0	17
0	9
0	4
0	0
38	1305
54	1305
20	2918
9	0
7	625
1	329
0	2564
2	2737
0	47
0	185
0	98
0	98
0	7
0	0
3	5
4	0
0	0
6	107
0	64
19	107
0	56
9	44
87	144
0	69
4	33
0	70
4	0
0	0
0	0
0	0
0	0
17142	11
2274	3551
24	3550
0	463
10	529
109	809
3	74
1	0
0	0
407	1422
8	604
0	906
55	697
0	25
2	0
0	950
5	5
13	946
1	209
0	947
0	73
3	68
1	17
0	73
177	2879
22	2600
61	1918
0	2
0	41
1	40
1	182
0	38
0	172
4	74
0	182
0	0
0	0
0	0
0	0
12	26
64	1367
28	1425
0	1275
1	686
0	734
0	768
0	738
1	77
0	548
0	623
0	672
0	706
1	232
0	581
0	666
0	687
0	691
2	8
4	161
0	54
0	37
0	58
3	407
0	43
1	42
1	1
0	22
0	24
0	80
0	58
1	34
15	70
0	38
1	14
0	648
0	0
0	0
0	0
0	0
0	78
3	1820
0	829
0	737
0	575
0	489
3	313
3	1158
1	1288
0	60
27	291
0	1887
285	305
3	223
0	82
0	2
10	35
3	35
0	3
0	3
13	740
25	411
6	336
14	733
0	16
0	10
0	0
0	0
0	0
4160	6747
7	6249
0	2759
1	520
422	1136
0	1272
0	920
635	4700
27	2610
42	4699
0	351
7	830
6	8
8	284
91	416
0	280
0	0
0	0
0	0
1358	334
0	308
0	286
0	25
1634	1
0	0
0	0
17	663
128	812
1	1011
10	1226
0	1978
6	671
11	179
7	219
6	59
0	7
1	1748
25	21
4	21
902	892
1	829
0	134
2	401
0	483
1937	628
1	621
4	9
0	529
7	473
0	483
0	434
375	2022
2	1736
0	1479
6	192
3	926
0	925
0	160
1	155
1815	384
0	116
8	267
0	90
0	0
159	85
3	28
81	1055
0	334
58	638
7	977
0	122
0	20
5	0
0	8
4	3
1	25
0	2
53	308
0	308
0	39
0	7
0	13
0	52
0	0
158	27
425	1584
87	1163
47	126
0	722
160	722
0	155
0	2
0	2
0	0
0	0
0	0
0	0
7	786
6	923
18	881
1	737
23	79
0	241
0	0
31838	1807
33	878
0	898
3	0
0	624
5	218
0	393
1	482
0	499
0	160
0	144
0	746
0	90
0	47
0	57
0	760
16	516
0	522
79	877
306	812
2	181
0	8
0	77
0	96
114	211
0	1
1	144
14	73
0	5
0	11
0	1
0	2
0	36
5	63
85	5139
22	5143
0	1
1	679
0	50
0	118
0	53
0	0
12	0
0	0
0	0
0	0
0	0
0	0
1422	3598
0	3497
0	100
98	451
380	474
2	15
22	246
4	293
59	147
0	87
0	76
0	0
0	67
0	33
0	59
0	79
0	81
210	284
4	47
0	21
0	0
10	16
0	269
1	9
0	106
1	313
5	518
0	720
4	182
22	372
38	331
0	27
1	31
0	97
0	252
1	142
27	11
352	3124
0	223
0	41
5	204
1	54
1	204
31	227
7	648
38	107
1289	473
45	517
6	81
0	3098
219	1945
12	613
16	1037
10	228
0	339
0	99
8	134
0	38
1	248
1	70
11	305
0	124
0	138
2	6
3	89
3	49
0	34
4	0
0	2
0	2
0	0
0	0
376	3993
12	1518
193	3897
123	5700
236	5607
4	35
7	2591
0	260
13	245
0	472
0	5252
39	5338
2	2356
0	3509
30	3436
0	3704
0	3936
10	999
2	618
0	338
5	8
0	8
0	8
0	6
0	0
0	0
0	0
0	0
0	3
0	8
0	5
0	8
0	8
0	8
0	0
0	8
30	1510
0	695
2	650
1	3
6	14
4	5
2	0
0	6
0	2
0	1543
3478	1278
0	550
2	834
2	699
47	223
6	236
0	236
0	236
0	64
468	1686
28	1333
1	1490
0	196
31	68
26	107
202	119
8	22
2	12
30	17
0	0
9	5713
0	5541
21	2292
6	1361
0	0
0	1157
4	13
2	871
19	671
1	348
0	0
0	202
0	59
4	0
0	1
0	238
3	332
21	407
12	418
2	23
0	15
0	156
1	168
0	222
443	173
35	32
107	180
0	13
3	10
19	0
8	367
116	1802
1	1522
32	154
15	10
61	55
1	54
31	0
0	2
0	1
0	0
0	0
0	0
0	2
0	0
918	0
230	918
0	27
0	569
2	278
1	115
0	18
0	0
0	0
0	0
843	302
3	246
74	224
2	3
0	0
0	3
0	0
2472	702
0	468
0	377
0	335
0	61
9	104
0	0
0	1884
0	355
13	35
0	35
0	0
0	0
0	0
2	76
24	12
1	12
21	1727
0	47
9	1463
0	230
9	0
1	98
23	78
0	141
1	98
1	5
1	637
0	185
120	17
0	61
1	18
0	29
0	176
0	0
281	430
3	57
1	1
12	373
0	0
0	0
0	0
0	0
0	0
0	0
0	0
0	543
11	665
0	660
0	553
0	15
0	101
217	85
12	37
0	37
0	1
0	9
0	564
0	8396
2	230
1	9087
0	9334
0	8444
1	173
4	944
36	1332
30	0
4	6640
0	9112
0	0
0	0
0	11
0	0
10	838
63	991
11	55
60	910
296	3928
0	2634
11	612
40	2907
0	2832
4	35
12	21
3	21
4854	1285
15	193
0	1262
1	711
20	17
32	868
1	417
0	65
0	868
3	4
0	0
0	5
0	0
0	3
0	0
0	0
0	0
0	0
0	0
0	1
1	3
0	2
0	0
1347	4957
0	2965
112	4774
0	612
5	0
9	5563
0	4964
0	4803
26	5563
52	490
0	12
839	478
2	65
0	22
3	131
0	255
0	0
0	38
15	269
0	321
0	270
1392	128
12	90
0	4135
0	3099
3	262
1231	474
51	246
10	230
10	0
35	24
1	523
1679	538
0	92
1	0
183	0
0	0
0	0
0	6
0	1
0	0
0	40
0	0
107	753
0	165
2	508
0	398
0	0
5	33
1	0
3	1
0	0
0	0
0	0
0	0
2077	95
0	93
0	820
40	55
0	29
0	5
0	66
127	0
0	442
2	436
1	441
4	443
6	96
3	40
3	65
0	18
0	13
35	75
0	19
0	8
0	6441
2	6695
1	1697
0	6809
200	6148
12	5580
0	1366
8	76
0	0
0	0
0	0
0	0
0	0
0	0
0	0
0	4098
0	466
0	1
5	35
0	0
0	0
0	166
11	72
4297	467
0	210
2	210
4	420
106	0
749	116
11	116
0	0
0	11
0	48
11	48
0	11
0	11
0	9
0	8
0	8
0	501
1	501
3949	454
725	15
10	10
1	5
529	144
10	14
10	38
2	58
0	63
0	1
0	68
1	0
0	1723
0	1465
0	2078
16	2156
7	1843
0	1617
0	7
5	230
18	3
1	14
14	30
2	37
3	0
3	38
6	35
0	1
0	0
2040	869
7	745
0	37
0	42
0	0
0	0
557	11041
505	11041
22	87
18	87
232	1136
0	825
3	1046
0	119
13	1
2	0
388	3014
0	119
2	942
0	473
2	16
0	128
72	2959
0	0
1	262
11	2
7	0
18	139
0	95
0	13
0	137
1	16
80	16
1	5
307	148
7	148
180	9245
243	9046
3	7914
24	0
164	3424
0	0
8	0
0	10
1	3
95	709
0	88
0	19
0	52
0	573
255	236
4	169
3	58
1	12
1	0
0	0
0	0
0	0
336	0
40	149
0	127
0	39
0	149
0	73
0	142
0	0
0	0
0	0
0	0
0	0
0	0
0	0
25	103
0	78
0	6
2	74
249	817
31	511
5	74
33	308
3	552
5	57
67	1
0	1
0	253
2	352
5	440
15	3438
3	2968
0	1426
0	1023
4	298
0	684
0	686
1	1796
17	3001
1	989
1	974
14	116
0	1886
1	1803
0	579
88	801
0	0
0	0
0	0
70	703
41	1018
25	710
24	35
11	586
6	37
60	577
0	205
0	60
0	15
1	2
12	471
3	42
9	66
5	40
10	110
0	171
0	56
0	112
0	3
1	4
101	0
378	2302
1	1620
0	46
0	45
0	46
0	47
0	1029
0	126
714	0
2633	848
6	813
4	152
0	7
13	33
42	5436
603	5436
15	82
2	47
21	14
112	2688
34	3212
19	3094
230	4615
0	3059
0	5101
18	1102
1	2547
14	1208
2	41
8	2
0	2
0	0
7	0
6	160
0	6
31	152
1	0
0	151
10	13
0	141
0	9191
619	9379
0	2875
0	2584
6	0
2	4
0	4
10	4348
282	4405
9	59
0	819
0	911
0	1305
25	202
0	324
0	0
0	194
14	56
0	910
0	22
0	258
1	30
0	56
8	0
0	82
3	12
1	67
3	28
0	234
0	339
0	1315
20	0
225	1
0	1
224	568
0	492
0	25
0	76
34	5
0	5
6	600
28	644
29	451
135	700
0	168
0	2
0	161
60	155
0	57
0	29
0	0
773	177
0	177
945	730
0	3
0	727
1	110
2966	537
13	537
3	2
28	266
1	221
3	244
15	1174
19	0
47	404
4	198
0	231
7	232
0	232
17	227
65	227
1	109
8	4
0	0
86	457
2	457
825	0
437	2841
2	264
0	273
0	255
0	18
0	260
0	256
0	4
0	0
21	128
28	150
76	286
21	180
0	29
2	56
0	0
17	239
5	192
0	239
0	2
0	1
0	0
8	2
1	0
16	57
0	239
362	1158
16	1158
4	0
16	483
2	226
11	0
0	0
0	0
0	0
0	0
47	377
15	388
0	20
0	55
0	48
0	0
4	0
0	30
0	31
0	0
0	66
0	37
2	64
0	64
0	66
0	0
0	0
0	0
1	120
2	53
2	16
0	0
0	38
7	5
0	2
0	108
3	356
0	22
0	353
0	32
0	168
0	22
0	232
0	259
0	158
0	150
0	1
0	137
0	2
0	20
2	41
0	136
0	165
0	144
0	129
0	151
15	920
1	47
18	1157
0	55
0	1024
1432	1082
1	1040
7	75
1	1
0	1
0	0
0	0
731	1
188	0
233	190
0	189
2	50
1	48
0	0
0	1
0	0
1	7
0	4
1	2
89	26180
0	5335
0	352
6	10377
30	7312
17	3125
33	3157
3	86
0	24384
877	1009
9	882
5	695
26	343
48217	8175
44	8123
32	659
0	659
1	659
5	651
0	657
0	232
2	277
0	593
0	84
0	6
0	2
0	0
1	0
25	1719
0	22
1	44
7	113
1250	1734
3	88
10	1444
0	55
1	0
17	1529
0	1365
30	1627
3	808
56	50
1	23
23	27
0	0
0	0
4	18
0	0
23	66
2	66
49	962
0	524
7	683
0	871
0	83
0	31
0	86
0	2
0	96
1	351
4	440
0	22
0	53
0	86
0	132
14	117
0	12
1	124
0	2
0	0
0	2
0	1
0	0
0	0
0	0
898	0
1	25
0	42
26	768
4	151
7	7
0	0
0	0
107	3
3	3
40	0
0	0
0	2
0	1
0	3
0	14
0	13
0	6
0	2
1	24
4	24
808	456
1	89
0	0
26	242
0	450
0	0
0	0
0	0
0	0
0	0
0	0
0	2
0	0
0	1
0	1
0	0
685	301
0	236
7	301
15	158
36	139
0	131
0	105
1	3
1	27
8	0
13	11
60	273
0	14
4	272
0	25
0	7
27	20
7	32
1	0
0	3
0	9
28	27496
209	28463
279	12518
8	12331
6	7850
0	5594
1	16
0	28370
0	27511
3	1
0	3
1	0
0	3
51	579
0	558
1	445
0	29
2	84
0	34
0	467
28	474
0	497
17	482
0	710
0	826
0	766
1	717
0	752
18	826
0	612
0	377
645	121
32	323
0	322
0	24
0	43
0	833
0	834
0	825
0	0
0	0
0	21
41	24
2	26
3	8
2	22
0	18
0	2
0	0
291	470
108	470
4	987
37	915
0	491
9	114
1	21
1	0
0	0
0	0
0	0
0	0
0	0
2	3
2	406
0	2
0	352
5	373
3	1
4	20
1	32
1	0
1566	644
27	644
395	373
0	304
0	6
0	2
9	0
54	305
1	683
1	0
0	446
1	1555
0	1503
212	1012
0	483
0	406
2	11
1	223
8	241
0	109
0	228
0	19
215	2353
0	0
3	1997
59	15
65	170
0	337
0	2007
7	14
1	0
0	9
6	840
0	23
0	19
4	108
19	107
0	10
0	821
1	7
0	7
854	858
6	856
0	0
0	0
0	1
0	1
0	1500
4	1581
0	1550
1	1276
0	1147
0	1012
0	1567
0	99
0	102
9	142
0	19
13	150
0	0
0	0
34	28
0	26
1	1
0	0
2	8
0	0
0	0
0	0
0	0
0	0
0	0
0	0
0	0
9	16
2	15
0	0
0	0
0	0
0	0
168	1885
0	1823
0	1743
0	66
3	58
4	169
13	408
2	56
2	19
8	0
0	19
2	37
0	12
60	220
0	61
0	77
4	21
0	93
0	58
9	54
120	62
673	4842
127	4841
3	223
12	368
0	0
26	368
29	202
2	10
0	845
107	846
58	844
5	411
2	427
0	19
54	1
2	0
28	42
2	45
0	12
3	5
0	21
0	3
18	103
1	103
0	1
0	3
3	3
0	3
0	1
5	8
4	5
0	8
0	0
2935	1480
15	286
6	6019
93	5961
7	4953
78	6173
8	2663
0	2178
46	1291
0	4
0	1005
0	893
0	0
0	0
0	0
0	0
944	1065
9	763
0	0
1	336
0	22
0	0
1743	178
3	176
16	0
0	0
0	0
0	0
0	0
0	0
0	37
0	37
0	3
2	17
2	473
6	435
4	241
0	39
0	0
4	2
3	4
0	27
0	5
0	0
0	473
55	441
3	374
5	57
4	78
4	322
3	417
1	66
0	0
0	0
0	1497
0	570
1	205
0	104
0	9
1	431
33	433
2	436
0	240
133	256
0	69
0	56
0	14
0	0
2	18
371	5290
22	5147
4	563
7	31
7	1474
4	138
2	211
0	234
0	628
24	144
13	0
49	1467
0	867
0	92
57	1669
20	1722
53	1701
3	1712
0	0
0	25
1	45
0	1673
1	0
279	3141
8	2379
7	3864
0	1999
16	157
24	2009
0	2813
1475	7294
496	4669
0	345
0	428
32	5969
0	1403
0	0
2	941
304	4704
1162	2941
72	3076
0	0
13	87
25	1
46	41
35	66
2	28
8	28
3	1
46	43
0	3
0	39
5	18
579	2864
44	0
1	212
1	293
6	128
0	154
3	148
0	57
0	3
0	25
0	7
1	50
3	1
0	1
0	868
29	658
21	685
1	270
0	267
0	486
0	61
0	7
0	8
0	810
0	75
0	65
0	68
68	300
3	16
0	3
0	0
3	285
1	19
0	1039
432	1041
7	5
31	383
0	882
9	10
0	27
0	715
0	662
0	808
0	872
11	830
0	778
0	1047
0	1021
0	369
0	37
2	0
6	845
38	845
0	15
9	315
8	365
16	305
3	43
1	187
3	85
8	82
0	80
4	0
0	14
0	14
0	5
0	9
0	7
0	1
0	0
0	408
0	0
0	18
168	1624
0	268
0	286
46	1520
0	0
0	15
0	0
0	0
0	0
0	0
0	0
0	0
0	0
0	0
0	0
0	0
0	0
0	0
3	9
0	9
0	0
6	16
502	82
0	29
0	50
478	104
6	95
0	47
2	34
0	0
0	0
0	0
190	1
27	0
383	1516
2	1310
0	119
0	18
0	48
0	63
1	5
0	6
0	6
0	21
0	1
17	132
2	0
0	26
0	52
17	66
0	48
5	54
4	119
0	117
1	23
0	52
0	1
2	110
438	875
67	206
7	21
1	38
0	9
0	9
0	9
0	4
0	0
1283	1
973	31
0	31
3	342
4	336
0	210
0	23
0	52
9	75
2	141
0	99
7	26
1	114
0	16
0	79
7	2
2	6
0	15
0	15
0	1
0	0
0	341
0	0
0	0
0	0
170	1039
56	1036
0	1039
0	0
0	6
0	6
0	0
0	0
1	0
0	53
3	158
0	92
0	122
0	96
0	55
0	0
0	0
0	0
20	535
26	641
8	420
0	62
32	1
13	771
1947	697
1	0
0	0
0	0
0	0
0	0
17	206
0	108
2	71
5	15
0	206
2	0
0	0
0	0
0	0
1281	26586
30	25539
0	3829
0	5284
1	3276
1	5
0	7
0	8
0	2
0	0
67	1483
87	1591
0	745
0	457
0	205
0	694
0	600
3	500
0	841
0	991
2	1234
0	321
3	175
0	192
0	241
0	1105
0	106
0	1105
0	420
0	1107
0	1105
0	745
0	737
0	365
0	11
3	139
0	0
0	1
8	1
0	1
5	141
2	45
5	119
0	112
0	92
0	0
0	21
23	851
5	800
0	370
3	17
0	83
11	22
5	1
8	0
11989	34
0	23
0	0
0	0
7	1191
4	1170
61	267
41	1054
143	255
15	261
53	1007
0	82
0	128
4	212
4	0
37	3
4	61
0	122
0	0
0	0
206	1
0	21
700	21
0	263
6	259
0	262
3	173
45	180
0	279
0	59
0	58
4	51
0	3327
106	4146
46	872
6	1258
0	1664
92	2906
0	2763
0	3564
0	2761
1	2072
1	2856
3	3405
2	2506
10	845
21	2660
11	96
4	217
0	986
0	1253
94	246
3	740
13	733
87	32
0	32
0	5
604	13
8	13
7	359
6	382
0	24
0	6
2	201
7	111
0	33
0	38
0	0
0	0
2941	735
0	553
48	361
0	119
2	7
93	72
0	17
9	69
0	10
4	45
0	14
1	0
0	2
0	1
0	1
0	0
0	0
0	0
0	0
1012	1
0	325
0	444
0	669
9	22
12	242
18	354
0	20
0	9
0	9
0	737
0	404
5	15
0	15
7	2
1	0
1	5
0	3
1	5
0	3
0	5
0	1
0	1
0	0
0	0
1	0
4	2254
182	2373
74	125
48	682
3	320
0	94
6	85
0	87
5	0
0	80
0	556
2	842
0	70
17	174
14	723
0	7
0	721
1	1
0	62
0	38
0	1
26	0
0	64
2	58
31	6
1	42
0	5
0	0
90	0
6	7
8	48
2	10
0	8
17	0
415	258
0	97
3	22
2	140
550	213
2	6
11	41
203	270
0	223
0	153
1	21
5	18
0	0
6	102
0	1555
0	32
2	117
0	1531
2	726
0	0
0	0
146	9
1	9
0	8
0	8
0	0
0	4
0	2
2	2
0	1199
28	1199
0	179
18	257
0	742
25	719
0	70
0	498
0	4
13	37
21	859
0	740
49	848
0	104
0	34
1	263
0	146
39	1555
53	55
2422	2493
3	2217
2	107
2	1284
0	0
0	0
3974	579
3	578
0	2
0	2
0	2
6	90
0	0
1	94
0	94
0	25
0	13
0	35
2	58
1	58
0	51
0	43
0	38
0	43
0	13
0	5
57	3489
2	1590
11	3420
24	2545
0	212
7	266
2	175
4	13
0	10
1	82
302	42
2	2042
5	1644
3	1782
0	1700
11	1308
0	977
2	595
3	439
12	118
9	47
7	45
0	39
0	808
0	0
0	33
36	77
0	77
3	80
0	0
3676	1
0	0
0	0
0	0
0	0
1	1
0	0
0	1
0	0
170	35
6	36
3	20
56	0
357	148
2	12
0	136
1374	3999
12	329
0	111
12	330
3	342
626	65
0	64
65	2040
1467	2010
12	273
0	739
0	303
0	65
23	248
1676	4002
0	0
3	0
0	0
0	7205
500	7252
903	7339
0	7227
2	1923
31	131
10	169
2	0
14	617
0	0
0	0
268	804
6	784
234	576
2	576
2	23
0	6
0	16
0	16
0	17
0	1
0	1
0	0
0	3
0	4
0	1
0	1
0	0
0	0
0	2
37	879
1	832
16	837
1	15
0	45
4	72
6	5
6	118
1	91
0	311
1	1063
6	1078
3	32
1	57
5	8
34	12
13	1313
57	2
2	1268
0	0
0	129
0	56
0	13
1	198
0	14
3	0
3	1308
0	0
0	62
0	0
0	136
0	733
2	46
0	33
0	0
0	0
285	24
0	8
11	11
4	6
12	100
0	119
22	29
0	1
0	56
0	1
0	1
0	0
0	0
0	301
20	47
0	24
7	34
0	2
0	45
0	0
1	1
2	1670
5	1739
31	1829
3	1630
13	1492
0	0
0	0
12	5305
0	4970
0	214
20	1073
0	3939
0	4668
14	268
5	406
2	1024
0	3093
50	289
0	35
80	1569
0	0
0	0
12	1767
5	1019
13	5428
2	8
0	8
0	0
0	0
316	17
0	17
1	64
18	66
0	59
55	62
7	55
0	0
0	0
0	0
0	0
1046	306
10	182
14	155
22	977
14	1137
0	1090
3	1097
0	571
0	575
0	2
0	55
0	8
2	26
0	2
2	264
0	58
0	19
1	6
0	4
0	3
7	3
0	0
0	2
0	1
3781	577
18	576
1	362
11	0
10	527
1	505
0	0
0	0
228	0
1549	570
0	570
0	485
14	293
0	0
0	173
1	93
0	78
44	36
1	33
0	11
0	5
0	20
0	6
0	6
0	5
152	108
0	85
14	23
42	92
9	92
207	1020
1	895
0	582
0	297
27	245
2	2
1	59
14	44
2	267
4	242
3	187
0	16
0	52
0	6
0	0
0	0
0	32
0	36
0	28
0	0
0	0
1	0
0	0
0	0
0	0
286	136
0	128
7	0
6	2
0	1
8	14
0	0
0	0
0	0
707	260
1	260
4	0
0	0
5	0
189	182
1	107
0	88
9	27
11	5
0	4
3	2
1	14
9	280
2	52
3	31
1	0
0	523
11	0
30	547
4	22
4	321
3	367
13	164
0	4
42	514
0	3
35	0
0	50
0	3
0	34
4	34
0	30
0	0
26004	18456
5	2641
0	1394
1	6532
5	3673
1	5496
0	2686
6	548
0	188
2	20
0	22
0	0
3	28
0	101
0	0
0	0
0	0
0	0
0	0
0	0
28	8
0	0
0	1
0	5
0	3
41	321
0	97
3	212
1	39
0	132
2515	590
0	0
0	0
1	0
0	0
0	0
5	0
0	0
306	1340
3	777
13	310
0	628
0	117
0	5
9	105
0	117
0	0
81	23
0	18
1	13
0	5
6	0
4530	8
0	0
0	0
144	1578
4	1578
0	80
0	178
9	7
4	2
0	2
0	16
1	16
2	0
0	1
1	83
0	1
2	8
0	3
0	63
1	77
0	0
0	0
0	0
0	0
0	0
0	0
0	0
0	0
0	0
1	1154
1	73
0	43
310	1317
0	39
0	46
1	122
0	85
0	1086
0	145
0	259
0	387
0	0
2	0
19383	23799
19	18249
0	0
0	0
258	23023
93	9602
0	7
69	23034
13	23024
2	0
0	0
647	120
0	35
795	469
0	1
0	469
0	42
0	45
0	0
0	142
0	0
0	0
0	0
0	0
0	0
0	0
0	0
972	214
0	19
0	32
0	64
0	131
0	266
0	280
180	445
22	99
0	2
1	92
7	90
7	15
1	162
2	1
2	24
6878	1326
3	56
138	1316
0	0
5	32
37	2964
285	3164
1	224
0	0
3	0
1020	1566
46	1028
0	568
7	75
3563	7326
10	7505
176	7053
25	165
4	625
5	291
42	393
4	392
1	32
0	78
0	75
0	398
40	1390
7	2763
0	95
0	2
0	2763
1	6
0	25
0	22
0	3
1	6
8	32
0	3
3	29
251	581
4879	3258
0	1656
0	444
0	1595
0	3183
0	1474
0	2331
2	1148
0	3185
0	0
14	2
0	2
2	1
1	0
0	0
0	0
0	894
3	2833
1	1662
3	2547
0	1659
0	0
0	0
0	1876
258	3270
43	0
17	2103
0	0
0	3271
5	234
12	0
3	953
32	1143
0	495
6	0
30	1143
0	122
0	124
3	111
6	101
0	16
0	7
0	41
0	0
5	37
1	35
1	0
0	0
0	4
0	5
0	0
0	0
0	0
0	0
0	0
0	0
1	31
0	1
0	0
0	31
0	0
0	0
0	0
0	0
0	0
0	0
0	0
0	0
0	0
905	676
2	503
0	30
0	115
1	0
0	0
18	65
0	7
0	1
1	32
0	32
0	649
0	0
0	0
0	0
0	0
0	0
0	27
0	27
1	26
0	25
0	9
0	27
0	0
33	13
2	3
0	3
0	7
1	0
0	5
0	0
0	0
0	0
0	0
0	0
0	0
0	0
0	0
0	0
0	0
0	0
0	0
0	0
0	0
0	393
10	213
0	309
13	647
0	675
0	695
22	3
0	3
0	0
0	0
0	0
0	0
0	0
0	0
0	0
0	0
0	0
0	0
0	0
0	0
0	0
0	0
0	0
0	0
21	0
346	1461
4	1473
14	1430
3	326
21	375
0	303
6	43
23	135
0	0
0	0
0	0
1064	288
1	118
3	67
3	104
0	5
2	73
1	0
0	1871
0	1871
0	1074
392	1864
22	8
0	451
0	0
0	0
0	0
78	5
0	5
1012	1659
35	1275
11	557
0	403
0	376
0	444
4	427
2	425
0	268
0	200
279	2845
17	2893
0	824
3	358
17	356
0	87
19	24
0	22
0	7
0	10
4	53
4	521
0	331
0	72
0	52
1	84
1	107
0	629
41	358
24	442
30	390
10	136
86	349
1	0
1	231
0	101
1	0
1717	512
26	397
1	546
0	0
0	479
9	194
0	124
145	189
4	1
0	59
0	77
18	377
0	246
0	170
0	41
1	8
0	111
0	80
1	1
0	1548
9	474
39	465
1	444
0	30
24	1548
32	69
13	1268
89	89
1	1245
6	84
0	0
93	443
30	361
0	362
0	11
0	72
0	0
1	58
0	0
0	3
0	0
0	0
226	687
0	86
4	28
0	578
3	89
0	196
0	205
0	71
1	51
0	18
2	10
1	2
0	2
0	0
0	0
0	0
0	0
1	121
58	132
4	11
58	13
2	13
0	0
1	75
1	73
0	9
0	7
0	12
571	424
0	374
63	22
4	36
5	4
0	0
0	1
0	1
0	0
0	0
0	0
0	0
0	69
777	69
503	10914
3	37
283	11955
9	4053
1186	38
0	35
1	2
1202	4881
8	2963
43	1064
28	2038
18	827
7	46
0	0
0	0
210	12
0	2
0	12
1	11
1	0
0	0
0	54
132	54
9	106
10	667
20	608
0	9
0	213
5	39
0	4
2	0
69	1590
1	8
17	1584
23	22
13	25
3	1299
0	0
0	0
216	0
945	898
1	122
0	106
5	39
4	188
2	27
0	87
0	125
0	412
3	0
0	14
0	2
0	2
0	2
341	5000
0	4493
88	5365
109	4043
0	579
10	654
0	830
0	989
0	759
2	425
0	476
0	98
0	0
0	0
9	834
0	477
15	590
0	538
0	69
9	106
0	0
0	0
0	0
0	0
0	0
0	0
0	0
0	0
0	0
0	0
511	0
23	464
17	287
0	84
1	150
0	12
0	183
0	0
0	1
0	1
0	0
1663	840
17	839
0	140
2	24
2	0
5	260
3	193
0	111
0	274
0	0
0	48
0	39
0	22
1	63
1	55
24	4465
868	4466
2	3275
5	20
0	939
9	20
0	0
30	177
6	177
0	0
11	33
0	132
2	29
0	28
489	813
0	787
0	504
6	247
12	195
1	137
0	149
0	0
0	0
0	0
0	0
0	0
14	4
1	4
0	0
0	0
0	0
0	0
1	0
1	0
0	0
0	0
177	0
0	1
0	3
0	3
0	2
0	1
2	176
44	763
2	588
0	3
0	0
0	0
393	0
0	0
0	0
0	0
1	272
0	230
5	117
0	0
3	22
2	9
0	0
0	653
27	763
0	65
0	18
0	90
0	56
0	0
0	0
2640	8
0	0
0	253
0	0
39	253
0	0
0	0
138	272
764	272
173	34
39	15
0	0
0	0
0	0
0	0
0	0
0	0
0	1
0	9
1	8
0	9
0	3
0	9
0	0
0	0
0	211
113	462
96	267
1	5
0	3
2	25
0	24
3	7
0	25
0	24
1	3
0	1
2	5
0	3
0	0
0	0
2	2
0	2
57	18
2	18
4	28
1	31
0	11
0	5
19	0
4	107
2	107
0	3
3	16
162	1966
139	1961
0	3
25	364
92	53
1	53
0	0
0	0
0	0
197	39418
113	12571
5	11364
3	9747
6	19
0	1463
1	39124
11	252
0	130
0	227
10	987
0	987
12	990
0	49
4	6
0	0
0	122
0	54
0	92
1	2
0	0
0	2
8	905
10	30
2	30
0	41
17	898
1	32
22	143
2	185
0	116
0	8
1	277
598	2245
12	2069
3	177
0	0
0	0
0	0
0	0
13	0
0	42
8	2233
22	1787
0	2343
0	425
9	1555
0	2
72	24
3	24
0	24
0	60
0	60
6170	269
77	209
16	1340
0	3
1	6
4	56
0	50
0	1239
10	5
1	1108
3	454
6	1021
1	70
2	107
0	0
0	3
0	0
2	0
1457	1686
0	1684
0	171
0	0
0	0
0	0
0	0
0	0
0	0
24	0
0	2
0	0
0	2
5	0
0	0
104	6
0	6
334	1788
12	1796
22	1640
0	1637
5	1707
1	1561
72	1942
0	834
1	6
0	35
0	17
0	42
1	8
0	3
2	0
0	0
6	1604
3	535
2	221
29	1600
0	694
595	1
0	14
4	22
1	22
49	1539
3	508
5	220
0	1012
0	1310
0	59
1	100
0	0
0	0
2	1101
0	66
2	8
0	213
0	0
0	280
7	0
0	1
13	19
0	18
0	0
3719	2
0	0
0	0
0	0
1600	1
554	525
0	460
0	427
1	14
7	34
12	89
0	5
0	103
47	65
2	66
0	2
1	49
5	67
1	47
0	25
0	67
2	1283
14	1276
0	1161
0	1227
0	1085
14	991
0	18
0	109
2	36
0	51
2	21
1	20
0	19
0	1246
0	1277
0	1116
215	1522
10	1388
1	1079
0	0
0	0
259	324
1	306
0	320
0	25
0	310
0	263
0	0
1	147
0	147
0	0
7	471
49	108
0	13
13	65
4	345
10	25
0	350
0	97
2	76
3875	2369
1	2366
0	0
2733	4
4	2
0	0
0	0
1429	250
0	0
0	15
0	140
8	136
9	161
0	250
0	0
257	14
0	14
3	0
0	0
2	0
11	498
9	482
0	360
0	335
5	160
2	51
1	4
0	2
0	2
0	0
0	0
1281	1471
17	30
0	11
8	1441
1	267
21	0
76	1166
0	57
0	111
11	331
41	1101
0	205
1	210
3	505
0	467
0	199
1	178
22	370
0	0
0	5
0	11
177	16
20	1400
33	522
4	1000
5	1104
6	441
147	82
0	79
1	0
0	9
0	0
0	0
0	0
5441	860
0	117
9	98
40	742
10	536
65	369
0	108
8	0
16	15
3	18
0	0
482	9811
0	9811
12	848
0	692
1	177
12	1
46	4808
1	5117
47	3200
130	1928
0	2
1	132
14	448
2	107
105	3
2	0
0	0
0	0
0	0
0	0
226	220
0	68
0	105
3	15
0	1
2	95
0	5
2	23
1	39
0	6
22	482
0	6559
5	6305
0	891
2	0
0	0
35	16149
3	16410
2046	15684
551	12266
2497	15074
1	1772
0	145
50	12
11	17
13	202
24	132
3041	305
3	303
2	7833
0	7833
286	78
0	0
3	23
0	55
0	0
0	0
442	2
5	1424
40	1424
7	1418
0	67
4	41
5	37
0	31
0	13
0	12
0	7
0	3
9	2
0	2
3	0
0	0
24	0
9	831
474	4332
136	4321
28	992
1	0
0	0
1	0
0	0
5	27
36	181
0	27
246	236
4	131
2	0
327	0
2137	106
8	106
0	0
0	0
0	0
0	0
2	63
3	63
0	63
0	63
0	0
0	0
3	2
0	0
0	2
1	0
0	0
0	0
0	0
0	16
36	74
0	0
1	15
0	73
0	17
0	44
0	2
2	4
0	20
233	1502
3	955
17	412
0	1372
0	346
6195	4
3453	2085
0	7
165	2084
0	0
0	0
1	0
0	0
4	390
0	351
3	289
0	520
9	288
0	136
2	128
2	42
0	456
0	166
0	308
0	0
1	106
2	75
0	50
21	736
1	733
0	289
0	209
1	161
4	158
0	46
0	20
0	77
0	23
0	13
0	0
1	7
4	96
106	96
0	0
200	11002
0	9419
1	598
0	170
0	190
0	190
0	167
4	160
1	0
0	84
0	119
0	102
0	122
0	75
305	349
172	348
86	1616
61	613
1348	1619
17	349
0	0
0	0
0	0
0	0
0	0
0	0
0	0
106	6530
20	2766
1	2906
2	30
37	1222
47	154
0	13
67	240
4	41
9	215
0	94
1	1
0	58
0	11
990	339
0	24
0	111
0	39
0	14
0	21
0	165
0	21
2382	399
0	397
0	0
0	0
0	0
0	0
0	0
0	0
0	0
0	0
4	0
0	82
6	75
1	165
5	111
1	187
0	152
1	0
0	0
0	0
586	403
1	401
10	0
0	0
0	0
0	0
0	0
0	0
0	0
0	0
0	0
0	6
6	9
0	8
6	0
0	0
0	0
4419	352
0	68
0	226
1	2
2	28
1	10
0	117
7	13
854	0
3929	1690
1680	1690
0	206
433	2360
2	1254
1	7
0	1395
0	1902
0	0
0	164
56	1509
0	0
0	0
0	0
0	0
0	0
507	483
0	203
0	4
0	0
1	50
0	34
1	534
0	2133
0	10
4	13
0	2099
0	11
0	1
1	436
78	191
2	2041
2266	413
10	303
0	125
3	268
0	76
2	16
7	15
96	334
0	276
11	75
65	123
1	25
1	11
0	6
0	16
0	0
0	100
0	56
40	3
1	0
20	864
3	818
8	474
9	481
20	485
0	267
6	230
1	103
6	135
0	177
39	205
1	200
0	35
0	27
0	2
1	201
0	4546
7	3508
6	776
0	58
2	131
9	4226
0	0
32	0
0	0
7	0
0	0
0	3
1	2
0	3
0	0
0	0
0	0
0	0
3795	790
0	789
0	0
0	0
0	0
5	7
25	539
5	540
0	23
8	9
5	69
0	75
101	104
0	116
1	79
0	93
0	20
2	0
0	116
7	120
10	2706
6	2932
0	2284
4	2668
116	3348
0	2925
0	1170
95	528
30	706
1	94
3	117
6	67
3	70
0	198
54	107
1	10
1	70
45	433
2	594
6	1690
202	1763
8	112
0	62
2	62
18	1
3	0
0	0
0	0
328	1225
22	657
0	3
0	30
0	0
2	11
3	1226
0	528
0	14
0	658
0	16
33	339
16	1034
21	548
0	146
1	649
29	1353
3	869
29	0
0	3586
31	5258
0	4271
0	4083
157	6799
145	299
38	2107
2	109
3	107
312	4353
13	4910
54	4807
63	266
0	2
3	264
0	3
0	6
1	1354
184	4071
18	619
602	2740
1	119
2	13
1	13
0	0
0	0
176	343
0	343
0	0
0	1
0	1
0	1
0	1
1	1534
59	1642
6	132
0	1589
0	0
4	0
0	0
0	0
0	0
0	433
2	571
12	1103
2	1152
8	915
6	940
10	0
6	2
0	12
2	325
5	989
20	1256
13	803
2	895
3	294
52	1398
1	265
0	0
0	0
0	0
0	0
117	0
21	759
14	808
0	871
0	129
0	758
0	10
0	2
0	0
0	6
0	6
0	0
0	0
0	0
0	0
0	2735
1	2613
85	125
0	125
26	24
0	3
0	11
0	11
0	11
2	683
21	494
0	13
4	213
1	2
0	100
0	33
1	6
7	61
27	320
1	117
2	1
13	19
0	639
0	0
0	0
0	0
18	232
9	232
31	0
9	203
0	333
182	616
0	287
2	1
6	23
834	237
0	47
1	190
2	34
0	29
1	15
1	5
12	1
23	0
39	702
45	721
0	712
16	186
0	96
1	8
0	332
0	320
16	321
17	321
16	283
0	153
29	2
0	712
1	636
0	794
0	584
77	740
1	727
1	722
0	728
5	560
1	580
1	213
2	301
2	0
1	0
518	274
13	273
1	55
0	0
55	70
1	20
4	10
1	33
9	29
2	14
20	302
12	1108
0	11
2	0
0	1545
35	422
2	353
12	190
0	1
2065	1500
131	451
1	451
1	6
0	72
2	123
0	94
0	102
0	25
0	59
0	4
15	1997
2	1661
1	1997
123	2114
0	406
0	36
0	22
0	290
8	46
255	1082
4	637
9	302
0	23
0	193
0	328
0	11
1	10
0	17
0	8
25	327
72	866
30	1479
28	1338
4	326
17	135
0	28
0	1
4	0
2	100
0	84
0	100
0	97
24	565
0	518
0	222
35	74
1	172
3	54
1741	4
3	21
2	878
65	1010
10	0
2	45
0	1013
8	876
29	677
1	779
70	826
3	31
0	71
0	26
2	20
0	0
576	786
0	26
2	23
0	99
1	398
2	446
83	382
93	1039
0	951
0	652
3	1756
0	60
0	69
0	49
1	16
0	98
0	0
2	242
0	22
372	341
16	247
1	73
0	49
0	7
12	14
1	0
5	1753
0	5
0	5
0	0
0	0
0	0
0	0
34	1473
1	1434
12	24
4	243
0	0
0	34
0	50
1393	1057
13	913
27	791
1	88
209	878
0	6
20	269
1	3
0	1
0	5646
237	5761
173	4965
0	407
28	292
0	265
27	290
0	22
0	43
0	6
0	2
1	1
0	0
0	0
0	0
1649	1584
0	32
0	181
22	1374
0	0
0	0
0	0
0	0
38	2746
1999	4511
19	733
0	311
29	760
1	316
3	21
0	59
2824	2254
93	2236
0	644
1	199
104	0
0	0
0	0
0	0
0	55
0	17
0	0
88	139
0	51
4	21
3	117
0	27
19	231
1	93
0	240
363	0
0	1
3	1
3	0
0	0
231	218
82	144
62	33
0	86
655	2
3	1349
0	207
0	152
60	17
1	165
0	217
3	4
55	209
3	4
0	1136
11	268
8	1353
20	377
1	6
0	3
0	209
0	10
0	6
1	167
14	43
3	324
106	41
0	554
9	1350
182	66
0	13
2	46
0	0
1	3
0	0
21	0
0	0
0	0
2	50
0	71
21	10
1	62
0	3
1	6
0	1
0	0
401	795
0	597
1	697
0	94
0	11
129	1
0	0
0	0
0	0
0	0
0	0
0	0
0	0
0	0
263	146
0	85
8	99
2	33
17	3390
171	305
1	96
0	209
11	71
0	114
150	2095
1	955
0	772
1	548
1	606
0	439
0	315
0	193
1	2
0	0
0	1
0	0
0	2
0	0
0	0
1	107
0	9
0	0
0	9
0	0
0	107
0	0
0	0
0	0
0	0
0	0
1	0
0	0
0	0
0	0
550	5719
21	5792
21	584
2	79
0	125
10	966
2	0
22	0
6	667
4128	2523
45	1331
0	546
10	577
22	237
7	237
1	145
2	235
0	191
0	233
0	195
0	199
0	190
0	195
0	206
0	127
5	4
0	4
0	1
0	0
0	0
85	0
20	140
0	178
0	70
0	52
78	1365
774	1466
0	0
0	103
0	312
5	296
2	122
0	183
0	104
0	74
29	2297
5	2399
36	2271
0	2461
0	67
3	9
0	112
2	0
16	83
0	0
78	0
40709	2269
19	2228
741	0
0	0
1	0
61	120
0	120
168	491
133	4533
12	184
0	412
2	4561
0	87
100	4093
2	0
3	628
8	361
4	0
3	179
33	1021
1	2831
2	0
2	136
0	877
0	2923
8	2
70	1
0	13
3	57
0	74
0	30
0	492
716	392
0	271
0	185
0	238
1	104
0	76
0	0
3	54
165	54
176	3903
12	369
0	3175
227	3808
0	0
0	0
11	30
9	43
0	21
0	29
10	33
0	0
1	0
863	154
4	7
0	76
4	2
4	66
2	10
0	0
2	0
0	0
150	773
73	733
3	154
1	2
0	2
12	0
0	0
0	0
0	0
0	0
0	0
0	0
0	0
0	0
0	0
486	2502
2	2134
7	45
0	7
1	701
1	791
0	59
5	0
10141	7111
5	6113
0	2343
3	42
7	5
5	1691
0	0
330	0
0	0
0	0
0	812
0	639
0	405
0	160
1	202
0	62
0	812
0	0
152	243
0	243
8	0
0	0
20	2457
574	2364
6	236
35	206
9	295
55	642
1	105
0	577
0	78
2	81
49	103
3	91
2	8
0	30
0	43
0	23
9	3
0	0
699	36
1	22
0	0
228	218
0	288
0	129
2	208
92	554
2	47
0	138
0	42
0	0
0	4
10	76
0	0
2	3
1	70
2	0
0	0
0	4
2	3
4	4
12	0
0	0
0	0
0	0
0	0
613	469
0	416
0	297
11	25
0	0
1	13
1391	48
1	42
0	22
0	36
0	0
0	0
0	0
0	0
977	1
0	0
0	0
0	0
75	11237
32	10955
240	11219
69	2082
5	1308
0	1240
0	777
11	180
2	0
7	2
1	2
0	11254
3	43
0	0
2	65
0	65
0	1
0	6
2	2
0	7
0	0
0	0
0	0
0	0
0	0
0	3
21	3
0	3
0	0
43	0
17	520
13	191
3	265
1	580
4	256
1	241
0	218
164	730
2	0
392	0
0	0
219	83
16	83
0	0
658	161
9	2
8	157
124	257
0	181
0	0
0	0
0	37
0	15
1	12
0	9
1	0
0	9
0	0
2	257
0	9
0	7
69	9122
3	8315
12	3731
0	8023
0	3396
4	3491
2	231
5	195
0	8682
12	2944
90	744
0	8735
0	344
32	9065
0	387
0	374
0	8042
1	500
0	5
0	31
0	400
28	7
0	8805
0	449
0	383
446	22
53	27
4	22
0	45
4	45
0	26
0	29
0	0
2074	5696
5	56
0	55
0	1
0	1
0	0
0	1
0	1
0	14
0	14
1	9
0	8
0	5
9	2
961	21
0	4
0	17
0	0
0	0
0	0
0	0
0	0
1496	1331
22	1329
0	0
1	0
0	0
0	0
0	0
2404	3
9	410
113	364
0	110
12	69
27	62
8	62
601	5
70	5792
257	5857
113	834
5	25
2	377
21	377
0	781
0	845
6	23
0	28
0	4
0	0
0	3
0	28
10	0
0	404
0	61
6	47
12	60
0	40
0	120
0	476
2	0
0	10
0	9
21	1185
0	1185
4	810
6	600
0	442
24	614
5	185
4	448
23	799
238	538
140	509
26	9
4	179
0	93
1	5
40	0
529	1480
0	1462
1	21
0	1158
0	1317
0	0
0	7
2	0
7	614
0	406
37	613
2	457
2	206
0	235
215	497
492	1667
1	490
0	313
0	191
0	1498
1	196
0	150
4	560
9	36
0	5
0	0
28	41
0	57
0	1
2	17
0	0
0	0
235	673
8	673
0	0
0	1
0	1
0	0
643	686
0	5
0	600
1	283
0	0
471	7013
35	6917
0	629
7	534
11	446
2	109
3	0
0	4
8	8
0	3
1	9
0	2
0	3
0	0
0	0
0	0
2	6389
0	6388
70	6389
77	7226
0	17
0	0
0	6685
10	336
516	529
1	329
0	24
0	196
3	9
0	528
0	233
0	10
0	2
0	73
1	20
0	201
0	232
3	579
0	528
21	33
2	5
0	3
0	33
720	451
16	268
19	19
5	273
2	0
819	619
0	575
63	277
0	0
0	0
0	0
0	0
2	0
49	31
2	6
3	25
0	0
0	0
0	0
2	307
29	377
18	332
0	46
3	5
0	5
9	9
2	10
0	405
4	439
0	6
1	429
773	57
0	57
0	0
1	25
0	25
0	25
0	23
379	149
10	149
4	2
63	2
0	0
0	0
0	6
146	18
9	17
8	735
1054	936
3	25
0	149
1	43
0	24
0	0
3	424
0	418
0	422
0	452
0	315
0	450
123	351
137	557
1	51
3176	4
43	765
31	916
0	693
1	67
11	12
10	41
3	106
0	19
0	34
273	98
1175	163
0	28
0	132
0	59
31	126
0	6
0	0
171	2817
17	0
0	108
0	501
0	712
0	228
0	2825
0	0
0	487
0	297
11	35
0	152
0	215
0	473
393	46
0	7
245	7
0	21
2	25
0	25
1	16
0	16
0	22
0	13
0	22
0	23
0	19
129	1159
34	1159
4	18
21	55
7	52
2	0
0	0
12	0
5	338
0	27
0	292
1	0
0	25
1	231
3	0
0	3
0	0
0	91
0	0
0	0
0	2
0	2
0	2
518	1319
9	1029
0	514
14	302
336	0
0	0
0	0
0	0
0	0
0	0
205	10416
91	11129
2	2399
0	5360
0	5360
0	5056
0	2420
0	1726
0	1
22	0
2805	601
2	372
0	600
0	25
0	0
0	0
0	0
0	0
0	0
0	4
0	4
0	2
0	0
0	0
59	168
0	163
0	12
0	1
0	1
1	108
41	57
2	58
0	53
0	25
1	0
0	0
110	3318
21	74
0	140
0	0
0	13
1	3191
0	0
0	0
43	0
914	586
0	584
1	204
0	2
0	0
207	0
0	0
0	0
0	0
0	0
0	0
0	0
315	123
1	97
0	109
5	13
1	6
0	4
24	455
5	455
17	45
2	0
0	57
0	0
0	0
0	0
0	0
0	0
0	0
1	0
303	383
4	0
0	114
23	68
0	262
60	16
2	6
1	5
0	0
0	8
0	1
0	1
0	0
0	0
0	0
356	375
0	28
8	375
1	20
0	0
0	0
1969	5481
35	5481
0	4
0	5
0	2
0	0
0	2
0	0
0	0
139	141
45	130
0	18
1	3
0	2
2	3
2	4
23	0
31	0
0	0
0	0
143	1843
18	127
0	282
1	27
1	1085
1	1
0	9
0	813
6	0
2	6
0	6
0	0
39	177
9	177
1	53
0	6
2	6
0	6
0	6
0	3
4745	631
0	629
0	0
0	0
23	47
16	30
2	12
1	46
10	36
3	0
56	31
0	1
23	3
0	4
0	4
0	4
0	5
0	6
14	21
1	22
0	22
1	15
0	0
0	0
391	935
4	538
0	307
12	285
0	245
6	76
0	0
1	5
0	5
0	0
28	210
4	15
10	224
12	155
0	155
0	5
5	5
3597	515
1	471
0	52
0	9
0	0
366	220
41	219
1637	226
0	224
0	302
2	632
0	424
51	373
0	272
3	336
0	33
0	0
5	24
13	18
4	25
0	15
7	11
2	13
1	2
74	0
0	1
0	1
202	519
37	521
0	193
99	133
9	46
0	0
0	0
0	0
0	0
0	0
0	0
0	0
0	9
56	193
0	9
0	29
5	81
0	61
0	86
0	0
5	78
0	30
0	0
0	0
0	8
120	612
1	283
1	243
0	306
0	13
794	2320
2	1179
0	1
0	398
10	276
579	840
0	839
2	19
0	0
0	16
12	24
0	4
480	148
0	47
0	26
0	0
1	12
0	8
0	1
0	12
0	67
0	2032
22	1027
0	1911
29	516
0	39
4	435
0	2036
0	2
0	2
0	14
25	318
0	5
0	149
1	239
0	257
0	145
697	313
0	0
143	234
16	233
0	0
0	0
0	0
510	790
19	790
0	333
2	43
0	0
0	0
0	0
0	0
0	0
0	0
0	0
204	807
9	729
4	731
0	73
0	0
0	0
0	0
45	0
0	38
0	0
103	13
1	13
89	1566
0	1602
4	1260
0	27
4	31
1	64
13	6
1	64
27	58
2	473
0	91
0	37
2	70
0	186
0	35
4	534
14	91
0	344
6	308
1	0
6	144
3	139
0	140
0	5
0	4
1	15
3	18
0	18
0	3
0	15
5	146
47	108
1	107
0	103
1768	379
0	8
2	300
3	188
0	111
0	241
4	177
17	3
4	0
0	112
0	204
6	189
0	43
47	54
0	25
0	20
0	20
0	5
0	0
0	4
0	3
0	3
0	2
0	3
0	1
0	1
0	0
0	1
8	114
1	0
1	113
0	0
0	0
0	12
88	2156
12	2335
33	1296
0	64
1	61
4	21
511	742
1	300
26	585
0	97
3	329
0	127
0	135
44	0
0	0
0	0
0	0
0	0
0	0
18	487
35	573
23	16
4	79
2	48
2	66
51	46
1	22
51	1
23	71
0	52
2	53
1	85
1	142
2424	651
0	176
0	178
3	354
5	164
0	286
0	268
0	0
0	8
2	27
1	35
0	2
0	9
0	5
0	32
813	0
36	1862
54	1782
0	1778
4	27
0	1800
0	1807
4	0
1	2
4666	424
0	419
0	122
0	122
28	122
0	95
882	367
3	364
62	3
1	152
9	152
0	127
2754	3
8	0
0	0
0	0
1195	2
0	0
0	0
0	0
0	0
0	0
0	0
0	0
0	0
0	0
58	17
1	7
0	0
0	10
34	258
0	0
0	258
4720	782
0	782
1156	293
2	279
0	12
4	0
3	1
485	710
2	379
0	140
2	23
16	287
0	8
0	8
4	0
1	0
0	0
4	48
1	23
20	47
82	569
1	569
11	444
0	344
3	15
0	17
0	0
0	2
4	225
3	205
6	185
0	105
2	6
22	20
11	12
1	5
0	45
0	29
0	4
0	0
0	0
0	0
4	2757
0	1575
0	1858
3	260
0	1586
19	1034
0	1300
0	228
9	2593
0	381
0	210
0	833
73	1316
20	370
7	133
0	18
0	519
5	302
2	0
6	42
0	63
0	0
0	0
0	0
0	0
0	0
16	950
1	693
1	607
0	222
1	0
204	644
0	543
25	115
4	14
0	1
28	15
0	4
0	16
1	0
1	0
123	1
0	1
4	0
0	0
23	287
3	11
4	289
17	290
2	287
2	39
0	69
3	53
5	134
2421	7
22426	41256
1	932
113	40353
0	38
0	3169
2	3706
1	15691
1536	1409
2	1391
816	4171
15	4171
3325	870
1	258
2	598
3	270
0	36
1	109
13	110
0	0
0	0
0	0
0	0
7979	19
5	11
0	3
0	3
0	751
5	868
0	154
0	80
0	23
1	0
0	0
2	0
1	1826
0	835
8	0
0	46
1	493
0	0
42	1856
0	0
0	0
0	0
0	0
0	0
0	35
0	33
6	30
0	19
0	4
4	33
74	14
0	14
0	14
0	0
0	0
0	0
0	0
11	10
35	1203
1	1176
12	1149
0	2
3	0
0	0
2	1194
526	393
0	159
0	128
0	4
0	393
0	0
8	471
22	471
12	0
0	46
0	0
0	1
0	1
0	29
0	37
0	14
0	0
0	32
0	3
0	21
1	15
0	1
0	1
1426	137
0	137
5	0
1	0
464	159
1	34
4	32
1	31
0	126
0	6
10	66
0	0
4	27
2	26
0	1
0	2
1	47
40	116
1	83
0	64
0	1
1	75
1	80
1159	370
2	337
0	33
0	6
0	6
0	2
845	1
49	4481
0	416
0	64
827	4278
2	25
0	244
2416	1112
0	90
0	1018
0	60
7	0
1	0
0	0
2	526
0	521
2	519
7	493
0	434
1	292
0	28
0	22
0	20
0	4
0	0
8	3
0	3
0	519
0	0
0	0
0	0
19	232
2	95
0	2
0	232
0	0
0	0
0	0
0	0
14	410
0	0
0	513
57	215
6	448
43	279
0	25
0	35
18	160
11	109
50	1260
447	1166
0	936
32	35
120	8
0	8
0	0
0	0
0	0
67	52
0	52
0	1
0	0
0	0
236	48
0	1
6	46
0	61
0	0
0	7
0	48
0	1
0	61
0	0
0	0
0	0
0	0
0	0
0	0
0	0
0	0
0	0
0	0
0	0
0	0
0	0
6	1560
8	1619
0	1803
11	351
1	198
0	1246
0	139
0	285
1	324
24	37
3	333
14	183
0	62
2	44
5	4
1	4
0	0
257	123
7	98
13	228
5	80
1	175
1	83
53	134
5	26
1	11
2	106
2	1
2	192
1	212
0	45
0	83
0	184
1	1
1	45
1	56
0	11
0	40
3	44
3	2
17	291
0	2812
1	3305
6	0
2	2491
0	11
5	16
0	1609
2	1551
27	3158
0	3256
7	953
0	142
0	129
0	236
0	2382
0	216
2	315
0	175
0	113
0	0
0	0
0	0
0	0
0	0
50	1266
10	2
0	325
1	1258
0	93
0	264
0	8
3	38
181	10
4	169
0	169
0	12
9	0
2	0
0	0
0	0
1996	2264
3	1798
5	1469
3	120
1	522
40	127
0	106
6	28
486	120
3	17
1	9
24	35
8	73
2	65
0	0
0	7
298	395
0	70
0	14
0	305
1	10
2	17
0	4157
744	5837
13	2261
54	5081
15	5293
333	5057
4	5064
55	4983
23	10
12	3583
12	8
39	5107
35	82
1	568
0	577
0	0
1	142
2	10
0	71
1	49
0	0
0	0
0	0
0	0
0	17
34	12
2	11
0	1
0	0
0	0
0	0
0	0
287	1705
96	1560
0	1659
0	101
16	125
1	0
0	29
1	29
0	0
0	5
1	233
0	90
1	89
0	44
0	7
0	0
0	0
532	7
1	7
0	0
0	0
0	0
0	0
0	0
0	0
0	2082
0	2057
0	2027
2491	3551
0	3484
1	2
0	8
0	157
11	1977
0	143
0	251
42	89
0	80
0	207
0	0
174	1678
4	1668
2	233
0	0
274	2046
0	2288
11	1749
1	309
2	0
0	203
127	39
90	163
4	0
631	0
0	0
0	0
0	0
6	14
0	187
0	302
0	167
0	217
1	291
0	179
0	299
50	214
0	0
0	1
0	144
0	20
0	264
0	1
0	0
268	20
2	21
1	16
3	1613
0	1658
0	599
0	555
4	439
2	38
1	18
0	2
0	761
0	1598
0	594
0	1
0	34
0	0
0	8
1	6
16	611
0	596
84	106
0	106
0	111
0	94
3095	5677
40	94
9	5667
35	0
0	0
0	0
0	16
0	2
0	16
0	6
329	12602
10	12672
0	12485
0	12737
0	10944
0	11265
0	11177
1	1977
0	2601
0	7
0	5
1	1475
43	426
0	284
2	11
0	45
31	286
9	290
16	30
0	159
2	12
4	5
1	2
0	16
0	14
9	460
14	557
22	88
1	517
0	11
64	80
4	61
0	3
0	16
3	4
0	0
0	0
127	0
408	0
0	0
73	1091
0	761
23	992
1	1016
1	93
0	0
0	0
0	0
0	0
0	0
0	0
0	0
0	0
1	466
98	406
2	196
0	65
5	15
0	10
16	6
0	492
39	628
0	692
16	312
1	24
0	2
37	10
0	0
0	5
0	9
145	8
0	0
259	14
0	13
27	185
0	1624
0	1417
108	49
4	621
0	518
0	0
0	9
4	99
0	152
0	7
4	50
0	0
0	0
0	0
0	0
0	0
0	0
0	0
0	0
0	0
60	689
69	689
4	3651
114	3651
0	868
5	600
6	753
0	776
28	833
16	226
4	81
0	35
0	0
0	868
2	1
0	1
0	4
1	4
0	3
0	3
0	1
0	0
0	758
0	871
7	1101
0	183
24	507
0	396
0	530
0	702
0	109
4	153
2	332
5	72
3	3
5	97
6	97
3	10
2	102
0	0
0	0
0	0
0	38
1	145
0	138
7	146
6	21
3	25
0	6
1	87
1	77
0	58
0	65
17	524
0	383
6	644
10	23
0	2
1	3
2	240
4	59
0	760
1	6
15	357
23	326
0	0
0	0
0	0
3	166
0	188
0	174
0	293
0	110
0	222
0	198
0	70
3	162
0	167
0	38
23	143
5	142
0	31
3	15
0	153
0	149
0	145
0	136
0	18
1	133
0	23
0	17
0	24
0	15
36	115
1	76
2	72
0	34
0	34
0	9
0	9
0	0
1	12
2	13
1	0
0	293
0	298
0	297
3	19
0	19
0	3
0	0
0	1
0	5
0	5
0	5
0	125
0	4
0	19
0	41
0	113
0	0
1038	639
169	638
17	1464
23	2047
1	1765
1	21
754	35
3	33
0	2
202	716
71	708
15	438
9	458
23	400
20	88
0	8
0	456
0	229
281	240
51	3308
42	75
2	3119
11	69
0	63
25	2830
0	15
0	300
285	3815
10	1323
1	59
2	39
6	261
0	1
0	9
0	2
0	1
0	0
0	2
0	1
0	9
0	9
0	10
7	17
3	14
4	14
7	14
2	16
1	17
2738	3
0	0
0	0
0	0
0	28
523	28
2227	0
13	0
10	25
220	0
23	0
678	67
0	1
0	66
11	913
75	2421
0	2120
0	19
0	19
2268	99
0	83
0	6
1	7
1497	2498
1	2515
6	2505
1	106
14	0
0	0
0	0
7	1964
178	7871
158	7902
2	0
32	14
5	1214
0	23
0	130
23	0
0	0
0	0
5875	8
227	2684
1	135
0	135
0	71
6	917
2	114
10	2664
2	363
16	387
0	391
0	8
0	47
0	54
0	161
0	126
0	105
3	67
1	0
0	14
0	126
1	167
0	0
146	605
2	113
1	32
1	495
0	0
33	139
1	4
251	538
0	512
0	46
0	25
0	11
0	0
0	0
0	0
0	0
14	39
2	39
0	0
0	0
0	0
0	0
0	0
0	0
0	0
0	0
101	40
7	38
1	2
0	0
0	0
0	6
0	6
30	341
0	340
5	106
0	0
0	15
0	60
0	27
0	35
3	2
0	188
0	0
10	42
4	16
0	42
1	9
0	9
0	18
0	18
0	19
0	0
0	0
0	0
0	0
0	0
0	0
2	615
6	114
161	554
26	553
0	861
15	170
0	689
0	565
3	98
0	0
0	861
0	0
0	0
0	0
0	0
7	336
1	5
59	334
2	285
8	0
28	895
0	80
1	18
0	0
658	1303
7	853
32	380
15	561
9	320
0	0
0	0
0	0
0	0
0	0
0	0
0	0
0	0
0	0
96	364
2	8
0	351
0	360
12	346
0	305
0	344
6	336
7	313
0	256
3	3091
0	4499
401	4223
2	560
23	2283
1	2007
25	41
0	1
93	9
0	322
0	0
1541	1
98	162
1	99
1	75
0	14
3	46
9	80
2	9
1	6
530	454
0	1
2	426
38	377
4	421
0	0
1	0
55	480
2	480
46	34
0	15
0	13
0	11
0	10
0	11
0	13
1	1103
0	415
0	546
5	861
0	344
8	51
17	308
10	0
0	0
0	0
0	0
0	0
1	8
2631	99
0	89
7510	5
1037	70
0	39
5	69
0	0
0	0
0	0
0	0
2094	2241
87	1955
4	218
30	28
0	10
0	12
0	283
840	4
2	3
19	295
0	81
0	64
3	4
0	18
5	29
0	16
0	1
0	251
77	77
4	49
1	48
0	25
0	38
0	10
82	28
0	15
0	13
708	226
2	23
4	94
3	115
0	0
0	0
0	153
54	163
78	86
6	9
1049	2
9	1
12	198
556	1088
1	393
17	867
0	417
5	382
0	4
4	48
0	0
0	0
0	0
34	163
17	66
3	158
3	304
2	294
1	275
2	317
661	274
0	0
0	0
0	0
533	804
36	1065
6	676
0	310
47	216
5	25
12	162
5	134
0	27
0	86
0	28
0	9
3	0
1	1
25	26
176	1730
2	33
0	0
0	9
0	4
13	1696
12	1802
0	39
0	141
1	342
3	179
0	1698
0	1698
35	1
0	1
0	0
67	990
0	502
0	3
2	544
15	597
8	800
6	30
1265	1419
0	1275
3	1350
0	18
0	78
0	101
2	36
1	5979
1	5979
0	5978
0	5978
1	5979
0	5978
0	5980
0	5979
2	1568
0	521
0	380
0	398
0	451
13	432
0	0
1	0
7	9
0	6044
0	5974
0	5975
1	5979
0	5992
0	0
0	0
0	0
21	0
0	0
0	0
0	0
95	963
4	48
87	675
14	1181
11	627
2	409
25	285
39	3
4	6
0	0
0	3
0	1
0	1
0	2
0	0
424	4117
0	46
728	6994
35	5864
0	146
7	687
2	665
190	2121
48	642
6	33
2	211
1	705
14	105
75	315
0	0
18	2
5	387
146	344
0	87
0	287
0	7
2	0
0	74
1	60
335	917
5	526
7	910
1	821
0	0
7	452
6	56
68	450
4	80
2	66
0	66
1	66
0	0
0	0
0	0
125	135
3	793
0	179
0	0
0	0
0	0
28	0
668	0
0	2741
0	3885
22	2658
27	3883
0	12
33	2000
0	2105
0	837
63	90
0	65
4	2
0	4
0	24
0	25
0	1
2	0
9	0
65	551
0	500
7	74
0	28
0	500
0	0
0	0
0	0
963	8
6	4
1	4
0	0
646	192
0	11
0	36
0	157
0	10
0	5
0	21
0	19
1	3
779	336
0	334
0	0
0	2
0	0
0	0
14	53
1	8
0	49
0	21
520	176
3	15
2	158
0	4
0	4
0	2
108	92
0	80
1	51
4	16
4	7809
0	4558
0	8049
117	5962
11	6174
22	202
28	9
0	0
25	101
22	121
13	23
2	3645
0	42
2	89
44	1097
5	134
12	60
100	262
3	143
10	135
25	863
534	195
0	883
8	69
4	7
4	0
0	0
0	0
0	0
0	0
29	3
0	3
0	0
1	3
0	1
0	0
2575	13
5	5
138	315
7	273
0	96
0	9
0	2
2	15
18	600
1828	913
0	181
0	657
111	916
123	558
18	523
0	92
0	428
14	119
2	324
1	343
0	309
0	274
1	40
2	130
0	0
0	8
1	51
0	250
0	295
10	1394
2694	2752
5	24
0	0
7	1844
1	14
494	166
8	166
15	2088
7	2027
7	2003
3	1457
2	1357
1	10
0	283
2	3
0	212
0	98
0	89
15	104
0	0
0	0
0	0
0	0
3	3
0	7
0	7
0	7
0	7
0	0
4	7
3	35
2	514
0	468
0	15
4	502
5	429
22	31
0	0
0	63
569	770
0	108
0	172
0	429
4	384
4	2
0	164
0	0
0	55
4	266
3	252
0	328
0	15
0	0
0	0
0	0
0	0
0	0
0	21
1	18
0	5
27	430
3	619
0	126
0	139
1	257
0	69
0	123
0	83
1	4
1	0
0	355
0	300
24	245
15	100
2	816
3	4
3	356
1	0
43	55
2	4
2	55
0	15
0	0
0	784
4	1758
0	1779
0	1253
2	1237
13	1225
0	283
2	244
0	5
0	0
3	27
0	0
0	17
0	3
0	17
0	16
0	16
0	0
0	0
0	11
0	0
6	55
0	55
0	0
58	66
0	0
4	60
0	59
5	36
12	36
2	1
4	25
0	20
620	1899
157	1811
0	1655
0	255
0	0
11	79
23	79
1	2
0	0
0	0
0	15
6	15
0	0
0	0
0	0
0	0
0	0
0	0
0	0
0	0
0	0
5	15
6	46
0	31
391	164
0	125
2	55
0	27
99	2057
9	1615
0	355
1	240
6	263
0	81
5	0
0	2004
0	0
0	219
0	15
1	5
0	82
25	238
427	1376
182	1376
0	342
0	0
0	107
8	53
0	0
2	5
1	683
2	1050
6	898
1	832
1	11
2	1
0	77
0	830
3	1
0	0
1	40
0	196
10	187
1	5
9	565
20	565
0	5
0	18
0	15
619	807
0	579
0	804
0	108
0	0
0	3
99	534
33	515
2	1
0	0
3	730
0	46
0	48
2	104
0	673
19	781
14	4
4	2
17	741
10	10
8	49
11	330
3	330
53	2215
3	956
0	28
2	21
46	1890
0	12
0	136
11	13
1326	1
0	0
67	30
13	111
2521	121
3	6
1	5
0	1
257	13437
635	13436
0	898
2	962
2	112
356	3258
0	2212
0	3144
0	2865
0	2879
0	3144
0	3144
32	1072
0	405
0	27
0	0
0	0
0	0
12	286
0	130
11	155
0	143
2	117
2121	8
1	5
11	171
3	174
1	15
37	24
4	11
16	2
0	6
0	2
0	0
0	6
0	0
0	0
18879	1067
37	890
0	160
0	0
0	0
0	0
0	0
65	136
0	135
1511	468
1	260
0	245
2	239
1	38
34	1252
0	980
8	1000
2	1089
1	1083
0	907
0	30
16	272
0	45
32	1
0	1089
0	3
0	0
0	0
0	0
0	0
0	0
0	0
0	2
2	2
0	3
174	2590
0	663
0	0
18	68
0	90
0	76
10	1947
0	0
0	0
1899	2
0	0
0	0
0	1050
1378	1436
0	1138
0	445
0	0
0	0
0	0
0	0
0	0
0	0
3	2084
0	410
1	408
0	217
4	248
2	407
5	195
1	3
0	42
0	238
0	2039
28	2025
0	12
9	19
0	1
0	16
0	11
9	63
0	32
0	31
0	7
0	99
9	146
0	31
0	11
0	28
0	23
0	0
0	6
0	25
3	0
2	14
0	16
0	5
7	2
0	2
0	0
0	0
0	0
34	1236
0	784
29	250
0	537
1	322
14	0
0	0
0	0
0	0
0	0
0	76
0	4
0	2
0	19
0	4
1	76
0	0
84	48
0	39
0	38
4	129
1	1281
624	1359
189	198
18	167
0	37
5	0
30	228
0	18
0	226
0	11
0	1
10	858
2	860
23	818
19	793
3	931
0	684
7	233
4	251
0	190
2	132
1	297
3	0
16	56
0	0
1	15
2	147
0	46
0	4
0	20
1	0
132	1111
0	422
75	1011
3	235
3	2
127	6743
8	944
5	4260
16	5760
21	382
13	339
0	265
3	684
0	443
68	6345
1	717
17	574
0	187
26	1044
599	1950
199	1262
1	161
0	0
1036	799
87	20
1	673
27	605
0	2
0	8
5	8
1221	2148
60	1997
28	114
0	1899
6	477
0	1123
3	102
0	14
1	19
0	3
0	2174
0	0
1	2458
184	2177
5	1486
42	2329
402	0
1	43
5	629
5	638
1	614
0	65
3	30
1	14
0	0
0	0
0	0
0	0
0	0
3423	339
0	2
0	293
1	293
0	72
1	2
1	2
654	2285
2	360
9	10
5	623
737	1265
34	1093
17	182
272	2043
11	2037
8	33
8	220
0	155
2	20
1	10
2923	3
0	2
541	2905
8	668
1	0
2	0
1	909
0	4
4	0
0	37
1371	0
692	47
0	47
416	0
0	0
0	0
904	673
1	545
0	151
0	1
0	1
0	1
0	1
175	6255
37	20
61	13
10	17
2	44
0	6254
0	245
5	693
5	688
11	241
21	60
3	15
110	4800
2	1167
2	536
0	1167
0	5
22	877
7	3447
161	5413
175	5362
0	0
126	2876
1	161
0	345
5	44
0	2876
168	50
0	0
0	0
107	0
4	0
0	0
32	131
0	136
0	136
379	963
2	145
0	636
19	18
0	61
0	298
2902	815
0	87
3	809
2	257
0	59
3	65
0	3
1	9
18	8
945	0
0	0
0	0
513	283
0	283
0	187
57	10
2	8
3	2
1	0
0	3
0	3
0	1
0	2
1	29
541	653
13	621
5	325
0	0
32	209
0	191
0	19
2	70
5	51
2	51
4	92
3	16
687	758
6	160
1	22
3	8
0	676
32	635
2	19
4	97
1	0
0	67
0	119
1	9
5	688
0	291
304	926
4342	1104
0	1103
1	0
4464	137
7	43
90	85
1	0
1670	157
0	55
3	101
0	306
0	249
0	270
54	703
0	235
0	646
0	641
0	651
0	29
0	21
0	17
0	8
2	23
0	54
1	41
5	37
3	5
0	0
384	2428
0	2422
0	2466
22	2370
0	2272
0	2282
0	1532
0	1641
0	204
0	14
0	22
0	135
0	26
1	91
0	4
0	1
0	2283
0	2403
0	2395
1	2
19	3
0	3
4552	16410
0	67
1	8201
13	8714
3	4458
0	263
2	4422
21	2204
6	799
453	10899
32	1243
0	11252
10	9081
0	406
26	185
0	831
0	0
64	954
34	954
0	157
181	768
75	768
0	0
1	449
12	88
85	236
29	403
0	76
1	298
0	7
0	78
72	57
2	22
12	372
0	0
0	23
1	110
0	22
0	23
0	0
0	3
6744	4
0	0
0	0
0	0
0	0
0	0
0	0
0	0
0	0
33	0
874	6277
0	5474
3	244
22	809
1	282
2	0
31	4473
1206	10392
0	7500
0	0
0	0
0	0
54	141
1	141
1	100
0	14
0	12
0	11
0	10
0	10
0	10
0	2
0	0
0	14
147	109
2	45
12	64
0	0
0	0
0	0
0	0
63	387
0	384
0	184
0	1
0	0
0	44
0	0
3313	11
0	8
0	0
29	313
2	97
0	42
0	96
0	50
0	110
0	3
0	55
0	308
0	34
2	1
406	218
2	0
131	218
0	42
0	6
0	6
0	6
0	0
0	0
120	1089
6	1089
0	0
0	24
1	19
0	27
2	112
19	79
13	79
0	14
0	18
0	0
0	0
0	0
253	1934
0	1907
0	1390
70	672
0	0
0	0
106	2476
522	2600
2	123
0	1936
69	1937
0	2450
3	28
4	33
117	1945
9	109
634	1310
0	111
74	521
2	468
74	358
0	509
0	41
2	62
0	91
0	0
0	0
0	0
234	71
4	38
0	36
0	98
3	411
0	349
394	9143
0	10957
136	4486
168	10319
1	232
3	18
11	2014
18	916
1	1703
0	996
10	586
13	58
548	643
2	519
1	97
1	376
1	375
1	22
0	14
4	203
0	0
37	363
1	336
5	50
0	5
0	2
0	1
0	0
0	0
1547	702
2	14
0	0
30	15
0	683
2	2480
1	2804
1	1434
1	1277
0	0
7	1286
0	0
0	0
0	0
178	248
1	247
0	248
41	0
0	0
0	0
0	0
0	0
25	38
421	109
2	71
0	0
0	0
0	0
0	0
1	0
0	0
8	330
39	591
0	364
35	309
0	304
0	35
1	26
1	1
1	0
0	0
382	572
0	572
0	232
0	685
0	151
0	628
0	717
0	519
0	475
0	347
0	390
0	93
1	57
0	50
0	8
1	178
1	4
0	48
0	0
0	516
0	612
0	462
2137	2344
0	1245
100	1484
10	8
18	54
0	1376
1	361
0	0
3	0
0	0
0	0
0	0
0	0
0	0
0	0
0	0
0	0
1	0
51	10
0	0
0	6
0	5
0	0
0	0
102	1258
0	1054
0	1188
5	261
0	92
0	146
1	213
10	209
3	76
0	2
44	115
0	113
1	0
1	2
21	11892
3	10518
5	10549
39	285
5	948
40	576
165	8632
12	821
51	6662
41	5599
29	334
1	8549
0	154
0	44
0	58
0	0
2	1
0	13
4	160
0	158
2	12
0	0
2	0
0	32
0	32
9	347
10	67
0	25
76	342
227	141
0	141
0	0
2	271
164	274
0	12
0	2
0	1
0	0
0	0
2	5
0	70
0	101
0	117
11	137
0	113
162	628
72	628
1	90
94	862
322	1132
0	187
5	448
0	16
3	166
0	18
3	26
349	3
26	321
3355	1481
26	1426
0	0
0	1011
43	1448
424	0
1424	5321
0	5321
0	2141
0	416
1	1187
1	882
0	456
32	1158
3	997
1	307
15	65
0	21
24	830
0	241
0	160
5	867
13	321
1	22
5	10
11	494
2	0
24	1
0	236
5	2
32	853
1	682
2	37
2	1
0	35
4	863
27	413
1	97
2	187
6	308
150	1652
8	285
2	281
0	831
3	56
31	1641
1138	302
0	31
0	0
0	278
0	236
0	220
198	128
9	8
0	0
0	121
318	4168
0	69
7	468
0	0
3	472
0	356
0	14
106	4286
4	1613
1511	38
6	38
4	3
0	0
0	0
4	2
0	2
0	1
21	314
25	211
0	314
4	91
24	84
0	86
0	49
0	0
2	16
0	96
0	89
0	0
0	54
0	8
0	0
0	0
0	0
0	0
0	0
0	0
0	0
0	2
0	2
461	0
0	3436
148	3771
345	3782
4	1132
0	1263
2	181
4	535
0	58
0	31
8	3699
0	1
20	0
21	61
0	17
0	3
0	0
0	54
1	39
15	44
6	7
0	4
1	9
0	0
0	18
13	32
2	19
0	955
0	396
0	29
0	3
0	682
550	1068
7	964
3	6464
0	1782
76	516
0	477
4	146
0	119
0	100
2	2
3	1
76	613
3	354
2	52
0	29
2	28
0	612
0	83
2	89
0	11
2	4
0	10
0	0
0	6
0	0
0	0
0	0
0	0
0	534
23	414
534	540
3868	1084
1	362
0	0
0	3
0	0
17	164
16	307
2	611
0	807
6120	1012
0	0
2	308
0	1604
750	1921
0	1499
0	1603
0	0
0	1
0	0
116	30
78	1748
0	1697
4	131
1	1259
0	3
0	972
15	4
0	1
0	1
0	53
0	52
0	1
3025	5
0	83
2	34
0	6
2	138
25	47
450	138
0	0
0	20
6	160
9	47
0	9
29	16
0	432
19	340
1	413
1	319
17	516
6	173
12	133
1	252
33	291
0	832
0	666
24	673
34	689
9	164
0	354
1	370
0	0
0	0
0	1720
0	1514
35	1222
49	1349
44	1350
4	223
0	204
0	0
10	215
122	1322
166	1459
3	1274
0	0
2	2
1073	2023
3	2020
3	1892
8	562
10	6
0	0
210	0
32	601
16	8
0	590
630	0
40	223
0	221
0	34
0	5
0	9
2	11
217	368
3	5
0	0
0	1
0	1
0	5
0	5
0	2
0	1
1	9
0	6
0	9
0	0
3	356
4	357
2	2
0	2
0	3
2	0
0	32
2	2
2369	4582
231	4385
9	942
0	3377
137	3566
0	2129
0	2932
0	4388
10	2047
0	1020
1	1053
0	1293
0	670
0	841
0	1324
0	0
10	27
61	10
9	23
0	62
5	76
32	386
72	364
624	162
17	920
0	2
1	22
48	1265
6	1202
108	840
0	726
0	885
19	83
2	1510
0	917
0	0
0	0
0	0
0	0
0	0
27	62
987	249
0	197
0	427
353	233
0	7
0	1
0	0
0	1
0	7
0	1
0	7
0	203
0	201
4	190
0	43
0	12
0	190
1	200
0	0
0	0
0	3
0	1
3	17
0	131
1	0
1	2
857	669
7	666
0	669
2538	2146
0	976
3	1711
0	1954
0	2048
9	2018
1	162
1	4
170	842
102	835
0	23
3	0
45	1
0	0
1	8
0	37
8	77
4	150
19	5415
11	5827
3	249
0	4
0	55
1	1078
58	2740
51	6032
66	5846
0	6076
2	712
3	406
6	1
2	144
9	139
3	376
0	208
0	158
7	436
30	433
0	199
1	184
29	151
0	8
0	180
0	13
1	34
8	24
0	23
0	17
0	0
1	146
0	0
0	0
136	0
18	569
23	601
3	74
0	2
22	11
0	390
0	102
0	61
0	1
0	0
0	0
4	38
4	29
0	9
0	24
0	28
0	28
31	4739
10	181
0	579
0	4414
1	157
8	586
1	129
0	4735
6	4338
68	609
0	574
0	196
0	110
0	56
6	41
5	24
5	41
2	528
3	13
46	5961
353	6961
179	7723
4	2866
85	5897
1	4895
26	2463
0	2766
0	255
3	415
0	109
0	138
0	128
1	15
8	209
18	2999
16	2855
6	2746
11	2743
233	2596
0	136
0	542
0	360
9	154
1	181
54	64
6	2
1	2867
30	3250
716	0
361	0
0	0
0	0
0	0
92	1659
1	1382
9	1125
160	1170
0	112
0	0
0	6
295	0
0	0
39	3
0	3
3	612
0	612
24	262
0	306
0	582
0	856
0	803
2	0
64	0
0	0
0	0
0	0
74	504
0	451
0	504
0	408
0	0
0	0
36	1
0	499
0	182
72	499
0	71
0	71
0	0
141	5956
502	6749
14	761
6	3212
7	5898
32	1903
3	2298
0	5883
2234	2274
54	1609
0	1165
1	0
0	0
0	0
0	0
0	700
0	734
0	43
0	122
1	42
0	9
0	0
0	15
0	456
0	6
0	4
23	670
3	332
0	0
0	0
439	82
1	15
1	6
0	23
2	77
6	69
195	106
0	87
0	19
11	0
0	98
0	91
0	83
21	89
1	83
2	26
0	17
118	257
5	243
1	243
24	427
0	1
0	1
0	1
0	0
0	0
1	0
0	167
0	167
346	22
0	0
0	22
11	3
29	0
14461	114
88	105
14	0
0	2
2	2
0	2
0	2
0	2
191	1
138	191
1	75
7	15
0	26
1	11
0	7
110	860
18	860
0	80
122	0
52	417
0	317
8	181
0	93
13	19
3	58
10	3
81	1363
6	1386
0	198
6	238
0	143
9	30
5	2
8	271
0	7
3	41
1	118
10	83
0	4
0	2
0	2
10	2
0	2
0	2
5	0
0	2
2	14
13	14
6	30
4	13
2	2
0	9
12	0
0	15
31	1676
0	158
0	176
5	15
0	16
0	1720
0	198
4	212
0	473
11	246
67	493
137	437
0	433
0	62
16	10
0	0
10	157
13	112
15	84
0	0
0	0
1	268
0	51
2	269
19	2128
231	2128
0	1
0	1
1	0
1022	166
0	5
1	20
0	143
75	16
0	16
3	1
33	1
0	0
0	0
0	0
475	1028
121	1016
7	15
6	11
712	1
0	0
0	240
0	0
0	0
0	0
0	0
0	0
0	0
4	144
0	158
0	149
0	132
1	2
1857	448
24	52
3	8
8	111
9	52
0	93
12	252
0	48
1	43
3	19
0	14
0	3
7	8
0	6
154	172
22	172
2151	482
1	482
0	148
0	0
1	0
0	0
0	0
0	0
0	0
215	0
227	427
0	405
0	18
2	3
0	10
0	1262
0	20
144	0
0	0
0	391
0	455
57	455
3	900
0	139
2	890
0	613
0	132
2	496
0	1
0	2
0	2
0	695
0	14
0	9
0	180
0	96
10	68
18	521
0	0
0	0
2	3
0	3
0	0
0	0
0	0
1695	1255
0	1297
2	959
1	633
0	22
0	0
7	1
1	0
0	1
33	0
13	0
1	3
4	3
1	0
3	7
3	78
166	78
0	0
23	0
1	7
978	809
2	831
12	821
632	51
5	51
0	23
6	17
3	16
36	2553
0	32
234	2591
0	6
0	53
1889	1930
28	732
0	157
3	55
2	67
0	0
0	35
1	35
0	36
2	35
0	35
0	34
0	0
0	36
0	33
2	86
0	14
0	45
0	14
0	36
0	13
0	4
0	176
0	1
14	26
2	144
0	21
1	126
3	31
0	80
4	3
1	0
11	52
0	2
143	83
2	16
0	82
0	14
4	14
0	13
4	14
1	14
0	0
0	0
0	0
48	0
115	1168
0	1165
2	2
2	1168
3	32
179	142
29	77
0	4
0	68
52	272
12	466
1	36
0	0
26	139
0	122
0	5
50	275
4836	898
2	896
0	11457
171	13042
2	11602
0	11436
0	10573
1	7428
5	4544
1	3514
0	2551
0	600
0	40
0	1
1	273
2	1082
3	3
0	2
0	8
19	3
1	0
0	0
0	0
0	0
0	236
148	269
1	31
0	61
0	58
0	3
1	2
0	18
0	16
0	0
0	3
2	2
0	0
0	3
2066	382
0	367
4	99
531	378
0	377
4	27
0	1
6	274
104	199
0	6
24	163
18	122
220	293
22	275
0	62
4	161
7	34
0	13
3	0
0	0
0	2
5	2
0	0
1862	1
1	835
0	779
26	140
25	0
16	809
5347	2
32	58
30	58
0	27
0	1
0	1
0	0
505	400
3	196
3	43
0	352
20	355
8	27
153	7
0	5
1	2
3	5
25	1
33	51
0	4
0	51
233	165
6	136
0	8
165	29
0	3
166	20866
6	16032
5	16041
0	17486
2264	12644
2	3301
2	1278
1	1007
33	451
0	5995
0	14
0	1286
2	175
15	0
0	1227
0	0
0	15
90	2893
50	2857
1	16
88	198
10	389
2	363
500	524
0	524
0	510
23	598
0	23
3	7
1	10
0	585
27	1256
2	1256
0	24
1	0
20	11
9	940
2	223
250	3792
0	3641
12	3843
0	0
2	326
37	273
28	434
2	209
2	14
0	0
17	0
5	4914
14	441
0	236
4	15
2	50
3	104
23	5
0	4867
8	0
0	0
0	0
34	62
13	101
38	326
11	69
295	1279
9	1056
2	174
93	402
34	8
2	89
0	0
0	0
0	0
0	0
0	0
0	0
0	0
0	0
1	83
0	273
41	206
11	49
5	41
0	273
821	104
0	103
4	109
24	80
0	0
1	0
0	0
16	922
11	967
380	966
1	0
1	2
10331	6352
0	2403
4	2597
0	0
0	0
2	14
0	14
264	0
0	1
5	1
19	1384
0	1285
4	1158
0	196
415	666
0	544
3	590
0	23
0	38
0	64
9	116
0	0
251	3059
0	0
1	420
0	1120
1	388
0	745
0	757
2	734
0	759
0	334
0	0
1	695
4	579
1	2083
0	10
0	10
679	33
24	1
4	16
743	5478
542	3954
45	5495
10	237
1	5
0	5
30	26
15	127
0	416
15	409
45	486
34	45
8	330
4	47
15	78
3	6
0	6
277	2806
9	2817
0	648
39	319
0	19
2	45
7	46
5	17
9	1156
0	1057
6	1030
0	107
0	98
13	122
1	134
6	137
4	157
4	0
6	199
0	0
0	0
0	610
26	27
0	1
12	27
0	26
0	0
4	0
2	186
3	20
0	9
0	34
0	1
1	2
0	0
0	187
3	243
0	735
0	15
0	77
0	33
0	71
0	105
0	0
0	0
0	2
0	241
48	769
17	347
8	331
1	51
90	124
3	56
560	206
0	147
1	2
26	1160
0	1174
7	1090
8	43
0	17
0	0
2	1161
0	0
0	9
0	65
0	0
1	0
76	231
19	218
3	33
1	1
1	12
0	59
5	22
0	21
2	21
0	522
40	228
4	220
0	3
2	45
0	17
33	124
1441	870
0	633
281	111
0	33
0	78
0	20
0	9
64	27
4	12
0	15
0	928
219	927
3	473
27	351
37	354
164	95
0	44
0	43
2	1
0	2
1	14
0	1
1	5
4	0
3	6
0	0
1029	473
0	471
29	12
0	30
0	2
0	0
0	30
0	0
5022	1398
14	1146
5	241
44	865
5477	1044
26	998
44	1047
0	2
0	2
0	0
0	75
0	62
0	55
0	3
0	0
0	3
0	2
17	26
6	126
67	122
7	39
12	2
1114	8624
0	1175
134	7425
4	8356
154	4853
0	512
7	309
0	343
2	342
7	188
230	0
269	39
0	0
1	37
0	38
0	0
0	0
0	0
9	3
0	1
0	2
0	0
0	0
0	0
0	0
1100	33
7	2
1	5
0	26
17	2483
139	2313
0	0
1	1615
1	246
25	673
0	202
0	1
361	562
7	3
3	45
0	40
0	1
0	2384
3	0
0	0
2649	177
0	177
0	0
1321	519
1	50
0	470
0	52
0	0
0	0
0	0
0	0
0	0
0	0
51	1
0	1
3	0
274	4
0	4
3	15
0	15
0	7
0	0
28	71
19	37
4	105
0	504
2	1686
16	12
0	8
1	32
14	1606
99	170
165	170
3	2
8	0
0	0
0	0
154	876
3668	1059
5	1004
0	193
0	584
0	232
2	179
0	865
0	0
0	0
0	0
1891	38
1	36
0	0
95	15
0	15
689	3492
16	1227
7	1949
0	1594
0	0
9	0
20	122
2	102
0	76
377	197
0	197
1	0
0	0
48	407
3	395
0	5
3	7
0	47
0	1
0	10
0	6
1	5
0	9
0	0
1	2986
0	643
30	2858
5	2789
0	596
1	473
0	0
4	0
0	232
2	10
0	169
0	2241
8	2
0	2
731	1596
0	1474
4	122
1	1
0	48
0	0
3	49
4	23
9	26
2	2522
0	2576
0	2457
0	2061
0	481
0	1254
0	1811
5	77
11	1182
3	600
0	164
0	2287
0	2450
80	69
3	50
9	0
1	1
1	2
38	1585
0	1071
25	1516
0	1071
14	58
0	0
6	0
2	40
1010	2164
62	2115
9	339
0	0
6	0
80	110
0	34
2	3245
0	3109
0	835
0	380
11	131
0	3252
0	0
6	9
0	9
0	6
1	2
0	0
0	0
0	0
0	0
0	0
0	0
78	734
2	364
5	149
16	67
2	311
18	114
0	2
0	0
0	1
0	3
0	1
0	1
0	2
0	0
3	0
939	58
0	58
0	0
192	9672
7	9672
5	6505
1	414
0	439
7	388
0	0
1	7
15	7
2	21
332	22
0	16
11	0
2	0
1	0
71	398
84	554
75	121
17	308
1196	8077
41	12
0	26
3	4685
186	8018
0	58
6	17
0	0
0	0
0	0
10	22
12	0
1	0
0	22
0	0
27	0
0	0
32	331
12	163
0	156
15	296
1	115
0	25
2	0
0	1
0	1
0	188
1	231
11	250
0	233
1	14
0	0
0	0
0	0
0	0
24	0
0	0
0	18
0	18
0	0
0	18
0	15
0	13
0	418
3	462
0	480
0	531
11	484
0	384
4	332
2	138
3	0
1956	579
41	489
2	334
0	0
0	0
0	0
0	6
1	6
0	5
0	0
0	0
0	5
272	1004
0	871
1	460
2	749
9	626
0	84
0	749
3	1
21	0
0	52
0	31
13	71
0	0
1	0
2	5
15	0
1	0
0	0
0	2
15	6
0	2
0	2
0	0
0	0
2	320
0	322
0	337
0	328
0	318
0	330
0	323
7	16
2	8
0	0
3	11
0	0
0	8
933	494
21	401
5	473
1	31
1	35
83	46
0	845
5	844
243	844
793	844
2	0
0	5
0	9
0	10
0	12
0	9
0	8
0	11
1	2
0	1
5	0
0	0
0	0
0	0
0	91
106	91
0	6
0	12
0	6
0	9
0	9
0	10
0	1
7	0
0	0
0	0
0	0
0	0
0	0
0	0
0	0
22	291
1	14
0	31
0	291
52	276
0	276
0	0
0	0
41	6560
18	2201
4	18
0	48
16	4373
1027	2
5	344
97	344
5	64
0	39
0	98
0	79
0	31
0	18
1	2
0	1914
1	1920
47	2122
0	1681
0	95
16	1725
0	1869
0	8
0	1764
1	1269
1	16
6	50
0	346
0	1911
563	0
0	2
0	2
0	0
0	0
1738	231
0	0
4	229
260	4247
50	4289
7	3646
15	3567
15	5
0	17
2	242
2	322
1	1
1	1239
1857	2345
58	1689
31	2042
2	285
2	83
0	0
0	0
0	0
0	0
0	0
0	0
7	625
1	27
0	625
164	0
2	0
2664	16
0	2
0	12
2	1
572	61
0	61
538	50
0	46
0	7
0	9
0	58
1	58
0	58
0	28
2	476
0	292
1	215
1	3
0	17
1	0
25	476
9	2338
1	2099
17	2342
0	320
0	122
0	958
13	2033
6	144
37	3
0	401
57	842
2	322
0	0
8	211
1	211
0	211
2	0
0	0
0	5
0	5
0	149
15	2476
0	0
2	2425
0	102
1	97
1	49
3	85
0	3
0	88
402	2160
9	6
34	211
9	1133
22	30
0	919
0	1975
0	0
0	0
0	0
0	0
0	0
0	0
0	0
0	0
0	0
0	0
583	131
0	131
0	0
1	0
22	341
31	353
0	51
7	91
38	53
2	34
9	71
36	113
0	117
0	65
3	51
0	43
0	53
0	15
0	4
0	11
2	127
4	42
0	38
7	38
0	4
0	4
0	2
0	2
0	2
0	8
0	5
0	4
1	0
0	2
1	4
0	2
0	6
0	2
1	13
0	13
0	0
0	0
0	0
0	0
0	0
0	0
0	737
7	751
0	576
0	49
10	525
3	0
1098	2
5	2
444	3228
57	344
11	184
383	2447
2	334
2	784
0	65
4	125
1070	1587
0	1532
1	104
0	479
3	1
3	74
1201	949
1	204
16	478
4	322
4	5
1173	1079
0	1077
55	1207
6	1093
2	121
1	0
0	0
0	0
1	0
0	0
0	0
0	0
11	7
0	7
2	7
1394	298
15	131
0	170
0	14
130	1
0	1
18	0
0	27
1	26
0	4
0	3
324	307
0	39
14	251
3	128
0	1
0	0
0	1
109	2
2	2
1	590
3	590
13	94
0	12
9	327
13	523
0	157
1	31
5	0
50	12
0	15
0	286
777	485
0	3
0	246
2	0
2	2
759	799
0	0
0	0
13	811
1	7
0	0
22	805
5	10
0	215
0	66
0	264
11	621
67	621
2	12
3	20
218	1457
80	1193
3	270
10	153
1	305
8	297
0	153
0	99
1	9
8	46
1146	756
2	65
3	361
6	152
1	201
0	0
156	1981
0	1
5	1926
0	202
0	8
56	1341
150	2442
2	1328
0	4
0	6
0	7
0	5
0	7
0	6
0	3
0	4
0	0
0	7
0	4
0	3
0	5
3	3
463	7310
9	322
14	2048
14	821
6	6035
0	1981
0	364
2	13
245	98
4	98
0	0
0	0
0	0
0	0
0	0
0	0
0	0
0	0
361	376
2	251
5	24
0	1
2	21
0	0
1	3
4	2381
3	758
0	65
0	57
1	214
0	2397
14	2442
41	104
0	105
2857	265
0	187
4	73
504	9
13	9
0	575
0	552
0	19
0	20
0	29
12	586
21	0
4	21
0	25
17	69
32	123
0	315
4	332
6	140
17	82
20	139
1	16
3	35
0	178
13	58
16	67
0	0
0	0
0	0
0	0
36	511
20	1317
0	10
21	27
0	54
0	2
0	29
8	31
9	544
853	74
20	5
22	67
0	1316
36	1340
1	905
754	1
0	0
0	0
3	4
15	903
5	0
7	84
1	1
5	4
1	0
0	879
0	1
4	890
5	43
2	65
0	186
13	84
0	905
0	0
0	0
0	0
67	195
18	125
0	2
6	0
74	165
10	19
1	26
0	29
0	5
0	2
1	3
1372	1186
8	631
0	379
6	257
2	18
2	107
11	196
33	0
0	196
17	113
9	243
8	13
0	87
1	34
0	3
0	0
0	0
1	54
0	12
0	16
0	45
0	18
0	9
0	248
1551	76
10	76
0	490
2	726
1	1119
7	53
0	699
0	750
4	31
1	3
0	32
2	109
0	0
0	0
0	0
0	0
59	1076
0	1591
0	1798
3	1953
5	83
8	187
2	483
0	166
0	126
0	14
30	268
5	228
0	12
0	6
0	1
0	32
1	31
0	16
13	7
0	7
154	35
0	11
7	3
8	26
2	199
0	168
0	262
0	172
0	182
0	72
0	49
0	41
0	198
0	39
2	145
1	103
2	57
3	84
0	0
379	86
0	17
1	43
3	25
3	33
6	92
1	12
1	4
12	61
2	2
130	1907
22	1907
1300	354
0	353
0	0
0	0
342	185
12	185
547	306
9	249
100	324
0	16
26	122
8	122
1	121
0	3433
0	216
0	72
4	22
0	3447
166	251
0	251
0	2
0	10
1	31
7	4
0	5
0	5
0	6
526	1820
8	1708
1	336
118	509
0	0
0	10369
1793	12339
31	12339
6	523
0	7
0	6
0	2
0	1
0	0
543	0
2	62
2	87
1	88
0	81
0	39
0	86
0	18
0	1
0	84
0	62
1459	1555
14	322
24	3
10	1230
0	21
0	0
0	461
3	460
0	458
31	460
7	294
1	22
0	0
0	1
0	0
0	29
547	877
0	906
19	385
0	22
27	95
3	88
4	57
0	85
1	0
0	17
0	0
2	28
0	40
848	26
233	0
7	622
3	112
1	321
0	27
4	570
1	463
3	572
1	21
1	145
2	74
0	115
2	10
0	957
3602	4019
3	1852
6	1296
0	1957
1	46
0	23
2	12
0	51
18	274
0	274
16	463
689	968
2	708
0	617
1	544
5	108
6	121
5	138
0	444
6	444
0	0
0	162
61	155
3	63
3	2
138	0
6	0
0	0
0	0
0	0
0	0
1	4
0	0
0	0
0	0
0	0
0	0
808	733
2	314
3	106
6	33
7	11
3	0
17	2168
2	2142
35	1897
29	31
5	0
0	2168
0	536
317	2070
2	534
8	1817
125	1829
11	0
18	302
0	302
0	0
1	0
200	171
8	171
0	965
1	485
0	27
22	965
0	109
0	115
0	115
0	1
1	7
0	0
0	2
0	0
12	854
33	839
0	228
4098	1
17	0
0	0
297	221
3	0
2	224
4	159
0	3
43	352
3	329
9	97
1	47
1681	374
3	135
1	239
47	564
119	66
59	254
0	27
0	550
457	8
0	8
130	671
26	652
0	43
5	466
0	0
3	0
4	1012
12	0
1	0
55077	24
17	3882
424	4169
1	3757
0	1336
0	809
0	2
0	2
3	3
0	0
0	0
0	0
0	0
0	0
0	0
0	1
20	17
0	141
718	142
0	1
0	90
2	26
0	83
0	34
0	8
0	50
0	2
0	1
4	9
0	3
0	0
0	1
0	87
0	38
921	0
2	0
0	560
1	1004
1	975
25	130
1	240
0	247
443	1053
19	1330
4	472
10	289
1	174
29	437
2	9
1	0
1	0
0	154
1112	1
166	92
0	92
0	92
92	16
0	0
0	1
0	1
0	1
0	1
0	1
0	1
0	0
0	0
0	0
55	721
0	721
0	24
3	33
0	26
0	10
0	5
0	0
0	1
2	144
1	49
0	117
0	18
0	0
11	105
0	0
0	110
0	0
0	0
4	0
0	0
0	1
0	1
0	0
0	0
0	26
0	26
2	110
0	1
0	0
1111	1428
2090	1267
3	562
1	93
445	1
0	3
0	1
0	2
0	0
0	0
0	3
0	127
0	184
22	223
8	132
0	0
0	0
0	192
0	209
0	26
10	26
37	1006
3	795
0	286
7	274
0	9
10	387
0	122
15	276
4	280
55	318
0	308
0	17
54	0
0	0
1	0
0	0
0	0
0	0
0	0
0	0
68	73
0	67
3	52
0	46
0	1
250	114
0	2
0	35
0	110
1	0
0	0
0	0
0	48
0	78
10	6
0	4
1	27
0	18
131	2
1	0
0	0
768	1
117	9
0	9
0	0
44	1712
0	2770
63	3
0	1
0	0
3	2
64	1432
22	793
258	985
0	188
7	0
0	915
0	907
0	913
0	910
0	408
0	412
0	753
25	753
0	145
0	9
0	0
0	0
118	247
3	241
10	103
0	11
0	0
0	0
0	0
11	33
0	43
1848	321
1	287
1	2
0	2
0	2
1	252
2	260
1	167
0	264
0	38
0	232
2	204
7	153
0	0
1	0
0	11
2	15
4	1
4527	1811
1	819
15	995
3	545
1	536
1	78
0	63
0	7
3	378
0	326
0	0
5	11
1636	195
2	120
0	10
12	0
0	53
4	13
0	0
0	0
0	0
0	0
514	2273
12	1176
758	2289
0	83
0	1530
7	846
0	63
0	57
0	7
0	45
0	64
1	56
0	9
1	12
0	9
0	20
0	18
0	10
0	0
0	0
0	147
1845	148
6	194
0	115
2	47
18	286
0	249
2	115
1	76
2	78
2	53
1	3
6	15
0	255
1	9
0	0
1	9
4	2337
148	2492
0	1967
9	38
6	351
46	607
0	102
4	92
0	3
0	1966
319	636
4	0
7	91
3	8
0	478
11	406
8	341
57	622
1	565
0	197
0	149
46	622
2	0
0	179
7	12
5	12
10	47
0	1
0	8
0	0
0	0
2	0
3116	18620
10	12344
10	18044
7	3582
9	6
127	97
0	55
29	62
0	47
658	1962
4	1051
0	1962
0	5
0	5
0	2
0	0
0	0
3	2838
2	1528
8	2818
1597	7561
0	1008
0	7184
10	909
0	2450
12	2639
2	1362
0	5
1	172
23	0
0	0
0	0
0	0
0	0
0	0
0	0
0	0
0	0
6	0
0	465
1	458
0	452
0	483
0	41
3	236
0	11
6	100
1	4
0	17
2267	1
0	0
864	404
3	42
8	2
0	361
0	0
0	0
0	352
13	373
7	295
0	365
0	368
1	326
0	477
0	486
2	29
1	11
6	1
11	4
6	24
13	9
0	0
0	0
57	0
106	47
0	0
0	0
0	136
0	137
28	56
0	54
0	1
0	7
0	135
2	51
0	97
3	29
0	60
3	2
96	128
5	25
0	42
0	0
0	0
0	2033
0	2004
0	1067
1	19
1	2175
1	431
0	2167
0	2199
12	2287
21	162
8	1974
0	907
0	1151
0	3
2	232
0	54
1	5
0	712
366	4023
8	604
0	1023
1	286
5530	9767
578	9418
22	1069
9	1784
443	1506
1	71
0	59
1	71
0	26
0	25
1	0
0	5
0	1
0	0
1947	544
0	135
0	479
0	3
1345	1219
4	1127
155	1211
2	949
0	849
0	822
1	425
0	149
49	110
0	8
0	71
0	45
0	0
0	84
2	17
0	0
0	0
0	0
0	0
13	30
0	1867
23	1906
43	1138
0	1414
12	1580
12	1325
0	1601
2	354
5	1894
2	0
442	671
40	671
0	154
0	0
0	0
0	0
28	0
0	0
368	104
0	87
2	0
0	19
0	22
0	0
0	0
7	198
0	19
0	198
484	438
1	257
3	319
2	194
0	101
46	2831
1	2746
31	1465
1	0
0	24
0	89
0	196
1296	2800
2077	1630
0	58
0	901
1	275
11	15
1	8
0	0
2	714
1	87
0	973
0	1059
6	246
0	269
0	232
0	1
0	1
32	731
0	1385
0	1322
0	487
2	1288
14	1201
6	22
97	156
0	1288
0	1126
103	33
0	29
1	4
0	2
1	3
0	2
0	0
22	0
44	201
5	163
5	52
2135	242
9	13
19	95
41	231
0	0
4	5
0	5
0	0
1	92
0	0
0	0
0	0
0	0
0	0
0	0
0	0
25	1
2	135
3	90
0	75
0	135
9	1
0	2
0	2
0	1
0	1
0	1
0	0
127	170
0	59
11	111
501	146
1	3
0	143
28	2
0	5
9	2
1	2
0	0
0	0
42	517
30	516
0	12
0	5
0	50
0	1
114	400
0	2365
3	934
10	919
0	16
2	228
0	1399
3	2166
1	2276
2	0
2	1014
0	397
0	1797
0	1774
0	1852
0	1846
0	1768
0	1875
0	1870
0	1744
0	1750
0	71
0	1757
0	1792
0	1717
0	2015
2	1925
0	147
0	0
2	1494
0	2
11	2
2	0
0	2139
0	2070
38	2550
6	2233
0	174
0	476
35	1144
13	360
166	74
4	138
12	430
4	532
0	184
0	229
0	193
0	241
0	86
3	98
98	387
14	336
10	7
0	3
10	12
1	78
0	346
0	0
0	0
0	0
0	0
0	0
490	343
0	146
0	0
1	143
1	67
51	14
106	3296
5	573
1	3759
5	3614
6	1229
1	1038
7	1066
0	195
1	0
0	0
0	6
0	10
2	103
0	101
0	20
21	4607
14	1565
0	3852
0	732
310	4163
0	2227
27	3022
0	260
2	30
2	501
238	0
1	462
0	4607
14	679
0	527
0	197
34	706
14	59
2	0
27	0
3	415
3	0
32	6
0	6
0	21
12	21
0	0
0	0
0	18
0	15
1	6
1	1
0	0
0	0
0	0
137	49
2	4
0	45
0	0
0	12
1	189
289	189
0	55
0	16
0	54
0	56
0	54
0	54
82	16342
4568	16653
0	12561
0	5271
1	5159
0	3340
0	1471
6	1998
31	2325
0	585
5	1075
0	0
1	179
0	0
0	3
0	2
0	3
0	3
316	1130
33	1078
0	536
0	505
3	1
4	465
0	15
7	73
1	24
0	3
0	0
0	0
0	0
1	0
0	0
85	36
0	19
0	20
4	1
0	2
0	1
1	590
0	0
1	38
2	32
0	26
6	78
1	87
4	24
4	2
22	25
2	590
3	0
147	1732
15	864
0	386
0	1397
0	1458
0	2
0	2
49	750
41	756
36	921
0	165
0	0
2	0
0	9
13	44
0	13
2	3
0	6
0	2
4	0
0	12
0	26
0	11
0	32
7	0
56	3
1	1061
1613	1063
1	0
0	791
4	2259
0	1582
1	52
0	1660
0	1587
3	63
1	164
0	124
292	134
0	0
2	134
0	0
0	0
44	609
0	0
0	0
4	0
0	0
0	0
0	14
0	14
0	14
0	14
0	0
0	14
0	2
2	32
13	32
3	2
0	245
0	53
11	20
0	3
0	19
1	245
27	0
53	4580
30	4637
51	4515
0	297
41	157
13	224
6	159
0	4576
0	22
7475	982
15	731
2	0
30	0
3	1
0	1
0	0
0	0
0	0
0	0
0	0
0	0
1	0
0	0
0	7
1	9
1	2
0	2
0	2
0	0
0	0
0	2
0	0
0	2
0	2
0	0
15	410
8	392
3	316
0	34
0	15
0	44
0	45
4	5
0	1
38	1
0	1
24	285
0	741
82	725
0	3
21	0
0	0
0	405
16	80
4	57
3	15
4	17
21	964
14	963
7	928
4	42
0	63
11	712
8	18
0	35
0	0
12	166
330	2571
10	2307
4	10
1	981
0	58
0	1119
11	411
0	949
0	19
0	57
5	900
4	38
1	38
0	38
0	2
0	0
0	0
0	0
0	0
317	1108
1	1105
0	1108
21	1173
4	336
33	921
0	0
5	900
0	1621
1527	1624
6	10
0	205
1	42
4980	32
20	482
416	300
2	351
14	507
1	319
0	140
7	142
7	733
3	184
8	491
14	170
1	278
32	25
10	331
0	269
1	50
0	438
6	2
0	79
0	12
0	29
182	39
0	0
24121	25
7	0
0	261
1038	2673
179	2553
0	0
3	232
6	232
970	0
655	326
2	97
0	154
1	154
0	18
7	115
12	46
2	16
0	0
0	0
0	0
0	37
21	58
0	57
0	1
0	4
3	1309
1	1280
0	1421
0	1341
0	1116
45	223
3	100
18	1353
13	26
1	26
0	2
1	0
0	1
0	4
0	1
0	1
14	123
0	124
7	53
0	34
3	196
0	197
5	197
0	58
2	23
0	201
573	1
106	954
2	803
0	344
0	67
1	1637
15	623
32	2280
7	315
1	146
66	114
0	0
0	74
6	56
0	21
2	18
0	22
2	444
171	7432
0	9223
840	11843
9	1035
44	9888
2	888
0	890
0	10143
1	136
19	8079
0	5673
1	1665
2	6
6	1383
7	42
24	33
1	867
8	170
4	170
0	2
1	4
0	4
0	0
0	2
0	5
1	3
2	16
4	123
3	74
1724	0
0	0
0	0
0	0
282	1
0	1
1	1
0	549
1	14
1	117
0	3
0	173
4	20
3	154
8	68
3	0
0	2
4	36
64	33
0	102
0	1
156	1
2	7571
31	6476
2	1382
138	6520
8	4913
0	682
0	6083
2	327
2	209
7	51
0	0
6	30
350	2074
48	1437
0	394
268	614
3	337
0	104
0	0
0	58
0	170
7	130
0	118
31	129
0	29
0	8
1293	482
3	36
2	161
0	12
6	146
93	0
1120	1
178	0
7	133
8	133
0	1
0	0
0	20
0	16
0	18
0	13
0	27
0	280
238	290
1	9
3	64
0	61
0	107
0	107
0	107
0	107
0	134
0	107
0	107
0	112
0	85
2	66
0	20
0	49
786	479
3	47
2	479
1051	1690
21	1136
7	6
0	69
0	239
28	6
194	0
4106	1
1	377
6	319
110	177
7	190
13	28
1	41
0	49
0	7
0	0
5	36
0	46
0	25
0	14
0	48
0	2
0	0
0	1
5	1076
4	665
2	176
0	518
7	69
0	1035
4237	61
2	24
412	0
1569	923
39	793
7	68
5	40
0	0
14	22
0	176
0	0
0	0
0	0
16	882
22	861
0	320
0	41
0	1
6	191
0	95
0	147
0	573
0	0
0	0
7	105
712	193
0	17
25	110
52	41
0	0
0	0
20	106
0	36
0	0
6	84
0	30
3	6
0	6
0	0
339	1289
105	693
11	697
2	251
8	693
2	1
0	116
0	36
1	302
0	618
0	1151
673	3937
3	3335
2	1844
0	365
2	30
526	6057
0	5910
0	2813
0	113
3	1031
2	69
2	1
1689	1
639	1
0	0
1	272
0	826
6	37
51	166
28	427
13	22
50	534
1	79
0	85
15	3
2	44
3	6
4	30
0	32
8	53
2	43
0	43
0	1
10	3737
400	3737
6	346
0	1
0	0
2	0
0	0
0	0
0	0
0	0
0	0
0	0
0	0
0	2559
206	2675
0	1621
0	403
0	44
3	547
0	639
4	529
8	815
57	117
0	107
4	120
0	0
0	0
0	0
0	0
0	0
0	0
0	0
0	0
0	0
0	1615
1	241
0	1149
1	0
0	20
0	223
19	1438
0	992
1	1380
6	999
0	924
0	0
1	16
1	40
3	5
1	140
0	122
0	18
20	0
0	0
0	0
0	0
0	0
0	0
14	140
22	36
1	136
7	0
2	106
3	0
0	1
805	0
0	0
0	0
0	0
0	0
308	37
2	37
11	14
49	0
0	13072
0	14075
0	207
0	2584
1	733
25	259
0	519
41	968
1	627
0	650
37	310
27	0
470	2779
0	6
4	491
0	2257
1	1567
0	158
0	724
4	244
10	44
1	464
0	5
0	0
0	0
1	214
2	55
5	218
2	139
25	129
0	220
63	333
22	496
1	29
60	3504
223	3090
5	3146
0	28
4	1
0	1
0	18
0	213
168	212
0	16
3317	686
0	241
0	147
13	299
4	15
0	183
69	6501
26	6339
174	5291
40	2501
1	775
5	3
5	1083
8	457
13	7
0	6478
0	0
0	0
0	0
0	0
617	380
6	25
0	210
0	0
2	148
2	1
0	8
3	9
1	0
0	694
0	246
7	3765
4	1662
1236	3763
20	322
0	1452
14	3268
1	1192
0	2815
0	4692
289	1814
1	0
1	58
5	377
0	4
6	4612
27	20
0	0
134	419
134	1713
1	372
15	540
0	0
318	1080
0	527
2	158
0	149
5	89
0	143
0	347
2	103
11	103
2	898
0	823
28	537
8	427
3	70
0	44
27	207
2	795
0	1177
16	469
1	1159
5	1130
0	984
0	979
2	742
0	856
3	18
0	10
11	586
1	528
1	13
2	46
0	69
0	73
0	1
0	5
0	7
1	0
49	64
382	7654
127	7706
11	7700
0	2037
37	55
5	517
2	170
0	126
0	9
0	123
3	104
0	1
0	2
0	0
0	0
0	0
0	0
0	0
0	0
32	501
71	501
20	450
41	1385
0	163
2	768
4	578
12	637
0	44
0	43
0	3
0	1
0	3
1269	1363
2	1309
2	23
2	1382
207	1218
812	152
0	148
0	4
30	140
29	1765
6	26
20	17
3	1626
27	268
2	1
1	440
13	250
18	692
0	692
5	1380
257	1380
1	34
75	3038
7	4238
15	955
3	2705
0	2104
79	1
1032	3208
0	3159
2	1437
0	1231
14	21
9	7
0	644
0	117
0	563
0	404
0	321
0	36
0	564
0	418
0	573
89	573
2	3461
5	1190
22	633
5	120
2	131
4	531
1	0
0	3461
2	0
2	54
0	42
0	32
1	39
0	26
0	0
602	0
0	0
0	2
0	2
0	0
0	47
11	932
13	978
1297	971
0	966
8	78
19	82
17	129
1	966
0	2
0	2
0	2
0	2
0	2
0	2
0	0
0	0
26	53
0	53
0	29
1	29
0	597
199	86
46	85
2	74
0	4
1066	1
2	0
0	0
0	0
0	0
467	124
540	261
42	176
0	0
21	85
3927	499
4	33
0	245
0	221
508	1385
0	376
0	45
0	1364
17132	330
4	299
0	62
0	30
3	1
0	56
0	36
1	0
0	257
0	263
6	166
80	257
55	174
0	257
0	0
0	0
0	0
0	0
0	0
109	4138
141	6202
19	6982
1111	6789
0	427
472	3933
9	303
141	735
10	77
3	156
4	234
0	21
6	203
6	438
2	75
16	331
7	190
0	134
152	76
233	1074
23	1051
5	382
28	455
2	43
13	330
4	109
2	37
332	186
1	1
0	186
0	0
0	0
727	3503
12	3503
0	529
0	29
1	2147
7	2449
0	2939
88	2939
1	1542
12	1271
0	0
0	0
5	67
1	421
0	2881
0	0
0	0
0	0
0	9
0	7
0	9
0	2
0	1
0	2
0	0
1	1425
21	18
21	980
3	831
3	713
0	1022
0	61
4	0
0	16
4	562
1	27
1	73
0	66
0	35
3	0
0	1425
0	979
0	980
180	688
0	551
4	13
0	70
0	190
0	522
0	305
0	384
1	394
41	50
0	1
0	84
0	0
29	52
0	23
0	32
0	16
0	31
0	8
0	3
0	2
1	30
0	7
0	1
8	185
1	185
0	171
0	170
0	206
1	25
0	2
0	0
0	0
0	206
4	0
6	19
0	19
0	4
0	16
15	434
4	507
0	636
29	737
3	107
2	49
0	344
0	688
174	745
0	64
0	336
6	71
14	1
1	507
0	100
2	16
0	0
282	457
0	456
0	50
3	8
0	0
0	0
0	10
2	9
0	2
0	10
0	1
0	13
14	53
0	28
1	51
87	7
0	0
0	0
0	7
0	0
949	1809
0	58
199	1809
1300	2764
37	6
0	2763
214	336
9	36
1	194
0	194
31	143
27	0
22	857
3	1068
1	825
0	725
0	809
0	829
0	691
0	366
2	3
0	579
0	138
2	0
3	325
0	23
2	250
0	0
0	1
0	5
0	74
9	74
5	73
0	6
346	488
2	3
2	127
1	0
454	161
7	72
3	62
2	118
223	330
0	9
0	5
2	43
0	2
8	201
2	1
239	329
0	33
0	59
1	3
0	4
0	4
0	104
2	104
0	80
1	7
13	0
17	2
0	2
6	71
0	71
7	2
2	0
1	0
0	59
81	45
3	19
1	45
8	17
3	1
2	0
0	0
3	54
0	70
0	46
1	78
1	11
0	52
0	2
3	47
0	39
0	0
0	8
0	19
0	0
0	0
0	0
164	462
1	462
0	29
0	2
0	13
0	1
0	1
1724	932
1	313
3	236
0	9
8	0
0	96
2	136
0	430
2	237
0	281
0	0
2	91
2	83
0	80
0	23
10	80
0	1
0	140
2	138
20	167
12	249
0	33
0	120
26	20
1	60
51	410
1	20
0	40
24	391
56	28
0	36
0	377
0	385
878	306
4	233
11	254
0	0
0	21
0	3
0	2
23	133
0	151
9	66
0	66
34082	3458
12	489
15	2927
35	0
8833	1150
4	1144
3	23
0	12
2	30
195	0
2	41
0	6
0	2
0	4
0	6
0	6
0	4
0	6
0	14
25	2
0	9
0	41
466	74
16	88
1	79
0	0
119	997
0	984
17	857
9	836
0	678
8	96
0	327
0	87
8	40
0	33
0	1
0	0
0	0
879	870
3	535
5	59
0	842
0	59
45	1432
194	1432
5	13
0	20
0	21
3	20
3	2
0	1
2	0
2	656
4	25
5	25
24	656
2	757
85	510
3	28
193	182
2	517
6	0
0	145
0	80
1	162
1	946
2	624
14	901
0	940
13	570
0	479
21	9
2	21
17	5
2	256
29	90
22	0
0	92
0	4
1	6
0	82
0	930
0	0
0	0
0	0
6631	619
8	376
3	269
0	134
11	200
46	213
0	51
0	107
0	168
3	71
0	96
0	94
0	91
0	0
11	0
1	89
0	39
0	90
0	89
0	84
0	89
1	2
0	2
0	0
0	1
1	1
0	0
0	2
0	0
0	0
697	786
14	790
22	555
0	0
709	1020
2	995
1	427
0	280
0	190
0	207
1	1
0	2
0	2
13	4
1030	4177
3796	4179
37	436
13	536
835	536
2	120
0	7
138	120
17	10713
29	10637
9	10655
0	118
13	182
0	488
0	1
0	0
1	594
15	523
21	146
2	18
6	74
6	0
1879	1
4	395
0	203
0	388
243	488
0	479
0	316
0	0
1	64
15	23
7	3
126	179
0	179
17	91
0	0
0	0
0	976
0	1061
7	1070
0	861
0	86
5	155
0	60
4	101
0	90
0	1
0	12
0	1
0	106
342	46
0	0
4	46
0	32
333	480
9	454
1	42
0	34
6	3
2	78
0	254
1	0
0	0
0	0
0	0
0	0
0	0
28	9441
0	9566
10	8582
0	9471
0	8052
0	10020
1	8515
0	1745
1	3348
0	1159
6	1789
0	1063
6	13
1	11
0	574
1	2723
0	1303
15	1505
0	2570
3	560
4	2203
4	865
0	739
1	327
1	1660
2	213
0	20
1	1017
0	240
3	910
0	1035
40	450
24	337
0	2
9	3
17	1509
3	1489
128	1348
89	260
0	95
84	1764
1	181
2	0
0	0
1	22
776	1002
3	55
0	41
0	50
40	24
2870	77
5	76
2050	356
0	356
0	0
2	1157
5	767
2	488
0	594
6	194
0	527
0	187
0	957
0	43
4	89
0	994
128	1759
0	114
4	1065
28	1746
1	3
1	3
0	2
2	4
0	5
0	5
1	0
1	15
283	169
0	153
54	35
8	14
132	29
0	261
8	220
2	241
0	246
0	57
3	248
0	7
72	0
0	0
0	0
0	0
0	0
0	0
0	0
0	0
0	0
0	0
0	0
0	0
0	0
0	0
0	0
0	0
0	0
0	0
0	0
0	0
0	0
100	51
0	22
0	11
0	28
841	1160
0	900
0	39
0	37
0	5
0	4
2	5
0	14
8	246
2	103
0	1
3	102
6	1677
7	2199
1274	4892
175	3225
24	411
1	47
0	0
0	0
3	29
3	33
2	58
0	49
5	30
2	54
0	0
1	9
0	2
0	2
0	0
2	0
0	0
70	2
0	0
8	2
0	1
2105	0
0	0
1575	1489
0	550
28	1101
0	16
0	0
1	0
0	0
0	0
0	0
0	0
0	0
3	29
461	30
813	225
0	153
0	35
0	8
0	61
0	42
9	24
1	0
1	12
779	38
0	38
77	76
0	674
0	5
1338	983
0	731
0	974
138	1125
2	345
1	626
2	0
18	0
0	53
5	58
0	58
3	55
0	17
0	35
0	0
697	265
0	265
0	0
273	2
0	0
46	2
1	1829
0	43
0	2074
0	2658
3	2
49	3003
0	2173
3	1
0	211
0	1260
4	1216
0	262
1	160
15	193
5	214
0	116
0	7
0	7
0	5
1	5
2	2
0	2
1	2
0	0
0	0
2	0
0	0
0	0
157	526
6	526
128	32
0	21
11	21
0	3
0	0
0	4
0	4
0	2
0	4
0	4
0	4
0	4
0	0
0	2
0	4
0	0
0	1
0	4
0	2
0	2
0	2
0	2
0	2
0	4
0	4
0	1
0	0
0	2
0	4
0	4
0	4
0	4
11	854
42	53
0	1
46	665
0	13
103	854
0	27
0	679
2	389
1	321
8	33
0	147
15	411
56	421
2	28
0	29
0	0
0	1
0	0
8	1522
3	673
9	452
0	874
0	37
13	888
0	24
1	708
0	69
0	0
0	0
0	0
0	0
247	1506
1	803
2	477
3	793
0	135
0	16
38	214
0	63
0	0
1	214
0	0
0	0
0	0
0	0
0	0
334	0
0	316
0	21
0	0
0	0
0	11
0	316
1	0
189	79
1	17
8	69
0	0
0	0
361	4226
0	1090
16	3967
0	3781
18	1763
18	3680
76	3123
112	2650
4	591
45	429
15	419
32	1102
102	96
213	0
18	634
42	16
4	13
1484	387
0	253
0	38
0	130
11	0
130	289
0	289
3	0
769	78
0	7
1	74
2	7
754	18
0	2
7	12
6	4
0	0
2349	354
0	0
8	162
4	82
0	35
356	0
0	12
0	7
0	2
2613	236
4	13
1	126
0	153
0	131
7	32
5	124
28	0
8	17
6	37
182	283
0	0
1	0
0	0
0	4
12	218
0	50
3	0
0	5
0	5
19	976
52	964
0	446
6	474
0	759
470	41
0	41
171	2767
1	1054
4	2621
8	2078
1	2166
0	419
2	2
0	168
1	103
0	302
0	475
17	492
0	400
12	278
0	0
0	0
0	0
1	0
7	0
1	0
0	0
0	0
0	0
1	3032
0	102
17	1562
0	0
0	6
18	10
2005	4823
0	453
0	2506
15	5628
3	4496
20	2373
14	4496
0	5482
23	5443
1	358
4	359
8	6
0	4705
0	5639
0	3047
1	1741
3	181
0	6
30	171
21	2616
2	4598
23	4433
0	48
2	48
2	531
0	4537
0	314
169	41
2	41
2	36
0	0
0	0
0	0
0	0
3	0
1	1317
1298	1731
2	337
0	1289
765	624
23	632
2	132
8	59
0	10
2	1
0	0
2	0
0	0
0	0
1	0
1003	2014
3	103
2	86
0	286
4	58
0	663
10	182
4	203
1	882
2	514
0	12348
39	1091
0	7750
52	8968
0	8498
17	11767
0	203
0	238
1	318
0	399
1	1602
0	1200
0	384
5	298
21	9637
5	3478
0	1326
0	10444
42	227
0	227
1	88
0	88
145	3003
787	3230
10	2946
162	2704
1	347
0	432
0	678
6	363
0	0
53	5282
49	910
0	837
20	4701
0	0
863	0
0	0
0	0
0	0
1	134
1	96
408	383
11	372
2	75
1	72
178	160
1	159
9	71
257	8
14	8
0	0
0	0
0	0
0	0
1	40
3	2
0	1
0	1
0	39
6	1427
59	1417
2	1428
0	78
0	24
0	7
0	1364
0	998
40	239
1	220
0	225
30	345
17	90
0	127
8	3
12	26
8	102
0	90
0	51
0	8
12	0
0	242
0	123
4	705
135	714
124	562
0	620
4	155
0	452
11	450
331	865
1	642
12	316
0	242
0	174
1	154
343	125
0	40
4	84
0	35
5	62
13	61
0	74
73	95
0	95
1	34
6	0
4	3951
173	333
4	117
271	434
2	76
0	112
2	34
3	154
0	61
0	61
4	62
8	55
1	32
2	4
0	1
0	0
0	0
0	0
0	0
0	0
0	487
24	500
9	401
1	3
13	18
3	11
3	255
0	278
16	133
0	6
0	1064
0	29
0	27
18	1085
1	20
53	655
0	946
0	1
373	515
2	0
0	175
0	211
0	33
0	33
0	1962
79	2035
0	431
0	243
0	1957
0	0
926	307
0	45
0	65
3	2
0	194
1141	2132
962	549
6	539
0	2026
0	183
0	2026
8	0
0	6969
319	5905
29	6
9	3115
1	1574
4	92
0	6969
829	753
0	732
1	197
4	101
0	106
0	12
5	22
0	0
7	0
1	0
3538	37
73	33
0	2
20	2
0	0
0	0
0	0
137	7
90	116
24	579
9	6
5	4
2	100
4	1
24	11
0	5
25	1015
700	2528
20	37
2	1521
0	0
0	0
146	1977
5	1960
2	29
1	30
0	18
0	1
374	1523
0	817
24	555
0	805
0	676
17	2
118	934
35	835
7	430
0	452
20	574
3	15
21	18193
270	20003
10	2391
1	11
0	3253
1	2584
0	2148
18	584
6	5857
9	1
11	2057
0	221
2	533
7	431
5	58
1	78
0	56
0	320
0	0
1902	2
0	482
0	419
0	199
0	5
0	31
0	119
3	133
2	172
0	193
0	9
6	49
0	0
0	2
0	2
0	2
0	0
0	0
0	2
0	0
0	0
0	0
0	0
76	41
1188	1211
1	11
269	37
0	2
19	1
0	0
4	260
13	843
1	6
0	2
7	16
37	3
2	177
0	12
13	0
0	136
22	1
0	0
0	0
0	0
0	0
0	0
3667	763
0	324
4	45
1	280
91	186
2	54
74	13
7	15
0	0
0	15
0	11
0	1
0	1
0	0
11	1604
1	1503
12	0
0	1149
60	68
4	4
5	95
2	101
29	88
0	2
0	0
0	0
0	0
0	0
87	13
1	13
8	414
1	414
10	86
2	87
1	89
1	91
0	76
0	30
15	1
0	1
0	315
278	326
0	33
5	24
0	91
0	54
1	42
2	0
0	91
3	0
0	0
0	0
0	146
35	201
1	17
0	223
1	188
6	282
0	3
1	795
0	266
1	68
1	594
0	98
0	39
0	20
0	125
3	186
0	19
0	540
0	132
1	54
0	158
2	0
1	733
0	314
0	203
0	224
0	197
0	43
0	10
0	135
0	20
3	121
0	30
0	172
0	315
1	19
0	0
1	359
39	71
3	5
0	71
1563	3473
4	258
19	3217
84	23
5	2
281	2610
1	1870
0	2242
0	97
30	2054
18	0
0	441
0	106
8	166
4	13
0	0
2	512
1	0
0	0
0	0
0	0
2230	1152
8	3
11	93
2	1150
6	8
3	8
8	14
6	150
1396	404
1	338
0	223
227	715
16	370
1	516
2	14
153	48
0	0
0	47
34	45
0	0
193	271
149	2646
0	2386
2	9
4	332
34	1
9	404
6	0
7	155
0	113
0	7
2	120
4	0
11	35
1	23
0	22
0	6
1	32
2	6
0	31
6	32
0	2
226	995
2	241
31	691
20	526
2	84
0	127
0	7
446	856
0	777
0	696
8	640
0	186
1	393
0	384
0	384
0	0
0	0
100	565
0	565
62	525
120	525
3	4
0	0
0	0
0	0
0	0
0	0
0	0
0	0
0	0
0	0
282	1947
1499	2355
48	621
16	1311
7	821
1	71
8	179
1094	529
0	475
0	149
0	20
2	62
4	14
0	229
806	509
0	248
2	46
0	0
114	1503
0	5769
0	3402
173	5765
202	5623
137	5189
3	270
42	3485
0	3534
7	3644
0	129
16	8
141	2652
4	17
0	756
0	150
5	1072
0	811
9	3609
0	0
0	0
0	0
0	0
0	0
0	0
0	0
0	0
0	0
0	0
0	0
0	0
1505	92
0	81
1	14
0	0
0	0
0	0
4105	4
0	0
0	0
155	0
4	0
223	1
1	2
0	2
0	0
0	0
0	0
0	180
715	38
37	38
264	23
0	23
39	0
0	0
0	0
0	0
0	0
0	0
6287	12
0	0
0	0
0	0
0	0
0	0
1235	495
8	505
7	11
97	219
0	20
7	104
15	4
8	1
10	28
9	91
0	0
0	0
0	0
0	0
0	0
0	14
0	0
0	5
0	0
0	8
1	10
1511	371
0	0
7	231
13	99
0	6
5	35
7	381
7	378
0	1
1	5
0	3
353	289
5	137
2	151
8	604
1850	725
0	159
14	69
6	121
1	1
217	1502
21	997
3	964
1	650
0	289
1	0
0	17
0	321
1	110
6	211
1	42
5	23
16	705
0	612
0	561
59	382
1	198
0	90
0	429
2	1011
0	874
0	1020
3	718
40	1258
1	916
192	602
1	57
10	351
31	9
1	1099
0	1
2	1
0	198
25	198
15	50
1	52
0	88
0	6
10	10
0	10
0	1
0	0
0	0
0	2407
0	142
1	97
2	751
8	2656
1	65
125	65
2	0
21	728
4	612
10	396
0	263
0	49
12	22
0	5
0	77
0	18
0	54
0	86
2	56
73	351
6	198
36	22
6	514
0	7
0	1
0	0
0	1
2	3
0	3
0	0
0	1
0	0
0	0
0	0
0	2465
101	2424
75	2117
2	1595
32	1557
0	0
6	50
322	479
0	8
0	184
85	433
1	9
0	5
11	4
58	107
0	96
0	0
7	0
923	6988
12	5158
0	0
0	3129
1	1303
0	177
0	506
0	1482
5	15
1	1
0	0
0	1
0	0
0	0
1	159
12	159
0	49
149	1718
4	1711
0	386
5	330
0	1053
0	694
118	2858
40	3047
42	2737
10	247
14	644
0	2852
0	9
2	1
6	284
26	2852
0	2865
34	293
1	293
3	56
0	2
0	2
4	0
0	0
0	0
0	0
0	0
0	0
0	0
0	0
836	0
0	0
1	1055
1	142
6	75
17	1108
119	1108
1	0
27	0
20	637
0	531
2	647
0	1
3	338
35	407
1	157
2	2
910	1
0	151
30	151
1	0
86	6194
0	0
0	347
3	10
0	1055
0	0
0	0
0	0
0	0
0	0
5	0
0	0
0	0
0	0
0	0
6538	6
7234	1527
6	1484
0	56
0	0
0	0
0	0
0	907
3	897
0	839
0	58
1	2
2	94
1	27
0	34
2	6
0	0
8	0
44	1
0	1
0	0
0	0
0	0
0	0
0	0
0	0
2449	323
8	323
3	841
3	946
0	1215
2	547
0	0
0	1
0	54
0	549
0	0
0	82
1	64
0	65
47	83
2	1471
2	1125
3	1513
1	1211
0	69
7	542
0	38
2	9
3	134
33	3130
1	0
3	384
5	89
1	8
0	62
0	95
0	126
0	70
3	3
0	0
0	3081
1	4
0	4
6284	3350
19	161
280	1950
4	2594
6	1547
0	144
0	0
1	0
115	0
11	24
1	24
0	391
0	1205
41	1205
230	1630
25	1215
0	3421
5	3394
0	68
1	2
3	117
78	2112
355	600
0	599
242	2507
0	2500
0	3
0	4
1	287
0	270
0	0
5	1
0	1
199	1932
1	1930
19	150
43	173
0	0
28	91
2	90
0	1
6	2260
77	2260
23	246
0	0
0	46
119	0
0	0
0	1
0	1
0	1
0	0
0	1
0	0
0	1
130	2
0	1
3140	283
5	283
0	6
51	403
2	702
47	1371
2	1394
0	58
0	124
2	41
0	58
0	40
0	1390
0	1385
156	0
0	0
154	4331
54	4292
1	15
385	4521
11	4380
44	241
0	4284
19	1405
12	1422
0	1242
0	1222
0	57
0	11
5	104
0	130
0	63
34	1035
28	1035
1	1892
0	2217
27	238
3	12
21	103
7	103
0	11
0	0
0	0
0	0
17	421
0	486
4	104
2	111
0	152
0	146
0	137
5	30
0	23
14	3
3	6
6	9
3	18
3	16
0	0
4	6
2	5
2	307
0	324
0	0
5	2
0	187
0	292
0	329
41	120
0	68
2	45
8	23
0	5
5	13
0	9
0	4
0	6
1	3
0	6
4	7
1	0
0	3
2	5
4	3
0	8
0	5
0	2
0	6
1	2
0	0
0	5
0	6
0	5
0	3
0	4
6	11
993	1348
1	1347
32	1776
1	2150
11	35
9	5634
5	1427
34	2012
1	3731
0	4070
3	570
3	1326
71	136
7	136
0	0
0	0
1123	556
5	528
40	523
13	0
0	0
0	0
1	0
0	0
0	0
0	0
0	0
0	0
0	0
0	45
0	53
0	14
0	13
1	7
0	0
0	0
0	3172
39	3574
0	3279
4	46
0	210
0	3313
0	124
0	3284
0	3546
0	24
0	2937
118	2268
0	115
91	1
10	5
2	1
0	1
0	0
0	0
19	70
0	70
0	8
0	18
7	871
1	881
0	197
1	381
3	101
0	135
2	704
29	746
10	53
1	0
11714	1002
5	993
0	0
0	0
0	2
1	2
0	0
0	0
128	8
0	5
0	0
1	0
0	1
1	2
13	1730
279	1932
1	272
0	258
0	70
1	60
0	11
0	87
0	77
0	10
0	0
0	79
0	87
0	16
12	16
1	14
1	14
0	14
1	2
171	104
0	8
0	3
0	0
1	1133
18	1130
1248	1134
11	286
0	0
0	0
334	0
4	58
2	1
0	60
0	0
0	0
1	57
0	0
102	0
0	1
16	1289
23	1203
10	1218
32	1114
0	106
0	38
5	0
0	43
0	950
0	195
31	376
0	42
0	32
0	181
0	9
517	97
0	97
0	0
667	915
1	615
2	116
0	204
6	425
0	629
0	449
12	7
2	601
0	541
0	168
0	432
0	405
0	405
0	409
7	505
0	358
0	259
0	358
0	298
0	168
0	0
0	0
0	0
183	929
127	997
5	694
9	1
2	997
2	177
253	704
31	704
0	60
0	91
0	7
78	37
0	0
0	0
0	7
0	4
0	19
3	38
5	46
3	5
37	33
4	20
0	9
34	62
0	14
0	0
5663	4528
2	177
0	0
6	5
0	274
0	0
0	0
3	0
11	249
93	295
4	65
9	9
19	963
0	58
82	835
0	124
0	282
1	186
5	3
17	181
1	0
2	0
18	0
0	0
0	0
0	0
1	13
0	1
0	0
2	11
0	0
0	0
1	0
0	0
0	0
1	0
0	0
0	12
3	2
2	48
0	41
0	41
1	21
13	34
0	41
2	15
28	24
0	14
0	7
0	1
0	0
0	0
385	86
3	42
5	44
0	0
0	8
0	8
5	530
166	690
2	161
5	74
0	74
0	3
3	5
0	0
0	35
0	35
0	35
1	28
0	45
0	37
0	28
0	31
0	9
0	75
0	72
0	56
0	40
0	29
0	84
0	77
0	78
23	73
0	20
46	73
0	15
831	561
1	16
2	547
0	267
31	267
0	2
0	1
0	1
3	240
1	498
0	596
9	92
190	690
0	599
0	129
1	16
0	246
0	245
1	1
0	0
8	0
1	384
0	305
14	74
0	0
5	277
1	182
7	97
0	31
0	69
750	0
0	0
0	0
3	0
5	0
20	349
6	376
0	43
0	0
0	0
48	164
0	166
0	125
0	108
3	1268
194	1268
26	264
5	264
0	18
1	10
14	72
0	0
0	0
0	0
0	0
1	0
3	13
6	234
10	121
2	135
0	41
0	57
1	92
0	0
0	0
54	0
545	21
0	20
3	256
3	274
0	13
0	3
0	20
2	0
0	323
7	360
25	298
56	1096
43	1096
55	366
0	162
0	403
22	226
34	231
13	213
53	80
0	12
0	0
0	211
69	17
0	16
2	14
0	8
0	5
0	5
0	0
0	0
1	1
28	268
0	448
5	446
2	306
18	465
0	187
0	36
4	8
1	4
0	61
0	66
0	122
2	52
0	2
77	173
0	56
4	16
0	102
0	100
6	0
0	0
38919	22101
0	10575
0	9507
1	1985
0	6
12	33
6	21
0	12
1	4
0	9
0	0
0	9
1	0
0	9
0	1
1122	548
0	547
2	25
0	50
1	152
0	634
16	611
0	150
0	75
0	634
1	0
13557	12
0	1759
18	3197
0	3397
0	52
0	2653
0	2667
0	310
2	205
1	0
8	2
0	2701
20	359
236	613
0	36
9	703
97	1527
10	1525
2	24
2	0
356	27
0	23
0	4
0	0
2359	573
16	572
683	130
1	79
1	56
32	5
8	11
2	1205
93	1206
2	1206
0	170
0	0
5	3
2	0
0	39
3	39
137	29
0	29
0	0
0	0
231	1143
51	1228
514	1381
0	5
0	117
10	394
1	178
4	120
1354	15
0	10
10	308
5	10
0	2
0	3
5	26
0	0
0	0
0	0
0	0
0	308
7	3265
126	3081
414	3146
1619	3235
67	1970
0	3265
353	73
6	72
0	2196
372	2468
4	303
0	1790
8	819
3	576
2	1177
133	3613
20	3351
16	3135
8	1133
5	3099
1	35
14	118
0	392
2	2142
4	99
0	138
11	135
39	0
781	62
0	50
1	10
1	2
7	339
2119	1128
14	497
0	1017
8	206
0	114
5	206
0	0
0	13
0	6
2	268
0	11
0	266
0	0
5	6
0	6
0	22
0	22
0	22
1	5
0	0
62	285
3	31
27	3716
21	3716
1	122
10	74
6	19
6	714
6	7
0	217
0	101
5	90
1	20
643	20
0	0
1	4
0	1
106	14
0	14
0	0
0	0
0	0
3	7
0	7
0	0
47	1
0	1
908	0
0	0
0	1
1	1
0	1
1	35
6	35
0	1
0	0
0	43
0	0
1	2
0	43
0	43
1	0
0	0
449	0
264	207
0	1
17	206
2	2
0	0
0	0
253	54
4	54
7	0
12	6
42	36
5	65
0	49
0	27
1	2
0	0
0	26
8	107
1	112
58	332
2	184
5	172
3	163
1	65
0	0
0	0
77	230
6	230
0	31
1228	1
0	0
1899	1242
0	1225
0	2
15	175
0	2
1	3
0	3
0	0
0	0
280	0
0	0
0	0
612	0
525	7
0	6
0	4697
13	5837
6	5904
0	5870
19	4877
0	4677
38	931
33	509
1	229
134	228
11	224
33	1831
3	417
11	59
1	5949
592	182
2	139
0	136
0	59
0	15
0	14
25	286
0	147
2	126
1	31
0	20
0	54
0	20
0	0
0	25
0	0
4	146
0	147
0	140
0	0
0	1
0	147
0	0
3	17
4133	391
0	388
18	0
1	5
1	5
163	2664
1	2885
4	97
4	2488
0	2644
1	0
1	62
34	1276
4	123
0	52
13	86
0	83
4	0
0	0
0	0
3	0
0	156
1556	181
4	17
0	0
0	0
1529	393
0	23
3	371
1	0
0	0
46	511
33	1786
719	1912
97	1184
1	204
11	3
0	143
52	7
0	0
212	17
0	17
7	1
0	1
1	0
0	0
0	34
521	108
9	98
25	27
0	14
5	30
0	0
0	0
0	0
1	132
0	30
0	22
0	4
0	0
0	130
7	0
0	0
0	0
0	0
0	0
0	0
4131	10971
27	10949
0	484
13	228
7	329
3	306
7	239
1	148
5	1156
0	637
1	1024
0	502
5	60
6	14
39	25
1	22
0	4
0	11
0	11
0	8
0	137
0	23
0	31
1	63
0	1
1	137
0	745
0	734
3	346
1	388
4	1
13	125
0	44
0	314
128	41
1	10
0	31
0	8
0	0
0	0
0	0
5508	7217
81	1574
46	5322
5	0
1	0
0	4706
2	1224
3	321
0	286
0	221
42	214
0	23
0	21
0	21
656	80
25	0
5	0
0	80
0	220
0	219
696	12862
10	5858
0	12339
169	4473
17	987
4	161
0	31
3	123
0	904
0	12784
2	625
2	534
1	121
0	376
0	265
0	373
0	408
1	0
94	22
2	20
1	2
577	0
0	1
0	39
196	124
0	124
0	0
0	0
10	0
1	61
0	60
652	240
1	193
0	32
0	143
0	168
0	66
2	61
0	90
7	0
5	20
2	27
0	0
0	0
416	40
0	6
24	40
0	0
211	1436
4	1436
10	550
6	656
0	611
2	1410
0	1
0	63
0	1
14	7
0	0
4	6
0	1
190	674
287	660
27	567
1	5
0	85
0	3
0	55
0	2
885	1655
3	422
1	463
13	403
37	181
4	619
3	0
0	0
0	10
0	0
0	10
0	0
0	0
0	866
13	1051
1	836
33	2
124	782
0	2724
49	2771
0	367
0	517
74	326
0	367
3	306
0	4
4	4
0	194
8113	21657
19	8687
7	6914
0	21160
16	55
3	11
261	2500
1	616
0	17
0	1044
45	943
7	1498
9	2494
30	1
1	21
3	1209
9	1349
0	70
1	171
0	5
2	6
0	28
29	25
2	202
1	0
0	1553
28	0
1	0
22	64
200	338
0	75
66	0
74	0
0	0
23	299
1	0
0	413
3	0
3	2
0	1
0	133
0	0
0	402
22	1033
66	1380
290	1726
1	1821
14	388
7	61
0	2
36	945
6	736
0	916
0	6
85	1387
2	1387
9	1203
3186	0
0	94
0	95
0	34
0	0
0	2
0	4
0	0
0	1
0	85
0	0
0	0
0	0
0	0
0	0
0	0
24	7239
2	7155
0	2202
0	539
0	0
0	342
336	341
14	36
16	414
714	735
0	151
3	9
0	6
341	560
0	194
0	498
0	0
0	67
39	62
7501	1291
2	267
0	101
1	106
0	102
0	1
0	1288
0	0
0	0
0	0
0	0
0	0
0	0
0	0
0	0
0	0
0	0
0	0
0	0
0	0
0	0
0	0
0	0
0	0
0	0
0	0
0	3
0	0
1	0
3	111
0	111
0	0
1	90
0	72
0	114
12	113
2	98
0	9
0	25
0	28
0	50
0	40
11	36
3	102
0	102
0	102
0	0
0	0
0	0
0	769
0	327
0	56
18	7
1	1
0	767
8	71
0	71
7	2088
231	2662
0	1443
0	1289
5	225
0	332
0	380
0	1031
5	3
0	206
6	722
102	0
150	2244
7	887
419	887
27	91
0	1
0	545
14	4
8	2
71	1235
2374	1237
1	1
10	0
192	464
0	31
0	47
0	4
0	2
0	8
0	18
0	2
0	6
0	6
0	5
0	5
9	79
0	6
0	0
20	103
3	23
646	1213
2	606
1	1173
0	27
0	51
3	217
0	0
3	301
1	72
0	23
0	1
10	12
4	15
0	2
0	10
0	7
21	0
6	186
2	186
1	185
0	633
153	127
1439	1311
13	1309
1	2157
0	2004
2	8
116	317
0	164
12	41
2	105
82	620
0	620
2	123
1	1
0	371
9	56
4	19
7	13
34	5
0	1033
1	1175
13	437
0	0
17	563
0	987
1	98
259	255
0	255
0	0
0	0
0	0
23	75
57	760
0	67
3	767
3	34
3	31
0	4
0	33
6	33
4	33
0	0
0	0
7	2
0	1
1	0
0	0
0	0
3	136
0	135
0	24
0	20
0	26
0	20
0	14
0	3
0	0
0	10
5	2
0	3
0	3
0	0
0	0
1090	24
6	18
0	4
37	0
241	1696
11	1439
279	1678
0	0
0	0
0	0
0	0
661	129
0	129
3	0
2	0
5114	0
0	2425
166	1491
14	7
15	1
0	2712
26	0
16	8283
2	6937
0	7698
0	6326
1	7991
24	2304
10	823
0	807
5	1504
30	817
0	122
0	6645
7	0
0	25
0	24
0	20
0	20
0	22
0	8
0	0
0	3
0	1
0	0
0	0
0	24
2	3
0	3
0	0
1475	265
2	263
1	2
0	0
0	402
0	0
0	0
0	0
0	0
17	26
1	0
0	26
2	82
0	1
0	82
0	1971
0	214
0	106
0	0
0	76
0	20
70	2
0	2054
10	1351
0	1376
0	63
1	0
2	1206
0	52
4	39
26	638
4	229
3	75
0	0
0	0
0	0
240	740
1	639
0	87
0	39
0	1
0	128
1	371
1	0
0	138
0	31
3551	5
8771	7
4	67
0	67
0	0
425	0
682	574
0	212
9	145
0	214
4	99
1	181
0	2
3	7
5	1
1	1
1	26
0	1
1	57
121	90
3	7
1	46
0	68
0	3
0	0
0	0
7	29
0	21
0	8
0	1
0	3
2195	1
1079	448
3	357
0	91
0	0
0	7
0	7
0	6
48	481
0	207
1	393
0	0
10	44
3	1
0	0
0	47
0	2255
0	2917
0	2970
5	2686
53	2664
78	50
86	174
0	88
0	246
2	0
0	22
0	107
4	0
1316	1344
35	758
7	259
3	5
15	167
0	211
4	134
3	110
2	16
4	0
0	0
0	0
0	0
0	0
28	383
28	529
138	547
4	134
0	162
7	123
5	2
0	0
3	369
0	2
0	87
4	321
0	229
15	271
0	44
0	183
13	54
285	183
0	183
0	124
0	73
2	1
0	2
3	3
6	1
0	1
0	1
0	0
0	0
0	0
172	0
0	0
0	0
0	0
0	0
0	0
21	945
5	734
0	503
3	2
11	20
2	33
1	35
26	19
0	95
4	150
158	150
687	1146
19	1146
3	93
0	0
15	2
0	2
0	0
0	0
3	0
132	17
1	17
0	0
0	2099
0	2112
0	2045
0	1936
0	714
0	101
0	745
0	1
0	2056
1	11
7	11
0	11
0	0
0	2
0	0
4	0
5	14
24	26
0	103
6	25
0	12
3	47
0	0
1	27
70	106
1	82
164	0
0	0
11	454
635	456
1	110
20	26
2	4
5	269
1	257
85	109
37	1933
183	1949
7	1860
56	774
0	201
0	667
0	4
0	3
0	491
4	0
0	222
4	40
1	226
18	1
3	191
2	1134
3	1075
1	920
29	509
8	204
0	111
11	44
17	5
0	15
1	870
0	3604
43	3492
12	3252
2	3587
9	198
7	238
6	194
4	72
5	225
0	166
0	62
0	6
0	36
0	2
0	40
0	22
0	0
80	195
5	43
7	155
0	611
36	614
0	612
0	115
0	4
1	613
36	73
1	235
0	1
0	134
0	0
0	0
105	123
0	123
1	9
4	6
41	67
4	565
5	525
0	1
9	377
0	595
5	558
0	355
0	256
5	1
0	53
0	2
0	28
0	0
20	0
1	13
1	13
288	0
88	0
0	0
4	10
0	2
0	0
0	10
0	10
2	0
0	0
0	2
0	2
0	2
0	0
0	0
0	0
0	0
0	0
0	8
0	8
0	8
60	2295
11	2146
38	2016
1	2320
0	58
4	0
0	161
0	161
0	161
0	0
0	0
0	0
9	710
0	35
425	718
0	341
0	340
0	153
0	228
14	23
0	717
0	0
0	0
0	0
0	0
1	5
9	105
3	1166
5	1639
97	1425
0	1
0	310
3	51
0	1748
15	965
157	968
72	507
2	448
0	66
1	7
1	7
6	7
2	0
30	164
3	146
0	13
0	7
6	4
1	7
0	18
6	0
4	0
121	381
1	375
3	306
7	359
2	22
0	0
0	0
0	2
0	2
12	407
56	409
0	370
15	0
16	371
4	0
83	0
0	0
1	61
2	0
0	0
0	0
3	4
0	0
0	0
0	0
0	0
0	0
0	0
54	101
11	104
1	26
0	37
0	11
0	2
0	6
1	3
0	0
0	0
0	0
332	820
4	753
2	712
0	306
0	212
3	20
14	55
4	0
8	307
0	194
47	307
0	4
32	4
0	3
13	183
1505	185
3	6
0	0
4771	680
0	46
2	174
11	448
2	0
0	115
14	43
0	0
0	10
1	10
0	10
0	1
0	1
0	49
0	1
106	266
52	465
2	1
10	465
2	0
0	141
69	1109
3442	1047
119	307
0	292
0	100
2	2
88	326
2	159
0	9
93	284
0	212
0	0
36	368
35	67
0	351
0	299
694	0
0	0
864	291
0	52
0	283
0	1
0	0
0	0
0	9
0	0
4	318
1	51
0	5
0	317
1	4073
211	4075
0	48
5	53
6	4037
6	627
46	74
7	131
28	650
44	584
0	1
0	1
22	41
1	40
555	37
2	37
22	3061
85	2360
2	1636
1	62
69	2998
0	766
229	1692
4	1678
0	8
0	274
0	126
1647	2
537	0
108	936
1	651
6	94
0	2
0	165
0	376
2751	1549
18	200
85	113
18	41
94	157
20	137
0	1500
0	1
0	1
644	1
186	84
1	6
1	0
0	78
70	371
19	339
1	28
6	2
2	117
30	1073
9	998
1	111
11	461
1	45
0	0
379	5049
31	54
12	309
1	4636
20	74
15	147
217	4863
0	85
2	304
0	307
0	2066
0	160
13	0
101	588
36	8
30	667
0	411
0	737
29	532
496	397
0	703
0	0
0	494
0	302
3	10
0	2
0	355
1	370
0	160
0	0
123	73
11	41
1	2
7	45
2	65
0	0
0	7
0	0
0	65
0	0
0	0
0	0
0	726
22	630
0	102
14	79
1	114
0	69
2	2
62	1252
2	2309
350	2308
0	22
44	372
4	273
1	158
16	1151
7	415
14	1045
8	1
11	1112
1	461
0	8
0	17
6	6839
4	6418
4	6274
0	6277
4	6275
99	5720
211	6387
0	6276
3	6280
2	5391
31	5829
189	6103
0	3915
9	593
15	2019
29	1102
0	1129
1	898
0	540
1	117
1	86
1	30
14	27
0	0
28	26
111	38
0	12
0	55
3	59
22	6
0	3582
29	3480
10	3358
34	1922
1	2242
7	2533
0	81
1	47
588	56
2	487
46	417
0	503
0	29
0	478
0	25
2	421
0	26
8	27
0	31
8	1
1	5
2	109
0	643
6	90
0	657
8	110
3	84
0	188
0	726
0	0
0	0
108	341
0	0
1	74
19231	18398
0	0
121	9
0	9
5	1
2	90
70	334
3	0
4	335
4	17
11	157
2	6
3	151
225	145
6	144
33	81
5390	2
21	674
39	571
12	108
2	75
0	31
8	393
1	327
1	105
0	6
0	11
0	65
11	172
0	0
0	0
0	0
2	2650
0	690
0	2943
11	29
0	2550
0	529
14	1984
6	255
2	42
12	583
0	2
0	0
0	0
2	16888
7923	17175
5	2348
258	119
7	119
20	0
10	2
282	2
15	54
0	54
0	30
3	31
0	1
4	0
0	0
0	0
0	0
0	86
0	84
0	71
0	61
0	77
0	73
0	24
0	1
0	0
0	1537
0	1190
252	1578
5	816
1	73
8	559
1	951
4	238
0	13
2	0
226	1
83	1220
16	1162
1	207
0	183
4	175
40	1248
5	120
94	290
0	1158
0	438
43	209
23	128
75	187
0	0
44	97
0	3
0	3
0	3
0	3
0	0
279	49
4	12
0	1
0	6
0	0
0	0
0	0
0	0
0	1
0	1
0	1
0	0
0	0
0	4
0	1
0	1
0	0
0	3
0	1
0	3
1	3
0	0
0	0
0	1
1	0
105	1324
2	1126
2	1171
2	13
98	120
17	4247
16	4508
182	5183
7	1271
20	1980
6	243
2	1638
13	30
3	0
10	29
3	6
0	11
1	0
0	1
883	2972
11	2976
256	2410
1	0
8	42
1	43
0	39
0	1
2	0
641	768
3	768
2415	4614
0	2499
0	10
14	2533
0	1762
0	0
0	10
297	4163
14	496
68	663
0	8
0	0
0	0
22	62
0	60
0	34
7	742
0	90
27	2160
42	0
9	3026
1	3146
0	3077
6	90
3109	92
0	2
0	289
0	0
0	193
0	1
0	953
0	0
9	1862
6	36
0	409
0	173
0	0
6	1345
7	1730
27	11
4	1252
0	1694
3	1514
56	324
0	230
40	25
4	270
0	302
0	126
15	3
0	1
0	2
0	2
2	32
23	183
11	90
0	31
0	156
0	18
0	28
0	19
0	17
0	50
11	42
51	204
12	206
0	272
31	377
33	132
35	362
10	65
6	47
0	360
13	343
0	232
5	22
4	39
4	20
9	0
0	0
0	50
0	0
0	3
0	3
0	0
2	50
1	2
1186	1112
0	1044
8	976
0	26
0	945
4	47
10	56
1	63
56	23
8	1
11	17
2	2
1	89
2	29
2	22
4	2
0	0
10	27
0	2
5	4
0	0
0	0
0	0
1	0
0	0
3153	5
9	1968
33	2057
4	45
128	1657
3	105
5	178
4	189
5	59
0	333
0	220
0	172
0	44
1	1
0	1
0	1
0	1
0	0
2	207
6	207
0	16
0	0
30	15747
2	2225
155	6471
193	6390
0	340
0	516
0	3247
0	61
0	185
0	5
1523	1518
2	1430
0	1192
10	24
9	5
0	157
522	200
6	9
0	9
0	110
1	8
1	21
0	1
0	6
0	2
0	104
0	106
0	98
0	2
0	66
0	1
26	98
194	5
0	5
7	5
388	83
0	69
0	2
0	0
2	45
127	51
0	0
1463	2182
6	2178
31	1885
85	778
635	778
0	239
4	15
0	0
1	27
16	1706
36	1683
6	976
3	87
0	24
0	36
0	32
0	31
0	1
0	0
0	0
0	0
0	9592
27	578
6	2227
0	9797
11	1088
20	7
2	448
9	756
1	931
0	531
6	788
43	939
0	384
0	1
0	36
8	940
0	6
0	6
0	0
0	2
0	0
0	0
106	2572
1	2573
38	225
10	5
8	61
0	61
0	9
0	8
0	0
5	1549
42	1564
0	768
10	698
0	5
8	536
0	0
0	0
0	0
0	0
0	0
0	0
0	218
4	223
0	17
0	6
2	5
0	0
1706	1959
0	215
0	344
1	89
2	871
0	43
0	1581
0	129
1	85
2	3074
0	5594
0	2359
2	519
2	151
1	4663
0	402
0	427
106	1032
24	975
1	616
0	62
0	412
0	0
0	0
0	0
1	0
0	0
74	896
5	978
751	1543
2	884
0	180
2	203
1	25
12	55
22	50
1	37
3	25
0	2
0	0
0	44
0	64
14	61
1	1
311	0
22939	2305
50	2278
10	312
59	598
6	147
1	4
1	4
1	0
25	1
11	11
0	0
240	5294
0	3801
7	860
0	2440
2	375
0	4479
0	0
20	673
0	120
1	1
0	28
3	673
16	28
275	28
0	0
0	0
700	0
4	1605
0	1045
9	107
1	90
0	41
0	113
1	364
0	301
0	27
8	205
0	205
0	38
3	0
0	25
0	1609
42	981
0	0
4	13
0	968
6	565
0	632
284	1451
4	1381
15	658
3	607
0	218
1	207
4	302
1	30
1	227
0	7
5	23
0	21
0	0
1	2
0	0
21	24
0	116
1	135
1	18
4	0
112	4103
0	530
0	4103
0	19
2	4
0	8
376	2019
0	1613
1	1037
2	0
3	0
6	0
1	778
0	0
0	0
200	407
2	411
0	325
1	47
0	10
0	2
0	2
0	95
3	72
0	45
0	37
1	2171
26	37
5	176
581	2551
1	297
0	2
0	1
58	234
15	9
172	244
0	0
0	0
183	744
181	331
0	644
0	71
3	7
0	1
1	0
0	2
0	0
0	0
0	0
9	1914
7	1908
20	1758
1	4
0	4
105	47
0	47
10592	163
46	155
412	80
0	44
0	55
0	1887
59	2271
18	367
1	137
7	1913
2	1940
0	11
0	14
0	1719
1147	1351
0	292
10	1351
0	14
0	11
6	14
0	0
0	3
0	3
0	2
0	0
0	11
860	32
7	4
0	32
11	1548
5	6201
9	6200
199	6251
7	497
2	742
31	0
6	615
3	616
0	78
1	189
7	96
11	45
6	231
20	247
1090	167
7	0
4	99
83	99
0	0
0	0
826	0
588	141
4	127
14	26
2	901
14	518
0	495
1	232
0	50
0	87
1	839
20	901
39	946
2	117
7	45
1	413
26	0
4	413
0	404
0	412
0	6
1	6
0	0
0	0
1	1
0	0
0	1
0	1
1	1
6	144
0	143
3	76
0	0
0	0
0	9
0	3
3942	1533
298	1519
3	147
23	167
4	95
924	241
0	45
1	37
0	26
9	151
335	398
0	320
2	5
0	3
1	3
1	0
0	0
0	0
0	0
0	0
0	0
0	0
0	0
0	0
3	90
0	65
1	39
0	29
7	772
11	827
46	787
18	173
1	1
0	1
2	0
341	52
0	51
0	1
0	2
393	0
800	3
0	849
31	707
0	217
12	373
2	149
23	116
30	91
43	512
8	426
7	253
96	1269
0	1224
2	315
5	38
13	66
0	63
0	47
14	48
0	0
0	0
0	0
0	0
0	0
345	212
1	202
0	71
15	177
12	49
0	10
0	1
2	982
20	1129
0	1034
0	145
8	377
0	22
2	76
0	1170
0	1129
86	2081
66	2112
9	136
30	2069
0	2129
0	1968
0	2005
0	1988
0	2096
0	1988
0	2036
0	1996
0	2153
0	2189
1	2033
0	2069
0	2033
0	2072
0	2114
0	2092
1	38
8	140
2	28
0	1
97	98
0	2081
581	1631
0	1575
2	1657
2	1
0	122
0	122
0	0
0	26
0	0
0	0
0	3
0	0
3	1
1	10
0	10
0	2
52	0
2	1274
0	57
0	135
0	1084
2	1178
2	144
0	49
4	135
1	80
4	23
778	815
39	446
3	373
0	299
0	203
0	70
163	108
0	108
12	2
25	399
0	195
0	335
0	24
23	150
3	0
0	398
5	1
0	1
0	0
66	32
2	32
0	0
0	0
0	0
0	0
0	0
0	0
0	0
11	13
0	93
0	19
0	0
4	4
0	9
0	87
291	166
8	55
2	9
0	184
11	0
0	16
218	891
0	112
1	514
4	90
0	367
16	316
0	33
0	0
0	0
0	0
3	13
1	16
0	14
3	18
4	124
0	7
0	67
0	186
0	124
0	67
0	7
0	186
10	2406
0	4853
17	2018
8	505
4	2177
9	4222
0	357
0	4293
6	0
8	240
38	0
16	30
0	738
0	38
0	8
6	0
0	87
1	26
14	41
6	7
0	17
0	37
2	38
1	17
0	739
0	0
42	324
21	324
0	10
0	0
0	0
0	0
2126	693
2	436
22	276
3	46
130	479
173	484
1	33
0	0
1	860
1	6
20	190
1	464
1	65
0	745
0	62
2	2
0	96
0	23
11	234
10	247
15	91
15	2
55	155
49	142
0	18
0	11
83	444
5	0
4	127
13	60
2	82
0	57
5	263
0	241
0	196
7	22
1	3
0	247
0	9
0	40
0	2
1	16
0	0
0	12
299	939
1	918
5	35
0	76
0	254
3	128
0	96
0	16
18	23
0	22
0	22
0	3
0	2
0	5
0	2
0	2
0	2
0	2
1	3
0	30
0	0
1	32
0	11
0	31
0	2
0	5
81	3
4	3
7	0
2	0
0	0
11	116
3	115
20	18
0	0
7	245
6	245
0	26
0	15
17	0
19	25
1282	157
78	75
2	27
8	49
0	820
31	2320
0	2174
0	1942
4	2030
6	2209
0	1960
0	194
1	318
0	119
1	67
23	89
19	108
7	0
3	6
39	763
0	0
3	417
1	509
0	355
0	48
0	2
0	0
416	260
0	169
0	85
0	11
3	0
708	5436
2	4500
56	4103
0	4498
80	5415
0	10
14	4075
46	4096
0	3897
17	4116
0	0
0	0
1	0
0	0
0	0
10	618
8	691
0	55
0	20
0	4
0	31
0	188
115	2717
1	2304
5	2212
0	1852
1	18
0	171
0	134
0	0
3	26
0	10
0	62
38	11
1	10
0	250
1	99
0	9
0	2632
890	2
380	49
0	27
0	22
104	144
0	0
0	144
13	8
4	253
0	0
0	11
0	254
4	183
2	194
0	0
2	3
4	0
0	33
0	0
0	0
0	0
0	0
0	0
3	1817
2	1947
0	107
0	0
13	13
173	185
0	1541
72	1759
22	576
4	28
0	31
1	31
0	10
0	2
2	0
0	6
2	1
0	0
0	0
55	47
0	47
0	24
277	69
1	69
7	12
3	10
26	1981
1	365
99	2110
5	15
1	58
1141	93
0	92
11	375
503	822
0	142
1	27
0	419
0	168
23	174
0	0
0	0
0	0
0	0
0	0
0	0
0	0
0	0
883	120
1	34
132	0
85	501
2	546
0	274
5	420
1	335
2	16
5	0
6	75
3	78
0	75
2	83
1	67
0	2
0	2
0	2
3	0
183	0
4	2
1	2
0	3
4	17
0	15
0	5
0	8
5	34
1192	833
13	812
0	11
8	13
1	7
0	7
4	2202
13	638
0	2202
0	145
1	168
8	165
90	1
0	108
142	194
0	97
3	135
5	0
0	34
1	0
0	3
2554	25
0	22
2	5
0	0
1	0
0	0
1	0
2	5
0	5
0	7
0	2
0	0
393	0
31	920
89	2334
0	2330
228	2336
106	1250
2	673
6	441
5	27
28	33
0	16
16	2
0	0
0	0
344	9
89	162
0	0
0	832
5	1999
0	2158
0	2080
3	2118
1	1652
0	73
1	57
0	322
13	28
5	0
0	0
0	0
0	0
0	0
0	0
0	0
0	11
0	4
12	11
0	0
0	0
388	0
0	0
0	0
0	0
0	0
2	0
0	4977
18	4974
92	4976
153	1993
1	0
0	1
0	1
0	0
25	376
25	375
0	335
4	3
2	75
0	1
0	1
0	284
17	284
0	28
0	18
0	0
0	0
0	0
0	0
1855	685
3	469
0	232
1	345
7	63
1	40
30	15
0	7
0	9
0	10
7	215
21	1271
0	369
0	204
1	1200
0	1220
0	97
1	132
3	97
4	57
2925	2
0	0
0	0
0	0
16	5
0	0
0	0
0	1
0	0
0	1
39	1
0	1
0	0
34	209
0	166
3	201
0	7
11	115
0	117
0	94
0	0
5	107
0	69
0	0
0	2
0	2
5	3
0	0
0	0
80	97
0	96
11	53
0	0
0	363
0	31
3	334
1	308
0	276
0	223
0	74
1	226
17	285
2	232
2	61
0	50
0	43
11	14
0	50
13	28
0	33
1	73
1	25
44	474
2	1
0	35
0	474
1	4
2	5
0	2
0	45
1	60
54	95
2	38
0	92
0	249
0	216
1	224
5	62
4	1
0	10
1	34
0	2
0	17
2	1247
81	1245
0	118
1	636
7	159
62	1182
0	238
18	0
2	125
0	139
0	22
5	211
3	600
0	143
11	384
17	359
0	192
0	329
0	174
2	118
0	584
30	1143
404	1367
1	209
8	5
0	8
0	63
0	1
0	131
5383	20008
15	18358
116	19487
0	5425
0	3129
5	312
0	0
0	113
13	1
35	0
0	0
0	0
0	0
673	220
1	76
17	144
112	0
18	1008
14	995
1	59
1	10
9	1031
0	0
1	0
0	0
0	0
0	0
0	0
204	7
0	0
0	0
0	0
0	0
0	0
0	0
0	0
0	0
0	0
0	0
0	0
61	382
64	1974
1	617
267	1994
18	100
471	19
121	709
2	709
0	1
0	0
0	0
0	0
0	0
0	0
0	0
0	0
217	932
3	781
33	490
25	480
1	261
3	61
0	10
0	1
0	1
33	0
1	1055
0	5
0	110
0	585
0	6
15	504
3	137
0	185
0	185
0	285
0	266
0	960
23	29
4	0
0	0
0	0
3	15
4	87
1	85
0	91
0	4
0	0
1	7908
528	8309
233	7908
0	4233
0	0
0	0
0	0
11	163
8	164
82	164
0	157
1	4
0	147
1207	0
0	2
0	7
0	2
0	7
8	0
381	2320
0	2320
0	98
0	1
0	0
65	103
2	101
1	23
1	14
7	622
11	520
0	495
0	495
0	528
0	495
0	495
0	379
0	379
0	544
0	522
0	525
1	391
4	410
1	383
0	474
0	88
0	483
0	547
1	476
0	165
0	40
0	65
0	299
0	119
0	49
0	80
5	26
0	2
42	375
28	337
14	194
124	255
0	191
341	2038
0	2038
0	77
487	135
2	57
1	78
1	14
2	14
0	0
1	1
14	800
0	1
27	308
0	4
29	858
1	4
2	47
1	20
9	79
45	441
68	198
0	0
0	126
0	115
0	200
697	277
1	79
8	277
0	27
686	167
19	172
2	47
0	1
1	1040
12	1234
0	3
0	21
3	3
0	409
0	321
4	49
545	619
25	619
7	0
0	0
0	0
2172	173
0	173
1	47
277	71
5	70
9	122
0	122
1	9
1	3
0	2
0	0
0	838
438	924
14	146
3	78
0	0
0	1505
131	1495
3	20
5	220
18	1352
2	0
1	153
38	560
0	2
0	159
0	9
0	434
2	108
0	22
0	4
0	41
0	0
1	0
0	69
8	417
0	1
0	0
0	0
0	0
0	0
121	143
1	25
0	10
14	6
2	77
0	124
1	15
1	24
0	4
11	1
0	3
6	9
0	9
0	6
0	9
0	11
2	4
307	4410
212	4010
11	445
1	4215
5	1343
7	75
0	3
0	0
0	0
0	0
319	2674
1022	2675
0	351
28	379
75	379
2809	373
1	2
1321	850
0	849
1	0
0	104
4	40
4	0
42	1162
0	950
0	570
1	1045
15	520
3	608
0	1254
0	601
0	730
2	583
0	1102
0	1075
22	1159
2	1
0	530
3	794
0	922
0	372
0	1
0	4
0	22
104	167
0	51
5	134
5	85
282	0
3	887
1	886
1	885
53	121
0	885
0	4
2	12
0	11
0	12
0	7
0	1
0	1
0	764
1	454
0	0
832	956
0	449
18	198
2	682
9	8
0	18
0	0
0	18
15	162
0	136
0	147
1	1
4	68
3	8
1	17
0	6
0	9
0	9
60	624
0	556
0	6
12	68
1	17
0	8
0	3
0	3
5	1
0	0
2	168
0	36
0	994
0	235
0	594
0	131
0	514
0	5
0	227
6	21
0	349
0	148
0	9
1	230
10	892
13	201
11	717
0	666
5	152
0	176
0	56
0	28
7	97
6	93
4	38
0	171
0	19
0	789
2	18
0	389
0	354
0	7
2	287
0	181
0	1
151	25
1	25
4	0
1568	2
0	2
47	168
0	738
0	746
1	123
0	259
0	209
0	22
0	503
0	678
0	131
9	120
0	5
0	94
0	0
0	0
0	0
0	0
7	7
321	9961
646	9626
1	9475
0	253
19	0
0	0
0	0
0	0
0	0
0	0
0	0
0	0
180	174
0	135
0	0
0	41
0	2
0	0
0	0
0	0
20	1555
73	1579
7	1564
3	15
7	56
3	29
1	306
5	161
1	1553
0	0
0	0
0	0
0	0
0	0
0	0
2	6965
22	4911
9	7290
2	657
2	190
0	239
0	209
1	209
0	8
0	507
231	99
0	95
0	55
0	4
0	0
0	0
0	0
0	3
0	3
0	3
0	3
0	3
0	3
0	6
0	3
0	3
0	3
0	0
0	1
0	1
0	2
0	0
0	0
163	845
57	860
1	27
1	10
33	41
0	85
1	31
49	2
1	2
7	116
273	148
1	76
0	97
0	108
0	5
0	5
0	3
0	5
80	1837
20	602
5	1854
0	418
0	104
0	530
3	1666
1	1853
0	1923
2	1885
0	36
0	370
0	34
0	20
0	9
0	36
42	1612
3	396
1	1558
0	335
0	0
0	0
0	0
1032	149
5	136
0	2
0	0
0	0
0	0
238	95
0	95
0	15
0	15
0	16
24	14
0	6
0	1
0	0
0	0
0	0
1	3946
1078	4110
0	78
0	154
12	2799
0	3102
0	2999
3	0
0	2600
0	2544
0	2311
0	2441
0	2208
0	656
0	0
2	33
9	554
121	360
0	0
0	0
0	0
0	0
0	0
0	0
0	0
0	0
0	0
0	0
0	1121
0	1135
1	233
0	7
202	232
0	148
0	15
3	28
0	77
1	66
0	0
61	1511
2	1469
2	1452
5	834
14	107
0	9
0	3
3	7
8	10
0	0
2	0
0	0
0	0
0	0
179	2886
1	30
2	290
0	5
0	2886
2573	2727
26	2367
0	2507
0	73
0	237
0	2
456	60
0	60
0	0
1	0
0	0
0	0
0	0
0	0
4	0
0	0
585	1005
110	1102
0	407
34	6
1759	7
10	2122
0	2162
18	1431
71	577
2	1401
92	1244
0	916
3	38
0	327
224	320
0	162
0	10
37	9
0	0
236	79
6	5
1	74
1260	1
0	0
0	0
0	0
0	0
0	0
0	0
0	0
0	0
0	0
159	30
1	3
0	19
0	3
0	1
0	1
0	4
0	31
0	33
0	0
1	33
0	0
0	0
0	0
0	634
0	19
4	27
0	1
0	7
0	8
7	17
0	11
0	0
39	1122
5224	2392
4	974
0	69
0	222
1	335
0	27
0	28
0	26
0	2
0	2
0	43
0	42
0	0
0	0
4	101
0	10
278	3810
0	3770
0	1722
356	843
7	831
0	2
0	1
2	105
712	42
0	42
17	5
0	0
1373	13
12	172
4	67
3	0
90	1684
76	1684
8	1565
11	2650
81	2678
398	1990
4	1787
6	337
0	265
6	192
1	288
0	0
0	251
254	1493
34	1491
3616	4
1	3
0	678
19	229
1	695
403	696
2298	1
94	847
1933	2086
10	2085
2	133
7	155
6	1
6	82
0	0
0	82
0	0
0	0
0	6
0	0
0	0
0	6
34	267
0	393
3	488
4	358
0	8
0	3
0	0
2942	1486
5	145
0	0
98	1338
3	790
0	1080
127	1081
6	0
0	0
0	0
0	0
0	0
314	0
11	2
0	0
0	0
0	0
0	0
0	2
0	0
4	318
0	46
9	318
0	320
0	0
943	470
131	82
11	347
0	108
0	0
0	61
2	32
0	0
0	0
0	0
8	0
1	1294
5	8
0	8
0	8
0	0
0	0
42	254
5	250
0	41
364	406
5	199
0	151
10	0
0	0
0	75
1	83
135	903
0	787
1	375
3	120
0	189
773	386
0	21
0	181
0	335
1	178
4	17
2	89
65	89
1	13
0	0
0	0
0	0
0	0
0	0
491	506
0	41
0	0
0	2
0	97
0	248
0	250
0	0
264	817
0	595
29	907
2	697
0	551
1	81
0	207
0	99
0	146
0	105
0	88
0	55
0	29
2	27
0	0
0	0
0	0
42	2166
43	3893
0	331
0	1377
0	3654
0	3883
0	4
0	4
0	2
0	0
0	0
0	0
0	0
0	0
0	0
0	3326
7	1569
0	3326
0	0
0	0
1566	1856
4	0
99	1968
190	1968
20	0
8	0
0	0
0	0
0	0
0	0
0	0
0	0
0	419
205	564
0	5
0	24
0	54
0	43
0	0
0	148
0	9
0	13
0	149
170	1675
6	1263
1	1618
2	0
0	20
0	127
5	18
0	24
0	245
4	55
201	156
5	3
1	156
0	28
4	52
131	52
0	18
2	23
0	8
12	505
28	79
0	108
70	520
420	54
3	53
5	39
28	423
5	86
1237	419
11	1036
4	1
0	0
0	1022
0	0
0	334
0	1
0	0
0	2
1	510
4	1040
0	0
0	0
0	0
0	0
0	0
0	0
0	0
0	0
0	0
0	0
0	0
816	706
17	0
48	594
8	1
1	2
0	198
0	106
3	588
0	479
6	586
20	1659
18	1675
25	1936
0	1864
0	0
0	0
2	3
0	2
0	1
101	29
1	25
3	10
10	37
3	157
49	665
0	122
11	72
2	610
30	56
5	6
2	11
1	131
2	2
699	200
21	198
0	95
6	95
154	6
24	290
366	141
0	62
1	62
0	131
7	27
0	2
1	0
0	0
0	0
0	0
0	0
1	0
3	0
0	0
4	8
0	4
0	3
0	3
0	0
0	0
0	0
0	0
0	0
538	4194
28	1
94	3834
6	975
0	1198
0	0
0	0
0	0
58	129
0	7
1	1
0	107
2	11
0	20
64	479
1	259
3	237
0	0
0	0
6	14
0	3
1	8
0	0
3	3
0	18
2	1
0	1
0	8
0	1
7	77
1	30
0	0
0	0
3112	678
6	142
2171	295
10	46
53	276
0	22
0	0
0	0
7	0
0	0
0	0
17	204
38	1226
12	32
0	0
0	10
2	656
0	115
49	2344
0	98
1	15
3	13
1	101
31	2136
1	197
6	141
2	34
2	135
0	134
0	223
4	102
1	86
4	28
0	15
1	17
0	15
0	4
0	0
0	10
0	0
0	0
0	0
0	2
0	2
0	0
0	15
0	0
0	0
0	0
2	4
0	0
0	4
2	0
0	3
0	3
129	362
1	362
0	1
1	0
0	0
194	21
0	20
0	1
103	3129
0	1
0	510
45	2180
0	2170
0	1918
0	2357
25	2315
0	45
0	0
0	0
26	109
4	52
0	170
19	0
12	31
1	28
0	3394
4	0
3	257
54	3
16	3009
9757	12659
597	11265
9	1013
11	254
325	8815
10	51
0	50
0	5
0	0
0	0
0	2
22	44
1	328
149	344
0	9
0	150
0	147
0	1
0	93
0	3
0	2
0	0
1	30
0	35
0	15
0	145
587	2016
280	2124
130	2127
97	2091
0	0
0	0
1	2
0	2
0	2
827	3031
97	2992
26	2992
62	2918
69	2992
0	1891
1	0
1	1
0	1
0	0
0	0
0	0
0	0
7	258
0	270
0	237
954	1329
0	2282
22	2369
20	1740
7	1857
78	1902
1	462
0	2364
0	0
0	0
0	0
0	0
0	0
0	0
362	95
0	95
0	0
1	0
375	394
4	172
17	221
0	1127
0	371
4	29
0	12
0	1145
1	32
0	0
57	115
8	262
14	178
2	166
0	15
4	29
26	0
1981	7840
7	4167
0	5027
38	1480
2	250
0	0
21	362
7	10
2	151
0	327
1	246
0	80
0	46
0	3
2	29
0	1
0	0
0	0
74	15
3	13
17	1
0	1
18	28
0	0
0	0
0	0
0	4
1	0
0	0
13	24
228	210
7	210
7	0
1	33
0	0
0	0
0	0
0	0
0	0
0	1328
0	222
0	1328
846	459
3	336
0	436
6	197
0	0
0	26
0	7
0	4
0	0
2	426
1	0
0	32
0	29
13	32
7	7
0	16
0	33
8	28
0	42
402	1886
0	1610
0	339
1	292
0	371
0	344
1	86
4	59
0	0
0	0
12	0
310	4160
0	2899
0	3975
238	1648
2	135
4	14
0	43
214	1471
0	354
0	617
0	446
3	7
152	9007
25	6744
0	0
0	3
20	7060
0	7313
0	2135
7	1
0	0
0	8936
10	844
1	858
0	17
5	223
0	54
3	71
6	51
4	266
3	244
6	44
0	10
9	2
2	412
0	2
1	85
0	849
17	199
5	167
9	194
0	22
0	16
0	202
1	1
0	1
0	1
1	0
0	0
5	296
2	17
0	0
0	0
0	5
0	0
0	0
0	0
0	0
342	253
12	34
0	175
0	76
1	8
6	59
0	47
0	59
0	47
4	84
0	463
9	433
0	0
1	0
686	1287
4	1143
5	1083
72	1094
10	2
0	43
0	0
0	0
1	0
0	0
13	111
0	30
5	9
0	0
0	10
0	101
891	2
0	0
0	0
0	78
2	88
0	28
3	9
0	88
26	467
38	1235
0	465
1	13
0	1054
10	1029
605	480
4	134
0	63
0	22
0	13
11	147
0	100
0	1232
0	0
785	0
3	0
0	1
17	119
0	3
0	119
102	0
45	664
4	664
299	0
0	0
419	928
0	785
0	886
36	984
3	129
1	0
0	155
1	3
2	2
0	0
0	23
1	0
1882	4632
0	4988
19	3859
0	4612
1	115
1	657
0	128
2	703
7	4
59	572
0	65
29	588
4	550
0	0
1123	183
0	120
0	62
0	13
497	1
15	1
425	981
16	987
0	160
1	216
19	177
0	315
1	1
4	0
0	706
882	854
1	272
0	2
0	2
8	21
0	5
0	0
0	17
10	1187
4	48
5	14
0	8
8	1
0	0
328	1187
5	116
149	428
1	0
0	0
415	429
11	903
4	542
10	792
3	11
23	318
6	563
5	515
0	166
0	322
0	355
1	353
0	48
7	0
0	0
3	0
1853	1
559	106
1	34
183	488
24	488
0	0
0	0
0	0
0	0
1512	186
1	182
0	0
54	1
0	1
0	0
488	265
20	255
3	13
0	1
5	253
0	0
0	0
190	0
0	0
22	582
4	283
0	430
1	286
2	92
0	77
11	171
16	1062
7	313
0	480
1	1002
0	0
0	0
0	0
415	440
7	444
21	415
1	47
0	7
0	4
2	0
0	0
0	7
0	7
0	4
894	74
2	74
146	14
0	14
1048	2949
1	342
1	2758
0	185
0	0
0	21
8	608
0	426
9	172
11	0
0	3
1	0
0	0
0	0
0	0
0	0
0	0
0	0
0	0
0	0
0	3
0	1
0	3
0	2
0	1
0	3
0	0
0	0
0	0
0	2
0	0
0	2
0	2
745	3182
13	35
15	716
1	2252
116	2543
0	309
0	0
0	2299
12	432
2	56
6	2491
116	0
0	0
0	0
2267	0
468	571
1	570
0	15
0	0
0	18
1	18
12	218
2	218
9	138
0	1315
137	1315
1	295
0	545
0	254
0	37
0	0
4	0
59	707
0	256
9	686
0	102
0	0
22	66
0	64
8	0
0	0
0	0
0	0
4	0
0	14
0	14
0	14
1	14
0	0
0	0
0	0
0	0
2	334
46	3264
152	3265
1	318
0	148
15	13
1	903
2	952
1	325
31	334
18	0
9	154
9	161
0	109
3	52
0	3
0	171
0	171
21	0
0	2
0	2
3	2
0	0
7	155
1	136
0	166
0	144
0	83
0	145
0	15
0	4
0	26
0	18
0	3
0	2
0	11
0	10
0	162
0	161
0	161
1	1472
0	388
0	242
5	1389
13	890
0	107
0	16
8252	4
1857	5019
0	4472
148	3810
101	4236
28	4596
31	4685
7	4629
7	4638
34	340
0	136
2	426
0	145
1	173
0	4265
0	0
0	0
0	0
0	0
0	0
1	0
160	621
22	569
4	64
0	42
11	1
4	18
593	1691
1	1691
7	362
17	219
834	97
1	96
8	0
1	77
32	320
7	131
0	49
0	92
0	107
0	308
1	7
0	30
1	24
0	37
0	92
9	0
15	0
0	1
0	1
4	1
0	0
108	407
2	92
19	215
2	20
1	176
1	1
0	2
0	177
0	84
0	0
0	0
1	0
4	0
22	519
4	104
21	356
2	348
0	0
0	0
0	1
0	2
0	2
0	3
0	343
1	5698
30	4884
3	354
12	287
0	3
1	1124
16	37
2	138
2	161
2	129
0	209
4	0
0	0
72	5205
0	0
0	0
0	0
37	7378
62	6902
160	4073
7	2111
0	3949
13	3975
0	1201
68	709
0	2
7	2
0	0
480	241
4	0
0	240
12	182
3	144
1	0
0	131
0	93
0	22
0	150
0	124
59	151
19	125
0	5
3	4
3	3
1	38
0	24
2	0
1	14
1	23
0	23
6	1
3	1
9	28
0	6
4	1
1	249
0	1136
41	44
0	1006
0	1029
211	2164
202	2085
9	1733
29	418
0	123
0	1283
25	1346
0	1132
11	717
7	40
8	97
68	30
14	27
0	1470
3508	1886
0	1140
12	424
8	169
12	257
16	337
0	344
0	698
16	704
6	17
18	3
1	3
0	0
0	1
0	0
0	1
0	0
0	0
9	73
1	0
5	73
0	0
0	0
308	687
0	226
0	693
0	3
0	0
0	4
0	3
0	3
0	4
0	0
0	0
0	0
159	1
64	2221
0	1561
8	1524
0	2
3	57
47	60
176	535
5	508
1	32
0	24
295	24
14	22
0	39
0	6
1	0
0	37
7	106
0	172
5	169
1	185
1	254
5	238
6	0
0	238
0	0
0	1
0	1
474	1
439	1
0	1
388	4413
0	4568
12	4327
150	374
51	146
2	115
0	1
0	1
153	1141
4	816
0	107
3	23
0	315
0	0
0	0
235	0
1234	634
0	65
0	62
11	601
2	125
0	0
0	3
0	0
0	0
9	2331
14	714
190	12100
0	69
1	6395
2	9106
22	6
1	5731
0	6344
8	6244
7	9272
0	8510
0	281
13	157
2	2413
12	1667
41	0
46	0
2284	1
144	221
0	56
0	69
15	150
0	129
0	106
11	0
1	336
18	383
0	52
0	0
23	2642
6	243
109	2691
9	1351
123	569
0	564
1	533
0	0
293	104
7	176
46	175
9	501
2	49
0	0
2	160
2	34
3	117
1	190
2	465
13	47
0	77
0	79
0	149
0	0
5	5
7	2
8	4
29	40
2	84
102	420
0	2
0	142
13	359
0	65
0	186
0	321
3	53
3	53
8	2
256	81
0	32
1	37
6	32
0	50
0	7
0	1
3	96
0	84
13	0
0	0
46	726
1	521
83	564
46	386
0	251
5	68
16	63
1	12
23	2
82	648
7	445
1	13
9	90
14	16
1	313
21	3
0	0
4	36
12	70
4	4586
7	503
30	7866
8	78
5	5752
1	118
6	6666
4	2055
0	387
0	0
0	0
450	3444
1	2989
0	398
5	367
1	528
0	16
6	218
1	28
0	284
7	103
0	388
4	0
2	2
0	0
1	1
1	0
0	2
0	1
0	0
0	419
4	1148
1	1304
28	1311
0	115
0	27
4	63
0	31
0	0
16	96
19	96
59	386
0	8
0	0
0	47
1	96
0	386
123	1491
3	1368
22	265
1	80
5	0
0	0
6	280
0	0
1	103
0	110
28	529
0	0
0	223
0	23
11	5
0	486
7	25
0	19
1	4
4	1
0	0
2766	2
0	0
1608	1600
1	1599
6	56
2	11
0	0
1	10
563	3
266	1189
66	781
13	611
0	578
0	144
491	58
0	33
2	33
10	0
0	0
0	0
0	0
0	0
0	0
0	0
0	0
0	0
0	0
0	0
0	0
17	11
1	6
1	0
0	0
1	0
952	275
0	273
2	71
0	63
0	2
0	1
0	1
0	88
0	115
0	98
1	0
1	4
0	63
0	6
0	2
0	0
0	0
0	0
0	0
0	0
0	0
0	0
0	0
0	0
30	2171
3	2204
31	2630
0	2575
15	17
4	0
8	2221
68	1080
0	2221
7	2171
1	12
0	439
0	1514
0	1
0	77
2	403
2	0
2	0
5	160
1	143
0	58
2	27
2	11
0	3
0	8
0	7
0	8
1293	0
2	0
8	0
299	927
8	821
1	534
1	189
2	32
0	0
576	82
0	63
0	18
8	56
1	56
173	15
0	0
0	0
0	6
0	9
0	0
1	0
0	0
0	0
90	640
0	524
0	3
0	589
1524	2
0	0
0	0
0	0
0	0
0	0
0	0
115	7563
2	2572
7	3945
2	5409
36	3665
1	1011
18	1510
135	1539
587	1513
22	1508
1	115
167	29
0	29
0	0
1	0
222	45
3	45
10	31
14	29
8	0
0	408
213	463
0	383
1	10
0	0
0	0
3	10
0	0
7	377
214	279
8	279
2	26
0	46
0	0
0	0
280	2658
22	690
16	1723
0	1113
4	227
3	1100
7	1164
0	55
308	768
0	164
5	361
0	747
0	572
1	93
2	161
0	0
0	0
0	0
0	0
0	0
0	0
0	0
2	1259
59	1259
289	512
1	512
0	0
1	71
1	206
2	9
20	412
33	412
11	34
5	180
0	385
0	29
42	25837
270	17807
180	520
4	244
6	4556
29	232
6	17301
0	25612
379	968
0	579
0	469
2	142
1	594
3	885
0	217
0	217
1	201
2045	89
0	24
1	63
0	0
7	1
0	0
0	0
0	0
0	0
0	0
0	915
0	915
3	46
474	913
49	87
0	87
106	1619
7	1573
0	82
0	958
0	169
116	846
0	1991
2	33
0	2077
0	1988
0	0
0	0
0	0
0	7
26	85
1	14
0	8
0	9
0	77
0	0
0	2
0	0
0	0
106	3
57	27
68	27
1	48
131	48
161	37
0	37
41	3
0	0
0	0
14	1264
0	1388
0	1265
51	1178
2	1254
3	1275
3	795
0	25
0	188
7	130
0	2
1	35
7	49
13	0
0	47
0	180
132	328
4	10
92	148
0	0
0	0
0	0
0	0
0	0
0	0
0	0
0	0
0	0
0	5228
0	2666
47	78
6	2065
8	1093
0	95
9	5231
296	152
95	152
9	623
0	623
17	360
0	719
52	706
0	3
0	3
0	3
0	3
0	3
0	0
0	0
0	0
0	0
0	0
0	6
12	19
2	1
1	1
31	6
0	5
0	0
0	0
718	1022
0	0
0	411
5	610
5	224
47	242
0	81
1	50
4	10
0	260
0	0
0	0
0	0
0	0
0	0
0	0
0	0
0	0
0	0
0	0
11	4
0	1
0	3
0	0
29	2
31	70
0	70
2	70
0	9
18	10
0	7
0	3
0	1
0	7
0	8
0	7
1	0
2591	491
1	1
1	487
0	314
103	1688
0	1742
0	232
9	304
0	250
317	2410
36	1867
0	1518
0	660
0	1361
16	0
0	1
0	1
0	0
0	0
12	1147
3	1107
5	9
1	73
2	88
0	369
5	15
0	507
3	58
1	106
13	189
0	1
4	32
0	1153
0	78
1	27
0	26
0	0
0	0
0	0
0	0
14	0
0	59
208	129
9	34
0	112
4	66
0	72
0	89
0	2
0	3
1513	5221
7	3086
1	4801
4	1469
41	88
19	658
68	1079
37	3
229	427
0	0
50439	7273
0	7195
1	5100
0	5140
0	0
3	0
5	1
0	0
0	0
12	693
0	1043
0	724
0	2
417	73
1	732
12	725
0	74
0	5
0	0
30	14
0	9
0	0
2	736
42	11103
0	9346
24	875
0	11103
0	0
0	0
0	0
295	156
7	156
0	0
0	0
0	0
0	0
0	2
0	2
110	0
0	0
0	4
0	4
0	0
13	364
19	364
1	29
0	19
0	2
1853	0
0	0
0	0
0	0
0	0
0	0
0	0
0	0
0	0
0	0
0	0
0	0
0	0
14	311
12	302
449	1065
7	0
40	777
805	435
0	3
0	5
0	1
1240	1464
2	62
151	1288
9	187
21	631
21	119
1	330
463	1552
12	799
0	240
32	1145
0	938
0	134
0	143
0	246
1	301
0	2
0	79
0	343
3	1
1	0
0	0
153	30
0	30
647	7329
1	7329
0	81
8	81
0	9
4	9
408	1462
34	1386
209	1644
0	1633
194	868
1	0
1	0
0	0
1	840
105	78
0	78
0	2
0	3
0	2968
960	2994
6	55
3	101
23	59
0	5
1	16
0	60
2	0
1	1
0	24
140	714
0	400
1	494
0	581
14	5
5	4
1	95
3	1
2	447
0	43
0	13
0	461
0	1976
32	1976
36	5
1	5
0	500
76	620
4	0
0	620
0	0
289	0
0	0
0	0
0	0
1431	373
11	175
6	331
11	73
0	25
0	32
0	86
1927	1899
4	3
3	544
0	1414
515	22
0	21
1	0
179	82
0	0
0	33
0	0
0	82
0	25
0	0
0	10
0	5
2	26
3	675
0	176
0	160
0	2
0	227
0	238
0	239
0	249
0	222
0	224
0	243
0	231
0	230
0	638
0	226
0	217
0	245
0	213
0	239
0	210
0	2
0	0
3	6
10	1
2	0
37	0
0	170
14	1
4	3
3	2
8	2
21	170
65	914
12	807
0	252
0	22
0	273
3	2
4	103
3	4
10	147
6	23
3	48
9	67
77	1325
2	1007
10	869
8	185
9	1445
0	1254
0	1070
0	1401
0	267
0	102
1	37
0	223
0	344
0	379
230	855
47	855
103	462
15	525
1	860
8	1
0	1
9	1422
61	1428
1	1464
0	1421
0	450
22	103
0	192
64	442
0	64
46	936
9	18
9	394
0	0
0	22
0	22
0	25
2	32
0	29
0	32
0	31
41	714
5	714
4	150
2	1
9	205
1	2
0	2
5	2
0	2
0	0
0	0
0	0
0	0
0	0
2276	2
832	972
21	814
6	205
25	398
0	13
0	70
0	72
3	186
37	108
2	109
12	2
5	31
0	8
17	280
5	23
2	4129
0	21
31	22
5	178
0	444
3	2
8	9
26	10
0	5
0	0
2	1
0	1
0	0
15	4975
793	3476
29	3757
18	47
3	9
127	46
50	718
4	922
0	0
16	775
2	1016
3	985
3	302
0	16
0	73
4968	6930
188	2809
0	0
44	2097
15	48
0	0
3	3496
30	3360
5	237
0	22
0	14
2	0
0	0
3	597
1	22
33	0
0	0
49	339
1	339
1	302
0	9
0	88
0	117
0	8
0	0
0	0
0	0
1	880
423	1267
3	539
82	591
6	308
0	27
34	176
0	3
1	3
27	180
0	0
0	7
0	0
0	8
0	0
0	0
0	663
26	184
0	568
41	905
25	747
3	340
1	23
0	159
13	203
0	2
0	12
0	243
1	14
0	0
0	0
0	0
0	0
790	222
15	221
0	17
0	61
0	0
0	0
0	0
0	0
0	0
0	0
0	0
0	0
0	0
0	0
258	2762
5	62
0	2762
0	0
0	0
0	0
0	0
633	2147
271	2146
0	0
0	15
0	2
0	2
0	9
0	0
0	15
0	13
0	2
0	489
0	133
2	540
6	151
16	570
0	138
0	123
9	509
0	555
0	0
0	530
12	726
26	726
11	29
0	22
968	1
0	0
0	0
0	0
0	0
0	0
0	0
0	0
0	51
0	174
1	160
0	0
0	104
4	127
0	0
0	22
0	28
0	7
399	185
0	752
414	218
0	197
0	195
1	28
0	38
1	35
141	288
0	256
27	1277
5	1400
3	230
1	541
2	39
1	109
2	1168
0	212
3	71
0	126
25	627
2447	21438
392	13578
0	9822
0	5171
0	3315
0	1205
1	1898
0	333
84	7762
20	245
0	332
1	111
86	786
0	158
0	101
0	0
0	21
3	369
0	231
0	412
492	583
0	179
0	147
0	141
0	48
0	147
0	0
11	504
155	504
0	0
425	73
13	42
244	151
0	150
2	470
52	2171
32	1597
1	539
3	1953
12	77
1289	581
72	340
90	340
0	221
0	2699
0	87
0	314
0	2194
0	2042
0	643
0	435
0	2479
7	0
33	592
1	112
0	124
0	11
3	611
0	0
2	0
0	0
0	0
24	764
0	694
11	766
0	545
23	610
10	615
0	0
7	3
8	70
2	4
1	29
0	8
0	638
0	5
0	3
0	5
0	5
0	0
0	0
0	0
0	0
0	0
0	0
0	0
0	0
357	739
141	278
0	255
0	199
0	123
0	63
0	93
336	163
4	101
5	248
0	69
0	1
0	0
0	1
0	0
0	238
0	0
0	0
1807	913
0	912
1	143
10	41
0	0
0	0
0	0
0	0
0	0
0	0
0	0
2058	149
8	148
24	0
1	12
0	0
0	0
212	63
0	43
2	6
0	14
3738	2601
46	2173
2	447
0	0
0	354
0	354
0	0
0	0
0	0
0	0
0	0
0	0
0	0
810	1
3	744
3174	1700
17	930
1	403
20	0
13	5718
0	2535
0	3288
5	566
0	5717
0	2534
0	0
171	1167
3	674
15	56
1	398
9	1
2	101
1	6
0	844
0	868
18	704
0	653
0	332
91	313
13	336
0	56
2	33
277	345
0	12
16	285
5	366
24	359
0	146
0	92
17	261
43	211
6	185
0	73
14	116
2	55
25	7
2	0
2	14
0	248
0	247
0	261
0	289
0	65
0	11
2	8
1	7
11	34
2	50
0	1
316	10870
110	11002
0	7511
0	1067
0	185
0	185
0	883
780	1690
2	1549
2	0
0	6
0	97
0	115
16	694
0	843
11	811
0	0
0	18
0	103
3	13
0	0
0	1
0	1
0	0
0	4
0	0
0	0
0	0
0	4
0	0
0	1
0	0
0	0
0	0
0	0
0	0
921	772
0	750
7	371
2	4
0	0
0	5
0	2
95	60
0	60
5	81
0	1
0	0
318	2602
7	812
10	1095
10	672
56	1785
1	1
0	1
0	0
0	0
0	0
0	0
0	0
0	0
0	0
1	1269
1	1066
6	258
5	410
0	0
3	4591
10216	21028
0	18664
0	0
0	0
1	0
0	0
40	252
10	244
3	9
1	51
4	48
0	14
0	38
3	14
3	1
0	1
1	28
0	9
0	26
0	2
0	7
0	7
0	9
1	4
7	11
9	11
5	11
4	163
36	512
0	2
12	431
0	11
4	6588
170	6071
0	6138
0	5231
0	6565
0	6303
0	6182
0	6089
11	697
0	18
7	3499
7	0
0	435
0	7
4	541
13	1108
0	0
0	142
0	188
6	406
0	337
15	53
1	353
0	278
0	214
1	0
0	6850
0	6374
10	226
306	260
46	223
0	219
9	28
0	28
0	0
0	0
451	557
0	555
0	65
0	162
0	271
1	215
0	170
10	79
1	66
0	24
0	414
5	179
0	414
2	4
31	4
30	3
0	1
0	0
0	2
364	2358
1	1878
1	1595
0	1594
2	1
8	0
0	8
0	0
5	5
0	2
0	5
0	4
5	3
3890	2
0	0
0	0
1	106
454	107
925	121
2	87
1	36
1	66
1933	2
0	0
0	37
0	1
0	36
1	35
0	16
0	21
0	27
0	0
0	0
1	0
0	658
0	658
1	658
42	673
0	21
0	8
0	19
1	1
3	0
95	743
1354	2880
0	2666
33	782
8	13
0	11
0	12
0	0
0	0
0	0
109	691
18	48
0	159
0	19
2	0
16	845
0	1006
104	1006
160	193
1	174
0	19
1	1
0	0
0	141
27	1225
0	1049
0	440
0	152
0	151
0	31
0	87
126	352
7	364
0	0
0	0
0	0
0	0
0	0
0	1
0	0
0	1
553	307
0	306
0	7
0	0
45	867
34	866
0	12
1	68
3	1
0	0
15	912
196	15670
225	1279
8	3696
0	58
13	48
11	11172
1	2295
1	3
4	83
5	1549
1	2
4	33
0	21
3	33
0	0
0	0
0	21
1679	1246
11	699
53	226
0	59
0	11
19	266
1	516
1	308
0	49
3	49
0	6
0	19
0	2
0	1
0	2
0	0
0	22
0	35
0	32
0	32
0	13
0	29
31	163
0	138
0	16
2	11
1	16
1	547
8	336
1	16
9	587
1	524
3	68
0	40
0	106
0	69
28	9
10	31
2	31
19	274
13	225
0	225
3	39
0	0
0	0
0	0
201	85
2	85
2	188
0	136
2	218
0	98
0	0
0	0
0	0
224	1402
10	1134
9	352
1	113
5	130
1	112
0	0
0	0
0	0
21	293
3	243
1	110
0	52
1	10
1	0
0	0
0	0
0	0
1	0
0	0
0	0
691	774
1	523
8	541
219	5594
0	1001
0	1789
0	5600
1	21
1	138
2376	699
22	167
0	471
1	689
11	150
705	0
0	0
0	0
0	0
0	0
0	0
0	0
0	0
0	0
1	726
11	749
2	544
6	2
0	0
2	1
0	40
0	1
0	42
0	1
1	206
0	61
1	618
17	618
0	635
0	553
2	462
2	47
0	25
1	18
0	0
0	0
0	0
162	35
3	4
4	31
0	0
0	0
0	0
0	0
0	0
0	0
0	0
138	1010
22	259
7	136
5	247
47	178
0	1
7	8
21	8
0	3467
0	139
80	3448
0	1443
0	6
3	1440
0	1311
91	1461
0	125
0	23
0	3458
0	0
0	0
0	8
4	8
0	4631
0	4578
1	456
17	17
0	4161
0	4214
27	2717
0	137
0	64
0	74
766	844
0	787
5	847
0	836
0	57
0	37
1	172
0	0
0	0
0	0
14	162
1	148
0	46
0	1
0	2
0	7
3	1
0	21
1	0
0	0
0	0
0	0
0	33
36	58
1	25
0	9
1	2
2	39
2	36
0	43
0	41
0	0
0	1
0	2
2	1
7	427
58	426
7	297
1	427
0	0
0	0
0	0
0	0
0	0
0	0
0	0
0	0
0	0
0	0
0	0
0	0
0	0
0	0
0	0
0	1161
0	0
0	0
0	0
0	0
0	0
0	0
2	804
1	719
3	466
1	206
0	731
0	0
0	4
1	3
0	67
4	316
0	2693
0	39
7	2693
0	428
3	463
0	47
0	51
0	122
0	21
2	0
2	394
0	0
13	5923
24	6852
11	6816
31	724
2	6
2	4
0	305
5	1263
21	1339
41	1339
49	181
4	51
0	310
0	303
17	278
0	0
0	0
2	0
0	0
3	76
0	5
42	1020
1	652
41	0
0	0
131	781
4	11
7867	572
4	326
4	321
0	39
1	0
542	2086
42	1972
0	0
0	138
4	125
2	0
0	152
26	3
3	3
0	4
0	2
0	959
0	169
59	786
61	80
6	25
0	1047
0	589
42	772
24	627
9	132
4	65
9	11
16	618
10	607
0	157
360	4110
553	3098
0	19
88	2220
1	282
0	119
8	316
4	181
0	3
0	0
142	42
0	42
0	4
5	153
0	0
0	0
10936	3460
0	3453
1	7
4	7
0	0
12	1293
10	893
0	152
0	152
1	552
14	950
1	392
0	781
6	4
0	628
1	119
0	30
597	683
13	653
0	625
0	654
6	0
6	66
6	149
0	2
0	1
47	46
0	18
7	46
7	114
0	89
4	60
132	0
0	6
2	6
0	0
0	0
0	0
0	1
0	1
285	97
33	97
10	5
952	3311
14	3311
0	190
0	1
62	1716
28	1716
5	239
0	168
20	23
61	24
0	98
62	105
2	29
50	30
2	3
2	1
12	652
159	1442
1	195
1	695
0	953
0	905
139	187
0	271
0	108
0	22
12	108
5	12
0	0
0	0
0	0
0	0
10	0
6	14
0	6
0	32
0	2
0	1
0	1
0	0
0	0
0	4
0	5
0	1
0	0
0	3
0	0
28	2288
24	2108
33	436
35	262
19	1
0	1
35	483
18	483
5	121
1	1
0	120
8	113
7	47
508	552
0	233
0	92
1	149
0	79
3	133
1	40
0	0
0	0
0	5
0	20
0	7
1	24
33	732
1	741
0	63
0	99
0	165
0	0
0	0
2	16
4	162
1	41
85	162
13	1
0	770
17	734
0	538
2	165
2	492
139	351
15	3
53	40
2	11
0	60
0	6
2	34
2	26
72	24
1	24
398	2722
920	3666
0	483
4	1289
0	0
0	1946
0	0
0	4
0	4
0	57
3	251
0	1184
0	0
0	0
10	693
1	475
26	703
3	311
2	0
0	117
0	26
7	119
0	0
0	0
142	1000
4	830
2	171
2	354
2	3
0	2
0	2
0	0
0	0
5	3357
18	681
26	3097
22	697
1525	248
23	249
0	0
0	0
0	0
0	0
0	0
0	0
15	404
78	401
12	396
0	333
0	255
7	254
0	10
0	428
75	21
1	1
1	19
0	2
0	1
4	123
0	3
0	123
0	0
37	35
0	11
0	26
2	0
1	0
0	54
0	45
0	0
0	48
0	8
1	761
73	140
0	0
0	0
3	681
3	538
1	507
0	189
0	169
0	529
0	130
0	154
0	76
0	0
0	0
0	0
0	0
0	66
43	87
0	0
0	0
613	2
0	1
5	7
0	4
0	7
0	681
1	802
0	223
8	10
5	59
0	46
16	180
2	184
0	0
3	76
8	164
0	783
41	1133
18	136
8	490
7	490
0	73
0	775
14	691
0	171
0	376
3	1
0	233
0	233
4	239
15	537
3	537
1	23
6	6
0	534
0	0
0	0
3	1
47	1285
1	1426
0	220
1	1632
0	741
0	67
4	69
0	0
0	6
0	6
0	0
0	0
0	0
0	2
176	456
14	372
4	163
1	121
0	0
1	1
2	1
8	20
0	17
2	20
0	6
1	31
0	2251
0	2340
1	2259
0	47
2	62
0	2637
1695	641
0	203
0	79
0	20
0	103
0	131
1	155
0	0
0	0
0	0
0	0
0	0
0	0
15	135
296	205
1	80
6	0
3	816
53	819
13	822
34	795
0	136
0	0
0	110
0	0
17	0
17	156
0	166
3	162
0	0
0	22
0	7
0	7
0	1
0	33
0	901
52	903
0	33
0	10
0	904
0	900
0	0
211	456
21	228
1	203
5	135
0	34
1	17
0	0
13	77
0	18
5	53
0	10
0	48
0	0
6	4
391	234
0	234
2	17
3643	723
0	258
0	571
1	55
2	51
0	2
0	0
0	0
0	0
0	0
0	1
0	1
0	4
0	3
0	3
0	0
0	1
0	0
0	0
956	3030
1	2608
0	0
0	2
0	2
0	0
0	0
453	33
0	32
1	1
41	146
3	41
2	145
0	1
0	10
5	27
0	25
6	2
30	1047
0	1045
11	811
0	900
0	691
0	203
0	205
23	52
0	4
0	0
0	0
0	0
0	0
3340	5256
3	2754
6	1580
0	2503
5	13
9	0
1702	5
2	3
6	3
39	697
3	119
789	898
50	722
0	97
0	7
36	7
88	253
2	253
0	126
0	100
20	276
2	1318
5	1539
64	1408
3	1511
5	1057
9	743
0	184
0	389
11	263
7	37
1	55
0	23
0	24
0	20
0	0
0	3
0	0
0	0
0	0
4	453
39	576
0	29
28	341
0	453
150	8046
135	7988
303	8007
92	1096
2	3
12	149
11	72
6	648
134	659
0	0
0	4
0	6
2	0
0	6
0	5
0	0
0	0
0	2
0	2
1	1
16	567
0	430
0	716
0	0
0	60
0	19
0	54
0	416
0	61
0	23
0	33
1	16
0	5
0	3
0	11
0	16
0	3
0	5
2	56
230	143
0	16
34	87
816	429
0	419
18	0
5	24
6	896
3	905
15	904
83	720
13	1891
36	1887
1	1885
31	1885
121	254
6	3
0	1890
6	0
0	144
0	211
65	6077
0	6559
0	6104
0	5918
0	0
0	137
22	5583
0	5290
0	5366
0	555
5	868
0	445
0	0
0	3420
2	232
0	8
0	1122
17	273
0	670
0	18
0	1977
7	334
0	0
15	1852
8	12
6	2189
0	101
0	1955
3	66
0	303
8	1128
1	1605
1	61
0	31
0	252
2	1009
0	0
11	34
15	25
4	84
39	447
0	92
0	501
1	7
2	613
0	6
0	1
0	1
0	1
0	2
140	7
0	7
0	520
87	523
0	232
1	44
0	0
259	1175
32	1917
1	1179
6	1803
1	599
0	17
0	169
7	84
11	302
0	203
2	26
0	0
2	182
0	556
3	679
7	726
9	167
0	732
2	79
0	79
0	690
0	630
0	272
0	709
6	622
3	70
13	540
15	747
1335	1133
8	16
48	73217
0	9
599	75964
1068	76913
67	74528
4924	82592
58	3830
3	68434
0	2806
6	2773
5	1100
1	1127
13	68981
3	148
0	714
111	714
0	0
0	0
2722	236
0	18
0	216
10	19
0	45
1711	10
23	6
1	2
0	0
0	1
0	1
132	542
0	499
0	42
0	35
0	0
0	0
3	40
0	25
17	66
18	36
2	114
9	114
1524	543
0	494
0	495
2	38
0	1
0	0
2	632
0	40
0	29
0	22
1	7
27	651
0	0
1895	2618
17	2217
13	1867
1	1094
1	722
1	163
5	135
2	974
0	988
0	0
0	848
0	926
1	7
0	13
6	15
0	0
4	13762
24	5125
19	7412
36	2114
0	11403
24	9963
0	5521
2	4168
7	5577
10	8865
0	12322
15	10948
0	7998
1	3462
4	1
1	1821
0	3053
14	688
0	16
654	422
0	0
0	165
6	387
0	150
2	0
0	6
4	0
5	412
267	0
1195	109
0	107
7	1
1	39
22	75
11	63
507	269
5	25
1	242
2	16
3	0
1	135
0	16
124	115
13	89
0	15
1	8
2	39
99	0
0	2
0	2
3	0
0	0
1858	199
1	30
0	52
9	108
0	9
0	18
2	18
0	0
0	0
0	0
1265	284
1	127
1	157
0	48
40	34
1	16
0	12
45	508
3	507
1	334
29	329
0	32
0	31
1	1048
0	726
1	81
3	54
8	2
8	164
0	44
0	42
0	0
0	983
22	406
17	406
124	473
0	67
3	67
1	406
177	15
0	11
0	4
27	326
0	267
1	23
6	22
2	85
0	236
4	193
3	0
3	196
631	413
0	282
2	129
0	114
3	0
0	323
9	847
210	880
0	8
0	280
0	63
24	226
0	243
3	4
45	141
0	57
1	23
0	65
0	0
2	0
0	0
0	0
1	0
0	0
0	0
0	0
0	0
0	0
5728	221
8	50
8	25
0	0
0	144
0	0
0	0
0	0
6	56
0	28
0	54
0	1
0	0
0	0
62	327
0	328
0	328
549	150
0	0
0	150
9	3
12	3
7	806
0	1032
0	1164
0	1518
13	2798
168	2090
4	464
0	1064
0	2164
6	618
1	680
2	515
0	16
3	110
2	587
6	49
100	68
1	19
5568	2
1	2
0	2
1	0
0	2
304	796
3	454
0	368
1	90
2	9
1	293
0	0
304	43
6	43
6	0
189	91
0	71
0	51
42	25
0	25
2	5
0	0
0	125
208	165
0	106
0	118
0	34
1550	2523
0	698
0	2256
0	670
0	695
1	55
8	55
2	185
0	74
0	49
1	2
126	296
0	296
0	358
9	276
0	0
1	0
1	0
0	0
0	23
112	4
227	523
74	404
0	58
0	79
0	0
0	0
0	0
0	0
42	858
0	184
0	451
0	834
2	472
13	763
0	120
5	58
0	197
0	3
0	2
0	2
0	3
1	0
675	0
0	2
0	2
0	0
0	2
0	2
0	0
0	0
84	1
0	0
0	0
0	144
0	0
0	0
0	0
0	0
0	0
66	0
286	11876
297	11342
263	2088
813	1160
603	65
0	65
1736	136
17	0
0	0
69	119
0	8
0	112
0	62
0	7
0	1
0	94
0	0
0	23
49	24
0	10
0	1
0	15
2	1
1	29
0	23
0	24
0	0
0	9
200	254
0	233
0	87
0	90
0	89
10	46
2	0
0	0
0	0
7552	32
6	6
0	19
127	3668
70	3673
0	5
0	2272
0	51
1	36
0	17
0	2
0	30
0	3
0	2
0	2
0	19
0	29
0	7
1	8
0	0
0	9
0	0
0	9
0	1
0	2
0	0
0	0
19	14379
32	12112
700	13680
17	11693
840	13694
0	8769
0	20
0	2537
0	0
1	2218
1	0
299	1
2	1
0	13
0	13
0	2
3	6
373	6
0	0
240	160
0	154
25	47
1	252
2	209
0	238
2685	415
11	213
0	348
0	0
1551	2104
0	1740
2	1567
7	1139
13	0
17	49
8	49
0	54
16	11
0	112
12	112
0	19
2	9
0	0
130	710
1	297
0	272
0	29
0	67
1	78
0	0
0	43
0	600
0	0
0	0
795	46
2	46
156	2243
1	1929
161	1428
45	566
0	1876
3	1743
8	2241
0	1937
0	1479
0	1549
14	1217
0	271
11	28
0	2217
0	0
0	0
2	0
0	8
0	873
42	1063
0	624
79	1235
7	4
3	63
1	744
0	0
0	0
0	0
0	0
0	0
0	0
0	0
0	0
0	0
146	185
0	181
1	81
4	81
0	48
1	1
2	1
0	0
0	0
0	0
0	0
5	0
738	264
1545	257
18	0
0	0
0	0
0	0
0	0
0	0
0	0
0	0
13	2104
2	0
2	146
0	2104
0	0
0	0
0	0
8	27
1	0
0	27
0	3
0	0
0	0
0	0
0	0
507	691
4	129
0	291
9	25
11	305
30	217
2	393
28	3
9	58
0	8
0	58
0	0
0	0
0	0
0	0
17	440
0	98
0	440
11	376
5	0
61	420
0	223
0	25
11	2
0	0
6	2
10	0
2679	4804
4	1617
0	2264
1	598
0	517
11	565
0	750
0	6
1	1013
7	22
16	804
12	692
5	1
5	938
1	93
0	547
29	607
3	149
4	480
0	41
1	0
0	0
0	0
0	0
0	0
0	0
2085	1
213	89
17	45
13	10
25	67
4	26
27	38
37	25
2	36
0	34
7	0
1193	11533
10	2541
1	38
0	8993
0	0
0	0
0	0
102	4007
14	540
155	4062
0	1729
3	80
0	0
273	0
0	378
1091	695
10	616
7	22
4	61
0	0
0	0
0	0
0	0
0	0
2401	2689
407	1585
0	2654
0	852
1	77
0	329
3	13
31	1144
0	77
52	1128
2	71
0	186
0	714
11	122
2	123
0	744
0	82
0	0
15	82
5	819
11	24
5	14
23	1023
208	1023
0	492
0	225
0	85
2	8
0	127
0	125
1	23
0	71
0	55
1	66
0	1252
0	250
0	159
1	244
2	166
11	90
1	1
0	1310
9	0
0	0
1	2
0	2
0	0
292	1
0	0
0	328
2	329
2	335
0	2
1	2
0	238
1	197
0	20
0	12
0	6
0	41
0	24
0	329
137	1779
23	789
4	25
0	58
3	115
12	1782
0	0
1243	157
9	145
0	78
2	7
0	12
394	0
0	2
0	1
10	2
0	40
10	428
1	131
0	13
9	0
12	37
3	428
0	0
0	3
9	3
1	1
0	0
0	27
0	0
0	0
0	0
0	7
1	7
0	0
0	0
1906	3234
19	1542
39	2835
0	30
0	1
0	1
0	3
0	1
0	30
18	167
1	287
0	1424
0	277
1	0
0	1299
0	20
2	25
381	19
5	19
0	0
0	0
0	0
0	0
1	368
3	471
1045	557
0	96
0	0
0	167
0	26
0	144
0	4
0	2
0	1116
0	1384
0	1319
0	2
0	1
5	0
0	1403
4	1164
0	1430
0	21
0	1579
8	770
5	1273
3	958
58	390
0	1479
0	1597
4072	3
0	0
0	0
4	10
0	0
0	0
0	0
0	0
0	0
0	0
91	151
0	150
3	3
0	0
21	56
1	1
2	28
0	26
2	46
18	58
29	58
7	4
0	0
0	0
28	17
0	6
0	13
0	1
0	0
8	0
0	0
0	0
0	0
0	0
2162	104
7	104
390	0
316	146
0	145
0	0
0	0
0	0
0	0
0	0
0	0
0	0
229	0
0	1
0	1
0	1
0	2
0	1
5	10
0	4
1	3
0	0
0	4
0	0
1	3
0	10
800	187
2	185
1	0
9	23
0	422
82	422
0	340
1	310
0	0
0	0
0	2
0	2
0	2
5	6
0	2
1	892
0	1545
0	1444
2	1473
2	4
0	199
6	108
2	150
0	35
2	1
0	19
0	8
924	820
0	0
2	1441
0	1410
4	1144
0	251
5	320
1	385
2	320
0	645
3	598
0	7
0	12
5	377
54	43
0	298
1132	695
4	535
3	129
11	11
1	68
112	55
0	55
0	33
2	37
0	14
0	0
0	0
0	14
10	413
2	267
146	198
4	7
0	89
0	10
0	112
3	53
0	128
0	141
161	3040
1	3087
67	2937
0	3012
0	3082
960	0
0	0
0	0
0	0
2614	4
0	2493
7	2233
6	410
0	91
5	66
1	11
0	281
2	44
34	69
0	2493
6	420
0	4
0	0
0	376
0	224
0	183
1	374
0	46
0	165
0	1
0	43525
7	41587
4076	43393
1	42415
42	43385
0	338
8	323
0	343
0	11
2	26
1	3
0	0
1	3
29	8
0	6
700	2
0	4
1	1
0	1
0	1
0	0
0	0
0	0
0	0
10	155
13	504
0	502
1561	226
0	99
0	0
0	2
1	42
0	14
0	24
0	25
0	47
0	3
2435	2384
0	1003
24	1787
1	435
0	0
392	2056
6	2055
0	1
23	294
0	90
4	310
1	680
1	0
0	0
3	1
0	0
0	0
0	1
80	8637
0	8877
7	4810
1	454
45	187
36	453
14	270
0	323
0	2077
0	1564
3	6
0	8911
2	26
3	26
1	7
0	9
2	66
0	0
1	38
0	38
0	7
0	1
0	54
0	802
0	743
1	608
0	619
0	214
3	214
1	65
3	93
0	572
7	1871
19	17
0	12
48	89
0	178
9	370
114	919
0	1466
0	397
0	381
1	140
0	1801
14	231
0	1350
1	58
0	99
160	8
0	12
0	73
1	51
0	53
4	41
7	213
185	66
0	43
11	3
2	37
8	1903
18	890
0	95
17	5
4	77
0	27
6	88
61	99
6	37
0	6
0	1931
906	5
0	0
0	0
410	27
4	1
4	25
10	584
37	596
3	557
20	586
0	48
20	197
0	13
0	0
0	0
0	0
0	0
7	104
23	61
0	124
0	99
2	13
9	21
0	0
0	125
1	0
1	0
0	0
99	0
0	0
0	2
0	2
0	607
731	641
0	154
0	81
1	6099
0	8024
0	7487
0	7350
8	687
17	281
0	585
16	1902
23	1902
2	1099
3	8199
1	20
0	19
0	1
0	0
0	0
0	0
0	0
0	0
0	0
0	0
0	0
24	170
15	175
11	139
8	150
9	26
0	0
0	0
0	0
0	0
0	0
0	0
0	0
0	0
0	0
0	0
1394	447
12	205
2	216
0	164
0	35
0	3
0	0
5	0
200	4359
0	9
1	39
13	4311
3	1
0	24
233	451
12	487
308	81
2	5
0	0
0	76
7	94
2	85
0	0
0	0
0	14
0	3
0	0
25	34
2	34
0	1
10	19
36	30
0	27
0	0
0	0
117	105
0	104
0	0
71	608
18	607
51	304
0	59
7	76
1	32
3	48
15	5
0	2
0	1
749	6
4	282
0	341
0	299
1	340
7	169
9	52
0	334
0	0
2553	2
0	14
0	14
0	6
0	18
0	2
0	96
2	94
34	0
0	1
0	1
8	1292
0	1417
12	1148
12	564
2	59
0	288
0	106
7	0
1	0
0	0
0	0
19	0
0	3
0	0
0	3
0	0
0	0
0	0
0	0
0	0
866	58
0	47
0	11
0	6
0	11
0	1
339	282
0	48
0	212
0	65
0	57
2	253
1	141
80	297
2	82
0	0
1	124
11	0
3	0
0	6
0	4
0	4
2	8
21	60
2	45
1	43
6	274
850	607
0	161
3	105
1	279
0	0
0	0
0	0
0	0
0	0
160	140
0	0
0	105
0	32
6	35
0	0
0	0
0	0
6	8
0	8
0	1
0	0
0	6
583	0
287	807
41	751
0	0
63	149
0	1
22	3
59	12
0	335
0	0
0	0
0	0
0	0
0	0
0	0
0	40
8	1101
876	1913
1	1179
0	1
6	80
0	0
0	2
0	10
0	99
1	94
4	452
331	427
1	355
0	123
2	0
458	188
6	188
27	1402
7	606
31	1345
3	1094
2	201
15	612
0	864
3	0
0	0
0	0
0	0
0	0
0	0
0	0
0	0
0	0
0	0
0	13
6	38
2	17
2	38
0	19
2	11
0	1
169	374
0	374
3	29
91	866
4	75
7	866
0	46
0	19
0	56
0	0
9	65
0	0
0	0
0	0
0	0
2	0
1082	0
10	1
1	1
0	1
0	9
0	22
0	112
0	0
0	2
0	0
0	1
2	0
0	0
0	44
0	21
54	34
0	110
0	0
0	4246
3619	5509
49	5503
2	678
3	15
11	15
0	1459
0	0
0	0
0	0
847	1456
1	1459
2	1459
0	0
0	0
0	0
439	88
0	86
0	0
48	432
8	432
0	0
0	0
0	0
0	0
0	919
0	614
0	359
0	594
0	29
0	6
29	61
0	9
1	66
0	50
2	870
0	890
5	899
0	0
390	484
9	464
17	488
2	219
751	1
1574	2
17	3839
1	2942
2	2440
0	99
22	3241
12	3102
8	59
0	174
1	719
0	43
88	5
4	0
0	653
1	245
25	185
0	2
0	2
218	93
1	93
2	0
0	0
0	2
0	2
2183	137
0	134
10	84
80	585
34	585
2	69
0	55
4	115
1	12
3	0
0	41
0	32
2510	2
0	0
1	2606
0	0
0	0
41	1178
30	1164
0	141
0	43
0	62
0	11
0	58
0	0
0	0
0	0
48	0
0	0
0	0
0	0
0	0
0	0
0	0
0	0
230	523
11	540
26	490
0	34
0	20
0	19
0	0
18	1461
0	2534
20	2393
0	1545
3	1396
4	37
0	2606
0	0
972	552
5	564
6	565
0	0
18	300
600	347
7	155
12	176
2	328
0	8
0	13
0	47
1	0
0	322
2	130
0	313
1	281
1	0
1	0
1	1
2964	45339
130	44562
3	44242
6	23328
0	18275
47	23487
50	19471
4	13717
40	8889
13	13291
1	8565
0	6808
62	2226
0	2225
13	2106
1	2223
5	928
0	65
1	225
27	172
26	0
0	0
21	66
2548	232
7	5
5	27
4	8
0	149
0	0
0	2060
0	2050
7	1517
6	687
43	93
0	2095
0	2201
1	2226
1	129
0	156
4	453
0	442
17	467
0	30
0	0
0	0
0	546
1	529
0	504
2	46
2	102
0	524
2	38
0	479
0	410
1	361
17	3
0	29
6	331
15	378
1	332
3	0
64	80
14	76
0	4
8	532
4	407
2	364
0	0
3	257
1	44
5	1
0	69
0	51
893	459
0	459
1	3
20	247
7	250
4	313
64	561
26	366
4	333
8	539
17	129
2	610
0	55
5	322
14	181
1	142
0	0
0	0
2544	791
6	251
0	455
0	83
81	760
14	212
0	695
14	28
1	770
233	0
0	0
10	14313
0	11016
20	10303
19	8382
0	12293
2	2
0	2
0	0
0	0
0	0
0	0
0	0
0	197
2521	198
17	1408
0	1523
15	1377
5	248
1	66
22	502
0	280
0	16
0	200
4	154
6	129
0	0
2941	6
234	2255
10	1164
12	1091
3	490
0	44
1	9
1	3
2	491
0	0
0	0
0	0
0	0
0	0
0	0
31	133
1	133
10	34
0	0
0	0
0	0
174	213
0	57
0	168
0	4
0	5
0	21
346	21
27	1513
48	1513
4	330
1025	568
0	138
3	45
1	4
0	7
0	0
1	1
1	7
6404	14
2	0
10	37
290	389
0	388
4	0
222	45
40	45
79	1022
10	1022
1	10
0	60
2	79
0	10
0	17
0	17
0	0
0	0
5	2674
0	1792
1	1982
1	2032
1	2063
0	1445
22	182
4	0
0	3
0	3
0	0
0	0
0	0
2	594
309	594
133	171
1	0
0	171
0	5
0	0
0	1
2	1
22	2756
1	2005
27	2688
236	1643
3	1
0	0
46	1381
966	1381
12	61
4	831
2	20
4	0
1	0
0	271
3	31
6	831
0	0
12	28
3	1295
332	2536
4	2486
0	303
15	1913
2	61
0	0
120	917
117	29
4	40
0	0
0	0
0	0
0	255
355	315
0	72
0	211
0	0
0	8
0	8
0	8
0	4
0	3
0	0
0	0
0	0
1	1461
6	1382
0	154
1	81
1	452
0	76
0	8
185	66
0	42
0	41
0	55
0	0
0	7
6	0
0	0
0	0
0	0
0	1
0	1
0	1
0	1
0	0
0	0
3	28
0	22
0	18
0	0
0	0
1	0
1	2
0	0
0	0
0	0
0	0
0	0
0	0
0	0
0	0
0	0
15	556
6	123
0	43
32	5
0	2
4	555
13	1408
1	87
0	324
9	1336
0	884
5	671
2	199
5	252
24	240
0	14
0	10
0	23
1	12
2	30
24	496
154	583
21	560
0	0
256	6037
1	238
0	1102
27	5588
0	236
4	2499
2	34
395	249
23	236
12	239
16	142
3	0
161	833
0	833
25	319
1	89
0	26
12	110
36	48
0	0
0	0
0	0
0	0
0	0
3	10
1	10
0	0
1	0
0	0
0	0
0	0
7	403
0	30
2	374
0	3
0	57
0	0
0	0
8	0
51	5946
281	5660
473	5493
44	3649
9	3212
12	2338
0	716
1107	0
0	0
0	0
1	0
0	0
0	0
0	5
8	684
1	80
2	698
0	0
0	2
0	0
0	0
0	0
0	0
0	0
4639	670
1	257
2	409
1	409
0	78
30	108
8	108
0	2
0	44
2189	80746
3	10058
4	70711
8	2955
0	0
0	0
0	0
152	218
0	38
0	55
0	0
5	86
9	86
21	927
0	335
0	799
9	776
0	863
0	837
0	38
3	58
5	0
0	393
0	70
1	388
0	34
0	62
1	31
2	147
1	112
0	846
0	74
8	502
375	590
0	102
0	471
0	20
0	20
0	98
4	3
0	386
1	2
1	31
20	359
6	149
0	35
0	20
1072	2
12	5513
0	1348
4	4412
0	17
0	2704
14	3454
0	0
2	197
0	1435
0	4234
5	0
1	0
1356	220
0	121
0	97
0	0
0	0
0	5
0	4
0	0
0	3
0	15
0	0
0	0
37	715
2	715
40	799
0	5
33	84
3	9
11	86
0	0
3	322
149	3645
12	312
0	123
0	5
3	3223
9	3078
0	54
324	3135
26	12
0	0
0	0
0	12
0	4
0	6
0	1
24	283
5	258
0	124
0	45
0	0
1	36
0	0
27	2162
0	818
3	25
243	1923
0	25
0	2
47	907
269	190
1	42
2	101
0	107
0	8
16	316
3	301
2	14
0	0
0	133
0	16
0	35
0	35
1	16
3	22
0	37
0	16
0	318
0	286
220	253
1	79
0	77
0	63
2	43
4	1
0	93
0	0
0	0
1	2472
3	2489
1	468
3	568
1	110
0	73
1105	223
0	0
33	223
1435	1
0	0
0	0
0	0
0	0
0	0
14	0
0	0
1	1594
0	1697
0	1655
0	1517
5	17
3	0
5	95
3	19
5	14
0	14
0	0
0	1679
19	603
34	559
0	522
564	6170
7	2
0	2
1	0
0	0
0	0
0	0
0	6168
7	1
0	1
3	13
0	15
6	21
0	4
1	6
6	0
0	0
348	128
0	128
21	0
0	0
0	0
0	0
3	328
5572	425
34	303
23	17
0	0
0	0
0	0
0	0
0	0
0	0
3	0
0	0
0	1088
55	1088
0	0
2	56
0	111
0	0
0	0
0	0
57	0
0	0
0	0
0	0
0	0
0	0
0	0
0	0
206	14
0	14
262	785
0	792
179	696
0	398
0	0
0	0
2	3
10	362
543	363
0	0
0	0
1	1
292	0
0	0
8	396
0	110
18	380
8	5
4	10
1	45
48	311
28	331
173	2980
137	1969
1	1603
13	210
0	0
43	10
5	16
1	7
1	2280
15	6
18	3420
1	1
0	3
0	278
9	8684
2	8206
13	525
0	3331
0	3301
0	69
0	4926
0	2530
12	36
15	36
0	5
2	12
6	0
0	0
1	26
0	21
0	4
6	17
401	175
0	175
0	175
0	1108
14	150
0	818
3	10
27	796
9	589
0	18
1	232
31	91
0	159
21	1717
0	197
0	592
0	1681
0	1830
11	1726
0	290
6	85
6	3
57	110
75	301
0	7
0	22
0	27
0	273
1907	967
1	527
0	207
0	236
11	25
1	170
1	45
1	2
151	357
58	422
0	323
0	158
0	244
3	208
0	0
1889	26
3	26
0	0
3	102
1	958
16	826
1	9
0	10
6	40
2	31
0	33
28	44
19	19
0	6
8	5
2	0
2	16
6	16
0	824
10	864
4	0
0	87
0	194
2	126
3	805
0	35
3	645
0	6
0	0
0	0
3	1
2	1
0	0
0	0
0	0
3	139
118	439
5	171
2	0
0	0
3	222
2	47
0	63
87	776
4	366
0	48
8	320
0	0
0	752
8	340
0	0
0	0
0	0
4	966
82	737
1	516
8	401
0	455
0	428
0	42
7	122
1	241
0	328
0	237
11	127
3101	3557
9	3299
16	267
347	83
0	9
0	74
16	0
0	4
0	16
183	998
74	999
2	139
1	129
0	40
3	48
0	6
0	6
0	0
0	0
0	0
0	0
0	0
0	1154
0	1205
9	142
42	265
0	102
8	81
2	4
4	269
35	267
5	267
5	15
0	213
0	200
0	239
0	217
44	74
5	0
53	1233
16	1197
39	1236
0	13
0	0
0	1222
202	53
0	53
0	0
133	2210
0	152
81	569
29	1529
1	614
0	97
1	50
0	46
9	4
14	0
1	9
12	0
0	0
3393	5
0	0
0	0
0	0
0	0
0	720
0	2115
4	4928
112	4904
2	4726
1	157
0	66
0	0
0	0
0	0
0	0
86	539
15	515
10	154
0	18
15	105
0	73
98	17
6	37
49	1237
16	156
48	5
0	1091
0	1
2	31
0	170
0	0
12	0
0	0
617	3302
0	3032
0	637
0	0
0	0
0	0
0	0
0	0
2424	3623
0	52
14	3568
0	0
53	0
8	0
0	0
0	0
0	0
28	0
0	47
0	37
0	49
5	108
0	0
2	49
0	2
0	0
0	0
0	0
0	0
8	465
0	465
8	466
4	566
0	93
0	119
0	15
0	63
0	16
0	9
0	0
0	51
2	9
0	63
1	50
0	5
0	8
0	48
0	25
0	0
0	0
17	602
2	161
9	116
47	602
0	0
0	0
0	0
8	1
444	530
13	87
1	165
5	103
2	151
4	77
0	408
29	60
1	9
0	29
0	77
0	16
0	0
0	0
2214	1383
0	1148
107	1381
0	0
11	1025
6	931
19	853
8	864
0	35
2	252
0	233
1	4185
0	4548
13	8
6	59
15	1377
1	1205
12	49
0	0
0	117
37	482
1	301
2	480
0	599
0	589
0	676
0	36
14	202
0	91
0	3
0	130
0	73
0	34
4	27
0	7
0	10
0	63
3	36
6	0
0	0
0	0
0	0
0	5
82	7
390	646
0	646
0	0
0	30
3	40
5	1
0	2
0	3
0	0
0	1
0	1
440	341
3	77
1	2
0	13
0	0
0	254
5	1
0	13
1	14
0	0
0	0
3	4
144	0
0	4
126	367
8	9
34	285
3	132
3	55
2	33
0	31
0	0
0	305
1580	226
1	219
0	69
5	99
0	4
0	2
0	0
0	0
0	2
0	2
0	1
0	2
1212	588
20	587
0	0
190	729
4	80
1	200
0	482
0	355
0	128
9	278
4	100
0	362
3214	1994
82	987
0	45
4	1543
0	664
5	805
3	779
0	679
2	83
0	83
0	423
2	1
10	317
12	69
0	28
779	0
0	0
0	0
0	0
41	2
4	2
0	0
0	0
0	0
0	0
0	0
5	0
178	702
1	702
0	0
0	9
0	0
0	0
0	5
1	6
0	6
0	0
0	0
0	0
0	0
0	0
0	0
0	0
0	0
0	0
0	0
0	0
0	0
0	0
0	0
0	0
0	0
0	0
2055	16168
137	16253
5	3629
5	25
4	518
3	998
5	3329
0	0
0	0
0	0
0	0
316	1540
6	97
29	818
3	1301
1	180
3	24
1	6
0	75
2	75
0	0
0	0
258	1185
1	1185
13	156
15512	164
0	1
1	1
0	0
0	0
0	1
0	0
0	25
1373	25
0	0
0	0
1	607
124	627
0	558
0	82
0	80
1	37
1	11
34	387
10	98
0	74
1	0
0	315
0	12
0	0
0	0
0	0
1857	750
0	23
0	104
11	676
0	97
0	51
0	8
0	215
0	40
1	99
0	176
0	175
0	33
0	0
0	0
0	0
1	3
0	3
0	0
0	0
679	1
0	0
0	0
0	59
0	60
4	1498
12	2455
0	632
5	409
32	209
0	2455
0	0
0	0
5	0
1317	0
0	0
0	0
1	34
7	44
0	9
0	44
0	2
0	0
0	0
79	0
7	87
0	92
0	70
3	52
1	54
0	0
1	45
0	1290
3	209
0	54
3	41
19	29
2	1290
0	0
0	0
9	8
0	8
50	0
783	768
1	766
1	27
0	0
0	0
1	773
16	916
3	52
5	218
0	2
0	3
0	3
0	3
0	3
0	0
0	0
0	0
0	3
0	0
0	2
0	0
0	3
53	55
0	19
2	49
0	16
0	38
0	2
0	33
0	1
0	0
0	1
26	302
1	0
40	305
0	330
0	10
766	69
0	7
0	1
0	61
709	274
30	274
7	113
95	0
303	927
1	918
1	143
74	64
11	271
36	485
1	227
0	915
0	0
4	29
0	29
181	0
311	49
5	4
0	45
9717	7
4	0
2187	351
5	192
4	8
4	150
0	195
72	195
8	175
0	66
0	66
0	0
0	0
4	1376
226	2039
365	1271
26	1160
72	179
5	212
0	16
45	2478
2	1667
573	7226
2	4104
0	1153
112	4
3667	636
3	344
16	11
12	216
0	286
0	0
1	57
25	1077
271	1173
1	169
0	164
1	194
27	255
83	300
26	79
0	0
0	2
1	33
0	0
66	119
1	112
0	11
3	67
0	45
0	14
1633	4
1	2
309	0
105	425
220	425
0	0
0	0
316	68
3	66
0	44
62	278
15	278
4	455
4	180
4	453
2	23
36	536
0	522
8	529
0	536
0	1
0	386
61	97
0	92
1	71
0	0
0	0
0	0
0	0
0	92
34	10
1223	714
25	231
1	686
16	145
22	168
4	34
0	117
5	0
0	0
1	93
28	148
38	289
4	708
0	825
7	920
0	45
0	0
0	0
27	1084
28	1084
0	3
31	0
0	0
633	121
2	121
0	25
0	62
351	1905
135	1813
25	452
8	208
88	772
2	505
1	123
1	105
2	819
4	864
104	851
5	173
0	841
1	9
0	92
4	50
0	94
9	27
0	0
1	2
8	0
4	19
8	22
137	216
2	2
0	213
0	0
244	46
0	45
1	2
4	0
0	121
57	121
632	0
46	396
10	396
0	4
0	34
1	0
16	0
0	0
20	0
385	1082
7	0
0	2
1	2
0	2
0	0
30	166
1	265
0	257
1212	0
2	0
283	206
1	192
0	0
0	114
0	14
0	0
0	0
0	0
0	0
0	0
0	847
19	848
0	5
1	1
1	0
0	0
0	0
37	1125
0	0
0	60
0	23
0	36
6	1088
0	177
1298	713
1	369
0	17
3	0
0	340
4	2
0	0
615	1427
0	189
0	340
0	346
0	58
1	1267
26	118
26	14
3	72
10	1
9	8
3	9
76	221
0	10
0	6
5	212
1	5
0	8
13	13
3	0
0	0
9	767
0	96
0	1220
50	2139
5	19
0	105
0	6
2	1
0	3
1	1062
0	0
0	1308
2317	3196
59	1391
2	3075
6	12
3	385
0	58
1	160
5	1080
0	347
2457	179
36	107
8	107
0	66
3	0
3	398
0	516
18	458
0	97
0	23
0	43
35	135
0	5
2	4
0	14
6	92
413	156
0	88
0	70
67	1843
10	1624
3	69
38	1423
0	181
0	12
16	971
1	12
1387	12
51	3269
0	2425
20	370
5	362
11	2592
69	2578
0	2941
5	1660
13	207
27	0
16	4
1	1770
0	9
0	856
0	0
0	0
0	0
3	1115
2441	1398
0	102
1	82
4	98
2	9
0	9
18	14
0	7
0	3
0	0
13	138
0	2
1	142
2	136
5	15
4	12
2	17
0	1
0	0
149	36
11	36
4	0
0	824
0	23
0	6
0	64
5	40
0	12
0	2
0	5
0	0
1	28
0	4
0	2
2	0
0	0
0	112
0	3
0	812
11	16
4	35
0	33
1	774
0	774
0	0
766	0
931	191
1	4
1	190
515	14
195	352
0	141
0	144
0	150
0	68
665	525
13	434
13	180
1348	1
439	4283
150	3673
3	50
13	873
5	8
4	32
0	2106
23	2734
1	2379
0	986
0	70
16	101
2	0
1	1124
0	40
0	40
1	3
10	7
1	6
0	7
0	3
1	3
0	3
0	0
1	0
0	0
0	0
0	0
0	0
0	0
0	0
14	24
1	36
0	32
0	98
0	153
5	43
0	86
0	141
0	0
0	0
0	0
330	374
2	318
0	39
0	0
0	42
0	1
4	0
82	408
18	218
0	422
1	73
3	4
0	4
1	391
3	37
0	26
4	55
0	385
16	28
2	277
0	76
0	74
0	391
0	0
0	0
0	0
0	0
0	0
0	0
0	0
1442	936
4	927
1	670
150	1030
0	41
42	144
1	649
0	508
3	10
3	445
55	26
453	596
9	157
4	37
0	61
28	393
7	1
5	1
17	179
0	321
19	502
2	147
0	177
0	128
0	407
0	382
0	547
0	282
0	0
0	0
0	0
0	0
0	688
20	1403
267	0
0	0
0	0
0	0
0	0
0	0
0	0
0	0
0	1
40	523
93	1173
41	1169
32	1304
9	1103
0	1215
1758	977
41	556
11	669
46	45
2	16
0	14
2	1983
0	2007
4	18
0	1928
0	5
4	10
0	13
0	0
0	1928
11	16
20	468
3	382
0	126
14	102
0	9
0	0
0	438
11	0
4251	23303
16	23021
0	0
0	0
0	0
0	0
95	1876
220	1870
13	1438
0	1349
9	92
0	147
26	396
0	136
0	8
1	171
63	163
0	103
17	163
20	1429
0	3446
0	2898
2	2
0	551
2	3
1	3
0	0
316	77
14	58
0	8
1	58
1	26
0	17
0	0
0	0
0	0
4711	2405
6	870
0	493
0	330
1	874
0	3
359	230
9	28
0	115
7	0
0	0
0	0
0	0
0	37
3	17
1	31
0	31
0	1
7	325
227	381
2	352
10	0
0	233
1	0
0	0
1	1
0	0
0	0
0	1
0	1
11	405
6	318
17	70
0	357
0	252
0	109
0	0
1	52
0	41
9	329
18	1
0	229
3921	9252
47	9234
9	2
7	1820
0	2080
2	4146
4	2093
2	3
110	673
0	21
1	287
0	52
7	386
0	43
1	0
0	0
7	55
2	53
0	0
0	6
0	544
7	0
6068	2853
0	581
3	256
4	1336
0	1019
18	4
3	1045
0	0
152	64
6	36
0	10
0	4
1	1
0	1
2	13
1071	693
15	663
2	457
0	30
0	693
3	39
2	45
36	672
0	2
0	79
3	672
0	74
0	98
2	141
0	105
4	77
5	56
13	113
2	132
0	0
0	28
5	48
0	62
1	0
0	10
0	1
3	166
1115	179
0	56
0	0
1	13
644	0
146	1
0	0
0	0
2	2244
0	0
2	2
1	0
0	124
0	291
0	2700
0	3419
0	2355
1	3445
0	2171
0	1131
2	3431
2	3328
17	227
2	17
0	2245
0	27
6	1247
0	128
8	191
0	87
8	139
0	23
2	121
0	79
0	77
46	590
0	40
4	58
0	285
455	2
8	2
243	9
0	2537
17	1333
2	325
43	313
39	2538
0	121
0	122
0	115
0	115
0	8
0	72
0	78
0	0
0	0
0	0
335	116
1	100
4	16
0	2489
0	2305
8	1
8	2444
0	0
0	0
24	0
2	0
0	0
0	1586
54	1586
1413	1
19	1028
2	1028
1	0
0	0
256	8
0	8
1356	872
0	871
45	2540
41	131
0	12
133	1404
64	611
8	2234
0	0
12	173
2	20
0	23
0	78
0	15
0	0
0	0
0	0
0	144
0	0
0	228
0	736
0	455
0	145
6	447
0	779
0	647
0	778
0	834
0	979
78	923
240	867
0	355
0	310
6	9
4	95
0	0
0	2
0	2
0	11
0	11
0	0
0	20
0	0
0	85
0	0
4	9
0	83
0	0
0	0
0	0
0	0
27	0
150	0
0	0
1	0
0	50
0	0
0	0
0	0
0	102
2	127
0	77
0	98
0	34
0	0
1	26
0	16
0	0
2	0
0	119
0	111
1199	1920
126	1918
0	0
0	0
0	0
14	624
74	654
89	653
4	605
5	171
4	2
0	10
0	0
0	0
97	5571
209	5575
71	413
826	112
59	79
94	14
1	5108
227	2
1	2
2	0
2	622
224	3488
9	3911
1	544
196	967
6	200
0	495
7	531
4	20
1	5088
0	5213
0	462
420	5217
4	1200
0	413
22	296
8	0
0	0
0	0
12	4235
33	2209
0	413
0	0
0	0
2	0
0	1073
0	81
0	1058
4	0
0	805
0	629
0	299
6	211
0	22
2	15
14	0
2	4134
138	2479
0	951
46	2168
0	319
0	1958
2	1469
10	69
0	240
12	812
0	608
0	85
1	145
36	415
7	174
298	2
23	2
22	937
0	1800
5	100
0	101
1901	1748
25	739
0	48
1	7
0	234
0	83
0	14
2	3
19	0
71	0
0	92
0	42
0	771
0	15
2	445
1	0
2	380
0	245
0	0
13	456
3	9
1	0
0	510
0	73
0	4
3	8
0	84
86	141
246	182
0	131
32	64
1	64
5	46
0	0
0	0
8	1369
0	850
0	4058
0	377
13	191
0	341
1	626
12	3706
525	393
0	376
1	42
1	273
0	105
0	49
100	10785
0	7184
19	1265
31	10963
75	10923
2	752
0	246
6	346
42	35
72	181
178	10914
119	9725
0	8967
0	3025
6	290
1	130
2	130
0	0
2	105
0	106
1	80
0	84
0	40
0	56
0	9
0	12
0	1
0	0
0	105
85	552
18	545
0	37
19	271
0	154
3	71
1	0
15	20
0	10
0	0
2	629
1	721
26	1468
184	1609
0	141
30	85
1078	100
6	15
4	306
19	305
1	38
1	18
29	358
0	0
0	351
0	14
1	74
0	49
0	136
17	449
308	557
0	356
6	50
12	1
0	250
1	257
0	138
1	5
18	124
0	0
0	1
0	1
13	260
0	254
0	252
0	249
0	266
4	18
0	22
0	7
0	33
1	40
0	150
0	14
0	18
0	29
1	0
0	218
1	11
0	256
614	31
1	3
0	2
0	28
0	2
3	2938
108	2388
4	296
5	2783
0	135
8	232
0	346
24	329
0	183
0	66
0	94
3	36
0	65
1	2
0	5217
33	3879
233	5334
0	1154
11	1
0	29
1	288
0	344
0	12
0	35
29	91
0	56
0	0
1	0
3	0
0	0
0	0
0	0
0	1
2	1
647	1126
5	274
8	852
1093	5385
2	4072
0	3073
0	1002
2	1
0	262
1	198
2	349
157	359
0	79
0	13
0	6
0	4
0	0
0	0
3	0
95	1906
0	880
4	600
2	79
6	1230
27	90
13850	19865
133	18371
10	45
9	17390
5	8560
1426	398
2	398
0	195
5	195
0	66
6	195
0	0
0	0
6	443
0	150
8	24
0	391
0	390
0	53
0	259
0	203
1020	4075
49	3707
4	1274
4	27
177	0
0	91
6	91
0	3
0	1
0	1
0	1
0	0
0	1
0	0
0	0
0	0
0	0
0	0
4	749
3	745
0	24
4	24
11	198
0	279
0	301
6	575
0	630
0	1
569	537
2	480
0	29
13	71
6	57
0	21
0	0
0	0
44	379
14	863
0	672
6	154
24	489
0	69
0	7
0	3
523	88
40	1
1	16
1	4
0	65
3	1
6	7
0	0
0	0
0	0
0	0
64	75
0	0
7	4
3	10
3	48
0	60
2	59
0	322
93	585
8	569
0	32
6	32
1106	125
1	124
0	0
0	0
0	0
0	0
0	0
0	0
182	33
5	33
0	0
704	3
502	29
8	28
7	50
0	50
4	366
0	343
2	347
2	79
0	94
5	77
2	9
0	3
0	0
0	55
68	109
4	1
0	1
0	108
0	18
0	2
0	0
0	0
0	0
0	0
42	92
150	92
0	8
0	7
0	70
1	70
9	72
1	12
0	7
0	55
742	365
0	290
0	42
1	30
0	23
1	6
0	8
0	7
15	44
119	786
5	786
0	90
1152	76
2	17
1	4
0	2
0	0
0	0
512	414
0	29
7	21
0	27
0	0
1	8
0	1
42	342
0	62
0	78
1	10
99	4047
44	3681
0	4052
131	3723
2332	3803
0	619
24	128
57	571
6	534
11	547
1	0
0	0
0	0
28	194
66	466
8	411
0	119
10	3
64	194
103	0
14	14
2	14
0	7
0	1
0	5
249	1518
132	1833
5	41
2	21
0	1786
3860	121
0	120
1	20
106	1397
4	8404
0	474
13	78
4	2
5	213
0	1171
3	86
21	8297
4	178
0	305
0	128
0	121
7	213
0	53
0	149
0	0
0	0
0	0
1344	264
3	35
6	164
14	72
1	76
2	101
25	429
1519	515
0	86
0	0
0	0
0	0
70	1206
0	1206
0	1
35	11
0	8
0	10
0	29
1	45
0	1
1	1
0	0
3137	1111
85	1077
36	65
8	32
24934	279
4	260
2	0
0	0
0	0
0	0
889	52
0	51
0	0
170	1473
19	1368
0	129
17	306
0	216
0	90
1	87
6	81
1	80
2	83
0	28
0	2
0	4
0	9
0	2
0	1
0	0
0	1
0	1
0	0
0	0
0	116
245	116
960	1556
0	287
0	105
2	1262
0	2211
105	2281
0	140
48	1402
0	165
4	34
1	0
0	58
3	0
0	0
0	2293
2	0
0	0
0	0
0	0
0	0
0	0
60	29
0	29
1	0
1877	4
0	3
0	47
0	45
0	9
0	6
2	6
0	0
954	10054
7	1251
0	4776
1	180
0	6732
1	10053
104	3453
10	3420
179	3492
45	3329
3	0
0	55
1	1214
52	997
40	866
11	843
14	71
18	162
8	135
0	0
2	3464
0	0
0	95
1	537
1278	4510
0	498
0	4526
0	4652
0	4407
0	362
0	1918
14	39
148	4548
0	2433
0	353
0	45
0	310
1	288
0	1917
0	235
0	11
0	0
0	1738
0	2936
0	2917
0	2684
0	2683
1	1641
0	926
0	2860
24	2831
0	1954
0	506
1088	2963
5	14
3	1801
1	130
14	1947
9	3168
69	115
5	454
0	3119
0	1891
0	3138
0	3115
0	3218
0	0
140	888
6	889
53	849
3	133
0	111
0	0
609	0
227	53
0	32
0	21
75	0
0	0
0	0
0	0
0	0
12	3885
11	4648
4	2193
13	2481
1	11
5	2496
10	502
6	427
0	60
8	182
0	142
1	126
0	0
0	0
0	0
0	0
0	37
0	2
43	963
27	28
33	903
0	28
0	374
0	153
2	51
388	669
13	652
8	20
24	517
0	0
3	521
2	504
0	31
1	57
20	20
0	0
0	0
0	0
0	0
0	0
137	1715
25	660
1	127
0	130
0	30
0	1469
0	17
1602	4
1	111
1126	1749
0	3
9	879
0	715
1	1218
255	1381
24	1648
3	369
3	180
8	60
0	0
0	302
0	12
1	5
0	5
0	2
0	13
15	522
40	522
5	8
0	8
391	195
0	194
0	19
0	0
0	0
0	0
0	0
84	17891
16	3203
3	147
0	288
0	296
13	26
74	1886
0	12309
8	3932
4	8046
48	12415
51	3972
1	1270
24	18185
3	17982
0	0
0	0
2	5
0	4
0	0
0	3
0	16
1	0
0	0
19	1
0	0
0	1
0	0
0	0
0	0
59	1585
108	1574
0	1475
11	382
1	624
1	622
1	384
2	21
3	15
121	0
9	40
4	11
685	741
58	1252
0	1083
0	899
2	70
4	295
0	1
0	2
10	2
0	1
4	378
40	562
1	87
19	303
3	11
3	119
0	87
1	452
6	11
0	34
1	104
2	54
137	717
0	651
7	679
7	63
0	0
0	0
60	0
496	237
15	176
0	61
0	0
0	0
1	1232
0	628
0	1238
0	1247
2	81
0	935
0	63
0	463
0	567
0	547
0	669
0	568
0	631
0	599
0	525
0	505
0	473
0	556
0	536
0	574
0	123
1	26
2	84
0	29
0	19
26	74
12	90
15	0
0	0
383	403
0	58
2	345
1	0
0	0
0	77
0	26
0	14
13	377
4	201
4	372
0	0
3	26
0	8
0	4
2	61
39	80
1	78
0	7
1	50
0	36
4	9
0	695
264	57
6	57
0	1
0	0
0	6
0	2
0	6
2	21
23	1114
4	17569
2	91
0	55
1	16660
0	338
1	196
6	1033
1	53
0	295
2	1070
0	36
1	0
0	116
1	118
14	100
1	16
0	0
0	120
0	13
8	9
2	101
0	1055
1	39
1107	40
2	2828
0	2883
0	2965
0	2797
0	2901
0	2940
0	2854
0	2908
42	2870
0	2585
3	101
1	231
23	1
48	13
0	1380
18	2842
1	13
0	7
0	5
0	0
0	4
0	11
0	48
0	50
8	50
0	48
0	50
0	0
0	0
0	7
35	181
0	35
0	49
0	78
0	55
1	2
1	51
1	28
337	45
0	45
674	0
0	0
0	0
0	0
0	0
0	0
0	0
0	0
0	0
0	0
1	0
1	0
0	14
0	116
26	116
0	34
0	3
0	0
0	0
2	353
138	621
8	2
13	205
9	16
474	704
1	47
1	436
0	260
0	1
0	0
0	0
0	0
1405	689
24	689
0	0
656	804
2	574
2	239
0	194
0	49
1381	246
1	0
0	246
6	1049
1	45
0	5
69	984
1	928
34	322
0	27
79	279
13	53
3	158
0	11
0	119
0	83
0	137
0	0
2	144
0	109
0	140
0	1125
55	1669
0	196
7	379
3	415
2	183
0	63
14	59
23	7
8	37
0	18
0	1
32	1220
89	604
15	1129
1	13
8	93
0	485
5	26
2	295
35	423
0	271
0	132
0	76
0	8
0	433
3	946
43	1867
0	11
0	133
0	15
0	0
0	26
0	17
2	9
0	6
0	47
1	1837
12	2815
2	2699
0	911
0	1027
0	962
0	753
2	731
4	216
3	592
0	3
544	3994
87	2726
35	2372
7	54
6	1237
7	886
0	0
14	197
0	206
0	26
0	205
2	209
0	90
0	65
0	148
0	59
0	209
7	156
1	8
0	157
1	51
0	0
1	64
1	24
0	3
743	103
82	103
0	0
0	0
0	5
0	5
0	5
0	5
0	3
0	1
3	0
0	0
16	0
2738	24
1	23
0	0
0	1763
0	1744
0	1707
0	1
8	10
54	52
2	60
0	30
0	6
0	3
0	60
0	0
0	0
267	4658
169	4504
1	1621
7	483
11	260
14	0
13	388
1	1418
1	155
0	203
0	0
3	13
0	2
0	1
0	1
2	1
0	0
0	0
4	0
4	2
0	2
1	180
31	32
3	43
16	207
5	180
0	0
0	0
0	0
0	0
1743	191
3	0
2	70
4	149
0	82
479	578
6	582
535	3446
0	244
24	713
0	2853
77	522
0	22
0	204
0	24
3	186
0	0
48	0
7	0
0	0
0	0
0	0
48	2389
143	2709
0	0
2	328
0	0
41	1315
395	1370
21	1198
0	762
2	607
13	611
0	26
0	47
2	7
1	132
0	418
1	744
0	828
4	434
0	731
0	117
0	0
0	828
2	0
42	241
310	241
27	1824
0	93
0	238
4	149
10	29
9	0
0	258
0	239
2	88
1	127
0	260
2	0
0	0
107	1856
113	1647
103	1666
2	152
30	0
0	0
1	27
0	27
0	375
1422	899
0	679
0	102
2	175
10	42
0	1
0	0
0	0
0	0
0	0
0	0
0	140
125	288
17	3
0	49
10	159
10	0
0	48
0	124
3231	540
0	234
1	305
0	451
163	455
0	17
11	28
540	1400
0	89
3	2
0	1308
60	39
17	37
0	20
0	14
0	0
0	0
566	771
0	24
0	236
0	0
0	15
0	0
23	1020
0	1020
2	163
2403	304
36	164
11	171
30	11
3	0
0	9
8	798
0	1
17	929
1	929
0	0
152	79
0	54
0	32
15	45
0	40
1	7
1	6
0	0
0	0
0	0
0	0
0	0
73	19092
65	12826
55	17414
58	7747
1	1961
2	1795
2	10302
35	9873
0	73
2	978
4	5592
0	524
0	75
5	40
0	40
0	0
3	8
0	73
1	60
2	57
0	0
2	0
0	0
0	0
0	0
0	0
0	0
605	3
24	2
0	52
0	7594
0	7661
0	7581
0	7711
1	7413
0	1273
0	1325
11	185
105	261
7	7451
0	0
2	72
4	0
0	5
0	255
470	280
1	5
1	23
0	19
0	0
0	0
0	0
0	154
0	154
0	70
7	25
1	8
3	0
0	146
0	4
0	11
0	13
198	818
1	658
0	48
0	42
0	86
11	159
7	749
2	238
1	72
0	0
3	21
0	9
4	2
1	0
0	2
0	2
0	0
0	2
1	0
0	2
135	6328
0	5296
0	6338
14	6125
169	114
2	7
3	1131
0	1476
15	495
0	719
0	1040
34	1165
34	43
0	54
24	26
0	226
26	584
0	0
728	947
0	117
2	133
0	14
1	137
0	336
26	197
27	356
0	0
0	0
0	0
0	0
0	0
0	0
0	0
0	0
0	0
0	0
0	0
0	0
0	0
0	0
914	826
5	826
27	2584
124	4474
3	3986
3307	4410
42	13
8	163
0	205
352	451
0	406
3	76
27	26
2	115
1	5
0	1
0	1
0	0
657	15
0	2
0	13
17	0
126	0
0	366
11	42
2	16
1	0
0	64
6	247
0	278
23	0
19	2
895	180
1	1
3	6
0	1
0	33
4	67
16	76
6	53
0	51
0	0
0	0
67	5170
769	4159
170	2529
260	2529
0	0
8	1696
2	36
335	1497
3	718
1	776
0	162
9	86
1	274
0	141
4	1
0	0
0	0
356	148
1	104
2	9
4	9
2	791
4	1053
0	2986
0	812
2	3137
0	2136
0	0
0	1
0	0
1	0
0	0
0	1087
5	165
36	1087
134	0
163	4391
11	5
5	461
7	4194
0	462
5	174
0	445
9	189
0	27
0	2
17	6
0	0
0	0
0	0
0	10064
19	1227
51	2804
27	309
30	11
327	2738
0	1517
25	7
5	686
3	100
14	803
0	1154
2	1771
0	0
0	0
0	0
0	71
0	48
0	21
0	10
0	0
546	355
0	3
0	358
0	51
0	39
0	44
0	1
15	2190
33	1809
12	1485
4	114
0	481
0	128
2388	1
0	127
0	3225
90	0
5	967
1	83
0	938
16	142
0	931
3	81
0	1
4	8
20	43
73	43
772	13
0	13
2898	103
0	98
1	0
5	140
2	137
0	7
0	2
0	3
0	0
49	494
16	494
1	43
0	0
0	0
0	0
0	0
0	0
3	2736
47	2789
4	192
1	0
14	276
0	125
2	56
289	7544
184	287
220	286
8	7090
3	249
421	6636
2	559
693	80
0	80
0	9
0	2
2168	4320
0	4619
0	2960
0	3072
132	3004
3	1210
0	4173
0	1802
0	509
209	54
6	43
2	43
0	6
0	642
0	680
5	60
0	9
0	33
5	0
0	52
0	251
27	542
12	522
24	11
0	20
0	0
0	0
8105	1414
32	5
117	176
15	1269
2	1018
0	12
9	108
0	3
0	0
0	0
0	3
0	0
2	20
0	19
0	0
0	17
1	20
0	1
0	0
0	10
0	0
0	4
0	0
0	0
1	13
1	604
9	472
0	287
1	614
62	621
0	545
32	46
537	78
0	3
2	43
2	0
3	31
2	1
477	0
173	51
8	51
357	618
320	1
5	326
0	352
49	351
0	3
11	3
1	3
0	0
0	0
0	0
0	0
162	38
2	25
4	13
25449	3258
0	2340
0	1283
44	821
0	1586
0	0
220	3551
0	1124
23	1387
11	1060
58	2546
0	2372
1	728
0	27
0	1285
0	0
1	485
35	0
1	362
1	44
51	666
20	707
6	341
4	0
0	153
7	3
14	20
77	497
0	497
3	12
5	27
912	29
33365	20
5	270
0	233
8	226
9	161
7	30
0	0
3	0
0	0
0	0
2079	864
1	805
9	0
0	59
0	0
0	0
0	0
34	638
675	640
8	354
1	328
0	322
6	18
0	347
0	304
12	62
0	91
0	47
11	51
0	30
0	24
21	47
941	3983
0	183
1	0
241	3522
1	9
0	8
25	224
0	0
10	517
0	225
4	120
18	815
1	5
10	5
0	0
0	5
0	5
0	5
3	0
4	0
0	3
1	6
0	3
12	6
38	33
0	33
707	1758
14	178
12	21
0	9
1	9
497	0
0	0
22	353
13	343
2	349
0	8
15	164
19	378
0	296
11	200
0	7
0	21
0	0
0	21
0	243
10	243
0	52
0	45
0	24
10	27
0	26
0	52
0	30
5	41
0	228
0	261
3	302
1	181
35	26
90	7
413	0
3383	40
4	39
792	395
3	45
1	394
72	0
0	0
0	1
0	1
0	1
0	1
0	0
3	125
13	168
9	340
6	61
0	334
650	0
4	0
3070	801
11	459
0	455
0	379
0	15
0	385
0	255
0	5
0	0
1	38
0	57
0	0
0	0
0	0
2	734
1	736
2	723
13	273
1	313
2	21
1	45
4	34
8	30
25	55
5	22
2	8
0	4
0	0
1948	4193
3	4209
0	3412
13	923
0	60
0	280
3	281
3	256
1	3
17	5
3	0
5	67
0	8
1	2
68	67
0	31
0	29
0	0
0	0
0	0
0	0
0	0
0	0
0	0
0	0
25	92
5	92
0	2
0	0
0	0
0	0
0	0
0	0
0	0
0	0
0	0
0	0
136	1097
0	890
3	146
4	474
0	35
0	9
0	0
0	0
7	1322
73	1322
1197	1321
0	11
0	209
0	0
0	0
0	0
0	0
0	0
0	0
0	0
0	0
0	0
18871	203
0	185
0	0
0	2
0	2
2	0
0	0
0	0
1	779
4	597
7	110
44	801
0	1207
225	517
0	652
2	31
0	0
0	0
0	0
0	0
0	3
0	0
0	0
0	3
0	0
0	1887
4	2103
48	1276
0	1168
0	918
3	572
13676	9662
0	1830
5	1221
0	1631
1	967
13	5588
5	3454
0	3424
0	126
0	162
0	0
1	0
0	0
0	0
0	0
0	0
0	0
0	0
0	0
0	0
5140	477
9	413
18	62
0	0
0	0
0	0
0	0
0	0
0	1
9	529
49	529
0	73
0	75
0	0
0	0
10	220
2	1284
26	1130
0	46
5	1411
175	701
4	799
1	20
0	11
2	10
9	1029
0	1026
0	2
2	10
0	0
0	10
0	4
1	825
1	892
1	971
0	905
24	37
0	868
0	239
0	705
0	824
0	14
10	933
12	1010
0	908
0	52
0	775
0	646
0	634
0	139
16	45
0	107
0	0
12	191
54	6674
2	2155
0	5481
15	6419
1	4566
10	4494
0	3091
0	4087
0	250
0	1807
0	1127
0	1254
0	1167
4	1093
2	1393
5	0
1394	3576
18	46
4	67
374	4296
194	4318
278	84
9	292
107	528
0	464
1	64
0	3
163	187
0	120
3	113
0	85
0	49
0	45
0	35
1	23
10	7
0	3
4	21
2	23
5	14
3	16
0	8
4	4
0	320
0	1216
0	1353
0	73
0	1197
70	960
5	291
2	14
9	287
1	128
5	2
0	67
0	105
0	300
0	296
1	56
8	55
0	56
1	53
0	41
0	36
10	2
6	0
0	110
20	99
12	155
13	49
0	168
5	143
1340	1
4	5
0	47
1	208
0	9
0	18
5	198
20	179
2	6
0	8
0	0
0	0
0	0
12	17
129	1438
5	76
4	11
1	1361
17	87
226	1444
1	1353
4	961
1	80
347	3612
0	427
12	69
1	189
2	189
3	2394
3	1937
0	36
3	153
2	11
0	1935
0	0
0	0
0	0
0	5
0	5
0	3
0	1
0	9
0	3
0	9
7	380
54	319
19	244
0	104
0	3
0	0
0	0
0	1
0	3
0	0
226	94
27	79
2	16
0	3
0	3
0	1
0	0
9	9
0	7
2	0
0	0
2420	2494
27	242
0	2251
8	684
0	4
0	39
0	39
0	681
0	80
2	144
2	86
36	307
5	2
0	530
0	0
1	229
1	210
0	119
0	167
1	388
0	73
0	2
2	2
6	21
0	2
5	5
267	35
0	35
0	0
0	0
0	0
0	0
0	0
0	3
0	2
0	0
0	2
0	0
1	0
115	1686
39	1686
0	234
0	0
0	0
0	6
0	6
1	2
107	320
15	299
0	20
12	86
3	86
242	408
0	402
2	28
43	7
0	0
160	2651
73	1722
163	1077
6	225
1	684
33	715
38	691
0	354
18	427
2	2310
22	797
0	36
0	37
0	0
0	0
0	0
0	0
484	127
0	127
0	0
17	17
3	16
0	3
0	0
0	0
93	223
5	32
428	1603
83	1602
2	3
165	2
1	68
0	70
0	3
0	8
0	0
0	1406
3	1335
24	248
3	2
1	14
1	5
0	2
21	15
0	4
2	29
7	534
0	73
133	0
0	0
0	0
0	0
0	1
0	1
0	0
0	1065
0	57
0	57
18	642
10	511
3	287
0	0
5	44
22	310
2	171
8	0
11011	6495
0	2359
2	1233
0	301
3	265
2	2050
1	23
0	1621
0	0
0	0
9	0
200	16
90	0
213	16
31	544
2	0
0	2
0	2
0	0
1	46
5	46
0	6229
3	5184
0	896
41	2942
0	660
30	164
10	5695
5	5248
1	305
1	141
10	472
5	394
3	7
8	21
8	158
4	6765
405	448
0	449
7	449
1	0
2	1027
19	1057
1	3334
394	965
792	12967
123	14976
2974	5026
0	987
3	1
0	234
0	24
1	161
68	191
16	8618
0	0
132	1152
285	1469
13	941
0	11
44	4
0	0
0	0
0	0
1	8
0	6
0	8
27	430
6	430
0	48
11	2
0	1
141	85
0	12
0	78
0	45
0	40
0	7
0	15
0	5
0	13
0	13
147	62
1180	77
13	13
6	0
0	0
115	5641
63	3417
0	1701
114	920
1	681
16	4102
11	155
0	1348
0	56
1	3487
64	3130
63	1446
1	478
53	968
0	8
0	0
10	15
0	7
0	0
0	0
0	0
0	0
45	6466
65	6505
256	6597
22	1768
0	448
21	1777
1	35
1	98
0	168
1	0
6	20
0	1
0	1
0	0
12	0
0	29
0	30
0	1
0	0
0	0
0	0
0	0
0	0
0	0
0	0
0	0
0	0
0	0
0	0
0	0
0	0
0	0
0	1
0	0
0	0
0	0
0	0
0	25
0	29
0	0
212	1005
36	1037
2	36
64	0
3	1
0	1
0	1758
1	2096
0	1964
8	83
6	83
1	83
0	0
0	0
281	316
0	259
6	128
1	0
1	16
65	0
1	0
24	1609
157	1650
0	3
1	34
5	173
0	761
3	0
0	0
0	0
0	3
0	1
1	149
65	296
3	166
0	26
0	4
2	0
46	1179
32	984
0	678
26	0
202	0
5	74
0	0
0	129
0	678
34	3641
7	4137
0	524
1	4644
0	0
0	4370
0	0
0	0
2024	54
0	3
10	52
0	24
0	24
67	619
2	0
1	619
1012	303
0	302
5	0
23	0
0	0
0	0
0	0
0	0
0	0
0	0
0	0
0	0
0	0
0	0
908	1
23	454
53	406
3	454
0	0
0	14
0	25
0	32
0	25
0	10
0	54
0	544
0	1517
4	1467
0	75
0	1469
0	37
0	215
23	1461
0	110
0	54
0	0
516	191
0	14
2	177
4	49
22	0
0	16
8	3
0	3
816	1212
1	1044
0	295
0	72
0	86
0	363
9	8
3	93
0	14
4	3
1957	671
8	669
6	1353
7	1141
2	849
5	14
4	412
9	2
0	28
0	808
9	175
2	175
1	0
9	9
13	171
2	5
0	0
0	0
4	42
0	42
251	72
0	77
12	91
4	1040
1593	1188
8	1
11	0
0	15
0	11
2	84
0	0
0	0
1	843
0	5
82	848
805	24304
1	24305
0	22457
1	198
0	5054
202	4727
2	1029
1	1129
4	1025
12	593
4	0
1	10
11	10
4	996
19	848
1	105
3	861
1	77
10	1
0	87
20	0
0	4
0	432
0	51
0	52
0	38
0	2
0	15
1	15
0	2
0	0
0	0
0	0
0	0
0	0
450	2289
60	2289
90	245
0	0
0	0
4	273
14	341
0	115
0	124
0	110
7	0
2	14
3	26
35	136
0	156
2	115
8	132
1	27
57	570
16	571
2	1
25524	12650
0	12346
21	255
12	243
1	12
137	0
23	21
5	21
5	0
3	281
0	71
0	3
0	3
6	210
0	17
47	437
935	2923
79	210
9	2611
0	2040
0	27
1	598
4	34
6	65
4	7
0	15
0	9
0	6
0	1
0	2
0	1
0	0
0	0
50	0
103	197
94	197
0	9
0	11
0	11
0	5
0	5
0	29
1	41
8	31
8	25
0	21
0	0
0	0
106	2
0	2
0	6
0	0
0	4
0	2
0	0
0	0
0	1
0	6
0	0
0	1
0	1
0	0
0	0
0	0
0	0
0	0
0	0
1	0
0	0
0	0
1	1
0	0
0	1
912	120
3	0
0	0
0	1
0	3
0	114
157	150
119	39
0	264
6	264
0	264
0	262
0	39
2	31
0	0
0	0
8	0
17	223
2108	454
4	402
0	0
4054	108
10	107
8	560
0	6
6	559
73	560
11	124
10	56
0	45
0	79
0	30
3	30
54	32
0	3
0	5
0	0
0	0
0	0
679	970
3	606
20	361
3	84
0	0
0	0
6	16
2	7
10	1
0	0
0	2
0	961
0	0
4	0
358	148
3	54
3	146
1	2841
1	2197
0	3294
0	360
916	3029
201	2842
75	169
94	157
0	12
0	0
0	0
0	0
0	0
0	0
430	352
4	352
0	268
1	34
308	131
4	115
0	7
0	16
0	5
9396	8
39	320
16	236
1	111
0	195
136	19
0	19
28	270
0	270
0	183
1	101
1	114
1	122
0	84
1	112
0	85
0	7
1	3
4	0
2	0
3	166
1	0
4	26
0	2
0	11
0	166
250	612
284	1069
4	541
5	281
1	213
2	80
4	146
0	118
1	16
0	62
0	0
0	0
0	0
0	0
0	0
0	0
0	0
0	0
0	0
0	0
20	3
0	0
0	3
11	735
7	10
17	465
0	429
0	539
0	45
0	33
0	98
0	308
0	171
5	112
0	64
91	3604
72	650
10	0
8	3041
21	2427
19	3031
0	2291
1	2476
2	392
0	0
2	55
26	29
5	37
1144	1
0	2012
1416	3942
2	1705
0	2368
4	71
0	2368
0	34
6	649
0	275
58	1018
182	441
1	356
2	283
0	4
0	89
1	0
0	183
471	110
3	107
92	144
0	141
0	15
205	436
16	16
50	160
0	136
1	57
0	181
12	17
0	0
0	0
0	0
0	0
0	0
0	0
0	0
2	342
0	355
0	342
1	311
0	46
0	42
1	4
0	17
1	25
0	8
0	0
0	0
3	0
7	1
0	1
4	0
0	2
21	2
0	0
22	13
0	13
0	0
0	0
0	0
0	18
0	22
0	55
0	20
0	0
0	0
0	0
0	0
0	31
0	3
0	13
0	52
4	39
0	1
0	29
0	16
0	6
0	7
0	2
0	23
0	19
0	27
0	89
0	111
0	81
0	65
0	139
103	113
0	108
0	128
0	99
0	76
0	98
1266	146
1	146
0	68
0	0
3	209
572	1109
9	2
3	3
0	355
12	51
0	76
13	334
1	171
26	2218
51	1095
0	1415
0	1455
8	1222
40	657
3	1172
8	23
0	2472
0	732
1	27
299	2870
0	286
3	2025
7	1140
17	314
8	970
2	211
0	396
0	354
3	203
0	195
63	172
226	334
4	0
18	1328
0	6
25	616
20	476
30	1095
0	1322
0	0
0	1560
1064	1560
0	0
0	0
0	0
0	0
0	0
2	0
0	0
498	307
0	236
43	135
45	74
0	0
0	0
8	920
0	231
5	390
0	887
0	152
1	45
0	13
0	33
0	626
1	1
2	43
421	102
0	81
113	249
4	249
1278	147
0	0
200	0
8	0
1	0
766	622
0	393
1	136
1	173
6	187
0	84
0	3
30	23
12	1104
237	858
5	183
0	2112
0	1049
0	1031
1	860
0	784
17	1572
2	0
0	179
0	13
0	2
0	27
0	1084
122	5291
0	5042
0	74
0	1830
196	3777
1	1555
0	971
2	436
2	243
4	133
0	693
0	47
26	0
33	282
8	34
0	15
0	0
0	0
4354	5
89	1
1	1
0	0
0	0
7	2378
118	2378
0	37
0	238
299	459
0	90
3	456
38	4260
16	588
15	4147
0	3999
2	3907
7	2
0	1734
0	275
3	5
2	0
1	0
0	0
0	70
0	1851
0	2
0	2
5	5925
95	5740
0	4509
0	5735
5	5251
44	3320
5	5175
0	45
0	296
9	942
0	0
0	947
16	1571
0	1425
5	558
1	864
3	228
1	454
0	550
1	63
0	551
0	463
0	4
5	99
1	0
1	38
0	1055
1	975
14	1383
1	721
36	584
11	165
5	1
0	418
0	60
30	75
1	2
8	59
2	49
3	0
26	3337
297	3339
1	552
314	3249
0	129
0	135
1	203
8	160
11	312
0	2
1	35
10	94
3	74
31	2377
4	2261
121	2126
5	1100
40	376
9	242
6	138
5	45
18	322
10	93
0	201
1	301
8	358
125	715
35	123
10	40
1	25
0	2565
299	113
1	113
1	249
659	495
2	293
0	166
4194	871
0	806
0	61
1	3410
0	0
1128	43
0	23
0	20
2	35
3	15
6	2989
0	2956
0	2813
0	1620
3	1111
1	271
3	329
31	269
0	225
6	49
0	2942
0	2956
1376	124
8	83
0	31
5	0
0	10
0	2
15	560
5	380
0	551
1	229
0	5
38	0
11	1
0	6
0	1
2	0
2497	2956
58	2959
45	798
601	484
0	484
7	374
0	46
317	101
0	93
1	8
0	20
0	3
0	1
0	2
0	2
1	2378
0	1828
0	995
0	1932
88	2455
0	1568
168	2452
49	2096
0	485
11	676
0	17
1	1
2	47
10	62
1	100
90	479
17	502
0	23
0	53
5	2007
308	2007
432	6312
1	6312
9	2720
0	160
1	0
0	0
0	12
2	160
6	317
0	289
3	153
0	308
4	30
0	2
0	2
1	5
0	0
28	124
0	73
0	36
0	51
2797	4
64	0
155	233
6	233
4	2
0	2
0	1
0	1
28	19
0	19
0	13
0	6
0	4
0	4
3	309
224	374
8	129
0	92
15	94
1	67
0	26
0	14
9	23
112	1707
0	1603
0	204
10	60
27	49
1	1
81	35
7	73
1	20
1384	54
0	22
0	3
5	14
0	0
0	15
1	0
16	642
3	626
0	653
0	168
0	194
0	111
0	73
1	10
0	58
3	57
3	17
0	2
9	22
10	485
0	67
5	368
7	67
3	474
1	27
1	38
13	65
0	32
0	245
585	245
0	81
3502	34
0	34
2	678
69	715
114	1375
24	678
0	71
4	204
0	223
1	4
8	2404
8	2567
0	1390
28	1398
20	161
8	101
0	53
17	88
0	0
478	2762
29	3264
0	3047
31	2440
0	1356
0	566
6	1166
18	981
6	1014
0	982
18	295
21	723
3	193
1	213
0	27
0	2795
74	0
10	85
1	85
2	5
1	4
0	0
0	0
0	0
0	0
0	74
0	74
0	74
0	74
1	72
0	0
0	76
1	76
0	0
0	0
0	0
1281	2
0	0
0	0
0	0
0	0
0	3
0	3
669	69
4	56
15	62
0	0
21	593
40	290
3	233
3	93
0	119
0	620
0	284
4	760
0	0
0	0
0	0
0	0
0	0
522	3
14	1
0	0
0	0
0	0
0	70
5	98
1	259
5	13
0	399
32	542
0	534
2	929
0	824
0	1169
0	1210
4	384
0	652
192	896
55	21344
1334	21345
67	16024
0	1650
25	46
0	44
2	1
0	1
0	1
1	1
0	0
5	4
0	1
0	4
0	0
0	3
0	0
0	3
0	0
6228	2638
1	2113
21	2455
5	791
0	1879
80	2115
2	1664
0	2378
0	0
3	503
0	745
10	39
0	0
14	55
557	485
1	4
0	122
0	145
1	0
9	30
2	1
0	10
34	27
1	29
62	15
0	246
25	43
0	0
19	773
0	72
3	796
0	4
3	786
0	43
14	0
16	193
0	781
1020	142
0	142
0	86
0	1
0	1
0	1
3	12
0	1
33	58
0	58
0	25
0	0
0	0
0	0
2033	4
0	0
8	0
66	1607
0	1654
0	587
0	472
1	172
1	383
22	135
0	79
6	39
5	37
2	2
21	5
2	5
6	25
5	20
2	5
0	3
0	1657
3	6
0	6
434	254
79	218
0	170
0	132
11	75
0	63
33	123
16	5
0	5
9	76
0	0
0	7163
3	182
0	172
0	95
0	119
1	25
0	4
0	1
0	3
0	0
4	0
3	350
7	77
0	265
0	19
0	15
1	1
0	6
0	108
1	350
3	0
0	0
0	3330
0	3641
0	4445
0	4445
8	4444
450	5025
2	2605
0	1004
9	184
0	185
63	109
1	17
4	42
3	18
1	83
0	15
0	17
0	1510
0	1457
63	1703
6	1618
8	1614
11	629
0	165
0	184
0	12
0	13
5	1526
0	1448
12	1287
159	1534
11	813
1	8
11	51
0	1021
1770	164
0	0
0	0
1	12
0	1
1	10
2	4
1	9
6	1
0	1
0	0
0	0
478	142
4	141
2	166
553	299
2	5
110	0
1	133
0	0
28	0
0	0
0	0
5	85
0	85
0	0
0	0
0	0
0	0
0	0
0	0
37	2492
0	2473
2	1064
32	162
116	729
10	569
100	5
194	3
0	0
0	44
1	47
1010	34
2	0
6	94
1	163
1	128
0	29
0	30
0	48
0	53
2	71
36	95
0	0
0	1119
305	1119
1	983
244	1038
2	95
0	29
0	1038
0	0
0	0
0	0
0	0
0	0
1	1
64	78
775	210
0	161
0	88
2	80
0	92
0	1
0	2
0	60
0	0
0	0
0	31
2	92
1	1924
14	1924
63	1924
1	5
0	301
13	1781
7	1793
35	1014
0	46
0	81
0	0
0	0
2	1
0	0
0	0
1	1
0	486
27	504
7	151
1	158
11	77
0	29
6	39
4	15
0	0
0	0
0	0
0	0
1	32
0	45
0	18
0	35
2	3
0	35
0	7
36	0
0	2
0	2
0	233
11	233
0	3
0	21
0	2
0	0
30	2364
3	2251
0	78
0	2269
1056	397
4	395
0	276
0	0
0	0
0	0
14	0
6	1968
31	275
1	1609
2	1735
59	1453
1	1803
0	0
2	17
11	248
0	30
8	301
0	3
0	3
0	1
18	164
0	506
2	491
5	52
13	233
0	2
2	126
1	0
0	1
0	1
0	1
0	1
0	1
0	1
0	0
0	0
0	0
0	0
0	0
23	271
49	273
1	244
2	190
0	24
0	31
0	31
30	0
0	0
0	0
0	0
21	292
0	13
1	26
0	16
0	50
0	239
0	56
2	0
1	5
26	43
3	11
0	40
10	7
0	1
0	0
0	0
1	3
1	0
4	4
192	114
5	114
19	2
0	773
0	751
0	112
0	45
1	410
0	1
6	537
0	538
1	476
0	119
0	89
3	114
0	5
0	17
0	0
0	37
0	1
25	68
1	66
0	63
0	0
0	9
1	1167
32	1438
0	1527
5	69
0	1407
0	1001
1	412
0	987
0	0
6	93
5	701
26	307
0	32
0	1367
0	126
0	91
0	0
0	127
1	0
0	0
0	0
5	0
0	0
0	0
16	36
0	36
0	25
0	7
0	4
0	3
0	3
0	3
0	3
0	3
0	3
0	3
0	1
0	0
0	0
0	0
0	0
1	0
0	0
0	0
0	0
0	0
0	0
0	0
2	0
1	8
28	3
215	346
0	335
4	331
1	69
0	19
0	3
0	0
25	1602
0	80
0	52
0	0
0	70
0	64
9	2
11	0
0	1602
43	4828
367	4829
0	41
0	0
0	0
1063	5220
0	5217
8	68
7	65
1	1
0	0
0	0
0	0
0	1
0	0
0	0
0	0
0	0
0	0
0	0
0	0
3	1449
63	1599
3	683
15	926
2	249
0	0
344	444
0	444
0	337
8	12734
2127	12736
140	386
15	380
8	334
0	329
2	304
1	293
1	0
0	0
4	13
0	15
3	3
3	3
0	0
0	7
0	7
0	0
96	389
0	384
5	211
0	171
4	27
0	4
0	0
0	0
0	4
0	0
0	5
217	455
23	418
8	355
0	0
2	98
0	2
19	3234
10	0
0	3234
0	0
0	0
712	1105
4	3
0	136
0	1081
527	1169
2	5
3	1164
2	2
0	2
0	268
53	300
9	206
0	34
2	181
0	4
1	124
0	13
0	2
0	0
4	128
0	1
9	123
13	4
0	0
0	0
0	0
1	46
0	5
2	41
0	10
0	0
0	48
0	52
0	49
0	2
5763	6
70	27
0	1
2	1
4	5
0	0
59	21
11	0
0	0
0	0
0	0
123	206
1	117
0	162
13	4
21	509
0	240
8	272
0	43
53	352
90	439
0	198
0	140
0	274
0	7
2	91
0	21
0	0
6	32
2	32
0	26
0	32
0	13
0	11
0	6
95	1181
1	43
7	5
0	0
0	1167
25	532
16	529
0	474
1	567
0	0
0	344
0	85
0	111
1940	615
0	613
2	216
6	0
2	52
5	51
246	56
0	64
2	0
3	31
3	31
0	29
2915	57
0	56
0	0
34	568
6	27
0	230
1	311
0	22
6	580
0	0
38	628
0	0
8	6
1	6
0	0
1	37
0	46
387	2846
45	2837
0	0
1	0
38	3
0	3
0	0
0	0
0	0
0	0
1685	162
2	161
0	0
120	840
0	839
331	4182
2	3794
341	4182
1	168
0	427
0	734
1	359
0	0
0	4154
0	1676
14	996
0	1955
0	298
0	400
0	0
1	22
0	4394
1219	358
0	34
4	365
0	83
0	68
0	2
0	59
0	4
11524	12
6	0
135	1591
99	1590
0	0
0	1
2	97
0	97
1482	7
16	7
152	379
1224	448
2	354
0	359
0	314
0	74
54	98
0	48
88	48
53	167
0	90
8	38
18	34
0	25
0	33
0	77
2	0
36	50
0	6
5	2
0	0
1	4
0	1
0	43
48	0
0	0
0	0
0	0
0	0
54	0
1	0
0	0
0	0
157	0
635	280
0	243
0	238
0	165
0	172
1	129
0	108
2	78
1	48
0	50
0	3
0	163
833	249
0	2
2	84
0	112
0	112
871	22
3	22
178	0
2	422
2	486
12	422
1	140
4	1
0	246
1300	3
3	1
13	0
9	1646
31	3687
0	3382
108	3176
0	31
12	2587
0	11
0	0
0	2367
0	101
10	150
0	12
0	5
4166	1
0	0
0	0
0	0
0	0
0	2
0	5
0	3
34	0
68	35
0	35
0	8
104	0
2	184
3	6
729	191
1	44
386	728
101	154
0	280
1	452
22	78
0	446
3	707
91	765
212	978
12	294
1	776
3	1615
70	1520
0	849
0	118
3	20
0	39
6	0
1	157
6	109
16	156
3	1
0	64
0	106
3746	24
2	16
855	1
0	0
75	685
8	505
9	685
0	26
0	26
0	90
0	22
21	37
9	12
5	23
0	0
9	0
18	4
13	102
5	1298
6	1196
0	447
0	75
3	70
2	0
0	1299
0	1319
4	92
476	1759
17	1706
0	0
3	787
34	520
0	0
0	0
94	970
2	1466
256	4498
44	753
33	4184
4	39
14	0
12	50
2	92
26	269
1	12
4	94
1	40
0	45
8088	2
28	284
43	354
29	342
7	21
1	51
1	13
1	13
15	12
0	1
6	4
7	6
0	12
0	0
0	0
0	0
0	15
2	15
0	3
0	1
0	2
0	2
57	1
0	0
3	26
0	37
0	1
0	0
0	31
337	0
0	0
1	288
0	288
0	86
1	2
0	23
1	89
0	63
1	7
0	0
0	2
0	0
0	0
32	396
64	486
0	30
31	1
4	323
1	0
0	120
0	72
13	1
0	1
0	1
1386	66
0	3
0	61
0	50
17	59
0	13
1	0
0	57
330	0
1696	482
1	483
2	269
0	0
0	0
0	0
696	883
1	442
1	666
0	0
6	4
0	794
44	621
94	4358
0	4092
3	147
0	2742
0	0
0	0
9	0
139	26
0	26
2	0
7	0
19	0
0	0
0	0
0	0
885	3438
46	3437
300	0
1	0
1	38
0	38
1	0
0	1
0	1
0	2
0	0
0	0
0	32
1	0
11	216
1	169
2	5
9	123
191	0
0	0
0	0
0	5
0	5
3439	3757
0	1810
0	2582
0	3012
0	0
20	109
0	1910
6	114
0	451
0	1901
0	683
19	380
57	380
0	154
11	31
0	23
9	83
1623	187
0	24
0	168
0	46
15	78
45	337
0	164
0	178
0	177
0	1
0	204
45	0
122	1810
25	703
2	669
26	145
0	408
0	103
4	36
0	149
1	13
15	0
0	434
0	0
0	27
0	1084
2	1242
83	1274
0	417
0	358
0	205
1	100
18	417
5	1538
0	38
19	1213
5	295
0	845
97	593
48	1464
0	9
0	181
0	0
0	390
0	1542
0	66
1180	827
0	421
7	530
1	718
0	567
0	254
0	115
0	1
0	153
0	0
0	1
0	1
0	0
4	525
0	298
0	520
1	8
374	508
0	183
0	0
0	0
0	184
0	6
0	8
13	78
0	18
8	17
0	27
0	6
5	10
2	0
0	78
0	0
0	0
5	0
0	0
0	0
123	188
0	134
4	8
22	208
43	957
1	887
5	498
17	446
36	50
0	371
0	37
2	19
1	50
0	0
12	10314
0	490
174	3486
2	3612
0	9554
39	2807
0	1
15	614
0	597
0	607
0	177
0	212
0	212
0	215
4	0
0	15
0	2893
79	110
13	277
0	204
0	175
0	0
117	117
0	117
2	0
10	725
58	737
1	35
2	15
5	51
4	40
3	33
4	3
0	34
884	2846
15	202
1	6
0	1906
1	490
0	50
20	2706
26	2545
0	0
0	0
0	0
0	0
955	182
0	178
0	122
0	0
0	0
0	0
15	2697
0	1274
5	912
0	2319
3	291
0	0
0	0
0	0
15	1535
0	1153
0	274
13	63
0	221
0	210
0	0
0	208
0	217
0	1
0	58
0	58
5	0
0	1456
0	0
1635	0
38	484
1	603
92	455
3	391
18	0
8	13
2	9
72	1450
0	1338
11	1318
22	1122
4	96
3	11
2	134
2	374
0	56
0	21
1	22
0	1
0	0
2624	753
50	746
0	6
19	1
1	0
184	426
6	432
7	305
463	1
2029	597
31	597
0	0
47	0
334	132
0	132
2231	8338
1	8209
5	389
962	1259
162	1260
0	0
2058	1486
68	554
36	255
0	22
20	264
0	278
0	48
0	242
1	160
0	26
0	35
0	13
0	0
0	3
0	42
0	11
0	0
0	274
10	2113
11	2094
1	2071
2	290
0	82
0	0
1	9
42	306
0	3
5	4040
11	145
39	2953
1	140
19	3601
2	161
0	18
0	285
2	0
0	0
2	2
0	0
3	2
0	0
0	0
1	0
15	42
0	42
3	8745
3	8923
1	2607
4	2757
0	4055
1	26
0	132
0	448
0	12
0	504
0	2
22	127
112	19700
0	19573
1	1894
17	2855
58	447
14	3130
36	157
1	0
0	946
0	346
0	748
89	1210
127	1372
3	0
0	1
0	1
0	1
0	1
0	1
0	0
11	66
0	22
0	22
1	0
0	0
0	0
1368	502
11	19
22	482
0	643
0	622
0	597
0	625
0	588
0	365
0	192
6	69
0	154
18	171
13	130
0	84
0	107
0	113
0	123
0	92
1	101
0	46
0	44
0	65
0	35
0	0
3	11
0	11
0	591
2315	0
44	436
2	30
0	22
8	0
0	94
0	436
0	0
3	200
0	29
0	266
0	238
1	23
1	167
12	145
3	4
0	0
0	33
1	63
0	4
0	1
11	0
0	239
0	0
0	0
5	0
0	0
0	0
0	0
0	0
0	0
0	0
0	0
0	0
0	0
0	0
7	51
1	1
2	11
0	39
1411	0
341	9
2	9
0	9
1	0
9	110
0	82
0	81
0	100
0	8
37	79
0	64
1	66
0	0
0	0
0	0
0	0
0	0
60	22
1	22
0	7
0	7
0	816
195	817
8	133
0	811
0	2
103	2048
123	2075
6	664
2	176
0	0
0	480
22	478
22	100
14	755
4	11
19	613
0	376
7	317
16	212
0	89
1075	1022
10	292
40	293
3	77
1503	55
0	0
0	0
5	1
0	1021
777	1099
2	17
2	0
0	644
0	1
0	107
14	701
0	832
0	508
4	790
1	655
1	296
12	12
0	138
13	229
2	100
0	0
3	0
261	158
0	95
2	9
0	0
1	27
0	27
0	9
0	5
0	4
5490	1005
50	860
0	255
1	384
0	159
304	0
0	236
0	418
7	502
23	15
2	90
0	539
0	0
0	0
0	11
0	0
0	8
4	22
0	22
0	0
0	0
0	19
0	0
173	112
9	104
0	0
0	1
0	1
0	1
0	0
0	1
0	1
0	0
0	1
410	1281
0	1256
1	802
0	1184
0	105
3	61
3	162
0	41
14	116
1	105
0	93
3	6
0	2
0	4
692	0
0	0
0	0
0	0
0	0
158	162
0	1
3	1
0	142
1	0
9	0
0	6
0	2
0	163
20	48
0	4
0	9
0	35
4969	495
152	268
9	326
6	12
0	0
0	0
0	0
0	0
0	0
0	0
0	0
9004	603
4	349
4	181
0	62
1	66
303	1
0	0
0	0
161	1243
0	889
5	77
4	192
1	22
0	10
0	0
0	62
1	50
0	1212
0	0
0	0
0	0
258	30
650	310
4	205
0	0
307	154
5	146
31	14
0	9
0	1
13	0
1	322
0	304
2	267
0	299
0	316
1	21
42	30
0	0
0	5
21	14
1	15
17	1
675	94
0	42
0	0
0	52
2	0
0	0
0	0
54	14
0	6
1	8
0	6
0	0
0	0
0	0
45	434
95	632
1	507
6	79
0	152
0	63
4	6
0	1
0	0
0	1
58	58
0	58
0	3
3	0
5	6
6	6
43	615
22	496
0	129
26	0
0	0
0	21
0	22
0	0
0	1
0	0
0	16
0	3
0	1
0	1
0	0
27	1036
9	148
0	1029
9	734
6	0
2	81
0	0
109	455
33	455
0	0
0	0
0	0
0	0
0	0
12	4879
865	4879
0	0
0	0
0	0
0	0
0	0
232	10
0	10
1	5
0	3
0	8
0	0
1	0
3033	226
0	31
4	146
3	0
0	48
332	462
0	462
0	34
12	1939
6	1833
97	8
1	718
19	533
0	308
2	3
6	1377
352	3999
1034	2635
381	2937
15	138
35	2242
30	255
3	187
22	109
0	0
3	2826
50	2924
2	469
0	177
8	196
7	0
1	107
5	28
0	1166
2	3
338	1
0	1
3	17
2	69
2	81
1	28
13	0
0	0
0	0
0	0
305	0
562	53
5	22
1	0
4	30
1	8
8316	16
369	249
22	162
42	77
3	89
0	19
5	18
150	1251
67	1395
12	175
0	336
1	60
13	96
0	437
18	389
1	102
0	0
0	0
20	739
22	739
0	518
0	14
44	219
0	31
7	5
0	578
102	802
0	254
0	618
12	463
4	434
2	187
0	385
1	18
3	9
1	0
0	6
0	6
0	0
3507	622
4	463
0	6
0	158
0	0
0	0
0	0
37	0
256	0
0	0
74	180
5	180
2260	6
0	2
7	0
20	0
2	0
28	81
63	81
0	3
0	1
0	1
1	0
0	0
0	0
0	0
14	2505
33	3746
43	1791
0	691
1	304
22	125
4	973
1	1
6	129
0	0
0	0
0	0
9	869
44	906
0	787
17	173
2	195
3	165
0	169
1	6
0	168
0	150
0	174
0	149
0	4
345	107
3	107
51	0
1037	1
0	0
0	0
0	0
0	0
0	0
0	0
0	0
0	0
3	44
3	44
1	37
0	27
114	950
3	918
27	30
15	35
0	38
6	36
15	0
0	27
2	0
0	0
0	0
271	40
749	40
4	27
0	27
1	1
0	3
0	563
15	55
0	581
12	265
436	532
5	164
4	365
0	328
0	5
7	99
0	4
13	805
0	7
9	719
0	1134
4	0
6	0
0	946
247	1273
12	1139
0	0
122	1109
13	944
42	92
2	907
61	710
1	10
0	0
2	470
0	442
5	218
5	395
0	53
4	165
1	221
0	175
0	99
2	113
0	3
996	687
12	285
1	46
1	299
1	396
0	0
1	0
460	447
0	330
0	32
1	48
0	84
5	0
100	2586
6	1
5	46
33	2403
1	1847
0	25
0	0
3048	955
4	671
3	84
0	135
2	303
0	0
0	259
15	193
0	142
0	37
20	2021
9	282
355	2368
0	429
8	78
122	78
0	9
0	0
3	9
47	0
2	2293
0	0
0	1910
57	2294
0	2210
4	2061
0	85
29	1237
1	0
0	0
0	0
0	0
0	0
988	62
0	33
0	36
20	2590
2	2074
8	1476
0	1627
14	173
2	1690
0	12
0	2442
0	2296
4	0
0	4
4	279
10	1227
23	193
0	24
15	321
0	0
0	0
537	15477
114	12961
7	14566
0	2772
0	1412
4	3282
51	145
0	128
1	157
5	50
0	0
0	0
0	0
2	9
197	52
1	43
5	0
0	1763
0	1763
3	2506
3	72
0	364
59	2486
0	0
4	467
6	429
0	384
25	143
0	53
0	23
14	2559
1	648
0	80
7	89
0	224
23	236
0	8
0	543
1	319
0	113
2	306
0	153
2	153
0	2726
0	0
0	0
0	0
0	0
3191	127
5	125
3	44
9	44
0	0
0	0
0	0
895	1162
0	1158
3	105
0	0
5	19
15	41
0	173
116	1645
2	1645
0	7
0	1
16	17
0	17
143	0
0	0
0	9
0	9
0	0
0	1
79	102
11	102
0	222
5	447
37	356
4	55
20	254
1	27
3	16
2	48
0	45
2	1
0	0
1	17
186	1553
3	1465
24	24
0	84
4	206
0	102
2	2
2	85
3	0
0	97
0	106
0	75
28	227
0	79
1	24
5	91
13	65
54	135
0	0
0	0
0	0
137	781
152	781
0	26
2	26
1	3
228	154
20	116
27	53
0	0
0	41
0	29
3	20
5	0
0	39
0	0
25	682
0	606
7	638
0	367
0	251
3	39
0	8
2	17
2	51
6	4
0	50
2	22
0	1
4	1
11	244
6	278
34	175
5	127
7	1
0	1
42	11
0	6
0	0
0	5
0	0
0	0
0	0
0	0
48	9
0	0
0	0
0	0
0	2
4	366
123	661
0	327
1	56
15	0
0	0
0	0
305	26
3	10
0	16
0	66
31	99
12	33
0	121
0	125
8	125
4	141
80	144
2	65
1146	251
12	20
0	38
0	72
0	32
0	26
8	13
1	51
0	36
0	0
0	0
0	0
0	0
69	234
6	242
2	12
4303	3749
2	3439
2	3243
37	2308
0	2102
0	0
11	1619
15	144
6	30
11	11
399	52
33	53
0	1
0	0
1	0
95	35
0	0
0	21
0	34
0	2
424	0
0	0
11	1
1	1
97	201
10	201
0	0
0	0
58	27
0	27
1	0
70	115
10	84
1	18
0	99
0	0
0	0
0	0
0	0
845	1201
7	740
3	256
0	119
0	214
31	12
361	1
41911	17898
0	7537
2	10233
0	3222
138	0
152	196
24	95
20	219
33	40
5	9
0	261
0	339
0	287
7	238
0	23
0	24
28	0
0	0
0	0
10	12687
27	11721
13	2525
7	1605
1	1987
1	77
0	1
4	1288
0	0
2	0
47	201
12	0
0	389
27	290
3	325
0	283
6	74
3	366
0	92
1	18
0	233
0	1
0	389
101	402
2	5
0	74
0	329
0	0
5	246
35	249
0	4
5	185
0	0
11	49
10	49
12	68
0	69
8	95
1	78
0	3
0	3
0	14
47	76
0	76
8	0
0	0
0	0
0	0
424	0
0	0
4	2761
2	2273
7	444
1	12
6	718
15	165
6	209
172	167
10	39
0	980
13	47
0	17
0	0
0	0
0	0
572	134
0	122
0	44
407	150
167	212
125	195
28	0
1	67
0	176
0	139
1440	2313
0	2238
493	226
3	179
0	47
7	831
35	832
4	1
0	0
0	0
0	21
0	24
0	17
0	3
13344	23225
206	23327
259	22833
0	21529
0	19886
0	1294
5	100
0	668
1	609
0	58
8	520
114	591
0	129
1	0
0	649
0	544
1	101
1	130
0	29
0	0
0	0
0	0
0	7
0	7
0	7
0	4
0	4
333	1089
1	922
0	796
2	21
0	518
0	20
0	34
8	1072
2	950
0	671
21	726
31	1022
7	1072
0	190
6	263
3	267
16	201
1	14
0	270
0	893
576	1044
1	201
2	174
0	268
4	0
2	0
0	0
0	0
0	0
0	0
0	0
114	22
0	21
20	556
23	309
1584	618
0	140
341	735
13	313
1	28
31	8
8	390
0	50
158	77
0	77
1	105
0	170
124	170
0	22
4	12
0	0
22	3
0	3
0	3
0	0
93	184
0	151
0	74
6	57
0	0
0	663
2	629
0	814
0	1480
18	1451
2	1420
0	1488
0	862
0	854
0	815
0	1
0	0
11	879
10	1
0	2
3	185
0	56
0	107
7	109
0	48
2	81
0	0
3	0
2	15
0	3
0	0
0	0
0	0
0	0
0	0
0	0
0	2
21	54
4	7
703	240
24	232
10	8
0	8
59	347
1	0
1	343
1	0
0	4
0	18
0	19
0	4
1	10
1	5
0	0
0	31
0	368
9	353
0	339
0	361
17	171
4	135
0	5
2	5
0	3
0	2
0	2
0	1
1	1171
1	1052
0	347
2	182
28	74
0	0
0	3
0	3
0	0
0	0
38	55
0	55
13	6
3	0
2450	635
1	25
0	610
0	8
0	10
0	6
0	6
0	0
0	0
0	0
2	0
0	2053
0	1621
0	2053
1670	68
9	6
9	61
2	0
0	0
2334	2
4259	4
2	7031
557	7031
3	719
0	1
0	0
0	0
51	884
0	905
9	888
12	837
0	894
0	780
13	117
1	23
1	8
2	2
2	1750
39	2141
20	2028
22	2152
0	1929
52	2128
0	1763
66	23
0	1929
0	1
0	1
0	454
26	758
2	320
2	0
1	10
0	197
2	0
3	0
9	16
0	0
0	16
0	3
0	3
0	0
0	5
0	3
0	0
0	0
3	39
0	40
0	37
0	8
0	19
0	8
1	2
1	3
0	6
0	0
17	140
0	89
3	79
3	43
273	2
0	2
1193	0
2	37
9	0
11	260
314	153
1	229
1	74
29	297
478	771
7	771
1	265
1	10
0	436
0	98
0	33
89	599
0	194
19	441
1	3
2	38
0	5
0	51
7	51
2	48
0	32
1	3
0	2
0	2
0	2
0	0
0	2
1165	0
1	0
0	0
1	0
0	0
0	0
9	0
0	0
559	1722
0	567
5	0
3	2
0	397
7	116
0	851
0	0
2	40
2152	1
0	38
0	27
6	12
5	2
0	7
0	4
0	18
29	430
12	460
0	264
1	51
214	6669
102	7761
0	282
2	1822
199	1
1	1531
0	11
1	25
0	151
0	76
1	106
0	14
0	1299
0	1531
0	153
4	124
0	78
1	85
18	1
11	29
0	33
0	178
0	0
0	0
0	0
0	0
0	0
0	0
0	0
0	0
0	0
0	0
0	0
0	0
0	0
2	45
7	3
0	77
14	257
110	219
14	168
0	18
0	111
6	294
2	20
1	25
0	40
11	37
132	890
9	890
1	25
0	0
0	0
528	202
1	67
13	177
4	353
31	353
0	0
0	0
0	0
0	0
6	0
0	0
0	0
0	0
0	0
0	0
5336	124
0	119
0	1
0	0
222	694
2	340
0	356
1	356
2	36
0	0
13	0
1	0
0	0
0	0
0	0
21	4
1	4
230	61
0	61
2	55
0	50
0	5
1	26
2	1
2	0
0	20
1	0
7	0
0	0
0	0
0	0
18	389
21	79
0	72
0	110
0	390
2	18
73	1538
0	5
0	96
0	70
0	1507
3	3
2283	1014
0	1008
0	26
0	0
0	0
0	0
0	0
0	0
136	0
0	0
0	0
0	0
0	1
0	1
0	0
0	0
0	0
0	0
0	4
909	59
0	0
0	0
1	0
0	0
279	5876
162	5876
0	0
4	1
0	1
0	0
0	1
9	0
16	161
0	6
4	105
0	106
2	108
1	84
0	13
2	4
2	1
0	0
0	105
0	0
0	0
2	1476
1	729
23	575
0	518
0	212
10	1006
1	0
574	3681
3	3640
3	275
1	22
1	6057
1	142
79	7136
144	7221
1	85
0	115
155	7231
2	1694
7	7
0	2
0	7
0	7
0	2
0	1
207	1303
1	1184
1	230
22	74
10	0
6	73
7	48
30	87
0	168
33	108
42	669
1	670
0	131
4	2
0	693
0	0
0	0
60	39
0	12
0	2
0	25
66	3976
17	3831
18	3696
6	52
0	155
22	902
2	0
7	2650
2	113
0	2358
5	71
32	1387
1	1091
41	515
417	245
8	58
9	8
37	112
0	0
0	0
0	0
5	55
0	53
2	13
0	0
0	0
912	570
0	343
2	0
1	223
2	226
0	19
4	0
0	227
0	227
4	161
1	215
0	57
20	208
0	226
0	125
2	62
0	25
0	22
11	10
2	10
5	10
0	225
0	225
0	187
0	219
4653	19016
18	17461
8	19113
3	2091
6	465
1	37
0	85
0	19
1	33
0	22
0	2091
49	0
36754	16398
1153	15673
18	2830
3	603
1789	1993
4	386
8	15
7	483
2	74
0	503
11	556
6	72
2	467
26	120
1	27
0	0
0	7
0	5
0	33
0	0
0	53
3	5
1	2
183	2914
28	2907
9	2371
0	97
0	464
1	0
0	265
2278	2620
0	917
1	1385
0	1233
0	520
0	94
0	1392
180	1240
7	607
0	868
0	251
348	490
0	479
0	25
0	67
0	0
0	1
0	481
0	11
14	296
2855	299
13	15
11	15
4	0
19	0
56	302
79	3616
460	4062
0	1753
0	1519
0	61
2672	1
0	0
0	0
0	0
0	0
340	862
3	834
2	0
50	607
7	862
3	160
1	208
0	443
0	32
0	553
0	78
1	143
0	322
1057	0
0	0
0	0
0	0
6	0
0	64
5	74
0	1455
1	700
1	1364
11	1451
20	1218
1	158
0	951
8	48
0	48
0	0
0	37
0	107
0	0
0	0
83	0
0	0
0	0
2382	186
9	120
0	59
0	5
0	0
0	93
899	95
1	4
0	33
11	86
155	157
0	119
5	1
4	27
53	653
0	8
31	482
0	372
0	62
1	133
1	110
0	115
5	24
1	1
0	0
0	0
0	0
0	2301
0	2349
0	2541
0	2600
2	108
2	266
3	9
7	186
0	137
0	162
2	110
9	130
4	20
5	1
0	158
0	2716
0	2739
61	0
1	0
1431	226
7	0
0	0
1500	430
7	91
0	211
0	165
212	33
6	2
2	33
0	0
0	0
0	5
0	6
1	6
9	0
1	5
0	0
0	0
1457	363
0	361
0	102
0	84
0	14
1	45
1	3
4	64
126	253
0	7
2	80
43	252
2	12
10	34
2	29
0	14
1041	163
0	12
3	138
3	25
107	828
8	35
2	70
0	17
1	1
0	331
514	249
0	223
4	123
5083	2293
6	1095
6	1250
2	1249
0	1249
0	507
8	302
11	306
0	0
0	0
0	0
0	0
0	0
1	35
0	0
0	0
0	0
0	0
0	0
0	0
5	0
0	1
0	1
0	1
3013	1519
699	3378
0	2809
0	2987
0	3
2	2
1923	1224
0	449
7	746
11	745
0	3
643	818
0	145
0	0
0	14
0	585
0	2
0	2
0	27
0	26
5	26
1	3
5	3
0	0
0	0
0	0
5	1261
35	31
0	1261
275	1
0	0
0	0
0	0
147	19
0	3
0	16
0	5
3	10
0	10
1	10
0	0
1	1
0	511
13	557
2	254
0	0
0	0
0	0
0	0
47	838
1	167
5	270
0	0
0	756
4154	1049
0	958
0	181
7	87
145	162
0	2
4	63
2	91
6	6
7	31
20	1
7	45
5	0
0	1941
2	0
5	1198
1	1198
14	1182
5	960
24	1978
0	0
0	1027
29	1840
0	127
0	57
1	76
10	70
1	0
0	1873
0	0
0	1
0	1
124	4358
0	99
0	376
14	239
11	2504
3	143
1	58
1	346
6	4354
0	0
18	2
2	38
0	14
5	13
2	11
0	54
0	40
0	38
0	0
746	2
1	135
2	123
135	541
0	395
72	392
0	56
4	0
0	0
0	0
0	0
0	0
7	3344
103	3698
1	395
100	1018
0	1369
1	196
3	285
27	512
34	1486
16	1374
0	400
0	590
127	547
49	598
0	0
0	1
0	9
0	1537
0	0
0	0
0	0
0	0
0	0
0	0
3	327
0	415
1	78
11	288
0	174
0	73
6	84
8	174
0	57
0	375
275	1282
4	1117
334	596
3	1
2	0
266	1390
1	1312
1	543
2	13
1	0
0	0
10	21
94	0
0	0
0	6
0	964
0	901
14	899
2	827
10	785
1	848
1	8
0	753
0	751
0	680
28	656
2	0
18	35
0	35
0	125
10	269
43	269
3	2
0	0
0	3
0	5
0	5
977	689
0	437
4	1
1	312
1	188
0	1
2	452
4	1066
31	812
0	731
0	34
2	0
0	40
409	2106
0	1477
0	1905
0	691
7	303
13	231
3	102
162	0
13	486
0	0
0	0
0	0
43	2256
0	38
1	2113
0	2084
0	32
0	1
3	1
0	57
0	214
3	710
5	346
30	323
1	278
0	98
107	172
119	43
1	0
0	18
1	37
0	148
359	12
0	11
0	0
0	0
0	0
0	0
0	0
0	0
0	0
77	52
0	45
6	48
3	48
0	0
0	0
0	0
0	0
0	0
1	124
6	118
0	5
0	13
0	0
0	0
305	132
1	125
0	36
8	13
5	0
0	0
0	0
1417	327
14	245
145	80
7	0
0	0
0	0
0	0
0	0
0	0
0	0
0	0
0	0
0	0
0	0
6	13
7	13
10	0
46	71
0	7
2	0
0	65
3	42
1	30
0	2
3	23
3	22
0	29
0	3
0	3
1620	110
0	19
0	119
0	112
14	102
18	151
0	6
0	106
26	88
1	16
341	39
0	0
1	1
6	0
0	1331
5411	1335
8	421
3	432
0	0
116	28
1	28
0	13
23	28
0	21
0	9
0	0
0	2
0	0
0	5
235	469
4	43
0	4
49	448
7	370
0	53
2	37
9	176
6	186
3	24
4	24
0	21
0	16
0	8
0	1
0	2
0	1
0	0
0	6
1	15
0	24
0	28
14	26
0	12
0	0
4	2
0	26
121	9
0	3
0	4
0	2
3	0
154	312
5	23
24	313
1	0
0	186
0	0
0	0
0	0
0	0
1	0
9	0
2	0
0	0
2	62
7	46
1	35
0	229
116	231
0	0
0	9
0	197
0	176
3	102
0	79
0	9
0	45
4	45
5	0
0	0
0	0
0	0
0	0
0	558
115	380
0	556
2	157
0	160
0	103
0	99
0	111
0	82
0	79
0	83
0	0
0	33
8	42
1	21
68	42
0	1714
110	6597
0	287
0	2035
0	1
31	41
1	28
0	411
6	355
5	117
1	224
0	6685
6	2
0	4
0	2
0	0
0	2
0	0
2	9
2	120
1	5
6	22
8	111
0	6
0	104
1	93
0	3
0	3
0	52
1731	2
0	2
18	0
30	33
1	33
0	15
5	49
352	240
1	218
1	44
244	9559
0	2661
123	9796
0	8439
1	8685
49	8888
176	5382
59	5207
107	2556
0	3717
1	2955
0	838
0	3243
0	21
0	32
0	3329
0	1243
0	1366
0	69
3	309
142	23
0	23
0	0
13	517
15	129
14	234
0	931
1	894
19	673
2	144
76	66
1	66
0	62
26	344
3	248
17	182
0	0
0	0
0	3864
0	3637
172	4273
2	2156
1	268
0	3637
42	895
7	184
8	1534
14	1424
0	655
0	1060
2	118
2	9
0	0
0	39
2	43
0	43
7	31
0	0
0	0
1	0
4	8
0	0
0	0
53	0
0	1364
709	1374
0	658
14	124
3	311
3	171
10	630
3	610
5	16
0	17
0	189
0	63
1	1
0	38
0	34
1	255
4	1121
2	1121
1	685
271	685
27	1037
3	1037
0	0
0	0
0	0
0	0
0	0
0	0
3	19
1	19
0	0
1	0
0	12
0	12
0	68
0	7
0	9
0	8
0	5
0	5
0	3
0	12
1	17
0	17
0	0
0	0
19	226
0	13
5	226
1560	0
0	81
988	471
3	298
4	9
7	36
58	121
25	2811
104	2849
71	2380
28	34
0	45
3	2852
0	0
4353	1966
0	1961
0	1868
1	402
1	77
0	366
31	5640
11	5315
122	4199
4	2827
60	2263
319	5
38	2302
4	2739
414	2700
50	2278
0	35
2	0
304	14
3	14
0	0
12	3298
1042	3340
14	2323
14	1633
0	77
0	2
12	77
0	14
0	0
10	838
0	407
415	835
28	56
2	56
1739	474
41	308
4	294
2	224
2	44
0	15
0	4
0	11
2	0
973	1947
69	1607
14	997
0	1692
21	4
0	4
0	2
0	0
786	192
6	192
14	0
0	0
7	1588
65	1548
0	3
4	135
1	41
2	38
0	11
141	246
0	278
48	1225
389	1226
0	183
0	132
0	1328
0	1350
81	849
0	733
9	290
0	596
7	74
14	48
2	146
22	46
0	28
7	1348
88	5949
3	5563
0	3147
0	2845
5	2796
31	2778
17	2879
20	2840
67	2701
0	295
34	197
7	89
3	29
4	2
90	343
0	150
4	140
0	62
2	102
15	90
5	14
0	12
49	98
1	140
14	117
140	1618
119	1621
4	239
6	532
0	149
4	199
0	51
707	6509
0	197
0	6315
7	14
4	15
2	179
0	115
0	623
4	785
33	0
682	912
14	741
13	21
0	0
4	156
0	0
0	0
335	1117
0	864
0	1124
0	921
8	7
0	65
0	84
0	0
0	3
0	0
43	0
771	0
1888	6
32	5158
134	2546
0	150
237	4945
5	218
0	3
0	5138
0	1
0	1
0	2253
244	2253
0	298
1	9
1	446
0	212
0	138
0	0
6	0
21	0
3	0
65	297
0	299
31	248
0	270
3	240
0	229
1599	2961
1	2586
169	2953
44	1209
275	1209
1	0
634	612
0	1113
4	948
12	2
167	389
6	74
1	316
0	58
0	25
8	159
0	293
0	0
0	11
2	92
6	3
1	26
793	12583
80	11726
0	1213
7	90
4	54
0	469
98	7100
85	6738
2	4274
71	6615
18	7
31	257
17	699
41	185
470	185
65	155
34	155
0	44
5329	5131
0	1141
1	291
7	5098
0	474
0	21
0	308
27	149
5	159
2	112
6	16
0	22
0	811
270	601
5	164
16	85
10	111
8	255
4	332
0	0
3	319
4	52
2	151
0	177
17	3
0	3
413	2225
0	2291
0	893
1	0
4	1017
0	1233
1	466
3	291
0	335
3	322
0	5
5	0
0	0
0	0
837	82
0	12
3	69
0	0
0	0
1227	2965
11	2572
15	444
35	2456
2	2402
0	1881
0	1574
0	1900
23	243
0	170
0	0
85	3
0	3
0	0
39	214
520	229
1	32
25	16
22	12
5	1
756	5
0	5
658	289
0	265
0	160
0	40
2	158
87	697
37	163
0	246
0	50
0	650
1	203
0	1888
4	1874
0	1332
0	837
0	928
0	829
1	869
0	854
5	906
0	867
0	867
0	842
1	14
0	99
4	0
3424	2294
0	2095
10	223
0	159
42	187
6	158
1	70
19	118
0	7
1	5
0	21
4	2
1	31
6	2
0	0
0	0
1	0
0	0
0	0
0	0
0	0
1	0
0	0
697	1
0	1
17	903
0	1209
0	531
0	411
0	437
0	159
1	346
0	269
1	22
0	19
1	8
3	60
4	349
2	364
0	52
0	1
3	100
0	51
1	55
1	60
0	1
3	13
1	14
0	56
1	35
0	1
156	0
1	0
0	1
0	1
204	160
0	99
38	59
0	2
0	0
0	0
0	0
0	0
0	0
0	0
0	7
0	0
0	0
2	0
0	6
0	0
5	7
0	5
0	0
0	0
0	0
0	1
0	0
0	0
1	0
3	8
0	3
0	170
0	8
3	5
0	135
0	167
2	1
3	5
0	29
0	12
1	17
0	2
0	0
0	0
310	93
1	13
0	5
0	75
0	5
101	0
0	0
3	0
0	0
0	0
21	2071
115	1857
0	1308
7	267
4	54
0	69
0	16
0	3
0	26
0	21
0	0
12	9
0	2
0	123
0	145
6	2689
2	265
2	1605
0	2638
2	1651
7	0
0	1646
43	2648
0	1671
0	2713
0	12
0	1647
0	2684
0	209
0	0
0	2684
1	0
60	0
0	0
0	0
341	858
0	217
2	495
30	701
60	24
0	127
100	1406
0	12
83	1093
32	1032
517	909
0	38
0	650
2	0
0	255
4	101
441	1051
0	0
8	1051
0	194
0	290
2	418
3	0
0	0
0	0
54	719
11	727
6	727
0	667
29	529
1	287
0	325
1	321
9	321
0	331
1	235
1	92
0	0
3	413
3	359
0	39
8	347
25	9
0	1
1	0
0	19
0	6
398	884
3	884
7	6
0	562
0	534
0	602
1	676
26	500
0	133
1	6
5	217
0	239
0	0
4	0
0	245
6	0
0	0
1	0
0	0
2	0
0	0
0	0
0	0
0	0
0	0
0	0
0	0
0	0
10	566
69	566
0	448
9	162
0	70
8	76
0	12
0	4
0	1
0	0
0	0
0	3
0	0
0	0
27	4
2	4
0	0
0	0
0	0
0	0
0	0
0	0
0	0
0	0
36	1
1780	2
0	0
0	0
1436	1928
458	1979
0	1023
22	718
18	1358
11	221
0	2
2	98
1	225
0	73
3	0
0	1
0	0
487	1766
44	1725
0	580
17	432
0	3
102	0
0	0
0	0
216	1096
84	1105
5	899
0	702
5	98
36	2084
0	1
0	1795
0	574
0	6
0	92
6	438
0	213
228	2
0	4146
4	138
165	4236
0	1
0	0
8	51
0	0
0	0
20	0
1	29
4	0
0	0
38	0
0	9
0	50
293	1235
3	107
18	39
0	11
0	8
14	8
0	1
0	1205
1	434
0	376
0	256
2	198
10	107
0	0
16	0
0	0
0	0
328	0
0	0
0	0
81	1496
8	506
7	1056
109	2067
9	1039
4	447
99	2224
3	15
19	2120
4	1618
0	2215
157	1900
2	2677
1	2831
0	3149
50	2865
2	2863
38	1337
0	277
0	345
0	181
2	65
2	16
4	3034
1225	135
2	135
95	7
0	7
604	5295
17	5295
20	28
8	154
4	55
1	239
3	283
13	897
6	577
63	825
0	77
1	60
4	111
0	181
11	114
1	84
1	1
0	897
6	6127
37	6066
25	714
8	215
63	24
0	0
13814	4380
1	3823
0	99
2	60
10	1225
90	3674
20	3453
0	1935
0	930
0	232
2	1400
5	257
11	116
6	42
0	10
0	10
1	6
0	0
0	9
0	8
0	0
0	0
132	1338
38	1143
29	657
25	89
16	41
4	34
11	14
3	68
1	19
9	448
3	105
0	14
15	30
0	2444
0	1144
3	6
5	1
6	326
17	293
14	225
2	3
1	3
11	137
2	47
0	3
4	0
0	2443
999	780
1	733
0	0
0	46
511	1396
74	1339
0	349
30	312
35	257
6	42
0	0
1	583
85	3553
467	3554
1	585
487	1
372	980
14	985
0	17
388	233
0	233
0	0
240	81
0	81
0	0
1538	618
6	592
3	181
0	51
0	0
4396	2060
6	128
138	2098
22	1930
1	84
0	88
1343	88
19	3
0	3
440	0
0	7
0	4
0	7
325	496
0	236
1	0
0	0
7	260
0	0
0	0
0	0
0	0
0	0
0	0
0	0
164	1864
71	1712
1	1485
10	1648
1	19
0	64
1	485
0	282
0	1562
2	22
209	137
1	11
0	126
0	30
212	741
0	30
6	337
15	195
0	561
0	449
0	368
0	538
0	0
0	0
33	517
2	193
0	371
0	120
0	56
1	1694
4	1
0	124
167	777
0	153
0	207
1	2
0	0
0	1694
71	0
1071	0
0	0
0	0
0	0
0	0
0	0
0	0
0	0
0	0
0	0
80	3719
2	3726
0	3600
2	3718
0	3497
47	3110
36	3133
0	1464
232	899
19	7
23	149
0	3576
3778	182
2	181
0	0
485	3614
0	596
6	3601
0	566
6	1810
7	198
60	132
18	48
0	3
0	0
0	0
22	3217
0	2879
1	351
0	2783
0	350
0	3107
0	5
57	0
0	555
4	425
0	491
0	204
8	208
1	215
3	205
0	0
482	256
1	256
0	0
0	0
0	0
20884	2142
0	1914
0	1317
11	1
0	0
0	211
1576	181
13	181
37	18
0	753
0	0
0	547
4	828
1	4
0	47
0	111
0	844
1	770
0	2
32	51
2	275
25	275
0	7
61	1507
2	715
2	100
0	1435
0	0
110	529
12	47
1	13
3	376
0	199
1	65
0	0
0	0
0	0
0	0
0	0
0	0
0	0
23	401
6	404
0	0
0	0
0	0
0	0
0	0
0	232
0	23
0	35
0	38
0	68
3	94
17	271
0	54
0	55
0	270
0	0
0	0
0	0
814	922
7	413
28	502
0	825
8	9
0	0
0	0
13	182
1	96
0	96
1	100
0	91
3	96
2	85
0	4
0	4
6	275
1	1
28	122
5	270
1	127
0	128
2	91
1	7
2	31
0	4
1	31
1	2
5	227
17	245
0	85
0	42
1	14
5	484
0	483
0	480
9	483
0	380
0	466
0	0
2	66
2	245
5	12
0	1
0	0
4	483
0	34
0	34
3287	877
1	851
3	23
20	5192
4	372
70	7391
0	3
21	360
34	360
5	225
4	310
0	171
0	0
118	0
2	65
0	253
14	218
0	146
2	98
6	1
0	2
0	0
59	340
0	333
5	148
0	44
18	0
0	5
0	1
0	0
0	5
0	5
4	106
14	106
0	105
2	38
12	18
10	1785
0	717
0	1759
4	1254
0	86
0	95
0	125
2	159
13	149
4	5
1	22
0	0
0	0
0	0
0	0
115	92
0	52
0	40
42	241
19	9
0	75
162	488
0	501
0	98
3	82
14	23
32	1
0	0
0	0
0	1
0	71
0	103
0	0
56	432
6	151
41	329
2	387
0	6
2172	55
1	44
0	2
0	11
0	19
0	4
4	12
0	29
0	0
0	0
26	337
0	262
3	145
0	186
8	1
1	450
804	509
10	507
13	74
5	0
83	1879
0	1457
20	1792
0	158
1	274
7	12
26	20
6	20
0	0
0	526
6	172
3	78
3	9
1	1
0	104
1	526
0	0
0	0
3	1347
8	1628
17	107
0	1519
10	1627
0	714
17	223
1	6
0	10
0	9
6	56
7	943
2	96
0	3
0	93
20	7
0	1
0	3
0	5
0	1
0	1
0	2
0	3
0	3
0	2
0	7
0	1
0	4
0	2
0	4
1	1
0	1
0	0
0	0
0	0
0	0
0	0
0	20
0	23
0	102
480	8495
1338	8495
0	0
0	0
0	0
0	0
0	0
0	0
110	244
95	263
512	246
0	263
10	241
0	0
0	0
0	0
0	0
0	0
0	0
0	274
1	143
0	269
0	40
0	107
1	76
14	0
52	285
0	0
4519	695
62	607
2	103
2	14
1228	248
0	114
8	167
24	199
0	96
1	0
5	5
0	0
0	193
0	2
0	2
0	2
0	3
2	3
6	0
0	14
380	514
9	274
0	56
0	29
0	211
37	5112
65	3975
0	3034
120	1113
139	918
2	79
10	2
0	5111
0	0
0	0
0	0
0	0
0	9
0	0
0	0
0	0
0	0
0	0
0	0
0	0
5	523
1424	524
0	0
0	0
29	1959
1	2
0	1687
0	8
0	2419
0	1559
0	161
0	0
1	162
0	4
1065	2457
1	1924
0	1643
0	1813
0	1
0	0
1	1999
0	2474
20	494
0	1786
2	1601
0	1872
12	20
0	2422
0	227
1	1
2	45
3	232
0	30
1	1046
0	347
0	217
0	230
1	72
0	37
50	357
2	3866
511	7203
1	890
478	6952
0	0
0	0
8	283
6	10
26	276
1	3
82	79
4	2
1	77
0	0
0	6
1	3
2	2
12	1004
8	541
26	992
9	746
4	0
5	306
9	371
7	92
11	109
0	0
96	605
1	56
33	184
0	0
0	605
1	4
0	0
0	4
0	4
0	0
4	8
0	7
0	0
1535	2097
0	15
3	122
0	155
0	26
0	2095
441	1
0	0
0	0
0	0
0	0
0	0
0	0
0	0
0	0
1	15
0	0
0	15
0	0
0	0
20	111
0	49
24	111
0	34
0	75
4	6
1	9
1	1189
1251	783
2	44
0	6
1	0
11	679
48	64
0	1
0	2
2	1
0	64
187	162
0	62
1	9
0	13
2	84
0	4
0	36
0	45
1	8
0	6
0	0
0	0
9	28
0	0
0	0
2	64
14	77
1	4
3	22
6	60
0	13
1	22
0	18
156	780
0	779
0	64
1	75
0	0
0	0
717	829
0	720
1	299
0	0
29	32
20	95
0	0
0	55
0	30
1	52
0	55
0	0
186	1214
5	37
1	1162
0	290
13	418
4	400
1	400
0	61
0	18
0	0
0	0
4	0
16	0
0	0
308	1405
122	21
22	1310
19	87
0	188
16	33
0	269
0	253
0	248
14	247
0	115
0	253
0	863
40	863
0	147
0	37
0	37
37	2
0	0
432	17
12	17
0	0
0	691
41	761
0	751
73	1035
75	1210
3	234
138	607
27	384
0	47
8	801
2	596
0	180
0	4
0	158
0	132
1533	2608
0	0
1008	2608
0	14
0	0
0	0
68	1305
21	67
5	1295
0	2
36	0
0	1
0	1
259	159
0	65
1	85
0	67
0	58
0	6
0	13
0	2
680	1
1	52
0	56
0	12
0	14
0	0
0	0
0	7
1	0
0	47
5	0
0	0
0	0
0	0
0	5
0	0
0	5
0	5
0	45
80	201
0	34
0	0
0	16
0	6
0	47
1	149
0	3
0	0
0	3
0	0
0	0
0	0
0	0
1	271
1	312
0	287
0	87
0	13
0	4
1	285
0	160
0	290
5	161
0	78
0	110
2	19
1	25
2	378
34	379
0	8
0	12
10	8
0	0
6	19
0	47
0	37
4431	2155
0	2144
3	148
2	9
0	18
0	4
0	0
0	0
0	19
343	226
3	171
4	183
0	0
0	0
18	45
10	588
16	613
1	585
0	576
0	0
14	0
1	28
2	138
2	135
0	5
0	2
0	143
14	1336
8	2749
3	2517
17	16
111	40
0	40
797	1638
0	1562
14	1334
0	615
0	80
13	83
1	8
1740	613
23	610
8	483
9	35
0	267
27	447
35578	34
0	1342
0	1181
0	1304
0	1199
1	1023
31	802
1	974
7	432
4	0
8	114
1	177
117	115
0	115
0	0
6	167
0	156
3	11
0	11
8	11
0	377
213	1
0	1
0	10
0	10
1	10
650	553
0	23
103	548
31	27
0	10
2	0
30	82
233	84
163	117
1	0
3	117
3497	4267
0	2461
21	62
590	2103
44	118
7	360
6	368
0	243
72	42
0	38
0	22
0	37
0	0
13518	39
0	34
5	1
179	0
0	0
0	0
1157	2311
0	2102
0	49
0	5
0	221
1	4
0	4
0	1
0	1
0	0
100	16
9	14
0	4
0	0
0	1
0	0
0	0
0	0
0	1
44	3
0	1
0	2
0	0
0	0
0	0
29	755
88	857
0	1
0	23
2	109
9	58
5	19
2	4
14	0
108	12
0	6
0	6
0	0
0	0
0	0
701	1876
1	1863
7	909
0	3
2	687
32	848
17	836
4	575
0	0
11	1131
1	1037
0	353
0	283
63	89
0	1
0	189
0	49
2	130
43	176
4	356
0	42
68	1189
48	49
11	13
3	347
5	232
5	366
68	981
3	113
1	93
0	65
7	173
0	143
3	127
4	140
97	46
0	0
101	1376
2	2
137	1654
95	37
2	491
1	278
0	491
17	164
0	1
1	481
12	987
49	1050
14	987
4	983
0	71
0	0
0	0
0	0
0	6
2	14
0	5
0	1
0	0
0	3
0	14
1	28
3	15
0	0
12	40
3	13
1	14
0	13
0	13
1	13
0	13
0	13
2	5
0	5
0	0
0	0
0	0
0	0
0	517
14	509
1	1
0	26
108	498
0	35
0	310
0	306
0	51
0	120
0	13
0	44
0	1
0	24
3	24
17	32
0	301
0	342
0	0
0	0
0	0
0	0
458	30
0	20
3	28
0	0
1	2578
37	2155
0	0
0	2578
0	141
5420	452
10	307
5	165
74	33
11	667
64	3
762	3405
5	1
0	619
0	529
0	782
9	115
8	1167
1	0
2	416
11	0
0	0
7	347
0	466
18	997
6	312
1	42
18	396
1	1300
3	0
0	1396
3	5
0	0
0	0
0	0
0	0
0	0
0	530
0	778
0	141
3862	939
0	53
10	0
0	0
1960	178
3	129
0	116
0	137
0	124
7	1
0	0
0	1
0	0
0	1
0	0
0	0
0	0
532	581
4	1
0	312
1	26
10	581
0	14
0	8
0	10
0	8
0	0
24	92
5	2719
0	1580
26	2707
0	2345
13	2507
6	35
2	236
17	0
1	18
3	157
586	2557
0	2018
13	902
2	9
6	448
6	465
37	445
0	210
0	402
8	356
28	160
36	819
18	692
2	612
1	314
35	443
2	12
8	225
0	0
35	67
9	2299
0	1473
127	66
2	688
0	0
1	182
6	740
1	1332
0	1479
1	37
0	0
0	101
2	3
0	1052
0	173
0	109
0	71
0	19
1	165
1	1
0	1228
2	78
2	5
0	5
537	1178
1	988
23	325
32	130
2	0
3	5
7	5
0	5
0	0
0	38
5	53
0	11
12	399
238	454
2	454
0	44
0	77
6	2391
7	1380
0	1
0	0
29	651
3	518
0	661
0	47
0	83
0	0
0	0
3	27
0	0
3	8
1	98
0	0
0	0
0	0
0	0
493	188
0	64
2	123
1	0
0	3
0	16
0	1
0	1
0	126
0	120
1	21
0	0
0	34
0	5
0	1478
0	2376
1859	3044
1	255
9	2067
0	2695
0	69
4	369
0	384
0	2
4	4
0	269
0	169
4	626
2	29
0	185
3	138
0	188
0	0
0	0
652	1660
103	1514
48	259
6	652
18	0
0	22
230	1075
0	477
43	709
98	1074
0	378
0	7
13648	6
0	0
50	751
6	740
0	22
0	30
11	15558
140	17180
213	15768
0	15886
0	564
31	1603
0	1583
0	1580
7	949
0	0
3	87
702	18
0	18
1442	1061
7	968
0	842
0	31
4	235
0	49
0	0
0	0
2672	424
87	424
0	13
0	0
1	74
0	0
0	0
1	3
0	3
0	1
0	3
0	0
0	0
0	0
48	340
1	339
0	2
0	1
0	1
238	1
1870	587
1	141
11	497
0	20
38	172
2	52
1	0
0	180
6	183
3	37
0	187
9	4
0	1
1772	1413
12	1409
1	574
0	95
51	445
41	395
0	141
0	3
0	79
0	28
0	43
12	93
702	106
0	18
0	83
7	121
0	8
13	0
1	50
6	32
0	2
0	1
0	0
0	0
0	3
0	4
0	0
0	4
0	4
37	290
21	290
11	12
1	37
3	30
0	47
0	0
0	0
0	231
0	186
0	63
0	218
3	162
3	0
0	0
0	231
1	0
0	0
0	7
1	9
3	0
0	0
0	0
0	11
0	0
0	3
0	201
71	201
0	0
83	500
0	73
0	436
0	45
0	22
0	4
0	145
9	124
0	104
0	121
3	122
1	112
1	55
5	107
0	61
36	16
56	218
16	218
376	683
3	32
0	335
1	447
0	93
641	447
4	216
0	99
0	0
0	3
0	0
47	1396
14	1372
10	406
0	180
0	48
1	42
0	79
1	73
0	12
0	291
0	0
0	0
1	83
37	129
13	0
4	0
0	47
6	24
7	16
2	14
0	0
5	2
3	0
0	0
781	1848
0	1522
0	53
1	318
12	168
34	523
0	0
0	0
5	43
5	43
0	0
12	0
125	4199
68	3830
99	2719
0	24
0	31
120	2
0	0
0	0
0	0
0	0
1	10
213	104
1	6
0	97
10	28989
1	0
70	29050
0	2391
74	18411
0	11958
31	8115
0	1555
15	3858
3	322
125	493
4	441
0	3595
2248	3512
11	23
13	0
1	0
104	3707
53	196
0	281
14	523
5	223
17	266
141	894
19	1199
29	1718
4	537
4	0
0	201
2	7
2	172
1	12
0	181
0	1
2	19
0	4
0	13
3	260
8	2106
163	2106
2	350
0	2109
0	244
0	1
0	1
3	477
0	436
803	1254
62	886
0	0
63	3166
1094	7084
4	6684
0	373
0	826
0	831
19	381
1014	3911
7	58
7	3568
0	1003
0	1948
0	1022
3	456
114	1230
7	1137
17	725
0	46
23	496
3	63
18	33
21	5
5	42
0	0
0	0
0	0
0	0
0	0
0	0
0	0
0	0
187	140
6	140
41	1
0	153
0	124
0	124
0	74
0	1
0	1
0	1
0	0
0	0
10	777
1	759
9	769
0	0
556	0
0	0
1	0
0	0
350	143
1	13
1	74
0	132
28	583
8	588
6	585
2	580
0	580
29	580
0	581
49	580
0	580
0	580
0	580
0	0
6	3382
0	1526
33	1062
5	3347
4	209
1	1068
103	2273
0	192
1	50
7703	6
1	0
0	0
5	264
0	765
5	46
0	209
1	802
43	195
1	111
0	67
0	31
4	678
4	6
1	59
4	456
1	501
3	6
16	0
0	3
0	258
0	27
2	0
3	105
28	10
661	115
5	3
0	0
0	0
0	0
0	0
0	0
18	667
4	52
0	0
0	0
0	0
0	0
0	0
0	219
0	0
0	0
1	0
5	37
0	37
0	16
0	37
71	157
3	127
0	104
20	88
0	0
0	1
0	0
0	0
0	1
0	1
0	0
0	0
0	0
8	5
0	5
0	0
3047	2409
3	6
7	25
1	193
1	225
0	114
2	210
1	186
47	45
1	121
15	501
0	591
0	19
39	286
8	1058
0	348
12	305
0	330
0	212
5	63
0	56
0	3
0	36
8	33
0	68
28	101
10	21
1858	48
0	0
32	9208
0	10351
3	311
1	10312
0	9398
23	466
374	8898
7	23
9	601
5	174
35	165
19	388
0	4
0	4
0	1
20	347
0	347
0	285
4	285
0	0
0	0
14	184
0	1182
0	746
3	574
1	14
48	0
0	0
0	0
448	2483
20	106
0	149
67	656
30	145
2	1934
0	0
0	0
0	0
1	0
236	167
1	76
64	3
3	119
0	43
7	0
1	82
10	245
15	237
0	19
0	7
2	0
0	0
176	5509
175	5510
32	858
2	99
1	100
0	0
0	24
0	23
0	64
0	786
68	821
5	822
0	29
0	27
0	17
9	7
0	0
0	0
0	0
1115	16
2	14
17	1774
3	2
3	524
18	1638
0	1234
0	0
6	516
0	11
0	10
0	8
0	8
0	5
0	5
0	5
0	6
0	7
0	6
0	8
2	8
0	8
156	168
13	168
1167	1697
0	422
0	262
0	104
6	2
21	190
0	975
0	30
160	964
0	33
2	457
9	146
4	956
70	290
13	290
74	308
4	53
6	971
6	159
5	194
0	0
1	224
0	71
0	0
0	0
5	0
1	374
0	428
32	281
0	374
4	562
16	374
8	364
58	427
3	5
6	0
0	0
0	1036
23	950
0	881
0	0
0	818
0	3
0	89
0	37
0	3
0	19
0	669
14	579
0	0
0	3
0	23
0	20
0	20
0	20
0	0
51	39
1	29
0	11
6731	5
2	43
0	10
36	49
0	519
0	174
10	39
0	491
0	0
90	1277
0	1319
14	1206
5	176
1	0
0	12
0	12
0	11
1	5
0	1
0	0
650	1
1	218
35	221
0	12
34	116
0	0
0	0
0	0
0	0
0	0
0	0
0	0
0	17
1	17
0	4
0	0
1302	116
35	114
16	6
0	6
67	4
5	4
1	0
9	300
1	941
1	653
2	94
14	483
5	248
1	208
254	953
1	965
17	95
1	156
322	440
0	384
0	82
0	8
0	0
0	0
0	52
0	13
64	635
2	522
1	154
0	96
0	29
0	42
0	37
0	34
0	32
1	4
0	34
0	7
2	7
10	0
0	0
0	0
0	0
0	0
2	27
3	27
0	2
0	0
0	0
124	17
0	10
4	9
408	0
0	619
14	619
2	619
0	6
1	4
9673	364
2	42
0	314
0	0
0	0
1958	4717
26	974
18	317
2	218
5	65
152	1
3	0
0	4714
1171	32
0	31
0	17
0	0
4	141
0	180
29	158
0	168
0	51
5	404
71	404
12956	7031
5	4397
0	3632
45	1130
22	58
0	57
0	1
1	58
0	3
482	52
0	52
0	92
1	289
29	274
0	263
2	6
5	0
0	16
0	17
0	12
0	16
0	9
0	9
0	1
0	0
24151	14
0	85
0	61
5	61
0	18
0	18
0	15
0	13
0	18
0	85
1	347
6	21
8	2
33	597
1	188
2	496
2	6
4	513
2	32
4	602
0	586
0	0
1	6
0	112
2	4
3	560
1572	2665
6	2067
0	47
6	47
3	214
6	725
18	124
37	240
1759	283
18	60
0	90
6	110
13	129
6	44
22	9206
157	8644
2	145
0	1604
0	10
30	177
0	148
2	80
0	40
266	10
0	10
0	0
1	16
836	1156
0	1187
37	531
77	584
0	25
8	224
0	142
2	98
6	7
0	4
6	15
0	15
0	7
1	189
733	189
1	0
2	0
0	2
0	2
0	2
0	2
0	2
0	2
0	2
0	0
27	793
0	1458
0	1674
0	74
4606	3949
2	3946
229	40
3	40
1064	2
110	678
4	742
1	168
0	327
6	0
78	0
0	0
0	41
0	41
0	51
0	51
3385	309
19	306
32	3343
3	3385
0	47
0	70
0	0
0	133
0	837
0	736
1	254
44	899
0	687
4	209
0	84
0	0
0	0
4	16
16	217
21	219
0	0
0	0
0	0
1431	196
0	106
0	119
0	0
0	0
0	0
0	0
0	0
0	158
0	190
0	36
0	164
0	174
0	61
1	35
0	40
0	30
542	158
3	38
6	137
0	24
0	0
0	0
119	150
0	2
0	148
1	50
33	864
2	306
0	260
6	481
2	378
4	514
467	336
10	778
5	10
0	331
0	297
0	310
1	86
1	39
0	3
0	3
0	32
0	118
0	120
0	120
0	57
0	10
2	0
18	237
0	237
0	0
0	0
2	0
230	654
6	654
15	310
29	84
2	281
4	35
0	3421
0	3995
420	3995
2223	966
0	922
0	45
2	2040
1	171
1	1930
34	1932
9	3
2	406
0	30
0	94
0	295
1028	64
0	0
0	0
0	0
0	2
0	2
0	2
1	31
0	12
0	0
0	19
1979	1327
0	1326
1	28
60	47
0	47
0	0
0	0
0	30
0	37
0	2
27	105
0	3
0	3
4	102
75	48
0	48
0	0
0	0
6	1934
8	336
3	585
0	372
0	212
5	2
5	0
365	2212
9	2
0	2
2	0
1748	735
19	537
14	676
0	112
229	321
47	249
7	87
10	0
0	13
0	12
0	11
0	1
0	5
0	11
0	16
0	15
0	12
0	0
2204	3
1	0
0	0
0	0
0	0
0	0
0	4
0	4
0	0
0	0
28	130
0	2
1	15
0	104
0	130
1	1
0	1
1	0
0	0
0	497
0	458
0	457
0	368
0	335
0	328
0	97
0	2
0	0
56	1477
93	1529
0	1384
0	0
1079	86
0	84
4	327
4	330
2	0
1	0
0	2
0	1
1516	0
23	129
1	2916
1	2355
325	3073
4	2911
7	2513
9	1043
0	858
4	2567
29	2457
11	685
0	965
144	2136
1	407
0	176
1178	867
1	1
0	1
0	22
3	89
0	774
0	225
0	175
0	34
0	44
0	220
29	0
2	47
78	47
0	0
0	0
0	0
1707	516
0	493
0	405
0	285
8	0
9	1149
0	1053
1	949
2	248
0	298
1	9
8	19
2660	631
0	126
0	145
0	519
4	377
2	0
15	25
0	25
3762	789
15	775
48	289
2	180
0	202
21	310
4	375
1	343
22	338
39	367
19	363
0	87
5	115
0	111
2	0
0	0
3	28
0	0
0	323
0	364
217	935
0	312
1	773
1	743
0	84
0	0
0	0
30	3
0	3
0	0
0	0
18	1169
65	1349
13	699
3	967
1	24
4	73
0	16
1	14
2	0
2	0
0	0
0	0
8	800
3	801
1	0
0	1
0	0
0	32
0	0
0	0
0	0
51	1588
207	1751
0	1641
125	854
0	162
5	60
0	109
32	251
1	9
222	3
39	3
0	0
0	0
0	1
0	1
0	8890
202	10145
2	9039
6	7857
0	774
0	8233
209	720
0	265
14	325
21	50
40	411
2	413
58	9410
0	0
0	0
48	2953
0	2067
1	934
11	1522
5	899
0	723
0	379
14	762
0	559
1	3
14	37
0	0
0	0
0	0
0	0
0	0
182	3210
13	1356
0	556
0	352
0	2298
0	398
0	25
1	338
0	657
0	187
0	0
0	0
0	0
0	0
0	77
4	77
0	530
11	565
7	420
0	75
0	44
2	391
1	46
30	175
5	17
0	519
0	689
12	984
46	872
0	0
0	880
0	127
0	0
0	22
0	60
10	465
5	374
0	128
0	362
0	323
0	0
1	21
555	0
2	0
4	305
0	311
0	151
0	324
0	305
4	306
0	193
0	126
6	326
3	128
11	42
1	0
6	141
0	243
2	116
83	227
0	127
2	92
1	244
0	0
0	0
0	1373
15	3609
9	1487
87	4809
0	87
1	522
1	1233
1205	5289
2	30
4	953
222	262
0	4706
0	3963
0	56
8	1
3	2646
0	0
5	26
0	2
0	17
0	0
2	0
0	0
638	205
0	205
0	12
0	0
2487	381
0	284
1	168
0	9
28	74
0	17
2	1
0	1
104	223
359	223
0	5153
650	5224
0	941
0	71
1	3
13	7
0	2
0	3
0	1
115	1074
27	363
56	876
4	86
6	220
19	1
41	0
4	7
0	116
71	123
3	1
0	1
0	0
0	0
86	1266
0	13
0	251
0	242
15	256
0	10
31	0
0	0
7	0
3	2433
10	608
2	2402
0	1941
1	30
1	3475
0	3122
70	3056
11	1573
0	2701
7	451
0	904
62	35
0	128
0	1743
1	1775
0	1775
1	1694
12	1749
0	1840
0	37
0	0
2	0
54	1707
0	91
4	1660
3	1727
10	4
40	1674
5	14
1	1389
0	1697
266	127
0	98
2	88
2	4
9	63
43	1129
7	1815
46	530
0	625
4	914
6	704
0	32
0	37
0	31
4	21
4	59
0	17
0	2
4	224
0	25
0	17
0	118
0	0
0	32
0	1506
0	0
0	0
0	0
0	0
0	0
0	0
0	0
0	0
0	0
0	0
0	0
0	427
628	427
6	0
10	353
0	5
0	91
0	0
0	0
0	0
0	0
0	0
0	0
0	0
12	1
142	5588
16	99
0	3024
0	1971
0	2296
0	5594
14	61
2	20
3277	1160
0	1158
0	293
0	148
233	1575
175	1575
2	62
0	72
47	743
477	758
0	14
7	251
12	84
2	52
23	3
3	1459
0	1534
0	1450
0	108
0	1402
0	32
5	3
0	1
0	57
100	904
14	643
92	891
4	834
5	15
1	12
8	7
14	253
13	348
0	248
0	226
4	80
0	0
0	92
602	7119
27	7118
0	64
69	61
60	18
35	43
0	17
19	120
4	117
0	3
2	16
1	0
1	14
23	12
0	0
0	0
8	1360
2	1156
0	424
0	445
2	128
17	204
3	137
0	72
0	1219
43	613
13	33
0	0
1	490
0	151
0	436
0	3
1	138
1	121
8683	5899
7	5242
2	153
1	647
2	1542
22	5
5	5
0	0
429	314
17	127
7	702
0	87
0	1005
1	0
0	875
0	477
1001	364
2	364
19	0
267	3804
58	3804
0	1
0	1
1	1
0	1
0	0
0	0
0	0
0	0
0	2
0	2
0	0
6	2
0	4716
0	27
34	3956
1	2452
7	39
2	937
5	256
4	362
0	278
0	4457
0	0
0	0
0	0
719	229
0	221
22	236
0	228
14	21
4	4
18226	1918
6	1464
33	142
0	140
0	0
0	0
2	734
1	734
0	156
0	236
57	421
3460	81
4	77
805	982
14	982
0	1
553	180
0	180
1	128
1	111
0	81
0	11
0	51
0	49
0	6
5	129
0	135
6	92
1	97
1	28
0	36
0	17
0	19
0	18
18	481
6	484
1	44
10	480
7	45
18	464
0	46
0	33
0	10
0	249
0	24
0	131
0	0
8	485
0	129
1	8
0	77
12	124
0	80
334	382
0	29
11	67
0	70
0	15
0	66
0	9
0	0
0	9
0	0
0	0
0	0
83	45
0	40
0	14
0	14
0	18
0	44
100	19
0	1
201	53
0	42
1	22
0	11
41	639
80	620
0	8
0	21
4	77
0	24
0	188
0	203
0	5
0	0
0	7
4	568
5	2
0	49
0	510
1	1
0	461
1	5
0	0
10	1
1	12
0	25
0	38
180	101
0	2012
75	680
2	695
2	110
31	366
1	27
0	5
16	3
0	0
2332	530
0	530
40	125
0	0
0	0
841	223
0	62
0	172
0	35
0	15
0	1
0	8
0	9
0	1
0	0
0	0
0	0
0	0
0	0
0	7
3	0
0	0
0	21
0	62
0	76
593	184
12	114
0	126
0	3
0	73
0	856
0	64
0	6
0	36
1	768
0	171
0	230
0	626
0	30
0	495
2	1
0	393
0	0
0	58
1	253
0	2
0	2
0	2
58	3828
271	3828
4	221
2	361
114	414
2	20
6	51
1705	197
0	196
674	2
0	2
110	1450
230	1313
195	1461
43	581
0	31
0	33
0	37
0	28
0	22
26	6803
4	14
0	5656
4034	6926
12	4328
5358	5589
0	3604
0	3598
1	0
0	294
110	6015
323	60498
2	59572
164	63038
1182	59296
2	5131
2	7729
172	1407
2	13113
53	149
274	10
1364	154
0	153
8	0
0	0
0	0
0	0
3714	2
18	5
0	0
0	0
0	6
0	1
0	0
718	0
0	0
21	2958
0	3
2	2688
0	454
38	1531
0	2079
3	2435
3	68
1	334
0	298
0	583
5	3122
117	3411
251	3415
0	0
0	0
0	0
0	0
295	0
1	115
1	116
0	3
0	10
5	118
0	4
3	288
2	158
6	39
1	38
0	169
0	51
0	73
1	123
0	255
5	23
0	1
0	18
0	6
0	36
839	1644
65	1602
3	35
0	365
69	0
34	85
4	355
0	0
0	0
0	0
1	113
11	119
1	92
1	15
4	34
0	21
6	13
2	18
0	19
0	0
0	0
3	2
0	269
0	49
0	246
0	246
136	2846
0	1931
2	496
2	0
5	272
0	24
6	10
10	1460
2	0
0	0
0	0
0	0
0	0
0	0
0	0
0	0
433	0
0	0
2	394
0	1534
9	508
8	1120
5	66
5	565
12	4
4	31
0	1868
48	152
54	772
0	0
0	1834
263	0
20	0
4	0
0	0
0	29
0	13
1	1533
0	1585
0	92
2	137
0	1579
0	82
0	123
1	1198
16	53
0	0
0	1603
0	67
0	265
9	131
2	246
0	218
1	1
3	9
0	0
15	0
2	6
0	1
1	5
1	268
0	0
14	34
0	0
0	0
6	33
0	1
0	0
0	0
0	0
0	0
428	1
0	0
207	19
0	0
0	19
44	14
0	10
2	0
0	0
8401	170
0	162
0	190
0	3397
0	3391
0	3356
243	3350
16	523
1	245
1	2501
3	784
2	120
1	471
0	418
0	295
0	0
684	129
28	129
5	117
66	129
0	115
7	113
23	108
4	9
7	352
10	340
0	32
0	137
0	78
0	46
0	18
1	18
5	0
0	1
0	1
0	1
0	1
0	0
0	0
0	0
0	0
0	0
0	0
0	0
0	0
0	0
0	0
0	0
823	0
370	9
1	9
0	3
1	3
0	3
0	3
0	3
0	0
0	0
11086	10909
9	10906
11	2
0	0
1	2
48	98
575	98
17	517
73	517
1	3
0	624
0	614
28	657
1	528
36	683
10	0
2	17
98	17
6	2
8	0
0	0
58	111
675	16
7	15
8	0
124	466
1	75
70	472
10	180
4	0
780	535
1	232
0	0
56	4
1	161
0	36
16	118
0	198
0	0
0	0
0	0
0	0
0	0
0	0
0	0
0	0
0	0
0	0
0	0
0	0
0	0
618	489
1	213
13	149
1	0
0	204
8	24
5	23
1	19
0	1
0	0
1	1
0	8
30	32
0	4
2	22
79	670
1	670
2	114
55	106
75	298
411	280
0	12
0	13
0	163
0	0
0	0
6	1353
7	1339
9	820
0	127
9	4
1	126
0	1335
0	0
0	0
0	0
0	0
3508	1144
0	4
5	179
1	596
11	277
0	79
7	312
0	12
0	300
1	298
0	298
0	19
47	295
0	300
5	0
0	0
0	0
0	0
0	0
0	0
0	0
26	244
0	480
3	429
0	311
0	45
0	18
2	313
332	2934
8	223
7	2742
12	0
6	25
1	0
0	890
0	443
1	599
1	0
0	34
0	122
0	91
0	82
5	36
227	0
475	1390
8	1388
1	42
2	2
0	0
47	59
0	59
0	0
0	0
0	1
1	2
33	1573
199	1532
2	290
2	654
1	0
0	102
54	102
0	64
0	51
0	6
348	698
3	6
2	33
3	0
0	0
1512	751
2	751
1	39
22	219
549	181
1128	65
1140	5671
137	5670
1	636
0	126
14	0
50	12
1	251
2	2250
0	1292
0	2206
24	2239
9	229
2	142
0	17
1	9
1	16
0	2214
299	587
0	29
0	574
0	2
0	3
0	130
35	58
37	1294
0	0
1	4
0	48
1	1265
0	17
0	1265
0	5
4	114
4	120
37	24
1	40
6450	6
12	249
4	605
0	107
2	95
1	95
8	0
2	5
4	21
1	604
4	24
0	12
2	0
0	46
0	123
0	794
0	104
0	356
0	75
0	211
3	739
0	16
2	77
8	78
0	73
7	25
12	70
1	26
0	2
13	67
0	2
0	1
0	0
0	5
0	5
0	5
0	0
0	0
3	2
39	618
43	384
201	138
0	1
4	0
238	243
2	46
0	6
0	197
1	0
0	0
1	0
0	0
54	973
4	265
0	990
0	759
0	982
0	871
2	2
3	1
0	100
2	1
2	53
0	0
0	26
1	30
18	0
0	11
6	45
0	0
14	570
0	1
0	0
0	1
0	90
0	1
0	90
1	0
0	0
0	0
0	0
1	0
1	104
0	76
21	104
0	9
7993	1313
48	258
1	310
10	545
0	204
4	54
0	393
24	1558
45	1558
3	1558
1	99
1	23
3	152
0	27
0	0
0	0
2	70
0	59
0	71
0	0
54	262
0	262
2	1
0	0
0	0
0	0
0	0
4	655
32	414
0	601
290	4185
0	2614
133	3011
0	358
20	7
4	2456
0	175
1	395
56	199
0	12
4	0
518	5923
0	0
0	0
0	0
1458	1
1	3
0	2
53	20
0	4
2	0
0	16
0	0
2	1
0	1
0	0
0	0
0	0
1	0
232	204
3	57
1	105
0	130
0	17
0	0
0	0
0	0
50	47
0	1
1323	242
0	50
2	225
0	0
9	4573
0	4492
5	4698
2	4415
99	3070
0	4298
11	4314
10	1279
0	1743
0	1192
3	178
8	939
0	166
1	787
11	111
9	370
0	555
2	0
1	316
1	340
0	129
1	12
2	255
0	1
2	39
1	0
0	0
0	0
0	0
0	0
0	0
0	0
40	111
2	24
0	47
4	135
0	65
2	92
0	14
14	5443
0	5335
2	0
15	800
1	62
6	321
24	292
0	933
0	175
21	5020
2	526
9	5103
23	5202
0	5310
178	780
26	563
3	741
107	559
0	99
38	499
0	361
1	0
0	0
4	14
719	1078
42	1077
19	570
0	0
0	51
0	4
0	51
0	8
1	432
1	1
0	568
0	0
0	0
0	1
0	0
0	1
135	0
0	4
0	4
1	2
0	932
606	1863
0	694
0	0
0	181
0	592
7	1615
1	174
2	820
0	523
13	1749
2	14
0	196
0	0
0	0
0	0
52	2749
137	3115
7	19
1	556
6	3
5	194
5	469
13	11
6	22
11	534
9	62
2175	4914
4	4914
3	581
6	571
2	30
54	82
18708	11
0	115
0	110
0	115
0	12
0	110
3	5
88	36
0	31
21	78
0	78
0	0
0	0
0	0
0	0
0	0
0	0
0	0
0	0
0	0
269	436
415	402
0	1
3	1
585	31
0	30
0	14
509	158
0	35
0	123
2	0
0	0
190	1389
26	2625
8	6235
4	1546
4	3057
10	669
29	6007
0	1723
27	34
0	0
0	12
0	32
1	24
0	7
0	7
0	4
14	185
171	364
0	256
86	788
5	1311
32	1308
0	34
4	1274
0	48
22	228
0	369
53	135
6	233
0	235
2	299
4	277
0	300
0	243
0	295
0	42
0	30
0	34
1	26
1	2
0	16
676	1343
1	148
2	0
2	1086
0	81
12	52
2	114
0	190
2	53
1	377
0	267
0	82
946	1
29	0
0	0
0	0
0	0
0	0
714	621
0	616
0	449
0	459
0	50
3	15
1	15
99	3
0	3
5	1608
0	1758
13	1574
3	50
146	1072
34	1391
4	502
0	0
0	64
1	0
0	77
0	98
0	2
0	2
0	2
0	0
0	0
0	0
12	200
0	15
1	185
0	0
4	0
0	0
592	99
2	99
0	1
3	7256
0	3917
2	1084
0	62
4	531
12	397
7	90
0	531
1411	1899
7	1642
0	2047
1	128
0	59
45	835
0	835
3070	2
0	0
0	0
0	0
515	3877
0	3877
0	0
552	268
86	244
3	149
29	113
3	112
1	11
0	307
32	631
0	639
0	602
0	652
0	600
0	10
18	139
3	96
0	2
0	0
0	652
39	743
3	663
0	149
3	6
3	65
0	2
0	2
0	2
0	2
0	0
8	1151
2	783
0	231
2	488
1	303
1069	58
0	57
96	347
8	347
19	78
1	68
1598	97
63	96
1556	1085
0	102
0	5
4	10
0	669
0	311
5	1
0	1
0	1
1	1266
89	1296
7	70
475	0
0	203
0	10
0	202
0	277
9	269
11	213
0	190
0	20
2	0
0	0
0	0
22	2053
0	1700
359	2018
0	25
0	0
0	0
0	36
25	620
0	275
2	1
0	21
0	0
0	0
3	15
4	103
0	48
43	659
36	0
0	0
0	0
0	0
0	0
0	2
0	2
0	0
1	3
252	150
0	22
0	60
0	48
1	19
6	1565
97	1344
0	1
39	484
2	1581
38	808
323	1049
28	404
0	393
2	236
281	1
1	0
0	2888
0	306
0	53
1	490
43	2303
0	0
2	1
5	2712
0	276
507	1857
0	1004
12	1350
4	626
7	444
6	217
1	11
154	599
0	46
3	536
0	6
1	499
0	57
0	0
7	80
0	80
144	749
44	765
8	16
0	0
0	174
0	108
86	1371
2	1371
0	0
0	0
0	0
0	0
29	0
0	0
110	2127
0	2188
0	2063
155	643
0	246
0	134
0	7
412	56
0	0
0	0
0	0
247	10651
130	7019
15	286
59	10651
84	135
4	133
1	37
0	2
15	2
22	2002
0	1879
0	780
0	270
29	376
88	1622
164	82
0	0
0	0
0	6691
23	546
37	550
0	6047
30	315
0	997
0	1206
0	6424
0	6724
0	6391
0	0
85	1297
0	72
17	67
0	0
0	13
0	1252
0	0
0	0
446	37
0	37
271	635
10	634
121	313
1	313
34	149
1	147
1608	136
850	7923
0	7920
18	1473
5	1203
41	18
0	18
3	7
6	1294
24	1308
76	1310
66	1230
311	2
0	2
0	0
0	0
0	2
0	2
0	0
0	1799
0	1169
7	312
4	1275
2	2029
3	128
0	2080
0	1287
0	38
58	35
35	406
0	423
5	451
4	190
13	53
0	0
0	0
0	0
0	601
7	345
75	701
4	8
2	121
3	56
3	7
0	1
0	1
0	1
0	0
0	0
0	0
2	0
194	521
2	105
25	615
7	543
6	604
1	0
4	0
10	0
58	488
0	488
1	4
0	21
2	18
0	18
2	0
0	1
5	1
0	1
380	750
1	465
25	636
9	321
0	237
47	207
1	150
0	39
4	129
13	1
0	0
4587	24419
2	1220
19	19883
4	10281
124	19898
1	19719
39	148
934	121
1	0
37	53
0	53
0	0
0	0
0	0
0	0
0	0
0	0
0	0
0	0
0	0
0	0
0	0
0	0
2	218
18	161
15	200
35	209
0	19
1	25
0	0
0	1410
0	3211
150	3222
0	0
4	5
35	63
0	26
1	965
26	965
1	5
2	345
8	17
1	9
0	3
0	2
0	9
1	48
1	108
2	565
0	734
0	1184
0	1437
2	1365
21	1014
2	87
71	2245
48	2250
0	841
1	798
0	961
0	462
0	0
0	0
0	0
0	0
0	0
1273	376
0	356
0	358
10	308
0	314
2	46
0	212
2	13
0	323
0	340
114	898
10	197
50	878
23	6
6	5
1	0
40	582
0	464
0	582
1	613
0	579
0	491
0	124
4	43
0	50
6	40
8	56
0	3
1	3
0	260
0	0
0	0
9	389
8	375
0	180
17	142
0	0
0	1
0	9
0	45
4	55
4	55
0	1
4	33
3	13183
0	15213
3875	3354
0	678
7	2935
0	0
0	1672
42	2181
17	1667
2	2014
594	91
0	6
0	39
4	76
18	25
163	25
0	25
0	21
0	5
1	0
231	112
0	112
365	0
0	1
0	1
0	1
0	0
0	0
0	0
0	0
4	218
0	173
0	161
18	149
0	122
0	193
9	0
1	20
3	14
3	55
0	409
0	13
0	369
0	0
0	0
0	4
1	100
0	1
0	17
0	9
0	4
0	6
0	9
0	0
5	2
1	0
0	0
0	4
0	0
0	7
0	7
0	0
0	0
213	1524
8	1533
0	16
0	9
10	7
0	6
0	3
0	41
0	31
0	27
4	16
60	20
9	3
920	134
4	133
0	121
0	1027
0	32
105	1044
0	0
56	527
0	206
2	10
0	16
0	31
82	150
4	437
1	93
2	297
2	220
3	233
0	180
0	214
0	184
0	204
0	0
0	0
773	946
0	643
4	158
7	345
5	0
28	10
21	515
15	5
0	5
21	304
12	26
11	7
0	0
5	10
11	433
29	168
0	307
35	341
363	0
2	2
0	1
0	1
1	394
1	2639
4	92
6	1533
0	0
0	2639
5	16
0	2
0	0
0	0
0	16
0	16
37	320
0	347
5	27
0	1
0	11
0	321
3	14
0	45
4	105
806	405
1	248
0	306
0	318
1	120
3	137
3	92
0	102
0	349
7	338
1	73
5	0
166	139
5	57
47	119
22	95
1	45
11	60
11	16
2	86
0	0
2	87
12	86
0	85
0	85
325	708
4	425
4	195
0	132
0	668
0	55
1	320
11	86
16	710
8	617
1	61
0	71
8	601
2	6163
17	5970
0	6100
0	626
0	36
1	18
6	24
0	78
0	14
2	26
0	36
0	124
1	33
2	41
0	37
0	49
69	0
0	1503
0	7
34	496
3	167
24	104
5	5989
1	6111
0	0
0	0
1	1777
0	2096
178	2093
43	2
887	2916
113	520
12	472
19	139
9	188
5965	1885
15	17
0	1625
0	816
0	687
5	394
10	592
0	44
0	555
0	0
0	0
0	0
0	0
1	15
0	16
0	14
0	14
0	0
0	0
0	16
0	15
435	0
0	0
0	0
2209	4483
0	4482
1	859
14	588
1088	4457
20	114
0	3
76	946
1	679
0	0
0	451
55	351
0	3706
71	316
3	314
11	43
5	4
0	4
6	582
15	223
27	581
5	48
2	53
0	232
0	162
0	42
0	0
0	0
0	0
0	0
0	0
0	2
3	2
250	0
0	0
0	0
0	11
7	70
0	20
0	27
0	0
0	14
0	0
0	0
0	0
0	0
1	4
11	1159
4	0
1	144
0	994
0	78
0	50
12	269
0	2
0	267
9	236
1	26
0	757
0	0
0	299
0	40
0	193
0	50
5	10
1	36
1	98
3	37
0	993
0	923
0	0
5	72
0	72
5	7
0	7
16	2959
0	82
0	111
5	314
0	172
2	133
1	97
90	38
2	14
0	0
0	0
108	0
56	852
3	1143
150	1167
0	0
0	0
18	9
0	9
2	638
8	26
18	553
0	129
73	608
38	623
5	489
2	75
43	105
3	31
0	8
1969	4
19	1743
0	0
15	406
0	16
0	1765
3	59
0	162
72	1312
3	1622
3	3
3	19
0	4
19	139
0	149
1	15
2	48
0	102
11	205
5	41
3	1750
4	15
13	32
0	60
25	22
0	24
0	0
24	36
1	0
3641	754
1	8
0	0
79	47
45	817
0	210
0	6
1	0
2	4045
418	4046
0	150
0	145
0	27
23	139
0	9
3	29
0	0
13	95
0	93
0	24
2	0
0	3
0	5
1	8
0	5
0	0
0	4
0	3
2	4
1	0
0	4
0	0
0	0
56	916
0	916
2	741
3	44
1	916
1404	6
16	6
0	0
0	0
0	0
0	0
0	0
134	23
0	23
0	0
10	68
3	500
445	648
0	539
1	638
0	2
1	1
0	0
2	51
12	0
47	653
2	16
0	16
0	0
0	0
0	0
0	0
0	0
5	88
2	76
0	88
0	2
0	67
0	0
0	0
0	14
0	0
0	0
0	1
398	42
0	10
3	0
5	1851
0	3062
0	16
0	0
0	8633
0	8831
0	549
0	673
17	6027
13	6004
1	35
0	4639
0	566
0	3845
0	4709
0	628
0	413
0	529
1	279
0	258
1	9885
1	10
0	4092
0	924
0	312
0	775
0	748
0	1247
0	618
1	17
0	406
31	29
0	0
0	6
0	21
5	13
1	5
6	2005
39	2005
2	44
0	0
0	0
0	0
0	0
0	0
0	0
0	146
52	1912
319	2017
0	1631
0	1639
3	968
15	193
0	367
1	372
0	1809
5	769
8	739
0	403
0	416
1	425
0	55
2	69
0	40
0	0
0	0
0	0
0	0
0	0
0	0
15	91
30	223
11	40
0	1
0	56
339	145
396	609
0	2
0	363
0	445
0	389
0	237
0	0
0	0
19	842
206	1290
407	1063
6	92
0	0
0	118
11	276
18	247
4	292
0	193
8	117
0	0
0	0
0	0
9	1247
25	1193
0	2
1	267
1	126
0	166
0	181
1	145
0	1247
80	136
4	136
0	103
0	0
0	21
1	11
0	0
0	0
0	0
0	1909
0	1959
38	1953
0	23
0	0
0	0
1732	177
14	45
9	19
0	5
0	83
0	32
5	34
0	94
0	74
0	0
0	4
1	42
1	0
0	1
1	0
0	0
0	5
0	2
0	94
0	0
0	0
150	2746
72	2754
31	2489
26	2306
0	117
0	0
0	0
0	0
0	0
0	0
0	0
0	0
0	0
0	0
1	0
0	0
0	0
0	0
0	0
0	0
0	0
1646	3
11	3
262	59
0	0
8	59
0	0
0	0
0	0
0	0
0	0
70	268
0	249
4	38
0	1888
48	3423
0	1884
2	3274
4	263
0	1000
10	92
0	30
0	0
8	5
0	5
4	0
0	0
0	0
0	6
0	6
0	4
0	1
113	172
0	19
3	153
0	309
0	293
0	0
1	2
0	306
0	310
0	326
0	0
0	0
679	1744
1	1708
0	454
5	0
1	37
0	0
0	0
0	0
172	2053
16	163
9	1873
15	181
0	0
0	0
0	0
0	0
4	0
17	548
91	550
0	123
1	17
0	0
59	37
0	0
12	37
0	10
1	30
17	31
0	25
0	1
0	166
739	6684
1	31
25	6540
18	6140
2	603
8	3159
2	1066
5	41
45	51
1	24
3	42
0	0
0	0
0	0
0	2
4	3
0	0
0	0
0	0
0	1
25	0
0	0
0	0
48	245
2	199
33	103
3	65
20	38
15	17
8	22
3	2
280	123
0	82
0	14
0	5
5	44
149	82
0	36
0	0
0	35
1	27
20	21
13	16
41	9
0	0
67	225
1	159
0	165
4	234
0	30
0	44
4	12
1	13
6	22
3	53
82	13
95	172
0	26
17	172
0	34
67	344
4	343
367	143
0	143
1	120
0	48
9	0
16	501
2	0
49	509
4	0
1	1
6	344
0	0
983	626
36	382
2	29
4	205
703	1808
0	1693
0	620
5	445
0	4
1	419
1	148
6	74
0	77
4	7
0	65
14	104
7	100
0	7
7	184
12	186
0	44
3	33
0	0
0	0
0	0
0	0
0	0
0	0
0	0
0	398
0	169
5	372
0	156
0	133
554	2944
185	2719
19	2756
13	0
7	170
2	7
55	7
730	1102
0	784
28	688
0	302
4	360
1	233
0	62
0	6
0	39
0	97
1	0
1022	281
193	6433
15	5891
0	3808
1	3286
8	861
25	280
1	387
7	39
0	376
3	1395
0	0
0	0
1744	4025
7	0
0	3678
0	3674
4	519
1	342
0	5
0	0
0	1
520	3840
19	3383
4	1890
14	1845
2	1326
0	906
6	428
40	27
0	9
9	0
17	143
0	2
0	0
0	143
19	110
0	69
687	267
0	3
0	0
2	105
3	24
17	0
0	0
5	115
0	84
14	334
0	340
0	14
0	19
0	59
42	2888
7	2542
54	638
0	0
1	0
0	0
2387	830
0	827
346	60
1	49
0	9
4	6
0	461
41	461
11	41
0	11
0	22
1	22
9	21
2	20
7	0
0	0
20	0
7	15
0	9
18	0
0	0
0	0
0	0
0	0
0	0
0	0
0	0
0	0
0	0
0	0
0	0
0	0
0	0
38	794
1	639
1	504
77	618
4	424
1	1
0	0
0	0
0	0
277	512
2	394
9	448
972	874
18	370
0	425
2	546
0	66
25	197
0	0
1	70
561	159
0	151
0	159
0	0
1	2
0	0
0	0
0	0
37	744
0	744
1	62
0	204
10	2
3	141
0	0
1223	8459
0	5959
4	6294
26	7773
4	4417
0	1348
33	2320
591	379
0	0
2764	44
0	43
0	24
0	0
0	0
0	1
0	24
101	12
0	8
0	5
4	5
113	385
25	307
0	97
2	78
1	50
0	46
9	1309
3	292
33	244
0	124
16	44
2	126
0	1309
0	1140
1	2
0	2
0	0
0	0
0	0
0	0
0	0
0	0
0	0
0	0
0	0
27	2
1	2
0	0
0	0
457	83
0	19
0	64
0	1
0	1
0	1
13	1
0	0
0	0
221	3
0	2
0	380
2	77
0	117
0	403
0	384
0	13
0	382
0	9
1	86
0	392
0	390
0	413
0	1847
54	1844
0	1832
5	64
0	1723
0	54
5	0
196	4599
98	1757
4	4447
45	3232
4	6
479	200
2	153
0	25
0	11
1	3
0	3
0	0
172	76
3	89
0	0
4	13
0	0
1	310
34	1048
4	1032
0	1086
0	93
0	0
0	0
0	0
0	0
19	193
5	18
0	193
0	0
0	2
0	0
0	2
0	0
0	0
0	0
290	1725
5	1724
4	1725
11	1332
1	0
0	2
0	2
0	1
0	0
0	0
0	0
459	629
0	138
4	549
0	121
3	613
0	15
2421	2649
26	1313
33	120
167	2116
1	876
18	179
74	368
0	1112
1	313
1	727
0	116
11	8
0	0
0	0
255	12
6	12
11	1326
0	166
30	1303
0	45
13	74
3	1375
1621	117
34	46
0	5765
12	5417
56	4979
5	2285
1	46
0	328
26	307
479	109
0	33
0	36
0	14
10033	1034
60	1026
774	215
0	166
938	63
3241	17
6	3
24	4
0	5
1	6
0	6
0	2222
3	49
4	1068
1	911
0	680
0	666
0	708
0	671
0	396
0	477
0	705
1	715
0	672
0	7
3	247
1	89
5	53
5	9
2	15
4	57
2	17
1	0
0	7
0	8
0	1
0	8
38	27
1	8
0	1
4	1
0	2337
0	0
0	0
263	9
337	33
17	23
0	2166
38	2166
18	85
5	149
77	1256
1	1105
7	1140
0	50
5	171
0	21
11	534
0	224
0	9
1	4
6	9
1	0
0	93
36	90
5	159
65	238
0	3
1	53
4	33
0	61
3	1
0	0
0	0
2	397
86	443
0	127
1	63
0	1
1	0
1	37
0	30
0	21
0	1
1	5
0	2
0	0
0	1
0	0
0	692
13	538
9	561
1	212
0	487
7	160
0	82
0	58
0	34
0	10
0	10
9	150
0	126
3	66
0	39
0	12
1	9
0	65
0	41
0	685
92	0
46	9
0	7
2	2
0	2
0	2
0	0
0	46
0	24
1	9154
3	197
8	409
8	6765
0	1317
7	242
18	788
0	685
4	9
0	366
0	7562
0	616
0	297
1	1709
9	8628
3	166
14	243
21	799
0	49
0	7702
273	79
13	79
0	37
0	27
0	0
0	0
10	403
0	326
373	497
0	0
0	1
0	2
0	2
0	1
0	2
0	0
0	2
0	0
0	1
0	0
63	15
0	15
1166	590
1	321
2	231
4	321
0	0
0	0
0	0
52	505
0	401
6	486
0	10
69	72
0	1
0	0
0	0
0	0
21	0
159	614
3	613
3	2
1	1150
1	790
2	161
5	180
1	308
2	562
17	659
378	16
0	217
9	286
2	8
1	0
0	0
0	0
0	0
0	0
0	0
16	0
0	0
5	293
22	299
2	18
1	8
0	23
0	4
0	0
218	362
0	362
0	0
0	0
0	0
0	0
4158	2322
12	59
24	514
37	983
1	859
686	132
17	131
33	108
376	293
12	289
0	0
0	0
3	23
0	21
0	0
1	208
0	198
2	233
11	116
2	24
0	25
0	0
0	0
0	0
2	0
2	0
0	0
0	0
1	617
2	451
1	640
0	2603
0	2367
2	696
0	27
1	273
0	32
5	419
1	1
0	64
1	11
1	11
0	1
64	4
0	4
0	0
155	0
1	2
0	2
0	0
0	472
208	1492
0	1363
0	430
373	1426
0	260
0	1137
0	120
0	77
0	0
0	226
6	11
39	11
331	1164
5	511
0	178
0	411
4909	890
7	887
456	172
2	0
0	172
2	98
0	124
0	47
0	156
0	0
0	12
3	7
0	178
2236	266
19	265
0	0
0	0
0	0
0	0
0	0
48	792
0	35
137	1554
57	264
0	984
396	1270
0	0
543	217
11	217
27	0
0	0
0	0
0	0
0	0
0	0
2	1218
59	1111
11	27
0	856
10	971
0	0
133	1929
2	1153
1	1834
5	928
0	155
3	521
1	369
0	212
0	5
1	76
0	69
0	536
2002	167
0	167
0	0
0	0
188	6
0	4
0	0
818	14
33	11
1	1
8	0
0	0
0	0
0	1
1	1
0	0
0	0
0	0
0	0
0	0
0	0
2	472
0	472
47	472
0	48
0	5
0	17
0	17
0	1
0	1
3213	1962
3	174
0	1525
0	15
0	113
10	694
1	130
3	1310
0	850
0	83
0	5
14	27
0	41
2	16
1	1
2	20
9	2
0	0
0	0
0	0
0	0
0	2
0	2
0	0
0	0
325	10
7	10
0	0
7	702
334	701
1	136
0	1
12	31
0	70
0	0
343	2832
226	2291
18	465
14	1625
0	344
1	1044
0	48
0	22
0	0
117	48
1	20
224	1282
82	1282
457	402
13	193
11	354
6	161
0	0
0	184
0	75
7	82
0	60
0	0
0	0
0	14
13	9
2	18
0	3
0	0
2	0
608	1403
13	0
0	1403
84	0
2	0
0	2712
0	0
0	66
0	41
0	2537
0	68
5	2714
0	10
3	40
0	34
8	6
299	0
426	284
0	296
0	0
1	125
0	135
6	0
6	474
1	41
3	70
0	27
14	92
4	578
0	152
1	74
7	87
8	38
498	186
0	185
0	2
0	0
0	0
37	1661
0	982
9	982
0	1676
2	97
6	21
0	24
0	79
0	0
0	0
0	0
0	1
0	0
0	1
0	2
662	0
0	1
13	4
0	0
0	0
0	0
0	0
0	0
0	0
3	4
0	4
0	1
0	0
0	0
5	780
0	784
4	340
2	138
1	343
0	435
0	101
0	242
28	1
2306	1889
1	1141
0	368
3797	29224
5	19290
254	28
11	25072
9	22080
0	0
6	0
38	183
0	101
3	183
0	1
0	1
0	0
340	0
8	139
0	543
0	521
41	558
2	547
3	592
0	5
0	62
22	8
4	8
48	0
4	0
0	0
0	415
0	475
0	58
9	445
8	86
0	161
0	63
1	119
4	43
0	43
0	8
0	52
2	11
1	0
0	0
0	2
0	5
0	0
0	125
0	3640
71	526
0	10
0	280
494	1970
221	1969
0	0
0	0
0	0
0	0
0	0
0	0
0	0
0	1
0	1
0	898
62	837
0	211
0	0
4	311
2	22
0	93
0	46
0	42
1	0
0	844
4	897
115	89
0	89
0	15569
10	14113
0	18485
0	1181
0	5
307	18803
1054	19121
100	2561
33	1290
130	2513
6	368
11	232
9	272
1	14653
0	14485
0	16781
0	1644
11	2802
9	1110
0	2262
0	594
0	126
919	1060
2	944
0	331
0	0
4	2072
2	458
28	594
0	2068
6	2020
128	566
0	189
0	28
0	31
4	0
9	113
0	11
6	1
0	82
0	0
0	0
0	232
0	5
0	14
0	0
0	0
10	479
2	479
5	0
2	745
6	79
1	377
2	0
0	0
0	0
0	0
0	0
1502	0
9	4
2	4
470	1363
2	1097
0	591
8	178
0	191
0	121
0	54
4	8
5	1
0	30
917	1
1338	0
2	0
0	0
4880	2433
4	2429
25	198
105	1092
3	1015
9	174
0	1012
13	881
3	559
7	61
46	48
0	0
0	0
1	186
26	186
1	25
0	0
0	0
0	0
0	0
0	0
2	982
128	1423
0	189
15	1329
2	902
0	394
0	13
6	77
0	0
3	77
2395	673
91	668
13	96
2	130
1	28
1	77
0	79
3904	1825
0	703
0	51
16	1067
4	4
1	69
0	871
0	749
151	2229
129	1945
0	1945
179	2085
0	1228
211	425
25	335
20	21
1119	1
770	592
7	1
5	18
8	573
75	289
0	289
0	210
0	33
0	0
0	0
0	0
143	35
1	6
2	35
10	3
13	30
1	28
1	23
121	0
0	0
0	0
0	0
0	0
1038	909
28	490
6	416
1	21
2	351
628	1541
3	0
1	1527
10	1899
0	2334
0	3147
1150	3138
32	911
0	2319
0	2048
0	2
0	69
0	1737
1	79
0	170
0	268
0	21
0	50
0	1
0	300
0	0
6	35
0	194
0	198
1	287
1	391
0	33
0	225
0	23
0	55
0	519
0	440
0	519
0	155
0	0
108	553
118	553
0	289
10	223
7	0
0	441
1	453
11	712
0	553
140	849
14	680
2958	714
0	801
0	537
0	549
824	9950
61	8040
0	0
39	3898
2	193
1	631
2	799
24	3491
0	2527
101	10064
184	6
0	0
0	6
51	0
0	0
0	0
0	0
7	144
2872	325
3	181
15	0
9	0
673	12
9	4
70	1232
797	1544
0	1336
3	1404
0	18
0	88
0	11
0	549
2	20
0	0
0	0
0	0
0	0
0	0
0	0
0	0
0	0
0	0
356	0
71	1437
22	141
2	228
2	219
4	1253
20	205
0	1170
0	248
15	547
26	477
0	266
58	7223
122	7348
10	7224
12	639
211	2715
0	214
40	352
44	328
308	435
14	88
28	1694
17	1369
0	8
1	950
5	390
11	105
0	64
47	147
1	20
0	81
3	122
1	0
0	10
4	6
22	58
0	1
2	0
0	0
0	55
2	55
0	0
0	0
0	0
0	0
0	0
0	0
0	0
0	0
70	167
2	133
15	209
14	60
2	93
0	3
34	91
2	22
1	0
5	79
6067	6
396	12
0	12
9	0
9	0
0	0
0	0
0	0
1074	461
0	49
5	27
0	27
11	181
0	299
12	1
0	8
0	1
0	0
0	0
0	0
19	1189
9	1088
13	1656
0	252
75	579
0	507
2	40
0	0
0	0
1	767
17	206
0	0
0	0
1	0
13	3
1	3
11	43
0	253
0	242
0	243
246	797
0	12
0	832
5	713
10	448
0	38
6	1
0	59
200	2937
2444	3120
0	280
20	3
2	724
2	687
0	711
29	1179
1553	3607
329	3481
4	1513
84	1973
0	0
0	0
0	4212
36	4380
0	4374
0	4374
6	38
30	26
0	113
0	0
0	0
0	0
220	1835
593	1884
24	0
0	424
15	1
7	0
4	8
0	0
12	336
0	332
6	301
0	20
82	43
1	0
7	16
294	35
0	19
15	6815
3663	7224
4	545
8	6423
24	919
0	3562
0	3690
3468	4206
0	3083
1	2455
0	177
2	13
2	55
24	75
0	46
6	1
2	73
11432	10
1	0
8	8
0	14
0	17
0	14
1	4
0	0
0	1
0	0
0	0
0	0
2	937
123	937
0	68
1	69
0	32
7	4
0	9
0	9
0	9
55	384
47	383
28	13
6	71
33	23
0	0
0	0
0	0
0	0
0	0
15	99
0	506
1	496
2	7
53	506
0	148
106	148
9	6
6	136
1	110
0	129
467	3074
0	582
2	897
1	0
1	2246
0	0
0	0
0	0
0	0
0	0
0	0
0	0
0	0
0	573
60	880
1	46
0	981
0	12
5	758
210	833
0	1208
0	1549
9	2069
0	381
0	0
0	112
0	761
0	2156
0	2131
0	800
0	0
0	0
0	0
0	0
0	0
182	3614
2	18
2	719
7	776
0	3206
4	298
2	848
0	1107
0	4103
0	0
1064	1563
0	169
0	181
1	31
17	1529
7	0
0	9
0	15
1	94
0	64
2	77
18513	1142
1	1129
22	494
0	0
0	0
0	1004
0	1429
98	1321
3	0
0	0
0	21
583	177
3	28
6	81
26	11
0	10
0	1
0	3
0	10
0	6
0	0
57	380
5	317
0	50
18	63
0	3
1	228
6	227
0	19
0	96
1	6
1	59
0	1391
16	1336
7	76
0	754
0	1258
0	34
778	0
0	0
7	1
0	1
0	1
2	9
0	8
0	0
35	2133
1	1556
0	759
5	1472
0	182
0	944
1	46
0	17
0	0
0	0
0	0
1	105
4	3
0	0
0	3
0	0
0	0
10	943
1499	945
1433	303
14	301
0	20
25	367
312	367
1	4
0	0
0	0
0	0
1	0
0	0
0	0
65	13
0	2
0	11
0	0
0	0
2	0
746	1940
0	1938
42	871
33	175
1	139
0	299
508	23
45	20
4	13
19	20
12	11
0	8
0	12
0	1
0	1
40	81
4	56
1	73
162	141
2	73
2	57
9	108
0	24
6	0
0	0
0	0
0	0
0	0
0	0
0	0
0	0
0	0
0	0
41	2927
0	2045
0	3095
69	2711
5	656
0	31
1	27
1	146
0	204
0	1678
0	46
1	201
28	114
1199	448
2	346
0	140
0	1
0	168
0	140
0	61
1	24
353	353
2	12
2	351
4	0
11	1651
24	2110
0	1683
0	1925
4	810
27	883
14	10
0	1024
1	223
13	5
54	0
0	1353
26	1431
0	538
1	457
3	210
1	143
0	30
0	104
0	35
2	44
0	1
0	0
79	0
0	1363
0	134
0	166
0	162
0	170
0	167
0	158
0	172
0	167
0	162
0	156
0	164
0	172
0	141
0	58
0	34
0	135
0	25
0	29
0	36
0	107
0	45
0	160
0	164
163	167
0	48
0	97
0	99
0	136
0	144
0	154
0	5
0	116
0	0
0	11
0	53
10	26
5	0
0	159
11	38
0	20
0	19
3	2
218	2
0	0
0	0
1	216
0	216
0	216
1435	536
0	532
9	447
2	76
0	14
0	0
0	0
0	1
1	1
0	0
0	0
186	5220
166	2453
0	3830
1	3280
24	499
0	67
0	20
3382	2220
2	274
20	932
2	669
5	7
46	309
1	712
31	104
2	102
0	14
6	1
77	2844
0	148
23	74
25	2803
45	378
18	233
0	38
0	67
0	9
0	166
526	11215
0	10265
0	8064
0	1102
0	788
4	513
0	5
0	283
0	0
0	0
0	0
0	0
0	0
0	0
0	0
0	0
0	0
0	0
0	0
0	10258
4243	2
0	153
11	138
0	100
0	16
0	107
0	7
0	2
0	76
0	90
80	61
4	60
261	6057
0	6677
225	6405
28	650
30	431
0	16
62	7
7489	6
3447	3372
1310	3370
39	1067
6	327
0	743
52	538
1	67
10	536
0	428
0	372
8	64
1	73
0	71
21	54
0	0
3	412
233	212
1	212
0	99
6	355
7	352
14	353
0	10
0	54
0	28
5	19
0	4
0	0
0	27
362	5
45	5
103	634
4	65
6	585
3	8
2	10
31	446
3	1
0	1
0	20
4	2376
0	2378
46	147
0	2
1	2
0	2378
8	315
40	168
0	28
0	317
123	245
49	387
18	373
3	200
25	5
2	5
4	71
5	151
0	1028
3	39
0	100
0	91
15	166
17	211
0	23
29	320
0	16
0	51
5	971
0	0
0	0
0	0
0	0
0	0
0	0
0	0
0	0
21	50
7	50
1	0
285	59
2	59
0	17
0	116
4	116
1	85
0	74
0	0
0	4
116	2309
0	1297
1	370
1	496
0	1580
2	14
0	449
0	1141
29	560
8	53
0	1
0	0
295	88
0	87
1	61
1	0
0	1494
0	1588
0	1698
24	729
1	1
15	129
0	214
0	22
0	1585
0	1694
0	0
0	0
0	700
0	747
0	663
0	714
0	687
0	654
0	534
1	694
0	728
0	363
0	385
5	39
0	1
0	1
34	894
4	656
2	1016
0	631
0	341
1	628
37	1427
4	332
3	615
2	465
64	267
1	73
1	61
52	24
4	247
0	160
0	47
0	1441
112	0
19	201
224	203
0	3
7	181
0	0
0	0
0	3279
62	3289
0	524
0	524
0	524
0	524
0	524
0	524
0	524
15	453
0	0
2	335
0	0
296	589
0	542
0	358
0	51
0	5
48	335
2	335
6	45
0	22
0	30
0	11
0	0
2669	66
0	63
4	113
9	113
234	468
0	0
0	468
0	0
16	0
0	8
0	2
1	6
0	0
0	0
3444	1334
2	736
8	448
0	13
0	0
0	23
4	23
0	0
0	0
326	190
2	190
0	2
0	2
0	0
28	668
33	736
11	690
0	142
8	4
3	8
4	9
0	3
1	3
0	0
0	0
0	0
0	0
76	0
0	0
67	694
0	454
0	34
0	113
2	73
5	42
0	85
0	12
2	4
0	0
0	0
0	0
0	0
62	49
3	47
1	47
0	37
61	31
0	0
1	1380
11	741
0	779
0	90
6	486
2	181
0	0
0	0
0	0
0	0
1089	806
62	532
85	801
25	12
0	0
23	1957
4	1808
0	1686
24	329
0	0
0	0
1	0
0	0
0	0
0	0
0	0
0	0
49	0
0	1
0	1
1475	282
0	197
5	124
16	78
2	37
1	66
233	1233
0	1194
1	177
14	587
6	42
6	179
0	81
7	116
0	109
15	74
0	61
0	332
5	11
0	20
0	75
0	63
0	331
0	343
11	270
18	270
3	1
7	0
0	268
1	274
0	264
5	213
12	241
0	36
2	4
10	13
0	245
3055	3
4	40
4	270
1	130
0	215
0	215
0	2
0	0
0	0
0	8
0	2
0	239
0	1019
0	439
0	327
4	606
0	0
8	120
0	130
0	0
0	0
0	2
0	2
0	0
0	0
1491	1
31	727
0	366
1	725
0	2
9	49
0	9
0	38
1	0
0	16
0	8
1	0
51	437
0	83
0	438
0	0
0	0
0	0
0	0
0	0
13	79
1	79
0	0
0	0
0	0
360	47
84	47
266	0
0	0
0	0
596	445
0	228
0	0
1	5
1	3
2	23
0	0
0	175
4259	2357
6	2354
0	1726
0	363
0	1343
30	1023
0	125
0	234
1	120
1	119
0	109
0	68
1	1181
0	124
0	0
0	2
0	234
0	435
0	0
0	0
316	192
7	48
4	169
1	0
0	13
0	0
33	922
0	68
0	854
0	176
485	282
6	1
63	204
10	26
1	83
0	0
0	0
0	0
0	0
0	0
75	223
4	213
44	49
0	130
0	83
0	4
21	0
7	3
57	42
41	1457
6	1456
77	1432
1	38
0	20
0	20
0	20
0	13
1	9
0	13
0	6
0	1
0	0
0	0
1	0
0	0
0	0
0	20
17	7
0	7
40	386
0	150
1	35
0	80
0	28
0	25
0	20
0	3
0	1
1	0
8	217
877	226
0	220
16	70
1	54
0	35
0	46
0	1712
0	0
337	1001
2	912
1	90
1	165
0	0
0	3
146	845
0	42
51	847
26	814
0	79
4	17
0	0
0	178
0	110
2	56
0	93
0	0
7066	832
4	825
1	1
0	1
0	1
463	2365
31	474
0	2007
0	2007
72	2249
9	2224
3911	806
5	284
0	518
1	3553
94	3640
0	3544
38	1060
14	1217
0	3352
11	21
0	3649
523	1558
9	1425
6	1249
15	721
3	785
0	133
0	7
0	0
0	0
796	359
0	61
2	204
10	80
1	83
0	0
3	304
0	0
5	305
0	305
144	0
0	66
0	193
8	79
0	2
0	10
98	175
45	0
3943	1030
0	1025
0	8
0	0
0	0
38	905
13	92
16	996
16	25
23	57
2	9
764	88
0	1
0	26
0	4
0	56
2	153
0	138
6	156
0	48
0	137
0	0
0	0
1	346
3	349
4	344
13	347
0	21
0	34
2	348
426	1740
26	1679
0	4
0	127
0	152
1	312
8	310
425	332
0	4
0	4
0	11
1	8
1	80
2	25
0	58
263	601
11	585
0	0
0	0
1	0
0	355
4	355
0	374
0	38
0	23
0	21
0	0
0	0
0	0
0	0
2	807
0	695
21	863
0	17
2	154
0	94
1	27
0	0
0	0
0	1
0	1
2	2
2	2
0	0
0	0
1	0
81	8
0	0
0	8
0	0
0	0
0	0
0	0
0	0
0	0
0	0
0	0
0	0
403	169
0	21
3	94
4	101
8	163
0	59
0	108
0	34
0	0
0	59
0	1
0	1
0	1
0	1
13	69
0	51
3	61
1	55
1	15
0	0
0	0
11	168
0	11
17	11
0	20
1	20
0	20
0	1
0	0
0	0
0	0
0	162
1106	178
335	0
0	19
0	28
5	28
0	4
0	10
0	25
12	27
2	3
0	27
663	591
0	96
1	104
2	389
37	480
18	353
1241	366
2	366
0	0
129	8
0	8
2	2
0	0
0	0
16	962
1	148
0	109
30	5
0	999
0	0
0	0
0	0
4	1657
4	1547
0	1467
3	593
12	1053
0	1426
0	1601
0	961
0	1229
15	378
0	771
0	1201
0	0
0	126
0	858
92	333
0	169
0	135
5	135
0	17
1	22
10	90
0	88
1	0
65	5
64	4350
32	4346
63	4348
448	311
0	277
8	119
0	25
3	35
0	20
170	667
27	602
1	20
1	0
5	9
12	11
4	11
1	0
2	67
0	17
9	4
542	224
25	223
0	0
78	693
0	686
6	583
0	0
0	81
0	0
160	2908
1218	3302
15	539
0	878
3	988
1	5
0	0
23	8
0	3
0	8
1	4
126	149
20	94
937	4861
10	4257
5	3795
2	580
0	0
0	0
23	892
1	873
0	678
0	78
0	741
2	686
1	196
68	379
1	173
26	273
59	259
38	17
3	271
0	16
0	1
0	1
0	1
178	17
0	16
0	8
214	15
1	15
82	196
2	196
0	196
0	0
0	0
0	0
0	0
0	0
118	99
1	71
4	67
0	6
0	5
4	2
0	1
5	0
371	9509
50	503
0	498
0	227
1	9139
31	10003
18	8261
0	5
3	4217
0	357
15	337
9	1335
26	5605
1	1781
12	637
1	0
0	0
0	0
0	0
1	0
0	954
342	1434
4	1431
1	214
0	7
497	0
12	382
758	382
2238	1540
0	951
3	698
0	8
1	158
0	254
0	335
30	53
7	513
70	350
3	428
18	492
3	25
0	86
2	14
0	11
3	0
0	0
0	0
1640	28
0	28
1061	55
11	6
0	0
0	0
1	0
2	32
3	23
217	318
19	315
10	0
2559	0
0	3
0	12
1	14
0	2
1	5
0	5
0	362
5	449
0	310
0	553
1	322
0	410
1	461
0	238
0	1
0	0
0	0
1	919
30	231
0	1039
87	945
5	144
0	15
5	21
275	6191
294	5439
30	666
37	5
13	2336
0	735
85	13433
3210	13870
0	7051
0	1093
0	514
6	442
0	8
1	524
0	748
0	68
5	659
3	162
0	231
0	10
4	132
483	993
4	232
3	729
5	1748
39	2323
0	274
9	42
49	52
0	41
0	0
0	13
10	28
0	4
1	23
0	3
618	746
2	151
0	335
8	4365
4	4398
15	2412
5	3179
729	5025
6	425
0	80
0	0
0	0
5	0
3	0
86	177
0	25
0	4
0	177
0	0
0	0
1384	2
0	274
8	350
4	160
0	376
2	106
0	168
2	11
5	67
1	13
8	48
22	10
5	82
3	82
18	130
2	137
348	213
0	69
101	1368
44	42
0	0
0	1504
0	135
9	1507
3	16
0	47
0	42
0	19
2	19
958	0
27	324
3	285
2	314
0	6
7	12
1	19
0	179
0	7
0	2
0	0
2	0
162	1015
31	1050
0	309
8	65
4	163
0	211
0	0
7	152
9	59
0	1
0	1
9	3
5	317
0	674
0	0
0	688
0	260
31	531
0	459
2	147
0	404
0	302
0	200
0	114
6	109
4	254
2	98
224	780
2	193
0	539
0	565
2	15
0	15
1	10
0	487
1	528
115	548
0	56
0	9
0	72
4	0
0	38
2	37
0	34
0	35
0	0
0	0
0	3
0	0
0	1
777	1158
32	93
0	0
5	53
23	1121
0	12
0	2
0	2
0	2
0	2
0	2
0	2
0	1
0	0
0	2
2280	0
0	0
0	0
0	0
0	0
0	0
0	0
0	0
0	0
0	0
9	10
0	10
1188	1037
2	91
3	38
1	34
0	788
0	54
0	0
0	67
4	102
22	92
5	9
1340	3
0	2
0	108
32	121
143	180
2	155
9	88
79	322
8	166
0	129
6	122
57	0
3	54
0	38
0	61
0	66
2	10
0	58
0	56
1	9
1	0
14	4
0	56
2	11
0	48
0	10
0	3
0	0
0	11
1	47
41	1441
3	51
0	84
2	1474
431	0
0	0
0	0
0	0
0	0
0	0
0	0
0	0
0	0
34	520
37	502
0	73
4	50
0	20
2	142
0	33
7	1017
0	619
0	810
4	63
2	29
12	5
1	5
0	3
10	44
7	0
0	1004
150	114
5	5
0	114
0	44
2	2645
0	30
0	2402
0	2316
5	3085
0	351
1	2394
379	2936
189	3051
0	2333
14	1685
8	177
1	312
1	993
13	216
0	0
0	0
0	0
0	0
937	1485
11	1484
7	214
281	309
0	103
0	39
0	39
0	26
0	0
13	6
0	25
0	253
348	413
0	107
1	9
0	42
1	305
0	1
115	154
539	143
24	115
652	0
865	404
10	50
5	351
5	314
0	67
1	22
0	26
0	0
0	1
0	0
2	12
0	23
0	6
0	0
0	6
0	1
4	2
0	1
15	33
0	33
0	3
0	5
0	7
13	960
1	798
0	547
2	34
0	162
30	526
1	153
0	148
0	1051
0	1
7	10
0	9
0	0
0	5
92	1874
0	117
13	1873
0	148
0	59
2	1
0	8
0	30
3	6
1402	1678
19	1679
18	1240
4	709
17	1169
0	719
5	88
2	0
0	11
1	0
0	0
0	4648
45	4480
176	4695
2	47
0	470
0	690
22	4591
397	60
17	3
1	73
26	414
159	383
172	1991
1	1233
168	1755
7	0
1	1857
32	579
1	1532
0	1860
1	298
5	600
5	945
1	242
4	52
4	116
0	0
0	0
0	0
0	0
0	0
3	21
2045	1083
0	675
0	321
0	15
4	105
4	449
109	129
1	129
1	0
0	2
309	1153
0	206
1	65
3	2
7	132
1	91
3	5
8	776
1	0
0	11
47	144
0	639
5	414
16	187
1	189
73	10
3	11
0	21
0	63
8	0
252	52
1	66
128	659
9	330
8	617
0	95
0	128
0	67
2	66
12	221
9	59
0	118
0	1
0	1
0	1
0	0
140	26
4	16
0	10
0	16
0	0
0	0
5099	895
2	91
1	368
0	163
11	66
0	50
1	136
2	262
8	226
4	221
0	18
0	9
0	0
0	0
0	0
0	17
0	18
0	8
0	11
0	11
2	6
0	2
0	0
11	0
0	0
0	0
133	19
0	19
155	0
4569	342
5	341
4	318
11	400
10	282
0	58
8	361
0	560
0	39
22	169
52	126
24	77
4	28
0	11
22	20
87	0
0	2447
687	3327
6	6
0	47
0	2591
0	130
0	990
0	7
1	1
0	7
0	0
1	338
0	751
0	689
0	84
0	71
1	0
203	195
0	118
0	21
0	77
0	0
32	124
1061	2353
0	115
1	2229
186	275
5	275
89	145
2	213
0	3
0	3
0	0
0	3
288	1077
179	1077
747	1076
2	520
7	0
0	0
0	0
0	0
82	233
0	28
347	254
0	101
0	167
0	120
0	59
0	3
0	34
0	35
7	0
2	354
0	125
100	356
0	0
0	42
1	5
0	298
0	470
1	360
0	357
0	191
0	109
0	53
28	42
0	138
0	46
14	32
11	46
1	62
4	48
4	89
0	13
1	11
0	5
2	14
7	1
11	1
0	0
0	12
0	0
0	3
0	3
0	3
0	4
0	3
0	0
3337	1
0	0
0	0
0	0
0	0
0	0
0	0
0	0
0	0
0	0
0	0
723	12208
73	12208
107	1568
0	1001
6	1951
463	1759
0	1354
0	1488
7	143
1	7
8	1
14	1589
57	1755
3	145
14	933
0	891
0	44
0	75
0	21
0	190
3	0
5	0
3	146
2	1
0	1
0	0
0	0
0	0
0	0
6	1523
1	1633
0	1573
0	774
0	1252
0	1298
0	1289
1	0
0	0
0	0
6	2
0	0
0	1
0	0
0	2
0	0
0	0
0	0
0	0
0	0
0	0
0	32
0	32
0	14
0	6
34	680
0	680
0	23
1	0
234	1
0	1
0	0
1	1
0	0
0	0
0	0
0	0
0	0
520	2
191	886
0	886
58	886
7	0
2	0
0	189
0	135
0	44
0	0
1	0
230	480
1	79
0	105
1	176
23	22
0	0
4	145
3	3
4	0
38	1983
17	8562
11	8697
166	665
0	121
7	8529
0	8694
0	8498
33	2075
28	1871
1	271
0	233
0	9
5	546
0	9
0	0
48	2825
47	2624
0	1239
0	38
114	45
1	12
1	1
0	0
0	0
69	334
0	57
0	65
0	97
0	192
0	0
323	124
0	123
0	23
2	2
0	0
307	623
0	519
3	189
0	14
7	230
148	1149
0	130
0	0
7	0
3	50
0	38
3	1103
0	20
0	540
0	2
1	16
42	2447
1	1729
1	2131
0	1727
0	449
0	515
0	514
0	512
1	833
0	0
1	1
7	1
29	36
0	34
0	0
0	0
1	2
2	0
1	449
1	0
1	397
3	22
0	392
0	3
0	3
0	388
345	388
1	0
0	82
0	21
1938	2139
2	1877
0	1110
0	1058
0	407
2686	362
8	361
0	39
0	55
82	6
3	6
21	0
56	0
0	1352
1	1276
105	1352
0	907
2	141
0	42
25	2035
0	316
0	0
23	0
7	0
35	1980
1	79
4257	565
3	481
29	3
2	0
10	6564
11923	12317
14	12313
1	8249
11	403
5	11628
3	12315
3132	4611
2	4073
0	4625
0	0
0	0
1	0
6	27
0	3
0	10
0	0
0	17
0	0
0	0
0	0
0	0
0	2
0	2
21	6445
139	4735
16	6340
0	6435
268	4460
5	1954
362	3009
12	257
0	84
249	1876
0	86
0	226
0	483
121	2
38	3
0	3
103	706
0	438
0	696
1	0
0	87
2	2765
359	6250
1	102
0	1987
0	1820
23	1990
0	2888
0	1584
0	222
0	52
1	1530
1	135
0	1905
0	1614
0	0
0	61
1	1982
0	38
0	2022
0	83
4	78
0	232
0	1950
0	148
0	169
0	1781
0	400
0	549
2	1793
10	348
0	1697
12	1836
4	141
18	199
15	1597
1	817
0	0
0	5
0	1746
0	111
1	58
0	243
1	342
0	139
21	1869
0	505
0	366
0	221
0	480
0	2662
1	17
0	15
0	343
12	211
4	429
0	263
1	1510
3	5
44	1368
5	391
0	6242
127	0
0	0
0	0
42	665
21	307
45	395
119	571
1	730
0	263
8	155
1	38
1	122
3	8122
7	6537
67	3757
6	701
4	63
12	47
21	2420
0	635
1	614
8	608
2	166
0	39
31	32
126	522
0	522
0	0
0	0
0	0
1	689
0	643
47	227
5	27
1	234
5	114
0	66
0	0
0	0
0	0
16	91
1431	222
2	131
0	0
0	0
22	1809
231	1930
15	710
0	1691
1	107
1	48
1	487
0	0
11	6
0	6
418	1
56	1730
68	1728
23	1232
264	943
3	793
0	94
4	107
2	121
0	201
2	769
0	2
0	840
0	9
0	0
0	7
0	9
2	546
0	474
16	72
16	649
0	78
0	0
0	179
1	168
0	44
27	10
1	10
305	69
0	6
0	1
0	24
0	22
0	20
0	6
5	630
1	600
85	762
0	85
0	697
40	197
41	41
25	95
1	0
0	85
2	0
1	747
34	1036
0	1007
2	978
0	950
0	0
1	0
2	6
6	54
80	874
1	18
0	1013
0	161
3	27
52	124
0	539
30	35
3	6
0	19
7	208
5233	2484
2	531
1	1404
3	4
0	0
0	0
0	0
0	0
0	0
0	0
3	1
3	1
20	4
3	6
0	2
0	0
1	0
0	4
7223	366
12	361
0	1220
399	1223
3	411
0	13
0	0
0	0
0	0
1	25
1	73
0	82
5	68
0	11
0	9
0	12
0	12
0	65
0	1
0	3
9	15
0	13
4	0
111	5
0	0
0	0
0	0
0	0
0	0
0	0
0	0
0	0
0	0
0	0
0	0
0	0
0	0
0	0
0	0
69	243
0	199
16	151
0	210
0	28
1	221
1	24
134	48
0	10
4	0
6	38
6	22
22	1075
13	8
0	6
0	1323
6730	1328
305	3
0	3
5	0
1	0
0	0
1	14
0	12
0	0
0	2
0	0
0	0
0	0
6	2
3	0
11	30
5	478
3	5
0	560
1	527
16	449
0	629
0	511
0	475
2	64
0	29
5	5
0	479
1507	1459
117	1213
1	151
0	1229
2	931
1	1000
0	47
19	116
0	131
0	58
0	62
1	19
2	4
6	13
2	6
12	0
3	12
75	14
0	0
0	32
0	30
1	25
0	29
0	30
0	31
0	24
0	28
0	128
9	23
0	14
0	24
0	0
0	127
0	0
0	0
0	0
0	0
0	0
4	0
0	0
0	0
6	1380
21	1378
3	628
12	133
5	995
0	126
0	9
0	20
60	39
2768	1180
31	722
46	196
111	744
0	744
0	58
576	0
7	1342
4417	1345
16	631
3	760
1	405
113	5740
1	209
0	85
0	751
11	5685
16	183
0	0
0	2
20	1
249	204
0	176
0	109
3	0
0	9
0	176
211	677
98	678
0	45
0	107
6	3
3	6
11	1600
5	127
1	278
79	1632
0	906
0	864
0	142
13	513
6	31
3	0
0	0
19	0
44	149
0	149
2	30
0	1
0	22
29	29
2	29
8	8
356	870
3	793
0	0
1	20
36	538
5	171
0	129
1	46
95	1383
67	1482
2610	0
55	51
2	46
0	11
129	329
143	328
0	0
0	0
0	0
2764	3
0	0
4	416
0	0
0	0
95	24
0	5
0	1
0	1
0	17
0	8
0	8
0	405
49	405
3	120
67	226
1	152
1	48
0	3
0	0
0	0
0	0
0	0
0	0
0	0
0	0
0	0
0	0
22	0
0	0
0	0
0	0
7	0
0	0
0	0
0	0
0	0
0	0
8	2
0	0
0	2
1773	3079
2	946
18	959
11	2392
0	300
39	70
54	306
3	260
0	23
0	440
0	532
8	267
76	263
1	364
2	99
1	159
76	214
0	2
0	72
1	36
8	52
2	7
0	455
371	3302
0	522
1	2692
0	2693
3	460
0	1784
2	1831
5	0
0	0
0	1081
2	401
0	0
0	259
0	7
6	604
0	628
0	43
0	9
0	376
0	10
1	36
0	11
0	0
0	0
71	23
6	23
0	0
0	0
19	150
315	376
0	148
7	74
5	8
3	4
5	5
0	110
33	36
0	31
20	102
1690	104
5855	3425
24	162
2	917
46	860
0	2934
0	0
6	787
1017	0
0	0
0	10
2	10
0	1
0	0
0	2
0	1
0	1
0	0
0	0
0	0
1	0
0	0
0	0
0	0
0	0
0	0
0	0
0	0
0	0
0	0
0	0
5	5568
0	5274
4	2985
19	2444
107	1486
30	747
10	298
0	47
9	39
0	4
4	4
142	1502
224	1501
5	455
6	2
0	20
0	0
3	0
8	839
7	839
22	1
7	24
6	15
9	0
0	140
0	12
0	179
6	404
4	357
1	380
0	346
2	442
0	151
0	270
0	227
0	222
1	6
2	48
0	0
0	0
278	736
5	676
2	25
0	13
0	63
0	15
2	7
1	298
19	306
11	64
3	73
5	118
1	107
0	4595
1	4695
0	4804
0	5951
8	5120
6	5834
0	5368
0	4793
0	4808
0	4444
0	4458
0	4417
0	4568
0	4532
0	4409
0	4374
22	0
9	627
1	87
4	70
8	41
10	2773
1	2788
0	277
0	399
0	0
0	5679
0	5681
4	404
14	0
2394	2461
0	2477
27	196
19	403
9	22
1	0
0	132
1	550
0	0
0	0
104	465
4	465
230	2124
38	210
0	2120
13	394
5	392
3	2
0	0
0	0
1117	1
880	8525
3	2569
0	6620
0	7642
0	8328
1	7703
242	6409
0	4077
0	5154
44	4082
7	140
4	2276
2	225
21	3113
99	2428
115	27
0	27
6	975
2	26
0	0
0	5
2	8
2	125
2	380
0	7
6	3
0	5
2	3
0	2
0	6
0	6
0	0
0	0
0	0
5	10
0	10
10	0
22	741
10	116
4	651
3	692
612	1510
0	0
0	0
0	0
0	0
0	0
0	0
1	430
0	285
3	335
0	44
1	551
5	419
0	343
0	376
0	563
0	554
0	587
7	0
1668	2980
0	630
0	384
4	706
26	1811
0	1196
0	55
0	59
0	1
0	34
5	58
0	37
0	51
0	0
0	31
2	31
1	0
0	0
0	0
0	38
0	49
0	25
3	16
0	4
0	2
0	5
0	35
0	9
0	13
599	2445
3	0
7	2445
5	7
361	1288
6	1155
17	1240
41	167
6	143
2	2
0	22
0	165
0	0
0	0
0	0
0	0
0	0
1	9
26	9
19	726
0	91
260	727
0	66
1	705
0	67
3	54
0	307
0	20
0	318
0	0
0	511
3	5
0	684
424	972
0	948
0	465
0	389
15	375
0	0
0	23
0	13
2	0
0	0
31	0
43	70
0	0
0	0
4	642
39	642
0	95
1600	628
0	8
1	284
1	177
0	264
3	13
0	12
0	5
1	2
0	1
11	288
75	288
3	105
3309	3
1	2
0	1
1412	1196
0	1194
0	0
0	0
0	0
0	0
756	3267
126	2792
14	2838
0	2817
119	1387
3	118
2	938
0	3265
99	1755
0	1010
11	1813
0	627
0	893
5	1886
0	2874
3	2191
175	355
1	39
11	193
24	238
0	1695
0	0
0	0
0	0
1	1
0	0
0	0
0	1
0	97
0	1
0	45
0	1
0	54
0	1
0	0
0	98
0	97
0	0
0	0
0	0
0	0
2	0
102	4345
4	322
18	4023
435	262
0	250
2	11
3	117
21	0
14	77
0	0
0	56
0	53
0	0
2	40
1	0
1	12
0	18
104	173
1	0
0	0
1	0
0	0
0	0
1	0
1	0
20	0
442	270
0	267
0	38
3	49
2	45
0	1
0	18
4	56
2	4
1	1
0	0
0	2
0	2
0	0
0	0
3	1
1	2
0	1
19	1
17	487
3	486
0	0
2	115
41	115
0	21
0	26
1	8
0	4
0	2
0	29
4	7
3	1
0	14
0	0
0	29
60	47
0	41
0	5
0	5
0	0
0	0
5	1
0	0
1	0
0	379
0	379
39	418
11	14
56	4
0	2
0	3
0	4
0	360
26	379
0	0
785	325
1	325
74	2059
0	982
0	1592
15	36
0	181
2	22
1	449
0	66
11	122
1	101
2	3
5	594
0	0
84	1509
0	657
0	685
0	423
0	490
1	841
1	993
2	829
0	235
0	1116
0	807
0	946
0	109
1	1
0	605
1	1
0	0
0	0
5	436
0	456
1	432
5	0
2	299
0	327
0	110
0	137
0	109
0	0
0	0
0	0
2964	94
32	81
0	13
8	347
5	326
53	353
0	80
0	10
0	0
0	0
0	0
21	648
1	648
0	648
0	79
0	75
4	75
0	73
411	119
4	21
0	59
13	34
0	58
29	58
9	71
20	103
72	137
7	11
1	24
0	45
0	58
0	0
0	0
0	0
0	0
0	0
1	402
2	386
1	316
0	380
0	0
0	0
0	1
0	1
0	0
0	0
0	1
0	1
0	0
0	0
0	0
0	0
0	1395
0	298
2	261
1	54
0	73
0	6
0	219
2	365
0	102
0	363
0	1395
5	23
0	23
2	23
0	22
0	9
0	2
0	0
4	0
1	0
165	460
0	67
2	17
0	44
0	1874
3	1799
88	1763
0	130
0	2110
4	28
0	1
0	37
0	122
0	711
5	905
0	897
138	1476
0	1726
0	72
3	750
0	2116
27	15
1	0
0	14
1002	8884
63	8882
188	709
11	253
0	181
0	173
1	24
0	58
0	371
1	453
0	420
0	87
0	1089
8	273
0	172
0	25
0	108
0	10
0	108
0	139
1	36
2	0
2	186
0	25
0	958
0	1
261	32
0	31
711	792
83	765
5	20
0	33
0	0
1	1018
0	38
0	193
4	95
43	946
9	157
0	54
0	981
0	285
0	481
12	659
2	130
5	145
3	211
0	17
6	5
0	4
1599	2
56	369
13	90
7	5
6	391
0	105
10	1
0	1
2	1
311	446
0	446
479	2108
17	1815
62	68
0	1848
229	6
0	222
0	0
0	0
0	0
2	0
0	0
0	0
0	0
189	0
4	1976
25	2115
0	2135
1	1752
52	2016
0	2118
75	2015
0	30
4	27
225	1966
0	1966
0	132
0	2
0	9
2	0
0	0
4	0
618	71
4	69
3	1
0	23
2	18
0	18
2	0
3	1652
8	1652
46	933
0	1
2	93
0	101
1	101
2	101
0	12
0	11
0	0
0	0
0	2132
12	761
0	733
0	367
0	758
0	388
0	399
8	730
0	727
0	23
9	574
3	620
0	146
13	299
1	277
1	22
1	9
0	38
2	4
0	5
1	0
0	938
0	895
0	134
0	176
0	533
1	10
0	0
0	80
0	173
1	943
0	0
457	1
539	312
0	65
5	248
0	88
0	15
0	17
0	6
10	3
0	0
0	92
386	0
12	1
0	1
4	50
0	161
0	175
0	155
2	121
0	12
0	22
1	122
0	0
2	0
0	1
0	1
110	396
0	0
0	326
10	75
2	51
1	28
0	1
20	6
13	35
3	137
2	140
0	1475
0	0
15	156
0	183
3	46
0	1476
0	0
12	15
0	15
2	14
0	12
4	14
0	1
70	3036
1	3036
1	2819
2	72
7	5383
51	5382
0	5345
0	133
4	24
30	4
0	3
0	0
218	1
6	0
0	1
173	70
1	99
3	20
7	2
262	29
90	584
19	588
0	109
55	27
61	207
102	207
0	0
25	651
6	433
22	632
2	0
0	10
0	8
1	15
0	1
0	0
3	6
94	204
0	204
0	0
0	7
0	17
0	28
1	0
0	6
2	0
0	0
1	34
0	0
6	34
0	8
0	22
0	6
0	3
0	15
0	14
0	11
1	1387
3	1381
72	18
1	556
2	1529
0	1038
1	968
24	1744
70	1744
1	954
16	78
0	71
0	78
0	53
1	58
0	0
63	0
0	0
0	0
0	0
0	0
1	685
0	58
3	86
0	77
0	95
0	63
0	0
0	11
0	32
0	71
0	80
1	63
0	49
1	54
0	4
0	1
0	0
0	678
13	5818
0	5294
16	5583
0	6111
5	15
1	149
2	3
0	74
46	1081
0	438
10	1387
0	142
17	273
47	1273
0	7
0	7
0	7
2	30
756	31
107	232
4	42
14	223
3	8
1	2
7	142
1	75
1	3
0	0
0	3
0	107
0	112
1	36
2	2
0	98
0	1
1	10
0	13
0	0
0	0
3	1292
4681	1272
142	1268
0	59
0	57
138	271
0	271
56	111
3	2
0	67
0	2
0	21
0	39
0	87
1618	1615
10	1602
5	664
0	0
0	0
0	0
0	0
0	2
15	65
2	65
9	86
0	0
1	86
0	0
0	1
0	0
56	15
0	12
0	14
0	13
1	2
0	4
0	0
46	3
0	3
57	1968
2	1838
0	1455
1	25
13	0
0	149
0	17
0	8
166	7892
5730	8723
130	3482
4	10
12	60
3	1326
0	288
0	133
0	1487
0	767
17	85
0	382
5	35
0	48
5	77
0	482
0	762
1336	3917
59	3638
250	128
5	3
1	125
0	125
0	0
0	125
2	2
0	8
0	1
1	122
11	7
0	7
0	1
0	2
0	0
0	2
2	0
0	0
0	22
6	20
0	13
0	12
0	12
12	12
0	4
0	8
0	6
0	9
0	11
0	8
0	6
0	10
0	6
0	6
0	8
64	7
8	6
0	11
0	0
0	0
0	0
0	0
115	244
8	34
12	210
0	50
0	15
0	0
0	0
100	124
2	14436
0	17250
0	0
0	0
195	13535
39	1267
0	642
7	504
1	12785
0	16988
9	16540
2	1655
5	567
43	5963
18	2762
58	25
0	20
0	1860
0	1426
0	2340
29	1508
0	993
0	17205
0	16802
0	0
0	623
0	555
43	525
0	616
2	639
1	614
0	57
9	12
0	38
0	65
4	19
0	46
0	51
0	42
73	0
0	0
127	272
1	160
0	42
0	97
21	0
25	0
16	4271
229	7068
0	8230
159	7126
4	4273
1	19
0	0
0	117
1	397
331	530
0	42
2	13
0	530
42	85
0	57
289	1147
3	41
10	871
2	202
0	205
4	326
15	258
158	0
0	0
2166	48
1	18
9	30
0	6
3	6
0	0
2	528
0	56
3	467
6	9
4	28
28	523
1	56
0	66
0	0
0	179
2108	2059
65	2045
0	0
4	1
96	5780
1648	6245
0	3700
1	681
2	124
15	2293
0	2202
6	109
5	2678
8	0
17	0
0	4056
0	0
0	0
0	0
0	0
15	224
0	23
0	219
2	222
0	7
0	1
0	3
0	3
0	6
0	4
0	26
0	740
8	268
52	1096
11	123
5	792
34	935
0	72
0	0
2	212
14	123
1	128
5	20
0	114
0	111
5	499
7	514
9	209
17	230
6	148
16	38
2	412
7	411
0	446
2	62
0	109
34	6284
187	5918
16	783
85	6051
12	378
6	276
16	451
7	279
3	225
10	58
5	15
2	442
2	542
0	9
272	757
2	7
0	748
0	2
0	0
14	1295
82	1212
12	1111
0	254
3	186
612	153
0	153
0	47
0	17
213	677
0	407
9	566
38	557
12	567
1	179
3	18
17	300
8	392
0	389
0	28
0	0
0	0
1	0
579	685
0	189
28	616
8	478
0	13
119	7
2	7
48	256
3	87
3	118
3	119
2	31
1	26
0	34
0	0
3	1
262	0
0	0
0	0
0	0
0	0
0	0
0	0
60	130
28	43
865	1535
9	1480
2	299
132	5561
3	3550
0	143
0	4319
32	4857
0	0
8	220
1	1206
39	1384
2	651
1	1139
0	1117
3	336
0	0
0	0
0	0
0	0
28	359
7	853
107	1179
80	1215
10	980
56	1007
12	312
4	23
2	17
6	17
0	0
0	0
0	0
1	167
504	249
0	0
0	61
0	76
0	10
0	11
0	75
0	0
0	0
0	0
0	0
0	0
0	0
0	0
0	0
0	0
0	0
0	0
0	0
0	0
0	0
0	0
0	0
0	60
3	24
0	6
0	60
5	679
21	763
0	0
0	182
9	138
1	33
0	0
0	0
52	7
0	4
0	3
0	0
27	912
10	862
0	16
1	2
1527	2
0	1
0	0
15	3412
10	3967
84	2857
1	0
0	418
26	4882
389	132
0	124
0	132
0	0
0	46
9930	3
622	4414
19	4377
48	2185
6	1671
8	272
0	1259
5	710
4	267
0	170
6	0
91	4
1	4
0	0
0	0
0	0
174	546
102	546
0	0
1	0
0	0
0	0
0	0
0	0
548	1194
1	1190
2	651
254	302
0	223
2	223
90	67
0	67
0	3
0	0
0	0
2	78
1348	4396
0	3768
0	3248
1	1301
1	101
1	122
5	25
0	333
1	692
0	601
0	6
0	0
0	6
10	553
0	6
0	17
0	0
0	0
0	553
0	5
0	22
1	32
13	37
0	5
0	1
1365	1
41	0
37	1061
2	1091
39	691
2	213
0	1080
0	1
27	245
226	174
0	0
0	2
0	22
39	6
3	21
165	54
0	8
1	2
0	47
587	518
12	119
0	38
0	71
0	339
6	34
0	54
0	3
1	13
2	54
2	219
101	368
3	59
4	356
2	333
43	13
47	373
42	37
0	32
1	36
0	19
0	0
0	0
0	0
1	0
192	1916
0	620
61	1003
0	600
32	1361
3	361
25	203
2418	706
7	144
1	87
46	353
2	143
0	1235
6	99
808	846
0	25
76	3910
45	3999
273	379
0	4048
17	4050
31	4008
1	1841
5	5286
0	4025
19	253
0	2651
35	3846
15	187
7	251
3	275
0	473
0	58
74	1008
0	153
0	1202
0	42
20	218
13	161
36	901
0	57
49	675
0	9
8	20
301	550
1	145
0	5093
0	2660
917	102
12	45
2	2478
498	2479
7	30
0	23
0	20
0	20
0	4
0	8
2	7
1	7
0	6
1	10
0	11
1	11
0	0
0	0
100	233
21	231
23	9
3	0
0	0
0	0
4	11
0	11
85	0
0	0
0	0
0	0
114	270
3	28
0	14
1	2
0	5
0	226
0	8
0	17
7	0
97	57
0	10
1	8
0	17
1	24
332	5
1041	2
162	1702
3	12
1	2
1	593
0	1581
3	1494
11	1468
7	155
0	0
0	48
4	134
17	47
10	7
0	62
5	135
0	228
36	185
0	76
784	263
1	0
0	263
7	124
0	31
2	328
1985	5
0	1
2	68
0	68
0	3
0	2
0	2
0	2
0	0
0	233
0	377
0	1
779	4429
0	4429
1023	185
39	185
66	518
9	349
14	234
1	41
0	29
2	2
2	25
16	11
1	0
2	14
0	1
0	1
0	1
0	0
0	0
0	0
1672	205
0	182
0	23
0	0
0	0
0	0
0	0
0	0
0	0
0	0
0	0
0	0
3	0
1933	2443
0	35
50	2431
95	46
0	327
11	41
174	326
7	88
0	19
0	28
16	364
15	387
0	56
0	1877
0	1852
0	1771
0	2040
0	2015
8	312
1	181
0	33
2	2
2	5
1	0
0	3150
1	3543
17	3543
0	539
0	547
1	368
2	347
0	4
0	2
7	283
0	21
0	22
3	284
0	4
0	247
0	0
0	280
0	241
1	213
0	190
0	9
0	4
0	52
0	276
2	297
0	1
37	36
0	1
7	343
6	253
0	210
0	16
0	25
0	144
12	38
0	66
8	2088
3	1547
3	1865
10	196
0	61
0	1287
0	1024
0	0
0	3
14	119
5	252
667	1055
23	128
0	41
13	635
355	707
1	707
0	119
2	140
0	264
0	27
25	1009
0	965
5	947
0	764
1	940
3	52
0	925
0	808
0	9
11	0
4	0
6	728
0	2
0	0
12	2
0	3851
0	290
0	450
63	3369
4	85
7	144
1	453
8	10
189	3852
0	0
0	0
0	0
2199	1465
20	338
1	583
43	896
0	775
47	796
138	749
1	449
10	1
0	1208
0	1259
104	1171
10	0
0	21
3	27
0	12
0	23
0	13
0	1
3	2
0	62
0	1
0	1269
41	518
0	11
2	2
0	2
0	172
0	8
0	0
7	0
0	380
5	189
0	19
4	16
3	16
334	121
0	121
1	40
0	0
0	0
0	0
0	0
0	0
534	3262
1	3
0	3259
2	1
0	2
59	350
19	16
0	16
0	71
0	1
5	91
10	104
0	8
0	67
0	9
0	7
16	317
0	14
44	1
1	16
5	13
6	5
0	10
0	2
0	1
0	95
3	1
2	10
0	0
1	54
12	1
1	1
0	0
0	0
0	0
0	8
5	2308
1	1993
0	2202
0	265
0	5
0	42
0	35
0	1288
14	517
0	121
24	1343
16	13
1	1154
0	3
0	151
4	69
0	2185
0	1857
708	575
93	549
1	528
41	0
3	0
2	2168
0	1944
0	1935
0	2073
0	4944
10	78
48	315
6	0
3	38
4	0
0	1735
138	4944
0	1
4	264
2	9
0	1
1	264
0	14
0	14
0	7
0	6
0	1
116	4343
278	4343
47	679
0	538
0	0
3	2
23	186
7	2
8	544
72	230
0	72
3	9
2	22
37	815
2	818
49	813
2	246
9	311
1	100
79	651
51	580
18	70
18	45
0	19
0	46
38	315
0	136
4	38
5	18
6	19
0	0
9	0
1	643
433	614
1	412
79	0
7	273
0	0
0	7014
1	8069
0	9346
1	2340
2	4376
7	621
0	2611
3	703
0	0
2	126
0	0
0	9346
25	79
7	79
0	73
0	0
0	0
50	43
0	48
9	3
0	46
61	0
0	0
1	5
0	5
0	45
0	384
0	3
0	182
164	397
0	1
1	33
0	0
0	0
0	0
0	0
0	0
0	0
0	0
0	0
0	0
1	261
0	225
53	186
1	208
0	226
0	0
4920	4841
104	4837
2	1267
34	1234
13	925
1	86
0	19
0	0
0	0
259	822
426	822
0	0
0	0
183	104
3	104
0	0
1	0
0	0
0	0
0	0
2357	1
1	2262
18	2364
0	1649
55	1606
0	69
0	46
0	11
0	102
369	465
3	442
1	0
4	181
0	0
0	0
0	0
0	0
0	0
296	356
7	208
0	16
7	12
8	35
36	1848
10	1686
0	1798
0	1509
1	41
1	132
1	84
4	1186
4	2
0	142
0	0
50	437
20	121
0	0
2	1793
3	1684
16	1836
0	1793
18	0
3	342
34	266
0	128
3	11
0	18
94	226
169	3529
407	3613
0	16
86	532
6	531
12	533
0	354
0	234
2	69
0	0
0	0
0	0
538	801
153	811
8	447
0	84
0	446
2	263
0	70
0	1
0	3
0	3
0	4
0	0
0	0
0	4
2304	18555
14	180
5	18722
0	2314
3	266
3	3404
0	0
0	0
0	0
0	0
0	19
0	0
0	0
0	1300
3450	2347
1	192
0	266
0	2020
1	98
7	209
0	0
0	0
1006	433
1	439
0	373
4	341
0	379
0	6
3	7
2	1
660	1919
0	1698
1	4
3157	1380
2	1375
0	596
3	0
0	167
6	161
0	154
0	81
0	83
0	88
0	90
0	87
13	116
1072	635
65	624
0	1
55	546
10	112
54	5
2	0
344	691
38	691
43	401
0	16
20	40
2	280
0	4
0	357
4	0
67	149
1	113
5	90
0	118
7	81
0	0
0	0
0	0
0	0
0	0
0	0
1	0
493	65
4	2
1	10
4	1
1	0
0	5
0	50
0	0
0	13
149	107
0	16
0	65
0	47
0	614
0	583
0	111
0	404
0	106
80	108
3	1
4	134
2	48
1	44
0	26
0	39
0	86
0	61
0	97
2	4
1	92
0	59
19	54
6	0
2	0
1	43
0	0
1	2
0	0
0	2939
0	2971
0	2477
0	2572
10	3215
0	2610
0	2828
0	284
0	278
0	207
2	185
0	2853
0	2916
0	2850
0	2179
0	0
0	0
0	0
1	937
2	949
1	266
7	614
6	220
11	0
0	94
0	0
1	0
691	289
4	267
0	27
0	41
24	26
4	11
33	67
0	25
12	11
0	0
0	0
0	0
9	19
0	19
0	19
2	1
0	0
52	731
42	387
0	769
4	463
3	10
18	90
0	91
0	211
2	67
2	0
31	51
1	56
0	0
0	0
12	16
0	200
3	277
0	48
0	302
0	343
0	188
0	300
1	148
0	285
0	326
0	201
0	390
0	343
1	39
1	330
0	323
0	2
0	46
0	0
0	164
1835	279
0	1
0	1
0	0
0	0
0	1
2	0
0	0
0	0
0	0
0	0
0	0
0	0
0	0
0	0
0	1
0	1
0	0
0	0
424	0
11	0
818	1
0	1
977	1
8	299
0	815
1	122
2	385
2	90
2	147
5	608
0	0
0	1
0	83
0	87
0	5
0	0
0	1
0	0
0	0
0	0
0	22
1	18
0	22
1	22
0	5
0	5
1	0
0	1
0	4
0	0
0	0
0	0
0	0
1409	2557
0	2556
0	0
26	81
0	73
0	36
0	1
1	1
793	0
0	0
0	0
0	2
85	795
9	82
7	303
0	0
24	667
1	60
1	765
0	0
3	166
0	96
720	962
133	962
8	77
2	0
0	77
6	21
5	21
1	0
0	513
27	1192
0	463
3	298
0	218
1	448
5	6
2	544
0	502
0	11
1	46
0	1220
1019	0
0	252
2	116
0	1
2	720
0	262
0	39
0	16
6	226
0	619
2	149
0	26
0	105
16	590
14	50
37	339
1	9
0	270
0	0
514	32
2	32
122	1634
9	1620
0	1066
4	91
12	264
10	126
1	153
12	53
113	460
0	33
46	48
0	16
1	4
0	454
1	34
0	449
1	101
0	53
771	768
0	547
1	530
0	479
1	221
0	20
0	275
0	98
3	286
0	155
0	12
0	8
6	20
0	0
0	0
0	0
0	0
1	649
2198	2199
0	1894
0	1847
5	248
45	322
0	12
10	287
0	178
2	0
0	25
0	12
0	7
1342	123
5	122
0	0
0	85
0	674
11	692
0	189
2	46
0	111
0	5
503	169
0	26
6	145
0	5
6	4
25	413
123	413
0	0
0	0
586	0
0	0
2096	98
2	5
1	93
0	0
0	0
1	282
28	1996
10	2037
0	353
0	3
96	886
0	2050
0	0
928	3517
14	27
1	296
10	136
4	1350
0	653
1	1583
0	2531
0	1843
0	967
4	854
2	0
0	0
0	0
514	0
0	0
0	0
0	0
0	0
0	0
0	0
0	0
0	0
1590	418
14	417
40	88
1	88
0	0
0	0
0	0
0	1202
0	0
0	83
0	12
0	2
1	20
1	12
13	81
0	0
0	12
0	75
0	10
0	6
0	6
0	0
0	0
0	0
0	5
0	13
23	54
4	97
0	94
0	94
0	83
0	89
0	89
0	92
62	1528
2	548
3	1183
8	969
7	137
2	2
0	1
0	2
0	2
0	2
0	2
0	2
0	2
78	663
0	694
0	0
0	0
0	75
0	26
0	174
1	173
427	186
2	129
0	112
0	0
0	64
0	4
1	49
0	0
0	4
0	46
5	29
0	46
0	0
0	0
0	0
0	0
0	0
0	0
0	0
1	0
0	2
0	2
0	1
216	372
0	27
0	38
960	316
0	48
1662	0
10	49
12	19
8	4
0	15
3	31
2	0
0	2
0	1
0	0
0	0
2114	70
0	68
0	27
0	0
0	0
0	0
0	0
6	832
114	996
1	601
0	31
19	154
0	94
1406	1712
88	1113
0	21
2	213
17	323
33	70
20	56
1	525
3	0
0	14
0	49
0	0
0	49
0	0
0	0
1305	658
2	175
1	476
1	273
0	351
32	225
30	147
0	233
22	144
5	75
2339	200
12	155
22	0
1	20
0	110
0	4
0	0
0	103
8	32
520	257
0	177
1	2
4197	1967
34	1410
0	1205
0	1339
1	916
0	1171
0	1347
0	1133
1	1108
0	1032
0	1271
0	1194
0	1167
0	1167
0	1235
0	1276
0	1168
0	1079
0	1135
0	1136
0	1192
0	214
0	440
1	319
0	204
2	18
0	60
0	0
0	172
0	1458
0	1034
0	1167
12	1007
0	1033
0	1592
0	992
0	945
0	1649
37	2106
5	2103
25	1076
1	294
0	6
0	6
22	587
9	587
0	0
0	0
0	0
23	452
5	452
0	281
0	0
513	0
154	7
3	7
0	0
0	0
41	0
0	0
0	18
2030	1
80	227
1	226
5	39
3	76
3	1
0	10
0	2
15	10
0	0
0	0
22	56
17	426
0	426
1	101
4	262
5	2
0	0
0	1301
260	1532
140	514
6	984
199	1049
16	947
11	1001
27	529
5587	5145
5	4068
1	151
3	160
2	802
63	485
3	343
0	56
0	14
0	151
3	0
0	0
1083	264
0	264
7569	3369
1	1760
0	3347
0	4
2	0
0	0
0	0
119	240
345	241
117	112
4	33
3	49
0	28
3	66
56	94
2	12
9	25
1077	116
2	45
1217	2
2	870
0	1083
0	1172
11	1330
0	107
0	512
1	0
1	496
0	52
0	364
0	20
3	3
0	1072
21	1178
20	1178
1	1078
62	1096
0	221
1	1005
4	22
2	331
1	14
0	0
0	0
0	0
0	0
3960	784
84	778
2	0
0	0
0	0
0	0
0	0
6	1472
0	1304
1	1312
1	28
0	1358
0	566
0	573
7	70
0	107
7	30
0	24
0	14
0	0
0	567
0	2
184	0
13	1666
12	0
7	432
299	1695
21	502
3	429
689	873
0	872
0	869
0	274
265	0
17	0
1602	426
0	202
0	138
0	91
10	9
0	0
0	0
0	0
409	7
6	7
0	0
0	0
0	0
0	0
0	0
1	0
0	7
11	546
38	365
2	4
0	449
0	6
6	48
0	15
0	1
0	0
0	0
0	0
0	0
0	0
0	0
0	0
0	0
0	0
0	5
0	0
0	4
0	0
0	0
0	0
0	0
1	5
1	2
2	287
1	1391
70	1500
1	328
3	0
1	72
3	0
127	421
19	330
1	144
1	1473
0	0
0	0
0	0
0	0
816	128
0	128
0	89
0	91
1	84
0	84
1	0
0	9
0	6
2	6
0	33
0	31
0	6
0	2
3	0
0	93
0	93
0	91
1500	653
2	10
6	23
5	64
0	381
0	60
0	0
0	0
0	5
0	0
8	0
0	0
0	0
0	0
0	0
0	0
282	187
0	186
1	154
0	49
0	105
0	29
11	5
0	5
0	0
0	0
1	0
0	3
1	18
598	81
5	9
11	80
0	0
38	709
3	69
34	1971
3	93
286	6610
126	3485
0	2454
0	8
7	115
71	6733
0	6495
0	0
0	40
0	42
0	18
0	16
0	12
0	6
0	3
0	42
0	0
0	0
0	0
0	0
0	0
0	0
0	0
0	0
0	0
585	322
23	294
7	990
0	1297
29	1324
53	1312
13	305
4	0
12	40
0	128
11	68
0	45
0	124
0	20
29	129
2153	1992
1	221
4	177
0	1771
0	362
0	208
0	0
39	999
0	1412
70	1324
0	1270
13	148
8	30
3	27
0	17
6	204
1	53
5	219
1	12
0	8
1	85
4	60
0	19
2	0
0	0
364	264
0	188
1252	2
813	15515
0	15515
229	1324
2	11
1	448
0	439
0	71
24	55
1	63
0	4
0	32
0	59
0	0
0	41
1	0
0	0
0	0
0	0
0	0
0	0
0	0
11	215
0	196
0	186
15	263
0	165
0	93
0	44
0	33
16	78
0	0
0	0
35	142
6	109
2	1
35	141
1	4342
427	4446
5	24
2	3192
1	6
0	364
2	126
105	695
9	23
0	23
18522	19171
0	4062
80	897
30	11154
0	4295
27	1098
19	496
0	4983
3	951
2	13
0	14
1	0
3	28
0	28
0	7089
0	8207
1	7867
4	391
61	510
6	570
0	0
4	0
0	0
0	38
8	72
0	0
79	3599
1	2828
0	796
5	486
33	1438
20	3353
174	470
80	349
3335	5
80	435
17	2
1	435
0	5
1693	114
0	21
0	78
1	13
720	0
22	275
2	275
11	1
1	0
8	3
0	3
0	0
142	1764
58	1763
1	107
155	193
0	152
3	95
2	65
6	2
20	2382
53	1633
0	1311
0	624
7	404
3	2454
2	6
0	6
28	0
15	283
9	182
0	206
2	64
3	0
0	11
0	31
7	24
285	329
0	295
0	236
0	319
4	81
3	27
4	176
0	43
2	0
0	3
0	5
4	21
0	0
266	28
0	27
0	0
2	1
6	1034
4	617
1	390
1	308
0	545
0	35
0	0
0	1034
0	481
0	0
15	9
0	0
0	1
10	991
44	1616
55	2068
27	1509
9	128
0	32
6	883
0	75
0	0
0	0
3	156
1	126
0	71
0	0
0	8
0	0
0	0
0	156
0	0
31	100
1	0
3657	1502
2	1501
76	22
0	0
0	0
0	179
0	142
19	167
0	0
0	52
0	1
127	33
0	179
0	0
0	0
0	1904
0	1557
0	1786
101	816
0	233
0	199
1	8
0	382
0	249
5	87
0	0
0	0
4	2936
0	3524
3	2896
4	944
3	3
0	272
0	533
0	1
154	3527
12	2
43	168
12	11
0	4879
0	4708
0	4531
31	4499
104	4682
0	0
0	1526
0	0
0	108
18	28
59	898
0	590
16	3381
16	3246
3	3552
0	1393
0	999
0	898
0	1063
0	774
0	861
0	786
4	742
32	568
1	186
2	11
3	218
0	36
0	3
3	3
0	249
0	207
0	3136
49	382
0	1
0	1
0	414
0	93
0	409
0	0
0	0
0	0
0	0
0	0
0	0
35	1402
0	1008
0	1082
247	1359
33	243
10	32
8	352
7	244
0	37
2	0
91	485
0	43
46	246
29	202
40	5
20	53
1	1121
11	788
155	6
3	947
119	1079
0	14
1	1020
0	32
23	639
4	465
78	239
2	63
2	0
3	61
4	21
0	101
18	124
3	22
0	64
1	56
0	0
1112	750
0	747
2	301
0	427
0	57
0	0
0	0
3	1681
3	1870
20	586
144	228
6	81
1	0
1	15
0	12
0	0
0	3
0	4
0	0
0	6
24	1091
7	1086
26	1242
0	1190
16	1479
0	347
0	521
0	162
97	307
0	39
5	1
0	186
0	29
0	0
0	0
0	0
76	4
0	1
0	4
4	1
0	0
0	0
197	619
22	32
0	33
1	25
0	362
1	83
0	341
405	387
0	35
10	361
1	1
0	7
0	21
0	1120
20	1418
6	832
18	873
15	1241
0	940
6	1215
6	72
11	156
0	107
0	169
1	40
15	92
0	102
247	72
0	1
6	19
7	68
0	4
103	2769
2	1892
176	2658
0	127
0	7
0	852
7	423
0	119
0	91
5	0
259	1853
1	1589
0	298
6	1533
2	626
1	0
1	67
0	9
0	63
0	1
0	4
0	8
0	0
4	0
0	3
0	0
0	0
0	0
0	0
0	0
0	0
1391	132
51	131
1742	2311
9	677
6	74
55	1169
2	1018
8	6
4	110
0	148
26	2828
0	260
1	2530
0	588
0	0
0	5
0	24
0	541
0	0
1	112
0	14
0	8
0	16
0	5
0	1552
0	0
0	0
0	0
0	0
43	12
27	3051
269	3374
11	60
1	10
0	10
831	9019
72	111
0	111
0	16
2008	241
0	14
0	49
11	167
2	21
23	21
0	8
1	0
61	8
0	0
7	0
0	1560
63	5798
0	1107
4	44
5	58
1	44
5	56
420	2772
9	2466
94	31
1	0
0	0
0	4
0	109
0	0
0	171
95	646
0	646
108	6
0	3
0	0
0	0
0	0
0	92
0	82
1	2351
93	2412
17	123
0	711
0	80
154	1125
0	134
13	1125
129	1580
63	1570
4	0
0	7
1	1629
0	86
6	22
0	11
0	1643
0	25
0	25
0	25
665	682
0	682
1	2
0	9
0	3
0	7
0	7
7	51
35	211
0	50
14	0
9	147
8	56
0	10
155	0
95	800
0	557
0	0
0	244
3	2
814	245
7	245
1443	349
24	13
1	117
0	0
5	221
19	1538
14	1457
0	216
0	1136
6	71
0	225
25	255
0	191
175	558
3	512
1	9
9	11
13	100
0	77
9	0
1	252
4	8
16	234
21	48
3	62
4	252
1487	3
1049	161
0	160
1351	2
635	662
0	615
4	116
2	38
13	264
12	121
5	136
0	70
8	33
33	47
17	32
4	26
0	0
22	25
227	26
0	195
1765	330
1	74
0	166
0	109
0	0
0	0
0	0
0	0
0	0
0	0
0	0
0	0
0	0
0	0
3	12
1	11
0	2
2	1
0	391
1275	423
0	384
3	6
1	0
547	299
0	100
5	200
0	1
8	123
0	3
232	937
13	962
0	944
1	943
7	955
12	937
0	930
0	352
0	13
0	28
0	3
0	110
5	21
185	80
0	0
5	64
2012	2382
0	854
0	954
0	1075
6	0
5	0
0	0
0	0
36	270
43	225
0	29
0	13
6	3
0	23
2	6
0	4
0	45
0	0
0	0
0	713
0	0
1	0
0	0
1	0
840	23
0	21
0	0
1	2
0	0
0	0
0	0
265	3678
24	3677
124	167
1	142
10	171
3645	1132
2	10
4	1116
4	489
0	3
0	1
0	1
5	1607
154	1649
0	1174
17	6
98	5
0	5
2138	1
2523	15
9	15
1	9
11	8
4	6
94	6
1	0
0	4
5	779
0	737
15	442
49	248
0	4
0	649
0	72
0	70
0	20
0	354
2	9
40	63
0	5
5	8
10	78
4	4
8	78
0	1
0	0
0	0
0	0
0	392
2	546
2	406
0	30
0	29
0	2
0	167
15	0
0	528
0	6
0	0
0	0
0	4
5	6
0	32
1	32
1	0
14	0
123	200
23	160
25	6
1	181
0	141
2	112
782	1
225	1732
14	1686
4	990
0	0
13	826
7	793
19	37
23	821
0	106
27	113
0	0
7	195
13	0
4	57
5	3
3	64
0	25
2	206
10	820
28	781
86	761
0	191
6	2
4	5
42	0
0	0
0	0
0	0
0	0
80	608
16	486
6	17
1	20
0	199
0	38
0	47
0	33
0	947
0	940
7	625
0	824
0	8
2	5
0	3
0	1
1	0
195	289
5	23
0	39
0	163
0	0
0	0
233	282
5	1
6	134
59	261
63	279
12	168
0	4
0	0
1	0
3	1046
188	1998
2	197
0	1139
0	725
234	473
0	438
0	0
763	201
10	158
1	17
4	45
5374	9020
2	2541
1	2797
14	1485
530	1485
2	559
19	27
0	138
0	0
793	1
3	0
0	24
0	24
0	14
0	11
0	3
0	16
0	16
0	16
0	16
0	0
3	23
0	0
0	6
1	20
0	20
2	195
138	971
274	971
0	737
0	16
8	45
0	1034
41	641
369	111
14	97
0	526
0	3
0	641
0	0
69	460
3	91
0	89
1	2
446	524
1	1892
36	1743
42	1856
0	323
106	11
0	11
147	385
95	385
0	0
2	56
21	361
0	27
4	106
0	269
0	85
0	43
13	45
0	6
3	86
0	0
1	0
1055	43
0	52
89	28
0	0
0	0
0	1
0	0
0	0
0	1
1	0
0	1
0	1
11	3558
0	3444
0	3299
0	1
0	579
20	756
1	2
0	2403
6	1000
65	1163
2904	2525
0	2400
4	937
0	1110
1155	475
8	474
0	0
0	0
0	0
5315	10825
66	9549
0	918
5	956
0	921
1	1275
0	668
1	0
0	0
0	0
0	0
1	105
129	108
0	1
3	2
7	366
6	320
0	143
1	160
1	0
0	347
2	478
1	441
0	469
17	473
0	40
64	244
0	33
0	0
4	73
57	1826
0	2604
468	2752
0	2243
6	207
5	359
0	416
124	60
0	2
0	0
6	52
0	35
46	146
8	81
0	1
0	1
167	1928
144	1928
2	49
8	12
6	4439
0	3974
80	4556
49	4555
0	30
0	145
23	77
1	190
501	887
0	115
2	193
0	887
5	5
12	3793
19	25
0	181
6	95
58	3786
1	0
4	37
429	1102
0	100
177	1342
5	1313
97	1282
11	15
0	484
2	806
0	5
1	289
2	233
0	63
2	240
9	106
2	44
0	0
8	0
0	0
0	0
0	0
458	160
2	10
1	3
0	5
1	15
0	0
175	159
0	1
1	143
3	10
0	0
0	0
0	0
0	0
0	0
8	1257
0	1084
4	1104
120	751
0	741
0	851
0	71
2	85
6	73
7	21
16	192
7	175
0	27
19	0
0	23
0	10
11	39
1	29
0	33
0	7
1	12
13	20
0	20
0	0
0	0
0	0
0	0
0	0
0	0
0	0
1	0
0	0
0	0
122	59
14	5
1	54
3	4
0	4
13	456
0	5
8	60
1	4
19	0
2	0
221	729
0	727
93	16
0	15
0	1
0	18
75	181
1	48
7	92
0	250
10	365
0	79
1848	4
314	0
4	0
0	0
87	1631
2	1
0	1631
16	784
0	559
6	68
1	0
4	174
101	312
5	12
0	8
0	10
0	1
0	1
14	333
28	73
5	98
0	24
14	136
6	51
0	0
30	81
0	58
0	24
95	1
0	31
2	53
0	109
25	80
1	2
2	2
0	2
4	7
1	0
9	45
0	38
88	1364
17	1346
18	1352
5	29
3	106
0	0
3	158
0	141
0	146
0	144
0	149
0	139
0	132
0	141
0	156
0	158
0	153
1	12
1	20
0	6
0	3
0	153
5	121
31	329
27	362
1	3
0	127
0	337
32	329
0	123
7	34
1	30
0	0
0	0
0	0
0	0
1379	0
32	0
0	0
0	0
0	0
0	0
185	712
1	705
1	168
0	4
0	441
1	14
2	282
24	270
3	90
753	2689
0	439
0	2587
5	2721
0	1925
17	1996
5	1824
1	996
0	135
0	0
0	102
0	176
0	74
0	150
0	135
0	98
0	187
7	140
1	63
4	101
0	1
8	1
0	6
0	95
0	7
0	2
0	0
9	37
0	26
5	0
330	935
12	928
0	98
0	7
0	22
0	9
0	398
49	531
5	1
7	22
0	19
0	494
11	4777
112	5191
0	5364
2	974
0	4940
0	1046
0	280
53	865
8	756
50	124
2	147
20	159
0	19
0	642
1	127
0	130
4	235
0	240
0	0
0	61
3	93
0	6
1	28
0	4
0	594
0	0
0	0
0	0
0	0
0	0
1	0
0	0
0	0
0	0
0	0
0	65
0	68
0	76
0	48
0	56
6	417
0	420
1	401
0	460
0	460
104	387
3	341
54	342
0	341
1	0
0	0
1	0
0	0
40	240
1	33
0	378
907	1536
0	1135
0	0
0	0
29	9440
3	840
0	407
1598	9441
1	1294
3	1117
0	0
0	0
0	0
37	222
0	164
1	123
0	0
0	0
0	0
1	2
0	2
0	2
1956	914
0	384
0	345
6	520
0	290
2	0
0	0
22	2
0	0
0	0
1014	381
3	281
3	32
0	337
2	0
2	31
1	49
0	0
5	0
0	0
0	0
24	11016
480	11249
17	2788
0	1140
0	238
8	179
4	62
0	150
0	0
0	0
0	0
0	0
0	0
0	0
0	0
0	0
0	0
0	0
0	0
2	2
0	283
0	34
14	89
0	92
0	44
4	0
0	0
0	17
0	8
0	1
0	0
0	0
11	0
0	65
0	10
1	59
24	0
2	2
0	0
51	173
0	173
0	44
0	2
2	4
6	340
75	372
1	285
2	255
3	356
0	350
2	350
0	117
0	221
2	143
0	26
0	0
1	0
0	0
0	0
4	10
1	10
0	0
0	140
2	10
0	0
0	0
82	138
0	8
0	24
98	270
25	235
0	164
10	255
6	44
1	30
0	0
0	0
0	0
44	54
0	52
0	0
9	0
4	32
6	32
41	176
36	176
1	149
0	701
123	734
462	565
11	3
1404	3
23	8
0	0
0	0
0	0
0	0
1	9
0	12
51	0
0	0
0	33
0	32
0	34
0	32
0	48
0	1
0	48
0	48
0	883
22	58
10	847
2	0
2	77
0	84
17	11
0	5
3	2
18	67
3	24
2	5
0	3
0	880
596	191
1	189
0	29
0	4
0	29
480	265
1	107
3	1
0	158
0	56
0	0
59	0
0	0
0	0
0	0
0	9
0	17
0	11
10	2252
0	2987
0	2994
1	239
10	4
5	150
0	2994
0	5509
237	2437
61	3645
87	6321
3	552
1	896
7	3803
3	3
261	4456
0	4673
0	4873
4	1447
27	124
0	67
7	120
0	120
224	1448
1	1447
4	0
201	6633
1	6070
163	6118
353	2393
64	82
47	0
21	15
0	276
5	1452
2788	8056
0	20
71	17
0	12
0	0
1	0
0	11
104	11
12	2082
137	5024
0	5107
0	3118
1	1547
0	580
1	83
0	5173
1169	458
0	448
1	90
2	26
379	35
1	32
2	2
0	0
0	0
0	5
0	99
0	99
0	1873
0	1860
0	1943
0	1904
0	1786
0	1891
0	1940
0	1817
0	1947
0	1575
0	2081
0	1986
0	1863
0	2048
0	1875
0	1979
0	1943
0	1984
0	1906
0	1967
0	1920
2	1745
0	2055
2	165
0	150
0	168
0	10
0	5
0	1813
0	2040
1911	690
5	322
2	31
0	4
5	69
4	198
0	109
1	0
3	11
0	165
4	142
4	143
10	143
0	101
0	22
1244	136
0	0
0	28
0	0
0	99
0	72
0	3
495	19
52	311
0	4
0	35
0	289
0	0
0	0
0	0
0	0
36	142
2	112
32	98
8	37
0	21
2	21
0	0
0	11
0	105
0	294
4	0
0	72
0	294
0	0
0	0
0	0
651	145
0	45
0	22
0	44
0	55
1	0
0	0
25	9
0	380
15	10
43	5
43	18
8	214
0	347
18	1492
19	146
0	1551
0	286
0	64
1	69
27	265
3013	3054
0	3001
7	161
25	429
0	259
1399	259
1	40
4	722
1	305
0	804
0	22
0	909
0	776
0	1
1	73
0	687
1	53
3	46
0	80
0	2
0	0
0	0
4	16297
6900	16299
0	12598
2	3302
1	0
0	20546
0	90
8	49
0	54
6	80
3	4
97	92
20	92
0	22
0	779
0	459
2	357
1	383
13	431
0	54
810	1489
19	2737
0	1
1	195
29	138
0	2640
0	254
84	262
1	173
0	126
17	66
3	28
0	4
64	70
3	68
2	13
1	7
0	0
0	0
0	1
0	0
15	51
7	24
5	2773
3	128
7	22
4	117
0	20
0	63
0	2756
16	35
1	1089
13	937
16	906
4	860
2	775
5	14
9	30
1	19
0	67
36	1172
1	402
14	849
2	65
2	596
25	918
1	896
0	765
1	749
24	14
7	217
20	7
6	4
5	50
12	84
1	28
6	2
0	6
5	0
2	9
1393	625
0	518
20	93
26	37
2	699
0	7550
0	7539
1	7547
20	0
5	4087
11	5627
5	3384
0	4656
6	5702
1	15
0	5
0	15
249	613
13	225
2	396
23	79
257	766
9	717
70	61
43	4
196	1435
96	1435
0	117
0	1
0	1
65	151
0	2
0	148
0	16
0	10
0	0
0	1
0	3
74	486
4	122
0	5
0	374
1	2
204	134
0	16
0	133
2	4
3	150
52	4525
3831	3824
24	4497
236	3360
0	3796
0	1078
0	0
1285	64
0	62
52	120
0	99
0	79
1	65
2	30
4	0
0	0
0	0
0	0
0	0
373	1380
14	1380
6	0
4	0
0	0
6	0
1005	8324
2656	8326
9	3647
30	334
303	335
0	0
0	0
0	0
0	0
923	347
4	74
0	0
0	0
0	0
0	0
12	613
15	613
0	0
1	0
3	25
0	31
0	303
0	117
71	182
0	613
15	52
0	52
3	15
0	15
0	14
0	0
0	0
3	6
0	6
95	1032
1	256
1	68
0	144
3	66
42	1032
263	764
25	639
4	13
356	246
0	122
0	13889
0	15922
765	14434
7	7883
32	259
160	8273
33	457
13	1000
14	631
0	22
6	0
7	0
0	0
0	141
19	176
1	125
2	17
1	4
0	1
0	113
0	161
1	27
5	64
8	204
1994	313
0	190
0	276
0	113
6	3
0	3
1	0
9	463
626	469
160	429
0	131
0	258
0	0
0	0
0	0
0	0
0	0
4	367
4	336
2	45
0	1
1	0
0	0
62	327
0	327
0	0
0	17
276	0
20	3792
0	139
61	3901
8	2264
40	3912
35	2048
4	0
0	0
0	0
111	3940
194	4071
0	727
35	1196
577	1204
9	993
0	778
0	1389
0	338
4	192
6	15
83	82
0	82
392	3118
23	3080
204	2632
14	0
0	386
1	10
0	145
0	63
25	1630
0	245
0	0
0	0
0	0
0	0
14	2
0	2
0	0
0	0
0	0
0	0
0	0
0	0
0	365
0	307
26	136
0	5
2	13
11	35
354	2476
2	46
0	2476
0	0
11	0
4	31
3	46
1239	1421
734	806
52	1359
32	677
3	11
0	0
1	0
0	365
535	48
1	48
47	6217
692	6218
0	3
0	35
1	34
0	586
1	125
1	1
408	75
1	75
0	0
0	0
0	0
0	0
3	8
0	8
0	0
35	18
0	16
0	2
0	0
0	19
0	12
0	7
1	10
0	6
0	0
0	0
9	206
89	1236
1857	1243
2	1207
36	11
172	2180
11	37
18	199
14	2206
409	1102
2	1045
3	326
0	402
1	29
539	954
0	117
10	158
4	834
17	0
127	1418
8	171
0	1508
0	1179
246	823
336	3101
96	3100
6	1877
220	167
10	28
0	144
2	96
2	93
0	70
20	79
0	75
2	26
13	6
0	0
1	1
0	1
0	1
0	0
0	0
127	465
0	245
0	181
0	78
13	26
1	42
2	92
0	0
0	0
1	0
0	0
2	32
0	36
2	27
0	29
0	17
0	22
0	29
0	29
0	30
0	16
0	29
1	29
0	19
0	14
0	29
0	28
5	62
0	29
0	0
0	20
0	20
0	37
0	37
0	29
2	29
0	29
0	28
0	29
0	29
0	29
0	28
0	29
0	9
0	0
4	182
23	324
0	324
57	311
4	292
372	201
121	98
5	43
3	68
1	38
61	1649
13	1843
0	482
49	574
3	0
9	2356
0	2878
0	1691
0	1929
4	2015
0	1936
10	2657
1	2715
0	2819
0	2282
0	1593
0	956
2	0
10	532
1	93
0	2
0	91
174	6169
0	586
10	2257
7	58
0	4838
0	93
4	2222
0	1
9	199
1	192
9	589
0	35
1	562
10	561
4	1
0	0
0	0
0	3
0	3
1	0
311	27
4	24
0	3
1791	141
0	91
0	5
0	0
16	0
2	48
10	2974
53	2861
39	3014
8	3324
0	0
0	27
1	4
0	22
4	23
292	0
53	315
6	0
3	142
4	74
2	161
7	0
21	24
8	47
18	61
0	0
0	7
2	7
4010	195
0	33
0	94
1	1
9	65
0	0
0	36
0	33
0	13
0	3
0	6
0	8
143	4655
77	3140
0	2835
252	4752
102	1515
128	2386
0	0
750	2827
2	1455
0	724
2	367
15	138
0	93
0	2824
0	0
0	0
0	0
3	0
1566	372
1	177
88	370
0	741
51	2040
11	646
14	1538
1	356
0	165
1	316
5	3
2	89
0	467
2	8
2	422
5	135
7	7466
323	7467
2	7545
0	3976
26	3578
7	3663
2	38
2	1555
0	541
3	433
26	420
1	236
3	305
0	79
1	28
2	0
2	0
41	1
0	5618
0	203
0	971
0	129
0	158
0	13
1	2
0	971
0	183
34	2074
8	1494
76	1044
1	69
65	336
423	0
80	630
1	106
0	484
0	481
0	481
0	5
0	391
0	71
0	253
7	31
0	0
0	0
0	0
0	0
0	0
0	0
0	0
0	0
26	222
7	223
0	169
0	203
0	12
1133	579
53	482
0	568
0	3
1	0
0	0
0	255
141	277
1	35
0	136
0	1
1	2
0	6
0	42
0	0
4223	723
22	658
4958	59
1	1
0	7
1	58
121	8
0	0
1	0
1	8
2	3
0	0
381	1298
53	1611
6	693
0	412
0	986
0	0
1	231
0	232
4	1
3578	3197
0	2003
5	1739
0	542
38	61
0	22
0	3
0	38
612	4017
7	1635
0	2430
171	31
5	31
1144	461
1	371
0	10
8	79
0	0
0	0
37	72
0	66
0	0
2	6
3	0
0	60
0	6499
223	6684
0	6113
0	4055
0	392
10	1280
0	10
0	99
2	344
0	268
2	334
1	0
1	8
0	6
250	390
2	14
10	13
0	236
1	10
1	33
16	88
58	2
4	2
594	207
0	172
0	6
2	67
0	54
0	0
0	11
2	0
0	10
290	208
94	208
0	10
0	29
0	1
2	0
0	29
18	264
5	705
0	585
372	738
1	3
0	8
14	14
0	123
54	631
0	432
0	320
18	0
4	82
4	0
111	266
1	265
1	0
2	0
1987	776
0	775
0	769
0	0
0	0
1	48
1	48
0	48
0	13
4	38
329	7598
64	0
173	7306
100	270
0	1125
58	39
0	3444
43	1821
13	434
17	98
0	1598
2	280
0	0
0	365
77	1788
50	2321
26	2443
357	2509
3	2241
1	350
2	83
1	499
0	9
0	16
0	1106
0	22
0	0
2	0
0	0
0	0
0	0
2	0
1	0
384	1
0	0
8	1267
0	22
10	255
6	112
3	43
6	11
1	18
0	146
27	40
7	6
17	1
0	1257
209	13
6	6
0	4
1	23
0	18
0	0
0	1281
41	1281
0	93
0	143
0	44
10	1243
255	0
0	63
0	56
0	7
0	0
278	138
2	35
0	103
200	800
1	610
0	0
2	23
18	417
6	93
3	0
0	1
5907	117
47	46
14	0
0	0
152	0
1	0
0	9
3	9
435	6
0	4
2500	7
15	0
6	0
175	384
30	104
13	232
0	5
1	0
0	61
18	309
0	309
2	234
1	0
0	3
0	0
0	0
0	0
4	0
0	0
0	0
678	0
0	0
0	0
0	0
0	0
0	0
0	0
0	0
0	0
0	0
380	3097
28	2501
9	604
11	1809
2	157
0	0
0	0
23154	796
13	573
11	0
0	175
0	75
418	75
0	68
0	1
0	1
0	0
0	0
41	0
0	22
2	23
0	23
1	7
1487	114
1	94
1	13
0	970
83	981
0	11
0	24
352	290
15	290
1	815
49	726
1	28
0	815
18	4
0	18
0	45
1	74
0	74
0	0
1	5
0	1
0	8
0	75
0	0
27	499
74	575
4	168
0	7
4	5
0	17
3	17
0	2
1	3
0	0
0	0
3358	814
7	657
38	912
65	559
1	0
0	813
0	3
0	3
0	0
0	0
0	0
0	0
0	0
0	552
1	130
12	24
1	488
0	1
481	0
0	4
0	4
125	159
5	159
4	69
0	64
0	56
0	2
0	0
0	0
0	0
0	0
9	761
20	761
2	46
4	22
12	8
679	11237
1377	12464
0	4418
0	5955
5	1868
0	978
6	41
0	10
0	0
0	10
0	0
0	0
0	10
1	1
1	1
0	0
1	39
0	32
1	798
0	992
0	229
0	5
6	1149
0	4
0	147
11	1099
0	42
0	15
1	8
11	574
0	81
1033	2485
2	2463
0	104
0	373
12	170
5	73
8	850
1	157
11	645
3	415
0	430
2	4
0	154
6	0
37	413
3	379
94	327
3	17
0	41
12	4694
2	4272
13	674
7	414
4	313
13	3
0	98
0	207
0	0
0	0
24	0
211	1861
21	1652
0	1744
18	1088
75	978
0	1130
27	62
0	6
2	0
0	126
0	28
1	6
0	139
1	9
1	98
0	11
0	156
0	14
0	989
0	0
0	12110
2	5041
0	10682
0	2523
0	1193
8	359
2	2
0	486
0	10813
2	10807
200	12646
0	12658
527	4
0	0
0	0
76	170
5	170
2	8
0	3
0	8
0	29
60	18
63	2024
75	1795
5	2031
3	949
0	1793
104	623
5	75
0	333
1	254
0	254
18167	4040
0	0
1	8
0	15
0	16
0	0
74	377
1	377
1	58
0	49
1	58
0	5
2	7
2	359
13	291
9	359
1	0
0	216
0	2
0	2
0	2
0	0
190	76
0	1
2	433
0	585
1	576
0	434
0	263
164	299
0	632
0	444
4	310
77	316
0	0
0	0
657	1107
0	329
1	230
0	111
10	548
0	55
17	60
66	60
1154	19
1	19
0	30
0	1
0	30
0	3
3	3
0	0
37	10
0	10
30	5
2	5
926	528
2	155
2	431
34	267
1	216
0	13
1	13
0	0
2	0
1012	1649
0	362
2	1390
0	1672
0	1579
0	1625
0	1478
60	1356
0	1357
0	1276
0	1243
0	1264
0	1246
0	1264
0	1298
0	1207
0	1197
0	1156
0	1204
2	24
2	0
0	8
4	8
0	1509
0	1491
0	1582
0	1593
83	721
41	717
0	55
0	0
0	0
0	54
0	35
0	25
1	52
0	0
5	337
6	0
17	418
0	0
2	209
9	80
11	206
0	293
0	89
0	376
5	457
0	7
1569	245
22	244
0	0
625	241
8	177
1	13
1	64
70	3648
71	3558
3	435
37	534
6	293
0	1491
0	459
9	55
0	101
18	101
8	3230
34	44
0	2260
0	138
52	541
0	396
0	344
7	307
0	437
2	210
12	284
0	0
2	428
14	364
0	428
7	364
5	1
0	0
20	0
0	0
0	0
5	0
0	0
48	540
0	417
1	552
22	16
21	27
0	0
0	37
2	82
3	37
2	37
3	37
1	84
0	3
84	307
0	245
0	20
0	8
3	25
7	112
10	90
0	22
0	0
0	447
0	509
1	540
3	435
36	190
0	395
3	481
0	271
0	452
3	306
0	331
10	377
0	2
2	13
0	0
0	0
0	0
2	53
0	5
0	23
0	0
0	0
244	73
0	48
4	8
0	20
1	0
8651	80
0	78
70	110
0	78
0	38
0	110
0	0
0	0
0	0
0	0
415	273
8	271
32	22
0	271
984	1200
0	804
0	833
0	848
0	882
0	847
1	809
0	834
0	852
0	824
0	857
0	821
2	20
0	57
0	63
0	176
0	126
2	465
0	990
17	142
0	69
1	145
25	144
0	756
31	96
0	0
0	0
0	0
0	0
254	1441
41	106
1	1284
2	7
0	0
1	502
0	10
0	1287
0	0
0	0
186	1105
4	504
29	1105
2	0
0	11
11	25
0	34
0	0
19	347
0	35
0	312
4	47
0	14
0	47
1	0
0	0
492	602
3	598
2	35
0	0
0	0
0	0
3701	4148
0	122
643	1
2	0
0	0
0	0
0	0
0	1074
904	1039
0	9
0	66
2	15
5	1027
106	37
0	37
1	1
19	660
10	77
0	0
4	39
0	1052
0	0
0	2
0	270
0	1030
4	1361
0	86
0	1842
1	44
6	49
0	98
0	1842
11	180
5	11826
53	14647
7	2737
57	9113
0	3935
8	3917
2	6221
77	1820
1	100
4	118
0	62
0	0
0	0
0	0
0	0
0	0
0	0
4	2084
3	460
11	134
1	652
0	773
4	2152
0	1
0	1
0	1
2958	4
0	295
6	43
1	1203
0	1
169	1227
29	0
0	0
7	1217
0	1127
1	2
0	1047
0	23
1	1110
0	22
8	21
2	22
0	858
1	20
3	510
3	905
0	78
0	70
0	0
0	0
0	23
0	12
0	1031
0	22
2	0
0	0
4	658
4	1
1	76
0	1023
726	0
0	1
0	6
0	12
0	0
0	0
0	0
0	0
0	12
0	0
0	0
0	0
842	1173
14	0
47	1172
5	2
0	0
0	2
116	21
1	21
0	0
7	3
4	49
0	51
0	5
0	29
83	490
0	49
2	88
0	0
0	138
0	5
0	75
0	218
0	1
0	42
2	0
0	0
0	0
0	0
0	0
3	281
28	578
346	762
15	337
20	288
1	340
1	150
335	163
10	189
33	229
5	234
0	231
5	211
0	239
23	558
31	628
0	482
0	631
9	0
1	103
2	124
718	46
0	45
1	41
4	0
30	150
28	1141
39	992
5	444
14	388
1	309
0	361
1	80
6	86
0	0
2	1
0	5
3	14
0	14
0	1
0	0
0	2
0	1
0	19
0	19
31	19
0	49
172	316
4	315
6	40
15	10
2	15
6	95
208	39
0	39
3	42
0	139
8	10649
9	2916
10	2617
2	341
1	10800
6	1482
241	9252
161	10823
8	10821
2	10285
40	227
3	40
0	4
0	686
4	766
0	0
0	132
57	421
0	421
2	109
0	0
138	0
0	0
0	623
0	2866
14	2743
0	7
8	185
0	128
0	521
46	78
5	103
0	9
0	9
0	0
0	4
0	73
4	66
0	79
0	38
4	23
0	12
0	11
0	30
2	37
0	25
1	2
0	0
5	14
1	0
0	5
0	0
0	81
26	93
91	106
9	30
0	7
0	7
1	37
1	9
0	0
0	0
0	0
0	0
0	0
0	0
0	0
0	0
0	0
0	0
0	0
0	0
0	0
0	0
0	9
0	0
0	9
0	0
0	9
0	9
0	0
0	1
0	1
0	0
1	1
5349	3480
2	2075
0	813
0	121
0	126
1	1661
0	0
0	0
0	0
0	0
192	87
0	87
2	9
0	15
10	12
26	89
1	92
0	0
0	0
16	1556
21	1627
0	0
2	1567
15	255
0	11
2	11
0	1
0	0
0	0
2335	553
0	194
0	350
1	114
0	0
0	0
55	424
1	192
0	44
0	59
0	3
0	197
0	4
0	96
0	0
0	64
3	36
469	90
4	67
13	23
2	0
45	67
1	62
0	35
0	6
0	7
632	91
0	24
0	20
0	47
876	24
1	24
19	1665
5	839
0	1994
2	866
0	1083
0	959
0	1042
0	1059
6	878
16	273
0	83
16	559
0	78
5	44
20	84
101	279
3	288
0	85
92	169
0	163
0	3
0	15
21	12
0	7
0	0
879	0
65	141
0	141
1	1
5	130
419	636
0	10
19	98
0	84
0	32
0	98
0	544
61	539
1	277
0	0
0	36
0	17
3	196
0	360
1111	2107
0	1531
280	1794
0	339
46	260
3	260
0	1
3	376
24	226
0	321
0	39
1	17
0	20
0	53
1	23
0	1
131	1345
0	1345
0	136
0	29
0	101
3	0
1	71
1	0
0	285
14	43
0	181
4	264
6	347
0	501
1	278
1	351
15	273
0	221
517	1988
1	371
127	1690
78	33
0	26
0	530
0	110
0	664
265	664
0	0
2526	756
4	755
0	0
0	0
0	0
0	0
0	305
83	305
147	83
3	18
0	9
0	10
2	24
0	23
656	1391
3	800
0	258
4	185
3	92
0	48
4	118
3	107
8	100
0	107
0	96
0	190
0	131
0	7
1	2
0	147
0	179
0	144
0	0
1105	4991
20	4717
8	39
1	550
39	218
0	0
1	119
1	3
0	0
7	4
115	617
0	16
8	29
28	87
8	344
0	163
32	510
0	14
0	0
34	163
0	209
1	163
0	0
0	0
0	0
0	0
0	0
0	0
0	0
0	0
929	331
1	2
2	5
1	30
0	0
0	45
0	5
0	1
0	0
0	4
0	4
0	0
0	0
1	0
0	0
4	458
11150	463
0	0
0	0
56	2
0	2
0	0
6	13
0	13
97	4
1	4
0	0
5610	3
57	0
0	0
0	0
39	351
39	238
9	154
23	482
31	392
3	81
2	0
0	0
0	0
2	80
0	61
1	10
0	48
5	66
0	28
0	34
668	171
0	226
102	1782
73	1816
47	75
0	0
24	65
0	66
0	66
7	4
60	762
11	761
6	79
213	70
3	112
61	0
444	1284
3	1283
6	7
1	21
0	28
0	456
0	1
0	25
42	132
0	0
5	75
18	22
4	61
5	27
0	27
263	109
3	54
4	41
6	20
7	297
887	582
17	63
7	252
0	14
1	135
21	346
24	213
17	33
0	0
0	0
0	0
0	0
0	0
0	0
676	8
0	7
29	20
0	20
73	0
0	0
0	0
0	0
0	18
0	18
0	4
0	13
0	0
87	49
1	41
0	42
0	20
4	8
3	1
78	106
0	69
0	37
1	750
2	298
2	0
0	750
232	169
9	76
0	115
0	55
0	0
0	0
113	1728
7	50
1	40
11	91
2	104
67	291
21	818
1	11
0	408
29	19
0	77
17	10
0	176
0	6
1435	233
2	49
5	0
0	178
1245	1
0	41
0	40
0	2
0	3
0	4
0	12
1	1
0	11
0	0
0	2
0	3
0	11
0	12
0	12
0	1
0	4
2	9
0	2
0	9
0	1
184	185
8	184
8	4
0	0
0	0
0	6863
101	8373
33	8412
0	8349
0	8769
1	489
70	495
0	382
1	12
1	75
2	37
23	60
0	203
1095	217
1120	920
3	159
1	9432
4	73
10	657
2	613
1	9155
22	619
0	637
82	8670
7	12496
27	11321
22	12448
0	11294
89	7691
0	7303
96	5207
86	1753
3	0
0	45
0	0
0	0
0	0
1	0
72	90
2	121
4	157
7	1
0	0
0	1
0	1
0	0
0	0
0	0
0	0
0	0
0	0
3	110
3	109
0	1
53	15
0	6
4	9
0	3
550	211
0	74
0	181
0	9
0	0
2	97
16	638
10	673
2	535
0	698
9	498
5	638
30	27
0	0
0	0
0	0
0	0
228	1719
228	1814
0	143
48	301
32	64
0	1
50	1731
0	0
0	0
1	1
0	0
0	1
0	0
14	3
0	2
0	0
0	0
0	0
0	0
0	0
22	100
4	85
11	85
0	83
17	96
1	82
0	0
0	83
146	189
0	176
0	125
0	115
0	25
1	11
0	0
0	0
0	0
0	0
3	0
0	1330
1	583
0	5497
0	0
411	8418
0	385
3	1111
0	8096
1	0
0	0
1	2129
99	2450
0	1910
2	119
109	95
2	260
455	1068
0	1067
0	9
590	111
1	171
384	546
0	4
1	0
54	43
0	0
1	10
0	33
5469	1398
4	490
1	239
0	392
0	276
38	16
207	16
0	2
0	0
0	0
0	2
2	1282
8	5764
0	692
0	1969
177	6184
3	389
3	1336
0	625
0	212
6	546
18	91
4	20
3	88
8	13
2	42
10	69
0	1
5	22
12	18
73	921
0	945
5	978
6	994
0	247
0	3
0	316
1723	716
112	865
10	9
0	0
0	8
0	9
17	20339
0	15345
32	13
2	125
2	435
413	7540
467	17288
0	790
1	1206
0	218
4	189
17	16939
0	15165
0	150
1	1016
13	1991
25	48
97	2550
0	256
1	1658
4	40
0	1130
0	15384
0	10242
11	12
0	1
2	1085
1	159
0	1207
0	1
85	140
4	1085
1	801
0	0
6	49
0	87
3	114
0	5
0	1197
0	1456
0	624
0	134
0	1456
8	0
0	2170
1	2000
4	2057
11	2346
0	2185
23	1434
5	1313
0	1101
1	59
70	491
75	450
0	16
48	584
94	746
0	120
0	39
44	642
0	89
0	275
0	20
0	651
2	16
16	218
0	651
33	739
0	465
36	520
21	95
72	120
0	0
0	48
7	40
0	1
141	750
72	300
1	64
11	34
0	190
2	148
25	162
1	104
2	109
1	73
0	375
23	375
8	0
0	0
0	0
0	0
0	0
3	202
449	644
3	554
7	84
0	444
1	27
2	39
10	99
0	1
0	0
0	0
0	0
0	0
0	0
0	0
0	0
0	0
0	0
219	3901
212	2533
7	10
8	293
17	555
1	191
0	2
1	183
1	6
0	44
0	5
0	3
0	5
27	168
0	136
3	123
1	19
0	117
1	0
0	32
0	1
0	1
0	1
45	0
40	142
0	142
632	281
5	1
8	9
0	0
0	146
0	107
1	193
1	0
0	10
0	0
0	0
0	0
0	0
0	0
0	0
15	51
1	35
0	33
279	1568
23	486
2	1568
4	529
0	315
4	2
15	8
0	0
1	219
0	151
0	92
0	138
0	136
0	90
0	53
0	85
0	18
0	5
3	38
0	0
0	0
0	0
3	70
2955	1587
5	37
36	22
0	1
14	1199
9	1303
8	89
0	51
0	44
0	31
0	31
70	37
1	22
0	37
2	11
3	15
2	30
1	23
0	27
0	19
0	16
2	14
1	6
0	4
0	3
0	3
0	3
0	2
1	1
0	1
0	4
0	0
0	1
2	345
0	258
0	54
0	91
1	87
1	58
1	16
20	165
0	100
1	29
0	1
11	1
0	1
233	990
1	981
1	989
0	980
1	96
0	326
2	3
2564	4136
6	1803
1	567
11	1812
6	4004
0	0
0	0
0	0
10	14
0	14
0	0
6	0
54	0
0	0
0	0
10	5453
0	5547
2	5175
0	4682
126	4386
134	3110
42	3041
3	308
0	868
2	57
2	60
0	5
3	4650
1326	1783
9	1201
0	95
7	2
262	1781
7	48
8	64
3	58
0	17
0	5
30	12
1	0
0	0
0	0
0	0
0	116
526	1379
3	141
5	678
0	434
0	994
2	268
8	176
1	0
0	1
0	1
0	0
66	376
54	83
3	35
2	166
0	21
0	43
0	284
4	48
9	446
4	446
2	27
0	12
32	1012
0	667
3	741
0	716
10	672
6	65
6	0
516	1751
1	1630
0	137
0	147
0	0
0	149
142	96
4	96
1202	342
0	150
17	337
0	502
0	509
0	507
0	524
0	132
0	159
4	16
1	16
0	517
138	474
100	422
0	31
0	21
0	6
0	0
3	6
0	6
0	6
0	3
0	3
2	322
3	16
0	296
25	279
1	289
1	12
1	0
3	0
371	19
0	0
2	18
1130	2863
1	1391
1	1216
1	1145
11	1535
16	1260
1	4
0	36
0	86
3	122
3	0
383	707
14	298
6	345
4	368
0	180
109	332
13	187
1	0
0	990
5	1293
0	1374
1	13
6	723
0	835
0	36
0	66
0	27
0	132
0	82
0	15
0	10
4	92
0	1422
0	1276
498	1
2496	89
5	68
0	0
0	0
0	0
0	0
2801	1528
19	1263
0	424
25	47
74	498
1	134
0	99
0	45
478	149
5	49
11	23
4	23
414	2163
1	1930
0	162
4	57
1	46
2	279
275	1521
19	981
2	538
1	174
6	176
15	42
1	15
426	1
15	708
141	850
12	333
11	112
22	241
1	119
20	208
4	155
0	101
9	562
8	192
0	125
2	37
0	0
18	220
0	231
7	24
0	28
0	57
0	4
2	86
0	231
26	148
9	149
0	1
0	60
0	4
0	0
0	2
0	2
0	1
0	2
0	0
0	0
3242	3213
2	1188
0	319
0	2129
0	88
4	567
2237	292
7	294
8	54
48	25
0	15
0	15
0	15
0	6
0	0
29	2854
2	152
38	6
339	134
0	11
0	129
1857	571
1	258
0	451
5	997
8	755
17	899
5	1225
0	1517
3541	12
15	368
1	370
17	359
2	1
5	0
2556	1048
2	7
0	312
8	334
8	935
1	73
2	5
11	397
3	372
2	48
0	79
5	26
0	22
4	33
0	13
1	0
15	327
0	355
4	241
3	16
0	0
3	755
0	494
45	2990
0	25
3	2715
0	2583
0	0
0	222
7	483
77	1026
5	903
4	169
22	50
2	271
0	156
24	88
1266	3418
1	98
0	3320
463	53
4	32
0	20
0	0
0	0
0	0
0	0
0	0
0	0
0	0
0	0
0	0
0	0
0	0
0	0
0	0
0	167
0	203
0	104
0	25
182	80
2629	19
0	0
14	15
0	0
137	0
0	1
0	1
0	1
0	1
551	0
3	0
0	0
21532	3568
2	1028
3	1655
0	129
0	144
2	847
0	0
0	0
0	0
0	33
2	264
18	172
1	39
68	61
7	239
0	224
6	110
4	511
0	672
0	610
0	122
1	90
0	0
0	4
0	1
0	4
0	4
2	111
157	471
61	490
9	472
0	461
0	233
0	269
20	231
6	528
0	9
1	8
419	91
0	21
0	70
5512	5264
3	5256
650	256
5	67
0	62
0	37
2	239
0	1
0	76
0	76
0	0
0	0
3	184
1	17
2	7
1	17
10	196
639	1109
4	0
0	1099
0	0
0	0
3	15
12	1674
0	2653
268	5295
31	2708
6	5293
1	1686
0	18
0	24
0	2239
348	1080
0	1080
0	0
0	0
0	0
11	91
0	85
0	13
0	50
0	9
345	4
1	7
0	1792
0	11
21	1794
3	1245
3	858
0	904
5	982
0	1093
1	62
1	42
1	111
0	199
4	106
0	139
7	43
0	31
0	12
0	3
0	3
2	1244
0	1292
1	1253
0	102
654	2577
66	2480
18	786
0	144
0	784
4	54
0	0
0	83
1	48
0	0
0	0
522	0
0	63
0	1179
3	19
8	1494
0	1060
1	539
0	1054
0	24
1	1418
1	0
835	1120
0	26
0	181
0	383
1	295
8	5
13	77
0	58
0	760
0	0
0	850
0	1239
114	2339
0	241
0	1135
0	655
0	413
0	975
0	2157
226	1
145	202
9	182
6	29
0	25
0	127
0	335
0	327
2	328
0	33
0	352
0	360
0	1311
114	1487
0	212
5	1286
0	1211
1	1314
0	58
0	1171
0	0
0	0
0	0
0	0
0	0
0	0
17	10
550	23
1	23
918	238
1	6
6	13
2	230
0	175
1507	462
1	189
31	285
0	63
0	0
11	9
128	0
11	452
4	105
0	1
14	10
0	9
4	2
0	2
2	19
0	16
0	4
0	15
0	345
0	367
6	348
123	377
0	0
0	6
0	16
0	2
0	0
0	32
0	23
2	143
0	10
0	10
0	8
0	1
4	6
0	4
0	2
0	0
0	0
0	0
0	51
3	36
0	45
34	16
0	0
0	0
0	74
1	32
0	71
1	60
6	7
1800	50
0	50
0	0
0	0
0	0
11	0
287	134
4	72
3	82
323	253
68	442
29	99
0	5
8	61
0	429
21	151
0	3
8	148
0	87
1	4
1	11
0	109
2	19
0	85
0	71
0	35
0	26
1	8
0	15
141	27
0	27
9	217
0	100
6	123
20	28
75	225
1	395
3	201
34	397
38	234
0	8
0	1
0	12
9	100
0	18
0	0
352	276
0	124
20	126
0	5
79	253
0	0
1	1
1	117
1	253
0	0
0	181
1	178
0	156
0	113
0	13
0	0
0	62
0	16
13	76
8	69
0	17
0	0
0	140
0	0
4	34
0	33
0	21
4	1
2	0
0	0
2023	158
2	152
1	0
0	238
6	246
6	243
0	34
0	116
1096	2531
0	83
0	23
126	2309
0	929
0	0
6	146
1	70
0	0
0	14
0	3
0	32
0	108
33	422
0	0
0	1
46	90
130	649
0	54
3	178
0	12
1	27552
1	7323
4	1
276	6796
1	8696
7	4375
0	78
36	106
6	652
135	863
0	8688
1	23
1	21
5	0
95	8424
8	167
0	8685
41	7862
1	26326
0	4601
0	5
2	2
4	95
0	83
10	521
1	27599
19	27598
1	21847
0	2119
0	481
2	4312
4	4898
0	1448
3	3134
7	813
20	141
24	892
13	2420
0	0
3	109
33	2425
6	135
7	52
138	52
7	9
11	17
0	19
0	2
0	0
0	0
346	848
0	445
0	845
0	63
2842	2086
2	72
0	1003
4	1082
199	567
0	598
0	3
0	12
0	583
0	0
0	0
0	5
0	0
0	0
0	5
0	0
0	3
0	1
0	1
0	0
403	69
0	69
0	0
0	0
168	67
1	11
1	56
0	11
2	3
2	21
0	0
247	598
62	598
2	93
1	182
0	0
0	0
0	0
0	0
0	9
0	1
0	0
0	0
0	0
1	0
0	0
0	54
0	6
0	0
51	2078
0	1915
0	1229
0	162
0	8
0	31
0	31
1	31
1	11
0	5
2	41
878	6737
4	4
2	5322
7	731
0	2444
1	256
1	66
132	28
1	26
0	8
0	0
7	0
24	0
13	437
5	430
0	7
5	0
0	17
2246	64
0	2
0	0
3	59
2653	3
0	0
0	0
0	0
66	483
8	483
0	70
5	79
0	0
0	0
0	0
0	0
0	0
0	0
0	0
249	2259
58	2249
0	755
52	584
6	222
1	50
0	0
20	30
0	30
0	12
7	0
4	18
0	18
3380	5017
1	864
30	5280
165	5290
835	245
5225	767
4	760
14	110
0	45
0	0
0	0
0	14
677	1151
0	62
0	9
1	85
39	0
16	199
233	919
0	0
0	61
1	164
6	373
15	6
0	15
0	381
319	298
1	300
6	280
428	825
0	365
8	139
0	346
0	491
12	1616
0	1074
5	1567
190	1617
0	1579
69	1101
8	290
98	2743
39	2329
2	839
3	0
1	0
0	0
0	0
3	0
0	0
348	0
691	56
0	55
0	1
7	13
0	0
0	0
0	0
7	201
4	199
0	0
0	0
0	0
0	1
0	12
2	4
0	76
0	32745
14	4005
3	0
50	1231
0	33694
0	32008
0	31049
0	29254
0	0
0	62
26	1992
7	1
7	6
6	1163
25	93
15	543
0	31439
279	7
0	0
0	73
4	104
518	1184
2	55
0	41
4	2
8	728
38	309
737	120
0	120
2	0
0	0
1161	769
0	768
0	0
1193	5816
32	5810
0	471
1	15
14	14
3	8
31	1598
65	1557
0	879
8	59
3	61
3	126
2	191
0	164
79	189
107	43
0	31
0	0
1	10
0	0
0	8
0	0
0	161
4	22
0	3
0	45
0	171
29	173
243	207
1	242
9	142
0	159
0	0
21	4666
0	1925
44	4666
1	0
4	150
0	5
14	2
0	2
0	0
0	0
4	531
29	1633
0	161
0	1052
4	0
0	11
8	149
0	97
0	92
533	380
0	313
0	14
0	342
1	264
5	311
2	64
7	15
1	1672
0	1427
0	201
0	124
1	1380
0	763
0	1144
0	529
0	0
0	0
0	0
0	0
0	0
0	0
0	0
0	0
0	0
0	0
0	0
0	0
0	0
0	0
13	656
12	21
0	24
16	669
0	16
157	780
56	1407
0	1304
0	1249
0	1466
0	1573
279	1588
0	1
5	7
1	0
1	43
0	11
251	432
0	330
0	432
2	445
1	327
0	797
25	885
2	361
0	357
0	253
1	28
42	26
24	247
0	1940
0	1929
1	99
0	1945
0	327
1	319
0	1944
0	1933
8	71
0	32
0	30
0	29
0	26
0	24
0	0
0	0
0	0
0	271
0	634
0	624
0	663
5	403
72	658
0	9
5	225
15	109
1	75
1	0
514	75
1	0
220	0
1931	941
0	870
9	41
0	28
0	0
1	10
0	10
0	10
0	0
0	0
0	0
0	0
0	0
0	0
0	0
5	20
0	20
703	41
0	41
1	0
0	5
0	3
0	5
14	731
1	3
0	588
4	644
0	1
0	696
0	3424
46	6592
4	5479
2	25
40	2908
1	84
19	779
0	142
21	365
0	359
22	55
0	20
0	240
0	5411
613	4640
2	4440
35	2912
1601	1510
22	1506
3	1405
0	127
1	0
0	0
0	39
3	39
0	21
0	19
0	0
1	11
0	0
0	12
0	43
551	600
0	696
10	655
0	493
0	446
1	430
2	98
3	203
8	185
0	202
0	157
0	6
1	8
1	51
1	3
5	2
0	2
0	261
3	197
489	276
0	274
0	144
0	1
1072	615
0	64
26	522
0	0
1	0
4	259
2	1
0	0
0	1
0	0
3	1428
43	1494
5	2231
143	600
5	1838
20	1482
0	1791
3	134
0	714
0	625
9	282
24	3324
4	2324
2	725
32	1952
0	86
6	0
0	2466
2	73
2	1808
67	2318
4	447
0	7
2	297
2	1
0	137
4	2470
0	53
0	90
12	74
0	7
0	0
0	0
186	10869
123	526
15	576
22	582
0	613
0	60
0	33
0	1166
0	0
6	2889
97	2891
2	1418
0	12430
0	11744
0	349
0	367
5	10
0	4
23	490
2	31
43	160
9	62
18	315
5	198
0	367
3399	655
4	654
0	0
0	1
0	1
3	705
8	228
14	245
1	34
5	53
0	7605
5	7480
54	2024
3	3
0	7605
0	7480
0	0
0	42
0	42
0	0
2378	6048
3	5928
2	6111
3	6113
0	2482
0	394
8	642
9	519
2	330
0	308
106	139
0	86
0	6103
4349	3
0	0
0	0
0	0
0	0
0	0
0	0
0	0
173	1475
23	545
0	767
33	487
0	0
0	0
87	1
988	1
471	2
0	2
0	0
0	0
0	2
83	824
0	608
1	298
3	50
0	133
4	7522
4	31
0	28
0	28
0	15
0	0
1	1
573	116
3	41
0	1
29	75
1	50
0	50
0	2
0	2
0	2
0	0
0	1949
0	1781
0	1795
13	1310
4	227
1	25
0	1847
0	1778
10	430
22	525
0	362
0	437
28	292
0	182
0	113
0	149
1346	1036
14	80
0	107
0	814
0	121
304	1873
2	94
0	73
0	37
13	1
0	1710
210	1908
18	1569
2	521
30	76
144	120
1	5
201	501
9	501
6	2297
0	2169
548	2147
5	745
44	243
4	209
4	40
4	92
0	0
0	0
0	0
13	0
0	0
229	10866
239	55
0	7
322	2891
0	19
0	0
0	19
1	4
1	5
0	2
0	0
0	0
0	0
2	115
0	146
9	157
0	1
0	171
0	68
59	105
14	130
2	66
2	94
0	1
0	1
0	0
1	1
1	284
0	245
4	2
2	275
8	234
10	16
12	122
0	4
0	4
1	0
0	0
0	209
36	209
0	670
77	885
2	593
0	0
16	0
4	51
51	603
0	120
0	0
0	0
0	0
0	0
0	0
3	65
5	54
10	976
59	864
10	179
0	906
0	13
25	225
0	23
0	572
0	13
0	120
1	31
706	495
0	150
12	150
0	123
9	126
96	1471
1	1442
0	794
0	7
0	68
0	509
0	604
18	1172
0	992
0	1019
2	0
11	330
0	0
0	0
1009	116
0	35
0	71
1	10
48	2641
39	2672
0	0
0	15
0	1028
0	0
0	2636
39	1113
0	106
2	89
0	759
0	476
0	104
0	42
1	206
0	28
0	110
2083	1393
0	416
0	78
4	974
0	724
0	2
0	242
0	273
9	5
2	2158
0	2903
0	0
0	0
0	0
0	0
98	346
70	460
7	117
3	115
59	111
0	0
0	0
14	0
35	148
0	187
0	80
155	56
132	56
0	23
2374	2
138	10863
170	904
104	1392
0	1095
11	1095
5	52
22	3922
1	305
4	3713
18	282
0	33
107	3606
14	3628
27	134
1	4
36	20
11	909
5	45
0	1074
13	239
0	729
0	173
0	54
264	1171
0	80
0	110
0	156
2	41
0	9
0	1098
0	0
1	965
1	1885
0	1797
1	0
2236	242
8	237
11902	14
55	2901
118	2901
1	54
0	337
0	90
0	0
0	7
1	7
0	5
0	0
0	2
0	2
0	0
73	33
10	356
0	343
2	371
1	350
0	363
5	280
0	42
2	25
1	104
0	35
2	0
1	10
0	17
0	0
4	10
0	3
0	0
0	2
0	0
1	1
0	1
0	0
469	34
0	0
0	0
0	0
0	0
0	0
0	0
0	0
0	0
0	0
0	0
0	0
0	0
2	41
1736	42
23	73
8	17
954	49
24	18
0	326
350	326
326	162
1	33
5	54
3	83
0	6
0	2
1	4
0	2
0	6
0	0
0	0
0	0
0	2
0	2
0	0
0	2
216	23
9	0
0	0
0	0
0	0
0	0
0	0
4	0
0	181
8	183
11	186
0	15
0	0
68	65
0	85
0	70
0	0
79	24
0	18
0	7
0	23
5623	5
25	0
0	351
0	20
0	345
0	10
0	300
0	267
0	5
0	3
0	259
0	291
6	8
355	0
4	0
0	21
339	361
2	23
0	93
0	159
3	2
0	199
11	82
0	740
70	225
0	33
0	107
1	68
181	740
217	0
40	2098
342	2173
4	128
3	146
1	93
0	0
7	1280
0	1484
1	1766
32	1305
3	297
15	730
2	1197
1	9
0	0
3	134
6	71
413	13239
13	205
78	1027
5	3085
1	732
150	732
0	28
0	150
0	81
1	49
0	726
0	4
0	4
0	0
569	1
71	468
51	74
0	1
0	114
3	107
0	1
8	417
2	0
1	0
6	18
0	36
4	99
0	118
4	138
0	65
0	812
3	770
31	215
8	53
46	725
29	774
0	0
0	0
0	127
5	119
1	128
16	101
0	2
9	619
17	148
3	485
0	9
1	80
2	436
1	837
70	837
0	0
0	0
0	0
9	114
1	117
34	752
1025	752
2	59
25	0
5	54
51	210
36	209
727	443
35	443
0	813
6	838
12	135
4	34
6	482
0	537
0	4
0	8
0	20
0	16
2	36
0	39
1	40
1	0
93	1
0	0
4	1
2	1
0	0
253	4772
93	4772
5	234
8	239
0	23
1	266
7	354
0	178
0	174
92	563
5	562
0	526
0	57
0	3
0	2
0	3
0	142
886	928
0	25
2	444
55	892
2	0
3	45
4	9
1	34
6	0
4	48
3879	2
129	609
0	3169
0	2920
6	2707
231	2662
16	4
5	440
0	22
0	275
0	304
0	321
0	264
1	101
0	2519
0	1
0	1
167	24
0	24
116	516
0	0
0	1
1	516
4	21
8	0
0	70
0	0
1	0
1880	14
64	8
3	3
1	0
0	0
0	0
506	3
9	15
0	339
0	420
2	17
0	5
1	19
1	101
9	213
0	0
0	16
0	0
0	7
2	52
0	1
2	47
0	61
1	210
0	1
4	207
0	1
0	150
2	174
0	150
1	20
5	8
3	168
164	249
0	277
2197	2
6	36
18	97
132	103
2	29
22	41
0	33
0	2
0	9
78	9
30	46
8	46
0	9
1	0
0	1
22	10
0	10
2	3
388	10868
70	2895
33	3018
0	124
0	2219
3	0
10	291
84	3748
9	3692
1	197
3	154
0	172
0	1205
1	1210
0	0
2	8
0	115
4	27
2	3472
2	178
2	171
0	0
2	3415
2	0
3	0
0	48
3	373
1	159
0	0
0	0
129	1248
0	1155
17	679
0	1048
30	1803
85	1722
0	1140
91	141
3	77
0	0
115	7
102	919
19	1969
873	2010
1303	2068
11	1975
8	2014
1	42
3	33
2	6
0	8
1218	1
0	189
758	191
0	115
0	12
657	720
0	641
0	0
0	2
31	242
0	205
0	15
2	36
0	72
1016	2
0	0
1	674
1399	1866
4	234
12	143
12	1161
6	1743
1064	2888
41	243
0	243
4935	1343
1	230
1	823
2	287
0	0
0	0
0	0
0	0
0	0
0	0
1	0
1	0
0	0
0	0
1	1
15	1
0	0
204	407
18	146
0	402
15	286
0	282
22	199
0	48
0	40
0	5
1	28
0	0
1	133
24	3192
0	23
5	2235
5	25
26	2561
25	1295
13	645
4	627
151	645
14	19
1	785
0	0
26	1
0	0
81	0
1	0
0	508
1	24
47	2622
528	2503
381	2590
8	187
3	2186
1	259
42	6
19	6
190	3
1	3
0	3
0	1
0	0
4	652
0	11
23	514
2	450
1	437
0	256
0	542
3	416
7	364
8	407
0	41
0	486
0	276
0	0
52	398
24	668
192	0
2734	10496
13	0
3	1651
16	5278
4	7782
275	0
59	0
186	1996
0	1772
3	1656
0	1115
13	946
2	1
72	137
3	13
0	124
54	2
5	295
42	5720
425	3154
26	318
0	5375
6	2983
1	2073
0	1
0	1
0	0
0	0
0	0
1	0
0	0
1	0
0	0
546	3
1	0
132	8
0	8
4	374
3	834
0	590
0	960
0	244
0	554
32	442
7	356
93	219
0	0
3527	1355
0	1354
23	112
1	99
0	98
0	7
1815	5750
1	2442
0	2394
16	4986
10	1324
22	1258
7	314
0	272
56	129
2	34
86	38
0	1725
68	1628
3	292
3	1614
26	178
2	58
2	6
0	10
0	0
0	0
0	0
0	0
0	0
0	0
0	0
4	0
117	4099
259	2226
198	2217
1	2326
39	2310
32	4403
0	1930
0	1097
18	1606
0	1469
12	528
11	884
1	126
0	137
27	1115
2	1728
0	2437
114	0
0	0
0	0
0	0
0	0
0	0
0	0
0	0
3	525
415	1364
1	396
7	92
0	217
1	0
1	136
0	47
0	2
0	2
98	2889
67	0
0	0
75	55
0	55
0	39
0	0
0	0
11	310
556	926
0	924
7	216
5	1192
0	1203
13	1298
0	1283
0	901
0	418
0	344
0	442
0	456
3	529
0	432
0	519
4	506
0	0
1	31
0	43
0	0
0	0
0	0
0	523
0	434
0	1506
293	1809
6	109
0	275
0	272
4	24
24	1
0	0
0	1
2	120
9	120
10	34
577	1011
1	999
20	41
1	6
7	10957
0	95
95	2
34	250
1	250
0	72
0	1
0	3
0	85
3	97
0	2991
0	2082
0	210
4	20
0	11
0	5
1	4
112	0
0	0
0	0
4028	161
0	80
2	156
4	16
0	0
202	1165
0	1172
0	92
0	54
0	501
0	23
0	19
0	60
71	4
0	4
159	54
0	50
2	4
0	0
1	4
0	56
0	12
1	42
1	60
12	56
0	74
3	40
0	56
1	50
0	75
0	1426
63	1426
0	26
2	39
1	27
260	71
0	11
0	63
0	25
0	75
270	0
733	1
180	134
0	132
0	531
12	394
0	267
82	270
0	523
141	6275
183	5914
37	5760
37	5992
19	186
2	83
9	243
121	152
1	128
2	129
0	108
2	10
0	0
42	11216
0	349
0	80
0	80
4	80
0	0
0	0
5	36
1	3
2	31
0	31
226	59
0	23
0	35
68	11739
0	1856
4	923
0	1065
2	1078
4	738
2	212
0	0
0	0
0	6
0	1
0	2
0	11747
0	11736
0	1
335	393
4	4
0	231
0	162
2485	1243
1	134
3	102
27	822
2	349
0	266
4	154
48	88
0	65
0	16
0	6
0	25
363	130
0	10
0	130
299	0
8	0
1	0
3217	513
0	117
2	171
0	189
0	34
0	21
0	0
0	0
0	3
9	149
1	39
41	500
42	338
3	452
8	12
262	395
0	285
29	148
2	76
1	75
8	0
12	5041
0	305
12	5122
0	4697
15	4798
9	191
0	87
9	2130
0	108
9	252
14	424
66	95
1	0
286	3208
1	2712
0	25
7	471
1	14
50	500
3	10
412	91
0	91
0	0
254	298
1	0
126	1
9	77
0	71
4	33
0	80
0	15
1	48
0	1
0	11
0	0
0	73
1	519
4	878
0	1012
4	18
18	59
1	33
0	45
0	30
5	24
4	1087
0	519
171	10872
4	161
0	58
131	40
0	7
0	20
0	6
0	11
1	1
0	0
0	1
0	5
0	3680
0	3859
0	3614
25	3159
5	3395
2	2351
14	2354
4	737
0	65
1001	2737
0	2617
0	45
2	5
1	2
0	0
0	270
0	187
15	135
0	92
4	2
0	2
55	0
1580	391
0	391
47	35
1247	1130
21	1131
0	773
1	726
1	0
18	114
6	16622
549	6505
0	8895
47	16681
816	13947
1	0
5	4
0	3
0	1
0	1
0	0
0	0
2	0
0	134
0	134
0	165
1	159
0	173
1	67
1	69
0	90
0	47
0	12
0	6
0	4
0	2
0	5
0	2
0	0
141	3
0	2
414	1090
57	1067
1	23
0	1
0	1
0	1
0	1
0	1
0	0
0	0
0	0
0	0
0	0
54	2509
0	1408
0	1191
6	1585
86	919
4	87
4	498
1	780
1	17
0	368
0	382
18	6
0	6
1	872
0	449
0	697
0	873
0	873
0	652
1	674
0	897
13	671
5	651
0	651
3	741
4	340
15	420
8	2
0	0
389	0
12	1492
2	1028
0	1183
2	1371
1944	78
13	77
3	0
0	32
10	54
2	93
0	0
1	76
0	75
0	32
1	17
0	6
0	5
0	19
0	0
0	8
1	8
0	0
0	8
0	0
0	0
0	0
240	0
511	0
241	10866
37	91
1	84
0	91
0	0
0	0
0	0
0	18
1	13
0	0
0	15
0	15
0	16
0	6
0	15
0	0
0	4
1	115
0	11
34	125
0	1
0	7
0	0
0	3
0	5
1	0
787	0
0	0
0	0
931	4
35	5
0	0
0	0
105	3778
10	3606
34	3253
0	290
14	149
0	90
2	442
3	26
0	130
0	3
2	3
0	3
55	38
3	39
0	1
0	0
0	15
314	545
1	506
0	0
0	39
0	12
0	0
7	26
0	0
65	129
407	0
0	0
0	0
0	0
1	102
707	0
205	1390
19	636
67	738
0	957
0	0
0	0
55	73
0	18
387	1464
0	0
56	11260
2	397
332	336
0	125
0	42
1	13
441	4522
236	4097
0	2008
302	0
0	0
0	0
116	2525
2	673
0	332
0	2224
0	1089
0	0
14	0
350	11167
0	109
0	0
21	887
0	795
0	319
0	359
4	296
2	16
3	59
0	3
10	0
165	519
0	0
0	157
10	368
1	70
41	70
3	69
0	0
1	9
0	11
0	3
2	426
25	471
56	419
0	31
0	21
115	11031
3	180
2	0
0	0
1	0
0	0
5	0
38	1894
5	1801
95	220
10	155
1	472
1	147
12	391
2	27
0	2
57	1930
256	0
694	397
0	333
25	395
4	82
11	1
16	108
0	100
2	108
0	4
5488	1
452	343
0	229
8	201
1	3
0	8
12	191
9	201
0	16
2	0
1	203
0	0
0	0
0	0
0	3
0	3
0	0
0	160
12	75
0	1
0	143
0	67
0	135
0	117
0	5
0	0
0	13
1417	1
0	0
0	0
0	0
0	0
403	1349
10	1290
114	1030
2	431
0	925
10	134
76	42
10	61
1	51
0	27
1	92
24	82
0	39
0	66
0	0
0	0
0	0
0	0
15	744
327	1153
15	353
2	30
1	42
0	27
13	46
0	1
0	85
21	169
0	132
0	137
0	67
0	1
0	0
0	0
2014	170
159	169
0	1
0	0
0	235
68	407
3	261
0	35
0	325
0	0
0	0
0	0
0	0
100	2887
0	0
0	0
0	92
1	226
0	0
1	155
1	3
7	134
8	496
5	165
0	4
13	96
2	3
3	197
0	53
0	415
0	2
0	2
2	3
160	3
1	3346
0	121
7	601
0	87
1	2727
30	954
10	2978
1	8
3	62
51	1060
5	10
0	1821
22	1758
0	1693
11	1185
11	989
0	1356
0	96
2	590
7	11
6	21
0	56
20	216
3	0
1351	6751
0	5
0	6753
0	6744
0	75
4	6758
4571	245
0	18
3	221
0	0
0	0
162	128
1	53
172	77
267	0
0	1
0	1
1	120
9	10986
131	2187
1	2176
0	36
4	399
0	7
1	81
2	120
0	1
0	1
0	1
0	1
0	0
113	0
271	10872
5	213
2	20
5	2148
643	2761
0	186
0	7
1	193
3	8
16	497
0	0
0	0
4	175
3	175
1	0
0	78
0	189
10	153
3	55
1	42
0	46
0	1
10	28
0	18
0	18
0	10
0	1
0	0
0	0
0	15
41	141
2	40
0	116
0	12
0	27
0	9
3	35
2	244
86	260
0	22
1	14
7	116
9	89
19	59
133	1164
5	1183
8	428
35	99
3	23
5	305
0	10
45	19
2	24
0	2
3	75
0	2
1	1
0	217
0	78
6	2138
0	1439
46	2138
0	5
0	149
25	271
14	152
4	0
9	86
6	103
43	192
0	175
2	47
3	207
29	4201
20	1755
0	0
0	4158
0	4058
377	1841
658	39
0	15
1	23
0	0
2	783
0	989
0	1048
6	968
0	974
0	565
4	240
47	507
1	359
0	69
0	186
0	174
2	12
0	9
0	34
0	1
0	1
0	15
0	44
1	9
0	503
54	4667
4	2491
0	4261
20	3306
0	109
12	391
225	540
0	124
5	385
2	116
1	192
2	24
2	393
1	107
0	59
14	21
194	0
1	838
9	73
1	410
0	854
0	794
0	0
1	92
1	1
0	0
0	0
0	0
0	0
0	4
1	4
0	3
2	1473
343	1501
30	1122
30	899
4	32
24	21
732	2495
52	1741
1	1167
5	463
3	1549
2	619
0	291
0	543
99	13
25	366
229	366
0	2991
0	2082
0	1973
4	2
0	2
0	4
0	1
0	4
0	1
0	2
48	424
17	445
0	108
0	227
0	127
0	76
258	10862
0	0
95	2891
0	0
2	0
31	761
2	13
0	664
3	569
0	746
0	655
3	34
0	644
0	0
0	0
511	351
5	290
14	254
0	224
0	164
8	160
0	88
0	0
1	0
2	4079
3440	4157
0	1691
52	3627
6	23
3	557
0	13
3	13
818	376
15	376
21	0
13	10957
1	283
3	450
1	417
0	385
1	62
2	9
7	9
0	0
0	0
0	0
0	0
0	0
113	10861
1	189
36	257
13	27
29	36
116	2886
3141	3952
11	952
0	0
0	0
38	552
0	53
10	504
0	88
1	60
0	20
0	38
0	0
0	16
0	16
1	0
18	1814
7	1865
2	1477
34	78
1	343
0	6
7	2
0	0
45	440
1	331
0	316
0	395
1	95
0	178
1	31
0	0
111	448
0	230
30	128
11	748
39	468
0	115
2	90
0	176
2	28
0	0
0	0
0	1150
0	20
38	1116
0	1128
29	0
80	209
0	128
30	401
1	853
29	864
24	814
2	615
29	55
0	460
0	461
8	10
7	0
0	164
0	5
0	14
2	4
2	25
0	0
97	1132
201	1132
439	95
0	11
5	21
0	64
1562	591
5	264
0	475
71	2317
100	2329
1	15
13	500
20	19
3	63
13	104
0	48
4	295
3	300
9	192
21	54
5	23
20	11003
0	138
267	0
1237	218
0	217
385	0
606	1
3	1
0	1
12	10952
1	87
9	8
879	270
0	197
9	168
8	129
17	21
0	444
20	444
0	444
190	0
45	132
13	0
0	115
17	85
0	17
0	5
12	62
0	6
3	25
17	56
0	38
0	7
9	17
0	0
0	0
6	3
0	3
0	2
0	0
132	11354
0	10866
1	488
534	0
4242	138
17	14
8	10
0	110
1033	1
3	29
49	653
9	138
1	545
8	646
4	0
0	0
0	0
0	8
1	8
0	1
0	0
0	56
0	74
1	68
0	74
0	0
3	2
0	0
0	0
0	0
0	2
23	1006
202	4295
0	5071
0	1460
53	5191
0	195
0	136
9	1473
0	1522
0	220
0	76
5	331
0	68
0	702
0	2
0	1254
0	7
0	735
0	857
0	0
0	5
0	27
1	22
0	708
0	68
12	97
0	4
1217	452
19	62
0	2
0	3
0	0
0	29
0	28
0	6
0	1
505	0
0	0
0	0
790	2474
6	75
0	141
0	57
5	85
0	2
15	10
0	27
0	39
9	2224
1	0
0	0
0	0
0	0
2	30
230	2019
0	1855
11	340
31	1855
29	1225
0	0
0	0
0	0
0	0
0	0
0	0
0	0
18	6
62	7550
6	1112
233	7458
0	168
7	688
0	689
4	837
17	391
1	0
0	281
4	52
0	1233
715	35
0	34
1	316
0	109
0	3
0	258
1	440
0	8
0	6
0	0
0	0
1216	1
97	491
0	330
2	38
2	280
2	0
0	0
0	0
9	0
0	64
483	877
0	838
65	34
0	249
2	422
0	242
1	430
70	54
44	399
5	4661
5	23
0	54
2	23
92	1038
0	4954
1	738
28	18
0	18
10	1305
23	1802
0	1833
28	703
10	132
22	423
45	703
20	293
7	68
4	277
5	88
0	11
9	160
42	78
0	78
0	58
0	16
0	6
4524	1536
938	1530
2	0
0	6297
0	6003
2	871
0	152
1	69
35	5566
11	1581
0	5741
0	5565
112	691
0	44
79	481
0	1
2	406
0	6002
0	6120
75	2
47	2
0	185
3	1320
6	502
7	185
0	104
0	174
23	405
0	213
0	1317
788	163
5	1
0	67
7	11
1	6
1	4
2893	939
0	413
2	527
2	313
0	9947
21945	10256
16	343
69	350
5	46
10	1
0	1
1	1
2	1
54	2340
51	2431
8	130
2	498
1	75
1	372
8	216
5	119
16	529
1	30
8	354
0	0
0	0
0	0
378	42
5	37
1	31
4059	934
105	929
0	63
0	0
0	0
4	0
0	0
0	0
0	0
0	777
9	485
1	663
0	11
0	59
4	5
7	0
0	777
0	0
521	113
0	111
1	0
0	0
0	0
0	0
1	379
193	6890
45	5734
8	6281
2	5395
1	433
15	1
36	22
0	10
0	22
0	0
303	421
1	19
3	18
304	283
1	390
0	10
1	1087
17	85
0	8
2	377
5	0
0	251
27	0
0	17
0	1087
53	481
3	7
76	481
0	23
0	1591
0	1619
0	489
0	699
0	655
4	602
3	614
0	24
0	47
0	47
2	23
12	47
2	10
0	29
0	32
0	17
0	10
7	20
0	1
0	8
0	1
0	1
0	1603
479	220
0	202
1	48
3	26
0	10
183	20
3	8
0	9
0	0
0	6
0	12
25	829
75	826
0	0
1	37
6	2
2	1
16	1
166	326
72	328
0	2
0	2
0	0
1605	1
0	0
63	72
6	106
856	0
5	0
2	1003
70	677
5	207
46	15
0	537
17	718
0	466
0	173
0	137
3960	0
0	1
4	1468
22	1160
151	1478
7	54
0	17
3	10
0	9
8	90
0	6
1	2
0	0
0	8
4	1
0	0
2	89
53	184
1	184
2059	416
2	0
0	2
0	2
1284	421
6	421
611	5231
2	5215
1	125
2	107
2	40
1	12
21	1723
0	14
3	17
0	3
0	2
321	67
1	67
4	0
23	40
0	32
22	1
0	16
2	86
468	2052
11	153
11	357
4	1513
22	1
1	3443
48	1701
15	0
11	438
1	475
0	616
0	22
3	1
9	2439
9	2
5	354
1	0
2	22
8	24
459	233
11	261
1	31
343	0
17	565
64	566
2	426
74	1010
37	1003
69	130
5	899
0	659
118	801
0	41
4	68
5	2
21	3
5	36
42	0
1949	265
1	51
8	213
12	2810
0	3977
0	123
13	56
5	7
0	3939
201	4471
0	4270
8	2205
0	1332
0	1333
0	1319
0	1184
5	61
0	69
1	4333
1	1084
0	815
0	408
6	24
0	119
4	625
5	4
76	8
1	13
0	59
1	5
0	1
0	745
0	812
347	802
4	791
0	175
7	4819
46	6298
0	916
0	826
0	360
0	6089
66	3886
0	4034
29	4070
0	3480
2	2638
0	1506
2	589
17	821
0	2
0	0
0	4
539	1709
5	1116
0	145
0	0
11	937
0	111
70	0
1	0
35	0
0	0
3120	762
0	150
33	481
2	427
1	21
2	21
1	21
8	824
0	344
0	17
5	2
0	827
0	0
0	0
2	381
5	310
3	345
0	12
2	19
0	381
0	306
9	0
11	888
34	888
67	1
11	885
4	710
0	5
640	1749
17	110
9	1662
2	347
3	56
1	429
0	38
11	276
53	15
7	108
0	94
0	56
0	93
0	0
0	92
2	2429
2	2
0	0
7	509
20	369
0	141
5	22
4	0
0	663
4	223
0	584
2	2328
0	2207
1	2291
48	2245
28	2496
521	363
0	363
0	1
0	15
0	0
1	5
0	392
0	7
0	1
0	0
0	0
0	0
0	391
0	0
0	1
0	0
0	6
0	0
0	4
0	3
0	425
0	384
0	159
2	90
1	143
2	167
3	164
2	126
1	9
0	11
0	3
0	2
0	0
0	0
1	3
4	9
0	22
0	39
0	0
0	28
0	35
17	28
6	0
3	0
56	1136
1	1128
8	1147
26	482
0	4
1	1
0	585
6	385
0	711
0	9
0	61
0	206
2	78
1	1179
7	1200
468	1044
0	1044
0	0
0	10
173	105
13	29
0	73
0	0
0	0
0	0
2	0
0	0
0	0
0	0
0	0
0	0
4720	16
156	16
5	0
1623	26
1	24
0	0
44	598
137	743
196	534
7	149
169	1075
25	1075
530	235
11	235
1	75
1991	76
0	164
0	159
16	354
1	37
0	343
2	0
3	29
5	1190
0	7
2	165
4	135
111	1175
1	173
0	74
22	128
9	81
6	69
383	2151
15	79
6	2088
63	62
0	48
1	10
5	1
109	280
11	202
0	0
0	388
1	19
0	388
0	0
346	0
5	46
234	46
144	0
0	1003
1	1028
9	874
0	11
200	337
2	75
0	0
0	32
0	1031
4	861
17	861
58	879
7	175
3	0
0	2
6	14
506	4
1	19
7	3
22	17
0	1
0	0
0	1
1	0
66	280
2	11
7	0
0	280
0	0
0	0
0	0
112	2581
10	6
107	6
0	2580
511	229
0	19
0	210
0	130
1	2
0	0
20	593
0	163
0	1
0	593
5	72
5	632
845	814
0	81
6	8
4	37
0	122
0	74
221	38
50	38
1	505
16	15
194	526
0	502
15	149
0	875
7	183
2	23
8	375
0	707
0	875
5	16
6	0
0	0
0	0
0	0
2	0
0	0
0	0
0	0
0	0
0	0
0	1831
0	0
0	0
0	64
0	58
0	61
1	3
0	61
0	53
0	1
1	2
0	7
0	10
0	0
0	0
0	0
48	248
4	248
5	30
3	28
4	20
0	1008
0	1283
0	708
0	25
12	59
11	1
0	1218
456	1284
12	107
2	82
0	51
733	1
0	0
2	919
1	1637
70	526
75	1708
24	1647
1	653
2	39
0	234
0	253
9	129
4	3
0	122
14	127
1	127
6	20
5	127
0	0
0	0
0	0
0	718
113	794
0	9
0	50
0	8
6258	2
654	738
0	130
0	47
0	607
128	684
5	263
0	198
4	85
31	121
0	1
0	0
60	6903
0	2577
0	1
0	0
2	1
0	0
0	1
0	0
0	0
0	0
0	0
26	1082
959	2470
8	57
0	315
40	1496
0	0
0	0
18	131
5504	4238
16	3581
26	660
104	1367
45	1471
0	1367
0	55
0	26
5	243
1	888
0	167
47	255
0	237
4	165
1	7
0	7
1	1
0	1310
2	133
0	806
4	457
0	57
0	57
0	115
0	0
0	3
2	1
0	1320
0	978
0	1342
2522	2371
20	2065
56	1319
35	1949
7	861
0	23
6	130
0	60
0	21
7	2
2	44
3	40
0	4
0	49
3	3416
257	3416
44	10183
60	12240
51	12926
8	12931
0	13784
0	13171
0	2102
71	9759
45	9166
5	159
6	851
21	75
7	78
99	24
18	3
2	832
0	614
160	77
0	706
3	13015
0	13336
0	0
1	0
0	0
0	0
0	0
0	0
1	131
0	0
6	5
1655	135
3	0
0	0
0	0
0	0
0	0
0	0
0	0
14	138
300	276
7	0
0	41
0	80
0	75
0	0
0	2
121	2109
0	291
5	647
6	274
103	2037
0	9
0	132
3	425
0	306
0	310
0	295
90	435
16	1406
8	1438
2	1380
2	1340
1	1327
0	1373
0	177
0	1105
2	1051
1	28
11	18
4	118
0	57
2	103
5	0
0	15
1	44
0	1
0	1
0	0
0	1
0	0
1	0
0	1
9	0
0	0
0	0
36	2
0	1
0	0
371	0
1	0
0	0
0	0
0	404
0	384
3	360
1	330
12	386
4	18
0	0
0	12
0	0
0	1
0	1592
0	0
0	1
31	408
0	1629
0	0
0	20
2	952
4	1231
0	344
0	0
0	0
40	1047
17	1047
0	44
0	1047
0	1047
101	380
14	313
0	84
3	1
20	0
1	62
0	6
0	57
1	69
319	1909
0	1821
0	1
0	1
5	37
56	37
50	13
0	13
0	3
0	0
208	6777
0	2457
0	0
0	0
0	0
0	0
0	0
0	0
409	0
12	4
4	22
0	22
0	3
0	1
0	1
0	0
0	0
0	0
5	0
1901	1002
27	675
0	248
1	97
366	695
1	227
25	511
16	110
1	83
52	362
2	203
0	49
32	212
15	0
8	130
16	32
9	2
180	127
0	121
1	3
10	1
0	5
16	587
5	587
0	18
0	607
0	50
3	13
1	625
0	607
11	678
0	771
25	777
4	346
2	471
1	0
0	4
5	0
0	0
0	0
0	0
0	0
0	0
0	0
0	0
0	0
0	0
0	0
0	0
0	0
19	75
21	163
1	36
6	6
0	0
0	572
46	572
4	10
5	44
0	0
0	1
0	9
0	1
0	1
0	1
0	1
0	9
0	9
0	4
0	1
23	3426
0	2370
0	1808
0	0
2	1058
0	24
0	145
0	275
1	239
1	239
0	32
0	63
1	25
18	975
0	918
0	801
12	157
0	65
2	20
0	178
1	101
0	10
1	93
0	285
0	56
1	22
1	22
0	2
0	0
0	0
0	0
712	373
0	395
0	395
0	3
147	1228
0	1000
1	188
0	874
0	78
2	571
4	756
19	1218
61	636
7	189
0	0
0	636
1	0
0	0
0	0
0	0
0	0
0	0
0	0
0	0
0	2
3	2
0	2
9	36
3	38
0	0
685	1815
0	227
163	1673
0	39
9	442
14	442
0	14
0	53
0	8
12	0
288	121
2	27
56	95
0	0
0	0
0	46
1	46
0	0
0	13
0	12
0	3
1580	1191
2	6
6	14
0	18
0	0
0	8
0	2
0	8
0	0
1	276
190	358
6	322
0	0
7172	2
19184	719
140	703
0	0
2	0
0	7
3	7
0	0
0	0
108	131
3	99
13	34
366	852
0	458
4	113
4	90
5	274
1290	1195
0	25
0	19
37	155
45	2086
1	0
129	2086
1	0
0	17
2	1
3	2
0	0
1	36
2	37
2	28
0	5
0	6
0	1
0	1
200	6
1	5
0	0
104	124
0	124
6	1168
1	1274
1131	1223
0	298
22	73
0	59
0	14
0	0
0	0
0	0
0	0
0	0
0	0
0	0
0	0
18	153
0	72
1052	0
1499	3948
227	3947
0	0
0	0
10	0
0	0
0	2
0	2
0	1
0	0
0	0
0	0
0	0
0	0
0	0
0	0
15	298
1	4
0	31
7	294
0	40
1	49
0	46
3	16
10	21
0	46
3	1
0	0
0	0
25	437
15	291
0	67
0	127
10	69
7	53
8	8
0	17
15	258
0	349
7	0
0	0
0	1484
3	2046
1	2404
0	1819
0	1632
21	23
8	762
10	561
0	77
0	7
1	0
0	781
0	185
0	239
16	178
1	0
0	0
0	33
68	1042
0	1206
0	6
0	1209
151	11088
24	10667
31	6739
3	493
0	5
0	1
0	4
2	1
1	1
0	0
0	0
0	0
0	5
1	10
0	11
0	4
7	1
4	1
64	16
0	16
59	1306
28	1306
53	6
0	6
9	32
0	32
0	2
0	0
9	6
1	6
0	6
6	6
0	0
0	1
0	0
0	0
5016	307
2	299
22	142
0	88
0	1
2	0
0	0
0	141
16	8
0	7
0	7
14	26
0	26
0	10
0	6
2	40
0	40
1	38
1	2
0	58
486	441
0	392
0	761
0	918
4	395
0	162
6	163
2	618
2002	613
284	1335
58	548
5	1174
1	611
19	435
64	1062
0	1074
1680	441
0	175
0	56
15	101
0	3
59	3
26	694
1039	762
3	646
15	617
6	1
9	164
15	164
1	164
9	348
2	165
1	269
1	80
0	21
3	14
0	295
22	2
705	2
0	0
8	0
36	186
0	20
0	13
0	185
167	1218
8	1218
2	121
5	10
8	57
242	144
0	23
0	110
7	110
7	1
0	18
1	0
0	0
0	0
68	2707
39	2766
19	2526
0	0
0	0
1	10
1	10
1	152
2	143
1	96
43	147
0	90
2	5
0	4
0	26
0	142
14	493
9	492
0	492
0	493
2	492
2	492
0	492
0	884
7	1036
7	157
0	178
8	302
2	121
0	193
48	5605
441	5605
1929	4454
10	404
3	414
66	1365
150	1329
37	1299
8	650
5	986
0	648
0	0
3	16
0	18
0	4
4	20
2	37
2	18
0	11
42	0
0	1
0	655
0	664
0	607
3	4
20	36
6	24
1	50
1	35
2	81
1	104
2	54
4	655
54	602
4	22
37	1349
8	5
2	2
10	6
7	86
0	0
33	1397
0	28
0	668
12	362
0	83
2	126
1	96
0	0
9	0
0	4
0	4
0	3
0	0
0	1
6	0
939	256
4	256
1	207
5	416
20	361
2	5
9	262
8	23
0	231
4	238
0	214
5	229
0	194
1	12
0	233
10	20
23	20
225	784
3	708
0	810
0	855
0	705
3	149
1	51
0	0
18	61
135	61
17	25
0	63
140	76
0	47
0	1
0	0
0	1
0	1
0	0
0	1
0	1
0	1
0	1
0	1
1	328
87	328
477	607
7	615
0	84
0	24
1	11
2	0
0	4
0	4
4578	4507
1	540
0	1651
1	4465
5	0
77	23
0	23
0	0
0	0
0	0
0	0
0	0
0	0
0	0
7442	10
181	0
92	270
36	272
0	0
0	264
12	5
2	5
323	0
77	778
0	534
30	785
2	17
0	5
1	0
2	0
17	810
7	810
0	0
141	342
42	169
43	0
274	176
0	0
0	0
0	0
9	340
12	340
13	320
5830	647
4	644
7	19
26	19
0	19
810	375
12	196
0	116
13	4368
22	688
17	1336
4	184
7	328
4	3788
0	4
212	3696
39	228
52	537
215	366
105	464
2	1635
7	134
0	130
2	12
1	32
0	76
0	0
0	1635
0	0
1	2
1	2
0	1
0	2
0	0
0	0
0	0
0	8
0	0
0	0
0	8
15	341
5	331
4	112
8	80
0	340
3	202
2	44
1	154
4	41
0	0
0	106
0	4
3	161
0	146
0	0
11	2
6	79
0	3
0	40
8	15
1	4
27	1059
20	1034
0	24
2	3
19	10
5	13
0	165
0	5
0	745
3	0
0	0
0	0
0	0
0	0
0	3
2	3
0	270
0	36
5	272
73	4222
58	2645
0	3831
33	4289
0	3642
0	10
300	2916
0	704
0	6
8	76
0	2
9	9
1	215
1	42
0	4410
20	953
3	777
3	132
43	36
12	258
0	157
1	93
0	128
2	100
2	50
5	107
4427	1033
95	1031
0	1093
16	989
43	578
2	983
9	802
19	80
2	717
35	736
22	663
1	21
0	709
2303	348
64	346
17	2424
0	927
33	1624
3	14
0	841
6	1
0	56
0	415
0	289
0	29
0	2195
66	3291
21	2391
12	2037
7	2426
94	2376
230	2491
0	743
0	316
0	87
2	101
0	123
0	0
11	5
9	150
4	137
0	2583
254	0
6	49
8	533
0	646
0	294
77	603
562	305
3	36
31	325
0	228
62	345
5	30
0	26
0	23
3	119
0	0
0	0
0	0
0	0
0	0
0	0
0	0
0	0
0	0
0	0
67	0
0	4
0	1
1	4
0	1
1	0
0	0
0	2
0	0
0	0
0	36
0	36
5	67
2	98
10	31
475	1
1	0
3	0
0	300
0	35
0	17
0	17
9	310
0	17
0	46
0	0
0	2
409	639
55	113
0	4
3	158
1	94
0	415
52	1053
109	1193
0	207
4	255
11	81
675	1505
31	1476
0	26
1213	272
0	207
0	64
138	65
0	7
5	16
1	13
6	24
84	186
0	160
0	73
0	50
2	27
0	1
0	31
0	8
5	1
0	0
326	0
0	0
0	0
19	59
0	63
0	28
0	27
5	2
0	2
0	0
0	1
1551	2142
0	426
2	42
2	370
4	0
0	5
1	1711
2	1
0	3
5	41
0	28
1	18
0	28
0	28
0	5
0	282
68	365
0	330
0	115
0	54
1	0
7	44
1	2
0	43
0	0
53	2104
180	1569
0	1535
6	1681
0	997
0	679
3	0
0	2013
0	440
1	371
0	232
0	127
14	15
2	11
0	11
1	9
0	5
0	0
0	0
5	314
8	303
1	26
8	17
0	2
1	1616
268	1411
0	1603
663	0
0	24
0	0
0	0
57	1
55	35
0	3
49	1557
0	1258
75	777
12	738
0	770
13	421
0	1653
544	9
0	6
1	2
0	1661
0	0
0	10
2659	4494
857	2833
0	1872
0	14
19	0
1	0
8	0
0	0
8389	2136
19	534
16	1323
25	902
287	469
0	316
1	131
0	158
0	238
8	319
0	0
0	150
15	5
0	0
0	0
0	0
0	0
373	0
0	2
0	2
1	2042
260	2034
0	1948
0	133
28	13
40	710
3	7
11	11
0	0
0	60
2	15
0	0
0	0
0	0
0	0
0	1
0	0
19	3212
3	588
0	390
114	659
1	0
18	3063
7	531
49	22
0	1
2	2
0	2
13	51
0	102
0	78
0	1
1	100
0	3
0	11
82	3902
10	3803
0	3576
11	158
167	1785
14	71
26	73
2	25
0	143
26	412
2	152
2	40
6	66
11	44
0	0
0	39
0	50
0	3941
1	0
986	984
2	984
0	80
21	46
0	30
4	5
0	0
0	51
38	2624
4	27
0	65
8	2577
0	5
1	2267
0	2577
0	2577
19	169
16	130
2	51
0	0
0	0
6	0
0	6
1	3
873	1022
1	314
8	394
25	206
1	33
3	190
0	151
38	367
3	249
5	0
0	0
0	0
0	0
0	0
0	0
0	0
0	0
0	0
0	0
0	0
0	0
0	0
0	0
97	83
7	82
0	0
0	1
3	1
0	0
0	1
3	66
13	66
17	28
0	10
4	783
0	111
0	129
0	129
0	382
0	74
31	435
2	310
0	410
0	286
5	19
5	18
49	315
2	108
0	312
13	38
0	0
7	1
0	782
983	955
4	955
0	0
0	0
0	0
0	0
0	0
0	0
41	348
0	344
0	267
57	8
13	179
118	262
3	141
26	48
23	25
4	22
60	30
13	1
59	1964
30	1962
9	61
0	0
0	0
0	0
0	0
1	0
0	0
2361	94
2	0
3	39
29	53
8	278
550	278
2138	2003
6	2001
0	10
13	795
2	288
0	142
4	15
11	126
16	117
8	116
5	3
3	11
1	10
0	7
13	737
17	975
26	886
7	677
1	975
4	52
2	0
1	110
2	43
59	171
0	3
5	153
0	129
610	193
0	73
2	34
4	119
1	364
0	273
181	371
0	308
0	226
0	165
4	15
1	0
0	1030
18	380
1	764
0	1
3	121
1	489
2	473
1	6
9	1066
579	1171
0	481
0	449
0	3385
0	3113
21	2916
20	717
0	75
1	173
7	7
2	1170
0	60
7	59
0	0
2	34
15	390
0	2657
96	3145
56	2870
0	3568
84	3345
7	14
2	249
32	3239
4	0
3	418
6	2472
9	298
0	3236
30	19
6	15
3	15
0	174
130	699
3	32
0	48
0	699
238	144
0	137
1	37
2	49
0	0
203	3940
1	3948
54	3966
2	0
16	165
0	25
0	0
59	103
13	0
0	103
0	0
1	0
309	2485
0	1808
3	267
9	292
865	1053
0	3
1	290
0	13
19	208
0	105
2	8
1	221
0	7
4	18
6	18
0	3
0	0
0	0
98	87
0	61
1	104
4	66
0	71
0	57
0	2
0	2
0	4348
38	4062
0	248
23	6
3	3375
5	25
8	1323
1	163
24	141
509	826
5	58
0	821
0	522
0	189
1	3
0	3
0	3
0	3
0	3
8	1301
318	1323
5	23
0	13201
0	14840
0	14405
0	13205
0	15427
0	13788
0	14992
8	13848
0	306
2	365
2	10
3	479
61	2472
13	1949
867	2852
1	42
1	2851
0	411
0	0
39	611
4	157
115	416
2	391
117	3112
51	3112
3	3
5	1
0	2994
8	51
0	1532
22	920
15	28
37	9
2	8
47	1476
0	1451
0	228
2	128
35	133
3	0
0	100
0	1
9	57
4	49
0	0
1	39
0	3
0	47
0	46
0	53
0	52
1	1
0	22
3	10
368	0
110	135
32	135
0	3128
0	3243
0	3532
18	3593
0	427
31	46
4	142
9	248
7	9
0	4
0	0
0	3651
0	3465
644	2146
0	744
0	1983
25	962
9	226
0	68
1	82
2	26
3	0
14	121
2	136
0	131
0	134
1	103
1	117
1	12
0	27
0	399
2	0
0	0
133	0
0	0
0	15
6	16
0	1
0	4
279	14
3	13
4	262
1	6
61	213
0	223
0	11
0	23
3	45
0	43
3	19
0	5
5	34
0	0
615	150
0	149
0	43
1	0
0	22
61	2467
45	729
25	1920
2	1632
13	999
2	1855
2	773
23	594
8	1697
0	2443
0	60
971	1865
0	135
2	1729
7	9
15	432
6	910
1	91
0	168
8	512
0	341
6	204
0	1472
0	193
0	332
145	1472
0	0
65	7
0	3
0	0
0	0
0	4
1	0
20	12
0	0
3	12
0	1
0	0
297	614
1	232
32	464
5	264
0	189
1	193
33	368
1	18
0	0
0	0
0	0
324	0
2882	3
798	141
17	50
49	60551
0	67762
80	64462
13	23041
1	5763
4	3041
29	920
0	1665
0	3039
2	127
9	174
0	149
5	29
0	15
34	45
0	4
0	1
13	1
11	0
0	1
0	1
0	1
1155	0
0	0
0	0
11	0
164	3587
22	2935
0	823
0	1484
0	701
0	667
0	26
0	0
1	7
0	0
0	0
0	0
0	0
20176	1514
1	286
0	398
0	185
0	45
0	234
1	73
3	300
3	233
4	223
3	33
3	0
10	9
0	8
0	689
2	779
186	779
0	614
1	72
0	0
13	0
0	4523
584	4996
141	3612
131	3180
3	63
39	15
0	661
0	424
104	19
0	0
0	0
0	0
0	7
0	7
8	367
1	318
0	327
0	46
0	8
3	41
2	3
0	3
0	0
0	0
0	0
0	0
0	1
0	1
0	49
0	49
0	51
0	8
0	35
0	1
0	0
533	957
23	491
4	90
2	97
2	0
1523	2
1530	3
2604	165
3	5
2	159
378	154
0	154
0	16
0	0
0	0
0	0
23	111
47	770
0	271
5	65
18	3
0	25
18	793
1	19
301	139
2	21
0	7
0	87
1	60
65	108
2	108
0	0
0	0
0	0
1	0
0	0
0	0
28	3655
1	1032
0	3395
1	2205
12	325
0	27
2	548
2	102
59	1032
3	123
3	641
0	708
4	4
0	1
0	4
0	0
43	44
0	8
1	29
3	22
5	18
5	0
0	5
0	10
1	17
0	18
0	14
0	5
1408	1
435	543
26	543
6	1408
0	4
20	1452
1	21
17	239
0	1
3	67
3	0
111	1792
0	74
1	6
9	41
31	1815
2	6
0	81
0	1865
0	0
0	0
0	0
5	28
3	3964
9	2089
37	407
9	3133
2	2193
4	351
4	37
0	1640
11	754
5	1063
4492	22
2	0
0	0
0	0
51	301
0	296
23	152
4	0
4	5
0	0
2	384
58	384
26	0
10	0
0	0
3400	1821
2	216
81	1416
0	228
0	487
1	395
0	0
0	0
6	13
0	13
96	426
0	9
2	424
0	0
0	0
0	0
0	0
1	0
0	0
0	0
0	0
8	949
1	17
0	949
6	424
0	390
0	388
0	782
0	101
0	0
142	106
0	8
0	98
1	52
2144	1635
0	676
35	713
2	328
0	0
0	0
0	0
0	0
11	27
23	19
4	0
0	25
0	0
0	0
0	0
43	630
0	43
0	1
0	251
0	644
122	268
6	227
6	101
2	2
3	65
1	82
1	69
0	27
0	639
0	726
29	736
0	634
1	490
0	11
2	1
28	424
24	405
0	419
0	56
2	65
1	25
9	1
0	24
0	0
1138	109
9	53
0	0
7	16
38	7
55	71
1	47
2	5
0	36
1	12
0	9
0	11
0	2
0	0
0	36
1	26
1	30
0	30
1	28
1	7
0	1
1	3
0	0
3	134
0	119
0	33
0	81
0	65
0	354
10	275
2	25
0	376
0	27
198	101
5	1
0	100
75	5
29	5
0	0
0	0
0	0
0	2
0	2
0	2
0	0
0	0
896	113
3	27
0	0
0	91
0	2
224	7295
14	5495
86	5294
194	5296
0	722
2	1187
20	59
47	426
0	391
12	429
0	424
0	6
103	14
0	14
1	6
0	4
75	3287
140	3287
0	47
3	180
2	88
5	0
0	0
6	0
0	0
13	0
1	0
5	96
0	32
0	3
0	0
8	96
0	446
3	404
0	65
70	404
16	392
0	239
1	283
0	197
12	71
6	48
2	18
0	1
7	13
0	13
0	5
110	973
0	82
57	1015
18	62
4	18
0	0
10	2
1	2
0	168
0	20
0	37
0	30
22	104
0	76
1	8
1	0
0	0
0	22
61	0
592	752
13	750
54	229
0	0
108	2562
7	2580
12	50
0	4
0	0
0	0
0	0
0	0
4	237
2000	410
0	176
0	60
0	0
0	0
0	0
0	0
2862	6519
0	422
4	406
103	5834
24	0
25	1196
1	376
0	1293
174	1364
4	2
0	2
0	1319
0	0
0	0
0	0
0	0
0	0
0	0
0	0
314	362
7	362
4	49
0	45
3	240
70	0
204	43
10	43
1102	757
0	475
4	608
2	8
0	205
1	138
86	92
25	3096
0	2073
5	882
59	535
2	35
10	0
22	0
0	0
0	3094
0	66
0	61
0	49
4	52
0	40
17	49
0	41
0	4
3	3
0	1
0	7
0	3
0	6
151	85
1	1
4	136
2	85
1	1
0	0
147	56
7	58
3	2
0	33
0	81
0	144
1	138
0	14
0	3
0	0
2	1
0	144
5	1
0	1
0	0
52	1010
2	96
20	16
0	972
0	16
10	13
19	234
2	416
1	434
8	209
42	84
4	18
0	166
10	50
1	129
3	112
0	51
141	6
1	0
6	7
1	3
0	0
114	2905
156	2215
0	1
1	9
0	1254
127	98
0	23
1	18
0	33
0	27
0	2904
0	1912
0	48
0	240
0	240
0	9
0	9
1614	169
0	72
7	107
7	70
3	12
8	61
0	18
4	93
6	1439
0	1394
0	2
2	84
1	339
0	1358
6	339
0	232
1	46
89	1241
0	104
5	72
0	40
2	225
0	242
0	147
0	1170
0	117
0	291
2	379
7	175
3	5
2	55
1	53
12	70
2	201
0	2
4	1367
1	536
22	3020
158	3679
3	129
6	69
1903	3900
5	96
8	31
18	2806
15	1334
6	984
8	1848
0	2110
3	2769
3	211
0	812
0	2
0	26
130	2537
0	42
0	45
0	24
1	197
2	171
0	118
0	137
0	96
8	86
2	192
0	86
0	87
0	87
45	980
10	814
131	693
1	1
1	539
2	171
11	442
7	108
7	477
0	0
0	4
0	71
0	92
0	92
200	4175
42	4629
3	2992
1	2822
0	241
0	0
0	1
0	1
0	0
1	408
0	486
0	455
0	312
0	290
0	396
6	35
1	322
1	278
3	292
0	290
10	1427
3	18
114	1427
1	1
12	135
0	0
0	0
3	0
0	0
24	174
0	126
0	62
1	48
10	1
0	0
463	900
24	664
16	755
1	0
0	0
0	0
0	0
124	172
0	75
4	21
0	1
0	121
0	96
0	0
168	788
2	9
0	692
13	662
2	14
0	2189
88	5220
8	5303
156	5275
40	2738
2	1600
7	1576
4	437
8	15
0	25
9	34
0	33
0	4
0	0
0	2765
0	13
4	102
0	58
274	172
0	172
0	0
0	0
0	0
0	0
0	0
362	0
2	607
341	1211
1	468
7	445
273	0
0	0
0	0
0	62
458	158
0	40
0	9
7	48
2	47
0	1
0	0
0	589
0	456
2	25
0	501
0	348
0	95
0	120
0	4
2	32
1	16
0	0
0	0
0	0
0	0
3	543
33	542
16	543
6903	314
2	311
3967	14423
121	0
47	14420
1	247
0	0
0	0
0	0
0	0
0	0
0	0
0	92
1	80
5	94
0	22
3	3
0	102
0	8
1	9
0	12
0	4
3	0
418	1918
0	12
1	41
0	1917
99	0
30	2201
0	2079
0	81
53	2201
12	971
0	984
0	984
0	794
0	756
0	448
0	2
3	0
0	63
2	996
1	0
184	696
63	712
86	421
6	29
0	161
2665	525
130	524
0	48
2589	5372
0	4651
0	6350
67	4099
0	4137
18	203
0	2901
4	6581
0	0
0	0
230	452
2	33
9	398
27	3
1	0
0	0
2	125
0	0
53	0
0	0
0	0
0	63
7	57
0	5
1	31
0	27
0	10
2	11
0	0
0	0
588	924
114	59
0	0
0	908
0	20
0	619
38	1804
86	1795
0	626
2	617
182	1330
42	1818
0	1812
0	717
0	0
0	0
0	0
14	182
2	148
1	63
10	98
73	12
20	1
0	999
93	4
0	4
0	0
0	0
11	3
0	0
0	3
10	141
194	3012
5	8
135	2965
2	2986
0	7
0	7
0	0
0	0
0	0
2	5
0	5
0	3
0	2
0	0
0	0
31	36
0	1
0	36
0	8
0	542
5	863
777	1521
0	323
13	1167
3	91
0	282
0	38
0	20
32	15
0	8
0	4
0	1
3	0
0	458
0	458
35	117
55	223
35	212
3	62
10	55
0	55
1	437
2	2
5	252
5	267
9	6
0	62
1	46
27	22
20	12
11	11
0	0
0	0
3	118
18	2220
0	1253
0	1678
10	2119
0	185
1	7
771	19
0	19
5	377
6	2500
0	71
0	32
15	756
0	1876
111	1596
0	568
0	332
5	63
0	573
0	298
0	438
1	243
1453	835
2	833
48	838
0	861
10	678
3	60
4	0
2	456
4	65
25	6278
0	6793
141	5471
0	173
0	5198
6	5
0	0
0	0
646	0
7	218
2	231
0	160
2	134
0	46
7	368
0	432
0	441
9	53
1	0
0	413
0	0
3468	1263
0	1259
0	182
4997	2470
0	2468
12	0
2	0
5	1636
42	1636
15	98
1	112
0	210
1	0
0	0
0	1635
285	3328
1	3059
11	308
8	183
8	183
5	75
0	38
30	488
2	1153
0	1270
15	713
2	248
9	591
30	145
5	0
1	2
0	2
0	2
0	0
0	0
0	0
0	0
0	0
0	0
0	0
0	0
0	0
0	0
0	9
0	9
0	1
0	1
19	0
0	97
15	819
5	696
0	30
39	291
0	0
0	0
2	16
382	1901
179	1234
0	1
0	8
3	1848
1	3
0	39
1	0
0	0
0	1858
0	0
0	0
0	1
0	1
0	1
0	0
0	0
455	2833
6	2833
10	1577
0	393
0	122
0	0
0	0
195	321
5	321
0	0
0	4
0	7
0	4
0	7
0	9
0	2
0	2
0	2
0	2
0	2
0	0
0	5
1	5
0	0
0	0
0	0
0	0
0	0
0	0
3796	1146
0	437
0	22
1	151
18	119
1	64
14	261
2	20
0	124
0	0
0	0
0	0
46	1002
2	1002
0	725
0	7
0	7
0	0
0	7
1	7
318	291
23	201
2	136
6	197
11	135
0	3
0	0
132	226
0	2
8	226
0	0
1	0
2	11
2	100
0	1
1	19
0	17
1	6
0	0
0	83
71	839
36	1779
0	126
10	130
0	1777
10	126
7	1420
0	1563
0	617
0	109
0	175
29	22
0	3
0	19
0	7
0	7
0	0
0	0
0	14
0	11
0	0
1	5
0	0
18	238
13	243
2	23
0	5
0	19
0	4
0	27
0	12
0	2
0	33
0	63
569	250
3	114
0	136
0	23
0	23
0	2
0	9
0	23
19	1527
4	0
0	14
0	406
0	0
0	262
0	72
157	1415
0	0
0	0
185	7088
0	895
0	142
0	335
5	2025
0	28
0	370
20	49
5	789
118	7053
9	122
7	128
0	21
0	2
0	2
0	0
0	18
29	38
0	20
0	20
0	1
397	247
2	247
0	65
1	0
0	0
0	0
0	0
0	0
10	128
163	153
11	25
131	1886
22	280
0	198
20	1653
0	92
8	6
11	1
6	166
37	87
0	812
11	4
13	0
0	0
0	0
1	1429
3	1429
146	697
22	646
0	478
0	68
0	0
52	542
1	18
12	126
0	384
0	3
0	58
11	6
0	141
6	32
1	16
0	16
1	107
6	107
5	6
10	368
0	362
0	53
1733	1160
9	1104
0	1161
6	747
3	128
0	67
4197	15
0	0
24	14
0	0
0	0
0	0
0	0
0	0
0	0
0	0
1	0
641	367
0	2
0	11
1	366
2	47
0	0
138	0
0	159
0	157
0	157
0	2
0	1
9	2
8	4
0	169
0	169
8	423
0	0
0	1
1	0
0	0
0	0
2	2
0	2
0	0
0	0
0	0
0	0
1208	312
1	280
3	1
0	44
30	31
54	0
1	1
1	1
0	0
33	3218
16	2672
1	652
834	1761
12	1057
0	655
0	590
11	0
17	704
0	34
0	403
1	38
0	95
775	666
72	3795
11	3958
3	105
19	0
15	3971
0	21
0	21
33	8
1	4
0	4
0	747
1	198
3	12
8	155
0	292
254	15616
185	15638
0	3434
28	205
282	1409
0	34
3	246
9	1134
0	128
0	0
0	26
4	0
0	61
431	533
20	407
1	92
2	98
4385	3
0	329
26	29
7	2
211	622
1	597
20	23
2	265
126	1052
0	1052
6	628
387	1110
1	78
0	917
0	914
0	74
0	671
2	60
0	1017
0	791
3	449
0	539
2424	883
2	869
14	17
6693	16242
11	16232
34	177
12	3965
0	0
206	31
0	4
0	8
0	19
0	0
0	0
26	155
1	91
8	4
0	82
0	16
0	18
0	0
1228	59
1	58
1	0
30	2718
9	2622
10	379
4	370
15	312
18	361
1	197
5	149
0	34
2	645
1	645
0	221
18	214
7	136
0	0
0	2578
0	0
6	437
350	486
0	4
0	0
0	234
0	4
35	0
0	0
0	0
0	0
0	0
0	0
0	8
0	8
0	8
80	6613
11	6318
83	6360
0	756
490	0
0	0
0	0
112	728
0	0
0	0
240	258
1	1
0	42
0	181
2	181
0	148
1	78
3	40
0	49
2	93
6	0
57	42
0	4
1	12
0	15
0	6
0	29
0	1
0	2
7	102
5	102
0	0
12	245
22	245
4	9
0	32
1	4
1	2
0	0
12	616
0	34
4	579
12	561
0	31
11	6
2	51
0	0
6	685
0	8
0	14
0	13
0	0
0	0
3	3
0	580
0	493
0	10
1	24
29	10
0	37
2	439
1	44
0	683
0	0
0	0
0	0
1256	1186
0	5
0	2
81	1069
53	705
73	700
64	84
1	84
0	6
2	27
0	20
1	1
1597	195
35	192
1496	1656
0	1616
1	390
16	0
5	0
0	0
1813	4520
0	4519
0	10
0	68
7	68
0	68
0	304
34	358
2	142
0	14
108	75
0	58
1	75
0	8
0	0
0	8
1189	38
0	0
5	36
0	70
35	72
0	0
0	15
11	30
0	6
21	0
1	0
0	84
0	59
1	0
0	84
1	211
1	245
9	161
0	0
46	15
0	1
15	19
653	21920
43	2275
598	21559
2	0
0	0
0	0
0	0
0	0
0	0
0	0
749	0
192	3715
0	124
0	214
2	267
0	1804
1	0
1	223
0	683
2	171
0	631
12	584
0	1
0	1
6	1425
0	1472
0	70
0	0
5	188
0	188
0	18
178	0
587	2777
0	590
91	2664
0	264
1	265
4	264
37	1158
4	0
0	0
0	0
1201	262
0	57
0	288
0	16
3	0
5	0
0	74
0	288
17	534
13	5
5	491
0	0
4	508
0	493
0	7
2	0
0	99
0	408
1	148
46	408
4	408
0	0
0	0
0	0
0	0
0	2
0	1
0	2
56	1704
10	1692
0	11
0	34
0	25
0	61
146	4411
94	1850
79	930
112	746
1	1201
1	1187
879	108
6	57
8	75
0	0
0	0
115	1393
1	95
1	1267
2	58
0	6
1	29
2	5
8	309
5	10
0	176
122	810
35	810
0	0
10	102
0	0
0	0
0	0
21	16
1	279
298	9271
13	9035
0	308
1	62
1	7
12	6
103	1270
178	3067
34	228
331	108
364	1252
44	1234
0	983
3	111
1	16
3	147
0	67
2	0
0	0
2	209
2	202
1	79
0	67
0	53
0	17
0	24
0	0
200	1005
0	992
0	205
2	13
1	18
0	0
69	378
83	324
2	368
1	0
0	488
0	536
0	670
0	478
0	226
4	32
0	1
18	214
4	34
0	167
0	140
8	4
0	134
0	0
0	0
40	43
74	103
0	78
116	18
5	0
0	0
0	0
5258	478
1	470
3	96
0	4
0	3
0	3
0	1
0	30
3	31
0	4
25	1347
18	292
6	1333
19	187
0	41
21	156
0	156
0	47
0	156
5	1581
4	1370
26	1485
0	1451
0	1456
7	1337
12	1269
2	1242
12	109
0	765
0	66
0	536
16	241
0	123
0	167
0	147
4	99
1	2
2615	4483
8	677
31	4153
12	3
0	617
1	814
0	99
5	0
24	910
11	903
0	568
153	386
7	149
0	1
0	4
1	0
25	75
4	41
4	88
24	2
32	77
2	47
30	118
0	47
0	38
0	31
0	30
0	33
1	14
0	16
0	10
0	7
0	0
1	93
13	656
16	777
0	88
0	266
0	154
0	105
0	107
0	37
2	110
0	1
0	678
1407	0
0	3
0	3
0	0
4	6
0	6
0	0
0	2
0	0
0	0
0	0
0	0
0	0
177	395
0	395
0	192
0	2
1	0
0	9
0	3
0	0
504	9069
2	1646
0	4
4	271
74	9069
0	937
497	1622
0	1
555	1186
3	1176
2	1096
0	111
0	0
0	0
111	1348
153	1375
1	493
422	554
0	554
0	0
0	12
0	340
2	340
0	336
0	311
8	49
246	418
0	415
0	0
0	21
0	20
0	0
0	1
0	56
1	102
0	70
0	16
0	0
0	0
1033	58
3	57
72	66
0	50
0	16
3	1
735	88
0	88
0	1
0	0
0	0
0	5
0	5
1421	12077
74	10712
11	1644
55	1427
618	0
151	1273
17	1273
0	6
1	189
0	96
0	6
0	0
0	0
0	0
0	0
0	0
0	0
89	7
0	6
1	0
0	0
39	3502
9	3763
6	426
5	310
51	500
33	166
23	362
74	1493
1	1385
0	0
0	206
0	732
0	0
0	0
0	0
0	0
0	0
0	0
0	0
0	0
0	0
0	0
9	248
695	1668
6	8
26	622
5	384
10	41
2	11
75	10
0	1666
97	288
1	113
0	115
4	49
4	20
0	1
55	0
0	0
1	3784
68	3649
6	2755
23	25
0	53
14	119
8	491
0	226
0	322
0	157
10	5
0	5
0	0
0	0
0	0
803	2610
0	1273
1	1380
16	301
14	329
0	46
0	323
8	45
2	26
16	45
1	13
1	0
1	14
0	0
0	14
23398	4097
43	665
1	3258
0	3414
3	150
27	114
0	1
0	50
12	204
1	1559
66	1708
1	70
20	1649
8	1
18	11774
2420	11777
64	13674
0	11946
43	44
40	1093
0	559
0	110
3	69
16	11
10	4
3	1
15	0
0	13741
0	58
0	172
4	176
0	92
153	218
1	0
1	0
789	1168
3	212
7	397
0	1087
0	229
86	447
0	0
31	622
1	9
5	257
0	19
0	0
96	3688
5	1264
316	3437
149	390
249	1381
4	353
0	4
13	543
0	217
0	54
0	48
152	112
0	80
107	4
0	4
3	0
0	0
0	0
0	0
0	0
0	0
4	20
14	288
0	38
3082	668
0	0
0	0
0	41
0	69
0	17
0	113
0	0
0	0
0	38
0	8
0	155
0	0
3473	590
15	476
6	191
0	134
1	2
0	791
0	815
2	573
5	493
1	42
0	23
0	0
12	56
0	54
0	56
413	0
30	1
7	1694
0	849
20	322
74	286
0	94
0	204
29	211
5	56
9	0
0	1724
0	2
0	1
0	2
102	4
1	2
0	2
0	0
1377	1
45	0
2891	700
0	718
67	261
0	208
1	208
11	4
0	0
0	0
133	758
3	275
1	123
0	476
0	63
0	0
0	35
0	395
0	24
1	12
0	19
0	107
0	107
0	653
0	0
0	0
0	0
2	230
0	230
38	198
2	1261
0	87
0	7
0	1148
0	829
0	178
0	0
15	444
0	433
0	439
13	434
1	374
2	422
0	425
0	19
0	10
0	92
0	74
0	9
1	20
0	10
50	912
3	16
0	4
19	0
0	0
0	0
1206	2
0	0
82	690
1	93
25	690
9596	786
5	188
163	7239
0	7327
4	188
8	1245
9	30
1	2238
0	6940
732	254
0	254
0	0
65	41
0	41
0	4
0	1
0	32
15	89
0	32
0	61
0	7
1	20
0	10
0	21
0	0
0	0
0	13
0	8
0	7
0	0
21	2984
0	2667
98	1611
74	25
8	25
261	1156
5	507
0	1155
22	92
0	92
0	14
0	15
0	0
0	1
0	1
0	1
0	1
0	0
56	153
1	120
0	131
1	9
157	2722
12	2038
4	843
10	95
0	148
0	38
9	7806
184	7815
91	7516
0	4939
10	1018
22	445
5	649
0	381
0	131
5	316
0	261
40	4360
0	354
0	615
5	57
1	77
4	80
0	45
0	6
0	0
0	0
7	29
6	29
1411	1030
1	315
0	372
0	210
0	565
1	103
7	225
1	215
23	0
21	596
0	102
1	103
2	102
1	47
0	91
0	72
0	0
4016	34
12	0
2	32
0	5
33	264
273	264
0	114
0	0
0	0
0	0
351	1181
74	1181
0	0
0	0
0	0
0	0
0	0
28	46
0	33
0	23
0	0
1644	447
0	92
2	128
0	247
297	162
21	162
11	31
539	37
1	0
3	48
7	0
2	14
63	2088
11	2151
47	2901
6	2615
0	57
84	889
0	122
0	37
2	14
0	0
0	0
0	0
0	0
0	69
87	924
72	1253
1	175
16	862
0	336
2	447
15	540
93	31
0	31
0	3
0	0
6	646
105	1028
39	649
2	643
131	37
47	241
7	245
0	0
57	168
1	133
62	322
0	34
0	105
0	59
0	0
0	39
0	39
0	40
0	202
16	54
407	2365
1	149
1	0
0	2189
3	722
0	1626
0	1628
0	1
8	1
0	1
0	1
0	1
0	1
0	1
0	1
0	0
78	0
0	0
73	238
0	238
1	0
0	0
440	0
4	0
237	576
4	174
0	514
0	16
0	7
46	4330
17	3681
1	199
0	50
0	1313
8	2088
10	1812
32	1921
10	1659
7	100
0	35
4	141
0	231
3	1
0	14
6	168
1	44
0	0
1395	4110
41	7
2	16
1	1946
9	1050
9	0
0	0
315	34
0	33
0	0
1083	829
0	94
3	735
9	394
7	114
151	2281
0	2326
0	0
0	0
0	0
1	201
5	635
0	635
1	3
90	2674
0	322
0	2329
22	456
5	212
6	3
4	53
58	190
0	9
0	37
5	169
0	0
0	0
0	0
272	523
0	36
6	483
0	85
0	12
0	4
0	0
1	0
0	0
2961	633
3	0
121	167
0	234
0	172
324	803
9	223
8	464
0	121
1	254
6	253
0	231
0	0
0	4
0	4
0	4
0	4
781	4211
1	13
9	691
135	3627
27	2462
270	3456
119	1332
0	0
33	417
2	16
7	25
1	56
10	25
5	0
6	2
5	2
1	1
0	0
0	0
220	836
0	0
0	836
0	42
0	619
2	0
8	103
0	197
0	41
0	0
0	2
0	99
0	99
402	322
4	209
0	156
0	111
14	133
1095	2871
120	1621
1	1352
0	0
7	10
0	10
0	0
13	89
2349	1329
64	450
2	1291
20	24
0	137
26	274
6	248
21	178
9	1213
1	1179
23	941
6	290
0	453
17	143
5	46
0	0
0	5533
13	12160
0	12495
1	3291
0	142
180	124
0	0
8	190
16	588
10	154
152	896
0	355
25	67
74	51
30	3793
1682	4186
0	663
0	186
27	57
1	16
34	2483
329	293
1	0
36	273
0	270
0	291
25	251
121	715
2	474
0	655
6	439
688	519
1	310
3	4
0	298
0	162
3	33
1010	510
83	419
5	107
0	0
0	6
13	7
1	27
1	36
75	1643
1	11
0	9
2	24
0	0
13	83
5	25
7	157
0	15
0	27
4	46
20	1794
8	90
0	3
0	2
0	1
237	734
3	324
10	386
48	331
4	398
1	81
0	4
21	7
721	0
0	45
22	56
0	33
0	49
1401	2
3	781
12	783
0	781
0	725
2	87
0	19
11	91
119	0
0	0
37	323
5	170
11	731
0	7
0	7
0	531
3026	3121
3	1803
0	621
4	354
1	0
6	0
0	0
0	0
0	0
0	0
0	0
0	0
0	0
0	395
0	3773
26	3512
0	2210
0	267
203	479
11	232
0	105
2	262
0	80
0	486
1	204
1	152
0	3188
0	3510
0	3342
0	3031
2	26
0	58
0	57
1	8
2	34
11	103
21	476
14	62
2	3
3	4
0	449
623	13618
11926	28859
16	6729
49	2094
21	7371
0	0
0	40
0	39
0	38
0	0
59	1
0	1
0	0
5	0
26	809
5	51
1	217
22	812
71	815
0	668
0	0
0	0
0	0
289	1025
3	956
0	0
0	0
458	1
0	0
35	3179
3	1019
0	1071
1	54
16	278
29	1277
0	594
2	25
1	145
1	3
0	2
0	46
1	4
5	5
5	0
0	3174
4161	4167
3	591
0	1423
19	242
2	5
2	283
0	1102
15	1578
18	0
0	1364
337	276
0	276
2	113
0	0
58	353
0	353
0	0
961	442
0	441
0	0
0	84
0	0
0	0
0	0
0	0
0	0
327	4442
261	4385
11	754
1	225
0	0
273	273
18	273
0	158
3	180
0	83
0	24
2927	2514
0	770
0	1826
1	1741
1	6
0	6
436	449
0	416
0	148
9	126
0	27
0	0
0	0
8	450
1060	451
3	0
0	0
0	0
0	0
0	398
2328	644
9	5
0	134
11	106
7	17
33	107
0	12
1	19
0	116
1	93
0	0
0	0
10	90
1	382
0	458
0	472
0	457
1	414
111	473
104	452
309	124
0	131
16	131
0	1
0	618
12	597
44	404
2	370
0	168
0	1
0	157
0	282
0	5
6	43
42	23
39	300
0	3
7	24
0	147
0	280
4	738
0	1379
0	79
19	288
68	1091
0	11
1	3
17	570
4	335
0	7
4	47
0	0
293	49
3	24
4	14
0	11
0	0
0	0
3157	813
7	804
2	6
44	820
23	4585
15	4986
1	2594
67	3103
0	3757
0	3905
0	16
11	437
0	0
0	126
1	52
1	26
0	0
0	0
10	2077
3	259
8	5341
0	4764
0	3185
0	387
0	204
0	48
0	896
17	9
0	9
0	0
0	0
0	0
0	0
0	0
0	0
0	0
0	0
30	2041
3170	2226
0	0
4	1851
144	2009
0	4
14	69
0	1858
0	17
0	123
79	1429
85	1429
0	25
1841	195
1	194
12	6435
1	7319
54	6820
8	597
2	491
9	8
1	67
1079	1
5	0
0	0
0	0
652	976
1	870
0	9
0	106
1	77
25	79
3	79
4	986
0	764
1	368
0	1061
0	0
173	5698
26	2436
0	484
0	44
24	377
2	5371
1	324
10	1864
11	1461
2	18
573	537
0	528
8	229
91	1
1	0
16	0
2	300
124	65
0	63
7	294
6	0
10	396
71	3871
28	2745
47	2829
4	2996
4	2905
6	2845
0	2085
1	79
0	16
0	3
2	80
0	79
0	87
9	90
0	20
0	14
0	100
0	93
0	7
0	26
0	21
0	0
0	75
0	75
163	356
10	356
2	117
60	117
1	12517
0	2688
0	1872
50	1875
4	1697
5	11006
0	476
87	2281
2203	2249
0	0
1	1374
0	5
0	7
0	0
0	2
0	0
0	7
4	1131
2	104
0	1015
7	786
5	703
1	1051
0	57
0	927
0	0
0	0
0	0
0	0
0	0
0	0
0	0
0	0
654	489
5	488
173	47
0	47
1	0
137	163
0	163
356	829
37	248
5	79
0	72
1	244
0	40
0	44
1	25
0	262
0	0
0	0
0	0
0	308
6	436
0	40
9	190
0	0
0	5
0	11
2	15
0	0
0	426
0	303
14	2628
1	2830
0	74
0	2123
0	198
2	153
0	608
3	142
0	219
3	1
24	355
0	96
0	0
7	79
205	399
0	13
0	399
0	1478
2	1339
0	175
11	113
5	149
3	65
4	10
0	1478
1326	1115
38	1114
2	1
0	13
22	0
0	0
2	177
1	208
1	158
6	165
64	51
0	65
0	59
0	20
0	65
3	53
5	23
1	34
24	535
43	515
0	66
0	0
0	15
0	46
0	0
912	3592
121	3716
29	1517
2	1247
2	4
0	117
2	1218
1067	503
0	99
9	279
13	0
2	50
0	174
4	694
172	673
2	54
63	111
0	636
0	40
0	163
0	0
0	43
6	43
130	0
347	1220
34	1221
0	11
2	4
2	4
393	80
14	72
0	5
291	13
0	5
0	7
0	0
1095	3262
771	3262
5	2966
465	679
11	530
0	137
5	1
0	147
7	280
3	665
1	668
0	191
0	221
17	828
0	6
191	28
2	0
0	28
0	0
0	0
0	0
0	0
0	0
0	0
279	1369
1762	1330
27	297
0	157
26	1209
2	312
4	639
30	1200
1	549
0	259
207	354
4	354
0	71
23304	33
0	0
0	0
305	235
3	120
0	8
1	19
5	90
1	25
0	0
314	0
765	13872
0	5469
37	92
2	1008
6	2408
156	1534
3	37
5	1613
10	12184
0	3470
32	10
0	4420
312	4198
3	81
3	325
6	456
12	276
4	136
0	17
414	4420
0	0
0	0
0	0
52	15
2	15
0	9
0	827
0	10
16	88
0	108
6	827
24	850
58	834
1	65
1	64
1	19
0	767
2	18
0	102
0	81
1	46
0	209
3	66
0	76
36	246
0	46
0	205
0	827
1066	1090
38	1
12	1090
2	51
17	187
38	2
0	0
0	0
0	0
0	0
0	0
0	0
0	0
104	2180
0	1764
21	2196
4	195
0	39
1978	450
0	399
0	7
0	91
0	47
176	0
0	0
0	0
0	0
53	286
0	286
0	0
5	0
0	0
0	0
0	0
64	105
4	0
0	0
0	0
239	12
0	12
0	0
43	105
0	0
0	0
1273	92
2	0
0	92
0	0
0	0
0	0
0	0
13	0
0	0
1803	333
0	0
1	333
1	164
0	2
9	90
6	10
42	187
73	187
1	29
0	1324
0	1325
1	2751
3	4
6	93
45	444
1	8
0	2737
443	2712
0	2712
0	548
0	547
21	221
5	292
7	113
5	51
5	55
436	12
0	12
42	0
1187	1152
0	337
70	931
205	476
12	354
57	268
8	125
0	370
4	614
1076	786
2	556
1	321
0	137
1	16
0	13
0	1
0	13
3	0
0	0
0	0
418	5175
20	4983
1	258
2	377
1	268
70	31
0	30
0	24
0	28
2	31
0	15
0	5
0	0
0	0
0	0
0	0
0	112
1622	165
25	22
0	30
0	0
0	0
0	71
15	71
0	71
0	4
2	173
0	90
46	187
0	3
6	121
2	11
6	0
53	1054
0	296
169	1033
0	0
0	0
3618	2
2	186
0	174
2	167
1	0
0	5
0	0
0	0
0	0
0	0
0	0
111	1
0	0
0	0
0	0
0	0
0	276
543	394
10	93
0	140
0	12
5	56
1	58
2	19
1	2
0	118
7	2
0	2
0	2660
4	2646
22	2281
6	2045
0	1705
6	115
0	335
1	22
1	0
0	66
0	168
21	5
0	2607
287	82
2	81
3	0
10	4461
141	4461
0	0
0	0
0	0
0	0
0	0
0	0
0	0
0	0
0	0
0	0
5	174
18	291
0	126
3	145
0	259
0	293
0	261
27	271
1	44
4	1
6	9
0	10
7824	24
5	8
3	42
0	2
16	42
1	4
0	5
0	36
0	0
0	0
0	0
0	0
0	0
0	0
0	0
78	1
53	598
8	598
2	598
0	127
0	2427
2	1899
18	955
15	950
0	2166
0	548
0	0
67	1145
0	1060
19	630
19	0
33	13
0	710
2	146
0	199
11	30
6	21
3326	882
49	719
6	745
0	211
0	497
5	633
1	637
0	0
0	0
0	0
643	0
444	7
0	7
0	0
3	0
5	0
8	0
45	1042
26	1042
1	16
468	16
3	0
2	164
438	703
4	539
1	58
0	0
0	0
0	0
0	0
0	0
0	0
20	3
1	2
1	0
0	1
1831	1
17	1293
40	1293
39	411
3	0
5	103
0	10
0	103
4	191
198	191
20	6
1	6
7	2
0	2
0	0
0	810
0	1147
4	172
0	114
0	1608
0	1386
37	2
70	37
0	642
592	643
0	2
0	2
2682	4152
7	23
1	1401
9	3092
0	0
26	90
0	77
0	46
0	39
48	364
145	411
1	369
439	364
2	35
0	39
0	44
1	14
0	0
0	0
0	0
196	930
497	633
4	555
0	78
0	0
0	0
5	0
726	0
496	679
2	513
0	0
0	166
0	100
5997	5
1	0
0	0
47	7
3	1
0	6
2	528
68	598
2	528
0	598
0	138
23	101
0	2
0	3
0	0
0	0
2	1
0	0
0	0
0	0
11	0
8	63
15	6
13	3
4	5
73	9
10	0
0	6
0	6
0	62
0	0
4	12
0	0
0	12
0	7
4	13
44	107
0	22
0	32
7	95
0	83
0	93
0	59
3	6
0	1
2	58
0	0
3	0
0	0
0	0
0	0
0	0
0	12
0	12
11	18
3	6
0	20
0	0
0	0
8	6
0	0
0	0
0	6
0	23
13	124
0	144
0	128
0	87
0	14
9	5
3	0
0	17
3	534
12	50
0	411
5	1
0	20
12	0
4	80
2	157
0	27
0	91
0	35
0	534
487	1119
3	0
0	156
3	78
8	924
25	218
3	29
0	139
0	39
16	48
190	102
0	10
0	10
0	0
11	50
64	51
4	9
0	332
0	810
5	291
6	560
0	772
0	107
1	122
0	98
0	77
2	7
41	1
0	4
0	16
1	0
15	42
0	5
1	39
0	1
2	8
8	3
13	0
171	617
1759	11313
6	10695
9	56
0	0
56	9262
9	636
14	0
0	4780
87	4983
39	0
583	1628
15	1117
63	702
19	886
0	864
0	712
0	176
3	722
1	719
11	786
1	2
0	863
0	0
0	0
0	0
0	37
4	37
2	0
0	0
0	34
0	95
19	95
2	37
0	29
1	31
4	44
1	46
0	31
0	1
0	2
0	0
0	0
0	1
0	206
1	0
0	153
0	213
0	237
2	50
3	16
6	50
0	1
0	11
0	9
0	3
0	4
1	10
1	12
409	423
1	63
0	34
4	360
0	0
24	0
0	0
139	428
13	140
3	59
1	120
8	29
3	23
0	16
0	107
533	737
47	163
0	41
31	31
0	0
0	0
0	624
0	396
13	1833
2	27
0	78
5	67
0	133
0	1841
0	3
0	3
0	0
0	0
42	0
0	1
0	1
404	829
1	59
3	769
0	43
0	550
0	375
11	550
0	0
0	0
0	0
2	1351
5	570
2	1093
82	1264
11	828
264	1466
75	458
7	419
35	651
0	14
0	26
0	30
55	22
28	18
811	174
0	163
0	46
1	53
2	4
0	4
13	1817
177	5891
2	5297
14	1027
26	295
1	0
1627	31
0	31
0	4281
1	1309
1	412
0	440
1	4281
872	807
0	603
3	159
64	515
0	324
5	5
0	174
0	215
0	32
1	72
0	24
4	0
0	0
0	0
0	0
132	6
0	6
0	0
0	11
0	0
1232	337
12	108
0	77
5	202
17	25
3	8
2	6
1	6
0	5
0	6
0	7
1	0
0	0
0	0
131	0
4	0
279	209
84	209
1	0
0	21
0	0
0	0
0	0
0	0
0	0
0	0
0	0
0	26
4	26
166	1259
8	1104
1	153
2	186
0	1
9	0
0	0
0	0
522	524
2	512
1	491
0	53
1	183
0	13
2	14
0	0
0	8
0	14
4	0
563	35
2	20
0	15
0	0
0	9
0	2
0	8
0	0
0	1197
2	1183
0	1193
83	1177
1	54
0	1
0	1
2	2
0	2
0	0
0	0
0	0
0	0
0	2
0	2
0	0
0	0
3	47
80	180
0	93
1	0
0	6
2	105
0	3
0	0
0	140
277	232
0	65
0	21
0	57
0	0
0	0
0	0
385	1931
317	823
4	265
196	370
2	92
2	81
0	136
1	32
408	34
0	0
4	593
15	143
0	542
0	114
55	462
0	526
1	112
15	123
101	542
558	185
0	185
0	0
0	0
0	0
0	0
0	0
0	0
1	0
0	4
0	4
0	3
0	2
0	1128
47	1155
0	73
0	66
0	26
0	168
1152	566
0	262
0	25
5	89
0	335
1	294
0	404
0	314
1	0
0	0
49	322
25	322
2	322
0	11
23	6160
0	2
0	35
0	6100
3	1
0	6123
0	3883
11	3618
4	53
33	3905
0	6028
0	3999
3	6022
0	0
570	35158
30	32827
210	33658
0	35707
0	33909
71	33999
0	34702
375	16704
5	26506
16	2098
41	6466
70	28097
5	6148
6	2360
2	10718
5	3490
5	2191
0	0
238	728
21	407
0	256
1	79
7	15
0	145
3	161
6	52
0	0
0	0
0	0
17	43
0	41
0	4
1	13
0	0
0	0
0	2
0	0
0	0
0	0
0	0
0	0
0	0
4169	4600
1	569
91	0
4	1765
3	31
0	751
0	120
7	878
0	0
0	0
0	0
0	0
18	104
0	101
0	0
1	3
3062	2075
0	1543
18	1827
1	493
760	492
7	411
8	5
1	31
2	66
31	69
3	52
0	0
0	0
0	0
0	0
3	955
60	982
9	990
2	987
164	858
200	94
4	102
4	254
0	239
37	169
8	51
28	77
3	3
0	0
0	0
0	0
99	716
12	716
1	623
30	57
496	2305
13	898
10	111
105	1469
2	45
4	77
259	1177
2	187
3	221
4	2088
5519	2677
2	2063
0	5
1	1262
10	1804
11	1560
0	1724
34	1947
0	1350
5	1316
0	26
5	183
10	1285
6	835
20	1066
11	290
21	173
6	74
229	541
25	540
0	505
0	15
33	0
0	0
7	523
253	523
350	237
4	223
0	208
0	33
0	9
0	0
0	0
0	0
1	3
265	264
10	264
1	3
4	175
0	0
0	0
0	0
0	0
0	0
0	0
0	0
0	0
0	0
0	0
29	5421
0	896
735	6220
56	310
21	26
10	325
7	244
0	487
0	0
1472	41
18	39
0	8
1	5
0	6
0	4
0	2
0	1
0	3
0	0
0	0
0	0
5	4
0	4
0	0
0	1
944	403
0	26
0	96
0	12
42	127
0	108
2	17
1	23
0	10
0	0
0	1351
20	455
10	444
0	3034
39	1483
90	29
0	3034
0	0
0	0
0	0
5	1033
47	1033
3	89
0	0
0	1014
0	0
920	559
2	557
2	6
0	73
1	84
14	6830
0	4567
4	2566
0	2229
2	1257
0	1569
0	1113
111	1955
0	1962
0	1738
58	1276
0	398
0	658
12	491
0	15
27	324
22	235
1	113
3	103
5	65
2	69
0	67
1	2
0	0
0	0
0	7861
0	7466
0	6779
0	4
0	0
0	1
0	4
1603	687
0	49
0	69
0	473
2	675
279	35
16	36
14	7
6	6
57	1958
122	2006
168	1918
4	117
4	18
3020	661
0	21
1	417
1	49
2	45
0	5
0	12
9	238
0	7
13	1
10	25
1	2
0	2
0	1
0	2
0	0
1287	94
0	55
0	38
4	36
0	0
23	36
0	0
6	0
0	0
1	0
3	490
0	1
1	33
29	239
0	452
6	414
0	465
0	21
13	356
0	126
2	13
0	44
0	126
0	12
0	52
22	0
1	4
0	0
0	7
0	7
32	142
0	140
0	0
0	8
1	10
0	17
1	0
0	0
0	0
0	159
0	472
0	469
1286	490
278	318
2	1
3	21
1	0
0	0
0	0
0	0
0	0
0	0
0	38
0	38
6	23
0	4
1	3
0	0
0	0
6135	682
1	676
45	12333
45	24909
41	32843
34	26862
6	18340
0	3763
3	5342
0	239
0	193
10	967
0	4100
3	117
535	3275
3	118
0	1687
21	38
0	1933
0	3814
4	68
0	1822
4	0
0	2379
11	1
26	1139
6	89
115	37
5	432
3	3408
14	0
0	0
1	0
0	0
2	1
0	0
0	0
0	1
135	846
0	2
1	750
0	11
0	0
1	19
1	1
0	24
1	293
0	0
2	18
0	0
0	0
598	2560
2	2560
11	6
5	35
170	99
0	15
8	64
5	0
0	0
0	0
0	1
0	2
0	2
0	0
0	0
0	0
0	0
0	120
3	2614
0	2775
0	8
0	267
2	2583
1	222
0	153
0	2440
0	0
1	65
0	2779
938	872
54	867
0	119
3	408
2	42
633	456
15	413
0	42
0	119
0	0
0	1
0	1
0	0
0	0
0	0
0	0
3700	1
30	1517
58	1226
2	1344
71	337
2	1310
19	28
0	0
13	246
4	235
0	162
2	18
17	529
28	529
0	67
3	0
53	53
1	23
0	91
5	2
0	465
34	88
4	535
104	650
0	426
1	462
0	152
1	23
0	87
0	3
0	82
2	4
524	0
4	1302
0	1388
8	147
0	325
35	1083
0	5
0	83
4	22
5	82
0	0
7	41
0	37
0	4
1	75
2	25
1	1350
0	6
0	3
4	355
61	830
0	52
0	107
0	540
11	6
6	6
0	0
0	0
0	0
0	0
219	601
1	617
0	0
3	392
0	248
3	138
29	571
0	22
2	41
0	41
37	25
0	5
10401	29728
633	29778
5	54
1	3953
0	129
0	0
0	0
0	2536
0	1970
35	3122
26	9484
78	10137
0	10193
1	10192
0	10268
0	10494
59	519
239	258
5	1487
32	1523
2	332
0	156
0	7
0	10621
0	9715
0	10372
8479	132
3	74
0	57
0	18
0	165
0	20
0	1
17	183
0	68
0	17
0	0
1	13
0	0
0	144
2	0
0	56
9	51
0	38
0	0
0	5
0	91
0	1
0	1
0	1
0	2
0	1
0	2
0	2
0	1
0	2
0	0
0	1
0	1
0	6
0	6
0	2
0	2
7	0
2209	7355
0	1505
5	2
0	0
0	7347
8	286
126	544
0	189
614	540
1	1
0	0
0	0
0	0
4	1340
0	1317
0	187
2	9
0	1317
0	0
0	0
0	0
0	0
0	0
0	0
0	53
1	20
0	63
0	8
0	65
1521	1
0	0
0	0
0	0
0	0
0	0
0	0
837	1157
0	136
14	1054
0	14
0	171
0	364
0	153
5	2
0	0
41	807
122	633
5	68
0	131
3	229
0	0
0	0
1138	465
7	312
0	341
4	0
0	0
0	95
0	0
0	6
3	120
0	98
0	97
0	9
3	99
6	2
1	0
18	21
0	3
1	20
0	15
0	33
0	22
0	25
26	2518
0	0
0	0
2	31
0	51
1516	2595
54	2556
1	9
4	84
0	12
0	0
14	206
0	0
0	0
0	0
0	0
35	1
1	0
31	1
0	297
0	57
0	277
48	582
6	823
7	784
6	770
0	161
0	11
0	30
0	0
0	0
6	0
0	0
0	0
0	0
0	0
166	1601
151	1406
0	857
48	268
4	2
0	1601
5008	2
167	14
0	14
16	5599
2	4
1	0
94	1291
1	35
109	262
0	686
4	2
0	28
1	6
32	556
0	26
0	19
0	5597
58	1154
2	9
0	435
1	846
38	1036
1	0
3	414
2	17
292	289
0	287
0	98
0	97
1025	447
0	276
0	158
0	13
0	0
0	0
0	0
0	0
229	281
6	257
4	131
0	24
24	0
50	60
0	4
0	56
0	0
0	284
13	382
0	117
0	19
0	4
0	5
3	30
0	0
0	0
0	43
0	11
54	54
0	499
0	908
2	0
0	0
0	0
0	1
0	3
0	3
0	41
0	0
0	39
0	0
0	0
0	47
0	0
0	0
0	0
0	0
0	0
0	0
0	4
0	6
0	505
0	5
0	6
0	0
0	0
88	0
38	395
0	3660
0	0
621	0
0	34
0	0
0	0
0	64
0	1203
0	1148
154	0
0	0
3	7256
0	6068
0	435
0	0
0	0
0	0
0	0
0	0
0	0
0	0
0	224
0	0
0	0
1	0
0	49
0	589
0	317
0	0
2	107
0	0
0	0
0	498
0	0
0	0
0	0
0	1
0	6
0	6
0	0
0	73
0	0
0	10
0	11
0	9
0	24
0	340
0	0
0	0
0	4
0	6
0	2
0	39
0	37
0	5
0	17
0	0
0	0
0	55
0	266
0	0
0	0
0	23
0	0
0	0
0	2
0	6
0	4
0	25
0	1
0	127
0	1
0	1
0	127
0	4
0	19
0	0
0	5
0	6
0	28
0	62
0	0
0	0
0	0
0	0
0	0
0	0
0	0
0	0
0	0
0	0
0	1
0	0
0	0
0	0
0	0
0	0
0	1
0	0
0	0
0	0
0	0
0	0
0	0
0	0
0	0
0	0
0	0
0	0
0	0
0	0
0	0
0	0
0	0
0	0
0	0
0	0
0	0
0	0
0	0
0	0
0	0
0	0
0	0
0	0
0	0
0	0
0	0
0	0
0	0
0	0
0	0
0	0
0	0
0	0
0	0
0	0
0	0
0	0
0	0
0	0
0	0
0	0
0	0
0	0
0	0
0	0
0	0
0	0
0	0
0	0
0	0
0	0
0	0
0	0
0	0
0	0
0	0
0	0
0	0
0	0
0	0
0	0
0	0
0	0
0	0
0	0
0	0
0	0
0	0
0	0
0	0
0	0
0	0
0	0
0	0
0	0
0	0
0	0
0	0
0	0
0	0
0	0
0	0
0	0
0	0
0	0
0	0
0	0
0	0
0	0
0	0
0	0
0	0
0	0
0	0
0	0
0	0
0	0
0	0
0	0
0	0
0	0
0	0
0	0
0	0
0	0
0	0
0	0
0	0
0	0
0	0
0	0
0	0
0	0
0	0
0	0
0	0
0	0
0	0
0	0
0	0
0	0
0	0
0	0
0	0
0	0
0	0
0	0
0	0
0	0
0	0
0	0
0	0
0	0
0	0
0	0
0	0
0	0
0	0
0	0
0	0
0	0
0	0
0	0
0	0
0	0
0	0
0	0
0	0
0	0
0	0
0	0
0	0
0	0
0	0
0	0
0	0
0	0
0	0
0	0
0	0
0	0
0	0
0	0
0	0
0	0
0	0
0	0
0	0
0	0
0	0
0	5
0	1
2	3
0	0
0	0
26	4
3	0
47	1
0	7
16	10
3	6
0	2
0	2
0	0
0	0
1	2
0	0
0	0
0	0
0	0
0	0
0	0
0	0
0	0
0	0
0	0
2	0
0	0
122	6
3	6
0	9
0	1
11	12
12	10
1	0
0	2
0	2
0	0
0	0
0	0
0	0
0	0
13	57
49	10
0	47
0	0
0	0
6	0
0	0
74	0
0	0
0	0
0	0
5	5
1	5
0	5
0	5
0	0
3	393
2	163
214	201
0	23
4	10
40	44
0	0
6	0
0	44
6	3
4	0
0	6
0	6
0	0
7	0
0	1
0	0
0	0
0	0
0	0
0	0
0	0
1	101
152	162
7	162
0	0
27	0
84	9
0	9
0	0
0	0
0	0
0	0
0	0
1	23
0	0
1	0
0	0
0	1
0	0
0	2
0	0
0	0
0	0
0	0
0	0
36	0
0	0
0	0
3	53
0	0
0	0
0	1
0	0
0	0
0	0
18	0
0	5
0	0
2	0
0	0
0	2
0	0
0	0
9	0
20	553
64	0
1	12
5	0
0	0
9	11
0	0
0	0
0	2
0	0
7	59
0	60
0	0
35	11
2	0
0	12
3	0
0	114
0	3
0	0
0	0
7	0
0	13
0	0
9	5
0	7
0	0
0	0
0	0
0	61
1	6
0	0
0	0
0	0
0	0
0	0
0	0
0	0
0	0
0	0
0	0
0	0
0	0
0	0
0	0
0	0
1	0
1	0
0	0
0	0
0	4
0	0
0	0
0	0
0	0
0	0
0	0
0	0
0	0
0	0
0	0
0	0
0	0
0	0
1	0
0	0
0	0
0	0
0	0
0	0
0	0
0	0
16	15
0	0
0	0
0	0
0	0
0	0
0	0
0	0
0	0
0	0
0	0
0	0
0	0
0	0
0	0
0	0
1	0
0	0
1	10
0	6
0	0
0	0
0	0
0	0
0	0
0	0
0	0
0	0
0	0
0	0
0	0
0	0
0	0
0	0
0	0
0	0
56	169
0	169
0	0
0	0
0	0
0	0
0	0
0	0
7	71
0	1
4	124
0	77
1	61
0	3
0	0
0	0
0	0
0	0
0	0
0	0
2	0
0	0
0	0
0	0
25	78
48	154
211	195
1	9
7	151
0	146
0	5
1	0
1	0
1	0
0	0
2	11
0	0
0	0
0	0
0	0
1	0
7	0
2	7
0	1
0	3
0	3
0	0
0	0
0	0
1	0
0	0
0	0
1	0
0	0
0	0
0	0
0	0
0	0
3	0
0	0
0	0
0	0
0	0
0	0
0	0
0	0
0	0
0	0
0	0
0	0
0	0
0	0
0	0
0	0
0	0
0	0
0	2
0	2
0	0
0	0
0	0
0	0
0	0
0	0
0	0
0	0
0	0
0	11
0	0
0	0
1	0
0	0
0	0
2	0
0	0
0	5
12	1
0	4
0	0
0	0
0	0
0	0
0	0
0	0
0	0
0	0
0	0
0	0
0	0
0	0
0	0
0	0
0	0
0	0
0	0
0	0
0	0
0	0
4	0
0	0
0	0
0	0
0	0
0	1
0	1
0	1
0	0
0	0
0	0
0	0
0	0
0	0
0	0
0	0
0	0
0	0
0	0
0	0
1	6
0	6
41	4
0	4
0	0
0	0
0	0
0	0
0	0
0	0
28	53
0	53
13	0
0	0
0	0
0	0
0	0
0	0
5	2
0	5
0	0
0	3
0	0
0	0
0	0
0	0
0	0
0	0
0	0
0	0
0	0
0	0
0	0
0	0
0	0
84	3
0	15
0	3
70	2
0	3
0	1
1020	1529
0	1328
1	247
1798	732
0	12
0	0
0	0
0	0
0	0
0	0
2	0
0	0
0	0
10	1
0	24
1	0
0	0
0	0
0	0
0	0
0	0
0	0
0	0
0	0
14	0
0	3
2	6
10	0
21	3
0	0
0	0
0	0
0	0
0	0
0	0
0	0
0	0
0	1
0	4
0	4
0	1
0	0
0	0
0	0
0	0
0	7
0	2
3	1
0	0
0	0
0	0
0	0
0	0
0	0
191	67
36	64
92	117
0	7
5	61
0	0
0	0
0	0
2	0
0	0
3	2
0	2
0	0
0	0
0	0
0	2
0	1
0	0
0	0
0	0
3	4
0	4
0	0
0	0
0	0
0	0
0	0
0	0
0	0
0	0
0	0
0	0
0	0
0	0
0	0
0	0
0	0
0	0
0	0
0	0
0	0
0	0
0	0
0	0
0	0
0	0
0	0
0	0
0	0
0	0
2	0
0	0
0	0
0	0
0	0
0	0
0	0
0	0
0	0
0	0
0	0
0	0
0	0
0	0
0	0
9	0
0	0
0	0
1	0
0	0
0	0
0	0
0	0
7	0
0	0
1	0
0	0
0	0
0	0
0	0
0	0
0	0
0	0
0	0
0	0
0	0
0	0
0	0
0	0
0	0
1	0
0	0
0	0
0	0
0	0
0	0
0	0
0	0
24	43
5	43
84	20
0	0
0	0
0	0
3	39
33	39
0	0
44	0
0	0
1	0
0	0
67	9
0	9
16	0
0	0
2	0
0	0
0	0
0	0
0	0
7	1027
0	24
0	483
0	0
0	0
0	0
0	0
0	0
0	0
0	0
0	0
0	0
0	0
0	0
0	0
0	0
0	0
0	0
0	0
0	0
0	0
0	0
0	0
0	0
0	0
0	0
0	0
0	0
0	2
0	1
0	2
0	0
0	0
0	0
0	1
0	1
0	0
0	0
0	0
0	0
0	0
0	0
0	0
0	0
0	0
62	0
0	0
0	0
0	0
0	0
0	0
0	0
0	0
0	0
0	0
0	0
74	270
1	40
0	40
0	176
9	1
0	203
18	64
2	54
0	0
0	0
0	0
0	0
0	0
0	0
0	0
0	0
0	0
0	0
0	0
0	0
0	0
0	0
0	0
0	0
0	0
0	0
0	0
0	0
0	0
0	0
6	5
11	26
215	1455
15	13
103	173
0	14
4	173
0	0
0	0
0	0
0	0
0	3
0	0
0	0
0	0
0	0
0	0
0	0
0	0
0	25
5	25
870	217
0	217
0	0
0	0
0	0
0	0
0	0
0	0
0	0
0	0
0	0
0	0
0	0
0	0
0	0
20	15
31	15
1	2
0	0
0	0
0	0
0	0
0	0
2	1
0	1
0	1
0	0
0	0
0	0
0	0
0	0
3	0
0	0
0	0
0	0
0	0
0	0
0	0
0	0
0	0
0	0
0	0
0	0
0	0
0	0
0	0
0	0
0	0
0	0
0	0
0	0
0	0
7	7
0	0
0	0
0	0
0	0
0	0
0	0
0	9
0	5
0	2
0	0
0	2
0	2
0	2
0	2
0	1
0	1
0	0
0	0
1	0
1	0
0	0
0	0
0	0
0	0
0	0
0	0
0	0
559	128
0	128
0	0
1	0
0	0
0	0
0	0
0	0
0	0
0	0
0	0
0	2
0	1
0	0
0	0
0	0
0	0
0	206
0	162
24	19
15	20
15	78
6	46
0	0
0	0
0	0
0	0
0	0
1	0
0	0
4	1
0	1
0	0
0	10
0	10
0	0
0	0
0	0
0	0
0	0
0	0
45	119
2	51
3	49
0	13
3	116
8	13
0	0
1	32
0	14
4	7
0	6
0	5
0	3
0	1
0	0
0	3
0	2
0	2
0	1
0	1
0	2
0	1
0	0
0	0
0	0
3	2
1	0
1	2
8	10
0	10
38	9
26	60
11	8
7	54
26	130
3	130
0	0
0	0
0	0
0	0
0	0
0	0
0	0
0	0
0	0
0	0
0	0
0	0
0	0
0	0
0	0
0	0
0	0
0	0
5	0
0	0
0	0
0	0
0	0
6	47
0	34
0	0
0	0
0	0
0	0
0	0
0	1
0	2
0	1
0	0
0	0
0	0
0	0
0	0
46	0
14	0
0	0
0	0
0	0
0	0
1	0
12	0
0	0
0	0
0	0
0	1
0	1
12	79
92	2
15	91
0	18
32	110
15	46
0	55
0	0
0	0
33	64
0	0
0	0
0	0
0	0
3	0
0	0
2	1
0	0
0	0
0	0
0	0
0	0
2	0
0	0
0	0
0	0
0	0
0	0
0	0
0	0
0	0
3	3
0	3
0	0
0	0
0	1
2	1
1	1
0	1
1	1
0	1
1	0
0	0
851	707
1779	2161
6	3003
2	2467
0	0
0	0
0	0
0	0
0	0
0	0
0	0
0	0
0	0
0	0
0	0
0	0
0	0
0	0
0	6
0	0
1	9
0	1
0	0
1	341
165	2276
0	0
0	0
0	6
0	0
1	1
1	48
0	0
0	0
0	0
0	0
0	0
0	0
0	0
0	0
0	0
118	0
0	0
0	58
0	0
0	0
0	0
0	0
0	0
0	110
0	0
0	0
0	6
0	0
0	0
0	0
0	0
0	0
97	0
0	0
0	0
0	0
0	0
0	0
0	0
0	0
0	0
0	0
0	0
0	0
0	0
0	0
0	0
0	251
6	90
0	0
0	0
0	0
0	0
0	0
0	0
0	0
0	0
0	0
0	0
0	0
0	0
1	0
0	0
0	0
0	0
0	0
0	0
0	10
0	0
1	0
0	0
0	0
0	0
0	0
0	0
0	0
0	186
0	0
0	0
0	0
0	0
0	0
0	0
0	0
0	0
0	0
0	0
0	0
0	0
0	0
0	0
0	0
0	0
0	0
0	0
0	0
0	0
0	0
0	0
0	0
0	0
0	0
5	14501
0	0
0	0
0	0
0	0
0	0
0	0
0	33
0	0
0	0
0	0
0	0
0	0
0	0
0	0
0	0
0	0
0	0
0	0
0	0
0	0
0	0
0	0
0	0
5	94
0	0
0	0
0	0
0	4
2	0
0	0
0	0
0	0
0	0
0	0
0	0
0	0
0	0
0	0
0	0
0	0
0	0
0	0
0	0
0	0
0	0
0	0
8	1
0	0
0	0
0	0
0	0
0	0
0	0
0	0
0	0
0	0
0	0
0	0
0	0
0	0
0	0
0	0
0	0
0	0
0	7
0	0
0	0
0	0
0	0
0	0
0	0
0	0
0	0
0	0
0	0
0	0
0	0
0	0
0	0
0	0
0	0
0	0
0	0
0	0
0	0
0	0
0	0
0	0
0	0
0	0
1	0
0	0
0	0
0	0
0	0
11	0
0	0
0	0
0	0
6	0
4	0
0	0
0	0
0	0
0	0
0	0
0	0
0	0
0	0
0	0
0	0
0	0
0	4
0	0
0	0
0	0
0	0
0	0
0	0
0	0
1	14
0	0
1	0
0	0
0	0
0	0
4	1140
0	0
0	0
0	0
0	0
0	0
0	0
0	15
0	0
0	0
0	0
0	0
0	0
0	0
0	0
0	0
0	0
0	0
0	0
0	0
0	0
1	1
0	0
1	0
0	0
0	0
0	0
0	0
0	0
0	157
0	0
0	0
0	0
0	0
0	0
0	0
0	0
0	0
0	0
0	0
4	0
0	0
0	0
0	0
0	0
0	0
5	35
0	0
0	0
0	0
0	0
0	0
8	421
4	0
0	0
3	0
0	0
0	0
0	0
0	0
0	0
0	0
0	0
0	0
0	0
0	0
0	0
5	0
0	0
0	0
1	538
0	0
0	0
0	0
0	0
0	0
2	1
0	0
0	0
1	0
0	0
0	0
0	0
0	0
0	0
0	0
0	1026
0	0
0	0
0	0
1	0
0	27
1	0
0	0
0	0
0	6
0	0
0	0
0	0
0	0
0	0
0	0
18	0
0	0
0	0
0	0
0	0
1	0
0	0
0	0
0	0
0	0
0	0
2	0
0	0
0	1
0	87
0	0
0	0
0	0
0	0
3	0
2	0
0	0
0	0
0	0
0	0
14	1376
0	0
0	0
0	0
12	1883
0	0
0	0
0	0
0	0
0	0
0	0
0	1621
0	0
0	0
15	5
0	0
0	0
0	0
0	0
0	0
0	0
2599	8487
0	376
0	0
0	0
1	0
0	0
0	0
1	0
0	0
1	124
1	0
1	12
0	0
2	0
0	0
0	0
1	740
0	0
0	0
0	0
0	0
0	0
0	0
0	0
0	0
0	0
0	0
0	0
1	1
0	0
0	0
0	0
0	0
0	0
0	0
0	0
0	0
0	0
0	0
0	0
0	0
0	0
0	0
0	18
0	0
0	0
0	0
0	0
0	0
0	0
0	0
0	0
0	44
0	0
0	0
0	0
0	0
0	0
0	0
0	0
0	0
0	0
0	0
2	1056
0	0
0	1
0	0
2	49
0	0
4	0
0	0
0	0
0	0
0	0
0	0
0	0
0	0
0	0
0	0
0	0
0	0
0	0
0	0
0	0
0	0
0	0
0	0
0	0
0	0
0	0
0	0
0	0
0	0
0	0
0	0
0	0
0	0
0	0
0	0
0	91
0	0
0	0
0	0
0	0
0	0
1	13
0	0
0	0
0	0
0	4412
1	353
0	0
0	0
0	0
0	0
3	0
0	0
0	0
0	0
0	0
0	0
0	6
0	0
2	283
0	1
0	0
0	0
0	0
1	0
0	0
0	0
0	0
0	0
0	0
0	0
0	0
0	0
0	0
3	343
0	0
0	0
0	0
0	0
0	1
0	0
0	0
0	0
0	0
0	0
0	0
0	0
0	0
0	0
0	0
0	0
0	0
0	0
0	0
0	0
0	0
0	0
1	2
0	0
0	0
0	0
0	0
0	0
0	0
0	0
0	0
0	0
0	0
0	0
0	0
1	7
0	6
0	0
0	0
1	35
0	0
0	0
0	0
0	0
18	46
0	0
0	0
0	0
0	1
0	0
0	0
0	0
0	0
0	0
0	0
0	0
0	0
0	0
0	0
0	0
0	0
0	0
0	0
0	0
0	0
16	624
0	0
0	0
0	0
0	0
2	2
0	0
0	0
0	0
0	206
0	0
0	0
0	0
10	0
0	0
1	0
0	0
0	0
0	0
0	49
0	0
0	4
0	0
0	0
0	0
0	0
3	0
0	0
0	0
0	0
0	0
0	0
0	0
0	0
0	0
1	0
0	0
0	0
0	0
0	0
0	1
0	0
0	0
1	69
0	0
0	0
0	0
0	0
0	0
0	2
0	0
1	0
0	0
3	224
0	11
2	0
0	0
0	0
0	0
0	0
0	0
0	0
1	0
0	0
0	0
0	1
0	0
0	0
0	0
1	0
0	0
0	0
0	0
0	0
0	0
5	0
0	22
0	0
0	32
0	0
0	0
0	0
0	0
0	0
3	0
0	0
0	0
0	0
0	0
0	0
0	0
0	0
0	0
0	0
0	0
0	0
0	0
0	0
0	2
0	0
0	0
0	0
10	11
0	0
0	4
0	0
0	0
0	0
0	0
3	0
0	0
0	0
1	71
0	0
0	0
0	0
0	0
2	461
1	0
0	0
0	0
0	0
0	13
0	0
0	387
0	0
0	0
0	0
0	0
0	0
0	0
0	0
0	64
0	0
0	0
0	0
0	0
0	0
0	0
0	0
3	0
0	0
0	0
0	0
0	0
0	0
0	0
0	0
0	0
0	0
0	0
0	0
0	0
0	0
0	0
1	0
0	0
0	0
0	0
0	0
0	0
0	0
0	0
0	0
0	0
0	0
0	0
0	0
0	0
0	0
0	0
0	0
0	0
42	926
0	0
0	229
0	0
0	0
0	0
0	0
0	0
0	0
0	0
0	0
0	0
0	0
0	0
0	0
0	0
0	0
0	0
1	0
0	0
0	0
0	0
0	0
0	0
0	0
0	0
0	0
0	0
0	0
0	0
0	0
0	0
0	0
0	0
0	0
2	19
0	0
0	1
0	0
0	0
2	956
0	0
0	0
0	0
0	180
0	0
1	0
0	0
0	0
0	967
0	0
0	0
0	0
0	0
0	0
0	0
0	0
0	0
3	0
0	0
0	0
0	0
1	1
0	0
0	0
3	36
0	0
0	0
0	0
0	0
69	109
0	0
0	0
3	4387
0	0
0	0
0	0
1	0
31	0
0	0
0	0
0	4
0	0
0	0
0	83
0	0
1	80
0	0
0	0
0	0
0	1
2	0
0	0
0	0
0	0
1	0
0	0
0	0
0	0
0	0
3	5630
0	0
0	0
0	0
0	0
0	0
0	0
0	0
2	0
0	0
0	0
0	0
0	0
0	39
0	0
0	0
0	0
0	0
0	0
0	0
0	0
0	0
0	0
0	0
0	0
0	0
4	0
0	0
0	0
0	0
0	0
0	0
0	0
5	0
0	0
0	58
0	0
0	0
0	162
0	0
0	0
0	0
0	0
0	0
0	0
0	0
0	0
0	0
0	0
0	0
0	0
0	0
2	0
0	0
0	171
0	163
0	0
0	0
0	0
0	0
0	0
0	0
0	0
0	0
1	0
0	0
0	0
0	0
0	0
0	1
0	0
20	0
0	0
0	0
0	0
0	0
0	0
0	0
0	0
0	0
0	0
0	0
0	0
0	0
0	0
2	203
0	0
0	0
0	0
0	1
0	1
0	0
0	0
0	0
0	0
0	0
0	0
0	0
1	4
0	0
0	0
23	288
0	0
0	0
0	0
0	0
0	0
0	0
0	0
0	0
0	0
0	0
0	0
1	22
0	0
0	0
1	70
0	0
0	0
0	0
0	0
0	0
0	0
0	0
0	0
0	0
0	0
0	0
0	0
0	0
0	0
0	0
0	0
0	0
0	0
2	398
0	0
0	0
0	0
0	0
0	0
0	0
0	0
0	0
3	0
0	0
0	0
0	0
0	0
0	0
0	0
0	0
1	0
1	0
3	0
0	0
0	0
0	0
0	0
7	0
0	0
0	0
0	0
0	0
0	0
0	0
0	0
0	0
0	0
0	0
1	0
9	183
0	0
0	0
0	0
0	0
0	0
0	0
6	79
0	0
1	201
0	0
2	1505
1	6
0	0
0	0
3	0
1	0
0	0
0	0
0	0
2	7
0	0
0	0
0	0
0	0
0	0
0	0
0	0
1	0
1	0
0	0
0	0
0	0
0	0
22	88
0	0
0	0
0	0
0	0
0	0
0	0
0	0
0	0
0	0
0	0
0	0
0	0
0	0
0	0
1	104
0	44
0	0
0	0
0	0
0	0
0	0
0	0
0	0
0	0
0	0
0	130
0	0
0	0
0	0
1	789
0	4
0	2
0	0
0	0
0	0
0	0
0	0
0	0
0	0
0	0
0	0
0	0
0	0
0	5
0	0
1	205
3	1747
0	0
0	0
0	0
0	0
0	0
1	0
2	1474
0	0
0	0
0	0
0	6
0	0
0	0
1	0
0	0
0	0
0	0
0	811
0	0
0	0
0	0
0	0
0	0
0	0
0	0
0	0
0	0
0	3
0	0
0	0
0	0
0	0
0	0
0	0
0	0
0	0
0	0
0	0
0	0
0	0
0	0
0	0
0	0
0	0
0	0
0	0
0	0
0	0
0	0
34	3
1	0
0	0
0	0
0	0
0	38
0	0
0	0
0	0
7	5449
0	0
0	1
0	0
0	0
0	0
0	0
0	0
0	0
0	0
0	0
0	0
0	0
0	0
1	21
0	0
0	0
0	0
0	23
0	0
0	0
0	0
0	0
0	0
0	0
0	0
0	0
0	0
0	0
0	0
0	0
0	0
2	0
0	0
0	0
0	0
0	0
0	0
0	0
0	0
0	0
0	0
0	0
0	87
0	0
0	0
0	0
0	0
0	0
0	0
0	0
0	0
0	0
0	0
0	0
0	0
0	0
0	0
0	0
4	0
0	0
0	0
0	1
0	0
1	51
0	0
0	0
0	0
0	0
0	0
0	0
0	0
0	0
0	0
0	0
2	371
0	0
0	0
0	0
0	0
0	0
0	0
0	0
0	0
1	0
0	0
0	0
0	0
1	37
0	0
0	0
0	1
0	0
1	1
1	82
0	0
0	0
0	0
0	0
0	0
0	0
0	0
0	0
0	0
0	0
0	0
3	2
0	0
0	0
0	0
0	0
15	110
0	0
0	0
0	0
0	0
0	0
0	0
0	0
2	0
0	0
0	0
0	0
0	0
0	863
1	20
0	0
0	0
0	0
0	0
13	1549
0	0
0	0
0	0
0	0
0	0
0	0
0	0
0	704
0	0
1	0
0	0
1	0
0	0
0	0
0	63
0	0
1	6
0	0
0	0
0	0
0	0
0	0
0	0
0	0
0	0
1	4
0	0
0	0
0	0
0	0
1	0
5	0
0	0
0	0
0	0
0	26
0	0
0	0
0	0
0	0
0	0
0	0
0	0
0	0
0	0
0	10
0	0
0	0
1	0
0	0
0	5
0	2
0	0
1	0
0	0
0	0
0	0
0	0
2	532
0	0
0	126
0	1
0	0
0	0
0	0
0	0
0	0
0	0
0	0
0	0
0	9
0	0
0	0
0	30
0	0
1	0
1	0
0	0
1	0
0	0
0	0
3	0
0	2
0	0
0	0
0	0
2	0
0	0
0	0
0	0
0	0
0	0
3	4
0	0
0	0
0	0
0	0
1	0
0	0
0	0
0	0
0	0
0	0
0	0
0	0
0	0
0	0
0	0
0	0
0	0
0	0
0	0
0	0
0	0
0	0
0	0
0	0
0	0
0	0
0	0
0	0
0	0
0	0
0	0
3	1
0	0
0	0
0	0
0	0
2	0
0	0
0	0
0	0
0	0
1	0
0	0
0	0
0	0
0	0
0	72
1	26
0	0
0	0
0	0
0	0
0	0
2	0
0	0
0	0
0	0
0	279
0	0
0	0
6	0
0	316
0	0
2	601
0	0
0	0
0	861
1	0
0	0
0	0
0	0
0	0
0	0
0	0
0	1386
0	0
1	3
0	0
0	0
0	0
0	0
0	0
0	0
28	0
16	0
0	0
0	0
0	0
0	4
0	0
0	0
1	257
0	0
0	0
0	0
0	0
0	0
7	0
0	0
0	0
0	0
0	0
0	0
0	0
0	0
0	0
0	0
9	12
0	596
0	57
0	0
0	0
0	0
0	0
0	0
0	0
0	0
0	0
0	0
0	0
0	0
0	0
0	0
0	0
0	0
0	0
0	0
0	0
0	0
0	0
0	0
0	0
0	0
0	0
0	0
0	0
1	0
0	0
0	0
1	0
0	0
0	0
0	0
0	0
0	0
0	0
0	0
0	2
0	0
1	0
0	0
0	0
0	0
0	0
0	0
0	0
0	89
0	0
0	0
0	0
1	0
0	0
0	0
0	0
0	0
0	0
0	0
0	0
0	0
0	0
0	0
0	0
0	0
0	0
0	0
0	0
0	0
0	0
0	2
0	0
0	0
0	0
0	0
11	0
0	0
0	0
5	0
0	0
0	0
0	0
0	0
0	0
0	0
0	0
5	0
0	0
0	0
6	0
0	5505
0	14
0	0
2	16
0	0
0	0
0	0
0	0
0	0
0	0
0	0
0	0
0	0
0	0
0	1
0	0
1	8
0	0
0	0
0	0
0	0
0	0
0	0
1	0
0	0
0	0
0	0
0	0
0	0
0	0
2	121
0	0
0	0
0	0
0	0
377	327
3	9
0	39
0	0
0	0
0	0
0	0
0	0
0	0
0	0
0	0
0	0
0	0
0	0
0	0
0	0
0	0
0	0
2	0
5	664
0	0
0	0
0	0
0	0
0	0
0	0
0	0
0	1
0	0
0	0
0	0
0	0
0	0
0	0
0	0
0	0
0	0
0	0
0	0
0	0
0	0
0	0
0	0
0	0
0	0
0	0
1	1
0	0
0	0
1297	57
0	0
0	0
0	0
0	0
0	0
0	0
0	0
0	0
0	0
0	0
0	0
49	0
0	0
0	0
0	0
0	0
0	0
0	0
0	0
0	0
0	0
0	0
0	327
0	0
0	100
0	0
172	730
1	0
0	0
0	0
1	0
0	0
0	0
0	0
0	0
0	0
0	1
0	1
0	0
0	0
0	0
0	0
0	0
0	0
0	0
0	0
0	0
0	0
0	0
0	0
0	0
0	0
0	0
0	0
0	0
0	0
215	1929
0	0
0	0
0	0
0	0
0	0
0	0
58	87
1	30
0	0
0	0
0	0
1	0
0	0
0	0
0	0
0	0
0	0
0	0
0	0
0	0
0	0
0	0
0	0
2	8
0	0
0	0
0	4
0	0
8	951
0	0
0	0
0	0
0	0
0	0
0	0
0	0
0	0
0	0
0	0
0	0
0	0
0	0
0	0
0	0
0	0
0	0
0	0
0	0
0	1
0	0
0	0
0	0
0	0
0	0
0	0
0	0
0	0
0	0
0	0
0	0
0	0
0	0
0	0
0	13
0	0
0	0
0	0
0	0
0	0
0	0
0	0
0	0
0	0
0	0
0	0
0	0
0	0
0	0
0	0
0	0
0	0
0	0
0	1415
0	0
0	3
1	0
0	0
0	0
0	0
0	0
0	0
0	1
0	0
0	0
0	0
0	0
0	0
0	0
0	0
0	0
11	9
0	0
3	0
1	0
0	0
0	0
0	0
0	0
0	0
0	0
0	0
1	125
0	0
0	0
0	0
0	0
0	0
0	0
1	0
0	0
0	0
0	0
0	0
0	0
0	0
0	0
0	0
0	0
0	0
0	0
0	0
0	0
0	0
0	0
0	0
0	0
0	0
0	0
0	0
0	0
2	3
0	0
0	0
0	0
0	0
0	0
1	1892
0	0
0	0
0	0
0	0
1	0
0	0
51	41
0	0
0	0
1	4
0	0
0	0
2	740
0	0
0	0
0	13
0	0
0	0
0	0
0	0
2	0
0	0
19	4497
0	0
0	0
0	0
1	0
0	0
0	0
0	1
0	0
0	0
0	0
0	0
0	0
0	0
0	0
0	1
0	0
0	0
0	0
0	0
0	0
0	0
0	0
0	10
0	0
0	0
0	0
0	0
0	0
0	3
0	0
0	0
1	0
0	0
0	8
0	0
1	0
77	388
2	0
0	0
2	139
0	6
0	1
1	8
0	0
0	0
0	3
0	0
0	0
0	7
0	0
0	0
0	0
0	0
0	0
0	0
0	0
0	0
0	0
0	0
0	0
0	0
5	656
0	0
0	0
0	0
0	1
0	0
0	0
0	0
0	0
0	0
0	0
0	0
0	0
0	0
0	0
0	0
0	0
0	0
0	0
0	9
0	0
0	0
0	0
0	0
0	0
0	0
0	0
0	0
0	0
0	0
0	0
0	53
0	0
0	0
0	0
0	0
0	0
0	0
1	1457
0	0
0	0
1	431
0	0
0	0
0	0
0	0
0	0
0	0
0	0
1	0
0	0
0	0
0	0
0	0
0	0
0	0
0	0
0	0
0	12
2	4
0	0
0	0
0	0
0	0
0	0
0	0
0	0
0	0
1	0
0	0
0	0
3	0
0	916
0	0
2	0
0	0
0	0
0	0
0	0
0	0
0	0
0	0
0	0
0	0
0	0
0	0
0	0
0	0
1	0
1	0
0	0
0	0
0	0
8	1863
0	0
0	0
0	0
0	0
0	0
0	0
0	0
0	0
0	0
0	0
0	0
0	0
0	0
0	687
27	5688
0	0
0	0
0	0
0	0
0	0
0	0
2	0
0	0
0	0
0	0
2	0
0	0
0	0
2	0
0	0
0	0
1	1
0	0
0	1
0	0
0	3
0	0
0	0
4	0
0	5
0	0
0	2057
0	0
8	15345
0	0
5	0
0	0
0	5
0	0
0	0
0	0
1	4450
0	0
0	0
0	0
0	0
0	0
0	0
0	0
0	0
0	0
0	0
0	0
0	0
0	0
2	0
0	0
0	0
0	0
0	0
7	76
0	0
0	0
0	0
0	0
0	0
0	0
0	0
0	0
0	0
0	1
23	0
0	0
0	0
0	0
2	1011
0	0
0	0
0	0
0	0
0	0
0	2
0	0
0	0
0	0
0	0
0	0
2	14
0	0
0	0
0	0
0	0
0	0
0	0
4	4
0	0
0	0
0	0
0	0
0	0
0	0
0	0
7	4188
0	0
0	0
0	0
0	0
0	0
2	6
11	0
0	0
3	0
0	0
0	0
0	0
0	0
0	2347
0	0
1	1507
0	0
0	0
0	0
1	1
0	0
0	0
0	0
0	0
0	0
4	4501
0	0
2	70
0	0
0	0
20	2200
1	0
0	4
0	33
0	0
0	0
1	0
0	0
0	0
0	0
0	0
0	0
0	3969
0	0
12	3931
2	2
0	0
0	0
0	0
0	88
0	4
0	0
0	0
0	0
2	0
0	0
0	0
0	0
0	0
0	0
0	0
0	0
0	0
0	0
0	67
0	0
0	19
0	0
0	0
1	44
0	0
0	0
0	0
0	0
0	0
0	0
0	0
0	1
0	0
0	0
1	0
15	0
0	0
0	0
0	0
0	0
0	0
2	0
0	0
0	0
4	2160
1	21
0	0
0	0
0	0
0	0
0	0
0	0
0	0
0	0
0	0
0	1
0	0
0	0
0	0
0	0
1	0
0	0
0	0
0	0
0	0
0	0
0	0
1	0
4	0
0	0
0	0
32	0
3	1355
0	0
0	2
0	0
0	950
0	0
0	0
0	0
0	0
0	0
3	846
0	0
0	0
0	0
0	0
0	0
0	0
6	0
0	0
0	0
0	0
0	0
0	0
0	0
0	1
0	0
3	17
0	0
0	0
0	3960
0	0
0	0
0	0
1	0
0	0
0	0
0	0
0	0
0	0
0	0
0	0
0	0
0	0
6	0
0	0
0	1205
2	0
0	0
0	0
1	0
1	0
0	0
0	0
0	0
0	0
0	0
0	0
0	0
0	0
0	0
0	0
0	0
0	0
0	29
0	0
0	0
0	0
0	0
0	0
0	10
0	0
0	0
0	0
0	0
0	323
0	0
0	207
0	0
0	0
0	0
0	0
0	0
0	0
0	0
0	0
0	0
4	76
0	0
6	50
0	0
2	15
0	0
0	0
0	0
0	0
0	0
0	0
0	0
0	0
0	0
1	0
0	3104
0	0
0	0
0	0
0	0
0	0
0	0
0	0
0	0
0	0
0	0
1	7
1	0
0	0
2	0
0	0
0	1838
0	0
2	446
2	14
1	79
0	0
0	0
19	0
0	0
0	0
0	0
0	0
0	0
0	0
0	1
0	1
0	0
0	0
0	1
0	0
0	0
0	0
0	0
0	0
0	0
0	0
0	0
0	0
0	0
0	0
0	0
0	0
0	0
0	0
0	0
0	0
0	0
0	0
0	0
0	0
0	173
3	0
0	0
0	0
0	0
0	0
0	0
21	981
0	0
0	0
0	0
0	0
0	0
0	0
0	0
3	0
0	22
0	0
0	0
0	0
0	0
0	0
1	95
0	0
0	0
5	330
0	0
3	29
0	0
0	0
0	1
0	0
0	0
0	0
0	0
0	0
0	0
0	0
0	0
0	0
0	0
0	22
5	1486
1	0
0	0
0	0
0	0
1	0
0	0
1	0
0	0
1	0
0	0
1	0
0	0
2	0
0	0
0	0
1	0
0	0
0	0
0	0
0	0
7	1460
0	0
0	0
0	0
1	0
0	0
0	0
1	7
1	0
0	0
2	10
1	3072
0	0
0	0
0	0
0	0
0	0
0	0
0	0
0	0
0	0
0	0
0	0
0	0
0	0
1	20
1	0
0	0
0	0
0	0
0	0
0	71
0	0
0	0
0	0
0	1
1	1
0	0
1	0
2	0
0	0
0	5
0	0
0	0
0	0
0	0
0	3
0	0
0	0
0	0
0	0
0	0
4	144
0	0
0	0
0	0
0	0
0	0
0	0
0	0
0	14
1	0
2	0
10	45
2	0
0	0
0	0
0	406
0	0
0	0
0	0
0	0
0	0
0	0
1224	5447
0	0
0	0
0	0
0	0
0	0
0	0
0	0
0	0
0	0
0	0
0	0
1	35
0	0
0	0
0	0
0	0
0	0
0	0
0	0
5	0
0	0
0	0
0	0
0	0
0	0
0	0
3	181
0	0
0	0
0	0
0	0
0	0
0	0
0	0
0	0
0	0
0	0
0	0
0	0
0	0
0	0
0	0
0	0
0	0
0	0
0	0
0	0
0	0
0	17
0	0
0	4
0	0
0	0
0	0
0	0
0	0
4	8
0	0
0	0
0	0
0	0
0	0
0	0
0	0
0	0
0	167
0	0
0	0
0	0
0	0
0	0
0	0
0	0
0	0
0	0
1	1
0	0
0	16
0	0
0	0
0	4
0	0
0	0
0	0
0	0
0	0
0	0
0	0
0	0
0	0
0	0
0	0
0	0
0	0
0	3979
0	0
0	0
0	0
2	114
0	0
0	0
0	0
0	3
0	0
0	0
0	0
0	1
0	0
0	0
0	0
0	0
0	0
6	282
0	0
0	0
0	146
0	0
1	0
0	0
0	0
0	0
0	0
0	0
0	0
0	0
0	0
0	0
0	0
0	0
0	0
0	0
0	0
0	0
0	0
0	0
0	0
0	0
0	0
0	0
1	907
0	0
0	0
0	0
1	1
0	0
0	0
0	0
1	0
0	0
0	0
0	0
0	0
0	0
0	0
2	0
0	0
0	0
0	0
1	531
0	0
0	0
0	0
0	0
0	0
0	0
2	33
0	0
2	0
0	298
0	0
0	0
0	0
0	0
0	0
0	0
0	0
0	0
0	0
0	0
0	549
0	0
0	508
0	0
0	0
0	0
0	0
0	0
0	0
0	0
0	0
3	58
0	0
0	0
2	0
0	0
0	0
0	0
14	1018
0	0
0	0
0	0
0	0
0	0
0	0
0	0
0	0
0	0
0	0
0	0
0	0
0	0
0	0
0	0
2	0
0	0
0	0
1	0
0	0
6	0
0	0
0	0
0	17
0	0
0	0
0	0
0	0
0	0
0	225
0	0
0	0
0	0
0	0
0	0
0	0
0	0
0	0
0	0
0	0
0	0
4	0
0	0
0	1000
0	0
0	0
0	16
0	0
0	0
0	0
0	0
0	0
0	0
0	0
0	0
0	0
0	0
0	0
0	0
0	0
0	0
0	0
0	0
0	0
0	0
0	0
0	0
0	0
0	0
0	0
1	0
0	0
0	0
4	0
0	0
0	0
0	0
0	0
0	0
0	0
0	0
0	0
0	1
2	0
0	0
0	0
0	0
0	0
1	0
0	0
0	0
0	0
0	0
0	0
0	0
0	0
0	0
0	0
0	0
2	0
1	0
0	0
0	0
0	0
2	1
0	0
0	0
0	0
0	0
0	0
0	0
0	0
0	0
0	0
0	0
0	0
0	0
0	0
0	0
0	0
7	4
0	0
0	0
0	0
0	0
0	0
0	0
0	0
0	0
0	0
0	0
0	0
0	0
0	0
0	69
0	0
0	0
0	3
0	66
0	0
0	0
0	0
0	0
0	0
0	0
0	0
0	0
0	0
0	0
1	0
0	0
0	0
0	0
0	0
0	0
0	0
0	0
0	0
0	0
0	0
0	0
0	0
0	0
0	0
0	0
0	0
0	1
0	0
0	8
2	4
0	0
0	0
0	0
0	0
0	0
0	0
0	0
1	8
0	0
0	0
0	0
0	0
0	0
0	0
0	0
0	0
0	0
0	0
0	0
0	0
0	0
1	0
0	0
0	0
0	0
0	0
0	0
0	0
0	0
1	0
0	0
0	0
0	0
0	0
0	0
0	0
0	1
0	2261
0	0
2	0
0	602
0	0
0	0
0	0
0	0
0	0
0	0
0	0
0	0
0	0
0	0
9	768
51	63
0	0
0	0
1	0
0	0
0	10
17	3112
0	0
0	0
2	670
0	0
0	0
1	0
1	0
0	0
0	0
2	0
1	0
1	534
1	0
0	4
0	0
0	0
1	0
5	0
0	0
0	0
0	0
0	0
1	0
0	52
1	0
317	246
0	0
0	0
0	0
0	0
0	0
0	0
0	0
0	0
0	0
0	0
0	0
0	0
0	0
0	0
0	0
0	0
0	0
0	7
0	0
0	0
0	0
4	387
0	0
0	0
0	0
0	0
0	0
0	0
0	0
0	0
0	0
1	8
0	0
169	514
0	0
0	0
0	0
0	0
0	0
0	0
0	0
2	3404
0	0
0	0
0	761
1	0
0	0
0	0
0	0
3	27
0	0
0	0
0	0
0	0
0	0
0	0
0	10
5	1
2	0
0	0
0	239
0	0
0	0
3	0
0	0
0	25
0	0
0	0
0	0
1	0
0	0
1	2
0	0
0	0
0	0
0	11
0	427
0	0
0	0
0	0
0	0
0	0
0	0
0	0
0	0
1	0
0	17
0	0
0	0
0	0
0	0
1	1
0	0
0	0
0	0
0	2
0	0
0	0
0	0
0	0
0	0
0	0
0	0
0	0
0	0
0	0
0	0
0	0
0	0
0	0
0	0
0	0
0	0
0	0
0	0
0	0
0	0
0	0
15	0
0	0
0	0
0	0
1	0
1	0
0	0
0	0
0	0
0	0
0	0
0	0
0	0
0	0
0	0
0	0
0	0
0	0
0	0
0	0
0	0
0	0
0	0
0	0
0	0
0	0
0	0
0	0
0	0
5	0
0	0
0	0
0	0
0	0
0	1062
1	0
0	0
0	0
0	0
4	10
0	0
1740	1096
0	0
0	0
0	0
8	666
0	352
1	133
0	0
0	0
0	0
0	0
0	0
214	518
1	0
0	0
1	7
0	0
0	0
0	164
0	0
0	0
0	0
0	0
0	0
0	0
0	0
0	0
0	0
0	0
0	0
0	0
0	0
0	0
0	0
3	1
0	9
0	0
20	1
9	6167
0	0
0	0
0	0
0	0
2	2774
0	0
0	0
0	0
0	0
0	0
0	0
0	0
0	0
3	36
0	0
0	0
4	0
5	1641
0	0
0	0
0	0
0	0
0	0
1	0
0	0
1	3
1	0
0	0
0	0
0	0
0	0
0	0
0	0
0	0
0	0
0	0
0	0
0	0
0	0
0	0
0	0
0	0
0	0
2	0
0	0
0	0
1	38
0	0
0	0
0	0
0	0
0	4
0	0
1	244
0	0
0	0
0	0
0	0
0	0
0	0
0	0
0	0
0	0
9	22905
0	1
0	0
0	0
0	0
0	0
0	0
1	1
0	0
0	0
0	349
0	0
0	0
225	9132
0	0
13	0
4	0
3	1
0	0
0	0
0	0
0	0
0	0
1	0
0	0
0	0
0	0
0	137
2	0
0	0
0	0
0	0
0	0
0	0
1	0
0	0
0	0
0	0
0	0
0	0
1	1496
0	0
0	0
0	0
0	0
0	1
0	0
0	0
0	0
0	0
0	0
0	0
0	0
0	0
0	0
0	0
0	0
0	0
0	1
0	0
0	0
2	0
0	0
0	0
0	0
0	0
0	0
0	0
0	0
0	0
0	0
0	0
3	0
0	0
0	0
0	0
0	0
0	0
0	1
0	0
0	0
0	0
0	0
0	0
0	0
0	0
0	0
0	0
0	0
0	0
0	0
0	0
0	0
0	362
0	0
0	0
1	0
0	0
0	1
0	43
0	0
0	0
0	0
0	0
26	22125
0	0
0	0
0	0
0	0
0	0
2	2612
0	0
0	3
0	0
0	0
3	9
0	0
0	0
0	0
0	0
0	0
0	0
0	0
0	0
0	0
8	2
10	0
0	0
0	0
0	0
0	0
0	0
0	0
0	0
0	0
0	0
0	0
0	0
0	0
0	0
0	0
0	0
0	298
0	0
0	0
0	565
0	0
0	0
0	165
0	0
0	0
0	0
0	0
0	0
0	0
0	0
0	0
0	0
0	0
0	0
0	0
0	0
0	185
0	0
0	0
0	0
0	0
0	0
0	0
0	0
0	0
0	0
0	0
2	0
0	0
0	79
0	0
0	0
0	0
0	0
0	0
0	0
0	0
0	0
0	0
0	0
0	0
2	339
0	0
0	0
0	0
0	0
0	49
0	0
1	0
0	0
0	0
6	0
4	0
0	0
0	0
1	1759
0	0
0	0
0	0
0	0
1	2
0	0
0	0
1	0
0	0
0	0
0	0
0	0
0	0
0	0
0	0
0	0
0	2
0	0
0	0
0	0
0	0
0	0
0	0
0	0
2	0
0	0
0	0
0	0
0	2
0	0
2	4
0	0
0	0
2	22
0	0
0	0
0	0
0	0
0	0
0	0
0	0
0	0
0	0
3	0
0	0
0	0
0	0
0	1
0	0
4	0
0	0
0	0
1	0
4	0
0	0
0	0
0	0
1	76
11	120
0	0
0	0
0	0
126	1
0	0
0	0
0	0
1	2
0	0
2	0
2	17858
0	0
0	0
0	0
0	0
0	0
0	0
0	0
0	0
0	0
0	0
0	0
1	346
0	0
0	0
0	0
0	0
0	0
0	0
0	0
0	0
0	0
3	0
0	64
0	0
0	112
0	152
0	0
10	0
1	11
0	0
0	0
0	0
0	0
0	3
0	1
0	0
0	3
0	0
0	2
0	0
0	4
0	0
0	0
0	0
0	0
0	0
0	0
1	1
0	11
0	0
0	0
0	0
0	0
0	0
0	0
0	0
0	0
0	325
0	0
0	0
0	0
3	0
1	0
1	3
0	0
5	399
0	0
0	0
0	0
0	0
0	0
0	0
0	0
0	0
0	0
0	8
0	0
0	772
0	0
0	0
0	0
0	0
0	0
0	0
0	0
0	3
0	0
0	0
0	0
0	0
0	2734
0	0
0	0
9	1046
0	0
0	0
0	0
0	0
0	0
0	0
1	0
0	0
0	0
0	0
3	546
0	0
0	0
0	0
0	0
0	0
0	0
0	0
0	0
0	0
0	0
0	0
0	0
0	0
0	0
0	0
0	0
0	0
0	0
0	20
1	0
0	3
0	0
5	0
0	0
0	0
0	0
0	0
0	0
0	0
0	0
0	0
0	0
0	0
0	0
0	0
0	0
0	0
2	0
0	0
0	0
0	0
0	0
0	0
0	0
0	0
0	0
0	0
0	0
0	0
0	0
0	0
0	0
0	0
2	0
729	188
0	0
0	0
0	0
0	0
0	0
0	0
0	0
0	0
0	0
0	0
0	0
0	0
0	0
0	0
2	2275
1	0
2	1
0	0
0	0
0	0
0	0
2	33
0	0
9	0
0	1088
0	2
0	0
0	0
0	0
0	0
0	0
0	0
0	0
0	0
0	0
1	0
0	0
0	0
0	0
0	0
1	0
0	0
0	0
144	0
0	0
0	0
0	0
0	0
1	70
13	0
0	0
0	46
0	0
0	0
0	0
0	0
0	0
0	0
0	0
6	28
2	45
0	0
0	0
0	9
0	179
0	4
0	0
0	0
0	0
0	0
8	0
0	0
0	0
0	0
2	419
0	0
0	0
0	0
0	0
0	0
0	0
0	0
0	0
0	0
2	0
0	0
0	0
0	0
0	0
0	0
0	0
0	0
0	0
0	0
1	0
2	37
0	0
0	0
0	0
0	0
0	0
0	0
0	0
0	0
0	0
0	0
0	56
0	0
0	0
0	0
0	0
0	2
0	0
0	0
0	0
0	0
0	0
0	0
5	365
0	0
0	0
0	0
0	150
0	0
0	0
0	0
0	0
0	0
0	0
0	0
0	0
0	0
2	4
0	0
0	0
0	0
0	0
2	96
0	0
0	0
0	55
0	0
0	0
2	13
0	0
0	0
0	0
0	69
0	0
0	0
1	0
0	0
0	0
0	0
0	0
0	0
0	0
0	30
0	0
0	0
0	45
7	7
0	0
0	0
0	0
8	2249
0	0
1	0
0	3
1	0
0	0
0	0
0	0
0	0
0	0
0	0
0	0
6	3192
0	0
0	0
0	0
0	0
0	0
0	0
1	0
0	0
0	0
0	0
0	0
0	0
0	0
4	0
0	233
0	194
0	0
0	0
0	0
0	0
0	0
0	0
0	0
6	4992
0	0
0	0
0	0
0	0
0	0
1	0
0	0
0	0
0	0
4	0
6	13
0	7
0	0
0	0
9	1684
0	2
0	0
0	0
0	0
0	0
0	1
0	0
0	0
0	0
0	0
0	0
0	0
0	1
0	0
1	0
0	9
0	0
0	0
0	0
0	0
0	3
2	0
0	0
0	0
1	5
4	0
0	0
0	8
0	0
0	0
0	0
0	0
0	0
0	0
1	26
0	0
0	0
0	64
0	0
0	0
0	0
2	300
0	0
0	0
0	0
0	3
0	1
0	0
0	0
0	0
0	0
0	0
0	0
0	0
0	0
0	0
0	0
0	5
20	86
0	6
0	0
0	0
0	0
13	664
0	0
0	2
5	0
0	0
0	0
0	0
0	0
0	0
0	0
0	20
0	0
0	0
0	0
0	0
0	0
0	0
0	0
0	0
0	0
0	0
0	0
0	0
0	0
3	3
4	1638
2	0
0	0
0	0
0	0
0	0
0	75
0	0
0	0
2	278
0	0
0	0
0	0
0	2010
0	0
0	0
0	0
0	0
0	0
0	0
0	30
0	0
0	0
0	0
0	0
0	0
2	0
0	0
0	0
0	0
0	0
2	1
0	0
0	0
0	0
0	0
0	0
0	0
0	0
0	0
0	0
0	0
0	1
0	0
0	0
0	0
0	0
0	0
0	0
0	0
0	0
0	42
0	0
0	0
0	0
0	0
0	0
0	0
0	0
1	2
0	0
0	0
4	0
0	0
0	0
0	0
2	79
0	0
0	0
35	29
0	0
0	0
0	0
0	0
2	4
0	0
0	0
0	0
0	0
0	0
0	0
0	0
0	0
0	0
0	0
0	0
0	0
0	0
7	195
0	22
0	0
0	0
0	0
0	0
142	63
0	0
0	0
0	2
0	0
0	0
0	0
0	31
0	0
0	0
0	0
0	0
0	0
0	0
0	0
0	0
0	0
0	0
0	0
0	0
0	0
0	0
0	0
0	0
0	0
0	0
0	0
0	0
0	0
0	0
0	0
0	0
2	0
0	3
0	0
0	0
0	0
6	0
0	0
1	864
0	0
0	0
0	0
0	0
0	0
0	0
0	0
0	2
0	0
0	0
0	0
0	0
0	16
0	0
3	4150
0	0
0	0
2	79
4	293
0	0
3	0
0	0
1	0
0	0
0	2
0	0
0	0
0	0
0	0
0	0
0	0
4	0
0	0
0	0
1	0
0	0
0	1
0	0
0	0
1	6
0	0
0	0
0	30
0	0
0	0
0	0
0	492
0	0
0	0
0	30
0	0
0	0
1	0
0	0
0	0
0	3
0	0
0	0
0	0
1	0
0	0
0	0
0	0
0	0
6	0
0	0
2	7
0	0
1	0
0	0
0	0
0	0
0	0
1	0
0	113
0	0
0	0
0	0
0	0
0	0
0	0
0	0
0	0
0	0
0	0
0	21
0	0
0	0
0	0
0	0
0	0
0	0
0	0
0	2
0	0
0	0
0	0
0	0
0	0
0	0
0	0
0	0
0	0
0	0
0	18
0	0
0	0
0	0
0	0
0	0
0	12
0	0
0	4
0	0
0	0
0	0
0	0
0	0
0	0
0	0
0	0
0	0
0	0
0	0
0	7
1	0
0	0
0	0
0	3
7	0
0	5434
0	0
0	1
1	0
0	273
0	0
0	0
0	0
0	0
1	0
2	0
0	0
0	0
9	0
0	0
3	45
0	0
0	0
0	0
0	0
0	0
2	82
0	0
0	0
0	0
0	0
0	0
0	0
0	0
0	0
0	19
0	27
0	0
0	0
0	23
0	0
1	4
0	0
0	0
0	0
2	0
0	6
2	1
2	21
0	0
0	0
0	0
1	0
0	0
0	0
0	0
0	0
0	0
0	0
0	0
0	0
0	0
0	0
0	0
0	0
0	0
0	0
0	0
0	0
0	0
0	0
0	0
0	0
0	19
0	0
0	0
0	0
0	0
0	0
0	0
1	0
0	0
0	0
0	0
0	0
0	0
3	0
3	0
1	0
0	0
0	0
12	0
0	0
0	0
0	0
0	1
0	0
7	2
0	0
0	0
0	0
9	5
0	174
0	25
0	0
0	0
0	0
0	0
0	0
7	1
0	0
0	0
0	0
2	0
4	0
0	29
0	0
0	625
2	0
0	0
0	0
0	0
0	0
0	0
0	0
0	0
0	0
0	0
0	0
0	0
1	11
0	371
2	542
0	0
0	0
0	0
0	0
0	0
0	0
0	0
0	0
0	0
0	0
0	1
0	0
0	0
0	0
0	0
0	0
0	0
0	0
4	438
0	4
0	0
0	0
0	0
0	0
0	0
0	0
0	23
0	0
0	0
0	0
0	0
0	0
0	0
0	0
0	0
0	0
0	0
0	0
0	0
0	0
0	5
0	0
0	0
0	0
0	0
0	0
0	0
0	0
0	0
0	0
0	0
0	0
4	248
1	0
0	0
0	0
0	0
0	0
0	0
0	0
0	0
0	0
0	0
0	0
0	71
0	0
0	71
0	0
1	1
0	17
0	0
0	51
0	1153
0	0
37	0
0	0
0	0
0	0
0	0
0	0
0	0
0	0
2	7
0	0
0	0
0	0
0	0
0	0
0	0
0	0
0	0
0	0
1	0
0	0
0	0
246	265
0	0
0	0
0	0
0	0
1	0
0	0
0	0
0	0
0	0
0	0
0	0
0	0
0	0
0	0
3	3097
0	0
0	20
0	0
0	0
0	0
0	0
0	0
0	0
0	0
0	0
0	0
0	0
0	0
0	0
0	0
0	0
0	0
0	0
0	0
0	0
0	0
0	0
0	0
0	0
0	0
0	0
0	0
0	0
0	0
0	0
0	0
0	0
0	0
0	0
0	0
0	0
0	0
0	0
0	0
0	0
2	0
0	0
0	0
0	0
0	0
0	0
0	4
0	0
0	0
0	0
0	0
0	0
0	0
0	0
0	190
0	0
0	0
0	0
0	0
0	0
0	0
0	0
0	0
0	0
0	0
1	0
0	0
0	0
0	0
0	0
0	0
0	0
0	0
0	0
0	0
0	0
0	0
0	0
0	0
0	0
1	0
0	198
0	0
0	0
0	0
0	0
0	0
1	0
0	0
0	0
0	0
0	0
0	0
0	0
0	0
0	0
0	0
0	0
0	0
0	0
0	0
0	0
0	0
1	1550
0	0
0	0
4	314
0	0
0	0
0	0
0	0
0	132
0	0
0	0
0	0
0	0
0	0
0	0
0	0
0	0
0	0
0	0
0	0
0	0
0	0
0	11
0	0
0	8
0	0
0	0
0	0
0	0
1	1
0	0
9	0
0	0
0	0
4	0
0	0
0	1018
0	0
0	0
0	0
0	0
0	0
0	0
0	0
0	0
0	0
0	0
0	0
0	0
0	0
1	0
0	0
0	0
0	0
1	50
0	0
0	2
0	0
0	0
0	0
0	0
0	0
0	0
0	0
0	0
0	0
0	0
2	526
0	0
0	0
0	0
0	0
0	0
0	0
0	0
0	0
0	0
0	0
0	0
0	3
0	0
0	0
0	0
0	0
0	0
0	0
0	0
0	0
0	0
3	68
0	0
0	0
0	0
0	0
0	218
3	0
0	0
0	0
0	4
0	0
0	0
0	0
2	0
0	0
0	1529
0	0
0	0
0	0
0	0
0	0
0	0
0	0
0	0
0	0
0	0
0	0
0	0
0	0
0	0
0	0
0	0
0	2
0	0
0	0
0	0
0	0
0	0
0	0
1	0
2	0
1	1
0	0
0	0
0	347
0	0
0	0
0	0
0	0
8	0
2	1
40	0
0	0
1	0
0	0
0	0
19	0
0	0
0	0
0	0
0	0
0	0
0	0
0	0
0	0
6	0
0	0
0	0
0	0
1	0
0	0
1	10
14	138
0	0
0	0
0	0
0	0
0	0
0	0
0	0
0	0
0	0
0	0
0	0
0	5
0	0
0	0
0	0
0	0
2	0
0	0
0	0
0	0
0	0
0	1
0	0
0	0
0	0
0	2
0	0
0	0
0	0
0	0
0	9
0	0
0	0
0	0
0	0
0	0
0	0
2	0
8	600
0	0
0	1
0	0
0	3
0	0
0	0
0	314
0	0
0	0
0	0
0	0
0	0
1	230
0	0
0	0
0	0
0	0
0	0
2	0
4	7
0	0
0	0
0	0
0	0
0	0
1	0
0	0
0	91
0	0
0	0
0	0
0	129
0	0
0	0
0	0
0	0
0	0
0	0
0	0
0	139
2	90
0	0
0	1
0	0
1	0
0	3
0	0
0	0
0	0
0	0
0	0
0	0
0	0
1	5
0	0
3	0
3	527
1	0
0	43
0	0
0	0
0	0
0	0
0	9
0	0
4	5799
0	0
0	0
0	0
0	0
1	0
1	23
0	0
0	0
0	0
0	0
0	0
0	0
0	0
3	0
2	0
0	6
0	0
0	0
0	0
0	0
0	2
0	0
0	0
0	0
0	0
0	0
0	0
0	0
0	0
0	0
1	8
0	1
0	0
0	0
0	0
0	0
0	0
0	0
0	0
0	0
0	0
0	0
0	0
0	3
0	0
0	0
0	0
0	0
0	2
0	0
0	0
0	0
0	0
0	0
0	0
0	0
0	0
1	0
0	0
0	0
0	0
0	0
0	0
0	0
0	0
0	0
0	0
0	0
0	0
0	0
0	0
0	0
0	0
0	0
0	3300
0	0
0	0
0	0
0	0
0	0
0	0
5	0
0	0
1	341
0	0
0	0
0	0
0	0
0	0
0	0
0	0
1	2
0	0
0	0
0	0
0	0
0	0
0	0
0	7
0	0
0	0
6	489
0	0
1	14
0	0
0	0
0	0
0	0
0	0
0	59
0	0
16	31
0	0
0	0
0	3553
0	0
0	0
0	1
0	0
0	0
0	0
0	23
0	0
0	0
0	0
0	0
0	0
2	0
0	0
0	0
0	0
0	0
2	0
0	0
0	0
0	0
0	0
0	0
0	0
0	0
0	0
0	0
0	0
0	0
0	0
0	0
11	21069
0	0
0	0
1	17
0	0
0	167
0	3
1	0
0	0
0	0
0	0
0	887
0	0
0	0
0	0
0	0
1	6
0	0
0	0
0	0
0	0
0	0
0	0
0	0
2	0
0	0
0	0
0	0
0	0
0	0
0	0
0	0
0	0
0	0
0	0
0	0
0	0
0	0
0	0
0	649
1	0
0	0
1	15
0	0
0	0
0	0
0	0
0	0
0	0
332	0
0	0
0	11
0	0
0	244
0	0
0	0
0	0
0	0
0	0
0	0
0	0
0	0
0	0
2	0
1	443
3	0
0	0
0	0
0	0
0	25
0	0
0	0
0	0
0	0
0	0
0	0
0	0
0	0
0	0
0	0
0	0
0	0
0	0
0	0
0	0
0	0
0	0
0	0
2	2260
0	0
0	0
0	0
0	0
0	0
0	0
0	0
0	0
0	0
0	0
9	29
0	0
0	0
1	409
0	0
0	0
0	0
0	0
0	0
0	0
0	0
0	0
0	0
0	0
0	0
0	0
0	0
0	0
0	0
0	0
0	0
0	0
0	0
0	0
0	0
0	0
0	0
0	0
0	0
0	0
0	0
0	0
1	0
0	0
0	52
0	0
0	0
0	0
0	0
0	0
0	0
0	0
0	0
0	0
2	0
0	0
0	0
0	0
0	1
0	0
0	38
0	0
0	0
0	0
0	0
1	4
0	0
0	0
0	2
0	0
0	0
0	0
0	0
0	0
0	0
0	0
0	0
0	99
0	0
4	971
0	0
0	0
0	648
0	0
5	0
0	3461
0	14
0	0
0	0
0	73
0	1
2	151
0	0
0	0
0	0
0	0
0	0
0	0
2	0
0	0
0	0
0	0
0	0
5715	7191
0	0
0	0
0	0
0	0
0	1
1	0
2	17
0	0
5	0
0	0
0	0
0	0
0	0
0	0
0	0
0	0
0	0
1	0
0	0
0	0
0	2
74	0
0	0
0	0
1	0
0	1
0	0
0	0
0	0
0	0
0	0
0	0
15	2204
0	0
0	0
0	0
0	0
0	0
0	0
0	2
0	0
0	0
0	0
0	0
0	2
0	0
0	0
0	0
0	0
0	0
0	0
0	0
0	0
0	0
0	0
0	0
0	0
0	0
0	0
0	0
0	0
0	8487
3	0
0	0
4	0
0	0
0	1
0	0
11	1406
0	0
0	0
0	0
0	0
0	0
0	0
0	0
1	0
0	0
0	0
0	0
0	0
0	0
0	0
0	0
0	0
0	0
15	5927
0	262
4	1666
0	0
0	0
0	0
0	0
2	945
0	0
0	0
0	0
0	0
0	0
0	0
0	0
0	0
0	0
0	0
0	1
0	0
0	0
0	0
0	0
0	0
0	0
0	0
0	0
0	0
2	0
0	0
0	0
0	0
2	0
0	0
0	0
0	0
0	0
0	0
0	0
0	0
0	0
0	0
0	0
0	0
0	0
0	156
0	0
0	0
0	0
0	0
0	0
0	0
0	0
1	7
0	0
10	1
0	0
0	0
0	0
0	0
0	0
0	0
24	56
0	0
0	0
0	0
0	0
0	0
0	0
0	0
0	0
0	0
0	0
0	0
0	0
0	0
0	0
5	1
0	0
0	4
0	0
0	0
0	0
0	0
0	0
0	0
0	0
0	0
0	0
0	0
0	0
0	0
0	0
0	0
0	0
0	0
0	0
0	0
61	31253
1	0
0	0
1	2
0	0
0	26
0	0
187	30
0	0
0	0
0	0
0	0
0	0
0	0
0	0
0	0
0	0
0	0
0	0
0	0
4	0
0	0
1	5
1	0
0	0
0	0
0	0
0	0
0	45
0	0
0	0
0	0
0	0
1	0
0	260
0	0
0	0
0	2295
0	0
0	0
1	21
0	0
0	0
0	0
0	1
0	0
0	0
0	0
0	0
0	0
0	0
0	0
1	0
0	0
0	0
0	0
0	2046
0	0
0	0
0	0
2	238
0	0
0	0
0	0
0	5
0	0
0	0
0	0
0	0
0	0
0	0
0	0
0	0
0	0
0	0
0	0
0	0
1	0
0	0
0	0
0	0
0	0
0	0
5	94
0	0
0	0
0	0
0	0
0	0
0	0
0	0
0	0
0	0
0	0
0	0
0	0
0	0
1	0
0	0
0	0
0	0
0	0
0	0
0	0
0	0
0	0
0	0
1	0
0	0
0	0
0	0
0	0
0	454
0	0
1	0
0	0
0	0
0	0
0	0
0	0
1	107
0	12
1	0
0	0
0	0
0	0
0	0
0	0
0	0
0	0
0	0
0	0
0	0
0	0
0	0
0	0
0	0
0	0
7	0
0	0
0	0
0	0
0	0
0	0
0	0
0	0
0	0
0	0
0	0
0	0
1	0
0	0
0	0
0	0
0	0
0	30
0	0
0	0
0	0
0	0
0	0
1	0
1	0
0	0
0	0
0	0
0	0
0	0
0	0
10	0
0	0
0	0
0	0
0	0
0	0
0	0
0	0
0	0
0	0
0	0
6	0
0	0
1	2756
0	0
0	0
0	0
0	0
0	8
0	0
0	0
0	0
0	0
0	0
0	0
0	0
0	0
0	114
0	0
2	0
0	0
0	0
0	0
0	0
0	0
0	0
0	0
0	0
0	0
0	0
0	0
0	0
0	0
0	0
0	0
0	0
0	0
0	0
0	0
0	0
0	0
0	0
0	0
0	1
0	1
0	0
0	0
0	0
0	0
0	0
0	0
0	0
0	0
0	0
0	0
0	0
0	0
0	53
0	0
0	0
0	0
0	0
0	0
0	0
0	0
0	2
0	0
0	0
0	0
0	0
0	1
0	0
0	0
0	0
0	0
2	6
0	0
0	0
0	0
0	0
0	0
0	0
0	0
0	0
0	0
0	0
0	0
0	0
0	0
0	0
0	0
0	0
0	0
0	0
0	0
1	0
0	0
0	0
0	0
1	0
0	0
0	0
2	13
0	38
0	0
0	0
0	0
0	0
0	0
0	0
0	178
0	0
0	0
2	168
0	0
0	0
1	0
0	0
0	0
0	0
0	0
0	0
0	0
0	2
0	0
0	0
0	0
0	0
0	0
0	0
0	0
0	0
0	0
0	0
0	31
5	2035
0	0
0	0
0	0
0	0
0	0
0	0
0	0
0	0
0	0
0	0
0	0
0	0
0	0
0	0
0	0
0	0
0	0
0	0
1	0
0	0
0	0
1	0
0	0
0	0
0	0
1	0
0	0
0	0
0	0
0	0
0	0
0	0
2	5
0	0
0	0
0	0
0	0
0	0
0	0
0	0
0	0
0	13
0	0
0	0
0	0
0	0
0	0
0	0
0	0
0	0
0	0
0	0
0	0
0	0
0	36
0	0
0	0
0	0
0	0
0	0
0	0
0	0
0	0
0	0
0	0
0	0
0	0
0	2
0	0
0	0
0	0
3	625
0	0
0	0
8	837
0	0
0	0
0	0
0	0
0	0
0	0
0	0
0	0
0	0
0	0
0	0
0	2171
0	0
0	0
0	0
1	297
0	0
0	321
0	0
3	2
0	0
0	0
0	0
0	0
1	0
0	0
0	0
0	0
0	0
0	0
0	0
1	8
0	0
0	0
0	8
0	0
0	0
3	0
0	0
0	0
0	0
0	0
0	0
0	0
0	0
0	0
0	0
0	0
0	0
0	0
0	0
0	0
0	0
0	0
0	0
0	0
0	0
0	0
0	0
0	0
0	0
0	0
0	0
0	0
0	0
1	1
0	0
0	0
0	0
0	0
0	0
5	0
0	0
0	0
0	0
0	0
0	0
0	0
1	0
0	0
51	22983
0	0
0	0
0	0
0	0
0	0
0	0
0	0
0	0
0	0
4	3
0	0
0	0
0	0
0	0
0	0
0	0
0	0
0	0
1	0
0	0
0	0
0	0
0	0
0	0
0	0
0	0
0	0
0	0
0	0
0	0
2	0
0	0
0	0
0	0
0	17
4	1
92	39
2	0
0	0
2	0
0	0
0	0
33	68
0	0
0	0
0	0
0	0
0	0
0	0
0	0
0	0
0	0
0	0
0	0
0	0
0	0
0	0
0	0
0	0
0	0
0	0
0	0
23	1
0	0
0	0
1	0
0	0
1	2
0	0
0	0
0	0
0	0
0	0
0	0
0	0
11841	31305
0	0
0	0
0	0
0	0
0	0
0	0
0	0
0	0
0	0
0	0
1	22
0	0
0	1
23	0
0	106
0	0
0	1
0	0
0	0
0	0
0	0
1	0
0	0
0	0
0	0
1	0
2	4
0	0
0	0
0	0
0	0
0	0
0	0
4	0
0	0
0	0
0	0
0	0
0	0
0	0
0	0
0	0
0	0
1	41
26	2026
0	0
0	0
0	0
0	0
0	0
6	1831
0	0
0	0
1	57
0	8
0	0
0	0
0	0
0	0
0	0
0	0
3	682
0	0
0	10
0	0
0	0
0	0
0	0
0	0
0	0
3	10667
0	0
0	0
1	210
0	0
0	0
0	0
0	0
0	0
0	0
0	0
0	0
0	0
0	0
0	0
0	0
0	0
0	0
0	0
0	0
0	72
0	0
0	0
0	0
0	0
0	0
0	0
1	0
0	0
0	163
0	0
0	59
0	0
0	0
0	0
0	0
0	0
0	0
1	1
0	0
0	0
0	0
0	0
0	0
0	0
7	0
2	0
0	0
0	0
9	15
0	0
0	0
5	16
0	0
0	0
25	87
1	0
0	0
0	0
0	0
2	0
0	2
0	0
0	0
0	0
0	0
1	0
0	0
0	0
0	0
1	0
0	0
0	0
0	0
0	0
0	0
0	0
0	0
0	0
0	0
0	0
0	0
0	0
0	0
0	0
0	0
0	15
0	0
0	0
0	0
0	0
0	0
1	318
0	0
0	0
0	0
0	0
0	0
0	0
0	0
0	0
0	0
0	0
0	0
1	0
0	0
0	0
0	0
0	0
0	0
0	0
0	0
0	0
0	0
0	0
0	0
0	0
0	0
0	0
7	0
0	0
0	0
1	0
0	138
0	0
0	0
0	0
10	0
0	0
0	0
0	0
0	0
1	0
0	0
2	1019
0	0
0	0
0	0
0	0
0	0
0	0
0	0
0	0
0	0
0	0
0	0
0	0
0	0
0	0
0	0
0	0
0	0
0	0
0	0
0	0
0	0
0	0
0	0
0	0
0	0
0	0
1	1307
0	0
0	0
0	339
0	0
0	0
0	0
0	0
0	0
0	34
0	0
0	0
0	0
0	0
0	0
0	0
0	0
0	0
0	0
0	0
0	0
1	286
0	0
0	0
0	0
0	0
0	0
0	0
0	0
0	0
0	0
0	0
0	0
0	0
1	0
0	0
0	0
0	0
0	0
0	0
0	0
0	0
0	0
0	0
0	0
0	0
7	0
0	0
0	0
0	0
0	0
0	0
1	121
0	0
0	0
0	10
0	0
0	0
0	0
0	0
1	0
0	0
0	0
0	0
0	0
0	0
0	0
0	0
0	0
0	0
0	0
0	0
0	0
0	0
0	0
0	0
0	0
0	0
0	0
0	0
0	0
0	0
0	0
0	0
0	1
0	0
0	0
2	0
0	0
0	0
0	0
0	0
0	0
0	0
0	0
3	0
0	0
0	0
0	0
0	0
3	273
84	363
0	0
0	0
0	0
0	0
0	0
0	0
0	0
0	0
0	0
0	0
0	0
0	0
1	112
0	0
0	0
0	6347
0	0
0	0
0	0
0	0
0	0
0	0
0	0
0	0
0	0
0	0
0	0
0	548
0	0
0	0
0	0
0	0
0	0
0	0
0	0
0	0
2	0
0	0
0	0
0	0
0	0
0	0
0	0
6	10
0	0
1	14
33	0
0	0
0	0
0	0
0	0
0	0
0	0
0	0
0	0
0	0
0	0
0	0
0	0
1	0
0	0
0	0
0	0
0	0
0	0
0	0
0	13
1	0
2	172
0	0
0	0
0	0
0	0
0	0
0	0
0	1
0	0
1	433
0	0
0	0
0	0
0	0
1	3
0	0
7	2841
0	0
0	0
0	0
0	0
0	0
0	0
0	0
4	0
0	0
0	12
1	909
0	0
0	0
0	0
2	79
0	0
0	0
5	0
0	0
0	0
0	0
0	0
0	0
0	0
0	0
0	0
0	0
0	0
0	0
7	3998
0	0
0	0
0	0
0	0
0	0
0	0
0	0
0	0
0	0
0	0
0	0
0	0
0	0
1	0
2	157
0	0
0	0
0	0
0	0
0	0
3	0
0	0
0	0
0	0
0	1
0	0
31	9
0	0
0	0
0	0
0	0
0	0
0	0
1	0
0	0
0	0
0	0
0	0
0	0
0	0
0	0
0	0
0	80
0	60
0	0
0	0
0	3
0	0
4	0
2	1
0	0
0	0
0	0
0	0
0	0
0	0
0	0
0	0
0	0
0	0
0	0
0	0
0	0
0	0
2	350
0	0
0	740
7	53
0	22
2	304
1	82
1	0
0	0
0	36351
1	0
0	0
0	0
0	0
3	0
1	2
0	0
0	0
0	0
29	14
0	0
0	0
0	0
0	0
1	0
2	1
0	0
0	0
0	0
0	0
0	0
0	0
0	0
1	2
15	0
3	0
0	0
0	0
0	0
0	0
1	0
0	0
0	0
0	0
0	0
0	0
3	0
0	170
0	0
0	0
0	0
0	0
0	0
0	0
0	0
0	0
0	0
0	0
0	0
0	0
0	0
0	0
0	0
1	49
0	0
0	0
0	0
0	0
1	0
2	0
0	0
0	25
0	0
0	0
0	0
0	0
0	0
0	0
0	0
0	0
0	0
0	0
0	0
0	0
0	0
1	8
0	0
0	0
0	0
0	0
0	0
0	0
0	0
0	0
0	0
0	0
6	0
0	0
0	0
0	0
0	0
0	0
1	0
0	0
0	0
0	1
0	0
14	5
0	0
0	0
1	0
0	0
0	0
0	0
0	0
0	0
1	903
0	0
0	0
0	0
0	0
0	0
0	338
0	0
0	0
0	0
0	52
0	0
0	0
1	0
0	0
0	0
0	0
0	0
0	0
0	0
0	0
0	11
0	0
0	57
0	0
0	0
0	0
2	0
0	0
0	0
0	0
0	0
0	0
0	0
0	0
0	1
0	0
0	0
0	0
0	0
0	102
0	0
0	0
0	0
0	0
0	0
0	0
0	0
0	0
0	0
0	0
0	0
0	258
0	0
0	0
0	0
0	0
0	39
0	0
0	0
0	0
0	0
0	0
0	123
0	0
0	0
0	0
0	0
5	0
0	0
0	0
0	0
0	0
0	0
0	0
1	0
0	0
0	0
1	0
0	0
0	0
0	0
0	0
0	0
0	7
0	0
0	0
0	0
0	0
0	0
0	0
0	83
0	0
0	0
1	0
0	0
0	0
0	0
0	0
0	0
0	0
0	0
0	0
0	0
0	0
0	0
0	0
0	0
0	0
0	42
0	0
0	0
9	17
0	1
0	0
0	0
0	0
0	104
0	8
0	0
0	0
0	0
0	0
0	0
0	0
0	0
0	0
0	0
0	0
0	0
0	0
0	0
0	0
0	0
0	0
0	12031
1	2
0	0
0	0
23	9
1	0
0	0
0	0
0	1
0	0
0	0
0	0
0	1
0	0
0	0
0	0
0	0
1	52
0	0
0	0
0	1
0	0
0	12
0	0
0	0
23	7557
0	0
0	0
3	0
0	0
0	0
0	0
0	0
0	0
0	0
0	0
0	0
9	1010
0	0
0	0
0	0
0	0
0	0
0	18
0	0
0	0
1	0
0	0
0	0
0	0
0	0
0	0
0	0
0	0
0	0
1	0
0	0
1	0
0	0
0	0
0	0
0	0
0	0
0	0
0	0
0	0
0	0
0	0
0	1
0	0
0	0
0	0
0	0
0	0
0	0
0	0
0	0
0	0
0	0
0	0
0	0
0	8
0	0
0	0
0	0
0	0
0	0
0	0
0	0
0	0
0	0
0	0
0	0
0	0
0	0
0	0
0	0
2	0
0	0
0	0
0	0
0	0
0	0
0	0
0	0
0	4
0	0
0	0
0	0
0	0
0	0
0	0
1	3373
0	0
0	0
5	72
0	0
0	0
0	0
0	0
0	6
0	0
0	0
0	0
0	0
8	0
0	0
0	0
0	0
0	0
0	0
0	0
0	0
0	0
0	0
0	0
0	0
2	0
0	0
0	20
0	0
0	0
0	0
0	0
0	0
0	0
1	11
0	0
0	0
0	0
0	0
0	0
0	0
0	0
0	0
0	0
2	3
0	1
0	7
1	1
0	0
0	0
0	0
0	0
0	0
0	0
0	0
0	1
0	1
5	3
0	0
0	0
0	0
0	0
0	0
0	1
0	0
0	0
0	0
0	0
0	0
0	0
0	0
0	0
0	0
0	0
0	0
0	0
0	0
0	0
0	0
1	0
1	0
0	0
0	0
0	0
0	0
0	0
0	0
3	33
0	0
2	23
0	0
0	0
0	0
0	0
0	36
0	0
0	0
0	0
0	0
0	0
1	3384
1	0
4	14666
0	0
0	0
0	0
0	0
0	0
1	3
0	0
0	0
0	0
2	327
0	0
0	0
0	0
0	0
0	0
0	0
0	0
0	0
0	0
0	1039
0	0
1	0
16	12
0	0
0	0
4	48
0	0
0	0
0	0
0	0
0	0
0	0
0	0
0	0
0	0
0	0
0	0
0	0
0	0
0	0
0	0
0	0
0	0
0	0
0	0
0	0
0	0
4	19
0	0
0	0
0	0
0	0
0	0
0	0
0	19
0	0
1	17
0	0
0	20
0	0
0	0
0	0
0	0
0	0
0	0
0	0
0	0
0	0
0	0
0	0
0	0
0	0
0	0
0	0
2	0
0	0
0	0
0	0
0	0
0	0
0	0
0	0
0	98
0	0
0	7
0	0
0	0
0	0
0	0
0	0
0	0
0	0
0	0
0	0
0	0
0	0
0	0
0	0
0	0
0	0
0	0
0	0
0	0
0	0
0	0
0	0
0	0
0	0
0	0
0	0
0	0
0	0
0	0
0	0
0	0
0	0
0	0
0	0
0	1
0	0
0	0
0	0
0	0
0	0
0	0
0	0
0	128
7	2
0	9
1	30
0	8
0	0
0	0
0	0
0	0
0	0
0	0
0	0
0	0
0	0
0	0
0	0
0	0
0	0
0	0
0	0
0	0
0	0
0	0
0	0
0	0
0	0
0	0
4	0
0	0
0	0
3	1412
0	0
0	0
0	0
1	11
0	0
0	0
0	0
0	0
0	0
10	13
0	0
0	0
0	0
0	0
0	0
0	0
0	0
0	0
0	0
0	82
0	0
0	0
0	0
0	439
0	0
0	0
0	0
0	0
0	0
0	0
0	0
0	0
0	0
0	0
0	0
0	0
0	0
0	0
0	0
0	0
0	0
0	6
0	10
5	0
0	0
0	0
0	0
0	0
0	5
0	0
0	0
0	0
0	0
0	0
0	0
0	0
2	0
0	0
0	0
0	0
0	0
0	565
0	0
0	0
0	0
1	0
0	0
0	0
0	0
0	0
0	0
0	0
0	0
0	0
0	0
0	0
0	0
0	0
0	0
0	0
3	266
0	0
0	0
0	0
0	0
0	0
3	0
0	0
0	0
0	0
0	0
0	0
0	0
0	0
0	0
0	0
0	0
0	0
0	0
2	1
0	2
0	0
0	0
0	0
0	0
5	0
0	0
0	0
0	0
155	173
0	0
0	0
0	0
0	0
0	0
0	0
0	0
0	0
0	0
0	0
0	0
0	1
8	0
0	0
0	0
0	0
0	0
0	0
0	0
7	83
0	0
0	0
0	0
0	0
9	0
0	0
1	1
0	1
0	0
0	0
16	0
0	0
0	0
0	0
0	0
0	0
0	0
0	0
0	0
1	0
0	1
34	1
0	0
215	0
0	0
471	288
2	0
0	0
0	1
0	0
1	0
0	0
0	0
0	0
0	0
15	291
3	0
0	0
0	0
0	0
0	0
0	0
0	0
0	0
0	0
0	0
0	0
0	0
0	0
3	278
0	0
12	0
0	42
0	0
0	0
0	0
0	0
0	0
0	0
0	0
0	0
0	0
0	0
0	0
0	0
0	0
1	217
0	0
0	0
0	0
0	1
1	0
0	0
0	0
773	45883
0	0
0	0
0	0
0	0
0	0
0	0
0	0
0	0
0	0
0	0
0	0
0	0
0	0
0	0
0	0
0	0
0	0
0	0
0	0
0	0
0	0
0	0
0	0
0	0
4	0
0	0
0	0
1	0
1	0
0	0
0	0
0	0
0	0
0	0
0	0
0	1
0	0
0	0
0	0
0	0
0	0
0	0
0	0
1	0
0	0
1	2
0	0
0	0
0	0
0	0
2	1
0	0
0	0
0	0
3	6046
0	0
0	0
0	0
0	0
0	0
0	0
0	0
0	0
0	0
0	0
0	0
0	0
0	0
0	1
0	0
0	0
0	0
0	0
0	0
0	0
0	0
0	0
0	0
0	0
0	0
0	0
0	0
0	0
0	0
0	0
1	1
0	0
0	0
0	0
0	0
1	0
0	0
0	0
0	0
0	0
0	0
14	0
0	0
0	0
0	0
0	27
1	0
0	0
1	0
0	0
0	57
1	0
0	0
7	14
0	0
0	0
0	0
0	0
0	0
0	0
0	0
0	0
0	0
0	0
0	0
0	0
0	0
0	0
0	0
0	0
0	0
0	0
0	0
0	0
0	0
0	0
0	0
0	0
9	863
1	0
0	0
0	0
0	335
0	0
0	0
0	0
0	0
0	0
0	0
0	0
0	0
0	0
0	0
0	0
0	0
1	0
1	1
0	0
0	0
0	0
0	0
0	0
0	0
0	0
0	0
0	0
0	0
0	0
0	0
0	0
0	0
2	0
8	1852
0	0
0	0
0	0
4	0
0	0
0	0
0	9
1	0
0	0
2	2
0	0
0	0
0	0
0	0
0	0
0	0
0	0
0	0
0	0
0	0
0	0
0	0
0	0
0	0
0	32
0	0
0	0
0	0
0	0
0	0
0	0
0	0
0	0
0	0
0	410
0	0
0	0
0	0
1	12
0	0
0	0
0	0
0	0
0	0
0	0
0	0
0	0
0	0
0	0
0	0
0	0
3	34
1	0
0	0
0	0
0	0
1	0
0	0
0	0
0	0
0	0
0	0
0	0
0	0
0	0
0	0
0	0
0	0
991	1202
0	0
0	0
0	0
0	0
0	0
0	0
1	0
0	0
0	0
2692	13
0	0
0	0
0	0
0	0
0	0
0	0
1	16
0	0
0	0
0	0
0	0
0	0
0	0
0	0
0	0
0	0
0	0
0	0
0	0
0	0
0	0
2	0
0	0
3	1
0	0
0	0
1	0
0	0
0	0
0	0
2	0
0	0
0	0
6	0
0	0
0	0
0	0
0	0
0	1
0	0
0	0
0	0
0	0
17	14
0	0
0	0
0	0
1	0
0	0
0	0
0	0
0	0
0	70
0	1
0	0
0	0
0	0
0	0
0	0
8	855
0	173
1	0
0	0
2	0
0	0
0	0
0	0
0	0
0	0
0	0
0	0
9	0
0	0
0	0
0	0
0	0
0	0
0	0
0	0
0	1
0	12
0	0
0	0
0	28
0	0
0	0
0	0
0	0
0	0
0	0
0	0
0	0
0	0
0	0
0	0
0	0
0	0
0	0
0	0
0	0
0	0
0	0
0	0
0	4
2	0
0	0
0	0
0	0
0	0
0	0
0	0
0	0
3	0
0	0
0	0
9	148
1	0
0	0
0	0
0	0
0	0
0	4
2	0
1	0
0	14
0	0
0	0
1	0
0	0
0	0
1	0
0	0
0	0
0	0
0	0
0	0
0	0
0	0
0	0
0	0
0	0
0	0
0	0
1	76
0	0
4	0
0	0
0	0
0	0
0	0
0	0
0	0
0	0
0	0
0	0
0	0
1	0
0	0
0	0
0	0
0	0
0	0
0	0
0	0
0	0
0	0
0	0
0	0
0	0
0	64
0	0
0	0
0	0
0	0
0	0
0	0
2	1
0	0
0	0
0	0
0	0
0	0
0	0
0	3
0	0
2	253
0	0
2	1
0	0
0	0
2	0
0	0
1	16
0	0
0	0
0	0
0	0
0	0
0	0
0	0
0	0
0	0
11	1
0	0
0	0
0	0
0	0
0	0
0	0
8	9
0	0
0	0
0	14136
0	0
0	0
0	0
0	0
0	0
0	0
0	0
0	0
0	0
0	0
0	0
0	1
0	0
0	0
0	0
1	586
1	16
0	0
0	0
0	0
2	117
0	2
0	0
0	0
0	0
0	0
0	0
0	0
0	0
0	0
0	0
0	0
0	13
0	83
0	0
1	2
0	0
0	0
0	0
1	0
0	0
0	0
0	0
0	0
0	0
0	0
0	0
0	0
0	28
0	0
0	0
0	0
2	9
0	0
3	902
0	0
0	0
3	0
0	0
0	0
0	0
0	0
0	0
0	24
0	0
0	0
0	0
0	390
0	0
0	0
0	0
0	0
0	0
0	2
0	0
7	0
0	0
0	0
1	0
0	0
0	0
0	0
0	0
0	0
0	0
0	0
0	0
0	0
0	0
0	0
1	0
0	0
2	4
0	217
0	0
0	0
0	0
0	0
4	0
11	1
0	0
1	8
0	0
0	0
0	2
0	0
0	0
0	0
0	0
0	0
0	0
0	0
0	0
0	0
0	0
0	1
3	13
0	3
0	0
0	32
0	0
0	0
0	5
0	0
0	0
0	3
0	0
8	5
0	0
0	0
0	0
7	5202
0	0
0	0
0	45
2	25
0	0
0	0
0	0
0	0
1	254
0	0
0	0
1	0
0	26
0	0
0	0
0	0
0	0
0	0
0	0
0	0
0	0
0	0
0	0
0	0
3	3884
0	0
0	0
0	0
0	0
0	0
0	0
0	0
3	45
0	0
0	0
0	0
0	17
0	0
8	731
0	0
0	0
0	0
0	0
0	0
0	0
0	0
0	0
0	0
0	0
0	0
1	0
0	0
0	0
0	11
0	0
0	0
0	0
0	0
0	0
0	0
0	0
0	0
2	1
0	0
0	0
0	0
0	0
0	10
0	0
0	0
0	0
1	0
0	0
0	0
0	0
0	0
0	6
0	0
3	0
0	0
0	0
0	0
0	0
0	0
1	48
1	0
0	0
0	0
7	241
0	5
0	0
5	32
0	0
0	0
4	0
0	0
1	0
0	0
0	0
2	0
0	0
0	0
0	0
0	0
0	0
0	0
0	0
5	4
6	60
0	0
0	0
1	0
0	0
0	0
0	0
0	0
0	0
0	0
0	0
0	0
0	0
0	29
0	0
0	0
0	0
0	0
0	0
0	0
0	0
0	0
0	0
1	0
0	0
0	0
0	0
0	0
0	0
0	0
0	0
0	0
0	0
0	0
0	0
0	502
0	6
2	7
0	0
5	0
0	0
0	0
387	820
1	12
0	0
0	0
0	0
0	0
0	0
0	0
0	0
0	356
0	0
0	0
0	0
0	0
0	0
0	0
0	0
0	0
1	0
0	0
0	0
0	0
0	0
0	0
0	0
0	0
0	0
0	0
0	352
0	0
0	0
113	117
1	133
0	0
0	0
3	0
0	0
2	525
0	0
0	0
0	0
0	0
0	0
0	0
0	0
0	0
0	0
0	1
0	0
0	0
0	0
0	0
0	0
1	16
0	0
0	0
0	0
0	0
0	0
0	0
0	0
0	0
0	0
1	0
0	0
0	0
1	0
0	0
0	0
0	0
0	0
0	0
0	0
0	0
0	61
0	0
0	0
1	0
0	121
0	0
0	0
0	0
0	0
0	0
0	0
0	0
0	214
0	2
0	0
0	0
0	0
0	0
0	0
0	0
0	0
0	113
0	0
1	0
6	18
0	0
0	0
0	0
0	1
0	0
0	0
9	29
0	1
0	0
1	0
0	0
0	0
0	9
0	0
0	2
0	0
0	0
0	80
0	0
0	0
0	0
0	0
0	0
0	0
0	0
8	0
0	0
0	0
0	0
0	0
0	0
0	0
0	0
0	0
0	0
0	0
0	0
0	0
0	0
0	0
0	0
0	0
2	1
0	0
1	101
0	0
0	0
0	0
0	0
0	0
0	327
0	0
0	0
0	0
0	376
0	0
0	0
0	0
0	0
0	0
0	0
0	0
0	0
0	0
0	0
0	0
0	0
0	0
0	0
0	0
0	5
0	0
0	0
0	0
0	0
0	0
0	0
0	0
0	0
0	0
0	0
21101	36427
0	0
0	0
0	0
0	0
0	0
0	0
0	0
1	0
0	0
0	0
0	0
0	261
0	0
0	0
0	0
0	0
0	0
0	0
0	0
14	3287
1	0
0	0
0	0
1	295
3	448
0	0
0	0
0	1
0	0
4	88
0	0
0	4
0	0
0	0
0	0
0	0
0	0
0	0
2	0
0	0
0	0
0	0
0	0
0	330
0	0
0	0
0	0
0	0
0	0
0	1
0	0
0	0
0	0
0	0
0	0
0	0
0	0
1	0
0	1
0	0
0	0
0	0
0	0
0	0
2	0
0	0
0	0
0	0
0	0
0	0
1	0
0	0
0	0
0	0
0	0
0	0
0	0
0	1
0	0
0	0
0	0
0	0
0	0
0	0
0	0
0	0
0	0
0	0
0	0
0	0
0	0
0	0
2	3
0	0
0	0
0	0
0	0
0	0
0	0
0	0
0	0
0	0
2	26
0	0
0	0
0	0
0	0
31	35
0	0
1	0
1	0
0	0
0	0
0	0
0	197
1	0
0	0
0	0
0	0
1	0
0	0
0	0
0	0
0	0
0	0
0	0
0	0
0	0
0	0
0	0
0	0
0	0
0	0
0	0
0	0
2	0
2	67
0	0
0	0
0	870
0	0
0	0
0	0
0	15
0	0
2	31
0	0
0	0
0	0
1	7
0	0
2	1
0	0
1	55
0	0
2	1078
0	0
0	0
0	0
0	0
0	0
0	0
1	0
0	0
0	7091
0	0
0	0
0	0
0	0
0	0
0	0
0	0
0	0
0	0
1	0
0	0
0	0
0	0
0	0
0	0
0	0
0	0
0	0
0	0
0	0
0	0
0	0
0	0
0	0
0	0
0	0
0	33
0	0
0	0
0	0
0	0
0	0
0	0
0	0
0	0
0	0
0	0
4	0
0	0
0	0
0	0
0	0
0	0
0	477
0	0
0	0
0	0
0	0
0	0
17	33031
0	0
0	0
0	0
0	0
0	0
0	0
0	0
0	1
0	0
0	0
0	0
0	0
0	0
0	0
0	0
0	3
0	0
0	0
0	0
0	29
0	0
0	0
0	0
0	0
6	1
0	0
8	0
0	0
0	0
0	0
0	0
0	1
0	0
3	2009
0	0
0	0
0	0
0	0
0	0
0	0
0	0
0	5206
0	0
0	0
0	0
0	0
0	0
0	0
0	0
0	0
0	0
0	0
0	0
0	0
0	0
0	0
0	0
0	0
0	0
2	0
0	0
0	278
1	0
0	0
0	0
0	0
2	601
15	23
0	0
0	0
0	0
0	0
0	0
0	0
0	0
0	0
0	0
0	0
0	0
0	0
0	0
0	0
0	0
0	0
0	4
0	0
0	0
0	0
0	0
0	0
0	0
0	0
0	0
0	0
1	0
0	0
1385	2598
2	250
5	0
0	0
0	0
0	0
0	0
0	0
0	0
0	0
0	0
0	0
0	8
0	0
0	0
0	0
0	0
0	0
0	0
0	10
33	39
1	51
1	0
0	0
0	0
0	0
0	0
0	0
0	0
3	0
0	0
0	0
0	0
0	0
0	0
0	0
0	0
0	0
0	0
0	0
0	0
0	0
0	0
0	0
0	0
136	93
0	0
0	0
0	0
0	2
0	0
1	1
0	0
0	0
0	0
0	0
0	0
0	0
0	0
0	0
0	0
0	0
0	0
0	0
0	0
2	2
0	0
0	0
0	0
0	0
1	0
0	0
0	0
0	0
0	0
14	61
0	0
0	0
2	0
0	0
2	1
0	0
0	0
0	0
1	0
1	0
0	0
0	0
0	0
0	1
0	0
0	1
0	1
0	0
0	0
0	0
0	0
1	0
1	0
0	1
0	0
0	0
0	8
0	0
0	0
0	5
0	0
0	0
0	0
0	0
0	0
0	0
0	0
0	0
0	0
1	0
0	0
0	0
0	0
0	0
0	0
0	0
0	0
0	0
0	0
0	0
0	0
0	0
0	0
0	33
0	0
0	0
0	0
0	78
0	0
0	0
0	0
0	2
0	0
0	0
0	0
0	0
0	6
0	0
0	0
0	0
0	162
6	0
0	0
0	0
0	0
0	2
0	0
0	0
0	0
0	0
0	0
9	0
0	0
0	583
0	0
0	93
0	0
0	0
0	0
0	0
0	0
0	0
0	0
0	0
3	0
1	1
0	0
0	0
1	45
1	1
0	0
0	0
1	0
0	0
0	0
0	0
0	0
0	0
0	0
10	0
0	0
0	0
0	0
0	0
1	0
0	0
0	0
0	0
0	0
0	0
0	0
0	0
0	0
0	0
0	214
0	0
0	0
1	0
0	0
0	0
0	0
0	0
0	0
25	86
0	0
0	0
0	0
0	0
0	0
0	0
0	0
0	0
0	35
0	0
0	0
0	0
0	0
0	0
0	0
0	0
0	0
0	0
0	0
0	64
0	0
0	0
0	0
0	0
0	0
0	0
0	156
0	0
0	0
1	4
0	0
0	0
2	1261
7	0
0	0
0	5
1	26
0	0
0	0
0	0
0	0
0	0
0	0
0	0
0	0
0	0
0	0
0	0
16	0
2	0
0	0
0	0
0	0
0	0
0	0
0	0
0	0
0	1
0	0
0	6
0	0
0	0
0	0
5	0
0	0
0	0
0	0
0	0
0	0
0	0
0	0
0	1
1	1
0	0
0	0
0	0
0	0
0	0
0	0
0	0
0	0
0	0
0	0
0	0
0	0
0	0
0	0
0	0
0	0
0	0
0	0
0	0
0	0
0	0
1	0
0	0
0	0
0	0
0	0
0	0
0	0
0	0
2	5
0	0
0	0
0	0
0	0
0	0
0	0
0	0
0	0
0	0
0	0
0	0
0	0
0	0
0	0
0	0
0	0
0	0
0	0
0	0
0	0
0	0
0	0
0	0
0	0
0	0
0	0
0	0
0	0
0	0
0	0
0	0
0	0
0	0
0	0
3	0
0	0
2	1
138	103
0	0
0	5
1	0
0	0
0	0
0	0
0	0
0	0
0	0
5	37
0	0
0	0
0	0
0	0
4	14
0	10
0	0
0	0
0	0
0	0
3	0
0	0
0	0
0	0
1	0
0	0
0	286
1	1
0	0
0	0
0	0
0	828
0	0
0	0
0	0
5	0
0	0
0	0
0	0
0	0
0	0
0	0
0	0
0	0
0	0
0	0
0	0
0	0
0	0
0	0
0	0
0	0
0	0
0	0
0	0
1	0
0	0
0	0
0	0
0	0
0	0
0	0
0	0
0	0
0	0
3	112
0	0
0	0
0	0
0	0
0	0
0	0
0	1
0	0
0	0
4	0
0	0
0	0
0	0
0	1
0	0
1	10
0	0
2	2
0	0
3	34
2	2
0	0
0	0
0	0
0	0
0	0
0	0
0	0
0	0
0	21
0	0
0	0
0	0
0	0
0	0
1	0
0	0
0	0
0	0
0	0
0	0
0	0
0	0
0	0
0	0
1	0
0	0
0	0
0	0
0	0
0	0
0	0
0	0
0	3
0	0
0	0
0	0
0	0
0	0
0	0
0	0
0	0
0	0
2	0
0	0
1	72
0	0
0	0
0	0
0	0
1	2
0	0
2	0
0	0
0	0
1	285
0	0
0	0
0	0
6	0
1	16
0	0
0	0
0	3
0	0
0	0
2	0
0	0
0	0
0	0
0	0
0	0
0	0
0	0
0	0
0	0
0	0
0	0
0	0
7	271
0	88
0	0
0	0
0	0
0	0
0	286
0	0
0	0
0	0
0	0
0	0
0	0
0	0
0	0
0	47
0	0
0	0
0	0
0	0
0	0
0	0
0	0
0	0
0	0
0	0
0	0
0	0
0	0
0	0
2	0
0	0
0	0
0	0
0	0
0	0
0	0
0	0
0	0
0	0
0	0
0	0
0	0
0	0
0	0
0	0
0	0
1	0
1	0
0	0
0	0
1	0
0	0
0	1
0	0
0	0
0	0
2	0
0	0
0	0
1	0
0	0
0	0
7	256
0	0
0	0
0	0
0	0
0	0
0	0
0	0
0	45
0	0
0	0
0	0
0	0
0	0
0	0
0	0
6	3036
0	0
0	0
0	0
0	514
1	0
0	0
0	0
0	0
1	376
3	51
0	0
0	0
0	0
0	0
0	0
0	0
0	0
0	0
0	2
0	0
0	0
0	0
0	0
0	0
0	0
0	0
0	0
0	0
1	0
0	0
0	0
0	441
0	0
0	0
0	0
0	0
0	0
0	0
0	0
0	0
0	0
1	0
0	0
0	0
2	40
0	6
0	0
1	6
0	0
0	0
0	0
0	0
0	0
0	0
0	0
0	0
0	0
0	0
0	0
0	0
0	0
0	0
0	0
0	0
0	612
0	0
0	0
0	0
0	0
0	0
31	139
6	2
0	0
1	0
0	0
0	1
0	0
0	0
0	0
0	0
0	0
0	0
0	0
0	0
0	0
0	0
0	0
0	0
0	0
0	0
0	0
0	0
0	0
0	0
0	0
0	0
1	1
0	0
1	5
0	0
0	0
0	0
0	1
0	0
0	0
0	0
0	0
0	0
0	1
0	0
0	0
0	0
0	0
0	0
0	0
0	0
1	1592
0	40
0	0
0	0
0	0
0	0
0	0
0	0
0	0
1	0
1	0
1	0
1	0
0	0
0	0
0	0
0	0
0	0
0	0
0	0
0	0
1	0
0	880
0	0
0	0
7	1707
0	0
0	0
0	0
0	0
1	1
0	0
0	0
0	0
0	0
0	0
0	0
1	0
0	0
0	0
0	0
0	0
0	0
0	0
0	0
0	0
0	0
0	0
0	0
0	0
0	1
1	0
0	2
0	0
0	0
16	9257
0	0
0	2
2	38
0	0
0	3269
0	0
0	0
0	0
0	0
0	2
0	0
0	0
0	0
0	0
0	0
0	0
0	0
0	0
0	0
0	0
0	0
0	0
0	5
0	0
0	0
2	1
0	0
0	0
0	0
0	0
0	0
0	0
2	34
0	0
0	0
0	0
0	0
0	0
0	0
0	0
0	0
0	0
0	0
0	0
0	0
0	0
0	0
1	0
0	0
0	0
0	0
0	0
2	3
0	60
0	0
0	0
0	0
0	0
0	0
0	0
0	0
1	0
0	0
0	0
0	0
2	0
4	0
0	0
0	0
0	0
0	2
0	0
1	1
0	0
0	494
0	0
0	0
0	0
0	0
0	5
0	0
0	0
0	0
0	0
0	0
0	0
0	0
0	0
0	0
0	0
0	0
0	0
1	0
0	0
0	0
0	0
0	109
0	0
1	0
0	0
0	0
0	0
0	0
0	0
0	0
1	298
0	0
0	0
0	0
0	0
0	0
3	2125
0	0
0	0
3	0
0	0
0	0
0	0
0	0
0	1070
0	0
2	0
0	0
0	0
0	0
0	0
7	10222
0	0
0	0
0	0
0	0
0	0
0	4
0	0
0	0
0	0
0	10
0	0
0	0
0	0
1	0
0	0
0	0
0	0
0	0
0	0
0	0
0	0
0	0
0	85
0	3
0	0
3	965
0	0
0	0
0	0
0	0
0	0
0	0
0	0
0	0
0	0
0	0
0	0
0	0
0	0
0	687
0	0
0	0
0	167
0	0
0	0
0	0
0	0
0	0
1	0
0	0
0	0
0	0
0	0
0	0
0	6
0	0
0	0
0	0
0	0
0	0
1	0
1	0
0	0
0	0
0	0
0	5
0	0
2	0
0	0
1	28
1	1
0	0
0	0
0	0
0	0
0	0
0	0
0	0
1	0
0	0
0	63
0	0
0	0
0	0
0	0
0	0
0	8
0	0
0	0
2	66
0	0
0	0
0	0
0	0
0	0
1	0
0	0
0	0
0	0
0	0
0	0
3	0
0	0
0	0
0	0
0	0
0	0
0	0
0	0
0	0
0	0
4	1
0	0
0	0
0	0
0	0
0	0
4	1266
1	0
0	3
0	0
0	0
0	0
0	0
0	0
0	0
1	2
0	0
0	0
0	0
0	0
0	0
0	0
0	0
0	0
0	0
0	0
0	0
0	710
0	0
0	0
0	0
8	994
2	0
2	18
0	0
0	0
0	0
0	0
0	0
0	1
0	0
1	0
0	0
0	0
0	8461
0	12
0	0
0	0
0	0
0	0
1	0
0	0
0	1
0	0
1	0
0	15
0	0
0	0
0	354
0	0
0	0
0	0
0	0
1	0
0	0
0	0
2	0
0	0
0	0
0	0
0	0
0	0
0	0
1	0
0	0
0	0
0	0
0	0
0	0
0	0
0	0
0	0
0	0
0	0
0	0
0	0
2	0
0	0
0	0
0	0
0	0
0	0
0	0
0	0
0	0
0	0
0	0
0	3
0	1871
0	0
0	0
0	0
0	0
0	0
0	0
0	0
0	0
0	0
0	0
0	0
0	0
0	0
1	0
0	0
0	0
0	0
0	0
0	0
0	0
1	5
0	0
4	0
0	2
1957	514
0	0
0	0
0	0
0	11
0	0
0	0
1	4
0	0
0	0
0	0
0	0
0	0
0	0
1	0
0	2
0	0
0	5
0	0
2	1167
0	0
3	4964
0	0
0	0
0	0
0	0
0	0
0	0
0	0
0	80
0	0
0	0
2	0
0	0
0	0
0	0
0	0
0	0
3	0
14	1167
1	0
0	0
0	0
0	0
0	12
0	0
0	0
0	0
0	0
0	3
0	0
0	0
0	0
0	112
0	0
5	2
0	2075
0	5695
0	0
0	0
2	3
0	0
0	0
0	0
0	0
0	0
0	0
0	0
0	0
0	0
0	0
1	26
546	3475
0	0
0	0
0	0
0	0
0	0
0	0
0	0
0	0
0	1
0	0
0	0
1	0
0	0
0	0
0	0
0	0
0	0
0	0
0	0
0	0
0	0
0	10
0	0
0	0
3	0
0	0
0	0
0	0
0	0
0	0
0	1
3	9
0	0
0	0
0	0
3	769
0	0
1	0
0	0
0	0
0	0
0	0
0	0
0	0
1	0
0	0
0	0
0	0
2	532
0	0
0	0
0	0
0	0
0	0
0	2
0	1599
39	9
0	0
0	0
0	142
0	0
0	0
0	0
0	0
0	0
0	0
0	0
0	0
0	10
0	0
0	0
3	1112
1	0
3	0
0	167
0	0
0	0
0	0
0	0
1	1
0	0
0	0
0	0
0	0
0	0
0	0
0	0
0	0
0	1
0	0
0	0
0	0
0	75
0	0
0	0
0	5
0	0
0	0
0	0
0	0
1	0
0	40
0	0
0	0
0	691
0	0
0	0
0	0
0	0
2	18
1	8
0	0
0	2
0	0
0	7
1286	1822
0	0
0	0
0	0
0	0
0	0
0	0
0	0
0	0
0	0
0	406
2	0
0	0
1	0
6	24
0	0
0	0
0	0
0	0
0	0
0	1
0	0
0	0
0	0
0	34
0	0
0	0
1	161
0	0
0	0
3	0
0	0
0	0
0	0
0	2
0	0
0	0
0	0
0	0
0	0
0	0
0	5
0	0
0	0
3	205
0	0
0	0
0	0
0	0
0	0
0	5
0	0
1	2
0	0
0	0
0	42
0	0
0	0
0	0
0	0
1	0
0	0
0	0
0	0
0	2
0	0
1	22
0	0
0	0
0	0
0	0
0	0
0	0
0	0
0	0
0	0
0	0
0	0
0	0
0	0
0	0
0	0
0	0
0	0
0	0
0	0
5	0
0	0
0	0
0	0
0	0
0	0
0	0
0	0
0	0
0	0
0	0
0	0
6	0
0	0
7	0
0	0
0	0
0	0
0	0
1	0
0	0
0	0
2	0
0	0
0	0
0	0
0	0
0	0
0	0
0	0
2	0
0	0
0	0
0	0
0	0
0	0
0	0
0	0
0	0
0	0
0	0
0	0
0	0
0	0
0	0
0	0
0	0
0	2
0	0
0	1
0	1
1	1
0	1
0	0
0	1
0	1
0	0
1	0
0	1
0	2104
0	1732
0	0
0	0
0	0
0	0
0	0
0	0
21	2
0	2
0	3
0	1
0	0
0	0
0	0
0	0
0	0
1	1
0	0
0	1
0	72
0	72
0	4
0	2
0	4
5	7035
0	5244
0	0
0	3
0	2
0	0
4	4
0	0
0	2
1	0
2	0
6	3
1	3
0	0
0	1
0	1
0	0
0	0
2	1
0	1
0	0
0	0
0	0
2	3
1	0
15	0
0	0
0	0
0	5
0	10
3	0
0	0
0	0
0	0
0	0
0	0
0	0
0	270
0	0
0	0
0	0
0	0
0	0
0	0
2	0
0	0
0	61
0	306
0	0
0	0
0	0
0	0
0	0
0	0
0	0
0	0
2	0
0	0
1	0
0	1
5	1
0	0
0	0
4	0
10	0
0	0
42	148
0	148
3	7
0	7
0	2
0	1
2	0
0	2
0	2
0	0
1	9
1	0
0	0
0	0
0	0
0	0
0	0
3	26
0	20
0	524
0	977
13	2755
0	0
0	0
29	99
2	99
0	70
0	0
0	0
0	0
0	0
0	0
0	0
0	0
0	0
0	1
3	3
1	4
0	2
0	1
0	0
0	0
0	0
0	0
0	0
0	0
0	0
0	0
9	341
0	221
0	3
137	0
0	0
0	0
0	0
0	0
0	0
51	14
19	13
11	0
24	56
0	56
5	0
0	0
0	0
0	0
0	0
0	0
0	1
0	1
0	0
0	0
0	0
0	0
0	6232
0	5301
0	0
0	0
1	2268
0	0
0	0
0	0
0	0
0	0
0	0
0	0
0	0
0	0
0	0
2	0
0	0
0	0
0	0
0	0
0	14
0	41
0	40
2	0
0	0
3	0
0	0
0	0
0	0
0	0
0	0
9	2
0	2
0	0
0	0
0	0
0	0
0	0
0	0
0	0
0	0
0	0
0	0
0	0
0	6543
0	3578
0	359
2	0
0	0
0	3822
0	0
0	0
0	0
0	0
0	0
0	0
0	0
1	0
0	0
0	0
0	1
0	1
0	0
0	0
0	0
0	3365
2	5995
1	4
0	1
0	0
0	0
0	0
0	0
0	0
0	0
0	0
0	0
85	4
1	4
0	0
4	5
0	2
1463	17330
0	17223
0	0
0	34
0	0
0	0
0	0
6	2
50	2
7	0
0	0
0	0
11	0
384	45
0	43
2	0
0	6
7	246
0	176
0	0
0	0
0	0
0	0
0	0
0	0
0	0
0	0
0	6
1	6
0	2
190	258
165	258
1	60
2	60
0	1
0	1
0	0
0	0
39	0
0	0
0	0
0	0
0	0
0	0
0	0
0	0
0	0
0	0
12	118
0	8
404	110
0	0
47	18
0	18
9	127
0	0
0	1
0	26
0	1
0	0
0	0
22	1
0	1
0	0
1	1
0	1
12	5
0	5
0	21
0	151
43	13
0	0
0	0
0	1
3	0
1	0
0	0
25	171
0	5
1	0
0	0
0	0
0	10
0	10
0	0
0	0
0	0
1	0
0	0
0	5090
0	0
0	0
0	0
0	0
3	0
0	0
0	0
0	0
0	0
0	0
0	0
0	0
0	0
0	0
0	0
1	0
0	0
1	9
3	9
0	3
6	0
0	0
0	0
0	0
0	0
0	0
0	161
5	8
0	8
0	0
0	0
0	0
0	0
0	0
0	0
1	3
0	3
3	0
0	0
15	4
0	4
0	0
114	329
11	2
47	3
11	5
0	329
0	4
0	4
0	0
0	0
0	0
0	31
0	15
111	0
3	0
5	0
26	2890
0	2193
1	0
0	0
0	0
0	0
0	0
0	0
0	0
0	0
0	0
0	0
2	0
0	0
0	0
0	0
0	0
0	0
13	2969
0	2986
0	1766
0	0
0	0
0	0
8	0
0	0
0	0
0	0
0	0
0	1
0	1
0	0
0	0
1	0
2	0
136	46
0	46
0	3
0	3
0	0
0	0
5	1
0	1
0	0
0	0
0	0
1	1348
0	0
1	0
0	0
0	0
0	0
0	0
0	0
0	0
0	0
0	0
0	0
0	0
1	0
0	0
2	9
0	26
0	579
0	504
0	0
0	0
3	2
0	2
0	0
2	0
0	436
0	635
0	11
0	266
1	119
0	0
0	0
0	0
0	0
0	787
0	785
2	40
0	1
0	2
0	0
0	0
0	0
0	696
0	378
0	0
0	0
0	0
0	0
0	0
0	0
2	31
0	2
3	4
0	2
9	2
0	0
0	0
0	0
0	0
0	0
0	0
100	22
0	15
0	6
59	0
0	0
0	1
0	1
0	0
0	2
0	1
0	2
0	0
0	0
0	0
0	0
5	3
0	3
0	0
0	1
0	0
0	0
0	0
0	0
0	0
0	0
0	16
0	0
0	0
0	0
0	0
0	0
0	0
0	0
0	0
0	0
2	0
0	0
0	0
0	154
3	65
0	88
0	128
0	79
1	17
1	9
0	0
0	0
0	1
1	9
3	1
0	1
1	4241
0	3946
0	0
0	0
0	0
0	0
1	323
1	0
0	0
2	0
0	0
2	4
0	1
2	0
0	0
0	0
0	0
1	0
0	0
0	0
0	0
0	0
0	0
86	5862
244	7075
0	0
0	0
0	0
0	0
88	6
0	1
0	1
23	20
0	177
0	32
0	0
674	1
0	0
0	0
5	0
0	0
0	0
0	0
0	0
0	0
0	0
0	0
0	0
0	0
0	0
0	2
0	0
0	0
0	0
0	0
0	0
0	0
0	0
0	0
0	0
0	0
0	0
0	0
0	0
0	0
31	154
0	0
0	0
0	0
0	0
0	0
0	0
0	0
0	0
0	0
0	0
0	0
0	0
0	0
0	0
0	0
0	0
0	0
0	0
0	0
0	0
0	0
5	19
0	0
0	0
0	1
0	0
0	0
0	0
0	0
0	0
0	0
0	0
0	0
0	0
0	0
0	0
0	0
0	0
0	0
0	0
0	0
0	0
0	0
0	0
0	0
0	0
0	0
0	0
0	0
0	0
0	0
0	0
155	759
0	0
0	0
0	0
0	0
0	0
0	0
0	0
0	0
0	0
2	0
0	0
0	0
1	11
0	0
0	0
0	0
0	0
0	0
0	0
0	0
0	0
0	0
0	0
0	0
0	0
0	0
0	0
0	12
0	0
0	0
0	0
0	0
0	0
0	0
0	0
0	0
0	0
0	0
0	0
0	0
19	11
2	0
3	5
10	24
0	0
0	0
0	0
0	0
0	0
0	0
0	0
0	0
0	0
0	0
0	0
0	0
1	0
0	0
0	0
0	0
0	0
1	0
0	0
0	0
0	0
0	0
0	0
0	0
0	0
0	0
0	0
0	0
0	0
0	0
0	0
0	0
0	0
0	0
0	0
0	0
0	0
1	0
0	0
0	0
0	0
0	0
0	0
0	7
0	0
0	0
3	6
2	0
0	0
0	0
0	0
0	0
0	0
0	0
0	0
0	0
0	0
0	0
0	0
0	0
0	0
0	0
0	0
0	0
0	0
0	0
0	0
0	0
0	0
0	0
0	0
0	0
0	0
0	0
0	0
0	0
0	0
0	0
0	0
0	0
0	0
0	0
0	0
0	0
0	0
0	0
0	0
0	0
0	0
0	0
0	0
0	0
0	0
0	0
0	0
0	0
0	0
0	0
0	0
0	0
0	0
0	0
0	0
0	0
0	0
0	0
0	3
0	0
0	0
0	0
0	0
0	12
0	6
0	0
0	0
0	0
0	0
0	0
0	0
0	0
0	3
0	0
0	0
0	0
0	0
0	0
0	0
0	0
0	0
0	0
0	0
0	0
0	0
0	0
0	0
0	0
0	0
0	0
0	0
0	0
0	0
0	0
0	0
0	0
0	0
0	0
0	0
0	0
0	0
0	0
0	0
0	0
0	0
0	0
0	0
0	0
0	0
0	0
0	0
0	0
0	0
0	0
0	0
0	0
0	0
0	0
0	0
0	0
0	0
12	0
0	0
0	0
0	0
0	0
0	0
0	0
0	0
0	0
0	0
0	0
0	0
0	0
0	0
0	0
0	0
0	0
0	0
0	0
0	0
0	0
0	0
0	0
0	0
0	0
0	0
0	0
0	0
0	0
0	0
0	0
0	0
0	0
0	0
0	0
0	0
0	0
0	1
0	47
0	0
0	0
0	0
0	0
0	0
0	0
0	0
0	0
0	0
0	12
0	0
0	0
0	0
0	0
0	0
0	0
0	0
0	0
0	0
0	0
0	0
0	0
0	0
1	0
0	0
0	0
0	0
0	0
0	0
0	0
0	0
0	0
0	0
0	0
0	0
0	0
0	0
0	0
2	0
0	0
0	0
0	0
0	0
0	0
0	0
0	2
0	0
0	0
0	0
0	0
0	0
0	14
0	0
0	0
0	7
0	0
0	0
0	0
0	0
0	0
0	0
0	0
0	0
0	0
0	0
0	0
0	0
0	0
0	0
0	0
0	0
0	0
0	0
0	0
0	0
0	0
0	0
0	0
0	0
0	0
0	0
0	0
0	0
0	0
1	0
0	0
0	0
0	0
0	0
0	0
0	0
0	0
0	0
0	0
0	0
0	0
0	8
0	0
0	0
0	0
0	0
0	2
0	0
0	0
0	0
0	2
0	0
0	0
0	0
0	0
0	0
0	0
0	0
1	0
0	0
0	0
0	0
0	0
0	0
0	0
0	0
0	0
0	0
0	0
0	0
0	0
0	0
0	0
0	0
0	0
0	0
0	0
0	0
0	0
0	0
0	0
0	0
0	0
0	0
0	0
0	0
0	0
0	0
0	0
0	0
0	1
0	1
0	0
0	0
0	0
0	0
0	0
0	0
0	0
0	0
0	0
4	62
0	0
0	0
0	0
0	0
0	0
0	0
0	0
0	0
0	6
0	0
0	0
0	0
0	0
0	0
0	0
0	0
0	0
0	0
0	0
0	0
0	0
0	0
0	0
0	0
0	0
0	0
0	0
0	0
3	0
0	0
0	0
0	0
0	0
0	0
0	0
0	0
0	0
0	0
0	0
0	0
0	0
0	0
0	0
0	0
0	0
0	0
0	0
0	0
0	0
0	0
0	0
0	0
0	0
0	0
0	0
0	0
0	0
0	0
0	0
0	0
0	0
0	0
0	0
0	0
0	0
0	0
0	0
0	0
0	0
0	0
0	0
0	0
0	0
0	0
0	0
0	0
0	0
0	0
0	0
0	0
0	0
0	0
0	0
0	0
0	0
0	0
0	0
0	0
0	0
0	0
0	0
0	0
0	0
0	0
0	0
0	0
0	0
0	0
0	0
0	0
0	0
0	0
0	0
0	0
0	0
0	0
0	0
0	0
0	0
0	0
0	0
0	0
0	0
0	0
0	0
0	0
0	0
0	0
0	0
0	0
0	0
0	0
0	0
0	0
0	0
0	0
0	0
0	0
0	0
0	1
1	0
12	0
0	0
0	0
0	0
0	0
0	0
1	2
0	0
0	0
0	0
0	0
0	0
0	0
0	0
0	0
0	0
0	0
0	0
0	0
0	0
0	0
0	0
0	0
0	0
0	0
0	0
0	0
0	0
0	0
0	0
0	0
0	0
0	0
0	0
0	0
0	0
0	0
0	0
0	0
0	0
0	0
0	0
0	0
0	0
0	0
0	0
0	0
0	0
0	0
0	0
0	0
0	0
0	0
0	0
0	0
0	0
0	0
0	0
0	0
0	0
0	0
0	0
0	0
0	0
0	0
0	0
0	0
0	0
0	0
0	0
0	0
0	0
0	0
2	676
2	4
0	0
0	0
0	0
0	0
0	0
0	0
14	335
0	0
0	0
0	0
0	0
0	0
0	0
0	186
0	0
0	0
0	0
0	0
0	0
0	0
0	0
0	0
0	0
0	0
0	1
0	0
0	0
0	0
0	0
0	0
317	883
0	0
0	0
0	0
0	11
0	0
0	0
0	1
0	0
0	0
0	0
0	0
0	3
0	0
0	0
0	0
0	0
0	0
0	0
0	0
0	0
0	0
0	0
0	0
0	0
0	0
0	0
0	0
0	0
0	0
0	0
0	0
0	0
0	0
0	0
0	0
0	0
0	0
0	0
0	0
0	0
0	0
0	0
0	76266
0	10106
0	0
1	4
64	20065
0	0
0	0
0	0
0	0
0	0
0	0
0	0
1	0
0	0
0	0
0	0
0	0
0	20
0	0
0	0
0	0
0	0
0	0
0	0
0	0
0	194641
0	143370
0	0
0	236786
85	98155
0	0
0	0
0	0
0	0
0	0
0	0
0	0
0	0
0	0
0	0
0	0
0	0
0	0
0	0
0	0
0	0
0	0
0	0
0	0
0	0
0	0
0	0
0	0
0	0
0	0
0	0
0	5
0	0
0	4
0	0
0	0
0	0
0	0
0	0
0	0
0	0
0	0
0	0
0	0
0	0
0	0
0	0
0	0
0	0
0	0
0	0
0	0
0	0
0	0
0	0
0	0
0	0
0	6
0	0
0	0
0	0
0	0
0	0
0	0
0	0
0	0
0	0
0	0
0	0
0	0
0	0
0	0
0	0
0	0
0	0
0	0
0	0
0	0
0	0
0	0
0	0
0	5
0	0
0	0
0	0
0	0
4	31
0	0
0	0
0	0
0	0
0	0
0	0
0	0
0	0
0	0
0	0
0	9
0	0
0	0
0	0
0	0
0	0
0	0
0	0
0	0
0	0
0	0
0	0
0	0
0	0
0	0
0	0
0	3
0	0
0	0
0	0
0	0
0	2
0	2
0	0
0	0
0	0
0	0
0	0
0	0
0	0
0	0
0	0
0	0
0	0
0	1
0	0
0	0
0	0
0	0
0	0
0	0
0	0
0	14
0	0
0	0
0	0
0	0
0	0
1	4
0	0
0	0
0	0
0	0
0	0
0	0
0	0
0	0
0	0
0	0
0	0
0	0
0	0
0	0
0	0
0	0
1	0
0	0
0	0
0	0
0	0
0	0
0	0
0	0
0	0
0	0
0	0
0	0
0	0
0	0
0	0
0	0
0	0
0	0
0	0
0	0
0	0
0	0
0	0
0	0
0	0
0	0
0	0
0	0
0	0
0	0
0	0
0	0
0	0
0	0
0	0
0	0
0	0
0	0
0	0
0	0
0	0
0	0
0	0
0	0
0	0
0	0
0	0
0	0
0	0
0	0
0	0
0	0
0	0
0	0
0	0
0	0
0	0
0	0
0	0
0	0
0	0
0	0
0	0
0	0
0	0
0	0
0	0
0	0
0	0
0	0
0	0
0	0
0	0
0	0
6	9
0	0
0	0
0	0
0	0
0	0
0	0
0	0
0	0
0	0
0	0
0	0
0	0
0	0
0	0
0	0
0	0
0	0
0	0
0	0
0	0
0	0
0	0
0	0
0	0
0	0
0	0
0	0
0	0
0	58
0	0
0	0
0	0
0	0
0	0
0	0
0	0
0	0
0	0
0	0
0	0
0	0
0	0
0	0
0	0
3	0
0	0
0	0
0	0
0	0
0	0
0	0
0	0
0	0
0	0
0	0
0	0
0	0
0	0
0	0
0	0
0	0
0	0
0	0
0	0
0	0
0	0
0	0
0	0
2	0
0	0
0	0
0	0
0	0
0	0
0	0
0	0
0	0
0	0
0	0
0	0
0	0
0	0
0	0
0	0
0	0
0	0
0	0
0	0
0	0
0	0
0	0
0	0
0	0
0	0
0	0
0	0
0	0
0	0
0	0
0	0
0	0
0	0
0	10
0	0
0	0
0	0
0	0
0	0
0	0
0	0
0	0
0	0
0	0
0	0
0	0
0	0
0	0
0	0
0	0
0	0
0	0
0	0
0	0
0	1
0	0
0	0
0	0
0	0
0	0
0	0
0	0
0	0
0	0
0	0
0	0
0	0
0	0
0	0
0	0
0	0
0	0
0	0
0	0
0	0
0	0
0	0
0	0
0	0
0	0
0	0
0	0
0	0
0	0
0	0
0	0
0	0
0	0
0	0
0	0
0	0
0	0
0	0
0	0
0	0
0	0
0	0
0	0
0	0
0	0
0	118
8	4
0	0
0	0
0	0
0	0
0	0
0	0
0	0
0	0
0	0
0	0
0	0
0	0
0	0
0	0
0	0
0	0
0	0
0	0
0	0
0	0
0	0
0	0
0	0
0	0
0	0
0	3
0	0
0	0
0	0
0	0
0	0
0	0
0	0
0	0
0	0
0	0
0	0
0	0
0	0
0	0
0	0
0	0
0	0
0	0
0	0
0	0
1	0
0	0
0	0
0	0
0	0
0	0
0	0
0	0
0	0
0	0
0	0
0	0
0	0
0	0
0	0
1	0
0	0
0	0
0	0
0	0
0	0
0	0
0	0
0	0
0	0
0	0
0	0
0	0
0	0
0	0
0	0
0	0
0	0
0	0
0	0
0	0
0	0
0	0
0	0
0	0
0	0
0	0
0	0
0	0
0	0
27	89
0	0
0	0
0	0
0	0
0	0
0	0
0	0
0	0
0	0
0	0
0	0
0	0
0	0
0	4
0	0
0	0
0	0
0	0
0	0
0	0
0	0
0	0
0	0
0	0
0	0
0	0
0	0
0	0
0	0
0	0
0	0
0	0
0	0
0	0
0	0
0	0
0	0
0	0
0	0
0	0
0	0
0	0
0	0
0	0
0	0
0	0
0	0
0	0
0	0
0	0
0	0
0	0
0	0
0	0
0	0
0	0
0	0
0	0
0	0
0	0
0	0
0	0
0	0
0	0
0	0
1	25
0	0
0	0
0	0
0	0
0	0
0	0
0	0
0	0
0	0
0	0
0	0
0	0
0	0
0	0
0	0
0	0
0	0
0	0
0	0
0	0
0	0
0	0
0	0
0	0
0	0
0	0
0	0
0	0
0	0
0	0
0	0
0	0
0	271
0	0
0	0
0	0
0	0
0	0
0	0
0	0
0	0
0	0
0	0
0	0
0	0
0	0
0	0
0	0
0	0
0	0
0	0
0	0
0	0
0	0
0	0
0	0
0	0
0	0
0	0
0	0
0	0
0	0
0	0
0	0
0	0
0	0
0	0
0	0
0	0
0	0
0	0
0	0
0	0
0	0
0	0
0	0
0	0
0	0
0	0
0	0
0	0
0	0
0	0
0	0
0	0
0	0
0	0
0	0
0	0
0	0
0	0
0	0
0	0
0	0
0	0
0	0
0	240
0	0
0	0
0	0
0	0
1	0
0	0
0	2
0	0
0	0
0	12
0	10
0	0
0	578
0	0
0	0
0	0
0	0
0	0
0	0
0	0
0	0
0	0
0	0
0	0
0	0
0	0
0	0
0	0
0	0
0	0
0	0
0	0
0	0
0	0
0	0
0	0
0	0
0	231
0	0
0	0
0	0
0	0
0	0
0	0
0	0
0	0
0	0
0	0
0	0
0	0
0	0
0	0
0	0
0	0
0	0
1	0
0	1
0	0
0	0
0	0
0	0
0	0
0	0
0	0
0	0
0	0
0	0
1	4
0	152
0	0
0	0
0	0
0	0
0	0
0	0
0	0
0	0
0	0
0	0
0	0
0	0
0	0
0	0
0	0
0	0
0	0
0	0
0	0
0	0
0	0
0	0
0	0
0	0
0	0
0	0
0	0
0	0
0	0
2	0
2	5
0	0
0	0
0	0
0	0
0	0
0	0
0	0
0	0
0	0
0	0
0	0
0	0
0	0
0	0
0	0
0	0
0	0
0	0
0	0
0	0
2	0
0	0
0	0
17	0
0	0
0	0
0	0
0	0
0	0
0	0
0	0
0	0
2	0
0	0
0	1
0	0
0	0
0	0
0	0
0	0
0	0
0	0
0	0
0	0
0	0
0	0
0	0
0	0
0	0
0	0
0	0
0	0
0	0
0	0
0	0
23	9
2	0
0	0
0	0
0	0
0	0
0	2
0	0
0	0
0	0
0	0
0	0
0	0
0	0
0	0
0	0
0	0
0	0
0	0
0	0
0	0
0	0
0	1
0	0
0	0
0	0
0	0
0	0
0	0
0	0
1	42
0	0
2	0
0	0
0	0
0	0
0	0
0	0
0	0
0	0
0	0
0	0
0	0
0	0
0	0
0	0
0	0
0	0
0	0
0	0
0	0
0	0
0	0
0	0
0	0
0	0
0	0
0	0
0	0
0	1
0	0
0	0
0	0
1	0
0	0
0	0
0	0
0	0
0	0
0	0
0	0
0	0
0	0
0	0
0	0
0	0
0	0
0	0
0	0
0	0
0	0
0	0
0	0
0	0
0	0
0	0
0	0
0	0
0	0
0	0
0	0
0	0
0	0
0	0
0	0
0	0
0	0
0	0
0	0
0	0
0	0
0	0
0	0
0	0
0	0
0	0
0	0
0	0
0	0
1	0
0	0
0	0
0	0
0	0
0	0
0	2
0	3
0	0
0	0
0	0
0	0
0	0
0	0
0	0
0	0
17	315
112	0
0	0
0	0
0	0
0	0
0	0
0	0
0	0
7	0
0	0
0	0
0	0
0	0
0	0
0	0
0	0
0	0
0	0
0	0
0	0
0	0
0	0
0	1
0	23
0	0
0	0
0	0
0	0
0	0
0	0
0	0
0	0
0	0
0	0
0	0
66	5
0	0
0	0
0	0
0	5
0	0
0	0
0	0
0	0
0	0
0	0
0	0
0	0
0	0
0	0
0	0
0	0
0	0
0	0
0	0
0	0
0	0
0	0
0	0
0	0
0	0
0	0
0	0
0	0
0	0
0	0
0	0
0	0
0	0
0	0
0	0
0	0
0	0
0	0
0	0
0	0
0	0
0	0
0	0
0	0
0	0
0	0
0	0
0	0
0	0
0	0
0	0
0	0
0	0
0	0
0	0
0	0
0	0
0	0
0	0
0	0
0	2
0	0
0	0
0	0
0	0
0	0
0	0
0	0
0	0
0	0
0	0
0	0
0	0
0	0
0	0
0	0
0	0
0	0
0	0
0	0
0	0
0	0
0	0
0	0
0	0
0	0
0	15
0	0
0	0
0	0
1	1
35	800
33	39
0	0
0	0
0	0
0	0
0	0
0	0
0	0
0	0
0	0
0	0
0	0
0	0
0	0
0	0
0	0
0	0
0	0
0	0
0	0
0	0
0	0
0	0
0	0
0	0
0	0
0	0
1	0
0	0
0	0
0	0
0	0
0	0
0	0
0	0
0	0
0	0
0	0
0	0
0	0
0	0
0	0
0	0
0	0
0	0
0	0
0	0
0	0
0	0
0	0
0	0
0	0
0	0
0	0
0	0
0	0
0	0
0	0
0	0
0	0
0	0
0	0
0	0
0	0
0	0
0	0
0	0
0	0
0	0
0	0
0	0
0	0
0	0
0	0
0	0
0	0
0	0
0	0
0	0
0	0
0	0
0	0
0	0
0	0
0	0
0	0
0	0
0	0
0	0
0	0
0	0
0	0
0	0
0	0
0	0
0	0
0	0
0	0
0	0
0	0
0	0
0	0
0	0
0	0
0	0
0	0
0	0
0	0
0	0
0	0
0	0
0	0
0	0
0	0
0	0
0	0
0	0
0	0
0	0
0	0
0	0
0	0
0	0
0	0
0	0
0	0
0	0
0	0
0	0
0	0
0	0
0	0
0	0
0	0
0	0
0	0
0	0
0	0
0	0
0	0
0	0
10	0
10	1
0	0
0	0
0	0
0	0
0	0
0	0
0	0
0	0
0	0
0	0
0	0
0	0
0	0
0	0
0	0
0	0
0	0
0	0
0	0
0	0
2	0
0	0
0	0
0	0
0	0
0	0
0	0
0	0
0	0
0	0
0	0
0	0
0	0
0	0
0	0
0	0
0	0
0	0
1	0
0	0
0	0
0	0
0	0
0	0
0	0
0	0
0	0
0	0
0	0
0	0
0	0
0	0
0	0
0	0
0	0
0	0
0	0
0	0
1	48
0	0
0	0
0	0
0	0
0	0
0	0
0	0
0	0
0	0
0	0
0	0
0	0
0	0
0	0
7	35
0	0
0	0
0	0
0	0
0	0
0	0
0	7
0	0
0	0
0	0
0	0
0	0
0	0
0	0
0	0
0	0
0	0
0	0
0	0
0	0
0	0
0	0
0	0
0	0
0	0
0	0
0	0
0	0
0	0
0	0
0	0
0	0
0	0
0	3
0	0
0	0
0	0
0	0
0	0
0	0
0	0
0	707
0	0
0	0
0	0
0	0
0	0
0	0
0	0
0	0
0	0
0	0
0	0
0	0
0	0
0	0
0	0
0	0
0	0
0	0
0	0
0	0
0	0
0	0
0	0
0	0
0	0
0	0
6	0
0	0
0	0
0	0
0	0
0	0
0	0
0	0
0	0
0	0
0	0
0	0
0	0
0	0
0	359
2	6
0	0
0	0
0	0
0	0
0	0
0	0
0	0
0	0
0	0
0	0
5	4
0	0
0	0
0	0
0	0
0	0
0	0
0	0
0	0
0	0
0	0
0	0
0	0
0	0
0	0
0	0
0	0
0	0
0	0
0	0
0	0
0	0
0	0
0	0
0	0
0	0
1	0
0	6
0	0
0	0
0	0
0	0
0	0
0	0
0	0
0	0
0	0
0	0
0	0
0	0
0	0
0	0
0	0
0	0
0	0
0	0
0	0
0	0
0	0
0	0
0	0
0	0
0	0
0	0
0	0
10	0
0	0
0	0
0	0
0	0
0	0
0	0
0	0
0	0
0	0
0	0
0	0
0	0
0	0
0	0
0	0
0	0
0	0
0	0
0	0
0	0
0	0
0	0
0	0
0	0
2	0
0	0
0	0
0	0
0	0
0	0
1	0
0	0
0	0
0	0
0	0
0	0
0	0
0	0
0	0
0	0
0	0
0	0
0	0
0	0
0	0
0	0
0	0
0	0
0	0
0	0
0	0
0	0
0	0
0	0
0	1
0	0
0	0
0	0
0	0
0	0
0	0
2	0
0	0
0	0
0	0
0	0
0	0
0	0
0	0
0	0
0	0
0	0
0	0
0	0
0	0
0	0
0	0
0	0
0	0
0	0
0	0
0	0
0	0
0	0
0	0
0	0
15	27
0	0
0	0
0	0
0	0
0	0
0	0
0	0
0	0
0	0
0	0
0	0
0	0
0	0
0	0
0	0
0	0
0	0
0	0
0	0
0	0
0	0
0	0
0	0
1	3
0	0
0	0
0	0
0	0
0	0
0	0
0	0
0	0
0	0
0	0
0	0
0	0
0	0
0	0
0	0
0	0
0	0
0	0
0	0
0	0
0	0
0	0
0	0
0	0
0	0
0	0
0	0
0	0
0	0
0	0
0	0
0	0
0	0
0	0
0	0
0	0
0	0
0	0
0	0
0	0
0	0
0	0
0	0
0	0
0	0
0	0
0	0
0	0
0	0
0	0
0	0
0	0
0	0
0	0
0	0
0	0
0	0
0	0
0	0
0	0
0	0
0	0
0	0
0	0
0	0
0	0
0	0
0	0
0	0
0	51
0	0
0	0
0	0
0	186
0	0
0	0
0	0
11	25
0	0
0	0
0	6
0	0
0	0
0	29
0	0
0	0
0	0
0	0
0	0
0	0
0	0
0	4
0	0
0	0
0	12
0	0
0	0
1	1021
0	4
0	0
0	0
0	0
0	0
0	0
0	0
2	0
0	0
8	0
0	0
0	0
0	2
25	330
0	0
0	0
13	8
0	0
0	0
0	0
0	0
0	0
0	0
0	0
2	843
0	0
0	0
0	0
0	0
0	0
0	0
0	0
0	0
0	0
0	0
0	0
